signal_threshold,stop_loss_pct,level_1_pct,level_2_pct,level_3_pct,trail_callback,time_stop_seconds,time_stop_no_movement_pct,trades,win_rate,total_pnl_pct,payoff,profit_factor,expectancy_pct,max_dd_pct,net_pnl_pct,net_expectancy_pct,net_profit_factor
55.0,5.0,1.5,2.5,3.0,0.4,,0.4,62,88.7,28.74,0.23,1.82,0.464,5.0,23.78,0.384,1.67
55.0,5.0,1.5,2.5,4.5,0.4,,0.4,62,88.7,28.74,0.23,1.82,0.464,5.0,23.78,0.384,1.67
55.0,5.0,1.5,2.5,3.0,0.4,3600,0.2,62,88.7,28.15,0.23,1.8,0.454,5.41,23.19,0.374,1.65
55.0,5.0,1.5,2.5,4.5,0.4,3600,0.2,62,88.7,28.15,0.23,1.8,0.454,5.41,23.19,0.374,1.65
55.0,5.0,1.5,2.5,3.0,0.4,14400,0.2,62,88.7,28.1,0.23,1.8,0.453,5.47,23.14,0.373,1.65
55.0,5.0,1.5,2.5,3.0,0.4,14400,0.4,62,88.7,28.1,0.23,1.8,0.453,5.47,23.14,0.373,1.65
55.0,5.0,1.5,2.5,4.5,0.4,14400,0.2,62,88.7,28.1,0.23,1.8,0.453,5.47,23.14,0.373,1.65
55.0,5.0,1.5,2.5,4.5,0.4,14400,0.4,62,88.7,28.1,0.23,1.8,0.453,5.47,23.14,0.373,1.65
55.0,5.0,1.5,2.5,3.0,0.4,7200,0.2,62,88.7,28.04,0.23,1.8,0.452,5.31,23.08,0.372,1.65
55.0,5.0,1.5,2.5,3.0,0.4,7200,0.4,62,88.7,28.04,0.23,1.8,0.452,5.31,23.08,0.372,1.65
55.0,5.0,1.5,2.5,4.5,0.4,7200,0.2,62,88.7,28.04,0.23,1.8,0.452,5.31,23.08,0.372,1.65
55.0,5.0,1.5,2.5,4.5,0.4,7200,0.4,62,88.7,28.04,0.23,1.8,0.452,5.31,23.08,0.372,1.65
55.0,5.0,1.5,2.5,3.0,0.4,2400,0.2,62,88.7,27.45,0.23,1.78,0.443,5.41,22.49,0.363,1.63
55.0,5.0,1.5,2.5,4.5,0.4,2400,0.2,62,88.7,27.45,0.23,1.78,0.443,5.41,22.49,0.363,1.63
55.0,5.0,1.5,2.5,3.0,0.6,,0.4,61,88.5,26.05,0.23,1.74,0.427,5.0,21.17,0.347,1.6
55.0,5.0,1.5,2.5,4.5,0.6,,0.4,61,88.5,25.88,0.23,1.74,0.424,5.0,21.0,0.344,1.59
55.0,5.0,0.7,2.5,3.0,0.4,,0.4,62,88.7,26.05,0.25,1.93,0.42,5.0,21.09,0.34,1.73
55.0,5.0,0.7,2.5,4.5,0.4,,0.4,62,88.7,26.05,0.25,1.93,0.42,5.0,21.09,0.34,1.73
55.0,5.0,1.5,2.5,3.0,0.6,14400,0.2,61,88.5,25.65,0.22,1.73,0.42,5.34,20.77,0.34,1.58
55.0,5.0,1.5,2.5,3.0,0.6,14400,0.4,61,88.5,25.65,0.22,1.73,0.42,5.34,20.77,0.34,1.58
55.0,5.0,1.5,2.5,4.5,0.6,14400,0.2,61,88.5,25.56,0.22,1.73,0.419,5.34,20.67,0.339,1.58
55.0,5.0,1.5,2.5,4.5,0.6,14400,0.4,61,88.5,25.56,0.22,1.73,0.419,5.34,20.67,0.339,1.58
55.0,5.0,1.0,2.5,3.0,0.4,,0.4,62,88.7,25.81,0.22,1.74,0.416,5.56,20.85,0.336,1.59
55.0,5.0,1.0,2.5,4.5,0.4,,0.4,62,88.7,25.81,0.22,1.74,0.416,5.56,20.85,0.336,1.59
55.0,5.0,1.5,2.5,3.0,0.4,3600,0.4,63,84.1,26.11,0.33,1.75,0.414,5.41,21.07,0.334,1.59
55.0,5.0,1.5,2.5,4.5,0.4,3600,0.4,63,84.1,26.11,0.33,1.75,0.414,5.41,21.07,0.334,1.59
55.0,5.0,0.7,1.5,3.0,0.4,,0.4,62,88.7,25.13,0.24,1.89,0.405,5.0,20.17,0.325,1.7
55.0,5.0,0.7,1.5,4.5,0.4,,0.4,62,88.7,25.13,0.24,1.89,0.405,5.0,20.17,0.325,1.7
55.0,5.0,1.5,2.5,3.0,0.6,3600,0.2,61,88.5,24.54,0.22,1.7,0.402,5.53,19.66,0.322,1.55
55.0,5.0,1.5,2.5,4.5,0.6,3600,0.2,61,88.5,24.54,0.22,1.7,0.402,5.53,19.66,0.322,1.55
55.0,5.0,1.0,1.5,3.0,0.4,,0.4,62,88.7,24.89,0.22,1.71,0.401,5.91,19.93,0.321,1.56
55.0,5.0,1.0,1.5,4.5,0.4,,0.4,62,88.7,24.89,0.22,1.71,0.401,5.91,19.93,0.321,1.56
55.0,5.0,0.7,2.5,3.0,0.6,,0.4,61,88.5,24.22,0.24,1.86,0.397,5.0,19.34,0.317,1.67
55.0,5.0,1.5,2.5,4.5,0.6,7200,0.2,61,88.5,24.18,0.22,1.69,0.396,5.43,19.3,0.316,1.54
55.0,5.0,1.5,2.5,4.5,0.6,7200,0.4,61,88.5,24.18,0.22,1.69,0.396,5.43,19.3,0.316,1.54
55.0,5.0,1.5,2.5,3.0,0.6,2400,0.2,61,88.5,24.08,0.22,1.69,0.395,5.53,19.2,0.315,1.54
55.0,5.0,1.5,2.5,4.5,0.6,2400,0.2,61,88.5,24.08,0.22,1.69,0.395,5.53,19.2,0.315,1.54
55.0,5.0,0.7,2.5,4.5,0.6,,0.4,61,88.5,24.06,0.24,1.85,0.394,5.0,19.18,0.314,1.67
55.0,5.0,1.0,2.5,3.0,0.4,7200,0.2,62,88.7,24.43,0.22,1.7,0.394,6.72,19.47,0.314,1.55
55.0,5.0,1.0,2.5,3.0,0.4,7200,0.4,62,88.7,24.43,0.22,1.7,0.394,6.72,19.47,0.314,1.55
55.0,5.0,1.0,2.5,4.5,0.4,7200,0.2,62,88.7,24.43,0.22,1.7,0.394,6.72,19.47,0.314,1.55
55.0,5.0,1.0,2.5,4.5,0.4,7200,0.4,62,88.7,24.43,0.22,1.7,0.394,6.72,19.47,0.314,1.55
55.0,5.0,1.5,2.5,3.0,0.6,7200,0.2,61,88.5,24.06,0.22,1.69,0.394,5.43,19.18,0.314,1.54
55.0,5.0,1.5,2.5,3.0,0.6,7200,0.4,61,88.5,24.06,0.22,1.69,0.394,5.43,19.18,0.314,1.54
55.0,5.0,1.5,2.5,3.0,0.8,,0.4,59,88.1,23.11,0.22,1.66,0.392,5.17,18.39,0.312,1.52
55.0,5.0,1.0,2.5,3.0,0.6,,0.4,61,88.5,23.86,0.22,1.68,0.391,5.48,18.98,0.311,1.53
55.0,5.0,1.0,1.5,4.5,0.8,7200,0.2,61,88.5,23.77,0.22,1.68,0.39,6.72,18.89,0.31,1.53
55.0,5.0,1.0,1.5,4.5,0.8,7200,0.4,61,88.5,23.77,0.22,1.68,0.39,6.72,18.89,0.31,1.53
55.0,5.0,1.0,1.5,3.0,0.8,7200,0.2,61,88.5,23.7,0.22,1.68,0.389,6.72,18.82,0.309,1.53
55.0,5.0,1.0,1.5,3.0,0.8,7200,0.4,61,88.5,23.7,0.22,1.68,0.389,6.72,18.82,0.309,1.53
55.0,5.0,1.0,2.5,4.5,0.6,,0.4,61,88.5,23.7,0.22,1.68,0.389,5.48,18.82,0.309,1.53
55.0,5.0,0.7,2.5,3.0,0.4,7200,0.2,71,91.5,27.57,0.18,1.99,0.388,5.0,21.89,0.308,1.78
55.0,5.0,0.7,2.5,3.0,0.4,7200,0.4,71,91.5,27.57,0.18,1.99,0.388,5.0,21.89,0.308,1.78
55.0,5.0,0.7,2.5,4.5,0.4,7200,0.2,71,91.5,27.57,0.18,1.99,0.388,5.0,21.89,0.308,1.78
55.0,5.0,0.7,2.5,4.5,0.4,7200,0.4,71,91.5,27.57,0.18,1.99,0.388,5.0,21.89,0.308,1.78
55.0,5.0,1.5,2.5,3.0,0.4,1200,0.2,63,85.7,24.38,0.28,1.69,0.387,5.41,19.34,0.307,1.54
55.0,5.0,1.5,2.5,4.5,0.4,1200,0.2,63,85.7,24.38,0.28,1.69,0.387,5.41,19.34,0.307,1.54
55.0,5.0,1.5,2.5,4.5,0.8,,0.4,59,88.1,22.82,0.22,1.65,0.387,5.17,18.1,0.307,1.51
55.0,5.0,0.7,1.5,3.0,0.6,,0.4,61,88.5,23.56,0.24,1.84,0.386,5.0,18.68,0.306,1.65
55.0,5.0,0.7,2.5,3.0,0.4,14400,0.2,70,91.4,27.04,0.19,1.98,0.386,5.0,21.44,0.306,1.76
55.0,5.0,0.7,2.5,3.0,0.4,14400,0.4,70,91.4,27.04,0.19,1.98,0.386,5.0,21.44,0.306,1.76
55.0,5.0,0.7,2.5,4.5,0.4,14400,0.2,70,91.4,27.04,0.19,1.98,0.386,5.0,21.44,0.306,1.76
55.0,5.0,0.7,2.5,4.5,0.4,14400,0.4,70,91.4,27.04,0.19,1.98,0.386,5.0,21.44,0.306,1.76
55.0,5.0,1.0,1.5,3.0,0.4,7200,0.2,62,88.7,23.88,0.21,1.68,0.385,6.72,18.92,0.305,1.53
55.0,5.0,1.0,1.5,3.0,0.4,7200,0.4,62,88.7,23.88,0.21,1.68,0.385,6.72,18.92,0.305,1.53
55.0,5.0,1.0,1.5,4.5,0.4,7200,0.2,62,88.7,23.88,0.21,1.68,0.385,6.72,18.92,0.305,1.53
55.0,5.0,1.0,1.5,4.5,0.4,7200,0.4,62,88.7,23.88,0.21,1.68,0.385,6.72,18.92,0.305,1.53
55.0,5.0,0.7,1.5,4.5,0.6,,0.4,61,88.5,23.4,0.24,1.83,0.384,5.0,18.52,0.304,1.64
55.0,5.0,1.0,2.5,3.0,0.6,14400,0.2,61,88.5,23.41,0.22,1.67,0.384,6.63,18.53,0.304,1.52
55.0,5.0,1.0,2.5,3.0,0.6,14400,0.4,61,88.5,23.41,0.22,1.67,0.384,6.63,18.53,0.304,1.52
55.0,5.0,1.5,2.5,3.0,0.4,14400,0.8,64,87.5,24.58,0.24,1.7,0.384,5.47,19.45,0.304,1.55
55.0,5.0,1.5,2.5,3.0,0.8,14400,0.2,60,88.3,23.02,0.22,1.66,0.384,5.58,18.22,0.304,1.51
55.0,5.0,1.5,2.5,3.0,0.8,14400,0.4,60,88.3,23.02,0.22,1.66,0.384,5.58,18.22,0.304,1.51
55.0,5.0,1.5,2.5,4.5,0.4,14400,0.8,64,87.5,24.58,0.24,1.7,0.384,5.47,19.45,0.304,1.55
55.0,5.0,1.0,2.5,3.0,0.4,14400,0.2,62,88.7,23.7,0.21,1.68,0.382,6.88,18.74,0.302,1.53
55.0,5.0,1.0,2.5,3.0,0.4,14400,0.4,62,88.7,23.7,0.21,1.68,0.382,6.88,18.74,0.302,1.53
55.0,5.0,1.0,2.5,4.5,0.4,14400,0.2,62,88.7,23.7,0.21,1.68,0.382,6.88,18.74,0.302,1.53
55.0,5.0,1.0,2.5,4.5,0.4,14400,0.4,62,88.7,23.7,0.21,1.68,0.382,6.88,18.74,0.302,1.53
55.0,5.0,1.0,2.5,4.5,0.6,14400,0.2,61,88.5,23.32,0.22,1.67,0.382,6.63,18.44,0.302,1.52
55.0,5.0,1.0,2.5,4.5,0.6,14400,0.4,61,88.5,23.32,0.22,1.67,0.382,6.63,18.44,0.302,1.52
55.0,5.0,1.0,1.5,4.5,0.6,7200,0.2,61,88.5,23.24,0.22,1.66,0.381,6.72,18.36,0.301,1.52
55.0,5.0,1.0,1.5,4.5,0.6,7200,0.4,61,88.5,23.24,0.22,1.66,0.381,6.72,18.36,0.301,1.52
55.0,5.0,1.0,2.5,4.5,0.6,7200,0.2,61,88.5,23.22,0.22,1.66,0.381,6.72,18.34,0.301,1.52
55.0,5.0,1.0,2.5,4.5,0.6,7200,0.4,61,88.5,23.22,0.22,1.66,0.381,6.72,18.34,0.301,1.52
55.0,5.0,1.5,2.5,4.5,0.8,14400,0.2,60,88.3,22.83,0.22,1.65,0.38,5.58,18.03,0.301,1.51
55.0,5.0,1.5,2.5,4.5,0.8,14400,0.4,60,88.3,22.83,0.22,1.65,0.38,5.58,18.03,0.301,1.51
55.0,5.0,1.0,1.5,3.0,0.6,,0.4,61,88.5,23.2,0.22,1.66,0.38,5.9,18.32,0.3,1.52
55.0,5.0,0.7,2.5,3.0,0.6,14400,0.2,69,91.3,26.14,0.19,1.94,0.379,5.0,20.62,0.299,1.73
55.0,5.0,0.7,2.5,3.0,0.6,14400,0.4,69,91.3,26.14,0.19,1.94,0.379,5.0,20.62,0.299,1.73
55.0,5.0,1.0,1.5,3.0,0.6,7200,0.2,61,88.5,23.12,0.22,1.66,0.379,6.72,18.24,0.299,1.51
55.0,5.0,1.0,1.5,3.0,0.6,7200,0.4,61,88.5,23.12,0.22,1.66,0.379,6.72,18.24,0.299,1.51
55.0,5.0,1.0,2.5,3.0,0.6,7200,0.2,61,88.5,23.09,0.22,1.66,0.379,6.72,18.21,0.299,1.51
55.0,5.0,1.0,2.5,3.0,0.6,7200,0.4,61,88.5,23.09,0.22,1.66,0.379,6.72,18.21,0.299,1.51
55.0,5.0,1.0,2.5,4.5,0.8,7200,0.2,61,88.5,23.13,0.22,1.66,0.379,6.72,18.25,0.299,1.51
55.0,5.0,1.0,2.5,4.5,0.8,7200,0.4,61,88.5,23.13,0.22,1.66,0.379,6.72,18.25,0.299,1.51
55.0,5.0,0.7,2.5,4.5,0.6,14400,0.2,69,91.3,26.05,0.18,1.94,0.378,5.0,20.53,0.298,1.73
55.0,5.0,0.7,2.5,4.5,0.6,14400,0.4,69,91.3,26.05,0.18,1.94,0.378,5.0,20.53,0.298,1.73
55.0,5.0,1.0,1.5,4.5,0.6,,0.4,61,88.5,23.04,0.21,1.66,0.378,5.9,18.16,0.298,1.51
55.0,5.0,1.0,2.5,3.0,0.8,7200,0.2,61,88.5,23.05,0.22,1.66,0.378,6.72,18.17,0.298,1.51
55.0,5.0,1.0,2.5,3.0,0.8,7200,0.4,61,88.5,23.05,0.22,1.66,0.378,6.72,18.17,0.298,1.51
55.0,5.0,1.5,2.5,3.0,0.8,3600,0.2,60,88.3,22.69,0.22,1.65,0.378,5.65,17.89,0.298,1.5
55.0,5.0,1.5,2.5,4.5,0.8,3600,0.2,60,88.3,22.69,0.22,1.65,0.378,5.65,17.89,0.298,1.5
55.0,5.0,0.7,2.5,4.5,0.6,7200,0.2,70,91.4,26.19,0.18,1.94,0.374,5.0,20.59,0.294,1.73
55.0,5.0,0.7,2.5,4.5,0.6,7200,0.4,70,91.4,26.19,0.18,1.94,0.374,5.0,20.59,0.294,1.73
55.0,5.0,0.7,1.5,3.0,0.4,7200,0.2,71,91.5,26.52,0.18,1.96,0.374,5.0,20.84,0.293,1.74
55.0,5.0,0.7,1.5,3.0,0.4,7200,0.4,71,91.5,26.52,0.18,1.96,0.374,5.0,20.84,0.293,1.74
55.0,5.0,0.7,1.5,4.5,0.4,7200,0.2,71,91.5,26.52,0.18,1.96,0.374,5.0,20.84,0.293,1.74
55.0,5.0,0.7,1.5,4.5,0.4,7200,0.4,71,91.5,26.52,0.18,1.96,0.374,5.0,20.84,0.293,1.74
55.0,5.0,0.7,1.5,4.5,0.8,7200,0.2,70,91.4,26.1,0.18,1.94,0.373,5.0,20.49,0.293,1.73
55.0,5.0,0.7,1.5,4.5,0.8,7200,0.4,70,91.4,26.1,0.18,1.94,0.373,5.0,20.49,0.293,1.73
55.0,5.0,1.5,2.5,3.0,0.4,2400,0.4,66,83.3,24.65,0.34,1.69,0.373,5.53,19.36,0.293,1.53
55.0,5.0,1.5,2.5,4.5,0.4,2400,0.4,66,83.3,24.65,0.34,1.69,0.373,5.53,19.36,0.293,1.53
55.0,3.0,1.5,2.5,3.0,0.4,,0.4,79,82.3,29.4,0.37,1.7,0.372,7.1,23.08,0.292,1.54
55.0,3.0,1.5,2.5,4.5,0.4,,0.4,79,82.3,29.4,0.37,1.7,0.372,7.1,23.08,0.292,1.54
55.0,5.0,0.7,1.5,3.0,0.8,7200,0.2,70,91.4,26.02,0.18,1.94,0.372,5.0,20.42,0.292,1.72
55.0,5.0,0.7,1.5,3.0,0.8,7200,0.4,70,91.4,26.02,0.18,1.94,0.372,5.0,20.42,0.292,1.72
55.0,5.0,0.7,2.5,3.0,0.6,7200,0.2,70,91.4,26.06,0.18,1.94,0.372,5.0,20.46,0.292,1.73
55.0,5.0,0.7,2.5,3.0,0.6,7200,0.4,70,91.4,26.06,0.18,1.94,0.372,5.0,20.46,0.292,1.73
55.0,5.0,1.0,1.5,3.0,0.4,14400,0.2,62,88.7,23.07,0.21,1.66,0.372,6.79,18.11,0.292,1.51
55.0,5.0,1.0,1.5,3.0,0.4,14400,0.4,62,88.7,23.07,0.21,1.66,0.372,6.79,18.11,0.292,1.51
55.0,5.0,1.0,1.5,3.0,0.6,14400,0.2,61,88.5,22.7,0.21,1.65,0.372,6.69,17.82,0.292,1.5
55.0,5.0,1.0,1.5,3.0,0.6,14400,0.4,61,88.5,22.7,0.21,1.65,0.372,6.69,17.82,0.292,1.5
55.0,5.0,1.0,1.5,4.5,0.4,14400,0.2,62,88.7,23.07,0.21,1.66,0.372,6.79,18.11,0.292,1.51
55.0,5.0,1.0,1.5,4.5,0.4,14400,0.4,62,88.7,23.07,0.21,1.66,0.372,6.79,18.11,0.292,1.51
55.0,5.0,0.7,2.5,4.5,0.8,7200,0.2,70,91.4,25.94,0.18,1.94,0.371,5.0,20.34,0.291,1.72
55.0,5.0,0.7,2.5,4.5,0.8,7200,0.4,70,91.4,25.94,0.18,1.94,0.371,5.0,20.34,0.291,1.72
55.0,5.0,1.0,1.5,4.5,0.6,14400,0.2,61,88.5,22.61,0.21,1.65,0.371,6.69,17.73,0.291,1.5
55.0,5.0,1.0,1.5,4.5,0.6,14400,0.4,61,88.5,22.61,0.21,1.65,0.371,6.69,17.73,0.291,1.5
55.0,5.0,0.7,1.5,3.0,0.4,14400,0.2,70,91.4,25.9,0.18,1.93,0.37,5.0,20.3,0.29,1.72
55.0,5.0,0.7,1.5,3.0,0.4,14400,0.4,70,91.4,25.9,0.18,1.93,0.37,5.0,20.3,0.29,1.72
55.0,5.0,0.7,1.5,4.5,0.4,14400,0.2,70,91.4,25.9,0.18,1.93,0.37,5.0,20.3,0.29,1.72
55.0,5.0,0.7,1.5,4.5,0.4,14400,0.4,70,91.4,25.9,0.18,1.93,0.37,5.0,20.3,0.29,1.72
55.0,5.0,0.7,2.5,3.0,0.8,7200,0.2,70,91.4,25.87,0.18,1.93,0.37,5.0,20.27,0.29,1.72
55.0,5.0,0.7,2.5,3.0,0.8,7200,0.4,70,91.4,25.87,0.18,1.93,0.37,5.0,20.27,0.29,1.72
55.0,5.0,1.5,2.5,3.0,0.8,2400,0.2,60,88.3,22.22,0.22,1.63,0.37,5.65,17.42,0.29,1.49
55.0,5.0,1.5,2.5,4.5,0.8,2400,0.2,60,88.3,22.22,0.22,1.63,0.37,5.65,17.42,0.29,1.49
55.0,3.0,1.5,2.5,3.0,0.4,14400,0.2,79,82.3,29.07,0.36,1.69,0.368,7.1,22.75,0.288,1.53
55.0,3.0,1.5,2.5,3.0,0.4,14400,0.4,79,82.3,29.07,0.36,1.69,0.368,7.1,22.75,0.288,1.53
55.0,3.0,1.5,2.5,4.5,0.4,14400,0.2,79,82.3,29.07,0.36,1.69,0.368,7.1,22.75,0.288,1.53
55.0,3.0,1.5,2.5,4.5,0.4,14400,0.4,79,82.3,29.07,0.36,1.69,0.368,7.1,22.75,0.288,1.53
55.0,5.0,1.5,2.5,3.0,0.6,3600,0.4,62,83.9,22.82,0.32,1.65,0.368,5.53,17.86,0.288,1.5
55.0,5.0,1.5,2.5,4.5,0.6,3600,0.4,62,83.9,22.82,0.32,1.65,0.368,5.53,17.86,0.288,1.5
55.0,5.0,0.7,1.5,4.5,0.6,7200,0.2,70,91.4,25.72,0.18,1.93,0.367,5.0,20.12,0.287,1.71
55.0,5.0,0.7,1.5,4.5,0.6,7200,0.4,70,91.4,25.72,0.18,1.93,0.367,5.0,20.12,0.287,1.71
55.0,5.0,0.7,1.5,3.0,0.6,7200,0.2,70,91.4,25.59,0.18,1.92,0.366,5.0,19.99,0.286,1.71
55.0,5.0,0.7,1.5,3.0,0.6,7200,0.4,70,91.4,25.59,0.18,1.92,0.366,5.0,19.99,0.286,1.71
55.0,5.0,1.0,2.5,3.0,0.4,3600,0.2,62,88.7,22.69,0.21,1.65,0.366,7.1,17.73,0.286,1.5
55.0,5.0,1.0,2.5,4.5,0.4,3600,0.2,62,88.7,22.69,0.21,1.65,0.366,7.1,17.73,0.286,1.5
55.0,5.0,0.7,2.5,3.0,0.4,14400,0.8,70,90.0,25.57,0.21,1.92,0.365,5.0,19.98,0.285,1.71
55.0,5.0,0.7,2.5,4.5,0.4,14400,0.8,70,90.0,25.57,0.21,1.92,0.365,5.0,19.98,0.285,1.71
55.0,5.0,1.5,2.5,4.5,0.8,7200,0.2,60,88.3,21.87,0.21,1.62,0.364,5.55,17.07,0.285,1.48
55.0,5.0,1.5,2.5,4.5,0.8,7200,0.4,60,88.3,21.87,0.21,1.62,0.364,5.55,17.07,0.285,1.48
55.0,3.0,1.5,2.5,3.0,0.4,7200,0.2,79,82.3,28.75,0.36,1.68,0.364,7.1,22.43,0.284,1.52
55.0,3.0,1.5,2.5,3.0,0.4,7200,0.4,79,82.3,28.75,0.36,1.68,0.364,7.1,22.43,0.284,1.52
55.0,3.0,1.5,2.5,4.5,0.4,7200,0.2,79,82.3,28.75,0.36,1.68,0.364,7.1,22.43,0.284,1.52
55.0,3.0,1.5,2.5,4.5,0.4,7200,0.4,79,82.3,28.75,0.36,1.68,0.364,7.1,22.43,0.284,1.52
55.0,5.0,1.0,1.5,3.0,0.8,14400,0.2,60,88.3,21.78,0.21,1.62,0.363,6.74,16.98,0.283,1.48
55.0,5.0,1.0,1.5,3.0,0.8,14400,0.4,60,88.3,21.78,0.21,1.62,0.363,6.74,16.98,0.283,1.48
55.0,5.0,1.5,2.5,3.0,0.8,7200,0.2,60,88.3,21.8,0.21,1.62,0.363,5.55,17.0,0.283,1.48
55.0,5.0,1.5,2.5,3.0,0.8,7200,0.4,60,88.3,21.8,0.21,1.62,0.363,5.55,17.0,0.283,1.48
55.0,3.0,0.7,2.5,3.0,0.4,,0.4,79,82.3,28.53,0.4,1.86,0.361,4.34,22.21,0.281,1.65
55.0,3.0,0.7,2.5,4.5,0.4,,0.4,79,82.3,28.53,0.4,1.86,0.361,4.34,22.21,0.281,1.65
55.0,5.0,0.7,1.5,3.0,0.6,14400,0.2,69,91.3,24.92,0.18,1.9,0.361,5.0,19.4,0.281,1.69
55.0,5.0,0.7,1.5,3.0,0.6,14400,0.4,69,91.3,24.92,0.18,1.9,0.361,5.0,19.4,0.281,1.69
55.0,5.0,1.0,2.5,3.0,0.4,2400,0.2,62,88.7,22.38,0.21,1.64,0.361,7.1,17.42,0.281,1.49
55.0,5.0,1.0,2.5,3.0,0.8,14400,0.2,60,88.3,21.66,0.21,1.62,0.361,6.75,16.86,0.281,1.47
55.0,5.0,1.0,2.5,3.0,0.8,14400,0.4,60,88.3,21.66,0.21,1.62,0.361,6.75,16.86,0.281,1.47
55.0,5.0,1.0,2.5,4.5,0.4,2400,0.2,62,88.7,22.38,0.21,1.64,0.361,7.1,17.42,0.281,1.49
55.0,5.0,0.7,1.5,3.0,0.8,,0.4,59,88.1,21.25,0.24,1.75,0.36,5.0,16.53,0.28,1.58
55.0,5.0,0.7,1.5,4.5,0.6,14400,0.2,69,91.3,24.83,0.18,1.9,0.36,5.0,19.31,0.28,1.68
55.0,5.0,0.7,1.5,4.5,0.6,14400,0.4,69,91.3,24.83,0.18,1.9,0.36,5.0,19.31,0.28,1.68
55.0,5.0,1.0,1.5,4.5,0.8,14400,0.2,60,88.3,21.59,0.21,1.62,0.36,6.74,16.79,0.28,1.47
55.0,5.0,1.0,1.5,4.5,0.8,14400,0.4,60,88.3,21.59,0.21,1.62,0.36,6.74,16.79,0.28,1.47
55.0,5.0,0.7,2.5,3.0,0.8,14400,0.2,68,91.2,24.43,0.18,1.88,0.359,5.0,18.99,0.279,1.67
55.0,5.0,0.7,2.5,3.0,0.8,14400,0.4,68,91.2,24.43,0.18,1.88,0.359,5.0,18.99,0.279,1.67
55.0,5.0,1.0,1.5,3.0,0.4,2400,0.2,62,88.7,22.24,0.21,1.64,0.359,7.1,17.28,0.279,1.49
55.0,5.0,1.0,1.5,4.5,0.4,2400,0.2,62,88.7,22.24,0.21,1.64,0.359,7.1,17.28,0.279,1.49
55.0,5.0,0.7,2.5,3.0,0.6,14400,0.8,69,89.9,24.68,0.21,1.89,0.358,5.0,19.16,0.278,1.68
55.0,5.0,0.7,2.5,3.0,0.8,,0.4,59,88.1,21.14,0.24,1.75,0.358,5.0,16.42,0.278,1.57
55.0,5.0,1.0,1.5,3.0,0.4,3600,0.2,62,88.7,22.18,0.21,1.63,0.358,7.1,17.22,0.278,1.48
55.0,5.0,1.0,1.5,4.5,0.4,3600,0.2,62,88.7,22.18,0.21,1.63,0.358,7.1,17.22,0.278,1.48
55.0,5.0,1.0,2.5,4.5,0.8,14400,0.2,60,88.3,21.46,0.21,1.61,0.358,6.75,16.66,0.278,1.47
55.0,5.0,1.0,2.5,4.5,0.8,14400,0.4,60,88.3,21.46,0.21,1.61,0.358,6.75,16.66,0.278,1.47
55.0,3.0,1.5,2.5,3.0,0.4,3600,0.2,79,82.3,28.2,0.36,1.67,0.357,7.1,21.88,0.277,1.51
55.0,3.0,1.5,2.5,3.0,0.4,14400,0.8,81,82.7,28.89,0.36,1.74,0.357,7.95,22.41,0.277,1.56
55.0,3.0,1.5,2.5,4.5,0.4,3600,0.2,79,82.3,28.2,0.36,1.67,0.357,7.1,21.88,0.277,1.51
55.0,3.0,1.5,2.5,4.5,0.4,14400,0.8,81,82.7,28.89,0.36,1.74,0.357,7.95,22.41,0.277,1.56
55.0,5.0,0.7,2.5,4.5,0.6,14400,0.8,69,89.9,24.59,0.21,1.89,0.356,5.0,19.07,0.276,1.67
55.0,5.0,0.7,2.5,4.5,0.8,14400,0.2,68,91.2,24.24,0.18,1.87,0.356,5.0,18.8,0.276,1.67
55.0,5.0,0.7,2.5,4.5,0.8,14400,0.4,68,91.2,24.24,0.18,1.87,0.356,5.0,18.8,0.276,1.67
55.0,5.0,0.7,1.5,3.0,0.8,14400,0.2,68,91.2,24.13,0.18,1.87,0.355,5.0,18.68,0.275,1.66
55.0,5.0,0.7,1.5,3.0,0.8,14400,0.4,68,91.2,24.13,0.18,1.87,0.355,5.0,18.68,0.275,1.66
55.0,5.0,0.7,1.5,4.5,0.8,,0.4,59,88.1,20.97,0.23,1.74,0.355,5.0,16.25,0.275,1.57
55.0,5.0,0.7,2.5,4.5,0.8,,0.4,59,88.1,20.86,0.23,1.74,0.354,5.0,16.14,0.274,1.56
55.0,5.0,1.5,2.5,3.0,0.6,14400,0.8,63,87.3,22.31,0.24,1.64,0.354,5.35,17.27,0.274,1.48
55.0,4.0,1.5,2.5,3.0,0.4,1200,0.4,94,75.5,33.21,0.73,2.25,0.353,4.0,25.69,0.273,1.91
55.0,4.0,1.5,2.5,3.0,0.6,1200,0.4,93,75.3,32.86,0.74,2.24,0.353,4.0,25.42,0.273,1.9
55.0,4.0,1.5,2.5,4.5,0.4,1200,0.4,94,75.5,33.21,0.73,2.25,0.353,4.0,25.69,0.273,1.91
55.0,4.0,1.5,2.5,4.5,0.6,1200,0.4,93,75.3,32.86,0.74,2.24,0.353,4.0,25.42,0.273,1.9
55.0,5.0,1.5,2.5,4.5,0.6,14400,0.8,63,87.3,22.22,0.24,1.63,0.353,5.35,17.18,0.273,1.48
55.0,5.0,0.7,1.5,4.5,0.8,14400,0.2,68,91.2,23.93,0.18,1.86,0.352,5.0,18.49,0.272,1.66
55.0,5.0,0.7,1.5,4.5,0.8,14400,0.4,68,91.2,23.93,0.18,1.86,0.352,5.0,18.49,0.272,1.66
55.0,5.0,1.0,1.5,3.0,0.8,,0.4,59,88.1,20.65,0.21,1.59,0.35,6.05,15.93,0.27,1.45
55.0,5.0,0.7,1.5,3.0,0.4,14400,0.8,70,90.0,24.43,0.21,1.88,0.349,5.0,18.83,0.269,1.67
55.0,5.0,0.7,1.5,4.5,0.4,14400,0.8,70,90.0,24.43,0.21,1.88,0.349,5.0,18.83,0.269,1.67
55.0,5.0,1.5,2.5,3.0,0.8,3600,0.4,61,83.6,21.29,0.32,1.61,0.349,5.65,16.4,0.269,1.46
55.0,5.0,1.5,2.5,4.5,0.8,3600,0.4,61,83.6,21.29,0.32,1.61,0.349,5.65,16.4,0.269,1.46
55.0,3.0,0.7,1.5,3.0,0.4,,0.4,79,82.3,27.5,0.39,1.83,0.348,4.34,21.18,0.268,1.62
55.0,3.0,0.7,1.5,4.5,0.4,,0.4,79,82.3,27.5,0.39,1.83,0.348,4.34,21.18,0.268,1.62
55.0,3.0,1.0,2.5,3.0,0.4,,0.4,79,82.3,27.45,0.36,1.65,0.347,7.06,21.13,0.268,1.49
55.0,3.0,1.0,2.5,4.5,0.4,,0.4,79,82.3,27.45,0.36,1.65,0.347,7.06,21.13,0.268,1.49
55.0,3.0,1.5,2.5,3.0,0.4,1200,0.4,97,74.2,33.77,0.79,2.28,0.348,3.18,26.01,0.268,1.91
55.0,3.0,1.5,2.5,3.0,0.4,2400,0.2,79,82.3,27.5,0.36,1.65,0.348,7.1,21.18,0.268,1.49
55.0,3.0,1.5,2.5,4.5,0.4,1200,0.4,97,74.2,33.77,0.79,2.28,0.348,3.18,26.01,0.268,1.91
55.0,3.0,1.5,2.5,4.5,0.4,2400,0.2,79,82.3,27.5,0.36,1.65,0.348,7.1,21.18,0.268,1.49
55.0,5.0,1.0,2.5,3.0,0.8,,0.4,59,88.1,20.55,0.21,1.59,0.348,5.77,15.82,0.268,1.45
55.0,3.0,1.5,2.5,3.0,0.6,,0.4,78,82.1,26.95,0.36,1.64,0.346,7.38,20.71,0.266,1.48
55.0,5.0,1.0,1.5,4.5,0.8,,0.4,59,88.1,20.37,0.21,1.58,0.345,6.05,15.65,0.265,1.44
55.0,5.0,1.5,2.5,3.0,0.6,1200,0.2,62,85.5,21.41,0.27,1.61,0.345,5.53,16.45,0.265,1.46
55.0,5.0,1.5,2.5,4.5,0.6,1200,0.2,62,85.5,21.41,0.27,1.61,0.345,5.53,16.45,0.265,1.46
55.0,3.0,0.7,2.5,3.0,0.6,,0.4,78,82.1,26.74,0.4,1.81,0.343,4.8,20.5,0.263,1.6
55.0,3.0,1.0,2.5,3.0,0.4,7200,0.2,79,82.3,27.13,0.35,1.65,0.343,7.06,20.81,0.263,1.48
55.0,3.0,1.0,2.5,3.0,0.4,7200,0.4,79,82.3,27.13,0.35,1.65,0.343,7.06,20.81,0.263,1.48
55.0,3.0,1.0,2.5,4.5,0.4,7200,0.2,79,82.3,27.13,0.35,1.65,0.343,7.06,20.81,0.263,1.48
55.0,3.0,1.0,2.5,4.5,0.4,7200,0.4,79,82.3,27.13,0.35,1.65,0.343,7.06,20.81,0.263,1.48
55.0,3.0,1.5,2.5,3.0,0.4,2400,0.4,87,75.9,29.8,0.57,1.8,0.343,5.24,22.84,0.263,1.59
55.0,3.0,1.5,2.5,4.5,0.4,2400,0.4,87,75.9,29.8,0.57,1.8,0.343,5.24,22.84,0.263,1.59
55.0,4.0,1.5,2.5,3.0,0.4,2400,0.4,80,80.0,27.43,0.43,1.74,0.343,4.0,21.03,0.263,1.55
55.0,4.0,1.5,2.5,4.5,0.4,2400,0.4,80,80.0,27.43,0.43,1.74,0.343,4.0,21.03,0.263,1.55
55.0,5.0,1.0,2.5,4.5,0.8,,0.4,59,88.1,20.26,0.21,1.58,0.343,5.77,15.54,0.263,1.44
55.0,3.0,1.5,2.5,4.5,0.6,,0.4,78,82.1,26.7,0.36,1.64,0.342,7.38,20.46,0.262,1.47
55.0,4.0,1.5,2.5,3.0,0.8,1200,0.4,92,75.0,31.47,0.73,2.19,0.342,4.0,24.11,0.262,1.85
55.0,4.0,1.5,2.5,4.5,0.8,1200,0.4,92,75.0,31.47,0.73,2.19,0.342,4.0,24.11,0.262,1.85
55.0,3.0,0.7,2.5,4.5,0.6,,0.4,78,82.1,26.49,0.39,1.8,0.34,4.8,20.25,0.26,1.59
55.0,5.0,0.7,1.5,3.0,0.6,14400,0.8,69,89.9,23.46,0.21,1.85,0.34,5.0,17.94,0.26,1.63
55.0,5.0,0.7,1.5,4.5,0.6,14400,0.8,69,89.9,23.37,0.21,1.84,0.339,5.0,17.85,0.259,1.63
55.0,5.0,1.0,1.5,3.0,0.8,2400,0.2,61,88.5,20.66,0.21,1.59,0.339,7.1,15.78,0.259,1.44
55.0,5.0,1.0,1.5,4.5,0.8,2400,0.2,61,88.5,20.66,0.21,1.59,0.339,7.1,15.78,0.259,1.44
55.0,3.0,1.5,2.5,3.0,0.6,14400,0.2,78,82.1,26.33,0.36,1.63,0.338,7.26,20.09,0.258,1.47
55.0,3.0,1.5,2.5,3.0,0.6,14400,0.4,78,82.1,26.33,0.36,1.63,0.338,7.26,20.09,0.258,1.47
55.0,5.0,0.7,2.5,3.0,0.8,14400,0.8,68,89.7,22.97,0.21,1.83,0.338,5.0,17.53,0.258,1.62
55.0,5.0,1.0,1.5,3.0,0.6,2400,0.2,61,88.5,20.56,0.21,1.59,0.337,7.1,15.68,0.257,1.44
55.0,5.0,1.0,1.5,4.5,0.6,2400,0.2,61,88.5,20.56,0.21,1.59,0.337,7.1,15.68,0.257,1.44
55.0,3.0,1.0,2.5,3.0,0.4,14400,0.2,79,82.3,26.53,0.35,1.63,0.336,7.06,20.21,0.256,1.47
55.0,3.0,1.0,2.5,3.0,0.4,14400,0.4,79,82.3,26.53,0.35,1.63,0.336,7.06,20.21,0.256,1.47
55.0,3.0,1.0,2.5,4.5,0.4,14400,0.2,79,82.3,26.53,0.35,1.63,0.336,7.06,20.21,0.256,1.47
55.0,3.0,1.0,2.5,4.5,0.4,14400,0.4,79,82.3,26.53,0.35,1.63,0.336,7.06,20.21,0.256,1.47
55.0,3.0,1.5,2.5,4.5,0.6,14400,0.2,78,82.1,26.24,0.36,1.62,0.336,7.26,20.0,0.256,1.46
55.0,3.0,1.5,2.5,4.5,0.6,14400,0.4,78,82.1,26.24,0.36,1.62,0.336,7.26,20.0,0.256,1.46
55.0,3.0,1.5,2.5,3.0,0.8,,0.4,76,81.6,25.43,0.36,1.61,0.335,7.27,19.35,0.255,1.45
55.0,5.0,0.7,2.5,4.5,0.8,14400,0.8,68,89.7,22.78,0.21,1.82,0.335,5.0,17.34,0.255,1.61
55.0,5.0,1.0,2.5,3.0,0.6,2400,0.2,61,88.5,20.42,0.21,1.58,0.335,7.1,15.53,0.255,1.44
55.0,5.0,1.0,2.5,4.5,0.6,2400,0.2,61,88.5,20.42,0.21,1.58,0.335,7.1,15.53,0.255,1.44
55.0,3.0,0.7,2.5,3.0,0.8,,0.4,76,81.6,25.35,0.4,1.77,0.334,4.57,19.27,0.254,1.56
55.0,3.0,1.0,1.5,3.0,0.4,,0.4,79,82.3,26.42,0.35,1.63,0.334,7.06,20.1,0.254,1.47
55.0,3.0,1.0,1.5,4.5,0.4,,0.4,79,82.3,26.42,0.35,1.63,0.334,7.06,20.1,0.254,1.47
55.0,5.0,0.7,1.5,3.0,0.8,14400,0.8,68,89.7,22.66,0.21,1.82,0.333,5.0,17.22,0.253,1.61
55.0,5.0,0.7,2.5,3.0,0.4,3600,0.2,72,91.7,23.99,0.17,1.87,0.333,5.0,18.23,0.253,1.65
55.0,5.0,0.7,2.5,4.5,0.4,3600,0.2,72,91.7,23.99,0.17,1.87,0.333,5.0,18.23,0.253,1.65
55.0,3.0,0.7,1.5,3.0,0.6,,0.4,78,82.1,25.9,0.39,1.78,0.332,4.49,19.66,0.252,1.57
55.0,3.0,1.0,1.5,3.0,0.4,7200,0.2,79,82.3,26.19,0.35,1.62,0.332,7.06,19.87,0.252,1.46
55.0,3.0,1.0,1.5,3.0,0.4,7200,0.4,79,82.3,26.19,0.35,1.62,0.332,7.06,19.87,0.252,1.46
55.0,3.0,1.0,1.5,4.5,0.4,7200,0.2,79,82.3,26.19,0.35,1.62,0.332,7.06,19.87,0.252,1.46
55.0,3.0,1.0,1.5,4.5,0.4,7200,0.4,79,82.3,26.19,0.35,1.62,0.332,7.06,19.87,0.252,1.46
55.0,3.0,1.5,2.5,3.0,0.6,1200,0.4,96,74.0,31.86,0.78,2.2,0.332,3.18,24.18,0.252,1.85
55.0,3.0,1.5,2.5,4.5,0.6,1200,0.4,96,74.0,31.86,0.78,2.2,0.332,3.18,24.18,0.252,1.85
55.0,3.0,1.5,2.5,4.5,0.8,,0.4,76,81.6,25.2,0.36,1.6,0.332,7.27,19.12,0.252,1.44
55.0,3.0,0.7,2.5,4.5,0.8,,0.4,76,81.6,25.12,0.4,1.76,0.331,4.57,19.04,0.251,1.56
55.0,3.0,1.0,2.5,3.0,0.4,14400,0.8,81,82.7,26.83,0.35,1.69,0.331,7.42,20.35,0.251,1.51
55.0,3.0,1.0,2.5,4.5,0.4,14400,0.8,81,82.7,26.83,0.35,1.69,0.331,7.42,20.35,0.251,1.51
55.0,5.0,1.0,2.5,3.0,0.6,3600,0.2,61,88.5,20.19,0.2,1.58,0.331,7.1,15.31,0.251,1.43
55.0,5.0,1.0,2.5,3.0,0.8,2400,0.2,61,88.5,20.19,0.2,1.58,0.331,7.1,15.31,0.251,1.43
55.0,5.0,1.0,2.5,4.5,0.6,3600,0.2,61,88.5,20.19,0.2,1.58,0.331,7.1,15.31,0.251,1.43
55.0,5.0,1.0,2.5,4.5,0.8,2400,0.2,61,88.5,20.19,0.2,1.58,0.331,7.1,15.31,0.251,1.43
55.0,5.0,0.7,1.5,4.5,0.8,14400,0.8,68,89.7,22.47,0.21,1.81,0.33,5.0,17.03,0.25,1.6
55.0,5.0,1.0,1.5,3.0,0.6,3600,0.2,61,88.5,20.1,0.2,1.57,0.33,7.1,15.22,0.25,1.43
55.0,5.0,1.0,1.5,4.5,0.6,3600,0.2,61,88.5,20.1,0.2,1.57,0.33,7.1,15.22,0.25,1.43
55.0,3.0,0.7,1.5,4.5,0.6,,0.4,78,82.1,25.65,0.39,1.77,0.329,4.49,19.41,0.249,1.57
55.0,3.0,1.5,2.5,3.0,0.6,14400,0.8,80,82.5,26.35,0.36,1.68,0.329,8.4,19.95,0.249,1.5
55.0,5.0,1.5,2.5,3.0,0.6,2400,0.4,65,83.1,21.4,0.33,1.6,0.329,5.65,16.2,0.249,1.45
55.0,5.0,1.5,2.5,4.5,0.6,2400,0.4,65,83.1,21.4,0.33,1.6,0.329,5.65,16.2,0.249,1.45
55.0,3.0,0.7,2.5,3.0,0.4,14400,0.2,86,84.9,28.19,0.32,1.82,0.328,4.82,21.31,0.248,1.6
55.0,3.0,0.7,2.5,3.0,0.4,14400,0.4,86,84.9,28.19,0.32,1.82,0.328,4.82,21.31,0.248,1.6
55.0,3.0,0.7,2.5,4.5,0.4,14400,0.2,86,84.9,28.19,0.32,1.82,0.328,4.82,21.31,0.248,1.6
55.0,3.0,0.7,2.5,4.5,0.4,14400,0.4,86,84.9,28.19,0.32,1.82,0.328,4.82,21.31,0.248,1.6
55.0,3.0,1.5,2.5,4.5,0.6,14400,0.8,80,82.5,26.26,0.35,1.67,0.328,8.4,19.85,0.248,1.49
55.0,5.0,1.0,2.5,3.0,0.6,14400,0.8,63,87.3,20.67,0.23,1.59,0.328,6.63,15.63,0.248,1.44
55.0,3.0,1.0,2.5,3.0,0.6,,0.4,78,82.1,25.54,0.35,1.61,0.327,7.06,19.3,0.247,1.45
55.0,5.0,1.0,1.5,3.0,0.8,3600,0.2,61,88.5,19.95,0.2,1.57,0.327,7.1,15.07,0.247,1.42
55.0,5.0,1.0,1.5,4.5,0.8,3600,0.2,61,88.5,19.95,0.2,1.57,0.327,7.1,15.07,0.247,1.42
55.0,5.0,1.0,2.5,3.0,0.4,14400,0.8,64,87.5,20.96,0.23,1.6,0.328,6.88,15.84,0.247,1.44
55.0,5.0,1.0,2.5,4.5,0.4,14400,0.8,64,87.5,20.96,0.23,1.6,0.328,6.88,15.84,0.247,1.44
55.0,5.0,1.0,2.5,4.5,0.6,14400,0.8,63,87.3,20.58,0.23,1.59,0.327,6.63,15.54,0.247,1.44
55.0,5.0,1.5,2.5,3.0,0.8,1200,0.2,61,85.2,19.94,0.27,1.57,0.327,5.65,15.06,0.247,1.42
55.0,5.0,1.5,2.5,4.5,0.8,1200,0.2,61,85.2,19.94,0.27,1.57,0.327,5.65,15.06,0.247,1.42
55.0,3.0,1.0,1.5,4.5,0.8,7200,0.2,78,82.1,25.44,0.35,1.61,0.326,6.98,19.2,0.246,1.45
55.0,3.0,1.0,1.5,4.5,0.8,7200,0.4,78,82.1,25.44,0.35,1.61,0.326,6.98,19.2,0.246,1.45
55.0,3.0,1.5,2.5,3.0,0.8,1200,0.4,95,73.7,30.93,0.77,2.17,0.326,3.18,23.33,0.246,1.82
55.0,3.0,1.5,2.5,4.5,0.8,1200,0.4,95,73.7,30.93,0.77,2.17,0.326,3.18,23.33,0.246,1.82
55.0,3.0,1.0,1.5,3.0,0.8,7200,0.2,78,82.1,25.37,0.35,1.6,0.325,6.98,19.13,0.245,1.44
55.0,3.0,1.0,1.5,3.0,0.8,7200,0.4,78,82.1,25.37,0.35,1.6,0.325,6.98,19.13,0.245,1.44
55.0,5.0,1.0,2.5,3.0,0.4,3600,0.4,63,84.1,20.5,0.3,1.59,0.325,7.1,15.46,0.245,1.43
55.0,5.0,1.0,2.5,4.5,0.4,3600,0.4,63,84.1,20.5,0.3,1.59,0.325,7.1,15.46,0.245,1.43
55.0,3.0,1.0,2.5,4.5,0.6,7200,0.2,78,82.1,25.28,0.35,1.6,0.324,6.88,19.04,0.244,1.44
55.0,3.0,1.0,2.5,4.5,0.6,7200,0.4,78,82.1,25.28,0.35,1.6,0.324,6.88,19.04,0.244,1.44
55.0,3.0,1.0,2.5,4.5,0.6,,0.4,78,82.1,25.29,0.35,1.6,0.324,7.06,19.05,0.244,1.44
55.0,5.0,0.7,1.5,3.0,0.4,3600,0.2,72,91.7,23.34,0.17,1.84,0.324,5.0,17.58,0.244,1.62
55.0,5.0,0.7,1.5,4.5,0.4,3600,0.2,72,91.7,23.34,0.17,1.84,0.324,5.0,17.58,0.244,1.62
55.0,3.0,1.0,2.5,3.0,0.6,7200,0.2,78,82.1,25.16,0.35,1.6,0.323,6.88,18.92,0.243,1.44
55.0,3.0,1.0,2.5,3.0,0.6,7200,0.4,78,82.1,25.16,0.35,1.6,0.323,6.88,18.92,0.243,1.44
55.0,3.0,1.5,2.5,3.0,0.4,3600,0.4,80,78.8,25.88,0.44,1.62,0.324,7.1,19.47,0.243,1.45
55.0,3.0,1.5,2.5,4.5,0.4,3600,0.4,80,78.8,25.88,0.44,1.62,0.324,7.1,19.47,0.243,1.45
55.0,5.0,1.0,2.5,3.0,0.8,3600,0.2,61,88.5,19.72,0.2,1.56,0.323,7.1,14.84,0.243,1.42
55.0,5.0,1.0,2.5,4.5,0.8,3600,0.2,61,88.5,19.72,0.2,1.56,0.323,7.1,14.84,0.243,1.42
55.0,3.0,1.0,1.5,3.0,0.4,14400,0.2,79,82.3,25.4,0.35,1.6,0.322,7.06,19.08,0.242,1.44
55.0,3.0,1.0,1.5,3.0,0.4,14400,0.4,79,82.3,25.4,0.35,1.6,0.322,7.06,19.08,0.242,1.44
55.0,3.0,1.0,1.5,4.5,0.4,14400,0.2,79,82.3,25.4,0.35,1.6,0.322,7.06,19.08,0.242,1.44
55.0,3.0,1.0,1.5,4.5,0.4,14400,0.4,79,82.3,25.4,0.35,1.6,0.322,7.06,19.08,0.242,1.44
55.0,3.0,1.0,1.5,4.5,0.6,7200,0.2,78,82.1,25.14,0.35,1.6,0.322,6.86,18.9,0.242,1.44
55.0,3.0,1.0,1.5,4.5,0.6,7200,0.4,78,82.1,25.14,0.35,1.6,0.322,6.86,18.9,0.242,1.44
55.0,3.0,1.5,2.5,3.0,0.6,3600,0.2,78,82.1,25.14,0.35,1.6,0.322,7.08,18.9,0.242,1.44
55.0,3.0,1.5,2.5,4.5,0.6,3600,0.2,78,82.1,25.14,0.35,1.6,0.322,7.08,18.9,0.242,1.44
55.0,3.0,1.5,2.5,4.5,0.6,7200,0.2,78,82.1,25.11,0.35,1.6,0.322,7.08,18.87,0.242,1.44
55.0,3.0,1.5,2.5,4.5,0.6,7200,0.4,78,82.1,25.11,0.35,1.6,0.322,7.08,18.87,0.242,1.44
55.0,3.0,1.0,1.5,3.0,0.6,7200,0.2,78,82.1,25.02,0.35,1.6,0.321,6.86,18.78,0.241,1.44
55.0,3.0,1.0,1.5,3.0,0.6,7200,0.4,78,82.1,25.02,0.35,1.6,0.321,6.86,18.78,0.241,1.44
55.0,5.0,1.5,2.5,3.0,0.8,14400,0.8,62,87.1,19.89,0.23,1.57,0.321,5.58,14.93,0.241,1.42
55.0,3.0,1.5,2.5,3.0,0.6,7200,0.2,78,82.1,24.98,0.35,1.59,0.32,7.08,18.74,0.24,1.43
55.0,3.0,1.5,2.5,3.0,0.6,7200,0.4,78,82.1,24.98,0.35,1.59,0.32,7.08,18.74,0.24,1.43
55.0,4.0,1.5,2.5,3.0,0.6,2400,0.4,79,79.7,25.25,0.43,1.68,0.32,4.0,18.93,0.24,1.49
55.0,4.0,1.5,2.5,4.5,0.6,2400,0.4,79,79.7,25.25,0.43,1.68,0.32,4.0,18.93,0.24,1.49
55.0,3.0,1.0,2.5,3.0,0.6,14400,0.2,78,82.1,24.87,0.35,1.59,0.319,7.06,18.63,0.239,1.43
55.0,3.0,1.0,2.5,3.0,0.6,14400,0.4,78,82.1,24.87,0.35,1.59,0.319,7.06,18.63,0.239,1.43
55.0,3.0,1.0,2.5,4.5,0.8,7200,0.2,78,82.1,24.88,0.35,1.59,0.319,7.0,18.64,0.239,1.43
55.0,3.0,1.0,2.5,4.5,0.8,7200,0.4,78,82.1,24.88,0.35,1.59,0.319,7.0,18.64,0.239,1.43
55.0,3.0,1.0,1.5,3.0,0.4,14400,0.8,81,82.7,25.76,0.35,1.66,0.318,7.42,19.28,0.238,1.48
55.0,3.0,1.0,1.5,4.5,0.4,14400,0.8,81,82.7,25.76,0.35,1.66,0.318,7.42,19.28,0.238,1.48
55.0,3.0,1.0,2.5,3.0,0.8,7200,0.2,78,82.1,24.8,0.35,1.59,0.318,7.0,18.56,0.238,1.43
55.0,3.0,1.0,2.5,3.0,0.8,7200,0.4,78,82.1,24.8,0.35,1.59,0.318,7.0,18.56,0.238,1.43
55.0,3.0,1.0,2.5,4.5,0.6,14400,0.2,78,82.1,24.78,0.35,1.59,0.318,7.06,18.54,0.238,1.43
55.0,3.0,1.0,2.5,4.5,0.6,14400,0.4,78,82.1,24.78,0.35,1.59,0.318,7.06,18.54,0.238,1.43
55.0,5.0,1.0,1.5,3.0,0.4,14400,0.8,64,87.5,20.38,0.23,1.58,0.318,6.79,15.26,0.238,1.43
55.0,5.0,1.0,1.5,3.0,0.6,14400,0.8,63,87.3,20.02,0.23,1.57,0.318,6.69,14.98,0.238,1.42
55.0,5.0,1.0,1.5,4.5,0.4,14400,0.8,64,87.5,20.38,0.23,1.58,0.318,6.79,15.26,0.238,1.43
55.0,5.0,1.5,2.5,4.5,0.8,14400,0.8,62,87.1,19.7,0.23,1.56,0.318,5.58,14.74,0.238,1.41
55.0,3.0,0.7,1.5,3.0,0.8,,0.4,76,81.6,24.13,0.39,1.73,0.318,4.38,18.05,0.237,1.53
55.0,3.0,1.0,1.5,3.0,0.6,,0.4,78,82.1,24.7,0.35,1.59,0.317,6.93,18.46,0.237,1.43
55.0,3.0,1.0,2.5,3.0,0.4,3600,0.2,79,82.3,25.01,0.34,1.6,0.317,7.06,18.69,0.237,1.43
55.0,3.0,1.0,2.5,4.5,0.4,3600,0.2,79,82.3,25.01,0.34,1.6,0.317,7.06,18.69,0.237,1.43
55.0,3.0,1.5,2.5,3.0,0.6,2400,0.2,78,82.1,24.68,0.35,1.59,0.316,7.08,18.44,0.236,1.43
55.0,3.0,1.5,2.5,4.5,0.6,2400,0.2,78,82.1,24.68,0.35,1.59,0.316,7.08,18.44,0.236,1.43
55.0,5.0,1.0,1.5,3.0,0.4,3600,0.4,63,84.1,19.89,0.3,1.57,0.316,7.1,14.85,0.236,1.41
55.0,5.0,1.0,1.5,4.5,0.4,3600,0.4,63,84.1,19.89,0.3,1.57,0.316,7.1,14.85,0.236,1.41
55.0,5.0,1.0,1.5,4.5,0.6,14400,0.8,63,87.3,19.93,0.23,1.57,0.316,6.69,14.89,0.236,1.42
55.0,3.0,1.0,2.5,3.0,0.6,14400,0.8,80,82.5,25.17,0.35,1.65,0.315,7.65,18.77,0.235,1.47
55.0,3.0,1.0,2.5,3.0,0.8,,0.4,76,81.6,23.91,0.35,1.57,0.315,7.3,17.83,0.235,1.41
55.0,3.0,0.7,1.5,4.5,0.8,,0.4,76,81.6,23.9,0.39,1.72,0.314,4.38,17.81,0.234,1.52
55.0,3.0,0.7,2.5,3.0,0.4,7200,0.2,88,85.2,27.66,0.31,1.8,0.314,4.66,20.62,0.234,1.58
55.0,3.0,0.7,2.5,3.0,0.4,7200,0.4,88,85.2,27.66,0.31,1.8,0.314,4.66,20.62,0.234,1.58
55.0,3.0,0.7,2.5,4.5,0.4,7200,0.2,88,85.2,27.66,0.31,1.8,0.314,4.66,20.62,0.234,1.58
55.0,3.0,0.7,2.5,4.5,0.4,7200,0.4,88,85.2,27.66,0.31,1.8,0.314,4.66,20.62,0.234,1.58
55.0,3.0,1.0,2.5,3.0,0.4,2400,0.2,79,82.3,24.84,0.34,1.59,0.314,6.76,18.52,0.234,1.43
55.0,3.0,1.0,2.5,4.5,0.4,2400,0.2,79,82.3,24.84,0.34,1.59,0.314,6.76,18.52,0.234,1.43
55.0,3.0,1.0,1.5,3.0,0.4,2400,0.2,79,82.3,24.72,0.34,1.59,0.313,6.76,18.4,0.233,1.43
55.0,3.0,1.0,1.5,4.5,0.4,2400,0.2,79,82.3,24.72,0.34,1.59,0.313,6.76,18.4,0.233,1.43
55.0,3.0,1.0,1.5,4.5,0.6,,0.4,78,82.1,24.45,0.35,1.58,0.313,6.93,18.21,0.233,1.42
55.0,3.0,1.0,2.5,4.5,0.6,14400,0.8,80,82.5,25.08,0.35,1.64,0.314,7.65,18.68,0.233,1.47
55.0,5.0,0.7,2.5,3.0,0.6,3600,0.2,71,91.5,22.26,0.17,1.8,0.314,5.0,16.58,0.233,1.59
55.0,5.0,0.7,2.5,4.5,0.6,3600,0.2,71,91.5,22.26,0.17,1.8,0.314,5.0,16.58,0.233,1.59
55.0,3.0,1.0,2.5,4.5,0.8,,0.4,76,81.6,23.68,0.35,1.56,0.312,7.3,17.6,0.232,1.41
55.0,3.0,0.7,2.5,3.0,0.6,14400,0.2,85,84.7,26.48,0.32,1.77,0.312,5.05,19.68,0.231,1.55
55.0,3.0,0.7,2.5,3.0,0.6,14400,0.4,85,84.7,26.48,0.32,1.77,0.312,5.05,19.68,0.231,1.55
55.0,3.0,1.0,1.5,3.0,0.4,2400,0.4,87,75.9,27.02,0.55,1.73,0.311,5.07,20.06,0.231,1.52
55.0,3.0,1.0,1.5,4.5,0.4,2400,0.4,87,75.9,27.02,0.55,1.73,0.311,5.07,20.06,0.231,1.52
55.0,3.0,1.0,2.5,3.0,0.4,2400,0.4,87,75.9,27.08,0.55,1.73,0.311,5.07,20.12,0.231,1.52
55.0,3.0,1.0,2.5,4.5,0.4,2400,0.4,87,75.9,27.08,0.55,1.73,0.311,5.07,20.12,0.231,1.52
55.0,5.0,0.7,2.5,3.0,0.4,2400,0.2,72,91.7,22.39,0.16,1.81,0.311,5.0,16.63,0.231,1.59
55.0,5.0,0.7,2.5,4.5,0.4,2400,0.2,72,91.7,22.39,0.16,1.81,0.311,5.0,16.63,0.231,1.59
55.0,3.0,0.7,2.5,4.5,0.6,14400,0.2,85,84.7,26.38,0.32,1.76,0.31,5.05,19.58,0.23,1.55
55.0,3.0,0.7,2.5,4.5,0.6,14400,0.4,85,84.7,26.38,0.32,1.76,0.31,5.05,19.58,0.23,1.55
55.0,3.0,1.0,1.5,3.0,0.4,3600,0.2,79,82.3,24.51,0.34,1.58,0.31,7.06,18.19,0.23,1.42
55.0,3.0,1.0,1.5,4.5,0.4,3600,0.2,79,82.3,24.51,0.34,1.58,0.31,7.06,18.19,0.23,1.42
55.0,3.0,1.0,1.5,3.0,0.6,14400,0.2,78,82.1,24.1,0.34,1.57,0.309,6.93,17.86,0.229,1.41
55.0,3.0,1.0,1.5,3.0,0.6,14400,0.4,78,82.1,24.1,0.34,1.57,0.309,6.93,17.86,0.229,1.41
55.0,3.0,1.5,2.5,3.0,0.6,2400,0.4,86,75.6,26.57,0.55,1.72,0.309,5.44,19.69,0.229,1.51
55.0,3.0,1.5,2.5,4.5,0.6,2400,0.4,86,75.6,26.57,0.55,1.72,0.309,5.44,19.69,0.229,1.51
55.0,4.0,1.0,2.5,3.0,0.4,2400,0.4,80,80.0,24.76,0.42,1.67,0.31,4.5,18.36,0.229,1.48
55.0,4.0,1.0,2.5,4.5,0.4,2400,0.4,80,80.0,24.76,0.42,1.67,0.31,4.5,18.36,0.229,1.48
55.0,5.0,0.7,1.5,3.0,0.6,3600,0.2,71,91.5,21.96,0.17,1.79,0.309,5.0,16.28,0.229,1.58
55.0,5.0,0.7,1.5,4.5,0.6,3600,0.2,71,91.5,21.96,0.17,1.79,0.309,5.0,16.28,0.229,1.58
55.0,3.0,1.0,1.5,4.5,0.6,14400,0.2,78,82.1,24.01,0.34,1.57,0.308,6.93,17.77,0.228,1.41
55.0,3.0,1.0,1.5,4.5,0.6,14400,0.4,78,82.1,24.01,0.34,1.57,0.308,6.93,17.77,0.228,1.41
55.0,4.0,1.0,1.5,3.0,0.4,2400,0.4,80,80.0,24.64,0.42,1.66,0.308,4.5,18.24,0.228,1.48
55.0,4.0,1.0,1.5,4.5,0.4,2400,0.4,80,80.0,24.64,0.42,1.66,0.308,4.5,18.24,0.228,1.48
55.0,5.0,1.0,1.5,3.0,0.8,14400,0.8,62,87.1,19.1,0.23,1.55,0.308,6.74,14.14,0.228,1.4
55.0,3.0,0.7,1.5,3.0,0.4,14400,0.2,86,84.9,26.42,0.31,1.76,0.307,4.82,19.54,0.227,1.55
55.0,3.0,0.7,1.5,3.0,0.4,14400,0.4,86,84.9,26.42,0.31,1.76,0.307,4.82,19.54,0.227,1.55
55.0,3.0,0.7,1.5,4.5,0.4,14400,0.2,86,84.9,26.42,0.31,1.76,0.307,4.82,19.54,0.227,1.55
55.0,3.0,0.7,1.5,4.5,0.4,14400,0.4,86,84.9,26.42,0.31,1.76,0.307,4.82,19.54,0.227,1.55
55.0,5.0,0.7,1.5,3.0,0.4,2400,0.2,72,91.7,22.12,0.16,1.8,0.307,5.0,16.36,0.227,1.58
55.0,5.0,0.7,1.5,4.5,0.4,2400,0.2,72,91.7,22.12,0.16,1.8,0.307,5.0,16.36,0.227,1.58
55.0,5.0,0.7,2.5,3.0,0.8,3600,0.2,71,91.5,21.78,0.16,1.79,0.307,5.0,16.1,0.227,1.57
55.0,5.0,0.7,2.5,4.5,0.8,3600,0.2,71,91.5,21.78,0.16,1.79,0.307,5.0,16.1,0.227,1.57
55.0,5.0,1.5,2.5,3.0,0.8,2400,0.4,64,82.8,19.65,0.32,1.55,0.307,5.77,14.53,0.227,1.4
55.0,5.0,1.5,2.5,4.5,0.8,2400,0.4,64,82.8,19.65,0.32,1.55,0.307,5.77,14.53,0.227,1.4
55.0,3.0,1.0,1.5,3.0,0.6,14400,0.8,80,82.5,24.46,0.35,1.63,0.306,7.53,18.06,0.226,1.45
55.0,5.0,0.7,1.5,3.0,0.8,3600,0.2,71,91.5,21.73,0.16,1.78,0.306,5.0,16.05,0.226,1.57
55.0,5.0,0.7,1.5,4.5,0.8,3600,0.2,71,91.5,21.73,0.16,1.78,0.306,5.0,16.05,0.226,1.57
55.0,2.0,0.7,2.5,3.0,0.8,14400,0.2,98,79.6,29.89,0.47,1.84,0.305,4.0,22.05,0.225,1.59
55.0,2.0,0.7,2.5,3.0,0.8,14400,0.4,98,79.6,29.89,0.47,1.84,0.305,4.0,22.05,0.225,1.59
55.0,3.0,1.0,1.5,4.5,0.6,14400,0.8,80,82.5,24.37,0.34,1.62,0.305,7.53,17.97,0.225,1.45
55.0,5.0,1.0,1.5,4.5,0.8,14400,0.8,62,87.1,18.91,0.23,1.54,0.305,6.74,13.95,0.225,1.39
55.0,5.0,1.0,2.5,3.0,0.4,2400,0.4,66,83.3,20.13,0.31,1.57,0.305,7.23,14.85,0.225,1.41
55.0,5.0,1.0,2.5,3.0,0.8,14400,0.8,62,87.1,18.92,0.23,1.54,0.305,6.75,13.96,0.225,1.39
55.0,5.0,1.0,2.5,4.5,0.4,2400,0.4,66,83.3,20.13,0.31,1.57,0.305,7.23,14.85,0.225,1.41
55.0,3.0,0.7,2.5,3.0,0.4,3600,0.4,89,84.3,27.04,0.35,1.9,0.304,3.92,19.92,0.224,1.64
55.0,3.0,0.7,2.5,3.0,0.4,14400,0.8,86,83.7,26.18,0.34,1.76,0.304,5.37,19.3,0.224,1.54
55.0,3.0,0.7,2.5,4.5,0.4,3600,0.4,89,84.3,27.04,0.35,1.9,0.304,3.92,19.92,0.224,1.64
55.0,3.0,0.7,2.5,4.5,0.4,14400,0.8,86,83.7,26.18,0.34,1.76,0.304,5.37,19.3,0.224,1.54
55.0,2.0,0.7,1.5,3.0,0.8,14400,0.2,98,79.6,29.68,0.47,1.83,0.303,4.0,21.84,0.223,1.59
55.0,2.0,0.7,1.5,3.0,0.8,14400,0.4,98,79.6,29.68,0.47,1.83,0.303,4.0,21.84,0.223,1.59
55.0,2.0,0.7,2.5,4.5,0.8,14400,0.2,98,79.6,29.7,0.47,1.83,0.303,4.0,21.86,0.223,1.59
55.0,2.0,0.7,2.5,4.5,0.8,14400,0.4,98,79.6,29.7,0.47,1.83,0.303,4.0,21.86,0.223,1.59
55.0,3.0,0.7,1.5,3.0,0.4,7200,0.2,88,85.2,26.68,0.31,1.77,0.303,4.66,19.64,0.223,1.55
55.0,3.0,0.7,1.5,3.0,0.4,7200,0.4,88,85.2,26.68,0.31,1.77,0.303,4.66,19.64,0.223,1.55
55.0,3.0,0.7,1.5,4.5,0.4,7200,0.2,88,85.2,26.68,0.31,1.77,0.303,4.66,19.64,0.223,1.55
55.0,3.0,0.7,1.5,4.5,0.4,7200,0.4,88,85.2,26.68,0.31,1.77,0.303,4.66,19.64,0.223,1.55
55.0,5.0,1.0,1.5,3.0,0.4,2400,0.4,66,83.3,19.9,0.31,1.56,0.302,7.23,14.62,0.222,1.4
55.0,5.0,1.0,1.5,4.5,0.4,2400,0.4,66,83.3,19.9,0.31,1.56,0.302,7.23,14.62,0.222,1.4
55.0,5.0,1.0,2.5,4.5,0.8,14400,0.8,62,87.1,18.73,0.23,1.54,0.302,6.75,13.76,0.222,1.39
55.0,2.0,0.7,1.5,4.5,0.8,14400,0.2,98,79.6,29.49,0.47,1.83,0.301,4.0,21.65,0.221,1.58
55.0,2.0,0.7,1.5,4.5,0.8,14400,0.4,98,79.6,29.49,0.47,1.83,0.301,4.0,21.65,0.221,1.58
55.0,3.0,1.0,1.5,3.0,0.8,,0.4,76,81.6,22.69,0.35,1.54,0.299,7.1,16.61,0.219,1.39
55.0,3.0,1.5,2.5,3.0,0.4,1200,0.2,81,80.2,24.25,0.39,1.58,0.299,7.1,17.77,0.219,1.41
55.0,3.0,1.5,2.5,4.5,0.4,1200,0.2,81,80.2,24.25,0.39,1.58,0.299,7.1,17.77,0.219,1.41
55.0,4.0,1.5,2.5,3.0,0.4,14400,0.8,72,84.7,21.51,0.28,1.54,0.299,6.65,15.75,0.219,1.39
55.0,4.0,1.5,2.5,4.5,0.4,14400,0.8,72,84.7,21.51,0.28,1.54,0.299,6.65,15.75,0.219,1.39
55.0,5.0,1.0,2.5,3.0,0.4,1200,0.2,63,85.7,18.82,0.26,1.54,0.299,7.1,13.78,0.219,1.38
55.0,5.0,1.0,2.5,4.5,0.4,1200,0.2,63,85.7,18.82,0.26,1.54,0.299,7.1,13.78,0.219,1.38
55.0,3.0,0.7,1.5,3.0,0.4,3600,0.4,89,84.3,26.49,0.35,1.88,0.298,3.92,19.37,0.218,1.62
55.0,3.0,0.7,1.5,4.5,0.4,3600,0.4,89,84.3,26.49,0.35,1.88,0.298,3.92,19.37,0.218,1.62
55.0,5.0,0.7,1.5,3.0,0.6,2400,0.2,71,91.5,21.13,0.16,1.76,0.298,5.0,15.45,0.218,1.55
55.0,5.0,0.7,1.5,3.0,0.8,2400,0.2,71,91.5,21.16,0.16,1.76,0.298,5.0,15.48,0.218,1.55
55.0,5.0,0.7,1.5,4.5,0.6,2400,0.2,71,91.5,21.13,0.16,1.76,0.298,5.0,15.45,0.218,1.55
55.0,5.0,0.7,1.5,4.5,0.8,2400,0.2,71,91.5,21.16,0.16,1.76,0.298,5.0,15.48,0.218,1.55
55.0,5.0,0.7,2.5,3.0,0.6,2400,0.2,71,91.5,21.19,0.16,1.76,0.298,5.0,15.51,0.218,1.55
55.0,5.0,0.7,2.5,4.5,0.6,2400,0.2,71,91.5,21.19,0.16,1.76,0.298,5.0,15.51,0.218,1.55
55.0,5.0,1.0,1.5,3.0,0.4,1200,0.2,63,85.7,18.78,0.26,1.54,0.298,7.1,13.74,0.218,1.38
55.0,5.0,1.0,1.5,4.5,0.4,1200,0.2,63,85.7,18.78,0.26,1.54,0.298,7.1,13.74,0.218,1.38
55.0,4.0,1.0,1.5,3.0,0.8,2400,0.4,79,79.7,23.5,0.41,1.63,0.297,4.13,17.18,0.217,1.45
55.0,4.0,1.0,1.5,4.5,0.8,2400,0.4,79,79.7,23.5,0.41,1.63,0.297,4.13,17.18,0.217,1.45
55.0,2.0,0.7,2.5,3.0,0.6,14400,0.2,99,78.8,29.31,0.48,1.78,0.296,4.0,21.39,0.216,1.54
55.0,2.0,0.7,2.5,3.0,0.6,14400,0.4,99,78.8,29.31,0.48,1.78,0.296,4.0,21.39,0.216,1.54
55.0,3.0,1.0,1.5,3.0,0.8,14400,0.2,77,81.8,22.76,0.34,1.54,0.296,7.1,16.6,0.216,1.38
55.0,3.0,1.0,1.5,3.0,0.8,14400,0.4,77,81.8,22.76,0.34,1.54,0.296,7.1,16.6,0.216,1.38
55.0,4.0,1.0,1.5,3.0,0.6,2400,0.4,79,79.7,23.4,0.41,1.63,0.296,4.08,17.08,0.216,1.45
55.0,4.0,1.0,1.5,4.5,0.6,2400,0.4,79,79.7,23.4,0.41,1.63,0.296,4.08,17.08,0.216,1.45
55.0,2.0,0.7,1.5,4.5,0.8,7200,0.2,100,80.0,29.48,0.46,1.83,0.295,4.0,21.48,0.215,1.58
55.0,2.0,0.7,1.5,4.5,0.8,7200,0.4,100,80.0,29.48,0.46,1.83,0.295,4.0,21.48,0.215,1.58
55.0,2.0,0.7,2.5,4.5,0.6,14400,0.2,99,78.8,29.22,0.48,1.78,0.295,4.0,21.3,0.215,1.54
55.0,2.0,0.7,2.5,4.5,0.6,14400,0.4,99,78.8,29.22,0.48,1.78,0.295,4.0,21.3,0.215,1.54
55.0,3.0,0.7,1.5,4.5,0.8,7200,0.2,87,85.1,25.64,0.31,1.74,0.295,4.47,18.68,0.215,1.52
55.0,3.0,0.7,1.5,4.5,0.8,7200,0.4,87,85.1,25.64,0.31,1.74,0.295,4.47,18.68,0.215,1.52
55.0,3.0,0.7,2.5,4.5,0.6,7200,0.2,87,85.1,25.67,0.31,1.74,0.295,4.72,18.71,0.215,1.53
55.0,3.0,0.7,2.5,4.5,0.6,7200,0.4,87,85.1,25.67,0.31,1.74,0.295,4.72,18.71,0.215,1.53
55.0,3.0,1.0,1.5,4.5,0.8,,0.4,76,81.6,22.45,0.35,1.53,0.295,7.1,16.38,0.215,1.38
55.0,3.0,1.5,2.5,3.0,0.8,14400,0.2,77,81.8,22.73,0.34,1.54,0.295,7.27,16.57,0.215,1.38
55.0,3.0,1.5,2.5,3.0,0.8,14400,0.4,77,81.8,22.73,0.34,1.54,0.295,7.27,16.57,0.215,1.38
55.0,5.0,0.7,2.5,3.0,0.8,2400,0.2,71,91.5,20.97,0.16,1.76,0.295,5.0,15.29,0.215,1.54
55.0,5.0,0.7,2.5,4.5,0.8,2400,0.2,71,91.5,20.97,0.16,1.76,0.295,5.0,15.29,0.215,1.54
55.0,2.0,0.7,1.5,3.0,0.8,7200,0.2,100,80.0,29.41,0.46,1.82,0.294,4.0,21.41,0.214,1.57
55.0,2.0,0.7,1.5,3.0,0.8,7200,0.4,100,80.0,29.41,0.46,1.82,0.294,4.0,21.41,0.214,1.57
55.0,3.0,0.7,1.5,3.0,0.8,7200,0.2,87,85.1,25.56,0.31,1.74,0.294,4.47,18.6,0.214,1.52
55.0,3.0,0.7,1.5,3.0,0.8,7200,0.4,87,85.1,25.56,0.31,1.74,0.294,4.47,18.6,0.214,1.52
55.0,3.0,0.7,2.5,3.0,0.6,7200,0.2,87,85.1,25.54,0.31,1.74,0.294,4.72,18.58,0.214,1.52
55.0,3.0,0.7,2.5,3.0,0.6,7200,0.4,87,85.1,25.54,0.31,1.74,0.294,4.72,18.58,0.214,1.52
55.0,3.0,0.7,2.5,3.0,0.8,14400,0.2,84,84.5,24.69,0.31,1.71,0.294,4.99,17.97,0.214,1.5
55.0,3.0,0.7,2.5,3.0,0.8,14400,0.4,84,84.5,24.69,0.31,1.71,0.294,4.99,17.97,0.214,1.5
55.0,3.0,1.5,2.5,3.0,0.8,3600,0.2,77,81.8,22.66,0.34,1.54,0.294,6.98,16.5,0.214,1.38
55.0,3.0,1.5,2.5,4.5,0.8,3600,0.2,77,81.8,22.66,0.34,1.54,0.294,6.98,16.5,0.214,1.38
55.0,3.0,0.7,1.5,3.0,0.6,14400,0.2,85,84.7,24.86,0.31,1.72,0.292,4.93,18.06,0.213,1.51
55.0,3.0,0.7,1.5,3.0,0.6,14400,0.4,85,84.7,24.86,0.31,1.72,0.292,4.93,18.06,0.213,1.51
55.0,3.0,1.0,1.5,3.0,0.8,14400,0.8,79,82.3,23.12,0.34,1.59,0.293,7.3,16.8,0.213,1.42
55.0,3.0,1.0,1.5,4.5,0.8,14400,0.2,77,81.8,22.56,0.34,1.54,0.293,7.1,16.4,0.213,1.38
55.0,3.0,1.0,1.5,4.5,0.8,14400,0.4,77,81.8,22.56,0.34,1.54,0.293,7.1,16.4,0.213,1.38
55.0,3.0,1.5,2.5,3.0,0.6,3600,0.4,79,78.5,23.14,0.43,1.55,0.293,7.08,16.81,0.213,1.39
55.0,3.0,1.5,2.5,4.5,0.6,3600,0.4,79,78.5,23.14,0.43,1.55,0.293,7.08,16.81,0.213,1.39
55.0,3.0,1.5,2.5,4.5,0.8,14400,0.2,77,81.8,22.54,0.34,1.54,0.293,7.27,16.38,0.213,1.38
55.0,3.0,1.5,2.5,4.5,0.8,14400,0.4,77,81.8,22.54,0.34,1.54,0.293,7.27,16.38,0.213,1.38
55.0,4.0,1.0,1.5,3.0,0.4,1200,0.4,94,75.5,27.52,0.66,2.04,0.293,4.0,20.0,0.213,1.71
55.0,4.0,1.0,1.5,4.5,0.4,1200,0.4,94,75.5,27.52,0.66,2.04,0.293,4.0,20.0,0.213,1.71
55.0,4.0,1.0,2.5,3.0,0.6,2400,0.4,79,79.7,23.19,0.41,1.63,0.294,4.2,16.87,0.213,1.44
55.0,4.0,1.0,2.5,4.5,0.6,2400,0.4,79,79.7,23.19,0.41,1.63,0.294,4.2,16.87,0.213,1.44
55.0,3.0,0.7,2.5,3.0,0.4,3600,0.2,89,86.5,25.95,0.28,1.79,0.292,3.92,18.83,0.212,1.55
55.0,3.0,0.7,2.5,4.5,0.4,3600,0.2,89,86.5,25.95,0.28,1.79,0.292,3.92,18.83,0.212,1.55
55.0,3.0,0.7,2.5,4.5,0.8,7200,0.2,87,85.1,25.4,0.3,1.73,0.292,4.49,18.44,0.212,1.52
55.0,3.0,0.7,2.5,4.5,0.8,7200,0.4,87,85.1,25.4,0.3,1.73,0.292,4.49,18.44,0.212,1.52
55.0,3.0,0.7,2.5,4.5,0.8,14400,0.2,84,84.5,24.5,0.31,1.71,0.292,4.99,17.78,0.212,1.5
55.0,3.0,0.7,2.5,4.5,0.8,14400,0.4,84,84.5,24.5,0.31,1.71,0.292,4.99,17.78,0.212,1.5
55.0,3.0,1.0,2.5,3.0,0.8,14400,0.2,77,81.8,22.5,0.34,1.54,0.292,7.3,16.34,0.212,1.38
55.0,3.0,1.0,2.5,3.0,0.8,14400,0.4,77,81.8,22.5,0.34,1.54,0.292,7.3,16.34,0.212,1.38
55.0,4.0,1.0,2.5,3.0,0.4,1200,0.4,94,75.5,27.44,0.66,2.04,0.292,4.0,19.92,0.212,1.7
55.0,4.0,1.0,2.5,4.5,0.4,1200,0.4,94,75.5,27.44,0.66,2.04,0.292,4.0,19.92,0.212,1.7
55.0,5.0,1.0,2.5,3.0,0.6,3600,0.4,62,83.9,18.12,0.29,1.52,0.292,7.1,13.16,0.212,1.37
55.0,5.0,1.0,2.5,4.5,0.6,3600,0.4,62,83.9,18.12,0.29,1.52,0.292,7.1,13.16,0.212,1.37
55.0,3.0,0.7,1.5,4.5,0.6,7200,0.2,87,85.1,25.27,0.3,1.73,0.29,4.7,18.31,0.211,1.51
55.0,3.0,0.7,1.5,4.5,0.6,7200,0.4,87,85.1,25.27,0.3,1.73,0.29,4.7,18.31,0.211,1.51
55.0,3.0,0.7,1.5,4.5,0.6,14400,0.2,85,84.7,24.77,0.31,1.72,0.291,4.93,17.97,0.211,1.5
55.0,3.0,0.7,1.5,4.5,0.6,14400,0.4,85,84.7,24.77,0.31,1.72,0.291,4.93,17.97,0.211,1.5
55.0,3.0,0.7,2.5,3.0,0.8,7200,0.2,87,85.1,25.32,0.3,1.73,0.291,4.49,18.36,0.211,1.52
55.0,3.0,0.7,2.5,3.0,0.8,7200,0.4,87,85.1,25.32,0.3,1.73,0.291,4.49,18.36,0.211,1.52
55.0,3.0,1.0,1.5,3.0,0.6,2400,0.2,78,82.1,22.66,0.34,1.54,0.291,6.76,16.42,0.211,1.38
55.0,3.0,1.0,1.5,3.0,0.6,2400,0.4,86,75.6,25.01,0.54,1.67,0.291,5.07,18.13,0.211,1.47
55.0,3.0,1.0,1.5,4.5,0.6,2400,0.2,78,82.1,22.66,0.34,1.54,0.291,6.76,16.42,0.211,1.38
55.0,3.0,1.0,1.5,4.5,0.6,2400,0.4,86,75.6,25.01,0.54,1.67,0.291,5.07,18.13,0.211,1.47
55.0,4.0,1.0,2.5,3.0,0.8,2400,0.4,79,79.7,22.96,0.41,1.62,0.291,4.32,16.64,0.211,1.43
55.0,4.0,1.0,2.5,4.5,0.8,2400,0.4,79,79.7,22.96,0.41,1.62,0.291,4.32,16.64,0.211,1.43
55.0,4.0,1.5,2.5,3.0,0.8,2400,0.4,78,79.5,22.73,0.42,1.61,0.291,4.0,16.49,0.211,1.43
55.0,4.0,1.5,2.5,4.5,0.8,2400,0.4,78,79.5,22.73,0.42,1.61,0.291,4.0,16.49,0.211,1.43
55.0,2.0,1.5,2.5,3.0,0.6,1200,0.4,112,70.5,32.43,0.83,1.99,0.29,4.0,23.47,0.21,1.66
55.0,2.0,1.5,2.5,4.5,0.6,1200,0.4,112,70.5,32.43,0.83,1.99,0.29,4.0,23.47,0.21,1.66
55.0,3.0,1.0,1.5,4.5,0.8,14400,0.8,79,82.3,22.92,0.34,1.59,0.29,7.3,16.6,0.21,1.41
55.0,3.0,1.0,2.5,3.0,0.6,2400,0.4,86,75.6,24.94,0.54,1.67,0.29,5.07,18.06,0.21,1.47
55.0,3.0,1.0,2.5,4.5,0.6,2400,0.4,86,75.6,24.94,0.54,1.67,0.29,5.07,18.06,0.21,1.47
55.0,3.0,1.0,2.5,4.5,0.8,14400,0.2,77,81.8,22.31,0.34,1.53,0.29,7.3,16.15,0.21,1.37
55.0,3.0,1.0,2.5,4.5,0.8,14400,0.4,77,81.8,22.31,0.34,1.53,0.29,7.3,16.15,0.21,1.37
55.0,3.0,1.5,2.5,3.0,0.8,14400,0.8,79,82.3,22.95,0.34,1.59,0.291,8.3,16.63,0.21,1.41
55.0,2.0,1.5,2.5,3.0,0.6,14400,0.2,89,73.0,25.74,0.57,1.54,0.289,7.33,18.62,0.209,1.37
55.0,2.0,1.5,2.5,3.0,0.6,14400,0.4,89,73.0,25.74,0.57,1.54,0.289,7.33,18.62,0.209,1.37
55.0,3.0,0.7,1.5,3.0,0.6,7200,0.2,87,85.1,25.15,0.3,1.73,0.289,4.7,18.19,0.209,1.51
55.0,3.0,0.7,1.5,3.0,0.6,7200,0.4,87,85.1,25.15,0.3,1.73,0.289,4.7,18.19,0.209,1.51
55.0,3.0,1.0,1.5,3.0,0.8,2400,0.4,86,75.6,24.85,0.54,1.67,0.289,5.07,17.97,0.209,1.46
55.0,3.0,1.0,1.5,4.5,0.8,2400,0.4,86,75.6,24.85,0.54,1.67,0.289,5.07,17.97,0.209,1.46
55.0,3.0,1.0,2.5,3.0,0.6,2400,0.2,78,82.1,22.58,0.34,1.54,0.289,6.76,16.34,0.209,1.38
55.0,3.0,1.0,2.5,3.0,0.8,14400,0.8,79,82.3,22.81,0.34,1.58,0.289,7.59,16.49,0.209,1.41
55.0,3.0,1.0,2.5,4.5,0.6,2400,0.2,78,82.1,22.58,0.34,1.54,0.289,6.76,16.34,0.209,1.38
55.0,4.0,1.5,2.5,3.0,0.4,,0.4,70,84.3,20.22,0.27,1.46,0.289,6.67,14.62,0.209,1.33
55.0,4.0,1.5,2.5,4.5,0.4,,0.4,70,84.3,20.22,0.27,1.46,0.289,6.67,14.62,0.209,1.33
55.0,2.0,1.5,2.5,4.5,0.6,14400,0.2,89,73.0,25.65,0.57,1.53,0.288,7.33,18.53,0.208,1.37
55.0,2.0,1.5,2.5,4.5,0.6,14400,0.4,89,73.0,25.65,0.57,1.53,0.288,7.33,18.53,0.208,1.37
55.0,3.0,0.7,2.5,3.0,0.6,14400,0.8,85,83.5,24.46,0.34,1.71,0.288,5.6,17.66,0.208,1.5
55.0,3.0,1.0,1.5,3.0,0.8,2400,0.2,78,82.1,22.45,0.34,1.53,0.288,6.76,16.21,0.208,1.38
55.0,3.0,1.0,1.5,4.5,0.8,2400,0.2,78,82.1,22.45,0.34,1.53,0.288,6.76,16.21,0.208,1.38
55.0,3.0,1.5,2.5,3.0,0.8,2400,0.2,77,81.8,22.19,0.34,1.53,0.288,6.98,16.03,0.208,1.37
55.0,3.0,1.5,2.5,4.5,0.8,2400,0.2,77,81.8,22.19,0.34,1.53,0.288,6.98,16.03,0.208,1.37
55.0,3.0,1.5,2.5,4.5,0.8,14400,0.8,79,82.3,22.75,0.34,1.58,0.288,8.3,16.44,0.208,1.41
55.0,5.0,0.7,2.5,3.0,0.4,3600,0.4,72,87.5,20.72,0.25,1.75,0.288,5.0,14.96,0.208,1.53
55.0,5.0,0.7,2.5,4.5,0.4,3600,0.4,72,87.5,20.72,0.25,1.75,0.288,5.0,14.96,0.208,1.53
55.0,5.0,1.0,1.5,3.0,0.6,3600,0.4,62,83.9,17.86,0.29,1.51,0.288,7.1,12.9,0.208,1.36
55.0,5.0,1.0,1.5,4.5,0.6,3600,0.4,62,83.9,17.86,0.29,1.51,0.288,7.1,12.9,0.208,1.36
55.0,3.0,0.7,1.5,3.0,0.8,14400,0.2,84,84.5,24.1,0.31,1.7,0.287,4.7,17.38,0.207,1.49
55.0,3.0,0.7,1.5,3.0,0.8,14400,0.4,84,84.5,24.1,0.31,1.7,0.287,4.7,17.38,0.207,1.49
55.0,3.0,0.7,2.5,4.5,0.6,14400,0.8,85,83.5,24.37,0.34,1.71,0.287,5.6,17.57,0.207,1.49
55.0,4.0,1.5,2.5,3.0,0.8,,0.4,67,83.6,19.2,0.28,1.44,0.287,6.91,13.84,0.207,1.31
55.0,5.0,1.0,2.5,3.0,0.8,3600,0.4,62,83.9,17.77,0.29,1.51,0.287,7.1,12.81,0.207,1.36
55.0,5.0,1.0,2.5,4.5,0.8,3600,0.4,62,83.9,17.77,0.29,1.51,0.287,7.1,12.81,0.207,1.36
55.0,2.0,0.7,2.5,4.5,0.8,7200,0.2,100,80.0,28.59,0.45,1.8,0.286,4.0,20.59,0.206,1.55
55.0,2.0,0.7,2.5,4.5,0.8,7200,0.4,100,80.0,28.59,0.45,1.8,0.286,4.0,20.59,0.206,1.55
55.0,2.0,1.5,2.5,3.0,0.6,,0.4,89,73.0,25.43,0.56,1.53,0.286,7.47,18.31,0.206,1.37
55.0,2.0,1.5,2.5,3.0,0.8,1200,0.4,111,70.3,31.73,0.83,1.97,0.286,4.0,22.85,0.206,1.65
55.0,2.0,1.5,2.5,4.5,0.8,1200,0.4,111,70.3,31.73,0.83,1.97,0.286,4.0,22.85,0.206,1.65
55.0,3.0,1.0,2.5,3.0,0.8,2400,0.4,86,75.6,24.57,0.54,1.66,0.286,5.07,17.69,0.206,1.46
55.0,3.0,1.0,2.5,4.5,0.8,2400,0.4,86,75.6,24.57,0.54,1.66,0.286,5.07,17.69,0.206,1.46
55.0,3.0,1.0,2.5,4.5,0.8,14400,0.8,79,82.3,22.61,0.34,1.58,0.286,7.59,16.29,0.206,1.41
55.0,5.0,1.0,1.5,3.0,0.8,3600,0.4,62,83.9,17.76,0.29,1.51,0.286,7.1,12.8,0.206,1.36
55.0,5.0,1.0,1.5,4.5,0.8,3600,0.4,62,83.9,17.76,0.29,1.51,0.286,7.1,12.8,0.206,1.36
55.0,2.0,0.7,2.5,3.0,0.4,14400,0.2,100,79.0,28.5,0.47,1.76,0.285,4.0,20.5,0.205,1.52
55.0,2.0,0.7,2.5,3.0,0.4,14400,0.4,100,79.0,28.5,0.47,1.76,0.285,4.0,20.5,0.205,1.52
55.0,2.0,0.7,2.5,3.0,0.8,7200,0.2,100,80.0,28.52,0.45,1.8,0.285,4.0,20.52,0.205,1.55
55.0,2.0,0.7,2.5,3.0,0.8,7200,0.4,100,80.0,28.52,0.45,1.8,0.285,4.0,20.52,0.205,1.55
55.0,2.0,0.7,2.5,4.5,0.4,14400,0.2,100,79.0,28.5,0.47,1.76,0.285,4.0,20.5,0.205,1.52
55.0,2.0,0.7,2.5,4.5,0.4,14400,0.4,100,79.0,28.5,0.47,1.76,0.285,4.0,20.5,0.205,1.52
55.0,3.0,0.7,1.5,3.0,0.4,3600,0.2,89,86.5,25.4,0.28,1.77,0.285,3.92,18.28,0.205,1.54
55.0,3.0,0.7,1.5,4.5,0.4,3600,0.2,89,86.5,25.4,0.28,1.77,0.285,3.92,18.28,0.205,1.54
55.0,3.0,0.7,1.5,4.5,0.8,14400,0.2,84,84.5,23.91,0.31,1.69,0.285,4.7,17.19,0.205,1.48
55.0,3.0,0.7,1.5,4.5,0.8,14400,0.4,84,84.5,23.91,0.31,1.69,0.285,4.7,17.19,0.205,1.48
55.0,3.0,0.7,2.5,3.0,0.6,3600,0.4,88,84.1,25.05,0.35,1.83,0.285,3.92,18.01,0.205,1.58
55.0,3.0,0.7,2.5,4.5,0.6,3600,0.4,88,84.1,25.05,0.35,1.83,0.285,3.92,18.01,0.205,1.58
55.0,3.0,1.5,2.5,3.0,0.8,2400,0.4,85,75.3,24.2,0.54,1.65,0.285,5.64,17.4,0.205,1.45
55.0,3.0,1.5,2.5,4.5,0.8,2400,0.4,85,75.3,24.2,0.54,1.65,0.285,5.64,17.4,0.205,1.45
55.0,4.0,0.7,2.5,3.0,0.4,14400,0.2,73,87.7,20.78,0.23,1.61,0.285,6.54,14.94,0.205,1.43
55.0,4.0,0.7,2.5,3.0,0.4,14400,0.4,73,87.7,20.78,0.23,1.61,0.285,6.54,14.94,0.205,1.43
55.0,4.0,0.7,2.5,4.5,0.4,14400,0.2,73,87.7,20.78,0.23,1.61,0.285,6.54,14.94,0.205,1.43
55.0,4.0,0.7,2.5,4.5,0.4,14400,0.4,73,87.7,20.78,0.23,1.61,0.285,6.54,14.94,0.205,1.43
55.0,4.0,1.5,2.5,3.0,0.6,14400,0.8,71,84.5,20.23,0.28,1.51,0.285,7.05,14.55,0.205,1.36
55.0,2.0,1.5,2.5,3.0,0.8,,0.4,87,72.4,24.67,0.58,1.51,0.284,6.4,17.71,0.204,1.35
55.0,3.0,0.7,1.5,3.0,0.4,14400,0.8,86,83.7,24.41,0.33,1.71,0.284,5.37,17.53,0.204,1.49
55.0,3.0,0.7,1.5,4.5,0.4,14400,0.8,86,83.7,24.41,0.33,1.71,0.284,5.37,17.53,0.204,1.49
55.0,3.0,1.5,2.5,4.5,0.8,7200,0.2,77,81.8,21.88,0.34,1.52,0.284,6.98,15.72,0.204,1.36
55.0,3.0,1.5,2.5,4.5,0.8,7200,0.4,77,81.8,21.88,0.34,1.52,0.284,6.98,15.72,0.204,1.36
55.0,4.0,1.5,2.5,3.0,0.4,14400,0.2,70,84.3,19.89,0.27,1.45,0.284,6.67,14.29,0.204,1.32
55.0,4.0,1.5,2.5,3.0,0.4,14400,0.4,70,84.3,19.89,0.27,1.45,0.284,6.67,14.29,0.204,1.32
55.0,4.0,1.5,2.5,4.5,0.4,14400,0.2,70,84.3,19.89,0.27,1.45,0.284,6.67,14.29,0.204,1.32
55.0,4.0,1.5,2.5,4.5,0.4,14400,0.4,70,84.3,19.89,0.27,1.45,0.284,6.67,14.29,0.204,1.32
55.0,4.0,1.5,2.5,4.5,0.6,14400,0.8,71,84.5,20.14,0.28,1.5,0.284,7.05,14.46,0.204,1.35
55.0,2.0,0.7,1.5,3.0,0.6,14400,0.2,99,78.8,28.01,0.47,1.74,0.283,4.0,20.09,0.203,1.51
55.0,2.0,0.7,1.5,3.0,0.6,14400,0.4,99,78.8,28.01,0.47,1.74,0.283,4.0,20.09,0.203,1.51
55.0,2.0,1.5,2.5,4.5,0.6,,0.4,89,73.0,25.18,0.56,1.52,0.283,7.47,18.06,0.203,1.36
55.0,3.0,1.0,2.5,3.0,0.6,3600,0.2,78,82.1,22.11,0.33,1.53,0.283,7.09,15.87,0.203,1.37
55.0,3.0,1.0,2.5,3.0,0.8,2400,0.2,78,82.1,22.09,0.33,1.53,0.283,6.76,15.85,0.203,1.37
55.0,3.0,1.0,2.5,4.5,0.6,3600,0.2,78,82.1,22.11,0.33,1.53,0.283,7.09,15.87,0.203,1.37
55.0,3.0,1.0,2.5,4.5,0.8,2400,0.2,78,82.1,22.09,0.33,1.53,0.283,6.76,15.85,0.203,1.37
55.0,3.0,1.5,2.5,3.0,0.4,7200,0.8,83,75.9,23.53,0.51,1.62,0.283,6.2,16.89,0.203,1.42
55.0,3.0,1.5,2.5,3.0,0.8,7200,0.2,77,81.8,21.81,0.34,1.52,0.283,6.98,15.65,0.203,1.36
55.0,3.0,1.5,2.5,3.0,0.8,7200,0.4,77,81.8,21.81,0.34,1.52,0.283,6.98,15.65,0.203,1.36
55.0,3.0,1.5,2.5,4.5,0.4,7200,0.8,83,75.9,23.53,0.51,1.62,0.283,6.2,16.89,0.203,1.42
55.0,5.0,1.0,1.5,3.0,0.8,2400,0.4,65,83.1,18.43,0.31,1.52,0.284,7.23,13.23,0.203,1.36
55.0,5.0,1.0,1.5,4.5,0.8,2400,0.4,65,83.1,18.43,0.31,1.52,0.284,7.23,13.23,0.203,1.36
55.0,2.0,0.7,1.5,4.5,0.6,14400,0.2,99,78.8,27.92,0.47,1.74,0.282,4.0,20.0,0.202,1.51
55.0,2.0,0.7,1.5,4.5,0.6,14400,0.4,99,78.8,27.92,0.47,1.74,0.282,4.0,20.0,0.202,1.51
55.0,3.0,0.7,1.5,3.0,0.6,3600,0.4,88,84.1,24.79,0.35,1.82,0.282,3.92,17.75,0.202,1.57
55.0,3.0,0.7,1.5,4.5,0.6,3600,0.4,88,84.1,24.79,0.35,1.82,0.282,3.92,17.75,0.202,1.57
55.0,3.0,1.0,1.5,3.0,0.4,1200,0.4,97,74.2,27.36,0.71,2.03,0.282,3.18,19.6,0.202,1.69
55.0,3.0,1.0,1.5,3.0,0.6,3600,0.2,78,82.1,21.96,0.33,1.52,0.282,7.09,15.72,0.202,1.36
55.0,3.0,1.0,1.5,4.5,0.4,1200,0.4,97,74.2,27.36,0.71,2.03,0.282,3.18,19.6,0.202,1.69
55.0,3.0,1.0,1.5,4.5,0.6,3600,0.2,78,82.1,21.96,0.33,1.52,0.282,7.09,15.72,0.202,1.36
55.0,3.0,1.0,2.5,3.0,0.4,3600,0.4,80,78.8,22.54,0.41,1.54,0.282,7.06,16.13,0.202,1.37
55.0,3.0,1.0,2.5,4.5,0.4,3600,0.4,80,78.8,22.54,0.41,1.54,0.282,7.06,16.13,0.202,1.37
55.0,4.0,1.5,2.5,4.5,0.8,,0.4,67,83.6,18.92,0.28,1.43,0.282,6.91,13.55,0.202,1.3
55.0,5.0,1.0,1.5,3.0,0.6,2400,0.4,65,83.1,18.27,0.31,1.52,0.281,7.23,13.07,0.201,1.36
55.0,5.0,1.0,1.5,4.5,0.6,2400,0.4,65,83.1,18.27,0.31,1.52,0.281,7.23,13.07,0.201,1.36
55.0,5.0,1.0,2.5,3.0,0.6,2400,0.4,65,83.1,18.29,0.31,1.52,0.281,7.23,13.09,0.201,1.36
55.0,5.0,1.0,2.5,4.5,0.6,2400,0.4,65,83.1,18.29,0.31,1.52,0.281,7.23,13.09,0.201,1.36
55.0,2.0,1.5,2.5,3.0,0.4,1200,0.4,113,70.8,31.59,0.81,1.97,0.28,4.0,22.55,0.2,1.64
55.0,2.0,1.5,2.5,4.5,0.4,1200,0.4,113,70.8,31.59,0.81,1.97,0.28,4.0,22.55,0.2,1.64
55.0,3.0,1.0,2.5,3.0,0.4,1200,0.4,97,74.2,27.17,0.7,2.03,0.28,3.18,19.41,0.2,1.68
55.0,3.0,1.0,2.5,4.5,0.4,1200,0.4,97,74.2,27.17,0.7,2.03,0.28,3.18,19.41,0.2,1.68
55.0,4.0,0.7,2.5,3.0,0.6,14400,0.2,72,87.5,20.15,0.23,1.59,0.28,6.66,14.39,0.2,1.41
55.0,4.0,0.7,2.5,3.0,0.6,14400,0.4,72,87.5,20.15,0.23,1.59,0.28,6.66,14.39,0.2,1.41
55.0,4.0,1.5,2.5,3.0,0.4,7200,0.2,70,84.3,19.57,0.27,1.44,0.28,6.67,13.97,0.2,1.31
55.0,4.0,1.5,2.5,3.0,0.4,7200,0.4,70,84.3,19.57,0.27,1.44,0.28,6.67,13.97,0.2,1.31
55.0,4.0,1.5,2.5,4.5,0.4,7200,0.2,70,84.3,19.57,0.27,1.44,0.28,6.67,13.97,0.2,1.31
55.0,4.0,1.5,2.5,4.5,0.4,7200,0.4,70,84.3,19.57,0.27,1.44,0.28,6.67,13.97,0.2,1.31
55.0,5.0,0.7,1.5,3.0,0.4,3600,0.4,72,87.5,20.17,0.25,1.73,0.28,5.0,14.42,0.2,1.51
55.0,5.0,0.7,1.5,4.5,0.4,3600,0.4,72,87.5,20.17,0.25,1.73,0.28,5.0,14.42,0.2,1.51
55.0,5.0,1.0,2.5,3.0,0.8,2400,0.4,65,83.1,18.19,0.31,1.51,0.28,7.23,12.99,0.2,1.36
55.0,5.0,1.0,2.5,4.5,0.8,2400,0.4,65,83.1,18.19,0.31,1.51,0.28,7.23,12.99,0.2,1.36
55.0,4.0,0.7,2.5,4.5,0.6,14400,0.2,72,87.5,20.06,0.23,1.59,0.279,6.66,14.3,0.199,1.41
55.0,4.0,0.7,2.5,4.5,0.6,14400,0.4,72,87.5,20.06,0.23,1.59,0.279,6.66,14.3,0.199,1.41
55.0,4.0,1.0,1.5,3.0,0.6,1200,0.4,93,75.3,25.95,0.65,1.98,0.279,4.0,18.51,0.199,1.65
55.0,4.0,1.0,1.5,4.5,0.6,1200,0.4,93,75.3,25.95,0.65,1.98,0.279,4.0,18.51,0.199,1.65
55.0,4.0,1.5,2.5,3.0,0.4,3600,0.2,70,84.3,19.55,0.27,1.44,0.279,6.67,13.95,0.199,1.31
55.0,4.0,1.5,2.5,4.5,0.4,3600,0.2,70,84.3,19.55,0.27,1.44,0.279,6.67,13.95,0.199,1.31
55.0,5.0,1.0,1.5,3.0,0.6,1200,0.2,62,85.5,17.27,0.25,1.49,0.279,7.1,12.31,0.199,1.34
55.0,5.0,1.0,1.5,4.5,0.6,1200,0.2,62,85.5,17.27,0.25,1.49,0.279,7.1,12.31,0.199,1.34
55.0,2.0,0.7,2.5,3.0,0.4,7200,0.2,101,79.2,28.06,0.46,1.74,0.278,4.0,19.98,0.198,1.51
55.0,2.0,0.7,2.5,3.0,0.4,7200,0.4,101,79.2,28.06,0.46,1.74,0.278,4.0,19.98,0.198,1.51
55.0,2.0,0.7,2.5,4.5,0.4,7200,0.2,101,79.2,28.06,0.46,1.74,0.278,4.0,19.98,0.198,1.51
55.0,2.0,0.7,2.5,4.5,0.4,7200,0.4,101,79.2,28.06,0.46,1.74,0.278,4.0,19.98,0.198,1.51
55.0,2.0,1.5,2.5,4.5,0.8,,0.4,87,72.4,24.23,0.57,1.5,0.279,6.34,17.27,0.198,1.35
55.0,4.0,1.5,2.5,3.0,0.6,,0.4,69,84.1,19.21,0.27,1.44,0.278,7.05,13.69,0.198,1.3
55.0,2.0,1.5,2.5,3.0,0.4,7200,0.2,90,73.3,24.96,0.55,1.52,0.277,7.35,17.76,0.197,1.36
55.0,2.0,1.5,2.5,3.0,0.4,7200,0.4,90,73.3,24.96,0.55,1.52,0.277,7.35,17.76,0.197,1.36
55.0,2.0,1.5,2.5,3.0,0.4,,0.4,90,73.3,24.89,0.55,1.52,0.277,7.38,17.69,0.197,1.35
55.0,2.0,1.5,2.5,4.5,0.4,7200,0.2,90,73.3,24.96,0.55,1.52,0.277,7.35,17.76,0.197,1.36
55.0,2.0,1.5,2.5,4.5,0.4,7200,0.4,90,73.3,24.96,0.55,1.52,0.277,7.35,17.76,0.197,1.36
55.0,2.0,1.5,2.5,4.5,0.4,,0.4,90,73.3,24.89,0.55,1.52,0.277,7.38,17.69,0.197,1.35
55.0,3.0,0.7,2.5,3.0,0.8,3600,0.4,88,84.1,24.38,0.34,1.81,0.277,3.92,17.34,0.197,1.56
55.0,3.0,0.7,2.5,4.5,0.8,3600,0.4,88,84.1,24.38,0.34,1.81,0.277,3.92,17.34,0.197,1.56
55.0,4.0,1.0,2.5,3.0,0.6,1200,0.4,93,75.3,25.74,0.65,1.97,0.277,4.0,18.3,0.197,1.65
55.0,4.0,1.0,2.5,4.5,0.6,1200,0.4,93,75.3,25.74,0.65,1.97,0.277,4.0,18.3,0.197,1.65
55.0,2.0,0.7,2.5,3.0,0.8,14400,0.8,100,78.0,27.64,0.5,1.77,0.276,4.0,19.64,0.196,1.52
55.0,3.0,0.7,1.5,3.0,0.8,3600,0.4,88,84.1,24.3,0.34,1.81,0.276,3.92,17.26,0.196,1.55
55.0,3.0,0.7,1.5,4.5,0.8,3600,0.4,88,84.1,24.3,0.34,1.81,0.276,3.92,17.26,0.196,1.55
55.0,3.0,1.0,1.5,3.0,0.4,3600,0.4,80,78.8,22.1,0.41,1.53,0.276,7.06,15.7,0.196,1.36
55.0,3.0,1.0,1.5,4.5,0.4,3600,0.4,80,78.8,22.1,0.41,1.53,0.276,7.06,15.7,0.196,1.36
55.0,2.0,1.5,2.5,3.0,0.4,3600,0.2,90,73.3,24.76,0.55,1.52,0.275,7.35,17.56,0.195,1.35
55.0,2.0,1.5,2.5,4.5,0.4,3600,0.2,90,73.3,24.76,0.55,1.52,0.275,7.35,17.56,0.195,1.35
55.0,3.0,0.7,2.5,3.0,0.4,2400,0.2,89,86.5,24.49,0.27,1.74,0.275,4.28,17.37,0.195,1.51
55.0,3.0,0.7,2.5,4.5,0.4,2400,0.2,89,86.5,24.49,0.27,1.74,0.275,4.28,17.37,0.195,1.51
55.0,3.0,1.0,1.5,3.0,0.8,3600,0.2,78,82.1,21.42,0.33,1.51,0.275,7.09,15.19,0.195,1.35
55.0,3.0,1.0,1.5,4.5,0.8,3600,0.2,78,82.1,21.42,0.33,1.51,0.275,7.09,15.19,0.195,1.35
55.0,4.0,0.7,2.5,3.0,0.4,2400,0.8,107,71.0,29.41,1.3,3.19,0.275,4.0,20.85,0.195,2.3
55.0,4.0,0.7,2.5,4.5,0.4,2400,0.8,107,71.0,29.41,1.3,3.19,0.275,4.0,20.85,0.195,2.3
55.0,4.0,1.0,1.5,3.0,0.8,1200,0.4,93,75.3,25.61,0.65,1.97,0.275,4.0,18.17,0.195,1.64
55.0,4.0,1.0,1.5,4.5,0.8,1200,0.4,93,75.3,25.61,0.65,1.97,0.275,4.0,18.17,0.195,1.64
55.0,4.0,1.5,2.5,4.5,0.6,,0.4,69,84.1,18.95,0.27,1.43,0.275,7.05,13.43,0.195,1.3
55.0,5.0,1.0,2.5,3.0,0.6,1200,0.2,62,85.5,17.03,0.25,1.49,0.275,7.1,12.07,0.195,1.34
55.0,5.0,1.0,2.5,4.5,0.6,1200,0.2,62,85.5,17.03,0.25,1.49,0.275,7.1,12.07,0.195,1.34
55.0,2.0,0.7,1.5,3.0,0.4,14400,0.2,100,79.0,27.42,0.46,1.73,0.274,4.0,19.42,0.194,1.49
55.0,2.0,0.7,1.5,3.0,0.4,14400,0.4,100,79.0,27.42,0.46,1.73,0.274,4.0,19.42,0.194,1.49
55.0,2.0,0.7,1.5,3.0,0.8,14400,0.8,100,78.0,27.43,0.5,1.76,0.274,4.0,19.43,0.194,1.52
55.0,2.0,0.7,1.5,4.5,0.4,14400,0.2,100,79.0,27.42,0.46,1.73,0.274,4.0,19.42,0.194,1.49
55.0,2.0,0.7,1.5,4.5,0.4,14400,0.4,100,79.0,27.42,0.46,1.73,0.274,4.0,19.42,0.194,1.49
55.0,2.0,0.7,2.5,4.5,0.8,14400,0.8,100,78.0,27.45,0.5,1.76,0.274,4.0,19.45,0.194,1.52
55.0,2.0,1.5,2.5,3.0,0.4,14400,0.2,90,73.3,24.67,0.55,1.51,0.274,7.38,17.47,0.194,1.35
55.0,2.0,1.5,2.5,3.0,0.4,14400,0.4,90,73.3,24.67,0.55,1.51,0.274,7.38,17.47,0.194,1.35
55.0,2.0,1.5,2.5,3.0,0.6,3600,0.2,89,73.0,24.35,0.56,1.51,0.274,7.39,17.23,0.194,1.35
55.0,2.0,1.5,2.5,4.5,0.4,14400,0.2,90,73.3,24.67,0.55,1.51,0.274,7.38,17.47,0.194,1.35
55.0,2.0,1.5,2.5,4.5,0.4,14400,0.4,90,73.3,24.67,0.55,1.51,0.274,7.38,17.47,0.194,1.35
55.0,2.0,1.5,2.5,4.5,0.6,3600,0.2,89,73.0,24.35,0.56,1.51,0.274,7.39,17.23,0.194,1.35
55.0,3.0,1.5,2.5,4.5,0.6,7200,0.8,82,75.6,22.43,0.51,1.59,0.274,6.27,15.87,0.194,1.4
55.0,5.0,1.0,1.5,3.0,0.8,1200,0.2,62,85.5,16.96,0.25,1.48,0.274,7.1,12.0,0.194,1.33
55.0,5.0,1.0,1.5,4.5,0.8,1200,0.2,62,85.5,16.96,0.25,1.48,0.274,7.1,12.0,0.194,1.33
55.0,3.0,0.7,1.5,3.0,0.4,2400,0.2,89,86.5,24.32,0.27,1.74,0.273,4.28,17.2,0.193,1.51
55.0,3.0,0.7,1.5,4.5,0.4,2400,0.2,89,86.5,24.32,0.27,1.74,0.273,4.28,17.2,0.193,1.51
55.0,3.0,1.0,2.5,3.0,0.8,3600,0.2,78,82.1,21.31,0.33,1.51,0.273,7.09,15.07,0.193,1.35
55.0,3.0,1.0,2.5,4.5,0.8,3600,0.2,78,82.1,21.31,0.33,1.51,0.273,7.09,15.07,0.193,1.35
55.0,3.0,1.5,2.5,3.0,0.6,1200,0.2,80,80.0,21.83,0.38,1.52,0.273,6.98,15.43,0.193,1.36
55.0,3.0,1.5,2.5,4.5,0.6,1200,0.2,80,80.0,21.83,0.38,1.52,0.273,6.98,15.43,0.193,1.36
55.0,4.0,1.0,2.5,3.0,0.4,14400,0.8,72,84.7,19.67,0.27,1.49,0.273,6.3,13.91,0.193,1.34
55.0,4.0,1.0,2.5,4.5,0.4,14400,0.8,72,84.7,19.67,0.27,1.49,0.273,6.3,13.91,0.193,1.34
55.0,2.0,0.7,1.5,4.5,0.6,7200,0.2,100,79.0,27.18,0.46,1.72,0.272,4.0,19.18,0.192,1.49
55.0,2.0,0.7,1.5,4.5,0.6,7200,0.4,100,79.0,27.18,0.46,1.72,0.272,4.0,19.18,0.192,1.49
55.0,2.0,0.7,1.5,4.5,0.8,14400,0.8,100,78.0,27.24,0.5,1.76,0.272,4.0,19.24,0.192,1.51
55.0,2.0,1.5,2.5,4.5,0.6,7200,0.2,89,73.0,24.19,0.56,1.5,0.272,7.39,17.07,0.192,1.34
55.0,2.0,1.5,2.5,4.5,0.6,7200,0.4,89,73.0,24.19,0.56,1.5,0.272,7.39,17.07,0.192,1.34
55.0,3.0,0.7,2.5,3.0,0.6,3600,0.2,88,86.4,23.96,0.27,1.73,0.272,4.01,16.92,0.192,1.5
55.0,3.0,0.7,2.5,4.5,0.6,3600,0.2,88,86.4,23.96,0.27,1.73,0.272,4.01,16.92,0.192,1.5
55.0,3.0,1.5,2.5,3.0,0.6,7200,0.8,82,75.6,22.31,0.51,1.58,0.272,6.27,15.74,0.192,1.39
55.0,4.0,0.7,1.5,3.0,0.4,2400,0.8,107,71.0,29.1,1.29,3.16,0.272,4.0,20.54,0.192,2.28
55.0,4.0,0.7,1.5,4.5,0.4,2400,0.8,107,71.0,29.1,1.29,3.16,0.272,4.0,20.54,0.192,2.28
55.0,4.0,0.7,2.5,3.0,0.4,,0.4,70,84.3,19.06,0.28,1.52,0.272,6.63,13.46,0.192,1.36
55.0,4.0,0.7,2.5,4.5,0.4,,0.4,70,84.3,19.06,0.28,1.52,0.272,6.63,13.46,0.192,1.36
55.0,4.0,1.0,2.5,3.0,0.8,1200,0.4,93,75.3,25.26,0.64,1.95,0.272,4.0,17.82,0.192,1.63
55.0,4.0,1.0,2.5,4.5,0.8,1200,0.4,93,75.3,25.26,0.64,1.95,0.272,4.0,17.82,0.192,1.63
55.0,2.0,0.7,1.5,3.0,0.6,7200,0.2,100,79.0,27.06,0.46,1.72,0.271,4.0,19.06,0.191,1.48
55.0,2.0,0.7,1.5,3.0,0.6,7200,0.4,100,79.0,27.06,0.46,1.72,0.271,4.0,19.06,0.191,1.48
55.0,2.0,0.7,2.5,4.5,0.6,7200,0.2,100,79.0,27.1,0.46,1.72,0.271,4.0,19.1,0.191,1.49
55.0,2.0,0.7,2.5,4.5,0.6,7200,0.4,100,79.0,27.1,0.46,1.72,0.271,4.0,19.1,0.191,1.49
55.0,2.0,0.7,1.5,3.0,0.4,7200,0.2,101,79.2,27.29,0.45,1.72,0.27,4.0,19.21,0.19,1.49
55.0,2.0,0.7,1.5,3.0,0.4,7200,0.4,101,79.2,27.29,0.45,1.72,0.27,4.0,19.21,0.19,1.49
55.0,2.0,0.7,1.5,4.5,0.4,7200,0.2,101,79.2,27.29,0.45,1.72,0.27,4.0,19.21,0.19,1.49
55.0,2.0,0.7,1.5,4.5,0.4,7200,0.4,101,79.2,27.29,0.45,1.72,0.27,4.0,19.21,0.19,1.49
55.0,2.0,0.7,2.5,3.0,0.6,7200,0.2,100,79.0,26.97,0.46,1.72,0.27,4.0,18.98,0.19,1.48
55.0,2.0,0.7,2.5,3.0,0.6,7200,0.4,100,79.0,26.97,0.46,1.72,0.27,4.0,18.98,0.19,1.48
55.0,2.0,1.5,2.5,3.0,0.6,7200,0.2,89,73.0,24.06,0.55,1.5,0.27,7.39,16.94,0.19,1.34
55.0,2.0,1.5,2.5,3.0,0.6,7200,0.4,89,73.0,24.06,0.55,1.5,0.27,7.39,16.94,0.19,1.34
55.0,3.0,0.7,2.5,3.0,0.8,14400,0.8,84,83.3,22.68,0.33,1.66,0.27,5.54,15.96,0.19,1.45
55.0,4.0,0.7,2.5,3.0,0.8,,0.4,67,83.6,18.09,0.29,1.5,0.27,5.67,12.73,0.19,1.34
55.0,2.0,0.7,2.5,3.0,0.8,,0.4,87,72.4,23.37,0.61,1.61,0.269,4.15,16.41,0.189,1.41
55.0,2.0,1.5,2.5,3.0,0.6,2400,0.2,89,73.0,23.9,0.55,1.5,0.269,7.39,16.78,0.189,1.34
55.0,2.0,1.5,2.5,4.5,0.6,2400,0.2,89,73.0,23.9,0.55,1.5,0.269,7.39,16.78,0.189,1.34
55.0,3.0,0.7,1.5,3.0,0.6,3600,0.2,88,86.4,23.7,0.27,1.72,0.269,4.01,16.66,0.189,1.49
55.0,3.0,0.7,1.5,3.0,0.6,14400,0.8,85,83.5,22.85,0.33,1.66,0.269,5.48,16.05,0.189,1.45
55.0,3.0,0.7,1.5,4.5,0.6,3600,0.2,88,86.4,23.7,0.27,1.72,0.269,4.01,16.66,0.189,1.49
55.0,3.0,1.5,2.5,3.0,0.8,3600,0.4,78,78.2,20.98,0.42,1.5,0.269,6.98,14.74,0.189,1.34
55.0,3.0,1.5,2.5,4.5,0.8,3600,0.4,78,78.2,20.98,0.42,1.5,0.269,6.98,14.74,0.189,1.34
55.0,4.0,0.7,2.5,3.0,0.8,14400,0.2,71,87.3,19.13,0.23,1.56,0.269,6.24,13.45,0.189,1.39
55.0,4.0,0.7,2.5,3.0,0.8,14400,0.4,71,87.3,19.13,0.23,1.56,0.269,6.24,13.45,0.189,1.39
55.0,4.0,1.0,2.5,3.0,0.6,14400,0.8,71,84.5,19.13,0.27,1.48,0.269,6.42,13.45,0.189,1.33
55.0,4.0,1.5,2.5,3.0,0.4,2400,0.2,70,84.3,18.86,0.27,1.43,0.269,6.67,13.26,0.189,1.3
55.0,4.0,1.5,2.5,4.5,0.4,2400,0.2,70,84.3,18.86,0.27,1.43,0.269,6.67,13.26,0.189,1.3
55.0,5.0,0.7,2.5,3.0,0.6,3600,0.4,71,87.3,19.11,0.25,1.69,0.269,5.0,13.43,0.189,1.47
55.0,5.0,0.7,2.5,4.5,0.6,3600,0.4,71,87.3,19.11,0.25,1.69,0.269,5.0,13.43,0.189,1.47
55.0,2.0,0.7,2.5,3.0,0.4,3600,0.4,105,80.0,28.16,0.46,1.86,0.268,4.0,19.76,0.188,1.57
55.0,2.0,0.7,2.5,3.0,0.6,14400,0.8,101,77.2,27.06,0.51,1.71,0.268,4.0,18.98,0.188,1.48
55.0,2.0,0.7,2.5,4.5,0.4,3600,0.4,105,80.0,28.16,0.46,1.86,0.268,4.0,19.76,0.188,1.57
55.0,3.0,0.7,1.5,4.5,0.6,14400,0.8,85,83.5,22.76,0.33,1.66,0.268,5.48,15.96,0.188,1.45
55.0,3.0,0.7,2.5,4.5,0.8,14400,0.8,84,83.3,22.48,0.33,1.65,0.268,5.54,15.76,0.188,1.44
55.0,4.0,1.0,2.5,4.5,0.6,14400,0.8,71,84.5,19.04,0.27,1.48,0.268,6.42,13.36,0.188,1.33
55.0,2.0,0.7,2.5,4.5,0.6,14400,0.8,101,77.2,26.97,0.5,1.71,0.267,4.0,18.89,0.187,1.47
55.0,2.0,1.5,2.5,3.0,0.4,2400,0.2,90,73.3,24.07,0.55,1.5,0.267,7.35,16.86,0.187,1.34
55.0,2.0,1.5,2.5,4.5,0.4,2400,0.2,90,73.3,24.07,0.55,1.5,0.267,7.35,16.86,0.187,1.34
55.0,3.0,1.0,1.5,3.0,0.6,1200,0.4,96,74.0,25.67,0.69,1.97,0.267,3.18,17.99,0.187,1.63
55.0,3.0,1.0,1.5,4.5,0.6,1200,0.4,96,74.0,25.67,0.69,1.97,0.267,3.18,17.99,0.187,1.63
55.0,4.0,0.7,2.5,4.5,0.8,14400,0.2,71,87.3,18.94,0.23,1.56,0.267,6.24,13.26,0.187,1.38
55.0,4.0,0.7,2.5,4.5,0.8,14400,0.4,71,87.3,18.94,0.23,1.56,0.267,6.24,13.26,0.187,1.38
55.0,4.0,1.5,2.5,3.0,0.6,14400,0.2,69,84.1,18.43,0.27,1.42,0.267,7.05,12.91,0.187,1.29
55.0,4.0,1.5,2.5,3.0,0.6,14400,0.4,69,84.1,18.43,0.27,1.42,0.267,7.05,12.91,0.187,1.29
55.0,5.0,1.5,2.5,3.0,0.4,1200,0.4,85,74.1,22.74,0.59,1.7,0.268,5.68,15.94,0.187,1.47
55.0,5.0,1.5,2.5,4.5,0.4,1200,0.4,85,74.1,22.74,0.59,1.7,0.268,5.68,15.94,0.187,1.47
55.0,2.0,1.5,2.5,3.0,0.8,14400,0.2,88,72.7,23.37,0.56,1.49,0.266,6.91,16.33,0.186,1.33
55.0,2.0,1.5,2.5,3.0,0.8,14400,0.4,88,72.7,23.37,0.56,1.49,0.266,6.91,16.33,0.186,1.33
55.0,3.0,0.7,2.5,3.0,0.4,2400,0.4,94,78.7,25.04,0.51,1.89,0.266,4.33,17.52,0.186,1.59
55.0,3.0,0.7,2.5,4.5,0.4,2400,0.4,94,78.7,25.04,0.51,1.89,0.266,4.33,17.52,0.186,1.59
55.0,3.0,1.5,2.5,4.5,0.8,7200,0.8,82,75.6,21.78,0.51,1.57,0.266,5.79,15.22,0.186,1.38
55.0,4.0,0.7,2.5,3.0,0.6,,0.4,69,84.1,18.33,0.28,1.5,0.266,6.87,12.81,0.186,1.34
55.0,4.0,0.7,2.5,4.5,0.8,,0.4,67,83.6,17.8,0.29,1.49,0.266,5.61,12.44,0.186,1.33
55.0,4.0,1.0,2.5,3.0,0.4,,0.4,70,84.3,18.62,0.27,1.42,0.266,6.87,13.02,0.186,1.29
55.0,4.0,1.0,2.5,4.5,0.4,,0.4,70,84.3,18.62,0.27,1.42,0.266,6.87,13.02,0.186,1.29
55.0,4.0,1.5,2.5,4.5,0.6,14400,0.2,69,84.1,18.34,0.27,1.42,0.266,7.05,12.82,0.186,1.29
55.0,4.0,1.5,2.5,4.5,0.6,14400,0.4,69,84.1,18.34,0.27,1.42,0.266,7.05,12.82,0.186,1.29
55.0,3.0,0.7,1.5,3.0,0.4,2400,0.4,94,78.7,24.87,0.51,1.88,0.265,4.33,17.35,0.185,1.58
55.0,3.0,0.7,1.5,4.5,0.4,2400,0.4,94,78.7,24.87,0.51,1.88,0.265,4.33,17.35,0.185,1.58
55.0,3.0,0.7,2.5,3.0,0.8,3600,0.2,88,86.4,23.29,0.27,1.7,0.265,4.07,16.25,0.185,1.48
55.0,3.0,0.7,2.5,4.5,0.8,3600,0.2,88,86.4,23.29,0.27,1.7,0.265,4.07,16.25,0.185,1.48
55.0,3.0,1.5,2.5,3.0,0.8,7200,0.8,82,75.6,21.71,0.51,1.57,0.265,5.79,15.15,0.185,1.38
55.0,4.0,0.7,2.5,3.0,0.6,2400,0.8,106,70.8,28.09,1.28,3.09,0.265,4.0,19.61,0.185,2.22
55.0,4.0,0.7,2.5,4.5,0.6,2400,0.8,106,70.8,28.09,1.28,3.09,0.265,4.0,19.61,0.185,2.22
55.0,5.0,0.7,1.5,3.0,0.6,3600,0.4,71,87.3,18.84,0.24,1.68,0.265,5.0,13.16,0.185,1.46
55.0,5.0,0.7,1.5,4.5,0.6,3600,0.4,71,87.3,18.84,0.24,1.68,0.265,5.0,13.16,0.185,1.46
55.0,5.0,1.0,2.5,3.0,0.8,1200,0.2,62,85.5,16.45,0.25,1.47,0.265,7.1,11.49,0.185,1.32
55.0,5.0,1.0,2.5,4.5,0.8,1200,0.2,62,85.5,16.45,0.25,1.47,0.265,7.1,11.49,0.185,1.32
55.0,2.0,0.7,2.5,4.5,0.8,,0.4,87,72.4,22.93,0.61,1.6,0.264,4.15,15.97,0.184,1.4
55.0,2.0,1.5,2.5,3.0,0.6,14400,0.8,93,73.1,24.58,0.56,1.53,0.264,7.33,17.14,0.184,1.35
55.0,3.0,0.7,1.5,3.0,0.8,3600,0.2,88,86.4,23.22,0.27,1.7,0.264,4.07,16.18,0.184,1.48
55.0,3.0,0.7,1.5,4.5,0.8,3600,0.2,88,86.4,23.22,0.27,1.7,0.264,4.07,16.18,0.184,1.48
55.0,3.0,1.0,2.5,3.0,0.6,1200,0.4,96,74.0,25.34,0.69,1.96,0.264,3.18,17.66,0.184,1.62
55.0,3.0,1.0,2.5,4.5,0.6,1200,0.4,96,74.0,25.34,0.69,1.96,0.264,3.18,17.66,0.184,1.62
55.0,4.0,0.7,1.5,3.0,0.4,14400,0.2,73,87.7,19.25,0.22,1.56,0.264,6.54,13.41,0.184,1.39
55.0,4.0,0.7,1.5,3.0,0.4,14400,0.4,73,87.7,19.25,0.22,1.56,0.264,6.54,13.41,0.184,1.39
55.0,4.0,0.7,1.5,3.0,0.6,2400,0.8,106,70.8,27.99,1.27,3.08,0.264,4.0,19.51,0.184,2.22
55.0,4.0,0.7,1.5,4.5,0.4,14400,0.2,73,87.7,19.25,0.22,1.56,0.264,6.54,13.41,0.184,1.39
55.0,4.0,0.7,1.5,4.5,0.4,14400,0.4,73,87.7,19.25,0.22,1.56,0.264,6.54,13.41,0.184,1.39
55.0,4.0,0.7,1.5,4.5,0.6,2400,0.8,106,70.8,27.99,1.27,3.08,0.264,4.0,19.51,0.184,2.22
55.0,4.0,1.0,2.5,3.0,0.4,7200,0.2,70,84.3,18.45,0.26,1.42,0.264,6.96,12.85,0.184,1.29
55.0,4.0,1.0,2.5,3.0,0.4,7200,0.4,70,84.3,18.45,0.26,1.42,0.264,6.96,12.85,0.184,1.29
55.0,4.0,1.0,2.5,4.5,0.4,7200,0.2,70,84.3,18.45,0.26,1.42,0.264,6.96,12.85,0.184,1.29
55.0,4.0,1.0,2.5,4.5,0.4,7200,0.4,70,84.3,18.45,0.26,1.42,0.264,6.96,12.85,0.184,1.29
55.0,5.0,0.7,2.5,3.0,0.8,3600,0.4,71,87.3,18.73,0.24,1.67,0.264,5.0,13.05,0.184,1.46
55.0,5.0,0.7,2.5,4.5,0.8,3600,0.4,71,87.3,18.73,0.24,1.67,0.264,5.0,13.05,0.184,1.46
55.0,2.0,0.7,1.5,3.0,0.4,3600,0.4,105,80.0,27.62,0.46,1.84,0.263,4.0,19.22,0.183,1.56
55.0,2.0,0.7,1.5,4.5,0.4,3600,0.4,105,80.0,27.62,0.46,1.84,0.263,4.0,19.22,0.183,1.56
55.0,2.0,1.5,2.5,4.5,0.6,14400,0.8,93,73.1,24.49,0.56,1.53,0.263,7.33,17.05,0.183,1.35
55.0,2.0,1.5,2.5,4.5,0.8,14400,0.2,88,72.7,23.18,0.56,1.48,0.263,6.91,16.14,0.183,1.32
55.0,2.0,1.5,2.5,4.5,0.8,14400,0.4,88,72.7,23.18,0.56,1.48,0.263,6.91,16.14,0.183,1.32
55.0,3.0,0.7,1.5,3.0,0.6,2400,0.2,88,86.4,23.11,0.27,1.7,0.263,4.28,16.07,0.183,1.47
55.0,3.0,0.7,1.5,3.0,0.8,14400,0.8,84,83.3,22.09,0.33,1.64,0.263,5.25,15.37,0.183,1.43
55.0,3.0,0.7,1.5,4.5,0.6,2400,0.2,88,86.4,23.11,0.27,1.7,0.263,4.28,16.07,0.183,1.47
55.0,3.0,0.7,2.5,3.0,0.6,2400,0.2,88,86.4,23.14,0.27,1.7,0.263,4.28,16.1,0.183,1.47
55.0,3.0,0.7,2.5,4.5,0.6,2400,0.2,88,86.4,23.14,0.27,1.7,0.263,4.28,16.1,0.183,1.47
55.0,3.0,1.0,1.5,3.0,0.8,1200,0.4,96,74.0,25.21,0.69,1.95,0.263,3.18,17.53,0.183,1.62
55.0,3.0,1.0,1.5,4.5,0.8,1200,0.4,96,74.0,25.21,0.69,1.95,0.263,3.18,17.53,0.183,1.62
55.0,4.0,0.7,1.5,3.0,0.8,2400,0.8,106,70.8,27.89,1.27,3.08,0.263,4.0,19.41,0.183,2.21
55.0,4.0,0.7,1.5,4.5,0.8,2400,0.8,106,70.8,27.89,1.27,3.08,0.263,4.0,19.41,0.183,2.21
55.0,4.0,1.0,1.5,3.0,0.4,14400,0.8,72,84.7,18.95,0.27,1.47,0.263,6.3,13.19,0.183,1.32
55.0,4.0,1.0,1.5,4.5,0.4,14400,0.8,72,84.7,18.95,0.27,1.47,0.263,6.3,13.19,0.183,1.32
55.0,5.0,0.7,1.5,3.0,0.8,3600,0.4,71,87.3,18.66,0.24,1.67,0.263,5.0,12.98,0.183,1.46
55.0,5.0,0.7,1.5,4.5,0.8,3600,0.4,71,87.3,18.66,0.24,1.67,0.263,5.0,12.98,0.183,1.46
55.0,2.0,0.7,2.5,3.0,0.6,,0.4,89,73.0,23.28,0.59,1.59,0.262,4.77,16.16,0.182,1.39
55.0,3.0,1.0,1.5,3.0,0.4,1200,0.2,81,80.2,21.25,0.37,1.5,0.262,6.79,14.77,0.182,1.34
55.0,3.0,1.0,1.5,4.5,0.4,1200,0.2,81,80.2,21.25,0.37,1.5,0.262,6.79,14.77,0.182,1.34
55.0,4.0,0.7,2.5,3.0,0.8,2400,0.8,106,70.8,27.72,1.27,3.06,0.262,4.0,19.24,0.182,2.2
55.0,4.0,0.7,2.5,4.5,0.6,,0.4,69,84.1,18.07,0.28,1.5,0.262,6.87,12.55,0.182,1.34
55.0,4.0,0.7,2.5,4.5,0.8,2400,0.8,106,70.8,27.72,1.27,3.06,0.262,4.0,19.24,0.182,2.2
55.0,3.0,0.7,1.5,3.0,0.8,2400,0.2,88,86.4,22.94,0.27,1.69,0.261,4.28,15.91,0.181,1.47
55.0,3.0,0.7,1.5,4.5,0.8,2400,0.2,88,86.4,22.94,0.27,1.69,0.261,4.28,15.91,0.181,1.47
55.0,3.0,0.7,1.5,4.5,0.8,14400,0.8,84,83.3,21.9,0.33,1.63,0.261,5.25,15.17,0.181,1.43
55.0,3.0,1.0,2.5,3.0,0.4,1200,0.2,81,80.2,21.12,0.37,1.5,0.261,6.79,14.64,0.181,1.34
55.0,3.0,1.0,2.5,4.5,0.4,1200,0.2,81,80.2,21.12,0.37,1.5,0.261,6.79,14.64,0.181,1.34
55.0,4.0,0.7,1.5,3.0,0.4,,0.4,70,84.3,18.25,0.28,1.5,0.261,6.63,12.65,0.181,1.34
55.0,4.0,0.7,1.5,3.0,0.8,14400,0.2,71,87.3,18.52,0.22,1.54,0.261,6.14,12.84,0.181,1.37
55.0,4.0,0.7,1.5,3.0,0.8,14400,0.4,71,87.3,18.52,0.22,1.54,0.261,6.14,12.84,0.181,1.37
55.0,4.0,0.7,1.5,4.5,0.4,,0.4,70,84.3,18.25,0.28,1.5,0.261,6.63,12.65,0.181,1.34
55.0,4.0,0.7,2.5,3.0,0.4,14400,0.8,73,86.3,19.09,0.25,1.56,0.262,6.54,13.25,0.181,1.38
55.0,4.0,0.7,2.5,4.5,0.4,14400,0.8,73,86.3,19.09,0.25,1.56,0.262,6.54,13.25,0.181,1.38
55.0,4.0,1.0,1.5,3.0,0.6,14400,0.8,71,84.5,18.55,0.27,1.46,0.261,6.42,12.87,0.181,1.31
55.0,2.0,0.7,2.5,3.0,0.6,3600,0.4,104,79.8,27.0,0.46,1.82,0.26,4.0,18.68,0.18,1.54
55.0,2.0,0.7,2.5,4.5,0.6,3600,0.4,104,79.8,27.0,0.46,1.82,0.26,4.0,18.68,0.18,1.54
55.0,4.0,1.0,1.5,4.5,0.6,14400,0.8,71,84.5,18.46,0.27,1.46,0.26,6.42,12.78,0.18,1.31
55.0,5.0,0.7,2.5,3.0,0.4,2400,0.8,106,70.8,27.51,1.17,2.83,0.26,5.0,19.03,0.18,2.08
55.0,5.0,0.7,2.5,4.5,0.4,2400,0.8,106,70.8,27.51,1.17,2.83,0.26,5.0,19.03,0.18,2.08
55.0,2.0,0.7,2.5,4.5,0.6,,0.4,89,73.0,23.03,0.59,1.59,0.259,4.77,15.91,0.179,1.39
55.0,3.0,0.7,2.5,3.0,0.8,2400,0.2,88,86.4,22.77,0.27,1.69,0.259,4.28,15.73,0.179,1.46
55.0,3.0,0.7,2.5,4.5,0.8,2400,0.2,88,86.4,22.77,0.27,1.69,0.259,4.28,15.73,0.179,1.46
55.0,4.0,1.0,1.5,4.5,0.8,7200,0.2,69,84.1,17.88,0.27,1.41,0.259,6.96,12.36,0.179,1.28
55.0,4.0,1.0,1.5,4.5,0.8,7200,0.4,69,84.1,17.88,0.27,1.41,0.259,6.96,12.36,0.179,1.28
55.0,2.0,0.7,1.5,3.0,0.6,3600,0.4,104,79.8,26.85,0.46,1.82,0.258,4.0,18.53,0.178,1.54
55.0,2.0,0.7,1.5,3.0,0.8,,0.4,87,72.4,22.48,0.6,1.59,0.258,4.0,15.52,0.178,1.39
55.0,2.0,0.7,1.5,4.5,0.6,3600,0.4,104,79.8,26.85,0.46,1.82,0.258,4.0,18.53,0.178,1.54
55.0,2.0,1.5,2.5,3.0,0.8,3600,0.2,88,72.7,22.72,0.55,1.47,0.258,6.91,15.68,0.178,1.31
55.0,2.0,1.5,2.5,4.5,0.8,3600,0.2,88,72.7,22.72,0.55,1.47,0.258,6.91,15.68,0.178,1.31
55.0,3.0,1.0,2.5,3.0,0.8,1200,0.4,96,74.0,24.74,0.68,1.93,0.258,3.18,17.06,0.178,1.6
55.0,3.0,1.0,2.5,4.5,0.8,1200,0.4,96,74.0,24.74,0.68,1.93,0.258,3.18,17.06,0.178,1.6
55.0,4.0,0.7,1.5,3.0,0.6,14400,0.2,72,87.5,18.58,0.22,1.54,0.258,6.66,12.82,0.178,1.37
55.0,4.0,0.7,1.5,3.0,0.6,14400,0.4,72,87.5,18.58,0.22,1.54,0.258,6.66,12.82,0.178,1.37
55.0,4.0,0.7,1.5,4.5,0.8,14400,0.2,71,87.3,18.33,0.22,1.54,0.258,6.14,12.65,0.178,1.36
55.0,4.0,0.7,1.5,4.5,0.8,14400,0.4,71,87.3,18.33,0.22,1.54,0.258,6.14,12.65,0.178,1.36
55.0,4.0,1.0,1.5,3.0,0.8,7200,0.2,69,84.1,17.81,0.27,1.4,0.258,6.96,12.29,0.178,1.27
55.0,4.0,1.0,1.5,3.0,0.8,7200,0.4,69,84.1,17.81,0.27,1.4,0.258,6.96,12.29,0.178,1.27
55.0,4.0,1.0,2.5,3.0,0.8,,0.4,67,83.6,17.29,0.27,1.39,0.258,7.11,11.93,0.178,1.27
55.0,5.0,1.5,2.5,3.0,0.6,1200,0.4,84,73.8,21.68,0.59,1.67,0.258,6.18,14.96,0.178,1.44
55.0,5.0,1.5,2.5,4.5,0.6,1200,0.4,84,73.8,21.68,0.59,1.67,0.258,6.18,14.96,0.178,1.44
55.0,2.0,0.7,1.5,3.0,0.8,3600,0.4,104,79.8,26.74,0.46,1.82,0.257,4.0,18.42,0.177,1.53
55.0,2.0,0.7,1.5,4.5,0.8,3600,0.4,104,79.8,26.74,0.46,1.82,0.257,4.0,18.42,0.177,1.53
55.0,2.0,0.7,2.5,3.0,0.4,14400,0.8,102,77.5,26.25,0.49,1.69,0.257,4.0,18.09,0.177,1.45
55.0,2.0,0.7,2.5,4.5,0.4,14400,0.8,102,77.5,26.25,0.49,1.69,0.257,4.0,18.09,0.177,1.45
55.0,4.0,0.7,1.5,4.5,0.6,14400,0.2,72,87.5,18.49,0.22,1.54,0.257,6.66,12.73,0.177,1.37
55.0,4.0,0.7,1.5,4.5,0.6,14400,0.4,72,87.5,18.49,0.22,1.54,0.257,6.66,12.73,0.177,1.37
55.0,4.0,1.0,2.5,3.0,0.4,14400,0.2,70,84.3,18.0,0.26,1.41,0.257,6.96,12.4,0.177,1.28
55.0,4.0,1.0,2.5,3.0,0.4,14400,0.4,70,84.3,18.0,0.26,1.41,0.257,6.96,12.4,0.177,1.28
55.0,4.0,1.0,2.5,3.0,0.6,,0.4,69,84.1,17.77,0.27,1.4,0.258,6.99,12.25,0.177,1.27
55.0,4.0,1.0,2.5,4.5,0.4,14400,0.2,70,84.3,18.0,0.26,1.41,0.257,6.96,12.4,0.177,1.28
55.0,4.0,1.0,2.5,4.5,0.4,14400,0.4,70,84.3,18.0,0.26,1.41,0.257,6.96,12.4,0.177,1.28
55.0,5.0,0.7,1.5,3.0,0.4,2400,0.8,106,70.8,27.2,1.16,2.81,0.257,5.0,18.72,0.177,2.06
55.0,5.0,0.7,1.5,4.5,0.4,2400,0.8,106,70.8,27.2,1.16,2.81,0.257,5.0,18.72,0.177,2.06
55.0,2.0,0.7,1.5,3.0,0.6,,0.4,89,73.0,22.78,0.58,1.58,0.256,4.59,15.66,0.176,1.38
55.0,2.0,0.7,2.5,3.0,0.4,,0.4,90,73.3,23.03,0.58,1.59,0.256,4.68,15.83,0.176,1.38
55.0,2.0,0.7,2.5,3.0,0.8,3600,0.4,104,79.8,26.63,0.46,1.81,0.256,4.0,18.31,0.176,1.53
55.0,2.0,0.7,2.5,4.5,0.4,,0.4,90,73.3,23.03,0.58,1.59,0.256,4.68,15.83,0.176,1.38
55.0,2.0,0.7,2.5,4.5,0.8,3600,0.4,104,79.8,26.63,0.46,1.81,0.256,4.0,18.31,0.176,1.53
55.0,2.0,1.5,2.5,3.0,0.4,14400,0.8,94,73.4,24.04,0.55,1.52,0.256,7.38,16.52,0.176,1.34
55.0,2.0,1.5,2.5,4.5,0.4,14400,0.8,94,73.4,24.04,0.55,1.52,0.256,7.38,16.52,0.176,1.34
55.0,4.0,0.7,2.5,3.0,0.4,7200,0.2,74,87.8,18.93,0.22,1.55,0.256,6.54,13.01,0.176,1.37
55.0,4.0,0.7,2.5,3.0,0.4,7200,0.4,74,87.8,18.93,0.22,1.55,0.256,6.54,13.01,0.176,1.37
55.0,4.0,0.7,2.5,3.0,0.6,14400,0.8,72,86.1,18.46,0.25,1.54,0.256,6.66,12.7,0.176,1.36
55.0,4.0,0.7,2.5,4.5,0.4,7200,0.2,74,87.8,18.93,0.22,1.55,0.256,6.54,13.01,0.176,1.37
55.0,4.0,0.7,2.5,4.5,0.4,7200,0.4,74,87.8,18.93,0.22,1.55,0.256,6.54,13.01,0.176,1.37
55.0,2.0,0.7,1.5,3.0,0.6,14400,0.8,101,77.2,25.76,0.5,1.68,0.255,4.0,17.69,0.175,1.44
55.0,3.0,0.7,2.5,3.0,0.6,2400,0.4,93,78.5,23.69,0.5,1.84,0.255,4.33,16.25,0.175,1.55
55.0,3.0,0.7,2.5,4.5,0.6,2400,0.4,93,78.5,23.69,0.5,1.84,0.255,4.33,16.25,0.175,1.55
55.0,3.0,1.0,2.5,3.0,0.4,7200,0.8,83,75.9,21.19,0.49,1.55,0.255,5.8,14.55,0.175,1.36
55.0,3.0,1.0,2.5,4.5,0.4,7200,0.8,83,75.9,21.19,0.49,1.55,0.255,5.8,14.55,0.175,1.36
55.0,4.0,0.7,2.5,4.5,0.6,14400,0.8,72,86.1,18.37,0.25,1.54,0.255,6.66,12.61,0.175,1.36
55.0,4.0,1.0,1.5,3.0,0.4,7200,0.2,70,84.3,17.86,0.26,1.41,0.255,6.96,12.26,0.175,1.27
55.0,4.0,1.0,1.5,3.0,0.4,7200,0.4,70,84.3,17.86,0.26,1.41,0.255,6.96,12.26,0.175,1.27
55.0,4.0,1.0,1.5,3.0,0.8,14400,0.8,70,84.3,17.85,0.27,1.45,0.255,5.9,12.25,0.175,1.3
55.0,4.0,1.0,1.5,4.5,0.4,7200,0.2,70,84.3,17.86,0.26,1.41,0.255,6.96,12.26,0.175,1.27
55.0,4.0,1.0,1.5,4.5,0.4,7200,0.4,70,84.3,17.86,0.26,1.41,0.255,6.96,12.26,0.175,1.27
55.0,2.0,0.7,1.5,4.5,0.6,14400,0.8,101,77.2,25.67,0.49,1.68,0.254,4.0,17.59,0.174,1.44
55.0,3.0,0.7,1.5,3.0,0.6,2400,0.4,93,78.5,23.66,0.5,1.84,0.254,4.33,16.22,0.174,1.54
55.0,3.0,0.7,1.5,4.5,0.6,2400,0.4,93,78.5,23.66,0.5,1.84,0.254,4.33,16.22,0.174,1.54
55.0,4.0,1.0,1.5,3.0,0.4,,0.4,70,84.3,17.81,0.26,1.4,0.254,6.77,12.21,0.174,1.27
55.0,4.0,1.0,1.5,4.5,0.4,,0.4,70,84.3,17.81,0.26,1.4,0.254,6.77,12.21,0.174,1.27
55.0,4.0,1.0,2.5,4.5,0.6,,0.4,69,84.1,17.51,0.27,1.4,0.254,6.99,11.99,0.174,1.27
55.0,4.0,1.0,2.5,4.5,0.8,,0.4,67,83.6,17.0,0.27,1.39,0.254,7.11,11.64,0.174,1.26
55.0,2.0,0.7,1.5,4.5,0.6,,0.4,89,73.0,22.53,0.58,1.57,0.253,4.59,15.41,0.173,1.37
55.0,2.0,0.7,1.5,4.5,0.8,,0.4,87,72.4,22.04,0.6,1.58,0.253,4.0,15.08,0.173,1.38
55.0,2.0,1.5,2.5,3.0,0.8,2400,0.2,88,72.7,22.25,0.55,1.46,0.253,6.91,15.21,0.173,1.3
55.0,2.0,1.5,2.5,4.5,0.8,2400,0.2,88,72.7,22.25,0.55,1.46,0.253,6.91,15.21,0.173,1.3
55.0,2.0,1.5,2.5,4.5,0.8,7200,0.2,88,72.7,22.22,0.55,1.46,0.252,6.91,15.18,0.173,1.3
55.0,2.0,1.5,2.5,4.5,0.8,7200,0.4,88,72.7,22.22,0.55,1.46,0.252,6.91,15.18,0.173,1.3
55.0,3.0,0.7,1.5,3.0,0.8,2400,0.4,93,78.5,23.49,0.5,1.83,0.253,4.33,16.05,0.173,1.54
55.0,3.0,0.7,1.5,4.5,0.8,2400,0.4,93,78.5,23.49,0.5,1.83,0.253,4.33,16.05,0.173,1.54
55.0,4.0,0.7,1.5,3.0,0.6,,0.4,69,84.1,17.45,0.28,1.48,0.253,6.87,11.93,0.173,1.32
55.0,4.0,1.0,1.5,4.5,0.6,7200,0.2,69,84.1,17.44,0.26,1.4,0.253,6.96,11.92,0.173,1.27
55.0,4.0,1.0,1.5,4.5,0.6,7200,0.4,69,84.1,17.44,0.26,1.4,0.253,6.96,11.92,0.173,1.27
55.0,4.0,1.0,2.5,3.0,0.6,14400,0.2,69,84.1,17.46,0.26,1.4,0.253,6.96,11.94,0.173,1.27
55.0,4.0,1.0,2.5,3.0,0.6,14400,0.4,69,84.1,17.46,0.26,1.4,0.253,6.96,11.94,0.173,1.27
55.0,2.0,0.7,1.5,3.0,0.4,,0.4,90,73.3,22.66,0.57,1.58,0.252,4.55,15.46,0.172,1.37
55.0,2.0,0.7,1.5,4.5,0.4,,0.4,90,73.3,22.66,0.57,1.58,0.252,4.55,15.46,0.172,1.37
55.0,2.0,1.0,2.5,3.0,0.6,,0.4,89,73.0,22.44,0.54,1.47,0.252,7.41,15.32,0.172,1.31
55.0,2.0,1.5,2.5,3.0,0.8,7200,0.2,88,72.7,22.15,0.55,1.46,0.252,6.91,15.11,0.172,1.3
55.0,2.0,1.5,2.5,3.0,0.8,7200,0.4,88,72.7,22.15,0.55,1.46,0.252,6.91,15.11,0.172,1.3
55.0,4.0,1.0,1.5,4.5,0.8,14400,0.8,70,84.3,17.66,0.27,1.44,0.252,5.9,12.06,0.172,1.29
55.0,4.0,1.0,2.5,4.5,0.6,14400,0.2,69,84.1,17.37,0.26,1.39,0.252,6.96,11.85,0.172,1.26
55.0,4.0,1.0,2.5,4.5,0.6,14400,0.4,69,84.1,17.37,0.26,1.39,0.252,6.96,11.85,0.172,1.26
55.0,2.0,0.7,2.5,3.0,0.4,3600,0.2,102,80.4,25.63,0.41,1.7,0.251,4.0,17.47,0.171,1.46
55.0,2.0,0.7,2.5,4.5,0.4,3600,0.2,102,80.4,25.63,0.41,1.7,0.251,4.0,17.47,0.171,1.46
55.0,3.0,0.7,2.5,3.0,0.8,2400,0.4,93,78.5,23.32,0.5,1.83,0.251,4.33,15.88,0.171,1.53
55.0,3.0,0.7,2.5,4.5,0.8,2400,0.4,93,78.5,23.32,0.5,1.83,0.251,4.33,15.88,0.171,1.53
55.0,4.0,1.0,1.5,3.0,0.6,7200,0.2,69,84.1,17.32,0.26,1.39,0.251,6.96,11.8,0.171,1.26
55.0,4.0,1.0,1.5,3.0,0.6,7200,0.4,69,84.1,17.32,0.26,1.39,0.251,6.96,11.8,0.171,1.26
55.0,4.0,1.5,2.5,3.0,0.6,3600,0.2,69,84.1,17.34,0.26,1.39,0.251,7.05,11.82,0.171,1.26
55.0,4.0,1.5,2.5,4.5,0.6,3600,0.2,69,84.1,17.34,0.26,1.39,0.251,7.05,11.82,0.171,1.26
55.0,2.0,1.0,2.5,3.0,0.4,7200,0.2,90,73.3,22.51,0.53,1.47,0.25,7.09,15.31,0.17,1.31
55.0,2.0,1.0,2.5,3.0,0.4,7200,0.4,90,73.3,22.51,0.53,1.47,0.25,7.09,15.31,0.17,1.31
55.0,2.0,1.0,2.5,4.5,0.4,7200,0.2,90,73.3,22.51,0.53,1.47,0.25,7.09,15.31,0.17,1.31
55.0,2.0,1.0,2.5,4.5,0.4,7200,0.4,90,73.3,22.51,0.53,1.47,0.25,7.09,15.31,0.17,1.31
55.0,3.0,1.0,2.5,3.0,0.6,3600,0.4,79,78.5,19.75,0.4,1.47,0.25,7.09,13.43,0.17,1.31
55.0,3.0,1.0,2.5,4.5,0.6,3600,0.4,79,78.5,19.75,0.4,1.47,0.25,7.09,13.43,0.17,1.31
55.0,3.0,1.5,2.5,3.0,0.8,1200,0.2,79,79.7,19.74,0.37,1.47,0.25,6.98,13.42,0.17,1.31
55.0,3.0,1.5,2.5,4.5,0.8,1200,0.2,79,79.7,19.74,0.37,1.47,0.25,6.98,13.42,0.17,1.31
55.0,4.0,1.0,2.5,4.5,0.6,7200,0.2,69,84.1,17.25,0.26,1.39,0.25,6.96,11.73,0.17,1.26
55.0,4.0,1.0,2.5,4.5,0.6,7200,0.4,69,84.1,17.25,0.26,1.39,0.25,6.96,11.73,0.17,1.26
55.0,2.0,1.0,2.5,4.5,0.6,,0.4,89,73.0,22.19,0.54,1.46,0.249,7.41,15.07,0.169,1.3
55.0,4.0,0.7,1.5,4.5,0.6,,0.4,69,84.1,17.2,0.28,1.47,0.249,6.87,11.68,0.169,1.31
55.0,4.0,1.0,2.5,3.0,0.8,14400,0.8,70,84.3,17.42,0.27,1.44,0.249,6.0,11.81,0.169,1.29
55.0,5.0,0.7,2.5,3.0,0.6,2400,0.8,105,70.5,26.19,1.15,2.74,0.249,5.0,17.79,0.169,2.01
55.0,5.0,0.7,2.5,4.5,0.6,2400,0.8,105,70.5,26.19,1.15,2.74,0.249,5.0,17.79,0.169,2.01
55.0,2.0,1.0,2.5,3.0,0.4,,0.4,90,73.3,22.31,0.53,1.46,0.248,7.32,15.11,0.168,1.3
55.0,2.0,1.0,2.5,4.5,0.4,,0.4,90,73.3,22.31,0.53,1.46,0.248,7.32,15.11,0.168,1.3
55.0,3.0,1.0,1.5,3.0,0.6,3600,0.4,79,78.5,19.6,0.4,1.47,0.248,7.09,13.28,0.168,1.31
55.0,3.0,1.0,1.5,4.5,0.6,3600,0.4,79,78.5,19.6,0.4,1.47,0.248,7.09,13.28,0.168,1.31
55.0,4.0,1.0,2.5,3.0,0.6,7200,0.2,69,84.1,17.13,0.26,1.39,0.248,6.96,11.61,0.168,1.26
55.0,4.0,1.0,2.5,3.0,0.6,7200,0.4,69,84.1,17.13,0.26,1.39,0.248,6.96,11.61,0.168,1.26
55.0,5.0,0.7,1.5,3.0,0.6,2400,0.8,105,70.5,26.09,1.15,2.73,0.248,5.0,17.69,0.168,2.0
55.0,5.0,0.7,1.5,3.0,0.8,2400,0.8,105,70.5,25.99,1.14,2.73,0.248,5.0,17.59,0.168,2.0
55.0,5.0,0.7,1.5,4.5,0.6,2400,0.8,105,70.5,26.09,1.15,2.73,0.248,5.0,17.69,0.168,2.0
55.0,5.0,0.7,1.5,4.5,0.8,2400,0.8,105,70.5,25.99,1.14,2.73,0.248,5.0,17.59,0.168,2.0
55.0,2.0,0.7,1.5,3.0,0.4,14400,0.8,102,77.5,25.17,0.48,1.66,0.247,4.0,17.01,0.167,1.43
55.0,2.0,0.7,1.5,4.5,0.4,14400,0.8,102,77.5,25.17,0.48,1.66,0.247,4.0,17.01,0.167,1.43
55.0,2.0,1.0,1.5,3.0,0.6,,0.4,89,73.0,21.94,0.54,1.46,0.247,7.23,14.82,0.167,1.3
55.0,2.0,1.5,2.5,3.0,0.4,2400,0.4,99,67.7,24.47,0.75,1.57,0.247,4.91,16.55,0.167,1.36
55.0,2.0,1.5,2.5,4.5,0.4,2400,0.4,99,67.7,24.47,0.75,1.57,0.247,4.91,16.55,0.167,1.36
55.0,4.0,0.7,1.5,3.0,0.8,,0.4,67,83.6,16.57,0.29,1.45,0.247,6.02,11.21,0.167,1.3
55.0,2.0,0.7,1.5,3.0,0.4,3600,0.2,102,80.4,25.08,0.41,1.68,0.246,4.0,16.92,0.166,1.44
55.0,2.0,0.7,1.5,4.5,0.4,3600,0.2,102,80.4,25.08,0.41,1.68,0.246,4.0,16.92,0.166,1.44
55.0,4.0,0.7,1.5,3.0,0.4,7200,0.2,74,87.8,18.19,0.21,1.53,0.246,6.54,12.27,0.166,1.35
55.0,4.0,0.7,1.5,3.0,0.4,7200,0.4,74,87.8,18.19,0.21,1.53,0.246,6.54,12.27,0.166,1.35
55.0,4.0,0.7,1.5,4.5,0.4,7200,0.2,74,87.8,18.19,0.21,1.53,0.246,6.54,12.27,0.166,1.35
55.0,4.0,0.7,1.5,4.5,0.4,7200,0.4,74,87.8,18.19,0.21,1.53,0.246,6.54,12.27,0.166,1.35
55.0,4.0,0.7,1.5,4.5,0.8,7200,0.2,73,87.7,17.96,0.21,1.53,0.246,6.57,12.12,0.166,1.35
55.0,4.0,0.7,1.5,4.5,0.8,7200,0.4,73,87.7,17.96,0.21,1.53,0.246,6.57,12.12,0.166,1.35
55.0,4.0,0.7,2.5,3.0,0.8,14400,0.8,71,85.9,17.44,0.25,1.51,0.246,6.24,11.76,0.166,1.34
55.0,4.0,1.0,1.5,3.0,0.4,14400,0.2,70,84.3,17.22,0.26,1.39,0.246,6.96,11.62,0.166,1.26
55.0,4.0,1.0,1.5,3.0,0.4,14400,0.4,70,84.3,17.22,0.26,1.39,0.246,6.96,11.62,0.166,1.26
55.0,4.0,1.0,1.5,4.5,0.4,14400,0.2,70,84.3,17.22,0.26,1.39,0.246,6.96,11.62,0.166,1.26
55.0,4.0,1.0,1.5,4.5,0.4,14400,0.4,70,84.3,17.22,0.26,1.39,0.246,6.96,11.62,0.166,1.26
55.0,4.0,1.0,2.5,4.5,0.8,7200,0.2,69,84.1,16.99,0.26,1.39,0.246,6.96,11.47,0.166,1.26
55.0,4.0,1.0,2.5,4.5,0.8,7200,0.4,69,84.1,16.99,0.26,1.39,0.246,6.96,11.47,0.166,1.26
55.0,4.0,1.0,2.5,4.5,0.8,14400,0.8,70,84.3,17.22,0.27,1.43,0.246,6.0,11.62,0.166,1.28
55.0,4.0,1.5,2.5,3.0,0.4,3600,0.4,70,81.4,17.23,0.32,1.39,0.246,6.67,11.63,0.166,1.26
55.0,4.0,1.5,2.5,4.5,0.4,3600,0.4,70,81.4,17.23,0.32,1.39,0.246,6.67,11.63,0.166,1.26
55.0,5.0,0.7,2.5,3.0,0.8,2400,0.8,105,70.5,25.82,1.14,2.72,0.246,5.0,17.42,0.166,1.99
55.0,5.0,0.7,2.5,4.5,0.8,2400,0.8,105,70.5,25.82,1.14,2.72,0.246,5.0,17.42,0.166,1.99
55.0,4.0,0.7,1.5,3.0,0.8,7200,0.2,73,87.7,17.89,0.21,1.52,0.245,6.57,12.05,0.165,1.35
55.0,4.0,0.7,1.5,3.0,0.8,7200,0.4,73,87.7,17.89,0.21,1.52,0.245,6.57,12.05,0.165,1.35
55.0,4.0,1.0,1.5,3.0,0.6,,0.4,69,84.1,16.89,0.26,1.38,0.245,6.82,11.37,0.165,1.25
55.0,4.0,1.0,2.5,3.0,0.8,7200,0.2,69,84.1,16.91,0.26,1.38,0.245,6.96,11.39,0.165,1.25
55.0,4.0,1.0,2.5,3.0,0.8,7200,0.4,69,84.1,16.91,0.26,1.38,0.245,6.96,11.39,0.165,1.25
55.0,4.0,1.5,2.5,3.0,0.6,2400,0.2,69,84.1,16.89,0.26,1.38,0.245,7.05,11.37,0.165,1.25
55.0,4.0,1.5,2.5,3.0,0.8,14400,0.8,70,84.3,17.15,0.27,1.43,0.245,6.43,11.55,0.165,1.28
55.0,4.0,1.5,2.5,4.5,0.6,2400,0.2,69,84.1,16.89,0.26,1.38,0.245,7.05,11.37,0.165,1.25
55.0,2.0,1.0,1.5,3.0,0.4,,0.4,90,73.3,21.94,0.53,1.46,0.244,7.19,14.74,0.164,1.3
55.0,2.0,1.0,1.5,4.5,0.4,,0.4,90,73.3,21.94,0.53,1.46,0.244,7.19,14.74,0.164,1.3
55.0,2.0,1.0,1.5,4.5,0.6,,0.4,89,73.0,21.69,0.54,1.45,0.244,7.23,14.57,0.164,1.29
55.0,2.0,1.0,1.5,4.5,0.8,7200,0.2,89,73.0,21.71,0.54,1.45,0.244,7.36,14.59,0.164,1.29
55.0,2.0,1.0,1.5,4.5,0.8,7200,0.4,89,73.0,21.71,0.54,1.45,0.244,7.36,14.59,0.164,1.29
55.0,2.0,1.0,2.5,3.0,0.6,14400,0.2,89,73.0,21.73,0.54,1.45,0.244,6.93,14.61,0.164,1.29
55.0,2.0,1.0,2.5,3.0,0.6,14400,0.4,89,73.0,21.73,0.54,1.45,0.244,6.93,14.61,0.164,1.29
55.0,2.0,1.0,2.5,3.0,0.8,,0.4,87,72.4,21.21,0.55,1.44,0.244,6.57,14.25,0.164,1.29
55.0,2.0,1.5,2.5,3.0,0.8,14400,0.8,92,72.8,22.41,0.55,1.48,0.244,6.91,15.05,0.164,1.31
55.0,4.0,1.0,1.5,3.0,0.6,14400,0.2,69,84.1,16.82,0.26,1.38,0.244,6.96,11.3,0.164,1.25
55.0,4.0,1.0,1.5,3.0,0.6,14400,0.4,69,84.1,16.82,0.26,1.38,0.244,6.96,11.3,0.164,1.25
55.0,4.0,1.5,2.5,4.5,0.6,7200,0.2,69,84.1,16.85,0.26,1.38,0.244,7.05,11.33,0.164,1.25
55.0,4.0,1.5,2.5,4.5,0.6,7200,0.4,69,84.1,16.85,0.26,1.38,0.244,7.05,11.33,0.164,1.25
55.0,5.0,0.7,2.5,3.0,0.4,7200,0.8,72,81.9,17.56,0.35,1.59,0.244,5.29,11.8,0.164,1.38
55.0,5.0,0.7,2.5,4.5,0.4,7200,0.8,72,81.9,17.56,0.35,1.59,0.244,5.29,11.8,0.164,1.38
55.0,2.0,1.0,1.5,3.0,0.8,7200,0.2,89,73.0,21.63,0.54,1.45,0.243,7.36,14.51,0.163,1.29
55.0,2.0,1.0,1.5,3.0,0.8,7200,0.4,89,73.0,21.63,0.54,1.45,0.243,7.36,14.51,0.163,1.29
55.0,2.0,1.0,2.5,4.5,0.6,14400,0.2,89,73.0,21.64,0.54,1.45,0.243,6.93,14.52,0.163,1.29
55.0,2.0,1.0,2.5,4.5,0.6,14400,0.4,89,73.0,21.64,0.54,1.45,0.243,6.93,14.52,0.163,1.29
55.0,3.0,1.0,1.5,3.0,0.4,7200,0.8,83,75.9,20.21,0.49,1.53,0.243,5.8,13.57,0.163,1.34
55.0,3.0,1.0,1.5,4.5,0.4,7200,0.8,83,75.9,20.21,0.49,1.53,0.243,5.8,13.57,0.163,1.34
55.0,4.0,0.7,1.5,4.5,0.8,,0.4,67,83.6,16.29,0.28,1.45,0.243,5.96,10.93,0.163,1.29
55.0,4.0,0.7,2.5,4.5,0.8,14400,0.8,71,85.9,17.25,0.25,1.51,0.243,6.24,11.57,0.163,1.33
55.0,2.0,0.7,2.5,3.0,0.6,3600,0.2,101,80.2,24.46,0.41,1.67,0.242,4.0,16.38,0.162,1.43
55.0,2.0,0.7,2.5,4.5,0.6,3600,0.2,101,80.2,24.46,0.41,1.67,0.242,4.0,16.38,0.162,1.43
55.0,2.0,1.0,1.5,3.0,0.4,7200,0.2,90,73.3,21.79,0.53,1.45,0.242,7.09,14.59,0.162,1.29
55.0,2.0,1.0,1.5,3.0,0.4,7200,0.4,90,73.3,21.79,0.53,1.45,0.242,7.09,14.59,0.162,1.29
55.0,2.0,1.0,1.5,4.5,0.4,7200,0.2,90,73.3,21.79,0.53,1.45,0.242,7.09,14.59,0.162,1.29
55.0,2.0,1.0,1.5,4.5,0.4,7200,0.4,90,73.3,21.79,0.53,1.45,0.242,7.09,14.59,0.162,1.29
55.0,3.0,1.0,1.5,3.0,0.6,1200,0.2,80,80.0,19.4,0.37,1.46,0.242,6.79,13.0,0.162,1.3
55.0,3.0,1.0,1.5,3.0,0.8,3600,0.4,79,78.5,19.12,0.4,1.45,0.242,7.09,12.8,0.162,1.29
55.0,3.0,1.0,1.5,4.5,0.6,1200,0.2,80,80.0,19.4,0.37,1.46,0.242,6.79,13.0,0.162,1.3
55.0,3.0,1.0,1.5,4.5,0.8,3600,0.4,79,78.5,19.12,0.4,1.45,0.242,7.09,12.8,0.162,1.29
55.0,3.0,1.0,2.5,3.0,0.8,3600,0.4,79,78.5,19.08,0.4,1.45,0.242,7.09,12.76,0.162,1.29
55.0,3.0,1.0,2.5,4.5,0.8,3600,0.4,79,78.5,19.08,0.4,1.45,0.242,7.09,12.76,0.162,1.29
55.0,4.0,1.0,1.5,4.5,0.6,14400,0.2,69,84.1,16.73,0.26,1.38,0.242,6.96,11.21,0.162,1.25
55.0,4.0,1.0,1.5,4.5,0.6,14400,0.4,69,84.1,16.73,0.26,1.38,0.242,6.96,11.21,0.162,1.25
55.0,4.0,1.5,2.5,3.0,0.6,7200,0.2,69,84.1,16.73,0.26,1.38,0.242,7.05,11.21,0.162,1.25
55.0,4.0,1.5,2.5,3.0,0.6,7200,0.4,69,84.1,16.73,0.26,1.38,0.242,7.05,11.21,0.162,1.25
55.0,4.0,1.5,2.5,4.5,0.8,14400,0.8,70,84.3,16.95,0.27,1.42,0.242,6.43,11.35,0.162,1.28
55.0,2.0,0.7,1.5,3.0,0.6,3600,0.2,101,80.2,24.31,0.41,1.66,0.241,4.0,16.23,0.161,1.42
55.0,2.0,0.7,1.5,4.5,0.6,3600,0.2,101,80.2,24.31,0.41,1.66,0.241,4.0,16.23,0.161,1.42
55.0,2.0,0.7,2.5,3.0,0.4,2400,0.4,110,74.5,26.54,0.64,1.88,0.241,4.0,17.74,0.161,1.55
55.0,2.0,0.7,2.5,4.5,0.4,2400,0.4,110,74.5,26.54,0.64,1.88,0.241,4.0,17.74,0.161,1.55
55.0,2.0,1.5,2.5,4.5,0.8,14400,0.8,92,72.8,22.22,0.55,1.48,0.242,6.91,14.86,0.161,1.31
55.0,3.0,1.0,2.5,4.5,0.6,7200,0.8,82,75.6,19.74,0.49,1.52,0.241,5.74,13.18,0.161,1.33
55.0,4.0,0.7,1.5,3.0,0.4,14400,0.8,73,86.3,17.57,0.24,1.51,0.241,6.54,11.73,0.161,1.34
55.0,4.0,0.7,1.5,4.5,0.4,14400,0.8,73,86.3,17.57,0.24,1.51,0.241,6.54,11.73,0.161,1.34
55.0,4.0,1.0,1.5,4.5,0.6,,0.4,69,84.1,16.64,0.26,1.38,0.241,6.82,11.12,0.161,1.25
55.0,2.0,0.7,1.5,3.0,0.4,2400,0.4,110,74.5,26.38,0.64,1.87,0.24,4.0,17.58,0.16,1.54
55.0,2.0,0.7,1.5,3.0,0.8,2400,0.4,109,74.3,26.12,0.64,1.86,0.24,4.0,17.4,0.16,1.54
55.0,2.0,0.7,1.5,3.0,0.8,3600,0.2,101,80.2,24.2,0.41,1.66,0.24,4.0,16.12,0.16,1.42
55.0,2.0,0.7,1.5,4.5,0.4,2400,0.4,110,74.5,26.38,0.64,1.87,0.24,4.0,17.58,0.16,1.54
55.0,2.0,0.7,1.5,4.5,0.8,2400,0.4,109,74.3,26.12,0.64,1.86,0.24,4.0,17.4,0.16,1.54
55.0,2.0,0.7,1.5,4.5,0.8,3600,0.2,101,80.2,24.2,0.41,1.66,0.24,4.0,16.12,0.16,1.42
55.0,2.0,1.0,1.5,4.5,0.6,7200,0.2,89,73.0,21.33,0.53,1.44,0.24,7.33,14.21,0.16,1.28
55.0,2.0,1.0,1.5,4.5,0.6,7200,0.4,89,73.0,21.33,0.53,1.44,0.24,7.33,14.21,0.16,1.28
55.0,2.0,1.0,2.5,4.5,0.6,7200,0.2,89,73.0,21.4,0.53,1.45,0.24,7.33,14.28,0.16,1.29
55.0,2.0,1.0,2.5,4.5,0.6,7200,0.4,89,73.0,21.4,0.53,1.45,0.24,7.33,14.28,0.16,1.29
55.0,2.0,1.5,2.5,3.0,0.6,1200,0.2,91,71.4,21.85,0.58,1.45,0.24,6.48,14.57,0.16,1.29
55.0,2.0,1.5,2.5,4.5,0.6,1200,0.2,91,71.4,21.85,0.58,1.45,0.24,6.48,14.57,0.16,1.29
55.0,3.0,1.0,1.5,4.5,0.6,7200,0.8,82,75.6,19.64,0.49,1.51,0.24,5.72,13.08,0.16,1.33
55.0,3.0,1.0,1.5,4.5,0.8,7200,0.8,82,75.6,19.67,0.49,1.51,0.24,5.76,13.11,0.16,1.33
55.0,4.0,0.7,2.5,4.5,0.6,7200,0.2,73,87.7,17.55,0.21,1.51,0.24,6.66,11.71,0.16,1.34
55.0,4.0,0.7,2.5,4.5,0.6,7200,0.4,73,87.7,17.55,0.21,1.51,0.24,6.66,11.71,0.16,1.34
55.0,4.0,0.7,2.5,4.5,0.8,7200,0.2,73,87.7,17.54,0.21,1.51,0.24,6.57,11.7,0.16,1.34
55.0,4.0,0.7,2.5,4.5,0.8,7200,0.4,73,87.7,17.54,0.21,1.51,0.24,6.57,11.7,0.16,1.34
55.0,4.0,1.0,2.5,3.0,0.4,3600,0.2,70,84.3,16.81,0.26,1.38,0.24,6.96,11.21,0.16,1.25
55.0,4.0,1.0,2.5,4.5,0.4,3600,0.2,70,84.3,16.81,0.26,1.38,0.24,6.96,11.21,0.16,1.25
55.0,2.0,0.7,2.5,3.0,0.8,3600,0.2,101,80.2,24.09,0.41,1.66,0.239,4.0,16.01,0.159,1.42
55.0,2.0,0.7,2.5,4.5,0.8,3600,0.2,101,80.2,24.09,0.41,1.66,0.239,4.0,16.01,0.159,1.42
55.0,2.0,1.0,2.5,3.0,0.6,7200,0.2,89,73.0,21.27,0.53,1.44,0.239,7.33,14.15,0.159,1.28
55.0,2.0,1.0,2.5,3.0,0.6,7200,0.4,89,73.0,21.27,0.53,1.44,0.239,7.33,14.15,0.159,1.28
55.0,2.0,1.0,2.5,4.5,0.8,7200,0.2,89,73.0,21.24,0.53,1.44,0.239,7.36,14.12,0.159,1.28
55.0,2.0,1.0,2.5,4.5,0.8,7200,0.4,89,73.0,21.24,0.53,1.44,0.239,7.36,14.12,0.159,1.28
55.0,2.0,1.0,2.5,4.5,0.8,,0.4,87,72.4,20.77,0.55,1.43,0.239,6.51,13.81,0.159,1.28
55.0,3.0,1.0,1.5,3.0,0.8,7200,0.8,82,75.6,19.59,0.49,1.51,0.239,5.76,13.03,0.159,1.33
55.0,3.0,1.0,2.5,3.0,0.6,7200,0.8,82,75.6,19.61,0.49,1.51,0.239,5.74,13.05,0.159,1.33
55.0,4.0,0.7,2.5,3.0,0.6,7200,0.2,73,87.7,17.43,0.21,1.51,0.239,6.66,11.59,0.159,1.33
55.0,4.0,0.7,2.5,3.0,0.6,7200,0.4,73,87.7,17.43,0.21,1.51,0.239,6.66,11.59,0.159,1.33
55.0,4.0,0.7,2.5,3.0,0.8,7200,0.2,73,87.7,17.47,0.21,1.51,0.239,6.57,11.63,0.159,1.33
55.0,4.0,0.7,2.5,3.0,0.8,7200,0.4,73,87.7,17.47,0.21,1.51,0.239,6.57,11.63,0.159,1.33
55.0,4.0,1.5,2.5,3.0,0.4,2400,0.8,109,68.8,26.01,0.96,2.12,0.239,4.24,17.29,0.159,1.67
55.0,4.0,1.5,2.5,4.5,0.4,2400,0.8,109,68.8,26.01,0.96,2.12,0.239,4.24,17.29,0.159,1.67
55.0,5.0,1.5,2.5,3.0,0.8,1200,0.4,83,73.5,19.81,0.58,1.61,0.239,6.58,13.17,0.159,1.39
55.0,5.0,1.5,2.5,4.5,0.8,1200,0.4,83,73.5,19.81,0.58,1.61,0.239,6.58,13.17,0.159,1.39
55.0,2.0,0.7,1.5,3.0,0.6,2400,0.4,109,74.3,25.98,0.64,1.86,0.238,4.0,17.26,0.158,1.53
55.0,2.0,0.7,1.5,4.5,0.6,2400,0.4,109,74.3,25.98,0.64,1.86,0.238,4.0,17.26,0.158,1.53
55.0,2.0,0.7,2.5,3.0,0.6,2400,0.4,109,74.3,25.89,0.64,1.86,0.238,4.0,17.17,0.158,1.53
55.0,2.0,0.7,2.5,4.5,0.6,2400,0.4,109,74.3,25.89,0.64,1.86,0.238,4.0,17.17,0.158,1.53
55.0,2.0,1.0,1.5,3.0,0.6,7200,0.2,89,73.0,21.2,0.53,1.44,0.238,7.33,14.08,0.158,1.28
55.0,2.0,1.0,1.5,3.0,0.6,7200,0.4,89,73.0,21.2,0.53,1.44,0.238,7.33,14.08,0.158,1.28
55.0,2.0,1.0,2.5,3.0,0.8,7200,0.2,89,73.0,21.16,0.53,1.44,0.238,7.36,14.04,0.158,1.28
55.0,2.0,1.0,2.5,3.0,0.8,7200,0.4,89,73.0,21.16,0.53,1.44,0.238,7.36,14.04,0.158,1.28
55.0,3.0,1.0,1.5,3.0,0.6,7200,0.8,82,75.6,19.52,0.49,1.51,0.238,5.72,12.96,0.158,1.32
55.0,3.0,1.0,2.5,3.0,0.6,1200,0.2,80,80.0,19.05,0.36,1.45,0.238,6.79,12.65,0.158,1.29
55.0,3.0,1.0,2.5,4.5,0.6,1200,0.2,80,80.0,19.05,0.36,1.45,0.238,6.79,12.65,0.158,1.29
55.0,4.0,0.7,1.5,4.5,0.6,7200,0.2,73,87.7,17.41,0.21,1.51,0.238,6.66,11.57,0.158,1.33
55.0,4.0,0.7,1.5,4.5,0.6,7200,0.4,73,87.7,17.41,0.21,1.51,0.238,6.66,11.57,0.158,1.33
55.0,4.0,0.7,1.5,3.0,0.6,7200,0.2,73,87.7,17.28,0.21,1.51,0.237,6.66,11.44,0.157,1.33
55.0,4.0,0.7,1.5,3.0,0.6,7200,0.4,73,87.7,17.28,0.21,1.51,0.237,6.66,11.44,0.157,1.33
55.0,4.0,0.7,1.5,3.0,0.8,14400,0.8,71,85.9,16.83,0.24,1.49,0.237,6.14,11.15,0.157,1.32
55.0,4.0,1.0,1.5,3.0,0.8,14400,0.2,68,83.8,16.12,0.26,1.37,0.237,6.96,10.68,0.157,1.24
55.0,4.0,1.0,1.5,3.0,0.8,14400,0.4,68,83.8,16.12,0.26,1.37,0.237,6.96,10.68,0.157,1.24
55.0,2.0,0.7,2.5,3.0,0.8,2400,0.4,109,74.3,25.76,0.64,1.85,0.236,4.0,17.04,0.156,1.52
55.0,2.0,0.7,2.5,4.5,0.8,2400,0.4,109,74.3,25.76,0.64,1.85,0.236,4.0,17.04,0.156,1.52
55.0,2.0,1.5,2.5,3.0,0.6,2400,0.4,98,67.3,23.13,0.74,1.54,0.236,5.71,15.29,0.156,1.33
55.0,2.0,1.5,2.5,4.5,0.6,2400,0.4,98,67.3,23.13,0.74,1.54,0.236,5.71,15.29,0.156,1.33
55.0,2.0,1.0,1.5,3.0,0.6,14400,0.2,89,73.0,20.87,0.53,1.43,0.234,6.84,13.75,0.155,1.28
55.0,2.0,1.0,1.5,3.0,0.6,14400,0.4,89,73.0,20.87,0.53,1.43,0.234,6.84,13.75,0.155,1.28
55.0,2.0,1.0,2.5,3.0,0.4,14400,0.2,90,73.3,21.17,0.52,1.44,0.235,7.11,13.97,0.155,1.28
55.0,2.0,1.0,2.5,3.0,0.4,14400,0.4,90,73.3,21.17,0.52,1.44,0.235,7.11,13.97,0.155,1.28
55.0,2.0,1.0,2.5,4.5,0.4,14400,0.2,90,73.3,21.17,0.52,1.44,0.235,7.11,13.97,0.155,1.28
55.0,2.0,1.0,2.5,4.5,0.4,14400,0.4,90,73.3,21.17,0.52,1.44,0.235,7.11,13.97,0.155,1.28
55.0,3.0,1.0,1.5,3.0,0.8,1200,0.2,80,80.0,18.77,0.36,1.45,0.235,6.79,12.37,0.155,1.29
55.0,3.0,1.0,1.5,4.5,0.8,1200,0.2,80,80.0,18.77,0.36,1.45,0.235,6.79,12.37,0.155,1.29
55.0,4.0,0.7,1.5,3.0,0.6,14400,0.8,72,86.1,16.89,0.24,1.5,0.235,6.66,11.13,0.155,1.32
55.0,4.0,1.0,1.5,3.0,0.8,,0.4,67,83.6,15.77,0.27,1.36,0.235,6.87,10.41,0.155,1.23
55.0,4.0,1.0,2.5,3.0,0.4,2400,0.2,70,84.3,16.46,0.26,1.37,0.235,6.96,10.86,0.155,1.24
55.0,4.0,1.0,2.5,4.5,0.4,2400,0.2,70,84.3,16.46,0.26,1.37,0.235,6.96,10.86,0.155,1.24
55.0,2.0,1.0,1.5,3.0,0.8,,0.4,87,72.4,20.32,0.54,1.42,0.234,6.6,13.36,0.154,1.27
55.0,4.0,0.7,1.5,4.5,0.8,14400,0.8,71,85.9,16.64,0.24,1.49,0.234,6.14,10.96,0.154,1.31
55.0,4.0,1.0,1.5,4.5,0.8,14400,0.2,68,83.8,15.93,0.26,1.36,0.234,6.96,10.49,0.154,1.23
55.0,4.0,1.0,1.5,4.5,0.8,14400,0.4,68,83.8,15.93,0.26,1.36,0.234,6.96,10.49,0.154,1.23
55.0,2.0,1.0,1.5,3.0,0.4,1200,0.4,113,70.8,26.38,0.75,1.81,0.233,4.0,17.34,0.153,1.49
55.0,2.0,1.0,1.5,4.5,0.4,1200,0.4,113,70.8,26.38,0.75,1.81,0.233,4.0,17.34,0.153,1.49
55.0,2.0,1.0,1.5,4.5,0.6,14400,0.2,89,73.0,20.78,0.53,1.43,0.233,6.84,13.66,0.153,1.27
55.0,2.0,1.0,1.5,4.5,0.6,14400,0.4,89,73.0,20.78,0.53,1.43,0.233,6.84,13.66,0.153,1.27
55.0,2.0,1.5,2.5,3.0,0.4,1200,0.2,92,71.7,21.42,0.57,1.45,0.233,6.65,14.06,0.153,1.28
55.0,2.0,1.5,2.5,4.5,0.4,1200,0.2,92,71.7,21.42,0.57,1.45,0.233,6.65,14.06,0.153,1.28
55.0,4.0,0.7,1.5,4.5,0.6,14400,0.8,72,86.1,16.8,0.24,1.49,0.233,6.66,11.04,0.153,1.32
55.0,4.0,1.0,1.5,3.0,0.4,2400,0.2,70,84.3,16.32,0.26,1.37,0.233,6.96,10.72,0.153,1.24
55.0,4.0,1.0,1.5,3.0,0.4,3600,0.2,70,84.3,16.3,0.26,1.37,0.233,6.96,10.7,0.153,1.24
55.0,4.0,1.0,1.5,4.5,0.4,2400,0.2,70,84.3,16.32,0.26,1.37,0.233,6.96,10.72,0.153,1.24
55.0,4.0,1.0,1.5,4.5,0.4,3600,0.2,70,84.3,16.3,0.26,1.37,0.233,6.96,10.7,0.153,1.24
55.0,2.0,1.0,2.5,3.0,0.4,1200,0.4,113,70.8,26.19,0.74,1.8,0.232,4.0,17.15,0.152,1.49
55.0,2.0,1.0,2.5,4.5,0.4,1200,0.4,113,70.8,26.19,0.74,1.8,0.232,4.0,17.15,0.152,1.49
55.0,3.0,1.0,2.5,3.0,0.8,7200,0.8,82,75.6,18.99,0.48,1.5,0.232,5.78,12.43,0.152,1.31
55.0,3.0,1.0,2.5,4.5,0.8,7200,0.8,82,75.6,19.06,0.48,1.5,0.232,5.78,12.5,0.152,1.31
55.0,4.0,1.0,2.5,3.0,0.8,14400,0.2,68,83.8,15.74,0.26,1.36,0.231,6.96,10.3,0.152,1.23
55.0,4.0,1.0,2.5,3.0,0.8,14400,0.4,68,83.8,15.74,0.26,1.36,0.231,6.96,10.3,0.152,1.23
55.0,4.0,1.5,2.5,3.0,0.8,14400,0.2,68,83.8,15.78,0.26,1.36,0.232,6.76,10.34,0.152,1.23
55.0,4.0,1.5,2.5,3.0,0.8,14400,0.4,68,83.8,15.78,0.26,1.36,0.232,6.76,10.34,0.152,1.23
55.0,2.0,1.5,2.5,3.0,0.8,1200,0.2,90,71.1,20.8,0.58,1.43,0.231,5.8,13.6,0.151,1.27
55.0,2.0,1.5,2.5,4.5,0.8,1200,0.2,90,71.1,20.8,0.58,1.43,0.231,5.8,13.6,0.151,1.27
55.0,4.0,1.0,1.5,4.5,0.8,,0.4,67,83.6,15.49,0.27,1.35,0.231,6.87,10.13,0.151,1.23
55.0,4.0,1.0,2.5,3.0,0.4,2400,0.8,109,68.8,25.2,0.95,2.09,0.231,4.24,16.48,0.151,1.63
55.0,4.0,1.0,2.5,4.5,0.4,2400,0.8,109,68.8,25.2,0.95,2.09,0.231,4.24,16.48,0.151,1.63
55.0,5.0,0.7,1.5,3.0,0.4,7200,0.8,72,81.9,16.61,0.34,1.56,0.231,5.29,10.85,0.151,1.35
55.0,5.0,0.7,1.5,4.5,0.4,7200,0.8,72,81.9,16.61,0.34,1.56,0.231,5.29,10.85,0.151,1.35
55.0,2.0,1.0,1.5,3.0,0.4,14400,0.2,90,73.3,20.73,0.52,1.43,0.23,6.98,13.53,0.15,1.27
55.0,2.0,1.0,1.5,3.0,0.4,14400,0.4,90,73.3,20.73,0.52,1.43,0.23,6.98,13.53,0.15,1.27
55.0,2.0,1.0,1.5,3.0,0.8,14400,0.2,88,72.7,20.23,0.53,1.42,0.23,6.44,13.19,0.15,1.26
55.0,2.0,1.0,1.5,3.0,0.8,14400,0.4,88,72.7,20.23,0.53,1.42,0.23,6.44,13.19,0.15,1.26
55.0,2.0,1.0,1.5,4.5,0.4,14400,0.2,90,73.3,20.73,0.52,1.43,0.23,6.98,13.53,0.15,1.27
55.0,2.0,1.0,1.5,4.5,0.4,14400,0.4,90,73.3,20.73,0.52,1.43,0.23,6.98,13.53,0.15,1.27
55.0,2.0,1.0,2.5,3.0,0.8,14400,0.2,88,72.7,20.21,0.53,1.42,0.23,6.63,13.17,0.15,1.26
55.0,2.0,1.0,2.5,3.0,0.8,14400,0.4,88,72.7,20.21,0.53,1.42,0.23,6.63,13.17,0.15,1.26
55.0,4.0,1.5,2.5,3.0,0.8,3600,0.2,68,83.8,15.65,0.26,1.36,0.23,6.76,10.21,0.15,1.23
55.0,4.0,1.5,2.5,4.5,0.8,3600,0.2,68,83.8,15.65,0.26,1.36,0.23,6.76,10.21,0.15,1.23
55.0,5.0,0.7,2.5,4.5,0.6,7200,0.8,71,81.7,16.3,0.35,1.55,0.23,5.29,10.62,0.15,1.35
55.0,4.0,1.0,2.5,4.5,0.8,14400,0.2,68,83.8,15.55,0.26,1.35,0.229,6.96,10.11,0.149,1.23
55.0,4.0,1.0,2.5,4.5,0.8,14400,0.4,68,83.8,15.55,0.26,1.35,0.229,6.96,10.11,0.149,1.23
55.0,4.0,1.5,2.5,4.5,0.8,14400,0.2,68,83.8,15.59,0.26,1.35,0.229,6.76,10.15,0.149,1.23
55.0,4.0,1.5,2.5,4.5,0.8,14400,0.4,68,83.8,15.59,0.26,1.35,0.229,6.76,10.15,0.149,1.23
55.0,5.0,0.7,1.5,4.5,0.8,7200,0.8,71,81.7,16.28,0.35,1.55,0.229,5.29,10.6,0.149,1.35
55.0,2.0,1.0,1.5,4.5,0.8,14400,0.2,88,72.7,20.04,0.53,1.42,0.228,6.44,13.0,0.148,1.26
55.0,2.0,1.0,1.5,4.5,0.8,14400,0.4,88,72.7,20.04,0.53,1.42,0.228,6.44,13.0,0.148,1.26
55.0,2.0,1.0,1.5,4.5,0.8,,0.4,87,72.4,19.88,0.54,1.41,0.229,6.54,12.92,0.148,1.26
55.0,2.0,1.0,2.5,3.0,0.4,3600,0.2,90,73.3,20.56,0.52,1.43,0.228,7.02,13.36,0.148,1.27
55.0,2.0,1.0,2.5,3.0,0.6,14400,0.8,93,73.1,21.2,0.54,1.46,0.228,6.93,13.76,0.148,1.28
55.0,2.0,1.0,2.5,4.5,0.4,3600,0.2,90,73.3,20.56,0.52,1.43,0.228,7.02,13.36,0.148,1.27
55.0,3.0,1.0,2.5,3.0,0.8,1200,0.2,80,80.0,18.21,0.36,1.43,0.228,6.79,11.81,0.148,1.27
55.0,3.0,1.0,2.5,4.5,0.8,1200,0.2,80,80.0,18.21,0.36,1.43,0.228,6.79,11.81,0.148,1.27
55.0,4.0,1.0,1.5,3.0,0.4,2400,0.8,109,68.8,24.89,0.94,2.07,0.228,4.24,16.17,0.148,1.62
55.0,4.0,1.0,1.5,4.5,0.4,2400,0.8,109,68.8,24.89,0.94,2.07,0.228,4.24,16.17,0.148,1.62
55.0,5.0,0.7,1.5,3.0,0.8,7200,0.8,71,81.7,16.2,0.35,1.55,0.228,5.29,10.52,0.148,1.34
55.0,5.0,0.7,2.5,3.0,0.6,7200,0.8,71,81.7,16.17,0.35,1.55,0.228,5.29,10.49,0.148,1.34
55.0,2.0,0.7,2.5,3.0,0.4,2400,0.2,102,80.4,23.2,0.4,1.63,0.227,4.0,15.04,0.147,1.39
55.0,2.0,0.7,2.5,4.5,0.4,2400,0.2,102,80.4,23.2,0.4,1.63,0.227,4.0,15.04,0.147,1.39
55.0,2.0,1.0,2.5,4.5,0.6,14400,0.8,93,73.1,21.1,0.54,1.46,0.227,6.93,13.66,0.147,1.28
55.0,2.0,1.0,2.5,4.5,0.8,14400,0.2,88,72.7,20.01,0.53,1.42,0.227,6.63,12.98,0.147,1.26
55.0,2.0,1.0,2.5,4.5,0.8,14400,0.4,88,72.7,20.01,0.53,1.42,0.227,6.63,12.98,0.147,1.26
55.0,3.0,0.7,2.5,3.0,0.4,7200,0.8,88,77.3,19.95,0.47,1.59,0.227,4.83,12.91,0.147,1.36
55.0,3.0,0.7,2.5,4.5,0.4,7200,0.8,88,77.3,19.95,0.47,1.59,0.227,4.83,12.91,0.147,1.36
55.0,5.0,0.7,2.5,4.5,0.8,7200,0.8,71,81.7,16.15,0.35,1.55,0.227,5.29,10.47,0.147,1.34
55.0,2.0,0.7,1.5,3.0,0.4,2400,0.2,102,80.4,23.03,0.4,1.63,0.226,4.0,14.87,0.146,1.39
55.0,2.0,0.7,1.5,4.5,0.4,2400,0.2,102,80.4,23.03,0.4,1.63,0.226,4.0,14.87,0.146,1.39
55.0,3.0,1.5,2.5,3.0,0.4,3600,0.8,103,70.9,23.33,0.7,1.71,0.227,6.29,15.09,0.146,1.42
55.0,3.0,1.5,2.5,4.5,0.4,3600,0.8,103,70.9,23.33,0.7,1.71,0.227,6.29,15.09,0.146,1.42
55.0,5.0,0.7,2.5,3.0,0.8,7200,0.8,71,81.7,16.08,0.35,1.54,0.226,5.29,10.4,0.146,1.34
55.0,2.0,0.7,1.5,3.0,0.8,2400,0.2,101,80.2,22.78,0.4,1.62,0.226,4.0,14.7,0.145,1.38
55.0,2.0,0.7,1.5,4.5,0.8,2400,0.2,101,80.2,22.78,0.4,1.62,0.226,4.0,14.7,0.145,1.38
55.0,2.0,1.5,2.5,3.0,0.4,3600,0.4,94,70.2,21.2,0.61,1.44,0.226,8.55,13.68,0.145,1.27
55.0,2.0,1.5,2.5,4.5,0.4,3600,0.4,94,70.2,21.2,0.61,1.44,0.226,8.55,13.68,0.145,1.27
55.0,2.0,0.7,1.5,3.0,0.6,2400,0.2,101,80.2,22.63,0.4,1.62,0.224,4.0,14.55,0.144,1.38
55.0,2.0,0.7,1.5,4.5,0.6,2400,0.2,101,80.2,22.63,0.4,1.62,0.224,4.0,14.55,0.144,1.38
55.0,2.0,0.7,2.5,3.0,0.6,2400,0.2,101,80.2,22.54,0.4,1.61,0.223,4.0,14.47,0.143,1.38
55.0,2.0,0.7,2.5,4.5,0.6,2400,0.2,101,80.2,22.54,0.4,1.61,0.223,4.0,14.47,0.143,1.38
55.0,2.0,1.0,1.5,3.0,0.4,3600,0.2,90,73.3,20.06,0.52,1.42,0.223,7.02,12.86,0.143,1.26
55.0,2.0,1.0,1.5,3.0,0.6,1200,0.4,112,70.5,24.93,0.74,1.76,0.223,4.0,15.97,0.143,1.45
55.0,2.0,1.0,1.5,4.5,0.4,3600,0.2,90,73.3,20.06,0.52,1.42,0.223,7.02,12.86,0.143,1.26
55.0,2.0,1.0,1.5,4.5,0.6,1200,0.4,112,70.5,24.93,0.74,1.76,0.223,4.0,15.97,0.143,1.45
55.0,2.0,1.5,2.5,3.0,0.8,2400,0.4,97,67.0,21.6,0.74,1.5,0.223,5.43,13.84,0.143,1.3
55.0,2.0,1.5,2.5,4.5,0.8,2400,0.4,97,67.0,21.6,0.74,1.5,0.223,5.43,13.84,0.143,1.3
55.0,4.0,1.5,2.5,3.0,0.8,2400,0.2,68,83.8,15.18,0.26,1.35,0.223,6.76,9.74,0.143,1.22
55.0,4.0,1.5,2.5,4.5,0.8,2400,0.2,68,83.8,15.18,0.26,1.35,0.223,6.76,9.74,0.143,1.22
55.0,5.0,0.7,1.5,4.5,0.6,7200,0.8,71,81.7,15.86,0.34,1.54,0.223,5.29,10.18,0.143,1.33
55.0,5.0,0.7,2.5,3.0,0.4,2400,0.4,73,82.2,16.25,0.34,1.58,0.223,5.42,10.41,0.143,1.36
55.0,5.0,0.7,2.5,4.5,0.4,2400,0.4,73,82.2,16.25,0.34,1.58,0.223,5.42,10.41,0.143,1.36
55.0,2.0,0.7,2.5,3.0,0.8,2400,0.2,101,80.2,22.42,0.4,1.61,0.222,4.0,14.34,0.142,1.37
55.0,2.0,0.7,2.5,4.5,0.8,2400,0.2,101,80.2,22.42,0.4,1.61,0.222,4.0,14.34,0.142,1.37
55.0,2.0,1.0,2.5,3.0,0.4,2400,0.2,90,73.3,20.02,0.52,1.42,0.222,6.88,12.82,0.142,1.26
55.0,2.0,1.0,2.5,4.5,0.4,2400,0.2,90,73.3,20.02,0.52,1.42,0.222,6.88,12.82,0.142,1.26
55.0,4.0,1.5,2.5,3.0,0.6,3600,0.4,69,81.2,15.34,0.31,1.35,0.222,7.05,9.82,0.142,1.22
55.0,4.0,1.5,2.5,4.5,0.6,3600,0.4,69,81.2,15.34,0.31,1.35,0.222,7.05,9.82,0.142,1.22
55.0,5.0,0.7,1.5,3.0,0.6,7200,0.8,71,81.7,15.73,0.34,1.53,0.222,5.29,10.05,0.142,1.33
55.0,5.0,1.5,2.5,3.0,0.4,7200,0.8,67,79.1,14.84,0.37,1.4,0.221,6.19,9.49,0.142,1.25
55.0,5.0,1.5,2.5,4.5,0.4,7200,0.8,67,79.1,14.84,0.37,1.4,0.221,6.19,9.49,0.142,1.25
55.0,2.0,1.0,1.5,3.0,0.4,2400,0.2,90,73.3,19.9,0.51,1.41,0.221,6.88,12.7,0.141,1.25
55.0,2.0,1.0,1.5,3.0,0.8,1200,0.4,112,70.5,24.71,0.73,1.76,0.221,4.0,15.75,0.141,1.45
55.0,2.0,1.0,1.5,4.5,0.4,2400,0.2,90,73.3,19.9,0.51,1.41,0.221,6.88,12.7,0.141,1.25
55.0,2.0,1.0,1.5,4.5,0.8,1200,0.4,112,70.5,24.71,0.73,1.76,0.221,4.0,15.75,0.141,1.45
55.0,5.0,0.7,2.5,3.0,0.4,3600,0.8,89,75.3,19.68,0.61,1.86,0.221,5.0,12.56,0.141,1.51
55.0,5.0,0.7,2.5,4.5,0.4,3600,0.8,89,75.3,19.68,0.61,1.86,0.221,5.0,12.56,0.141,1.51
55.0,2.0,1.0,2.5,3.0,0.4,14400,0.8,94,73.4,20.64,0.52,1.45,0.22,7.11,13.12,0.14,1.27
55.0,2.0,1.0,2.5,3.0,0.6,1200,0.4,112,70.5,24.6,0.73,1.75,0.22,4.0,15.64,0.14,1.44
55.0,2.0,1.0,2.5,4.5,0.4,14400,0.8,94,73.4,20.64,0.52,1.45,0.22,7.11,13.12,0.14,1.27
55.0,2.0,1.0,2.5,4.5,0.6,1200,0.4,112,70.5,24.6,0.73,1.75,0.22,4.0,15.64,0.14,1.44
55.0,3.0,0.7,1.5,3.0,0.4,1200,0.4,110,76.4,24.15,0.65,2.09,0.22,3.18,15.35,0.14,1.63
55.0,3.0,0.7,1.5,4.5,0.4,1200,0.4,110,76.4,24.15,0.65,2.09,0.22,3.18,15.35,0.14,1.63
55.0,4.0,0.7,2.5,3.0,0.4,3600,0.2,75,88.0,16.52,0.2,1.48,0.22,6.39,10.52,0.14,1.3
55.0,4.0,0.7,2.5,4.5,0.4,3600,0.2,75,88.0,16.52,0.2,1.48,0.22,6.39,10.52,0.14,1.3
55.0,4.0,1.0,1.5,3.0,0.8,2400,0.2,69,84.1,15.17,0.26,1.34,0.22,6.96,9.65,0.14,1.22
55.0,4.0,1.0,1.5,4.5,0.8,2400,0.2,69,84.1,15.17,0.26,1.34,0.22,6.96,9.65,0.14,1.22
55.0,4.0,1.5,2.5,3.0,0.4,1200,0.2,71,83.1,15.6,0.28,1.35,0.22,6.67,9.92,0.14,1.22
55.0,4.0,1.5,2.5,4.5,0.4,1200,0.2,71,83.1,15.6,0.28,1.35,0.22,6.67,9.92,0.14,1.22
55.0,5.0,0.7,1.5,3.0,0.4,2400,0.4,73,82.2,16.08,0.34,1.57,0.22,5.42,10.24,0.14,1.35
55.0,5.0,0.7,1.5,4.5,0.4,2400,0.4,73,82.2,16.08,0.34,1.57,0.22,5.42,10.24,0.14,1.35
55.0,2.0,1.0,1.5,3.0,0.6,14400,0.8,93,73.1,20.4,0.53,1.44,0.219,6.84,12.96,0.139,1.27
55.0,2.0,1.5,2.5,3.0,0.6,3600,0.4,93,69.9,20.4,0.61,1.42,0.219,8.58,12.96,0.139,1.26
55.0,2.0,1.5,2.5,4.5,0.6,3600,0.4,93,69.9,20.4,0.61,1.42,0.219,8.58,12.96,0.139,1.26
55.0,4.0,1.0,1.5,3.0,0.6,2400,0.2,69,84.1,15.08,0.25,1.34,0.219,6.96,9.56,0.139,1.21
55.0,4.0,1.0,1.5,4.5,0.6,2400,0.2,69,84.1,15.08,0.25,1.34,0.219,6.96,9.56,0.139,1.21
55.0,2.0,1.0,1.5,4.5,0.6,14400,0.8,93,73.1,20.31,0.53,1.44,0.218,6.84,12.87,0.138,1.27
55.0,3.0,0.7,2.5,3.0,0.4,1200,0.4,110,76.4,24.02,0.64,2.08,0.218,3.18,15.22,0.138,1.62
55.0,3.0,0.7,2.5,4.5,0.4,1200,0.4,110,76.4,24.02,0.64,2.08,0.218,3.18,15.22,0.138,1.62
55.0,4.0,1.0,1.5,3.0,0.6,2400,0.8,108,68.5,23.56,0.93,2.02,0.218,4.24,14.92,0.138,1.57
55.0,4.0,1.0,1.5,3.0,0.8,2400,0.8,108,68.5,23.54,0.93,2.02,0.218,4.24,14.89,0.138,1.57
55.0,4.0,1.0,1.5,4.5,0.6,2400,0.8,108,68.5,23.56,0.93,2.02,0.218,4.24,14.92,0.138,1.57
55.0,4.0,1.0,1.5,4.5,0.8,2400,0.8,108,68.5,23.54,0.93,2.02,0.218,4.24,14.89,0.138,1.57
55.0,4.0,1.0,2.5,3.0,0.6,2400,0.8,108,68.5,23.55,0.93,2.02,0.218,4.24,14.91,0.138,1.57
55.0,4.0,1.0,2.5,4.5,0.6,2400,0.8,108,68.5,23.55,0.93,2.02,0.218,4.24,14.91,0.138,1.57
55.0,2.0,1.0,1.5,3.0,0.4,14400,0.8,94,73.4,20.26,0.52,1.44,0.216,6.98,12.74,0.136,1.26
55.0,2.0,1.0,1.5,4.5,0.4,14400,0.8,94,73.4,20.26,0.52,1.44,0.216,6.98,12.74,0.136,1.26
55.0,2.0,1.0,2.5,3.0,0.8,1200,0.4,112,70.5,24.24,0.73,1.74,0.216,4.0,15.28,0.136,1.43
55.0,2.0,1.0,2.5,4.5,0.8,1200,0.4,112,70.5,24.24,0.73,1.74,0.216,4.0,15.28,0.136,1.43
55.0,4.0,1.0,2.5,3.0,0.6,2400,0.2,69,84.1,14.89,0.25,1.34,0.216,6.96,9.37,0.136,1.21
55.0,4.0,1.0,2.5,4.5,0.6,2400,0.2,69,84.1,14.89,0.25,1.34,0.216,6.96,9.37,0.136,1.21
55.0,2.0,1.0,1.5,3.0,0.8,14400,0.8,92,72.8,19.75,0.53,1.43,0.215,6.44,12.39,0.135,1.26
55.0,3.0,0.7,1.5,3.0,0.4,7200,0.8,88,77.3,18.96,0.46,1.56,0.215,4.83,11.92,0.135,1.34
55.0,3.0,0.7,1.5,4.5,0.4,7200,0.8,88,77.3,18.96,0.46,1.56,0.215,4.83,11.92,0.135,1.34
55.0,4.0,1.0,2.5,3.0,0.8,2400,0.8,108,68.5,23.18,0.92,2.0,0.215,4.24,14.54,0.135,1.56
55.0,4.0,1.0,2.5,4.5,0.8,2400,0.8,108,68.5,23.18,0.92,2.0,0.215,4.24,14.54,0.135,1.56
55.0,5.0,0.7,1.5,3.0,0.4,3600,0.8,89,75.3,19.14,0.6,1.84,0.215,5.0,12.02,0.135,1.49
55.0,5.0,0.7,1.5,4.5,0.4,3600,0.8,89,75.3,19.14,0.6,1.84,0.215,5.0,12.02,0.135,1.49
55.0,2.0,1.0,2.5,3.0,0.8,14400,0.8,92,72.8,19.67,0.53,1.43,0.214,6.63,12.31,0.134,1.25
55.0,2.0,1.5,2.5,3.0,0.8,3600,0.4,92,69.6,19.72,0.62,1.41,0.214,8.1,12.36,0.134,1.24
55.0,2.0,1.5,2.5,4.5,0.8,3600,0.4,92,69.6,19.72,0.62,1.41,0.214,8.1,12.36,0.134,1.24
55.0,4.0,0.7,1.5,3.0,0.4,1200,0.4,105,77.1,22.45,0.59,1.99,0.214,4.12,14.05,0.134,1.57
55.0,4.0,0.7,1.5,4.5,0.4,1200,0.4,105,77.1,22.45,0.59,1.99,0.214,4.12,14.05,0.134,1.57
55.0,4.0,1.0,2.5,3.0,0.6,3600,0.2,69,84.1,14.74,0.25,1.34,0.214,6.96,9.22,0.134,1.21
55.0,4.0,1.0,2.5,4.5,0.6,3600,0.2,69,84.1,14.74,0.25,1.34,0.214,6.96,9.22,0.134,1.21
55.0,4.0,1.5,2.5,4.5,0.8,7200,0.2,68,83.8,14.58,0.26,1.33,0.214,6.76,9.14,0.134,1.2
55.0,4.0,1.5,2.5,4.5,0.8,7200,0.4,68,83.8,14.58,0.26,1.33,0.214,6.76,9.14,0.134,1.2
55.0,2.0,1.0,1.5,4.5,0.8,14400,0.8,92,72.8,19.56,0.53,1.42,0.213,6.44,12.2,0.133,1.25
55.0,2.0,1.5,2.5,3.0,0.4,3600,0.8,117,66.7,24.97,0.86,1.73,0.213,4.39,15.61,0.133,1.42
55.0,2.0,1.5,2.5,3.0,0.4,7200,0.8,99,69.7,21.07,0.64,1.48,0.213,4.0,13.15,0.133,1.28
55.0,2.0,1.5,2.5,3.0,0.8,7200,0.8,98,69.4,20.84,0.65,1.47,0.213,4.0,12.99,0.133,1.28
55.0,2.0,1.5,2.5,4.5,0.4,3600,0.8,117,66.7,24.97,0.86,1.73,0.213,4.39,15.61,0.133,1.42
55.0,2.0,1.5,2.5,4.5,0.4,7200,0.8,99,69.7,21.07,0.64,1.48,0.213,4.0,13.15,0.133,1.28
55.0,2.0,1.5,2.5,4.5,0.8,7200,0.8,98,69.4,20.91,0.65,1.47,0.213,4.0,13.07,0.133,1.28
55.0,4.0,0.7,1.5,3.0,0.4,3600,0.2,75,88.0,15.97,0.2,1.47,0.213,6.39,9.97,0.133,1.29
55.0,4.0,0.7,1.5,4.5,0.4,3600,0.2,75,88.0,15.97,0.2,1.47,0.213,6.39,9.97,0.133,1.29
55.0,4.0,0.7,2.5,3.0,0.4,1200,0.4,105,77.1,22.33,0.59,1.98,0.213,4.12,13.93,0.133,1.56
55.0,4.0,0.7,2.5,4.5,0.4,1200,0.4,105,77.1,22.33,0.59,1.98,0.213,4.12,13.93,0.133,1.56
55.0,4.0,1.0,1.5,3.0,0.6,3600,0.2,69,84.1,14.7,0.25,1.33,0.213,6.96,9.18,0.133,1.2
55.0,4.0,1.0,1.5,4.5,0.6,3600,0.2,69,84.1,14.7,0.25,1.33,0.213,6.96,9.18,0.133,1.2
55.0,4.0,1.5,2.5,3.0,0.4,3600,0.8,99,71.7,21.08,0.64,1.62,0.213,4.59,13.16,0.133,1.36
55.0,4.0,1.5,2.5,3.0,0.8,7200,0.2,68,83.8,14.51,0.26,1.33,0.213,6.76,9.07,0.133,1.2
55.0,4.0,1.5,2.5,3.0,0.8,7200,0.4,68,83.8,14.51,0.26,1.33,0.213,6.76,9.07,0.133,1.2
55.0,4.0,1.5,2.5,4.5,0.4,3600,0.8,99,71.7,21.08,0.64,1.62,0.213,4.59,13.16,0.133,1.36
55.0,2.0,1.0,2.5,4.5,0.8,14400,0.8,92,72.8,19.48,0.53,1.42,0.212,6.63,12.12,0.132,1.25
55.0,4.0,1.0,2.5,3.0,0.8,2400,0.2,69,84.1,14.64,0.25,1.33,0.212,6.96,9.12,0.132,1.2
55.0,4.0,1.0,2.5,4.5,0.8,2400,0.2,69,84.1,14.64,0.25,1.33,0.212,6.96,9.12,0.132,1.2
55.0,4.0,1.5,2.5,3.0,0.8,2400,0.8,108,68.5,22.86,0.91,1.99,0.212,4.24,14.22,0.132,1.55
55.0,4.0,1.5,2.5,4.5,0.8,2400,0.8,108,68.5,22.86,0.91,1.99,0.212,4.24,14.22,0.132,1.55
55.0,2.0,1.0,1.5,3.0,0.8,2400,0.2,89,73.0,18.75,0.51,1.39,0.211,6.91,11.63,0.131,1.23
55.0,2.0,1.0,1.5,4.5,0.8,2400,0.2,89,73.0,18.75,0.51,1.39,0.211,6.91,11.63,0.131,1.23
55.0,2.0,1.5,2.5,4.5,0.6,7200,0.8,98,69.4,20.7,0.65,1.47,0.211,4.0,12.86,0.131,1.28
55.0,3.0,0.7,1.5,3.0,0.6,1200,0.4,109,76.1,23.0,0.64,2.03,0.211,3.18,14.28,0.131,1.59
55.0,3.0,0.7,1.5,4.5,0.6,1200,0.4,109,76.1,23.0,0.64,2.03,0.211,3.18,14.28,0.131,1.59
55.0,3.0,0.7,2.5,4.5,0.6,7200,0.8,87,77.0,18.34,0.46,1.54,0.211,4.95,11.38,0.131,1.32
55.0,4.0,1.0,1.5,3.0,0.8,3600,0.2,69,84.1,14.54,0.25,1.33,0.211,6.96,9.01,0.131,1.2
55.0,4.0,1.0,1.5,4.5,0.8,3600,0.2,69,84.1,14.54,0.25,1.33,0.211,6.96,9.01,0.131,1.2
55.0,5.0,0.7,1.5,3.0,0.4,1200,0.2,73,89.0,15.4,0.19,1.51,0.211,5.44,9.56,0.131,1.31
55.0,5.0,0.7,1.5,3.0,0.8,2400,0.4,72,81.9,15.21,0.34,1.54,0.211,5.42,9.45,0.131,1.32
55.0,5.0,0.7,1.5,4.5,0.4,1200,0.2,73,89.0,15.4,0.19,1.51,0.211,5.44,9.56,0.131,1.31
55.0,5.0,0.7,1.5,4.5,0.8,2400,0.4,72,81.9,15.21,0.34,1.54,0.211,5.42,9.45,0.131,1.32
55.0,5.0,0.7,2.5,3.0,0.4,1200,0.2,73,89.0,15.38,0.19,1.51,0.211,5.43,9.54,0.131,1.31
55.0,5.0,0.7,2.5,3.0,0.6,2400,0.4,72,81.9,15.17,0.34,1.54,0.211,5.42,9.41,0.131,1.32
55.0,5.0,0.7,2.5,4.5,0.4,1200,0.2,73,89.0,15.38,0.19,1.51,0.211,5.43,9.54,0.131,1.31
55.0,5.0,0.7,2.5,4.5,0.6,2400,0.4,72,81.9,15.17,0.34,1.54,0.211,5.42,9.41,0.131,1.32
55.0,2.0,1.0,1.5,3.0,0.6,2400,0.2,89,73.0,18.65,0.51,1.39,0.21,6.91,11.53,0.13,1.23
55.0,2.0,1.0,1.5,4.5,0.6,2400,0.2,89,73.0,18.65,0.51,1.39,0.21,6.91,11.53,0.13,1.23
55.0,2.0,1.5,2.5,3.0,0.6,7200,0.8,98,69.4,20.57,0.65,1.47,0.21,4.0,12.73,0.13,1.27
55.0,5.0,0.7,1.5,3.0,0.6,2400,0.4,72,81.9,15.14,0.34,1.54,0.21,5.42,9.38,0.13,1.32
55.0,5.0,0.7,1.5,4.5,0.6,2400,0.4,72,81.9,15.14,0.34,1.54,0.21,5.42,9.38,0.13,1.32
55.0,3.0,0.7,2.5,3.0,0.6,1200,0.4,109,76.1,22.81,0.63,2.03,0.209,3.18,14.09,0.129,1.58
55.0,3.0,0.7,2.5,3.0,0.6,7200,0.8,87,77.0,18.21,0.46,1.54,0.209,4.95,11.25,0.129,1.32
55.0,3.0,0.7,2.5,4.5,0.6,1200,0.4,109,76.1,22.81,0.63,2.03,0.209,3.18,14.09,0.129,1.58
55.0,4.0,1.5,2.5,3.0,0.6,2400,0.8,108,68.5,22.62,0.91,1.98,0.209,4.24,13.98,0.129,1.54
55.0,4.0,1.5,2.5,4.5,0.6,2400,0.8,108,68.5,22.62,0.91,1.98,0.209,4.24,13.98,0.129,1.54
55.0,5.0,0.7,2.5,3.0,0.8,2400,0.4,72,81.9,15.04,0.34,1.53,0.209,5.42,9.28,0.129,1.32
55.0,5.0,0.7,2.5,4.5,0.8,2400,0.4,72,81.9,15.04,0.34,1.53,0.209,5.42,9.28,0.129,1.32
55.0,2.0,1.0,2.5,3.0,0.6,3600,0.2,89,73.0,18.48,0.51,1.39,0.208,7.05,11.36,0.128,1.23
55.0,2.0,1.0,2.5,4.5,0.6,3600,0.2,89,73.0,18.48,0.51,1.39,0.208,7.05,11.36,0.128,1.23
55.0,2.0,1.5,2.5,3.0,0.8,3600,0.8,116,66.4,24.15,0.86,1.7,0.208,4.39,14.87,0.128,1.4
55.0,2.0,1.5,2.5,4.5,0.8,3600,0.8,116,66.4,24.15,0.86,1.7,0.208,4.39,14.87,0.128,1.4
55.0,3.0,0.7,1.5,3.0,0.8,7200,0.8,87,77.0,18.06,0.46,1.53,0.208,4.86,11.1,0.128,1.31
55.0,3.0,0.7,1.5,4.5,0.8,7200,0.8,87,77.0,18.13,0.46,1.54,0.208,4.86,11.17,0.128,1.32
55.0,2.0,1.0,1.5,3.0,0.6,3600,0.2,89,73.0,18.45,0.51,1.38,0.207,7.05,11.33,0.127,1.23
55.0,2.0,1.0,1.5,4.5,0.6,3600,0.2,89,73.0,18.45,0.51,1.38,0.207,7.05,11.33,0.127,1.23
55.0,2.0,1.0,2.5,3.0,0.6,2400,0.2,89,73.0,18.45,0.51,1.38,0.207,6.91,11.33,0.127,1.23
55.0,2.0,1.0,2.5,4.5,0.6,2400,0.2,89,73.0,18.45,0.51,1.38,0.207,6.91,11.33,0.127,1.23
55.0,3.0,0.7,1.5,3.0,0.8,1200,0.4,109,76.1,22.59,0.63,2.02,0.207,3.18,13.87,0.127,1.57
55.0,3.0,0.7,1.5,4.5,0.6,7200,0.8,87,77.0,18.04,0.46,1.53,0.207,4.95,11.08,0.127,1.31
55.0,3.0,0.7,1.5,4.5,0.8,1200,0.4,109,76.1,22.59,0.63,2.02,0.207,3.18,13.87,0.127,1.57
55.0,3.0,1.5,2.5,3.0,0.8,3600,0.8,102,70.6,21.12,0.68,1.64,0.207,6.29,12.96,0.127,1.36
55.0,3.0,1.5,2.5,4.5,0.8,3600,0.8,102,70.6,21.12,0.68,1.64,0.207,6.29,12.96,0.127,1.36
55.0,4.0,0.7,2.5,3.0,0.4,2400,0.2,75,88.0,15.54,0.2,1.46,0.207,6.39,9.54,0.127,1.27
55.0,4.0,0.7,2.5,3.0,0.4,3600,0.8,99,72.7,20.46,0.69,1.85,0.207,4.51,12.54,0.127,1.47
55.0,4.0,0.7,2.5,4.5,0.4,2400,0.2,75,88.0,15.54,0.2,1.46,0.207,6.39,9.54,0.127,1.27
55.0,4.0,0.7,2.5,4.5,0.4,3600,0.8,99,72.7,20.46,0.69,1.85,0.207,4.51,12.54,0.127,1.47
55.0,3.0,0.7,1.5,3.0,0.6,7200,0.8,87,77.0,17.91,0.46,1.53,0.206,4.95,10.95,0.126,1.31
55.0,3.0,1.5,2.5,3.0,0.6,3600,0.8,102,70.6,21.03,0.68,1.64,0.206,6.29,12.87,0.126,1.36
55.0,3.0,1.5,2.5,4.5,0.6,3600,0.8,102,70.6,21.03,0.68,1.64,0.206,6.29,12.87,0.126,1.36
55.0,4.0,0.7,2.5,3.0,0.4,2400,0.4,84,81.0,17.31,0.37,1.55,0.206,4.0,10.59,0.126,1.33
55.0,4.0,0.7,2.5,4.5,0.4,2400,0.4,84,81.0,17.31,0.37,1.55,0.206,4.0,10.59,0.126,1.33
55.0,4.0,1.0,2.5,3.0,0.8,3600,0.2,69,84.1,14.25,0.25,1.32,0.207,6.96,8.73,0.126,1.19
55.0,4.0,1.0,2.5,4.5,0.8,3600,0.2,69,84.1,14.25,0.25,1.32,0.207,6.96,8.73,0.126,1.19
55.0,2.0,1.0,1.5,3.0,0.4,2400,0.4,99,67.7,20.27,0.7,1.47,0.205,4.29,12.35,0.125,1.27
55.0,2.0,1.0,1.5,3.0,0.8,3600,0.2,89,73.0,18.28,0.51,1.38,0.205,7.05,11.16,0.125,1.22
55.0,2.0,1.0,1.5,4.5,0.4,2400,0.4,99,67.7,20.27,0.7,1.47,0.205,4.29,12.35,0.125,1.27
55.0,2.0,1.0,1.5,4.5,0.8,3600,0.2,89,73.0,18.28,0.51,1.38,0.205,7.05,11.16,0.125,1.22
55.0,2.0,1.0,2.5,3.0,0.4,2400,0.4,99,67.7,20.34,0.7,1.47,0.205,4.29,12.42,0.125,1.27
55.0,2.0,1.0,2.5,3.0,0.8,2400,0.2,89,73.0,18.2,0.51,1.38,0.204,6.91,11.08,0.125,1.22
55.0,2.0,1.0,2.5,4.5,0.4,2400,0.4,99,67.7,20.34,0.7,1.47,0.205,4.29,12.42,0.125,1.27
55.0,2.0,1.0,2.5,4.5,0.8,2400,0.2,89,73.0,18.2,0.51,1.38,0.204,6.91,11.08,0.125,1.22
55.0,3.0,0.7,2.5,3.0,0.8,1200,0.4,109,76.1,22.33,0.63,2.0,0.205,3.18,13.61,0.125,1.56
55.0,3.0,0.7,2.5,4.5,0.8,1200,0.4,109,76.1,22.33,0.63,2.0,0.205,3.18,13.61,0.125,1.56
55.0,3.0,0.7,2.5,4.5,0.8,7200,0.8,87,77.0,17.8,0.46,1.53,0.205,4.86,10.84,0.125,1.31
55.0,4.0,0.7,1.5,3.0,0.4,2400,0.2,75,88.0,15.37,0.2,1.45,0.205,6.39,9.37,0.125,1.27
55.0,4.0,0.7,1.5,3.0,0.6,1200,0.4,104,76.9,21.31,0.58,1.94,0.205,4.12,12.99,0.125,1.53
55.0,4.0,0.7,1.5,4.5,0.4,2400,0.2,75,88.0,15.37,0.2,1.45,0.205,6.39,9.37,0.125,1.27
55.0,4.0,0.7,1.5,4.5,0.6,1200,0.4,104,76.9,21.31,0.58,1.94,0.205,4.12,12.99,0.125,1.53
55.0,4.0,1.0,2.5,3.0,0.4,3600,0.4,70,81.4,14.34,0.3,1.33,0.205,6.96,8.74,0.125,1.19
55.0,4.0,1.0,2.5,4.5,0.4,3600,0.4,70,81.4,14.34,0.3,1.33,0.205,6.96,8.74,0.125,1.19
55.0,4.0,1.5,2.5,3.0,0.8,3600,0.4,68,80.9,13.97,0.31,1.32,0.205,6.76,8.53,0.125,1.19
55.0,4.0,1.5,2.5,4.5,0.8,3600,0.4,68,80.9,13.97,0.31,1.32,0.205,6.76,8.53,0.125,1.19
55.0,5.0,0.7,2.5,3.0,0.6,3600,0.8,88,75.0,18.07,0.6,1.79,0.205,5.0,11.03,0.125,1.45
55.0,5.0,0.7,2.5,4.5,0.6,3600,0.8,88,75.0,18.07,0.6,1.79,0.205,5.0,11.03,0.125,1.45
55.0,3.0,0.7,2.5,3.0,0.8,7200,0.8,87,77.0,17.72,0.45,1.52,0.204,4.86,10.76,0.124,1.3
55.0,4.0,0.7,1.5,3.0,0.4,2400,0.4,84,81.0,17.14,0.36,1.55,0.204,4.0,10.42,0.124,1.32
55.0,4.0,0.7,1.5,4.5,0.4,2400,0.4,84,81.0,17.14,0.36,1.55,0.204,4.0,10.42,0.124,1.32
55.0,5.0,1.5,2.5,3.0,0.4,2400,0.8,104,69.2,21.22,0.79,1.78,0.204,5.24,12.9,0.124,1.43
55.0,5.0,1.5,2.5,4.5,0.4,2400,0.8,104,69.2,21.22,0.79,1.78,0.204,5.24,12.9,0.124,1.43
55.0,4.0,0.7,2.5,3.0,0.6,1200,0.4,104,76.9,21.12,0.58,1.93,0.203,4.12,12.8,0.123,1.52
55.0,4.0,0.7,2.5,4.5,0.6,1200,0.4,104,76.9,21.12,0.58,1.93,0.203,4.12,12.8,0.123,1.52
55.0,2.0,1.0,2.5,3.0,0.8,3600,0.2,89,73.0,17.99,0.51,1.37,0.202,7.05,10.87,0.122,1.22
55.0,2.0,1.0,2.5,4.5,0.8,3600,0.2,89,73.0,17.99,0.51,1.37,0.202,7.05,10.87,0.122,1.22
55.0,4.0,0.7,2.5,3.0,0.6,3600,0.2,74,87.8,14.94,0.2,1.44,0.202,6.39,9.02,0.122,1.26
55.0,4.0,0.7,2.5,4.5,0.6,3600,0.2,74,87.8,14.94,0.2,1.44,0.202,6.39,9.02,0.122,1.26
55.0,4.0,1.5,2.5,3.0,0.8,3600,0.8,98,71.4,19.79,0.63,1.58,0.202,4.99,11.95,0.122,1.33
55.0,4.0,1.5,2.5,4.5,0.8,3600,0.8,98,71.4,19.79,0.63,1.58,0.202,4.99,11.95,0.122,1.33
55.0,5.0,0.7,1.5,3.0,0.6,3600,0.8,88,75.0,17.8,0.59,1.78,0.202,5.0,10.76,0.122,1.44
55.0,5.0,0.7,1.5,4.5,0.6,3600,0.8,88,75.0,17.8,0.59,1.78,0.202,5.0,10.76,0.122,1.44
55.0,2.0,1.5,2.5,3.0,0.6,3600,0.8,116,66.4,23.29,0.85,1.68,0.201,4.39,14.01,0.121,1.37
55.0,2.0,1.5,2.5,4.5,0.6,3600,0.8,116,66.4,23.29,0.85,1.68,0.201,4.39,14.01,0.121,1.37
55.0,4.0,0.7,1.5,3.0,0.4,3600,0.8,99,72.7,19.92,0.68,1.82,0.201,4.51,12.0,0.121,1.45
55.0,4.0,0.7,1.5,3.0,0.8,1200,0.4,104,76.9,20.9,0.58,1.92,0.201,4.12,12.58,0.121,1.51
55.0,4.0,0.7,1.5,4.5,0.4,3600,0.8,99,72.7,19.92,0.68,1.82,0.201,4.51,12.0,0.121,1.45
55.0,4.0,0.7,1.5,4.5,0.8,1200,0.4,104,76.9,20.9,0.58,1.92,0.201,4.12,12.58,0.121,1.51
55.0,4.0,0.7,2.5,3.0,0.4,3600,0.4,75,85.3,15.1,0.25,1.44,0.201,6.39,9.1,0.121,1.26
55.0,4.0,0.7,2.5,4.5,0.4,3600,0.4,75,85.3,15.1,0.25,1.44,0.201,6.39,9.1,0.121,1.26
55.0,4.0,1.5,2.5,3.0,0.6,1200,0.2,70,82.9,14.04,0.27,1.32,0.201,6.95,8.44,0.121,1.19
55.0,4.0,1.5,2.5,4.5,0.6,1200,0.2,70,82.9,14.04,0.27,1.32,0.201,6.95,8.44,0.121,1.19
55.0,5.0,0.7,2.5,3.0,0.8,3600,0.8,88,75.0,17.69,0.59,1.78,0.201,5.0,10.65,0.121,1.43
55.0,5.0,0.7,2.5,4.5,0.8,3600,0.8,88,75.0,17.69,0.59,1.78,0.201,5.0,10.65,0.121,1.43
55.0,3.0,0.7,1.5,3.0,0.4,1200,0.2,91,84.6,18.18,0.28,1.53,0.2,4.36,10.9,0.12,1.31
55.0,3.0,0.7,1.5,4.5,0.4,1200,0.2,91,84.6,18.18,0.28,1.53,0.2,4.36,10.9,0.12,1.31
55.0,4.0,1.5,2.5,3.0,0.6,3600,0.8,98,71.4,19.62,0.63,1.58,0.2,4.79,11.78,0.12,1.32
55.0,4.0,1.5,2.5,4.5,0.6,3600,0.8,98,71.4,19.62,0.63,1.58,0.2,4.79,11.78,0.12,1.32
55.0,5.0,0.7,1.5,3.0,0.8,3600,0.8,88,75.0,17.62,0.59,1.77,0.2,5.0,10.58,0.12,1.43
55.0,5.0,0.7,1.5,4.5,0.8,3600,0.8,88,75.0,17.62,0.59,1.77,0.2,5.0,10.58,0.12,1.43
55.0,5.0,0.7,1.5,3.0,0.6,1200,0.2,72,88.9,14.32,0.18,1.48,0.199,5.43,8.56,0.119,1.28
55.0,5.0,0.7,1.5,4.5,0.6,1200,0.2,72,88.9,14.32,0.18,1.48,0.199,5.43,8.56,0.119,1.28
55.0,2.0,0.7,1.5,3.0,0.8,7200,0.8,105,71.4,20.77,0.63,1.57,0.198,4.56,12.36,0.118,1.32
55.0,2.0,0.7,1.5,4.5,0.8,7200,0.8,105,71.4,20.84,0.63,1.57,0.198,4.56,12.44,0.118,1.32
55.0,3.0,0.7,2.5,3.0,0.4,1200,0.2,91,84.6,18.06,0.28,1.52,0.198,4.36,10.78,0.118,1.3
55.0,3.0,0.7,2.5,4.5,0.4,1200,0.2,91,84.6,18.06,0.28,1.52,0.198,4.36,10.78,0.118,1.3
55.0,4.0,0.7,1.5,3.0,0.6,3600,0.2,74,87.8,14.67,0.2,1.43,0.198,6.39,8.75,0.118,1.25
55.0,4.0,0.7,1.5,4.5,0.6,3600,0.2,74,87.8,14.67,0.2,1.43,0.198,6.39,8.75,0.118,1.25
55.0,4.0,0.7,2.5,3.0,0.8,1200,0.4,104,76.9,20.64,0.57,1.91,0.198,4.12,12.32,0.118,1.5
55.0,4.0,0.7,2.5,4.5,0.8,1200,0.4,104,76.9,20.64,0.57,1.91,0.198,4.12,12.32,0.118,1.5
55.0,4.0,1.0,1.5,3.0,0.4,3600,0.4,70,81.4,13.89,0.3,1.32,0.198,6.96,8.3,0.118,1.18
55.0,4.0,1.0,1.5,4.5,0.4,3600,0.4,70,81.4,13.89,0.3,1.32,0.198,6.96,8.3,0.118,1.18
55.0,4.0,0.7,2.5,3.0,0.8,3600,0.2,74,87.8,14.57,0.2,1.43,0.197,6.39,8.65,0.117,1.25
55.0,4.0,0.7,2.5,4.5,0.8,3600,0.2,74,87.8,14.57,0.2,1.43,0.197,6.39,8.65,0.117,1.25
55.0,4.0,1.5,2.5,3.0,0.4,7200,0.8,73,78.1,14.39,0.38,1.35,0.197,6.94,8.54,0.117,1.2
55.0,4.0,1.5,2.5,4.5,0.4,7200,0.8,73,78.1,14.39,0.38,1.35,0.197,6.94,8.54,0.117,1.2
55.0,5.0,0.7,2.5,3.0,0.6,1200,0.2,72,88.9,14.16,0.18,1.47,0.197,5.43,8.41,0.117,1.27
55.0,5.0,0.7,2.5,4.5,0.6,1200,0.2,72,88.9,14.16,0.18,1.47,0.197,5.43,8.41,0.117,1.27
55.0,2.0,1.0,1.5,3.0,0.8,2400,0.4,98,67.3,19.22,0.7,1.44,0.196,4.32,11.38,0.116,1.25
55.0,2.0,1.0,1.5,4.5,0.8,2400,0.4,98,67.3,19.22,0.7,1.44,0.196,4.32,11.38,0.116,1.25
55.0,4.0,0.7,1.5,3.0,0.8,2400,0.2,74,87.8,14.5,0.2,1.43,0.196,6.39,8.58,0.116,1.25
55.0,4.0,0.7,1.5,3.0,0.8,2400,0.4,83,80.7,16.27,0.36,1.52,0.196,4.0,9.64,0.116,1.3
55.0,4.0,0.7,1.5,3.0,0.8,3600,0.2,74,87.8,14.49,0.2,1.42,0.196,6.39,8.57,0.116,1.25
55.0,4.0,0.7,1.5,4.5,0.8,2400,0.2,74,87.8,14.5,0.2,1.43,0.196,6.39,8.58,0.116,1.25
55.0,4.0,0.7,1.5,4.5,0.8,2400,0.4,83,80.7,16.27,0.36,1.52,0.196,4.0,9.64,0.116,1.3
55.0,4.0,0.7,1.5,4.5,0.8,3600,0.2,74,87.8,14.49,0.2,1.42,0.196,6.39,8.57,0.116,1.25
55.0,4.0,0.7,2.5,3.0,0.6,2400,0.4,83,80.7,16.23,0.36,1.52,0.196,4.0,9.59,0.116,1.3
55.0,4.0,0.7,2.5,4.5,0.6,2400,0.4,83,80.7,16.23,0.36,1.52,0.196,4.0,9.59,0.116,1.3
55.0,2.0,1.0,1.5,3.0,0.6,2400,0.4,98,67.3,19.08,0.7,1.44,0.195,4.32,11.24,0.115,1.25
55.0,2.0,1.0,1.5,4.5,0.6,2400,0.4,98,67.3,19.08,0.7,1.44,0.195,4.32,11.24,0.115,1.25
55.0,4.0,0.7,1.5,3.0,0.6,2400,0.2,74,87.8,14.43,0.2,1.42,0.195,6.39,8.51,0.115,1.24
55.0,4.0,0.7,1.5,3.0,0.6,2400,0.4,83,80.7,16.2,0.36,1.52,0.195,4.0,9.56,0.115,1.29
55.0,4.0,0.7,1.5,4.5,0.6,2400,0.2,74,87.8,14.43,0.2,1.42,0.195,6.39,8.51,0.115,1.24
55.0,4.0,0.7,1.5,4.5,0.6,2400,0.4,83,80.7,16.2,0.36,1.52,0.195,4.0,9.56,0.115,1.29
55.0,4.0,0.7,2.5,3.0,0.6,2400,0.2,74,87.8,14.46,0.2,1.42,0.195,6.39,8.54,0.115,1.25
55.0,4.0,0.7,2.5,4.5,0.6,2400,0.2,74,87.8,14.46,0.2,1.42,0.195,6.39,8.54,0.115,1.25
55.0,4.0,0.7,1.5,3.0,0.4,3600,0.4,75,85.3,14.55,0.25,1.43,0.194,6.39,8.55,0.114,1.24
55.0,4.0,0.7,1.5,4.5,0.4,3600,0.4,75,85.3,14.55,0.25,1.43,0.194,6.39,8.55,0.114,1.24
55.0,4.0,0.7,2.5,3.0,0.8,2400,0.2,74,87.8,14.33,0.2,1.42,0.194,6.39,8.41,0.114,1.24
55.0,4.0,0.7,2.5,3.0,0.8,2400,0.4,83,80.7,16.1,0.36,1.52,0.194,4.0,9.46,0.114,1.29
55.0,4.0,0.7,2.5,4.5,0.8,2400,0.2,74,87.8,14.33,0.2,1.42,0.194,6.39,8.41,0.114,1.24
55.0,4.0,0.7,2.5,4.5,0.8,2400,0.4,83,80.7,16.1,0.36,1.52,0.194,4.0,9.46,0.114,1.29
55.0,5.0,0.7,1.5,3.0,0.8,1200,0.2,72,88.9,13.99,0.18,1.46,0.194,5.43,8.23,0.114,1.27
55.0,5.0,0.7,1.5,4.5,0.8,1200,0.2,72,88.9,13.99,0.18,1.46,0.194,5.43,8.23,0.114,1.27
55.0,2.0,1.0,2.5,3.0,0.6,2400,0.4,98,67.3,18.89,0.7,1.44,0.193,4.32,11.05,0.113,1.24
55.0,2.0,1.0,2.5,4.5,0.6,2400,0.4,98,67.3,18.89,0.7,1.44,0.193,4.32,11.05,0.113,1.24
55.0,4.0,0.7,2.5,3.0,0.6,3600,0.8,98,72.4,18.88,0.68,1.78,0.193,4.51,11.04,0.113,1.42
55.0,4.0,0.7,2.5,4.5,0.6,3600,0.8,98,72.4,18.88,0.68,1.78,0.193,4.51,11.04,0.113,1.42
55.0,2.0,1.0,2.5,3.0,0.8,2400,0.4,98,67.3,18.76,0.7,1.43,0.191,4.32,10.92,0.111,1.24
55.0,2.0,1.0,2.5,4.5,0.8,2400,0.4,98,67.3,18.76,0.7,1.43,0.191,4.32,10.92,0.111,1.24
55.0,4.0,0.7,1.5,3.0,0.6,3600,0.8,98,72.4,18.62,0.67,1.77,0.19,4.51,10.78,0.11,1.41
55.0,4.0,0.7,1.5,4.5,0.6,3600,0.8,98,72.4,18.62,0.67,1.77,0.19,4.51,10.78,0.11,1.41
55.0,5.0,0.7,2.5,3.0,0.8,1200,0.2,72,88.9,13.7,0.18,1.46,0.19,5.43,7.95,0.11,1.26
55.0,5.0,0.7,2.5,4.5,0.8,1200,0.2,72,88.9,13.7,0.18,1.46,0.19,5.43,7.95,0.11,1.26
55.0,5.0,1.0,1.5,3.0,0.4,1200,0.4,85,74.1,16.12,0.52,1.5,0.19,5.93,9.32,0.11,1.27
55.0,5.0,1.0,1.5,4.5,0.4,1200,0.4,85,74.1,16.12,0.52,1.5,0.19,5.93,9.32,0.11,1.27
55.0,2.0,0.7,2.5,4.5,0.8,7200,0.8,105,71.4,19.86,0.62,1.55,0.189,4.89,11.46,0.109,1.3
55.0,4.0,0.7,2.5,3.0,0.8,3600,0.8,98,72.4,18.51,0.67,1.77,0.189,4.51,10.67,0.109,1.4
55.0,4.0,0.7,2.5,4.5,0.8,3600,0.8,98,72.4,18.51,0.67,1.77,0.189,4.51,10.67,0.109,1.4
55.0,5.0,1.5,2.5,4.5,0.6,7200,0.8,66,78.8,12.5,0.36,1.34,0.189,6.51,7.22,0.109,1.19
55.0,2.0,0.7,2.5,3.0,0.8,7200,0.8,105,71.4,19.78,0.62,1.54,0.188,4.89,11.38,0.108,1.29
55.0,3.0,0.7,1.5,3.0,0.6,1200,0.2,90,84.4,16.92,0.27,1.49,0.188,4.36,9.72,0.108,1.27
55.0,3.0,0.7,1.5,4.5,0.6,1200,0.2,90,84.4,16.92,0.27,1.49,0.188,4.36,9.72,0.108,1.27
55.0,4.0,0.7,1.5,3.0,0.8,3600,0.8,98,72.4,18.43,0.67,1.76,0.188,4.51,10.6,0.108,1.4
55.0,4.0,0.7,1.5,4.5,0.8,3600,0.8,98,72.4,18.43,0.67,1.76,0.188,4.51,10.6,0.108,1.4
55.0,3.0,1.0,2.5,3.0,0.4,3600,0.8,103,70.9,19.28,0.65,1.58,0.187,6.91,11.04,0.107,1.31
55.0,3.0,1.0,2.5,4.5,0.4,3600,0.8,103,70.9,19.28,0.65,1.58,0.187,6.91,11.04,0.107,1.31
55.0,5.0,1.0,2.5,3.0,0.4,1200,0.4,85,74.1,15.92,0.52,1.49,0.187,5.93,9.12,0.107,1.27
55.0,5.0,1.0,2.5,4.5,0.4,1200,0.4,85,74.1,15.92,0.52,1.49,0.187,5.93,9.12,0.107,1.27
55.0,5.0,1.5,2.5,3.0,0.6,7200,0.8,66,78.8,12.37,0.36,1.34,0.187,6.51,7.09,0.107,1.19
55.0,3.0,0.7,2.5,3.0,0.6,1200,0.2,90,84.4,16.73,0.27,1.48,0.186,4.36,9.53,0.106,1.27
55.0,3.0,0.7,2.5,4.5,0.6,1200,0.2,90,84.4,16.73,0.27,1.48,0.186,4.36,9.53,0.106,1.27
55.0,5.0,1.5,2.5,4.5,0.8,7200,0.8,66,78.8,12.26,0.36,1.33,0.186,6.83,6.98,0.106,1.18
55.0,2.0,1.0,2.5,3.0,0.4,7200,0.8,99,69.7,18.35,0.62,1.42,0.185,4.28,10.43,0.105,1.22
55.0,2.0,1.0,2.5,4.5,0.4,7200,0.8,99,69.7,18.35,0.62,1.42,0.185,4.28,10.43,0.105,1.22
55.0,3.0,0.7,2.5,3.0,0.4,3600,0.8,106,71.7,19.58,0.68,1.72,0.185,6.99,11.1,0.105,1.37
55.0,3.0,0.7,2.5,4.5,0.4,3600,0.8,106,71.7,19.58,0.68,1.72,0.185,6.99,11.1,0.105,1.37
55.0,5.0,1.0,2.5,3.0,0.4,2400,0.8,104,69.2,19.19,0.76,1.71,0.185,5.24,10.87,0.105,1.37
55.0,5.0,1.0,2.5,4.5,0.4,2400,0.8,104,69.2,19.19,0.76,1.71,0.185,5.24,10.87,0.105,1.37
55.0,5.0,1.5,2.5,3.0,0.8,7200,0.8,66,78.8,12.19,0.36,1.33,0.185,6.83,6.91,0.105,1.18
55.0,2.0,0.7,1.5,3.0,0.4,1200,0.2,105,80.0,19.34,0.38,1.52,0.184,4.0,10.94,0.104,1.28
55.0,2.0,0.7,1.5,4.5,0.4,1200,0.2,105,80.0,19.34,0.38,1.52,0.184,4.0,10.94,0.104,1.28
55.0,2.0,0.7,2.5,3.0,0.4,7200,0.8,105,71.4,19.37,0.6,1.51,0.184,4.86,10.97,0.104,1.27
55.0,2.0,0.7,2.5,4.5,0.4,7200,0.8,105,71.4,19.37,0.6,1.51,0.184,4.86,10.97,0.104,1.27
55.0,4.0,1.5,2.5,3.0,0.8,1200,0.2,69,82.6,12.73,0.27,1.29,0.184,6.76,7.21,0.104,1.16
55.0,4.0,1.5,2.5,4.5,0.6,7200,0.8,72,77.8,13.25,0.38,1.32,0.184,7.34,7.49,0.104,1.18
55.0,4.0,1.5,2.5,4.5,0.8,1200,0.2,69,82.6,12.73,0.27,1.29,0.184,6.76,7.21,0.104,1.16
55.0,2.0,0.7,1.5,3.0,0.4,1200,0.4,124,73.4,22.74,0.66,1.82,0.183,4.0,12.82,0.103,1.42
55.0,2.0,0.7,1.5,4.5,0.4,1200,0.4,124,73.4,22.74,0.66,1.82,0.183,4.0,12.82,0.103,1.42
55.0,2.0,0.7,2.5,3.0,0.4,1200,0.2,105,80.0,19.22,0.38,1.52,0.183,4.0,10.82,0.103,1.28
55.0,2.0,0.7,2.5,4.5,0.4,1200,0.2,105,80.0,19.22,0.38,1.52,0.183,4.0,10.82,0.103,1.28
55.0,3.0,1.5,2.5,3.0,0.4,2400,0.8,113,66.4,20.73,0.87,1.73,0.183,4.25,11.69,0.103,1.37
55.0,3.0,1.5,2.5,4.5,0.4,2400,0.8,113,66.4,20.73,0.87,1.73,0.183,4.25,11.69,0.103,1.37
55.0,4.0,0.7,2.5,3.0,0.6,3600,0.4,74,85.1,13.52,0.24,1.4,0.183,6.39,7.6,0.103,1.22
55.0,4.0,0.7,2.5,4.5,0.6,3600,0.4,74,85.1,13.52,0.24,1.4,0.183,6.39,7.6,0.103,1.22
55.0,2.0,0.7,2.5,3.0,0.4,1200,0.4,124,73.4,22.62,0.66,1.81,0.182,4.0,12.7,0.102,1.42
55.0,2.0,0.7,2.5,4.5,0.4,1200,0.4,124,73.4,22.62,0.66,1.81,0.182,4.0,12.7,0.102,1.42
55.0,2.0,1.0,1.5,3.0,0.4,1200,0.2,92,71.7,16.72,0.53,1.35,0.182,6.64,9.36,0.102,1.19
55.0,2.0,1.0,1.5,4.5,0.4,1200,0.2,92,71.7,16.72,0.53,1.35,0.182,6.64,9.36,0.102,1.19
55.0,2.0,1.0,2.5,3.0,0.4,3600,0.4,94,70.2,17.15,0.58,1.36,0.182,7.95,9.64,0.102,1.19
55.0,2.0,1.0,2.5,3.0,0.4,3600,0.8,117,66.7,21.33,0.81,1.62,0.182,4.39,11.97,0.102,1.32
55.0,2.0,1.0,2.5,4.5,0.4,3600,0.4,94,70.2,17.15,0.58,1.36,0.182,7.95,9.64,0.102,1.19
55.0,2.0,1.0,2.5,4.5,0.4,3600,0.8,117,66.7,21.33,0.81,1.62,0.182,4.39,11.97,0.102,1.32
55.0,3.0,0.7,1.5,3.0,0.8,1200,0.2,90,84.4,16.39,0.27,1.47,0.182,4.36,9.19,0.102,1.26
55.0,3.0,0.7,1.5,4.5,0.8,1200,0.2,90,84.4,16.39,0.27,1.47,0.182,4.36,9.19,0.102,1.26
55.0,3.0,1.0,1.5,3.0,0.4,3600,0.8,103,70.9,18.74,0.64,1.57,0.182,6.9,10.5,0.102,1.3
55.0,3.0,1.0,1.5,4.5,0.4,3600,0.8,103,70.9,18.74,0.64,1.57,0.182,6.9,10.5,0.102,1.3
55.0,4.0,1.5,2.5,3.0,0.6,7200,0.8,72,77.8,13.12,0.38,1.32,0.182,7.34,7.36,0.102,1.17
55.0,5.0,1.0,1.5,3.0,0.4,2400,0.8,104,69.2,18.88,0.75,1.7,0.182,5.24,10.56,0.102,1.35
55.0,5.0,1.0,1.5,4.5,0.4,2400,0.8,104,69.2,18.88,0.75,1.7,0.182,5.24,10.56,0.102,1.35
55.0,2.0,1.0,2.5,3.0,0.4,1200,0.2,92,71.7,16.59,0.53,1.34,0.18,6.64,9.23,0.1,1.18
55.0,2.0,1.0,2.5,4.5,0.4,1200,0.2,92,71.7,16.59,0.53,1.34,0.18,6.64,9.23,0.1,1.18
55.0,3.0,0.7,1.5,3.0,0.4,3600,0.8,106,71.7,19.03,0.67,1.7,0.18,6.99,10.55,0.1,1.36
55.0,3.0,0.7,1.5,4.5,0.4,3600,0.8,106,71.7,19.03,0.67,1.7,0.18,6.99,10.55,0.1,1.36
55.0,4.0,1.0,1.5,3.0,0.4,1200,0.2,71,83.1,12.78,0.26,1.29,0.18,6.96,7.1,0.1,1.16
55.0,4.0,1.0,1.5,4.5,0.4,1200,0.2,71,83.1,12.78,0.26,1.29,0.18,6.96,7.1,0.1,1.16
55.0,4.0,1.0,2.5,3.0,0.6,3600,0.4,69,81.2,12.39,0.3,1.28,0.18,6.96,6.87,0.1,1.15
55.0,4.0,1.0,2.5,4.5,0.6,3600,0.4,69,81.2,12.39,0.3,1.28,0.18,6.96,6.87,0.1,1.15
55.0,2.0,1.0,1.5,4.5,0.8,7200,0.8,98,69.4,17.5,0.62,1.4,0.179,4.15,9.66,0.099,1.21
55.0,3.0,0.7,2.5,3.0,0.8,1200,0.2,90,84.4,16.13,0.27,1.47,0.179,4.36,8.93,0.099,1.25
55.0,3.0,0.7,2.5,4.5,0.8,1200,0.2,90,84.4,16.13,0.27,1.47,0.179,4.36,8.93,0.099,1.25
55.0,4.0,0.7,1.5,3.0,0.6,3600,0.4,74,85.1,13.26,0.24,1.39,0.179,6.39,7.34,0.099,1.21
55.0,4.0,0.7,1.5,4.5,0.6,3600,0.4,74,85.1,13.26,0.24,1.39,0.179,6.39,7.34,0.099,1.21
55.0,4.0,1.0,1.5,3.0,0.6,3600,0.4,69,81.2,12.34,0.3,1.28,0.179,6.96,6.82,0.099,1.15
55.0,4.0,1.0,1.5,4.5,0.6,3600,0.4,69,81.2,12.34,0.3,1.28,0.179,6.96,6.82,0.099,1.15
55.0,4.0,1.0,2.5,3.0,0.4,3600,0.8,99,71.7,17.68,0.6,1.52,0.179,5.01,9.76,0.099,1.27
55.0,4.0,1.0,2.5,4.5,0.4,3600,0.8,99,71.7,17.68,0.6,1.52,0.179,5.01,9.76,0.099,1.27
55.0,2.0,0.7,1.5,3.0,0.6,1200,0.4,123,73.2,21.84,0.65,1.78,0.178,4.0,12.0,0.098,1.39
55.0,2.0,0.7,1.5,4.5,0.6,1200,0.4,123,73.2,21.84,0.65,1.78,0.178,4.0,12.0,0.098,1.39
55.0,2.0,0.7,1.5,4.5,0.6,7200,0.8,104,71.2,18.49,0.6,1.49,0.178,4.63,10.17,0.098,1.25
55.0,2.0,1.0,1.5,3.0,0.4,3600,0.4,94,70.2,16.72,0.57,1.35,0.178,7.95,9.2,0.098,1.18
55.0,2.0,1.0,1.5,3.0,0.4,3600,0.8,117,66.7,20.79,0.8,1.61,0.178,4.39,11.43,0.098,1.3
55.0,2.0,1.0,1.5,3.0,0.4,7200,0.8,99,69.7,17.58,0.61,1.4,0.178,4.15,9.66,0.098,1.21
55.0,2.0,1.0,1.5,3.0,0.8,7200,0.8,98,69.4,17.42,0.62,1.4,0.178,4.15,9.58,0.098,1.21
55.0,2.0,1.0,1.5,4.5,0.4,3600,0.4,94,70.2,16.72,0.57,1.35,0.178,7.95,9.2,0.098,1.18
55.0,2.0,1.0,1.5,4.5,0.4,3600,0.8,117,66.7,20.79,0.8,1.61,0.178,4.39,11.43,0.098,1.3
55.0,2.0,1.0,1.5,4.5,0.4,7200,0.8,99,69.7,17.58,0.61,1.4,0.178,4.15,9.66,0.098,1.21
55.0,3.0,0.7,2.5,3.0,0.4,2400,0.8,113,67.3,20.1,0.92,1.89,0.178,4.65,11.06,0.098,1.43
55.0,3.0,0.7,2.5,4.5,0.4,2400,0.8,113,67.3,20.1,0.92,1.89,0.178,4.65,11.06,0.098,1.43
55.0,4.0,0.7,2.5,3.0,0.8,3600,0.4,74,85.1,13.15,0.24,1.38,0.178,6.39,7.23,0.098,1.21
55.0,4.0,0.7,2.5,4.5,0.8,3600,0.4,74,85.1,13.15,0.24,1.38,0.178,6.39,7.23,0.098,1.21
55.0,4.0,1.0,2.5,3.0,0.4,1200,0.2,71,83.1,12.66,0.26,1.29,0.178,6.96,6.98,0.098,1.15
55.0,4.0,1.0,2.5,4.5,0.4,1200,0.2,71,83.1,12.66,0.26,1.29,0.178,6.96,6.98,0.098,1.15
55.0,2.0,0.7,1.5,3.0,0.4,7200,0.8,105,71.4,18.6,0.6,1.49,0.177,4.72,10.2,0.097,1.25
55.0,2.0,0.7,1.5,3.0,0.6,1200,0.2,104,79.8,18.44,0.38,1.5,0.177,4.0,10.12,0.097,1.26
55.0,2.0,0.7,1.5,3.0,0.6,7200,0.8,104,71.2,18.37,0.6,1.48,0.177,4.63,10.05,0.097,1.25
55.0,2.0,0.7,1.5,4.5,0.4,7200,0.8,105,71.4,18.6,0.6,1.49,0.177,4.72,10.2,0.097,1.25
55.0,2.0,0.7,1.5,4.5,0.6,1200,0.2,104,79.8,18.44,0.38,1.5,0.177,4.0,10.12,0.097,1.26
55.0,2.0,0.7,2.5,4.5,0.6,7200,0.8,104,71.2,18.41,0.6,1.48,0.177,4.91,10.09,0.097,1.25
55.0,4.0,0.7,1.5,3.0,0.8,3600,0.4,74,85.1,13.07,0.24,1.38,0.177,6.39,7.15,0.097,1.2
55.0,4.0,0.7,1.5,4.5,0.8,3600,0.4,74,85.1,13.07,0.24,1.38,0.177,6.39,7.15,0.097,1.2
55.0,4.0,1.0,1.5,3.0,0.8,3600,0.4,69,81.2,12.23,0.3,1.28,0.177,6.96,6.71,0.097,1.15
55.0,4.0,1.0,1.5,4.5,0.8,3600,0.4,69,81.2,12.23,0.3,1.28,0.177,6.96,6.71,0.097,1.15
55.0,5.0,1.0,2.5,3.0,0.4,7200,0.8,67,79.1,11.88,0.35,1.32,0.177,6.72,6.52,0.097,1.17
55.0,5.0,1.0,2.5,4.5,0.4,7200,0.8,67,79.1,11.88,0.35,1.32,0.177,6.72,6.52,0.097,1.17
55.0,2.0,0.7,1.5,3.0,0.8,1200,0.2,104,79.8,18.27,0.38,1.49,0.176,4.0,9.95,0.096,1.26
55.0,2.0,0.7,1.5,3.0,0.8,1200,0.4,123,73.2,21.67,0.65,1.78,0.176,4.0,11.83,0.096,1.39
55.0,2.0,0.7,1.5,4.5,0.8,1200,0.2,104,79.8,18.27,0.38,1.49,0.176,4.0,9.95,0.096,1.26
55.0,2.0,0.7,1.5,4.5,0.8,1200,0.4,123,73.2,21.67,0.65,1.78,0.176,4.0,11.83,0.096,1.39
55.0,2.0,0.7,2.5,3.0,0.6,1200,0.4,123,73.2,21.65,0.65,1.78,0.176,4.0,11.81,0.096,1.39
55.0,2.0,0.7,2.5,3.0,0.6,7200,0.8,104,71.2,18.28,0.6,1.48,0.176,4.91,9.96,0.096,1.25
55.0,2.0,0.7,2.5,4.5,0.6,1200,0.4,123,73.2,21.65,0.65,1.78,0.176,4.0,11.81,0.096,1.39
55.0,2.0,1.0,2.5,4.5,0.6,7200,0.8,98,69.4,17.24,0.61,1.39,0.176,4.27,9.4,0.096,1.2
55.0,5.0,1.5,2.5,3.0,0.8,2400,0.8,103,68.9,18.11,0.75,1.67,0.176,5.24,9.87,0.096,1.33
55.0,5.0,1.5,2.5,4.5,0.8,2400,0.8,103,68.9,18.11,0.75,1.67,0.176,5.24,9.87,0.096,1.33
55.0,2.0,0.7,2.5,3.0,0.6,1200,0.2,104,79.8,18.25,0.38,1.49,0.175,4.0,9.93,0.095,1.26
55.0,2.0,0.7,2.5,4.5,0.6,1200,0.2,104,79.8,18.25,0.38,1.49,0.175,4.0,9.93,0.095,1.26
55.0,2.0,1.0,1.5,4.5,0.6,7200,0.8,98,69.4,17.12,0.61,1.39,0.175,4.15,9.28,0.095,1.2
55.0,2.0,1.0,2.5,3.0,0.6,7200,0.8,98,69.4,17.11,0.61,1.39,0.175,4.27,9.27,0.095,1.2
55.0,3.0,0.7,1.5,3.0,0.4,2400,0.8,113,67.3,19.79,0.91,1.88,0.175,4.65,10.75,0.095,1.42
55.0,3.0,0.7,1.5,4.5,0.4,2400,0.8,113,67.3,19.79,0.91,1.88,0.175,4.65,10.75,0.095,1.42
55.0,2.0,0.7,2.5,3.0,0.8,1200,0.4,123,73.2,21.41,0.65,1.77,0.174,4.0,11.57,0.094,1.38
55.0,2.0,0.7,2.5,4.5,0.8,1200,0.4,123,73.2,21.41,0.65,1.77,0.174,4.0,11.57,0.094,1.38
55.0,2.0,1.0,2.5,4.5,0.8,7200,0.8,98,69.4,17.07,0.61,1.39,0.174,4.27,9.23,0.094,1.2
55.0,4.0,1.0,2.5,3.0,0.8,3600,0.4,69,81.2,12.02,0.3,1.27,0.174,6.96,6.49,0.094,1.14
55.0,4.0,1.0,2.5,4.5,0.8,3600,0.4,69,81.2,12.02,0.3,1.27,0.174,6.96,6.49,0.094,1.14
55.0,4.0,1.5,2.5,4.5,0.8,7200,0.8,72,77.8,12.52,0.37,1.3,0.174,6.66,6.76,0.094,1.16
55.0,5.0,1.0,1.5,3.0,0.6,1200,0.4,84,73.8,14.58,0.51,1.45,0.174,5.93,7.86,0.094,1.23
55.0,5.0,1.0,1.5,4.5,0.6,1200,0.4,84,73.8,14.58,0.51,1.45,0.174,5.93,7.86,0.094,1.23
55.0,2.0,0.7,2.5,3.0,0.8,1200,0.2,104,79.8,18.01,0.38,1.49,0.173,4.0,9.68,0.093,1.25
55.0,2.0,0.7,2.5,4.5,0.8,1200,0.2,104,79.8,18.01,0.38,1.49,0.173,4.0,9.68,0.093,1.25
55.0,2.0,1.0,1.5,3.0,0.6,7200,0.8,98,69.4,16.99,0.61,1.39,0.173,4.15,9.15,0.093,1.2
55.0,2.0,1.0,2.5,3.0,0.8,7200,0.8,98,69.4,17.0,0.61,1.39,0.173,4.27,9.16,0.093,1.2
55.0,4.0,1.0,1.5,3.0,0.4,3600,0.8,99,71.7,17.14,0.59,1.5,0.173,5.01,9.22,0.093,1.25
55.0,4.0,1.0,1.5,4.5,0.4,3600,0.8,99,71.7,17.14,0.59,1.5,0.173,5.01,9.22,0.093,1.25
55.0,4.0,1.5,2.5,3.0,0.8,7200,0.8,72,77.8,12.45,0.37,1.3,0.173,6.66,6.69,0.093,1.16
55.0,3.0,1.0,2.5,3.0,0.4,2400,0.8,113,66.4,19.29,0.85,1.68,0.171,4.45,10.25,0.091,1.32
55.0,3.0,1.0,2.5,4.5,0.4,2400,0.8,113,66.4,19.29,0.85,1.68,0.171,4.45,10.25,0.091,1.32
55.0,4.0,1.0,2.5,3.0,0.4,7200,0.8,73,78.1,12.51,0.37,1.3,0.171,6.59,6.67,0.091,1.16
55.0,4.0,1.0,2.5,4.5,0.4,7200,0.8,73,78.1,12.51,0.37,1.3,0.171,6.59,6.67,0.091,1.16
55.0,5.0,1.0,1.5,4.5,0.8,7200,0.8,66,78.8,11.27,0.35,1.31,0.171,6.75,5.99,0.091,1.16
55.0,5.0,1.5,2.5,3.0,0.4,3600,0.8,85,72.9,14.56,0.53,1.42,0.171,6.12,7.76,0.091,1.21
55.0,5.0,1.5,2.5,4.5,0.4,3600,0.8,85,72.9,14.56,0.53,1.42,0.171,6.12,7.76,0.091,1.21
55.0,5.0,1.0,1.5,3.0,0.8,1200,0.4,84,73.8,14.24,0.51,1.44,0.17,5.93,7.52,0.09,1.22
55.0,5.0,1.0,1.5,3.0,0.8,7200,0.8,66,78.8,11.19,0.35,1.3,0.17,6.75,5.91,0.09,1.16
55.0,5.0,1.0,1.5,4.5,0.8,1200,0.4,84,73.8,14.24,0.51,1.44,0.17,5.93,7.52,0.09,1.22
55.0,5.0,1.0,2.5,3.0,0.6,1200,0.4,84,73.8,14.25,0.51,1.44,0.17,5.93,7.53,0.09,1.22
55.0,5.0,1.0,2.5,4.5,0.6,1200,0.4,84,73.8,14.25,0.51,1.44,0.17,5.93,7.53,0.09,1.22
55.0,5.0,1.5,2.5,3.0,0.6,2400,0.8,103,68.9,17.47,0.74,1.64,0.17,5.24,9.23,0.09,1.31
55.0,5.0,1.5,2.5,4.5,0.6,2400,0.8,103,68.9,17.47,0.74,1.64,0.17,5.24,9.23,0.09,1.31
55.0,2.0,0.7,2.5,3.0,0.4,3600,0.8,120,67.5,20.28,0.82,1.7,0.169,3.31,10.68,0.089,1.33
55.0,2.0,0.7,2.5,4.5,0.4,3600,0.8,120,67.5,20.28,0.82,1.7,0.169,3.31,10.68,0.089,1.33
55.0,3.0,0.7,2.5,3.0,0.6,3600,0.8,105,71.4,17.75,0.66,1.66,0.169,6.99,9.35,0.089,1.32
55.0,3.0,0.7,2.5,4.5,0.6,3600,0.8,105,71.4,17.75,0.66,1.66,0.169,6.99,9.35,0.089,1.32
55.0,3.0,1.0,1.5,3.0,0.4,2400,0.8,113,66.4,19.08,0.85,1.67,0.169,4.35,10.04,0.089,1.32
55.0,3.0,1.0,1.5,4.5,0.4,2400,0.8,113,66.4,19.08,0.85,1.67,0.169,4.35,10.04,0.089,1.32
55.0,3.0,0.7,2.5,3.0,0.6,2400,0.8,112,67.0,18.78,0.9,1.83,0.168,4.65,9.82,0.088,1.38
55.0,3.0,0.7,2.5,4.5,0.6,2400,0.8,112,67.0,18.78,0.9,1.83,0.168,4.65,9.82,0.088,1.38
55.0,5.0,1.0,1.5,3.0,0.4,7200,0.8,67,79.1,11.28,0.34,1.31,0.168,6.72,5.92,0.088,1.16
55.0,5.0,1.0,1.5,4.5,0.4,7200,0.8,67,79.1,11.28,0.34,1.31,0.168,6.72,5.92,0.088,1.16
55.0,2.0,1.0,1.5,3.0,0.6,1200,0.2,91,71.4,15.22,0.53,1.32,0.167,6.67,7.94,0.087,1.16
55.0,2.0,1.0,1.5,4.5,0.6,1200,0.2,91,71.4,15.22,0.53,1.32,0.167,6.67,7.94,0.087,1.16
55.0,2.0,1.0,2.5,3.0,0.6,3600,0.8,116,66.4,19.41,0.79,1.57,0.167,4.39,10.13,0.087,1.27
55.0,2.0,1.0,2.5,4.5,0.6,3600,0.8,116,66.4,19.41,0.79,1.57,0.167,4.39,10.13,0.087,1.27
55.0,3.0,0.7,1.5,3.0,0.6,2400,0.8,112,67.0,18.68,0.9,1.83,0.167,4.65,9.72,0.087,1.38
55.0,3.0,0.7,1.5,4.5,0.6,2400,0.8,112,67.0,18.68,0.9,1.83,0.167,4.65,9.72,0.087,1.38
55.0,5.0,1.0,1.5,3.0,0.8,2400,0.8,103,68.9,17.15,0.74,1.63,0.167,5.24,8.91,0.087,1.3
55.0,5.0,1.0,1.5,4.5,0.8,2400,0.8,103,68.9,17.15,0.74,1.63,0.167,5.24,8.91,0.087,1.3
55.0,5.0,1.0,2.5,3.0,0.6,2400,0.8,103,68.9,17.23,0.74,1.64,0.167,5.24,8.99,0.087,1.3
55.0,5.0,1.0,2.5,4.5,0.6,2400,0.8,103,68.9,17.23,0.74,1.64,0.167,5.24,8.99,0.087,1.3
55.0,2.0,1.0,1.5,3.0,0.6,3600,0.8,116,66.4,19.26,0.79,1.56,0.166,4.39,9.98,0.086,1.27
55.0,2.0,1.0,1.5,4.5,0.6,3600,0.8,116,66.4,19.26,0.79,1.56,0.166,4.39,9.98,0.086,1.27
55.0,3.0,0.7,1.5,3.0,0.6,3600,0.8,105,71.4,17.48,0.66,1.65,0.166,6.99,9.08,0.086,1.31
55.0,3.0,0.7,1.5,3.0,0.8,2400,0.8,112,67.0,18.59,0.9,1.82,0.166,4.65,9.63,0.086,1.38
55.0,3.0,0.7,1.5,4.5,0.6,3600,0.8,105,71.4,17.48,0.66,1.65,0.166,6.99,9.08,0.086,1.31
55.0,3.0,0.7,1.5,4.5,0.8,2400,0.8,112,67.0,18.59,0.9,1.82,0.166,4.65,9.63,0.086,1.38
55.0,5.0,1.0,1.5,3.0,0.6,2400,0.8,103,68.9,17.13,0.74,1.63,0.166,5.24,8.89,0.086,1.3
55.0,5.0,1.0,1.5,4.5,0.6,2400,0.8,103,68.9,17.13,0.74,1.63,0.166,5.24,8.89,0.086,1.3
55.0,5.0,1.5,2.5,3.0,0.8,3600,0.8,84,72.6,13.96,0.53,1.4,0.166,6.36,7.24,0.086,1.2
55.0,5.0,1.5,2.5,4.5,0.8,3600,0.8,84,72.6,13.96,0.53,1.4,0.166,6.36,7.24,0.086,1.2
55.0,2.0,1.0,1.5,3.0,0.8,3600,0.8,116,66.4,19.15,0.79,1.56,0.165,4.39,9.87,0.085,1.26
55.0,2.0,1.0,1.5,4.5,0.8,3600,0.8,116,66.4,19.15,0.79,1.56,0.165,4.39,9.87,0.085,1.26
55.0,4.0,1.0,1.5,4.5,0.8,7200,0.8,72,77.8,11.9,0.37,1.29,0.165,6.62,6.14,0.085,1.14
55.0,5.0,1.0,2.5,3.0,0.8,2400,0.8,103,68.9,16.98,0.73,1.63,0.165,5.24,8.74,0.085,1.29
55.0,5.0,1.0,2.5,4.5,0.8,2400,0.8,103,68.9,16.98,0.73,1.63,0.165,5.24,8.74,0.085,1.29
55.0,2.0,0.7,1.5,3.0,0.4,3600,0.8,120,67.5,19.73,0.81,1.68,0.164,3.31,10.13,0.084,1.31
55.0,2.0,0.7,1.5,4.5,0.4,3600,0.8,120,67.5,19.73,0.81,1.68,0.164,3.31,10.13,0.084,1.31
55.0,2.0,1.0,1.5,3.0,0.8,1200,0.2,91,71.4,14.95,0.52,1.31,0.164,6.67,7.67,0.084,1.15
55.0,2.0,1.0,1.5,4.5,0.8,1200,0.2,91,71.4,14.95,0.52,1.31,0.164,6.67,7.67,0.084,1.15
55.0,2.0,1.0,2.5,3.0,0.6,1200,0.2,91,71.4,14.88,0.52,1.31,0.164,6.67,7.6,0.084,1.15
55.0,2.0,1.0,2.5,3.0,0.8,3600,0.8,116,66.4,19.03,0.79,1.56,0.164,4.39,9.75,0.084,1.26
55.0,2.0,1.0,2.5,4.5,0.6,1200,0.2,91,71.4,14.88,0.52,1.31,0.164,6.67,7.6,0.084,1.15
55.0,2.0,1.0,2.5,4.5,0.8,3600,0.8,116,66.4,19.03,0.79,1.56,0.164,4.39,9.75,0.084,1.26
55.0,3.0,0.7,2.5,3.0,0.8,2400,0.8,112,67.0,18.42,0.9,1.82,0.164,4.65,9.46,0.084,1.37
55.0,3.0,0.7,2.5,4.5,0.8,2400,0.8,112,67.0,18.42,0.9,1.82,0.164,4.65,9.46,0.084,1.37
55.0,3.0,1.0,2.5,3.0,0.6,3600,0.8,102,70.6,16.69,0.63,1.51,0.164,6.91,8.53,0.084,1.24
55.0,3.0,1.0,2.5,4.5,0.6,3600,0.8,102,70.6,16.69,0.63,1.51,0.164,6.91,8.53,0.084,1.24
55.0,4.0,1.0,1.5,3.0,0.8,7200,0.8,72,77.8,11.82,0.37,1.29,0.164,6.62,6.06,0.084,1.14
55.0,5.0,1.0,2.5,3.0,0.8,1200,0.4,84,73.8,13.77,0.51,1.43,0.164,5.93,7.05,0.084,1.21
55.0,5.0,1.0,2.5,4.5,0.8,1200,0.4,84,73.8,13.77,0.51,1.43,0.164,5.93,7.05,0.084,1.21
55.0,5.0,1.0,2.5,4.5,0.8,7200,0.8,66,78.8,10.79,0.35,1.29,0.163,6.88,5.51,0.084,1.14
55.0,2.0,1.0,1.5,3.0,0.6,3600,0.4,93,69.9,15.16,0.57,1.31,0.163,7.99,7.72,0.083,1.15
55.0,2.0,1.0,1.5,4.5,0.6,3600,0.4,93,69.9,15.16,0.57,1.31,0.163,7.99,7.72,0.083,1.15
55.0,2.0,1.0,2.5,3.0,0.6,3600,0.4,93,69.9,15.2,0.57,1.31,0.163,7.99,7.76,0.083,1.15
55.0,2.0,1.0,2.5,4.5,0.6,3600,0.4,93,69.9,15.2,0.57,1.31,0.163,7.99,7.76,0.083,1.15
55.0,3.0,0.7,2.5,3.0,0.8,3600,0.8,105,71.4,17.13,0.65,1.63,0.163,6.99,8.73,0.083,1.29
55.0,3.0,0.7,2.5,4.5,0.8,3600,0.8,105,71.4,17.13,0.65,1.63,0.163,6.99,8.73,0.083,1.29
55.0,4.0,1.0,1.5,3.0,0.4,7200,0.8,73,78.1,11.88,0.36,1.29,0.163,6.59,6.04,0.083,1.14
55.0,4.0,1.0,1.5,4.5,0.4,7200,0.8,73,78.1,11.88,0.36,1.29,0.163,6.59,6.04,0.083,1.14
55.0,5.0,1.0,2.5,4.5,0.6,7200,0.8,66,78.8,10.79,0.35,1.29,0.163,6.76,5.51,0.083,1.14
55.0,2.0,1.0,1.5,3.0,0.8,3600,0.4,93,69.9,15.05,0.57,1.31,0.162,7.99,7.61,0.082,1.15
55.0,2.0,1.0,1.5,4.5,0.8,3600,0.4,93,69.9,15.05,0.57,1.31,0.162,7.99,7.61,0.082,1.15
55.0,3.0,0.7,1.5,3.0,0.8,3600,0.8,105,71.4,17.06,0.65,1.63,0.162,6.99,8.66,0.082,1.29
55.0,3.0,0.7,1.5,4.5,0.8,3600,0.8,105,71.4,17.06,0.65,1.63,0.162,6.99,8.66,0.082,1.29
55.0,5.0,1.0,1.5,4.5,0.6,7200,0.8,66,78.8,10.7,0.35,1.29,0.162,6.72,5.42,0.082,1.14
55.0,5.0,1.0,2.5,3.0,0.6,7200,0.8,66,78.8,10.66,0.35,1.29,0.162,6.76,5.38,0.082,1.14
55.0,5.0,1.0,2.5,3.0,0.8,7200,0.8,66,78.8,10.72,0.35,1.29,0.162,6.88,5.44,0.082,1.14
55.0,2.0,0.7,2.5,3.0,0.6,3600,0.8,119,67.2,19.11,0.81,1.66,0.161,3.31,9.59,0.081,1.3
55.0,2.0,0.7,2.5,4.5,0.6,3600,0.8,119,67.2,19.11,0.81,1.66,0.161,3.31,9.59,0.081,1.3
55.0,3.0,1.0,1.5,3.0,0.6,3600,0.8,102,70.6,16.43,0.62,1.5,0.161,6.9,8.27,0.081,1.23
55.0,3.0,1.0,1.5,4.5,0.6,3600,0.8,102,70.6,16.43,0.62,1.5,0.161,6.9,8.27,0.081,1.23
55.0,4.0,1.0,1.5,3.0,0.6,1200,0.2,70,82.9,11.29,0.26,1.26,0.161,6.96,5.69,0.081,1.13
55.0,4.0,1.0,1.5,4.5,0.6,1200,0.2,70,82.9,11.29,0.26,1.26,0.161,6.96,5.69,0.081,1.13
55.0,4.0,1.0,2.5,3.0,0.6,3600,0.8,98,71.4,15.76,0.59,1.46,0.161,5.01,7.93,0.081,1.22
55.0,4.0,1.0,2.5,4.5,0.6,3600,0.8,98,71.4,15.76,0.59,1.46,0.161,5.01,7.93,0.081,1.22
55.0,5.0,1.0,1.5,3.0,0.6,7200,0.8,66,78.8,10.57,0.35,1.29,0.16,6.72,5.29,0.08,1.14
55.0,2.0,0.7,1.5,3.0,0.6,3600,0.8,119,67.2,18.96,0.81,1.65,0.159,3.31,9.44,0.079,1.29
55.0,2.0,0.7,1.5,4.5,0.6,3600,0.8,119,67.2,18.96,0.81,1.65,0.159,3.31,9.44,0.079,1.29
55.0,2.0,1.0,2.5,3.0,0.8,3600,0.4,93,69.9,14.82,0.56,1.31,0.159,7.99,7.38,0.079,1.15
55.0,2.0,1.0,2.5,4.5,0.8,3600,0.4,93,69.9,14.82,0.56,1.31,0.159,7.99,7.38,0.079,1.15
55.0,4.0,1.0,1.5,3.0,0.6,3600,0.8,98,71.4,15.62,0.58,1.46,0.159,5.01,7.78,0.079,1.21
55.0,4.0,1.0,1.5,4.5,0.6,3600,0.8,98,71.4,15.62,0.58,1.46,0.159,5.01,7.78,0.079,1.21
55.0,4.0,1.0,1.5,4.5,0.6,7200,0.8,72,77.8,11.46,0.37,1.28,0.159,6.71,5.7,0.079,1.13
55.0,2.0,0.7,1.5,3.0,0.8,3600,0.8,119,67.2,18.85,0.8,1.65,0.158,3.31,9.33,0.078,1.29
55.0,2.0,0.7,1.5,4.5,0.8,3600,0.8,119,67.2,18.85,0.8,1.65,0.158,3.31,9.33,0.078,1.29
55.0,2.0,1.0,2.5,3.0,0.8,1200,0.2,91,71.4,14.4,0.52,1.3,0.158,6.67,7.12,0.078,1.14
55.0,2.0,1.0,2.5,4.5,0.8,1200,0.2,91,71.4,14.4,0.52,1.3,0.158,6.67,7.12,0.078,1.14
55.0,3.0,1.0,2.5,3.0,0.8,3600,0.8,102,70.6,16.08,0.62,1.49,0.158,6.91,7.92,0.078,1.22
55.0,3.0,1.0,2.5,4.5,0.8,3600,0.8,102,70.6,16.08,0.62,1.49,0.158,6.91,7.92,0.078,1.22
55.0,4.0,1.0,1.5,3.0,0.8,3600,0.8,98,71.4,15.51,0.58,1.46,0.158,5.01,7.67,0.078,1.21
55.0,4.0,1.0,1.5,4.5,0.8,3600,0.8,98,71.4,15.51,0.58,1.46,0.158,5.01,7.67,0.078,1.21
55.0,2.0,0.7,2.5,3.0,0.8,3600,0.8,119,67.2,18.74,0.8,1.64,0.157,3.31,9.22,0.077,1.29
55.0,2.0,0.7,2.5,4.5,0.8,3600,0.8,119,67.2,18.74,0.8,1.64,0.157,3.31,9.22,0.077,1.29
55.0,2.0,1.5,2.5,3.0,0.4,2400,0.8,127,63.8,19.91,0.92,1.63,0.157,3.39,9.75,0.077,1.28
55.0,2.0,1.5,2.5,4.5,0.4,2400,0.8,127,63.8,19.91,0.92,1.63,0.157,3.39,9.75,0.077,1.28
55.0,3.0,1.0,1.5,3.0,0.8,3600,0.8,102,70.6,16.01,0.62,1.49,0.157,6.9,7.85,0.077,1.22
55.0,3.0,1.0,1.5,4.5,0.8,3600,0.8,102,70.6,16.01,0.62,1.49,0.157,6.9,7.85,0.077,1.22
55.0,4.0,1.0,1.5,3.0,0.6,7200,0.8,72,77.8,11.33,0.36,1.27,0.157,6.71,5.57,0.077,1.13
55.0,4.0,1.0,1.5,3.0,0.8,1200,0.2,70,82.9,11.02,0.26,1.25,0.157,6.96,5.42,0.077,1.12
55.0,4.0,1.0,1.5,4.5,0.8,1200,0.2,70,82.9,11.02,0.26,1.25,0.157,6.96,5.42,0.077,1.12
55.0,4.0,1.0,2.5,3.0,0.8,3600,0.8,98,71.4,15.39,0.58,1.45,0.157,5.01,7.55,0.077,1.21
55.0,4.0,1.0,2.5,4.5,0.6,7200,0.8,72,77.8,11.32,0.36,1.27,0.157,6.71,5.56,0.077,1.13
55.0,4.0,1.0,2.5,4.5,0.8,3600,0.8,98,71.4,15.39,0.58,1.45,0.157,5.01,7.55,0.077,1.21
55.0,3.0,1.5,2.5,3.0,0.8,2400,0.8,112,66.1,17.45,0.83,1.61,0.156,4.67,8.49,0.076,1.27
55.0,3.0,1.5,2.5,4.5,0.8,2400,0.8,112,66.1,17.45,0.83,1.61,0.156,4.67,8.49,0.076,1.27
55.0,4.0,1.0,2.5,3.0,0.6,1200,0.2,70,82.9,10.95,0.26,1.25,0.156,6.96,5.35,0.076,1.12
55.0,4.0,1.0,2.5,4.5,0.6,1200,0.2,70,82.9,10.95,0.26,1.25,0.156,6.96,5.35,0.076,1.12
55.0,4.0,1.0,2.5,3.0,0.6,7200,0.8,72,77.8,11.19,0.36,1.27,0.155,6.71,5.43,0.075,1.13
55.0,5.0,1.5,2.5,3.0,0.6,3600,0.8,84,72.6,12.99,0.52,1.37,0.155,6.24,6.27,0.075,1.17
55.0,5.0,1.5,2.5,4.5,0.6,3600,0.8,84,72.6,12.99,0.52,1.37,0.155,6.24,6.27,0.075,1.17
55.0,3.0,1.0,1.5,3.0,0.6,2400,0.8,112,66.1,17.21,0.82,1.6,0.154,4.35,8.25,0.074,1.26
55.0,3.0,1.0,1.5,4.5,0.6,2400,0.8,112,66.1,17.21,0.82,1.6,0.154,4.35,8.25,0.074,1.26
55.0,3.0,1.0,2.5,3.0,0.6,2400,0.8,112,66.1,17.2,0.82,1.6,0.154,4.45,8.24,0.074,1.26
55.0,3.0,1.0,2.5,4.5,0.6,2400,0.8,112,66.1,17.2,0.82,1.6,0.154,4.45,8.24,0.074,1.26
55.0,3.0,1.0,1.5,3.0,0.8,2400,0.8,112,66.1,17.11,0.82,1.6,0.153,4.35,8.15,0.073,1.26
55.0,3.0,1.0,1.5,4.5,0.8,2400,0.8,112,66.1,17.11,0.82,1.6,0.153,4.35,8.15,0.073,1.26
55.0,4.0,1.0,2.5,4.5,0.8,7200,0.8,72,77.8,11.05,0.36,1.27,0.153,6.62,5.29,0.073,1.12
55.0,4.0,1.0,2.5,3.0,0.8,7200,0.8,72,77.8,10.98,0.36,1.27,0.152,6.62,5.21,0.072,1.12
55.0,3.0,1.5,2.5,3.0,0.6,2400,0.8,112,66.1,16.9,0.82,1.59,0.151,4.27,7.94,0.071,1.25
55.0,3.0,1.5,2.5,4.5,0.6,2400,0.8,112,66.1,16.9,0.82,1.59,0.151,4.27,7.94,0.071,1.25
55.0,5.0,0.7,1.5,3.0,0.4,1200,0.4,97,76.3,14.62,0.48,1.53,0.151,6.99,6.86,0.071,1.23
55.0,5.0,0.7,1.5,4.5,0.4,1200,0.4,97,76.3,14.62,0.48,1.53,0.151,6.99,6.86,0.071,1.23
55.0,3.0,1.0,2.5,3.0,0.8,2400,0.8,112,66.1,16.84,0.82,1.59,0.15,4.45,7.88,0.07,1.25
55.0,3.0,1.0,2.5,4.5,0.8,2400,0.8,112,66.1,16.84,0.82,1.59,0.15,4.45,7.88,0.07,1.25
55.0,4.0,0.7,2.5,3.0,0.4,7200,0.8,75,80.0,11.25,0.33,1.32,0.15,8.51,5.25,0.07,1.14
55.0,4.0,0.7,2.5,4.5,0.4,7200,0.8,75,80.0,11.25,0.33,1.32,0.15,8.51,5.25,0.07,1.14
55.0,4.0,1.0,2.5,3.0,0.8,1200,0.2,70,82.9,10.47,0.26,1.24,0.15,6.96,4.87,0.07,1.11
55.0,4.0,1.0,2.5,4.5,0.8,1200,0.2,70,82.9,10.47,0.26,1.24,0.15,6.96,4.87,0.07,1.11
55.0,5.0,0.7,2.5,3.0,0.4,1200,0.4,97,76.3,14.5,0.47,1.52,0.149,6.99,6.74,0.069,1.23
55.0,5.0,0.7,2.5,4.5,0.4,1200,0.4,97,76.3,14.5,0.47,1.52,0.149,6.99,6.74,0.069,1.23
55.0,2.0,1.0,2.5,3.0,0.4,2400,0.8,127,63.8,18.56,0.9,1.59,0.146,3.31,8.4,0.066,1.24
55.0,2.0,1.0,2.5,4.5,0.4,2400,0.8,127,63.8,18.56,0.9,1.59,0.146,3.31,8.4,0.066,1.24
55.0,2.0,1.0,1.5,3.0,0.4,2400,0.8,127,63.8,18.24,0.9,1.58,0.144,3.31,8.08,0.064,1.23
55.0,2.0,1.0,1.5,4.5,0.4,2400,0.8,127,63.8,18.24,0.9,1.58,0.144,3.31,8.08,0.064,1.23
55.0,2.0,1.5,2.5,3.0,0.8,2400,0.8,126,63.5,17.76,0.9,1.56,0.141,3.79,7.68,0.061,1.22
55.0,2.0,1.5,2.5,4.5,0.8,2400,0.8,126,63.5,17.76,0.9,1.56,0.141,3.79,7.68,0.061,1.22
55.0,4.0,0.7,1.5,3.0,0.4,7200,0.8,75,80.0,10.52,0.32,1.3,0.14,8.5,4.52,0.06,1.12
55.0,4.0,0.7,1.5,4.5,0.4,7200,0.8,75,80.0,10.52,0.32,1.3,0.14,8.5,4.52,0.06,1.12
55.0,5.0,0.7,1.5,3.0,0.6,1200,0.4,96,76.0,13.48,0.47,1.49,0.14,6.99,5.8,0.06,1.2
55.0,5.0,0.7,1.5,4.5,0.6,1200,0.4,96,76.0,13.48,0.47,1.49,0.14,6.99,5.8,0.06,1.2
55.0,4.0,0.7,1.5,4.5,0.8,7200,0.8,74,79.7,10.28,0.33,1.29,0.139,8.46,4.36,0.059,1.12
55.0,4.0,0.7,1.5,3.0,0.8,7200,0.8,74,79.7,10.21,0.33,1.29,0.138,8.46,4.29,0.058,1.12
55.0,5.0,0.7,2.5,3.0,0.6,1200,0.4,96,76.0,13.29,0.47,1.48,0.138,6.99,5.61,0.058,1.19
55.0,5.0,0.7,2.5,4.5,0.6,1200,0.4,96,76.0,13.29,0.47,1.48,0.138,6.99,5.61,0.058,1.19
55.0,2.0,1.0,1.5,3.0,0.8,2400,0.8,126,63.5,17.13,0.89,1.54,0.136,3.31,7.05,0.056,1.2
55.0,2.0,1.0,1.5,4.5,0.8,2400,0.8,126,63.5,17.13,0.89,1.54,0.136,3.31,7.05,0.056,1.2
55.0,5.0,0.7,1.5,3.0,0.8,1200,0.4,96,76.0,13.07,0.46,1.47,0.136,6.99,5.39,0.056,1.18
55.0,5.0,0.7,1.5,4.5,0.8,1200,0.4,96,76.0,13.07,0.46,1.47,0.136,6.99,5.39,0.056,1.18
55.0,2.0,1.0,1.5,3.0,0.6,2400,0.8,126,63.5,17.03,0.88,1.54,0.135,3.31,6.95,0.055,1.2
55.0,2.0,1.0,1.5,4.5,0.6,2400,0.8,126,63.5,17.03,0.88,1.54,0.135,3.31,6.95,0.055,1.2
55.0,2.0,1.0,2.5,3.0,0.6,2400,0.8,126,63.5,17.02,0.88,1.54,0.135,3.31,6.94,0.055,1.2
55.0,2.0,1.0,2.5,4.5,0.6,2400,0.8,126,63.5,17.02,0.88,1.54,0.135,3.31,6.94,0.055,1.2
55.0,2.0,0.7,2.5,3.0,0.4,2400,0.8,127,64.6,17.07,0.89,1.62,0.134,3.8,6.91,0.054,1.22
55.0,2.0,0.7,2.5,4.5,0.4,2400,0.8,127,64.6,17.07,0.89,1.62,0.134,3.8,6.91,0.054,1.22
55.0,2.0,1.0,2.5,3.0,0.8,2400,0.8,126,63.5,16.77,0.88,1.53,0.133,3.31,6.69,0.053,1.19
55.0,2.0,1.0,2.5,4.5,0.8,2400,0.8,126,63.5,16.77,0.88,1.53,0.133,3.31,6.69,0.053,1.19
55.0,2.0,1.5,2.5,3.0,0.6,2400,0.8,126,63.5,16.82,0.88,1.53,0.133,3.59,6.74,0.053,1.19
55.0,2.0,1.5,2.5,4.5,0.6,2400,0.8,126,63.5,16.82,0.88,1.53,0.133,3.59,6.74,0.053,1.19
55.0,4.0,0.7,2.5,4.5,0.6,7200,0.8,74,79.7,9.87,0.33,1.28,0.133,8.69,3.95,0.053,1.11
55.0,4.0,0.7,2.5,4.5,0.8,7200,0.8,74,79.7,9.86,0.33,1.28,0.133,8.78,3.94,0.053,1.11
55.0,5.0,0.7,2.5,3.0,0.8,1200,0.4,96,76.0,12.81,0.46,1.46,0.133,6.99,5.13,0.053,1.17
55.0,5.0,0.7,2.5,4.5,0.8,1200,0.4,96,76.0,12.81,0.46,1.46,0.133,6.99,5.13,0.053,1.17
55.0,2.0,0.7,1.5,3.0,0.4,2400,0.8,127,64.6,16.76,0.88,1.61,0.132,3.8,6.6,0.052,1.21
55.0,2.0,0.7,1.5,4.5,0.4,2400,0.8,127,64.6,16.76,0.88,1.61,0.132,3.8,6.6,0.052,1.21
55.0,4.0,0.7,2.5,3.0,0.6,7200,0.8,74,79.7,9.75,0.32,1.28,0.132,8.69,3.83,0.052,1.1
55.0,4.0,0.7,2.5,3.0,0.8,7200,0.8,74,79.7,9.79,0.32,1.28,0.132,8.78,3.87,0.052,1.11
55.0,4.0,0.7,1.5,4.5,0.6,7200,0.8,74,79.7,9.73,0.32,1.28,0.131,8.47,3.81,0.051,1.1
55.0,2.0,0.7,1.5,3.0,0.8,2400,0.8,126,64.3,16.4,0.89,1.6,0.13,3.8,6.32,0.05,1.2
55.0,2.0,0.7,1.5,4.5,0.8,2400,0.8,126,64.3,16.4,0.89,1.6,0.13,3.8,6.32,0.05,1.2
55.0,4.0,0.7,1.5,3.0,0.6,7200,0.8,74,79.7,9.6,0.32,1.27,0.13,8.47,3.68,0.05,1.1
55.0,2.0,0.7,1.5,3.0,0.6,2400,0.8,126,64.3,16.31,0.88,1.59,0.129,3.8,6.23,0.049,1.2
55.0,2.0,0.7,1.5,4.5,0.6,2400,0.8,126,64.3,16.31,0.88,1.59,0.129,3.8,6.23,0.049,1.2
55.0,2.0,0.7,2.5,3.0,0.6,2400,0.8,126,64.3,16.29,0.88,1.59,0.129,3.8,6.21,0.049,1.2
55.0,2.0,0.7,2.5,4.5,0.6,2400,0.8,126,64.3,16.29,0.88,1.59,0.129,3.8,6.21,0.049,1.2
55.0,2.0,0.7,2.5,3.0,0.8,2400,0.8,126,64.3,16.05,0.88,1.58,0.127,3.8,5.97,0.047,1.19
55.0,2.0,0.7,2.5,4.5,0.8,2400,0.8,126,64.3,16.05,0.88,1.58,0.127,3.8,5.97,0.047,1.19
55.0,4.0,0.7,1.5,3.0,0.4,1200,0.2,77,87.0,9.59,0.19,1.27,0.125,6.74,3.43,0.045,1.09
55.0,4.0,0.7,1.5,4.5,0.4,1200,0.2,77,87.0,9.59,0.19,1.27,0.125,6.74,3.43,0.045,1.09
55.0,4.0,0.7,2.5,3.0,0.4,1200,0.2,77,87.0,9.47,0.19,1.26,0.123,6.74,3.31,0.043,1.09
55.0,4.0,0.7,2.5,4.5,0.4,1200,0.2,77,87.0,9.47,0.19,1.26,0.123,6.74,3.31,0.043,1.09
55.0,5.0,1.0,2.5,3.0,0.4,3600,0.8,85,72.9,9.79,0.47,1.28,0.115,7.33,2.99,0.035,1.08
55.0,5.0,1.0,2.5,4.5,0.4,3600,0.8,85,72.9,9.79,0.47,1.28,0.115,7.33,2.99,0.035,1.08
55.0,4.0,0.7,1.5,3.0,0.6,1200,0.2,76,86.8,8.57,0.19,1.24,0.113,6.74,2.49,0.033,1.07
55.0,4.0,0.7,1.5,4.5,0.6,1200,0.2,76,86.8,8.57,0.19,1.24,0.113,6.74,2.49,0.033,1.07
55.0,4.0,0.7,1.5,3.0,0.4,1200,0.8,124,64.5,13.74,1.0,1.82,0.111,4.3,3.82,0.031,1.19
55.0,4.0,0.7,1.5,4.5,0.4,1200,0.8,124,64.5,13.74,1.0,1.82,0.111,4.3,3.82,0.031,1.19
55.0,4.0,0.7,2.5,3.0,0.4,1200,0.8,124,64.5,13.62,0.99,1.81,0.11,4.3,3.7,0.03,1.18
55.0,4.0,0.7,2.5,3.0,0.6,1200,0.2,76,86.8,8.38,0.19,1.23,0.11,6.74,2.3,0.03,1.06
55.0,4.0,0.7,2.5,4.5,0.4,1200,0.8,124,64.5,13.62,0.99,1.81,0.11,4.3,3.7,0.03,1.18
55.0,4.0,0.7,2.5,4.5,0.6,1200,0.2,76,86.8,8.38,0.19,1.23,0.11,6.74,2.3,0.03,1.06
55.0,4.0,0.7,1.5,3.0,0.8,1200,0.2,76,86.8,8.28,0.19,1.23,0.109,6.74,2.2,0.029,1.06
55.0,4.0,0.7,1.5,4.5,0.8,1200,0.2,76,86.8,8.28,0.19,1.23,0.109,6.74,2.2,0.029,1.06
55.0,5.0,1.0,1.5,3.0,0.4,3600,0.8,85,72.9,9.24,0.47,1.26,0.109,7.55,2.44,0.029,1.07
55.0,5.0,1.0,1.5,4.5,0.4,3600,0.8,85,72.9,9.24,0.47,1.26,0.109,7.55,2.44,0.029,1.07
55.0,4.0,0.7,1.5,3.0,0.6,1200,0.8,123,65.0,13.29,0.96,1.79,0.108,4.3,3.45,0.028,1.17
55.0,4.0,0.7,1.5,4.5,0.6,1200,0.8,123,65.0,13.29,0.96,1.79,0.108,4.3,3.45,0.028,1.17
55.0,4.0,0.7,2.5,3.0,0.6,1200,0.8,123,65.0,13.1,0.96,1.78,0.107,4.3,3.26,0.026,1.16
55.0,4.0,0.7,2.5,3.0,0.8,1200,0.2,76,86.8,8.02,0.19,1.22,0.106,6.74,1.94,0.026,1.05
55.0,4.0,0.7,2.5,4.5,0.6,1200,0.8,123,65.0,13.1,0.96,1.78,0.107,4.3,3.26,0.026,1.16
55.0,4.0,0.7,2.5,4.5,0.8,1200,0.2,76,86.8,8.02,0.19,1.22,0.106,6.74,1.94,0.026,1.05
55.0,4.0,0.7,1.5,3.0,0.8,1200,0.8,123,65.0,12.88,0.95,1.77,0.105,4.3,3.04,0.025,1.15
55.0,4.0,0.7,1.5,4.5,0.8,1200,0.8,123,65.0,12.88,0.95,1.77,0.105,4.3,3.04,0.025,1.15
55.0,4.0,0.7,2.5,3.0,0.8,1200,0.8,123,65.0,12.62,0.94,1.75,0.103,4.3,2.78,0.023,1.14
55.0,4.0,0.7,2.5,4.5,0.8,1200,0.8,123,65.0,12.62,0.94,1.75,0.103,4.3,2.78,0.023,1.14
55.0,5.0,0.7,1.5,3.0,0.4,1200,0.8,123,65.0,11.84,0.88,1.63,0.096,5.2,2.0,0.016,1.09
55.0,5.0,0.7,1.5,4.5,0.4,1200,0.8,123,65.0,11.84,0.88,1.63,0.096,5.2,2.0,0.016,1.09
55.0,5.0,0.7,2.5,3.0,0.4,1200,0.8,123,65.0,11.72,0.87,1.62,0.095,5.2,1.88,0.015,1.08
55.0,5.0,0.7,2.5,4.5,0.4,1200,0.8,123,65.0,11.72,0.87,1.62,0.095,5.2,1.88,0.015,1.08
55.0,5.0,0.7,1.5,3.0,0.6,1200,0.8,122,65.6,11.39,0.84,1.61,0.093,5.2,1.63,0.013,1.07
55.0,5.0,0.7,1.5,4.5,0.6,1200,0.8,122,65.6,11.39,0.84,1.61,0.093,5.2,1.63,0.013,1.07
55.0,5.0,0.7,2.5,3.0,0.6,1200,0.8,122,65.6,11.2,0.84,1.6,0.092,5.2,1.44,0.012,1.06
55.0,5.0,0.7,2.5,4.5,0.6,1200,0.8,122,65.6,11.2,0.84,1.6,0.092,5.2,1.44,0.012,1.06
55.0,5.0,0.7,1.5,3.0,0.8,1200,0.8,122,65.6,10.98,0.83,1.59,0.09,5.2,1.22,0.01,1.05
55.0,5.0,0.7,1.5,4.5,0.8,1200,0.8,122,65.6,10.98,0.83,1.59,0.09,5.2,1.22,0.01,1.05
55.0,5.0,1.0,2.5,3.0,0.6,3600,0.8,84,72.6,7.53,0.46,1.22,0.09,7.33,0.81,0.01,1.02
55.0,5.0,1.0,2.5,4.5,0.6,3600,0.8,84,72.6,7.53,0.46,1.22,0.09,7.33,0.81,0.01,1.02
55.0,5.0,0.7,2.5,3.0,0.8,1200,0.8,122,65.6,10.72,0.83,1.57,0.088,5.2,0.96,0.008,1.04
55.0,5.0,0.7,2.5,4.5,0.8,1200,0.8,122,65.6,10.72,0.83,1.57,0.088,5.2,0.96,0.008,1.04
55.0,5.0,1.0,2.5,3.0,0.8,3600,0.8,84,72.6,7.27,0.46,1.21,0.087,7.33,0.55,0.007,1.02
55.0,5.0,1.0,2.5,4.5,0.8,3600,0.8,84,72.6,7.27,0.46,1.21,0.087,7.33,0.55,0.007,1.02
55.0,5.0,1.0,1.5,3.0,0.6,3600,0.8,84,72.6,7.26,0.46,1.21,0.086,7.55,0.54,0.006,1.01
55.0,5.0,1.0,1.5,3.0,0.8,3600,0.8,84,72.6,7.2,0.45,1.21,0.086,7.55,0.48,0.006,1.01
55.0,5.0,1.0,1.5,4.5,0.6,3600,0.8,84,72.6,7.26,0.46,1.21,0.086,7.55,0.54,0.006,1.01
55.0,5.0,1.0,1.5,4.5,0.8,3600,0.8,84,72.6,7.2,0.45,1.21,0.086,7.55,0.48,0.006,1.01
55.0,4.0,1.5,2.5,3.0,0.4,1200,0.8,122,62.3,8.81,0.82,1.36,0.072,4.85,-0.95,-0.008,0.97
55.0,4.0,1.5,2.5,4.5,0.4,1200,0.8,122,62.3,8.81,0.82,1.36,0.072,4.85,-0.95,-0.008,0.97
55.0,4.0,1.5,2.5,3.0,0.6,1200,0.8,121,62.8,7.57,0.77,1.31,0.063,5.25,-2.11,-0.017,0.93
55.0,4.0,1.5,2.5,4.5,0.6,1200,0.8,121,62.8,7.57,0.77,1.31,0.063,5.25,-2.11,-0.017,0.93
55.0,4.0,1.0,1.5,3.0,0.4,1200,0.8,122,62.3,7.59,0.79,1.31,0.062,4.84,-2.17,-0.018,0.92
55.0,4.0,1.0,1.5,4.5,0.4,1200,0.8,122,62.3,7.59,0.79,1.31,0.062,4.84,-2.17,-0.018,0.92
55.0,4.0,1.0,2.5,3.0,0.4,1200,0.8,122,62.3,7.47,0.79,1.3,0.061,4.84,-2.29,-0.019,0.92
55.0,4.0,1.0,2.5,4.5,0.4,1200,0.8,122,62.3,7.47,0.79,1.3,0.061,4.84,-2.29,-0.019,0.92
55.0,4.0,1.0,1.5,3.0,0.6,1200,0.8,121,62.8,7.26,0.77,1.29,0.06,4.9,-2.42,-0.02,0.92
55.0,4.0,1.0,1.5,4.5,0.6,1200,0.8,121,62.8,7.26,0.77,1.29,0.06,4.9,-2.42,-0.02,0.92
55.0,4.0,1.0,1.5,3.0,0.8,1200,0.8,121,62.8,6.97,0.76,1.28,0.058,4.9,-2.71,-0.022,0.91
55.0,4.0,1.0,1.5,4.5,0.8,1200,0.8,121,62.8,6.97,0.76,1.28,0.058,4.9,-2.71,-0.022,0.91
55.0,4.0,1.0,2.5,3.0,0.6,1200,0.8,121,62.8,7.07,0.76,1.29,0.058,4.9,-2.61,-0.022,0.91
55.0,4.0,1.0,2.5,4.5,0.6,1200,0.8,121,62.8,7.07,0.76,1.29,0.058,4.9,-2.61,-0.022,0.91
55.0,4.0,1.0,2.5,3.0,0.8,1200,0.8,121,62.8,6.71,0.75,1.27,0.055,4.9,-2.97,-0.025,0.9
55.0,4.0,1.0,2.5,4.5,0.8,1200,0.8,121,62.8,6.71,0.75,1.27,0.055,4.9,-2.97,-0.025,0.9
55.0,4.0,1.5,2.5,3.0,0.8,1200,0.8,121,62.8,6.52,0.75,1.26,0.054,5.65,-3.16,-0.026,0.89
55.0,4.0,1.5,2.5,4.5,0.8,1200,0.8,121,62.8,6.52,0.75,1.26,0.054,5.65,-3.16,-0.026,0.89
55.0,3.0,1.5,2.5,3.0,0.4,1200,0.8,126,60.3,6.36,0.81,1.23,0.05,4.83,-3.72,-0.03,0.88
55.0,3.0,1.5,2.5,4.5,0.4,1200,0.8,126,60.3,6.36,0.81,1.23,0.05,4.83,-3.72,-0.03,0.88
55.0,3.0,1.0,1.5,3.0,0.4,1200,0.8,126,60.3,4.75,0.77,1.17,0.038,4.75,-5.33,-0.042,0.83
55.0,3.0,1.0,1.5,4.5,0.4,1200,0.8,126,60.3,4.75,0.77,1.17,0.038,4.75,-5.33,-0.042,0.83
55.0,3.0,1.0,2.5,3.0,0.4,1200,0.8,126,60.3,4.63,0.77,1.17,0.037,4.75,-5.45,-0.043,0.83
55.0,3.0,1.0,2.5,4.5,0.4,1200,0.8,126,60.3,4.63,0.77,1.17,0.037,4.75,-5.45,-0.043,0.83
55.0,5.0,1.5,2.5,3.0,0.4,1200,0.8,117,62.4,4.37,0.7,1.15,0.037,6.75,-4.99,-0.043,0.84
55.0,5.0,1.5,2.5,4.5,0.4,1200,0.8,117,62.4,4.37,0.7,1.15,0.037,6.75,-4.99,-0.043,0.84
55.0,3.0,1.5,2.5,3.0,0.6,1200,0.8,125,60.8,4.47,0.75,1.16,0.036,5.03,-5.53,-0.044,0.82
55.0,3.0,1.5,2.5,4.5,0.6,1200,0.8,125,60.8,4.47,0.75,1.16,0.036,5.03,-5.53,-0.044,0.82
55.0,3.0,1.0,1.5,3.0,0.6,1200,0.8,125,60.8,4.3,0.75,1.16,0.034,4.75,-5.7,-0.046,0.82
55.0,3.0,1.0,1.5,4.5,0.6,1200,0.8,125,60.8,4.3,0.75,1.16,0.034,4.75,-5.7,-0.046,0.82
55.0,3.0,1.0,2.5,3.0,0.6,1200,0.8,125,60.8,4.11,0.74,1.15,0.033,4.75,-5.89,-0.047,0.81
55.0,3.0,1.0,2.5,4.5,0.6,1200,0.8,125,60.8,4.11,0.74,1.15,0.033,4.75,-5.89,-0.047,0.81
55.0,3.0,0.7,1.5,3.0,0.4,1200,0.8,130,60.8,4.1,0.75,1.16,0.032,5.01,-6.3,-0.048,0.79
55.0,3.0,0.7,1.5,4.5,0.4,1200,0.8,130,60.8,4.1,0.75,1.16,0.032,5.01,-6.3,-0.048,0.79
55.0,3.0,0.7,2.5,3.0,0.4,1200,0.8,130,60.8,3.98,0.74,1.15,0.031,5.01,-6.42,-0.049,0.79
55.0,3.0,0.7,2.5,4.5,0.4,1200,0.8,130,60.8,3.98,0.74,1.15,0.031,5.01,-6.42,-0.049,0.79
55.0,3.0,1.0,1.5,3.0,0.8,1200,0.8,125,60.8,3.89,0.74,1.14,0.031,4.75,-6.11,-0.049,0.8
55.0,3.0,1.0,1.5,4.5,0.8,1200,0.8,125,60.8,3.89,0.74,1.14,0.031,4.75,-6.11,-0.049,0.8
55.0,3.0,1.0,2.5,3.0,0.8,1200,0.8,125,60.8,3.63,0.73,1.13,0.029,4.75,-6.37,-0.051,0.8
55.0,3.0,1.0,2.5,4.5,0.8,1200,0.8,125,60.8,3.63,0.73,1.13,0.029,4.75,-6.37,-0.051,0.8
55.0,3.0,0.7,1.5,3.0,0.6,1200,0.8,129,61.2,3.66,0.72,1.14,0.028,5.01,-6.66,-0.052,0.78
55.0,3.0,0.7,1.5,4.5,0.6,1200,0.8,129,61.2,3.66,0.72,1.14,0.028,5.01,-6.66,-0.052,0.78
55.0,3.0,1.5,2.5,3.0,0.8,1200,0.8,125,60.8,3.55,0.73,1.13,0.028,5.5,-6.45,-0.052,0.79
55.0,3.0,1.5,2.5,4.5,0.8,1200,0.8,125,60.8,3.55,0.73,1.13,0.028,5.5,-6.45,-0.052,0.79
55.0,2.0,1.5,2.5,3.0,0.4,1200,0.8,137,58.4,3.66,0.8,1.12,0.027,6.85,-7.3,-0.053,0.79
55.0,2.0,1.5,2.5,4.5,0.4,1200,0.8,137,58.4,3.66,0.8,1.12,0.027,6.85,-7.3,-0.053,0.79
55.0,3.0,0.7,2.5,3.0,0.6,1200,0.8,129,61.2,3.46,0.72,1.13,0.027,5.01,-6.86,-0.053,0.77
55.0,3.0,0.7,2.5,4.5,0.6,1200,0.8,129,61.2,3.46,0.72,1.13,0.027,5.01,-6.86,-0.053,0.77
55.0,3.0,0.7,1.5,3.0,0.8,1200,0.8,129,61.2,3.24,0.71,1.12,0.025,5.01,-7.08,-0.055,0.77
55.0,3.0,0.7,1.5,4.5,0.8,1200,0.8,129,61.2,3.24,0.71,1.12,0.025,5.01,-7.08,-0.055,0.77
55.0,5.0,1.5,2.5,3.0,0.6,1200,0.8,116,62.9,2.76,0.65,1.1,0.024,7.15,-6.52,-0.056,0.8
55.0,5.0,1.5,2.5,4.5,0.6,1200,0.8,116,62.9,2.76,0.65,1.1,0.024,7.15,-6.52,-0.056,0.8
55.0,3.0,0.7,2.5,3.0,0.8,1200,0.8,129,61.2,2.98,0.71,1.11,0.023,5.01,-7.34,-0.057,0.76
55.0,3.0,0.7,2.5,4.5,0.8,1200,0.8,129,61.2,2.98,0.71,1.11,0.023,5.01,-7.34,-0.057,0.76
55.0,2.0,1.0,1.5,3.0,0.4,1200,0.8,137,58.4,2.89,0.78,1.1,0.021,6.29,-8.07,-0.059,0.77
55.0,2.0,1.0,1.5,4.5,0.4,1200,0.8,137,58.4,2.89,0.78,1.1,0.021,6.29,-8.07,-0.059,0.77
55.0,2.0,1.5,2.5,3.0,0.6,1200,0.8,136,58.8,2.82,0.77,1.1,0.021,7.45,-8.06,-0.059,0.76
55.0,2.0,1.5,2.5,4.5,0.6,1200,0.8,136,58.8,2.82,0.77,1.1,0.021,7.45,-8.06,-0.059,0.76
55.0,2.0,1.0,1.5,3.0,0.6,1200,0.8,136,58.8,2.68,0.76,1.09,0.02,6.34,-8.2,-0.06,0.76
55.0,2.0,1.0,1.5,4.5,0.6,1200,0.8,136,58.8,2.68,0.76,1.09,0.02,6.34,-8.2,-0.06,0.76
55.0,2.0,1.0,2.5,3.0,0.4,1200,0.8,137,58.4,2.77,0.78,1.09,0.02,6.29,-8.19,-0.06,0.76
55.0,2.0,1.0,2.5,4.5,0.4,1200,0.8,137,58.4,2.77,0.78,1.09,0.02,6.29,-8.19,-0.06,0.76
55.0,2.0,1.0,1.5,3.0,0.8,1200,0.8,136,58.8,2.51,0.76,1.08,0.018,6.34,-8.37,-0.062,0.76
55.0,2.0,1.0,1.5,4.5,0.8,1200,0.8,136,58.8,2.51,0.76,1.08,0.018,6.34,-8.37,-0.062,0.76
55.0,2.0,1.0,2.5,3.0,0.6,1200,0.8,136,58.8,2.49,0.76,1.08,0.018,6.34,-8.39,-0.062,0.75
55.0,2.0,1.0,2.5,4.5,0.6,1200,0.8,136,58.8,2.49,0.76,1.08,0.018,6.34,-8.39,-0.062,0.75
55.0,2.0,1.5,2.5,3.0,0.8,1200,0.8,136,58.8,2.47,0.76,1.08,0.018,7.75,-8.41,-0.062,0.75
55.0,2.0,1.5,2.5,4.5,0.8,1200,0.8,136,58.8,2.47,0.76,1.08,0.018,7.75,-8.41,-0.062,0.75
55.0,5.0,1.5,2.5,3.0,0.8,1200,0.8,116,62.9,2.12,0.63,1.07,0.018,7.55,-7.16,-0.062,0.78
55.0,5.0,1.5,2.5,4.5,0.8,1200,0.8,116,62.9,2.12,0.63,1.07,0.018,7.55,-7.16,-0.062,0.78
55.0,2.0,1.0,2.5,3.0,0.8,1200,0.8,136,58.8,2.25,0.75,1.08,0.017,6.34,-8.63,-0.063,0.75
55.0,2.0,1.0,2.5,4.5,0.8,1200,0.8,136,58.8,2.25,0.75,1.08,0.017,6.34,-8.63,-0.063,0.75
55.0,5.0,1.0,1.5,3.0,0.4,1200,0.8,117,62.4,1.79,0.64,1.06,0.015,6.74,-7.57,-0.065,0.76
55.0,5.0,1.0,1.5,4.5,0.4,1200,0.8,117,62.4,1.79,0.64,1.06,0.015,6.74,-7.57,-0.065,0.76
55.0,5.0,1.0,2.5,3.0,0.4,1200,0.8,117,62.4,1.67,0.64,1.06,0.014,6.74,-7.69,-0.066,0.76
55.0,5.0,1.0,2.5,4.5,0.4,1200,0.8,117,62.4,1.67,0.64,1.06,0.014,6.74,-7.69,-0.066,0.76
55.0,5.0,1.0,1.5,3.0,0.6,1200,0.8,116,62.9,1.46,0.62,1.05,0.013,6.8,-7.82,-0.067,0.76
55.0,5.0,1.0,1.5,4.5,0.6,1200,0.8,116,62.9,1.46,0.62,1.05,0.013,6.8,-7.82,-0.067,0.76
55.0,2.0,0.7,1.5,3.0,0.4,1200,0.8,141,58.9,1.49,0.73,1.05,0.011,6.87,-9.79,-0.069,0.71
55.0,2.0,0.7,1.5,4.5,0.4,1200,0.8,141,58.9,1.49,0.73,1.05,0.011,6.87,-9.79,-0.069,0.71
55.0,5.0,1.0,2.5,3.0,0.6,1200,0.8,116,62.9,1.27,0.62,1.04,0.011,6.8,-8.01,-0.069,0.75
55.0,5.0,1.0,2.5,4.5,0.6,1200,0.8,116,62.9,1.27,0.62,1.04,0.011,6.8,-8.01,-0.069,0.75
55.0,2.0,0.7,2.5,3.0,0.4,1200,0.8,141,58.9,1.37,0.73,1.05,0.01,6.87,-9.91,-0.07,0.7
55.0,2.0,0.7,2.5,4.5,0.4,1200,0.8,141,58.9,1.37,0.73,1.05,0.01,6.87,-9.91,-0.07,0.7
55.0,5.0,1.0,1.5,3.0,0.8,1200,0.8,116,62.9,1.17,0.61,1.04,0.01,6.8,-8.11,-0.07,0.75
55.0,5.0,1.0,1.5,4.5,0.8,1200,0.8,116,62.9,1.17,0.61,1.04,0.01,6.8,-8.11,-0.07,0.75
55.0,2.0,0.7,1.5,3.0,0.6,1200,0.8,140,59.3,1.28,0.72,1.04,0.009,6.93,-9.92,-0.071,0.7
55.0,2.0,0.7,1.5,4.5,0.6,1200,0.8,140,59.3,1.28,0.72,1.04,0.009,6.93,-9.92,-0.071,0.7
55.0,2.0,0.7,1.5,3.0,0.8,1200,0.8,140,59.3,1.11,0.71,1.04,0.008,6.93,-10.09,-0.072,0.7
55.0,2.0,0.7,1.5,4.5,0.8,1200,0.8,140,59.3,1.11,0.71,1.04,0.008,6.93,-10.09,-0.072,0.7
55.0,2.0,0.7,2.5,3.0,0.6,1200,0.8,140,59.3,1.09,0.71,1.04,0.008,6.93,-10.11,-0.072,0.7
55.0,2.0,0.7,2.5,4.5,0.6,1200,0.8,140,59.3,1.09,0.71,1.04,0.008,6.93,-10.11,-0.072,0.7
55.0,5.0,1.0,2.5,3.0,0.8,1200,0.8,116,62.9,0.91,0.61,1.03,0.008,6.8,-8.37,-0.072,0.74
55.0,5.0,1.0,2.5,4.5,0.8,1200,0.8,116,62.9,0.91,0.61,1.03,0.008,6.8,-8.37,-0.072,0.74
55.0,2.0,0.7,2.5,3.0,0.8,1200,0.8,140,59.3,0.85,0.71,1.03,0.006,6.93,-10.35,-0.074,0.69
55.0,2.0,0.7,2.5,4.5,0.8,1200,0.8,140,59.3,0.85,0.71,1.03,0.006,6.93,-10.35,-0.074,0.69
