signal_threshold,stop_loss_pct,level_1_pct,level_2_pct,level_3_pct,trail_callback,time_stop_seconds,time_stop_no_movement_pct,trades,win_rate,total_pnl_pct,payoff,profit_factor,expectancy_pct,max_dd_pct,net_pnl_pct,net_expectancy_pct,net_profit_factor
55.0,5.0,1.5,2.5,4.5,0.6,,0.4,56,89.3,27.59,0.23,1.92,0.493,10.0,23.11,0.413,1.76
55.0,5.0,1.5,2.5,3.0,0.6,,0.4,56,89.3,26.82,0.23,1.89,0.479,10.0,22.34,0.399,1.73
55.0,5.0,1.5,2.5,4.5,0.4,,0.4,56,89.3,26.5,0.23,1.88,0.473,10.0,22.02,0.393,1.72
55.0,5.0,1.0,2.5,4.5,0.6,,0.4,56,89.3,26.4,0.23,1.88,0.471,10.0,21.92,0.391,1.72
55.0,5.0,1.5,2.5,3.0,0.4,,0.4,56,89.3,26.17,0.22,1.87,0.467,10.0,21.69,0.387,1.71
55.0,5.0,1.0,2.5,3.0,0.6,,0.4,56,89.3,25.63,0.22,1.85,0.458,10.0,21.15,0.378,1.69
55.0,5.0,1.0,2.5,4.5,0.4,,0.4,56,89.3,25.62,0.22,1.85,0.458,10.0,21.14,0.377,1.69
55.0,5.0,1.5,2.5,4.5,0.8,,0.4,56,89.3,25.42,0.22,1.85,0.454,10.0,20.94,0.374,1.69
55.0,5.0,1.0,2.5,3.0,0.4,,0.4,56,89.3,25.28,0.22,1.84,0.451,10.0,20.8,0.372,1.68
55.0,5.0,1.5,2.5,3.0,0.8,,0.4,56,89.3,24.73,0.22,1.82,0.442,10.0,20.25,0.362,1.66
55.0,5.0,1.5,2.5,3.0,0.4,14400,0.2,57,89.5,25.13,0.22,1.84,0.441,10.0,20.57,0.361,1.67
55.0,5.0,1.5,2.5,4.5,0.4,14400,0.2,57,89.5,25.13,0.22,1.84,0.441,10.0,20.57,0.361,1.67
55.0,5.0,1.0,2.5,4.5,0.8,,0.4,56,89.3,24.65,0.22,1.82,0.44,10.0,20.17,0.36,1.66
55.0,5.0,1.5,2.5,3.0,0.4,14400,0.4,58,89.7,25.38,0.21,1.85,0.438,10.0,20.74,0.358,1.68
55.0,5.0,1.5,2.5,4.5,0.4,14400,0.4,58,89.7,25.38,0.21,1.85,0.438,10.0,20.74,0.358,1.68
55.0,5.0,1.0,2.5,3.0,0.4,14400,0.2,57,89.5,24.72,0.21,1.82,0.434,10.0,20.16,0.354,1.66
55.0,5.0,1.0,2.5,4.5,0.4,14400,0.2,57,89.5,24.72,0.21,1.82,0.434,10.0,20.16,0.354,1.66
55.0,5.0,1.5,2.5,3.0,0.4,7200,0.2,57,89.5,24.72,0.21,1.82,0.434,10.0,20.17,0.354,1.66
55.0,5.0,1.5,2.5,4.5,0.4,7200,0.2,57,89.5,24.72,0.21,1.82,0.434,10.0,20.17,0.354,1.66
55.0,5.0,1.0,1.5,4.5,0.6,,0.4,56,89.3,24.02,0.22,1.8,0.429,10.0,19.54,0.349,1.64
55.0,5.0,1.0,2.5,3.0,0.8,,0.4,56,89.3,23.96,0.22,1.8,0.428,10.0,19.48,0.348,1.64
55.0,5.0,1.0,2.5,3.0,0.4,7200,0.2,57,89.5,24.34,0.21,1.81,0.427,10.0,19.78,0.347,1.65
55.0,5.0,1.0,2.5,3.0,0.4,14400,0.4,58,89.7,24.76,0.21,1.83,0.427,10.0,20.12,0.347,1.66
55.0,5.0,1.0,2.5,4.5,0.4,7200,0.2,57,89.5,24.34,0.21,1.81,0.427,10.0,19.78,0.347,1.65
55.0,5.0,1.0,2.5,4.5,0.4,14400,0.4,58,89.7,24.76,0.21,1.83,0.427,10.0,20.12,0.347,1.66
55.0,5.0,1.5,2.5,3.0,0.4,7200,0.4,59,88.1,25.09,0.25,1.83,0.425,10.0,20.37,0.345,1.66
55.0,5.0,1.5,2.5,4.5,0.4,7200,0.4,59,88.1,25.09,0.25,1.83,0.425,10.0,20.37,0.345,1.66
55.0,5.0,1.5,2.5,3.0,0.6,14400,0.4,58,89.7,24.55,0.21,1.82,0.423,10.0,19.9,0.343,1.65
55.0,5.0,1.5,2.5,4.5,0.6,14400,0.4,58,89.7,24.55,0.21,1.82,0.423,10.0,19.9,0.343,1.65
55.0,5.0,1.0,2.5,3.0,0.4,7200,0.4,59,88.1,24.73,0.25,1.82,0.419,10.0,20.01,0.339,1.65
55.0,5.0,1.0,2.5,4.5,0.4,7200,0.4,59,88.1,24.73,0.25,1.82,0.419,10.0,20.01,0.339,1.65
55.0,5.0,1.5,2.5,3.0,0.6,14400,0.2,57,89.5,23.81,0.21,1.79,0.418,10.0,19.25,0.338,1.63
55.0,5.0,1.5,2.5,4.5,0.6,14400,0.2,57,89.5,23.81,0.21,1.79,0.418,10.0,19.25,0.338,1.63
55.0,5.0,1.0,1.5,4.5,0.4,,0.4,56,89.3,23.35,0.21,1.78,0.417,10.0,18.87,0.337,1.62
55.0,5.0,1.0,1.5,3.0,0.6,,0.4,56,89.3,23.26,0.21,1.78,0.415,10.0,18.78,0.335,1.62
55.0,5.0,1.5,2.5,3.0,0.4,3600,0.2,58,89.7,24.08,0.21,1.8,0.415,10.0,19.44,0.335,1.64
55.0,5.0,1.5,2.5,4.5,0.4,3600,0.2,58,89.7,24.08,0.21,1.8,0.415,10.0,19.44,0.335,1.64
55.0,5.0,1.5,2.5,3.0,0.6,7200,0.2,57,89.5,23.54,0.21,1.78,0.413,10.0,18.98,0.333,1.62
55.0,5.0,1.5,2.5,3.0,0.6,7200,0.4,59,88.1,24.38,0.24,1.81,0.413,10.0,19.66,0.333,1.64
55.0,5.0,1.5,2.5,4.5,0.6,7200,0.2,57,89.5,23.54,0.21,1.78,0.413,10.0,18.98,0.333,1.62
55.0,5.0,1.5,2.5,4.5,0.6,7200,0.4,59,88.1,24.38,0.24,1.81,0.413,10.0,19.66,0.333,1.64
55.0,5.0,1.0,2.5,3.0,0.6,14400,0.2,57,89.5,23.5,0.21,1.78,0.412,10.0,18.94,0.332,1.62
55.0,5.0,1.0,2.5,4.5,0.6,14400,0.2,57,89.5,23.5,0.21,1.78,0.412,10.0,18.94,0.332,1.62
55.0,5.0,1.5,2.5,4.5,0.8,14400,0.4,58,89.7,23.9,0.21,1.8,0.412,10.0,19.26,0.332,1.63
55.0,5.0,1.0,1.5,3.0,0.4,,0.4,56,89.3,23.02,0.21,1.77,0.411,10.0,18.54,0.331,1.61
55.0,5.0,1.5,2.5,3.0,0.8,14400,0.4,58,89.7,23.81,0.21,1.79,0.411,10.0,19.17,0.331,1.63
55.0,5.0,1.0,1.5,3.0,0.4,14400,0.2,57,89.5,23.3,0.21,1.78,0.409,10.0,18.74,0.329,1.61
55.0,5.0,1.0,1.5,4.5,0.4,14400,0.2,57,89.5,23.3,0.21,1.78,0.409,10.0,18.74,0.329,1.61
55.0,5.0,1.0,2.5,3.0,0.6,14400,0.4,58,89.7,23.75,0.21,1.79,0.409,10.0,19.11,0.329,1.63
55.0,5.0,1.0,2.5,4.5,0.6,14400,0.4,58,89.7,23.75,0.21,1.79,0.409,10.0,19.11,0.329,1.63
55.0,5.0,1.0,1.5,3.0,0.4,7200,0.2,57,89.5,23.28,0.21,1.78,0.408,10.0,18.72,0.328,1.61
55.0,5.0,1.0,1.5,4.5,0.4,7200,0.2,57,89.5,23.28,0.21,1.78,0.408,10.0,18.72,0.328,1.61
55.0,5.0,1.0,2.5,3.0,0.6,7200,0.2,57,89.5,23.24,0.21,1.77,0.408,10.0,18.68,0.328,1.61
55.0,5.0,1.0,2.5,4.5,0.6,7200,0.2,57,89.5,23.24,0.21,1.77,0.408,10.0,18.68,0.328,1.61
55.0,5.0,1.0,1.5,4.5,0.8,,0.4,56,89.3,22.78,0.21,1.76,0.407,10.0,18.3,0.327,1.6
55.0,5.0,0.7,2.5,4.5,0.6,,0.4,56,89.3,22.68,0.22,1.82,0.405,9.4,18.2,0.325,1.65
55.0,5.0,1.0,2.5,3.0,0.4,3600,0.2,58,89.7,23.38,0.21,1.78,0.403,10.0,18.74,0.323,1.61
55.0,5.0,1.0,2.5,4.5,0.4,3600,0.2,58,89.7,23.38,0.21,1.78,0.403,10.0,18.74,0.323,1.61
55.0,5.0,1.5,2.5,3.0,0.8,7200,0.4,59,88.1,23.75,0.24,1.79,0.403,10.0,19.03,0.323,1.62
55.0,5.0,1.5,2.5,4.5,0.8,7200,0.4,59,88.1,23.75,0.24,1.79,0.403,10.0,19.03,0.323,1.62
55.0,5.0,1.5,2.5,4.5,0.8,14400,0.2,57,89.5,22.96,0.21,1.77,0.403,10.0,18.4,0.323,1.6
55.0,5.0,1.0,1.5,3.0,0.4,14400,0.4,58,89.7,23.34,0.21,1.78,0.402,10.0,18.7,0.322,1.61
55.0,5.0,1.0,1.5,4.5,0.4,14400,0.4,58,89.7,23.34,0.21,1.78,0.402,10.0,18.7,0.322,1.61
55.0,5.0,1.0,1.5,3.0,0.4,7200,0.4,59,88.1,23.67,0.24,1.79,0.401,10.0,18.95,0.321,1.62
55.0,5.0,1.0,1.5,4.5,0.4,7200,0.4,59,88.1,23.67,0.24,1.79,0.401,10.0,18.95,0.321,1.62
55.0,5.0,1.0,2.5,3.0,0.6,7200,0.4,59,88.1,23.63,0.24,1.78,0.401,10.0,18.91,0.321,1.62
55.0,5.0,1.0,2.5,4.5,0.6,7200,0.4,59,88.1,23.63,0.24,1.78,0.401,10.0,18.91,0.321,1.62
55.0,5.0,1.5,2.5,3.0,0.8,14400,0.2,57,89.5,22.88,0.21,1.76,0.401,10.0,18.32,0.321,1.6
55.0,5.0,1.5,2.5,3.0,0.6,3600,0.2,58,89.7,23.18,0.2,1.77,0.4,10.0,18.54,0.32,1.61
55.0,5.0,1.5,2.5,4.5,0.6,3600,0.2,58,89.7,23.18,0.2,1.77,0.4,10.0,18.54,0.32,1.61
55.0,5.0,1.0,2.5,4.5,0.8,14400,0.2,57,89.5,22.74,0.21,1.76,0.399,10.0,18.18,0.319,1.6
55.0,5.0,1.0,2.5,3.0,0.8,14400,0.2,57,89.5,22.66,0.21,1.76,0.398,10.0,18.1,0.318,1.59
55.0,5.0,1.5,2.5,3.0,0.8,7200,0.2,57,89.5,22.71,0.21,1.76,0.398,10.0,18.15,0.318,1.6
55.0,5.0,1.5,2.5,4.5,0.8,7200,0.2,57,89.5,22.71,0.21,1.76,0.398,10.0,18.15,0.318,1.6
55.0,5.0,1.0,1.5,3.0,0.4,3600,0.2,58,89.7,23.01,0.2,1.77,0.397,10.0,18.37,0.317,1.6
55.0,5.0,1.0,1.5,4.5,0.4,3600,0.2,58,89.7,23.01,0.2,1.77,0.397,10.0,18.37,0.317,1.6
55.0,5.0,1.0,2.5,4.5,0.8,14400,0.4,58,89.7,23.0,0.2,1.77,0.397,10.0,18.36,0.317,1.6
55.0,5.0,1.0,2.5,3.0,0.6,3600,0.2,58,89.7,22.98,0.2,1.77,0.396,10.0,18.34,0.316,1.6
55.0,5.0,1.0,2.5,4.5,0.6,3600,0.2,58,89.7,22.98,0.2,1.77,0.396,10.0,18.34,0.316,1.6
55.0,5.0,1.0,2.5,3.0,0.8,14400,0.4,58,89.7,22.91,0.2,1.76,0.395,10.0,18.27,0.315,1.6
55.0,5.0,1.0,1.5,3.0,0.8,,0.4,56,89.3,22.09,0.21,1.74,0.394,10.0,17.61,0.314,1.58
55.0,5.0,1.0,1.5,3.0,0.6,7200,0.2,57,89.5,22.41,0.21,1.75,0.393,10.0,17.85,0.313,1.59
55.0,5.0,1.0,1.5,4.5,0.6,7200,0.2,57,89.5,22.41,0.21,1.75,0.393,10.0,17.85,0.313,1.59
55.0,5.0,1.0,1.5,3.0,0.6,14400,0.2,57,89.5,22.33,0.21,1.74,0.392,10.0,17.77,0.312,1.58
55.0,5.0,1.0,1.5,4.5,0.6,14400,0.2,57,89.5,22.33,0.21,1.74,0.392,10.0,17.77,0.312,1.58
55.0,5.0,1.5,2.5,3.0,0.8,3600,0.2,58,89.7,22.72,0.2,1.76,0.392,10.0,18.08,0.312,1.59
55.0,5.0,1.5,2.5,4.5,0.8,3600,0.2,58,89.7,22.72,0.2,1.76,0.392,10.0,18.08,0.312,1.59
55.0,5.0,0.7,2.5,3.0,0.6,,0.4,56,89.3,21.91,0.21,1.79,0.391,9.4,17.43,0.311,1.62
55.0,5.0,0.7,2.5,4.5,0.4,,0.4,56,89.3,21.9,0.21,1.79,0.391,9.15,17.42,0.311,1.62
55.0,5.0,1.0,1.5,3.0,0.6,3600,0.2,58,89.7,22.67,0.2,1.76,0.391,10.0,18.03,0.311,1.59
55.0,5.0,1.0,1.5,4.5,0.6,3600,0.2,58,89.7,22.67,0.2,1.76,0.391,10.0,18.03,0.311,1.59
55.0,5.0,1.0,1.5,3.0,0.6,14400,0.4,58,89.7,22.59,0.2,1.75,0.389,10.0,17.95,0.309,1.59
55.0,5.0,1.0,1.5,4.5,0.6,14400,0.4,58,89.7,22.59,0.2,1.75,0.389,10.0,17.95,0.309,1.59
55.0,5.0,1.0,1.5,4.5,0.8,14400,0.2,57,89.5,22.15,0.2,1.74,0.389,10.0,17.59,0.309,1.58
55.0,5.0,1.0,2.5,3.0,0.8,3600,0.2,58,89.7,22.5,0.2,1.75,0.388,10.0,17.86,0.308,1.59
55.0,5.0,1.0,2.5,4.5,0.8,3600,0.2,58,89.7,22.5,0.2,1.75,0.388,10.0,17.86,0.308,1.59
55.0,5.0,1.0,1.5,3.0,0.8,14400,0.2,57,89.5,22.06,0.2,1.74,0.387,10.0,17.51,0.307,1.57
55.0,5.0,1.0,1.5,3.0,0.6,7200,0.4,59,88.1,22.8,0.24,1.76,0.386,10.0,18.08,0.306,1.59
55.0,5.0,1.0,1.5,4.5,0.6,7200,0.4,59,88.1,22.8,0.24,1.76,0.386,10.0,18.08,0.306,1.59
55.0,5.0,1.0,1.5,4.5,0.8,14400,0.4,58,89.7,22.4,0.2,1.75,0.386,10.0,17.76,0.306,1.58
55.0,5.0,0.7,2.5,3.0,0.4,,0.4,56,89.3,21.56,0.21,1.78,0.385,9.15,17.08,0.305,1.61
55.0,5.0,1.0,1.5,3.0,0.8,3600,0.2,58,89.7,22.33,0.2,1.74,0.385,10.0,17.69,0.305,1.58
55.0,5.0,1.0,1.5,3.0,0.8,14400,0.4,58,89.7,22.32,0.2,1.74,0.385,10.0,17.68,0.305,1.58
55.0,5.0,1.0,1.5,4.5,0.8,3600,0.2,58,89.7,22.33,0.2,1.74,0.385,10.0,17.69,0.305,1.58
55.0,5.0,1.0,2.5,3.0,0.8,7200,0.2,57,89.5,21.79,0.2,1.73,0.382,10.0,17.23,0.302,1.57
55.0,5.0,1.0,2.5,4.5,0.8,7200,0.2,57,89.5,21.79,0.2,1.73,0.382,10.0,17.23,0.302,1.57
55.0,5.0,1.5,2.5,3.0,0.4,2400,0.2,59,89.8,22.31,0.2,1.74,0.378,10.0,17.59,0.298,1.57
55.0,5.0,1.5,2.5,4.5,0.4,2400,0.2,59,89.8,22.31,0.2,1.74,0.378,10.0,17.59,0.298,1.57
55.0,5.0,1.0,2.5,3.0,0.8,7200,0.4,59,88.1,22.18,0.23,1.74,0.376,10.0,17.46,0.296,1.57
55.0,5.0,1.0,2.5,4.5,0.8,7200,0.4,59,88.1,22.18,0.23,1.74,0.376,10.0,17.46,0.296,1.57
55.0,5.0,0.7,2.5,4.5,0.8,,0.4,56,89.3,20.93,0.21,1.75,0.374,9.93,16.45,0.294,1.58
55.0,5.0,1.0,1.5,3.0,0.8,7200,0.2,57,89.5,21.31,0.2,1.71,0.374,10.0,16.75,0.294,1.55
55.0,5.0,1.0,1.5,4.5,0.8,7200,0.2,57,89.5,21.31,0.2,1.71,0.374,10.0,16.75,0.294,1.55
55.0,5.0,1.5,2.5,3.0,0.4,14400,0.8,61,85.2,22.53,0.3,1.73,0.369,10.0,17.65,0.289,1.56
55.0,5.0,1.5,2.5,4.5,0.4,14400,0.8,61,85.2,22.53,0.3,1.73,0.369,10.0,17.65,0.289,1.56
55.0,5.0,1.0,1.5,3.0,0.8,7200,0.4,59,88.1,21.7,0.23,1.72,0.368,10.0,16.98,0.288,1.55
55.0,5.0,1.0,1.5,4.5,0.8,7200,0.4,59,88.1,21.7,0.23,1.72,0.368,10.0,16.98,0.288,1.55
55.0,5.0,1.5,2.5,3.0,0.6,3600,0.4,78,80.8,28.64,0.46,1.92,0.367,10.45,22.4,0.287,1.69
55.0,5.0,1.5,2.5,4.5,0.6,3600,0.4,78,80.8,28.64,0.46,1.92,0.367,10.45,22.4,0.287,1.69
55.0,5.0,0.7,1.5,4.5,0.6,,0.4,56,89.3,20.3,0.21,1.73,0.362,9.68,15.82,0.283,1.56
55.0,5.0,1.0,2.5,3.0,0.4,2400,0.2,59,89.8,21.38,0.19,1.71,0.362,10.0,16.66,0.282,1.54
55.0,5.0,1.0,2.5,3.0,0.4,14400,0.8,61,85.2,22.06,0.3,1.72,0.362,10.0,17.18,0.282,1.55
55.0,5.0,1.0,2.5,4.5,0.4,2400,0.2,59,89.8,21.38,0.19,1.71,0.362,10.0,16.66,0.282,1.54
55.0,5.0,1.0,2.5,4.5,0.4,14400,0.8,61,85.2,22.06,0.3,1.72,0.362,10.0,17.18,0.282,1.55
55.0,5.0,0.7,2.5,3.0,0.8,,0.4,56,89.3,20.24,0.21,1.73,0.361,9.93,15.76,0.281,1.56
55.0,5.0,1.5,2.5,3.0,0.6,14400,0.8,61,85.2,21.97,0.3,1.72,0.36,10.0,17.09,0.28,1.54
55.0,5.0,1.5,2.5,4.5,0.6,14400,0.8,61,85.2,21.97,0.3,1.72,0.36,10.0,17.09,0.28,1.54
55.0,5.0,1.0,1.5,3.0,0.4,2400,0.2,59,89.8,21.17,0.19,1.71,0.359,10.0,16.45,0.279,1.54
55.0,5.0,1.0,1.5,4.5,0.4,2400,0.2,59,89.8,21.17,0.19,1.71,0.359,10.0,16.45,0.279,1.54
55.0,5.0,1.5,2.5,3.0,0.8,3600,0.4,78,80.8,28.02,0.45,1.9,0.359,10.45,21.78,0.279,1.67
55.0,5.0,1.5,2.5,4.5,0.8,3600,0.4,78,80.8,28.02,0.45,1.9,0.359,10.45,21.78,0.279,1.67
55.0,5.0,1.0,1.5,3.0,0.6,2400,0.2,59,89.8,20.88,0.19,1.7,0.354,10.0,16.16,0.274,1.53
55.0,5.0,1.0,1.5,4.5,0.6,2400,0.2,59,89.8,20.88,0.19,1.7,0.354,10.0,16.16,0.274,1.53
55.0,5.0,1.0,2.5,3.0,0.6,2400,0.2,59,89.8,20.9,0.19,1.7,0.354,10.0,16.18,0.274,1.53
55.0,5.0,1.0,2.5,4.5,0.6,2400,0.2,59,89.8,20.9,0.19,1.7,0.354,10.0,16.18,0.274,1.53
55.0,5.0,1.5,2.5,3.0,0.6,2400,0.2,59,89.8,20.84,0.19,1.69,0.353,10.0,16.12,0.273,1.53
55.0,5.0,1.5,2.5,4.5,0.6,2400,0.2,59,89.8,20.84,0.19,1.69,0.353,10.0,16.12,0.273,1.53
55.0,5.0,0.7,1.5,4.5,0.4,,0.4,56,89.3,19.63,0.2,1.71,0.351,9.68,15.15,0.271,1.54
55.0,5.0,1.0,1.5,3.0,0.8,2400,0.2,59,89.8,20.67,0.19,1.69,0.35,10.0,15.95,0.27,1.52
55.0,5.0,1.0,1.5,4.5,0.8,2400,0.2,59,89.8,20.67,0.19,1.69,0.35,10.0,15.95,0.27,1.52
55.0,5.0,0.7,1.5,3.0,0.6,,0.4,56,89.3,19.54,0.2,1.7,0.349,9.68,15.06,0.269,1.53
55.0,5.0,1.5,2.5,3.0,0.8,2400,0.2,59,89.8,20.58,0.19,1.69,0.349,10.0,15.86,0.269,1.52
55.0,5.0,1.5,2.5,4.5,0.8,2400,0.2,59,89.8,20.58,0.19,1.69,0.349,10.0,15.86,0.269,1.52
55.0,5.0,1.0,2.5,3.0,0.8,2400,0.2,59,89.8,20.54,0.19,1.68,0.348,10.0,15.82,0.268,1.52
55.0,5.0,1.0,2.5,4.5,0.8,2400,0.2,59,89.8,20.54,0.19,1.68,0.348,10.0,15.82,0.268,1.52
55.0,5.0,1.5,2.5,3.0,0.4,3600,0.4,79,81.0,27.4,0.44,1.88,0.347,10.45,21.08,0.267,1.65
55.0,5.0,1.5,2.5,4.5,0.4,3600,0.4,79,81.0,27.4,0.44,1.88,0.347,10.45,21.08,0.267,1.65
55.0,5.0,0.7,1.5,3.0,0.4,,0.4,56,89.3,19.3,0.2,1.7,0.345,9.68,14.82,0.265,1.53
55.0,5.0,1.0,2.5,3.0,0.6,14400,0.8,61,85.2,21.06,0.29,1.69,0.345,10.0,16.18,0.265,1.51
55.0,5.0,1.0,2.5,4.5,0.6,14400,0.8,61,85.2,21.06,0.29,1.69,0.345,10.0,16.18,0.265,1.51
55.0,5.0,0.7,1.5,4.5,0.8,,0.4,56,89.3,19.06,0.2,1.69,0.34,10.0,14.58,0.26,1.52
55.0,5.0,1.0,1.5,3.0,0.4,14400,0.8,61,85.2,20.51,0.29,1.67,0.336,10.0,15.63,0.256,1.5
55.0,5.0,1.0,1.5,4.5,0.4,14400,0.8,61,85.2,20.51,0.29,1.67,0.336,10.0,15.63,0.256,1.5
55.0,5.0,1.5,2.5,4.5,0.8,14400,0.8,61,85.2,20.22,0.29,1.66,0.331,10.0,15.34,0.252,1.49
55.0,5.0,1.5,2.5,3.0,0.8,14400,0.8,61,85.2,20.14,0.29,1.66,0.33,10.0,15.26,0.25,1.48
55.0,5.0,1.0,2.5,3.0,0.4,3600,0.4,79,81.0,26.02,0.43,1.83,0.329,10.45,19.7,0.249,1.61
55.0,5.0,1.0,2.5,4.5,0.4,3600,0.4,79,81.0,26.02,0.43,1.83,0.329,10.45,19.7,0.249,1.61
55.0,5.0,1.0,2.5,4.5,0.8,14400,0.8,61,85.2,20.08,0.29,1.65,0.329,10.0,15.2,0.249,1.48
55.0,5.0,0.7,1.5,3.0,0.8,,0.4,56,89.3,18.37,0.2,1.66,0.328,10.0,13.89,0.248,1.49
55.0,5.0,1.0,2.5,3.0,0.8,14400,0.8,61,85.2,19.99,0.29,1.65,0.328,10.0,15.11,0.248,1.48
55.0,5.0,1.0,1.5,3.0,0.4,3600,0.4,79,81.0,25.65,0.43,1.82,0.325,10.45,19.33,0.245,1.59
55.0,5.0,1.0,1.5,3.0,0.6,14400,0.8,61,85.2,19.83,0.28,1.65,0.325,10.0,14.95,0.245,1.47
55.0,5.0,1.0,1.5,4.5,0.4,3600,0.4,79,81.0,25.65,0.43,1.82,0.325,10.45,19.33,0.245,1.59
55.0,5.0,1.0,1.5,4.5,0.6,14400,0.8,61,85.2,19.83,0.28,1.65,0.325,10.0,14.95,0.245,1.47
55.0,5.0,1.0,2.5,3.0,0.6,3600,0.4,79,81.0,25.63,0.43,1.82,0.324,10.45,19.31,0.244,1.59
55.0,5.0,1.0,2.5,4.5,0.6,3600,0.4,79,81.0,25.63,0.43,1.82,0.324,10.45,19.31,0.244,1.59
55.0,3.0,1.5,2.5,3.0,0.4,,0.4,65,81.5,20.94,0.36,1.58,0.322,8.78,15.74,0.242,1.43
55.0,3.0,1.5,2.5,4.5,0.4,,0.4,65,81.5,20.9,0.36,1.58,0.322,8.78,15.7,0.242,1.42
55.0,5.0,1.0,1.5,3.0,0.6,3600,0.4,79,81.0,25.32,0.42,1.81,0.321,10.45,19.0,0.241,1.58
55.0,5.0,1.0,1.5,4.5,0.6,3600,0.4,79,81.0,25.32,0.42,1.81,0.321,10.45,19.0,0.241,1.58
55.0,3.0,0.7,2.5,3.0,0.4,14400,0.2,75,86.7,23.94,0.28,1.84,0.319,10.38,17.94,0.239,1.61
55.0,3.0,0.7,2.5,4.5,0.4,14400,0.2,75,86.7,23.94,0.28,1.84,0.319,10.38,17.94,0.239,1.61
55.0,3.0,1.0,2.5,3.0,0.4,14400,0.2,66,81.8,21.06,0.35,1.58,0.319,9.18,15.78,0.239,1.43
55.0,3.0,1.0,2.5,4.5,0.4,14400,0.2,66,81.8,21.06,0.35,1.58,0.319,9.18,15.78,0.239,1.43
55.0,5.0,1.0,2.5,3.0,0.8,3600,0.4,79,81.0,25.15,0.42,1.81,0.318,10.45,18.83,0.238,1.58
55.0,5.0,1.0,2.5,4.5,0.8,3600,0.4,79,81.0,25.15,0.42,1.81,0.318,10.45,18.83,0.238,1.58
55.0,3.0,0.7,2.5,3.0,0.4,14400,0.4,76,86.8,24.04,0.28,1.84,0.316,10.38,17.96,0.236,1.61
55.0,3.0,0.7,2.5,4.5,0.4,14400,0.4,76,86.8,24.04,0.28,1.84,0.316,10.38,17.96,0.236,1.61
55.0,3.0,1.0,2.5,3.0,0.4,,0.4,65,81.5,20.56,0.36,1.57,0.316,9.18,15.36,0.236,1.42
55.0,3.0,1.0,2.5,4.5,0.4,,0.4,65,81.5,20.52,0.36,1.57,0.316,9.18,15.32,0.236,1.41
55.0,5.0,1.0,1.5,3.0,0.8,3600,0.4,79,81.0,24.98,0.42,1.8,0.316,10.45,18.66,0.236,1.57
55.0,5.0,1.0,1.5,4.5,0.8,3600,0.4,79,81.0,24.98,0.42,1.8,0.316,10.45,18.66,0.236,1.57
55.0,5.0,1.0,1.5,4.5,0.8,14400,0.8,61,85.2,19.25,0.28,1.63,0.316,10.0,14.37,0.236,1.46
55.0,3.0,1.0,2.5,3.0,0.4,14400,0.4,67,82.1,21.1,0.35,1.59,0.315,9.18,15.74,0.235,1.43
55.0,3.0,1.0,2.5,4.5,0.4,14400,0.4,67,82.1,21.1,0.35,1.59,0.315,9.18,15.74,0.235,1.43
55.0,5.0,1.5,2.5,3.0,0.4,1200,0.2,62,80.6,19.53,0.39,1.64,0.315,10.0,14.57,0.235,1.46
55.0,5.0,1.5,2.5,4.5,0.4,1200,0.2,62,80.6,19.53,0.39,1.64,0.315,10.0,14.57,0.235,1.46
55.0,3.0,1.0,2.5,3.0,0.4,7200,0.2,66,81.8,20.69,0.35,1.57,0.313,9.18,15.42,0.234,1.42
55.0,3.0,1.0,2.5,4.5,0.4,7200,0.2,66,81.8,20.69,0.35,1.57,0.313,9.18,15.42,0.234,1.42
55.0,3.0,1.5,2.5,3.0,0.4,14400,0.2,66,81.8,20.7,0.35,1.57,0.314,8.78,15.42,0.234,1.42
55.0,3.0,1.5,2.5,4.5,0.4,14400,0.2,66,81.8,20.7,0.35,1.57,0.314,8.78,15.42,0.234,1.42
55.0,5.0,1.0,1.5,3.0,0.8,14400,0.8,61,85.2,19.16,0.28,1.62,0.314,10.0,14.29,0.234,1.45
55.0,5.0,1.5,2.5,3.0,0.6,2400,0.4,78,82.1,24.49,0.39,1.79,0.314,10.2,18.25,0.234,1.57
55.0,5.0,1.5,2.5,4.5,0.6,2400,0.4,78,82.1,24.49,0.39,1.79,0.314,10.2,18.25,0.234,1.57
55.0,3.0,1.5,2.5,3.0,0.4,14400,0.4,67,82.1,20.96,0.35,1.58,0.313,8.78,15.6,0.233,1.42
55.0,3.0,1.5,2.5,4.5,0.4,14400,0.4,67,82.1,20.96,0.35,1.58,0.313,8.78,15.6,0.233,1.42
55.0,4.0,1.5,2.5,4.5,0.8,14400,0.4,61,85.2,19.05,0.26,1.53,0.312,13.35,14.16,0.232,1.39
55.0,3.0,1.0,2.5,3.0,0.4,14400,0.8,71,78.9,22.06,0.44,1.65,0.311,9.18,16.38,0.231,1.47
55.0,3.0,1.0,2.5,4.5,0.4,14400,0.8,71,78.9,22.06,0.44,1.65,0.311,9.18,16.38,0.231,1.47
55.0,4.0,1.5,2.5,3.0,0.4,,0.4,59,84.7,18.37,0.27,1.51,0.311,12.78,13.65,0.231,1.37
55.0,4.0,1.5,2.5,3.0,0.8,14400,0.4,61,85.2,18.96,0.26,1.53,0.311,13.35,14.08,0.231,1.38
55.0,4.0,1.5,2.5,4.5,0.4,,0.4,59,84.7,18.33,0.27,1.51,0.311,12.78,13.61,0.231,1.37
55.0,3.0,1.0,2.5,3.0,0.4,7200,0.4,68,80.9,21.08,0.37,1.58,0.31,9.18,15.64,0.23,1.42
55.0,3.0,1.0,2.5,4.5,0.4,7200,0.4,68,80.9,21.08,0.37,1.58,0.31,9.18,15.64,0.23,1.42
55.0,3.0,1.5,2.5,3.0,0.4,7200,0.2,66,81.8,20.4,0.35,1.57,0.309,8.78,15.12,0.229,1.41
55.0,3.0,1.5,2.5,3.0,0.4,14400,0.8,71,78.9,21.92,0.44,1.65,0.309,8.78,16.24,0.229,1.46
55.0,3.0,1.5,2.5,4.5,0.4,7200,0.2,66,81.8,20.4,0.35,1.57,0.309,8.78,15.12,0.229,1.41
55.0,3.0,1.5,2.5,4.5,0.4,14400,0.8,71,78.9,21.92,0.44,1.65,0.309,8.78,16.24,0.229,1.46
55.0,5.0,1.5,2.5,3.0,0.6,1200,0.2,62,80.6,19.18,0.39,1.63,0.309,10.07,14.22,0.229,1.45
55.0,5.0,1.5,2.5,4.5,0.6,1200,0.2,62,80.6,19.18,0.39,1.63,0.309,10.07,14.22,0.229,1.45
55.0,3.0,0.7,2.5,3.0,0.6,14400,0.4,76,86.8,23.38,0.28,1.82,0.308,10.86,17.3,0.228,1.59
55.0,3.0,0.7,2.5,4.5,0.6,14400,0.4,76,86.8,23.38,0.28,1.82,0.308,10.86,17.3,0.228,1.59
55.0,5.0,0.7,2.5,3.0,0.4,14400,0.2,66,90.9,20.33,0.17,1.73,0.308,10.84,15.05,0.228,1.53
55.0,5.0,0.7,2.5,4.5,0.4,14400,0.2,66,90.9,20.33,0.17,1.73,0.308,10.84,15.05,0.228,1.53
55.0,3.0,0.7,2.5,3.0,0.6,14400,0.2,75,86.7,23.06,0.28,1.81,0.307,10.86,17.06,0.227,1.58
55.0,3.0,0.7,2.5,4.5,0.6,14400,0.2,75,86.7,23.06,0.28,1.81,0.307,10.86,17.06,0.227,1.58
55.0,3.0,1.5,2.5,3.0,0.6,14400,0.8,71,78.9,21.81,0.44,1.64,0.307,9.39,16.13,0.227,1.46
55.0,3.0,1.5,2.5,4.5,0.6,14400,0.8,71,78.9,21.81,0.44,1.64,0.307,9.39,16.13,0.227,1.46
55.0,3.0,1.0,2.5,3.0,0.6,14400,0.8,71,78.9,21.73,0.44,1.64,0.306,9.71,16.05,0.226,1.46
55.0,3.0,1.0,2.5,4.5,0.6,14400,0.8,71,78.9,21.73,0.44,1.64,0.306,9.71,16.05,0.226,1.46
55.0,3.0,1.5,2.5,3.0,0.4,7200,0.4,68,80.9,20.76,0.37,1.57,0.305,8.78,15.32,0.225,1.41
55.0,3.0,1.5,2.5,4.5,0.4,7200,0.4,68,80.9,20.76,0.37,1.57,0.305,8.78,15.32,0.225,1.41
55.0,4.0,1.5,2.5,4.5,0.6,,0.4,59,84.7,18.02,0.27,1.5,0.305,13.02,13.3,0.225,1.36
55.0,5.0,0.7,2.5,3.0,0.4,14400,0.4,67,91.0,20.42,0.17,1.74,0.305,10.84,15.06,0.225,1.53
55.0,5.0,0.7,2.5,4.5,0.4,14400,0.4,67,91.0,20.42,0.17,1.74,0.305,10.84,15.06,0.225,1.53
55.0,4.0,1.5,2.5,3.0,0.6,14400,0.4,61,85.2,18.55,0.26,1.52,0.304,13.02,13.67,0.224,1.37
55.0,4.0,1.5,2.5,3.0,0.8,7200,0.4,62,83.9,18.83,0.29,1.52,0.304,13.74,13.87,0.224,1.38
55.0,4.0,1.5,2.5,4.5,0.6,14400,0.4,61,85.2,18.55,0.26,1.52,0.304,13.02,13.67,0.224,1.37
55.0,4.0,1.5,2.5,4.5,0.8,7200,0.4,62,83.9,18.83,0.29,1.52,0.304,13.74,13.87,0.224,1.38
55.0,3.0,0.7,1.5,3.0,0.4,14400,0.2,75,86.7,22.72,0.28,1.8,0.303,10.46,16.72,0.223,1.57
55.0,3.0,0.7,1.5,4.5,0.4,14400,0.2,75,86.7,22.72,0.28,1.8,0.303,10.46,16.72,0.223,1.57
55.0,4.0,1.0,2.5,3.0,0.4,,0.4,59,84.7,17.87,0.27,1.5,0.303,13.18,13.15,0.223,1.36
55.0,4.0,1.5,2.5,3.0,0.4,14400,0.2,60,85.0,18.16,0.27,1.5,0.303,12.78,13.36,0.223,1.36
55.0,4.0,1.5,2.5,4.5,0.4,14400,0.2,60,85.0,18.16,0.27,1.5,0.303,12.78,13.36,0.223,1.36
55.0,4.0,1.0,2.5,4.5,0.4,,0.4,59,84.7,17.83,0.27,1.5,0.302,13.18,13.11,0.222,1.36
55.0,4.0,1.5,2.5,3.0,0.4,14400,0.4,61,85.2,18.42,0.26,1.51,0.302,12.78,13.54,0.222,1.37
55.0,4.0,1.5,2.5,4.5,0.4,14400,0.4,61,85.2,18.42,0.26,1.51,0.302,12.78,13.54,0.222,1.37
55.0,4.0,1.5,2.5,4.5,0.8,14400,0.2,60,85.0,18.11,0.27,1.5,0.302,13.35,13.31,0.222,1.36
55.0,5.0,1.0,2.5,3.0,0.4,1200,0.2,62,80.6,18.72,0.39,1.62,0.302,10.0,13.76,0.222,1.44
55.0,5.0,1.0,2.5,4.5,0.4,1200,0.2,62,80.6,18.72,0.39,1.62,0.302,10.0,13.76,0.222,1.44
55.0,4.0,1.0,2.5,3.0,0.4,14400,0.2,60,85.0,18.06,0.26,1.5,0.301,13.18,13.26,0.221,1.36
55.0,4.0,1.0,2.5,4.5,0.4,14400,0.2,60,85.0,18.06,0.26,1.5,0.301,13.18,13.26,0.221,1.36
55.0,3.0,0.7,1.5,3.0,0.4,14400,0.4,76,86.8,22.82,0.27,1.8,0.3,10.46,16.74,0.22,1.57
55.0,3.0,0.7,1.5,4.5,0.4,14400,0.4,76,86.8,22.82,0.27,1.8,0.3,10.46,16.74,0.22,1.57
55.0,4.0,1.5,2.5,3.0,0.8,14400,0.2,60,85.0,18.03,0.26,1.5,0.301,13.35,13.23,0.22,1.36
55.0,5.0,1.5,2.5,3.0,0.4,2400,0.4,79,81.0,23.69,0.41,1.76,0.3,10.2,17.37,0.22,1.53
55.0,5.0,1.5,2.5,4.5,0.4,2400,0.4,79,81.0,23.69,0.41,1.76,0.3,10.2,17.37,0.22,1.53
55.0,3.0,1.0,2.5,3.0,0.6,7200,0.2,66,81.8,19.75,0.34,1.55,0.299,9.46,14.47,0.219,1.39
55.0,3.0,1.0,2.5,3.0,0.6,14400,0.2,66,81.8,19.75,0.34,1.55,0.299,9.71,14.47,0.219,1.39
55.0,3.0,1.0,2.5,3.0,0.6,14400,0.4,67,82.1,20.01,0.34,1.56,0.299,9.71,14.65,0.219,1.4
55.0,3.0,1.0,2.5,4.5,0.6,7200,0.2,66,81.8,19.75,0.34,1.55,0.299,9.46,14.47,0.219,1.39
55.0,3.0,1.0,2.5,4.5,0.6,14400,0.2,66,81.8,19.75,0.34,1.55,0.299,9.71,14.47,0.219,1.39
55.0,3.0,1.0,2.5,4.5,0.6,14400,0.4,67,82.1,20.01,0.34,1.56,0.299,9.71,14.65,0.219,1.4
55.0,4.0,1.5,2.5,3.0,0.6,,0.4,59,84.7,17.65,0.27,1.49,0.299,13.02,12.93,0.219,1.35
55.0,5.0,1.0,1.5,3.0,0.4,1200,0.2,62,80.6,18.51,0.39,1.61,0.299,10.0,13.55,0.219,1.43
55.0,5.0,1.0,1.5,4.5,0.4,1200,0.2,62,80.6,18.51,0.39,1.61,0.299,10.0,13.55,0.219,1.43
55.0,3.0,1.0,1.5,3.0,0.4,7200,0.2,66,81.8,19.65,0.34,1.55,0.298,9.31,14.37,0.218,1.39
55.0,3.0,1.0,1.5,3.0,0.4,14400,0.2,66,81.8,19.69,0.34,1.55,0.298,9.31,14.41,0.218,1.39
55.0,3.0,1.0,1.5,4.5,0.4,7200,0.2,66,81.8,19.65,0.34,1.55,0.298,9.31,14.37,0.218,1.39
55.0,3.0,1.0,1.5,4.5,0.4,14400,0.2,66,81.8,19.69,0.34,1.55,0.298,9.31,14.41,0.218,1.39
55.0,4.0,1.0,2.5,3.0,0.4,14400,0.4,61,85.2,18.09,0.26,1.5,0.297,13.18,13.21,0.217,1.36
55.0,4.0,1.0,2.5,4.5,0.4,14400,0.4,61,85.2,18.09,0.26,1.5,0.297,13.18,13.21,0.217,1.36
55.0,4.0,1.5,2.5,3.0,0.6,14400,0.2,60,85.0,17.81,0.26,1.49,0.297,13.02,13.01,0.217,1.35
55.0,4.0,1.5,2.5,4.5,0.6,14400,0.2,60,85.0,17.81,0.26,1.49,0.297,13.02,13.01,0.217,1.35
55.0,5.0,0.7,2.5,3.0,0.6,14400,0.4,67,91.0,19.88,0.17,1.72,0.297,10.76,14.52,0.217,1.51
55.0,5.0,0.7,2.5,4.5,0.6,14400,0.4,67,91.0,19.88,0.17,1.72,0.297,10.76,14.52,0.217,1.51
55.0,3.0,1.0,2.5,3.0,0.4,3600,0.2,67,82.1,19.82,0.34,1.55,0.296,9.49,14.46,0.216,1.39
55.0,3.0,1.0,2.5,3.0,0.6,7200,0.4,68,80.9,20.14,0.37,1.56,0.296,9.46,14.7,0.216,1.4
55.0,3.0,1.0,2.5,4.5,0.4,3600,0.2,67,82.1,19.82,0.34,1.55,0.296,9.49,14.46,0.216,1.39
55.0,3.0,1.0,2.5,4.5,0.6,7200,0.4,68,80.9,20.14,0.37,1.56,0.296,9.46,14.7,0.216,1.4
55.0,3.0,1.5,2.5,4.5,0.6,,0.4,65,81.5,19.22,0.35,1.53,0.296,9.39,14.01,0.216,1.38
55.0,4.0,1.0,2.5,3.0,0.6,14400,0.2,60,85.0,17.75,0.26,1.49,0.296,13.59,12.95,0.216,1.35
55.0,4.0,1.0,2.5,4.5,0.6,14400,0.2,60,85.0,17.75,0.26,1.49,0.296,13.59,12.95,0.216,1.35
55.0,4.0,1.0,2.5,4.5,0.8,14400,0.2,60,85.0,17.78,0.26,1.49,0.296,14.43,12.98,0.216,1.35
55.0,4.0,1.0,2.5,4.5,0.8,14400,0.4,61,85.2,18.04,0.26,1.5,0.296,14.43,13.15,0.216,1.36
55.0,4.0,1.5,2.5,3.0,0.4,7200,0.2,60,85.0,17.76,0.26,1.49,0.296,12.78,12.96,0.216,1.35
55.0,4.0,1.5,2.5,3.0,0.8,7200,0.2,60,85.0,17.79,0.26,1.49,0.296,13.74,12.99,0.216,1.35
55.0,4.0,1.5,2.5,4.5,0.4,7200,0.2,60,85.0,17.76,0.26,1.49,0.296,12.78,12.96,0.216,1.35
55.0,4.0,1.5,2.5,4.5,0.8,7200,0.2,60,85.0,17.79,0.26,1.49,0.296,13.74,12.99,0.216,1.35
55.0,5.0,0.7,2.5,3.0,0.6,14400,0.2,66,90.9,19.57,0.17,1.71,0.297,10.76,14.29,0.216,1.51
55.0,5.0,0.7,2.5,4.5,0.6,14400,0.2,66,90.9,19.57,0.17,1.71,0.297,10.76,14.29,0.216,1.51
55.0,3.0,0.7,1.5,3.0,0.6,14400,0.2,75,86.7,22.13,0.27,1.78,0.295,10.8,16.13,0.215,1.55
55.0,3.0,0.7,1.5,3.0,0.6,14400,0.4,76,86.8,22.45,0.27,1.79,0.295,10.8,16.37,0.215,1.56
55.0,3.0,0.7,1.5,4.5,0.6,14400,0.2,75,86.7,22.13,0.27,1.78,0.295,10.8,16.13,0.215,1.55
55.0,3.0,0.7,1.5,4.5,0.6,14400,0.4,76,86.8,22.45,0.27,1.79,0.295,10.8,16.37,0.215,1.56
55.0,3.0,1.0,1.5,3.0,0.4,7200,0.4,68,80.9,20.04,0.37,1.55,0.295,9.31,14.6,0.215,1.39
55.0,3.0,1.0,1.5,4.5,0.4,7200,0.4,68,80.9,20.04,0.37,1.55,0.295,9.31,14.6,0.215,1.39
55.0,3.0,1.5,2.5,3.0,0.4,3600,0.2,67,82.1,19.75,0.34,1.55,0.295,8.99,14.39,0.215,1.39
55.0,3.0,1.5,2.5,4.5,0.4,3600,0.2,67,82.1,19.75,0.34,1.55,0.295,8.99,14.39,0.215,1.39
55.0,4.0,1.0,2.5,3.0,0.4,7200,0.2,60,85.0,17.68,0.26,1.49,0.295,13.71,12.88,0.215,1.35
55.0,4.0,1.0,2.5,3.0,0.6,14400,0.4,61,85.2,18.01,0.26,1.5,0.295,13.59,13.13,0.215,1.36
55.0,4.0,1.0,2.5,3.0,0.8,14400,0.2,60,85.0,17.7,0.26,1.49,0.295,14.43,12.9,0.215,1.35
55.0,4.0,1.0,2.5,4.5,0.4,7200,0.2,60,85.0,17.68,0.26,1.49,0.295,13.71,12.88,0.215,1.35
55.0,4.0,1.0,2.5,4.5,0.6,14400,0.4,61,85.2,18.01,0.26,1.5,0.295,13.59,13.13,0.215,1.36
55.0,4.0,1.0,2.5,4.5,0.6,,0.4,59,84.7,17.4,0.27,1.48,0.295,13.57,12.68,0.215,1.35
55.0,5.0,1.5,2.5,3.0,0.8,2400,0.4,78,82.1,23.02,0.38,1.74,0.295,10.2,16.78,0.215,1.52
55.0,5.0,1.5,2.5,4.5,0.8,2400,0.4,78,82.1,23.02,0.38,1.74,0.295,10.2,16.78,0.215,1.52
55.0,3.0,1.0,1.5,3.0,0.4,14400,0.4,67,82.1,19.73,0.34,1.55,0.294,9.31,14.37,0.214,1.39
55.0,3.0,1.0,1.5,4.5,0.4,14400,0.4,67,82.1,19.73,0.34,1.55,0.294,9.31,14.37,0.214,1.39
55.0,3.0,1.5,2.5,3.0,0.6,14400,0.4,67,82.1,19.69,0.34,1.55,0.294,9.39,14.34,0.214,1.39
55.0,3.0,1.5,2.5,4.5,0.6,14400,0.4,67,82.1,19.69,0.34,1.55,0.294,9.39,14.34,0.214,1.39
55.0,4.0,1.0,2.5,3.0,0.8,14400,0.4,61,85.2,17.95,0.26,1.5,0.294,14.43,13.07,0.214,1.36
55.0,4.0,1.5,2.5,3.0,0.8,3600,0.2,61,85.2,17.91,0.26,1.5,0.294,13.24,13.03,0.214,1.35
55.0,4.0,1.5,2.5,4.5,0.8,3600,0.2,61,85.2,17.91,0.26,1.5,0.294,13.24,13.03,0.214,1.35
55.0,5.0,1.0,1.5,3.0,0.6,1200,0.2,62,80.6,18.24,0.38,1.6,0.294,10.0,13.28,0.214,1.42
55.0,5.0,1.0,1.5,4.5,0.6,1200,0.2,62,80.6,18.24,0.38,1.6,0.294,10.0,13.28,0.214,1.42
55.0,5.0,1.0,2.5,3.0,0.6,1200,0.2,62,80.6,18.25,0.38,1.6,0.294,10.0,13.29,0.214,1.42
55.0,5.0,1.0,2.5,4.5,0.6,1200,0.2,62,80.6,18.25,0.38,1.6,0.294,10.0,13.29,0.214,1.42
55.0,3.0,1.0,2.5,4.5,0.6,,0.4,65,81.5,19.04,0.35,1.53,0.293,9.71,13.84,0.213,1.37
55.0,3.0,1.0,2.5,4.5,0.8,14400,0.8,71,78.9,20.78,0.43,1.61,0.293,10.12,15.09,0.213,1.43
55.0,3.0,1.5,2.5,3.0,0.6,3600,0.4,86,75.6,25.17,0.56,1.73,0.293,9.26,18.29,0.213,1.5
55.0,3.0,1.5,2.5,4.5,0.6,3600,0.4,86,75.6,25.17,0.56,1.73,0.293,9.26,18.29,0.213,1.5
55.0,4.0,1.5,2.5,3.0,0.6,7200,0.4,62,83.9,18.19,0.29,1.5,0.293,13.02,13.23,0.213,1.36
55.0,4.0,1.5,2.5,4.5,0.6,7200,0.4,62,83.9,18.19,0.29,1.5,0.293,13.02,13.23,0.213,1.36
55.0,3.0,1.0,2.5,3.0,0.6,3600,0.2,67,82.1,19.58,0.34,1.54,0.292,9.61,14.22,0.212,1.38
55.0,3.0,1.0,2.5,4.5,0.6,3600,0.2,67,82.1,19.58,0.34,1.54,0.292,9.61,14.22,0.212,1.38
55.0,4.0,1.5,2.5,3.0,0.4,7200,0.4,62,83.9,18.13,0.29,1.5,0.292,12.78,13.17,0.212,1.36
55.0,4.0,1.5,2.5,4.5,0.4,7200,0.4,62,83.9,18.13,0.29,1.5,0.292,12.78,13.17,0.212,1.36
55.0,5.0,1.0,2.5,3.0,0.4,2400,0.4,79,81.0,23.07,0.41,1.74,0.292,10.2,16.75,0.212,1.52
55.0,5.0,1.0,2.5,4.5,0.4,2400,0.4,79,81.0,23.07,0.41,1.74,0.292,10.2,16.75,0.212,1.52
55.0,3.0,1.0,1.5,3.0,0.4,3600,0.2,67,82.1,19.47,0.34,1.54,0.291,9.52,14.11,0.211,1.38
55.0,3.0,1.0,1.5,4.5,0.4,3600,0.2,67,82.1,19.47,0.34,1.54,0.291,9.52,14.11,0.211,1.38
55.0,3.0,1.0,2.5,3.0,0.8,14400,0.8,71,78.9,20.69,0.43,1.61,0.291,10.12,15.01,0.211,1.43
55.0,4.0,1.0,2.5,3.0,0.4,7200,0.4,62,83.9,18.07,0.29,1.5,0.291,13.71,13.11,0.211,1.36
55.0,4.0,1.0,2.5,4.5,0.4,7200,0.4,62,83.9,18.07,0.29,1.5,0.291,13.71,13.11,0.211,1.36
55.0,5.0,1.0,1.5,3.0,0.8,1200,0.2,62,80.6,18.02,0.38,1.59,0.291,10.0,13.06,0.211,1.42
55.0,5.0,1.0,1.5,4.5,0.8,1200,0.2,62,80.6,18.02,0.38,1.59,0.291,10.0,13.06,0.211,1.42
55.0,5.0,1.5,2.5,3.0,0.8,1200,0.2,62,80.6,18.04,0.38,1.59,0.291,11.07,13.08,0.211,1.42
55.0,5.0,1.5,2.5,4.5,0.8,1200,0.2,62,80.6,18.04,0.38,1.59,0.291,11.07,13.08,0.211,1.42
55.0,3.0,1.0,1.5,3.0,0.4,14400,0.8,71,78.9,20.56,0.43,1.61,0.29,9.31,14.88,0.21,1.42
55.0,3.0,1.0,1.5,4.5,0.4,14400,0.8,71,78.9,20.56,0.43,1.61,0.29,9.31,14.88,0.21,1.42
55.0,3.0,1.5,2.5,3.0,0.6,7200,0.4,68,80.9,19.75,0.37,1.55,0.29,9.17,14.31,0.21,1.39
55.0,3.0,1.5,2.5,3.0,0.6,,0.4,65,81.5,18.84,0.34,1.52,0.29,9.39,13.64,0.21,1.37
55.0,3.0,1.5,2.5,4.5,0.6,7200,0.4,68,80.9,19.75,0.37,1.55,0.29,9.17,14.31,0.21,1.39
55.0,3.0,1.0,1.5,3.0,0.4,,0.4,65,81.5,18.78,0.34,1.52,0.289,9.31,13.58,0.209,1.37
55.0,3.0,1.0,2.5,4.5,0.8,14400,0.2,66,81.8,19.08,0.34,1.53,0.289,10.12,13.79,0.209,1.37
55.0,4.0,1.0,2.5,3.0,0.6,,0.4,59,84.7,17.03,0.27,1.47,0.289,13.57,12.31,0.209,1.34
55.0,4.0,1.5,2.5,3.0,0.6,7200,0.2,60,85.0,17.35,0.26,1.48,0.289,13.02,12.55,0.209,1.34
55.0,4.0,1.5,2.5,4.5,0.6,7200,0.2,60,85.0,17.35,0.26,1.48,0.289,13.02,12.55,0.209,1.34
55.0,5.0,0.7,1.5,3.0,0.4,14400,0.2,66,90.9,19.08,0.17,1.69,0.289,11.19,13.8,0.209,1.49
55.0,5.0,0.7,1.5,4.5,0.4,14400,0.2,66,90.9,19.08,0.17,1.69,0.289,11.19,13.8,0.209,1.49
55.0,5.0,0.7,2.5,3.0,0.4,7200,0.2,67,91.0,19.34,0.17,1.7,0.289,11.57,13.98,0.209,1.5
55.0,5.0,0.7,2.5,4.5,0.4,7200,0.2,67,91.0,19.34,0.17,1.7,0.289,11.57,13.98,0.209,1.5
55.0,5.0,1.0,1.5,3.0,0.4,2400,0.4,79,81.0,22.86,0.41,1.73,0.289,10.2,16.54,0.209,1.51
55.0,5.0,1.0,1.5,4.5,0.4,2400,0.4,79,81.0,22.86,0.41,1.73,0.289,10.2,16.54,0.209,1.51
55.0,5.0,1.0,2.5,3.0,0.8,1200,0.2,62,80.6,17.89,0.38,1.59,0.289,10.0,12.93,0.209,1.41
55.0,5.0,1.0,2.5,4.5,0.8,1200,0.2,62,80.6,17.89,0.38,1.59,0.289,10.0,12.93,0.209,1.41
55.0,3.0,0.7,2.5,4.5,0.8,14400,0.4,76,86.8,21.85,0.27,1.77,0.288,11.15,15.77,0.208,1.54
55.0,3.0,1.0,1.5,4.5,0.4,,0.4,65,81.5,18.74,0.34,1.52,0.288,9.31,13.54,0.208,1.37
55.0,3.0,1.0,2.5,3.0,0.8,14400,0.2,66,81.8,18.99,0.34,1.53,0.288,10.12,13.71,0.208,1.37
55.0,3.0,1.0,2.5,4.5,0.8,14400,0.4,67,82.1,19.33,0.34,1.54,0.289,10.12,13.97,0.208,1.38
55.0,4.0,1.0,2.5,3.0,0.6,7200,0.2,60,85.0,17.31,0.26,1.48,0.288,14.14,12.51,0.208,1.34
55.0,4.0,1.0,2.5,4.5,0.6,7200,0.2,60,85.0,17.31,0.26,1.48,0.288,14.14,12.51,0.208,1.34
55.0,3.0,0.7,2.5,3.0,0.4,7200,0.2,76,86.8,21.81,0.27,1.76,0.287,11.34,15.73,0.207,1.54
55.0,3.0,0.7,2.5,4.5,0.4,7200,0.2,76,86.8,21.81,0.27,1.76,0.287,11.34,15.73,0.207,1.54
55.0,3.0,0.7,2.5,4.5,0.8,14400,0.2,75,86.7,21.54,0.27,1.76,0.287,11.15,15.54,0.207,1.53
55.0,3.0,1.0,1.5,3.0,0.6,3600,0.2,67,82.1,19.24,0.33,1.53,0.287,9.56,13.88,0.207,1.38
55.0,3.0,1.0,1.5,4.5,0.6,3600,0.2,67,82.1,19.24,0.33,1.53,0.287,9.56,13.88,0.207,1.38
55.0,3.0,1.0,2.5,3.0,0.6,,0.4,65,81.5,18.66,0.34,1.52,0.287,9.71,13.46,0.207,1.36
55.0,3.0,1.0,2.5,3.0,0.8,3600,0.2,67,82.1,19.22,0.33,1.53,0.287,9.73,13.86,0.207,1.37
55.0,3.0,1.0,2.5,3.0,0.8,14400,0.4,67,82.1,19.24,0.33,1.53,0.287,10.12,13.88,0.207,1.38
55.0,3.0,1.0,2.5,4.5,0.8,3600,0.2,67,82.1,19.22,0.33,1.53,0.287,9.73,13.86,0.207,1.37
55.0,3.0,1.5,2.5,3.0,0.6,7200,0.2,66,81.8,18.91,0.34,1.53,0.287,9.17,13.63,0.207,1.37
55.0,3.0,1.5,2.5,3.0,0.6,14400,0.2,66,81.8,18.96,0.34,1.53,0.287,9.39,13.68,0.207,1.37
55.0,3.0,1.5,2.5,4.5,0.6,7200,0.2,66,81.8,18.91,0.34,1.53,0.287,9.17,13.63,0.207,1.37
55.0,3.0,1.5,2.5,4.5,0.6,14400,0.2,66,81.8,18.96,0.34,1.53,0.287,9.39,13.68,0.207,1.37
55.0,3.0,0.7,2.5,3.0,0.8,14400,0.2,75,86.7,21.45,0.27,1.75,0.286,11.15,15.45,0.206,1.53
55.0,3.0,0.7,2.5,3.0,0.8,14400,0.4,76,86.8,21.77,0.27,1.76,0.286,11.15,15.69,0.206,1.53
55.0,3.0,1.0,1.5,3.0,0.6,7200,0.2,66,81.8,18.88,0.34,1.52,0.286,9.45,13.6,0.206,1.37
55.0,3.0,1.0,1.5,4.5,0.6,7200,0.2,66,81.8,18.88,0.34,1.52,0.286,9.45,13.6,0.206,1.37
55.0,5.0,0.7,1.5,3.0,0.4,14400,0.4,67,91.0,19.17,0.17,1.69,0.286,11.19,13.81,0.206,1.49
55.0,5.0,0.7,1.5,4.5,0.4,14400,0.4,67,91.0,19.17,0.17,1.69,0.286,11.19,13.81,0.206,1.49
55.0,5.0,0.7,2.5,3.0,0.4,7200,0.4,69,89.9,19.71,0.19,1.71,0.286,11.57,14.19,0.206,1.5
55.0,5.0,0.7,2.5,4.5,0.4,7200,0.4,69,89.9,19.71,0.19,1.71,0.286,11.57,14.19,0.206,1.5
55.0,5.0,1.0,1.5,3.0,0.6,2400,0.4,79,81.0,22.59,0.4,1.72,0.286,10.2,16.27,0.206,1.5
55.0,5.0,1.0,1.5,4.5,0.6,2400,0.4,79,81.0,22.59,0.4,1.72,0.286,10.2,16.27,0.206,1.5
55.0,5.0,1.0,2.5,3.0,0.6,2400,0.4,79,81.0,22.6,0.4,1.72,0.286,10.2,16.28,0.206,1.5
55.0,5.0,1.0,2.5,4.5,0.6,2400,0.4,79,81.0,22.6,0.4,1.72,0.286,10.2,16.28,0.206,1.5
55.0,3.0,1.0,1.5,3.0,0.6,14400,0.8,71,78.9,20.22,0.43,1.6,0.285,9.6,14.54,0.205,1.41
55.0,3.0,1.0,1.5,4.5,0.6,14400,0.8,71,78.9,20.22,0.43,1.6,0.285,9.6,14.54,0.205,1.41
55.0,4.0,1.0,2.5,3.0,0.6,7200,0.4,62,83.9,17.69,0.29,1.49,0.285,14.14,12.73,0.205,1.34
55.0,4.0,1.0,2.5,4.5,0.6,7200,0.4,62,83.9,17.69,0.29,1.49,0.285,14.14,12.73,0.205,1.34
55.0,4.0,1.5,2.5,4.5,0.8,,0.4,59,84.7,16.81,0.26,1.47,0.285,13.76,12.08,0.205,1.33
55.0,3.0,1.0,1.5,3.0,0.8,3600,0.2,67,82.1,19.02,0.33,1.53,0.284,9.61,13.66,0.204,1.37
55.0,3.0,1.0,1.5,4.5,0.8,3600,0.2,67,82.1,19.02,0.33,1.53,0.284,9.61,13.66,0.204,1.37
55.0,3.0,1.0,1.5,3.0,0.6,7200,0.4,68,80.9,19.27,0.36,1.53,0.283,9.45,13.83,0.203,1.37
55.0,3.0,1.0,1.5,3.0,0.6,14400,0.2,66,81.8,18.66,0.34,1.52,0.283,9.6,13.38,0.203,1.36
55.0,3.0,1.0,1.5,4.5,0.6,7200,0.4,68,80.9,19.27,0.36,1.53,0.283,9.45,13.83,0.203,1.37
55.0,3.0,1.0,1.5,4.5,0.6,14400,0.2,66,81.8,18.66,0.34,1.52,0.283,9.6,13.38,0.203,1.36
55.0,5.0,1.0,1.5,3.0,0.8,2400,0.4,79,81.0,22.37,0.4,1.72,0.283,10.2,16.05,0.203,1.49
55.0,5.0,1.0,1.5,4.5,0.8,2400,0.4,79,81.0,22.37,0.4,1.72,0.283,10.2,16.05,0.203,1.49
55.0,3.0,1.0,1.5,3.0,0.6,14400,0.4,67,82.1,18.91,0.33,1.53,0.282,9.6,13.55,0.202,1.37
55.0,3.0,1.0,1.5,4.5,0.6,14400,0.4,67,82.1,18.91,0.33,1.53,0.282,9.6,13.55,0.202,1.37
55.0,3.0,1.5,2.5,3.0,0.8,3600,0.4,86,75.6,24.15,0.55,1.7,0.281,9.78,17.27,0.201,1.47
55.0,3.0,1.5,2.5,4.5,0.8,3600,0.4,86,75.6,24.15,0.55,1.7,0.281,9.78,17.27,0.201,1.47
55.0,4.0,1.5,2.5,3.0,0.4,3600,0.2,61,85.2,17.11,0.26,1.48,0.28,13.0,12.23,0.201,1.33
55.0,4.0,1.5,2.5,4.5,0.4,3600,0.2,61,85.2,17.11,0.26,1.48,0.28,13.0,12.23,0.201,1.33
55.0,5.0,0.7,1.5,3.0,0.6,14400,0.2,66,90.9,18.54,0.17,1.67,0.281,11.01,13.26,0.201,1.47
55.0,5.0,0.7,1.5,3.0,0.6,14400,0.4,67,91.0,18.85,0.17,1.68,0.281,11.01,13.49,0.201,1.48
55.0,5.0,0.7,1.5,4.5,0.6,14400,0.2,66,90.9,18.54,0.17,1.67,0.281,11.01,13.26,0.201,1.47
55.0,5.0,0.7,1.5,4.5,0.6,14400,0.4,67,91.0,18.85,0.17,1.68,0.281,11.01,13.49,0.201,1.48
55.0,5.0,1.0,2.5,3.0,0.8,2400,0.4,79,81.0,22.24,0.4,1.71,0.282,10.2,15.92,0.201,1.49
55.0,5.0,1.0,2.5,4.5,0.8,2400,0.4,79,81.0,22.24,0.4,1.71,0.282,10.2,15.92,0.201,1.49
55.0,3.0,0.7,2.5,3.0,0.6,7200,0.2,76,86.8,21.25,0.26,1.75,0.28,11.43,15.17,0.2,1.52
55.0,3.0,0.7,2.5,4.5,0.6,7200,0.2,76,86.8,21.25,0.26,1.75,0.28,11.43,15.17,0.2,1.52
55.0,3.0,1.0,1.5,4.5,0.8,14400,0.2,66,81.8,18.5,0.34,1.51,0.28,9.91,13.22,0.2,1.36
55.0,3.0,1.0,1.5,4.5,0.8,14400,0.4,67,82.1,18.76,0.33,1.52,0.28,9.91,13.4,0.2,1.36
55.0,4.0,1.0,1.5,4.5,0.8,14400,0.2,60,85.0,16.81,0.26,1.47,0.28,14.26,12.01,0.2,1.33
55.0,4.0,1.0,1.5,4.5,0.8,14400,0.4,61,85.2,17.06,0.26,1.47,0.28,14.26,12.18,0.2,1.33
55.0,4.0,1.5,2.5,3.0,0.6,3600,0.2,61,85.2,17.1,0.26,1.48,0.28,13.11,12.22,0.2,1.33
55.0,4.0,1.5,2.5,4.5,0.6,3600,0.2,61,85.2,17.1,0.26,1.48,0.28,13.11,12.22,0.2,1.33
55.0,3.0,0.7,1.5,4.5,0.8,14400,0.4,76,86.8,21.19,0.26,1.74,0.279,11.06,15.1,0.199,1.51
55.0,3.0,1.0,1.5,3.0,0.8,14400,0.2,66,81.8,18.42,0.34,1.51,0.279,9.91,13.14,0.199,1.36
55.0,3.0,1.0,1.5,3.0,0.8,14400,0.4,67,82.1,18.67,0.33,1.52,0.279,9.91,13.31,0.199,1.36
55.0,3.0,1.0,2.5,3.0,0.8,7200,0.2,66,81.8,18.42,0.34,1.51,0.279,9.71,13.14,0.199,1.36
55.0,3.0,1.0,2.5,4.5,0.8,7200,0.2,66,81.8,18.42,0.34,1.51,0.279,9.71,13.14,0.199,1.36
55.0,4.0,1.0,1.5,3.0,0.8,14400,0.2,60,85.0,16.73,0.26,1.46,0.279,14.26,11.92,0.199,1.32
55.0,4.0,1.5,2.5,3.0,0.8,,0.4,59,84.7,16.46,0.26,1.46,0.279,13.76,11.74,0.199,1.32
55.0,5.0,0.7,2.5,3.0,0.6,7200,0.2,67,91.0,18.66,0.16,1.67,0.279,11.4,13.3,0.199,1.47
55.0,5.0,0.7,2.5,4.5,0.6,7200,0.2,67,91.0,18.66,0.16,1.67,0.279,11.4,13.3,0.199,1.47
55.0,3.0,0.7,1.5,3.0,0.8,14400,0.4,76,86.8,21.1,0.26,1.74,0.278,11.06,15.02,0.198,1.51
55.0,3.0,0.7,1.5,4.5,0.8,14400,0.2,75,86.7,20.87,0.27,1.73,0.278,11.06,14.87,0.198,1.51
55.0,3.0,0.7,2.5,3.0,0.4,7200,0.4,80,85.0,22.21,0.31,1.77,0.278,11.34,15.81,0.198,1.53
55.0,3.0,0.7,2.5,4.5,0.4,7200,0.4,80,85.0,22.21,0.31,1.77,0.278,11.34,15.81,0.198,1.53
55.0,4.0,1.0,1.5,3.0,0.4,14400,0.2,60,85.0,16.66,0.26,1.46,0.278,13.63,11.86,0.198,1.32
55.0,4.0,1.0,1.5,3.0,0.8,14400,0.4,61,85.2,16.98,0.25,1.47,0.278,14.26,12.1,0.198,1.33
55.0,4.0,1.0,1.5,4.5,0.4,14400,0.2,60,85.0,16.66,0.26,1.46,0.278,13.63,11.86,0.198,1.32
55.0,3.0,0.7,1.5,3.0,0.8,14400,0.2,75,86.7,20.78,0.27,1.73,0.277,11.06,14.78,0.197,1.5
55.0,3.0,0.7,2.5,3.0,0.6,7200,0.4,80,85.0,22.16,0.31,1.77,0.277,11.43,15.76,0.197,1.53
55.0,3.0,0.7,2.5,4.5,0.6,7200,0.4,80,85.0,22.16,0.31,1.77,0.277,11.43,15.76,0.197,1.53
55.0,3.0,1.0,1.5,4.5,0.6,,0.4,65,81.5,18.0,0.34,1.5,0.277,9.6,12.8,0.197,1.35
55.0,3.0,1.0,2.5,3.0,0.8,7200,0.4,68,80.9,18.81,0.36,1.52,0.277,9.71,13.37,0.197,1.36
55.0,3.0,1.0,2.5,4.5,0.8,7200,0.4,68,80.9,18.81,0.36,1.52,0.277,9.71,13.37,0.197,1.36
55.0,3.0,1.5,2.5,3.0,0.6,3600,0.2,67,82.1,18.55,0.33,1.52,0.277,9.26,13.19,0.197,1.36
55.0,3.0,1.5,2.5,4.5,0.6,3600,0.2,67,82.1,18.55,0.33,1.52,0.277,9.26,13.19,0.197,1.36
55.0,3.0,1.5,2.5,4.5,0.8,14400,0.8,71,78.9,19.68,0.42,1.58,0.277,9.96,14.0,0.197,1.4
55.0,4.0,0.7,2.5,3.0,0.6,14400,0.2,70,88.6,19.38,0.21,1.64,0.277,14.52,13.78,0.197,1.45
55.0,4.0,0.7,2.5,3.0,0.6,14400,0.4,71,88.7,19.69,0.21,1.65,0.277,14.52,14.01,0.197,1.45
55.0,4.0,0.7,2.5,4.5,0.6,14400,0.2,70,88.6,19.38,0.21,1.64,0.277,14.52,13.78,0.197,1.45
55.0,4.0,0.7,2.5,4.5,0.6,14400,0.4,71,88.7,19.69,0.21,1.65,0.277,14.52,14.01,0.197,1.45
55.0,4.0,1.0,1.5,3.0,0.4,7200,0.2,60,85.0,16.63,0.26,1.46,0.277,13.92,11.84,0.197,1.32
55.0,4.0,1.0,1.5,4.5,0.4,7200,0.2,60,85.0,16.63,0.26,1.46,0.277,13.92,11.84,0.197,1.32
55.0,3.0,1.0,1.5,4.5,0.8,14400,0.8,71,78.9,19.62,0.42,1.58,0.276,9.91,13.94,0.196,1.4
55.0,3.0,1.5,2.5,3.0,0.4,3600,0.4,87,75.9,24.03,0.54,1.7,0.276,8.99,17.07,0.196,1.47
55.0,3.0,1.5,2.5,3.0,0.8,14400,0.8,71,78.9,19.6,0.42,1.58,0.276,9.96,13.92,0.196,1.4
55.0,3.0,1.5,2.5,4.5,0.4,3600,0.4,87,75.9,24.03,0.54,1.7,0.276,8.99,17.07,0.196,1.47
55.0,3.0,1.5,2.5,4.5,0.8,14400,0.4,67,82.1,18.52,0.33,1.51,0.276,9.96,13.16,0.196,1.36
55.0,4.0,0.7,2.5,3.0,0.4,14400,0.2,70,88.6,19.31,0.21,1.64,0.276,14.47,13.71,0.196,1.45
55.0,4.0,0.7,2.5,4.5,0.4,14400,0.2,70,88.6,19.31,0.21,1.64,0.276,14.47,13.71,0.196,1.45
55.0,5.0,0.7,2.5,3.0,0.6,7200,0.4,69,89.9,19.03,0.19,1.68,0.276,11.4,13.51,0.196,1.48
55.0,5.0,0.7,2.5,4.5,0.6,7200,0.4,69,89.9,19.03,0.19,1.68,0.276,11.4,13.51,0.196,1.48
55.0,3.0,0.7,1.5,3.0,0.4,7200,0.2,76,86.8,20.9,0.26,1.73,0.275,11.45,14.82,0.195,1.51
55.0,3.0,0.7,1.5,4.5,0.4,7200,0.2,76,86.8,20.9,0.26,1.73,0.275,11.45,14.82,0.195,1.51
55.0,3.0,1.0,1.5,3.0,0.8,14400,0.8,71,78.9,19.53,0.42,1.58,0.275,9.91,13.85,0.195,1.39
55.0,3.0,1.5,2.5,3.0,0.8,14400,0.4,67,82.1,18.44,0.33,1.51,0.275,9.96,13.08,0.195,1.35
55.0,4.0,1.0,1.5,3.0,0.4,7200,0.4,62,83.9,17.02,0.28,1.47,0.275,13.92,12.06,0.195,1.33
55.0,4.0,1.0,1.5,4.5,0.4,7200,0.4,62,83.9,17.02,0.28,1.47,0.275,13.92,12.06,0.195,1.33
55.0,4.0,1.0,2.5,4.5,0.8,,0.4,59,84.7,16.2,0.26,1.45,0.275,14.58,11.48,0.195,1.31
55.0,5.0,0.7,1.5,3.0,0.4,7200,0.2,67,91.0,18.43,0.16,1.66,0.275,11.57,13.07,0.195,1.46
55.0,5.0,0.7,1.5,4.5,0.4,7200,0.2,67,91.0,18.43,0.16,1.66,0.275,11.57,13.07,0.195,1.46
55.0,3.0,1.0,2.5,4.5,0.8,,0.4,65,81.5,17.81,0.34,1.49,0.274,9.66,12.61,0.194,1.34
55.0,4.0,1.0,1.5,3.0,0.4,14400,0.4,61,85.2,16.7,0.25,1.46,0.274,13.63,11.82,0.194,1.32
55.0,4.0,1.0,1.5,4.5,0.4,14400,0.4,61,85.2,16.7,0.25,1.46,0.274,13.63,11.82,0.194,1.32
55.0,4.0,0.7,2.5,3.0,0.4,14400,0.4,71,88.7,19.41,0.21,1.64,0.273,14.47,13.73,0.193,1.45
55.0,4.0,0.7,2.5,4.5,0.4,14400,0.4,71,88.7,19.41,0.21,1.64,0.273,14.47,13.73,0.193,1.45
55.0,5.0,0.7,2.5,4.5,0.8,14400,0.4,67,91.0,18.29,0.16,1.66,0.273,11.0,12.93,0.193,1.46
55.0,3.0,1.5,2.5,3.0,0.8,7200,0.4,68,80.9,18.52,0.36,1.51,0.272,9.7,13.08,0.192,1.35
55.0,3.0,1.5,2.5,4.5,0.8,7200,0.4,68,80.9,18.52,0.36,1.51,0.272,9.7,13.08,0.192,1.35
55.0,4.0,1.0,2.5,3.0,0.4,3600,0.2,61,85.2,16.59,0.25,1.46,0.272,13.93,11.71,0.192,1.32
55.0,4.0,1.0,2.5,4.5,0.4,3600,0.2,61,85.2,16.59,0.25,1.46,0.272,13.93,11.71,0.192,1.32
55.0,4.0,1.5,2.5,3.0,0.6,3600,0.4,81,76.5,22.04,0.49,1.59,0.272,13.11,15.56,0.192,1.4
55.0,4.0,1.5,2.5,4.5,0.6,3600,0.4,81,76.5,22.04,0.49,1.59,0.272,13.11,15.56,0.192,1.4
55.0,5.0,0.7,1.5,3.0,0.4,7200,0.4,69,89.9,18.8,0.19,1.67,0.272,11.57,13.28,0.192,1.47
55.0,5.0,0.7,1.5,4.5,0.4,7200,0.4,69,89.9,18.8,0.19,1.67,0.272,11.57,13.28,0.192,1.47
55.0,5.0,0.7,2.5,3.0,0.8,14400,0.4,67,91.0,18.2,0.16,1.66,0.272,11.0,12.84,0.192,1.45
55.0,5.0,0.7,2.5,4.5,0.8,14400,0.2,66,90.9,17.97,0.16,1.65,0.272,11.0,12.69,0.192,1.45
55.0,3.0,1.0,1.5,3.0,0.6,,0.4,65,81.5,17.63,0.34,1.49,0.271,9.6,12.43,0.191,1.34
55.0,3.0,1.0,1.5,3.0,0.8,7200,0.2,66,81.8,17.91,0.33,1.5,0.271,9.62,12.63,0.191,1.34
55.0,3.0,1.0,1.5,4.5,0.8,7200,0.2,66,81.8,17.91,0.33,1.5,0.271,9.62,12.63,0.191,1.34
55.0,3.0,1.0,2.5,3.0,0.8,,0.4,65,81.5,17.61,0.34,1.49,0.271,9.66,12.4,0.191,1.34
55.0,4.0,1.0,1.5,3.0,0.4,,0.4,59,84.7,16.02,0.26,1.44,0.272,13.36,11.3,0.191,1.31
55.0,4.0,1.0,1.5,3.0,0.6,7200,0.2,60,85.0,16.28,0.26,1.45,0.271,13.97,11.48,0.191,1.31
55.0,4.0,1.0,1.5,4.5,0.4,,0.4,59,84.7,15.97,0.26,1.44,0.271,13.36,11.26,0.191,1.31
55.0,4.0,1.0,1.5,4.5,0.6,7200,0.2,60,85.0,16.28,0.26,1.45,0.271,13.97,11.48,0.191,1.31
55.0,4.0,1.0,2.5,3.0,0.8,7200,0.2,60,85.0,16.23,0.26,1.45,0.27,14.75,11.43,0.191,1.31
55.0,4.0,1.0,2.5,4.5,0.8,7200,0.2,60,85.0,16.23,0.26,1.45,0.27,14.75,11.43,0.191,1.31
55.0,5.0,0.7,2.5,3.0,0.8,14400,0.2,66,90.9,17.89,0.16,1.65,0.271,11.0,12.61,0.191,1.45
55.0,3.0,0.7,1.5,3.0,0.6,7200,0.2,76,86.8,20.52,0.26,1.72,0.27,11.47,14.44,0.19,1.49
55.0,3.0,0.7,1.5,4.5,0.6,7200,0.2,76,86.8,20.52,0.26,1.72,0.27,11.47,14.44,0.19,1.49
55.0,4.0,1.0,1.5,3.0,0.6,14400,0.2,60,85.0,16.2,0.26,1.45,0.27,13.77,11.41,0.19,1.31
55.0,4.0,1.0,1.5,3.0,0.6,14400,0.4,61,85.2,16.46,0.25,1.46,0.27,13.77,11.58,0.19,1.31
55.0,4.0,1.0,1.5,4.5,0.6,14400,0.2,60,85.0,16.2,0.26,1.45,0.27,13.77,11.41,0.19,1.31
55.0,4.0,1.0,1.5,4.5,0.6,14400,0.4,61,85.2,16.46,0.25,1.46,0.27,13.77,11.58,0.19,1.31
55.0,3.0,1.0,1.5,3.0,0.8,7200,0.4,68,80.9,18.29,0.36,1.51,0.269,9.62,12.86,0.189,1.35
55.0,3.0,1.0,1.5,4.5,0.8,7200,0.4,68,80.9,18.29,0.36,1.51,0.269,9.62,12.86,0.189,1.35
55.0,4.0,1.0,1.5,3.0,0.6,7200,0.4,62,83.9,16.67,0.28,1.46,0.269,13.97,11.71,0.189,1.32
55.0,4.0,1.0,1.5,4.5,0.6,7200,0.4,62,83.9,16.67,0.28,1.46,0.269,13.97,11.71,0.189,1.32
55.0,4.0,1.0,1.5,4.5,0.6,,0.4,59,84.7,15.87,0.26,1.44,0.269,13.63,11.15,0.189,1.3
55.0,4.0,1.0,2.5,3.0,0.6,3600,0.2,61,85.2,16.38,0.25,1.46,0.269,14.24,11.5,0.189,1.31
55.0,4.0,1.0,2.5,3.0,0.8,,0.4,59,84.7,15.85,0.26,1.44,0.269,14.58,11.13,0.189,1.3
55.0,4.0,1.0,2.5,4.5,0.6,3600,0.2,61,85.2,16.38,0.25,1.46,0.269,14.24,11.5,0.189,1.31
55.0,3.0,0.7,2.5,3.0,0.6,14400,0.8,78,82.1,20.88,0.37,1.71,0.268,10.86,14.64,0.188,1.48
55.0,3.0,0.7,2.5,4.5,0.6,14400,0.8,78,82.1,20.88,0.37,1.71,0.268,10.86,14.64,0.188,1.48
55.0,3.0,1.5,2.5,3.0,0.6,2400,0.4,87,77.0,23.3,0.52,1.74,0.268,7.25,16.34,0.188,1.49
55.0,3.0,1.5,2.5,4.5,0.6,2400,0.4,87,77.0,23.3,0.52,1.74,0.268,7.25,16.34,0.188,1.49
55.0,4.0,1.0,2.5,3.0,0.8,7200,0.4,62,83.9,16.62,0.28,1.46,0.268,14.75,11.66,0.188,1.32
55.0,4.0,1.0,2.5,4.5,0.8,7200,0.4,62,83.9,16.62,0.28,1.46,0.268,14.75,11.66,0.188,1.32
55.0,5.0,0.7,1.5,3.0,0.6,7200,0.2,67,91.0,17.93,0.16,1.65,0.268,11.3,12.57,0.188,1.45
55.0,5.0,0.7,1.5,4.5,0.6,7200,0.2,67,91.0,17.93,0.16,1.65,0.268,11.3,12.57,0.188,1.45
55.0,3.0,0.7,2.5,3.0,0.4,14400,0.8,78,82.1,20.83,0.37,1.71,0.267,10.38,14.59,0.187,1.48
55.0,3.0,0.7,2.5,4.5,0.4,14400,0.8,78,82.1,20.83,0.37,1.71,0.267,10.38,14.59,0.187,1.48
55.0,3.0,1.0,2.5,3.0,0.4,3600,0.4,87,75.9,23.27,0.53,1.67,0.267,9.49,16.31,0.187,1.45
55.0,3.0,1.0,2.5,4.5,0.4,3600,0.4,87,75.9,23.27,0.53,1.67,0.267,9.49,16.31,0.187,1.45
55.0,4.0,1.5,2.5,3.0,0.8,3600,0.4,81,76.5,21.62,0.48,1.58,0.267,13.24,15.14,0.187,1.39
55.0,4.0,1.5,2.5,4.5,0.8,3600,0.4,81,76.5,21.62,0.48,1.58,0.267,13.24,15.14,0.187,1.39
55.0,3.0,0.7,1.5,3.0,0.4,7200,0.4,80,85.0,21.3,0.31,1.74,0.266,11.45,14.9,0.186,1.5
55.0,3.0,0.7,1.5,3.0,0.6,7200,0.4,80,85.0,21.27,0.31,1.74,0.266,11.47,14.87,0.186,1.5
55.0,3.0,0.7,1.5,4.5,0.4,7200,0.4,80,85.0,21.3,0.31,1.74,0.266,11.45,14.9,0.186,1.5
55.0,3.0,0.7,1.5,4.5,0.6,7200,0.4,80,85.0,21.27,0.31,1.74,0.266,11.47,14.87,0.186,1.5
55.0,3.0,0.7,2.5,3.0,0.8,7200,0.2,76,86.8,20.2,0.26,1.71,0.266,11.67,14.12,0.186,1.48
55.0,3.0,0.7,2.5,4.5,0.8,7200,0.2,76,86.8,20.2,0.26,1.71,0.266,11.67,14.12,0.186,1.48
55.0,3.0,1.5,2.5,4.5,0.8,14400,0.2,66,81.8,17.59,0.33,1.49,0.267,9.96,12.31,0.186,1.33
55.0,4.0,0.7,2.5,4.5,0.8,14400,0.4,71,88.7,18.88,0.21,1.63,0.266,14.88,13.2,0.186,1.43
55.0,4.0,1.0,1.5,3.0,0.4,3600,0.2,61,85.2,16.24,0.25,1.45,0.266,14.05,11.36,0.186,1.31
55.0,4.0,1.0,1.5,4.5,0.4,3600,0.2,61,85.2,16.24,0.25,1.45,0.266,14.05,11.36,0.186,1.31
55.0,3.0,1.0,2.5,3.0,0.6,3600,0.4,87,75.9,23.04,0.53,1.67,0.265,9.61,16.08,0.185,1.44
55.0,3.0,1.0,2.5,4.5,0.6,3600,0.4,87,75.9,23.04,0.53,1.67,0.265,9.61,16.08,0.185,1.44
55.0,3.0,1.5,2.5,3.0,0.8,7200,0.2,66,81.8,17.48,0.33,1.49,0.265,9.7,12.2,0.185,1.33
55.0,3.0,1.5,2.5,3.0,0.8,14400,0.2,66,81.8,17.5,0.33,1.49,0.265,9.96,12.22,0.185,1.33
55.0,3.0,1.5,2.5,4.5,0.8,7200,0.2,66,81.8,17.48,0.33,1.49,0.265,9.7,12.2,0.185,1.33
55.0,3.0,1.5,2.5,4.5,0.8,,0.4,65,81.5,17.25,0.33,1.48,0.265,9.28,12.05,0.185,1.33
55.0,4.0,0.7,2.5,3.0,0.4,,0.4,59,84.7,15.63,0.27,1.48,0.265,13.42,10.91,0.185,1.33
55.0,4.0,0.7,2.5,3.0,0.8,14400,0.4,71,88.7,18.79,0.21,1.62,0.265,14.88,13.11,0.185,1.43
55.0,4.0,0.7,2.5,4.5,0.8,14400,0.2,70,88.6,18.56,0.21,1.62,0.265,14.88,12.96,0.185,1.42
55.0,5.0,0.7,1.5,3.0,0.6,7200,0.4,69,89.9,18.29,0.19,1.66,0.265,11.3,12.77,0.185,1.45
55.0,5.0,0.7,1.5,4.5,0.6,7200,0.4,69,89.9,18.29,0.19,1.66,0.265,11.3,12.77,0.185,1.45
55.0,3.0,0.7,2.5,3.0,0.4,,0.4,65,81.5,17.16,0.34,1.52,0.264,9.71,11.96,0.184,1.35
55.0,3.0,0.7,2.5,3.0,0.8,7200,0.4,80,85.0,21.11,0.31,1.73,0.264,11.67,14.71,0.184,1.49
55.0,3.0,0.7,2.5,4.5,0.8,7200,0.4,80,85.0,21.11,0.31,1.73,0.264,11.67,14.71,0.184,1.49
55.0,3.0,1.5,2.5,3.0,0.4,2400,0.2,68,82.4,17.98,0.32,1.5,0.264,8.99,12.54,0.184,1.34
55.0,3.0,1.5,2.5,4.5,0.4,2400,0.2,68,82.4,17.98,0.32,1.5,0.264,8.99,12.54,0.184,1.34
55.0,4.0,0.7,2.5,3.0,0.8,14400,0.2,70,88.6,18.48,0.21,1.61,0.264,14.88,12.88,0.184,1.42
55.0,4.0,0.7,2.5,4.5,0.4,,0.4,59,84.7,15.59,0.27,1.48,0.264,13.42,10.87,0.184,1.33
55.0,3.0,0.7,2.5,4.5,0.4,,0.4,65,81.5,17.12,0.34,1.52,0.263,9.71,11.92,0.183,1.35
55.0,3.0,1.0,1.5,3.0,0.4,3600,0.4,87,75.9,22.92,0.53,1.66,0.263,9.51,15.96,0.183,1.44
55.0,3.0,1.0,1.5,4.5,0.4,3600,0.4,87,75.9,22.92,0.53,1.66,0.263,9.51,15.96,0.183,1.44
55.0,4.0,1.0,1.5,3.0,0.6,3600,0.2,61,85.2,16.04,0.25,1.45,0.263,14.22,11.16,0.183,1.3
55.0,4.0,1.0,1.5,3.0,0.6,,0.4,59,84.7,15.5,0.26,1.43,0.263,13.63,10.78,0.183,1.29
55.0,4.0,1.0,1.5,4.5,0.6,3600,0.2,61,85.2,16.04,0.25,1.45,0.263,14.22,11.16,0.183,1.3
55.0,4.0,1.0,2.5,3.0,0.8,3600,0.2,61,85.2,16.02,0.25,1.45,0.263,14.48,11.14,0.183,1.3
55.0,4.0,1.0,2.5,4.5,0.8,3600,0.2,61,85.2,16.02,0.25,1.45,0.263,14.48,11.14,0.183,1.3
55.0,3.0,1.0,2.5,3.0,0.4,2400,0.4,88,76.1,23.04,0.54,1.73,0.262,6.69,15.99,0.182,1.48
55.0,3.0,1.0,2.5,4.5,0.4,2400,0.4,88,76.1,23.04,0.54,1.73,0.262,6.69,15.99,0.182,1.48
55.0,3.0,1.5,2.5,3.0,0.8,,0.4,65,81.5,17.04,0.33,1.47,0.262,9.26,11.85,0.182,1.32
55.0,5.0,0.7,1.5,4.5,0.8,14400,0.4,67,91.0,17.56,0.16,1.63,0.262,11.18,12.2,0.182,1.43
55.0,3.0,1.0,1.5,3.0,0.6,3600,0.4,87,75.9,22.69,0.53,1.66,0.261,9.57,15.73,0.181,1.43
55.0,3.0,1.0,1.5,4.5,0.6,3600,0.4,87,75.9,22.69,0.53,1.66,0.261,9.57,15.73,0.181,1.43
55.0,3.0,1.0,2.5,3.0,0.8,3600,0.4,87,75.9,22.68,0.53,1.66,0.261,9.73,15.72,0.181,1.43
55.0,3.0,1.0,2.5,4.5,0.8,3600,0.4,87,75.9,22.68,0.53,1.66,0.261,9.73,15.72,0.181,1.43
55.0,3.0,1.5,2.5,3.0,0.8,3600,0.2,67,82.1,17.5,0.32,1.49,0.261,9.78,12.14,0.181,1.33
55.0,3.0,1.5,2.5,4.5,0.8,3600,0.2,67,82.1,17.5,0.32,1.49,0.261,9.78,12.14,0.181,1.33
55.0,5.0,0.7,1.5,3.0,0.8,14400,0.4,67,91.0,17.48,0.16,1.63,0.261,11.18,12.12,0.181,1.43
55.0,5.0,0.7,1.5,4.5,0.8,14400,0.2,66,90.9,17.25,0.16,1.62,0.261,11.18,11.97,0.181,1.42
55.0,5.0,0.7,2.5,3.0,0.8,7200,0.2,67,91.0,17.49,0.16,1.63,0.261,11.52,12.13,0.181,1.43
55.0,5.0,0.7,2.5,4.5,0.8,7200,0.2,67,91.0,17.49,0.16,1.63,0.261,11.52,12.13,0.181,1.43
55.0,3.0,1.0,1.5,3.0,0.4,2400,0.4,88,76.1,22.85,0.54,1.72,0.26,6.71,15.81,0.18,1.47
55.0,3.0,1.0,1.5,4.5,0.4,2400,0.4,88,76.1,22.85,0.54,1.72,0.26,6.71,15.81,0.18,1.47
55.0,5.0,0.7,1.5,3.0,0.8,14400,0.2,66,90.9,17.16,0.16,1.62,0.26,11.18,11.88,0.18,1.42
55.0,3.0,1.0,2.5,3.0,0.4,2400,0.2,68,82.4,17.59,0.32,1.49,0.259,9.67,12.15,0.179,1.33
55.0,3.0,1.0,2.5,4.5,0.4,2400,0.2,68,82.4,17.59,0.32,1.49,0.259,9.67,12.15,0.179,1.33
55.0,3.0,1.5,2.5,3.0,0.4,2400,0.4,88,76.1,22.8,0.54,1.72,0.259,6.85,15.76,0.179,1.47
55.0,3.0,1.5,2.5,4.5,0.4,2400,0.4,88,76.1,22.8,0.54,1.72,0.259,6.85,15.76,0.179,1.47
55.0,4.0,1.0,1.5,3.0,0.8,3600,0.2,61,85.2,15.82,0.25,1.44,0.259,14.32,10.94,0.179,1.3
55.0,4.0,1.0,1.5,3.0,0.8,7200,0.2,60,85.0,15.57,0.25,1.43,0.26,14.29,10.76,0.179,1.29
55.0,4.0,1.0,1.5,4.5,0.8,3600,0.2,61,85.2,15.82,0.25,1.44,0.259,14.32,10.94,0.179,1.3
55.0,4.0,1.0,1.5,4.5,0.8,7200,0.2,60,85.0,15.57,0.25,1.43,0.26,14.29,10.76,0.179,1.29
55.0,5.0,0.7,2.5,3.0,0.8,7200,0.4,69,89.9,17.86,0.19,1.64,0.259,11.52,12.34,0.179,1.43
55.0,5.0,0.7,2.5,4.5,0.8,7200,0.4,69,89.9,17.86,0.19,1.64,0.259,11.52,12.34,0.179,1.43
55.0,3.0,0.7,1.5,3.0,0.8,7200,0.2,76,86.8,19.59,0.26,1.69,0.258,11.59,13.51,0.178,1.46
55.0,3.0,0.7,1.5,4.5,0.8,7200,0.2,76,86.8,19.59,0.26,1.69,0.258,11.59,13.51,0.178,1.46
55.0,3.0,1.0,1.5,3.0,0.6,2400,0.4,88,76.1,22.68,0.54,1.72,0.258,6.76,15.64,0.178,1.47
55.0,3.0,1.0,1.5,3.0,0.8,3600,0.4,87,75.9,22.47,0.53,1.65,0.258,9.62,15.51,0.178,1.43
55.0,3.0,1.0,1.5,4.5,0.6,2400,0.4,88,76.1,22.68,0.54,1.72,0.258,6.76,15.64,0.178,1.47
55.0,3.0,1.0,1.5,4.5,0.8,3600,0.4,87,75.9,22.47,0.53,1.65,0.258,9.62,15.51,0.178,1.43
55.0,3.0,1.0,1.5,4.5,0.8,,0.4,65,81.5,16.74,0.33,1.47,0.258,9.64,11.54,0.178,1.31
55.0,3.0,1.0,2.5,3.0,0.6,2400,0.4,88,76.1,22.73,0.54,1.72,0.258,6.81,15.68,0.178,1.47
55.0,3.0,1.0,2.5,4.5,0.6,2400,0.4,88,76.1,22.73,0.54,1.72,0.258,6.81,15.68,0.178,1.47
55.0,4.0,0.7,1.5,3.0,0.4,14400,0.2,70,88.6,18.06,0.21,1.6,0.258,14.93,12.46,0.178,1.41
55.0,4.0,0.7,1.5,3.0,0.6,14400,0.4,71,88.7,18.31,0.2,1.61,0.258,14.8,12.63,0.178,1.41
55.0,4.0,0.7,1.5,4.5,0.4,14400,0.2,70,88.6,18.06,0.21,1.6,0.258,14.93,12.46,0.178,1.41
55.0,4.0,0.7,1.5,4.5,0.6,14400,0.4,71,88.7,18.31,0.2,1.61,0.258,14.8,12.63,0.178,1.41
55.0,4.0,1.0,1.5,4.5,0.8,,0.4,59,84.7,15.24,0.26,1.42,0.258,14.22,10.52,0.178,1.29
55.0,3.0,1.0,1.5,3.0,0.8,2400,0.4,88,76.1,22.58,0.54,1.72,0.257,6.81,15.54,0.177,1.47
55.0,3.0,1.0,1.5,4.5,0.8,2400,0.4,88,76.1,22.58,0.54,1.72,0.257,6.81,15.54,0.177,1.47
55.0,4.0,0.7,1.5,3.0,0.6,14400,0.2,70,88.6,18.0,0.21,1.6,0.257,14.8,12.4,0.177,1.4
55.0,4.0,0.7,1.5,4.5,0.6,14400,0.2,70,88.6,18.0,0.21,1.6,0.257,14.8,12.4,0.177,1.4
55.0,4.0,0.7,2.5,4.5,0.6,,0.4,59,84.7,15.16,0.26,1.47,0.257,13.66,10.44,0.177,1.32
55.0,4.0,1.0,1.5,3.0,0.8,7200,0.4,62,83.9,15.95,0.28,1.44,0.257,14.29,10.99,0.177,1.3
55.0,4.0,1.0,1.5,4.5,0.8,7200,0.4,62,83.9,15.95,0.28,1.44,0.257,14.29,10.99,0.177,1.3
55.0,5.0,0.7,2.5,3.0,0.4,14400,0.8,68,86.8,17.45,0.25,1.61,0.257,10.84,12.01,0.177,1.41
55.0,5.0,0.7,2.5,4.5,0.4,14400,0.8,68,86.8,17.45,0.25,1.61,0.257,10.84,12.01,0.177,1.41
55.0,3.0,0.7,2.5,3.0,0.4,3600,0.2,78,87.2,19.98,0.25,1.67,0.256,11.03,13.74,0.176,1.45
55.0,3.0,0.7,2.5,4.5,0.4,3600,0.2,78,87.2,19.98,0.25,1.67,0.256,11.03,13.74,0.176,1.45
55.0,3.0,1.0,1.5,3.0,0.4,2400,0.2,68,82.4,17.4,0.32,1.48,0.256,9.69,11.96,0.176,1.32
55.0,3.0,1.0,1.5,4.5,0.4,2400,0.2,68,82.4,17.4,0.32,1.48,0.256,9.69,11.96,0.176,1.32
55.0,3.0,1.0,2.5,3.0,0.8,2400,0.4,88,76.1,22.49,0.54,1.71,0.256,6.93,15.44,0.176,1.46
55.0,3.0,1.0,2.5,4.5,0.8,2400,0.4,88,76.1,22.49,0.54,1.71,0.256,6.93,15.44,0.176,1.46
55.0,4.0,0.7,1.5,3.0,0.4,14400,0.4,71,88.7,18.16,0.2,1.6,0.256,14.93,12.48,0.176,1.4
55.0,4.0,0.7,1.5,4.5,0.4,14400,0.4,71,88.7,18.16,0.2,1.6,0.256,14.93,12.48,0.176,1.4
55.0,4.0,0.7,2.5,3.0,0.4,7200,0.2,71,88.7,18.18,0.2,1.6,0.256,15.2,12.5,0.176,1.41
55.0,4.0,0.7,2.5,4.5,0.4,7200,0.2,71,88.7,18.18,0.2,1.6,0.256,15.2,12.5,0.176,1.41
55.0,3.0,0.7,1.5,3.0,0.4,3600,0.2,78,87.2,19.88,0.24,1.66,0.255,11.03,13.64,0.175,1.44
55.0,3.0,0.7,1.5,4.5,0.4,3600,0.2,78,87.2,19.88,0.24,1.66,0.255,11.03,13.64,0.175,1.44
55.0,4.0,0.7,2.5,3.0,0.6,7200,0.2,71,88.7,18.13,0.2,1.6,0.255,15.16,12.45,0.175,1.4
55.0,4.0,0.7,2.5,4.5,0.6,7200,0.2,71,88.7,18.13,0.2,1.6,0.255,15.16,12.45,0.175,1.4
55.0,3.0,0.7,1.5,3.0,0.8,7200,0.4,80,85.0,20.35,0.3,1.71,0.254,11.59,13.95,0.174,1.47
55.0,3.0,0.7,1.5,4.5,0.8,7200,0.4,80,85.0,20.35,0.3,1.71,0.254,11.59,13.95,0.174,1.47
55.0,3.0,1.0,1.5,3.0,0.8,,0.4,65,81.5,16.54,0.33,1.46,0.254,9.51,11.34,0.174,1.31
55.0,3.0,1.0,2.5,3.0,0.6,2400,0.2,68,82.4,17.27,0.32,1.48,0.254,9.79,11.83,0.174,1.32
55.0,3.0,1.0,2.5,4.5,0.6,2400,0.2,68,82.4,17.27,0.32,1.48,0.254,9.79,11.83,0.174,1.32
55.0,3.0,1.5,2.5,3.0,0.4,1200,0.4,104,67.3,26.45,1.03,2.12,0.254,5.89,18.13,0.174,1.68
55.0,3.0,1.5,2.5,4.5,0.4,1200,0.4,104,67.3,26.45,1.03,2.12,0.254,5.89,18.13,0.174,1.68
55.0,4.0,0.7,2.5,3.0,0.4,7200,0.4,73,87.7,18.54,0.23,1.61,0.254,15.2,12.7,0.174,1.41
55.0,4.0,0.7,2.5,4.5,0.4,7200,0.4,73,87.7,18.54,0.23,1.61,0.254,15.2,12.7,0.174,1.41
55.0,4.0,1.5,2.5,3.0,0.8,2400,0.2,62,85.5,15.76,0.24,1.44,0.254,13.24,10.8,0.174,1.29
55.0,4.0,1.5,2.5,4.5,0.8,2400,0.2,62,85.5,15.76,0.24,1.44,0.254,13.24,10.8,0.174,1.29
55.0,3.0,0.7,2.5,3.0,0.6,3600,0.2,78,87.2,19.77,0.24,1.66,0.253,11.03,13.53,0.173,1.44
55.0,3.0,0.7,2.5,4.5,0.6,3600,0.2,78,87.2,19.77,0.24,1.66,0.253,11.03,13.53,0.173,1.44
55.0,3.0,1.0,1.5,3.0,0.6,2400,0.2,68,82.4,17.22,0.32,1.48,0.253,9.74,11.78,0.173,1.32
55.0,3.0,1.0,1.5,4.5,0.6,2400,0.2,68,82.4,17.22,0.32,1.48,0.253,9.74,11.78,0.173,1.32
55.0,4.0,0.7,2.5,3.0,0.6,7200,0.4,73,87.7,18.49,0.23,1.61,0.253,15.16,12.65,0.173,1.41
55.0,4.0,0.7,2.5,4.5,0.6,7200,0.4,73,87.7,18.49,0.23,1.61,0.253,15.16,12.65,0.173,1.41
55.0,3.0,1.0,1.5,3.0,0.8,2400,0.2,68,82.4,17.12,0.32,1.48,0.252,9.79,11.68,0.172,1.32
55.0,3.0,1.0,1.5,4.5,0.8,2400,0.2,68,82.4,17.12,0.32,1.48,0.252,9.79,11.68,0.172,1.32
55.0,4.0,1.0,1.5,3.0,0.8,,0.4,59,84.7,14.89,0.25,1.41,0.252,14.22,10.17,0.172,1.28
55.0,5.0,0.7,1.5,3.0,0.8,7200,0.2,67,91.0,16.88,0.16,1.61,0.252,11.35,11.53,0.172,1.41
55.0,5.0,0.7,1.5,4.5,0.8,7200,0.2,67,91.0,16.88,0.16,1.61,0.252,11.35,11.53,0.172,1.41
55.0,3.0,0.7,1.5,3.0,0.4,14400,0.8,78,82.1,19.61,0.36,1.67,0.251,10.46,13.37,0.171,1.44
55.0,3.0,0.7,1.5,3.0,0.6,3600,0.2,78,87.2,19.6,0.24,1.65,0.251,11.03,13.36,0.171,1.43
55.0,3.0,0.7,1.5,3.0,0.6,14400,0.8,78,82.1,19.6,0.36,1.67,0.251,10.8,13.36,0.171,1.44
55.0,3.0,0.7,1.5,4.5,0.4,14400,0.8,78,82.1,19.61,0.36,1.67,0.251,10.46,13.37,0.171,1.44
55.0,3.0,0.7,1.5,4.5,0.6,3600,0.2,78,87.2,19.6,0.24,1.65,0.251,11.03,13.36,0.171,1.43
55.0,3.0,0.7,1.5,4.5,0.6,14400,0.8,78,82.1,19.6,0.36,1.67,0.251,10.8,13.36,0.171,1.44
55.0,4.0,0.7,1.5,4.5,0.8,14400,0.4,71,88.7,17.81,0.2,1.59,0.251,15.02,12.13,0.171,1.39
55.0,4.0,0.7,2.5,3.0,0.6,,0.4,59,84.7,14.79,0.26,1.46,0.251,13.66,10.07,0.171,1.31
55.0,3.0,1.0,2.5,3.0,0.8,2400,0.2,68,82.4,17.03,0.32,1.47,0.25,9.91,11.59,0.17,1.31
55.0,3.0,1.0,2.5,4.5,0.8,2400,0.2,68,82.4,17.03,0.32,1.47,0.25,9.91,11.59,0.17,1.31
55.0,4.0,0.7,1.5,3.0,0.8,14400,0.4,71,88.7,17.73,0.2,1.59,0.25,15.02,12.04,0.17,1.39
55.0,4.0,0.7,1.5,4.5,0.8,14400,0.2,70,88.6,17.49,0.2,1.58,0.25,15.02,11.89,0.17,1.39
55.0,4.0,1.5,2.5,3.0,0.6,14400,0.8,64,81.2,15.97,0.33,1.44,0.25,13.02,10.85,0.17,1.29
55.0,4.0,1.5,2.5,4.5,0.6,14400,0.8,64,81.2,15.97,0.33,1.44,0.25,13.02,10.85,0.17,1.29
55.0,5.0,0.7,1.5,3.0,0.8,7200,0.4,69,89.9,17.25,0.18,1.62,0.25,11.35,11.73,0.17,1.41
55.0,5.0,0.7,1.5,4.5,0.8,7200,0.4,69,89.9,17.25,0.18,1.62,0.25,11.35,11.73,0.17,1.41
55.0,3.0,0.7,2.5,3.0,0.8,3600,0.2,78,87.2,19.41,0.24,1.65,0.249,11.03,13.17,0.169,1.43
55.0,3.0,0.7,2.5,4.5,0.8,3600,0.2,78,87.2,19.41,0.24,1.65,0.249,11.03,13.17,0.169,1.43
55.0,4.0,0.7,1.5,3.0,0.8,14400,0.2,70,88.6,17.41,0.2,1.58,0.249,15.02,11.81,0.169,1.38
55.0,5.0,0.7,2.5,3.0,0.6,14400,0.8,68,86.8,16.91,0.24,1.59,0.249,10.76,11.47,0.169,1.39
55.0,5.0,0.7,2.5,4.5,0.6,14400,0.8,68,86.8,16.91,0.24,1.59,0.249,10.76,11.47,0.169,1.39
55.0,3.0,0.7,1.5,3.0,0.8,3600,0.2,78,87.2,19.31,0.24,1.64,0.248,11.03,13.07,0.168,1.42
55.0,3.0,0.7,1.5,4.5,0.8,3600,0.2,78,87.2,19.31,0.24,1.64,0.248,11.03,13.07,0.168,1.42
55.0,4.0,1.5,2.5,3.0,0.4,2400,0.2,62,85.5,15.35,0.24,1.43,0.248,13.0,10.39,0.168,1.28
55.0,4.0,1.5,2.5,4.5,0.4,2400,0.2,62,85.5,15.35,0.24,1.43,0.248,13.0,10.39,0.168,1.28
55.0,3.0,0.7,2.5,4.5,0.8,14400,0.8,78,82.1,19.3,0.36,1.66,0.247,11.15,13.06,0.167,1.43
55.0,3.0,0.7,2.5,3.0,0.8,14400,0.8,78,82.1,19.22,0.36,1.65,0.246,11.15,12.98,0.166,1.42
55.0,3.0,1.0,2.5,3.0,0.4,1200,0.4,104,67.3,25.56,1.01,2.08,0.246,5.76,17.24,0.166,1.65
55.0,3.0,1.0,2.5,4.5,0.4,1200,0.4,104,67.3,25.56,1.01,2.08,0.246,5.76,17.24,0.166,1.65
55.0,3.0,1.5,2.5,3.0,0.8,2400,0.4,87,77.0,21.23,0.5,1.68,0.244,7.85,14.27,0.164,1.43
55.0,3.0,1.5,2.5,4.5,0.8,2400,0.4,87,77.0,21.23,0.5,1.68,0.244,7.85,14.27,0.164,1.43
55.0,4.0,0.7,2.5,3.0,0.8,7200,0.2,71,88.7,17.34,0.2,1.58,0.244,15.29,11.66,0.164,1.38
55.0,4.0,0.7,2.5,4.5,0.8,7200,0.2,71,88.7,17.34,0.2,1.58,0.244,15.29,11.66,0.164,1.38
55.0,3.0,1.0,1.5,3.0,0.4,1200,0.4,104,67.3,25.25,1.0,2.07,0.243,5.76,16.93,0.163,1.63
55.0,3.0,1.0,1.5,4.5,0.4,1200,0.4,104,67.3,25.25,1.0,2.07,0.243,5.76,16.93,0.163,1.63
55.0,4.0,0.7,1.5,3.0,0.4,7200,0.2,71,88.7,17.27,0.2,1.57,0.243,15.31,11.59,0.163,1.38
55.0,4.0,0.7,1.5,3.0,0.6,7200,0.2,71,88.7,17.25,0.2,1.57,0.243,15.09,11.57,0.163,1.38
55.0,4.0,0.7,1.5,4.5,0.4,7200,0.2,71,88.7,17.27,0.2,1.57,0.243,15.31,11.59,0.163,1.38
55.0,4.0,0.7,1.5,4.5,0.6,7200,0.2,71,88.7,17.25,0.2,1.57,0.243,15.09,11.57,0.163,1.38
55.0,4.0,1.5,2.5,3.0,0.4,14400,0.8,64,81.2,15.57,0.33,1.42,0.243,12.78,10.45,0.163,1.28
55.0,4.0,1.5,2.5,4.5,0.4,14400,0.8,64,81.2,15.57,0.33,1.42,0.243,12.78,10.45,0.163,1.28
55.0,5.0,0.7,2.5,3.0,0.4,3600,0.2,70,91.4,17.01,0.15,1.57,0.243,11.14,11.41,0.163,1.37
55.0,5.0,0.7,2.5,4.5,0.4,3600,0.2,70,91.4,17.01,0.15,1.57,0.243,11.14,11.41,0.163,1.37
55.0,4.0,0.7,1.5,3.0,0.4,7200,0.4,73,87.7,17.63,0.22,1.58,0.242,15.31,11.79,0.162,1.38
55.0,4.0,0.7,1.5,4.5,0.4,7200,0.4,73,87.7,17.63,0.22,1.58,0.242,15.31,11.79,0.162,1.38
55.0,4.0,0.7,2.5,3.0,0.8,7200,0.4,73,87.7,17.7,0.22,1.59,0.242,15.29,11.86,0.162,1.38
55.0,4.0,0.7,2.5,4.5,0.8,7200,0.4,73,87.7,17.7,0.22,1.59,0.242,15.29,11.86,0.162,1.38
55.0,5.0,0.7,1.5,3.0,0.4,3600,0.2,70,91.4,16.9,0.15,1.56,0.241,11.14,11.3,0.162,1.37
55.0,5.0,0.7,1.5,4.5,0.4,3600,0.2,70,91.4,16.9,0.15,1.56,0.241,11.14,11.3,0.162,1.37
55.0,3.0,0.7,2.5,4.5,0.6,,0.4,65,81.5,15.64,0.33,1.47,0.241,10.31,10.44,0.161,1.31
55.0,3.0,1.0,2.5,3.0,0.6,1200,0.4,104,67.3,25.01,1.0,2.06,0.24,5.82,16.69,0.161,1.62
55.0,3.0,1.0,2.5,4.5,0.6,1200,0.4,104,67.3,25.01,1.0,2.06,0.24,5.82,16.69,0.161,1.62
55.0,4.0,0.7,1.5,3.0,0.6,7200,0.4,73,87.7,17.61,0.22,1.58,0.241,15.09,11.77,0.161,1.38
55.0,4.0,0.7,1.5,4.5,0.6,7200,0.4,73,87.7,17.61,0.22,1.58,0.241,15.09,11.77,0.161,1.38
55.0,4.0,1.0,2.5,3.0,0.4,14400,0.8,64,81.2,15.4,0.33,1.42,0.241,13.18,10.28,0.161,1.27
55.0,4.0,1.0,2.5,4.5,0.4,14400,0.8,64,81.2,15.4,0.33,1.42,0.241,13.18,10.28,0.161,1.27
55.0,4.0,1.5,2.5,3.0,0.4,3600,0.4,82,76.8,19.72,0.46,1.53,0.24,12.99,13.15,0.16,1.34
55.0,4.0,1.5,2.5,4.5,0.4,3600,0.4,82,76.8,19.72,0.46,1.53,0.24,12.99,13.15,0.16,1.34
55.0,4.0,1.5,2.5,4.5,0.8,14400,0.8,64,81.2,15.37,0.33,1.42,0.24,13.35,10.25,0.16,1.27
55.0,3.0,1.0,1.5,3.0,0.6,1200,0.4,104,67.3,24.84,0.99,2.05,0.239,5.82,16.52,0.159,1.62
55.0,3.0,1.0,1.5,4.5,0.6,1200,0.4,104,67.3,24.84,0.99,2.05,0.239,5.82,16.52,0.159,1.62
55.0,4.0,1.0,2.5,3.0,0.6,14400,0.8,64,81.2,15.31,0.33,1.42,0.239,13.59,10.19,0.159,1.27
55.0,4.0,1.0,2.5,4.5,0.6,14400,0.8,64,81.2,15.31,0.33,1.42,0.239,13.59,10.19,0.159,1.27
55.0,4.0,1.5,2.5,3.0,0.8,14400,0.8,64,81.2,15.28,0.33,1.42,0.239,13.35,10.16,0.159,1.27
55.0,3.0,1.5,2.5,3.0,0.6,2400,0.2,68,82.4,16.21,0.31,1.45,0.238,9.26,10.77,0.158,1.29
55.0,3.0,1.5,2.5,4.5,0.6,2400,0.2,68,82.4,16.21,0.31,1.45,0.238,9.26,10.77,0.158,1.29
55.0,4.0,1.5,2.5,3.0,0.6,2400,0.2,62,85.5,14.75,0.24,1.41,0.238,13.12,9.8,0.158,1.27
55.0,4.0,1.5,2.5,4.5,0.6,2400,0.2,62,85.5,14.75,0.24,1.41,0.238,13.12,9.8,0.158,1.27
55.0,5.0,0.7,1.5,3.0,0.4,14400,0.8,68,86.8,16.2,0.24,1.57,0.238,11.19,10.76,0.158,1.37
55.0,5.0,0.7,1.5,4.5,0.4,14400,0.8,68,86.8,16.2,0.24,1.57,0.238,11.19,10.76,0.158,1.37
55.0,5.0,0.7,2.5,3.0,0.6,3600,0.2,70,91.4,16.68,0.15,1.56,0.238,11.14,11.08,0.158,1.36
55.0,5.0,0.7,2.5,4.5,0.6,3600,0.2,70,91.4,16.68,0.15,1.56,0.238,11.14,11.08,0.158,1.36
55.0,5.0,1.5,2.5,3.0,0.4,7200,0.8,69,75.4,16.4,0.49,1.5,0.238,11.15,10.88,0.158,1.32
55.0,5.0,1.5,2.5,4.5,0.4,7200,0.8,69,75.4,16.4,0.49,1.5,0.238,11.15,10.88,0.158,1.32
55.0,3.0,0.7,1.5,3.0,0.4,,0.4,65,81.5,15.38,0.33,1.47,0.237,9.81,10.18,0.157,1.3
55.0,4.0,0.7,2.5,4.5,0.8,,0.4,59,84.7,13.96,0.26,1.43,0.237,13.9,9.24,0.157,1.28
55.0,3.0,0.7,1.5,4.5,0.4,,0.4,65,81.5,15.34,0.33,1.46,0.236,9.81,10.14,0.156,1.3
55.0,3.0,1.0,1.5,3.0,0.8,1200,0.4,104,67.3,24.5,0.99,2.03,0.236,5.82,16.18,0.156,1.61
55.0,3.0,1.0,1.5,4.5,0.8,1200,0.4,104,67.3,24.5,0.99,2.03,0.236,5.82,16.18,0.156,1.61
55.0,3.0,1.0,2.5,3.0,0.8,1200,0.4,104,67.3,24.53,0.99,2.04,0.236,5.82,16.21,0.156,1.61
55.0,3.0,1.0,2.5,4.5,0.8,1200,0.4,104,67.3,24.53,0.99,2.04,0.236,5.82,16.21,0.156,1.61
55.0,4.0,1.0,2.5,4.5,0.8,14400,0.8,64,81.2,15.11,0.33,1.41,0.236,14.43,9.99,0.156,1.26
55.0,5.0,0.7,1.5,3.0,0.6,3600,0.2,70,91.4,16.51,0.15,1.55,0.236,11.14,10.91,0.156,1.36
55.0,5.0,0.7,1.5,4.5,0.6,3600,0.2,70,91.4,16.51,0.15,1.55,0.236,11.14,10.91,0.156,1.36
55.0,3.0,0.7,2.5,3.0,0.6,,0.4,65,81.5,15.26,0.33,1.46,0.235,10.31,10.06,0.155,1.3
55.0,4.0,1.0,2.5,3.0,0.8,14400,0.8,64,81.2,15.03,0.33,1.41,0.235,14.43,9.91,0.155,1.26
55.0,3.0,0.7,1.5,4.5,0.8,14400,0.8,78,82.1,18.28,0.35,1.62,0.234,11.06,12.04,0.154,1.39
55.0,5.0,0.7,1.5,3.0,0.6,14400,0.8,68,86.8,15.88,0.24,1.56,0.234,11.01,10.44,0.154,1.36
55.0,5.0,0.7,1.5,4.5,0.6,14400,0.8,68,86.8,15.88,0.24,1.56,0.234,11.01,10.44,0.154,1.36
55.0,3.0,0.7,1.5,3.0,0.8,14400,0.8,78,82.1,18.2,0.35,1.62,0.233,11.06,11.96,0.153,1.39
55.0,4.0,0.7,1.5,3.0,0.4,,0.4,59,84.7,13.78,0.26,1.43,0.234,13.55,9.06,0.153,1.27
55.0,4.0,0.7,1.5,3.0,0.8,7200,0.2,71,88.7,16.58,0.2,1.55,0.234,15.14,10.9,0.153,1.35
55.0,4.0,0.7,1.5,4.5,0.4,,0.4,59,84.7,13.73,0.26,1.43,0.233,13.55,9.02,0.153,1.27
55.0,4.0,0.7,1.5,4.5,0.8,7200,0.2,71,88.7,16.58,0.2,1.55,0.234,15.14,10.9,0.153,1.35
55.0,4.0,1.0,2.5,3.0,0.4,2400,0.2,62,85.5,14.45,0.24,1.4,0.233,14.03,9.49,0.153,1.26
55.0,4.0,1.0,2.5,4.5,0.4,2400,0.2,62,85.5,14.45,0.24,1.4,0.233,14.03,9.49,0.153,1.26
55.0,4.0,0.7,1.5,3.0,0.8,7200,0.4,73,87.7,16.94,0.22,1.56,0.232,15.14,11.1,0.152,1.36
55.0,4.0,0.7,1.5,4.5,0.8,7200,0.4,73,87.7,16.94,0.22,1.56,0.232,15.14,11.1,0.152,1.36
55.0,4.0,0.7,2.5,3.0,0.6,14400,0.8,72,84.7,16.72,0.28,1.54,0.232,14.52,10.96,0.152,1.34
55.0,4.0,0.7,2.5,4.5,0.6,14400,0.8,72,84.7,16.72,0.28,1.54,0.232,14.52,10.96,0.152,1.34
55.0,4.0,1.0,2.5,3.0,0.6,2400,0.2,62,85.5,14.36,0.24,1.4,0.232,14.29,9.4,0.152,1.26
55.0,4.0,1.0,2.5,4.5,0.6,2400,0.2,62,85.5,14.36,0.24,1.4,0.232,14.29,9.4,0.152,1.26
55.0,4.0,0.7,1.5,4.5,0.6,,0.4,59,84.7,13.63,0.26,1.42,0.231,13.65,8.91,0.151,1.27
55.0,4.0,0.7,2.5,3.0,0.8,,0.4,59,84.7,13.61,0.26,1.42,0.231,13.9,8.89,0.151,1.27
55.0,4.0,1.0,1.5,3.0,0.6,2400,0.2,62,85.5,14.31,0.24,1.4,0.231,14.32,9.35,0.151,1.25
55.0,4.0,1.0,1.5,4.5,0.6,2400,0.2,62,85.5,14.31,0.24,1.4,0.231,14.32,9.35,0.151,1.25
55.0,5.0,0.7,2.5,3.0,0.8,3600,0.2,70,91.4,16.2,0.14,1.54,0.231,11.14,10.6,0.151,1.35
55.0,5.0,0.7,2.5,4.5,0.8,3600,0.2,70,91.4,16.2,0.14,1.54,0.231,11.14,10.6,0.151,1.35
55.0,4.0,1.0,1.5,3.0,0.4,2400,0.2,62,85.5,14.27,0.24,1.4,0.23,14.21,9.31,0.15,1.25
55.0,4.0,1.0,1.5,4.5,0.4,2400,0.2,62,85.5,14.27,0.24,1.4,0.23,14.21,9.31,0.15,1.25
55.0,5.0,0.7,1.5,3.0,0.8,3600,0.2,70,91.4,16.1,0.14,1.54,0.23,11.14,10.5,0.15,1.34
55.0,5.0,0.7,1.5,4.5,0.8,3600,0.2,70,91.4,16.1,0.14,1.54,0.23,11.14,10.5,0.15,1.34
55.0,4.0,1.0,1.5,3.0,0.8,2400,0.2,62,85.5,14.21,0.24,1.39,0.229,14.42,9.25,0.149,1.25
55.0,4.0,1.0,1.5,4.5,0.8,2400,0.2,62,85.5,14.21,0.24,1.39,0.229,14.42,9.25,0.149,1.25
55.0,4.0,0.7,2.5,3.0,0.4,14400,0.8,72,84.7,16.43,0.28,1.53,0.228,14.47,10.67,0.148,1.34
55.0,4.0,0.7,2.5,4.5,0.4,14400,0.8,72,84.7,16.43,0.28,1.53,0.228,14.47,10.67,0.148,1.34
55.0,4.0,1.0,2.5,3.0,0.8,2400,0.2,62,85.5,14.12,0.24,1.39,0.228,14.53,9.16,0.148,1.25
55.0,4.0,1.0,2.5,4.5,0.8,2400,0.2,62,85.5,14.12,0.24,1.39,0.228,14.53,9.16,0.148,1.25
55.0,5.0,1.0,2.5,3.0,0.4,7200,0.8,69,75.4,15.68,0.48,1.48,0.227,11.52,10.16,0.147,1.3
55.0,5.0,1.0,2.5,4.5,0.4,7200,0.8,69,75.4,15.68,0.48,1.48,0.227,11.52,10.16,0.147,1.3
55.0,5.0,1.5,2.5,3.0,0.6,7200,0.8,69,75.4,15.69,0.48,1.48,0.227,11.0,10.17,0.147,1.3
55.0,5.0,1.5,2.5,4.5,0.6,7200,0.8,69,75.4,15.69,0.48,1.48,0.227,11.0,10.17,0.147,1.3
55.0,3.0,1.5,2.5,3.0,0.6,1200,0.4,104,66.3,23.47,1.01,1.98,0.226,5.89,15.15,0.146,1.56
55.0,3.0,1.5,2.5,3.0,0.8,2400,0.2,68,82.4,15.35,0.31,1.43,0.226,9.78,9.91,0.146,1.27
55.0,3.0,1.5,2.5,4.5,0.6,1200,0.4,104,66.3,23.47,1.01,1.98,0.226,5.89,15.15,0.146,1.56
55.0,3.0,1.5,2.5,4.5,0.8,2400,0.2,68,82.4,15.35,0.31,1.43,0.226,9.78,9.91,0.146,1.27
55.0,3.0,0.7,1.5,4.5,0.6,,0.4,65,81.5,14.6,0.33,1.44,0.225,10.2,9.4,0.145,1.28
55.0,4.0,0.7,1.5,3.0,0.6,,0.4,59,84.7,13.26,0.25,1.41,0.225,13.65,8.54,0.145,1.26
55.0,5.0,0.7,2.5,4.5,0.8,14400,0.8,68,86.8,15.32,0.23,1.54,0.225,11.0,9.87,0.145,1.34
55.0,5.0,0.7,2.5,3.0,0.8,14400,0.8,68,86.8,15.23,0.23,1.54,0.224,11.0,9.79,0.144,1.34
55.0,4.0,1.5,2.5,3.0,0.6,2400,0.4,81,77.8,18.03,0.42,1.48,0.223,13.11,11.55,0.143,1.3
55.0,4.0,1.5,2.5,4.5,0.6,2400,0.4,81,77.8,18.03,0.42,1.48,0.223,13.11,11.55,0.143,1.3
55.0,3.0,0.7,2.5,4.5,0.8,,0.4,65,81.5,14.41,0.33,1.44,0.222,10.04,9.21,0.142,1.27
55.0,4.0,0.7,2.5,4.5,0.8,14400,0.8,72,84.7,15.9,0.27,1.52,0.221,14.88,10.14,0.141,1.32
55.0,4.0,1.0,2.5,3.0,0.4,3600,0.4,82,76.8,18.08,0.45,1.48,0.22,13.77,11.52,0.141,1.29
55.0,4.0,1.0,2.5,4.5,0.4,3600,0.4,82,76.8,18.08,0.45,1.48,0.22,13.77,11.52,0.141,1.29
55.0,4.0,0.7,1.5,4.5,0.8,,0.4,59,84.7,13.0,0.25,1.4,0.22,13.84,8.28,0.14,1.25
55.0,4.0,0.7,2.5,3.0,0.8,14400,0.8,72,84.7,15.82,0.27,1.51,0.22,14.88,10.06,0.14,1.32
55.0,3.0,0.7,1.5,3.0,0.6,,0.4,65,81.5,14.23,0.32,1.43,0.219,10.2,9.03,0.139,1.27
55.0,3.0,0.7,2.5,3.0,0.8,,0.4,65,81.5,14.21,0.32,1.43,0.219,9.9,9.0,0.139,1.26
55.0,4.0,1.0,2.5,3.0,0.6,3600,0.4,82,76.8,17.91,0.45,1.48,0.218,14.08,11.35,0.138,1.29
55.0,4.0,1.0,2.5,4.5,0.6,3600,0.4,82,76.8,17.91,0.45,1.48,0.218,14.08,11.35,0.138,1.29
55.0,5.0,1.0,2.5,3.0,0.6,7200,0.8,69,75.4,15.06,0.48,1.46,0.218,11.6,9.54,0.138,1.28
55.0,5.0,1.0,2.5,4.5,0.6,7200,0.8,69,75.4,15.06,0.48,1.46,0.218,11.6,9.54,0.138,1.28
55.0,4.0,1.0,1.5,3.0,0.4,14400,0.8,64,81.2,13.87,0.32,1.38,0.217,13.63,8.75,0.137,1.23
55.0,4.0,1.0,1.5,4.5,0.4,14400,0.8,64,81.2,13.87,0.32,1.38,0.217,13.63,8.75,0.137,1.23
55.0,4.0,1.0,1.5,4.5,0.8,14400,0.8,64,81.2,13.91,0.32,1.38,0.217,14.26,8.79,0.137,1.23
55.0,4.0,1.0,1.5,3.0,0.4,3600,0.4,82,76.8,17.73,0.44,1.47,0.216,13.88,11.17,0.136,1.28
55.0,4.0,1.0,1.5,3.0,0.8,14400,0.8,64,81.2,13.83,0.32,1.38,0.216,14.26,8.7,0.136,1.23
55.0,4.0,1.0,1.5,4.5,0.4,3600,0.4,82,76.8,17.73,0.44,1.47,0.216,13.88,11.17,0.136,1.28
55.0,5.0,0.7,1.5,4.5,0.8,14400,0.8,68,86.8,14.59,0.23,1.51,0.215,11.18,9.15,0.135,1.31
55.0,4.0,0.7,1.5,3.0,0.8,,0.4,59,84.7,12.65,0.25,1.39,0.214,13.84,7.93,0.134,1.24
55.0,4.0,1.0,1.5,3.0,0.6,3600,0.4,82,76.8,17.57,0.44,1.47,0.214,14.05,11.01,0.134,1.28
55.0,4.0,1.0,1.5,3.0,0.6,14400,0.8,64,81.2,13.7,0.32,1.37,0.214,13.77,8.59,0.134,1.23
55.0,4.0,1.0,1.5,4.5,0.6,3600,0.4,82,76.8,17.57,0.44,1.47,0.214,14.05,11.01,0.134,1.28
55.0,4.0,1.0,1.5,4.5,0.6,14400,0.8,64,81.2,13.7,0.32,1.37,0.214,13.77,8.59,0.134,1.23
55.0,4.0,1.0,2.5,3.0,0.8,3600,0.4,82,76.8,17.55,0.44,1.47,0.214,14.32,10.99,0.134,1.28
55.0,4.0,1.0,2.5,4.5,0.8,3600,0.4,82,76.8,17.55,0.44,1.47,0.214,14.32,10.99,0.134,1.28
55.0,3.0,0.7,1.5,3.0,0.4,2400,0.2,79,87.3,16.83,0.23,1.56,0.213,11.67,10.51,0.133,1.34
55.0,3.0,0.7,1.5,4.5,0.4,2400,0.2,79,87.3,16.83,0.23,1.56,0.213,11.67,10.51,0.133,1.34
55.0,4.0,0.7,1.5,3.0,0.6,14400,0.8,72,84.7,15.34,0.27,1.5,0.213,14.8,9.58,0.133,1.3
55.0,4.0,0.7,1.5,4.5,0.6,14400,0.8,72,84.7,15.34,0.27,1.5,0.213,14.8,9.58,0.133,1.3
55.0,5.0,0.7,1.5,3.0,0.8,14400,0.8,68,86.8,14.5,0.23,1.51,0.213,11.18,9.06,0.133,1.31
55.0,3.0,0.7,2.5,3.0,0.4,2400,0.2,79,87.3,16.77,0.23,1.56,0.212,11.67,10.45,0.132,1.34
55.0,3.0,0.7,2.5,4.5,0.4,2400,0.2,79,87.3,16.77,0.23,1.56,0.212,11.67,10.45,0.132,1.34
55.0,3.0,1.5,2.5,3.0,0.8,1200,0.4,104,66.3,22.0,0.98,1.92,0.212,6.09,13.68,0.132,1.51
55.0,3.0,1.5,2.5,4.5,0.8,1200,0.4,104,66.3,22.0,0.98,1.92,0.212,6.09,13.68,0.132,1.51
55.0,4.0,0.7,2.5,3.0,0.4,3600,0.2,73,89.0,15.44,0.18,1.48,0.212,15.09,9.6,0.132,1.29
55.0,4.0,0.7,2.5,4.5,0.4,3600,0.2,73,89.0,15.44,0.18,1.48,0.212,15.09,9.6,0.132,1.29
55.0,4.0,1.0,1.5,3.0,0.8,3600,0.4,82,76.8,17.35,0.44,1.46,0.212,14.15,10.79,0.132,1.28
55.0,4.0,1.0,1.5,4.5,0.8,3600,0.4,82,76.8,17.35,0.44,1.46,0.212,14.15,10.79,0.132,1.28
55.0,3.0,0.7,1.5,3.0,0.6,2400,0.2,79,87.3,16.71,0.23,1.56,0.212,11.67,10.39,0.131,1.34
55.0,3.0,0.7,1.5,4.5,0.6,2400,0.2,79,87.3,16.71,0.23,1.56,0.212,11.67,10.39,0.131,1.34
55.0,3.0,0.7,2.5,3.0,0.6,2400,0.2,79,87.3,16.65,0.23,1.55,0.211,11.67,10.33,0.131,1.33
55.0,3.0,0.7,2.5,4.5,0.6,2400,0.2,79,87.3,16.65,0.23,1.55,0.211,11.67,10.33,0.131,1.33
55.0,4.0,0.7,1.5,3.0,0.4,14400,0.8,72,84.7,15.18,0.27,1.49,0.211,14.93,9.42,0.131,1.3
55.0,4.0,0.7,1.5,4.5,0.4,14400,0.8,72,84.7,15.18,0.27,1.49,0.211,14.93,9.42,0.131,1.3
55.0,5.0,1.0,1.5,3.0,0.4,7200,0.8,69,75.4,14.57,0.47,1.45,0.211,11.7,9.05,0.131,1.27
55.0,5.0,1.0,1.5,4.5,0.4,7200,0.8,69,75.4,14.57,0.47,1.45,0.211,11.7,9.05,0.131,1.27
55.0,3.0,0.7,1.5,3.0,0.8,2400,0.2,79,87.3,16.59,0.23,1.55,0.21,11.67,10.27,0.13,1.33
55.0,3.0,0.7,1.5,4.5,0.8,2400,0.2,79,87.3,16.59,0.23,1.55,0.21,11.67,10.27,0.13,1.33
55.0,3.0,0.7,2.5,3.0,0.4,3600,0.4,105,81.0,22.09,0.4,1.7,0.21,11.03,13.69,0.13,1.41
55.0,3.0,0.7,2.5,4.5,0.4,3600,0.4,105,81.0,22.09,0.4,1.7,0.21,11.03,13.69,0.13,1.41
55.0,4.0,0.7,1.5,3.0,0.4,3600,0.2,73,89.0,15.34,0.18,1.48,0.21,15.09,9.5,0.13,1.29
55.0,4.0,0.7,1.5,4.5,0.4,3600,0.2,73,89.0,15.34,0.18,1.48,0.21,15.09,9.5,0.13,1.29
55.0,3.0,0.7,1.5,3.0,0.4,3600,0.4,105,81.0,21.99,0.4,1.7,0.209,11.03,13.59,0.129,1.41
55.0,3.0,0.7,1.5,4.5,0.4,3600,0.4,105,81.0,21.99,0.4,1.7,0.209,11.03,13.59,0.129,1.41
55.0,3.0,0.7,2.5,3.0,0.8,2400,0.2,79,87.3,16.53,0.22,1.55,0.209,11.67,10.21,0.129,1.33
55.0,3.0,0.7,2.5,4.5,0.8,2400,0.2,79,87.3,16.53,0.22,1.55,0.209,11.67,10.21,0.129,1.33
55.0,3.0,1.5,2.5,3.0,0.8,3600,0.8,115,72.2,24.04,0.74,1.92,0.209,7.83,14.84,0.129,1.51
55.0,3.0,1.5,2.5,4.5,0.8,3600,0.8,115,72.2,24.04,0.74,1.92,0.209,7.83,14.84,0.129,1.51
55.0,4.0,0.7,2.5,3.0,0.6,3600,0.2,73,89.0,15.23,0.18,1.48,0.209,15.09,9.39,0.129,1.29
55.0,4.0,0.7,2.5,4.5,0.6,3600,0.2,73,89.0,15.23,0.18,1.48,0.209,15.09,9.39,0.129,1.29
55.0,5.0,1.0,1.5,3.0,0.6,7200,0.8,69,75.4,14.39,0.47,1.44,0.209,11.52,8.87,0.129,1.26
55.0,5.0,1.0,1.5,4.5,0.6,7200,0.8,69,75.4,14.39,0.47,1.44,0.209,11.52,8.87,0.129,1.26
55.0,3.0,0.7,2.5,3.0,0.6,3600,0.4,105,81.0,21.89,0.4,1.7,0.208,11.03,13.49,0.128,1.4
55.0,3.0,0.7,2.5,4.5,0.6,3600,0.4,105,81.0,21.89,0.4,1.7,0.208,11.03,13.49,0.128,1.4
55.0,3.0,0.7,1.5,3.0,0.6,3600,0.4,105,81.0,21.72,0.4,1.69,0.207,11.03,13.32,0.127,1.4
55.0,3.0,0.7,1.5,4.5,0.6,3600,0.4,105,81.0,21.72,0.4,1.69,0.207,11.03,13.32,0.127,1.4
55.0,4.0,1.5,2.5,3.0,0.8,2400,0.4,81,77.8,16.76,0.41,1.45,0.207,13.24,10.28,0.127,1.27
55.0,4.0,1.5,2.5,4.5,0.8,2400,0.4,81,77.8,16.76,0.41,1.45,0.207,13.24,10.28,0.127,1.27
55.0,4.0,0.7,1.5,3.0,0.6,3600,0.2,73,89.0,15.07,0.18,1.47,0.206,15.09,9.22,0.126,1.28
55.0,4.0,0.7,1.5,4.5,0.6,3600,0.2,73,89.0,15.07,0.18,1.47,0.206,15.09,9.22,0.126,1.28
55.0,4.0,0.7,1.5,4.5,0.8,14400,0.8,72,84.7,14.84,0.27,1.48,0.206,15.02,9.08,0.126,1.29
55.0,3.0,0.7,1.5,4.5,0.8,,0.4,65,81.5,13.35,0.32,1.4,0.205,10.23,8.15,0.125,1.24
55.0,3.0,0.7,2.5,3.0,0.8,3600,0.4,105,81.0,21.53,0.4,1.68,0.205,11.03,13.13,0.125,1.39
55.0,3.0,0.7,2.5,4.5,0.8,3600,0.4,105,81.0,21.53,0.4,1.68,0.205,11.03,13.13,0.125,1.39
55.0,4.0,0.7,1.5,3.0,0.8,14400,0.8,72,84.7,14.75,0.27,1.48,0.205,15.02,8.99,0.125,1.28
55.0,3.0,0.7,1.5,3.0,0.8,3600,0.4,105,81.0,21.43,0.4,1.68,0.204,11.03,13.03,0.124,1.39
55.0,3.0,0.7,1.5,4.5,0.8,3600,0.4,105,81.0,21.43,0.4,1.68,0.204,11.03,13.03,0.124,1.39
55.0,3.0,1.5,2.5,3.0,0.6,3600,0.8,116,71.6,23.65,0.72,1.81,0.204,7.43,14.37,0.124,1.44
55.0,3.0,1.5,2.5,4.5,0.6,3600,0.8,116,71.6,23.65,0.72,1.81,0.204,7.43,14.37,0.124,1.44
55.0,4.0,0.7,2.5,3.0,0.8,3600,0.2,73,89.0,14.87,0.18,1.46,0.204,15.09,9.03,0.124,1.28
55.0,4.0,0.7,2.5,4.5,0.8,3600,0.2,73,89.0,14.87,0.18,1.46,0.204,15.09,9.03,0.124,1.28
55.0,4.0,1.5,2.5,3.0,0.8,1200,0.2,66,75.8,13.44,0.44,1.37,0.204,13.24,8.15,0.124,1.22
55.0,4.0,1.5,2.5,4.5,0.8,1200,0.2,66,75.8,13.44,0.44,1.37,0.204,13.24,8.15,0.124,1.22
55.0,2.0,1.5,2.5,3.0,0.8,7200,0.4,84,70.2,16.95,0.58,1.37,0.202,8.1,10.23,0.122,1.21
55.0,2.0,1.5,2.5,4.5,0.8,7200,0.4,84,70.2,16.95,0.58,1.37,0.202,8.1,10.23,0.122,1.21
55.0,3.0,0.7,1.5,3.0,0.8,,0.4,65,81.5,13.14,0.32,1.4,0.202,10.09,7.94,0.122,1.23
55.0,3.0,1.5,2.5,3.0,0.4,3600,0.8,116,71.6,23.45,0.72,1.8,0.202,7.03,14.17,0.122,1.44
55.0,3.0,1.5,2.5,4.5,0.4,3600,0.8,116,71.6,23.45,0.72,1.8,0.202,7.03,14.17,0.122,1.44
55.0,4.0,0.7,1.5,3.0,0.8,3600,0.2,73,89.0,14.78,0.18,1.46,0.202,15.09,8.94,0.122,1.27
55.0,4.0,0.7,1.5,4.5,0.8,3600,0.2,73,89.0,14.78,0.18,1.46,0.202,15.09,8.94,0.122,1.27
55.0,4.0,1.5,2.5,3.0,0.6,1200,0.2,66,75.8,13.31,0.44,1.36,0.202,13.12,8.03,0.122,1.21
55.0,4.0,1.5,2.5,4.5,0.6,1200,0.2,66,75.8,13.31,0.44,1.36,0.202,13.12,8.03,0.122,1.21
55.0,2.0,1.5,2.5,3.0,0.6,3600,0.4,100,67.0,19.87,0.72,1.45,0.199,6.87,11.87,0.119,1.25
55.0,2.0,1.5,2.5,4.5,0.6,3600,0.4,100,67.0,19.87,0.72,1.45,0.199,6.87,11.87,0.119,1.25
55.0,5.0,0.7,2.5,3.0,0.4,3600,0.4,93,83.9,18.54,0.31,1.6,0.199,10.97,11.1,0.119,1.34
55.0,5.0,0.7,2.5,4.5,0.4,3600,0.4,93,83.9,18.54,0.31,1.6,0.199,10.97,11.1,0.119,1.34
55.0,5.0,0.7,1.5,3.0,0.4,3600,0.4,93,83.9,18.43,0.31,1.59,0.198,10.97,10.99,0.118,1.34
55.0,5.0,0.7,1.5,4.5,0.4,3600,0.4,93,83.9,18.43,0.31,1.59,0.198,10.97,10.99,0.118,1.34
55.0,4.0,1.5,2.5,3.0,0.4,2400,0.4,82,76.8,16.16,0.43,1.43,0.197,13.0,9.59,0.117,1.25
55.0,4.0,1.5,2.5,4.5,0.4,2400,0.4,82,76.8,16.16,0.43,1.43,0.197,13.0,9.59,0.117,1.25
55.0,5.0,0.7,1.5,3.0,0.4,2400,0.2,71,91.5,13.99,0.14,1.47,0.197,11.38,8.31,0.117,1.27
55.0,5.0,0.7,1.5,4.5,0.4,2400,0.2,71,91.5,13.99,0.14,1.47,0.197,11.38,8.31,0.117,1.27
55.0,3.0,1.5,2.5,3.0,0.4,1200,0.2,72,73.6,14.12,0.5,1.39,0.196,9.0,8.36,0.116,1.22
55.0,3.0,1.5,2.5,4.5,0.4,1200,0.2,72,73.6,14.12,0.5,1.39,0.196,9.0,8.36,0.116,1.22
55.0,5.0,0.7,2.5,3.0,0.4,2400,0.2,71,91.5,13.93,0.14,1.46,0.196,11.38,8.25,0.116,1.27
55.0,5.0,0.7,2.5,3.0,0.6,3600,0.4,93,83.9,18.2,0.3,1.59,0.196,10.97,10.76,0.116,1.33
55.0,5.0,0.7,2.5,4.5,0.4,2400,0.2,71,91.5,13.93,0.14,1.46,0.196,11.38,8.25,0.116,1.27
55.0,5.0,0.7,2.5,4.5,0.6,3600,0.4,93,83.9,18.2,0.3,1.59,0.196,10.97,10.76,0.116,1.33
55.0,5.0,1.0,2.5,3.0,0.8,7200,0.8,69,75.4,13.45,0.46,1.41,0.195,11.96,7.93,0.115,1.23
55.0,5.0,1.0,2.5,4.5,0.8,7200,0.8,69,75.4,13.45,0.46,1.41,0.195,11.96,7.93,0.115,1.23
55.0,4.0,1.5,2.5,3.0,0.4,1200,0.2,66,75.8,12.78,0.43,1.35,0.194,13.0,7.5,0.114,1.2
55.0,4.0,1.5,2.5,4.5,0.4,1200,0.2,66,75.8,12.78,0.43,1.35,0.194,13.0,7.5,0.114,1.2
55.0,5.0,0.7,1.5,3.0,0.6,2400,0.2,71,91.5,13.75,0.13,1.46,0.194,11.38,8.07,0.114,1.26
55.0,5.0,0.7,1.5,3.0,0.6,3600,0.4,93,83.9,18.04,0.3,1.58,0.194,10.97,10.6,0.114,1.33
55.0,5.0,0.7,1.5,4.5,0.6,2400,0.2,71,91.5,13.75,0.13,1.46,0.194,11.38,8.07,0.114,1.26
55.0,5.0,0.7,1.5,4.5,0.6,3600,0.4,93,83.9,18.04,0.3,1.58,0.194,10.97,10.6,0.114,1.33
55.0,2.0,1.5,2.5,3.0,0.6,7200,0.4,84,70.2,16.24,0.57,1.35,0.193,7.69,9.52,0.113,1.2
55.0,2.0,1.5,2.5,4.5,0.6,7200,0.4,84,70.2,16.24,0.57,1.35,0.193,7.69,9.52,0.113,1.2
55.0,5.0,0.7,2.5,3.0,0.6,2400,0.2,71,91.5,13.69,0.13,1.46,0.193,11.38,8.01,0.113,1.26
55.0,5.0,0.7,2.5,4.5,0.6,2400,0.2,71,91.5,13.69,0.13,1.46,0.193,11.38,8.01,0.113,1.26
55.0,3.0,1.0,2.5,3.0,0.4,1200,0.2,72,73.6,13.86,0.49,1.38,0.192,9.67,8.1,0.112,1.21
55.0,3.0,1.0,2.5,3.0,0.8,3600,0.8,115,72.2,22.08,0.71,1.84,0.192,7.21,12.87,0.112,1.44
55.0,3.0,1.0,2.5,4.5,0.4,1200,0.2,72,73.6,13.86,0.49,1.38,0.192,9.67,8.1,0.112,1.21
55.0,3.0,1.0,2.5,4.5,0.8,3600,0.8,115,72.2,22.08,0.71,1.84,0.192,7.21,12.87,0.112,1.44
55.0,5.0,1.0,1.5,3.0,0.8,7200,0.8,69,75.4,13.23,0.46,1.41,0.192,11.68,7.71,0.112,1.23
55.0,5.0,1.0,1.5,4.5,0.8,7200,0.8,69,75.4,13.23,0.46,1.41,0.192,11.68,7.71,0.112,1.23
55.0,2.0,1.5,2.5,3.0,0.4,14400,0.4,81,71.6,15.44,0.53,1.34,0.191,8.22,8.96,0.111,1.19
55.0,2.0,1.5,2.5,4.5,0.4,14400,0.4,81,71.6,15.44,0.53,1.34,0.191,8.22,8.96,0.111,1.19
55.0,5.0,0.7,2.5,3.0,0.8,3600,0.4,93,83.9,17.72,0.3,1.57,0.191,10.97,10.28,0.111,1.32
55.0,5.0,0.7,2.5,4.5,0.8,3600,0.4,93,83.9,17.72,0.3,1.57,0.191,10.97,10.28,0.111,1.32
55.0,2.0,1.5,2.5,3.0,0.4,14400,0.2,80,71.2,15.18,0.54,1.33,0.19,8.22,8.78,0.11,1.18
55.0,2.0,1.5,2.5,3.0,0.4,,0.4,80,71.2,15.21,0.54,1.33,0.19,8.22,8.81,0.11,1.18
55.0,2.0,1.5,2.5,3.0,0.6,14400,0.4,81,71.6,15.37,0.53,1.33,0.19,8.27,8.89,0.11,1.19
55.0,2.0,1.5,2.5,3.0,0.8,7200,0.2,80,71.2,15.24,0.54,1.33,0.19,8.1,8.84,0.11,1.18
55.0,2.0,1.5,2.5,4.5,0.4,14400,0.2,80,71.2,15.18,0.54,1.33,0.19,8.22,8.78,0.11,1.18
55.0,2.0,1.5,2.5,4.5,0.4,,0.4,80,71.2,15.21,0.54,1.33,0.19,8.22,8.81,0.11,1.18
55.0,2.0,1.5,2.5,4.5,0.6,14400,0.4,81,71.6,15.37,0.53,1.33,0.19,8.27,8.89,0.11,1.19
55.0,2.0,1.5,2.5,4.5,0.8,7200,0.2,80,71.2,15.24,0.54,1.33,0.19,8.1,8.84,0.11,1.18
55.0,3.0,1.0,1.5,3.0,0.4,1200,0.2,72,73.6,13.67,0.49,1.37,0.19,9.69,7.91,0.11,1.21
55.0,3.0,1.0,1.5,3.0,0.8,3600,0.8,115,72.2,21.89,0.71,1.83,0.19,7.21,12.69,0.11,1.43
55.0,3.0,1.0,1.5,4.5,0.4,1200,0.2,72,73.6,13.67,0.49,1.37,0.19,9.69,7.91,0.11,1.21
55.0,3.0,1.0,1.5,4.5,0.8,3600,0.8,115,72.2,21.89,0.71,1.83,0.19,7.21,12.69,0.11,1.43
55.0,5.0,0.7,1.5,3.0,0.8,2400,0.2,71,91.5,13.51,0.13,1.45,0.19,11.38,7.83,0.11,1.26
55.0,5.0,0.7,1.5,3.0,0.8,3600,0.4,93,83.9,17.63,0.3,1.57,0.19,10.97,10.19,0.11,1.31
55.0,5.0,0.7,1.5,4.5,0.8,2400,0.2,71,91.5,13.51,0.13,1.45,0.19,11.38,7.83,0.11,1.26
55.0,5.0,0.7,1.5,4.5,0.8,3600,0.4,93,83.9,17.63,0.3,1.57,0.19,10.97,10.19,0.11,1.31
55.0,2.0,1.0,2.5,3.0,0.4,14400,0.2,81,71.6,15.3,0.53,1.33,0.189,7.53,8.82,0.109,1.18
55.0,2.0,1.0,2.5,4.5,0.4,14400,0.2,81,71.6,15.3,0.53,1.33,0.189,7.53,8.82,0.109,1.18
55.0,5.0,0.7,2.5,3.0,0.8,2400,0.2,71,91.5,13.45,0.13,1.45,0.189,11.38,7.77,0.109,1.25
55.0,5.0,0.7,2.5,4.5,0.8,2400,0.2,71,91.5,13.45,0.13,1.45,0.189,11.38,7.77,0.109,1.25
55.0,3.0,1.0,1.5,3.0,0.6,1200,0.2,72,73.6,13.5,0.49,1.37,0.188,9.74,7.74,0.108,1.2
55.0,3.0,1.0,1.5,4.5,0.6,1200,0.2,72,73.6,13.5,0.49,1.37,0.188,9.74,7.74,0.108,1.2
55.0,3.0,1.0,2.5,3.0,0.6,1200,0.2,72,73.6,13.55,0.49,1.37,0.188,9.79,7.79,0.108,1.2
55.0,3.0,1.0,2.5,4.5,0.6,1200,0.2,72,73.6,13.55,0.49,1.37,0.188,9.79,7.79,0.108,1.2
55.0,2.0,1.5,2.5,3.0,0.4,7200,0.2,80,71.2,15.0,0.54,1.33,0.188,8.22,8.6,0.107,1.18
55.0,2.0,1.5,2.5,3.0,0.4,7200,0.4,84,70.2,15.71,0.57,1.34,0.187,7.87,8.99,0.107,1.19
55.0,2.0,1.5,2.5,3.0,0.8,3600,0.2,82,70.7,15.29,0.55,1.33,0.186,8.19,8.73,0.107,1.18
55.0,2.0,1.5,2.5,4.5,0.4,7200,0.2,80,71.2,15.0,0.54,1.33,0.188,8.22,8.6,0.107,1.18
55.0,2.0,1.5,2.5,4.5,0.4,7200,0.4,84,70.2,15.71,0.57,1.34,0.187,7.87,8.99,0.107,1.19
55.0,2.0,1.5,2.5,4.5,0.8,3600,0.2,82,70.7,15.29,0.55,1.33,0.186,8.19,8.73,0.107,1.18
55.0,2.0,1.5,2.5,4.5,0.8,14400,0.4,81,71.6,15.14,0.53,1.33,0.187,8.36,8.66,0.107,1.18
55.0,3.0,0.7,1.5,3.0,0.4,2400,0.4,106,79.2,19.85,0.44,1.69,0.187,8.84,11.37,0.107,1.37
55.0,3.0,0.7,1.5,4.5,0.4,2400,0.4,106,79.2,19.85,0.44,1.69,0.187,8.84,11.37,0.107,1.37
55.0,3.0,0.7,2.5,3.0,0.4,2400,0.4,106,79.2,19.79,0.44,1.69,0.187,8.84,11.31,0.107,1.37
55.0,3.0,0.7,2.5,4.5,0.4,2400,0.4,106,79.2,19.79,0.44,1.69,0.187,8.84,11.31,0.107,1.37
55.0,3.0,1.5,2.5,3.0,0.6,1200,0.2,72,73.6,13.48,0.49,1.37,0.187,9.26,7.72,0.107,1.2
55.0,3.0,1.5,2.5,4.5,0.6,1200,0.2,72,73.6,13.48,0.49,1.37,0.187,9.26,7.72,0.107,1.2
55.0,2.0,1.0,2.5,3.0,0.4,7200,0.2,81,71.6,15.05,0.53,1.33,0.186,7.53,8.57,0.106,1.18
55.0,2.0,1.0,2.5,4.5,0.4,7200,0.2,81,71.6,15.05,0.53,1.33,0.186,7.53,8.57,0.106,1.18
55.0,2.0,1.5,2.5,3.0,0.6,7200,0.2,80,71.2,14.85,0.53,1.32,0.186,8.24,8.45,0.106,1.18
55.0,2.0,1.5,2.5,3.0,0.8,14400,0.4,81,71.6,15.06,0.53,1.33,0.186,8.36,8.58,0.106,1.18
55.0,2.0,1.5,2.5,4.5,0.6,7200,0.2,80,71.2,14.85,0.53,1.32,0.186,8.24,8.45,0.106,1.18
55.0,3.0,0.7,1.5,3.0,0.6,2400,0.4,106,79.2,19.73,0.44,1.69,0.186,8.84,11.25,0.106,1.37
55.0,3.0,0.7,1.5,4.5,0.6,2400,0.4,106,79.2,19.73,0.44,1.69,0.186,8.84,11.25,0.106,1.37
55.0,3.0,0.7,2.5,3.0,0.6,2400,0.4,106,79.2,19.67,0.44,1.69,0.186,8.84,11.19,0.106,1.37
55.0,3.0,0.7,2.5,4.5,0.6,2400,0.4,106,79.2,19.67,0.44,1.69,0.186,8.84,11.19,0.106,1.37
55.0,3.0,1.0,1.5,3.0,0.8,1200,0.2,72,73.6,13.4,0.49,1.37,0.186,9.79,7.64,0.106,1.2
55.0,3.0,1.0,1.5,4.5,0.8,1200,0.2,72,73.6,13.4,0.49,1.37,0.186,9.79,7.64,0.106,1.2
55.0,3.0,0.7,1.5,3.0,0.8,2400,0.4,106,79.2,19.61,0.44,1.68,0.185,8.84,11.13,0.105,1.36
55.0,3.0,0.7,1.5,4.5,0.8,2400,0.4,106,79.2,19.61,0.44,1.68,0.185,8.84,11.13,0.105,1.36
55.0,3.0,1.0,2.5,3.0,0.8,1200,0.2,72,73.6,13.31,0.49,1.36,0.185,9.91,7.55,0.105,1.2
55.0,3.0,1.0,2.5,4.5,0.8,1200,0.2,72,73.6,13.31,0.49,1.36,0.185,9.91,7.55,0.105,1.2
55.0,4.0,1.0,2.5,3.0,0.4,2400,0.4,82,76.8,15.14,0.42,1.41,0.185,13.67,8.58,0.105,1.22
55.0,4.0,1.0,2.5,4.5,0.4,2400,0.4,82,76.8,15.14,0.42,1.41,0.185,13.67,8.58,0.105,1.22
55.0,3.0,0.7,2.5,3.0,0.8,2400,0.4,106,79.2,19.55,0.44,1.68,0.184,8.84,11.07,0.104,1.36
55.0,3.0,0.7,2.5,4.5,0.8,2400,0.4,106,79.2,19.55,0.44,1.68,0.184,8.84,11.07,0.104,1.36
55.0,2.0,1.5,2.5,3.0,0.6,14400,0.2,80,71.2,14.64,0.53,1.32,0.183,8.27,8.24,0.103,1.17
55.0,2.0,1.5,2.5,4.5,0.6,14400,0.2,80,71.2,14.64,0.53,1.32,0.183,8.27,8.24,0.103,1.17
55.0,3.0,1.0,2.5,3.0,0.4,3600,0.8,116,71.6,21.22,0.69,1.73,0.183,7.21,11.94,0.103,1.37
55.0,3.0,1.0,2.5,4.5,0.4,3600,0.8,116,71.6,21.22,0.69,1.73,0.183,7.21,11.94,0.103,1.37
55.0,4.0,1.0,1.5,3.0,0.4,2400,0.4,82,76.8,14.96,0.42,1.4,0.182,13.83,8.4,0.102,1.22
55.0,4.0,1.0,1.5,4.5,0.4,2400,0.4,82,76.8,14.96,0.42,1.4,0.182,13.83,8.4,0.102,1.22
55.0,4.0,1.0,2.5,3.0,0.6,2400,0.4,82,76.8,14.89,0.42,1.4,0.182,13.91,8.33,0.102,1.21
55.0,4.0,1.0,2.5,4.5,0.6,2400,0.4,82,76.8,14.89,0.42,1.4,0.182,13.91,8.33,0.102,1.21
55.0,2.0,1.5,2.5,3.0,0.6,3600,0.2,82,70.7,14.82,0.55,1.32,0.181,8.17,8.26,0.101,1.17
55.0,2.0,1.5,2.5,4.5,0.6,3600,0.2,82,70.7,14.82,0.55,1.32,0.181,8.17,8.26,0.101,1.17
55.0,4.0,1.0,1.5,3.0,0.6,2400,0.4,82,76.8,14.84,0.42,1.4,0.181,13.95,8.28,0.101,1.21
55.0,4.0,1.0,1.5,4.5,0.6,2400,0.4,82,76.8,14.84,0.42,1.4,0.181,13.95,8.28,0.101,1.21
55.0,2.0,1.5,2.5,3.0,0.8,3600,0.4,100,67.0,18.04,0.7,1.41,0.18,8.19,10.04,0.1,1.22
55.0,2.0,1.5,2.5,4.5,0.8,3600,0.4,100,67.0,18.04,0.7,1.41,0.18,8.19,10.04,0.1,1.22
55.0,3.0,1.0,1.5,3.0,0.4,3600,0.8,116,71.6,20.86,0.68,1.71,0.18,7.21,11.58,0.1,1.36
55.0,3.0,1.0,1.5,4.5,0.4,3600,0.8,116,71.6,20.86,0.68,1.71,0.18,7.21,11.58,0.1,1.36
55.0,4.0,1.0,1.5,3.0,0.8,2400,0.4,82,76.8,14.74,0.42,1.39,0.18,14.05,8.18,0.1,1.21
55.0,4.0,1.0,1.5,4.5,0.8,2400,0.4,82,76.8,14.74,0.42,1.39,0.18,14.05,8.18,0.1,1.21
55.0,5.0,1.5,2.5,3.0,0.8,7200,0.8,69,75.4,12.4,0.45,1.38,0.18,11.36,6.88,0.1,1.2
55.0,5.0,1.5,2.5,4.5,0.8,7200,0.8,69,75.4,12.4,0.45,1.38,0.18,11.36,6.88,0.1,1.2
55.0,2.0,1.0,2.5,3.0,0.4,,0.4,80,71.2,14.3,0.53,1.31,0.179,7.73,7.9,0.099,1.17
55.0,2.0,1.0,2.5,4.5,0.4,,0.4,80,71.2,14.3,0.53,1.31,0.179,7.73,7.9,0.099,1.17
55.0,4.0,1.0,2.5,3.0,0.4,1200,0.2,66,75.8,11.78,0.42,1.32,0.178,14.3,6.5,0.099,1.17
55.0,4.0,1.0,2.5,3.0,0.8,2400,0.4,82,76.8,14.65,0.42,1.39,0.179,14.15,8.09,0.099,1.21
55.0,4.0,1.0,2.5,4.5,0.4,1200,0.2,66,75.8,11.78,0.42,1.32,0.178,14.3,6.5,0.099,1.17
55.0,4.0,1.0,2.5,4.5,0.8,2400,0.4,82,76.8,14.65,0.42,1.39,0.179,14.15,8.09,0.099,1.21
55.0,2.0,1.5,2.5,4.5,0.8,14400,0.2,80,71.2,14.21,0.53,1.31,0.178,8.36,7.81,0.098,1.16
55.0,3.0,1.0,2.5,3.0,0.6,3600,0.8,116,71.6,20.69,0.68,1.71,0.178,7.21,11.41,0.098,1.35
55.0,3.0,1.0,2.5,4.5,0.6,3600,0.8,116,71.6,20.69,0.68,1.71,0.178,7.21,11.41,0.098,1.35
55.0,2.0,1.0,2.5,3.0,0.4,14400,0.4,82,72.0,14.47,0.51,1.31,0.176,7.53,7.91,0.097,1.17
55.0,2.0,1.0,2.5,3.0,0.6,7200,0.2,81,71.6,14.36,0.52,1.31,0.177,7.33,7.88,0.097,1.16
55.0,2.0,1.0,2.5,4.5,0.4,14400,0.4,82,72.0,14.47,0.51,1.31,0.176,7.53,7.91,0.097,1.17
55.0,2.0,1.0,2.5,4.5,0.6,7200,0.2,81,71.6,14.36,0.52,1.31,0.177,7.33,7.88,0.097,1.16
55.0,2.0,1.5,2.5,3.0,0.8,14400,0.2,80,71.2,14.12,0.53,1.31,0.176,8.36,7.72,0.097,1.16
55.0,2.0,1.5,2.5,3.0,0.4,3600,0.2,82,70.7,14.46,0.54,1.31,0.176,8.23,7.9,0.096,1.16
55.0,2.0,1.5,2.5,4.5,0.4,3600,0.2,82,70.7,14.46,0.54,1.31,0.176,8.23,7.9,0.096,1.16
55.0,3.0,1.0,1.5,3.0,0.6,3600,0.8,116,71.6,20.4,0.68,1.7,0.176,7.21,11.12,0.096,1.34
55.0,3.0,1.0,1.5,4.5,0.6,3600,0.8,116,71.6,20.4,0.68,1.7,0.176,7.21,11.12,0.096,1.34
55.0,4.0,1.0,1.5,3.0,0.4,1200,0.2,66,75.8,11.6,0.42,1.32,0.176,14.48,6.32,0.096,1.17
55.0,4.0,1.0,1.5,4.5,0.4,1200,0.2,66,75.8,11.6,0.42,1.32,0.176,14.48,6.32,0.096,1.17
55.0,4.0,0.7,2.5,3.0,0.4,3600,0.4,97,81.4,17.01,0.34,1.51,0.175,14.92,9.25,0.095,1.26
55.0,4.0,0.7,2.5,4.5,0.4,3600,0.4,97,81.4,17.01,0.34,1.51,0.175,14.92,9.25,0.095,1.26
55.0,4.0,1.0,2.5,3.0,0.6,1200,0.2,66,75.8,11.53,0.42,1.32,0.175,14.55,6.25,0.095,1.16
55.0,4.0,1.0,2.5,4.5,0.6,1200,0.2,66,75.8,11.53,0.42,1.32,0.175,14.55,6.25,0.095,1.16
55.0,2.0,1.5,2.5,3.0,0.6,,0.4,80,71.2,13.9,0.53,1.3,0.174,8.27,7.5,0.094,1.16
55.0,2.0,1.5,2.5,4.5,0.6,,0.4,80,71.2,13.9,0.53,1.3,0.174,8.27,7.5,0.094,1.16
55.0,4.0,0.7,1.5,3.0,0.4,3600,0.4,97,81.4,16.9,0.34,1.51,0.174,14.92,9.14,0.094,1.26
55.0,4.0,0.7,1.5,4.5,0.4,3600,0.4,97,81.4,16.9,0.34,1.51,0.174,14.92,9.14,0.094,1.26
55.0,4.0,1.0,1.5,3.0,0.6,1200,0.2,66,75.8,11.48,0.42,1.31,0.174,14.59,6.2,0.094,1.16
55.0,4.0,1.0,1.5,4.5,0.6,1200,0.2,66,75.8,11.48,0.42,1.31,0.174,14.59,6.2,0.094,1.16
55.0,4.0,0.7,2.5,3.0,0.6,3600,0.4,97,81.4,16.8,0.34,1.5,0.173,14.92,9.04,0.093,1.26
55.0,4.0,0.7,2.5,4.5,0.6,3600,0.4,97,81.4,16.8,0.34,1.5,0.173,14.92,9.04,0.093,1.26
55.0,2.0,1.0,1.5,3.0,0.4,7200,0.2,81,71.6,13.96,0.52,1.3,0.172,7.53,7.48,0.092,1.16
55.0,2.0,1.0,1.5,3.0,0.4,14400,0.2,81,71.6,13.96,0.52,1.3,0.172,7.53,7.48,0.092,1.16
55.0,2.0,1.0,1.5,4.5,0.4,7200,0.2,81,71.6,13.96,0.52,1.3,0.172,7.53,7.48,0.092,1.16
55.0,2.0,1.0,1.5,4.5,0.4,14400,0.2,81,71.6,13.96,0.52,1.3,0.172,7.53,7.48,0.092,1.16
55.0,2.0,1.0,2.5,3.0,0.6,14400,0.2,81,71.6,13.92,0.52,1.3,0.172,7.36,7.44,0.092,1.16
55.0,2.0,1.0,2.5,4.5,0.6,14400,0.2,81,71.6,13.92,0.52,1.3,0.172,7.36,7.44,0.092,1.16
55.0,2.0,1.5,2.5,3.0,0.6,2400,0.4,102,70.6,17.58,0.59,1.42,0.172,5.64,9.41,0.092,1.21
55.0,2.0,1.5,2.5,4.5,0.6,2400,0.4,102,70.6,17.58,0.59,1.42,0.172,5.64,9.41,0.092,1.21
55.0,4.0,1.0,1.5,3.0,0.8,1200,0.2,66,75.8,11.38,0.42,1.31,0.172,14.69,6.1,0.092,1.16
55.0,4.0,1.0,1.5,4.5,0.8,1200,0.2,66,75.8,11.38,0.42,1.31,0.172,14.69,6.1,0.092,1.16
55.0,3.0,0.7,1.5,3.0,0.4,1200,0.4,120,70.0,20.51,0.84,1.97,0.171,6.75,10.91,0.091,1.45
55.0,3.0,0.7,1.5,4.5,0.4,1200,0.4,120,70.0,20.51,0.84,1.97,0.171,6.75,10.91,0.091,1.45
55.0,3.0,0.7,2.5,3.0,0.4,1200,0.4,120,70.0,20.51,0.84,1.97,0.171,6.75,10.91,0.091,1.45
55.0,3.0,0.7,2.5,4.5,0.4,1200,0.4,120,70.0,20.51,0.84,1.97,0.171,6.75,10.91,0.091,1.45
55.0,4.0,0.7,1.5,3.0,0.6,3600,0.4,97,81.4,16.63,0.34,1.5,0.171,14.92,8.87,0.091,1.25
55.0,4.0,0.7,1.5,4.5,0.6,3600,0.4,97,81.4,16.63,0.34,1.5,0.171,14.92,8.87,0.091,1.25
55.0,4.0,1.0,2.5,3.0,0.8,1200,0.2,66,75.8,11.29,0.42,1.31,0.171,14.79,6.01,0.091,1.16
55.0,4.0,1.0,2.5,4.5,0.8,1200,0.2,66,75.8,11.29,0.42,1.31,0.171,14.79,6.01,0.091,1.16
55.0,4.0,1.5,2.5,3.0,0.4,1200,0.4,101,67.3,17.24,0.76,1.56,0.171,9.02,9.16,0.091,1.27
55.0,4.0,1.5,2.5,4.5,0.4,1200,0.4,101,67.3,17.24,0.76,1.56,0.171,9.02,9.16,0.091,1.27
55.0,2.0,1.0,2.5,3.0,0.4,7200,0.4,85,70.6,14.47,0.55,1.31,0.17,7.56,7.67,0.09,1.16
55.0,2.0,1.0,2.5,4.5,0.4,7200,0.4,85,70.6,14.47,0.55,1.31,0.17,7.56,7.67,0.09,1.16
55.0,2.0,1.5,2.5,3.0,0.8,,0.4,80,71.2,13.58,0.52,1.3,0.17,7.9,7.18,0.09,1.15
55.0,3.0,0.7,1.5,3.0,0.6,1200,0.4,120,70.0,20.39,0.84,1.96,0.17,6.75,10.79,0.09,1.44
55.0,3.0,0.7,1.5,4.5,0.6,1200,0.4,120,70.0,20.39,0.84,1.96,0.17,6.75,10.79,0.09,1.44
55.0,3.0,0.7,2.5,3.0,0.6,1200,0.4,120,70.0,20.39,0.84,1.96,0.17,6.75,10.79,0.09,1.44
55.0,3.0,0.7,2.5,4.5,0.6,1200,0.4,120,70.0,20.39,0.84,1.96,0.17,6.75,10.79,0.09,1.44
55.0,2.0,1.0,2.5,3.0,0.4,3600,0.2,83,71.1,13.99,0.53,1.3,0.169,7.29,7.35,0.089,1.15
55.0,2.0,1.0,2.5,4.5,0.4,3600,0.2,83,71.1,13.99,0.53,1.3,0.169,7.29,7.35,0.089,1.15
55.0,2.0,1.5,2.5,3.0,0.4,3600,0.4,101,67.3,17.08,0.67,1.39,0.169,6.3,9.0,0.089,1.19
55.0,2.0,1.5,2.5,4.5,0.4,3600,0.4,101,67.3,17.08,0.67,1.39,0.169,6.3,9.0,0.089,1.19
55.0,3.0,0.7,1.5,3.0,0.8,1200,0.4,120,70.0,20.27,0.84,1.96,0.169,6.75,10.67,0.089,1.44
55.0,3.0,0.7,1.5,4.5,0.8,1200,0.4,120,70.0,20.27,0.84,1.96,0.169,6.75,10.67,0.089,1.44
55.0,3.0,0.7,2.5,3.0,0.8,1200,0.4,120,70.0,20.27,0.84,1.96,0.169,6.75,10.67,0.089,1.44
55.0,3.0,0.7,2.5,4.5,0.8,1200,0.4,120,70.0,20.27,0.84,1.96,0.169,6.75,10.67,0.089,1.44
55.0,4.0,0.7,2.5,3.0,0.8,3600,0.4,97,81.4,16.44,0.34,1.49,0.169,14.92,8.68,0.089,1.25
55.0,4.0,0.7,2.5,4.5,0.8,3600,0.4,97,81.4,16.44,0.34,1.49,0.169,14.92,8.68,0.089,1.25
55.0,2.0,1.5,2.5,4.5,0.8,,0.4,80,71.2,13.42,0.52,1.29,0.168,7.9,7.01,0.088,1.15
55.0,4.0,0.7,1.5,3.0,0.8,3600,0.4,97,81.4,16.34,0.34,1.49,0.168,14.92,8.58,0.088,1.24
55.0,4.0,0.7,1.5,4.5,0.8,3600,0.4,97,81.4,16.34,0.34,1.49,0.168,14.92,8.58,0.088,1.24
55.0,5.0,1.5,2.5,3.0,0.8,3600,0.8,101,74.3,16.96,0.55,1.59,0.168,10.45,8.88,0.088,1.28
55.0,5.0,1.5,2.5,4.5,0.8,3600,0.8,101,74.3,16.96,0.55,1.59,0.168,10.45,8.88,0.088,1.28
55.0,2.0,1.0,1.5,3.0,0.6,7200,0.2,81,71.6,13.5,0.51,1.29,0.167,7.42,7.02,0.087,1.15
55.0,2.0,1.0,1.5,4.5,0.6,7200,0.2,81,71.6,13.5,0.51,1.29,0.167,7.42,7.02,0.087,1.15
55.0,4.0,1.0,2.5,3.0,0.4,1200,0.4,101,67.3,16.89,0.75,1.55,0.167,9.69,8.81,0.087,1.26
55.0,4.0,1.0,2.5,4.5,0.4,1200,0.4,101,67.3,16.89,0.75,1.55,0.167,9.69,8.81,0.087,1.26
55.0,4.0,0.7,1.5,3.0,0.4,2400,0.2,74,89.2,12.26,0.17,1.38,0.166,15.5,6.34,0.086,1.19
55.0,4.0,0.7,1.5,4.5,0.4,2400,0.2,74,89.2,12.26,0.17,1.38,0.166,15.5,6.34,0.086,1.19
55.0,2.0,1.0,1.5,3.0,0.4,3600,0.2,83,71.1,13.7,0.53,1.3,0.165,7.29,7.06,0.085,1.15
55.0,2.0,1.0,1.5,4.5,0.4,3600,0.2,83,71.1,13.7,0.53,1.3,0.165,7.29,7.06,0.085,1.15
55.0,2.0,1.5,2.5,3.0,0.8,2400,0.2,84,72.6,13.85,0.49,1.3,0.165,8.19,7.13,0.085,1.15
55.0,2.0,1.5,2.5,4.5,0.8,2400,0.2,84,72.6,13.85,0.49,1.3,0.165,8.19,7.13,0.085,1.15
55.0,4.0,0.7,2.5,3.0,0.4,2400,0.2,74,89.2,12.2,0.17,1.38,0.165,15.5,6.28,0.085,1.19
55.0,4.0,0.7,2.5,4.5,0.4,2400,0.2,74,89.2,12.2,0.17,1.38,0.165,15.5,6.28,0.085,1.19
55.0,5.0,1.5,2.5,3.0,0.4,1200,0.4,95,70.5,15.69,0.62,1.49,0.165,12.02,8.09,0.085,1.23
55.0,5.0,1.5,2.5,4.5,0.4,1200,0.4,95,70.5,15.69,0.62,1.49,0.165,12.02,8.09,0.085,1.23
55.0,2.0,1.0,2.5,3.0,0.8,7200,0.2,81,71.6,13.3,0.51,1.29,0.164,7.31,6.82,0.084,1.14
55.0,2.0,1.0,2.5,4.5,0.8,7200,0.2,81,71.6,13.3,0.51,1.29,0.164,7.31,6.82,0.084,1.14
55.0,4.0,0.7,1.5,3.0,0.6,2400,0.2,74,89.2,12.15,0.17,1.38,0.164,15.5,6.22,0.084,1.19
55.0,4.0,0.7,1.5,4.5,0.6,2400,0.2,74,89.2,12.15,0.17,1.38,0.164,15.5,6.22,0.084,1.19
55.0,4.0,1.0,1.5,3.0,0.4,1200,0.4,101,67.3,16.58,0.75,1.54,0.164,9.71,8.5,0.084,1.25
55.0,4.0,1.0,1.5,4.5,0.4,1200,0.4,101,67.3,16.58,0.75,1.54,0.164,9.71,8.5,0.084,1.25
55.0,2.0,1.0,1.5,3.0,0.4,,0.4,80,71.2,13.07,0.52,1.28,0.163,7.73,6.66,0.083,1.14
55.0,2.0,1.0,1.5,4.5,0.4,,0.4,80,71.2,13.07,0.52,1.28,0.163,7.73,6.66,0.083,1.14
55.0,2.0,1.0,2.5,3.0,0.6,7200,0.4,85,70.6,13.87,0.54,1.3,0.163,7.26,7.07,0.083,1.15
55.0,2.0,1.0,2.5,4.5,0.6,7200,0.4,85,70.6,13.87,0.54,1.3,0.163,7.26,7.07,0.083,1.15
55.0,3.0,1.5,2.5,3.0,0.8,1200,0.2,72,73.6,11.73,0.47,1.32,0.163,9.78,5.97,0.083,1.16
55.0,3.0,1.5,2.5,4.5,0.8,1200,0.2,72,73.6,11.73,0.47,1.32,0.163,9.78,5.97,0.083,1.16
55.0,4.0,0.7,2.5,3.0,0.6,2400,0.2,74,89.2,12.08,0.17,1.38,0.163,15.5,6.16,0.083,1.19
55.0,4.0,0.7,2.5,4.5,0.6,2400,0.2,74,89.2,12.08,0.17,1.38,0.163,15.5,6.16,0.083,1.19
55.0,2.0,1.0,2.5,3.0,0.6,3600,0.2,83,71.1,13.41,0.53,1.29,0.162,7.4,6.77,0.082,1.14
55.0,2.0,1.0,2.5,3.0,0.6,14400,0.4,82,72.0,13.31,0.5,1.29,0.162,7.36,6.75,0.082,1.14
55.0,2.0,1.0,2.5,4.5,0.6,3600,0.2,83,71.1,13.41,0.53,1.29,0.162,7.4,6.77,0.082,1.14
55.0,2.0,1.0,2.5,4.5,0.6,14400,0.4,82,72.0,13.31,0.5,1.29,0.162,7.36,6.75,0.082,1.14
55.0,4.0,0.7,1.5,3.0,0.8,2400,0.2,74,89.2,12.02,0.17,1.38,0.162,15.5,6.1,0.082,1.19
55.0,4.0,0.7,1.5,4.5,0.8,2400,0.2,74,89.2,12.02,0.17,1.38,0.162,15.5,6.1,0.082,1.19
55.0,4.0,0.7,2.5,3.0,0.8,2400,0.2,74,89.2,11.96,0.17,1.37,0.162,15.5,6.04,0.082,1.18
55.0,4.0,0.7,2.5,4.5,0.8,2400,0.2,74,89.2,11.96,0.17,1.37,0.162,15.5,6.04,0.082,1.18
55.0,4.0,1.0,2.5,3.0,0.6,1200,0.4,101,67.3,16.4,0.75,1.54,0.162,9.81,8.32,0.082,1.25
55.0,4.0,1.0,2.5,4.5,0.6,1200,0.4,101,67.3,16.4,0.75,1.54,0.162,9.81,8.32,0.082,1.25
55.0,2.0,0.7,2.5,3.0,0.4,,0.4,80,71.2,12.86,0.53,1.32,0.161,6.17,6.46,0.081,1.15
55.0,2.0,0.7,2.5,4.5,0.4,,0.4,80,71.2,12.86,0.53,1.32,0.161,6.17,6.46,0.081,1.15
55.0,4.0,1.0,1.5,3.0,0.6,1200,0.4,101,67.3,16.22,0.74,1.53,0.161,9.76,8.14,0.081,1.24
55.0,4.0,1.0,1.5,4.5,0.6,1200,0.4,101,67.3,16.22,0.74,1.53,0.161,9.76,8.14,0.081,1.24
55.0,5.0,1.0,2.5,3.0,0.4,1200,0.4,95,70.5,15.25,0.62,1.48,0.161,12.69,7.65,0.081,1.22
55.0,5.0,1.0,2.5,4.5,0.4,1200,0.4,95,70.5,15.25,0.62,1.48,0.161,12.69,7.65,0.081,1.22
55.0,2.0,1.0,1.5,3.0,0.4,14400,0.4,82,72.0,13.13,0.5,1.29,0.16,7.53,6.57,0.08,1.14
55.0,2.0,1.0,1.5,3.0,0.6,14400,0.2,81,71.6,12.98,0.51,1.28,0.16,7.44,6.5,0.08,1.14
55.0,2.0,1.0,1.5,4.5,0.4,14400,0.4,82,72.0,13.13,0.5,1.29,0.16,7.53,6.57,0.08,1.14
55.0,2.0,1.0,1.5,4.5,0.6,14400,0.2,81,71.6,12.98,0.51,1.28,0.16,7.44,6.5,0.08,1.14
55.0,2.0,1.5,2.5,3.0,0.6,3600,0.8,128,68.0,20.42,0.76,1.61,0.16,5.34,10.18,0.08,1.27
55.0,2.0,1.5,2.5,4.5,0.6,3600,0.8,128,68.0,20.42,0.76,1.61,0.16,5.34,10.18,0.08,1.27
55.0,2.0,1.0,1.5,3.0,0.6,3600,0.2,83,71.1,13.21,0.52,1.29,0.159,7.4,6.57,0.079,1.14
55.0,2.0,1.0,1.5,4.5,0.6,3600,0.2,83,71.1,13.21,0.52,1.29,0.159,7.4,6.57,0.079,1.14
55.0,3.0,1.5,2.5,3.0,0.6,7200,0.8,81,67.9,12.81,0.64,1.35,0.158,9.69,6.33,0.078,1.16
55.0,3.0,1.5,2.5,4.5,0.6,7200,0.8,81,67.9,12.81,0.64,1.35,0.158,9.69,6.33,0.078,1.16
55.0,4.0,1.0,2.5,3.0,0.8,1200,0.4,101,67.3,15.92,0.74,1.52,0.158,9.93,7.84,0.078,1.23
55.0,4.0,1.0,2.5,4.5,0.8,1200,0.4,101,67.3,15.92,0.74,1.52,0.158,9.93,7.84,0.078,1.23
55.0,5.0,1.0,2.5,3.0,0.8,3600,0.8,101,74.3,15.99,0.54,1.55,0.158,10.45,7.91,0.078,1.25
55.0,5.0,1.0,2.5,4.5,0.8,3600,0.8,101,74.3,15.99,0.54,1.55,0.158,10.45,7.91,0.078,1.25
55.0,2.0,1.0,1.5,3.0,0.4,7200,0.4,85,70.6,13.38,0.54,1.29,0.157,7.56,6.58,0.077,1.14
55.0,2.0,1.0,1.5,3.0,0.8,7200,0.2,81,71.6,12.7,0.51,1.28,0.157,7.4,6.22,0.077,1.13
55.0,2.0,1.0,1.5,4.5,0.4,7200,0.4,85,70.6,13.38,0.54,1.29,0.157,7.56,6.58,0.077,1.14
55.0,2.0,1.0,1.5,4.5,0.8,7200,0.2,81,71.6,12.7,0.51,1.28,0.157,7.4,6.22,0.077,1.13
55.0,2.0,1.0,2.5,3.0,0.6,,0.4,80,71.2,12.6,0.51,1.27,0.158,7.71,6.2,0.077,1.13
55.0,2.0,1.0,2.5,4.5,0.6,,0.4,80,71.2,12.6,0.51,1.27,0.158,7.71,6.2,0.077,1.13
55.0,4.0,1.0,1.5,3.0,0.8,1200,0.4,101,67.3,15.88,0.74,1.52,0.157,9.81,7.8,0.077,1.23
55.0,4.0,1.0,1.5,4.5,0.8,1200,0.4,101,67.3,15.88,0.74,1.52,0.157,9.81,7.8,0.077,1.23
55.0,5.0,1.0,1.5,3.0,0.4,1200,0.4,95,70.5,14.93,0.61,1.47,0.157,12.75,7.33,0.077,1.21
55.0,5.0,1.0,1.5,3.0,0.8,3600,0.8,101,74.3,15.87,0.54,1.55,0.157,10.45,7.79,0.077,1.25
55.0,5.0,1.0,1.5,4.5,0.4,1200,0.4,95,70.5,14.93,0.61,1.47,0.157,12.75,7.33,0.077,1.21
55.0,5.0,1.0,1.5,4.5,0.8,3600,0.8,101,74.3,15.87,0.54,1.55,0.157,10.45,7.79,0.077,1.25
55.0,2.0,1.0,1.5,3.0,0.6,,0.4,80,71.2,12.51,0.51,1.27,0.156,7.79,6.1,0.076,1.13
55.0,2.0,1.0,1.5,3.0,0.8,,0.4,80,71.2,12.52,0.51,1.27,0.156,7.54,6.12,0.076,1.13
55.0,2.0,1.0,1.5,4.5,0.6,,0.4,80,71.2,12.51,0.51,1.27,0.156,7.79,6.1,0.076,1.13
55.0,2.0,1.0,2.5,3.0,0.4,3600,0.4,101,67.3,15.66,0.66,1.36,0.155,6.68,7.58,0.075,1.16
55.0,2.0,1.0,2.5,4.5,0.4,3600,0.4,101,67.3,15.66,0.66,1.36,0.155,6.68,7.58,0.075,1.16
55.0,5.0,1.0,2.5,3.0,0.6,1200,0.4,95,70.5,14.75,0.61,1.46,0.155,12.81,7.15,0.075,1.21
55.0,5.0,1.0,2.5,4.5,0.6,1200,0.4,95,70.5,14.75,0.61,1.46,0.155,12.81,7.15,0.075,1.21
55.0,2.0,1.0,1.5,3.0,0.8,3600,0.2,83,71.1,12.79,0.52,1.28,0.154,7.4,6.15,0.074,1.13
55.0,2.0,1.0,1.5,4.5,0.8,3600,0.2,83,71.1,12.79,0.52,1.28,0.154,7.4,6.15,0.074,1.13
55.0,2.0,1.0,1.5,4.5,0.8,14400,0.2,81,71.6,12.46,0.5,1.27,0.154,7.48,5.98,0.074,1.12
55.0,2.0,1.0,1.5,4.5,0.8,,0.4,80,71.2,12.35,0.51,1.27,0.154,7.54,5.95,0.074,1.12
55.0,2.0,1.0,2.5,3.0,0.8,3600,0.2,83,71.1,12.78,0.52,1.28,0.154,7.4,6.14,0.074,1.13
55.0,2.0,1.0,2.5,4.5,0.8,3600,0.2,83,71.1,12.78,0.52,1.28,0.154,7.4,6.14,0.074,1.13
55.0,2.0,1.0,2.5,4.5,0.8,14400,0.2,81,71.6,12.46,0.5,1.27,0.154,7.69,5.98,0.074,1.13
55.0,2.0,1.5,2.5,3.0,0.4,3600,0.8,128,68.0,19.75,0.75,1.59,0.154,5.34,9.51,0.074,1.25
55.0,2.0,1.5,2.5,4.5,0.4,3600,0.8,128,68.0,19.75,0.75,1.59,0.154,5.34,9.51,0.074,1.25
55.0,2.0,0.7,2.5,3.0,0.4,14400,0.2,91,76.9,13.91,0.4,1.34,0.153,7.88,6.63,0.073,1.16
55.0,2.0,0.7,2.5,4.5,0.4,14400,0.2,91,76.9,13.91,0.4,1.34,0.153,7.88,6.63,0.073,1.16
55.0,2.0,1.0,1.5,3.0,0.6,7200,0.4,85,70.6,13.01,0.53,1.28,0.153,7.36,6.21,0.073,1.13
55.0,2.0,1.0,1.5,3.0,0.8,14400,0.2,81,71.6,12.37,0.5,1.27,0.153,7.48,5.89,0.073,1.12
55.0,2.0,1.0,1.5,4.5,0.6,7200,0.4,85,70.6,13.01,0.53,1.28,0.153,7.36,6.21,0.073,1.13
55.0,2.0,1.0,2.5,3.0,0.8,14400,0.2,81,71.6,12.38,0.5,1.27,0.153,7.69,5.9,0.073,1.12
55.0,5.0,1.0,1.5,3.0,0.6,1200,0.4,95,70.5,14.58,0.61,1.46,0.153,12.85,6.98,0.073,1.2
55.0,5.0,1.0,1.5,4.5,0.6,1200,0.4,95,70.5,14.58,0.61,1.46,0.153,12.85,6.98,0.073,1.2
55.0,2.0,1.0,1.5,3.0,0.4,3600,0.4,101,67.3,15.38,0.66,1.35,0.152,6.7,7.3,0.072,1.16
55.0,2.0,1.0,1.5,4.5,0.4,3600,0.4,101,67.3,15.38,0.66,1.35,0.152,6.7,7.3,0.072,1.16
55.0,3.0,1.5,2.5,3.0,0.4,7200,0.8,81,67.9,12.35,0.63,1.34,0.152,9.53,5.87,0.072,1.15
55.0,3.0,1.5,2.5,4.5,0.4,7200,0.8,81,67.9,12.35,0.63,1.34,0.152,9.53,5.87,0.072,1.15
55.0,2.0,1.0,1.5,3.0,0.6,14400,0.4,82,72.0,12.37,0.49,1.27,0.151,7.44,5.81,0.071,1.12
55.0,2.0,1.0,1.5,4.5,0.6,14400,0.4,82,72.0,12.37,0.49,1.27,0.151,7.44,5.81,0.071,1.12
55.0,2.0,1.0,2.5,3.0,0.4,1200,0.4,111,63.1,16.81,0.89,1.52,0.151,6.78,7.93,0.071,1.22
55.0,2.0,1.0,2.5,3.0,0.8,7200,0.4,85,70.6,12.81,0.53,1.28,0.151,7.28,6.01,0.071,1.12
55.0,2.0,1.0,2.5,4.5,0.4,1200,0.4,111,63.1,16.81,0.89,1.52,0.151,6.78,7.93,0.071,1.22
55.0,2.0,1.0,2.5,4.5,0.8,7200,0.4,85,70.6,12.81,0.53,1.28,0.151,7.28,6.01,0.071,1.12
55.0,2.0,1.0,2.5,3.0,0.6,3600,0.4,101,67.3,15.13,0.65,1.34,0.15,6.88,7.05,0.07,1.15
55.0,2.0,1.0,2.5,3.0,0.8,,0.4,80,71.2,11.97,0.51,1.26,0.15,7.53,5.57,0.07,1.12
55.0,2.0,1.0,2.5,4.5,0.6,3600,0.4,101,67.3,15.13,0.65,1.34,0.15,6.88,7.05,0.07,1.15
55.0,5.0,0.7,1.5,3.0,0.4,2400,0.4,93,81.7,13.95,0.32,1.45,0.15,11.22,6.51,0.07,1.2
55.0,5.0,0.7,1.5,4.5,0.4,2400,0.4,93,81.7,13.95,0.32,1.45,0.15,11.22,6.51,0.07,1.2
55.0,5.0,1.0,1.5,3.0,0.8,1200,0.4,95,70.5,14.24,0.6,1.45,0.15,12.95,6.64,0.07,1.19
55.0,5.0,1.0,1.5,4.5,0.8,1200,0.4,95,70.5,14.24,0.6,1.45,0.15,12.95,6.64,0.07,1.19
55.0,5.0,1.0,2.5,3.0,0.8,1200,0.4,95,70.5,14.27,0.6,1.45,0.15,13.05,6.67,0.07,1.19
55.0,5.0,1.0,2.5,4.5,0.8,1200,0.4,95,70.5,14.27,0.6,1.45,0.15,13.05,6.67,0.07,1.19
55.0,2.0,1.0,1.5,3.0,0.4,1200,0.4,111,63.1,16.49,0.88,1.51,0.149,6.78,7.61,0.069,1.21
55.0,2.0,1.0,1.5,4.5,0.4,1200,0.4,111,63.1,16.49,0.88,1.51,0.149,6.78,7.61,0.069,1.21
55.0,2.0,1.5,2.5,3.0,0.4,2400,0.4,103,69.9,15.32,0.59,1.37,0.149,5.49,7.08,0.069,1.16
55.0,2.0,1.5,2.5,4.5,0.4,2400,0.4,103,69.9,15.32,0.59,1.37,0.149,5.49,7.08,0.069,1.16
55.0,5.0,0.7,2.5,3.0,0.4,2400,0.4,93,81.7,13.89,0.32,1.44,0.149,11.22,6.45,0.069,1.2
55.0,5.0,0.7,2.5,4.5,0.4,2400,0.4,93,81.7,13.89,0.32,1.44,0.149,11.22,6.45,0.069,1.2
55.0,5.0,1.5,2.5,3.0,0.4,3600,0.8,102,73.5,15.25,0.52,1.45,0.15,10.45,7.09,0.069,1.19
55.0,5.0,1.5,2.5,4.5,0.4,3600,0.8,102,73.5,15.25,0.52,1.45,0.15,10.45,7.09,0.069,1.19
55.0,2.0,1.0,1.5,3.0,0.6,3600,0.4,101,67.3,14.93,0.65,1.34,0.148,6.83,6.85,0.068,1.15
55.0,2.0,1.0,1.5,4.5,0.6,3600,0.4,101,67.3,14.93,0.65,1.34,0.148,6.83,6.85,0.068,1.15
55.0,2.0,1.0,2.5,4.5,0.8,,0.4,80,71.2,11.8,0.51,1.26,0.148,7.53,5.4,0.067,1.11
55.0,5.0,0.7,1.5,3.0,0.6,2400,0.4,93,81.7,13.71,0.32,1.44,0.147,11.22,6.27,0.067,1.19
55.0,5.0,0.7,1.5,4.5,0.6,2400,0.4,93,81.7,13.71,0.32,1.44,0.147,11.22,6.27,0.067,1.19
55.0,5.0,0.7,2.5,3.0,0.6,2400,0.4,93,81.7,13.65,0.32,1.44,0.147,11.22,6.21,0.067,1.19
55.0,5.0,0.7,2.5,4.5,0.6,2400,0.4,93,81.7,13.65,0.32,1.44,0.147,11.22,6.21,0.067,1.19
55.0,2.0,0.7,2.5,3.0,0.4,3600,0.2,96,77.1,14.0,0.4,1.35,0.146,6.53,6.32,0.066,1.15
55.0,2.0,0.7,2.5,4.5,0.4,3600,0.2,96,77.1,14.0,0.4,1.35,0.146,6.53,6.32,0.066,1.15
55.0,2.0,1.0,2.5,3.0,0.6,1200,0.4,111,63.1,16.2,0.88,1.5,0.146,6.78,7.32,0.066,1.2
55.0,2.0,1.0,2.5,4.5,0.6,1200,0.4,111,63.1,16.2,0.88,1.5,0.146,6.78,7.32,0.066,1.2
55.0,2.0,0.7,1.5,3.0,0.4,3600,0.2,96,77.1,13.89,0.4,1.35,0.145,6.53,6.21,0.065,1.15
55.0,2.0,0.7,1.5,3.0,0.4,,0.4,80,71.2,11.62,0.52,1.29,0.145,6.23,5.23,0.065,1.12
55.0,2.0,0.7,1.5,4.5,0.4,3600,0.2,96,77.1,13.89,0.4,1.35,0.145,6.53,6.21,0.065,1.15
55.0,2.0,0.7,1.5,4.5,0.4,,0.4,80,71.2,11.62,0.52,1.29,0.145,6.23,5.23,0.065,1.12
55.0,2.0,0.7,2.5,3.0,0.4,14400,0.4,92,77.2,13.36,0.39,1.33,0.145,7.88,6.0,0.065,1.14
55.0,2.0,0.7,2.5,4.5,0.4,14400,0.4,92,77.2,13.36,0.39,1.33,0.145,7.88,6.0,0.065,1.14
55.0,2.0,1.0,1.5,4.5,0.8,14400,0.4,82,72.0,11.85,0.49,1.26,0.145,7.48,5.29,0.065,1.11
55.0,2.0,1.0,2.5,4.5,0.8,14400,0.4,82,72.0,11.86,0.49,1.26,0.145,7.69,5.3,0.065,1.11
55.0,2.0,1.5,2.5,3.0,0.8,2400,0.4,102,70.6,14.83,0.57,1.36,0.145,7.16,6.67,0.065,1.15
55.0,2.0,1.5,2.5,4.5,0.8,2400,0.4,102,70.6,14.83,0.57,1.36,0.145,7.16,6.67,0.065,1.15
55.0,5.0,0.7,1.5,3.0,0.8,2400,0.4,93,81.7,13.47,0.32,1.43,0.145,11.22,6.03,0.065,1.18
55.0,5.0,0.7,1.5,4.5,0.8,2400,0.4,93,81.7,13.47,0.32,1.43,0.145,11.22,6.03,0.065,1.18
55.0,2.0,0.7,2.5,3.0,0.6,3600,0.2,96,77.1,13.78,0.4,1.34,0.144,6.74,6.1,0.064,1.15
55.0,2.0,0.7,2.5,3.0,0.6,14400,0.2,91,76.9,13.13,0.4,1.32,0.144,7.5,5.85,0.064,1.14
55.0,2.0,0.7,2.5,4.5,0.6,3600,0.2,96,77.1,13.78,0.4,1.34,0.144,6.74,6.1,0.064,1.15
55.0,2.0,0.7,2.5,4.5,0.6,14400,0.2,91,76.9,13.13,0.4,1.32,0.144,7.5,5.85,0.064,1.14
55.0,2.0,1.0,1.5,3.0,0.6,1200,0.4,111,63.1,16.02,0.87,1.49,0.144,6.78,7.14,0.064,1.2
55.0,2.0,1.0,1.5,3.0,0.8,3600,0.4,101,67.3,14.51,0.65,1.33,0.144,7.0,6.43,0.064,1.14
55.0,2.0,1.0,1.5,3.0,0.8,7200,0.4,85,70.6,12.21,0.53,1.26,0.144,7.34,5.41,0.064,1.11
55.0,2.0,1.0,1.5,4.5,0.6,1200,0.4,111,63.1,16.02,0.87,1.49,0.144,6.78,7.14,0.064,1.2
55.0,2.0,1.0,1.5,4.5,0.8,3600,0.4,101,67.3,14.51,0.65,1.33,0.144,7.0,6.43,0.064,1.14
55.0,2.0,1.0,1.5,4.5,0.8,7200,0.4,85,70.6,12.21,0.53,1.26,0.144,7.34,5.41,0.064,1.11
55.0,2.0,1.0,2.5,3.0,0.8,3600,0.4,101,67.3,14.5,0.65,1.33,0.144,7.12,6.42,0.064,1.14
55.0,2.0,1.0,2.5,3.0,0.8,14400,0.4,82,72.0,11.77,0.49,1.26,0.144,7.69,5.21,0.064,1.11
55.0,2.0,1.0,2.5,4.5,0.8,3600,0.4,101,67.3,14.5,0.65,1.33,0.144,7.12,6.42,0.064,1.14
55.0,2.0,1.5,2.5,3.0,0.6,2400,0.2,84,72.6,12.09,0.48,1.26,0.144,8.08,5.37,0.064,1.11
55.0,2.0,1.5,2.5,4.5,0.6,2400,0.2,84,72.6,12.09,0.48,1.26,0.144,8.08,5.37,0.064,1.11
55.0,5.0,0.7,2.5,3.0,0.8,2400,0.4,93,81.7,13.41,0.32,1.43,0.144,11.22,5.97,0.064,1.18
55.0,5.0,0.7,2.5,4.5,0.8,2400,0.4,93,81.7,13.41,0.32,1.43,0.144,11.22,5.97,0.064,1.18
55.0,2.0,1.0,1.5,3.0,0.8,14400,0.4,82,72.0,11.76,0.49,1.26,0.143,7.48,5.2,0.063,1.11
55.0,2.0,1.5,2.5,3.0,0.4,2400,0.2,84,72.6,12.02,0.48,1.26,0.143,8.14,5.3,0.063,1.11
55.0,2.0,1.5,2.5,4.5,0.4,2400,0.2,84,72.6,12.02,0.48,1.26,0.143,8.14,5.3,0.063,1.11
55.0,5.0,1.5,2.5,3.0,0.6,3600,0.8,102,73.5,14.56,0.51,1.43,0.143,10.45,6.4,0.063,1.18
55.0,5.0,1.5,2.5,4.5,0.6,3600,0.8,102,73.5,14.56,0.51,1.43,0.143,10.45,6.4,0.063,1.18
55.0,2.0,0.7,1.5,3.0,0.6,3600,0.2,96,77.1,13.61,0.4,1.34,0.142,6.73,5.93,0.062,1.14
55.0,2.0,0.7,1.5,4.5,0.6,3600,0.2,96,77.1,13.61,0.4,1.34,0.142,6.73,5.93,0.062,1.14
55.0,2.0,1.0,2.5,3.0,0.4,3600,0.8,128,68.0,18.15,0.73,1.54,0.142,5.34,7.91,0.062,1.21
55.0,2.0,1.0,2.5,4.5,0.4,3600,0.8,128,68.0,18.15,0.73,1.54,0.142,5.34,7.91,0.062,1.21
55.0,3.0,0.7,2.5,3.0,0.8,3600,0.8,125,72.8,17.69,0.62,1.67,0.142,7.55,7.69,0.062,1.26
55.0,3.0,0.7,2.5,4.5,0.8,3600,0.8,125,72.8,17.69,0.62,1.67,0.142,7.55,7.69,0.062,1.26
55.0,2.0,0.7,2.5,3.0,0.4,7200,0.2,93,77.4,13.12,0.39,1.32,0.141,7.08,5.69,0.061,1.13
55.0,2.0,0.7,2.5,4.5,0.4,7200,0.2,93,77.4,13.12,0.39,1.32,0.141,7.08,5.69,0.061,1.13
55.0,2.0,1.0,1.5,3.0,0.8,1200,0.4,111,63.1,15.65,0.87,1.48,0.141,6.78,6.77,0.061,1.19
55.0,2.0,1.0,1.5,4.5,0.8,1200,0.4,111,63.1,15.65,0.87,1.48,0.141,6.78,6.77,0.061,1.19
55.0,2.0,1.0,2.5,3.0,0.4,2400,0.4,103,69.9,14.56,0.58,1.35,0.141,5.01,6.32,0.061,1.14
55.0,2.0,1.0,2.5,3.0,0.8,1200,0.4,111,63.1,15.69,0.87,1.48,0.141,6.78,6.81,0.061,1.19
55.0,2.0,1.0,2.5,4.5,0.4,2400,0.4,103,69.9,14.56,0.58,1.35,0.141,5.01,6.32,0.061,1.14
55.0,2.0,1.0,2.5,4.5,0.8,1200,0.4,111,63.1,15.69,0.87,1.48,0.141,6.78,6.81,0.061,1.19
55.0,4.0,1.5,2.5,3.0,0.6,1200,0.4,101,66.3,14.25,0.74,1.46,0.141,9.14,6.17,0.061,1.18
55.0,4.0,1.5,2.5,4.5,0.6,1200,0.4,101,66.3,14.25,0.74,1.46,0.141,9.14,6.17,0.061,1.18
55.0,2.0,1.0,1.5,3.0,0.4,2400,0.4,103,69.9,14.44,0.58,1.35,0.14,5.01,6.19,0.06,1.14
55.0,2.0,1.0,1.5,3.0,0.4,3600,0.8,128,68.0,17.89,0.72,1.53,0.14,5.34,7.64,0.06,1.2
55.0,2.0,1.0,1.5,4.5,0.4,2400,0.4,103,69.9,14.44,0.58,1.35,0.14,5.01,6.19,0.06,1.14
55.0,2.0,1.0,1.5,4.5,0.4,3600,0.8,128,68.0,17.89,0.72,1.53,0.14,5.34,7.64,0.06,1.2
55.0,3.0,0.7,1.5,3.0,0.8,3600,0.8,125,72.8,17.53,0.62,1.66,0.14,7.55,7.53,0.06,1.25
55.0,3.0,0.7,1.5,4.5,0.8,3600,0.8,125,72.8,17.53,0.62,1.66,0.14,7.55,7.53,0.06,1.25
55.0,2.0,0.7,1.5,3.0,0.4,14400,0.2,91,76.9,12.69,0.39,1.31,0.139,7.88,5.41,0.059,1.13
55.0,2.0,0.7,1.5,4.5,0.4,14400,0.2,91,76.9,12.69,0.39,1.31,0.139,7.88,5.41,0.059,1.13
55.0,2.0,0.7,2.5,3.0,0.6,7200,0.2,93,77.4,12.96,0.38,1.32,0.139,7.42,5.52,0.059,1.13
55.0,2.0,0.7,2.5,3.0,0.6,14400,0.4,92,77.2,12.8,0.39,1.31,0.139,7.5,5.44,0.059,1.13
55.0,2.0,0.7,2.5,3.0,0.6,,0.4,80,71.2,11.16,0.51,1.27,0.14,6.89,4.76,0.059,1.11
55.0,2.0,0.7,2.5,3.0,0.8,3600,0.2,96,77.1,13.3,0.4,1.33,0.139,6.97,5.62,0.059,1.13
55.0,2.0,0.7,2.5,4.5,0.6,7200,0.2,93,77.4,12.96,0.38,1.32,0.139,7.42,5.52,0.059,1.13
55.0,2.0,0.7,2.5,4.5,0.6,14400,0.4,92,77.2,12.8,0.39,1.31,0.139,7.5,5.44,0.059,1.13
55.0,2.0,0.7,2.5,4.5,0.6,,0.4,80,71.2,11.16,0.51,1.27,0.14,6.89,4.76,0.059,1.11
55.0,2.0,0.7,2.5,4.5,0.8,3600,0.2,96,77.1,13.3,0.4,1.33,0.139,6.97,5.62,0.059,1.13
55.0,2.0,0.7,1.5,3.0,0.6,,0.4,80,71.2,11.06,0.51,1.27,0.138,6.67,4.66,0.058,1.11
55.0,2.0,0.7,1.5,3.0,0.8,,0.4,80,71.2,11.08,0.51,1.27,0.138,7.19,4.68,0.058,1.11
55.0,2.0,0.7,1.5,4.5,0.6,,0.4,80,71.2,11.06,0.51,1.27,0.138,6.67,4.66,0.058,1.11
55.0,2.0,0.7,1.5,3.0,0.8,3600,0.2,96,77.1,13.2,0.4,1.33,0.137,6.97,5.52,0.057,1.13
55.0,2.0,0.7,1.5,4.5,0.8,3600,0.2,96,77.1,13.2,0.4,1.33,0.137,6.97,5.52,0.057,1.13
55.0,2.0,1.0,1.5,3.0,0.6,2400,0.4,103,69.9,14.14,0.58,1.34,0.137,5.01,5.9,0.057,1.13
55.0,2.0,1.0,1.5,4.5,0.6,2400,0.4,103,69.9,14.14,0.58,1.34,0.137,5.01,5.9,0.057,1.13
55.0,2.0,1.0,2.5,3.0,0.6,2400,0.4,103,69.9,14.12,0.58,1.34,0.137,5.01,5.88,0.057,1.13
55.0,2.0,1.0,2.5,4.5,0.6,2400,0.4,103,69.9,14.12,0.58,1.34,0.137,5.01,5.88,0.057,1.13
55.0,2.0,1.5,2.5,3.0,0.4,1200,0.4,111,63.1,15.19,0.86,1.47,0.137,7.26,6.31,0.057,1.17
55.0,2.0,1.5,2.5,4.5,0.4,1200,0.4,111,63.1,15.19,0.86,1.47,0.137,7.26,6.31,0.057,1.17
55.0,5.0,0.7,1.5,3.0,0.4,1200,0.2,73,82.2,10.0,0.29,1.33,0.137,11.32,4.16,0.057,1.13
55.0,5.0,0.7,1.5,4.5,0.4,1200,0.2,73,82.2,10.0,0.29,1.33,0.137,11.32,4.16,0.057,1.13
55.0,5.0,0.7,2.5,3.0,0.4,1200,0.2,73,82.2,10.0,0.29,1.33,0.137,11.32,4.16,0.057,1.13
55.0,5.0,0.7,2.5,4.5,0.4,1200,0.2,73,82.2,10.0,0.29,1.33,0.137,11.32,4.16,0.057,1.13
55.0,2.0,0.7,1.5,4.5,0.8,,0.4,80,71.2,10.91,0.51,1.27,0.136,7.33,4.51,0.056,1.11
55.0,2.0,1.0,1.5,3.0,0.8,2400,0.4,103,69.9,14.01,0.58,1.34,0.136,5.01,5.77,0.056,1.13
55.0,2.0,1.0,1.5,4.5,0.8,2400,0.4,103,69.9,14.01,0.58,1.34,0.136,5.01,5.77,0.056,1.13
55.0,2.0,1.0,2.5,3.0,0.6,3600,0.8,128,68.0,17.43,0.72,1.52,0.136,5.34,7.19,0.056,1.19
55.0,2.0,1.0,2.5,4.5,0.6,3600,0.8,128,68.0,17.43,0.72,1.52,0.136,5.34,7.19,0.056,1.19
55.0,3.0,1.0,2.5,3.0,0.6,7200,0.8,81,67.9,11.01,0.61,1.3,0.136,11.09,4.53,0.056,1.12
55.0,3.0,1.0,2.5,4.5,0.6,7200,0.8,81,67.9,11.01,0.61,1.3,0.136,11.09,4.53,0.056,1.12
55.0,2.0,1.0,2.5,3.0,0.8,2400,0.4,103,69.9,13.85,0.57,1.33,0.134,5.01,5.61,0.055,1.13
55.0,2.0,1.0,2.5,4.5,0.8,2400,0.4,103,69.9,13.85,0.57,1.33,0.134,5.01,5.61,0.055,1.13
55.0,3.0,1.0,2.5,3.0,0.4,7200,0.8,81,67.9,10.9,0.61,1.3,0.135,10.54,4.42,0.055,1.11
55.0,3.0,1.0,2.5,4.5,0.4,7200,0.8,81,67.9,10.9,0.61,1.3,0.135,10.54,4.42,0.055,1.11
55.0,2.0,1.0,1.5,3.0,0.6,3600,0.8,128,68.0,17.18,0.71,1.51,0.134,5.34,6.94,0.054,1.19
55.0,2.0,1.0,1.5,4.5,0.6,3600,0.8,128,68.0,17.18,0.71,1.51,0.134,5.34,6.94,0.054,1.19
55.0,4.0,1.5,2.5,3.0,0.8,3600,0.8,104,71.2,13.94,0.58,1.42,0.134,13.87,5.62,0.054,1.16
55.0,4.0,1.5,2.5,4.5,0.8,3600,0.8,104,71.2,13.94,0.58,1.42,0.134,13.87,5.62,0.054,1.16
55.0,5.0,0.7,1.5,3.0,0.6,1200,0.2,73,82.2,9.76,0.29,1.32,0.134,11.32,3.92,0.054,1.12
55.0,5.0,0.7,1.5,4.5,0.6,1200,0.2,73,82.2,9.76,0.29,1.32,0.134,11.32,3.92,0.054,1.12
55.0,5.0,0.7,2.5,3.0,0.6,1200,0.2,73,82.2,9.76,0.29,1.32,0.134,11.32,3.92,0.054,1.12
55.0,5.0,0.7,2.5,4.5,0.6,1200,0.2,73,82.2,9.76,0.29,1.32,0.134,11.32,3.92,0.054,1.12
55.0,5.0,1.5,2.5,3.0,0.6,1200,0.4,95,69.5,12.7,0.61,1.4,0.134,12.14,5.1,0.054,1.15
55.0,5.0,1.5,2.5,4.5,0.6,1200,0.4,95,69.5,12.7,0.61,1.4,0.134,12.14,5.1,0.054,1.15
55.0,2.0,0.7,1.5,3.0,0.6,14400,0.2,91,76.9,12.12,0.39,1.3,0.133,7.58,4.84,0.053,1.11
55.0,2.0,0.7,1.5,4.5,0.6,14400,0.2,91,76.9,12.12,0.39,1.3,0.133,7.58,4.84,0.053,1.11
55.0,2.0,0.7,1.5,3.0,0.4,14400,0.4,92,77.2,12.14,0.38,1.3,0.132,7.88,4.78,0.052,1.11
55.0,2.0,0.7,1.5,4.5,0.4,14400,0.4,92,77.2,12.14,0.38,1.3,0.132,7.88,4.78,0.052,1.11
55.0,2.0,0.7,2.5,3.0,0.8,,0.4,80,71.2,10.53,0.51,1.26,0.132,7.08,4.13,0.052,1.1
55.0,5.0,0.7,2.5,3.0,0.4,7200,0.8,76,77.6,9.99,0.38,1.31,0.131,13.66,3.92,0.052,1.12
55.0,5.0,0.7,2.5,4.5,0.4,7200,0.8,76,77.6,9.99,0.38,1.31,0.131,13.66,3.92,0.052,1.12
55.0,5.0,1.0,2.5,3.0,0.4,3600,0.8,102,73.5,13.48,0.5,1.4,0.132,10.45,5.32,0.052,1.15
55.0,5.0,1.0,2.5,4.5,0.4,3600,0.8,102,73.5,13.48,0.5,1.4,0.132,10.45,5.32,0.052,1.15
55.0,2.0,0.7,1.5,3.0,0.4,7200,0.2,93,77.4,12.21,0.38,1.3,0.131,7.13,4.77,0.051,1.11
55.0,2.0,0.7,1.5,4.5,0.4,7200,0.2,93,77.4,12.21,0.38,1.3,0.131,7.13,4.77,0.051,1.11
55.0,3.0,0.7,2.5,3.0,0.4,3600,0.8,126,72.2,16.47,0.6,1.56,0.131,7.55,6.39,0.051,1.2
55.0,3.0,0.7,2.5,4.5,0.4,3600,0.8,126,72.2,16.47,0.6,1.56,0.131,7.55,6.39,0.051,1.2
55.0,2.0,0.7,1.5,3.0,0.6,7200,0.2,93,77.4,12.13,0.38,1.3,0.13,7.35,4.69,0.05,1.11
55.0,2.0,0.7,1.5,4.5,0.6,7200,0.2,93,77.4,12.13,0.38,1.3,0.13,7.35,4.69,0.05,1.11
55.0,2.0,0.7,2.5,3.0,0.4,3600,0.8,136,69.9,17.66,0.69,1.59,0.13,4.22,6.78,0.05,1.2
55.0,2.0,0.7,2.5,3.0,0.8,7200,0.2,93,77.4,12.05,0.38,1.29,0.13,8.03,4.61,0.05,1.11
55.0,2.0,0.7,2.5,4.5,0.4,3600,0.8,136,69.9,17.66,0.69,1.59,0.13,4.22,6.78,0.05,1.2
55.0,2.0,0.7,2.5,4.5,0.8,7200,0.2,93,77.4,12.05,0.38,1.29,0.13,8.03,4.61,0.05,1.11
55.0,3.0,0.7,1.5,3.0,0.4,3600,0.8,126,72.2,16.36,0.6,1.56,0.13,7.55,6.28,0.05,1.19
55.0,3.0,0.7,1.5,4.5,0.4,3600,0.8,126,72.2,16.36,0.6,1.56,0.13,7.55,6.28,0.05,1.19
55.0,5.0,0.7,1.5,3.0,0.8,1200,0.2,73,82.2,9.52,0.28,1.31,0.13,11.32,3.68,0.05,1.12
55.0,5.0,0.7,1.5,4.5,0.8,1200,0.2,73,82.2,9.52,0.28,1.31,0.13,11.32,3.68,0.05,1.12
55.0,5.0,0.7,2.5,3.0,0.8,1200,0.2,73,82.2,9.52,0.28,1.31,0.13,11.32,3.68,0.05,1.12
55.0,5.0,0.7,2.5,4.5,0.8,1200,0.2,73,82.2,9.52,0.28,1.31,0.13,11.32,3.68,0.05,1.12
55.0,2.0,0.7,1.5,3.0,0.4,3600,0.8,136,69.9,17.55,0.69,1.59,0.129,4.22,6.67,0.049,1.2
55.0,2.0,0.7,1.5,4.5,0.4,3600,0.8,136,69.9,17.55,0.69,1.59,0.129,4.22,6.67,0.049,1.2
55.0,2.0,0.7,2.5,3.0,0.4,7200,0.4,97,76.3,12.54,0.41,1.3,0.129,7.3,4.78,0.049,1.11
55.0,2.0,0.7,2.5,4.5,0.4,7200,0.4,97,76.3,12.54,0.41,1.3,0.129,7.3,4.78,0.049,1.11
55.0,2.0,0.7,2.5,4.5,0.8,,0.4,80,71.2,10.36,0.51,1.26,0.13,7.22,3.96,0.049,1.09
55.0,4.0,1.5,2.5,3.0,0.8,1200,0.4,101,66.3,12.99,0.72,1.42,0.129,9.26,4.91,0.049,1.15
55.0,4.0,1.5,2.5,4.5,0.8,1200,0.4,101,66.3,12.99,0.72,1.42,0.129,9.26,4.91,0.049,1.15
55.0,5.0,1.0,1.5,3.0,0.4,3600,0.8,102,73.5,13.12,0.5,1.39,0.129,10.45,4.96,0.049,1.14
55.0,5.0,1.0,1.5,4.5,0.4,3600,0.8,102,73.5,13.12,0.5,1.39,0.129,10.45,4.96,0.049,1.14
55.0,2.0,0.7,1.5,3.0,0.6,14400,0.4,92,77.2,11.79,0.38,1.29,0.128,7.58,4.43,0.048,1.1
55.0,2.0,0.7,1.5,4.5,0.6,14400,0.4,92,77.2,11.79,0.38,1.29,0.128,7.58,4.43,0.048,1.1
55.0,2.0,0.7,2.5,3.0,0.6,7200,0.4,97,76.3,12.37,0.4,1.3,0.128,7.42,4.61,0.048,1.11
55.0,2.0,0.7,2.5,4.5,0.6,7200,0.4,97,76.3,12.37,0.4,1.3,0.128,7.42,4.61,0.048,1.11
55.0,3.0,0.7,2.5,3.0,0.6,3600,0.8,126,72.2,16.14,0.6,1.55,0.128,7.55,6.06,0.048,1.19
55.0,3.0,0.7,2.5,4.5,0.6,3600,0.8,126,72.2,16.14,0.6,1.55,0.128,7.55,6.06,0.048,1.19
55.0,4.0,0.7,1.5,3.0,0.4,2400,0.4,97,79.4,12.4,0.36,1.37,0.128,15.34,4.64,0.048,1.13
55.0,4.0,0.7,1.5,4.5,0.4,2400,0.4,97,79.4,12.4,0.36,1.37,0.128,15.34,4.64,0.048,1.13
55.0,2.0,1.5,2.5,3.0,0.6,1200,0.2,89,65.2,11.27,0.66,1.24,0.127,8.93,4.15,0.047,1.08
55.0,2.0,1.5,2.5,3.0,0.8,1200,0.2,89,65.2,11.3,0.66,1.24,0.127,8.99,4.18,0.047,1.09
55.0,2.0,1.5,2.5,3.0,0.8,3600,0.8,128,68.0,16.3,0.7,1.48,0.127,6.47,6.06,0.047,1.16
55.0,2.0,1.5,2.5,4.5,0.6,1200,0.2,89,65.2,11.27,0.66,1.24,0.127,8.93,4.15,0.047,1.08
55.0,2.0,1.5,2.5,4.5,0.8,1200,0.2,89,65.2,11.3,0.66,1.24,0.127,8.99,4.18,0.047,1.09
55.0,2.0,1.5,2.5,4.5,0.8,3600,0.8,128,68.0,16.3,0.7,1.48,0.127,6.47,6.06,0.047,1.16
55.0,3.0,0.7,1.5,3.0,0.6,3600,0.8,126,72.2,15.97,0.59,1.54,0.127,7.55,5.89,0.047,1.18
55.0,3.0,0.7,1.5,4.5,0.6,3600,0.8,126,72.2,15.97,0.59,1.54,0.127,7.55,5.89,0.047,1.18
55.0,4.0,0.7,1.5,3.0,0.6,2400,0.4,97,79.4,12.28,0.36,1.37,0.127,15.34,4.52,0.047,1.13
55.0,4.0,0.7,1.5,4.5,0.6,2400,0.4,97,79.4,12.28,0.36,1.37,0.127,15.34,4.52,0.047,1.13
55.0,4.0,0.7,2.5,3.0,0.4,2400,0.4,97,79.4,12.34,0.36,1.37,0.127,15.34,4.58,0.047,1.13
55.0,4.0,0.7,2.5,4.5,0.4,2400,0.4,97,79.4,12.34,0.36,1.37,0.127,15.34,4.58,0.047,1.13
55.0,2.0,0.7,2.5,3.0,0.6,3600,0.8,136,69.9,17.19,0.68,1.58,0.126,4.22,6.31,0.046,1.19
55.0,2.0,0.7,2.5,4.5,0.6,3600,0.8,136,69.9,17.19,0.68,1.58,0.126,4.22,6.31,0.046,1.19
55.0,2.0,1.0,2.5,3.0,0.4,2400,0.2,85,72.9,10.72,0.46,1.23,0.126,7.15,3.92,0.046,1.08
55.0,2.0,1.0,2.5,4.5,0.4,2400,0.2,85,72.9,10.72,0.46,1.23,0.126,7.15,3.92,0.046,1.08
55.0,4.0,0.7,2.5,3.0,0.6,2400,0.4,97,79.4,12.22,0.35,1.37,0.126,15.34,4.46,0.046,1.13
55.0,4.0,0.7,2.5,4.5,0.6,2400,0.4,97,79.4,12.22,0.35,1.37,0.126,15.34,4.46,0.046,1.13
55.0,5.0,0.7,2.5,3.0,0.6,7200,0.8,76,77.6,9.59,0.37,1.3,0.126,13.49,3.51,0.046,1.1
55.0,5.0,0.7,2.5,4.5,0.6,7200,0.8,76,77.6,9.59,0.37,1.3,0.126,13.49,3.51,0.046,1.1
55.0,2.0,0.7,1.5,3.0,0.6,3600,0.8,136,69.9,17.02,0.68,1.57,0.125,4.22,6.14,0.045,1.18
55.0,2.0,0.7,1.5,4.5,0.6,3600,0.8,136,69.9,17.02,0.68,1.57,0.125,4.22,6.14,0.045,1.18
55.0,2.0,0.7,2.5,4.5,0.8,14400,0.2,91,76.9,11.37,0.38,1.28,0.125,7.74,4.09,0.045,1.1
55.0,2.0,1.0,1.5,3.0,0.4,2400,0.2,85,72.9,10.6,0.46,1.23,0.125,7.15,3.79,0.045,1.08
55.0,2.0,1.0,1.5,4.5,0.4,2400,0.2,85,72.9,10.6,0.46,1.23,0.125,7.15,3.79,0.045,1.08
55.0,2.0,1.0,2.5,3.0,0.8,3600,0.8,128,68.0,15.96,0.69,1.47,0.125,5.34,5.72,0.045,1.15
55.0,2.0,1.0,2.5,4.5,0.8,3600,0.8,128,68.0,15.96,0.69,1.47,0.125,5.34,5.72,0.045,1.15
55.0,3.0,1.0,1.5,3.0,0.6,7200,0.8,81,67.9,10.15,0.6,1.28,0.125,10.92,3.67,0.045,1.09
55.0,3.0,1.0,1.5,4.5,0.6,7200,0.8,81,67.9,10.15,0.6,1.28,0.125,10.92,3.67,0.045,1.09
55.0,4.0,0.7,1.5,3.0,0.8,2400,0.4,97,79.4,12.16,0.35,1.36,0.125,15.34,4.4,0.045,1.13
55.0,4.0,0.7,1.5,4.5,0.8,2400,0.4,97,79.4,12.16,0.35,1.36,0.125,15.34,4.4,0.045,1.13
55.0,4.0,0.7,2.5,3.0,0.8,2400,0.4,97,79.4,12.1,0.35,1.36,0.125,15.34,4.34,0.045,1.12
55.0,4.0,0.7,2.5,4.5,0.8,2400,0.4,97,79.4,12.1,0.35,1.36,0.125,15.34,4.34,0.045,1.12
55.0,5.0,1.0,2.5,3.0,0.6,3600,0.8,102,73.5,12.73,0.5,1.38,0.125,10.45,4.57,0.045,1.13
55.0,5.0,1.0,2.5,4.5,0.6,3600,0.8,102,73.5,12.73,0.5,1.38,0.125,10.45,4.57,0.045,1.13
55.0,2.0,0.7,2.5,3.0,0.8,14400,0.2,91,76.9,11.29,0.38,1.28,0.124,7.74,4.01,0.044,1.09
55.0,2.0,1.0,1.5,3.0,0.8,3600,0.8,128,68.0,15.84,0.69,1.47,0.124,5.34,5.6,0.044,1.15
55.0,2.0,1.0,1.5,4.5,0.8,3600,0.8,128,68.0,15.84,0.69,1.47,0.124,5.34,5.6,0.044,1.15
55.0,2.0,1.0,1.5,3.0,0.6,2400,0.2,85,72.9,10.48,0.46,1.23,0.123,6.98,3.68,0.043,1.08
55.0,2.0,1.0,1.5,4.5,0.6,2400,0.2,85,72.9,10.48,0.46,1.23,0.123,6.98,3.68,0.043,1.08
55.0,2.0,1.0,2.5,3.0,0.6,2400,0.2,85,72.9,10.47,0.46,1.23,0.123,7.03,3.67,0.043,1.08
55.0,2.0,1.0,2.5,4.5,0.6,2400,0.2,85,72.9,10.47,0.46,1.23,0.123,7.03,3.67,0.043,1.08
55.0,3.0,1.5,2.5,3.0,0.8,7200,0.8,81,67.9,9.92,0.6,1.27,0.122,10.35,3.44,0.043,1.09
55.0,3.0,1.5,2.5,4.5,0.8,7200,0.8,81,67.9,9.92,0.6,1.27,0.122,10.35,3.44,0.043,1.09
55.0,5.0,1.0,1.5,3.0,0.6,3600,0.8,102,73.5,12.5,0.49,1.37,0.123,10.45,4.34,0.043,1.12
55.0,5.0,1.0,1.5,4.5,0.6,3600,0.8,102,73.5,12.5,0.49,1.37,0.123,10.45,4.34,0.043,1.12
55.0,2.0,0.7,1.5,3.0,0.8,7200,0.2,93,77.4,11.34,0.37,1.28,0.122,7.88,3.9,0.042,1.09
55.0,2.0,0.7,1.5,4.5,0.8,7200,0.2,93,77.4,11.34,0.37,1.28,0.122,7.88,3.9,0.042,1.09
55.0,2.0,1.0,1.5,3.0,0.8,2400,0.2,85,72.9,10.35,0.45,1.23,0.122,7.03,3.55,0.042,1.07
55.0,2.0,1.0,1.5,4.5,0.8,2400,0.2,85,72.9,10.35,0.45,1.23,0.122,7.03,3.55,0.042,1.07
55.0,2.0,1.5,2.5,3.0,0.6,1200,0.4,111,62.2,13.56,0.86,1.41,0.122,7.39,4.68,0.042,1.13
55.0,2.0,1.5,2.5,4.5,0.6,1200,0.4,111,62.2,13.56,0.86,1.41,0.122,7.39,4.68,0.042,1.13
55.0,3.0,1.0,1.5,3.0,0.4,7200,0.8,81,67.9,9.81,0.6,1.27,0.121,10.82,3.33,0.041,1.09
55.0,3.0,1.0,1.5,4.5,0.4,7200,0.8,81,67.9,9.81,0.6,1.27,0.121,10.82,3.33,0.041,1.09
55.0,5.0,0.7,1.5,3.0,0.4,7200,0.8,76,77.6,9.17,0.37,1.29,0.121,13.66,3.09,0.041,1.09
55.0,5.0,0.7,1.5,4.5,0.4,7200,0.8,76,77.6,9.17,0.37,1.29,0.121,13.66,3.09,0.041,1.09
55.0,2.0,0.7,1.5,3.0,0.4,7200,0.4,97,76.3,11.63,0.4,1.28,0.12,7.3,3.87,0.04,1.09
55.0,2.0,0.7,1.5,4.5,0.4,7200,0.4,97,76.3,11.63,0.4,1.28,0.12,7.3,3.87,0.04,1.09
55.0,2.0,0.7,1.5,4.5,0.8,14400,0.2,91,76.9,10.89,0.38,1.27,0.12,7.75,3.61,0.04,1.08
55.0,2.0,0.7,2.5,4.5,0.8,14400,0.4,92,77.2,11.04,0.38,1.27,0.12,7.74,3.68,0.04,1.09
55.0,2.0,1.0,2.5,3.0,0.8,2400,0.2,85,72.9,10.2,0.45,1.22,0.12,7.15,3.4,0.04,1.07
55.0,2.0,1.0,2.5,4.5,0.8,2400,0.2,85,72.9,10.2,0.45,1.22,0.12,7.15,3.4,0.04,1.07
55.0,5.0,0.7,1.5,3.0,0.6,7200,0.8,76,77.6,9.09,0.37,1.28,0.12,13.38,3.01,0.04,1.09
55.0,5.0,0.7,1.5,4.5,0.6,7200,0.8,76,77.6,9.09,0.37,1.28,0.12,13.38,3.01,0.04,1.09
55.0,2.0,0.7,1.5,3.0,0.6,7200,0.4,97,76.3,11.54,0.4,1.28,0.119,7.35,3.78,0.039,1.09
55.0,2.0,0.7,1.5,3.0,0.8,14400,0.2,91,76.9,10.81,0.38,1.26,0.119,7.75,3.53,0.039,1.08
55.0,2.0,0.7,1.5,4.5,0.6,7200,0.4,97,76.3,11.54,0.4,1.28,0.119,7.35,3.78,0.039,1.09
55.0,2.0,0.7,2.5,3.0,0.8,14400,0.4,92,77.2,10.96,0.37,1.27,0.119,7.74,3.6,0.039,1.08
55.0,3.0,0.7,2.5,3.0,0.6,7200,0.8,89,71.9,10.62,0.52,1.32,0.119,13.79,3.5,0.039,1.1
55.0,3.0,0.7,2.5,4.5,0.6,7200,0.8,89,71.9,10.62,0.52,1.32,0.119,13.79,3.5,0.039,1.1
55.0,2.0,0.7,2.5,3.0,0.8,7200,0.4,97,76.3,11.46,0.4,1.28,0.118,8.03,3.7,0.038,1.09
55.0,2.0,0.7,2.5,4.5,0.8,7200,0.4,97,76.3,11.46,0.4,1.28,0.118,8.03,3.7,0.038,1.09
55.0,5.0,1.5,2.5,3.0,0.8,1200,0.4,94,69.1,11.12,0.6,1.35,0.118,12.26,3.6,0.038,1.1
55.0,5.0,1.5,2.5,4.5,0.8,1200,0.4,94,69.1,11.12,0.6,1.35,0.118,12.26,3.6,0.038,1.1
55.0,2.0,0.7,1.5,3.0,0.8,3600,0.8,136,69.9,15.88,0.66,1.53,0.117,4.22,5.0,0.037,1.15
55.0,2.0,0.7,1.5,4.5,0.8,3600,0.8,136,69.9,15.88,0.66,1.53,0.117,4.22,5.0,0.037,1.15
55.0,2.0,0.7,2.5,3.0,0.8,3600,0.8,136,69.9,15.98,0.66,1.54,0.118,4.22,5.1,0.037,1.15
55.0,2.0,0.7,2.5,4.5,0.8,3600,0.8,136,69.9,15.98,0.66,1.54,0.118,4.22,5.1,0.037,1.15
55.0,3.0,0.7,2.5,3.0,0.4,7200,0.8,89,71.9,10.39,0.51,1.31,0.117,13.72,3.27,0.037,1.09
55.0,3.0,0.7,2.5,4.5,0.4,7200,0.8,89,71.9,10.39,0.51,1.31,0.117,13.72,3.27,0.037,1.09
55.0,3.0,1.0,2.5,3.0,0.8,7200,0.8,81,67.9,9.52,0.59,1.26,0.118,11.82,3.04,0.037,1.08
55.0,3.0,1.0,2.5,4.5,0.8,7200,0.8,81,67.9,9.52,0.59,1.26,0.118,11.82,3.04,0.037,1.08
55.0,4.0,1.5,2.5,3.0,0.6,3600,0.8,105,70.5,12.14,0.56,1.33,0.116,13.87,3.74,0.036,1.09
55.0,4.0,1.5,2.5,4.5,0.6,3600,0.8,105,70.5,12.14,0.56,1.33,0.116,13.87,3.74,0.036,1.09
55.0,2.0,0.7,1.5,4.5,0.8,14400,0.4,92,77.2,10.56,0.37,1.26,0.115,7.75,3.2,0.035,1.08
55.0,3.0,0.7,1.5,3.0,0.4,1200,0.2,83,77.1,9.56,0.38,1.28,0.115,11.56,2.92,0.035,1.08
55.0,3.0,0.7,1.5,4.5,0.4,1200,0.2,83,77.1,9.56,0.38,1.28,0.115,11.56,2.92,0.035,1.08
55.0,3.0,0.7,2.5,3.0,0.4,1200,0.2,83,77.1,9.56,0.38,1.28,0.115,11.56,2.92,0.035,1.08
55.0,3.0,0.7,2.5,4.5,0.4,1200,0.2,83,77.1,9.56,0.38,1.28,0.115,11.56,2.92,0.035,1.08
55.0,2.0,0.7,1.5,3.0,0.8,14400,0.4,92,77.2,10.48,0.37,1.26,0.114,7.75,3.12,0.034,1.07
55.0,3.0,0.7,1.5,3.0,0.6,1200,0.2,83,77.1,9.44,0.38,1.28,0.114,11.56,2.8,0.034,1.08
55.0,3.0,0.7,1.5,4.5,0.6,1200,0.2,83,77.1,9.44,0.38,1.28,0.114,11.56,2.8,0.034,1.08
55.0,3.0,0.7,2.5,3.0,0.6,1200,0.2,83,77.1,9.44,0.38,1.28,0.114,11.56,2.8,0.034,1.08
55.0,3.0,0.7,2.5,4.5,0.6,1200,0.2,83,77.1,9.44,0.38,1.28,0.114,11.56,2.8,0.034,1.08
55.0,4.0,0.7,1.5,3.0,0.4,1200,0.2,77,79.2,8.77,0.33,1.27,0.114,15.44,2.61,0.034,1.08
55.0,4.0,0.7,1.5,4.5,0.4,1200,0.2,77,79.2,8.77,0.33,1.27,0.114,15.44,2.61,0.034,1.08
55.0,4.0,0.7,2.5,3.0,0.4,1200,0.2,77,79.2,8.77,0.33,1.27,0.114,15.44,2.61,0.034,1.08
55.0,4.0,0.7,2.5,4.5,0.4,1200,0.2,77,79.2,8.77,0.33,1.27,0.114,15.44,2.61,0.034,1.08
55.0,3.0,0.7,1.5,3.0,0.6,7200,0.8,89,71.9,9.96,0.51,1.3,0.112,13.72,2.84,0.032,1.08
55.0,3.0,0.7,1.5,3.0,0.8,1200,0.2,83,77.1,9.32,0.38,1.28,0.112,11.56,2.68,0.032,1.08
55.0,3.0,0.7,1.5,4.5,0.6,7200,0.8,89,71.9,9.96,0.51,1.3,0.112,13.72,2.84,0.032,1.08
55.0,3.0,0.7,1.5,4.5,0.8,1200,0.2,83,77.1,9.32,0.38,1.28,0.112,11.56,2.68,0.032,1.08
55.0,3.0,0.7,2.5,3.0,0.8,1200,0.2,83,77.1,9.32,0.38,1.28,0.112,11.56,2.68,0.032,1.08
55.0,3.0,0.7,2.5,4.5,0.8,1200,0.2,83,77.1,9.32,0.38,1.28,0.112,11.56,2.68,0.032,1.08
55.0,3.0,1.0,1.5,3.0,0.8,7200,0.8,81,67.9,9.11,0.59,1.25,0.112,11.36,2.63,0.032,1.07
55.0,3.0,1.0,1.5,4.5,0.8,7200,0.8,81,67.9,9.11,0.59,1.25,0.112,11.36,2.63,0.032,1.07
55.0,4.0,0.7,1.5,3.0,0.6,1200,0.2,77,79.2,8.65,0.33,1.26,0.112,15.44,2.49,0.032,1.07
55.0,4.0,0.7,1.5,4.5,0.6,1200,0.2,77,79.2,8.65,0.33,1.26,0.112,15.44,2.49,0.032,1.07
55.0,4.0,0.7,2.5,3.0,0.6,1200,0.2,77,79.2,8.65,0.33,1.26,0.112,15.44,2.49,0.032,1.07
55.0,4.0,0.7,2.5,4.5,0.6,1200,0.2,77,79.2,8.65,0.33,1.26,0.112,15.44,2.49,0.032,1.07
55.0,2.0,0.7,1.5,3.0,0.8,7200,0.4,97,76.3,10.75,0.39,1.26,0.111,7.88,2.99,0.031,1.07
55.0,2.0,0.7,1.5,4.5,0.8,7200,0.4,97,76.3,10.75,0.39,1.26,0.111,7.88,2.99,0.031,1.07
55.0,4.0,0.7,1.5,3.0,0.8,1200,0.2,77,79.2,8.53,0.33,1.26,0.111,15.44,2.37,0.031,1.07
55.0,4.0,0.7,1.5,4.5,0.8,1200,0.2,77,79.2,8.53,0.33,1.26,0.111,15.44,2.37,0.031,1.07
55.0,4.0,0.7,2.5,3.0,0.8,1200,0.2,77,79.2,8.53,0.33,1.26,0.111,15.44,2.37,0.031,1.07
55.0,4.0,0.7,2.5,4.5,0.8,1200,0.2,77,79.2,8.53,0.33,1.26,0.111,15.44,2.37,0.031,1.07
55.0,3.0,1.5,2.5,3.0,0.8,2400,0.8,121,67.8,13.26,0.72,1.52,0.11,7.54,3.58,0.03,1.12
55.0,3.0,1.5,2.5,4.5,0.8,2400,0.8,121,67.8,13.26,0.72,1.52,0.11,7.54,3.58,0.03,1.12
55.0,4.0,1.5,2.5,3.0,0.4,3600,0.8,105,70.5,11.55,0.55,1.31,0.11,13.87,3.15,0.03,1.08
55.0,4.0,1.5,2.5,4.5,0.4,3600,0.8,105,70.5,11.55,0.55,1.31,0.11,13.87,3.15,0.03,1.08
55.0,5.0,0.7,2.5,3.0,0.8,7200,0.8,76,77.6,8.3,0.36,1.26,0.109,13.61,2.23,0.029,1.07
55.0,5.0,0.7,2.5,4.5,0.8,7200,0.8,76,77.6,8.3,0.36,1.26,0.109,13.61,2.23,0.029,1.07
55.0,3.0,0.7,1.5,3.0,0.4,7200,0.8,89,71.9,9.57,0.5,1.29,0.108,13.82,2.45,0.028,1.07
55.0,3.0,0.7,1.5,4.5,0.4,7200,0.8,89,71.9,9.57,0.5,1.29,0.108,13.82,2.45,0.028,1.07
55.0,4.0,1.5,2.5,3.0,0.6,7200,0.8,72,69.4,7.79,0.53,1.2,0.108,15.2,2.03,0.028,1.05
55.0,4.0,1.5,2.5,4.5,0.6,7200,0.8,72,69.4,7.79,0.53,1.2,0.108,15.2,2.03,0.028,1.05
55.0,2.0,1.5,2.5,3.0,0.4,1200,0.2,91,64.8,9.75,0.66,1.21,0.107,8.67,2.47,0.027,1.05
55.0,2.0,1.5,2.5,4.5,0.4,1200,0.2,91,64.8,9.75,0.66,1.21,0.107,8.67,2.47,0.027,1.05
55.0,4.0,1.0,2.5,3.0,0.8,3600,0.8,104,71.2,11.14,0.54,1.34,0.107,14.17,2.82,0.027,1.08
55.0,4.0,1.0,2.5,4.5,0.8,3600,0.8,104,71.2,11.14,0.54,1.34,0.107,14.17,2.82,0.027,1.08
55.0,2.0,0.7,1.5,3.0,0.4,2400,0.2,98,78.6,10.37,0.34,1.26,0.106,7.13,2.53,0.026,1.06
55.0,2.0,0.7,1.5,4.5,0.4,2400,0.2,98,78.6,10.37,0.34,1.26,0.106,7.13,2.53,0.026,1.06
55.0,3.0,0.7,2.5,3.0,0.8,7200,0.8,89,71.9,9.45,0.5,1.28,0.106,14.04,2.33,0.026,1.07
55.0,3.0,0.7,2.5,4.5,0.8,7200,0.8,89,71.9,9.45,0.5,1.28,0.106,14.04,2.33,0.026,1.07
55.0,2.0,0.7,2.5,3.0,0.4,2400,0.2,98,78.6,10.31,0.34,1.26,0.105,7.13,2.47,0.025,1.06
55.0,2.0,0.7,2.5,4.5,0.4,2400,0.2,98,78.6,10.31,0.34,1.26,0.105,7.13,2.47,0.025,1.06
55.0,4.0,0.7,1.5,3.0,0.4,1200,0.4,114,68.4,11.99,0.67,1.44,0.105,11.04,2.87,0.025,1.09
55.0,4.0,0.7,1.5,4.5,0.4,1200,0.4,114,68.4,11.99,0.67,1.44,0.105,11.04,2.87,0.025,1.09
55.0,4.0,0.7,2.5,3.0,0.4,1200,0.4,114,68.4,11.99,0.67,1.44,0.105,11.04,2.87,0.025,1.09
55.0,4.0,0.7,2.5,4.5,0.4,1200,0.4,114,68.4,11.99,0.67,1.44,0.105,11.04,2.87,0.025,1.09
55.0,4.0,1.0,1.5,3.0,0.8,3600,0.8,104,71.2,10.95,0.54,1.33,0.105,14.17,2.63,0.025,1.07
55.0,4.0,1.0,1.5,4.5,0.8,3600,0.8,104,71.2,10.95,0.54,1.33,0.105,14.17,2.63,0.025,1.07
55.0,5.0,0.7,1.5,3.0,0.8,7200,0.8,76,77.6,7.99,0.36,1.25,0.105,13.43,1.91,0.025,1.06
55.0,5.0,0.7,1.5,4.5,0.8,7200,0.8,76,77.6,7.99,0.36,1.25,0.105,13.43,1.91,0.025,1.06
55.0,2.0,0.7,1.5,3.0,0.6,2400,0.2,98,78.6,10.19,0.34,1.25,0.104,7.18,2.36,0.024,1.06
55.0,2.0,0.7,1.5,4.5,0.6,2400,0.2,98,78.6,10.19,0.34,1.25,0.104,7.18,2.36,0.024,1.06
55.0,4.0,0.7,1.5,3.0,0.6,1200,0.4,114,68.4,11.87,0.66,1.44,0.104,11.04,2.75,0.024,1.09
55.0,4.0,0.7,1.5,4.5,0.6,1200,0.4,114,68.4,11.87,0.66,1.44,0.104,11.04,2.75,0.024,1.09
55.0,4.0,0.7,2.5,3.0,0.6,1200,0.4,114,68.4,11.87,0.66,1.44,0.104,11.04,2.75,0.024,1.09
55.0,4.0,0.7,2.5,4.5,0.6,1200,0.4,114,68.4,11.87,0.66,1.44,0.104,11.04,2.75,0.024,1.09
55.0,2.0,0.7,1.5,3.0,0.8,2400,0.2,98,78.6,10.07,0.34,1.25,0.103,7.18,2.24,0.023,1.05
55.0,2.0,0.7,1.5,4.5,0.8,2400,0.2,98,78.6,10.07,0.34,1.25,0.103,7.18,2.24,0.023,1.05
55.0,2.0,0.7,2.5,3.0,0.4,3600,0.4,113,71.7,11.59,0.51,1.29,0.103,6.85,2.55,0.023,1.06
55.0,2.0,0.7,2.5,3.0,0.6,2400,0.2,98,78.6,10.13,0.34,1.25,0.103,7.18,2.29,0.023,1.05
55.0,2.0,0.7,2.5,4.5,0.4,3600,0.4,113,71.7,11.59,0.51,1.29,0.103,6.85,2.55,0.023,1.06
55.0,2.0,0.7,2.5,4.5,0.6,2400,0.2,98,78.6,10.13,0.34,1.25,0.103,7.18,2.29,0.023,1.05
55.0,4.0,0.7,1.5,3.0,0.8,1200,0.4,114,68.4,11.75,0.66,1.43,0.103,11.04,2.63,0.023,1.09
55.0,4.0,0.7,1.5,4.5,0.8,1200,0.4,114,68.4,11.75,0.66,1.43,0.103,11.04,2.63,0.023,1.09
55.0,4.0,0.7,2.5,3.0,0.8,1200,0.4,114,68.4,11.75,0.66,1.43,0.103,11.04,2.63,0.023,1.09
55.0,4.0,0.7,2.5,4.5,0.8,1200,0.4,114,68.4,11.75,0.66,1.43,0.103,11.04,2.63,0.023,1.09
55.0,5.0,0.7,2.5,3.0,0.8,3600,0.8,111,74.8,11.41,0.47,1.39,0.103,10.45,2.53,0.023,1.08
55.0,5.0,0.7,2.5,4.5,0.8,3600,0.8,111,74.8,11.41,0.47,1.39,0.103,10.45,2.53,0.023,1.08
55.0,2.0,0.7,1.5,3.0,0.4,3600,0.4,113,71.7,11.48,0.51,1.29,0.102,6.94,2.44,0.022,1.06
55.0,2.0,0.7,1.5,4.5,0.4,3600,0.4,113,71.7,11.48,0.51,1.29,0.102,6.94,2.44,0.022,1.06
55.0,2.0,0.7,2.5,3.0,0.8,2400,0.2,98,78.6,10.01,0.34,1.25,0.102,7.18,2.17,0.022,1.05
55.0,2.0,0.7,2.5,4.5,0.8,2400,0.2,98,78.6,10.01,0.34,1.25,0.102,7.18,2.17,0.022,1.05
55.0,4.0,1.5,2.5,3.0,0.4,7200,0.8,72,69.4,7.33,0.52,1.19,0.102,14.92,1.57,0.022,1.04
55.0,4.0,1.5,2.5,4.5,0.4,7200,0.8,72,69.4,7.33,0.52,1.19,0.102,14.92,1.57,0.022,1.04
55.0,3.0,0.7,1.5,3.0,0.8,7200,0.8,89,71.9,8.98,0.5,1.27,0.101,13.9,1.86,0.021,1.05
55.0,3.0,0.7,1.5,4.5,0.8,7200,0.8,89,71.9,8.98,0.5,1.27,0.101,13.9,1.86,0.021,1.05
55.0,5.0,0.7,1.5,3.0,0.8,3600,0.8,111,74.8,11.25,0.47,1.39,0.101,10.45,2.37,0.021,1.07
55.0,5.0,0.7,1.5,4.5,0.8,3600,0.8,111,74.8,11.25,0.47,1.39,0.101,10.45,2.37,0.021,1.07
55.0,2.0,0.7,2.5,3.0,0.6,3600,0.4,113,71.7,11.3,0.51,1.28,0.1,6.92,2.26,0.02,1.05
55.0,2.0,0.7,2.5,4.5,0.6,3600,0.4,113,71.7,11.3,0.51,1.28,0.1,6.92,2.26,0.02,1.05
55.0,2.0,1.5,2.5,3.0,0.8,1200,0.4,111,62.2,11.02,0.81,1.34,0.099,8.39,2.13,0.019,1.06
55.0,2.0,1.5,2.5,4.5,0.8,1200,0.4,111,62.2,11.02,0.81,1.34,0.099,8.39,2.13,0.019,1.06
55.0,2.0,0.7,1.5,3.0,0.6,3600,0.4,113,71.7,11.13,0.51,1.28,0.098,7.01,2.09,0.018,1.05
55.0,2.0,0.7,1.5,4.5,0.6,3600,0.4,113,71.7,11.13,0.51,1.28,0.098,7.01,2.09,0.018,1.05
55.0,2.0,0.7,2.5,3.0,0.8,3600,0.4,113,71.7,10.82,0.5,1.27,0.096,6.92,1.78,0.016,1.04
55.0,2.0,0.7,2.5,4.5,0.8,3600,0.4,113,71.7,10.82,0.5,1.27,0.096,6.92,1.78,0.016,1.04
55.0,3.0,1.5,2.5,3.0,0.4,2400,0.8,122,67.2,11.68,0.69,1.41,0.096,7.54,1.92,0.016,1.06
55.0,3.0,1.5,2.5,4.5,0.4,2400,0.8,122,67.2,11.68,0.69,1.41,0.096,7.54,1.92,0.016,1.06
55.0,2.0,0.7,1.5,3.0,0.8,3600,0.4,113,71.7,10.72,0.5,1.27,0.095,7.01,1.68,0.015,1.04
55.0,2.0,0.7,1.5,4.5,0.8,3600,0.4,113,71.7,10.72,0.5,1.27,0.095,7.01,1.68,0.015,1.04
55.0,4.0,0.7,2.5,3.0,0.6,7200,0.8,80,73.8,7.61,0.43,1.22,0.095,17.24,1.21,0.015,1.03
55.0,4.0,0.7,2.5,4.5,0.6,7200,0.8,80,73.8,7.61,0.43,1.22,0.095,17.24,1.21,0.015,1.03
55.0,3.0,1.5,2.5,3.0,0.6,2400,0.8,122,67.2,11.51,0.69,1.41,0.094,7.54,1.75,0.014,1.05
55.0,3.0,1.5,2.5,4.5,0.6,2400,0.8,122,67.2,11.51,0.69,1.41,0.094,7.54,1.75,0.014,1.05
55.0,4.0,1.0,2.5,3.0,0.6,7200,0.8,72,69.4,6.67,0.51,1.17,0.093,16.47,0.91,0.013,1.02
55.0,4.0,1.0,2.5,4.5,0.6,7200,0.8,72,69.4,6.67,0.51,1.17,0.093,16.47,0.91,0.013,1.02
55.0,2.0,0.7,1.5,3.0,0.4,1200,0.4,123,65.0,11.28,0.75,1.39,0.092,5.92,1.44,0.012,1.04
55.0,2.0,0.7,1.5,4.5,0.4,1200,0.4,123,65.0,11.28,0.75,1.39,0.092,5.92,1.44,0.012,1.04
55.0,2.0,0.7,2.5,3.0,0.4,1200,0.4,123,65.0,11.28,0.75,1.39,0.092,5.92,1.44,0.012,1.04
55.0,2.0,0.7,2.5,4.5,0.4,1200,0.4,123,65.0,11.28,0.75,1.39,0.092,5.92,1.44,0.012,1.04
55.0,2.0,0.7,1.5,3.0,0.6,1200,0.4,123,65.0,11.16,0.74,1.38,0.091,5.92,1.32,0.011,1.04
55.0,2.0,0.7,1.5,4.5,0.6,1200,0.4,123,65.0,11.16,0.74,1.38,0.091,5.92,1.32,0.011,1.04
55.0,2.0,0.7,2.5,3.0,0.6,1200,0.4,123,65.0,11.16,0.74,1.38,0.091,5.92,1.32,0.011,1.04
55.0,2.0,0.7,2.5,4.5,0.6,1200,0.4,123,65.0,11.16,0.74,1.38,0.091,5.92,1.32,0.011,1.04
55.0,4.0,0.7,2.5,3.0,0.4,7200,0.8,80,73.8,7.26,0.43,1.21,0.091,17.29,0.86,0.011,1.02
55.0,4.0,0.7,2.5,4.5,0.4,7200,0.8,80,73.8,7.26,0.43,1.21,0.091,17.29,0.86,0.011,1.02
55.0,2.0,0.7,1.5,3.0,0.8,1200,0.4,123,65.0,11.04,0.74,1.38,0.09,5.92,1.2,0.01,1.04
55.0,2.0,0.7,1.5,4.5,0.8,1200,0.4,123,65.0,11.04,0.74,1.38,0.09,5.92,1.2,0.01,1.04
55.0,2.0,0.7,2.5,3.0,0.8,1200,0.4,123,65.0,11.04,0.74,1.38,0.09,5.92,1.2,0.01,1.04
55.0,2.0,0.7,2.5,4.5,0.8,1200,0.4,123,65.0,11.04,0.74,1.38,0.09,5.92,1.2,0.01,1.04
55.0,3.0,1.0,1.5,3.0,0.4,2400,0.8,122,67.2,10.82,0.67,1.38,0.089,7.54,1.06,0.009,1.03
55.0,3.0,1.0,1.5,4.5,0.4,2400,0.8,122,67.2,10.82,0.67,1.38,0.089,7.54,1.06,0.009,1.03
55.0,3.0,1.0,2.5,3.0,0.4,2400,0.8,122,67.2,10.91,0.68,1.38,0.089,7.54,1.15,0.009,1.04
55.0,3.0,1.0,2.5,4.5,0.4,2400,0.8,122,67.2,10.91,0.68,1.38,0.089,7.54,1.15,0.009,1.04
55.0,4.0,1.0,2.5,3.0,0.4,7200,0.8,72,69.4,6.44,0.51,1.16,0.089,16.03,0.68,0.009,1.02
55.0,4.0,1.0,2.5,4.5,0.4,7200,0.8,72,69.4,6.44,0.51,1.16,0.089,16.03,0.68,0.009,1.02
55.0,4.0,1.0,2.5,3.0,0.4,3600,0.8,105,70.5,9.29,0.52,1.25,0.088,14.17,0.89,0.008,1.02
55.0,4.0,1.0,2.5,4.5,0.4,3600,0.8,105,70.5,9.29,0.52,1.25,0.088,14.17,0.89,0.008,1.02
55.0,2.0,0.7,1.5,3.0,0.4,1200,0.2,102,71.6,8.88,0.49,1.23,0.087,8.95,0.72,0.007,1.02
55.0,2.0,0.7,1.5,4.5,0.4,1200,0.2,102,71.6,8.88,0.49,1.23,0.087,8.95,0.72,0.007,1.02
55.0,2.0,0.7,2.5,3.0,0.4,1200,0.2,102,71.6,8.88,0.49,1.23,0.087,8.95,0.72,0.007,1.02
55.0,2.0,0.7,2.5,4.5,0.4,1200,0.2,102,71.6,8.88,0.49,1.23,0.087,8.95,0.72,0.007,1.02
55.0,3.0,1.0,1.5,3.0,0.6,2400,0.8,122,67.2,10.64,0.67,1.37,0.087,7.54,0.87,0.007,1.03
55.0,3.0,1.0,1.5,4.5,0.6,2400,0.8,122,67.2,10.64,0.67,1.37,0.087,7.54,0.87,0.007,1.03
55.0,3.0,1.0,2.5,3.0,0.6,2400,0.8,122,67.2,10.66,0.67,1.38,0.087,7.54,0.9,0.007,1.03
55.0,3.0,1.0,2.5,4.5,0.6,2400,0.8,122,67.2,10.66,0.67,1.38,0.087,7.54,0.9,0.007,1.03
55.0,4.0,0.7,1.5,3.0,0.6,7200,0.8,80,73.8,6.95,0.43,1.2,0.087,17.18,0.55,0.007,1.02
55.0,4.0,0.7,1.5,4.5,0.6,7200,0.8,80,73.8,6.95,0.43,1.2,0.087,17.18,0.55,0.007,1.02
55.0,2.0,0.7,1.5,3.0,0.6,1200,0.2,102,71.6,8.76,0.49,1.23,0.086,8.95,0.6,0.006,1.01
55.0,2.0,0.7,1.5,4.5,0.6,1200,0.2,102,71.6,8.76,0.49,1.23,0.086,8.95,0.6,0.006,1.01
55.0,2.0,0.7,2.5,3.0,0.6,1200,0.2,102,71.6,8.76,0.49,1.23,0.086,8.95,0.6,0.006,1.01
55.0,2.0,0.7,2.5,4.5,0.6,1200,0.2,102,71.6,8.76,0.49,1.23,0.086,8.95,0.6,0.006,1.01
55.0,2.0,1.0,2.5,3.0,0.4,1200,0.2,91,64.8,7.85,0.63,1.17,0.086,9.08,0.57,0.006,1.01
55.0,2.0,1.0,2.5,4.5,0.4,1200,0.2,91,64.8,7.85,0.63,1.17,0.086,9.08,0.57,0.006,1.01
55.0,3.0,1.0,1.5,3.0,0.8,2400,0.8,122,67.2,10.46,0.67,1.37,0.086,7.54,0.7,0.006,1.02
55.0,3.0,1.0,1.5,4.5,0.8,2400,0.8,122,67.2,10.46,0.67,1.37,0.086,7.54,0.7,0.006,1.02
55.0,2.0,0.7,1.5,3.0,0.8,1200,0.2,102,71.6,8.64,0.49,1.22,0.085,8.95,0.48,0.005,1.01
55.0,2.0,0.7,1.5,4.5,0.8,1200,0.2,102,71.6,8.64,0.49,1.22,0.085,8.95,0.48,0.005,1.01
55.0,2.0,0.7,2.5,3.0,0.8,1200,0.2,102,71.6,8.64,0.49,1.22,0.085,8.95,0.48,0.005,1.01
55.0,2.0,0.7,2.5,4.5,0.8,1200,0.2,102,71.6,8.64,0.49,1.22,0.085,8.95,0.48,0.005,1.01
55.0,3.0,1.0,2.5,3.0,0.8,2400,0.8,122,67.2,10.42,0.67,1.37,0.085,7.54,0.66,0.005,1.02
55.0,3.0,1.0,2.5,4.5,0.8,2400,0.8,122,67.2,10.42,0.67,1.37,0.085,7.54,0.66,0.005,1.02
55.0,4.0,1.0,1.5,3.0,0.4,3600,0.8,105,70.5,8.92,0.52,1.24,0.085,14.17,0.52,0.005,1.01
55.0,4.0,1.0,1.5,4.5,0.4,3600,0.8,105,70.5,8.92,0.52,1.24,0.085,14.17,0.52,0.005,1.01
55.0,2.0,1.0,1.5,3.0,0.4,1200,0.2,91,64.8,7.67,0.63,1.16,0.084,9.08,0.38,0.004,1.01
55.0,2.0,1.0,1.5,4.5,0.4,1200,0.2,91,64.8,7.67,0.63,1.16,0.084,9.08,0.38,0.004,1.01
55.0,4.0,1.0,2.5,3.0,0.6,3600,0.8,105,70.5,8.75,0.52,1.24,0.083,14.17,0.35,0.003,1.01
55.0,4.0,1.0,2.5,4.5,0.6,3600,0.8,105,70.5,8.75,0.52,1.24,0.083,14.17,0.35,0.003,1.01
55.0,4.0,0.7,2.5,3.0,0.8,7200,0.8,80,73.8,6.56,0.42,1.19,0.082,17.37,0.16,0.002,1.0
55.0,4.0,0.7,2.5,4.5,0.8,7200,0.8,80,73.8,6.56,0.42,1.19,0.082,17.37,0.16,0.002,1.0
55.0,2.0,1.0,1.5,3.0,0.6,1200,0.2,91,64.8,7.36,0.63,1.16,0.081,9.16,0.08,0.001,1.0
55.0,2.0,1.0,1.5,4.5,0.6,1200,0.2,91,64.8,7.36,0.63,1.16,0.081,9.16,0.08,0.001,1.0
55.0,2.0,1.0,2.5,3.0,0.6,1200,0.2,91,64.8,7.41,0.63,1.16,0.081,9.16,0.13,0.001,1.0
55.0,2.0,1.0,2.5,4.5,0.6,1200,0.2,91,64.8,7.41,0.63,1.16,0.081,9.16,0.13,0.001,1.0
55.0,4.0,1.0,1.5,3.0,0.6,3600,0.8,105,70.5,8.46,0.52,1.23,0.081,14.17,0.06,0.001,1.0
55.0,4.0,1.0,1.5,3.0,0.6,7200,0.8,72,69.4,5.81,0.51,1.15,0.081,16.3,0.05,0.001,1.0
55.0,4.0,1.0,1.5,4.5,0.6,3600,0.8,105,70.5,8.46,0.52,1.23,0.081,14.17,0.06,0.001,1.0
55.0,4.0,1.0,1.5,4.5,0.6,7200,0.8,72,69.4,5.81,0.51,1.15,0.081,16.3,0.05,0.001,1.0
55.0,4.0,0.7,1.5,3.0,0.4,7200,0.8,80,73.8,6.44,0.42,1.18,0.08,17.4,0.04,0.0,1.0
55.0,4.0,0.7,1.5,4.5,0.4,7200,0.8,80,73.8,6.44,0.42,1.18,0.08,17.4,0.04,0.0,1.0
55.0,2.0,0.7,1.5,3.0,0.4,2400,0.4,115,73.0,9.11,0.46,1.24,0.079,7.89,-0.09,-0.001,1.0
55.0,2.0,0.7,1.5,4.5,0.4,2400,0.4,115,73.0,9.11,0.46,1.24,0.079,7.89,-0.09,-0.001,1.0
55.0,2.0,0.7,2.5,3.0,0.4,2400,0.4,115,73.0,9.05,0.46,1.24,0.079,7.89,-0.15,-0.001,1.0
55.0,2.0,0.7,2.5,4.5,0.4,2400,0.4,115,73.0,9.05,0.46,1.24,0.079,7.89,-0.15,-0.001,1.0
55.0,2.0,1.0,1.5,3.0,0.8,1200,0.2,91,64.8,7.23,0.63,1.16,0.079,9.16,-0.05,-0.001,1.0
55.0,2.0,1.0,1.5,4.5,0.8,1200,0.2,91,64.8,7.23,0.63,1.16,0.079,9.16,-0.05,-0.001,1.0
55.0,2.0,1.5,2.5,3.0,0.6,2400,0.8,132,65.2,10.4,0.71,1.33,0.079,5.98,-0.16,-0.001,1.0
55.0,2.0,1.5,2.5,4.5,0.6,2400,0.8,132,65.2,10.4,0.71,1.33,0.079,5.98,-0.16,-0.001,1.0
55.0,2.0,0.7,1.5,3.0,0.6,2400,0.4,115,73.0,8.92,0.46,1.24,0.078,7.91,-0.28,-0.002,0.99
55.0,2.0,0.7,1.5,4.5,0.6,2400,0.4,115,73.0,8.92,0.46,1.24,0.078,7.91,-0.28,-0.002,0.99
55.0,2.0,0.7,2.5,3.0,0.4,14400,0.8,94,71.3,7.31,0.47,1.17,0.078,9.04,-0.21,-0.002,1.0
55.0,2.0,0.7,2.5,4.5,0.4,14400,0.8,94,71.3,7.31,0.47,1.17,0.078,9.04,-0.21,-0.002,1.0
55.0,2.0,1.0,2.5,3.0,0.8,1200,0.2,91,64.8,7.14,0.63,1.15,0.078,9.16,-0.14,-0.002,1.0
55.0,2.0,1.0,2.5,4.5,0.8,1200,0.2,91,64.8,7.14,0.63,1.15,0.078,9.16,-0.14,-0.002,1.0
55.0,2.0,0.7,2.5,3.0,0.6,2400,0.4,115,73.0,8.86,0.46,1.24,0.077,7.91,-0.34,-0.003,0.99
55.0,2.0,0.7,2.5,4.5,0.6,2400,0.4,115,73.0,8.86,0.46,1.24,0.077,7.91,-0.34,-0.003,0.99
55.0,2.0,1.5,2.5,3.0,0.4,2400,0.8,132,65.2,10.21,0.71,1.32,0.077,5.85,-0.35,-0.003,0.99
55.0,2.0,1.5,2.5,4.5,0.4,2400,0.8,132,65.2,10.21,0.71,1.32,0.077,5.85,-0.35,-0.003,0.99
55.0,2.0,0.7,1.5,3.0,0.4,2400,0.8,140,67.9,10.67,0.65,1.38,0.076,4.3,-0.53,-0.004,0.98
55.0,2.0,0.7,1.5,3.0,0.8,2400,0.4,115,73.0,8.8,0.46,1.23,0.077,7.91,-0.4,-0.004,0.99
55.0,2.0,0.7,1.5,4.5,0.4,2400,0.8,140,67.9,10.67,0.65,1.38,0.076,4.3,-0.53,-0.004,0.98
55.0,2.0,0.7,1.5,4.5,0.8,2400,0.4,115,73.0,8.8,0.46,1.23,0.077,7.91,-0.4,-0.004,0.99
55.0,2.0,0.7,2.5,3.0,0.4,2400,0.8,140,67.9,10.61,0.65,1.37,0.076,4.3,-0.59,-0.004,0.98
55.0,2.0,0.7,2.5,3.0,0.8,2400,0.4,115,73.0,8.74,0.45,1.23,0.076,7.91,-0.46,-0.004,0.99
55.0,2.0,0.7,2.5,4.5,0.4,2400,0.8,140,67.9,10.61,0.65,1.37,0.076,4.3,-0.59,-0.004,0.98
55.0,2.0,0.7,2.5,4.5,0.8,2400,0.4,115,73.0,8.74,0.45,1.23,0.076,7.91,-0.46,-0.004,0.99
55.0,4.0,0.7,1.5,3.0,0.8,7200,0.8,80,73.8,6.09,0.42,1.18,0.076,17.23,-0.31,-0.004,0.99
55.0,4.0,0.7,1.5,4.5,0.8,7200,0.8,80,73.8,6.09,0.42,1.18,0.076,17.23,-0.31,-0.004,0.99
55.0,2.0,0.7,1.5,3.0,0.6,2400,0.8,140,67.9,10.47,0.65,1.37,0.075,4.3,-0.73,-0.005,0.98
55.0,2.0,0.7,1.5,4.5,0.6,2400,0.8,140,67.9,10.47,0.65,1.37,0.075,4.3,-0.73,-0.005,0.98
55.0,5.0,0.7,2.5,3.0,0.4,3600,0.8,112,74.1,8.43,0.44,1.25,0.075,10.45,-0.53,-0.005,0.99
55.0,5.0,0.7,2.5,4.5,0.4,3600,0.8,112,74.1,8.43,0.44,1.25,0.075,10.45,-0.53,-0.005,0.99
55.0,2.0,0.7,1.5,3.0,0.8,2400,0.8,140,67.9,10.35,0.65,1.37,0.074,4.3,-0.85,-0.006,0.97
55.0,2.0,0.7,1.5,4.5,0.8,2400,0.8,140,67.9,10.35,0.65,1.37,0.074,4.3,-0.85,-0.006,0.97
55.0,2.0,0.7,2.5,3.0,0.6,2400,0.8,140,67.9,10.41,0.65,1.37,0.074,4.3,-0.79,-0.006,0.98
55.0,2.0,0.7,2.5,3.0,0.8,2400,0.8,140,67.9,10.29,0.65,1.36,0.074,4.3,-0.91,-0.006,0.97
55.0,2.0,0.7,2.5,4.5,0.6,2400,0.8,140,67.9,10.41,0.65,1.37,0.074,4.3,-0.79,-0.006,0.98
55.0,2.0,0.7,2.5,4.5,0.8,2400,0.8,140,67.9,10.29,0.65,1.36,0.074,4.3,-0.91,-0.006,0.97
55.0,4.0,1.0,1.5,3.0,0.4,7200,0.8,72,69.4,5.35,0.5,1.14,0.074,16.25,-0.41,-0.006,0.99
55.0,4.0,1.0,1.5,4.5,0.4,7200,0.8,72,69.4,5.35,0.5,1.14,0.074,16.25,-0.41,-0.006,0.99
55.0,4.0,1.0,2.5,3.0,0.8,7200,0.8,72,69.4,5.3,0.5,1.13,0.074,17.08,-0.46,-0.006,0.99
55.0,4.0,1.0,2.5,4.5,0.8,7200,0.8,72,69.4,5.3,0.5,1.13,0.074,17.08,-0.46,-0.006,0.99
55.0,5.0,0.7,1.5,3.0,0.4,3600,0.8,112,74.1,8.32,0.43,1.24,0.074,10.45,-0.63,-0.006,0.98
55.0,5.0,0.7,1.5,4.5,0.4,3600,0.8,112,74.1,8.32,0.43,1.24,0.074,10.45,-0.63,-0.006,0.98
55.0,2.0,1.0,1.5,3.0,0.4,2400,0.8,132,65.2,9.32,0.69,1.29,0.071,5.72,-1.24,-0.009,0.97
55.0,2.0,1.0,1.5,4.5,0.4,2400,0.8,132,65.2,9.32,0.69,1.29,0.071,5.72,-1.24,-0.009,0.97
55.0,2.0,1.0,2.5,3.0,0.4,2400,0.8,132,65.2,9.41,0.69,1.29,0.071,5.72,-1.15,-0.009,0.97
55.0,2.0,1.0,2.5,4.5,0.4,2400,0.8,132,65.2,9.41,0.69,1.29,0.071,5.72,-1.15,-0.009,0.97
55.0,5.0,0.7,2.5,3.0,0.6,3600,0.8,112,74.1,7.98,0.43,1.23,0.071,10.53,-0.98,-0.009,0.97
55.0,5.0,0.7,2.5,4.5,0.6,3600,0.8,112,74.1,7.98,0.43,1.23,0.071,10.53,-0.98,-0.009,0.97
55.0,2.0,0.7,2.5,3.0,0.6,14400,0.8,94,71.3,6.62,0.47,1.16,0.07,8.66,-0.9,-0.01,0.98
55.0,2.0,0.7,2.5,4.5,0.6,14400,0.8,94,71.3,6.62,0.47,1.16,0.07,8.66,-0.9,-0.01,0.98
55.0,5.0,0.7,1.5,3.0,0.6,3600,0.8,112,74.1,7.81,0.43,1.23,0.07,10.53,-1.15,-0.01,0.97
55.0,5.0,0.7,1.5,4.5,0.6,3600,0.8,112,74.1,7.81,0.43,1.23,0.07,10.53,-1.15,-0.01,0.97
55.0,2.0,1.0,1.5,3.0,0.6,2400,0.8,132,65.2,8.94,0.68,1.28,0.068,5.78,-1.62,-0.012,0.96
55.0,2.0,1.0,1.5,4.5,0.6,2400,0.8,132,65.2,8.94,0.68,1.28,0.068,5.78,-1.62,-0.012,0.96
55.0,2.0,1.0,2.5,3.0,0.6,2400,0.8,132,65.2,8.96,0.68,1.28,0.068,5.78,-1.6,-0.012,0.96
55.0,2.0,1.0,2.5,4.5,0.6,2400,0.8,132,65.2,8.96,0.68,1.28,0.068,5.78,-1.6,-0.012,0.96
55.0,2.0,1.5,2.5,3.0,0.6,14400,0.8,89,65.2,6.01,0.6,1.12,0.068,9.9,-1.11,-0.012,0.98
55.0,2.0,1.5,2.5,4.5,0.6,14400,0.8,89,65.2,6.01,0.6,1.12,0.068,9.9,-1.11,-0.012,0.98
55.0,4.0,1.0,1.5,3.0,0.8,7200,0.8,72,69.4,4.89,0.49,1.12,0.068,16.62,-0.87,-0.012,0.98
55.0,4.0,1.0,1.5,4.5,0.8,7200,0.8,72,69.4,4.89,0.49,1.12,0.068,16.62,-0.87,-0.012,0.98
55.0,4.0,1.5,2.5,3.0,0.8,7200,0.8,72,69.4,4.9,0.49,1.12,0.068,15.89,-0.86,-0.012,0.98
55.0,4.0,1.5,2.5,4.5,0.8,7200,0.8,72,69.4,4.9,0.49,1.12,0.068,15.89,-0.86,-0.012,0.98
55.0,2.0,1.0,1.5,3.0,0.8,2400,0.8,132,65.2,8.74,0.68,1.27,0.066,5.78,-1.82,-0.014,0.95
55.0,2.0,1.0,1.5,4.5,0.8,2400,0.8,132,65.2,8.74,0.68,1.27,0.066,5.78,-1.82,-0.014,0.95
55.0,2.0,1.0,2.5,3.0,0.8,2400,0.8,132,65.2,8.69,0.68,1.27,0.066,5.78,-1.87,-0.014,0.95
55.0,2.0,1.0,2.5,4.5,0.8,2400,0.8,132,65.2,8.69,0.68,1.27,0.066,5.78,-1.87,-0.014,0.95
55.0,4.0,0.7,2.5,3.0,0.8,3600,0.8,115,72.2,7.64,0.47,1.23,0.066,14.28,-1.56,-0.014,0.96
55.0,4.0,0.7,2.5,4.5,0.8,3600,0.8,115,72.2,7.64,0.47,1.23,0.066,14.28,-1.56,-0.014,0.96
55.0,2.0,0.7,1.5,3.0,0.4,14400,0.8,94,71.3,6.09,0.46,1.14,0.065,9.04,-1.43,-0.015,0.97
55.0,2.0,0.7,1.5,4.5,0.4,14400,0.8,94,71.3,6.09,0.46,1.14,0.065,9.04,-1.43,-0.015,0.97
55.0,4.0,0.7,1.5,3.0,0.8,3600,0.8,115,72.2,7.48,0.47,1.23,0.065,14.28,-1.72,-0.015,0.95
55.0,4.0,0.7,1.5,4.5,0.8,3600,0.8,115,72.2,7.48,0.47,1.23,0.065,14.28,-1.72,-0.015,0.95
55.0,2.0,0.7,1.5,3.0,0.6,14400,0.8,94,71.3,5.62,0.46,1.13,0.06,8.74,-1.9,-0.02,0.96
55.0,2.0,0.7,1.5,4.5,0.6,14400,0.8,94,71.3,5.62,0.46,1.13,0.06,8.74,-1.9,-0.02,0.96
55.0,2.0,1.5,2.5,3.0,0.4,14400,0.8,89,65.2,5.36,0.59,1.11,0.06,10.24,-1.76,-0.02,0.97
55.0,2.0,1.5,2.5,4.5,0.4,14400,0.8,89,65.2,5.36,0.59,1.11,0.06,10.24,-1.76,-0.02,0.97
55.0,2.0,1.5,2.5,3.0,0.8,2400,0.8,132,65.2,7.65,0.66,1.24,0.058,6.69,-2.91,-0.022,0.92
55.0,2.0,1.5,2.5,4.5,0.8,2400,0.8,132,65.2,7.65,0.66,1.24,0.058,6.69,-2.91,-0.022,0.92
55.0,3.0,0.7,1.5,3.0,0.4,2400,0.8,131,68.7,7.51,0.57,1.26,0.057,7.37,-2.97,-0.023,0.91
55.0,3.0,0.7,1.5,4.5,0.4,2400,0.8,131,68.7,7.51,0.57,1.26,0.057,7.37,-2.97,-0.023,0.91
55.0,3.0,0.7,2.5,3.0,0.4,2400,0.8,131,68.7,7.45,0.57,1.26,0.057,7.37,-3.03,-0.023,0.91
55.0,3.0,0.7,2.5,4.5,0.4,2400,0.8,131,68.7,7.45,0.57,1.26,0.057,7.37,-3.03,-0.023,0.91
55.0,2.0,1.0,2.5,3.0,0.4,14400,0.8,89,65.2,5.01,0.59,1.1,0.056,9.74,-2.11,-0.024,0.96
55.0,2.0,1.0,2.5,4.5,0.4,14400,0.8,89,65.2,5.01,0.59,1.1,0.056,9.74,-2.11,-0.024,0.96
55.0,2.0,1.5,2.5,3.0,0.6,7200,0.8,99,60.6,5.53,0.72,1.12,0.056,8.32,-2.39,-0.024,0.95
55.0,2.0,1.5,2.5,4.5,0.6,7200,0.8,99,60.6,5.53,0.72,1.12,0.056,8.32,-2.39,-0.024,0.95
55.0,3.0,0.7,1.5,3.0,0.6,2400,0.8,131,68.7,7.39,0.57,1.26,0.056,7.37,-3.09,-0.024,0.9
55.0,3.0,0.7,1.5,3.0,0.8,2400,0.8,131,68.7,7.27,0.57,1.25,0.055,7.37,-3.21,-0.024,0.9
55.0,3.0,0.7,1.5,4.5,0.6,2400,0.8,131,68.7,7.39,0.57,1.26,0.056,7.37,-3.09,-0.024,0.9
55.0,3.0,0.7,1.5,4.5,0.8,2400,0.8,131,68.7,7.27,0.57,1.25,0.055,7.37,-3.21,-0.024,0.9
55.0,3.0,0.7,2.5,3.0,0.6,2400,0.8,131,68.7,7.33,0.57,1.26,0.056,7.37,-3.15,-0.024,0.9
55.0,3.0,0.7,2.5,4.5,0.6,2400,0.8,131,68.7,7.33,0.57,1.26,0.056,7.37,-3.15,-0.024,0.9
55.0,3.0,0.7,2.5,3.0,0.8,2400,0.8,131,68.7,7.21,0.57,1.25,0.055,7.37,-3.27,-0.025,0.9
55.0,3.0,0.7,2.5,4.5,0.8,2400,0.8,131,68.7,7.21,0.57,1.25,0.055,7.37,-3.27,-0.025,0.9
55.0,5.0,0.7,1.5,3.0,0.4,1200,0.4,111,69.4,6.08,0.52,1.19,0.055,15.04,-2.8,-0.025,0.92
55.0,5.0,0.7,1.5,4.5,0.4,1200,0.4,111,69.4,6.08,0.52,1.19,0.055,15.04,-2.8,-0.025,0.92
55.0,5.0,0.7,2.5,3.0,0.4,1200,0.4,111,69.4,6.08,0.52,1.19,0.055,15.04,-2.8,-0.025,0.92
55.0,5.0,0.7,2.5,4.5,0.4,1200,0.4,111,69.4,6.08,0.52,1.19,0.055,15.04,-2.8,-0.025,0.92
55.0,4.0,1.5,2.5,3.0,0.8,2400,0.8,114,65.8,6.16,0.62,1.2,0.054,11.03,-2.96,-0.026,0.92
55.0,4.0,1.5,2.5,4.5,0.8,2400,0.8,114,65.8,6.16,0.62,1.2,0.054,11.03,-2.96,-0.026,0.92
55.0,5.0,0.7,1.5,3.0,0.6,1200,0.4,111,69.4,5.96,0.52,1.18,0.054,15.04,-2.92,-0.026,0.92
55.0,5.0,0.7,1.5,4.5,0.6,1200,0.4,111,69.4,5.96,0.52,1.18,0.054,15.04,-2.92,-0.026,0.92
55.0,5.0,0.7,2.5,3.0,0.6,1200,0.4,111,69.4,5.96,0.52,1.18,0.054,15.04,-2.92,-0.026,0.92
55.0,5.0,0.7,2.5,4.5,0.6,1200,0.4,111,69.4,5.96,0.52,1.18,0.054,15.04,-2.92,-0.026,0.92
55.0,5.0,0.7,1.5,3.0,0.8,1200,0.4,111,69.4,5.84,0.52,1.18,0.053,15.04,-3.04,-0.027,0.92
55.0,5.0,0.7,1.5,4.5,0.8,1200,0.4,111,69.4,5.84,0.52,1.18,0.053,15.04,-3.04,-0.027,0.92
55.0,5.0,0.7,2.5,3.0,0.8,1200,0.4,111,69.4,5.84,0.52,1.18,0.053,15.04,-3.04,-0.027,0.92
55.0,5.0,0.7,2.5,4.5,0.8,1200,0.4,111,69.4,5.84,0.52,1.18,0.053,15.04,-3.04,-0.027,0.92
55.0,2.0,0.7,2.5,4.5,0.8,14400,0.8,94,71.3,4.75,0.45,1.11,0.051,8.9,-2.77,-0.029,0.94
55.0,2.0,0.7,2.5,3.0,0.8,14400,0.8,94,71.3,4.66,0.45,1.11,0.05,8.9,-2.86,-0.03,0.94
55.0,4.0,0.7,2.5,3.0,0.4,3600,0.8,116,71.6,5.42,0.46,1.15,0.047,14.36,-3.86,-0.033,0.9
55.0,4.0,0.7,2.5,4.5,0.4,3600,0.8,116,71.6,5.42,0.46,1.15,0.047,14.36,-3.86,-0.033,0.9
55.0,4.0,0.7,1.5,3.0,0.4,3600,0.8,116,71.6,5.31,0.45,1.14,0.046,14.36,-3.97,-0.034,0.9
55.0,4.0,0.7,1.5,4.5,0.4,3600,0.8,116,71.6,5.31,0.45,1.14,0.046,14.36,-3.97,-0.034,0.9
55.0,2.0,0.7,1.5,4.5,0.8,14400,0.8,94,71.3,4.27,0.44,1.1,0.045,8.91,-3.25,-0.035,0.93
55.0,2.0,0.7,1.5,3.0,0.8,14400,0.8,94,71.3,4.18,0.44,1.1,0.044,8.91,-3.34,-0.036,0.93
55.0,2.0,0.7,2.5,3.0,0.6,7200,0.8,105,65.7,4.65,0.58,1.11,0.044,9.79,-3.75,-0.036,0.92
55.0,2.0,0.7,2.5,4.5,0.6,7200,0.8,105,65.7,4.65,0.58,1.11,0.044,9.79,-3.75,-0.036,0.92
55.0,2.0,1.0,2.5,3.0,0.6,14400,0.8,89,65.2,3.94,0.58,1.08,0.044,9.36,-3.18,-0.036,0.94
55.0,2.0,1.0,2.5,4.5,0.6,14400,0.8,89,65.2,3.94,0.58,1.08,0.044,9.36,-3.18,-0.036,0.94
55.0,2.0,1.5,2.5,3.0,0.4,7200,0.8,99,60.6,4.36,0.71,1.09,0.044,8.59,-3.56,-0.036,0.93
55.0,2.0,1.5,2.5,4.5,0.4,7200,0.8,99,60.6,4.36,0.71,1.09,0.044,8.59,-3.56,-0.036,0.93
55.0,4.0,0.7,2.5,3.0,0.6,3600,0.8,116,71.6,5.09,0.45,1.14,0.044,14.48,-4.19,-0.036,0.9
55.0,4.0,0.7,2.5,4.5,0.6,3600,0.8,116,71.6,5.09,0.45,1.14,0.044,14.48,-4.19,-0.036,0.9
55.0,3.0,1.5,2.5,3.0,0.4,1200,0.8,147,57.8,6.34,0.92,1.26,0.043,6.32,-5.42,-0.037,0.82
55.0,3.0,1.5,2.5,4.5,0.4,1200,0.8,147,57.8,6.34,0.92,1.26,0.043,6.32,-5.42,-0.037,0.82
55.0,2.0,0.7,2.5,3.0,0.4,7200,0.8,105,65.7,4.42,0.58,1.11,0.042,9.4,-3.98,-0.038,0.91
55.0,2.0,0.7,2.5,4.5,0.4,7200,0.8,105,65.7,4.42,0.58,1.11,0.042,9.4,-3.98,-0.038,0.91
55.0,4.0,0.7,1.5,3.0,0.6,3600,0.8,116,71.6,4.92,0.45,1.13,0.042,14.48,-4.36,-0.038,0.89
55.0,4.0,0.7,1.5,4.5,0.6,3600,0.8,116,71.6,4.92,0.45,1.13,0.042,14.48,-4.36,-0.038,0.89
55.0,2.0,1.0,1.5,3.0,0.4,14400,0.8,89,65.2,3.67,0.57,1.07,0.041,9.74,-3.45,-0.039,0.93
55.0,2.0,1.0,1.5,4.5,0.4,14400,0.8,89,65.2,3.67,0.57,1.07,0.041,9.74,-3.45,-0.039,0.93
55.0,2.0,0.7,1.5,3.0,0.6,7200,0.8,105,65.7,4.05,0.57,1.1,0.039,9.72,-4.36,-0.041,0.9
55.0,2.0,0.7,1.5,4.5,0.6,7200,0.8,105,65.7,4.05,0.57,1.1,0.039,9.72,-4.36,-0.041,0.9
55.0,2.0,1.5,2.5,4.5,0.8,14400,0.8,89,65.2,3.39,0.57,1.07,0.038,10.42,-3.73,-0.042,0.93
55.0,2.0,1.5,2.5,3.0,0.8,14400,0.8,89,65.2,3.31,0.57,1.07,0.037,10.42,-3.81,-0.043,0.93
55.0,3.0,1.5,2.5,3.0,0.6,1200,0.8,147,57.8,5.42,0.89,1.22,0.037,6.32,-6.33,-0.043,0.79
55.0,3.0,1.5,2.5,4.5,0.6,1200,0.8,147,57.8,5.42,0.89,1.22,0.037,6.32,-6.33,-0.043,0.79
55.0,2.0,1.5,2.5,3.0,0.8,7200,0.8,99,60.6,3.54,0.7,1.07,0.036,9.66,-4.39,-0.044,0.91
55.0,2.0,1.5,2.5,4.5,0.8,7200,0.8,99,60.6,3.54,0.7,1.07,0.036,9.66,-4.39,-0.044,0.91
55.0,2.0,1.5,2.5,3.0,0.4,1200,0.8,153,56.9,5.42,0.92,1.21,0.035,4.81,-6.82,-0.045,0.78
55.0,2.0,1.5,2.5,4.5,0.4,1200,0.8,153,56.9,5.42,0.92,1.21,0.035,4.81,-6.82,-0.045,0.78
55.0,3.0,1.0,2.5,3.0,0.4,1200,0.8,147,58.5,5.19,0.86,1.22,0.035,6.32,-6.57,-0.045,0.78
55.0,3.0,1.0,2.5,4.5,0.4,1200,0.8,147,58.5,5.19,0.86,1.22,0.035,6.32,-6.57,-0.045,0.78
55.0,2.0,0.7,1.5,3.0,0.4,7200,0.8,105,65.7,3.59,0.57,1.09,0.034,9.51,-4.81,-0.046,0.89
55.0,2.0,0.7,1.5,4.5,0.4,7200,0.8,105,65.7,3.59,0.57,1.09,0.034,9.51,-4.81,-0.046,0.89
55.0,2.0,1.0,1.5,3.0,0.6,14400,0.8,89,65.2,3.0,0.57,1.06,0.034,9.44,-4.13,-0.046,0.92
55.0,2.0,1.0,1.5,4.5,0.6,14400,0.8,89,65.2,3.0,0.57,1.06,0.034,9.44,-4.13,-0.046,0.92
55.0,3.0,1.0,1.5,3.0,0.4,1200,0.8,147,58.5,5.04,0.86,1.21,0.034,6.32,-6.72,-0.046,0.77
55.0,3.0,1.0,1.5,4.5,0.4,1200,0.8,147,58.5,5.04,0.86,1.21,0.034,6.32,-6.72,-0.046,0.77
55.0,3.0,1.0,2.5,3.0,0.6,1200,0.8,147,58.5,4.94,0.85,1.21,0.034,6.32,-6.82,-0.046,0.77
55.0,3.0,1.0,2.5,4.5,0.6,1200,0.8,147,58.5,4.94,0.85,1.21,0.034,6.32,-6.82,-0.046,0.77
55.0,4.0,1.5,2.5,3.0,0.4,1200,0.8,141,56.7,4.85,0.91,1.19,0.034,8.78,-6.43,-0.046,0.79
55.0,4.0,1.5,2.5,4.5,0.4,1200,0.8,141,56.7,4.85,0.91,1.19,0.034,8.78,-6.43,-0.046,0.79
55.0,2.0,0.7,2.5,3.0,0.8,7200,0.8,105,65.7,3.48,0.57,1.08,0.033,10.4,-4.92,-0.047,0.89
55.0,2.0,0.7,2.5,4.5,0.8,7200,0.8,105,65.7,3.48,0.57,1.08,0.033,10.4,-4.92,-0.047,0.89
55.0,3.0,1.0,1.5,3.0,0.6,1200,0.8,147,58.5,4.85,0.85,1.2,0.033,6.32,-6.91,-0.047,0.77
55.0,3.0,1.0,1.5,4.5,0.6,1200,0.8,147,58.5,4.85,0.85,1.2,0.033,6.32,-6.91,-0.047,0.77
55.0,2.0,1.0,2.5,3.0,0.4,1200,0.8,153,56.9,4.83,0.9,1.19,0.032,4.62,-7.41,-0.048,0.76
55.0,2.0,1.0,2.5,4.5,0.4,1200,0.8,153,56.9,4.83,0.9,1.19,0.032,4.62,-7.41,-0.048,0.76
55.0,2.0,1.5,2.5,3.0,0.6,1200,0.8,153,56.9,4.86,0.9,1.19,0.032,4.65,-7.38,-0.048,0.76
55.0,2.0,1.5,2.5,4.5,0.6,1200,0.8,153,56.9,4.86,0.9,1.19,0.032,4.65,-7.38,-0.048,0.76
55.0,3.0,1.0,1.5,3.0,0.8,1200,0.8,147,58.5,4.68,0.85,1.19,0.032,6.32,-7.08,-0.048,0.76
55.0,3.0,1.0,1.5,4.5,0.8,1200,0.8,147,58.5,4.68,0.85,1.19,0.032,6.32,-7.08,-0.048,0.76
55.0,3.0,1.0,2.5,3.0,0.8,1200,0.8,147,58.5,4.7,0.85,1.2,0.032,6.32,-7.06,-0.048,0.76
55.0,3.0,1.0,2.5,4.5,0.8,1200,0.8,147,58.5,4.7,0.85,1.2,0.032,6.32,-7.06,-0.048,0.76
55.0,2.0,1.0,1.5,3.0,0.4,1200,0.8,153,56.9,4.67,0.9,1.18,0.031,4.62,-7.57,-0.049,0.76
55.0,2.0,1.0,1.5,4.5,0.4,1200,0.8,153,56.9,4.67,0.9,1.18,0.031,4.62,-7.57,-0.049,0.76
55.0,3.0,1.5,2.5,3.0,0.8,1200,0.8,147,57.8,4.5,0.87,1.19,0.031,6.32,-7.26,-0.049,0.76
55.0,3.0,1.5,2.5,4.5,0.8,1200,0.8,147,57.8,4.5,0.87,1.19,0.031,6.32,-7.26,-0.049,0.76
55.0,4.0,1.5,2.5,3.0,0.4,2400,0.8,115,65.2,3.57,0.59,1.1,0.031,11.03,-5.63,-0.049,0.86
55.0,4.0,1.5,2.5,4.5,0.4,2400,0.8,115,65.2,3.57,0.59,1.1,0.031,11.03,-5.63,-0.049,0.86
55.0,2.0,1.0,2.5,3.0,0.6,7200,0.8,99,60.6,2.93,0.69,1.06,0.03,9.98,-4.99,-0.05,0.9
55.0,2.0,1.0,2.5,4.5,0.6,7200,0.8,99,60.6,2.93,0.69,1.06,0.03,9.98,-4.99,-0.05,0.9
55.0,4.0,1.5,2.5,3.0,0.6,2400,0.8,115,65.2,3.4,0.58,1.1,0.03,11.32,-5.8,-0.05,0.85
55.0,4.0,1.5,2.5,4.5,0.6,2400,0.8,115,65.2,3.4,0.58,1.1,0.03,11.32,-5.8,-0.05,0.85
55.0,2.0,0.7,1.5,3.0,0.8,7200,0.8,105,65.7,3.07,0.56,1.07,0.029,10.26,-5.33,-0.051,0.88
55.0,2.0,0.7,1.5,4.5,0.8,7200,0.8,105,65.7,3.07,0.56,1.07,0.029,10.26,-5.33,-0.051,0.88
55.0,2.0,1.0,1.5,3.0,0.6,1200,0.8,153,56.9,4.37,0.89,1.17,0.029,4.62,-7.87,-0.051,0.75
55.0,2.0,1.0,1.5,4.5,0.6,1200,0.8,153,56.9,4.37,0.89,1.17,0.029,4.62,-7.87,-0.051,0.75
55.0,2.0,1.0,2.5,3.0,0.4,7200,0.8,99,60.6,2.91,0.69,1.06,0.029,8.51,-5.01,-0.051,0.9
55.0,2.0,1.0,2.5,3.0,0.6,1200,0.8,153,56.9,4.45,0.89,1.17,0.029,4.62,-7.79,-0.051,0.75
55.0,2.0,1.0,2.5,4.5,0.4,7200,0.8,99,60.6,2.91,0.69,1.06,0.029,8.51,-5.01,-0.051,0.9
55.0,2.0,1.0,2.5,4.5,0.6,1200,0.8,153,56.9,4.45,0.89,1.17,0.029,4.62,-7.79,-0.051,0.75
55.0,4.0,1.0,2.5,3.0,0.4,1200,0.8,141,57.4,4.01,0.86,1.16,0.028,8.98,-7.27,-0.052,0.76
55.0,4.0,1.0,2.5,4.5,0.4,1200,0.8,141,57.4,4.01,0.86,1.16,0.028,8.98,-7.27,-0.052,0.76
55.0,2.0,1.0,1.5,3.0,0.8,1200,0.8,153,56.9,4.17,0.88,1.16,0.027,4.62,-8.07,-0.053,0.74
55.0,2.0,1.0,1.5,4.5,0.8,1200,0.8,153,56.9,4.17,0.88,1.16,0.027,4.62,-8.07,-0.053,0.74
55.0,2.0,1.0,2.5,3.0,0.8,1200,0.8,153,56.9,4.18,0.88,1.16,0.027,4.62,-8.06,-0.053,0.74
55.0,2.0,1.0,2.5,4.5,0.8,1200,0.8,153,56.9,4.18,0.88,1.16,0.027,4.62,-8.06,-0.053,0.74
55.0,4.0,1.0,1.5,3.0,0.4,1200,0.8,141,57.4,3.86,0.85,1.15,0.027,9.13,-7.42,-0.053,0.76
55.0,4.0,1.0,1.5,4.5,0.4,1200,0.8,141,57.4,3.86,0.85,1.15,0.027,9.13,-7.42,-0.053,0.76
55.0,4.0,1.0,2.5,3.0,0.6,1200,0.8,141,57.4,3.76,0.85,1.15,0.027,9.1,-7.52,-0.053,0.75
55.0,4.0,1.0,2.5,4.5,0.6,1200,0.8,141,57.4,3.76,0.85,1.15,0.027,9.1,-7.52,-0.053,0.75
55.0,4.0,1.5,2.5,3.0,0.8,1200,0.8,141,56.7,3.77,0.88,1.15,0.027,9.02,-7.51,-0.053,0.75
55.0,4.0,1.5,2.5,4.5,0.8,1200,0.8,141,56.7,3.77,0.88,1.15,0.027,9.02,-7.51,-0.053,0.75
55.0,4.0,1.0,1.5,3.0,0.6,1200,0.8,141,57.4,3.67,0.85,1.15,0.026,9.18,-7.61,-0.054,0.75
55.0,4.0,1.0,1.5,4.5,0.6,1200,0.8,141,57.4,3.67,0.85,1.15,0.026,9.18,-7.61,-0.054,0.75
55.0,4.0,1.5,2.5,3.0,0.6,1200,0.8,141,56.7,3.73,0.88,1.15,0.026,8.9,-7.55,-0.054,0.75
55.0,4.0,1.5,2.5,4.5,0.6,1200,0.8,141,56.7,3.73,0.88,1.15,0.026,8.9,-7.55,-0.054,0.75
55.0,4.0,1.0,1.5,3.0,0.8,1200,0.8,141,57.4,3.5,0.84,1.14,0.025,9.23,-7.78,-0.055,0.74
55.0,4.0,1.0,1.5,4.5,0.8,1200,0.8,141,57.4,3.5,0.84,1.14,0.025,9.23,-7.78,-0.055,0.74
55.0,4.0,1.0,2.5,3.0,0.8,1200,0.8,141,57.4,3.52,0.84,1.14,0.025,9.22,-7.76,-0.055,0.74
55.0,4.0,1.0,2.5,4.5,0.8,1200,0.8,141,57.4,3.52,0.84,1.14,0.025,9.22,-7.76,-0.055,0.74
55.0,2.0,1.5,2.5,3.0,0.8,1200,0.8,153,56.9,3.74,0.87,1.15,0.024,5.05,-8.5,-0.056,0.73
55.0,2.0,1.5,2.5,4.5,0.8,1200,0.8,153,56.9,3.74,0.87,1.15,0.024,5.05,-8.5,-0.056,0.73
55.0,4.0,1.0,1.5,3.0,0.4,2400,0.8,115,65.2,2.71,0.57,1.08,0.024,11.13,-6.49,-0.056,0.83
55.0,4.0,1.0,1.5,4.5,0.4,2400,0.8,115,65.2,2.71,0.57,1.08,0.024,11.13,-6.49,-0.056,0.83
55.0,4.0,1.0,2.5,3.0,0.4,2400,0.8,115,65.2,2.81,0.58,1.08,0.024,11.03,-6.39,-0.056,0.84
55.0,4.0,1.0,2.5,4.5,0.4,2400,0.8,115,65.2,2.81,0.58,1.08,0.024,11.03,-6.39,-0.056,0.84
55.0,2.0,1.0,1.5,3.0,0.6,7200,0.8,99,60.6,2.29,0.68,1.05,0.023,9.64,-5.63,-0.057,0.89
55.0,2.0,1.0,1.5,4.5,0.6,7200,0.8,99,60.6,2.29,0.68,1.05,0.023,9.64,-5.63,-0.057,0.89
55.0,4.0,1.0,1.5,3.0,0.6,2400,0.8,115,65.2,2.53,0.57,1.07,0.022,11.18,-6.67,-0.058,0.83
55.0,4.0,1.0,1.5,4.5,0.6,2400,0.8,115,65.2,2.53,0.57,1.07,0.022,11.18,-6.67,-0.058,0.83
55.0,4.0,1.0,2.5,3.0,0.6,2400,0.8,115,65.2,2.55,0.57,1.07,0.022,11.1,-6.65,-0.058,0.83
55.0,4.0,1.0,2.5,4.5,0.6,2400,0.8,115,65.2,2.55,0.57,1.07,0.022,11.1,-6.65,-0.058,0.83
55.0,4.0,1.0,1.5,3.0,0.8,2400,0.8,115,65.2,2.36,0.57,1.07,0.021,11.23,-6.84,-0.059,0.82
55.0,4.0,1.0,1.5,4.5,0.8,2400,0.8,115,65.2,2.36,0.57,1.07,0.021,11.23,-6.84,-0.059,0.82
55.0,2.0,1.0,1.5,4.5,0.8,14400,0.8,89,65.2,1.75,0.55,1.04,0.02,9.61,-5.37,-0.06,0.9
55.0,2.0,1.0,2.5,4.5,0.8,14400,0.8,89,65.2,1.77,0.55,1.04,0.02,9.6,-5.35,-0.06,0.9
55.0,3.0,0.7,1.5,3.0,0.4,1200,0.8,147,58.5,2.94,0.8,1.12,0.02,6.58,-8.82,-0.06,0.7
55.0,3.0,0.7,1.5,4.5,0.4,1200,0.8,147,58.5,2.94,0.8,1.12,0.02,6.58,-8.82,-0.06,0.7
55.0,3.0,0.7,2.5,3.0,0.4,1200,0.8,147,58.5,2.94,0.8,1.12,0.02,6.58,-8.82,-0.06,0.7
55.0,3.0,0.7,2.5,4.5,0.4,1200,0.8,147,58.5,2.94,0.8,1.12,0.02,6.58,-8.82,-0.06,0.7
55.0,4.0,1.0,2.5,3.0,0.8,2400,0.8,115,65.2,2.31,0.57,1.07,0.02,11.22,-6.89,-0.06,0.82
55.0,4.0,1.0,2.5,4.5,0.8,2400,0.8,115,65.2,2.31,0.57,1.07,0.02,11.22,-6.89,-0.06,0.82
55.0,2.0,1.0,1.5,3.0,0.4,7200,0.8,99,60.6,1.91,0.68,1.04,0.019,8.77,-6.01,-0.061,0.88
55.0,2.0,1.0,1.5,3.0,0.8,14400,0.8,89,65.2,1.67,0.55,1.03,0.019,9.61,-5.45,-0.061,0.9
55.0,2.0,1.0,1.5,4.5,0.4,7200,0.8,99,60.6,1.91,0.68,1.04,0.019,8.77,-6.01,-0.061,0.88
55.0,2.0,1.0,2.5,3.0,0.8,14400,0.8,89,65.2,1.68,0.55,1.03,0.019,9.6,-5.44,-0.061,0.9
55.0,3.0,0.7,1.5,3.0,0.6,1200,0.8,147,58.5,2.82,0.79,1.12,0.019,6.58,-8.94,-0.061,0.7
55.0,3.0,0.7,1.5,4.5,0.6,1200,0.8,147,58.5,2.82,0.79,1.12,0.019,6.58,-8.94,-0.061,0.7
55.0,3.0,0.7,2.5,3.0,0.6,1200,0.8,147,58.5,2.82,0.79,1.12,0.019,6.58,-8.94,-0.061,0.7
55.0,3.0,0.7,2.5,4.5,0.6,1200,0.8,147,58.5,2.82,0.79,1.12,0.019,6.58,-8.94,-0.061,0.7
55.0,3.0,0.7,1.5,3.0,0.8,1200,0.8,147,58.5,2.7,0.79,1.11,0.018,6.58,-9.06,-0.062,0.69
55.0,3.0,0.7,1.5,4.5,0.8,1200,0.8,147,58.5,2.7,0.79,1.11,0.018,6.58,-9.06,-0.062,0.69
55.0,3.0,0.7,2.5,3.0,0.8,1200,0.8,147,58.5,2.7,0.79,1.11,0.018,6.58,-9.06,-0.062,0.69
55.0,3.0,0.7,2.5,4.5,0.8,1200,0.8,147,58.5,2.7,0.79,1.11,0.018,6.58,-9.06,-0.062,0.69
55.0,2.0,1.0,2.5,3.0,0.8,7200,0.8,99,60.6,1.61,0.67,1.03,0.016,11.06,-6.31,-0.064,0.88
55.0,2.0,1.0,2.5,4.5,0.8,7200,0.8,99,60.6,1.61,0.67,1.03,0.016,11.06,-6.31,-0.064,0.88
55.0,2.0,0.7,1.5,3.0,0.4,1200,0.8,153,56.9,2.09,0.82,1.08,0.014,5.07,-10.15,-0.066,0.68
55.0,2.0,0.7,1.5,4.5,0.4,1200,0.8,153,56.9,2.09,0.82,1.08,0.014,5.07,-10.15,-0.066,0.68
55.0,2.0,0.7,2.5,3.0,0.4,1200,0.8,153,56.9,2.09,0.82,1.08,0.014,5.07,-10.15,-0.066,0.68
55.0,2.0,0.7,2.5,4.5,0.4,1200,0.8,153,56.9,2.09,0.82,1.08,0.014,5.07,-10.15,-0.066,0.68
55.0,2.0,0.7,1.5,3.0,0.6,1200,0.8,153,56.9,1.97,0.82,1.08,0.013,5.07,-10.27,-0.067,0.67
55.0,2.0,0.7,1.5,4.5,0.6,1200,0.8,153,56.9,1.97,0.82,1.08,0.013,5.07,-10.27,-0.067,0.67
55.0,2.0,0.7,2.5,3.0,0.6,1200,0.8,153,56.9,1.97,0.82,1.08,0.013,5.07,-10.27,-0.067,0.67
55.0,2.0,0.7,2.5,4.5,0.6,1200,0.8,153,56.9,1.97,0.82,1.08,0.013,5.07,-10.27,-0.067,0.67
55.0,2.0,1.0,1.5,3.0,0.8,7200,0.8,99,60.6,1.3,0.67,1.03,0.013,10.46,-6.62,-0.067,0.87
55.0,2.0,1.0,1.5,4.5,0.8,7200,0.8,99,60.6,1.3,0.67,1.03,0.013,10.46,-6.62,-0.067,0.87
55.0,2.0,0.7,1.5,3.0,0.8,1200,0.8,153,56.9,1.85,0.81,1.07,0.012,5.07,-10.39,-0.068,0.67
55.0,2.0,0.7,1.5,4.5,0.8,1200,0.8,153,56.9,1.85,0.81,1.07,0.012,5.07,-10.39,-0.068,0.67
55.0,2.0,0.7,2.5,3.0,0.8,1200,0.8,153,56.9,1.85,0.81,1.07,0.012,5.07,-10.39,-0.068,0.67
55.0,2.0,0.7,2.5,4.5,0.8,1200,0.8,153,56.9,1.85,0.81,1.07,0.012,5.07,-10.39,-0.068,0.67
55.0,4.0,0.7,1.5,3.0,0.4,1200,0.8,141,57.4,1.26,0.78,1.05,0.009,9.91,-10.02,-0.071,0.67
55.0,4.0,0.7,1.5,4.5,0.4,1200,0.8,141,57.4,1.26,0.78,1.05,0.009,9.91,-10.02,-0.071,0.67
55.0,4.0,0.7,2.5,3.0,0.4,1200,0.8,141,57.4,1.26,0.78,1.05,0.009,9.91,-10.02,-0.071,0.67
55.0,4.0,0.7,2.5,4.5,0.4,1200,0.8,141,57.4,1.26,0.78,1.05,0.009,9.91,-10.02,-0.071,0.67
55.0,4.0,0.7,1.5,3.0,0.6,1200,0.8,141,57.4,1.14,0.77,1.05,0.008,9.91,-10.14,-0.072,0.67
55.0,4.0,0.7,1.5,4.5,0.6,1200,0.8,141,57.4,1.14,0.77,1.05,0.008,9.91,-10.14,-0.072,0.67
55.0,4.0,0.7,2.5,3.0,0.6,1200,0.8,141,57.4,1.14,0.77,1.05,0.008,9.91,-10.14,-0.072,0.67
55.0,4.0,0.7,2.5,4.5,0.6,1200,0.8,141,57.4,1.14,0.77,1.05,0.008,9.91,-10.14,-0.072,0.67
55.0,4.0,0.7,1.5,3.0,0.8,1200,0.8,141,57.4,1.02,0.77,1.04,0.007,9.91,-10.26,-0.073,0.66
55.0,4.0,0.7,1.5,4.5,0.8,1200,0.8,141,57.4,1.02,0.77,1.04,0.007,9.91,-10.26,-0.073,0.66
55.0,4.0,0.7,2.5,3.0,0.8,1200,0.8,141,57.4,1.02,0.77,1.04,0.007,9.91,-10.26,-0.073,0.66
55.0,4.0,0.7,2.5,4.5,0.8,1200,0.8,141,57.4,1.02,0.77,1.04,0.007,9.91,-10.26,-0.073,0.66
55.0,5.0,1.5,2.5,3.0,0.4,1200,0.8,138,57.2,0.94,0.77,1.03,0.007,11.78,-10.1,-0.073,0.7
55.0,5.0,1.5,2.5,4.5,0.4,1200,0.8,138,57.2,0.94,0.77,1.03,0.007,11.78,-10.1,-0.073,0.7
55.0,5.0,1.0,2.5,3.0,0.4,1200,0.8,138,58.0,0.1,0.73,1.0,0.001,11.98,-10.94,-0.079,0.68
55.0,5.0,1.0,2.5,4.5,0.4,1200,0.8,138,58.0,0.1,0.73,1.0,0.001,11.98,-10.94,-0.079,0.68
55.0,5.0,1.0,1.5,3.0,0.4,1200,0.8,138,58.0,-0.05,0.72,1.0,-0.0,12.13,-11.09,-0.08,0.67
55.0,5.0,1.0,1.5,4.5,0.4,1200,0.8,138,58.0,-0.05,0.72,1.0,-0.0,12.13,-11.09,-0.08,0.67
55.0,5.0,1.0,2.5,3.0,0.6,1200,0.8,138,58.0,-0.15,0.72,0.99,-0.001,12.1,-11.19,-0.081,0.67
55.0,5.0,1.0,2.5,4.5,0.6,1200,0.8,138,58.0,-0.15,0.72,0.99,-0.001,12.1,-11.19,-0.081,0.67
55.0,5.0,1.5,2.5,3.0,0.6,1200,0.8,138,57.2,-0.18,0.74,0.99,-0.001,11.9,-11.22,-0.081,0.67
55.0,5.0,1.5,2.5,3.0,0.8,1200,0.8,138,57.2,-0.14,0.74,1.0,-0.001,12.02,-11.18,-0.081,0.67
55.0,5.0,1.5,2.5,4.5,0.6,1200,0.8,138,57.2,-0.18,0.74,0.99,-0.001,11.9,-11.22,-0.081,0.67
55.0,5.0,1.5,2.5,4.5,0.8,1200,0.8,138,57.2,-0.14,0.74,1.0,-0.001,12.02,-11.18,-0.081,0.67
55.0,5.0,1.0,1.5,3.0,0.6,1200,0.8,138,58.0,-0.23,0.72,0.99,-0.002,12.18,-11.27,-0.082,0.67
55.0,5.0,1.0,1.5,4.5,0.6,1200,0.8,138,58.0,-0.23,0.72,0.99,-0.002,12.18,-11.27,-0.082,0.67
55.0,5.0,1.0,1.5,3.0,0.8,1200,0.8,138,58.0,-0.4,0.71,0.99,-0.003,12.23,-11.44,-0.083,0.66
55.0,5.0,1.0,1.5,4.5,0.8,1200,0.8,138,58.0,-0.4,0.71,0.99,-0.003,12.23,-11.44,-0.083,0.66
55.0,5.0,1.0,2.5,3.0,0.8,1200,0.8,138,58.0,-0.39,0.72,0.99,-0.003,12.22,-11.43,-0.083,0.66
55.0,5.0,1.0,2.5,4.5,0.8,1200,0.8,138,58.0,-0.39,0.72,0.99,-0.003,12.22,-11.43,-0.083,0.66
55.0,4.0,0.7,1.5,3.0,0.4,2400,0.8,124,66.9,-0.7,0.48,0.98,-0.006,11.97,-10.62,-0.086,0.73
55.0,4.0,0.7,1.5,4.5,0.4,2400,0.8,124,66.9,-0.7,0.48,0.98,-0.006,11.97,-10.62,-0.086,0.73
55.0,4.0,0.7,2.5,3.0,0.4,2400,0.8,124,66.9,-0.76,0.48,0.98,-0.006,11.97,-10.68,-0.086,0.73
55.0,4.0,0.7,2.5,4.5,0.4,2400,0.8,124,66.9,-0.76,0.48,0.98,-0.006,11.97,-10.68,-0.086,0.73
55.0,4.0,0.7,1.5,3.0,0.6,2400,0.8,124,66.9,-0.82,0.48,0.98,-0.007,11.97,-10.74,-0.087,0.73
55.0,4.0,0.7,1.5,4.5,0.6,2400,0.8,124,66.9,-0.82,0.48,0.98,-0.007,11.97,-10.74,-0.087,0.73
55.0,4.0,0.7,2.5,3.0,0.6,2400,0.8,124,66.9,-0.88,0.48,0.98,-0.007,11.97,-10.8,-0.087,0.73
55.0,4.0,0.7,2.5,4.5,0.6,2400,0.8,124,66.9,-0.88,0.48,0.98,-0.007,11.97,-10.8,-0.087,0.73
55.0,4.0,0.7,1.5,3.0,0.8,2400,0.8,124,66.9,-0.94,0.48,0.97,-0.008,11.97,-10.86,-0.088,0.72
55.0,4.0,0.7,1.5,4.5,0.8,2400,0.8,124,66.9,-0.94,0.48,0.97,-0.008,11.97,-10.86,-0.088,0.72
55.0,4.0,0.7,2.5,3.0,0.8,2400,0.8,124,66.9,-1.0,0.48,0.97,-0.008,11.97,-10.92,-0.088,0.72
55.0,4.0,0.7,2.5,4.5,0.8,2400,0.8,124,66.9,-1.0,0.48,0.97,-0.008,11.97,-10.92,-0.088,0.72
55.0,5.0,0.7,1.5,3.0,0.4,1200,0.8,138,58.0,-2.65,0.66,0.91,-0.019,12.92,-13.69,-0.099,0.59
55.0,5.0,0.7,1.5,4.5,0.4,1200,0.8,138,58.0,-2.65,0.66,0.91,-0.019,12.92,-13.69,-0.099,0.59
55.0,5.0,0.7,2.5,3.0,0.4,1200,0.8,138,58.0,-2.65,0.66,0.91,-0.019,12.92,-13.69,-0.099,0.59
55.0,5.0,0.7,2.5,4.5,0.4,1200,0.8,138,58.0,-2.65,0.66,0.91,-0.019,12.92,-13.69,-0.099,0.59
55.0,5.0,0.7,1.5,3.0,0.6,1200,0.8,138,58.0,-2.77,0.65,0.9,-0.02,12.92,-13.81,-0.1,0.59
55.0,5.0,0.7,1.5,4.5,0.6,1200,0.8,138,58.0,-2.77,0.65,0.9,-0.02,12.92,-13.81,-0.1,0.59
55.0,5.0,0.7,2.5,3.0,0.6,1200,0.8,138,58.0,-2.77,0.65,0.9,-0.02,12.92,-13.81,-0.1,0.59
55.0,5.0,0.7,2.5,4.5,0.6,1200,0.8,138,58.0,-2.77,0.65,0.9,-0.02,12.92,-13.81,-0.1,0.59
55.0,5.0,0.7,1.5,3.0,0.8,1200,0.8,138,58.0,-2.89,0.65,0.9,-0.021,12.92,-13.93,-0.101,0.59
55.0,5.0,0.7,1.5,4.5,0.8,1200,0.8,138,58.0,-2.89,0.65,0.9,-0.021,12.92,-13.93,-0.101,0.59
55.0,5.0,0.7,2.5,3.0,0.8,1200,0.8,138,58.0,-2.89,0.65,0.9,-0.021,12.92,-13.93,-0.101,0.59
55.0,5.0,0.7,2.5,4.5,0.8,1200,0.8,138,58.0,-2.89,0.65,0.9,-0.021,12.92,-13.93,-0.101,0.59
55.0,5.0,1.5,2.5,3.0,0.8,2400,0.8,110,66.4,-2.48,0.47,0.93,-0.023,14.03,-11.28,-0.103,0.72
55.0,5.0,1.5,2.5,4.5,0.8,2400,0.8,110,66.4,-2.48,0.47,0.93,-0.023,14.03,-11.28,-0.103,0.72
55.0,5.0,1.0,2.5,3.0,0.4,2400,0.8,111,65.8,-5.31,0.45,0.87,-0.048,14.98,-14.19,-0.128,0.69
55.0,5.0,1.0,2.5,4.5,0.4,2400,0.8,111,65.8,-5.31,0.45,0.87,-0.048,14.98,-14.19,-0.128,0.69
55.0,5.0,1.5,2.5,3.0,0.4,2400,0.8,111,65.8,-5.28,0.45,0.87,-0.048,15.0,-14.16,-0.128,0.69
55.0,5.0,1.5,2.5,4.5,0.4,2400,0.8,111,65.8,-5.28,0.45,0.87,-0.048,15.0,-14.16,-0.128,0.69
55.0,5.0,1.0,1.5,3.0,0.4,2400,0.8,111,65.8,-5.4,0.45,0.87,-0.049,15.13,-14.28,-0.129,0.68
55.0,5.0,1.0,1.5,4.5,0.4,2400,0.8,111,65.8,-5.4,0.45,0.87,-0.049,15.13,-14.28,-0.129,0.68
55.0,5.0,1.0,1.5,3.0,0.6,2400,0.8,111,65.8,-5.59,0.45,0.87,-0.05,15.18,-14.47,-0.13,0.68
55.0,5.0,1.0,1.5,4.5,0.6,2400,0.8,111,65.8,-5.59,0.45,0.87,-0.05,15.18,-14.47,-0.13,0.68
55.0,5.0,1.0,2.5,3.0,0.6,2400,0.8,111,65.8,-5.56,0.45,0.87,-0.05,15.1,-14.44,-0.13,0.68
55.0,5.0,1.0,2.5,4.5,0.6,2400,0.8,111,65.8,-5.56,0.45,0.87,-0.05,15.1,-14.44,-0.13,0.68
55.0,5.0,1.0,1.5,3.0,0.8,2400,0.8,111,65.8,-5.76,0.45,0.86,-0.052,15.23,-14.64,-0.132,0.68
55.0,5.0,1.0,1.5,4.5,0.8,2400,0.8,111,65.8,-5.76,0.45,0.86,-0.052,15.23,-14.64,-0.132,0.68
55.0,5.0,1.0,2.5,3.0,0.8,2400,0.8,111,65.8,-5.8,0.45,0.86,-0.052,15.22,-14.68,-0.132,0.68
55.0,5.0,1.0,2.5,4.5,0.8,2400,0.8,111,65.8,-5.8,0.45,0.86,-0.052,15.22,-14.68,-0.132,0.68
55.0,5.0,1.5,2.5,3.0,0.6,2400,0.8,111,65.8,-6.23,0.44,0.85,-0.056,15.31,-15.11,-0.136,0.67
55.0,5.0,1.5,2.5,4.5,0.6,2400,0.8,111,65.8,-6.23,0.44,0.85,-0.056,15.31,-15.11,-0.136,0.67
55.0,5.0,0.7,1.5,3.0,0.4,2400,0.8,120,67.5,-8.04,0.39,0.81,-0.067,15.97,-17.64,-0.147,0.61
55.0,5.0,0.7,1.5,4.5,0.4,2400,0.8,120,67.5,-8.04,0.39,0.81,-0.067,15.97,-17.64,-0.147,0.61
55.0,5.0,0.7,2.5,3.0,0.4,2400,0.8,120,67.5,-8.1,0.39,0.81,-0.067,15.97,-17.7,-0.147,0.61
55.0,5.0,0.7,2.5,4.5,0.4,2400,0.8,120,67.5,-8.1,0.39,0.81,-0.067,15.97,-17.7,-0.147,0.61
55.0,5.0,0.7,1.5,3.0,0.6,2400,0.8,120,67.5,-8.16,0.39,0.81,-0.068,15.97,-17.76,-0.148,0.61
55.0,5.0,0.7,1.5,4.5,0.6,2400,0.8,120,67.5,-8.16,0.39,0.81,-0.068,15.97,-17.76,-0.148,0.61
55.0,5.0,0.7,2.5,3.0,0.6,2400,0.8,120,67.5,-8.22,0.39,0.8,-0.068,15.97,-17.82,-0.148,0.61
55.0,5.0,0.7,2.5,4.5,0.6,2400,0.8,120,67.5,-8.22,0.39,0.8,-0.068,15.97,-17.82,-0.148,0.61
55.0,5.0,0.7,1.5,3.0,0.8,2400,0.8,120,67.5,-8.28,0.39,0.8,-0.069,15.97,-17.88,-0.149,0.61
55.0,5.0,0.7,1.5,4.5,0.8,2400,0.8,120,67.5,-8.28,0.39,0.8,-0.069,15.97,-17.88,-0.149,0.61
55.0,5.0,0.7,2.5,3.0,0.8,2400,0.8,120,67.5,-8.34,0.39,0.8,-0.069,15.97,-17.94,-0.149,0.61
55.0,5.0,0.7,2.5,4.5,0.8,2400,0.8,120,67.5,-8.34,0.39,0.8,-0.069,15.97,-17.94,-0.149,0.61
