signal_threshold,stop_loss_pct,level_1_pct,level_2_pct,level_3_pct,trail_callback,time_stop_seconds,time_stop_no_movement_pct,trades,win_rate,total_pnl_pct,payoff,profit_factor,expectancy_pct,max_dd_pct,net_pnl_pct,net_expectancy_pct,net_profit_factor
55.0,5.0,1.5,2.5,4.5,0.4,,0.4,50,90.0,26.51,0.23,2.06,0.53,10.0,22.51,0.45,1.89
55.0,5.0,1.5,2.5,4.5,0.6,,0.4,50,90.0,26.45,0.23,2.06,0.529,10.0,22.45,0.449,1.88
55.0,5.0,1.5,2.5,3.0,0.4,,0.4,50,90.0,26.18,0.23,2.05,0.524,10.0,22.18,0.444,1.87
55.0,5.0,1.0,2.5,4.5,0.4,,0.4,50,90.0,25.75,0.23,2.03,0.515,10.0,21.75,0.435,1.86
55.0,5.0,1.5,2.5,3.0,0.6,,0.4,50,90.0,25.69,0.23,2.03,0.514,10.0,21.69,0.434,1.85
55.0,5.0,1.0,2.5,4.5,0.6,,0.4,50,90.0,25.65,0.23,2.03,0.513,10.0,21.65,0.433,1.85
55.0,5.0,1.0,2.5,3.0,0.4,,0.4,50,90.0,25.41,0.22,2.02,0.508,10.0,21.41,0.428,1.84
55.0,5.0,1.0,2.5,3.0,0.6,,0.4,50,90.0,24.89,0.22,2.0,0.498,10.0,20.89,0.418,1.82
55.0,5.0,1.5,2.5,3.0,0.4,14400,0.2,51,90.2,25.14,0.22,2.01,0.493,10.0,21.06,0.413,1.83
55.0,5.0,1.5,2.5,4.5,0.4,14400,0.2,51,90.2,25.14,0.22,2.01,0.493,10.0,21.06,0.413,1.83
55.0,5.0,1.0,2.5,3.0,0.4,14400,0.2,51,90.2,24.91,0.22,2.0,0.488,10.0,20.83,0.408,1.82
55.0,5.0,1.0,2.5,4.5,0.4,14400,0.2,51,90.2,24.91,0.22,2.0,0.488,10.0,20.83,0.408,1.82
55.0,5.0,1.5,2.5,3.0,0.4,14400,0.4,52,90.4,25.39,0.21,2.02,0.488,10.0,21.23,0.408,1.83
55.0,5.0,1.5,2.5,4.5,0.4,14400,0.4,52,90.4,25.39,0.21,2.02,0.488,10.0,21.23,0.408,1.83
55.0,5.0,1.5,2.5,4.5,0.8,,0.4,50,90.0,24.33,0.22,1.97,0.487,10.0,20.33,0.407,1.8
55.0,5.0,1.5,2.5,3.0,0.4,7200,0.2,51,90.2,24.74,0.22,1.99,0.485,10.0,20.66,0.405,1.81
55.0,5.0,1.5,2.5,4.5,0.4,7200,0.2,51,90.2,24.74,0.22,1.99,0.485,10.0,20.66,0.405,1.81
55.0,5.0,1.0,2.5,4.5,0.8,,0.4,50,90.0,24.22,0.22,1.97,0.484,10.0,20.22,0.404,1.8
55.0,5.0,1.0,2.5,3.0,0.4,7200,0.2,51,90.2,24.53,0.22,1.98,0.481,10.0,20.45,0.401,1.81
55.0,5.0,1.0,2.5,4.5,0.4,7200,0.2,51,90.2,24.53,0.22,1.98,0.481,10.0,20.45,0.401,1.81
55.0,5.0,1.0,2.5,3.0,0.4,14400,0.4,52,90.4,24.94,0.21,2.0,0.48,10.0,20.78,0.4,1.82
55.0,5.0,1.0,2.5,4.5,0.4,14400,0.4,52,90.4,24.94,0.21,2.0,0.48,10.0,20.78,0.4,1.82
55.0,5.0,1.5,2.5,3.0,0.6,14400,0.4,52,90.4,24.88,0.21,2.0,0.478,10.0,20.72,0.399,1.81
55.0,5.0,1.5,2.5,4.5,0.6,14400,0.4,52,90.4,24.88,0.21,2.0,0.478,10.0,20.72,0.399,1.81
55.0,3.0,1.5,2.5,3.0,0.4,,0.4,53,84.9,25.2,0.36,2.05,0.475,6.98,20.96,0.395,1.85
55.0,3.0,1.5,2.5,4.5,0.4,,0.4,53,84.9,25.16,0.36,2.05,0.475,6.98,20.92,0.395,1.85
55.0,5.0,1.0,2.5,3.0,0.6,14400,0.2,51,90.2,24.16,0.21,1.97,0.474,10.0,20.08,0.394,1.79
55.0,5.0,1.0,2.5,4.5,0.6,14400,0.2,51,90.2,24.16,0.21,1.97,0.474,10.0,20.08,0.394,1.79
55.0,5.0,1.5,2.5,3.0,0.4,7200,0.4,53,88.7,25.1,0.26,2.0,0.474,10.0,20.86,0.394,1.81
55.0,5.0,1.5,2.5,3.0,0.6,14400,0.2,51,90.2,24.15,0.21,1.97,0.474,10.0,20.07,0.394,1.79
55.0,5.0,1.5,2.5,4.5,0.4,7200,0.4,53,88.7,25.1,0.26,2.0,0.474,10.0,20.86,0.394,1.81
55.0,5.0,1.5,2.5,4.5,0.6,14400,0.2,51,90.2,24.15,0.21,1.97,0.474,10.0,20.07,0.394,1.79
55.0,5.0,1.5,2.5,3.0,0.8,,0.4,50,90.0,23.64,0.22,1.95,0.473,10.0,19.64,0.393,1.77
55.0,5.0,1.0,2.5,3.0,0.8,,0.4,50,90.0,23.53,0.22,1.94,0.471,10.0,19.53,0.391,1.77
55.0,3.0,1.0,2.5,3.0,0.4,,0.4,53,84.9,24.92,0.36,2.04,0.47,6.59,20.68,0.39,1.84
55.0,5.0,1.0,2.5,3.0,0.4,7200,0.4,53,88.7,24.92,0.25,1.99,0.47,10.0,20.68,0.39,1.81
55.0,5.0,1.0,2.5,3.0,0.6,14400,0.4,52,90.4,24.42,0.21,1.98,0.47,10.0,20.26,0.39,1.8
55.0,5.0,1.0,2.5,4.5,0.4,7200,0.4,53,88.7,24.92,0.25,1.99,0.47,10.0,20.68,0.39,1.81
55.0,5.0,1.0,2.5,4.5,0.6,14400,0.4,52,90.4,24.42,0.21,1.98,0.47,10.0,20.26,0.39,1.8
55.0,3.0,1.0,2.5,4.5,0.4,,0.4,53,84.9,24.88,0.36,2.04,0.469,6.59,20.64,0.389,1.84
55.0,5.0,1.0,2.5,3.0,0.6,7200,0.2,51,90.2,23.9,0.21,1.96,0.469,10.0,19.82,0.389,1.78
55.0,5.0,1.0,2.5,4.5,0.6,7200,0.2,51,90.2,23.9,0.21,1.96,0.469,10.0,19.82,0.389,1.78
55.0,5.0,1.0,1.5,4.5,0.6,,0.4,50,90.0,23.43,0.22,1.94,0.469,10.0,19.42,0.388,1.76
55.0,5.0,1.5,2.5,3.0,0.6,7200,0.2,51,90.2,23.88,0.21,1.96,0.468,10.0,19.8,0.388,1.78
55.0,5.0,1.5,2.5,4.5,0.6,7200,0.2,51,90.2,23.88,0.21,1.96,0.468,10.0,19.8,0.388,1.78
55.0,5.0,1.5,2.5,4.5,0.8,14400,0.4,52,90.4,24.3,0.21,1.97,0.467,10.0,20.14,0.387,1.79
55.0,3.0,1.0,2.5,3.0,0.4,14400,0.2,54,85.2,25.16,0.36,2.05,0.466,6.39,20.84,0.386,1.85
55.0,3.0,1.0,2.5,4.5,0.4,14400,0.2,54,85.2,25.16,0.36,2.05,0.466,6.39,20.84,0.386,1.85
55.0,5.0,1.0,1.5,4.5,0.4,,0.4,50,90.0,23.3,0.21,1.93,0.466,10.0,19.3,0.386,1.76
55.0,5.0,1.5,2.5,3.0,0.6,7200,0.4,53,88.7,24.72,0.25,1.98,0.466,10.0,20.48,0.386,1.8
55.0,5.0,1.5,2.5,3.0,0.8,14400,0.4,52,90.4,24.22,0.21,1.97,0.466,10.0,20.06,0.386,1.79
55.0,5.0,1.5,2.5,4.5,0.6,7200,0.4,53,88.7,24.72,0.25,1.98,0.466,10.0,20.48,0.386,1.8
55.0,5.0,1.0,2.5,4.5,0.8,14400,0.2,51,90.2,23.66,0.21,1.95,0.464,10.0,19.58,0.384,1.77
55.0,5.0,1.5,2.5,3.0,0.4,3600,0.2,52,90.4,24.08,0.21,1.96,0.463,10.0,19.92,0.383,1.78
55.0,5.0,1.5,2.5,4.5,0.4,3600,0.2,52,90.4,24.08,0.21,1.96,0.463,10.0,19.92,0.383,1.78
55.0,5.0,1.0,2.5,3.0,0.8,14400,0.2,51,90.2,23.58,0.21,1.94,0.462,10.0,19.5,0.382,1.77
55.0,3.0,1.5,2.5,3.0,0.4,14400,0.2,54,85.2,24.84,0.35,2.03,0.46,6.98,20.52,0.38,1.83
55.0,3.0,1.5,2.5,4.5,0.4,14400,0.2,54,85.2,24.84,0.35,2.03,0.46,6.98,20.52,0.38,1.83
55.0,5.0,1.0,2.5,4.5,0.8,14400,0.4,52,90.4,23.92,0.21,1.96,0.46,10.0,19.76,0.38,1.78
55.0,5.0,1.0,1.5,3.0,0.4,,0.4,50,90.0,22.97,0.21,1.92,0.459,10.0,18.97,0.379,1.75
55.0,3.0,1.0,2.5,3.0,0.4,14400,0.4,55,85.5,25.19,0.35,2.05,0.458,6.39,20.79,0.378,1.84
55.0,3.0,1.0,2.5,4.5,0.4,14400,0.4,55,85.5,25.19,0.35,2.05,0.458,6.39,20.79,0.378,1.84
55.0,5.0,1.0,2.5,3.0,0.6,7200,0.4,53,88.7,24.29,0.25,1.97,0.458,10.0,20.05,0.378,1.78
55.0,5.0,1.0,2.5,3.0,0.8,14400,0.4,52,90.4,23.83,0.21,1.95,0.458,10.0,19.67,0.378,1.77
55.0,5.0,1.0,2.5,4.5,0.6,7200,0.4,53,88.7,24.29,0.25,1.97,0.458,10.0,20.05,0.378,1.78
55.0,5.0,1.5,2.5,4.5,0.8,14400,0.2,51,90.2,23.37,0.21,1.93,0.458,10.0,19.29,0.378,1.76
55.0,3.0,1.5,2.5,4.5,0.6,,0.4,53,84.9,24.23,0.36,2.01,0.457,7.37,19.99,0.377,1.81
55.0,5.0,1.0,1.5,3.0,0.4,7200,0.2,51,90.2,23.29,0.21,1.93,0.457,10.0,19.21,0.377,1.76
55.0,5.0,1.0,1.5,3.0,0.4,14400,0.2,51,90.2,23.31,0.21,1.93,0.457,10.0,19.23,0.377,1.76
55.0,5.0,1.0,1.5,4.5,0.4,7200,0.2,51,90.2,23.29,0.21,1.93,0.457,10.0,19.21,0.377,1.76
55.0,5.0,1.0,1.5,4.5,0.4,14400,0.2,51,90.2,23.31,0.21,1.93,0.457,10.0,19.23,0.377,1.76
55.0,5.0,1.5,2.5,3.0,0.8,14400,0.2,51,90.2,23.28,0.21,1.93,0.456,10.0,19.2,0.377,1.76
55.0,3.0,1.0,2.5,3.0,0.4,7200,0.2,54,85.2,24.65,0.35,2.03,0.456,6.39,20.33,0.376,1.83
55.0,3.0,1.0,2.5,4.5,0.4,7200,0.2,54,85.2,24.65,0.35,2.03,0.456,6.39,20.33,0.376,1.83
55.0,3.0,1.5,2.5,3.0,0.4,14400,0.4,55,85.5,25.1,0.35,2.05,0.456,6.98,20.69,0.376,1.84
55.0,3.0,1.5,2.5,4.5,0.4,14400,0.4,55,85.5,25.1,0.35,2.05,0.456,6.98,20.69,0.376,1.84
55.0,3.0,1.5,2.5,3.0,0.4,7200,0.2,54,85.2,24.54,0.35,2.02,0.454,6.98,20.22,0.374,1.82
55.0,3.0,1.5,2.5,4.5,0.4,7200,0.2,54,85.2,24.54,0.35,2.02,0.454,6.98,20.22,0.374,1.82
55.0,5.0,0.7,2.5,4.5,0.4,,0.4,50,90.0,22.63,0.22,2.0,0.453,7.72,18.63,0.373,1.81
55.0,5.0,1.0,1.5,3.0,0.6,,0.4,50,90.0,22.66,0.21,1.91,0.453,10.0,18.66,0.373,1.73
55.0,5.0,1.5,2.5,3.0,0.8,7200,0.4,53,88.7,23.96,0.25,1.95,0.452,10.0,19.72,0.372,1.77
55.0,5.0,1.5,2.5,4.5,0.8,7200,0.4,53,88.7,23.96,0.25,1.95,0.452,10.0,19.72,0.372,1.77
55.0,3.0,1.0,2.5,3.0,0.6,14400,0.2,54,85.2,24.33,0.35,2.01,0.451,6.56,20.01,0.371,1.81
55.0,3.0,1.0,2.5,4.5,0.6,14400,0.2,54,85.2,24.33,0.35,2.01,0.451,6.56,20.01,0.371,1.81
55.0,3.0,1.0,2.5,4.5,0.6,,0.4,53,84.9,23.92,0.35,2.0,0.451,6.82,19.68,0.371,1.8
55.0,5.0,0.7,2.5,4.5,0.6,,0.4,50,90.0,22.53,0.22,1.99,0.451,7.72,18.53,0.371,1.8
55.0,5.0,1.0,2.5,3.0,0.4,3600,0.2,52,90.4,23.45,0.21,1.94,0.451,10.0,19.29,0.371,1.76
55.0,5.0,1.0,2.5,4.5,0.4,3600,0.2,52,90.4,23.45,0.21,1.94,0.451,10.0,19.29,0.371,1.76
55.0,3.0,1.5,2.5,3.0,0.6,,0.4,53,84.9,23.85,0.35,1.99,0.45,7.37,19.62,0.37,1.8
55.0,5.0,1.5,2.5,3.0,0.6,3600,0.2,52,90.4,23.39,0.21,1.94,0.45,10.0,19.23,0.37,1.76
55.0,5.0,1.5,2.5,4.5,0.6,3600,0.2,52,90.4,23.39,0.21,1.94,0.45,10.0,19.23,0.37,1.76
55.0,5.0,1.0,1.5,3.0,0.4,14400,0.4,52,90.4,23.35,0.21,1.93,0.449,10.0,19.19,0.369,1.75
55.0,5.0,1.0,1.5,4.5,0.4,14400,0.4,52,90.4,23.35,0.21,1.93,0.449,10.0,19.19,0.369,1.75
55.0,5.0,1.0,2.5,3.0,0.8,7200,0.2,51,90.2,22.89,0.21,1.92,0.449,10.0,18.81,0.369,1.74
55.0,5.0,1.0,2.5,4.5,0.8,7200,0.2,51,90.2,22.89,0.21,1.92,0.449,10.0,18.81,0.369,1.74
55.0,5.0,1.5,2.5,3.0,0.8,7200,0.2,51,90.2,22.92,0.21,1.92,0.449,10.0,18.84,0.369,1.74
55.0,5.0,1.5,2.5,4.5,0.8,7200,0.2,51,90.2,22.92,0.21,1.92,0.449,10.0,18.84,0.369,1.74
55.0,3.0,1.0,2.5,3.0,0.4,7200,0.4,56,83.9,25.04,0.39,2.04,0.447,6.39,20.56,0.367,1.83
55.0,3.0,1.0,2.5,3.0,0.6,14400,0.4,55,85.5,24.59,0.34,2.02,0.447,6.56,20.19,0.367,1.82
55.0,3.0,1.0,2.5,4.5,0.4,7200,0.4,56,83.9,25.04,0.39,2.04,0.447,6.39,20.56,0.367,1.83
55.0,3.0,1.0,2.5,4.5,0.6,14400,0.4,55,85.5,24.59,0.34,2.02,0.447,6.56,20.19,0.367,1.82
55.0,3.0,1.5,2.5,3.0,0.6,14400,0.4,55,85.5,24.56,0.34,2.02,0.447,7.37,20.16,0.367,1.82
55.0,3.0,1.5,2.5,4.5,0.6,14400,0.4,55,85.5,24.56,0.34,2.02,0.447,7.37,20.16,0.367,1.82
55.0,5.0,1.0,1.5,3.0,0.4,7200,0.4,53,88.7,23.67,0.25,1.94,0.447,10.0,19.43,0.367,1.76
55.0,5.0,1.0,1.5,3.0,0.6,7200,0.2,51,90.2,22.82,0.21,1.91,0.447,10.0,18.74,0.367,1.74
55.0,5.0,1.0,1.5,4.5,0.4,7200,0.4,53,88.7,23.67,0.25,1.94,0.447,10.0,19.43,0.367,1.76
55.0,5.0,1.0,1.5,4.5,0.6,7200,0.2,51,90.2,22.82,0.21,1.91,0.447,10.0,18.74,0.367,1.74
55.0,3.0,1.0,2.5,3.0,0.6,7200,0.2,54,85.2,24.06,0.35,2.0,0.446,6.56,19.74,0.366,1.8
55.0,3.0,1.0,2.5,4.5,0.6,7200,0.2,54,85.2,24.06,0.35,2.0,0.446,6.56,19.74,0.366,1.8
55.0,5.0,0.7,2.5,3.0,0.4,,0.4,50,90.0,22.29,0.22,1.98,0.446,7.72,18.29,0.366,1.79
55.0,5.0,1.0,1.5,3.0,0.6,14400,0.2,51,90.2,22.75,0.21,1.91,0.446,10.0,18.67,0.366,1.74
55.0,5.0,1.0,1.5,4.5,0.6,14400,0.2,51,90.2,22.75,0.21,1.91,0.446,10.0,18.67,0.366,1.74
55.0,5.0,1.0,2.5,3.0,0.6,3600,0.2,52,90.4,23.17,0.2,1.93,0.446,10.0,19.01,0.366,1.75
55.0,5.0,1.0,2.5,4.5,0.6,3600,0.2,52,90.4,23.17,0.2,1.93,0.446,10.0,19.01,0.366,1.75
55.0,3.0,1.5,2.5,3.0,0.4,7200,0.4,56,83.9,24.9,0.39,2.03,0.445,6.98,20.42,0.365,1.82
55.0,3.0,1.5,2.5,4.5,0.4,7200,0.4,56,83.9,24.9,0.39,2.03,0.445,6.98,20.42,0.365,1.82
55.0,3.0,1.0,2.5,3.0,0.6,,0.4,53,84.9,23.54,0.35,1.98,0.444,6.82,19.3,0.364,1.78
55.0,3.0,1.0,2.5,4.5,0.8,14400,0.2,54,85.2,23.9,0.35,2.0,0.443,6.68,19.58,0.363,1.79
55.0,5.0,1.0,1.5,3.0,0.6,14400,0.4,52,90.4,23.01,0.2,1.92,0.442,10.0,18.85,0.362,1.74
55.0,5.0,1.0,1.5,4.5,0.6,14400,0.4,52,90.4,23.01,0.2,1.92,0.442,10.0,18.85,0.362,1.74
55.0,5.0,1.0,1.5,4.5,0.8,,0.4,50,90.0,22.1,0.21,1.88,0.442,10.0,18.11,0.362,1.71
55.0,3.0,1.0,2.5,3.0,0.8,14400,0.2,54,85.2,23.82,0.35,1.99,0.441,6.68,19.5,0.361,1.79
55.0,3.0,1.5,2.5,3.0,0.6,14400,0.2,54,85.2,23.83,0.35,1.99,0.441,7.37,19.51,0.361,1.79
55.0,3.0,1.5,2.5,4.5,0.6,14400,0.2,54,85.2,23.83,0.35,1.99,0.441,7.37,19.51,0.361,1.79
55.0,5.0,1.0,1.5,3.0,0.4,3600,0.2,52,90.4,22.91,0.2,1.92,0.441,10.0,18.75,0.361,1.74
55.0,5.0,1.0,1.5,4.5,0.4,3600,0.2,52,90.4,22.91,0.2,1.92,0.441,10.0,18.75,0.361,1.74
55.0,5.0,1.0,1.5,4.5,0.8,14400,0.2,51,90.2,22.51,0.21,1.9,0.441,10.0,18.43,0.361,1.73
55.0,3.0,1.5,2.5,3.0,0.6,7200,0.2,54,85.2,23.78,0.35,1.99,0.44,7.37,19.46,0.36,1.79
55.0,3.0,1.5,2.5,3.0,0.6,7200,0.4,56,83.9,24.62,0.39,2.02,0.44,7.37,20.14,0.36,1.81
55.0,3.0,1.5,2.5,4.5,0.6,7200,0.2,54,85.2,23.78,0.35,1.99,0.44,7.37,19.46,0.36,1.79
55.0,3.0,1.5,2.5,4.5,0.6,7200,0.4,56,83.9,24.62,0.39,2.02,0.44,7.37,20.14,0.36,1.81
55.0,5.0,1.0,1.5,3.0,0.8,14400,0.2,51,90.2,22.42,0.21,1.9,0.44,10.0,18.34,0.36,1.72
55.0,5.0,1.0,2.5,3.0,0.8,3600,0.2,52,90.4,22.89,0.2,1.92,0.44,10.0,18.73,0.36,1.74
55.0,5.0,1.0,2.5,4.5,0.8,3600,0.2,52,90.4,22.89,0.2,1.92,0.44,10.0,18.73,0.36,1.74
55.0,3.0,1.0,2.5,4.5,0.8,14400,0.4,55,85.5,24.16,0.34,2.01,0.439,6.68,19.76,0.359,1.8
55.0,5.0,1.0,2.5,3.0,0.8,7200,0.4,53,88.7,23.27,0.25,1.93,0.439,10.0,19.03,0.359,1.74
55.0,5.0,1.0,2.5,4.5,0.8,7200,0.4,53,88.7,23.27,0.25,1.93,0.439,10.0,19.03,0.359,1.74
55.0,3.0,1.0,2.5,3.0,0.8,14400,0.4,55,85.5,24.07,0.34,2.0,0.438,6.68,19.67,0.358,1.8
55.0,5.0,1.0,1.5,3.0,0.6,7200,0.4,53,88.7,23.21,0.25,1.92,0.438,10.0,18.97,0.358,1.74
55.0,5.0,1.0,1.5,4.5,0.6,7200,0.4,53,88.7,23.21,0.25,1.92,0.438,10.0,18.97,0.358,1.74
55.0,5.0,1.0,1.5,4.5,0.8,14400,0.4,52,90.4,22.76,0.2,1.91,0.438,10.0,18.6,0.358,1.73
55.0,3.0,1.0,1.5,3.0,0.4,14400,0.2,54,85.2,23.61,0.35,1.98,0.437,6.39,19.29,0.357,1.78
55.0,3.0,1.0,1.5,4.5,0.4,14400,0.2,54,85.2,23.61,0.35,1.98,0.437,6.39,19.29,0.357,1.78
55.0,3.0,1.0,2.5,3.0,0.6,7200,0.4,56,83.9,24.44,0.39,2.01,0.436,6.56,19.96,0.357,1.8
55.0,3.0,1.0,2.5,4.5,0.6,7200,0.4,56,83.9,24.44,0.39,2.01,0.436,6.56,19.96,0.357,1.8
55.0,3.0,1.0,2.5,4.5,0.8,,0.4,53,84.9,23.16,0.35,1.97,0.437,7.18,18.92,0.357,1.77
55.0,5.0,1.0,1.5,3.0,0.6,3600,0.2,52,90.4,22.69,0.2,1.91,0.436,10.0,18.53,0.356,1.73
55.0,5.0,1.0,1.5,3.0,0.8,14400,0.4,52,90.4,22.68,0.2,1.91,0.436,10.0,18.52,0.356,1.73
55.0,5.0,1.0,1.5,4.5,0.6,3600,0.2,52,90.4,22.69,0.2,1.91,0.436,10.0,18.53,0.356,1.73
55.0,5.0,1.5,2.5,3.0,0.8,3600,0.2,52,90.4,22.68,0.2,1.91,0.436,10.0,18.52,0.356,1.73
55.0,5.0,1.5,2.5,4.5,0.8,3600,0.2,52,90.4,22.68,0.2,1.91,0.436,10.0,18.52,0.356,1.73
55.0,5.0,0.7,2.5,3.0,0.6,,0.4,50,90.0,21.77,0.22,1.96,0.435,7.72,17.77,0.355,1.77
55.0,3.0,1.0,1.5,3.0,0.4,7200,0.2,54,85.2,23.42,0.34,1.98,0.434,6.39,19.1,0.354,1.78
55.0,3.0,1.0,1.5,4.5,0.4,7200,0.2,54,85.2,23.42,0.34,1.98,0.434,6.39,19.1,0.354,1.78
55.0,3.0,1.5,2.5,3.0,0.4,3600,0.2,55,85.5,23.88,0.34,2.0,0.434,6.98,19.48,0.354,1.79
55.0,3.0,1.5,2.5,4.5,0.4,3600,0.2,55,85.5,23.88,0.34,2.0,0.434,6.98,19.48,0.354,1.79
55.0,3.0,1.5,2.5,4.5,0.8,14400,0.4,55,85.5,23.86,0.34,1.99,0.434,7.97,19.46,0.354,1.79
55.0,3.0,1.0,2.5,3.0,0.8,,0.4,53,84.9,22.95,0.35,1.96,0.433,7.18,18.71,0.353,1.76
55.0,5.0,1.0,1.5,3.0,0.8,3600,0.2,52,90.4,22.5,0.2,1.9,0.433,10.0,18.34,0.353,1.72
55.0,5.0,1.0,1.5,4.5,0.8,3600,0.2,52,90.4,22.5,0.2,1.9,0.433,10.0,18.34,0.353,1.72
55.0,3.0,1.5,2.5,3.0,0.8,14400,0.4,55,85.5,23.77,0.34,1.99,0.432,7.97,19.37,0.352,1.78
55.0,5.0,1.0,1.5,3.0,0.8,7200,0.2,51,90.2,22.04,0.2,1.88,0.432,10.0,17.96,0.352,1.71
55.0,5.0,1.0,1.5,4.5,0.8,7200,0.2,51,90.2,22.04,0.2,1.88,0.432,10.0,17.96,0.352,1.71
55.0,3.0,1.0,1.5,3.0,0.4,,0.4,53,84.9,22.85,0.35,1.95,0.431,6.59,18.61,0.351,1.76
55.0,3.0,1.0,1.5,3.0,0.4,14400,0.4,55,85.5,23.65,0.34,1.99,0.43,6.39,19.25,0.35,1.78
55.0,3.0,1.0,1.5,4.5,0.4,14400,0.4,55,85.5,23.65,0.34,1.99,0.43,6.39,19.25,0.35,1.78
55.0,3.0,1.0,1.5,4.5,0.4,,0.4,53,84.9,22.8,0.35,1.95,0.43,6.59,18.56,0.35,1.75
55.0,3.0,1.0,2.5,3.0,0.4,3600,0.2,55,85.5,23.57,0.34,1.98,0.429,6.23,19.17,0.349,1.78
55.0,3.0,1.0,2.5,4.5,0.4,3600,0.2,55,85.5,23.57,0.34,1.98,0.429,6.23,19.17,0.349,1.78
55.0,3.0,1.5,2.5,4.5,0.8,,0.4,53,84.9,22.71,0.35,1.95,0.428,7.97,18.47,0.348,1.75
55.0,5.0,1.0,1.5,3.0,0.8,,0.4,50,90.0,21.41,0.21,1.86,0.428,10.0,17.42,0.348,1.69
55.0,3.0,1.0,2.5,3.0,0.8,7200,0.2,54,85.2,23.04,0.34,1.96,0.427,6.68,18.72,0.347,1.76
55.0,3.0,1.0,2.5,4.5,0.8,7200,0.2,54,85.2,23.04,0.34,1.96,0.427,6.68,18.72,0.347,1.76
55.0,3.0,1.0,1.5,3.0,0.6,14400,0.2,54,85.2,22.99,0.34,1.96,0.426,6.56,18.67,0.346,1.76
55.0,3.0,1.0,1.5,4.5,0.6,14400,0.2,54,85.2,22.99,0.34,1.96,0.426,6.56,18.67,0.346,1.76
55.0,3.0,1.0,1.5,3.0,0.4,7200,0.4,56,83.9,23.81,0.38,1.99,0.425,6.39,19.33,0.345,1.78
55.0,3.0,1.0,1.5,3.0,0.6,7200,0.2,54,85.2,22.94,0.34,1.96,0.425,6.56,18.62,0.345,1.76
55.0,3.0,1.0,1.5,4.5,0.4,7200,0.4,56,83.9,23.81,0.38,1.99,0.425,6.39,19.33,0.345,1.78
55.0,3.0,1.0,1.5,4.5,0.6,7200,0.2,54,85.2,22.94,0.34,1.96,0.425,6.56,18.62,0.345,1.76
55.0,3.0,1.5,2.5,3.0,0.8,,0.4,53,84.9,22.5,0.34,1.94,0.425,7.97,18.26,0.345,1.74
55.0,3.0,0.7,2.5,3.0,0.4,,0.4,53,84.9,22.48,0.37,2.07,0.424,5.47,18.24,0.344,1.84
55.0,3.0,1.0,1.5,4.5,0.6,,0.4,53,84.9,22.49,0.34,1.94,0.424,6.82,18.25,0.344,1.74
55.0,3.0,1.0,2.5,3.0,0.6,3600,0.2,55,85.5,23.33,0.34,1.97,0.424,6.29,18.93,0.344,1.77
55.0,3.0,1.0,2.5,4.5,0.6,3600,0.2,55,85.5,23.33,0.34,1.97,0.424,6.29,18.93,0.344,1.77
55.0,3.0,1.5,2.5,3.0,0.6,3600,0.2,55,85.5,23.3,0.34,1.97,0.424,7.37,18.89,0.344,1.77
55.0,3.0,1.5,2.5,4.5,0.6,3600,0.2,55,85.5,23.3,0.34,1.97,0.424,7.37,18.89,0.344,1.77
55.0,3.0,1.5,2.5,4.5,0.8,14400,0.2,54,85.2,22.92,0.34,1.96,0.424,7.97,18.6,0.344,1.75
55.0,3.0,0.7,2.5,4.5,0.4,,0.4,53,84.9,22.44,0.37,2.07,0.423,5.47,18.2,0.343,1.84
55.0,3.0,1.0,1.5,3.0,0.6,14400,0.4,55,85.5,23.24,0.34,1.97,0.423,6.56,18.84,0.343,1.76
55.0,3.0,1.0,1.5,4.5,0.6,14400,0.4,55,85.5,23.24,0.34,1.97,0.423,6.56,18.84,0.343,1.76
55.0,3.0,1.5,2.5,3.0,0.8,14400,0.2,54,85.2,22.84,0.34,1.95,0.423,7.97,18.52,0.343,1.75
55.0,5.0,1.0,1.5,3.0,0.8,7200,0.4,53,88.7,22.43,0.24,1.89,0.423,10.0,18.19,0.343,1.71
55.0,5.0,1.0,1.5,4.5,0.8,7200,0.4,53,88.7,22.43,0.24,1.89,0.423,10.0,18.19,0.343,1.71
55.0,5.0,1.5,2.5,3.0,0.6,14400,0.8,55,87.3,23.29,0.28,1.92,0.423,10.0,18.89,0.343,1.73
55.0,5.0,1.5,2.5,4.5,0.6,14400,0.8,55,87.3,23.29,0.28,1.92,0.423,10.0,18.89,0.343,1.73
55.0,3.0,1.0,1.5,4.5,0.8,14400,0.2,54,85.2,22.77,0.34,1.95,0.422,6.68,18.45,0.342,1.75
55.0,3.0,1.5,2.5,3.0,0.8,7200,0.4,56,83.9,23.66,0.38,1.98,0.422,7.97,19.18,0.342,1.77
55.0,3.0,1.5,2.5,4.5,0.8,7200,0.4,56,83.9,23.66,0.38,1.98,0.422,7.97,19.18,0.342,1.77
55.0,5.0,0.7,2.5,4.5,0.8,,0.4,50,90.0,21.1,0.21,1.93,0.422,7.72,17.1,0.342,1.74
55.0,5.0,1.5,2.5,3.0,0.4,14400,0.8,55,87.3,23.21,0.28,1.92,0.422,10.0,18.81,0.342,1.73
55.0,5.0,1.5,2.5,4.5,0.4,14400,0.8,55,87.3,23.21,0.28,1.92,0.422,10.0,18.81,0.342,1.73
55.0,3.0,1.0,1.5,3.0,0.8,14400,0.2,54,85.2,22.69,0.34,1.95,0.42,6.68,18.37,0.34,1.75
55.0,5.0,1.0,2.5,3.0,0.4,14400,0.8,55,87.3,23.09,0.28,1.92,0.42,10.0,18.69,0.34,1.72
55.0,5.0,1.0,2.5,4.5,0.4,14400,0.8,55,87.3,23.09,0.28,1.92,0.42,10.0,18.69,0.34,1.72
55.0,5.0,1.5,2.5,3.0,0.4,2400,0.2,53,90.6,22.25,0.2,1.89,0.42,10.0,18.01,0.34,1.71
55.0,5.0,1.5,2.5,4.5,0.4,2400,0.2,53,90.6,22.25,0.2,1.89,0.42,10.0,18.01,0.34,1.71
55.0,3.0,1.0,1.5,3.0,0.4,3600,0.2,55,85.5,23.04,0.33,1.96,0.419,6.23,18.64,0.339,1.76
55.0,3.0,1.0,1.5,4.5,0.4,3600,0.2,55,85.5,23.04,0.33,1.96,0.419,6.23,18.64,0.339,1.76
55.0,3.0,1.0,1.5,4.5,0.8,14400,0.4,55,85.5,23.03,0.33,1.96,0.419,6.68,18.63,0.339,1.75
55.0,3.0,1.0,2.5,3.0,0.8,3600,0.2,55,85.5,23.04,0.33,1.96,0.419,6.29,18.64,0.339,1.76
55.0,3.0,1.0,2.5,4.5,0.8,3600,0.2,55,85.5,23.04,0.33,1.96,0.419,6.29,18.64,0.339,1.76
55.0,3.0,1.5,2.5,3.0,0.8,7200,0.2,54,85.2,22.62,0.34,1.94,0.419,7.97,18.3,0.339,1.74
55.0,3.0,1.5,2.5,4.5,0.8,7200,0.2,54,85.2,22.62,0.34,1.94,0.419,7.97,18.3,0.339,1.74
55.0,3.0,1.0,2.5,3.0,0.8,7200,0.4,56,83.9,23.43,0.38,1.97,0.418,6.68,18.95,0.338,1.76
55.0,3.0,1.0,2.5,4.5,0.8,7200,0.4,56,83.9,23.43,0.38,1.97,0.418,6.68,18.95,0.338,1.76
55.0,3.0,1.0,1.5,3.0,0.6,7200,0.4,56,83.9,23.33,0.38,1.97,0.417,6.56,18.85,0.337,1.76
55.0,3.0,1.0,1.5,3.0,0.6,,0.4,53,84.9,22.11,0.34,1.92,0.417,6.82,17.87,0.337,1.73
55.0,3.0,1.0,1.5,3.0,0.8,14400,0.4,55,85.5,22.94,0.33,1.96,0.417,6.68,18.54,0.337,1.75
55.0,3.0,1.0,1.5,4.5,0.6,7200,0.4,56,83.9,23.33,0.38,1.97,0.417,6.56,18.85,0.337,1.76
55.0,3.0,1.0,1.5,3.0,0.6,3600,0.2,55,85.5,22.81,0.33,1.95,0.415,6.29,18.41,0.335,1.75
55.0,3.0,1.0,1.5,4.5,0.6,3600,0.2,55,85.5,22.81,0.33,1.95,0.415,6.29,18.41,0.335,1.75
55.0,5.0,1.5,2.5,3.0,0.6,3600,0.4,67,82.1,27.66,0.45,2.07,0.413,10.45,22.3,0.333,1.83
55.0,5.0,1.5,2.5,4.5,0.6,3600,0.4,67,82.1,27.66,0.45,2.07,0.413,10.45,22.3,0.333,1.83
55.0,3.0,1.0,1.5,3.0,0.8,3600,0.2,55,85.5,22.62,0.33,1.94,0.411,6.29,18.22,0.331,1.74
55.0,3.0,1.0,1.5,4.5,0.8,3600,0.2,55,85.5,22.62,0.33,1.94,0.411,6.29,18.22,0.331,1.74
55.0,3.0,1.0,1.5,3.0,0.8,7200,0.2,54,85.2,22.17,0.33,1.92,0.411,6.68,17.85,0.33,1.72
55.0,3.0,1.0,1.5,4.5,0.8,7200,0.2,54,85.2,22.17,0.33,1.92,0.411,6.68,17.85,0.33,1.72
55.0,5.0,1.0,2.5,3.0,0.6,14400,0.8,55,87.3,22.57,0.28,1.89,0.41,10.0,18.17,0.33,1.7
55.0,5.0,1.0,2.5,4.5,0.6,14400,0.8,55,87.3,22.57,0.28,1.89,0.41,10.0,18.17,0.33,1.7
55.0,5.0,0.7,2.5,3.0,0.8,,0.4,50,90.0,20.41,0.21,1.9,0.408,7.72,16.41,0.328,1.71
55.0,3.0,1.5,2.5,3.0,0.8,3600,0.2,55,85.5,22.38,0.33,1.93,0.407,7.97,17.98,0.327,1.73
55.0,3.0,1.5,2.5,4.5,0.8,3600,0.2,55,85.5,22.38,0.33,1.93,0.407,7.97,17.98,0.327,1.73
55.0,5.0,0.7,1.5,4.5,0.6,,0.4,50,90.0,20.3,0.21,1.89,0.406,7.72,16.3,0.326,1.71
55.0,3.0,0.7,2.5,4.5,0.6,,0.4,53,84.9,21.48,0.36,2.02,0.405,5.7,17.24,0.325,1.8
55.0,3.0,0.7,2.5,3.0,0.4,14400,0.2,63,88.9,25.44,0.29,2.3,0.404,5.58,20.4,0.324,2.02
55.0,3.0,0.7,2.5,4.5,0.4,14400,0.2,63,88.9,25.44,0.29,2.3,0.404,5.58,20.4,0.324,2.02
55.0,3.0,1.0,1.5,4.5,0.8,,0.4,53,84.9,21.4,0.34,1.89,0.404,7.18,17.16,0.324,1.7
55.0,5.0,0.7,1.5,4.5,0.4,,0.4,50,90.0,20.18,0.21,1.89,0.404,7.72,16.18,0.324,1.7
55.0,3.0,1.0,1.5,3.0,0.8,7200,0.4,56,83.9,22.55,0.37,1.93,0.403,6.68,18.07,0.323,1.73
55.0,3.0,1.0,1.5,4.5,0.8,7200,0.4,56,83.9,22.55,0.37,1.93,0.403,6.68,18.07,0.323,1.73
55.0,5.0,1.5,2.5,4.5,0.8,14400,0.8,55,87.3,22.18,0.27,1.88,0.403,10.0,17.78,0.323,1.69
55.0,5.0,1.5,2.5,3.0,0.8,14400,0.8,55,87.3,22.1,0.27,1.88,0.402,10.0,17.7,0.322,1.68
55.0,5.0,1.0,2.5,3.0,0.4,2400,0.2,53,90.6,21.24,0.19,1.85,0.401,10.0,17.0,0.321,1.67
55.0,5.0,1.0,2.5,4.5,0.4,2400,0.2,53,90.6,21.24,0.19,1.85,0.401,10.0,17.0,0.321,1.67
55.0,5.0,1.0,2.5,4.5,0.8,14400,0.8,55,87.3,22.07,0.27,1.87,0.401,10.0,17.67,0.321,1.68
55.0,3.0,1.0,1.5,3.0,0.8,,0.4,53,84.9,21.19,0.33,1.88,0.4,7.18,16.95,0.32,1.69
55.0,5.0,1.0,2.5,3.0,0.8,14400,0.8,55,87.3,21.98,0.27,1.87,0.4,10.0,17.58,0.32,1.68
55.0,3.0,0.7,2.5,3.0,0.4,14400,0.4,64,89.1,25.54,0.28,2.31,0.399,5.58,20.42,0.319,2.01
55.0,3.0,0.7,2.5,4.5,0.4,14400,0.4,64,89.1,25.54,0.28,2.31,0.399,5.58,20.42,0.319,2.01
55.0,3.0,1.0,2.5,3.0,0.4,14400,0.8,58,82.8,23.13,0.41,1.95,0.399,6.6,18.49,0.319,1.74
55.0,3.0,1.0,2.5,4.5,0.4,14400,0.8,58,82.8,23.13,0.41,1.95,0.399,6.6,18.49,0.319,1.74
55.0,3.0,0.7,2.5,3.0,0.6,,0.4,53,84.9,21.1,0.36,2.0,0.398,5.7,16.86,0.318,1.78
55.0,5.0,1.5,2.5,3.0,0.4,3600,0.4,67,82.1,26.66,0.44,2.03,0.398,10.45,21.3,0.318,1.79
55.0,5.0,1.5,2.5,4.5,0.4,3600,0.4,67,82.1,26.66,0.44,2.03,0.398,10.45,21.3,0.318,1.79
55.0,5.0,0.7,1.5,3.0,0.4,,0.4,50,90.0,19.85,0.21,1.87,0.397,7.72,15.85,0.317,1.69
55.0,3.0,0.7,2.5,3.0,0.6,14400,0.2,63,88.9,24.92,0.28,2.28,0.396,5.7,19.88,0.316,1.99
55.0,3.0,0.7,2.5,4.5,0.6,14400,0.2,63,88.9,24.92,0.28,2.28,0.396,5.7,19.88,0.316,1.99
55.0,5.0,1.5,2.5,3.0,0.6,2400,0.2,53,90.6,20.99,0.19,1.84,0.396,10.0,16.75,0.316,1.66
55.0,5.0,1.5,2.5,4.5,0.6,2400,0.2,53,90.6,20.99,0.19,1.84,0.396,10.0,16.75,0.316,1.66
55.0,3.0,1.5,2.5,3.0,0.6,14400,0.8,58,82.8,22.88,0.41,1.94,0.394,7.46,18.24,0.315,1.73
55.0,3.0,1.5,2.5,4.5,0.6,14400,0.8,58,82.8,22.88,0.41,1.94,0.394,7.46,18.24,0.315,1.73
55.0,5.0,1.0,1.5,3.0,0.4,2400,0.2,53,90.6,20.92,0.19,1.84,0.395,10.0,16.68,0.315,1.65
55.0,5.0,1.0,1.5,4.5,0.4,2400,0.2,53,90.6,20.92,0.19,1.84,0.395,10.0,16.68,0.315,1.65
55.0,3.0,0.7,2.5,3.0,0.6,14400,0.4,64,89.1,25.24,0.28,2.29,0.394,5.7,20.12,0.314,2.0
55.0,3.0,0.7,2.5,4.5,0.6,14400,0.4,64,89.1,25.24,0.28,2.29,0.394,5.7,20.12,0.314,2.0
55.0,3.0,1.5,2.5,3.0,0.4,2400,0.2,56,85.7,22.05,0.32,1.92,0.394,6.98,17.57,0.314,1.71
55.0,3.0,1.5,2.5,3.0,0.4,14400,0.8,58,82.8,22.83,0.4,1.94,0.394,7.06,18.19,0.314,1.72
55.0,3.0,1.5,2.5,4.5,0.4,2400,0.2,56,85.7,22.05,0.32,1.92,0.394,6.98,17.57,0.314,1.71
55.0,3.0,1.5,2.5,4.5,0.4,14400,0.8,58,82.8,22.83,0.4,1.94,0.394,7.06,18.19,0.314,1.72
55.0,4.0,1.5,2.5,3.0,0.4,,0.4,51,86.3,20.11,0.27,1.72,0.394,7.36,16.02,0.314,1.56
55.0,5.0,1.0,2.5,3.0,0.6,2400,0.2,53,90.6,20.88,0.19,1.84,0.394,10.0,16.64,0.314,1.65
55.0,5.0,1.0,2.5,4.5,0.6,2400,0.2,53,90.6,20.88,0.19,1.84,0.394,10.0,16.64,0.314,1.65
55.0,4.0,1.5,2.5,4.5,0.4,,0.4,51,86.3,20.06,0.27,1.72,0.393,7.36,15.98,0.313,1.56
55.0,5.0,1.0,1.5,3.0,0.6,2400,0.2,53,90.6,20.76,0.19,1.83,0.392,10.0,16.52,0.312,1.65
55.0,5.0,1.0,1.5,4.5,0.6,2400,0.2,53,90.6,20.76,0.19,1.83,0.392,10.0,16.52,0.312,1.65
55.0,3.0,0.7,2.5,4.5,0.8,,0.4,53,84.9,20.72,0.35,1.98,0.391,6.06,16.48,0.311,1.76
55.0,5.0,0.7,1.5,3.0,0.6,,0.4,50,90.0,19.54,0.21,1.86,0.391,7.72,15.54,0.311,1.67
55.0,5.0,1.0,1.5,3.0,0.4,14400,0.8,55,87.3,21.5,0.27,1.85,0.391,10.0,17.1,0.311,1.66
55.0,5.0,1.0,1.5,4.5,0.4,14400,0.8,55,87.3,21.5,0.27,1.85,0.391,10.0,17.1,0.311,1.66
55.0,5.0,1.0,2.5,3.0,0.8,2400,0.2,53,90.6,20.72,0.19,1.83,0.391,10.0,16.48,0.311,1.65
55.0,5.0,1.0,2.5,4.5,0.8,2400,0.2,53,90.6,20.72,0.19,1.83,0.391,10.0,16.48,0.311,1.65
55.0,4.0,1.0,2.5,3.0,0.4,14400,0.2,52,86.5,20.26,0.27,1.72,0.39,7.58,16.1,0.31,1.56
55.0,4.0,1.0,2.5,3.0,0.4,,0.4,51,86.3,19.89,0.27,1.71,0.39,7.36,15.81,0.31,1.55
55.0,4.0,1.0,2.5,4.5,0.4,14400,0.2,52,86.5,20.26,0.27,1.72,0.39,7.58,16.1,0.31,1.56
55.0,5.0,1.0,1.5,3.0,0.8,2400,0.2,53,90.6,20.69,0.19,1.83,0.39,10.0,16.45,0.31,1.64
55.0,5.0,1.0,1.5,4.5,0.8,2400,0.2,53,90.6,20.69,0.19,1.83,0.39,10.0,16.45,0.31,1.64
55.0,5.0,1.5,2.5,3.0,0.8,3600,0.4,67,82.1,26.14,0.44,2.01,0.39,10.45,20.78,0.31,1.77
55.0,5.0,1.5,2.5,4.5,0.8,3600,0.4,67,82.1,26.14,0.44,2.01,0.39,10.45,20.78,0.31,1.77
55.0,3.0,1.0,2.5,3.0,0.6,14400,0.8,58,82.8,22.58,0.4,1.93,0.389,6.72,17.94,0.309,1.71
55.0,3.0,1.0,2.5,4.5,0.6,14400,0.8,58,82.8,22.58,0.4,1.93,0.389,6.72,17.94,0.309,1.71
55.0,4.0,1.0,2.5,4.5,0.4,,0.4,51,86.3,19.84,0.27,1.71,0.389,7.36,15.76,0.309,1.55
55.0,3.0,0.7,2.5,3.0,0.8,,0.4,53,84.9,20.51,0.35,1.98,0.387,6.06,16.27,0.307,1.75
55.0,5.0,1.5,2.5,3.0,0.8,2400,0.2,53,90.6,20.48,0.19,1.82,0.386,10.0,16.24,0.306,1.64
55.0,5.0,1.5,2.5,4.5,0.8,2400,0.2,53,90.6,20.48,0.19,1.82,0.386,10.0,16.24,0.306,1.64
55.0,3.0,0.7,1.5,3.0,0.4,,0.4,53,84.9,20.41,0.35,1.97,0.385,5.47,16.17,0.305,1.75
55.0,5.0,1.0,1.5,3.0,0.6,14400,0.8,55,87.3,21.16,0.27,1.84,0.385,10.0,16.76,0.305,1.65
55.0,5.0,1.0,1.5,4.5,0.6,14400,0.8,55,87.3,21.16,0.27,1.84,0.385,10.0,16.76,0.305,1.65
55.0,3.0,0.7,1.5,4.5,0.4,,0.4,53,84.9,20.36,0.35,1.97,0.384,5.47,16.12,0.304,1.74
55.0,3.0,0.7,1.5,3.0,0.4,14400,0.2,63,88.9,24.15,0.28,2.24,0.383,5.58,19.11,0.303,1.95
55.0,3.0,0.7,1.5,4.5,0.4,14400,0.2,63,88.9,24.15,0.28,2.24,0.383,5.58,19.11,0.303,1.95
55.0,4.0,1.0,2.5,3.0,0.4,14400,0.4,53,86.8,20.29,0.26,1.72,0.383,7.58,16.05,0.303,1.56
55.0,4.0,1.0,2.5,4.5,0.4,14400,0.4,53,86.8,20.29,0.26,1.72,0.383,7.58,16.05,0.303,1.56
55.0,3.0,1.0,2.5,4.5,0.8,14400,0.8,58,82.8,22.15,0.4,1.91,0.382,6.84,17.51,0.302,1.7
55.0,3.0,1.5,2.5,3.0,0.6,3600,0.4,70,77.1,26.78,0.61,2.06,0.383,8.61,21.17,0.302,1.79
55.0,3.0,1.5,2.5,4.5,0.6,3600,0.4,70,77.1,26.78,0.61,2.06,0.383,8.61,21.17,0.302,1.79
55.0,4.0,1.0,2.5,3.0,0.4,7200,0.2,52,86.5,19.88,0.27,1.71,0.382,8.22,15.72,0.302,1.55
55.0,4.0,1.0,2.5,4.5,0.4,7200,0.2,52,86.5,19.88,0.27,1.71,0.382,8.22,15.72,0.302,1.55
55.0,3.0,1.0,2.5,3.0,0.4,2400,0.2,56,85.7,21.36,0.31,1.89,0.381,6.23,16.88,0.301,1.68
55.0,3.0,1.0,2.5,4.5,0.4,2400,0.2,56,85.7,21.36,0.31,1.89,0.381,6.23,16.88,0.301,1.68
55.0,3.0,1.0,2.5,3.0,0.8,14400,0.8,58,82.8,22.07,0.4,1.91,0.381,6.84,17.43,0.3,1.69
55.0,4.0,1.5,2.5,3.0,0.4,14400,0.2,52,86.5,19.74,0.27,1.71,0.38,7.36,15.58,0.3,1.55
55.0,4.0,1.5,2.5,4.5,0.4,14400,0.2,52,86.5,19.74,0.27,1.71,0.38,7.36,15.58,0.3,1.55
55.0,5.0,0.7,1.5,4.5,0.8,,0.4,50,90.0,18.98,0.2,1.84,0.38,7.72,14.98,0.3,1.65
55.0,5.0,1.0,1.5,4.5,0.8,14400,0.8,55,87.3,20.91,0.27,1.83,0.38,10.0,16.51,0.3,1.64
55.0,3.0,0.7,1.5,3.0,0.4,14400,0.4,64,89.1,24.25,0.28,2.24,0.379,5.58,19.13,0.299,1.95
55.0,3.0,0.7,1.5,3.0,0.6,14400,0.2,63,88.9,23.86,0.28,2.22,0.379,5.7,18.81,0.299,1.94
55.0,3.0,0.7,1.5,4.5,0.4,14400,0.4,64,89.1,24.25,0.28,2.24,0.379,5.58,19.13,0.299,1.95
55.0,3.0,0.7,1.5,4.5,0.6,14400,0.2,63,88.9,23.86,0.28,2.22,0.379,5.7,18.81,0.299,1.94
55.0,5.0,1.0,1.5,3.0,0.8,14400,0.8,55,87.3,20.83,0.27,1.83,0.379,10.0,16.43,0.299,1.64
55.0,3.0,0.7,1.5,3.0,0.6,14400,0.4,64,89.1,24.17,0.27,2.24,0.378,5.7,19.05,0.298,1.95
55.0,3.0,0.7,1.5,4.5,0.6,14400,0.4,64,89.1,24.17,0.27,2.24,0.378,5.7,19.05,0.298,1.95
55.0,3.0,0.7,1.5,4.5,0.6,,0.4,53,84.9,20.05,0.35,1.95,0.378,5.7,15.81,0.298,1.73
55.0,3.0,0.7,2.5,4.5,0.8,14400,0.2,63,88.9,23.76,0.28,2.22,0.377,5.82,18.72,0.297,1.93
55.0,3.0,1.5,2.5,4.5,0.8,14400,0.8,58,82.8,21.85,0.4,1.9,0.377,7.86,17.21,0.297,1.69
55.0,4.0,1.0,2.5,3.0,0.6,14400,0.2,52,86.5,19.61,0.26,1.7,0.377,7.87,15.45,0.297,1.54
55.0,4.0,1.0,2.5,4.5,0.6,14400,0.2,52,86.5,19.61,0.26,1.7,0.377,7.87,15.45,0.297,1.54
55.0,4.0,1.5,2.5,3.0,0.4,14400,0.4,53,86.8,20.0,0.26,1.71,0.377,7.36,15.76,0.297,1.55
55.0,4.0,1.5,2.5,4.5,0.4,14400,0.4,53,86.8,20.0,0.26,1.71,0.377,7.36,15.76,0.297,1.55
55.0,3.0,0.7,2.5,3.0,0.8,14400,0.2,63,88.9,23.68,0.28,2.21,0.376,5.82,18.64,0.296,1.93
55.0,3.0,0.7,2.5,4.5,0.8,14400,0.4,64,89.1,24.08,0.27,2.23,0.376,5.82,18.96,0.296,1.94
55.0,3.0,1.0,1.5,3.0,0.4,2400,0.2,56,85.7,21.06,0.31,1.88,0.376,6.23,16.58,0.296,1.67
55.0,3.0,1.0,1.5,4.5,0.4,2400,0.2,56,85.7,21.06,0.31,1.88,0.376,6.23,16.58,0.296,1.67
55.0,3.0,1.0,2.5,3.0,0.6,2400,0.2,56,85.7,21.04,0.31,1.88,0.376,6.29,16.56,0.296,1.67
55.0,3.0,1.0,2.5,4.5,0.6,2400,0.2,56,85.7,21.04,0.31,1.88,0.376,6.29,16.56,0.296,1.67
55.0,3.0,0.7,2.5,3.0,0.8,14400,0.4,64,89.1,23.99,0.27,2.23,0.375,5.82,18.87,0.295,1.94
55.0,3.0,1.5,2.5,3.0,0.8,14400,0.8,58,82.8,21.77,0.4,1.9,0.375,7.86,17.13,0.295,1.68
55.0,4.0,1.0,2.5,3.0,0.4,7200,0.4,54,85.2,20.27,0.3,1.72,0.375,8.22,15.95,0.295,1.55
55.0,4.0,1.0,2.5,3.0,0.6,14400,0.4,53,86.8,19.86,0.26,1.71,0.375,7.87,15.62,0.295,1.55
55.0,4.0,1.0,2.5,4.5,0.4,7200,0.4,54,85.2,20.27,0.3,1.72,0.375,8.22,15.95,0.295,1.55
55.0,4.0,1.0,2.5,4.5,0.6,14400,0.4,53,86.8,19.86,0.26,1.71,0.375,7.87,15.62,0.295,1.55
55.0,4.0,1.5,2.5,4.5,0.6,,0.4,51,86.3,19.05,0.27,1.68,0.374,7.56,14.97,0.294,1.52
55.0,3.0,1.0,1.5,3.0,0.6,2400,0.2,56,85.7,20.88,0.31,1.87,0.373,6.29,16.4,0.293,1.66
55.0,3.0,1.0,1.5,4.5,0.6,2400,0.2,56,85.7,20.88,0.31,1.87,0.373,6.29,16.4,0.293,1.66
55.0,3.0,1.0,2.5,3.0,0.8,2400,0.2,56,85.7,20.87,0.31,1.87,0.373,6.29,16.39,0.293,1.66
55.0,3.0,1.0,2.5,4.5,0.8,2400,0.2,56,85.7,20.87,0.31,1.87,0.373,6.29,16.39,0.293,1.66
55.0,3.0,1.5,2.5,3.0,0.6,2400,0.2,56,85.7,20.89,0.31,1.87,0.373,7.37,16.41,0.293,1.66
55.0,3.0,1.5,2.5,4.5,0.6,2400,0.2,56,85.7,20.89,0.31,1.87,0.373,7.37,16.41,0.293,1.66
55.0,3.0,1.0,1.5,3.0,0.4,14400,0.8,58,82.8,21.58,0.39,1.89,0.372,6.6,16.94,0.292,1.68
55.0,3.0,1.0,1.5,3.0,0.8,2400,0.2,56,85.7,20.81,0.31,1.87,0.372,6.29,16.33,0.292,1.66
55.0,3.0,1.0,1.5,4.5,0.4,14400,0.8,58,82.8,21.58,0.39,1.89,0.372,6.6,16.94,0.292,1.68
55.0,3.0,1.0,1.5,4.5,0.8,2400,0.2,56,85.7,20.81,0.31,1.87,0.372,6.29,16.33,0.292,1.66
55.0,4.0,1.0,2.5,3.0,0.6,7200,0.2,52,86.5,19.34,0.26,1.69,0.372,8.42,15.18,0.292,1.53
55.0,4.0,1.0,2.5,4.5,0.6,7200,0.2,52,86.5,19.34,0.26,1.69,0.372,8.42,15.18,0.292,1.53
55.0,4.0,1.5,2.5,3.0,0.4,7200,0.2,52,86.5,19.34,0.26,1.69,0.372,7.36,15.18,0.292,1.53
55.0,4.0,1.5,2.5,4.5,0.4,7200,0.2,52,86.5,19.34,0.26,1.69,0.372,7.36,15.18,0.292,1.53
55.0,3.0,0.7,1.5,3.0,0.6,,0.4,53,84.9,19.67,0.34,1.94,0.371,5.7,15.43,0.291,1.71
55.0,4.0,1.0,2.5,4.5,0.6,,0.4,51,86.3,18.88,0.27,1.67,0.37,7.85,14.8,0.29,1.52
55.0,3.0,0.7,2.5,3.0,0.4,14400,0.8,65,86.2,23.89,0.36,2.21,0.368,5.73,18.69,0.288,1.91
55.0,3.0,0.7,2.5,4.5,0.4,14400,0.8,65,86.2,23.89,0.36,2.21,0.368,5.73,18.69,0.288,1.91
55.0,4.0,1.0,2.5,4.5,0.8,14400,0.2,52,86.5,19.11,0.26,1.68,0.368,8.47,14.95,0.287,1.52
55.0,3.0,1.0,1.5,3.0,0.6,14400,0.8,58,82.8,21.23,0.39,1.88,0.366,6.72,16.59,0.286,1.66
55.0,3.0,1.0,1.5,4.5,0.6,14400,0.8,58,82.8,21.23,0.39,1.88,0.366,6.72,16.59,0.286,1.66
55.0,4.0,1.0,2.5,3.0,0.8,14400,0.2,52,86.5,19.02,0.26,1.68,0.366,8.47,14.86,0.286,1.52
55.0,4.0,1.5,2.5,3.0,0.6,14400,0.4,53,86.8,19.39,0.26,1.69,0.366,7.56,15.15,0.286,1.53
55.0,4.0,1.5,2.5,3.0,0.6,,0.4,51,86.3,18.68,0.27,1.67,0.366,7.56,14.6,0.286,1.51
55.0,4.0,1.5,2.5,4.5,0.6,14400,0.4,53,86.8,19.39,0.26,1.69,0.366,7.56,15.15,0.286,1.53
55.0,5.0,0.7,1.5,3.0,0.8,,0.4,50,90.0,18.29,0.2,1.81,0.366,7.72,14.29,0.286,1.62
55.0,4.0,1.0,2.5,3.0,0.6,7200,0.4,54,85.2,19.73,0.3,1.7,0.365,8.42,15.41,0.285,1.54
55.0,4.0,1.0,2.5,4.5,0.6,7200,0.4,54,85.2,19.73,0.3,1.7,0.365,8.42,15.41,0.285,1.54
55.0,4.0,1.0,2.5,4.5,0.8,14400,0.4,53,86.8,19.36,0.26,1.69,0.365,8.47,15.12,0.285,1.53
55.0,4.0,1.5,2.5,3.0,0.4,7200,0.4,54,85.2,19.71,0.3,1.7,0.365,7.36,15.39,0.285,1.53
55.0,4.0,1.5,2.5,4.5,0.4,7200,0.4,54,85.2,19.71,0.3,1.7,0.365,7.36,15.39,0.285,1.53
55.0,3.0,1.5,2.5,3.0,0.4,3600,0.4,70,77.1,25.48,0.6,2.01,0.364,8.42,19.88,0.284,1.75
55.0,3.0,1.5,2.5,4.5,0.4,3600,0.4,70,77.1,25.48,0.6,2.01,0.364,8.42,19.88,0.284,1.75
55.0,4.0,1.0,2.5,3.0,0.8,14400,0.4,53,86.8,19.27,0.26,1.69,0.364,8.47,15.03,0.284,1.53
55.0,3.0,0.7,1.5,4.5,0.8,14400,0.2,63,88.9,22.88,0.27,2.17,0.363,5.82,17.84,0.283,1.89
55.0,3.0,0.7,2.5,3.0,0.6,14400,0.8,65,86.2,23.59,0.35,2.19,0.363,5.85,18.39,0.283,1.9
55.0,3.0,0.7,2.5,4.5,0.6,14400,0.8,65,86.2,23.59,0.35,2.19,0.363,5.85,18.39,0.283,1.9
55.0,4.0,1.0,2.5,3.0,0.6,,0.4,51,86.3,18.5,0.26,1.66,0.363,7.85,14.42,0.283,1.51
55.0,5.0,1.0,2.5,3.0,0.4,3600,0.4,67,82.1,24.35,0.42,1.94,0.363,10.45,18.99,0.283,1.7
55.0,5.0,1.0,2.5,4.5,0.4,3600,0.4,67,82.1,24.35,0.42,1.94,0.363,10.45,18.99,0.283,1.7
55.0,3.0,0.7,1.5,3.0,0.8,14400,0.2,63,88.9,22.8,0.27,2.17,0.362,5.82,17.76,0.282,1.88
55.0,3.0,0.7,1.5,4.5,0.8,14400,0.4,64,89.1,23.2,0.27,2.19,0.362,5.82,18.08,0.282,1.9
55.0,3.0,1.0,1.5,4.5,0.8,14400,0.8,58,82.8,21.02,0.39,1.87,0.362,6.84,16.38,0.282,1.65
55.0,3.0,0.7,1.5,3.0,0.8,14400,0.4,64,89.1,23.11,0.27,2.18,0.361,5.82,17.99,0.281,1.89
55.0,3.0,1.0,1.5,3.0,0.8,14400,0.8,58,82.8,20.94,0.39,1.86,0.361,6.84,16.3,0.281,1.65
55.0,3.0,1.5,2.5,3.0,0.8,3600,0.4,70,77.1,25.26,0.59,2.0,0.361,9.01,19.66,0.281,1.74
55.0,3.0,1.5,2.5,4.5,0.8,3600,0.4,70,77.1,25.26,0.59,2.0,0.361,9.01,19.66,0.281,1.74
55.0,3.0,1.5,2.5,3.0,0.8,2400,0.2,56,85.7,20.18,0.31,1.84,0.36,7.97,15.7,0.28,1.63
55.0,3.0,1.5,2.5,4.5,0.8,2400,0.2,56,85.7,20.18,0.31,1.84,0.36,7.97,15.7,0.28,1.63
55.0,4.0,0.7,2.5,3.0,0.4,,0.4,51,86.3,18.37,0.28,1.76,0.36,6.63,14.29,0.28,1.58
55.0,4.0,0.7,2.5,4.5,0.4,,0.4,51,86.3,18.32,0.28,1.76,0.359,6.63,14.24,0.279,1.57
55.0,4.0,1.0,1.5,3.0,0.4,7200,0.2,52,86.5,18.65,0.26,1.67,0.359,8.49,14.5,0.279,1.51
55.0,4.0,1.0,1.5,3.0,0.4,14400,0.2,52,86.5,18.68,0.26,1.67,0.359,8.2,14.52,0.279,1.51
55.0,4.0,1.0,1.5,4.5,0.4,7200,0.2,52,86.5,18.65,0.26,1.67,0.359,8.49,14.5,0.279,1.51
55.0,4.0,1.0,1.5,4.5,0.4,14400,0.2,52,86.5,18.68,0.26,1.67,0.359,8.2,14.52,0.279,1.51
55.0,4.0,1.5,2.5,3.0,0.6,14400,0.2,52,86.5,18.65,0.26,1.67,0.359,7.56,14.49,0.279,1.51
55.0,4.0,1.5,2.5,4.5,0.6,14400,0.2,52,86.5,18.65,0.26,1.67,0.359,7.56,14.49,0.279,1.51
55.0,5.0,1.0,2.5,3.0,0.6,3600,0.4,67,82.1,24.08,0.42,1.93,0.359,10.45,18.72,0.279,1.69
55.0,5.0,1.0,2.5,4.5,0.6,3600,0.4,67,82.1,24.08,0.42,1.93,0.359,10.45,18.72,0.279,1.69
55.0,3.0,0.7,1.5,4.5,0.8,,0.4,53,84.9,18.96,0.34,1.9,0.358,6.06,14.72,0.278,1.68
55.0,3.0,0.7,2.5,3.0,0.4,7200,0.2,63,88.9,22.51,0.27,2.15,0.357,5.58,17.47,0.277,1.87
55.0,3.0,0.7,2.5,4.5,0.4,7200,0.2,63,88.9,22.51,0.27,2.15,0.357,5.58,17.47,0.277,1.87
55.0,4.0,1.5,2.5,3.0,0.6,7200,0.4,54,85.2,19.22,0.29,1.68,0.356,7.56,14.9,0.276,1.52
55.0,4.0,1.5,2.5,4.5,0.6,7200,0.4,54,85.2,19.22,0.29,1.68,0.356,7.56,14.9,0.276,1.52
55.0,4.0,1.0,2.5,3.0,0.4,3600,0.2,53,86.8,18.8,0.25,1.67,0.355,8.46,14.56,0.275,1.51
55.0,4.0,1.0,2.5,4.5,0.4,3600,0.2,53,86.8,18.8,0.25,1.67,0.355,8.46,14.56,0.275,1.51
55.0,5.0,1.0,1.5,3.0,0.4,3600,0.4,67,82.1,23.8,0.42,1.92,0.355,10.45,18.44,0.275,1.68
55.0,5.0,1.0,1.5,4.5,0.4,3600,0.4,67,82.1,23.8,0.42,1.92,0.355,10.45,18.44,0.275,1.68
55.0,5.0,1.0,2.5,3.0,0.8,3600,0.4,67,82.1,23.8,0.42,1.92,0.355,10.45,18.44,0.275,1.68
55.0,5.0,1.0,2.5,4.5,0.8,3600,0.4,67,82.1,23.8,0.42,1.92,0.355,10.45,18.44,0.275,1.68
55.0,3.0,0.7,1.5,3.0,0.8,,0.4,53,84.9,18.75,0.34,1.89,0.354,6.06,14.51,0.274,1.67
55.0,3.0,0.7,2.5,3.0,0.6,7200,0.2,63,88.9,22.31,0.27,2.14,0.354,5.7,17.27,0.274,1.86
55.0,3.0,0.7,2.5,4.5,0.6,7200,0.2,63,88.9,22.31,0.27,2.14,0.354,5.7,17.27,0.274,1.86
55.0,5.0,1.5,2.5,3.0,0.6,2400,0.4,67,83.6,23.71,0.38,1.92,0.354,10.2,18.35,0.274,1.68
55.0,5.0,1.5,2.5,4.5,0.6,2400,0.4,67,83.6,23.71,0.38,1.92,0.354,10.2,18.35,0.274,1.68
55.0,4.0,0.7,2.5,3.0,0.4,14400,0.2,61,90.2,21.54,0.22,1.97,0.353,7.02,16.66,0.273,1.74
55.0,4.0,0.7,2.5,4.5,0.4,14400,0.2,61,90.2,21.54,0.22,1.97,0.353,7.02,16.66,0.273,1.74
55.0,4.0,1.0,1.5,3.0,0.4,7200,0.4,54,85.2,19.04,0.29,1.68,0.353,8.49,14.72,0.273,1.51
55.0,4.0,1.0,1.5,3.0,0.4,14400,0.4,53,86.8,18.72,0.25,1.67,0.353,8.2,14.48,0.273,1.51
55.0,4.0,1.0,1.5,4.5,0.4,7200,0.4,54,85.2,19.04,0.29,1.68,0.353,8.49,14.72,0.273,1.51
55.0,4.0,1.0,1.5,4.5,0.4,14400,0.4,53,86.8,18.72,0.25,1.67,0.353,8.2,14.48,0.273,1.51
55.0,4.0,1.5,2.5,3.0,0.4,3600,0.2,53,86.8,18.68,0.25,1.67,0.352,7.51,14.44,0.273,1.5
55.0,4.0,1.5,2.5,3.0,0.6,7200,0.2,52,86.5,18.38,0.26,1.66,0.353,7.56,14.22,0.273,1.5
55.0,4.0,1.5,2.5,4.5,0.4,3600,0.2,53,86.8,18.68,0.25,1.67,0.352,7.51,14.44,0.273,1.5
55.0,4.0,1.5,2.5,4.5,0.6,7200,0.2,52,86.5,18.38,0.26,1.66,0.353,7.56,14.22,0.273,1.5
55.0,3.0,0.7,2.5,3.0,0.4,7200,0.4,65,87.7,22.88,0.3,2.16,0.352,5.58,17.68,0.272,1.87
55.0,3.0,0.7,2.5,4.5,0.4,7200,0.4,65,87.7,22.88,0.3,2.16,0.352,5.58,17.68,0.272,1.87
55.0,4.0,1.0,2.5,3.0,0.8,7200,0.2,52,86.5,18.33,0.26,1.65,0.352,8.79,14.17,0.272,1.5
55.0,4.0,1.0,2.5,4.5,0.8,7200,0.2,52,86.5,18.33,0.26,1.65,0.352,8.79,14.17,0.272,1.5
55.0,5.0,0.7,2.5,3.0,0.4,14400,0.2,60,91.7,21.13,0.18,1.93,0.352,7.72,16.33,0.272,1.71
55.0,5.0,0.7,2.5,4.5,0.4,14400,0.2,60,91.7,21.13,0.18,1.93,0.352,7.72,16.33,0.272,1.71
55.0,5.0,1.0,1.5,3.0,0.6,3600,0.4,67,82.1,23.6,0.42,1.91,0.352,10.45,18.24,0.272,1.68
55.0,5.0,1.0,1.5,4.5,0.6,3600,0.4,67,82.1,23.6,0.42,1.91,0.352,10.45,18.24,0.272,1.68
55.0,4.0,1.0,1.5,3.0,0.6,7200,0.2,52,86.5,18.23,0.26,1.65,0.351,8.44,14.07,0.271,1.49
55.0,4.0,1.0,1.5,4.5,0.6,7200,0.2,52,86.5,18.23,0.26,1.65,0.351,8.44,14.07,0.271,1.49
55.0,4.0,1.0,2.5,3.0,0.6,3600,0.2,53,86.8,18.61,0.25,1.66,0.351,8.65,14.37,0.271,1.5
55.0,4.0,1.0,2.5,4.5,0.6,3600,0.2,53,86.8,18.61,0.25,1.66,0.351,8.65,14.37,0.271,1.5
55.0,4.0,1.5,2.5,4.5,0.8,14400,0.4,53,86.8,18.6,0.25,1.66,0.351,7.78,14.36,0.271,1.5
55.0,3.0,0.7,2.5,3.0,0.6,7200,0.4,65,87.7,22.68,0.3,2.15,0.349,5.7,17.48,0.269,1.86
55.0,3.0,0.7,2.5,4.5,0.6,7200,0.4,65,87.7,22.68,0.3,2.15,0.349,5.7,17.48,0.269,1.86
55.0,4.0,0.7,2.5,3.0,0.4,14400,0.4,62,90.3,21.64,0.21,1.98,0.349,7.02,16.68,0.269,1.74
55.0,4.0,0.7,2.5,4.5,0.4,14400,0.4,62,90.3,21.64,0.21,1.98,0.349,7.02,16.68,0.269,1.74
55.0,4.0,1.0,1.5,3.0,0.4,,0.4,51,86.3,17.78,0.26,1.64,0.349,7.93,13.7,0.269,1.48
55.0,4.0,1.0,1.5,3.0,0.6,14400,0.2,52,86.5,18.16,0.26,1.65,0.349,8.24,14.0,0.269,1.49
55.0,4.0,1.0,1.5,4.5,0.6,14400,0.2,52,86.5,18.16,0.26,1.65,0.349,8.24,14.0,0.269,1.49
55.0,4.0,1.5,2.5,3.0,0.8,14400,0.4,53,86.8,18.52,0.25,1.66,0.349,7.78,14.28,0.269,1.5
55.0,5.0,1.0,1.5,3.0,0.8,3600,0.4,67,82.1,23.41,0.42,1.9,0.349,10.45,18.05,0.269,1.67
55.0,5.0,1.0,1.5,4.5,0.8,3600,0.4,67,82.1,23.41,0.42,1.9,0.349,10.45,18.05,0.269,1.67
55.0,5.0,1.5,2.5,3.0,0.4,2400,0.4,67,83.6,23.42,0.37,1.91,0.35,10.2,18.06,0.269,1.67
55.0,5.0,1.5,2.5,4.5,0.4,2400,0.4,67,83.6,23.42,0.37,1.91,0.35,10.2,18.06,0.269,1.67
55.0,3.0,0.7,1.5,3.0,0.4,14400,0.8,65,86.2,22.6,0.34,2.14,0.348,5.73,17.4,0.268,1.85
55.0,3.0,0.7,1.5,4.5,0.4,14400,0.8,65,86.2,22.6,0.34,2.14,0.348,5.73,17.4,0.268,1.85
55.0,4.0,1.0,1.5,4.5,0.4,,0.4,51,86.3,17.74,0.26,1.63,0.348,7.93,13.66,0.268,1.48
55.0,5.0,0.7,2.5,3.0,0.4,14400,0.4,61,91.8,21.23,0.17,1.93,0.348,7.72,16.35,0.268,1.71
55.0,5.0,0.7,2.5,4.5,0.4,14400,0.4,61,91.8,21.23,0.17,1.93,0.348,7.72,16.35,0.268,1.71
55.0,5.0,1.5,2.5,3.0,0.4,1200,0.2,56,80.4,19.47,0.43,1.77,0.348,10.4,14.99,0.268,1.57
55.0,5.0,1.5,2.5,4.5,0.4,1200,0.2,56,80.4,19.47,0.43,1.77,0.348,10.4,14.99,0.268,1.57
55.0,4.0,0.7,2.5,3.0,0.6,14400,0.2,61,90.2,21.15,0.21,1.96,0.347,7.06,16.26,0.267,1.72
55.0,4.0,0.7,2.5,4.5,0.6,14400,0.2,61,90.2,21.15,0.21,1.96,0.347,7.06,16.26,0.267,1.72
55.0,4.0,1.0,1.5,3.0,0.6,14400,0.4,53,86.8,18.41,0.25,1.66,0.347,8.24,14.18,0.267,1.5
55.0,4.0,1.0,1.5,4.5,0.6,14400,0.4,53,86.8,18.41,0.25,1.66,0.347,8.24,14.18,0.267,1.5
55.0,4.0,1.0,2.5,3.0,0.8,7200,0.4,54,85.2,18.72,0.29,1.67,0.347,8.79,14.4,0.267,1.5
55.0,4.0,1.0,2.5,4.5,0.8,7200,0.4,54,85.2,18.72,0.29,1.67,0.347,8.79,14.4,0.267,1.5
55.0,3.0,0.7,1.5,3.0,0.6,14400,0.8,65,86.2,22.52,0.34,2.14,0.346,5.85,17.32,0.266,1.84
55.0,3.0,0.7,1.5,4.5,0.6,14400,0.8,65,86.2,22.52,0.34,2.14,0.346,5.85,17.32,0.266,1.84
55.0,4.0,0.7,2.5,3.0,0.6,14400,0.4,62,90.3,21.46,0.21,1.97,0.346,7.06,16.5,0.266,1.73
55.0,4.0,0.7,2.5,4.5,0.6,14400,0.4,62,90.3,21.46,0.21,1.97,0.346,7.06,16.5,0.266,1.73
55.0,4.0,1.0,2.5,3.0,0.8,3600,0.2,53,86.8,18.33,0.25,1.65,0.346,8.77,14.09,0.266,1.49
55.0,4.0,1.0,2.5,4.5,0.8,3600,0.2,53,86.8,18.33,0.25,1.65,0.346,8.77,14.09,0.266,1.49
55.0,5.0,0.7,2.5,3.0,0.6,14400,0.2,60,91.7,20.73,0.17,1.91,0.346,7.72,15.93,0.266,1.69
55.0,5.0,0.7,2.5,4.5,0.6,14400,0.2,60,91.7,20.73,0.17,1.91,0.346,7.72,15.93,0.266,1.69
55.0,3.0,0.7,2.5,4.5,0.8,14400,0.8,65,86.2,22.42,0.34,2.14,0.345,5.97,17.22,0.265,1.84
55.0,4.0,1.0,1.5,3.0,0.4,3600,0.2,53,86.8,18.27,0.25,1.65,0.345,8.62,14.03,0.265,1.49
55.0,4.0,1.0,1.5,3.0,0.6,7200,0.4,54,85.2,18.61,0.29,1.66,0.345,8.44,14.3,0.265,1.5
55.0,4.0,1.0,1.5,4.5,0.4,3600,0.2,53,86.8,18.27,0.25,1.65,0.345,8.62,14.03,0.265,1.49
55.0,4.0,1.0,1.5,4.5,0.6,7200,0.4,54,85.2,18.61,0.29,1.66,0.345,8.44,14.3,0.265,1.5
55.0,4.0,1.0,1.5,4.5,0.8,14400,0.2,52,86.5,17.92,0.26,1.64,0.345,8.63,13.76,0.265,1.48
55.0,5.0,0.7,2.5,3.0,0.6,14400,0.4,61,91.8,21.05,0.17,1.93,0.345,7.72,16.17,0.265,1.7
55.0,5.0,0.7,2.5,4.5,0.6,14400,0.4,61,91.8,21.05,0.17,1.93,0.345,7.72,16.17,0.265,1.7
55.0,5.0,1.5,2.5,3.0,0.6,1200,0.2,56,80.4,19.33,0.43,1.76,0.345,10.92,14.85,0.265,1.56
55.0,5.0,1.5,2.5,4.5,0.6,1200,0.2,56,80.4,19.33,0.43,1.76,0.345,10.92,14.85,0.265,1.56
55.0,3.0,0.7,2.5,3.0,0.8,14400,0.8,65,86.2,22.34,0.34,2.13,0.344,5.97,17.14,0.264,1.83
55.0,4.0,1.0,1.5,3.0,0.8,14400,0.2,52,86.5,17.83,0.25,1.64,0.343,8.63,13.67,0.263,1.48
55.0,4.0,1.0,1.5,4.5,0.8,14400,0.4,53,86.8,18.17,0.25,1.65,0.343,8.62,13.93,0.263,1.49
55.0,3.0,0.7,1.5,3.0,0.4,7200,0.2,63,88.9,21.48,0.26,2.1,0.341,5.58,16.44,0.261,1.82
55.0,3.0,0.7,1.5,4.5,0.4,7200,0.2,63,88.9,21.48,0.26,2.1,0.341,5.58,16.44,0.261,1.82
55.0,4.0,1.0,1.5,3.0,0.6,3600,0.2,53,86.8,18.1,0.25,1.65,0.342,8.74,13.86,0.261,1.48
55.0,4.0,1.0,1.5,3.0,0.8,14400,0.4,53,86.8,18.09,0.25,1.65,0.341,8.62,13.85,0.261,1.48
55.0,4.0,1.0,1.5,4.5,0.6,3600,0.2,53,86.8,18.1,0.25,1.65,0.342,8.74,13.86,0.261,1.48
55.0,4.0,1.0,2.5,4.5,0.8,,0.4,51,86.3,17.37,0.26,1.62,0.341,8.62,13.29,0.261,1.47
55.0,4.0,0.7,2.5,4.5,0.6,,0.4,51,86.3,17.36,0.27,1.72,0.34,6.81,13.28,0.26,1.54
55.0,4.0,1.0,1.5,4.5,0.6,,0.4,51,86.3,17.35,0.26,1.62,0.34,8.09,13.27,0.26,1.46
55.0,4.0,1.5,2.5,4.5,0.8,14400,0.2,52,86.5,17.67,0.25,1.63,0.34,7.78,13.51,0.26,1.47
55.0,3.0,0.7,1.5,3.0,0.6,7200,0.2,63,88.9,21.32,0.26,2.09,0.338,5.7,16.28,0.258,1.81
55.0,3.0,0.7,1.5,4.5,0.6,7200,0.2,63,88.9,21.32,0.26,2.09,0.338,5.7,16.28,0.258,1.81
55.0,4.0,1.0,1.5,3.0,0.8,3600,0.2,53,86.8,17.91,0.25,1.64,0.338,8.79,13.67,0.258,1.48
55.0,4.0,1.0,1.5,4.5,0.8,3600,0.2,53,86.8,17.91,0.25,1.64,0.338,8.79,13.67,0.258,1.48
55.0,4.0,1.5,2.5,3.0,0.6,3600,0.2,53,86.8,17.9,0.25,1.64,0.338,7.56,13.66,0.258,1.48
55.0,4.0,1.5,2.5,3.0,0.8,7200,0.4,54,85.2,18.26,0.29,1.65,0.338,8.18,13.94,0.258,1.48
55.0,4.0,1.5,2.5,3.0,0.8,14400,0.2,52,86.5,17.59,0.25,1.63,0.338,7.78,13.43,0.258,1.47
55.0,4.0,1.5,2.5,4.5,0.6,3600,0.2,53,86.8,17.9,0.25,1.64,0.338,7.56,13.66,0.258,1.48
55.0,4.0,1.5,2.5,4.5,0.8,7200,0.4,54,85.2,18.26,0.29,1.65,0.338,8.18,13.94,0.258,1.48
55.0,3.0,0.7,2.5,3.0,0.8,7200,0.2,63,88.9,21.22,0.26,2.09,0.337,5.82,16.18,0.257,1.81
55.0,3.0,0.7,2.5,4.5,0.8,7200,0.2,63,88.9,21.22,0.26,2.09,0.337,5.82,16.18,0.257,1.81
55.0,5.0,1.0,2.5,3.0,0.4,1200,0.2,56,80.4,18.85,0.43,1.74,0.337,10.0,14.37,0.257,1.54
55.0,5.0,1.0,2.5,4.5,0.4,1200,0.2,56,80.4,18.85,0.43,1.74,0.337,10.0,14.37,0.257,1.54
55.0,3.0,0.7,1.5,3.0,0.4,7200,0.4,65,87.7,21.84,0.3,2.11,0.336,5.58,16.64,0.256,1.82
55.0,3.0,0.7,1.5,4.5,0.4,7200,0.4,65,87.7,21.84,0.3,2.11,0.336,5.58,16.64,0.256,1.82
55.0,4.0,1.0,1.5,3.0,0.8,7200,0.2,52,86.5,17.45,0.25,1.62,0.336,8.66,13.29,0.256,1.47
55.0,4.0,1.0,1.5,4.5,0.8,7200,0.2,52,86.5,17.45,0.25,1.62,0.336,8.66,13.29,0.256,1.47
55.0,3.0,0.7,1.5,3.0,0.6,7200,0.4,65,87.7,21.68,0.3,2.1,0.334,5.7,16.48,0.254,1.81
55.0,3.0,0.7,1.5,4.5,0.6,7200,0.4,65,87.7,21.68,0.3,2.1,0.334,5.7,16.48,0.254,1.81
55.0,4.0,1.0,2.5,3.0,0.8,,0.4,51,86.3,17.02,0.26,1.61,0.334,8.62,12.94,0.254,1.45
55.0,4.0,0.7,2.5,3.0,0.6,,0.4,51,86.3,16.98,0.27,1.7,0.333,6.81,12.9,0.253,1.52
55.0,4.0,1.0,1.5,3.0,0.6,,0.4,51,86.3,16.98,0.26,1.61,0.333,8.09,12.9,0.253,1.45
55.0,3.0,0.7,1.5,4.5,0.8,14400,0.8,65,86.2,21.55,0.34,2.09,0.332,5.97,16.35,0.252,1.8
55.0,3.0,0.7,2.5,3.0,0.8,7200,0.4,65,87.7,21.59,0.29,2.1,0.332,5.82,16.39,0.252,1.81
55.0,3.0,0.7,2.5,4.5,0.8,7200,0.4,65,87.7,21.59,0.29,2.1,0.332,5.82,16.39,0.252,1.81
55.0,4.0,0.7,1.5,3.0,0.4,14400,0.2,61,90.2,20.23,0.21,1.91,0.332,7.47,15.35,0.252,1.68
55.0,4.0,0.7,1.5,4.5,0.4,14400,0.2,61,90.2,20.23,0.21,1.91,0.332,7.47,15.35,0.252,1.68
55.0,3.0,1.0,2.5,3.0,0.4,3600,0.4,70,77.1,23.14,0.57,1.92,0.331,8.02,17.54,0.251,1.66
55.0,3.0,1.0,2.5,4.5,0.4,3600,0.4,70,77.1,23.14,0.57,1.92,0.331,8.02,17.54,0.251,1.66
55.0,4.0,1.5,2.5,3.0,0.8,7200,0.2,52,86.5,17.22,0.25,1.61,0.331,8.18,13.06,0.251,1.46
55.0,4.0,1.5,2.5,4.5,0.8,7200,0.2,52,86.5,17.22,0.25,1.61,0.331,8.18,13.06,0.251,1.46
55.0,5.0,1.0,1.5,3.0,0.4,1200,0.2,56,80.4,18.53,0.42,1.73,0.331,10.0,14.05,0.251,1.53
55.0,5.0,1.0,1.5,4.5,0.4,1200,0.2,56,80.4,18.53,0.42,1.73,0.331,10.0,14.05,0.251,1.53
55.0,5.0,1.5,2.5,3.0,0.8,2400,0.4,67,83.6,22.19,0.37,1.86,0.331,10.2,16.83,0.251,1.63
55.0,5.0,1.5,2.5,4.5,0.8,2400,0.4,67,83.6,22.19,0.37,1.86,0.331,10.2,16.83,0.251,1.63
55.0,3.0,0.7,1.5,3.0,0.8,14400,0.8,65,86.2,21.46,0.34,2.09,0.33,5.97,16.26,0.25,1.79
55.0,4.0,1.0,1.5,3.0,0.8,7200,0.4,54,85.2,17.84,0.28,1.63,0.33,8.66,13.52,0.25,1.47
55.0,4.0,1.0,1.5,4.5,0.8,7200,0.4,54,85.2,17.84,0.28,1.63,0.33,8.66,13.52,0.25,1.47
55.0,5.0,0.7,1.5,3.0,0.4,14400,0.2,60,91.7,19.81,0.17,1.87,0.33,7.72,15.01,0.25,1.65
55.0,5.0,0.7,1.5,4.5,0.4,14400,0.2,60,91.7,19.81,0.17,1.87,0.33,7.72,15.01,0.25,1.65
55.0,5.0,1.0,2.5,3.0,0.6,1200,0.2,56,80.4,18.5,0.42,1.73,0.33,10.0,14.02,0.25,1.53
55.0,5.0,1.0,2.5,4.5,0.6,1200,0.2,56,80.4,18.5,0.42,1.73,0.33,10.0,14.02,0.25,1.53
55.0,4.0,1.0,2.5,3.0,0.4,14400,0.8,56,83.9,18.44,0.32,1.65,0.329,7.58,13.96,0.249,1.48
55.0,4.0,1.0,2.5,4.5,0.4,14400,0.8,56,83.9,18.44,0.32,1.65,0.329,7.58,13.96,0.249,1.48
55.0,4.0,1.5,2.5,4.5,0.8,,0.4,51,86.3,16.78,0.25,1.6,0.329,8.2,12.7,0.249,1.44
55.0,4.0,0.7,1.5,3.0,0.4,14400,0.4,62,90.3,20.32,0.21,1.92,0.328,7.47,15.36,0.248,1.68
55.0,4.0,0.7,1.5,3.0,0.6,14400,0.2,61,90.2,19.98,0.21,1.9,0.328,7.34,15.1,0.248,1.67
55.0,4.0,0.7,1.5,4.5,0.4,14400,0.4,62,90.3,20.32,0.21,1.92,0.328,7.47,15.36,0.248,1.68
55.0,4.0,0.7,1.5,4.5,0.6,14400,0.2,61,90.2,19.98,0.21,1.9,0.328,7.34,15.1,0.248,1.67
55.0,5.0,1.0,1.5,3.0,0.6,1200,0.2,56,80.4,18.38,0.42,1.72,0.328,10.0,13.9,0.248,1.53
55.0,5.0,1.0,1.5,4.5,0.6,1200,0.2,56,80.4,18.38,0.42,1.72,0.328,10.0,13.9,0.248,1.53
55.0,3.0,1.0,2.5,3.0,0.6,3600,0.4,70,77.1,22.91,0.57,1.91,0.327,8.07,17.31,0.247,1.65
55.0,3.0,1.0,2.5,4.5,0.6,3600,0.4,70,77.1,22.91,0.57,1.91,0.327,8.07,17.31,0.247,1.65
55.0,4.0,0.7,1.5,3.0,0.6,14400,0.4,62,90.3,20.29,0.21,1.92,0.327,7.34,15.33,0.247,1.68
55.0,4.0,0.7,1.5,4.5,0.6,14400,0.4,62,90.3,20.29,0.21,1.92,0.327,7.34,15.33,0.247,1.68
55.0,5.0,1.0,1.5,3.0,0.8,1200,0.2,56,80.4,18.31,0.42,1.72,0.327,10.0,13.83,0.247,1.52
55.0,5.0,1.0,1.5,4.5,0.8,1200,0.2,56,80.4,18.31,0.42,1.72,0.327,10.0,13.83,0.247,1.52
55.0,5.0,1.0,2.5,3.0,0.4,2400,0.4,67,83.6,21.9,0.36,1.85,0.327,10.2,16.54,0.247,1.62
55.0,5.0,1.0,2.5,3.0,0.8,1200,0.2,56,80.4,18.34,0.42,1.72,0.328,10.0,13.86,0.247,1.53
55.0,5.0,1.0,2.5,4.5,0.4,2400,0.4,67,83.6,21.9,0.36,1.85,0.327,10.2,16.54,0.247,1.62
55.0,5.0,1.0,2.5,4.5,0.8,1200,0.2,56,80.4,18.34,0.42,1.72,0.328,10.0,13.86,0.247,1.53
55.0,4.0,0.7,2.5,4.5,0.8,14400,0.2,61,90.2,19.91,0.21,1.9,0.326,7.42,15.03,0.246,1.66
55.0,4.0,0.7,2.5,4.5,0.8,14400,0.4,62,90.3,20.23,0.21,1.91,0.326,7.42,15.26,0.246,1.67
55.0,5.0,0.7,1.5,3.0,0.4,14400,0.4,61,91.8,19.91,0.17,1.88,0.326,7.72,15.03,0.246,1.65
55.0,5.0,0.7,1.5,3.0,0.6,14400,0.2,60,91.7,19.57,0.17,1.86,0.326,7.72,14.77,0.246,1.64
55.0,5.0,0.7,1.5,3.0,0.6,14400,0.4,61,91.8,19.88,0.17,1.88,0.326,7.72,15.0,0.246,1.65
55.0,5.0,0.7,1.5,4.5,0.4,14400,0.4,61,91.8,19.91,0.17,1.88,0.326,7.72,15.03,0.246,1.65
55.0,5.0,0.7,1.5,4.5,0.6,14400,0.2,60,91.7,19.57,0.17,1.86,0.326,7.72,14.77,0.246,1.64
55.0,5.0,0.7,1.5,4.5,0.6,14400,0.4,61,91.8,19.88,0.17,1.88,0.326,7.72,15.0,0.246,1.65
55.0,3.0,0.7,1.5,3.0,0.8,7200,0.2,63,88.9,20.45,0.26,2.05,0.325,5.82,15.41,0.245,1.77
55.0,3.0,0.7,1.5,4.5,0.8,7200,0.2,63,88.9,20.45,0.26,2.05,0.325,5.82,15.41,0.245,1.77
55.0,4.0,0.7,2.5,3.0,0.8,14400,0.2,61,90.2,19.82,0.21,1.9,0.325,7.42,14.94,0.245,1.66
55.0,4.0,0.7,2.5,3.0,0.8,14400,0.4,62,90.3,20.14,0.2,1.91,0.325,7.42,15.18,0.245,1.67
55.0,5.0,0.7,2.5,4.5,0.8,14400,0.2,60,91.7,19.5,0.17,1.86,0.325,7.72,14.7,0.245,1.64
55.0,5.0,0.7,2.5,4.5,0.8,14400,0.4,61,91.8,19.81,0.17,1.87,0.325,7.72,14.93,0.245,1.64
55.0,5.0,0.7,2.5,3.0,0.8,14400,0.2,60,91.7,19.41,0.17,1.85,0.324,7.72,14.61,0.244,1.63
55.0,3.0,1.0,1.5,3.0,0.4,3600,0.4,70,77.1,22.61,0.56,1.9,0.323,8.02,17.01,0.243,1.64
55.0,3.0,1.0,1.5,4.5,0.4,3600,0.4,70,77.1,22.61,0.56,1.9,0.323,8.02,17.01,0.243,1.64
55.0,3.0,1.0,2.5,3.0,0.8,3600,0.4,70,77.1,22.62,0.56,1.9,0.323,8.07,17.02,0.243,1.64
55.0,3.0,1.0,2.5,4.5,0.8,3600,0.4,70,77.1,22.62,0.56,1.9,0.323,8.07,17.02,0.243,1.64
55.0,5.0,0.7,2.5,3.0,0.8,14400,0.4,61,91.8,19.73,0.17,1.87,0.323,7.72,14.85,0.243,1.64
55.0,4.0,1.0,2.5,3.0,0.6,14400,0.8,56,83.9,18.01,0.31,1.64,0.322,7.87,13.53,0.242,1.47
55.0,4.0,1.0,2.5,4.5,0.6,14400,0.8,56,83.9,18.01,0.31,1.64,0.322,7.87,13.53,0.242,1.47
55.0,4.0,1.5,2.5,3.0,0.8,,0.4,51,86.3,16.43,0.25,1.59,0.322,8.2,12.35,0.242,1.43
55.0,5.0,1.0,1.5,3.0,0.4,2400,0.4,67,83.6,21.58,0.36,1.84,0.322,10.2,16.22,0.242,1.61
55.0,5.0,1.0,1.5,4.5,0.4,2400,0.4,67,83.6,21.58,0.36,1.84,0.322,10.2,16.22,0.242,1.61
55.0,5.0,1.0,2.5,3.0,0.6,2400,0.4,67,83.6,21.55,0.36,1.84,0.322,10.2,16.19,0.242,1.6
55.0,5.0,1.0,2.5,4.5,0.6,2400,0.4,67,83.6,21.55,0.36,1.84,0.322,10.2,16.19,0.242,1.6
55.0,3.0,0.7,1.5,3.0,0.8,7200,0.4,65,87.7,20.81,0.29,2.06,0.32,5.82,15.61,0.24,1.77
55.0,3.0,0.7,1.5,4.5,0.8,7200,0.4,65,87.7,20.81,0.29,2.06,0.32,5.82,15.61,0.24,1.77
55.0,3.0,1.0,1.5,3.0,0.6,3600,0.4,70,77.1,22.39,0.56,1.89,0.32,8.07,16.79,0.24,1.63
55.0,3.0,1.0,1.5,4.5,0.6,3600,0.4,70,77.1,22.39,0.56,1.89,0.32,8.07,16.79,0.24,1.63
55.0,4.0,0.7,2.5,3.0,0.4,14400,0.8,63,87.3,20.14,0.28,1.9,0.32,7.02,15.1,0.24,1.65
55.0,4.0,0.7,2.5,4.5,0.4,14400,0.8,63,87.3,20.14,0.28,1.9,0.32,7.02,15.1,0.24,1.65
55.0,4.0,1.5,2.5,3.0,0.8,3600,0.2,53,86.8,16.98,0.24,1.61,0.32,7.92,12.74,0.24,1.45
55.0,4.0,1.5,2.5,4.5,0.8,3600,0.2,53,86.8,16.98,0.24,1.61,0.32,7.92,12.74,0.24,1.45
55.0,5.0,1.0,1.5,3.0,0.6,2400,0.4,67,83.6,21.43,0.36,1.83,0.32,10.2,16.07,0.24,1.6
55.0,5.0,1.0,1.5,4.5,0.6,2400,0.4,67,83.6,21.43,0.36,1.83,0.32,10.2,16.07,0.24,1.6
55.0,5.0,1.5,2.5,3.0,0.8,1200,0.2,56,80.4,17.94,0.42,1.71,0.32,11.72,13.46,0.24,1.51
55.0,5.0,1.5,2.5,4.5,0.8,1200,0.2,56,80.4,17.94,0.42,1.71,0.32,11.72,13.46,0.24,1.51
55.0,3.0,0.7,2.5,3.0,0.4,3600,0.2,66,89.4,21.04,0.24,2.0,0.319,6.38,15.76,0.239,1.73
55.0,3.0,0.7,2.5,4.5,0.4,3600,0.2,66,89.4,21.04,0.24,2.0,0.319,6.38,15.76,0.239,1.73
55.0,4.0,0.7,1.5,3.0,0.4,,0.4,51,86.3,16.26,0.27,1.67,0.319,6.89,12.18,0.239,1.49
55.0,4.0,0.7,2.5,3.0,0.4,7200,0.2,61,90.2,19.43,0.2,1.88,0.319,7.79,14.55,0.239,1.64
55.0,4.0,0.7,2.5,4.5,0.4,7200,0.2,61,90.2,19.43,0.2,1.88,0.319,7.79,14.55,0.239,1.64
55.0,5.0,1.0,1.5,3.0,0.8,2400,0.4,67,83.6,21.36,0.36,1.83,0.319,10.2,16.0,0.239,1.6
55.0,5.0,1.0,1.5,4.5,0.8,2400,0.4,67,83.6,21.36,0.36,1.83,0.319,10.2,16.0,0.239,1.6
55.0,5.0,1.0,2.5,3.0,0.8,2400,0.4,67,83.6,21.39,0.36,1.83,0.319,10.2,16.03,0.239,1.6
55.0,5.0,1.0,2.5,4.5,0.8,2400,0.4,67,83.6,21.39,0.36,1.83,0.319,10.2,16.03,0.239,1.6
55.0,4.0,0.7,1.5,4.5,0.4,,0.4,51,86.3,16.22,0.27,1.67,0.318,6.89,12.14,0.238,1.49
55.0,4.0,1.5,2.5,3.0,0.4,14400,0.8,56,83.9,17.82,0.31,1.63,0.318,7.36,13.34,0.238,1.46
55.0,4.0,1.5,2.5,3.0,0.6,14400,0.8,56,83.9,17.79,0.31,1.63,0.318,7.56,13.31,0.238,1.46
55.0,4.0,1.5,2.5,4.5,0.4,14400,0.8,56,83.9,17.82,0.31,1.63,0.318,7.36,13.34,0.238,1.46
55.0,4.0,1.5,2.5,4.5,0.6,14400,0.8,56,83.9,17.79,0.31,1.63,0.318,7.56,13.31,0.238,1.46
55.0,5.0,0.7,2.5,3.0,0.4,14400,0.8,62,88.7,19.72,0.24,1.86,0.318,7.72,14.76,0.238,1.63
55.0,5.0,0.7,2.5,4.5,0.4,14400,0.8,62,88.7,19.72,0.24,1.86,0.318,7.72,14.76,0.238,1.63
55.0,3.0,0.7,1.5,3.0,0.4,3600,0.2,66,89.4,20.9,0.24,2.0,0.317,6.38,15.62,0.237,1.72
55.0,3.0,0.7,1.5,4.5,0.4,3600,0.2,66,89.4,20.9,0.24,2.0,0.317,6.38,15.62,0.237,1.72
55.0,3.0,1.0,1.5,3.0,0.8,3600,0.4,70,77.1,22.2,0.56,1.88,0.317,8.07,16.6,0.237,1.62
55.0,3.0,1.0,1.5,4.5,0.8,3600,0.4,70,77.1,22.2,0.56,1.88,0.317,8.07,16.6,0.237,1.62
55.0,3.0,1.5,2.5,3.0,0.6,1200,0.2,59,74.6,18.69,0.6,1.76,0.317,8.18,13.97,0.237,1.54
55.0,3.0,1.5,2.5,4.5,0.6,1200,0.2,59,74.6,18.69,0.6,1.76,0.317,8.18,13.97,0.237,1.54
55.0,4.0,0.7,2.5,3.0,0.6,14400,0.8,63,87.3,19.96,0.28,1.89,0.317,7.06,14.92,0.237,1.65
55.0,4.0,0.7,2.5,4.5,0.6,14400,0.8,63,87.3,19.96,0.28,1.89,0.317,7.06,14.92,0.237,1.65
55.0,5.0,0.7,2.5,3.0,0.4,7200,0.2,60,91.7,19.02,0.17,1.84,0.317,7.72,14.22,0.237,1.62
55.0,5.0,0.7,2.5,4.5,0.4,7200,0.2,60,91.7,19.02,0.17,1.84,0.317,7.72,14.22,0.237,1.62
55.0,3.0,0.7,2.5,3.0,0.6,3600,0.2,66,89.4,20.83,0.24,1.99,0.316,6.38,15.55,0.236,1.72
55.0,3.0,0.7,2.5,4.5,0.6,3600,0.2,66,89.4,20.83,0.24,1.99,0.316,6.38,15.55,0.236,1.72
55.0,4.0,0.7,2.5,3.0,0.6,7200,0.2,61,90.2,19.24,0.2,1.87,0.315,7.74,14.35,0.235,1.64
55.0,4.0,0.7,2.5,4.5,0.6,7200,0.2,61,90.2,19.24,0.2,1.87,0.315,7.74,14.35,0.235,1.64
55.0,5.0,0.7,2.5,3.0,0.6,14400,0.8,62,88.7,19.55,0.24,1.85,0.315,7.72,14.58,0.235,1.62
55.0,5.0,0.7,2.5,4.5,0.6,14400,0.8,62,88.7,19.55,0.24,1.85,0.315,7.72,14.58,0.235,1.62
55.0,3.0,1.5,2.5,3.0,0.4,1200,0.2,59,74.6,18.53,0.6,1.75,0.314,7.86,13.8,0.234,1.54
55.0,3.0,1.5,2.5,4.5,0.4,1200,0.2,59,74.6,18.53,0.6,1.75,0.314,7.86,13.8,0.234,1.54
55.0,4.0,0.7,2.5,3.0,0.4,7200,0.4,63,88.9,19.8,0.24,1.89,0.314,7.79,14.76,0.234,1.65
55.0,4.0,0.7,2.5,4.5,0.4,7200,0.4,63,88.9,19.8,0.24,1.89,0.314,7.79,14.76,0.234,1.65
55.0,4.0,1.5,2.5,3.0,0.6,3600,0.4,68,77.9,21.38,0.49,1.73,0.314,8.8,15.93,0.234,1.52
55.0,4.0,1.5,2.5,4.5,0.6,3600,0.4,68,77.9,21.38,0.49,1.73,0.314,8.8,15.93,0.234,1.52
55.0,5.0,0.7,2.5,3.0,0.6,7200,0.2,60,91.7,18.82,0.17,1.83,0.314,7.72,14.02,0.234,1.61
55.0,5.0,0.7,2.5,4.5,0.6,7200,0.2,60,91.7,18.82,0.17,1.83,0.314,7.72,14.02,0.234,1.61
55.0,4.0,1.0,1.5,4.5,0.8,,0.4,51,86.3,15.96,0.25,1.57,0.313,8.58,11.88,0.233,1.42
55.0,4.0,1.0,2.5,4.5,0.8,14400,0.8,56,83.9,17.51,0.31,1.62,0.313,8.47,13.03,0.233,1.45
55.0,5.0,0.7,2.5,3.0,0.4,7200,0.4,62,90.3,19.39,0.2,1.85,0.313,7.72,14.43,0.233,1.62
55.0,5.0,0.7,2.5,4.5,0.4,7200,0.4,62,90.3,19.39,0.2,1.85,0.313,7.72,14.43,0.233,1.62
55.0,3.0,0.7,1.5,3.0,0.6,3600,0.2,66,89.4,20.62,0.24,1.98,0.312,6.38,15.34,0.232,1.71
55.0,3.0,0.7,1.5,4.5,0.6,3600,0.2,66,89.4,20.62,0.24,1.98,0.312,6.38,15.34,0.232,1.71
55.0,4.0,1.5,2.5,3.0,0.4,2400,0.2,54,87.0,16.86,0.24,1.6,0.312,7.51,12.54,0.232,1.44
55.0,4.0,1.5,2.5,4.5,0.4,2400,0.2,54,87.0,16.86,0.24,1.6,0.312,7.51,12.54,0.232,1.44
55.0,4.0,0.7,1.5,4.5,0.8,14400,0.2,61,90.2,18.98,0.2,1.86,0.311,7.56,14.1,0.231,1.62
55.0,4.0,0.7,1.5,4.5,0.8,14400,0.4,62,90.3,19.29,0.2,1.87,0.311,7.56,14.33,0.231,1.63
55.0,4.0,0.7,2.5,3.0,0.6,7200,0.4,63,88.9,19.6,0.24,1.88,0.311,7.74,14.56,0.231,1.64
55.0,4.0,0.7,2.5,4.5,0.6,7200,0.4,63,88.9,19.6,0.24,1.88,0.311,7.74,14.56,0.231,1.64
55.0,4.0,0.7,2.5,4.5,0.8,,0.4,51,86.3,15.85,0.26,1.65,0.311,7.58,11.77,0.231,1.47
55.0,4.0,1.0,2.5,3.0,0.8,14400,0.8,56,83.9,17.43,0.31,1.62,0.311,8.47,12.95,0.231,1.45
55.0,3.0,0.7,2.5,3.0,0.8,3600,0.2,66,89.4,20.47,0.23,1.97,0.31,6.38,15.19,0.23,1.7
55.0,3.0,0.7,2.5,4.5,0.8,3600,0.2,66,89.4,20.47,0.23,1.97,0.31,6.38,15.19,0.23,1.7
55.0,4.0,0.7,1.5,3.0,0.8,14400,0.2,61,90.2,18.89,0.2,1.85,0.31,7.56,14.01,0.23,1.62
55.0,4.0,0.7,1.5,3.0,0.8,14400,0.4,62,90.3,19.21,0.2,1.87,0.31,7.56,14.25,0.23,1.63
55.0,4.0,0.7,1.5,4.5,0.6,,0.4,51,86.3,15.83,0.26,1.65,0.31,7.05,11.75,0.23,1.47
55.0,5.0,0.7,1.5,4.5,0.8,14400,0.4,61,91.8,18.88,0.16,1.83,0.31,7.72,14.0,0.23,1.6
55.0,5.0,0.7,1.5,4.5,0.8,14400,0.2,60,91.7,18.56,0.17,1.82,0.309,7.72,13.76,0.229,1.6
55.0,5.0,0.7,2.5,3.0,0.6,7200,0.4,62,90.3,19.19,0.2,1.84,0.31,7.72,14.23,0.229,1.61
55.0,5.0,0.7,2.5,4.5,0.6,7200,0.4,62,90.3,19.19,0.2,1.84,0.31,7.72,14.23,0.229,1.61
55.0,3.0,0.7,1.5,3.0,0.8,3600,0.2,66,89.4,20.33,0.23,1.97,0.308,6.38,15.05,0.228,1.7
55.0,3.0,0.7,1.5,4.5,0.8,3600,0.2,66,89.4,20.33,0.23,1.97,0.308,6.38,15.05,0.228,1.7
55.0,5.0,0.7,1.5,3.0,0.8,14400,0.2,60,91.7,18.48,0.16,1.81,0.308,7.72,13.68,0.228,1.59
55.0,5.0,0.7,1.5,3.0,0.8,14400,0.4,61,91.8,18.8,0.16,1.83,0.308,7.72,13.92,0.228,1.6
55.0,4.0,1.0,2.5,3.0,0.4,2400,0.2,54,87.0,16.59,0.24,1.59,0.307,8.64,12.27,0.227,1.43
55.0,4.0,1.0,2.5,4.5,0.4,2400,0.2,54,87.0,16.59,0.24,1.59,0.307,8.64,12.27,0.227,1.43
55.0,4.0,1.0,1.5,3.0,0.8,,0.4,51,86.3,15.61,0.25,1.56,0.306,8.58,11.53,0.226,1.4
55.0,3.0,1.5,2.5,3.0,0.6,2400,0.4,70,77.1,21.26,0.55,1.85,0.304,8.22,15.66,0.224,1.59
55.0,3.0,1.5,2.5,4.5,0.6,2400,0.4,70,77.1,21.26,0.55,1.85,0.304,8.22,15.66,0.224,1.59
55.0,4.0,0.7,2.5,3.0,0.8,,0.4,51,86.3,15.5,0.26,1.64,0.304,7.58,11.42,0.224,1.46
55.0,3.0,1.0,2.5,3.0,0.4,1200,0.2,59,74.6,17.88,0.59,1.73,0.303,7.45,13.16,0.223,1.51
55.0,3.0,1.0,2.5,4.5,0.4,1200,0.2,59,74.6,17.88,0.59,1.73,0.303,7.45,13.16,0.223,1.51
55.0,4.0,0.7,1.5,3.0,0.6,,0.4,51,86.3,15.46,0.26,1.64,0.303,7.05,11.38,0.223,1.46
55.0,4.0,0.7,1.5,3.0,0.4,7200,0.2,61,90.2,18.4,0.2,1.83,0.302,7.9,13.52,0.222,1.6
55.0,4.0,0.7,1.5,4.5,0.4,7200,0.2,61,90.2,18.4,0.2,1.83,0.302,7.9,13.52,0.222,1.6
55.0,4.0,1.0,1.5,3.0,0.4,2400,0.2,54,87.0,16.29,0.24,1.58,0.302,8.79,11.97,0.222,1.42
55.0,4.0,1.0,1.5,4.5,0.4,2400,0.2,54,87.0,16.29,0.24,1.58,0.302,8.79,11.97,0.222,1.42
55.0,4.0,1.0,2.5,3.0,0.6,2400,0.2,54,87.0,16.32,0.24,1.58,0.302,8.77,12.0,0.222,1.42
55.0,4.0,1.0,2.5,4.5,0.6,2400,0.2,54,87.0,16.32,0.24,1.58,0.302,8.77,12.0,0.222,1.42
55.0,4.0,1.0,1.5,3.0,0.4,14400,0.8,56,83.9,16.87,0.31,1.6,0.301,8.2,12.39,0.221,1.43
55.0,4.0,1.0,1.5,4.5,0.4,14400,0.8,56,83.9,16.87,0.31,1.6,0.301,8.2,12.39,0.221,1.43
55.0,5.0,0.7,1.5,3.0,0.4,7200,0.2,60,91.7,17.99,0.16,1.79,0.3,7.72,13.19,0.22,1.57
55.0,5.0,0.7,1.5,4.5,0.4,7200,0.2,60,91.7,17.99,0.16,1.79,0.3,7.72,13.19,0.22,1.57
55.0,4.0,0.7,1.5,3.0,0.4,14400,0.8,63,87.3,18.82,0.27,1.84,0.299,7.47,13.78,0.219,1.6
55.0,4.0,0.7,1.5,3.0,0.6,7200,0.2,61,90.2,18.24,0.2,1.82,0.299,7.67,13.36,0.219,1.59
55.0,4.0,0.7,1.5,4.5,0.4,14400,0.8,63,87.3,18.82,0.27,1.84,0.299,7.47,13.78,0.219,1.6
55.0,4.0,0.7,1.5,4.5,0.6,7200,0.2,61,90.2,18.24,0.2,1.82,0.299,7.67,13.36,0.219,1.59
55.0,4.0,1.0,1.5,3.0,0.6,2400,0.2,54,87.0,16.17,0.23,1.58,0.299,8.85,11.85,0.219,1.41
55.0,4.0,1.0,1.5,4.5,0.6,2400,0.2,54,87.0,16.17,0.23,1.58,0.299,8.85,11.85,0.219,1.41
55.0,4.0,1.0,2.5,3.0,0.8,2400,0.2,54,87.0,16.16,0.23,1.58,0.299,8.89,11.84,0.219,1.41
55.0,4.0,1.0,2.5,4.5,0.8,2400,0.2,54,87.0,16.16,0.23,1.58,0.299,8.89,11.84,0.219,1.41
55.0,3.0,1.0,1.5,3.0,0.4,1200,0.2,59,74.6,17.58,0.59,1.72,0.298,7.45,12.86,0.218,1.5
55.0,3.0,1.0,1.5,4.5,0.4,1200,0.2,59,74.6,17.58,0.59,1.72,0.298,7.45,12.86,0.218,1.5
55.0,3.0,1.0,2.5,3.0,0.6,1200,0.2,59,74.6,17.57,0.58,1.72,0.298,7.5,12.85,0.218,1.5
55.0,3.0,1.0,2.5,4.5,0.6,1200,0.2,59,74.6,17.57,0.58,1.72,0.298,7.5,12.85,0.218,1.5
55.0,4.0,0.7,1.5,3.0,0.4,7200,0.4,63,88.9,18.76,0.23,1.84,0.298,7.9,13.72,0.218,1.6
55.0,4.0,0.7,1.5,3.0,0.6,14400,0.8,63,87.3,18.79,0.27,1.84,0.298,7.34,13.75,0.218,1.6
55.0,4.0,0.7,1.5,4.5,0.4,7200,0.4,63,88.9,18.76,0.23,1.84,0.298,7.9,13.72,0.218,1.6
55.0,4.0,0.7,1.5,4.5,0.6,14400,0.8,63,87.3,18.79,0.27,1.84,0.298,7.34,13.75,0.218,1.6
55.0,4.0,1.0,1.5,3.0,0.8,2400,0.2,54,87.0,16.1,0.23,1.57,0.298,8.9,11.78,0.218,1.41
55.0,4.0,1.0,1.5,4.5,0.8,2400,0.2,54,87.0,16.1,0.23,1.57,0.298,8.9,11.78,0.218,1.41
55.0,4.0,1.5,2.5,3.0,0.4,3600,0.4,68,77.9,20.28,0.48,1.69,0.298,8.8,14.84,0.218,1.49
55.0,4.0,1.5,2.5,4.5,0.4,3600,0.4,68,77.9,20.28,0.48,1.69,0.298,8.8,14.84,0.218,1.49
55.0,4.0,0.7,2.5,3.0,0.8,7200,0.2,61,90.2,18.15,0.2,1.82,0.298,7.87,13.27,0.217,1.59
55.0,4.0,0.7,2.5,4.5,0.8,7200,0.2,61,90.2,18.15,0.2,1.82,0.298,7.87,13.27,0.217,1.59
55.0,4.0,0.7,2.5,4.5,0.8,14400,0.8,63,87.3,18.72,0.27,1.84,0.297,7.42,13.68,0.217,1.59
55.0,5.0,0.7,1.5,3.0,0.4,14400,0.8,62,88.7,18.41,0.23,1.8,0.297,7.72,13.45,0.217,1.57
55.0,5.0,0.7,1.5,3.0,0.6,7200,0.2,60,91.7,17.83,0.16,1.78,0.297,7.72,13.03,0.217,1.56
55.0,5.0,0.7,1.5,4.5,0.4,14400,0.8,62,88.7,18.41,0.23,1.8,0.297,7.72,13.45,0.217,1.57
55.0,5.0,0.7,1.5,4.5,0.6,7200,0.2,60,91.7,17.83,0.16,1.78,0.297,7.72,13.03,0.217,1.56
55.0,4.0,0.7,2.5,3.0,0.8,14400,0.8,63,87.3,18.64,0.27,1.83,0.296,7.42,13.59,0.216,1.59
55.0,4.0,1.0,1.5,3.0,0.6,14400,0.8,56,83.9,16.57,0.3,1.59,0.296,8.24,12.09,0.216,1.42
55.0,4.0,1.0,1.5,4.5,0.6,14400,0.8,56,83.9,16.57,0.3,1.59,0.296,8.24,12.09,0.216,1.42
55.0,5.0,0.7,1.5,3.0,0.4,7200,0.4,62,90.3,18.35,0.19,1.8,0.296,7.72,13.39,0.216,1.57
55.0,5.0,0.7,1.5,3.0,0.6,14400,0.8,62,88.7,18.38,0.23,1.8,0.296,7.72,13.42,0.216,1.57
55.0,5.0,0.7,1.5,4.5,0.4,7200,0.4,62,90.3,18.35,0.19,1.8,0.296,7.72,13.39,0.216,1.57
55.0,5.0,0.7,1.5,4.5,0.6,14400,0.8,62,88.7,18.38,0.23,1.8,0.296,7.72,13.42,0.216,1.57
55.0,5.0,0.7,2.5,3.0,0.8,7200,0.2,60,91.7,17.74,0.16,1.78,0.296,7.72,12.93,0.216,1.56
55.0,5.0,0.7,2.5,4.5,0.8,7200,0.2,60,91.7,17.74,0.16,1.78,0.296,7.72,12.93,0.216,1.56
55.0,3.0,1.0,1.5,3.0,0.6,1200,0.2,59,74.6,17.41,0.58,1.71,0.295,7.5,12.69,0.215,1.49
55.0,3.0,1.0,1.5,4.5,0.6,1200,0.2,59,74.6,17.41,0.58,1.71,0.295,7.5,12.69,0.215,1.49
55.0,3.0,1.0,2.5,3.0,0.8,1200,0.2,59,74.6,17.4,0.58,1.71,0.295,7.5,12.68,0.215,1.49
55.0,3.0,1.0,2.5,4.5,0.8,1200,0.2,59,74.6,17.4,0.58,1.71,0.295,7.5,12.68,0.215,1.49
55.0,3.0,1.5,2.5,3.0,0.4,2400,0.4,70,77.1,20.66,0.54,1.82,0.295,8.02,15.06,0.215,1.57
55.0,3.0,1.5,2.5,4.5,0.4,2400,0.4,70,77.1,20.66,0.54,1.82,0.295,8.02,15.06,0.215,1.57
55.0,4.0,0.7,1.5,3.0,0.6,7200,0.4,63,88.9,18.6,0.23,1.84,0.295,7.67,13.56,0.215,1.59
55.0,4.0,0.7,1.5,4.5,0.6,7200,0.4,63,88.9,18.6,0.23,1.84,0.295,7.67,13.56,0.215,1.59
55.0,5.0,0.7,2.5,4.5,0.8,14400,0.8,62,88.7,18.31,0.23,1.8,0.295,7.72,13.35,0.215,1.57
55.0,3.0,1.0,1.5,3.0,0.8,1200,0.2,59,74.6,17.34,0.58,1.71,0.294,7.5,12.62,0.214,1.49
55.0,3.0,1.0,1.5,4.5,0.8,1200,0.2,59,74.6,17.34,0.58,1.71,0.294,7.5,12.62,0.214,1.49
55.0,4.0,0.7,2.5,3.0,0.8,7200,0.4,63,88.9,18.51,0.23,1.83,0.294,7.87,13.47,0.214,1.59
55.0,4.0,0.7,2.5,4.5,0.8,7200,0.4,63,88.9,18.51,0.23,1.83,0.294,7.87,13.47,0.214,1.59
55.0,4.0,1.5,2.5,4.5,0.8,14400,0.8,56,83.9,16.49,0.3,1.58,0.294,7.78,12.01,0.214,1.41
55.0,5.0,0.7,2.5,3.0,0.8,14400,0.8,62,88.7,18.22,0.23,1.79,0.294,7.72,13.26,0.214,1.56
55.0,3.0,1.5,2.5,3.0,0.8,1200,0.2,59,74.6,17.29,0.58,1.7,0.293,8.98,12.57,0.213,1.49
55.0,3.0,1.5,2.5,4.5,0.8,1200,0.2,59,74.6,17.29,0.58,1.7,0.293,8.98,12.57,0.213,1.49
55.0,4.0,1.5,2.5,3.0,0.8,14400,0.8,56,83.9,16.4,0.3,1.58,0.293,7.78,11.92,0.213,1.41
55.0,5.0,0.7,1.5,3.0,0.6,7200,0.4,62,90.3,18.19,0.19,1.8,0.293,7.72,13.23,0.213,1.57
55.0,5.0,0.7,1.5,4.5,0.6,7200,0.4,62,90.3,18.19,0.19,1.8,0.293,7.72,13.23,0.213,1.57
55.0,4.0,1.5,2.5,3.0,0.8,3600,0.4,68,77.9,19.86,0.48,1.68,0.292,8.8,14.42,0.212,1.47
55.0,4.0,1.5,2.5,4.5,0.8,3600,0.4,68,77.9,19.86,0.48,1.68,0.292,8.8,14.42,0.212,1.47
55.0,5.0,0.7,2.5,3.0,0.8,7200,0.4,62,90.3,18.1,0.19,1.79,0.292,7.72,13.14,0.212,1.56
55.0,5.0,0.7,2.5,4.5,0.8,7200,0.4,62,90.3,18.1,0.19,1.79,0.292,7.72,13.14,0.212,1.56
55.0,4.0,1.0,1.5,4.5,0.8,14400,0.8,56,83.9,16.32,0.3,1.58,0.291,8.63,11.84,0.211,1.41
55.0,4.0,1.0,1.5,3.0,0.8,14400,0.8,56,83.9,16.24,0.3,1.58,0.29,8.63,11.76,0.21,1.41
55.0,4.0,1.5,2.5,3.0,0.6,2400,0.2,54,87.0,15.49,0.23,1.55,0.287,7.56,11.17,0.207,1.39
55.0,4.0,1.5,2.5,4.5,0.6,2400,0.2,54,87.0,15.49,0.23,1.55,0.287,7.56,11.17,0.207,1.39
55.0,4.0,0.7,1.5,3.0,0.8,7200,0.2,61,90.2,17.37,0.19,1.79,0.285,7.73,12.49,0.205,1.55
55.0,4.0,0.7,1.5,4.5,0.8,7200,0.2,61,90.2,17.37,0.19,1.79,0.285,7.73,12.49,0.205,1.55
55.0,4.0,0.7,1.5,4.5,0.8,,0.4,51,86.3,14.44,0.25,1.6,0.283,7.54,10.36,0.203,1.42
55.0,5.0,0.7,1.5,3.0,0.8,7200,0.2,60,91.7,16.96,0.16,1.75,0.283,7.72,12.16,0.203,1.53
55.0,5.0,0.7,1.5,4.5,0.8,7200,0.2,60,91.7,16.96,0.16,1.75,0.283,7.72,12.16,0.203,1.53
55.0,3.0,1.5,2.5,3.0,0.8,2400,0.4,70,77.1,19.74,0.53,1.78,0.282,8.62,14.14,0.202,1.53
55.0,3.0,1.5,2.5,4.5,0.8,2400,0.4,70,77.1,19.74,0.53,1.78,0.282,8.62,14.14,0.202,1.53
55.0,4.0,0.7,1.5,4.5,0.8,14400,0.8,63,87.3,17.79,0.26,1.8,0.282,7.56,12.75,0.202,1.55
55.0,4.0,0.7,1.5,3.0,0.8,7200,0.4,63,88.9,17.73,0.22,1.8,0.281,7.73,12.69,0.201,1.56
55.0,4.0,0.7,1.5,3.0,0.8,14400,0.8,63,87.3,17.7,0.26,1.79,0.281,7.56,12.66,0.201,1.55
55.0,4.0,0.7,1.5,4.5,0.8,7200,0.4,63,88.9,17.73,0.22,1.8,0.281,7.73,12.69,0.201,1.56
55.0,5.0,0.7,1.5,4.5,0.8,14400,0.8,62,88.7,17.38,0.22,1.76,0.28,7.72,12.42,0.2,1.53
55.0,3.0,1.0,2.5,3.0,0.4,2400,0.4,70,77.1,19.55,0.53,1.78,0.279,7.62,13.95,0.199,1.53
55.0,3.0,1.0,2.5,4.5,0.4,2400,0.4,70,77.1,19.55,0.53,1.78,0.279,7.62,13.95,0.199,1.53
55.0,5.0,0.7,1.5,3.0,0.8,7200,0.4,62,90.3,17.32,0.19,1.76,0.279,7.72,12.36,0.199,1.53
55.0,5.0,0.7,1.5,3.0,0.8,14400,0.8,62,88.7,17.29,0.22,1.75,0.279,7.72,12.33,0.199,1.52
55.0,5.0,0.7,1.5,4.5,0.8,7200,0.4,62,90.3,17.32,0.19,1.76,0.279,7.72,12.36,0.199,1.53
55.0,3.0,0.7,1.5,3.0,0.4,2400,0.2,67,89.6,18.66,0.22,1.89,0.279,6.38,13.3,0.198,1.61
55.0,3.0,0.7,1.5,4.5,0.4,2400,0.2,67,89.6,18.66,0.22,1.89,0.279,6.38,13.3,0.198,1.61
55.0,3.0,0.7,2.5,3.0,0.4,2400,0.2,67,89.6,18.6,0.22,1.89,0.278,6.38,13.24,0.198,1.61
55.0,3.0,0.7,2.5,4.5,0.4,2400,0.2,67,89.6,18.6,0.22,1.89,0.278,6.38,13.24,0.198,1.61
55.0,3.0,0.7,1.5,3.0,0.6,2400,0.2,67,89.6,18.54,0.22,1.88,0.277,6.38,13.18,0.197,1.61
55.0,3.0,0.7,1.5,4.5,0.6,2400,0.2,67,89.6,18.54,0.22,1.88,0.277,6.38,13.18,0.197,1.61
55.0,3.0,0.7,2.5,3.0,0.6,2400,0.2,67,89.6,18.48,0.22,1.88,0.276,6.38,13.12,0.196,1.61
55.0,3.0,0.7,2.5,4.5,0.6,2400,0.2,67,89.6,18.48,0.22,1.88,0.276,6.38,13.12,0.196,1.61
55.0,4.0,0.7,1.5,3.0,0.8,,0.4,51,86.3,14.09,0.25,1.58,0.276,7.54,10.01,0.196,1.4
55.0,3.0,0.7,1.5,3.0,0.8,2400,0.2,67,89.6,18.42,0.22,1.88,0.275,6.38,13.06,0.195,1.6
55.0,3.0,0.7,1.5,4.5,0.8,2400,0.2,67,89.6,18.42,0.22,1.88,0.275,6.38,13.06,0.195,1.6
55.0,3.0,1.0,1.5,3.0,0.4,2400,0.4,70,77.1,19.26,0.52,1.77,0.275,7.62,13.66,0.195,1.51
55.0,3.0,1.0,1.5,4.5,0.4,2400,0.4,70,77.1,19.26,0.52,1.77,0.275,7.62,13.66,0.195,1.51
55.0,3.0,1.0,2.5,3.0,0.6,2400,0.4,70,77.1,19.24,0.52,1.77,0.275,7.67,13.64,0.195,1.51
55.0,3.0,1.0,2.5,4.5,0.6,2400,0.4,70,77.1,19.24,0.52,1.77,0.275,7.67,13.64,0.195,1.51
55.0,3.0,0.7,2.5,3.0,0.8,2400,0.2,67,89.6,18.36,0.22,1.87,0.274,6.38,13.0,0.194,1.6
55.0,3.0,0.7,2.5,4.5,0.8,2400,0.2,67,89.6,18.36,0.22,1.87,0.274,6.38,13.0,0.194,1.6
55.0,4.0,1.5,2.5,3.0,0.8,2400,0.2,54,87.0,14.78,0.23,1.53,0.274,7.92,10.46,0.194,1.36
55.0,4.0,1.5,2.5,4.5,0.8,2400,0.2,54,87.0,14.78,0.23,1.53,0.274,7.92,10.46,0.194,1.36
55.0,3.0,1.0,1.5,3.0,0.6,2400,0.4,70,77.1,19.09,0.52,1.76,0.273,7.67,13.49,0.193,1.51
55.0,3.0,1.0,1.5,4.5,0.6,2400,0.4,70,77.1,19.09,0.52,1.76,0.273,7.67,13.49,0.193,1.51
55.0,3.0,1.0,2.5,3.0,0.8,2400,0.4,70,77.1,19.08,0.52,1.76,0.273,7.67,13.48,0.193,1.51
55.0,3.0,1.0,2.5,4.5,0.8,2400,0.4,70,77.1,19.08,0.52,1.76,0.273,7.67,13.48,0.193,1.51
55.0,3.0,1.0,1.5,3.0,0.8,2400,0.4,70,77.1,19.02,0.52,1.76,0.272,7.67,13.42,0.192,1.51
55.0,3.0,1.0,1.5,4.5,0.8,2400,0.4,70,77.1,19.02,0.52,1.76,0.272,7.67,13.42,0.192,1.51
55.0,4.0,0.7,2.5,3.0,0.4,3600,0.2,64,90.6,17.27,0.18,1.72,0.27,7.76,12.15,0.19,1.5
55.0,4.0,0.7,2.5,4.5,0.4,3600,0.2,64,90.6,17.27,0.18,1.72,0.27,7.76,12.15,0.19,1.5
55.0,4.0,1.0,2.5,3.0,0.4,3600,0.4,68,77.9,18.37,0.46,1.63,0.27,8.8,12.93,0.19,1.42
55.0,4.0,1.0,2.5,4.5,0.4,3600,0.4,68,77.9,18.37,0.46,1.63,0.27,8.8,12.93,0.19,1.42
55.0,4.0,0.7,1.5,3.0,0.4,3600,0.2,64,90.6,17.12,0.18,1.71,0.268,7.76,12.0,0.188,1.49
55.0,4.0,0.7,1.5,4.5,0.4,3600,0.2,64,90.6,17.12,0.18,1.71,0.268,7.76,12.0,0.188,1.49
55.0,4.0,1.0,2.5,3.0,0.6,3600,0.4,68,77.9,18.19,0.46,1.62,0.268,8.8,12.75,0.188,1.42
55.0,4.0,1.0,2.5,4.5,0.6,3600,0.4,68,77.9,18.19,0.46,1.62,0.268,8.8,12.75,0.188,1.42
55.0,4.0,0.7,2.5,3.0,0.6,3600,0.2,64,90.6,17.06,0.18,1.71,0.267,7.76,11.94,0.187,1.49
55.0,4.0,0.7,2.5,4.5,0.6,3600,0.2,64,90.6,17.06,0.18,1.71,0.267,7.76,11.94,0.187,1.49
55.0,5.0,1.5,2.5,3.0,0.4,7200,0.8,63,76.2,16.73,0.5,1.61,0.266,10.54,11.69,0.186,1.41
55.0,5.0,1.5,2.5,4.5,0.4,7200,0.8,63,76.2,16.73,0.5,1.61,0.266,10.54,11.69,0.186,1.41
55.0,5.0,1.5,2.5,3.0,0.6,7200,0.8,63,76.2,16.66,0.5,1.61,0.264,10.54,11.62,0.184,1.41
55.0,5.0,1.5,2.5,4.5,0.6,7200,0.8,63,76.2,16.66,0.5,1.61,0.264,10.54,11.62,0.184,1.41
55.0,4.0,0.7,1.5,3.0,0.6,3600,0.2,64,90.6,16.85,0.18,1.7,0.263,7.76,11.73,0.183,1.48
55.0,4.0,0.7,1.5,4.5,0.6,3600,0.2,64,90.6,16.85,0.18,1.7,0.263,7.76,11.73,0.183,1.48
55.0,4.0,1.0,2.5,3.0,0.8,3600,0.4,68,77.9,17.91,0.46,1.61,0.263,8.8,12.47,0.183,1.41
55.0,4.0,1.0,2.5,4.5,0.8,3600,0.4,68,77.9,17.91,0.46,1.61,0.263,8.8,12.47,0.183,1.41
55.0,4.0,1.0,1.5,3.0,0.4,3600,0.4,68,77.9,17.84,0.46,1.61,0.262,8.8,12.4,0.182,1.41
55.0,4.0,1.0,1.5,4.5,0.4,3600,0.4,68,77.9,17.84,0.46,1.61,0.262,8.8,12.4,0.182,1.41
55.0,4.0,0.7,2.5,3.0,0.8,3600,0.2,64,90.6,16.7,0.18,1.7,0.261,7.76,11.58,0.181,1.47
55.0,4.0,0.7,2.5,4.5,0.8,3600,0.2,64,90.6,16.7,0.18,1.7,0.261,7.76,11.58,0.181,1.47
55.0,5.0,0.7,2.5,3.0,0.4,3600,0.2,63,92.1,16.46,0.14,1.66,0.261,9.28,11.42,0.181,1.45
55.0,5.0,0.7,2.5,4.5,0.4,3600,0.2,63,92.1,16.46,0.14,1.66,0.261,9.28,11.42,0.181,1.45
55.0,4.0,1.0,1.5,3.0,0.6,3600,0.4,68,77.9,17.68,0.45,1.6,0.26,8.8,12.24,0.18,1.4
55.0,4.0,1.0,1.5,4.5,0.6,3600,0.4,68,77.9,17.68,0.45,1.6,0.26,8.8,12.24,0.18,1.4
55.0,5.0,1.0,2.5,3.0,0.4,7200,0.8,63,76.2,16.36,0.5,1.6,0.26,10.54,11.32,0.18,1.39
55.0,5.0,1.0,2.5,4.5,0.4,7200,0.8,63,76.2,16.36,0.5,1.6,0.26,10.54,11.32,0.18,1.39
55.0,4.0,0.7,1.5,3.0,0.8,3600,0.2,64,90.6,16.56,0.17,1.69,0.259,7.76,11.44,0.179,1.47
55.0,4.0,0.7,1.5,4.5,0.8,3600,0.2,64,90.6,16.56,0.17,1.69,0.259,7.76,11.44,0.179,1.47
55.0,5.0,0.7,1.5,3.0,0.4,3600,0.2,63,92.1,16.31,0.14,1.65,0.259,9.28,11.27,0.179,1.44
55.0,5.0,0.7,1.5,4.5,0.4,3600,0.2,63,92.1,16.31,0.14,1.65,0.259,9.28,11.27,0.179,1.44
55.0,4.0,1.5,2.5,3.0,0.6,2400,0.4,68,79.4,17.57,0.42,1.61,0.258,8.4,12.13,0.178,1.4
55.0,4.0,1.5,2.5,4.5,0.6,2400,0.4,68,79.4,17.57,0.42,1.61,0.258,8.4,12.13,0.178,1.4
55.0,5.0,0.7,2.5,3.0,0.6,3600,0.2,63,92.1,16.25,0.14,1.65,0.258,9.28,11.21,0.178,1.44
55.0,5.0,0.7,2.5,4.5,0.6,3600,0.2,63,92.1,16.25,0.14,1.65,0.258,9.28,11.21,0.178,1.44
55.0,4.0,1.0,1.5,3.0,0.8,3600,0.4,68,77.9,17.49,0.45,1.6,0.257,8.8,12.05,0.177,1.39
55.0,4.0,1.0,1.5,4.5,0.8,3600,0.4,68,77.9,17.49,0.45,1.6,0.257,8.8,12.05,0.177,1.39
55.0,5.0,1.0,2.5,3.0,0.6,7200,0.8,63,76.2,16.22,0.5,1.59,0.257,10.54,11.18,0.177,1.39
55.0,5.0,1.0,2.5,4.5,0.6,7200,0.8,63,76.2,16.22,0.5,1.59,0.257,10.54,11.18,0.177,1.39
55.0,3.0,1.5,2.5,3.0,0.4,1200,0.4,81,65.4,20.66,1.15,2.17,0.255,5.77,14.18,0.175,1.71
55.0,3.0,1.5,2.5,4.5,0.4,1200,0.4,81,65.4,20.66,1.15,2.17,0.255,5.77,14.18,0.175,1.71
55.0,5.0,0.7,1.5,3.0,0.6,3600,0.2,63,92.1,16.04,0.14,1.64,0.255,9.28,11.0,0.175,1.43
55.0,5.0,0.7,1.5,4.5,0.6,3600,0.2,63,92.1,16.04,0.14,1.64,0.255,9.28,11.0,0.175,1.43
55.0,4.0,1.5,2.5,3.0,0.4,2400,0.4,68,79.4,17.18,0.41,1.59,0.253,8.4,11.74,0.173,1.39
55.0,4.0,1.5,2.5,4.5,0.4,2400,0.4,68,79.4,17.18,0.41,1.59,0.253,8.4,11.74,0.173,1.39
55.0,5.0,0.7,2.5,3.0,0.8,3600,0.2,63,92.1,15.89,0.14,1.64,0.252,9.28,10.85,0.172,1.43
55.0,5.0,0.7,2.5,4.5,0.8,3600,0.2,63,92.1,15.89,0.14,1.64,0.252,9.28,10.85,0.172,1.43
55.0,3.0,1.5,2.5,3.0,0.8,3600,0.8,88,75.0,22.07,0.74,2.21,0.251,6.88,15.03,0.171,1.74
55.0,3.0,1.5,2.5,4.5,0.8,3600,0.8,88,75.0,22.07,0.74,2.21,0.251,6.88,15.03,0.171,1.74
55.0,3.0,1.0,2.5,3.0,0.4,1200,0.4,81,65.4,20.27,1.13,2.15,0.25,5.62,13.79,0.17,1.69
55.0,3.0,1.0,2.5,4.5,0.4,1200,0.4,81,65.4,20.27,1.13,2.15,0.25,5.62,13.79,0.17,1.69
55.0,5.0,0.7,1.5,3.0,0.8,3600,0.2,63,92.1,15.75,0.14,1.63,0.25,9.28,10.71,0.17,1.42
55.0,5.0,0.7,1.5,4.5,0.8,3600,0.2,63,92.1,15.75,0.14,1.63,0.25,9.28,10.71,0.17,1.42
55.0,3.0,1.0,1.5,3.0,0.4,1200,0.4,81,65.4,19.97,1.13,2.13,0.247,5.62,13.49,0.167,1.67
55.0,3.0,1.0,1.5,4.5,0.4,1200,0.4,81,65.4,19.97,1.13,2.13,0.247,5.62,13.49,0.167,1.67
55.0,3.0,1.0,2.5,3.0,0.6,1200,0.4,81,65.4,19.84,1.12,2.12,0.245,5.67,13.36,0.165,1.66
55.0,3.0,1.0,2.5,4.5,0.6,1200,0.4,81,65.4,19.84,1.12,2.12,0.245,5.67,13.36,0.165,1.66
55.0,5.0,1.0,1.5,3.0,0.6,7200,0.8,63,76.2,15.36,0.49,1.56,0.244,10.54,10.32,0.164,1.36
55.0,5.0,1.0,1.5,4.5,0.6,7200,0.8,63,76.2,15.36,0.49,1.56,0.244,10.54,10.32,0.164,1.36
55.0,3.0,1.0,1.5,3.0,0.6,1200,0.4,81,65.4,19.61,1.11,2.11,0.242,5.67,13.13,0.162,1.65
55.0,3.0,1.0,1.5,4.5,0.6,1200,0.4,81,65.4,19.61,1.11,2.11,0.242,5.67,13.13,0.162,1.65
55.0,5.0,1.0,1.5,3.0,0.4,7200,0.8,63,76.2,15.2,0.49,1.55,0.241,10.54,10.16,0.161,1.35
55.0,5.0,1.0,1.5,4.5,0.4,7200,0.8,63,76.2,15.2,0.49,1.55,0.241,10.54,10.16,0.161,1.35
55.0,3.0,1.0,2.5,3.0,0.8,1200,0.4,81,65.4,19.48,1.11,2.1,0.24,5.67,13.0,0.16,1.65
55.0,3.0,1.0,2.5,4.5,0.8,1200,0.4,81,65.4,19.48,1.11,2.1,0.24,5.67,13.0,0.16,1.65
55.0,3.0,0.7,2.5,3.0,0.4,3600,0.4,81,81.5,19.34,0.43,1.87,0.239,8.39,12.86,0.159,1.54
55.0,3.0,0.7,2.5,4.5,0.4,3600,0.4,81,81.5,19.34,0.43,1.87,0.239,8.39,12.86,0.159,1.54
55.0,3.0,1.0,1.5,3.0,0.8,1200,0.4,81,65.4,19.32,1.11,2.09,0.239,5.67,12.84,0.159,1.64
55.0,3.0,1.0,1.5,4.5,0.8,1200,0.4,81,65.4,19.32,1.11,2.09,0.239,5.67,12.84,0.159,1.64
55.0,5.0,1.0,2.5,3.0,0.8,7200,0.8,63,76.2,15.09,0.48,1.55,0.24,10.54,10.05,0.159,1.35
55.0,5.0,1.0,2.5,4.5,0.8,7200,0.8,63,76.2,15.09,0.48,1.55,0.24,10.54,10.05,0.159,1.35
55.0,3.0,1.5,2.5,3.0,0.6,1200,0.4,81,65.4,19.29,1.1,2.09,0.238,6.16,12.81,0.158,1.64
55.0,3.0,1.5,2.5,4.5,0.6,1200,0.4,81,65.4,19.29,1.1,2.09,0.238,6.16,12.81,0.158,1.64
55.0,3.0,0.7,1.5,3.0,0.4,3600,0.4,81,81.5,19.19,0.42,1.86,0.237,8.39,12.71,0.157,1.54
55.0,3.0,0.7,1.5,4.5,0.4,3600,0.4,81,81.5,19.19,0.42,1.86,0.237,8.39,12.71,0.157,1.54
55.0,3.0,0.7,2.5,3.0,0.6,3600,0.4,81,81.5,19.13,0.42,1.86,0.236,8.39,12.65,0.156,1.54
55.0,3.0,0.7,2.5,4.5,0.6,3600,0.4,81,81.5,19.13,0.42,1.86,0.236,8.39,12.65,0.156,1.54
55.0,4.0,1.0,2.5,3.0,0.4,2400,0.4,68,79.4,16.06,0.4,1.55,0.236,8.4,10.62,0.156,1.35
55.0,4.0,1.0,2.5,4.5,0.4,2400,0.4,68,79.4,16.06,0.4,1.55,0.236,8.4,10.62,0.156,1.35
55.0,4.0,1.5,2.5,3.0,0.8,2400,0.4,68,79.4,16.05,0.4,1.55,0.236,8.4,10.61,0.156,1.35
55.0,4.0,1.5,2.5,4.5,0.8,2400,0.4,68,79.4,16.05,0.4,1.55,0.236,8.4,10.61,0.156,1.35
55.0,3.0,0.7,1.5,3.0,0.6,3600,0.4,81,81.5,18.92,0.42,1.85,0.234,8.39,12.44,0.154,1.53
55.0,3.0,0.7,1.5,4.5,0.6,3600,0.4,81,81.5,18.92,0.42,1.85,0.234,8.39,12.44,0.154,1.53
55.0,3.0,1.5,2.5,3.0,0.8,1200,0.4,81,65.4,18.94,1.09,2.07,0.234,6.76,12.46,0.154,1.62
55.0,3.0,1.5,2.5,4.5,0.8,1200,0.4,81,65.4,18.94,1.09,2.07,0.234,6.76,12.46,0.154,1.62
55.0,4.0,1.5,2.5,3.0,0.4,1200,0.2,57,75.4,13.33,0.48,1.47,0.234,8.11,8.77,0.154,1.3
55.0,4.0,1.5,2.5,4.5,0.4,1200,0.2,57,75.4,13.33,0.48,1.47,0.234,8.11,8.77,0.154,1.3
55.0,4.0,1.5,2.5,3.0,0.6,1200,0.2,57,75.4,13.29,0.48,1.47,0.233,8.11,8.73,0.153,1.29
55.0,4.0,1.5,2.5,4.5,0.6,1200,0.2,57,75.4,13.29,0.48,1.47,0.233,8.11,8.73,0.153,1.29
55.0,3.0,0.7,2.5,3.0,0.8,3600,0.4,81,81.5,18.77,0.42,1.84,0.232,8.39,12.29,0.152,1.52
55.0,3.0,0.7,2.5,4.5,0.8,3600,0.4,81,81.5,18.77,0.42,1.84,0.232,8.39,12.29,0.152,1.52
55.0,4.0,1.0,1.5,3.0,0.4,2400,0.4,68,79.4,15.77,0.4,1.54,0.232,8.41,10.32,0.152,1.34
55.0,4.0,1.0,1.5,4.5,0.4,2400,0.4,68,79.4,15.77,0.4,1.54,0.232,8.41,10.32,0.152,1.34
55.0,4.0,1.0,2.5,3.0,0.6,2400,0.4,68,79.4,15.81,0.4,1.55,0.232,8.4,10.37,0.152,1.34
55.0,4.0,1.0,2.5,4.5,0.6,2400,0.4,68,79.4,15.81,0.4,1.55,0.232,8.4,10.37,0.152,1.34
55.0,5.0,1.0,1.5,3.0,0.8,7200,0.8,63,76.2,14.54,0.48,1.53,0.231,10.54,9.5,0.151,1.33
55.0,5.0,1.0,1.5,4.5,0.8,7200,0.8,63,76.2,14.54,0.48,1.53,0.231,10.54,9.5,0.151,1.33
55.0,3.0,0.7,1.5,3.0,0.8,3600,0.4,81,81.5,18.63,0.42,1.84,0.23,8.39,12.15,0.15,1.51
55.0,3.0,0.7,1.5,4.5,0.8,3600,0.4,81,81.5,18.63,0.42,1.84,0.23,8.39,12.15,0.15,1.51
55.0,3.0,1.0,2.5,3.0,0.8,3600,0.8,88,75.0,20.25,0.7,2.11,0.23,6.88,13.21,0.15,1.65
55.0,3.0,1.0,2.5,4.5,0.8,3600,0.8,88,75.0,20.25,0.7,2.11,0.23,6.88,13.21,0.15,1.65
55.0,4.0,1.0,1.5,3.0,0.6,2400,0.4,68,79.4,15.65,0.4,1.54,0.23,8.48,10.21,0.15,1.34
55.0,4.0,1.0,1.5,4.5,0.6,2400,0.4,68,79.4,15.65,0.4,1.54,0.23,8.48,10.21,0.15,1.34
55.0,4.0,1.0,2.5,3.0,0.4,1200,0.2,57,75.4,13.11,0.48,1.46,0.23,8.64,8.55,0.15,1.29
55.0,4.0,1.0,2.5,3.0,0.8,2400,0.4,68,79.4,15.64,0.4,1.54,0.23,8.51,10.2,0.15,1.34
55.0,4.0,1.0,2.5,4.5,0.4,1200,0.2,57,75.4,13.11,0.48,1.46,0.23,8.64,8.55,0.15,1.29
55.0,4.0,1.0,2.5,4.5,0.8,2400,0.4,68,79.4,15.64,0.4,1.54,0.23,8.51,10.2,0.15,1.34
55.0,4.0,0.7,1.5,3.0,0.4,2400,0.2,65,90.8,14.89,0.16,1.62,0.229,8.05,9.69,0.149,1.39
55.0,4.0,0.7,1.5,4.5,0.4,2400,0.2,65,90.8,14.89,0.16,1.62,0.229,8.05,9.69,0.149,1.39
55.0,4.0,1.0,1.5,3.0,0.8,2400,0.4,68,79.4,15.58,0.4,1.54,0.229,8.53,10.14,0.149,1.34
55.0,4.0,1.0,1.5,4.5,0.8,2400,0.4,68,79.4,15.58,0.4,1.54,0.229,8.53,10.14,0.149,1.34
55.0,3.0,1.0,1.5,3.0,0.8,3600,0.8,88,75.0,20.06,0.7,2.1,0.228,6.88,13.02,0.148,1.64
55.0,3.0,1.0,1.5,4.5,0.8,3600,0.8,88,75.0,20.06,0.7,2.1,0.228,6.88,13.02,0.148,1.64
55.0,4.0,0.7,2.5,3.0,0.4,2400,0.2,65,90.8,14.83,0.16,1.62,0.228,8.05,9.63,0.148,1.39
55.0,4.0,0.7,2.5,4.5,0.4,2400,0.2,65,90.8,14.83,0.16,1.62,0.228,8.05,9.63,0.148,1.39
55.0,4.0,0.7,1.5,3.0,0.6,2400,0.2,65,90.8,14.77,0.16,1.62,0.227,8.05,9.57,0.147,1.39
55.0,4.0,0.7,1.5,4.5,0.6,2400,0.2,65,90.8,14.77,0.16,1.62,0.227,8.05,9.57,0.147,1.39
55.0,4.0,0.7,2.5,3.0,0.6,2400,0.2,65,90.8,14.71,0.16,1.61,0.226,8.05,9.51,0.146,1.39
55.0,4.0,0.7,2.5,4.5,0.6,2400,0.2,65,90.8,14.71,0.16,1.61,0.226,8.05,9.51,0.146,1.39
55.0,4.0,1.0,2.5,3.0,0.6,1200,0.2,57,75.4,12.85,0.47,1.45,0.225,8.77,8.29,0.146,1.28
55.0,4.0,1.0,2.5,4.5,0.6,1200,0.2,57,75.4,12.85,0.47,1.45,0.225,8.77,8.29,0.146,1.28
55.0,3.0,1.5,2.5,3.0,0.6,7200,0.8,66,71.2,14.85,0.63,1.55,0.225,9.63,9.57,0.145,1.33
55.0,3.0,1.5,2.5,4.5,0.6,7200,0.8,66,71.2,14.85,0.63,1.55,0.225,9.63,9.57,0.145,1.33
55.0,4.0,0.7,1.5,3.0,0.8,2400,0.2,65,90.8,14.65,0.16,1.61,0.225,8.05,9.45,0.145,1.38
55.0,4.0,0.7,1.5,4.5,0.8,2400,0.2,65,90.8,14.65,0.16,1.61,0.225,8.05,9.45,0.145,1.38
55.0,4.0,1.0,1.5,3.0,0.4,1200,0.2,57,75.4,12.81,0.47,1.45,0.225,8.79,8.25,0.145,1.28
55.0,4.0,1.0,1.5,4.5,0.4,1200,0.2,57,75.4,12.81,0.47,1.45,0.225,8.79,8.25,0.145,1.28
55.0,3.0,1.5,2.5,3.0,0.4,3600,0.8,88,73.9,19.67,0.68,1.93,0.224,6.88,12.63,0.144,1.54
55.0,3.0,1.5,2.5,3.0,0.6,3600,0.8,88,73.9,19.68,0.68,1.93,0.224,6.88,12.64,0.144,1.54
55.0,3.0,1.5,2.5,4.5,0.4,3600,0.8,88,73.9,19.67,0.68,1.93,0.224,6.88,12.63,0.144,1.54
55.0,3.0,1.5,2.5,4.5,0.6,3600,0.8,88,73.9,19.68,0.68,1.93,0.224,6.88,12.64,0.144,1.54
55.0,4.0,0.7,2.5,3.0,0.8,2400,0.2,65,90.8,14.59,0.16,1.61,0.224,8.05,9.39,0.144,1.38
55.0,4.0,0.7,2.5,4.5,0.8,2400,0.2,65,90.8,14.59,0.16,1.61,0.224,8.05,9.39,0.144,1.38
55.0,4.0,1.0,1.5,3.0,0.6,1200,0.2,57,75.4,12.7,0.47,1.44,0.223,8.85,8.14,0.143,1.27
55.0,4.0,1.0,1.5,4.5,0.6,1200,0.2,57,75.4,12.7,0.47,1.44,0.223,8.85,8.14,0.143,1.27
55.0,4.0,1.0,2.5,3.0,0.8,1200,0.2,57,75.4,12.69,0.47,1.44,0.223,8.89,8.13,0.143,1.27
55.0,4.0,1.0,2.5,4.5,0.8,1200,0.2,57,75.4,12.69,0.47,1.44,0.223,8.89,8.13,0.143,1.27
55.0,3.0,1.5,2.5,3.0,0.4,7200,0.8,66,71.2,14.62,0.62,1.54,0.222,9.43,9.34,0.142,1.33
55.0,3.0,1.5,2.5,4.5,0.4,7200,0.8,66,71.2,14.62,0.62,1.54,0.222,9.43,9.34,0.142,1.33
55.0,4.0,1.0,1.5,3.0,0.8,1200,0.2,57,75.4,12.63,0.47,1.44,0.222,8.9,8.07,0.142,1.27
55.0,4.0,1.0,1.5,4.5,0.8,1200,0.2,57,75.4,12.63,0.47,1.44,0.222,8.9,8.07,0.142,1.27
55.0,5.0,1.5,2.5,3.0,0.8,7200,0.8,63,76.2,14.01,0.47,1.51,0.222,10.54,8.97,0.142,1.31
55.0,5.0,1.5,2.5,4.5,0.8,7200,0.8,63,76.2,14.01,0.47,1.51,0.222,10.54,8.97,0.142,1.31
55.0,3.0,0.7,1.5,3.0,0.4,1200,0.2,69,79.7,15.15,0.43,1.7,0.22,7.98,9.63,0.14,1.42
55.0,3.0,0.7,1.5,4.5,0.4,1200,0.2,69,79.7,15.15,0.43,1.7,0.22,7.98,9.63,0.14,1.42
55.0,3.0,0.7,2.5,3.0,0.4,1200,0.2,69,79.7,15.15,0.43,1.7,0.22,7.98,9.63,0.14,1.42
55.0,3.0,0.7,2.5,4.5,0.4,1200,0.2,69,79.7,15.15,0.43,1.7,0.22,7.98,9.63,0.14,1.42
55.0,5.0,0.7,1.5,3.0,0.4,2400,0.2,64,92.2,14.08,0.13,1.56,0.22,9.28,8.96,0.14,1.35
55.0,5.0,0.7,1.5,4.5,0.4,2400,0.2,64,92.2,14.08,0.13,1.56,0.22,9.28,8.96,0.14,1.35
55.0,5.0,0.7,2.5,3.0,0.4,2400,0.2,64,92.2,14.01,0.13,1.56,0.219,9.28,8.9,0.139,1.35
55.0,5.0,0.7,2.5,4.5,0.4,2400,0.2,64,92.2,14.01,0.13,1.56,0.219,9.28,8.9,0.139,1.35
55.0,3.0,0.7,1.5,3.0,0.6,1200,0.2,69,79.7,15.03,0.43,1.7,0.218,7.98,9.51,0.138,1.42
55.0,3.0,0.7,1.5,4.5,0.6,1200,0.2,69,79.7,15.03,0.43,1.7,0.218,7.98,9.51,0.138,1.42
55.0,3.0,0.7,2.5,3.0,0.6,1200,0.2,69,79.7,15.03,0.43,1.7,0.218,7.98,9.51,0.138,1.42
55.0,3.0,0.7,2.5,4.5,0.6,1200,0.2,69,79.7,15.03,0.43,1.7,0.218,7.98,9.51,0.138,1.42
55.0,5.0,0.7,1.5,3.0,0.6,2400,0.2,64,92.2,13.96,0.13,1.56,0.218,9.28,8.84,0.138,1.35
55.0,5.0,0.7,1.5,4.5,0.6,2400,0.2,64,92.2,13.96,0.13,1.56,0.218,9.28,8.84,0.138,1.35
55.0,5.0,0.7,2.5,3.0,0.6,2400,0.2,64,92.2,13.89,0.13,1.56,0.217,9.28,8.78,0.137,1.34
55.0,5.0,0.7,2.5,4.5,0.6,2400,0.2,64,92.2,13.89,0.13,1.56,0.217,9.28,8.78,0.137,1.34
55.0,3.0,0.7,1.5,3.0,0.8,1200,0.2,69,79.7,14.91,0.43,1.69,0.216,7.98,9.39,0.136,1.41
55.0,3.0,0.7,1.5,4.5,0.8,1200,0.2,69,79.7,14.91,0.43,1.69,0.216,7.98,9.39,0.136,1.41
55.0,3.0,0.7,2.5,3.0,0.8,1200,0.2,69,79.7,14.91,0.43,1.69,0.216,7.98,9.39,0.136,1.41
55.0,3.0,0.7,2.5,4.5,0.8,1200,0.2,69,79.7,14.91,0.43,1.69,0.216,7.98,9.39,0.136,1.41
55.0,5.0,0.7,1.5,3.0,0.8,2400,0.2,64,92.2,13.84,0.13,1.55,0.216,9.28,8.72,0.136,1.34
55.0,5.0,0.7,1.5,4.5,0.8,2400,0.2,64,92.2,13.84,0.13,1.55,0.216,9.28,8.72,0.136,1.34
55.0,5.0,0.7,2.5,3.0,0.8,2400,0.2,64,92.2,13.77,0.13,1.55,0.215,9.28,8.66,0.135,1.34
55.0,5.0,0.7,2.5,4.5,0.8,2400,0.2,64,92.2,13.77,0.13,1.55,0.215,9.28,8.66,0.135,1.34
55.0,5.0,1.5,2.5,3.0,0.8,3600,0.8,85,76.5,18.25,0.55,1.8,0.215,12.56,11.45,0.135,1.46
55.0,5.0,1.5,2.5,4.5,0.8,3600,0.8,85,76.5,18.25,0.55,1.8,0.215,12.56,11.45,0.135,1.46
55.0,3.0,1.0,2.5,3.0,0.4,7200,0.8,66,71.2,14.09,0.61,1.52,0.213,9.32,8.81,0.134,1.31
55.0,3.0,1.0,2.5,4.5,0.4,7200,0.8,66,71.2,14.09,0.61,1.52,0.213,9.32,8.81,0.134,1.31
55.0,3.0,1.0,2.5,3.0,0.6,7200,0.8,66,71.2,14.05,0.61,1.52,0.213,9.44,8.77,0.133,1.31
55.0,3.0,1.0,2.5,4.5,0.6,7200,0.8,66,71.2,14.05,0.61,1.52,0.213,9.44,8.77,0.133,1.31
55.0,5.0,1.5,2.5,3.0,0.4,1200,0.4,77,68.8,16.41,0.79,1.74,0.213,10.15,10.25,0.133,1.42
55.0,5.0,1.5,2.5,4.5,0.4,1200,0.4,77,68.8,16.41,0.79,1.74,0.213,10.15,10.25,0.133,1.42
55.0,4.0,1.5,2.5,3.0,0.8,1200,0.2,57,75.4,11.89,0.46,1.42,0.209,8.83,7.33,0.129,1.25
55.0,4.0,1.5,2.5,4.5,0.8,1200,0.2,57,75.4,11.89,0.46,1.42,0.209,8.83,7.33,0.129,1.25
55.0,3.0,1.0,2.5,3.0,0.4,3600,0.8,88,73.9,18.21,0.66,1.86,0.207,6.88,11.17,0.127,1.48
55.0,3.0,1.0,2.5,4.5,0.4,3600,0.8,88,73.9,18.21,0.66,1.86,0.207,6.88,11.17,0.127,1.48
55.0,5.0,1.0,2.5,3.0,0.4,1200,0.4,77,68.8,15.94,0.78,1.72,0.207,10.15,9.78,0.127,1.4
55.0,5.0,1.0,2.5,4.5,0.4,1200,0.4,77,68.8,15.94,0.78,1.72,0.207,10.15,9.78,0.127,1.4
55.0,5.0,1.0,1.5,3.0,0.4,1200,0.4,77,68.8,15.65,0.77,1.7,0.203,10.15,9.49,0.123,1.39
55.0,5.0,1.0,1.5,4.5,0.4,1200,0.4,77,68.8,15.65,0.77,1.7,0.203,10.15,9.49,0.123,1.39
55.0,3.0,1.0,1.5,3.0,0.4,3600,0.8,88,73.9,17.78,0.65,1.84,0.202,6.88,10.74,0.122,1.46
55.0,3.0,1.0,1.5,4.5,0.4,3600,0.8,88,73.9,17.78,0.65,1.84,0.202,6.88,10.74,0.122,1.46
55.0,5.0,1.0,2.5,3.0,0.6,1200,0.4,77,68.8,15.57,0.77,1.7,0.202,10.15,9.41,0.122,1.39
55.0,5.0,1.0,2.5,4.5,0.6,1200,0.4,77,68.8,15.57,0.77,1.7,0.202,10.15,9.41,0.122,1.39
55.0,3.0,1.0,2.5,3.0,0.6,3600,0.8,88,73.9,17.67,0.65,1.83,0.201,6.88,10.63,0.121,1.45
55.0,3.0,1.0,2.5,4.5,0.6,3600,0.8,88,73.9,17.67,0.65,1.83,0.201,6.88,10.63,0.121,1.45
55.0,5.0,0.7,2.5,3.0,0.4,3600,0.4,78,84.6,15.6,0.29,1.6,0.2,10.45,9.36,0.12,1.35
55.0,5.0,0.7,2.5,4.5,0.4,3600,0.4,78,84.6,15.6,0.29,1.6,0.2,10.45,9.36,0.12,1.35
55.0,3.0,1.0,1.5,3.0,0.6,7200,0.8,66,71.2,13.16,0.6,1.49,0.199,9.44,7.88,0.119,1.27
55.0,3.0,1.0,1.5,4.5,0.6,7200,0.8,66,71.2,13.16,0.6,1.49,0.199,9.44,7.88,0.119,1.27
55.0,5.0,1.0,1.5,3.0,0.6,1200,0.4,77,68.8,15.34,0.76,1.69,0.199,10.15,9.18,0.119,1.38
55.0,5.0,1.0,1.5,4.5,0.6,1200,0.4,77,68.8,15.34,0.76,1.69,0.199,10.15,9.18,0.119,1.38
55.0,5.0,0.7,1.5,3.0,0.4,3600,0.4,78,84.6,15.45,0.29,1.6,0.198,10.45,9.21,0.118,1.34
55.0,5.0,0.7,1.5,4.5,0.4,3600,0.4,78,84.6,15.45,0.29,1.6,0.198,10.45,9.21,0.118,1.34
55.0,5.0,1.0,2.5,3.0,0.8,1200,0.4,77,68.8,15.21,0.76,1.68,0.198,10.15,9.05,0.118,1.37
55.0,5.0,1.0,2.5,4.5,0.8,1200,0.4,77,68.8,15.21,0.76,1.68,0.198,10.15,9.05,0.118,1.37
55.0,3.0,1.0,1.5,3.0,0.6,3600,0.8,88,73.9,17.32,0.64,1.82,0.197,6.88,10.28,0.117,1.44
55.0,3.0,1.0,1.5,4.5,0.6,3600,0.8,88,73.9,17.32,0.64,1.82,0.197,6.88,10.28,0.117,1.44
55.0,4.0,0.7,2.5,3.0,0.4,3600,0.4,79,82.3,15.57,0.35,1.62,0.197,8.8,9.25,0.117,1.35
55.0,4.0,0.7,2.5,4.5,0.4,3600,0.4,79,82.3,15.57,0.35,1.62,0.197,8.8,9.25,0.117,1.35
55.0,5.0,0.7,2.5,3.0,0.6,3600,0.4,78,84.6,15.39,0.29,1.59,0.197,10.45,9.15,0.117,1.34
55.0,5.0,0.7,2.5,4.5,0.6,3600,0.4,78,84.6,15.39,0.29,1.59,0.197,10.45,9.15,0.117,1.34
55.0,3.0,0.7,1.5,3.0,0.4,2400,0.4,81,80.2,15.85,0.42,1.71,0.196,8.05,9.37,0.116,1.4
55.0,3.0,0.7,1.5,4.5,0.4,2400,0.4,81,80.2,15.85,0.42,1.71,0.196,8.05,9.37,0.116,1.4
55.0,3.0,1.0,1.5,3.0,0.4,7200,0.8,66,71.2,12.96,0.6,1.48,0.196,9.32,7.68,0.116,1.27
55.0,3.0,1.0,1.5,4.5,0.4,7200,0.8,66,71.2,12.96,0.6,1.48,0.196,9.32,7.68,0.116,1.27
55.0,3.0,1.0,2.5,3.0,0.8,7200,0.8,66,71.2,12.92,0.6,1.48,0.196,9.56,7.64,0.116,1.27
55.0,3.0,1.0,2.5,4.5,0.8,7200,0.8,66,71.2,12.92,0.6,1.48,0.196,9.56,7.64,0.116,1.27
55.0,5.0,1.0,1.5,3.0,0.8,1200,0.4,77,68.8,15.05,0.76,1.68,0.195,10.15,8.89,0.116,1.36
55.0,5.0,1.0,1.5,4.5,0.8,1200,0.4,77,68.8,15.05,0.76,1.68,0.195,10.15,8.89,0.116,1.36
55.0,3.0,0.7,2.5,3.0,0.4,2400,0.4,81,80.2,15.79,0.42,1.71,0.195,8.05,9.31,0.115,1.39
55.0,3.0,0.7,2.5,4.5,0.4,2400,0.4,81,80.2,15.79,0.42,1.71,0.195,8.05,9.31,0.115,1.39
55.0,4.0,0.7,1.5,3.0,0.4,3600,0.4,79,82.3,15.42,0.35,1.61,0.195,8.8,9.1,0.115,1.34
55.0,4.0,0.7,1.5,4.5,0.4,3600,0.4,79,82.3,15.42,0.35,1.61,0.195,8.8,9.1,0.115,1.34
55.0,5.0,0.7,1.5,3.0,0.6,3600,0.4,78,84.6,15.18,0.29,1.59,0.195,10.45,8.94,0.115,1.33
55.0,5.0,0.7,1.5,4.5,0.6,3600,0.4,78,84.6,15.18,0.29,1.59,0.195,10.45,8.94,0.115,1.33
55.0,3.0,0.7,1.5,3.0,0.6,2400,0.4,81,80.2,15.73,0.42,1.71,0.194,8.05,9.25,0.114,1.39
55.0,3.0,0.7,1.5,4.5,0.6,2400,0.4,81,80.2,15.73,0.42,1.71,0.194,8.05,9.25,0.114,1.39
55.0,4.0,0.7,2.5,3.0,0.6,3600,0.4,79,82.3,15.36,0.35,1.61,0.194,8.8,9.04,0.114,1.34
55.0,4.0,0.7,2.5,4.5,0.6,3600,0.4,79,82.3,15.36,0.35,1.61,0.194,8.8,9.04,0.114,1.34
55.0,3.0,0.7,1.5,3.0,0.8,2400,0.4,81,80.2,15.61,0.42,1.7,0.193,8.05,9.13,0.113,1.39
55.0,3.0,0.7,1.5,4.5,0.8,2400,0.4,81,80.2,15.61,0.42,1.7,0.193,8.05,9.13,0.113,1.39
55.0,3.0,0.7,2.5,3.0,0.6,2400,0.4,81,80.2,15.67,0.42,1.71,0.193,8.05,9.19,0.113,1.39
55.0,3.0,0.7,2.5,4.5,0.6,2400,0.4,81,80.2,15.67,0.42,1.71,0.193,8.05,9.19,0.113,1.39
55.0,5.0,0.7,2.5,3.0,0.8,3600,0.4,78,84.6,15.03,0.29,1.58,0.193,10.45,8.79,0.113,1.33
55.0,5.0,0.7,2.5,4.5,0.8,3600,0.4,78,84.6,15.03,0.29,1.58,0.193,10.45,8.79,0.113,1.33
55.0,5.0,1.5,2.5,3.0,0.6,1200,0.4,77,68.8,14.84,0.75,1.67,0.193,10.15,8.67,0.113,1.36
55.0,5.0,1.5,2.5,4.5,0.6,1200,0.4,77,68.8,14.84,0.75,1.67,0.193,10.15,8.67,0.113,1.36
55.0,3.0,0.7,2.5,3.0,0.8,2400,0.4,81,80.2,15.55,0.42,1.7,0.192,8.05,9.07,0.112,1.38
55.0,3.0,0.7,2.5,4.5,0.8,2400,0.4,81,80.2,15.55,0.42,1.7,0.192,8.05,9.07,0.112,1.38
55.0,4.0,0.7,1.5,3.0,0.6,3600,0.4,79,82.3,15.15,0.34,1.6,0.192,8.8,8.83,0.112,1.33
55.0,4.0,0.7,1.5,4.5,0.6,3600,0.4,79,82.3,15.15,0.34,1.6,0.192,8.8,8.83,0.112,1.33
55.0,4.0,1.5,2.5,3.0,0.8,3600,0.8,86,74.4,16.52,0.59,1.71,0.192,9.91,9.64,0.112,1.38
55.0,4.0,1.5,2.5,4.5,0.8,3600,0.8,86,74.4,16.52,0.59,1.71,0.192,9.91,9.64,0.112,1.38
55.0,5.0,0.7,1.5,3.0,0.8,3600,0.4,78,84.6,14.89,0.29,1.58,0.191,10.45,8.65,0.111,1.32
55.0,5.0,0.7,1.5,4.5,0.8,3600,0.4,78,84.6,14.89,0.29,1.58,0.191,10.45,8.65,0.111,1.32
55.0,5.0,1.0,2.5,3.0,0.8,3600,0.8,85,76.5,16.24,0.53,1.71,0.191,12.57,9.44,0.111,1.38
55.0,5.0,1.0,2.5,4.5,0.8,3600,0.8,85,76.5,16.24,0.53,1.71,0.191,12.57,9.44,0.111,1.38
55.0,4.0,0.7,2.5,3.0,0.8,3600,0.4,79,82.3,15.0,0.34,1.59,0.19,8.8,8.68,0.11,1.33
55.0,4.0,0.7,2.5,4.5,0.8,3600,0.4,79,82.3,15.0,0.34,1.59,0.19,8.8,8.68,0.11,1.33
55.0,5.0,1.0,1.5,3.0,0.8,3600,0.8,85,76.5,16.11,0.52,1.7,0.19,12.66,9.31,0.11,1.37
55.0,5.0,1.0,1.5,4.5,0.8,3600,0.8,85,76.5,16.11,0.52,1.7,0.19,12.66,9.31,0.11,1.37
55.0,3.0,1.5,2.5,3.0,0.8,7200,0.8,66,71.2,12.4,0.59,1.46,0.188,9.83,7.12,0.108,1.25
55.0,3.0,1.5,2.5,4.5,0.8,7200,0.8,66,71.2,12.4,0.59,1.46,0.188,9.83,7.12,0.108,1.25
55.0,4.0,0.7,1.5,3.0,0.8,3600,0.4,79,82.3,14.86,0.34,1.59,0.188,8.8,8.54,0.108,1.32
55.0,4.0,0.7,1.5,4.5,0.8,3600,0.4,79,82.3,14.86,0.34,1.59,0.188,8.8,8.54,0.108,1.32
55.0,3.0,1.0,1.5,3.0,0.8,7200,0.8,66,71.2,12.34,0.59,1.46,0.187,9.56,7.06,0.107,1.25
55.0,3.0,1.0,1.5,4.5,0.8,7200,0.8,66,71.2,12.34,0.59,1.46,0.187,9.56,7.06,0.107,1.25
55.0,4.0,1.5,2.5,3.0,0.4,1200,0.4,80,65.0,14.99,0.89,1.66,0.187,9.44,8.59,0.107,1.34
55.0,4.0,1.5,2.5,4.5,0.4,1200,0.4,80,65.0,14.99,0.89,1.66,0.187,9.44,8.59,0.107,1.34
55.0,5.0,1.5,2.5,3.0,0.8,1200,0.4,76,68.4,14.18,0.76,1.64,0.187,10.15,8.1,0.107,1.33
55.0,5.0,1.5,2.5,4.5,0.8,1200,0.4,76,68.4,14.18,0.76,1.64,0.187,10.15,8.1,0.107,1.33
55.0,3.0,0.7,2.5,3.0,0.6,7200,0.8,72,75.0,13.33,0.52,1.57,0.185,9.06,7.57,0.105,1.3
55.0,3.0,0.7,2.5,4.5,0.6,7200,0.8,72,75.0,13.33,0.52,1.57,0.185,9.06,7.57,0.105,1.3
55.0,3.0,0.7,2.5,3.0,0.4,7200,0.8,72,75.0,13.25,0.52,1.56,0.184,8.94,7.49,0.104,1.3
55.0,3.0,0.7,2.5,4.5,0.4,7200,0.8,72,75.0,13.25,0.52,1.56,0.184,8.94,7.49,0.104,1.3
55.0,4.0,1.0,2.5,3.0,0.4,1200,0.4,80,65.0,14.47,0.88,1.64,0.181,9.42,8.07,0.101,1.32
55.0,4.0,1.0,2.5,4.5,0.4,1200,0.4,80,65.0,14.47,0.88,1.64,0.181,9.42,8.07,0.101,1.32
55.0,3.0,0.7,1.5,3.0,0.4,1200,0.4,89,66.3,15.95,1.05,2.06,0.179,5.53,8.83,0.099,1.5
55.0,3.0,0.7,1.5,4.5,0.4,1200,0.4,89,66.3,15.95,1.05,2.06,0.179,5.53,8.83,0.099,1.5
55.0,3.0,0.7,2.5,3.0,0.4,1200,0.4,89,66.3,15.95,1.05,2.06,0.179,5.53,8.83,0.099,1.5
55.0,3.0,0.7,2.5,4.5,0.4,1200,0.4,89,66.3,15.95,1.05,2.06,0.179,5.53,8.83,0.099,1.5
55.0,3.0,0.7,1.5,3.0,0.6,1200,0.4,89,66.3,15.83,1.04,2.05,0.178,5.53,8.71,0.098,1.49
55.0,3.0,0.7,1.5,4.5,0.6,1200,0.4,89,66.3,15.83,1.04,2.05,0.178,5.53,8.71,0.098,1.49
55.0,3.0,0.7,2.5,3.0,0.6,1200,0.4,89,66.3,15.83,1.04,2.05,0.178,5.53,8.71,0.098,1.49
55.0,3.0,0.7,2.5,4.5,0.6,1200,0.4,89,66.3,15.83,1.04,2.05,0.178,5.53,8.71,0.098,1.49
55.0,3.0,0.7,1.5,3.0,0.8,1200,0.4,89,66.3,15.71,1.04,2.04,0.177,5.53,8.59,0.097,1.49
55.0,3.0,0.7,1.5,4.5,0.8,1200,0.4,89,66.3,15.71,1.04,2.04,0.177,5.53,8.59,0.097,1.49
55.0,3.0,0.7,2.5,3.0,0.8,1200,0.4,89,66.3,15.71,1.04,2.04,0.177,5.53,8.59,0.097,1.49
55.0,3.0,0.7,2.5,4.5,0.8,1200,0.4,89,66.3,15.71,1.04,2.04,0.177,5.53,8.59,0.097,1.49
55.0,4.0,1.0,1.5,3.0,0.4,1200,0.4,80,65.0,14.17,0.88,1.63,0.177,9.42,7.77,0.097,1.31
55.0,4.0,1.0,1.5,4.5,0.4,1200,0.4,80,65.0,14.17,0.88,1.63,0.177,9.42,7.77,0.097,1.31
55.0,4.0,1.0,2.5,3.0,0.6,1200,0.4,80,65.0,14.09,0.87,1.62,0.176,9.42,7.69,0.096,1.31
55.0,4.0,1.0,2.5,4.5,0.6,1200,0.4,80,65.0,14.09,0.87,1.62,0.176,9.42,7.69,0.096,1.31
55.0,3.0,0.7,1.5,3.0,0.6,7200,0.8,72,75.0,12.56,0.51,1.53,0.174,9.06,6.8,0.094,1.27
55.0,3.0,0.7,1.5,4.5,0.6,7200,0.8,72,75.0,12.56,0.51,1.53,0.174,9.06,6.8,0.094,1.27
55.0,4.0,1.0,1.5,3.0,0.6,1200,0.4,80,65.0,13.87,0.87,1.61,0.173,9.42,7.47,0.093,1.3
55.0,4.0,1.0,1.5,4.5,0.6,1200,0.4,80,65.0,13.87,0.87,1.61,0.173,9.42,7.47,0.093,1.3
55.0,4.0,1.0,2.5,3.0,0.8,1200,0.4,80,65.0,13.73,0.86,1.61,0.172,9.42,7.33,0.092,1.29
55.0,4.0,1.0,2.5,4.5,0.8,1200,0.4,80,65.0,13.73,0.86,1.61,0.172,9.42,7.33,0.092,1.29
55.0,3.0,0.7,1.5,3.0,0.4,7200,0.8,72,75.0,12.3,0.51,1.52,0.171,8.94,6.54,0.091,1.26
55.0,3.0,0.7,1.5,4.5,0.4,7200,0.8,72,75.0,12.3,0.51,1.52,0.171,8.94,6.54,0.091,1.26
55.0,4.0,1.0,2.5,3.0,0.8,3600,0.8,86,74.4,14.7,0.56,1.63,0.171,9.92,7.82,0.091,1.31
55.0,4.0,1.0,2.5,4.5,0.8,3600,0.8,86,74.4,14.7,0.56,1.63,0.171,9.92,7.82,0.091,1.31
55.0,4.0,0.7,1.5,3.0,0.4,1200,0.2,67,80.6,11.38,0.35,1.46,0.17,8.14,6.02,0.09,1.23
55.0,4.0,0.7,1.5,4.5,0.4,1200,0.2,67,80.6,11.38,0.35,1.46,0.17,8.14,6.02,0.09,1.23
55.0,4.0,0.7,2.5,3.0,0.4,1200,0.2,67,80.6,11.38,0.35,1.46,0.17,8.14,6.02,0.09,1.23
55.0,4.0,0.7,2.5,4.5,0.4,1200,0.2,67,80.6,11.38,0.35,1.46,0.17,8.14,6.02,0.09,1.23
55.0,4.0,1.0,1.5,3.0,0.8,1200,0.4,80,65.0,13.58,0.86,1.6,0.17,9.42,7.18,0.09,1.29
55.0,4.0,1.0,1.5,4.5,0.8,1200,0.4,80,65.0,13.58,0.86,1.6,0.17,9.42,7.18,0.09,1.29
55.0,4.0,1.5,2.5,3.0,0.6,1200,0.4,80,65.0,13.61,0.86,1.6,0.17,9.84,7.21,0.09,1.29
55.0,4.0,1.5,2.5,4.5,0.6,1200,0.4,80,65.0,13.61,0.86,1.6,0.17,9.84,7.21,0.09,1.29
55.0,4.0,1.0,1.5,3.0,0.8,3600,0.8,86,74.4,14.51,0.56,1.63,0.169,10.01,7.63,0.089,1.3
55.0,4.0,1.0,1.5,4.5,0.8,3600,0.8,86,74.4,14.51,0.56,1.63,0.169,10.01,7.63,0.089,1.3
55.0,5.0,0.7,1.5,3.0,0.4,1200,0.2,66,83.3,11.17,0.29,1.44,0.169,11.04,5.89,0.089,1.22
55.0,5.0,0.7,1.5,4.5,0.4,1200,0.2,66,83.3,11.17,0.29,1.44,0.169,11.04,5.89,0.089,1.22
55.0,5.0,0.7,2.5,3.0,0.4,1200,0.2,66,83.3,11.17,0.29,1.44,0.169,11.04,5.89,0.089,1.22
55.0,5.0,0.7,2.5,4.5,0.4,1200,0.2,66,83.3,11.17,0.29,1.44,0.169,11.04,5.89,0.089,1.22
55.0,3.0,0.7,2.5,3.0,0.8,7200,0.8,72,75.0,12.12,0.5,1.51,0.168,9.18,6.36,0.088,1.25
55.0,3.0,0.7,2.5,4.5,0.8,7200,0.8,72,75.0,12.12,0.5,1.51,0.168,9.18,6.36,0.088,1.25
55.0,4.0,0.7,1.5,3.0,0.6,1200,0.2,67,80.6,11.26,0.35,1.46,0.168,8.14,5.9,0.088,1.23
55.0,4.0,0.7,1.5,4.5,0.6,1200,0.2,67,80.6,11.26,0.35,1.46,0.168,8.14,5.9,0.088,1.23
55.0,4.0,0.7,2.5,3.0,0.6,1200,0.2,67,80.6,11.26,0.35,1.46,0.168,8.14,5.9,0.088,1.23
55.0,4.0,0.7,2.5,4.5,0.6,1200,0.2,67,80.6,11.26,0.35,1.46,0.168,8.14,5.9,0.088,1.23
55.0,4.0,1.5,2.5,3.0,0.8,1200,0.4,80,65.0,13.47,0.86,1.59,0.168,10.24,7.07,0.088,1.28
55.0,4.0,1.5,2.5,4.5,0.8,1200,0.4,80,65.0,13.47,0.86,1.59,0.168,10.24,7.07,0.088,1.28
55.0,5.0,0.7,1.5,3.0,0.6,1200,0.2,66,83.3,11.05,0.29,1.43,0.167,11.04,5.77,0.087,1.22
55.0,5.0,0.7,1.5,4.5,0.6,1200,0.2,66,83.3,11.05,0.29,1.43,0.167,11.04,5.77,0.087,1.22
55.0,5.0,0.7,2.5,3.0,0.6,1200,0.2,66,83.3,11.05,0.29,1.43,0.167,11.04,5.77,0.087,1.22
55.0,5.0,0.7,2.5,4.5,0.6,1200,0.2,66,83.3,11.05,0.29,1.43,0.167,11.04,5.77,0.087,1.22
55.0,4.0,0.7,1.5,3.0,0.8,1200,0.2,67,80.6,11.14,0.35,1.45,0.166,8.14,5.78,0.086,1.23
55.0,4.0,0.7,1.5,4.5,0.8,1200,0.2,67,80.6,11.14,0.35,1.45,0.166,8.14,5.78,0.086,1.23
55.0,4.0,0.7,2.5,3.0,0.8,1200,0.2,67,80.6,11.14,0.35,1.45,0.166,8.14,5.78,0.086,1.23
55.0,4.0,0.7,2.5,4.5,0.8,1200,0.2,67,80.6,11.14,0.35,1.45,0.166,8.14,5.78,0.086,1.23
55.0,5.0,0.7,1.5,3.0,0.8,1200,0.2,66,83.3,10.93,0.29,1.43,0.166,11.04,5.65,0.086,1.21
55.0,5.0,0.7,1.5,4.5,0.8,1200,0.2,66,83.3,10.93,0.29,1.43,0.166,11.04,5.65,0.086,1.21
55.0,5.0,0.7,2.5,3.0,0.8,1200,0.2,66,83.3,10.93,0.29,1.43,0.166,11.04,5.65,0.086,1.21
55.0,5.0,0.7,2.5,4.5,0.8,1200,0.2,66,83.3,10.93,0.29,1.43,0.166,11.04,5.65,0.086,1.21
55.0,5.0,1.5,2.5,3.0,0.4,3600,0.8,85,75.3,13.95,0.49,1.5,0.164,12.37,7.15,0.084,1.24
55.0,5.0,1.5,2.5,4.5,0.4,3600,0.8,85,75.3,13.95,0.49,1.5,0.164,12.37,7.15,0.084,1.24
55.0,4.0,0.7,1.5,3.0,0.4,2400,0.4,79,82.3,12.84,0.33,1.51,0.163,8.4,6.52,0.083,1.25
55.0,4.0,0.7,1.5,4.5,0.4,2400,0.4,79,82.3,12.84,0.33,1.51,0.163,8.4,6.52,0.083,1.25
55.0,5.0,0.7,1.5,3.0,0.4,2400,0.4,78,84.6,12.73,0.27,1.49,0.163,11.02,6.49,0.083,1.24
55.0,5.0,0.7,1.5,4.5,0.4,2400,0.4,78,84.6,12.73,0.27,1.49,0.163,11.02,6.49,0.083,1.24
55.0,5.0,1.5,2.5,3.0,0.6,3600,0.8,85,75.3,13.86,0.49,1.5,0.163,12.37,7.07,0.083,1.24
55.0,5.0,1.5,2.5,4.5,0.6,3600,0.8,85,75.3,13.86,0.49,1.5,0.163,12.37,7.07,0.083,1.24
55.0,2.0,1.5,2.5,3.0,0.6,3600,0.4,79,65.8,12.8,0.7,1.34,0.162,8.29,6.48,0.082,1.16
55.0,2.0,1.5,2.5,4.5,0.6,3600,0.4,79,65.8,12.8,0.7,1.34,0.162,8.29,6.48,0.082,1.16
55.0,3.0,0.7,1.5,3.0,0.8,7200,0.8,72,75.0,11.64,0.5,1.49,0.162,9.18,5.88,0.082,1.23
55.0,3.0,0.7,1.5,4.5,0.8,7200,0.8,72,75.0,11.64,0.5,1.49,0.162,9.18,5.88,0.082,1.23
55.0,4.0,0.7,2.5,3.0,0.4,2400,0.4,79,82.3,12.78,0.33,1.51,0.162,8.4,6.46,0.082,1.25
55.0,4.0,0.7,2.5,4.5,0.4,2400,0.4,79,82.3,12.78,0.33,1.51,0.162,8.4,6.46,0.082,1.25
55.0,5.0,0.7,1.5,3.0,0.6,2400,0.4,78,84.6,12.61,0.27,1.49,0.162,11.02,6.37,0.082,1.24
55.0,5.0,0.7,1.5,4.5,0.6,2400,0.4,78,84.6,12.61,0.27,1.49,0.162,11.02,6.37,0.082,1.24
55.0,5.0,0.7,2.5,3.0,0.4,2400,0.4,78,84.6,12.67,0.27,1.49,0.162,11.02,6.43,0.082,1.24
55.0,5.0,0.7,2.5,4.5,0.4,2400,0.4,78,84.6,12.67,0.27,1.49,0.162,11.02,6.43,0.082,1.24
55.0,4.0,0.7,1.5,3.0,0.6,2400,0.4,79,82.3,12.72,0.32,1.51,0.161,8.4,6.4,0.081,1.24
55.0,4.0,0.7,1.5,4.5,0.6,2400,0.4,79,82.3,12.72,0.32,1.51,0.161,8.4,6.4,0.081,1.24
55.0,5.0,0.7,2.5,3.0,0.6,2400,0.4,78,84.6,12.55,0.27,1.49,0.161,11.02,6.31,0.081,1.23
55.0,5.0,0.7,2.5,4.5,0.6,2400,0.4,78,84.6,12.55,0.27,1.49,0.161,11.02,6.31,0.081,1.23
55.0,4.0,0.7,1.5,3.0,0.8,2400,0.4,79,82.3,12.6,0.32,1.5,0.159,8.4,6.28,0.08,1.24
55.0,4.0,0.7,1.5,4.5,0.8,2400,0.4,79,82.3,12.6,0.32,1.5,0.159,8.4,6.28,0.08,1.24
55.0,4.0,0.7,2.5,3.0,0.6,2400,0.4,79,82.3,12.66,0.32,1.51,0.16,8.4,6.34,0.08,1.24
55.0,4.0,0.7,2.5,4.5,0.6,2400,0.4,79,82.3,12.66,0.32,1.51,0.16,8.4,6.34,0.08,1.24
55.0,5.0,0.7,1.5,3.0,0.8,2400,0.4,78,84.6,12.49,0.27,1.48,0.16,11.02,6.25,0.08,1.23
55.0,5.0,0.7,1.5,4.5,0.8,2400,0.4,78,84.6,12.49,0.27,1.48,0.16,11.02,6.25,0.08,1.23
55.0,3.0,0.7,2.5,3.0,0.8,3600,0.8,90,75.6,14.32,0.58,1.79,0.159,6.89,7.12,0.079,1.35
55.0,3.0,0.7,2.5,4.5,0.8,3600,0.8,90,75.6,14.32,0.58,1.79,0.159,6.89,7.12,0.079,1.35
55.0,4.0,0.7,2.5,3.0,0.8,2400,0.4,79,82.3,12.54,0.32,1.5,0.159,8.4,6.22,0.079,1.24
55.0,4.0,0.7,2.5,4.5,0.8,2400,0.4,79,82.3,12.54,0.32,1.5,0.159,8.4,6.22,0.079,1.24
55.0,5.0,0.7,2.5,3.0,0.8,2400,0.4,78,84.6,12.43,0.27,1.48,0.159,11.02,6.19,0.079,1.23
55.0,5.0,0.7,2.5,4.5,0.8,2400,0.4,78,84.6,12.43,0.27,1.48,0.159,11.02,6.19,0.079,1.23
55.0,3.0,0.7,1.5,3.0,0.8,3600,0.8,90,75.6,14.18,0.58,1.78,0.158,6.98,6.98,0.078,1.34
55.0,3.0,0.7,1.5,4.5,0.8,3600,0.8,90,75.6,14.18,0.58,1.78,0.158,6.98,6.98,0.078,1.34
55.0,4.0,1.0,2.5,3.0,0.4,7200,0.8,64,71.9,10.09,0.52,1.33,0.158,10.55,4.97,0.078,1.15
55.0,4.0,1.0,2.5,4.5,0.4,7200,0.8,64,71.9,10.09,0.52,1.33,0.158,10.55,4.97,0.078,1.15
55.0,4.0,1.5,2.5,3.0,0.6,7200,0.8,64,71.9,10.08,0.52,1.32,0.158,9.88,4.96,0.078,1.15
55.0,4.0,1.5,2.5,4.5,0.6,7200,0.8,64,71.9,10.08,0.52,1.32,0.158,9.88,4.96,0.078,1.15
55.0,5.0,0.7,2.5,3.0,0.6,7200,0.8,69,78.3,10.87,0.39,1.4,0.158,10.05,5.35,0.078,1.19
55.0,5.0,0.7,2.5,4.5,0.6,7200,0.8,69,78.3,10.87,0.39,1.4,0.158,10.05,5.35,0.078,1.19
55.0,4.0,1.0,2.5,3.0,0.6,7200,0.8,64,71.9,10.05,0.52,1.32,0.157,10.75,4.93,0.077,1.15
55.0,4.0,1.0,2.5,4.5,0.6,7200,0.8,64,71.9,10.05,0.52,1.32,0.157,10.75,4.93,0.077,1.15
55.0,4.0,1.5,2.5,3.0,0.4,7200,0.8,64,71.9,10.06,0.52,1.32,0.157,9.84,4.94,0.077,1.15
55.0,4.0,1.5,2.5,4.5,0.4,7200,0.8,64,71.9,10.06,0.52,1.32,0.157,9.84,4.94,0.077,1.15
55.0,5.0,0.7,2.5,3.0,0.4,7200,0.8,69,78.3,10.79,0.39,1.4,0.156,10.05,5.27,0.076,1.19
55.0,5.0,0.7,2.5,4.5,0.4,7200,0.8,69,78.3,10.79,0.39,1.4,0.156,10.05,5.27,0.076,1.19
55.0,4.0,1.5,2.5,3.0,0.4,3600,0.8,86,73.3,13.12,0.54,1.48,0.153,9.72,6.24,0.073,1.21
55.0,4.0,1.5,2.5,3.0,0.6,3600,0.8,86,73.3,13.13,0.54,1.48,0.153,9.72,6.25,0.073,1.21
55.0,4.0,1.5,2.5,4.5,0.4,3600,0.8,86,73.3,13.12,0.54,1.48,0.153,9.72,6.24,0.073,1.21
55.0,4.0,1.5,2.5,4.5,0.6,3600,0.8,86,73.3,13.13,0.54,1.48,0.153,9.72,6.25,0.073,1.21
55.0,4.0,0.7,2.5,3.0,0.6,7200,0.8,70,75.7,10.55,0.45,1.4,0.151,9.83,4.95,0.071,1.18
55.0,4.0,0.7,2.5,4.5,0.6,7200,0.8,70,75.7,10.55,0.45,1.4,0.151,9.83,4.95,0.071,1.18
55.0,4.0,0.7,2.5,3.0,0.4,7200,0.8,70,75.7,10.47,0.45,1.39,0.15,9.87,4.87,0.07,1.17
55.0,4.0,0.7,2.5,4.5,0.4,7200,0.8,70,75.7,10.47,0.45,1.39,0.15,9.87,4.87,0.07,1.17
55.0,2.0,0.7,2.5,3.0,0.4,14400,0.2,72,76.4,10.56,0.41,1.32,0.147,7.43,4.8,0.067,1.14
55.0,2.0,0.7,2.5,4.5,0.4,14400,0.2,72,76.4,10.56,0.41,1.32,0.147,7.43,4.8,0.067,1.14
55.0,2.0,1.5,2.5,3.0,0.8,3600,0.4,79,65.8,11.65,0.68,1.31,0.147,8.49,5.33,0.067,1.13
55.0,2.0,1.5,2.5,4.5,0.8,3600,0.4,79,65.8,11.65,0.68,1.31,0.147,8.49,5.33,0.067,1.13
55.0,2.0,0.7,2.5,3.0,0.4,14400,0.4,73,76.7,10.66,0.4,1.32,0.146,7.43,4.82,0.066,1.14
55.0,2.0,0.7,2.5,3.0,0.4,14400,0.8,74,75.7,10.84,0.43,1.35,0.146,7.53,4.92,0.066,1.15
55.0,2.0,0.7,2.5,4.5,0.4,14400,0.4,73,76.7,10.66,0.4,1.32,0.146,7.43,4.82,0.066,1.14
55.0,2.0,0.7,2.5,4.5,0.4,14400,0.8,74,75.7,10.84,0.43,1.35,0.146,7.53,4.92,0.066,1.15
55.0,5.0,0.7,1.5,3.0,0.6,7200,0.8,69,78.3,10.1,0.38,1.38,0.146,10.05,4.58,0.066,1.16
55.0,5.0,0.7,1.5,4.5,0.6,7200,0.8,69,78.3,10.1,0.38,1.38,0.146,10.05,4.58,0.066,1.16
55.0,5.0,1.0,2.5,3.0,0.4,3600,0.8,85,75.3,12.29,0.47,1.44,0.145,12.57,5.49,0.065,1.18
55.0,5.0,1.0,2.5,4.5,0.4,3600,0.8,85,75.3,12.29,0.47,1.44,0.145,12.57,5.49,0.065,1.18
55.0,3.0,1.5,2.5,3.0,0.8,2400,0.8,90,70.0,12.88,0.75,1.75,0.143,8.81,5.68,0.063,1.29
55.0,3.0,1.5,2.5,4.5,0.8,2400,0.8,90,70.0,12.88,0.75,1.75,0.143,8.81,5.68,0.063,1.29
55.0,4.0,1.0,1.5,3.0,0.6,7200,0.8,64,71.9,9.16,0.51,1.29,0.143,10.76,4.04,0.063,1.12
55.0,4.0,1.0,1.5,4.5,0.6,7200,0.8,64,71.9,9.16,0.51,1.29,0.143,10.76,4.04,0.063,1.12
55.0,5.0,0.7,1.5,3.0,0.4,7200,0.8,69,78.3,9.84,0.38,1.37,0.143,10.05,4.32,0.063,1.15
55.0,5.0,0.7,1.5,4.5,0.4,7200,0.8,69,78.3,9.84,0.38,1.37,0.143,10.05,4.32,0.063,1.15
55.0,2.0,0.7,2.5,3.0,0.6,14400,0.4,73,76.7,10.36,0.4,1.31,0.142,7.55,4.52,0.062,1.13
55.0,2.0,0.7,2.5,3.0,0.6,14400,0.8,74,75.7,10.54,0.43,1.34,0.142,7.65,4.62,0.062,1.14
55.0,2.0,0.7,2.5,4.5,0.6,14400,0.4,73,76.7,10.36,0.4,1.31,0.142,7.55,4.52,0.062,1.13
55.0,2.0,0.7,2.5,4.5,0.6,14400,0.8,74,75.7,10.54,0.43,1.34,0.142,7.65,4.62,0.062,1.14
55.0,2.0,0.7,2.5,3.0,0.6,14400,0.2,72,76.4,10.05,0.4,1.31,0.14,7.55,4.29,0.06,1.13
55.0,2.0,0.7,2.5,4.5,0.6,14400,0.2,72,76.4,10.05,0.4,1.31,0.14,7.55,4.29,0.06,1.13
55.0,4.0,0.7,1.5,3.0,0.6,7200,0.8,70,75.7,9.78,0.44,1.37,0.14,9.76,4.18,0.06,1.15
55.0,4.0,0.7,1.5,4.5,0.6,7200,0.8,70,75.7,9.78,0.44,1.37,0.14,9.76,4.18,0.06,1.15
55.0,4.0,1.0,1.5,3.0,0.4,7200,0.8,64,71.9,8.95,0.5,1.29,0.14,10.81,3.83,0.06,1.12
55.0,4.0,1.0,1.5,4.5,0.4,7200,0.8,64,71.9,8.95,0.5,1.29,0.14,10.81,3.83,0.06,1.12
55.0,5.0,0.7,2.5,3.0,0.8,7200,0.8,69,78.3,9.66,0.38,1.36,0.14,10.05,4.14,0.06,1.15
55.0,5.0,0.7,2.5,4.5,0.8,7200,0.8,69,78.3,9.66,0.38,1.36,0.14,10.05,4.14,0.06,1.15
55.0,5.0,1.0,1.5,3.0,0.4,3600,0.8,85,75.3,11.86,0.47,1.43,0.14,12.66,5.07,0.06,1.17
55.0,5.0,1.0,1.5,4.5,0.4,3600,0.8,85,75.3,11.86,0.47,1.43,0.14,12.66,5.07,0.06,1.17
55.0,4.0,1.0,2.5,3.0,0.8,7200,0.8,64,71.9,8.91,0.5,1.29,0.139,11.12,3.79,0.059,1.12
55.0,4.0,1.0,2.5,4.5,0.8,7200,0.8,64,71.9,8.91,0.5,1.29,0.139,11.12,3.79,0.059,1.12
55.0,5.0,1.0,2.5,3.0,0.6,3600,0.8,85,75.3,11.66,0.47,1.42,0.137,12.57,4.86,0.057,1.16
55.0,5.0,1.0,2.5,4.5,0.6,3600,0.8,85,75.3,11.66,0.47,1.42,0.137,12.57,4.86,0.057,1.16
55.0,4.0,0.7,1.5,3.0,0.4,7200,0.8,70,75.7,9.52,0.44,1.36,0.136,9.98,3.92,0.056,1.14
55.0,4.0,0.7,1.5,4.5,0.4,7200,0.8,70,75.7,9.52,0.44,1.36,0.136,9.98,3.92,0.056,1.14
55.0,4.0,1.0,2.5,3.0,0.4,3600,0.8,86,73.3,11.65,0.52,1.43,0.135,9.92,4.77,0.056,1.16
55.0,4.0,1.0,2.5,4.5,0.4,3600,0.8,86,73.3,11.65,0.52,1.43,0.135,9.92,4.77,0.056,1.16
55.0,3.0,0.7,2.5,3.0,0.4,3600,0.8,90,74.4,12.02,0.54,1.57,0.134,6.89,4.83,0.054,1.21
55.0,3.0,0.7,2.5,4.5,0.4,3600,0.8,90,74.4,12.02,0.54,1.57,0.134,6.89,4.83,0.054,1.21
55.0,5.0,1.0,1.5,3.0,0.6,3600,0.8,85,75.3,11.37,0.46,1.41,0.134,12.66,4.57,0.054,1.15
55.0,5.0,1.0,1.5,4.5,0.6,3600,0.8,85,75.3,11.37,0.46,1.41,0.134,12.66,4.57,0.054,1.15
55.0,2.0,1.5,2.5,3.0,0.4,3600,0.4,79,65.8,10.47,0.66,1.28,0.133,8.09,4.15,0.053,1.1
55.0,2.0,1.5,2.5,4.5,0.4,3600,0.4,79,65.8,10.47,0.66,1.28,0.133,8.09,4.15,0.053,1.1
55.0,4.0,0.7,2.5,3.0,0.8,7200,0.8,70,75.7,9.34,0.43,1.35,0.133,9.96,3.74,0.053,1.13
55.0,4.0,0.7,2.5,4.5,0.8,7200,0.8,70,75.7,9.34,0.43,1.35,0.133,9.96,3.74,0.053,1.13
55.0,5.0,0.7,1.5,3.0,0.8,7200,0.8,69,78.3,9.18,0.37,1.34,0.133,10.05,3.66,0.053,1.13
55.0,5.0,0.7,1.5,4.5,0.8,7200,0.8,69,78.3,9.18,0.37,1.34,0.133,10.05,3.66,0.053,1.13
55.0,3.0,0.7,1.5,3.0,0.4,3600,0.8,90,74.4,11.88,0.54,1.56,0.132,6.98,4.68,0.052,1.2
55.0,3.0,0.7,1.5,4.5,0.4,3600,0.8,90,74.4,11.88,0.54,1.56,0.132,6.98,4.68,0.052,1.2
55.0,2.0,0.7,2.5,4.5,0.8,14400,0.8,74,75.7,9.68,0.42,1.31,0.131,7.77,3.76,0.051,1.11
55.0,4.0,1.0,1.5,3.0,0.4,3600,0.8,86,73.3,11.22,0.52,1.41,0.13,10.01,4.34,0.051,1.15
55.0,4.0,1.0,1.5,4.5,0.4,3600,0.8,86,73.3,11.22,0.52,1.41,0.13,10.01,4.34,0.051,1.15
55.0,2.0,0.7,2.5,3.0,0.8,14400,0.8,74,75.7,9.59,0.42,1.31,0.13,7.77,3.68,0.05,1.11
55.0,2.0,0.7,2.5,4.5,0.8,14400,0.4,73,76.7,9.5,0.39,1.29,0.13,7.67,3.66,0.05,1.11
55.0,3.0,0.7,2.5,3.0,0.6,3600,0.8,90,74.4,11.7,0.53,1.55,0.13,6.89,4.5,0.05,1.19
55.0,3.0,0.7,2.5,4.5,0.6,3600,0.8,90,74.4,11.7,0.53,1.55,0.13,6.89,4.5,0.05,1.19
55.0,4.0,1.0,1.5,3.0,0.8,7200,0.8,64,71.9,8.33,0.5,1.27,0.13,10.99,3.21,0.05,1.1
55.0,4.0,1.0,1.5,4.5,0.8,7200,0.8,64,71.9,8.33,0.5,1.27,0.13,10.99,3.21,0.05,1.1
55.0,2.0,0.7,1.5,3.0,0.4,14400,0.2,72,76.4,9.28,0.4,1.28,0.129,7.51,3.52,0.049,1.1
55.0,2.0,0.7,1.5,3.0,0.4,14400,0.8,74,75.7,9.55,0.42,1.31,0.129,7.53,3.63,0.049,1.11
55.0,2.0,0.7,1.5,4.5,0.4,14400,0.2,72,76.4,9.28,0.4,1.28,0.129,7.51,3.52,0.049,1.1
55.0,2.0,0.7,1.5,4.5,0.4,14400,0.8,74,75.7,9.55,0.42,1.31,0.129,7.53,3.63,0.049,1.11
55.0,2.0,0.7,2.5,3.0,0.8,14400,0.4,73,76.7,9.42,0.39,1.29,0.129,7.67,3.58,0.049,1.1
55.0,4.0,1.0,2.5,3.0,0.6,3600,0.8,86,73.3,11.12,0.51,1.41,0.129,9.92,4.24,0.049,1.14
55.0,4.0,1.0,2.5,4.5,0.6,3600,0.8,86,73.3,11.12,0.51,1.41,0.129,9.92,4.24,0.049,1.14
55.0,2.0,0.7,1.5,3.0,0.4,14400,0.4,73,76.7,9.37,0.39,1.28,0.128,7.43,3.53,0.048,1.1
55.0,2.0,0.7,1.5,3.0,0.6,14400,0.8,74,75.7,9.47,0.42,1.3,0.128,7.65,3.55,0.048,1.11
55.0,2.0,0.7,1.5,4.5,0.4,14400,0.4,73,76.7,9.37,0.39,1.28,0.128,7.43,3.53,0.048,1.1
55.0,2.0,0.7,1.5,4.5,0.6,14400,0.8,74,75.7,9.47,0.42,1.3,0.128,7.65,3.55,0.048,1.11
55.0,2.0,0.7,2.5,4.5,0.8,14400,0.2,72,76.4,9.19,0.4,1.28,0.128,7.67,3.43,0.048,1.1
55.0,3.0,0.7,1.5,3.0,0.6,3600,0.8,90,74.4,11.49,0.53,1.54,0.128,6.98,4.29,0.048,1.18
55.0,3.0,0.7,1.5,4.5,0.6,3600,0.8,90,74.4,11.49,0.53,1.54,0.128,6.98,4.29,0.048,1.18
55.0,2.0,0.7,1.5,3.0,0.6,14400,0.4,73,76.7,9.29,0.39,1.28,0.127,7.64,3.45,0.047,1.1
55.0,2.0,0.7,1.5,4.5,0.6,14400,0.4,73,76.7,9.29,0.39,1.28,0.127,7.64,3.45,0.047,1.1
55.0,4.0,0.7,1.5,3.0,0.4,1200,0.4,88,65.9,11.22,0.82,1.59,0.128,8.26,4.18,0.047,1.19
55.0,4.0,0.7,1.5,3.0,0.8,7200,0.8,70,75.7,8.86,0.43,1.33,0.127,9.81,3.26,0.047,1.12
55.0,4.0,0.7,1.5,4.5,0.4,1200,0.4,88,65.9,11.22,0.82,1.59,0.128,8.26,4.18,0.047,1.19
55.0,4.0,0.7,1.5,4.5,0.8,7200,0.8,70,75.7,8.86,0.43,1.33,0.127,9.81,3.26,0.047,1.12
55.0,4.0,0.7,2.5,3.0,0.4,1200,0.4,88,65.9,11.22,0.82,1.59,0.128,8.26,4.18,0.047,1.19
55.0,4.0,0.7,2.5,4.5,0.4,1200,0.4,88,65.9,11.22,0.82,1.59,0.128,8.26,4.18,0.047,1.19
55.0,2.0,0.7,2.5,3.0,0.8,14400,0.2,72,76.4,9.1,0.39,1.28,0.126,7.7,3.34,0.046,1.1
55.0,4.0,0.7,1.5,3.0,0.6,1200,0.4,88,65.9,11.1,0.82,1.58,0.126,8.26,4.06,0.046,1.19
55.0,4.0,0.7,1.5,4.5,0.6,1200,0.4,88,65.9,11.1,0.82,1.58,0.126,8.26,4.06,0.046,1.19
55.0,4.0,0.7,2.5,3.0,0.6,1200,0.4,88,65.9,11.1,0.82,1.58,0.126,8.26,4.06,0.046,1.19
55.0,4.0,0.7,2.5,4.5,0.6,1200,0.4,88,65.9,11.1,0.82,1.58,0.126,8.26,4.06,0.046,1.19
55.0,2.0,0.7,1.5,3.0,0.6,14400,0.2,72,76.4,8.98,0.39,1.27,0.125,7.95,3.22,0.045,1.09
55.0,2.0,0.7,1.5,4.5,0.6,14400,0.2,72,76.4,8.98,0.39,1.27,0.125,7.95,3.22,0.045,1.09
55.0,4.0,0.7,1.5,3.0,0.8,1200,0.4,88,65.9,10.98,0.81,1.57,0.125,8.26,3.94,0.045,1.18
55.0,4.0,0.7,1.5,4.5,0.8,1200,0.4,88,65.9,10.98,0.81,1.57,0.125,8.26,3.94,0.045,1.18
55.0,4.0,0.7,2.5,3.0,0.8,1200,0.4,88,65.9,10.98,0.81,1.57,0.125,8.26,3.94,0.045,1.18
55.0,4.0,0.7,2.5,4.5,0.8,1200,0.4,88,65.9,10.98,0.81,1.57,0.125,8.26,3.94,0.045,1.18
55.0,4.0,1.0,1.5,3.0,0.6,3600,0.8,86,73.3,10.77,0.51,1.4,0.125,10.01,3.89,0.045,1.13
55.0,4.0,1.0,1.5,4.5,0.6,3600,0.8,86,73.3,10.77,0.51,1.4,0.125,10.01,3.89,0.045,1.13
55.0,2.0,0.7,1.5,4.5,0.8,14400,0.8,74,75.7,9.0,0.41,1.29,0.122,7.77,3.08,0.042,1.09
55.0,2.0,0.7,1.5,4.5,0.8,14400,0.4,73,76.7,8.82,0.38,1.27,0.121,7.67,2.98,0.041,1.09
55.0,2.0,0.7,1.5,3.0,0.8,14400,0.4,73,76.7,8.74,0.38,1.27,0.12,7.72,2.9,0.04,1.08
55.0,2.0,0.7,1.5,3.0,0.8,14400,0.8,74,75.7,8.91,0.41,1.29,0.12,7.77,2.99,0.04,1.09
55.0,2.0,1.5,2.5,3.0,0.6,3600,0.8,97,68.0,11.65,0.67,1.42,0.12,6.09,3.89,0.04,1.13
55.0,2.0,1.5,2.5,4.5,0.6,3600,0.8,97,68.0,11.65,0.67,1.42,0.12,6.09,3.89,0.04,1.13
55.0,2.0,1.5,2.5,3.0,0.6,14400,0.8,70,68.6,8.3,0.56,1.22,0.119,9.2,2.7,0.039,1.07
55.0,2.0,1.5,2.5,4.5,0.6,14400,0.8,70,68.6,8.3,0.56,1.22,0.119,9.2,2.7,0.039,1.07
55.0,2.0,0.7,1.5,4.5,0.8,14400,0.2,72,76.4,8.51,0.39,1.26,0.118,7.95,2.75,0.038,1.08
55.0,2.0,0.7,1.5,3.0,0.8,14400,0.2,72,76.4,8.42,0.39,1.26,0.117,8.03,2.66,0.037,1.08
55.0,3.0,1.0,2.5,3.0,0.4,2400,0.8,90,68.9,10.5,0.69,1.52,0.117,8.81,3.3,0.037,1.15
55.0,3.0,1.0,2.5,4.5,0.4,2400,0.8,90,68.9,10.5,0.69,1.52,0.117,8.81,3.3,0.037,1.15
55.0,3.0,1.0,1.5,3.0,0.4,2400,0.8,90,68.9,10.4,0.69,1.52,0.116,8.81,3.2,0.036,1.14
55.0,3.0,1.0,1.5,4.5,0.4,2400,0.8,90,68.9,10.4,0.69,1.52,0.116,8.81,3.2,0.036,1.14
55.0,4.0,1.5,2.5,3.0,0.8,7200,0.8,64,71.9,7.44,0.49,1.24,0.116,10.33,2.32,0.036,1.07
55.0,4.0,1.5,2.5,4.5,0.8,7200,0.8,64,71.9,7.44,0.49,1.24,0.116,10.33,2.32,0.036,1.07
55.0,2.0,0.7,2.5,3.0,0.4,7200,0.4,74,75.7,8.47,0.4,1.26,0.114,7.32,2.55,0.034,1.07
55.0,2.0,0.7,2.5,4.5,0.4,7200,0.4,74,75.7,8.47,0.4,1.26,0.114,7.32,2.55,0.034,1.07
55.0,3.0,1.0,1.5,3.0,0.6,2400,0.8,90,68.9,10.22,0.68,1.51,0.114,8.81,3.02,0.034,1.13
55.0,3.0,1.0,1.5,4.5,0.6,2400,0.8,90,68.9,10.22,0.68,1.51,0.114,8.81,3.02,0.034,1.13
55.0,3.0,1.0,2.5,3.0,0.6,2400,0.8,90,68.9,10.24,0.68,1.51,0.114,8.81,3.04,0.034,1.13
55.0,3.0,1.0,2.5,4.5,0.6,2400,0.8,90,68.9,10.24,0.68,1.51,0.114,8.81,3.04,0.034,1.13
55.0,3.0,1.5,2.5,3.0,0.4,2400,0.8,90,68.9,10.23,0.68,1.51,0.114,8.81,3.03,0.034,1.13
55.0,3.0,1.5,2.5,4.5,0.4,2400,0.8,90,68.9,10.23,0.68,1.51,0.114,8.81,3.03,0.034,1.13
55.0,2.0,0.7,2.5,3.0,0.4,7200,0.2,72,76.4,8.11,0.39,1.25,0.113,7.32,2.35,0.033,1.07
55.0,2.0,0.7,2.5,4.5,0.4,7200,0.2,72,76.4,8.11,0.39,1.25,0.113,7.32,2.35,0.033,1.07
55.0,5.0,0.7,2.5,3.0,0.8,3600,0.8,87,77.0,9.8,0.43,1.43,0.113,12.72,2.84,0.033,1.11
55.0,5.0,0.7,2.5,4.5,0.8,3600,0.8,87,77.0,9.8,0.43,1.43,0.113,12.72,2.84,0.033,1.11
55.0,2.0,0.7,2.5,3.0,0.6,7200,0.4,74,75.7,8.28,0.4,1.25,0.112,7.44,2.36,0.032,1.07
55.0,2.0,0.7,2.5,4.5,0.6,7200,0.4,74,75.7,8.28,0.4,1.25,0.112,7.44,2.36,0.032,1.07
55.0,2.0,1.5,2.5,3.0,0.4,3600,0.8,97,68.0,10.83,0.65,1.39,0.112,6.09,3.07,0.032,1.1
55.0,2.0,1.5,2.5,4.5,0.4,3600,0.8,97,68.0,10.83,0.65,1.39,0.112,6.09,3.07,0.032,1.1
55.0,3.0,1.0,1.5,3.0,0.8,2400,0.8,90,68.9,10.05,0.68,1.5,0.112,8.81,2.85,0.032,1.13
55.0,3.0,1.0,1.5,4.5,0.8,2400,0.8,90,68.9,10.05,0.68,1.5,0.112,8.81,2.85,0.032,1.13
55.0,3.0,1.0,2.5,3.0,0.8,2400,0.8,90,68.9,10.0,0.68,1.5,0.111,8.81,2.8,0.031,1.12
55.0,3.0,1.0,2.5,4.5,0.8,2400,0.8,90,68.9,10.0,0.68,1.5,0.111,8.81,2.8,0.031,1.12
55.0,5.0,0.7,1.5,3.0,0.8,3600,0.8,87,77.0,9.66,0.42,1.42,0.111,12.81,2.7,0.031,1.11
55.0,5.0,0.7,1.5,4.5,0.8,3600,0.8,87,77.0,9.66,0.42,1.42,0.111,12.81,2.7,0.031,1.11
55.0,2.0,0.7,2.5,3.0,0.6,7200,0.2,72,76.4,7.92,0.38,1.24,0.11,7.44,2.16,0.03,1.06
55.0,2.0,0.7,2.5,4.5,0.6,7200,0.2,72,76.4,7.92,0.38,1.24,0.11,7.44,2.16,0.03,1.06
55.0,3.0,1.5,2.5,3.0,0.6,2400,0.8,90,68.9,9.48,0.66,1.47,0.105,8.81,2.28,0.025,1.1
55.0,3.0,1.5,2.5,4.5,0.6,2400,0.8,90,68.9,9.48,0.66,1.47,0.105,8.81,2.28,0.025,1.1
55.0,2.0,1.0,2.5,3.0,0.4,3600,0.8,97,68.0,9.91,0.64,1.36,0.102,6.09,2.15,0.022,1.07
55.0,2.0,1.0,2.5,4.5,0.4,3600,0.8,97,68.0,9.91,0.64,1.36,0.102,6.09,2.15,0.022,1.07
55.0,2.0,1.5,2.5,3.0,0.4,14400,0.8,70,68.6,7.13,0.54,1.19,0.102,8.8,1.53,0.022,1.04
55.0,2.0,1.5,2.5,3.0,0.6,7200,0.4,67,67.2,6.85,0.57,1.16,0.102,11.05,1.49,0.022,1.03
55.0,2.0,1.5,2.5,4.5,0.4,14400,0.8,70,68.6,7.13,0.54,1.19,0.102,8.8,1.53,0.022,1.04
55.0,2.0,1.5,2.5,4.5,0.6,7200,0.4,67,67.2,6.85,0.57,1.16,0.102,11.05,1.49,0.022,1.03
55.0,2.0,1.5,2.5,4.5,0.8,14400,0.8,70,68.6,7.16,0.54,1.19,0.102,9.6,1.56,0.022,1.04
55.0,2.0,0.7,1.5,3.0,0.4,7200,0.4,74,75.7,7.44,0.39,1.23,0.101,7.55,1.52,0.021,1.04
55.0,2.0,0.7,1.5,4.5,0.4,7200,0.4,74,75.7,7.44,0.39,1.23,0.101,7.55,1.52,0.021,1.04
55.0,2.0,1.0,2.5,3.0,0.4,14400,0.8,70,68.6,7.04,0.54,1.18,0.101,8.35,1.44,0.021,1.04
55.0,2.0,1.0,2.5,4.5,0.4,14400,0.8,70,68.6,7.04,0.54,1.18,0.101,8.35,1.44,0.021,1.04
55.0,2.0,1.5,2.5,3.0,0.8,14400,0.8,70,68.6,7.07,0.54,1.18,0.101,9.6,1.47,0.021,1.04
55.0,2.0,0.7,2.5,3.0,0.4,3600,0.8,98,70.4,9.84,0.6,1.42,0.1,5.13,2.0,0.02,1.08
55.0,2.0,0.7,2.5,4.5,0.4,3600,0.8,98,70.4,9.84,0.6,1.42,0.1,5.13,2.0,0.02,1.08
55.0,2.0,1.0,2.5,3.0,0.4,3600,0.4,79,65.8,7.92,0.63,1.21,0.1,7.82,1.6,0.02,1.04
55.0,2.0,1.0,2.5,4.5,0.4,3600,0.4,79,65.8,7.92,0.63,1.21,0.1,7.82,1.6,0.02,1.04
55.0,4.0,0.7,2.5,3.0,0.8,3600,0.8,88,75.0,8.77,0.46,1.38,0.1,10.07,1.73,0.02,1.07
55.0,4.0,0.7,2.5,4.5,0.8,3600,0.8,88,75.0,8.77,0.46,1.38,0.1,10.07,1.73,0.02,1.07
55.0,2.0,0.7,1.5,3.0,0.4,3600,0.8,98,70.4,9.7,0.59,1.41,0.099,5.13,1.86,0.019,1.07
55.0,2.0,0.7,1.5,4.5,0.4,3600,0.8,98,70.4,9.7,0.59,1.41,0.099,5.13,1.86,0.019,1.07
55.0,2.0,0.7,2.5,3.0,0.8,7200,0.4,74,75.7,7.31,0.39,1.22,0.099,7.56,1.39,0.019,1.04
55.0,2.0,0.7,2.5,4.5,0.8,7200,0.4,74,75.7,7.31,0.39,1.22,0.099,7.56,1.39,0.019,1.04
55.0,2.0,1.0,1.5,3.0,0.4,3600,0.8,97,68.0,9.61,0.63,1.35,0.099,6.09,1.85,0.019,1.06
55.0,2.0,1.0,1.5,4.5,0.4,3600,0.8,97,68.0,9.61,0.63,1.35,0.099,6.09,1.85,0.019,1.06
55.0,2.0,1.5,2.5,3.0,0.6,14400,0.4,66,68.2,6.56,0.54,1.16,0.099,11.05,1.28,0.019,1.03
55.0,2.0,1.5,2.5,4.5,0.6,14400,0.4,66,68.2,6.56,0.54,1.16,0.099,11.05,1.28,0.019,1.03
55.0,2.0,0.7,1.5,3.0,0.4,7200,0.2,72,76.4,7.07,0.38,1.21,0.098,7.58,1.32,0.018,1.04
55.0,2.0,0.7,1.5,3.0,0.6,7200,0.4,74,75.7,7.29,0.39,1.22,0.099,7.67,1.37,0.018,1.04
55.0,2.0,0.7,1.5,4.5,0.4,7200,0.2,72,76.4,7.07,0.38,1.21,0.098,7.58,1.32,0.018,1.04
55.0,2.0,0.7,1.5,4.5,0.6,7200,0.4,74,75.7,7.29,0.39,1.22,0.099,7.67,1.37,0.018,1.04
55.0,4.0,0.7,1.5,3.0,0.8,3600,0.8,88,75.0,8.63,0.46,1.37,0.098,10.16,1.59,0.018,1.06
55.0,4.0,0.7,1.5,4.5,0.8,3600,0.8,88,75.0,8.63,0.46,1.37,0.098,10.16,1.59,0.018,1.06
55.0,2.0,0.7,2.5,3.0,0.8,7200,0.2,72,76.4,6.95,0.37,1.21,0.097,7.56,1.19,0.017,1.03
55.0,2.0,0.7,2.5,4.5,0.8,7200,0.2,72,76.4,6.95,0.37,1.21,0.097,7.56,1.19,0.017,1.03
55.0,2.0,1.0,2.5,3.0,0.4,1200,0.4,85,58.8,8.21,0.92,1.31,0.097,7.92,1.41,0.017,1.05
55.0,2.0,1.0,2.5,4.5,0.4,1200,0.4,85,58.8,8.21,0.92,1.31,0.097,7.92,1.41,0.017,1.05
55.0,2.0,1.5,2.5,3.0,0.6,2400,0.4,79,67.1,7.63,0.59,1.21,0.097,7.89,1.31,0.017,1.03
55.0,2.0,1.5,2.5,4.5,0.6,2400,0.4,79,67.1,7.63,0.59,1.21,0.097,7.89,1.31,0.017,1.03
55.0,4.0,1.5,2.5,3.0,0.8,2400,0.8,89,69.7,8.61,0.61,1.41,0.097,12.08,1.5,0.017,1.06
55.0,4.0,1.5,2.5,4.5,0.8,2400,0.8,89,69.7,8.61,0.61,1.41,0.097,12.08,1.5,0.017,1.06
55.0,2.0,0.7,1.5,3.0,0.6,7200,0.2,72,76.4,6.92,0.37,1.21,0.096,7.7,1.16,0.016,1.03
55.0,2.0,0.7,1.5,4.5,0.6,7200,0.2,72,76.4,6.92,0.37,1.21,0.096,7.7,1.16,0.016,1.03
55.0,2.0,0.7,2.5,3.0,0.6,3600,0.8,98,70.4,9.45,0.59,1.4,0.096,5.13,1.61,0.016,1.06
55.0,2.0,0.7,2.5,4.5,0.6,3600,0.8,98,70.4,9.45,0.59,1.4,0.096,5.13,1.61,0.016,1.06
55.0,2.0,1.0,1.5,3.0,0.4,3600,0.4,79,65.8,7.62,0.63,1.2,0.096,7.82,1.3,0.016,1.03
55.0,2.0,1.0,1.5,4.5,0.4,3600,0.4,79,65.8,7.62,0.63,1.2,0.096,7.82,1.3,0.016,1.03
55.0,2.0,1.0,2.5,3.0,0.6,3600,0.4,79,65.8,7.59,0.62,1.2,0.096,7.82,1.27,0.016,1.03
55.0,2.0,1.0,2.5,3.0,0.6,3600,0.8,97,68.0,9.28,0.63,1.34,0.096,6.09,1.52,0.016,1.05
55.0,2.0,1.0,2.5,4.5,0.6,3600,0.4,79,65.8,7.59,0.62,1.2,0.096,7.82,1.27,0.016,1.03
55.0,2.0,1.0,2.5,4.5,0.6,3600,0.8,97,68.0,9.28,0.63,1.34,0.096,6.09,1.52,0.016,1.05
55.0,2.0,1.5,2.5,3.0,0.8,7200,0.4,67,67.2,6.34,0.56,1.15,0.095,11.45,0.98,0.015,1.02
55.0,2.0,1.5,2.5,4.5,0.8,7200,0.4,67,67.2,6.34,0.56,1.15,0.095,11.45,0.98,0.015,1.02
55.0,2.0,0.7,1.5,3.0,0.6,3600,0.8,98,70.4,9.24,0.58,1.39,0.094,5.13,1.4,0.014,1.05
55.0,2.0,0.7,1.5,4.5,0.6,3600,0.8,98,70.4,9.24,0.58,1.39,0.094,5.13,1.4,0.014,1.05
55.0,2.0,0.7,2.5,3.0,0.4,3600,0.2,74,77.0,6.85,0.36,1.2,0.093,9.12,0.93,0.013,1.03
55.0,2.0,0.7,2.5,4.5,0.4,3600,0.2,74,77.0,6.85,0.36,1.2,0.093,9.12,0.93,0.013,1.03
55.0,2.0,1.0,1.5,3.0,0.4,1200,0.4,85,58.8,7.91,0.91,1.3,0.093,7.92,1.11,0.013,1.04
55.0,2.0,1.0,1.5,3.0,0.6,3600,0.8,97,68.0,8.98,0.62,1.33,0.093,6.09,1.22,0.013,1.04
55.0,2.0,1.0,1.5,4.5,0.4,1200,0.4,85,58.8,7.91,0.91,1.3,0.093,7.92,1.11,0.013,1.04
55.0,2.0,1.0,1.5,4.5,0.6,3600,0.8,97,68.0,8.98,0.62,1.33,0.093,6.09,1.22,0.013,1.04
55.0,2.0,1.5,2.5,3.0,0.4,,0.4,65,67.7,6.03,0.55,1.14,0.093,10.65,0.83,0.013,1.02
55.0,2.0,1.5,2.5,4.5,0.4,,0.4,65,67.7,6.03,0.55,1.14,0.093,10.65,0.83,0.013,1.02
55.0,2.0,1.0,1.5,3.0,0.6,3600,0.4,79,65.8,7.3,0.62,1.2,0.092,7.82,0.98,0.012,1.02
55.0,2.0,1.0,1.5,4.5,0.6,3600,0.4,79,65.8,7.3,0.62,1.2,0.092,7.82,0.98,0.012,1.02
55.0,2.0,1.5,2.5,3.0,0.4,14400,0.4,66,68.2,6.1,0.53,1.15,0.092,10.65,0.82,0.012,1.02
55.0,2.0,1.5,2.5,3.0,0.6,7200,0.2,65,67.7,6.01,0.55,1.14,0.092,11.05,0.81,0.012,1.02
55.0,2.0,1.5,2.5,4.5,0.4,14400,0.4,66,68.2,6.1,0.53,1.15,0.092,10.65,0.82,0.012,1.02
55.0,2.0,1.5,2.5,4.5,0.6,7200,0.2,65,67.7,6.01,0.55,1.14,0.092,11.05,0.81,0.012,1.02
55.0,2.0,0.7,1.5,3.0,0.4,3600,0.2,74,77.0,6.71,0.36,1.2,0.091,9.21,0.79,0.011,1.02
55.0,2.0,0.7,1.5,4.5,0.4,3600,0.2,74,77.0,6.71,0.36,1.2,0.091,9.21,0.79,0.011,1.02
55.0,2.0,0.7,2.5,3.0,0.6,3600,0.2,74,77.0,6.71,0.36,1.2,0.091,9.12,0.79,0.011,1.02
55.0,2.0,0.7,2.5,4.5,0.6,3600,0.2,74,77.0,6.71,0.36,1.2,0.091,9.12,0.79,0.011,1.02
55.0,2.0,1.0,2.5,3.0,0.6,1200,0.4,85,58.8,7.72,0.9,1.29,0.091,7.92,0.91,0.011,1.03
55.0,2.0,1.0,2.5,3.0,0.6,14400,0.8,70,68.6,6.37,0.53,1.17,0.091,8.47,0.77,0.011,1.02
55.0,2.0,1.0,2.5,3.0,0.8,3600,0.4,79,65.8,7.2,0.62,1.19,0.091,7.82,0.88,0.011,1.02
55.0,2.0,1.0,2.5,4.5,0.6,1200,0.4,85,58.8,7.72,0.9,1.29,0.091,7.92,0.91,0.011,1.03
55.0,2.0,1.0,2.5,4.5,0.6,14400,0.8,70,68.6,6.37,0.53,1.17,0.091,8.47,0.77,0.011,1.02
55.0,2.0,1.0,2.5,4.5,0.8,3600,0.4,79,65.8,7.2,0.62,1.19,0.091,7.82,0.88,0.011,1.02
55.0,2.0,0.7,2.5,3.0,0.4,3600,0.4,87,72.4,7.86,0.48,1.25,0.09,8.13,0.9,0.01,1.03
55.0,2.0,0.7,2.5,4.5,0.4,3600,0.4,87,72.4,7.86,0.48,1.25,0.09,8.13,0.9,0.01,1.03
55.0,2.0,1.5,2.5,3.0,0.4,7200,0.4,67,67.2,6.02,0.56,1.14,0.09,10.65,0.66,0.01,1.02
55.0,2.0,1.5,2.5,3.0,0.4,14400,0.2,65,67.7,5.85,0.54,1.14,0.09,10.65,0.65,0.01,1.01
55.0,2.0,1.5,2.5,3.0,0.6,14400,0.2,65,67.7,5.83,0.54,1.14,0.09,11.05,0.63,0.01,1.01
55.0,2.0,1.5,2.5,4.5,0.4,7200,0.4,67,67.2,6.02,0.56,1.14,0.09,10.65,0.66,0.01,1.02
55.0,2.0,1.5,2.5,4.5,0.4,14400,0.2,65,67.7,5.85,0.54,1.14,0.09,10.65,0.65,0.01,1.01
55.0,2.0,1.5,2.5,4.5,0.6,14400,0.2,65,67.7,5.83,0.54,1.14,0.09,11.05,0.63,0.01,1.01
55.0,2.0,0.7,1.5,3.0,0.4,3600,0.4,87,72.4,7.71,0.47,1.25,0.089,8.13,0.75,0.009,1.02
55.0,2.0,0.7,1.5,4.5,0.4,3600,0.4,87,72.4,7.71,0.47,1.25,0.089,8.13,0.75,0.009,1.02
55.0,2.0,1.0,1.5,3.0,0.8,3600,0.4,79,65.8,7.05,0.62,1.19,0.089,7.82,0.73,0.009,1.02
55.0,2.0,1.0,1.5,4.5,0.8,3600,0.4,79,65.8,7.05,0.62,1.19,0.089,7.82,0.73,0.009,1.02
55.0,2.0,0.7,1.5,3.0,0.6,3600,0.2,74,77.0,6.51,0.36,1.19,0.088,9.21,0.59,0.008,1.02
55.0,2.0,0.7,1.5,3.0,0.8,7200,0.4,74,75.7,6.53,0.38,1.2,0.088,7.79,0.61,0.008,1.02
55.0,2.0,0.7,1.5,4.5,0.6,3600,0.2,74,77.0,6.51,0.36,1.19,0.088,9.21,0.59,0.008,1.02
55.0,2.0,0.7,1.5,4.5,0.8,7200,0.4,74,75.7,6.53,0.38,1.2,0.088,7.79,0.61,0.008,1.02
55.0,2.0,0.7,2.5,3.0,0.6,3600,0.4,87,72.4,7.65,0.47,1.24,0.088,8.13,0.69,0.008,1.02
55.0,2.0,0.7,2.5,4.5,0.6,3600,0.4,87,72.4,7.65,0.47,1.24,0.088,8.13,0.69,0.008,1.02
55.0,2.0,1.0,1.5,3.0,0.6,1200,0.4,85,58.8,7.49,0.9,1.28,0.088,7.92,0.69,0.008,1.02
55.0,2.0,1.0,1.5,4.5,0.6,1200,0.4,85,58.8,7.49,0.9,1.28,0.088,7.92,0.69,0.008,1.02
55.0,2.0,1.5,2.5,3.0,0.8,3600,0.8,97,68.0,8.53,0.61,1.31,0.088,6.09,0.77,0.008,1.03
55.0,2.0,1.5,2.5,4.5,0.8,3600,0.8,97,68.0,8.53,0.61,1.31,0.088,6.09,0.77,0.008,1.03
55.0,2.0,1.5,2.5,4.5,0.8,14400,0.4,66,68.2,5.83,0.53,1.14,0.088,11.45,0.55,0.008,1.01
55.0,2.0,1.5,2.5,3.0,0.4,7200,0.2,65,67.7,5.66,0.54,1.13,0.087,10.65,0.46,0.007,1.01
55.0,2.0,1.5,2.5,3.0,0.8,14400,0.4,66,68.2,5.75,0.53,1.14,0.087,11.45,0.47,0.007,1.01
55.0,2.0,1.5,2.5,4.5,0.4,7200,0.2,65,67.7,5.66,0.54,1.13,0.087,10.65,0.46,0.007,1.01
55.0,2.0,0.7,1.5,3.0,0.6,3600,0.4,87,72.4,7.44,0.47,1.24,0.086,8.13,0.49,0.006,1.01
55.0,2.0,0.7,1.5,3.0,0.8,7200,0.2,72,76.4,6.17,0.37,1.19,0.086,7.82,0.41,0.006,1.01
55.0,2.0,0.7,1.5,4.5,0.6,3600,0.4,87,72.4,7.44,0.47,1.24,0.086,8.13,0.49,0.006,1.01
55.0,2.0,0.7,1.5,4.5,0.8,7200,0.2,72,76.4,6.17,0.37,1.19,0.086,7.82,0.41,0.006,1.01
55.0,2.0,0.7,2.5,3.0,0.8,3600,0.2,74,77.0,6.35,0.35,1.19,0.086,9.12,0.43,0.006,1.01
55.0,2.0,0.7,2.5,4.5,0.8,3600,0.2,74,77.0,6.35,0.35,1.19,0.086,9.12,0.43,0.006,1.01
55.0,2.0,1.0,2.5,3.0,0.8,1200,0.4,85,58.8,7.32,0.89,1.27,0.086,7.92,0.52,0.006,1.02
55.0,2.0,1.0,2.5,4.5,0.8,1200,0.4,85,58.8,7.32,0.89,1.27,0.086,7.92,0.52,0.006,1.02
55.0,2.0,1.5,2.5,3.0,0.4,1200,0.4,85,58.8,7.34,0.89,1.28,0.086,7.96,0.54,0.006,1.02
55.0,2.0,1.5,2.5,4.5,0.4,1200,0.4,85,58.8,7.34,0.89,1.28,0.086,7.96,0.54,0.006,1.02
55.0,2.0,0.7,2.5,3.0,0.8,3600,0.8,98,70.4,8.36,0.57,1.35,0.085,5.13,0.52,0.005,1.02
55.0,2.0,0.7,2.5,4.5,0.8,3600,0.8,98,70.4,8.36,0.57,1.35,0.085,5.13,0.52,0.005,1.02
55.0,2.0,0.7,1.5,3.0,0.8,3600,0.2,74,77.0,6.22,0.35,1.18,0.084,9.21,0.3,0.004,1.01
55.0,2.0,0.7,1.5,3.0,0.8,3600,0.8,98,70.4,8.23,0.57,1.35,0.084,5.13,0.39,0.004,1.01
55.0,2.0,0.7,1.5,4.5,0.8,3600,0.2,74,77.0,6.22,0.35,1.18,0.084,9.21,0.3,0.004,1.01
55.0,2.0,0.7,1.5,4.5,0.8,3600,0.8,98,70.4,8.23,0.57,1.35,0.084,5.13,0.39,0.004,1.01
55.0,2.0,0.7,2.5,3.0,0.4,,0.4,65,67.7,5.44,0.55,1.15,0.084,8.47,0.24,0.004,1.01
55.0,2.0,0.7,2.5,3.0,0.8,3600,0.4,87,72.4,7.29,0.47,1.23,0.084,8.13,0.33,0.004,1.01
55.0,2.0,0.7,2.5,4.5,0.4,,0.4,65,67.7,5.44,0.55,1.15,0.084,8.47,0.24,0.004,1.01
55.0,2.0,0.7,2.5,4.5,0.8,3600,0.4,87,72.4,7.29,0.47,1.23,0.084,8.13,0.33,0.004,1.01
55.0,2.0,1.0,1.5,3.0,0.8,1200,0.4,85,58.8,7.17,0.89,1.27,0.084,7.92,0.37,0.004,1.01
55.0,2.0,1.0,1.5,4.5,0.8,1200,0.4,85,58.8,7.17,0.89,1.27,0.084,7.92,0.37,0.004,1.01
55.0,2.0,1.5,2.5,3.0,0.6,3600,0.2,66,68.2,5.52,0.53,1.13,0.084,11.05,0.24,0.004,1.01
55.0,2.0,1.5,2.5,3.0,0.8,2400,0.4,79,67.1,6.6,0.58,1.18,0.084,8.09,0.28,0.004,1.01
55.0,2.0,1.5,2.5,4.5,0.6,3600,0.2,66,68.2,5.52,0.53,1.13,0.084,11.05,0.24,0.004,1.01
55.0,2.0,1.5,2.5,4.5,0.8,2400,0.4,79,67.1,6.6,0.58,1.18,0.084,8.09,0.28,0.004,1.01
55.0,5.0,0.7,1.5,3.0,0.4,1200,0.4,87,66.7,7.32,0.66,1.32,0.084,10.15,0.36,0.004,1.01
55.0,5.0,0.7,1.5,4.5,0.4,1200,0.4,87,66.7,7.32,0.66,1.32,0.084,10.15,0.36,0.004,1.01
55.0,5.0,0.7,2.5,3.0,0.4,1200,0.4,87,66.7,7.32,0.66,1.32,0.084,10.15,0.36,0.004,1.01
55.0,5.0,0.7,2.5,4.5,0.4,1200,0.4,87,66.7,7.32,0.66,1.32,0.084,10.15,0.36,0.004,1.01
55.0,5.0,0.7,1.5,3.0,0.6,1200,0.4,87,66.7,7.2,0.66,1.31,0.083,10.15,0.24,0.003,1.01
55.0,5.0,0.7,1.5,4.5,0.6,1200,0.4,87,66.7,7.2,0.66,1.31,0.083,10.15,0.24,0.003,1.01
55.0,5.0,0.7,2.5,3.0,0.6,1200,0.4,87,66.7,7.2,0.66,1.31,0.083,10.15,0.24,0.003,1.01
55.0,5.0,0.7,2.5,4.5,0.6,1200,0.4,87,66.7,7.2,0.66,1.31,0.083,10.15,0.24,0.003,1.01
55.0,2.0,0.7,1.5,3.0,0.8,3600,0.4,87,72.4,7.16,0.47,1.23,0.082,8.13,0.2,0.002,1.01
55.0,2.0,0.7,1.5,4.5,0.8,3600,0.4,87,72.4,7.16,0.47,1.23,0.082,8.13,0.2,0.002,1.01
55.0,2.0,1.0,2.5,3.0,0.4,14400,0.2,65,67.7,5.36,0.54,1.13,0.082,10.19,0.16,0.002,1.0
55.0,2.0,1.0,2.5,3.0,0.4,14400,0.4,66,68.2,5.39,0.53,1.13,0.082,10.19,0.11,0.002,1.0
55.0,2.0,1.0,2.5,3.0,0.4,,0.4,65,67.7,5.32,0.54,1.13,0.082,10.39,0.12,0.002,1.0
55.0,2.0,1.0,2.5,3.0,0.8,3600,0.8,97,68.0,7.92,0.6,1.29,0.082,6.09,0.16,0.002,1.01
55.0,2.0,1.0,2.5,4.5,0.4,14400,0.2,65,67.7,5.36,0.54,1.13,0.082,10.19,0.16,0.002,1.0
55.0,2.0,1.0,2.5,4.5,0.4,14400,0.4,66,68.2,5.39,0.53,1.13,0.082,10.19,0.11,0.002,1.0
55.0,2.0,1.0,2.5,4.5,0.4,,0.4,65,67.7,5.32,0.54,1.13,0.082,10.39,0.12,0.002,1.0
55.0,2.0,1.0,2.5,4.5,0.8,3600,0.8,97,68.0,7.92,0.6,1.29,0.082,6.09,0.16,0.002,1.01
55.0,2.0,1.5,2.5,3.0,0.6,1200,0.4,85,58.8,7.0,0.88,1.26,0.082,8.56,0.2,0.002,1.01
55.0,2.0,1.5,2.5,3.0,0.8,7200,0.2,65,67.7,5.3,0.54,1.13,0.082,11.45,0.1,0.002,1.0
55.0,2.0,1.5,2.5,4.5,0.6,1200,0.4,85,58.8,7.0,0.88,1.26,0.082,8.56,0.2,0.002,1.01
55.0,2.0,1.5,2.5,4.5,0.8,7200,0.2,65,67.7,5.3,0.54,1.13,0.082,11.45,0.1,0.002,1.0
55.0,2.0,1.5,2.5,3.0,0.6,,0.4,65,67.7,5.28,0.54,1.13,0.081,11.05,0.08,0.001,1.0
55.0,2.0,1.5,2.5,4.5,0.6,,0.4,65,67.7,5.28,0.54,1.13,0.081,11.05,0.08,0.001,1.0
55.0,5.0,0.7,1.5,3.0,0.8,1200,0.4,87,66.7,7.08,0.65,1.31,0.081,10.15,0.12,0.001,1.0
55.0,5.0,0.7,1.5,4.5,0.8,1200,0.4,87,66.7,7.08,0.65,1.31,0.081,10.15,0.12,0.001,1.0
55.0,5.0,0.7,2.5,3.0,0.8,1200,0.4,87,66.7,7.08,0.65,1.31,0.081,10.15,0.12,0.001,1.0
55.0,5.0,0.7,2.5,4.5,0.8,1200,0.4,87,66.7,7.08,0.65,1.31,0.081,10.15,0.12,0.001,1.0
55.0,2.0,1.0,1.5,3.0,0.4,14400,0.8,70,68.6,5.6,0.53,1.15,0.08,8.35,-0.0,-0.0,1.0
55.0,2.0,1.0,1.5,3.0,0.8,3600,0.8,97,68.0,7.77,0.6,1.28,0.08,6.09,0.01,0.0,1.0
55.0,2.0,1.0,1.5,4.5,0.4,14400,0.8,70,68.6,5.6,0.53,1.15,0.08,8.35,-0.0,-0.0,1.0
55.0,2.0,1.0,1.5,4.5,0.8,3600,0.8,97,68.0,7.77,0.6,1.28,0.08,6.09,0.01,0.0,1.0
55.0,2.0,1.0,2.5,3.0,0.4,7200,0.4,67,67.2,5.35,0.55,1.13,0.08,10.19,-0.01,-0.0,1.0
55.0,2.0,1.0,2.5,4.5,0.4,7200,0.4,67,67.2,5.35,0.55,1.13,0.08,10.19,-0.01,-0.0,1.0
55.0,2.0,1.5,2.5,3.0,0.8,,0.4,65,67.7,5.09,0.54,1.12,0.078,11.45,-0.11,-0.002,1.0
55.0,2.0,1.5,2.5,3.0,0.8,3600,0.2,66,68.2,5.06,0.52,1.12,0.077,11.45,-0.22,-0.003,0.99
55.0,2.0,1.5,2.5,4.5,0.8,3600,0.2,66,68.2,5.06,0.52,1.12,0.077,11.45,-0.22,-0.003,0.99
55.0,2.0,1.0,2.5,3.0,0.4,7200,0.2,65,67.7,4.96,0.53,1.12,0.076,10.19,-0.24,-0.004,0.99
55.0,2.0,1.0,2.5,4.5,0.4,7200,0.2,65,67.7,4.96,0.53,1.12,0.076,10.19,-0.24,-0.004,0.99
55.0,2.0,1.5,2.5,3.0,0.4,3600,0.2,66,68.2,4.99,0.52,1.12,0.076,10.65,-0.29,-0.004,0.99
55.0,2.0,1.5,2.5,4.5,0.4,3600,0.2,66,68.2,4.99,0.52,1.12,0.076,10.65,-0.29,-0.004,0.99
55.0,2.0,1.5,2.5,4.5,0.8,,0.4,65,67.7,4.93,0.53,1.12,0.076,11.45,-0.27,-0.004,0.99
55.0,2.0,1.0,2.5,4.5,0.8,14400,0.8,70,68.6,5.28,0.52,1.14,0.075,8.59,-0.32,-0.005,0.99
55.0,2.0,1.5,2.5,3.0,0.4,2400,0.4,79,67.1,5.89,0.57,1.16,0.075,7.69,-0.43,-0.005,0.99
55.0,2.0,1.5,2.5,4.5,0.4,2400,0.4,79,67.1,5.89,0.57,1.16,0.075,7.69,-0.43,-0.005,0.99
55.0,2.0,1.5,2.5,4.5,0.8,14400,0.2,65,67.7,4.9,0.53,1.12,0.075,11.45,-0.3,-0.005,0.99
55.0,2.0,1.0,1.5,3.0,0.6,14400,0.8,70,68.6,5.2,0.52,1.14,0.074,8.47,-0.41,-0.006,0.99
55.0,2.0,1.0,1.5,4.5,0.6,14400,0.8,70,68.6,5.2,0.52,1.14,0.074,8.47,-0.41,-0.006,0.99
55.0,2.0,1.0,2.5,3.0,0.8,14400,0.8,70,68.6,5.2,0.52,1.14,0.074,8.59,-0.4,-0.006,0.99
55.0,2.0,1.5,2.5,3.0,0.8,14400,0.2,65,67.7,4.81,0.53,1.11,0.074,11.45,-0.39,-0.006,0.99
55.0,2.0,1.5,2.5,3.0,0.8,1200,0.4,85,58.8,6.17,0.86,1.23,0.073,9.16,-0.63,-0.007,0.98
55.0,2.0,1.5,2.5,4.5,0.8,1200,0.4,85,58.8,6.17,0.86,1.23,0.073,9.16,-0.63,-0.007,0.98
55.0,2.0,1.0,2.5,3.0,0.6,7200,0.4,67,67.2,4.82,0.54,1.11,0.072,10.31,-0.54,-0.008,0.99
55.0,2.0,1.0,2.5,3.0,0.6,14400,0.4,66,68.2,4.72,0.52,1.11,0.072,10.31,-0.56,-0.008,0.99
55.0,2.0,1.0,2.5,4.5,0.6,7200,0.4,67,67.2,4.82,0.54,1.11,0.072,10.31,-0.54,-0.008,0.99
55.0,2.0,1.0,2.5,4.5,0.6,14400,0.4,66,68.2,4.72,0.52,1.11,0.072,10.31,-0.56,-0.008,0.99
55.0,3.0,0.7,1.5,3.0,0.4,2400,0.8,91,70.3,6.4,0.56,1.32,0.07,8.81,-0.88,-0.01,0.96
55.0,3.0,0.7,1.5,4.5,0.4,2400,0.8,91,70.3,6.4,0.56,1.32,0.07,8.81,-0.88,-0.01,0.96
55.0,3.0,0.7,2.5,3.0,0.4,2400,0.8,91,70.3,6.34,0.56,1.32,0.07,8.81,-0.94,-0.01,0.96
55.0,3.0,0.7,2.5,4.5,0.4,2400,0.8,91,70.3,6.34,0.56,1.32,0.07,8.81,-0.94,-0.01,0.96
55.0,2.0,1.0,2.5,3.0,0.6,14400,0.2,65,67.7,4.47,0.53,1.11,0.069,10.31,-0.73,-0.011,0.98
55.0,2.0,1.0,2.5,4.5,0.6,14400,0.2,65,67.7,4.47,0.53,1.11,0.069,10.31,-0.73,-0.011,0.98
55.0,3.0,0.7,1.5,3.0,0.6,2400,0.8,91,70.3,6.28,0.55,1.32,0.069,8.81,-1.0,-0.011,0.96
55.0,3.0,0.7,1.5,4.5,0.6,2400,0.8,91,70.3,6.28,0.55,1.32,0.069,8.81,-1.0,-0.011,0.96
55.0,2.0,1.0,1.5,4.5,0.8,14400,0.8,70,68.6,4.75,0.52,1.12,0.068,8.59,-0.85,-0.012,0.98
55.0,2.0,1.0,2.5,3.0,0.6,7200,0.2,65,67.7,4.43,0.53,1.11,0.068,10.31,-0.77,-0.012,0.98
55.0,2.0,1.0,2.5,4.5,0.6,7200,0.2,65,67.7,4.43,0.53,1.11,0.068,10.31,-0.77,-0.012,0.98
55.0,3.0,0.7,1.5,3.0,0.8,2400,0.8,91,70.3,6.16,0.55,1.31,0.068,8.81,-1.12,-0.012,0.95
55.0,3.0,0.7,1.5,4.5,0.8,2400,0.8,91,70.3,6.16,0.55,1.31,0.068,8.81,-1.12,-0.012,0.95
55.0,3.0,0.7,2.5,3.0,0.6,2400,0.8,91,70.3,6.22,0.55,1.31,0.068,8.81,-1.06,-0.012,0.95
55.0,3.0,0.7,2.5,4.5,0.6,2400,0.8,91,70.3,6.22,0.55,1.31,0.068,8.81,-1.06,-0.012,0.95
55.0,2.0,1.0,1.5,3.0,0.8,14400,0.8,70,68.6,4.67,0.51,1.12,0.067,8.59,-0.93,-0.013,0.98
55.0,3.0,0.7,2.5,3.0,0.8,2400,0.8,91,70.3,6.1,0.55,1.31,0.067,8.81,-1.18,-0.013,0.95
55.0,3.0,0.7,2.5,4.5,0.8,2400,0.8,91,70.3,6.1,0.55,1.31,0.067,8.81,-1.18,-0.013,0.95
55.0,3.0,1.5,2.5,3.0,0.4,1200,0.8,101,56.4,6.67,1.12,1.45,0.066,3.7,-1.41,-0.014,0.92
55.0,3.0,1.5,2.5,4.5,0.4,1200,0.8,101,56.4,6.67,1.12,1.45,0.066,3.7,-1.41,-0.014,0.92
55.0,2.0,0.7,1.5,3.0,0.4,1200,0.4,92,60.9,5.96,0.81,1.26,0.065,6.26,-1.4,-0.015,0.95
55.0,2.0,0.7,1.5,4.5,0.4,1200,0.4,92,60.9,5.96,0.81,1.26,0.065,6.26,-1.4,-0.015,0.95
55.0,2.0,0.7,2.5,3.0,0.4,1200,0.4,92,60.9,5.96,0.81,1.26,0.065,6.26,-1.4,-0.015,0.95
55.0,2.0,0.7,2.5,4.5,0.4,1200,0.4,92,60.9,5.96,0.81,1.26,0.065,6.26,-1.4,-0.015,0.95
55.0,3.0,1.0,2.5,3.0,0.4,1200,0.8,101,57.4,6.54,1.07,1.44,0.065,3.7,-1.54,-0.015,0.92
55.0,3.0,1.0,2.5,4.5,0.4,1200,0.8,101,57.4,6.54,1.07,1.44,0.065,3.7,-1.54,-0.015,0.92
55.0,2.0,0.7,2.5,3.0,0.6,,0.4,65,67.7,4.18,0.53,1.11,0.064,8.71,-1.02,-0.016,0.97
55.0,2.0,0.7,2.5,4.5,0.6,,0.4,65,67.7,4.18,0.53,1.11,0.064,8.71,-1.02,-0.016,0.97
55.0,2.0,0.7,1.5,3.0,0.4,2400,0.8,98,68.4,6.18,0.6,1.29,0.063,5.54,-1.66,-0.017,0.93
55.0,2.0,0.7,1.5,3.0,0.6,1200,0.4,92,60.9,5.84,0.81,1.25,0.063,6.26,-1.52,-0.017,0.94
55.0,2.0,0.7,1.5,4.5,0.4,2400,0.8,98,68.4,6.18,0.6,1.29,0.063,5.54,-1.66,-0.017,0.93
55.0,2.0,0.7,1.5,4.5,0.6,1200,0.4,92,60.9,5.84,0.81,1.25,0.063,6.26,-1.52,-0.017,0.94
55.0,2.0,0.7,2.5,3.0,0.6,1200,0.4,92,60.9,5.84,0.81,1.25,0.063,6.26,-1.52,-0.017,0.94
55.0,2.0,0.7,2.5,3.0,0.8,,0.4,65,67.7,4.09,0.53,1.11,0.063,8.99,-1.11,-0.017,0.97
55.0,2.0,0.7,2.5,4.5,0.6,1200,0.4,92,60.9,5.84,0.81,1.25,0.063,6.26,-1.52,-0.017,0.94
55.0,3.0,1.0,1.5,3.0,0.4,1200,0.8,101,57.4,6.38,1.06,1.43,0.063,3.7,-1.7,-0.017,0.91
55.0,3.0,1.0,1.5,4.5,0.4,1200,0.8,101,57.4,6.38,1.06,1.43,0.063,3.7,-1.7,-0.017,0.91
55.0,5.0,0.7,2.5,3.0,0.4,3600,0.8,87,75.9,5.5,0.38,1.2,0.063,12.72,-1.46,-0.017,0.95
55.0,5.0,0.7,2.5,4.5,0.4,3600,0.8,87,75.9,5.5,0.38,1.2,0.063,12.72,-1.46,-0.017,0.95
55.0,2.0,0.7,1.5,3.0,0.4,2400,0.2,75,77.3,4.67,0.33,1.14,0.062,10.17,-1.33,-0.018,0.96
55.0,2.0,0.7,1.5,3.0,0.4,,0.4,65,67.7,4.02,0.53,1.11,0.062,8.47,-1.18,-0.018,0.97
55.0,2.0,0.7,1.5,3.0,0.6,2400,0.8,98,68.4,6.04,0.59,1.28,0.062,5.56,-1.8,-0.018,0.93
55.0,2.0,0.7,1.5,3.0,0.8,1200,0.4,92,60.9,5.72,0.8,1.25,0.062,6.26,-1.64,-0.018,0.94
55.0,2.0,0.7,1.5,4.5,0.4,2400,0.2,75,77.3,4.67,0.33,1.14,0.062,10.17,-1.33,-0.018,0.96
55.0,2.0,0.7,1.5,4.5,0.4,,0.4,65,67.7,4.02,0.53,1.11,0.062,8.47,-1.18,-0.018,0.97
55.0,2.0,0.7,1.5,4.5,0.6,2400,0.8,98,68.4,6.04,0.59,1.28,0.062,5.56,-1.8,-0.018,0.93
55.0,2.0,0.7,1.5,4.5,0.8,1200,0.4,92,60.9,5.72,0.8,1.25,0.062,6.26,-1.64,-0.018,0.94
55.0,2.0,0.7,2.5,3.0,0.4,2400,0.8,98,68.4,6.12,0.59,1.28,0.062,5.54,-1.72,-0.018,0.93
55.0,2.0,0.7,2.5,3.0,0.8,1200,0.4,92,60.9,5.72,0.8,1.25,0.062,6.26,-1.64,-0.018,0.94
55.0,2.0,0.7,2.5,4.5,0.4,2400,0.8,98,68.4,6.12,0.59,1.28,0.062,5.54,-1.72,-0.018,0.93
55.0,2.0,0.7,2.5,4.5,0.8,1200,0.4,92,60.9,5.72,0.8,1.25,0.062,6.26,-1.64,-0.018,0.94
55.0,2.0,1.0,1.5,3.0,0.4,7200,0.4,67,67.2,4.16,0.54,1.1,0.062,10.19,-1.2,-0.018,0.97
55.0,2.0,1.0,1.5,4.5,0.4,7200,0.4,67,67.2,4.16,0.54,1.1,0.062,10.19,-1.2,-0.018,0.97
55.0,2.0,1.0,2.5,3.0,0.6,,0.4,65,67.7,4.06,0.52,1.1,0.062,10.63,-1.14,-0.018,0.97
55.0,2.0,1.0,2.5,4.5,0.6,,0.4,65,67.7,4.06,0.52,1.1,0.062,10.63,-1.14,-0.018,0.97
55.0,3.0,1.0,2.5,3.0,0.6,1200,0.8,101,57.4,6.28,1.06,1.42,0.062,3.7,-1.8,-0.018,0.9
55.0,3.0,1.0,2.5,4.5,0.6,1200,0.8,101,57.4,6.28,1.06,1.42,0.062,3.7,-1.8,-0.018,0.9
55.0,4.0,0.7,2.5,3.0,0.4,3600,0.8,88,73.9,5.47,0.43,1.2,0.062,10.07,-1.57,-0.018,0.95
55.0,4.0,0.7,2.5,4.5,0.4,3600,0.8,88,73.9,5.47,0.43,1.2,0.062,10.07,-1.57,-0.018,0.95
55.0,5.0,0.7,1.5,3.0,0.4,3600,0.8,87,75.9,5.36,0.38,1.19,0.062,12.81,-1.6,-0.018,0.95
55.0,5.0,0.7,1.5,4.5,0.4,3600,0.8,87,75.9,5.36,0.38,1.19,0.062,12.81,-1.6,-0.018,0.95
55.0,2.0,0.7,1.5,3.0,0.6,2400,0.2,75,77.3,4.55,0.33,1.13,0.061,10.17,-1.45,-0.019,0.96
55.0,2.0,0.7,1.5,4.5,0.6,2400,0.2,75,77.3,4.55,0.33,1.13,0.061,10.17,-1.45,-0.019,0.96
55.0,2.0,0.7,2.5,3.0,0.4,2400,0.2,75,77.3,4.61,0.33,1.14,0.061,10.17,-1.39,-0.019,0.96
55.0,2.0,0.7,2.5,3.0,0.6,2400,0.8,98,68.4,5.98,0.59,1.28,0.061,5.56,-1.86,-0.019,0.92
55.0,2.0,0.7,2.5,4.5,0.4,2400,0.2,75,77.3,4.61,0.33,1.14,0.061,10.17,-1.39,-0.019,0.96
55.0,2.0,0.7,2.5,4.5,0.6,2400,0.8,98,68.4,5.98,0.59,1.28,0.061,5.56,-1.86,-0.019,0.92
55.0,2.0,1.0,2.5,3.0,0.8,,0.4,65,67.7,3.97,0.52,1.09,0.061,10.87,-1.23,-0.019,0.97
55.0,3.0,1.0,1.5,3.0,0.6,1200,0.8,101,57.4,6.2,1.05,1.42,0.061,3.7,-1.88,-0.019,0.9
55.0,3.0,1.0,1.5,4.5,0.6,1200,0.8,101,57.4,6.2,1.05,1.42,0.061,3.7,-1.88,-0.019,0.9
55.0,4.0,0.7,1.5,3.0,0.4,3600,0.8,88,73.9,5.33,0.42,1.2,0.061,10.16,-1.71,-0.019,0.94
55.0,4.0,0.7,1.5,4.5,0.4,3600,0.8,88,73.9,5.33,0.42,1.2,0.061,10.16,-1.71,-0.019,0.94
55.0,2.0,0.7,1.5,3.0,0.8,2400,0.8,98,68.4,5.92,0.59,1.28,0.06,5.56,-1.92,-0.02,0.92
55.0,2.0,0.7,1.5,4.5,0.8,2400,0.8,98,68.4,5.92,0.59,1.28,0.06,5.56,-1.92,-0.02,0.92
55.0,2.0,0.7,2.5,3.0,0.6,2400,0.2,75,77.3,4.49,0.33,1.13,0.06,10.17,-1.51,-0.02,0.96
55.0,2.0,0.7,2.5,3.0,0.8,2400,0.8,98,68.4,5.86,0.59,1.27,0.06,5.56,-1.98,-0.02,0.92
55.0,2.0,0.7,2.5,4.5,0.6,2400,0.2,75,77.3,4.49,0.33,1.13,0.06,10.17,-1.51,-0.02,0.96
55.0,2.0,0.7,2.5,4.5,0.8,2400,0.8,98,68.4,5.86,0.59,1.27,0.06,5.56,-1.98,-0.02,0.92
55.0,2.0,0.7,2.5,4.5,0.8,,0.4,65,67.7,3.93,0.53,1.11,0.06,9.06,-1.27,-0.02,0.97
55.0,2.0,1.0,1.5,3.0,0.4,14400,0.2,65,67.7,3.91,0.52,1.09,0.06,10.19,-1.29,-0.02,0.97
55.0,2.0,1.0,1.5,3.0,0.4,14400,0.4,66,68.2,3.95,0.51,1.09,0.06,10.19,-1.33,-0.02,0.97
55.0,2.0,1.0,1.5,3.0,0.4,,0.4,65,67.7,3.9,0.52,1.09,0.06,10.39,-1.3,-0.02,0.97
55.0,2.0,1.0,1.5,4.5,0.4,14400,0.2,65,67.7,3.91,0.52,1.09,0.06,10.19,-1.29,-0.02,0.97
55.0,2.0,1.0,1.5,4.5,0.4,14400,0.4,66,68.2,3.95,0.51,1.09,0.06,10.19,-1.33,-0.02,0.97
55.0,2.0,1.0,1.5,4.5,0.4,,0.4,65,67.7,3.9,0.52,1.09,0.06,10.39,-1.3,-0.02,0.97
55.0,3.0,1.0,1.5,3.0,0.8,1200,0.8,101,57.4,6.03,1.04,1.41,0.06,3.7,-2.05,-0.02,0.89
55.0,3.0,1.0,1.5,4.5,0.8,1200,0.8,101,57.4,6.03,1.04,1.41,0.06,3.7,-2.05,-0.02,0.89
55.0,3.0,1.0,2.5,3.0,0.8,1200,0.8,101,57.4,6.04,1.04,1.41,0.06,3.7,-2.04,-0.02,0.89
55.0,3.0,1.0,2.5,4.5,0.8,1200,0.8,101,57.4,6.04,1.04,1.41,0.06,3.7,-2.04,-0.02,0.89
55.0,2.0,0.7,1.5,3.0,0.8,2400,0.2,75,77.3,4.43,0.33,1.13,0.059,10.17,-1.57,-0.021,0.96
55.0,2.0,0.7,1.5,4.5,0.8,2400,0.2,75,77.3,4.43,0.33,1.13,0.059,10.17,-1.57,-0.021,0.96
55.0,2.0,1.0,2.5,4.5,0.8,,0.4,65,67.7,3.81,0.52,1.09,0.059,10.87,-1.39,-0.021,0.97
55.0,4.0,1.0,2.5,3.0,0.4,2400,0.8,89,68.5,5.23,0.55,1.21,0.059,12.08,-1.89,-0.021,0.93
55.0,4.0,1.0,2.5,4.5,0.4,2400,0.8,89,68.5,5.23,0.55,1.21,0.059,12.08,-1.89,-0.021,0.93
55.0,5.0,0.7,2.5,3.0,0.6,3600,0.8,87,75.9,5.17,0.38,1.19,0.059,12.72,-1.79,-0.021,0.94
55.0,5.0,0.7,2.5,4.5,0.6,3600,0.8,87,75.9,5.17,0.38,1.19,0.059,12.72,-1.79,-0.021,0.94
55.0,2.0,0.7,1.5,3.0,0.6,,0.4,65,67.7,3.75,0.53,1.1,0.058,8.9,-1.45,-0.022,0.96
55.0,2.0,0.7,1.5,4.5,0.6,,0.4,65,67.7,3.75,0.53,1.1,0.058,8.9,-1.45,-0.022,0.96
55.0,2.0,0.7,2.5,3.0,0.8,2400,0.2,75,77.3,4.37,0.33,1.13,0.058,10.17,-1.63,-0.022,0.95
55.0,2.0,0.7,2.5,4.5,0.8,2400,0.2,75,77.3,4.37,0.33,1.13,0.058,10.17,-1.63,-0.022,0.95
55.0,2.0,1.0,1.5,3.0,0.4,7200,0.2,65,67.7,3.77,0.52,1.09,0.058,10.19,-1.43,-0.022,0.97
55.0,2.0,1.0,1.5,4.5,0.4,7200,0.2,65,67.7,3.77,0.52,1.09,0.058,10.19,-1.43,-0.022,0.97
55.0,4.0,0.7,2.5,3.0,0.6,3600,0.8,88,73.9,5.14,0.42,1.19,0.058,10.07,-1.9,-0.022,0.94
55.0,4.0,0.7,2.5,4.5,0.6,3600,0.8,88,73.9,5.14,0.42,1.19,0.058,10.07,-1.9,-0.022,0.94
55.0,4.0,1.0,1.5,3.0,0.4,2400,0.8,89,68.5,5.14,0.55,1.2,0.058,12.08,-1.98,-0.022,0.93
55.0,4.0,1.0,1.5,4.5,0.4,2400,0.8,89,68.5,5.14,0.55,1.2,0.058,12.08,-1.98,-0.022,0.93
55.0,2.0,1.0,2.5,3.0,0.4,2400,0.4,79,67.1,4.48,0.55,1.12,0.057,7.42,-1.84,-0.023,0.95
55.0,2.0,1.0,2.5,3.0,0.8,7200,0.4,67,67.2,3.82,0.53,1.09,0.057,10.43,-1.54,-0.023,0.96
55.0,2.0,1.0,2.5,4.5,0.4,2400,0.4,79,67.1,4.48,0.55,1.12,0.057,7.42,-1.84,-0.023,0.95
55.0,2.0,1.0,2.5,4.5,0.8,7200,0.4,67,67.2,3.82,0.53,1.09,0.057,10.43,-1.54,-0.023,0.96
55.0,3.0,1.5,2.5,3.0,0.6,1200,0.8,101,56.4,5.75,1.07,1.38,0.057,3.7,-2.33,-0.023,0.88
55.0,3.0,1.5,2.5,4.5,0.6,1200,0.8,101,56.4,5.75,1.07,1.38,0.057,3.7,-2.33,-0.023,0.88
55.0,5.0,0.7,1.5,3.0,0.6,3600,0.8,87,75.9,4.97,0.37,1.18,0.057,12.81,-1.99,-0.023,0.93
55.0,5.0,0.7,1.5,4.5,0.6,3600,0.8,87,75.9,4.97,0.37,1.18,0.057,12.81,-1.99,-0.023,0.93
55.0,2.0,0.7,1.5,3.0,0.8,,0.4,65,67.7,3.63,0.52,1.1,0.056,9.16,-1.57,-0.024,0.96
55.0,2.0,1.0,1.5,3.0,0.6,7200,0.4,67,67.2,3.74,0.53,1.09,0.056,10.31,-1.62,-0.024,0.96
55.0,2.0,1.0,1.5,3.0,0.6,,0.4,65,67.7,3.63,0.52,1.09,0.056,10.63,-1.57,-0.024,0.96
55.0,2.0,1.0,1.5,4.5,0.6,7200,0.4,67,67.2,3.74,0.53,1.09,0.056,10.31,-1.62,-0.024,0.96
55.0,2.0,1.0,1.5,4.5,0.6,,0.4,65,67.7,3.63,0.52,1.09,0.056,10.63,-1.57,-0.024,0.96
55.0,4.0,0.7,1.5,3.0,0.6,3600,0.8,88,73.9,4.94,0.42,1.18,0.056,10.16,-2.1,-0.024,0.93
55.0,4.0,0.7,1.5,4.5,0.6,3600,0.8,88,73.9,4.94,0.42,1.18,0.056,10.16,-2.1,-0.024,0.93
55.0,4.0,1.0,1.5,3.0,0.6,2400,0.8,89,68.5,4.95,0.55,1.2,0.056,12.08,-2.16,-0.024,0.92
55.0,4.0,1.0,1.5,4.5,0.6,2400,0.8,89,68.5,4.95,0.55,1.2,0.056,12.08,-2.16,-0.024,0.92
55.0,4.0,1.0,2.5,3.0,0.6,2400,0.8,89,68.5,4.98,0.55,1.2,0.056,12.08,-2.14,-0.024,0.92
55.0,4.0,1.0,2.5,4.5,0.6,2400,0.8,89,68.5,4.98,0.55,1.2,0.056,12.08,-2.14,-0.024,0.92
55.0,4.0,1.5,2.5,3.0,0.4,2400,0.8,89,68.5,4.96,0.55,1.2,0.056,12.08,-2.16,-0.024,0.92
55.0,4.0,1.5,2.5,4.5,0.4,2400,0.8,89,68.5,4.96,0.55,1.2,0.056,12.08,-2.16,-0.024,0.92
55.0,2.0,1.0,1.5,3.0,0.4,2400,0.4,79,67.1,4.38,0.55,1.12,0.055,7.42,-1.94,-0.025,0.95
55.0,2.0,1.0,1.5,4.5,0.4,2400,0.4,79,67.1,4.38,0.55,1.12,0.055,7.42,-1.94,-0.025,0.95
55.0,2.0,1.0,2.5,4.5,0.8,14400,0.4,66,68.2,3.63,0.51,1.09,0.055,10.43,-1.65,-0.025,0.96
55.0,5.0,1.5,2.5,3.0,0.8,2400,0.8,88,70.5,4.82,0.5,1.19,0.055,14.87,-2.22,-0.025,0.92
55.0,5.0,1.5,2.5,4.5,0.8,2400,0.8,88,70.5,4.82,0.5,1.19,0.055,14.87,-2.22,-0.025,0.92
55.0,2.0,1.0,1.5,3.0,0.6,14400,0.4,66,68.2,3.55,0.51,1.08,0.054,10.31,-1.73,-0.026,0.96
55.0,2.0,1.0,1.5,3.0,0.8,,0.4,65,67.7,3.51,0.52,1.08,0.054,10.87,-1.69,-0.026,0.96
55.0,2.0,1.0,1.5,4.5,0.6,14400,0.4,66,68.2,3.55,0.51,1.08,0.054,10.31,-1.73,-0.026,0.96
55.0,2.0,1.0,2.5,3.0,0.4,3600,0.2,66,68.2,3.53,0.51,1.08,0.053,10.03,-1.75,-0.026,0.96
55.0,2.0,1.0,2.5,3.0,0.8,14400,0.4,66,68.2,3.55,0.51,1.08,0.054,10.43,-1.73,-0.026,0.96
55.0,2.0,1.0,2.5,4.5,0.4,3600,0.2,66,68.2,3.53,0.51,1.08,0.053,10.03,-1.75,-0.026,0.96
55.0,4.0,1.0,1.5,3.0,0.8,2400,0.8,89,68.5,4.78,0.55,1.19,0.054,12.08,-2.33,-0.026,0.92
55.0,4.0,1.0,1.5,4.5,0.8,2400,0.8,89,68.5,4.78,0.55,1.19,0.054,12.08,-2.33,-0.026,0.92
55.0,2.0,0.7,1.5,3.0,0.4,2400,0.4,87,72.4,4.64,0.44,1.15,0.053,8.47,-2.32,-0.027,0.93
55.0,2.0,0.7,1.5,4.5,0.4,2400,0.4,87,72.4,4.64,0.44,1.15,0.053,8.47,-2.32,-0.027,0.93
55.0,2.0,0.7,1.5,4.5,0.8,,0.4,65,67.7,3.46,0.52,1.09,0.053,9.24,-1.74,-0.027,0.95
55.0,2.0,0.7,2.5,3.0,0.4,2400,0.4,87,72.4,4.58,0.44,1.15,0.053,8.47,-2.38,-0.027,0.93
55.0,2.0,0.7,2.5,4.5,0.4,2400,0.4,87,72.4,4.58,0.44,1.15,0.053,8.47,-2.38,-0.027,0.93
55.0,2.0,1.0,1.5,3.0,0.6,2400,0.4,79,67.1,4.19,0.55,1.11,0.053,7.42,-2.13,-0.027,0.95
55.0,2.0,1.0,1.5,4.5,0.6,2400,0.4,79,67.1,4.19,0.55,1.11,0.053,7.42,-2.13,-0.027,0.95
55.0,2.0,1.0,2.5,3.0,0.6,2400,0.4,79,67.1,4.22,0.55,1.11,0.053,7.42,-2.1,-0.027,0.95
55.0,2.0,1.0,2.5,3.0,0.8,7200,0.2,65,67.7,3.43,0.52,1.08,0.053,10.43,-1.77,-0.027,0.96
55.0,2.0,1.0,2.5,4.5,0.6,2400,0.4,79,67.1,4.22,0.55,1.11,0.053,7.42,-2.1,-0.027,0.95
55.0,2.0,1.0,2.5,4.5,0.8,7200,0.2,65,67.7,3.43,0.52,1.08,0.053,10.43,-1.77,-0.027,0.96
55.0,4.0,1.0,2.5,3.0,0.8,2400,0.8,89,68.5,4.74,0.55,1.19,0.053,12.08,-2.38,-0.027,0.91
55.0,4.0,1.0,2.5,4.5,0.8,2400,0.8,89,68.5,4.74,0.55,1.19,0.053,12.08,-2.38,-0.027,0.91
55.0,2.0,0.7,1.5,3.0,0.6,2400,0.4,87,72.4,4.5,0.44,1.14,0.052,8.49,-2.46,-0.028,0.93
55.0,2.0,0.7,1.5,4.5,0.6,2400,0.4,87,72.4,4.5,0.44,1.14,0.052,8.49,-2.46,-0.028,0.93
55.0,2.0,1.0,1.5,3.0,0.6,7200,0.2,65,67.7,3.36,0.52,1.08,0.052,10.31,-1.85,-0.028,0.96
55.0,2.0,1.0,1.5,3.0,0.8,2400,0.4,79,67.1,4.11,0.54,1.11,0.052,7.43,-2.21,-0.028,0.94
55.0,2.0,1.0,1.5,4.5,0.6,7200,0.2,65,67.7,3.36,0.52,1.08,0.052,10.31,-1.85,-0.028,0.96
55.0,2.0,1.0,1.5,4.5,0.8,2400,0.4,79,67.1,4.11,0.54,1.11,0.052,7.43,-2.21,-0.028,0.94
55.0,2.0,1.0,2.5,3.0,0.8,2400,0.4,79,67.1,4.07,0.54,1.11,0.052,7.47,-2.25,-0.028,0.94
55.0,2.0,1.0,2.5,4.5,0.8,2400,0.4,79,67.1,4.07,0.54,1.11,0.052,7.47,-2.25,-0.028,0.94
55.0,2.0,1.0,2.5,4.5,0.8,14400,0.2,65,67.7,3.38,0.52,1.08,0.052,10.43,-1.82,-0.028,0.96
55.0,2.0,0.7,2.5,3.0,0.6,2400,0.4,87,72.4,4.44,0.44,1.14,0.051,8.49,-2.52,-0.029,0.92
55.0,2.0,0.7,2.5,4.5,0.6,2400,0.4,87,72.4,4.44,0.44,1.14,0.051,8.49,-2.52,-0.029,0.92
55.0,2.0,1.0,1.5,3.0,0.6,14400,0.2,65,67.7,3.29,0.51,1.08,0.051,10.31,-1.91,-0.029,0.96
55.0,2.0,1.0,1.5,4.5,0.6,14400,0.2,65,67.7,3.29,0.51,1.08,0.051,10.31,-1.91,-0.029,0.96
55.0,2.0,1.0,1.5,4.5,0.8,,0.4,65,67.7,3.34,0.52,1.08,0.051,10.87,-1.86,-0.029,0.96
55.0,2.0,1.0,2.5,3.0,0.8,14400,0.2,65,67.7,3.29,0.51,1.08,0.051,10.43,-1.91,-0.029,0.96
55.0,2.0,0.7,1.5,3.0,0.8,2400,0.4,87,72.4,4.38,0.43,1.14,0.05,8.49,-2.58,-0.03,0.92
55.0,2.0,0.7,1.5,4.5,0.8,2400,0.4,87,72.4,4.38,0.43,1.14,0.05,8.49,-2.58,-0.03,0.92
55.0,2.0,0.7,2.5,3.0,0.8,2400,0.4,87,72.4,4.32,0.43,1.14,0.05,8.49,-2.64,-0.03,0.92
55.0,2.0,0.7,2.5,4.5,0.8,2400,0.4,87,72.4,4.32,0.43,1.14,0.05,8.49,-2.64,-0.03,0.92
55.0,2.0,1.0,1.5,3.0,0.4,3600,0.2,66,68.2,3.23,0.5,1.08,0.049,10.03,-2.05,-0.031,0.95
55.0,2.0,1.0,1.5,4.5,0.4,3600,0.2,66,68.2,3.23,0.5,1.08,0.049,10.03,-2.05,-0.031,0.95
55.0,2.0,1.0,2.5,3.0,0.6,3600,0.2,66,68.2,3.26,0.5,1.08,0.049,10.03,-2.02,-0.031,0.95
55.0,2.0,1.0,2.5,4.5,0.6,3600,0.2,66,68.2,3.26,0.5,1.08,0.049,10.03,-2.02,-0.031,0.95
55.0,2.0,1.5,2.5,3.0,0.6,2400,0.2,67,68.7,3.29,0.49,1.08,0.049,11.05,-2.07,-0.031,0.95
55.0,2.0,1.5,2.5,4.5,0.6,2400,0.2,67,68.7,3.29,0.49,1.08,0.049,11.05,-2.07,-0.031,0.95
55.0,2.0,1.5,2.5,3.0,0.4,2400,0.2,67,68.7,3.22,0.49,1.08,0.048,10.65,-2.14,-0.032,0.95
55.0,2.0,1.5,2.5,4.5,0.4,2400,0.2,67,68.7,3.22,0.49,1.08,0.048,10.65,-2.14,-0.032,0.95
55.0,3.0,1.5,2.5,3.0,0.8,1200,0.8,101,56.4,4.83,1.02,1.32,0.048,3.7,-3.25,-0.032,0.83
55.0,3.0,1.5,2.5,4.5,0.8,1200,0.8,101,56.4,4.83,1.02,1.32,0.048,3.7,-3.25,-0.032,0.83
55.0,2.0,1.0,1.5,4.5,0.8,14400,0.4,66,68.2,3.1,0.5,1.07,0.047,10.43,-2.18,-0.033,0.95
55.0,2.0,1.5,2.5,3.0,0.8,2400,0.2,67,68.7,3.15,0.49,1.07,0.047,11.45,-2.21,-0.033,0.95
55.0,2.0,1.5,2.5,4.5,0.8,2400,0.2,67,68.7,3.15,0.49,1.07,0.047,11.45,-2.21,-0.033,0.95
55.0,4.0,1.5,2.5,3.0,0.6,2400,0.8,89,68.5,4.21,0.54,1.17,0.047,12.08,-2.91,-0.033,0.89
55.0,4.0,1.5,2.5,4.5,0.6,2400,0.8,89,68.5,4.21,0.54,1.17,0.047,12.08,-2.91,-0.033,0.89
55.0,2.0,1.0,1.5,3.0,0.8,14400,0.4,66,68.2,3.02,0.5,1.07,0.046,10.43,-2.26,-0.034,0.95
55.0,3.0,0.7,1.5,3.0,0.4,1200,0.8,101,57.4,4.62,0.97,1.31,0.046,4.39,-3.46,-0.034,0.81
55.0,3.0,0.7,1.5,4.5,0.4,1200,0.8,101,57.4,4.62,0.97,1.31,0.046,4.39,-3.46,-0.034,0.81
55.0,3.0,0.7,2.5,3.0,0.4,1200,0.8,101,57.4,4.62,0.97,1.31,0.046,4.39,-3.46,-0.034,0.81
55.0,3.0,0.7,2.5,4.5,0.4,1200,0.8,101,57.4,4.62,0.97,1.31,0.046,4.39,-3.46,-0.034,0.81
55.0,2.0,1.0,1.5,3.0,0.6,3600,0.2,66,68.2,2.97,0.5,1.07,0.045,10.03,-2.31,-0.035,0.95
55.0,2.0,1.0,1.5,3.0,0.8,7200,0.4,67,67.2,3.03,0.52,1.07,0.045,10.43,-2.33,-0.035,0.95
55.0,2.0,1.0,1.5,4.5,0.6,3600,0.2,66,68.2,2.97,0.5,1.07,0.045,10.03,-2.31,-0.035,0.95
55.0,2.0,1.0,1.5,4.5,0.8,7200,0.4,67,67.2,3.03,0.52,1.07,0.045,10.43,-2.33,-0.035,0.95
55.0,3.0,0.7,1.5,3.0,0.6,1200,0.8,101,57.4,4.5,0.97,1.3,0.045,4.39,-3.58,-0.035,0.81
55.0,3.0,0.7,1.5,4.5,0.6,1200,0.8,101,57.4,4.5,0.97,1.3,0.045,4.39,-3.58,-0.035,0.81
55.0,3.0,0.7,2.5,3.0,0.6,1200,0.8,101,57.4,4.5,0.97,1.3,0.045,4.39,-3.58,-0.035,0.81
55.0,3.0,0.7,2.5,4.5,0.6,1200,0.8,101,57.4,4.5,0.97,1.3,0.045,4.39,-3.58,-0.035,0.81
55.0,2.0,1.0,1.5,4.5,0.8,14400,0.2,65,67.7,2.85,0.51,1.07,0.044,10.43,-2.35,-0.036,0.95
55.0,2.0,1.0,1.5,3.0,0.8,14400,0.2,65,67.7,2.76,0.51,1.07,0.042,10.43,-2.44,-0.037,0.94
55.0,2.0,1.0,2.5,3.0,0.4,2400,0.8,97,64.9,4.16,0.63,1.16,0.043,5.42,-3.61,-0.037,0.87
55.0,2.0,1.0,2.5,3.0,0.8,3600,0.2,66,68.2,2.87,0.5,1.07,0.043,10.03,-2.41,-0.037,0.94
55.0,2.0,1.0,2.5,4.5,0.4,2400,0.8,97,64.9,4.16,0.63,1.16,0.043,5.42,-3.61,-0.037,0.87
55.0,2.0,1.0,2.5,4.5,0.8,3600,0.2,66,68.2,2.87,0.5,1.07,0.043,10.03,-2.41,-0.037,0.94
55.0,3.0,0.7,1.5,3.0,0.8,1200,0.8,101,57.4,4.38,0.96,1.3,0.043,4.39,-3.7,-0.037,0.8
55.0,3.0,0.7,1.5,4.5,0.8,1200,0.8,101,57.4,4.38,0.96,1.3,0.043,4.39,-3.7,-0.037,0.8
55.0,3.0,0.7,2.5,3.0,0.8,1200,0.8,101,57.4,4.38,0.96,1.3,0.043,4.39,-3.7,-0.037,0.8
55.0,3.0,0.7,2.5,4.5,0.8,1200,0.8,101,57.4,4.38,0.96,1.3,0.043,4.39,-3.7,-0.037,0.8
55.0,2.0,1.0,1.5,3.0,0.4,2400,0.8,97,64.9,4.06,0.63,1.16,0.042,5.42,-3.7,-0.038,0.87
55.0,2.0,1.0,1.5,4.5,0.4,2400,0.8,97,64.9,4.06,0.63,1.16,0.042,5.42,-3.7,-0.038,0.87
55.0,2.0,1.0,1.5,3.0,0.8,3600,0.2,66,68.2,2.72,0.5,1.06,0.041,10.03,-2.56,-0.039,0.94
55.0,2.0,1.0,1.5,3.0,0.8,7200,0.2,65,67.7,2.64,0.51,1.06,0.041,10.43,-2.56,-0.039,0.94
55.0,2.0,1.0,1.5,4.5,0.8,3600,0.2,66,68.2,2.72,0.5,1.06,0.041,10.03,-2.56,-0.039,0.94
55.0,2.0,1.0,1.5,4.5,0.8,7200,0.2,65,67.7,2.64,0.51,1.06,0.041,10.43,-2.56,-0.039,0.94
55.0,2.0,1.0,1.5,3.0,0.6,2400,0.8,97,64.9,3.74,0.62,1.15,0.039,5.44,-4.02,-0.041,0.86
55.0,2.0,1.0,1.5,4.5,0.6,2400,0.8,97,64.9,3.74,0.62,1.15,0.039,5.44,-4.02,-0.041,0.86
55.0,2.0,1.0,2.5,3.0,0.6,2400,0.8,97,64.9,3.76,0.62,1.15,0.039,5.44,-4.0,-0.041,0.86
55.0,2.0,1.0,2.5,4.5,0.6,2400,0.8,97,64.9,3.76,0.62,1.15,0.039,5.44,-4.0,-0.041,0.86
55.0,2.0,1.5,2.5,3.0,0.4,2400,0.8,97,64.9,3.62,0.62,1.14,0.037,5.53,-4.14,-0.043,0.86
55.0,2.0,1.5,2.5,3.0,0.6,2400,0.8,97,64.9,3.56,0.61,1.14,0.037,5.73,-4.2,-0.043,0.85
55.0,2.0,1.5,2.5,4.5,0.4,2400,0.8,97,64.9,3.62,0.62,1.14,0.037,5.53,-4.14,-0.043,0.86
55.0,2.0,1.5,2.5,4.5,0.6,2400,0.8,97,64.9,3.56,0.61,1.14,0.037,5.73,-4.2,-0.043,0.85
55.0,2.0,1.0,1.5,3.0,0.8,2400,0.8,97,64.9,3.54,0.61,1.14,0.036,5.44,-4.22,-0.044,0.85
55.0,2.0,1.0,1.5,4.5,0.8,2400,0.8,97,64.9,3.54,0.61,1.14,0.036,5.44,-4.22,-0.044,0.85
55.0,2.0,1.0,2.5,3.0,0.8,2400,0.8,97,64.9,3.49,0.61,1.14,0.036,5.44,-4.27,-0.044,0.85
55.0,2.0,1.0,2.5,4.5,0.8,2400,0.8,97,64.9,3.49,0.61,1.14,0.036,5.44,-4.27,-0.044,0.85
55.0,4.0,1.5,2.5,3.0,0.4,1200,0.8,100,56.0,3.35,0.93,1.19,0.034,5.19,-4.65,-0.047,0.79
55.0,4.0,1.5,2.5,4.5,0.4,1200,0.8,100,56.0,3.35,0.93,1.19,0.034,5.19,-4.65,-0.047,0.79
55.0,4.0,1.0,2.5,3.0,0.4,1200,0.8,100,57.0,3.21,0.89,1.18,0.032,5.39,-4.79,-0.048,0.78
55.0,4.0,1.0,2.5,4.5,0.4,1200,0.8,100,57.0,3.21,0.89,1.18,0.032,5.39,-4.79,-0.048,0.78
55.0,4.0,1.0,1.5,3.0,0.4,1200,0.8,100,57.0,3.06,0.88,1.17,0.031,5.55,-4.94,-0.049,0.77
55.0,4.0,1.0,1.5,4.5,0.4,1200,0.8,100,57.0,3.06,0.88,1.17,0.031,5.55,-4.94,-0.049,0.77
55.0,2.0,1.0,2.5,3.0,0.4,1200,0.8,106,54.7,3.23,0.97,1.18,0.03,4.37,-5.25,-0.05,0.77
55.0,2.0,1.0,2.5,4.5,0.4,1200,0.8,106,54.7,3.23,0.97,1.18,0.03,4.37,-5.25,-0.05,0.77
55.0,4.0,1.0,2.5,3.0,0.6,1200,0.8,100,57.0,2.96,0.88,1.17,0.03,5.51,-5.04,-0.05,0.77
55.0,4.0,1.0,2.5,4.5,0.6,1200,0.8,100,57.0,2.96,0.88,1.17,0.03,5.51,-5.04,-0.05,0.77
55.0,2.0,1.0,1.5,3.0,0.4,1200,0.8,106,54.7,3.07,0.97,1.17,0.029,4.37,-5.41,-0.051,0.76
55.0,2.0,1.0,1.5,4.5,0.4,1200,0.8,106,54.7,3.07,0.97,1.17,0.029,4.37,-5.41,-0.051,0.76
55.0,2.0,1.5,2.5,3.0,0.4,1200,0.8,106,54.7,3.05,0.96,1.17,0.029,4.42,-5.43,-0.051,0.76
55.0,2.0,1.5,2.5,4.5,0.4,1200,0.8,106,54.7,3.05,0.96,1.17,0.029,4.42,-5.43,-0.051,0.76
55.0,4.0,1.0,1.5,3.0,0.6,1200,0.8,100,57.0,2.87,0.88,1.16,0.029,5.6,-5.13,-0.051,0.76
55.0,4.0,1.0,1.5,4.5,0.6,1200,0.8,100,57.0,2.87,0.88,1.16,0.029,5.6,-5.13,-0.051,0.76
55.0,2.0,1.0,2.5,3.0,0.6,1200,0.8,106,54.7,2.85,0.96,1.16,0.027,4.37,-5.63,-0.053,0.75
55.0,2.0,1.0,2.5,4.5,0.6,1200,0.8,106,54.7,2.85,0.96,1.16,0.027,4.37,-5.63,-0.053,0.75
55.0,4.0,1.0,1.5,3.0,0.8,1200,0.8,100,57.0,2.7,0.87,1.15,0.027,5.65,-5.3,-0.053,0.75
55.0,4.0,1.0,1.5,4.5,0.8,1200,0.8,100,57.0,2.7,0.87,1.15,0.027,5.65,-5.3,-0.053,0.75
55.0,4.0,1.0,2.5,3.0,0.8,1200,0.8,100,57.0,2.72,0.87,1.15,0.027,5.63,-5.28,-0.053,0.75
55.0,4.0,1.0,2.5,4.5,0.8,1200,0.8,100,57.0,2.72,0.87,1.15,0.027,5.63,-5.28,-0.053,0.75
55.0,2.0,1.0,1.5,3.0,0.6,1200,0.8,106,54.7,2.77,0.95,1.15,0.026,4.37,-5.71,-0.054,0.75
55.0,2.0,1.0,1.5,4.5,0.6,1200,0.8,106,54.7,2.77,0.95,1.15,0.026,4.37,-5.71,-0.054,0.75
55.0,2.0,1.5,2.5,3.0,0.6,1200,0.8,106,54.7,2.62,0.95,1.14,0.025,4.37,-5.86,-0.055,0.74
55.0,2.0,1.5,2.5,4.5,0.6,1200,0.8,106,54.7,2.62,0.95,1.14,0.025,4.37,-5.86,-0.055,0.74
55.0,2.0,1.0,1.5,3.0,0.8,1200,0.8,106,54.7,2.57,0.94,1.14,0.024,4.37,-5.91,-0.056,0.74
55.0,2.0,1.0,1.5,4.5,0.8,1200,0.8,106,54.7,2.57,0.94,1.14,0.024,4.37,-5.91,-0.056,0.74
55.0,2.0,1.0,2.5,3.0,0.8,1200,0.8,106,54.7,2.58,0.94,1.14,0.024,4.37,-5.9,-0.056,0.74
55.0,2.0,1.0,2.5,4.5,0.8,1200,0.8,106,54.7,2.58,0.94,1.14,0.024,4.37,-5.9,-0.056,0.74
55.0,4.0,1.5,2.5,3.0,0.6,1200,0.8,100,56.0,2.43,0.89,1.14,0.024,5.31,-5.57,-0.056,0.74
55.0,4.0,1.5,2.5,4.5,0.6,1200,0.8,100,56.0,2.43,0.89,1.14,0.024,5.31,-5.57,-0.056,0.74
55.0,2.0,1.5,2.5,3.0,0.6,1200,0.2,71,60.6,1.41,0.67,1.03,0.02,14.28,-4.27,-0.06,0.9
55.0,2.0,1.5,2.5,4.5,0.6,1200,0.2,71,60.6,1.41,0.67,1.03,0.02,14.28,-4.27,-0.06,0.9
55.0,2.0,1.0,2.5,3.0,0.4,2400,0.2,67,68.7,1.3,0.47,1.03,0.019,10.03,-4.06,-0.061,0.91
55.0,2.0,1.0,2.5,4.5,0.4,2400,0.2,67,68.7,1.3,0.47,1.03,0.019,10.03,-4.06,-0.061,0.91
55.0,2.0,1.0,1.5,3.0,0.4,2400,0.2,67,68.7,1.19,0.47,1.03,0.018,10.03,-4.17,-0.062,0.9
55.0,2.0,1.0,1.5,4.5,0.4,2400,0.2,67,68.7,1.19,0.47,1.03,0.018,10.03,-4.17,-0.062,0.9
55.0,2.0,1.0,2.5,3.0,0.6,2400,0.2,67,68.7,1.04,0.47,1.02,0.016,10.03,-4.32,-0.064,0.9
55.0,2.0,1.0,2.5,4.5,0.6,2400,0.2,67,68.7,1.04,0.47,1.02,0.016,10.03,-4.32,-0.064,0.9
55.0,2.0,1.5,2.5,3.0,0.8,1200,0.8,106,54.7,1.7,0.9,1.09,0.016,4.37,-6.78,-0.064,0.7
55.0,2.0,1.5,2.5,4.5,0.8,1200,0.8,106,54.7,1.7,0.9,1.09,0.016,4.37,-6.78,-0.064,0.7
55.0,2.0,1.0,1.5,3.0,0.6,2400,0.2,67,68.7,1.01,0.47,1.02,0.015,10.03,-4.35,-0.065,0.9
55.0,2.0,1.0,1.5,4.5,0.6,2400,0.2,67,68.7,1.01,0.47,1.02,0.015,10.03,-4.35,-0.065,0.9
55.0,2.0,1.5,2.5,3.0,0.8,2400,0.8,97,64.9,1.42,0.57,1.06,0.015,5.93,-6.34,-0.065,0.78
55.0,2.0,1.5,2.5,4.5,0.8,2400,0.8,97,64.9,1.42,0.57,1.06,0.015,5.93,-6.34,-0.065,0.78
55.0,4.0,1.5,2.5,3.0,0.8,1200,0.8,100,56.0,1.51,0.85,1.08,0.015,5.43,-6.49,-0.065,0.7
55.0,4.0,1.5,2.5,4.5,0.8,1200,0.8,100,56.0,1.51,0.85,1.08,0.015,5.43,-6.49,-0.065,0.7
55.0,2.0,1.0,1.5,3.0,0.8,2400,0.2,67,68.7,0.93,0.47,1.02,0.014,10.03,-4.43,-0.066,0.9
55.0,2.0,1.0,1.5,4.5,0.8,2400,0.2,67,68.7,0.93,0.47,1.02,0.014,10.03,-4.43,-0.066,0.9
55.0,2.0,1.0,2.5,3.0,0.8,2400,0.2,67,68.7,0.89,0.47,1.02,0.013,10.03,-4.47,-0.067,0.9
55.0,2.0,1.0,2.5,4.5,0.8,2400,0.2,67,68.7,0.89,0.47,1.02,0.013,10.03,-4.47,-0.067,0.9
55.0,4.0,0.7,1.5,3.0,0.4,1200,0.8,100,57.0,1.3,0.81,1.07,0.013,6.39,-6.7,-0.067,0.69
55.0,4.0,0.7,1.5,3.0,0.4,2400,0.8,90,70.0,1.13,0.45,1.05,0.013,12.08,-6.06,-0.067,0.78
55.0,4.0,0.7,1.5,4.5,0.4,1200,0.8,100,57.0,1.3,0.81,1.07,0.013,6.39,-6.7,-0.067,0.69
55.0,4.0,0.7,1.5,4.5,0.4,2400,0.8,90,70.0,1.13,0.45,1.05,0.013,12.08,-6.06,-0.067,0.78
55.0,4.0,0.7,2.5,3.0,0.4,1200,0.8,100,57.0,1.3,0.81,1.07,0.013,6.39,-6.7,-0.067,0.69
55.0,4.0,0.7,2.5,4.5,0.4,1200,0.8,100,57.0,1.3,0.81,1.07,0.013,6.39,-6.7,-0.067,0.69
55.0,4.0,0.7,1.5,3.0,0.6,1200,0.8,100,57.0,1.18,0.8,1.07,0.012,6.39,-6.82,-0.068,0.68
55.0,4.0,0.7,1.5,4.5,0.6,1200,0.8,100,57.0,1.18,0.8,1.07,0.012,6.39,-6.82,-0.068,0.68
55.0,4.0,0.7,2.5,3.0,0.4,2400,0.8,90,70.0,1.07,0.45,1.04,0.012,12.08,-6.13,-0.068,0.78
55.0,4.0,0.7,2.5,3.0,0.6,1200,0.8,100,57.0,1.18,0.8,1.07,0.012,6.39,-6.82,-0.068,0.68
55.0,4.0,0.7,2.5,4.5,0.4,2400,0.8,90,70.0,1.07,0.45,1.04,0.012,12.08,-6.13,-0.068,0.78
55.0,4.0,0.7,2.5,4.5,0.6,1200,0.8,100,57.0,1.18,0.8,1.07,0.012,6.39,-6.82,-0.068,0.68
55.0,2.0,1.5,2.5,3.0,0.6,7200,0.8,77,59.7,0.86,0.69,1.02,0.011,10.67,-5.3,-0.069,0.88
55.0,2.0,1.5,2.5,4.5,0.6,7200,0.8,77,59.7,0.86,0.69,1.02,0.011,10.67,-5.3,-0.069,0.88
55.0,4.0,0.7,1.5,3.0,0.6,2400,0.8,90,70.0,1.01,0.45,1.04,0.011,12.08,-6.18,-0.069,0.77
55.0,4.0,0.7,1.5,3.0,0.8,1200,0.8,100,57.0,1.06,0.8,1.06,0.011,6.39,-6.94,-0.069,0.68
55.0,4.0,0.7,1.5,4.5,0.6,2400,0.8,90,70.0,1.01,0.45,1.04,0.011,12.08,-6.18,-0.069,0.77
55.0,4.0,0.7,1.5,4.5,0.8,1200,0.8,100,57.0,1.06,0.8,1.06,0.011,6.39,-6.94,-0.069,0.68
55.0,4.0,0.7,2.5,3.0,0.6,2400,0.8,90,70.0,0.95,0.44,1.04,0.011,12.08,-6.25,-0.069,0.77
55.0,4.0,0.7,2.5,3.0,0.8,1200,0.8,100,57.0,1.06,0.8,1.06,0.011,6.39,-6.94,-0.069,0.68
55.0,4.0,0.7,2.5,4.5,0.6,2400,0.8,90,70.0,0.95,0.44,1.04,0.011,12.08,-6.25,-0.069,0.77
55.0,4.0,0.7,2.5,4.5,0.8,1200,0.8,100,57.0,1.06,0.8,1.06,0.011,6.39,-6.94,-0.069,0.68
55.0,4.0,0.7,1.5,3.0,0.8,2400,0.8,90,70.0,0.89,0.44,1.04,0.01,12.08,-6.3,-0.07,0.77
55.0,4.0,0.7,1.5,4.5,0.8,2400,0.8,90,70.0,0.89,0.44,1.04,0.01,12.08,-6.3,-0.07,0.77
55.0,2.0,0.7,1.5,3.0,0.4,1200,0.8,106,54.7,0.94,0.87,1.05,0.009,5.22,-7.54,-0.071,0.66
55.0,2.0,0.7,1.5,4.5,0.4,1200,0.8,106,54.7,0.94,0.87,1.05,0.009,5.22,-7.54,-0.071,0.66
55.0,2.0,0.7,2.5,3.0,0.4,1200,0.8,106,54.7,0.94,0.87,1.05,0.009,5.22,-7.54,-0.071,0.66
55.0,2.0,0.7,2.5,4.5,0.4,1200,0.8,106,54.7,0.94,0.87,1.05,0.009,5.22,-7.54,-0.071,0.66
55.0,4.0,0.7,2.5,3.0,0.8,2400,0.8,90,70.0,0.83,0.44,1.03,0.009,12.08,-6.37,-0.071,0.77
55.0,4.0,0.7,2.5,4.5,0.8,2400,0.8,90,70.0,0.83,0.44,1.03,0.009,12.08,-6.37,-0.071,0.77
55.0,2.0,0.7,1.5,3.0,0.6,1200,0.8,106,54.7,0.82,0.86,1.04,0.008,5.22,-7.66,-0.072,0.66
55.0,2.0,0.7,1.5,4.5,0.6,1200,0.8,106,54.7,0.82,0.86,1.04,0.008,5.22,-7.66,-0.072,0.66
55.0,2.0,0.7,2.5,3.0,0.6,1200,0.8,106,54.7,0.82,0.86,1.04,0.008,5.22,-7.66,-0.072,0.66
55.0,2.0,0.7,2.5,4.5,0.6,1200,0.8,106,54.7,0.82,0.86,1.04,0.008,5.22,-7.66,-0.072,0.66
55.0,2.0,1.5,2.5,3.0,0.8,1200,0.2,71,60.6,0.58,0.66,1.01,0.008,15.08,-5.1,-0.072,0.89
55.0,2.0,1.5,2.5,4.5,0.8,1200,0.2,71,60.6,0.58,0.66,1.01,0.008,15.08,-5.1,-0.072,0.89
55.0,2.0,0.7,1.5,3.0,0.4,1200,0.2,77,68.8,0.52,0.46,1.02,0.007,13.27,-5.64,-0.073,0.85
55.0,2.0,0.7,1.5,3.0,0.8,1200,0.8,106,54.7,0.7,0.86,1.04,0.007,5.22,-7.78,-0.073,0.65
55.0,2.0,0.7,1.5,4.5,0.4,1200,0.2,77,68.8,0.52,0.46,1.02,0.007,13.27,-5.64,-0.073,0.85
55.0,2.0,0.7,1.5,4.5,0.8,1200,0.8,106,54.7,0.7,0.86,1.04,0.007,5.22,-7.78,-0.073,0.65
55.0,2.0,0.7,2.5,3.0,0.4,1200,0.2,77,68.8,0.52,0.46,1.02,0.007,13.27,-5.64,-0.073,0.85
55.0,2.0,0.7,2.5,3.0,0.6,7200,0.8,80,65.0,0.55,0.55,1.02,0.007,10.09,-5.86,-0.073,0.84
55.0,2.0,0.7,2.5,3.0,0.8,1200,0.8,106,54.7,0.7,0.86,1.04,0.007,5.22,-7.78,-0.073,0.65
55.0,2.0,0.7,2.5,4.5,0.4,1200,0.2,77,68.8,0.52,0.46,1.02,0.007,13.27,-5.64,-0.073,0.85
55.0,2.0,0.7,2.5,4.5,0.6,7200,0.8,80,65.0,0.55,0.55,1.02,0.007,10.09,-5.86,-0.073,0.84
55.0,2.0,0.7,2.5,4.5,0.8,1200,0.8,106,54.7,0.7,0.86,1.04,0.007,5.22,-7.78,-0.073,0.65
55.0,2.0,0.7,2.5,3.0,0.4,7200,0.8,80,65.0,0.46,0.55,1.01,0.006,9.97,-5.94,-0.074,0.84
55.0,2.0,0.7,2.5,4.5,0.4,7200,0.8,80,65.0,0.46,0.55,1.01,0.006,9.97,-5.94,-0.074,0.84
55.0,2.0,0.7,1.5,3.0,0.6,1200,0.2,77,68.8,0.4,0.46,1.01,0.005,13.27,-5.76,-0.075,0.84
55.0,2.0,0.7,1.5,4.5,0.6,1200,0.2,77,68.8,0.4,0.46,1.01,0.005,13.27,-5.76,-0.075,0.84
55.0,2.0,0.7,2.5,3.0,0.6,1200,0.2,77,68.8,0.4,0.46,1.01,0.005,13.27,-5.76,-0.075,0.84
55.0,2.0,0.7,2.5,4.5,0.6,1200,0.2,77,68.8,0.4,0.46,1.01,0.005,13.27,-5.76,-0.075,0.84
55.0,5.0,1.0,2.5,3.0,0.4,2400,0.8,88,69.3,0.44,0.45,1.01,0.005,14.87,-6.6,-0.075,0.8
55.0,5.0,1.0,2.5,4.5,0.4,2400,0.8,88,69.3,0.44,0.45,1.01,0.005,14.87,-6.6,-0.075,0.8
55.0,5.0,1.5,2.5,3.0,0.4,1200,0.8,99,56.6,0.45,0.78,1.02,0.005,7.22,-7.47,-0.075,0.7
55.0,5.0,1.5,2.5,4.5,0.4,1200,0.8,99,56.6,0.45,0.78,1.02,0.005,7.22,-7.47,-0.075,0.7
55.0,2.0,0.7,1.5,3.0,0.8,1200,0.2,77,68.8,0.28,0.46,1.01,0.004,13.27,-5.88,-0.076,0.84
55.0,2.0,0.7,1.5,4.5,0.8,1200,0.2,77,68.8,0.28,0.46,1.01,0.004,13.27,-5.88,-0.076,0.84
55.0,2.0,0.7,2.5,3.0,0.8,1200,0.2,77,68.8,0.28,0.46,1.01,0.004,13.27,-5.88,-0.076,0.84
55.0,2.0,0.7,2.5,4.5,0.8,1200,0.2,77,68.8,0.28,0.46,1.01,0.004,13.27,-5.88,-0.076,0.84
55.0,5.0,1.0,1.5,3.0,0.4,2400,0.8,88,69.3,0.34,0.45,1.01,0.004,14.87,-6.7,-0.076,0.79
55.0,5.0,1.0,1.5,4.5,0.4,2400,0.8,88,69.3,0.34,0.45,1.01,0.004,14.87,-6.7,-0.076,0.79
55.0,5.0,1.0,2.5,3.0,0.4,1200,0.8,99,57.6,0.32,0.75,1.02,0.003,7.47,-7.6,-0.077,0.69
55.0,5.0,1.0,2.5,4.5,0.4,1200,0.8,99,57.6,0.32,0.75,1.02,0.003,7.47,-7.6,-0.077,0.69
55.0,5.0,1.0,1.5,3.0,0.4,1200,0.8,99,57.6,0.17,0.74,1.01,0.002,7.62,-7.75,-0.078,0.68
55.0,5.0,1.0,1.5,3.0,0.6,2400,0.8,88,69.3,0.16,0.44,1.01,0.002,14.87,-6.88,-0.078,0.79
55.0,5.0,1.0,1.5,4.5,0.4,1200,0.8,99,57.6,0.17,0.74,1.01,0.002,7.62,-7.75,-0.078,0.68
55.0,5.0,1.0,1.5,4.5,0.6,2400,0.8,88,69.3,0.16,0.44,1.01,0.002,14.87,-6.88,-0.078,0.79
55.0,5.0,1.0,2.5,3.0,0.6,2400,0.8,88,69.3,0.18,0.45,1.01,0.002,14.87,-6.86,-0.078,0.79
55.0,5.0,1.0,2.5,4.5,0.6,2400,0.8,88,69.3,0.18,0.45,1.01,0.002,14.87,-6.86,-0.078,0.79
55.0,5.0,1.5,2.5,3.0,0.4,2400,0.8,88,69.3,0.17,0.45,1.01,0.002,14.87,-6.87,-0.078,0.79
55.0,5.0,1.5,2.5,4.5,0.4,2400,0.8,88,69.3,0.17,0.45,1.01,0.002,14.87,-6.87,-0.078,0.79
55.0,5.0,1.0,2.5,3.0,0.6,1200,0.8,99,57.6,0.07,0.74,1.0,0.001,7.59,-7.85,-0.079,0.68
55.0,5.0,1.0,2.5,4.5,0.6,1200,0.8,99,57.6,0.07,0.74,1.0,0.001,7.59,-7.85,-0.079,0.68
55.0,5.0,1.0,1.5,3.0,0.6,1200,0.8,99,57.6,-0.02,0.74,1.0,-0.0,7.67,-7.94,-0.08,0.67
55.0,5.0,1.0,1.5,3.0,0.8,2400,0.8,88,69.3,-0.01,0.44,1.0,-0.0,14.87,-7.05,-0.08,0.78
55.0,5.0,1.0,1.5,4.5,0.6,1200,0.8,99,57.6,-0.02,0.74,1.0,-0.0,7.67,-7.94,-0.08,0.67
55.0,5.0,1.0,1.5,4.5,0.8,2400,0.8,88,69.3,-0.01,0.44,1.0,-0.0,14.87,-7.05,-0.08,0.78
55.0,5.0,1.0,2.5,3.0,0.8,2400,0.8,88,69.3,-0.06,0.44,1.0,-0.001,14.87,-7.1,-0.081,0.78
55.0,5.0,1.0,2.5,4.5,0.8,2400,0.8,88,69.3,-0.06,0.44,1.0,-0.001,14.87,-7.1,-0.081,0.78
55.0,5.0,1.0,1.5,3.0,0.8,1200,0.8,99,57.6,-0.19,0.73,0.99,-0.002,7.72,-8.11,-0.082,0.67
55.0,5.0,1.0,1.5,4.5,0.8,1200,0.8,99,57.6,-0.19,0.73,0.99,-0.002,7.72,-8.11,-0.082,0.67
55.0,5.0,1.0,2.5,3.0,0.8,1200,0.8,99,57.6,-0.17,0.73,0.99,-0.002,7.71,-8.09,-0.082,0.67
55.0,5.0,1.0,2.5,4.5,0.8,1200,0.8,99,57.6,-0.17,0.73,0.99,-0.002,7.71,-8.09,-0.082,0.67
55.0,2.0,0.7,1.5,3.0,0.6,7200,0.8,80,65.0,-0.22,0.53,0.99,-0.003,10.09,-6.63,-0.083,0.82
55.0,2.0,0.7,1.5,4.5,0.6,7200,0.8,80,65.0,-0.22,0.53,0.99,-0.003,10.09,-6.63,-0.083,0.82
55.0,5.0,1.5,2.5,3.0,0.6,1200,0.8,99,56.6,-0.47,0.75,0.98,-0.005,7.54,-8.39,-0.085,0.66
55.0,5.0,1.5,2.5,4.5,0.6,1200,0.8,99,56.6,-0.47,0.75,0.98,-0.005,7.54,-8.39,-0.085,0.66
55.0,2.0,0.7,1.5,3.0,0.4,7200,0.8,80,65.0,-0.49,0.53,0.99,-0.006,9.97,-6.89,-0.086,0.81
55.0,2.0,0.7,1.5,4.5,0.4,7200,0.8,80,65.0,-0.49,0.53,0.99,-0.006,9.97,-6.89,-0.086,0.81
55.0,2.0,0.7,2.5,3.0,0.8,7200,0.8,80,65.0,-0.54,0.53,0.98,-0.007,10.21,-6.94,-0.087,0.81
55.0,2.0,0.7,2.5,4.5,0.8,7200,0.8,80,65.0,-0.54,0.53,0.98,-0.007,10.21,-6.94,-0.087,0.81
55.0,5.0,1.5,2.5,3.0,0.6,2400,0.8,88,69.3,-0.59,0.43,0.98,-0.007,14.87,-7.63,-0.087,0.76
55.0,5.0,1.5,2.5,4.5,0.6,2400,0.8,88,69.3,-0.59,0.43,0.98,-0.007,14.87,-7.63,-0.087,0.76
55.0,2.0,1.5,2.5,3.0,0.4,7200,0.8,77,59.7,-0.6,0.66,0.99,-0.008,10.47,-6.76,-0.088,0.84
55.0,2.0,1.5,2.5,4.5,0.4,7200,0.8,77,59.7,-0.6,0.66,0.99,-0.008,10.47,-6.76,-0.088,0.84
55.0,2.0,1.5,2.5,3.0,0.4,1200,0.2,71,60.6,-0.81,0.64,0.98,-0.011,13.76,-6.49,-0.091,0.86
55.0,2.0,1.5,2.5,4.5,0.4,1200,0.2,71,60.6,-0.81,0.64,0.98,-0.011,13.76,-6.49,-0.091,0.86
55.0,2.0,0.7,1.5,3.0,0.8,7200,0.8,80,65.0,-1.03,0.52,0.97,-0.013,10.21,-7.43,-0.093,0.8
55.0,2.0,0.7,1.5,4.5,0.8,7200,0.8,80,65.0,-1.03,0.52,0.97,-0.013,10.21,-7.43,-0.093,0.8
55.0,5.0,1.5,2.5,3.0,0.8,1200,0.8,99,56.6,-1.39,0.72,0.93,-0.014,7.86,-9.31,-0.094,0.62
55.0,5.0,1.5,2.5,4.5,0.8,1200,0.8,99,56.6,-1.39,0.72,0.93,-0.014,7.86,-9.31,-0.094,0.62
55.0,2.0,1.5,2.5,3.0,0.8,7200,0.8,77,59.7,-1.22,0.65,0.97,-0.016,10.87,-7.38,-0.096,0.83
55.0,2.0,1.5,2.5,4.5,0.8,7200,0.8,77,59.7,-1.22,0.65,0.97,-0.016,10.87,-7.38,-0.096,0.83
55.0,5.0,0.7,1.5,3.0,0.4,1200,0.8,99,57.6,-1.59,0.68,0.92,-0.016,8.7,-9.51,-0.096,0.61
55.0,5.0,0.7,1.5,4.5,0.4,1200,0.8,99,57.6,-1.59,0.68,0.92,-0.016,8.7,-9.51,-0.096,0.61
55.0,5.0,0.7,2.5,3.0,0.4,1200,0.8,99,57.6,-1.59,0.68,0.92,-0.016,8.7,-9.51,-0.096,0.61
55.0,5.0,0.7,2.5,4.5,0.4,1200,0.8,99,57.6,-1.59,0.68,0.92,-0.016,8.7,-9.51,-0.096,0.61
55.0,5.0,0.7,1.5,3.0,0.6,1200,0.8,99,57.6,-1.71,0.68,0.92,-0.017,8.7,-9.63,-0.097,0.6
55.0,5.0,0.7,1.5,4.5,0.6,1200,0.8,99,57.6,-1.71,0.68,0.92,-0.017,8.7,-9.63,-0.097,0.6
55.0,5.0,0.7,2.5,3.0,0.6,1200,0.8,99,57.6,-1.71,0.68,0.92,-0.017,8.7,-9.63,-0.097,0.6
55.0,5.0,0.7,2.5,4.5,0.6,1200,0.8,99,57.6,-1.71,0.68,0.92,-0.017,8.7,-9.63,-0.097,0.6
55.0,5.0,0.7,1.5,3.0,0.8,1200,0.8,99,57.6,-1.83,0.67,0.91,-0.018,8.7,-9.75,-0.099,0.6
55.0,5.0,0.7,1.5,4.5,0.8,1200,0.8,99,57.6,-1.83,0.67,0.91,-0.018,8.7,-9.75,-0.099,0.6
55.0,5.0,0.7,2.5,3.0,0.8,1200,0.8,99,57.6,-1.83,0.67,0.91,-0.018,8.7,-9.75,-0.099,0.6
55.0,5.0,0.7,2.5,4.5,0.8,1200,0.8,99,57.6,-1.83,0.67,0.91,-0.018,8.7,-9.75,-0.099,0.6
55.0,2.0,1.0,2.5,3.0,0.4,7200,0.8,77,59.7,-1.52,0.65,0.96,-0.02,10.35,-7.68,-0.1,0.82
55.0,2.0,1.0,2.5,3.0,0.6,7200,0.8,77,59.7,-1.55,0.65,0.96,-0.02,10.47,-7.71,-0.1,0.82
55.0,2.0,1.0,2.5,4.5,0.4,7200,0.8,77,59.7,-1.52,0.65,0.96,-0.02,10.35,-7.68,-0.1,0.82
55.0,2.0,1.0,2.5,4.5,0.6,7200,0.8,77,59.7,-1.55,0.65,0.96,-0.02,10.47,-7.71,-0.1,0.82
55.0,2.0,1.0,1.5,3.0,0.6,7200,0.8,77,59.7,-2.41,0.63,0.94,-0.031,10.47,-8.57,-0.111,0.8
55.0,2.0,1.0,1.5,4.5,0.6,7200,0.8,77,59.7,-2.41,0.63,0.94,-0.031,10.47,-8.57,-0.111,0.8
55.0,2.0,1.0,2.5,3.0,0.4,1200,0.2,71,60.6,-2.3,0.62,0.95,-0.032,14.1,-7.98,-0.112,0.82
55.0,2.0,1.0,2.5,4.5,0.4,1200,0.2,71,60.6,-2.3,0.62,0.95,-0.032,14.1,-7.98,-0.112,0.82
55.0,2.0,1.0,1.5,3.0,0.4,7200,0.8,77,59.7,-2.62,0.63,0.94,-0.034,10.35,-8.78,-0.114,0.8
55.0,2.0,1.0,1.5,4.5,0.4,7200,0.8,77,59.7,-2.62,0.63,0.94,-0.034,10.35,-8.78,-0.114,0.8
55.0,2.0,1.0,1.5,3.0,0.4,1200,0.2,71,60.6,-2.46,0.61,0.94,-0.035,14.1,-8.14,-0.115,0.82
55.0,2.0,1.0,1.5,4.5,0.4,1200,0.2,71,60.6,-2.46,0.61,0.94,-0.035,14.1,-8.14,-0.115,0.82
55.0,2.0,1.0,2.5,3.0,0.8,7200,0.8,77,59.7,-2.67,0.63,0.93,-0.035,10.59,-8.83,-0.115,0.8
55.0,2.0,1.0,2.5,4.5,0.8,7200,0.8,77,59.7,-2.67,0.63,0.93,-0.035,10.59,-8.83,-0.115,0.8
55.0,2.0,1.0,2.5,3.0,0.6,1200,0.2,71,60.6,-2.54,0.61,0.94,-0.036,14.1,-8.22,-0.116,0.82
55.0,2.0,1.0,2.5,4.5,0.6,1200,0.2,71,60.6,-2.54,0.61,0.94,-0.036,14.1,-8.22,-0.116,0.82
55.0,2.0,1.0,1.5,3.0,0.6,1200,0.2,71,60.6,-2.63,0.61,0.94,-0.037,14.1,-8.31,-0.117,0.81
55.0,2.0,1.0,1.5,4.5,0.6,1200,0.2,71,60.6,-2.63,0.61,0.94,-0.037,14.1,-8.31,-0.117,0.81
55.0,2.0,1.0,1.5,3.0,0.8,1200,0.2,71,60.6,-2.71,0.61,0.94,-0.038,14.1,-8.39,-0.118,0.81
55.0,2.0,1.0,1.5,4.5,0.8,1200,0.2,71,60.6,-2.71,0.61,0.94,-0.038,14.1,-8.39,-0.118,0.81
55.0,2.0,1.0,2.5,3.0,0.8,1200,0.2,71,60.6,-2.69,0.61,0.94,-0.038,14.1,-8.37,-0.118,0.81
55.0,2.0,1.0,2.5,4.5,0.8,1200,0.2,71,60.6,-2.69,0.61,0.94,-0.038,14.1,-8.37,-0.118,0.81
55.0,2.0,1.0,1.5,3.0,0.8,7200,0.8,77,59.7,-3.17,0.62,0.92,-0.041,10.59,-9.33,-0.121,0.79
55.0,2.0,1.0,1.5,4.5,0.8,7200,0.8,77,59.7,-3.17,0.62,0.92,-0.041,10.59,-9.33,-0.121,0.79
55.0,5.0,0.7,1.5,3.0,0.4,2400,0.8,89,70.8,-3.66,0.36,0.88,-0.041,14.87,-10.78,-0.121,0.66
55.0,5.0,0.7,1.5,4.5,0.4,2400,0.8,89,70.8,-3.66,0.36,0.88,-0.041,14.87,-10.78,-0.121,0.66
55.0,5.0,0.7,1.5,3.0,0.6,2400,0.8,89,70.8,-3.78,0.36,0.87,-0.042,14.87,-10.9,-0.122,0.66
55.0,5.0,0.7,1.5,4.5,0.6,2400,0.8,89,70.8,-3.78,0.36,0.87,-0.042,14.87,-10.9,-0.122,0.66
55.0,5.0,0.7,2.5,3.0,0.4,2400,0.8,89,70.8,-3.72,0.36,0.87,-0.042,14.87,-10.84,-0.122,0.66
55.0,5.0,0.7,2.5,4.5,0.4,2400,0.8,89,70.8,-3.72,0.36,0.87,-0.042,14.87,-10.84,-0.122,0.66
55.0,5.0,0.7,2.5,3.0,0.6,2400,0.8,89,70.8,-3.84,0.36,0.87,-0.043,14.87,-10.96,-0.123,0.66
55.0,5.0,0.7,2.5,4.5,0.6,2400,0.8,89,70.8,-3.84,0.36,0.87,-0.043,14.87,-10.96,-0.123,0.66
55.0,5.0,0.7,1.5,3.0,0.8,2400,0.8,89,70.8,-3.9,0.36,0.87,-0.044,14.87,-11.02,-0.124,0.66
55.0,5.0,0.7,1.5,4.5,0.8,2400,0.8,89,70.8,-3.9,0.36,0.87,-0.044,14.87,-11.02,-0.124,0.66
55.0,5.0,0.7,2.5,3.0,0.8,2400,0.8,89,70.8,-3.96,0.36,0.87,-0.044,14.87,-11.08,-0.125,0.66
55.0,5.0,0.7,2.5,4.5,0.8,2400,0.8,89,70.8,-3.96,0.36,0.87,-0.044,14.87,-11.08,-0.125,0.66
