signal_threshold,stop_loss_pct,level_1_pct,level_2_pct,level_3_pct,trail_callback,time_stop_seconds,time_stop_no_movement_pct,trades,win_rate,total_pnl_pct,payoff,profit_factor,expectancy_pct,max_dd_pct,net_pnl_pct,net_expectancy_pct,net_profit_factor
55.0,5.0,1.5,2.5,3.0,0.6,,0.4,28,96.4,25.14,0.22,6.03,0.898,5.0,22.9,0.818,5.51
55.0,5.0,1.5,2.5,4.5,0.6,,0.4,28,96.4,24.91,0.22,5.98,0.89,5.0,22.67,0.81,5.46
55.0,5.0,1.0,2.5,3.0,0.6,,0.4,28,96.4,24.01,0.21,5.8,0.858,5.0,21.77,0.777,5.28
55.0,5.0,1.0,1.5,3.0,0.6,,0.4,28,96.4,23.89,0.21,5.78,0.853,5.0,21.65,0.773,5.26
55.0,5.0,1.0,2.5,4.5,0.6,,0.4,28,96.4,23.78,0.21,5.76,0.849,5.0,21.54,0.769,5.24
55.0,5.0,1.0,1.5,4.5,0.6,,0.4,28,96.4,23.66,0.21,5.73,0.845,5.0,21.42,0.765,5.22
55.0,5.0,1.0,1.5,4.5,0.8,,0.4,30,96.7,25.09,0.21,6.02,0.836,5.0,22.69,0.756,5.47
55.0,5.0,1.5,2.5,4.5,0.8,,0.4,30,96.7,24.97,0.21,5.99,0.832,5.0,22.57,0.752,5.44
55.0,5.0,1.0,1.5,3.0,0.8,,0.4,30,96.7,24.51,0.2,5.9,0.817,5.0,22.11,0.737,5.35
55.0,5.0,1.0,2.5,4.5,0.8,,0.4,30,96.7,24.45,0.2,5.89,0.815,5.0,22.05,0.735,5.34
55.0,5.0,1.5,2.5,3.0,0.8,,0.4,30,96.7,24.39,0.2,5.88,0.813,5.0,21.99,0.733,5.33
55.0,5.0,1.0,2.5,3.0,0.8,,0.4,30,96.7,23.87,0.2,5.77,0.796,5.0,21.47,0.716,5.23
55.0,5.0,0.7,2.5,3.0,0.6,,0.4,28,96.4,20.77,0.19,5.15,0.742,5.0,18.53,0.662,4.65
55.0,5.0,0.7,1.5,3.0,0.6,,0.4,28,96.4,20.65,0.19,5.13,0.737,5.0,18.41,0.657,4.62
55.0,5.0,0.7,2.5,4.5,0.6,,0.4,28,96.4,20.54,0.19,5.11,0.734,5.0,18.3,0.653,4.6
55.0,5.0,0.7,1.5,4.5,0.6,,0.4,28,96.4,20.42,0.19,5.08,0.729,5.0,18.18,0.649,4.58
55.0,5.0,0.7,1.5,4.5,0.8,,0.4,30,96.7,21.61,0.18,5.32,0.72,5.0,19.21,0.64,4.78
55.0,5.0,0.7,1.5,3.0,0.8,,0.4,30,96.7,21.03,0.18,5.21,0.701,5.0,18.63,0.621,4.67
55.0,5.0,0.7,2.5,4.5,0.8,,0.4,30,96.7,20.97,0.18,5.19,0.699,5.0,18.57,0.619,4.65
55.0,5.0,1.5,2.5,3.0,0.4,,0.4,29,93.1,20.14,0.22,3.01,0.694,10.0,17.82,0.615,2.75
55.0,5.0,1.5,2.5,4.5,0.4,,0.4,29,93.1,20.07,0.22,3.01,0.692,10.0,17.75,0.612,2.75
55.0,5.0,0.7,2.5,3.0,0.8,,0.4,30,96.7,20.39,0.18,5.08,0.68,5.0,17.99,0.6,4.54
55.0,5.0,1.5,2.5,3.0,0.6,14400,0.2,28,92.9,18.62,0.22,2.86,0.665,10.0,16.38,0.585,2.61
55.0,5.0,1.5,2.5,4.5,0.6,14400,0.2,28,92.9,18.62,0.22,2.86,0.665,10.0,16.38,0.585,2.61
55.0,5.0,1.0,2.5,3.0,0.4,,0.4,29,93.1,19.14,0.22,2.91,0.66,10.0,16.82,0.58,2.66
55.0,5.0,1.0,2.5,4.5,0.4,,0.4,29,93.1,19.06,0.22,2.91,0.657,10.0,16.74,0.577,2.65
55.0,5.0,1.5,2.5,3.0,0.4,14400,0.2,29,93.1,19.05,0.22,2.9,0.657,10.0,16.73,0.577,2.65
55.0,5.0,1.5,2.5,4.5,0.4,14400,0.2,29,93.1,19.05,0.22,2.9,0.657,10.0,16.73,0.577,2.65
55.0,5.0,1.0,1.5,3.0,0.4,,0.4,29,93.1,18.79,0.21,2.88,0.648,10.0,16.47,0.568,2.62
55.0,5.0,1.5,2.5,3.0,0.6,14400,0.4,30,90.0,19.38,0.32,2.91,0.646,10.0,16.98,0.566,2.63
55.0,5.0,1.5,2.5,4.5,0.6,14400,0.4,30,90.0,19.38,0.32,2.91,0.646,10.0,16.98,0.566,2.63
55.0,5.0,1.0,1.5,4.5,0.4,,0.4,29,93.1,18.72,0.21,2.87,0.646,10.0,16.4,0.565,2.61
55.0,5.0,1.0,1.5,3.0,0.8,14400,0.2,29,93.1,18.3,0.21,2.83,0.631,10.0,15.98,0.551,2.57
55.0,5.0,1.0,1.5,4.5,0.8,14400,0.2,29,93.1,18.3,0.21,2.83,0.631,10.0,15.98,0.551,2.57
55.0,5.0,1.0,1.5,3.0,0.6,14400,0.2,29,93.1,18.26,0.21,2.83,0.63,10.0,15.94,0.55,2.57
55.0,5.0,1.0,1.5,4.5,0.6,14400,0.2,29,93.1,18.26,0.21,2.83,0.63,10.0,15.94,0.55,2.57
55.0,5.0,1.5,2.5,3.0,0.4,14400,0.4,31,90.3,19.5,0.31,2.92,0.629,10.0,17.02,0.549,2.64
55.0,5.0,1.5,2.5,4.5,0.4,14400,0.4,31,90.3,19.5,0.31,2.92,0.629,10.0,17.02,0.549,2.64
55.0,5.0,1.0,2.5,3.0,0.8,14400,0.2,29,93.1,18.04,0.21,2.8,0.622,10.0,15.72,0.542,2.55
55.0,5.0,1.0,2.5,4.5,0.8,14400,0.2,29,93.1,18.04,0.21,2.8,0.622,10.0,15.72,0.542,2.55
55.0,5.0,1.5,2.5,3.0,0.6,3600,0.2,28,92.9,17.42,0.21,2.74,0.622,10.0,15.18,0.542,2.48
55.0,5.0,1.5,2.5,4.5,0.6,3600,0.2,28,92.9,17.42,0.21,2.74,0.622,10.0,15.18,0.542,2.48
55.0,5.0,1.5,2.5,3.0,0.6,7200,0.2,28,89.3,17.39,0.33,2.74,0.621,10.0,15.15,0.541,2.48
55.0,5.0,1.5,2.5,4.5,0.6,7200,0.2,28,89.3,17.39,0.33,2.74,0.621,10.0,15.15,0.541,2.48
55.0,5.0,1.0,2.5,3.0,0.6,14400,0.2,29,93.1,17.97,0.21,2.8,0.62,10.0,15.65,0.54,2.54
55.0,5.0,1.0,2.5,4.5,0.6,14400,0.2,29,93.1,17.97,0.21,2.8,0.62,10.0,15.65,0.54,2.54
55.0,5.0,1.0,1.5,3.0,0.4,14400,0.2,29,93.1,17.96,0.21,2.8,0.619,10.0,15.64,0.539,2.54
55.0,5.0,1.0,1.5,4.5,0.4,14400,0.2,29,93.1,17.96,0.21,2.8,0.619,10.0,15.64,0.539,2.54
55.0,5.0,1.5,2.5,3.0,0.8,3600,0.2,30,93.3,18.58,0.2,2.86,0.619,10.0,16.18,0.539,2.59
55.0,5.0,1.5,2.5,3.0,0.8,7200,0.2,30,93.3,18.58,0.2,2.86,0.619,10.0,16.18,0.539,2.59
55.0,5.0,1.5,2.5,4.5,0.8,3600,0.2,30,93.3,18.58,0.2,2.86,0.619,10.0,16.18,0.539,2.59
55.0,5.0,1.5,2.5,4.5,0.8,7200,0.2,30,93.3,18.58,0.2,2.86,0.619,10.0,16.18,0.539,2.59
55.0,5.0,1.5,2.5,3.0,0.8,14400,0.2,30,93.3,18.45,0.2,2.84,0.615,10.0,16.05,0.535,2.58
55.0,5.0,1.5,2.5,4.5,0.8,14400,0.2,30,93.3,18.45,0.2,2.84,0.615,10.0,16.05,0.535,2.58
55.0,5.0,1.0,2.5,3.0,0.4,14400,0.2,29,93.1,17.77,0.21,2.78,0.613,10.0,15.45,0.533,2.52
55.0,5.0,1.0,2.5,4.5,0.4,14400,0.2,29,93.1,17.77,0.21,2.78,0.613,10.0,15.45,0.533,2.52
55.0,5.0,1.5,2.5,3.0,0.4,3600,0.2,29,93.1,17.73,0.21,2.77,0.611,10.0,15.41,0.531,2.51
55.0,5.0,1.5,2.5,4.5,0.4,3600,0.2,29,93.1,17.73,0.21,2.77,0.611,10.0,15.41,0.531,2.51
55.0,5.0,1.5,2.5,3.0,0.4,7200,0.2,29,89.7,17.7,0.32,2.77,0.61,10.0,15.38,0.53,2.5
55.0,5.0,1.5,2.5,4.5,0.4,7200,0.2,29,89.7,17.7,0.32,2.77,0.61,10.0,15.38,0.53,2.5
55.0,5.0,1.5,2.5,3.0,0.8,14400,0.4,32,90.6,19.4,0.3,2.91,0.606,10.0,16.84,0.526,2.62
55.0,5.0,1.5,2.5,4.5,0.8,14400,0.4,32,90.6,19.4,0.3,2.91,0.606,10.0,16.84,0.526,2.62
55.0,5.0,1.0,1.5,3.0,0.8,14400,0.4,31,90.3,18.76,0.31,2.85,0.605,10.0,16.28,0.525,2.57
55.0,5.0,1.0,1.5,4.5,0.8,14400,0.4,31,90.3,18.76,0.31,2.85,0.605,10.0,16.28,0.525,2.57
55.0,5.0,1.0,1.5,3.0,0.6,14400,0.4,31,90.3,18.72,0.3,2.84,0.604,10.0,16.24,0.524,2.56
55.0,5.0,1.0,1.5,4.5,0.6,14400,0.4,31,90.3,18.72,0.3,2.84,0.604,10.0,16.24,0.524,2.56
55.0,5.0,1.0,2.5,3.0,0.8,14400,0.4,31,90.3,18.48,0.3,2.82,0.596,10.0,16.0,0.516,2.54
55.0,5.0,1.0,2.5,4.5,0.8,14400,0.4,31,90.3,18.48,0.3,2.82,0.596,10.0,16.0,0.516,2.54
55.0,5.0,1.0,2.5,3.0,0.6,14400,0.4,31,90.3,18.41,0.3,2.81,0.594,10.0,15.93,0.514,2.53
55.0,5.0,1.0,2.5,4.5,0.6,14400,0.4,31,90.3,18.41,0.3,2.81,0.594,10.0,15.93,0.514,2.53
55.0,5.0,1.0,1.5,3.0,0.4,14400,0.4,31,90.3,18.39,0.3,2.81,0.593,10.0,15.91,0.513,2.53
55.0,5.0,1.0,1.5,4.5,0.4,14400,0.4,31,90.3,18.39,0.3,2.81,0.593,10.0,15.91,0.513,2.53
55.0,5.0,1.0,1.5,3.0,0.4,3600,0.2,29,93.1,16.96,0.2,2.7,0.585,10.0,14.63,0.505,2.43
55.0,5.0,1.0,1.5,4.5,0.4,3600,0.2,29,93.1,16.96,0.2,2.7,0.585,10.0,14.63,0.505,2.43
55.0,5.0,1.0,2.5,3.0,0.4,14400,0.4,31,90.3,18.12,0.3,2.78,0.585,10.0,15.64,0.504,2.5
55.0,5.0,1.0,2.5,4.5,0.4,14400,0.4,31,90.3,18.12,0.3,2.78,0.585,10.0,15.64,0.504,2.5
55.0,5.0,1.0,1.5,3.0,0.6,3600,0.2,29,93.1,16.92,0.2,2.69,0.583,10.0,14.6,0.503,2.43
55.0,5.0,1.0,1.5,3.0,0.8,3600,0.2,29,93.1,16.92,0.2,2.69,0.583,10.0,14.6,0.503,2.43
55.0,5.0,1.0,1.5,4.5,0.6,3600,0.2,29,93.1,16.92,0.2,2.69,0.583,10.0,14.6,0.503,2.43
55.0,5.0,1.0,1.5,4.5,0.8,3600,0.2,29,93.1,16.92,0.2,2.69,0.583,10.0,14.6,0.503,2.43
55.0,5.0,1.0,2.5,3.0,0.4,3600,0.2,29,93.1,16.81,0.2,2.68,0.58,10.0,14.49,0.5,2.42
55.0,5.0,1.0,2.5,4.5,0.4,3600,0.2,29,93.1,16.81,0.2,2.68,0.58,10.0,14.49,0.5,2.42
55.0,5.0,1.0,2.5,3.0,0.6,3600,0.2,29,93.1,16.73,0.2,2.67,0.577,10.0,14.41,0.497,2.41
55.0,5.0,1.0,2.5,3.0,0.8,3600,0.2,29,93.1,16.73,0.2,2.67,0.577,10.0,14.41,0.497,2.41
55.0,5.0,1.0,2.5,4.5,0.6,3600,0.2,29,93.1,16.73,0.2,2.67,0.577,10.0,14.41,0.497,2.41
55.0,5.0,1.0,2.5,4.5,0.8,3600,0.2,29,93.1,16.73,0.2,2.67,0.577,10.0,14.41,0.497,2.41
55.0,4.0,1.5,2.5,3.0,0.6,,0.4,40,90.0,22.94,0.27,2.43,0.574,8.0,19.74,0.493,2.21
55.0,5.0,1.0,1.5,3.0,0.4,7200,0.2,29,89.7,16.59,0.31,2.66,0.572,10.0,14.27,0.492,2.39
55.0,5.0,1.0,1.5,4.5,0.4,7200,0.2,29,89.7,16.59,0.31,2.66,0.572,10.0,14.27,0.492,2.39
55.0,5.0,1.0,1.5,3.0,0.6,7200,0.2,29,89.7,16.56,0.31,2.65,0.571,10.0,14.24,0.491,2.39
55.0,5.0,1.0,1.5,3.0,0.8,7200,0.2,29,89.7,16.56,0.31,2.65,0.571,10.0,14.24,0.491,2.39
55.0,5.0,1.0,1.5,4.5,0.6,7200,0.2,29,89.7,16.56,0.31,2.65,0.571,10.0,14.24,0.491,2.39
55.0,5.0,1.0,1.5,4.5,0.8,7200,0.2,29,89.7,16.56,0.31,2.65,0.571,10.0,14.24,0.491,2.39
55.0,4.0,1.5,2.5,4.5,0.6,,0.4,39,89.7,22.23,0.27,2.39,0.57,8.0,19.11,0.49,2.17
55.0,5.0,1.0,2.5,3.0,0.4,7200,0.2,29,89.7,16.45,0.3,2.64,0.567,10.0,14.13,0.487,2.38
55.0,5.0,1.0,2.5,4.5,0.4,7200,0.2,29,89.7,16.45,0.3,2.64,0.567,10.0,14.13,0.487,2.38
55.0,5.0,1.0,2.5,3.0,0.6,7200,0.2,29,89.7,16.37,0.3,2.63,0.564,10.0,14.05,0.485,2.37
55.0,5.0,1.0,2.5,3.0,0.8,7200,0.2,29,89.7,16.37,0.3,2.63,0.564,10.0,14.05,0.485,2.37
55.0,5.0,1.0,2.5,4.5,0.6,7200,0.2,29,89.7,16.37,0.3,2.63,0.564,10.0,14.05,0.485,2.37
55.0,5.0,1.0,2.5,4.5,0.8,7200,0.2,29,89.7,16.37,0.3,2.63,0.564,10.0,14.05,0.485,2.37
55.0,5.0,1.5,2.5,3.0,0.8,7200,0.4,34,94.1,19.2,0.18,2.92,0.565,10.0,16.48,0.485,2.62
55.0,5.0,1.5,2.5,4.5,0.8,7200,0.4,34,94.1,19.2,0.18,2.92,0.565,10.0,16.48,0.485,2.62
55.0,5.0,1.5,2.5,3.0,0.8,2400,0.2,33,90.9,18.6,0.28,2.85,0.564,8.44,15.96,0.484,2.55
55.0,5.0,1.5,2.5,4.5,0.8,2400,0.2,33,90.9,18.6,0.28,2.85,0.564,8.44,15.96,0.484,2.55
55.0,5.0,1.5,2.5,3.0,0.6,7200,0.4,32,90.6,17.82,0.29,2.78,0.557,10.0,15.26,0.477,2.49
55.0,5.0,1.5,2.5,4.5,0.6,7200,0.4,32,90.6,17.82,0.29,2.78,0.557,10.0,15.26,0.477,2.49
55.0,4.0,1.0,2.5,3.0,0.6,,0.4,40,90.0,22.19,0.27,2.39,0.555,8.0,18.99,0.475,2.16
55.0,5.0,1.5,2.5,3.0,0.4,2400,0.2,32,90.6,17.61,0.28,2.75,0.55,9.06,15.05,0.47,2.45
55.0,5.0,1.5,2.5,4.5,0.4,2400,0.2,32,90.6,17.61,0.28,2.75,0.55,9.06,15.05,0.47,2.45
55.0,5.0,0.7,2.5,3.0,0.4,,0.4,29,93.1,15.9,0.19,2.59,0.548,10.0,13.58,0.468,2.34
55.0,5.0,0.7,2.5,4.5,0.4,,0.4,29,93.1,15.82,0.19,2.58,0.546,10.0,13.5,0.466,2.33
55.0,4.0,1.0,2.5,4.5,0.6,,0.4,39,89.7,21.25,0.27,2.33,0.545,8.0,18.13,0.465,2.11
55.0,5.0,1.5,2.5,3.0,0.4,7200,0.4,33,90.9,17.92,0.28,2.79,0.543,10.0,15.28,0.463,2.49
55.0,5.0,1.5,2.5,4.5,0.4,7200,0.4,33,90.9,17.92,0.28,2.79,0.543,10.0,15.28,0.463,2.49
55.0,4.0,1.0,1.5,3.0,0.6,,0.4,40,90.0,21.66,0.26,2.35,0.542,8.0,18.46,0.462,2.13
55.0,5.0,1.0,1.5,3.0,0.4,2400,0.2,32,90.6,17.21,0.28,2.71,0.538,8.91,14.65,0.458,2.41
55.0,5.0,1.0,1.5,4.5,0.4,2400,0.2,32,90.6,17.21,0.28,2.71,0.538,8.91,14.65,0.458,2.41
55.0,5.0,1.5,2.5,3.0,0.6,2400,0.2,31,90.3,16.67,0.28,2.66,0.538,9.26,14.19,0.458,2.37
55.0,5.0,1.5,2.5,4.5,0.6,2400,0.2,31,90.3,16.67,0.28,2.66,0.538,9.26,14.19,0.458,2.37
55.0,5.0,1.0,1.5,3.0,0.6,2400,0.2,32,90.6,17.17,0.28,2.71,0.537,8.91,14.61,0.457,2.41
55.0,5.0,1.0,1.5,3.0,0.8,2400,0.2,32,90.6,17.17,0.28,2.71,0.537,8.91,14.61,0.457,2.41
55.0,5.0,1.0,1.5,4.5,0.6,2400,0.2,32,90.6,17.17,0.28,2.71,0.537,8.91,14.61,0.457,2.41
55.0,5.0,1.0,1.5,4.5,0.8,2400,0.2,32,90.6,17.17,0.28,2.71,0.537,8.91,14.61,0.457,2.41
55.0,5.0,0.7,1.5,3.0,0.4,,0.4,29,93.1,15.55,0.19,2.56,0.536,10.0,13.23,0.456,2.3
55.0,5.0,0.7,1.5,4.5,0.4,,0.4,29,93.1,15.48,0.19,2.55,0.534,10.0,13.16,0.454,2.3
55.0,4.0,1.0,1.5,4.5,0.6,,0.4,39,89.7,20.72,0.26,2.29,0.531,8.0,17.6,0.451,2.08
55.0,5.0,1.0,2.5,3.0,0.4,2400,0.2,32,90.6,16.98,0.28,2.69,0.531,8.91,14.42,0.451,2.39
55.0,5.0,1.0,2.5,4.5,0.4,2400,0.2,32,90.6,16.98,0.28,2.69,0.531,8.91,14.42,0.451,2.39
55.0,5.0,1.0,2.5,3.0,0.6,2400,0.2,32,90.6,16.9,0.28,2.68,0.528,8.91,14.34,0.448,2.39
55.0,5.0,1.0,2.5,3.0,0.8,2400,0.2,32,90.6,16.9,0.28,2.68,0.528,8.91,14.34,0.448,2.39
55.0,5.0,1.0,2.5,4.5,0.6,2400,0.2,32,90.6,16.9,0.28,2.68,0.528,8.91,14.34,0.448,2.39
55.0,5.0,1.0,2.5,4.5,0.8,2400,0.2,32,90.6,16.9,0.28,2.68,0.528,8.91,14.34,0.448,2.39
55.0,4.0,1.0,1.5,4.5,0.8,,0.4,41,90.2,21.37,0.25,2.34,0.521,8.0,18.09,0.441,2.11
55.0,5.0,1.0,1.5,3.0,0.4,7200,0.4,33,90.9,16.97,0.27,2.69,0.514,10.0,14.33,0.434,2.4
55.0,5.0,1.0,1.5,4.5,0.4,7200,0.4,33,90.9,16.97,0.27,2.69,0.514,10.0,14.33,0.434,2.4
55.0,4.0,1.0,2.5,4.5,0.8,,0.4,41,90.2,21.03,0.25,2.31,0.513,8.0,17.75,0.433,2.09
55.0,5.0,1.0,1.5,3.0,0.6,7200,0.4,33,90.9,16.94,0.27,2.69,0.513,10.0,14.3,0.433,2.39
55.0,5.0,1.0,1.5,3.0,0.8,7200,0.4,33,90.9,16.94,0.27,2.69,0.513,10.0,14.3,0.433,2.39
55.0,5.0,1.0,1.5,4.5,0.6,7200,0.4,33,90.9,16.94,0.27,2.69,0.513,10.0,14.3,0.433,2.39
55.0,5.0,1.0,1.5,4.5,0.8,7200,0.4,33,90.9,16.94,0.27,2.69,0.513,10.0,14.3,0.433,2.39
55.0,4.0,1.5,2.5,4.5,0.8,,0.4,41,90.2,21.0,0.25,2.31,0.512,8.0,17.72,0.432,2.09
55.0,4.0,1.0,1.5,3.0,0.8,,0.4,42,90.5,21.43,0.25,2.34,0.51,8.0,18.07,0.43,2.11
55.0,5.0,1.0,2.5,3.0,0.4,7200,0.4,33,90.9,16.74,0.27,2.67,0.507,10.0,14.1,0.427,2.37
55.0,5.0,1.0,2.5,4.5,0.4,7200,0.4,33,90.9,16.74,0.27,2.67,0.507,10.0,14.1,0.427,2.37
55.0,5.0,1.0,2.5,3.0,0.6,7200,0.4,33,90.9,16.67,0.27,2.66,0.505,10.0,14.03,0.425,2.37
55.0,5.0,1.0,2.5,3.0,0.8,7200,0.4,33,90.9,16.67,0.27,2.66,0.505,10.0,14.03,0.425,2.37
55.0,5.0,1.0,2.5,4.5,0.6,7200,0.4,33,90.9,16.67,0.27,2.66,0.505,10.0,14.03,0.425,2.37
55.0,5.0,1.0,2.5,4.5,0.8,7200,0.4,33,90.9,16.67,0.27,2.66,0.505,10.0,14.03,0.425,2.37
55.0,4.0,1.0,2.5,3.0,0.8,,0.4,42,90.5,21.09,0.24,2.32,0.502,8.0,17.73,0.422,2.09
55.0,4.0,0.7,2.5,3.0,0.6,,0.4,40,90.0,19.75,0.27,2.4,0.494,8.0,16.55,0.414,2.15
55.0,4.0,1.5,2.5,3.0,0.8,,0.4,42,90.5,20.75,0.24,2.3,0.494,8.0,17.39,0.414,2.07
55.0,4.0,1.5,2.5,3.0,0.4,,0.4,40,87.5,19.65,0.28,1.98,0.491,12.0,16.45,0.411,1.81
55.0,4.0,0.7,2.5,4.5,0.6,,0.4,39,89.7,18.93,0.27,2.34,0.485,8.0,15.81,0.405,2.09
55.0,4.0,1.5,2.5,4.5,0.4,,0.4,39,87.2,18.91,0.29,1.95,0.485,12.0,15.79,0.405,1.77
55.0,4.0,0.7,1.5,3.0,0.6,,0.4,40,90.0,19.22,0.26,2.36,0.48,8.0,16.02,0.4,2.11
55.0,4.0,0.7,1.5,4.5,0.6,,0.4,39,89.7,18.4,0.26,2.3,0.472,8.0,15.28,0.392,2.06
55.0,5.0,1.5,2.5,3.0,0.8,1200,0.2,52,76.9,24.53,0.99,3.31,0.472,8.44,20.37,0.392,2.71
55.0,5.0,1.5,2.5,4.5,0.8,1200,0.2,52,76.9,24.53,0.99,3.31,0.472,8.44,20.37,0.392,2.71
55.0,4.0,1.0,2.5,3.0,0.4,,0.4,40,87.5,18.29,0.27,1.91,0.457,12.0,15.09,0.377,1.74
55.0,3.0,1.0,1.5,4.5,0.8,,0.4,44,86.4,19.9,0.33,2.11,0.452,6.44,16.38,0.372,1.89
55.0,3.0,1.5,2.5,3.0,0.6,,0.4,45,84.4,20.27,0.36,1.97,0.45,7.11,16.66,0.37,1.77
55.0,4.0,1.0,2.5,4.5,0.4,,0.4,39,87.2,17.39,0.27,1.87,0.446,12.0,14.27,0.366,1.7
55.0,5.0,1.5,2.5,3.0,0.4,1200,0.2,52,76.9,23.14,0.95,3.18,0.445,9.06,18.98,0.365,2.58
55.0,5.0,1.5,2.5,4.5,0.4,1200,0.2,52,76.9,23.14,0.95,3.18,0.445,9.06,18.98,0.365,2.58
55.0,3.0,1.0,1.5,3.0,0.8,,0.4,45,86.7,19.97,0.32,2.11,0.444,6.44,16.37,0.364,1.89
55.0,4.0,1.5,2.5,3.0,0.4,14400,0.2,39,87.2,17.27,0.27,1.86,0.443,12.0,14.15,0.363,1.69
55.0,4.0,1.5,2.5,4.5,0.4,14400,0.2,39,87.2,17.27,0.27,1.86,0.443,12.0,14.15,0.363,1.69
55.0,3.0,1.5,2.5,4.5,0.6,,0.4,44,84.1,19.46,0.36,1.93,0.442,7.22,15.93,0.362,1.74
55.0,4.0,1.0,1.5,3.0,0.4,,0.4,40,87.5,17.66,0.27,1.88,0.442,12.0,14.46,0.361,1.71
55.0,2.0,1.5,2.5,4.5,0.8,,0.4,55,80.0,24.23,0.53,2.1,0.441,5.78,19.83,0.36,1.87
55.0,3.0,1.0,2.5,4.5,0.8,,0.4,44,86.4,19.17,0.33,2.07,0.436,6.48,15.65,0.356,1.85
55.0,2.0,1.0,2.5,4.5,0.8,,0.4,55,80.0,23.95,0.52,2.09,0.435,5.47,19.55,0.355,1.85
55.0,3.0,1.0,2.5,3.0,0.6,,0.4,45,84.4,19.49,0.36,1.93,0.433,7.16,15.89,0.353,1.74
55.0,2.0,1.5,2.5,3.0,0.4,,0.4,59,78.0,25.45,0.56,1.98,0.431,9.16,20.73,0.351,1.77
55.0,2.0,1.0,1.5,4.5,0.8,,0.4,55,80.0,23.63,0.52,2.07,0.43,5.47,19.23,0.35,1.84
55.0,3.0,1.5,2.5,4.5,0.8,,0.4,44,86.4,18.94,0.32,2.05,0.43,6.75,15.42,0.35,1.83
55.0,4.0,1.0,1.5,4.5,0.4,,0.4,39,87.2,16.76,0.27,1.84,0.43,12.0,13.64,0.35,1.67
55.0,5.0,1.5,2.5,3.0,0.6,3600,0.4,50,82.0,21.48,0.65,2.94,0.43,10.0,17.48,0.35,2.46
55.0,5.0,1.5,2.5,4.5,0.6,3600,0.4,50,82.0,21.48,0.65,2.94,0.43,10.0,17.48,0.35,2.46
55.0,3.0,1.0,2.5,3.0,0.8,,0.4,45,86.7,19.24,0.32,2.07,0.428,6.48,15.64,0.348,1.85
55.0,2.0,1.5,2.5,4.5,0.4,,0.4,58,77.6,24.68,0.56,1.95,0.426,9.16,20.04,0.346,1.74
55.0,4.0,1.5,2.5,3.0,0.8,1200,0.2,53,75.5,22.53,0.91,2.79,0.425,10.44,18.29,0.345,2.31
55.0,4.0,1.5,2.5,4.5,0.8,1200,0.2,53,75.5,22.53,0.91,2.79,0.425,10.44,18.29,0.345,2.31
55.0,3.0,1.0,1.5,3.0,0.6,,0.4,45,84.4,18.93,0.35,1.9,0.421,7.54,15.33,0.341,1.71
55.0,3.0,1.0,2.5,4.5,0.6,,0.4,44,84.1,18.44,0.36,1.88,0.419,7.26,14.92,0.339,1.69
55.0,5.0,1.5,2.5,3.0,0.4,3600,0.4,50,82.0,20.9,0.63,2.89,0.418,10.0,16.9,0.338,2.41
55.0,5.0,1.5,2.5,4.5,0.4,3600,0.4,50,82.0,20.9,0.63,2.89,0.418,10.0,16.9,0.338,2.41
55.0,5.0,1.5,2.5,3.0,0.6,1200,0.2,52,76.9,21.62,0.91,3.04,0.416,9.26,17.46,0.336,2.45
55.0,5.0,1.5,2.5,4.5,0.6,1200,0.2,52,76.9,21.62,0.91,3.04,0.416,9.26,17.46,0.336,2.45
55.0,3.0,1.5,2.5,3.0,0.8,,0.4,45,86.7,18.69,0.31,2.04,0.415,6.75,15.09,0.335,1.82
55.0,2.0,1.5,2.5,3.0,0.6,,0.4,57,78.9,23.59,0.53,1.98,0.414,7.68,19.03,0.334,1.76
55.0,4.0,0.7,1.5,4.5,0.8,,0.4,41,90.2,16.93,0.22,2.06,0.413,8.0,13.65,0.333,1.84
55.0,5.0,0.7,1.5,3.0,0.8,14400,0.2,35,94.3,14.41,0.15,2.44,0.412,10.0,11.61,0.332,2.14
55.0,5.0,0.7,1.5,4.5,0.8,14400,0.2,35,94.3,14.41,0.15,2.44,0.412,10.0,11.61,0.332,2.14
55.0,2.0,1.5,2.5,4.5,0.6,,0.4,56,78.6,23.03,0.53,1.96,0.411,7.68,18.55,0.331,1.74
55.0,4.0,1.5,2.5,3.0,0.4,3600,0.2,39,87.2,16.02,0.26,1.8,0.411,12.0,12.9,0.331,1.63
55.0,4.0,1.5,2.5,4.5,0.4,3600,0.2,39,87.2,16.02,0.26,1.8,0.411,12.0,12.9,0.331,1.63
55.0,5.0,0.7,1.5,3.0,0.6,14400,0.2,35,94.3,14.37,0.15,2.44,0.411,10.0,11.58,0.331,2.14
55.0,5.0,0.7,1.5,4.5,0.6,14400,0.2,35,94.3,14.37,0.15,2.44,0.411,10.0,11.58,0.331,2.14
55.0,5.0,0.7,2.5,3.0,0.8,14400,0.2,35,94.3,14.38,0.15,2.44,0.411,10.0,11.58,0.331,2.14
55.0,5.0,0.7,2.5,4.5,0.8,14400,0.2,35,94.3,14.38,0.15,2.44,0.411,10.0,11.58,0.331,2.14
55.0,4.0,1.5,2.5,3.0,0.4,7200,0.2,39,84.6,15.99,0.33,1.8,0.41,12.0,12.87,0.33,1.63
55.0,4.0,1.5,2.5,4.5,0.4,7200,0.2,39,84.6,15.99,0.33,1.8,0.41,12.0,12.87,0.33,1.63
55.0,5.0,1.0,2.5,3.0,0.4,1200,0.2,52,76.9,21.31,0.9,3.01,0.41,8.91,17.15,0.33,2.43
55.0,5.0,1.0,2.5,4.5,0.4,1200,0.2,52,76.9,21.31,0.9,3.01,0.41,8.91,17.15,0.33,2.43
55.0,4.0,1.5,2.5,3.0,0.6,14400,0.2,39,87.2,15.95,0.26,1.8,0.409,12.0,12.83,0.329,1.63
55.0,4.0,1.5,2.5,4.5,0.6,14400,0.2,39,87.2,15.95,0.26,1.8,0.409,12.0,12.83,0.329,1.63
55.0,5.0,0.7,2.5,3.0,0.6,14400,0.2,35,94.3,14.31,0.15,2.43,0.409,10.0,11.51,0.329,2.13
55.0,5.0,0.7,2.5,4.5,0.6,14400,0.2,35,94.3,14.31,0.15,2.43,0.409,10.0,11.51,0.329,2.13
55.0,5.0,1.0,1.5,3.0,0.4,1200,0.2,52,76.9,21.28,0.9,3.01,0.409,8.91,17.12,0.329,2.42
55.0,5.0,1.0,1.5,3.0,0.6,1200,0.2,52,76.9,21.24,0.9,3.0,0.408,8.91,17.08,0.329,2.42
55.0,5.0,1.0,1.5,3.0,0.8,1200,0.2,52,76.9,21.24,0.9,3.0,0.408,8.91,17.08,0.329,2.42
55.0,5.0,1.0,1.5,4.5,0.4,1200,0.2,52,76.9,21.28,0.9,3.01,0.409,8.91,17.12,0.329,2.42
55.0,5.0,1.0,1.5,4.5,0.6,1200,0.2,52,76.9,21.24,0.9,3.0,0.408,8.91,17.08,0.329,2.42
55.0,5.0,1.0,1.5,4.5,0.8,1200,0.2,52,76.9,21.24,0.9,3.0,0.408,8.91,17.08,0.329,2.42
55.0,5.0,1.0,1.5,3.0,0.4,3600,0.4,50,82.0,20.42,0.62,2.84,0.408,10.0,16.42,0.328,2.37
55.0,5.0,1.0,1.5,3.0,0.6,3600,0.4,50,82.0,20.39,0.62,2.84,0.408,10.0,16.39,0.328,2.37
55.0,5.0,1.0,1.5,3.0,0.8,3600,0.4,50,82.0,20.39,0.62,2.84,0.408,10.0,16.39,0.328,2.37
55.0,5.0,1.0,1.5,4.5,0.4,3600,0.4,50,82.0,20.42,0.62,2.84,0.408,10.0,16.42,0.328,2.37
55.0,5.0,1.0,1.5,4.5,0.6,3600,0.4,50,82.0,20.39,0.62,2.84,0.408,10.0,16.39,0.328,2.37
55.0,5.0,1.0,1.5,4.5,0.8,3600,0.4,50,82.0,20.39,0.62,2.84,0.408,10.0,16.39,0.328,2.37
55.0,5.0,1.0,2.5,3.0,0.6,1200,0.2,52,76.9,21.23,0.9,3.0,0.408,8.91,17.07,0.328,2.42
55.0,5.0,1.0,2.5,3.0,0.8,1200,0.2,52,76.9,21.23,0.9,3.0,0.408,8.91,17.07,0.328,2.42
55.0,5.0,1.0,2.5,4.5,0.6,1200,0.2,52,76.9,21.23,0.9,3.0,0.408,8.91,17.07,0.328,2.42
55.0,5.0,1.0,2.5,4.5,0.8,1200,0.2,52,76.9,21.23,0.9,3.0,0.408,8.91,17.07,0.328,2.42
55.0,2.0,1.0,2.5,3.0,0.4,,0.4,59,78.0,23.99,0.54,1.92,0.407,9.18,19.27,0.327,1.71
55.0,3.0,1.0,1.5,4.5,0.6,,0.4,44,84.1,17.88,0.35,1.85,0.406,7.64,14.36,0.326,1.67
55.0,5.0,1.5,2.5,3.0,0.8,3600,0.4,55,81.8,22.31,0.66,2.97,0.406,10.0,17.91,0.326,2.45
55.0,5.0,1.5,2.5,4.5,0.8,3600,0.4,55,81.8,22.31,0.66,2.97,0.406,10.0,17.91,0.326,2.45
55.0,4.0,0.7,2.5,4.5,0.8,,0.4,41,90.2,16.59,0.22,2.04,0.405,8.0,13.31,0.325,1.82
55.0,5.0,1.0,2.5,3.0,0.4,3600,0.4,50,82.0,20.25,0.62,2.83,0.405,10.0,16.25,0.325,2.36
55.0,5.0,1.0,2.5,4.5,0.4,3600,0.4,50,82.0,20.25,0.62,2.83,0.405,10.0,16.25,0.325,2.36
55.0,5.0,0.7,2.5,3.0,0.4,14400,0.2,35,94.3,14.12,0.15,2.41,0.403,10.0,11.32,0.323,2.11
55.0,5.0,0.7,2.5,4.5,0.4,14400,0.2,35,94.3,14.12,0.15,2.41,0.403,10.0,11.32,0.323,2.11
55.0,5.0,1.0,2.5,3.0,0.6,3600,0.4,50,82.0,20.16,0.62,2.82,0.403,10.0,16.16,0.323,2.35
55.0,5.0,1.0,2.5,3.0,0.8,3600,0.4,50,82.0,20.16,0.62,2.82,0.403,10.0,16.16,0.323,2.35
55.0,5.0,1.0,2.5,4.5,0.6,3600,0.4,50,82.0,20.16,0.62,2.82,0.403,10.0,16.16,0.323,2.35
55.0,5.0,1.0,2.5,4.5,0.8,3600,0.4,50,82.0,20.16,0.62,2.82,0.403,10.0,16.16,0.323,2.35
55.0,4.0,0.7,1.5,3.0,0.8,,0.4,42,90.5,16.87,0.22,2.05,0.402,8.0,13.51,0.322,1.83
55.0,5.0,0.7,1.5,3.0,0.4,14400,0.2,35,94.3,14.08,0.15,2.41,0.402,10.0,11.28,0.322,2.11
55.0,5.0,0.7,1.5,4.5,0.4,14400,0.2,35,94.3,14.08,0.15,2.41,0.402,10.0,11.28,0.322,2.11
55.0,4.0,1.0,1.5,3.0,0.6,14400,0.2,39,87.2,15.65,0.26,1.78,0.401,12.0,12.52,0.321,1.61
55.0,4.0,1.0,1.5,4.5,0.6,14400,0.2,39,87.2,15.65,0.26,1.78,0.401,12.0,12.52,0.321,1.61
55.0,4.0,0.7,2.5,3.0,0.4,,0.4,40,87.5,15.97,0.27,1.88,0.399,12.0,12.77,0.319,1.69
55.0,4.0,1.0,1.5,3.0,0.8,14400,0.2,39,87.2,15.56,0.26,1.78,0.399,12.0,12.44,0.319,1.61
55.0,4.0,1.0,1.5,4.5,0.8,14400,0.2,39,87.2,15.56,0.26,1.78,0.399,12.0,12.44,0.319,1.61
55.0,4.0,1.5,2.5,3.0,0.4,1200,0.2,53,75.5,21.14,0.87,2.68,0.399,11.06,16.9,0.319,2.2
55.0,4.0,1.5,2.5,4.5,0.4,1200,0.2,53,75.5,21.14,0.87,2.68,0.399,11.06,16.9,0.319,2.2
55.0,2.0,1.0,2.5,4.5,0.4,,0.4,58,77.6,23.07,0.55,1.89,0.398,9.18,18.43,0.318,1.68
55.0,4.0,1.0,1.5,3.0,0.4,14400,0.2,39,87.2,15.52,0.26,1.78,0.398,12.0,12.4,0.318,1.61
55.0,4.0,1.0,1.5,4.5,0.4,14400,0.2,39,87.2,15.52,0.26,1.78,0.398,12.0,12.4,0.318,1.61
55.0,2.0,1.0,1.5,3.0,0.6,,0.4,57,78.9,22.65,0.52,1.94,0.397,7.35,18.09,0.317,1.72
55.0,5.0,0.7,1.5,3.0,0.8,14400,0.4,36,91.7,14.31,0.22,2.41,0.398,10.0,11.43,0.317,2.1
55.0,5.0,0.7,1.5,4.5,0.8,14400,0.4,36,91.7,14.31,0.22,2.41,0.398,10.0,11.43,0.317,2.1
55.0,5.0,0.7,1.5,3.0,0.6,14400,0.4,36,91.7,14.27,0.22,2.41,0.396,10.0,11.39,0.316,2.1
55.0,5.0,0.7,1.5,4.5,0.6,14400,0.4,36,91.7,14.27,0.22,2.41,0.396,10.0,11.39,0.316,2.1
55.0,5.0,0.7,2.5,3.0,0.8,14400,0.4,36,91.7,14.26,0.22,2.4,0.396,10.0,11.38,0.316,2.09
55.0,5.0,0.7,2.5,4.5,0.8,14400,0.4,36,91.7,14.26,0.22,2.4,0.396,10.0,11.38,0.316,2.09
55.0,4.0,0.7,2.5,3.0,0.8,,0.4,42,90.5,16.53,0.21,2.03,0.394,8.0,13.17,0.314,1.81
55.0,5.0,0.7,2.5,3.0,0.6,14400,0.4,36,91.7,14.19,0.22,2.4,0.394,10.0,11.31,0.314,2.09
55.0,5.0,0.7,2.5,4.5,0.6,14400,0.4,36,91.7,14.19,0.22,2.4,0.394,10.0,11.31,0.314,2.09
55.0,2.0,1.0,1.5,4.5,0.6,,0.4,56,78.6,21.85,0.52,1.91,0.39,7.35,17.37,0.31,1.7
55.0,2.0,1.0,2.5,3.0,0.6,,0.4,57,78.9,22.25,0.51,1.93,0.39,7.54,17.69,0.31,1.71
55.0,4.0,1.0,2.5,3.0,0.4,14400,0.2,39,87.2,15.23,0.26,1.76,0.391,12.0,12.11,0.31,1.59
55.0,4.0,1.0,2.5,4.5,0.4,14400,0.2,39,87.2,15.23,0.26,1.76,0.391,12.0,12.11,0.31,1.59
55.0,2.0,1.0,1.5,3.0,0.4,,0.4,59,78.0,22.98,0.53,1.88,0.389,9.06,18.26,0.309,1.68
55.0,4.0,0.7,2.5,4.5,0.4,,0.4,39,87.2,15.19,0.27,1.84,0.389,12.0,12.07,0.309,1.65
55.0,4.0,1.0,2.5,3.0,0.6,14400,0.2,39,87.2,15.18,0.26,1.76,0.389,12.0,12.06,0.309,1.59
55.0,4.0,1.0,2.5,4.5,0.6,14400,0.2,39,87.2,15.18,0.26,1.76,0.389,12.0,12.06,0.309,1.59
55.0,5.0,0.7,2.5,3.0,0.4,3600,0.2,36,94.4,14.0,0.14,2.4,0.389,10.0,11.12,0.309,2.09
55.0,5.0,0.7,2.5,4.5,0.4,3600,0.2,36,94.4,14.0,0.14,2.4,0.389,10.0,11.12,0.309,2.09
55.0,4.0,1.0,2.5,3.0,0.8,14400,0.2,39,87.2,15.13,0.26,1.76,0.388,12.0,12.01,0.308,1.59
55.0,4.0,1.0,2.5,4.5,0.8,14400,0.2,39,87.2,15.13,0.26,1.76,0.388,12.0,12.01,0.308,1.59
55.0,5.0,0.7,1.5,3.0,0.4,3600,0.2,36,94.4,13.96,0.14,2.4,0.388,10.0,11.08,0.308,2.08
55.0,5.0,0.7,1.5,4.5,0.4,3600,0.2,36,94.4,13.96,0.14,2.4,0.388,10.0,11.08,0.308,2.08
55.0,5.0,0.7,1.5,3.0,0.4,14400,0.4,36,91.7,13.93,0.22,2.37,0.387,10.0,11.05,0.307,2.06
55.0,5.0,0.7,1.5,3.0,0.6,3600,0.2,36,94.4,13.93,0.14,2.39,0.387,10.0,11.05,0.307,2.08
55.0,5.0,0.7,1.5,3.0,0.8,3600,0.2,36,94.4,13.93,0.14,2.39,0.387,10.0,11.05,0.307,2.08
55.0,5.0,0.7,1.5,4.5,0.4,14400,0.4,36,91.7,13.93,0.22,2.37,0.387,10.0,11.05,0.307,2.06
55.0,5.0,0.7,1.5,4.5,0.6,3600,0.2,36,94.4,13.93,0.14,2.39,0.387,10.0,11.05,0.307,2.08
55.0,5.0,0.7,1.5,4.5,0.8,3600,0.2,36,94.4,13.93,0.14,2.39,0.387,10.0,11.05,0.307,2.08
55.0,5.0,0.7,2.5,3.0,0.4,14400,0.4,36,91.7,13.89,0.22,2.37,0.386,10.0,11.01,0.306,2.06
55.0,5.0,0.7,2.5,3.0,0.6,3600,0.2,36,94.4,13.91,0.14,2.39,0.386,10.0,11.03,0.306,2.08
55.0,5.0,0.7,2.5,3.0,0.8,3600,0.2,36,94.4,13.91,0.14,2.39,0.386,10.0,11.03,0.306,2.08
55.0,5.0,0.7,2.5,4.5,0.4,14400,0.4,36,91.7,13.89,0.22,2.37,0.386,10.0,11.01,0.306,2.06
55.0,5.0,0.7,2.5,4.5,0.6,3600,0.2,36,94.4,13.91,0.14,2.39,0.386,10.0,11.03,0.306,2.08
55.0,5.0,0.7,2.5,4.5,0.8,3600,0.2,36,94.4,13.91,0.14,2.39,0.386,10.0,11.03,0.306,2.08
55.0,3.0,1.5,2.5,3.0,0.8,2400,0.2,54,85.2,20.73,0.37,2.14,0.384,7.44,16.41,0.304,1.87
55.0,3.0,1.5,2.5,4.5,0.8,2400,0.2,54,85.2,20.73,0.37,2.14,0.384,7.44,16.41,0.304,1.87
55.0,5.0,0.7,2.5,3.0,0.4,7200,0.2,36,91.7,13.82,0.22,2.38,0.384,10.0,10.94,0.304,2.07
55.0,5.0,0.7,2.5,4.5,0.4,7200,0.2,36,91.7,13.82,0.22,2.38,0.384,10.0,10.94,0.304,2.07
55.0,2.0,1.0,2.5,3.0,0.8,,0.4,57,78.9,21.85,0.51,1.91,0.383,5.47,17.29,0.303,1.69
55.0,2.0,1.0,2.5,4.5,0.6,,0.4,56,78.6,21.45,0.52,1.89,0.383,7.54,16.97,0.303,1.68
55.0,2.0,1.5,2.5,3.0,0.8,,0.4,57,78.9,21.81,0.51,1.91,0.383,5.78,17.25,0.303,1.69
55.0,4.0,0.7,1.5,3.0,0.4,,0.4,40,87.5,15.34,0.26,1.85,0.384,12.0,12.14,0.303,1.66
55.0,4.0,1.5,2.5,3.0,0.6,3600,0.2,39,87.2,14.94,0.26,1.75,0.383,12.0,11.82,0.303,1.58
55.0,4.0,1.5,2.5,4.5,0.6,3600,0.2,39,87.2,14.94,0.26,1.75,0.383,12.0,11.82,0.303,1.58
55.0,5.0,0.7,1.5,3.0,0.4,7200,0.2,36,91.7,13.79,0.22,2.38,0.383,10.0,10.91,0.303,2.06
55.0,5.0,0.7,1.5,4.5,0.4,7200,0.2,36,91.7,13.79,0.22,2.38,0.383,10.0,10.91,0.303,2.06
55.0,3.0,1.5,2.5,3.0,0.4,2400,0.2,53,83.0,20.23,0.4,1.96,0.382,8.06,15.99,0.302,1.73
55.0,3.0,1.5,2.5,3.0,0.4,,0.4,46,82.6,17.58,0.36,1.73,0.382,8.52,13.9,0.302,1.56
55.0,3.0,1.5,2.5,4.5,0.4,2400,0.2,53,83.0,20.23,0.4,1.96,0.382,8.06,15.99,0.302,1.73
55.0,4.0,1.5,2.5,3.0,0.6,7200,0.2,39,84.6,14.91,0.32,1.74,0.382,12.0,11.79,0.302,1.58
55.0,4.0,1.5,2.5,4.5,0.6,7200,0.2,39,84.6,14.91,0.32,1.74,0.382,12.0,11.79,0.302,1.58
55.0,5.0,0.7,1.5,3.0,0.6,7200,0.2,36,91.7,13.77,0.22,2.37,0.382,10.0,10.89,0.302,2.06
55.0,5.0,0.7,1.5,3.0,0.8,7200,0.2,36,91.7,13.77,0.22,2.37,0.382,10.0,10.89,0.302,2.06
55.0,5.0,0.7,1.5,4.5,0.6,7200,0.2,36,91.7,13.77,0.22,2.37,0.382,10.0,10.89,0.302,2.06
55.0,5.0,0.7,1.5,4.5,0.8,7200,0.2,36,91.7,13.77,0.22,2.37,0.382,10.0,10.89,0.302,2.06
55.0,5.0,0.7,2.5,3.0,0.6,7200,0.2,36,91.7,13.75,0.22,2.37,0.382,10.0,10.87,0.302,2.06
55.0,5.0,0.7,2.5,3.0,0.8,7200,0.2,36,91.7,13.75,0.22,2.37,0.382,10.0,10.87,0.302,2.06
55.0,5.0,0.7,2.5,4.5,0.6,7200,0.2,36,91.7,13.75,0.22,2.37,0.382,10.0,10.87,0.302,2.06
55.0,5.0,0.7,2.5,4.5,0.8,7200,0.2,36,91.7,13.75,0.22,2.37,0.382,10.0,10.87,0.302,2.06
55.0,2.0,1.0,1.5,4.5,0.4,,0.4,58,77.6,22.06,0.53,1.85,0.38,9.06,17.42,0.3,1.64
55.0,2.0,0.7,2.5,4.5,0.8,,0.4,55,80.0,20.83,0.51,2.05,0.379,5.59,16.43,0.299,1.79
55.0,2.0,1.0,1.5,3.0,0.8,,0.4,57,78.9,21.53,0.51,1.9,0.378,6.12,16.97,0.298,1.68
55.0,4.0,1.5,2.5,3.0,0.4,2400,0.2,44,84.1,16.64,0.35,1.83,0.378,11.06,13.12,0.298,1.63
55.0,4.0,1.5,2.5,4.5,0.4,2400,0.2,44,84.1,16.64,0.35,1.83,0.378,11.06,13.12,0.298,1.63
55.0,4.0,1.5,2.5,3.0,0.8,3600,0.2,41,87.8,15.41,0.25,1.77,0.376,12.0,12.13,0.296,1.59
55.0,4.0,1.5,2.5,3.0,0.8,7200,0.2,41,87.8,15.41,0.25,1.77,0.376,12.0,12.13,0.296,1.59
55.0,4.0,1.5,2.5,4.5,0.8,3600,0.2,41,87.8,15.41,0.25,1.77,0.376,12.0,12.13,0.296,1.59
55.0,4.0,1.5,2.5,4.5,0.8,7200,0.2,41,87.8,15.41,0.25,1.77,0.376,12.0,12.13,0.296,1.59
55.0,3.0,1.5,2.5,4.5,0.4,,0.4,45,82.2,16.83,0.37,1.7,0.374,8.52,13.23,0.294,1.54
55.0,2.0,0.7,1.5,4.5,0.8,,0.4,55,80.0,20.51,0.51,2.03,0.373,5.59,16.11,0.293,1.78
55.0,4.0,0.7,1.5,4.5,0.4,,0.4,39,87.2,14.56,0.27,1.8,0.373,12.0,11.44,0.293,1.62
55.0,4.0,1.0,1.5,3.0,0.4,3600,0.2,39,87.2,14.42,0.25,1.72,0.37,12.0,11.3,0.29,1.55
55.0,4.0,1.0,1.5,4.5,0.4,3600,0.2,39,87.2,14.42,0.25,1.72,0.37,12.0,11.3,0.29,1.55
55.0,4.0,1.5,2.5,3.0,0.6,1200,0.2,53,75.5,19.62,0.83,2.56,0.37,11.26,15.38,0.29,2.09
55.0,4.0,1.5,2.5,4.5,0.6,1200,0.2,53,75.5,19.62,0.83,2.56,0.37,11.26,15.38,0.29,2.09
55.0,4.0,1.0,1.5,3.0,0.6,3600,0.2,39,87.2,14.38,0.25,1.72,0.369,12.0,11.26,0.289,1.55
55.0,4.0,1.0,1.5,3.0,0.8,3600,0.2,39,87.2,14.38,0.25,1.72,0.369,12.0,11.26,0.289,1.55
55.0,4.0,1.0,1.5,4.5,0.6,3600,0.2,39,87.2,14.38,0.25,1.72,0.369,12.0,11.26,0.289,1.55
55.0,4.0,1.0,1.5,4.5,0.8,3600,0.2,39,87.2,14.38,0.25,1.72,0.369,12.0,11.26,0.289,1.55
55.0,4.0,1.5,2.5,3.0,0.4,14400,0.4,43,79.1,15.84,0.47,1.77,0.368,12.0,12.4,0.288,1.58
55.0,4.0,1.5,2.5,3.0,0.8,14400,0.2,41,87.8,15.09,0.24,1.75,0.368,12.0,11.81,0.288,1.58
55.0,4.0,1.5,2.5,4.5,0.4,14400,0.4,43,79.1,15.84,0.47,1.77,0.368,12.0,12.4,0.288,1.58
55.0,4.0,1.5,2.5,4.5,0.8,14400,0.2,41,87.8,15.09,0.24,1.75,0.368,12.0,11.81,0.288,1.58
55.0,3.0,1.0,1.5,3.0,0.4,2400,0.2,53,83.0,19.4,0.39,1.92,0.366,7.91,15.16,0.286,1.69
55.0,3.0,1.0,1.5,4.5,0.4,2400,0.2,53,83.0,19.4,0.39,1.92,0.366,7.91,15.16,0.286,1.69
55.0,4.0,1.0,2.5,3.0,0.4,3600,0.2,39,87.2,14.28,0.25,1.71,0.366,12.0,11.16,0.286,1.55
55.0,4.0,1.0,2.5,4.5,0.4,3600,0.2,39,87.2,14.28,0.25,1.71,0.366,12.0,11.16,0.286,1.55
55.0,3.0,0.7,2.5,3.0,0.6,,0.4,45,84.4,16.41,0.34,1.84,0.365,7.12,12.81,0.285,1.64
55.0,3.0,1.0,1.5,3.0,0.6,2400,0.2,53,83.0,19.37,0.39,1.92,0.365,7.91,15.12,0.285,1.69
55.0,3.0,1.0,1.5,3.0,0.8,2400,0.2,53,83.0,19.37,0.39,1.92,0.365,7.91,15.12,0.285,1.69
55.0,3.0,1.0,1.5,4.5,0.6,2400,0.2,53,83.0,19.37,0.39,1.92,0.365,7.91,15.12,0.285,1.69
55.0,3.0,1.0,1.5,4.5,0.8,2400,0.2,53,83.0,19.37,0.39,1.92,0.365,7.91,15.12,0.285,1.69
55.0,4.0,1.0,1.5,3.0,0.4,1200,0.2,53,75.5,19.28,0.82,2.53,0.364,10.91,15.04,0.284,2.07
55.0,4.0,1.0,1.5,3.0,0.4,7200,0.2,39,84.6,14.21,0.31,1.71,0.364,12.0,11.09,0.284,1.54
55.0,4.0,1.0,1.5,3.0,0.6,7200,0.2,39,84.6,14.19,0.31,1.71,0.364,12.0,11.07,0.284,1.54
55.0,4.0,1.0,1.5,3.0,0.8,7200,0.2,39,84.6,14.19,0.31,1.71,0.364,12.0,11.07,0.284,1.54
55.0,4.0,1.0,1.5,4.5,0.4,1200,0.2,53,75.5,19.28,0.82,2.53,0.364,10.91,15.04,0.284,2.07
55.0,4.0,1.0,1.5,4.5,0.4,7200,0.2,39,84.6,14.21,0.31,1.71,0.364,12.0,11.09,0.284,1.54
55.0,4.0,1.0,1.5,4.5,0.6,7200,0.2,39,84.6,14.19,0.31,1.71,0.364,12.0,11.07,0.284,1.54
55.0,4.0,1.0,1.5,4.5,0.8,7200,0.2,39,84.6,14.19,0.31,1.71,0.364,12.0,11.07,0.284,1.54
55.0,4.0,1.0,2.5,3.0,0.4,1200,0.2,53,75.5,19.31,0.82,2.53,0.364,10.91,15.07,0.284,2.07
55.0,4.0,1.0,2.5,3.0,0.6,3600,0.2,39,87.2,14.19,0.25,1.71,0.364,12.0,11.07,0.284,1.54
55.0,4.0,1.0,2.5,3.0,0.8,3600,0.2,39,87.2,14.19,0.25,1.71,0.364,12.0,11.07,0.284,1.54
55.0,4.0,1.0,2.5,4.5,0.4,1200,0.2,53,75.5,19.31,0.82,2.53,0.364,10.91,15.07,0.284,2.07
55.0,4.0,1.0,2.5,4.5,0.6,3600,0.2,39,87.2,14.19,0.25,1.71,0.364,12.0,11.07,0.284,1.54
55.0,4.0,1.0,2.5,4.5,0.8,3600,0.2,39,87.2,14.19,0.25,1.71,0.364,12.0,11.07,0.284,1.54
55.0,4.0,1.0,1.5,3.0,0.6,1200,0.2,53,75.5,19.24,0.82,2.53,0.363,10.91,15.0,0.283,2.06
55.0,4.0,1.0,1.5,3.0,0.8,1200,0.2,53,75.5,19.24,0.82,2.53,0.363,10.91,15.0,0.283,2.06
55.0,4.0,1.0,1.5,4.5,0.6,1200,0.2,53,75.5,19.24,0.82,2.53,0.363,10.91,15.0,0.283,2.06
55.0,4.0,1.0,1.5,4.5,0.8,1200,0.2,53,75.5,19.24,0.82,2.53,0.363,10.91,15.0,0.283,2.06
55.0,4.0,1.0,2.5,3.0,0.6,1200,0.2,53,75.5,19.23,0.82,2.53,0.363,10.91,14.99,0.283,2.06
55.0,4.0,1.0,2.5,3.0,0.8,1200,0.2,53,75.5,19.23,0.82,2.53,0.363,10.91,14.99,0.283,2.06
55.0,4.0,1.0,2.5,4.5,0.6,1200,0.2,53,75.5,19.23,0.82,2.53,0.363,10.91,14.99,0.283,2.06
55.0,4.0,1.0,2.5,4.5,0.8,1200,0.2,53,75.5,19.23,0.82,2.53,0.363,10.91,14.99,0.283,2.06
55.0,3.0,1.0,2.5,3.0,0.4,2400,0.2,53,83.0,19.18,0.39,1.91,0.362,7.91,14.94,0.282,1.68
55.0,3.0,1.0,2.5,4.5,0.4,2400,0.2,53,83.0,19.18,0.39,1.91,0.362,7.91,14.94,0.282,1.68
55.0,4.0,1.0,2.5,3.0,0.4,7200,0.2,39,84.6,14.07,0.31,1.7,0.361,12.0,10.95,0.281,1.53
55.0,4.0,1.0,2.5,4.5,0.4,7200,0.2,39,84.6,14.07,0.31,1.7,0.361,12.0,10.95,0.281,1.53
55.0,3.0,1.0,2.5,3.0,0.6,2400,0.2,53,83.0,19.09,0.39,1.9,0.36,7.91,14.85,0.28,1.67
55.0,3.0,1.0,2.5,3.0,0.8,2400,0.2,53,83.0,19.09,0.39,1.9,0.36,7.91,14.85,0.28,1.67
55.0,3.0,1.0,2.5,4.5,0.6,2400,0.2,53,83.0,19.09,0.39,1.9,0.36,7.91,14.85,0.28,1.67
55.0,3.0,1.0,2.5,4.5,0.8,2400,0.2,53,83.0,19.09,0.39,1.9,0.36,7.91,14.85,0.28,1.67
55.0,3.0,1.5,2.5,3.0,0.8,3600,0.2,44,84.1,15.81,0.33,1.75,0.359,7.44,12.29,0.279,1.57
55.0,3.0,1.5,2.5,3.0,0.8,7200,0.2,44,84.1,15.81,0.33,1.75,0.359,7.44,12.29,0.279,1.57
55.0,3.0,1.5,2.5,4.5,0.8,3600,0.2,44,84.1,15.81,0.33,1.75,0.359,7.44,12.29,0.279,1.57
55.0,3.0,1.5,2.5,4.5,0.8,7200,0.2,44,84.1,15.81,0.33,1.75,0.359,7.44,12.29,0.279,1.57
55.0,4.0,1.0,2.5,3.0,0.6,7200,0.2,39,84.6,14.0,0.31,1.7,0.359,12.0,10.88,0.279,1.53
55.0,4.0,1.0,2.5,3.0,0.8,7200,0.2,39,84.6,14.0,0.31,1.7,0.359,12.0,10.88,0.279,1.53
55.0,4.0,1.0,2.5,4.5,0.6,7200,0.2,39,84.6,14.0,0.31,1.7,0.359,12.0,10.88,0.279,1.53
55.0,4.0,1.0,2.5,4.5,0.8,7200,0.2,39,84.6,14.0,0.31,1.7,0.359,12.0,10.88,0.279,1.53
55.0,3.0,1.0,2.5,3.0,0.4,,0.4,46,82.6,16.46,0.35,1.69,0.358,8.39,12.78,0.278,1.52
55.0,3.0,1.5,2.5,3.0,0.8,7200,0.4,61,83.6,21.82,0.43,2.19,0.358,7.44,16.94,0.278,1.89
55.0,3.0,1.5,2.5,4.5,0.8,7200,0.4,61,83.6,21.82,0.43,2.19,0.358,7.44,16.94,0.278,1.89
55.0,4.0,1.0,1.5,3.0,0.4,2400,0.2,44,84.1,15.62,0.34,1.78,0.355,10.91,12.1,0.275,1.58
55.0,4.0,1.0,1.5,4.5,0.4,2400,0.2,44,84.1,15.62,0.34,1.78,0.355,10.91,12.1,0.275,1.58
55.0,4.0,1.0,1.5,3.0,0.6,2400,0.2,44,84.1,15.58,0.34,1.77,0.354,10.91,12.06,0.274,1.58
55.0,4.0,1.0,1.5,3.0,0.8,2400,0.2,44,84.1,15.58,0.34,1.77,0.354,10.91,12.06,0.274,1.58
55.0,4.0,1.0,1.5,4.5,0.6,2400,0.2,44,84.1,15.58,0.34,1.77,0.354,10.91,12.06,0.274,1.58
55.0,4.0,1.0,1.5,4.5,0.8,2400,0.2,44,84.1,15.58,0.34,1.77,0.354,10.91,12.06,0.274,1.58
55.0,3.0,0.7,1.5,3.0,0.6,,0.4,45,84.4,15.85,0.33,1.81,0.352,7.15,12.25,0.272,1.61
55.0,3.0,0.7,2.5,4.5,0.6,,0.4,44,84.1,15.48,0.34,1.79,0.352,7.12,11.96,0.272,1.6
55.0,3.0,1.5,2.5,3.0,0.6,2400,0.2,53,83.0,18.67,0.39,1.88,0.352,8.26,14.43,0.272,1.66
55.0,3.0,1.5,2.5,3.0,0.8,14400,0.2,44,84.1,15.49,0.33,1.74,0.352,7.44,11.97,0.272,1.56
55.0,3.0,1.5,2.5,4.5,0.6,2400,0.2,53,83.0,18.67,0.39,1.88,0.352,8.26,14.43,0.272,1.66
55.0,3.0,1.5,2.5,4.5,0.8,14400,0.2,44,84.1,15.49,0.33,1.74,0.352,7.44,11.97,0.272,1.56
55.0,5.0,0.7,2.5,3.0,0.4,2400,0.2,42,90.5,14.77,0.26,2.47,0.352,9.3,11.41,0.272,2.09
55.0,5.0,0.7,2.5,4.5,0.4,2400,0.2,42,90.5,14.77,0.26,2.47,0.352,9.3,11.41,0.272,2.09
55.0,3.0,1.5,2.5,3.0,0.4,1200,0.2,63,73.0,22.1,0.89,2.4,0.351,8.06,17.06,0.271,1.97
55.0,3.0,1.5,2.5,4.5,0.4,1200,0.2,63,73.0,22.1,0.89,2.4,0.351,8.06,17.06,0.271,1.97
55.0,5.0,0.7,1.5,3.0,0.4,2400,0.2,42,90.5,14.73,0.26,2.46,0.351,9.3,11.37,0.271,2.09
55.0,5.0,0.7,1.5,4.5,0.4,2400,0.2,42,90.5,14.73,0.26,2.46,0.351,9.3,11.37,0.271,2.09
55.0,2.0,0.7,2.5,3.0,0.4,,0.4,59,78.0,20.63,0.53,1.87,0.35,9.54,15.91,0.27,1.64
55.0,3.0,1.0,1.5,3.0,0.4,,0.4,46,82.6,16.1,0.35,1.67,0.35,8.27,12.42,0.27,1.5
55.0,4.0,1.0,2.5,3.0,0.4,2400,0.2,44,84.1,15.39,0.33,1.77,0.35,10.91,11.87,0.27,1.57
55.0,4.0,1.0,2.5,4.5,0.4,2400,0.2,44,84.1,15.39,0.33,1.77,0.35,10.91,11.87,0.27,1.57
55.0,5.0,0.7,1.5,3.0,0.6,2400,0.2,42,90.5,14.7,0.26,2.46,0.35,9.3,11.34,0.27,2.09
55.0,5.0,0.7,1.5,3.0,0.8,2400,0.2,42,90.5,14.7,0.26,2.46,0.35,9.3,11.34,0.27,2.09
55.0,5.0,0.7,1.5,4.5,0.6,2400,0.2,42,90.5,14.7,0.26,2.46,0.35,9.3,11.34,0.27,2.09
55.0,5.0,0.7,1.5,4.5,0.8,2400,0.2,42,90.5,14.7,0.26,2.46,0.35,9.3,11.34,0.27,2.09
55.0,5.0,0.7,2.5,3.0,0.6,2400,0.2,42,90.5,14.68,0.26,2.46,0.35,9.3,11.32,0.27,2.08
55.0,5.0,0.7,2.5,3.0,0.8,2400,0.2,42,90.5,14.68,0.26,2.46,0.35,9.3,11.32,0.27,2.08
55.0,5.0,0.7,2.5,4.5,0.6,2400,0.2,42,90.5,14.68,0.26,2.46,0.35,9.3,11.32,0.27,2.08
55.0,5.0,0.7,2.5,4.5,0.8,2400,0.2,42,90.5,14.68,0.26,2.46,0.35,9.3,11.32,0.27,2.08
55.0,3.0,0.7,1.5,4.5,0.8,,0.4,44,86.4,15.34,0.29,1.85,0.349,6.8,11.82,0.269,1.64
55.0,4.0,1.5,2.5,3.0,0.6,14400,0.4,43,79.1,15.0,0.46,1.73,0.349,12.0,11.56,0.269,1.54
55.0,4.0,1.5,2.5,4.5,0.6,14400,0.4,43,79.1,15.0,0.46,1.73,0.349,12.0,11.56,0.269,1.54
55.0,4.0,1.0,2.5,3.0,0.6,2400,0.2,44,84.1,15.31,0.33,1.76,0.348,10.91,11.79,0.268,1.57
55.0,4.0,1.0,2.5,3.0,0.8,2400,0.2,44,84.1,15.31,0.33,1.76,0.348,10.91,11.79,0.268,1.57
55.0,4.0,1.0,2.5,4.5,0.6,2400,0.2,44,84.1,15.31,0.33,1.76,0.348,10.91,11.79,0.268,1.57
55.0,4.0,1.0,2.5,4.5,0.8,2400,0.2,44,84.1,15.31,0.33,1.76,0.348,10.91,11.79,0.268,1.57
55.0,2.0,1.5,2.5,3.0,0.4,14400,0.2,59,76.3,20.48,0.54,1.73,0.347,8.93,15.76,0.267,1.54
55.0,2.0,1.5,2.5,4.5,0.4,14400,0.2,59,76.3,20.48,0.54,1.73,0.347,8.93,15.76,0.267,1.54
55.0,4.0,1.5,2.5,3.0,0.8,2400,0.2,46,84.8,15.94,0.32,1.79,0.347,10.44,12.26,0.267,1.59
55.0,4.0,1.5,2.5,4.5,0.8,2400,0.2,46,84.8,15.94,0.32,1.79,0.347,10.44,12.26,0.267,1.59
55.0,3.0,1.0,2.5,4.5,0.4,,0.4,45,82.2,15.56,0.36,1.65,0.346,8.39,11.96,0.266,1.49
55.0,3.0,1.5,2.5,3.0,0.4,14400,0.2,45,82.2,15.5,0.36,1.65,0.344,8.32,11.9,0.265,1.48
55.0,3.0,1.5,2.5,4.5,0.4,14400,0.2,45,82.2,15.5,0.36,1.65,0.344,8.32,11.9,0.265,1.48
55.0,2.0,0.7,2.5,4.5,0.4,,0.4,58,77.6,19.83,0.53,1.83,0.342,9.54,15.19,0.262,1.61
55.0,4.0,1.0,1.5,3.0,0.6,14400,0.4,43,79.1,14.72,0.45,1.72,0.342,12.0,11.28,0.262,1.53
55.0,4.0,1.0,1.5,4.5,0.6,14400,0.4,43,79.1,14.72,0.45,1.72,0.342,12.0,11.28,0.262,1.53
55.0,2.0,0.7,1.5,3.0,0.6,,0.4,57,78.9,19.41,0.5,1.89,0.341,7.71,14.85,0.26,1.65
55.0,3.0,0.7,1.5,3.0,0.8,,0.4,45,86.7,15.29,0.28,1.85,0.34,6.8,11.69,0.26,1.63
55.0,3.0,1.5,2.5,3.0,0.4,7200,0.4,58,81.0,19.74,0.45,1.93,0.34,8.06,15.1,0.26,1.68
55.0,3.0,1.5,2.5,4.5,0.4,7200,0.4,58,81.0,19.74,0.45,1.93,0.34,8.06,15.1,0.26,1.68
55.0,4.0,1.0,1.5,3.0,0.8,14400,0.4,43,79.1,14.64,0.45,1.71,0.34,12.0,11.2,0.26,1.53
55.0,4.0,1.0,1.5,4.5,0.8,14400,0.4,43,79.1,14.64,0.45,1.71,0.34,12.0,11.2,0.26,1.53
55.0,3.0,0.7,1.5,4.5,0.6,,0.4,44,84.1,14.92,0.33,1.76,0.339,7.15,11.4,0.259,1.57
55.0,3.0,1.0,2.5,3.0,0.4,1200,0.2,63,73.0,21.33,0.87,2.36,0.339,7.91,16.29,0.259,1.93
55.0,3.0,1.0,2.5,4.5,0.4,1200,0.2,63,73.0,21.33,0.87,2.36,0.339,7.91,16.29,0.259,1.93
55.0,3.0,1.5,2.5,3.0,0.8,1200,0.2,68,72.1,23.08,0.95,2.46,0.339,7.44,17.64,0.259,2.0
55.0,3.0,1.5,2.5,4.5,0.8,1200,0.2,68,72.1,23.08,0.95,2.46,0.339,7.44,17.64,0.259,2.0
55.0,4.0,1.5,2.5,3.0,0.6,2400,0.2,44,84.1,14.9,0.33,1.74,0.339,11.26,11.38,0.259,1.55
55.0,4.0,1.5,2.5,4.5,0.6,2400,0.2,44,84.1,14.9,0.33,1.74,0.339,11.26,11.38,0.259,1.55
55.0,3.0,1.0,1.5,3.0,0.4,1200,0.2,63,73.0,21.29,0.87,2.35,0.338,7.91,16.25,0.258,1.92
55.0,3.0,1.0,1.5,4.5,0.4,1200,0.2,63,73.0,21.29,0.87,2.35,0.338,7.91,16.25,0.258,1.92
55.0,3.0,1.0,1.5,4.5,0.4,,0.4,45,82.2,15.19,0.35,1.63,0.338,8.27,11.59,0.258,1.47
55.0,4.0,1.0,1.5,3.0,0.4,14400,0.4,43,79.1,14.55,0.45,1.71,0.338,12.0,11.11,0.258,1.52
55.0,4.0,1.0,1.5,4.5,0.4,14400,0.4,43,79.1,14.55,0.45,1.71,0.338,12.0,11.11,0.258,1.52
55.0,3.0,1.0,1.5,3.0,0.6,1200,0.2,63,73.0,21.26,0.87,2.35,0.337,7.91,16.22,0.257,1.92
55.0,3.0,1.0,1.5,3.0,0.8,1200,0.2,63,73.0,21.26,0.87,2.35,0.337,7.91,16.22,0.257,1.92
55.0,3.0,1.0,1.5,4.5,0.6,1200,0.2,63,73.0,21.26,0.87,2.35,0.337,7.91,16.22,0.257,1.92
55.0,3.0,1.0,1.5,4.5,0.8,1200,0.2,63,73.0,21.26,0.87,2.35,0.337,7.91,16.22,0.257,1.92
55.0,3.0,1.0,2.5,3.0,0.6,1200,0.2,63,73.0,21.24,0.87,2.35,0.337,7.91,16.2,0.257,1.92
55.0,3.0,1.0,2.5,3.0,0.8,1200,0.2,63,73.0,21.24,0.87,2.35,0.337,7.91,16.2,0.257,1.92
55.0,3.0,1.0,2.5,4.5,0.6,1200,0.2,63,73.0,21.24,0.87,2.35,0.337,7.91,16.2,0.257,1.92
55.0,3.0,1.0,2.5,4.5,0.8,1200,0.2,63,73.0,21.24,0.87,2.35,0.337,7.91,16.2,0.257,1.92
55.0,2.0,0.7,1.5,4.5,0.6,,0.4,56,78.6,18.73,0.51,1.86,0.334,7.71,14.25,0.254,1.63
55.0,2.0,0.7,2.5,3.0,0.6,,0.4,57,78.9,19.01,0.5,1.87,0.334,7.9,14.45,0.253,1.63
55.0,2.0,0.7,1.5,3.0,0.4,,0.4,59,78.0,19.62,0.52,1.82,0.333,9.42,14.9,0.252,1.6
55.0,3.0,0.7,2.5,4.5,0.8,,0.4,44,86.4,14.61,0.29,1.81,0.332,6.84,11.09,0.252,1.6
55.0,2.0,1.5,2.5,3.0,0.6,14400,0.2,58,75.9,19.22,0.54,1.69,0.331,9.33,14.58,0.251,1.5
55.0,2.0,1.5,2.5,4.5,0.6,14400,0.2,58,75.9,19.22,0.54,1.69,0.331,9.33,14.58,0.251,1.5
55.0,4.0,1.0,2.5,3.0,0.6,14400,0.4,43,79.1,14.24,0.45,1.69,0.331,12.0,10.8,0.251,1.51
55.0,4.0,1.0,2.5,4.5,0.6,14400,0.4,43,79.1,14.24,0.45,1.69,0.331,12.0,10.8,0.251,1.51
55.0,4.0,1.0,2.5,3.0,0.4,14400,0.4,43,79.1,14.18,0.45,1.69,0.33,12.0,10.74,0.25,1.5
55.0,4.0,1.0,2.5,3.0,0.8,14400,0.4,43,79.1,14.19,0.45,1.69,0.33,12.0,10.75,0.25,1.5
55.0,4.0,1.0,2.5,4.5,0.4,14400,0.4,43,79.1,14.18,0.45,1.69,0.33,12.0,10.74,0.25,1.5
55.0,4.0,1.0,2.5,4.5,0.8,14400,0.4,43,79.1,14.19,0.45,1.69,0.33,12.0,10.75,0.25,1.5
55.0,3.0,1.5,2.5,3.0,0.6,7200,0.4,58,81.0,19.01,0.44,1.89,0.328,8.26,14.37,0.248,1.65
55.0,3.0,1.5,2.5,4.5,0.6,7200,0.4,58,81.0,19.01,0.44,1.89,0.328,8.26,14.37,0.248,1.65
55.0,5.0,0.7,2.5,3.0,0.4,7200,0.4,45,86.7,14.76,0.37,2.43,0.328,10.0,11.16,0.248,2.03
55.0,5.0,0.7,2.5,4.5,0.4,7200,0.4,45,86.7,14.76,0.37,2.43,0.328,10.0,11.16,0.248,2.03
55.0,2.0,0.7,2.5,4.5,0.6,,0.4,56,78.6,18.33,0.5,1.84,0.327,7.9,13.85,0.247,1.61
55.0,5.0,0.7,1.5,3.0,0.4,7200,0.4,45,86.7,14.72,0.37,2.43,0.327,10.0,11.12,0.247,2.03
55.0,5.0,0.7,1.5,3.0,0.6,7200,0.4,45,86.7,14.7,0.37,2.42,0.327,10.0,11.1,0.247,2.03
55.0,5.0,0.7,1.5,3.0,0.8,7200,0.4,45,86.7,14.7,0.37,2.42,0.327,10.0,11.1,0.247,2.03
55.0,5.0,0.7,1.5,4.5,0.4,7200,0.4,45,86.7,14.72,0.37,2.43,0.327,10.0,11.12,0.247,2.03
55.0,5.0,0.7,1.5,4.5,0.6,7200,0.4,45,86.7,14.7,0.37,2.42,0.327,10.0,11.1,0.247,2.03
55.0,5.0,0.7,1.5,4.5,0.8,7200,0.4,45,86.7,14.7,0.37,2.42,0.327,10.0,11.1,0.247,2.03
55.0,2.0,0.7,2.5,3.0,0.8,,0.4,57,78.9,18.61,0.49,1.85,0.326,5.78,14.05,0.246,1.62
55.0,3.0,1.5,2.5,3.0,0.6,1200,0.2,63,73.0,20.55,0.85,2.31,0.326,8.26,15.51,0.246,1.88
55.0,3.0,1.5,2.5,4.5,0.6,1200,0.2,63,73.0,20.55,0.85,2.31,0.326,8.26,15.51,0.246,1.88
55.0,5.0,0.7,2.5,3.0,0.6,7200,0.4,45,86.7,14.68,0.37,2.42,0.326,10.0,11.08,0.246,2.03
55.0,5.0,0.7,2.5,3.0,0.8,7200,0.4,45,86.7,14.68,0.37,2.42,0.326,10.0,11.08,0.246,2.03
55.0,5.0,0.7,2.5,4.5,0.6,7200,0.4,45,86.7,14.68,0.37,2.42,0.326,10.0,11.08,0.246,2.03
55.0,5.0,0.7,2.5,4.5,0.8,7200,0.4,45,86.7,14.68,0.37,2.42,0.326,10.0,11.08,0.246,2.03
55.0,2.0,0.7,1.5,4.5,0.4,,0.4,58,77.6,18.82,0.52,1.79,0.324,9.42,14.18,0.244,1.57
55.0,3.0,0.7,2.5,3.0,0.8,,0.4,45,86.7,14.56,0.28,1.81,0.324,6.84,10.96,0.244,1.59
55.0,3.0,1.0,1.5,3.0,0.4,7200,0.4,58,81.0,18.81,0.44,1.88,0.324,7.84,14.17,0.244,1.64
55.0,3.0,1.0,1.5,4.5,0.4,7200,0.4,58,81.0,18.81,0.44,1.88,0.324,7.84,14.17,0.244,1.64
55.0,3.0,1.5,2.5,3.0,0.6,14400,0.2,45,82.2,14.56,0.35,1.61,0.324,8.26,10.96,0.244,1.44
55.0,3.0,1.5,2.5,3.0,0.8,3600,0.4,83,75.9,26.92,0.91,2.87,0.324,7.44,20.29,0.244,2.23
55.0,3.0,1.5,2.5,4.5,0.6,14400,0.2,45,82.2,14.56,0.35,1.61,0.324,8.26,10.96,0.244,1.44
55.0,3.0,1.5,2.5,4.5,0.8,3600,0.4,83,75.9,26.92,0.91,2.87,0.324,7.44,20.29,0.244,2.23
55.0,4.0,1.5,2.5,3.0,0.4,7200,0.4,52,82.7,16.85,0.38,1.83,0.324,12.0,12.69,0.244,1.6
55.0,4.0,1.5,2.5,4.5,0.4,7200,0.4,52,82.7,16.85,0.38,1.83,0.324,12.0,12.69,0.244,1.6
55.0,3.0,1.0,1.5,3.0,0.6,7200,0.4,58,81.0,18.67,0.44,1.88,0.322,7.84,14.03,0.242,1.63
55.0,3.0,1.0,1.5,4.5,0.6,7200,0.4,58,81.0,18.67,0.44,1.88,0.322,7.84,14.03,0.242,1.63
55.0,2.0,0.7,1.5,3.0,0.8,,0.4,57,78.9,18.29,0.49,1.84,0.321,6.48,13.73,0.241,1.6
55.0,3.0,1.0,2.5,3.0,0.4,7200,0.4,58,81.0,18.59,0.44,1.87,0.321,7.84,13.95,0.241,1.63
55.0,3.0,1.0,2.5,4.5,0.4,7200,0.4,58,81.0,18.59,0.44,1.87,0.321,7.84,13.95,0.241,1.63
55.0,3.0,1.0,1.5,3.0,0.8,7200,0.4,58,81.0,18.55,0.44,1.87,0.32,7.84,13.91,0.24,1.63
55.0,3.0,1.0,1.5,4.5,0.8,7200,0.4,58,81.0,18.55,0.44,1.87,0.32,7.84,13.91,0.24,1.63
55.0,4.0,1.5,2.5,3.0,0.8,14400,0.4,45,80.0,14.34,0.42,1.7,0.319,12.0,10.74,0.239,1.5
55.0,4.0,1.5,2.5,4.5,0.8,14400,0.4,45,80.0,14.34,0.42,1.7,0.319,12.0,10.74,0.239,1.5
55.0,3.0,1.0,1.5,3.0,0.8,14400,0.2,45,82.2,14.27,0.34,1.59,0.317,8.19,10.67,0.237,1.43
55.0,3.0,1.0,1.5,4.5,0.8,14400,0.2,45,82.2,14.27,0.34,1.59,0.317,8.19,10.67,0.237,1.43
55.0,3.0,1.0,2.5,3.0,0.6,7200,0.4,58,81.0,18.4,0.44,1.86,0.317,7.84,13.76,0.237,1.62
55.0,3.0,1.0,2.5,4.5,0.6,7200,0.4,58,81.0,18.4,0.44,1.86,0.317,7.84,13.76,0.237,1.62
55.0,3.0,1.5,2.5,3.0,0.4,3600,0.2,45,82.2,14.26,0.34,1.59,0.317,8.32,10.66,0.237,1.43
55.0,3.0,1.5,2.5,4.5,0.4,3600,0.2,45,82.2,14.26,0.34,1.59,0.317,8.32,10.66,0.237,1.43
55.0,3.0,1.0,1.5,3.0,0.4,14400,0.2,45,82.2,14.22,0.34,1.59,0.316,8.19,10.62,0.236,1.43
55.0,3.0,1.0,1.5,3.0,0.6,14400,0.2,45,82.2,14.23,0.34,1.59,0.316,8.19,10.63,0.236,1.43
55.0,3.0,1.0,1.5,4.5,0.4,14400,0.2,45,82.2,14.22,0.34,1.59,0.316,8.19,10.62,0.236,1.43
55.0,3.0,1.0,1.5,4.5,0.6,14400,0.2,45,82.2,14.23,0.34,1.59,0.316,8.19,10.63,0.236,1.43
55.0,3.0,1.5,2.5,3.0,0.4,7200,0.2,45,80.0,14.23,0.4,1.59,0.316,8.32,10.63,0.236,1.43
55.0,3.0,1.5,2.5,4.5,0.4,7200,0.2,45,80.0,14.23,0.4,1.59,0.316,8.32,10.63,0.236,1.43
55.0,3.0,1.0,2.5,3.0,0.8,7200,0.4,58,81.0,18.28,0.44,1.86,0.315,7.84,13.64,0.235,1.62
55.0,3.0,1.0,2.5,4.5,0.8,7200,0.4,58,81.0,18.28,0.44,1.86,0.315,7.84,13.64,0.235,1.62
55.0,3.0,1.5,2.5,3.0,0.6,3600,0.4,78,75.6,24.53,0.78,2.43,0.314,8.26,18.3,0.235,1.96
55.0,3.0,1.5,2.5,4.5,0.6,3600,0.4,78,75.6,24.53,0.78,2.43,0.314,8.26,18.3,0.235,1.96
55.0,2.0,1.5,2.5,3.0,0.6,7200,0.2,58,74.1,18.18,0.58,1.65,0.313,9.33,13.54,0.233,1.46
55.0,2.0,1.5,2.5,4.5,0.6,7200,0.2,58,74.1,18.18,0.58,1.65,0.313,9.33,13.54,0.233,1.46
55.0,3.0,1.0,2.5,3.0,0.4,14400,0.2,45,82.2,13.93,0.34,1.58,0.31,8.19,10.33,0.229,1.42
55.0,3.0,1.0,2.5,4.5,0.4,14400,0.2,45,82.2,13.93,0.34,1.58,0.31,8.19,10.33,0.229,1.42
55.0,3.0,1.5,2.5,3.0,0.4,3600,0.4,78,75.6,24.1,0.77,2.4,0.309,8.06,17.86,0.229,1.94
55.0,3.0,1.5,2.5,4.5,0.4,3600,0.4,78,75.6,24.1,0.77,2.4,0.309,8.06,17.86,0.229,1.94
55.0,3.0,1.0,2.5,3.0,0.8,14400,0.2,45,82.2,13.84,0.34,1.58,0.308,8.19,10.24,0.228,1.42
55.0,3.0,1.0,2.5,4.5,0.8,14400,0.2,45,82.2,13.84,0.34,1.58,0.308,8.19,10.24,0.228,1.42
55.0,3.0,1.0,2.5,3.0,0.6,14400,0.2,45,82.2,13.77,0.34,1.57,0.306,8.19,10.17,0.226,1.41
55.0,3.0,1.0,2.5,4.5,0.6,14400,0.2,45,82.2,13.77,0.34,1.57,0.306,8.19,10.17,0.226,1.41
55.0,2.0,1.5,2.5,3.0,0.8,7200,0.2,58,75.9,17.72,0.52,1.63,0.306,8.71,13.07,0.225,1.45
55.0,2.0,1.5,2.5,4.5,0.8,7200,0.2,58,75.9,17.72,0.52,1.63,0.306,8.71,13.07,0.225,1.45
55.0,2.0,1.5,2.5,3.0,0.6,14400,0.4,64,73.4,19.45,0.61,1.68,0.304,9.33,14.33,0.224,1.48
55.0,2.0,1.5,2.5,4.5,0.6,14400,0.4,64,73.4,19.45,0.61,1.68,0.304,9.33,14.33,0.224,1.48
55.0,4.0,1.0,1.5,3.0,0.4,7200,0.4,52,82.7,15.81,0.37,1.78,0.304,12.0,11.65,0.224,1.55
55.0,4.0,1.0,1.5,4.5,0.4,7200,0.4,52,82.7,15.81,0.37,1.78,0.304,12.0,11.65,0.224,1.55
55.0,2.0,1.0,1.5,3.0,0.8,14400,0.2,59,76.3,17.87,0.51,1.64,0.303,9.32,13.15,0.223,1.45
55.0,2.0,1.0,1.5,4.5,0.8,14400,0.2,59,76.3,17.87,0.51,1.64,0.303,9.32,13.15,0.223,1.45
55.0,4.0,1.5,2.5,3.0,0.6,7200,0.4,52,82.7,15.74,0.37,1.78,0.303,12.0,11.58,0.223,1.55
55.0,4.0,1.5,2.5,4.5,0.6,7200,0.4,52,82.7,15.74,0.37,1.78,0.303,12.0,11.58,0.223,1.55
55.0,2.0,1.0,1.5,3.0,0.6,14400,0.2,59,76.3,17.83,0.51,1.64,0.302,9.5,13.11,0.222,1.45
55.0,2.0,1.0,1.5,4.5,0.6,14400,0.2,59,76.3,17.83,0.51,1.64,0.302,9.5,13.11,0.222,1.45
55.0,2.0,1.5,2.5,3.0,0.4,2400,0.2,65,73.8,19.55,0.62,1.74,0.301,8.44,14.35,0.221,1.52
55.0,2.0,1.5,2.5,4.5,0.4,2400,0.2,65,73.8,19.55,0.62,1.74,0.301,8.44,14.35,0.221,1.52
55.0,3.0,1.5,2.5,3.0,0.6,3600,0.2,45,82.2,13.55,0.34,1.56,0.301,8.26,9.95,0.221,1.4
55.0,3.0,1.5,2.5,4.5,0.6,3600,0.2,45,82.2,13.55,0.34,1.56,0.301,8.26,9.95,0.221,1.4
55.0,4.0,1.0,1.5,3.0,0.6,7200,0.4,52,82.7,15.67,0.37,1.77,0.301,12.0,11.51,0.221,1.55
55.0,4.0,1.0,1.5,4.5,0.6,7200,0.4,52,82.7,15.67,0.37,1.77,0.301,12.0,11.51,0.221,1.55
55.0,2.0,1.0,1.5,3.0,0.4,14400,0.2,59,76.3,17.68,0.51,1.63,0.3,9.26,12.96,0.22,1.44
55.0,2.0,1.0,1.5,4.5,0.4,14400,0.2,59,76.3,17.68,0.51,1.63,0.3,9.26,12.96,0.22,1.44
55.0,2.0,1.5,2.5,3.0,0.4,7200,0.2,59,72.9,17.68,0.61,1.63,0.3,8.93,12.96,0.22,1.44
55.0,2.0,1.5,2.5,3.0,0.8,14400,0.2,58,75.9,17.39,0.52,1.62,0.3,8.71,12.75,0.22,1.44
55.0,2.0,1.5,2.5,4.5,0.4,7200,0.2,59,72.9,17.68,0.61,1.63,0.3,8.93,12.96,0.22,1.44
55.0,2.0,1.5,2.5,4.5,0.8,14400,0.2,58,75.9,17.39,0.52,1.62,0.3,8.71,12.75,0.22,1.44
55.0,3.0,1.0,1.5,3.0,0.4,3600,0.4,78,75.6,23.38,0.76,2.36,0.3,7.91,17.15,0.22,1.9
55.0,3.0,1.0,1.5,4.5,0.4,3600,0.4,78,75.6,23.38,0.76,2.36,0.3,7.91,17.15,0.22,1.9
55.0,3.0,1.5,2.5,3.0,0.6,7200,0.2,45,80.0,13.52,0.39,1.56,0.3,8.26,9.92,0.22,1.4
55.0,3.0,1.5,2.5,4.5,0.6,7200,0.2,45,80.0,13.52,0.39,1.56,0.3,8.26,9.92,0.22,1.4
55.0,4.0,1.0,2.5,3.0,0.4,7200,0.4,52,82.7,15.59,0.37,1.77,0.3,12.0,11.43,0.22,1.54
55.0,4.0,1.0,2.5,4.5,0.4,7200,0.4,52,82.7,15.59,0.37,1.77,0.3,12.0,11.43,0.22,1.54
55.0,2.0,1.5,2.5,3.0,0.6,2400,0.2,64,75.0,19.11,0.58,1.73,0.299,8.84,13.99,0.219,1.51
55.0,2.0,1.5,2.5,4.5,0.6,2400,0.2,64,75.0,19.11,0.58,1.73,0.299,8.84,13.99,0.219,1.51
55.0,3.0,1.0,1.5,3.0,0.6,3600,0.4,78,75.6,23.35,0.76,2.36,0.299,7.91,17.11,0.219,1.9
55.0,3.0,1.0,1.5,3.0,0.8,3600,0.4,78,75.6,23.35,0.76,2.36,0.299,7.91,17.11,0.219,1.9
55.0,3.0,1.0,1.5,4.5,0.6,3600,0.4,78,75.6,23.35,0.76,2.36,0.299,7.91,17.11,0.219,1.9
55.0,3.0,1.0,1.5,4.5,0.8,3600,0.4,78,75.6,23.35,0.76,2.36,0.299,7.91,17.11,0.219,1.9
55.0,4.0,1.0,1.5,3.0,0.8,7200,0.4,52,82.7,15.55,0.37,1.77,0.299,12.0,11.39,0.219,1.54
55.0,4.0,1.0,1.5,4.5,0.8,7200,0.4,52,82.7,15.55,0.37,1.77,0.299,12.0,11.39,0.219,1.54
55.0,2.0,1.0,2.5,3.0,0.8,14400,0.2,59,76.3,17.57,0.51,1.63,0.298,9.32,12.84,0.218,1.44
55.0,2.0,1.0,2.5,4.5,0.8,14400,0.2,59,76.3,17.57,0.51,1.63,0.298,9.32,12.84,0.218,1.44
55.0,3.0,1.0,2.5,3.0,0.4,3600,0.4,78,75.6,23.21,0.76,2.35,0.298,7.91,16.97,0.218,1.89
55.0,3.0,1.0,2.5,4.5,0.4,3600,0.4,78,75.6,23.21,0.76,2.35,0.298,7.91,16.97,0.218,1.89
55.0,2.0,1.0,2.5,3.0,0.4,14400,0.2,59,76.3,17.45,0.51,1.62,0.296,9.26,12.73,0.216,1.44
55.0,2.0,1.0,2.5,3.0,0.6,14400,0.2,59,76.3,17.49,0.51,1.62,0.296,9.5,12.77,0.216,1.44
55.0,2.0,1.0,2.5,4.5,0.4,14400,0.2,59,76.3,17.45,0.51,1.62,0.296,9.26,12.73,0.216,1.44
55.0,2.0,1.0,2.5,4.5,0.6,14400,0.2,59,76.3,17.49,0.51,1.62,0.296,9.5,12.77,0.216,1.44
55.0,3.0,1.0,2.5,3.0,0.6,3600,0.4,78,75.6,23.12,0.76,2.35,0.296,7.91,16.88,0.216,1.89
55.0,3.0,1.0,2.5,3.0,0.8,3600,0.4,78,75.6,23.12,0.76,2.35,0.296,7.91,16.88,0.216,1.89
55.0,3.0,1.0,2.5,4.5,0.6,3600,0.4,78,75.6,23.12,0.76,2.35,0.296,7.91,16.88,0.216,1.89
55.0,3.0,1.0,2.5,4.5,0.8,3600,0.4,78,75.6,23.12,0.76,2.35,0.296,7.91,16.88,0.216,1.89
55.0,4.0,1.0,2.5,3.0,0.6,7200,0.4,52,82.7,15.39,0.37,1.76,0.296,12.0,11.23,0.216,1.54
55.0,4.0,1.0,2.5,4.5,0.6,7200,0.4,52,82.7,15.39,0.37,1.76,0.296,12.0,11.23,0.216,1.54
55.0,2.0,1.5,2.5,3.0,0.6,3600,0.2,61,73.8,17.99,0.58,1.64,0.295,9.33,13.11,0.215,1.45
55.0,2.0,1.5,2.5,4.5,0.6,3600,0.2,61,73.8,17.99,0.58,1.64,0.295,9.33,13.11,0.215,1.45
55.0,5.0,1.5,2.5,3.0,0.4,2400,0.4,73,69.9,21.52,1.17,2.71,0.295,9.06,15.68,0.215,2.08
55.0,5.0,1.5,2.5,4.5,0.4,2400,0.4,73,69.9,21.52,1.17,2.71,0.295,9.06,15.68,0.215,2.08
55.0,3.0,1.0,1.5,3.0,0.4,3600,0.2,45,82.2,13.25,0.34,1.55,0.294,8.18,9.65,0.214,1.39
55.0,3.0,1.0,1.5,3.0,0.6,3600,0.2,45,82.2,13.21,0.34,1.55,0.294,8.18,9.61,0.214,1.39
55.0,3.0,1.0,1.5,3.0,0.8,3600,0.2,45,82.2,13.21,0.34,1.55,0.294,8.18,9.61,0.214,1.39
55.0,3.0,1.0,1.5,4.5,0.4,3600,0.2,45,82.2,13.25,0.34,1.55,0.294,8.18,9.65,0.214,1.39
55.0,3.0,1.0,1.5,4.5,0.6,3600,0.2,45,82.2,13.21,0.34,1.55,0.294,8.18,9.61,0.214,1.39
55.0,3.0,1.0,1.5,4.5,0.8,3600,0.2,45,82.2,13.21,0.34,1.55,0.294,8.18,9.61,0.214,1.39
55.0,4.0,1.0,2.5,3.0,0.8,7200,0.4,52,82.7,15.27,0.37,1.75,0.294,12.0,11.11,0.214,1.53
55.0,4.0,1.0,2.5,4.5,0.8,7200,0.4,52,82.7,15.27,0.37,1.75,0.294,12.0,11.11,0.214,1.53
55.0,5.0,1.5,2.5,3.0,0.8,2400,0.4,72,70.8,21.15,1.11,2.71,0.294,8.44,15.39,0.214,2.08
55.0,5.0,1.5,2.5,4.5,0.8,2400,0.4,72,70.8,21.15,1.11,2.71,0.294,8.44,15.39,0.214,2.08
55.0,2.0,1.5,2.5,3.0,0.4,14400,0.4,65,72.3,19.06,0.64,1.67,0.293,8.93,13.86,0.213,1.46
55.0,2.0,1.5,2.5,4.5,0.4,14400,0.4,65,72.3,19.06,0.64,1.67,0.293,8.93,13.86,0.213,1.46
55.0,2.0,1.0,1.5,3.0,0.4,2400,0.2,65,73.8,18.89,0.61,1.72,0.291,7.91,13.69,0.211,1.49
55.0,2.0,1.0,1.5,3.0,0.6,2400,0.2,65,73.8,18.89,0.61,1.72,0.291,7.91,13.69,0.211,1.49
55.0,2.0,1.0,1.5,3.0,0.8,2400,0.2,65,73.8,18.89,0.61,1.72,0.291,7.91,13.69,0.211,1.49
55.0,2.0,1.0,1.5,4.5,0.4,2400,0.2,65,73.8,18.89,0.61,1.72,0.291,7.91,13.69,0.211,1.49
55.0,2.0,1.0,1.5,4.5,0.6,2400,0.2,65,73.8,18.89,0.61,1.72,0.291,7.91,13.69,0.211,1.49
55.0,2.0,1.0,1.5,4.5,0.8,2400,0.2,65,73.8,18.89,0.61,1.72,0.291,7.91,13.69,0.211,1.49
55.0,3.0,0.7,2.5,3.0,0.4,,0.4,46,82.6,13.38,0.34,1.59,0.291,8.16,9.7,0.211,1.42
55.0,3.0,1.0,1.5,3.0,0.4,7200,0.2,45,80.0,13.11,0.39,1.55,0.291,8.18,9.51,0.211,1.38
55.0,3.0,1.0,1.5,3.0,0.6,7200,0.2,45,80.0,13.08,0.39,1.54,0.291,8.18,9.48,0.211,1.38
55.0,3.0,1.0,1.5,3.0,0.8,7200,0.2,45,80.0,13.08,0.39,1.54,0.291,8.18,9.48,0.211,1.38
55.0,3.0,1.0,1.5,4.5,0.4,7200,0.2,45,80.0,13.11,0.39,1.55,0.291,8.18,9.51,0.211,1.38
55.0,3.0,1.0,1.5,4.5,0.6,7200,0.2,45,80.0,13.08,0.39,1.54,0.291,8.18,9.48,0.211,1.38
55.0,3.0,1.0,1.5,4.5,0.8,7200,0.2,45,80.0,13.08,0.39,1.54,0.291,8.18,9.48,0.211,1.38
55.0,3.0,1.0,2.5,3.0,0.4,3600,0.2,45,82.2,13.11,0.33,1.55,0.291,8.18,9.51,0.211,1.38
55.0,3.0,1.0,2.5,4.5,0.4,3600,0.2,45,82.2,13.11,0.33,1.55,0.291,8.18,9.51,0.211,1.38
55.0,3.0,1.0,2.5,3.0,0.6,3600,0.2,45,82.2,13.02,0.33,1.54,0.289,8.18,9.42,0.209,1.38
55.0,3.0,1.0,2.5,3.0,0.8,3600,0.2,45,82.2,13.02,0.33,1.54,0.289,8.18,9.42,0.209,1.38
55.0,3.0,1.0,2.5,4.5,0.6,3600,0.2,45,82.2,13.02,0.33,1.54,0.289,8.18,9.42,0.209,1.38
55.0,3.0,1.0,2.5,4.5,0.8,3600,0.2,45,82.2,13.02,0.33,1.54,0.289,8.18,9.42,0.209,1.38
55.0,4.0,1.5,2.5,3.0,0.8,7200,0.4,58,84.5,16.76,0.34,1.83,0.289,12.0,12.12,0.209,1.58
55.0,4.0,1.5,2.5,4.5,0.8,7200,0.4,58,84.5,16.76,0.34,1.83,0.289,12.0,12.12,0.209,1.58
55.0,2.0,1.0,2.5,3.0,0.4,2400,0.2,65,73.8,18.74,0.61,1.71,0.288,7.91,13.54,0.208,1.49
55.0,2.0,1.0,2.5,3.0,0.6,2400,0.2,65,73.8,18.74,0.61,1.71,0.288,7.91,13.54,0.208,1.49
55.0,2.0,1.0,2.5,3.0,0.8,2400,0.2,65,73.8,18.74,0.61,1.71,0.288,7.91,13.54,0.208,1.49
55.0,2.0,1.0,2.5,4.5,0.4,2400,0.2,65,73.8,18.74,0.61,1.71,0.288,7.91,13.54,0.208,1.49
55.0,2.0,1.0,2.5,4.5,0.6,2400,0.2,65,73.8,18.74,0.61,1.71,0.288,7.91,13.54,0.208,1.49
55.0,2.0,1.0,2.5,4.5,0.8,2400,0.2,65,73.8,18.74,0.61,1.71,0.288,7.91,13.54,0.208,1.49
55.0,3.0,1.0,2.5,3.0,0.4,7200,0.2,45,80.0,12.97,0.38,1.54,0.288,8.18,9.37,0.208,1.38
55.0,3.0,1.0,2.5,4.5,0.4,7200,0.2,45,80.0,12.97,0.38,1.54,0.288,8.18,9.37,0.208,1.38
55.0,5.0,1.0,1.5,3.0,0.6,14400,0.8,46,71.7,13.24,0.82,2.07,0.288,10.4,9.56,0.208,1.71
55.0,5.0,1.0,1.5,4.5,0.6,14400,0.8,46,71.7,13.24,0.82,2.07,0.288,10.4,9.56,0.208,1.71
55.0,2.0,1.5,2.5,3.0,0.4,3600,0.2,62,72.6,17.82,0.62,1.63,0.287,8.93,12.86,0.207,1.43
55.0,2.0,1.5,2.5,4.5,0.4,3600,0.2,62,72.6,17.82,0.62,1.63,0.287,8.93,12.86,0.207,1.43
55.0,3.0,1.0,2.5,3.0,0.6,7200,0.2,45,80.0,12.89,0.38,1.54,0.286,8.18,9.29,0.207,1.38
55.0,3.0,1.0,2.5,3.0,0.8,7200,0.2,45,80.0,12.89,0.38,1.54,0.286,8.18,9.29,0.207,1.38
55.0,3.0,1.0,2.5,4.5,0.6,7200,0.2,45,80.0,12.89,0.38,1.54,0.286,8.18,9.29,0.207,1.38
55.0,3.0,1.0,2.5,4.5,0.8,7200,0.2,45,80.0,12.89,0.38,1.54,0.286,8.18,9.29,0.207,1.38
55.0,5.0,1.0,1.5,3.0,0.8,14400,0.8,46,71.7,13.22,0.82,2.07,0.287,10.4,9.54,0.207,1.71
55.0,5.0,1.0,1.5,4.5,0.8,14400,0.8,46,71.7,13.22,0.82,2.07,0.287,10.4,9.54,0.207,1.71
55.0,5.0,0.7,2.5,3.0,0.4,1200,0.2,63,79.4,17.95,0.69,2.67,0.285,9.29,12.9,0.205,2.04
55.0,5.0,0.7,2.5,4.5,0.4,1200,0.2,63,79.4,17.95,0.69,2.67,0.285,9.29,12.9,0.205,2.04
55.0,5.0,1.0,2.5,3.0,0.8,14400,0.8,46,71.7,13.1,0.81,2.06,0.285,10.4,9.42,0.205,1.7
55.0,5.0,1.0,2.5,4.5,0.8,14400,0.8,46,71.7,13.1,0.81,2.06,0.285,10.4,9.42,0.205,1.7
55.0,5.0,0.7,1.5,3.0,0.4,1200,0.2,63,79.4,17.91,0.69,2.66,0.284,9.29,12.87,0.204,2.04
55.0,5.0,0.7,1.5,3.0,0.6,1200,0.2,63,79.4,17.88,0.69,2.66,0.284,9.29,12.84,0.204,2.04
55.0,5.0,0.7,1.5,3.0,0.8,1200,0.2,63,79.4,17.88,0.69,2.66,0.284,9.29,12.84,0.204,2.04
55.0,5.0,0.7,1.5,4.5,0.4,1200,0.2,63,79.4,17.91,0.69,2.66,0.284,9.29,12.87,0.204,2.04
55.0,5.0,0.7,1.5,4.5,0.6,1200,0.2,63,79.4,17.88,0.69,2.66,0.284,9.29,12.84,0.204,2.04
55.0,5.0,0.7,1.5,4.5,0.8,1200,0.2,63,79.4,17.88,0.69,2.66,0.284,9.29,12.84,0.204,2.04
55.0,5.0,1.0,2.5,3.0,0.6,14400,0.8,46,71.7,13.08,0.81,2.06,0.284,10.4,9.4,0.204,1.7
55.0,5.0,1.0,2.5,4.5,0.6,14400,0.8,46,71.7,13.08,0.81,2.06,0.284,10.4,9.4,0.204,1.7
55.0,3.0,0.7,1.5,3.0,0.4,,0.4,46,82.6,13.02,0.33,1.58,0.283,8.16,9.34,0.203,1.4
55.0,5.0,0.7,2.5,3.0,0.6,1200,0.2,63,79.4,17.86,0.69,2.66,0.283,9.29,12.82,0.203,2.04
55.0,5.0,0.7,2.5,3.0,0.8,1200,0.2,63,79.4,17.86,0.69,2.66,0.283,9.29,12.82,0.203,2.04
55.0,5.0,0.7,2.5,4.5,0.6,1200,0.2,63,79.4,17.86,0.69,2.66,0.283,9.29,12.82,0.203,2.04
55.0,5.0,0.7,2.5,4.5,0.8,1200,0.2,63,79.4,17.86,0.69,2.66,0.283,9.29,12.82,0.203,2.04
55.0,5.0,1.0,1.5,3.0,0.4,2400,0.4,73,69.9,20.49,1.13,2.63,0.281,8.91,14.65,0.201,2.01
55.0,5.0,1.0,1.5,4.5,0.4,2400,0.4,73,69.9,20.49,1.13,2.63,0.281,8.91,14.65,0.201,2.01
55.0,2.0,1.5,2.5,3.0,0.4,1200,0.2,74,67.6,20.69,0.96,1.99,0.28,7.06,14.77,0.2,1.63
55.0,2.0,1.5,2.5,4.5,0.4,1200,0.2,74,67.6,20.69,0.96,1.99,0.28,7.06,14.77,0.2,1.63
55.0,3.0,0.7,2.5,4.5,0.4,,0.4,45,82.2,12.6,0.34,1.56,0.28,8.16,9.0,0.2,1.39
55.0,5.0,1.0,1.5,3.0,0.6,2400,0.4,73,69.9,20.45,1.13,2.63,0.28,8.91,14.61,0.2,2.01
55.0,5.0,1.0,1.5,3.0,0.8,2400,0.4,73,69.9,20.45,1.13,2.63,0.28,8.91,14.61,0.2,2.01
55.0,5.0,1.0,1.5,4.5,0.6,2400,0.4,73,69.9,20.45,1.13,2.63,0.28,8.91,14.61,0.2,2.01
55.0,5.0,1.0,1.5,4.5,0.8,2400,0.4,73,69.9,20.45,1.13,2.63,0.28,8.91,14.61,0.2,2.01
55.0,5.0,1.0,2.5,3.0,0.4,2400,0.4,73,69.9,20.4,1.13,2.62,0.279,8.91,14.56,0.199,2.0
55.0,5.0,1.0,2.5,4.5,0.4,2400,0.4,73,69.9,20.4,1.13,2.62,0.279,8.91,14.56,0.199,2.0
55.0,5.0,1.5,2.5,3.0,0.6,2400,0.4,73,69.9,20.4,1.13,2.62,0.279,9.26,14.56,0.199,2.0
55.0,5.0,1.5,2.5,4.5,0.6,2400,0.4,73,69.9,20.4,1.13,2.62,0.279,9.26,14.56,0.199,2.0
55.0,5.0,1.0,1.5,3.0,0.4,14400,0.8,46,71.7,12.78,0.8,2.04,0.278,10.4,9.1,0.198,1.68
55.0,5.0,1.0,1.5,4.5,0.4,14400,0.8,46,71.7,12.78,0.8,2.04,0.278,10.4,9.1,0.198,1.68
55.0,5.0,1.0,2.5,3.0,0.6,2400,0.4,73,69.9,20.31,1.13,2.62,0.278,8.91,14.47,0.198,2.0
55.0,5.0,1.0,2.5,3.0,0.8,2400,0.4,73,69.9,20.31,1.13,2.62,0.278,8.91,14.47,0.198,2.0
55.0,5.0,1.0,2.5,4.5,0.6,2400,0.4,73,69.9,20.31,1.13,2.62,0.278,8.91,14.47,0.198,2.0
55.0,5.0,1.0,2.5,4.5,0.8,2400,0.4,73,69.9,20.31,1.13,2.62,0.278,8.91,14.47,0.198,2.0
55.0,2.0,1.5,2.5,3.0,0.6,1200,0.2,74,67.6,20.4,0.95,1.98,0.276,7.26,14.48,0.196,1.62
55.0,2.0,1.5,2.5,4.5,0.6,1200,0.2,74,67.6,20.4,0.95,1.98,0.276,7.26,14.48,0.196,1.62
55.0,2.0,1.5,2.5,3.0,0.8,14400,0.4,64,73.4,17.63,0.59,1.62,0.275,8.71,12.51,0.195,1.42
55.0,2.0,1.5,2.5,4.5,0.8,14400,0.4,64,73.4,17.63,0.59,1.62,0.275,8.71,12.51,0.195,1.42
55.0,5.0,1.0,2.5,3.0,0.4,14400,0.8,46,71.7,12.67,0.8,2.03,0.275,10.4,8.99,0.195,1.67
55.0,5.0,1.0,2.5,4.5,0.4,14400,0.8,46,71.7,12.67,0.8,2.03,0.275,10.4,8.99,0.195,1.67
55.0,2.0,1.5,2.5,3.0,0.8,2400,0.2,65,75.4,17.78,0.55,1.68,0.274,8.22,12.58,0.194,1.46
55.0,2.0,1.5,2.5,4.5,0.8,2400,0.2,65,75.4,17.78,0.55,1.68,0.274,8.22,12.58,0.194,1.46
55.0,3.0,0.7,1.5,4.5,0.4,,0.4,45,82.2,12.24,0.33,1.54,0.272,8.16,8.64,0.192,1.37
55.0,2.0,1.5,2.5,3.0,0.8,3600,0.2,64,75.0,17.34,0.54,1.62,0.271,8.71,12.22,0.191,1.41
55.0,2.0,1.5,2.5,4.5,0.8,3600,0.2,64,75.0,17.34,0.54,1.62,0.271,8.71,12.22,0.191,1.41
55.0,4.0,1.5,2.5,3.0,0.6,3600,0.4,71,76.1,19.21,0.65,2.07,0.271,12.0,13.53,0.191,1.69
55.0,4.0,1.5,2.5,4.5,0.6,3600,0.4,71,76.1,19.21,0.65,2.07,0.271,12.0,13.53,0.191,1.69
55.0,5.0,1.5,2.5,3.0,0.6,14400,0.8,45,71.1,12.21,0.81,1.99,0.271,10.4,8.61,0.191,1.64
55.0,5.0,1.5,2.5,4.5,0.6,14400,0.8,45,71.1,12.21,0.81,1.99,0.271,10.4,8.61,0.191,1.64
55.0,4.0,1.5,2.5,3.0,0.4,3600,0.4,71,76.1,19.15,0.65,2.07,0.27,12.0,13.47,0.19,1.69
55.0,4.0,1.5,2.5,4.5,0.4,3600,0.4,71,76.1,19.15,0.65,2.07,0.27,12.0,13.47,0.19,1.69
55.0,2.0,1.0,1.5,3.0,0.4,3600,0.2,62,72.6,16.68,0.6,1.59,0.269,8.91,11.72,0.189,1.4
55.0,2.0,1.0,1.5,3.0,0.6,3600,0.2,62,72.6,16.68,0.6,1.59,0.269,8.91,11.72,0.189,1.4
55.0,2.0,1.0,1.5,3.0,0.8,3600,0.2,62,72.6,16.68,0.6,1.59,0.269,8.91,11.72,0.189,1.4
55.0,2.0,1.0,1.5,4.5,0.4,3600,0.2,62,72.6,16.68,0.6,1.59,0.269,8.91,11.72,0.189,1.4
55.0,2.0,1.0,1.5,4.5,0.6,3600,0.2,62,72.6,16.68,0.6,1.59,0.269,8.91,11.72,0.189,1.4
55.0,2.0,1.0,1.5,4.5,0.8,3600,0.2,62,72.6,16.68,0.6,1.59,0.269,8.91,11.72,0.189,1.4
55.0,3.0,1.5,2.5,3.0,0.4,2400,0.4,97,68.0,26.1,1.28,2.73,0.269,8.06,18.34,0.189,2.03
55.0,3.0,1.5,2.5,4.5,0.4,2400,0.4,97,68.0,26.1,1.28,2.73,0.269,8.06,18.34,0.189,2.03
55.0,5.0,1.5,2.5,3.0,0.4,14400,0.8,46,71.7,12.36,0.79,2.0,0.269,10.4,8.68,0.189,1.65
55.0,5.0,1.5,2.5,4.5,0.4,14400,0.8,46,71.7,12.36,0.79,2.0,0.269,10.4,8.68,0.189,1.65
55.0,2.0,1.0,1.5,3.0,0.8,14400,0.4,65,72.3,17.41,0.62,1.61,0.268,9.32,12.21,0.188,1.41
55.0,2.0,1.0,1.5,4.5,0.8,14400,0.4,65,72.3,17.41,0.62,1.61,0.268,9.32,12.21,0.188,1.41
55.0,2.0,1.0,2.5,3.0,0.4,3600,0.2,62,72.6,16.61,0.6,1.59,0.268,8.91,11.65,0.188,1.39
55.0,2.0,1.0,2.5,3.0,0.6,3600,0.2,62,72.6,16.61,0.6,1.59,0.268,8.91,11.65,0.188,1.39
55.0,2.0,1.0,2.5,3.0,0.8,3600,0.2,62,72.6,16.61,0.6,1.59,0.268,8.91,11.65,0.188,1.39
55.0,2.0,1.0,2.5,4.5,0.4,3600,0.2,62,72.6,16.61,0.6,1.59,0.268,8.91,11.65,0.188,1.39
55.0,2.0,1.0,2.5,4.5,0.6,3600,0.2,62,72.6,16.61,0.6,1.59,0.268,8.91,11.65,0.188,1.39
55.0,2.0,1.0,2.5,4.5,0.8,3600,0.2,62,72.6,16.61,0.6,1.59,0.268,8.91,11.65,0.188,1.39
55.0,2.0,1.0,1.5,3.0,0.4,7200,0.2,59,72.9,15.73,0.58,1.56,0.267,9.02,11.01,0.187,1.38
55.0,2.0,1.0,1.5,3.0,0.6,7200,0.2,59,72.9,15.74,0.58,1.56,0.267,9.02,11.02,0.187,1.38
55.0,2.0,1.0,1.5,3.0,0.6,14400,0.4,65,72.3,17.36,0.62,1.61,0.267,9.5,12.16,0.187,1.41
55.0,2.0,1.0,1.5,3.0,0.8,7200,0.2,59,72.9,15.74,0.58,1.56,0.267,9.02,11.02,0.187,1.38
55.0,2.0,1.0,1.5,4.5,0.4,7200,0.2,59,72.9,15.73,0.58,1.56,0.267,9.02,11.01,0.187,1.38
55.0,2.0,1.0,1.5,4.5,0.6,7200,0.2,59,72.9,15.74,0.58,1.56,0.267,9.02,11.02,0.187,1.38
55.0,2.0,1.0,1.5,4.5,0.6,14400,0.4,65,72.3,17.36,0.62,1.61,0.267,9.5,12.16,0.187,1.41
55.0,2.0,1.0,1.5,4.5,0.8,7200,0.2,59,72.9,15.74,0.58,1.56,0.267,9.02,11.02,0.187,1.38
55.0,2.0,1.5,2.5,3.0,0.8,1200,0.2,77,66.2,20.54,1.01,1.98,0.267,6.44,14.38,0.187,1.61
55.0,2.0,1.5,2.5,4.5,0.8,1200,0.2,77,66.2,20.54,1.01,1.98,0.267,6.44,14.38,0.187,1.61
55.0,2.0,1.0,2.5,3.0,0.6,7200,0.2,59,72.9,15.67,0.58,1.56,0.266,9.02,10.95,0.186,1.37
55.0,2.0,1.0,2.5,3.0,0.8,7200,0.2,59,72.9,15.67,0.58,1.56,0.266,9.02,10.95,0.186,1.37
55.0,2.0,1.0,2.5,4.5,0.6,7200,0.2,59,72.9,15.67,0.58,1.56,0.266,9.02,10.95,0.186,1.37
55.0,2.0,1.0,2.5,4.5,0.8,7200,0.2,59,72.9,15.67,0.58,1.56,0.266,9.02,10.95,0.186,1.37
55.0,2.0,1.0,2.5,3.0,0.4,7200,0.2,59,72.9,15.66,0.58,1.56,0.265,9.02,10.94,0.185,1.37
55.0,2.0,1.0,2.5,4.5,0.4,7200,0.2,59,72.9,15.66,0.58,1.56,0.265,9.02,10.94,0.185,1.37
55.0,2.0,1.0,1.5,3.0,0.4,14400,0.4,65,72.3,17.17,0.61,1.6,0.264,9.26,11.97,0.184,1.4
55.0,2.0,1.0,1.5,4.5,0.4,14400,0.4,65,72.3,17.17,0.61,1.6,0.264,9.26,11.97,0.184,1.4
55.0,2.0,1.0,2.5,3.0,0.8,14400,0.4,65,72.3,17.08,0.61,1.6,0.263,9.32,11.88,0.183,1.4
55.0,2.0,1.0,2.5,4.5,0.8,14400,0.4,65,72.3,17.08,0.61,1.6,0.263,9.32,11.88,0.183,1.4
55.0,3.0,1.5,2.5,3.0,0.6,2400,0.4,97,68.0,25.47,1.26,2.69,0.263,8.26,17.71,0.183,1.99
55.0,3.0,1.5,2.5,4.5,0.6,2400,0.4,97,68.0,25.47,1.26,2.69,0.263,8.26,17.71,0.183,1.99
55.0,2.0,1.0,2.5,3.0,0.6,14400,0.4,65,72.3,17.0,0.61,1.6,0.262,9.5,11.8,0.182,1.39
55.0,2.0,1.0,2.5,4.5,0.6,14400,0.4,65,72.3,17.0,0.61,1.6,0.262,9.5,11.8,0.182,1.39
55.0,4.0,1.0,1.5,3.0,0.4,3600,0.4,71,76.1,18.56,0.64,2.04,0.261,12.0,12.88,0.181,1.66
55.0,4.0,1.0,1.5,3.0,0.6,3600,0.4,71,76.1,18.52,0.64,2.03,0.261,12.0,12.84,0.181,1.66
55.0,4.0,1.0,1.5,3.0,0.8,3600,0.4,71,76.1,18.52,0.64,2.03,0.261,12.0,12.84,0.181,1.66
55.0,4.0,1.0,1.5,4.5,0.4,3600,0.4,71,76.1,18.56,0.64,2.04,0.261,12.0,12.88,0.181,1.66
55.0,4.0,1.0,1.5,4.5,0.6,3600,0.4,71,76.1,18.52,0.64,2.03,0.261,12.0,12.84,0.181,1.66
55.0,4.0,1.0,1.5,4.5,0.8,3600,0.4,71,76.1,18.52,0.64,2.03,0.261,12.0,12.84,0.181,1.66
55.0,2.0,1.0,2.5,3.0,0.4,14400,0.4,65,72.3,16.87,0.61,1.59,0.26,9.26,11.67,0.18,1.39
55.0,2.0,1.0,2.5,4.5,0.4,14400,0.4,65,72.3,16.87,0.61,1.59,0.26,9.26,11.67,0.18,1.39
55.0,3.0,1.5,2.5,3.0,0.8,2400,0.4,101,69.3,26.3,1.22,2.75,0.26,7.44,18.22,0.18,2.03
55.0,3.0,1.5,2.5,4.5,0.8,2400,0.4,101,69.3,26.3,1.22,2.75,0.26,7.44,18.22,0.18,2.03
55.0,2.0,1.0,1.5,3.0,0.4,1200,0.2,74,67.6,19.14,0.92,1.92,0.259,6.91,13.22,0.179,1.57
55.0,2.0,1.0,1.5,3.0,0.6,1200,0.2,74,67.6,19.14,0.92,1.92,0.259,6.91,13.22,0.179,1.57
55.0,2.0,1.0,1.5,3.0,0.8,1200,0.2,74,67.6,19.14,0.92,1.92,0.259,6.91,13.22,0.179,1.57
55.0,2.0,1.0,1.5,4.5,0.4,1200,0.2,74,67.6,19.14,0.92,1.92,0.259,6.91,13.22,0.179,1.57
55.0,2.0,1.0,1.5,4.5,0.6,1200,0.2,74,67.6,19.14,0.92,1.92,0.259,6.91,13.22,0.179,1.57
55.0,2.0,1.0,1.5,4.5,0.8,1200,0.2,74,67.6,19.14,0.92,1.92,0.259,6.91,13.22,0.179,1.57
55.0,2.0,1.0,2.5,3.0,0.4,1200,0.2,74,67.6,19.14,0.92,1.92,0.259,6.91,13.22,0.179,1.57
55.0,2.0,1.0,2.5,3.0,0.6,1200,0.2,74,67.6,19.14,0.92,1.92,0.259,6.91,13.22,0.179,1.57
55.0,2.0,1.0,2.5,3.0,0.8,1200,0.2,74,67.6,19.14,0.92,1.92,0.259,6.91,13.22,0.179,1.57
55.0,2.0,1.0,2.5,4.5,0.4,1200,0.2,74,67.6,19.14,0.92,1.92,0.259,6.91,13.22,0.179,1.57
55.0,2.0,1.0,2.5,4.5,0.6,1200,0.2,74,67.6,19.14,0.92,1.92,0.259,6.91,13.22,0.179,1.57
55.0,2.0,1.0,2.5,4.5,0.8,1200,0.2,74,67.6,19.14,0.92,1.92,0.259,6.91,13.22,0.179,1.57
55.0,4.0,1.0,2.5,3.0,0.4,3600,0.4,71,76.1,18.38,0.64,2.03,0.259,12.0,12.7,0.179,1.65
55.0,4.0,1.0,2.5,4.5,0.4,3600,0.4,71,76.1,18.38,0.64,2.03,0.259,12.0,12.7,0.179,1.65
55.0,4.0,1.0,2.5,3.0,0.6,3600,0.4,71,76.1,18.3,0.64,2.02,0.258,12.0,12.62,0.178,1.64
55.0,4.0,1.0,2.5,3.0,0.8,3600,0.4,71,76.1,18.3,0.64,2.02,0.258,12.0,12.62,0.178,1.64
55.0,4.0,1.0,2.5,4.5,0.6,3600,0.4,71,76.1,18.3,0.64,2.02,0.258,12.0,12.62,0.178,1.64
55.0,4.0,1.0,2.5,4.5,0.8,3600,0.4,71,76.1,18.3,0.64,2.02,0.258,12.0,12.62,0.178,1.64
55.0,5.0,1.5,2.5,3.0,0.8,14400,0.8,49,69.4,12.57,0.86,1.94,0.257,10.4,8.65,0.177,1.59
55.0,5.0,1.5,2.5,4.5,0.8,14400,0.8,49,69.4,12.57,0.86,1.94,0.257,10.4,8.65,0.177,1.59
55.0,3.0,1.0,1.5,3.0,0.4,2400,0.4,97,68.0,24.31,1.22,2.61,0.251,7.91,16.55,0.171,1.93
55.0,3.0,1.0,1.5,4.5,0.4,2400,0.4,97,68.0,24.31,1.22,2.61,0.251,7.91,16.55,0.171,1.93
55.0,3.0,1.0,1.5,3.0,0.6,2400,0.4,97,68.0,24.27,1.22,2.61,0.25,7.91,16.51,0.17,1.92
55.0,3.0,1.0,1.5,3.0,0.8,2400,0.4,97,68.0,24.27,1.22,2.61,0.25,7.91,16.51,0.17,1.92
55.0,3.0,1.0,1.5,4.5,0.6,2400,0.4,97,68.0,24.27,1.22,2.61,0.25,7.91,16.51,0.17,1.92
55.0,3.0,1.0,1.5,4.5,0.8,2400,0.4,97,68.0,24.27,1.22,2.61,0.25,7.91,16.51,0.17,1.92
55.0,3.0,1.0,2.5,3.0,0.4,2400,0.4,97,68.0,24.22,1.22,2.6,0.25,7.91,16.46,0.17,1.92
55.0,3.0,1.0,2.5,4.5,0.4,2400,0.4,97,68.0,24.22,1.22,2.6,0.25,7.91,16.46,0.17,1.92
55.0,3.0,1.0,2.5,3.0,0.6,2400,0.4,97,68.0,24.13,1.22,2.6,0.249,7.91,16.37,0.169,1.92
55.0,3.0,1.0,2.5,3.0,0.8,2400,0.4,97,68.0,24.13,1.22,2.6,0.249,7.91,16.37,0.169,1.92
55.0,3.0,1.0,2.5,4.5,0.6,2400,0.4,97,68.0,24.13,1.22,2.6,0.249,7.91,16.37,0.169,1.92
55.0,3.0,1.0,2.5,4.5,0.8,2400,0.4,97,68.0,24.13,1.22,2.6,0.249,7.91,16.37,0.169,1.92
55.0,4.0,0.7,1.5,3.0,0.4,1200,0.2,64,78.1,15.91,0.63,2.25,0.249,11.29,10.79,0.169,1.75
55.0,4.0,0.7,1.5,4.5,0.4,1200,0.2,64,78.1,15.91,0.63,2.25,0.249,11.29,10.79,0.169,1.75
55.0,4.0,0.7,2.5,3.0,0.4,1200,0.2,64,78.1,15.95,0.63,2.25,0.249,11.29,10.82,0.169,1.75
55.0,4.0,0.7,2.5,4.5,0.4,1200,0.2,64,78.1,15.95,0.63,2.25,0.249,11.29,10.82,0.169,1.75
55.0,4.0,0.7,1.5,3.0,0.6,1200,0.2,64,78.1,15.88,0.63,2.24,0.248,11.29,10.76,0.168,1.74
55.0,4.0,0.7,1.5,3.0,0.8,1200,0.2,64,78.1,15.88,0.63,2.24,0.248,11.29,10.76,0.168,1.74
55.0,4.0,0.7,1.5,4.5,0.6,1200,0.2,64,78.1,15.88,0.63,2.24,0.248,11.29,10.76,0.168,1.74
55.0,4.0,0.7,1.5,4.5,0.8,1200,0.2,64,78.1,15.88,0.63,2.24,0.248,11.29,10.76,0.168,1.74
55.0,4.0,0.7,2.5,3.0,0.6,1200,0.2,64,78.1,15.86,0.63,2.24,0.248,11.29,10.74,0.168,1.74
55.0,4.0,0.7,2.5,3.0,0.8,1200,0.2,64,78.1,15.86,0.63,2.24,0.248,11.29,10.74,0.168,1.74
55.0,4.0,0.7,2.5,4.5,0.6,1200,0.2,64,78.1,15.86,0.63,2.24,0.248,11.29,10.74,0.168,1.74
55.0,4.0,0.7,2.5,4.5,0.8,1200,0.2,64,78.1,15.86,0.63,2.24,0.248,11.29,10.74,0.168,1.74
55.0,3.0,1.5,2.5,3.0,0.8,14400,0.8,76,65.8,18.79,1.01,1.94,0.247,4.84,12.71,0.167,1.57
55.0,3.0,1.5,2.5,4.5,0.8,14400,0.8,76,65.8,18.79,1.01,1.94,0.247,4.84,12.71,0.167,1.57
55.0,4.0,1.5,2.5,3.0,0.8,3600,0.4,81,75.3,19.87,0.68,2.08,0.245,12.0,13.39,0.165,1.65
55.0,4.0,1.5,2.5,4.5,0.8,3600,0.4,81,75.3,19.87,0.68,2.08,0.245,12.0,13.39,0.165,1.65
55.0,3.0,0.7,2.5,3.0,0.4,2400,0.2,60,85.0,14.63,0.32,1.81,0.244,8.3,9.83,0.164,1.52
55.0,3.0,0.7,2.5,4.5,0.4,2400,0.2,60,85.0,14.63,0.32,1.81,0.244,8.3,9.83,0.164,1.52
55.0,3.0,0.7,1.5,3.0,0.4,2400,0.2,60,85.0,14.6,0.32,1.81,0.243,8.3,9.8,0.163,1.52
55.0,3.0,0.7,1.5,3.0,0.6,2400,0.2,60,85.0,14.56,0.32,1.8,0.243,8.3,9.76,0.163,1.51
55.0,3.0,0.7,1.5,3.0,0.8,2400,0.2,60,85.0,14.56,0.32,1.8,0.243,8.3,9.76,0.163,1.51
55.0,3.0,0.7,1.5,4.5,0.4,2400,0.2,60,85.0,14.6,0.32,1.81,0.243,8.3,9.8,0.163,1.52
55.0,3.0,0.7,1.5,4.5,0.6,2400,0.2,60,85.0,14.56,0.32,1.8,0.243,8.3,9.76,0.163,1.51
55.0,3.0,0.7,1.5,4.5,0.8,2400,0.2,60,85.0,14.56,0.32,1.8,0.243,8.3,9.76,0.163,1.51
55.0,3.0,0.7,2.5,3.0,0.6,2400,0.2,60,85.0,14.54,0.32,1.8,0.242,8.3,9.74,0.162,1.51
55.0,3.0,0.7,2.5,3.0,0.8,2400,0.2,60,85.0,14.54,0.32,1.8,0.242,8.3,9.74,0.162,1.51
55.0,3.0,0.7,2.5,4.5,0.6,2400,0.2,60,85.0,14.54,0.32,1.8,0.242,8.3,9.74,0.162,1.51
55.0,3.0,0.7,2.5,4.5,0.8,2400,0.2,60,85.0,14.54,0.32,1.8,0.242,8.3,9.74,0.162,1.51
55.0,3.0,1.5,2.5,3.0,0.8,14400,0.4,49,75.5,11.74,0.48,1.48,0.24,7.44,7.82,0.16,1.31
55.0,3.0,1.5,2.5,4.5,0.8,14400,0.4,49,75.5,11.74,0.48,1.48,0.24,7.44,7.82,0.16,1.31
55.0,5.0,0.7,1.5,3.0,0.4,3600,0.4,67,80.6,15.52,0.56,2.31,0.232,10.0,10.16,0.152,1.77
55.0,5.0,0.7,1.5,3.0,0.6,3600,0.4,67,80.6,15.52,0.56,2.31,0.232,10.0,10.16,0.152,1.77
55.0,5.0,0.7,1.5,3.0,0.8,3600,0.4,67,80.6,15.52,0.56,2.31,0.232,10.0,10.16,0.152,1.77
55.0,5.0,0.7,1.5,4.5,0.4,3600,0.4,67,80.6,15.52,0.56,2.31,0.232,10.0,10.16,0.152,1.77
55.0,5.0,0.7,1.5,4.5,0.6,3600,0.4,67,80.6,15.52,0.56,2.31,0.232,10.0,10.16,0.152,1.77
55.0,5.0,0.7,1.5,4.5,0.8,3600,0.4,67,80.6,15.52,0.56,2.31,0.232,10.0,10.16,0.152,1.77
55.0,5.0,0.7,2.5,3.0,0.4,3600,0.4,67,80.6,15.52,0.56,2.31,0.232,10.0,10.16,0.152,1.77
55.0,5.0,0.7,2.5,3.0,0.6,3600,0.4,67,80.6,15.52,0.56,2.31,0.232,10.0,10.16,0.152,1.77
55.0,5.0,0.7,2.5,3.0,0.8,3600,0.4,67,80.6,15.52,0.56,2.31,0.232,10.0,10.16,0.152,1.77
55.0,5.0,0.7,2.5,4.5,0.4,3600,0.4,67,80.6,15.52,0.56,2.31,0.232,10.0,10.16,0.152,1.77
55.0,5.0,0.7,2.5,4.5,0.6,3600,0.4,67,80.6,15.52,0.56,2.31,0.232,10.0,10.16,0.152,1.77
55.0,5.0,0.7,2.5,4.5,0.8,3600,0.4,67,80.6,15.52,0.56,2.31,0.232,10.0,10.16,0.152,1.77
55.0,3.0,0.7,2.5,3.0,0.4,7200,0.4,69,81.2,15.85,0.43,1.85,0.23,7.96,10.33,0.15,1.53
55.0,3.0,0.7,2.5,4.5,0.4,7200,0.4,69,81.2,15.85,0.43,1.85,0.23,7.96,10.33,0.15,1.53
55.0,3.0,0.7,1.5,3.0,0.4,7200,0.4,69,81.2,15.81,0.43,1.85,0.229,7.96,10.29,0.149,1.52
55.0,3.0,0.7,1.5,4.5,0.4,7200,0.4,69,81.2,15.81,0.43,1.85,0.229,7.96,10.29,0.149,1.52
55.0,3.0,0.7,1.5,3.0,0.6,7200,0.4,69,81.2,15.67,0.43,1.84,0.227,7.96,10.15,0.147,1.52
55.0,3.0,0.7,1.5,4.5,0.6,7200,0.4,69,81.2,15.67,0.43,1.84,0.227,7.96,10.15,0.147,1.52
55.0,3.0,0.7,2.5,3.0,0.6,7200,0.4,69,81.2,15.66,0.43,1.84,0.227,7.96,10.14,0.147,1.52
55.0,3.0,0.7,2.5,4.5,0.6,7200,0.4,69,81.2,15.66,0.43,1.84,0.227,7.96,10.14,0.147,1.52
55.0,3.0,0.7,1.5,3.0,0.8,7200,0.4,69,81.2,15.55,0.43,1.84,0.225,7.96,10.03,0.145,1.51
55.0,3.0,0.7,1.5,4.5,0.8,7200,0.4,69,81.2,15.55,0.43,1.84,0.225,7.96,10.03,0.145,1.51
55.0,3.0,0.7,2.5,3.0,0.8,7200,0.4,69,81.2,15.54,0.43,1.84,0.225,7.96,10.02,0.145,1.51
55.0,3.0,0.7,2.5,4.5,0.8,7200,0.4,69,81.2,15.54,0.43,1.84,0.225,7.96,10.02,0.145,1.51
55.0,4.0,0.7,1.5,3.0,0.6,14400,0.2,46,89.1,10.24,0.18,1.51,0.223,12.0,6.56,0.143,1.32
55.0,4.0,0.7,1.5,4.5,0.6,14400,0.2,46,89.1,10.24,0.18,1.51,0.223,12.0,6.56,0.143,1.32
55.0,3.0,1.5,2.5,3.0,0.4,14400,0.4,50,74.0,11.08,0.49,1.4,0.222,8.49,7.08,0.142,1.25
55.0,3.0,1.5,2.5,4.5,0.4,14400,0.4,50,74.0,11.08,0.49,1.4,0.222,8.49,7.08,0.142,1.25
55.0,2.0,1.5,2.5,3.0,0.4,3600,0.4,87,70.1,19.2,0.79,1.86,0.221,7.55,12.24,0.141,1.49
55.0,2.0,1.5,2.5,4.5,0.4,3600,0.4,87,70.1,19.2,0.79,1.86,0.221,7.55,12.24,0.141,1.49
55.0,4.0,0.7,1.5,3.0,0.8,14400,0.2,46,89.1,10.15,0.18,1.51,0.221,12.0,6.47,0.141,1.32
55.0,4.0,0.7,1.5,4.5,0.8,14400,0.2,46,89.1,10.15,0.18,1.51,0.221,12.0,6.47,0.141,1.32
55.0,4.0,0.7,1.5,3.0,0.4,14400,0.2,46,89.1,10.11,0.18,1.51,0.22,12.0,6.43,0.14,1.32
55.0,4.0,0.7,1.5,4.5,0.4,14400,0.2,46,89.1,10.11,0.18,1.51,0.22,12.0,6.43,0.14,1.32
55.0,2.0,1.5,2.5,3.0,0.6,3600,0.4,87,70.1,19.06,0.79,1.86,0.219,7.75,12.1,0.139,1.49
55.0,2.0,1.5,2.5,4.5,0.6,3600,0.4,87,70.1,19.06,0.79,1.86,0.219,7.75,12.1,0.139,1.49
55.0,4.0,0.7,2.5,3.0,0.4,14400,0.2,46,89.1,10.05,0.18,1.5,0.218,12.0,6.37,0.138,1.31
55.0,4.0,0.7,2.5,3.0,0.6,14400,0.2,46,89.1,10.01,0.18,1.5,0.218,12.0,6.33,0.138,1.31
55.0,4.0,0.7,2.5,4.5,0.4,14400,0.2,46,89.1,10.05,0.18,1.5,0.218,12.0,6.37,0.138,1.31
55.0,4.0,0.7,2.5,4.5,0.6,14400,0.2,46,89.1,10.01,0.18,1.5,0.218,12.0,6.33,0.138,1.31
55.0,3.0,1.5,2.5,3.0,0.6,14400,0.8,73,65.8,15.82,0.89,1.71,0.217,5.67,9.98,0.137,1.41
55.0,3.0,1.5,2.5,4.5,0.6,14400,0.8,73,65.8,15.82,0.89,1.71,0.217,5.67,9.98,0.137,1.41
55.0,4.0,0.7,2.5,3.0,0.8,14400,0.2,46,89.1,9.96,0.18,1.5,0.217,12.0,6.28,0.136,1.31
55.0,4.0,0.7,2.5,4.5,0.8,14400,0.2,46,89.1,9.96,0.18,1.5,0.217,12.0,6.28,0.136,1.31
55.0,4.0,1.5,2.5,3.0,0.4,2400,0.4,96,67.7,20.6,0.99,2.08,0.215,11.06,12.92,0.135,1.59
55.0,4.0,1.5,2.5,4.5,0.4,2400,0.4,96,67.7,20.6,0.99,2.08,0.215,11.06,12.92,0.135,1.59
55.0,4.0,0.7,2.5,3.0,0.4,7200,0.2,47,87.2,10.05,0.22,1.5,0.214,12.0,6.29,0.134,1.31
55.0,4.0,0.7,2.5,4.5,0.4,7200,0.2,47,87.2,10.05,0.22,1.5,0.214,12.0,6.29,0.134,1.31
55.0,4.0,0.7,1.5,3.0,0.4,7200,0.2,47,87.2,10.02,0.22,1.5,0.213,12.0,6.26,0.133,1.31
55.0,4.0,0.7,1.5,3.0,0.6,7200,0.2,47,87.2,9.99,0.22,1.5,0.213,12.0,6.23,0.133,1.3
55.0,4.0,0.7,1.5,3.0,0.8,7200,0.2,47,87.2,9.99,0.22,1.5,0.213,12.0,6.23,0.133,1.3
55.0,4.0,0.7,1.5,4.5,0.4,7200,0.2,47,87.2,10.02,0.22,1.5,0.213,12.0,6.26,0.133,1.31
55.0,4.0,0.7,1.5,4.5,0.6,7200,0.2,47,87.2,9.99,0.22,1.5,0.213,12.0,6.23,0.133,1.3
55.0,4.0,0.7,1.5,4.5,0.8,7200,0.2,47,87.2,9.99,0.22,1.5,0.213,12.0,6.23,0.133,1.3
55.0,4.0,1.0,1.5,3.0,0.6,14400,0.8,66,66.7,14.09,0.86,1.71,0.213,8.4,8.81,0.133,1.41
55.0,4.0,1.0,1.5,4.5,0.6,14400,0.8,66,66.7,14.09,0.86,1.71,0.213,8.4,8.81,0.133,1.41
55.0,3.0,1.5,2.5,3.0,0.4,14400,0.8,73,65.8,15.45,0.88,1.69,0.212,5.47,9.61,0.132,1.39
55.0,3.0,1.5,2.5,3.0,0.6,14400,0.4,50,74.0,10.62,0.49,1.39,0.212,8.26,6.61,0.132,1.23
55.0,3.0,1.5,2.5,4.5,0.4,14400,0.8,73,65.8,15.45,0.88,1.69,0.212,5.47,9.61,0.132,1.39
55.0,3.0,1.5,2.5,4.5,0.6,14400,0.4,50,74.0,10.62,0.49,1.39,0.212,8.26,6.61,0.132,1.23
55.0,4.0,0.7,2.5,3.0,0.6,7200,0.2,47,87.2,9.98,0.22,1.5,0.212,12.0,6.22,0.132,1.3
55.0,4.0,0.7,2.5,3.0,0.8,7200,0.2,47,87.2,9.98,0.22,1.5,0.212,12.0,6.22,0.132,1.3
55.0,4.0,0.7,2.5,4.5,0.6,7200,0.2,47,87.2,9.98,0.22,1.5,0.212,12.0,6.22,0.132,1.3
55.0,4.0,0.7,2.5,4.5,0.8,7200,0.2,47,87.2,9.98,0.22,1.5,0.212,12.0,6.22,0.132,1.3
55.0,4.0,1.0,1.5,3.0,0.8,14400,0.8,66,66.7,14.01,0.85,1.71,0.212,8.4,8.73,0.132,1.4
55.0,4.0,1.0,1.5,4.5,0.8,14400,0.8,66,66.7,14.01,0.85,1.71,0.212,8.4,8.73,0.132,1.4
55.0,2.0,1.0,1.5,3.0,0.4,3600,0.4,87,70.1,18.32,0.78,1.82,0.211,7.91,11.36,0.131,1.46
55.0,2.0,1.0,1.5,3.0,0.6,3600,0.4,87,70.1,18.32,0.78,1.82,0.211,7.91,11.36,0.131,1.46
55.0,2.0,1.0,1.5,3.0,0.8,3600,0.4,87,70.1,18.32,0.78,1.82,0.211,7.91,11.36,0.131,1.46
55.0,2.0,1.0,1.5,4.5,0.4,3600,0.4,87,70.1,18.32,0.78,1.82,0.211,7.91,11.36,0.131,1.46
55.0,2.0,1.0,1.5,4.5,0.6,3600,0.4,87,70.1,18.32,0.78,1.82,0.211,7.91,11.36,0.131,1.46
55.0,2.0,1.0,1.5,4.5,0.8,3600,0.4,87,70.1,18.32,0.78,1.82,0.211,7.91,11.36,0.131,1.46
55.0,2.0,1.0,2.5,3.0,0.4,3600,0.4,87,70.1,18.17,0.77,1.81,0.209,7.9,11.21,0.129,1.45
55.0,2.0,1.0,2.5,3.0,0.6,3600,0.4,87,70.1,18.17,0.77,1.81,0.209,7.9,11.21,0.129,1.45
55.0,2.0,1.0,2.5,3.0,0.8,3600,0.4,87,70.1,18.17,0.77,1.81,0.209,7.9,11.21,0.129,1.45
55.0,2.0,1.0,2.5,4.5,0.4,3600,0.4,87,70.1,18.17,0.77,1.81,0.209,7.9,11.21,0.129,1.45
55.0,2.0,1.0,2.5,4.5,0.6,3600,0.4,87,70.1,18.17,0.77,1.81,0.209,7.9,11.21,0.129,1.45
55.0,2.0,1.0,2.5,4.5,0.8,3600,0.4,87,70.1,18.17,0.77,1.81,0.209,7.9,11.21,0.129,1.45
55.0,3.0,1.0,1.5,3.0,0.6,14400,0.8,73,65.8,15.23,0.88,1.68,0.209,5.56,9.39,0.129,1.39
55.0,3.0,1.0,1.5,4.5,0.6,14400,0.8,73,65.8,15.23,0.88,1.68,0.209,5.56,9.39,0.129,1.39
55.0,4.0,1.0,1.5,3.0,0.4,14400,0.8,66,66.7,13.78,0.85,1.7,0.209,8.4,8.5,0.129,1.39
55.0,4.0,1.0,1.5,4.5,0.4,14400,0.8,66,66.7,13.78,0.85,1.7,0.209,8.4,8.5,0.129,1.39
55.0,4.0,1.0,2.5,3.0,0.6,14400,0.8,66,66.7,13.77,0.85,1.69,0.209,8.4,8.49,0.129,1.39
55.0,4.0,1.0,2.5,4.5,0.6,14400,0.8,66,66.7,13.77,0.85,1.69,0.209,8.4,8.49,0.129,1.39
55.0,3.0,0.7,1.5,3.0,0.4,1200,0.2,72,75.0,14.97,0.65,1.94,0.208,8.29,9.21,0.128,1.51
55.0,3.0,0.7,1.5,3.0,0.8,14400,0.2,49,85.7,10.2,0.25,1.49,0.208,8.15,6.28,0.128,1.29
55.0,3.0,0.7,1.5,4.5,0.4,1200,0.2,72,75.0,14.97,0.65,1.94,0.208,8.29,9.21,0.128,1.51
55.0,3.0,0.7,1.5,4.5,0.8,14400,0.2,49,85.7,10.2,0.25,1.49,0.208,8.15,6.28,0.128,1.29
55.0,3.0,0.7,2.5,3.0,0.4,1200,0.2,72,75.0,15.01,0.65,1.94,0.208,8.29,9.25,0.128,1.52
55.0,3.0,0.7,2.5,4.5,0.4,1200,0.2,72,75.0,15.01,0.65,1.94,0.208,8.29,9.25,0.128,1.52
55.0,3.0,1.0,1.5,3.0,0.4,14400,0.8,73,65.8,15.17,0.88,1.68,0.208,5.44,9.33,0.128,1.38
55.0,3.0,1.0,1.5,3.0,0.8,14400,0.8,73,65.8,15.16,0.88,1.68,0.208,5.43,9.32,0.128,1.38
55.0,3.0,1.0,1.5,4.5,0.4,14400,0.8,73,65.8,15.17,0.88,1.68,0.208,5.44,9.33,0.128,1.38
55.0,3.0,1.0,1.5,4.5,0.8,14400,0.8,73,65.8,15.16,0.88,1.68,0.208,5.43,9.32,0.128,1.38
55.0,4.0,1.0,2.5,3.0,0.8,14400,0.8,66,66.7,13.72,0.85,1.69,0.208,8.4,8.44,0.128,1.39
55.0,4.0,1.0,2.5,4.5,0.8,14400,0.8,66,66.7,13.72,0.85,1.69,0.208,8.4,8.44,0.128,1.39
55.0,4.0,1.5,2.5,3.0,0.4,14400,0.8,66,66.7,13.73,0.85,1.69,0.208,8.4,8.45,0.128,1.39
55.0,4.0,1.5,2.5,3.0,0.6,2400,0.4,96,67.7,19.98,0.98,2.05,0.208,11.26,12.3,0.128,1.56
55.0,4.0,1.5,2.5,3.0,0.6,14400,0.8,66,66.7,13.73,0.85,1.69,0.208,8.4,8.45,0.128,1.39
55.0,4.0,1.5,2.5,3.0,0.8,2400,0.4,100,69.0,20.81,0.94,2.09,0.208,10.44,12.81,0.128,1.59
55.0,4.0,1.5,2.5,4.5,0.4,14400,0.8,66,66.7,13.73,0.85,1.69,0.208,8.4,8.45,0.128,1.39
55.0,4.0,1.5,2.5,4.5,0.6,2400,0.4,96,67.7,19.98,0.98,2.05,0.208,11.26,12.3,0.128,1.56
55.0,4.0,1.5,2.5,4.5,0.6,14400,0.8,66,66.7,13.73,0.85,1.69,0.208,8.4,8.45,0.128,1.39
55.0,4.0,1.5,2.5,4.5,0.8,2400,0.4,100,69.0,20.81,0.94,2.09,0.208,10.44,12.81,0.128,1.59
55.0,3.0,0.7,1.5,3.0,0.4,14400,0.2,49,85.7,10.14,0.25,1.48,0.207,8.16,6.22,0.127,1.29
55.0,3.0,0.7,1.5,3.0,0.6,1200,0.2,72,75.0,14.94,0.65,1.94,0.208,8.29,9.18,0.127,1.51
55.0,3.0,0.7,1.5,3.0,0.6,14400,0.2,49,85.7,10.15,0.25,1.48,0.207,8.28,6.23,0.127,1.29
55.0,3.0,0.7,1.5,3.0,0.8,1200,0.2,72,75.0,14.94,0.65,1.94,0.208,8.29,9.18,0.127,1.51
55.0,3.0,0.7,1.5,4.5,0.4,14400,0.2,49,85.7,10.14,0.25,1.48,0.207,8.16,6.22,0.127,1.29
55.0,3.0,0.7,1.5,4.5,0.6,1200,0.2,72,75.0,14.94,0.65,1.94,0.208,8.29,9.18,0.127,1.51
55.0,3.0,0.7,1.5,4.5,0.6,14400,0.2,49,85.7,10.15,0.25,1.48,0.207,8.28,6.23,0.127,1.29
55.0,3.0,0.7,1.5,4.5,0.8,1200,0.2,72,75.0,14.94,0.65,1.94,0.208,8.29,9.18,0.127,1.51
55.0,3.0,0.7,2.5,3.0,0.6,1200,0.2,72,75.0,14.92,0.65,1.94,0.207,8.29,9.16,0.127,1.51
55.0,3.0,0.7,2.5,3.0,0.8,1200,0.2,72,75.0,14.92,0.65,1.94,0.207,8.29,9.16,0.127,1.51
55.0,3.0,0.7,2.5,4.5,0.6,1200,0.2,72,75.0,14.92,0.65,1.94,0.207,8.29,9.16,0.127,1.51
55.0,3.0,0.7,2.5,4.5,0.8,1200,0.2,72,75.0,14.92,0.65,1.94,0.207,8.29,9.16,0.127,1.51
55.0,3.0,1.0,1.5,3.0,0.8,14400,0.4,50,74.0,10.35,0.48,1.38,0.207,8.39,6.35,0.127,1.22
55.0,3.0,1.0,1.5,4.5,0.8,14400,0.4,50,74.0,10.35,0.48,1.38,0.207,8.39,6.35,0.127,1.22
55.0,4.0,0.7,1.5,3.0,0.4,3600,0.2,47,89.4,9.71,0.18,1.49,0.207,12.0,5.95,0.127,1.29
55.0,4.0,0.7,1.5,4.5,0.4,3600,0.2,47,89.4,9.71,0.18,1.49,0.207,12.0,5.95,0.127,1.29
55.0,4.0,0.7,2.5,3.0,0.4,3600,0.2,47,89.4,9.75,0.18,1.49,0.207,12.0,5.99,0.127,1.29
55.0,4.0,0.7,2.5,4.5,0.4,3600,0.2,47,89.4,9.75,0.18,1.49,0.207,12.0,5.99,0.127,1.29
55.0,3.0,0.7,2.5,3.0,0.4,14400,0.2,49,85.7,10.08,0.25,1.48,0.206,8.16,6.16,0.126,1.29
55.0,3.0,0.7,2.5,4.5,0.4,14400,0.2,49,85.7,10.08,0.25,1.48,0.206,8.16,6.16,0.126,1.29
55.0,3.0,1.0,1.5,3.0,0.6,14400,0.4,50,74.0,10.3,0.48,1.37,0.206,8.39,6.3,0.126,1.22
55.0,3.0,1.0,1.5,4.5,0.6,14400,0.4,50,74.0,10.3,0.48,1.37,0.206,8.39,6.3,0.126,1.22
55.0,4.0,0.7,1.5,3.0,0.6,3600,0.2,47,89.4,9.68,0.18,1.48,0.206,12.0,5.92,0.126,1.29
55.0,4.0,0.7,1.5,3.0,0.8,3600,0.2,47,89.4,9.68,0.18,1.48,0.206,12.0,5.92,0.126,1.29
55.0,4.0,0.7,1.5,4.5,0.6,3600,0.2,47,89.4,9.68,0.18,1.48,0.206,12.0,5.92,0.126,1.29
55.0,4.0,0.7,1.5,4.5,0.8,3600,0.2,47,89.4,9.68,0.18,1.48,0.206,12.0,5.92,0.126,1.29
55.0,4.0,0.7,2.5,3.0,0.6,3600,0.2,47,89.4,9.66,0.18,1.48,0.206,12.0,5.9,0.126,1.29
55.0,4.0,0.7,2.5,3.0,0.8,3600,0.2,47,89.4,9.66,0.18,1.48,0.206,12.0,5.9,0.126,1.29
55.0,4.0,0.7,2.5,4.5,0.6,3600,0.2,47,89.4,9.66,0.18,1.48,0.206,12.0,5.9,0.126,1.29
55.0,4.0,0.7,2.5,4.5,0.8,3600,0.2,47,89.4,9.66,0.18,1.48,0.206,12.0,5.9,0.126,1.29
55.0,4.0,1.0,2.5,3.0,0.4,14400,0.8,66,66.7,13.57,0.84,1.68,0.206,8.4,8.29,0.126,1.38
55.0,4.0,1.0,2.5,4.5,0.4,14400,0.8,66,66.7,13.57,0.84,1.68,0.206,8.4,8.29,0.126,1.38
55.0,3.0,1.0,1.5,3.0,0.4,14400,0.4,50,74.0,10.25,0.48,1.37,0.205,8.39,6.25,0.125,1.22
55.0,3.0,1.0,1.5,4.5,0.4,14400,0.4,50,74.0,10.25,0.48,1.37,0.205,8.39,6.25,0.125,1.22
55.0,3.0,1.0,2.5,3.0,0.4,14400,0.8,73,65.8,14.96,0.87,1.67,0.205,5.44,9.12,0.125,1.37
55.0,3.0,1.0,2.5,4.5,0.4,14400,0.8,73,65.8,14.96,0.87,1.67,0.205,5.44,9.12,0.125,1.37
55.0,3.0,0.7,2.5,3.0,0.8,14400,0.2,49,85.7,10.0,0.25,1.48,0.204,8.15,6.08,0.124,1.28
55.0,3.0,0.7,2.5,4.5,0.8,14400,0.2,49,85.7,10.0,0.25,1.48,0.204,8.15,6.08,0.124,1.28
55.0,3.0,1.0,2.5,3.0,0.6,14400,0.8,73,65.8,14.91,0.87,1.67,0.204,5.56,9.07,0.124,1.37
55.0,3.0,1.0,2.5,3.0,0.8,14400,0.8,73,65.8,14.87,0.87,1.67,0.204,5.43,9.03,0.124,1.37
55.0,3.0,1.0,2.5,4.5,0.6,14400,0.8,73,65.8,14.91,0.87,1.67,0.204,5.56,9.07,0.124,1.37
55.0,3.0,1.0,2.5,4.5,0.8,14400,0.8,73,65.8,14.87,0.87,1.67,0.204,5.43,9.03,0.124,1.37
55.0,3.0,0.7,2.5,3.0,0.6,14400,0.2,49,85.7,9.92,0.25,1.47,0.202,8.28,6.0,0.123,1.28
55.0,3.0,0.7,2.5,4.5,0.6,14400,0.2,49,85.7,9.92,0.25,1.47,0.202,8.28,6.0,0.123,1.28
55.0,3.0,0.7,2.5,3.0,0.4,7200,0.2,50,84.0,10.1,0.28,1.48,0.202,7.96,6.1,0.122,1.28
55.0,3.0,0.7,2.5,4.5,0.4,7200,0.2,50,84.0,10.1,0.28,1.48,0.202,7.96,6.1,0.122,1.28
55.0,4.0,1.0,1.5,3.0,0.4,2400,0.4,96,67.7,19.37,0.96,2.01,0.202,10.91,11.69,0.122,1.53
55.0,4.0,1.0,1.5,4.5,0.4,2400,0.4,96,67.7,19.37,0.96,2.01,0.202,10.91,11.69,0.122,1.53
55.0,4.0,1.5,2.5,3.0,0.8,14400,0.8,73,65.8,14.74,0.89,1.7,0.202,8.4,8.9,0.122,1.39
55.0,4.0,1.5,2.5,4.5,0.8,14400,0.8,73,65.8,14.74,0.89,1.7,0.202,8.4,8.9,0.122,1.39
55.0,3.0,0.7,1.5,3.0,0.4,7200,0.2,50,84.0,10.06,0.28,1.48,0.201,7.96,6.06,0.121,1.28
55.0,3.0,0.7,1.5,3.0,0.6,7200,0.2,50,84.0,10.04,0.28,1.48,0.201,7.96,6.04,0.121,1.28
55.0,3.0,0.7,1.5,3.0,0.8,7200,0.2,50,84.0,10.04,0.28,1.48,0.201,7.96,6.04,0.121,1.28
55.0,3.0,0.7,1.5,4.5,0.4,7200,0.2,50,84.0,10.06,0.28,1.48,0.201,7.96,6.06,0.121,1.28
55.0,3.0,0.7,1.5,4.5,0.6,7200,0.2,50,84.0,10.04,0.28,1.48,0.201,7.96,6.04,0.121,1.28
55.0,3.0,0.7,1.5,4.5,0.8,7200,0.2,50,84.0,10.04,0.28,1.48,0.201,7.96,6.04,0.121,1.28
55.0,3.0,1.5,2.5,3.0,0.8,7200,0.8,101,64.4,20.34,1.3,2.34,0.201,4.57,12.26,0.121,1.67
55.0,3.0,1.5,2.5,4.5,0.8,7200,0.8,101,64.4,20.34,1.3,2.34,0.201,4.57,12.26,0.121,1.67
55.0,4.0,1.0,1.5,3.0,0.6,2400,0.4,96,67.7,19.34,0.96,2.01,0.201,10.91,11.66,0.121,1.53
55.0,4.0,1.0,1.5,3.0,0.8,2400,0.4,96,67.7,19.34,0.96,2.01,0.201,10.91,11.66,0.121,1.53
55.0,4.0,1.0,1.5,4.5,0.6,2400,0.4,96,67.7,19.34,0.96,2.01,0.201,10.91,11.66,0.121,1.53
55.0,4.0,1.0,1.5,4.5,0.8,2400,0.4,96,67.7,19.34,0.96,2.01,0.201,10.91,11.66,0.121,1.53
55.0,4.0,1.0,2.5,3.0,0.4,2400,0.4,96,67.7,19.28,0.96,2.01,0.201,10.91,11.6,0.121,1.53
55.0,4.0,1.0,2.5,4.5,0.4,2400,0.4,96,67.7,19.28,0.96,2.01,0.201,10.91,11.6,0.121,1.53
55.0,3.0,0.7,2.5,3.0,0.6,7200,0.2,50,84.0,10.02,0.28,1.48,0.2,7.96,6.02,0.12,1.28
55.0,3.0,0.7,2.5,3.0,0.8,7200,0.2,50,84.0,10.02,0.28,1.48,0.2,7.96,6.02,0.12,1.28
55.0,3.0,0.7,2.5,4.5,0.6,7200,0.2,50,84.0,10.02,0.28,1.48,0.2,7.96,6.02,0.12,1.28
55.0,3.0,0.7,2.5,4.5,0.8,7200,0.2,50,84.0,10.02,0.28,1.48,0.2,7.96,6.02,0.12,1.28
55.0,4.0,1.0,2.5,3.0,0.6,2400,0.4,96,67.7,19.2,0.96,2.0,0.2,10.91,11.51,0.12,1.53
55.0,4.0,1.0,2.5,3.0,0.8,2400,0.4,96,67.7,19.2,0.96,2.0,0.2,10.91,11.51,0.12,1.53
55.0,4.0,1.0,2.5,4.5,0.6,2400,0.4,96,67.7,19.2,0.96,2.0,0.2,10.91,11.51,0.12,1.53
55.0,4.0,1.0,2.5,4.5,0.8,2400,0.4,96,67.7,19.2,0.96,2.0,0.2,10.91,11.51,0.12,1.53
55.0,3.0,1.0,2.5,3.0,0.4,14400,0.4,50,74.0,9.88,0.48,1.36,0.198,8.39,5.88,0.118,1.21
55.0,3.0,1.0,2.5,3.0,0.8,14400,0.4,50,74.0,9.9,0.48,1.36,0.198,8.39,5.9,0.118,1.21
55.0,3.0,1.0,2.5,4.5,0.4,14400,0.4,50,74.0,9.88,0.48,1.36,0.198,8.39,5.88,0.118,1.21
55.0,3.0,1.0,2.5,4.5,0.8,14400,0.4,50,74.0,9.9,0.48,1.36,0.198,8.39,5.9,0.118,1.21
55.0,3.0,0.7,1.5,3.0,0.4,3600,0.4,90,76.7,17.77,0.67,2.21,0.197,8.26,10.57,0.117,1.63
55.0,3.0,0.7,1.5,3.0,0.6,3600,0.4,90,76.7,17.77,0.67,2.21,0.197,8.26,10.57,0.117,1.63
55.0,3.0,0.7,1.5,3.0,0.8,3600,0.4,90,76.7,17.77,0.67,2.21,0.197,8.26,10.57,0.117,1.63
55.0,3.0,0.7,1.5,4.5,0.4,3600,0.4,90,76.7,17.77,0.67,2.21,0.197,8.26,10.57,0.117,1.63
55.0,3.0,0.7,1.5,4.5,0.6,3600,0.4,90,76.7,17.77,0.67,2.21,0.197,8.26,10.57,0.117,1.63
55.0,3.0,0.7,1.5,4.5,0.8,3600,0.4,90,76.7,17.77,0.67,2.21,0.197,8.26,10.57,0.117,1.63
55.0,3.0,0.7,2.5,3.0,0.4,3600,0.4,90,76.7,17.77,0.67,2.21,0.197,8.26,10.57,0.117,1.63
55.0,3.0,0.7,2.5,3.0,0.6,3600,0.4,90,76.7,17.77,0.67,2.21,0.197,8.26,10.57,0.117,1.63
55.0,3.0,0.7,2.5,3.0,0.8,3600,0.4,90,76.7,17.77,0.67,2.21,0.197,8.26,10.57,0.117,1.63
55.0,3.0,0.7,2.5,4.5,0.4,3600,0.4,90,76.7,17.77,0.67,2.21,0.197,8.26,10.57,0.117,1.63
55.0,3.0,0.7,2.5,4.5,0.6,3600,0.4,90,76.7,17.77,0.67,2.21,0.197,8.26,10.57,0.117,1.63
55.0,3.0,0.7,2.5,4.5,0.8,3600,0.4,90,76.7,17.77,0.67,2.21,0.197,8.26,10.57,0.117,1.63
55.0,2.0,1.5,2.5,3.0,0.8,3600,0.4,91,70.3,17.88,0.76,1.8,0.196,6.93,10.6,0.116,1.42
55.0,2.0,1.5,2.5,4.5,0.8,3600,0.4,91,70.3,17.88,0.76,1.8,0.196,6.93,10.6,0.116,1.42
55.0,3.0,1.0,2.5,3.0,0.6,14400,0.4,50,74.0,9.82,0.48,1.36,0.196,8.39,5.82,0.116,1.2
55.0,3.0,1.0,2.5,4.5,0.6,14400,0.4,50,74.0,9.82,0.48,1.36,0.196,8.39,5.82,0.116,1.2
55.0,4.0,0.7,1.5,3.0,0.4,2400,0.2,54,85.2,10.46,0.26,1.52,0.194,11.3,6.14,0.114,1.3
55.0,4.0,0.7,1.5,4.5,0.4,2400,0.2,54,85.2,10.46,0.26,1.52,0.194,11.3,6.14,0.114,1.3
55.0,4.0,0.7,2.5,3.0,0.4,2400,0.2,54,85.2,10.5,0.26,1.52,0.194,11.3,6.18,0.114,1.3
55.0,4.0,0.7,2.5,4.5,0.4,2400,0.2,54,85.2,10.5,0.26,1.52,0.194,11.3,6.18,0.114,1.3
55.0,2.0,1.5,2.5,3.0,0.6,2400,0.4,108,63.9,20.89,1.12,1.98,0.193,7.26,12.25,0.113,1.49
55.0,2.0,1.5,2.5,4.5,0.6,2400,0.4,108,63.9,20.89,1.12,1.98,0.193,7.26,12.25,0.113,1.49
55.0,4.0,0.7,1.5,3.0,0.6,2400,0.2,54,85.2,10.43,0.26,1.52,0.193,11.3,6.11,0.113,1.29
55.0,4.0,0.7,1.5,3.0,0.8,2400,0.2,54,85.2,10.43,0.26,1.52,0.193,11.3,6.11,0.113,1.29
55.0,4.0,0.7,1.5,4.5,0.6,2400,0.2,54,85.2,10.43,0.26,1.52,0.193,11.3,6.11,0.113,1.29
55.0,4.0,0.7,1.5,4.5,0.8,2400,0.2,54,85.2,10.43,0.26,1.52,0.193,11.3,6.11,0.113,1.29
55.0,4.0,0.7,2.5,3.0,0.6,2400,0.2,54,85.2,10.41,0.26,1.52,0.193,11.3,6.09,0.113,1.29
55.0,4.0,0.7,2.5,3.0,0.8,2400,0.2,54,85.2,10.41,0.26,1.52,0.193,11.3,6.09,0.113,1.29
55.0,4.0,0.7,2.5,4.5,0.6,2400,0.2,54,85.2,10.41,0.26,1.52,0.193,11.3,6.09,0.113,1.29
55.0,4.0,0.7,2.5,4.5,0.8,2400,0.2,54,85.2,10.41,0.26,1.52,0.193,11.3,6.09,0.113,1.29
55.0,3.0,0.7,2.5,3.0,0.4,3600,0.2,50,86.0,9.5,0.24,1.45,0.19,8.26,5.5,0.11,1.25
55.0,3.0,0.7,2.5,4.5,0.4,3600,0.2,50,86.0,9.5,0.24,1.45,0.19,8.26,5.5,0.11,1.25
55.0,3.0,0.7,1.5,3.0,0.4,3600,0.2,50,86.0,9.47,0.24,1.45,0.189,8.26,5.47,0.109,1.25
55.0,3.0,0.7,1.5,3.0,0.6,3600,0.2,50,86.0,9.43,0.24,1.45,0.189,8.26,5.43,0.109,1.25
55.0,3.0,0.7,1.5,3.0,0.8,3600,0.2,50,86.0,9.43,0.24,1.45,0.189,8.26,5.43,0.109,1.25
55.0,3.0,0.7,1.5,4.5,0.4,3600,0.2,50,86.0,9.47,0.24,1.45,0.189,8.26,5.47,0.109,1.25
55.0,3.0,0.7,1.5,4.5,0.6,3600,0.2,50,86.0,9.43,0.24,1.45,0.189,8.26,5.43,0.109,1.25
55.0,3.0,0.7,1.5,4.5,0.8,3600,0.2,50,86.0,9.43,0.24,1.45,0.189,8.26,5.43,0.109,1.25
55.0,3.0,0.7,2.5,3.0,0.6,3600,0.2,50,86.0,9.41,0.24,1.45,0.188,8.26,5.41,0.108,1.25
55.0,3.0,0.7,2.5,3.0,0.8,3600,0.2,50,86.0,9.41,0.24,1.45,0.188,8.26,5.41,0.108,1.25
55.0,3.0,0.7,2.5,4.5,0.6,3600,0.2,50,86.0,9.41,0.24,1.45,0.188,8.26,5.41,0.108,1.25
55.0,3.0,0.7,2.5,4.5,0.8,3600,0.2,50,86.0,9.41,0.24,1.45,0.188,8.26,5.41,0.108,1.25
55.0,5.0,0.7,1.5,3.0,0.6,14400,0.8,53,69.8,9.95,0.76,1.76,0.188,10.4,5.71,0.108,1.4
55.0,5.0,0.7,1.5,4.5,0.6,14400,0.8,53,69.8,9.95,0.76,1.76,0.188,10.4,5.71,0.108,1.4
55.0,5.0,0.7,2.5,3.0,0.6,14400,0.8,53,69.8,9.87,0.76,1.75,0.186,10.4,5.63,0.106,1.39
55.0,5.0,0.7,2.5,4.5,0.6,14400,0.8,53,69.8,9.87,0.76,1.75,0.186,10.4,5.63,0.106,1.39
55.0,4.0,0.7,2.5,3.0,0.4,7200,0.4,66,81.8,12.18,0.35,1.59,0.185,12.0,6.91,0.105,1.32
55.0,4.0,0.7,2.5,4.5,0.4,7200,0.4,66,81.8,12.18,0.35,1.59,0.185,12.0,6.91,0.105,1.32
55.0,5.0,0.7,1.5,3.0,0.8,14400,0.8,53,69.8,9.81,0.76,1.75,0.185,10.4,5.57,0.105,1.39
55.0,5.0,0.7,1.5,4.5,0.8,14400,0.8,53,69.8,9.81,0.76,1.75,0.185,10.4,5.57,0.105,1.39
55.0,2.0,1.5,2.5,3.0,0.8,2400,0.4,111,64.9,20.38,1.06,1.96,0.184,6.44,11.5,0.104,1.46
55.0,2.0,1.5,2.5,4.5,0.8,2400,0.4,111,64.9,20.38,1.06,1.96,0.184,6.44,11.5,0.104,1.46
55.0,4.0,0.7,1.5,3.0,0.4,7200,0.4,66,81.8,12.15,0.35,1.59,0.184,12.0,6.87,0.104,1.32
55.0,4.0,0.7,1.5,4.5,0.4,7200,0.4,66,81.8,12.15,0.35,1.59,0.184,12.0,6.87,0.104,1.32
55.0,5.0,0.7,2.5,3.0,0.8,14400,0.8,53,69.8,9.76,0.75,1.75,0.184,10.4,5.52,0.104,1.38
55.0,5.0,0.7,2.5,4.5,0.8,14400,0.8,53,69.8,9.76,0.75,1.75,0.184,10.4,5.52,0.104,1.38
55.0,2.0,1.5,2.5,3.0,0.4,2400,0.4,108,63.9,19.82,1.09,1.93,0.184,7.06,11.18,0.103,1.45
55.0,2.0,1.5,2.5,4.5,0.4,2400,0.4,108,63.9,19.82,1.09,1.93,0.184,7.06,11.18,0.103,1.45
55.0,4.0,0.7,1.5,3.0,0.6,7200,0.4,66,81.8,12.01,0.35,1.58,0.182,12.0,6.73,0.102,1.31
55.0,4.0,0.7,1.5,4.5,0.6,7200,0.4,66,81.8,12.01,0.35,1.58,0.182,12.0,6.73,0.102,1.31
55.0,4.0,0.7,2.5,3.0,0.6,7200,0.4,66,81.8,11.99,0.35,1.58,0.182,12.0,6.71,0.102,1.31
55.0,4.0,0.7,2.5,4.5,0.6,7200,0.4,66,81.8,11.99,0.35,1.58,0.182,12.0,6.71,0.102,1.31
55.0,5.0,0.7,1.5,3.0,0.4,14400,0.8,53,69.8,9.62,0.75,1.73,0.182,10.4,5.38,0.101,1.37
55.0,5.0,0.7,1.5,4.5,0.4,14400,0.8,53,69.8,9.62,0.75,1.73,0.182,10.4,5.38,0.101,1.37
55.0,5.0,0.7,2.5,3.0,0.4,14400,0.8,53,69.8,9.58,0.75,1.73,0.181,10.4,5.34,0.101,1.37
55.0,5.0,0.7,2.5,4.5,0.4,14400,0.8,53,69.8,9.58,0.75,1.73,0.181,10.4,5.34,0.101,1.37
55.0,4.0,0.7,1.5,3.0,0.8,7200,0.4,66,81.8,11.89,0.35,1.58,0.18,12.0,6.61,0.1,1.31
55.0,4.0,0.7,1.5,4.5,0.8,7200,0.4,66,81.8,11.89,0.35,1.58,0.18,12.0,6.61,0.1,1.31
55.0,4.0,0.7,2.5,3.0,0.8,7200,0.4,66,81.8,11.87,0.35,1.58,0.18,12.0,6.59,0.1,1.31
55.0,4.0,0.7,2.5,4.5,0.8,7200,0.4,66,81.8,11.87,0.35,1.58,0.18,12.0,6.59,0.1,1.31
55.0,2.0,0.7,1.5,3.0,0.6,14400,0.2,66,78.8,11.66,0.39,1.43,0.177,9.47,6.38,0.097,1.23
55.0,2.0,0.7,1.5,3.0,0.8,14400,0.2,66,78.8,11.7,0.39,1.43,0.177,9.29,6.42,0.097,1.23
55.0,2.0,0.7,1.5,4.5,0.6,14400,0.2,66,78.8,11.66,0.39,1.43,0.177,9.47,6.38,0.097,1.23
55.0,2.0,0.7,1.5,4.5,0.8,14400,0.2,66,78.8,11.7,0.39,1.43,0.177,9.29,6.42,0.097,1.23
55.0,2.0,1.5,2.5,3.0,0.6,7200,0.4,73,71.2,12.92,0.58,1.43,0.177,9.33,7.08,0.097,1.22
55.0,2.0,1.5,2.5,4.5,0.6,7200,0.4,73,71.2,12.92,0.58,1.43,0.177,9.33,7.08,0.097,1.22
55.0,2.0,0.7,2.5,3.0,0.8,14400,0.2,66,78.8,11.63,0.39,1.43,0.176,9.29,6.35,0.096,1.23
55.0,2.0,0.7,2.5,4.5,0.8,14400,0.2,66,78.8,11.63,0.39,1.43,0.176,9.29,6.35,0.096,1.23
55.0,2.0,0.7,2.5,3.0,0.4,14400,0.2,66,78.8,11.52,0.38,1.43,0.175,9.23,6.24,0.095,1.22
55.0,2.0,0.7,2.5,3.0,0.6,14400,0.2,66,78.8,11.55,0.38,1.43,0.175,9.47,6.27,0.095,1.22
55.0,2.0,0.7,2.5,4.5,0.4,14400,0.2,66,78.8,11.52,0.38,1.43,0.175,9.23,6.24,0.095,1.22
55.0,2.0,0.7,2.5,4.5,0.6,14400,0.2,66,78.8,11.55,0.38,1.43,0.175,9.47,6.27,0.095,1.22
55.0,2.0,0.7,1.5,3.0,0.4,14400,0.2,66,78.8,11.51,0.38,1.43,0.174,9.23,6.22,0.094,1.22
55.0,2.0,0.7,1.5,4.5,0.4,14400,0.2,66,78.8,11.51,0.38,1.43,0.174,9.23,6.22,0.094,1.22
55.0,3.0,1.5,2.5,3.0,0.4,7200,0.8,100,64.0,17.36,1.11,1.97,0.174,5.19,9.36,0.094,1.45
55.0,3.0,1.5,2.5,4.5,0.4,7200,0.8,100,64.0,17.36,1.11,1.97,0.174,5.19,9.36,0.094,1.45
55.0,4.0,0.7,1.5,3.0,0.6,14400,0.4,48,81.2,8.36,0.32,1.41,0.174,12.0,4.52,0.094,1.21
55.0,4.0,0.7,1.5,4.5,0.6,14400,0.4,48,81.2,8.36,0.32,1.41,0.174,12.0,4.52,0.094,1.21
55.0,4.0,0.7,1.5,3.0,0.8,14400,0.4,48,81.2,8.28,0.32,1.4,0.172,12.0,4.44,0.092,1.21
55.0,4.0,0.7,1.5,4.5,0.8,14400,0.4,48,81.2,8.28,0.32,1.4,0.172,12.0,4.44,0.092,1.21
55.0,4.0,0.7,1.5,3.0,0.4,14400,0.4,48,81.2,8.19,0.32,1.4,0.171,12.0,4.35,0.091,1.2
55.0,4.0,0.7,1.5,4.5,0.4,14400,0.4,48,81.2,8.19,0.32,1.4,0.171,12.0,4.35,0.091,1.2
55.0,2.0,0.7,1.5,3.0,0.4,1200,0.2,81,70.4,13.75,0.72,1.72,0.17,7.29,7.27,0.09,1.34
55.0,2.0,0.7,1.5,3.0,0.6,1200,0.2,81,70.4,13.75,0.72,1.72,0.17,7.29,7.27,0.09,1.34
55.0,2.0,0.7,1.5,3.0,0.8,1200,0.2,81,70.4,13.75,0.72,1.72,0.17,7.29,7.27,0.09,1.34
55.0,2.0,0.7,1.5,4.5,0.4,1200,0.2,81,70.4,13.75,0.72,1.72,0.17,7.29,7.27,0.09,1.34
55.0,2.0,0.7,1.5,4.5,0.6,1200,0.2,81,70.4,13.75,0.72,1.72,0.17,7.29,7.27,0.09,1.34
55.0,2.0,0.7,1.5,4.5,0.8,1200,0.2,81,70.4,13.75,0.72,1.72,0.17,7.29,7.27,0.09,1.34
55.0,2.0,0.7,2.5,3.0,0.4,1200,0.2,81,70.4,13.75,0.72,1.72,0.17,7.29,7.27,0.09,1.34
55.0,2.0,0.7,2.5,3.0,0.6,1200,0.2,81,70.4,13.75,0.72,1.72,0.17,7.29,7.27,0.09,1.34
55.0,2.0,0.7,2.5,3.0,0.8,1200,0.2,81,70.4,13.75,0.72,1.72,0.17,7.29,7.27,0.09,1.34
55.0,2.0,0.7,2.5,4.5,0.4,1200,0.2,81,70.4,13.75,0.72,1.72,0.17,7.29,7.27,0.09,1.34
55.0,2.0,0.7,2.5,4.5,0.6,1200,0.2,81,70.4,13.75,0.72,1.72,0.17,7.29,7.27,0.09,1.34
55.0,2.0,0.7,2.5,4.5,0.8,1200,0.2,81,70.4,13.75,0.72,1.72,0.17,7.29,7.27,0.09,1.34
55.0,2.0,1.0,1.5,3.0,0.4,2400,0.4,108,63.9,18.36,1.05,1.86,0.17,6.91,9.72,0.09,1.39
55.0,2.0,1.0,1.5,3.0,0.6,2400,0.4,108,63.9,18.36,1.05,1.86,0.17,6.91,9.72,0.09,1.39
55.0,2.0,1.0,1.5,3.0,0.8,2400,0.4,108,63.9,18.36,1.05,1.86,0.17,6.91,9.72,0.09,1.39
55.0,2.0,1.0,1.5,4.5,0.4,2400,0.4,108,63.9,18.36,1.05,1.86,0.17,6.91,9.72,0.09,1.39
55.0,2.0,1.0,1.5,4.5,0.6,2400,0.4,108,63.9,18.36,1.05,1.86,0.17,6.91,9.72,0.09,1.39
55.0,2.0,1.0,1.5,4.5,0.8,2400,0.4,108,63.9,18.36,1.05,1.86,0.17,6.91,9.72,0.09,1.39
55.0,2.0,0.7,1.5,3.0,0.6,7200,0.2,66,77.3,11.12,0.42,1.43,0.168,8.9,5.85,0.089,1.21
55.0,2.0,0.7,1.5,3.0,0.8,7200,0.2,66,77.3,11.12,0.42,1.43,0.168,8.9,5.85,0.089,1.21
55.0,2.0,0.7,1.5,4.5,0.6,7200,0.2,66,77.3,11.12,0.42,1.43,0.168,8.9,5.85,0.089,1.21
55.0,2.0,0.7,1.5,4.5,0.8,7200,0.2,66,77.3,11.12,0.42,1.43,0.168,8.9,5.85,0.089,1.21
55.0,2.0,0.7,2.5,3.0,0.6,7200,0.2,66,77.3,11.12,0.42,1.43,0.168,8.9,5.85,0.089,1.21
55.0,2.0,0.7,2.5,3.0,0.8,7200,0.2,66,77.3,11.12,0.42,1.43,0.168,8.9,5.85,0.089,1.21
55.0,2.0,0.7,2.5,4.5,0.6,7200,0.2,66,77.3,11.12,0.42,1.43,0.168,8.9,5.85,0.089,1.21
55.0,2.0,0.7,2.5,4.5,0.8,7200,0.2,66,77.3,11.12,0.42,1.43,0.168,8.9,5.85,0.089,1.21
55.0,2.0,1.0,2.5,3.0,0.4,2400,0.4,108,63.9,18.29,1.05,1.86,0.169,6.91,9.65,0.089,1.39
55.0,2.0,1.0,2.5,3.0,0.6,2400,0.4,108,63.9,18.29,1.05,1.86,0.169,6.91,9.65,0.089,1.39
55.0,2.0,1.0,2.5,3.0,0.8,2400,0.4,108,63.9,18.29,1.05,1.86,0.169,6.91,9.65,0.089,1.39
55.0,2.0,1.0,2.5,4.5,0.4,2400,0.4,108,63.9,18.29,1.05,1.86,0.169,6.91,9.65,0.089,1.39
55.0,2.0,1.0,2.5,4.5,0.6,2400,0.4,108,63.9,18.29,1.05,1.86,0.169,6.91,9.65,0.089,1.39
55.0,2.0,1.0,2.5,4.5,0.8,2400,0.4,108,63.9,18.29,1.05,1.86,0.169,6.91,9.65,0.089,1.39
55.0,4.0,0.7,2.5,3.0,0.6,14400,0.4,48,81.2,8.11,0.32,1.39,0.169,12.0,4.27,0.089,1.2
55.0,4.0,0.7,2.5,4.5,0.6,14400,0.4,48,81.2,8.11,0.32,1.39,0.169,12.0,4.27,0.089,1.2
55.0,2.0,0.7,1.5,3.0,0.4,7200,0.2,66,77.3,11.11,0.42,1.43,0.168,8.9,5.83,0.088,1.21
55.0,2.0,0.7,1.5,4.5,0.4,7200,0.2,66,77.3,11.11,0.42,1.43,0.168,8.9,5.83,0.088,1.21
55.0,2.0,0.7,2.5,3.0,0.4,7200,0.2,66,77.3,11.11,0.42,1.43,0.168,8.9,5.83,0.088,1.21
55.0,2.0,0.7,2.5,4.5,0.4,7200,0.2,66,77.3,11.11,0.42,1.43,0.168,8.9,5.83,0.088,1.21
55.0,2.0,1.5,2.5,3.0,0.4,7200,0.4,74,68.9,12.42,0.63,1.41,0.168,8.93,6.49,0.088,1.2
55.0,2.0,1.5,2.5,3.0,0.8,7200,0.4,76,71.1,12.77,0.58,1.42,0.168,8.71,6.69,0.088,1.21
55.0,2.0,1.5,2.5,4.5,0.4,7200,0.4,74,68.9,12.42,0.63,1.41,0.168,8.93,6.49,0.088,1.2
55.0,2.0,1.5,2.5,4.5,0.8,7200,0.4,76,71.1,12.77,0.58,1.42,0.168,8.71,6.69,0.088,1.21
55.0,4.0,0.7,2.5,3.0,0.4,14400,0.4,48,81.2,8.05,0.32,1.39,0.168,12.0,4.21,0.088,1.2
55.0,4.0,0.7,2.5,3.0,0.8,14400,0.4,48,81.2,8.06,0.32,1.39,0.168,12.0,4.22,0.088,1.2
55.0,4.0,0.7,2.5,4.5,0.4,14400,0.4,48,81.2,8.05,0.32,1.39,0.168,12.0,4.21,0.088,1.2
55.0,4.0,0.7,2.5,4.5,0.8,14400,0.4,48,81.2,8.06,0.32,1.39,0.168,12.0,4.22,0.088,1.2
55.0,2.0,1.5,2.5,3.0,0.6,14400,0.8,92,62.0,15.12,0.93,1.52,0.164,6.85,7.76,0.084,1.24
55.0,2.0,1.5,2.5,4.5,0.6,14400,0.8,92,62.0,15.12,0.93,1.52,0.164,6.85,7.76,0.084,1.24
55.0,5.0,0.7,1.5,3.0,0.4,2400,0.4,85,70.6,13.64,0.86,2.05,0.16,9.3,6.84,0.08,1.45
55.0,5.0,0.7,1.5,3.0,0.6,2400,0.4,85,70.6,13.64,0.86,2.05,0.16,9.3,6.84,0.08,1.45
55.0,5.0,0.7,1.5,3.0,0.8,2400,0.4,85,70.6,13.64,0.86,2.05,0.16,9.3,6.84,0.08,1.45
55.0,5.0,0.7,1.5,4.5,0.4,2400,0.4,85,70.6,13.64,0.86,2.05,0.16,9.3,6.84,0.08,1.45
55.0,5.0,0.7,1.5,4.5,0.6,2400,0.4,85,70.6,13.64,0.86,2.05,0.16,9.3,6.84,0.08,1.45
55.0,5.0,0.7,1.5,4.5,0.8,2400,0.4,85,70.6,13.64,0.86,2.05,0.16,9.3,6.84,0.08,1.45
55.0,5.0,0.7,2.5,3.0,0.4,2400,0.4,85,70.6,13.64,0.86,2.05,0.16,9.3,6.84,0.08,1.45
55.0,5.0,0.7,2.5,3.0,0.6,2400,0.4,85,70.6,13.64,0.86,2.05,0.16,9.3,6.84,0.08,1.45
55.0,5.0,0.7,2.5,3.0,0.8,2400,0.4,85,70.6,13.64,0.86,2.05,0.16,9.3,6.84,0.08,1.45
55.0,5.0,0.7,2.5,4.5,0.4,2400,0.4,85,70.6,13.64,0.86,2.05,0.16,9.3,6.84,0.08,1.45
55.0,5.0,0.7,2.5,4.5,0.6,2400,0.4,85,70.6,13.64,0.86,2.05,0.16,9.3,6.84,0.08,1.45
55.0,5.0,0.7,2.5,4.5,0.8,2400,0.4,85,70.6,13.64,0.86,2.05,0.16,9.3,6.84,0.08,1.45
55.0,3.0,1.5,2.5,3.0,0.6,7200,0.8,100,64.0,15.94,1.07,1.89,0.159,5.39,7.94,0.079,1.38
55.0,3.0,1.5,2.5,4.5,0.6,7200,0.8,100,64.0,15.94,1.07,1.89,0.159,5.39,7.94,0.079,1.38
55.0,2.0,1.5,2.5,3.0,0.8,14400,0.8,95,62.1,14.96,0.92,1.51,0.157,6.22,7.36,0.077,1.23
55.0,2.0,1.5,2.5,4.5,0.8,14400,0.8,95,62.1,14.96,0.92,1.51,0.157,6.22,7.36,0.077,1.23
55.0,2.0,1.0,1.5,3.0,0.4,7200,0.4,74,68.9,11.54,0.62,1.38,0.156,9.02,5.62,0.076,1.17
55.0,2.0,1.0,1.5,4.5,0.4,7200,0.4,74,68.9,11.54,0.62,1.38,0.156,9.02,5.62,0.076,1.17
55.0,2.0,0.7,1.5,3.0,0.4,2400,0.2,71,76.1,11.04,0.46,1.46,0.155,8.57,5.36,0.075,1.21
55.0,2.0,0.7,1.5,3.0,0.4,3600,0.4,98,74.5,15.18,0.62,1.81,0.155,8.33,7.34,0.075,1.35
55.0,2.0,0.7,1.5,3.0,0.6,2400,0.2,71,76.1,11.04,0.46,1.46,0.155,8.57,5.36,0.075,1.21
55.0,2.0,0.7,1.5,3.0,0.6,3600,0.4,98,74.5,15.18,0.62,1.81,0.155,8.33,7.34,0.075,1.35
55.0,2.0,0.7,1.5,3.0,0.8,2400,0.2,71,76.1,11.04,0.46,1.46,0.155,8.57,5.36,0.075,1.21
55.0,2.0,0.7,1.5,3.0,0.8,3600,0.4,98,74.5,15.18,0.62,1.81,0.155,8.33,7.34,0.075,1.35
55.0,2.0,0.7,1.5,4.5,0.4,2400,0.2,71,76.1,11.04,0.46,1.46,0.155,8.57,5.36,0.075,1.21
55.0,2.0,0.7,1.5,4.5,0.4,3600,0.4,98,74.5,15.18,0.62,1.81,0.155,8.33,7.34,0.075,1.35
55.0,2.0,0.7,1.5,4.5,0.6,2400,0.2,71,76.1,11.04,0.46,1.46,0.155,8.57,5.36,0.075,1.21
55.0,2.0,0.7,1.5,4.5,0.6,3600,0.4,98,74.5,15.18,0.62,1.81,0.155,8.33,7.34,0.075,1.35
55.0,2.0,0.7,1.5,4.5,0.8,2400,0.2,71,76.1,11.04,0.46,1.46,0.155,8.57,5.36,0.075,1.21
55.0,2.0,0.7,1.5,4.5,0.8,3600,0.4,98,74.5,15.18,0.62,1.81,0.155,8.33,7.34,0.075,1.35
55.0,2.0,0.7,2.5,3.0,0.4,2400,0.2,71,76.1,11.04,0.46,1.46,0.155,8.57,5.36,0.075,1.21
55.0,2.0,0.7,2.5,3.0,0.4,3600,0.4,98,74.5,15.18,0.62,1.81,0.155,8.33,7.34,0.075,1.35
55.0,2.0,0.7,2.5,3.0,0.6,2400,0.2,71,76.1,11.04,0.46,1.46,0.155,8.57,5.36,0.075,1.21
55.0,2.0,0.7,2.5,3.0,0.6,3600,0.4,98,74.5,15.18,0.62,1.81,0.155,8.33,7.34,0.075,1.35
55.0,2.0,0.7,2.5,3.0,0.8,2400,0.2,71,76.1,11.04,0.46,1.46,0.155,8.57,5.36,0.075,1.21
55.0,2.0,0.7,2.5,3.0,0.8,3600,0.4,98,74.5,15.18,0.62,1.81,0.155,8.33,7.34,0.075,1.35
55.0,2.0,0.7,2.5,4.5,0.4,2400,0.2,71,76.1,11.04,0.46,1.46,0.155,8.57,5.36,0.075,1.21
55.0,2.0,0.7,2.5,4.5,0.4,3600,0.4,98,74.5,15.18,0.62,1.81,0.155,8.33,7.34,0.075,1.35
55.0,2.0,0.7,2.5,4.5,0.6,2400,0.2,71,76.1,11.04,0.46,1.46,0.155,8.57,5.36,0.075,1.21
55.0,2.0,0.7,2.5,4.5,0.6,3600,0.4,98,74.5,15.18,0.62,1.81,0.155,8.33,7.34,0.075,1.35
55.0,2.0,0.7,2.5,4.5,0.8,2400,0.2,71,76.1,11.04,0.46,1.46,0.155,8.57,5.36,0.075,1.21
55.0,2.0,0.7,2.5,4.5,0.8,3600,0.4,98,74.5,15.18,0.62,1.81,0.155,8.33,7.34,0.075,1.35
55.0,2.0,1.5,2.5,3.0,0.4,14400,0.8,92,62.0,14.24,0.91,1.49,0.155,6.45,6.88,0.075,1.21
55.0,2.0,1.5,2.5,4.5,0.4,14400,0.8,92,62.0,14.24,0.91,1.49,0.155,6.45,6.88,0.075,1.21
55.0,3.0,0.7,1.5,3.0,0.6,14400,0.8,76,65.8,11.75,0.83,1.6,0.155,5.68,5.67,0.075,1.26
55.0,3.0,0.7,1.5,4.5,0.6,14400,0.8,76,65.8,11.75,0.83,1.6,0.155,5.68,5.67,0.075,1.26
55.0,2.0,1.0,1.5,3.0,0.6,7200,0.4,74,68.9,11.43,0.62,1.38,0.154,9.02,5.51,0.074,1.17
55.0,2.0,1.0,1.5,4.5,0.6,7200,0.4,74,68.9,11.43,0.62,1.38,0.154,9.02,5.51,0.074,1.17
55.0,2.0,1.0,2.5,3.0,0.4,7200,0.4,74,68.9,11.38,0.62,1.37,0.154,9.02,5.46,0.074,1.17
55.0,2.0,1.0,2.5,4.5,0.4,7200,0.4,74,68.9,11.38,0.62,1.37,0.154,9.02,5.46,0.074,1.17
55.0,3.0,0.7,1.5,3.0,0.4,14400,0.8,76,65.8,11.68,0.83,1.6,0.154,5.56,5.6,0.074,1.26
55.0,3.0,0.7,1.5,3.0,0.8,14400,0.8,76,65.8,11.67,0.83,1.6,0.154,5.55,5.59,0.074,1.26
55.0,3.0,0.7,1.5,4.5,0.4,14400,0.8,76,65.8,11.68,0.83,1.6,0.154,5.56,5.6,0.074,1.26
55.0,3.0,0.7,1.5,4.5,0.8,14400,0.8,76,65.8,11.67,0.83,1.6,0.154,5.55,5.59,0.074,1.26
55.0,2.0,1.0,1.5,3.0,0.8,7200,0.4,74,68.9,11.31,0.62,1.37,0.153,9.02,5.39,0.073,1.17
55.0,2.0,1.0,1.5,4.5,0.8,7200,0.4,74,68.9,11.31,0.62,1.37,0.153,9.02,5.39,0.073,1.17
55.0,3.0,1.0,1.5,3.0,0.4,7200,0.8,100,64.0,15.3,1.05,1.86,0.153,4.97,7.3,0.073,1.35
55.0,3.0,1.0,1.5,4.5,0.4,7200,0.8,100,64.0,15.3,1.05,1.86,0.153,4.97,7.3,0.073,1.35
55.0,3.0,1.0,2.5,3.0,0.4,7200,0.8,100,64.0,15.26,1.04,1.86,0.153,4.97,7.26,0.073,1.35
55.0,3.0,1.0,2.5,4.5,0.4,7200,0.8,100,64.0,15.26,1.04,1.86,0.153,4.97,7.26,0.073,1.35
55.0,5.0,1.5,2.5,3.0,0.8,7200,0.8,77,63.6,11.75,1.03,1.8,0.153,10.36,5.59,0.073,1.33
55.0,5.0,1.5,2.5,4.5,0.8,7200,0.8,77,63.6,11.75,1.03,1.8,0.153,10.36,5.59,0.073,1.33
55.0,2.0,1.0,2.5,3.0,0.6,7200,0.4,74,68.9,11.28,0.62,1.37,0.152,9.02,5.36,0.072,1.17
55.0,2.0,1.0,2.5,4.5,0.6,7200,0.4,74,68.9,11.28,0.62,1.37,0.152,9.02,5.36,0.072,1.17
55.0,3.0,0.7,2.5,3.0,0.4,14400,0.8,76,65.8,11.54,0.83,1.59,0.152,5.56,5.46,0.072,1.25
55.0,3.0,0.7,2.5,4.5,0.4,14400,0.8,76,65.8,11.54,0.83,1.59,0.152,5.56,5.46,0.072,1.25
55.0,2.0,1.0,2.5,3.0,0.8,7200,0.4,74,68.9,11.16,0.62,1.37,0.151,9.02,5.24,0.071,1.16
55.0,2.0,1.0,2.5,4.5,0.8,7200,0.4,74,68.9,11.16,0.62,1.37,0.151,9.02,5.24,0.071,1.16
55.0,3.0,0.7,2.5,3.0,0.6,14400,0.8,76,65.8,11.5,0.83,1.59,0.151,5.68,5.42,0.071,1.25
55.0,3.0,0.7,2.5,3.0,0.8,14400,0.8,76,65.8,11.46,0.82,1.58,0.151,5.55,5.38,0.071,1.25
55.0,3.0,0.7,2.5,4.5,0.6,14400,0.8,76,65.8,11.5,0.83,1.59,0.151,5.68,5.42,0.071,1.25
55.0,3.0,0.7,2.5,4.5,0.8,14400,0.8,76,65.8,11.46,0.82,1.58,0.151,5.55,5.38,0.071,1.25
55.0,3.0,1.0,1.5,3.0,0.6,7200,0.8,100,64.0,15.04,1.04,1.84,0.15,4.97,7.04,0.07,1.34
55.0,3.0,1.0,1.5,4.5,0.6,7200,0.8,100,64.0,15.04,1.04,1.84,0.15,4.97,7.04,0.07,1.34
55.0,3.0,1.0,2.5,3.0,0.6,7200,0.8,100,64.0,14.95,1.03,1.84,0.15,4.97,6.95,0.069,1.33
55.0,3.0,1.0,2.5,4.5,0.6,7200,0.8,100,64.0,14.95,1.03,1.84,0.15,4.97,6.95,0.069,1.33
55.0,3.0,1.0,1.5,3.0,0.8,7200,0.8,100,64.0,14.85,1.03,1.83,0.148,4.97,6.85,0.068,1.33
55.0,3.0,1.0,1.5,4.5,0.8,7200,0.8,100,64.0,14.85,1.03,1.83,0.148,4.97,6.85,0.068,1.33
55.0,3.0,1.0,2.5,3.0,0.8,7200,0.8,100,64.0,14.76,1.03,1.83,0.148,4.97,6.76,0.068,1.32
55.0,3.0,1.0,2.5,4.5,0.8,7200,0.8,100,64.0,14.76,1.03,1.83,0.148,4.97,6.76,0.068,1.32
55.0,3.0,0.7,1.5,3.0,0.4,2400,0.4,109,68.8,15.98,0.92,2.03,0.147,8.3,7.26,0.067,1.39
55.0,3.0,0.7,1.5,3.0,0.6,2400,0.4,109,68.8,15.98,0.92,2.03,0.147,8.3,7.26,0.067,1.39
55.0,3.0,0.7,1.5,3.0,0.8,2400,0.4,109,68.8,15.98,0.92,2.03,0.147,8.3,7.26,0.067,1.39
55.0,3.0,0.7,1.5,4.5,0.4,2400,0.4,109,68.8,15.98,0.92,2.03,0.147,8.3,7.26,0.067,1.39
55.0,3.0,0.7,1.5,4.5,0.6,2400,0.4,109,68.8,15.98,0.92,2.03,0.147,8.3,7.26,0.067,1.39
55.0,3.0,0.7,1.5,4.5,0.8,2400,0.4,109,68.8,15.98,0.92,2.03,0.147,8.3,7.26,0.067,1.39
55.0,3.0,0.7,2.5,3.0,0.4,2400,0.4,109,68.8,15.98,0.92,2.03,0.147,8.3,7.26,0.067,1.39
55.0,3.0,0.7,2.5,3.0,0.6,2400,0.4,109,68.8,15.98,0.92,2.03,0.147,8.3,7.26,0.067,1.39
55.0,3.0,0.7,2.5,3.0,0.8,2400,0.4,109,68.8,15.98,0.92,2.03,0.147,8.3,7.26,0.067,1.39
55.0,3.0,0.7,2.5,4.5,0.4,2400,0.4,109,68.8,15.98,0.92,2.03,0.147,8.3,7.26,0.067,1.39
55.0,3.0,0.7,2.5,4.5,0.6,2400,0.4,109,68.8,15.98,0.92,2.03,0.147,8.3,7.26,0.067,1.39
55.0,3.0,0.7,2.5,4.5,0.8,2400,0.4,109,68.8,15.98,0.92,2.03,0.147,8.3,7.26,0.067,1.39
55.0,4.0,1.5,2.5,3.0,0.8,7200,0.8,99,63.6,14.28,1.02,1.79,0.144,8.13,6.36,0.064,1.3
55.0,4.0,1.5,2.5,4.5,0.8,7200,0.8,99,63.6,14.28,1.02,1.79,0.144,8.13,6.36,0.064,1.3
55.0,2.0,0.7,1.5,3.0,0.4,3600,0.2,67,76.1,9.56,0.43,1.37,0.143,9.16,4.2,0.063,1.15
55.0,2.0,0.7,1.5,3.0,0.6,3600,0.2,67,76.1,9.56,0.43,1.37,0.143,9.16,4.2,0.063,1.15
55.0,2.0,0.7,1.5,3.0,0.8,3600,0.2,67,76.1,9.56,0.43,1.37,0.143,9.16,4.2,0.063,1.15
55.0,2.0,0.7,1.5,4.5,0.4,3600,0.2,67,76.1,9.56,0.43,1.37,0.143,9.16,4.2,0.063,1.15
55.0,2.0,0.7,1.5,4.5,0.6,3600,0.2,67,76.1,9.56,0.43,1.37,0.143,9.16,4.2,0.063,1.15
55.0,2.0,0.7,1.5,4.5,0.8,3600,0.2,67,76.1,9.56,0.43,1.37,0.143,9.16,4.2,0.063,1.15
55.0,2.0,0.7,2.5,3.0,0.4,3600,0.2,67,76.1,9.56,0.43,1.37,0.143,9.16,4.2,0.063,1.15
55.0,2.0,0.7,2.5,3.0,0.6,3600,0.2,67,76.1,9.56,0.43,1.37,0.143,9.16,4.2,0.063,1.15
55.0,2.0,0.7,2.5,3.0,0.8,3600,0.2,67,76.1,9.56,0.43,1.37,0.143,9.16,4.2,0.063,1.15
55.0,2.0,0.7,2.5,4.5,0.4,3600,0.2,67,76.1,9.56,0.43,1.37,0.143,9.16,4.2,0.063,1.15
55.0,2.0,0.7,2.5,4.5,0.6,3600,0.2,67,76.1,9.56,0.43,1.37,0.143,9.16,4.2,0.063,1.15
55.0,2.0,0.7,2.5,4.5,0.8,3600,0.2,67,76.1,9.56,0.43,1.37,0.143,9.16,4.2,0.063,1.15
55.0,4.0,0.7,1.5,3.0,0.4,3600,0.4,88,76.1,12.4,0.52,1.66,0.141,12.0,5.36,0.061,1.26
55.0,4.0,0.7,1.5,3.0,0.6,3600,0.4,88,76.1,12.4,0.52,1.66,0.141,12.0,5.36,0.061,1.26
55.0,4.0,0.7,1.5,3.0,0.8,3600,0.4,88,76.1,12.4,0.52,1.66,0.141,12.0,5.36,0.061,1.26
55.0,4.0,0.7,1.5,4.5,0.4,3600,0.4,88,76.1,12.4,0.52,1.66,0.141,12.0,5.36,0.061,1.26
55.0,4.0,0.7,1.5,4.5,0.6,3600,0.4,88,76.1,12.4,0.52,1.66,0.141,12.0,5.36,0.061,1.26
55.0,4.0,0.7,1.5,4.5,0.8,3600,0.4,88,76.1,12.4,0.52,1.66,0.141,12.0,5.36,0.061,1.26
55.0,4.0,0.7,2.5,3.0,0.4,3600,0.4,88,76.1,12.4,0.52,1.66,0.141,12.0,5.36,0.061,1.26
55.0,4.0,0.7,2.5,3.0,0.6,3600,0.4,88,76.1,12.4,0.52,1.66,0.141,12.0,5.36,0.061,1.26
55.0,4.0,0.7,2.5,3.0,0.8,3600,0.4,88,76.1,12.4,0.52,1.66,0.141,12.0,5.36,0.061,1.26
55.0,4.0,0.7,2.5,4.5,0.4,3600,0.4,88,76.1,12.4,0.52,1.66,0.141,12.0,5.36,0.061,1.26
55.0,4.0,0.7,2.5,4.5,0.6,3600,0.4,88,76.1,12.4,0.52,1.66,0.141,12.0,5.36,0.061,1.26
55.0,4.0,0.7,2.5,4.5,0.8,3600,0.4,88,76.1,12.4,0.52,1.66,0.141,12.0,5.36,0.061,1.26
55.0,4.0,1.5,2.5,3.0,0.4,7200,0.8,93,63.4,13.07,1.0,1.74,0.141,8.13,5.63,0.061,1.27
55.0,4.0,1.5,2.5,4.5,0.4,7200,0.8,93,63.4,13.07,1.0,1.74,0.141,8.13,5.63,0.061,1.27
55.0,5.0,1.5,2.5,3.0,0.4,7200,0.8,71,63.4,9.96,0.98,1.7,0.14,10.33,4.28,0.06,1.26
55.0,5.0,1.5,2.5,4.5,0.4,7200,0.8,71,63.4,9.96,0.98,1.7,0.14,10.33,4.28,0.06,1.26
55.0,4.0,1.5,2.5,3.0,0.4,1200,0.4,110,64.5,15.26,1.24,2.26,0.139,7.99,6.46,0.059,1.4
55.0,4.0,1.5,2.5,4.5,0.4,1200,0.4,110,64.5,15.26,1.24,2.26,0.139,7.99,6.46,0.059,1.4
55.0,2.0,0.7,1.5,3.0,0.8,14400,0.4,69,73.9,9.5,0.47,1.35,0.138,9.29,3.98,0.058,1.14
55.0,2.0,0.7,1.5,4.5,0.8,14400,0.4,69,73.9,9.5,0.47,1.35,0.138,9.29,3.98,0.058,1.14
55.0,2.0,1.0,1.5,3.0,0.6,14400,0.8,92,62.0,12.73,0.88,1.44,0.138,6.4,5.37,0.058,1.17
55.0,2.0,1.0,1.5,3.0,0.8,14400,0.8,92,62.0,12.66,0.88,1.43,0.138,6.27,5.3,0.058,1.16
55.0,2.0,1.0,1.5,4.5,0.6,14400,0.8,92,62.0,12.73,0.88,1.44,0.138,6.4,5.37,0.058,1.17
55.0,2.0,1.0,1.5,4.5,0.8,14400,0.8,92,62.0,12.66,0.88,1.43,0.138,6.27,5.3,0.058,1.16
55.0,2.0,0.7,1.5,3.0,0.6,14400,0.4,69,73.9,9.46,0.47,1.34,0.137,9.47,3.94,0.057,1.14
55.0,2.0,0.7,1.5,4.5,0.6,14400,0.4,69,73.9,9.46,0.47,1.34,0.137,9.47,3.94,0.057,1.14
55.0,2.0,0.7,2.5,3.0,0.8,14400,0.4,69,73.9,9.41,0.47,1.34,0.136,9.29,3.89,0.056,1.13
55.0,2.0,0.7,2.5,4.5,0.8,14400,0.4,69,73.9,9.41,0.47,1.34,0.136,9.29,3.89,0.056,1.13
55.0,2.0,1.0,1.5,3.0,0.4,14400,0.8,92,62.0,12.52,0.88,1.43,0.136,6.28,5.16,0.056,1.16
55.0,2.0,1.0,1.5,4.5,0.4,14400,0.8,92,62.0,12.52,0.88,1.43,0.136,6.28,5.16,0.056,1.16
55.0,2.0,1.0,2.5,3.0,0.6,14400,0.8,92,62.0,12.54,0.88,1.43,0.136,6.4,5.18,0.056,1.16
55.0,2.0,1.0,2.5,3.0,0.8,14400,0.8,92,62.0,12.49,0.88,1.43,0.136,6.27,5.13,0.056,1.16
55.0,2.0,1.0,2.5,4.5,0.6,14400,0.8,92,62.0,12.54,0.88,1.43,0.136,6.4,5.18,0.056,1.16
55.0,2.0,1.0,2.5,4.5,0.8,14400,0.8,92,62.0,12.49,0.88,1.43,0.136,6.27,5.13,0.056,1.16
55.0,5.0,1.5,2.5,3.0,0.6,7200,0.8,71,63.4,9.62,0.97,1.67,0.135,10.16,3.94,0.056,1.24
55.0,5.0,1.5,2.5,4.5,0.6,7200,0.8,71,63.4,9.62,0.97,1.67,0.135,10.16,3.94,0.056,1.24
55.0,2.0,0.7,2.5,3.0,0.6,14400,0.4,69,73.9,9.33,0.47,1.34,0.135,9.47,3.81,0.055,1.13
55.0,2.0,0.7,2.5,4.5,0.6,14400,0.4,69,73.9,9.33,0.47,1.34,0.135,9.47,3.81,0.055,1.13
55.0,2.0,1.0,2.5,3.0,0.4,14400,0.8,92,62.0,12.39,0.87,1.42,0.135,6.28,5.03,0.055,1.16
55.0,2.0,1.0,2.5,4.5,0.4,14400,0.8,92,62.0,12.39,0.87,1.42,0.135,6.28,5.03,0.055,1.16
55.0,2.0,0.7,1.5,3.0,0.4,14400,0.4,69,73.9,9.26,0.47,1.34,0.134,9.23,3.75,0.054,1.13
55.0,2.0,0.7,1.5,4.5,0.4,14400,0.4,69,73.9,9.26,0.47,1.34,0.134,9.23,3.75,0.054,1.13
55.0,3.0,0.7,2.5,3.0,0.4,7200,0.8,101,64.4,13.51,1.05,1.89,0.134,5.09,5.43,0.054,1.3
55.0,3.0,0.7,2.5,4.5,0.4,7200,0.8,101,64.4,13.51,1.05,1.89,0.134,5.09,5.43,0.054,1.3
55.0,2.0,0.7,2.5,3.0,0.4,14400,0.4,69,73.9,9.2,0.47,1.33,0.133,9.23,3.68,0.053,1.13
55.0,2.0,0.7,2.5,4.5,0.4,14400,0.4,69,73.9,9.2,0.47,1.33,0.133,9.23,3.68,0.053,1.13
55.0,3.0,0.7,1.5,3.0,0.4,7200,0.8,101,64.4,13.48,1.05,1.89,0.133,5.09,5.4,0.053,1.3
55.0,3.0,0.7,1.5,4.5,0.4,7200,0.8,101,64.4,13.48,1.05,1.89,0.133,5.09,5.4,0.053,1.3
55.0,3.0,0.7,1.5,3.0,0.6,7200,0.8,101,64.4,13.21,1.04,1.87,0.131,5.09,5.13,0.051,1.28
55.0,3.0,0.7,1.5,4.5,0.6,7200,0.8,101,64.4,13.21,1.04,1.87,0.131,5.09,5.13,0.051,1.28
55.0,3.0,0.7,2.5,3.0,0.6,7200,0.8,101,64.4,13.2,1.04,1.87,0.131,5.09,5.12,0.051,1.28
55.0,3.0,0.7,2.5,4.5,0.6,7200,0.8,101,64.4,13.2,1.04,1.87,0.131,5.09,5.12,0.051,1.28
55.0,4.0,1.5,2.5,3.0,0.6,1200,0.4,110,64.5,14.45,1.2,2.19,0.131,7.99,5.65,0.051,1.35
55.0,4.0,1.5,2.5,4.5,0.6,1200,0.4,110,64.5,14.45,1.2,2.19,0.131,7.99,5.65,0.051,1.35
55.0,4.0,1.5,2.5,3.0,0.6,7200,0.8,93,63.4,12.04,0.97,1.68,0.129,8.13,4.6,0.05,1.22
55.0,4.0,1.5,2.5,4.5,0.6,7200,0.8,93,63.4,12.04,0.97,1.68,0.129,8.13,4.6,0.05,1.22
55.0,3.0,0.7,1.5,3.0,0.8,7200,0.8,101,64.4,13.03,1.03,1.86,0.129,5.09,4.95,0.049,1.27
55.0,3.0,0.7,1.5,4.5,0.8,7200,0.8,101,64.4,13.03,1.03,1.86,0.129,5.09,4.95,0.049,1.27
55.0,3.0,0.7,2.5,3.0,0.8,7200,0.8,101,64.4,13.01,1.03,1.86,0.129,5.09,4.93,0.049,1.27
55.0,3.0,0.7,2.5,4.5,0.8,7200,0.8,101,64.4,13.01,1.03,1.86,0.129,5.09,4.93,0.049,1.27
55.0,5.0,1.0,1.5,3.0,0.4,7200,0.8,71,63.4,9.11,0.95,1.64,0.128,10.13,3.43,0.048,1.21
55.0,5.0,1.0,1.5,3.0,0.6,7200,0.8,71,63.4,9.08,0.94,1.64,0.128,10.13,3.4,0.048,1.21
55.0,5.0,1.0,1.5,3.0,0.8,7200,0.8,71,63.4,9.08,0.94,1.64,0.128,10.13,3.4,0.048,1.21
55.0,5.0,1.0,1.5,4.5,0.4,7200,0.8,71,63.4,9.11,0.95,1.64,0.128,10.13,3.43,0.048,1.21
55.0,5.0,1.0,1.5,4.5,0.6,7200,0.8,71,63.4,9.08,0.94,1.64,0.128,10.13,3.4,0.048,1.21
55.0,5.0,1.0,1.5,4.5,0.8,7200,0.8,71,63.4,9.08,0.94,1.64,0.128,10.13,3.4,0.048,1.21
55.0,5.0,1.0,2.5,3.0,0.4,7200,0.8,71,63.4,9.07,0.94,1.63,0.128,10.13,3.39,0.048,1.2
55.0,5.0,1.0,2.5,4.5,0.4,7200,0.8,71,63.4,9.07,0.94,1.63,0.128,10.13,3.39,0.048,1.2
55.0,4.0,1.0,1.5,3.0,0.4,1200,0.4,110,64.5,13.99,1.18,2.15,0.127,7.99,5.19,0.047,1.32
55.0,4.0,1.0,1.5,3.0,0.6,1200,0.4,110,64.5,13.99,1.18,2.15,0.127,7.99,5.19,0.047,1.32
55.0,4.0,1.0,1.5,3.0,0.8,1200,0.4,110,64.5,13.99,1.18,2.15,0.127,7.99,5.19,0.047,1.32
55.0,4.0,1.0,1.5,4.5,0.4,1200,0.4,110,64.5,13.99,1.18,2.15,0.127,7.99,5.19,0.047,1.32
55.0,4.0,1.0,1.5,4.5,0.6,1200,0.4,110,64.5,13.99,1.18,2.15,0.127,7.99,5.19,0.047,1.32
55.0,4.0,1.0,1.5,4.5,0.8,1200,0.4,110,64.5,13.99,1.18,2.15,0.127,7.99,5.19,0.047,1.32
55.0,4.0,1.0,2.5,3.0,0.4,1200,0.4,110,64.5,13.99,1.18,2.15,0.127,7.99,5.19,0.047,1.32
55.0,4.0,1.0,2.5,3.0,0.6,1200,0.4,110,64.5,13.99,1.18,2.15,0.127,7.99,5.19,0.047,1.32
55.0,4.0,1.0,2.5,3.0,0.8,1200,0.4,110,64.5,13.99,1.18,2.15,0.127,7.99,5.19,0.047,1.32
55.0,4.0,1.0,2.5,4.5,0.4,1200,0.4,110,64.5,13.99,1.18,2.15,0.127,7.99,5.19,0.047,1.32
55.0,4.0,1.0,2.5,4.5,0.6,1200,0.4,110,64.5,13.99,1.18,2.15,0.127,7.99,5.19,0.047,1.32
55.0,4.0,1.0,2.5,4.5,0.8,1200,0.4,110,64.5,13.99,1.18,2.15,0.127,7.99,5.19,0.047,1.32
55.0,5.0,1.0,2.5,3.0,0.6,7200,0.8,71,63.4,9.0,0.94,1.63,0.127,10.13,3.32,0.047,1.2
55.0,5.0,1.0,2.5,3.0,0.8,7200,0.8,71,63.4,9.0,0.94,1.63,0.127,10.13,3.32,0.047,1.2
55.0,5.0,1.0,2.5,4.5,0.6,7200,0.8,71,63.4,9.0,0.94,1.63,0.127,10.13,3.32,0.047,1.2
55.0,5.0,1.0,2.5,4.5,0.8,7200,0.8,71,63.4,9.0,0.94,1.63,0.127,10.13,3.32,0.047,1.2
55.0,2.0,0.7,1.5,3.0,0.4,2400,0.4,115,67.0,14.5,0.9,1.83,0.126,7.3,5.3,0.046,1.25
55.0,2.0,0.7,1.5,3.0,0.6,2400,0.4,115,67.0,14.5,0.9,1.83,0.126,7.3,5.3,0.046,1.25
55.0,2.0,0.7,1.5,3.0,0.8,2400,0.4,115,67.0,14.5,0.9,1.83,0.126,7.3,5.3,0.046,1.25
55.0,2.0,0.7,1.5,4.5,0.4,2400,0.4,115,67.0,14.5,0.9,1.83,0.126,7.3,5.3,0.046,1.25
55.0,2.0,0.7,1.5,4.5,0.6,2400,0.4,115,67.0,14.5,0.9,1.83,0.126,7.3,5.3,0.046,1.25
55.0,2.0,0.7,1.5,4.5,0.8,2400,0.4,115,67.0,14.5,0.9,1.83,0.126,7.3,5.3,0.046,1.25
55.0,2.0,0.7,2.5,3.0,0.4,2400,0.4,115,67.0,14.5,0.9,1.83,0.126,7.3,5.3,0.046,1.25
55.0,2.0,0.7,2.5,3.0,0.6,2400,0.4,115,67.0,14.5,0.9,1.83,0.126,7.3,5.3,0.046,1.25
55.0,2.0,0.7,2.5,3.0,0.8,2400,0.4,115,67.0,14.5,0.9,1.83,0.126,7.3,5.3,0.046,1.25
55.0,2.0,0.7,2.5,4.5,0.4,2400,0.4,115,67.0,14.5,0.9,1.83,0.126,7.3,5.3,0.046,1.25
55.0,2.0,0.7,2.5,4.5,0.6,2400,0.4,115,67.0,14.5,0.9,1.83,0.126,7.3,5.3,0.046,1.25
55.0,2.0,0.7,2.5,4.5,0.8,2400,0.4,115,67.0,14.5,0.9,1.83,0.126,7.3,5.3,0.046,1.25
55.0,4.0,0.7,1.5,3.0,0.6,14400,0.8,73,65.8,9.21,0.75,1.45,0.126,8.57,3.37,0.046,1.15
55.0,4.0,0.7,1.5,4.5,0.6,14400,0.8,73,65.8,9.21,0.75,1.45,0.126,8.57,3.37,0.046,1.15
55.0,4.0,0.7,1.5,3.0,0.4,14400,0.8,73,65.8,9.03,0.75,1.44,0.124,8.49,3.19,0.044,1.14
55.0,4.0,0.7,1.5,4.5,0.4,14400,0.8,73,65.8,9.03,0.75,1.44,0.124,8.49,3.19,0.044,1.14
55.0,4.0,0.7,1.5,3.0,0.8,14400,0.8,73,65.8,9.01,0.75,1.44,0.123,8.55,3.17,0.043,1.14
55.0,4.0,0.7,1.5,4.5,0.8,14400,0.8,73,65.8,9.01,0.75,1.44,0.123,8.55,3.17,0.043,1.14
55.0,4.0,0.7,2.5,3.0,0.6,14400,0.8,73,65.8,8.96,0.75,1.44,0.123,8.57,3.12,0.043,1.14
55.0,4.0,0.7,2.5,4.5,0.6,14400,0.8,73,65.8,8.96,0.75,1.44,0.123,8.57,3.12,0.043,1.14
55.0,4.0,0.7,2.5,3.0,0.4,14400,0.8,73,65.8,8.89,0.75,1.43,0.122,8.49,3.05,0.042,1.13
55.0,4.0,0.7,2.5,4.5,0.4,14400,0.8,73,65.8,8.89,0.75,1.43,0.122,8.49,3.05,0.042,1.13
55.0,4.0,1.0,1.5,3.0,0.4,7200,0.8,93,63.4,11.34,0.94,1.64,0.122,8.13,3.9,0.042,1.19
55.0,4.0,1.0,1.5,4.5,0.4,7200,0.8,93,63.4,11.34,0.94,1.64,0.122,8.13,3.9,0.042,1.19
55.0,4.0,1.0,2.5,3.0,0.4,7200,0.8,93,63.4,11.3,0.94,1.64,0.122,8.13,3.86,0.042,1.19
55.0,4.0,1.0,2.5,4.5,0.4,7200,0.8,93,63.4,11.3,0.94,1.64,0.122,8.13,3.86,0.042,1.19
55.0,2.0,1.5,2.5,3.0,0.6,1200,0.4,135,63.7,16.31,1.13,1.98,0.121,3.85,5.5,0.041,1.25
55.0,2.0,1.5,2.5,4.5,0.6,1200,0.4,135,63.7,16.31,1.13,1.98,0.121,3.85,5.5,0.041,1.25
55.0,4.0,0.7,2.5,3.0,0.8,14400,0.8,73,65.8,8.79,0.74,1.43,0.12,8.55,2.95,0.04,1.13
55.0,4.0,0.7,2.5,4.5,0.8,14400,0.8,73,65.8,8.79,0.74,1.43,0.12,8.55,2.95,0.04,1.13
55.0,4.0,1.0,1.5,3.0,0.6,7200,0.8,93,63.4,11.2,0.94,1.63,0.12,8.13,3.76,0.04,1.18
55.0,4.0,1.0,1.5,4.5,0.6,7200,0.8,93,63.4,11.2,0.94,1.63,0.12,8.13,3.76,0.04,1.18
55.0,4.0,1.0,1.5,3.0,0.8,7200,0.8,93,63.4,11.08,0.94,1.62,0.119,8.13,3.64,0.039,1.18
55.0,4.0,1.0,1.5,4.5,0.8,7200,0.8,93,63.4,11.08,0.94,1.62,0.119,8.13,3.64,0.039,1.18
55.0,4.0,1.0,2.5,3.0,0.6,7200,0.8,93,63.4,11.11,0.94,1.63,0.119,8.13,3.67,0.039,1.18
55.0,4.0,1.0,2.5,4.5,0.6,7200,0.8,93,63.4,11.11,0.94,1.63,0.119,8.13,3.67,0.039,1.18
55.0,4.0,1.0,2.5,3.0,0.8,7200,0.8,93,63.4,10.99,0.93,1.62,0.118,8.13,3.55,0.038,1.17
55.0,4.0,1.0,2.5,4.5,0.8,7200,0.8,93,63.4,10.99,0.93,1.62,0.118,8.13,3.55,0.038,1.17
55.0,3.0,1.5,2.5,3.0,0.4,1200,0.4,110,63.6,12.74,1.12,1.97,0.116,7.8,3.94,0.036,1.23
55.0,3.0,1.5,2.5,4.5,0.4,1200,0.4,110,63.6,12.74,1.12,1.97,0.116,7.8,3.94,0.036,1.23
55.0,5.0,1.5,2.5,3.0,0.4,1200,0.4,107,64.5,12.3,1.03,1.87,0.115,9.99,3.74,0.035,1.21
55.0,5.0,1.5,2.5,4.5,0.4,1200,0.4,107,64.5,12.3,1.03,1.87,0.115,9.99,3.74,0.035,1.21
55.0,2.0,1.5,2.5,3.0,0.4,1200,0.4,135,63.7,15.13,1.09,1.91,0.112,3.65,4.33,0.032,1.2
55.0,2.0,1.5,2.5,4.5,0.4,1200,0.4,135,63.7,15.13,1.09,1.91,0.112,3.65,4.33,0.032,1.2
55.0,4.0,1.5,2.5,3.0,0.8,1200,0.4,122,63.9,13.59,1.17,2.08,0.111,7.99,3.83,0.031,1.22
55.0,4.0,1.5,2.5,4.5,0.8,1200,0.4,122,63.9,13.59,1.17,2.08,0.111,7.99,3.83,0.031,1.22
55.0,3.0,1.0,1.5,3.0,0.4,1200,0.4,110,63.6,11.98,1.09,1.91,0.109,7.99,3.18,0.029,1.18
55.0,3.0,1.0,1.5,3.0,0.6,1200,0.4,110,63.6,11.98,1.09,1.91,0.109,7.99,3.18,0.029,1.18
55.0,3.0,1.0,1.5,3.0,0.8,1200,0.4,110,63.6,11.98,1.09,1.91,0.109,7.99,3.18,0.029,1.18
55.0,3.0,1.0,1.5,4.5,0.4,1200,0.4,110,63.6,11.98,1.09,1.91,0.109,7.99,3.18,0.029,1.18
55.0,3.0,1.0,1.5,4.5,0.6,1200,0.4,110,63.6,11.98,1.09,1.91,0.109,7.99,3.18,0.029,1.18
55.0,3.0,1.0,1.5,4.5,0.8,1200,0.4,110,63.6,11.98,1.09,1.91,0.109,7.99,3.18,0.029,1.18
55.0,3.0,1.0,2.5,3.0,0.4,1200,0.4,110,63.6,11.98,1.09,1.91,0.109,7.99,3.18,0.029,1.18
55.0,3.0,1.0,2.5,3.0,0.6,1200,0.4,110,63.6,11.98,1.09,1.91,0.109,7.99,3.18,0.029,1.18
55.0,3.0,1.0,2.5,3.0,0.8,1200,0.4,110,63.6,11.98,1.09,1.91,0.109,7.99,3.18,0.029,1.18
55.0,3.0,1.0,2.5,4.5,0.4,1200,0.4,110,63.6,11.98,1.09,1.91,0.109,7.99,3.18,0.029,1.18
55.0,3.0,1.0,2.5,4.5,0.6,1200,0.4,110,63.6,11.98,1.09,1.91,0.109,7.99,3.18,0.029,1.18
55.0,3.0,1.0,2.5,4.5,0.8,1200,0.4,110,63.6,11.98,1.09,1.91,0.109,7.99,3.18,0.029,1.18
55.0,5.0,1.5,2.5,3.0,0.6,1200,0.4,107,64.5,11.66,1.0,1.82,0.109,9.99,3.1,0.029,1.17
55.0,5.0,1.5,2.5,4.5,0.6,1200,0.4,107,64.5,11.66,1.0,1.82,0.109,9.99,3.1,0.029,1.17
55.0,3.0,1.5,2.5,3.0,0.6,1200,0.4,110,63.6,11.93,1.09,1.91,0.108,7.8,3.13,0.028,1.18
55.0,3.0,1.5,2.5,4.5,0.6,1200,0.4,110,63.6,11.93,1.09,1.91,0.108,7.8,3.13,0.028,1.18
55.0,5.0,1.0,1.5,3.0,0.4,1200,0.4,107,64.5,11.54,1.0,1.82,0.108,9.99,2.98,0.028,1.16
55.0,5.0,1.0,1.5,3.0,0.6,1200,0.4,107,64.5,11.54,1.0,1.82,0.108,9.99,2.98,0.028,1.16
55.0,5.0,1.0,1.5,3.0,0.8,1200,0.4,107,64.5,11.54,1.0,1.82,0.108,9.99,2.98,0.028,1.16
55.0,5.0,1.0,1.5,4.5,0.4,1200,0.4,107,64.5,11.54,1.0,1.82,0.108,9.99,2.98,0.028,1.16
55.0,5.0,1.0,1.5,4.5,0.6,1200,0.4,107,64.5,11.54,1.0,1.82,0.108,9.99,2.98,0.028,1.16
55.0,5.0,1.0,1.5,4.5,0.8,1200,0.4,107,64.5,11.54,1.0,1.82,0.108,9.99,2.98,0.028,1.16
55.0,5.0,1.0,2.5,3.0,0.4,1200,0.4,107,64.5,11.54,1.0,1.82,0.108,9.99,2.98,0.028,1.16
55.0,5.0,1.0,2.5,3.0,0.6,1200,0.4,107,64.5,11.54,1.0,1.82,0.108,9.99,2.98,0.028,1.16
55.0,5.0,1.0,2.5,3.0,0.8,1200,0.4,107,64.5,11.54,1.0,1.82,0.108,9.99,2.98,0.028,1.16
55.0,5.0,1.0,2.5,4.5,0.4,1200,0.4,107,64.5,11.54,1.0,1.82,0.108,9.99,2.98,0.028,1.16
55.0,5.0,1.0,2.5,4.5,0.6,1200,0.4,107,64.5,11.54,1.0,1.82,0.108,9.99,2.98,0.028,1.16
55.0,5.0,1.0,2.5,4.5,0.8,1200,0.4,107,64.5,11.54,1.0,1.82,0.108,9.99,2.98,0.028,1.16
55.0,2.0,1.5,2.5,3.0,0.8,1200,0.4,141,63.8,14.99,1.07,1.9,0.106,3.03,3.71,0.026,1.17
55.0,2.0,1.5,2.5,4.5,0.8,1200,0.4,141,63.8,14.99,1.07,1.9,0.106,3.03,3.71,0.026,1.17
55.0,4.0,0.7,1.5,3.0,0.4,2400,0.4,108,68.5,11.35,0.73,1.58,0.105,11.3,2.71,0.025,1.12
55.0,4.0,0.7,1.5,3.0,0.6,2400,0.4,108,68.5,11.35,0.73,1.58,0.105,11.3,2.71,0.025,1.12
55.0,4.0,0.7,1.5,3.0,0.8,2400,0.4,108,68.5,11.35,0.73,1.58,0.105,11.3,2.71,0.025,1.12
55.0,4.0,0.7,1.5,4.5,0.4,2400,0.4,108,68.5,11.35,0.73,1.58,0.105,11.3,2.71,0.025,1.12
55.0,4.0,0.7,1.5,4.5,0.6,2400,0.4,108,68.5,11.35,0.73,1.58,0.105,11.3,2.71,0.025,1.12
55.0,4.0,0.7,1.5,4.5,0.8,2400,0.4,108,68.5,11.35,0.73,1.58,0.105,11.3,2.71,0.025,1.12
55.0,4.0,0.7,2.5,3.0,0.4,2400,0.4,108,68.5,11.35,0.73,1.58,0.105,11.3,2.71,0.025,1.12
55.0,4.0,0.7,2.5,3.0,0.6,2400,0.4,108,68.5,11.35,0.73,1.58,0.105,11.3,2.71,0.025,1.12
55.0,4.0,0.7,2.5,3.0,0.8,2400,0.4,108,68.5,11.35,0.73,1.58,0.105,11.3,2.71,0.025,1.12
55.0,4.0,0.7,2.5,4.5,0.4,2400,0.4,108,68.5,11.35,0.73,1.58,0.105,11.3,2.71,0.025,1.12
55.0,4.0,0.7,2.5,4.5,0.6,2400,0.4,108,68.5,11.35,0.73,1.58,0.105,11.3,2.71,0.025,1.12
55.0,4.0,0.7,2.5,4.5,0.8,2400,0.4,108,68.5,11.35,0.73,1.58,0.105,11.3,2.71,0.025,1.12
55.0,2.0,1.0,1.5,3.0,0.4,1200,0.4,135,63.7,13.73,1.04,1.83,0.102,3.69,2.93,0.022,1.14
55.0,2.0,1.0,1.5,3.0,0.6,1200,0.4,135,63.7,13.73,1.04,1.83,0.102,3.69,2.93,0.022,1.14
55.0,2.0,1.0,1.5,3.0,0.8,1200,0.4,135,63.7,13.73,1.04,1.83,0.102,3.69,2.93,0.022,1.14
55.0,2.0,1.0,1.5,4.5,0.4,1200,0.4,135,63.7,13.73,1.04,1.83,0.102,3.69,2.93,0.022,1.14
55.0,2.0,1.0,1.5,4.5,0.6,1200,0.4,135,63.7,13.73,1.04,1.83,0.102,3.69,2.93,0.022,1.14
55.0,2.0,1.0,1.5,4.5,0.8,1200,0.4,135,63.7,13.73,1.04,1.83,0.102,3.69,2.93,0.022,1.14
55.0,2.0,1.0,2.5,3.0,0.4,1200,0.4,135,63.7,13.73,1.04,1.83,0.102,3.69,2.93,0.022,1.14
55.0,2.0,1.0,2.5,3.0,0.6,1200,0.4,135,63.7,13.73,1.04,1.83,0.102,3.69,2.93,0.022,1.14
55.0,2.0,1.0,2.5,3.0,0.8,1200,0.4,135,63.7,13.73,1.04,1.83,0.102,3.69,2.93,0.022,1.14
55.0,2.0,1.0,2.5,4.5,0.4,1200,0.4,135,63.7,13.73,1.04,1.83,0.102,3.69,2.93,0.022,1.14
55.0,2.0,1.0,2.5,4.5,0.6,1200,0.4,135,63.7,13.73,1.04,1.83,0.102,3.69,2.93,0.022,1.14
55.0,2.0,1.0,2.5,4.5,0.8,1200,0.4,135,63.7,13.73,1.04,1.83,0.102,3.69,2.93,0.022,1.14
55.0,3.0,0.7,1.5,3.0,0.8,14400,0.4,52,76.9,5.32,0.36,1.22,0.102,8.15,1.16,0.022,1.05
55.0,3.0,0.7,1.5,4.5,0.8,14400,0.4,52,76.9,5.32,0.36,1.22,0.102,8.15,1.16,0.022,1.05
55.0,3.0,0.7,1.5,3.0,0.6,14400,0.4,52,76.9,5.28,0.36,1.21,0.102,8.28,1.12,0.021,1.04
55.0,3.0,0.7,1.5,4.5,0.6,14400,0.4,52,76.9,5.28,0.36,1.21,0.102,8.28,1.12,0.021,1.04
55.0,3.0,0.7,1.5,3.0,0.4,14400,0.4,52,76.9,5.23,0.36,1.21,0.101,8.16,1.07,0.02,1.04
55.0,3.0,0.7,1.5,4.5,0.4,14400,0.4,52,76.9,5.23,0.36,1.21,0.101,8.16,1.07,0.02,1.04
55.0,3.0,0.7,1.5,3.0,0.4,1200,0.4,125,64.8,12.26,1.17,2.16,0.098,5.99,2.26,0.018,1.15
55.0,3.0,0.7,1.5,3.0,0.6,1200,0.4,125,64.8,12.26,1.17,2.16,0.098,5.99,2.26,0.018,1.15
55.0,3.0,0.7,1.5,3.0,0.8,1200,0.4,125,64.8,12.26,1.17,2.16,0.098,5.99,2.26,0.018,1.15
55.0,3.0,0.7,1.5,4.5,0.4,1200,0.4,125,64.8,12.26,1.17,2.16,0.098,5.99,2.26,0.018,1.15
55.0,3.0,0.7,1.5,4.5,0.6,1200,0.4,125,64.8,12.26,1.17,2.16,0.098,5.99,2.26,0.018,1.15
55.0,3.0,0.7,1.5,4.5,0.8,1200,0.4,125,64.8,12.26,1.17,2.16,0.098,5.99,2.26,0.018,1.15
55.0,3.0,0.7,2.5,3.0,0.4,1200,0.4,125,64.8,12.26,1.17,2.16,0.098,5.99,2.26,0.018,1.15
55.0,3.0,0.7,2.5,3.0,0.4,14400,0.4,52,76.9,5.09,0.36,1.21,0.098,8.16,0.93,0.018,1.04
55.0,3.0,0.7,2.5,3.0,0.6,1200,0.4,125,64.8,12.26,1.17,2.16,0.098,5.99,2.26,0.018,1.15
55.0,3.0,0.7,2.5,3.0,0.8,1200,0.4,125,64.8,12.26,1.17,2.16,0.098,5.99,2.26,0.018,1.15
55.0,3.0,0.7,2.5,3.0,0.8,14400,0.4,52,76.9,5.1,0.36,1.21,0.098,8.15,0.94,0.018,1.04
55.0,3.0,0.7,2.5,4.5,0.4,1200,0.4,125,64.8,12.26,1.17,2.16,0.098,5.99,2.26,0.018,1.15
55.0,3.0,0.7,2.5,4.5,0.4,14400,0.4,52,76.9,5.09,0.36,1.21,0.098,8.16,0.93,0.018,1.04
55.0,3.0,0.7,2.5,4.5,0.6,1200,0.4,125,64.8,12.26,1.17,2.16,0.098,5.99,2.26,0.018,1.15
55.0,3.0,0.7,2.5,4.5,0.8,1200,0.4,125,64.8,12.26,1.17,2.16,0.098,5.99,2.26,0.018,1.15
55.0,3.0,0.7,2.5,4.5,0.8,14400,0.4,52,76.9,5.1,0.36,1.21,0.098,8.15,0.94,0.018,1.04
55.0,3.0,0.7,2.5,3.0,0.6,14400,0.4,52,76.9,5.02,0.36,1.2,0.097,8.28,0.86,0.017,1.03
55.0,3.0,0.7,2.5,4.5,0.6,14400,0.4,52,76.9,5.02,0.36,1.2,0.097,8.28,0.86,0.017,1.03
55.0,5.0,0.7,1.5,3.0,0.4,7200,0.8,77,63.6,7.45,0.86,1.51,0.097,10.36,1.29,0.017,1.08
55.0,5.0,0.7,1.5,4.5,0.4,7200,0.8,77,63.6,7.45,0.86,1.51,0.097,10.36,1.29,0.017,1.08
55.0,5.0,0.7,2.5,3.0,0.4,7200,0.8,77,63.6,7.48,0.86,1.51,0.097,10.36,1.32,0.017,1.08
55.0,5.0,0.7,2.5,4.5,0.4,7200,0.8,77,63.6,7.48,0.86,1.51,0.097,10.36,1.32,0.017,1.08
55.0,5.0,0.7,1.5,3.0,0.6,7200,0.8,77,63.6,7.3,0.86,1.5,0.095,10.36,1.14,0.015,1.07
55.0,5.0,0.7,1.5,4.5,0.6,7200,0.8,77,63.6,7.3,0.86,1.5,0.095,10.36,1.14,0.015,1.07
55.0,5.0,0.7,2.5,3.0,0.6,7200,0.8,77,63.6,7.29,0.86,1.5,0.095,10.36,1.13,0.015,1.07
55.0,5.0,0.7,2.5,4.5,0.6,7200,0.8,77,63.6,7.29,0.86,1.5,0.095,10.36,1.13,0.015,1.07
55.0,5.0,0.7,1.5,3.0,0.8,7200,0.8,77,63.6,7.24,0.85,1.49,0.094,10.36,1.08,0.014,1.06
55.0,5.0,0.7,1.5,4.5,0.8,7200,0.8,77,63.6,7.24,0.85,1.49,0.094,10.36,1.08,0.014,1.06
55.0,5.0,0.7,2.5,3.0,0.8,7200,0.8,77,63.6,7.22,0.85,1.49,0.094,10.36,1.06,0.014,1.06
55.0,5.0,0.7,2.5,4.5,0.8,7200,0.8,77,63.6,7.22,0.85,1.49,0.094,10.36,1.06,0.014,1.06
55.0,3.0,1.5,2.5,3.0,0.8,1200,0.4,122,63.1,11.06,1.06,1.82,0.091,7.8,1.3,0.011,1.07
55.0,3.0,1.5,2.5,4.5,0.8,1200,0.4,122,63.1,11.06,1.06,1.82,0.091,7.8,1.3,0.011,1.07
55.0,4.0,0.7,1.5,3.0,0.4,7200,0.8,99,63.6,8.81,0.85,1.49,0.089,8.13,0.89,0.009,1.04
55.0,4.0,0.7,1.5,4.5,0.4,7200,0.8,99,63.6,8.81,0.85,1.49,0.089,8.13,0.89,0.009,1.04
55.0,4.0,0.7,2.5,3.0,0.4,7200,0.8,99,63.6,8.85,0.85,1.49,0.089,8.13,0.93,0.009,1.04
55.0,4.0,0.7,2.5,4.5,0.4,7200,0.8,99,63.6,8.85,0.85,1.49,0.089,8.13,0.93,0.009,1.04
55.0,5.0,1.5,2.5,3.0,0.8,1200,0.4,119,63.9,10.6,0.98,1.73,0.089,9.99,1.08,0.009,1.06
55.0,5.0,1.5,2.5,4.5,0.8,1200,0.4,119,63.9,10.6,0.98,1.73,0.089,9.99,1.08,0.009,1.06
55.0,2.0,0.7,1.5,3.0,0.4,7200,0.4,83,72.3,7.1,0.48,1.25,0.086,9.53,0.46,0.006,1.02
55.0,2.0,0.7,1.5,4.5,0.4,7200,0.4,83,72.3,7.1,0.48,1.25,0.086,9.53,0.46,0.006,1.02
55.0,2.0,0.7,2.5,3.0,0.4,7200,0.4,83,72.3,7.1,0.48,1.25,0.086,9.53,0.46,0.006,1.02
55.0,2.0,0.7,2.5,4.5,0.4,7200,0.4,83,72.3,7.1,0.48,1.25,0.086,9.53,0.46,0.006,1.02
55.0,4.0,0.7,1.5,3.0,0.6,7200,0.8,99,63.6,8.55,0.84,1.47,0.086,8.13,0.63,0.006,1.03
55.0,4.0,0.7,1.5,4.5,0.6,7200,0.8,99,63.6,8.55,0.84,1.47,0.086,8.13,0.63,0.006,1.03
55.0,4.0,0.7,2.5,3.0,0.6,7200,0.8,99,63.6,8.53,0.84,1.47,0.086,8.13,0.61,0.006,1.03
55.0,4.0,0.7,2.5,4.5,0.6,7200,0.8,99,63.6,8.53,0.84,1.47,0.086,8.13,0.61,0.006,1.03
55.0,2.0,0.7,1.5,3.0,0.6,7200,0.4,83,72.3,6.99,0.48,1.24,0.084,9.53,0.35,0.004,1.01
55.0,2.0,0.7,1.5,4.5,0.6,7200,0.4,83,72.3,6.99,0.48,1.24,0.084,9.53,0.35,0.004,1.01
55.0,2.0,0.7,2.5,3.0,0.6,7200,0.4,83,72.3,6.99,0.48,1.24,0.084,9.53,0.35,0.004,1.01
55.0,2.0,0.7,2.5,4.5,0.6,7200,0.4,83,72.3,6.99,0.48,1.24,0.084,9.53,0.35,0.004,1.01
55.0,4.0,0.7,1.5,3.0,0.8,7200,0.8,99,63.6,8.36,0.84,1.46,0.084,8.13,0.44,0.004,1.02
55.0,4.0,0.7,1.5,4.5,0.8,7200,0.8,99,63.6,8.36,0.84,1.46,0.084,8.13,0.44,0.004,1.02
55.0,4.0,0.7,2.5,3.0,0.8,7200,0.8,99,63.6,8.35,0.83,1.46,0.084,8.13,0.43,0.004,1.02
55.0,4.0,0.7,2.5,4.5,0.8,7200,0.8,99,63.6,8.35,0.83,1.46,0.084,8.13,0.43,0.004,1.02
55.0,2.0,0.7,1.5,3.0,0.8,7200,0.4,83,72.3,6.87,0.48,1.24,0.083,9.53,0.23,0.003,1.01
55.0,2.0,0.7,1.5,4.5,0.8,7200,0.4,83,72.3,6.87,0.48,1.24,0.083,9.53,0.23,0.003,1.01
55.0,2.0,0.7,2.5,3.0,0.8,7200,0.4,83,72.3,6.87,0.48,1.24,0.083,9.53,0.23,0.003,1.01
55.0,2.0,0.7,2.5,4.5,0.8,7200,0.4,83,72.3,6.87,0.48,1.24,0.083,9.53,0.23,0.003,1.01
55.0,4.0,0.7,1.5,3.0,0.4,1200,0.4,125,64.8,10.26,0.99,1.82,0.082,7.99,0.26,0.002,1.02
55.0,4.0,0.7,1.5,3.0,0.6,1200,0.4,125,64.8,10.26,0.99,1.82,0.082,7.99,0.26,0.002,1.02
55.0,4.0,0.7,1.5,3.0,0.8,1200,0.4,125,64.8,10.26,0.99,1.82,0.082,7.99,0.26,0.002,1.02
55.0,4.0,0.7,1.5,4.5,0.4,1200,0.4,125,64.8,10.26,0.99,1.82,0.082,7.99,0.26,0.002,1.02
55.0,4.0,0.7,1.5,4.5,0.6,1200,0.4,125,64.8,10.26,0.99,1.82,0.082,7.99,0.26,0.002,1.02
55.0,4.0,0.7,1.5,4.5,0.8,1200,0.4,125,64.8,10.26,0.99,1.82,0.082,7.99,0.26,0.002,1.02
55.0,4.0,0.7,2.5,3.0,0.4,1200,0.4,125,64.8,10.26,0.99,1.82,0.082,7.99,0.26,0.002,1.02
55.0,4.0,0.7,2.5,3.0,0.6,1200,0.4,125,64.8,10.26,0.99,1.82,0.082,7.99,0.26,0.002,1.02
55.0,4.0,0.7,2.5,3.0,0.8,1200,0.4,125,64.8,10.26,0.99,1.82,0.082,7.99,0.26,0.002,1.02
55.0,4.0,0.7,2.5,4.5,0.4,1200,0.4,125,64.8,10.26,0.99,1.82,0.082,7.99,0.26,0.002,1.02
55.0,4.0,0.7,2.5,4.5,0.6,1200,0.4,125,64.8,10.26,0.99,1.82,0.082,7.99,0.26,0.002,1.02
55.0,4.0,0.7,2.5,4.5,0.8,1200,0.4,125,64.8,10.26,0.99,1.82,0.082,7.99,0.26,0.002,1.02
55.0,3.0,1.5,2.5,3.0,0.8,3600,0.8,128,65.6,10.13,0.83,1.58,0.079,4.93,-0.11,-0.001,0.99
55.0,3.0,1.5,2.5,4.5,0.8,3600,0.8,128,65.6,10.13,0.83,1.58,0.079,4.93,-0.11,-0.001,0.99
55.0,2.0,0.7,1.5,3.0,0.4,1200,0.4,140,65.0,10.69,0.93,1.73,0.076,4.66,-0.51,-0.004,0.97
55.0,2.0,0.7,1.5,3.0,0.6,1200,0.4,140,65.0,10.69,0.93,1.73,0.076,4.66,-0.51,-0.004,0.97
55.0,2.0,0.7,1.5,3.0,0.8,1200,0.4,140,65.0,10.69,0.93,1.73,0.076,4.66,-0.51,-0.004,0.97
55.0,2.0,0.7,1.5,4.5,0.4,1200,0.4,140,65.0,10.69,0.93,1.73,0.076,4.66,-0.51,-0.004,0.97
55.0,2.0,0.7,1.5,4.5,0.6,1200,0.4,140,65.0,10.69,0.93,1.73,0.076,4.66,-0.51,-0.004,0.97
55.0,2.0,0.7,1.5,4.5,0.8,1200,0.4,140,65.0,10.69,0.93,1.73,0.076,4.66,-0.51,-0.004,0.97
55.0,2.0,0.7,2.5,3.0,0.4,1200,0.4,140,65.0,10.69,0.93,1.73,0.076,4.66,-0.51,-0.004,0.97
55.0,2.0,0.7,2.5,3.0,0.6,1200,0.4,140,65.0,10.69,0.93,1.73,0.076,4.66,-0.51,-0.004,0.97
55.0,2.0,0.7,2.5,3.0,0.8,1200,0.4,140,65.0,10.69,0.93,1.73,0.076,4.66,-0.51,-0.004,0.97
55.0,2.0,0.7,2.5,4.5,0.4,1200,0.4,140,65.0,10.69,0.93,1.73,0.076,4.66,-0.51,-0.004,0.97
55.0,2.0,0.7,2.5,4.5,0.6,1200,0.4,140,65.0,10.69,0.93,1.73,0.076,4.66,-0.51,-0.004,0.97
55.0,2.0,0.7,2.5,4.5,0.8,1200,0.4,140,65.0,10.69,0.93,1.73,0.076,4.66,-0.51,-0.004,0.97
55.0,2.0,0.7,1.5,3.0,0.6,14400,0.8,90,62.2,6.78,0.76,1.25,0.075,6.89,-0.42,-0.005,0.99
55.0,2.0,0.7,1.5,4.5,0.6,14400,0.8,90,62.2,6.78,0.76,1.25,0.075,6.89,-0.42,-0.005,0.99
55.0,2.0,1.5,2.5,3.0,0.4,7200,0.8,114,58.8,8.53,0.95,1.36,0.075,5.26,-0.59,-0.005,0.98
55.0,2.0,1.5,2.5,4.5,0.4,7200,0.8,114,58.8,8.53,0.95,1.36,0.075,5.26,-0.59,-0.005,0.98
55.0,2.0,0.7,1.5,3.0,0.8,14400,0.8,90,62.2,6.7,0.76,1.25,0.074,6.76,-0.5,-0.006,0.98
55.0,2.0,0.7,1.5,4.5,0.8,14400,0.8,90,62.2,6.7,0.76,1.25,0.074,6.76,-0.5,-0.006,0.98
55.0,2.0,0.7,2.5,3.0,0.6,14400,0.8,90,62.2,6.65,0.76,1.25,0.074,6.89,-0.55,-0.006,0.98
55.0,2.0,0.7,2.5,4.5,0.6,14400,0.8,90,62.2,6.65,0.76,1.25,0.074,6.89,-0.55,-0.006,0.98
55.0,2.0,0.7,1.5,3.0,0.4,14400,0.8,90,62.2,6.57,0.75,1.24,0.073,6.77,-0.63,-0.007,0.98
55.0,2.0,0.7,1.5,4.5,0.4,14400,0.8,90,62.2,6.57,0.75,1.24,0.073,6.77,-0.63,-0.007,0.98
55.0,2.0,0.7,2.5,3.0,0.8,14400,0.8,90,62.2,6.61,0.76,1.24,0.073,6.76,-0.59,-0.007,0.98
55.0,2.0,0.7,2.5,4.5,0.8,14400,0.8,90,62.2,6.61,0.76,1.24,0.073,6.76,-0.59,-0.007,0.98
55.0,2.0,0.7,2.5,3.0,0.4,14400,0.8,90,62.2,6.51,0.75,1.24,0.072,6.77,-0.7,-0.008,0.98
55.0,2.0,0.7,2.5,4.5,0.4,14400,0.8,90,62.2,6.51,0.75,1.24,0.072,6.77,-0.7,-0.008,0.98
55.0,2.0,1.5,2.5,3.0,0.8,7200,0.8,114,58.8,7.58,0.92,1.32,0.066,4.63,-1.54,-0.014,0.94
55.0,2.0,1.5,2.5,4.5,0.8,7200,0.8,114,58.8,7.58,0.92,1.32,0.066,4.63,-1.54,-0.014,0.94
55.0,5.0,0.7,1.5,3.0,0.4,1200,0.4,122,64.8,8.0,0.84,1.55,0.066,9.99,-1.76,-0.014,0.91
55.0,5.0,0.7,1.5,3.0,0.6,1200,0.4,122,64.8,8.0,0.84,1.55,0.066,9.99,-1.76,-0.014,0.91
55.0,5.0,0.7,1.5,3.0,0.8,1200,0.4,122,64.8,8.0,0.84,1.55,0.066,9.99,-1.76,-0.014,0.91
55.0,5.0,0.7,1.5,4.5,0.4,1200,0.4,122,64.8,8.0,0.84,1.55,0.066,9.99,-1.76,-0.014,0.91
55.0,5.0,0.7,1.5,4.5,0.6,1200,0.4,122,64.8,8.0,0.84,1.55,0.066,9.99,-1.76,-0.014,0.91
55.0,5.0,0.7,1.5,4.5,0.8,1200,0.4,122,64.8,8.0,0.84,1.55,0.066,9.99,-1.76,-0.014,0.91
55.0,5.0,0.7,2.5,3.0,0.4,1200,0.4,122,64.8,8.0,0.84,1.55,0.066,9.99,-1.76,-0.014,0.91
55.0,5.0,0.7,2.5,3.0,0.6,1200,0.4,122,64.8,8.0,0.84,1.55,0.066,9.99,-1.76,-0.014,0.91
55.0,5.0,0.7,2.5,3.0,0.8,1200,0.4,122,64.8,8.0,0.84,1.55,0.066,9.99,-1.76,-0.014,0.91
55.0,5.0,0.7,2.5,4.5,0.4,1200,0.4,122,64.8,8.0,0.84,1.55,0.066,9.99,-1.76,-0.014,0.91
55.0,5.0,0.7,2.5,4.5,0.6,1200,0.4,122,64.8,8.0,0.84,1.55,0.066,9.99,-1.76,-0.014,0.91
55.0,5.0,0.7,2.5,4.5,0.8,1200,0.4,122,64.8,8.0,0.84,1.55,0.066,9.99,-1.76,-0.014,0.91
55.0,2.0,1.0,1.5,3.0,0.4,7200,0.8,114,58.8,7.42,0.92,1.31,0.065,5.04,-1.7,-0.015,0.94
55.0,2.0,1.0,1.5,4.5,0.4,7200,0.8,114,58.8,7.42,0.92,1.31,0.065,5.04,-1.7,-0.015,0.94
55.0,2.0,1.5,2.5,3.0,0.6,7200,0.8,114,58.8,7.4,0.92,1.31,0.065,5.46,-1.72,-0.015,0.94
55.0,2.0,1.5,2.5,4.5,0.6,7200,0.8,114,58.8,7.4,0.92,1.31,0.065,5.46,-1.72,-0.015,0.94
55.0,2.0,1.0,2.5,3.0,0.4,7200,0.8,114,58.8,7.35,0.92,1.31,0.064,5.04,-1.77,-0.016,0.94
55.0,2.0,1.0,2.5,4.5,0.4,7200,0.8,114,58.8,7.35,0.92,1.31,0.064,5.04,-1.77,-0.016,0.94
55.0,2.0,1.0,1.5,3.0,0.6,7200,0.8,114,58.8,7.19,0.91,1.3,0.063,5.04,-1.93,-0.017,0.93
55.0,2.0,1.0,1.5,4.5,0.6,7200,0.8,114,58.8,7.19,0.91,1.3,0.063,5.04,-1.93,-0.017,0.93
55.0,2.0,1.0,2.5,3.0,0.6,7200,0.8,114,58.8,7.12,0.91,1.3,0.062,5.04,-2.0,-0.018,0.93
55.0,2.0,1.0,2.5,4.5,0.6,7200,0.8,114,58.8,7.12,0.91,1.3,0.062,5.04,-2.0,-0.018,0.93
55.0,2.0,1.0,1.5,3.0,0.8,7200,0.8,114,58.8,7.01,0.91,1.29,0.061,5.04,-2.12,-0.019,0.92
55.0,2.0,1.0,1.5,4.5,0.8,7200,0.8,114,58.8,7.01,0.91,1.29,0.061,5.04,-2.12,-0.019,0.92
55.0,2.0,1.0,2.5,3.0,0.8,7200,0.8,114,58.8,6.94,0.91,1.29,0.061,5.04,-2.19,-0.019,0.92
55.0,2.0,1.0,2.5,4.5,0.8,7200,0.8,114,58.8,6.94,0.91,1.29,0.061,5.04,-2.19,-0.019,0.92
55.0,3.0,1.5,2.5,3.0,0.4,3600,0.8,121,65.3,7.09,0.72,1.35,0.059,5.55,-2.59,-0.021,0.89
55.0,3.0,1.5,2.5,3.0,0.8,2400,0.8,139,61.9,8.23,0.92,1.49,0.059,5.75,-2.89,-0.021,0.87
55.0,3.0,1.5,2.5,4.5,0.4,3600,0.8,121,65.3,7.09,0.72,1.35,0.059,5.55,-2.59,-0.021,0.89
55.0,3.0,1.5,2.5,4.5,0.8,2400,0.8,139,61.9,8.23,0.92,1.49,0.059,5.75,-2.89,-0.021,0.87
55.0,3.0,1.5,2.5,3.0,0.4,2400,0.8,142,59.9,7.63,0.96,1.43,0.054,5.75,-3.73,-0.026,0.84
55.0,3.0,1.5,2.5,3.0,0.6,3600,0.8,121,65.3,6.48,0.7,1.32,0.054,5.75,-3.2,-0.026,0.87
55.0,3.0,1.5,2.5,4.5,0.4,2400,0.8,142,59.9,7.63,0.96,1.43,0.054,5.75,-3.73,-0.026,0.84
55.0,3.0,1.5,2.5,4.5,0.6,3600,0.8,121,65.3,6.48,0.7,1.32,0.054,5.75,-3.2,-0.026,0.87
55.0,2.0,0.7,1.5,3.0,0.4,7200,0.8,112,59.8,5.89,0.85,1.27,0.053,5.16,-3.07,-0.027,0.88
55.0,2.0,0.7,1.5,4.5,0.4,7200,0.8,112,59.8,5.89,0.85,1.27,0.053,5.16,-3.07,-0.027,0.88
55.0,2.0,0.7,2.5,3.0,0.4,7200,0.8,112,59.8,5.89,0.85,1.27,0.053,5.16,-3.07,-0.027,0.88
55.0,2.0,0.7,2.5,4.5,0.4,7200,0.8,112,59.8,5.89,0.85,1.27,0.053,5.16,-3.07,-0.027,0.88
55.0,3.0,1.0,1.5,3.0,0.4,3600,0.8,121,65.3,6.36,0.7,1.32,0.053,5.4,-3.32,-0.027,0.86
55.0,3.0,1.0,1.5,3.0,0.6,3600,0.8,121,65.3,6.36,0.7,1.32,0.053,5.4,-3.32,-0.027,0.86
55.0,3.0,1.0,1.5,3.0,0.8,3600,0.8,121,65.3,6.36,0.7,1.32,0.053,5.4,-3.32,-0.027,0.86
55.0,3.0,1.0,1.5,4.5,0.4,3600,0.8,121,65.3,6.36,0.7,1.32,0.053,5.4,-3.32,-0.027,0.86
55.0,3.0,1.0,1.5,4.5,0.6,3600,0.8,121,65.3,6.36,0.7,1.32,0.053,5.4,-3.32,-0.027,0.86
55.0,3.0,1.0,1.5,4.5,0.8,3600,0.8,121,65.3,6.36,0.7,1.32,0.053,5.4,-3.32,-0.027,0.86
55.0,3.0,1.0,2.5,3.0,0.4,3600,0.8,121,65.3,6.29,0.7,1.31,0.052,5.4,-3.39,-0.028,0.86
55.0,3.0,1.0,2.5,3.0,0.6,3600,0.8,121,65.3,6.29,0.7,1.31,0.052,5.4,-3.39,-0.028,0.86
55.0,3.0,1.0,2.5,3.0,0.8,3600,0.8,121,65.3,6.29,0.7,1.31,0.052,5.4,-3.39,-0.028,0.86
55.0,3.0,1.0,2.5,4.5,0.4,3600,0.8,121,65.3,6.29,0.7,1.31,0.052,5.4,-3.39,-0.028,0.86
55.0,3.0,1.0,2.5,4.5,0.6,3600,0.8,121,65.3,6.29,0.7,1.31,0.052,5.4,-3.39,-0.028,0.86
55.0,3.0,1.0,2.5,4.5,0.8,3600,0.8,121,65.3,6.29,0.7,1.31,0.052,5.4,-3.39,-0.028,0.86
55.0,3.0,1.5,2.5,3.0,0.6,2400,0.8,142,59.9,7.43,0.95,1.42,0.052,5.75,-3.93,-0.028,0.83
55.0,3.0,1.5,2.5,4.5,0.6,2400,0.8,142,59.9,7.43,0.95,1.42,0.052,5.75,-3.93,-0.028,0.83
55.0,2.0,0.7,1.5,3.0,0.6,7200,0.8,112,59.8,5.66,0.85,1.26,0.051,5.16,-3.3,-0.029,0.87
55.0,2.0,0.7,1.5,4.5,0.6,7200,0.8,112,59.8,5.66,0.85,1.26,0.051,5.16,-3.3,-0.029,0.87
55.0,2.0,0.7,2.5,3.0,0.6,7200,0.8,112,59.8,5.66,0.85,1.26,0.051,5.16,-3.3,-0.029,0.87
55.0,2.0,0.7,2.5,4.5,0.6,7200,0.8,112,59.8,5.66,0.85,1.26,0.051,5.16,-3.3,-0.029,0.87
55.0,2.0,0.7,1.5,3.0,0.8,7200,0.8,112,59.8,5.48,0.84,1.25,0.049,5.16,-3.48,-0.031,0.86
55.0,2.0,0.7,1.5,4.5,0.8,7200,0.8,112,59.8,5.48,0.84,1.25,0.049,5.16,-3.48,-0.031,0.86
55.0,2.0,0.7,2.5,3.0,0.8,7200,0.8,112,59.8,5.48,0.84,1.25,0.049,5.16,-3.48,-0.031,0.86
55.0,2.0,0.7,2.5,4.5,0.8,7200,0.8,112,59.8,5.48,0.84,1.25,0.049,5.16,-3.48,-0.031,0.86
55.0,3.0,1.0,1.5,3.0,0.4,2400,0.8,142,59.9,6.95,0.93,1.39,0.049,5.75,-4.42,-0.031,0.81
55.0,3.0,1.0,1.5,3.0,0.6,2400,0.8,142,59.9,6.95,0.93,1.39,0.049,5.75,-4.42,-0.031,0.81
55.0,3.0,1.0,1.5,3.0,0.8,2400,0.8,142,59.9,6.95,0.93,1.39,0.049,5.75,-4.42,-0.031,0.81
55.0,3.0,1.0,1.5,4.5,0.4,2400,0.8,142,59.9,6.95,0.93,1.39,0.049,5.75,-4.42,-0.031,0.81
55.0,3.0,1.0,1.5,4.5,0.6,2400,0.8,142,59.9,6.95,0.93,1.39,0.049,5.75,-4.42,-0.031,0.81
55.0,3.0,1.0,1.5,4.5,0.8,2400,0.8,142,59.9,6.95,0.93,1.39,0.049,5.75,-4.42,-0.031,0.81
55.0,3.0,1.0,2.5,3.0,0.4,2400,0.8,142,59.9,6.95,0.93,1.39,0.049,5.75,-4.42,-0.031,0.81
55.0,3.0,1.0,2.5,3.0,0.6,2400,0.8,142,59.9,6.95,0.93,1.39,0.049,5.75,-4.42,-0.031,0.81
55.0,3.0,1.0,2.5,3.0,0.8,2400,0.8,142,59.9,6.95,0.93,1.39,0.049,5.75,-4.42,-0.031,0.81
55.0,3.0,1.0,2.5,4.5,0.4,2400,0.8,142,59.9,6.95,0.93,1.39,0.049,5.75,-4.42,-0.031,0.81
55.0,3.0,1.0,2.5,4.5,0.6,2400,0.8,142,59.9,6.95,0.93,1.39,0.049,5.75,-4.42,-0.031,0.81
55.0,3.0,1.0,2.5,4.5,0.8,2400,0.8,142,59.9,6.95,0.93,1.39,0.049,5.75,-4.42,-0.031,0.81
55.0,3.0,0.7,1.5,3.0,0.4,3600,0.8,128,65.6,6.09,0.71,1.35,0.048,5.75,-4.15,-0.032,0.81
55.0,3.0,0.7,1.5,3.0,0.6,3600,0.8,128,65.6,6.09,0.71,1.35,0.048,5.75,-4.15,-0.032,0.81
55.0,3.0,0.7,1.5,3.0,0.8,3600,0.8,128,65.6,6.09,0.71,1.35,0.048,5.75,-4.15,-0.032,0.81
55.0,3.0,0.7,1.5,4.5,0.4,3600,0.8,128,65.6,6.09,0.71,1.35,0.048,5.75,-4.15,-0.032,0.81
55.0,3.0,0.7,1.5,4.5,0.6,3600,0.8,128,65.6,6.09,0.71,1.35,0.048,5.75,-4.15,-0.032,0.81
55.0,3.0,0.7,1.5,4.5,0.8,3600,0.8,128,65.6,6.09,0.71,1.35,0.048,5.75,-4.15,-0.032,0.81
55.0,3.0,0.7,2.5,3.0,0.4,3600,0.8,128,65.6,6.09,0.71,1.35,0.048,5.75,-4.15,-0.032,0.81
55.0,3.0,0.7,2.5,3.0,0.6,3600,0.8,128,65.6,6.09,0.71,1.35,0.048,5.75,-4.15,-0.032,0.81
55.0,3.0,0.7,2.5,3.0,0.8,3600,0.8,128,65.6,6.09,0.71,1.35,0.048,5.75,-4.15,-0.032,0.81
55.0,3.0,0.7,2.5,4.5,0.4,3600,0.8,128,65.6,6.09,0.71,1.35,0.048,5.75,-4.15,-0.032,0.81
55.0,3.0,0.7,2.5,4.5,0.6,3600,0.8,128,65.6,6.09,0.71,1.35,0.048,5.75,-4.15,-0.032,0.81
55.0,3.0,0.7,2.5,4.5,0.8,3600,0.8,128,65.6,6.09,0.71,1.35,0.048,5.75,-4.15,-0.032,0.81
55.0,2.0,1.5,2.5,3.0,0.4,1200,0.8,182,59.3,8.14,1.14,1.67,0.045,1.39,-6.42,-0.035,0.67
55.0,2.0,1.5,2.5,4.5,0.4,1200,0.8,182,59.3,8.14,1.14,1.67,0.045,1.39,-6.42,-0.035,0.67
55.0,3.0,1.5,2.5,3.0,0.4,1200,0.8,182,59.3,8.14,1.14,1.67,0.045,1.39,-6.42,-0.035,0.67
55.0,3.0,1.5,2.5,4.5,0.4,1200,0.8,182,59.3,8.14,1.14,1.67,0.045,1.39,-6.42,-0.035,0.67
55.0,4.0,1.5,2.5,3.0,0.4,1200,0.8,182,59.3,8.14,1.14,1.67,0.045,1.39,-6.42,-0.035,0.67
55.0,4.0,1.5,2.5,4.5,0.4,1200,0.8,182,59.3,8.14,1.14,1.67,0.045,1.39,-6.42,-0.035,0.67
55.0,5.0,1.5,2.5,3.0,0.4,1200,0.8,182,59.3,8.14,1.14,1.67,0.045,1.39,-6.42,-0.035,0.67
55.0,5.0,1.5,2.5,4.5,0.4,1200,0.8,182,59.3,8.14,1.14,1.67,0.045,1.39,-6.42,-0.035,0.67
55.0,2.0,1.5,2.5,3.0,0.6,1200,0.8,181,59.1,8.03,1.14,1.66,0.044,1.39,-6.45,-0.036,0.67
55.0,2.0,1.5,2.5,3.0,0.8,1200,0.8,181,59.1,7.99,1.15,1.66,0.044,1.39,-6.49,-0.036,0.67
55.0,2.0,1.5,2.5,4.5,0.6,1200,0.8,181,59.1,8.03,1.14,1.66,0.044,1.39,-6.45,-0.036,0.67
55.0,2.0,1.5,2.5,4.5,0.8,1200,0.8,181,59.1,7.99,1.15,1.66,0.044,1.39,-6.49,-0.036,0.67
55.0,3.0,1.5,2.5,3.0,0.6,1200,0.8,181,59.1,8.03,1.14,1.66,0.044,1.39,-6.45,-0.036,0.67
55.0,3.0,1.5,2.5,3.0,0.8,1200,0.8,181,59.1,7.99,1.15,1.66,0.044,1.39,-6.49,-0.036,0.67
55.0,3.0,1.5,2.5,4.5,0.6,1200,0.8,181,59.1,8.03,1.14,1.66,0.044,1.39,-6.45,-0.036,0.67
55.0,3.0,1.5,2.5,4.5,0.8,1200,0.8,181,59.1,7.99,1.15,1.66,0.044,1.39,-6.49,-0.036,0.67
55.0,4.0,1.5,2.5,3.0,0.6,1200,0.8,181,59.1,8.03,1.14,1.66,0.044,1.39,-6.45,-0.036,0.67
55.0,4.0,1.5,2.5,3.0,0.8,1200,0.8,181,59.1,7.99,1.15,1.66,0.044,1.39,-6.49,-0.036,0.67
55.0,4.0,1.5,2.5,4.5,0.6,1200,0.8,181,59.1,8.03,1.14,1.66,0.044,1.39,-6.45,-0.036,0.67
55.0,4.0,1.5,2.5,4.5,0.8,1200,0.8,181,59.1,7.99,1.15,1.66,0.044,1.39,-6.49,-0.036,0.67
55.0,5.0,1.5,2.5,3.0,0.6,1200,0.8,181,59.1,8.03,1.14,1.66,0.044,1.39,-6.45,-0.036,0.67
55.0,5.0,1.5,2.5,3.0,0.8,1200,0.8,181,59.1,7.99,1.15,1.66,0.044,1.39,-6.49,-0.036,0.67
55.0,5.0,1.5,2.5,4.5,0.6,1200,0.8,181,59.1,8.03,1.14,1.66,0.044,1.39,-6.45,-0.036,0.67
55.0,5.0,1.5,2.5,4.5,0.8,1200,0.8,181,59.1,7.99,1.15,1.66,0.044,1.39,-6.49,-0.036,0.67
55.0,2.0,1.0,1.5,3.0,0.4,1200,0.8,182,59.3,7.47,1.11,1.62,0.041,1.39,-7.09,-0.039,0.64
55.0,2.0,1.0,1.5,3.0,0.6,1200,0.8,182,59.3,7.47,1.11,1.62,0.041,1.39,-7.09,-0.039,0.64
55.0,2.0,1.0,1.5,3.0,0.8,1200,0.8,182,59.3,7.47,1.11,1.62,0.041,1.39,-7.09,-0.039,0.64
55.0,2.0,1.0,1.5,4.5,0.4,1200,0.8,182,59.3,7.47,1.11,1.62,0.041,1.39,-7.09,-0.039,0.64
55.0,2.0,1.0,1.5,4.5,0.6,1200,0.8,182,59.3,7.47,1.11,1.62,0.041,1.39,-7.09,-0.039,0.64
55.0,2.0,1.0,1.5,4.5,0.8,1200,0.8,182,59.3,7.47,1.11,1.62,0.041,1.39,-7.09,-0.039,0.64
55.0,2.0,1.0,2.5,3.0,0.4,1200,0.8,182,59.3,7.47,1.11,1.62,0.041,1.39,-7.09,-0.039,0.64
55.0,2.0,1.0,2.5,3.0,0.6,1200,0.8,182,59.3,7.47,1.11,1.62,0.041,1.39,-7.09,-0.039,0.64
55.0,2.0,1.0,2.5,3.0,0.8,1200,0.8,182,59.3,7.47,1.11,1.62,0.041,1.39,-7.09,-0.039,0.64
55.0,2.0,1.0,2.5,4.5,0.4,1200,0.8,182,59.3,7.47,1.11,1.62,0.041,1.39,-7.09,-0.039,0.64
55.0,2.0,1.0,2.5,4.5,0.6,1200,0.8,182,59.3,7.47,1.11,1.62,0.041,1.39,-7.09,-0.039,0.64
55.0,2.0,1.0,2.5,4.5,0.8,1200,0.8,182,59.3,7.47,1.11,1.62,0.041,1.39,-7.09,-0.039,0.64
55.0,3.0,1.0,1.5,3.0,0.4,1200,0.8,182,59.3,7.47,1.11,1.62,0.041,1.39,-7.09,-0.039,0.64
55.0,3.0,1.0,1.5,3.0,0.6,1200,0.8,182,59.3,7.47,1.11,1.62,0.041,1.39,-7.09,-0.039,0.64
55.0,3.0,1.0,1.5,3.0,0.8,1200,0.8,182,59.3,7.47,1.11,1.62,0.041,1.39,-7.09,-0.039,0.64
55.0,3.0,1.0,1.5,4.5,0.4,1200,0.8,182,59.3,7.47,1.11,1.62,0.041,1.39,-7.09,-0.039,0.64
55.0,3.0,1.0,1.5,4.5,0.6,1200,0.8,182,59.3,7.47,1.11,1.62,0.041,1.39,-7.09,-0.039,0.64
55.0,3.0,1.0,1.5,4.5,0.8,1200,0.8,182,59.3,7.47,1.11,1.62,0.041,1.39,-7.09,-0.039,0.64
55.0,3.0,1.0,2.5,3.0,0.4,1200,0.8,182,59.3,7.47,1.11,1.62,0.041,1.39,-7.09,-0.039,0.64
55.0,3.0,1.0,2.5,3.0,0.6,1200,0.8,182,59.3,7.47,1.11,1.62,0.041,1.39,-7.09,-0.039,0.64
55.0,3.0,1.0,2.5,3.0,0.8,1200,0.8,182,59.3,7.47,1.11,1.62,0.041,1.39,-7.09,-0.039,0.64
55.0,3.0,1.0,2.5,4.5,0.4,1200,0.8,182,59.3,7.47,1.11,1.62,0.041,1.39,-7.09,-0.039,0.64
55.0,3.0,1.0,2.5,4.5,0.6,1200,0.8,182,59.3,7.47,1.11,1.62,0.041,1.39,-7.09,-0.039,0.64
55.0,3.0,1.0,2.5,4.5,0.8,1200,0.8,182,59.3,7.47,1.11,1.62,0.041,1.39,-7.09,-0.039,0.64
55.0,4.0,1.0,1.5,3.0,0.4,1200,0.8,182,59.3,7.47,1.11,1.62,0.041,1.39,-7.09,-0.039,0.64
55.0,4.0,1.0,1.5,3.0,0.6,1200,0.8,182,59.3,7.47,1.11,1.62,0.041,1.39,-7.09,-0.039,0.64
55.0,4.0,1.0,1.5,3.0,0.8,1200,0.8,182,59.3,7.47,1.11,1.62,0.041,1.39,-7.09,-0.039,0.64
55.0,4.0,1.0,1.5,4.5,0.4,1200,0.8,182,59.3,7.47,1.11,1.62,0.041,1.39,-7.09,-0.039,0.64
55.0,4.0,1.0,1.5,4.5,0.6,1200,0.8,182,59.3,7.47,1.11,1.62,0.041,1.39,-7.09,-0.039,0.64
55.0,4.0,1.0,1.5,4.5,0.8,1200,0.8,182,59.3,7.47,1.11,1.62,0.041,1.39,-7.09,-0.039,0.64
55.0,4.0,1.0,2.5,3.0,0.4,1200,0.8,182,59.3,7.47,1.11,1.62,0.041,1.39,-7.09,-0.039,0.64
55.0,4.0,1.0,2.5,3.0,0.6,1200,0.8,182,59.3,7.47,1.11,1.62,0.041,1.39,-7.09,-0.039,0.64
55.0,4.0,1.0,2.5,3.0,0.8,1200,0.8,182,59.3,7.47,1.11,1.62,0.041,1.39,-7.09,-0.039,0.64
55.0,4.0,1.0,2.5,4.5,0.4,1200,0.8,182,59.3,7.47,1.11,1.62,0.041,1.39,-7.09,-0.039,0.64
55.0,4.0,1.0,2.5,4.5,0.6,1200,0.8,182,59.3,7.47,1.11,1.62,0.041,1.39,-7.09,-0.039,0.64
55.0,4.0,1.0,2.5,4.5,0.8,1200,0.8,182,59.3,7.47,1.11,1.62,0.041,1.39,-7.09,-0.039,0.64
55.0,5.0,1.0,1.5,3.0,0.4,1200,0.8,182,59.3,7.47,1.11,1.62,0.041,1.39,-7.09,-0.039,0.64
55.0,5.0,1.0,1.5,3.0,0.6,1200,0.8,182,59.3,7.47,1.11,1.62,0.041,1.39,-7.09,-0.039,0.64
55.0,5.0,1.0,1.5,3.0,0.8,1200,0.8,182,59.3,7.47,1.11,1.62,0.041,1.39,-7.09,-0.039,0.64
55.0,5.0,1.0,1.5,4.5,0.4,1200,0.8,182,59.3,7.47,1.11,1.62,0.041,1.39,-7.09,-0.039,0.64
55.0,5.0,1.0,1.5,4.5,0.6,1200,0.8,182,59.3,7.47,1.11,1.62,0.041,1.39,-7.09,-0.039,0.64
55.0,5.0,1.0,1.5,4.5,0.8,1200,0.8,182,59.3,7.47,1.11,1.62,0.041,1.39,-7.09,-0.039,0.64
55.0,5.0,1.0,2.5,3.0,0.4,1200,0.8,182,59.3,7.47,1.11,1.62,0.041,1.39,-7.09,-0.039,0.64
55.0,5.0,1.0,2.5,3.0,0.6,1200,0.8,182,59.3,7.47,1.11,1.62,0.041,1.39,-7.09,-0.039,0.64
55.0,5.0,1.0,2.5,3.0,0.8,1200,0.8,182,59.3,7.47,1.11,1.62,0.041,1.39,-7.09,-0.039,0.64
55.0,5.0,1.0,2.5,4.5,0.4,1200,0.8,182,59.3,7.47,1.11,1.62,0.041,1.39,-7.09,-0.039,0.64
55.0,5.0,1.0,2.5,4.5,0.6,1200,0.8,182,59.3,7.47,1.11,1.62,0.041,1.39,-7.09,-0.039,0.64
55.0,5.0,1.0,2.5,4.5,0.8,1200,0.8,182,59.3,7.47,1.11,1.62,0.041,1.39,-7.09,-0.039,0.64
55.0,2.0,1.5,2.5,3.0,0.4,2400,0.8,149,58.4,5.6,0.92,1.29,0.038,4.14,-6.32,-0.042,0.75
55.0,2.0,1.5,2.5,3.0,0.6,2400,0.8,149,58.4,5.6,0.92,1.29,0.038,4.34,-6.33,-0.042,0.75
55.0,2.0,1.5,2.5,4.5,0.4,2400,0.8,149,58.4,5.6,0.92,1.29,0.038,4.14,-6.32,-0.042,0.75
55.0,2.0,1.5,2.5,4.5,0.6,2400,0.8,149,58.4,5.6,0.92,1.29,0.038,4.34,-6.33,-0.042,0.75
55.0,2.0,1.5,2.5,3.0,0.4,3600,0.8,136,64.0,4.57,0.68,1.2,0.034,4.81,-6.31,-0.046,0.77
55.0,2.0,1.5,2.5,3.0,0.8,2400,0.8,149,58.4,5.0,0.89,1.26,0.034,4.54,-6.93,-0.046,0.72
55.0,2.0,1.5,2.5,4.5,0.4,3600,0.8,136,64.0,4.57,0.68,1.2,0.034,4.81,-6.31,-0.046,0.77
55.0,2.0,1.5,2.5,4.5,0.8,2400,0.8,149,58.4,5.0,0.89,1.26,0.034,4.54,-6.93,-0.046,0.72
55.0,2.0,0.7,1.5,3.0,0.4,1200,0.8,182,59.3,6.02,1.03,1.5,0.033,1.39,-8.54,-0.047,0.57
55.0,2.0,0.7,1.5,3.0,0.6,1200,0.8,182,59.3,6.02,1.03,1.5,0.033,1.39,-8.54,-0.047,0.57
55.0,2.0,0.7,1.5,3.0,0.8,1200,0.8,182,59.3,6.02,1.03,1.5,0.033,1.39,-8.54,-0.047,0.57
55.0,2.0,0.7,1.5,4.5,0.4,1200,0.8,182,59.3,6.02,1.03,1.5,0.033,1.39,-8.54,-0.047,0.57
55.0,2.0,0.7,1.5,4.5,0.6,1200,0.8,182,59.3,6.02,1.03,1.5,0.033,1.39,-8.54,-0.047,0.57
55.0,2.0,0.7,1.5,4.5,0.8,1200,0.8,182,59.3,6.02,1.03,1.5,0.033,1.39,-8.54,-0.047,0.57
55.0,2.0,0.7,2.5,3.0,0.4,1200,0.8,182,59.3,6.02,1.03,1.5,0.033,1.39,-8.54,-0.047,0.57
55.0,2.0,0.7,2.5,3.0,0.6,1200,0.8,182,59.3,6.02,1.03,1.5,0.033,1.39,-8.54,-0.047,0.57
55.0,2.0,0.7,2.5,3.0,0.8,1200,0.8,182,59.3,6.02,1.03,1.5,0.033,1.39,-8.54,-0.047,0.57
55.0,2.0,0.7,2.5,4.5,0.4,1200,0.8,182,59.3,6.02,1.03,1.5,0.033,1.39,-8.54,-0.047,0.57
55.0,2.0,0.7,2.5,4.5,0.6,1200,0.8,182,59.3,6.02,1.03,1.5,0.033,1.39,-8.54,-0.047,0.57
55.0,2.0,0.7,2.5,4.5,0.8,1200,0.8,182,59.3,6.02,1.03,1.5,0.033,1.39,-8.54,-0.047,0.57
55.0,3.0,0.7,1.5,3.0,0.4,1200,0.8,182,59.3,6.02,1.03,1.5,0.033,1.39,-8.54,-0.047,0.57
55.0,3.0,0.7,1.5,3.0,0.6,1200,0.8,182,59.3,6.02,1.03,1.5,0.033,1.39,-8.54,-0.047,0.57
55.0,3.0,0.7,1.5,3.0,0.8,1200,0.8,182,59.3,6.02,1.03,1.5,0.033,1.39,-8.54,-0.047,0.57
55.0,3.0,0.7,1.5,4.5,0.4,1200,0.8,182,59.3,6.02,1.03,1.5,0.033,1.39,-8.54,-0.047,0.57
55.0,3.0,0.7,1.5,4.5,0.6,1200,0.8,182,59.3,6.02,1.03,1.5,0.033,1.39,-8.54,-0.047,0.57
55.0,3.0,0.7,1.5,4.5,0.8,1200,0.8,182,59.3,6.02,1.03,1.5,0.033,1.39,-8.54,-0.047,0.57
55.0,3.0,0.7,2.5,3.0,0.4,1200,0.8,182,59.3,6.02,1.03,1.5,0.033,1.39,-8.54,-0.047,0.57
55.0,3.0,0.7,2.5,3.0,0.6,1200,0.8,182,59.3,6.02,1.03,1.5,0.033,1.39,-8.54,-0.047,0.57
55.0,3.0,0.7,2.5,3.0,0.8,1200,0.8,182,59.3,6.02,1.03,1.5,0.033,1.39,-8.54,-0.047,0.57
55.0,3.0,0.7,2.5,4.5,0.4,1200,0.8,182,59.3,6.02,1.03,1.5,0.033,1.39,-8.54,-0.047,0.57
55.0,3.0,0.7,2.5,4.5,0.6,1200,0.8,182,59.3,6.02,1.03,1.5,0.033,1.39,-8.54,-0.047,0.57
55.0,3.0,0.7,2.5,4.5,0.8,1200,0.8,182,59.3,6.02,1.03,1.5,0.033,1.39,-8.54,-0.047,0.57
55.0,4.0,0.7,1.5,3.0,0.4,1200,0.8,182,59.3,6.02,1.03,1.5,0.033,1.39,-8.54,-0.047,0.57
55.0,4.0,0.7,1.5,3.0,0.6,1200,0.8,182,59.3,6.02,1.03,1.5,0.033,1.39,-8.54,-0.047,0.57
55.0,4.0,0.7,1.5,3.0,0.8,1200,0.8,182,59.3,6.02,1.03,1.5,0.033,1.39,-8.54,-0.047,0.57
55.0,4.0,0.7,1.5,4.5,0.4,1200,0.8,182,59.3,6.02,1.03,1.5,0.033,1.39,-8.54,-0.047,0.57
55.0,4.0,0.7,1.5,4.5,0.6,1200,0.8,182,59.3,6.02,1.03,1.5,0.033,1.39,-8.54,-0.047,0.57
55.0,4.0,0.7,1.5,4.5,0.8,1200,0.8,182,59.3,6.02,1.03,1.5,0.033,1.39,-8.54,-0.047,0.57
55.0,4.0,0.7,2.5,3.0,0.4,1200,0.8,182,59.3,6.02,1.03,1.5,0.033,1.39,-8.54,-0.047,0.57
55.0,4.0,0.7,2.5,3.0,0.6,1200,0.8,182,59.3,6.02,1.03,1.5,0.033,1.39,-8.54,-0.047,0.57
55.0,4.0,0.7,2.5,3.0,0.8,1200,0.8,182,59.3,6.02,1.03,1.5,0.033,1.39,-8.54,-0.047,0.57
55.0,4.0,0.7,2.5,4.5,0.4,1200,0.8,182,59.3,6.02,1.03,1.5,0.033,1.39,-8.54,-0.047,0.57
55.0,4.0,0.7,2.5,4.5,0.6,1200,0.8,182,59.3,6.02,1.03,1.5,0.033,1.39,-8.54,-0.047,0.57
55.0,4.0,0.7,2.5,4.5,0.8,1200,0.8,182,59.3,6.02,1.03,1.5,0.033,1.39,-8.54,-0.047,0.57
55.0,5.0,0.7,1.5,3.0,0.4,1200,0.8,182,59.3,6.02,1.03,1.5,0.033,1.39,-8.54,-0.047,0.57
55.0,5.0,0.7,1.5,3.0,0.6,1200,0.8,182,59.3,6.02,1.03,1.5,0.033,1.39,-8.54,-0.047,0.57
55.0,5.0,0.7,1.5,3.0,0.8,1200,0.8,182,59.3,6.02,1.03,1.5,0.033,1.39,-8.54,-0.047,0.57
55.0,5.0,0.7,1.5,4.5,0.4,1200,0.8,182,59.3,6.02,1.03,1.5,0.033,1.39,-8.54,-0.047,0.57
55.0,5.0,0.7,1.5,4.5,0.6,1200,0.8,182,59.3,6.02,1.03,1.5,0.033,1.39,-8.54,-0.047,0.57
55.0,5.0,0.7,1.5,4.5,0.8,1200,0.8,182,59.3,6.02,1.03,1.5,0.033,1.39,-8.54,-0.047,0.57
55.0,5.0,0.7,2.5,3.0,0.4,1200,0.8,182,59.3,6.02,1.03,1.5,0.033,1.39,-8.54,-0.047,0.57
55.0,5.0,0.7,2.5,3.0,0.6,1200,0.8,182,59.3,6.02,1.03,1.5,0.033,1.39,-8.54,-0.047,0.57
55.0,5.0,0.7,2.5,3.0,0.8,1200,0.8,182,59.3,6.02,1.03,1.5,0.033,1.39,-8.54,-0.047,0.57
55.0,5.0,0.7,2.5,4.5,0.4,1200,0.8,182,59.3,6.02,1.03,1.5,0.033,1.39,-8.54,-0.047,0.57
55.0,5.0,0.7,2.5,4.5,0.6,1200,0.8,182,59.3,6.02,1.03,1.5,0.033,1.39,-8.54,-0.047,0.57
55.0,5.0,0.7,2.5,4.5,0.8,1200,0.8,182,59.3,6.02,1.03,1.5,0.033,1.39,-8.54,-0.047,0.57
55.0,2.0,1.0,1.5,3.0,0.4,2400,0.8,149,58.4,4.77,0.89,1.24,0.032,4.09,-7.15,-0.048,0.71
55.0,2.0,1.0,1.5,3.0,0.6,2400,0.8,149,58.4,4.77,0.89,1.24,0.032,4.09,-7.15,-0.048,0.71
55.0,2.0,1.0,1.5,3.0,0.8,2400,0.8,149,58.4,4.77,0.89,1.24,0.032,4.09,-7.15,-0.048,0.71
55.0,2.0,1.0,1.5,4.5,0.4,2400,0.8,149,58.4,4.77,0.89,1.24,0.032,4.09,-7.15,-0.048,0.71
55.0,2.0,1.0,1.5,4.5,0.6,2400,0.8,149,58.4,4.77,0.89,1.24,0.032,4.09,-7.15,-0.048,0.71
55.0,2.0,1.0,1.5,4.5,0.8,2400,0.8,149,58.4,4.77,0.89,1.24,0.032,4.09,-7.15,-0.048,0.71
55.0,2.0,1.0,2.5,3.0,0.4,2400,0.8,149,58.4,4.77,0.89,1.24,0.032,4.09,-7.15,-0.048,0.71
55.0,2.0,1.0,2.5,3.0,0.6,2400,0.8,149,58.4,4.77,0.89,1.24,0.032,4.09,-7.15,-0.048,0.71
55.0,2.0,1.0,2.5,3.0,0.8,2400,0.8,149,58.4,4.77,0.89,1.24,0.032,4.09,-7.15,-0.048,0.71
55.0,2.0,1.0,2.5,4.5,0.4,2400,0.8,149,58.4,4.77,0.89,1.24,0.032,4.09,-7.15,-0.048,0.71
55.0,2.0,1.0,2.5,4.5,0.6,2400,0.8,149,58.4,4.77,0.89,1.24,0.032,4.09,-7.15,-0.048,0.71
55.0,2.0,1.0,2.5,4.5,0.8,2400,0.8,149,58.4,4.77,0.89,1.24,0.032,4.09,-7.15,-0.048,0.71
55.0,3.0,0.7,1.5,3.0,0.4,2400,0.8,142,59.9,4.5,0.84,1.25,0.032,5.75,-6.86,-0.048,0.7
55.0,3.0,0.7,1.5,3.0,0.6,2400,0.8,142,59.9,4.5,0.84,1.25,0.032,5.75,-6.86,-0.048,0.7
55.0,3.0,0.7,1.5,3.0,0.8,2400,0.8,142,59.9,4.5,0.84,1.25,0.032,5.75,-6.86,-0.048,0.7
55.0,3.0,0.7,1.5,4.5,0.4,2400,0.8,142,59.9,4.5,0.84,1.25,0.032,5.75,-6.86,-0.048,0.7
55.0,3.0,0.7,1.5,4.5,0.6,2400,0.8,142,59.9,4.5,0.84,1.25,0.032,5.75,-6.86,-0.048,0.7
55.0,3.0,0.7,1.5,4.5,0.8,2400,0.8,142,59.9,4.5,0.84,1.25,0.032,5.75,-6.86,-0.048,0.7
55.0,3.0,0.7,2.5,3.0,0.4,2400,0.8,142,59.9,4.5,0.84,1.25,0.032,5.75,-6.86,-0.048,0.7
55.0,3.0,0.7,2.5,3.0,0.6,2400,0.8,142,59.9,4.5,0.84,1.25,0.032,5.75,-6.86,-0.048,0.7
55.0,3.0,0.7,2.5,3.0,0.8,2400,0.8,142,59.9,4.5,0.84,1.25,0.032,5.75,-6.86,-0.048,0.7
55.0,3.0,0.7,2.5,4.5,0.4,2400,0.8,142,59.9,4.5,0.84,1.25,0.032,5.75,-6.86,-0.048,0.7
55.0,3.0,0.7,2.5,4.5,0.6,2400,0.8,142,59.9,4.5,0.84,1.25,0.032,5.75,-6.86,-0.048,0.7
55.0,3.0,0.7,2.5,4.5,0.8,2400,0.8,142,59.9,4.5,0.84,1.25,0.032,5.75,-6.86,-0.048,0.7
55.0,4.0,1.5,2.5,3.0,0.8,3600,0.8,126,65.1,4.07,0.64,1.2,0.032,8.49,-6.01,-0.048,0.76
55.0,4.0,1.5,2.5,4.5,0.8,3600,0.8,126,65.1,4.07,0.64,1.2,0.032,8.49,-6.01,-0.048,0.76
55.0,2.0,1.0,1.5,3.0,0.4,3600,0.8,136,64.0,4.16,0.67,1.18,0.031,4.66,-6.73,-0.049,0.75
55.0,2.0,1.0,1.5,3.0,0.6,3600,0.8,136,64.0,4.16,0.67,1.18,0.031,4.66,-6.73,-0.049,0.75
55.0,2.0,1.0,1.5,3.0,0.8,3600,0.8,136,64.0,4.16,0.67,1.18,0.031,4.66,-6.73,-0.049,0.75
55.0,2.0,1.0,1.5,4.5,0.4,3600,0.8,136,64.0,4.16,0.67,1.18,0.031,4.66,-6.73,-0.049,0.75
55.0,2.0,1.0,1.5,4.5,0.6,3600,0.8,136,64.0,4.16,0.67,1.18,0.031,4.66,-6.73,-0.049,0.75
55.0,2.0,1.0,1.5,4.5,0.8,3600,0.8,136,64.0,4.16,0.67,1.18,0.031,4.66,-6.73,-0.049,0.75
55.0,2.0,1.5,2.5,3.0,0.6,3600,0.8,136,64.0,4.16,0.67,1.18,0.031,5.01,-6.72,-0.049,0.75
55.0,2.0,1.5,2.5,3.0,0.8,3600,0.8,136,64.0,4.18,0.67,1.18,0.031,4.36,-6.7,-0.049,0.76
55.0,2.0,1.5,2.5,4.5,0.6,3600,0.8,136,64.0,4.16,0.67,1.18,0.031,5.01,-6.72,-0.049,0.75
55.0,2.0,1.5,2.5,4.5,0.8,3600,0.8,136,64.0,4.18,0.67,1.18,0.031,4.36,-6.7,-0.049,0.76
55.0,4.0,1.5,2.5,3.0,0.4,3600,0.8,114,64.9,3.59,0.64,1.18,0.031,8.49,-5.54,-0.049,0.76
55.0,4.0,1.5,2.5,4.5,0.4,3600,0.8,114,64.9,3.59,0.64,1.18,0.031,8.49,-5.54,-0.049,0.76
55.0,2.0,1.0,2.5,3.0,0.4,3600,0.8,136,64.0,4.09,0.66,1.18,0.03,4.66,-6.8,-0.05,0.75
55.0,2.0,1.0,2.5,3.0,0.6,3600,0.8,136,64.0,4.09,0.66,1.18,0.03,4.66,-6.8,-0.05,0.75
55.0,2.0,1.0,2.5,3.0,0.8,3600,0.8,136,64.0,4.09,0.66,1.18,0.03,4.66,-6.8,-0.05,0.75
55.0,2.0,1.0,2.5,4.5,0.4,3600,0.8,136,64.0,4.09,0.66,1.18,0.03,4.66,-6.8,-0.05,0.75
55.0,2.0,1.0,2.5,4.5,0.6,3600,0.8,136,64.0,4.09,0.66,1.18,0.03,4.66,-6.8,-0.05,0.75
55.0,2.0,1.0,2.5,4.5,0.8,3600,0.8,136,64.0,4.09,0.66,1.18,0.03,4.66,-6.8,-0.05,0.75
55.0,4.0,1.5,2.5,3.0,0.6,3600,0.8,114,64.9,3.38,0.63,1.17,0.03,8.49,-5.74,-0.05,0.76
55.0,4.0,1.5,2.5,4.5,0.6,3600,0.8,114,64.9,3.38,0.63,1.17,0.03,8.49,-5.74,-0.05,0.76
55.0,4.0,1.0,1.5,3.0,0.4,3600,0.8,114,64.9,3.18,0.63,1.16,0.028,8.49,-5.94,-0.052,0.75
55.0,4.0,1.0,1.5,3.0,0.6,3600,0.8,114,64.9,3.18,0.63,1.16,0.028,8.49,-5.94,-0.052,0.75
55.0,4.0,1.0,1.5,3.0,0.8,3600,0.8,114,64.9,3.18,0.63,1.16,0.028,8.49,-5.94,-0.052,0.75
55.0,4.0,1.0,1.5,4.5,0.4,3600,0.8,114,64.9,3.18,0.63,1.16,0.028,8.49,-5.94,-0.052,0.75
55.0,4.0,1.0,1.5,4.5,0.6,3600,0.8,114,64.9,3.18,0.63,1.16,0.028,8.49,-5.94,-0.052,0.75
55.0,4.0,1.0,1.5,4.5,0.8,3600,0.8,114,64.9,3.18,0.63,1.16,0.028,8.49,-5.94,-0.052,0.75
55.0,4.0,1.0,2.5,3.0,0.4,3600,0.8,114,64.9,3.11,0.63,1.16,0.027,8.49,-6.01,-0.053,0.74
55.0,4.0,1.0,2.5,3.0,0.6,3600,0.8,114,64.9,3.11,0.63,1.16,0.027,8.49,-6.01,-0.053,0.74
55.0,4.0,1.0,2.5,3.0,0.8,3600,0.8,114,64.9,3.11,0.63,1.16,0.027,8.49,-6.01,-0.053,0.74
55.0,4.0,1.0,2.5,4.5,0.4,3600,0.8,114,64.9,3.11,0.63,1.16,0.027,8.49,-6.01,-0.053,0.74
55.0,4.0,1.0,2.5,4.5,0.6,3600,0.8,114,64.9,3.11,0.63,1.16,0.027,8.49,-6.01,-0.053,0.74
55.0,4.0,1.0,2.5,4.5,0.8,3600,0.8,114,64.9,3.11,0.63,1.16,0.027,8.49,-6.01,-0.053,0.74
55.0,4.0,1.5,2.5,3.0,0.8,2400,0.8,137,61.3,3.16,0.73,1.16,0.023,8.32,-7.8,-0.057,0.68
55.0,4.0,1.5,2.5,4.5,0.8,2400,0.8,137,61.3,3.16,0.73,1.16,0.023,8.32,-7.8,-0.057,0.68
55.0,5.0,1.0,1.5,3.0,0.4,3600,0.8,90,65.6,1.91,0.59,1.12,0.021,11.07,-5.29,-0.059,0.73
55.0,5.0,1.0,1.5,3.0,0.6,3600,0.8,90,65.6,1.91,0.59,1.12,0.021,11.07,-5.29,-0.059,0.73
55.0,5.0,1.0,1.5,3.0,0.8,3600,0.8,90,65.6,1.91,0.59,1.12,0.021,11.07,-5.29,-0.059,0.73
55.0,5.0,1.0,1.5,4.5,0.4,3600,0.8,90,65.6,1.91,0.59,1.12,0.021,11.07,-5.29,-0.059,0.73
55.0,5.0,1.0,1.5,4.5,0.6,3600,0.8,90,65.6,1.91,0.59,1.12,0.021,11.07,-5.29,-0.059,0.73
55.0,5.0,1.0,1.5,4.5,0.8,3600,0.8,90,65.6,1.91,0.59,1.12,0.021,11.07,-5.29,-0.059,0.73
55.0,2.0,0.7,1.5,3.0,0.4,3600,0.8,138,63.8,2.71,0.64,1.13,0.02,5.0,-8.33,-0.06,0.68
55.0,2.0,0.7,1.5,3.0,0.6,3600,0.8,138,63.8,2.71,0.64,1.13,0.02,5.0,-8.33,-0.06,0.68
55.0,2.0,0.7,1.5,3.0,0.8,3600,0.8,138,63.8,2.71,0.64,1.13,0.02,5.0,-8.33,-0.06,0.68
55.0,2.0,0.7,1.5,4.5,0.4,3600,0.8,138,63.8,2.71,0.64,1.13,0.02,5.0,-8.33,-0.06,0.68
55.0,2.0,0.7,1.5,4.5,0.6,3600,0.8,138,63.8,2.71,0.64,1.13,0.02,5.0,-8.33,-0.06,0.68
55.0,2.0,0.7,1.5,4.5,0.8,3600,0.8,138,63.8,2.71,0.64,1.13,0.02,5.0,-8.33,-0.06,0.68
55.0,2.0,0.7,2.5,3.0,0.4,3600,0.8,138,63.8,2.71,0.64,1.13,0.02,5.0,-8.33,-0.06,0.68
55.0,2.0,0.7,2.5,3.0,0.6,3600,0.8,138,63.8,2.71,0.64,1.13,0.02,5.0,-8.33,-0.06,0.68
55.0,2.0,0.7,2.5,3.0,0.8,3600,0.8,138,63.8,2.71,0.64,1.13,0.02,5.0,-8.33,-0.06,0.68
55.0,2.0,0.7,2.5,4.5,0.4,3600,0.8,138,63.8,2.71,0.64,1.13,0.02,5.0,-8.33,-0.06,0.68
55.0,2.0,0.7,2.5,4.5,0.6,3600,0.8,138,63.8,2.71,0.64,1.13,0.02,5.0,-8.33,-0.06,0.68
55.0,2.0,0.7,2.5,4.5,0.8,3600,0.8,138,63.8,2.71,0.64,1.13,0.02,5.0,-8.33,-0.06,0.68
55.0,5.0,1.0,2.5,3.0,0.4,3600,0.8,90,65.6,1.84,0.58,1.11,0.02,11.07,-5.36,-0.06,0.73
55.0,5.0,1.0,2.5,3.0,0.6,3600,0.8,90,65.6,1.84,0.58,1.11,0.02,11.07,-5.36,-0.06,0.73
55.0,5.0,1.0,2.5,3.0,0.8,3600,0.8,90,65.6,1.84,0.58,1.11,0.02,11.07,-5.36,-0.06,0.73
55.0,5.0,1.0,2.5,4.5,0.4,3600,0.8,90,65.6,1.84,0.58,1.11,0.02,11.07,-5.36,-0.06,0.73
55.0,5.0,1.0,2.5,4.5,0.6,3600,0.8,90,65.6,1.84,0.58,1.11,0.02,11.07,-5.36,-0.06,0.73
55.0,5.0,1.0,2.5,4.5,0.8,3600,0.8,90,65.6,1.84,0.58,1.11,0.02,11.07,-5.36,-0.06,0.73
55.0,2.0,0.7,1.5,3.0,0.4,2400,0.8,149,58.4,2.61,0.81,1.13,0.018,4.28,-9.31,-0.062,0.63
55.0,2.0,0.7,1.5,3.0,0.6,2400,0.8,149,58.4,2.61,0.81,1.13,0.018,4.28,-9.31,-0.062,0.63
55.0,2.0,0.7,1.5,3.0,0.8,2400,0.8,149,58.4,2.61,0.81,1.13,0.018,4.28,-9.31,-0.062,0.63
55.0,2.0,0.7,1.5,4.5,0.4,2400,0.8,149,58.4,2.61,0.81,1.13,0.018,4.28,-9.31,-0.062,0.63
55.0,2.0,0.7,1.5,4.5,0.6,2400,0.8,149,58.4,2.61,0.81,1.13,0.018,4.28,-9.31,-0.062,0.63
55.0,2.0,0.7,1.5,4.5,0.8,2400,0.8,149,58.4,2.61,0.81,1.13,0.018,4.28,-9.31,-0.062,0.63
55.0,2.0,0.7,2.5,3.0,0.4,2400,0.8,149,58.4,2.61,0.81,1.13,0.018,4.28,-9.31,-0.062,0.63
55.0,2.0,0.7,2.5,3.0,0.6,2400,0.8,149,58.4,2.61,0.81,1.13,0.018,4.28,-9.31,-0.062,0.63
55.0,2.0,0.7,2.5,3.0,0.8,2400,0.8,149,58.4,2.61,0.81,1.13,0.018,4.28,-9.31,-0.062,0.63
55.0,2.0,0.7,2.5,4.5,0.4,2400,0.8,149,58.4,2.61,0.81,1.13,0.018,4.28,-9.31,-0.062,0.63
55.0,2.0,0.7,2.5,4.5,0.6,2400,0.8,149,58.4,2.61,0.81,1.13,0.018,4.28,-9.31,-0.062,0.63
55.0,2.0,0.7,2.5,4.5,0.8,2400,0.8,149,58.4,2.61,0.81,1.13,0.018,4.28,-9.31,-0.062,0.63
55.0,4.0,1.5,2.5,3.0,0.4,2400,0.8,140,59.3,2.57,0.77,1.12,0.018,8.32,-8.63,-0.062,0.67
55.0,4.0,1.5,2.5,4.5,0.4,2400,0.8,140,59.3,2.57,0.77,1.12,0.018,8.32,-8.63,-0.062,0.67
55.0,4.0,1.0,1.5,3.0,0.4,2400,0.8,140,59.3,2.44,0.77,1.12,0.017,8.32,-8.76,-0.063,0.66
55.0,4.0,1.0,1.5,3.0,0.6,2400,0.8,140,59.3,2.44,0.77,1.12,0.017,8.32,-8.76,-0.063,0.66
55.0,4.0,1.0,1.5,3.0,0.8,2400,0.8,140,59.3,2.44,0.77,1.12,0.017,8.32,-8.76,-0.063,0.66
55.0,4.0,1.0,1.5,4.5,0.4,2400,0.8,140,59.3,2.44,0.77,1.12,0.017,8.32,-8.76,-0.063,0.66
55.0,4.0,1.0,1.5,4.5,0.6,2400,0.8,140,59.3,2.44,0.77,1.12,0.017,8.32,-8.76,-0.063,0.66
55.0,4.0,1.0,1.5,4.5,0.8,2400,0.8,140,59.3,2.44,0.77,1.12,0.017,8.32,-8.76,-0.063,0.66
55.0,4.0,1.0,2.5,3.0,0.4,2400,0.8,140,59.3,2.44,0.77,1.12,0.017,8.32,-8.76,-0.063,0.66
55.0,4.0,1.0,2.5,3.0,0.6,2400,0.8,140,59.3,2.44,0.77,1.12,0.017,8.32,-8.76,-0.063,0.66
55.0,4.0,1.0,2.5,3.0,0.8,2400,0.8,140,59.3,2.44,0.77,1.12,0.017,8.32,-8.76,-0.063,0.66
55.0,4.0,1.0,2.5,4.5,0.4,2400,0.8,140,59.3,2.44,0.77,1.12,0.017,8.32,-8.76,-0.063,0.66
55.0,4.0,1.0,2.5,4.5,0.6,2400,0.8,140,59.3,2.44,0.77,1.12,0.017,8.32,-8.76,-0.063,0.66
55.0,4.0,1.0,2.5,4.5,0.8,2400,0.8,140,59.3,2.44,0.77,1.12,0.017,8.32,-8.76,-0.063,0.66
55.0,4.0,1.5,2.5,3.0,0.6,2400,0.8,140,59.3,2.36,0.76,1.11,0.017,8.32,-8.84,-0.063,0.66
55.0,4.0,1.5,2.5,4.5,0.6,2400,0.8,140,59.3,2.36,0.76,1.11,0.017,8.32,-8.84,-0.063,0.66
55.0,5.0,1.5,2.5,3.0,0.8,3600,0.8,102,65.7,1.7,0.57,1.1,0.017,11.07,-6.46,-0.063,0.69
55.0,5.0,1.5,2.5,4.5,0.8,3600,0.8,102,65.7,1.7,0.57,1.1,0.017,11.07,-6.46,-0.063,0.69
55.0,5.0,1.5,2.5,3.0,0.4,3600,0.8,90,65.6,1.43,0.57,1.09,0.016,11.07,-5.77,-0.064,0.7
55.0,5.0,1.5,2.5,4.5,0.4,3600,0.8,90,65.6,1.43,0.57,1.09,0.016,11.07,-5.77,-0.064,0.7
55.0,5.0,1.5,2.5,3.0,0.6,3600,0.8,90,65.6,1.32,0.57,1.08,0.015,11.07,-5.88,-0.065,0.7
55.0,5.0,1.5,2.5,4.5,0.6,3600,0.8,90,65.6,1.32,0.57,1.08,0.015,11.07,-5.88,-0.065,0.7
55.0,4.0,0.7,1.5,3.0,0.4,3600,0.8,126,65.1,1.71,0.58,1.08,0.014,8.49,-8.37,-0.066,0.66
55.0,4.0,0.7,1.5,3.0,0.6,3600,0.8,126,65.1,1.71,0.58,1.08,0.014,8.49,-8.37,-0.066,0.66
55.0,4.0,0.7,1.5,3.0,0.8,3600,0.8,126,65.1,1.71,0.58,1.08,0.014,8.49,-8.37,-0.066,0.66
55.0,4.0,0.7,1.5,4.5,0.4,3600,0.8,126,65.1,1.71,0.58,1.08,0.014,8.49,-8.37,-0.066,0.66
55.0,4.0,0.7,1.5,4.5,0.6,3600,0.8,126,65.1,1.71,0.58,1.08,0.014,8.49,-8.37,-0.066,0.66
55.0,4.0,0.7,1.5,4.5,0.8,3600,0.8,126,65.1,1.71,0.58,1.08,0.014,8.49,-8.37,-0.066,0.66
55.0,4.0,0.7,2.5,3.0,0.4,3600,0.8,126,65.1,1.71,0.58,1.08,0.014,8.49,-8.37,-0.066,0.66
55.0,4.0,0.7,2.5,3.0,0.6,3600,0.8,126,65.1,1.71,0.58,1.08,0.014,8.49,-8.37,-0.066,0.66
55.0,4.0,0.7,2.5,3.0,0.8,3600,0.8,126,65.1,1.71,0.58,1.08,0.014,8.49,-8.37,-0.066,0.66
55.0,4.0,0.7,2.5,4.5,0.4,3600,0.8,126,65.1,1.71,0.58,1.08,0.014,8.49,-8.37,-0.066,0.66
55.0,4.0,0.7,2.5,4.5,0.6,3600,0.8,126,65.1,1.71,0.58,1.08,0.014,8.49,-8.37,-0.066,0.66
55.0,4.0,0.7,2.5,4.5,0.8,3600,0.8,126,65.1,1.71,0.58,1.08,0.014,8.49,-8.37,-0.066,0.66
55.0,5.0,0.7,1.5,3.0,0.4,3600,0.8,102,65.7,1.48,0.57,1.09,0.015,11.02,-6.68,-0.066,0.68
55.0,5.0,0.7,1.5,3.0,0.6,3600,0.8,102,65.7,1.48,0.57,1.09,0.015,11.02,-6.68,-0.066,0.68
55.0,5.0,0.7,1.5,3.0,0.8,3600,0.8,102,65.7,1.48,0.57,1.09,0.015,11.02,-6.68,-0.066,0.68
55.0,5.0,0.7,1.5,4.5,0.4,3600,0.8,102,65.7,1.48,0.57,1.09,0.015,11.02,-6.68,-0.066,0.68
55.0,5.0,0.7,1.5,4.5,0.6,3600,0.8,102,65.7,1.48,0.57,1.09,0.015,11.02,-6.68,-0.066,0.68
55.0,5.0,0.7,1.5,4.5,0.8,3600,0.8,102,65.7,1.48,0.57,1.09,0.015,11.02,-6.68,-0.066,0.68
55.0,5.0,0.7,2.5,3.0,0.4,3600,0.8,102,65.7,1.48,0.57,1.09,0.015,11.02,-6.68,-0.066,0.68
55.0,5.0,0.7,2.5,3.0,0.6,3600,0.8,102,65.7,1.48,0.57,1.09,0.015,11.02,-6.68,-0.066,0.68
55.0,5.0,0.7,2.5,3.0,0.8,3600,0.8,102,65.7,1.48,0.57,1.09,0.015,11.02,-6.68,-0.066,0.68
55.0,5.0,0.7,2.5,4.5,0.4,3600,0.8,102,65.7,1.48,0.57,1.09,0.015,11.02,-6.68,-0.066,0.68
55.0,5.0,0.7,2.5,4.5,0.6,3600,0.8,102,65.7,1.48,0.57,1.09,0.015,11.02,-6.68,-0.066,0.68
55.0,5.0,0.7,2.5,4.5,0.8,3600,0.8,102,65.7,1.48,0.57,1.09,0.015,11.02,-6.68,-0.066,0.68
55.0,4.0,0.7,1.5,3.0,0.4,2400,0.8,140,59.3,0.29,0.7,1.01,0.002,8.32,-10.9,-0.078,0.58
55.0,4.0,0.7,1.5,3.0,0.6,2400,0.8,140,59.3,0.29,0.7,1.01,0.002,8.32,-10.9,-0.078,0.58
55.0,4.0,0.7,1.5,3.0,0.8,2400,0.8,140,59.3,0.29,0.7,1.01,0.002,8.32,-10.9,-0.078,0.58
55.0,4.0,0.7,1.5,4.5,0.4,2400,0.8,140,59.3,0.29,0.7,1.01,0.002,8.32,-10.9,-0.078,0.58
55.0,4.0,0.7,1.5,4.5,0.6,2400,0.8,140,59.3,0.29,0.7,1.01,0.002,8.32,-10.9,-0.078,0.58
55.0,4.0,0.7,1.5,4.5,0.8,2400,0.8,140,59.3,0.29,0.7,1.01,0.002,8.32,-10.9,-0.078,0.58
55.0,4.0,0.7,2.5,3.0,0.4,2400,0.8,140,59.3,0.29,0.7,1.01,0.002,8.32,-10.9,-0.078,0.58
55.0,4.0,0.7,2.5,3.0,0.6,2400,0.8,140,59.3,0.29,0.7,1.01,0.002,8.32,-10.9,-0.078,0.58
55.0,4.0,0.7,2.5,3.0,0.8,2400,0.8,140,59.3,0.29,0.7,1.01,0.002,8.32,-10.9,-0.078,0.58
55.0,4.0,0.7,2.5,4.5,0.4,2400,0.8,140,59.3,0.29,0.7,1.01,0.002,8.32,-10.9,-0.078,0.58
55.0,4.0,0.7,2.5,4.5,0.6,2400,0.8,140,59.3,0.29,0.7,1.01,0.002,8.32,-10.9,-0.078,0.58
55.0,4.0,0.7,2.5,4.5,0.8,2400,0.8,140,59.3,0.29,0.7,1.01,0.002,8.32,-10.9,-0.078,0.58
55.0,5.0,1.0,1.5,3.0,0.4,2400,0.8,114,58.8,0.05,0.7,1.0,0.0,11.2,-9.07,-0.08,0.59
55.0,5.0,1.0,1.5,3.0,0.6,2400,0.8,114,58.8,0.05,0.7,1.0,0.0,11.2,-9.07,-0.08,0.59
55.0,5.0,1.0,1.5,3.0,0.8,2400,0.8,114,58.8,0.05,0.7,1.0,0.0,11.2,-9.07,-0.08,0.59
55.0,5.0,1.0,1.5,4.5,0.4,2400,0.8,114,58.8,0.05,0.7,1.0,0.0,11.2,-9.07,-0.08,0.59
55.0,5.0,1.0,1.5,4.5,0.6,2400,0.8,114,58.8,0.05,0.7,1.0,0.0,11.2,-9.07,-0.08,0.59
55.0,5.0,1.0,1.5,4.5,0.8,2400,0.8,114,58.8,0.05,0.7,1.0,0.0,11.2,-9.07,-0.08,0.59
55.0,5.0,1.0,2.5,3.0,0.4,2400,0.8,114,58.8,0.05,0.7,1.0,0.0,11.2,-9.07,-0.08,0.59
55.0,5.0,1.0,2.5,3.0,0.6,2400,0.8,114,58.8,0.05,0.7,1.0,0.0,11.2,-9.07,-0.08,0.59
55.0,5.0,1.0,2.5,3.0,0.8,2400,0.8,114,58.8,0.05,0.7,1.0,0.0,11.2,-9.07,-0.08,0.59
55.0,5.0,1.0,2.5,4.5,0.4,2400,0.8,114,58.8,0.05,0.7,1.0,0.0,11.2,-9.07,-0.08,0.59
55.0,5.0,1.0,2.5,4.5,0.6,2400,0.8,114,58.8,0.05,0.7,1.0,0.0,11.2,-9.07,-0.08,0.59
55.0,5.0,1.0,2.5,4.5,0.8,2400,0.8,114,58.8,0.05,0.7,1.0,0.0,11.2,-9.07,-0.08,0.59
55.0,5.0,1.5,2.5,3.0,0.4,2400,0.8,114,58.8,-0.51,0.68,0.97,-0.004,11.2,-9.63,-0.084,0.57
55.0,5.0,1.5,2.5,3.0,0.8,2400,0.8,111,61.3,-0.39,0.62,0.98,-0.004,11.2,-9.28,-0.084,0.56
55.0,5.0,1.5,2.5,4.5,0.4,2400,0.8,114,58.8,-0.51,0.68,0.97,-0.004,11.2,-9.63,-0.084,0.57
55.0,5.0,1.5,2.5,4.5,0.8,2400,0.8,111,61.3,-0.39,0.62,0.98,-0.004,11.2,-9.28,-0.084,0.56
55.0,5.0,0.7,1.5,3.0,0.4,2400,0.8,114,58.8,-1.18,0.66,0.93,-0.01,11.2,-10.3,-0.09,0.54
55.0,5.0,0.7,1.5,3.0,0.6,2400,0.8,114,58.8,-1.18,0.66,0.93,-0.01,11.2,-10.3,-0.09,0.54
55.0,5.0,0.7,1.5,3.0,0.8,2400,0.8,114,58.8,-1.18,0.66,0.93,-0.01,11.2,-10.3,-0.09,0.54
55.0,5.0,0.7,1.5,4.5,0.4,2400,0.8,114,58.8,-1.18,0.66,0.93,-0.01,11.2,-10.3,-0.09,0.54
55.0,5.0,0.7,1.5,4.5,0.6,2400,0.8,114,58.8,-1.18,0.66,0.93,-0.01,11.2,-10.3,-0.09,0.54
55.0,5.0,0.7,1.5,4.5,0.8,2400,0.8,114,58.8,-1.18,0.66,0.93,-0.01,11.2,-10.3,-0.09,0.54
55.0,5.0,0.7,2.5,3.0,0.4,2400,0.8,114,58.8,-1.18,0.66,0.93,-0.01,11.2,-10.3,-0.09,0.54
55.0,5.0,0.7,2.5,3.0,0.6,2400,0.8,114,58.8,-1.18,0.66,0.93,-0.01,11.2,-10.3,-0.09,0.54
55.0,5.0,0.7,2.5,3.0,0.8,2400,0.8,114,58.8,-1.18,0.66,0.93,-0.01,11.2,-10.3,-0.09,0.54
55.0,5.0,0.7,2.5,4.5,0.4,2400,0.8,114,58.8,-1.18,0.66,0.93,-0.01,11.2,-10.3,-0.09,0.54
55.0,5.0,0.7,2.5,4.5,0.6,2400,0.8,114,58.8,-1.18,0.66,0.93,-0.01,11.2,-10.3,-0.09,0.54
55.0,5.0,0.7,2.5,4.5,0.8,2400,0.8,114,58.8,-1.18,0.66,0.93,-0.01,11.2,-10.3,-0.09,0.54
55.0,5.0,1.5,2.5,3.0,0.6,2400,0.8,114,58.8,-1.2,0.66,0.93,-0.011,11.2,-10.32,-0.091,0.54
55.0,5.0,1.5,2.5,4.5,0.6,2400,0.8,114,58.8,-1.2,0.66,0.93,-0.011,11.2,-10.32,-0.091,0.54
