stop_loss_pct,level_1_pct,level_2_pct,level_3_pct,trail_callback,time_stop_seconds,time_stop_no_movement_pct,trades,win_rate,total_pnl_pct,payoff,profit_factor,expectancy_pct,max_dd_pct
5.0,1.5,2.5,3.0,0.8,1200,0.8,15,66.7,1.57,0.64,1.28,0.105,5.42
5.0,1.5,2.5,4.5,0.8,1200,0.8,15,66.7,1.12,0.6,1.2,0.075,5.42
3.0,1.5,2.5,3.0,0.8,1200,0.4,15,73.3,0.57,0.39,1.06,0.038,9.0
3.0,1.5,2.5,3.0,0.8,1200,0.8,16,62.5,0.57,0.65,1.09,0.036,6.42
2.0,1.5,2.5,3.0,0.8,1200,0.4,15,66.7,0.22,0.51,1.03,0.015,6.0
3.0,1.5,2.5,4.5,0.8,1200,0.4,15,73.3,0.12,0.37,1.01,0.008,9.0
3.0,1.5,2.5,4.5,0.8,1200,0.8,16,62.5,0.12,0.61,1.02,0.008,6.42
5.0,1.5,2.5,3.0,0.6,1200,0.8,15,66.7,-0.04,0.5,0.99,-0.003,5.42
5.0,1.5,2.5,4.5,0.6,1200,0.8,15,66.7,-0.04,0.5,0.99,-0.003,5.42
2.0,1.5,2.5,4.5,0.8,1200,0.4,15,66.7,-0.23,0.49,0.97,-0.015,6.0
5.0,1.5,2.5,3.0,0.4,1200,0.8,15,66.7,-0.37,0.47,0.93,-0.025,5.42
5.0,1.5,2.5,4.5,0.4,1200,0.8,15,66.7,-0.37,0.47,0.93,-0.025,5.42
5.0,1.5,2.5,3.0,0.8,1200,0.4,14,78.6,-0.43,0.26,0.96,-0.031,10.0
2.0,1.5,2.5,3.0,0.8,2400,0.4,14,64.3,-0.49,0.53,0.95,-0.035,6.65
5.0,1.0,1.5,3.0,0.4,1200,0.8,15,66.7,-0.66,0.44,0.88,-0.044,5.42
5.0,1.0,1.5,3.0,0.6,1200,0.8,15,66.7,-0.66,0.44,0.88,-0.044,5.42
5.0,1.0,1.5,3.0,0.8,1200,0.8,15,66.7,-0.66,0.44,0.88,-0.044,5.42
5.0,1.0,1.5,4.5,0.4,1200,0.8,15,66.7,-0.66,0.44,0.88,-0.044,5.42
5.0,1.0,1.5,4.5,0.6,1200,0.8,15,66.7,-0.66,0.44,0.88,-0.044,5.42
5.0,1.0,1.5,4.5,0.8,1200,0.8,15,66.7,-0.66,0.44,0.88,-0.044,5.42
5.0,1.0,2.5,3.0,0.4,1200,0.8,15,66.7,-0.66,0.44,0.88,-0.044,5.42
5.0,1.0,2.5,3.0,0.6,1200,0.8,15,66.7,-0.66,0.44,0.88,-0.044,5.42
5.0,1.0,2.5,3.0,0.8,1200,0.8,15,66.7,-0.66,0.44,0.88,-0.044,5.42
5.0,1.0,2.5,4.5,0.4,1200,0.8,15,66.7,-0.66,0.44,0.88,-0.044,5.42
5.0,1.0,2.5,4.5,0.6,1200,0.8,15,66.7,-0.66,0.44,0.88,-0.044,5.42
5.0,1.0,2.5,4.5,0.8,1200,0.8,15,66.7,-0.66,0.44,0.88,-0.044,5.42
2.0,1.5,2.5,3.0,0.8,1200,0.8,16,56.2,-0.78,0.69,0.88,-0.049,4.83
3.0,0.7,1.5,3.0,0.4,1200,0.2,16,81.2,-0.81,0.21,0.91,-0.051,9.0
3.0,0.7,1.5,3.0,0.4,2400,0.2,16,81.2,-0.81,0.21,0.91,-0.051,9.0
3.0,0.7,1.5,3.0,0.4,3600,0.2,16,81.2,-0.81,0.21,0.91,-0.051,9.0
3.0,0.7,1.5,3.0,0.4,7200,0.2,16,81.2,-0.81,0.21,0.91,-0.051,9.0
3.0,0.7,1.5,3.0,0.4,14400,0.2,16,81.2,-0.81,0.21,0.91,-0.051,9.0
3.0,0.7,1.5,3.0,0.4,14400,0.4,16,81.2,-0.81,0.21,0.91,-0.051,9.0
3.0,0.7,1.5,3.0,0.4,,0.4,16,81.2,-0.81,0.21,0.91,-0.051,9.0
3.0,0.7,1.5,3.0,0.6,1200,0.2,16,81.2,-0.81,0.21,0.91,-0.051,9.0
3.0,0.7,1.5,3.0,0.6,2400,0.2,16,81.2,-0.81,0.21,0.91,-0.051,9.0
3.0,0.7,1.5,3.0,0.6,3600,0.2,16,81.2,-0.81,0.21,0.91,-0.051,9.0
3.0,0.7,1.5,3.0,0.6,7200,0.2,16,81.2,-0.81,0.21,0.91,-0.051,9.0
3.0,0.7,1.5,3.0,0.6,14400,0.2,16,81.2,-0.81,0.21,0.91,-0.051,9.0
3.0,0.7,1.5,3.0,0.6,14400,0.4,16,81.2,-0.81,0.21,0.91,-0.051,9.0
3.0,0.7,1.5,3.0,0.6,,0.4,16,81.2,-0.81,0.21,0.91,-0.051,9.0
3.0,0.7,1.5,3.0,0.8,1200,0.2,16,81.2,-0.81,0.21,0.91,-0.051,9.0
3.0,0.7,1.5,3.0,0.8,2400,0.2,16,81.2,-0.81,0.21,0.91,-0.051,9.0
3.0,0.7,1.5,3.0,0.8,3600,0.2,16,81.2,-0.81,0.21,0.91,-0.051,9.0
3.0,0.7,1.5,3.0,0.8,7200,0.2,16,81.2,-0.81,0.21,0.91,-0.051,9.0
3.0,0.7,1.5,3.0,0.8,14400,0.2,16,81.2,-0.81,0.21,0.91,-0.051,9.0
3.0,0.7,1.5,3.0,0.8,14400,0.4,16,81.2,-0.81,0.21,0.91,-0.051,9.0
3.0,0.7,1.5,3.0,0.8,,0.4,16,81.2,-0.81,0.21,0.91,-0.051,9.0
3.0,0.7,1.5,4.5,0.4,1200,0.2,16,81.2,-0.81,0.21,0.91,-0.051,9.0
3.0,0.7,1.5,4.5,0.4,2400,0.2,16,81.2,-0.81,0.21,0.91,-0.051,9.0
3.0,0.7,1.5,4.5,0.4,3600,0.2,16,81.2,-0.81,0.21,0.91,-0.051,9.0
3.0,0.7,1.5,4.5,0.4,7200,0.2,16,81.2,-0.81,0.21,0.91,-0.051,9.0
3.0,0.7,1.5,4.5,0.4,14400,0.2,16,81.2,-0.81,0.21,0.91,-0.051,9.0
3.0,0.7,1.5,4.5,0.4,14400,0.4,16,81.2,-0.81,0.21,0.91,-0.051,9.0
3.0,0.7,1.5,4.5,0.4,,0.4,16,81.2,-0.81,0.21,0.91,-0.051,9.0
3.0,0.7,1.5,4.5,0.6,1200,0.2,16,81.2,-0.81,0.21,0.91,-0.051,9.0
3.0,0.7,1.5,4.5,0.6,2400,0.2,16,81.2,-0.81,0.21,0.91,-0.051,9.0
3.0,0.7,1.5,4.5,0.6,3600,0.2,16,81.2,-0.81,0.21,0.91,-0.051,9.0
3.0,0.7,1.5,4.5,0.6,7200,0.2,16,81.2,-0.81,0.21,0.91,-0.051,9.0
3.0,0.7,1.5,4.5,0.6,14400,0.2,16,81.2,-0.81,0.21,0.91,-0.051,9.0
3.0,0.7,1.5,4.5,0.6,14400,0.4,16,81.2,-0.81,0.21,0.91,-0.051,9.0
3.0,0.7,1.5,4.5,0.6,,0.4,16,81.2,-0.81,0.21,0.91,-0.051,9.0
3.0,0.7,1.5,4.5,0.8,1200,0.2,16,81.2,-0.81,0.21,0.91,-0.051,9.0
3.0,0.7,1.5,4.5,0.8,2400,0.2,16,81.2,-0.81,0.21,0.91,-0.051,9.0
3.0,0.7,1.5,4.5,0.8,3600,0.2,16,81.2,-0.81,0.21,0.91,-0.051,9.0
3.0,0.7,1.5,4.5,0.8,7200,0.2,16,81.2,-0.81,0.21,0.91,-0.051,9.0
3.0,0.7,1.5,4.5,0.8,14400,0.2,16,81.2,-0.81,0.21,0.91,-0.051,9.0
3.0,0.7,1.5,4.5,0.8,14400,0.4,16,81.2,-0.81,0.21,0.91,-0.051,9.0
3.0,0.7,1.5,4.5,0.8,,0.4,16,81.2,-0.81,0.21,0.91,-0.051,9.0
3.0,0.7,2.5,3.0,0.4,1200,0.2,16,81.2,-0.81,0.21,0.91,-0.051,9.0
3.0,0.7,2.5,3.0,0.4,2400,0.2,16,81.2,-0.81,0.21,0.91,-0.051,9.0
3.0,0.7,2.5,3.0,0.4,3600,0.2,16,81.2,-0.81,0.21,0.91,-0.051,9.0
3.0,0.7,2.5,3.0,0.4,7200,0.2,16,81.2,-0.81,0.21,0.91,-0.051,9.0
3.0,0.7,2.5,3.0,0.4,14400,0.2,16,81.2,-0.81,0.21,0.91,-0.051,9.0
3.0,0.7,2.5,3.0,0.4,14400,0.4,16,81.2,-0.81,0.21,0.91,-0.051,9.0
3.0,0.7,2.5,3.0,0.4,,0.4,16,81.2,-0.81,0.21,0.91,-0.051,9.0
3.0,0.7,2.5,3.0,0.6,1200,0.2,16,81.2,-0.81,0.21,0.91,-0.051,9.0
3.0,0.7,2.5,3.0,0.6,2400,0.2,16,81.2,-0.81,0.21,0.91,-0.051,9.0
3.0,0.7,2.5,3.0,0.6,3600,0.2,16,81.2,-0.81,0.21,0.91,-0.051,9.0
3.0,0.7,2.5,3.0,0.6,7200,0.2,16,81.2,-0.81,0.21,0.91,-0.051,9.0
3.0,0.7,2.5,3.0,0.6,14400,0.2,16,81.2,-0.81,0.21,0.91,-0.051,9.0
3.0,0.7,2.5,3.0,0.6,14400,0.4,16,81.2,-0.81,0.21,0.91,-0.051,9.0
3.0,0.7,2.5,3.0,0.6,,0.4,16,81.2,-0.81,0.21,0.91,-0.051,9.0
3.0,0.7,2.5,3.0,0.8,1200,0.2,16,81.2,-0.81,0.21,0.91,-0.051,9.0
3.0,0.7,2.5,3.0,0.8,2400,0.2,16,81.2,-0.81,0.21,0.91,-0.051,9.0
3.0,0.7,2.5,3.0,0.8,3600,0.2,16,81.2,-0.81,0.21,0.91,-0.051,9.0
3.0,0.7,2.5,3.0,0.8,7200,0.2,16,81.2,-0.81,0.21,0.91,-0.051,9.0
3.0,0.7,2.5,3.0,0.8,14400,0.2,16,81.2,-0.81,0.21,0.91,-0.051,9.0
3.0,0.7,2.5,3.0,0.8,14400,0.4,16,81.2,-0.81,0.21,0.91,-0.051,9.0
3.0,0.7,2.5,3.0,0.8,,0.4,16,81.2,-0.81,0.21,0.91,-0.051,9.0
3.0,0.7,2.5,4.5,0.4,1200,0.2,16,81.2,-0.81,0.21,0.91,-0.051,9.0
3.0,0.7,2.5,4.5,0.4,2400,0.2,16,81.2,-0.81,0.21,0.91,-0.051,9.0
3.0,0.7,2.5,4.5,0.4,3600,0.2,16,81.2,-0.81,0.21,0.91,-0.051,9.0
3.0,0.7,2.5,4.5,0.4,7200,0.2,16,81.2,-0.81,0.21,0.91,-0.051,9.0
3.0,0.7,2.5,4.5,0.4,14400,0.2,16,81.2,-0.81,0.21,0.91,-0.051,9.0
3.0,0.7,2.5,4.5,0.4,14400,0.4,16,81.2,-0.81,0.21,0.91,-0.051,9.0
3.0,0.7,2.5,4.5,0.4,,0.4,16,81.2,-0.81,0.21,0.91,-0.051,9.0
3.0,0.7,2.5,4.5,0.6,1200,0.2,16,81.2,-0.81,0.21,0.91,-0.051,9.0
3.0,0.7,2.5,4.5,0.6,2400,0.2,16,81.2,-0.81,0.21,0.91,-0.051,9.0
3.0,0.7,2.5,4.5,0.6,3600,0.2,16,81.2,-0.81,0.21,0.91,-0.051,9.0
3.0,0.7,2.5,4.5,0.6,7200,0.2,16,81.2,-0.81,0.21,0.91,-0.051,9.0
3.0,0.7,2.5,4.5,0.6,14400,0.2,16,81.2,-0.81,0.21,0.91,-0.051,9.0
3.0,0.7,2.5,4.5,0.6,14400,0.4,16,81.2,-0.81,0.21,0.91,-0.051,9.0
3.0,0.7,2.5,4.5,0.6,,0.4,16,81.2,-0.81,0.21,0.91,-0.051,9.0
3.0,0.7,2.5,4.5,0.8,1200,0.2,16,81.2,-0.81,0.21,0.91,-0.051,9.0
3.0,0.7,2.5,4.5,0.8,2400,0.2,16,81.2,-0.81,0.21,0.91,-0.051,9.0
3.0,0.7,2.5,4.5,0.8,3600,0.2,16,81.2,-0.81,0.21,0.91,-0.051,9.0
3.0,0.7,2.5,4.5,0.8,7200,0.2,16,81.2,-0.81,0.21,0.91,-0.051,9.0
3.0,0.7,2.5,4.5,0.8,14400,0.2,16,81.2,-0.81,0.21,0.91,-0.051,9.0
3.0,0.7,2.5,4.5,0.8,14400,0.4,16,81.2,-0.81,0.21,0.91,-0.051,9.0
3.0,0.7,2.5,4.5,0.8,,0.4,16,81.2,-0.81,0.21,0.91,-0.051,9.0
3.0,1.5,2.5,3.0,0.6,1200,0.4,15,73.3,-0.84,0.33,0.91,-0.056,9.0
3.0,1.5,2.5,4.5,0.6,1200,0.4,15,73.3,-0.84,0.33,0.91,-0.056,9.0
5.0,1.5,2.5,4.5,0.8,1200,0.4,14,78.6,-0.88,0.25,0.91,-0.063,10.0
3.0,1.5,2.5,3.0,0.6,1200,0.8,16,62.5,-1.04,0.5,0.84,-0.065,6.42
3.0,1.5,2.5,4.5,0.6,1200,0.8,16,62.5,-1.04,0.5,0.84,-0.065,6.42
2.0,1.5,2.5,4.5,0.8,2400,0.4,14,64.3,-0.94,0.5,0.91,-0.067,6.65
2.0,1.5,2.5,4.5,0.8,1200,0.8,16,56.2,-1.23,0.63,0.81,-0.077,4.83
2.0,1.5,2.5,3.0,0.6,1200,0.4,15,66.7,-1.19,0.43,0.85,-0.079,6.0
2.0,1.5,2.5,4.5,0.6,1200,0.4,15,66.7,-1.19,0.43,0.85,-0.079,6.0
3.0,1.5,2.5,3.0,0.8,2400,0.8,15,73.3,-1.19,0.32,0.87,-0.079,9.0
2.0,1.5,2.5,3.0,0.4,1200,0.4,15,66.7,-1.29,0.42,0.84,-0.086,6.0
2.0,1.5,2.5,4.5,0.4,1200,0.4,15,66.7,-1.29,0.42,0.84,-0.086,6.0
3.0,1.5,2.5,3.0,0.4,1200,0.8,16,62.5,-1.37,0.47,0.79,-0.086,6.42
3.0,1.5,2.5,4.5,0.4,1200,0.8,16,62.5,-1.37,0.47,0.79,-0.086,6.42
3.0,0.7,1.5,3.0,0.4,7200,0.4,16,81.2,-1.4,0.19,0.84,-0.088,9.0
3.0,0.7,1.5,3.0,0.6,7200,0.4,16,81.2,-1.4,0.19,0.84,-0.088,9.0
3.0,0.7,1.5,3.0,0.8,7200,0.4,16,81.2,-1.4,0.19,0.84,-0.088,9.0
3.0,0.7,1.5,4.5,0.4,7200,0.4,16,81.2,-1.4,0.19,0.84,-0.088,9.0
3.0,0.7,1.5,4.5,0.6,7200,0.4,16,81.2,-1.4,0.19,0.84,-0.088,9.0
3.0,0.7,1.5,4.5,0.8,7200,0.4,16,81.2,-1.4,0.19,0.84,-0.088,9.0
3.0,0.7,2.5,3.0,0.4,7200,0.4,16,81.2,-1.4,0.19,0.84,-0.088,9.0
3.0,0.7,2.5,3.0,0.6,7200,0.4,16,81.2,-1.4,0.19,0.84,-0.088,9.0
3.0,0.7,2.5,3.0,0.8,7200,0.4,16,81.2,-1.4,0.19,0.84,-0.088,9.0
3.0,0.7,2.5,4.5,0.4,7200,0.4,16,81.2,-1.4,0.19,0.84,-0.088,9.0
3.0,0.7,2.5,4.5,0.6,7200,0.4,16,81.2,-1.4,0.19,0.84,-0.088,9.0
3.0,0.7,2.5,4.5,0.8,7200,0.4,16,81.2,-1.4,0.19,0.84,-0.088,9.0
2.0,1.5,2.5,3.0,0.8,7200,0.4,13,61.5,-1.16,0.55,0.88,-0.089,6.65
3.0,0.7,1.5,3.0,0.4,3600,0.4,16,81.2,-1.43,0.19,0.84,-0.089,9.0
3.0,0.7,1.5,3.0,0.6,3600,0.4,16,81.2,-1.43,0.19,0.84,-0.089,9.0
3.0,0.7,1.5,3.0,0.8,3600,0.4,16,81.2,-1.43,0.19,0.84,-0.089,9.0
3.0,0.7,1.5,4.5,0.4,3600,0.4,16,81.2,-1.43,0.19,0.84,-0.089,9.0
3.0,0.7,1.5,4.5,0.6,3600,0.4,16,81.2,-1.43,0.19,0.84,-0.089,9.0
3.0,0.7,1.5,4.5,0.8,3600,0.4,16,81.2,-1.43,0.19,0.84,-0.089,9.0
3.0,0.7,2.5,3.0,0.4,3600,0.4,16,81.2,-1.43,0.19,0.84,-0.089,9.0
3.0,0.7,2.5,3.0,0.6,3600,0.4,16,81.2,-1.43,0.19,0.84,-0.089,9.0
3.0,0.7,2.5,3.0,0.8,3600,0.4,16,81.2,-1.43,0.19,0.84,-0.089,9.0
3.0,0.7,2.5,4.5,0.4,3600,0.4,16,81.2,-1.43,0.19,0.84,-0.089,9.0
3.0,0.7,2.5,4.5,0.6,3600,0.4,16,81.2,-1.43,0.19,0.84,-0.089,9.0
3.0,0.7,2.5,4.5,0.8,3600,0.4,16,81.2,-1.43,0.19,0.84,-0.089,9.0
4.0,1.5,2.5,3.0,0.8,1200,0.8,16,62.5,-1.43,0.5,0.83,-0.089,8.42
2.0,1.5,2.5,3.0,0.8,3600,0.4,13,61.5,-1.19,0.55,0.88,-0.092,6.65
3.0,0.7,1.5,3.0,0.4,14400,0.8,16,75.0,-1.51,0.28,0.83,-0.094,9.07
3.0,0.7,1.5,3.0,0.6,14400,0.8,16,75.0,-1.51,0.28,0.83,-0.094,9.07
3.0,0.7,1.5,3.0,0.8,14400,0.8,16,75.0,-1.51,0.28,0.83,-0.094,9.07
3.0,0.7,1.5,4.5,0.4,14400,0.8,16,75.0,-1.51,0.28,0.83,-0.094,9.07
3.0,0.7,1.5,4.5,0.6,14400,0.8,16,75.0,-1.51,0.28,0.83,-0.094,9.07
3.0,0.7,1.5,4.5,0.8,14400,0.8,16,75.0,-1.51,0.28,0.83,-0.094,9.07
3.0,0.7,2.5,3.0,0.4,14400,0.8,16,75.0,-1.51,0.28,0.83,-0.094,9.07
3.0,0.7,2.5,3.0,0.6,14400,0.8,16,75.0,-1.51,0.28,0.83,-0.094,9.07
3.0,0.7,2.5,3.0,0.8,14400,0.8,16,75.0,-1.51,0.28,0.83,-0.094,9.07
3.0,0.7,2.5,4.5,0.4,14400,0.8,16,75.0,-1.51,0.28,0.83,-0.094,9.07
3.0,0.7,2.5,4.5,0.6,14400,0.8,16,75.0,-1.51,0.28,0.83,-0.094,9.07
3.0,0.7,2.5,4.5,0.8,14400,0.8,16,75.0,-1.51,0.28,0.83,-0.094,9.07
3.0,0.7,1.5,3.0,0.4,2400,0.4,16,81.2,-1.53,0.19,0.83,-0.096,9.0
3.0,0.7,1.5,3.0,0.6,2400,0.4,16,81.2,-1.53,0.19,0.83,-0.096,9.0
3.0,0.7,1.5,3.0,0.8,2400,0.4,16,81.2,-1.53,0.19,0.83,-0.096,9.0
3.0,0.7,1.5,4.5,0.4,2400,0.4,16,81.2,-1.53,0.19,0.83,-0.096,9.0
3.0,0.7,1.5,4.5,0.6,2400,0.4,16,81.2,-1.53,0.19,0.83,-0.096,9.0
3.0,0.7,1.5,4.5,0.8,2400,0.4,16,81.2,-1.53,0.19,0.83,-0.096,9.0
3.0,0.7,2.5,3.0,0.4,2400,0.4,16,81.2,-1.53,0.19,0.83,-0.096,9.0
3.0,0.7,2.5,3.0,0.6,2400,0.4,16,81.2,-1.53,0.19,0.83,-0.096,9.0
3.0,0.7,2.5,3.0,0.8,2400,0.4,16,81.2,-1.53,0.19,0.83,-0.096,9.0
3.0,0.7,2.5,4.5,0.4,2400,0.4,16,81.2,-1.53,0.19,0.83,-0.096,9.0
3.0,0.7,2.5,4.5,0.6,2400,0.4,16,81.2,-1.53,0.19,0.83,-0.096,9.0
3.0,0.7,2.5,4.5,0.8,2400,0.4,16,81.2,-1.53,0.19,0.83,-0.096,9.0
2.0,1.5,2.5,3.0,0.8,14400,0.8,13,53.8,-1.27,0.75,0.87,-0.098,6.72
3.0,1.5,2.5,3.0,0.8,3600,0.8,14,71.4,-1.42,0.34,0.85,-0.101,9.38
2.0,1.0,1.5,3.0,0.4,1200,0.4,15,66.7,-1.55,0.4,0.81,-0.103,6.0
2.0,1.0,1.5,3.0,0.6,1200,0.4,15,66.7,-1.55,0.4,0.81,-0.103,6.0
2.0,1.0,1.5,3.0,0.8,1200,0.4,15,66.7,-1.55,0.4,0.81,-0.103,6.0
2.0,1.0,1.5,4.5,0.4,1200,0.4,15,66.7,-1.55,0.4,0.81,-0.103,6.0
2.0,1.0,1.5,4.5,0.6,1200,0.4,15,66.7,-1.55,0.4,0.81,-0.103,6.0
2.0,1.0,1.5,4.5,0.8,1200,0.4,15,66.7,-1.55,0.4,0.81,-0.103,6.0
2.0,1.5,2.5,3.0,0.8,2400,0.8,15,66.7,-1.54,0.4,0.81,-0.103,6.0
3.0,1.0,1.5,3.0,0.4,1200,0.8,16,62.5,-1.66,0.45,0.75,-0.104,6.42
3.0,1.0,1.5,3.0,0.6,1200,0.8,16,62.5,-1.66,0.45,0.75,-0.104,6.42
3.0,1.0,1.5,3.0,0.8,1200,0.8,16,62.5,-1.66,0.45,0.75,-0.104,6.42
3.0,1.0,1.5,4.5,0.4,1200,0.8,16,62.5,-1.66,0.45,0.75,-0.104,6.42
3.0,1.0,1.5,4.5,0.6,1200,0.8,16,62.5,-1.66,0.45,0.75,-0.104,6.42
3.0,1.0,1.5,4.5,0.8,1200,0.8,16,62.5,-1.66,0.45,0.75,-0.104,6.42
3.0,1.0,2.5,3.0,0.4,1200,0.8,16,62.5,-1.66,0.45,0.75,-0.104,6.42
3.0,1.0,2.5,3.0,0.6,1200,0.8,16,62.5,-1.66,0.45,0.75,-0.104,6.42
3.0,1.0,2.5,3.0,0.8,1200,0.8,16,62.5,-1.66,0.45,0.75,-0.104,6.42
3.0,1.0,2.5,4.5,0.4,1200,0.8,16,62.5,-1.66,0.45,0.75,-0.104,6.42
3.0,1.0,2.5,4.5,0.6,1200,0.8,16,62.5,-1.66,0.45,0.75,-0.104,6.42
3.0,1.0,2.5,4.5,0.8,1200,0.8,16,62.5,-1.66,0.45,0.75,-0.104,6.42
3.0,1.5,2.5,4.5,0.8,2400,0.8,15,73.3,-1.64,0.3,0.82,-0.109,9.0
3.0,1.0,1.5,3.0,0.4,1200,0.4,15,73.3,-1.65,0.3,0.82,-0.11,9.0
3.0,1.0,1.5,3.0,0.6,1200,0.4,15,73.3,-1.65,0.3,0.82,-0.11,9.0
3.0,1.0,1.5,3.0,0.8,1200,0.4,15,73.3,-1.65,0.3,0.82,-0.11,9.0
3.0,1.0,1.5,4.5,0.4,1200,0.4,15,73.3,-1.65,0.3,0.82,-0.11,9.0
3.0,1.0,1.5,4.5,0.6,1200,0.4,15,73.3,-1.65,0.3,0.82,-0.11,9.0
3.0,1.0,1.5,4.5,0.8,1200,0.4,15,73.3,-1.65,0.3,0.82,-0.11,9.0
3.0,1.5,2.5,3.0,0.4,1200,0.4,15,73.3,-1.67,0.3,0.81,-0.111,9.0
3.0,1.5,2.5,4.5,0.4,1200,0.4,15,73.3,-1.67,0.3,0.81,-0.111,9.0
4.0,1.5,2.5,4.5,0.8,1200,0.8,16,62.5,-1.88,0.47,0.78,-0.118,8.42
5.0,0.7,1.5,3.0,0.4,1200,0.2,15,86.7,-1.81,0.13,0.82,-0.121,10.0
5.0,0.7,1.5,3.0,0.4,2400,0.2,15,86.7,-1.81,0.13,0.82,-0.121,10.0
5.0,0.7,1.5,3.0,0.4,3600,0.2,15,86.7,-1.81,0.13,0.82,-0.121,10.0
5.0,0.7,1.5,3.0,0.4,7200,0.2,15,86.7,-1.81,0.13,0.82,-0.121,10.0
5.0,0.7,1.5,3.0,0.4,14400,0.2,15,86.7,-1.81,0.13,0.82,-0.121,10.0
5.0,0.7,1.5,3.0,0.4,14400,0.4,15,86.7,-1.81,0.13,0.82,-0.121,10.0
5.0,0.7,1.5,3.0,0.4,,0.4,15,86.7,-1.81,0.13,0.82,-0.121,10.0
5.0,0.7,1.5,3.0,0.6,1200,0.2,15,86.7,-1.81,0.13,0.82,-0.121,10.0
5.0,0.7,1.5,3.0,0.6,2400,0.2,15,86.7,-1.81,0.13,0.82,-0.121,10.0
5.0,0.7,1.5,3.0,0.6,3600,0.2,15,86.7,-1.81,0.13,0.82,-0.121,10.0
5.0,0.7,1.5,3.0,0.6,7200,0.2,15,86.7,-1.81,0.13,0.82,-0.121,10.0
5.0,0.7,1.5,3.0,0.6,14400,0.2,15,86.7,-1.81,0.13,0.82,-0.121,10.0
5.0,0.7,1.5,3.0,0.6,14400,0.4,15,86.7,-1.81,0.13,0.82,-0.121,10.0
5.0,0.7,1.5,3.0,0.6,,0.4,15,86.7,-1.81,0.13,0.82,-0.121,10.0
5.0,0.7,1.5,3.0,0.8,1200,0.2,15,86.7,-1.81,0.13,0.82,-0.121,10.0
5.0,0.7,1.5,3.0,0.8,2400,0.2,15,86.7,-1.81,0.13,0.82,-0.121,10.0
5.0,0.7,1.5,3.0,0.8,3600,0.2,15,86.7,-1.81,0.13,0.82,-0.121,10.0
5.0,0.7,1.5,3.0,0.8,7200,0.2,15,86.7,-1.81,0.13,0.82,-0.121,10.0
5.0,0.7,1.5,3.0,0.8,14400,0.2,15,86.7,-1.81,0.13,0.82,-0.121,10.0
5.0,0.7,1.5,3.0,0.8,14400,0.4,15,86.7,-1.81,0.13,0.82,-0.121,10.0
5.0,0.7,1.5,3.0,0.8,,0.4,15,86.7,-1.81,0.13,0.82,-0.121,10.0
5.0,0.7,1.5,4.5,0.4,1200,0.2,15,86.7,-1.81,0.13,0.82,-0.121,10.0
5.0,0.7,1.5,4.5,0.4,2400,0.2,15,86.7,-1.81,0.13,0.82,-0.121,10.0
5.0,0.7,1.5,4.5,0.4,3600,0.2,15,86.7,-1.81,0.13,0.82,-0.121,10.0
5.0,0.7,1.5,4.5,0.4,7200,0.2,15,86.7,-1.81,0.13,0.82,-0.121,10.0
5.0,0.7,1.5,4.5,0.4,14400,0.2,15,86.7,-1.81,0.13,0.82,-0.121,10.0
5.0,0.7,1.5,4.5,0.4,14400,0.4,15,86.7,-1.81,0.13,0.82,-0.121,10.0
5.0,0.7,1.5,4.5,0.4,,0.4,15,86.7,-1.81,0.13,0.82,-0.121,10.0
5.0,0.7,1.5,4.5,0.6,1200,0.2,15,86.7,-1.81,0.13,0.82,-0.121,10.0
5.0,0.7,1.5,4.5,0.6,2400,0.2,15,86.7,-1.81,0.13,0.82,-0.121,10.0
5.0,0.7,1.5,4.5,0.6,3600,0.2,15,86.7,-1.81,0.13,0.82,-0.121,10.0
5.0,0.7,1.5,4.5,0.6,7200,0.2,15,86.7,-1.81,0.13,0.82,-0.121,10.0
5.0,0.7,1.5,4.5,0.6,14400,0.2,15,86.7,-1.81,0.13,0.82,-0.121,10.0
5.0,0.7,1.5,4.5,0.6,14400,0.4,15,86.7,-1.81,0.13,0.82,-0.121,10.0
5.0,0.7,1.5,4.5,0.6,,0.4,15,86.7,-1.81,0.13,0.82,-0.121,10.0
5.0,0.7,1.5,4.5,0.8,1200,0.2,15,86.7,-1.81,0.13,0.82,-0.121,10.0
5.0,0.7,1.5,4.5,0.8,2400,0.2,15,86.7,-1.81,0.13,0.82,-0.121,10.0
5.0,0.7,1.5,4.5,0.8,3600,0.2,15,86.7,-1.81,0.13,0.82,-0.121,10.0
5.0,0.7,1.5,4.5,0.8,7200,0.2,15,86.7,-1.81,0.13,0.82,-0.121,10.0
5.0,0.7,1.5,4.5,0.8,14400,0.2,15,86.7,-1.81,0.13,0.82,-0.121,10.0
5.0,0.7,1.5,4.5,0.8,14400,0.4,15,86.7,-1.81,0.13,0.82,-0.121,10.0
5.0,0.7,1.5,4.5,0.8,,0.4,15,86.7,-1.81,0.13,0.82,-0.121,10.0
5.0,0.7,2.5,3.0,0.4,1200,0.2,15,86.7,-1.81,0.13,0.82,-0.121,10.0
5.0,0.7,2.5,3.0,0.4,2400,0.2,15,86.7,-1.81,0.13,0.82,-0.121,10.0
5.0,0.7,2.5,3.0,0.4,3600,0.2,15,86.7,-1.81,0.13,0.82,-0.121,10.0
5.0,0.7,2.5,3.0,0.4,7200,0.2,15,86.7,-1.81,0.13,0.82,-0.121,10.0
5.0,0.7,2.5,3.0,0.4,14400,0.2,15,86.7,-1.81,0.13,0.82,-0.121,10.0
5.0,0.7,2.5,3.0,0.4,14400,0.4,15,86.7,-1.81,0.13,0.82,-0.121,10.0
5.0,0.7,2.5,3.0,0.4,,0.4,15,86.7,-1.81,0.13,0.82,-0.121,10.0
5.0,0.7,2.5,3.0,0.6,1200,0.2,15,86.7,-1.81,0.13,0.82,-0.121,10.0
5.0,0.7,2.5,3.0,0.6,2400,0.2,15,86.7,-1.81,0.13,0.82,-0.121,10.0
5.0,0.7,2.5,3.0,0.6,3600,0.2,15,86.7,-1.81,0.13,0.82,-0.121,10.0
5.0,0.7,2.5,3.0,0.6,7200,0.2,15,86.7,-1.81,0.13,0.82,-0.121,10.0
5.0,0.7,2.5,3.0,0.6,14400,0.2,15,86.7,-1.81,0.13,0.82,-0.121,10.0
5.0,0.7,2.5,3.0,0.6,14400,0.4,15,86.7,-1.81,0.13,0.82,-0.121,10.0
5.0,0.7,2.5,3.0,0.6,,0.4,15,86.7,-1.81,0.13,0.82,-0.121,10.0
5.0,0.7,2.5,3.0,0.8,1200,0.2,15,86.7,-1.81,0.13,0.82,-0.121,10.0
5.0,0.7,2.5,3.0,0.8,2400,0.2,15,86.7,-1.81,0.13,0.82,-0.121,10.0
5.0,0.7,2.5,3.0,0.8,3600,0.2,15,86.7,-1.81,0.13,0.82,-0.121,10.0
5.0,0.7,2.5,3.0,0.8,7200,0.2,15,86.7,-1.81,0.13,0.82,-0.121,10.0
5.0,0.7,2.5,3.0,0.8,14400,0.2,15,86.7,-1.81,0.13,0.82,-0.121,10.0
5.0,0.7,2.5,3.0,0.8,14400,0.4,15,86.7,-1.81,0.13,0.82,-0.121,10.0
5.0,0.7,2.5,3.0,0.8,,0.4,15,86.7,-1.81,0.13,0.82,-0.121,10.0
5.0,0.7,2.5,4.5,0.4,1200,0.2,15,86.7,-1.81,0.13,0.82,-0.121,10.0
5.0,0.7,2.5,4.5,0.4,2400,0.2,15,86.7,-1.81,0.13,0.82,-0.121,10.0
5.0,0.7,2.5,4.5,0.4,3600,0.2,15,86.7,-1.81,0.13,0.82,-0.121,10.0
5.0,0.7,2.5,4.5,0.4,7200,0.2,15,86.7,-1.81,0.13,0.82,-0.121,10.0
5.0,0.7,2.5,4.5,0.4,14400,0.2,15,86.7,-1.81,0.13,0.82,-0.121,10.0
5.0,0.7,2.5,4.5,0.4,14400,0.4,15,86.7,-1.81,0.13,0.82,-0.121,10.0
5.0,0.7,2.5,4.5,0.4,,0.4,15,86.7,-1.81,0.13,0.82,-0.121,10.0
5.0,0.7,2.5,4.5,0.6,1200,0.2,15,86.7,-1.81,0.13,0.82,-0.121,10.0
5.0,0.7,2.5,4.5,0.6,2400,0.2,15,86.7,-1.81,0.13,0.82,-0.121,10.0
5.0,0.7,2.5,4.5,0.6,3600,0.2,15,86.7,-1.81,0.13,0.82,-0.121,10.0
5.0,0.7,2.5,4.5,0.6,7200,0.2,15,86.7,-1.81,0.13,0.82,-0.121,10.0
5.0,0.7,2.5,4.5,0.6,14400,0.2,15,86.7,-1.81,0.13,0.82,-0.121,10.0
5.0,0.7,2.5,4.5,0.6,14400,0.4,15,86.7,-1.81,0.13,0.82,-0.121,10.0
5.0,0.7,2.5,4.5,0.6,,0.4,15,86.7,-1.81,0.13,0.82,-0.121,10.0
5.0,0.7,2.5,4.5,0.8,1200,0.2,15,86.7,-1.81,0.13,0.82,-0.121,10.0
5.0,0.7,2.5,4.5,0.8,2400,0.2,15,86.7,-1.81,0.13,0.82,-0.121,10.0
5.0,0.7,2.5,4.5,0.8,3600,0.2,15,86.7,-1.81,0.13,0.82,-0.121,10.0
5.0,0.7,2.5,4.5,0.8,7200,0.2,15,86.7,-1.81,0.13,0.82,-0.121,10.0
5.0,0.7,2.5,4.5,0.8,14400,0.2,15,86.7,-1.81,0.13,0.82,-0.121,10.0
5.0,0.7,2.5,4.5,0.8,14400,0.4,15,86.7,-1.81,0.13,0.82,-0.121,10.0
5.0,0.7,2.5,4.5,0.8,,0.4,15,86.7,-1.81,0.13,0.82,-0.121,10.0
2.0,1.5,2.5,3.0,0.4,1200,0.8,16,56.2,-1.99,0.54,0.7,-0.124,4.83
2.0,1.5,2.5,4.5,0.4,1200,0.8,16,56.2,-1.99,0.54,0.7,-0.124,4.83
2.0,1.5,2.5,4.5,0.8,7200,0.4,13,61.5,-1.61,0.52,0.84,-0.124,6.65
2.0,1.5,2.5,3.0,0.8,3600,0.8,14,64.3,-1.77,0.44,0.79,-0.126,6.38
2.0,1.5,2.5,4.5,0.8,3600,0.4,13,61.5,-1.64,0.52,0.84,-0.126,6.65
5.0,1.5,2.5,3.0,0.6,1200,0.4,14,78.6,-1.84,0.22,0.82,-0.131,10.0
5.0,1.5,2.5,4.5,0.6,1200,0.4,14,78.6,-1.84,0.22,0.82,-0.131,10.0
2.0,1.5,2.5,4.5,0.8,14400,0.8,13,53.8,-1.72,0.71,0.83,-0.132,6.72
2.0,1.0,2.5,3.0,0.4,1200,0.4,15,66.7,-2.0,0.38,0.75,-0.133,6.0
2.0,1.0,2.5,3.0,0.6,1200,0.4,15,66.7,-2.0,0.38,0.75,-0.133,6.0
2.0,1.0,2.5,3.0,0.8,1200,0.4,15,66.7,-2.0,0.38,0.75,-0.133,6.0
2.0,1.0,2.5,4.5,0.4,1200,0.4,15,66.7,-2.0,0.38,0.75,-0.133,6.0
2.0,1.0,2.5,4.5,0.6,1200,0.4,15,66.7,-2.0,0.38,0.75,-0.133,6.0
2.0,1.0,2.5,4.5,0.8,1200,0.4,15,66.7,-2.0,0.38,0.75,-0.133,6.0
2.0,1.5,2.5,4.5,0.8,2400,0.8,15,66.7,-1.99,0.38,0.75,-0.133,6.0
3.0,1.5,2.5,4.5,0.8,3600,0.8,14,71.4,-1.87,0.32,0.8,-0.134,9.38
5.0,0.7,1.5,3.0,0.4,1200,0.8,17,58.8,-2.36,0.43,0.62,-0.139,5.42
5.0,0.7,1.5,3.0,0.6,1200,0.8,17,58.8,-2.36,0.43,0.62,-0.139,5.42
5.0,0.7,1.5,3.0,0.8,1200,0.8,17,58.8,-2.36,0.43,0.62,-0.139,5.42
5.0,0.7,1.5,4.5,0.4,1200,0.8,17,58.8,-2.36,0.43,0.62,-0.139,5.42
5.0,0.7,1.5,4.5,0.6,1200,0.8,17,58.8,-2.36,0.43,0.62,-0.139,5.42
5.0,0.7,1.5,4.5,0.8,1200,0.8,17,58.8,-2.36,0.43,0.62,-0.139,5.42
5.0,0.7,2.5,3.0,0.4,1200,0.8,17,58.8,-2.36,0.43,0.62,-0.139,5.42
5.0,0.7,2.5,3.0,0.6,1200,0.8,17,58.8,-2.36,0.43,0.62,-0.139,5.42
5.0,0.7,2.5,3.0,0.8,1200,0.8,17,58.8,-2.36,0.43,0.62,-0.139,5.42
5.0,0.7,2.5,4.5,0.4,1200,0.8,17,58.8,-2.36,0.43,0.62,-0.139,5.42
5.0,0.7,2.5,4.5,0.6,1200,0.8,17,58.8,-2.36,0.43,0.62,-0.139,5.42
5.0,0.7,2.5,4.5,0.8,1200,0.8,17,58.8,-2.36,0.43,0.62,-0.139,5.42
3.0,1.0,2.5,3.0,0.4,1200,0.4,15,73.3,-2.1,0.28,0.77,-0.14,9.0
3.0,1.0,2.5,3.0,0.6,1200,0.4,15,73.3,-2.1,0.28,0.77,-0.14,9.0
3.0,1.0,2.5,3.0,0.8,1200,0.4,15,73.3,-2.1,0.28,0.77,-0.14,9.0
3.0,1.0,2.5,4.5,0.4,1200,0.4,15,73.3,-2.1,0.28,0.77,-0.14,9.0
3.0,1.0,2.5,4.5,0.6,1200,0.4,15,73.3,-2.1,0.28,0.77,-0.14,9.0
3.0,1.0,2.5,4.5,0.8,1200,0.4,15,73.3,-2.1,0.28,0.77,-0.14,9.0
2.0,1.5,2.5,3.0,0.6,1200,0.8,16,56.2,-2.39,0.49,0.63,-0.149,4.83
2.0,1.5,2.5,4.5,0.6,1200,0.8,16,56.2,-2.39,0.49,0.63,-0.149,4.83
5.0,1.5,2.5,3.0,0.8,2400,0.8,14,78.6,-2.19,0.21,0.78,-0.156,10.0
2.0,1.5,2.5,3.0,0.4,2400,0.8,15,66.7,-2.39,0.35,0.7,-0.159,6.0
2.0,1.5,2.5,4.5,0.4,2400,0.8,15,66.7,-2.39,0.35,0.7,-0.159,6.0
2.0,1.5,2.5,4.5,0.8,3600,0.8,14,64.3,-2.22,0.41,0.74,-0.159,6.38
2.0,1.0,1.5,3.0,0.4,1200,0.8,16,56.2,-2.56,0.47,0.61,-0.16,5.28
2.0,1.0,1.5,3.0,0.6,1200,0.8,16,56.2,-2.56,0.47,0.61,-0.16,5.28
2.0,1.0,1.5,3.0,0.8,1200,0.8,16,56.2,-2.56,0.47,0.61,-0.16,5.28
2.0,1.0,1.5,4.5,0.4,1200,0.8,16,56.2,-2.56,0.47,0.61,-0.16,5.28
2.0,1.0,1.5,4.5,0.6,1200,0.8,16,56.2,-2.56,0.47,0.61,-0.16,5.28
2.0,1.0,1.5,4.5,0.8,1200,0.8,16,56.2,-2.56,0.47,0.61,-0.16,5.28
2.0,1.0,2.5,3.0,0.4,1200,0.8,16,56.2,-2.56,0.47,0.61,-0.16,5.28
2.0,1.0,2.5,3.0,0.6,1200,0.8,16,56.2,-2.56,0.47,0.61,-0.16,5.28
2.0,1.0,2.5,3.0,0.8,1200,0.8,16,56.2,-2.56,0.47,0.61,-0.16,5.28
2.0,1.0,2.5,4.5,0.4,1200,0.8,16,56.2,-2.56,0.47,0.61,-0.16,5.28
2.0,1.0,2.5,4.5,0.6,1200,0.8,16,56.2,-2.56,0.47,0.61,-0.16,5.28
2.0,1.0,2.5,4.5,0.8,1200,0.8,16,56.2,-2.56,0.47,0.61,-0.16,5.28
5.0,0.7,1.5,3.0,0.4,7200,0.4,15,86.7,-2.4,0.12,0.76,-0.16,10.0
5.0,0.7,1.5,3.0,0.6,7200,0.4,15,86.7,-2.4,0.12,0.76,-0.16,10.0
5.0,0.7,1.5,3.0,0.8,7200,0.4,15,86.7,-2.4,0.12,0.76,-0.16,10.0
5.0,0.7,1.5,4.5,0.4,7200,0.4,15,86.7,-2.4,0.12,0.76,-0.16,10.0
5.0,0.7,1.5,4.5,0.6,7200,0.4,15,86.7,-2.4,0.12,0.76,-0.16,10.0
5.0,0.7,1.5,4.5,0.8,7200,0.4,15,86.7,-2.4,0.12,0.76,-0.16,10.0
5.0,0.7,2.5,3.0,0.4,7200,0.4,15,86.7,-2.4,0.12,0.76,-0.16,10.0
5.0,0.7,2.5,3.0,0.6,7200,0.4,15,86.7,-2.4,0.12,0.76,-0.16,10.0
5.0,0.7,2.5,3.0,0.8,7200,0.4,15,86.7,-2.4,0.12,0.76,-0.16,10.0
5.0,0.7,2.5,4.5,0.4,7200,0.4,15,86.7,-2.4,0.12,0.76,-0.16,10.0
5.0,0.7,2.5,4.5,0.6,7200,0.4,15,86.7,-2.4,0.12,0.76,-0.16,10.0
5.0,0.7,2.5,4.5,0.8,7200,0.4,15,86.7,-2.4,0.12,0.76,-0.16,10.0
4.0,1.5,2.5,3.0,0.8,1200,0.4,15,73.3,-2.43,0.29,0.8,-0.162,12.0
5.0,0.7,1.5,3.0,0.4,3600,0.4,15,86.7,-2.43,0.12,0.76,-0.162,10.0
5.0,0.7,1.5,3.0,0.6,3600,0.4,15,86.7,-2.43,0.12,0.76,-0.162,10.0
5.0,0.7,1.5,3.0,0.8,3600,0.4,15,86.7,-2.43,0.12,0.76,-0.162,10.0
5.0,0.7,1.5,4.5,0.4,3600,0.4,15,86.7,-2.43,0.12,0.76,-0.162,10.0
5.0,0.7,1.5,4.5,0.6,3600,0.4,15,86.7,-2.43,0.12,0.76,-0.162,10.0
5.0,0.7,1.5,4.5,0.8,3600,0.4,15,86.7,-2.43,0.12,0.76,-0.162,10.0
5.0,0.7,2.5,3.0,0.4,3600,0.4,15,86.7,-2.43,0.12,0.76,-0.162,10.0
5.0,0.7,2.5,3.0,0.6,3600,0.4,15,86.7,-2.43,0.12,0.76,-0.162,10.0
5.0,0.7,2.5,3.0,0.8,3600,0.4,15,86.7,-2.43,0.12,0.76,-0.162,10.0
5.0,0.7,2.5,4.5,0.4,3600,0.4,15,86.7,-2.43,0.12,0.76,-0.162,10.0
5.0,0.7,2.5,4.5,0.6,3600,0.4,15,86.7,-2.43,0.12,0.76,-0.162,10.0
5.0,0.7,2.5,4.5,0.8,3600,0.4,15,86.7,-2.43,0.12,0.76,-0.162,10.0
5.0,0.7,1.5,3.0,0.4,14400,0.8,15,80.0,-2.51,0.19,0.75,-0.167,10.07
5.0,0.7,1.5,3.0,0.6,14400,0.8,15,80.0,-2.51,0.19,0.75,-0.167,10.07
5.0,0.7,1.5,3.0,0.8,14400,0.8,15,80.0,-2.51,0.19,0.75,-0.167,10.07
5.0,0.7,1.5,4.5,0.4,14400,0.8,15,80.0,-2.51,0.19,0.75,-0.167,10.07
5.0,0.7,1.5,4.5,0.6,14400,0.8,15,80.0,-2.51,0.19,0.75,-0.167,10.07
5.0,0.7,1.5,4.5,0.8,14400,0.8,15,80.0,-2.51,0.19,0.75,-0.167,10.07
5.0,0.7,2.5,3.0,0.4,14400,0.8,15,80.0,-2.51,0.19,0.75,-0.167,10.07
5.0,0.7,2.5,3.0,0.6,14400,0.8,15,80.0,-2.51,0.19,0.75,-0.167,10.07
5.0,0.7,2.5,3.0,0.8,14400,0.8,15,80.0,-2.51,0.19,0.75,-0.167,10.07
5.0,0.7,2.5,4.5,0.4,14400,0.8,15,80.0,-2.51,0.19,0.75,-0.167,10.07
5.0,0.7,2.5,4.5,0.6,14400,0.8,15,80.0,-2.51,0.19,0.75,-0.167,10.07
5.0,0.7,2.5,4.5,0.8,14400,0.8,15,80.0,-2.51,0.19,0.75,-0.167,10.07
5.0,0.7,1.5,3.0,0.4,2400,0.4,15,86.7,-2.53,0.11,0.75,-0.169,10.0
5.0,0.7,1.5,3.0,0.6,2400,0.4,15,86.7,-2.53,0.11,0.75,-0.169,10.0
5.0,0.7,1.5,3.0,0.8,2400,0.4,15,86.7,-2.53,0.11,0.75,-0.169,10.0
5.0,0.7,1.5,4.5,0.4,2400,0.4,15,86.7,-2.53,0.11,0.75,-0.169,10.0
5.0,0.7,1.5,4.5,0.6,2400,0.4,15,86.7,-2.53,0.11,0.75,-0.169,10.0
5.0,0.7,1.5,4.5,0.8,2400,0.4,15,86.7,-2.53,0.11,0.75,-0.169,10.0
5.0,0.7,2.5,3.0,0.4,2400,0.4,15,86.7,-2.53,0.11,0.75,-0.169,10.0
5.0,0.7,2.5,3.0,0.6,2400,0.4,15,86.7,-2.53,0.11,0.75,-0.169,10.0
5.0,0.7,2.5,3.0,0.8,2400,0.4,15,86.7,-2.53,0.11,0.75,-0.169,10.0
5.0,0.7,2.5,4.5,0.4,2400,0.4,15,86.7,-2.53,0.11,0.75,-0.169,10.0
5.0,0.7,2.5,4.5,0.6,2400,0.4,15,86.7,-2.53,0.11,0.75,-0.169,10.0
5.0,0.7,2.5,4.5,0.8,2400,0.4,15,86.7,-2.53,0.11,0.75,-0.169,10.0
2.0,1.5,2.5,3.0,0.4,2400,0.4,14,64.3,-2.41,0.42,0.76,-0.172,6.65
2.0,1.5,2.5,4.5,0.4,2400,0.4,14,64.3,-2.41,0.42,0.76,-0.172,6.65
3.0,1.5,2.5,3.0,0.6,2400,0.8,15,73.3,-2.6,0.26,0.71,-0.173,9.0
3.0,1.5,2.5,4.5,0.6,2400,0.8,15,73.3,-2.6,0.26,0.71,-0.173,9.0
2.0,1.5,2.5,3.0,0.6,2400,0.4,14,64.3,-2.51,0.42,0.75,-0.179,6.65
2.0,1.5,2.5,4.5,0.6,2400,0.4,14,64.3,-2.51,0.42,0.75,-0.179,6.65
2.0,1.0,1.5,3.0,0.4,2400,0.8,15,66.7,-2.73,0.33,0.66,-0.182,6.0
2.0,1.0,1.5,3.0,0.6,2400,0.8,15,66.7,-2.73,0.33,0.66,-0.182,6.0
2.0,1.0,1.5,3.0,0.8,2400,0.8,15,66.7,-2.73,0.33,0.66,-0.182,6.0
2.0,1.0,1.5,4.5,0.4,2400,0.8,15,66.7,-2.73,0.33,0.66,-0.182,6.0
2.0,1.0,1.5,4.5,0.6,2400,0.8,15,66.7,-2.73,0.33,0.66,-0.182,6.0
2.0,1.0,1.5,4.5,0.8,2400,0.8,15,66.7,-2.73,0.33,0.66,-0.182,6.0
2.0,1.0,2.5,3.0,0.4,2400,0.8,15,66.7,-2.73,0.33,0.66,-0.182,6.0
2.0,1.0,2.5,3.0,0.6,2400,0.8,15,66.7,-2.73,0.33,0.66,-0.182,6.0
2.0,1.0,2.5,3.0,0.8,2400,0.8,15,66.7,-2.73,0.33,0.66,-0.182,6.0
2.0,1.0,2.5,4.5,0.4,2400,0.8,15,66.7,-2.73,0.33,0.66,-0.182,6.0
2.0,1.0,2.5,4.5,0.6,2400,0.8,15,66.7,-2.73,0.33,0.66,-0.182,6.0
2.0,1.0,2.5,4.5,0.8,2400,0.8,15,66.7,-2.73,0.33,0.66,-0.182,6.0
3.0,1.5,2.5,3.0,0.4,2400,0.8,15,73.3,-2.77,0.25,0.69,-0.185,9.0
3.0,1.5,2.5,4.5,0.4,2400,0.8,15,73.3,-2.77,0.25,0.69,-0.185,9.0
5.0,1.5,2.5,3.0,0.8,3600,0.8,13,76.9,-2.42,0.23,0.77,-0.186,10.38
2.0,1.5,2.5,3.0,0.4,3600,0.8,14,64.3,-2.62,0.38,0.69,-0.187,6.38
2.0,1.5,2.5,4.5,0.4,3600,0.8,14,64.3,-2.62,0.38,0.69,-0.187,6.38
3.0,0.7,1.5,3.0,0.4,1200,0.8,18,55.6,-3.36,0.42,0.53,-0.187,6.42
3.0,0.7,1.5,3.0,0.6,1200,0.8,18,55.6,-3.36,0.42,0.53,-0.187,6.42
3.0,0.7,1.5,3.0,0.8,1200,0.8,18,55.6,-3.36,0.42,0.53,-0.187,6.42
3.0,0.7,1.5,4.5,0.4,1200,0.8,18,55.6,-3.36,0.42,0.53,-0.187,6.42
3.0,0.7,1.5,4.5,0.6,1200,0.8,18,55.6,-3.36,0.42,0.53,-0.187,6.42
3.0,0.7,1.5,4.5,0.8,1200,0.8,18,55.6,-3.36,0.42,0.53,-0.187,6.42
3.0,0.7,2.5,3.0,0.4,1200,0.8,18,55.6,-3.36,0.42,0.53,-0.187,6.42
3.0,0.7,2.5,3.0,0.6,1200,0.8,18,55.6,-3.36,0.42,0.53,-0.187,6.42
3.0,0.7,2.5,3.0,0.8,1200,0.8,18,55.6,-3.36,0.42,0.53,-0.187,6.42
3.0,0.7,2.5,4.5,0.4,1200,0.8,18,55.6,-3.36,0.42,0.53,-0.187,6.42
3.0,0.7,2.5,4.5,0.6,1200,0.8,18,55.6,-3.36,0.42,0.53,-0.187,6.42
3.0,0.7,2.5,4.5,0.8,1200,0.8,18,55.6,-3.36,0.42,0.53,-0.187,6.42
3.0,1.0,1.5,3.0,0.4,2400,0.8,15,73.3,-2.83,0.25,0.69,-0.189,9.0
3.0,1.0,1.5,3.0,0.6,2400,0.8,15,73.3,-2.83,0.25,0.69,-0.189,9.0
3.0,1.0,1.5,3.0,0.8,2400,0.8,15,73.3,-2.83,0.25,0.69,-0.189,9.0
3.0,1.0,1.5,4.5,0.4,2400,0.8,15,73.3,-2.83,0.25,0.69,-0.189,9.0
3.0,1.0,1.5,4.5,0.6,2400,0.8,15,73.3,-2.83,0.25,0.69,-0.189,9.0
3.0,1.0,1.5,4.5,0.8,2400,0.8,15,73.3,-2.83,0.25,0.69,-0.189,9.0
3.0,1.0,2.5,3.0,0.4,2400,0.8,15,73.3,-2.83,0.25,0.69,-0.189,9.0
3.0,1.0,2.5,3.0,0.6,2400,0.8,15,73.3,-2.83,0.25,0.69,-0.189,9.0
3.0,1.0,2.5,3.0,0.8,2400,0.8,15,73.3,-2.83,0.25,0.69,-0.189,9.0
3.0,1.0,2.5,4.5,0.4,2400,0.8,15,73.3,-2.83,0.25,0.69,-0.189,9.0
3.0,1.0,2.5,4.5,0.6,2400,0.8,15,73.3,-2.83,0.25,0.69,-0.189,9.0
3.0,1.0,2.5,4.5,0.8,2400,0.8,15,73.3,-2.83,0.25,0.69,-0.189,9.0
5.0,1.0,1.5,3.0,0.4,1200,0.4,14,78.6,-2.65,0.2,0.74,-0.189,10.0
5.0,1.0,1.5,3.0,0.6,1200,0.4,14,78.6,-2.65,0.2,0.74,-0.189,10.0
5.0,1.0,1.5,3.0,0.8,1200,0.4,14,78.6,-2.65,0.2,0.74,-0.189,10.0
5.0,1.0,1.5,4.5,0.4,1200,0.4,14,78.6,-2.65,0.2,0.74,-0.189,10.0
5.0,1.0,1.5,4.5,0.6,1200,0.4,14,78.6,-2.65,0.2,0.74,-0.189,10.0
5.0,1.0,1.5,4.5,0.8,1200,0.4,14,78.6,-2.65,0.2,0.74,-0.189,10.0
5.0,1.5,2.5,4.5,0.8,2400,0.8,14,78.6,-2.64,0.2,0.74,-0.189,10.0
4.0,1.5,2.5,3.0,0.6,1200,0.8,16,62.5,-3.04,0.39,0.64,-0.19,8.42
4.0,1.5,2.5,4.5,0.6,1200,0.8,16,62.5,-3.04,0.39,0.64,-0.19,8.42
5.0,1.5,2.5,3.0,0.4,1200,0.4,14,78.6,-2.67,0.2,0.73,-0.191,10.0
5.0,1.5,2.5,4.5,0.4,1200,0.4,14,78.6,-2.67,0.2,0.73,-0.191,10.0
2.0,0.7,1.5,3.0,0.4,1200,0.2,16,68.8,-3.07,0.32,0.69,-0.192,6.0
2.0,0.7,1.5,3.0,0.4,2400,0.2,16,68.8,-3.07,0.32,0.69,-0.192,6.0
2.0,0.7,1.5,3.0,0.4,3600,0.2,16,68.8,-3.07,0.32,0.69,-0.192,6.0
2.0,0.7,1.5,3.0,0.4,7200,0.2,16,68.8,-3.07,0.32,0.69,-0.192,6.0
2.0,0.7,1.5,3.0,0.4,14400,0.2,16,68.8,-3.07,0.32,0.69,-0.192,6.0
2.0,0.7,1.5,3.0,0.4,14400,0.4,16,68.8,-3.07,0.32,0.69,-0.192,6.0
2.0,0.7,1.5,3.0,0.4,,0.4,16,68.8,-3.07,0.32,0.69,-0.192,6.0
2.0,0.7,1.5,3.0,0.6,1200,0.2,16,68.8,-3.07,0.32,0.69,-0.192,6.0
2.0,0.7,1.5,3.0,0.6,2400,0.2,16,68.8,-3.07,0.32,0.69,-0.192,6.0
2.0,0.7,1.5,3.0,0.6,3600,0.2,16,68.8,-3.07,0.32,0.69,-0.192,6.0
2.0,0.7,1.5,3.0,0.6,7200,0.2,16,68.8,-3.07,0.32,0.69,-0.192,6.0
2.0,0.7,1.5,3.0,0.6,14400,0.2,16,68.8,-3.07,0.32,0.69,-0.192,6.0
2.0,0.7,1.5,3.0,0.6,14400,0.4,16,68.8,-3.07,0.32,0.69,-0.192,6.0
2.0,0.7,1.5,3.0,0.6,,0.4,16,68.8,-3.07,0.32,0.69,-0.192,6.0
2.0,0.7,1.5,3.0,0.8,1200,0.2,16,68.8,-3.07,0.32,0.69,-0.192,6.0
2.0,0.7,1.5,3.0,0.8,2400,0.2,16,68.8,-3.07,0.32,0.69,-0.192,6.0
2.0,0.7,1.5,3.0,0.8,3600,0.2,16,68.8,-3.07,0.32,0.69,-0.192,6.0
2.0,0.7,1.5,3.0,0.8,7200,0.2,16,68.8,-3.07,0.32,0.69,-0.192,6.0
2.0,0.7,1.5,3.0,0.8,14400,0.2,16,68.8,-3.07,0.32,0.69,-0.192,6.0
2.0,0.7,1.5,3.0,0.8,14400,0.4,16,68.8,-3.07,0.32,0.69,-0.192,6.0
2.0,0.7,1.5,3.0,0.8,,0.4,16,68.8,-3.07,0.32,0.69,-0.192,6.0
2.0,0.7,1.5,4.5,0.4,1200,0.2,16,68.8,-3.07,0.32,0.69,-0.192,6.0
2.0,0.7,1.5,4.5,0.4,2400,0.2,16,68.8,-3.07,0.32,0.69,-0.192,6.0
2.0,0.7,1.5,4.5,0.4,3600,0.2,16,68.8,-3.07,0.32,0.69,-0.192,6.0
2.0,0.7,1.5,4.5,0.4,7200,0.2,16,68.8,-3.07,0.32,0.69,-0.192,6.0
2.0,0.7,1.5,4.5,0.4,14400,0.2,16,68.8,-3.07,0.32,0.69,-0.192,6.0
2.0,0.7,1.5,4.5,0.4,14400,0.4,16,68.8,-3.07,0.32,0.69,-0.192,6.0
2.0,0.7,1.5,4.5,0.4,,0.4,16,68.8,-3.07,0.32,0.69,-0.192,6.0
2.0,0.7,1.5,4.5,0.6,1200,0.2,16,68.8,-3.07,0.32,0.69,-0.192,6.0
2.0,0.7,1.5,4.5,0.6,2400,0.2,16,68.8,-3.07,0.32,0.69,-0.192,6.0
2.0,0.7,1.5,4.5,0.6,3600,0.2,16,68.8,-3.07,0.32,0.69,-0.192,6.0
2.0,0.7,1.5,4.5,0.6,7200,0.2,16,68.8,-3.07,0.32,0.69,-0.192,6.0
2.0,0.7,1.5,4.5,0.6,14400,0.2,16,68.8,-3.07,0.32,0.69,-0.192,6.0
2.0,0.7,1.5,4.5,0.6,14400,0.4,16,68.8,-3.07,0.32,0.69,-0.192,6.0
2.0,0.7,1.5,4.5,0.6,,0.4,16,68.8,-3.07,0.32,0.69,-0.192,6.0
2.0,0.7,1.5,4.5,0.8,1200,0.2,16,68.8,-3.07,0.32,0.69,-0.192,6.0
2.0,0.7,1.5,4.5,0.8,2400,0.2,16,68.8,-3.07,0.32,0.69,-0.192,6.0
2.0,0.7,1.5,4.5,0.8,3600,0.2,16,68.8,-3.07,0.32,0.69,-0.192,6.0
2.0,0.7,1.5,4.5,0.8,7200,0.2,16,68.8,-3.07,0.32,0.69,-0.192,6.0
2.0,0.7,1.5,4.5,0.8,14400,0.2,16,68.8,-3.07,0.32,0.69,-0.192,6.0
2.0,0.7,1.5,4.5,0.8,14400,0.4,16,68.8,-3.07,0.32,0.69,-0.192,6.0
2.0,0.7,1.5,4.5,0.8,,0.4,16,68.8,-3.07,0.32,0.69,-0.192,6.0
2.0,0.7,2.5,3.0,0.4,1200,0.2,16,68.8,-3.07,0.32,0.69,-0.192,6.0
2.0,0.7,2.5,3.0,0.4,2400,0.2,16,68.8,-3.07,0.32,0.69,-0.192,6.0
2.0,0.7,2.5,3.0,0.4,3600,0.2,16,68.8,-3.07,0.32,0.69,-0.192,6.0
2.0,0.7,2.5,3.0,0.4,7200,0.2,16,68.8,-3.07,0.32,0.69,-0.192,6.0
2.0,0.7,2.5,3.0,0.4,14400,0.2,16,68.8,-3.07,0.32,0.69,-0.192,6.0
2.0,0.7,2.5,3.0,0.4,14400,0.4,16,68.8,-3.07,0.32,0.69,-0.192,6.0
2.0,0.7,2.5,3.0,0.4,,0.4,16,68.8,-3.07,0.32,0.69,-0.192,6.0
2.0,0.7,2.5,3.0,0.6,1200,0.2,16,68.8,-3.07,0.32,0.69,-0.192,6.0
2.0,0.7,2.5,3.0,0.6,2400,0.2,16,68.8,-3.07,0.32,0.69,-0.192,6.0
2.0,0.7,2.5,3.0,0.6,3600,0.2,16,68.8,-3.07,0.32,0.69,-0.192,6.0
2.0,0.7,2.5,3.0,0.6,7200,0.2,16,68.8,-3.07,0.32,0.69,-0.192,6.0
2.0,0.7,2.5,3.0,0.6,14400,0.2,16,68.8,-3.07,0.32,0.69,-0.192,6.0
2.0,0.7,2.5,3.0,0.6,14400,0.4,16,68.8,-3.07,0.32,0.69,-0.192,6.0
2.0,0.7,2.5,3.0,0.6,,0.4,16,68.8,-3.07,0.32,0.69,-0.192,6.0
2.0,0.7,2.5,3.0,0.8,1200,0.2,16,68.8,-3.07,0.32,0.69,-0.192,6.0
2.0,0.7,2.5,3.0,0.8,2400,0.2,16,68.8,-3.07,0.32,0.69,-0.192,6.0
2.0,0.7,2.5,3.0,0.8,3600,0.2,16,68.8,-3.07,0.32,0.69,-0.192,6.0
2.0,0.7,2.5,3.0,0.8,7200,0.2,16,68.8,-3.07,0.32,0.69,-0.192,6.0
2.0,0.7,2.5,3.0,0.8,14400,0.2,16,68.8,-3.07,0.32,0.69,-0.192,6.0
2.0,0.7,2.5,3.0,0.8,14400,0.4,16,68.8,-3.07,0.32,0.69,-0.192,6.0
2.0,0.7,2.5,3.0,0.8,,0.4,16,68.8,-3.07,0.32,0.69,-0.192,6.0
2.0,0.7,2.5,4.5,0.4,1200,0.2,16,68.8,-3.07,0.32,0.69,-0.192,6.0
2.0,0.7,2.5,4.5,0.4,2400,0.2,16,68.8,-3.07,0.32,0.69,-0.192,6.0
2.0,0.7,2.5,4.5,0.4,3600,0.2,16,68.8,-3.07,0.32,0.69,-0.192,6.0
2.0,0.7,2.5,4.5,0.4,7200,0.2,16,68.8,-3.07,0.32,0.69,-0.192,6.0
2.0,0.7,2.5,4.5,0.4,14400,0.2,16,68.8,-3.07,0.32,0.69,-0.192,6.0
2.0,0.7,2.5,4.5,0.4,14400,0.4,16,68.8,-3.07,0.32,0.69,-0.192,6.0
2.0,0.7,2.5,4.5,0.4,,0.4,16,68.8,-3.07,0.32,0.69,-0.192,6.0
2.0,0.7,2.5,4.5,0.6,1200,0.2,16,68.8,-3.07,0.32,0.69,-0.192,6.0
2.0,0.7,2.5,4.5,0.6,2400,0.2,16,68.8,-3.07,0.32,0.69,-0.192,6.0
2.0,0.7,2.5,4.5,0.6,3600,0.2,16,68.8,-3.07,0.32,0.69,-0.192,6.0
2.0,0.7,2.5,4.5,0.6,7200,0.2,16,68.8,-3.07,0.32,0.69,-0.192,6.0
2.0,0.7,2.5,4.5,0.6,14400,0.2,16,68.8,-3.07,0.32,0.69,-0.192,6.0
2.0,0.7,2.5,4.5,0.6,14400,0.4,16,68.8,-3.07,0.32,0.69,-0.192,6.0
2.0,0.7,2.5,4.5,0.6,,0.4,16,68.8,-3.07,0.32,0.69,-0.192,6.0
2.0,0.7,2.5,4.5,0.8,1200,0.2,16,68.8,-3.07,0.32,0.69,-0.192,6.0
2.0,0.7,2.5,4.5,0.8,2400,0.2,16,68.8,-3.07,0.32,0.69,-0.192,6.0
2.0,0.7,2.5,4.5,0.8,3600,0.2,16,68.8,-3.07,0.32,0.69,-0.192,6.0
2.0,0.7,2.5,4.5,0.8,7200,0.2,16,68.8,-3.07,0.32,0.69,-0.192,6.0
2.0,0.7,2.5,4.5,0.8,14400,0.2,16,68.8,-3.07,0.32,0.69,-0.192,6.0
2.0,0.7,2.5,4.5,0.8,14400,0.4,16,68.8,-3.07,0.32,0.69,-0.192,6.0
2.0,0.7,2.5,4.5,0.8,,0.4,16,68.8,-3.07,0.32,0.69,-0.192,6.0
3.0,1.5,2.5,3.0,0.8,2400,0.4,13,69.2,-2.49,0.35,0.79,-0.192,10.65
4.0,1.5,2.5,4.5,0.8,1200,0.4,15,73.3,-2.88,0.28,0.76,-0.192,12.0
2.0,1.5,2.5,3.0,0.6,2400,0.8,15,66.7,-2.95,0.32,0.63,-0.197,6.0
2.0,1.5,2.5,4.5,0.6,2400,0.8,15,66.7,-2.95,0.32,0.63,-0.197,6.0
3.0,1.5,2.5,3.0,0.6,3600,0.8,14,71.4,-2.83,0.28,0.7,-0.202,9.38
3.0,1.5,2.5,4.5,0.6,3600,0.8,14,71.4,-2.83,0.28,0.7,-0.202,9.38
2.0,1.5,2.5,3.0,0.8,7200,0.8,13,53.8,-2.67,0.63,0.74,-0.205,6.77
2.0,1.0,1.5,3.0,0.4,3600,0.8,14,64.3,-2.96,0.36,0.65,-0.211,6.38
2.0,1.0,1.5,3.0,0.6,3600,0.8,14,64.3,-2.96,0.36,0.65,-0.211,6.38
2.0,1.0,1.5,3.0,0.8,3600,0.8,14,64.3,-2.96,0.36,0.65,-0.211,6.38
2.0,1.0,1.5,4.5,0.4,3600,0.8,14,64.3,-2.96,0.36,0.65,-0.211,6.38
2.0,1.0,1.5,4.5,0.6,3600,0.8,14,64.3,-2.96,0.36,0.65,-0.211,6.38
2.0,1.0,1.5,4.5,0.8,3600,0.8,14,64.3,-2.96,0.36,0.65,-0.211,6.38
2.0,1.0,2.5,3.0,0.4,3600,0.8,14,64.3,-2.96,0.36,0.65,-0.211,6.38
2.0,1.0,2.5,3.0,0.6,3600,0.8,14,64.3,-2.96,0.36,0.65,-0.211,6.38
2.0,1.0,2.5,3.0,0.8,3600,0.8,14,64.3,-2.96,0.36,0.65,-0.211,6.38
2.0,1.0,2.5,4.5,0.4,3600,0.8,14,64.3,-2.96,0.36,0.65,-0.211,6.38
2.0,1.0,2.5,4.5,0.6,3600,0.8,14,64.3,-2.96,0.36,0.65,-0.211,6.38
2.0,1.0,2.5,4.5,0.8,3600,0.8,14,64.3,-2.96,0.36,0.65,-0.211,6.38
3.0,0.7,1.5,3.0,0.4,1200,0.4,17,70.6,-3.59,0.25,0.61,-0.211,9.0
3.0,0.7,1.5,3.0,0.6,1200,0.4,17,70.6,-3.59,0.25,0.61,-0.211,9.0
3.0,0.7,1.5,3.0,0.8,1200,0.4,17,70.6,-3.59,0.25,0.61,-0.211,9.0
3.0,0.7,1.5,4.5,0.4,1200,0.4,17,70.6,-3.59,0.25,0.61,-0.211,9.0
3.0,0.7,1.5,4.5,0.6,1200,0.4,17,70.6,-3.59,0.25,0.61,-0.211,9.0
3.0,0.7,1.5,4.5,0.8,1200,0.4,17,70.6,-3.59,0.25,0.61,-0.211,9.0
3.0,0.7,2.5,3.0,0.4,1200,0.4,17,70.6,-3.59,0.25,0.61,-0.211,9.0
3.0,0.7,2.5,3.0,0.6,1200,0.4,17,70.6,-3.59,0.25,0.61,-0.211,9.0
3.0,0.7,2.5,3.0,0.8,1200,0.4,17,70.6,-3.59,0.25,0.61,-0.211,9.0
3.0,0.7,2.5,4.5,0.4,1200,0.4,17,70.6,-3.59,0.25,0.61,-0.211,9.0
3.0,0.7,2.5,4.5,0.6,1200,0.4,17,70.6,-3.59,0.25,0.61,-0.211,9.0
3.0,0.7,2.5,4.5,0.8,1200,0.4,17,70.6,-3.59,0.25,0.61,-0.211,9.0
4.0,1.5,2.5,3.0,0.4,1200,0.8,16,62.5,-3.37,0.36,0.61,-0.211,8.42
4.0,1.5,2.5,4.5,0.4,1200,0.8,16,62.5,-3.37,0.36,0.61,-0.211,8.42
3.0,1.5,2.5,3.0,0.4,3600,0.8,14,71.4,-3.0,0.27,0.68,-0.214,9.38
3.0,1.5,2.5,4.5,0.4,3600,0.8,14,71.4,-3.0,0.27,0.68,-0.214,9.38
3.0,1.0,1.5,3.0,0.4,3600,0.8,14,71.4,-3.06,0.27,0.67,-0.219,9.38
3.0,1.0,1.5,3.0,0.6,3600,0.8,14,71.4,-3.06,0.27,0.67,-0.219,9.38
3.0,1.0,1.5,3.0,0.8,3600,0.8,14,71.4,-3.06,0.27,0.67,-0.219,9.38
3.0,1.0,1.5,4.5,0.4,3600,0.8,14,71.4,-3.06,0.27,0.67,-0.219,9.38
3.0,1.0,1.5,4.5,0.6,3600,0.8,14,71.4,-3.06,0.27,0.67,-0.219,9.38
3.0,1.0,1.5,4.5,0.8,3600,0.8,14,71.4,-3.06,0.27,0.67,-0.219,9.38
3.0,1.0,2.5,3.0,0.4,3600,0.8,14,71.4,-3.06,0.27,0.67,-0.219,9.38
3.0,1.0,2.5,3.0,0.6,3600,0.8,14,71.4,-3.06,0.27,0.67,-0.219,9.38
3.0,1.0,2.5,3.0,0.8,3600,0.8,14,71.4,-3.06,0.27,0.67,-0.219,9.38
3.0,1.0,2.5,4.5,0.4,3600,0.8,14,71.4,-3.06,0.27,0.67,-0.219,9.38
3.0,1.0,2.5,4.5,0.6,3600,0.8,14,71.4,-3.06,0.27,0.67,-0.219,9.38
3.0,1.0,2.5,4.5,0.8,3600,0.8,14,71.4,-3.06,0.27,0.67,-0.219,9.38
5.0,1.0,2.5,3.0,0.4,1200,0.4,14,78.6,-3.1,0.19,0.69,-0.221,10.0
5.0,1.0,2.5,3.0,0.6,1200,0.4,14,78.6,-3.1,0.19,0.69,-0.221,10.0
5.0,1.0,2.5,3.0,0.8,1200,0.4,14,78.6,-3.1,0.19,0.69,-0.221,10.0
5.0,1.0,2.5,4.5,0.4,1200,0.4,14,78.6,-3.1,0.19,0.69,-0.221,10.0
5.0,1.0,2.5,4.5,0.6,1200,0.4,14,78.6,-3.1,0.19,0.69,-0.221,10.0
5.0,1.0,2.5,4.5,0.8,1200,0.4,14,78.6,-3.1,0.19,0.69,-0.221,10.0
5.0,1.5,2.5,4.5,0.8,3600,0.8,13,76.9,-2.87,0.22,0.72,-0.221,10.38
2.0,0.7,1.5,3.0,0.4,1200,0.8,18,50.0,-3.99,0.44,0.44,-0.222,5.78
2.0,0.7,1.5,3.0,0.6,1200,0.8,18,50.0,-3.99,0.44,0.44,-0.222,5.78
2.0,0.7,1.5,3.0,0.8,1200,0.8,18,50.0,-3.99,0.44,0.44,-0.222,5.78
2.0,0.7,1.5,4.5,0.4,1200,0.8,18,50.0,-3.99,0.44,0.44,-0.222,5.78
2.0,0.7,1.5,4.5,0.6,1200,0.8,18,50.0,-3.99,0.44,0.44,-0.222,5.78
2.0,0.7,1.5,4.5,0.8,1200,0.8,18,50.0,-3.99,0.44,0.44,-0.222,5.78
2.0,0.7,2.5,3.0,0.4,1200,0.8,18,50.0,-3.99,0.44,0.44,-0.222,5.78
2.0,0.7,2.5,3.0,0.6,1200,0.8,18,50.0,-3.99,0.44,0.44,-0.222,5.78
2.0,0.7,2.5,3.0,0.8,1200,0.8,18,50.0,-3.99,0.44,0.44,-0.222,5.78
2.0,0.7,2.5,4.5,0.4,1200,0.8,18,50.0,-3.99,0.44,0.44,-0.222,5.78
2.0,0.7,2.5,4.5,0.6,1200,0.8,18,50.0,-3.99,0.44,0.44,-0.222,5.78
2.0,0.7,2.5,4.5,0.8,1200,0.8,18,50.0,-3.99,0.44,0.44,-0.222,5.78
2.0,1.0,1.5,3.0,0.4,2400,0.4,14,64.3,-3.16,0.38,0.68,-0.226,7.3
2.0,1.0,1.5,3.0,0.6,2400,0.4,14,64.3,-3.16,0.38,0.68,-0.226,7.3
2.0,1.0,1.5,3.0,0.8,2400,0.4,14,64.3,-3.16,0.38,0.68,-0.226,7.3
2.0,1.0,1.5,4.5,0.4,2400,0.4,14,64.3,-3.16,0.38,0.68,-0.226,7.3
2.0,1.0,1.5,4.5,0.6,2400,0.4,14,64.3,-3.16,0.38,0.68,-0.226,7.3
2.0,1.0,1.5,4.5,0.8,2400,0.4,14,64.3,-3.16,0.38,0.68,-0.226,7.3
2.0,1.0,2.5,3.0,0.4,2400,0.4,14,64.3,-3.16,0.38,0.68,-0.226,7.3
2.0,1.0,2.5,3.0,0.6,2400,0.4,14,64.3,-3.16,0.38,0.68,-0.226,7.3
2.0,1.0,2.5,3.0,0.8,2400,0.4,14,64.3,-3.16,0.38,0.68,-0.226,7.3
2.0,1.0,2.5,4.5,0.4,2400,0.4,14,64.3,-3.16,0.38,0.68,-0.226,7.3
2.0,1.0,2.5,4.5,0.6,2400,0.4,14,64.3,-3.16,0.38,0.68,-0.226,7.3
2.0,1.0,2.5,4.5,0.8,2400,0.4,14,64.3,-3.16,0.38,0.68,-0.226,7.3
3.0,1.5,2.5,4.5,0.8,2400,0.4,13,69.2,-2.94,0.34,0.76,-0.226,10.65
2.0,1.5,2.5,3.0,0.6,3600,0.8,14,64.3,-3.18,0.34,0.62,-0.227,6.38
2.0,1.5,2.5,4.5,0.6,3600,0.8,14,64.3,-3.18,0.34,0.62,-0.227,6.38
2.0,0.7,1.5,3.0,0.4,7200,0.4,16,68.8,-3.66,0.29,0.63,-0.229,6.0
2.0,0.7,1.5,3.0,0.4,7200,0.8,16,56.2,-3.67,0.45,0.58,-0.229,6.12
2.0,0.7,1.5,3.0,0.6,7200,0.4,16,68.8,-3.66,0.29,0.63,-0.229,6.0
2.0,0.7,1.5,3.0,0.6,7200,0.8,16,56.2,-3.67,0.45,0.58,-0.229,6.12
2.0,0.7,1.5,3.0,0.8,7200,0.4,16,68.8,-3.66,0.29,0.63,-0.229,6.0
2.0,0.7,1.5,3.0,0.8,7200,0.8,16,56.2,-3.67,0.45,0.58,-0.229,6.12
2.0,0.7,1.5,4.5,0.4,7200,0.4,16,68.8,-3.66,0.29,0.63,-0.229,6.0
2.0,0.7,1.5,4.5,0.4,7200,0.8,16,56.2,-3.67,0.45,0.58,-0.229,6.12
2.0,0.7,1.5,4.5,0.6,7200,0.4,16,68.8,-3.66,0.29,0.63,-0.229,6.0
2.0,0.7,1.5,4.5,0.6,7200,0.8,16,56.2,-3.67,0.45,0.58,-0.229,6.12
2.0,0.7,1.5,4.5,0.8,7200,0.4,16,68.8,-3.66,0.29,0.63,-0.229,6.0
2.0,0.7,1.5,4.5,0.8,7200,0.8,16,56.2,-3.67,0.45,0.58,-0.229,6.12
2.0,0.7,2.5,3.0,0.4,7200,0.4,16,68.8,-3.66,0.29,0.63,-0.229,6.0
2.0,0.7,2.5,3.0,0.4,7200,0.8,16,56.2,-3.67,0.45,0.58,-0.229,6.12
2.0,0.7,2.5,3.0,0.6,7200,0.4,16,68.8,-3.66,0.29,0.63,-0.229,6.0
2.0,0.7,2.5,3.0,0.6,7200,0.8,16,56.2,-3.67,0.45,0.58,-0.229,6.12
2.0,0.7,2.5,3.0,0.8,7200,0.4,16,68.8,-3.66,0.29,0.63,-0.229,6.0
2.0,0.7,2.5,3.0,0.8,7200,0.8,16,56.2,-3.67,0.45,0.58,-0.229,6.12
2.0,0.7,2.5,4.5,0.4,7200,0.4,16,68.8,-3.66,0.29,0.63,-0.229,6.0
2.0,0.7,2.5,4.5,0.4,7200,0.8,16,56.2,-3.67,0.45,0.58,-0.229,6.12
2.0,0.7,2.5,4.5,0.6,7200,0.4,16,68.8,-3.66,0.29,0.63,-0.229,6.0
2.0,0.7,2.5,4.5,0.6,7200,0.8,16,56.2,-3.67,0.45,0.58,-0.229,6.12
2.0,0.7,2.5,4.5,0.8,7200,0.4,16,68.8,-3.66,0.29,0.63,-0.229,6.0
2.0,0.7,2.5,4.5,0.8,7200,0.8,16,56.2,-3.67,0.45,0.58,-0.229,6.12
4.0,1.0,1.5,3.0,0.4,1200,0.8,16,62.5,-3.66,0.34,0.57,-0.229,8.42
4.0,1.0,1.5,3.0,0.6,1200,0.8,16,62.5,-3.66,0.34,0.57,-0.229,8.42
4.0,1.0,1.5,3.0,0.8,1200,0.8,16,62.5,-3.66,0.34,0.57,-0.229,8.42
4.0,1.0,1.5,4.5,0.4,1200,0.8,16,62.5,-3.66,0.34,0.57,-0.229,8.42
4.0,1.0,1.5,4.5,0.6,1200,0.8,16,62.5,-3.66,0.34,0.57,-0.229,8.42
4.0,1.0,1.5,4.5,0.8,1200,0.8,16,62.5,-3.66,0.34,0.57,-0.229,8.42
4.0,1.0,2.5,3.0,0.4,1200,0.8,16,62.5,-3.66,0.34,0.57,-0.229,8.42
4.0,1.0,2.5,3.0,0.6,1200,0.8,16,62.5,-3.66,0.34,0.57,-0.229,8.42
4.0,1.0,2.5,3.0,0.8,1200,0.8,16,62.5,-3.66,0.34,0.57,-0.229,8.42
4.0,1.0,2.5,4.5,0.4,1200,0.8,16,62.5,-3.66,0.34,0.57,-0.229,8.42
4.0,1.0,2.5,4.5,0.6,1200,0.8,16,62.5,-3.66,0.34,0.57,-0.229,8.42
4.0,1.0,2.5,4.5,0.8,1200,0.8,16,62.5,-3.66,0.34,0.57,-0.229,8.42
2.0,0.7,1.5,3.0,0.4,3600,0.4,16,68.8,-3.69,0.29,0.63,-0.231,6.0
2.0,0.7,1.5,3.0,0.6,3600,0.4,16,68.8,-3.69,0.29,0.63,-0.231,6.0
2.0,0.7,1.5,3.0,0.8,3600,0.4,16,68.8,-3.69,0.29,0.63,-0.231,6.0
2.0,0.7,1.5,4.5,0.4,3600,0.4,16,68.8,-3.69,0.29,0.63,-0.231,6.0
2.0,0.7,1.5,4.5,0.6,3600,0.4,16,68.8,-3.69,0.29,0.63,-0.231,6.0
2.0,0.7,1.5,4.5,0.8,3600,0.4,16,68.8,-3.69,0.29,0.63,-0.231,6.0
2.0,0.7,2.5,3.0,0.4,3600,0.4,16,68.8,-3.69,0.29,0.63,-0.231,6.0
2.0,0.7,2.5,3.0,0.6,3600,0.4,16,68.8,-3.69,0.29,0.63,-0.231,6.0
2.0,0.7,2.5,3.0,0.8,3600,0.4,16,68.8,-3.69,0.29,0.63,-0.231,6.0
2.0,0.7,2.5,4.5,0.4,3600,0.4,16,68.8,-3.69,0.29,0.63,-0.231,6.0
2.0,0.7,2.5,4.5,0.6,3600,0.4,16,68.8,-3.69,0.29,0.63,-0.231,6.0
2.0,0.7,2.5,4.5,0.8,3600,0.4,16,68.8,-3.69,0.29,0.63,-0.231,6.0
2.0,0.7,1.5,3.0,0.4,2400,0.8,17,64.7,-4.02,0.29,0.53,-0.236,6.0
2.0,0.7,1.5,3.0,0.4,14400,0.8,16,62.5,-3.77,0.38,0.63,-0.236,6.07
2.0,0.7,1.5,3.0,0.6,2400,0.8,17,64.7,-4.02,0.29,0.53,-0.236,6.0
2.0,0.7,1.5,3.0,0.6,14400,0.8,16,62.5,-3.77,0.38,0.63,-0.236,6.07
2.0,0.7,1.5,3.0,0.8,2400,0.8,17,64.7,-4.02,0.29,0.53,-0.236,6.0
2.0,0.7,1.5,3.0,0.8,14400,0.8,16,62.5,-3.77,0.38,0.63,-0.236,6.07
2.0,0.7,1.5,4.5,0.4,2400,0.8,17,64.7,-4.02,0.29,0.53,-0.236,6.0
2.0,0.7,1.5,4.5,0.4,14400,0.8,16,62.5,-3.77,0.38,0.63,-0.236,6.07
2.0,0.7,1.5,4.5,0.6,2400,0.8,17,64.7,-4.02,0.29,0.53,-0.236,6.0
2.0,0.7,1.5,4.5,0.6,14400,0.8,16,62.5,-3.77,0.38,0.63,-0.236,6.07
2.0,0.7,1.5,4.5,0.8,2400,0.8,17,64.7,-4.02,0.29,0.53,-0.236,6.0
2.0,0.7,1.5,4.5,0.8,14400,0.8,16,62.5,-3.77,0.38,0.63,-0.236,6.07
2.0,0.7,2.5,3.0,0.4,2400,0.8,17,64.7,-4.02,0.29,0.53,-0.236,6.0
2.0,0.7,2.5,3.0,0.4,14400,0.8,16,62.5,-3.77,0.38,0.63,-0.236,6.07
2.0,0.7,2.5,3.0,0.6,2400,0.8,17,64.7,-4.02,0.29,0.53,-0.236,6.0
2.0,0.7,2.5,3.0,0.6,14400,0.8,16,62.5,-3.77,0.38,0.63,-0.236,6.07
2.0,0.7,2.5,3.0,0.8,2400,0.8,17,64.7,-4.02,0.29,0.53,-0.236,6.0
2.0,0.7,2.5,3.0,0.8,14400,0.8,16,62.5,-3.77,0.38,0.63,-0.236,6.07
2.0,0.7,2.5,4.5,0.4,2400,0.8,17,64.7,-4.02,0.29,0.53,-0.236,6.0
2.0,0.7,2.5,4.5,0.4,14400,0.8,16,62.5,-3.77,0.38,0.63,-0.236,6.07
2.0,0.7,2.5,4.5,0.6,2400,0.8,17,64.7,-4.02,0.29,0.53,-0.236,6.0
2.0,0.7,2.5,4.5,0.6,14400,0.8,16,62.5,-3.77,0.38,0.63,-0.236,6.07
2.0,0.7,2.5,4.5,0.8,2400,0.8,17,64.7,-4.02,0.29,0.53,-0.236,6.0
2.0,0.7,2.5,4.5,0.8,14400,0.8,16,62.5,-3.77,0.38,0.63,-0.236,6.07
2.0,0.7,1.5,3.0,0.4,2400,0.4,16,68.8,-3.79,0.28,0.62,-0.237,6.0
2.0,0.7,1.5,3.0,0.4,3600,0.8,16,62.5,-3.79,0.33,0.55,-0.237,6.38
2.0,0.7,1.5,3.0,0.6,2400,0.4,16,68.8,-3.79,0.28,0.62,-0.237,6.0
2.0,0.7,1.5,3.0,0.6,3600,0.8,16,62.5,-3.79,0.33,0.55,-0.237,6.38
2.0,0.7,1.5,3.0,0.8,2400,0.4,16,68.8,-3.79,0.28,0.62,-0.237,6.0
2.0,0.7,1.5,3.0,0.8,3600,0.8,16,62.5,-3.79,0.33,0.55,-0.237,6.38
2.0,0.7,1.5,4.5,0.4,2400,0.4,16,68.8,-3.79,0.28,0.62,-0.237,6.0
2.0,0.7,1.5,4.5,0.4,3600,0.8,16,62.5,-3.79,0.33,0.55,-0.237,6.38
2.0,0.7,1.5,4.5,0.6,2400,0.4,16,68.8,-3.79,0.28,0.62,-0.237,6.0
2.0,0.7,1.5,4.5,0.6,3600,0.8,16,62.5,-3.79,0.33,0.55,-0.237,6.38
2.0,0.7,1.5,4.5,0.8,2400,0.4,16,68.8,-3.79,0.28,0.62,-0.237,6.0
2.0,0.7,1.5,4.5,0.8,3600,0.8,16,62.5,-3.79,0.33,0.55,-0.237,6.38
2.0,0.7,2.5,3.0,0.4,2400,0.4,16,68.8,-3.79,0.28,0.62,-0.237,6.0
2.0,0.7,2.5,3.0,0.4,3600,0.8,16,62.5,-3.79,0.33,0.55,-0.237,6.38
2.0,0.7,2.5,3.0,0.6,2400,0.4,16,68.8,-3.79,0.28,0.62,-0.237,6.0
2.0,0.7,2.5,3.0,0.6,3600,0.8,16,62.5,-3.79,0.33,0.55,-0.237,6.38
2.0,0.7,2.5,3.0,0.8,2400,0.4,16,68.8,-3.79,0.28,0.62,-0.237,6.0
2.0,0.7,2.5,3.0,0.8,3600,0.8,16,62.5,-3.79,0.33,0.55,-0.237,6.38
2.0,0.7,2.5,4.5,0.4,2400,0.4,16,68.8,-3.79,0.28,0.62,-0.237,6.0
2.0,0.7,2.5,4.5,0.4,3600,0.8,16,62.5,-3.79,0.33,0.55,-0.237,6.38
2.0,0.7,2.5,4.5,0.6,2400,0.4,16,68.8,-3.79,0.28,0.62,-0.237,6.0
2.0,0.7,2.5,4.5,0.6,3600,0.8,16,62.5,-3.79,0.33,0.55,-0.237,6.38
2.0,0.7,2.5,4.5,0.8,2400,0.4,16,68.8,-3.79,0.28,0.62,-0.237,6.0
2.0,0.7,2.5,4.5,0.8,3600,0.8,16,62.5,-3.79,0.33,0.55,-0.237,6.38
2.0,1.5,2.5,3.0,0.4,7200,0.4,13,61.5,-3.08,0.43,0.69,-0.237,6.65
2.0,1.5,2.5,4.5,0.4,7200,0.4,13,61.5,-3.08,0.43,0.69,-0.237,6.65
4.0,0.7,1.5,3.0,0.4,1200,0.2,16,81.2,-3.81,0.16,0.68,-0.238,12.0
4.0,0.7,1.5,3.0,0.4,2400,0.2,16,81.2,-3.81,0.16,0.68,-0.238,12.0
4.0,0.7,1.5,3.0,0.4,3600,0.2,16,81.2,-3.81,0.16,0.68,-0.238,12.0
4.0,0.7,1.5,3.0,0.4,7200,0.2,16,81.2,-3.81,0.16,0.68,-0.238,12.0
4.0,0.7,1.5,3.0,0.4,14400,0.2,16,81.2,-3.81,0.16,0.68,-0.238,12.0
4.0,0.7,1.5,3.0,0.4,14400,0.4,16,81.2,-3.81,0.16,0.68,-0.238,12.0
4.0,0.7,1.5,3.0,0.4,,0.4,16,81.2,-3.81,0.16,0.68,-0.238,12.0
4.0,0.7,1.5,3.0,0.6,1200,0.2,16,81.2,-3.81,0.16,0.68,-0.238,12.0
4.0,0.7,1.5,3.0,0.6,2400,0.2,16,81.2,-3.81,0.16,0.68,-0.238,12.0
4.0,0.7,1.5,3.0,0.6,3600,0.2,16,81.2,-3.81,0.16,0.68,-0.238,12.0
4.0,0.7,1.5,3.0,0.6,7200,0.2,16,81.2,-3.81,0.16,0.68,-0.238,12.0
4.0,0.7,1.5,3.0,0.6,14400,0.2,16,81.2,-3.81,0.16,0.68,-0.238,12.0
4.0,0.7,1.5,3.0,0.6,14400,0.4,16,81.2,-3.81,0.16,0.68,-0.238,12.0
4.0,0.7,1.5,3.0,0.6,,0.4,16,81.2,-3.81,0.16,0.68,-0.238,12.0
4.0,0.7,1.5,3.0,0.8,1200,0.2,16,81.2,-3.81,0.16,0.68,-0.238,12.0
4.0,0.7,1.5,3.0,0.8,2400,0.2,16,81.2,-3.81,0.16,0.68,-0.238,12.0
4.0,0.7,1.5,3.0,0.8,3600,0.2,16,81.2,-3.81,0.16,0.68,-0.238,12.0
4.0,0.7,1.5,3.0,0.8,7200,0.2,16,81.2,-3.81,0.16,0.68,-0.238,12.0
4.0,0.7,1.5,3.0,0.8,14400,0.2,16,81.2,-3.81,0.16,0.68,-0.238,12.0
4.0,0.7,1.5,3.0,0.8,14400,0.4,16,81.2,-3.81,0.16,0.68,-0.238,12.0
4.0,0.7,1.5,3.0,0.8,,0.4,16,81.2,-3.81,0.16,0.68,-0.238,12.0
4.0,0.7,1.5,4.5,0.4,1200,0.2,16,81.2,-3.81,0.16,0.68,-0.238,12.0
4.0,0.7,1.5,4.5,0.4,2400,0.2,16,81.2,-3.81,0.16,0.68,-0.238,12.0
4.0,0.7,1.5,4.5,0.4,3600,0.2,16,81.2,-3.81,0.16,0.68,-0.238,12.0
4.0,0.7,1.5,4.5,0.4,7200,0.2,16,81.2,-3.81,0.16,0.68,-0.238,12.0
4.0,0.7,1.5,4.5,0.4,14400,0.2,16,81.2,-3.81,0.16,0.68,-0.238,12.0
4.0,0.7,1.5,4.5,0.4,14400,0.4,16,81.2,-3.81,0.16,0.68,-0.238,12.0
4.0,0.7,1.5,4.5,0.4,,0.4,16,81.2,-3.81,0.16,0.68,-0.238,12.0
4.0,0.7,1.5,4.5,0.6,1200,0.2,16,81.2,-3.81,0.16,0.68,-0.238,12.0
4.0,0.7,1.5,4.5,0.6,2400,0.2,16,81.2,-3.81,0.16,0.68,-0.238,12.0
4.0,0.7,1.5,4.5,0.6,3600,0.2,16,81.2,-3.81,0.16,0.68,-0.238,12.0
4.0,0.7,1.5,4.5,0.6,7200,0.2,16,81.2,-3.81,0.16,0.68,-0.238,12.0
4.0,0.7,1.5,4.5,0.6,14400,0.2,16,81.2,-3.81,0.16,0.68,-0.238,12.0
4.0,0.7,1.5,4.5,0.6,14400,0.4,16,81.2,-3.81,0.16,0.68,-0.238,12.0
4.0,0.7,1.5,4.5,0.6,,0.4,16,81.2,-3.81,0.16,0.68,-0.238,12.0
4.0,0.7,1.5,4.5,0.8,1200,0.2,16,81.2,-3.81,0.16,0.68,-0.238,12.0
4.0,0.7,1.5,4.5,0.8,2400,0.2,16,81.2,-3.81,0.16,0.68,-0.238,12.0
4.0,0.7,1.5,4.5,0.8,3600,0.2,16,81.2,-3.81,0.16,0.68,-0.238,12.0
4.0,0.7,1.5,4.5,0.8,7200,0.2,16,81.2,-3.81,0.16,0.68,-0.238,12.0
4.0,0.7,1.5,4.5,0.8,14400,0.2,16,81.2,-3.81,0.16,0.68,-0.238,12.0
4.0,0.7,1.5,4.5,0.8,14400,0.4,16,81.2,-3.81,0.16,0.68,-0.238,12.0
4.0,0.7,1.5,4.5,0.8,,0.4,16,81.2,-3.81,0.16,0.68,-0.238,12.0
4.0,0.7,2.5,3.0,0.4,1200,0.2,16,81.2,-3.81,0.16,0.68,-0.238,12.0
4.0,0.7,2.5,3.0,0.4,2400,0.2,16,81.2,-3.81,0.16,0.68,-0.238,12.0
4.0,0.7,2.5,3.0,0.4,3600,0.2,16,81.2,-3.81,0.16,0.68,-0.238,12.0
4.0,0.7,2.5,3.0,0.4,7200,0.2,16,81.2,-3.81,0.16,0.68,-0.238,12.0
4.0,0.7,2.5,3.0,0.4,14400,0.2,16,81.2,-3.81,0.16,0.68,-0.238,12.0
4.0,0.7,2.5,3.0,0.4,14400,0.4,16,81.2,-3.81,0.16,0.68,-0.238,12.0
4.0,0.7,2.5,3.0,0.4,,0.4,16,81.2,-3.81,0.16,0.68,-0.238,12.0
4.0,0.7,2.5,3.0,0.6,1200,0.2,16,81.2,-3.81,0.16,0.68,-0.238,12.0
4.0,0.7,2.5,3.0,0.6,2400,0.2,16,81.2,-3.81,0.16,0.68,-0.238,12.0
4.0,0.7,2.5,3.0,0.6,3600,0.2,16,81.2,-3.81,0.16,0.68,-0.238,12.0
4.0,0.7,2.5,3.0,0.6,7200,0.2,16,81.2,-3.81,0.16,0.68,-0.238,12.0
4.0,0.7,2.5,3.0,0.6,14400,0.2,16,81.2,-3.81,0.16,0.68,-0.238,12.0
4.0,0.7,2.5,3.0,0.6,14400,0.4,16,81.2,-3.81,0.16,0.68,-0.238,12.0
4.0,0.7,2.5,3.0,0.6,,0.4,16,81.2,-3.81,0.16,0.68,-0.238,12.0
4.0,0.7,2.5,3.0,0.8,1200,0.2,16,81.2,-3.81,0.16,0.68,-0.238,12.0
4.0,0.7,2.5,3.0,0.8,2400,0.2,16,81.2,-3.81,0.16,0.68,-0.238,12.0
4.0,0.7,2.5,3.0,0.8,3600,0.2,16,81.2,-3.81,0.16,0.68,-0.238,12.0
4.0,0.7,2.5,3.0,0.8,7200,0.2,16,81.2,-3.81,0.16,0.68,-0.238,12.0
4.0,0.7,2.5,3.0,0.8,14400,0.2,16,81.2,-3.81,0.16,0.68,-0.238,12.0
4.0,0.7,2.5,3.0,0.8,14400,0.4,16,81.2,-3.81,0.16,0.68,-0.238,12.0
4.0,0.7,2.5,3.0,0.8,,0.4,16,81.2,-3.81,0.16,0.68,-0.238,12.0
4.0,0.7,2.5,4.5,0.4,1200,0.2,16,81.2,-3.81,0.16,0.68,-0.238,12.0
4.0,0.7,2.5,4.5,0.4,2400,0.2,16,81.2,-3.81,0.16,0.68,-0.238,12.0
4.0,0.7,2.5,4.5,0.4,3600,0.2,16,81.2,-3.81,0.16,0.68,-0.238,12.0
4.0,0.7,2.5,4.5,0.4,7200,0.2,16,81.2,-3.81,0.16,0.68,-0.238,12.0
4.0,0.7,2.5,4.5,0.4,14400,0.2,16,81.2,-3.81,0.16,0.68,-0.238,12.0
4.0,0.7,2.5,4.5,0.4,14400,0.4,16,81.2,-3.81,0.16,0.68,-0.238,12.0
4.0,0.7,2.5,4.5,0.4,,0.4,16,81.2,-3.81,0.16,0.68,-0.238,12.0
4.0,0.7,2.5,4.5,0.6,1200,0.2,16,81.2,-3.81,0.16,0.68,-0.238,12.0
4.0,0.7,2.5,4.5,0.6,2400,0.2,16,81.2,-3.81,0.16,0.68,-0.238,12.0
4.0,0.7,2.5,4.5,0.6,3600,0.2,16,81.2,-3.81,0.16,0.68,-0.238,12.0
4.0,0.7,2.5,4.5,0.6,7200,0.2,16,81.2,-3.81,0.16,0.68,-0.238,12.0
4.0,0.7,2.5,4.5,0.6,14400,0.2,16,81.2,-3.81,0.16,0.68,-0.238,12.0
4.0,0.7,2.5,4.5,0.6,14400,0.4,16,81.2,-3.81,0.16,0.68,-0.238,12.0
4.0,0.7,2.5,4.5,0.6,,0.4,16,81.2,-3.81,0.16,0.68,-0.238,12.0
4.0,0.7,2.5,4.5,0.8,1200,0.2,16,81.2,-3.81,0.16,0.68,-0.238,12.0
4.0,0.7,2.5,4.5,0.8,2400,0.2,16,81.2,-3.81,0.16,0.68,-0.238,12.0
4.0,0.7,2.5,4.5,0.8,3600,0.2,16,81.2,-3.81,0.16,0.68,-0.238,12.0
4.0,0.7,2.5,4.5,0.8,7200,0.2,16,81.2,-3.81,0.16,0.68,-0.238,12.0
4.0,0.7,2.5,4.5,0.8,14400,0.2,16,81.2,-3.81,0.16,0.68,-0.238,12.0
4.0,0.7,2.5,4.5,0.8,14400,0.4,16,81.2,-3.81,0.16,0.68,-0.238,12.0
4.0,0.7,2.5,4.5,0.8,,0.4,16,81.2,-3.81,0.16,0.68,-0.238,12.0
2.0,1.5,2.5,3.0,0.4,3600,0.4,13,61.5,-3.11,0.43,0.69,-0.239,6.65
2.0,1.5,2.5,4.5,0.4,3600,0.4,13,61.5,-3.11,0.43,0.69,-0.239,6.65
2.0,1.5,2.5,4.5,0.8,7200,0.8,13,53.8,-3.12,0.59,0.69,-0.24,6.77
2.0,1.5,2.5,3.0,0.4,14400,0.8,13,53.8,-3.19,0.59,0.68,-0.245,6.72
2.0,1.5,2.5,3.0,0.6,7200,0.4,13,61.5,-3.18,0.43,0.68,-0.245,6.65
2.0,1.5,2.5,4.5,0.4,14400,0.8,13,53.8,-3.19,0.59,0.68,-0.245,6.72
2.0,1.5,2.5,4.5,0.6,7200,0.4,13,61.5,-3.18,0.43,0.68,-0.245,6.65
2.0,1.5,2.5,3.0,0.8,1200,0.2,13,53.8,-3.2,0.63,0.73,-0.246,8.65
2.0,1.5,2.5,3.0,0.8,2400,0.2,13,53.8,-3.2,0.63,0.73,-0.246,8.65
2.0,1.5,2.5,3.0,0.8,3600,0.2,13,53.8,-3.2,0.63,0.73,-0.246,8.65
2.0,1.5,2.5,3.0,0.8,7200,0.2,13,53.8,-3.2,0.63,0.73,-0.246,8.65
2.0,1.5,2.5,3.0,0.8,14400,0.2,13,53.8,-3.2,0.63,0.73,-0.246,8.65
2.0,1.5,2.5,3.0,0.8,14400,0.4,13,53.8,-3.2,0.63,0.73,-0.246,8.65
2.0,1.5,2.5,3.0,0.8,,0.4,13,53.8,-3.2,0.63,0.73,-0.246,8.65
2.0,1.5,2.5,3.0,0.6,3600,0.4,13,61.5,-3.21,0.42,0.68,-0.247,6.65
2.0,1.5,2.5,4.5,0.6,3600,0.4,13,61.5,-3.21,0.42,0.68,-0.247,6.65
3.0,0.7,1.5,3.0,0.4,7200,0.8,16,62.5,-4.04,0.35,0.59,-0.252,9.12
3.0,0.7,1.5,3.0,0.6,7200,0.8,16,62.5,-4.04,0.35,0.59,-0.252,9.12
3.0,0.7,1.5,3.0,0.8,7200,0.8,16,62.5,-4.04,0.35,0.59,-0.252,9.12
3.0,0.7,1.5,4.5,0.4,7200,0.8,16,62.5,-4.04,0.35,0.59,-0.252,9.12
3.0,0.7,1.5,4.5,0.6,7200,0.8,16,62.5,-4.04,0.35,0.59,-0.252,9.12
3.0,0.7,1.5,4.5,0.8,7200,0.8,16,62.5,-4.04,0.35,0.59,-0.252,9.12
3.0,0.7,2.5,3.0,0.4,7200,0.8,16,62.5,-4.04,0.35,0.59,-0.252,9.12
3.0,0.7,2.5,3.0,0.6,7200,0.8,16,62.5,-4.04,0.35,0.59,-0.252,9.12
3.0,0.7,2.5,3.0,0.8,7200,0.8,16,62.5,-4.04,0.35,0.59,-0.252,9.12
3.0,0.7,2.5,4.5,0.4,7200,0.8,16,62.5,-4.04,0.35,0.59,-0.252,9.12
3.0,0.7,2.5,4.5,0.6,7200,0.8,16,62.5,-4.04,0.35,0.59,-0.252,9.12
3.0,0.7,2.5,4.5,0.8,7200,0.8,16,62.5,-4.04,0.35,0.59,-0.252,9.12
2.0,1.5,2.5,3.0,0.6,14400,0.8,13,53.8,-3.29,0.58,0.67,-0.253,6.72
2.0,1.5,2.5,4.5,0.6,14400,0.8,13,53.8,-3.29,0.58,0.67,-0.253,6.72
4.0,1.5,2.5,3.0,0.6,1200,0.4,15,73.3,-3.84,0.25,0.68,-0.256,12.0
4.0,1.5,2.5,4.5,0.6,1200,0.4,15,73.3,-3.84,0.25,0.68,-0.256,12.0
5.0,1.5,2.5,3.0,0.6,2400,0.8,14,78.6,-3.6,0.17,0.64,-0.257,10.0
5.0,1.5,2.5,4.5,0.6,2400,0.8,14,78.6,-3.6,0.17,0.64,-0.257,10.0
3.0,0.7,1.5,3.0,0.4,2400,0.8,17,70.6,-4.39,0.22,0.54,-0.258,9.0
3.0,0.7,1.5,3.0,0.6,2400,0.8,17,70.6,-4.39,0.22,0.54,-0.258,9.0
3.0,0.7,1.5,3.0,0.8,2400,0.8,17,70.6,-4.39,0.22,0.54,-0.258,9.0
3.0,0.7,1.5,4.5,0.4,2400,0.8,17,70.6,-4.39,0.22,0.54,-0.258,9.0
3.0,0.7,1.5,4.5,0.6,2400,0.8,17,70.6,-4.39,0.22,0.54,-0.258,9.0
3.0,0.7,1.5,4.5,0.8,2400,0.8,17,70.6,-4.39,0.22,0.54,-0.258,9.0
3.0,0.7,2.5,3.0,0.4,2400,0.8,17,70.6,-4.39,0.22,0.54,-0.258,9.0
3.0,0.7,2.5,3.0,0.6,2400,0.8,17,70.6,-4.39,0.22,0.54,-0.258,9.0
3.0,0.7,2.5,3.0,0.8,2400,0.8,17,70.6,-4.39,0.22,0.54,-0.258,9.0
3.0,0.7,2.5,4.5,0.4,2400,0.8,17,70.6,-4.39,0.22,0.54,-0.258,9.0
3.0,0.7,2.5,4.5,0.6,2400,0.8,17,70.6,-4.39,0.22,0.54,-0.258,9.0
3.0,0.7,2.5,4.5,0.8,2400,0.8,17,70.6,-4.39,0.22,0.54,-0.258,9.0
3.0,0.7,1.5,3.0,0.4,3600,0.8,16,68.8,-4.16,0.26,0.56,-0.26,9.38
3.0,0.7,1.5,3.0,0.6,3600,0.8,16,68.8,-4.16,0.26,0.56,-0.26,9.38
3.0,0.7,1.5,3.0,0.8,3600,0.8,16,68.8,-4.16,0.26,0.56,-0.26,9.38
3.0,0.7,1.5,4.5,0.4,3600,0.8,16,68.8,-4.16,0.26,0.56,-0.26,9.38
3.0,0.7,1.5,4.5,0.6,3600,0.8,16,68.8,-4.16,0.26,0.56,-0.26,9.38
3.0,0.7,1.5,4.5,0.8,3600,0.8,16,68.8,-4.16,0.26,0.56,-0.26,9.38
3.0,0.7,2.5,3.0,0.4,3600,0.8,16,68.8,-4.16,0.26,0.56,-0.26,9.38
3.0,0.7,2.5,3.0,0.6,3600,0.8,16,68.8,-4.16,0.26,0.56,-0.26,9.38
3.0,0.7,2.5,3.0,0.8,3600,0.8,16,68.8,-4.16,0.26,0.56,-0.26,9.38
3.0,0.7,2.5,4.5,0.4,3600,0.8,16,68.8,-4.16,0.26,0.56,-0.26,9.38
3.0,0.7,2.5,4.5,0.6,3600,0.8,16,68.8,-4.16,0.26,0.56,-0.26,9.38
3.0,0.7,2.5,4.5,0.8,3600,0.8,16,68.8,-4.16,0.26,0.56,-0.26,9.38
3.0,1.5,2.5,3.0,0.8,7200,0.4,12,66.7,-3.16,0.37,0.74,-0.263,10.65
3.0,1.5,2.5,3.0,0.8,3600,0.4,12,66.7,-3.19,0.37,0.73,-0.266,10.65
5.0,1.5,2.5,3.0,0.4,2400,0.8,14,78.6,-3.77,0.17,0.62,-0.269,10.0
5.0,1.5,2.5,4.5,0.4,2400,0.8,14,78.6,-3.77,0.17,0.62,-0.269,10.0
3.0,1.5,2.5,3.0,0.8,14400,0.8,12,58.3,-3.27,0.52,0.73,-0.272,10.72
5.0,1.0,1.5,3.0,0.4,2400,0.8,14,78.6,-3.83,0.17,0.62,-0.274,10.0
5.0,1.0,1.5,3.0,0.6,2400,0.8,14,78.6,-3.83,0.17,0.62,-0.274,10.0
5.0,1.0,1.5,3.0,0.8,2400,0.8,14,78.6,-3.83,0.17,0.62,-0.274,10.0
5.0,1.0,1.5,4.5,0.4,2400,0.8,14,78.6,-3.83,0.17,0.62,-0.274,10.0
5.0,1.0,1.5,4.5,0.6,2400,0.8,14,78.6,-3.83,0.17,0.62,-0.274,10.0
5.0,1.0,1.5,4.5,0.8,2400,0.8,14,78.6,-3.83,0.17,0.62,-0.274,10.0
5.0,1.0,2.5,3.0,0.4,2400,0.8,14,78.6,-3.83,0.17,0.62,-0.274,10.0
5.0,1.0,2.5,3.0,0.6,2400,0.8,14,78.6,-3.83,0.17,0.62,-0.274,10.0
5.0,1.0,2.5,3.0,0.8,2400,0.8,14,78.6,-3.83,0.17,0.62,-0.274,10.0
5.0,1.0,2.5,4.5,0.4,2400,0.8,14,78.6,-3.83,0.17,0.62,-0.274,10.0
5.0,1.0,2.5,4.5,0.6,2400,0.8,14,78.6,-3.83,0.17,0.62,-0.274,10.0
5.0,1.0,2.5,4.5,0.8,2400,0.8,14,78.6,-3.83,0.17,0.62,-0.274,10.0
4.0,0.7,1.5,3.0,0.4,7200,0.4,16,81.2,-4.4,0.15,0.63,-0.275,12.0
4.0,0.7,1.5,3.0,0.6,7200,0.4,16,81.2,-4.4,0.15,0.63,-0.275,12.0
4.0,0.7,1.5,3.0,0.8,7200,0.4,16,81.2,-4.4,0.15,0.63,-0.275,12.0
4.0,0.7,1.5,4.5,0.4,7200,0.4,16,81.2,-4.4,0.15,0.63,-0.275,12.0
4.0,0.7,1.5,4.5,0.6,7200,0.4,16,81.2,-4.4,0.15,0.63,-0.275,12.0
4.0,0.7,1.5,4.5,0.8,7200,0.4,16,81.2,-4.4,0.15,0.63,-0.275,12.0
4.0,0.7,2.5,3.0,0.4,7200,0.4,16,81.2,-4.4,0.15,0.63,-0.275,12.0
4.0,0.7,2.5,3.0,0.6,7200,0.4,16,81.2,-4.4,0.15,0.63,-0.275,12.0
4.0,0.7,2.5,3.0,0.8,7200,0.4,16,81.2,-4.4,0.15,0.63,-0.275,12.0
4.0,0.7,2.5,4.5,0.4,7200,0.4,16,81.2,-4.4,0.15,0.63,-0.275,12.0
4.0,0.7,2.5,4.5,0.6,7200,0.4,16,81.2,-4.4,0.15,0.63,-0.275,12.0
4.0,0.7,2.5,4.5,0.8,7200,0.4,16,81.2,-4.4,0.15,0.63,-0.275,12.0
4.0,0.7,1.5,3.0,0.4,3600,0.4,16,81.2,-4.43,0.15,0.63,-0.277,12.0
4.0,0.7,1.5,3.0,0.6,3600,0.4,16,81.2,-4.43,0.15,0.63,-0.277,12.0
4.0,0.7,1.5,3.0,0.8,3600,0.4,16,81.2,-4.43,0.15,0.63,-0.277,12.0
4.0,0.7,1.5,4.5,0.4,3600,0.4,16,81.2,-4.43,0.15,0.63,-0.277,12.0
4.0,0.7,1.5,4.5,0.6,3600,0.4,16,81.2,-4.43,0.15,0.63,-0.277,12.0
4.0,0.7,1.5,4.5,0.8,3600,0.4,16,81.2,-4.43,0.15,0.63,-0.277,12.0
4.0,0.7,2.5,3.0,0.4,3600,0.4,16,81.2,-4.43,0.15,0.63,-0.277,12.0
4.0,0.7,2.5,3.0,0.6,3600,0.4,16,81.2,-4.43,0.15,0.63,-0.277,12.0
4.0,0.7,2.5,3.0,0.8,3600,0.4,16,81.2,-4.43,0.15,0.63,-0.277,12.0
4.0,0.7,2.5,4.5,0.4,3600,0.4,16,81.2,-4.43,0.15,0.63,-0.277,12.0
4.0,0.7,2.5,4.5,0.6,3600,0.4,16,81.2,-4.43,0.15,0.63,-0.277,12.0
4.0,0.7,2.5,4.5,0.8,3600,0.4,16,81.2,-4.43,0.15,0.63,-0.277,12.0
4.0,1.5,2.5,3.0,0.8,2400,0.8,15,73.3,-4.19,0.24,0.65,-0.279,12.0
2.0,1.5,2.5,4.5,0.8,1200,0.2,13,53.8,-3.65,0.6,0.7,-0.281,8.65
2.0,1.5,2.5,4.5,0.8,2400,0.2,13,53.8,-3.65,0.6,0.7,-0.281,8.65
2.0,1.5,2.5,4.5,0.8,3600,0.2,13,53.8,-3.65,0.6,0.7,-0.281,8.65
2.0,1.5,2.5,4.5,0.8,7200,0.2,13,53.8,-3.65,0.6,0.7,-0.281,8.65
2.0,1.5,2.5,4.5,0.8,14400,0.2,13,53.8,-3.65,0.6,0.7,-0.281,8.65
2.0,1.5,2.5,4.5,0.8,14400,0.4,13,53.8,-3.65,0.6,0.7,-0.281,8.65
2.0,1.5,2.5,4.5,0.8,,0.4,13,53.8,-3.65,0.6,0.7,-0.281,8.65
2.0,1.0,1.5,3.0,0.4,7200,0.4,13,61.5,-3.66,0.4,0.63,-0.282,7.3
2.0,1.0,1.5,3.0,0.6,7200,0.4,13,61.5,-3.66,0.4,0.63,-0.282,7.3
2.0,1.0,1.5,3.0,0.8,7200,0.4,13,61.5,-3.66,0.4,0.63,-0.282,7.3
2.0,1.0,1.5,4.5,0.4,7200,0.4,13,61.5,-3.66,0.4,0.63,-0.282,7.3
2.0,1.0,1.5,4.5,0.6,7200,0.4,13,61.5,-3.66,0.4,0.63,-0.282,7.3
2.0,1.0,1.5,4.5,0.8,7200,0.4,13,61.5,-3.66,0.4,0.63,-0.282,7.3
2.0,1.0,2.5,3.0,0.4,7200,0.4,13,61.5,-3.66,0.4,0.63,-0.282,7.3
2.0,1.0,2.5,3.0,0.6,7200,0.4,13,61.5,-3.66,0.4,0.63,-0.282,7.3
2.0,1.0,2.5,3.0,0.8,7200,0.4,13,61.5,-3.66,0.4,0.63,-0.282,7.3
2.0,1.0,2.5,4.5,0.4,7200,0.4,13,61.5,-3.66,0.4,0.63,-0.282,7.3
2.0,1.0,2.5,4.5,0.6,7200,0.4,13,61.5,-3.66,0.4,0.63,-0.282,7.3
2.0,1.0,2.5,4.5,0.8,7200,0.4,13,61.5,-3.66,0.4,0.63,-0.282,7.3
4.0,0.7,1.5,3.0,0.4,14400,0.8,16,75.0,-4.51,0.21,0.63,-0.282,12.07
4.0,0.7,1.5,3.0,0.6,14400,0.8,16,75.0,-4.51,0.21,0.63,-0.282,12.07
4.0,0.7,1.5,3.0,0.8,14400,0.8,16,75.0,-4.51,0.21,0.63,-0.282,12.07
4.0,0.7,1.5,4.5,0.4,14400,0.8,16,75.0,-4.51,0.21,0.63,-0.282,12.07
4.0,0.7,1.5,4.5,0.6,14400,0.8,16,75.0,-4.51,0.21,0.63,-0.282,12.07
4.0,0.7,1.5,4.5,0.8,14400,0.8,16,75.0,-4.51,0.21,0.63,-0.282,12.07
4.0,0.7,2.5,3.0,0.4,14400,0.8,16,75.0,-4.51,0.21,0.63,-0.282,12.07
4.0,0.7,2.5,3.0,0.6,14400,0.8,16,75.0,-4.51,0.21,0.63,-0.282,12.07
4.0,0.7,2.5,3.0,0.8,14400,0.8,16,75.0,-4.51,0.21,0.63,-0.282,12.07
4.0,0.7,2.5,4.5,0.4,14400,0.8,16,75.0,-4.51,0.21,0.63,-0.282,12.07
4.0,0.7,2.5,4.5,0.6,14400,0.8,16,75.0,-4.51,0.21,0.63,-0.282,12.07
4.0,0.7,2.5,4.5,0.8,14400,0.8,16,75.0,-4.51,0.21,0.63,-0.282,12.07
4.0,0.7,1.5,3.0,0.4,2400,0.4,16,81.2,-4.53,0.14,0.62,-0.283,12.0
4.0,0.7,1.5,3.0,0.6,2400,0.4,16,81.2,-4.53,0.14,0.62,-0.283,12.0
4.0,0.7,1.5,3.0,0.8,2400,0.4,16,81.2,-4.53,0.14,0.62,-0.283,12.0
4.0,0.7,1.5,4.5,0.4,2400,0.4,16,81.2,-4.53,0.14,0.62,-0.283,12.0
4.0,0.7,1.5,4.5,0.6,2400,0.4,16,81.2,-4.53,0.14,0.62,-0.283,12.0
4.0,0.7,1.5,4.5,0.8,2400,0.4,16,81.2,-4.53,0.14,0.62,-0.283,12.0
4.0,0.7,2.5,3.0,0.4,2400,0.4,16,81.2,-4.53,0.14,0.62,-0.283,12.0
4.0,0.7,2.5,3.0,0.6,2400,0.4,16,81.2,-4.53,0.14,0.62,-0.283,12.0
4.0,0.7,2.5,3.0,0.8,2400,0.4,16,81.2,-4.53,0.14,0.62,-0.283,12.0
4.0,0.7,2.5,4.5,0.4,2400,0.4,16,81.2,-4.53,0.14,0.62,-0.283,12.0
4.0,0.7,2.5,4.5,0.6,2400,0.4,16,81.2,-4.53,0.14,0.62,-0.283,12.0
4.0,0.7,2.5,4.5,0.8,2400,0.4,16,81.2,-4.53,0.14,0.62,-0.283,12.0
2.0,1.0,1.5,3.0,0.4,3600,0.4,13,61.5,-3.69,0.39,0.63,-0.284,7.3
2.0,1.0,1.5,3.0,0.6,3600,0.4,13,61.5,-3.69,0.39,0.63,-0.284,7.3
2.0,1.0,1.5,3.0,0.8,3600,0.4,13,61.5,-3.69,0.39,0.63,-0.284,7.3
2.0,1.0,1.5,4.5,0.4,3600,0.4,13,61.5,-3.69,0.39,0.63,-0.284,7.3
2.0,1.0,1.5,4.5,0.6,3600,0.4,13,61.5,-3.69,0.39,0.63,-0.284,7.3
2.0,1.0,1.5,4.5,0.8,3600,0.4,13,61.5,-3.69,0.39,0.63,-0.284,7.3
2.0,1.0,2.5,3.0,0.4,3600,0.4,13,61.5,-3.69,0.39,0.63,-0.284,7.3
2.0,1.0,2.5,3.0,0.6,3600,0.4,13,61.5,-3.69,0.39,0.63,-0.284,7.3
2.0,1.0,2.5,3.0,0.8,3600,0.4,13,61.5,-3.69,0.39,0.63,-0.284,7.3
2.0,1.0,2.5,4.5,0.4,3600,0.4,13,61.5,-3.69,0.39,0.63,-0.284,7.3
2.0,1.0,2.5,4.5,0.6,3600,0.4,13,61.5,-3.69,0.39,0.63,-0.284,7.3
2.0,1.0,2.5,4.5,0.8,3600,0.4,13,61.5,-3.69,0.39,0.63,-0.284,7.3
5.0,0.7,1.5,3.0,0.4,1200,0.4,16,75.0,-4.59,0.18,0.55,-0.287,10.0
5.0,0.7,1.5,3.0,0.6,1200,0.4,16,75.0,-4.59,0.18,0.55,-0.287,10.0
5.0,0.7,1.5,3.0,0.8,1200,0.4,16,75.0,-4.59,0.18,0.55,-0.287,10.0
5.0,0.7,1.5,4.5,0.4,1200,0.4,16,75.0,-4.59,0.18,0.55,-0.287,10.0
5.0,0.7,1.5,4.5,0.6,1200,0.4,16,75.0,-4.59,0.18,0.55,-0.287,10.0
5.0,0.7,1.5,4.5,0.8,1200,0.4,16,75.0,-4.59,0.18,0.55,-0.287,10.0
5.0,0.7,2.5,3.0,0.4,1200,0.4,16,75.0,-4.59,0.18,0.55,-0.287,10.0
5.0,0.7,2.5,3.0,0.6,1200,0.4,16,75.0,-4.59,0.18,0.55,-0.287,10.0
5.0,0.7,2.5,3.0,0.8,1200,0.4,16,75.0,-4.59,0.18,0.55,-0.287,10.0
5.0,0.7,2.5,4.5,0.4,1200,0.4,16,75.0,-4.59,0.18,0.55,-0.287,10.0
5.0,0.7,2.5,4.5,0.6,1200,0.4,16,75.0,-4.59,0.18,0.55,-0.287,10.0
5.0,0.7,2.5,4.5,0.8,1200,0.4,16,75.0,-4.59,0.18,0.55,-0.287,10.0
2.0,1.0,1.5,3.0,0.4,14400,0.8,13,53.8,-3.77,0.54,0.63,-0.29,7.37
2.0,1.0,1.5,3.0,0.6,14400,0.8,13,53.8,-3.77,0.54,0.63,-0.29,7.37
2.0,1.0,1.5,3.0,0.8,14400,0.8,13,53.8,-3.77,0.54,0.63,-0.29,7.37
2.0,1.0,1.5,4.5,0.4,14400,0.8,13,53.8,-3.77,0.54,0.63,-0.29,7.37
2.0,1.0,1.5,4.5,0.6,14400,0.8,13,53.8,-3.77,0.54,0.63,-0.29,7.37
2.0,1.0,1.5,4.5,0.8,14400,0.8,13,53.8,-3.77,0.54,0.63,-0.29,7.37
2.0,1.0,2.5,3.0,0.4,14400,0.8,13,53.8,-3.77,0.54,0.63,-0.29,7.37
2.0,1.0,2.5,3.0,0.6,14400,0.8,13,53.8,-3.77,0.54,0.63,-0.29,7.37
2.0,1.0,2.5,3.0,0.8,14400,0.8,13,53.8,-3.77,0.54,0.63,-0.29,7.37
2.0,1.0,2.5,4.5,0.4,14400,0.8,13,53.8,-3.77,0.54,0.63,-0.29,7.37
2.0,1.0,2.5,4.5,0.6,14400,0.8,13,53.8,-3.77,0.54,0.63,-0.29,7.37
2.0,1.0,2.5,4.5,0.8,14400,0.8,13,53.8,-3.77,0.54,0.63,-0.29,7.37
3.0,1.5,2.5,3.0,0.8,1200,0.2,11,63.6,-3.2,0.42,0.73,-0.291,10.65
3.0,1.5,2.5,3.0,0.8,2400,0.2,11,63.6,-3.2,0.42,0.73,-0.291,10.65
3.0,1.5,2.5,3.0,0.8,3600,0.2,11,63.6,-3.2,0.42,0.73,-0.291,10.65
3.0,1.5,2.5,3.0,0.8,7200,0.2,11,63.6,-3.2,0.42,0.73,-0.291,10.65
3.0,1.5,2.5,3.0,0.8,14400,0.2,11,63.6,-3.2,0.42,0.73,-0.291,10.65
3.0,1.5,2.5,3.0,0.8,14400,0.4,11,63.6,-3.2,0.42,0.73,-0.291,10.65
3.0,1.5,2.5,3.0,0.8,,0.4,11,63.6,-3.2,0.42,0.73,-0.291,10.65
5.0,1.5,2.5,3.0,0.6,3600,0.8,13,76.9,-3.83,0.19,0.63,-0.295,10.38
5.0,1.5,2.5,4.5,0.6,3600,0.8,13,76.9,-3.83,0.19,0.63,-0.295,10.38
4.0,0.7,1.5,3.0,0.4,1200,0.8,18,55.6,-5.36,0.33,0.41,-0.298,8.42
4.0,0.7,1.5,3.0,0.6,1200,0.8,18,55.6,-5.36,0.33,0.41,-0.298,8.42
4.0,0.7,1.5,3.0,0.8,1200,0.8,18,55.6,-5.36,0.33,0.41,-0.298,8.42
4.0,0.7,1.5,4.5,0.4,1200,0.8,18,55.6,-5.36,0.33,0.41,-0.298,8.42
4.0,0.7,1.5,4.5,0.6,1200,0.8,18,55.6,-5.36,0.33,0.41,-0.298,8.42
4.0,0.7,1.5,4.5,0.8,1200,0.8,18,55.6,-5.36,0.33,0.41,-0.298,8.42
4.0,0.7,2.5,3.0,0.4,1200,0.8,18,55.6,-5.36,0.33,0.41,-0.298,8.42
4.0,0.7,2.5,3.0,0.6,1200,0.8,18,55.6,-5.36,0.33,0.41,-0.298,8.42
4.0,0.7,2.5,3.0,0.8,1200,0.8,18,55.6,-5.36,0.33,0.41,-0.298,8.42
4.0,0.7,2.5,4.5,0.4,1200,0.8,18,55.6,-5.36,0.33,0.41,-0.298,8.42
4.0,0.7,2.5,4.5,0.6,1200,0.8,18,55.6,-5.36,0.33,0.41,-0.298,8.42
4.0,0.7,2.5,4.5,0.8,1200,0.8,18,55.6,-5.36,0.33,0.41,-0.298,8.42
2.0,1.5,2.5,3.0,0.4,7200,0.8,13,53.8,-3.89,0.53,0.62,-0.299,6.77
2.0,1.5,2.5,4.5,0.4,7200,0.8,13,53.8,-3.89,0.53,0.62,-0.299,6.77
3.0,1.5,2.5,4.5,0.8,7200,0.4,12,66.7,-3.61,0.35,0.7,-0.301,10.65
3.0,1.5,2.5,4.5,0.8,3600,0.4,12,66.7,-3.64,0.35,0.7,-0.303,10.65
5.0,1.5,2.5,3.0,0.4,3600,0.8,13,76.9,-4.0,0.18,0.62,-0.308,10.38
5.0,1.5,2.5,4.5,0.4,3600,0.8,13,76.9,-4.0,0.18,0.62,-0.308,10.38
4.0,1.5,2.5,4.5,0.8,2400,0.8,15,73.3,-4.64,0.22,0.61,-0.309,12.0
3.0,1.5,2.5,4.5,0.8,14400,0.8,12,58.3,-3.72,0.49,0.69,-0.31,10.72
4.0,1.0,1.5,3.0,0.4,1200,0.4,15,73.3,-4.65,0.22,0.61,-0.31,12.0
4.0,1.0,1.5,3.0,0.6,1200,0.4,15,73.3,-4.65,0.22,0.61,-0.31,12.0
4.0,1.0,1.5,3.0,0.8,1200,0.4,15,73.3,-4.65,0.22,0.61,-0.31,12.0
4.0,1.0,1.5,4.5,0.4,1200,0.4,15,73.3,-4.65,0.22,0.61,-0.31,12.0
4.0,1.0,1.5,4.5,0.6,1200,0.4,15,73.3,-4.65,0.22,0.61,-0.31,12.0
4.0,1.0,1.5,4.5,0.8,1200,0.4,15,73.3,-4.65,0.22,0.61,-0.31,12.0
4.0,1.5,2.5,3.0,0.4,1200,0.4,15,73.3,-4.67,0.22,0.61,-0.311,12.0
4.0,1.5,2.5,4.5,0.4,1200,0.4,15,73.3,-4.67,0.22,0.61,-0.311,12.0
5.0,1.0,1.5,3.0,0.4,3600,0.8,13,76.9,-4.06,0.18,0.61,-0.312,10.38
5.0,1.0,1.5,3.0,0.6,3600,0.8,13,76.9,-4.06,0.18,0.61,-0.312,10.38
5.0,1.0,1.5,3.0,0.8,3600,0.8,13,76.9,-4.06,0.18,0.61,-0.312,10.38
5.0,1.0,1.5,4.5,0.4,3600,0.8,13,76.9,-4.06,0.18,0.61,-0.312,10.38
5.0,1.0,1.5,4.5,0.6,3600,0.8,13,76.9,-4.06,0.18,0.61,-0.312,10.38
5.0,1.0,1.5,4.5,0.8,3600,0.8,13,76.9,-4.06,0.18,0.61,-0.312,10.38
5.0,1.0,2.5,3.0,0.4,3600,0.8,13,76.9,-4.06,0.18,0.61,-0.312,10.38
5.0,1.0,2.5,3.0,0.6,3600,0.8,13,76.9,-4.06,0.18,0.61,-0.312,10.38
5.0,1.0,2.5,3.0,0.8,3600,0.8,13,76.9,-4.06,0.18,0.61,-0.312,10.38
5.0,1.0,2.5,4.5,0.4,3600,0.8,13,76.9,-4.06,0.18,0.61,-0.312,10.38
5.0,1.0,2.5,4.5,0.6,3600,0.8,13,76.9,-4.06,0.18,0.61,-0.312,10.38
5.0,1.0,2.5,4.5,0.8,3600,0.8,13,76.9,-4.06,0.18,0.61,-0.312,10.38
4.0,1.5,2.5,3.0,0.8,3600,0.8,14,71.4,-4.42,0.26,0.64,-0.316,12.38
3.0,1.5,2.5,4.5,0.8,1200,0.2,11,63.6,-3.65,0.4,0.7,-0.332,10.65
3.0,1.5,2.5,4.5,0.8,2400,0.2,11,63.6,-3.65,0.4,0.7,-0.332,10.65
3.0,1.5,2.5,4.5,0.8,3600,0.2,11,63.6,-3.65,0.4,0.7,-0.332,10.65
3.0,1.5,2.5,4.5,0.8,7200,0.2,11,63.6,-3.65,0.4,0.7,-0.332,10.65
3.0,1.5,2.5,4.5,0.8,14400,0.2,11,63.6,-3.65,0.4,0.7,-0.332,10.65
3.0,1.5,2.5,4.5,0.8,14400,0.4,11,63.6,-3.65,0.4,0.7,-0.332,10.65
3.0,1.5,2.5,4.5,0.8,,0.4,11,63.6,-3.65,0.4,0.7,-0.332,10.65
5.0,0.7,1.5,3.0,0.4,7200,0.8,15,66.7,-5.04,0.27,0.53,-0.336,10.12
5.0,0.7,1.5,3.0,0.6,7200,0.8,15,66.7,-5.04,0.27,0.53,-0.336,10.12
5.0,0.7,1.5,3.0,0.8,7200,0.8,15,66.7,-5.04,0.27,0.53,-0.336,10.12
5.0,0.7,1.5,4.5,0.4,7200,0.8,15,66.7,-5.04,0.27,0.53,-0.336,10.12
5.0,0.7,1.5,4.5,0.6,7200,0.8,15,66.7,-5.04,0.27,0.53,-0.336,10.12
5.0,0.7,1.5,4.5,0.8,7200,0.8,15,66.7,-5.04,0.27,0.53,-0.336,10.12
5.0,0.7,2.5,3.0,0.4,7200,0.8,15,66.7,-5.04,0.27,0.53,-0.336,10.12
5.0,0.7,2.5,3.0,0.6,7200,0.8,15,66.7,-5.04,0.27,0.53,-0.336,10.12
5.0,0.7,2.5,3.0,0.8,7200,0.8,15,66.7,-5.04,0.27,0.53,-0.336,10.12
5.0,0.7,2.5,4.5,0.4,7200,0.8,15,66.7,-5.04,0.27,0.53,-0.336,10.12
5.0,0.7,2.5,4.5,0.6,7200,0.8,15,66.7,-5.04,0.27,0.53,-0.336,10.12
5.0,0.7,2.5,4.5,0.8,7200,0.8,15,66.7,-5.04,0.27,0.53,-0.336,10.12
5.0,0.7,1.5,3.0,0.4,2400,0.8,16,75.0,-5.39,0.16,0.49,-0.337,10.0
5.0,0.7,1.5,3.0,0.6,2400,0.8,16,75.0,-5.39,0.16,0.49,-0.337,10.0
5.0,0.7,1.5,3.0,0.8,2400,0.8,16,75.0,-5.39,0.16,0.49,-0.337,10.0
5.0,0.7,1.5,4.5,0.4,2400,0.8,16,75.0,-5.39,0.16,0.49,-0.337,10.0
5.0,0.7,1.5,4.5,0.6,2400,0.8,16,75.0,-5.39,0.16,0.49,-0.337,10.0
5.0,0.7,1.5,4.5,0.8,2400,0.8,16,75.0,-5.39,0.16,0.49,-0.337,10.0
5.0,0.7,2.5,3.0,0.4,2400,0.8,16,75.0,-5.39,0.16,0.49,-0.337,10.0
5.0,0.7,2.5,3.0,0.6,2400,0.8,16,75.0,-5.39,0.16,0.49,-0.337,10.0
5.0,0.7,2.5,3.0,0.8,2400,0.8,16,75.0,-5.39,0.16,0.49,-0.337,10.0
5.0,0.7,2.5,4.5,0.4,2400,0.8,16,75.0,-5.39,0.16,0.49,-0.337,10.0
5.0,0.7,2.5,4.5,0.6,2400,0.8,16,75.0,-5.39,0.16,0.49,-0.337,10.0
5.0,0.7,2.5,4.5,0.8,2400,0.8,16,75.0,-5.39,0.16,0.49,-0.337,10.0
4.0,1.0,2.5,3.0,0.4,1200,0.4,15,73.3,-5.1,0.21,0.58,-0.34,12.0
4.0,1.0,2.5,3.0,0.6,1200,0.4,15,73.3,-5.1,0.21,0.58,-0.34,12.0
4.0,1.0,2.5,3.0,0.8,1200,0.4,15,73.3,-5.1,0.21,0.58,-0.34,12.0
4.0,1.0,2.5,4.5,0.4,1200,0.4,15,73.3,-5.1,0.21,0.58,-0.34,12.0
4.0,1.0,2.5,4.5,0.6,1200,0.4,15,73.3,-5.1,0.21,0.58,-0.34,12.0
4.0,1.0,2.5,4.5,0.8,1200,0.4,15,73.3,-5.1,0.21,0.58,-0.34,12.0
2.0,0.7,1.5,3.0,0.4,1200,0.4,17,58.8,-5.85,0.3,0.43,-0.344,6.72
2.0,0.7,1.5,3.0,0.6,1200,0.4,17,58.8,-5.85,0.3,0.43,-0.344,6.72
2.0,0.7,1.5,3.0,0.8,1200,0.4,17,58.8,-5.85,0.3,0.43,-0.344,6.72
2.0,0.7,1.5,4.5,0.4,1200,0.4,17,58.8,-5.85,0.3,0.43,-0.344,6.72
2.0,0.7,1.5,4.5,0.6,1200,0.4,17,58.8,-5.85,0.3,0.43,-0.344,6.72
2.0,0.7,1.5,4.5,0.8,1200,0.4,17,58.8,-5.85,0.3,0.43,-0.344,6.72
2.0,0.7,2.5,3.0,0.4,1200,0.4,17,58.8,-5.85,0.3,0.43,-0.344,6.72
2.0,0.7,2.5,3.0,0.6,1200,0.4,17,58.8,-5.85,0.3,0.43,-0.344,6.72
2.0,0.7,2.5,3.0,0.8,1200,0.4,17,58.8,-5.85,0.3,0.43,-0.344,6.72
2.0,0.7,2.5,4.5,0.4,1200,0.4,17,58.8,-5.85,0.3,0.43,-0.344,6.72
2.0,0.7,2.5,4.5,0.6,1200,0.4,17,58.8,-5.85,0.3,0.43,-0.344,6.72
2.0,0.7,2.5,4.5,0.8,1200,0.4,17,58.8,-5.85,0.3,0.43,-0.344,6.72
5.0,0.7,1.5,3.0,0.4,3600,0.8,15,73.3,-5.16,0.18,0.51,-0.344,10.38
5.0,0.7,1.5,3.0,0.6,3600,0.8,15,73.3,-5.16,0.18,0.51,-0.344,10.38
5.0,0.7,1.5,3.0,0.8,3600,0.8,15,73.3,-5.16,0.18,0.51,-0.344,10.38
5.0,0.7,1.5,4.5,0.4,3600,0.8,15,73.3,-5.16,0.18,0.51,-0.344,10.38
5.0,0.7,1.5,4.5,0.6,3600,0.8,15,73.3,-5.16,0.18,0.51,-0.344,10.38
5.0,0.7,1.5,4.5,0.8,3600,0.8,15,73.3,-5.16,0.18,0.51,-0.344,10.38
5.0,0.7,2.5,3.0,0.4,3600,0.8,15,73.3,-5.16,0.18,0.51,-0.344,10.38
5.0,0.7,2.5,3.0,0.6,3600,0.8,15,73.3,-5.16,0.18,0.51,-0.344,10.38
5.0,0.7,2.5,3.0,0.8,3600,0.8,15,73.3,-5.16,0.18,0.51,-0.344,10.38
5.0,0.7,2.5,4.5,0.4,3600,0.8,15,73.3,-5.16,0.18,0.51,-0.344,10.38
5.0,0.7,2.5,4.5,0.6,3600,0.8,15,73.3,-5.16,0.18,0.51,-0.344,10.38
5.0,0.7,2.5,4.5,0.8,3600,0.8,15,73.3,-5.16,0.18,0.51,-0.344,10.38
3.0,1.5,2.5,3.0,0.6,2400,0.4,13,69.2,-4.51,0.28,0.62,-0.347,10.65
3.0,1.5,2.5,4.5,0.6,2400,0.4,13,69.2,-4.51,0.28,0.62,-0.347,10.65
4.0,1.5,2.5,4.5,0.8,3600,0.8,14,71.4,-4.87,0.24,0.61,-0.348,12.38
2.0,1.5,2.5,3.0,0.6,7200,0.8,13,53.8,-4.69,0.46,0.54,-0.361,6.77
2.0,1.5,2.5,4.5,0.6,7200,0.8,13,53.8,-4.69,0.46,0.54,-0.361,6.77
2.0,1.0,1.5,3.0,0.4,7200,0.8,13,53.8,-4.72,0.46,0.54,-0.363,7.42
2.0,1.0,1.5,3.0,0.6,7200,0.8,13,53.8,-4.72,0.46,0.54,-0.363,7.42
2.0,1.0,1.5,3.0,0.8,7200,0.8,13,53.8,-4.72,0.46,0.54,-0.363,7.42
2.0,1.0,1.5,4.5,0.4,7200,0.8,13,53.8,-4.72,0.46,0.54,-0.363,7.42
2.0,1.0,1.5,4.5,0.6,7200,0.8,13,53.8,-4.72,0.46,0.54,-0.363,7.42
2.0,1.0,1.5,4.5,0.8,7200,0.8,13,53.8,-4.72,0.46,0.54,-0.363,7.42
2.0,1.0,2.5,3.0,0.4,7200,0.8,13,53.8,-4.72,0.46,0.54,-0.363,7.42
2.0,1.0,2.5,3.0,0.6,7200,0.8,13,53.8,-4.72,0.46,0.54,-0.363,7.42
2.0,1.0,2.5,3.0,0.8,7200,0.8,13,53.8,-4.72,0.46,0.54,-0.363,7.42
2.0,1.0,2.5,4.5,0.4,7200,0.8,13,53.8,-4.72,0.46,0.54,-0.363,7.42
2.0,1.0,2.5,4.5,0.6,7200,0.8,13,53.8,-4.72,0.46,0.54,-0.363,7.42
2.0,1.0,2.5,4.5,0.8,7200,0.8,13,53.8,-4.72,0.46,0.54,-0.363,7.42
4.0,1.5,2.5,3.0,0.6,2400,0.8,15,73.3,-5.6,0.19,0.53,-0.373,12.0
4.0,1.5,2.5,4.5,0.6,2400,0.8,15,73.3,-5.6,0.19,0.53,-0.373,12.0
4.0,1.5,2.5,3.0,0.4,2400,0.8,15,73.3,-5.77,0.19,0.52,-0.385,12.0
4.0,1.5,2.5,4.5,0.4,2400,0.8,15,73.3,-5.77,0.19,0.52,-0.385,12.0
4.0,0.7,1.5,3.0,0.4,1200,0.4,17,70.6,-6.59,0.19,0.46,-0.388,12.0
4.0,0.7,1.5,3.0,0.6,1200,0.4,17,70.6,-6.59,0.19,0.46,-0.388,12.0
4.0,0.7,1.5,3.0,0.8,1200,0.4,17,70.6,-6.59,0.19,0.46,-0.388,12.0
4.0,0.7,1.5,4.5,0.4,1200,0.4,17,70.6,-6.59,0.19,0.46,-0.388,12.0
4.0,0.7,1.5,4.5,0.6,1200,0.4,17,70.6,-6.59,0.19,0.46,-0.388,12.0
4.0,0.7,1.5,4.5,0.8,1200,0.4,17,70.6,-6.59,0.19,0.46,-0.388,12.0
4.0,0.7,2.5,3.0,0.4,1200,0.4,17,70.6,-6.59,0.19,0.46,-0.388,12.0
4.0,0.7,2.5,3.0,0.6,1200,0.4,17,70.6,-6.59,0.19,0.46,-0.388,12.0
4.0,0.7,2.5,3.0,0.8,1200,0.4,17,70.6,-6.59,0.19,0.46,-0.388,12.0
4.0,0.7,2.5,4.5,0.4,1200,0.4,17,70.6,-6.59,0.19,0.46,-0.388,12.0
4.0,0.7,2.5,4.5,0.6,1200,0.4,17,70.6,-6.59,0.19,0.46,-0.388,12.0
4.0,0.7,2.5,4.5,0.8,1200,0.4,17,70.6,-6.59,0.19,0.46,-0.388,12.0
3.0,1.5,2.5,3.0,0.8,7200,0.8,12,58.3,-4.67,0.44,0.62,-0.389,10.77
4.0,1.0,1.5,3.0,0.4,2400,0.8,15,73.3,-5.83,0.19,0.51,-0.389,12.0
4.0,1.0,1.5,3.0,0.6,2400,0.8,15,73.3,-5.83,0.19,0.51,-0.389,12.0
4.0,1.0,1.5,3.0,0.8,2400,0.8,15,73.3,-5.83,0.19,0.51,-0.389,12.0
4.0,1.0,1.5,4.5,0.4,2400,0.8,15,73.3,-5.83,0.19,0.51,-0.389,12.0
4.0,1.0,1.5,4.5,0.6,2400,0.8,15,73.3,-5.83,0.19,0.51,-0.389,12.0
4.0,1.0,1.5,4.5,0.8,2400,0.8,15,73.3,-5.83,0.19,0.51,-0.389,12.0
4.0,1.0,2.5,3.0,0.4,2400,0.8,15,73.3,-5.83,0.19,0.51,-0.389,12.0
4.0,1.0,2.5,3.0,0.6,2400,0.8,15,73.3,-5.83,0.19,0.51,-0.389,12.0
4.0,1.0,2.5,3.0,0.8,2400,0.8,15,73.3,-5.83,0.19,0.51,-0.389,12.0
4.0,1.0,2.5,4.5,0.4,2400,0.8,15,73.3,-5.83,0.19,0.51,-0.389,12.0
4.0,1.0,2.5,4.5,0.6,2400,0.8,15,73.3,-5.83,0.19,0.51,-0.389,12.0
4.0,1.0,2.5,4.5,0.8,2400,0.8,15,73.3,-5.83,0.19,0.51,-0.389,12.0
2.0,1.5,2.5,3.0,0.4,1200,0.2,13,53.8,-5.12,0.49,0.57,-0.394,8.65
2.0,1.5,2.5,3.0,0.4,2400,0.2,13,53.8,-5.12,0.49,0.57,-0.394,8.65
2.0,1.5,2.5,3.0,0.4,3600,0.2,13,53.8,-5.12,0.49,0.57,-0.394,8.65
2.0,1.5,2.5,3.0,0.4,7200,0.2,13,53.8,-5.12,0.49,0.57,-0.394,8.65
2.0,1.5,2.5,3.0,0.4,14400,0.2,13,53.8,-5.12,0.49,0.57,-0.394,8.65
2.0,1.5,2.5,3.0,0.4,14400,0.4,13,53.8,-5.12,0.49,0.57,-0.394,8.65
2.0,1.5,2.5,3.0,0.4,,0.4,13,53.8,-5.12,0.49,0.57,-0.394,8.65
2.0,1.5,2.5,4.5,0.4,1200,0.2,13,53.8,-5.12,0.49,0.57,-0.394,8.65
2.0,1.5,2.5,4.5,0.4,2400,0.2,13,53.8,-5.12,0.49,0.57,-0.394,8.65
2.0,1.5,2.5,4.5,0.4,3600,0.2,13,53.8,-5.12,0.49,0.57,-0.394,8.65
2.0,1.5,2.5,4.5,0.4,7200,0.2,13,53.8,-5.12,0.49,0.57,-0.394,8.65
2.0,1.5,2.5,4.5,0.4,14400,0.2,13,53.8,-5.12,0.49,0.57,-0.394,8.65
2.0,1.5,2.5,4.5,0.4,14400,0.4,13,53.8,-5.12,0.49,0.57,-0.394,8.65
2.0,1.5,2.5,4.5,0.4,,0.4,13,53.8,-5.12,0.49,0.57,-0.394,8.65
3.0,1.5,2.5,3.0,0.4,2400,0.4,13,69.2,-5.14,0.25,0.57,-0.395,10.65
3.0,1.5,2.5,4.5,0.4,2400,0.4,13,69.2,-5.14,0.25,0.57,-0.395,10.65
3.0,1.0,1.5,3.0,0.4,2400,0.4,13,69.2,-5.16,0.25,0.57,-0.397,11.1
3.0,1.0,1.5,3.0,0.6,2400,0.4,13,69.2,-5.16,0.25,0.57,-0.397,11.1
3.0,1.0,1.5,3.0,0.8,2400,0.4,13,69.2,-5.16,0.25,0.57,-0.397,11.1
3.0,1.0,1.5,4.5,0.4,2400,0.4,13,69.2,-5.16,0.25,0.57,-0.397,11.1
3.0,1.0,1.5,4.5,0.6,2400,0.4,13,69.2,-5.16,0.25,0.57,-0.397,11.1
3.0,1.0,1.5,4.5,0.8,2400,0.4,13,69.2,-5.16,0.25,0.57,-0.397,11.1
3.0,1.0,2.5,3.0,0.4,2400,0.4,13,69.2,-5.16,0.25,0.57,-0.397,11.1
3.0,1.0,2.5,3.0,0.6,2400,0.4,13,69.2,-5.16,0.25,0.57,-0.397,11.1
3.0,1.0,2.5,3.0,0.8,2400,0.4,13,69.2,-5.16,0.25,0.57,-0.397,11.1
3.0,1.0,2.5,4.5,0.4,2400,0.4,13,69.2,-5.16,0.25,0.57,-0.397,11.1
3.0,1.0,2.5,4.5,0.6,2400,0.4,13,69.2,-5.16,0.25,0.57,-0.397,11.1
3.0,1.0,2.5,4.5,0.8,2400,0.4,13,69.2,-5.16,0.25,0.57,-0.397,11.1
2.0,1.5,2.5,3.0,0.6,1200,0.2,13,53.8,-5.22,0.48,0.57,-0.402,8.65
2.0,1.5,2.5,3.0,0.6,2400,0.2,13,53.8,-5.22,0.48,0.57,-0.402,8.65
2.0,1.5,2.5,3.0,0.6,3600,0.2,13,53.8,-5.22,0.48,0.57,-0.402,8.65
2.0,1.5,2.5,3.0,0.6,7200,0.2,13,53.8,-5.22,0.48,0.57,-0.402,8.65
2.0,1.5,2.5,3.0,0.6,14400,0.2,13,53.8,-5.22,0.48,0.57,-0.402,8.65
2.0,1.5,2.5,3.0,0.6,14400,0.4,13,53.8,-5.22,0.48,0.57,-0.402,8.65
2.0,1.5,2.5,3.0,0.6,,0.4,13,53.8,-5.22,0.48,0.57,-0.402,8.65
2.0,1.5,2.5,4.5,0.6,1200,0.2,13,53.8,-5.22,0.48,0.57,-0.402,8.65
2.0,1.5,2.5,4.5,0.6,2400,0.2,13,53.8,-5.22,0.48,0.57,-0.402,8.65
2.0,1.5,2.5,4.5,0.6,3600,0.2,13,53.8,-5.22,0.48,0.57,-0.402,8.65
2.0,1.5,2.5,4.5,0.6,7200,0.2,13,53.8,-5.22,0.48,0.57,-0.402,8.65
2.0,1.5,2.5,4.5,0.6,14400,0.2,13,53.8,-5.22,0.48,0.57,-0.402,8.65
2.0,1.5,2.5,4.5,0.6,14400,0.4,13,53.8,-5.22,0.48,0.57,-0.402,8.65
2.0,1.5,2.5,4.5,0.6,,0.4,13,53.8,-5.22,0.48,0.57,-0.402,8.65
4.0,1.5,2.5,3.0,0.6,3600,0.8,14,71.4,-5.83,0.21,0.53,-0.416,12.38
4.0,1.5,2.5,4.5,0.6,3600,0.8,14,71.4,-5.83,0.21,0.53,-0.416,12.38
3.0,1.5,2.5,4.5,0.8,7200,0.8,12,58.3,-5.12,0.41,0.58,-0.427,10.77
4.0,1.5,2.5,3.0,0.4,3600,0.8,14,71.4,-6.0,0.21,0.52,-0.429,12.38
4.0,1.5,2.5,4.5,0.4,3600,0.8,14,71.4,-6.0,0.21,0.52,-0.429,12.38
3.0,1.5,2.5,3.0,0.6,7200,0.4,12,66.7,-5.18,0.28,0.57,-0.432,10.65
3.0,1.5,2.5,4.5,0.6,7200,0.4,12,66.7,-5.18,0.28,0.57,-0.432,10.65
4.0,1.0,1.5,3.0,0.4,3600,0.8,14,71.4,-6.06,0.2,0.51,-0.433,12.38
4.0,1.0,1.5,3.0,0.6,3600,0.8,14,71.4,-6.06,0.2,0.51,-0.433,12.38
4.0,1.0,1.5,3.0,0.8,3600,0.8,14,71.4,-6.06,0.2,0.51,-0.433,12.38
4.0,1.0,1.5,4.5,0.4,3600,0.8,14,71.4,-6.06,0.2,0.51,-0.433,12.38
4.0,1.0,1.5,4.5,0.6,3600,0.8,14,71.4,-6.06,0.2,0.51,-0.433,12.38
4.0,1.0,1.5,4.5,0.8,3600,0.8,14,71.4,-6.06,0.2,0.51,-0.433,12.38
4.0,1.0,2.5,3.0,0.4,3600,0.8,14,71.4,-6.06,0.2,0.51,-0.433,12.38
4.0,1.0,2.5,3.0,0.6,3600,0.8,14,71.4,-6.06,0.2,0.51,-0.433,12.38
4.0,1.0,2.5,3.0,0.8,3600,0.8,14,71.4,-6.06,0.2,0.51,-0.433,12.38
4.0,1.0,2.5,4.5,0.4,3600,0.8,14,71.4,-6.06,0.2,0.51,-0.433,12.38
4.0,1.0,2.5,4.5,0.6,3600,0.8,14,71.4,-6.06,0.2,0.51,-0.433,12.38
4.0,1.0,2.5,4.5,0.8,3600,0.8,14,71.4,-6.06,0.2,0.51,-0.433,12.38
3.0,1.5,2.5,3.0,0.6,3600,0.4,12,66.7,-5.21,0.28,0.57,-0.434,10.65
3.0,1.5,2.5,4.5,0.6,3600,0.4,12,66.7,-5.21,0.28,0.57,-0.434,10.65
4.0,0.7,1.5,3.0,0.4,2400,0.8,17,70.6,-7.39,0.17,0.41,-0.435,12.0
4.0,0.7,1.5,3.0,0.6,2400,0.8,17,70.6,-7.39,0.17,0.41,-0.435,12.0
4.0,0.7,1.5,3.0,0.8,2400,0.8,17,70.6,-7.39,0.17,0.41,-0.435,12.0
4.0,0.7,1.5,4.5,0.4,2400,0.8,17,70.6,-7.39,0.17,0.41,-0.435,12.0
4.0,0.7,1.5,4.5,0.6,2400,0.8,17,70.6,-7.39,0.17,0.41,-0.435,12.0
4.0,0.7,1.5,4.5,0.8,2400,0.8,17,70.6,-7.39,0.17,0.41,-0.435,12.0
4.0,0.7,2.5,3.0,0.4,2400,0.8,17,70.6,-7.39,0.17,0.41,-0.435,12.0
4.0,0.7,2.5,3.0,0.6,2400,0.8,17,70.6,-7.39,0.17,0.41,-0.435,12.0
4.0,0.7,2.5,3.0,0.8,2400,0.8,17,70.6,-7.39,0.17,0.41,-0.435,12.0
4.0,0.7,2.5,4.5,0.4,2400,0.8,17,70.6,-7.39,0.17,0.41,-0.435,12.0
4.0,0.7,2.5,4.5,0.6,2400,0.8,17,70.6,-7.39,0.17,0.41,-0.435,12.0
4.0,0.7,2.5,4.5,0.8,2400,0.8,17,70.6,-7.39,0.17,0.41,-0.435,12.0
2.0,1.0,1.5,3.0,0.4,1200,0.2,13,53.8,-5.7,0.45,0.53,-0.438,9.3
2.0,1.0,1.5,3.0,0.4,2400,0.2,13,53.8,-5.7,0.45,0.53,-0.438,9.3
2.0,1.0,1.5,3.0,0.4,3600,0.2,13,53.8,-5.7,0.45,0.53,-0.438,9.3
2.0,1.0,1.5,3.0,0.4,7200,0.2,13,53.8,-5.7,0.45,0.53,-0.438,9.3
2.0,1.0,1.5,3.0,0.4,14400,0.2,13,53.8,-5.7,0.45,0.53,-0.438,9.3
2.0,1.0,1.5,3.0,0.4,14400,0.4,13,53.8,-5.7,0.45,0.53,-0.438,9.3
2.0,1.0,1.5,3.0,0.4,,0.4,13,53.8,-5.7,0.45,0.53,-0.438,9.3
2.0,1.0,1.5,3.0,0.6,1200,0.2,13,53.8,-5.7,0.45,0.53,-0.438,9.3
2.0,1.0,1.5,3.0,0.6,2400,0.2,13,53.8,-5.7,0.45,0.53,-0.438,9.3
2.0,1.0,1.5,3.0,0.6,3600,0.2,13,53.8,-5.7,0.45,0.53,-0.438,9.3
2.0,1.0,1.5,3.0,0.6,7200,0.2,13,53.8,-5.7,0.45,0.53,-0.438,9.3
2.0,1.0,1.5,3.0,0.6,14400,0.2,13,53.8,-5.7,0.45,0.53,-0.438,9.3
2.0,1.0,1.5,3.0,0.6,14400,0.4,13,53.8,-5.7,0.45,0.53,-0.438,9.3
2.0,1.0,1.5,3.0,0.6,,0.4,13,53.8,-5.7,0.45,0.53,-0.438,9.3
2.0,1.0,1.5,3.0,0.8,1200,0.2,13,53.8,-5.7,0.45,0.53,-0.438,9.3
2.0,1.0,1.5,3.0,0.8,2400,0.2,13,53.8,-5.7,0.45,0.53,-0.438,9.3
2.0,1.0,1.5,3.0,0.8,3600,0.2,13,53.8,-5.7,0.45,0.53,-0.438,9.3
2.0,1.0,1.5,3.0,0.8,7200,0.2,13,53.8,-5.7,0.45,0.53,-0.438,9.3
2.0,1.0,1.5,3.0,0.8,14400,0.2,13,53.8,-5.7,0.45,0.53,-0.438,9.3
2.0,1.0,1.5,3.0,0.8,14400,0.4,13,53.8,-5.7,0.45,0.53,-0.438,9.3
2.0,1.0,1.5,3.0,0.8,,0.4,13,53.8,-5.7,0.45,0.53,-0.438,9.3
2.0,1.0,1.5,4.5,0.4,1200,0.2,13,53.8,-5.7,0.45,0.53,-0.438,9.3
2.0,1.0,1.5,4.5,0.4,2400,0.2,13,53.8,-5.7,0.45,0.53,-0.438,9.3
2.0,1.0,1.5,4.5,0.4,3600,0.2,13,53.8,-5.7,0.45,0.53,-0.438,9.3
2.0,1.0,1.5,4.5,0.4,7200,0.2,13,53.8,-5.7,0.45,0.53,-0.438,9.3
2.0,1.0,1.5,4.5,0.4,14400,0.2,13,53.8,-5.7,0.45,0.53,-0.438,9.3
2.0,1.0,1.5,4.5,0.4,14400,0.4,13,53.8,-5.7,0.45,0.53,-0.438,9.3
2.0,1.0,1.5,4.5,0.4,,0.4,13,53.8,-5.7,0.45,0.53,-0.438,9.3
2.0,1.0,1.5,4.5,0.6,1200,0.2,13,53.8,-5.7,0.45,0.53,-0.438,9.3
2.0,1.0,1.5,4.5,0.6,2400,0.2,13,53.8,-5.7,0.45,0.53,-0.438,9.3
2.0,1.0,1.5,4.5,0.6,3600,0.2,13,53.8,-5.7,0.45,0.53,-0.438,9.3
2.0,1.0,1.5,4.5,0.6,7200,0.2,13,53.8,-5.7,0.45,0.53,-0.438,9.3
2.0,1.0,1.5,4.5,0.6,14400,0.2,13,53.8,-5.7,0.45,0.53,-0.438,9.3
2.0,1.0,1.5,4.5,0.6,14400,0.4,13,53.8,-5.7,0.45,0.53,-0.438,9.3
2.0,1.0,1.5,4.5,0.6,,0.4,13,53.8,-5.7,0.45,0.53,-0.438,9.3
2.0,1.0,1.5,4.5,0.8,1200,0.2,13,53.8,-5.7,0.45,0.53,-0.438,9.3
2.0,1.0,1.5,4.5,0.8,2400,0.2,13,53.8,-5.7,0.45,0.53,-0.438,9.3
2.0,1.0,1.5,4.5,0.8,3600,0.2,13,53.8,-5.7,0.45,0.53,-0.438,9.3
2.0,1.0,1.5,4.5,0.8,7200,0.2,13,53.8,-5.7,0.45,0.53,-0.438,9.3
2.0,1.0,1.5,4.5,0.8,14400,0.2,13,53.8,-5.7,0.45,0.53,-0.438,9.3
2.0,1.0,1.5,4.5,0.8,14400,0.4,13,53.8,-5.7,0.45,0.53,-0.438,9.3
2.0,1.0,1.5,4.5,0.8,,0.4,13,53.8,-5.7,0.45,0.53,-0.438,9.3
2.0,1.0,2.5,3.0,0.4,1200,0.2,13,53.8,-5.7,0.45,0.53,-0.438,9.3
2.0,1.0,2.5,3.0,0.4,2400,0.2,13,53.8,-5.7,0.45,0.53,-0.438,9.3
2.0,1.0,2.5,3.0,0.4,3600,0.2,13,53.8,-5.7,0.45,0.53,-0.438,9.3
2.0,1.0,2.5,3.0,0.4,7200,0.2,13,53.8,-5.7,0.45,0.53,-0.438,9.3
2.0,1.0,2.5,3.0,0.4,14400,0.2,13,53.8,-5.7,0.45,0.53,-0.438,9.3
2.0,1.0,2.5,3.0,0.4,14400,0.4,13,53.8,-5.7,0.45,0.53,-0.438,9.3
2.0,1.0,2.5,3.0,0.4,,0.4,13,53.8,-5.7,0.45,0.53,-0.438,9.3
2.0,1.0,2.5,3.0,0.6,1200,0.2,13,53.8,-5.7,0.45,0.53,-0.438,9.3
2.0,1.0,2.5,3.0,0.6,2400,0.2,13,53.8,-5.7,0.45,0.53,-0.438,9.3
2.0,1.0,2.5,3.0,0.6,3600,0.2,13,53.8,-5.7,0.45,0.53,-0.438,9.3
2.0,1.0,2.5,3.0,0.6,7200,0.2,13,53.8,-5.7,0.45,0.53,-0.438,9.3
2.0,1.0,2.5,3.0,0.6,14400,0.2,13,53.8,-5.7,0.45,0.53,-0.438,9.3
2.0,1.0,2.5,3.0,0.6,14400,0.4,13,53.8,-5.7,0.45,0.53,-0.438,9.3
2.0,1.0,2.5,3.0,0.6,,0.4,13,53.8,-5.7,0.45,0.53,-0.438,9.3
2.0,1.0,2.5,3.0,0.8,1200,0.2,13,53.8,-5.7,0.45,0.53,-0.438,9.3
2.0,1.0,2.5,3.0,0.8,2400,0.2,13,53.8,-5.7,0.45,0.53,-0.438,9.3
2.0,1.0,2.5,3.0,0.8,3600,0.2,13,53.8,-5.7,0.45,0.53,-0.438,9.3
2.0,1.0,2.5,3.0,0.8,7200,0.2,13,53.8,-5.7,0.45,0.53,-0.438,9.3
2.0,1.0,2.5,3.0,0.8,14400,0.2,13,53.8,-5.7,0.45,0.53,-0.438,9.3
2.0,1.0,2.5,3.0,0.8,14400,0.4,13,53.8,-5.7,0.45,0.53,-0.438,9.3
2.0,1.0,2.5,3.0,0.8,,0.4,13,53.8,-5.7,0.45,0.53,-0.438,9.3
2.0,1.0,2.5,4.5,0.4,1200,0.2,13,53.8,-5.7,0.45,0.53,-0.438,9.3
2.0,1.0,2.5,4.5,0.4,2400,0.2,13,53.8,-5.7,0.45,0.53,-0.438,9.3
2.0,1.0,2.5,4.5,0.4,3600,0.2,13,53.8,-5.7,0.45,0.53,-0.438,9.3
2.0,1.0,2.5,4.5,0.4,7200,0.2,13,53.8,-5.7,0.45,0.53,-0.438,9.3
2.0,1.0,2.5,4.5,0.4,14400,0.2,13,53.8,-5.7,0.45,0.53,-0.438,9.3
2.0,1.0,2.5,4.5,0.4,14400,0.4,13,53.8,-5.7,0.45,0.53,-0.438,9.3
2.0,1.0,2.5,4.5,0.4,,0.4,13,53.8,-5.7,0.45,0.53,-0.438,9.3
2.0,1.0,2.5,4.5,0.6,1200,0.2,13,53.8,-5.7,0.45,0.53,-0.438,9.3
2.0,1.0,2.5,4.5,0.6,2400,0.2,13,53.8,-5.7,0.45,0.53,-0.438,9.3
2.0,1.0,2.5,4.5,0.6,3600,0.2,13,53.8,-5.7,0.45,0.53,-0.438,9.3
2.0,1.0,2.5,4.5,0.6,7200,0.2,13,53.8,-5.7,0.45,0.53,-0.438,9.3
2.0,1.0,2.5,4.5,0.6,14400,0.2,13,53.8,-5.7,0.45,0.53,-0.438,9.3
2.0,1.0,2.5,4.5,0.6,14400,0.4,13,53.8,-5.7,0.45,0.53,-0.438,9.3
2.0,1.0,2.5,4.5,0.6,,0.4,13,53.8,-5.7,0.45,0.53,-0.438,9.3
2.0,1.0,2.5,4.5,0.8,1200,0.2,13,53.8,-5.7,0.45,0.53,-0.438,9.3
2.0,1.0,2.5,4.5,0.8,2400,0.2,13,53.8,-5.7,0.45,0.53,-0.438,9.3
2.0,1.0,2.5,4.5,0.8,3600,0.2,13,53.8,-5.7,0.45,0.53,-0.438,9.3
2.0,1.0,2.5,4.5,0.8,7200,0.2,13,53.8,-5.7,0.45,0.53,-0.438,9.3
2.0,1.0,2.5,4.5,0.8,14400,0.2,13,53.8,-5.7,0.45,0.53,-0.438,9.3
2.0,1.0,2.5,4.5,0.8,14400,0.4,13,53.8,-5.7,0.45,0.53,-0.438,9.3
2.0,1.0,2.5,4.5,0.8,,0.4,13,53.8,-5.7,0.45,0.53,-0.438,9.3
4.0,0.7,1.5,3.0,0.4,7200,0.8,16,62.5,-7.04,0.27,0.45,-0.44,12.12
4.0,0.7,1.5,3.0,0.6,7200,0.8,16,62.5,-7.04,0.27,0.45,-0.44,12.12
4.0,0.7,1.5,3.0,0.8,7200,0.8,16,62.5,-7.04,0.27,0.45,-0.44,12.12
4.0,0.7,1.5,4.5,0.4,7200,0.8,16,62.5,-7.04,0.27,0.45,-0.44,12.12
4.0,0.7,1.5,4.5,0.6,7200,0.8,16,62.5,-7.04,0.27,0.45,-0.44,12.12
4.0,0.7,1.5,4.5,0.8,7200,0.8,16,62.5,-7.04,0.27,0.45,-0.44,12.12
4.0,0.7,2.5,3.0,0.4,7200,0.8,16,62.5,-7.04,0.27,0.45,-0.44,12.12
4.0,0.7,2.5,3.0,0.6,7200,0.8,16,62.5,-7.04,0.27,0.45,-0.44,12.12
4.0,0.7,2.5,3.0,0.8,7200,0.8,16,62.5,-7.04,0.27,0.45,-0.44,12.12
4.0,0.7,2.5,4.5,0.4,7200,0.8,16,62.5,-7.04,0.27,0.45,-0.44,12.12
4.0,0.7,2.5,4.5,0.6,7200,0.8,16,62.5,-7.04,0.27,0.45,-0.44,12.12
4.0,0.7,2.5,4.5,0.8,7200,0.8,16,62.5,-7.04,0.27,0.45,-0.44,12.12
3.0,1.5,2.5,3.0,0.6,14400,0.8,12,58.3,-5.29,0.4,0.56,-0.441,10.72
3.0,1.5,2.5,4.5,0.6,14400,0.8,12,58.3,-5.29,0.4,0.56,-0.441,10.72
4.0,0.7,1.5,3.0,0.4,3600,0.8,16,68.8,-7.16,0.19,0.43,-0.448,12.38
4.0,0.7,1.5,3.0,0.6,3600,0.8,16,68.8,-7.16,0.19,0.43,-0.448,12.38
4.0,0.7,1.5,3.0,0.8,3600,0.8,16,68.8,-7.16,0.19,0.43,-0.448,12.38
4.0,0.7,1.5,4.5,0.4,3600,0.8,16,68.8,-7.16,0.19,0.43,-0.448,12.38
4.0,0.7,1.5,4.5,0.6,3600,0.8,16,68.8,-7.16,0.19,0.43,-0.448,12.38
4.0,0.7,1.5,4.5,0.8,3600,0.8,16,68.8,-7.16,0.19,0.43,-0.448,12.38
4.0,0.7,2.5,3.0,0.4,3600,0.8,16,68.8,-7.16,0.19,0.43,-0.448,12.38
4.0,0.7,2.5,3.0,0.6,3600,0.8,16,68.8,-7.16,0.19,0.43,-0.448,12.38
4.0,0.7,2.5,3.0,0.8,3600,0.8,16,68.8,-7.16,0.19,0.43,-0.448,12.38
4.0,0.7,2.5,4.5,0.4,3600,0.8,16,68.8,-7.16,0.19,0.43,-0.448,12.38
4.0,0.7,2.5,4.5,0.6,3600,0.8,16,68.8,-7.16,0.19,0.43,-0.448,12.38
4.0,0.7,2.5,4.5,0.8,3600,0.8,16,68.8,-7.16,0.19,0.43,-0.448,12.38
3.0,1.0,1.5,3.0,0.4,7200,0.4,12,66.7,-5.66,0.26,0.53,-0.472,11.1
3.0,1.0,1.5,3.0,0.6,7200,0.4,12,66.7,-5.66,0.26,0.53,-0.472,11.1
3.0,1.0,1.5,3.0,0.8,7200,0.4,12,66.7,-5.66,0.26,0.53,-0.472,11.1
3.0,1.0,1.5,4.5,0.4,7200,0.4,12,66.7,-5.66,0.26,0.53,-0.472,11.1
3.0,1.0,1.5,4.5,0.6,7200,0.4,12,66.7,-5.66,0.26,0.53,-0.472,11.1
3.0,1.0,1.5,4.5,0.8,7200,0.4,12,66.7,-5.66,0.26,0.53,-0.472,11.1
3.0,1.0,2.5,3.0,0.4,7200,0.4,12,66.7,-5.66,0.26,0.53,-0.472,11.1
3.0,1.0,2.5,3.0,0.6,7200,0.4,12,66.7,-5.66,0.26,0.53,-0.472,11.1
3.0,1.0,2.5,3.0,0.8,7200,0.4,12,66.7,-5.66,0.26,0.53,-0.472,11.1
3.0,1.0,2.5,4.5,0.4,7200,0.4,12,66.7,-5.66,0.26,0.53,-0.472,11.1
3.0,1.0,2.5,4.5,0.6,7200,0.4,12,66.7,-5.66,0.26,0.53,-0.472,11.1
3.0,1.0,2.5,4.5,0.8,7200,0.4,12,66.7,-5.66,0.26,0.53,-0.472,11.1
3.0,1.0,1.5,3.0,0.4,3600,0.4,12,66.7,-5.69,0.26,0.53,-0.474,11.1
3.0,1.0,1.5,3.0,0.6,3600,0.4,12,66.7,-5.69,0.26,0.53,-0.474,11.1
3.0,1.0,1.5,3.0,0.8,3600,0.4,12,66.7,-5.69,0.26,0.53,-0.474,11.1
3.0,1.0,1.5,4.5,0.4,3600,0.4,12,66.7,-5.69,0.26,0.53,-0.474,11.1
3.0,1.0,1.5,4.5,0.6,3600,0.4,12,66.7,-5.69,0.26,0.53,-0.474,11.1
3.0,1.0,1.5,4.5,0.8,3600,0.4,12,66.7,-5.69,0.26,0.53,-0.474,11.1
3.0,1.0,2.5,3.0,0.4,3600,0.4,12,66.7,-5.69,0.26,0.53,-0.474,11.1
3.0,1.0,2.5,3.0,0.6,3600,0.4,12,66.7,-5.69,0.26,0.53,-0.474,11.1
3.0,1.0,2.5,3.0,0.8,3600,0.4,12,66.7,-5.69,0.26,0.53,-0.474,11.1
3.0,1.0,2.5,4.5,0.4,3600,0.4,12,66.7,-5.69,0.26,0.53,-0.474,11.1
3.0,1.0,2.5,4.5,0.6,3600,0.4,12,66.7,-5.69,0.26,0.53,-0.474,11.1
3.0,1.0,2.5,4.5,0.8,3600,0.4,12,66.7,-5.69,0.26,0.53,-0.474,11.1
3.0,1.5,2.5,3.0,0.6,1200,0.2,11,63.6,-5.22,0.32,0.57,-0.475,10.65
3.0,1.5,2.5,3.0,0.6,2400,0.2,11,63.6,-5.22,0.32,0.57,-0.475,10.65
3.0,1.5,2.5,3.0,0.6,3600,0.2,11,63.6,-5.22,0.32,0.57,-0.475,10.65
3.0,1.5,2.5,3.0,0.6,7200,0.2,11,63.6,-5.22,0.32,0.57,-0.475,10.65
3.0,1.5,2.5,3.0,0.6,14400,0.2,11,63.6,-5.22,0.32,0.57,-0.475,10.65
3.0,1.5,2.5,3.0,0.6,14400,0.4,11,63.6,-5.22,0.32,0.57,-0.475,10.65
3.0,1.5,2.5,3.0,0.6,,0.4,11,63.6,-5.22,0.32,0.57,-0.475,10.65
3.0,1.5,2.5,4.5,0.6,1200,0.2,11,63.6,-5.22,0.32,0.57,-0.475,10.65
3.0,1.5,2.5,4.5,0.6,2400,0.2,11,63.6,-5.22,0.32,0.57,-0.475,10.65
3.0,1.5,2.5,4.5,0.6,3600,0.2,11,63.6,-5.22,0.32,0.57,-0.475,10.65
3.0,1.5,2.5,4.5,0.6,7200,0.2,11,63.6,-5.22,0.32,0.57,-0.475,10.65
3.0,1.5,2.5,4.5,0.6,14400,0.2,11,63.6,-5.22,0.32,0.57,-0.475,10.65
3.0,1.5,2.5,4.5,0.6,14400,0.4,11,63.6,-5.22,0.32,0.57,-0.475,10.65
3.0,1.5,2.5,4.5,0.6,,0.4,11,63.6,-5.22,0.32,0.57,-0.475,10.65
3.0,1.0,1.5,3.0,0.4,14400,0.8,12,58.3,-5.77,0.37,0.52,-0.481,11.17
3.0,1.0,1.5,3.0,0.6,14400,0.8,12,58.3,-5.77,0.37,0.52,-0.481,11.17
3.0,1.0,1.5,3.0,0.8,14400,0.8,12,58.3,-5.77,0.37,0.52,-0.481,11.17
3.0,1.0,1.5,4.5,0.4,14400,0.8,12,58.3,-5.77,0.37,0.52,-0.481,11.17
3.0,1.0,1.5,4.5,0.6,14400,0.8,12,58.3,-5.77,0.37,0.52,-0.481,11.17
3.0,1.0,1.5,4.5,0.8,14400,0.8,12,58.3,-5.77,0.37,0.52,-0.481,11.17
3.0,1.0,2.5,3.0,0.4,14400,0.8,12,58.3,-5.77,0.37,0.52,-0.481,11.17
3.0,1.0,2.5,3.0,0.6,14400,0.8,12,58.3,-5.77,0.37,0.52,-0.481,11.17
3.0,1.0,2.5,3.0,0.8,14400,0.8,12,58.3,-5.77,0.37,0.52,-0.481,11.17
3.0,1.0,2.5,4.5,0.4,14400,0.8,12,58.3,-5.77,0.37,0.52,-0.481,11.17
3.0,1.0,2.5,4.5,0.6,14400,0.8,12,58.3,-5.77,0.37,0.52,-0.481,11.17
3.0,1.0,2.5,4.5,0.8,14400,0.8,12,58.3,-5.77,0.37,0.52,-0.481,11.17
3.0,1.5,2.5,3.0,0.4,7200,0.4,12,66.7,-5.81,0.26,0.52,-0.484,10.65
3.0,1.5,2.5,4.5,0.4,7200,0.4,12,66.7,-5.81,0.26,0.52,-0.484,10.65
3.0,1.5,2.5,3.0,0.4,3600,0.4,12,66.7,-5.84,0.26,0.51,-0.487,10.65
3.0,1.5,2.5,4.5,0.4,3600,0.4,12,66.7,-5.84,0.26,0.51,-0.487,10.65
3.0,1.5,2.5,3.0,0.4,14400,0.8,12,58.3,-5.92,0.36,0.51,-0.493,10.72
3.0,1.5,2.5,4.5,0.4,14400,0.8,12,58.3,-5.92,0.36,0.51,-0.493,10.72
4.0,1.5,2.5,3.0,0.8,2400,0.4,13,69.2,-6.49,0.26,0.59,-0.499,14.65
3.0,1.0,1.5,3.0,0.4,1200,0.2,11,63.6,-5.7,0.3,0.53,-0.518,11.1
3.0,1.0,1.5,3.0,0.4,2400,0.2,11,63.6,-5.7,0.3,0.53,-0.518,11.1
3.0,1.0,1.5,3.0,0.4,3600,0.2,11,63.6,-5.7,0.3,0.53,-0.518,11.1
3.0,1.0,1.5,3.0,0.4,7200,0.2,11,63.6,-5.7,0.3,0.53,-0.518,11.1
3.0,1.0,1.5,3.0,0.4,14400,0.2,11,63.6,-5.7,0.3,0.53,-0.518,11.1
3.0,1.0,1.5,3.0,0.4,14400,0.4,11,63.6,-5.7,0.3,0.53,-0.518,11.1
3.0,1.0,1.5,3.0,0.4,,0.4,11,63.6,-5.7,0.3,0.53,-0.518,11.1
3.0,1.0,1.5,3.0,0.6,1200,0.2,11,63.6,-5.7,0.3,0.53,-0.518,11.1
3.0,1.0,1.5,3.0,0.6,2400,0.2,11,63.6,-5.7,0.3,0.53,-0.518,11.1
3.0,1.0,1.5,3.0,0.6,3600,0.2,11,63.6,-5.7,0.3,0.53,-0.518,11.1
3.0,1.0,1.5,3.0,0.6,7200,0.2,11,63.6,-5.7,0.3,0.53,-0.518,11.1
3.0,1.0,1.5,3.0,0.6,14400,0.2,11,63.6,-5.7,0.3,0.53,-0.518,11.1
3.0,1.0,1.5,3.0,0.6,14400,0.4,11,63.6,-5.7,0.3,0.53,-0.518,11.1
3.0,1.0,1.5,3.0,0.6,,0.4,11,63.6,-5.7,0.3,0.53,-0.518,11.1
3.0,1.0,1.5,3.0,0.8,1200,0.2,11,63.6,-5.7,0.3,0.53,-0.518,11.1
3.0,1.0,1.5,3.0,0.8,2400,0.2,11,63.6,-5.7,0.3,0.53,-0.518,11.1
3.0,1.0,1.5,3.0,0.8,3600,0.2,11,63.6,-5.7,0.3,0.53,-0.518,11.1
3.0,1.0,1.5,3.0,0.8,7200,0.2,11,63.6,-5.7,0.3,0.53,-0.518,11.1
3.0,1.0,1.5,3.0,0.8,14400,0.2,11,63.6,-5.7,0.3,0.53,-0.518,11.1
3.0,1.0,1.5,3.0,0.8,14400,0.4,11,63.6,-5.7,0.3,0.53,-0.518,11.1
3.0,1.0,1.5,3.0,0.8,,0.4,11,63.6,-5.7,0.3,0.53,-0.518,11.1
3.0,1.0,1.5,4.5,0.4,1200,0.2,11,63.6,-5.7,0.3,0.53,-0.518,11.1
3.0,1.0,1.5,4.5,0.4,2400,0.2,11,63.6,-5.7,0.3,0.53,-0.518,11.1
3.0,1.0,1.5,4.5,0.4,3600,0.2,11,63.6,-5.7,0.3,0.53,-0.518,11.1
3.0,1.0,1.5,4.5,0.4,7200,0.2,11,63.6,-5.7,0.3,0.53,-0.518,11.1
3.0,1.0,1.5,4.5,0.4,14400,0.2,11,63.6,-5.7,0.3,0.53,-0.518,11.1
3.0,1.0,1.5,4.5,0.4,14400,0.4,11,63.6,-5.7,0.3,0.53,-0.518,11.1
3.0,1.0,1.5,4.5,0.4,,0.4,11,63.6,-5.7,0.3,0.53,-0.518,11.1
3.0,1.0,1.5,4.5,0.6,1200,0.2,11,63.6,-5.7,0.3,0.53,-0.518,11.1
3.0,1.0,1.5,4.5,0.6,2400,0.2,11,63.6,-5.7,0.3,0.53,-0.518,11.1
3.0,1.0,1.5,4.5,0.6,3600,0.2,11,63.6,-5.7,0.3,0.53,-0.518,11.1
3.0,1.0,1.5,4.5,0.6,7200,0.2,11,63.6,-5.7,0.3,0.53,-0.518,11.1
3.0,1.0,1.5,4.5,0.6,14400,0.2,11,63.6,-5.7,0.3,0.53,-0.518,11.1
3.0,1.0,1.5,4.5,0.6,14400,0.4,11,63.6,-5.7,0.3,0.53,-0.518,11.1
3.0,1.0,1.5,4.5,0.6,,0.4,11,63.6,-5.7,0.3,0.53,-0.518,11.1
3.0,1.0,1.5,4.5,0.8,1200,0.2,11,63.6,-5.7,0.3,0.53,-0.518,11.1
3.0,1.0,1.5,4.5,0.8,2400,0.2,11,63.6,-5.7,0.3,0.53,-0.518,11.1
3.0,1.0,1.5,4.5,0.8,3600,0.2,11,63.6,-5.7,0.3,0.53,-0.518,11.1
3.0,1.0,1.5,4.5,0.8,7200,0.2,11,63.6,-5.7,0.3,0.53,-0.518,11.1
3.0,1.0,1.5,4.5,0.8,14400,0.2,11,63.6,-5.7,0.3,0.53,-0.518,11.1
3.0,1.0,1.5,4.5,0.8,14400,0.4,11,63.6,-5.7,0.3,0.53,-0.518,11.1
3.0,1.0,1.5,4.5,0.8,,0.4,11,63.6,-5.7,0.3,0.53,-0.518,11.1
3.0,1.0,2.5,3.0,0.4,1200,0.2,11,63.6,-5.7,0.3,0.53,-0.518,11.1
3.0,1.0,2.5,3.0,0.4,2400,0.2,11,63.6,-5.7,0.3,0.53,-0.518,11.1
3.0,1.0,2.5,3.0,0.4,3600,0.2,11,63.6,-5.7,0.3,0.53,-0.518,11.1
3.0,1.0,2.5,3.0,0.4,7200,0.2,11,63.6,-5.7,0.3,0.53,-0.518,11.1
3.0,1.0,2.5,3.0,0.4,14400,0.2,11,63.6,-5.7,0.3,0.53,-0.518,11.1
3.0,1.0,2.5,3.0,0.4,14400,0.4,11,63.6,-5.7,0.3,0.53,-0.518,11.1
3.0,1.0,2.5,3.0,0.4,,0.4,11,63.6,-5.7,0.3,0.53,-0.518,11.1
3.0,1.0,2.5,3.0,0.6,1200,0.2,11,63.6,-5.7,0.3,0.53,-0.518,11.1
3.0,1.0,2.5,3.0,0.6,2400,0.2,11,63.6,-5.7,0.3,0.53,-0.518,11.1
3.0,1.0,2.5,3.0,0.6,3600,0.2,11,63.6,-5.7,0.3,0.53,-0.518,11.1
3.0,1.0,2.5,3.0,0.6,7200,0.2,11,63.6,-5.7,0.3,0.53,-0.518,11.1
3.0,1.0,2.5,3.0,0.6,14400,0.2,11,63.6,-5.7,0.3,0.53,-0.518,11.1
3.0,1.0,2.5,3.0,0.6,14400,0.4,11,63.6,-5.7,0.3,0.53,-0.518,11.1
3.0,1.0,2.5,3.0,0.6,,0.4,11,63.6,-5.7,0.3,0.53,-0.518,11.1
3.0,1.0,2.5,3.0,0.8,1200,0.2,11,63.6,-5.7,0.3,0.53,-0.518,11.1
3.0,1.0,2.5,3.0,0.8,2400,0.2,11,63.6,-5.7,0.3,0.53,-0.518,11.1
3.0,1.0,2.5,3.0,0.8,3600,0.2,11,63.6,-5.7,0.3,0.53,-0.518,11.1
3.0,1.0,2.5,3.0,0.8,7200,0.2,11,63.6,-5.7,0.3,0.53,-0.518,11.1
3.0,1.0,2.5,3.0,0.8,14400,0.2,11,63.6,-5.7,0.3,0.53,-0.518,11.1
3.0,1.0,2.5,3.0,0.8,14400,0.4,11,63.6,-5.7,0.3,0.53,-0.518,11.1
3.0,1.0,2.5,3.0,0.8,,0.4,11,63.6,-5.7,0.3,0.53,-0.518,11.1
3.0,1.0,2.5,4.5,0.4,1200,0.2,11,63.6,-5.7,0.3,0.53,-0.518,11.1
3.0,1.0,2.5,4.5,0.4,2400,0.2,11,63.6,-5.7,0.3,0.53,-0.518,11.1
3.0,1.0,2.5,4.5,0.4,3600,0.2,11,63.6,-5.7,0.3,0.53,-0.518,11.1
3.0,1.0,2.5,4.5,0.4,7200,0.2,11,63.6,-5.7,0.3,0.53,-0.518,11.1
3.0,1.0,2.5,4.5,0.4,14400,0.2,11,63.6,-5.7,0.3,0.53,-0.518,11.1
3.0,1.0,2.5,4.5,0.4,14400,0.4,11,63.6,-5.7,0.3,0.53,-0.518,11.1
3.0,1.0,2.5,4.5,0.4,,0.4,11,63.6,-5.7,0.3,0.53,-0.518,11.1
3.0,1.0,2.5,4.5,0.6,1200,0.2,11,63.6,-5.7,0.3,0.53,-0.518,11.1
3.0,1.0,2.5,4.5,0.6,2400,0.2,11,63.6,-5.7,0.3,0.53,-0.518,11.1
3.0,1.0,2.5,4.5,0.6,3600,0.2,11,63.6,-5.7,0.3,0.53,-0.518,11.1
3.0,1.0,2.5,4.5,0.6,7200,0.2,11,63.6,-5.7,0.3,0.53,-0.518,11.1
3.0,1.0,2.5,4.5,0.6,14400,0.2,11,63.6,-5.7,0.3,0.53,-0.518,11.1
3.0,1.0,2.5,4.5,0.6,14400,0.4,11,63.6,-5.7,0.3,0.53,-0.518,11.1
3.0,1.0,2.5,4.5,0.6,,0.4,11,63.6,-5.7,0.3,0.53,-0.518,11.1
3.0,1.0,2.5,4.5,0.8,1200,0.2,11,63.6,-5.7,0.3,0.53,-0.518,11.1
3.0,1.0,2.5,4.5,0.8,2400,0.2,11,63.6,-5.7,0.3,0.53,-0.518,11.1
3.0,1.0,2.5,4.5,0.8,3600,0.2,11,63.6,-5.7,0.3,0.53,-0.518,11.1
3.0,1.0,2.5,4.5,0.8,7200,0.2,11,63.6,-5.7,0.3,0.53,-0.518,11.1
3.0,1.0,2.5,4.5,0.8,14400,0.2,11,63.6,-5.7,0.3,0.53,-0.518,11.1
3.0,1.0,2.5,4.5,0.8,14400,0.4,11,63.6,-5.7,0.3,0.53,-0.518,11.1
3.0,1.0,2.5,4.5,0.8,,0.4,11,63.6,-5.7,0.3,0.53,-0.518,11.1
3.0,1.5,2.5,3.0,0.4,1200,0.2,11,63.6,-5.85,0.29,0.51,-0.532,10.65
3.0,1.5,2.5,3.0,0.4,2400,0.2,11,63.6,-5.85,0.29,0.51,-0.532,10.65
3.0,1.5,2.5,3.0,0.4,3600,0.2,11,63.6,-5.85,0.29,0.51,-0.532,10.65
3.0,1.5,2.5,3.0,0.4,7200,0.2,11,63.6,-5.85,0.29,0.51,-0.532,10.65
3.0,1.5,2.5,3.0,0.4,14400,0.2,11,63.6,-5.85,0.29,0.51,-0.532,10.65
3.0,1.5,2.5,3.0,0.4,14400,0.4,11,63.6,-5.85,0.29,0.51,-0.532,10.65
3.0,1.5,2.5,3.0,0.4,,0.4,11,63.6,-5.85,0.29,0.51,-0.532,10.65
3.0,1.5,2.5,4.5,0.4,1200,0.2,11,63.6,-5.85,0.29,0.51,-0.532,10.65
3.0,1.5,2.5,4.5,0.4,2400,0.2,11,63.6,-5.85,0.29,0.51,-0.532,10.65
3.0,1.5,2.5,4.5,0.4,3600,0.2,11,63.6,-5.85,0.29,0.51,-0.532,10.65
3.0,1.5,2.5,4.5,0.4,7200,0.2,11,63.6,-5.85,0.29,0.51,-0.532,10.65
3.0,1.5,2.5,4.5,0.4,14400,0.2,11,63.6,-5.85,0.29,0.51,-0.532,10.65
3.0,1.5,2.5,4.5,0.4,14400,0.4,11,63.6,-5.85,0.29,0.51,-0.532,10.65
3.0,1.5,2.5,4.5,0.4,,0.4,11,63.6,-5.85,0.29,0.51,-0.532,10.65
4.0,1.5,2.5,4.5,0.8,2400,0.4,13,69.2,-6.94,0.25,0.57,-0.534,14.65
3.0,1.5,2.5,3.0,0.4,7200,0.8,12,58.3,-6.62,0.33,0.46,-0.552,10.77
3.0,1.5,2.5,4.5,0.4,7200,0.8,12,58.3,-6.62,0.33,0.46,-0.552,10.77
3.0,1.5,2.5,3.0,0.6,7200,0.8,12,58.3,-6.69,0.32,0.45,-0.558,10.77
3.0,1.5,2.5,4.5,0.6,7200,0.8,12,58.3,-6.69,0.32,0.45,-0.558,10.77
3.0,1.0,1.5,3.0,0.4,7200,0.8,12,58.3,-6.72,0.32,0.45,-0.56,11.22
3.0,1.0,1.5,3.0,0.6,7200,0.8,12,58.3,-6.72,0.32,0.45,-0.56,11.22
3.0,1.0,1.5,3.0,0.8,7200,0.8,12,58.3,-6.72,0.32,0.45,-0.56,11.22
3.0,1.0,1.5,4.5,0.4,7200,0.8,12,58.3,-6.72,0.32,0.45,-0.56,11.22
3.0,1.0,1.5,4.5,0.6,7200,0.8,12,58.3,-6.72,0.32,0.45,-0.56,11.22
3.0,1.0,1.5,4.5,0.8,7200,0.8,12,58.3,-6.72,0.32,0.45,-0.56,11.22
3.0,1.0,2.5,3.0,0.4,7200,0.8,12,58.3,-6.72,0.32,0.45,-0.56,11.22
3.0,1.0,2.5,3.0,0.6,7200,0.8,12,58.3,-6.72,0.32,0.45,-0.56,11.22
3.0,1.0,2.5,3.0,0.8,7200,0.8,12,58.3,-6.72,0.32,0.45,-0.56,11.22
3.0,1.0,2.5,4.5,0.4,7200,0.8,12,58.3,-6.72,0.32,0.45,-0.56,11.22
3.0,1.0,2.5,4.5,0.6,7200,0.8,12,58.3,-6.72,0.32,0.45,-0.56,11.22
3.0,1.0,2.5,4.5,0.8,7200,0.8,12,58.3,-6.72,0.32,0.45,-0.56,11.22
4.0,1.5,2.5,3.0,0.8,7200,0.4,12,66.7,-7.16,0.28,0.55,-0.597,14.65
4.0,1.5,2.5,3.0,0.8,3600,0.4,12,66.7,-7.19,0.28,0.55,-0.599,14.65
4.0,1.5,2.5,3.0,0.8,14400,0.8,12,58.3,-7.27,0.39,0.55,-0.606,14.72
5.0,1.5,2.5,3.0,0.8,2400,0.4,11,72.7,-6.84,0.2,0.54,-0.622,13.65
4.0,1.5,2.5,4.5,0.8,7200,0.4,12,66.7,-7.61,0.26,0.52,-0.634,14.65
4.0,1.5,2.5,4.5,0.8,3600,0.4,12,66.7,-7.64,0.26,0.52,-0.637,14.65
4.0,1.5,2.5,4.5,0.8,14400,0.8,12,58.3,-7.72,0.37,0.52,-0.643,14.72
4.0,1.5,2.5,3.0,0.6,2400,0.4,13,69.2,-8.51,0.21,0.47,-0.655,14.65
4.0,1.5,2.5,3.0,0.8,1200,0.2,11,63.6,-7.2,0.31,0.55,-0.655,14.65
4.0,1.5,2.5,3.0,0.8,2400,0.2,11,63.6,-7.2,0.31,0.55,-0.655,14.65
4.0,1.5,2.5,3.0,0.8,3600,0.2,11,63.6,-7.2,0.31,0.55,-0.655,14.65
4.0,1.5,2.5,3.0,0.8,7200,0.2,11,63.6,-7.2,0.31,0.55,-0.655,14.65
4.0,1.5,2.5,3.0,0.8,14400,0.2,11,63.6,-7.2,0.31,0.55,-0.655,14.65
4.0,1.5,2.5,3.0,0.8,14400,0.4,11,63.6,-7.2,0.31,0.55,-0.655,14.65
4.0,1.5,2.5,3.0,0.8,,0.4,11,63.6,-7.2,0.31,0.55,-0.655,14.65
4.0,1.5,2.5,4.5,0.6,2400,0.4,13,69.2,-8.51,0.21,0.47,-0.655,14.65
5.0,1.5,2.5,4.5,0.8,2400,0.4,11,72.7,-7.29,0.19,0.51,-0.663,13.65
4.0,1.5,2.5,4.5,0.8,1200,0.2,11,63.6,-7.65,0.3,0.52,-0.695,14.65
4.0,1.5,2.5,4.5,0.8,2400,0.2,11,63.6,-7.65,0.3,0.52,-0.695,14.65
4.0,1.5,2.5,4.5,0.8,3600,0.2,11,63.6,-7.65,0.3,0.52,-0.695,14.65
4.0,1.5,2.5,4.5,0.8,7200,0.2,11,63.6,-7.65,0.3,0.52,-0.695,14.65
4.0,1.5,2.5,4.5,0.8,14400,0.2,11,63.6,-7.65,0.3,0.52,-0.695,14.65
4.0,1.5,2.5,4.5,0.8,14400,0.4,11,63.6,-7.65,0.3,0.52,-0.695,14.65
4.0,1.5,2.5,4.5,0.8,,0.4,11,63.6,-7.65,0.3,0.52,-0.695,14.65
4.0,1.5,2.5,3.0,0.4,2400,0.4,13,69.2,-9.14,0.19,0.43,-0.703,14.65
4.0,1.5,2.5,4.5,0.4,2400,0.4,13,69.2,-9.14,0.19,0.43,-0.703,14.65
4.0,1.0,1.5,3.0,0.4,2400,0.4,13,69.2,-9.16,0.19,0.43,-0.705,15.1
4.0,1.0,1.5,3.0,0.6,2400,0.4,13,69.2,-9.16,0.19,0.43,-0.705,15.1
4.0,1.0,1.5,3.0,0.8,2400,0.4,13,69.2,-9.16,0.19,0.43,-0.705,15.1
4.0,1.0,1.5,4.5,0.4,2400,0.4,13,69.2,-9.16,0.19,0.43,-0.705,15.1
4.0,1.0,1.5,4.5,0.6,2400,0.4,13,69.2,-9.16,0.19,0.43,-0.705,15.1
4.0,1.0,1.5,4.5,0.8,2400,0.4,13,69.2,-9.16,0.19,0.43,-0.705,15.1
4.0,1.0,2.5,3.0,0.4,2400,0.4,13,69.2,-9.16,0.19,0.43,-0.705,15.1
4.0,1.0,2.5,3.0,0.6,2400,0.4,13,69.2,-9.16,0.19,0.43,-0.705,15.1
4.0,1.0,2.5,3.0,0.8,2400,0.4,13,69.2,-9.16,0.19,0.43,-0.705,15.1
4.0,1.0,2.5,4.5,0.4,2400,0.4,13,69.2,-9.16,0.19,0.43,-0.705,15.1
4.0,1.0,2.5,4.5,0.6,2400,0.4,13,69.2,-9.16,0.19,0.43,-0.705,15.1
4.0,1.0,2.5,4.5,0.8,2400,0.4,13,69.2,-9.16,0.19,0.43,-0.705,15.1
4.0,1.5,2.5,3.0,0.8,7200,0.8,12,58.3,-8.67,0.33,0.46,-0.722,14.77
5.0,1.5,2.5,3.0,0.6,2400,0.4,11,72.7,-8.25,0.17,0.45,-0.75,13.65
5.0,1.5,2.5,4.5,0.6,2400,0.4,11,72.7,-8.25,0.17,0.45,-0.75,13.65
5.0,1.5,2.5,3.0,0.8,7200,0.4,10,70.0,-7.51,0.21,0.5,-0.751,13.65
5.0,1.5,2.5,3.0,0.8,3600,0.4,10,70.0,-7.54,0.21,0.5,-0.754,13.65
4.0,1.5,2.5,4.5,0.8,7200,0.8,12,58.3,-9.12,0.31,0.44,-0.76,14.77
5.0,1.5,2.5,3.0,0.8,14400,0.8,10,60.0,-7.62,0.33,0.49,-0.762,13.72
4.0,1.5,2.5,3.0,0.6,7200,0.4,12,66.7,-9.18,0.21,0.43,-0.765,14.65
4.0,1.5,2.5,4.5,0.6,7200,0.4,12,66.7,-9.18,0.21,0.43,-0.765,14.65
4.0,1.5,2.5,3.0,0.6,3600,0.4,12,66.7,-9.21,0.21,0.42,-0.768,14.65
4.0,1.5,2.5,4.5,0.6,3600,0.4,12,66.7,-9.21,0.21,0.42,-0.768,14.65
4.0,1.5,2.5,3.0,0.6,14400,0.8,12,58.3,-9.29,0.3,0.42,-0.774,14.72
4.0,1.5,2.5,4.5,0.6,14400,0.8,12,58.3,-9.29,0.3,0.42,-0.774,14.72
5.0,1.5,2.5,4.5,0.8,7200,0.4,10,70.0,-7.96,0.2,0.47,-0.796,13.65
5.0,1.5,2.5,4.5,0.8,3600,0.4,10,70.0,-7.99,0.2,0.47,-0.799,13.65
4.0,1.0,1.5,3.0,0.4,7200,0.4,12,66.7,-9.66,0.2,0.4,-0.805,15.1
4.0,1.0,1.5,3.0,0.6,7200,0.4,12,66.7,-9.66,0.2,0.4,-0.805,15.1
4.0,1.0,1.5,3.0,0.8,7200,0.4,12,66.7,-9.66,0.2,0.4,-0.805,15.1
4.0,1.0,1.5,4.5,0.4,7200,0.4,12,66.7,-9.66,0.2,0.4,-0.805,15.1
4.0,1.0,1.5,4.5,0.6,7200,0.4,12,66.7,-9.66,0.2,0.4,-0.805,15.1
4.0,1.0,1.5,4.5,0.8,7200,0.4,12,66.7,-9.66,0.2,0.4,-0.805,15.1
4.0,1.0,2.5,3.0,0.4,7200,0.4,12,66.7,-9.66,0.2,0.4,-0.805,15.1
4.0,1.0,2.5,3.0,0.6,7200,0.4,12,66.7,-9.66,0.2,0.4,-0.805,15.1
4.0,1.0,2.5,3.0,0.8,7200,0.4,12,66.7,-9.66,0.2,0.4,-0.805,15.1
4.0,1.0,2.5,4.5,0.4,7200,0.4,12,66.7,-9.66,0.2,0.4,-0.805,15.1
4.0,1.0,2.5,4.5,0.6,7200,0.4,12,66.7,-9.66,0.2,0.4,-0.805,15.1
4.0,1.0,2.5,4.5,0.8,7200,0.4,12,66.7,-9.66,0.2,0.4,-0.805,15.1
5.0,1.5,2.5,4.5,0.8,14400,0.8,10,60.0,-8.07,0.31,0.46,-0.807,13.72
4.0,1.0,1.5,3.0,0.4,3600,0.4,12,66.7,-9.69,0.2,0.39,-0.808,15.1
4.0,1.0,1.5,3.0,0.6,3600,0.4,12,66.7,-9.69,0.2,0.39,-0.808,15.1
4.0,1.0,1.5,3.0,0.8,3600,0.4,12,66.7,-9.69,0.2,0.39,-0.808,15.1
4.0,1.0,1.5,4.5,0.4,3600,0.4,12,66.7,-9.69,0.2,0.39,-0.808,15.1
4.0,1.0,1.5,4.5,0.6,3600,0.4,12,66.7,-9.69,0.2,0.39,-0.808,15.1
4.0,1.0,1.5,4.5,0.8,3600,0.4,12,66.7,-9.69,0.2,0.39,-0.808,15.1
4.0,1.0,2.5,3.0,0.4,3600,0.4,12,66.7,-9.69,0.2,0.39,-0.808,15.1
4.0,1.0,2.5,3.0,0.6,3600,0.4,12,66.7,-9.69,0.2,0.39,-0.808,15.1
4.0,1.0,2.5,3.0,0.8,3600,0.4,12,66.7,-9.69,0.2,0.39,-0.808,15.1
4.0,1.0,2.5,4.5,0.4,3600,0.4,12,66.7,-9.69,0.2,0.39,-0.808,15.1
4.0,1.0,2.5,4.5,0.6,3600,0.4,12,66.7,-9.69,0.2,0.39,-0.808,15.1
4.0,1.0,2.5,4.5,0.8,3600,0.4,12,66.7,-9.69,0.2,0.39,-0.808,15.1
4.0,1.0,1.5,3.0,0.4,14400,0.8,12,58.3,-9.77,0.28,0.39,-0.814,15.17
4.0,1.0,1.5,3.0,0.6,14400,0.8,12,58.3,-9.77,0.28,0.39,-0.814,15.17
4.0,1.0,1.5,3.0,0.8,14400,0.8,12,58.3,-9.77,0.28,0.39,-0.814,15.17
4.0,1.0,1.5,4.5,0.4,14400,0.8,12,58.3,-9.77,0.28,0.39,-0.814,15.17
4.0,1.0,1.5,4.5,0.6,14400,0.8,12,58.3,-9.77,0.28,0.39,-0.814,15.17
4.0,1.0,1.5,4.5,0.8,14400,0.8,12,58.3,-9.77,0.28,0.39,-0.814,15.17
4.0,1.0,2.5,3.0,0.4,14400,0.8,12,58.3,-9.77,0.28,0.39,-0.814,15.17
4.0,1.0,2.5,3.0,0.6,14400,0.8,12,58.3,-9.77,0.28,0.39,-0.814,15.17
4.0,1.0,2.5,3.0,0.8,14400,0.8,12,58.3,-9.77,0.28,0.39,-0.814,15.17
4.0,1.0,2.5,4.5,0.4,14400,0.8,12,58.3,-9.77,0.28,0.39,-0.814,15.17
4.0,1.0,2.5,4.5,0.6,14400,0.8,12,58.3,-9.77,0.28,0.39,-0.814,15.17
4.0,1.0,2.5,4.5,0.8,14400,0.8,12,58.3,-9.77,0.28,0.39,-0.814,15.17
4.0,1.5,2.5,3.0,0.4,7200,0.4,12,66.7,-9.81,0.19,0.39,-0.818,14.65
4.0,1.5,2.5,4.5,0.4,7200,0.4,12,66.7,-9.81,0.19,0.39,-0.818,14.65
4.0,1.5,2.5,3.0,0.4,3600,0.4,12,66.7,-9.84,0.19,0.38,-0.82,14.65
4.0,1.5,2.5,4.5,0.4,3600,0.4,12,66.7,-9.84,0.19,0.38,-0.82,14.65
5.0,1.0,1.5,3.0,0.4,2400,0.4,11,72.7,-9.06,0.15,0.4,-0.824,14.1
5.0,1.0,1.5,3.0,0.6,2400,0.4,11,72.7,-9.06,0.15,0.4,-0.824,14.1
5.0,1.0,1.5,3.0,0.8,2400,0.4,11,72.7,-9.06,0.15,0.4,-0.824,14.1
5.0,1.0,1.5,4.5,0.4,2400,0.4,11,72.7,-9.06,0.15,0.4,-0.824,14.1
5.0,1.0,1.5,4.5,0.6,2400,0.4,11,72.7,-9.06,0.15,0.4,-0.824,14.1
5.0,1.0,1.5,4.5,0.8,2400,0.4,11,72.7,-9.06,0.15,0.4,-0.824,14.1
5.0,1.0,2.5,3.0,0.4,2400,0.4,11,72.7,-9.06,0.15,0.4,-0.824,14.1
5.0,1.0,2.5,3.0,0.6,2400,0.4,11,72.7,-9.06,0.15,0.4,-0.824,14.1
5.0,1.0,2.5,3.0,0.8,2400,0.4,11,72.7,-9.06,0.15,0.4,-0.824,14.1
5.0,1.0,2.5,4.5,0.4,2400,0.4,11,72.7,-9.06,0.15,0.4,-0.824,14.1
5.0,1.0,2.5,4.5,0.6,2400,0.4,11,72.7,-9.06,0.15,0.4,-0.824,14.1
5.0,1.0,2.5,4.5,0.8,2400,0.4,11,72.7,-9.06,0.15,0.4,-0.824,14.1
5.0,1.5,2.5,3.0,0.4,2400,0.4,11,72.7,-9.08,0.15,0.39,-0.825,13.65
5.0,1.5,2.5,4.5,0.4,2400,0.4,11,72.7,-9.08,0.15,0.39,-0.825,13.65
4.0,1.5,2.5,3.0,0.4,14400,0.8,12,58.3,-9.92,0.27,0.38,-0.827,14.72
4.0,1.5,2.5,4.5,0.4,14400,0.8,12,58.3,-9.92,0.27,0.38,-0.827,14.72
4.0,1.5,2.5,3.0,0.6,1200,0.2,11,63.6,-9.22,0.24,0.42,-0.838,14.65
4.0,1.5,2.5,3.0,0.6,2400,0.2,11,63.6,-9.22,0.24,0.42,-0.838,14.65
4.0,1.5,2.5,3.0,0.6,3600,0.2,11,63.6,-9.22,0.24,0.42,-0.838,14.65
4.0,1.5,2.5,3.0,0.6,7200,0.2,11,63.6,-9.22,0.24,0.42,-0.838,14.65
4.0,1.5,2.5,3.0,0.6,14400,0.2,11,63.6,-9.22,0.24,0.42,-0.838,14.65
4.0,1.5,2.5,3.0,0.6,14400,0.4,11,63.6,-9.22,0.24,0.42,-0.838,14.65
4.0,1.5,2.5,3.0,0.6,,0.4,11,63.6,-9.22,0.24,0.42,-0.838,14.65
4.0,1.5,2.5,4.5,0.6,1200,0.2,11,63.6,-9.22,0.24,0.42,-0.838,14.65
4.0,1.5,2.5,4.5,0.6,2400,0.2,11,63.6,-9.22,0.24,0.42,-0.838,14.65
4.0,1.5,2.5,4.5,0.6,3600,0.2,11,63.6,-9.22,0.24,0.42,-0.838,14.65
4.0,1.5,2.5,4.5,0.6,7200,0.2,11,63.6,-9.22,0.24,0.42,-0.838,14.65
4.0,1.5,2.5,4.5,0.6,14400,0.2,11,63.6,-9.22,0.24,0.42,-0.838,14.65
4.0,1.5,2.5,4.5,0.6,14400,0.4,11,63.6,-9.22,0.24,0.42,-0.838,14.65
4.0,1.5,2.5,4.5,0.6,,0.4,11,63.6,-9.22,0.24,0.42,-0.838,14.65
4.0,1.0,1.5,3.0,0.4,1200,0.2,11,63.6,-9.7,0.23,0.39,-0.882,15.1
4.0,1.0,1.5,3.0,0.4,2400,0.2,11,63.6,-9.7,0.23,0.39,-0.882,15.1
4.0,1.0,1.5,3.0,0.4,3600,0.2,11,63.6,-9.7,0.23,0.39,-0.882,15.1
4.0,1.0,1.5,3.0,0.4,7200,0.2,11,63.6,-9.7,0.23,0.39,-0.882,15.1
4.0,1.0,1.5,3.0,0.4,14400,0.2,11,63.6,-9.7,0.23,0.39,-0.882,15.1
4.0,1.0,1.5,3.0,0.4,14400,0.4,11,63.6,-9.7,0.23,0.39,-0.882,15.1
4.0,1.0,1.5,3.0,0.4,,0.4,11,63.6,-9.7,0.23,0.39,-0.882,15.1
4.0,1.0,1.5,3.0,0.6,1200,0.2,11,63.6,-9.7,0.23,0.39,-0.882,15.1
4.0,1.0,1.5,3.0,0.6,2400,0.2,11,63.6,-9.7,0.23,0.39,-0.882,15.1
4.0,1.0,1.5,3.0,0.6,3600,0.2,11,63.6,-9.7,0.23,0.39,-0.882,15.1
4.0,1.0,1.5,3.0,0.6,7200,0.2,11,63.6,-9.7,0.23,0.39,-0.882,15.1
4.0,1.0,1.5,3.0,0.6,14400,0.2,11,63.6,-9.7,0.23,0.39,-0.882,15.1
4.0,1.0,1.5,3.0,0.6,14400,0.4,11,63.6,-9.7,0.23,0.39,-0.882,15.1
4.0,1.0,1.5,3.0,0.6,,0.4,11,63.6,-9.7,0.23,0.39,-0.882,15.1
4.0,1.0,1.5,3.0,0.8,1200,0.2,11,63.6,-9.7,0.23,0.39,-0.882,15.1
4.0,1.0,1.5,3.0,0.8,2400,0.2,11,63.6,-9.7,0.23,0.39,-0.882,15.1
4.0,1.0,1.5,3.0,0.8,3600,0.2,11,63.6,-9.7,0.23,0.39,-0.882,15.1
4.0,1.0,1.5,3.0,0.8,7200,0.2,11,63.6,-9.7,0.23,0.39,-0.882,15.1
4.0,1.0,1.5,3.0,0.8,14400,0.2,11,63.6,-9.7,0.23,0.39,-0.882,15.1
4.0,1.0,1.5,3.0,0.8,14400,0.4,11,63.6,-9.7,0.23,0.39,-0.882,15.1
4.0,1.0,1.5,3.0,0.8,,0.4,11,63.6,-9.7,0.23,0.39,-0.882,15.1
4.0,1.0,1.5,4.5,0.4,1200,0.2,11,63.6,-9.7,0.23,0.39,-0.882,15.1
4.0,1.0,1.5,4.5,0.4,2400,0.2,11,63.6,-9.7,0.23,0.39,-0.882,15.1
4.0,1.0,1.5,4.5,0.4,3600,0.2,11,63.6,-9.7,0.23,0.39,-0.882,15.1
4.0,1.0,1.5,4.5,0.4,7200,0.2,11,63.6,-9.7,0.23,0.39,-0.882,15.1
4.0,1.0,1.5,4.5,0.4,14400,0.2,11,63.6,-9.7,0.23,0.39,-0.882,15.1
4.0,1.0,1.5,4.5,0.4,14400,0.4,11,63.6,-9.7,0.23,0.39,-0.882,15.1
4.0,1.0,1.5,4.5,0.4,,0.4,11,63.6,-9.7,0.23,0.39,-0.882,15.1
4.0,1.0,1.5,4.5,0.6,1200,0.2,11,63.6,-9.7,0.23,0.39,-0.882,15.1
4.0,1.0,1.5,4.5,0.6,2400,0.2,11,63.6,-9.7,0.23,0.39,-0.882,15.1
4.0,1.0,1.5,4.5,0.6,3600,0.2,11,63.6,-9.7,0.23,0.39,-0.882,15.1
4.0,1.0,1.5,4.5,0.6,7200,0.2,11,63.6,-9.7,0.23,0.39,-0.882,15.1
4.0,1.0,1.5,4.5,0.6,14400,0.2,11,63.6,-9.7,0.23,0.39,-0.882,15.1
4.0,1.0,1.5,4.5,0.6,14400,0.4,11,63.6,-9.7,0.23,0.39,-0.882,15.1
4.0,1.0,1.5,4.5,0.6,,0.4,11,63.6,-9.7,0.23,0.39,-0.882,15.1
4.0,1.0,1.5,4.5,0.8,1200,0.2,11,63.6,-9.7,0.23,0.39,-0.882,15.1
4.0,1.0,1.5,4.5,0.8,2400,0.2,11,63.6,-9.7,0.23,0.39,-0.882,15.1
4.0,1.0,1.5,4.5,0.8,3600,0.2,11,63.6,-9.7,0.23,0.39,-0.882,15.1
4.0,1.0,1.5,4.5,0.8,7200,0.2,11,63.6,-9.7,0.23,0.39,-0.882,15.1
4.0,1.0,1.5,4.5,0.8,14400,0.2,11,63.6,-9.7,0.23,0.39,-0.882,15.1
4.0,1.0,1.5,4.5,0.8,14400,0.4,11,63.6,-9.7,0.23,0.39,-0.882,15.1
4.0,1.0,1.5,4.5,0.8,,0.4,11,63.6,-9.7,0.23,0.39,-0.882,15.1
4.0,1.0,2.5,3.0,0.4,1200,0.2,11,63.6,-9.7,0.23,0.39,-0.882,15.1
4.0,1.0,2.5,3.0,0.4,2400,0.2,11,63.6,-9.7,0.23,0.39,-0.882,15.1
4.0,1.0,2.5,3.0,0.4,3600,0.2,11,63.6,-9.7,0.23,0.39,-0.882,15.1
4.0,1.0,2.5,3.0,0.4,7200,0.2,11,63.6,-9.7,0.23,0.39,-0.882,15.1
4.0,1.0,2.5,3.0,0.4,14400,0.2,11,63.6,-9.7,0.23,0.39,-0.882,15.1
4.0,1.0,2.5,3.0,0.4,14400,0.4,11,63.6,-9.7,0.23,0.39,-0.882,15.1
4.0,1.0,2.5,3.0,0.4,,0.4,11,63.6,-9.7,0.23,0.39,-0.882,15.1
4.0,1.0,2.5,3.0,0.6,1200,0.2,11,63.6,-9.7,0.23,0.39,-0.882,15.1
4.0,1.0,2.5,3.0,0.6,2400,0.2,11,63.6,-9.7,0.23,0.39,-0.882,15.1
4.0,1.0,2.5,3.0,0.6,3600,0.2,11,63.6,-9.7,0.23,0.39,-0.882,15.1
4.0,1.0,2.5,3.0,0.6,7200,0.2,11,63.6,-9.7,0.23,0.39,-0.882,15.1
4.0,1.0,2.5,3.0,0.6,14400,0.2,11,63.6,-9.7,0.23,0.39,-0.882,15.1
4.0,1.0,2.5,3.0,0.6,14400,0.4,11,63.6,-9.7,0.23,0.39,-0.882,15.1
4.0,1.0,2.5,3.0,0.6,,0.4,11,63.6,-9.7,0.23,0.39,-0.882,15.1
4.0,1.0,2.5,3.0,0.8,1200,0.2,11,63.6,-9.7,0.23,0.39,-0.882,15.1
4.0,1.0,2.5,3.0,0.8,2400,0.2,11,63.6,-9.7,0.23,0.39,-0.882,15.1
4.0,1.0,2.5,3.0,0.8,3600,0.2,11,63.6,-9.7,0.23,0.39,-0.882,15.1
4.0,1.0,2.5,3.0,0.8,7200,0.2,11,63.6,-9.7,0.23,0.39,-0.882,15.1
4.0,1.0,2.5,3.0,0.8,14400,0.2,11,63.6,-9.7,0.23,0.39,-0.882,15.1
4.0,1.0,2.5,3.0,0.8,14400,0.4,11,63.6,-9.7,0.23,0.39,-0.882,15.1
4.0,1.0,2.5,3.0,0.8,,0.4,11,63.6,-9.7,0.23,0.39,-0.882,15.1
4.0,1.0,2.5,4.5,0.4,1200,0.2,11,63.6,-9.7,0.23,0.39,-0.882,15.1
4.0,1.0,2.5,4.5,0.4,2400,0.2,11,63.6,-9.7,0.23,0.39,-0.882,15.1
4.0,1.0,2.5,4.5,0.4,3600,0.2,11,63.6,-9.7,0.23,0.39,-0.882,15.1
4.0,1.0,2.5,4.5,0.4,7200,0.2,11,63.6,-9.7,0.23,0.39,-0.882,15.1
4.0,1.0,2.5,4.5,0.4,14400,0.2,11,63.6,-9.7,0.23,0.39,-0.882,15.1
4.0,1.0,2.5,4.5,0.4,14400,0.4,11,63.6,-9.7,0.23,0.39,-0.882,15.1
4.0,1.0,2.5,4.5,0.4,,0.4,11,63.6,-9.7,0.23,0.39,-0.882,15.1
4.0,1.0,2.5,4.5,0.6,1200,0.2,11,63.6,-9.7,0.23,0.39,-0.882,15.1
4.0,1.0,2.5,4.5,0.6,2400,0.2,11,63.6,-9.7,0.23,0.39,-0.882,15.1
4.0,1.0,2.5,4.5,0.6,3600,0.2,11,63.6,-9.7,0.23,0.39,-0.882,15.1
4.0,1.0,2.5,4.5,0.6,7200,0.2,11,63.6,-9.7,0.23,0.39,-0.882,15.1
4.0,1.0,2.5,4.5,0.6,14400,0.2,11,63.6,-9.7,0.23,0.39,-0.882,15.1
4.0,1.0,2.5,4.5,0.6,14400,0.4,11,63.6,-9.7,0.23,0.39,-0.882,15.1
4.0,1.0,2.5,4.5,0.6,,0.4,11,63.6,-9.7,0.23,0.39,-0.882,15.1
4.0,1.0,2.5,4.5,0.8,1200,0.2,11,63.6,-9.7,0.23,0.39,-0.882,15.1
4.0,1.0,2.5,4.5,0.8,2400,0.2,11,63.6,-9.7,0.23,0.39,-0.882,15.1
4.0,1.0,2.5,4.5,0.8,3600,0.2,11,63.6,-9.7,0.23,0.39,-0.882,15.1
4.0,1.0,2.5,4.5,0.8,7200,0.2,11,63.6,-9.7,0.23,0.39,-0.882,15.1
4.0,1.0,2.5,4.5,0.8,14400,0.2,11,63.6,-9.7,0.23,0.39,-0.882,15.1
4.0,1.0,2.5,4.5,0.8,14400,0.4,11,63.6,-9.7,0.23,0.39,-0.882,15.1
4.0,1.0,2.5,4.5,0.8,,0.4,11,63.6,-9.7,0.23,0.39,-0.882,15.1
4.0,1.5,2.5,3.0,0.4,7200,0.8,12,58.3,-10.62,0.24,0.34,-0.885,14.77
4.0,1.5,2.5,4.5,0.4,7200,0.8,12,58.3,-10.62,0.24,0.34,-0.885,14.77
4.0,1.5,2.5,3.0,0.6,7200,0.8,12,58.3,-10.69,0.24,0.34,-0.891,14.77
4.0,1.5,2.5,4.5,0.6,7200,0.8,12,58.3,-10.69,0.24,0.34,-0.891,14.77
5.0,1.5,2.5,3.0,0.6,7200,0.4,10,70.0,-8.92,0.17,0.41,-0.892,13.65
5.0,1.5,2.5,4.5,0.6,7200,0.4,10,70.0,-8.92,0.17,0.41,-0.892,13.65
4.0,1.0,1.5,3.0,0.4,7200,0.8,12,58.3,-10.72,0.24,0.34,-0.893,15.22
4.0,1.0,1.5,3.0,0.6,7200,0.8,12,58.3,-10.72,0.24,0.34,-0.893,15.22
4.0,1.0,1.5,3.0,0.8,7200,0.8,12,58.3,-10.72,0.24,0.34,-0.893,15.22
4.0,1.0,1.5,4.5,0.4,7200,0.8,12,58.3,-10.72,0.24,0.34,-0.893,15.22
4.0,1.0,1.5,4.5,0.6,7200,0.8,12,58.3,-10.72,0.24,0.34,-0.893,15.22
4.0,1.0,1.5,4.5,0.8,7200,0.8,12,58.3,-10.72,0.24,0.34,-0.893,15.22
4.0,1.0,2.5,3.0,0.4,7200,0.8,12,58.3,-10.72,0.24,0.34,-0.893,15.22
4.0,1.0,2.5,3.0,0.6,7200,0.8,12,58.3,-10.72,0.24,0.34,-0.893,15.22
4.0,1.0,2.5,3.0,0.8,7200,0.8,12,58.3,-10.72,0.24,0.34,-0.893,15.22
4.0,1.0,2.5,4.5,0.4,7200,0.8,12,58.3,-10.72,0.24,0.34,-0.893,15.22
4.0,1.0,2.5,4.5,0.6,7200,0.8,12,58.3,-10.72,0.24,0.34,-0.893,15.22
4.0,1.0,2.5,4.5,0.8,7200,0.8,12,58.3,-10.72,0.24,0.34,-0.893,15.22
4.0,1.5,2.5,3.0,0.4,1200,0.2,11,63.6,-9.85,0.22,0.38,-0.895,14.65
4.0,1.5,2.5,3.0,0.4,2400,0.2,11,63.6,-9.85,0.22,0.38,-0.895,14.65
4.0,1.5,2.5,3.0,0.4,3600,0.2,11,63.6,-9.85,0.22,0.38,-0.895,14.65
4.0,1.5,2.5,3.0,0.4,7200,0.2,11,63.6,-9.85,0.22,0.38,-0.895,14.65
4.0,1.5,2.5,3.0,0.4,14400,0.2,11,63.6,-9.85,0.22,0.38,-0.895,14.65
4.0,1.5,2.5,3.0,0.4,14400,0.4,11,63.6,-9.85,0.22,0.38,-0.895,14.65
4.0,1.5,2.5,3.0,0.4,,0.4,11,63.6,-9.85,0.22,0.38,-0.895,14.65
4.0,1.5,2.5,4.5,0.4,1200,0.2,11,63.6,-9.85,0.22,0.38,-0.895,14.65
4.0,1.5,2.5,4.5,0.4,2400,0.2,11,63.6,-9.85,0.22,0.38,-0.895,14.65
4.0,1.5,2.5,4.5,0.4,3600,0.2,11,63.6,-9.85,0.22,0.38,-0.895,14.65
4.0,1.5,2.5,4.5,0.4,7200,0.2,11,63.6,-9.85,0.22,0.38,-0.895,14.65
4.0,1.5,2.5,4.5,0.4,14400,0.2,11,63.6,-9.85,0.22,0.38,-0.895,14.65
4.0,1.5,2.5,4.5,0.4,14400,0.4,11,63.6,-9.85,0.22,0.38,-0.895,14.65
4.0,1.5,2.5,4.5,0.4,,0.4,11,63.6,-9.85,0.22,0.38,-0.895,14.65
5.0,1.5,2.5,3.0,0.6,3600,0.4,10,70.0,-8.95,0.17,0.4,-0.895,13.65
5.0,1.5,2.5,4.5,0.6,3600,0.4,10,70.0,-8.95,0.17,0.4,-0.895,13.65
5.0,1.5,2.5,3.0,0.8,7200,0.8,10,60.0,-9.02,0.27,0.41,-0.902,13.77
5.0,1.5,2.5,3.0,0.6,14400,0.8,10,60.0,-9.03,0.27,0.4,-0.903,13.72
5.0,1.5,2.5,4.5,0.6,14400,0.8,10,60.0,-9.03,0.27,0.4,-0.903,13.72
5.0,1.5,2.5,4.5,0.8,7200,0.8,10,60.0,-9.47,0.25,0.38,-0.947,13.77
5.0,1.0,1.5,3.0,0.4,7200,0.4,10,70.0,-9.56,0.16,0.36,-0.956,14.1
5.0,1.0,1.5,3.0,0.6,7200,0.4,10,70.0,-9.56,0.16,0.36,-0.956,14.1
5.0,1.0,1.5,3.0,0.8,7200,0.4,10,70.0,-9.56,0.16,0.36,-0.956,14.1
5.0,1.0,1.5,4.5,0.4,7200,0.4,10,70.0,-9.56,0.16,0.36,-0.956,14.1
5.0,1.0,1.5,4.5,0.6,7200,0.4,10,70.0,-9.56,0.16,0.36,-0.956,14.1
5.0,1.0,1.5,4.5,0.8,7200,0.4,10,70.0,-9.56,0.16,0.36,-0.956,14.1
5.0,1.0,2.5,3.0,0.4,7200,0.4,10,70.0,-9.56,0.16,0.36,-0.956,14.1
5.0,1.0,2.5,3.0,0.6,7200,0.4,10,70.0,-9.56,0.16,0.36,-0.956,14.1
5.0,1.0,2.5,3.0,0.8,7200,0.4,10,70.0,-9.56,0.16,0.36,-0.956,14.1
5.0,1.0,2.5,4.5,0.4,7200,0.4,10,70.0,-9.56,0.16,0.36,-0.956,14.1
5.0,1.0,2.5,4.5,0.6,7200,0.4,10,70.0,-9.56,0.16,0.36,-0.956,14.1
5.0,1.0,2.5,4.5,0.8,7200,0.4,10,70.0,-9.56,0.16,0.36,-0.956,14.1
5.0,1.0,1.5,3.0,0.4,3600,0.4,10,70.0,-9.59,0.15,0.36,-0.959,14.1
5.0,1.0,1.5,3.0,0.6,3600,0.4,10,70.0,-9.59,0.15,0.36,-0.959,14.1
5.0,1.0,1.5,3.0,0.8,3600,0.4,10,70.0,-9.59,0.15,0.36,-0.959,14.1
5.0,1.0,1.5,4.5,0.4,3600,0.4,10,70.0,-9.59,0.15,0.36,-0.959,14.1
5.0,1.0,1.5,4.5,0.6,3600,0.4,10,70.0,-9.59,0.15,0.36,-0.959,14.1
5.0,1.0,1.5,4.5,0.8,3600,0.4,10,70.0,-9.59,0.15,0.36,-0.959,14.1
5.0,1.0,2.5,3.0,0.4,3600,0.4,10,70.0,-9.59,0.15,0.36,-0.959,14.1
5.0,1.0,2.5,3.0,0.6,3600,0.4,10,70.0,-9.59,0.15,0.36,-0.959,14.1
5.0,1.0,2.5,3.0,0.8,3600,0.4,10,70.0,-9.59,0.15,0.36,-0.959,14.1
5.0,1.0,2.5,4.5,0.4,3600,0.4,10,70.0,-9.59,0.15,0.36,-0.959,14.1
5.0,1.0,2.5,4.5,0.6,3600,0.4,10,70.0,-9.59,0.15,0.36,-0.959,14.1
5.0,1.0,2.5,4.5,0.8,3600,0.4,10,70.0,-9.59,0.15,0.36,-0.959,14.1
5.0,1.0,1.5,3.0,0.4,14400,0.8,10,60.0,-9.67,0.24,0.36,-0.967,14.17
5.0,1.0,1.5,3.0,0.6,14400,0.8,10,60.0,-9.67,0.24,0.36,-0.967,14.17
5.0,1.0,1.5,3.0,0.8,14400,0.8,10,60.0,-9.67,0.24,0.36,-0.967,14.17
5.0,1.0,1.5,4.5,0.4,14400,0.8,10,60.0,-9.67,0.24,0.36,-0.967,14.17
5.0,1.0,1.5,4.5,0.6,14400,0.8,10,60.0,-9.67,0.24,0.36,-0.967,14.17
5.0,1.0,1.5,4.5,0.8,14400,0.8,10,60.0,-9.67,0.24,0.36,-0.967,14.17
5.0,1.0,2.5,3.0,0.4,14400,0.8,10,60.0,-9.67,0.24,0.36,-0.967,14.17
5.0,1.0,2.5,3.0,0.6,14400,0.8,10,60.0,-9.67,0.24,0.36,-0.967,14.17
5.0,1.0,2.5,3.0,0.8,14400,0.8,10,60.0,-9.67,0.24,0.36,-0.967,14.17
5.0,1.0,2.5,4.5,0.4,14400,0.8,10,60.0,-9.67,0.24,0.36,-0.967,14.17
5.0,1.0,2.5,4.5,0.6,14400,0.8,10,60.0,-9.67,0.24,0.36,-0.967,14.17
5.0,1.0,2.5,4.5,0.8,14400,0.8,10,60.0,-9.67,0.24,0.36,-0.967,14.17
5.0,1.5,2.5,3.0,0.4,7200,0.4,10,70.0,-9.75,0.15,0.35,-0.975,13.65
5.0,1.5,2.5,4.5,0.4,7200,0.4,10,70.0,-9.75,0.15,0.35,-0.975,13.65
5.0,1.5,2.5,3.0,0.4,3600,0.4,10,70.0,-9.78,0.15,0.35,-0.978,13.65
5.0,1.5,2.5,4.5,0.4,3600,0.4,10,70.0,-9.78,0.15,0.35,-0.978,13.65
5.0,1.5,2.5,3.0,0.4,14400,0.8,10,60.0,-9.86,0.23,0.35,-0.986,13.72
5.0,1.5,2.5,4.5,0.4,14400,0.8,10,60.0,-9.86,0.23,0.35,-0.986,13.72
5.0,1.5,2.5,3.0,0.6,7200,0.8,10,60.0,-10.43,0.21,0.31,-1.043,13.77
5.0,1.5,2.5,4.5,0.6,7200,0.8,10,60.0,-10.43,0.21,0.31,-1.043,13.77
5.0,1.5,2.5,3.0,0.4,7200,0.8,10,60.0,-10.56,0.2,0.3,-1.056,13.77
5.0,1.5,2.5,4.5,0.4,7200,0.8,10,60.0,-10.56,0.2,0.3,-1.056,13.77
5.0,1.0,1.5,3.0,0.4,7200,0.8,10,60.0,-10.62,0.2,0.3,-1.062,14.22
5.0,1.0,1.5,3.0,0.6,7200,0.8,10,60.0,-10.62,0.2,0.3,-1.062,14.22
5.0,1.0,1.5,3.0,0.8,7200,0.8,10,60.0,-10.62,0.2,0.3,-1.062,14.22
5.0,1.0,1.5,4.5,0.4,7200,0.8,10,60.0,-10.62,0.2,0.3,-1.062,14.22
5.0,1.0,1.5,4.5,0.6,7200,0.8,10,60.0,-10.62,0.2,0.3,-1.062,14.22
5.0,1.0,1.5,4.5,0.8,7200,0.8,10,60.0,-10.62,0.2,0.3,-1.062,14.22
5.0,1.0,2.5,3.0,0.4,7200,0.8,10,60.0,-10.62,0.2,0.3,-1.062,14.22
5.0,1.0,2.5,3.0,0.6,7200,0.8,10,60.0,-10.62,0.2,0.3,-1.062,14.22
5.0,1.0,2.5,3.0,0.8,7200,0.8,10,60.0,-10.62,0.2,0.3,-1.062,14.22
5.0,1.0,2.5,4.5,0.4,7200,0.8,10,60.0,-10.62,0.2,0.3,-1.062,14.22
5.0,1.0,2.5,4.5,0.6,7200,0.8,10,60.0,-10.62,0.2,0.3,-1.062,14.22
5.0,1.0,2.5,4.5,0.8,7200,0.8,10,60.0,-10.62,0.2,0.3,-1.062,14.22
5.0,1.5,2.5,3.0,0.8,1200,0.2,10,60.0,-12.55,0.25,0.37,-1.255,18.65
5.0,1.5,2.5,3.0,0.8,2400,0.2,10,60.0,-12.55,0.25,0.37,-1.255,18.65
5.0,1.5,2.5,3.0,0.8,3600,0.2,10,60.0,-12.55,0.25,0.37,-1.255,18.65
5.0,1.5,2.5,3.0,0.8,7200,0.2,10,60.0,-12.55,0.25,0.37,-1.255,18.65
5.0,1.5,2.5,3.0,0.8,14400,0.2,10,60.0,-12.55,0.25,0.37,-1.255,18.65
5.0,1.5,2.5,3.0,0.8,14400,0.4,10,60.0,-12.55,0.25,0.37,-1.255,18.65
5.0,1.5,2.5,3.0,0.8,,0.4,10,60.0,-12.55,0.25,0.37,-1.255,18.65
5.0,1.5,2.5,4.5,0.8,1200,0.2,10,60.0,-13.0,0.23,0.35,-1.3,18.65
5.0,1.5,2.5,4.5,0.8,2400,0.2,10,60.0,-13.0,0.23,0.35,-1.3,18.65
5.0,1.5,2.5,4.5,0.8,3600,0.2,10,60.0,-13.0,0.23,0.35,-1.3,18.65
5.0,1.5,2.5,4.5,0.8,7200,0.2,10,60.0,-13.0,0.23,0.35,-1.3,18.65
5.0,1.5,2.5,4.5,0.8,14400,0.2,10,60.0,-13.0,0.23,0.35,-1.3,18.65
5.0,1.5,2.5,4.5,0.8,14400,0.4,10,60.0,-13.0,0.23,0.35,-1.3,18.65
5.0,1.5,2.5,4.5,0.8,,0.4,10,60.0,-13.0,0.23,0.35,-1.3,18.65
5.0,1.5,2.5,3.0,0.6,1200,0.2,10,60.0,-13.96,0.2,0.3,-1.396,18.65
5.0,1.5,2.5,3.0,0.6,2400,0.2,10,60.0,-13.96,0.2,0.3,-1.396,18.65
5.0,1.5,2.5,3.0,0.6,3600,0.2,10,60.0,-13.96,0.2,0.3,-1.396,18.65
5.0,1.5,2.5,3.0,0.6,7200,0.2,10,60.0,-13.96,0.2,0.3,-1.396,18.65
5.0,1.5,2.5,3.0,0.6,14400,0.2,10,60.0,-13.96,0.2,0.3,-1.396,18.65
5.0,1.5,2.5,3.0,0.6,14400,0.4,10,60.0,-13.96,0.2,0.3,-1.396,18.65
5.0,1.5,2.5,3.0,0.6,,0.4,10,60.0,-13.96,0.2,0.3,-1.396,18.65
5.0,1.5,2.5,4.5,0.6,1200,0.2,10,60.0,-13.96,0.2,0.3,-1.396,18.65
5.0,1.5,2.5,4.5,0.6,2400,0.2,10,60.0,-13.96,0.2,0.3,-1.396,18.65
5.0,1.5,2.5,4.5,0.6,3600,0.2,10,60.0,-13.96,0.2,0.3,-1.396,18.65
5.0,1.5,2.5,4.5,0.6,7200,0.2,10,60.0,-13.96,0.2,0.3,-1.396,18.65
5.0,1.5,2.5,4.5,0.6,14400,0.2,10,60.0,-13.96,0.2,0.3,-1.396,18.65
5.0,1.5,2.5,4.5,0.6,14400,0.4,10,60.0,-13.96,0.2,0.3,-1.396,18.65
5.0,1.5,2.5,4.5,0.6,,0.4,10,60.0,-13.96,0.2,0.3,-1.396,18.65
5.0,1.0,1.5,3.0,0.4,1200,0.2,10,60.0,-14.6,0.18,0.27,-1.46,19.1
5.0,1.0,1.5,3.0,0.4,2400,0.2,10,60.0,-14.6,0.18,0.27,-1.46,19.1
5.0,1.0,1.5,3.0,0.4,3600,0.2,10,60.0,-14.6,0.18,0.27,-1.46,19.1
5.0,1.0,1.5,3.0,0.4,7200,0.2,10,60.0,-14.6,0.18,0.27,-1.46,19.1
5.0,1.0,1.5,3.0,0.4,14400,0.2,10,60.0,-14.6,0.18,0.27,-1.46,19.1
5.0,1.0,1.5,3.0,0.4,14400,0.4,10,60.0,-14.6,0.18,0.27,-1.46,19.1
5.0,1.0,1.5,3.0,0.4,,0.4,10,60.0,-14.6,0.18,0.27,-1.46,19.1
5.0,1.0,1.5,3.0,0.6,1200,0.2,10,60.0,-14.6,0.18,0.27,-1.46,19.1
5.0,1.0,1.5,3.0,0.6,2400,0.2,10,60.0,-14.6,0.18,0.27,-1.46,19.1
5.0,1.0,1.5,3.0,0.6,3600,0.2,10,60.0,-14.6,0.18,0.27,-1.46,19.1
5.0,1.0,1.5,3.0,0.6,7200,0.2,10,60.0,-14.6,0.18,0.27,-1.46,19.1
5.0,1.0,1.5,3.0,0.6,14400,0.2,10,60.0,-14.6,0.18,0.27,-1.46,19.1
5.0,1.0,1.5,3.0,0.6,14400,0.4,10,60.0,-14.6,0.18,0.27,-1.46,19.1
5.0,1.0,1.5,3.0,0.6,,0.4,10,60.0,-14.6,0.18,0.27,-1.46,19.1
5.0,1.0,1.5,3.0,0.8,1200,0.2,10,60.0,-14.6,0.18,0.27,-1.46,19.1
5.0,1.0,1.5,3.0,0.8,2400,0.2,10,60.0,-14.6,0.18,0.27,-1.46,19.1
5.0,1.0,1.5,3.0,0.8,3600,0.2,10,60.0,-14.6,0.18,0.27,-1.46,19.1
5.0,1.0,1.5,3.0,0.8,7200,0.2,10,60.0,-14.6,0.18,0.27,-1.46,19.1
5.0,1.0,1.5,3.0,0.8,14400,0.2,10,60.0,-14.6,0.18,0.27,-1.46,19.1
5.0,1.0,1.5,3.0,0.8,14400,0.4,10,60.0,-14.6,0.18,0.27,-1.46,19.1
5.0,1.0,1.5,3.0,0.8,,0.4,10,60.0,-14.6,0.18,0.27,-1.46,19.1
5.0,1.0,1.5,4.5,0.4,1200,0.2,10,60.0,-14.6,0.18,0.27,-1.46,19.1
5.0,1.0,1.5,4.5,0.4,2400,0.2,10,60.0,-14.6,0.18,0.27,-1.46,19.1
5.0,1.0,1.5,4.5,0.4,3600,0.2,10,60.0,-14.6,0.18,0.27,-1.46,19.1
5.0,1.0,1.5,4.5,0.4,7200,0.2,10,60.0,-14.6,0.18,0.27,-1.46,19.1
5.0,1.0,1.5,4.5,0.4,14400,0.2,10,60.0,-14.6,0.18,0.27,-1.46,19.1
5.0,1.0,1.5,4.5,0.4,14400,0.4,10,60.0,-14.6,0.18,0.27,-1.46,19.1
5.0,1.0,1.5,4.5,0.4,,0.4,10,60.0,-14.6,0.18,0.27,-1.46,19.1
5.0,1.0,1.5,4.5,0.6,1200,0.2,10,60.0,-14.6,0.18,0.27,-1.46,19.1
5.0,1.0,1.5,4.5,0.6,2400,0.2,10,60.0,-14.6,0.18,0.27,-1.46,19.1
5.0,1.0,1.5,4.5,0.6,3600,0.2,10,60.0,-14.6,0.18,0.27,-1.46,19.1
5.0,1.0,1.5,4.5,0.6,7200,0.2,10,60.0,-14.6,0.18,0.27,-1.46,19.1
5.0,1.0,1.5,4.5,0.6,14400,0.2,10,60.0,-14.6,0.18,0.27,-1.46,19.1
5.0,1.0,1.5,4.5,0.6,14400,0.4,10,60.0,-14.6,0.18,0.27,-1.46,19.1
5.0,1.0,1.5,4.5,0.6,,0.4,10,60.0,-14.6,0.18,0.27,-1.46,19.1
5.0,1.0,1.5,4.5,0.8,1200,0.2,10,60.0,-14.6,0.18,0.27,-1.46,19.1
5.0,1.0,1.5,4.5,0.8,2400,0.2,10,60.0,-14.6,0.18,0.27,-1.46,19.1
5.0,1.0,1.5,4.5,0.8,3600,0.2,10,60.0,-14.6,0.18,0.27,-1.46,19.1
5.0,1.0,1.5,4.5,0.8,7200,0.2,10,60.0,-14.6,0.18,0.27,-1.46,19.1
5.0,1.0,1.5,4.5,0.8,14400,0.2,10,60.0,-14.6,0.18,0.27,-1.46,19.1
5.0,1.0,1.5,4.5,0.8,14400,0.4,10,60.0,-14.6,0.18,0.27,-1.46,19.1
5.0,1.0,1.5,4.5,0.8,,0.4,10,60.0,-14.6,0.18,0.27,-1.46,19.1
5.0,1.0,2.5,3.0,0.4,1200,0.2,10,60.0,-14.6,0.18,0.27,-1.46,19.1
5.0,1.0,2.5,3.0,0.4,2400,0.2,10,60.0,-14.6,0.18,0.27,-1.46,19.1
5.0,1.0,2.5,3.0,0.4,3600,0.2,10,60.0,-14.6,0.18,0.27,-1.46,19.1
5.0,1.0,2.5,3.0,0.4,7200,0.2,10,60.0,-14.6,0.18,0.27,-1.46,19.1
5.0,1.0,2.5,3.0,0.4,14400,0.2,10,60.0,-14.6,0.18,0.27,-1.46,19.1
5.0,1.0,2.5,3.0,0.4,14400,0.4,10,60.0,-14.6,0.18,0.27,-1.46,19.1
5.0,1.0,2.5,3.0,0.4,,0.4,10,60.0,-14.6,0.18,0.27,-1.46,19.1
5.0,1.0,2.5,3.0,0.6,1200,0.2,10,60.0,-14.6,0.18,0.27,-1.46,19.1
5.0,1.0,2.5,3.0,0.6,2400,0.2,10,60.0,-14.6,0.18,0.27,-1.46,19.1
5.0,1.0,2.5,3.0,0.6,3600,0.2,10,60.0,-14.6,0.18,0.27,-1.46,19.1
5.0,1.0,2.5,3.0,0.6,7200,0.2,10,60.0,-14.6,0.18,0.27,-1.46,19.1
5.0,1.0,2.5,3.0,0.6,14400,0.2,10,60.0,-14.6,0.18,0.27,-1.46,19.1
5.0,1.0,2.5,3.0,0.6,14400,0.4,10,60.0,-14.6,0.18,0.27,-1.46,19.1
5.0,1.0,2.5,3.0,0.6,,0.4,10,60.0,-14.6,0.18,0.27,-1.46,19.1
5.0,1.0,2.5,3.0,0.8,1200,0.2,10,60.0,-14.6,0.18,0.27,-1.46,19.1
5.0,1.0,2.5,3.0,0.8,2400,0.2,10,60.0,-14.6,0.18,0.27,-1.46,19.1
5.0,1.0,2.5,3.0,0.8,3600,0.2,10,60.0,-14.6,0.18,0.27,-1.46,19.1
5.0,1.0,2.5,3.0,0.8,7200,0.2,10,60.0,-14.6,0.18,0.27,-1.46,19.1
5.0,1.0,2.5,3.0,0.8,14400,0.2,10,60.0,-14.6,0.18,0.27,-1.46,19.1
5.0,1.0,2.5,3.0,0.8,14400,0.4,10,60.0,-14.6,0.18,0.27,-1.46,19.1
5.0,1.0,2.5,3.0,0.8,,0.4,10,60.0,-14.6,0.18,0.27,-1.46,19.1
5.0,1.0,2.5,4.5,0.4,1200,0.2,10,60.0,-14.6,0.18,0.27,-1.46,19.1
5.0,1.0,2.5,4.5,0.4,2400,0.2,10,60.0,-14.6,0.18,0.27,-1.46,19.1
5.0,1.0,2.5,4.5,0.4,3600,0.2,10,60.0,-14.6,0.18,0.27,-1.46,19.1
5.0,1.0,2.5,4.5,0.4,7200,0.2,10,60.0,-14.6,0.18,0.27,-1.46,19.1
5.0,1.0,2.5,4.5,0.4,14400,0.2,10,60.0,-14.6,0.18,0.27,-1.46,19.1
5.0,1.0,2.5,4.5,0.4,14400,0.4,10,60.0,-14.6,0.18,0.27,-1.46,19.1
5.0,1.0,2.5,4.5,0.4,,0.4,10,60.0,-14.6,0.18,0.27,-1.46,19.1
5.0,1.0,2.5,4.5,0.6,1200,0.2,10,60.0,-14.6,0.18,0.27,-1.46,19.1
5.0,1.0,2.5,4.5,0.6,2400,0.2,10,60.0,-14.6,0.18,0.27,-1.46,19.1
5.0,1.0,2.5,4.5,0.6,3600,0.2,10,60.0,-14.6,0.18,0.27,-1.46,19.1
5.0,1.0,2.5,4.5,0.6,7200,0.2,10,60.0,-14.6,0.18,0.27,-1.46,19.1
5.0,1.0,2.5,4.5,0.6,14400,0.2,10,60.0,-14.6,0.18,0.27,-1.46,19.1
5.0,1.0,2.5,4.5,0.6,14400,0.4,10,60.0,-14.6,0.18,0.27,-1.46,19.1
5.0,1.0,2.5,4.5,0.6,,0.4,10,60.0,-14.6,0.18,0.27,-1.46,19.1
5.0,1.0,2.5,4.5,0.8,1200,0.2,10,60.0,-14.6,0.18,0.27,-1.46,19.1
5.0,1.0,2.5,4.5,0.8,2400,0.2,10,60.0,-14.6,0.18,0.27,-1.46,19.1
5.0,1.0,2.5,4.5,0.8,3600,0.2,10,60.0,-14.6,0.18,0.27,-1.46,19.1
5.0,1.0,2.5,4.5,0.8,7200,0.2,10,60.0,-14.6,0.18,0.27,-1.46,19.1
5.0,1.0,2.5,4.5,0.8,14400,0.2,10,60.0,-14.6,0.18,0.27,-1.46,19.1
5.0,1.0,2.5,4.5,0.8,14400,0.4,10,60.0,-14.6,0.18,0.27,-1.46,19.1
5.0,1.0,2.5,4.5,0.8,,0.4,10,60.0,-14.6,0.18,0.27,-1.46,19.1
5.0,1.5,2.5,3.0,0.4,1200,0.2,10,60.0,-14.79,0.17,0.26,-1.479,18.65
5.0,1.5,2.5,3.0,0.4,2400,0.2,10,60.0,-14.79,0.17,0.26,-1.479,18.65
5.0,1.5,2.5,3.0,0.4,3600,0.2,10,60.0,-14.79,0.17,0.26,-1.479,18.65
5.0,1.5,2.5,3.0,0.4,7200,0.2,10,60.0,-14.79,0.17,0.26,-1.479,18.65
5.0,1.5,2.5,3.0,0.4,14400,0.2,10,60.0,-14.79,0.17,0.26,-1.479,18.65
5.0,1.5,2.5,3.0,0.4,14400,0.4,10,60.0,-14.79,0.17,0.26,-1.479,18.65
5.0,1.5,2.5,3.0,0.4,,0.4,10,60.0,-14.79,0.17,0.26,-1.479,18.65
5.0,1.5,2.5,4.5,0.4,1200,0.2,10,60.0,-14.79,0.17,0.26,-1.479,18.65
5.0,1.5,2.5,4.5,0.4,2400,0.2,10,60.0,-14.79,0.17,0.26,-1.479,18.65
5.0,1.5,2.5,4.5,0.4,3600,0.2,10,60.0,-14.79,0.17,0.26,-1.479,18.65
5.0,1.5,2.5,4.5,0.4,7200,0.2,10,60.0,-14.79,0.17,0.26,-1.479,18.65
5.0,1.5,2.5,4.5,0.4,14400,0.2,10,60.0,-14.79,0.17,0.26,-1.479,18.65
5.0,1.5,2.5,4.5,0.4,14400,0.4,10,60.0,-14.79,0.17,0.26,-1.479,18.65
5.0,1.5,2.5,4.5,0.4,,0.4,10,60.0,-14.79,0.17,0.26,-1.479,18.65
