stop_loss_pct,level_1_pct,level_2_pct,level_3_pct,trail_callback,time_stop_seconds,time_stop_no_movement_pct,trades,win_rate,total_pnl_pct,payoff,profit_factor,expectancy_pct,max_dd_pct
2.0,1.5,2.5,3.0,0.4,3600,0.4,31,80.6,9.18,0.51,2.13,0.296,4.65
2.0,1.5,2.5,4.5,0.4,3600,0.4,31,80.6,9.18,0.51,2.13,0.296,4.65
2.0,1.5,2.5,3.0,0.8,3600,0.4,29,79.3,8.4,0.53,2.04,0.29,4.65
2.0,1.5,2.5,4.5,0.8,3600,0.4,29,79.3,8.4,0.53,2.04,0.29,4.65
2.0,1.5,2.5,3.0,0.6,3600,0.4,31,80.6,8.81,0.5,2.09,0.284,4.65
2.0,1.5,2.5,4.5,0.6,3600,0.4,31,80.6,8.81,0.5,2.09,0.284,4.65
4.0,1.5,2.5,3.0,0.4,3600,0.4,25,84.0,6.63,0.35,1.82,0.265,4.01
4.0,1.5,2.5,4.5,0.4,3600,0.4,25,84.0,6.63,0.35,1.82,0.265,4.01
4.0,1.5,2.5,3.0,0.6,3600,0.4,25,84.0,6.46,0.34,1.8,0.258,4.01
4.0,1.5,2.5,4.5,0.6,3600,0.4,25,84.0,6.46,0.34,1.8,0.258,4.01
4.0,1.5,2.5,3.0,0.4,2400,0.4,31,80.6,7.46,0.6,2.51,0.241,4.0
4.0,1.5,2.5,4.5,0.4,2400,0.4,31,80.6,7.46,0.6,2.51,0.241,4.0
3.0,0.7,1.5,3.0,0.4,3600,0.4,33,87.9,7.83,0.31,2.28,0.237,3.01
3.0,0.7,1.5,3.0,0.6,3600,0.4,33,87.9,7.83,0.31,2.28,0.237,3.01
3.0,0.7,1.5,3.0,0.8,3600,0.4,33,87.9,7.83,0.31,2.28,0.237,3.01
3.0,0.7,1.5,4.5,0.4,3600,0.4,33,87.9,7.83,0.31,2.28,0.237,3.01
3.0,0.7,1.5,4.5,0.6,3600,0.4,33,87.9,7.83,0.31,2.28,0.237,3.01
3.0,0.7,1.5,4.5,0.8,3600,0.4,33,87.9,7.83,0.31,2.28,0.237,3.01
3.0,1.5,2.5,3.0,0.4,3600,0.4,30,83.3,7.1,0.36,1.78,0.237,5.73
3.0,1.5,2.5,4.5,0.4,3600,0.4,30,83.3,7.1,0.36,1.78,0.237,5.73
4.0,1.5,2.5,3.0,0.8,3600,0.4,23,82.6,5.44,0.35,1.67,0.237,4.01
4.0,1.5,2.5,4.5,0.8,3600,0.4,23,82.6,5.44,0.35,1.67,0.237,4.01
2.0,1.0,1.5,3.0,0.4,3600,0.4,31,80.6,7.27,0.46,1.9,0.235,5.1
2.0,1.0,1.5,3.0,0.6,3600,0.4,31,80.6,7.27,0.46,1.9,0.235,5.1
2.0,1.0,1.5,3.0,0.8,3600,0.4,31,80.6,7.27,0.46,1.9,0.235,5.1
2.0,1.0,1.5,4.5,0.4,3600,0.4,31,80.6,7.27,0.46,1.9,0.235,5.1
2.0,1.0,1.5,4.5,0.6,3600,0.4,31,80.6,7.27,0.46,1.9,0.235,5.1
2.0,1.0,1.5,4.5,0.8,3600,0.4,31,80.6,7.27,0.46,1.9,0.235,5.1
4.0,1.5,2.5,3.0,0.6,2400,0.4,31,80.6,7.29,0.59,2.48,0.235,4.0
4.0,1.5,2.5,4.5,0.6,2400,0.4,31,80.6,7.29,0.59,2.48,0.235,4.0
3.0,1.5,2.5,3.0,0.8,3600,0.4,28,82.1,6.32,0.37,1.69,0.226,5.73
3.0,1.5,2.5,4.5,0.8,3600,0.4,28,82.1,6.32,0.37,1.69,0.226,5.73
3.0,1.5,2.5,3.0,0.6,3600,0.4,30,83.3,6.73,0.35,1.74,0.224,5.73
3.0,1.5,2.5,4.5,0.6,3600,0.4,30,83.3,6.73,0.35,1.74,0.224,5.73
3.0,0.7,2.5,3.0,0.4,3600,0.4,33,87.9,7.11,0.3,2.17,0.215,3.01
3.0,0.7,2.5,3.0,0.6,3600,0.4,33,87.9,7.11,0.3,2.17,0.215,3.01
3.0,0.7,2.5,3.0,0.8,3600,0.4,33,87.9,7.11,0.3,2.17,0.215,3.01
3.0,0.7,2.5,4.5,0.4,3600,0.4,33,87.9,7.11,0.3,2.17,0.215,3.01
3.0,0.7,2.5,4.5,0.6,3600,0.4,33,87.9,7.11,0.3,2.17,0.215,3.01
3.0,0.7,2.5,4.5,0.8,3600,0.4,33,87.9,7.11,0.3,2.17,0.215,3.01
4.0,1.5,2.5,3.0,0.8,2400,0.4,29,79.3,6.19,0.59,2.25,0.213,4.0
4.0,1.5,2.5,4.5,0.8,2400,0.4,29,79.3,6.19,0.59,2.25,0.213,4.0
2.0,1.5,2.5,3.0,0.4,2400,0.4,37,78.4,7.83,0.59,2.13,0.212,4.65
2.0,1.5,2.5,4.5,0.4,2400,0.4,37,78.4,7.83,0.59,2.13,0.212,4.65
5.0,1.5,2.5,3.0,0.4,2400,0.4,31,80.6,6.46,0.5,2.09,0.208,5.0
5.0,1.5,2.5,4.5,0.4,2400,0.4,31,80.6,6.46,0.5,2.09,0.208,5.0
2.0,1.0,2.5,3.0,0.4,3600,0.4,31,80.6,6.37,0.43,1.79,0.205,5.1
2.0,1.0,2.5,3.0,0.6,3600,0.4,31,80.6,6.37,0.43,1.79,0.205,5.1
2.0,1.0,2.5,3.0,0.8,3600,0.4,31,80.6,6.37,0.43,1.79,0.205,5.1
2.0,1.0,2.5,4.5,0.4,3600,0.4,31,80.6,6.37,0.43,1.79,0.205,5.1
2.0,1.0,2.5,4.5,0.6,3600,0.4,31,80.6,6.37,0.43,1.79,0.205,5.1
2.0,1.0,2.5,4.5,0.8,3600,0.4,31,80.6,6.37,0.43,1.79,0.205,5.1
5.0,1.5,2.5,3.0,0.6,2400,0.4,31,80.6,6.29,0.49,2.06,0.203,5.0
5.0,1.5,2.5,4.5,0.6,2400,0.4,31,80.6,6.29,0.49,2.06,0.203,5.0
2.0,1.5,2.5,3.0,0.6,2400,0.4,37,78.4,7.46,0.57,2.07,0.202,4.65
2.0,1.5,2.5,4.5,0.6,2400,0.4,37,78.4,7.46,0.57,2.07,0.202,4.65
2.0,1.5,2.5,3.0,0.8,2400,0.4,35,77.1,6.97,0.59,2.0,0.199,4.65
2.0,1.5,2.5,4.5,0.8,2400,0.4,35,77.1,6.97,0.59,2.0,0.199,4.65
3.0,0.7,1.5,3.0,0.4,2400,0.4,39,79.5,7.59,0.75,2.89,0.195,3.01
3.0,0.7,1.5,3.0,0.6,2400,0.4,39,79.5,7.59,0.75,2.89,0.195,3.01
3.0,0.7,1.5,3.0,0.8,2400,0.4,39,79.5,7.59,0.75,2.89,0.195,3.01
3.0,0.7,1.5,4.5,0.4,2400,0.4,39,79.5,7.59,0.75,2.89,0.195,3.01
3.0,0.7,1.5,4.5,0.6,2400,0.4,39,79.5,7.59,0.75,2.89,0.195,3.01
3.0,0.7,1.5,4.5,0.8,2400,0.4,39,79.5,7.59,0.75,2.89,0.195,3.01
4.0,1.0,1.5,3.0,0.4,2400,0.4,31,80.6,6.04,0.53,2.22,0.195,4.0
4.0,1.0,1.5,3.0,0.6,2400,0.4,31,80.6,6.04,0.53,2.22,0.195,4.0
4.0,1.0,1.5,3.0,0.8,2400,0.4,31,80.6,6.04,0.53,2.22,0.195,4.0
4.0,1.0,1.5,4.5,0.4,2400,0.4,31,80.6,6.04,0.53,2.22,0.195,4.0
4.0,1.0,1.5,4.5,0.6,2400,0.4,31,80.6,6.04,0.53,2.22,0.195,4.0
4.0,1.0,1.5,4.5,0.8,2400,0.4,31,80.6,6.04,0.53,2.22,0.195,4.0
4.0,1.0,2.5,3.0,0.4,2400,0.4,31,80.6,6.04,0.53,2.22,0.195,4.0
4.0,1.0,2.5,3.0,0.6,2400,0.4,31,80.6,6.04,0.53,2.22,0.195,4.0
4.0,1.0,2.5,3.0,0.8,2400,0.4,31,80.6,6.04,0.53,2.22,0.195,4.0
4.0,1.0,2.5,4.5,0.4,2400,0.4,31,80.6,6.04,0.53,2.22,0.195,4.0
4.0,1.0,2.5,4.5,0.6,2400,0.4,31,80.6,6.04,0.53,2.22,0.195,4.0
4.0,1.0,2.5,4.5,0.8,2400,0.4,31,80.6,6.04,0.53,2.22,0.195,4.0
4.0,1.0,1.5,3.0,0.4,3600,0.4,25,84.0,4.76,0.3,1.59,0.19,4.01
4.0,1.0,1.5,3.0,0.6,3600,0.4,25,84.0,4.76,0.3,1.59,0.19,4.01
4.0,1.0,1.5,3.0,0.8,3600,0.4,25,84.0,4.76,0.3,1.59,0.19,4.01
4.0,1.0,1.5,4.5,0.4,3600,0.4,25,84.0,4.76,0.3,1.59,0.19,4.01
4.0,1.0,1.5,4.5,0.6,3600,0.4,25,84.0,4.76,0.3,1.59,0.19,4.01
4.0,1.0,1.5,4.5,0.8,3600,0.4,25,84.0,4.76,0.3,1.59,0.19,4.01
3.0,1.0,1.5,3.0,0.4,3600,0.4,30,83.3,5.64,0.32,1.62,0.188,5.73
3.0,1.0,1.5,3.0,0.6,3600,0.4,30,83.3,5.64,0.32,1.62,0.188,5.73
3.0,1.0,1.5,3.0,0.8,3600,0.4,30,83.3,5.64,0.32,1.62,0.188,5.73
3.0,1.0,1.5,4.5,0.4,3600,0.4,30,83.3,5.64,0.32,1.62,0.188,5.73
3.0,1.0,1.5,4.5,0.6,3600,0.4,30,83.3,5.64,0.32,1.62,0.188,5.73
3.0,1.0,1.5,4.5,0.8,3600,0.4,30,83.3,5.64,0.32,1.62,0.188,5.73
5.0,1.5,2.5,3.0,0.4,3600,0.4,25,84.0,4.63,0.28,1.46,0.185,5.01
5.0,1.5,2.5,4.5,0.4,3600,0.4,25,84.0,4.63,0.28,1.46,0.185,5.01
3.0,1.5,2.5,3.0,0.4,2400,0.4,36,77.8,6.47,0.55,1.93,0.18,6.01
3.0,1.5,2.5,4.5,0.4,2400,0.4,36,77.8,6.47,0.55,1.93,0.18,6.01
5.0,1.5,2.5,3.0,0.8,2400,0.4,29,79.3,5.19,0.49,1.87,0.179,5.0
5.0,1.5,2.5,4.5,0.8,2400,0.4,29,79.3,5.19,0.49,1.87,0.179,5.0
5.0,1.5,2.5,3.0,0.6,3600,0.4,25,84.0,4.46,0.27,1.44,0.178,5.01
5.0,1.5,2.5,4.5,0.6,3600,0.4,25,84.0,4.46,0.27,1.44,0.178,5.01
3.0,0.7,2.5,3.0,0.4,2400,0.4,39,79.5,6.87,0.7,2.71,0.176,3.01
3.0,0.7,2.5,3.0,0.6,2400,0.4,39,79.5,6.87,0.7,2.71,0.176,3.01
3.0,0.7,2.5,3.0,0.8,2400,0.4,39,79.5,6.87,0.7,2.71,0.176,3.01
3.0,0.7,2.5,4.5,0.4,2400,0.4,39,79.5,6.87,0.7,2.71,0.176,3.01
3.0,0.7,2.5,4.5,0.6,2400,0.4,39,79.5,6.87,0.7,2.71,0.176,3.01
3.0,0.7,2.5,4.5,0.8,2400,0.4,39,79.5,6.87,0.7,2.71,0.176,3.01
2.0,1.0,1.5,3.0,0.4,2400,0.4,37,78.4,6.37,0.53,1.92,0.172,5.1
2.0,1.0,1.5,3.0,0.6,2400,0.4,37,78.4,6.37,0.53,1.92,0.172,5.1
2.0,1.0,1.5,3.0,0.8,2400,0.4,37,78.4,6.37,0.53,1.92,0.172,5.1
2.0,1.0,1.5,4.5,0.4,2400,0.4,37,78.4,6.37,0.53,1.92,0.172,5.1
2.0,1.0,1.5,4.5,0.6,2400,0.4,37,78.4,6.37,0.53,1.92,0.172,5.1
2.0,1.0,1.5,4.5,0.8,2400,0.4,37,78.4,6.37,0.53,1.92,0.172,5.1
4.0,1.0,2.5,3.0,0.4,3600,0.4,25,84.0,4.31,0.29,1.53,0.172,4.01
4.0,1.0,2.5,3.0,0.6,3600,0.4,25,84.0,4.31,0.29,1.53,0.172,4.01
4.0,1.0,2.5,3.0,0.8,3600,0.4,25,84.0,4.31,0.29,1.53,0.172,4.01
4.0,1.0,2.5,4.5,0.4,3600,0.4,25,84.0,4.31,0.29,1.53,0.172,4.01
4.0,1.0,2.5,4.5,0.6,3600,0.4,25,84.0,4.31,0.29,1.53,0.172,4.01
4.0,1.0,2.5,4.5,0.8,3600,0.4,25,84.0,4.31,0.29,1.53,0.172,4.01
2.0,0.7,1.5,3.0,0.4,3600,0.4,36,83.3,6.1,0.35,1.75,0.169,5.1
2.0,0.7,1.5,3.0,0.6,3600,0.4,36,83.3,6.1,0.35,1.75,0.169,5.1
2.0,0.7,1.5,3.0,0.8,3600,0.4,36,83.3,6.1,0.35,1.75,0.169,5.1
2.0,0.7,1.5,4.5,0.4,3600,0.4,36,83.3,6.1,0.35,1.75,0.169,5.1
2.0,0.7,1.5,4.5,0.6,3600,0.4,36,83.3,6.1,0.35,1.75,0.169,5.1
2.0,0.7,1.5,4.5,0.8,3600,0.4,36,83.3,6.1,0.35,1.75,0.169,5.1
3.0,1.5,2.5,3.0,0.6,2400,0.4,36,77.8,6.1,0.54,1.88,0.169,6.01
3.0,1.5,2.5,4.5,0.6,2400,0.4,36,77.8,6.1,0.54,1.88,0.169,6.01
4.0,0.7,1.5,3.0,0.4,2400,0.4,39,79.5,6.59,0.6,2.32,0.169,4.01
4.0,0.7,1.5,3.0,0.6,2400,0.4,39,79.5,6.59,0.6,2.32,0.169,4.01
4.0,0.7,1.5,3.0,0.8,2400,0.4,39,79.5,6.59,0.6,2.32,0.169,4.01
4.0,0.7,1.5,4.5,0.4,2400,0.4,39,79.5,6.59,0.6,2.32,0.169,4.01
4.0,0.7,1.5,4.5,0.6,2400,0.4,39,79.5,6.59,0.6,2.32,0.169,4.01
4.0,0.7,1.5,4.5,0.8,2400,0.4,39,79.5,6.59,0.6,2.32,0.169,4.01
2.0,0.7,1.5,3.0,0.4,2400,0.4,40,77.5,6.59,0.67,2.32,0.165,4.01
2.0,0.7,1.5,3.0,0.6,2400,0.4,40,77.5,6.59,0.67,2.32,0.165,4.01
2.0,0.7,1.5,3.0,0.8,2400,0.4,40,77.5,6.59,0.67,2.32,0.165,4.01
2.0,0.7,1.5,4.5,0.4,2400,0.4,40,77.5,6.59,0.67,2.32,0.165,4.01
2.0,0.7,1.5,4.5,0.6,2400,0.4,40,77.5,6.59,0.67,2.32,0.165,4.01
2.0,0.7,1.5,4.5,0.8,2400,0.4,40,77.5,6.59,0.67,2.32,0.165,4.01
3.0,1.5,2.5,3.0,0.8,2400,0.4,34,76.5,5.61,0.56,1.81,0.165,6.01
3.0,1.5,2.5,4.5,0.8,2400,0.4,34,76.5,5.61,0.56,1.81,0.165,6.01
5.0,1.0,1.5,3.0,0.4,2400,0.4,31,80.6,5.04,0.44,1.85,0.163,5.0
5.0,1.0,1.5,3.0,0.6,2400,0.4,31,80.6,5.04,0.44,1.85,0.163,5.0
5.0,1.0,1.5,3.0,0.8,2400,0.4,31,80.6,5.04,0.44,1.85,0.163,5.0
5.0,1.0,1.5,4.5,0.4,2400,0.4,31,80.6,5.04,0.44,1.85,0.163,5.0
5.0,1.0,1.5,4.5,0.6,2400,0.4,31,80.6,5.04,0.44,1.85,0.163,5.0
5.0,1.0,1.5,4.5,0.8,2400,0.4,31,80.6,5.04,0.44,1.85,0.163,5.0
5.0,1.0,2.5,3.0,0.4,2400,0.4,31,80.6,5.04,0.44,1.85,0.163,5.0
5.0,1.0,2.5,3.0,0.6,2400,0.4,31,80.6,5.04,0.44,1.85,0.163,5.0
5.0,1.0,2.5,3.0,0.8,2400,0.4,31,80.6,5.04,0.44,1.85,0.163,5.0
5.0,1.0,2.5,4.5,0.4,2400,0.4,31,80.6,5.04,0.44,1.85,0.163,5.0
5.0,1.0,2.5,4.5,0.6,2400,0.4,31,80.6,5.04,0.44,1.85,0.163,5.0
5.0,1.0,2.5,4.5,0.8,2400,0.4,31,80.6,5.04,0.44,1.85,0.163,5.0
2.0,1.0,2.5,3.0,0.4,2400,0.4,37,78.4,5.92,0.51,1.85,0.16,5.1
2.0,1.0,2.5,3.0,0.6,2400,0.4,37,78.4,5.92,0.51,1.85,0.16,5.1
2.0,1.0,2.5,3.0,0.8,2400,0.4,37,78.4,5.92,0.51,1.85,0.16,5.1
2.0,1.0,2.5,4.5,0.4,2400,0.4,37,78.4,5.92,0.51,1.85,0.16,5.1
2.0,1.0,2.5,4.5,0.6,2400,0.4,37,78.4,5.92,0.51,1.85,0.16,5.1
2.0,1.0,2.5,4.5,0.8,2400,0.4,37,78.4,5.92,0.51,1.85,0.16,5.1
3.0,1.0,2.5,3.0,0.4,3600,0.4,30,83.3,4.74,0.3,1.52,0.158,5.73
3.0,1.0,2.5,3.0,0.6,3600,0.4,30,83.3,4.74,0.3,1.52,0.158,5.73
3.0,1.0,2.5,3.0,0.8,3600,0.4,30,83.3,4.74,0.3,1.52,0.158,5.73
3.0,1.0,2.5,4.5,0.4,3600,0.4,30,83.3,4.74,0.3,1.52,0.158,5.73
3.0,1.0,2.5,4.5,0.6,3600,0.4,30,83.3,4.74,0.3,1.52,0.158,5.73
3.0,1.0,2.5,4.5,0.8,3600,0.4,30,83.3,4.74,0.3,1.52,0.158,5.73
2.0,1.5,2.5,3.0,0.6,7200,0.4,27,70.4,4.21,0.55,1.3,0.156,7.4
2.0,1.5,2.5,4.5,0.6,7200,0.4,27,70.4,4.21,0.55,1.3,0.156,7.4
2.0,1.5,2.5,3.0,0.4,7200,0.4,27,70.4,4.15,0.54,1.29,0.154,7.83
2.0,1.5,2.5,4.5,0.4,7200,0.4,27,70.4,4.15,0.54,1.29,0.154,7.83
3.0,1.0,1.5,3.0,0.4,2400,0.4,36,77.8,5.46,0.51,1.79,0.152,6.01
3.0,1.0,1.5,3.0,0.6,2400,0.4,36,77.8,5.46,0.51,1.79,0.152,6.01
3.0,1.0,1.5,3.0,0.8,2400,0.4,36,77.8,5.46,0.51,1.79,0.152,6.01
3.0,1.0,1.5,4.5,0.4,2400,0.4,36,77.8,5.46,0.51,1.79,0.152,6.01
3.0,1.0,1.5,4.5,0.6,2400,0.4,36,77.8,5.46,0.51,1.79,0.152,6.01
3.0,1.0,1.5,4.5,0.8,2400,0.4,36,77.8,5.46,0.51,1.79,0.152,6.01
4.0,0.7,2.5,3.0,0.4,2400,0.4,39,79.5,5.87,0.56,2.17,0.151,4.01
4.0,0.7,2.5,3.0,0.6,2400,0.4,39,79.5,5.87,0.56,2.17,0.151,4.01
4.0,0.7,2.5,3.0,0.8,2400,0.4,39,79.5,5.87,0.56,2.17,0.151,4.01
4.0,0.7,2.5,4.5,0.4,2400,0.4,39,79.5,5.87,0.56,2.17,0.151,4.01
4.0,0.7,2.5,4.5,0.6,2400,0.4,39,79.5,5.87,0.56,2.17,0.151,4.01
4.0,0.7,2.5,4.5,0.8,2400,0.4,39,79.5,5.87,0.56,2.17,0.151,4.01
5.0,1.5,2.5,3.0,0.8,3600,0.4,23,82.6,3.44,0.28,1.34,0.15,5.01
5.0,1.5,2.5,4.5,0.8,3600,0.4,23,82.6,3.44,0.28,1.34,0.15,5.01
2.0,0.7,2.5,3.0,0.4,3600,0.4,36,83.3,5.38,0.33,1.66,0.149,5.1
2.0,0.7,2.5,3.0,0.6,3600,0.4,36,83.3,5.38,0.33,1.66,0.149,5.1
2.0,0.7,2.5,3.0,0.8,3600,0.4,36,83.3,5.38,0.33,1.66,0.149,5.1
2.0,0.7,2.5,4.5,0.4,3600,0.4,36,83.3,5.38,0.33,1.66,0.149,5.1
2.0,0.7,2.5,4.5,0.6,3600,0.4,36,83.3,5.38,0.33,1.66,0.149,5.1
2.0,0.7,2.5,4.5,0.8,3600,0.4,36,83.3,5.38,0.33,1.66,0.149,5.1
2.0,0.7,2.5,3.0,0.4,2400,0.4,40,77.5,5.87,0.63,2.17,0.147,4.01
2.0,0.7,2.5,3.0,0.6,2400,0.4,40,77.5,5.87,0.63,2.17,0.147,4.01
2.0,0.7,2.5,3.0,0.8,2400,0.4,40,77.5,5.87,0.63,2.17,0.147,4.01
2.0,0.7,2.5,4.5,0.4,2400,0.4,40,77.5,5.87,0.63,2.17,0.147,4.01
2.0,0.7,2.5,4.5,0.6,2400,0.4,40,77.5,5.87,0.63,2.17,0.147,4.01
2.0,0.7,2.5,4.5,0.8,2400,0.4,40,77.5,5.87,0.63,2.17,0.147,4.01
5.0,0.7,1.5,3.0,0.4,2400,0.4,38,78.9,5.55,0.51,1.92,0.146,5.01
5.0,0.7,1.5,3.0,0.6,2400,0.4,38,78.9,5.55,0.51,1.92,0.146,5.01
5.0,0.7,1.5,3.0,0.8,2400,0.4,38,78.9,5.55,0.51,1.92,0.146,5.01
5.0,0.7,1.5,4.5,0.4,2400,0.4,38,78.9,5.55,0.51,1.92,0.146,5.01
5.0,0.7,1.5,4.5,0.6,2400,0.4,38,78.9,5.55,0.51,1.92,0.146,5.01
5.0,0.7,1.5,4.5,0.8,2400,0.4,38,78.9,5.55,0.51,1.92,0.146,5.01
4.0,1.5,2.5,3.0,0.6,14400,0.4,13,76.9,1.86,0.37,1.23,0.143,4.87
4.0,1.5,2.5,4.5,0.6,14400,0.4,13,76.9,1.86,0.37,1.23,0.143,4.87
2.0,1.5,2.5,3.0,0.4,1200,0.2,30,66.7,4.22,0.65,1.3,0.141,5.72
2.0,1.5,2.5,4.5,0.4,1200,0.2,30,66.7,4.22,0.65,1.3,0.141,5.72
2.0,1.5,2.5,3.0,0.8,7200,0.4,27,66.7,3.79,0.63,1.26,0.14,7.4
2.0,1.5,2.5,4.5,0.8,7200,0.4,27,66.7,3.79,0.63,1.26,0.14,7.4
4.0,1.5,2.5,3.0,0.6,7200,0.4,15,80.0,2.1,0.32,1.26,0.14,4.75
4.0,1.5,2.5,4.5,0.6,7200,0.4,15,80.0,2.1,0.32,1.26,0.14,4.75
3.0,1.0,2.5,3.0,0.4,2400,0.4,36,77.8,5.01,0.49,1.72,0.139,6.01
3.0,1.0,2.5,3.0,0.6,2400,0.4,36,77.8,5.01,0.49,1.72,0.139,6.01
3.0,1.0,2.5,3.0,0.8,2400,0.4,36,77.8,5.01,0.49,1.72,0.139,6.01
3.0,1.0,2.5,4.5,0.4,2400,0.4,36,77.8,5.01,0.49,1.72,0.139,6.01
3.0,1.0,2.5,4.5,0.6,2400,0.4,36,77.8,5.01,0.49,1.72,0.139,6.01
3.0,1.0,2.5,4.5,0.8,2400,0.4,36,77.8,5.01,0.49,1.72,0.139,6.01
3.0,1.5,2.5,3.0,0.4,7200,0.4,22,77.3,2.95,0.37,1.24,0.134,6.24
3.0,1.5,2.5,4.5,0.4,7200,0.4,22,77.3,2.95,0.37,1.24,0.134,6.24
2.0,1.5,2.5,3.0,0.4,2400,0.2,26,69.2,3.47,0.55,1.25,0.133,5.79
2.0,1.5,2.5,4.5,0.4,2400,0.2,26,69.2,3.47,0.55,1.25,0.133,5.79
2.0,1.5,2.5,3.0,0.4,7200,0.8,51,66.7,6.72,0.83,1.66,0.132,4.31
2.0,1.5,2.5,4.5,0.4,7200,0.8,51,66.7,6.72,0.83,1.66,0.132,4.31
2.0,1.5,2.5,3.0,0.6,2400,0.2,26,69.2,3.33,0.55,1.24,0.128,5.36
2.0,1.5,2.5,4.5,0.6,2400,0.2,26,69.2,3.33,0.55,1.24,0.128,5.36
5.0,0.7,2.5,3.0,0.4,2400,0.4,38,78.9,4.83,0.48,1.8,0.127,5.01
5.0,0.7,2.5,3.0,0.6,2400,0.4,38,78.9,4.83,0.48,1.8,0.127,5.01
5.0,0.7,2.5,3.0,0.8,2400,0.4,38,78.9,4.83,0.48,1.8,0.127,5.01
5.0,0.7,2.5,4.5,0.4,2400,0.4,38,78.9,4.83,0.48,1.8,0.127,5.01
5.0,0.7,2.5,4.5,0.6,2400,0.4,38,78.9,4.83,0.48,1.8,0.127,5.01
5.0,0.7,2.5,4.5,0.8,2400,0.4,38,78.9,4.83,0.48,1.8,0.127,5.01
2.0,1.5,2.5,3.0,0.6,1200,0.2,30,66.7,3.79,0.63,1.27,0.126,5.29
2.0,1.5,2.5,4.5,0.6,1200,0.2,30,66.7,3.79,0.63,1.27,0.126,5.29
3.0,0.7,1.5,3.0,0.4,7200,0.4,26,80.8,3.25,0.32,1.35,0.125,6.0
3.0,0.7,1.5,3.0,0.6,7200,0.4,26,80.8,3.25,0.32,1.35,0.125,6.0
3.0,0.7,1.5,3.0,0.8,7200,0.4,26,80.8,3.25,0.32,1.35,0.125,6.0
3.0,0.7,1.5,4.5,0.4,7200,0.4,26,80.8,3.25,0.32,1.35,0.125,6.0
3.0,0.7,1.5,4.5,0.6,7200,0.4,26,80.8,3.25,0.32,1.35,0.125,6.0
3.0,0.7,1.5,4.5,0.8,7200,0.4,26,80.8,3.25,0.32,1.35,0.125,6.0
4.0,0.7,1.5,3.0,0.4,3600,0.4,29,86.2,3.59,0.23,1.44,0.124,4.01
4.0,0.7,1.5,3.0,0.6,3600,0.4,29,86.2,3.59,0.23,1.44,0.124,4.01
4.0,0.7,1.5,3.0,0.8,3600,0.4,29,86.2,3.59,0.23,1.44,0.124,4.01
4.0,0.7,1.5,4.5,0.4,3600,0.4,29,86.2,3.59,0.23,1.44,0.124,4.01
4.0,0.7,1.5,4.5,0.6,3600,0.4,29,86.2,3.59,0.23,1.44,0.124,4.01
4.0,0.7,1.5,4.5,0.8,3600,0.4,29,86.2,3.59,0.23,1.44,0.124,4.01
4.0,0.7,2.5,3.0,0.4,3600,0.4,29,86.2,3.59,0.23,1.44,0.124,4.01
4.0,0.7,2.5,3.0,0.6,3600,0.4,29,86.2,3.59,0.23,1.44,0.124,4.01
4.0,0.7,2.5,3.0,0.8,3600,0.4,29,86.2,3.59,0.23,1.44,0.124,4.01
4.0,0.7,2.5,4.5,0.4,3600,0.4,29,86.2,3.59,0.23,1.44,0.124,4.01
4.0,0.7,2.5,4.5,0.6,3600,0.4,29,86.2,3.59,0.23,1.44,0.124,4.01
4.0,0.7,2.5,4.5,0.8,3600,0.4,29,86.2,3.59,0.23,1.44,0.124,4.01
2.0,0.7,1.5,3.0,0.4,1200,0.4,52,57.7,6.27,1.77,2.41,0.121,2.21
2.0,0.7,1.5,3.0,0.6,1200,0.4,52,57.7,6.27,1.77,2.41,0.121,2.21
2.0,0.7,1.5,3.0,0.8,1200,0.4,52,57.7,6.27,1.77,2.41,0.121,2.21
2.0,0.7,1.5,4.5,0.4,1200,0.4,52,57.7,6.27,1.77,2.41,0.121,2.21
2.0,0.7,1.5,4.5,0.6,1200,0.4,52,57.7,6.27,1.77,2.41,0.121,2.21
2.0,0.7,1.5,4.5,0.8,1200,0.4,52,57.7,6.27,1.77,2.41,0.121,2.21
2.0,1.5,2.5,3.0,0.8,2400,0.2,26,69.2,3.08,0.54,1.22,0.118,5.36
2.0,1.5,2.5,4.5,0.8,2400,0.2,26,69.2,3.08,0.54,1.22,0.118,5.36
2.0,1.5,2.5,3.0,0.4,14400,0.4,26,69.2,3.05,0.53,1.19,0.117,7.73
2.0,1.5,2.5,4.5,0.4,14400,0.4,26,69.2,3.05,0.53,1.19,0.117,7.73
3.0,1.5,2.5,3.0,0.6,7200,0.4,22,77.3,2.58,0.36,1.21,0.117,6.52
3.0,1.5,2.5,4.5,0.6,7200,0.4,22,77.3,2.58,0.36,1.21,0.117,6.52
3.0,0.7,1.5,3.0,0.4,3600,0.8,65,67.7,7.56,1.05,2.2,0.116,3.0
3.0,0.7,1.5,3.0,0.6,3600,0.8,65,67.7,7.56,1.05,2.2,0.116,3.0
3.0,0.7,1.5,3.0,0.8,3600,0.8,65,67.7,7.56,1.05,2.2,0.116,3.0
3.0,0.7,1.5,4.5,0.4,3600,0.8,65,67.7,7.56,1.05,2.2,0.116,3.0
3.0,0.7,1.5,4.5,0.6,3600,0.8,65,67.7,7.56,1.05,2.2,0.116,3.0
3.0,0.7,1.5,4.5,0.8,3600,0.8,65,67.7,7.56,1.05,2.2,0.116,3.0
2.0,1.5,2.5,3.0,0.6,7200,0.8,51,66.7,5.84,0.79,1.57,0.115,4.31
2.0,1.5,2.5,4.5,0.6,7200,0.8,51,66.7,5.84,0.79,1.57,0.115,4.31
4.0,1.5,2.5,3.0,0.4,7200,0.4,15,80.0,1.71,0.3,1.21,0.114,5.03
4.0,1.5,2.5,4.5,0.4,7200,0.4,15,80.0,1.71,0.3,1.21,0.114,5.03
4.0,1.5,2.5,3.0,0.4,14400,0.4,13,76.9,1.47,0.35,1.18,0.113,5.15
4.0,1.5,2.5,4.5,0.4,14400,0.4,13,76.9,1.47,0.35,1.18,0.113,5.15
2.0,1.5,2.5,3.0,0.6,14400,0.4,26,69.2,2.91,0.53,1.18,0.112,7.3
2.0,1.5,2.5,4.5,0.6,14400,0.4,26,69.2,2.91,0.53,1.18,0.112,7.3
2.0,1.5,2.5,3.0,0.4,3600,0.2,25,68.0,2.76,0.55,1.17,0.11,7.73
2.0,1.5,2.5,3.0,0.4,7200,0.2,25,68.0,2.76,0.55,1.17,0.11,7.73
2.0,1.5,2.5,3.0,0.4,14400,0.2,25,68.0,2.76,0.55,1.17,0.11,7.73
2.0,1.5,2.5,3.0,0.4,,0.4,25,68.0,2.76,0.55,1.17,0.11,7.73
2.0,1.5,2.5,3.0,0.8,7200,0.8,49,65.3,5.38,0.81,1.53,0.11,4.31
2.0,1.5,2.5,4.5,0.4,3600,0.2,25,68.0,2.76,0.55,1.17,0.11,7.73
2.0,1.5,2.5,4.5,0.4,7200,0.2,25,68.0,2.76,0.55,1.17,0.11,7.73
2.0,1.5,2.5,4.5,0.4,14400,0.2,25,68.0,2.76,0.55,1.17,0.11,7.73
2.0,1.5,2.5,4.5,0.4,,0.4,25,68.0,2.76,0.55,1.17,0.11,7.73
2.0,1.5,2.5,4.5,0.8,7200,0.8,49,65.3,5.38,0.81,1.53,0.11,4.31
5.0,1.0,1.5,3.0,0.4,3600,0.4,25,84.0,2.76,0.24,1.27,0.11,5.01
5.0,1.0,1.5,3.0,0.6,3600,0.4,25,84.0,2.76,0.24,1.27,0.11,5.01
5.0,1.0,1.5,3.0,0.8,3600,0.4,25,84.0,2.76,0.24,1.27,0.11,5.01
5.0,1.0,1.5,4.5,0.4,3600,0.4,25,84.0,2.76,0.24,1.27,0.11,5.01
5.0,1.0,1.5,4.5,0.6,3600,0.4,25,84.0,2.76,0.24,1.27,0.11,5.01
5.0,1.0,1.5,4.5,0.8,3600,0.4,25,84.0,2.76,0.24,1.27,0.11,5.01
2.0,0.7,2.5,3.0,0.4,1200,0.4,52,57.7,5.55,1.65,2.25,0.107,2.21
2.0,0.7,2.5,3.0,0.6,1200,0.4,52,57.7,5.55,1.65,2.25,0.107,2.21
2.0,0.7,2.5,3.0,0.8,1200,0.4,52,57.7,5.55,1.65,2.25,0.107,2.21
2.0,0.7,2.5,4.5,0.4,1200,0.4,52,57.7,5.55,1.65,2.25,0.107,2.21
2.0,0.7,2.5,4.5,0.6,1200,0.4,52,57.7,5.55,1.65,2.25,0.107,2.21
2.0,0.7,2.5,4.5,0.8,1200,0.4,52,57.7,5.55,1.65,2.25,0.107,2.21
2.0,1.5,2.5,3.0,0.6,3600,0.2,25,68.0,2.62,0.55,1.16,0.105,7.3
2.0,1.5,2.5,3.0,0.6,7200,0.2,25,68.0,2.62,0.55,1.16,0.105,7.3
2.0,1.5,2.5,3.0,0.6,14400,0.2,25,68.0,2.62,0.55,1.16,0.105,7.3
2.0,1.5,2.5,3.0,0.6,,0.4,25,68.0,2.62,0.55,1.16,0.105,7.3
2.0,1.5,2.5,4.5,0.6,3600,0.2,25,68.0,2.62,0.55,1.16,0.105,7.3
2.0,1.5,2.5,4.5,0.6,7200,0.2,25,68.0,2.62,0.55,1.16,0.105,7.3
2.0,1.5,2.5,4.5,0.6,14400,0.2,25,68.0,2.62,0.55,1.16,0.105,7.3
2.0,1.5,2.5,4.5,0.6,,0.4,25,68.0,2.62,0.55,1.16,0.105,7.3
3.0,0.7,2.5,3.0,0.4,3600,0.8,65,67.7,6.84,1.0,2.09,0.105,3.0
3.0,0.7,2.5,3.0,0.6,3600,0.8,65,67.7,6.84,1.0,2.09,0.105,3.0
3.0,0.7,2.5,3.0,0.8,3600,0.8,65,67.7,6.84,1.0,2.09,0.105,3.0
3.0,0.7,2.5,4.5,0.4,3600,0.8,65,67.7,6.84,1.0,2.09,0.105,3.0
3.0,0.7,2.5,4.5,0.6,3600,0.8,65,67.7,6.84,1.0,2.09,0.105,3.0
3.0,0.7,2.5,4.5,0.8,3600,0.8,65,67.7,6.84,1.0,2.09,0.105,3.0
2.0,1.5,2.5,3.0,0.8,1200,0.2,31,64.5,3.18,0.67,1.22,0.103,5.29
2.0,1.5,2.5,4.5,0.8,1200,0.2,31,64.5,3.18,0.67,1.22,0.103,5.29
2.0,1.0,1.5,3.0,0.4,7200,0.8,51,66.7,5.2,0.75,1.51,0.102,4.31
2.0,1.0,1.5,3.0,0.6,7200,0.8,51,66.7,5.2,0.75,1.51,0.102,4.31
2.0,1.0,1.5,3.0,0.8,7200,0.8,51,66.7,5.2,0.75,1.51,0.102,4.31
2.0,1.0,1.5,4.5,0.4,7200,0.8,51,66.7,5.2,0.75,1.51,0.102,4.31
2.0,1.0,1.5,4.5,0.6,7200,0.8,51,66.7,5.2,0.75,1.51,0.102,4.31
2.0,1.0,1.5,4.5,0.8,7200,0.8,51,66.7,5.2,0.75,1.51,0.102,4.31
2.0,1.0,1.5,3.0,0.4,3600,0.8,66,65.2,6.57,1.02,1.9,0.1,3.25
2.0,1.0,1.5,3.0,0.6,3600,0.8,66,65.2,6.57,1.02,1.9,0.1,3.25
2.0,1.0,1.5,3.0,0.8,3600,0.8,66,65.2,6.57,1.02,1.9,0.1,3.25
2.0,1.0,1.5,4.5,0.4,3600,0.8,66,65.2,6.57,1.02,1.9,0.1,3.25
2.0,1.0,1.5,4.5,0.6,3600,0.8,66,65.2,6.57,1.02,1.9,0.1,3.25
2.0,1.0,1.5,4.5,0.8,3600,0.8,66,65.2,6.57,1.02,1.9,0.1,3.25
2.0,0.7,1.5,3.0,0.4,3600,0.8,68,66.2,6.68,0.98,1.91,0.098,3.25
2.0,0.7,1.5,3.0,0.6,3600,0.8,68,66.2,6.68,0.98,1.91,0.098,3.25
2.0,0.7,1.5,3.0,0.8,3600,0.8,68,66.2,6.68,0.98,1.91,0.098,3.25
2.0,0.7,1.5,4.5,0.4,3600,0.8,68,66.2,6.68,0.98,1.91,0.098,3.25
2.0,0.7,1.5,4.5,0.6,3600,0.8,68,66.2,6.68,0.98,1.91,0.098,3.25
2.0,0.7,1.5,4.5,0.8,3600,0.8,68,66.2,6.68,0.98,1.91,0.098,3.25
3.0,1.5,2.5,3.0,0.8,7200,0.4,22,72.7,2.16,0.44,1.17,0.098,6.92
3.0,1.5,2.5,4.5,0.8,7200,0.4,22,72.7,2.16,0.44,1.17,0.098,6.92
3.0,0.7,2.5,3.0,0.4,7200,0.4,26,80.8,2.53,0.3,1.27,0.097,6.0
3.0,0.7,2.5,3.0,0.6,7200,0.4,26,80.8,2.53,0.3,1.27,0.097,6.0
3.0,0.7,2.5,3.0,0.8,7200,0.4,26,80.8,2.53,0.3,1.27,0.097,6.0
3.0,0.7,2.5,4.5,0.4,7200,0.4,26,80.8,2.53,0.3,1.27,0.097,6.0
3.0,0.7,2.5,4.5,0.6,7200,0.4,26,80.8,2.53,0.3,1.27,0.097,6.0
3.0,0.7,2.5,4.5,0.8,7200,0.4,26,80.8,2.53,0.3,1.27,0.097,6.0
2.0,1.5,2.5,3.0,0.8,3600,0.2,25,68.0,2.37,0.54,1.15,0.095,7.3
2.0,1.5,2.5,3.0,0.8,7200,0.2,25,68.0,2.37,0.54,1.15,0.095,7.3
2.0,1.5,2.5,3.0,0.8,14400,0.2,25,68.0,2.37,0.54,1.15,0.095,7.3
2.0,1.5,2.5,3.0,0.8,14400,0.4,25,68.0,2.37,0.54,1.15,0.095,7.3
2.0,1.5,2.5,3.0,0.8,,0.4,25,68.0,2.37,0.54,1.15,0.095,7.3
2.0,1.5,2.5,4.5,0.8,3600,0.2,25,68.0,2.37,0.54,1.15,0.095,7.3
2.0,1.5,2.5,4.5,0.8,7200,0.2,25,68.0,2.37,0.54,1.15,0.095,7.3
2.0,1.5,2.5,4.5,0.8,14400,0.2,25,68.0,2.37,0.54,1.15,0.095,7.3
2.0,1.5,2.5,4.5,0.8,14400,0.4,25,68.0,2.37,0.54,1.15,0.095,7.3
2.0,1.5,2.5,4.5,0.8,,0.4,25,68.0,2.37,0.54,1.15,0.095,7.3
2.0,1.0,2.5,3.0,0.4,3600,0.8,66,65.2,6.12,0.98,1.84,0.093,3.25
2.0,1.0,2.5,3.0,0.4,7200,0.8,51,66.7,4.75,0.73,1.46,0.093,4.31
2.0,1.0,2.5,3.0,0.6,3600,0.8,66,65.2,6.12,0.98,1.84,0.093,3.25
2.0,1.0,2.5,3.0,0.6,7200,0.8,51,66.7,4.75,0.73,1.46,0.093,4.31
2.0,1.0,2.5,3.0,0.8,3600,0.8,66,65.2,6.12,0.98,1.84,0.093,3.25
2.0,1.0,2.5,3.0,0.8,7200,0.8,51,66.7,4.75,0.73,1.46,0.093,4.31
2.0,1.0,2.5,4.5,0.4,3600,0.8,66,65.2,6.12,0.98,1.84,0.093,3.25
2.0,1.0,2.5,4.5,0.4,7200,0.8,51,66.7,4.75,0.73,1.46,0.093,4.31
2.0,1.0,2.5,4.5,0.6,3600,0.8,66,65.2,6.12,0.98,1.84,0.093,3.25
2.0,1.0,2.5,4.5,0.6,7200,0.8,51,66.7,4.75,0.73,1.46,0.093,4.31
2.0,1.0,2.5,4.5,0.8,3600,0.8,66,65.2,6.12,0.98,1.84,0.093,3.25
2.0,1.0,2.5,4.5,0.8,7200,0.8,51,66.7,4.75,0.73,1.46,0.093,4.31
4.0,1.5,2.5,3.0,0.8,14400,0.4,12,75.0,1.11,0.38,1.14,0.093,5.07
4.0,1.5,2.5,4.5,0.8,14400,0.4,12,75.0,1.11,0.38,1.14,0.093,5.07
5.0,1.0,2.5,3.0,0.4,3600,0.4,25,84.0,2.31,0.23,1.23,0.092,5.01
5.0,1.0,2.5,3.0,0.6,3600,0.4,25,84.0,2.31,0.23,1.23,0.092,5.01
5.0,1.0,2.5,3.0,0.8,3600,0.4,25,84.0,2.31,0.23,1.23,0.092,5.01
5.0,1.0,2.5,4.5,0.4,3600,0.4,25,84.0,2.31,0.23,1.23,0.092,5.01
5.0,1.0,2.5,4.5,0.6,3600,0.4,25,84.0,2.31,0.23,1.23,0.092,5.01
5.0,1.0,2.5,4.5,0.8,3600,0.4,25,84.0,2.31,0.23,1.23,0.092,5.01
4.0,1.5,2.5,3.0,0.4,1200,0.2,21,71.4,1.88,0.46,1.16,0.09,5.17
4.0,1.5,2.5,4.5,0.4,1200,0.2,21,71.4,1.88,0.46,1.16,0.09,5.17
2.0,1.5,2.5,3.0,0.8,14400,0.8,38,68.4,3.39,0.57,1.24,0.089,5.73
2.0,1.5,2.5,4.5,0.8,14400,0.8,38,68.4,3.39,0.57,1.24,0.089,5.73
2.0,0.7,2.5,3.0,0.4,3600,0.8,68,66.2,5.96,0.93,1.82,0.088,3.25
2.0,0.7,2.5,3.0,0.6,3600,0.8,68,66.2,5.96,0.93,1.82,0.088,3.25
2.0,0.7,2.5,3.0,0.8,3600,0.8,68,66.2,5.96,0.93,1.82,0.088,3.25
2.0,0.7,2.5,4.5,0.4,3600,0.8,68,66.2,5.96,0.93,1.82,0.088,3.25
2.0,0.7,2.5,4.5,0.6,3600,0.8,68,66.2,5.96,0.93,1.82,0.088,3.25
2.0,0.7,2.5,4.5,0.8,3600,0.8,68,66.2,5.96,0.93,1.82,0.088,3.25
2.0,1.5,2.5,3.0,0.4,1200,0.4,73,56.2,6.39,1.48,1.9,0.088,2.45
2.0,1.5,2.5,3.0,0.4,3600,0.8,66,65.2,5.84,0.96,1.8,0.088,3.25
2.0,1.5,2.5,4.5,0.4,1200,0.4,73,56.2,6.39,1.48,1.9,0.088,2.45
2.0,1.5,2.5,4.5,0.4,3600,0.8,66,65.2,5.84,0.96,1.8,0.088,3.25
2.0,0.7,1.5,3.0,0.4,2400,0.8,75,64.0,6.56,1.2,2.13,0.087,2.27
2.0,0.7,1.5,3.0,0.6,2400,0.8,75,64.0,6.56,1.2,2.13,0.087,2.27
2.0,0.7,1.5,3.0,0.8,2400,0.8,75,64.0,6.56,1.2,2.13,0.087,2.27
2.0,0.7,1.5,4.5,0.4,2400,0.8,75,64.0,6.56,1.2,2.13,0.087,2.27
2.0,0.7,1.5,4.5,0.6,2400,0.8,75,64.0,6.56,1.2,2.13,0.087,2.27
2.0,0.7,1.5,4.5,0.8,2400,0.8,75,64.0,6.56,1.2,2.13,0.087,2.27
4.0,1.5,2.5,3.0,0.8,7200,0.4,15,73.3,1.27,0.42,1.15,0.085,4.95
4.0,1.5,2.5,4.5,0.8,7200,0.4,15,73.3,1.27,0.42,1.15,0.085,4.95
2.0,1.5,2.5,3.0,0.6,1200,0.4,71,54.9,5.83,1.49,1.82,0.082,2.45
2.0,1.5,2.5,3.0,0.8,1200,0.4,71,54.9,5.84,1.5,1.82,0.082,2.45
2.0,1.5,2.5,4.5,0.6,1200,0.4,71,54.9,5.83,1.49,1.82,0.082,2.45
2.0,1.5,2.5,4.5,0.8,1200,0.4,71,54.9,5.84,1.5,1.82,0.082,2.45
2.0,1.5,2.5,3.0,0.4,14400,0.8,42,69.0,3.38,0.54,1.21,0.08,6.0
2.0,1.5,2.5,4.5,0.4,14400,0.8,42,69.0,3.38,0.54,1.21,0.08,6.0
4.0,1.5,2.5,3.0,0.4,3600,0.2,16,81.2,1.28,0.26,1.11,0.08,5.05
4.0,1.5,2.5,4.5,0.4,3600,0.2,16,81.2,1.28,0.26,1.11,0.08,5.05
2.0,1.0,1.5,3.0,0.4,1200,0.2,30,66.7,2.36,0.58,1.17,0.079,6.19
2.0,1.0,1.5,3.0,0.6,1200,0.2,30,66.7,2.36,0.58,1.17,0.079,6.19
2.0,1.0,1.5,3.0,0.8,1200,0.2,30,66.7,2.36,0.58,1.17,0.079,6.19
2.0,1.0,1.5,4.5,0.4,1200,0.2,30,66.7,2.36,0.58,1.17,0.079,6.19
2.0,1.0,1.5,4.5,0.6,1200,0.2,30,66.7,2.36,0.58,1.17,0.079,6.19
2.0,1.0,1.5,4.5,0.8,1200,0.2,30,66.7,2.36,0.58,1.17,0.079,6.19
4.0,0.7,1.5,3.0,0.4,7200,0.4,20,85.0,1.58,0.21,1.19,0.079,4.22
4.0,0.7,1.5,3.0,0.6,7200,0.4,20,85.0,1.58,0.21,1.19,0.079,4.22
4.0,0.7,1.5,3.0,0.8,7200,0.4,20,85.0,1.58,0.21,1.19,0.079,4.22
4.0,0.7,1.5,4.5,0.4,7200,0.4,20,85.0,1.58,0.21,1.19,0.079,4.22
4.0,0.7,1.5,4.5,0.6,7200,0.4,20,85.0,1.58,0.21,1.19,0.079,4.22
4.0,0.7,1.5,4.5,0.8,7200,0.4,20,85.0,1.58,0.21,1.19,0.079,4.22
4.0,0.7,2.5,3.0,0.4,7200,0.4,20,85.0,1.58,0.21,1.19,0.079,4.22
4.0,0.7,2.5,3.0,0.6,7200,0.4,20,85.0,1.58,0.21,1.19,0.079,4.22
4.0,0.7,2.5,3.0,0.8,7200,0.4,20,85.0,1.58,0.21,1.19,0.079,4.22
4.0,0.7,2.5,4.5,0.4,7200,0.4,20,85.0,1.58,0.21,1.19,0.079,4.22
4.0,0.7,2.5,4.5,0.6,7200,0.4,20,85.0,1.58,0.21,1.19,0.079,4.22
4.0,0.7,2.5,4.5,0.8,7200,0.4,20,85.0,1.58,0.21,1.19,0.079,4.22
2.0,0.7,2.5,3.0,0.4,2400,0.8,75,64.0,5.84,1.13,2.0,0.078,2.27
2.0,0.7,2.5,3.0,0.6,2400,0.8,75,64.0,5.84,1.13,2.0,0.078,2.27
2.0,0.7,2.5,3.0,0.8,2400,0.8,75,64.0,5.84,1.13,2.0,0.078,2.27
2.0,0.7,2.5,4.5,0.4,2400,0.8,75,64.0,5.84,1.13,2.0,0.078,2.27
2.0,0.7,2.5,4.5,0.6,2400,0.8,75,64.0,5.84,1.13,2.0,0.078,2.27
2.0,0.7,2.5,4.5,0.8,2400,0.8,75,64.0,5.84,1.13,2.0,0.078,2.27
2.0,1.0,1.5,3.0,0.4,1200,0.4,73,56.2,5.72,1.41,1.81,0.078,2.9
2.0,1.0,1.5,3.0,0.6,1200,0.4,73,56.2,5.72,1.41,1.81,0.078,2.9
2.0,1.0,1.5,3.0,0.8,1200,0.4,73,56.2,5.72,1.41,1.81,0.078,2.9
2.0,1.0,1.5,4.5,0.4,1200,0.4,73,56.2,5.72,1.41,1.81,0.078,2.9
2.0,1.0,1.5,4.5,0.6,1200,0.4,73,56.2,5.72,1.41,1.81,0.078,2.9
2.0,1.0,1.5,4.5,0.8,1200,0.4,73,56.2,5.72,1.41,1.81,0.078,2.9
3.0,1.5,2.5,3.0,0.4,14400,0.4,21,76.2,1.61,0.35,1.11,0.077,6.0
3.0,1.5,2.5,4.5,0.4,14400,0.4,21,76.2,1.61,0.35,1.11,0.077,6.0
2.0,0.7,1.5,3.0,0.4,7200,0.8,53,67.9,4.04,0.66,1.39,0.076,4.31
2.0,0.7,1.5,3.0,0.6,7200,0.8,53,67.9,4.04,0.66,1.39,0.076,4.31
2.0,0.7,1.5,3.0,0.8,7200,0.8,53,67.9,4.04,0.66,1.39,0.076,4.31
2.0,0.7,1.5,4.5,0.4,7200,0.8,53,67.9,4.04,0.66,1.39,0.076,4.31
2.0,0.7,1.5,4.5,0.6,7200,0.8,53,67.9,4.04,0.66,1.39,0.076,4.31
2.0,0.7,1.5,4.5,0.8,7200,0.8,53,67.9,4.04,0.66,1.39,0.076,4.31
2.0,1.5,2.5,3.0,0.6,3600,0.8,66,65.2,4.96,0.9,1.68,0.075,3.25
2.0,1.5,2.5,4.5,0.6,3600,0.8,66,65.2,4.96,0.9,1.68,0.075,3.25
2.0,1.5,2.5,3.0,0.6,1200,0.8,85,56.5,6.28,1.86,2.41,0.074,0.68
2.0,1.5,2.5,3.0,0.8,1200,0.8,85,56.5,6.28,1.86,2.41,0.074,0.68
2.0,1.5,2.5,4.5,0.6,1200,0.8,85,56.5,6.28,1.86,2.41,0.074,0.68
2.0,1.5,2.5,4.5,0.8,1200,0.8,85,56.5,6.28,1.86,2.41,0.074,0.68
3.0,0.7,1.5,3.0,0.4,2400,0.8,75,64.0,5.56,1.02,1.81,0.074,3.27
3.0,0.7,1.5,3.0,0.6,2400,0.8,75,64.0,5.56,1.02,1.81,0.074,3.27
3.0,0.7,1.5,3.0,0.8,2400,0.8,75,64.0,5.56,1.02,1.81,0.074,3.27
3.0,0.7,1.5,4.5,0.4,2400,0.8,75,64.0,5.56,1.02,1.81,0.074,3.27
3.0,0.7,1.5,4.5,0.6,2400,0.8,75,64.0,5.56,1.02,1.81,0.074,3.27
3.0,0.7,1.5,4.5,0.8,2400,0.8,75,64.0,5.56,1.02,1.81,0.074,3.27
3.0,1.5,2.5,3.0,0.6,1200,0.8,85,56.5,6.28,1.86,2.41,0.074,0.68
3.0,1.5,2.5,3.0,0.8,1200,0.8,85,56.5,6.28,1.86,2.41,0.074,0.68
3.0,1.5,2.5,4.5,0.6,1200,0.8,85,56.5,6.28,1.86,2.41,0.074,0.68
3.0,1.5,2.5,4.5,0.8,1200,0.8,85,56.5,6.28,1.86,2.41,0.074,0.68
4.0,1.5,2.5,3.0,0.6,1200,0.8,85,56.5,6.28,1.86,2.41,0.074,0.68
4.0,1.5,2.5,3.0,0.8,1200,0.8,85,56.5,6.28,1.86,2.41,0.074,0.68
4.0,1.5,2.5,4.5,0.6,1200,0.8,85,56.5,6.28,1.86,2.41,0.074,0.68
4.0,1.5,2.5,4.5,0.8,1200,0.8,85,56.5,6.28,1.86,2.41,0.074,0.68
5.0,1.5,2.5,3.0,0.6,1200,0.8,85,56.5,6.28,1.86,2.41,0.074,0.68
5.0,1.5,2.5,3.0,0.8,1200,0.8,85,56.5,6.28,1.86,2.41,0.074,0.68
5.0,1.5,2.5,4.5,0.6,1200,0.8,85,56.5,6.28,1.86,2.41,0.074,0.68
5.0,1.5,2.5,4.5,0.8,1200,0.8,85,56.5,6.28,1.86,2.41,0.074,0.68
4.0,1.5,2.5,3.0,0.4,7200,0.2,15,80.0,1.1,0.27,1.09,0.073,5.23
4.0,1.5,2.5,3.0,0.4,14400,0.2,15,80.0,1.1,0.27,1.09,0.073,5.23
4.0,1.5,2.5,3.0,0.4,,0.4,15,80.0,1.1,0.27,1.09,0.073,5.23
4.0,1.5,2.5,4.5,0.4,7200,0.2,15,80.0,1.1,0.27,1.09,0.073,5.23
4.0,1.5,2.5,4.5,0.4,14400,0.2,15,80.0,1.1,0.27,1.09,0.073,5.23
4.0,1.5,2.5,4.5,0.4,,0.4,15,80.0,1.1,0.27,1.09,0.073,5.23
2.0,1.0,2.5,3.0,0.4,1200,0.4,73,56.2,5.27,1.36,1.74,0.072,2.9
2.0,1.0,2.5,3.0,0.6,1200,0.4,73,56.2,5.27,1.36,1.74,0.072,2.9
2.0,1.0,2.5,3.0,0.8,1200,0.4,73,56.2,5.27,1.36,1.74,0.072,2.9
2.0,1.0,2.5,4.5,0.4,1200,0.4,73,56.2,5.27,1.36,1.74,0.072,2.9
2.0,1.0,2.5,4.5,0.6,1200,0.4,73,56.2,5.27,1.36,1.74,0.072,2.9
2.0,1.0,2.5,4.5,0.8,1200,0.4,73,56.2,5.27,1.36,1.74,0.072,2.9
2.0,1.5,2.5,3.0,0.8,3600,0.8,64,64.1,4.55,0.91,1.62,0.071,3.25
2.0,1.5,2.5,4.5,0.8,3600,0.8,64,64.1,4.55,0.91,1.62,0.071,3.25
4.0,0.7,1.5,3.0,0.4,3600,0.8,61,65.6,4.32,0.84,1.59,0.071,4.0
4.0,0.7,1.5,3.0,0.6,3600,0.8,61,65.6,4.32,0.84,1.59,0.071,4.0
4.0,0.7,1.5,3.0,0.8,3600,0.8,61,65.6,4.32,0.84,1.59,0.071,4.0
4.0,0.7,1.5,4.5,0.4,3600,0.8,61,65.6,4.32,0.84,1.59,0.071,4.0
4.0,0.7,1.5,4.5,0.6,3600,0.8,61,65.6,4.32,0.84,1.59,0.071,4.0
4.0,0.7,1.5,4.5,0.8,3600,0.8,61,65.6,4.32,0.84,1.59,0.071,4.0
4.0,0.7,2.5,3.0,0.4,3600,0.8,61,65.6,4.32,0.84,1.59,0.071,4.0
4.0,0.7,2.5,3.0,0.6,3600,0.8,61,65.6,4.32,0.84,1.59,0.071,4.0
4.0,0.7,2.5,3.0,0.8,3600,0.8,61,65.6,4.32,0.84,1.59,0.071,4.0
4.0,0.7,2.5,4.5,0.4,3600,0.8,61,65.6,4.32,0.84,1.59,0.071,4.0
4.0,0.7,2.5,4.5,0.6,3600,0.8,61,65.6,4.32,0.84,1.59,0.071,4.0
4.0,0.7,2.5,4.5,0.8,3600,0.8,61,65.6,4.32,0.84,1.59,0.071,4.0
4.0,1.0,1.5,3.0,0.4,3600,0.8,59,64.4,4.21,0.87,1.58,0.071,4.0
4.0,1.0,1.5,3.0,0.6,3600,0.8,59,64.4,4.21,0.87,1.58,0.071,4.0
4.0,1.0,1.5,3.0,0.8,3600,0.8,59,64.4,4.21,0.87,1.58,0.071,4.0
4.0,1.0,1.5,4.5,0.4,3600,0.8,59,64.4,4.21,0.87,1.58,0.071,4.0
4.0,1.0,1.5,4.5,0.6,3600,0.8,59,64.4,4.21,0.87,1.58,0.071,4.0
4.0,1.0,1.5,4.5,0.8,3600,0.8,59,64.4,4.21,0.87,1.58,0.071,4.0
4.0,1.0,2.5,3.0,0.4,3600,0.8,59,64.4,4.21,0.87,1.58,0.071,4.0
4.0,1.0,2.5,3.0,0.6,3600,0.8,59,64.4,4.21,0.87,1.58,0.071,4.0
4.0,1.0,2.5,3.0,0.8,3600,0.8,59,64.4,4.21,0.87,1.58,0.071,4.0
4.0,1.0,2.5,4.5,0.4,3600,0.8,59,64.4,4.21,0.87,1.58,0.071,4.0
4.0,1.0,2.5,4.5,0.6,3600,0.8,59,64.4,4.21,0.87,1.58,0.071,4.0
4.0,1.0,2.5,4.5,0.8,3600,0.8,59,64.4,4.21,0.87,1.58,0.071,4.0
4.0,1.5,2.5,3.0,0.4,2400,0.2,17,82.4,1.19,0.24,1.1,0.07,5.19
4.0,1.5,2.5,4.5,0.4,2400,0.2,17,82.4,1.19,0.24,1.1,0.07,5.19
2.0,1.0,1.5,3.0,0.4,1200,0.8,85,56.5,5.83,1.78,2.31,0.069,0.68
2.0,1.0,1.5,3.0,0.6,1200,0.8,85,56.5,5.83,1.78,2.31,0.069,0.68
2.0,1.0,1.5,3.0,0.8,1200,0.8,85,56.5,5.83,1.78,2.31,0.069,0.68
2.0,1.0,1.5,4.5,0.4,1200,0.8,85,56.5,5.83,1.78,2.31,0.069,0.68
2.0,1.0,1.5,4.5,0.6,1200,0.8,85,56.5,5.83,1.78,2.31,0.069,0.68
2.0,1.0,1.5,4.5,0.8,1200,0.8,85,56.5,5.83,1.78,2.31,0.069,0.68
3.0,1.0,1.5,3.0,0.4,1200,0.8,85,56.5,5.83,1.78,2.31,0.069,0.68
3.0,1.0,1.5,3.0,0.6,1200,0.8,85,56.5,5.83,1.78,2.31,0.069,0.68
3.0,1.0,1.5,3.0,0.8,1200,0.8,85,56.5,5.83,1.78,2.31,0.069,0.68
3.0,1.0,1.5,4.5,0.4,1200,0.8,85,56.5,5.83,1.78,2.31,0.069,0.68
3.0,1.0,1.5,4.5,0.6,1200,0.8,85,56.5,5.83,1.78,2.31,0.069,0.68
3.0,1.0,1.5,4.5,0.8,1200,0.8,85,56.5,5.83,1.78,2.31,0.069,0.68
4.0,1.0,1.5,3.0,0.4,1200,0.8,85,56.5,5.83,1.78,2.31,0.069,0.68
4.0,1.0,1.5,3.0,0.6,1200,0.8,85,56.5,5.83,1.78,2.31,0.069,0.68
4.0,1.0,1.5,3.0,0.8,1200,0.8,85,56.5,5.83,1.78,2.31,0.069,0.68
4.0,1.0,1.5,4.5,0.4,1200,0.8,85,56.5,5.83,1.78,2.31,0.069,0.68
4.0,1.0,1.5,4.5,0.6,1200,0.8,85,56.5,5.83,1.78,2.31,0.069,0.68
4.0,1.0,1.5,4.5,0.8,1200,0.8,85,56.5,5.83,1.78,2.31,0.069,0.68
5.0,1.0,1.5,3.0,0.4,1200,0.8,85,56.5,5.83,1.78,2.31,0.069,0.68
5.0,1.0,1.5,3.0,0.6,1200,0.8,85,56.5,5.83,1.78,2.31,0.069,0.68
5.0,1.0,1.5,3.0,0.8,1200,0.8,85,56.5,5.83,1.78,2.31,0.069,0.68
5.0,1.0,1.5,4.5,0.4,1200,0.8,85,56.5,5.83,1.78,2.31,0.069,0.68
5.0,1.0,1.5,4.5,0.6,1200,0.8,85,56.5,5.83,1.78,2.31,0.069,0.68
5.0,1.0,1.5,4.5,0.8,1200,0.8,85,56.5,5.83,1.78,2.31,0.069,0.68
3.0,0.7,1.5,3.0,0.4,1200,0.4,48,56.2,3.23,1.25,1.61,0.067,3.21
3.0,0.7,1.5,3.0,0.6,1200,0.4,48,56.2,3.23,1.25,1.61,0.067,3.21
3.0,0.7,1.5,3.0,0.8,1200,0.4,48,56.2,3.23,1.25,1.61,0.067,3.21
3.0,0.7,1.5,4.5,0.4,1200,0.4,48,56.2,3.23,1.25,1.61,0.067,3.21
3.0,0.7,1.5,4.5,0.6,1200,0.4,48,56.2,3.23,1.25,1.61,0.067,3.21
3.0,0.7,1.5,4.5,0.8,1200,0.4,48,56.2,3.23,1.25,1.61,0.067,3.21
3.0,0.7,2.5,3.0,0.4,1200,0.4,48,56.2,3.23,1.25,1.61,0.067,3.21
3.0,0.7,2.5,3.0,0.6,1200,0.4,48,56.2,3.23,1.25,1.61,0.067,3.21
3.0,0.7,2.5,3.0,0.8,1200,0.4,48,56.2,3.23,1.25,1.61,0.067,3.21
3.0,0.7,2.5,4.5,0.4,1200,0.4,48,56.2,3.23,1.25,1.61,0.067,3.21
3.0,0.7,2.5,4.5,0.6,1200,0.4,48,56.2,3.23,1.25,1.61,0.067,3.21
3.0,0.7,2.5,4.5,0.8,1200,0.4,48,56.2,3.23,1.25,1.61,0.067,3.21
4.0,1.0,1.5,3.0,0.4,7200,0.4,15,80.0,1.01,0.28,1.13,0.067,5.25
4.0,1.0,1.5,3.0,0.6,7200,0.4,15,80.0,1.01,0.28,1.13,0.067,5.25
4.0,1.0,1.5,3.0,0.8,7200,0.4,15,80.0,1.01,0.28,1.13,0.067,5.25
4.0,1.0,1.5,4.5,0.4,7200,0.4,15,80.0,1.01,0.28,1.13,0.067,5.25
4.0,1.0,1.5,4.5,0.6,7200,0.4,15,80.0,1.01,0.28,1.13,0.067,5.25
4.0,1.0,1.5,4.5,0.8,7200,0.4,15,80.0,1.01,0.28,1.13,0.067,5.25
2.0,1.0,1.5,3.0,0.4,2400,0.8,74,63.5,4.87,0.93,1.63,0.066,3.48
2.0,1.0,1.5,3.0,0.4,7200,0.4,27,70.4,1.77,0.47,1.13,0.066,8.3
2.0,1.0,1.5,3.0,0.6,2400,0.8,74,63.5,4.87,0.93,1.63,0.066,3.48
2.0,1.0,1.5,3.0,0.6,7200,0.4,27,70.4,1.77,0.47,1.13,0.066,8.3
2.0,1.0,1.5,3.0,0.8,2400,0.8,74,63.5,4.87,0.93,1.63,0.066,3.48
2.0,1.0,1.5,3.0,0.8,7200,0.4,27,70.4,1.77,0.47,1.13,0.066,8.3
2.0,1.0,1.5,4.5,0.4,2400,0.8,74,63.5,4.87,0.93,1.63,0.066,3.48
2.0,1.0,1.5,4.5,0.4,7200,0.4,27,70.4,1.77,0.47,1.13,0.066,8.3
2.0,1.0,1.5,4.5,0.6,2400,0.8,74,63.5,4.87,0.93,1.63,0.066,3.48
2.0,1.0,1.5,4.5,0.6,7200,0.4,27,70.4,1.77,0.47,1.13,0.066,8.3
2.0,1.0,1.5,4.5,0.8,2400,0.8,74,63.5,4.87,0.93,1.63,0.066,3.48
2.0,1.0,1.5,4.5,0.8,7200,0.4,27,70.4,1.77,0.47,1.13,0.066,8.3
2.0,1.5,2.5,3.0,0.4,1200,0.8,85,56.5,5.58,1.74,2.25,0.066,0.68
2.0,1.5,2.5,4.5,0.4,1200,0.8,85,56.5,5.58,1.74,2.25,0.066,0.68
3.0,1.5,2.5,3.0,0.4,1200,0.8,85,56.5,5.58,1.74,2.25,0.066,0.68
3.0,1.5,2.5,3.0,0.4,3600,0.2,20,75.0,1.32,0.36,1.09,0.066,6.0
3.0,1.5,2.5,3.0,0.4,7200,0.2,20,75.0,1.32,0.36,1.09,0.066,6.0
3.0,1.5,2.5,3.0,0.4,14400,0.2,20,75.0,1.32,0.36,1.09,0.066,6.0
3.0,1.5,2.5,3.0,0.4,,0.4,20,75.0,1.32,0.36,1.09,0.066,6.0
3.0,1.5,2.5,4.5,0.4,1200,0.8,85,56.5,5.58,1.74,2.25,0.066,0.68
3.0,1.5,2.5,4.5,0.4,3600,0.2,20,75.0,1.32,0.36,1.09,0.066,6.0
3.0,1.5,2.5,4.5,0.4,7200,0.2,20,75.0,1.32,0.36,1.09,0.066,6.0
3.0,1.5,2.5,4.5,0.4,14400,0.2,20,75.0,1.32,0.36,1.09,0.066,6.0
3.0,1.5,2.5,4.5,0.4,,0.4,20,75.0,1.32,0.36,1.09,0.066,6.0
4.0,1.5,2.5,3.0,0.4,1200,0.8,85,56.5,5.58,1.74,2.25,0.066,0.68
4.0,1.5,2.5,3.0,0.4,3600,0.8,59,64.4,3.89,0.85,1.53,0.066,4.0
4.0,1.5,2.5,4.5,0.4,1200,0.8,85,56.5,5.58,1.74,2.25,0.066,0.68
4.0,1.5,2.5,4.5,0.4,3600,0.8,59,64.4,3.89,0.85,1.53,0.066,4.0
5.0,1.5,2.5,3.0,0.4,1200,0.8,85,56.5,5.58,1.74,2.25,0.066,0.68
5.0,1.5,2.5,4.5,0.4,1200,0.8,85,56.5,5.58,1.74,2.25,0.066,0.68
2.0,0.7,1.5,3.0,0.4,1200,0.8,85,56.5,5.56,1.73,2.25,0.065,0.68
2.0,0.7,1.5,3.0,0.6,1200,0.8,85,56.5,5.56,1.73,2.25,0.065,0.68
2.0,0.7,1.5,3.0,0.8,1200,0.8,85,56.5,5.56,1.73,2.25,0.065,0.68
2.0,0.7,1.5,4.5,0.4,1200,0.8,85,56.5,5.56,1.73,2.25,0.065,0.68
2.0,0.7,1.5,4.5,0.6,1200,0.8,85,56.5,5.56,1.73,2.25,0.065,0.68
2.0,0.7,1.5,4.5,0.8,1200,0.8,85,56.5,5.56,1.73,2.25,0.065,0.68
3.0,0.7,1.5,3.0,0.4,1200,0.8,85,56.5,5.56,1.73,2.25,0.065,0.68
3.0,0.7,1.5,3.0,0.6,1200,0.8,85,56.5,5.56,1.73,2.25,0.065,0.68
3.0,0.7,1.5,3.0,0.8,1200,0.8,85,56.5,5.56,1.73,2.25,0.065,0.68
3.0,0.7,1.5,4.5,0.4,1200,0.8,85,56.5,5.56,1.73,2.25,0.065,0.68
3.0,0.7,1.5,4.5,0.6,1200,0.8,85,56.5,5.56,1.73,2.25,0.065,0.68
3.0,0.7,1.5,4.5,0.8,1200,0.8,85,56.5,5.56,1.73,2.25,0.065,0.68
3.0,0.7,2.5,3.0,0.4,2400,0.8,75,64.0,4.84,0.96,1.71,0.065,3.27
3.0,0.7,2.5,3.0,0.6,2400,0.8,75,64.0,4.84,0.96,1.71,0.065,3.27
3.0,0.7,2.5,3.0,0.8,2400,0.8,75,64.0,4.84,0.96,1.71,0.065,3.27
3.0,0.7,2.5,4.5,0.4,2400,0.8,75,64.0,4.84,0.96,1.71,0.065,3.27
3.0,0.7,2.5,4.5,0.6,2400,0.8,75,64.0,4.84,0.96,1.71,0.065,3.27
3.0,0.7,2.5,4.5,0.8,2400,0.8,75,64.0,4.84,0.96,1.71,0.065,3.27
4.0,0.7,1.5,3.0,0.4,1200,0.8,85,56.5,5.56,1.73,2.25,0.065,0.68
4.0,0.7,1.5,3.0,0.6,1200,0.8,85,56.5,5.56,1.73,2.25,0.065,0.68
4.0,0.7,1.5,3.0,0.8,1200,0.8,85,56.5,5.56,1.73,2.25,0.065,0.68
4.0,0.7,1.5,4.5,0.4,1200,0.8,85,56.5,5.56,1.73,2.25,0.065,0.68
4.0,0.7,1.5,4.5,0.6,1200,0.8,85,56.5,5.56,1.73,2.25,0.065,0.68
4.0,0.7,1.5,4.5,0.8,1200,0.8,85,56.5,5.56,1.73,2.25,0.065,0.68
5.0,0.7,1.5,3.0,0.4,1200,0.8,85,56.5,5.56,1.73,2.25,0.065,0.68
5.0,0.7,1.5,3.0,0.6,1200,0.8,85,56.5,5.56,1.73,2.25,0.065,0.68
5.0,0.7,1.5,3.0,0.8,1200,0.8,85,56.5,5.56,1.73,2.25,0.065,0.68
5.0,0.7,1.5,4.5,0.4,1200,0.8,85,56.5,5.56,1.73,2.25,0.065,0.68
5.0,0.7,1.5,4.5,0.6,1200,0.8,85,56.5,5.56,1.73,2.25,0.065,0.68
5.0,0.7,1.5,4.5,0.8,1200,0.8,85,56.5,5.56,1.73,2.25,0.065,0.68
2.0,0.7,2.5,3.0,0.4,7200,0.8,53,67.9,3.32,0.63,1.32,0.063,4.31
2.0,0.7,2.5,3.0,0.6,7200,0.8,53,67.9,3.32,0.63,1.32,0.063,4.31
2.0,0.7,2.5,3.0,0.8,7200,0.8,53,67.9,3.32,0.63,1.32,0.063,4.31
2.0,0.7,2.5,4.5,0.4,7200,0.8,53,67.9,3.32,0.63,1.32,0.063,4.31
2.0,0.7,2.5,4.5,0.6,7200,0.8,53,67.9,3.32,0.63,1.32,0.063,4.31
2.0,0.7,2.5,4.5,0.8,7200,0.8,53,67.9,3.32,0.63,1.32,0.063,4.31
2.0,1.0,2.5,3.0,0.4,1200,0.8,85,56.5,5.38,1.7,2.21,0.063,0.68
2.0,1.0,2.5,3.0,0.6,1200,0.8,85,56.5,5.38,1.7,2.21,0.063,0.68
2.0,1.0,2.5,3.0,0.8,1200,0.8,85,56.5,5.38,1.7,2.21,0.063,0.68
2.0,1.0,2.5,4.5,0.4,1200,0.8,85,56.5,5.38,1.7,2.21,0.063,0.68
2.0,1.0,2.5,4.5,0.6,1200,0.8,85,56.5,5.38,1.7,2.21,0.063,0.68
2.0,1.0,2.5,4.5,0.8,1200,0.8,85,56.5,5.38,1.7,2.21,0.063,0.68
3.0,1.0,2.5,3.0,0.4,1200,0.8,85,56.5,5.38,1.7,2.21,0.063,0.68
3.0,1.0,2.5,3.0,0.6,1200,0.8,85,56.5,5.38,1.7,2.21,0.063,0.68
3.0,1.0,2.5,3.0,0.8,1200,0.8,85,56.5,5.38,1.7,2.21,0.063,0.68
3.0,1.0,2.5,4.5,0.4,1200,0.8,85,56.5,5.38,1.7,2.21,0.063,0.68
3.0,1.0,2.5,4.5,0.6,1200,0.8,85,56.5,5.38,1.7,2.21,0.063,0.68
3.0,1.0,2.5,4.5,0.8,1200,0.8,85,56.5,5.38,1.7,2.21,0.063,0.68
4.0,1.0,2.5,3.0,0.4,1200,0.8,85,56.5,5.38,1.7,2.21,0.063,0.68
4.0,1.0,2.5,3.0,0.6,1200,0.8,85,56.5,5.38,1.7,2.21,0.063,0.68
4.0,1.0,2.5,3.0,0.8,1200,0.8,85,56.5,5.38,1.7,2.21,0.063,0.68
4.0,1.0,2.5,4.5,0.4,1200,0.8,85,56.5,5.38,1.7,2.21,0.063,0.68
4.0,1.0,2.5,4.5,0.6,1200,0.8,85,56.5,5.38,1.7,2.21,0.063,0.68
4.0,1.0,2.5,4.5,0.8,1200,0.8,85,56.5,5.38,1.7,2.21,0.063,0.68
5.0,1.0,2.5,3.0,0.4,1200,0.8,85,56.5,5.38,1.7,2.21,0.063,0.68
5.0,1.0,2.5,3.0,0.6,1200,0.8,85,56.5,5.38,1.7,2.21,0.063,0.68
5.0,1.0,2.5,3.0,0.8,1200,0.8,85,56.5,5.38,1.7,2.21,0.063,0.68
5.0,1.0,2.5,4.5,0.4,1200,0.8,85,56.5,5.38,1.7,2.21,0.063,0.68
5.0,1.0,2.5,4.5,0.6,1200,0.8,85,56.5,5.38,1.7,2.21,0.063,0.68
5.0,1.0,2.5,4.5,0.8,1200,0.8,85,56.5,5.38,1.7,2.21,0.063,0.68
2.0,1.5,2.5,3.0,0.6,14400,0.8,41,68.3,2.55,0.54,1.16,0.062,6.0
2.0,1.5,2.5,4.5,0.6,14400,0.8,41,68.3,2.55,0.54,1.16,0.062,6.0
3.0,1.0,1.5,3.0,0.4,3600,0.8,65,64.6,4.06,0.79,1.44,0.062,5.76
3.0,1.0,1.5,3.0,0.6,3600,0.8,65,64.6,4.06,0.79,1.44,0.062,5.76
3.0,1.0,1.5,3.0,0.8,3600,0.8,65,64.6,4.06,0.79,1.44,0.062,5.76
3.0,1.0,1.5,4.5,0.4,3600,0.8,65,64.6,4.06,0.79,1.44,0.062,5.76
3.0,1.0,1.5,4.5,0.6,3600,0.8,65,64.6,4.06,0.79,1.44,0.062,5.76
3.0,1.0,1.5,4.5,0.8,3600,0.8,65,64.6,4.06,0.79,1.44,0.062,5.76
2.0,1.0,2.5,3.0,0.4,2400,0.8,74,63.5,4.42,0.9,1.57,0.06,3.48
2.0,1.0,2.5,3.0,0.6,2400,0.8,74,63.5,4.42,0.9,1.57,0.06,3.48
2.0,1.0,2.5,3.0,0.8,2400,0.8,74,63.5,4.42,0.9,1.57,0.06,3.48
2.0,1.0,2.5,4.5,0.4,2400,0.8,74,63.5,4.42,0.9,1.57,0.06,3.48
2.0,1.0,2.5,4.5,0.6,2400,0.8,74,63.5,4.42,0.9,1.57,0.06,3.48
2.0,1.0,2.5,4.5,0.8,2400,0.8,74,63.5,4.42,0.9,1.57,0.06,3.48
2.0,1.0,1.5,3.0,0.4,14400,0.8,43,69.8,2.55,0.5,1.16,0.059,6.0
2.0,1.0,1.5,3.0,0.6,14400,0.8,43,69.8,2.55,0.5,1.16,0.059,6.0
2.0,1.0,1.5,3.0,0.8,14400,0.8,43,69.8,2.55,0.5,1.16,0.059,6.0
2.0,1.0,1.5,4.5,0.4,14400,0.8,43,69.8,2.55,0.5,1.16,0.059,6.0
2.0,1.0,1.5,4.5,0.6,14400,0.8,43,69.8,2.55,0.5,1.16,0.059,6.0
2.0,1.0,1.5,4.5,0.8,14400,0.8,43,69.8,2.55,0.5,1.16,0.059,6.0
2.0,1.5,2.5,3.0,0.4,2400,0.8,74,63.5,4.34,0.9,1.56,0.059,3.48
2.0,1.5,2.5,4.5,0.4,2400,0.8,74,63.5,4.34,0.9,1.56,0.059,3.48
4.0,1.5,2.5,3.0,0.4,1200,0.4,65,55.4,3.84,1.27,1.57,0.059,4.0
4.0,1.5,2.5,4.5,0.4,1200,0.4,65,55.4,3.84,1.27,1.57,0.059,4.0
2.0,0.7,2.5,3.0,0.4,1200,0.8,85,56.5,4.84,1.61,2.09,0.057,0.68
2.0,0.7,2.5,3.0,0.6,1200,0.8,85,56.5,4.84,1.61,2.09,0.057,0.68
2.0,0.7,2.5,3.0,0.8,1200,0.8,85,56.5,4.84,1.61,2.09,0.057,0.68
2.0,0.7,2.5,4.5,0.4,1200,0.8,85,56.5,4.84,1.61,2.09,0.057,0.68
2.0,0.7,2.5,4.5,0.6,1200,0.8,85,56.5,4.84,1.61,2.09,0.057,0.68
2.0,0.7,2.5,4.5,0.8,1200,0.8,85,56.5,4.84,1.61,2.09,0.057,0.68
3.0,0.7,2.5,3.0,0.4,1200,0.8,85,56.5,4.84,1.61,2.09,0.057,0.68
3.0,0.7,2.5,3.0,0.6,1200,0.8,85,56.5,4.84,1.61,2.09,0.057,0.68
3.0,0.7,2.5,3.0,0.8,1200,0.8,85,56.5,4.84,1.61,2.09,0.057,0.68
3.0,0.7,2.5,4.5,0.4,1200,0.8,85,56.5,4.84,1.61,2.09,0.057,0.68
3.0,0.7,2.5,4.5,0.6,1200,0.8,85,56.5,4.84,1.61,2.09,0.057,0.68
3.0,0.7,2.5,4.5,0.8,1200,0.8,85,56.5,4.84,1.61,2.09,0.057,0.68
4.0,0.7,2.5,3.0,0.4,1200,0.8,85,56.5,4.84,1.61,2.09,0.057,0.68
4.0,0.7,2.5,3.0,0.6,1200,0.8,85,56.5,4.84,1.61,2.09,0.057,0.68
4.0,0.7,2.5,3.0,0.8,1200,0.8,85,56.5,4.84,1.61,2.09,0.057,0.68
4.0,0.7,2.5,4.5,0.4,1200,0.8,85,56.5,4.84,1.61,2.09,0.057,0.68
4.0,0.7,2.5,4.5,0.6,1200,0.8,85,56.5,4.84,1.61,2.09,0.057,0.68
4.0,0.7,2.5,4.5,0.8,1200,0.8,85,56.5,4.84,1.61,2.09,0.057,0.68
5.0,0.7,2.5,3.0,0.4,1200,0.8,85,56.5,4.84,1.61,2.09,0.057,0.68
5.0,0.7,2.5,3.0,0.6,1200,0.8,85,56.5,4.84,1.61,2.09,0.057,0.68
5.0,0.7,2.5,3.0,0.8,1200,0.8,85,56.5,4.84,1.61,2.09,0.057,0.68
5.0,0.7,2.5,4.5,0.4,1200,0.8,85,56.5,4.84,1.61,2.09,0.057,0.68
5.0,0.7,2.5,4.5,0.6,1200,0.8,85,56.5,4.84,1.61,2.09,0.057,0.68
5.0,0.7,2.5,4.5,0.8,1200,0.8,85,56.5,4.84,1.61,2.09,0.057,0.68
3.0,1.0,2.5,3.0,0.4,3600,0.8,65,64.6,3.61,0.76,1.39,0.056,5.76
3.0,1.0,2.5,3.0,0.6,3600,0.8,65,64.6,3.61,0.76,1.39,0.056,5.76
3.0,1.0,2.5,3.0,0.8,3600,0.8,65,64.6,3.61,0.76,1.39,0.056,5.76
3.0,1.0,2.5,4.5,0.4,3600,0.8,65,64.6,3.61,0.76,1.39,0.056,5.76
3.0,1.0,2.5,4.5,0.6,3600,0.8,65,64.6,3.61,0.76,1.39,0.056,5.76
3.0,1.0,2.5,4.5,0.8,3600,0.8,65,64.6,3.61,0.76,1.39,0.056,5.76
4.0,1.5,2.5,3.0,0.6,1200,0.4,63,54.0,3.48,1.29,1.52,0.055,4.0
4.0,1.5,2.5,4.5,0.6,1200,0.4,63,54.0,3.48,1.29,1.52,0.055,4.0
5.0,0.7,1.5,3.0,0.4,3600,0.4,29,86.2,1.59,0.19,1.16,0.055,5.01
5.0,0.7,1.5,3.0,0.6,3600,0.4,29,86.2,1.59,0.19,1.16,0.055,5.01
5.0,0.7,1.5,3.0,0.8,3600,0.4,29,86.2,1.59,0.19,1.16,0.055,5.01
5.0,0.7,1.5,4.5,0.4,3600,0.4,29,86.2,1.59,0.19,1.16,0.055,5.01
5.0,0.7,1.5,4.5,0.6,3600,0.4,29,86.2,1.59,0.19,1.16,0.055,5.01
5.0,0.7,1.5,4.5,0.8,3600,0.4,29,86.2,1.59,0.19,1.16,0.055,5.01
5.0,0.7,2.5,3.0,0.4,3600,0.4,29,86.2,1.59,0.19,1.16,0.055,5.01
5.0,0.7,2.5,3.0,0.6,3600,0.4,29,86.2,1.59,0.19,1.16,0.055,5.01
5.0,0.7,2.5,3.0,0.8,3600,0.4,29,86.2,1.59,0.19,1.16,0.055,5.01
5.0,0.7,2.5,4.5,0.4,3600,0.4,29,86.2,1.59,0.19,1.16,0.055,5.01
5.0,0.7,2.5,4.5,0.6,3600,0.4,29,86.2,1.59,0.19,1.16,0.055,5.01
5.0,0.7,2.5,4.5,0.8,3600,0.4,29,86.2,1.59,0.19,1.16,0.055,5.01
4.0,1.5,2.5,3.0,0.6,3600,0.8,59,64.4,3.21,0.8,1.44,0.054,4.0
4.0,1.5,2.5,4.5,0.6,3600,0.8,59,64.4,3.21,0.8,1.44,0.054,4.0
5.0,0.7,1.5,3.0,0.4,3600,0.8,61,65.6,3.32,0.74,1.4,0.054,5.0
5.0,0.7,1.5,3.0,0.6,3600,0.8,61,65.6,3.32,0.74,1.4,0.054,5.0
5.0,0.7,1.5,3.0,0.8,3600,0.8,61,65.6,3.32,0.74,1.4,0.054,5.0
5.0,0.7,1.5,4.5,0.4,3600,0.8,61,65.6,3.32,0.74,1.4,0.054,5.0
5.0,0.7,1.5,4.5,0.6,3600,0.8,61,65.6,3.32,0.74,1.4,0.054,5.0
5.0,0.7,1.5,4.5,0.8,3600,0.8,61,65.6,3.32,0.74,1.4,0.054,5.0
5.0,0.7,2.5,3.0,0.4,3600,0.8,61,65.6,3.32,0.74,1.4,0.054,5.0
5.0,0.7,2.5,3.0,0.6,3600,0.8,61,65.6,3.32,0.74,1.4,0.054,5.0
5.0,0.7,2.5,3.0,0.8,3600,0.8,61,65.6,3.32,0.74,1.4,0.054,5.0
5.0,0.7,2.5,4.5,0.4,3600,0.8,61,65.6,3.32,0.74,1.4,0.054,5.0
5.0,0.7,2.5,4.5,0.6,3600,0.8,61,65.6,3.32,0.74,1.4,0.054,5.0
5.0,0.7,2.5,4.5,0.8,3600,0.8,61,65.6,3.32,0.74,1.4,0.054,5.0
5.0,1.0,1.5,3.0,0.4,3600,0.8,59,64.4,3.21,0.77,1.39,0.054,5.0
5.0,1.0,1.5,3.0,0.6,3600,0.8,59,64.4,3.21,0.77,1.39,0.054,5.0
5.0,1.0,1.5,3.0,0.8,3600,0.8,59,64.4,3.21,0.77,1.39,0.054,5.0
5.0,1.0,1.5,4.5,0.4,3600,0.8,59,64.4,3.21,0.77,1.39,0.054,5.0
5.0,1.0,1.5,4.5,0.6,3600,0.8,59,64.4,3.21,0.77,1.39,0.054,5.0
5.0,1.0,1.5,4.5,0.8,3600,0.8,59,64.4,3.21,0.77,1.39,0.054,5.0
5.0,1.0,2.5,3.0,0.4,3600,0.8,59,64.4,3.21,0.77,1.39,0.054,5.0
5.0,1.0,2.5,3.0,0.6,3600,0.8,59,64.4,3.21,0.77,1.39,0.054,5.0
5.0,1.0,2.5,3.0,0.8,3600,0.8,59,64.4,3.21,0.77,1.39,0.054,5.0
5.0,1.0,2.5,4.5,0.4,3600,0.8,59,64.4,3.21,0.77,1.39,0.054,5.0
5.0,1.0,2.5,4.5,0.6,3600,0.8,59,64.4,3.21,0.77,1.39,0.054,5.0
5.0,1.0,2.5,4.5,0.8,3600,0.8,59,64.4,3.21,0.77,1.39,0.054,5.0
3.0,1.0,1.5,3.0,0.4,7200,0.4,22,77.3,1.16,0.32,1.1,0.053,7.51
3.0,1.0,1.5,3.0,0.6,7200,0.4,22,77.3,1.16,0.32,1.1,0.053,7.51
3.0,1.0,1.5,3.0,0.8,7200,0.4,22,77.3,1.16,0.32,1.1,0.053,7.51
3.0,1.0,1.5,4.5,0.4,7200,0.4,22,77.3,1.16,0.32,1.1,0.053,7.51
3.0,1.0,1.5,4.5,0.6,7200,0.4,22,77.3,1.16,0.32,1.1,0.053,7.51
3.0,1.0,1.5,4.5,0.8,7200,0.4,22,77.3,1.16,0.32,1.1,0.053,7.51
2.0,1.0,1.5,3.0,0.4,2400,0.2,26,69.2,1.36,0.49,1.1,0.052,6.26
2.0,1.0,1.5,3.0,0.6,2400,0.2,26,69.2,1.36,0.49,1.1,0.052,6.26
2.0,1.0,1.5,3.0,0.8,2400,0.2,26,69.2,1.36,0.49,1.1,0.052,6.26
2.0,1.0,1.5,4.5,0.4,2400,0.2,26,69.2,1.36,0.49,1.1,0.052,6.26
2.0,1.0,1.5,4.5,0.6,2400,0.2,26,69.2,1.36,0.49,1.1,0.052,6.26
2.0,1.0,1.5,4.5,0.8,2400,0.2,26,69.2,1.36,0.49,1.1,0.052,6.26
2.0,1.5,2.5,3.0,0.6,2400,0.8,74,63.5,3.86,0.86,1.5,0.052,3.48
2.0,1.5,2.5,4.5,0.6,2400,0.8,74,63.5,3.86,0.86,1.5,0.052,3.48
4.0,1.5,2.5,3.0,0.6,1200,0.2,21,71.4,1.1,0.44,1.09,0.052,5.77
4.0,1.5,2.5,4.5,0.6,1200,0.2,21,71.4,1.1,0.44,1.09,0.052,5.77
3.0,1.5,2.5,3.0,0.4,3600,0.8,65,64.6,3.33,0.74,1.36,0.051,5.76
3.0,1.5,2.5,4.5,0.4,3600,0.8,65,64.6,3.33,0.74,1.36,0.051,5.76
4.0,0.7,1.5,3.0,0.4,3600,0.2,16,87.5,0.82,0.16,1.1,0.051,4.22
4.0,0.7,1.5,3.0,0.4,7200,0.2,16,87.5,0.82,0.16,1.1,0.051,4.22
4.0,0.7,1.5,3.0,0.4,14400,0.2,16,87.5,0.82,0.16,1.1,0.051,4.22
4.0,0.7,1.5,3.0,0.4,,0.4,16,87.5,0.82,0.16,1.1,0.051,4.22
4.0,0.7,1.5,3.0,0.6,3600,0.2,16,87.5,0.82,0.16,1.1,0.051,4.22
4.0,0.7,1.5,3.0,0.6,7200,0.2,16,87.5,0.82,0.16,1.1,0.051,4.22
4.0,0.7,1.5,3.0,0.6,14400,0.2,16,87.5,0.82,0.16,1.1,0.051,4.22
4.0,0.7,1.5,3.0,0.6,,0.4,16,87.5,0.82,0.16,1.1,0.051,4.22
4.0,0.7,1.5,3.0,0.8,3600,0.2,16,87.5,0.82,0.16,1.1,0.051,4.22
4.0,0.7,1.5,3.0,0.8,7200,0.2,16,87.5,0.82,0.16,1.1,0.051,4.22
4.0,0.7,1.5,3.0,0.8,14400,0.2,16,87.5,0.82,0.16,1.1,0.051,4.22
4.0,0.7,1.5,3.0,0.8,,0.4,16,87.5,0.82,0.16,1.1,0.051,4.22
4.0,0.7,1.5,4.5,0.4,3600,0.2,16,87.5,0.82,0.16,1.1,0.051,4.22
4.0,0.7,1.5,4.5,0.4,7200,0.2,16,87.5,0.82,0.16,1.1,0.051,4.22
4.0,0.7,1.5,4.5,0.4,14400,0.2,16,87.5,0.82,0.16,1.1,0.051,4.22
4.0,0.7,1.5,4.5,0.4,,0.4,16,87.5,0.82,0.16,1.1,0.051,4.22
4.0,0.7,1.5,4.5,0.6,3600,0.2,16,87.5,0.82,0.16,1.1,0.051,4.22
4.0,0.7,1.5,4.5,0.6,7200,0.2,16,87.5,0.82,0.16,1.1,0.051,4.22
4.0,0.7,1.5,4.5,0.6,14400,0.2,16,87.5,0.82,0.16,1.1,0.051,4.22
4.0,0.7,1.5,4.5,0.6,,0.4,16,87.5,0.82,0.16,1.1,0.051,4.22
4.0,0.7,1.5,4.5,0.8,3600,0.2,16,87.5,0.82,0.16,1.1,0.051,4.22
4.0,0.7,1.5,4.5,0.8,7200,0.2,16,87.5,0.82,0.16,1.1,0.051,4.22
4.0,0.7,1.5,4.5,0.8,14400,0.2,16,87.5,0.82,0.16,1.1,0.051,4.22
4.0,0.7,1.5,4.5,0.8,,0.4,16,87.5,0.82,0.16,1.1,0.051,4.22
4.0,0.7,2.5,3.0,0.4,3600,0.2,16,87.5,0.82,0.16,1.1,0.051,4.22
4.0,0.7,2.5,3.0,0.4,7200,0.2,16,87.5,0.82,0.16,1.1,0.051,4.22
4.0,0.7,2.5,3.0,0.4,14400,0.2,16,87.5,0.82,0.16,1.1,0.051,4.22
4.0,0.7,2.5,3.0,0.4,,0.4,16,87.5,0.82,0.16,1.1,0.051,4.22
4.0,0.7,2.5,3.0,0.6,3600,0.2,16,87.5,0.82,0.16,1.1,0.051,4.22
4.0,0.7,2.5,3.0,0.6,7200,0.2,16,87.5,0.82,0.16,1.1,0.051,4.22
4.0,0.7,2.5,3.0,0.6,14400,0.2,16,87.5,0.82,0.16,1.1,0.051,4.22
4.0,0.7,2.5,3.0,0.6,,0.4,16,87.5,0.82,0.16,1.1,0.051,4.22
4.0,0.7,2.5,3.0,0.8,3600,0.2,16,87.5,0.82,0.16,1.1,0.051,4.22
4.0,0.7,2.5,3.0,0.8,7200,0.2,16,87.5,0.82,0.16,1.1,0.051,4.22
4.0,0.7,2.5,3.0,0.8,14400,0.2,16,87.5,0.82,0.16,1.1,0.051,4.22
4.0,0.7,2.5,3.0,0.8,,0.4,16,87.5,0.82,0.16,1.1,0.051,4.22
4.0,0.7,2.5,4.5,0.4,3600,0.2,16,87.5,0.82,0.16,1.1,0.051,4.22
4.0,0.7,2.5,4.5,0.4,7200,0.2,16,87.5,0.82,0.16,1.1,0.051,4.22
4.0,0.7,2.5,4.5,0.4,14400,0.2,16,87.5,0.82,0.16,1.1,0.051,4.22
4.0,0.7,2.5,4.5,0.4,,0.4,16,87.5,0.82,0.16,1.1,0.051,4.22
4.0,0.7,2.5,4.5,0.6,3600,0.2,16,87.5,0.82,0.16,1.1,0.051,4.22
4.0,0.7,2.5,4.5,0.6,7200,0.2,16,87.5,0.82,0.16,1.1,0.051,4.22
4.0,0.7,2.5,4.5,0.6,14400,0.2,16,87.5,0.82,0.16,1.1,0.051,4.22
4.0,0.7,2.5,4.5,0.6,,0.4,16,87.5,0.82,0.16,1.1,0.051,4.22
4.0,0.7,2.5,4.5,0.8,3600,0.2,16,87.5,0.82,0.16,1.1,0.051,4.22
4.0,0.7,2.5,4.5,0.8,7200,0.2,16,87.5,0.82,0.16,1.1,0.051,4.22
4.0,0.7,2.5,4.5,0.8,14400,0.2,16,87.5,0.82,0.16,1.1,0.051,4.22
4.0,0.7,2.5,4.5,0.8,,0.4,16,87.5,0.82,0.16,1.1,0.051,4.22
2.0,1.0,2.5,3.0,0.4,1200,0.2,30,66.7,1.46,0.55,1.1,0.049,6.19
2.0,1.0,2.5,3.0,0.4,14400,0.8,43,69.8,2.1,0.49,1.13,0.049,6.0
2.0,1.0,2.5,3.0,0.6,1200,0.2,30,66.7,1.46,0.55,1.1,0.049,6.19
2.0,1.0,2.5,3.0,0.6,14400,0.8,43,69.8,2.1,0.49,1.13,0.049,6.0
2.0,1.0,2.5,3.0,0.8,1200,0.2,30,66.7,1.46,0.55,1.1,0.049,6.19
2.0,1.0,2.5,3.0,0.8,14400,0.8,43,69.8,2.1,0.49,1.13,0.049,6.0
2.0,1.0,2.5,4.5,0.4,1200,0.2,30,66.7,1.46,0.55,1.1,0.049,6.19
2.0,1.0,2.5,4.5,0.4,14400,0.8,43,69.8,2.1,0.49,1.13,0.049,6.0
2.0,1.0,2.5,4.5,0.6,1200,0.2,30,66.7,1.46,0.55,1.1,0.049,6.19
2.0,1.0,2.5,4.5,0.6,14400,0.8,43,69.8,2.1,0.49,1.13,0.049,6.0
2.0,1.0,2.5,4.5,0.8,1200,0.2,30,66.7,1.46,0.55,1.1,0.049,6.19
2.0,1.0,2.5,4.5,0.8,14400,0.8,43,69.8,2.1,0.49,1.13,0.049,6.0
4.0,1.0,1.5,3.0,0.4,1200,0.4,65,55.4,3.21,1.19,1.48,0.049,4.0
4.0,1.0,1.5,3.0,0.4,2400,0.8,66,63.6,3.25,0.82,1.43,0.049,4.0
4.0,1.0,1.5,3.0,0.6,1200,0.4,65,55.4,3.21,1.19,1.48,0.049,4.0
4.0,1.0,1.5,3.0,0.6,2400,0.8,66,63.6,3.25,0.82,1.43,0.049,4.0
4.0,1.0,1.5,3.0,0.8,1200,0.4,65,55.4,3.21,1.19,1.48,0.049,4.0
4.0,1.0,1.5,3.0,0.8,2400,0.8,66,63.6,3.25,0.82,1.43,0.049,4.0
4.0,1.0,1.5,4.5,0.4,1200,0.4,65,55.4,3.21,1.19,1.48,0.049,4.0
4.0,1.0,1.5,4.5,0.4,2400,0.8,66,63.6,3.25,0.82,1.43,0.049,4.0
4.0,1.0,1.5,4.5,0.6,1200,0.4,65,55.4,3.21,1.19,1.48,0.049,4.0
4.0,1.0,1.5,4.5,0.6,2400,0.8,66,63.6,3.25,0.82,1.43,0.049,4.0
4.0,1.0,1.5,4.5,0.8,1200,0.4,65,55.4,3.21,1.19,1.48,0.049,4.0
4.0,1.0,1.5,4.5,0.8,2400,0.8,66,63.6,3.25,0.82,1.43,0.049,4.0
4.0,1.0,2.5,3.0,0.4,1200,0.4,65,55.4,3.21,1.19,1.48,0.049,4.0
4.0,1.0,2.5,3.0,0.4,2400,0.8,66,63.6,3.25,0.82,1.43,0.049,4.0
4.0,1.0,2.5,3.0,0.6,1200,0.4,65,55.4,3.21,1.19,1.48,0.049,4.0
4.0,1.0,2.5,3.0,0.6,2400,0.8,66,63.6,3.25,0.82,1.43,0.049,4.0
4.0,1.0,2.5,3.0,0.8,1200,0.4,65,55.4,3.21,1.19,1.48,0.049,4.0
4.0,1.0,2.5,3.0,0.8,2400,0.8,66,63.6,3.25,0.82,1.43,0.049,4.0
4.0,1.0,2.5,4.5,0.4,1200,0.4,65,55.4,3.21,1.19,1.48,0.049,4.0
4.0,1.0,2.5,4.5,0.4,2400,0.8,66,63.6,3.25,0.82,1.43,0.049,4.0
4.0,1.0,2.5,4.5,0.6,1200,0.4,65,55.4,3.21,1.19,1.48,0.049,4.0
4.0,1.0,2.5,4.5,0.6,2400,0.8,66,63.6,3.25,0.82,1.43,0.049,4.0
4.0,1.0,2.5,4.5,0.8,1200,0.4,65,55.4,3.21,1.19,1.48,0.049,4.0
4.0,1.0,2.5,4.5,0.8,2400,0.8,66,63.6,3.25,0.82,1.43,0.049,4.0
4.0,1.5,2.5,3.0,0.6,3600,0.2,16,81.2,0.79,0.25,1.07,0.049,5.65
4.0,1.5,2.5,4.5,0.6,3600,0.2,16,81.2,0.79,0.25,1.07,0.049,5.65
5.0,1.5,2.5,3.0,0.4,3600,0.8,59,64.4,2.89,0.75,1.35,0.049,5.0
5.0,1.5,2.5,4.5,0.4,3600,0.8,59,64.4,2.89,0.75,1.35,0.049,5.0
4.0,1.5,2.5,3.0,0.4,2400,0.8,66,63.6,3.17,0.81,1.42,0.048,4.0
4.0,1.5,2.5,4.5,0.4,2400,0.8,66,63.6,3.17,0.81,1.42,0.048,4.0
4.0,0.7,1.5,3.0,0.4,1200,0.4,48,56.2,2.23,1.05,1.36,0.046,4.21
4.0,0.7,1.5,3.0,0.6,1200,0.4,48,56.2,2.23,1.05,1.36,0.046,4.21
4.0,0.7,1.5,3.0,0.8,1200,0.4,48,56.2,2.23,1.05,1.36,0.046,4.21
4.0,0.7,1.5,4.5,0.4,1200,0.4,48,56.2,2.23,1.05,1.36,0.046,4.21
4.0,0.7,1.5,4.5,0.6,1200,0.4,48,56.2,2.23,1.05,1.36,0.046,4.21
4.0,0.7,1.5,4.5,0.8,1200,0.4,48,56.2,2.23,1.05,1.36,0.046,4.21
4.0,0.7,2.5,3.0,0.4,1200,0.4,48,56.2,2.23,1.05,1.36,0.046,4.21
4.0,0.7,2.5,3.0,0.6,1200,0.4,48,56.2,2.23,1.05,1.36,0.046,4.21
4.0,0.7,2.5,3.0,0.8,1200,0.4,48,56.2,2.23,1.05,1.36,0.046,4.21
4.0,0.7,2.5,4.5,0.4,1200,0.4,48,56.2,2.23,1.05,1.36,0.046,4.21
4.0,0.7,2.5,4.5,0.6,1200,0.4,48,56.2,2.23,1.05,1.36,0.046,4.21
4.0,0.7,2.5,4.5,0.8,1200,0.4,48,56.2,2.23,1.05,1.36,0.046,4.21
4.0,1.5,2.5,3.0,0.8,1200,0.4,63,54.0,2.88,1.22,1.43,0.046,4.0
4.0,1.5,2.5,3.0,0.8,3600,0.2,16,81.2,0.74,0.24,1.06,0.046,5.44
4.0,1.5,2.5,4.5,0.8,1200,0.4,63,54.0,2.88,1.22,1.43,0.046,4.0
4.0,1.5,2.5,4.5,0.8,3600,0.2,16,81.2,0.74,0.24,1.06,0.046,5.44
5.0,1.5,2.5,3.0,0.4,1200,0.4,65,55.4,2.84,1.1,1.37,0.044,5.0
5.0,1.5,2.5,4.5,0.4,1200,0.4,65,55.4,2.84,1.1,1.37,0.044,5.0
2.0,1.5,2.5,3.0,0.8,2400,0.8,72,62.5,2.96,0.83,1.38,0.041,3.48
2.0,1.5,2.5,4.5,0.8,2400,0.8,72,62.5,2.96,0.83,1.38,0.041,3.48
4.0,1.5,2.5,3.0,0.6,2400,0.2,17,82.4,0.7,0.23,1.06,0.041,5.79
4.0,1.5,2.5,3.0,0.6,2400,0.8,66,63.6,2.69,0.78,1.36,0.041,4.0
4.0,1.5,2.5,3.0,0.6,7200,0.2,15,80.0,0.61,0.26,1.05,0.041,5.83
4.0,1.5,2.5,3.0,0.6,14400,0.2,15,80.0,0.61,0.26,1.05,0.041,5.83
4.0,1.5,2.5,3.0,0.6,,0.4,15,80.0,0.61,0.26,1.05,0.041,5.83
4.0,1.5,2.5,4.5,0.6,2400,0.2,17,82.4,0.7,0.23,1.06,0.041,5.79
4.0,1.5,2.5,4.5,0.6,2400,0.8,66,63.6,2.69,0.78,1.36,0.041,4.0
4.0,1.5,2.5,4.5,0.6,7200,0.2,15,80.0,0.61,0.26,1.05,0.041,5.83
4.0,1.5,2.5,4.5,0.6,14400,0.2,15,80.0,0.61,0.26,1.05,0.041,5.83
4.0,1.5,2.5,4.5,0.6,,0.4,15,80.0,0.61,0.26,1.05,0.041,5.83
3.0,1.5,2.5,3.0,0.6,14400,0.4,21,76.2,0.84,0.33,1.06,0.04,6.0
3.0,1.5,2.5,4.5,0.6,14400,0.4,21,76.2,0.84,0.33,1.06,0.04,6.0
3.0,0.7,1.5,3.0,0.4,7200,0.8,47,68.1,1.84,0.55,1.17,0.039,6.31
3.0,0.7,1.5,3.0,0.6,7200,0.8,47,68.1,1.84,0.55,1.17,0.039,6.31
3.0,0.7,1.5,3.0,0.8,7200,0.8,47,68.1,1.84,0.55,1.17,0.039,6.31
3.0,0.7,1.5,4.5,0.4,7200,0.8,47,68.1,1.84,0.55,1.17,0.039,6.31
3.0,0.7,1.5,4.5,0.6,7200,0.8,47,68.1,1.84,0.55,1.17,0.039,6.31
3.0,0.7,1.5,4.5,0.8,7200,0.8,47,68.1,1.84,0.55,1.17,0.039,6.31
5.0,1.5,2.5,3.0,0.6,1200,0.4,63,54.0,2.48,1.13,1.32,0.039,5.0
5.0,1.5,2.5,4.5,0.6,1200,0.4,63,54.0,2.48,1.13,1.32,0.039,5.0
3.0,1.5,2.5,3.0,0.6,3600,0.8,65,64.6,2.45,0.69,1.26,0.038,5.76
3.0,1.5,2.5,4.5,0.6,3600,0.8,65,64.6,2.45,0.69,1.26,0.038,5.76
4.0,1.5,2.5,3.0,0.8,2400,0.2,17,82.4,0.65,0.23,1.05,0.038,5.58
4.0,1.5,2.5,3.0,0.8,3600,0.8,57,63.2,2.19,0.76,1.3,0.038,4.0
4.0,1.5,2.5,4.5,0.8,2400,0.2,17,82.4,0.65,0.23,1.05,0.038,5.58
4.0,1.5,2.5,4.5,0.8,3600,0.8,57,63.2,2.19,0.76,1.3,0.038,4.0
4.0,1.0,2.5,3.0,0.4,7200,0.4,15,80.0,0.56,0.27,1.07,0.037,5.25
4.0,1.0,2.5,3.0,0.6,7200,0.4,15,80.0,0.56,0.27,1.07,0.037,5.25
4.0,1.0,2.5,3.0,0.8,7200,0.4,15,80.0,0.56,0.27,1.07,0.037,5.25
4.0,1.0,2.5,4.5,0.4,7200,0.4,15,80.0,0.56,0.27,1.07,0.037,5.25
4.0,1.0,2.5,4.5,0.6,7200,0.4,15,80.0,0.56,0.27,1.07,0.037,5.25
4.0,1.0,2.5,4.5,0.8,7200,0.4,15,80.0,0.56,0.27,1.07,0.037,5.25
4.0,1.5,2.5,3.0,0.8,7200,0.2,15,80.0,0.56,0.26,1.05,0.037,5.62
4.0,1.5,2.5,3.0,0.8,14400,0.2,15,80.0,0.56,0.26,1.05,0.037,5.62
4.0,1.5,2.5,3.0,0.8,,0.4,15,80.0,0.56,0.26,1.05,0.037,5.62
4.0,1.5,2.5,4.5,0.8,7200,0.2,15,80.0,0.56,0.26,1.05,0.037,5.62
4.0,1.5,2.5,4.5,0.8,14400,0.2,15,80.0,0.56,0.26,1.05,0.037,5.62
4.0,1.5,2.5,4.5,0.8,,0.4,15,80.0,0.56,0.26,1.05,0.037,5.62
5.0,1.5,2.5,3.0,0.6,3600,0.8,59,64.4,2.21,0.7,1.27,0.037,5.0
5.0,1.5,2.5,4.5,0.6,3600,0.8,59,64.4,2.21,0.7,1.27,0.037,5.0
4.0,0.7,1.5,3.0,0.4,2400,0.8,71,62.0,2.56,0.81,1.33,0.036,4.27
4.0,0.7,1.5,3.0,0.6,2400,0.8,71,62.0,2.56,0.81,1.33,0.036,4.27
4.0,0.7,1.5,3.0,0.8,2400,0.8,71,62.0,2.56,0.81,1.33,0.036,4.27
4.0,0.7,1.5,4.5,0.4,2400,0.8,71,62.0,2.56,0.81,1.33,0.036,4.27
4.0,0.7,1.5,4.5,0.6,2400,0.8,71,62.0,2.56,0.81,1.33,0.036,4.27
4.0,0.7,1.5,4.5,0.8,2400,0.8,71,62.0,2.56,0.81,1.33,0.036,4.27
4.0,0.7,2.5,3.0,0.4,2400,0.8,71,62.0,2.56,0.81,1.33,0.036,4.27
4.0,0.7,2.5,3.0,0.6,2400,0.8,71,62.0,2.56,0.81,1.33,0.036,4.27
4.0,0.7,2.5,3.0,0.8,2400,0.8,71,62.0,2.56,0.81,1.33,0.036,4.27
4.0,0.7,2.5,4.5,0.4,2400,0.8,71,62.0,2.56,0.81,1.33,0.036,4.27
4.0,0.7,2.5,4.5,0.6,2400,0.8,71,62.0,2.56,0.81,1.33,0.036,4.27
4.0,0.7,2.5,4.5,0.8,2400,0.8,71,62.0,2.56,0.81,1.33,0.036,4.27
4.0,1.0,1.5,3.0,0.4,1200,0.2,21,71.4,0.73,0.42,1.06,0.035,6.09
4.0,1.0,1.5,3.0,0.6,1200,0.2,21,71.4,0.73,0.42,1.06,0.035,6.09
4.0,1.0,1.5,3.0,0.8,1200,0.2,21,71.4,0.73,0.42,1.06,0.035,6.09
4.0,1.0,1.5,4.5,0.4,1200,0.2,21,71.4,0.73,0.42,1.06,0.035,6.09
4.0,1.0,1.5,4.5,0.6,1200,0.2,21,71.4,0.73,0.42,1.06,0.035,6.09
4.0,1.0,1.5,4.5,0.8,1200,0.2,21,71.4,0.73,0.42,1.06,0.035,6.09
3.0,1.0,1.5,3.0,0.4,2400,0.8,73,63.0,2.46,0.73,1.25,0.034,5.89
3.0,1.0,1.5,3.0,0.6,2400,0.8,73,63.0,2.46,0.73,1.25,0.034,5.89
3.0,1.0,1.5,3.0,0.8,2400,0.8,73,63.0,2.46,0.73,1.25,0.034,5.89
3.0,1.0,1.5,4.5,0.4,2400,0.8,73,63.0,2.46,0.73,1.25,0.034,5.89
3.0,1.0,1.5,4.5,0.6,2400,0.8,73,63.0,2.46,0.73,1.25,0.034,5.89
3.0,1.0,1.5,4.5,0.8,2400,0.8,73,63.0,2.46,0.73,1.25,0.034,5.89
5.0,1.0,1.5,3.0,0.4,1200,0.4,65,55.4,2.21,1.04,1.29,0.034,5.0
5.0,1.0,1.5,3.0,0.4,2400,0.8,66,63.6,2.25,0.72,1.27,0.034,5.0
5.0,1.0,1.5,3.0,0.6,1200,0.4,65,55.4,2.21,1.04,1.29,0.034,5.0
5.0,1.0,1.5,3.0,0.6,2400,0.8,66,63.6,2.25,0.72,1.27,0.034,5.0
5.0,1.0,1.5,3.0,0.8,1200,0.4,65,55.4,2.21,1.04,1.29,0.034,5.0
5.0,1.0,1.5,3.0,0.8,2400,0.8,66,63.6,2.25,0.72,1.27,0.034,5.0
5.0,1.0,1.5,4.5,0.4,1200,0.4,65,55.4,2.21,1.04,1.29,0.034,5.0
5.0,1.0,1.5,4.5,0.4,2400,0.8,66,63.6,2.25,0.72,1.27,0.034,5.0
5.0,1.0,1.5,4.5,0.6,1200,0.4,65,55.4,2.21,1.04,1.29,0.034,5.0
5.0,1.0,1.5,4.5,0.6,2400,0.8,66,63.6,2.25,0.72,1.27,0.034,5.0
5.0,1.0,1.5,4.5,0.8,1200,0.4,65,55.4,2.21,1.04,1.29,0.034,5.0
5.0,1.0,1.5,4.5,0.8,2400,0.8,66,63.6,2.25,0.72,1.27,0.034,5.0
5.0,1.0,2.5,3.0,0.4,1200,0.4,65,55.4,2.21,1.04,1.29,0.034,5.0
5.0,1.0,2.5,3.0,0.4,2400,0.8,66,63.6,2.25,0.72,1.27,0.034,5.0
5.0,1.0,2.5,3.0,0.6,1200,0.4,65,55.4,2.21,1.04,1.29,0.034,5.0
5.0,1.0,2.5,3.0,0.6,2400,0.8,66,63.6,2.25,0.72,1.27,0.034,5.0
5.0,1.0,2.5,3.0,0.8,1200,0.4,65,55.4,2.21,1.04,1.29,0.034,5.0
5.0,1.0,2.5,3.0,0.8,2400,0.8,66,63.6,2.25,0.72,1.27,0.034,5.0
5.0,1.0,2.5,4.5,0.4,1200,0.4,65,55.4,2.21,1.04,1.29,0.034,5.0
5.0,1.0,2.5,4.5,0.4,2400,0.8,66,63.6,2.25,0.72,1.27,0.034,5.0
5.0,1.0,2.5,4.5,0.6,1200,0.4,65,55.4,2.21,1.04,1.29,0.034,5.0
5.0,1.0,2.5,4.5,0.6,2400,0.8,66,63.6,2.25,0.72,1.27,0.034,5.0
5.0,1.0,2.5,4.5,0.8,1200,0.4,65,55.4,2.21,1.04,1.29,0.034,5.0
5.0,1.0,2.5,4.5,0.8,2400,0.8,66,63.6,2.25,0.72,1.27,0.034,5.0
5.0,1.5,2.5,3.0,0.4,2400,0.8,66,63.6,2.17,0.72,1.26,0.033,5.0
5.0,1.5,2.5,4.5,0.4,2400,0.8,66,63.6,2.17,0.72,1.26,0.033,5.0
2.0,1.0,2.5,3.0,0.4,7200,0.4,27,70.4,0.87,0.45,1.06,0.032,8.3
2.0,1.0,2.5,3.0,0.6,7200,0.4,27,70.4,0.87,0.45,1.06,0.032,8.3
2.0,1.0,2.5,3.0,0.8,7200,0.4,27,70.4,0.87,0.45,1.06,0.032,8.3
2.0,1.0,2.5,4.5,0.4,7200,0.4,27,70.4,0.87,0.45,1.06,0.032,8.3
2.0,1.0,2.5,4.5,0.6,7200,0.4,27,70.4,0.87,0.45,1.06,0.032,8.3
2.0,1.0,2.5,4.5,0.8,7200,0.4,27,70.4,0.87,0.45,1.06,0.032,8.3
3.0,1.5,2.5,3.0,0.8,3600,0.8,63,63.5,2.04,0.7,1.22,0.032,5.76
3.0,1.5,2.5,4.5,0.8,3600,0.8,63,63.5,2.04,0.7,1.22,0.032,5.76
4.0,1.5,2.5,3.0,0.8,1200,0.2,22,68.2,0.69,0.49,1.06,0.031,5.56
4.0,1.5,2.5,4.5,0.8,1200,0.2,22,68.2,0.69,0.49,1.06,0.031,5.56
4.0,0.7,1.5,3.0,0.4,14400,0.4,16,87.5,0.48,0.15,1.06,0.03,4.22
4.0,0.7,1.5,3.0,0.6,14400,0.4,16,87.5,0.48,0.15,1.06,0.03,4.22
4.0,0.7,1.5,3.0,0.8,14400,0.4,16,87.5,0.48,0.15,1.06,0.03,4.22
4.0,0.7,1.5,4.5,0.4,14400,0.4,16,87.5,0.48,0.15,1.06,0.03,4.22
4.0,0.7,1.5,4.5,0.6,14400,0.4,16,87.5,0.48,0.15,1.06,0.03,4.22
4.0,0.7,1.5,4.5,0.8,14400,0.4,16,87.5,0.48,0.15,1.06,0.03,4.22
4.0,0.7,2.5,3.0,0.4,14400,0.4,16,87.5,0.48,0.15,1.06,0.03,4.22
4.0,0.7,2.5,3.0,0.6,14400,0.4,16,87.5,0.48,0.15,1.06,0.03,4.22
4.0,0.7,2.5,3.0,0.8,14400,0.4,16,87.5,0.48,0.15,1.06,0.03,4.22
4.0,0.7,2.5,4.5,0.4,14400,0.4,16,87.5,0.48,0.15,1.06,0.03,4.22
4.0,0.7,2.5,4.5,0.6,14400,0.4,16,87.5,0.48,0.15,1.06,0.03,4.22
4.0,0.7,2.5,4.5,0.8,14400,0.4,16,87.5,0.48,0.15,1.06,0.03,4.22
5.0,1.5,2.5,3.0,0.8,1200,0.4,63,54.0,1.88,1.06,1.24,0.03,5.0
5.0,1.5,2.5,4.5,0.8,1200,0.4,63,54.0,1.88,1.06,1.24,0.03,5.0
3.0,1.0,2.5,3.0,0.4,2400,0.8,73,63.0,2.01,0.71,1.21,0.028,5.89
3.0,1.0,2.5,3.0,0.6,2400,0.8,73,63.0,2.01,0.71,1.21,0.028,5.89
3.0,1.0,2.5,3.0,0.8,2400,0.8,73,63.0,2.01,0.71,1.21,0.028,5.89
3.0,1.0,2.5,4.5,0.4,2400,0.8,73,63.0,2.01,0.71,1.21,0.028,5.89
3.0,1.0,2.5,4.5,0.6,2400,0.8,73,63.0,2.01,0.71,1.21,0.028,5.89
3.0,1.0,2.5,4.5,0.8,2400,0.8,73,63.0,2.01,0.71,1.21,0.028,5.89
3.0,1.5,2.5,3.0,0.6,3600,0.2,20,75.0,0.55,0.35,1.04,0.028,6.0
3.0,1.5,2.5,3.0,0.6,7200,0.2,20,75.0,0.55,0.35,1.04,0.028,6.0
3.0,1.5,2.5,3.0,0.6,14400,0.2,20,75.0,0.55,0.35,1.04,0.028,6.0
3.0,1.5,2.5,3.0,0.6,,0.4,20,75.0,0.55,0.35,1.04,0.028,6.0
3.0,1.5,2.5,4.5,0.6,3600,0.2,20,75.0,0.55,0.35,1.04,0.028,6.0
3.0,1.5,2.5,4.5,0.6,7200,0.2,20,75.0,0.55,0.35,1.04,0.028,6.0
3.0,1.5,2.5,4.5,0.6,14400,0.2,20,75.0,0.55,0.35,1.04,0.028,6.0
3.0,1.5,2.5,4.5,0.6,,0.4,20,75.0,0.55,0.35,1.04,0.028,6.0
4.0,1.5,2.5,3.0,0.8,2400,0.8,64,62.5,1.79,0.74,1.24,0.028,4.0
4.0,1.5,2.5,4.5,0.8,2400,0.8,64,62.5,1.79,0.74,1.24,0.028,4.0
3.0,1.5,2.5,3.0,0.4,2400,0.8,73,63.0,1.93,0.7,1.2,0.026,5.89
3.0,1.5,2.5,4.5,0.4,2400,0.8,73,63.0,1.93,0.7,1.2,0.026,5.89
5.0,0.7,1.5,3.0,0.4,1200,0.4,48,56.2,1.23,0.91,1.17,0.026,5.21
5.0,0.7,1.5,3.0,0.6,1200,0.4,48,56.2,1.23,0.91,1.17,0.026,5.21
5.0,0.7,1.5,3.0,0.8,1200,0.4,48,56.2,1.23,0.91,1.17,0.026,5.21
5.0,0.7,1.5,4.5,0.4,1200,0.4,48,56.2,1.23,0.91,1.17,0.026,5.21
5.0,0.7,1.5,4.5,0.6,1200,0.4,48,56.2,1.23,0.91,1.17,0.026,5.21
5.0,0.7,1.5,4.5,0.8,1200,0.4,48,56.2,1.23,0.91,1.17,0.026,5.21
5.0,0.7,2.5,3.0,0.4,1200,0.4,48,56.2,1.23,0.91,1.17,0.026,5.21
5.0,0.7,2.5,3.0,0.6,1200,0.4,48,56.2,1.23,0.91,1.17,0.026,5.21
5.0,0.7,2.5,3.0,0.8,1200,0.4,48,56.2,1.23,0.91,1.17,0.026,5.21
5.0,0.7,2.5,4.5,0.4,1200,0.4,48,56.2,1.23,0.91,1.17,0.026,5.21
5.0,0.7,2.5,4.5,0.6,1200,0.4,48,56.2,1.23,0.91,1.17,0.026,5.21
5.0,0.7,2.5,4.5,0.8,1200,0.4,48,56.2,1.23,0.91,1.17,0.026,5.21
5.0,1.5,2.5,3.0,0.6,2400,0.8,66,63.6,1.69,0.69,1.2,0.026,5.0
5.0,1.5,2.5,4.5,0.6,2400,0.8,66,63.6,1.69,0.69,1.2,0.026,5.0
4.0,1.0,1.5,3.0,0.4,14400,0.4,13,76.9,0.32,0.31,1.04,0.025,5.37
4.0,1.0,1.5,3.0,0.6,14400,0.4,13,76.9,0.32,0.31,1.04,0.025,5.37
4.0,1.0,1.5,3.0,0.8,14400,0.4,13,76.9,0.32,0.31,1.04,0.025,5.37
4.0,1.0,1.5,4.5,0.4,14400,0.4,13,76.9,0.32,0.31,1.04,0.025,5.37
4.0,1.0,1.5,4.5,0.6,14400,0.4,13,76.9,0.32,0.31,1.04,0.025,5.37
4.0,1.0,1.5,4.5,0.8,14400,0.4,13,76.9,0.32,0.31,1.04,0.025,5.37
4.0,1.0,2.5,3.0,0.4,14400,0.4,13,76.9,0.32,0.31,1.04,0.025,5.37
4.0,1.0,2.5,3.0,0.6,14400,0.4,13,76.9,0.32,0.31,1.04,0.025,5.37
4.0,1.0,2.5,3.0,0.8,14400,0.4,13,76.9,0.32,0.31,1.04,0.025,5.37
4.0,1.0,2.5,4.5,0.4,14400,0.4,13,76.9,0.32,0.31,1.04,0.025,5.37
4.0,1.0,2.5,4.5,0.6,14400,0.4,13,76.9,0.32,0.31,1.04,0.025,5.37
4.0,1.0,2.5,4.5,0.8,14400,0.4,13,76.9,0.32,0.31,1.04,0.025,5.37
3.0,0.7,2.5,3.0,0.4,7200,0.8,47,68.1,1.12,0.52,1.1,0.024,6.31
3.0,0.7,2.5,3.0,0.6,7200,0.8,47,68.1,1.12,0.52,1.1,0.024,6.31
3.0,0.7,2.5,3.0,0.8,7200,0.8,47,68.1,1.12,0.52,1.1,0.024,6.31
3.0,0.7,2.5,4.5,0.4,7200,0.8,47,68.1,1.12,0.52,1.1,0.024,6.31
3.0,0.7,2.5,4.5,0.6,7200,0.8,47,68.1,1.12,0.52,1.1,0.024,6.31
3.0,0.7,2.5,4.5,0.8,7200,0.8,47,68.1,1.12,0.52,1.1,0.024,6.31
5.0,0.7,1.5,3.0,0.4,2400,0.8,71,62.0,1.56,0.72,1.18,0.022,5.27
5.0,0.7,1.5,3.0,0.6,2400,0.8,71,62.0,1.56,0.72,1.18,0.022,5.27
5.0,0.7,1.5,3.0,0.8,2400,0.8,71,62.0,1.56,0.72,1.18,0.022,5.27
5.0,0.7,1.5,4.5,0.4,2400,0.8,71,62.0,1.56,0.72,1.18,0.022,5.27
5.0,0.7,1.5,4.5,0.6,2400,0.8,71,62.0,1.56,0.72,1.18,0.022,5.27
5.0,0.7,1.5,4.5,0.8,2400,0.8,71,62.0,1.56,0.72,1.18,0.022,5.27
5.0,0.7,2.5,3.0,0.4,2400,0.8,71,62.0,1.56,0.72,1.18,0.022,5.27
5.0,0.7,2.5,3.0,0.6,2400,0.8,71,62.0,1.56,0.72,1.18,0.022,5.27
5.0,0.7,2.5,3.0,0.8,2400,0.8,71,62.0,1.56,0.72,1.18,0.022,5.27
5.0,0.7,2.5,4.5,0.4,2400,0.8,71,62.0,1.56,0.72,1.18,0.022,5.27
5.0,0.7,2.5,4.5,0.6,2400,0.8,71,62.0,1.56,0.72,1.18,0.022,5.27
5.0,0.7,2.5,4.5,0.8,2400,0.8,71,62.0,1.56,0.72,1.18,0.022,5.27
5.0,1.5,2.5,3.0,0.8,3600,0.8,57,63.2,1.19,0.67,1.14,0.021,5.0
5.0,1.5,2.5,4.5,0.8,3600,0.8,57,63.2,1.19,0.67,1.14,0.021,5.0
3.0,1.5,2.5,3.0,0.6,2400,0.8,73,63.0,1.45,0.67,1.15,0.02,5.89
3.0,1.5,2.5,4.5,0.6,2400,0.8,73,63.0,1.45,0.67,1.15,0.02,5.89
2.0,1.0,2.5,3.0,0.4,2400,0.2,26,69.2,0.46,0.46,1.03,0.018,6.26
2.0,1.0,2.5,3.0,0.6,2400,0.2,26,69.2,0.46,0.46,1.03,0.018,6.26
2.0,1.0,2.5,3.0,0.8,2400,0.2,26,69.2,0.46,0.46,1.03,0.018,6.26
2.0,1.0,2.5,4.5,0.4,2400,0.2,26,69.2,0.46,0.46,1.03,0.018,6.26
2.0,1.0,2.5,4.5,0.6,2400,0.2,26,69.2,0.46,0.46,1.03,0.018,6.26
2.0,1.0,2.5,4.5,0.8,2400,0.2,26,69.2,0.46,0.46,1.03,0.018,6.26
4.0,1.5,2.5,3.0,0.4,7200,0.8,38,63.2,0.57,0.62,1.06,0.015,5.62
4.0,1.5,2.5,4.5,0.4,7200,0.8,38,63.2,0.57,0.62,1.06,0.015,5.62
3.0,1.0,2.5,3.0,0.4,7200,0.4,22,77.3,0.26,0.3,1.02,0.012,7.51
3.0,1.0,2.5,3.0,0.6,7200,0.4,22,77.3,0.26,0.3,1.02,0.012,7.51
3.0,1.0,2.5,3.0,0.8,7200,0.4,22,77.3,0.26,0.3,1.02,0.012,7.51
3.0,1.0,2.5,4.5,0.4,7200,0.4,22,77.3,0.26,0.3,1.02,0.012,7.51
3.0,1.0,2.5,4.5,0.6,7200,0.4,22,77.3,0.26,0.3,1.02,0.012,7.51
3.0,1.0,2.5,4.5,0.8,7200,0.4,22,77.3,0.26,0.3,1.02,0.012,7.51
5.0,1.5,2.5,3.0,0.8,2400,0.8,64,62.5,0.79,0.66,1.09,0.012,5.0
5.0,1.5,2.5,4.5,0.8,2400,0.8,64,62.5,0.79,0.66,1.09,0.012,5.0
3.0,1.5,2.5,3.0,0.4,1200,0.4,69,55.1,0.72,0.88,1.08,0.01,5.77
3.0,1.5,2.5,4.5,0.4,1200,0.4,69,55.1,0.72,0.88,1.08,0.01,5.77
3.0,1.0,1.5,3.0,0.4,1200,0.4,69,55.1,0.54,0.87,1.06,0.008,5.77
3.0,1.0,1.5,3.0,0.6,1200,0.4,69,55.1,0.54,0.87,1.06,0.008,5.77
3.0,1.0,1.5,3.0,0.8,1200,0.4,69,55.1,0.54,0.87,1.06,0.008,5.77
3.0,1.0,1.5,4.5,0.4,1200,0.4,69,55.1,0.54,0.87,1.06,0.008,5.77
3.0,1.0,1.5,4.5,0.6,1200,0.4,69,55.1,0.54,0.87,1.06,0.008,5.77
3.0,1.0,1.5,4.5,0.8,1200,0.4,69,55.1,0.54,0.87,1.06,0.008,5.77
3.0,1.0,2.5,3.0,0.4,1200,0.4,69,55.1,0.54,0.87,1.06,0.008,5.77
3.0,1.0,2.5,3.0,0.6,1200,0.4,69,55.1,0.54,0.87,1.06,0.008,5.77
3.0,1.0,2.5,3.0,0.8,1200,0.4,69,55.1,0.54,0.87,1.06,0.008,5.77
3.0,1.0,2.5,4.5,0.4,1200,0.4,69,55.1,0.54,0.87,1.06,0.008,5.77
3.0,1.0,2.5,4.5,0.6,1200,0.4,69,55.1,0.54,0.87,1.06,0.008,5.77
3.0,1.0,2.5,4.5,0.8,1200,0.4,69,55.1,0.54,0.87,1.06,0.008,5.77
3.0,1.5,2.5,3.0,0.4,7200,0.8,48,64.6,0.4,0.56,1.03,0.008,8.24
3.0,1.5,2.5,3.0,0.8,2400,0.8,71,62.0,0.55,0.65,1.06,0.008,5.89
3.0,1.5,2.5,4.5,0.4,7200,0.8,48,64.6,0.4,0.56,1.03,0.008,8.24
3.0,1.5,2.5,4.5,0.8,2400,0.8,71,62.0,0.55,0.65,1.06,0.008,5.89
2.0,0.7,1.5,3.0,0.4,7200,0.4,34,73.5,0.23,0.37,1.02,0.007,8.12
2.0,0.7,1.5,3.0,0.6,7200,0.4,34,73.5,0.23,0.37,1.02,0.007,8.12
2.0,0.7,1.5,3.0,0.8,7200,0.4,34,73.5,0.23,0.37,1.02,0.007,8.12
2.0,0.7,1.5,4.5,0.4,7200,0.4,34,73.5,0.23,0.37,1.02,0.007,8.12
2.0,0.7,1.5,4.5,0.6,7200,0.4,34,73.5,0.23,0.37,1.02,0.007,8.12
2.0,0.7,1.5,4.5,0.8,7200,0.4,34,73.5,0.23,0.37,1.02,0.007,8.12
5.0,1.5,2.5,3.0,0.6,7200,0.4,15,80.0,0.1,0.25,1.01,0.007,6.75
5.0,1.5,2.5,4.5,0.6,7200,0.4,15,80.0,0.1,0.25,1.01,0.007,6.75
3.0,1.5,2.5,3.0,0.6,1200,0.4,67,53.7,0.36,0.9,1.04,0.005,5.77
3.0,1.5,2.5,3.0,0.8,3600,0.2,20,75.0,0.1,0.34,1.01,0.005,6.46
3.0,1.5,2.5,3.0,0.8,7200,0.2,20,75.0,0.1,0.34,1.01,0.005,6.46
3.0,1.5,2.5,3.0,0.8,14400,0.2,20,75.0,0.1,0.34,1.01,0.005,6.46
3.0,1.5,2.5,3.0,0.8,14400,0.4,20,75.0,0.1,0.34,1.01,0.005,6.46
3.0,1.5,2.5,3.0,0.8,,0.4,20,75.0,0.1,0.34,1.01,0.005,6.46
3.0,1.5,2.5,4.5,0.6,1200,0.4,67,53.7,0.36,0.9,1.04,0.005,5.77
3.0,1.5,2.5,4.5,0.8,3600,0.2,20,75.0,0.1,0.34,1.01,0.005,6.46
3.0,1.5,2.5,4.5,0.8,7200,0.2,20,75.0,0.1,0.34,1.01,0.005,6.46
3.0,1.5,2.5,4.5,0.8,14400,0.2,20,75.0,0.1,0.34,1.01,0.005,6.46
3.0,1.5,2.5,4.5,0.8,14400,0.4,20,75.0,0.1,0.34,1.01,0.005,6.46
3.0,1.5,2.5,4.5,0.8,,0.4,20,75.0,0.1,0.34,1.01,0.005,6.46
3.0,0.7,1.5,3.0,0.4,2400,0.2,26,76.9,0.11,0.3,1.01,0.004,6.0
3.0,0.7,1.5,3.0,0.6,2400,0.2,26,76.9,0.11,0.3,1.01,0.004,6.0
3.0,0.7,1.5,3.0,0.8,2400,0.2,26,76.9,0.11,0.3,1.01,0.004,6.0
3.0,0.7,1.5,4.5,0.4,2400,0.2,26,76.9,0.11,0.3,1.01,0.004,6.0
3.0,0.7,1.5,4.5,0.6,2400,0.2,26,76.9,0.11,0.3,1.01,0.004,6.0
3.0,0.7,1.5,4.5,0.8,2400,0.2,26,76.9,0.11,0.3,1.01,0.004,6.0
4.0,0.7,1.5,3.0,0.4,7200,0.8,41,68.3,0.17,0.47,1.02,0.004,4.68
4.0,0.7,1.5,3.0,0.6,7200,0.8,41,68.3,0.17,0.47,1.02,0.004,4.68
4.0,0.7,1.5,3.0,0.8,7200,0.8,41,68.3,0.17,0.47,1.02,0.004,4.68
4.0,0.7,1.5,4.5,0.4,7200,0.8,41,68.3,0.17,0.47,1.02,0.004,4.68
4.0,0.7,1.5,4.5,0.6,7200,0.8,41,68.3,0.17,0.47,1.02,0.004,4.68
4.0,0.7,1.5,4.5,0.8,7200,0.8,41,68.3,0.17,0.47,1.02,0.004,4.68
4.0,0.7,2.5,3.0,0.4,7200,0.8,41,68.3,0.17,0.47,1.02,0.004,4.68
4.0,0.7,2.5,3.0,0.6,7200,0.8,41,68.3,0.17,0.47,1.02,0.004,4.68
4.0,0.7,2.5,3.0,0.8,7200,0.8,41,68.3,0.17,0.47,1.02,0.004,4.68
4.0,0.7,2.5,4.5,0.4,7200,0.8,41,68.3,0.17,0.47,1.02,0.004,4.68
4.0,0.7,2.5,4.5,0.6,7200,0.8,41,68.3,0.17,0.47,1.02,0.004,4.68
4.0,0.7,2.5,4.5,0.8,7200,0.8,41,68.3,0.17,0.47,1.02,0.004,4.68
3.0,0.7,1.5,3.0,0.4,3600,0.2,22,81.8,0.06,0.22,1.01,0.003,6.0
3.0,0.7,1.5,3.0,0.4,7200,0.2,22,81.8,0.06,0.22,1.01,0.003,6.0
3.0,0.7,1.5,3.0,0.4,14400,0.2,22,81.8,0.06,0.22,1.01,0.003,6.0
3.0,0.7,1.5,3.0,0.4,,0.4,22,81.8,0.06,0.22,1.01,0.003,6.0
3.0,0.7,1.5,3.0,0.6,3600,0.2,22,81.8,0.06,0.22,1.01,0.003,6.0
3.0,0.7,1.5,3.0,0.6,7200,0.2,22,81.8,0.06,0.22,1.01,0.003,6.0
3.0,0.7,1.5,3.0,0.6,14400,0.2,22,81.8,0.06,0.22,1.01,0.003,6.0
3.0,0.7,1.5,3.0,0.6,,0.4,22,81.8,0.06,0.22,1.01,0.003,6.0
3.0,0.7,1.5,3.0,0.8,3600,0.2,22,81.8,0.06,0.22,1.01,0.003,6.0
3.0,0.7,1.5,3.0,0.8,7200,0.2,22,81.8,0.06,0.22,1.01,0.003,6.0
3.0,0.7,1.5,3.0,0.8,14400,0.2,22,81.8,0.06,0.22,1.01,0.003,6.0
3.0,0.7,1.5,3.0,0.8,,0.4,22,81.8,0.06,0.22,1.01,0.003,6.0
3.0,0.7,1.5,4.5,0.4,3600,0.2,22,81.8,0.06,0.22,1.01,0.003,6.0
3.0,0.7,1.5,4.5,0.4,7200,0.2,22,81.8,0.06,0.22,1.01,0.003,6.0
3.0,0.7,1.5,4.5,0.4,14400,0.2,22,81.8,0.06,0.22,1.01,0.003,6.0
3.0,0.7,1.5,4.5,0.4,,0.4,22,81.8,0.06,0.22,1.01,0.003,6.0
3.0,0.7,1.5,4.5,0.6,3600,0.2,22,81.8,0.06,0.22,1.01,0.003,6.0
3.0,0.7,1.5,4.5,0.6,7200,0.2,22,81.8,0.06,0.22,1.01,0.003,6.0
3.0,0.7,1.5,4.5,0.6,14400,0.2,22,81.8,0.06,0.22,1.01,0.003,6.0
3.0,0.7,1.5,4.5,0.6,,0.4,22,81.8,0.06,0.22,1.01,0.003,6.0
3.0,0.7,1.5,4.5,0.8,3600,0.2,22,81.8,0.06,0.22,1.01,0.003,6.0
3.0,0.7,1.5,4.5,0.8,7200,0.2,22,81.8,0.06,0.22,1.01,0.003,6.0
3.0,0.7,1.5,4.5,0.8,14400,0.2,22,81.8,0.06,0.22,1.01,0.003,6.0
3.0,0.7,1.5,4.5,0.8,,0.4,22,81.8,0.06,0.22,1.01,0.003,6.0
2.0,1.0,1.5,3.0,0.4,14400,0.4,26,69.2,0.04,0.45,1.0,0.002,8.2
2.0,1.0,1.5,3.0,0.6,14400,0.4,26,69.2,0.04,0.45,1.0,0.002,8.2
2.0,1.0,1.5,3.0,0.8,14400,0.4,26,69.2,0.04,0.45,1.0,0.002,8.2
2.0,1.0,1.5,4.5,0.4,14400,0.4,26,69.2,0.04,0.45,1.0,0.002,8.2
2.0,1.0,1.5,4.5,0.6,14400,0.4,26,69.2,0.04,0.45,1.0,0.002,8.2
2.0,1.0,1.5,4.5,0.8,14400,0.4,26,69.2,0.04,0.45,1.0,0.002,8.2
4.0,0.7,1.5,3.0,0.4,2400,0.2,24,79.2,0.04,0.26,1.0,0.002,5.68
4.0,0.7,1.5,3.0,0.6,2400,0.2,24,79.2,0.04,0.26,1.0,0.002,5.68
4.0,0.7,1.5,3.0,0.8,2400,0.2,24,79.2,0.04,0.26,1.0,0.002,5.68
4.0,0.7,1.5,4.5,0.4,2400,0.2,24,79.2,0.04,0.26,1.0,0.002,5.68
4.0,0.7,1.5,4.5,0.6,2400,0.2,24,79.2,0.04,0.26,1.0,0.002,5.68
4.0,0.7,1.5,4.5,0.8,2400,0.2,24,79.2,0.04,0.26,1.0,0.002,5.68
2.0,0.7,1.5,3.0,0.4,2400,0.2,32,71.9,-0.0,0.39,1.0,-0.0,6.33
2.0,0.7,1.5,3.0,0.6,2400,0.2,32,71.9,-0.0,0.39,1.0,-0.0,6.33
2.0,0.7,1.5,3.0,0.8,2400,0.2,32,71.9,-0.0,0.39,1.0,-0.0,6.33
2.0,0.7,1.5,4.5,0.4,2400,0.2,32,71.9,-0.0,0.39,1.0,-0.0,6.33
2.0,0.7,1.5,4.5,0.6,2400,0.2,32,71.9,-0.0,0.39,1.0,-0.0,6.33
2.0,0.7,1.5,4.5,0.8,2400,0.2,32,71.9,-0.0,0.39,1.0,-0.0,6.33
4.0,1.5,2.5,3.0,0.6,7200,0.8,38,63.2,-0.03,0.58,1.0,-0.001,5.82
4.0,1.5,2.5,4.5,0.6,7200,0.8,38,63.2,-0.03,0.58,1.0,-0.001,5.82
3.0,1.5,2.5,3.0,0.4,1200,0.2,25,68.0,-0.05,0.47,1.0,-0.002,7.47
3.0,1.5,2.5,4.5,0.4,1200,0.2,25,68.0,-0.05,0.47,1.0,-0.002,7.47
3.0,1.5,2.5,3.0,0.8,1200,0.4,67,53.7,-0.24,0.84,0.97,-0.004,5.77
3.0,1.5,2.5,4.5,0.8,1200,0.4,67,53.7,-0.24,0.84,0.97,-0.004,5.77
2.0,0.7,1.5,3.0,0.4,14400,0.8,47,68.1,-0.23,0.46,0.99,-0.005,6.0
2.0,0.7,1.5,3.0,0.6,14400,0.8,47,68.1,-0.23,0.46,0.99,-0.005,6.0
2.0,0.7,1.5,3.0,0.8,14400,0.8,47,68.1,-0.23,0.46,0.99,-0.005,6.0
2.0,0.7,1.5,4.5,0.4,14400,0.8,47,68.1,-0.23,0.46,0.99,-0.005,6.0
2.0,0.7,1.5,4.5,0.6,14400,0.8,47,68.1,-0.23,0.46,0.99,-0.005,6.0
2.0,0.7,1.5,4.5,0.8,14400,0.8,47,68.1,-0.23,0.46,0.99,-0.005,6.0
3.0,1.5,2.5,3.0,0.6,7200,0.8,48,64.6,-0.28,0.54,0.98,-0.006,8.32
3.0,1.5,2.5,4.5,0.6,7200,0.8,48,64.6,-0.28,0.54,0.98,-0.006,8.32
4.0,1.0,1.5,3.0,0.4,7200,0.8,38,63.2,-0.22,0.57,0.98,-0.006,5.87
4.0,1.0,1.5,3.0,0.6,7200,0.8,38,63.2,-0.22,0.57,0.98,-0.006,5.87
4.0,1.0,1.5,3.0,0.8,7200,0.8,38,63.2,-0.22,0.57,0.98,-0.006,5.87
4.0,1.0,1.5,4.5,0.4,7200,0.8,38,63.2,-0.22,0.57,0.98,-0.006,5.87
4.0,1.0,1.5,4.5,0.6,7200,0.8,38,63.2,-0.22,0.57,0.98,-0.006,5.87
4.0,1.0,1.5,4.5,0.8,7200,0.8,38,63.2,-0.22,0.57,0.98,-0.006,5.87
4.0,1.0,2.5,3.0,0.4,7200,0.8,38,63.2,-0.22,0.57,0.98,-0.006,5.87
4.0,1.0,2.5,3.0,0.6,7200,0.8,38,63.2,-0.22,0.57,0.98,-0.006,5.87
4.0,1.0,2.5,3.0,0.8,7200,0.8,38,63.2,-0.22,0.57,0.98,-0.006,5.87
4.0,1.0,2.5,4.5,0.4,7200,0.8,38,63.2,-0.22,0.57,0.98,-0.006,5.87
4.0,1.0,2.5,4.5,0.6,7200,0.8,38,63.2,-0.22,0.57,0.98,-0.006,5.87
4.0,1.0,2.5,4.5,0.8,7200,0.8,38,63.2,-0.22,0.57,0.98,-0.006,5.87
4.0,1.0,2.5,3.0,0.4,1200,0.2,21,71.4,-0.17,0.39,0.99,-0.008,6.54
4.0,1.0,2.5,3.0,0.6,1200,0.2,21,71.4,-0.17,0.39,0.99,-0.008,6.54
4.0,1.0,2.5,3.0,0.8,1200,0.2,21,71.4,-0.17,0.39,0.99,-0.008,6.54
4.0,1.0,2.5,4.5,0.4,1200,0.2,21,71.4,-0.17,0.39,0.99,-0.008,6.54
4.0,1.0,2.5,4.5,0.6,1200,0.2,21,71.4,-0.17,0.39,0.99,-0.008,6.54
4.0,1.0,2.5,4.5,0.8,1200,0.2,21,71.4,-0.17,0.39,0.99,-0.008,6.54
2.0,1.0,1.5,3.0,0.4,3600,0.2,25,68.0,-0.25,0.46,0.98,-0.01,8.2
2.0,1.0,1.5,3.0,0.4,7200,0.2,25,68.0,-0.25,0.46,0.98,-0.01,8.2
2.0,1.0,1.5,3.0,0.4,14400,0.2,25,68.0,-0.25,0.46,0.98,-0.01,8.2
2.0,1.0,1.5,3.0,0.4,,0.4,25,68.0,-0.25,0.46,0.98,-0.01,8.2
2.0,1.0,1.5,3.0,0.6,3600,0.2,25,68.0,-0.25,0.46,0.98,-0.01,8.2
2.0,1.0,1.5,3.0,0.6,7200,0.2,25,68.0,-0.25,0.46,0.98,-0.01,8.2
2.0,1.0,1.5,3.0,0.6,14400,0.2,25,68.0,-0.25,0.46,0.98,-0.01,8.2
2.0,1.0,1.5,3.0,0.6,,0.4,25,68.0,-0.25,0.46,0.98,-0.01,8.2
2.0,1.0,1.5,3.0,0.8,3600,0.2,25,68.0,-0.25,0.46,0.98,-0.01,8.2
2.0,1.0,1.5,3.0,0.8,7200,0.2,25,68.0,-0.25,0.46,0.98,-0.01,8.2
2.0,1.0,1.5,3.0,0.8,14400,0.2,25,68.0,-0.25,0.46,0.98,-0.01,8.2
2.0,1.0,1.5,3.0,0.8,,0.4,25,68.0,-0.25,0.46,0.98,-0.01,8.2
2.0,1.0,1.5,4.5,0.4,3600,0.2,25,68.0,-0.25,0.46,0.98,-0.01,8.2
2.0,1.0,1.5,4.5,0.4,7200,0.2,25,68.0,-0.25,0.46,0.98,-0.01,8.2
2.0,1.0,1.5,4.5,0.4,14400,0.2,25,68.0,-0.25,0.46,0.98,-0.01,8.2
2.0,1.0,1.5,4.5,0.4,,0.4,25,68.0,-0.25,0.46,0.98,-0.01,8.2
2.0,1.0,1.5,4.5,0.6,3600,0.2,25,68.0,-0.25,0.46,0.98,-0.01,8.2
2.0,1.0,1.5,4.5,0.6,7200,0.2,25,68.0,-0.25,0.46,0.98,-0.01,8.2
2.0,1.0,1.5,4.5,0.6,14400,0.2,25,68.0,-0.25,0.46,0.98,-0.01,8.2
2.0,1.0,1.5,4.5,0.6,,0.4,25,68.0,-0.25,0.46,0.98,-0.01,8.2
2.0,1.0,1.5,4.5,0.8,3600,0.2,25,68.0,-0.25,0.46,0.98,-0.01,8.2
2.0,1.0,1.5,4.5,0.8,7200,0.2,25,68.0,-0.25,0.46,0.98,-0.01,8.2
2.0,1.0,1.5,4.5,0.8,14400,0.2,25,68.0,-0.25,0.46,0.98,-0.01,8.2
2.0,1.0,1.5,4.5,0.8,,0.4,25,68.0,-0.25,0.46,0.98,-0.01,8.2
5.0,1.5,2.5,3.0,0.6,14400,0.4,13,76.9,-0.14,0.3,0.99,-0.011,6.87
5.0,1.5,2.5,4.5,0.6,14400,0.4,13,76.9,-0.14,0.3,0.99,-0.011,6.87
3.0,1.5,2.5,3.0,0.8,7200,0.8,46,63.0,-0.54,0.56,0.96,-0.012,8.52
3.0,1.5,2.5,4.5,0.8,7200,0.8,46,63.0,-0.54,0.56,0.96,-0.012,8.52
4.0,1.0,1.5,3.0,0.4,2400,0.2,17,82.4,-0.21,0.21,0.98,-0.012,6.11
4.0,1.0,1.5,3.0,0.6,2400,0.2,17,82.4,-0.21,0.21,0.98,-0.012,6.11
4.0,1.0,1.5,3.0,0.8,2400,0.2,17,82.4,-0.21,0.21,0.98,-0.012,6.11
4.0,1.0,1.5,4.5,0.4,2400,0.2,17,82.4,-0.21,0.21,0.98,-0.012,6.11
4.0,1.0,1.5,4.5,0.6,2400,0.2,17,82.4,-0.21,0.21,0.98,-0.012,6.11
4.0,1.0,1.5,4.5,0.8,2400,0.2,17,82.4,-0.21,0.21,0.98,-0.012,6.11
3.0,0.7,1.5,3.0,0.4,14400,0.4,22,81.8,-0.28,0.22,0.98,-0.013,6.0
3.0,0.7,1.5,3.0,0.6,14400,0.4,22,81.8,-0.28,0.22,0.98,-0.013,6.0
3.0,0.7,1.5,3.0,0.8,14400,0.4,22,81.8,-0.28,0.22,0.98,-0.013,6.0
3.0,0.7,1.5,4.5,0.4,14400,0.4,22,81.8,-0.28,0.22,0.98,-0.013,6.0
3.0,0.7,1.5,4.5,0.6,14400,0.4,22,81.8,-0.28,0.22,0.98,-0.013,6.0
3.0,0.7,1.5,4.5,0.8,14400,0.4,22,81.8,-0.28,0.22,0.98,-0.013,6.0
2.0,0.7,2.5,3.0,0.4,7200,0.4,34,73.5,-0.49,0.35,0.97,-0.014,8.12
2.0,0.7,2.5,3.0,0.6,7200,0.4,34,73.5,-0.49,0.35,0.97,-0.014,8.12
2.0,0.7,2.5,3.0,0.8,7200,0.4,34,73.5,-0.49,0.35,0.97,-0.014,8.12
2.0,0.7,2.5,4.5,0.4,7200,0.4,34,73.5,-0.49,0.35,0.97,-0.014,8.12
2.0,0.7,2.5,4.5,0.6,7200,0.4,34,73.5,-0.49,0.35,0.97,-0.014,8.12
2.0,0.7,2.5,4.5,0.8,7200,0.4,34,73.5,-0.49,0.35,0.97,-0.014,8.12
2.0,1.0,2.5,3.0,0.4,14400,0.4,26,69.2,-0.41,0.43,0.97,-0.016,8.2
2.0,1.0,2.5,3.0,0.6,14400,0.4,26,69.2,-0.41,0.43,0.97,-0.016,8.2
2.0,1.0,2.5,3.0,0.8,14400,0.4,26,69.2,-0.41,0.43,0.97,-0.016,8.2
2.0,1.0,2.5,4.5,0.4,14400,0.4,26,69.2,-0.41,0.43,0.97,-0.016,8.2
2.0,1.0,2.5,4.5,0.6,14400,0.4,26,69.2,-0.41,0.43,0.97,-0.016,8.2
2.0,1.0,2.5,4.5,0.8,14400,0.4,26,69.2,-0.41,0.43,0.97,-0.016,8.2
3.0,1.0,1.5,3.0,0.4,7200,0.8,48,64.6,-0.91,0.51,0.94,-0.019,8.97
3.0,1.0,1.5,3.0,0.6,7200,0.8,48,64.6,-0.91,0.51,0.94,-0.019,8.97
3.0,1.0,1.5,3.0,0.8,7200,0.8,48,64.6,-0.91,0.51,0.94,-0.019,8.97
3.0,1.0,1.5,4.5,0.4,7200,0.8,48,64.6,-0.91,0.51,0.94,-0.019,8.97
3.0,1.0,1.5,4.5,0.6,7200,0.8,48,64.6,-0.91,0.51,0.94,-0.019,8.97
3.0,1.0,1.5,4.5,0.8,7200,0.8,48,64.6,-0.91,0.51,0.94,-0.019,8.97
5.0,1.5,2.5,3.0,0.4,7200,0.4,15,80.0,-0.29,0.24,0.97,-0.019,7.03
5.0,1.5,2.5,4.5,0.4,7200,0.4,15,80.0,-0.29,0.24,0.97,-0.019,7.03
2.0,0.7,2.5,3.0,0.4,14400,0.8,47,68.1,-0.95,0.44,0.94,-0.02,6.0
2.0,0.7,2.5,3.0,0.6,14400,0.8,47,68.1,-0.95,0.44,0.94,-0.02,6.0
2.0,0.7,2.5,3.0,0.8,14400,0.8,47,68.1,-0.95,0.44,0.94,-0.02,6.0
2.0,0.7,2.5,4.5,0.4,14400,0.8,47,68.1,-0.95,0.44,0.94,-0.02,6.0
2.0,0.7,2.5,4.5,0.6,14400,0.8,47,68.1,-0.95,0.44,0.94,-0.02,6.0
2.0,0.7,2.5,4.5,0.8,14400,0.8,47,68.1,-0.95,0.44,0.94,-0.02,6.0
5.0,0.7,1.5,3.0,0.4,7200,0.4,20,85.0,-0.42,0.17,0.96,-0.021,6.22
5.0,0.7,1.5,3.0,0.6,7200,0.4,20,85.0,-0.42,0.17,0.96,-0.021,6.22
5.0,0.7,1.5,3.0,0.8,7200,0.4,20,85.0,-0.42,0.17,0.96,-0.021,6.22
5.0,0.7,1.5,4.5,0.4,7200,0.4,20,85.0,-0.42,0.17,0.96,-0.021,6.22
5.0,0.7,1.5,4.5,0.6,7200,0.4,20,85.0,-0.42,0.17,0.96,-0.021,6.22
5.0,0.7,1.5,4.5,0.8,7200,0.4,20,85.0,-0.42,0.17,0.96,-0.021,6.22
5.0,0.7,2.5,3.0,0.4,7200,0.4,20,85.0,-0.42,0.17,0.96,-0.021,6.22
5.0,0.7,2.5,3.0,0.6,7200,0.4,20,85.0,-0.42,0.17,0.96,-0.021,6.22
5.0,0.7,2.5,3.0,0.8,7200,0.4,20,85.0,-0.42,0.17,0.96,-0.021,6.22
5.0,0.7,2.5,4.5,0.4,7200,0.4,20,85.0,-0.42,0.17,0.96,-0.021,6.22
5.0,0.7,2.5,4.5,0.6,7200,0.4,20,85.0,-0.42,0.17,0.96,-0.021,6.22
5.0,0.7,2.5,4.5,0.8,7200,0.4,20,85.0,-0.42,0.17,0.96,-0.021,6.22
2.0,0.7,2.5,3.0,0.4,2400,0.2,32,71.9,-0.72,0.37,0.95,-0.022,6.44
2.0,0.7,2.5,3.0,0.6,2400,0.2,32,71.9,-0.72,0.37,0.95,-0.022,6.44
2.0,0.7,2.5,3.0,0.8,2400,0.2,32,71.9,-0.72,0.37,0.95,-0.022,6.44
2.0,0.7,2.5,4.5,0.4,2400,0.2,32,71.9,-0.72,0.37,0.95,-0.022,6.44
2.0,0.7,2.5,4.5,0.6,2400,0.2,32,71.9,-0.72,0.37,0.95,-0.022,6.44
2.0,0.7,2.5,4.5,0.8,2400,0.2,32,71.9,-0.72,0.37,0.95,-0.022,6.44
2.0,0.7,1.5,3.0,0.4,1200,0.2,34,67.6,-0.77,0.45,0.95,-0.023,6.21
2.0,0.7,1.5,3.0,0.6,1200,0.2,34,67.6,-0.77,0.45,0.95,-0.023,6.21
2.0,0.7,1.5,3.0,0.8,1200,0.2,34,67.6,-0.77,0.45,0.95,-0.023,6.21
2.0,0.7,1.5,4.5,0.4,1200,0.2,34,67.6,-0.77,0.45,0.95,-0.023,6.21
2.0,0.7,1.5,4.5,0.6,1200,0.2,34,67.6,-0.77,0.45,0.95,-0.023,6.21
2.0,0.7,1.5,4.5,0.8,1200,0.2,34,67.6,-0.77,0.45,0.95,-0.023,6.21
3.0,0.7,2.5,3.0,0.4,2400,0.2,26,76.9,-0.61,0.28,0.95,-0.023,6.33
3.0,0.7,2.5,3.0,0.6,2400,0.2,26,76.9,-0.61,0.28,0.95,-0.023,6.33
3.0,0.7,2.5,3.0,0.8,2400,0.2,26,76.9,-0.61,0.28,0.95,-0.023,6.33
3.0,0.7,2.5,4.5,0.4,2400,0.2,26,76.9,-0.61,0.28,0.95,-0.023,6.33
3.0,0.7,2.5,4.5,0.6,2400,0.2,26,76.9,-0.61,0.28,0.95,-0.023,6.33
3.0,0.7,2.5,4.5,0.8,2400,0.2,26,76.9,-0.61,0.28,0.95,-0.023,6.33
3.0,0.7,1.5,3.0,0.4,1200,0.2,28,71.4,-0.66,0.38,0.95,-0.024,6.0
3.0,0.7,1.5,3.0,0.6,1200,0.2,28,71.4,-0.66,0.38,0.95,-0.024,6.0
3.0,0.7,1.5,3.0,0.8,1200,0.2,28,71.4,-0.66,0.38,0.95,-0.024,6.0
3.0,0.7,1.5,4.5,0.4,1200,0.2,28,71.4,-0.66,0.38,0.95,-0.024,6.0
3.0,0.7,1.5,4.5,0.6,1200,0.2,28,71.4,-0.66,0.38,0.95,-0.024,6.0
3.0,0.7,1.5,4.5,0.8,1200,0.2,28,71.4,-0.66,0.38,0.95,-0.024,6.0
4.0,1.5,2.5,3.0,0.8,7200,0.8,36,61.1,-0.9,0.58,0.91,-0.025,6.02
4.0,1.5,2.5,4.5,0.8,7200,0.8,36,61.1,-0.9,0.58,0.91,-0.025,6.02
2.0,1.0,2.5,3.0,0.4,3600,0.2,25,68.0,-0.7,0.45,0.96,-0.028,8.2
2.0,1.0,2.5,3.0,0.4,7200,0.2,25,68.0,-0.7,0.45,0.96,-0.028,8.2
2.0,1.0,2.5,3.0,0.4,14400,0.2,25,68.0,-0.7,0.45,0.96,-0.028,8.2
2.0,1.0,2.5,3.0,0.4,,0.4,25,68.0,-0.7,0.45,0.96,-0.028,8.2
2.0,1.0,2.5,3.0,0.6,3600,0.2,25,68.0,-0.7,0.45,0.96,-0.028,8.2
2.0,1.0,2.5,3.0,0.6,7200,0.2,25,68.0,-0.7,0.45,0.96,-0.028,8.2
2.0,1.0,2.5,3.0,0.6,14400,0.2,25,68.0,-0.7,0.45,0.96,-0.028,8.2
2.0,1.0,2.5,3.0,0.6,,0.4,25,68.0,-0.7,0.45,0.96,-0.028,8.2
2.0,1.0,2.5,3.0,0.8,3600,0.2,25,68.0,-0.7,0.45,0.96,-0.028,8.2
2.0,1.0,2.5,3.0,0.8,7200,0.2,25,68.0,-0.7,0.45,0.96,-0.028,8.2
2.0,1.0,2.5,3.0,0.8,14400,0.2,25,68.0,-0.7,0.45,0.96,-0.028,8.2
2.0,1.0,2.5,3.0,0.8,,0.4,25,68.0,-0.7,0.45,0.96,-0.028,8.2
2.0,1.0,2.5,4.5,0.4,3600,0.2,25,68.0,-0.7,0.45,0.96,-0.028,8.2
2.0,1.0,2.5,4.5,0.4,7200,0.2,25,68.0,-0.7,0.45,0.96,-0.028,8.2
2.0,1.0,2.5,4.5,0.4,14400,0.2,25,68.0,-0.7,0.45,0.96,-0.028,8.2
2.0,1.0,2.5,4.5,0.4,,0.4,25,68.0,-0.7,0.45,0.96,-0.028,8.2
2.0,1.0,2.5,4.5,0.6,3600,0.2,25,68.0,-0.7,0.45,0.96,-0.028,8.2
2.0,1.0,2.5,4.5,0.6,7200,0.2,25,68.0,-0.7,0.45,0.96,-0.028,8.2
2.0,1.0,2.5,4.5,0.6,14400,0.2,25,68.0,-0.7,0.45,0.96,-0.028,8.2
2.0,1.0,2.5,4.5,0.6,,0.4,25,68.0,-0.7,0.45,0.96,-0.028,8.2
2.0,1.0,2.5,4.5,0.8,3600,0.2,25,68.0,-0.7,0.45,0.96,-0.028,8.2
2.0,1.0,2.5,4.5,0.8,7200,0.2,25,68.0,-0.7,0.45,0.96,-0.028,8.2
2.0,1.0,2.5,4.5,0.8,14400,0.2,25,68.0,-0.7,0.45,0.96,-0.028,8.2
2.0,1.0,2.5,4.5,0.8,,0.4,25,68.0,-0.7,0.45,0.96,-0.028,8.2
3.0,1.0,2.5,3.0,0.4,7200,0.8,48,64.6,-1.36,0.5,0.9,-0.028,8.97
3.0,1.0,2.5,3.0,0.6,7200,0.8,48,64.6,-1.36,0.5,0.9,-0.028,8.97
3.0,1.0,2.5,3.0,0.8,7200,0.8,48,64.6,-1.36,0.5,0.9,-0.028,8.97
3.0,1.0,2.5,4.5,0.4,7200,0.8,48,64.6,-1.36,0.5,0.9,-0.028,8.97
3.0,1.0,2.5,4.5,0.6,7200,0.8,48,64.6,-1.36,0.5,0.9,-0.028,8.97
3.0,1.0,2.5,4.5,0.8,7200,0.8,48,64.6,-1.36,0.5,0.9,-0.028,8.97
4.0,0.7,1.5,3.0,0.4,1200,0.2,26,73.1,-0.74,0.35,0.94,-0.028,5.57
4.0,0.7,1.5,3.0,0.6,1200,0.2,26,73.1,-0.74,0.35,0.94,-0.028,5.57
4.0,0.7,1.5,3.0,0.8,1200,0.2,26,73.1,-0.74,0.35,0.94,-0.028,5.57
4.0,0.7,1.5,4.5,0.4,1200,0.2,26,73.1,-0.74,0.35,0.94,-0.028,5.57
4.0,0.7,1.5,4.5,0.6,1200,0.2,26,73.1,-0.74,0.35,0.94,-0.028,5.57
4.0,0.7,1.5,4.5,0.8,1200,0.2,26,73.1,-0.74,0.35,0.94,-0.028,5.57
4.0,0.7,2.5,3.0,0.4,2400,0.2,24,79.2,-0.68,0.25,0.94,-0.028,6.4
4.0,0.7,2.5,3.0,0.6,2400,0.2,24,79.2,-0.68,0.25,0.94,-0.028,6.4
4.0,0.7,2.5,3.0,0.8,2400,0.2,24,79.2,-0.68,0.25,0.94,-0.028,6.4
4.0,0.7,2.5,4.5,0.4,2400,0.2,24,79.2,-0.68,0.25,0.94,-0.028,6.4
4.0,0.7,2.5,4.5,0.6,2400,0.2,24,79.2,-0.68,0.25,0.94,-0.028,6.4
4.0,0.7,2.5,4.5,0.8,2400,0.2,24,79.2,-0.68,0.25,0.94,-0.028,6.4
3.0,0.7,2.5,3.0,0.4,3600,0.2,22,81.8,-0.66,0.21,0.95,-0.03,6.0
3.0,0.7,2.5,3.0,0.4,7200,0.2,22,81.8,-0.66,0.21,0.95,-0.03,6.0
3.0,0.7,2.5,3.0,0.4,14400,0.2,22,81.8,-0.66,0.21,0.95,-0.03,6.0
3.0,0.7,2.5,3.0,0.4,,0.4,22,81.8,-0.66,0.21,0.95,-0.03,6.0
3.0,0.7,2.5,3.0,0.6,3600,0.2,22,81.8,-0.66,0.21,0.95,-0.03,6.0
3.0,0.7,2.5,3.0,0.6,7200,0.2,22,81.8,-0.66,0.21,0.95,-0.03,6.0
3.0,0.7,2.5,3.0,0.6,14400,0.2,22,81.8,-0.66,0.21,0.95,-0.03,6.0
3.0,0.7,2.5,3.0,0.6,,0.4,22,81.8,-0.66,0.21,0.95,-0.03,6.0
3.0,0.7,2.5,3.0,0.8,3600,0.2,22,81.8,-0.66,0.21,0.95,-0.03,6.0
3.0,0.7,2.5,3.0,0.8,7200,0.2,22,81.8,-0.66,0.21,0.95,-0.03,6.0
3.0,0.7,2.5,3.0,0.8,14400,0.2,22,81.8,-0.66,0.21,0.95,-0.03,6.0
3.0,0.7,2.5,3.0,0.8,,0.4,22,81.8,-0.66,0.21,0.95,-0.03,6.0
3.0,0.7,2.5,4.5,0.4,3600,0.2,22,81.8,-0.66,0.21,0.95,-0.03,6.0
3.0,0.7,2.5,4.5,0.4,7200,0.2,22,81.8,-0.66,0.21,0.95,-0.03,6.0
3.0,0.7,2.5,4.5,0.4,14400,0.2,22,81.8,-0.66,0.21,0.95,-0.03,6.0
3.0,0.7,2.5,4.5,0.4,,0.4,22,81.8,-0.66,0.21,0.95,-0.03,6.0
3.0,0.7,2.5,4.5,0.6,3600,0.2,22,81.8,-0.66,0.21,0.95,-0.03,6.0
3.0,0.7,2.5,4.5,0.6,7200,0.2,22,81.8,-0.66,0.21,0.95,-0.03,6.0
3.0,0.7,2.5,4.5,0.6,14400,0.2,22,81.8,-0.66,0.21,0.95,-0.03,6.0
3.0,0.7,2.5,4.5,0.6,,0.4,22,81.8,-0.66,0.21,0.95,-0.03,6.0
3.0,0.7,2.5,4.5,0.8,3600,0.2,22,81.8,-0.66,0.21,0.95,-0.03,6.0
3.0,0.7,2.5,4.5,0.8,7200,0.2,22,81.8,-0.66,0.21,0.95,-0.03,6.0
3.0,0.7,2.5,4.5,0.8,14400,0.2,22,81.8,-0.66,0.21,0.95,-0.03,6.0
3.0,0.7,2.5,4.5,0.8,,0.4,22,81.8,-0.66,0.21,0.95,-0.03,6.0
4.0,1.5,2.5,3.0,0.8,14400,0.8,23,69.6,-0.75,0.4,0.92,-0.033,6.18
4.0,1.5,2.5,4.5,0.8,14400,0.8,23,69.6,-0.75,0.4,0.92,-0.033,6.18
3.0,1.0,1.5,3.0,0.4,14400,0.4,21,76.2,-0.76,0.3,0.95,-0.036,6.6
3.0,1.0,1.5,3.0,0.6,14400,0.4,21,76.2,-0.76,0.3,0.95,-0.036,6.6
3.0,1.0,1.5,3.0,0.8,14400,0.4,21,76.2,-0.76,0.3,0.95,-0.036,6.6
3.0,1.0,1.5,4.5,0.4,14400,0.4,21,76.2,-0.76,0.3,0.95,-0.036,6.6
3.0,1.0,1.5,4.5,0.6,14400,0.4,21,76.2,-0.76,0.3,0.95,-0.036,6.6
3.0,1.0,1.5,4.5,0.8,14400,0.4,21,76.2,-0.76,0.3,0.95,-0.036,6.6
3.0,1.5,2.5,3.0,0.6,1200,0.2,25,68.0,-0.91,0.44,0.94,-0.036,7.78
3.0,1.5,2.5,4.5,0.6,1200,0.2,25,68.0,-0.91,0.44,0.94,-0.036,7.78
4.0,1.0,1.5,3.0,0.4,3600,0.2,16,81.2,-0.57,0.22,0.95,-0.036,5.97
4.0,1.0,1.5,3.0,0.6,3600,0.2,16,81.2,-0.57,0.22,0.95,-0.036,5.97
4.0,1.0,1.5,3.0,0.8,3600,0.2,16,81.2,-0.57,0.22,0.95,-0.036,5.97
4.0,1.0,1.5,4.5,0.4,3600,0.2,16,81.2,-0.57,0.22,0.95,-0.036,5.97
4.0,1.0,1.5,4.5,0.6,3600,0.2,16,81.2,-0.57,0.22,0.95,-0.036,5.97
4.0,1.0,1.5,4.5,0.8,3600,0.2,16,81.2,-0.57,0.22,0.95,-0.036,5.97
3.0,1.5,2.5,3.0,0.4,2400,0.2,21,71.4,-0.77,0.38,0.95,-0.037,7.52
3.0,1.5,2.5,4.5,0.4,2400,0.2,21,71.4,-0.77,0.38,0.95,-0.037,7.52
5.0,1.5,2.5,3.0,0.4,7200,0.8,38,63.2,-1.43,0.51,0.88,-0.038,7.62
5.0,1.5,2.5,4.5,0.4,7200,0.8,38,63.2,-1.43,0.51,0.88,-0.038,7.62
3.0,1.5,2.5,3.0,0.8,14400,0.8,34,67.6,-1.39,0.44,0.92,-0.041,6.82
3.0,1.5,2.5,4.5,0.8,14400,0.8,34,67.6,-1.39,0.44,0.92,-0.041,6.82
5.0,1.5,2.5,3.0,0.4,14400,0.4,13,76.9,-0.53,0.28,0.95,-0.041,7.15
5.0,1.5,2.5,4.5,0.4,14400,0.4,13,76.9,-0.53,0.28,0.95,-0.041,7.15
2.0,0.7,2.5,3.0,0.4,1200,0.2,34,67.6,-1.49,0.43,0.9,-0.044,6.32
2.0,0.7,2.5,3.0,0.6,1200,0.2,34,67.6,-1.49,0.43,0.9,-0.044,6.32
2.0,0.7,2.5,3.0,0.8,1200,0.2,34,67.6,-1.49,0.43,0.9,-0.044,6.32
2.0,0.7,2.5,4.5,0.4,1200,0.2,34,67.6,-1.49,0.43,0.9,-0.044,6.32
2.0,0.7,2.5,4.5,0.6,1200,0.2,34,67.6,-1.49,0.43,0.9,-0.044,6.32
2.0,0.7,2.5,4.5,0.8,1200,0.2,34,67.6,-1.49,0.43,0.9,-0.044,6.32
3.0,0.7,2.5,3.0,0.4,14400,0.4,22,81.8,-1.0,0.2,0.92,-0.045,6.0
3.0,0.7,2.5,3.0,0.6,14400,0.4,22,81.8,-1.0,0.2,0.92,-0.045,6.0
3.0,0.7,2.5,3.0,0.8,14400,0.4,22,81.8,-1.0,0.2,0.92,-0.045,6.0
3.0,0.7,2.5,4.5,0.4,14400,0.4,22,81.8,-1.0,0.2,0.92,-0.045,6.0
3.0,0.7,2.5,4.5,0.6,14400,0.4,22,81.8,-1.0,0.2,0.92,-0.045,6.0
3.0,0.7,2.5,4.5,0.8,14400,0.4,22,81.8,-1.0,0.2,0.92,-0.045,6.0
5.0,0.7,1.5,3.0,0.4,7200,0.8,41,68.3,-1.83,0.39,0.84,-0.045,6.68
5.0,0.7,1.5,3.0,0.6,7200,0.8,41,68.3,-1.83,0.39,0.84,-0.045,6.68
5.0,0.7,1.5,3.0,0.8,7200,0.8,41,68.3,-1.83,0.39,0.84,-0.045,6.68
5.0,0.7,1.5,4.5,0.4,7200,0.8,41,68.3,-1.83,0.39,0.84,-0.045,6.68
5.0,0.7,1.5,4.5,0.6,7200,0.8,41,68.3,-1.83,0.39,0.84,-0.045,6.68
5.0,0.7,1.5,4.5,0.8,7200,0.8,41,68.3,-1.83,0.39,0.84,-0.045,6.68
5.0,0.7,2.5,3.0,0.4,7200,0.8,41,68.3,-1.83,0.39,0.84,-0.045,6.68
5.0,0.7,2.5,3.0,0.6,7200,0.8,41,68.3,-1.83,0.39,0.84,-0.045,6.68
5.0,0.7,2.5,3.0,0.8,7200,0.8,41,68.3,-1.83,0.39,0.84,-0.045,6.68
5.0,0.7,2.5,4.5,0.4,7200,0.8,41,68.3,-1.83,0.39,0.84,-0.045,6.68
5.0,0.7,2.5,4.5,0.6,7200,0.8,41,68.3,-1.83,0.39,0.84,-0.045,6.68
5.0,0.7,2.5,4.5,0.8,7200,0.8,41,68.3,-1.83,0.39,0.84,-0.045,6.68
2.0,0.7,1.5,3.0,0.4,3600,0.2,30,73.3,-1.42,0.33,0.91,-0.047,7.48
2.0,0.7,1.5,3.0,0.4,7200,0.2,30,73.3,-1.42,0.33,0.91,-0.047,7.48
2.0,0.7,1.5,3.0,0.4,14400,0.2,30,73.3,-1.42,0.33,0.91,-0.047,7.48
2.0,0.7,1.5,3.0,0.4,,0.4,30,73.3,-1.42,0.33,0.91,-0.047,7.48
2.0,0.7,1.5,3.0,0.6,3600,0.2,30,73.3,-1.42,0.33,0.91,-0.047,7.48
2.0,0.7,1.5,3.0,0.6,7200,0.2,30,73.3,-1.42,0.33,0.91,-0.047,7.48
2.0,0.7,1.5,3.0,0.6,14400,0.2,30,73.3,-1.42,0.33,0.91,-0.047,7.48
2.0,0.7,1.5,3.0,0.6,,0.4,30,73.3,-1.42,0.33,0.91,-0.047,7.48
2.0,0.7,1.5,3.0,0.8,3600,0.2,30,73.3,-1.42,0.33,0.91,-0.047,7.48
2.0,0.7,1.5,3.0,0.8,7200,0.2,30,73.3,-1.42,0.33,0.91,-0.047,7.48
2.0,0.7,1.5,3.0,0.8,14400,0.2,30,73.3,-1.42,0.33,0.91,-0.047,7.48
2.0,0.7,1.5,3.0,0.8,,0.4,30,73.3,-1.42,0.33,0.91,-0.047,7.48
2.0,0.7,1.5,4.5,0.4,3600,0.2,30,73.3,-1.42,0.33,0.91,-0.047,7.48
2.0,0.7,1.5,4.5,0.4,7200,0.2,30,73.3,-1.42,0.33,0.91,-0.047,7.48
2.0,0.7,1.5,4.5,0.4,14400,0.2,30,73.3,-1.42,0.33,0.91,-0.047,7.48
2.0,0.7,1.5,4.5,0.4,,0.4,30,73.3,-1.42,0.33,0.91,-0.047,7.48
2.0,0.7,1.5,4.5,0.6,3600,0.2,30,73.3,-1.42,0.33,0.91,-0.047,7.48
2.0,0.7,1.5,4.5,0.6,7200,0.2,30,73.3,-1.42,0.33,0.91,-0.047,7.48
2.0,0.7,1.5,4.5,0.6,14400,0.2,30,73.3,-1.42,0.33,0.91,-0.047,7.48
2.0,0.7,1.5,4.5,0.6,,0.4,30,73.3,-1.42,0.33,0.91,-0.047,7.48
2.0,0.7,1.5,4.5,0.8,3600,0.2,30,73.3,-1.42,0.33,0.91,-0.047,7.48
2.0,0.7,1.5,4.5,0.8,7200,0.2,30,73.3,-1.42,0.33,0.91,-0.047,7.48
2.0,0.7,1.5,4.5,0.8,14400,0.2,30,73.3,-1.42,0.33,0.91,-0.047,7.48
2.0,0.7,1.5,4.5,0.8,,0.4,30,73.3,-1.42,0.33,0.91,-0.047,7.48
3.0,0.7,2.5,3.0,0.4,1200,0.2,28,71.4,-1.38,0.35,0.89,-0.049,6.21
3.0,0.7,2.5,3.0,0.6,1200,0.2,28,71.4,-1.38,0.35,0.89,-0.049,6.21
3.0,0.7,2.5,3.0,0.8,1200,0.2,28,71.4,-1.38,0.35,0.89,-0.049,6.21
3.0,0.7,2.5,4.5,0.4,1200,0.2,28,71.4,-1.38,0.35,0.89,-0.049,6.21
3.0,0.7,2.5,4.5,0.6,1200,0.2,28,71.4,-1.38,0.35,0.89,-0.049,6.21
3.0,0.7,2.5,4.5,0.8,1200,0.2,28,71.4,-1.38,0.35,0.89,-0.049,6.21
5.0,1.5,2.5,3.0,0.8,7200,0.4,15,73.3,-0.73,0.34,0.93,-0.049,6.95
5.0,1.5,2.5,4.5,0.8,7200,0.4,15,73.3,-0.73,0.34,0.93,-0.049,6.95
4.0,1.0,1.5,3.0,0.4,7200,0.2,15,80.0,-0.75,0.23,0.94,-0.05,6.15
4.0,1.0,1.5,3.0,0.4,14400,0.2,15,80.0,-0.75,0.23,0.94,-0.05,6.15
4.0,1.0,1.5,3.0,0.4,,0.4,15,80.0,-0.75,0.23,0.94,-0.05,6.15
4.0,1.0,1.5,3.0,0.6,7200,0.2,15,80.0,-0.75,0.23,0.94,-0.05,6.15
4.0,1.0,1.5,3.0,0.6,14400,0.2,15,80.0,-0.75,0.23,0.94,-0.05,6.15
4.0,1.0,1.5,3.0,0.6,,0.4,15,80.0,-0.75,0.23,0.94,-0.05,6.15
4.0,1.0,1.5,3.0,0.8,7200,0.2,15,80.0,-0.75,0.23,0.94,-0.05,6.15
4.0,1.0,1.5,3.0,0.8,14400,0.2,15,80.0,-0.75,0.23,0.94,-0.05,6.15
4.0,1.0,1.5,3.0,0.8,,0.4,15,80.0,-0.75,0.23,0.94,-0.05,6.15
4.0,1.0,1.5,4.5,0.4,7200,0.2,15,80.0,-0.75,0.23,0.94,-0.05,6.15
4.0,1.0,1.5,4.5,0.4,14400,0.2,15,80.0,-0.75,0.23,0.94,-0.05,6.15
4.0,1.0,1.5,4.5,0.4,,0.4,15,80.0,-0.75,0.23,0.94,-0.05,6.15
4.0,1.0,1.5,4.5,0.6,7200,0.2,15,80.0,-0.75,0.23,0.94,-0.05,6.15
4.0,1.0,1.5,4.5,0.6,14400,0.2,15,80.0,-0.75,0.23,0.94,-0.05,6.15
4.0,1.0,1.5,4.5,0.6,,0.4,15,80.0,-0.75,0.23,0.94,-0.05,6.15
4.0,1.0,1.5,4.5,0.8,7200,0.2,15,80.0,-0.75,0.23,0.94,-0.05,6.15
4.0,1.0,1.5,4.5,0.8,14400,0.2,15,80.0,-0.75,0.23,0.94,-0.05,6.15
4.0,1.0,1.5,4.5,0.8,,0.4,15,80.0,-0.75,0.23,0.94,-0.05,6.15
3.0,1.0,1.5,3.0,0.4,1200,0.2,25,68.0,-1.32,0.43,0.91,-0.053,8.29
3.0,1.0,1.5,3.0,0.4,3600,0.2,20,75.0,-1.05,0.31,0.93,-0.053,6.6
3.0,1.0,1.5,3.0,0.4,7200,0.2,20,75.0,-1.05,0.31,0.93,-0.053,6.6
3.0,1.0,1.5,3.0,0.4,14400,0.2,20,75.0,-1.05,0.31,0.93,-0.053,6.6
3.0,1.0,1.5,3.0,0.4,,0.4,20,75.0,-1.05,0.31,0.93,-0.053,6.6
3.0,1.0,1.5,3.0,0.6,1200,0.2,25,68.0,-1.32,0.43,0.91,-0.053,8.29
3.0,1.0,1.5,3.0,0.6,3600,0.2,20,75.0,-1.05,0.31,0.93,-0.053,6.6
3.0,1.0,1.5,3.0,0.6,7200,0.2,20,75.0,-1.05,0.31,0.93,-0.053,6.6
3.0,1.0,1.5,3.0,0.6,14400,0.2,20,75.0,-1.05,0.31,0.93,-0.053,6.6
3.0,1.0,1.5,3.0,0.6,,0.4,20,75.0,-1.05,0.31,0.93,-0.053,6.6
3.0,1.0,1.5,3.0,0.8,1200,0.2,25,68.0,-1.32,0.43,0.91,-0.053,8.29
3.0,1.0,1.5,3.0,0.8,3600,0.2,20,75.0,-1.05,0.31,0.93,-0.053,6.6
3.0,1.0,1.5,3.0,0.8,7200,0.2,20,75.0,-1.05,0.31,0.93,-0.053,6.6
3.0,1.0,1.5,3.0,0.8,14400,0.2,20,75.0,-1.05,0.31,0.93,-0.053,6.6
3.0,1.0,1.5,3.0,0.8,,0.4,20,75.0,-1.05,0.31,0.93,-0.053,6.6
3.0,1.0,1.5,4.5,0.4,1200,0.2,25,68.0,-1.32,0.43,0.91,-0.053,8.29
3.0,1.0,1.5,4.5,0.4,3600,0.2,20,75.0,-1.05,0.31,0.93,-0.053,6.6
3.0,1.0,1.5,4.5,0.4,7200,0.2,20,75.0,-1.05,0.31,0.93,-0.053,6.6
3.0,1.0,1.5,4.5,0.4,14400,0.2,20,75.0,-1.05,0.31,0.93,-0.053,6.6
3.0,1.0,1.5,4.5,0.4,,0.4,20,75.0,-1.05,0.31,0.93,-0.053,6.6
3.0,1.0,1.5,4.5,0.6,1200,0.2,25,68.0,-1.32,0.43,0.91,-0.053,8.29
3.0,1.0,1.5,4.5,0.6,3600,0.2,20,75.0,-1.05,0.31,0.93,-0.053,6.6
3.0,1.0,1.5,4.5,0.6,7200,0.2,20,75.0,-1.05,0.31,0.93,-0.053,6.6
3.0,1.0,1.5,4.5,0.6,14400,0.2,20,75.0,-1.05,0.31,0.93,-0.053,6.6
3.0,1.0,1.5,4.5,0.6,,0.4,20,75.0,-1.05,0.31,0.93,-0.053,6.6
3.0,1.0,1.5,4.5,0.8,1200,0.2,25,68.0,-1.32,0.43,0.91,-0.053,8.29
3.0,1.0,1.5,4.5,0.8,3600,0.2,20,75.0,-1.05,0.31,0.93,-0.053,6.6
3.0,1.0,1.5,4.5,0.8,7200,0.2,20,75.0,-1.05,0.31,0.93,-0.053,6.6
3.0,1.0,1.5,4.5,0.8,14400,0.2,20,75.0,-1.05,0.31,0.93,-0.053,6.6
3.0,1.0,1.5,4.5,0.8,,0.4,20,75.0,-1.05,0.31,0.93,-0.053,6.6
5.0,1.5,2.5,3.0,0.6,7200,0.8,38,63.2,-2.03,0.48,0.83,-0.053,7.82
5.0,1.5,2.5,4.5,0.6,7200,0.8,38,63.2,-2.03,0.48,0.83,-0.053,7.82
4.0,0.7,2.5,3.0,0.4,1200,0.2,26,73.1,-1.46,0.32,0.88,-0.056,6.29
4.0,0.7,2.5,3.0,0.6,1200,0.2,26,73.1,-1.46,0.32,0.88,-0.056,6.29
4.0,0.7,2.5,3.0,0.8,1200,0.2,26,73.1,-1.46,0.32,0.88,-0.056,6.29
4.0,0.7,2.5,4.5,0.4,1200,0.2,26,73.1,-1.46,0.32,0.88,-0.056,6.29
4.0,0.7,2.5,4.5,0.6,1200,0.2,26,73.1,-1.46,0.32,0.88,-0.056,6.29
4.0,0.7,2.5,4.5,0.8,1200,0.2,26,73.1,-1.46,0.32,0.88,-0.056,6.29
3.0,1.0,2.5,3.0,0.4,14400,0.4,21,76.2,-1.21,0.29,0.92,-0.058,6.9
3.0,1.0,2.5,3.0,0.6,14400,0.4,21,76.2,-1.21,0.29,0.92,-0.058,6.9
3.0,1.0,2.5,3.0,0.8,14400,0.4,21,76.2,-1.21,0.29,0.92,-0.058,6.9
3.0,1.0,2.5,4.5,0.4,14400,0.4,21,76.2,-1.21,0.29,0.92,-0.058,6.9
3.0,1.0,2.5,4.5,0.6,14400,0.4,21,76.2,-1.21,0.29,0.92,-0.058,6.9
3.0,1.0,2.5,4.5,0.8,14400,0.4,21,76.2,-1.21,0.29,0.92,-0.058,6.9
3.0,1.5,2.5,3.0,0.8,1200,0.2,26,65.4,-1.52,0.48,0.9,-0.058,8.15
3.0,1.5,2.5,4.5,0.8,1200,0.2,26,65.4,-1.52,0.48,0.9,-0.058,8.15
5.0,1.0,1.5,3.0,0.4,7200,0.8,38,63.2,-2.22,0.47,0.81,-0.058,7.87
5.0,1.0,1.5,3.0,0.6,7200,0.8,38,63.2,-2.22,0.47,0.81,-0.058,7.87
5.0,1.0,1.5,3.0,0.8,7200,0.8,38,63.2,-2.22,0.47,0.81,-0.058,7.87
5.0,1.0,1.5,4.5,0.4,7200,0.8,38,63.2,-2.22,0.47,0.81,-0.058,7.87
5.0,1.0,1.5,4.5,0.6,7200,0.8,38,63.2,-2.22,0.47,0.81,-0.058,7.87
5.0,1.0,1.5,4.5,0.8,7200,0.8,38,63.2,-2.22,0.47,0.81,-0.058,7.87
5.0,1.0,2.5,3.0,0.4,7200,0.8,38,63.2,-2.22,0.47,0.81,-0.058,7.87
5.0,1.0,2.5,3.0,0.6,7200,0.8,38,63.2,-2.22,0.47,0.81,-0.058,7.87
5.0,1.0,2.5,3.0,0.8,7200,0.8,38,63.2,-2.22,0.47,0.81,-0.058,7.87
5.0,1.0,2.5,4.5,0.4,7200,0.8,38,63.2,-2.22,0.47,0.81,-0.058,7.87
5.0,1.0,2.5,4.5,0.6,7200,0.8,38,63.2,-2.22,0.47,0.81,-0.058,7.87
5.0,1.0,2.5,4.5,0.8,7200,0.8,38,63.2,-2.22,0.47,0.81,-0.058,7.87
2.0,0.7,1.5,3.0,0.4,14400,0.4,30,73.3,-1.76,0.32,0.89,-0.059,7.48
2.0,0.7,1.5,3.0,0.6,14400,0.4,30,73.3,-1.76,0.32,0.89,-0.059,7.48
2.0,0.7,1.5,3.0,0.8,14400,0.4,30,73.3,-1.76,0.32,0.89,-0.059,7.48
2.0,0.7,1.5,4.5,0.4,14400,0.4,30,73.3,-1.76,0.32,0.89,-0.059,7.48
2.0,0.7,1.5,4.5,0.6,14400,0.4,30,73.3,-1.76,0.32,0.89,-0.059,7.48
2.0,0.7,1.5,4.5,0.8,14400,0.4,30,73.3,-1.76,0.32,0.89,-0.059,7.48
3.0,1.5,2.5,3.0,0.6,2400,0.2,21,71.4,-1.34,0.36,0.91,-0.064,7.83
3.0,1.5,2.5,4.5,0.6,2400,0.2,21,71.4,-1.34,0.36,0.91,-0.064,7.83
4.0,1.0,2.5,3.0,0.4,3600,0.2,16,81.2,-1.02,0.21,0.92,-0.064,6.42
4.0,1.0,2.5,3.0,0.6,3600,0.2,16,81.2,-1.02,0.21,0.92,-0.064,6.42
4.0,1.0,2.5,3.0,0.8,3600,0.2,16,81.2,-1.02,0.21,0.92,-0.064,6.42
4.0,1.0,2.5,4.5,0.4,3600,0.2,16,81.2,-1.02,0.21,0.92,-0.064,6.42
4.0,1.0,2.5,4.5,0.6,3600,0.2,16,81.2,-1.02,0.21,0.92,-0.064,6.42
4.0,1.0,2.5,4.5,0.8,3600,0.2,16,81.2,-1.02,0.21,0.92,-0.064,6.42
4.0,1.0,2.5,3.0,0.4,2400,0.2,17,82.4,-1.11,0.19,0.91,-0.065,6.56
4.0,1.0,2.5,3.0,0.6,2400,0.2,17,82.4,-1.11,0.19,0.91,-0.065,6.56
4.0,1.0,2.5,3.0,0.8,2400,0.2,17,82.4,-1.11,0.19,0.91,-0.065,6.56
4.0,1.0,2.5,4.5,0.4,2400,0.2,17,82.4,-1.11,0.19,0.91,-0.065,6.56
4.0,1.0,2.5,4.5,0.6,2400,0.2,17,82.4,-1.11,0.19,0.91,-0.065,6.56
4.0,1.0,2.5,4.5,0.8,2400,0.2,17,82.4,-1.11,0.19,0.91,-0.065,6.56
5.0,1.0,1.5,3.0,0.4,7200,0.4,15,80.0,-0.99,0.23,0.9,-0.066,7.25
5.0,1.0,1.5,3.0,0.6,7200,0.4,15,80.0,-0.99,0.23,0.9,-0.066,7.25
5.0,1.0,1.5,3.0,0.8,7200,0.4,15,80.0,-0.99,0.23,0.9,-0.066,7.25
5.0,1.0,1.5,4.5,0.4,7200,0.4,15,80.0,-0.99,0.23,0.9,-0.066,7.25
5.0,1.0,1.5,4.5,0.6,7200,0.4,15,80.0,-0.99,0.23,0.9,-0.066,7.25
5.0,1.0,1.5,4.5,0.8,7200,0.4,15,80.0,-0.99,0.23,0.9,-0.066,7.25
2.0,0.7,2.5,3.0,0.4,3600,0.2,30,73.3,-2.14,0.32,0.87,-0.071,7.59
2.0,0.7,2.5,3.0,0.4,7200,0.2,30,73.3,-2.14,0.32,0.87,-0.071,7.59
2.0,0.7,2.5,3.0,0.4,14400,0.2,30,73.3,-2.14,0.32,0.87,-0.071,7.59
2.0,0.7,2.5,3.0,0.4,,0.4,30,73.3,-2.14,0.32,0.87,-0.071,7.59
2.0,0.7,2.5,3.0,0.6,3600,0.2,30,73.3,-2.14,0.32,0.87,-0.071,7.59
2.0,0.7,2.5,3.0,0.6,7200,0.2,30,73.3,-2.14,0.32,0.87,-0.071,7.59
2.0,0.7,2.5,3.0,0.6,14400,0.2,30,73.3,-2.14,0.32,0.87,-0.071,7.59
2.0,0.7,2.5,3.0,0.6,,0.4,30,73.3,-2.14,0.32,0.87,-0.071,7.59
2.0,0.7,2.5,3.0,0.8,3600,0.2,30,73.3,-2.14,0.32,0.87,-0.071,7.59
2.0,0.7,2.5,3.0,0.8,7200,0.2,30,73.3,-2.14,0.32,0.87,-0.071,7.59
2.0,0.7,2.5,3.0,0.8,14400,0.2,30,73.3,-2.14,0.32,0.87,-0.071,7.59
2.0,0.7,2.5,3.0,0.8,,0.4,30,73.3,-2.14,0.32,0.87,-0.071,7.59
2.0,0.7,2.5,4.5,0.4,3600,0.2,30,73.3,-2.14,0.32,0.87,-0.071,7.59
2.0,0.7,2.5,4.5,0.4,7200,0.2,30,73.3,-2.14,0.32,0.87,-0.071,7.59
2.0,0.7,2.5,4.5,0.4,14400,0.2,30,73.3,-2.14,0.32,0.87,-0.071,7.59
2.0,0.7,2.5,4.5,0.4,,0.4,30,73.3,-2.14,0.32,0.87,-0.071,7.59
2.0,0.7,2.5,4.5,0.6,3600,0.2,30,73.3,-2.14,0.32,0.87,-0.071,7.59
2.0,0.7,2.5,4.5,0.6,7200,0.2,30,73.3,-2.14,0.32,0.87,-0.071,7.59
2.0,0.7,2.5,4.5,0.6,14400,0.2,30,73.3,-2.14,0.32,0.87,-0.071,7.59
2.0,0.7,2.5,4.5,0.6,,0.4,30,73.3,-2.14,0.32,0.87,-0.071,7.59
2.0,0.7,2.5,4.5,0.8,3600,0.2,30,73.3,-2.14,0.32,0.87,-0.071,7.59
2.0,0.7,2.5,4.5,0.8,7200,0.2,30,73.3,-2.14,0.32,0.87,-0.071,7.59
2.0,0.7,2.5,4.5,0.8,14400,0.2,30,73.3,-2.14,0.32,0.87,-0.071,7.59
2.0,0.7,2.5,4.5,0.8,,0.4,30,73.3,-2.14,0.32,0.87,-0.071,7.59
3.0,1.5,2.5,3.0,0.4,14400,0.8,38,68.4,-2.8,0.4,0.86,-0.074,9.27
3.0,1.5,2.5,4.5,0.4,14400,0.8,38,68.4,-2.8,0.4,0.86,-0.074,9.27
5.0,0.7,1.5,3.0,0.4,3600,0.2,16,87.5,-1.18,0.13,0.88,-0.074,6.22
5.0,0.7,1.5,3.0,0.4,7200,0.2,16,87.5,-1.18,0.13,0.88,-0.074,6.22
5.0,0.7,1.5,3.0,0.4,14400,0.2,16,87.5,-1.18,0.13,0.88,-0.074,6.22
5.0,0.7,1.5,3.0,0.4,,0.4,16,87.5,-1.18,0.13,0.88,-0.074,6.22
5.0,0.7,1.5,3.0,0.6,3600,0.2,16,87.5,-1.18,0.13,0.88,-0.074,6.22
5.0,0.7,1.5,3.0,0.6,7200,0.2,16,87.5,-1.18,0.13,0.88,-0.074,6.22
5.0,0.7,1.5,3.0,0.6,14400,0.2,16,87.5,-1.18,0.13,0.88,-0.074,6.22
5.0,0.7,1.5,3.0,0.6,,0.4,16,87.5,-1.18,0.13,0.88,-0.074,6.22
5.0,0.7,1.5,3.0,0.8,3600,0.2,16,87.5,-1.18,0.13,0.88,-0.074,6.22
5.0,0.7,1.5,3.0,0.8,7200,0.2,16,87.5,-1.18,0.13,0.88,-0.074,6.22
5.0,0.7,1.5,3.0,0.8,14400,0.2,16,87.5,-1.18,0.13,0.88,-0.074,6.22
5.0,0.7,1.5,3.0,0.8,,0.4,16,87.5,-1.18,0.13,0.88,-0.074,6.22
5.0,0.7,1.5,4.5,0.4,3600,0.2,16,87.5,-1.18,0.13,0.88,-0.074,6.22
5.0,0.7,1.5,4.5,0.4,7200,0.2,16,87.5,-1.18,0.13,0.88,-0.074,6.22
5.0,0.7,1.5,4.5,0.4,14400,0.2,16,87.5,-1.18,0.13,0.88,-0.074,6.22
5.0,0.7,1.5,4.5,0.4,,0.4,16,87.5,-1.18,0.13,0.88,-0.074,6.22
5.0,0.7,1.5,4.5,0.6,3600,0.2,16,87.5,-1.18,0.13,0.88,-0.074,6.22
5.0,0.7,1.5,4.5,0.6,7200,0.2,16,87.5,-1.18,0.13,0.88,-0.074,6.22
5.0,0.7,1.5,4.5,0.6,14400,0.2,16,87.5,-1.18,0.13,0.88,-0.074,6.22
5.0,0.7,1.5,4.5,0.6,,0.4,16,87.5,-1.18,0.13,0.88,-0.074,6.22
5.0,0.7,1.5,4.5,0.8,3600,0.2,16,87.5,-1.18,0.13,0.88,-0.074,6.22
5.0,0.7,1.5,4.5,0.8,7200,0.2,16,87.5,-1.18,0.13,0.88,-0.074,6.22
5.0,0.7,1.5,4.5,0.8,14400,0.2,16,87.5,-1.18,0.13,0.88,-0.074,6.22
5.0,0.7,1.5,4.5,0.8,,0.4,16,87.5,-1.18,0.13,0.88,-0.074,6.22
5.0,0.7,2.5,3.0,0.4,3600,0.2,16,87.5,-1.18,0.13,0.88,-0.074,6.22
5.0,0.7,2.5,3.0,0.4,7200,0.2,16,87.5,-1.18,0.13,0.88,-0.074,6.22
5.0,0.7,2.5,3.0,0.4,14400,0.2,16,87.5,-1.18,0.13,0.88,-0.074,6.22
5.0,0.7,2.5,3.0,0.4,,0.4,16,87.5,-1.18,0.13,0.88,-0.074,6.22
5.0,0.7,2.5,3.0,0.6,3600,0.2,16,87.5,-1.18,0.13,0.88,-0.074,6.22
5.0,0.7,2.5,3.0,0.6,7200,0.2,16,87.5,-1.18,0.13,0.88,-0.074,6.22
5.0,0.7,2.5,3.0,0.6,14400,0.2,16,87.5,-1.18,0.13,0.88,-0.074,6.22
5.0,0.7,2.5,3.0,0.6,,0.4,16,87.5,-1.18,0.13,0.88,-0.074,6.22
5.0,0.7,2.5,3.0,0.8,3600,0.2,16,87.5,-1.18,0.13,0.88,-0.074,6.22
5.0,0.7,2.5,3.0,0.8,7200,0.2,16,87.5,-1.18,0.13,0.88,-0.074,6.22
5.0,0.7,2.5,3.0,0.8,14400,0.2,16,87.5,-1.18,0.13,0.88,-0.074,6.22
5.0,0.7,2.5,3.0,0.8,,0.4,16,87.5,-1.18,0.13,0.88,-0.074,6.22
5.0,0.7,2.5,4.5,0.4,3600,0.2,16,87.5,-1.18,0.13,0.88,-0.074,6.22
5.0,0.7,2.5,4.5,0.4,7200,0.2,16,87.5,-1.18,0.13,0.88,-0.074,6.22
5.0,0.7,2.5,4.5,0.4,14400,0.2,16,87.5,-1.18,0.13,0.88,-0.074,6.22
5.0,0.7,2.5,4.5,0.4,,0.4,16,87.5,-1.18,0.13,0.88,-0.074,6.22
5.0,0.7,2.5,4.5,0.6,3600,0.2,16,87.5,-1.18,0.13,0.88,-0.074,6.22
5.0,0.7,2.5,4.5,0.6,7200,0.2,16,87.5,-1.18,0.13,0.88,-0.074,6.22
5.0,0.7,2.5,4.5,0.6,14400,0.2,16,87.5,-1.18,0.13,0.88,-0.074,6.22
5.0,0.7,2.5,4.5,0.6,,0.4,16,87.5,-1.18,0.13,0.88,-0.074,6.22
5.0,0.7,2.5,4.5,0.8,3600,0.2,16,87.5,-1.18,0.13,0.88,-0.074,6.22
5.0,0.7,2.5,4.5,0.8,7200,0.2,16,87.5,-1.18,0.13,0.88,-0.074,6.22
5.0,0.7,2.5,4.5,0.8,14400,0.2,16,87.5,-1.18,0.13,0.88,-0.074,6.22
5.0,0.7,2.5,4.5,0.8,,0.4,16,87.5,-1.18,0.13,0.88,-0.074,6.22
5.0,1.5,2.5,3.0,0.8,14400,0.4,12,75.0,-0.89,0.3,0.91,-0.074,7.07
5.0,1.5,2.5,4.5,0.8,14400,0.4,12,75.0,-0.89,0.3,0.91,-0.074,7.07
3.0,1.0,2.5,3.0,0.4,3600,0.2,20,75.0,-1.5,0.3,0.9,-0.075,6.9
3.0,1.0,2.5,3.0,0.4,7200,0.2,20,75.0,-1.5,0.3,0.9,-0.075,6.9
3.0,1.0,2.5,3.0,0.4,14400,0.2,20,75.0,-1.5,0.3,0.9,-0.075,6.9
3.0,1.0,2.5,3.0,0.4,,0.4,20,75.0,-1.5,0.3,0.9,-0.075,6.9
3.0,1.0,2.5,3.0,0.6,3600,0.2,20,75.0,-1.5,0.3,0.9,-0.075,6.9
3.0,1.0,2.5,3.0,0.6,7200,0.2,20,75.0,-1.5,0.3,0.9,-0.075,6.9
3.0,1.0,2.5,3.0,0.6,14400,0.2,20,75.0,-1.5,0.3,0.9,-0.075,6.9
3.0,1.0,2.5,3.0,0.6,,0.4,20,75.0,-1.5,0.3,0.9,-0.075,6.9
3.0,1.0,2.5,3.0,0.8,3600,0.2,20,75.0,-1.5,0.3,0.9,-0.075,6.9
3.0,1.0,2.5,3.0,0.8,7200,0.2,20,75.0,-1.5,0.3,0.9,-0.075,6.9
3.0,1.0,2.5,3.0,0.8,14400,0.2,20,75.0,-1.5,0.3,0.9,-0.075,6.9
3.0,1.0,2.5,3.0,0.8,,0.4,20,75.0,-1.5,0.3,0.9,-0.075,6.9
3.0,1.0,2.5,4.5,0.4,3600,0.2,20,75.0,-1.5,0.3,0.9,-0.075,6.9
3.0,1.0,2.5,4.5,0.4,7200,0.2,20,75.0,-1.5,0.3,0.9,-0.075,6.9
3.0,1.0,2.5,4.5,0.4,14400,0.2,20,75.0,-1.5,0.3,0.9,-0.075,6.9
3.0,1.0,2.5,4.5,0.4,,0.4,20,75.0,-1.5,0.3,0.9,-0.075,6.9
3.0,1.0,2.5,4.5,0.6,3600,0.2,20,75.0,-1.5,0.3,0.9,-0.075,6.9
3.0,1.0,2.5,4.5,0.6,7200,0.2,20,75.0,-1.5,0.3,0.9,-0.075,6.9
3.0,1.0,2.5,4.5,0.6,14400,0.2,20,75.0,-1.5,0.3,0.9,-0.075,6.9
3.0,1.0,2.5,4.5,0.6,,0.4,20,75.0,-1.5,0.3,0.9,-0.075,6.9
3.0,1.0,2.5,4.5,0.8,3600,0.2,20,75.0,-1.5,0.3,0.9,-0.075,6.9
3.0,1.0,2.5,4.5,0.8,7200,0.2,20,75.0,-1.5,0.3,0.9,-0.075,6.9
3.0,1.0,2.5,4.5,0.8,14400,0.2,20,75.0,-1.5,0.3,0.9,-0.075,6.9
3.0,1.0,2.5,4.5,0.8,,0.4,20,75.0,-1.5,0.3,0.9,-0.075,6.9
3.0,1.5,2.5,3.0,0.8,2400,0.2,21,71.4,-1.59,0.36,0.89,-0.076,8.2
3.0,1.5,2.5,4.5,0.8,2400,0.2,21,71.4,-1.59,0.36,0.89,-0.076,8.2
3.0,0.7,1.5,3.0,0.4,14400,0.8,41,68.3,-3.29,0.37,0.8,-0.08,9.0
3.0,0.7,1.5,3.0,0.6,14400,0.8,41,68.3,-3.29,0.37,0.8,-0.08,9.0
3.0,0.7,1.5,3.0,0.8,14400,0.8,41,68.3,-3.29,0.37,0.8,-0.08,9.0
3.0,0.7,1.5,4.5,0.4,14400,0.8,41,68.3,-3.29,0.37,0.8,-0.08,9.0
3.0,0.7,1.5,4.5,0.6,14400,0.8,41,68.3,-3.29,0.37,0.8,-0.08,9.0
3.0,0.7,1.5,4.5,0.8,14400,0.8,41,68.3,-3.29,0.37,0.8,-0.08,9.0
4.0,1.0,2.5,3.0,0.4,7200,0.2,15,80.0,-1.2,0.22,0.9,-0.08,6.6
4.0,1.0,2.5,3.0,0.4,14400,0.2,15,80.0,-1.2,0.22,0.9,-0.08,6.6
4.0,1.0,2.5,3.0,0.4,,0.4,15,80.0,-1.2,0.22,0.9,-0.08,6.6
4.0,1.0,2.5,3.0,0.6,7200,0.2,15,80.0,-1.2,0.22,0.9,-0.08,6.6
4.0,1.0,2.5,3.0,0.6,14400,0.2,15,80.0,-1.2,0.22,0.9,-0.08,6.6
4.0,1.0,2.5,3.0,0.6,,0.4,15,80.0,-1.2,0.22,0.9,-0.08,6.6
4.0,1.0,2.5,3.0,0.8,7200,0.2,15,80.0,-1.2,0.22,0.9,-0.08,6.6
4.0,1.0,2.5,3.0,0.8,14400,0.2,15,80.0,-1.2,0.22,0.9,-0.08,6.6
4.0,1.0,2.5,3.0,0.8,,0.4,15,80.0,-1.2,0.22,0.9,-0.08,6.6
4.0,1.0,2.5,4.5,0.4,7200,0.2,15,80.0,-1.2,0.22,0.9,-0.08,6.6
4.0,1.0,2.5,4.5,0.4,14400,0.2,15,80.0,-1.2,0.22,0.9,-0.08,6.6
4.0,1.0,2.5,4.5,0.4,,0.4,15,80.0,-1.2,0.22,0.9,-0.08,6.6
4.0,1.0,2.5,4.5,0.6,7200,0.2,15,80.0,-1.2,0.22,0.9,-0.08,6.6
4.0,1.0,2.5,4.5,0.6,14400,0.2,15,80.0,-1.2,0.22,0.9,-0.08,6.6
4.0,1.0,2.5,4.5,0.6,,0.4,15,80.0,-1.2,0.22,0.9,-0.08,6.6
4.0,1.0,2.5,4.5,0.8,7200,0.2,15,80.0,-1.2,0.22,0.9,-0.08,6.6
4.0,1.0,2.5,4.5,0.8,14400,0.2,15,80.0,-1.2,0.22,0.9,-0.08,6.6
4.0,1.0,2.5,4.5,0.8,,0.4,15,80.0,-1.2,0.22,0.9,-0.08,6.6
5.0,1.5,2.5,3.0,0.8,7200,0.8,36,61.1,-2.9,0.48,0.75,-0.081,8.02
5.0,1.5,2.5,4.5,0.8,7200,0.8,36,61.1,-2.9,0.48,0.75,-0.081,8.02
4.0,0.7,1.5,3.0,0.4,14400,0.8,35,71.4,-2.86,0.32,0.79,-0.082,8.0
4.0,0.7,1.5,3.0,0.6,14400,0.8,35,71.4,-2.86,0.32,0.79,-0.082,8.0
4.0,0.7,1.5,3.0,0.8,14400,0.8,35,71.4,-2.86,0.32,0.79,-0.082,8.0
4.0,0.7,1.5,4.5,0.4,14400,0.8,35,71.4,-2.86,0.32,0.79,-0.082,8.0
4.0,0.7,1.5,4.5,0.6,14400,0.8,35,71.4,-2.86,0.32,0.79,-0.082,8.0
4.0,0.7,1.5,4.5,0.8,14400,0.8,35,71.4,-2.86,0.32,0.79,-0.082,8.0
4.0,0.7,2.5,3.0,0.4,14400,0.8,35,71.4,-2.86,0.32,0.79,-0.082,8.0
4.0,0.7,2.5,3.0,0.6,14400,0.8,35,71.4,-2.86,0.32,0.79,-0.082,8.0
4.0,0.7,2.5,3.0,0.8,14400,0.8,35,71.4,-2.86,0.32,0.79,-0.082,8.0
4.0,0.7,2.5,4.5,0.4,14400,0.8,35,71.4,-2.86,0.32,0.79,-0.082,8.0
4.0,0.7,2.5,4.5,0.6,14400,0.8,35,71.4,-2.86,0.32,0.79,-0.082,8.0
4.0,0.7,2.5,4.5,0.8,14400,0.8,35,71.4,-2.86,0.32,0.79,-0.082,8.0
2.0,0.7,2.5,3.0,0.4,14400,0.4,30,73.3,-2.48,0.31,0.85,-0.083,7.59
2.0,0.7,2.5,3.0,0.6,14400,0.4,30,73.3,-2.48,0.31,0.85,-0.083,7.59
2.0,0.7,2.5,3.0,0.8,14400,0.4,30,73.3,-2.48,0.31,0.85,-0.083,7.59
2.0,0.7,2.5,4.5,0.4,14400,0.4,30,73.3,-2.48,0.31,0.85,-0.083,7.59
2.0,0.7,2.5,4.5,0.6,14400,0.4,30,73.3,-2.48,0.31,0.85,-0.083,7.59
2.0,0.7,2.5,4.5,0.8,14400,0.4,30,73.3,-2.48,0.31,0.85,-0.083,7.59
3.0,1.0,1.5,3.0,0.4,14400,0.8,39,69.2,-3.42,0.37,0.83,-0.088,10.16
3.0,1.0,1.5,3.0,0.6,14400,0.8,39,69.2,-3.42,0.37,0.83,-0.088,10.16
3.0,1.0,1.5,3.0,0.8,14400,0.8,39,69.2,-3.42,0.37,0.83,-0.088,10.16
3.0,1.0,1.5,4.5,0.4,14400,0.8,39,69.2,-3.42,0.37,0.83,-0.088,10.16
3.0,1.0,1.5,4.5,0.6,14400,0.8,39,69.2,-3.42,0.37,0.83,-0.088,10.16
3.0,1.0,1.5,4.5,0.8,14400,0.8,39,69.2,-3.42,0.37,0.83,-0.088,10.16
3.0,1.0,2.5,3.0,0.4,1200,0.2,25,68.0,-2.22,0.4,0.85,-0.089,8.59
3.0,1.0,2.5,3.0,0.6,1200,0.2,25,68.0,-2.22,0.4,0.85,-0.089,8.59
3.0,1.0,2.5,3.0,0.8,1200,0.2,25,68.0,-2.22,0.4,0.85,-0.089,8.59
3.0,1.0,2.5,4.5,0.4,1200,0.2,25,68.0,-2.22,0.4,0.85,-0.089,8.59
3.0,1.0,2.5,4.5,0.6,1200,0.2,25,68.0,-2.22,0.4,0.85,-0.089,8.59
3.0,1.0,2.5,4.5,0.8,1200,0.2,25,68.0,-2.22,0.4,0.85,-0.089,8.59
3.0,1.5,2.5,3.0,0.6,14400,0.8,37,67.6,-3.43,0.4,0.83,-0.093,9.69
3.0,1.5,2.5,4.5,0.6,14400,0.8,37,67.6,-3.43,0.4,0.83,-0.093,9.69
5.0,0.7,1.5,3.0,0.4,14400,0.4,16,87.5,-1.52,0.12,0.85,-0.095,6.22
5.0,0.7,1.5,3.0,0.6,14400,0.4,16,87.5,-1.52,0.12,0.85,-0.095,6.22
5.0,0.7,1.5,3.0,0.8,14400,0.4,16,87.5,-1.52,0.12,0.85,-0.095,6.22
5.0,0.7,1.5,4.5,0.4,14400,0.4,16,87.5,-1.52,0.12,0.85,-0.095,6.22
5.0,0.7,1.5,4.5,0.6,14400,0.4,16,87.5,-1.52,0.12,0.85,-0.095,6.22
5.0,0.7,1.5,4.5,0.8,14400,0.4,16,87.5,-1.52,0.12,0.85,-0.095,6.22
5.0,0.7,2.5,3.0,0.4,14400,0.4,16,87.5,-1.52,0.12,0.85,-0.095,6.22
5.0,0.7,2.5,3.0,0.6,14400,0.4,16,87.5,-1.52,0.12,0.85,-0.095,6.22
5.0,0.7,2.5,3.0,0.8,14400,0.4,16,87.5,-1.52,0.12,0.85,-0.095,6.22
5.0,0.7,2.5,4.5,0.4,14400,0.4,16,87.5,-1.52,0.12,0.85,-0.095,6.22
5.0,0.7,2.5,4.5,0.6,14400,0.4,16,87.5,-1.52,0.12,0.85,-0.095,6.22
5.0,0.7,2.5,4.5,0.8,14400,0.4,16,87.5,-1.52,0.12,0.85,-0.095,6.22
5.0,1.0,2.5,3.0,0.4,7200,0.4,15,80.0,-1.44,0.21,0.86,-0.096,7.25
5.0,1.0,2.5,3.0,0.6,7200,0.4,15,80.0,-1.44,0.21,0.86,-0.096,7.25
5.0,1.0,2.5,3.0,0.8,7200,0.4,15,80.0,-1.44,0.21,0.86,-0.096,7.25
5.0,1.0,2.5,4.5,0.4,7200,0.4,15,80.0,-1.44,0.21,0.86,-0.096,7.25
5.0,1.0,2.5,4.5,0.6,7200,0.4,15,80.0,-1.44,0.21,0.86,-0.096,7.25
5.0,1.0,2.5,4.5,0.8,7200,0.4,15,80.0,-1.44,0.21,0.86,-0.096,7.25
3.0,0.7,2.5,3.0,0.4,14400,0.8,41,68.3,-4.01,0.35,0.76,-0.098,9.0
3.0,0.7,2.5,3.0,0.6,14400,0.8,41,68.3,-4.01,0.35,0.76,-0.098,9.0
3.0,0.7,2.5,3.0,0.8,14400,0.8,41,68.3,-4.01,0.35,0.76,-0.098,9.0
3.0,0.7,2.5,4.5,0.4,14400,0.8,41,68.3,-4.01,0.35,0.76,-0.098,9.0
3.0,0.7,2.5,4.5,0.6,14400,0.8,41,68.3,-4.01,0.35,0.76,-0.098,9.0
3.0,0.7,2.5,4.5,0.8,14400,0.8,41,68.3,-4.01,0.35,0.76,-0.098,9.0
3.0,1.0,2.5,3.0,0.4,14400,0.8,39,69.2,-3.87,0.36,0.81,-0.099,10.61
3.0,1.0,2.5,3.0,0.6,14400,0.8,39,69.2,-3.87,0.36,0.81,-0.099,10.61
3.0,1.0,2.5,3.0,0.8,14400,0.8,39,69.2,-3.87,0.36,0.81,-0.099,10.61
3.0,1.0,2.5,4.5,0.4,14400,0.8,39,69.2,-3.87,0.36,0.81,-0.099,10.61
3.0,1.0,2.5,4.5,0.6,14400,0.8,39,69.2,-3.87,0.36,0.81,-0.099,10.61
3.0,1.0,2.5,4.5,0.8,14400,0.8,39,69.2,-3.87,0.36,0.81,-0.099,10.61
3.0,1.0,1.5,3.0,0.4,2400,0.2,21,71.4,-2.29,0.34,0.85,-0.109,8.34
3.0,1.0,1.5,3.0,0.6,2400,0.2,21,71.4,-2.29,0.34,0.85,-0.109,8.34
3.0,1.0,1.5,3.0,0.8,2400,0.2,21,71.4,-2.29,0.34,0.85,-0.109,8.34
3.0,1.0,1.5,4.5,0.4,2400,0.2,21,71.4,-2.29,0.34,0.85,-0.109,8.34
3.0,1.0,1.5,4.5,0.6,2400,0.2,21,71.4,-2.29,0.34,0.85,-0.109,8.34
3.0,1.0,1.5,4.5,0.8,2400,0.2,21,71.4,-2.29,0.34,0.85,-0.109,8.34
4.0,1.0,1.5,3.0,0.4,14400,0.8,28,71.4,-3.15,0.31,0.77,-0.112,9.89
4.0,1.0,1.5,3.0,0.6,14400,0.8,28,71.4,-3.15,0.31,0.77,-0.112,9.89
4.0,1.0,1.5,3.0,0.8,14400,0.8,28,71.4,-3.15,0.31,0.77,-0.112,9.89
4.0,1.0,1.5,4.5,0.4,14400,0.8,28,71.4,-3.15,0.31,0.77,-0.112,9.89
4.0,1.0,1.5,4.5,0.6,14400,0.8,28,71.4,-3.15,0.31,0.77,-0.112,9.89
4.0,1.0,1.5,4.5,0.8,14400,0.8,28,71.4,-3.15,0.31,0.77,-0.112,9.89
4.0,1.0,2.5,3.0,0.4,14400,0.8,28,71.4,-3.15,0.31,0.77,-0.112,9.89
4.0,1.0,2.5,3.0,0.6,14400,0.8,28,71.4,-3.15,0.31,0.77,-0.112,9.89
4.0,1.0,2.5,3.0,0.8,14400,0.8,28,71.4,-3.15,0.31,0.77,-0.112,9.89
4.0,1.0,2.5,4.5,0.4,14400,0.8,28,71.4,-3.15,0.31,0.77,-0.112,9.89
4.0,1.0,2.5,4.5,0.6,14400,0.8,28,71.4,-3.15,0.31,0.77,-0.112,9.89
4.0,1.0,2.5,4.5,0.8,14400,0.8,28,71.4,-3.15,0.31,0.77,-0.112,9.89
4.0,1.5,2.5,3.0,0.4,14400,0.8,27,70.4,-3.17,0.32,0.77,-0.117,9.64
4.0,1.5,2.5,4.5,0.4,14400,0.8,27,70.4,-3.17,0.32,0.77,-0.117,9.64
5.0,1.5,2.5,3.0,0.8,14400,0.8,23,69.6,-2.75,0.33,0.76,-0.12,8.18
5.0,1.5,2.5,4.5,0.8,14400,0.8,23,69.6,-2.75,0.33,0.76,-0.12,8.18
5.0,1.0,1.5,3.0,0.4,14400,0.4,13,76.9,-1.68,0.25,0.83,-0.129,7.37
5.0,1.0,1.5,3.0,0.6,14400,0.4,13,76.9,-1.68,0.25,0.83,-0.129,7.37
5.0,1.0,1.5,3.0,0.8,14400,0.4,13,76.9,-1.68,0.25,0.83,-0.129,7.37
5.0,1.0,1.5,4.5,0.4,14400,0.4,13,76.9,-1.68,0.25,0.83,-0.129,7.37
5.0,1.0,1.5,4.5,0.6,14400,0.4,13,76.9,-1.68,0.25,0.83,-0.129,7.37
5.0,1.0,1.5,4.5,0.8,14400,0.4,13,76.9,-1.68,0.25,0.83,-0.129,7.37
5.0,1.0,2.5,3.0,0.4,14400,0.4,13,76.9,-1.68,0.25,0.83,-0.129,7.37
5.0,1.0,2.5,3.0,0.6,14400,0.4,13,76.9,-1.68,0.25,0.83,-0.129,7.37
5.0,1.0,2.5,3.0,0.8,14400,0.4,13,76.9,-1.68,0.25,0.83,-0.129,7.37
5.0,1.0,2.5,4.5,0.4,14400,0.4,13,76.9,-1.68,0.25,0.83,-0.129,7.37
5.0,1.0,2.5,4.5,0.6,14400,0.4,13,76.9,-1.68,0.25,0.83,-0.129,7.37
5.0,1.0,2.5,4.5,0.8,14400,0.4,13,76.9,-1.68,0.25,0.83,-0.129,7.37
4.0,1.5,2.5,3.0,0.6,14400,0.8,26,69.2,-3.58,0.33,0.74,-0.138,9.84
4.0,1.5,2.5,4.5,0.6,14400,0.8,26,69.2,-3.58,0.33,0.74,-0.138,9.84
5.0,1.5,2.5,3.0,0.4,1200,0.2,19,68.4,-2.85,0.37,0.81,-0.15,9.25
5.0,1.5,2.5,4.5,0.4,1200,0.2,19,68.4,-2.85,0.37,0.81,-0.15,9.25
3.0,1.0,2.5,3.0,0.4,2400,0.2,21,71.4,-3.19,0.31,0.79,-0.152,8.64
3.0,1.0,2.5,3.0,0.6,2400,0.2,21,71.4,-3.19,0.31,0.79,-0.152,8.64
3.0,1.0,2.5,3.0,0.8,2400,0.2,21,71.4,-3.19,0.31,0.79,-0.152,8.64
3.0,1.0,2.5,4.5,0.4,2400,0.2,21,71.4,-3.19,0.31,0.79,-0.152,8.64
3.0,1.0,2.5,4.5,0.6,2400,0.2,21,71.4,-3.19,0.31,0.79,-0.152,8.64
3.0,1.0,2.5,4.5,0.8,2400,0.2,21,71.4,-3.19,0.31,0.79,-0.152,8.64
5.0,1.5,2.5,3.0,0.8,1200,0.2,20,65.0,-3.24,0.42,0.79,-0.162,9.24
5.0,1.5,2.5,4.5,0.8,1200,0.2,20,65.0,-3.24,0.42,0.79,-0.162,9.24
5.0,0.7,1.5,3.0,0.4,14400,0.8,35,71.4,-5.86,0.26,0.65,-0.167,10.65
5.0,0.7,1.5,3.0,0.6,14400,0.8,35,71.4,-5.86,0.26,0.65,-0.167,10.65
5.0,0.7,1.5,3.0,0.8,14400,0.8,35,71.4,-5.86,0.26,0.65,-0.167,10.65
5.0,0.7,1.5,4.5,0.4,14400,0.8,35,71.4,-5.86,0.26,0.65,-0.167,10.65
5.0,0.7,1.5,4.5,0.6,14400,0.8,35,71.4,-5.86,0.26,0.65,-0.167,10.65
5.0,0.7,1.5,4.5,0.8,14400,0.8,35,71.4,-5.86,0.26,0.65,-0.167,10.65
5.0,0.7,2.5,3.0,0.4,14400,0.8,35,71.4,-5.86,0.26,0.65,-0.167,10.65
5.0,0.7,2.5,3.0,0.6,14400,0.8,35,71.4,-5.86,0.26,0.65,-0.167,10.65
5.0,0.7,2.5,3.0,0.8,14400,0.8,35,71.4,-5.86,0.26,0.65,-0.167,10.65
5.0,0.7,2.5,4.5,0.4,14400,0.8,35,71.4,-5.86,0.26,0.65,-0.167,10.65
5.0,0.7,2.5,4.5,0.6,14400,0.8,35,71.4,-5.86,0.26,0.65,-0.167,10.65
5.0,0.7,2.5,4.5,0.8,14400,0.8,35,71.4,-5.86,0.26,0.65,-0.167,10.65
5.0,1.5,2.5,3.0,0.6,1200,0.2,19,68.4,-3.23,0.36,0.79,-0.17,9.65
5.0,1.5,2.5,4.5,0.6,1200,0.2,19,68.4,-3.23,0.36,0.79,-0.17,9.65
5.0,0.7,1.5,3.0,0.4,2400,0.2,22,77.3,-4.22,0.21,0.72,-0.192,9.31
5.0,0.7,1.5,3.0,0.6,2400,0.2,22,77.3,-4.22,0.21,0.72,-0.192,9.31
5.0,0.7,1.5,3.0,0.8,2400,0.2,22,77.3,-4.22,0.21,0.72,-0.192,9.31
5.0,0.7,1.5,4.5,0.4,2400,0.2,22,77.3,-4.22,0.21,0.72,-0.192,9.31
5.0,0.7,1.5,4.5,0.6,2400,0.2,22,77.3,-4.22,0.21,0.72,-0.192,9.31
5.0,0.7,1.5,4.5,0.8,2400,0.2,22,77.3,-4.22,0.21,0.72,-0.192,9.31
5.0,0.7,1.5,3.0,0.4,1200,0.2,24,70.8,-5.0,0.28,0.67,-0.208,9.2
5.0,0.7,1.5,3.0,0.6,1200,0.2,24,70.8,-5.0,0.28,0.67,-0.208,9.2
5.0,0.7,1.5,3.0,0.8,1200,0.2,24,70.8,-5.0,0.28,0.67,-0.208,9.2
5.0,0.7,1.5,4.5,0.4,1200,0.2,24,70.8,-5.0,0.28,0.67,-0.208,9.2
5.0,0.7,1.5,4.5,0.6,1200,0.2,24,70.8,-5.0,0.28,0.67,-0.208,9.2
5.0,0.7,1.5,4.5,0.8,1200,0.2,24,70.8,-5.0,0.28,0.67,-0.208,9.2
5.0,1.0,1.5,3.0,0.4,1200,0.2,19,68.4,-4.07,0.34,0.73,-0.214,9.99
5.0,1.0,1.5,3.0,0.6,1200,0.2,19,68.4,-4.07,0.34,0.73,-0.214,9.99
5.0,1.0,1.5,3.0,0.8,1200,0.2,19,68.4,-4.07,0.34,0.73,-0.214,9.99
5.0,1.0,1.5,4.5,0.4,1200,0.2,19,68.4,-4.07,0.34,0.73,-0.214,9.99
5.0,1.0,1.5,4.5,0.6,1200,0.2,19,68.4,-4.07,0.34,0.73,-0.214,9.99
5.0,1.0,1.5,4.5,0.8,1200,0.2,19,68.4,-4.07,0.34,0.73,-0.214,9.99
5.0,1.5,2.5,3.0,0.8,2400,0.2,15,80.0,-3.28,0.2,0.78,-0.219,9.26
5.0,1.5,2.5,4.5,0.8,2400,0.2,15,80.0,-3.28,0.2,0.78,-0.219,9.26
5.0,1.0,1.5,3.0,0.4,14400,0.8,28,71.4,-6.15,0.25,0.63,-0.22,12.89
5.0,1.0,1.5,3.0,0.6,14400,0.8,28,71.4,-6.15,0.25,0.63,-0.22,12.89
5.0,1.0,1.5,3.0,0.8,14400,0.8,28,71.4,-6.15,0.25,0.63,-0.22,12.89
5.0,1.0,1.5,4.5,0.4,14400,0.8,28,71.4,-6.15,0.25,0.63,-0.22,12.89
5.0,1.0,1.5,4.5,0.6,14400,0.8,28,71.4,-6.15,0.25,0.63,-0.22,12.89
5.0,1.0,1.5,4.5,0.8,14400,0.8,28,71.4,-6.15,0.25,0.63,-0.22,12.89
5.0,1.0,2.5,3.0,0.4,14400,0.8,28,71.4,-6.15,0.25,0.63,-0.22,12.89
5.0,1.0,2.5,3.0,0.6,14400,0.8,28,71.4,-6.15,0.25,0.63,-0.22,12.89
5.0,1.0,2.5,3.0,0.8,14400,0.8,28,71.4,-6.15,0.25,0.63,-0.22,12.89
5.0,1.0,2.5,4.5,0.4,14400,0.8,28,71.4,-6.15,0.25,0.63,-0.22,12.89
5.0,1.0,2.5,4.5,0.6,14400,0.8,28,71.4,-6.15,0.25,0.63,-0.22,12.89
5.0,1.0,2.5,4.5,0.8,14400,0.8,28,71.4,-6.15,0.25,0.63,-0.22,12.89
5.0,0.7,2.5,3.0,0.4,2400,0.2,22,77.3,-4.94,0.2,0.67,-0.225,10.03
5.0,0.7,2.5,3.0,0.6,2400,0.2,22,77.3,-4.94,0.2,0.67,-0.225,10.03
5.0,0.7,2.5,3.0,0.8,2400,0.2,22,77.3,-4.94,0.2,0.67,-0.225,10.03
5.0,0.7,2.5,4.5,0.4,2400,0.2,22,77.3,-4.94,0.2,0.67,-0.225,10.03
5.0,0.7,2.5,4.5,0.6,2400,0.2,22,77.3,-4.94,0.2,0.67,-0.225,10.03
5.0,0.7,2.5,4.5,0.8,2400,0.2,22,77.3,-4.94,0.2,0.67,-0.225,10.03
5.0,1.5,2.5,3.0,0.8,3600,0.2,14,78.6,-3.19,0.21,0.79,-0.228,9.12
5.0,1.5,2.5,4.5,0.8,3600,0.2,14,78.6,-3.19,0.21,0.79,-0.228,9.12
5.0,1.5,2.5,3.0,0.4,14400,0.8,27,70.4,-6.17,0.27,0.63,-0.229,12.64
5.0,1.5,2.5,4.5,0.4,14400,0.8,27,70.4,-6.17,0.27,0.63,-0.229,12.64
5.0,1.5,2.5,3.0,0.4,2400,0.2,15,80.0,-3.54,0.19,0.76,-0.236,9.27
5.0,1.5,2.5,4.5,0.4,2400,0.2,15,80.0,-3.54,0.19,0.76,-0.236,9.27
5.0,0.7,2.5,3.0,0.4,1200,0.2,24,70.8,-5.72,0.26,0.62,-0.238,9.92
5.0,0.7,2.5,3.0,0.6,1200,0.2,24,70.8,-5.72,0.26,0.62,-0.238,9.92
5.0,0.7,2.5,3.0,0.8,1200,0.2,24,70.8,-5.72,0.26,0.62,-0.238,9.92
5.0,0.7,2.5,4.5,0.4,1200,0.2,24,70.8,-5.72,0.26,0.62,-0.238,9.92
5.0,0.7,2.5,4.5,0.6,1200,0.2,24,70.8,-5.72,0.26,0.62,-0.238,9.92
5.0,0.7,2.5,4.5,0.8,1200,0.2,24,70.8,-5.72,0.26,0.62,-0.238,9.92
5.0,1.5,2.5,3.0,0.6,2400,0.2,15,80.0,-3.63,0.19,0.76,-0.242,9.67
5.0,1.5,2.5,4.5,0.6,2400,0.2,15,80.0,-3.63,0.19,0.76,-0.242,9.67
5.0,1.5,2.5,3.0,0.4,3600,0.2,14,78.6,-3.45,0.21,0.77,-0.246,9.13
5.0,1.5,2.5,4.5,0.4,3600,0.2,14,78.6,-3.45,0.21,0.77,-0.246,9.13
5.0,1.5,2.5,3.0,0.6,3600,0.2,14,78.6,-3.54,0.21,0.76,-0.253,9.53
5.0,1.5,2.5,3.0,0.6,14400,0.8,26,69.2,-6.58,0.27,0.61,-0.253,12.84
5.0,1.5,2.5,4.5,0.6,3600,0.2,14,78.6,-3.54,0.21,0.76,-0.253,9.53
5.0,1.5,2.5,4.5,0.6,14400,0.8,26,69.2,-6.58,0.27,0.61,-0.253,12.84
5.0,1.5,2.5,3.0,0.8,7200,0.2,13,76.9,-3.37,0.23,0.78,-0.259,9.3
5.0,1.5,2.5,3.0,0.8,14400,0.2,13,76.9,-3.37,0.23,0.78,-0.259,9.3
5.0,1.5,2.5,3.0,0.8,,0.4,13,76.9,-3.37,0.23,0.78,-0.259,9.3
5.0,1.5,2.5,4.5,0.8,7200,0.2,13,76.9,-3.37,0.23,0.78,-0.259,9.3
5.0,1.5,2.5,4.5,0.8,14400,0.2,13,76.9,-3.37,0.23,0.78,-0.259,9.3
5.0,1.5,2.5,4.5,0.8,,0.4,13,76.9,-3.37,0.23,0.78,-0.259,9.3
5.0,1.0,2.5,3.0,0.4,1200,0.2,19,68.4,-4.97,0.31,0.67,-0.262,10.44
5.0,1.0,2.5,3.0,0.6,1200,0.2,19,68.4,-4.97,0.31,0.67,-0.262,10.44
5.0,1.0,2.5,3.0,0.8,1200,0.2,19,68.4,-4.97,0.31,0.67,-0.262,10.44
5.0,1.0,2.5,4.5,0.4,1200,0.2,19,68.4,-4.97,0.31,0.67,-0.262,10.44
5.0,1.0,2.5,4.5,0.6,1200,0.2,19,68.4,-4.97,0.31,0.67,-0.262,10.44
5.0,1.0,2.5,4.5,0.8,1200,0.2,19,68.4,-4.97,0.31,0.67,-0.262,10.44
5.0,1.5,2.5,3.0,0.4,7200,0.2,13,76.9,-3.63,0.23,0.76,-0.279,9.31
5.0,1.5,2.5,3.0,0.4,14400,0.2,13,76.9,-3.63,0.23,0.76,-0.279,9.31
5.0,1.5,2.5,3.0,0.4,,0.4,13,76.9,-3.63,0.23,0.76,-0.279,9.31
5.0,1.5,2.5,4.5,0.4,7200,0.2,13,76.9,-3.63,0.23,0.76,-0.279,9.31
5.0,1.5,2.5,4.5,0.4,14400,0.2,13,76.9,-3.63,0.23,0.76,-0.279,9.31
5.0,1.5,2.5,4.5,0.4,,0.4,13,76.9,-3.63,0.23,0.76,-0.279,9.31
5.0,1.5,2.5,3.0,0.6,7200,0.2,13,76.9,-3.72,0.23,0.75,-0.286,9.71
5.0,1.5,2.5,3.0,0.6,14400,0.2,13,76.9,-3.72,0.23,0.75,-0.286,9.71
5.0,1.5,2.5,3.0,0.6,,0.4,13,76.9,-3.72,0.23,0.75,-0.286,9.71
5.0,1.5,2.5,4.5,0.6,7200,0.2,13,76.9,-3.72,0.23,0.75,-0.286,9.71
5.0,1.5,2.5,4.5,0.6,14400,0.2,13,76.9,-3.72,0.23,0.75,-0.286,9.71
5.0,1.5,2.5,4.5,0.6,,0.4,13,76.9,-3.72,0.23,0.75,-0.286,9.71
5.0,1.0,1.5,3.0,0.4,2400,0.2,15,80.0,-5.01,0.17,0.67,-0.334,10.01
5.0,1.0,1.5,3.0,0.6,2400,0.2,15,80.0,-5.01,0.17,0.67,-0.334,10.01
5.0,1.0,1.5,3.0,0.8,2400,0.2,15,80.0,-5.01,0.17,0.67,-0.334,10.01
5.0,1.0,1.5,4.5,0.4,2400,0.2,15,80.0,-5.01,0.17,0.67,-0.334,10.01
5.0,1.0,1.5,4.5,0.6,2400,0.2,15,80.0,-5.01,0.17,0.67,-0.334,10.01
5.0,1.0,1.5,4.5,0.8,2400,0.2,15,80.0,-5.01,0.17,0.67,-0.334,10.01
5.0,1.0,1.5,3.0,0.4,3600,0.2,14,78.6,-5.37,0.18,0.64,-0.384,9.87
5.0,1.0,1.5,3.0,0.6,3600,0.2,14,78.6,-5.37,0.18,0.64,-0.384,9.87
5.0,1.0,1.5,3.0,0.8,3600,0.2,14,78.6,-5.37,0.18,0.64,-0.384,9.87
5.0,1.0,1.5,4.5,0.4,3600,0.2,14,78.6,-5.37,0.18,0.64,-0.384,9.87
5.0,1.0,1.5,4.5,0.6,3600,0.2,14,78.6,-5.37,0.18,0.64,-0.384,9.87
5.0,1.0,1.5,4.5,0.8,3600,0.2,14,78.6,-5.37,0.18,0.64,-0.384,9.87
5.0,1.0,2.5,3.0,0.4,2400,0.2,15,80.0,-5.91,0.15,0.61,-0.394,10.46
5.0,1.0,2.5,3.0,0.6,2400,0.2,15,80.0,-5.91,0.15,0.61,-0.394,10.46
5.0,1.0,2.5,3.0,0.8,2400,0.2,15,80.0,-5.91,0.15,0.61,-0.394,10.46
5.0,1.0,2.5,4.5,0.4,2400,0.2,15,80.0,-5.91,0.15,0.61,-0.394,10.46
5.0,1.0,2.5,4.5,0.6,2400,0.2,15,80.0,-5.91,0.15,0.61,-0.394,10.46
5.0,1.0,2.5,4.5,0.8,2400,0.2,15,80.0,-5.91,0.15,0.61,-0.394,10.46
5.0,1.0,2.5,3.0,0.4,3600,0.2,14,78.6,-5.82,0.17,0.61,-0.416,10.32
5.0,1.0,2.5,3.0,0.6,3600,0.2,14,78.6,-5.82,0.17,0.61,-0.416,10.32
5.0,1.0,2.5,3.0,0.8,3600,0.2,14,78.6,-5.82,0.17,0.61,-0.416,10.32
5.0,1.0,2.5,4.5,0.4,3600,0.2,14,78.6,-5.82,0.17,0.61,-0.416,10.32
5.0,1.0,2.5,4.5,0.6,3600,0.2,14,78.6,-5.82,0.17,0.61,-0.416,10.32
5.0,1.0,2.5,4.5,0.8,3600,0.2,14,78.6,-5.82,0.17,0.61,-0.416,10.32
5.0,1.0,1.5,3.0,0.4,7200,0.2,13,76.9,-5.55,0.19,0.63,-0.427,10.05
5.0,1.0,1.5,3.0,0.4,14400,0.2,13,76.9,-5.55,0.19,0.63,-0.427,10.05
5.0,1.0,1.5,3.0,0.4,,0.4,13,76.9,-5.55,0.19,0.63,-0.427,10.05
5.0,1.0,1.5,3.0,0.6,7200,0.2,13,76.9,-5.55,0.19,0.63,-0.427,10.05
5.0,1.0,1.5,3.0,0.6,14400,0.2,13,76.9,-5.55,0.19,0.63,-0.427,10.05
5.0,1.0,1.5,3.0,0.6,,0.4,13,76.9,-5.55,0.19,0.63,-0.427,10.05
5.0,1.0,1.5,3.0,0.8,7200,0.2,13,76.9,-5.55,0.19,0.63,-0.427,10.05
5.0,1.0,1.5,3.0,0.8,14400,0.2,13,76.9,-5.55,0.19,0.63,-0.427,10.05
5.0,1.0,1.5,3.0,0.8,,0.4,13,76.9,-5.55,0.19,0.63,-0.427,10.05
5.0,1.0,1.5,4.5,0.4,7200,0.2,13,76.9,-5.55,0.19,0.63,-0.427,10.05
5.0,1.0,1.5,4.5,0.4,14400,0.2,13,76.9,-5.55,0.19,0.63,-0.427,10.05
5.0,1.0,1.5,4.5,0.4,,0.4,13,76.9,-5.55,0.19,0.63,-0.427,10.05
5.0,1.0,1.5,4.5,0.6,7200,0.2,13,76.9,-5.55,0.19,0.63,-0.427,10.05
5.0,1.0,1.5,4.5,0.6,14400,0.2,13,76.9,-5.55,0.19,0.63,-0.427,10.05
5.0,1.0,1.5,4.5,0.6,,0.4,13,76.9,-5.55,0.19,0.63,-0.427,10.05
5.0,1.0,1.5,4.5,0.8,7200,0.2,13,76.9,-5.55,0.19,0.63,-0.427,10.05
5.0,1.0,1.5,4.5,0.8,14400,0.2,13,76.9,-5.55,0.19,0.63,-0.427,10.05
5.0,1.0,1.5,4.5,0.8,,0.4,13,76.9,-5.55,0.19,0.63,-0.427,10.05
5.0,1.0,2.5,3.0,0.4,7200,0.2,13,76.9,-6.0,0.18,0.6,-0.462,10.5
5.0,1.0,2.5,3.0,0.4,14400,0.2,13,76.9,-6.0,0.18,0.6,-0.462,10.5
5.0,1.0,2.5,3.0,0.4,,0.4,13,76.9,-6.0,0.18,0.6,-0.462,10.5
5.0,1.0,2.5,3.0,0.6,7200,0.2,13,76.9,-6.0,0.18,0.6,-0.462,10.5
5.0,1.0,2.5,3.0,0.6,14400,0.2,13,76.9,-6.0,0.18,0.6,-0.462,10.5
5.0,1.0,2.5,3.0,0.6,,0.4,13,76.9,-6.0,0.18,0.6,-0.462,10.5
5.0,1.0,2.5,3.0,0.8,7200,0.2,13,76.9,-6.0,0.18,0.6,-0.462,10.5
5.0,1.0,2.5,3.0,0.8,14400,0.2,13,76.9,-6.0,0.18,0.6,-0.462,10.5
5.0,1.0,2.5,3.0,0.8,,0.4,13,76.9,-6.0,0.18,0.6,-0.462,10.5
5.0,1.0,2.5,4.5,0.4,7200,0.2,13,76.9,-6.0,0.18,0.6,-0.462,10.5
5.0,1.0,2.5,4.5,0.4,14400,0.2,13,76.9,-6.0,0.18,0.6,-0.462,10.5
5.0,1.0,2.5,4.5,0.4,,0.4,13,76.9,-6.0,0.18,0.6,-0.462,10.5
5.0,1.0,2.5,4.5,0.6,7200,0.2,13,76.9,-6.0,0.18,0.6,-0.462,10.5
5.0,1.0,2.5,4.5,0.6,14400,0.2,13,76.9,-6.0,0.18,0.6,-0.462,10.5
5.0,1.0,2.5,4.5,0.6,,0.4,13,76.9,-6.0,0.18,0.6,-0.462,10.5
5.0,1.0,2.5,4.5,0.8,7200,0.2,13,76.9,-6.0,0.18,0.6,-0.462,10.5
5.0,1.0,2.5,4.5,0.8,14400,0.2,13,76.9,-6.0,0.18,0.6,-0.462,10.5
5.0,1.0,2.5,4.5,0.8,,0.4,13,76.9,-6.0,0.18,0.6,-0.462,10.5
