stop_loss_pct,level_1_pct,level_2_pct,level_3_pct,trail_callback,time_stop_seconds,time_stop_no_movement_pct,trades,win_rate,total_pnl_pct,payoff,profit_factor,expectancy_pct,max_dd_pct
2.0,1.5,2.5,4.5,0.4,2400,0.2,86,66.3,16.93,0.66,1.29,0.197,9.93
2.0,1.5,2.5,4.5,0.4,2400,0.4,86,66.3,16.93,0.66,1.29,0.197,9.93
2.0,1.5,2.5,4.5,0.4,3600,0.2,86,66.3,16.93,0.66,1.29,0.197,9.93
2.0,1.5,2.5,4.5,0.4,3600,0.4,86,66.3,16.93,0.66,1.29,0.197,9.93
2.0,1.5,2.5,4.5,0.4,7200,0.2,86,66.3,16.93,0.66,1.29,0.197,9.93
2.0,1.5,2.5,4.5,0.4,7200,0.4,86,66.3,16.93,0.66,1.29,0.197,9.93
2.0,1.5,2.5,4.5,0.4,14400,0.2,86,66.3,16.93,0.66,1.29,0.197,9.93
2.0,1.5,2.5,4.5,0.4,14400,0.4,86,66.3,16.93,0.66,1.29,0.197,9.93
2.0,1.5,2.5,4.5,0.4,14400,0.8,86,66.3,16.93,0.66,1.29,0.197,9.93
2.0,1.5,2.5,4.5,0.4,,0.4,86,66.3,16.93,0.66,1.29,0.197,9.93
4.0,1.5,2.5,4.5,0.4,2400,0.2,73,78.1,13.85,0.34,1.22,0.19,11.95
4.0,1.5,2.5,4.5,0.4,2400,0.4,73,78.1,13.85,0.34,1.22,0.19,11.95
4.0,1.5,2.5,4.5,0.4,3600,0.2,73,78.1,13.85,0.34,1.22,0.19,11.95
4.0,1.5,2.5,4.5,0.4,3600,0.4,73,78.1,13.85,0.34,1.22,0.19,11.95
4.0,1.5,2.5,4.5,0.4,7200,0.2,73,78.1,13.85,0.34,1.22,0.19,11.95
4.0,1.5,2.5,4.5,0.4,7200,0.4,73,78.1,13.85,0.34,1.22,0.19,11.95
4.0,1.5,2.5,4.5,0.4,7200,0.8,73,78.1,13.85,0.34,1.22,0.19,11.95
4.0,1.5,2.5,4.5,0.4,14400,0.2,73,78.1,13.85,0.34,1.22,0.19,11.95
4.0,1.5,2.5,4.5,0.4,14400,0.4,73,78.1,13.85,0.34,1.22,0.19,11.95
4.0,1.5,2.5,4.5,0.4,14400,0.8,73,78.1,13.85,0.34,1.22,0.19,11.95
4.0,1.5,2.5,4.5,0.4,,0.4,73,78.1,13.85,0.34,1.22,0.19,11.95
5.0,1.5,2.5,3.0,0.4,2400,0.2,71,81.7,13.52,0.27,1.21,0.19,12.17
5.0,1.5,2.5,3.0,0.4,2400,0.4,71,81.7,13.52,0.27,1.21,0.19,12.17
5.0,1.5,2.5,3.0,0.4,3600,0.2,71,81.7,13.52,0.27,1.21,0.19,12.17
5.0,1.5,2.5,3.0,0.4,3600,0.4,71,81.7,13.52,0.27,1.21,0.19,12.17
5.0,1.5,2.5,3.0,0.4,7200,0.2,71,81.7,13.52,0.27,1.21,0.19,12.17
5.0,1.5,2.5,3.0,0.4,7200,0.4,71,81.7,13.52,0.27,1.21,0.19,12.17
5.0,1.5,2.5,3.0,0.4,7200,0.8,71,81.7,13.52,0.27,1.21,0.19,12.17
5.0,1.5,2.5,3.0,0.4,14400,0.2,71,81.7,13.52,0.27,1.21,0.19,12.17
5.0,1.5,2.5,3.0,0.4,14400,0.4,71,81.7,13.52,0.27,1.21,0.19,12.17
5.0,1.5,2.5,3.0,0.4,14400,0.8,71,81.7,13.52,0.27,1.21,0.19,12.17
5.0,1.5,2.5,3.0,0.4,,0.4,71,81.7,13.52,0.27,1.21,0.19,12.17
2.0,1.5,2.5,4.5,0.4,7200,0.8,86,66.3,15.8,0.65,1.27,0.184,9.93
4.0,1.5,2.5,4.5,0.6,2400,0.2,73,78.1,13.34,0.34,1.21,0.183,12.94
4.0,1.5,2.5,4.5,0.6,2400,0.4,73,78.1,13.34,0.34,1.21,0.183,12.94
4.0,1.5,2.5,4.5,0.6,3600,0.2,73,78.1,13.34,0.34,1.21,0.183,12.94
4.0,1.5,2.5,4.5,0.6,3600,0.4,73,78.1,13.34,0.34,1.21,0.183,12.94
4.0,1.5,2.5,4.5,0.6,7200,0.2,73,78.1,13.34,0.34,1.21,0.183,12.94
4.0,1.5,2.5,4.5,0.6,7200,0.4,73,78.1,13.34,0.34,1.21,0.183,12.94
4.0,1.5,2.5,4.5,0.6,7200,0.8,73,78.1,13.34,0.34,1.21,0.183,12.94
4.0,1.5,2.5,4.5,0.6,14400,0.2,73,78.1,13.34,0.34,1.21,0.183,12.94
4.0,1.5,2.5,4.5,0.6,14400,0.4,73,78.1,13.34,0.34,1.21,0.183,12.94
4.0,1.5,2.5,4.5,0.6,14400,0.8,73,78.1,13.34,0.34,1.21,0.183,12.94
4.0,1.5,2.5,4.5,0.6,,0.4,73,78.1,13.34,0.34,1.21,0.183,12.94
2.0,1.5,2.5,4.5,0.4,1200,0.2,86,65.1,15.58,0.68,1.27,0.181,9.93
5.0,1.5,2.5,3.0,0.6,2400,0.2,71,81.7,12.81,0.27,1.2,0.18,12.56
5.0,1.5,2.5,3.0,0.6,2400,0.4,71,81.7,12.81,0.27,1.2,0.18,12.56
5.0,1.5,2.5,3.0,0.6,3600,0.2,71,81.7,12.81,0.27,1.2,0.18,12.56
5.0,1.5,2.5,3.0,0.6,3600,0.4,71,81.7,12.81,0.27,1.2,0.18,12.56
5.0,1.5,2.5,3.0,0.6,7200,0.2,71,81.7,12.81,0.27,1.2,0.18,12.56
5.0,1.5,2.5,3.0,0.6,7200,0.4,71,81.7,12.81,0.27,1.2,0.18,12.56
5.0,1.5,2.5,3.0,0.6,7200,0.8,71,81.7,12.81,0.27,1.2,0.18,12.56
5.0,1.5,2.5,3.0,0.6,14400,0.2,71,81.7,12.81,0.27,1.2,0.18,12.56
5.0,1.5,2.5,3.0,0.6,14400,0.4,71,81.7,12.81,0.27,1.2,0.18,12.56
5.0,1.5,2.5,3.0,0.6,14400,0.8,71,81.7,12.81,0.27,1.2,0.18,12.56
5.0,1.5,2.5,3.0,0.6,,0.4,71,81.7,12.81,0.27,1.2,0.18,12.56
5.0,1.5,2.5,4.5,0.4,2400,0.2,71,81.7,12.62,0.27,1.19,0.178,12.62
5.0,1.5,2.5,4.5,0.4,2400,0.4,71,81.7,12.62,0.27,1.19,0.178,12.62
5.0,1.5,2.5,4.5,0.4,3600,0.2,71,81.7,12.62,0.27,1.19,0.178,12.62
5.0,1.5,2.5,4.5,0.4,3600,0.4,71,81.7,12.62,0.27,1.19,0.178,12.62
5.0,1.5,2.5,4.5,0.4,7200,0.2,71,81.7,12.62,0.27,1.19,0.178,12.62
5.0,1.5,2.5,4.5,0.4,7200,0.4,71,81.7,12.62,0.27,1.19,0.178,12.62
5.0,1.5,2.5,4.5,0.4,7200,0.8,71,81.7,12.62,0.27,1.19,0.178,12.62
5.0,1.5,2.5,4.5,0.4,14400,0.2,71,81.7,12.62,0.27,1.19,0.178,12.62
5.0,1.5,2.5,4.5,0.4,14400,0.4,71,81.7,12.62,0.27,1.19,0.178,12.62
5.0,1.5,2.5,4.5,0.4,14400,0.8,71,81.7,12.62,0.27,1.19,0.178,12.62
5.0,1.5,2.5,4.5,0.4,,0.4,71,81.7,12.62,0.27,1.19,0.178,12.62
2.0,1.5,2.5,3.0,0.4,2400,0.2,86,66.3,15.13,0.64,1.26,0.176,9.93
2.0,1.5,2.5,3.0,0.4,2400,0.4,86,66.3,15.13,0.64,1.26,0.176,9.93
2.0,1.5,2.5,3.0,0.4,3600,0.2,86,66.3,15.13,0.64,1.26,0.176,9.93
2.0,1.5,2.5,3.0,0.4,3600,0.4,86,66.3,15.13,0.64,1.26,0.176,9.93
2.0,1.5,2.5,3.0,0.4,7200,0.2,86,66.3,15.13,0.64,1.26,0.176,9.93
2.0,1.5,2.5,3.0,0.4,7200,0.4,86,66.3,15.13,0.64,1.26,0.176,9.93
2.0,1.5,2.5,3.0,0.4,14400,0.2,86,66.3,15.13,0.64,1.26,0.176,9.93
2.0,1.5,2.5,3.0,0.4,14400,0.4,86,66.3,15.13,0.64,1.26,0.176,9.93
2.0,1.5,2.5,3.0,0.4,14400,0.8,86,66.3,15.13,0.64,1.26,0.176,9.93
2.0,1.5,2.5,3.0,0.4,,0.4,86,66.3,15.13,0.64,1.26,0.176,9.93
2.0,1.5,2.5,4.5,0.6,2400,0.2,86,66.3,15.12,0.64,1.26,0.176,10.12
2.0,1.5,2.5,4.5,0.6,2400,0.4,86,66.3,15.12,0.64,1.26,0.176,10.12
2.0,1.5,2.5,4.5,0.6,3600,0.2,86,66.3,15.12,0.64,1.26,0.176,10.12
2.0,1.5,2.5,4.5,0.6,3600,0.4,86,66.3,15.12,0.64,1.26,0.176,10.12
2.0,1.5,2.5,4.5,0.6,7200,0.2,86,66.3,15.12,0.64,1.26,0.176,10.12
2.0,1.5,2.5,4.5,0.6,7200,0.4,86,66.3,15.12,0.64,1.26,0.176,10.12
2.0,1.5,2.5,4.5,0.6,14400,0.2,86,66.3,15.12,0.64,1.26,0.176,10.12
2.0,1.5,2.5,4.5,0.6,14400,0.4,86,66.3,15.12,0.64,1.26,0.176,10.12
2.0,1.5,2.5,4.5,0.6,14400,0.8,86,66.3,15.12,0.64,1.26,0.176,10.12
2.0,1.5,2.5,4.5,0.6,,0.4,86,66.3,15.12,0.64,1.26,0.176,10.12
2.0,1.5,2.5,4.5,0.4,1200,0.4,85,63.5,14.78,0.73,1.26,0.174,9.93
2.0,1.5,2.5,4.5,0.8,2400,0.2,86,66.3,14.78,0.64,1.25,0.172,9.5
2.0,1.5,2.5,4.5,0.8,2400,0.4,86,66.3,14.78,0.64,1.25,0.172,9.5
2.0,1.5,2.5,4.5,0.8,3600,0.2,86,66.3,14.78,0.64,1.25,0.172,9.5
2.0,1.5,2.5,4.5,0.8,3600,0.4,86,66.3,14.78,0.64,1.25,0.172,9.5
2.0,1.5,2.5,4.5,0.8,7200,0.2,86,66.3,14.78,0.64,1.25,0.172,9.5
2.0,1.5,2.5,4.5,0.8,7200,0.4,86,66.3,14.78,0.64,1.25,0.172,9.5
2.0,1.5,2.5,4.5,0.8,14400,0.2,86,66.3,14.78,0.64,1.25,0.172,9.5
2.0,1.5,2.5,4.5,0.8,14400,0.4,86,66.3,14.78,0.64,1.25,0.172,9.5
2.0,1.5,2.5,4.5,0.8,14400,0.8,86,66.3,14.78,0.64,1.25,0.172,9.5
2.0,1.5,2.5,4.5,0.8,,0.4,86,66.3,14.78,0.64,1.25,0.172,9.5
4.0,1.5,2.5,3.0,0.4,2400,0.2,73,78.1,12.5,0.34,1.2,0.171,11.5
4.0,1.5,2.5,3.0,0.4,2400,0.4,73,78.1,12.5,0.34,1.2,0.171,11.5
4.0,1.5,2.5,3.0,0.4,3600,0.2,73,78.1,12.5,0.34,1.2,0.171,11.5
4.0,1.5,2.5,3.0,0.4,3600,0.4,73,78.1,12.5,0.34,1.2,0.171,11.5
4.0,1.5,2.5,3.0,0.4,7200,0.2,73,78.1,12.5,0.34,1.2,0.171,11.5
4.0,1.5,2.5,3.0,0.4,7200,0.4,73,78.1,12.5,0.34,1.2,0.171,11.5
4.0,1.5,2.5,3.0,0.4,7200,0.8,73,78.1,12.5,0.34,1.2,0.171,11.5
4.0,1.5,2.5,3.0,0.4,14400,0.2,73,78.1,12.5,0.34,1.2,0.171,11.5
4.0,1.5,2.5,3.0,0.4,14400,0.4,73,78.1,12.5,0.34,1.2,0.171,11.5
4.0,1.5,2.5,3.0,0.4,14400,0.8,73,78.1,12.5,0.34,1.2,0.171,11.5
4.0,1.5,2.5,3.0,0.4,,0.4,73,78.1,12.5,0.34,1.2,0.171,11.5
4.0,1.5,2.5,4.5,0.4,1200,0.2,73,76.7,12.5,0.36,1.2,0.171,11.95
5.0,1.5,2.5,3.0,0.4,1200,0.2,71,80.3,12.17,0.29,1.19,0.171,12.17
5.0,1.5,2.5,4.5,0.6,2400,0.2,71,81.7,11.91,0.27,1.18,0.168,13.01
5.0,1.5,2.5,4.5,0.6,2400,0.4,71,81.7,11.91,0.27,1.18,0.168,13.01
5.0,1.5,2.5,4.5,0.6,3600,0.2,71,81.7,11.91,0.27,1.18,0.168,13.01
5.0,1.5,2.5,4.5,0.6,3600,0.4,71,81.7,11.91,0.27,1.18,0.168,13.01
5.0,1.5,2.5,4.5,0.6,7200,0.2,71,81.7,11.91,0.27,1.18,0.168,13.01
5.0,1.5,2.5,4.5,0.6,7200,0.4,71,81.7,11.91,0.27,1.18,0.168,13.01
5.0,1.5,2.5,4.5,0.6,7200,0.8,71,81.7,11.91,0.27,1.18,0.168,13.01
5.0,1.5,2.5,4.5,0.6,14400,0.2,71,81.7,11.91,0.27,1.18,0.168,13.01
5.0,1.5,2.5,4.5,0.6,14400,0.4,71,81.7,11.91,0.27,1.18,0.168,13.01
5.0,1.5,2.5,4.5,0.6,14400,0.8,71,81.7,11.91,0.27,1.18,0.168,13.01
5.0,1.5,2.5,4.5,0.6,,0.4,71,81.7,11.91,0.27,1.18,0.168,13.01
5.0,1.5,2.5,4.5,0.4,1200,0.8,75,74.7,12.38,0.41,1.21,0.165,13.26
4.0,1.5,2.5,3.0,0.6,2400,0.2,73,78.1,11.99,0.33,1.19,0.164,12.49
4.0,1.5,2.5,3.0,0.6,2400,0.4,73,78.1,11.99,0.33,1.19,0.164,12.49
4.0,1.5,2.5,3.0,0.6,3600,0.2,73,78.1,11.99,0.33,1.19,0.164,12.49
4.0,1.5,2.5,3.0,0.6,3600,0.4,73,78.1,11.99,0.33,1.19,0.164,12.49
4.0,1.5,2.5,3.0,0.6,7200,0.2,73,78.1,11.99,0.33,1.19,0.164,12.49
4.0,1.5,2.5,3.0,0.6,7200,0.4,73,78.1,11.99,0.33,1.19,0.164,12.49
4.0,1.5,2.5,3.0,0.6,7200,0.8,73,78.1,11.99,0.33,1.19,0.164,12.49
4.0,1.5,2.5,3.0,0.6,14400,0.2,73,78.1,11.99,0.33,1.19,0.164,12.49
4.0,1.5,2.5,3.0,0.6,14400,0.4,73,78.1,11.99,0.33,1.19,0.164,12.49
4.0,1.5,2.5,3.0,0.6,14400,0.8,73,78.1,11.99,0.33,1.19,0.164,12.49
4.0,1.5,2.5,3.0,0.6,,0.4,73,78.1,11.99,0.33,1.19,0.164,12.49
4.0,1.5,2.5,4.5,0.6,1200,0.2,73,76.7,11.99,0.36,1.19,0.164,12.94
2.0,1.5,2.5,3.0,0.4,7200,0.8,86,66.3,14.0,0.63,1.24,0.163,9.93
2.0,1.5,2.5,4.5,0.4,3600,0.8,86,64.0,13.99,0.7,1.24,0.163,9.93
2.0,1.5,2.5,4.5,0.6,7200,0.8,86,66.3,13.99,0.63,1.24,0.163,10.12
5.0,1.5,2.5,3.0,0.6,1200,0.2,71,80.3,11.46,0.29,1.18,0.161,12.56
2.0,1.5,2.5,3.0,0.4,1200,0.2,86,65.1,13.78,0.66,1.24,0.16,9.93
2.0,1.5,2.5,4.5,0.6,1200,0.2,86,65.1,13.77,0.66,1.24,0.16,10.12
5.0,1.5,2.5,3.0,0.4,3600,0.8,72,79.2,11.52,0.31,1.18,0.16,12.17
2.0,1.5,2.5,4.5,0.8,7200,0.8,86,66.3,13.65,0.63,1.24,0.159,10.32
5.0,1.5,2.5,3.0,0.6,3600,0.8,72,79.2,11.42,0.31,1.18,0.159,12.56
5.0,1.5,2.5,4.5,0.4,1200,0.2,71,80.3,11.27,0.29,1.17,0.159,12.62
4.0,1.5,2.5,4.5,0.8,2400,0.2,73,78.1,11.56,0.33,1.18,0.158,13.12
4.0,1.5,2.5,4.5,0.8,2400,0.4,73,78.1,11.56,0.33,1.18,0.158,13.12
4.0,1.5,2.5,4.5,0.8,3600,0.2,73,78.1,11.56,0.33,1.18,0.158,13.12
4.0,1.5,2.5,4.5,0.8,3600,0.4,73,78.1,11.56,0.33,1.18,0.158,13.12
4.0,1.5,2.5,4.5,0.8,7200,0.2,73,78.1,11.56,0.33,1.18,0.158,13.12
4.0,1.5,2.5,4.5,0.8,7200,0.4,73,78.1,11.56,0.33,1.18,0.158,13.12
4.0,1.5,2.5,4.5,0.8,7200,0.8,73,78.1,11.56,0.33,1.18,0.158,13.12
4.0,1.5,2.5,4.5,0.8,14400,0.2,73,78.1,11.56,0.33,1.18,0.158,13.12
4.0,1.5,2.5,4.5,0.8,14400,0.4,73,78.1,11.56,0.33,1.18,0.158,13.12
4.0,1.5,2.5,4.5,0.8,14400,0.8,73,78.1,11.56,0.33,1.18,0.158,13.12
4.0,1.5,2.5,4.5,0.8,,0.4,73,78.1,11.56,0.33,1.18,0.158,13.12
2.0,1.5,2.5,3.0,0.8,2400,0.2,86,66.3,13.43,0.63,1.23,0.156,9.5
2.0,1.5,2.5,3.0,0.8,2400,0.4,86,66.3,13.43,0.63,1.23,0.156,9.5
2.0,1.5,2.5,3.0,0.8,3600,0.2,86,66.3,13.43,0.63,1.23,0.156,9.5
2.0,1.5,2.5,3.0,0.8,3600,0.4,86,66.3,13.43,0.63,1.23,0.156,9.5
2.0,1.5,2.5,3.0,0.8,7200,0.2,86,66.3,13.43,0.63,1.23,0.156,9.5
2.0,1.5,2.5,3.0,0.8,7200,0.4,86,66.3,13.43,0.63,1.23,0.156,9.5
2.0,1.5,2.5,3.0,0.8,14400,0.2,86,66.3,13.43,0.63,1.23,0.156,9.5
2.0,1.5,2.5,3.0,0.8,14400,0.4,86,66.3,13.43,0.63,1.23,0.156,9.5
2.0,1.5,2.5,3.0,0.8,14400,0.8,86,66.3,13.43,0.63,1.23,0.156,9.5
2.0,1.5,2.5,3.0,0.8,,0.4,86,66.3,13.43,0.63,1.23,0.156,9.5
2.0,1.5,2.5,4.5,0.8,1200,0.2,86,65.1,13.43,0.66,1.23,0.156,9.5
2.0,1.5,2.5,3.0,0.6,2400,0.2,86,66.3,13.32,0.63,1.23,0.155,10.12
2.0,1.5,2.5,3.0,0.6,2400,0.4,86,66.3,13.32,0.63,1.23,0.155,10.12
2.0,1.5,2.5,3.0,0.6,3600,0.2,86,66.3,13.32,0.63,1.23,0.155,10.12
2.0,1.5,2.5,3.0,0.6,3600,0.4,86,66.3,13.32,0.63,1.23,0.155,10.12
2.0,1.5,2.5,3.0,0.6,7200,0.2,86,66.3,13.32,0.63,1.23,0.155,10.12
2.0,1.5,2.5,3.0,0.6,7200,0.4,86,66.3,13.32,0.63,1.23,0.155,10.12
2.0,1.5,2.5,3.0,0.6,14400,0.2,86,66.3,13.32,0.63,1.23,0.155,10.12
2.0,1.5,2.5,3.0,0.6,14400,0.4,86,66.3,13.32,0.63,1.23,0.155,10.12
2.0,1.5,2.5,3.0,0.6,14400,0.8,86,66.3,13.32,0.63,1.23,0.155,10.12
2.0,1.5,2.5,3.0,0.6,,0.4,86,66.3,13.32,0.63,1.23,0.155,10.12
2.0,1.5,2.5,3.0,0.4,1200,0.4,85,63.5,12.98,0.71,1.23,0.153,9.93
4.0,1.5,2.5,3.0,0.4,1200,0.2,73,76.7,11.15,0.36,1.17,0.153,11.5
5.0,1.5,2.5,3.0,0.4,1200,0.8,75,74.7,11.48,0.4,1.19,0.153,12.81
5.0,1.5,2.5,3.0,0.8,2400,0.2,71,81.7,10.83,0.26,1.17,0.153,12.14
5.0,1.5,2.5,3.0,0.8,2400,0.4,71,81.7,10.83,0.26,1.17,0.153,12.14
5.0,1.5,2.5,3.0,0.8,3600,0.2,71,81.7,10.83,0.26,1.17,0.153,12.14
5.0,1.5,2.5,3.0,0.8,3600,0.4,71,81.7,10.83,0.26,1.17,0.153,12.14
5.0,1.5,2.5,3.0,0.8,7200,0.2,71,81.7,10.83,0.26,1.17,0.153,12.14
5.0,1.5,2.5,3.0,0.8,7200,0.4,71,81.7,10.83,0.26,1.17,0.153,12.14
5.0,1.5,2.5,3.0,0.8,7200,0.8,71,81.7,10.83,0.26,1.17,0.153,12.14
5.0,1.5,2.5,3.0,0.8,14400,0.2,71,81.7,10.83,0.26,1.17,0.153,12.14
5.0,1.5,2.5,3.0,0.8,14400,0.4,71,81.7,10.83,0.26,1.17,0.153,12.14
5.0,1.5,2.5,3.0,0.8,14400,0.8,71,81.7,10.83,0.26,1.17,0.153,12.14
5.0,1.5,2.5,3.0,0.8,,0.4,71,81.7,10.83,0.26,1.17,0.153,12.14
4.0,1.5,2.5,4.5,0.4,3600,0.8,73,75.3,11.0,0.38,1.17,0.151,11.95
5.0,1.5,2.5,4.5,0.6,1200,0.2,71,80.3,10.56,0.29,1.16,0.149,13.01
4.0,1.5,2.5,4.5,0.4,1200,0.4,73,75.3,10.79,0.38,1.17,0.148,11.95
5.0,1.5,2.5,4.5,0.4,3600,0.8,72,79.2,10.62,0.31,1.16,0.148,12.62
5.0,1.5,2.5,3.0,0.4,1200,0.4,71,78.9,10.46,0.31,1.16,0.147,12.17
4.0,1.5,2.5,3.0,0.6,1200,0.2,73,76.7,10.64,0.35,1.17,0.146,12.49
4.0,1.5,2.5,4.5,0.6,3600,0.8,73,75.3,10.64,0.38,1.17,0.146,12.94
5.0,1.5,2.5,4.5,0.6,3600,0.8,72,79.2,10.52,0.31,1.16,0.146,13.01
2.0,1.5,2.5,4.5,0.6,3600,0.8,86,64.0,12.38,0.68,1.21,0.144,10.12
2.0,1.5,2.5,3.0,0.8,7200,0.8,86,66.3,12.3,0.62,1.21,0.143,10.32
5.0,1.5,2.5,4.5,0.6,1200,0.8,75,74.7,10.72,0.4,1.18,0.143,13.66
2.0,1.5,2.5,3.0,0.4,3600,0.8,86,64.0,12.19,0.68,1.21,0.142,9.93
2.0,1.5,2.5,3.0,0.6,7200,0.8,86,66.3,12.19,0.62,1.21,0.142,10.12
2.0,1.5,2.5,4.5,0.6,1200,0.4,85,63.5,12.1,0.7,1.22,0.142,10.12
2.0,1.5,2.5,4.5,0.8,3600,0.8,86,64.0,12.24,0.68,1.21,0.142,10.38
2.0,1.5,2.5,3.0,0.8,1200,0.2,86,65.1,12.08,0.65,1.21,0.14,9.5
2.0,1.5,2.5,4.5,0.4,1200,0.8,87,59.8,12.22,0.83,1.23,0.14,9.1
2.0,1.5,2.5,4.5,0.4,2400,0.8,87,64.4,12.15,0.67,1.21,0.14,9.93
4.0,1.5,2.5,3.0,0.8,2400,0.2,73,78.1,10.21,0.33,1.16,0.14,12.67
4.0,1.5,2.5,3.0,0.8,2400,0.4,73,78.1,10.21,0.33,1.16,0.14,12.67
4.0,1.5,2.5,3.0,0.8,3600,0.2,73,78.1,10.21,0.33,1.16,0.14,12.67
4.0,1.5,2.5,3.0,0.8,3600,0.4,73,78.1,10.21,0.33,1.16,0.14,12.67
4.0,1.5,2.5,3.0,0.8,7200,0.2,73,78.1,10.21,0.33,1.16,0.14,12.67
4.0,1.5,2.5,3.0,0.8,7200,0.4,73,78.1,10.21,0.33,1.16,0.14,12.67
4.0,1.5,2.5,3.0,0.8,7200,0.8,73,78.1,10.21,0.33,1.16,0.14,12.67
4.0,1.5,2.5,3.0,0.8,14400,0.2,73,78.1,10.21,0.33,1.16,0.14,12.67
4.0,1.5,2.5,3.0,0.8,14400,0.4,73,78.1,10.21,0.33,1.16,0.14,12.67
4.0,1.5,2.5,3.0,0.8,14400,0.8,73,78.1,10.21,0.33,1.16,0.14,12.67
4.0,1.5,2.5,3.0,0.8,,0.4,73,78.1,10.21,0.33,1.16,0.14,12.67
4.0,1.5,2.5,4.5,0.8,1200,0.2,73,76.7,10.21,0.35,1.16,0.14,13.12
5.0,1.5,2.5,4.5,0.8,2400,0.2,71,81.7,9.93,0.26,1.15,0.14,12.59
5.0,1.5,2.5,4.5,0.8,2400,0.4,71,81.7,9.93,0.26,1.15,0.14,12.59
5.0,1.5,2.5,4.5,0.8,3600,0.2,71,81.7,9.93,0.26,1.15,0.14,12.59
5.0,1.5,2.5,4.5,0.8,3600,0.4,71,81.7,9.93,0.26,1.15,0.14,12.59
5.0,1.5,2.5,4.5,0.8,7200,0.2,71,81.7,9.93,0.26,1.15,0.14,12.59
5.0,1.5,2.5,4.5,0.8,7200,0.4,71,81.7,9.93,0.26,1.15,0.14,12.59
5.0,1.5,2.5,4.5,0.8,7200,0.8,71,81.7,9.93,0.26,1.15,0.14,12.59
5.0,1.5,2.5,4.5,0.8,14400,0.2,71,81.7,9.93,0.26,1.15,0.14,12.59
5.0,1.5,2.5,4.5,0.8,14400,0.4,71,81.7,9.93,0.26,1.15,0.14,12.59
5.0,1.5,2.5,4.5,0.8,14400,0.8,71,81.7,9.93,0.26,1.15,0.14,12.59
5.0,1.5,2.5,4.5,0.8,,0.4,71,81.7,9.93,0.26,1.15,0.14,12.59
2.0,1.5,2.5,3.0,0.6,1200,0.2,86,65.1,11.97,0.65,1.21,0.139,10.12
2.0,1.5,2.5,4.5,0.8,1200,0.4,85,63.5,11.76,0.69,1.21,0.138,9.5
5.0,1.5,2.5,4.5,0.4,1200,0.4,71,78.9,9.56,0.31,1.15,0.135,12.62
5.0,1.5,2.5,3.0,0.8,1200,0.2,71,80.3,9.48,0.28,1.15,0.134,12.14
5.0,1.5,2.5,3.0,0.8,3600,0.8,72,79.2,9.64,0.3,1.15,0.134,12.14
4.0,1.5,2.5,3.0,0.4,3600,0.8,73,75.3,9.65,0.38,1.15,0.132,11.5
4.0,1.5,2.5,4.5,0.6,1200,0.4,73,75.3,9.67,0.38,1.15,0.132,12.94
5.0,1.5,2.5,3.0,0.6,1200,0.8,75,74.7,9.82,0.39,1.16,0.131,13.21
4.0,1.5,2.5,3.0,0.4,1200,0.4,73,75.3,9.44,0.38,1.15,0.129,11.5
5.0,1.5,2.5,3.0,0.6,1200,0.4,71,78.9,9.14,0.31,1.14,0.129,12.56
2.0,1.5,2.5,3.0,0.8,3600,0.8,86,64.0,10.89,0.67,1.19,0.127,10.38
4.0,1.5,2.5,3.0,0.6,3600,0.8,73,75.3,9.29,0.37,1.15,0.127,12.49
2.0,1.5,2.5,3.0,0.6,3600,0.8,86,64.0,10.58,0.67,1.18,0.123,10.12
2.0,1.5,2.5,3.0,0.8,1200,0.4,85,63.5,10.41,0.68,1.19,0.122,9.5
5.0,1.5,2.5,4.5,0.8,1200,0.8,75,74.7,9.14,0.39,1.15,0.122,13.87
2.0,1.5,2.5,3.0,0.6,1200,0.4,85,63.5,10.3,0.68,1.18,0.121,10.12
2.0,1.5,2.5,4.5,0.6,2400,0.8,87,64.4,10.54,0.65,1.18,0.121,10.12
4.0,1.5,2.5,3.0,0.8,1200,0.2,73,76.7,8.86,0.35,1.14,0.121,12.67
4.0,1.5,2.5,4.5,0.8,3600,0.8,73,75.3,8.86,0.37,1.14,0.121,13.12
5.0,1.5,2.5,4.5,0.8,1200,0.2,71,80.3,8.58,0.28,1.13,0.121,12.59
5.0,1.5,2.5,4.5,0.8,3600,0.8,72,79.2,8.74,0.3,1.13,0.121,12.59
2.0,1.5,2.5,3.0,0.4,1200,0.8,87,59.8,10.42,0.8,1.2,0.12,9.1
2.0,1.5,2.5,4.5,0.8,2400,0.8,87,64.4,10.4,0.65,1.18,0.12,10.17
2.0,1.5,2.5,3.0,0.4,2400,0.8,87,64.4,10.35,0.65,1.18,0.119,9.93
2.0,1.5,2.5,4.5,0.8,1200,0.8,87,59.8,10.19,0.8,1.19,0.117,10.01
5.0,0.7,1.5,3.0,0.4,2400,0.2,78,85.9,9.08,0.19,1.17,0.116,9.15
5.0,0.7,1.5,3.0,0.4,2400,0.4,78,85.9,9.08,0.19,1.17,0.116,9.15
5.0,0.7,1.5,3.0,0.4,3600,0.2,78,85.9,9.08,0.19,1.17,0.116,9.15
5.0,0.7,1.5,3.0,0.4,3600,0.4,78,85.9,9.08,0.19,1.17,0.116,9.15
5.0,0.7,1.5,3.0,0.4,7200,0.2,78,85.9,9.08,0.19,1.17,0.116,9.15
5.0,0.7,1.5,3.0,0.4,7200,0.4,78,85.9,9.08,0.19,1.17,0.116,9.15
5.0,0.7,1.5,3.0,0.4,7200,0.8,78,85.9,9.08,0.19,1.17,0.116,9.15
5.0,0.7,1.5,3.0,0.4,14400,0.2,78,85.9,9.08,0.19,1.17,0.116,9.15
5.0,0.7,1.5,3.0,0.4,14400,0.4,78,85.9,9.08,0.19,1.17,0.116,9.15
5.0,0.7,1.5,3.0,0.4,14400,0.8,78,85.9,9.08,0.19,1.17,0.116,9.15
5.0,0.7,1.5,3.0,0.4,,0.4,78,85.9,9.08,0.19,1.17,0.116,9.15
5.0,0.7,1.5,3.0,0.6,2400,0.2,78,85.9,9.08,0.19,1.17,0.116,9.15
5.0,0.7,1.5,3.0,0.6,2400,0.4,78,85.9,9.08,0.19,1.17,0.116,9.15
5.0,0.7,1.5,3.0,0.6,3600,0.2,78,85.9,9.08,0.19,1.17,0.116,9.15
5.0,0.7,1.5,3.0,0.6,3600,0.4,78,85.9,9.08,0.19,1.17,0.116,9.15
5.0,0.7,1.5,3.0,0.6,7200,0.2,78,85.9,9.08,0.19,1.17,0.116,9.15
5.0,0.7,1.5,3.0,0.6,7200,0.4,78,85.9,9.08,0.19,1.17,0.116,9.15
5.0,0.7,1.5,3.0,0.6,7200,0.8,78,85.9,9.08,0.19,1.17,0.116,9.15
5.0,0.7,1.5,3.0,0.6,14400,0.2,78,85.9,9.08,0.19,1.17,0.116,9.15
5.0,0.7,1.5,3.0,0.6,14400,0.4,78,85.9,9.08,0.19,1.17,0.116,9.15
5.0,0.7,1.5,3.0,0.6,14400,0.8,78,85.9,9.08,0.19,1.17,0.116,9.15
5.0,0.7,1.5,3.0,0.6,,0.4,78,85.9,9.08,0.19,1.17,0.116,9.15
5.0,0.7,1.5,3.0,0.8,2400,0.2,78,85.9,9.08,0.19,1.17,0.116,9.15
5.0,0.7,1.5,3.0,0.8,2400,0.4,78,85.9,9.08,0.19,1.17,0.116,9.15
5.0,0.7,1.5,3.0,0.8,3600,0.2,78,85.9,9.08,0.19,1.17,0.116,9.15
5.0,0.7,1.5,3.0,0.8,3600,0.4,78,85.9,9.08,0.19,1.17,0.116,9.15
5.0,0.7,1.5,3.0,0.8,7200,0.2,78,85.9,9.08,0.19,1.17,0.116,9.15
5.0,0.7,1.5,3.0,0.8,7200,0.4,78,85.9,9.08,0.19,1.17,0.116,9.15
5.0,0.7,1.5,3.0,0.8,7200,0.8,78,85.9,9.08,0.19,1.17,0.116,9.15
5.0,0.7,1.5,3.0,0.8,14400,0.2,78,85.9,9.08,0.19,1.17,0.116,9.15
5.0,0.7,1.5,3.0,0.8,14400,0.4,78,85.9,9.08,0.19,1.17,0.116,9.15
5.0,0.7,1.5,3.0,0.8,14400,0.8,78,85.9,9.08,0.19,1.17,0.116,9.15
5.0,0.7,1.5,3.0,0.8,,0.4,78,85.9,9.08,0.19,1.17,0.116,9.15
5.0,1.5,2.5,4.5,0.6,1200,0.4,71,78.9,8.24,0.3,1.13,0.116,13.01
2.0,1.5,2.5,4.5,0.6,1200,0.8,87,59.8,9.93,0.8,1.19,0.114,9.3
4.0,1.5,2.5,3.0,0.6,1200,0.4,73,75.3,8.32,0.37,1.13,0.114,12.49
5.0,1.5,2.5,3.0,0.8,1200,0.8,75,74.7,8.24,0.39,1.14,0.11,13.87
4.0,1.5,2.5,4.5,0.8,1200,0.4,73,75.3,7.89,0.37,1.12,0.108,13.12
5.0,0.7,1.5,3.0,0.4,1200,0.2,78,84.6,8.45,0.21,1.15,0.108,9.15
5.0,0.7,1.5,3.0,0.6,1200,0.2,78,84.6,8.45,0.21,1.15,0.108,9.15
5.0,0.7,1.5,3.0,0.8,1200,0.2,78,84.6,8.45,0.21,1.15,0.108,9.15
5.0,0.7,1.5,3.0,0.4,3600,0.8,79,84.8,8.45,0.21,1.15,0.107,9.74
5.0,0.7,1.5,3.0,0.6,3600,0.8,79,84.8,8.45,0.21,1.15,0.107,9.74
5.0,0.7,1.5,3.0,0.8,3600,0.8,79,84.8,8.45,0.21,1.15,0.107,9.74
5.0,1.5,2.5,3.0,0.8,2400,0.8,73,79.5,7.8,0.29,1.12,0.107,12.14
2.0,1.0,1.5,3.0,0.4,2400,0.2,86,66.3,9.05,0.59,1.16,0.105,9.95
2.0,1.0,1.5,3.0,0.4,2400,0.4,86,66.3,9.05,0.59,1.16,0.105,9.95
2.0,1.0,1.5,3.0,0.4,3600,0.2,86,66.3,9.05,0.59,1.16,0.105,9.95
2.0,1.0,1.5,3.0,0.4,3600,0.4,86,66.3,9.05,0.59,1.16,0.105,9.95
2.0,1.0,1.5,3.0,0.4,7200,0.2,86,66.3,9.05,0.59,1.16,0.105,9.95
2.0,1.0,1.5,3.0,0.4,7200,0.4,86,66.3,9.05,0.59,1.16,0.105,9.95
2.0,1.0,1.5,3.0,0.4,14400,0.2,86,66.3,9.05,0.59,1.16,0.105,9.95
2.0,1.0,1.5,3.0,0.4,14400,0.4,86,66.3,9.05,0.59,1.16,0.105,9.95
2.0,1.0,1.5,3.0,0.4,14400,0.8,86,66.3,9.05,0.59,1.16,0.105,9.95
2.0,1.0,1.5,3.0,0.4,,0.4,86,66.3,9.05,0.59,1.16,0.105,9.95
2.0,1.0,1.5,3.0,0.6,2400,0.2,86,66.3,9.05,0.59,1.16,0.105,9.95
2.0,1.0,1.5,3.0,0.6,2400,0.4,86,66.3,9.05,0.59,1.16,0.105,9.95
2.0,1.0,1.5,3.0,0.6,3600,0.2,86,66.3,9.05,0.59,1.16,0.105,9.95
2.0,1.0,1.5,3.0,0.6,3600,0.4,86,66.3,9.05,0.59,1.16,0.105,9.95
2.0,1.0,1.5,3.0,0.6,7200,0.2,86,66.3,9.05,0.59,1.16,0.105,9.95
2.0,1.0,1.5,3.0,0.6,7200,0.4,86,66.3,9.05,0.59,1.16,0.105,9.95
2.0,1.0,1.5,3.0,0.6,14400,0.2,86,66.3,9.05,0.59,1.16,0.105,9.95
2.0,1.0,1.5,3.0,0.6,14400,0.4,86,66.3,9.05,0.59,1.16,0.105,9.95
2.0,1.0,1.5,3.0,0.6,14400,0.8,86,66.3,9.05,0.59,1.16,0.105,9.95
2.0,1.0,1.5,3.0,0.6,,0.4,86,66.3,9.05,0.59,1.16,0.105,9.95
2.0,1.0,1.5,3.0,0.8,2400,0.2,86,66.3,9.05,0.59,1.16,0.105,9.95
2.0,1.0,1.5,3.0,0.8,2400,0.4,86,66.3,9.05,0.59,1.16,0.105,9.95
2.0,1.0,1.5,3.0,0.8,3600,0.2,86,66.3,9.05,0.59,1.16,0.105,9.95
2.0,1.0,1.5,3.0,0.8,3600,0.4,86,66.3,9.05,0.59,1.16,0.105,9.95
2.0,1.0,1.5,3.0,0.8,7200,0.2,86,66.3,9.05,0.59,1.16,0.105,9.95
2.0,1.0,1.5,3.0,0.8,7200,0.4,86,66.3,9.05,0.59,1.16,0.105,9.95
2.0,1.0,1.5,3.0,0.8,14400,0.2,86,66.3,9.05,0.59,1.16,0.105,9.95
2.0,1.0,1.5,3.0,0.8,14400,0.4,86,66.3,9.05,0.59,1.16,0.105,9.95
2.0,1.0,1.5,3.0,0.8,14400,0.8,86,66.3,9.05,0.59,1.16,0.105,9.95
2.0,1.0,1.5,3.0,0.8,,0.4,86,66.3,9.05,0.59,1.16,0.105,9.95
2.0,1.0,1.5,4.5,0.4,2400,0.2,86,66.3,9.05,0.59,1.16,0.105,10.6
2.0,1.0,1.5,4.5,0.4,2400,0.4,86,66.3,9.05,0.59,1.16,0.105,10.6
2.0,1.0,1.5,4.5,0.4,3600,0.2,86,66.3,9.05,0.59,1.16,0.105,10.6
2.0,1.0,1.5,4.5,0.4,3600,0.4,86,66.3,9.05,0.59,1.16,0.105,10.6
2.0,1.0,1.5,4.5,0.4,7200,0.2,86,66.3,9.05,0.59,1.16,0.105,10.6
2.0,1.0,1.5,4.5,0.4,7200,0.4,86,66.3,9.05,0.59,1.16,0.105,10.6
2.0,1.0,1.5,4.5,0.4,14400,0.2,86,66.3,9.05,0.59,1.16,0.105,10.6
2.0,1.0,1.5,4.5,0.4,14400,0.4,86,66.3,9.05,0.59,1.16,0.105,10.6
2.0,1.0,1.5,4.5,0.4,14400,0.8,86,66.3,9.05,0.59,1.16,0.105,10.6
2.0,1.0,1.5,4.5,0.4,,0.4,86,66.3,9.05,0.59,1.16,0.105,10.6
2.0,1.0,1.5,4.5,0.6,2400,0.2,86,66.3,9.05,0.59,1.16,0.105,10.6
2.0,1.0,1.5,4.5,0.6,2400,0.4,86,66.3,9.05,0.59,1.16,0.105,10.6
2.0,1.0,1.5,4.5,0.6,3600,0.2,86,66.3,9.05,0.59,1.16,0.105,10.6
2.0,1.0,1.5,4.5,0.6,3600,0.4,86,66.3,9.05,0.59,1.16,0.105,10.6
2.0,1.0,1.5,4.5,0.6,7200,0.2,86,66.3,9.05,0.59,1.16,0.105,10.6
2.0,1.0,1.5,4.5,0.6,7200,0.4,86,66.3,9.05,0.59,1.16,0.105,10.6
2.0,1.0,1.5,4.5,0.6,14400,0.2,86,66.3,9.05,0.59,1.16,0.105,10.6
2.0,1.0,1.5,4.5,0.6,14400,0.4,86,66.3,9.05,0.59,1.16,0.105,10.6
2.0,1.0,1.5,4.5,0.6,14400,0.8,86,66.3,9.05,0.59,1.16,0.105,10.6
2.0,1.0,1.5,4.5,0.6,,0.4,86,66.3,9.05,0.59,1.16,0.105,10.6
2.0,1.0,1.5,4.5,0.8,2400,0.2,86,66.3,9.05,0.59,1.16,0.105,10.6
2.0,1.0,1.5,4.5,0.8,2400,0.4,86,66.3,9.05,0.59,1.16,0.105,10.6
2.0,1.0,1.5,4.5,0.8,3600,0.2,86,66.3,9.05,0.59,1.16,0.105,10.6
2.0,1.0,1.5,4.5,0.8,3600,0.4,86,66.3,9.05,0.59,1.16,0.105,10.6
2.0,1.0,1.5,4.5,0.8,7200,0.2,86,66.3,9.05,0.59,1.16,0.105,10.6
2.0,1.0,1.5,4.5,0.8,7200,0.4,86,66.3,9.05,0.59,1.16,0.105,10.6
2.0,1.0,1.5,4.5,0.8,14400,0.2,86,66.3,9.05,0.59,1.16,0.105,10.6
2.0,1.0,1.5,4.5,0.8,14400,0.4,86,66.3,9.05,0.59,1.16,0.105,10.6
2.0,1.0,1.5,4.5,0.8,14400,0.8,86,66.3,9.05,0.59,1.16,0.105,10.6
2.0,1.0,1.5,4.5,0.8,,0.4,86,66.3,9.05,0.59,1.16,0.105,10.6
5.0,1.0,1.5,3.0,0.4,2400,0.2,71,81.7,7.45,0.25,1.11,0.105,12.35
5.0,1.0,1.5,3.0,0.4,2400,0.4,71,81.7,7.45,0.25,1.11,0.105,12.35
5.0,1.0,1.5,3.0,0.4,3600,0.2,71,81.7,7.45,0.25,1.11,0.105,12.35
5.0,1.0,1.5,3.0,0.4,3600,0.4,71,81.7,7.45,0.25,1.11,0.105,12.35
5.0,1.0,1.5,3.0,0.4,7200,0.2,71,81.7,7.45,0.25,1.11,0.105,12.35
5.0,1.0,1.5,3.0,0.4,7200,0.4,71,81.7,7.45,0.25,1.11,0.105,12.35
5.0,1.0,1.5,3.0,0.4,7200,0.8,71,81.7,7.45,0.25,1.11,0.105,12.35
5.0,1.0,1.5,3.0,0.4,14400,0.2,71,81.7,7.45,0.25,1.11,0.105,12.35
5.0,1.0,1.5,3.0,0.4,14400,0.4,71,81.7,7.45,0.25,1.11,0.105,12.35
5.0,1.0,1.5,3.0,0.4,14400,0.8,71,81.7,7.45,0.25,1.11,0.105,12.35
5.0,1.0,1.5,3.0,0.4,,0.4,71,81.7,7.45,0.25,1.11,0.105,12.35
5.0,1.0,1.5,3.0,0.6,2400,0.2,71,81.7,7.45,0.25,1.11,0.105,12.35
5.0,1.0,1.5,3.0,0.6,2400,0.4,71,81.7,7.45,0.25,1.11,0.105,12.35
5.0,1.0,1.5,3.0,0.6,3600,0.2,71,81.7,7.45,0.25,1.11,0.105,12.35
5.0,1.0,1.5,3.0,0.6,3600,0.4,71,81.7,7.45,0.25,1.11,0.105,12.35
5.0,1.0,1.5,3.0,0.6,7200,0.2,71,81.7,7.45,0.25,1.11,0.105,12.35
5.0,1.0,1.5,3.0,0.6,7200,0.4,71,81.7,7.45,0.25,1.11,0.105,12.35
5.0,1.0,1.5,3.0,0.6,7200,0.8,71,81.7,7.45,0.25,1.11,0.105,12.35
5.0,1.0,1.5,3.0,0.6,14400,0.2,71,81.7,7.45,0.25,1.11,0.105,12.35
5.0,1.0,1.5,3.0,0.6,14400,0.4,71,81.7,7.45,0.25,1.11,0.105,12.35
5.0,1.0,1.5,3.0,0.6,14400,0.8,71,81.7,7.45,0.25,1.11,0.105,12.35
5.0,1.0,1.5,3.0,0.6,,0.4,71,81.7,7.45,0.25,1.11,0.105,12.35
5.0,1.0,1.5,3.0,0.8,2400,0.2,71,81.7,7.45,0.25,1.11,0.105,12.35
5.0,1.0,1.5,3.0,0.8,2400,0.4,71,81.7,7.45,0.25,1.11,0.105,12.35
5.0,1.0,1.5,3.0,0.8,3600,0.2,71,81.7,7.45,0.25,1.11,0.105,12.35
5.0,1.0,1.5,3.0,0.8,3600,0.4,71,81.7,7.45,0.25,1.11,0.105,12.35
5.0,1.0,1.5,3.0,0.8,7200,0.2,71,81.7,7.45,0.25,1.11,0.105,12.35
5.0,1.0,1.5,3.0,0.8,7200,0.4,71,81.7,7.45,0.25,1.11,0.105,12.35
5.0,1.0,1.5,3.0,0.8,7200,0.8,71,81.7,7.45,0.25,1.11,0.105,12.35
5.0,1.0,1.5,3.0,0.8,14400,0.2,71,81.7,7.45,0.25,1.11,0.105,12.35
5.0,1.0,1.5,3.0,0.8,14400,0.4,71,81.7,7.45,0.25,1.11,0.105,12.35
5.0,1.0,1.5,3.0,0.8,14400,0.8,71,81.7,7.45,0.25,1.11,0.105,12.35
5.0,1.0,1.5,3.0,0.8,,0.4,71,81.7,7.45,0.25,1.11,0.105,12.35
2.0,1.5,2.5,3.0,0.8,2400,0.8,87,64.4,9.05,0.64,1.15,0.104,10.17
5.0,1.5,2.5,3.0,0.4,2400,0.8,73,79.5,7.59,0.29,1.12,0.104,12.17
4.0,1.5,2.5,3.0,0.8,3600,0.8,73,75.3,7.51,0.37,1.12,0.103,12.67
2.0,1.5,2.5,3.0,0.8,1200,0.8,87,59.8,8.84,0.78,1.17,0.102,10.01
5.0,1.5,2.5,3.0,0.8,1200,0.4,71,78.9,7.16,0.3,1.11,0.101,12.14
2.0,1.5,2.5,3.0,0.6,2400,0.8,87,64.4,8.74,0.64,1.15,0.1,10.12
5.0,1.5,2.5,3.0,0.6,2400,0.8,73,79.5,7.29,0.29,1.11,0.1,12.56
5.0,1.5,2.5,4.5,0.4,2400,0.8,73,79.5,7.14,0.29,1.11,0.098,12.62
2.0,1.0,1.5,3.0,0.4,7200,0.8,86,66.3,8.37,0.58,1.14,0.097,9.95
2.0,1.0,1.5,3.0,0.6,7200,0.8,86,66.3,8.37,0.58,1.14,0.097,9.95
2.0,1.0,1.5,3.0,0.8,7200,0.8,86,66.3,8.37,0.58,1.14,0.097,9.95
2.0,1.0,1.5,4.5,0.4,7200,0.8,86,66.3,8.37,0.58,1.14,0.097,10.6
2.0,1.0,1.5,4.5,0.6,7200,0.8,86,66.3,8.37,0.58,1.14,0.097,10.6
2.0,1.0,1.5,4.5,0.8,7200,0.8,86,66.3,8.37,0.58,1.14,0.097,10.6
5.0,0.7,1.5,3.0,0.4,1200,0.4,78,83.3,7.57,0.23,1.14,0.097,9.99
5.0,0.7,1.5,3.0,0.6,1200,0.4,78,83.3,7.57,0.23,1.14,0.097,9.99
5.0,0.7,1.5,3.0,0.8,1200,0.4,78,83.3,7.57,0.23,1.14,0.097,9.99
2.0,1.0,1.5,3.0,0.4,1200,0.2,86,65.1,8.15,0.61,1.14,0.095,9.95
2.0,1.0,1.5,3.0,0.6,1200,0.2,86,65.1,8.15,0.61,1.14,0.095,9.95
2.0,1.0,1.5,3.0,0.8,1200,0.2,86,65.1,8.15,0.61,1.14,0.095,9.95
2.0,1.0,1.5,4.5,0.4,1200,0.2,86,65.1,8.15,0.61,1.14,0.095,10.6
2.0,1.0,1.5,4.5,0.6,1200,0.2,86,65.1,8.15,0.61,1.14,0.095,10.6
2.0,1.0,1.5,4.5,0.8,1200,0.2,86,65.1,8.15,0.61,1.14,0.095,10.6
5.0,1.5,2.5,4.5,0.8,2400,0.8,73,79.5,6.9,0.29,1.1,0.095,12.59
5.0,1.5,2.5,4.5,0.6,2400,0.8,73,79.5,6.84,0.29,1.1,0.094,13.01
2.0,1.5,2.5,3.0,0.6,1200,0.8,87,59.8,8.13,0.78,1.15,0.093,9.3
2.0,1.0,1.5,3.0,0.4,1200,0.4,85,63.5,7.83,0.65,1.14,0.092,9.95
2.0,1.0,1.5,3.0,0.6,1200,0.4,85,63.5,7.83,0.65,1.14,0.092,9.95
2.0,1.0,1.5,3.0,0.8,1200,0.4,85,63.5,7.83,0.65,1.14,0.092,9.95
2.0,1.0,1.5,4.5,0.4,1200,0.4,85,63.5,7.83,0.65,1.14,0.092,10.6
2.0,1.0,1.5,4.5,0.6,1200,0.4,85,63.5,7.83,0.65,1.14,0.092,10.6
2.0,1.0,1.5,4.5,0.8,1200,0.4,85,63.5,7.83,0.65,1.14,0.092,10.6
5.0,1.0,1.5,3.0,0.4,1200,0.2,71,80.3,6.55,0.27,1.1,0.092,12.35
5.0,1.0,1.5,3.0,0.6,1200,0.2,71,80.3,6.55,0.27,1.1,0.092,12.35
5.0,1.0,1.5,3.0,0.8,1200,0.2,71,80.3,6.55,0.27,1.1,0.092,12.35
4.0,1.5,2.5,3.0,0.8,1200,0.4,73,75.3,6.54,0.36,1.1,0.09,12.67
3.0,1.5,2.5,3.0,0.4,2400,0.2,76,71.1,6.67,0.45,1.1,0.088,12.61
3.0,1.5,2.5,3.0,0.4,2400,0.4,76,71.1,6.67,0.45,1.1,0.088,12.61
3.0,1.5,2.5,3.0,0.4,3600,0.2,76,71.1,6.67,0.45,1.1,0.088,12.61
3.0,1.5,2.5,3.0,0.4,3600,0.4,76,71.1,6.67,0.45,1.1,0.088,12.61
3.0,1.5,2.5,3.0,0.4,7200,0.2,76,71.1,6.67,0.45,1.1,0.088,12.61
3.0,1.5,2.5,3.0,0.4,7200,0.4,76,71.1,6.67,0.45,1.1,0.088,12.61
3.0,1.5,2.5,3.0,0.4,7200,0.8,76,71.1,6.67,0.45,1.1,0.088,12.61
3.0,1.5,2.5,3.0,0.4,14400,0.2,76,71.1,6.67,0.45,1.1,0.088,12.61
3.0,1.5,2.5,3.0,0.4,14400,0.4,76,71.1,6.67,0.45,1.1,0.088,12.61
3.0,1.5,2.5,3.0,0.4,14400,0.8,76,71.1,6.67,0.45,1.1,0.088,12.61
3.0,1.5,2.5,3.0,0.4,,0.4,76,71.1,6.67,0.45,1.1,0.088,12.61
4.0,1.5,2.5,3.0,0.4,2400,0.8,73,75.3,6.46,0.36,1.1,0.088,11.5
5.0,1.5,2.5,4.5,0.8,1200,0.4,71,78.9,6.26,0.29,1.1,0.088,12.59
5.0,0.7,1.5,3.0,0.4,2400,0.8,79,83.5,6.84,0.22,1.12,0.087,9.95
5.0,0.7,1.5,3.0,0.6,2400,0.8,79,83.5,6.84,0.22,1.12,0.087,9.95
5.0,0.7,1.5,3.0,0.8,2400,0.8,79,83.5,6.84,0.22,1.12,0.087,9.95
5.0,1.0,1.5,3.0,0.4,1200,0.8,75,74.7,6.44,0.38,1.11,0.086,13.25
5.0,1.0,1.5,3.0,0.6,1200,0.8,75,74.7,6.44,0.38,1.11,0.086,13.25
5.0,1.0,1.5,3.0,0.8,1200,0.8,75,74.7,6.44,0.38,1.11,0.086,13.25
4.0,1.5,2.5,3.0,0.6,2400,0.8,73,75.3,6.1,0.36,1.09,0.084,12.49
5.0,1.0,1.5,3.0,0.4,3600,0.8,72,79.2,6.07,0.29,1.09,0.084,12.35
5.0,1.0,1.5,3.0,0.6,3600,0.8,72,79.2,6.07,0.29,1.09,0.084,12.35
5.0,1.0,1.5,3.0,0.8,3600,0.8,72,79.2,6.07,0.29,1.09,0.084,12.35
3.0,1.5,2.5,4.5,0.4,2400,0.2,76,71.1,6.22,0.45,1.09,0.082,13.51
3.0,1.5,2.5,4.5,0.4,2400,0.4,76,71.1,6.22,0.45,1.09,0.082,13.51
3.0,1.5,2.5,4.5,0.4,3600,0.2,76,71.1,6.22,0.45,1.09,0.082,13.51
3.0,1.5,2.5,4.5,0.4,3600,0.4,76,71.1,6.22,0.45,1.09,0.082,13.51
3.0,1.5,2.5,4.5,0.4,7200,0.2,76,71.1,6.22,0.45,1.09,0.082,13.51
3.0,1.5,2.5,4.5,0.4,7200,0.4,76,71.1,6.22,0.45,1.09,0.082,13.51
3.0,1.5,2.5,4.5,0.4,7200,0.8,76,71.1,6.22,0.45,1.09,0.082,13.51
3.0,1.5,2.5,4.5,0.4,14400,0.2,76,71.1,6.22,0.45,1.09,0.082,13.51
3.0,1.5,2.5,4.5,0.4,14400,0.4,76,71.1,6.22,0.45,1.09,0.082,13.51
3.0,1.5,2.5,4.5,0.4,14400,0.8,76,71.1,6.22,0.45,1.09,0.082,13.51
3.0,1.5,2.5,4.5,0.4,,0.4,76,71.1,6.22,0.45,1.09,0.082,13.51
4.0,1.5,2.5,4.5,0.4,2400,0.8,73,75.3,6.01,0.36,1.09,0.082,11.95
2.0,1.0,1.5,3.0,0.4,3600,0.8,86,64.0,6.77,0.63,1.12,0.079,9.95
2.0,1.0,1.5,3.0,0.6,3600,0.8,86,64.0,6.77,0.63,1.12,0.079,9.95
2.0,1.0,1.5,3.0,0.8,3600,0.8,86,64.0,6.77,0.63,1.12,0.079,9.95
2.0,1.0,1.5,4.5,0.4,3600,0.8,86,64.0,6.77,0.63,1.12,0.079,10.6
2.0,1.0,1.5,4.5,0.6,3600,0.8,86,64.0,6.77,0.63,1.12,0.079,10.6
2.0,1.0,1.5,4.5,0.8,3600,0.8,86,64.0,6.77,0.63,1.12,0.079,10.6
4.0,1.5,2.5,4.5,0.6,2400,0.8,73,75.3,5.65,0.36,1.09,0.077,12.94
2.0,1.0,2.5,4.5,0.4,2400,0.2,86,66.3,6.35,0.56,1.11,0.074,10.4
2.0,1.0,2.5,4.5,0.4,2400,0.4,86,66.3,6.35,0.56,1.11,0.074,10.4
2.0,1.0,2.5,4.5,0.4,3600,0.2,86,66.3,6.35,0.56,1.11,0.074,10.4
2.0,1.0,2.5,4.5,0.4,3600,0.4,86,66.3,6.35,0.56,1.11,0.074,10.4
2.0,1.0,2.5,4.5,0.4,7200,0.2,86,66.3,6.35,0.56,1.11,0.074,10.4
2.0,1.0,2.5,4.5,0.4,7200,0.4,86,66.3,6.35,0.56,1.11,0.074,10.4
2.0,1.0,2.5,4.5,0.4,14400,0.2,86,66.3,6.35,0.56,1.11,0.074,10.4
2.0,1.0,2.5,4.5,0.4,14400,0.4,86,66.3,6.35,0.56,1.11,0.074,10.4
2.0,1.0,2.5,4.5,0.4,14400,0.8,86,66.3,6.35,0.56,1.11,0.074,10.4
2.0,1.0,2.5,4.5,0.4,,0.4,86,66.3,6.35,0.56,1.11,0.074,10.4
2.0,1.0,2.5,4.5,0.6,2400,0.2,86,66.3,6.35,0.56,1.11,0.074,10.4
2.0,1.0,2.5,4.5,0.6,2400,0.4,86,66.3,6.35,0.56,1.11,0.074,10.4
2.0,1.0,2.5,4.5,0.6,3600,0.2,86,66.3,6.35,0.56,1.11,0.074,10.4
2.0,1.0,2.5,4.5,0.6,3600,0.4,86,66.3,6.35,0.56,1.11,0.074,10.4
2.0,1.0,2.5,4.5,0.6,7200,0.2,86,66.3,6.35,0.56,1.11,0.074,10.4
2.0,1.0,2.5,4.5,0.6,7200,0.4,86,66.3,6.35,0.56,1.11,0.074,10.4
2.0,1.0,2.5,4.5,0.6,14400,0.2,86,66.3,6.35,0.56,1.11,0.074,10.4
2.0,1.0,2.5,4.5,0.6,14400,0.4,86,66.3,6.35,0.56,1.11,0.074,10.4
2.0,1.0,2.5,4.5,0.6,14400,0.8,86,66.3,6.35,0.56,1.11,0.074,10.4
2.0,1.0,2.5,4.5,0.6,,0.4,86,66.3,6.35,0.56,1.11,0.074,10.4
2.0,1.0,2.5,4.5,0.8,2400,0.2,86,66.3,6.35,0.56,1.11,0.074,10.4
2.0,1.0,2.5,4.5,0.8,2400,0.4,86,66.3,6.35,0.56,1.11,0.074,10.4
2.0,1.0,2.5,4.5,0.8,3600,0.2,86,66.3,6.35,0.56,1.11,0.074,10.4
2.0,1.0,2.5,4.5,0.8,3600,0.4,86,66.3,6.35,0.56,1.11,0.074,10.4
2.0,1.0,2.5,4.5,0.8,7200,0.2,86,66.3,6.35,0.56,1.11,0.074,10.4
2.0,1.0,2.5,4.5,0.8,7200,0.4,86,66.3,6.35,0.56,1.11,0.074,10.4
2.0,1.0,2.5,4.5,0.8,14400,0.2,86,66.3,6.35,0.56,1.11,0.074,10.4
2.0,1.0,2.5,4.5,0.8,14400,0.4,86,66.3,6.35,0.56,1.11,0.074,10.4
2.0,1.0,2.5,4.5,0.8,14400,0.8,86,66.3,6.35,0.56,1.11,0.074,10.4
2.0,1.0,2.5,4.5,0.8,,0.4,86,66.3,6.35,0.56,1.11,0.074,10.4
5.0,1.0,1.5,3.0,0.4,1200,0.4,71,78.9,5.13,0.29,1.08,0.072,12.35
5.0,1.0,1.5,3.0,0.6,1200,0.4,71,78.9,5.13,0.29,1.08,0.072,12.35
5.0,1.0,1.5,3.0,0.8,1200,0.4,71,78.9,5.13,0.29,1.08,0.072,12.35
3.0,1.5,2.5,3.0,0.4,1200,0.2,76,69.7,5.32,0.47,1.08,0.07,12.61
3.0,1.5,2.5,3.0,0.4,3600,0.8,77,68.8,5.33,0.49,1.08,0.069,12.61
2.0,1.0,1.5,3.0,0.4,1200,0.8,87,59.8,5.93,0.75,1.11,0.068,9.38
2.0,1.0,1.5,3.0,0.6,1200,0.8,87,59.8,5.93,0.75,1.11,0.068,9.38
2.0,1.0,1.5,3.0,0.8,1200,0.8,87,59.8,5.93,0.75,1.11,0.068,9.38
2.0,1.0,1.5,4.5,0.4,1200,0.8,87,59.8,5.93,0.75,1.11,0.068,10.03
2.0,1.0,1.5,4.5,0.6,1200,0.8,87,59.8,5.93,0.75,1.11,0.068,10.03
2.0,1.0,1.5,4.5,0.8,1200,0.8,87,59.8,5.93,0.75,1.11,0.068,10.03
3.0,1.5,2.5,3.0,0.6,2400,0.2,76,71.1,5.2,0.44,1.08,0.068,13.4
3.0,1.5,2.5,3.0,0.6,2400,0.4,76,71.1,5.2,0.44,1.08,0.068,13.4
3.0,1.5,2.5,3.0,0.6,3600,0.2,76,71.1,5.2,0.44,1.08,0.068,13.4
3.0,1.5,2.5,3.0,0.6,3600,0.4,76,71.1,5.2,0.44,1.08,0.068,13.4
3.0,1.5,2.5,3.0,0.6,7200,0.2,76,71.1,5.2,0.44,1.08,0.068,13.4
3.0,1.5,2.5,3.0,0.6,7200,0.4,76,71.1,5.2,0.44,1.08,0.068,13.4
3.0,1.5,2.5,3.0,0.6,7200,0.8,76,71.1,5.2,0.44,1.08,0.068,13.4
3.0,1.5,2.5,3.0,0.6,14400,0.2,76,71.1,5.2,0.44,1.08,0.068,13.4
3.0,1.5,2.5,3.0,0.6,14400,0.4,76,71.1,5.2,0.44,1.08,0.068,13.4
3.0,1.5,2.5,3.0,0.6,14400,0.8,76,71.1,5.2,0.44,1.08,0.068,13.4
3.0,1.5,2.5,3.0,0.6,,0.4,76,71.1,5.2,0.44,1.08,0.068,13.4
2.0,1.0,2.5,4.5,0.4,7200,0.8,86,66.3,5.67,0.56,1.1,0.066,10.4
2.0,1.0,2.5,4.5,0.6,7200,0.8,86,66.3,5.67,0.56,1.1,0.066,10.4
2.0,1.0,2.5,4.5,0.8,7200,0.8,86,66.3,5.67,0.56,1.1,0.066,10.4
3.0,1.5,2.5,4.5,0.4,1200,0.2,76,69.7,4.87,0.47,1.07,0.064,13.51
5.0,0.7,1.5,4.5,0.4,2400,0.2,78,85.9,5.03,0.18,1.09,0.064,9.87
5.0,0.7,1.5,4.5,0.4,2400,0.4,78,85.9,5.03,0.18,1.09,0.064,9.87
5.0,0.7,1.5,4.5,0.4,3600,0.2,78,85.9,5.03,0.18,1.09,0.064,9.87
5.0,0.7,1.5,4.5,0.4,3600,0.4,78,85.9,5.03,0.18,1.09,0.064,9.87
5.0,0.7,1.5,4.5,0.4,7200,0.2,78,85.9,5.03,0.18,1.09,0.064,9.87
5.0,0.7,1.5,4.5,0.4,7200,0.4,78,85.9,5.03,0.18,1.09,0.064,9.87
5.0,0.7,1.5,4.5,0.4,7200,0.8,78,85.9,5.03,0.18,1.09,0.064,9.87
5.0,0.7,1.5,4.5,0.4,14400,0.2,78,85.9,5.03,0.18,1.09,0.064,9.87
5.0,0.7,1.5,4.5,0.4,14400,0.4,78,85.9,5.03,0.18,1.09,0.064,9.87
5.0,0.7,1.5,4.5,0.4,14400,0.8,78,85.9,5.03,0.18,1.09,0.064,9.87
5.0,0.7,1.5,4.5,0.4,,0.4,78,85.9,5.03,0.18,1.09,0.064,9.87
5.0,0.7,1.5,4.5,0.6,2400,0.2,78,85.9,5.03,0.18,1.09,0.064,9.87
5.0,0.7,1.5,4.5,0.6,2400,0.4,78,85.9,5.03,0.18,1.09,0.064,9.87
5.0,0.7,1.5,4.5,0.6,3600,0.2,78,85.9,5.03,0.18,1.09,0.064,9.87
5.0,0.7,1.5,4.5,0.6,3600,0.4,78,85.9,5.03,0.18,1.09,0.064,9.87
5.0,0.7,1.5,4.5,0.6,7200,0.2,78,85.9,5.03,0.18,1.09,0.064,9.87
5.0,0.7,1.5,4.5,0.6,7200,0.4,78,85.9,5.03,0.18,1.09,0.064,9.87
5.0,0.7,1.5,4.5,0.6,7200,0.8,78,85.9,5.03,0.18,1.09,0.064,9.87
5.0,0.7,1.5,4.5,0.6,14400,0.2,78,85.9,5.03,0.18,1.09,0.064,9.87
5.0,0.7,1.5,4.5,0.6,14400,0.4,78,85.9,5.03,0.18,1.09,0.064,9.87
5.0,0.7,1.5,4.5,0.6,14400,0.8,78,85.9,5.03,0.18,1.09,0.064,9.87
5.0,0.7,1.5,4.5,0.6,,0.4,78,85.9,5.03,0.18,1.09,0.064,9.87
5.0,0.7,1.5,4.5,0.8,2400,0.2,78,85.9,5.03,0.18,1.09,0.064,9.87
5.0,0.7,1.5,4.5,0.8,2400,0.4,78,85.9,5.03,0.18,1.09,0.064,9.87
5.0,0.7,1.5,4.5,0.8,3600,0.2,78,85.9,5.03,0.18,1.09,0.064,9.87
5.0,0.7,1.5,4.5,0.8,3600,0.4,78,85.9,5.03,0.18,1.09,0.064,9.87
5.0,0.7,1.5,4.5,0.8,7200,0.2,78,85.9,5.03,0.18,1.09,0.064,9.87
5.0,0.7,1.5,4.5,0.8,7200,0.4,78,85.9,5.03,0.18,1.09,0.064,9.87
5.0,0.7,1.5,4.5,0.8,7200,0.8,78,85.9,5.03,0.18,1.09,0.064,9.87
5.0,0.7,1.5,4.5,0.8,14400,0.2,78,85.9,5.03,0.18,1.09,0.064,9.87
5.0,0.7,1.5,4.5,0.8,14400,0.4,78,85.9,5.03,0.18,1.09,0.064,9.87
5.0,0.7,1.5,4.5,0.8,14400,0.8,78,85.9,5.03,0.18,1.09,0.064,9.87
5.0,0.7,1.5,4.5,0.8,,0.4,78,85.9,5.03,0.18,1.09,0.064,9.87
2.0,1.0,2.5,4.5,0.4,1200,0.2,86,65.1,5.45,0.59,1.09,0.063,10.4
2.0,1.0,2.5,4.5,0.6,1200,0.2,86,65.1,5.45,0.59,1.09,0.063,10.4
2.0,1.0,2.5,4.5,0.8,1200,0.2,86,65.1,5.45,0.59,1.09,0.063,10.4
3.0,1.5,2.5,4.5,0.4,3600,0.8,77,68.8,4.88,0.49,1.07,0.063,13.51
2.0,1.0,1.5,3.0,0.4,2400,0.8,87,64.4,5.38,0.6,1.09,0.062,9.95
2.0,1.0,1.5,3.0,0.6,2400,0.8,87,64.4,5.38,0.6,1.09,0.062,9.95
2.0,1.0,1.5,3.0,0.8,2400,0.8,87,64.4,5.38,0.6,1.09,0.062,9.95
2.0,1.0,1.5,4.5,0.4,2400,0.8,87,64.4,5.38,0.6,1.09,0.062,10.6
2.0,1.0,1.5,4.5,0.6,2400,0.8,87,64.4,5.38,0.6,1.09,0.062,10.6
2.0,1.0,1.5,4.5,0.8,2400,0.8,87,64.4,5.38,0.6,1.09,0.062,10.6
3.0,1.5,2.5,3.0,0.4,1200,0.8,79,64.6,4.93,0.59,1.08,0.062,12.2
3.0,1.5,2.5,3.0,0.6,3600,0.8,77,68.8,4.74,0.49,1.07,0.062,13.4
3.0,1.5,2.5,4.5,0.6,2400,0.2,76,71.1,4.75,0.44,1.07,0.062,14.3
3.0,1.5,2.5,4.5,0.6,2400,0.4,76,71.1,4.75,0.44,1.07,0.062,14.3
3.0,1.5,2.5,4.5,0.6,3600,0.2,76,71.1,4.75,0.44,1.07,0.062,14.3
3.0,1.5,2.5,4.5,0.6,3600,0.4,76,71.1,4.75,0.44,1.07,0.062,14.3
3.0,1.5,2.5,4.5,0.6,7200,0.2,76,71.1,4.75,0.44,1.07,0.062,14.3
3.0,1.5,2.5,4.5,0.6,7200,0.4,76,71.1,4.75,0.44,1.07,0.062,14.3
3.0,1.5,2.5,4.5,0.6,7200,0.8,76,71.1,4.75,0.44,1.07,0.062,14.3
3.0,1.5,2.5,4.5,0.6,14400,0.2,76,71.1,4.75,0.44,1.07,0.062,14.3
3.0,1.5,2.5,4.5,0.6,14400,0.4,76,71.1,4.75,0.44,1.07,0.062,14.3
3.0,1.5,2.5,4.5,0.6,14400,0.8,76,71.1,4.75,0.44,1.07,0.062,14.3
3.0,1.5,2.5,4.5,0.6,,0.4,76,71.1,4.75,0.44,1.07,0.062,14.3
2.0,1.0,2.5,4.5,0.4,1200,0.4,85,63.5,5.13,0.63,1.09,0.06,10.4
2.0,1.0,2.5,4.5,0.6,1200,0.4,85,63.5,5.13,0.63,1.09,0.06,10.4
2.0,1.0,2.5,4.5,0.8,1200,0.4,85,63.5,5.13,0.63,1.09,0.06,10.4
3.0,0.7,1.5,3.0,0.4,3600,0.8,83,75.9,4.86,0.34,1.09,0.059,11.82
3.0,0.7,1.5,3.0,0.6,3600,0.8,83,75.9,4.86,0.34,1.09,0.059,11.82
3.0,0.7,1.5,3.0,0.8,3600,0.8,83,75.9,4.86,0.34,1.09,0.059,11.82
4.0,1.5,2.5,3.0,0.8,2400,0.8,73,75.3,4.32,0.35,1.07,0.059,12.67
3.0,1.5,2.5,4.5,0.4,1200,0.8,79,64.6,4.48,0.59,1.07,0.057,12.65
3.0,1.5,2.5,4.5,0.6,3600,0.8,77,68.8,4.29,0.48,1.07,0.056,14.3
5.0,0.7,1.5,4.5,0.4,1200,0.2,78,84.6,4.4,0.2,1.08,0.056,9.87
5.0,0.7,1.5,4.5,0.4,3600,0.8,79,84.8,4.4,0.19,1.08,0.056,9.87
5.0,0.7,1.5,4.5,0.6,1200,0.2,78,84.6,4.4,0.2,1.08,0.056,9.87
5.0,0.7,1.5,4.5,0.6,3600,0.8,79,84.8,4.4,0.19,1.08,0.056,9.87
5.0,0.7,1.5,4.5,0.8,1200,0.2,78,84.6,4.4,0.2,1.08,0.056,9.87
5.0,0.7,1.5,4.5,0.8,3600,0.8,79,84.8,4.4,0.19,1.08,0.056,9.87
2.0,1.0,2.5,3.0,0.4,2400,0.2,86,66.3,4.55,0.55,1.08,0.053,10.4
2.0,1.0,2.5,3.0,0.4,2400,0.4,86,66.3,4.55,0.55,1.08,0.053,10.4
2.0,1.0,2.5,3.0,0.4,3600,0.2,86,66.3,4.55,0.55,1.08,0.053,10.4
2.0,1.0,2.5,3.0,0.4,3600,0.4,86,66.3,4.55,0.55,1.08,0.053,10.4
2.0,1.0,2.5,3.0,0.4,7200,0.2,86,66.3,4.55,0.55,1.08,0.053,10.4
2.0,1.0,2.5,3.0,0.4,7200,0.4,86,66.3,4.55,0.55,1.08,0.053,10.4
2.0,1.0,2.5,3.0,0.4,14400,0.2,86,66.3,4.55,0.55,1.08,0.053,10.4
2.0,1.0,2.5,3.0,0.4,14400,0.4,86,66.3,4.55,0.55,1.08,0.053,10.4
2.0,1.0,2.5,3.0,0.4,14400,0.8,86,66.3,4.55,0.55,1.08,0.053,10.4
2.0,1.0,2.5,3.0,0.4,,0.4,86,66.3,4.55,0.55,1.08,0.053,10.4
2.0,1.0,2.5,3.0,0.6,2400,0.2,86,66.3,4.55,0.55,1.08,0.053,10.4
2.0,1.0,2.5,3.0,0.6,2400,0.4,86,66.3,4.55,0.55,1.08,0.053,10.4
2.0,1.0,2.5,3.0,0.6,3600,0.2,86,66.3,4.55,0.55,1.08,0.053,10.4
2.0,1.0,2.5,3.0,0.6,3600,0.4,86,66.3,4.55,0.55,1.08,0.053,10.4
2.0,1.0,2.5,3.0,0.6,7200,0.2,86,66.3,4.55,0.55,1.08,0.053,10.4
2.0,1.0,2.5,3.0,0.6,7200,0.4,86,66.3,4.55,0.55,1.08,0.053,10.4
2.0,1.0,2.5,3.0,0.6,14400,0.2,86,66.3,4.55,0.55,1.08,0.053,10.4
2.0,1.0,2.5,3.0,0.6,14400,0.4,86,66.3,4.55,0.55,1.08,0.053,10.4
2.0,1.0,2.5,3.0,0.6,14400,0.8,86,66.3,4.55,0.55,1.08,0.053,10.4
2.0,1.0,2.5,3.0,0.6,,0.4,86,66.3,4.55,0.55,1.08,0.053,10.4
2.0,1.0,2.5,3.0,0.8,2400,0.2,86,66.3,4.55,0.55,1.08,0.053,10.4
2.0,1.0,2.5,3.0,0.8,2400,0.4,86,66.3,4.55,0.55,1.08,0.053,10.4
2.0,1.0,2.5,3.0,0.8,3600,0.2,86,66.3,4.55,0.55,1.08,0.053,10.4
2.0,1.0,2.5,3.0,0.8,3600,0.4,86,66.3,4.55,0.55,1.08,0.053,10.4
2.0,1.0,2.5,3.0,0.8,7200,0.2,86,66.3,4.55,0.55,1.08,0.053,10.4
2.0,1.0,2.5,3.0,0.8,7200,0.4,86,66.3,4.55,0.55,1.08,0.053,10.4
2.0,1.0,2.5,3.0,0.8,14400,0.2,86,66.3,4.55,0.55,1.08,0.053,10.4
2.0,1.0,2.5,3.0,0.8,14400,0.4,86,66.3,4.55,0.55,1.08,0.053,10.4
2.0,1.0,2.5,3.0,0.8,14400,0.8,86,66.3,4.55,0.55,1.08,0.053,10.4
2.0,1.0,2.5,3.0,0.8,,0.4,86,66.3,4.55,0.55,1.08,0.053,10.4
4.0,1.5,2.5,4.5,0.8,2400,0.8,73,75.3,3.87,0.35,1.06,0.053,13.12
3.0,1.5,2.5,3.0,0.6,1200,0.2,76,69.7,3.85,0.46,1.06,0.051,13.4
5.0,1.0,1.5,4.5,0.4,1200,0.8,75,74.7,3.74,0.36,1.06,0.05,14.6
5.0,1.0,1.5,4.5,0.6,1200,0.8,75,74.7,3.74,0.36,1.06,0.05,14.6
5.0,1.0,1.5,4.5,0.8,1200,0.8,75,74.7,3.74,0.36,1.06,0.05,14.6
3.0,1.5,2.5,3.0,0.4,1200,0.4,76,68.4,3.61,0.49,1.05,0.048,12.61
2.0,1.0,2.5,4.5,0.4,3600,0.8,86,64.0,4.07,0.6,1.07,0.047,10.4
2.0,1.0,2.5,4.5,0.6,3600,0.8,86,64.0,4.07,0.6,1.07,0.047,10.4
2.0,1.0,2.5,4.5,0.8,3600,0.8,86,64.0,4.07,0.6,1.07,0.047,10.4
5.0,0.7,1.5,3.0,0.4,1200,0.8,81,76.5,3.77,0.33,1.07,0.047,12.32
5.0,0.7,1.5,3.0,0.6,1200,0.8,81,76.5,3.77,0.33,1.07,0.047,12.32
5.0,0.7,1.5,3.0,0.8,1200,0.8,81,76.5,3.77,0.33,1.07,0.047,12.32
2.0,1.0,2.5,3.0,0.4,7200,0.8,86,66.3,3.87,0.54,1.07,0.045,10.4
2.0,1.0,2.5,3.0,0.6,7200,0.8,86,66.3,3.87,0.54,1.07,0.045,10.4
2.0,1.0,2.5,3.0,0.8,7200,0.8,86,66.3,3.87,0.54,1.07,0.045,10.4
3.0,0.7,1.5,3.0,0.4,1200,0.4,83,73.5,3.77,0.38,1.07,0.045,11.82
3.0,0.7,1.5,3.0,0.6,1200,0.4,83,73.5,3.77,0.38,1.07,0.045,11.82
3.0,0.7,1.5,3.0,0.8,1200,0.4,83,73.5,3.77,0.38,1.07,0.045,11.82
3.0,1.5,2.5,3.0,0.4,2400,0.8,78,69.2,3.49,0.47,1.05,0.045,12.54
3.0,1.5,2.5,3.0,0.8,2400,0.2,76,71.1,3.42,0.43,1.05,0.045,13.38
3.0,1.5,2.5,3.0,0.8,2400,0.4,76,71.1,3.42,0.43,1.05,0.045,13.38
3.0,1.5,2.5,3.0,0.8,3600,0.2,76,71.1,3.42,0.43,1.05,0.045,13.38
3.0,1.5,2.5,3.0,0.8,3600,0.4,76,71.1,3.42,0.43,1.05,0.045,13.38
3.0,1.5,2.5,3.0,0.8,7200,0.2,76,71.1,3.42,0.43,1.05,0.045,13.38
3.0,1.5,2.5,3.0,0.8,7200,0.4,76,71.1,3.42,0.43,1.05,0.045,13.38
3.0,1.5,2.5,3.0,0.8,7200,0.8,76,71.1,3.42,0.43,1.05,0.045,13.38
3.0,1.5,2.5,3.0,0.8,14400,0.2,76,71.1,3.42,0.43,1.05,0.045,13.38
3.0,1.5,2.5,3.0,0.8,14400,0.4,76,71.1,3.42,0.43,1.05,0.045,13.38
3.0,1.5,2.5,3.0,0.8,14400,0.8,76,71.1,3.42,0.43,1.05,0.045,13.38
3.0,1.5,2.5,3.0,0.8,,0.4,76,71.1,3.42,0.43,1.05,0.045,13.38
3.0,1.5,2.5,4.5,0.6,1200,0.2,76,69.7,3.4,0.46,1.05,0.045,14.3
5.0,0.7,1.5,4.5,0.4,1200,0.4,78,83.3,3.52,0.21,1.06,0.045,9.99
5.0,0.7,1.5,4.5,0.6,1200,0.4,78,83.3,3.52,0.21,1.06,0.045,9.99
5.0,0.7,1.5,4.5,0.8,1200,0.4,78,83.3,3.52,0.21,1.06,0.045,9.99
2.0,1.0,2.5,3.0,0.4,1200,0.2,86,65.1,3.65,0.57,1.06,0.042,10.4
2.0,1.0,2.5,3.0,0.6,1200,0.2,86,65.1,3.65,0.57,1.06,0.042,10.4
2.0,1.0,2.5,3.0,0.8,1200,0.2,86,65.1,3.65,0.57,1.06,0.042,10.4
3.0,1.5,2.5,4.5,0.4,1200,0.4,76,68.4,3.16,0.48,1.05,0.042,13.51
4.0,1.0,1.5,3.0,0.4,2400,0.2,72,77.8,3.05,0.3,1.05,0.042,12.7
4.0,1.0,1.5,3.0,0.4,2400,0.4,72,77.8,3.05,0.3,1.05,0.042,12.7
4.0,1.0,1.5,3.0,0.4,3600,0.2,72,77.8,3.05,0.3,1.05,0.042,12.7
4.0,1.0,1.5,3.0,0.4,3600,0.4,72,77.8,3.05,0.3,1.05,0.042,12.7
4.0,1.0,1.5,3.0,0.4,7200,0.2,72,77.8,3.05,0.3,1.05,0.042,12.7
4.0,1.0,1.5,3.0,0.4,7200,0.4,72,77.8,3.05,0.3,1.05,0.042,12.7
4.0,1.0,1.5,3.0,0.4,7200,0.8,72,77.8,3.05,0.3,1.05,0.042,12.7
4.0,1.0,1.5,3.0,0.4,14400,0.2,72,77.8,3.05,0.3,1.05,0.042,12.7
4.0,1.0,1.5,3.0,0.4,14400,0.4,72,77.8,3.05,0.3,1.05,0.042,12.7
4.0,1.0,1.5,3.0,0.4,14400,0.8,72,77.8,3.05,0.3,1.05,0.042,12.7
4.0,1.0,1.5,3.0,0.4,,0.4,72,77.8,3.05,0.3,1.05,0.042,12.7
4.0,1.0,1.5,3.0,0.6,2400,0.2,72,77.8,3.05,0.3,1.05,0.042,12.7
4.0,1.0,1.5,3.0,0.6,2400,0.4,72,77.8,3.05,0.3,1.05,0.042,12.7
4.0,1.0,1.5,3.0,0.6,3600,0.2,72,77.8,3.05,0.3,1.05,0.042,12.7
4.0,1.0,1.5,3.0,0.6,3600,0.4,72,77.8,3.05,0.3,1.05,0.042,12.7
4.0,1.0,1.5,3.0,0.6,7200,0.2,72,77.8,3.05,0.3,1.05,0.042,12.7
4.0,1.0,1.5,3.0,0.6,7200,0.4,72,77.8,3.05,0.3,1.05,0.042,12.7
4.0,1.0,1.5,3.0,0.6,7200,0.8,72,77.8,3.05,0.3,1.05,0.042,12.7
4.0,1.0,1.5,3.0,0.6,14400,0.2,72,77.8,3.05,0.3,1.05,0.042,12.7
4.0,1.0,1.5,3.0,0.6,14400,0.4,72,77.8,3.05,0.3,1.05,0.042,12.7
4.0,1.0,1.5,3.0,0.6,14400,0.8,72,77.8,3.05,0.3,1.05,0.042,12.7
4.0,1.0,1.5,3.0,0.6,,0.4,72,77.8,3.05,0.3,1.05,0.042,12.7
4.0,1.0,1.5,3.0,0.8,2400,0.2,72,77.8,3.05,0.3,1.05,0.042,12.7
4.0,1.0,1.5,3.0,0.8,2400,0.4,72,77.8,3.05,0.3,1.05,0.042,12.7
4.0,1.0,1.5,3.0,0.8,3600,0.2,72,77.8,3.05,0.3,1.05,0.042,12.7
4.0,1.0,1.5,3.0,0.8,3600,0.4,72,77.8,3.05,0.3,1.05,0.042,12.7
4.0,1.0,1.5,3.0,0.8,7200,0.2,72,77.8,3.05,0.3,1.05,0.042,12.7
4.0,1.0,1.5,3.0,0.8,7200,0.4,72,77.8,3.05,0.3,1.05,0.042,12.7
4.0,1.0,1.5,3.0,0.8,7200,0.8,72,77.8,3.05,0.3,1.05,0.042,12.7
4.0,1.0,1.5,3.0,0.8,14400,0.2,72,77.8,3.05,0.3,1.05,0.042,12.7
4.0,1.0,1.5,3.0,0.8,14400,0.4,72,77.8,3.05,0.3,1.05,0.042,12.7
4.0,1.0,1.5,3.0,0.8,14400,0.8,72,77.8,3.05,0.3,1.05,0.042,12.7
4.0,1.0,1.5,3.0,0.8,,0.4,72,77.8,3.05,0.3,1.05,0.042,12.7
3.0,1.5,2.5,3.0,0.6,1200,0.8,79,64.6,3.24,0.58,1.05,0.041,13.0
3.0,1.5,2.5,3.0,0.8,3600,0.8,77,68.8,3.16,0.47,1.05,0.041,13.38
2.0,1.0,2.5,3.0,0.4,1200,0.4,85,63.5,3.33,0.61,1.06,0.039,10.4
2.0,1.0,2.5,3.0,0.6,1200,0.4,85,63.5,3.33,0.61,1.06,0.039,10.4
2.0,1.0,2.5,3.0,0.8,1200,0.4,85,63.5,3.33,0.61,1.06,0.039,10.4
3.0,0.7,1.5,3.0,0.4,2400,0.8,83,74.7,3.25,0.36,1.06,0.039,11.82
3.0,0.7,1.5,3.0,0.6,2400,0.8,83,74.7,3.25,0.36,1.06,0.039,11.82
3.0,0.7,1.5,3.0,0.8,2400,0.8,83,74.7,3.25,0.36,1.06,0.039,11.82
3.0,1.5,2.5,4.5,0.4,2400,0.8,78,69.2,3.04,0.46,1.05,0.039,13.44
3.0,1.5,2.5,4.5,0.8,2400,0.2,76,71.1,2.97,0.43,1.05,0.039,14.28
3.0,1.5,2.5,4.5,0.8,2400,0.4,76,71.1,2.97,0.43,1.05,0.039,14.28
3.0,1.5,2.5,4.5,0.8,3600,0.2,76,71.1,2.97,0.43,1.05,0.039,14.28
3.0,1.5,2.5,4.5,0.8,3600,0.4,76,71.1,2.97,0.43,1.05,0.039,14.28
3.0,1.5,2.5,4.5,0.8,7200,0.2,76,71.1,2.97,0.43,1.05,0.039,14.28
3.0,1.5,2.5,4.5,0.8,7200,0.4,76,71.1,2.97,0.43,1.05,0.039,14.28
3.0,1.5,2.5,4.5,0.8,7200,0.8,76,71.1,2.97,0.43,1.05,0.039,14.28
3.0,1.5,2.5,4.5,0.8,14400,0.2,76,71.1,2.97,0.43,1.05,0.039,14.28
3.0,1.5,2.5,4.5,0.8,14400,0.4,76,71.1,2.97,0.43,1.05,0.039,14.28
3.0,1.5,2.5,4.5,0.8,14400,0.8,76,71.1,2.97,0.43,1.05,0.039,14.28
3.0,1.5,2.5,4.5,0.8,,0.4,76,71.1,2.97,0.43,1.05,0.039,14.28
5.0,1.0,1.5,3.0,0.4,2400,0.8,73,79.5,2.88,0.27,1.04,0.039,12.35
5.0,1.0,1.5,3.0,0.6,2400,0.8,73,79.5,2.88,0.27,1.04,0.039,12.35
5.0,1.0,1.5,3.0,0.8,2400,0.8,73,79.5,2.88,0.27,1.04,0.039,12.35
2.0,0.7,1.5,3.0,0.4,2400,0.2,92,69.6,3.4,0.46,1.06,0.037,10.82
2.0,0.7,1.5,3.0,0.4,2400,0.4,92,69.6,3.4,0.46,1.06,0.037,10.82
2.0,0.7,1.5,3.0,0.4,3600,0.2,92,69.6,3.4,0.46,1.06,0.037,10.82
2.0,0.7,1.5,3.0,0.4,3600,0.4,92,69.6,3.4,0.46,1.06,0.037,10.82
2.0,0.7,1.5,3.0,0.4,7200,0.2,92,69.6,3.4,0.46,1.06,0.037,10.82
2.0,0.7,1.5,3.0,0.4,7200,0.4,92,69.6,3.4,0.46,1.06,0.037,10.82
2.0,0.7,1.5,3.0,0.4,14400,0.2,92,69.6,3.4,0.46,1.06,0.037,10.82
2.0,0.7,1.5,3.0,0.4,14400,0.4,92,69.6,3.4,0.46,1.06,0.037,10.82
2.0,0.7,1.5,3.0,0.4,14400,0.8,92,69.6,3.4,0.46,1.06,0.037,10.82
2.0,0.7,1.5,3.0,0.4,,0.4,92,69.6,3.4,0.46,1.06,0.037,10.82
2.0,0.7,1.5,3.0,0.6,2400,0.2,92,69.6,3.4,0.46,1.06,0.037,10.82
2.0,0.7,1.5,3.0,0.6,2400,0.4,92,69.6,3.4,0.46,1.06,0.037,10.82
2.0,0.7,1.5,3.0,0.6,3600,0.2,92,69.6,3.4,0.46,1.06,0.037,10.82
2.0,0.7,1.5,3.0,0.6,3600,0.4,92,69.6,3.4,0.46,1.06,0.037,10.82
2.0,0.7,1.5,3.0,0.6,7200,0.2,92,69.6,3.4,0.46,1.06,0.037,10.82
2.0,0.7,1.5,3.0,0.6,7200,0.4,92,69.6,3.4,0.46,1.06,0.037,10.82
2.0,0.7,1.5,3.0,0.6,14400,0.2,92,69.6,3.4,0.46,1.06,0.037,10.82
2.0,0.7,1.5,3.0,0.6,14400,0.4,92,69.6,3.4,0.46,1.06,0.037,10.82
2.0,0.7,1.5,3.0,0.6,14400,0.8,92,69.6,3.4,0.46,1.06,0.037,10.82
2.0,0.7,1.5,3.0,0.6,,0.4,92,69.6,3.4,0.46,1.06,0.037,10.82
2.0,0.7,1.5,3.0,0.8,2400,0.2,92,69.6,3.4,0.46,1.06,0.037,10.82
2.0,0.7,1.5,3.0,0.8,2400,0.4,92,69.6,3.4,0.46,1.06,0.037,10.82
2.0,0.7,1.5,3.0,0.8,3600,0.2,92,69.6,3.4,0.46,1.06,0.037,10.82
2.0,0.7,1.5,3.0,0.8,3600,0.4,92,69.6,3.4,0.46,1.06,0.037,10.82
2.0,0.7,1.5,3.0,0.8,7200,0.2,92,69.6,3.4,0.46,1.06,0.037,10.82
2.0,0.7,1.5,3.0,0.8,7200,0.4,92,69.6,3.4,0.46,1.06,0.037,10.82
2.0,0.7,1.5,3.0,0.8,14400,0.2,92,69.6,3.4,0.46,1.06,0.037,10.82
2.0,0.7,1.5,3.0,0.8,14400,0.4,92,69.6,3.4,0.46,1.06,0.037,10.82
2.0,0.7,1.5,3.0,0.8,14400,0.8,92,69.6,3.4,0.46,1.06,0.037,10.82
2.0,0.7,1.5,3.0,0.8,,0.4,92,69.6,3.4,0.46,1.06,0.037,10.82
2.0,1.0,2.5,4.5,0.4,1200,0.8,87,59.8,3.23,0.71,1.06,0.037,9.83
2.0,1.0,2.5,4.5,0.6,1200,0.8,87,59.8,3.23,0.71,1.06,0.037,9.83
2.0,1.0,2.5,4.5,0.8,1200,0.8,87,59.8,3.23,0.71,1.06,0.037,9.83
3.0,1.5,2.5,3.0,0.6,2400,0.8,78,69.2,2.9,0.46,1.04,0.037,13.33
2.0,0.7,1.5,3.0,0.4,1200,0.4,91,67.0,3.26,0.52,1.06,0.036,10.82
2.0,0.7,1.5,3.0,0.6,1200,0.4,91,67.0,3.26,0.52,1.06,0.036,10.82
2.0,0.7,1.5,3.0,0.8,1200,0.4,91,67.0,3.26,0.52,1.06,0.036,10.82
3.0,1.5,2.5,4.5,0.6,1200,0.8,79,64.6,2.79,0.57,1.05,0.035,13.45
3.0,1.5,2.5,4.5,0.8,3600,0.8,77,68.8,2.71,0.47,1.04,0.035,14.28
5.0,0.7,1.5,4.5,0.4,2400,0.8,79,83.5,2.79,0.21,1.05,0.035,9.95
5.0,0.7,1.5,4.5,0.6,2400,0.8,79,83.5,2.79,0.21,1.05,0.035,9.95
5.0,0.7,1.5,4.5,0.8,2400,0.8,79,83.5,2.79,0.21,1.05,0.035,9.95
3.0,0.7,1.5,3.0,0.4,1200,0.8,85,68.2,2.82,0.49,1.05,0.033,12.45
3.0,0.7,1.5,3.0,0.6,1200,0.8,85,68.2,2.82,0.49,1.05,0.033,12.45
3.0,0.7,1.5,3.0,0.8,1200,0.8,85,68.2,2.82,0.49,1.05,0.033,12.45
2.0,0.7,1.5,3.0,0.4,7200,0.8,92,69.6,2.99,0.46,1.05,0.032,10.82
2.0,0.7,1.5,3.0,0.6,7200,0.8,92,69.6,2.99,0.46,1.05,0.032,10.82
2.0,0.7,1.5,3.0,0.8,7200,0.8,92,69.6,2.99,0.46,1.05,0.032,10.82
2.0,1.0,2.5,4.5,0.4,2400,0.8,87,64.4,2.68,0.58,1.05,0.031,10.4
2.0,1.0,2.5,4.5,0.6,2400,0.8,87,64.4,2.68,0.58,1.05,0.031,10.4
2.0,1.0,2.5,4.5,0.8,2400,0.8,87,64.4,2.68,0.58,1.05,0.031,10.4
3.0,1.5,2.5,4.5,0.6,2400,0.8,78,69.2,2.45,0.46,1.04,0.031,14.23
5.0,0.7,2.5,3.0,0.4,2400,0.2,78,85.9,2.42,0.17,1.04,0.031,11.55
5.0,0.7,2.5,3.0,0.4,2400,0.4,78,85.9,2.42,0.17,1.04,0.031,11.55
5.0,0.7,2.5,3.0,0.4,3600,0.2,78,85.9,2.42,0.17,1.04,0.031,11.55
5.0,0.7,2.5,3.0,0.4,3600,0.4,78,85.9,2.42,0.17,1.04,0.031,11.55
5.0,0.7,2.5,3.0,0.4,7200,0.2,78,85.9,2.42,0.17,1.04,0.031,11.55
5.0,0.7,2.5,3.0,0.4,7200,0.4,78,85.9,2.42,0.17,1.04,0.031,11.55
5.0,0.7,2.5,3.0,0.4,7200,0.8,78,85.9,2.42,0.17,1.04,0.031,11.55
5.0,0.7,2.5,3.0,0.4,14400,0.2,78,85.9,2.42,0.17,1.04,0.031,11.55
5.0,0.7,2.5,3.0,0.4,14400,0.4,78,85.9,2.42,0.17,1.04,0.031,11.55
5.0,0.7,2.5,3.0,0.4,14400,0.8,78,85.9,2.42,0.17,1.04,0.031,11.55
5.0,0.7,2.5,3.0,0.4,,0.4,78,85.9,2.42,0.17,1.04,0.031,11.55
5.0,0.7,2.5,3.0,0.6,2400,0.2,78,85.9,2.42,0.17,1.04,0.031,11.55
5.0,0.7,2.5,3.0,0.6,2400,0.4,78,85.9,2.42,0.17,1.04,0.031,11.55
5.0,0.7,2.5,3.0,0.6,3600,0.2,78,85.9,2.42,0.17,1.04,0.031,11.55
5.0,0.7,2.5,3.0,0.6,3600,0.4,78,85.9,2.42,0.17,1.04,0.031,11.55
5.0,0.7,2.5,3.0,0.6,7200,0.2,78,85.9,2.42,0.17,1.04,0.031,11.55
5.0,0.7,2.5,3.0,0.6,7200,0.4,78,85.9,2.42,0.17,1.04,0.031,11.55
5.0,0.7,2.5,3.0,0.6,7200,0.8,78,85.9,2.42,0.17,1.04,0.031,11.55
5.0,0.7,2.5,3.0,0.6,14400,0.2,78,85.9,2.42,0.17,1.04,0.031,11.55
5.0,0.7,2.5,3.0,0.6,14400,0.4,78,85.9,2.42,0.17,1.04,0.031,11.55
5.0,0.7,2.5,3.0,0.6,14400,0.8,78,85.9,2.42,0.17,1.04,0.031,11.55
5.0,0.7,2.5,3.0,0.6,,0.4,78,85.9,2.42,0.17,1.04,0.031,11.55
5.0,0.7,2.5,3.0,0.8,2400,0.2,78,85.9,2.42,0.17,1.04,0.031,11.55
5.0,0.7,2.5,3.0,0.8,2400,0.4,78,85.9,2.42,0.17,1.04,0.031,11.55
5.0,0.7,2.5,3.0,0.8,3600,0.2,78,85.9,2.42,0.17,1.04,0.031,11.55
5.0,0.7,2.5,3.0,0.8,3600,0.4,78,85.9,2.42,0.17,1.04,0.031,11.55
5.0,0.7,2.5,3.0,0.8,7200,0.2,78,85.9,2.42,0.17,1.04,0.031,11.55
5.0,0.7,2.5,3.0,0.8,7200,0.4,78,85.9,2.42,0.17,1.04,0.031,11.55
5.0,0.7,2.5,3.0,0.8,7200,0.8,78,85.9,2.42,0.17,1.04,0.031,11.55
5.0,0.7,2.5,3.0,0.8,14400,0.2,78,85.9,2.42,0.17,1.04,0.031,11.55
5.0,0.7,2.5,3.0,0.8,14400,0.4,78,85.9,2.42,0.17,1.04,0.031,11.55
5.0,0.7,2.5,3.0,0.8,14400,0.8,78,85.9,2.42,0.17,1.04,0.031,11.55
5.0,0.7,2.5,3.0,0.8,,0.4,78,85.9,2.42,0.17,1.04,0.031,11.55
2.0,0.7,1.5,3.0,0.4,1200,0.2,92,68.5,2.77,0.48,1.05,0.03,10.82
2.0,0.7,1.5,3.0,0.6,1200,0.2,92,68.5,2.77,0.48,1.05,0.03,10.82
2.0,0.7,1.5,3.0,0.8,1200,0.2,92,68.5,2.77,0.48,1.05,0.03,10.82
4.0,1.0,1.5,3.0,0.4,1200,0.2,72,76.4,2.15,0.32,1.03,0.03,12.7
4.0,1.0,1.5,3.0,0.6,1200,0.2,72,76.4,2.15,0.32,1.03,0.03,12.7
4.0,1.0,1.5,3.0,0.8,1200,0.2,72,76.4,2.15,0.32,1.03,0.03,12.7
4.0,1.0,1.5,3.0,0.4,3600,0.8,73,75.3,2.15,0.34,1.03,0.029,12.7
4.0,1.0,1.5,3.0,0.6,3600,0.8,73,75.3,2.15,0.34,1.03,0.029,12.7
4.0,1.0,1.5,3.0,0.8,3600,0.8,73,75.3,2.15,0.34,1.03,0.029,12.7
5.0,1.0,1.5,4.5,0.4,2400,0.2,71,81.7,2.05,0.23,1.03,0.029,13.7
5.0,1.0,1.5,4.5,0.4,2400,0.4,71,81.7,2.05,0.23,1.03,0.029,13.7
5.0,1.0,1.5,4.5,0.4,3600,0.2,71,81.7,2.05,0.23,1.03,0.029,13.7
5.0,1.0,1.5,4.5,0.4,3600,0.4,71,81.7,2.05,0.23,1.03,0.029,13.7
5.0,1.0,1.5,4.5,0.4,7200,0.2,71,81.7,2.05,0.23,1.03,0.029,13.7
5.0,1.0,1.5,4.5,0.4,7200,0.4,71,81.7,2.05,0.23,1.03,0.029,13.7
5.0,1.0,1.5,4.5,0.4,7200,0.8,71,81.7,2.05,0.23,1.03,0.029,13.7
5.0,1.0,1.5,4.5,0.4,14400,0.2,71,81.7,2.05,0.23,1.03,0.029,13.7
5.0,1.0,1.5,4.5,0.4,14400,0.4,71,81.7,2.05,0.23,1.03,0.029,13.7
5.0,1.0,1.5,4.5,0.4,14400,0.8,71,81.7,2.05,0.23,1.03,0.029,13.7
5.0,1.0,1.5,4.5,0.4,,0.4,71,81.7,2.05,0.23,1.03,0.029,13.7
5.0,1.0,1.5,4.5,0.6,2400,0.2,71,81.7,2.05,0.23,1.03,0.029,13.7
5.0,1.0,1.5,4.5,0.6,2400,0.4,71,81.7,2.05,0.23,1.03,0.029,13.7
5.0,1.0,1.5,4.5,0.6,3600,0.2,71,81.7,2.05,0.23,1.03,0.029,13.7
5.0,1.0,1.5,4.5,0.6,3600,0.4,71,81.7,2.05,0.23,1.03,0.029,13.7
5.0,1.0,1.5,4.5,0.6,7200,0.2,71,81.7,2.05,0.23,1.03,0.029,13.7
5.0,1.0,1.5,4.5,0.6,7200,0.4,71,81.7,2.05,0.23,1.03,0.029,13.7
5.0,1.0,1.5,4.5,0.6,7200,0.8,71,81.7,2.05,0.23,1.03,0.029,13.7
5.0,1.0,1.5,4.5,0.6,14400,0.2,71,81.7,2.05,0.23,1.03,0.029,13.7
5.0,1.0,1.5,4.5,0.6,14400,0.4,71,81.7,2.05,0.23,1.03,0.029,13.7
5.0,1.0,1.5,4.5,0.6,14400,0.8,71,81.7,2.05,0.23,1.03,0.029,13.7
5.0,1.0,1.5,4.5,0.6,,0.4,71,81.7,2.05,0.23,1.03,0.029,13.7
5.0,1.0,1.5,4.5,0.8,2400,0.2,71,81.7,2.05,0.23,1.03,0.029,13.7
5.0,1.0,1.5,4.5,0.8,2400,0.4,71,81.7,2.05,0.23,1.03,0.029,13.7
5.0,1.0,1.5,4.5,0.8,3600,0.2,71,81.7,2.05,0.23,1.03,0.029,13.7
5.0,1.0,1.5,4.5,0.8,3600,0.4,71,81.7,2.05,0.23,1.03,0.029,13.7
5.0,1.0,1.5,4.5,0.8,7200,0.2,71,81.7,2.05,0.23,1.03,0.029,13.7
5.0,1.0,1.5,4.5,0.8,7200,0.4,71,81.7,2.05,0.23,1.03,0.029,13.7
5.0,1.0,1.5,4.5,0.8,7200,0.8,71,81.7,2.05,0.23,1.03,0.029,13.7
5.0,1.0,1.5,4.5,0.8,14400,0.2,71,81.7,2.05,0.23,1.03,0.029,13.7
5.0,1.0,1.5,4.5,0.8,14400,0.4,71,81.7,2.05,0.23,1.03,0.029,13.7
5.0,1.0,1.5,4.5,0.8,14400,0.8,71,81.7,2.05,0.23,1.03,0.029,13.7
5.0,1.0,1.5,4.5,0.8,,0.4,71,81.7,2.05,0.23,1.03,0.029,13.7
5.0,1.0,2.5,3.0,0.4,2400,0.2,71,81.7,2.05,0.23,1.03,0.029,12.8
5.0,1.0,2.5,3.0,0.4,2400,0.4,71,81.7,2.05,0.23,1.03,0.029,12.8
5.0,1.0,2.5,3.0,0.4,3600,0.2,71,81.7,2.05,0.23,1.03,0.029,12.8
5.0,1.0,2.5,3.0,0.4,3600,0.4,71,81.7,2.05,0.23,1.03,0.029,12.8
5.0,1.0,2.5,3.0,0.4,7200,0.2,71,81.7,2.05,0.23,1.03,0.029,12.8
5.0,1.0,2.5,3.0,0.4,7200,0.4,71,81.7,2.05,0.23,1.03,0.029,12.8
5.0,1.0,2.5,3.0,0.4,7200,0.8,71,81.7,2.05,0.23,1.03,0.029,12.8
5.0,1.0,2.5,3.0,0.4,14400,0.2,71,81.7,2.05,0.23,1.03,0.029,12.8
5.0,1.0,2.5,3.0,0.4,14400,0.4,71,81.7,2.05,0.23,1.03,0.029,12.8
5.0,1.0,2.5,3.0,0.4,14400,0.8,71,81.7,2.05,0.23,1.03,0.029,12.8
5.0,1.0,2.5,3.0,0.4,,0.4,71,81.7,2.05,0.23,1.03,0.029,12.8
5.0,1.0,2.5,3.0,0.6,2400,0.2,71,81.7,2.05,0.23,1.03,0.029,12.8
5.0,1.0,2.5,3.0,0.6,2400,0.4,71,81.7,2.05,0.23,1.03,0.029,12.8
5.0,1.0,2.5,3.0,0.6,3600,0.2,71,81.7,2.05,0.23,1.03,0.029,12.8
5.0,1.0,2.5,3.0,0.6,3600,0.4,71,81.7,2.05,0.23,1.03,0.029,12.8
5.0,1.0,2.5,3.0,0.6,7200,0.2,71,81.7,2.05,0.23,1.03,0.029,12.8
5.0,1.0,2.5,3.0,0.6,7200,0.4,71,81.7,2.05,0.23,1.03,0.029,12.8
5.0,1.0,2.5,3.0,0.6,7200,0.8,71,81.7,2.05,0.23,1.03,0.029,12.8
5.0,1.0,2.5,3.0,0.6,14400,0.2,71,81.7,2.05,0.23,1.03,0.029,12.8
5.0,1.0,2.5,3.0,0.6,14400,0.4,71,81.7,2.05,0.23,1.03,0.029,12.8
5.0,1.0,2.5,3.0,0.6,14400,0.8,71,81.7,2.05,0.23,1.03,0.029,12.8
5.0,1.0,2.5,3.0,0.6,,0.4,71,81.7,2.05,0.23,1.03,0.029,12.8
5.0,1.0,2.5,3.0,0.8,2400,0.2,71,81.7,2.05,0.23,1.03,0.029,12.8
5.0,1.0,2.5,3.0,0.8,2400,0.4,71,81.7,2.05,0.23,1.03,0.029,12.8
5.0,1.0,2.5,3.0,0.8,3600,0.2,71,81.7,2.05,0.23,1.03,0.029,12.8
5.0,1.0,2.5,3.0,0.8,3600,0.4,71,81.7,2.05,0.23,1.03,0.029,12.8
5.0,1.0,2.5,3.0,0.8,7200,0.2,71,81.7,2.05,0.23,1.03,0.029,12.8
5.0,1.0,2.5,3.0,0.8,7200,0.4,71,81.7,2.05,0.23,1.03,0.029,12.8
5.0,1.0,2.5,3.0,0.8,7200,0.8,71,81.7,2.05,0.23,1.03,0.029,12.8
5.0,1.0,2.5,3.0,0.8,14400,0.2,71,81.7,2.05,0.23,1.03,0.029,12.8
5.0,1.0,2.5,3.0,0.8,14400,0.4,71,81.7,2.05,0.23,1.03,0.029,12.8
5.0,1.0,2.5,3.0,0.8,14400,0.8,71,81.7,2.05,0.23,1.03,0.029,12.8
5.0,1.0,2.5,3.0,0.8,,0.4,71,81.7,2.05,0.23,1.03,0.029,12.8
3.0,1.5,2.5,3.0,0.8,1200,0.2,76,69.7,2.07,0.45,1.03,0.027,13.38
2.0,1.0,2.5,3.0,0.4,3600,0.8,86,64.0,2.27,0.59,1.04,0.026,10.4
2.0,1.0,2.5,3.0,0.6,3600,0.8,86,64.0,2.27,0.59,1.04,0.026,10.4
2.0,1.0,2.5,3.0,0.8,3600,0.8,86,64.0,2.27,0.59,1.04,0.026,10.4
3.0,1.5,2.5,3.0,0.8,1200,0.8,79,64.6,2.06,0.57,1.03,0.026,12.78
5.0,1.0,2.5,4.5,0.4,1200,0.8,75,74.7,1.94,0.35,1.03,0.026,16.13
5.0,1.0,2.5,4.5,0.6,1200,0.8,75,74.7,1.94,0.35,1.03,0.026,16.13
5.0,1.0,2.5,4.5,0.8,1200,0.8,75,74.7,1.94,0.35,1.03,0.026,16.13
5.0,0.7,2.5,4.5,0.4,2400,0.2,78,85.9,1.97,0.17,1.04,0.025,12.0
5.0,0.7,2.5,4.5,0.4,2400,0.4,78,85.9,1.97,0.17,1.04,0.025,12.0
5.0,0.7,2.5,4.5,0.4,3600,0.2,78,85.9,1.97,0.17,1.04,0.025,12.0
5.0,0.7,2.5,4.5,0.4,3600,0.4,78,85.9,1.97,0.17,1.04,0.025,12.0
5.0,0.7,2.5,4.5,0.4,7200,0.2,78,85.9,1.97,0.17,1.04,0.025,12.0
5.0,0.7,2.5,4.5,0.4,7200,0.4,78,85.9,1.97,0.17,1.04,0.025,12.0
5.0,0.7,2.5,4.5,0.4,7200,0.8,78,85.9,1.97,0.17,1.04,0.025,12.0
5.0,0.7,2.5,4.5,0.4,14400,0.2,78,85.9,1.97,0.17,1.04,0.025,12.0
5.0,0.7,2.5,4.5,0.4,14400,0.4,78,85.9,1.97,0.17,1.04,0.025,12.0
5.0,0.7,2.5,4.5,0.4,14400,0.8,78,85.9,1.97,0.17,1.04,0.025,12.0
5.0,0.7,2.5,4.5,0.4,,0.4,78,85.9,1.97,0.17,1.04,0.025,12.0
5.0,0.7,2.5,4.5,0.6,2400,0.2,78,85.9,1.97,0.17,1.04,0.025,12.0
5.0,0.7,2.5,4.5,0.6,2400,0.4,78,85.9,1.97,0.17,1.04,0.025,12.0
5.0,0.7,2.5,4.5,0.6,3600,0.2,78,85.9,1.97,0.17,1.04,0.025,12.0
5.0,0.7,2.5,4.5,0.6,3600,0.4,78,85.9,1.97,0.17,1.04,0.025,12.0
5.0,0.7,2.5,4.5,0.6,7200,0.2,78,85.9,1.97,0.17,1.04,0.025,12.0
5.0,0.7,2.5,4.5,0.6,7200,0.4,78,85.9,1.97,0.17,1.04,0.025,12.0
5.0,0.7,2.5,4.5,0.6,7200,0.8,78,85.9,1.97,0.17,1.04,0.025,12.0
5.0,0.7,2.5,4.5,0.6,14400,0.2,78,85.9,1.97,0.17,1.04,0.025,12.0
5.0,0.7,2.5,4.5,0.6,14400,0.4,78,85.9,1.97,0.17,1.04,0.025,12.0
5.0,0.7,2.5,4.5,0.6,14400,0.8,78,85.9,1.97,0.17,1.04,0.025,12.0
5.0,0.7,2.5,4.5,0.6,,0.4,78,85.9,1.97,0.17,1.04,0.025,12.0
5.0,0.7,2.5,4.5,0.8,2400,0.2,78,85.9,1.97,0.17,1.04,0.025,12.0
5.0,0.7,2.5,4.5,0.8,2400,0.4,78,85.9,1.97,0.17,1.04,0.025,12.0
5.0,0.7,2.5,4.5,0.8,3600,0.2,78,85.9,1.97,0.17,1.04,0.025,12.0
5.0,0.7,2.5,4.5,0.8,3600,0.4,78,85.9,1.97,0.17,1.04,0.025,12.0
5.0,0.7,2.5,4.5,0.8,7200,0.2,78,85.9,1.97,0.17,1.04,0.025,12.0
5.0,0.7,2.5,4.5,0.8,7200,0.4,78,85.9,1.97,0.17,1.04,0.025,12.0
5.0,0.7,2.5,4.5,0.8,7200,0.8,78,85.9,1.97,0.17,1.04,0.025,12.0
5.0,0.7,2.5,4.5,0.8,14400,0.2,78,85.9,1.97,0.17,1.04,0.025,12.0
5.0,0.7,2.5,4.5,0.8,14400,0.4,78,85.9,1.97,0.17,1.04,0.025,12.0
5.0,0.7,2.5,4.5,0.8,14400,0.8,78,85.9,1.97,0.17,1.04,0.025,12.0
5.0,0.7,2.5,4.5,0.8,,0.4,78,85.9,1.97,0.17,1.04,0.025,12.0
4.0,1.5,2.5,3.0,0.4,1200,0.8,75,70.7,1.8,0.43,1.03,0.024,12.14
4.0,1.5,2.5,4.5,0.4,1200,0.8,75,70.7,1.8,0.43,1.03,0.024,12.59
2.0,0.7,1.5,3.0,0.4,1200,0.8,92,62.0,2.15,0.64,1.04,0.023,9.98
2.0,0.7,1.5,3.0,0.4,3600,0.8,92,68.5,2.14,0.48,1.04,0.023,10.82
2.0,0.7,1.5,3.0,0.6,1200,0.8,92,62.0,2.15,0.64,1.04,0.023,9.98
2.0,0.7,1.5,3.0,0.6,3600,0.8,92,68.5,2.14,0.48,1.04,0.023,10.82
2.0,0.7,1.5,3.0,0.8,1200,0.8,92,62.0,2.15,0.64,1.04,0.023,9.98
2.0,0.7,1.5,3.0,0.8,3600,0.8,92,68.5,2.14,0.48,1.04,0.023,10.82
4.0,1.0,1.5,3.0,0.4,2400,0.8,73,75.3,1.66,0.34,1.03,0.023,12.7
4.0,1.0,1.5,3.0,0.6,2400,0.8,73,75.3,1.66,0.34,1.03,0.023,12.7
4.0,1.0,1.5,3.0,0.8,2400,0.8,73,75.3,1.66,0.34,1.03,0.023,12.7
5.0,0.7,2.5,3.0,0.4,1200,0.2,78,84.6,1.79,0.19,1.03,0.023,11.55
5.0,0.7,2.5,3.0,0.4,3600,0.8,79,84.8,1.79,0.18,1.03,0.023,12.14
5.0,0.7,2.5,3.0,0.6,1200,0.2,78,84.6,1.79,0.19,1.03,0.023,11.55
5.0,0.7,2.5,3.0,0.6,3600,0.8,79,84.8,1.79,0.18,1.03,0.023,12.14
5.0,0.7,2.5,3.0,0.8,1200,0.2,78,84.6,1.79,0.19,1.03,0.023,11.55
5.0,0.7,2.5,3.0,0.8,3600,0.8,79,84.8,1.79,0.18,1.03,0.023,12.14
3.0,1.5,2.5,4.5,0.8,1200,0.2,76,69.7,1.62,0.44,1.02,0.021,14.28
3.0,0.7,1.5,3.0,0.4,2400,0.2,82,75.6,1.65,0.33,1.03,0.02,11.82
3.0,0.7,1.5,3.0,0.4,2400,0.4,82,75.6,1.65,0.33,1.03,0.02,11.82
3.0,0.7,1.5,3.0,0.4,3600,0.2,82,75.6,1.65,0.33,1.03,0.02,11.82
3.0,0.7,1.5,3.0,0.4,3600,0.4,82,75.6,1.65,0.33,1.03,0.02,11.82
3.0,0.7,1.5,3.0,0.4,7200,0.2,82,75.6,1.65,0.33,1.03,0.02,11.82
3.0,0.7,1.5,3.0,0.4,7200,0.4,82,75.6,1.65,0.33,1.03,0.02,11.82
3.0,0.7,1.5,3.0,0.4,7200,0.8,82,75.6,1.65,0.33,1.03,0.02,11.82
3.0,0.7,1.5,3.0,0.4,14400,0.2,82,75.6,1.65,0.33,1.03,0.02,11.82
3.0,0.7,1.5,3.0,0.4,14400,0.4,82,75.6,1.65,0.33,1.03,0.02,11.82
3.0,0.7,1.5,3.0,0.4,14400,0.8,82,75.6,1.65,0.33,1.03,0.02,11.82
3.0,0.7,1.5,3.0,0.4,,0.4,82,75.6,1.65,0.33,1.03,0.02,11.82
3.0,0.7,1.5,3.0,0.6,2400,0.2,82,75.6,1.65,0.33,1.03,0.02,11.82
3.0,0.7,1.5,3.0,0.6,2400,0.4,82,75.6,1.65,0.33,1.03,0.02,11.82
3.0,0.7,1.5,3.0,0.6,3600,0.2,82,75.6,1.65,0.33,1.03,0.02,11.82
3.0,0.7,1.5,3.0,0.6,3600,0.4,82,75.6,1.65,0.33,1.03,0.02,11.82
3.0,0.7,1.5,3.0,0.6,7200,0.2,82,75.6,1.65,0.33,1.03,0.02,11.82
3.0,0.7,1.5,3.0,0.6,7200,0.4,82,75.6,1.65,0.33,1.03,0.02,11.82
3.0,0.7,1.5,3.0,0.6,7200,0.8,82,75.6,1.65,0.33,1.03,0.02,11.82
3.0,0.7,1.5,3.0,0.6,14400,0.2,82,75.6,1.65,0.33,1.03,0.02,11.82
3.0,0.7,1.5,3.0,0.6,14400,0.4,82,75.6,1.65,0.33,1.03,0.02,11.82
3.0,0.7,1.5,3.0,0.6,14400,0.8,82,75.6,1.65,0.33,1.03,0.02,11.82
3.0,0.7,1.5,3.0,0.6,,0.4,82,75.6,1.65,0.33,1.03,0.02,11.82
3.0,0.7,1.5,3.0,0.8,2400,0.2,82,75.6,1.65,0.33,1.03,0.02,11.82
3.0,0.7,1.5,3.0,0.8,2400,0.4,82,75.6,1.65,0.33,1.03,0.02,11.82
3.0,0.7,1.5,3.0,0.8,3600,0.2,82,75.6,1.65,0.33,1.03,0.02,11.82
3.0,0.7,1.5,3.0,0.8,3600,0.4,82,75.6,1.65,0.33,1.03,0.02,11.82
3.0,0.7,1.5,3.0,0.8,7200,0.2,82,75.6,1.65,0.33,1.03,0.02,11.82
3.0,0.7,1.5,3.0,0.8,7200,0.4,82,75.6,1.65,0.33,1.03,0.02,11.82
3.0,0.7,1.5,3.0,0.8,7200,0.8,82,75.6,1.65,0.33,1.03,0.02,11.82
3.0,0.7,1.5,3.0,0.8,14400,0.2,82,75.6,1.65,0.33,1.03,0.02,11.82
3.0,0.7,1.5,3.0,0.8,14400,0.4,82,75.6,1.65,0.33,1.03,0.02,11.82
3.0,0.7,1.5,3.0,0.8,14400,0.8,82,75.6,1.65,0.33,1.03,0.02,11.82
3.0,0.7,1.5,3.0,0.8,,0.4,82,75.6,1.65,0.33,1.03,0.02,11.82
3.0,1.5,2.5,3.0,0.6,1200,0.4,76,68.4,1.53,0.47,1.02,0.02,13.4
3.0,1.5,2.5,4.5,0.8,1200,0.8,79,64.6,1.61,0.56,1.03,0.02,13.23
3.0,1.5,2.5,3.0,0.8,2400,0.8,78,69.2,1.32,0.45,1.02,0.017,13.31
5.0,0.7,2.5,4.5,0.4,1200,0.2,78,84.6,1.34,0.19,1.02,0.017,12.0
5.0,0.7,2.5,4.5,0.4,3600,0.8,79,84.8,1.34,0.18,1.02,0.017,12.59
5.0,0.7,2.5,4.5,0.6,1200,0.2,78,84.6,1.34,0.19,1.02,0.017,12.0
5.0,0.7,2.5,4.5,0.6,3600,0.8,79,84.8,1.34,0.18,1.02,0.017,12.59
5.0,0.7,2.5,4.5,0.8,1200,0.2,78,84.6,1.34,0.19,1.02,0.017,12.0
5.0,0.7,2.5,4.5,0.8,3600,0.8,79,84.8,1.34,0.18,1.02,0.017,12.59
2.0,1.0,2.5,3.0,0.4,1200,0.8,87,59.8,1.43,0.69,1.03,0.016,9.83
2.0,1.0,2.5,3.0,0.6,1200,0.8,87,59.8,1.43,0.69,1.03,0.016,9.83
2.0,1.0,2.5,3.0,0.8,1200,0.8,87,59.8,1.43,0.69,1.03,0.016,9.83
5.0,1.0,1.5,4.5,0.4,1200,0.2,71,80.3,1.15,0.25,1.02,0.016,13.7
5.0,1.0,1.5,4.5,0.6,1200,0.2,71,80.3,1.15,0.25,1.02,0.016,13.7
5.0,1.0,1.5,4.5,0.8,1200,0.2,71,80.3,1.15,0.25,1.02,0.016,13.7
5.0,1.0,2.5,3.0,0.4,1200,0.2,71,80.3,1.15,0.25,1.02,0.016,12.8
5.0,1.0,2.5,3.0,0.6,1200,0.2,71,80.3,1.15,0.25,1.02,0.016,12.8
5.0,1.0,2.5,3.0,0.8,1200,0.2,71,80.3,1.15,0.25,1.02,0.016,12.8
5.0,1.0,2.5,4.5,0.4,2400,0.2,71,81.7,1.15,0.23,1.02,0.016,13.25
5.0,1.0,2.5,4.5,0.4,2400,0.4,71,81.7,1.15,0.23,1.02,0.016,13.25
5.0,1.0,2.5,4.5,0.4,3600,0.2,71,81.7,1.15,0.23,1.02,0.016,13.25
5.0,1.0,2.5,4.5,0.4,3600,0.4,71,81.7,1.15,0.23,1.02,0.016,13.25
5.0,1.0,2.5,4.5,0.4,7200,0.2,71,81.7,1.15,0.23,1.02,0.016,13.25
5.0,1.0,2.5,4.5,0.4,7200,0.4,71,81.7,1.15,0.23,1.02,0.016,13.25
5.0,1.0,2.5,4.5,0.4,7200,0.8,71,81.7,1.15,0.23,1.02,0.016,13.25
5.0,1.0,2.5,4.5,0.4,14400,0.2,71,81.7,1.15,0.23,1.02,0.016,13.25
5.0,1.0,2.5,4.5,0.4,14400,0.4,71,81.7,1.15,0.23,1.02,0.016,13.25
5.0,1.0,2.5,4.5,0.4,14400,0.8,71,81.7,1.15,0.23,1.02,0.016,13.25
5.0,1.0,2.5,4.5,0.4,,0.4,71,81.7,1.15,0.23,1.02,0.016,13.25
5.0,1.0,2.5,4.5,0.6,2400,0.2,71,81.7,1.15,0.23,1.02,0.016,13.25
5.0,1.0,2.5,4.5,0.6,2400,0.4,71,81.7,1.15,0.23,1.02,0.016,13.25
5.0,1.0,2.5,4.5,0.6,3600,0.2,71,81.7,1.15,0.23,1.02,0.016,13.25
5.0,1.0,2.5,4.5,0.6,3600,0.4,71,81.7,1.15,0.23,1.02,0.016,13.25
5.0,1.0,2.5,4.5,0.6,7200,0.2,71,81.7,1.15,0.23,1.02,0.016,13.25
5.0,1.0,2.5,4.5,0.6,7200,0.4,71,81.7,1.15,0.23,1.02,0.016,13.25
5.0,1.0,2.5,4.5,0.6,7200,0.8,71,81.7,1.15,0.23,1.02,0.016,13.25
5.0,1.0,2.5,4.5,0.6,14400,0.2,71,81.7,1.15,0.23,1.02,0.016,13.25
5.0,1.0,2.5,4.5,0.6,14400,0.4,71,81.7,1.15,0.23,1.02,0.016,13.25
5.0,1.0,2.5,4.5,0.6,14400,0.8,71,81.7,1.15,0.23,1.02,0.016,13.25
5.0,1.0,2.5,4.5,0.6,,0.4,71,81.7,1.15,0.23,1.02,0.016,13.25
5.0,1.0,2.5,4.5,0.8,2400,0.2,71,81.7,1.15,0.23,1.02,0.016,13.25
5.0,1.0,2.5,4.5,0.8,2400,0.4,71,81.7,1.15,0.23,1.02,0.016,13.25
5.0,1.0,2.5,4.5,0.8,3600,0.2,71,81.7,1.15,0.23,1.02,0.016,13.25
5.0,1.0,2.5,4.5,0.8,3600,0.4,71,81.7,1.15,0.23,1.02,0.016,13.25
5.0,1.0,2.5,4.5,0.8,7200,0.2,71,81.7,1.15,0.23,1.02,0.016,13.25
5.0,1.0,2.5,4.5,0.8,7200,0.4,71,81.7,1.15,0.23,1.02,0.016,13.25
5.0,1.0,2.5,4.5,0.8,7200,0.8,71,81.7,1.15,0.23,1.02,0.016,13.25
5.0,1.0,2.5,4.5,0.8,14400,0.2,71,81.7,1.15,0.23,1.02,0.016,13.25
5.0,1.0,2.5,4.5,0.8,14400,0.4,71,81.7,1.15,0.23,1.02,0.016,13.25
5.0,1.0,2.5,4.5,0.8,14400,0.8,71,81.7,1.15,0.23,1.02,0.016,13.25
5.0,1.0,2.5,4.5,0.8,,0.4,71,81.7,1.15,0.23,1.02,0.016,13.25
3.0,1.5,2.5,4.5,0.6,1200,0.4,76,68.4,1.08,0.47,1.02,0.014,14.3
4.0,1.5,2.5,3.0,0.8,1200,0.8,75,70.7,1.05,0.42,1.02,0.014,13.12
5.0,1.0,2.5,3.0,0.4,1200,0.8,75,74.7,1.04,0.35,1.02,0.014,15.68
5.0,1.0,2.5,3.0,0.6,1200,0.8,75,74.7,1.04,0.35,1.02,0.014,15.68
5.0,1.0,2.5,3.0,0.8,1200,0.8,75,74.7,1.04,0.35,1.02,0.014,15.68
3.0,0.7,1.5,3.0,0.4,1200,0.2,82,74.4,1.02,0.35,1.02,0.012,11.82
3.0,0.7,1.5,3.0,0.6,1200,0.2,82,74.4,1.02,0.35,1.02,0.012,11.82
3.0,0.7,1.5,3.0,0.8,1200,0.2,82,74.4,1.02,0.35,1.02,0.012,11.82
5.0,0.7,2.5,3.0,0.4,1200,0.4,78,83.3,0.91,0.2,1.02,0.012,12.39
5.0,0.7,2.5,3.0,0.6,1200,0.4,78,83.3,0.91,0.2,1.02,0.012,12.39
5.0,0.7,2.5,3.0,0.8,1200,0.4,78,83.3,0.91,0.2,1.02,0.012,12.39
3.0,1.5,2.5,4.5,0.8,2400,0.8,78,69.2,0.87,0.45,1.01,0.011,14.21
2.0,1.0,2.5,3.0,0.4,2400,0.8,87,64.4,0.88,0.56,1.01,0.01,10.4
2.0,1.0,2.5,3.0,0.6,2400,0.8,87,64.4,0.88,0.56,1.01,0.01,10.4
2.0,1.0,2.5,3.0,0.8,2400,0.8,87,64.4,0.88,0.56,1.01,0.01,10.4
4.0,1.0,1.5,3.0,0.4,1200,0.4,72,75.0,0.73,0.34,1.01,0.01,12.7
4.0,1.0,1.5,3.0,0.6,1200,0.4,72,75.0,0.73,0.34,1.01,0.01,12.7
4.0,1.0,1.5,3.0,0.8,1200,0.4,72,75.0,0.73,0.34,1.01,0.01,12.7
5.0,1.0,1.5,4.5,0.4,3600,0.8,72,79.2,0.67,0.27,1.01,0.009,13.7
5.0,1.0,1.5,4.5,0.6,3600,0.8,72,79.2,0.67,0.27,1.01,0.009,13.7
5.0,1.0,1.5,4.5,0.8,3600,0.8,72,79.2,0.67,0.27,1.01,0.009,13.7
5.0,1.0,2.5,3.0,0.4,3600,0.8,72,79.2,0.67,0.27,1.01,0.009,12.8
5.0,1.0,2.5,3.0,0.6,3600,0.8,72,79.2,0.67,0.27,1.01,0.009,12.8
5.0,1.0,2.5,3.0,0.8,3600,0.8,72,79.2,0.67,0.27,1.01,0.009,12.8
2.0,0.7,1.5,4.5,0.4,2400,0.2,92,69.6,0.7,0.44,1.01,0.008,11.47
2.0,0.7,1.5,4.5,0.4,2400,0.4,92,69.6,0.7,0.44,1.01,0.008,11.47
2.0,0.7,1.5,4.5,0.4,3600,0.2,92,69.6,0.7,0.44,1.01,0.008,11.47
2.0,0.7,1.5,4.5,0.4,3600,0.4,92,69.6,0.7,0.44,1.01,0.008,11.47
2.0,0.7,1.5,4.5,0.4,7200,0.2,92,69.6,0.7,0.44,1.01,0.008,11.47
2.0,0.7,1.5,4.5,0.4,7200,0.4,92,69.6,0.7,0.44,1.01,0.008,11.47
2.0,0.7,1.5,4.5,0.4,14400,0.2,92,69.6,0.7,0.44,1.01,0.008,11.47
2.0,0.7,1.5,4.5,0.4,14400,0.4,92,69.6,0.7,0.44,1.01,0.008,11.47
2.0,0.7,1.5,4.5,0.4,14400,0.8,92,69.6,0.7,0.44,1.01,0.008,11.47
2.0,0.7,1.5,4.5,0.4,,0.4,92,69.6,0.7,0.44,1.01,0.008,11.47
2.0,0.7,1.5,4.5,0.6,2400,0.2,92,69.6,0.7,0.44,1.01,0.008,11.47
2.0,0.7,1.5,4.5,0.6,2400,0.4,92,69.6,0.7,0.44,1.01,0.008,11.47
2.0,0.7,1.5,4.5,0.6,3600,0.2,92,69.6,0.7,0.44,1.01,0.008,11.47
2.0,0.7,1.5,4.5,0.6,3600,0.4,92,69.6,0.7,0.44,1.01,0.008,11.47
2.0,0.7,1.5,4.5,0.6,7200,0.2,92,69.6,0.7,0.44,1.01,0.008,11.47
2.0,0.7,1.5,4.5,0.6,7200,0.4,92,69.6,0.7,0.44,1.01,0.008,11.47
2.0,0.7,1.5,4.5,0.6,14400,0.2,92,69.6,0.7,0.44,1.01,0.008,11.47
2.0,0.7,1.5,4.5,0.6,14400,0.4,92,69.6,0.7,0.44,1.01,0.008,11.47
2.0,0.7,1.5,4.5,0.6,14400,0.8,92,69.6,0.7,0.44,1.01,0.008,11.47
2.0,0.7,1.5,4.5,0.6,,0.4,92,69.6,0.7,0.44,1.01,0.008,11.47
2.0,0.7,1.5,4.5,0.8,2400,0.2,92,69.6,0.7,0.44,1.01,0.008,11.47
2.0,0.7,1.5,4.5,0.8,2400,0.4,92,69.6,0.7,0.44,1.01,0.008,11.47
2.0,0.7,1.5,4.5,0.8,3600,0.2,92,69.6,0.7,0.44,1.01,0.008,11.47
2.0,0.7,1.5,4.5,0.8,3600,0.4,92,69.6,0.7,0.44,1.01,0.008,11.47
2.0,0.7,1.5,4.5,0.8,7200,0.2,92,69.6,0.7,0.44,1.01,0.008,11.47
2.0,0.7,1.5,4.5,0.8,7200,0.4,92,69.6,0.7,0.44,1.01,0.008,11.47
2.0,0.7,1.5,4.5,0.8,14400,0.2,92,69.6,0.7,0.44,1.01,0.008,11.47
2.0,0.7,1.5,4.5,0.8,14400,0.4,92,69.6,0.7,0.44,1.01,0.008,11.47
2.0,0.7,1.5,4.5,0.8,14400,0.8,92,69.6,0.7,0.44,1.01,0.008,11.47
2.0,0.7,1.5,4.5,0.8,,0.4,92,69.6,0.7,0.44,1.01,0.008,11.47
4.0,1.5,2.5,4.5,0.8,1200,0.8,75,70.7,0.6,0.42,1.01,0.008,13.57
2.0,0.7,1.5,3.0,0.4,2400,0.8,92,67.4,0.53,0.49,1.01,0.006,10.82
2.0,0.7,1.5,3.0,0.6,2400,0.8,92,67.4,0.53,0.49,1.01,0.006,10.82
2.0,0.7,1.5,3.0,0.8,2400,0.8,92,67.4,0.53,0.49,1.01,0.006,10.82
2.0,0.7,1.5,4.5,0.4,1200,0.4,91,67.0,0.56,0.5,1.01,0.006,11.47
2.0,0.7,1.5,4.5,0.6,1200,0.4,91,67.0,0.56,0.5,1.01,0.006,11.47
2.0,0.7,1.5,4.5,0.8,1200,0.4,91,67.0,0.56,0.5,1.01,0.006,11.47
5.0,0.7,2.5,4.5,0.4,1200,0.4,78,83.3,0.46,0.2,1.01,0.006,12.84
5.0,0.7,2.5,4.5,0.6,1200,0.4,78,83.3,0.46,0.2,1.01,0.006,12.84
5.0,0.7,2.5,4.5,0.8,1200,0.4,78,83.3,0.46,0.2,1.01,0.006,12.84
4.0,1.0,1.5,4.5,0.4,2400,0.2,72,77.8,0.35,0.29,1.01,0.005,14.05
4.0,1.0,1.5,4.5,0.4,2400,0.4,72,77.8,0.35,0.29,1.01,0.005,14.05
4.0,1.0,1.5,4.5,0.4,3600,0.2,72,77.8,0.35,0.29,1.01,0.005,14.05
4.0,1.0,1.5,4.5,0.4,3600,0.4,72,77.8,0.35,0.29,1.01,0.005,14.05
4.0,1.0,1.5,4.5,0.4,7200,0.2,72,77.8,0.35,0.29,1.01,0.005,14.05
4.0,1.0,1.5,4.5,0.4,7200,0.4,72,77.8,0.35,0.29,1.01,0.005,14.05
4.0,1.0,1.5,4.5,0.4,7200,0.8,72,77.8,0.35,0.29,1.01,0.005,14.05
4.0,1.0,1.5,4.5,0.4,14400,0.2,72,77.8,0.35,0.29,1.01,0.005,14.05
4.0,1.0,1.5,4.5,0.4,14400,0.4,72,77.8,0.35,0.29,1.01,0.005,14.05
4.0,1.0,1.5,4.5,0.4,14400,0.8,72,77.8,0.35,0.29,1.01,0.005,14.05
4.0,1.0,1.5,4.5,0.4,,0.4,72,77.8,0.35,0.29,1.01,0.005,14.05
4.0,1.0,1.5,4.5,0.6,2400,0.2,72,77.8,0.35,0.29,1.01,0.005,14.05
4.0,1.0,1.5,4.5,0.6,2400,0.4,72,77.8,0.35,0.29,1.01,0.005,14.05
4.0,1.0,1.5,4.5,0.6,3600,0.2,72,77.8,0.35,0.29,1.01,0.005,14.05
4.0,1.0,1.5,4.5,0.6,3600,0.4,72,77.8,0.35,0.29,1.01,0.005,14.05
4.0,1.0,1.5,4.5,0.6,7200,0.2,72,77.8,0.35,0.29,1.01,0.005,14.05
4.0,1.0,1.5,4.5,0.6,7200,0.4,72,77.8,0.35,0.29,1.01,0.005,14.05
4.0,1.0,1.5,4.5,0.6,7200,0.8,72,77.8,0.35,0.29,1.01,0.005,14.05
4.0,1.0,1.5,4.5,0.6,14400,0.2,72,77.8,0.35,0.29,1.01,0.005,14.05
4.0,1.0,1.5,4.5,0.6,14400,0.4,72,77.8,0.35,0.29,1.01,0.005,14.05
4.0,1.0,1.5,4.5,0.6,14400,0.8,72,77.8,0.35,0.29,1.01,0.005,14.05
4.0,1.0,1.5,4.5,0.6,,0.4,72,77.8,0.35,0.29,1.01,0.005,14.05
4.0,1.0,1.5,4.5,0.8,2400,0.2,72,77.8,0.35,0.29,1.01,0.005,14.05
4.0,1.0,1.5,4.5,0.8,2400,0.4,72,77.8,0.35,0.29,1.01,0.005,14.05
4.0,1.0,1.5,4.5,0.8,3600,0.2,72,77.8,0.35,0.29,1.01,0.005,14.05
4.0,1.0,1.5,4.5,0.8,3600,0.4,72,77.8,0.35,0.29,1.01,0.005,14.05
4.0,1.0,1.5,4.5,0.8,7200,0.2,72,77.8,0.35,0.29,1.01,0.005,14.05
4.0,1.0,1.5,4.5,0.8,7200,0.4,72,77.8,0.35,0.29,1.01,0.005,14.05
4.0,1.0,1.5,4.5,0.8,7200,0.8,72,77.8,0.35,0.29,1.01,0.005,14.05
4.0,1.0,1.5,4.5,0.8,14400,0.2,72,77.8,0.35,0.29,1.01,0.005,14.05
4.0,1.0,1.5,4.5,0.8,14400,0.4,72,77.8,0.35,0.29,1.01,0.005,14.05
4.0,1.0,1.5,4.5,0.8,14400,0.8,72,77.8,0.35,0.29,1.01,0.005,14.05
4.0,1.0,1.5,4.5,0.8,,0.4,72,77.8,0.35,0.29,1.01,0.005,14.05
5.0,1.0,2.5,4.5,0.4,1200,0.2,71,80.3,0.25,0.25,1.0,0.004,13.25
5.0,1.0,2.5,4.5,0.6,1200,0.2,71,80.3,0.25,0.25,1.0,0.004,13.25
5.0,1.0,2.5,4.5,0.8,1200,0.2,71,80.3,0.25,0.25,1.0,0.004,13.25
2.0,0.7,1.5,4.5,0.4,7200,0.8,92,69.6,0.29,0.44,1.01,0.003,11.47
2.0,0.7,1.5,4.5,0.6,7200,0.8,92,69.6,0.29,0.44,1.01,0.003,11.47
2.0,0.7,1.5,4.5,0.8,7200,0.8,92,69.6,0.29,0.44,1.01,0.003,11.47
3.0,1.0,1.5,3.0,0.4,1200,0.8,79,64.6,0.26,0.55,1.0,0.003,14.43
3.0,1.0,1.5,3.0,0.6,1200,0.8,79,64.6,0.26,0.55,1.0,0.003,14.43
3.0,1.0,1.5,3.0,0.8,1200,0.8,79,64.6,0.26,0.55,1.0,0.003,14.43
3.0,1.0,1.5,3.0,0.4,3600,0.8,77,68.8,0.15,0.45,1.0,0.002,15.9
3.0,1.0,1.5,3.0,0.6,3600,0.8,77,68.8,0.15,0.45,1.0,0.002,15.9
3.0,1.0,1.5,3.0,0.8,3600,0.8,77,68.8,0.15,0.45,1.0,0.002,15.9
4.0,0.7,1.5,3.0,0.4,2400,0.2,79,81.0,0.12,0.23,1.0,0.002,12.17
4.0,0.7,1.5,3.0,0.4,2400,0.4,79,81.0,0.12,0.23,1.0,0.002,12.17
4.0,0.7,1.5,3.0,0.4,3600,0.2,79,81.0,0.12,0.23,1.0,0.002,12.17
4.0,0.7,1.5,3.0,0.4,3600,0.4,79,81.0,0.12,0.23,1.0,0.002,12.17
4.0,0.7,1.5,3.0,0.4,7200,0.2,79,81.0,0.12,0.23,1.0,0.002,12.17
4.0,0.7,1.5,3.0,0.4,7200,0.4,79,81.0,0.12,0.23,1.0,0.002,12.17
4.0,0.7,1.5,3.0,0.4,7200,0.8,79,81.0,0.12,0.23,1.0,0.002,12.17
4.0,0.7,1.5,3.0,0.4,14400,0.2,79,81.0,0.12,0.23,1.0,0.002,12.17
4.0,0.7,1.5,3.0,0.4,14400,0.4,79,81.0,0.12,0.23,1.0,0.002,12.17
4.0,0.7,1.5,3.0,0.4,14400,0.8,79,81.0,0.12,0.23,1.0,0.002,12.17
4.0,0.7,1.5,3.0,0.4,,0.4,79,81.0,0.12,0.23,1.0,0.002,12.17
4.0,0.7,1.5,3.0,0.6,2400,0.2,79,81.0,0.12,0.23,1.0,0.002,12.17
4.0,0.7,1.5,3.0,0.6,2400,0.4,79,81.0,0.12,0.23,1.0,0.002,12.17
4.0,0.7,1.5,3.0,0.6,3600,0.2,79,81.0,0.12,0.23,1.0,0.002,12.17
4.0,0.7,1.5,3.0,0.6,3600,0.4,79,81.0,0.12,0.23,1.0,0.002,12.17
4.0,0.7,1.5,3.0,0.6,7200,0.2,79,81.0,0.12,0.23,1.0,0.002,12.17
4.0,0.7,1.5,3.0,0.6,7200,0.4,79,81.0,0.12,0.23,1.0,0.002,12.17
4.0,0.7,1.5,3.0,0.6,7200,0.8,79,81.0,0.12,0.23,1.0,0.002,12.17
4.0,0.7,1.5,3.0,0.6,14400,0.2,79,81.0,0.12,0.23,1.0,0.002,12.17
4.0,0.7,1.5,3.0,0.6,14400,0.4,79,81.0,0.12,0.23,1.0,0.002,12.17
4.0,0.7,1.5,3.0,0.6,14400,0.8,79,81.0,0.12,0.23,1.0,0.002,12.17
4.0,0.7,1.5,3.0,0.6,,0.4,79,81.0,0.12,0.23,1.0,0.002,12.17
4.0,0.7,1.5,3.0,0.8,2400,0.2,79,81.0,0.12,0.23,1.0,0.002,12.17
4.0,0.7,1.5,3.0,0.8,2400,0.4,79,81.0,0.12,0.23,1.0,0.002,12.17
4.0,0.7,1.5,3.0,0.8,3600,0.2,79,81.0,0.12,0.23,1.0,0.002,12.17
4.0,0.7,1.5,3.0,0.8,3600,0.4,79,81.0,0.12,0.23,1.0,0.002,12.17
4.0,0.7,1.5,3.0,0.8,7200,0.2,79,81.0,0.12,0.23,1.0,0.002,12.17
4.0,0.7,1.5,3.0,0.8,7200,0.4,79,81.0,0.12,0.23,1.0,0.002,12.17
4.0,0.7,1.5,3.0,0.8,7200,0.8,79,81.0,0.12,0.23,1.0,0.002,12.17
4.0,0.7,1.5,3.0,0.8,14400,0.2,79,81.0,0.12,0.23,1.0,0.002,12.17
4.0,0.7,1.5,3.0,0.8,14400,0.4,79,81.0,0.12,0.23,1.0,0.002,12.17
4.0,0.7,1.5,3.0,0.8,14400,0.8,79,81.0,0.12,0.23,1.0,0.002,12.17
4.0,0.7,1.5,3.0,0.8,,0.4,79,81.0,0.12,0.23,1.0,0.002,12.17
4.0,1.5,2.5,3.0,0.6,1200,0.8,75,70.7,0.14,0.42,1.0,0.002,13.14
4.0,1.5,2.5,4.5,0.6,1200,0.8,75,70.7,0.14,0.42,1.0,0.002,13.59
5.0,0.7,2.5,3.0,0.4,2400,0.8,79,83.5,0.18,0.2,1.0,0.002,12.35
5.0,0.7,2.5,3.0,0.6,2400,0.8,79,83.5,0.18,0.2,1.0,0.002,12.35
5.0,0.7,2.5,3.0,0.8,2400,0.8,79,83.5,0.18,0.2,1.0,0.002,12.35
2.0,0.7,1.5,4.5,0.4,1200,0.2,92,68.5,0.07,0.46,1.0,0.001,11.47
2.0,0.7,1.5,4.5,0.6,1200,0.2,92,68.5,0.07,0.46,1.0,0.001,11.47
2.0,0.7,1.5,4.5,0.8,1200,0.2,92,68.5,0.07,0.46,1.0,0.001,11.47
3.0,1.5,2.5,3.0,0.8,1200,0.4,76,68.4,-0.25,0.46,1.0,-0.003,13.38
5.0,0.7,1.5,4.5,0.4,1200,0.8,81,76.5,-0.28,0.3,0.99,-0.003,12.32
5.0,0.7,1.5,4.5,0.6,1200,0.8,81,76.5,-0.28,0.3,0.99,-0.003,12.32
5.0,0.7,1.5,4.5,0.8,1200,0.8,81,76.5,-0.28,0.3,0.99,-0.003,12.32
5.0,0.7,2.5,4.5,0.4,2400,0.8,79,83.5,-0.27,0.2,1.0,-0.003,12.8
5.0,0.7,2.5,4.5,0.6,2400,0.8,79,83.5,-0.27,0.2,1.0,-0.003,12.8
5.0,0.7,2.5,4.5,0.8,2400,0.8,79,83.5,-0.27,0.2,1.0,-0.003,12.8
5.0,1.0,2.5,4.5,0.4,3600,0.8,72,79.2,-0.23,0.26,1.0,-0.003,13.25
5.0,1.0,2.5,4.5,0.6,3600,0.8,72,79.2,-0.23,0.26,1.0,-0.003,13.25
5.0,1.0,2.5,4.5,0.8,3600,0.8,72,79.2,-0.23,0.26,1.0,-0.003,13.25
4.0,0.7,1.5,3.0,0.4,3600,0.8,80,80.0,-0.3,0.25,1.0,-0.004,12.17
4.0,0.7,1.5,3.0,0.6,3600,0.8,80,80.0,-0.3,0.25,1.0,-0.004,12.17
4.0,0.7,1.5,3.0,0.8,3600,0.8,80,80.0,-0.3,0.25,1.0,-0.004,12.17
5.0,1.0,1.5,4.5,0.4,1200,0.4,71,78.9,-0.27,0.27,1.0,-0.004,13.7
5.0,1.0,1.5,4.5,0.6,1200,0.4,71,78.9,-0.27,0.27,1.0,-0.004,13.7
5.0,1.0,1.5,4.5,0.8,1200,0.4,71,78.9,-0.27,0.27,1.0,-0.004,13.7
5.0,1.0,2.5,3.0,0.4,1200,0.4,71,78.9,-0.27,0.27,1.0,-0.004,12.8
5.0,1.0,2.5,3.0,0.6,1200,0.4,71,78.9,-0.27,0.27,1.0,-0.004,12.8
5.0,1.0,2.5,3.0,0.8,1200,0.4,71,78.9,-0.27,0.27,1.0,-0.004,12.8
2.0,0.7,1.5,4.5,0.4,1200,0.8,92,62.0,-0.55,0.61,0.99,-0.006,10.63
2.0,0.7,1.5,4.5,0.4,3600,0.8,92,68.5,-0.56,0.46,0.99,-0.006,11.47
2.0,0.7,1.5,4.5,0.6,1200,0.8,92,62.0,-0.55,0.61,0.99,-0.006,10.63
2.0,0.7,1.5,4.5,0.6,3600,0.8,92,68.5,-0.56,0.46,0.99,-0.006,11.47
2.0,0.7,1.5,4.5,0.8,1200,0.8,92,62.0,-0.55,0.61,0.99,-0.006,10.63
2.0,0.7,1.5,4.5,0.8,3600,0.8,92,68.5,-0.56,0.46,0.99,-0.006,11.47
4.0,0.7,1.5,3.0,0.4,1200,0.2,79,79.7,-0.51,0.25,0.99,-0.006,12.17
4.0,0.7,1.5,3.0,0.6,1200,0.2,79,79.7,-0.51,0.25,0.99,-0.006,12.17
4.0,0.7,1.5,3.0,0.8,1200,0.2,79,79.7,-0.51,0.25,0.99,-0.006,12.17
4.0,1.0,1.5,4.5,0.4,1200,0.2,72,76.4,-0.55,0.31,0.99,-0.008,14.05
4.0,1.0,1.5,4.5,0.4,3600,0.8,73,75.3,-0.55,0.32,0.99,-0.008,14.05
4.0,1.0,1.5,4.5,0.6,1200,0.2,72,76.4,-0.55,0.31,0.99,-0.008,14.05
4.0,1.0,1.5,4.5,0.6,3600,0.8,73,75.3,-0.55,0.32,0.99,-0.008,14.05
4.0,1.0,1.5,4.5,0.8,1200,0.2,72,76.4,-0.55,0.31,0.99,-0.008,14.05
4.0,1.0,1.5,4.5,0.8,3600,0.8,73,75.3,-0.55,0.32,0.99,-0.008,14.05
3.0,1.5,2.5,4.5,0.8,1200,0.4,76,68.4,-0.7,0.46,0.99,-0.009,14.28
3.0,1.0,1.5,3.0,0.4,1200,0.4,77,67.5,-1.27,0.47,0.98,-0.016,15.9
3.0,1.0,1.5,3.0,0.4,2400,0.8,78,69.2,-1.24,0.44,0.98,-0.016,15.83
3.0,1.0,1.5,3.0,0.6,1200,0.4,77,67.5,-1.27,0.47,0.98,-0.016,15.9
3.0,1.0,1.5,3.0,0.6,2400,0.8,78,69.2,-1.24,0.44,0.98,-0.016,15.83
3.0,1.0,1.5,3.0,0.8,1200,0.4,77,67.5,-1.27,0.47,0.98,-0.016,15.9
3.0,1.0,1.5,3.0,0.8,2400,0.8,78,69.2,-1.24,0.44,0.98,-0.016,15.83
5.0,1.0,1.5,4.5,0.4,2400,0.8,73,79.5,-1.17,0.25,0.98,-0.016,13.7
5.0,1.0,1.5,4.5,0.6,2400,0.8,73,79.5,-1.17,0.25,0.98,-0.016,13.7
5.0,1.0,1.5,4.5,0.8,2400,0.8,73,79.5,-1.17,0.25,0.98,-0.016,13.7
5.0,1.0,2.5,4.5,0.4,1200,0.4,71,78.9,-1.17,0.26,0.98,-0.016,13.25
5.0,1.0,2.5,4.5,0.6,1200,0.4,71,78.9,-1.17,0.26,0.98,-0.016,13.25
5.0,1.0,2.5,4.5,0.8,1200,0.4,71,78.9,-1.17,0.26,0.98,-0.016,13.25
4.0,0.7,1.5,3.0,0.4,1200,0.4,79,78.5,-1.39,0.27,0.98,-0.018,12.17
4.0,0.7,1.5,3.0,0.6,1200,0.4,79,78.5,-1.39,0.27,0.98,-0.018,12.17
4.0,0.7,1.5,3.0,0.8,1200,0.4,79,78.5,-1.39,0.27,0.98,-0.018,12.17
3.0,0.7,1.5,4.5,0.4,3600,0.8,83,75.9,-1.89,0.31,0.97,-0.023,12.21
3.0,0.7,1.5,4.5,0.6,3600,0.8,83,75.9,-1.89,0.31,0.97,-0.023,12.21
3.0,0.7,1.5,4.5,0.8,3600,0.8,83,75.9,-1.89,0.31,0.97,-0.023,12.21
2.0,0.7,1.5,4.5,0.4,2400,0.8,92,67.4,-2.17,0.47,0.96,-0.024,11.47
2.0,0.7,1.5,4.5,0.6,2400,0.8,92,67.4,-2.17,0.47,0.96,-0.024,11.47
2.0,0.7,1.5,4.5,0.8,2400,0.8,92,67.4,-2.17,0.47,0.96,-0.024,11.47
4.0,0.7,1.5,3.0,0.4,2400,0.8,80,78.8,-1.91,0.26,0.97,-0.024,12.17
4.0,0.7,1.5,3.0,0.6,2400,0.8,80,78.8,-1.91,0.26,0.97,-0.024,12.17
4.0,0.7,1.5,3.0,0.8,2400,0.8,80,78.8,-1.91,0.26,0.97,-0.024,12.17
4.0,1.0,1.5,4.5,0.4,1200,0.4,72,75.0,-1.97,0.32,0.97,-0.027,14.05
4.0,1.0,1.5,4.5,0.6,1200,0.4,72,75.0,-1.97,0.32,0.97,-0.027,14.05
4.0,1.0,1.5,4.5,0.8,1200,0.4,72,75.0,-1.97,0.32,0.97,-0.027,14.05
2.0,0.7,2.5,3.0,0.4,2400,0.2,92,69.6,-2.54,0.42,0.95,-0.028,14.04
2.0,0.7,2.5,3.0,0.4,2400,0.4,92,69.6,-2.54,0.42,0.95,-0.028,14.04
2.0,0.7,2.5,3.0,0.4,3600,0.2,92,69.6,-2.54,0.42,0.95,-0.028,14.04
2.0,0.7,2.5,3.0,0.4,3600,0.4,92,69.6,-2.54,0.42,0.95,-0.028,14.04
2.0,0.7,2.5,3.0,0.4,7200,0.2,92,69.6,-2.54,0.42,0.95,-0.028,14.04
2.0,0.7,2.5,3.0,0.4,7200,0.4,92,69.6,-2.54,0.42,0.95,-0.028,14.04
2.0,0.7,2.5,3.0,0.4,14400,0.2,92,69.6,-2.54,0.42,0.95,-0.028,14.04
2.0,0.7,2.5,3.0,0.4,14400,0.4,92,69.6,-2.54,0.42,0.95,-0.028,14.04
2.0,0.7,2.5,3.0,0.4,14400,0.8,92,69.6,-2.54,0.42,0.95,-0.028,14.04
2.0,0.7,2.5,3.0,0.4,,0.4,92,69.6,-2.54,0.42,0.95,-0.028,14.04
2.0,0.7,2.5,3.0,0.6,2400,0.2,92,69.6,-2.54,0.42,0.95,-0.028,14.04
2.0,0.7,2.5,3.0,0.6,2400,0.4,92,69.6,-2.54,0.42,0.95,-0.028,14.04
2.0,0.7,2.5,3.0,0.6,3600,0.2,92,69.6,-2.54,0.42,0.95,-0.028,14.04
2.0,0.7,2.5,3.0,0.6,3600,0.4,92,69.6,-2.54,0.42,0.95,-0.028,14.04
2.0,0.7,2.5,3.0,0.6,7200,0.2,92,69.6,-2.54,0.42,0.95,-0.028,14.04
2.0,0.7,2.5,3.0,0.6,7200,0.4,92,69.6,-2.54,0.42,0.95,-0.028,14.04
2.0,0.7,2.5,3.0,0.6,14400,0.2,92,69.6,-2.54,0.42,0.95,-0.028,14.04
2.0,0.7,2.5,3.0,0.6,14400,0.4,92,69.6,-2.54,0.42,0.95,-0.028,14.04
2.0,0.7,2.5,3.0,0.6,14400,0.8,92,69.6,-2.54,0.42,0.95,-0.028,14.04
2.0,0.7,2.5,3.0,0.6,,0.4,92,69.6,-2.54,0.42,0.95,-0.028,14.04
2.0,0.7,2.5,3.0,0.8,2400,0.2,92,69.6,-2.54,0.42,0.95,-0.028,14.04
2.0,0.7,2.5,3.0,0.8,2400,0.4,92,69.6,-2.54,0.42,0.95,-0.028,14.04
2.0,0.7,2.5,3.0,0.8,3600,0.2,92,69.6,-2.54,0.42,0.95,-0.028,14.04
2.0,0.7,2.5,3.0,0.8,3600,0.4,92,69.6,-2.54,0.42,0.95,-0.028,14.04
2.0,0.7,2.5,3.0,0.8,7200,0.2,92,69.6,-2.54,0.42,0.95,-0.028,14.04
2.0,0.7,2.5,3.0,0.8,7200,0.4,92,69.6,-2.54,0.42,0.95,-0.028,14.04
2.0,0.7,2.5,3.0,0.8,14400,0.2,92,69.6,-2.54,0.42,0.95,-0.028,14.04
2.0,0.7,2.5,3.0,0.8,14400,0.4,92,69.6,-2.54,0.42,0.95,-0.028,14.04
2.0,0.7,2.5,3.0,0.8,14400,0.8,92,69.6,-2.54,0.42,0.95,-0.028,14.04
2.0,0.7,2.5,3.0,0.8,,0.4,92,69.6,-2.54,0.42,0.95,-0.028,14.04
2.0,0.7,2.5,4.5,0.4,2400,0.2,92,69.6,-2.54,0.42,0.95,-0.028,14.49
2.0,0.7,2.5,4.5,0.4,2400,0.4,92,69.6,-2.54,0.42,0.95,-0.028,14.49
2.0,0.7,2.5,4.5,0.4,3600,0.2,92,69.6,-2.54,0.42,0.95,-0.028,14.49
2.0,0.7,2.5,4.5,0.4,3600,0.4,92,69.6,-2.54,0.42,0.95,-0.028,14.49
2.0,0.7,2.5,4.5,0.4,7200,0.2,92,69.6,-2.54,0.42,0.95,-0.028,14.49
2.0,0.7,2.5,4.5,0.4,7200,0.4,92,69.6,-2.54,0.42,0.95,-0.028,14.49
2.0,0.7,2.5,4.5,0.4,14400,0.2,92,69.6,-2.54,0.42,0.95,-0.028,14.49
2.0,0.7,2.5,4.5,0.4,14400,0.4,92,69.6,-2.54,0.42,0.95,-0.028,14.49
2.0,0.7,2.5,4.5,0.4,14400,0.8,92,69.6,-2.54,0.42,0.95,-0.028,14.49
2.0,0.7,2.5,4.5,0.4,,0.4,92,69.6,-2.54,0.42,0.95,-0.028,14.49
2.0,0.7,2.5,4.5,0.6,2400,0.2,92,69.6,-2.54,0.42,0.95,-0.028,14.49
2.0,0.7,2.5,4.5,0.6,2400,0.4,92,69.6,-2.54,0.42,0.95,-0.028,14.49
2.0,0.7,2.5,4.5,0.6,3600,0.2,92,69.6,-2.54,0.42,0.95,-0.028,14.49
2.0,0.7,2.5,4.5,0.6,3600,0.4,92,69.6,-2.54,0.42,0.95,-0.028,14.49
2.0,0.7,2.5,4.5,0.6,7200,0.2,92,69.6,-2.54,0.42,0.95,-0.028,14.49
2.0,0.7,2.5,4.5,0.6,7200,0.4,92,69.6,-2.54,0.42,0.95,-0.028,14.49
2.0,0.7,2.5,4.5,0.6,14400,0.2,92,69.6,-2.54,0.42,0.95,-0.028,14.49
2.0,0.7,2.5,4.5,0.6,14400,0.4,92,69.6,-2.54,0.42,0.95,-0.028,14.49
2.0,0.7,2.5,4.5,0.6,14400,0.8,92,69.6,-2.54,0.42,0.95,-0.028,14.49
2.0,0.7,2.5,4.5,0.6,,0.4,92,69.6,-2.54,0.42,0.95,-0.028,14.49
2.0,0.7,2.5,4.5,0.8,2400,0.2,92,69.6,-2.54,0.42,0.95,-0.028,14.49
2.0,0.7,2.5,4.5,0.8,2400,0.4,92,69.6,-2.54,0.42,0.95,-0.028,14.49
2.0,0.7,2.5,4.5,0.8,3600,0.2,92,69.6,-2.54,0.42,0.95,-0.028,14.49
2.0,0.7,2.5,4.5,0.8,3600,0.4,92,69.6,-2.54,0.42,0.95,-0.028,14.49
2.0,0.7,2.5,4.5,0.8,7200,0.2,92,69.6,-2.54,0.42,0.95,-0.028,14.49
2.0,0.7,2.5,4.5,0.8,7200,0.4,92,69.6,-2.54,0.42,0.95,-0.028,14.49
2.0,0.7,2.5,4.5,0.8,14400,0.2,92,69.6,-2.54,0.42,0.95,-0.028,14.49
2.0,0.7,2.5,4.5,0.8,14400,0.4,92,69.6,-2.54,0.42,0.95,-0.028,14.49
2.0,0.7,2.5,4.5,0.8,14400,0.8,92,69.6,-2.54,0.42,0.95,-0.028,14.49
2.0,0.7,2.5,4.5,0.8,,0.4,92,69.6,-2.54,0.42,0.95,-0.028,14.49
2.0,0.7,2.5,3.0,0.4,1200,0.4,91,67.0,-2.68,0.47,0.95,-0.029,12.67
2.0,0.7,2.5,3.0,0.6,1200,0.4,91,67.0,-2.68,0.47,0.95,-0.029,12.67
2.0,0.7,2.5,3.0,0.8,1200,0.4,91,67.0,-2.68,0.47,0.95,-0.029,12.67
2.0,0.7,2.5,4.5,0.4,1200,0.4,91,67.0,-2.68,0.47,0.95,-0.029,13.12
2.0,0.7,2.5,4.5,0.6,1200,0.4,91,67.0,-2.68,0.47,0.95,-0.029,13.12
2.0,0.7,2.5,4.5,0.8,1200,0.4,91,67.0,-2.68,0.47,0.95,-0.029,13.12
3.0,0.7,2.5,3.0,0.4,3600,0.8,83,75.9,-2.52,0.3,0.96,-0.03,13.41
3.0,0.7,2.5,3.0,0.6,3600,0.8,83,75.9,-2.52,0.3,0.96,-0.03,13.41
3.0,0.7,2.5,3.0,0.8,3600,0.8,83,75.9,-2.52,0.3,0.96,-0.03,13.41
2.0,0.7,2.5,3.0,0.4,7200,0.8,92,69.6,-2.95,0.41,0.95,-0.032,14.45
2.0,0.7,2.5,3.0,0.6,7200,0.8,92,69.6,-2.95,0.41,0.95,-0.032,14.45
2.0,0.7,2.5,3.0,0.8,7200,0.8,92,69.6,-2.95,0.41,0.95,-0.032,14.45
2.0,0.7,2.5,4.5,0.4,7200,0.8,92,69.6,-2.95,0.41,0.95,-0.032,14.9
2.0,0.7,2.5,4.5,0.6,7200,0.8,92,69.6,-2.95,0.41,0.95,-0.032,14.9
2.0,0.7,2.5,4.5,0.8,7200,0.8,92,69.6,-2.95,0.41,0.95,-0.032,14.9
4.0,1.0,1.5,4.5,0.4,2400,0.8,73,75.3,-2.39,0.32,0.96,-0.033,14.05
4.0,1.0,1.5,4.5,0.6,2400,0.8,73,75.3,-2.39,0.32,0.96,-0.033,14.05
4.0,1.0,1.5,4.5,0.8,2400,0.8,73,75.3,-2.39,0.32,0.96,-0.033,14.05
4.0,1.0,2.5,3.0,0.4,2400,0.2,72,77.8,-2.35,0.28,0.96,-0.033,13.15
4.0,1.0,2.5,3.0,0.4,2400,0.4,72,77.8,-2.35,0.28,0.96,-0.033,13.15
4.0,1.0,2.5,3.0,0.4,3600,0.2,72,77.8,-2.35,0.28,0.96,-0.033,13.15
4.0,1.0,2.5,3.0,0.4,3600,0.4,72,77.8,-2.35,0.28,0.96,-0.033,13.15
4.0,1.0,2.5,3.0,0.4,7200,0.2,72,77.8,-2.35,0.28,0.96,-0.033,13.15
4.0,1.0,2.5,3.0,0.4,7200,0.4,72,77.8,-2.35,0.28,0.96,-0.033,13.15
4.0,1.0,2.5,3.0,0.4,7200,0.8,72,77.8,-2.35,0.28,0.96,-0.033,13.15
4.0,1.0,2.5,3.0,0.4,14400,0.2,72,77.8,-2.35,0.28,0.96,-0.033,13.15
4.0,1.0,2.5,3.0,0.4,14400,0.4,72,77.8,-2.35,0.28,0.96,-0.033,13.15
4.0,1.0,2.5,3.0,0.4,14400,0.8,72,77.8,-2.35,0.28,0.96,-0.033,13.15
4.0,1.0,2.5,3.0,0.4,,0.4,72,77.8,-2.35,0.28,0.96,-0.033,13.15
4.0,1.0,2.5,3.0,0.6,2400,0.2,72,77.8,-2.35,0.28,0.96,-0.033,13.15
4.0,1.0,2.5,3.0,0.6,2400,0.4,72,77.8,-2.35,0.28,0.96,-0.033,13.15
4.0,1.0,2.5,3.0,0.6,3600,0.2,72,77.8,-2.35,0.28,0.96,-0.033,13.15
4.0,1.0,2.5,3.0,0.6,3600,0.4,72,77.8,-2.35,0.28,0.96,-0.033,13.15
4.0,1.0,2.5,3.0,0.6,7200,0.2,72,77.8,-2.35,0.28,0.96,-0.033,13.15
4.0,1.0,2.5,3.0,0.6,7200,0.4,72,77.8,-2.35,0.28,0.96,-0.033,13.15
4.0,1.0,2.5,3.0,0.6,7200,0.8,72,77.8,-2.35,0.28,0.96,-0.033,13.15
4.0,1.0,2.5,3.0,0.6,14400,0.2,72,77.8,-2.35,0.28,0.96,-0.033,13.15
4.0,1.0,2.5,3.0,0.6,14400,0.4,72,77.8,-2.35,0.28,0.96,-0.033,13.15
4.0,1.0,2.5,3.0,0.6,14400,0.8,72,77.8,-2.35,0.28,0.96,-0.033,13.15
4.0,1.0,2.5,3.0,0.6,,0.4,72,77.8,-2.35,0.28,0.96,-0.033,13.15
4.0,1.0,2.5,3.0,0.8,2400,0.2,72,77.8,-2.35,0.28,0.96,-0.033,13.15
4.0,1.0,2.5,3.0,0.8,2400,0.4,72,77.8,-2.35,0.28,0.96,-0.033,13.15
4.0,1.0,2.5,3.0,0.8,3600,0.2,72,77.8,-2.35,0.28,0.96,-0.033,13.15
4.0,1.0,2.5,3.0,0.8,3600,0.4,72,77.8,-2.35,0.28,0.96,-0.033,13.15
4.0,1.0,2.5,3.0,0.8,7200,0.2,72,77.8,-2.35,0.28,0.96,-0.033,13.15
4.0,1.0,2.5,3.0,0.8,7200,0.4,72,77.8,-2.35,0.28,0.96,-0.033,13.15
4.0,1.0,2.5,3.0,0.8,7200,0.8,72,77.8,-2.35,0.28,0.96,-0.033,13.15
4.0,1.0,2.5,3.0,0.8,14400,0.2,72,77.8,-2.35,0.28,0.96,-0.033,13.15
4.0,1.0,2.5,3.0,0.8,14400,0.4,72,77.8,-2.35,0.28,0.96,-0.033,13.15
4.0,1.0,2.5,3.0,0.8,14400,0.8,72,77.8,-2.35,0.28,0.96,-0.033,13.15
4.0,1.0,2.5,3.0,0.8,,0.4,72,77.8,-2.35,0.28,0.96,-0.033,13.15
4.0,1.0,2.5,4.5,0.4,2400,0.2,72,77.8,-2.35,0.28,0.96,-0.033,13.6
4.0,1.0,2.5,4.5,0.4,2400,0.4,72,77.8,-2.35,0.28,0.96,-0.033,13.6
4.0,1.0,2.5,4.5,0.4,3600,0.2,72,77.8,-2.35,0.28,0.96,-0.033,13.6
4.0,1.0,2.5,4.5,0.4,3600,0.4,72,77.8,-2.35,0.28,0.96,-0.033,13.6
4.0,1.0,2.5,4.5,0.4,7200,0.2,72,77.8,-2.35,0.28,0.96,-0.033,13.6
4.0,1.0,2.5,4.5,0.4,7200,0.4,72,77.8,-2.35,0.28,0.96,-0.033,13.6
4.0,1.0,2.5,4.5,0.4,7200,0.8,72,77.8,-2.35,0.28,0.96,-0.033,13.6
4.0,1.0,2.5,4.5,0.4,14400,0.2,72,77.8,-2.35,0.28,0.96,-0.033,13.6
4.0,1.0,2.5,4.5,0.4,14400,0.4,72,77.8,-2.35,0.28,0.96,-0.033,13.6
4.0,1.0,2.5,4.5,0.4,14400,0.8,72,77.8,-2.35,0.28,0.96,-0.033,13.6
4.0,1.0,2.5,4.5,0.4,,0.4,72,77.8,-2.35,0.28,0.96,-0.033,13.6
4.0,1.0,2.5,4.5,0.6,2400,0.2,72,77.8,-2.35,0.28,0.96,-0.033,13.6
4.0,1.0,2.5,4.5,0.6,2400,0.4,72,77.8,-2.35,0.28,0.96,-0.033,13.6
4.0,1.0,2.5,4.5,0.6,3600,0.2,72,77.8,-2.35,0.28,0.96,-0.033,13.6
4.0,1.0,2.5,4.5,0.6,3600,0.4,72,77.8,-2.35,0.28,0.96,-0.033,13.6
4.0,1.0,2.5,4.5,0.6,7200,0.2,72,77.8,-2.35,0.28,0.96,-0.033,13.6
4.0,1.0,2.5,4.5,0.6,7200,0.4,72,77.8,-2.35,0.28,0.96,-0.033,13.6
4.0,1.0,2.5,4.5,0.6,7200,0.8,72,77.8,-2.35,0.28,0.96,-0.033,13.6
4.0,1.0,2.5,4.5,0.6,14400,0.2,72,77.8,-2.35,0.28,0.96,-0.033,13.6
4.0,1.0,2.5,4.5,0.6,14400,0.4,72,77.8,-2.35,0.28,0.96,-0.033,13.6
4.0,1.0,2.5,4.5,0.6,14400,0.8,72,77.8,-2.35,0.28,0.96,-0.033,13.6
4.0,1.0,2.5,4.5,0.6,,0.4,72,77.8,-2.35,0.28,0.96,-0.033,13.6
4.0,1.0,2.5,4.5,0.8,2400,0.2,72,77.8,-2.35,0.28,0.96,-0.033,13.6
4.0,1.0,2.5,4.5,0.8,2400,0.4,72,77.8,-2.35,0.28,0.96,-0.033,13.6
4.0,1.0,2.5,4.5,0.8,3600,0.2,72,77.8,-2.35,0.28,0.96,-0.033,13.6
4.0,1.0,2.5,4.5,0.8,3600,0.4,72,77.8,-2.35,0.28,0.96,-0.033,13.6
4.0,1.0,2.5,4.5,0.8,7200,0.2,72,77.8,-2.35,0.28,0.96,-0.033,13.6
4.0,1.0,2.5,4.5,0.8,7200,0.4,72,77.8,-2.35,0.28,0.96,-0.033,13.6
4.0,1.0,2.5,4.5,0.8,7200,0.8,72,77.8,-2.35,0.28,0.96,-0.033,13.6
4.0,1.0,2.5,4.5,0.8,14400,0.2,72,77.8,-2.35,0.28,0.96,-0.033,13.6
4.0,1.0,2.5,4.5,0.8,14400,0.4,72,77.8,-2.35,0.28,0.96,-0.033,13.6
4.0,1.0,2.5,4.5,0.8,14400,0.8,72,77.8,-2.35,0.28,0.96,-0.033,13.6
4.0,1.0,2.5,4.5,0.8,,0.4,72,77.8,-2.35,0.28,0.96,-0.033,13.6
2.0,0.7,2.5,3.0,0.4,1200,0.2,92,68.5,-3.17,0.43,0.94,-0.034,14.04
2.0,0.7,2.5,3.0,0.6,1200,0.2,92,68.5,-3.17,0.43,0.94,-0.034,14.04
2.0,0.7,2.5,3.0,0.8,1200,0.2,92,68.5,-3.17,0.43,0.94,-0.034,14.04
2.0,0.7,2.5,4.5,0.4,1200,0.2,92,68.5,-3.17,0.43,0.94,-0.034,14.49
2.0,0.7,2.5,4.5,0.6,1200,0.2,92,68.5,-3.17,0.43,0.94,-0.034,14.49
2.0,0.7,2.5,4.5,0.8,1200,0.2,92,68.5,-3.17,0.43,0.94,-0.034,14.49
5.0,1.0,2.5,3.0,0.4,2400,0.8,73,79.5,-2.52,0.25,0.96,-0.035,12.8
5.0,1.0,2.5,3.0,0.6,2400,0.8,73,79.5,-2.52,0.25,0.96,-0.035,12.8
5.0,1.0,2.5,3.0,0.8,2400,0.8,73,79.5,-2.52,0.25,0.96,-0.035,12.8
3.0,0.7,1.5,4.5,0.4,1200,0.4,83,73.5,-2.98,0.34,0.95,-0.036,12.21
3.0,0.7,1.5,4.5,0.6,1200,0.4,83,73.5,-2.98,0.34,0.95,-0.036,12.21
3.0,0.7,1.5,4.5,0.8,1200,0.4,83,73.5,-2.98,0.34,0.95,-0.036,12.21
5.0,0.7,2.5,3.0,0.4,1200,0.8,81,76.5,-2.89,0.29,0.95,-0.036,15.63
5.0,0.7,2.5,3.0,0.6,1200,0.8,81,76.5,-2.89,0.29,0.95,-0.036,15.63
5.0,0.7,2.5,3.0,0.8,1200,0.8,81,76.5,-2.89,0.29,0.95,-0.036,15.63
3.0,1.0,1.5,3.0,0.4,2400,0.2,76,69.7,-2.85,0.42,0.96,-0.037,15.9
3.0,1.0,1.5,3.0,0.4,2400,0.4,76,69.7,-2.85,0.42,0.96,-0.037,15.9
3.0,1.0,1.5,3.0,0.4,3600,0.2,76,69.7,-2.85,0.42,0.96,-0.037,15.9
3.0,1.0,1.5,3.0,0.4,3600,0.4,76,69.7,-2.85,0.42,0.96,-0.037,15.9
3.0,1.0,1.5,3.0,0.4,7200,0.2,76,69.7,-2.85,0.42,0.96,-0.037,15.9
3.0,1.0,1.5,3.0,0.4,7200,0.4,76,69.7,-2.85,0.42,0.96,-0.037,15.9
3.0,1.0,1.5,3.0,0.4,7200,0.8,76,69.7,-2.85,0.42,0.96,-0.037,15.9
3.0,1.0,1.5,3.0,0.4,14400,0.2,76,69.7,-2.85,0.42,0.96,-0.037,15.9
3.0,1.0,1.5,3.0,0.4,14400,0.4,76,69.7,-2.85,0.42,0.96,-0.037,15.9
3.0,1.0,1.5,3.0,0.4,14400,0.8,76,69.7,-2.85,0.42,0.96,-0.037,15.9
3.0,1.0,1.5,3.0,0.4,,0.4,76,69.7,-2.85,0.42,0.96,-0.037,15.9
3.0,1.0,1.5,3.0,0.6,2400,0.2,76,69.7,-2.85,0.42,0.96,-0.037,15.9
3.0,1.0,1.5,3.0,0.6,2400,0.4,76,69.7,-2.85,0.42,0.96,-0.037,15.9
3.0,1.0,1.5,3.0,0.6,3600,0.2,76,69.7,-2.85,0.42,0.96,-0.037,15.9
3.0,1.0,1.5,3.0,0.6,3600,0.4,76,69.7,-2.85,0.42,0.96,-0.037,15.9
3.0,1.0,1.5,3.0,0.6,7200,0.2,76,69.7,-2.85,0.42,0.96,-0.037,15.9
3.0,1.0,1.5,3.0,0.6,7200,0.4,76,69.7,-2.85,0.42,0.96,-0.037,15.9
3.0,1.0,1.5,3.0,0.6,7200,0.8,76,69.7,-2.85,0.42,0.96,-0.037,15.9
3.0,1.0,1.5,3.0,0.6,14400,0.2,76,69.7,-2.85,0.42,0.96,-0.037,15.9
3.0,1.0,1.5,3.0,0.6,14400,0.4,76,69.7,-2.85,0.42,0.96,-0.037,15.9
3.0,1.0,1.5,3.0,0.6,14400,0.8,76,69.7,-2.85,0.42,0.96,-0.037,15.9
3.0,1.0,1.5,3.0,0.6,,0.4,76,69.7,-2.85,0.42,0.96,-0.037,15.9
3.0,1.0,1.5,3.0,0.8,2400,0.2,76,69.7,-2.85,0.42,0.96,-0.037,15.9
3.0,1.0,1.5,3.0,0.8,2400,0.4,76,69.7,-2.85,0.42,0.96,-0.037,15.9
3.0,1.0,1.5,3.0,0.8,3600,0.2,76,69.7,-2.85,0.42,0.96,-0.037,15.9
3.0,1.0,1.5,3.0,0.8,3600,0.4,76,69.7,-2.85,0.42,0.96,-0.037,15.9
3.0,1.0,1.5,3.0,0.8,7200,0.2,76,69.7,-2.85,0.42,0.96,-0.037,15.9
3.0,1.0,1.5,3.0,0.8,7200,0.4,76,69.7,-2.85,0.42,0.96,-0.037,15.9
3.0,1.0,1.5,3.0,0.8,7200,0.8,76,69.7,-2.85,0.42,0.96,-0.037,15.9
3.0,1.0,1.5,3.0,0.8,14400,0.2,76,69.7,-2.85,0.42,0.96,-0.037,15.9
3.0,1.0,1.5,3.0,0.8,14400,0.4,76,69.7,-2.85,0.42,0.96,-0.037,15.9
3.0,1.0,1.5,3.0,0.8,14400,0.8,76,69.7,-2.85,0.42,0.96,-0.037,15.9
3.0,1.0,1.5,3.0,0.8,,0.4,76,69.7,-2.85,0.42,0.96,-0.037,15.9
2.0,0.7,2.5,3.0,0.4,1200,0.8,92,62.0,-3.79,0.57,0.93,-0.041,12.43
2.0,0.7,2.5,3.0,0.4,3600,0.8,92,68.5,-3.8,0.43,0.93,-0.041,14.88
2.0,0.7,2.5,3.0,0.6,1200,0.8,92,62.0,-3.79,0.57,0.93,-0.041,12.43
2.0,0.7,2.5,3.0,0.6,3600,0.8,92,68.5,-3.8,0.43,0.93,-0.041,14.88
2.0,0.7,2.5,3.0,0.8,1200,0.8,92,62.0,-3.79,0.57,0.93,-0.041,12.43
2.0,0.7,2.5,3.0,0.8,3600,0.8,92,68.5,-3.8,0.43,0.93,-0.041,14.88
2.0,0.7,2.5,4.5,0.4,1200,0.8,92,62.0,-3.79,0.57,0.93,-0.041,12.88
2.0,0.7,2.5,4.5,0.4,3600,0.8,92,68.5,-3.8,0.43,0.93,-0.041,15.33
2.0,0.7,2.5,4.5,0.6,1200,0.8,92,62.0,-3.79,0.57,0.93,-0.041,12.88
2.0,0.7,2.5,4.5,0.6,3600,0.8,92,68.5,-3.8,0.43,0.93,-0.041,15.33
2.0,0.7,2.5,4.5,0.8,1200,0.8,92,62.0,-3.79,0.57,0.93,-0.041,12.88
2.0,0.7,2.5,4.5,0.8,3600,0.8,92,68.5,-3.8,0.43,0.93,-0.041,15.33
5.0,0.7,2.5,4.5,0.4,1200,0.8,81,76.5,-3.34,0.29,0.94,-0.041,16.08
5.0,0.7,2.5,4.5,0.6,1200,0.8,81,76.5,-3.34,0.29,0.94,-0.041,16.08
5.0,0.7,2.5,4.5,0.8,1200,0.8,81,76.5,-3.34,0.29,0.94,-0.041,16.08
5.0,1.0,2.5,4.5,0.4,2400,0.8,73,79.5,-2.97,0.25,0.95,-0.041,13.25
5.0,1.0,2.5,4.5,0.6,2400,0.8,73,79.5,-2.97,0.25,0.95,-0.041,13.25
5.0,1.0,2.5,4.5,0.8,2400,0.8,73,79.5,-2.97,0.25,0.95,-0.041,13.25
3.0,0.7,1.5,4.5,0.4,2400,0.8,83,74.7,-3.5,0.32,0.94,-0.042,12.21
3.0,0.7,1.5,4.5,0.6,2400,0.8,83,74.7,-3.5,0.32,0.94,-0.042,12.21
3.0,0.7,1.5,4.5,0.8,2400,0.8,83,74.7,-3.5,0.32,0.94,-0.042,12.21
4.0,1.0,1.5,3.0,0.4,1200,0.8,75,70.7,-3.17,0.39,0.95,-0.042,13.6
4.0,1.0,1.5,3.0,0.6,1200,0.8,75,70.7,-3.17,0.39,0.95,-0.042,13.6
4.0,1.0,1.5,3.0,0.8,1200,0.8,75,70.7,-3.17,0.39,0.95,-0.042,13.6
3.0,0.7,2.5,3.0,0.4,1200,0.4,83,73.5,-3.61,0.34,0.94,-0.043,13.41
3.0,0.7,2.5,3.0,0.6,1200,0.4,83,73.5,-3.61,0.34,0.94,-0.043,13.41
3.0,0.7,2.5,3.0,0.8,1200,0.4,83,73.5,-3.61,0.34,0.94,-0.043,13.41
4.0,1.0,2.5,3.0,0.4,1200,0.2,72,76.4,-3.25,0.29,0.95,-0.045,13.15
4.0,1.0,2.5,3.0,0.4,3600,0.8,73,75.3,-3.25,0.31,0.95,-0.045,13.15
4.0,1.0,2.5,3.0,0.6,1200,0.2,72,76.4,-3.25,0.29,0.95,-0.045,13.15
4.0,1.0,2.5,3.0,0.6,3600,0.8,73,75.3,-3.25,0.31,0.95,-0.045,13.15
4.0,1.0,2.5,3.0,0.8,1200,0.2,72,76.4,-3.25,0.29,0.95,-0.045,13.15
4.0,1.0,2.5,3.0,0.8,3600,0.8,73,75.3,-3.25,0.31,0.95,-0.045,13.15
4.0,1.0,2.5,4.5,0.4,1200,0.2,72,76.4,-3.25,0.29,0.95,-0.045,13.6
4.0,1.0,2.5,4.5,0.4,3600,0.8,73,75.3,-3.25,0.31,0.95,-0.045,13.6
4.0,1.0,2.5,4.5,0.6,1200,0.2,72,76.4,-3.25,0.29,0.95,-0.045,13.6
4.0,1.0,2.5,4.5,0.6,3600,0.8,73,75.3,-3.25,0.31,0.95,-0.045,13.6
4.0,1.0,2.5,4.5,0.8,1200,0.2,72,76.4,-3.25,0.29,0.95,-0.045,13.6
4.0,1.0,2.5,4.5,0.8,3600,0.8,73,75.3,-3.25,0.31,0.95,-0.045,13.6
3.0,0.7,1.5,4.5,0.4,1200,0.8,85,68.2,-3.93,0.43,0.93,-0.046,12.84
3.0,0.7,1.5,4.5,0.6,1200,0.8,85,68.2,-3.93,0.43,0.93,-0.046,12.84
3.0,0.7,1.5,4.5,0.8,1200,0.8,85,68.2,-3.93,0.43,0.93,-0.046,12.84
3.0,1.0,1.5,4.5,0.4,1200,0.8,79,64.6,-3.79,0.51,0.94,-0.048,17.13
3.0,1.0,1.5,4.5,0.6,1200,0.8,79,64.6,-3.79,0.51,0.94,-0.048,17.13
3.0,1.0,1.5,4.5,0.8,1200,0.8,79,64.6,-3.79,0.51,0.94,-0.048,17.13
3.0,1.0,1.5,3.0,0.4,1200,0.2,76,68.4,-3.75,0.44,0.95,-0.049,15.9
3.0,1.0,1.5,3.0,0.6,1200,0.2,76,68.4,-3.75,0.44,0.95,-0.049,15.9
3.0,1.0,1.5,3.0,0.8,1200,0.2,76,68.4,-3.75,0.44,0.95,-0.049,15.9
3.0,0.7,2.5,3.0,0.4,2400,0.8,83,74.7,-4.13,0.31,0.93,-0.05,13.2
3.0,0.7,2.5,3.0,0.6,2400,0.8,83,74.7,-4.13,0.31,0.93,-0.05,13.2
3.0,0.7,2.5,3.0,0.8,2400,0.8,83,74.7,-4.13,0.31,0.93,-0.05,13.2
3.0,1.0,1.5,4.5,0.4,3600,0.8,77,68.8,-3.9,0.43,0.94,-0.051,18.6
3.0,1.0,1.5,4.5,0.6,3600,0.8,77,68.8,-3.9,0.43,0.94,-0.051,18.6
3.0,1.0,1.5,4.5,0.8,3600,0.8,77,68.8,-3.9,0.43,0.94,-0.051,18.6
4.0,1.0,2.5,3.0,0.4,2400,0.8,73,75.3,-3.74,0.31,0.94,-0.051,13.15
4.0,1.0,2.5,3.0,0.6,2400,0.8,73,75.3,-3.74,0.31,0.94,-0.051,13.15
4.0,1.0,2.5,3.0,0.8,2400,0.8,73,75.3,-3.74,0.31,0.94,-0.051,13.15
3.0,0.7,2.5,3.0,0.4,1200,0.8,85,68.2,-4.56,0.43,0.92,-0.054,13.71
3.0,0.7,2.5,3.0,0.6,1200,0.8,85,68.2,-4.56,0.43,0.92,-0.054,13.71
3.0,0.7,2.5,3.0,0.8,1200,0.8,85,68.2,-4.56,0.43,0.92,-0.054,13.71
3.0,0.7,2.5,4.5,0.4,3600,0.8,83,75.9,-4.77,0.29,0.92,-0.057,13.86
3.0,0.7,2.5,4.5,0.6,3600,0.8,83,75.9,-4.77,0.29,0.92,-0.057,13.86
3.0,0.7,2.5,4.5,0.8,3600,0.8,83,75.9,-4.77,0.29,0.92,-0.057,13.86
4.0,1.0,2.5,4.5,0.4,2400,0.8,73,75.3,-4.19,0.31,0.94,-0.057,13.6
4.0,1.0,2.5,4.5,0.6,2400,0.8,73,75.3,-4.19,0.31,0.94,-0.057,13.6
4.0,1.0,2.5,4.5,0.8,2400,0.8,73,75.3,-4.19,0.31,0.94,-0.057,13.6
2.0,0.7,2.5,3.0,0.4,2400,0.8,92,67.4,-5.41,0.44,0.91,-0.059,14.67
2.0,0.7,2.5,3.0,0.6,2400,0.8,92,67.4,-5.41,0.44,0.91,-0.059,14.67
2.0,0.7,2.5,3.0,0.8,2400,0.8,92,67.4,-5.41,0.44,0.91,-0.059,14.67
2.0,0.7,2.5,4.5,0.4,2400,0.8,92,67.4,-5.41,0.44,0.91,-0.059,15.12
2.0,0.7,2.5,4.5,0.6,2400,0.8,92,67.4,-5.41,0.44,0.91,-0.059,15.12
2.0,0.7,2.5,4.5,0.8,2400,0.8,92,67.4,-5.41,0.44,0.91,-0.059,15.12
4.0,0.7,1.5,3.0,0.4,1200,0.8,81,72.8,-4.77,0.34,0.92,-0.059,12.17
4.0,0.7,1.5,3.0,0.6,1200,0.8,81,72.8,-4.77,0.34,0.92,-0.059,12.17
4.0,0.7,1.5,3.0,0.8,1200,0.8,81,72.8,-4.77,0.34,0.92,-0.059,12.17
3.0,0.7,1.5,4.5,0.4,2400,0.2,82,75.6,-5.1,0.3,0.92,-0.062,12.21
3.0,0.7,1.5,4.5,0.4,2400,0.4,82,75.6,-5.1,0.3,0.92,-0.062,12.21
3.0,0.7,1.5,4.5,0.4,3600,0.2,82,75.6,-5.1,0.3,0.92,-0.062,12.21
3.0,0.7,1.5,4.5,0.4,3600,0.4,82,75.6,-5.1,0.3,0.92,-0.062,12.21
3.0,0.7,1.5,4.5,0.4,7200,0.2,82,75.6,-5.1,0.3,0.92,-0.062,12.21
3.0,0.7,1.5,4.5,0.4,7200,0.4,82,75.6,-5.1,0.3,0.92,-0.062,12.21
3.0,0.7,1.5,4.5,0.4,7200,0.8,82,75.6,-5.1,0.3,0.92,-0.062,12.21
3.0,0.7,1.5,4.5,0.4,14400,0.2,82,75.6,-5.1,0.3,0.92,-0.062,12.21
3.0,0.7,1.5,4.5,0.4,14400,0.4,82,75.6,-5.1,0.3,0.92,-0.062,12.21
3.0,0.7,1.5,4.5,0.4,14400,0.8,82,75.6,-5.1,0.3,0.92,-0.062,12.21
3.0,0.7,1.5,4.5,0.4,,0.4,82,75.6,-5.1,0.3,0.92,-0.062,12.21
3.0,0.7,1.5,4.5,0.6,2400,0.2,82,75.6,-5.1,0.3,0.92,-0.062,12.21
3.0,0.7,1.5,4.5,0.6,2400,0.4,82,75.6,-5.1,0.3,0.92,-0.062,12.21
3.0,0.7,1.5,4.5,0.6,3600,0.2,82,75.6,-5.1,0.3,0.92,-0.062,12.21
3.0,0.7,1.5,4.5,0.6,3600,0.4,82,75.6,-5.1,0.3,0.92,-0.062,12.21
3.0,0.7,1.5,4.5,0.6,7200,0.2,82,75.6,-5.1,0.3,0.92,-0.062,12.21
3.0,0.7,1.5,4.5,0.6,7200,0.4,82,75.6,-5.1,0.3,0.92,-0.062,12.21
3.0,0.7,1.5,4.5,0.6,7200,0.8,82,75.6,-5.1,0.3,0.92,-0.062,12.21
3.0,0.7,1.5,4.5,0.6,14400,0.2,82,75.6,-5.1,0.3,0.92,-0.062,12.21
3.0,0.7,1.5,4.5,0.6,14400,0.4,82,75.6,-5.1,0.3,0.92,-0.062,12.21
3.0,0.7,1.5,4.5,0.6,14400,0.8,82,75.6,-5.1,0.3,0.92,-0.062,12.21
3.0,0.7,1.5,4.5,0.6,,0.4,82,75.6,-5.1,0.3,0.92,-0.062,12.21
3.0,0.7,1.5,4.5,0.8,2400,0.2,82,75.6,-5.1,0.3,0.92,-0.062,12.21
3.0,0.7,1.5,4.5,0.8,2400,0.4,82,75.6,-5.1,0.3,0.92,-0.062,12.21
3.0,0.7,1.5,4.5,0.8,3600,0.2,82,75.6,-5.1,0.3,0.92,-0.062,12.21
3.0,0.7,1.5,4.5,0.8,3600,0.4,82,75.6,-5.1,0.3,0.92,-0.062,12.21
3.0,0.7,1.5,4.5,0.8,7200,0.2,82,75.6,-5.1,0.3,0.92,-0.062,12.21
3.0,0.7,1.5,4.5,0.8,7200,0.4,82,75.6,-5.1,0.3,0.92,-0.062,12.21
3.0,0.7,1.5,4.5,0.8,7200,0.8,82,75.6,-5.1,0.3,0.92,-0.062,12.21
3.0,0.7,1.5,4.5,0.8,14400,0.2,82,75.6,-5.1,0.3,0.92,-0.062,12.21
3.0,0.7,1.5,4.5,0.8,14400,0.4,82,75.6,-5.1,0.3,0.92,-0.062,12.21
3.0,0.7,1.5,4.5,0.8,14400,0.8,82,75.6,-5.1,0.3,0.92,-0.062,12.21
3.0,0.7,1.5,4.5,0.8,,0.4,82,75.6,-5.1,0.3,0.92,-0.062,12.21
3.0,1.0,2.5,3.0,0.4,1200,0.8,79,64.6,-5.14,0.5,0.92,-0.065,14.88
3.0,1.0,2.5,3.0,0.6,1200,0.8,79,64.6,-5.14,0.5,0.92,-0.065,14.88
3.0,1.0,2.5,3.0,0.8,1200,0.8,79,64.6,-5.14,0.5,0.92,-0.065,14.88
4.0,1.0,2.5,3.0,0.4,1200,0.4,72,75.0,-4.67,0.31,0.93,-0.065,13.15
4.0,1.0,2.5,3.0,0.6,1200,0.4,72,75.0,-4.67,0.31,0.93,-0.065,13.15
4.0,1.0,2.5,3.0,0.8,1200,0.4,72,75.0,-4.67,0.31,0.93,-0.065,13.15
4.0,1.0,2.5,4.5,0.4,1200,0.4,72,75.0,-4.67,0.31,0.93,-0.065,13.6
4.0,1.0,2.5,4.5,0.6,1200,0.4,72,75.0,-4.67,0.31,0.93,-0.065,13.6
4.0,1.0,2.5,4.5,0.8,1200,0.4,72,75.0,-4.67,0.31,0.93,-0.065,13.6
4.0,0.7,1.5,4.5,0.4,2400,0.2,79,81.0,-5.28,0.21,0.91,-0.067,14.03
4.0,0.7,1.5,4.5,0.4,2400,0.4,79,81.0,-5.28,0.21,0.91,-0.067,14.03
4.0,0.7,1.5,4.5,0.4,3600,0.2,79,81.0,-5.28,0.21,0.91,-0.067,14.03
4.0,0.7,1.5,4.5,0.4,3600,0.4,79,81.0,-5.28,0.21,0.91,-0.067,14.03
4.0,0.7,1.5,4.5,0.4,7200,0.2,79,81.0,-5.28,0.21,0.91,-0.067,14.03
4.0,0.7,1.5,4.5,0.4,7200,0.4,79,81.0,-5.28,0.21,0.91,-0.067,14.03
4.0,0.7,1.5,4.5,0.4,7200,0.8,79,81.0,-5.28,0.21,0.91,-0.067,14.03
4.0,0.7,1.5,4.5,0.4,14400,0.2,79,81.0,-5.28,0.21,0.91,-0.067,14.03
4.0,0.7,1.5,4.5,0.4,14400,0.4,79,81.0,-5.28,0.21,0.91,-0.067,14.03
4.0,0.7,1.5,4.5,0.4,14400,0.8,79,81.0,-5.28,0.21,0.91,-0.067,14.03
4.0,0.7,1.5,4.5,0.4,,0.4,79,81.0,-5.28,0.21,0.91,-0.067,14.03
4.0,0.7,1.5,4.5,0.6,2400,0.2,79,81.0,-5.28,0.21,0.91,-0.067,14.03
4.0,0.7,1.5,4.5,0.6,2400,0.4,79,81.0,-5.28,0.21,0.91,-0.067,14.03
4.0,0.7,1.5,4.5,0.6,3600,0.2,79,81.0,-5.28,0.21,0.91,-0.067,14.03
4.0,0.7,1.5,4.5,0.6,3600,0.4,79,81.0,-5.28,0.21,0.91,-0.067,14.03
4.0,0.7,1.5,4.5,0.6,7200,0.2,79,81.0,-5.28,0.21,0.91,-0.067,14.03
4.0,0.7,1.5,4.5,0.6,7200,0.4,79,81.0,-5.28,0.21,0.91,-0.067,14.03
4.0,0.7,1.5,4.5,0.6,7200,0.8,79,81.0,-5.28,0.21,0.91,-0.067,14.03
4.0,0.7,1.5,4.5,0.6,14400,0.2,79,81.0,-5.28,0.21,0.91,-0.067,14.03
4.0,0.7,1.5,4.5,0.6,14400,0.4,79,81.0,-5.28,0.21,0.91,-0.067,14.03
4.0,0.7,1.5,4.5,0.6,14400,0.8,79,81.0,-5.28,0.21,0.91,-0.067,14.03
4.0,0.7,1.5,4.5,0.6,,0.4,79,81.0,-5.28,0.21,0.91,-0.067,14.03
4.0,0.7,1.5,4.5,0.8,2400,0.2,79,81.0,-5.28,0.21,0.91,-0.067,14.03
4.0,0.7,1.5,4.5,0.8,2400,0.4,79,81.0,-5.28,0.21,0.91,-0.067,14.03
4.0,0.7,1.5,4.5,0.8,3600,0.2,79,81.0,-5.28,0.21,0.91,-0.067,14.03
4.0,0.7,1.5,4.5,0.8,3600,0.4,79,81.0,-5.28,0.21,0.91,-0.067,14.03
4.0,0.7,1.5,4.5,0.8,7200,0.2,79,81.0,-5.28,0.21,0.91,-0.067,14.03
4.0,0.7,1.5,4.5,0.8,7200,0.4,79,81.0,-5.28,0.21,0.91,-0.067,14.03
4.0,0.7,1.5,4.5,0.8,7200,0.8,79,81.0,-5.28,0.21,0.91,-0.067,14.03
4.0,0.7,1.5,4.5,0.8,14400,0.2,79,81.0,-5.28,0.21,0.91,-0.067,14.03
4.0,0.7,1.5,4.5,0.8,14400,0.4,79,81.0,-5.28,0.21,0.91,-0.067,14.03
4.0,0.7,1.5,4.5,0.8,14400,0.8,79,81.0,-5.28,0.21,0.91,-0.067,14.03
4.0,0.7,1.5,4.5,0.8,,0.4,79,81.0,-5.28,0.21,0.91,-0.067,14.03
3.0,1.0,1.5,4.5,0.4,2400,0.8,78,69.2,-5.29,0.41,0.92,-0.068,18.53
3.0,1.0,1.5,4.5,0.6,2400,0.8,78,69.2,-5.29,0.41,0.92,-0.068,18.53
3.0,1.0,1.5,4.5,0.8,2400,0.8,78,69.2,-5.29,0.41,0.92,-0.068,18.53
3.0,1.0,2.5,3.0,0.4,3600,0.8,77,68.8,-5.25,0.42,0.92,-0.068,16.35
3.0,1.0,2.5,3.0,0.6,3600,0.8,77,68.8,-5.25,0.42,0.92,-0.068,16.35
3.0,1.0,2.5,3.0,0.8,3600,0.8,77,68.8,-5.25,0.42,0.92,-0.068,16.35
3.0,1.0,1.5,4.5,0.4,1200,0.4,77,67.5,-5.32,0.44,0.92,-0.069,18.6
3.0,1.0,1.5,4.5,0.6,1200,0.4,77,67.5,-5.32,0.44,0.92,-0.069,18.6
3.0,1.0,1.5,4.5,0.8,1200,0.4,77,67.5,-5.32,0.44,0.92,-0.069,18.6
3.0,0.7,1.5,4.5,0.4,1200,0.2,82,74.4,-5.73,0.31,0.9,-0.07,12.21
3.0,0.7,1.5,4.5,0.6,1200,0.2,82,74.4,-5.73,0.31,0.9,-0.07,12.21
3.0,0.7,1.5,4.5,0.8,1200,0.2,82,74.4,-5.73,0.31,0.9,-0.07,12.21
3.0,0.7,2.5,3.0,0.4,2400,0.2,82,75.6,-5.73,0.29,0.9,-0.07,17.04
3.0,0.7,2.5,3.0,0.4,2400,0.4,82,75.6,-5.73,0.29,0.9,-0.07,17.04
3.0,0.7,2.5,3.0,0.4,3600,0.2,82,75.6,-5.73,0.29,0.9,-0.07,17.04
3.0,0.7,2.5,3.0,0.4,3600,0.4,82,75.6,-5.73,0.29,0.9,-0.07,17.04
3.0,0.7,2.5,3.0,0.4,7200,0.2,82,75.6,-5.73,0.29,0.9,-0.07,17.04
3.0,0.7,2.5,3.0,0.4,7200,0.4,82,75.6,-5.73,0.29,0.9,-0.07,17.04
3.0,0.7,2.5,3.0,0.4,7200,0.8,82,75.6,-5.73,0.29,0.9,-0.07,17.04
3.0,0.7,2.5,3.0,0.4,14400,0.2,82,75.6,-5.73,0.29,0.9,-0.07,17.04
3.0,0.7,2.5,3.0,0.4,14400,0.4,82,75.6,-5.73,0.29,0.9,-0.07,17.04
3.0,0.7,2.5,3.0,0.4,14400,0.8,82,75.6,-5.73,0.29,0.9,-0.07,17.04
3.0,0.7,2.5,3.0,0.4,,0.4,82,75.6,-5.73,0.29,0.9,-0.07,17.04
3.0,0.7,2.5,3.0,0.6,2400,0.2,82,75.6,-5.73,0.29,0.9,-0.07,17.04
3.0,0.7,2.5,3.0,0.6,2400,0.4,82,75.6,-5.73,0.29,0.9,-0.07,17.04
3.0,0.7,2.5,3.0,0.6,3600,0.2,82,75.6,-5.73,0.29,0.9,-0.07,17.04
3.0,0.7,2.5,3.0,0.6,3600,0.4,82,75.6,-5.73,0.29,0.9,-0.07,17.04
3.0,0.7,2.5,3.0,0.6,7200,0.2,82,75.6,-5.73,0.29,0.9,-0.07,17.04
3.0,0.7,2.5,3.0,0.6,7200,0.4,82,75.6,-5.73,0.29,0.9,-0.07,17.04
3.0,0.7,2.5,3.0,0.6,7200,0.8,82,75.6,-5.73,0.29,0.9,-0.07,17.04
3.0,0.7,2.5,3.0,0.6,14400,0.2,82,75.6,-5.73,0.29,0.9,-0.07,17.04
3.0,0.7,2.5,3.0,0.6,14400,0.4,82,75.6,-5.73,0.29,0.9,-0.07,17.04
3.0,0.7,2.5,3.0,0.6,14400,0.8,82,75.6,-5.73,0.29,0.9,-0.07,17.04
3.0,0.7,2.5,3.0,0.6,,0.4,82,75.6,-5.73,0.29,0.9,-0.07,17.04
3.0,0.7,2.5,3.0,0.8,2400,0.2,82,75.6,-5.73,0.29,0.9,-0.07,17.04
3.0,0.7,2.5,3.0,0.8,2400,0.4,82,75.6,-5.73,0.29,0.9,-0.07,17.04
3.0,0.7,2.5,3.0,0.8,3600,0.2,82,75.6,-5.73,0.29,0.9,-0.07,17.04
3.0,0.7,2.5,3.0,0.8,3600,0.4,82,75.6,-5.73,0.29,0.9,-0.07,17.04
3.0,0.7,2.5,3.0,0.8,7200,0.2,82,75.6,-5.73,0.29,0.9,-0.07,17.04
3.0,0.7,2.5,3.0,0.8,7200,0.4,82,75.6,-5.73,0.29,0.9,-0.07,17.04
3.0,0.7,2.5,3.0,0.8,7200,0.8,82,75.6,-5.73,0.29,0.9,-0.07,17.04
3.0,0.7,2.5,3.0,0.8,14400,0.2,82,75.6,-5.73,0.29,0.9,-0.07,17.04
3.0,0.7,2.5,3.0,0.8,14400,0.4,82,75.6,-5.73,0.29,0.9,-0.07,17.04
3.0,0.7,2.5,3.0,0.8,14400,0.8,82,75.6,-5.73,0.29,0.9,-0.07,17.04
3.0,0.7,2.5,3.0,0.8,,0.4,82,75.6,-5.73,0.29,0.9,-0.07,17.04
3.0,0.7,2.5,4.5,0.4,1200,0.4,83,73.5,-5.86,0.32,0.9,-0.071,13.86
3.0,0.7,2.5,4.5,0.6,1200,0.4,83,73.5,-5.86,0.32,0.9,-0.071,13.86
3.0,0.7,2.5,4.5,0.8,1200,0.4,83,73.5,-5.86,0.32,0.9,-0.071,13.86
3.0,1.0,2.5,4.5,0.4,1200,0.8,79,64.6,-5.59,0.5,0.91,-0.071,15.78
3.0,1.0,2.5,4.5,0.6,1200,0.8,79,64.6,-5.59,0.5,0.91,-0.071,15.78
3.0,1.0,2.5,4.5,0.8,1200,0.8,79,64.6,-5.59,0.5,0.91,-0.071,15.78
4.0,0.7,1.5,4.5,0.4,3600,0.8,80,80.0,-5.7,0.23,0.91,-0.071,14.03
4.0,0.7,1.5,4.5,0.6,3600,0.8,80,80.0,-5.7,0.23,0.91,-0.071,14.03
4.0,0.7,1.5,4.5,0.8,3600,0.8,80,80.0,-5.7,0.23,0.91,-0.071,14.03
3.0,1.0,2.5,4.5,0.4,3600,0.8,77,68.8,-5.7,0.41,0.91,-0.074,17.25
3.0,1.0,2.5,4.5,0.6,3600,0.8,77,68.8,-5.7,0.41,0.91,-0.074,17.25
3.0,1.0,2.5,4.5,0.8,3600,0.8,77,68.8,-5.7,0.41,0.91,-0.074,17.25
4.0,0.7,1.5,4.5,0.4,1200,0.2,79,79.7,-5.91,0.23,0.9,-0.075,14.03
4.0,0.7,1.5,4.5,0.6,1200,0.2,79,79.7,-5.91,0.23,0.9,-0.075,14.03
4.0,0.7,1.5,4.5,0.8,1200,0.2,79,79.7,-5.91,0.23,0.9,-0.075,14.03
3.0,0.7,2.5,4.5,0.4,2400,0.8,83,74.7,-6.38,0.3,0.89,-0.077,13.65
3.0,0.7,2.5,4.5,0.6,2400,0.8,83,74.7,-6.38,0.3,0.89,-0.077,13.65
3.0,0.7,2.5,4.5,0.8,2400,0.8,83,74.7,-6.38,0.3,0.89,-0.077,13.65
3.0,0.7,2.5,3.0,0.4,1200,0.2,82,74.4,-6.36,0.31,0.89,-0.078,17.04
3.0,0.7,2.5,3.0,0.6,1200,0.2,82,74.4,-6.36,0.31,0.89,-0.078,17.04
3.0,0.7,2.5,3.0,0.8,1200,0.2,82,74.4,-6.36,0.31,0.89,-0.078,17.04
4.0,1.0,1.5,4.5,0.4,1200,0.8,75,70.7,-5.87,0.38,0.91,-0.078,14.95
4.0,1.0,1.5,4.5,0.6,1200,0.8,75,70.7,-5.87,0.38,0.91,-0.078,14.95
4.0,1.0,1.5,4.5,0.8,1200,0.8,75,70.7,-5.87,0.38,0.91,-0.078,14.95
3.0,0.7,2.5,4.5,0.4,1200,0.8,85,68.2,-6.81,0.41,0.88,-0.08,13.71
3.0,0.7,2.5,4.5,0.6,1200,0.8,85,68.2,-6.81,0.41,0.88,-0.08,13.71
3.0,0.7,2.5,4.5,0.8,1200,0.8,85,68.2,-6.81,0.41,0.88,-0.08,13.71
4.0,0.7,2.5,3.0,0.4,2400,0.2,79,81.0,-6.54,0.21,0.89,-0.083,12.71
4.0,0.7,2.5,3.0,0.4,2400,0.4,79,81.0,-6.54,0.21,0.89,-0.083,12.71
4.0,0.7,2.5,3.0,0.4,3600,0.2,79,81.0,-6.54,0.21,0.89,-0.083,12.71
4.0,0.7,2.5,3.0,0.4,3600,0.4,79,81.0,-6.54,0.21,0.89,-0.083,12.71
4.0,0.7,2.5,3.0,0.4,7200,0.2,79,81.0,-6.54,0.21,0.89,-0.083,12.71
4.0,0.7,2.5,3.0,0.4,7200,0.4,79,81.0,-6.54,0.21,0.89,-0.083,12.71
4.0,0.7,2.5,3.0,0.4,7200,0.8,79,81.0,-6.54,0.21,0.89,-0.083,12.71
4.0,0.7,2.5,3.0,0.4,14400,0.2,79,81.0,-6.54,0.21,0.89,-0.083,12.71
4.0,0.7,2.5,3.0,0.4,14400,0.4,79,81.0,-6.54,0.21,0.89,-0.083,12.71
4.0,0.7,2.5,3.0,0.4,14400,0.8,79,81.0,-6.54,0.21,0.89,-0.083,12.71
4.0,0.7,2.5,3.0,0.4,,0.4,79,81.0,-6.54,0.21,0.89,-0.083,12.71
4.0,0.7,2.5,3.0,0.6,2400,0.2,79,81.0,-6.54,0.21,0.89,-0.083,12.71
4.0,0.7,2.5,3.0,0.6,2400,0.4,79,81.0,-6.54,0.21,0.89,-0.083,12.71
4.0,0.7,2.5,3.0,0.6,3600,0.2,79,81.0,-6.54,0.21,0.89,-0.083,12.71
4.0,0.7,2.5,3.0,0.6,3600,0.4,79,81.0,-6.54,0.21,0.89,-0.083,12.71
4.0,0.7,2.5,3.0,0.6,7200,0.2,79,81.0,-6.54,0.21,0.89,-0.083,12.71
4.0,0.7,2.5,3.0,0.6,7200,0.4,79,81.0,-6.54,0.21,0.89,-0.083,12.71
4.0,0.7,2.5,3.0,0.6,7200,0.8,79,81.0,-6.54,0.21,0.89,-0.083,12.71
4.0,0.7,2.5,3.0,0.6,14400,0.2,79,81.0,-6.54,0.21,0.89,-0.083,12.71
4.0,0.7,2.5,3.0,0.6,14400,0.4,79,81.0,-6.54,0.21,0.89,-0.083,12.71
4.0,0.7,2.5,3.0,0.6,14400,0.8,79,81.0,-6.54,0.21,0.89,-0.083,12.71
4.0,0.7,2.5,3.0,0.6,,0.4,79,81.0,-6.54,0.21,0.89,-0.083,12.71
4.0,0.7,2.5,3.0,0.8,2400,0.2,79,81.0,-6.54,0.21,0.89,-0.083,12.71
4.0,0.7,2.5,3.0,0.8,2400,0.4,79,81.0,-6.54,0.21,0.89,-0.083,12.71
4.0,0.7,2.5,3.0,0.8,3600,0.2,79,81.0,-6.54,0.21,0.89,-0.083,12.71
4.0,0.7,2.5,3.0,0.8,3600,0.4,79,81.0,-6.54,0.21,0.89,-0.083,12.71
4.0,0.7,2.5,3.0,0.8,7200,0.2,79,81.0,-6.54,0.21,0.89,-0.083,12.71
4.0,0.7,2.5,3.0,0.8,7200,0.4,79,81.0,-6.54,0.21,0.89,-0.083,12.71
4.0,0.7,2.5,3.0,0.8,7200,0.8,79,81.0,-6.54,0.21,0.89,-0.083,12.71
4.0,0.7,2.5,3.0,0.8,14400,0.2,79,81.0,-6.54,0.21,0.89,-0.083,12.71
4.0,0.7,2.5,3.0,0.8,14400,0.4,79,81.0,-6.54,0.21,0.89,-0.083,12.71
4.0,0.7,2.5,3.0,0.8,14400,0.8,79,81.0,-6.54,0.21,0.89,-0.083,12.71
4.0,0.7,2.5,3.0,0.8,,0.4,79,81.0,-6.54,0.21,0.89,-0.083,12.71
3.0,1.0,2.5,3.0,0.4,2400,0.8,78,69.2,-6.64,0.4,0.9,-0.085,16.28
3.0,1.0,2.5,3.0,0.6,2400,0.8,78,69.2,-6.64,0.4,0.9,-0.085,16.28
3.0,1.0,2.5,3.0,0.8,2400,0.8,78,69.2,-6.64,0.4,0.9,-0.085,16.28
4.0,0.7,1.5,4.5,0.4,1200,0.4,79,78.5,-6.79,0.24,0.89,-0.086,14.03
4.0,0.7,1.5,4.5,0.6,1200,0.4,79,78.5,-6.79,0.24,0.89,-0.086,14.03
4.0,0.7,1.5,4.5,0.8,1200,0.4,79,78.5,-6.79,0.24,0.89,-0.086,14.03
3.0,1.0,2.5,3.0,0.4,1200,0.4,77,67.5,-6.67,0.43,0.9,-0.087,16.35
3.0,1.0,2.5,3.0,0.6,1200,0.4,77,67.5,-6.67,0.43,0.9,-0.087,16.35
3.0,1.0,2.5,3.0,0.8,1200,0.4,77,67.5,-6.67,0.43,0.9,-0.087,16.35
4.0,0.7,2.5,3.0,0.4,3600,0.8,80,80.0,-6.96,0.22,0.88,-0.087,12.71
4.0,0.7,2.5,3.0,0.6,3600,0.8,80,80.0,-6.96,0.22,0.88,-0.087,12.71
4.0,0.7,2.5,3.0,0.8,3600,0.8,80,80.0,-6.96,0.22,0.88,-0.087,12.71
3.0,1.0,1.5,4.5,0.4,2400,0.2,76,69.7,-6.9,0.39,0.9,-0.091,18.6
3.0,1.0,1.5,4.5,0.4,2400,0.4,76,69.7,-6.9,0.39,0.9,-0.091,18.6
3.0,1.0,1.5,4.5,0.4,3600,0.2,76,69.7,-6.9,0.39,0.9,-0.091,18.6
3.0,1.0,1.5,4.5,0.4,3600,0.4,76,69.7,-6.9,0.39,0.9,-0.091,18.6
3.0,1.0,1.5,4.5,0.4,7200,0.2,76,69.7,-6.9,0.39,0.9,-0.091,18.6
3.0,1.0,1.5,4.5,0.4,7200,0.4,76,69.7,-6.9,0.39,0.9,-0.091,18.6
3.0,1.0,1.5,4.5,0.4,7200,0.8,76,69.7,-6.9,0.39,0.9,-0.091,18.6
3.0,1.0,1.5,4.5,0.4,14400,0.2,76,69.7,-6.9,0.39,0.9,-0.091,18.6
3.0,1.0,1.5,4.5,0.4,14400,0.4,76,69.7,-6.9,0.39,0.9,-0.091,18.6
3.0,1.0,1.5,4.5,0.4,14400,0.8,76,69.7,-6.9,0.39,0.9,-0.091,18.6
3.0,1.0,1.5,4.5,0.4,,0.4,76,69.7,-6.9,0.39,0.9,-0.091,18.6
3.0,1.0,1.5,4.5,0.6,2400,0.2,76,69.7,-6.9,0.39,0.9,-0.091,18.6
3.0,1.0,1.5,4.5,0.6,2400,0.4,76,69.7,-6.9,0.39,0.9,-0.091,18.6
3.0,1.0,1.5,4.5,0.6,3600,0.2,76,69.7,-6.9,0.39,0.9,-0.091,18.6
3.0,1.0,1.5,4.5,0.6,3600,0.4,76,69.7,-6.9,0.39,0.9,-0.091,18.6
3.0,1.0,1.5,4.5,0.6,7200,0.2,76,69.7,-6.9,0.39,0.9,-0.091,18.6
3.0,1.0,1.5,4.5,0.6,7200,0.4,76,69.7,-6.9,0.39,0.9,-0.091,18.6
3.0,1.0,1.5,4.5,0.6,7200,0.8,76,69.7,-6.9,0.39,0.9,-0.091,18.6
3.0,1.0,1.5,4.5,0.6,14400,0.2,76,69.7,-6.9,0.39,0.9,-0.091,18.6
3.0,1.0,1.5,4.5,0.6,14400,0.4,76,69.7,-6.9,0.39,0.9,-0.091,18.6
3.0,1.0,1.5,4.5,0.6,14400,0.8,76,69.7,-6.9,0.39,0.9,-0.091,18.6
3.0,1.0,1.5,4.5,0.6,,0.4,76,69.7,-6.9,0.39,0.9,-0.091,18.6
3.0,1.0,1.5,4.5,0.8,2400,0.2,76,69.7,-6.9,0.39,0.9,-0.091,18.6
3.0,1.0,1.5,4.5,0.8,2400,0.4,76,69.7,-6.9,0.39,0.9,-0.091,18.6
3.0,1.0,1.5,4.5,0.8,3600,0.2,76,69.7,-6.9,0.39,0.9,-0.091,18.6
3.0,1.0,1.5,4.5,0.8,3600,0.4,76,69.7,-6.9,0.39,0.9,-0.091,18.6
3.0,1.0,1.5,4.5,0.8,7200,0.2,76,69.7,-6.9,0.39,0.9,-0.091,18.6
3.0,1.0,1.5,4.5,0.8,7200,0.4,76,69.7,-6.9,0.39,0.9,-0.091,18.6
3.0,1.0,1.5,4.5,0.8,7200,0.8,76,69.7,-6.9,0.39,0.9,-0.091,18.6
3.0,1.0,1.5,4.5,0.8,14400,0.2,76,69.7,-6.9,0.39,0.9,-0.091,18.6
3.0,1.0,1.5,4.5,0.8,14400,0.4,76,69.7,-6.9,0.39,0.9,-0.091,18.6
3.0,1.0,1.5,4.5,0.8,14400,0.8,76,69.7,-6.9,0.39,0.9,-0.091,18.6
3.0,1.0,1.5,4.5,0.8,,0.4,76,69.7,-6.9,0.39,0.9,-0.091,18.6
3.0,1.0,2.5,4.5,0.4,2400,0.8,78,69.2,-7.09,0.4,0.89,-0.091,17.18
3.0,1.0,2.5,4.5,0.6,2400,0.8,78,69.2,-7.09,0.4,0.89,-0.091,17.18
3.0,1.0,2.5,4.5,0.8,2400,0.8,78,69.2,-7.09,0.4,0.89,-0.091,17.18
4.0,0.7,1.5,4.5,0.4,2400,0.8,80,78.8,-7.31,0.24,0.88,-0.091,14.03
4.0,0.7,1.5,4.5,0.6,2400,0.8,80,78.8,-7.31,0.24,0.88,-0.091,14.03
4.0,0.7,1.5,4.5,0.8,2400,0.8,80,78.8,-7.31,0.24,0.88,-0.091,14.03
4.0,0.7,2.5,3.0,0.4,1200,0.2,79,79.7,-7.17,0.22,0.88,-0.091,12.71
4.0,0.7,2.5,3.0,0.6,1200,0.2,79,79.7,-7.17,0.22,0.88,-0.091,12.71
4.0,0.7,2.5,3.0,0.8,1200,0.2,79,79.7,-7.17,0.22,0.88,-0.091,12.71
3.0,1.0,2.5,4.5,0.4,1200,0.4,77,67.5,-7.12,0.43,0.89,-0.092,17.25
3.0,1.0,2.5,4.5,0.6,1200,0.4,77,67.5,-7.12,0.43,0.89,-0.092,17.25
3.0,1.0,2.5,4.5,0.8,1200,0.4,77,67.5,-7.12,0.43,0.89,-0.092,17.25
3.0,0.7,2.5,4.5,0.4,2400,0.2,82,75.6,-7.98,0.28,0.87,-0.097,17.49
3.0,0.7,2.5,4.5,0.4,2400,0.4,82,75.6,-7.98,0.28,0.87,-0.097,17.49
3.0,0.7,2.5,4.5,0.4,3600,0.2,82,75.6,-7.98,0.28,0.87,-0.097,17.49
3.0,0.7,2.5,4.5,0.4,3600,0.4,82,75.6,-7.98,0.28,0.87,-0.097,17.49
3.0,0.7,2.5,4.5,0.4,7200,0.2,82,75.6,-7.98,0.28,0.87,-0.097,17.49
3.0,0.7,2.5,4.5,0.4,7200,0.4,82,75.6,-7.98,0.28,0.87,-0.097,17.49
3.0,0.7,2.5,4.5,0.4,7200,0.8,82,75.6,-7.98,0.28,0.87,-0.097,17.49
3.0,0.7,2.5,4.5,0.4,14400,0.2,82,75.6,-7.98,0.28,0.87,-0.097,17.49
3.0,0.7,2.5,4.5,0.4,14400,0.4,82,75.6,-7.98,0.28,0.87,-0.097,17.49
3.0,0.7,2.5,4.5,0.4,14400,0.8,82,75.6,-7.98,0.28,0.87,-0.097,17.49
3.0,0.7,2.5,4.5,0.4,,0.4,82,75.6,-7.98,0.28,0.87,-0.097,17.49
3.0,0.7,2.5,4.5,0.6,2400,0.2,82,75.6,-7.98,0.28,0.87,-0.097,17.49
3.0,0.7,2.5,4.5,0.6,2400,0.4,82,75.6,-7.98,0.28,0.87,-0.097,17.49
3.0,0.7,2.5,4.5,0.6,3600,0.2,82,75.6,-7.98,0.28,0.87,-0.097,17.49
3.0,0.7,2.5,4.5,0.6,3600,0.4,82,75.6,-7.98,0.28,0.87,-0.097,17.49
3.0,0.7,2.5,4.5,0.6,7200,0.2,82,75.6,-7.98,0.28,0.87,-0.097,17.49
3.0,0.7,2.5,4.5,0.6,7200,0.4,82,75.6,-7.98,0.28,0.87,-0.097,17.49
3.0,0.7,2.5,4.5,0.6,7200,0.8,82,75.6,-7.98,0.28,0.87,-0.097,17.49
3.0,0.7,2.5,4.5,0.6,14400,0.2,82,75.6,-7.98,0.28,0.87,-0.097,17.49
3.0,0.7,2.5,4.5,0.6,14400,0.4,82,75.6,-7.98,0.28,0.87,-0.097,17.49
3.0,0.7,2.5,4.5,0.6,14400,0.8,82,75.6,-7.98,0.28,0.87,-0.097,17.49
3.0,0.7,2.5,4.5,0.6,,0.4,82,75.6,-7.98,0.28,0.87,-0.097,17.49
3.0,0.7,2.5,4.5,0.8,2400,0.2,82,75.6,-7.98,0.28,0.87,-0.097,17.49
3.0,0.7,2.5,4.5,0.8,2400,0.4,82,75.6,-7.98,0.28,0.87,-0.097,17.49
3.0,0.7,2.5,4.5,0.8,3600,0.2,82,75.6,-7.98,0.28,0.87,-0.097,17.49
3.0,0.7,2.5,4.5,0.8,3600,0.4,82,75.6,-7.98,0.28,0.87,-0.097,17.49
3.0,0.7,2.5,4.5,0.8,7200,0.2,82,75.6,-7.98,0.28,0.87,-0.097,17.49
3.0,0.7,2.5,4.5,0.8,7200,0.4,82,75.6,-7.98,0.28,0.87,-0.097,17.49
3.0,0.7,2.5,4.5,0.8,7200,0.8,82,75.6,-7.98,0.28,0.87,-0.097,17.49
3.0,0.7,2.5,4.5,0.8,14400,0.2,82,75.6,-7.98,0.28,0.87,-0.097,17.49
3.0,0.7,2.5,4.5,0.8,14400,0.4,82,75.6,-7.98,0.28,0.87,-0.097,17.49
3.0,0.7,2.5,4.5,0.8,14400,0.8,82,75.6,-7.98,0.28,0.87,-0.097,17.49
3.0,0.7,2.5,4.5,0.8,,0.4,82,75.6,-7.98,0.28,0.87,-0.097,17.49
4.0,0.7,2.5,3.0,0.4,1200,0.4,79,78.5,-8.05,0.24,0.87,-0.102,12.71
4.0,0.7,2.5,3.0,0.6,1200,0.4,79,78.5,-8.05,0.24,0.87,-0.102,12.71
4.0,0.7,2.5,3.0,0.8,1200,0.4,79,78.5,-8.05,0.24,0.87,-0.102,12.71
3.0,1.0,1.5,4.5,0.4,1200,0.2,76,68.4,-7.8,0.41,0.89,-0.103,18.6
3.0,1.0,1.5,4.5,0.6,1200,0.2,76,68.4,-7.8,0.41,0.89,-0.103,18.6
3.0,1.0,1.5,4.5,0.8,1200,0.2,76,68.4,-7.8,0.41,0.89,-0.103,18.6
3.0,0.7,2.5,4.5,0.4,1200,0.2,82,74.4,-8.61,0.29,0.86,-0.105,17.49
3.0,0.7,2.5,4.5,0.6,1200,0.2,82,74.4,-8.61,0.29,0.86,-0.105,17.49
3.0,0.7,2.5,4.5,0.8,1200,0.2,82,74.4,-8.61,0.29,0.86,-0.105,17.49
4.0,0.7,2.5,4.5,0.4,2400,0.2,79,81.0,-8.34,0.2,0.86,-0.106,12.71
4.0,0.7,2.5,4.5,0.4,2400,0.4,79,81.0,-8.34,0.2,0.86,-0.106,12.71
4.0,0.7,2.5,4.5,0.4,3600,0.2,79,81.0,-8.34,0.2,0.86,-0.106,12.71
4.0,0.7,2.5,4.5,0.4,3600,0.4,79,81.0,-8.34,0.2,0.86,-0.106,12.71
4.0,0.7,2.5,4.5,0.4,7200,0.2,79,81.0,-8.34,0.2,0.86,-0.106,12.71
4.0,0.7,2.5,4.5,0.4,7200,0.4,79,81.0,-8.34,0.2,0.86,-0.106,12.71
4.0,0.7,2.5,4.5,0.4,7200,0.8,79,81.0,-8.34,0.2,0.86,-0.106,12.71
4.0,0.7,2.5,4.5,0.4,14400,0.2,79,81.0,-8.34,0.2,0.86,-0.106,12.71
4.0,0.7,2.5,4.5,0.4,14400,0.4,79,81.0,-8.34,0.2,0.86,-0.106,12.71
4.0,0.7,2.5,4.5,0.4,14400,0.8,79,81.0,-8.34,0.2,0.86,-0.106,12.71
4.0,0.7,2.5,4.5,0.4,,0.4,79,81.0,-8.34,0.2,0.86,-0.106,12.71
4.0,0.7,2.5,4.5,0.6,2400,0.2,79,81.0,-8.34,0.2,0.86,-0.106,12.71
4.0,0.7,2.5,4.5,0.6,2400,0.4,79,81.0,-8.34,0.2,0.86,-0.106,12.71
4.0,0.7,2.5,4.5,0.6,3600,0.2,79,81.0,-8.34,0.2,0.86,-0.106,12.71
4.0,0.7,2.5,4.5,0.6,3600,0.4,79,81.0,-8.34,0.2,0.86,-0.106,12.71
4.0,0.7,2.5,4.5,0.6,7200,0.2,79,81.0,-8.34,0.2,0.86,-0.106,12.71
4.0,0.7,2.5,4.5,0.6,7200,0.4,79,81.0,-8.34,0.2,0.86,-0.106,12.71
4.0,0.7,2.5,4.5,0.6,7200,0.8,79,81.0,-8.34,0.2,0.86,-0.106,12.71
4.0,0.7,2.5,4.5,0.6,14400,0.2,79,81.0,-8.34,0.2,0.86,-0.106,12.71
4.0,0.7,2.5,4.5,0.6,14400,0.4,79,81.0,-8.34,0.2,0.86,-0.106,12.71
4.0,0.7,2.5,4.5,0.6,14400,0.8,79,81.0,-8.34,0.2,0.86,-0.106,12.71
4.0,0.7,2.5,4.5,0.6,,0.4,79,81.0,-8.34,0.2,0.86,-0.106,12.71
4.0,0.7,2.5,4.5,0.8,2400,0.2,79,81.0,-8.34,0.2,0.86,-0.106,12.71
4.0,0.7,2.5,4.5,0.8,2400,0.4,79,81.0,-8.34,0.2,0.86,-0.106,12.71
4.0,0.7,2.5,4.5,0.8,3600,0.2,79,81.0,-8.34,0.2,0.86,-0.106,12.71
4.0,0.7,2.5,4.5,0.8,3600,0.4,79,81.0,-8.34,0.2,0.86,-0.106,12.71
4.0,0.7,2.5,4.5,0.8,7200,0.2,79,81.0,-8.34,0.2,0.86,-0.106,12.71
4.0,0.7,2.5,4.5,0.8,7200,0.4,79,81.0,-8.34,0.2,0.86,-0.106,12.71
4.0,0.7,2.5,4.5,0.8,7200,0.8,79,81.0,-8.34,0.2,0.86,-0.106,12.71
4.0,0.7,2.5,4.5,0.8,14400,0.2,79,81.0,-8.34,0.2,0.86,-0.106,12.71
4.0,0.7,2.5,4.5,0.8,14400,0.4,79,81.0,-8.34,0.2,0.86,-0.106,12.71
4.0,0.7,2.5,4.5,0.8,14400,0.8,79,81.0,-8.34,0.2,0.86,-0.106,12.71
4.0,0.7,2.5,4.5,0.8,,0.4,79,81.0,-8.34,0.2,0.86,-0.106,12.71
4.0,0.7,2.5,3.0,0.4,2400,0.8,80,78.8,-8.57,0.23,0.86,-0.107,12.71
4.0,0.7,2.5,3.0,0.6,2400,0.8,80,78.8,-8.57,0.23,0.86,-0.107,12.71
4.0,0.7,2.5,3.0,0.8,2400,0.8,80,78.8,-8.57,0.23,0.86,-0.107,12.71
3.0,1.0,2.5,3.0,0.4,2400,0.2,76,69.7,-8.25,0.38,0.88,-0.109,16.95
3.0,1.0,2.5,3.0,0.4,2400,0.4,76,69.7,-8.25,0.38,0.88,-0.109,16.95
3.0,1.0,2.5,3.0,0.4,3600,0.2,76,69.7,-8.25,0.38,0.88,-0.109,16.95
3.0,1.0,2.5,3.0,0.4,3600,0.4,76,69.7,-8.25,0.38,0.88,-0.109,16.95
3.0,1.0,2.5,3.0,0.4,7200,0.2,76,69.7,-8.25,0.38,0.88,-0.109,16.95
3.0,1.0,2.5,3.0,0.4,7200,0.4,76,69.7,-8.25,0.38,0.88,-0.109,16.95
3.0,1.0,2.5,3.0,0.4,7200,0.8,76,69.7,-8.25,0.38,0.88,-0.109,16.95
3.0,1.0,2.5,3.0,0.4,14400,0.2,76,69.7,-8.25,0.38,0.88,-0.109,16.95
3.0,1.0,2.5,3.0,0.4,14400,0.4,76,69.7,-8.25,0.38,0.88,-0.109,16.95
3.0,1.0,2.5,3.0,0.4,14400,0.8,76,69.7,-8.25,0.38,0.88,-0.109,16.95
3.0,1.0,2.5,3.0,0.4,,0.4,76,69.7,-8.25,0.38,0.88,-0.109,16.95
3.0,1.0,2.5,3.0,0.6,2400,0.2,76,69.7,-8.25,0.38,0.88,-0.109,16.95
3.0,1.0,2.5,3.0,0.6,2400,0.4,76,69.7,-8.25,0.38,0.88,-0.109,16.95
3.0,1.0,2.5,3.0,0.6,3600,0.2,76,69.7,-8.25,0.38,0.88,-0.109,16.95
3.0,1.0,2.5,3.0,0.6,3600,0.4,76,69.7,-8.25,0.38,0.88,-0.109,16.95
3.0,1.0,2.5,3.0,0.6,7200,0.2,76,69.7,-8.25,0.38,0.88,-0.109,16.95
3.0,1.0,2.5,3.0,0.6,7200,0.4,76,69.7,-8.25,0.38,0.88,-0.109,16.95
3.0,1.0,2.5,3.0,0.6,7200,0.8,76,69.7,-8.25,0.38,0.88,-0.109,16.95
3.0,1.0,2.5,3.0,0.6,14400,0.2,76,69.7,-8.25,0.38,0.88,-0.109,16.95
3.0,1.0,2.5,3.0,0.6,14400,0.4,76,69.7,-8.25,0.38,0.88,-0.109,16.95
3.0,1.0,2.5,3.0,0.6,14400,0.8,76,69.7,-8.25,0.38,0.88,-0.109,16.95
3.0,1.0,2.5,3.0,0.6,,0.4,76,69.7,-8.25,0.38,0.88,-0.109,16.95
3.0,1.0,2.5,3.0,0.8,2400,0.2,76,69.7,-8.25,0.38,0.88,-0.109,16.95
3.0,1.0,2.5,3.0,0.8,2400,0.4,76,69.7,-8.25,0.38,0.88,-0.109,16.95
3.0,1.0,2.5,3.0,0.8,3600,0.2,76,69.7,-8.25,0.38,0.88,-0.109,16.95
3.0,1.0,2.5,3.0,0.8,3600,0.4,76,69.7,-8.25,0.38,0.88,-0.109,16.95
3.0,1.0,2.5,3.0,0.8,7200,0.2,76,69.7,-8.25,0.38,0.88,-0.109,16.95
3.0,1.0,2.5,3.0,0.8,7200,0.4,76,69.7,-8.25,0.38,0.88,-0.109,16.95
3.0,1.0,2.5,3.0,0.8,7200,0.8,76,69.7,-8.25,0.38,0.88,-0.109,16.95
3.0,1.0,2.5,3.0,0.8,14400,0.2,76,69.7,-8.25,0.38,0.88,-0.109,16.95
3.0,1.0,2.5,3.0,0.8,14400,0.4,76,69.7,-8.25,0.38,0.88,-0.109,16.95
3.0,1.0,2.5,3.0,0.8,14400,0.8,76,69.7,-8.25,0.38,0.88,-0.109,16.95
3.0,1.0,2.5,3.0,0.8,,0.4,76,69.7,-8.25,0.38,0.88,-0.109,16.95
4.0,0.7,2.5,4.5,0.4,3600,0.8,80,80.0,-8.76,0.21,0.85,-0.11,12.71
4.0,0.7,2.5,4.5,0.6,3600,0.8,80,80.0,-8.76,0.21,0.85,-0.11,12.71
4.0,0.7,2.5,4.5,0.8,3600,0.8,80,80.0,-8.76,0.21,0.85,-0.11,12.71
3.0,1.0,2.5,4.5,0.4,2400,0.2,76,69.7,-8.7,0.38,0.87,-0.114,17.85
3.0,1.0,2.5,4.5,0.4,2400,0.4,76,69.7,-8.7,0.38,0.87,-0.114,17.85
3.0,1.0,2.5,4.5,0.4,3600,0.2,76,69.7,-8.7,0.38,0.87,-0.114,17.85
3.0,1.0,2.5,4.5,0.4,3600,0.4,76,69.7,-8.7,0.38,0.87,-0.114,17.85
3.0,1.0,2.5,4.5,0.4,7200,0.2,76,69.7,-8.7,0.38,0.87,-0.114,17.85
3.0,1.0,2.5,4.5,0.4,7200,0.4,76,69.7,-8.7,0.38,0.87,-0.114,17.85
3.0,1.0,2.5,4.5,0.4,7200,0.8,76,69.7,-8.7,0.38,0.87,-0.114,17.85
3.0,1.0,2.5,4.5,0.4,14400,0.2,76,69.7,-8.7,0.38,0.87,-0.114,17.85
3.0,1.0,2.5,4.5,0.4,14400,0.4,76,69.7,-8.7,0.38,0.87,-0.114,17.85
3.0,1.0,2.5,4.5,0.4,14400,0.8,76,69.7,-8.7,0.38,0.87,-0.114,17.85
3.0,1.0,2.5,4.5,0.4,,0.4,76,69.7,-8.7,0.38,0.87,-0.114,17.85
3.0,1.0,2.5,4.5,0.6,2400,0.2,76,69.7,-8.7,0.38,0.87,-0.114,17.85
3.0,1.0,2.5,4.5,0.6,2400,0.4,76,69.7,-8.7,0.38,0.87,-0.114,17.85
3.0,1.0,2.5,4.5,0.6,3600,0.2,76,69.7,-8.7,0.38,0.87,-0.114,17.85
3.0,1.0,2.5,4.5,0.6,3600,0.4,76,69.7,-8.7,0.38,0.87,-0.114,17.85
3.0,1.0,2.5,4.5,0.6,7200,0.2,76,69.7,-8.7,0.38,0.87,-0.114,17.85
3.0,1.0,2.5,4.5,0.6,7200,0.4,76,69.7,-8.7,0.38,0.87,-0.114,17.85
3.0,1.0,2.5,4.5,0.6,7200,0.8,76,69.7,-8.7,0.38,0.87,-0.114,17.85
3.0,1.0,2.5,4.5,0.6,14400,0.2,76,69.7,-8.7,0.38,0.87,-0.114,17.85
3.0,1.0,2.5,4.5,0.6,14400,0.4,76,69.7,-8.7,0.38,0.87,-0.114,17.85
3.0,1.0,2.5,4.5,0.6,14400,0.8,76,69.7,-8.7,0.38,0.87,-0.114,17.85
3.0,1.0,2.5,4.5,0.6,,0.4,76,69.7,-8.7,0.38,0.87,-0.114,17.85
3.0,1.0,2.5,4.5,0.8,2400,0.2,76,69.7,-8.7,0.38,0.87,-0.114,17.85
3.0,1.0,2.5,4.5,0.8,2400,0.4,76,69.7,-8.7,0.38,0.87,-0.114,17.85
3.0,1.0,2.5,4.5,0.8,3600,0.2,76,69.7,-8.7,0.38,0.87,-0.114,17.85
3.0,1.0,2.5,4.5,0.8,3600,0.4,76,69.7,-8.7,0.38,0.87,-0.114,17.85
3.0,1.0,2.5,4.5,0.8,7200,0.2,76,69.7,-8.7,0.38,0.87,-0.114,17.85
3.0,1.0,2.5,4.5,0.8,7200,0.4,76,69.7,-8.7,0.38,0.87,-0.114,17.85
3.0,1.0,2.5,4.5,0.8,7200,0.8,76,69.7,-8.7,0.38,0.87,-0.114,17.85
3.0,1.0,2.5,4.5,0.8,14400,0.2,76,69.7,-8.7,0.38,0.87,-0.114,17.85
3.0,1.0,2.5,4.5,0.8,14400,0.4,76,69.7,-8.7,0.38,0.87,-0.114,17.85
3.0,1.0,2.5,4.5,0.8,14400,0.8,76,69.7,-8.7,0.38,0.87,-0.114,17.85
3.0,1.0,2.5,4.5,0.8,,0.4,76,69.7,-8.7,0.38,0.87,-0.114,17.85
4.0,0.7,2.5,4.5,0.4,1200,0.2,79,79.7,-8.97,0.22,0.85,-0.114,12.71
4.0,0.7,2.5,4.5,0.6,1200,0.2,79,79.7,-8.97,0.22,0.85,-0.114,12.71
4.0,0.7,2.5,4.5,0.8,1200,0.2,79,79.7,-8.97,0.22,0.85,-0.114,12.71
4.0,1.0,2.5,3.0,0.4,1200,0.8,75,70.7,-8.57,0.36,0.87,-0.114,14.05
4.0,1.0,2.5,3.0,0.6,1200,0.8,75,70.7,-8.57,0.36,0.87,-0.114,14.05
4.0,1.0,2.5,3.0,0.8,1200,0.8,75,70.7,-8.57,0.36,0.87,-0.114,14.05
4.0,1.0,2.5,4.5,0.4,1200,0.8,75,70.7,-8.57,0.36,0.87,-0.114,14.5
4.0,1.0,2.5,4.5,0.6,1200,0.8,75,70.7,-8.57,0.36,0.87,-0.114,14.5
4.0,1.0,2.5,4.5,0.8,1200,0.8,75,70.7,-8.57,0.36,0.87,-0.114,14.5
3.0,1.0,2.5,3.0,0.4,1200,0.2,76,68.4,-9.15,0.4,0.87,-0.12,16.95
3.0,1.0,2.5,3.0,0.6,1200,0.2,76,68.4,-9.15,0.4,0.87,-0.12,16.95
3.0,1.0,2.5,3.0,0.8,1200,0.2,76,68.4,-9.15,0.4,0.87,-0.12,16.95
4.0,0.7,2.5,4.5,0.4,1200,0.4,79,78.5,-9.85,0.23,0.84,-0.125,12.71
4.0,0.7,2.5,4.5,0.6,1200,0.4,79,78.5,-9.85,0.23,0.84,-0.125,12.71
4.0,0.7,2.5,4.5,0.8,1200,0.4,79,78.5,-9.85,0.23,0.84,-0.125,12.71
3.0,1.0,2.5,4.5,0.4,1200,0.2,76,68.4,-9.6,0.4,0.86,-0.126,17.85
3.0,1.0,2.5,4.5,0.6,1200,0.2,76,68.4,-9.6,0.4,0.86,-0.126,17.85
3.0,1.0,2.5,4.5,0.8,1200,0.2,76,68.4,-9.6,0.4,0.86,-0.126,17.85
4.0,0.7,1.5,4.5,0.4,1200,0.8,81,72.8,-10.17,0.31,0.83,-0.126,15.22
4.0,0.7,1.5,4.5,0.6,1200,0.8,81,72.8,-10.17,0.31,0.83,-0.126,15.22
4.0,0.7,1.5,4.5,0.8,1200,0.8,81,72.8,-10.17,0.31,0.83,-0.126,15.22
4.0,0.7,2.5,4.5,0.4,2400,0.8,80,78.8,-10.37,0.22,0.83,-0.13,12.71
4.0,0.7,2.5,4.5,0.6,2400,0.8,80,78.8,-10.37,0.22,0.83,-0.13,12.71
4.0,0.7,2.5,4.5,0.8,2400,0.8,80,78.8,-10.37,0.22,0.83,-0.13,12.71
4.0,0.7,2.5,3.0,0.4,1200,0.8,81,72.8,-11.43,0.3,0.81,-0.141,14.81
4.0,0.7,2.5,3.0,0.6,1200,0.8,81,72.8,-11.43,0.3,0.81,-0.141,14.81
4.0,0.7,2.5,3.0,0.8,1200,0.8,81,72.8,-11.43,0.3,0.81,-0.141,14.81
4.0,0.7,2.5,4.5,0.4,1200,0.8,81,72.8,-13.23,0.29,0.78,-0.163,15.26
4.0,0.7,2.5,4.5,0.6,1200,0.8,81,72.8,-13.23,0.29,0.78,-0.163,15.26
4.0,0.7,2.5,4.5,0.8,1200,0.8,81,72.8,-13.23,0.29,0.78,-0.163,15.26
