stop_loss_pct,level_1_pct,level_2_pct,level_3_pct,trail_callback,time_stop_seconds,time_stop_no_movement_pct,trades,win_rate,total_pnl_pct,payoff,profit_factor,expectancy_pct,max_dd_pct
5.0,1.5,2.5,3.0,0.4,14400,0.2,14,100.0,15.35,0.0,1535.0,1.096,0.0
5.0,1.5,2.5,3.0,0.4,,0.4,14,100.0,15.35,0.0,1535.0,1.096,0.0
5.0,1.5,2.5,4.5,0.4,14400,0.2,14,100.0,15.35,0.0,1535.0,1.096,0.0
5.0,1.5,2.5,4.5,0.4,,0.4,14,100.0,15.35,0.0,1535.0,1.096,0.0
5.0,1.5,2.5,3.0,0.6,14400,0.2,14,100.0,15.24,0.0,1524.0,1.089,0.0
5.0,1.5,2.5,3.0,0.6,,0.4,14,100.0,15.24,0.0,1524.0,1.089,0.0
5.0,1.5,2.5,4.5,0.6,14400,0.2,14,100.0,15.24,0.0,1524.0,1.089,0.0
5.0,1.5,2.5,4.5,0.6,,0.4,14,100.0,15.24,0.0,1524.0,1.089,0.0
5.0,1.5,2.5,3.0,0.8,14400,0.2,14,100.0,15.19,0.0,1519.0,1.085,0.0
5.0,1.5,2.5,3.0,0.8,,0.4,14,100.0,15.19,0.0,1519.0,1.085,0.0
5.0,1.5,2.5,4.5,0.8,14400,0.2,14,100.0,15.19,0.0,1519.0,1.085,0.0
5.0,1.5,2.5,4.5,0.8,,0.4,14,100.0,15.19,0.0,1519.0,1.085,0.0
5.0,1.5,2.5,3.0,0.4,7200,0.2,15,93.3,14.0,33.4,467.67,0.933,0.03
5.0,1.5,2.5,4.5,0.4,7200,0.2,15,93.3,14.0,33.4,467.67,0.933,0.03
5.0,1.5,2.5,3.0,0.8,14400,0.4,15,93.3,13.97,10.05,140.7,0.931,0.1
5.0,1.5,2.5,4.5,0.8,14400,0.4,15,93.3,13.97,10.05,140.7,0.931,0.1
5.0,1.5,2.5,3.0,0.6,7200,0.2,15,93.3,13.89,33.14,464.0,0.926,0.03
5.0,1.5,2.5,4.5,0.6,7200,0.2,15,93.3,13.89,33.14,464.0,0.926,0.03
5.0,1.5,2.5,3.0,0.4,3600,0.2,15,86.7,13.85,14.36,93.33,0.923,0.15
5.0,1.5,2.5,3.0,0.8,7200,0.2,15,93.3,13.84,33.02,462.33,0.923,0.03
5.0,1.5,2.5,4.5,0.4,3600,0.2,15,86.7,13.85,14.36,93.33,0.923,0.15
5.0,1.5,2.5,4.5,0.8,7200,0.2,15,93.3,13.84,33.02,462.33,0.923,0.03
5.0,1.5,2.5,3.0,0.6,3600,0.2,15,86.7,13.74,14.25,92.6,0.916,0.15
5.0,1.5,2.5,4.5,0.6,3600,0.2,15,86.7,13.74,14.25,92.6,0.916,0.15
5.0,1.5,2.5,3.0,0.8,3600,0.2,15,86.7,13.69,14.19,92.27,0.913,0.15
5.0,1.5,2.5,4.5,0.8,3600,0.2,15,86.7,13.69,14.19,92.27,0.913,0.15
5.0,1.5,2.5,3.0,0.4,14400,0.4,16,93.8,14.42,9.68,145.2,0.901,0.1
5.0,1.5,2.5,4.5,0.4,14400,0.4,16,93.8,14.42,9.68,145.2,0.901,0.1
5.0,1.5,2.5,3.0,0.6,14400,0.4,16,93.8,14.31,9.61,144.1,0.894,0.1
5.0,1.5,2.5,4.5,0.6,14400,0.4,16,93.8,14.31,9.61,144.1,0.894,0.1
5.0,1.5,2.5,3.0,0.4,7200,0.4,17,94.1,14.41,30.08,481.33,0.848,0.03
5.0,1.5,2.5,4.5,0.4,7200,0.4,17,94.1,14.41,30.08,481.33,0.848,0.03
5.0,1.5,2.5,3.0,0.6,7200,0.4,17,94.1,14.3,29.85,477.67,0.841,0.03
5.0,1.5,2.5,4.5,0.6,7200,0.4,17,94.1,14.3,29.85,477.67,0.841,0.03
5.0,1.5,2.5,3.0,0.8,7200,0.4,17,88.2,13.88,6.1,45.77,0.816,0.28
5.0,1.5,2.5,4.5,0.8,7200,0.4,17,88.2,13.88,6.1,45.77,0.816,0.28
5.0,1.5,2.5,3.0,0.4,2400,0.2,16,87.5,12.86,10.35,72.44,0.804,0.18
5.0,1.5,2.5,4.5,0.4,2400,0.2,16,87.5,12.86,10.35,72.44,0.804,0.18
5.0,1.5,2.5,3.0,0.6,2400,0.2,16,87.5,12.49,10.06,70.39,0.781,0.18
5.0,1.5,2.5,4.5,0.6,2400,0.2,16,87.5,12.49,10.06,70.39,0.781,0.18
5.0,1.5,2.5,3.0,0.8,2400,0.2,16,87.5,12.44,10.02,70.11,0.778,0.18
5.0,1.5,2.5,4.5,0.8,2400,0.2,16,87.5,12.44,10.02,70.11,0.778,0.18
5.0,1.5,2.5,3.0,0.8,3600,0.4,17,82.4,11.46,10.45,48.75,0.674,0.15
5.0,1.5,2.5,4.5,0.8,3600,0.4,17,82.4,11.46,10.45,48.75,0.674,0.15
5.0,1.5,2.5,3.0,0.4,3600,0.4,19,84.2,12.24,9.75,52.0,0.644,0.15
5.0,1.5,2.5,4.5,0.4,3600,0.4,19,84.2,12.24,9.75,52.0,0.644,0.15
5.0,1.5,2.5,3.0,0.6,3600,0.4,19,84.2,11.87,9.46,50.46,0.625,0.15
5.0,1.5,2.5,4.5,0.6,3600,0.4,19,84.2,11.87,9.46,50.46,0.625,0.15
5.0,1.5,2.5,3.0,0.4,1200,0.2,21,71.4,12.78,21.7,54.25,0.609,0.19
5.0,1.5,2.5,4.5,0.4,1200,0.2,21,71.4,12.78,21.7,54.25,0.609,0.19
5.0,1.5,2.5,3.0,0.6,1200,0.2,21,71.4,12.32,20.93,52.33,0.587,0.19
5.0,1.5,2.5,4.5,0.6,1200,0.2,21,71.4,12.32,20.93,52.33,0.587,0.19
3.0,1.5,2.5,3.0,0.4,14400,0.2,16,87.5,9.35,0.37,2.56,0.584,4.65
3.0,1.5,2.5,3.0,0.4,,0.4,16,87.5,9.35,0.37,2.56,0.584,4.65
3.0,1.5,2.5,4.5,0.4,14400,0.2,16,87.5,9.35,0.37,2.56,0.584,4.65
3.0,1.5,2.5,4.5,0.4,,0.4,16,87.5,9.35,0.37,2.56,0.584,4.65
3.0,1.5,2.5,3.0,0.6,14400,0.2,16,87.5,9.24,0.36,2.54,0.578,4.65
3.0,1.5,2.5,3.0,0.6,,0.4,16,87.5,9.24,0.36,2.54,0.578,4.65
3.0,1.5,2.5,4.5,0.6,14400,0.2,16,87.5,9.24,0.36,2.54,0.578,4.65
3.0,1.5,2.5,4.5,0.6,,0.4,16,87.5,9.24,0.36,2.54,0.578,4.65
3.0,1.5,2.5,3.0,0.8,14400,0.2,16,87.5,9.19,0.36,2.53,0.574,4.65
3.0,1.5,2.5,3.0,0.8,,0.4,16,87.5,9.19,0.36,2.53,0.574,4.65
3.0,1.5,2.5,4.5,0.8,14400,0.2,16,87.5,9.19,0.36,2.53,0.574,4.65
3.0,1.5,2.5,4.5,0.8,,0.4,16,87.5,9.19,0.36,2.53,0.574,4.65
5.0,1.5,2.5,3.0,0.8,1200,0.2,22,68.2,12.11,14.6,31.28,0.55,0.19
5.0,1.5,2.5,4.5,0.8,1200,0.2,22,68.2,12.11,14.6,31.28,0.55,0.19
5.0,1.0,1.5,3.0,0.4,14400,0.2,14,92.9,6.7,0.18,2.34,0.479,5.0
5.0,1.0,1.5,3.0,0.4,,0.4,14,92.9,6.7,0.18,2.34,0.479,5.0
5.0,1.0,1.5,3.0,0.6,14400,0.2,14,92.9,6.7,0.18,2.34,0.479,5.0
5.0,1.0,1.5,3.0,0.6,,0.4,14,92.9,6.7,0.18,2.34,0.479,5.0
5.0,1.0,1.5,3.0,0.8,14400,0.2,14,92.9,6.7,0.18,2.34,0.479,5.0
5.0,1.0,1.5,3.0,0.8,,0.4,14,92.9,6.7,0.18,2.34,0.479,5.0
5.0,1.0,1.5,4.5,0.4,14400,0.2,14,92.9,6.7,0.18,2.34,0.479,5.0
5.0,1.0,1.5,4.5,0.4,,0.4,14,92.9,6.7,0.18,2.34,0.479,5.0
5.0,1.0,1.5,4.5,0.6,14400,0.2,14,92.9,6.7,0.18,2.34,0.479,5.0
5.0,1.0,1.5,4.5,0.6,,0.4,14,92.9,6.7,0.18,2.34,0.479,5.0
5.0,1.0,1.5,4.5,0.8,14400,0.2,14,92.9,6.7,0.18,2.34,0.479,5.0
5.0,1.0,1.5,4.5,0.8,,0.4,14,92.9,6.7,0.18,2.34,0.479,5.0
5.0,1.0,2.5,3.0,0.4,14400,0.2,14,92.9,6.7,0.18,2.34,0.479,5.0
5.0,1.0,2.5,3.0,0.4,,0.4,14,92.9,6.7,0.18,2.34,0.479,5.0
5.0,1.0,2.5,3.0,0.6,14400,0.2,14,92.9,6.7,0.18,2.34,0.479,5.0
5.0,1.0,2.5,3.0,0.6,,0.4,14,92.9,6.7,0.18,2.34,0.479,5.0
5.0,1.0,2.5,3.0,0.8,14400,0.2,14,92.9,6.7,0.18,2.34,0.479,5.0
5.0,1.0,2.5,3.0,0.8,,0.4,14,92.9,6.7,0.18,2.34,0.479,5.0
5.0,1.0,2.5,4.5,0.4,14400,0.2,14,92.9,6.7,0.18,2.34,0.479,5.0
5.0,1.0,2.5,4.5,0.4,,0.4,14,92.9,6.7,0.18,2.34,0.479,5.0
5.0,1.0,2.5,4.5,0.6,14400,0.2,14,92.9,6.7,0.18,2.34,0.479,5.0
5.0,1.0,2.5,4.5,0.6,,0.4,14,92.9,6.7,0.18,2.34,0.479,5.0
5.0,1.0,2.5,4.5,0.8,14400,0.2,14,92.9,6.7,0.18,2.34,0.479,5.0
5.0,1.0,2.5,4.5,0.8,,0.4,14,92.9,6.7,0.18,2.34,0.479,5.0
3.0,1.5,2.5,3.0,0.4,7200,0.2,17,82.4,8.0,0.5,2.33,0.471,4.65
3.0,1.5,2.5,4.5,0.4,7200,0.2,17,82.4,8.0,0.5,2.33,0.471,4.65
3.0,1.5,2.5,3.0,0.8,14400,0.4,17,82.4,7.97,0.49,2.31,0.469,4.65
3.0,1.5,2.5,4.5,0.8,14400,0.4,17,82.4,7.97,0.49,2.31,0.469,4.65
3.0,1.5,2.5,3.0,0.4,14400,0.4,18,83.3,8.42,0.48,2.38,0.468,4.65
3.0,1.5,2.5,4.5,0.4,14400,0.4,18,83.3,8.42,0.48,2.38,0.468,4.65
3.0,1.5,2.5,3.0,0.6,7200,0.2,17,82.4,7.89,0.49,2.31,0.464,4.65
3.0,1.5,2.5,4.5,0.6,7200,0.2,17,82.4,7.89,0.49,2.31,0.464,4.65
3.0,1.5,2.5,3.0,0.4,3600,0.2,17,76.5,7.85,0.7,2.28,0.462,4.65
3.0,1.5,2.5,3.0,0.6,14400,0.4,18,83.3,8.31,0.47,2.36,0.462,4.65
3.0,1.5,2.5,4.5,0.4,3600,0.2,17,76.5,7.85,0.7,2.28,0.462,4.65
3.0,1.5,2.5,4.5,0.6,14400,0.4,18,83.3,8.31,0.47,2.36,0.462,4.65
3.0,1.5,2.5,3.0,0.8,7200,0.2,17,82.4,7.84,0.49,2.3,0.461,4.65
3.0,1.5,2.5,4.5,0.8,7200,0.2,17,82.4,7.84,0.49,2.3,0.461,4.65
3.0,1.5,2.5,3.0,0.6,3600,0.2,17,76.5,7.74,0.69,2.26,0.455,4.65
3.0,1.5,2.5,4.5,0.6,3600,0.2,17,76.5,7.74,0.69,2.26,0.455,4.65
2.0,1.5,2.5,3.0,0.6,14400,0.2,19,78.9,8.59,0.55,2.07,0.452,5.3
2.0,1.5,2.5,3.0,0.6,,0.4,19,78.9,8.59,0.55,2.07,0.452,5.3
2.0,1.5,2.5,4.5,0.6,14400,0.2,19,78.9,8.59,0.55,2.07,0.452,5.3
2.0,1.5,2.5,4.5,0.6,,0.4,19,78.9,8.59,0.55,2.07,0.452,5.3
3.0,1.5,2.5,3.0,0.8,3600,0.2,17,76.5,7.69,0.69,2.25,0.452,4.65
3.0,1.5,2.5,4.5,0.8,3600,0.2,17,76.5,7.69,0.69,2.25,0.452,4.65
2.0,1.5,2.5,3.0,0.8,14400,0.2,19,78.9,8.54,0.55,2.07,0.449,5.3
2.0,1.5,2.5,3.0,0.8,,0.4,19,78.9,8.54,0.55,2.07,0.449,5.3
2.0,1.5,2.5,4.5,0.8,14400,0.2,19,78.9,8.54,0.55,2.07,0.449,5.3
2.0,1.5,2.5,4.5,0.8,,0.4,19,78.9,8.54,0.55,2.07,0.449,5.3
3.0,1.5,2.5,3.0,0.4,7200,0.4,19,84.2,8.41,0.45,2.39,0.443,4.65
3.0,1.5,2.5,4.5,0.4,7200,0.4,19,84.2,8.41,0.45,2.39,0.443,4.65
3.0,1.5,2.5,3.0,0.6,7200,0.4,19,84.2,8.3,0.45,2.38,0.437,4.65
3.0,1.5,2.5,4.5,0.6,7200,0.4,19,84.2,8.3,0.45,2.38,0.437,4.65
2.0,1.5,2.5,3.0,0.4,14400,0.2,19,78.9,8.27,0.54,2.03,0.435,5.73
2.0,1.5,2.5,3.0,0.4,,0.4,19,78.9,8.27,0.54,2.03,0.435,5.73
2.0,1.5,2.5,4.5,0.4,14400,0.2,19,78.9,8.27,0.54,2.03,0.435,5.73
2.0,1.5,2.5,4.5,0.4,,0.4,19,78.9,8.27,0.54,2.03,0.435,5.73
4.0,1.5,2.5,3.0,0.4,14400,0.2,16,87.5,6.85,0.27,1.86,0.428,7.15
4.0,1.5,2.5,3.0,0.4,,0.4,16,87.5,6.85,0.27,1.86,0.428,7.15
4.0,1.5,2.5,4.5,0.4,14400,0.2,16,87.5,6.85,0.27,1.86,0.428,7.15
4.0,1.5,2.5,4.5,0.4,,0.4,16,87.5,6.85,0.27,1.86,0.428,7.15
3.0,1.5,2.5,3.0,0.8,7200,0.4,19,78.9,7.88,0.6,2.25,0.415,4.65
3.0,1.5,2.5,4.5,0.8,7200,0.4,19,78.9,7.88,0.6,2.25,0.415,4.65
3.0,1.0,1.5,3.0,0.4,14400,0.2,16,87.5,6.6,0.3,2.1,0.412,5.1
3.0,1.0,1.5,3.0,0.4,,0.4,16,87.5,6.6,0.3,2.1,0.412,5.1
3.0,1.0,1.5,3.0,0.6,14400,0.2,16,87.5,6.6,0.3,2.1,0.412,5.1
3.0,1.0,1.5,3.0,0.6,,0.4,16,87.5,6.6,0.3,2.1,0.412,5.1
3.0,1.0,1.5,3.0,0.8,14400,0.2,16,87.5,6.6,0.3,2.1,0.412,5.1
3.0,1.0,1.5,3.0,0.8,,0.4,16,87.5,6.6,0.3,2.1,0.412,5.1
3.0,1.0,1.5,4.5,0.4,14400,0.2,16,87.5,6.6,0.3,2.1,0.412,5.1
3.0,1.0,1.5,4.5,0.4,,0.4,16,87.5,6.6,0.3,2.1,0.412,5.1
3.0,1.0,1.5,4.5,0.6,14400,0.2,16,87.5,6.6,0.3,2.1,0.412,5.1
3.0,1.0,1.5,4.5,0.6,,0.4,16,87.5,6.6,0.3,2.1,0.412,5.1
3.0,1.0,1.5,4.5,0.8,14400,0.2,16,87.5,6.6,0.3,2.1,0.412,5.1
3.0,1.0,1.5,4.5,0.8,,0.4,16,87.5,6.6,0.3,2.1,0.412,5.1
3.0,1.0,2.5,3.0,0.4,14400,0.2,16,87.5,6.6,0.3,2.1,0.412,5.1
3.0,1.0,2.5,3.0,0.4,,0.4,16,87.5,6.6,0.3,2.1,0.412,5.1
3.0,1.0,2.5,3.0,0.6,14400,0.2,16,87.5,6.6,0.3,2.1,0.412,5.1
3.0,1.0,2.5,3.0,0.6,,0.4,16,87.5,6.6,0.3,2.1,0.412,5.1
3.0,1.0,2.5,3.0,0.8,14400,0.2,16,87.5,6.6,0.3,2.1,0.412,5.1
3.0,1.0,2.5,3.0,0.8,,0.4,16,87.5,6.6,0.3,2.1,0.412,5.1
3.0,1.0,2.5,4.5,0.4,14400,0.2,16,87.5,6.6,0.3,2.1,0.412,5.1
3.0,1.0,2.5,4.5,0.4,,0.4,16,87.5,6.6,0.3,2.1,0.412,5.1
3.0,1.0,2.5,4.5,0.6,14400,0.2,16,87.5,6.6,0.3,2.1,0.412,5.1
3.0,1.0,2.5,4.5,0.6,,0.4,16,87.5,6.6,0.3,2.1,0.412,5.1
3.0,1.0,2.5,4.5,0.8,14400,0.2,16,87.5,6.6,0.3,2.1,0.412,5.1
3.0,1.0,2.5,4.5,0.8,,0.4,16,87.5,6.6,0.3,2.1,0.412,5.1
4.0,1.5,2.5,3.0,0.6,14400,0.2,16,87.5,6.54,0.26,1.82,0.409,7.35
4.0,1.5,2.5,3.0,0.6,,0.4,16,87.5,6.54,0.26,1.82,0.409,7.35
4.0,1.5,2.5,4.5,0.6,14400,0.2,16,87.5,6.54,0.26,1.82,0.409,7.35
4.0,1.5,2.5,4.5,0.6,,0.4,16,87.5,6.54,0.26,1.82,0.409,7.35
5.0,1.5,2.5,3.0,0.4,2400,0.4,25,80.0,9.89,4.59,18.35,0.396,0.29
5.0,1.5,2.5,4.5,0.4,2400,0.4,25,80.0,9.89,4.59,18.35,0.396,0.29
4.0,1.5,2.5,3.0,0.8,14400,0.2,16,87.5,6.29,0.26,1.79,0.393,7.55
4.0,1.5,2.5,3.0,0.8,,0.4,16,87.5,6.29,0.26,1.79,0.393,7.55
4.0,1.5,2.5,4.5,0.8,14400,0.2,16,87.5,6.29,0.26,1.79,0.393,7.55
4.0,1.5,2.5,4.5,0.8,,0.4,16,87.5,6.29,0.26,1.79,0.393,7.55
5.0,1.5,2.5,3.0,0.8,2400,0.4,23,78.3,9.03,4.68,16.84,0.393,0.29
5.0,1.5,2.5,4.5,0.8,2400,0.4,23,78.3,9.03,4.68,16.84,0.393,0.29
5.0,1.0,1.5,3.0,0.4,7200,0.4,17,88.2,6.66,0.31,2.32,0.392,5.0
5.0,1.0,1.5,3.0,0.6,7200,0.4,17,88.2,6.66,0.31,2.32,0.392,5.0
5.0,1.0,1.5,3.0,0.8,7200,0.4,17,88.2,6.66,0.31,2.32,0.392,5.0
5.0,1.0,1.5,4.5,0.4,7200,0.4,17,88.2,6.66,0.31,2.32,0.392,5.0
5.0,1.0,1.5,4.5,0.6,7200,0.4,17,88.2,6.66,0.31,2.32,0.392,5.0
5.0,1.0,1.5,4.5,0.8,7200,0.4,17,88.2,6.66,0.31,2.32,0.392,5.0
5.0,1.0,1.5,3.0,0.4,14400,0.4,16,87.5,6.22,0.32,2.22,0.389,5.0
5.0,1.0,1.5,3.0,0.6,14400,0.4,16,87.5,6.22,0.32,2.22,0.389,5.0
5.0,1.0,1.5,3.0,0.8,14400,0.4,16,87.5,6.22,0.32,2.22,0.389,5.0
5.0,1.0,1.5,4.5,0.4,14400,0.4,16,87.5,6.22,0.32,2.22,0.389,5.0
5.0,1.0,1.5,4.5,0.6,14400,0.4,16,87.5,6.22,0.32,2.22,0.389,5.0
5.0,1.0,1.5,4.5,0.8,14400,0.4,16,87.5,6.22,0.32,2.22,0.389,5.0
5.0,1.0,2.5,3.0,0.4,14400,0.4,16,87.5,6.22,0.32,2.22,0.389,5.0
5.0,1.0,2.5,3.0,0.6,14400,0.4,16,87.5,6.22,0.32,2.22,0.389,5.0
5.0,1.0,2.5,3.0,0.8,14400,0.4,16,87.5,6.22,0.32,2.22,0.389,5.0
5.0,1.0,2.5,4.5,0.4,14400,0.4,16,87.5,6.22,0.32,2.22,0.389,5.0
5.0,1.0,2.5,4.5,0.6,14400,0.4,16,87.5,6.22,0.32,2.22,0.389,5.0
5.0,1.0,2.5,4.5,0.8,14400,0.4,16,87.5,6.22,0.32,2.22,0.389,5.0
5.0,1.0,1.5,3.0,0.4,7200,0.2,15,86.7,5.8,0.33,2.15,0.387,5.0
5.0,1.0,1.5,3.0,0.6,7200,0.2,15,86.7,5.8,0.33,2.15,0.387,5.0
5.0,1.0,1.5,3.0,0.8,7200,0.2,15,86.7,5.8,0.33,2.15,0.387,5.0
5.0,1.0,1.5,4.5,0.4,7200,0.2,15,86.7,5.8,0.33,2.15,0.387,5.0
5.0,1.0,1.5,4.5,0.6,7200,0.2,15,86.7,5.8,0.33,2.15,0.387,5.0
5.0,1.0,1.5,4.5,0.8,7200,0.2,15,86.7,5.8,0.33,2.15,0.387,5.0
5.0,1.0,2.5,3.0,0.4,7200,0.2,15,86.7,5.8,0.33,2.15,0.387,5.0
5.0,1.0,2.5,3.0,0.6,7200,0.2,15,86.7,5.8,0.33,2.15,0.387,5.0
5.0,1.0,2.5,3.0,0.8,7200,0.2,15,86.7,5.8,0.33,2.15,0.387,5.0
5.0,1.0,2.5,4.5,0.4,7200,0.2,15,86.7,5.8,0.33,2.15,0.387,5.0
5.0,1.0,2.5,4.5,0.6,7200,0.2,15,86.7,5.8,0.33,2.15,0.387,5.0
5.0,1.0,2.5,4.5,0.8,7200,0.2,15,86.7,5.8,0.33,2.15,0.387,5.0
3.0,1.5,2.5,3.0,0.4,2400,0.2,18,77.8,6.86,0.6,2.11,0.381,4.65
3.0,1.5,2.5,4.5,0.4,2400,0.2,18,77.8,6.86,0.6,2.11,0.381,4.65
5.0,1.5,2.5,3.0,0.6,2400,0.4,25,80.0,9.52,4.43,17.7,0.381,0.29
5.0,1.5,2.5,4.5,0.6,2400,0.4,25,80.0,9.52,4.43,17.7,0.381,0.29
5.0,1.0,1.5,3.0,0.4,3600,0.2,15,80.0,5.65,0.52,2.1,0.377,5.0
5.0,1.0,1.5,3.0,0.6,3600,0.2,15,80.0,5.65,0.52,2.1,0.377,5.0
5.0,1.0,1.5,3.0,0.8,3600,0.2,15,80.0,5.65,0.52,2.1,0.377,5.0
5.0,1.0,1.5,4.5,0.4,3600,0.2,15,80.0,5.65,0.52,2.1,0.377,5.0
5.0,1.0,1.5,4.5,0.6,3600,0.2,15,80.0,5.65,0.52,2.1,0.377,5.0
5.0,1.0,1.5,4.5,0.8,3600,0.2,15,80.0,5.65,0.52,2.1,0.377,5.0
5.0,1.0,2.5,3.0,0.4,3600,0.2,15,80.0,5.65,0.52,2.1,0.377,5.0
5.0,1.0,2.5,3.0,0.6,3600,0.2,15,80.0,5.65,0.52,2.1,0.377,5.0
5.0,1.0,2.5,3.0,0.8,3600,0.2,15,80.0,5.65,0.52,2.1,0.377,5.0
5.0,1.0,2.5,4.5,0.4,3600,0.2,15,80.0,5.65,0.52,2.1,0.377,5.0
5.0,1.0,2.5,4.5,0.6,3600,0.2,15,80.0,5.65,0.52,2.1,0.377,5.0
5.0,1.0,2.5,4.5,0.8,3600,0.2,15,80.0,5.65,0.52,2.1,0.377,5.0
2.0,1.5,2.5,3.0,0.6,2400,0.2,21,71.4,7.78,0.9,2.25,0.37,4.0
2.0,1.5,2.5,4.5,0.6,2400,0.2,21,71.4,7.78,0.9,2.25,0.37,4.0
2.0,1.5,2.5,3.0,0.4,2400,0.2,21,71.4,7.72,0.89,2.24,0.368,4.0
2.0,1.5,2.5,3.0,0.8,2400,0.2,21,71.4,7.73,0.9,2.24,0.368,4.0
2.0,1.5,2.5,4.5,0.4,2400,0.2,21,71.4,7.72,0.89,2.24,0.368,4.0
2.0,1.5,2.5,4.5,0.8,2400,0.2,21,71.4,7.73,0.9,2.24,0.368,4.0
2.0,1.5,2.5,3.0,0.8,14400,0.4,20,75.0,7.32,0.63,1.9,0.366,5.3
2.0,1.5,2.5,4.5,0.8,14400,0.4,20,75.0,7.32,0.63,1.9,0.366,5.3
2.0,1.5,2.5,3.0,0.6,14400,0.4,21,76.2,7.66,0.61,1.95,0.365,5.3
2.0,1.5,2.5,4.5,0.6,14400,0.4,21,76.2,7.66,0.61,1.95,0.365,5.3
5.0,1.0,2.5,3.0,0.4,7200,0.4,17,88.2,6.21,0.3,2.23,0.365,5.0
5.0,1.0,2.5,3.0,0.6,7200,0.4,17,88.2,6.21,0.3,2.23,0.365,5.0
5.0,1.0,2.5,3.0,0.8,7200,0.4,17,88.2,6.21,0.3,2.23,0.365,5.0
5.0,1.0,2.5,4.5,0.4,7200,0.4,17,88.2,6.21,0.3,2.23,0.365,5.0
5.0,1.0,2.5,4.5,0.6,7200,0.4,17,88.2,6.21,0.3,2.23,0.365,5.0
5.0,1.0,2.5,4.5,0.8,7200,0.4,17,88.2,6.21,0.3,2.23,0.365,5.0
2.0,1.5,2.5,3.0,0.6,7200,0.2,20,75.0,7.24,0.63,1.9,0.362,5.3
2.0,1.5,2.5,4.5,0.6,7200,0.2,20,75.0,7.24,0.63,1.9,0.362,5.3
3.0,1.5,2.5,3.0,0.6,2400,0.2,18,77.8,6.49,0.59,2.05,0.361,4.65
3.0,1.5,2.5,4.5,0.6,2400,0.2,18,77.8,6.49,0.59,2.05,0.361,4.65
2.0,1.5,2.5,3.0,0.8,7200,0.2,20,75.0,7.19,0.63,1.9,0.36,5.3
2.0,1.5,2.5,4.5,0.8,7200,0.2,20,75.0,7.19,0.63,1.9,0.36,5.3
3.0,1.5,2.5,3.0,0.8,2400,0.2,18,77.8,6.44,0.58,2.04,0.358,4.65
3.0,1.5,2.5,4.5,0.8,2400,0.2,18,77.8,6.44,0.58,2.04,0.358,4.65
2.0,1.5,2.5,3.0,0.6,3600,0.2,20,70.0,7.09,0.8,1.87,0.354,5.3
2.0,1.5,2.5,4.5,0.6,3600,0.2,20,70.0,7.09,0.8,1.87,0.354,5.3
2.0,1.5,2.5,3.0,0.8,3600,0.2,20,70.0,7.04,0.8,1.86,0.352,5.3
2.0,1.5,2.5,4.5,0.8,3600,0.2,20,70.0,7.04,0.8,1.86,0.352,5.3
2.0,1.5,2.5,3.0,0.4,14400,0.4,21,76.2,7.34,0.6,1.91,0.35,5.73
2.0,1.5,2.5,4.5,0.4,14400,0.4,21,76.2,7.34,0.6,1.91,0.35,5.73
2.0,1.5,2.5,3.0,0.6,7200,0.4,22,77.3,7.65,0.57,1.95,0.348,5.3
2.0,1.5,2.5,4.5,0.6,7200,0.4,22,77.3,7.65,0.57,1.95,0.348,5.3
2.0,1.5,2.5,3.0,0.4,7200,0.2,20,75.0,6.92,0.62,1.86,0.346,5.73
2.0,1.5,2.5,4.5,0.4,7200,0.2,20,75.0,6.92,0.62,1.86,0.346,5.73
3.0,1.0,1.5,3.0,0.4,7200,0.4,19,84.2,6.56,0.39,2.09,0.345,5.1
3.0,1.0,1.5,3.0,0.6,7200,0.4,19,84.2,6.56,0.39,2.09,0.345,5.1
3.0,1.0,1.5,3.0,0.8,7200,0.4,19,84.2,6.56,0.39,2.09,0.345,5.1
3.0,1.0,1.5,4.5,0.4,7200,0.4,19,84.2,6.56,0.39,2.09,0.345,5.1
3.0,1.0,1.5,4.5,0.6,7200,0.4,19,84.2,6.56,0.39,2.09,0.345,5.1
3.0,1.0,1.5,4.5,0.8,7200,0.4,19,84.2,6.56,0.39,2.09,0.345,5.1
3.0,1.0,1.5,3.0,0.4,14400,0.4,18,83.3,6.12,0.4,2.0,0.34,5.1
3.0,1.0,1.5,3.0,0.6,14400,0.4,18,83.3,6.12,0.4,2.0,0.34,5.1
3.0,1.0,1.5,3.0,0.8,14400,0.4,18,83.3,6.12,0.4,2.0,0.34,5.1
3.0,1.0,1.5,4.5,0.4,14400,0.4,18,83.3,6.12,0.4,2.0,0.34,5.1
3.0,1.0,1.5,4.5,0.6,14400,0.4,18,83.3,6.12,0.4,2.0,0.34,5.1
3.0,1.0,1.5,4.5,0.8,14400,0.4,18,83.3,6.12,0.4,2.0,0.34,5.1
3.0,1.0,2.5,3.0,0.4,14400,0.4,18,83.3,6.12,0.4,2.0,0.34,5.1
3.0,1.0,2.5,3.0,0.6,14400,0.4,18,83.3,6.12,0.4,2.0,0.34,5.1
3.0,1.0,2.5,3.0,0.8,14400,0.4,18,83.3,6.12,0.4,2.0,0.34,5.1
3.0,1.0,2.5,4.5,0.4,14400,0.4,18,83.3,6.12,0.4,2.0,0.34,5.1
3.0,1.0,2.5,4.5,0.6,14400,0.4,18,83.3,6.12,0.4,2.0,0.34,5.1
3.0,1.0,2.5,4.5,0.8,14400,0.4,18,83.3,6.12,0.4,2.0,0.34,5.1
2.0,1.5,2.5,3.0,0.4,3600,0.2,20,70.0,6.77,0.78,1.83,0.338,5.73
2.0,1.5,2.5,4.5,0.4,3600,0.2,20,70.0,6.77,0.78,1.83,0.338,5.73
3.0,1.0,1.5,3.0,0.4,7200,0.2,17,82.4,5.7,0.42,1.95,0.335,5.1
3.0,1.0,1.5,3.0,0.6,7200,0.2,17,82.4,5.7,0.42,1.95,0.335,5.1
3.0,1.0,1.5,3.0,0.8,7200,0.2,17,82.4,5.7,0.42,1.95,0.335,5.1
3.0,1.0,1.5,4.5,0.4,7200,0.2,17,82.4,5.7,0.42,1.95,0.335,5.1
3.0,1.0,1.5,4.5,0.6,7200,0.2,17,82.4,5.7,0.42,1.95,0.335,5.1
3.0,1.0,1.5,4.5,0.8,7200,0.2,17,82.4,5.7,0.42,1.95,0.335,5.1
3.0,1.0,2.5,3.0,0.4,7200,0.2,17,82.4,5.7,0.42,1.95,0.335,5.1
3.0,1.0,2.5,3.0,0.6,7200,0.2,17,82.4,5.7,0.42,1.95,0.335,5.1
3.0,1.0,2.5,3.0,0.8,7200,0.2,17,82.4,5.7,0.42,1.95,0.335,5.1
3.0,1.0,2.5,4.5,0.4,7200,0.2,17,82.4,5.7,0.42,1.95,0.335,5.1
3.0,1.0,2.5,4.5,0.6,7200,0.2,17,82.4,5.7,0.42,1.95,0.335,5.1
3.0,1.0,2.5,4.5,0.8,7200,0.2,17,82.4,5.7,0.42,1.95,0.335,5.1
2.0,1.5,2.5,3.0,0.4,7200,0.4,22,77.3,7.33,0.56,1.91,0.333,5.73
2.0,1.5,2.5,4.5,0.4,7200,0.4,22,77.3,7.33,0.56,1.91,0.333,5.73
5.0,1.0,1.5,3.0,0.4,2400,0.2,16,81.2,5.3,0.47,2.02,0.331,5.0
5.0,1.0,1.5,3.0,0.6,2400,0.2,16,81.2,5.3,0.47,2.02,0.331,5.0
5.0,1.0,1.5,3.0,0.8,2400,0.2,16,81.2,5.3,0.47,2.02,0.331,5.0
5.0,1.0,1.5,4.5,0.4,2400,0.2,16,81.2,5.3,0.47,2.02,0.331,5.0
5.0,1.0,1.5,4.5,0.6,2400,0.2,16,81.2,5.3,0.47,2.02,0.331,5.0
5.0,1.0,1.5,4.5,0.8,2400,0.2,16,81.2,5.3,0.47,2.02,0.331,5.0
2.0,1.5,2.5,3.0,0.8,7200,0.4,22,72.7,7.23,0.7,1.87,0.329,5.3
2.0,1.5,2.5,4.5,0.8,7200,0.4,22,72.7,7.23,0.7,1.87,0.329,5.3
4.0,1.5,2.5,3.0,0.4,14400,0.4,18,83.3,5.92,0.35,1.73,0.329,7.15
4.0,1.5,2.5,4.5,0.4,14400,0.4,18,83.3,5.92,0.35,1.73,0.329,7.15
3.0,1.0,1.5,3.0,0.4,3600,0.2,17,76.5,5.55,0.59,1.9,0.326,5.1
3.0,1.0,1.5,3.0,0.6,3600,0.2,17,76.5,5.55,0.59,1.9,0.326,5.1
3.0,1.0,1.5,3.0,0.8,3600,0.2,17,76.5,5.55,0.59,1.9,0.326,5.1
3.0,1.0,1.5,4.5,0.4,3600,0.2,17,76.5,5.55,0.59,1.9,0.326,5.1
3.0,1.0,1.5,4.5,0.6,3600,0.2,17,76.5,5.55,0.59,1.9,0.326,5.1
3.0,1.0,1.5,4.5,0.8,3600,0.2,17,76.5,5.55,0.59,1.9,0.326,5.1
3.0,1.0,2.5,3.0,0.4,3600,0.2,17,76.5,5.55,0.59,1.9,0.326,5.1
3.0,1.0,2.5,3.0,0.6,3600,0.2,17,76.5,5.55,0.59,1.9,0.326,5.1
3.0,1.0,2.5,3.0,0.8,3600,0.2,17,76.5,5.55,0.59,1.9,0.326,5.1
3.0,1.0,2.5,4.5,0.4,3600,0.2,17,76.5,5.55,0.59,1.9,0.326,5.1
3.0,1.0,2.5,4.5,0.6,3600,0.2,17,76.5,5.55,0.59,1.9,0.326,5.1
3.0,1.0,2.5,4.5,0.8,3600,0.2,17,76.5,5.55,0.59,1.9,0.326,5.1
4.0,1.5,2.5,3.0,0.4,7200,0.2,17,82.4,5.5,0.36,1.68,0.324,7.15
4.0,1.5,2.5,4.5,0.4,7200,0.2,17,82.4,5.5,0.36,1.68,0.324,7.15
3.0,1.0,2.5,3.0,0.4,7200,0.4,19,84.2,6.11,0.38,2.01,0.322,5.1
3.0,1.0,2.5,3.0,0.6,7200,0.4,19,84.2,6.11,0.38,2.01,0.322,5.1
3.0,1.0,2.5,3.0,0.8,7200,0.4,19,84.2,6.11,0.38,2.01,0.322,5.1
3.0,1.0,2.5,4.5,0.4,7200,0.4,19,84.2,6.11,0.38,2.01,0.322,5.1
3.0,1.0,2.5,4.5,0.6,7200,0.4,19,84.2,6.11,0.38,2.01,0.322,5.1
3.0,1.0,2.5,4.5,0.8,7200,0.4,19,84.2,6.11,0.38,2.01,0.322,5.1
4.0,1.5,2.5,3.0,0.4,3600,0.2,17,76.5,5.35,0.51,1.66,0.315,7.15
4.0,1.5,2.5,4.5,0.4,3600,0.2,17,76.5,5.35,0.51,1.66,0.315,7.15
4.0,1.5,2.5,3.0,0.6,14400,0.4,18,83.3,5.61,0.34,1.69,0.312,7.35
4.0,1.5,2.5,4.5,0.6,14400,0.4,18,83.3,5.61,0.34,1.69,0.312,7.35
4.0,1.5,2.5,3.0,0.6,7200,0.2,17,82.4,5.19,0.35,1.65,0.305,7.35
4.0,1.5,2.5,4.5,0.6,7200,0.2,17,82.4,5.19,0.35,1.65,0.305,7.35
5.0,1.0,2.5,3.0,0.4,2400,0.2,16,81.2,4.85,0.45,1.94,0.303,5.0
5.0,1.0,2.5,3.0,0.6,2400,0.2,16,81.2,4.85,0.45,1.94,0.303,5.0
5.0,1.0,2.5,3.0,0.8,2400,0.2,16,81.2,4.85,0.45,1.94,0.303,5.0
5.0,1.0,2.5,4.5,0.4,2400,0.2,16,81.2,4.85,0.45,1.94,0.303,5.0
5.0,1.0,2.5,4.5,0.6,2400,0.2,16,81.2,4.85,0.45,1.94,0.303,5.0
5.0,1.0,2.5,4.5,0.8,2400,0.2,16,81.2,4.85,0.45,1.94,0.303,5.0
4.0,1.5,2.5,3.0,0.8,14400,0.4,17,82.4,5.07,0.35,1.63,0.298,7.55
4.0,1.5,2.5,4.5,0.8,14400,0.4,17,82.4,5.07,0.35,1.63,0.298,7.55
2.0,1.5,2.5,3.0,0.4,1200,0.2,26,65.4,7.71,1.18,2.24,0.297,4.0
2.0,1.5,2.5,4.5,0.4,1200,0.2,26,65.4,7.71,1.18,2.24,0.297,4.0
3.0,1.5,2.5,3.0,0.4,3600,0.4,21,76.2,6.24,0.62,2.0,0.297,4.65
3.0,1.5,2.5,4.5,0.4,3600,0.4,21,76.2,6.24,0.62,2.0,0.297,4.65
4.0,1.5,2.5,3.0,0.6,3600,0.2,17,76.5,5.04,0.5,1.62,0.296,7.35
4.0,1.5,2.5,4.5,0.6,3600,0.2,17,76.5,5.04,0.5,1.62,0.296,7.35
2.0,1.5,2.5,3.0,0.6,1200,0.2,26,65.4,7.68,1.18,2.23,0.295,4.0
2.0,1.5,2.5,4.5,0.6,1200,0.2,26,65.4,7.68,1.18,2.23,0.295,4.0
3.0,1.5,2.5,3.0,0.4,1200,0.2,23,65.2,6.78,1.11,2.09,0.295,4.65
3.0,1.5,2.5,4.5,0.4,1200,0.2,23,65.2,6.78,1.11,2.09,0.295,4.65
4.0,1.5,2.5,3.0,0.8,7200,0.2,17,82.4,4.94,0.35,1.62,0.291,7.55
4.0,1.5,2.5,4.5,0.8,7200,0.2,17,82.4,4.94,0.35,1.62,0.291,7.55
2.0,1.0,1.5,3.0,0.4,14400,0.2,19,78.9,5.5,0.45,1.69,0.289,6.2
2.0,1.0,1.5,3.0,0.4,,0.4,19,78.9,5.5,0.45,1.69,0.289,6.2
2.0,1.0,1.5,3.0,0.6,14400,0.2,19,78.9,5.5,0.45,1.69,0.289,6.2
2.0,1.0,1.5,3.0,0.6,,0.4,19,78.9,5.5,0.45,1.69,0.289,6.2
2.0,1.0,1.5,3.0,0.8,14400,0.2,19,78.9,5.5,0.45,1.69,0.289,6.2
2.0,1.0,1.5,3.0,0.8,,0.4,19,78.9,5.5,0.45,1.69,0.289,6.2
2.0,1.0,1.5,4.5,0.4,14400,0.2,19,78.9,5.5,0.45,1.69,0.289,6.2
2.0,1.0,1.5,4.5,0.4,,0.4,19,78.9,5.5,0.45,1.69,0.289,6.2
2.0,1.0,1.5,4.5,0.6,14400,0.2,19,78.9,5.5,0.45,1.69,0.289,6.2
2.0,1.0,1.5,4.5,0.6,,0.4,19,78.9,5.5,0.45,1.69,0.289,6.2
2.0,1.0,1.5,4.5,0.8,14400,0.2,19,78.9,5.5,0.45,1.69,0.289,6.2
2.0,1.0,1.5,4.5,0.8,,0.4,19,78.9,5.5,0.45,1.69,0.289,6.2
2.0,1.0,2.5,3.0,0.4,14400,0.2,19,78.9,5.5,0.45,1.69,0.289,6.2
2.0,1.0,2.5,3.0,0.4,,0.4,19,78.9,5.5,0.45,1.69,0.289,6.2
2.0,1.0,2.5,3.0,0.6,14400,0.2,19,78.9,5.5,0.45,1.69,0.289,6.2
2.0,1.0,2.5,3.0,0.6,,0.4,19,78.9,5.5,0.45,1.69,0.289,6.2
2.0,1.0,2.5,3.0,0.8,14400,0.2,19,78.9,5.5,0.45,1.69,0.289,6.2
2.0,1.0,2.5,3.0,0.8,,0.4,19,78.9,5.5,0.45,1.69,0.289,6.2
2.0,1.0,2.5,4.5,0.4,14400,0.2,19,78.9,5.5,0.45,1.69,0.289,6.2
2.0,1.0,2.5,4.5,0.4,,0.4,19,78.9,5.5,0.45,1.69,0.289,6.2
2.0,1.0,2.5,4.5,0.6,14400,0.2,19,78.9,5.5,0.45,1.69,0.289,6.2
2.0,1.0,2.5,4.5,0.6,,0.4,19,78.9,5.5,0.45,1.69,0.289,6.2
2.0,1.0,2.5,4.5,0.8,14400,0.2,19,78.9,5.5,0.45,1.69,0.289,6.2
2.0,1.0,2.5,4.5,0.8,,0.4,19,78.9,5.5,0.45,1.69,0.289,6.2
3.0,1.0,1.5,3.0,0.4,2400,0.2,18,77.8,5.2,0.53,1.84,0.289,5.1
3.0,1.0,1.5,3.0,0.6,2400,0.2,18,77.8,5.2,0.53,1.84,0.289,5.1
3.0,1.0,1.5,3.0,0.8,2400,0.2,18,77.8,5.2,0.53,1.84,0.289,5.1
3.0,1.0,1.5,4.5,0.4,2400,0.2,18,77.8,5.2,0.53,1.84,0.289,5.1
3.0,1.0,1.5,4.5,0.6,2400,0.2,18,77.8,5.2,0.53,1.84,0.289,5.1
3.0,1.0,1.5,4.5,0.8,2400,0.2,18,77.8,5.2,0.53,1.84,0.289,5.1
2.0,1.0,1.5,3.0,0.4,2400,0.2,21,71.4,6.04,0.79,1.97,0.288,4.26
2.0,1.0,1.5,3.0,0.6,2400,0.2,21,71.4,6.04,0.79,1.97,0.288,4.26
2.0,1.0,1.5,3.0,0.8,2400,0.2,21,71.4,6.04,0.79,1.97,0.288,4.26
2.0,1.0,1.5,4.5,0.4,2400,0.2,21,71.4,6.04,0.79,1.97,0.288,4.26
2.0,1.0,1.5,4.5,0.6,2400,0.2,21,71.4,6.04,0.79,1.97,0.288,4.26
2.0,1.0,1.5,4.5,0.8,2400,0.2,21,71.4,6.04,0.79,1.97,0.288,4.26
3.0,1.5,2.5,3.0,0.8,3600,0.4,19,73.7,5.46,0.67,1.87,0.287,4.65
3.0,1.5,2.5,4.5,0.8,3600,0.4,19,73.7,5.46,0.67,1.87,0.287,4.65
4.0,1.0,1.5,3.0,0.4,14400,0.2,16,87.5,4.6,0.23,1.58,0.287,7.1
4.0,1.0,1.5,3.0,0.4,,0.4,16,87.5,4.6,0.23,1.58,0.287,7.1
4.0,1.0,1.5,3.0,0.6,14400,0.2,16,87.5,4.6,0.23,1.58,0.287,7.1
4.0,1.0,1.5,3.0,0.6,,0.4,16,87.5,4.6,0.23,1.58,0.287,7.1
4.0,1.0,1.5,3.0,0.8,14400,0.2,16,87.5,4.6,0.23,1.58,0.287,7.1
4.0,1.0,1.5,3.0,0.8,,0.4,16,87.5,4.6,0.23,1.58,0.287,7.1
4.0,1.0,1.5,4.5,0.4,14400,0.2,16,87.5,4.6,0.23,1.58,0.287,7.1
4.0,1.0,1.5,4.5,0.4,,0.4,16,87.5,4.6,0.23,1.58,0.287,7.1
4.0,1.0,1.5,4.5,0.6,14400,0.2,16,87.5,4.6,0.23,1.58,0.287,7.1
4.0,1.0,1.5,4.5,0.6,,0.4,16,87.5,4.6,0.23,1.58,0.287,7.1
4.0,1.0,1.5,4.5,0.8,14400,0.2,16,87.5,4.6,0.23,1.58,0.287,7.1
4.0,1.0,1.5,4.5,0.8,,0.4,16,87.5,4.6,0.23,1.58,0.287,7.1
4.0,1.0,2.5,3.0,0.4,14400,0.2,16,87.5,4.6,0.23,1.58,0.287,7.1
4.0,1.0,2.5,3.0,0.4,,0.4,16,87.5,4.6,0.23,1.58,0.287,7.1
4.0,1.0,2.5,3.0,0.6,14400,0.2,16,87.5,4.6,0.23,1.58,0.287,7.1
4.0,1.0,2.5,3.0,0.6,,0.4,16,87.5,4.6,0.23,1.58,0.287,7.1
4.0,1.0,2.5,3.0,0.8,14400,0.2,16,87.5,4.6,0.23,1.58,0.287,7.1
4.0,1.0,2.5,3.0,0.8,,0.4,16,87.5,4.6,0.23,1.58,0.287,7.1
4.0,1.0,2.5,4.5,0.4,14400,0.2,16,87.5,4.6,0.23,1.58,0.287,7.1
4.0,1.0,2.5,4.5,0.4,,0.4,16,87.5,4.6,0.23,1.58,0.287,7.1
4.0,1.0,2.5,4.5,0.6,14400,0.2,16,87.5,4.6,0.23,1.58,0.287,7.1
4.0,1.0,2.5,4.5,0.6,,0.4,16,87.5,4.6,0.23,1.58,0.287,7.1
4.0,1.0,2.5,4.5,0.8,14400,0.2,16,87.5,4.6,0.23,1.58,0.287,7.1
4.0,1.0,2.5,4.5,0.8,,0.4,16,87.5,4.6,0.23,1.58,0.287,7.1
4.0,1.5,2.5,3.0,0.8,3600,0.2,17,76.5,4.79,0.49,1.59,0.282,7.55
4.0,1.5,2.5,4.5,0.8,3600,0.2,17,76.5,4.79,0.49,1.59,0.282,7.55
3.0,1.5,2.5,3.0,0.6,3600,0.4,21,76.2,5.87,0.61,1.94,0.28,4.65
3.0,1.5,2.5,4.5,0.6,3600,0.4,21,76.2,5.87,0.61,1.94,0.28,4.65
5.0,0.7,1.5,3.0,0.4,14400,0.2,16,93.8,4.45,0.13,1.89,0.278,5.0
5.0,0.7,1.5,3.0,0.4,,0.4,16,93.8,4.45,0.13,1.89,0.278,5.0
5.0,0.7,1.5,3.0,0.6,14400,0.2,16,93.8,4.45,0.13,1.89,0.278,5.0
5.0,0.7,1.5,3.0,0.6,,0.4,16,93.8,4.45,0.13,1.89,0.278,5.0
5.0,0.7,1.5,3.0,0.8,14400,0.2,16,93.8,4.45,0.13,1.89,0.278,5.0
5.0,0.7,1.5,3.0,0.8,,0.4,16,93.8,4.45,0.13,1.89,0.278,5.0
5.0,0.7,1.5,4.5,0.4,14400,0.2,16,93.8,4.45,0.13,1.89,0.278,5.0
5.0,0.7,1.5,4.5,0.4,,0.4,16,93.8,4.45,0.13,1.89,0.278,5.0
5.0,0.7,1.5,4.5,0.6,14400,0.2,16,93.8,4.45,0.13,1.89,0.278,5.0
5.0,0.7,1.5,4.5,0.6,,0.4,16,93.8,4.45,0.13,1.89,0.278,5.0
5.0,0.7,1.5,4.5,0.8,14400,0.2,16,93.8,4.45,0.13,1.89,0.278,5.0
5.0,0.7,1.5,4.5,0.8,,0.4,16,93.8,4.45,0.13,1.89,0.278,5.0
5.0,0.7,2.5,3.0,0.4,14400,0.2,16,93.8,4.45,0.13,1.89,0.278,5.0
5.0,0.7,2.5,3.0,0.4,,0.4,16,93.8,4.45,0.13,1.89,0.278,5.0
5.0,0.7,2.5,3.0,0.6,14400,0.2,16,93.8,4.45,0.13,1.89,0.278,5.0
5.0,0.7,2.5,3.0,0.6,,0.4,16,93.8,4.45,0.13,1.89,0.278,5.0
5.0,0.7,2.5,3.0,0.8,14400,0.2,16,93.8,4.45,0.13,1.89,0.278,5.0
5.0,0.7,2.5,3.0,0.8,,0.4,16,93.8,4.45,0.13,1.89,0.278,5.0
5.0,0.7,2.5,4.5,0.4,14400,0.2,16,93.8,4.45,0.13,1.89,0.278,5.0
5.0,0.7,2.5,4.5,0.4,,0.4,16,93.8,4.45,0.13,1.89,0.278,5.0
5.0,0.7,2.5,4.5,0.6,14400,0.2,16,93.8,4.45,0.13,1.89,0.278,5.0
5.0,0.7,2.5,4.5,0.6,,0.4,16,93.8,4.45,0.13,1.89,0.278,5.0
5.0,0.7,2.5,4.5,0.8,14400,0.2,16,93.8,4.45,0.13,1.89,0.278,5.0
5.0,0.7,2.5,4.5,0.8,,0.4,16,93.8,4.45,0.13,1.89,0.278,5.0
2.0,1.5,2.5,3.0,0.8,1200,0.2,27,63.0,7.47,1.27,2.17,0.277,4.0
2.0,1.5,2.5,4.5,0.8,1200,0.2,27,63.0,7.47,1.27,2.17,0.277,4.0
3.0,1.5,2.5,3.0,0.6,1200,0.2,23,65.2,6.32,1.07,2.01,0.275,4.65
3.0,1.5,2.5,4.5,0.6,1200,0.2,23,65.2,6.32,1.07,2.01,0.275,4.65
4.0,1.5,2.5,3.0,0.4,7200,0.4,19,84.2,5.15,0.31,1.64,0.271,7.91
4.0,1.5,2.5,4.5,0.4,7200,0.4,19,84.2,5.15,0.31,1.64,0.271,7.91
5.0,1.0,1.5,3.0,0.4,3600,0.4,19,78.9,5.13,0.53,1.98,0.27,5.0
5.0,1.0,1.5,3.0,0.6,3600,0.4,19,78.9,5.13,0.53,1.98,0.27,5.0
5.0,1.0,1.5,3.0,0.8,3600,0.4,19,78.9,5.13,0.53,1.98,0.27,5.0
5.0,1.0,1.5,4.5,0.4,3600,0.4,19,78.9,5.13,0.53,1.98,0.27,5.0
5.0,1.0,1.5,4.5,0.6,3600,0.4,19,78.9,5.13,0.53,1.98,0.27,5.0
5.0,1.0,1.5,4.5,0.8,3600,0.4,19,78.9,5.13,0.53,1.98,0.27,5.0
2.0,1.0,2.5,3.0,0.4,2400,0.2,21,71.4,5.59,0.76,1.9,0.266,4.26
2.0,1.0,2.5,3.0,0.6,2400,0.2,21,71.4,5.59,0.76,1.9,0.266,4.26
2.0,1.0,2.5,3.0,0.8,2400,0.2,21,71.4,5.59,0.76,1.9,0.266,4.26
2.0,1.0,2.5,4.5,0.4,2400,0.2,21,71.4,5.59,0.76,1.9,0.266,4.26
2.0,1.0,2.5,4.5,0.6,2400,0.2,21,71.4,5.59,0.76,1.9,0.266,4.26
2.0,1.0,2.5,4.5,0.8,2400,0.2,21,71.4,5.59,0.76,1.9,0.266,4.26
4.0,1.5,2.5,3.0,0.6,7200,0.4,19,84.2,5.04,0.31,1.63,0.265,7.91
4.0,1.5,2.5,4.5,0.6,7200,0.4,19,84.2,5.04,0.31,1.63,0.265,7.91
3.0,1.0,2.5,3.0,0.4,2400,0.2,18,77.8,4.75,0.51,1.77,0.264,5.1
3.0,1.0,2.5,3.0,0.6,2400,0.2,18,77.8,4.75,0.51,1.77,0.264,5.1
3.0,1.0,2.5,3.0,0.8,2400,0.2,18,77.8,4.75,0.51,1.77,0.264,5.1
3.0,1.0,2.5,4.5,0.4,2400,0.2,18,77.8,4.75,0.51,1.77,0.264,5.1
3.0,1.0,2.5,4.5,0.6,2400,0.2,18,77.8,4.75,0.51,1.77,0.264,5.1
3.0,1.0,2.5,4.5,0.8,2400,0.2,18,77.8,4.75,0.51,1.77,0.264,5.1
5.0,1.0,1.5,3.0,0.4,1200,0.2,21,66.7,5.42,1.02,2.03,0.258,5.0
5.0,1.0,1.5,3.0,0.6,1200,0.2,21,66.7,5.42,1.02,2.03,0.258,5.0
5.0,1.0,1.5,3.0,0.8,1200,0.2,21,66.7,5.42,1.02,2.03,0.258,5.0
5.0,1.0,1.5,4.5,0.4,1200,0.2,21,66.7,5.42,1.02,2.03,0.258,5.0
5.0,1.0,1.5,4.5,0.6,1200,0.2,21,66.7,5.42,1.02,2.03,0.258,5.0
5.0,1.0,1.5,4.5,0.8,1200,0.2,21,66.7,5.42,1.02,2.03,0.258,5.0
3.0,1.5,2.5,3.0,0.8,1200,0.2,24,62.5,6.11,1.17,1.95,0.255,4.65
3.0,1.5,2.5,4.5,0.8,1200,0.2,24,62.5,6.11,1.17,1.95,0.255,4.65
2.0,1.0,1.5,3.0,0.4,7200,0.4,22,77.3,5.46,0.49,1.68,0.248,6.2
2.0,1.0,1.5,3.0,0.6,7200,0.4,22,77.3,5.46,0.49,1.68,0.248,6.2
2.0,1.0,1.5,3.0,0.8,7200,0.4,22,77.3,5.46,0.49,1.68,0.248,6.2
2.0,1.0,1.5,4.5,0.4,7200,0.4,22,77.3,5.46,0.49,1.68,0.248,6.2
2.0,1.0,1.5,4.5,0.6,7200,0.4,22,77.3,5.46,0.49,1.68,0.248,6.2
2.0,1.0,1.5,4.5,0.8,7200,0.4,22,77.3,5.46,0.49,1.68,0.248,6.2
3.0,0.7,1.5,3.0,0.4,14400,0.2,19,89.5,4.71,0.21,1.79,0.248,4.74
3.0,0.7,1.5,3.0,0.4,,0.4,19,89.5,4.71,0.21,1.79,0.248,4.74
3.0,0.7,1.5,3.0,0.6,14400,0.2,19,89.5,4.71,0.21,1.79,0.248,4.74
3.0,0.7,1.5,3.0,0.6,,0.4,19,89.5,4.71,0.21,1.79,0.248,4.74
3.0,0.7,1.5,3.0,0.8,14400,0.2,19,89.5,4.71,0.21,1.79,0.248,4.74
3.0,0.7,1.5,3.0,0.8,,0.4,19,89.5,4.71,0.21,1.79,0.248,4.74
3.0,0.7,1.5,4.5,0.4,14400,0.2,19,89.5,4.71,0.21,1.79,0.248,4.74
3.0,0.7,1.5,4.5,0.4,,0.4,19,89.5,4.71,0.21,1.79,0.248,4.74
3.0,0.7,1.5,4.5,0.6,14400,0.2,19,89.5,4.71,0.21,1.79,0.248,4.74
3.0,0.7,1.5,4.5,0.6,,0.4,19,89.5,4.71,0.21,1.79,0.248,4.74
3.0,0.7,1.5,4.5,0.8,14400,0.2,19,89.5,4.71,0.21,1.79,0.248,4.74
3.0,0.7,1.5,4.5,0.8,,0.4,19,89.5,4.71,0.21,1.79,0.248,4.74
3.0,0.7,2.5,3.0,0.4,14400,0.2,19,89.5,4.71,0.21,1.79,0.248,4.74
3.0,0.7,2.5,3.0,0.4,,0.4,19,89.5,4.71,0.21,1.79,0.248,4.74
3.0,0.7,2.5,3.0,0.6,14400,0.2,19,89.5,4.71,0.21,1.79,0.248,4.74
3.0,0.7,2.5,3.0,0.6,,0.4,19,89.5,4.71,0.21,1.79,0.248,4.74
3.0,0.7,2.5,3.0,0.8,14400,0.2,19,89.5,4.71,0.21,1.79,0.248,4.74
3.0,0.7,2.5,3.0,0.8,,0.4,19,89.5,4.71,0.21,1.79,0.248,4.74
3.0,0.7,2.5,4.5,0.4,14400,0.2,19,89.5,4.71,0.21,1.79,0.248,4.74
3.0,0.7,2.5,4.5,0.4,,0.4,19,89.5,4.71,0.21,1.79,0.248,4.74
3.0,0.7,2.5,4.5,0.6,14400,0.2,19,89.5,4.71,0.21,1.79,0.248,4.74
3.0,0.7,2.5,4.5,0.6,,0.4,19,89.5,4.71,0.21,1.79,0.248,4.74
3.0,0.7,2.5,4.5,0.8,14400,0.2,19,89.5,4.71,0.21,1.79,0.248,4.74
3.0,0.7,2.5,4.5,0.8,,0.4,19,89.5,4.71,0.21,1.79,0.248,4.74
5.0,1.0,2.5,3.0,0.4,3600,0.4,19,78.9,4.68,0.5,1.89,0.246,5.0
5.0,1.0,2.5,3.0,0.6,3600,0.4,19,78.9,4.68,0.5,1.89,0.246,5.0
5.0,1.0,2.5,3.0,0.8,3600,0.4,19,78.9,4.68,0.5,1.89,0.246,5.0
5.0,1.0,2.5,4.5,0.4,3600,0.4,19,78.9,4.68,0.5,1.89,0.246,5.0
5.0,1.0,2.5,4.5,0.6,3600,0.4,19,78.9,4.68,0.5,1.89,0.246,5.0
5.0,1.0,2.5,4.5,0.8,3600,0.4,19,78.9,4.68,0.5,1.89,0.246,5.0
4.0,1.5,2.5,3.0,0.8,7200,0.4,19,78.9,4.62,0.41,1.56,0.243,7.91
4.0,1.5,2.5,4.5,0.8,7200,0.4,19,78.9,4.62,0.41,1.56,0.243,7.91
2.0,1.0,1.5,3.0,0.4,1200,0.2,26,65.4,6.23,1.06,2.0,0.24,4.19
2.0,1.0,1.5,3.0,0.6,1200,0.2,26,65.4,6.23,1.06,2.0,0.24,4.19
2.0,1.0,1.5,3.0,0.8,1200,0.2,26,65.4,6.23,1.06,2.0,0.24,4.19
2.0,1.0,1.5,4.5,0.4,1200,0.2,26,65.4,6.23,1.06,2.0,0.24,4.19
2.0,1.0,1.5,4.5,0.6,1200,0.2,26,65.4,6.23,1.06,2.0,0.24,4.19
2.0,1.0,1.5,4.5,0.8,1200,0.2,26,65.4,6.23,1.06,2.0,0.24,4.19
3.0,1.0,1.5,3.0,0.4,3600,0.4,21,76.2,5.03,0.56,1.81,0.24,5.1
3.0,1.0,1.5,3.0,0.6,3600,0.4,21,76.2,5.03,0.56,1.81,0.24,5.1
3.0,1.0,1.5,3.0,0.8,3600,0.4,21,76.2,5.03,0.56,1.81,0.24,5.1
3.0,1.0,1.5,4.5,0.4,3600,0.4,21,76.2,5.03,0.56,1.81,0.24,5.1
3.0,1.0,1.5,4.5,0.6,3600,0.4,21,76.2,5.03,0.56,1.81,0.24,5.1
3.0,1.0,1.5,4.5,0.8,3600,0.4,21,76.2,5.03,0.56,1.81,0.24,5.1
2.0,1.0,1.5,3.0,0.4,14400,0.4,21,76.2,5.02,0.51,1.62,0.239,6.2
2.0,1.0,1.5,3.0,0.6,14400,0.4,21,76.2,5.02,0.51,1.62,0.239,6.2
2.0,1.0,1.5,3.0,0.8,14400,0.4,21,76.2,5.02,0.51,1.62,0.239,6.2
2.0,1.0,1.5,4.5,0.4,14400,0.4,21,76.2,5.02,0.51,1.62,0.239,6.2
2.0,1.0,1.5,4.5,0.6,14400,0.4,21,76.2,5.02,0.51,1.62,0.239,6.2
2.0,1.0,1.5,4.5,0.8,14400,0.4,21,76.2,5.02,0.51,1.62,0.239,6.2
2.0,1.0,2.5,3.0,0.4,14400,0.4,21,76.2,5.02,0.51,1.62,0.239,6.2
2.0,1.0,2.5,3.0,0.6,14400,0.4,21,76.2,5.02,0.51,1.62,0.239,6.2
2.0,1.0,2.5,3.0,0.8,14400,0.4,21,76.2,5.02,0.51,1.62,0.239,6.2
2.0,1.0,2.5,4.5,0.4,14400,0.4,21,76.2,5.02,0.51,1.62,0.239,6.2
2.0,1.0,2.5,4.5,0.6,14400,0.4,21,76.2,5.02,0.51,1.62,0.239,6.2
2.0,1.0,2.5,4.5,0.8,14400,0.4,21,76.2,5.02,0.51,1.62,0.239,6.2
5.0,1.0,2.5,3.0,0.4,1200,0.2,21,66.7,4.97,0.97,1.95,0.237,5.0
5.0,1.0,2.5,3.0,0.6,1200,0.2,21,66.7,4.97,0.97,1.95,0.237,5.0
5.0,1.0,2.5,3.0,0.8,1200,0.2,21,66.7,4.97,0.97,1.95,0.237,5.0
5.0,1.0,2.5,4.5,0.4,1200,0.2,21,66.7,4.97,0.97,1.95,0.237,5.0
5.0,1.0,2.5,4.5,0.6,1200,0.2,21,66.7,4.97,0.97,1.95,0.237,5.0
5.0,1.0,2.5,4.5,0.8,1200,0.2,21,66.7,4.97,0.97,1.95,0.237,5.0
3.0,1.0,1.5,3.0,0.4,1200,0.2,23,65.2,5.32,0.99,1.85,0.231,5.1
3.0,1.0,1.5,3.0,0.6,1200,0.2,23,65.2,5.32,0.99,1.85,0.231,5.1
3.0,1.0,1.5,3.0,0.8,1200,0.2,23,65.2,5.32,0.99,1.85,0.231,5.1
3.0,1.0,1.5,4.5,0.4,1200,0.2,23,65.2,5.32,0.99,1.85,0.231,5.1
3.0,1.0,1.5,4.5,0.6,1200,0.2,23,65.2,5.32,0.99,1.85,0.231,5.1
3.0,1.0,1.5,4.5,0.8,1200,0.2,23,65.2,5.32,0.99,1.85,0.231,5.1
2.0,1.0,1.5,3.0,0.4,7200,0.2,20,75.0,4.6,0.52,1.57,0.23,6.2
2.0,1.0,1.5,3.0,0.6,7200,0.2,20,75.0,4.6,0.52,1.57,0.23,6.2
2.0,1.0,1.5,3.0,0.8,7200,0.2,20,75.0,4.6,0.52,1.57,0.23,6.2
2.0,1.0,1.5,4.5,0.4,7200,0.2,20,75.0,4.6,0.52,1.57,0.23,6.2
2.0,1.0,1.5,4.5,0.6,7200,0.2,20,75.0,4.6,0.52,1.57,0.23,6.2
2.0,1.0,1.5,4.5,0.8,7200,0.2,20,75.0,4.6,0.52,1.57,0.23,6.2
2.0,1.0,2.5,3.0,0.4,7200,0.2,20,75.0,4.6,0.52,1.57,0.23,6.2
2.0,1.0,2.5,3.0,0.6,7200,0.2,20,75.0,4.6,0.52,1.57,0.23,6.2
2.0,1.0,2.5,3.0,0.8,7200,0.2,20,75.0,4.6,0.52,1.57,0.23,6.2
2.0,1.0,2.5,4.5,0.4,7200,0.2,20,75.0,4.6,0.52,1.57,0.23,6.2
2.0,1.0,2.5,4.5,0.6,7200,0.2,20,75.0,4.6,0.52,1.57,0.23,6.2
2.0,1.0,2.5,4.5,0.8,7200,0.2,20,75.0,4.6,0.52,1.57,0.23,6.2
4.0,1.0,1.5,3.0,0.4,14400,0.4,18,83.3,4.12,0.3,1.51,0.229,7.1
4.0,1.0,1.5,3.0,0.6,14400,0.4,18,83.3,4.12,0.3,1.51,0.229,7.1
4.0,1.0,1.5,3.0,0.8,14400,0.4,18,83.3,4.12,0.3,1.51,0.229,7.1
4.0,1.0,1.5,4.5,0.4,14400,0.4,18,83.3,4.12,0.3,1.51,0.229,7.1
4.0,1.0,1.5,4.5,0.6,14400,0.4,18,83.3,4.12,0.3,1.51,0.229,7.1
4.0,1.0,1.5,4.5,0.8,14400,0.4,18,83.3,4.12,0.3,1.51,0.229,7.1
4.0,1.0,2.5,3.0,0.4,14400,0.4,18,83.3,4.12,0.3,1.51,0.229,7.1
4.0,1.0,2.5,3.0,0.6,14400,0.4,18,83.3,4.12,0.3,1.51,0.229,7.1
4.0,1.0,2.5,3.0,0.8,14400,0.4,18,83.3,4.12,0.3,1.51,0.229,7.1
4.0,1.0,2.5,4.5,0.4,14400,0.4,18,83.3,4.12,0.3,1.51,0.229,7.1
4.0,1.0,2.5,4.5,0.6,14400,0.4,18,83.3,4.12,0.3,1.51,0.229,7.1
4.0,1.0,2.5,4.5,0.8,14400,0.4,18,83.3,4.12,0.3,1.51,0.229,7.1
2.0,1.0,2.5,3.0,0.4,7200,0.4,22,77.3,5.01,0.48,1.62,0.228,6.2
2.0,1.0,2.5,3.0,0.6,7200,0.4,22,77.3,5.01,0.48,1.62,0.228,6.2
2.0,1.0,2.5,3.0,0.8,7200,0.4,22,77.3,5.01,0.48,1.62,0.228,6.2
2.0,1.0,2.5,4.5,0.4,7200,0.4,22,77.3,5.01,0.48,1.62,0.228,6.2
2.0,1.0,2.5,4.5,0.6,7200,0.4,22,77.3,5.01,0.48,1.62,0.228,6.2
2.0,1.0,2.5,4.5,0.8,7200,0.4,22,77.3,5.01,0.48,1.62,0.228,6.2
5.0,0.7,1.5,3.0,0.4,7200,0.2,17,88.2,3.82,0.23,1.76,0.225,5.0
5.0,0.7,1.5,3.0,0.6,7200,0.2,17,88.2,3.82,0.23,1.76,0.225,5.0
5.0,0.7,1.5,3.0,0.8,7200,0.2,17,88.2,3.82,0.23,1.76,0.225,5.0
5.0,0.7,1.5,4.5,0.4,7200,0.2,17,88.2,3.82,0.23,1.76,0.225,5.0
5.0,0.7,1.5,4.5,0.6,7200,0.2,17,88.2,3.82,0.23,1.76,0.225,5.0
5.0,0.7,1.5,4.5,0.8,7200,0.2,17,88.2,3.82,0.23,1.76,0.225,5.0
5.0,0.7,2.5,3.0,0.4,7200,0.2,17,88.2,3.82,0.23,1.76,0.225,5.0
5.0,0.7,2.5,3.0,0.6,7200,0.2,17,88.2,3.82,0.23,1.76,0.225,5.0
5.0,0.7,2.5,3.0,0.8,7200,0.2,17,88.2,3.82,0.23,1.76,0.225,5.0
5.0,0.7,2.5,4.5,0.4,7200,0.2,17,88.2,3.82,0.23,1.76,0.225,5.0
5.0,0.7,2.5,4.5,0.6,7200,0.2,17,88.2,3.82,0.23,1.76,0.225,5.0
5.0,0.7,2.5,4.5,0.8,7200,0.2,17,88.2,3.82,0.23,1.76,0.225,5.0
2.0,1.0,1.5,3.0,0.4,3600,0.2,20,70.0,4.45,0.66,1.55,0.222,6.2
2.0,1.0,1.5,3.0,0.6,3600,0.2,20,70.0,4.45,0.66,1.55,0.222,6.2
2.0,1.0,1.5,3.0,0.8,3600,0.2,20,70.0,4.45,0.66,1.55,0.222,6.2
2.0,1.0,1.5,4.5,0.4,3600,0.2,20,70.0,4.45,0.66,1.55,0.222,6.2
2.0,1.0,1.5,4.5,0.6,3600,0.2,20,70.0,4.45,0.66,1.55,0.222,6.2
2.0,1.0,1.5,4.5,0.8,3600,0.2,20,70.0,4.45,0.66,1.55,0.222,6.2
2.0,1.0,2.5,3.0,0.4,1200,0.2,26,65.4,5.78,1.02,1.93,0.222,4.19
2.0,1.0,2.5,3.0,0.4,3600,0.2,20,70.0,4.45,0.66,1.55,0.222,6.2
2.0,1.0,2.5,3.0,0.6,1200,0.2,26,65.4,5.78,1.02,1.93,0.222,4.19
2.0,1.0,2.5,3.0,0.6,3600,0.2,20,70.0,4.45,0.66,1.55,0.222,6.2
2.0,1.0,2.5,3.0,0.8,1200,0.2,26,65.4,5.78,1.02,1.93,0.222,4.19
2.0,1.0,2.5,3.0,0.8,3600,0.2,20,70.0,4.45,0.66,1.55,0.222,6.2
2.0,1.0,2.5,4.5,0.4,1200,0.2,26,65.4,5.78,1.02,1.93,0.222,4.19
2.0,1.0,2.5,4.5,0.4,3600,0.2,20,70.0,4.45,0.66,1.55,0.222,6.2
2.0,1.0,2.5,4.5,0.6,1200,0.2,26,65.4,5.78,1.02,1.93,0.222,4.19
2.0,1.0,2.5,4.5,0.6,3600,0.2,20,70.0,4.45,0.66,1.55,0.222,6.2
2.0,1.0,2.5,4.5,0.8,1200,0.2,26,65.4,5.78,1.02,1.93,0.222,4.19
2.0,1.0,2.5,4.5,0.8,3600,0.2,20,70.0,4.45,0.66,1.55,0.222,6.2
2.0,1.5,2.5,3.0,0.8,3600,0.4,22,68.2,4.81,0.74,1.58,0.219,5.3
2.0,1.5,2.5,4.5,0.8,3600,0.4,22,68.2,4.81,0.74,1.58,0.219,5.3
2.0,1.5,2.5,3.0,0.6,3600,0.4,24,70.8,5.22,0.67,1.63,0.218,5.3
2.0,1.5,2.5,4.5,0.6,3600,0.4,24,70.8,5.22,0.67,1.63,0.218,5.3
3.0,1.0,2.5,3.0,0.4,3600,0.4,21,76.2,4.58,0.54,1.73,0.218,5.1
3.0,1.0,2.5,3.0,0.6,3600,0.4,21,76.2,4.58,0.54,1.73,0.218,5.1
3.0,1.0,2.5,3.0,0.8,3600,0.4,21,76.2,4.58,0.54,1.73,0.218,5.1
3.0,1.0,2.5,4.5,0.4,3600,0.4,21,76.2,4.58,0.54,1.73,0.218,5.1
3.0,1.0,2.5,4.5,0.6,3600,0.4,21,76.2,4.58,0.54,1.73,0.218,5.1
3.0,1.0,2.5,4.5,0.8,3600,0.4,21,76.2,4.58,0.54,1.73,0.218,5.1
4.0,1.0,1.5,3.0,0.4,7200,0.2,17,82.4,3.7,0.31,1.46,0.218,7.1
4.0,1.0,1.5,3.0,0.6,7200,0.2,17,82.4,3.7,0.31,1.46,0.218,7.1
4.0,1.0,1.5,3.0,0.8,7200,0.2,17,82.4,3.7,0.31,1.46,0.218,7.1
4.0,1.0,1.5,4.5,0.4,7200,0.2,17,82.4,3.7,0.31,1.46,0.218,7.1
4.0,1.0,1.5,4.5,0.6,7200,0.2,17,82.4,3.7,0.31,1.46,0.218,7.1
4.0,1.0,1.5,4.5,0.8,7200,0.2,17,82.4,3.7,0.31,1.46,0.218,7.1
4.0,1.0,2.5,3.0,0.4,7200,0.2,17,82.4,3.7,0.31,1.46,0.218,7.1
4.0,1.0,2.5,3.0,0.6,7200,0.2,17,82.4,3.7,0.31,1.46,0.218,7.1
4.0,1.0,2.5,3.0,0.8,7200,0.2,17,82.4,3.7,0.31,1.46,0.218,7.1
4.0,1.0,2.5,4.5,0.4,7200,0.2,17,82.4,3.7,0.31,1.46,0.218,7.1
4.0,1.0,2.5,4.5,0.6,7200,0.2,17,82.4,3.7,0.31,1.46,0.218,7.1
4.0,1.0,2.5,4.5,0.8,7200,0.2,17,82.4,3.7,0.31,1.46,0.218,7.1
5.0,0.7,1.5,3.0,0.4,7200,0.4,21,85.7,4.58,0.31,1.86,0.218,5.0
5.0,0.7,1.5,3.0,0.6,7200,0.4,21,85.7,4.58,0.31,1.86,0.218,5.0
5.0,0.7,1.5,3.0,0.8,7200,0.4,21,85.7,4.58,0.31,1.86,0.218,5.0
5.0,0.7,1.5,4.5,0.4,7200,0.4,21,85.7,4.58,0.31,1.86,0.218,5.0
5.0,0.7,1.5,4.5,0.6,7200,0.4,21,85.7,4.58,0.31,1.86,0.218,5.0
5.0,0.7,1.5,4.5,0.8,7200,0.4,21,85.7,4.58,0.31,1.86,0.218,5.0
5.0,0.7,2.5,3.0,0.4,7200,0.4,21,85.7,4.58,0.31,1.86,0.218,5.0
5.0,0.7,2.5,3.0,0.6,7200,0.4,21,85.7,4.58,0.31,1.86,0.218,5.0
5.0,0.7,2.5,3.0,0.8,7200,0.4,21,85.7,4.58,0.31,1.86,0.218,5.0
5.0,0.7,2.5,4.5,0.4,7200,0.4,21,85.7,4.58,0.31,1.86,0.218,5.0
5.0,0.7,2.5,4.5,0.6,7200,0.4,21,85.7,4.58,0.31,1.86,0.218,5.0
5.0,0.7,2.5,4.5,0.8,7200,0.4,21,85.7,4.58,0.31,1.86,0.218,5.0
5.0,0.7,1.5,3.0,0.4,3600,0.2,17,82.4,3.67,0.37,1.71,0.216,5.0
5.0,0.7,1.5,3.0,0.6,3600,0.2,17,82.4,3.67,0.37,1.71,0.216,5.0
5.0,0.7,1.5,3.0,0.8,3600,0.2,17,82.4,3.67,0.37,1.71,0.216,5.0
5.0,0.7,1.5,4.5,0.4,3600,0.2,17,82.4,3.67,0.37,1.71,0.216,5.0
5.0,0.7,1.5,4.5,0.6,3600,0.2,17,82.4,3.67,0.37,1.71,0.216,5.0
5.0,0.7,1.5,4.5,0.8,3600,0.2,17,82.4,3.67,0.37,1.71,0.216,5.0
5.0,0.7,2.5,3.0,0.4,3600,0.2,17,82.4,3.67,0.37,1.71,0.216,5.0
5.0,0.7,2.5,3.0,0.6,3600,0.2,17,82.4,3.67,0.37,1.71,0.216,5.0
5.0,0.7,2.5,3.0,0.8,3600,0.2,17,82.4,3.67,0.37,1.71,0.216,5.0
5.0,0.7,2.5,4.5,0.4,3600,0.2,17,82.4,3.67,0.37,1.71,0.216,5.0
5.0,0.7,2.5,4.5,0.6,3600,0.2,17,82.4,3.67,0.37,1.71,0.216,5.0
5.0,0.7,2.5,4.5,0.8,3600,0.2,17,82.4,3.67,0.37,1.71,0.216,5.0
2.0,1.5,2.5,3.0,0.4,3600,0.4,24,70.8,5.16,0.67,1.63,0.215,5.73
2.0,1.5,2.5,4.5,0.4,3600,0.4,24,70.8,5.16,0.67,1.63,0.215,5.73
4.0,1.5,2.5,3.0,0.8,14400,0.8,28,71.4,5.96,0.77,1.93,0.213,4.4
4.0,1.5,2.5,4.5,0.8,14400,0.8,28,71.4,5.96,0.77,1.93,0.213,4.4
3.0,1.0,2.5,3.0,0.4,1200,0.2,23,65.2,4.87,0.95,1.78,0.212,5.1
3.0,1.0,2.5,3.0,0.6,1200,0.2,23,65.2,4.87,0.95,1.78,0.212,5.1
3.0,1.0,2.5,3.0,0.8,1200,0.2,23,65.2,4.87,0.95,1.78,0.212,5.1
3.0,1.0,2.5,4.5,0.4,1200,0.2,23,65.2,4.87,0.95,1.78,0.212,5.1
3.0,1.0,2.5,4.5,0.6,1200,0.2,23,65.2,4.87,0.95,1.78,0.212,5.1
3.0,1.0,2.5,4.5,0.8,1200,0.2,23,65.2,4.87,0.95,1.78,0.212,5.1
5.0,0.7,1.5,3.0,0.4,14400,0.4,17,88.2,3.61,0.23,1.71,0.212,5.0
5.0,0.7,1.5,3.0,0.6,14400,0.4,17,88.2,3.61,0.23,1.71,0.212,5.0
5.0,0.7,1.5,3.0,0.8,14400,0.4,17,88.2,3.61,0.23,1.71,0.212,5.0
5.0,0.7,1.5,4.5,0.4,14400,0.4,17,88.2,3.61,0.23,1.71,0.212,5.0
5.0,0.7,1.5,4.5,0.6,14400,0.4,17,88.2,3.61,0.23,1.71,0.212,5.0
5.0,0.7,1.5,4.5,0.8,14400,0.4,17,88.2,3.61,0.23,1.71,0.212,5.0
5.0,0.7,2.5,3.0,0.4,14400,0.4,17,88.2,3.61,0.23,1.71,0.212,5.0
5.0,0.7,2.5,3.0,0.6,14400,0.4,17,88.2,3.61,0.23,1.71,0.212,5.0
5.0,0.7,2.5,3.0,0.8,14400,0.4,17,88.2,3.61,0.23,1.71,0.212,5.0
5.0,0.7,2.5,4.5,0.4,14400,0.4,17,88.2,3.61,0.23,1.71,0.212,5.0
5.0,0.7,2.5,4.5,0.6,14400,0.4,17,88.2,3.61,0.23,1.71,0.212,5.0
5.0,0.7,2.5,4.5,0.8,14400,0.4,17,88.2,3.61,0.23,1.71,0.212,5.0
4.0,1.0,1.5,3.0,0.4,3600,0.2,17,76.5,3.55,0.44,1.44,0.209,7.1
4.0,1.0,1.5,3.0,0.6,3600,0.2,17,76.5,3.55,0.44,1.44,0.209,7.1
4.0,1.0,1.5,3.0,0.8,3600,0.2,17,76.5,3.55,0.44,1.44,0.209,7.1
4.0,1.0,1.5,4.5,0.4,3600,0.2,17,76.5,3.55,0.44,1.44,0.209,7.1
4.0,1.0,1.5,4.5,0.6,3600,0.2,17,76.5,3.55,0.44,1.44,0.209,7.1
4.0,1.0,1.5,4.5,0.8,3600,0.2,17,76.5,3.55,0.44,1.44,0.209,7.1
4.0,1.0,2.5,3.0,0.4,3600,0.2,17,76.5,3.55,0.44,1.44,0.209,7.1
4.0,1.0,2.5,3.0,0.6,3600,0.2,17,76.5,3.55,0.44,1.44,0.209,7.1
4.0,1.0,2.5,3.0,0.8,3600,0.2,17,76.5,3.55,0.44,1.44,0.209,7.1
4.0,1.0,2.5,4.5,0.4,3600,0.2,17,76.5,3.55,0.44,1.44,0.209,7.1
4.0,1.0,2.5,4.5,0.6,3600,0.2,17,76.5,3.55,0.44,1.44,0.209,7.1
4.0,1.0,2.5,4.5,0.8,3600,0.2,17,76.5,3.55,0.44,1.44,0.209,7.1
3.0,0.7,1.5,3.0,0.4,7200,0.2,20,85.0,4.08,0.3,1.68,0.204,4.74
3.0,0.7,1.5,3.0,0.6,7200,0.2,20,85.0,4.08,0.3,1.68,0.204,4.74
3.0,0.7,1.5,3.0,0.8,7200,0.2,20,85.0,4.08,0.3,1.68,0.204,4.74
3.0,0.7,1.5,4.5,0.4,7200,0.2,20,85.0,4.08,0.3,1.68,0.204,4.74
3.0,0.7,1.5,4.5,0.6,7200,0.2,20,85.0,4.08,0.3,1.68,0.204,4.74
3.0,0.7,1.5,4.5,0.8,7200,0.2,20,85.0,4.08,0.3,1.68,0.204,4.74
3.0,0.7,2.5,3.0,0.4,7200,0.2,20,85.0,4.08,0.3,1.68,0.204,4.74
3.0,0.7,2.5,3.0,0.6,7200,0.2,20,85.0,4.08,0.3,1.68,0.204,4.74
3.0,0.7,2.5,3.0,0.8,7200,0.2,20,85.0,4.08,0.3,1.68,0.204,4.74
3.0,0.7,2.5,4.5,0.4,7200,0.2,20,85.0,4.08,0.3,1.68,0.204,4.74
3.0,0.7,2.5,4.5,0.6,7200,0.2,20,85.0,4.08,0.3,1.68,0.204,4.74
3.0,0.7,2.5,4.5,0.8,7200,0.2,20,85.0,4.08,0.3,1.68,0.204,4.74
5.0,0.7,1.5,3.0,0.4,2400,0.2,19,84.2,3.77,0.32,1.73,0.198,5.0
5.0,0.7,1.5,3.0,0.6,2400,0.2,19,84.2,3.77,0.32,1.73,0.198,5.0
5.0,0.7,1.5,3.0,0.8,2400,0.2,19,84.2,3.77,0.32,1.73,0.198,5.0
5.0,0.7,1.5,4.5,0.4,2400,0.2,19,84.2,3.77,0.32,1.73,0.198,5.0
5.0,0.7,1.5,4.5,0.6,2400,0.2,19,84.2,3.77,0.32,1.73,0.198,5.0
5.0,0.7,1.5,4.5,0.8,2400,0.2,19,84.2,3.77,0.32,1.73,0.198,5.0
5.0,0.7,2.5,3.0,0.4,2400,0.2,19,84.2,3.77,0.32,1.73,0.198,5.0
5.0,0.7,2.5,3.0,0.6,2400,0.2,19,84.2,3.77,0.32,1.73,0.198,5.0
5.0,0.7,2.5,3.0,0.8,2400,0.2,19,84.2,3.77,0.32,1.73,0.198,5.0
5.0,0.7,2.5,4.5,0.4,2400,0.2,19,84.2,3.77,0.32,1.73,0.198,5.0
5.0,0.7,2.5,4.5,0.6,2400,0.2,19,84.2,3.77,0.32,1.73,0.198,5.0
5.0,0.7,2.5,4.5,0.8,2400,0.2,19,84.2,3.77,0.32,1.73,0.198,5.0
4.0,1.0,1.5,3.0,0.4,7200,0.4,19,84.2,3.75,0.28,1.47,0.197,7.91
4.0,1.0,1.5,3.0,0.6,7200,0.4,19,84.2,3.75,0.28,1.47,0.197,7.91
4.0,1.0,1.5,3.0,0.8,7200,0.4,19,84.2,3.75,0.28,1.47,0.197,7.91
4.0,1.0,1.5,4.5,0.4,7200,0.4,19,84.2,3.75,0.28,1.47,0.197,7.91
4.0,1.0,1.5,4.5,0.6,7200,0.4,19,84.2,3.75,0.28,1.47,0.197,7.91
4.0,1.0,1.5,4.5,0.8,7200,0.4,19,84.2,3.75,0.28,1.47,0.197,7.91
3.0,0.7,1.5,3.0,0.4,3600,0.2,20,80.0,3.93,0.41,1.64,0.196,4.74
3.0,0.7,1.5,3.0,0.6,3600,0.2,20,80.0,3.93,0.41,1.64,0.196,4.74
3.0,0.7,1.5,3.0,0.8,3600,0.2,20,80.0,3.93,0.41,1.64,0.196,4.74
3.0,0.7,1.5,4.5,0.4,3600,0.2,20,80.0,3.93,0.41,1.64,0.196,4.74
3.0,0.7,1.5,4.5,0.6,3600,0.2,20,80.0,3.93,0.41,1.64,0.196,4.74
3.0,0.7,1.5,4.5,0.8,3600,0.2,20,80.0,3.93,0.41,1.64,0.196,4.74
3.0,0.7,2.5,3.0,0.4,3600,0.2,20,80.0,3.93,0.41,1.64,0.196,4.74
3.0,0.7,2.5,3.0,0.6,3600,0.2,20,80.0,3.93,0.41,1.64,0.196,4.74
3.0,0.7,2.5,3.0,0.8,3600,0.2,20,80.0,3.93,0.41,1.64,0.196,4.74
3.0,0.7,2.5,4.5,0.4,3600,0.2,20,80.0,3.93,0.41,1.64,0.196,4.74
3.0,0.7,2.5,4.5,0.6,3600,0.2,20,80.0,3.93,0.41,1.64,0.196,4.74
3.0,0.7,2.5,4.5,0.8,3600,0.2,20,80.0,3.93,0.41,1.64,0.196,4.74
3.0,0.7,1.5,3.0,0.4,14400,0.4,20,85.0,3.87,0.29,1.63,0.194,4.74
3.0,0.7,1.5,3.0,0.6,14400,0.4,20,85.0,3.87,0.29,1.63,0.194,4.74
3.0,0.7,1.5,3.0,0.8,14400,0.4,20,85.0,3.87,0.29,1.63,0.194,4.74
3.0,0.7,1.5,4.5,0.4,14400,0.4,20,85.0,3.87,0.29,1.63,0.194,4.74
3.0,0.7,1.5,4.5,0.6,14400,0.4,20,85.0,3.87,0.29,1.63,0.194,4.74
3.0,0.7,1.5,4.5,0.8,14400,0.4,20,85.0,3.87,0.29,1.63,0.194,4.74
3.0,0.7,2.5,3.0,0.4,14400,0.4,20,85.0,3.87,0.29,1.63,0.194,4.74
3.0,0.7,2.5,3.0,0.6,14400,0.4,20,85.0,3.87,0.29,1.63,0.194,4.74
3.0,0.7,2.5,3.0,0.8,14400,0.4,20,85.0,3.87,0.29,1.63,0.194,4.74
3.0,0.7,2.5,4.5,0.4,14400,0.4,20,85.0,3.87,0.29,1.63,0.194,4.74
3.0,0.7,2.5,4.5,0.6,14400,0.4,20,85.0,3.87,0.29,1.63,0.194,4.74
3.0,0.7,2.5,4.5,0.8,14400,0.4,20,85.0,3.87,0.29,1.63,0.194,4.74
4.0,1.5,2.5,3.0,0.4,2400,0.2,18,72.2,3.5,0.55,1.43,0.194,8.01
4.0,1.5,2.5,4.5,0.4,2400,0.2,18,72.2,3.5,0.55,1.43,0.194,8.01
3.0,0.7,1.5,3.0,0.4,7200,0.4,24,83.3,4.3,0.34,1.68,0.179,5.28
3.0,0.7,1.5,3.0,0.6,7200,0.4,24,83.3,4.3,0.34,1.68,0.179,5.28
3.0,0.7,1.5,3.0,0.8,7200,0.4,24,83.3,4.3,0.34,1.68,0.179,5.28
3.0,0.7,1.5,4.5,0.4,7200,0.4,24,83.3,4.3,0.34,1.68,0.179,5.28
3.0,0.7,1.5,4.5,0.6,7200,0.4,24,83.3,4.3,0.34,1.68,0.179,5.28
3.0,0.7,1.5,4.5,0.8,7200,0.4,24,83.3,4.3,0.34,1.68,0.179,5.28
3.0,0.7,2.5,3.0,0.4,7200,0.4,24,83.3,4.3,0.34,1.68,0.179,5.28
3.0,0.7,2.5,3.0,0.6,7200,0.4,24,83.3,4.3,0.34,1.68,0.179,5.28
3.0,0.7,2.5,3.0,0.8,7200,0.4,24,83.3,4.3,0.34,1.68,0.179,5.28
3.0,0.7,2.5,4.5,0.4,7200,0.4,24,83.3,4.3,0.34,1.68,0.179,5.28
3.0,0.7,2.5,4.5,0.6,7200,0.4,24,83.3,4.3,0.34,1.68,0.179,5.28
3.0,0.7,2.5,4.5,0.8,7200,0.4,24,83.3,4.3,0.34,1.68,0.179,5.28
2.0,0.7,1.5,3.0,0.4,2400,0.2,26,73.1,4.59,0.64,1.73,0.177,4.18
2.0,0.7,1.5,3.0,0.6,2400,0.2,26,73.1,4.59,0.64,1.73,0.177,4.18
2.0,0.7,1.5,3.0,0.8,2400,0.2,26,73.1,4.59,0.64,1.73,0.177,4.18
2.0,0.7,1.5,4.5,0.4,2400,0.2,26,73.1,4.59,0.64,1.73,0.177,4.18
2.0,0.7,1.5,4.5,0.6,2400,0.2,26,73.1,4.59,0.64,1.73,0.177,4.18
2.0,0.7,1.5,4.5,0.8,2400,0.2,26,73.1,4.59,0.64,1.73,0.177,4.18
2.0,0.7,2.5,3.0,0.4,2400,0.2,26,73.1,4.59,0.64,1.73,0.177,4.18
2.0,0.7,2.5,3.0,0.6,2400,0.2,26,73.1,4.59,0.64,1.73,0.177,4.18
2.0,0.7,2.5,3.0,0.8,2400,0.2,26,73.1,4.59,0.64,1.73,0.177,4.18
2.0,0.7,2.5,4.5,0.4,2400,0.2,26,73.1,4.59,0.64,1.73,0.177,4.18
2.0,0.7,2.5,4.5,0.6,2400,0.2,26,73.1,4.59,0.64,1.73,0.177,4.18
2.0,0.7,2.5,4.5,0.8,2400,0.2,26,73.1,4.59,0.64,1.73,0.177,4.18
5.0,1.5,2.5,3.0,0.8,14400,0.8,28,71.4,4.96,0.67,1.67,0.177,5.4
5.0,1.5,2.5,4.5,0.8,14400,0.8,28,71.4,4.96,0.67,1.67,0.177,5.4
4.0,1.0,2.5,3.0,0.4,7200,0.4,19,84.2,3.3,0.26,1.41,0.174,7.91
4.0,1.0,2.5,3.0,0.6,7200,0.4,19,84.2,3.3,0.26,1.41,0.174,7.91
4.0,1.0,2.5,3.0,0.8,7200,0.4,19,84.2,3.3,0.26,1.41,0.174,7.91
4.0,1.0,2.5,4.5,0.4,7200,0.4,19,84.2,3.3,0.26,1.41,0.174,7.91
4.0,1.0,2.5,4.5,0.6,7200,0.4,19,84.2,3.3,0.26,1.41,0.174,7.91
4.0,1.0,2.5,4.5,0.8,7200,0.4,19,84.2,3.3,0.26,1.41,0.174,7.91
4.0,1.5,2.5,3.0,0.6,2400,0.2,18,72.2,3.13,0.53,1.38,0.174,8.01
4.0,1.5,2.5,4.5,0.6,2400,0.2,18,72.2,3.13,0.53,1.38,0.174,8.01
2.0,0.7,1.5,3.0,0.4,14400,0.2,23,82.6,3.97,0.32,1.5,0.173,5.48
2.0,0.7,1.5,3.0,0.4,,0.4,23,82.6,3.97,0.32,1.5,0.173,5.48
2.0,0.7,1.5,3.0,0.6,14400,0.2,23,82.6,3.97,0.32,1.5,0.173,5.48
2.0,0.7,1.5,3.0,0.6,,0.4,23,82.6,3.97,0.32,1.5,0.173,5.48
2.0,0.7,1.5,3.0,0.8,14400,0.2,23,82.6,3.97,0.32,1.5,0.173,5.48
2.0,0.7,1.5,3.0,0.8,,0.4,23,82.6,3.97,0.32,1.5,0.173,5.48
2.0,0.7,1.5,4.5,0.4,14400,0.2,23,82.6,3.97,0.32,1.5,0.173,5.48
2.0,0.7,1.5,4.5,0.4,,0.4,23,82.6,3.97,0.32,1.5,0.173,5.48
2.0,0.7,1.5,4.5,0.6,14400,0.2,23,82.6,3.97,0.32,1.5,0.173,5.48
2.0,0.7,1.5,4.5,0.6,,0.4,23,82.6,3.97,0.32,1.5,0.173,5.48
2.0,0.7,1.5,4.5,0.8,14400,0.2,23,82.6,3.97,0.32,1.5,0.173,5.48
2.0,0.7,1.5,4.5,0.8,,0.4,23,82.6,3.97,0.32,1.5,0.173,5.48
2.0,0.7,2.5,3.0,0.4,14400,0.2,23,82.6,3.97,0.32,1.5,0.173,5.48
2.0,0.7,2.5,3.0,0.4,,0.4,23,82.6,3.97,0.32,1.5,0.173,5.48
2.0,0.7,2.5,3.0,0.6,14400,0.2,23,82.6,3.97,0.32,1.5,0.173,5.48
2.0,0.7,2.5,3.0,0.6,,0.4,23,82.6,3.97,0.32,1.5,0.173,5.48
2.0,0.7,2.5,3.0,0.8,14400,0.2,23,82.6,3.97,0.32,1.5,0.173,5.48
2.0,0.7,2.5,3.0,0.8,,0.4,23,82.6,3.97,0.32,1.5,0.173,5.48
2.0,0.7,2.5,4.5,0.4,14400,0.2,23,82.6,3.97,0.32,1.5,0.173,5.48
2.0,0.7,2.5,4.5,0.4,,0.4,23,82.6,3.97,0.32,1.5,0.173,5.48
2.0,0.7,2.5,4.5,0.6,14400,0.2,23,82.6,3.97,0.32,1.5,0.173,5.48
2.0,0.7,2.5,4.5,0.6,,0.4,23,82.6,3.97,0.32,1.5,0.173,5.48
2.0,0.7,2.5,4.5,0.8,14400,0.2,23,82.6,3.97,0.32,1.5,0.173,5.48
2.0,0.7,2.5,4.5,0.8,,0.4,23,82.6,3.97,0.32,1.5,0.173,5.48
4.0,1.5,2.5,3.0,0.8,2400,0.2,18,72.2,3.08,0.53,1.38,0.171,8.01
4.0,1.5,2.5,4.5,0.8,2400,0.2,18,72.2,3.08,0.53,1.38,0.171,8.01
2.0,1.0,1.5,3.0,0.4,3600,0.4,24,70.8,3.93,0.61,1.48,0.164,6.2
2.0,1.0,1.5,3.0,0.6,3600,0.4,24,70.8,3.93,0.61,1.48,0.164,6.2
2.0,1.0,1.5,3.0,0.8,3600,0.4,24,70.8,3.93,0.61,1.48,0.164,6.2
2.0,1.0,1.5,4.5,0.4,3600,0.4,24,70.8,3.93,0.61,1.48,0.164,6.2
2.0,1.0,1.5,4.5,0.6,3600,0.4,24,70.8,3.93,0.61,1.48,0.164,6.2
2.0,1.0,1.5,4.5,0.8,3600,0.4,24,70.8,3.93,0.61,1.48,0.164,6.2
2.0,1.5,2.5,3.0,0.6,2400,0.4,30,70.0,4.81,0.74,1.73,0.16,4.0
2.0,1.5,2.5,4.5,0.6,2400,0.4,30,70.0,4.81,0.74,1.73,0.16,4.0
2.0,1.5,2.5,3.0,0.4,2400,0.4,30,70.0,4.75,0.74,1.72,0.158,4.0
2.0,1.5,2.5,4.5,0.4,2400,0.4,30,70.0,4.75,0.74,1.72,0.158,4.0
2.0,1.5,2.5,3.0,0.8,2400,0.4,28,67.9,4.32,0.78,1.65,0.154,4.0
2.0,1.5,2.5,4.5,0.8,2400,0.4,28,67.9,4.32,0.78,1.65,0.154,4.0
3.0,0.7,1.5,3.0,0.4,2400,0.2,22,77.3,3.39,0.46,1.55,0.154,5.38
3.0,0.7,1.5,3.0,0.6,2400,0.2,22,77.3,3.39,0.46,1.55,0.154,5.38
3.0,0.7,1.5,3.0,0.8,2400,0.2,22,77.3,3.39,0.46,1.55,0.154,5.38
3.0,0.7,1.5,4.5,0.4,2400,0.2,22,77.3,3.39,0.46,1.55,0.154,5.38
3.0,0.7,1.5,4.5,0.6,2400,0.2,22,77.3,3.39,0.46,1.55,0.154,5.38
3.0,0.7,1.5,4.5,0.8,2400,0.2,22,77.3,3.39,0.46,1.55,0.154,5.38
3.0,0.7,2.5,3.0,0.4,2400,0.2,22,77.3,3.39,0.46,1.55,0.154,5.38
3.0,0.7,2.5,3.0,0.6,2400,0.2,22,77.3,3.39,0.46,1.55,0.154,5.38
3.0,0.7,2.5,3.0,0.8,2400,0.2,22,77.3,3.39,0.46,1.55,0.154,5.38
3.0,0.7,2.5,4.5,0.4,2400,0.2,22,77.3,3.39,0.46,1.55,0.154,5.38
3.0,0.7,2.5,4.5,0.6,2400,0.2,22,77.3,3.39,0.46,1.55,0.154,5.38
3.0,0.7,2.5,4.5,0.8,2400,0.2,22,77.3,3.39,0.46,1.55,0.154,5.38
5.0,0.7,1.5,3.0,0.4,3600,0.4,21,81.0,3.24,0.38,1.62,0.154,5.0
5.0,0.7,1.5,3.0,0.6,3600,0.4,21,81.0,3.24,0.38,1.62,0.154,5.0
5.0,0.7,1.5,3.0,0.8,3600,0.4,21,81.0,3.24,0.38,1.62,0.154,5.0
5.0,0.7,1.5,4.5,0.4,3600,0.4,21,81.0,3.24,0.38,1.62,0.154,5.0
5.0,0.7,1.5,4.5,0.6,3600,0.4,21,81.0,3.24,0.38,1.62,0.154,5.0
5.0,0.7,1.5,4.5,0.8,3600,0.4,21,81.0,3.24,0.38,1.62,0.154,5.0
5.0,0.7,2.5,3.0,0.4,3600,0.4,21,81.0,3.24,0.38,1.62,0.154,5.0
5.0,0.7,2.5,3.0,0.6,3600,0.4,21,81.0,3.24,0.38,1.62,0.154,5.0
5.0,0.7,2.5,3.0,0.8,3600,0.4,21,81.0,3.24,0.38,1.62,0.154,5.0
5.0,0.7,2.5,4.5,0.4,3600,0.4,21,81.0,3.24,0.38,1.62,0.154,5.0
5.0,0.7,2.5,4.5,0.6,3600,0.4,21,81.0,3.24,0.38,1.62,0.154,5.0
5.0,0.7,2.5,4.5,0.8,3600,0.4,21,81.0,3.24,0.38,1.62,0.154,5.0
4.0,1.5,2.5,3.0,0.4,1200,0.2,23,65.2,3.46,0.76,1.42,0.15,7.97
4.0,1.5,2.5,3.0,0.4,3600,0.4,21,76.2,3.16,0.43,1.38,0.15,7.73
4.0,1.5,2.5,4.5,0.4,1200,0.2,23,65.2,3.46,0.76,1.42,0.15,7.97
4.0,1.5,2.5,4.5,0.4,3600,0.4,21,76.2,3.16,0.43,1.38,0.15,7.73
3.0,1.5,2.5,3.0,0.8,14400,0.8,30,70.0,4.41,0.65,1.52,0.147,5.86
3.0,1.5,2.5,4.5,0.8,14400,0.8,30,70.0,4.41,0.65,1.52,0.147,5.86
2.0,1.0,2.5,3.0,0.4,3600,0.4,24,70.8,3.48,0.59,1.42,0.145,6.2
2.0,1.0,2.5,3.0,0.6,3600,0.4,24,70.8,3.48,0.59,1.42,0.145,6.2
2.0,1.0,2.5,3.0,0.8,3600,0.4,24,70.8,3.48,0.59,1.42,0.145,6.2
2.0,1.0,2.5,4.5,0.4,3600,0.4,24,70.8,3.48,0.59,1.42,0.145,6.2
2.0,1.0,2.5,4.5,0.6,3600,0.4,24,70.8,3.48,0.59,1.42,0.145,6.2
2.0,1.0,2.5,4.5,0.8,3600,0.4,24,70.8,3.48,0.59,1.42,0.145,6.2
3.0,1.5,2.5,3.0,0.4,2400,0.4,27,74.1,3.89,0.56,1.59,0.144,4.65
3.0,1.5,2.5,4.5,0.4,2400,0.4,27,74.1,3.89,0.56,1.59,0.144,4.65
2.0,1.5,2.5,3.0,0.8,14400,0.8,32,68.8,4.58,0.7,1.55,0.143,5.69
2.0,1.5,2.5,4.5,0.8,14400,0.8,32,68.8,4.58,0.7,1.55,0.143,5.69
4.0,1.5,2.5,3.0,0.4,7200,0.8,42,66.7,5.91,1.01,2.01,0.141,4.13
4.0,1.5,2.5,4.5,0.4,7200,0.8,42,66.7,5.91,1.01,2.01,0.141,4.13
2.0,0.7,1.5,3.0,0.4,7200,0.2,24,79.2,3.34,0.37,1.42,0.139,5.48
2.0,0.7,1.5,3.0,0.6,7200,0.2,24,79.2,3.34,0.37,1.42,0.139,5.48
2.0,0.7,1.5,3.0,0.8,7200,0.2,24,79.2,3.34,0.37,1.42,0.139,5.48
2.0,0.7,1.5,4.5,0.4,7200,0.2,24,79.2,3.34,0.37,1.42,0.139,5.48
2.0,0.7,1.5,4.5,0.6,7200,0.2,24,79.2,3.34,0.37,1.42,0.139,5.48
2.0,0.7,1.5,4.5,0.8,7200,0.2,24,79.2,3.34,0.37,1.42,0.139,5.48
2.0,0.7,2.5,3.0,0.4,7200,0.2,24,79.2,3.34,0.37,1.42,0.139,5.48
2.0,0.7,2.5,3.0,0.6,7200,0.2,24,79.2,3.34,0.37,1.42,0.139,5.48
2.0,0.7,2.5,3.0,0.8,7200,0.2,24,79.2,3.34,0.37,1.42,0.139,5.48
2.0,0.7,2.5,4.5,0.4,7200,0.2,24,79.2,3.34,0.37,1.42,0.139,5.48
2.0,0.7,2.5,4.5,0.6,7200,0.2,24,79.2,3.34,0.37,1.42,0.139,5.48
2.0,0.7,2.5,4.5,0.8,7200,0.2,24,79.2,3.34,0.37,1.42,0.139,5.48
2.0,0.7,1.5,3.0,0.4,3600,0.2,24,75.0,3.19,0.46,1.39,0.133,5.48
2.0,0.7,1.5,3.0,0.6,3600,0.2,24,75.0,3.19,0.46,1.39,0.133,5.48
2.0,0.7,1.5,3.0,0.8,3600,0.2,24,75.0,3.19,0.46,1.39,0.133,5.48
2.0,0.7,1.5,4.5,0.4,3600,0.2,24,75.0,3.19,0.46,1.39,0.133,5.48
2.0,0.7,1.5,4.5,0.6,3600,0.2,24,75.0,3.19,0.46,1.39,0.133,5.48
2.0,0.7,1.5,4.5,0.8,3600,0.2,24,75.0,3.19,0.46,1.39,0.133,5.48
2.0,0.7,2.5,3.0,0.4,3600,0.2,24,75.0,3.19,0.46,1.39,0.133,5.48
2.0,0.7,2.5,3.0,0.6,3600,0.2,24,75.0,3.19,0.46,1.39,0.133,5.48
2.0,0.7,2.5,3.0,0.8,3600,0.2,24,75.0,3.19,0.46,1.39,0.133,5.48
2.0,0.7,2.5,4.5,0.4,3600,0.2,24,75.0,3.19,0.46,1.39,0.133,5.48
2.0,0.7,2.5,4.5,0.6,3600,0.2,24,75.0,3.19,0.46,1.39,0.133,5.48
2.0,0.7,2.5,4.5,0.8,3600,0.2,24,75.0,3.19,0.46,1.39,0.133,5.48
4.0,1.5,2.5,3.0,0.6,3600,0.4,21,76.2,2.79,0.42,1.34,0.133,7.73
4.0,1.5,2.5,4.5,0.6,3600,0.4,21,76.2,2.79,0.42,1.34,0.133,7.73
2.0,1.0,1.5,3.0,0.4,2400,0.4,30,70.0,3.97,0.69,1.6,0.132,4.26
2.0,1.0,1.5,3.0,0.6,2400,0.4,30,70.0,3.97,0.69,1.6,0.132,4.26
2.0,1.0,1.5,3.0,0.8,2400,0.4,30,70.0,3.97,0.69,1.6,0.132,4.26
2.0,1.0,1.5,4.5,0.4,2400,0.4,30,70.0,3.97,0.69,1.6,0.132,4.26
2.0,1.0,1.5,4.5,0.6,2400,0.4,30,70.0,3.97,0.69,1.6,0.132,4.26
2.0,1.0,1.5,4.5,0.8,2400,0.4,30,70.0,3.97,0.69,1.6,0.132,4.26
2.0,1.0,2.5,3.0,0.4,2400,0.4,30,70.0,3.97,0.69,1.6,0.132,4.26
2.0,1.0,2.5,3.0,0.6,2400,0.4,30,70.0,3.97,0.69,1.6,0.132,4.26
2.0,1.0,2.5,3.0,0.8,2400,0.4,30,70.0,3.97,0.69,1.6,0.132,4.26
2.0,1.0,2.5,4.5,0.4,2400,0.4,30,70.0,3.97,0.69,1.6,0.132,4.26
2.0,1.0,2.5,4.5,0.6,2400,0.4,30,70.0,3.97,0.69,1.6,0.132,4.26
2.0,1.0,2.5,4.5,0.8,2400,0.4,30,70.0,3.97,0.69,1.6,0.132,4.26
3.0,0.7,1.5,3.0,0.4,3600,0.4,24,79.2,3.14,0.4,1.5,0.131,5.1
3.0,0.7,1.5,3.0,0.4,7200,0.8,44,68.2,5.78,1.02,2.19,0.131,3.0
3.0,0.7,1.5,3.0,0.6,3600,0.4,24,79.2,3.14,0.4,1.5,0.131,5.1
3.0,0.7,1.5,3.0,0.6,7200,0.8,44,68.2,5.78,1.02,2.19,0.131,3.0
3.0,0.7,1.5,3.0,0.8,3600,0.4,24,79.2,3.14,0.4,1.5,0.131,5.1
3.0,0.7,1.5,3.0,0.8,7200,0.8,44,68.2,5.78,1.02,2.19,0.131,3.0
3.0,0.7,1.5,4.5,0.4,3600,0.4,24,79.2,3.14,0.4,1.5,0.131,5.1
3.0,0.7,1.5,4.5,0.4,7200,0.8,44,68.2,5.78,1.02,2.19,0.131,3.0
3.0,0.7,1.5,4.5,0.6,3600,0.4,24,79.2,3.14,0.4,1.5,0.131,5.1
3.0,0.7,1.5,4.5,0.6,7200,0.8,44,68.2,5.78,1.02,2.19,0.131,3.0
3.0,0.7,1.5,4.5,0.8,3600,0.4,24,79.2,3.14,0.4,1.5,0.131,5.1
3.0,0.7,1.5,4.5,0.8,7200,0.8,44,68.2,5.78,1.02,2.19,0.131,3.0
3.0,0.7,2.5,3.0,0.4,3600,0.4,24,79.2,3.14,0.4,1.5,0.131,5.1
3.0,0.7,2.5,3.0,0.4,7200,0.8,44,68.2,5.78,1.02,2.19,0.131,3.0
3.0,0.7,2.5,3.0,0.6,3600,0.4,24,79.2,3.14,0.4,1.5,0.131,5.1
3.0,0.7,2.5,3.0,0.6,7200,0.8,44,68.2,5.78,1.02,2.19,0.131,3.0
3.0,0.7,2.5,3.0,0.8,3600,0.4,24,79.2,3.14,0.4,1.5,0.131,5.1
3.0,0.7,2.5,3.0,0.8,7200,0.8,44,68.2,5.78,1.02,2.19,0.131,3.0
3.0,0.7,2.5,4.5,0.4,3600,0.4,24,79.2,3.14,0.4,1.5,0.131,5.1
3.0,0.7,2.5,4.5,0.4,7200,0.8,44,68.2,5.78,1.02,2.19,0.131,3.0
3.0,0.7,2.5,4.5,0.6,3600,0.4,24,79.2,3.14,0.4,1.5,0.131,5.1
3.0,0.7,2.5,4.5,0.6,7200,0.8,44,68.2,5.78,1.02,2.19,0.131,3.0
3.0,0.7,2.5,4.5,0.8,3600,0.4,24,79.2,3.14,0.4,1.5,0.131,5.1
3.0,0.7,2.5,4.5,0.8,7200,0.8,44,68.2,5.78,1.02,2.19,0.131,3.0
2.0,0.7,1.5,3.0,0.4,14400,0.4,24,79.2,3.13,0.36,1.39,0.13,5.48
2.0,0.7,1.5,3.0,0.6,14400,0.4,24,79.2,3.13,0.36,1.39,0.13,5.48
2.0,0.7,1.5,3.0,0.8,14400,0.4,24,79.2,3.13,0.36,1.39,0.13,5.48
2.0,0.7,1.5,4.5,0.4,14400,0.4,24,79.2,3.13,0.36,1.39,0.13,5.48
2.0,0.7,1.5,4.5,0.6,14400,0.4,24,79.2,3.13,0.36,1.39,0.13,5.48
2.0,0.7,1.5,4.5,0.8,14400,0.4,24,79.2,3.13,0.36,1.39,0.13,5.48
2.0,0.7,2.5,3.0,0.4,14400,0.4,24,79.2,3.13,0.36,1.39,0.13,5.48
2.0,0.7,2.5,3.0,0.6,14400,0.4,24,79.2,3.13,0.36,1.39,0.13,5.48
2.0,0.7,2.5,3.0,0.8,14400,0.4,24,79.2,3.13,0.36,1.39,0.13,5.48
2.0,0.7,2.5,4.5,0.4,14400,0.4,24,79.2,3.13,0.36,1.39,0.13,5.48
2.0,0.7,2.5,4.5,0.6,14400,0.4,24,79.2,3.13,0.36,1.39,0.13,5.48
2.0,0.7,2.5,4.5,0.8,14400,0.4,24,79.2,3.13,0.36,1.39,0.13,5.48
3.0,1.5,2.5,3.0,0.6,2400,0.4,27,74.1,3.52,0.54,1.54,0.13,4.65
3.0,1.5,2.5,4.5,0.6,2400,0.4,27,74.1,3.52,0.54,1.54,0.13,4.65
4.0,1.5,2.5,3.0,0.6,1200,0.2,23,65.2,3.0,0.73,1.36,0.13,7.97
4.0,1.5,2.5,4.5,0.6,1200,0.2,23,65.2,3.0,0.73,1.36,0.13,7.97
5.0,1.0,1.5,3.0,0.4,2400,0.4,25,76.0,3.23,0.5,1.58,0.129,5.0
5.0,1.0,1.5,3.0,0.6,2400,0.4,25,76.0,3.23,0.5,1.58,0.129,5.0
5.0,1.0,1.5,3.0,0.8,2400,0.4,25,76.0,3.23,0.5,1.58,0.129,5.0
5.0,1.0,1.5,4.5,0.4,2400,0.4,25,76.0,3.23,0.5,1.58,0.129,5.0
5.0,1.0,1.5,4.5,0.6,2400,0.4,25,76.0,3.23,0.5,1.58,0.129,5.0
5.0,1.0,1.5,4.5,0.8,2400,0.4,25,76.0,3.23,0.5,1.58,0.129,5.0
5.0,1.0,2.5,3.0,0.4,2400,0.4,25,76.0,3.23,0.5,1.58,0.129,5.0
5.0,1.0,2.5,3.0,0.6,2400,0.4,25,76.0,3.23,0.5,1.58,0.129,5.0
5.0,1.0,2.5,3.0,0.8,2400,0.4,25,76.0,3.23,0.5,1.58,0.129,5.0
5.0,1.0,2.5,4.5,0.4,2400,0.4,25,76.0,3.23,0.5,1.58,0.129,5.0
5.0,1.0,2.5,4.5,0.6,2400,0.4,25,76.0,3.23,0.5,1.58,0.129,5.0
5.0,1.0,2.5,4.5,0.8,2400,0.4,25,76.0,3.23,0.5,1.58,0.129,5.0
2.0,0.7,1.5,3.0,0.4,7200,0.4,28,78.6,3.56,0.39,1.43,0.127,6.02
2.0,0.7,1.5,3.0,0.6,7200,0.4,28,78.6,3.56,0.39,1.43,0.127,6.02
2.0,0.7,1.5,3.0,0.8,7200,0.4,28,78.6,3.56,0.39,1.43,0.127,6.02
2.0,0.7,1.5,4.5,0.4,7200,0.4,28,78.6,3.56,0.39,1.43,0.127,6.02
2.0,0.7,1.5,4.5,0.6,7200,0.4,28,78.6,3.56,0.39,1.43,0.127,6.02
2.0,0.7,1.5,4.5,0.8,7200,0.4,28,78.6,3.56,0.39,1.43,0.127,6.02
2.0,0.7,2.5,3.0,0.4,7200,0.4,28,78.6,3.56,0.39,1.43,0.127,6.02
2.0,0.7,2.5,3.0,0.6,7200,0.4,28,78.6,3.56,0.39,1.43,0.127,6.02
2.0,0.7,2.5,3.0,0.8,7200,0.4,28,78.6,3.56,0.39,1.43,0.127,6.02
2.0,0.7,2.5,4.5,0.4,7200,0.4,28,78.6,3.56,0.39,1.43,0.127,6.02
2.0,0.7,2.5,4.5,0.6,7200,0.4,28,78.6,3.56,0.39,1.43,0.127,6.02
2.0,0.7,2.5,4.5,0.8,7200,0.4,28,78.6,3.56,0.39,1.43,0.127,6.02
4.0,1.0,1.5,3.0,0.4,2400,0.2,18,72.2,2.29,0.49,1.28,0.127,8.01
4.0,1.0,1.5,3.0,0.6,2400,0.2,18,72.2,2.29,0.49,1.28,0.127,8.01
4.0,1.0,1.5,3.0,0.8,2400,0.2,18,72.2,2.29,0.49,1.28,0.127,8.01
4.0,1.0,1.5,4.5,0.4,2400,0.2,18,72.2,2.29,0.49,1.28,0.127,8.01
4.0,1.0,1.5,4.5,0.6,2400,0.2,18,72.2,2.29,0.49,1.28,0.127,8.01
4.0,1.0,1.5,4.5,0.8,2400,0.2,18,72.2,2.29,0.49,1.28,0.127,8.01
4.0,1.5,2.5,3.0,0.6,7200,0.8,42,66.7,5.23,0.95,1.9,0.125,4.13
4.0,1.5,2.5,3.0,0.8,3600,0.4,19,73.7,2.38,0.46,1.29,0.125,7.73
4.0,1.5,2.5,4.5,0.6,7200,0.8,42,66.7,5.23,0.95,1.9,0.125,4.13
4.0,1.5,2.5,4.5,0.8,3600,0.4,19,73.7,2.38,0.46,1.29,0.125,7.73
2.0,0.7,1.5,3.0,0.4,1200,0.4,36,66.7,4.44,1.24,2.49,0.123,2.21
2.0,0.7,1.5,3.0,0.6,1200,0.4,36,66.7,4.44,1.24,2.49,0.123,2.21
2.0,0.7,1.5,3.0,0.8,1200,0.4,36,66.7,4.44,1.24,2.49,0.123,2.21
2.0,0.7,1.5,4.5,0.4,1200,0.4,36,66.7,4.44,1.24,2.49,0.123,2.21
2.0,0.7,1.5,4.5,0.6,1200,0.4,36,66.7,4.44,1.24,2.49,0.123,2.21
2.0,0.7,1.5,4.5,0.8,1200,0.4,36,66.7,4.44,1.24,2.49,0.123,2.21
2.0,0.7,2.5,3.0,0.4,1200,0.4,36,66.7,4.44,1.24,2.49,0.123,2.21
2.0,0.7,2.5,3.0,0.6,1200,0.4,36,66.7,4.44,1.24,2.49,0.123,2.21
2.0,0.7,2.5,3.0,0.8,1200,0.4,36,66.7,4.44,1.24,2.49,0.123,2.21
2.0,0.7,2.5,4.5,0.4,1200,0.4,36,66.7,4.44,1.24,2.49,0.123,2.21
2.0,0.7,2.5,4.5,0.6,1200,0.4,36,66.7,4.44,1.24,2.49,0.123,2.21
2.0,0.7,2.5,4.5,0.8,1200,0.4,36,66.7,4.44,1.24,2.49,0.123,2.21
4.0,1.0,1.5,3.0,0.4,7200,0.8,42,66.7,5.13,0.94,1.88,0.122,4.13
4.0,1.0,1.5,3.0,0.6,7200,0.8,42,66.7,5.13,0.94,1.88,0.122,4.13
4.0,1.0,1.5,3.0,0.8,7200,0.8,42,66.7,5.13,0.94,1.88,0.122,4.13
4.0,1.0,1.5,4.5,0.4,7200,0.8,42,66.7,5.13,0.94,1.88,0.122,4.13
4.0,1.0,1.5,4.5,0.6,7200,0.8,42,66.7,5.13,0.94,1.88,0.122,4.13
4.0,1.0,1.5,4.5,0.8,7200,0.8,42,66.7,5.13,0.94,1.88,0.122,4.13
4.0,1.0,2.5,3.0,0.4,7200,0.8,42,66.7,5.13,0.94,1.88,0.122,4.13
4.0,1.0,2.5,3.0,0.6,7200,0.8,42,66.7,5.13,0.94,1.88,0.122,4.13
4.0,1.0,2.5,3.0,0.8,7200,0.8,42,66.7,5.13,0.94,1.88,0.122,4.13
4.0,1.0,2.5,4.5,0.4,7200,0.8,42,66.7,5.13,0.94,1.88,0.122,4.13
4.0,1.0,2.5,4.5,0.6,7200,0.8,42,66.7,5.13,0.94,1.88,0.122,4.13
4.0,1.0,2.5,4.5,0.8,7200,0.8,42,66.7,5.13,0.94,1.88,0.122,4.13
3.0,1.5,2.5,3.0,0.8,2400,0.4,25,72.0,3.03,0.57,1.46,0.121,4.65
3.0,1.5,2.5,4.5,0.8,2400,0.4,25,72.0,3.03,0.57,1.46,0.121,4.65
2.0,1.5,2.5,3.0,0.4,7200,0.8,46,65.2,5.44,0.99,1.86,0.118,4.06
2.0,1.5,2.5,4.5,0.4,7200,0.8,46,65.2,5.44,0.99,1.86,0.118,4.06
5.0,1.5,2.5,3.0,0.4,7200,0.8,42,66.7,4.91,0.86,1.72,0.117,5.13
5.0,1.5,2.5,4.5,0.4,7200,0.8,42,66.7,4.91,0.86,1.72,0.117,5.13
2.0,1.5,2.5,3.0,0.4,14400,0.8,36,69.4,4.17,0.62,1.4,0.116,5.29
2.0,1.5,2.5,4.5,0.4,14400,0.8,36,69.4,4.17,0.62,1.4,0.116,5.29
3.0,1.0,1.5,3.0,0.4,2400,0.4,27,74.1,3.13,0.52,1.48,0.116,5.1
3.0,1.0,1.5,3.0,0.6,2400,0.4,27,74.1,3.13,0.52,1.48,0.116,5.1
3.0,1.0,1.5,3.0,0.8,2400,0.4,27,74.1,3.13,0.52,1.48,0.116,5.1
3.0,1.0,1.5,4.5,0.4,2400,0.4,27,74.1,3.13,0.52,1.48,0.116,5.1
3.0,1.0,1.5,4.5,0.6,2400,0.4,27,74.1,3.13,0.52,1.48,0.116,5.1
3.0,1.0,1.5,4.5,0.8,2400,0.4,27,74.1,3.13,0.52,1.48,0.116,5.1
3.0,1.0,2.5,3.0,0.4,2400,0.4,27,74.1,3.13,0.52,1.48,0.116,5.1
3.0,1.0,2.5,3.0,0.6,2400,0.4,27,74.1,3.13,0.52,1.48,0.116,5.1
3.0,1.0,2.5,3.0,0.8,2400,0.4,27,74.1,3.13,0.52,1.48,0.116,5.1
3.0,1.0,2.5,4.5,0.4,2400,0.4,27,74.1,3.13,0.52,1.48,0.116,5.1
3.0,1.0,2.5,4.5,0.6,2400,0.4,27,74.1,3.13,0.52,1.48,0.116,5.1
3.0,1.0,2.5,4.5,0.8,2400,0.4,27,74.1,3.13,0.52,1.48,0.116,5.1
4.0,0.7,1.5,3.0,0.4,14400,0.2,18,88.9,2.08,0.16,1.26,0.116,7.37
4.0,0.7,1.5,3.0,0.4,,0.4,18,88.9,2.08,0.16,1.26,0.116,7.37
4.0,0.7,1.5,3.0,0.6,14400,0.2,18,88.9,2.08,0.16,1.26,0.116,7.37
4.0,0.7,1.5,3.0,0.6,,0.4,18,88.9,2.08,0.16,1.26,0.116,7.37
4.0,0.7,1.5,3.0,0.8,14400,0.2,18,88.9,2.08,0.16,1.26,0.116,7.37
4.0,0.7,1.5,3.0,0.8,,0.4,18,88.9,2.08,0.16,1.26,0.116,7.37
4.0,0.7,1.5,4.5,0.4,14400,0.2,18,88.9,2.08,0.16,1.26,0.116,7.37
4.0,0.7,1.5,4.5,0.4,,0.4,18,88.9,2.08,0.16,1.26,0.116,7.37
4.0,0.7,1.5,4.5,0.6,14400,0.2,18,88.9,2.08,0.16,1.26,0.116,7.37
4.0,0.7,1.5,4.5,0.6,,0.4,18,88.9,2.08,0.16,1.26,0.116,7.37
4.0,0.7,1.5,4.5,0.8,14400,0.2,18,88.9,2.08,0.16,1.26,0.116,7.37
4.0,0.7,1.5,4.5,0.8,,0.4,18,88.9,2.08,0.16,1.26,0.116,7.37
4.0,0.7,2.5,3.0,0.4,14400,0.2,18,88.9,2.08,0.16,1.26,0.116,7.37
4.0,0.7,2.5,3.0,0.4,,0.4,18,88.9,2.08,0.16,1.26,0.116,7.37
4.0,0.7,2.5,3.0,0.6,14400,0.2,18,88.9,2.08,0.16,1.26,0.116,7.37
4.0,0.7,2.5,3.0,0.6,,0.4,18,88.9,2.08,0.16,1.26,0.116,7.37
4.0,0.7,2.5,3.0,0.8,14400,0.2,18,88.9,2.08,0.16,1.26,0.116,7.37
4.0,0.7,2.5,3.0,0.8,,0.4,18,88.9,2.08,0.16,1.26,0.116,7.37
4.0,0.7,2.5,4.5,0.4,14400,0.2,18,88.9,2.08,0.16,1.26,0.116,7.37
4.0,0.7,2.5,4.5,0.4,,0.4,18,88.9,2.08,0.16,1.26,0.116,7.37
4.0,0.7,2.5,4.5,0.6,14400,0.2,18,88.9,2.08,0.16,1.26,0.116,7.37
4.0,0.7,2.5,4.5,0.6,,0.4,18,88.9,2.08,0.16,1.26,0.116,7.37
4.0,0.7,2.5,4.5,0.8,14400,0.2,18,88.9,2.08,0.16,1.26,0.116,7.37
4.0,0.7,2.5,4.5,0.8,,0.4,18,88.9,2.08,0.16,1.26,0.116,7.37
4.0,1.5,2.5,3.0,0.8,1200,0.2,24,62.5,2.79,0.8,1.33,0.116,7.97
4.0,1.5,2.5,4.5,0.8,1200,0.2,24,62.5,2.79,0.8,1.33,0.116,7.97
4.0,1.0,1.5,3.0,0.4,3600,0.4,21,76.2,2.4,0.4,1.29,0.114,7.73
4.0,1.0,1.5,3.0,0.6,3600,0.4,21,76.2,2.4,0.4,1.29,0.114,7.73
4.0,1.0,1.5,3.0,0.8,3600,0.4,21,76.2,2.4,0.4,1.29,0.114,7.73
4.0,1.0,1.5,4.5,0.4,3600,0.4,21,76.2,2.4,0.4,1.29,0.114,7.73
4.0,1.0,1.5,4.5,0.6,3600,0.4,21,76.2,2.4,0.4,1.29,0.114,7.73
4.0,1.0,1.5,4.5,0.8,3600,0.4,21,76.2,2.4,0.4,1.29,0.114,7.73
2.0,0.7,1.5,3.0,0.4,1200,0.2,29,65.5,3.28,0.8,1.51,0.113,4.07
2.0,0.7,1.5,3.0,0.6,1200,0.2,29,65.5,3.28,0.8,1.51,0.113,4.07
2.0,0.7,1.5,3.0,0.8,1200,0.2,29,65.5,3.28,0.8,1.51,0.113,4.07
2.0,0.7,1.5,4.5,0.4,1200,0.2,29,65.5,3.28,0.8,1.51,0.113,4.07
2.0,0.7,1.5,4.5,0.6,1200,0.2,29,65.5,3.28,0.8,1.51,0.113,4.07
2.0,0.7,1.5,4.5,0.8,1200,0.2,29,65.5,3.28,0.8,1.51,0.113,4.07
2.0,0.7,2.5,3.0,0.4,1200,0.2,29,65.5,3.28,0.8,1.51,0.113,4.07
2.0,0.7,2.5,3.0,0.6,1200,0.2,29,65.5,3.28,0.8,1.51,0.113,4.07
2.0,0.7,2.5,3.0,0.8,1200,0.2,29,65.5,3.28,0.8,1.51,0.113,4.07
2.0,0.7,2.5,4.5,0.4,1200,0.2,29,65.5,3.28,0.8,1.51,0.113,4.07
2.0,0.7,2.5,4.5,0.6,1200,0.2,29,65.5,3.28,0.8,1.51,0.113,4.07
2.0,0.7,2.5,4.5,0.8,1200,0.2,29,65.5,3.28,0.8,1.51,0.113,4.07
4.0,1.5,2.5,3.0,0.4,14400,0.8,32,71.9,3.56,0.53,1.34,0.111,4.4
4.0,1.5,2.5,4.5,0.4,14400,0.8,32,71.9,3.56,0.53,1.34,0.111,4.4
2.0,1.0,1.5,3.0,0.4,7200,0.8,46,65.2,5.07,0.96,1.8,0.11,4.06
2.0,1.0,1.5,3.0,0.6,7200,0.8,46,65.2,5.07,0.96,1.8,0.11,4.06
2.0,1.0,1.5,3.0,0.8,7200,0.8,46,65.2,5.07,0.96,1.8,0.11,4.06
2.0,1.0,1.5,4.5,0.4,7200,0.8,46,65.2,5.07,0.96,1.8,0.11,4.06
2.0,1.0,1.5,4.5,0.6,7200,0.8,46,65.2,5.07,0.96,1.8,0.11,4.06
2.0,1.0,1.5,4.5,0.8,7200,0.8,46,65.2,5.07,0.96,1.8,0.11,4.06
2.0,1.0,2.5,3.0,0.4,7200,0.8,46,65.2,5.07,0.96,1.8,0.11,4.06
2.0,1.0,2.5,3.0,0.6,7200,0.8,46,65.2,5.07,0.96,1.8,0.11,4.06
2.0,1.0,2.5,3.0,0.8,7200,0.8,46,65.2,5.07,0.96,1.8,0.11,4.06
2.0,1.0,2.5,4.5,0.4,7200,0.8,46,65.2,5.07,0.96,1.8,0.11,4.06
2.0,1.0,2.5,4.5,0.6,7200,0.8,46,65.2,5.07,0.96,1.8,0.11,4.06
2.0,1.0,2.5,4.5,0.8,7200,0.8,46,65.2,5.07,0.96,1.8,0.11,4.06
2.0,1.0,1.5,3.0,0.4,14400,0.8,37,70.3,4.02,0.59,1.39,0.109,5.24
2.0,1.0,1.5,3.0,0.6,14400,0.8,37,70.3,4.02,0.59,1.39,0.109,5.24
2.0,1.0,1.5,3.0,0.8,14400,0.8,37,70.3,4.02,0.59,1.39,0.109,5.24
2.0,1.0,1.5,4.5,0.4,14400,0.8,37,70.3,4.02,0.59,1.39,0.109,5.24
2.0,1.0,1.5,4.5,0.6,14400,0.8,37,70.3,4.02,0.59,1.39,0.109,5.24
2.0,1.0,1.5,4.5,0.8,14400,0.8,37,70.3,4.02,0.59,1.39,0.109,5.24
2.0,1.0,2.5,3.0,0.4,14400,0.8,37,70.3,4.02,0.59,1.39,0.109,5.24
2.0,1.0,2.5,3.0,0.6,14400,0.8,37,70.3,4.02,0.59,1.39,0.109,5.24
2.0,1.0,2.5,3.0,0.8,14400,0.8,37,70.3,4.02,0.59,1.39,0.109,5.24
2.0,1.0,2.5,4.5,0.4,14400,0.8,37,70.3,4.02,0.59,1.39,0.109,5.24
2.0,1.0,2.5,4.5,0.6,14400,0.8,37,70.3,4.02,0.59,1.39,0.109,5.24
2.0,1.0,2.5,4.5,0.8,14400,0.8,37,70.3,4.02,0.59,1.39,0.109,5.24
4.0,1.0,1.5,3.0,0.4,1200,0.2,23,65.2,2.45,0.69,1.3,0.107,7.97
4.0,1.0,1.5,3.0,0.6,1200,0.2,23,65.2,2.45,0.69,1.3,0.107,7.97
4.0,1.0,1.5,3.0,0.8,1200,0.2,23,65.2,2.45,0.69,1.3,0.107,7.97
4.0,1.0,1.5,4.5,0.4,1200,0.2,23,65.2,2.45,0.69,1.3,0.107,7.97
4.0,1.0,1.5,4.5,0.6,1200,0.2,23,65.2,2.45,0.69,1.3,0.107,7.97
4.0,1.0,1.5,4.5,0.8,1200,0.2,23,65.2,2.45,0.69,1.3,0.107,7.97
4.0,1.5,2.5,3.0,0.6,14400,0.8,31,71.0,3.33,0.54,1.32,0.107,4.4
4.0,1.5,2.5,4.5,0.6,14400,0.8,31,71.0,3.33,0.54,1.32,0.107,4.4
5.0,0.7,1.5,3.0,0.4,1200,0.2,22,63.6,2.35,0.82,1.44,0.107,5.0
5.0,0.7,1.5,3.0,0.6,1200,0.2,22,63.6,2.35,0.82,1.44,0.107,5.0
5.0,0.7,1.5,3.0,0.8,1200,0.2,22,63.6,2.35,0.82,1.44,0.107,5.0
5.0,0.7,1.5,4.5,0.4,1200,0.2,22,63.6,2.35,0.82,1.44,0.107,5.0
5.0,0.7,1.5,4.5,0.6,1200,0.2,22,63.6,2.35,0.82,1.44,0.107,5.0
5.0,0.7,1.5,4.5,0.8,1200,0.2,22,63.6,2.35,0.82,1.44,0.107,5.0
5.0,0.7,2.5,3.0,0.4,1200,0.2,22,63.6,2.35,0.82,1.44,0.107,5.0
5.0,0.7,2.5,3.0,0.6,1200,0.2,22,63.6,2.35,0.82,1.44,0.107,5.0
5.0,0.7,2.5,3.0,0.8,1200,0.2,22,63.6,2.35,0.82,1.44,0.107,5.0
5.0,0.7,2.5,4.5,0.4,1200,0.2,22,63.6,2.35,0.82,1.44,0.107,5.0
5.0,0.7,2.5,4.5,0.6,1200,0.2,22,63.6,2.35,0.82,1.44,0.107,5.0
5.0,0.7,2.5,4.5,0.8,1200,0.2,22,63.6,2.35,0.82,1.44,0.107,5.0
4.0,1.5,2.5,3.0,0.8,7200,0.8,40,65.0,4.16,0.92,1.71,0.104,4.13
4.0,1.5,2.5,4.5,0.8,7200,0.8,40,65.0,4.16,0.92,1.71,0.104,4.13
4.0,1.0,2.5,3.0,0.4,2400,0.2,18,72.2,1.84,0.47,1.22,0.102,8.01
4.0,1.0,2.5,3.0,0.6,2400,0.2,18,72.2,1.84,0.47,1.22,0.102,8.01
4.0,1.0,2.5,3.0,0.8,2400,0.2,18,72.2,1.84,0.47,1.22,0.102,8.01
4.0,1.0,2.5,4.5,0.4,2400,0.2,18,72.2,1.84,0.47,1.22,0.102,8.01
4.0,1.0,2.5,4.5,0.6,2400,0.2,18,72.2,1.84,0.47,1.22,0.102,8.01
4.0,1.0,2.5,4.5,0.8,2400,0.2,18,72.2,1.84,0.47,1.22,0.102,8.01
2.0,1.5,2.5,3.0,0.6,14400,0.8,35,68.6,3.54,0.61,1.34,0.101,5.49
2.0,1.5,2.5,4.5,0.6,14400,0.8,35,68.6,3.54,0.61,1.34,0.101,5.49
5.0,1.5,2.5,3.0,0.6,7200,0.8,42,66.7,4.23,0.81,1.62,0.101,5.13
5.0,1.5,2.5,4.5,0.6,7200,0.8,42,66.7,4.23,0.81,1.62,0.101,5.13
3.0,0.7,1.5,3.0,0.4,3600,0.8,51,68.6,5.12,0.91,1.99,0.1,3.0
3.0,0.7,1.5,3.0,0.6,3600,0.8,51,68.6,5.12,0.91,1.99,0.1,3.0
3.0,0.7,1.5,3.0,0.8,3600,0.8,51,68.6,5.12,0.91,1.99,0.1,3.0
3.0,0.7,1.5,4.5,0.4,3600,0.8,51,68.6,5.12,0.91,1.99,0.1,3.0
3.0,0.7,1.5,4.5,0.6,3600,0.8,51,68.6,5.12,0.91,1.99,0.1,3.0
3.0,0.7,1.5,4.5,0.8,3600,0.8,51,68.6,5.12,0.91,1.99,0.1,3.0
3.0,0.7,2.5,3.0,0.4,3600,0.8,51,68.6,5.12,0.91,1.99,0.1,3.0
3.0,0.7,2.5,3.0,0.6,3600,0.8,51,68.6,5.12,0.91,1.99,0.1,3.0
3.0,0.7,2.5,3.0,0.8,3600,0.8,51,68.6,5.12,0.91,1.99,0.1,3.0
3.0,0.7,2.5,4.5,0.4,3600,0.8,51,68.6,5.12,0.91,1.99,0.1,3.0
3.0,0.7,2.5,4.5,0.6,3600,0.8,51,68.6,5.12,0.91,1.99,0.1,3.0
3.0,0.7,2.5,4.5,0.8,3600,0.8,51,68.6,5.12,0.91,1.99,0.1,3.0
2.0,1.5,2.5,3.0,0.6,7200,0.8,46,65.2,4.56,0.92,1.72,0.099,4.06
2.0,1.5,2.5,4.5,0.6,7200,0.8,46,65.2,4.56,0.92,1.72,0.099,4.06
5.0,1.0,1.5,3.0,0.4,7200,0.8,42,66.7,4.13,0.8,1.6,0.098,5.13
5.0,1.0,1.5,3.0,0.6,7200,0.8,42,66.7,4.13,0.8,1.6,0.098,5.13
5.0,1.0,1.5,3.0,0.8,7200,0.8,42,66.7,4.13,0.8,1.6,0.098,5.13
5.0,1.0,1.5,4.5,0.4,7200,0.8,42,66.7,4.13,0.8,1.6,0.098,5.13
5.0,1.0,1.5,4.5,0.6,7200,0.8,42,66.7,4.13,0.8,1.6,0.098,5.13
5.0,1.0,1.5,4.5,0.8,7200,0.8,42,66.7,4.13,0.8,1.6,0.098,5.13
5.0,1.0,2.5,3.0,0.4,7200,0.8,42,66.7,4.13,0.8,1.6,0.098,5.13
5.0,1.0,2.5,3.0,0.6,7200,0.8,42,66.7,4.13,0.8,1.6,0.098,5.13
5.0,1.0,2.5,3.0,0.8,7200,0.8,42,66.7,4.13,0.8,1.6,0.098,5.13
5.0,1.0,2.5,4.5,0.4,7200,0.8,42,66.7,4.13,0.8,1.6,0.098,5.13
5.0,1.0,2.5,4.5,0.6,7200,0.8,42,66.7,4.13,0.8,1.6,0.098,5.13
5.0,1.0,2.5,4.5,0.8,7200,0.8,42,66.7,4.13,0.8,1.6,0.098,5.13
4.0,0.7,1.5,3.0,0.4,7200,0.8,43,67.4,4.15,0.83,1.71,0.097,4.13
4.0,0.7,1.5,3.0,0.6,7200,0.8,43,67.4,4.15,0.83,1.71,0.097,4.13
4.0,0.7,1.5,3.0,0.8,7200,0.8,43,67.4,4.15,0.83,1.71,0.097,4.13
4.0,0.7,1.5,4.5,0.4,7200,0.8,43,67.4,4.15,0.83,1.71,0.097,4.13
4.0,0.7,1.5,4.5,0.6,7200,0.8,43,67.4,4.15,0.83,1.71,0.097,4.13
4.0,0.7,1.5,4.5,0.8,7200,0.8,43,67.4,4.15,0.83,1.71,0.097,4.13
4.0,0.7,2.5,3.0,0.4,7200,0.8,43,67.4,4.15,0.83,1.71,0.097,4.13
4.0,0.7,2.5,3.0,0.6,7200,0.8,43,67.4,4.15,0.83,1.71,0.097,4.13
4.0,0.7,2.5,3.0,0.8,7200,0.8,43,67.4,4.15,0.83,1.71,0.097,4.13
4.0,0.7,2.5,4.5,0.4,7200,0.8,43,67.4,4.15,0.83,1.71,0.097,4.13
4.0,0.7,2.5,4.5,0.6,7200,0.8,43,67.4,4.15,0.83,1.71,0.097,4.13
4.0,0.7,2.5,4.5,0.8,7200,0.8,43,67.4,4.15,0.83,1.71,0.097,4.13
2.0,1.5,2.5,3.0,0.8,7200,0.8,44,63.6,4.1,0.94,1.65,0.093,4.06
2.0,1.5,2.5,4.5,0.8,7200,0.8,44,63.6,4.1,0.94,1.65,0.093,4.06
4.0,1.0,2.5,3.0,0.4,3600,0.4,21,76.2,1.95,0.39,1.24,0.093,7.73
4.0,1.0,2.5,3.0,0.6,3600,0.4,21,76.2,1.95,0.39,1.24,0.093,7.73
4.0,1.0,2.5,3.0,0.8,3600,0.4,21,76.2,1.95,0.39,1.24,0.093,7.73
4.0,1.0,2.5,4.5,0.4,3600,0.4,21,76.2,1.95,0.39,1.24,0.093,7.73
4.0,1.0,2.5,4.5,0.6,3600,0.4,21,76.2,1.95,0.39,1.24,0.093,7.73
4.0,1.0,2.5,4.5,0.8,3600,0.4,21,76.2,1.95,0.39,1.24,0.093,7.73
4.0,1.0,1.5,3.0,0.4,14400,0.8,33,72.7,2.95,0.48,1.28,0.089,4.4
4.0,1.0,1.5,3.0,0.6,14400,0.8,33,72.7,2.95,0.48,1.28,0.089,4.4
4.0,1.0,1.5,3.0,0.8,14400,0.8,33,72.7,2.95,0.48,1.28,0.089,4.4
4.0,1.0,1.5,4.5,0.4,14400,0.8,33,72.7,2.95,0.48,1.28,0.089,4.4
4.0,1.0,1.5,4.5,0.6,14400,0.8,33,72.7,2.95,0.48,1.28,0.089,4.4
4.0,1.0,1.5,4.5,0.8,14400,0.8,33,72.7,2.95,0.48,1.28,0.089,4.4
4.0,1.0,2.5,3.0,0.4,14400,0.8,33,72.7,2.95,0.48,1.28,0.089,4.4
4.0,1.0,2.5,3.0,0.6,14400,0.8,33,72.7,2.95,0.48,1.28,0.089,4.4
4.0,1.0,2.5,3.0,0.8,14400,0.8,33,72.7,2.95,0.48,1.28,0.089,4.4
4.0,1.0,2.5,4.5,0.4,14400,0.8,33,72.7,2.95,0.48,1.28,0.089,4.4
4.0,1.0,2.5,4.5,0.6,14400,0.8,33,72.7,2.95,0.48,1.28,0.089,4.4
4.0,1.0,2.5,4.5,0.8,14400,0.8,33,72.7,2.95,0.48,1.28,0.089,4.4
3.0,1.5,2.5,3.0,0.4,14400,0.8,34,70.6,3.0,0.53,1.26,0.088,5.46
3.0,1.5,2.5,4.5,0.4,14400,0.8,34,70.6,3.0,0.53,1.26,0.088,5.46
2.0,0.7,1.5,3.0,0.4,7200,0.8,47,66.0,4.09,0.85,1.65,0.087,4.06
2.0,0.7,1.5,3.0,0.6,7200,0.8,47,66.0,4.09,0.85,1.65,0.087,4.06
2.0,0.7,1.5,3.0,0.8,7200,0.8,47,66.0,4.09,0.85,1.65,0.087,4.06
2.0,0.7,1.5,4.5,0.4,7200,0.8,47,66.0,4.09,0.85,1.65,0.087,4.06
2.0,0.7,1.5,4.5,0.6,7200,0.8,47,66.0,4.09,0.85,1.65,0.087,4.06
2.0,0.7,1.5,4.5,0.8,7200,0.8,47,66.0,4.09,0.85,1.65,0.087,4.06
2.0,0.7,2.5,3.0,0.4,7200,0.8,47,66.0,4.09,0.85,1.65,0.087,4.06
2.0,0.7,2.5,3.0,0.6,7200,0.8,47,66.0,4.09,0.85,1.65,0.087,4.06
2.0,0.7,2.5,3.0,0.8,7200,0.8,47,66.0,4.09,0.85,1.65,0.087,4.06
2.0,0.7,2.5,4.5,0.4,7200,0.8,47,66.0,4.09,0.85,1.65,0.087,4.06
2.0,0.7,2.5,4.5,0.6,7200,0.8,47,66.0,4.09,0.85,1.65,0.087,4.06
2.0,0.7,2.5,4.5,0.8,7200,0.8,47,66.0,4.09,0.85,1.65,0.087,4.06
4.0,1.0,2.5,3.0,0.4,1200,0.2,23,65.2,2.0,0.66,1.24,0.087,7.97
4.0,1.0,2.5,3.0,0.6,1200,0.2,23,65.2,2.0,0.66,1.24,0.087,7.97
4.0,1.0,2.5,3.0,0.8,1200,0.2,23,65.2,2.0,0.66,1.24,0.087,7.97
4.0,1.0,2.5,4.5,0.4,1200,0.2,23,65.2,2.0,0.66,1.24,0.087,7.97
4.0,1.0,2.5,4.5,0.6,1200,0.2,23,65.2,2.0,0.66,1.24,0.087,7.97
4.0,1.0,2.5,4.5,0.8,1200,0.2,23,65.2,2.0,0.66,1.24,0.087,7.97
2.0,0.7,1.5,3.0,0.4,3600,0.4,28,75.0,2.4,0.43,1.29,0.086,5.84
2.0,0.7,1.5,3.0,0.6,3600,0.4,28,75.0,2.4,0.43,1.29,0.086,5.84
2.0,0.7,1.5,3.0,0.8,3600,0.4,28,75.0,2.4,0.43,1.29,0.086,5.84
2.0,0.7,1.5,4.5,0.4,3600,0.4,28,75.0,2.4,0.43,1.29,0.086,5.84
2.0,0.7,1.5,4.5,0.6,3600,0.4,28,75.0,2.4,0.43,1.29,0.086,5.84
2.0,0.7,1.5,4.5,0.8,3600,0.4,28,75.0,2.4,0.43,1.29,0.086,5.84
2.0,0.7,2.5,3.0,0.4,3600,0.4,28,75.0,2.4,0.43,1.29,0.086,5.84
2.0,0.7,2.5,3.0,0.6,3600,0.4,28,75.0,2.4,0.43,1.29,0.086,5.84
2.0,0.7,2.5,3.0,0.8,3600,0.4,28,75.0,2.4,0.43,1.29,0.086,5.84
2.0,0.7,2.5,4.5,0.4,3600,0.4,28,75.0,2.4,0.43,1.29,0.086,5.84
2.0,0.7,2.5,4.5,0.6,3600,0.4,28,75.0,2.4,0.43,1.29,0.086,5.84
2.0,0.7,2.5,4.5,0.8,3600,0.4,28,75.0,2.4,0.43,1.29,0.086,5.84
2.0,1.0,1.5,3.0,0.4,3600,0.8,53,66.0,4.49,0.89,1.73,0.085,3.25
2.0,1.0,1.5,3.0,0.6,3600,0.8,53,66.0,4.49,0.89,1.73,0.085,3.25
2.0,1.0,1.5,3.0,0.8,3600,0.8,53,66.0,4.49,0.89,1.73,0.085,3.25
2.0,1.0,1.5,4.5,0.4,3600,0.8,53,66.0,4.49,0.89,1.73,0.085,3.25
2.0,1.0,1.5,4.5,0.6,3600,0.8,53,66.0,4.49,0.89,1.73,0.085,3.25
2.0,1.0,1.5,4.5,0.8,3600,0.8,53,66.0,4.49,0.89,1.73,0.085,3.25
2.0,1.0,2.5,3.0,0.4,3600,0.8,53,66.0,4.49,0.89,1.73,0.085,3.25
2.0,1.0,2.5,3.0,0.6,3600,0.8,53,66.0,4.49,0.89,1.73,0.085,3.25
2.0,1.0,2.5,3.0,0.8,3600,0.8,53,66.0,4.49,0.89,1.73,0.085,3.25
2.0,1.0,2.5,4.5,0.4,3600,0.8,53,66.0,4.49,0.89,1.73,0.085,3.25
2.0,1.0,2.5,4.5,0.6,3600,0.8,53,66.0,4.49,0.89,1.73,0.085,3.25
2.0,1.0,2.5,4.5,0.8,3600,0.8,53,66.0,4.49,0.89,1.73,0.085,3.25
2.0,0.7,1.5,3.0,0.4,2400,0.8,59,64.4,4.88,1.22,2.21,0.083,2.27
2.0,0.7,1.5,3.0,0.6,2400,0.8,59,64.4,4.88,1.22,2.21,0.083,2.27
2.0,0.7,1.5,3.0,0.8,2400,0.8,59,64.4,4.88,1.22,2.21,0.083,2.27
2.0,0.7,1.5,4.5,0.4,2400,0.8,59,64.4,4.88,1.22,2.21,0.083,2.27
2.0,0.7,1.5,4.5,0.6,2400,0.8,59,64.4,4.88,1.22,2.21,0.083,2.27
2.0,0.7,1.5,4.5,0.8,2400,0.8,59,64.4,4.88,1.22,2.21,0.083,2.27
2.0,0.7,2.5,3.0,0.4,2400,0.8,59,64.4,4.88,1.22,2.21,0.083,2.27
2.0,0.7,2.5,3.0,0.6,2400,0.8,59,64.4,4.88,1.22,2.21,0.083,2.27
2.0,0.7,2.5,3.0,0.8,2400,0.8,59,64.4,4.88,1.22,2.21,0.083,2.27
2.0,0.7,2.5,4.5,0.4,2400,0.8,59,64.4,4.88,1.22,2.21,0.083,2.27
2.0,0.7,2.5,4.5,0.6,2400,0.8,59,64.4,4.88,1.22,2.21,0.083,2.27
2.0,0.7,2.5,4.5,0.8,2400,0.8,59,64.4,4.88,1.22,2.21,0.083,2.27
3.0,1.0,1.5,3.0,0.4,14400,0.8,35,71.4,2.85,0.5,1.25,0.081,5.41
3.0,1.0,1.5,3.0,0.6,14400,0.8,35,71.4,2.85,0.5,1.25,0.081,5.41
3.0,1.0,1.5,3.0,0.8,14400,0.8,35,71.4,2.85,0.5,1.25,0.081,5.41
3.0,1.0,1.5,4.5,0.4,14400,0.8,35,71.4,2.85,0.5,1.25,0.081,5.41
3.0,1.0,1.5,4.5,0.6,14400,0.8,35,71.4,2.85,0.5,1.25,0.081,5.41
3.0,1.0,1.5,4.5,0.8,14400,0.8,35,71.4,2.85,0.5,1.25,0.081,5.41
3.0,1.0,2.5,3.0,0.4,14400,0.8,35,71.4,2.85,0.5,1.25,0.081,5.41
3.0,1.0,2.5,3.0,0.6,14400,0.8,35,71.4,2.85,0.5,1.25,0.081,5.41
3.0,1.0,2.5,3.0,0.8,14400,0.8,35,71.4,2.85,0.5,1.25,0.081,5.41
3.0,1.0,2.5,4.5,0.4,14400,0.8,35,71.4,2.85,0.5,1.25,0.081,5.41
3.0,1.0,2.5,4.5,0.6,14400,0.8,35,71.4,2.85,0.5,1.25,0.081,5.41
3.0,1.0,2.5,4.5,0.8,14400,0.8,35,71.4,2.85,0.5,1.25,0.081,5.41
3.0,0.7,1.5,3.0,0.4,1200,0.2,25,64.0,2.01,0.74,1.31,0.08,5.34
3.0,0.7,1.5,3.0,0.4,1200,0.4,35,65.7,2.81,0.89,1.71,0.08,3.21
3.0,0.7,1.5,3.0,0.6,1200,0.2,25,64.0,2.01,0.74,1.31,0.08,5.34
3.0,0.7,1.5,3.0,0.6,1200,0.4,35,65.7,2.81,0.89,1.71,0.08,3.21
3.0,0.7,1.5,3.0,0.8,1200,0.2,25,64.0,2.01,0.74,1.31,0.08,5.34
3.0,0.7,1.5,3.0,0.8,1200,0.4,35,65.7,2.81,0.89,1.71,0.08,3.21
3.0,0.7,1.5,4.5,0.4,1200,0.2,25,64.0,2.01,0.74,1.31,0.08,5.34
3.0,0.7,1.5,4.5,0.4,1200,0.4,35,65.7,2.81,0.89,1.71,0.08,3.21
3.0,0.7,1.5,4.5,0.6,1200,0.2,25,64.0,2.01,0.74,1.31,0.08,5.34
3.0,0.7,1.5,4.5,0.6,1200,0.4,35,65.7,2.81,0.89,1.71,0.08,3.21
3.0,0.7,1.5,4.5,0.8,1200,0.2,25,64.0,2.01,0.74,1.31,0.08,5.34
3.0,0.7,1.5,4.5,0.8,1200,0.4,35,65.7,2.81,0.89,1.71,0.08,3.21
3.0,0.7,2.5,3.0,0.4,1200,0.2,25,64.0,2.01,0.74,1.31,0.08,5.34
3.0,0.7,2.5,3.0,0.4,1200,0.4,35,65.7,2.81,0.89,1.71,0.08,3.21
3.0,0.7,2.5,3.0,0.6,1200,0.2,25,64.0,2.01,0.74,1.31,0.08,5.34
3.0,0.7,2.5,3.0,0.6,1200,0.4,35,65.7,2.81,0.89,1.71,0.08,3.21
3.0,0.7,2.5,3.0,0.8,1200,0.2,25,64.0,2.01,0.74,1.31,0.08,5.34
3.0,0.7,2.5,3.0,0.8,1200,0.4,35,65.7,2.81,0.89,1.71,0.08,3.21
3.0,0.7,2.5,4.5,0.4,1200,0.2,25,64.0,2.01,0.74,1.31,0.08,5.34
3.0,0.7,2.5,4.5,0.4,1200,0.4,35,65.7,2.81,0.89,1.71,0.08,3.21
3.0,0.7,2.5,4.5,0.6,1200,0.2,25,64.0,2.01,0.74,1.31,0.08,5.34
3.0,0.7,2.5,4.5,0.6,1200,0.4,35,65.7,2.81,0.89,1.71,0.08,3.21
3.0,0.7,2.5,4.5,0.8,1200,0.2,25,64.0,2.01,0.74,1.31,0.08,5.34
3.0,0.7,2.5,4.5,0.8,1200,0.4,35,65.7,2.81,0.89,1.71,0.08,3.21
2.0,0.7,1.5,3.0,0.4,3600,0.8,54,66.7,4.24,0.84,1.68,0.079,3.25
2.0,0.7,1.5,3.0,0.6,3600,0.8,54,66.7,4.24,0.84,1.68,0.079,3.25
2.0,0.7,1.5,3.0,0.8,3600,0.8,54,66.7,4.24,0.84,1.68,0.079,3.25
2.0,0.7,1.5,4.5,0.4,3600,0.8,54,66.7,4.24,0.84,1.68,0.079,3.25
2.0,0.7,1.5,4.5,0.6,3600,0.8,54,66.7,4.24,0.84,1.68,0.079,3.25
2.0,0.7,1.5,4.5,0.8,3600,0.8,54,66.7,4.24,0.84,1.68,0.079,3.25
2.0,0.7,2.5,3.0,0.4,3600,0.8,54,66.7,4.24,0.84,1.68,0.079,3.25
2.0,0.7,2.5,3.0,0.6,3600,0.8,54,66.7,4.24,0.84,1.68,0.079,3.25
2.0,0.7,2.5,3.0,0.8,3600,0.8,54,66.7,4.24,0.84,1.68,0.079,3.25
2.0,0.7,2.5,4.5,0.4,3600,0.8,54,66.7,4.24,0.84,1.68,0.079,3.25
2.0,0.7,2.5,4.5,0.6,3600,0.8,54,66.7,4.24,0.84,1.68,0.079,3.25
2.0,0.7,2.5,4.5,0.8,3600,0.8,54,66.7,4.24,0.84,1.68,0.079,3.25
5.0,1.5,2.5,3.0,0.8,7200,0.8,40,65.0,3.16,0.79,1.46,0.079,5.13
5.0,1.5,2.5,4.5,0.8,7200,0.8,40,65.0,3.16,0.79,1.46,0.079,5.13
2.0,1.5,2.5,3.0,0.6,1200,0.8,67,61.2,5.22,1.86,2.94,0.078,0.48
2.0,1.5,2.5,3.0,0.8,1200,0.8,67,61.2,5.22,1.86,2.94,0.078,0.48
2.0,1.5,2.5,4.5,0.6,1200,0.8,67,61.2,5.22,1.86,2.94,0.078,0.48
2.0,1.5,2.5,4.5,0.8,1200,0.8,67,61.2,5.22,1.86,2.94,0.078,0.48
3.0,1.5,2.5,3.0,0.6,1200,0.8,67,61.2,5.22,1.86,2.94,0.078,0.48
3.0,1.5,2.5,3.0,0.8,1200,0.8,67,61.2,5.22,1.86,2.94,0.078,0.48
3.0,1.5,2.5,4.5,0.6,1200,0.8,67,61.2,5.22,1.86,2.94,0.078,0.48
3.0,1.5,2.5,4.5,0.8,1200,0.8,67,61.2,5.22,1.86,2.94,0.078,0.48
4.0,1.5,2.5,3.0,0.6,1200,0.8,67,61.2,5.22,1.86,2.94,0.078,0.48
4.0,1.5,2.5,3.0,0.8,1200,0.8,67,61.2,5.22,1.86,2.94,0.078,0.48
4.0,1.5,2.5,4.5,0.6,1200,0.8,67,61.2,5.22,1.86,2.94,0.078,0.48
4.0,1.5,2.5,4.5,0.8,1200,0.8,67,61.2,5.22,1.86,2.94,0.078,0.48
5.0,1.5,2.5,3.0,0.6,1200,0.8,67,61.2,5.22,1.86,2.94,0.078,0.48
5.0,1.5,2.5,3.0,0.8,1200,0.8,67,61.2,5.22,1.86,2.94,0.078,0.48
5.0,1.5,2.5,4.5,0.6,1200,0.8,67,61.2,5.22,1.86,2.94,0.078,0.48
5.0,1.5,2.5,4.5,0.8,1200,0.8,67,61.2,5.22,1.86,2.94,0.078,0.48
2.0,1.5,2.5,3.0,0.4,1200,0.4,58,62.1,4.47,1.1,1.79,0.077,2.45
2.0,1.5,2.5,4.5,0.4,1200,0.4,58,62.1,4.47,1.1,1.79,0.077,2.45
3.0,0.7,1.5,3.0,0.4,14400,0.8,38,68.4,2.91,0.62,1.34,0.077,3.0
3.0,0.7,1.5,3.0,0.6,14400,0.8,38,68.4,2.91,0.62,1.34,0.077,3.0
3.0,0.7,1.5,3.0,0.8,14400,0.8,38,68.4,2.91,0.62,1.34,0.077,3.0
3.0,0.7,1.5,4.5,0.4,14400,0.8,38,68.4,2.91,0.62,1.34,0.077,3.0
3.0,0.7,1.5,4.5,0.6,14400,0.8,38,68.4,2.91,0.62,1.34,0.077,3.0
3.0,0.7,1.5,4.5,0.8,14400,0.8,38,68.4,2.91,0.62,1.34,0.077,3.0
3.0,0.7,2.5,3.0,0.4,14400,0.8,38,68.4,2.91,0.62,1.34,0.077,3.0
3.0,0.7,2.5,3.0,0.6,14400,0.8,38,68.4,2.91,0.62,1.34,0.077,3.0
3.0,0.7,2.5,3.0,0.8,14400,0.8,38,68.4,2.91,0.62,1.34,0.077,3.0
3.0,0.7,2.5,4.5,0.4,14400,0.8,38,68.4,2.91,0.62,1.34,0.077,3.0
3.0,0.7,2.5,4.5,0.6,14400,0.8,38,68.4,2.91,0.62,1.34,0.077,3.0
3.0,0.7,2.5,4.5,0.8,14400,0.8,38,68.4,2.91,0.62,1.34,0.077,3.0
2.0,1.5,2.5,3.0,0.4,3600,0.8,53,66.0,4.01,0.85,1.65,0.076,3.25
2.0,1.5,2.5,4.5,0.4,3600,0.8,53,66.0,4.01,0.85,1.65,0.076,3.25
4.0,0.7,1.5,3.0,0.4,7200,0.2,19,84.2,1.45,0.22,1.18,0.076,7.37
4.0,0.7,1.5,3.0,0.6,7200,0.2,19,84.2,1.45,0.22,1.18,0.076,7.37
4.0,0.7,1.5,3.0,0.8,7200,0.2,19,84.2,1.45,0.22,1.18,0.076,7.37
4.0,0.7,1.5,4.5,0.4,7200,0.2,19,84.2,1.45,0.22,1.18,0.076,7.37
4.0,0.7,1.5,4.5,0.6,7200,0.2,19,84.2,1.45,0.22,1.18,0.076,7.37
4.0,0.7,1.5,4.5,0.8,7200,0.2,19,84.2,1.45,0.22,1.18,0.076,7.37
4.0,0.7,2.5,3.0,0.4,7200,0.2,19,84.2,1.45,0.22,1.18,0.076,7.37
4.0,0.7,2.5,3.0,0.6,7200,0.2,19,84.2,1.45,0.22,1.18,0.076,7.37
4.0,0.7,2.5,3.0,0.8,7200,0.2,19,84.2,1.45,0.22,1.18,0.076,7.37
4.0,0.7,2.5,4.5,0.4,7200,0.2,19,84.2,1.45,0.22,1.18,0.076,7.37
4.0,0.7,2.5,4.5,0.6,7200,0.2,19,84.2,1.45,0.22,1.18,0.076,7.37
4.0,0.7,2.5,4.5,0.8,7200,0.2,19,84.2,1.45,0.22,1.18,0.076,7.37
4.0,1.0,1.5,3.0,0.4,3600,0.8,49,67.3,3.74,0.78,1.61,0.076,4.49
4.0,1.0,1.5,3.0,0.6,3600,0.8,49,67.3,3.74,0.78,1.61,0.076,4.49
4.0,1.0,1.5,3.0,0.8,3600,0.8,49,67.3,3.74,0.78,1.61,0.076,4.49
4.0,1.0,1.5,4.5,0.4,3600,0.8,49,67.3,3.74,0.78,1.61,0.076,4.49
4.0,1.0,1.5,4.5,0.6,3600,0.8,49,67.3,3.74,0.78,1.61,0.076,4.49
4.0,1.0,1.5,4.5,0.8,3600,0.8,49,67.3,3.74,0.78,1.61,0.076,4.49
4.0,1.0,2.5,3.0,0.4,3600,0.8,49,67.3,3.74,0.78,1.61,0.076,4.49
4.0,1.0,2.5,3.0,0.6,3600,0.8,49,67.3,3.74,0.78,1.61,0.076,4.49
4.0,1.0,2.5,3.0,0.8,3600,0.8,49,67.3,3.74,0.78,1.61,0.076,4.49
4.0,1.0,2.5,4.5,0.4,3600,0.8,49,67.3,3.74,0.78,1.61,0.076,4.49
4.0,1.0,2.5,4.5,0.6,3600,0.8,49,67.3,3.74,0.78,1.61,0.076,4.49
4.0,1.0,2.5,4.5,0.8,3600,0.8,49,67.3,3.74,0.78,1.61,0.076,4.49
4.0,1.5,2.5,3.0,0.4,3600,0.8,49,67.3,3.67,0.77,1.6,0.075,4.49
4.0,1.5,2.5,4.5,0.4,3600,0.8,49,67.3,3.67,0.77,1.6,0.075,4.49
2.0,1.0,1.5,3.0,0.4,1200,0.4,58,62.1,4.25,1.07,1.75,0.073,2.9
2.0,1.0,1.5,3.0,0.6,1200,0.4,58,62.1,4.25,1.07,1.75,0.073,2.9
2.0,1.0,1.5,3.0,0.8,1200,0.4,58,62.1,4.25,1.07,1.75,0.073,2.9
2.0,1.0,1.5,4.5,0.4,1200,0.4,58,62.1,4.25,1.07,1.75,0.073,2.9
2.0,1.0,1.5,4.5,0.6,1200,0.4,58,62.1,4.25,1.07,1.75,0.073,2.9
2.0,1.0,1.5,4.5,0.8,1200,0.4,58,62.1,4.25,1.07,1.75,0.073,2.9
2.0,1.0,2.5,3.0,0.4,1200,0.4,58,62.1,4.25,1.07,1.75,0.073,2.9
2.0,1.0,2.5,3.0,0.6,1200,0.4,58,62.1,4.25,1.07,1.75,0.073,2.9
2.0,1.0,2.5,3.0,0.8,1200,0.4,58,62.1,4.25,1.07,1.75,0.073,2.9
2.0,1.0,2.5,4.5,0.4,1200,0.4,58,62.1,4.25,1.07,1.75,0.073,2.9
2.0,1.0,2.5,4.5,0.6,1200,0.4,58,62.1,4.25,1.07,1.75,0.073,2.9
2.0,1.0,2.5,4.5,0.8,1200,0.4,58,62.1,4.25,1.07,1.75,0.073,2.9
4.0,0.7,1.5,3.0,0.4,7200,0.4,23,82.6,1.67,0.25,1.2,0.073,7.91
4.0,0.7,1.5,3.0,0.6,7200,0.4,23,82.6,1.67,0.25,1.2,0.073,7.91
4.0,0.7,1.5,3.0,0.8,7200,0.4,23,82.6,1.67,0.25,1.2,0.073,7.91
4.0,0.7,1.5,4.5,0.4,7200,0.4,23,82.6,1.67,0.25,1.2,0.073,7.91
4.0,0.7,1.5,4.5,0.6,7200,0.4,23,82.6,1.67,0.25,1.2,0.073,7.91
4.0,0.7,1.5,4.5,0.8,7200,0.4,23,82.6,1.67,0.25,1.2,0.073,7.91
4.0,0.7,2.5,3.0,0.4,7200,0.4,23,82.6,1.67,0.25,1.2,0.073,7.91
4.0,0.7,2.5,3.0,0.6,7200,0.4,23,82.6,1.67,0.25,1.2,0.073,7.91
4.0,0.7,2.5,3.0,0.8,7200,0.4,23,82.6,1.67,0.25,1.2,0.073,7.91
4.0,0.7,2.5,4.5,0.4,7200,0.4,23,82.6,1.67,0.25,1.2,0.073,7.91
4.0,0.7,2.5,4.5,0.6,7200,0.4,23,82.6,1.67,0.25,1.2,0.073,7.91
4.0,0.7,2.5,4.5,0.8,7200,0.4,23,82.6,1.67,0.25,1.2,0.073,7.91
5.0,0.7,1.5,3.0,0.4,7200,0.8,43,67.4,3.15,0.71,1.46,0.073,5.13
5.0,0.7,1.5,3.0,0.6,7200,0.8,43,67.4,3.15,0.71,1.46,0.073,5.13
5.0,0.7,1.5,3.0,0.8,7200,0.8,43,67.4,3.15,0.71,1.46,0.073,5.13
5.0,0.7,1.5,4.5,0.4,7200,0.8,43,67.4,3.15,0.71,1.46,0.073,5.13
5.0,0.7,1.5,4.5,0.6,7200,0.8,43,67.4,3.15,0.71,1.46,0.073,5.13
5.0,0.7,1.5,4.5,0.8,7200,0.8,43,67.4,3.15,0.71,1.46,0.073,5.13
5.0,0.7,2.5,3.0,0.4,7200,0.8,43,67.4,3.15,0.71,1.46,0.073,5.13
5.0,0.7,2.5,3.0,0.6,7200,0.8,43,67.4,3.15,0.71,1.46,0.073,5.13
5.0,0.7,2.5,3.0,0.8,7200,0.8,43,67.4,3.15,0.71,1.46,0.073,5.13
5.0,0.7,2.5,4.5,0.4,7200,0.8,43,67.4,3.15,0.71,1.46,0.073,5.13
5.0,0.7,2.5,4.5,0.6,7200,0.8,43,67.4,3.15,0.71,1.46,0.073,5.13
5.0,0.7,2.5,4.5,0.8,7200,0.8,43,67.4,3.15,0.71,1.46,0.073,5.13
3.0,1.5,2.5,3.0,0.6,14400,0.8,33,69.7,2.37,0.53,1.21,0.072,5.66
3.0,1.5,2.5,4.5,0.6,14400,0.8,33,69.7,2.37,0.53,1.21,0.072,5.66
2.0,1.0,1.5,3.0,0.4,1200,0.8,67,61.2,4.77,1.76,2.77,0.071,0.48
2.0,1.0,1.5,3.0,0.6,1200,0.8,67,61.2,4.77,1.76,2.77,0.071,0.48
2.0,1.0,1.5,3.0,0.8,1200,0.8,67,61.2,4.77,1.76,2.77,0.071,0.48
2.0,1.0,1.5,4.5,0.4,1200,0.8,67,61.2,4.77,1.76,2.77,0.071,0.48
2.0,1.0,1.5,4.5,0.6,1200,0.8,67,61.2,4.77,1.76,2.77,0.071,0.48
2.0,1.0,1.5,4.5,0.8,1200,0.8,67,61.2,4.77,1.76,2.77,0.071,0.48
2.0,1.0,2.5,3.0,0.4,1200,0.8,67,61.2,4.77,1.76,2.77,0.071,0.48
2.0,1.0,2.5,3.0,0.6,1200,0.8,67,61.2,4.77,1.76,2.77,0.071,0.48
2.0,1.0,2.5,3.0,0.8,1200,0.8,67,61.2,4.77,1.76,2.77,0.071,0.48
2.0,1.0,2.5,4.5,0.4,1200,0.8,67,61.2,4.77,1.76,2.77,0.071,0.48
2.0,1.0,2.5,4.5,0.6,1200,0.8,67,61.2,4.77,1.76,2.77,0.071,0.48
2.0,1.0,2.5,4.5,0.8,1200,0.8,67,61.2,4.77,1.76,2.77,0.071,0.48
3.0,1.0,1.5,3.0,0.4,1200,0.8,67,61.2,4.77,1.76,2.77,0.071,0.48
3.0,1.0,1.5,3.0,0.6,1200,0.8,67,61.2,4.77,1.76,2.77,0.071,0.48
3.0,1.0,1.5,3.0,0.8,1200,0.8,67,61.2,4.77,1.76,2.77,0.071,0.48
3.0,1.0,1.5,4.5,0.4,1200,0.8,67,61.2,4.77,1.76,2.77,0.071,0.48
3.0,1.0,1.5,4.5,0.6,1200,0.8,67,61.2,4.77,1.76,2.77,0.071,0.48
3.0,1.0,1.5,4.5,0.8,1200,0.8,67,61.2,4.77,1.76,2.77,0.071,0.48
3.0,1.0,2.5,3.0,0.4,1200,0.8,67,61.2,4.77,1.76,2.77,0.071,0.48
3.0,1.0,2.5,3.0,0.6,1200,0.8,67,61.2,4.77,1.76,2.77,0.071,0.48
3.0,1.0,2.5,3.0,0.8,1200,0.8,67,61.2,4.77,1.76,2.77,0.071,0.48
3.0,1.0,2.5,4.5,0.4,1200,0.8,67,61.2,4.77,1.76,2.77,0.071,0.48
3.0,1.0,2.5,4.5,0.6,1200,0.8,67,61.2,4.77,1.76,2.77,0.071,0.48
3.0,1.0,2.5,4.5,0.8,1200,0.8,67,61.2,4.77,1.76,2.77,0.071,0.48
4.0,1.0,1.5,3.0,0.4,1200,0.8,67,61.2,4.77,1.76,2.77,0.071,0.48
4.0,1.0,1.5,3.0,0.6,1200,0.8,67,61.2,4.77,1.76,2.77,0.071,0.48
4.0,1.0,1.5,3.0,0.8,1200,0.8,67,61.2,4.77,1.76,2.77,0.071,0.48
4.0,1.0,1.5,4.5,0.4,1200,0.8,67,61.2,4.77,1.76,2.77,0.071,0.48
4.0,1.0,1.5,4.5,0.6,1200,0.8,67,61.2,4.77,1.76,2.77,0.071,0.48
4.0,1.0,1.5,4.5,0.8,1200,0.8,67,61.2,4.77,1.76,2.77,0.071,0.48
4.0,1.0,2.5,3.0,0.4,1200,0.8,67,61.2,4.77,1.76,2.77,0.071,0.48
4.0,1.0,2.5,3.0,0.6,1200,0.8,67,61.2,4.77,1.76,2.77,0.071,0.48
4.0,1.0,2.5,3.0,0.8,1200,0.8,67,61.2,4.77,1.76,2.77,0.071,0.48
4.0,1.0,2.5,4.5,0.4,1200,0.8,67,61.2,4.77,1.76,2.77,0.071,0.48
4.0,1.0,2.5,4.5,0.6,1200,0.8,67,61.2,4.77,1.76,2.77,0.071,0.48
4.0,1.0,2.5,4.5,0.8,1200,0.8,67,61.2,4.77,1.76,2.77,0.071,0.48
5.0,1.0,1.5,3.0,0.4,1200,0.8,67,61.2,4.77,1.76,2.77,0.071,0.48
5.0,1.0,1.5,3.0,0.6,1200,0.8,67,61.2,4.77,1.76,2.77,0.071,0.48
5.0,1.0,1.5,3.0,0.8,1200,0.8,67,61.2,4.77,1.76,2.77,0.071,0.48
5.0,1.0,1.5,4.5,0.4,1200,0.8,67,61.2,4.77,1.76,2.77,0.071,0.48
5.0,1.0,1.5,4.5,0.6,1200,0.8,67,61.2,4.77,1.76,2.77,0.071,0.48
5.0,1.0,1.5,4.5,0.8,1200,0.8,67,61.2,4.77,1.76,2.77,0.071,0.48
5.0,1.0,2.5,3.0,0.4,1200,0.8,67,61.2,4.77,1.76,2.77,0.071,0.48
5.0,1.0,2.5,3.0,0.6,1200,0.8,67,61.2,4.77,1.76,2.77,0.071,0.48
5.0,1.0,2.5,3.0,0.8,1200,0.8,67,61.2,4.77,1.76,2.77,0.071,0.48
5.0,1.0,2.5,4.5,0.4,1200,0.8,67,61.2,4.77,1.76,2.77,0.071,0.48
5.0,1.0,2.5,4.5,0.6,1200,0.8,67,61.2,4.77,1.76,2.77,0.071,0.48
5.0,1.0,2.5,4.5,0.8,1200,0.8,67,61.2,4.77,1.76,2.77,0.071,0.48
2.0,1.5,2.5,3.0,0.6,1200,0.4,56,60.7,3.91,1.1,1.69,0.07,2.45
2.0,1.5,2.5,3.0,0.8,1200,0.4,56,60.7,3.92,1.1,1.7,0.07,2.45
2.0,1.5,2.5,4.5,0.6,1200,0.4,56,60.7,3.91,1.1,1.69,0.07,2.45
2.0,1.5,2.5,4.5,0.8,1200,0.4,56,60.7,3.92,1.1,1.7,0.07,2.45
3.0,1.5,2.5,3.0,0.4,7200,0.8,45,64.4,3.13,0.76,1.38,0.07,6.37
3.0,1.5,2.5,4.5,0.4,7200,0.8,45,64.4,3.13,0.76,1.38,0.07,6.37
4.0,0.7,1.5,3.0,0.4,3600,0.8,50,68.0,3.49,0.74,1.57,0.07,4.49
4.0,0.7,1.5,3.0,0.6,3600,0.8,50,68.0,3.49,0.74,1.57,0.07,4.49
4.0,0.7,1.5,3.0,0.8,3600,0.8,50,68.0,3.49,0.74,1.57,0.07,4.49
4.0,0.7,1.5,4.5,0.4,3600,0.8,50,68.0,3.49,0.74,1.57,0.07,4.49
4.0,0.7,1.5,4.5,0.6,3600,0.8,50,68.0,3.49,0.74,1.57,0.07,4.49
4.0,0.7,1.5,4.5,0.8,3600,0.8,50,68.0,3.49,0.74,1.57,0.07,4.49
4.0,0.7,2.5,3.0,0.4,3600,0.8,50,68.0,3.49,0.74,1.57,0.07,4.49
4.0,0.7,2.5,3.0,0.6,3600,0.8,50,68.0,3.49,0.74,1.57,0.07,4.49
4.0,0.7,2.5,3.0,0.8,3600,0.8,50,68.0,3.49,0.74,1.57,0.07,4.49
4.0,0.7,2.5,4.5,0.4,3600,0.8,50,68.0,3.49,0.74,1.57,0.07,4.49
4.0,0.7,2.5,4.5,0.6,3600,0.8,50,68.0,3.49,0.74,1.57,0.07,4.49
4.0,0.7,2.5,4.5,0.8,3600,0.8,50,68.0,3.49,0.74,1.57,0.07,4.49
4.0,0.7,1.5,3.0,0.4,3600,0.2,19,78.9,1.3,0.31,1.16,0.068,7.37
4.0,0.7,1.5,3.0,0.6,3600,0.2,19,78.9,1.3,0.31,1.16,0.068,7.37
4.0,0.7,1.5,3.0,0.8,3600,0.2,19,78.9,1.3,0.31,1.16,0.068,7.37
4.0,0.7,1.5,4.5,0.4,3600,0.2,19,78.9,1.3,0.31,1.16,0.068,7.37
4.0,0.7,1.5,4.5,0.6,3600,0.2,19,78.9,1.3,0.31,1.16,0.068,7.37
4.0,0.7,1.5,4.5,0.8,3600,0.2,19,78.9,1.3,0.31,1.16,0.068,7.37
4.0,0.7,2.5,3.0,0.4,3600,0.2,19,78.9,1.3,0.31,1.16,0.068,7.37
4.0,0.7,2.5,3.0,0.6,3600,0.2,19,78.9,1.3,0.31,1.16,0.068,7.37
4.0,0.7,2.5,3.0,0.8,3600,0.2,19,78.9,1.3,0.31,1.16,0.068,7.37
4.0,0.7,2.5,4.5,0.4,3600,0.2,19,78.9,1.3,0.31,1.16,0.068,7.37
4.0,0.7,2.5,4.5,0.6,3600,0.2,19,78.9,1.3,0.31,1.16,0.068,7.37
4.0,0.7,2.5,4.5,0.8,3600,0.2,19,78.9,1.3,0.31,1.16,0.068,7.37
2.0,0.7,1.5,3.0,0.4,1200,0.8,67,61.2,4.5,1.69,2.67,0.067,0.48
2.0,0.7,1.5,3.0,0.6,1200,0.8,67,61.2,4.5,1.69,2.67,0.067,0.48
2.0,0.7,1.5,3.0,0.8,1200,0.8,67,61.2,4.5,1.69,2.67,0.067,0.48
2.0,0.7,1.5,4.5,0.4,1200,0.8,67,61.2,4.5,1.69,2.67,0.067,0.48
2.0,0.7,1.5,4.5,0.6,1200,0.8,67,61.2,4.5,1.69,2.67,0.067,0.48
2.0,0.7,1.5,4.5,0.8,1200,0.8,67,61.2,4.5,1.69,2.67,0.067,0.48
2.0,0.7,2.5,3.0,0.4,1200,0.8,67,61.2,4.5,1.69,2.67,0.067,0.48
2.0,0.7,2.5,3.0,0.6,1200,0.8,67,61.2,4.5,1.69,2.67,0.067,0.48
2.0,0.7,2.5,3.0,0.8,1200,0.8,67,61.2,4.5,1.69,2.67,0.067,0.48
2.0,0.7,2.5,4.5,0.4,1200,0.8,67,61.2,4.5,1.69,2.67,0.067,0.48
2.0,0.7,2.5,4.5,0.6,1200,0.8,67,61.2,4.5,1.69,2.67,0.067,0.48
2.0,0.7,2.5,4.5,0.8,1200,0.8,67,61.2,4.5,1.69,2.67,0.067,0.48
2.0,1.5,2.5,3.0,0.4,1200,0.8,67,61.2,4.52,1.7,2.68,0.067,0.48
2.0,1.5,2.5,4.5,0.4,1200,0.8,67,61.2,4.52,1.7,2.68,0.067,0.48
3.0,0.7,1.5,3.0,0.4,1200,0.8,67,61.2,4.5,1.69,2.67,0.067,0.48
3.0,0.7,1.5,3.0,0.6,1200,0.8,67,61.2,4.5,1.69,2.67,0.067,0.48
3.0,0.7,1.5,3.0,0.8,1200,0.8,67,61.2,4.5,1.69,2.67,0.067,0.48
3.0,0.7,1.5,4.5,0.4,1200,0.8,67,61.2,4.5,1.69,2.67,0.067,0.48
3.0,0.7,1.5,4.5,0.6,1200,0.8,67,61.2,4.5,1.69,2.67,0.067,0.48
3.0,0.7,1.5,4.5,0.8,1200,0.8,67,61.2,4.5,1.69,2.67,0.067,0.48
3.0,0.7,2.5,3.0,0.4,1200,0.8,67,61.2,4.5,1.69,2.67,0.067,0.48
3.0,0.7,2.5,3.0,0.6,1200,0.8,67,61.2,4.5,1.69,2.67,0.067,0.48
3.0,0.7,2.5,3.0,0.8,1200,0.8,67,61.2,4.5,1.69,2.67,0.067,0.48
3.0,0.7,2.5,4.5,0.4,1200,0.8,67,61.2,4.5,1.69,2.67,0.067,0.48
3.0,0.7,2.5,4.5,0.6,1200,0.8,67,61.2,4.5,1.69,2.67,0.067,0.48
3.0,0.7,2.5,4.5,0.8,1200,0.8,67,61.2,4.5,1.69,2.67,0.067,0.48
3.0,1.5,2.5,3.0,0.4,1200,0.8,67,61.2,4.52,1.7,2.68,0.067,0.48
3.0,1.5,2.5,4.5,0.4,1200,0.8,67,61.2,4.52,1.7,2.68,0.067,0.48
4.0,0.7,1.5,3.0,0.4,1200,0.8,67,61.2,4.5,1.69,2.67,0.067,0.48
4.0,0.7,1.5,3.0,0.6,1200,0.8,67,61.2,4.5,1.69,2.67,0.067,0.48
4.0,0.7,1.5,3.0,0.8,1200,0.8,67,61.2,4.5,1.69,2.67,0.067,0.48
4.0,0.7,1.5,4.5,0.4,1200,0.8,67,61.2,4.5,1.69,2.67,0.067,0.48
4.0,0.7,1.5,4.5,0.6,1200,0.8,67,61.2,4.5,1.69,2.67,0.067,0.48
4.0,0.7,1.5,4.5,0.8,1200,0.8,67,61.2,4.5,1.69,2.67,0.067,0.48
4.0,0.7,2.5,3.0,0.4,1200,0.8,67,61.2,4.5,1.69,2.67,0.067,0.48
4.0,0.7,2.5,3.0,0.6,1200,0.8,67,61.2,4.5,1.69,2.67,0.067,0.48
4.0,0.7,2.5,3.0,0.8,1200,0.8,67,61.2,4.5,1.69,2.67,0.067,0.48
4.0,0.7,2.5,4.5,0.4,1200,0.8,67,61.2,4.5,1.69,2.67,0.067,0.48
4.0,0.7,2.5,4.5,0.6,1200,0.8,67,61.2,4.5,1.69,2.67,0.067,0.48
4.0,0.7,2.5,4.5,0.8,1200,0.8,67,61.2,4.5,1.69,2.67,0.067,0.48
4.0,1.5,2.5,3.0,0.4,1200,0.8,67,61.2,4.52,1.7,2.68,0.067,0.48
4.0,1.5,2.5,4.5,0.4,1200,0.8,67,61.2,4.52,1.7,2.68,0.067,0.48
5.0,0.7,1.5,3.0,0.4,1200,0.8,67,61.2,4.5,1.69,2.67,0.067,0.48
5.0,0.7,1.5,3.0,0.6,1200,0.8,67,61.2,4.5,1.69,2.67,0.067,0.48
5.0,0.7,1.5,3.0,0.8,1200,0.8,67,61.2,4.5,1.69,2.67,0.067,0.48
5.0,0.7,1.5,4.5,0.4,1200,0.8,67,61.2,4.5,1.69,2.67,0.067,0.48
5.0,0.7,1.5,4.5,0.6,1200,0.8,67,61.2,4.5,1.69,2.67,0.067,0.48
5.0,0.7,1.5,4.5,0.8,1200,0.8,67,61.2,4.5,1.69,2.67,0.067,0.48
5.0,0.7,2.5,3.0,0.4,1200,0.8,67,61.2,4.5,1.69,2.67,0.067,0.48
5.0,0.7,2.5,3.0,0.6,1200,0.8,67,61.2,4.5,1.69,2.67,0.067,0.48
5.0,0.7,2.5,3.0,0.8,1200,0.8,67,61.2,4.5,1.69,2.67,0.067,0.48
5.0,0.7,2.5,4.5,0.4,1200,0.8,67,61.2,4.5,1.69,2.67,0.067,0.48
5.0,0.7,2.5,4.5,0.6,1200,0.8,67,61.2,4.5,1.69,2.67,0.067,0.48
5.0,0.7,2.5,4.5,0.8,1200,0.8,67,61.2,4.5,1.69,2.67,0.067,0.48
5.0,1.5,2.5,3.0,0.4,1200,0.8,67,61.2,4.52,1.7,2.68,0.067,0.48
5.0,1.5,2.5,4.5,0.4,1200,0.8,67,61.2,4.52,1.7,2.68,0.067,0.48
3.0,0.7,1.5,3.0,0.4,2400,0.8,59,64.4,3.88,0.98,1.77,0.066,3.27
3.0,0.7,1.5,3.0,0.6,2400,0.8,59,64.4,3.88,0.98,1.77,0.066,3.27
3.0,0.7,1.5,3.0,0.8,2400,0.8,59,64.4,3.88,0.98,1.77,0.066,3.27
3.0,0.7,1.5,4.5,0.4,2400,0.8,59,64.4,3.88,0.98,1.77,0.066,3.27
3.0,0.7,1.5,4.5,0.6,2400,0.8,59,64.4,3.88,0.98,1.77,0.066,3.27
3.0,0.7,1.5,4.5,0.8,2400,0.8,59,64.4,3.88,0.98,1.77,0.066,3.27
3.0,0.7,2.5,3.0,0.4,2400,0.8,59,64.4,3.88,0.98,1.77,0.066,3.27
3.0,0.7,2.5,3.0,0.6,2400,0.8,59,64.4,3.88,0.98,1.77,0.066,3.27
3.0,0.7,2.5,3.0,0.8,2400,0.8,59,64.4,3.88,0.98,1.77,0.066,3.27
3.0,0.7,2.5,4.5,0.4,2400,0.8,59,64.4,3.88,0.98,1.77,0.066,3.27
3.0,0.7,2.5,4.5,0.6,2400,0.8,59,64.4,3.88,0.98,1.77,0.066,3.27
3.0,0.7,2.5,4.5,0.8,2400,0.8,59,64.4,3.88,0.98,1.77,0.066,3.27
4.0,0.7,1.5,3.0,0.4,14400,0.4,19,84.2,1.24,0.22,1.15,0.065,7.37
4.0,0.7,1.5,3.0,0.6,14400,0.4,19,84.2,1.24,0.22,1.15,0.065,7.37
4.0,0.7,1.5,3.0,0.8,14400,0.4,19,84.2,1.24,0.22,1.15,0.065,7.37
4.0,0.7,1.5,4.5,0.4,14400,0.4,19,84.2,1.24,0.22,1.15,0.065,7.37
4.0,0.7,1.5,4.5,0.6,14400,0.4,19,84.2,1.24,0.22,1.15,0.065,7.37
4.0,0.7,1.5,4.5,0.8,14400,0.4,19,84.2,1.24,0.22,1.15,0.065,7.37
4.0,0.7,2.5,3.0,0.4,14400,0.4,19,84.2,1.24,0.22,1.15,0.065,7.37
4.0,0.7,2.5,3.0,0.6,14400,0.4,19,84.2,1.24,0.22,1.15,0.065,7.37
4.0,0.7,2.5,3.0,0.8,14400,0.4,19,84.2,1.24,0.22,1.15,0.065,7.37
4.0,0.7,2.5,4.5,0.4,14400,0.4,19,84.2,1.24,0.22,1.15,0.065,7.37
4.0,0.7,2.5,4.5,0.6,14400,0.4,19,84.2,1.24,0.22,1.15,0.065,7.37
4.0,0.7,2.5,4.5,0.8,14400,0.4,19,84.2,1.24,0.22,1.15,0.065,7.37
4.0,1.5,2.5,3.0,0.6,3600,0.8,49,67.3,3.19,0.74,1.52,0.065,4.49
4.0,1.5,2.5,4.5,0.6,3600,0.8,49,67.3,3.19,0.74,1.52,0.065,4.49
2.0,1.5,2.5,3.0,0.6,3600,0.8,53,66.0,3.33,0.79,1.54,0.063,3.25
2.0,1.5,2.5,4.5,0.6,3600,0.8,53,66.0,3.33,0.79,1.54,0.063,3.25
4.0,1.5,2.5,3.0,0.4,1200,0.4,53,62.3,3.33,0.98,1.61,0.063,4.0
4.0,1.5,2.5,4.5,0.4,1200,0.4,53,62.3,3.33,0.98,1.61,0.063,4.0
2.0,1.5,2.5,3.0,0.8,3600,0.8,51,64.7,3.12,0.82,1.5,0.061,3.25
2.0,1.5,2.5,4.5,0.8,3600,0.8,51,64.7,3.12,0.82,1.5,0.061,3.25
3.0,1.0,1.5,3.0,0.4,7200,0.8,45,64.4,2.76,0.74,1.33,0.061,6.37
3.0,1.0,1.5,3.0,0.6,7200,0.8,45,64.4,2.76,0.74,1.33,0.061,6.37
3.0,1.0,1.5,3.0,0.8,7200,0.8,45,64.4,2.76,0.74,1.33,0.061,6.37
3.0,1.0,1.5,4.5,0.4,7200,0.8,45,64.4,2.76,0.74,1.33,0.061,6.37
3.0,1.0,1.5,4.5,0.6,7200,0.8,45,64.4,2.76,0.74,1.33,0.061,6.37
3.0,1.0,1.5,4.5,0.8,7200,0.8,45,64.4,2.76,0.74,1.33,0.061,6.37
3.0,1.0,2.5,3.0,0.4,7200,0.8,45,64.4,2.76,0.74,1.33,0.061,6.37
3.0,1.0,2.5,3.0,0.6,7200,0.8,45,64.4,2.76,0.74,1.33,0.061,6.37
3.0,1.0,2.5,3.0,0.8,7200,0.8,45,64.4,2.76,0.74,1.33,0.061,6.37
3.0,1.0,2.5,4.5,0.4,7200,0.8,45,64.4,2.76,0.74,1.33,0.061,6.37
3.0,1.0,2.5,4.5,0.6,7200,0.8,45,64.4,2.76,0.74,1.33,0.061,6.37
3.0,1.0,2.5,4.5,0.8,7200,0.8,45,64.4,2.76,0.74,1.33,0.061,6.37
2.0,0.7,1.5,3.0,0.4,2400,0.4,32,68.8,1.89,0.58,1.28,0.059,4.18
2.0,0.7,1.5,3.0,0.6,2400,0.4,32,68.8,1.89,0.58,1.28,0.059,4.18
2.0,0.7,1.5,3.0,0.8,2400,0.4,32,68.8,1.89,0.58,1.28,0.059,4.18
2.0,0.7,1.5,4.5,0.4,2400,0.4,32,68.8,1.89,0.58,1.28,0.059,4.18
2.0,0.7,1.5,4.5,0.6,2400,0.4,32,68.8,1.89,0.58,1.28,0.059,4.18
2.0,0.7,1.5,4.5,0.8,2400,0.4,32,68.8,1.89,0.58,1.28,0.059,4.18
2.0,0.7,2.5,3.0,0.4,2400,0.4,32,68.8,1.89,0.58,1.28,0.059,4.18
2.0,0.7,2.5,3.0,0.6,2400,0.4,32,68.8,1.89,0.58,1.28,0.059,4.18
2.0,0.7,2.5,3.0,0.8,2400,0.4,32,68.8,1.89,0.58,1.28,0.059,4.18
2.0,0.7,2.5,4.5,0.4,2400,0.4,32,68.8,1.89,0.58,1.28,0.059,4.18
2.0,0.7,2.5,4.5,0.6,2400,0.4,32,68.8,1.89,0.58,1.28,0.059,4.18
2.0,0.7,2.5,4.5,0.8,2400,0.4,32,68.8,1.89,0.58,1.28,0.059,4.18
4.0,1.0,1.5,3.0,0.4,1200,0.4,53,62.3,3.15,0.96,1.58,0.059,4.0
4.0,1.0,1.5,3.0,0.6,1200,0.4,53,62.3,3.15,0.96,1.58,0.059,4.0
4.0,1.0,1.5,3.0,0.8,1200,0.4,53,62.3,3.15,0.96,1.58,0.059,4.0
4.0,1.0,1.5,4.5,0.4,1200,0.4,53,62.3,3.15,0.96,1.58,0.059,4.0
4.0,1.0,1.5,4.5,0.6,1200,0.4,53,62.3,3.15,0.96,1.58,0.059,4.0
4.0,1.0,1.5,4.5,0.8,1200,0.4,53,62.3,3.15,0.96,1.58,0.059,4.0
4.0,1.0,2.5,3.0,0.4,1200,0.4,53,62.3,3.15,0.96,1.58,0.059,4.0
4.0,1.0,2.5,3.0,0.6,1200,0.4,53,62.3,3.15,0.96,1.58,0.059,4.0
4.0,1.0,2.5,3.0,0.8,1200,0.4,53,62.3,3.15,0.96,1.58,0.059,4.0
4.0,1.0,2.5,4.5,0.4,1200,0.4,53,62.3,3.15,0.96,1.58,0.059,4.0
4.0,1.0,2.5,4.5,0.6,1200,0.4,53,62.3,3.15,0.96,1.58,0.059,4.0
4.0,1.0,2.5,4.5,0.8,1200,0.4,53,62.3,3.15,0.96,1.58,0.059,4.0
4.0,1.5,2.5,3.0,0.6,1200,0.4,51,60.8,2.97,1.0,1.55,0.058,4.0
4.0,1.5,2.5,4.5,0.6,1200,0.4,51,60.8,2.97,1.0,1.55,0.058,4.0
5.0,1.0,1.5,3.0,0.4,3600,0.8,49,67.3,2.74,0.67,1.38,0.056,5.49
5.0,1.0,1.5,3.0,0.6,3600,0.8,49,67.3,2.74,0.67,1.38,0.056,5.49
5.0,1.0,1.5,3.0,0.8,3600,0.8,49,67.3,2.74,0.67,1.38,0.056,5.49
5.0,1.0,1.5,4.5,0.4,3600,0.8,49,67.3,2.74,0.67,1.38,0.056,5.49
5.0,1.0,1.5,4.5,0.6,3600,0.8,49,67.3,2.74,0.67,1.38,0.056,5.49
5.0,1.0,1.5,4.5,0.8,3600,0.8,49,67.3,2.74,0.67,1.38,0.056,5.49
5.0,1.0,2.5,3.0,0.4,3600,0.8,49,67.3,2.74,0.67,1.38,0.056,5.49
5.0,1.0,2.5,3.0,0.6,3600,0.8,49,67.3,2.74,0.67,1.38,0.056,5.49
5.0,1.0,2.5,3.0,0.8,3600,0.8,49,67.3,2.74,0.67,1.38,0.056,5.49
5.0,1.0,2.5,4.5,0.4,3600,0.8,49,67.3,2.74,0.67,1.38,0.056,5.49
5.0,1.0,2.5,4.5,0.6,3600,0.8,49,67.3,2.74,0.67,1.38,0.056,5.49
5.0,1.0,2.5,4.5,0.8,3600,0.8,49,67.3,2.74,0.67,1.38,0.056,5.49
4.0,1.5,2.5,3.0,0.4,2400,0.8,53,66.0,2.89,0.78,1.51,0.055,4.32
4.0,1.5,2.5,4.5,0.4,2400,0.8,53,66.0,2.89,0.78,1.51,0.055,4.32
5.0,1.5,2.5,3.0,0.4,3600,0.8,49,67.3,2.67,0.67,1.37,0.054,5.49
5.0,1.5,2.5,4.5,0.4,3600,0.8,49,67.3,2.67,0.67,1.37,0.054,5.49
4.0,0.7,1.5,3.0,0.4,1200,0.4,35,65.7,1.81,0.71,1.36,0.052,4.21
4.0,0.7,1.5,3.0,0.6,1200,0.4,35,65.7,1.81,0.71,1.36,0.052,4.21
4.0,0.7,1.5,3.0,0.8,1200,0.4,35,65.7,1.81,0.71,1.36,0.052,4.21
4.0,0.7,1.5,4.5,0.4,1200,0.4,35,65.7,1.81,0.71,1.36,0.052,4.21
4.0,0.7,1.5,4.5,0.6,1200,0.4,35,65.7,1.81,0.71,1.36,0.052,4.21
4.0,0.7,1.5,4.5,0.8,1200,0.4,35,65.7,1.81,0.71,1.36,0.052,4.21
4.0,0.7,2.5,3.0,0.4,1200,0.4,35,65.7,1.81,0.71,1.36,0.052,4.21
4.0,0.7,2.5,3.0,0.6,1200,0.4,35,65.7,1.81,0.71,1.36,0.052,4.21
4.0,0.7,2.5,3.0,0.8,1200,0.4,35,65.7,1.81,0.71,1.36,0.052,4.21
4.0,0.7,2.5,4.5,0.4,1200,0.4,35,65.7,1.81,0.71,1.36,0.052,4.21
4.0,0.7,2.5,4.5,0.6,1200,0.4,35,65.7,1.81,0.71,1.36,0.052,4.21
4.0,0.7,2.5,4.5,0.8,1200,0.4,35,65.7,1.81,0.71,1.36,0.052,4.21
4.0,1.0,1.5,3.0,0.4,2400,0.8,53,66.0,2.72,0.76,1.48,0.051,4.32
4.0,1.0,1.5,3.0,0.6,2400,0.8,53,66.0,2.72,0.76,1.48,0.051,4.32
4.0,1.0,1.5,3.0,0.8,2400,0.8,53,66.0,2.72,0.76,1.48,0.051,4.32
4.0,1.0,1.5,4.5,0.4,2400,0.8,53,66.0,2.72,0.76,1.48,0.051,4.32
4.0,1.0,1.5,4.5,0.6,2400,0.8,53,66.0,2.72,0.76,1.48,0.051,4.32
4.0,1.0,1.5,4.5,0.8,2400,0.8,53,66.0,2.72,0.76,1.48,0.051,4.32
4.0,1.0,2.5,3.0,0.4,2400,0.8,53,66.0,2.72,0.76,1.48,0.051,4.32
4.0,1.0,2.5,3.0,0.6,2400,0.8,53,66.0,2.72,0.76,1.48,0.051,4.32
4.0,1.0,2.5,3.0,0.8,2400,0.8,53,66.0,2.72,0.76,1.48,0.051,4.32
4.0,1.0,2.5,4.5,0.4,2400,0.8,53,66.0,2.72,0.76,1.48,0.051,4.32
4.0,1.0,2.5,4.5,0.6,2400,0.8,53,66.0,2.72,0.76,1.48,0.051,4.32
4.0,1.0,2.5,4.5,0.8,2400,0.8,53,66.0,2.72,0.76,1.48,0.051,4.32
2.0,1.0,1.5,3.0,0.4,2400,0.8,58,63.8,2.91,0.84,1.49,0.05,3.48
2.0,1.0,1.5,3.0,0.6,2400,0.8,58,63.8,2.91,0.84,1.49,0.05,3.48
2.0,1.0,1.5,3.0,0.8,2400,0.8,58,63.8,2.91,0.84,1.49,0.05,3.48
2.0,1.0,1.5,4.5,0.4,2400,0.8,58,63.8,2.91,0.84,1.49,0.05,3.48
2.0,1.0,1.5,4.5,0.6,2400,0.8,58,63.8,2.91,0.84,1.49,0.05,3.48
2.0,1.0,1.5,4.5,0.8,2400,0.8,58,63.8,2.91,0.84,1.49,0.05,3.48
2.0,1.0,2.5,3.0,0.4,2400,0.8,58,63.8,2.91,0.84,1.49,0.05,3.48
2.0,1.0,2.5,3.0,0.6,2400,0.8,58,63.8,2.91,0.84,1.49,0.05,3.48
2.0,1.0,2.5,3.0,0.8,2400,0.8,58,63.8,2.91,0.84,1.49,0.05,3.48
2.0,1.0,2.5,4.5,0.4,2400,0.8,58,63.8,2.91,0.84,1.49,0.05,3.48
2.0,1.0,2.5,4.5,0.6,2400,0.8,58,63.8,2.91,0.84,1.49,0.05,3.48
2.0,1.0,2.5,4.5,0.8,2400,0.8,58,63.8,2.91,0.84,1.49,0.05,3.48
3.0,1.5,2.5,3.0,0.6,7200,0.8,45,64.4,2.25,0.7,1.27,0.05,6.37
3.0,1.5,2.5,4.5,0.6,7200,0.8,45,64.4,2.25,0.7,1.27,0.05,6.37
4.0,1.5,2.5,3.0,0.8,3600,0.8,47,66.0,2.37,0.71,1.38,0.05,4.49
4.0,1.5,2.5,4.5,0.8,3600,0.8,47,66.0,2.37,0.71,1.38,0.05,4.49
5.0,0.7,1.5,3.0,0.4,3600,0.8,50,68.0,2.49,0.63,1.35,0.05,5.49
5.0,0.7,1.5,3.0,0.6,3600,0.8,50,68.0,2.49,0.63,1.35,0.05,5.49
5.0,0.7,1.5,3.0,0.8,3600,0.8,50,68.0,2.49,0.63,1.35,0.05,5.49
5.0,0.7,1.5,4.5,0.4,3600,0.8,50,68.0,2.49,0.63,1.35,0.05,5.49
5.0,0.7,1.5,4.5,0.6,3600,0.8,50,68.0,2.49,0.63,1.35,0.05,5.49
5.0,0.7,1.5,4.5,0.8,3600,0.8,50,68.0,2.49,0.63,1.35,0.05,5.49
5.0,0.7,2.5,3.0,0.4,3600,0.8,50,68.0,2.49,0.63,1.35,0.05,5.49
5.0,0.7,2.5,3.0,0.6,3600,0.8,50,68.0,2.49,0.63,1.35,0.05,5.49
5.0,0.7,2.5,3.0,0.8,3600,0.8,50,68.0,2.49,0.63,1.35,0.05,5.49
5.0,0.7,2.5,4.5,0.4,3600,0.8,50,68.0,2.49,0.63,1.35,0.05,5.49
5.0,0.7,2.5,4.5,0.6,3600,0.8,50,68.0,2.49,0.63,1.35,0.05,5.49
5.0,0.7,2.5,4.5,0.8,3600,0.8,50,68.0,2.49,0.63,1.35,0.05,5.49
4.0,1.5,2.5,3.0,0.6,2400,0.8,53,66.0,2.61,0.75,1.46,0.049,4.32
4.0,1.5,2.5,4.5,0.6,2400,0.8,53,66.0,2.61,0.75,1.46,0.049,4.32
5.0,1.5,2.5,3.0,0.4,14400,0.8,32,71.9,1.56,0.44,1.13,0.049,5.4
5.0,1.5,2.5,4.5,0.4,14400,0.8,32,71.9,1.56,0.44,1.13,0.049,5.4
4.0,1.5,2.5,3.0,0.8,1200,0.4,51,60.8,2.37,0.93,1.44,0.046,4.0
4.0,1.5,2.5,4.5,0.8,1200,0.4,51,60.8,2.37,0.93,1.44,0.046,4.0
2.0,1.5,2.5,3.0,0.4,2400,0.8,58,63.8,2.63,0.82,1.44,0.045,3.48
2.0,1.5,2.5,4.5,0.4,2400,0.8,58,63.8,2.63,0.82,1.44,0.045,3.48
5.0,1.5,2.5,3.0,0.6,3600,0.8,49,67.3,2.19,0.63,1.31,0.045,5.49
5.0,1.5,2.5,4.5,0.6,3600,0.8,49,67.3,2.19,0.63,1.31,0.045,5.49
5.0,1.5,2.5,3.0,0.4,1200,0.4,53,62.3,2.33,0.83,1.36,0.044,5.0
5.0,1.5,2.5,4.5,0.4,1200,0.4,53,62.3,2.33,0.83,1.36,0.044,5.0
5.0,0.7,1.5,3.0,0.4,2400,0.4,25,76.0,1.07,0.38,1.19,0.043,5.0
5.0,0.7,1.5,3.0,0.6,2400,0.4,25,76.0,1.07,0.38,1.19,0.043,5.0
5.0,0.7,1.5,3.0,0.8,2400,0.4,25,76.0,1.07,0.38,1.19,0.043,5.0
5.0,0.7,1.5,4.5,0.4,2400,0.4,25,76.0,1.07,0.38,1.19,0.043,5.0
5.0,0.7,1.5,4.5,0.6,2400,0.4,25,76.0,1.07,0.38,1.19,0.043,5.0
5.0,0.7,1.5,4.5,0.8,2400,0.4,25,76.0,1.07,0.38,1.19,0.043,5.0
5.0,0.7,2.5,3.0,0.4,2400,0.4,25,76.0,1.07,0.38,1.19,0.043,5.0
5.0,0.7,2.5,3.0,0.6,2400,0.4,25,76.0,1.07,0.38,1.19,0.043,5.0
5.0,0.7,2.5,3.0,0.8,2400,0.4,25,76.0,1.07,0.38,1.19,0.043,5.0
5.0,0.7,2.5,4.5,0.4,2400,0.4,25,76.0,1.07,0.38,1.19,0.043,5.0
5.0,0.7,2.5,4.5,0.6,2400,0.4,25,76.0,1.07,0.38,1.19,0.043,5.0
5.0,0.7,2.5,4.5,0.8,2400,0.4,25,76.0,1.07,0.38,1.19,0.043,5.0
5.0,1.5,2.5,3.0,0.6,14400,0.8,31,71.0,1.33,0.45,1.11,0.043,5.4
5.0,1.5,2.5,4.5,0.6,14400,0.8,31,71.0,1.33,0.45,1.11,0.043,5.4
3.0,1.5,2.5,3.0,0.8,7200,0.8,43,62.8,1.79,0.72,1.22,0.042,6.37
3.0,1.5,2.5,4.5,0.8,7200,0.8,43,62.8,1.79,0.72,1.22,0.042,6.37
2.0,1.5,2.5,3.0,0.6,2400,0.8,58,63.8,2.35,0.79,1.39,0.041,3.48
2.0,1.5,2.5,4.5,0.6,2400,0.8,58,63.8,2.35,0.79,1.39,0.041,3.48
5.0,1.0,1.5,3.0,0.4,1200,0.4,53,62.3,2.15,0.81,1.33,0.041,5.0
5.0,1.0,1.5,3.0,0.6,1200,0.4,53,62.3,2.15,0.81,1.33,0.041,5.0
5.0,1.0,1.5,3.0,0.8,1200,0.4,53,62.3,2.15,0.81,1.33,0.041,5.0
5.0,1.0,1.5,4.5,0.4,1200,0.4,53,62.3,2.15,0.81,1.33,0.041,5.0
5.0,1.0,1.5,4.5,0.6,1200,0.4,53,62.3,2.15,0.81,1.33,0.041,5.0
5.0,1.0,1.5,4.5,0.8,1200,0.4,53,62.3,2.15,0.81,1.33,0.041,5.0
5.0,1.0,2.5,3.0,0.4,1200,0.4,53,62.3,2.15,0.81,1.33,0.041,5.0
5.0,1.0,2.5,3.0,0.6,1200,0.4,53,62.3,2.15,0.81,1.33,0.041,5.0
5.0,1.0,2.5,3.0,0.8,1200,0.4,53,62.3,2.15,0.81,1.33,0.041,5.0
5.0,1.0,2.5,4.5,0.4,1200,0.4,53,62.3,2.15,0.81,1.33,0.041,5.0
5.0,1.0,2.5,4.5,0.6,1200,0.4,53,62.3,2.15,0.81,1.33,0.041,5.0
5.0,1.0,2.5,4.5,0.8,1200,0.4,53,62.3,2.15,0.81,1.33,0.041,5.0
4.0,0.7,1.5,3.0,0.4,2400,0.8,58,63.8,2.31,0.78,1.38,0.04,4.59
4.0,0.7,1.5,3.0,0.6,2400,0.8,58,63.8,2.31,0.78,1.38,0.04,4.59
4.0,0.7,1.5,3.0,0.8,2400,0.8,58,63.8,2.31,0.78,1.38,0.04,4.59
4.0,0.7,1.5,4.5,0.4,2400,0.8,58,63.8,2.31,0.78,1.38,0.04,4.59
4.0,0.7,1.5,4.5,0.6,2400,0.8,58,63.8,2.31,0.78,1.38,0.04,4.59
4.0,0.7,1.5,4.5,0.8,2400,0.8,58,63.8,2.31,0.78,1.38,0.04,4.59
4.0,0.7,2.5,3.0,0.4,2400,0.8,58,63.8,2.31,0.78,1.38,0.04,4.59
4.0,0.7,2.5,3.0,0.6,2400,0.8,58,63.8,2.31,0.78,1.38,0.04,4.59
4.0,0.7,2.5,3.0,0.8,2400,0.8,58,63.8,2.31,0.78,1.38,0.04,4.59
4.0,0.7,2.5,4.5,0.4,2400,0.8,58,63.8,2.31,0.78,1.38,0.04,4.59
4.0,0.7,2.5,4.5,0.6,2400,0.8,58,63.8,2.31,0.78,1.38,0.04,4.59
4.0,0.7,2.5,4.5,0.8,2400,0.8,58,63.8,2.31,0.78,1.38,0.04,4.59
5.0,1.5,2.5,3.0,0.6,1200,0.4,51,60.8,1.97,0.84,1.31,0.039,5.0
5.0,1.5,2.5,4.5,0.6,1200,0.4,51,60.8,1.97,0.84,1.31,0.039,5.0
3.0,1.0,1.5,3.0,0.4,3600,0.8,52,65.4,1.98,0.66,1.24,0.038,5.76
3.0,1.0,1.5,3.0,0.6,3600,0.8,52,65.4,1.98,0.66,1.24,0.038,5.76
3.0,1.0,1.5,3.0,0.8,3600,0.8,52,65.4,1.98,0.66,1.24,0.038,5.76
3.0,1.0,1.5,4.5,0.4,3600,0.8,52,65.4,1.98,0.66,1.24,0.038,5.76
3.0,1.0,1.5,4.5,0.6,3600,0.8,52,65.4,1.98,0.66,1.24,0.038,5.76
3.0,1.0,1.5,4.5,0.8,3600,0.8,52,65.4,1.98,0.66,1.24,0.038,5.76
3.0,1.0,2.5,3.0,0.4,3600,0.8,52,65.4,1.98,0.66,1.24,0.038,5.76
3.0,1.0,2.5,3.0,0.6,3600,0.8,52,65.4,1.98,0.66,1.24,0.038,5.76
3.0,1.0,2.5,3.0,0.8,3600,0.8,52,65.4,1.98,0.66,1.24,0.038,5.76
3.0,1.0,2.5,4.5,0.4,3600,0.8,52,65.4,1.98,0.66,1.24,0.038,5.76
3.0,1.0,2.5,4.5,0.6,3600,0.8,52,65.4,1.98,0.66,1.24,0.038,5.76
3.0,1.0,2.5,4.5,0.8,3600,0.8,52,65.4,1.98,0.66,1.24,0.038,5.76
4.0,1.5,2.5,3.0,0.8,2400,0.8,51,64.7,1.91,0.73,1.34,0.037,4.32
4.0,1.5,2.5,4.5,0.8,2400,0.8,51,64.7,1.91,0.73,1.34,0.037,4.32
4.0,0.7,1.5,3.0,0.4,2400,0.2,21,76.2,0.76,0.34,1.09,0.036,8.01
4.0,0.7,1.5,3.0,0.6,2400,0.2,21,76.2,0.76,0.34,1.09,0.036,8.01
4.0,0.7,1.5,3.0,0.8,2400,0.2,21,76.2,0.76,0.34,1.09,0.036,8.01
4.0,0.7,1.5,4.5,0.4,2400,0.2,21,76.2,0.76,0.34,1.09,0.036,8.01
4.0,0.7,1.5,4.5,0.6,2400,0.2,21,76.2,0.76,0.34,1.09,0.036,8.01
4.0,0.7,1.5,4.5,0.8,2400,0.2,21,76.2,0.76,0.34,1.09,0.036,8.01
4.0,0.7,2.5,3.0,0.4,2400,0.2,21,76.2,0.76,0.34,1.09,0.036,8.01
4.0,0.7,2.5,3.0,0.6,2400,0.2,21,76.2,0.76,0.34,1.09,0.036,8.01
4.0,0.7,2.5,3.0,0.8,2400,0.2,21,76.2,0.76,0.34,1.09,0.036,8.01
4.0,0.7,2.5,4.5,0.4,2400,0.2,21,76.2,0.76,0.34,1.09,0.036,8.01
4.0,0.7,2.5,4.5,0.6,2400,0.2,21,76.2,0.76,0.34,1.09,0.036,8.01
4.0,0.7,2.5,4.5,0.8,2400,0.2,21,76.2,0.76,0.34,1.09,0.036,8.01
5.0,1.5,2.5,3.0,0.4,2400,0.8,53,66.0,1.89,0.66,1.28,0.036,5.32
5.0,1.5,2.5,4.5,0.4,2400,0.8,53,66.0,1.89,0.66,1.28,0.036,5.32
5.0,1.0,1.5,3.0,0.4,2400,0.8,53,66.0,1.72,0.65,1.26,0.032,5.32
5.0,1.0,1.5,3.0,0.6,2400,0.8,53,66.0,1.72,0.65,1.26,0.032,5.32
5.0,1.0,1.5,3.0,0.8,2400,0.8,53,66.0,1.72,0.65,1.26,0.032,5.32
5.0,1.0,1.5,4.5,0.4,2400,0.8,53,66.0,1.72,0.65,1.26,0.032,5.32
5.0,1.0,1.5,4.5,0.6,2400,0.8,53,66.0,1.72,0.65,1.26,0.032,5.32
5.0,1.0,1.5,4.5,0.8,2400,0.8,53,66.0,1.72,0.65,1.26,0.032,5.32
5.0,1.0,2.5,3.0,0.4,2400,0.8,53,66.0,1.72,0.65,1.26,0.032,5.32
5.0,1.0,2.5,3.0,0.6,2400,0.8,53,66.0,1.72,0.65,1.26,0.032,5.32
5.0,1.0,2.5,3.0,0.8,2400,0.8,53,66.0,1.72,0.65,1.26,0.032,5.32
5.0,1.0,2.5,4.5,0.4,2400,0.8,53,66.0,1.72,0.65,1.26,0.032,5.32
5.0,1.0,2.5,4.5,0.6,2400,0.8,53,66.0,1.72,0.65,1.26,0.032,5.32
5.0,1.0,2.5,4.5,0.8,2400,0.8,53,66.0,1.72,0.65,1.26,0.032,5.32
5.0,1.5,2.5,3.0,0.6,2400,0.8,53,66.0,1.61,0.64,1.24,0.03,5.32
5.0,1.5,2.5,4.5,0.6,2400,0.8,53,66.0,1.61,0.64,1.24,0.03,5.32
2.0,1.5,2.5,3.0,0.8,2400,0.8,56,62.5,1.65,0.77,1.28,0.029,3.48
2.0,1.5,2.5,4.5,0.8,2400,0.8,56,62.5,1.65,0.77,1.28,0.029,3.48
3.0,1.5,2.5,3.0,0.4,3600,0.8,52,65.4,1.5,0.63,1.18,0.029,5.76
3.0,1.5,2.5,4.5,0.4,3600,0.8,52,65.4,1.5,0.63,1.18,0.029,5.76
5.0,1.0,1.5,3.0,0.4,14400,0.8,33,72.7,0.95,0.4,1.08,0.029,5.4
5.0,1.0,1.5,3.0,0.6,14400,0.8,33,72.7,0.95,0.4,1.08,0.029,5.4
5.0,1.0,1.5,3.0,0.8,14400,0.8,33,72.7,0.95,0.4,1.08,0.029,5.4
5.0,1.0,1.5,4.5,0.4,14400,0.8,33,72.7,0.95,0.4,1.08,0.029,5.4
5.0,1.0,1.5,4.5,0.6,14400,0.8,33,72.7,0.95,0.4,1.08,0.029,5.4
5.0,1.0,1.5,4.5,0.8,14400,0.8,33,72.7,0.95,0.4,1.08,0.029,5.4
5.0,1.0,2.5,3.0,0.4,14400,0.8,33,72.7,0.95,0.4,1.08,0.029,5.4
5.0,1.0,2.5,3.0,0.6,14400,0.8,33,72.7,0.95,0.4,1.08,0.029,5.4
5.0,1.0,2.5,3.0,0.8,14400,0.8,33,72.7,0.95,0.4,1.08,0.029,5.4
5.0,1.0,2.5,4.5,0.4,14400,0.8,33,72.7,0.95,0.4,1.08,0.029,5.4
5.0,1.0,2.5,4.5,0.6,14400,0.8,33,72.7,0.95,0.4,1.08,0.029,5.4
5.0,1.0,2.5,4.5,0.8,14400,0.8,33,72.7,0.95,0.4,1.08,0.029,5.4
5.0,1.5,2.5,3.0,0.8,3600,0.8,47,66.0,1.37,0.61,1.19,0.029,5.49
5.0,1.5,2.5,4.5,0.8,3600,0.8,47,66.0,1.37,0.61,1.19,0.029,5.49
5.0,1.5,2.5,3.0,0.8,1200,0.4,51,60.8,1.37,0.78,1.21,0.027,5.0
5.0,1.5,2.5,4.5,0.8,1200,0.4,51,60.8,1.37,0.78,1.21,0.027,5.0
2.0,0.7,1.5,3.0,0.4,14400,0.8,41,65.9,1.08,0.57,1.1,0.026,5.2
2.0,0.7,1.5,3.0,0.6,14400,0.8,41,65.9,1.08,0.57,1.1,0.026,5.2
2.0,0.7,1.5,3.0,0.8,14400,0.8,41,65.9,1.08,0.57,1.1,0.026,5.2
2.0,0.7,1.5,4.5,0.4,14400,0.8,41,65.9,1.08,0.57,1.1,0.026,5.2
2.0,0.7,1.5,4.5,0.6,14400,0.8,41,65.9,1.08,0.57,1.1,0.026,5.2
2.0,0.7,1.5,4.5,0.8,14400,0.8,41,65.9,1.08,0.57,1.1,0.026,5.2
2.0,0.7,2.5,3.0,0.4,14400,0.8,41,65.9,1.08,0.57,1.1,0.026,5.2
2.0,0.7,2.5,3.0,0.6,14400,0.8,41,65.9,1.08,0.57,1.1,0.026,5.2
2.0,0.7,2.5,3.0,0.8,14400,0.8,41,65.9,1.08,0.57,1.1,0.026,5.2
2.0,0.7,2.5,4.5,0.4,14400,0.8,41,65.9,1.08,0.57,1.1,0.026,5.2
2.0,0.7,2.5,4.5,0.6,14400,0.8,41,65.9,1.08,0.57,1.1,0.026,5.2
2.0,0.7,2.5,4.5,0.8,14400,0.8,41,65.9,1.08,0.57,1.1,0.026,5.2
3.0,0.7,1.5,3.0,0.4,2400,0.4,28,71.4,0.69,0.44,1.1,0.025,5.38
3.0,0.7,1.5,3.0,0.6,2400,0.4,28,71.4,0.69,0.44,1.1,0.025,5.38
3.0,0.7,1.5,3.0,0.8,2400,0.4,28,71.4,0.69,0.44,1.1,0.025,5.38
3.0,0.7,1.5,4.5,0.4,2400,0.4,28,71.4,0.69,0.44,1.1,0.025,5.38
3.0,0.7,1.5,4.5,0.6,2400,0.4,28,71.4,0.69,0.44,1.1,0.025,5.38
3.0,0.7,1.5,4.5,0.8,2400,0.4,28,71.4,0.69,0.44,1.1,0.025,5.38
3.0,0.7,2.5,3.0,0.4,2400,0.4,28,71.4,0.69,0.44,1.1,0.025,5.38
3.0,0.7,2.5,3.0,0.6,2400,0.4,28,71.4,0.69,0.44,1.1,0.025,5.38
3.0,0.7,2.5,3.0,0.8,2400,0.4,28,71.4,0.69,0.44,1.1,0.025,5.38
3.0,0.7,2.5,4.5,0.4,2400,0.4,28,71.4,0.69,0.44,1.1,0.025,5.38
3.0,0.7,2.5,4.5,0.6,2400,0.4,28,71.4,0.69,0.44,1.1,0.025,5.38
3.0,0.7,2.5,4.5,0.8,2400,0.4,28,71.4,0.69,0.44,1.1,0.025,5.38
5.0,0.7,1.5,3.0,0.4,1200,0.4,35,65.7,0.81,0.59,1.14,0.023,5.21
5.0,0.7,1.5,3.0,0.4,2400,0.8,58,63.8,1.31,0.67,1.19,0.023,5.59
5.0,0.7,1.5,3.0,0.6,1200,0.4,35,65.7,0.81,0.59,1.14,0.023,5.21
5.0,0.7,1.5,3.0,0.6,2400,0.8,58,63.8,1.31,0.67,1.19,0.023,5.59
5.0,0.7,1.5,3.0,0.8,1200,0.4,35,65.7,0.81,0.59,1.14,0.023,5.21
5.0,0.7,1.5,3.0,0.8,2400,0.8,58,63.8,1.31,0.67,1.19,0.023,5.59
5.0,0.7,1.5,4.5,0.4,1200,0.4,35,65.7,0.81,0.59,1.14,0.023,5.21
5.0,0.7,1.5,4.5,0.4,2400,0.8,58,63.8,1.31,0.67,1.19,0.023,5.59
5.0,0.7,1.5,4.5,0.6,1200,0.4,35,65.7,0.81,0.59,1.14,0.023,5.21
5.0,0.7,1.5,4.5,0.6,2400,0.8,58,63.8,1.31,0.67,1.19,0.023,5.59
5.0,0.7,1.5,4.5,0.8,1200,0.4,35,65.7,0.81,0.59,1.14,0.023,5.21
5.0,0.7,1.5,4.5,0.8,2400,0.8,58,63.8,1.31,0.67,1.19,0.023,5.59
5.0,0.7,2.5,3.0,0.4,1200,0.4,35,65.7,0.81,0.59,1.14,0.023,5.21
5.0,0.7,2.5,3.0,0.4,2400,0.8,58,63.8,1.31,0.67,1.19,0.023,5.59
5.0,0.7,2.5,3.0,0.6,1200,0.4,35,65.7,0.81,0.59,1.14,0.023,5.21
5.0,0.7,2.5,3.0,0.6,2400,0.8,58,63.8,1.31,0.67,1.19,0.023,5.59
5.0,0.7,2.5,3.0,0.8,1200,0.4,35,65.7,0.81,0.59,1.14,0.023,5.21
5.0,0.7,2.5,3.0,0.8,2400,0.8,58,63.8,1.31,0.67,1.19,0.023,5.59
5.0,0.7,2.5,4.5,0.4,1200,0.4,35,65.7,0.81,0.59,1.14,0.023,5.21
5.0,0.7,2.5,4.5,0.4,2400,0.8,58,63.8,1.31,0.67,1.19,0.023,5.59
5.0,0.7,2.5,4.5,0.6,1200,0.4,35,65.7,0.81,0.59,1.14,0.023,5.21
5.0,0.7,2.5,4.5,0.6,2400,0.8,58,63.8,1.31,0.67,1.19,0.023,5.59
5.0,0.7,2.5,4.5,0.8,1200,0.4,35,65.7,0.81,0.59,1.14,0.023,5.21
5.0,0.7,2.5,4.5,0.8,2400,0.8,58,63.8,1.31,0.67,1.19,0.023,5.59
4.0,0.7,1.5,3.0,0.4,3600,0.4,23,78.3,0.51,0.29,1.06,0.022,7.73
4.0,0.7,1.5,3.0,0.6,3600,0.4,23,78.3,0.51,0.29,1.06,0.022,7.73
4.0,0.7,1.5,3.0,0.8,3600,0.4,23,78.3,0.51,0.29,1.06,0.022,7.73
4.0,0.7,1.5,4.5,0.4,3600,0.4,23,78.3,0.51,0.29,1.06,0.022,7.73
4.0,0.7,1.5,4.5,0.6,3600,0.4,23,78.3,0.51,0.29,1.06,0.022,7.73
4.0,0.7,1.5,4.5,0.8,3600,0.4,23,78.3,0.51,0.29,1.06,0.022,7.73
4.0,0.7,2.5,3.0,0.4,3600,0.4,23,78.3,0.51,0.29,1.06,0.022,7.73
4.0,0.7,2.5,3.0,0.6,3600,0.4,23,78.3,0.51,0.29,1.06,0.022,7.73
4.0,0.7,2.5,3.0,0.8,3600,0.4,23,78.3,0.51,0.29,1.06,0.022,7.73
4.0,0.7,2.5,4.5,0.4,3600,0.4,23,78.3,0.51,0.29,1.06,0.022,7.73
4.0,0.7,2.5,4.5,0.6,3600,0.4,23,78.3,0.51,0.29,1.06,0.022,7.73
4.0,0.7,2.5,4.5,0.8,3600,0.4,23,78.3,0.51,0.29,1.06,0.022,7.73
4.0,1.5,2.5,3.0,0.4,2400,0.4,27,70.4,0.53,0.45,1.06,0.02,8.01
4.0,1.5,2.5,4.5,0.4,2400,0.4,27,70.4,0.53,0.45,1.06,0.02,8.01
5.0,1.5,2.5,3.0,0.8,2400,0.8,51,64.7,0.91,0.62,1.14,0.018,5.32
5.0,1.5,2.5,4.5,0.8,2400,0.8,51,64.7,0.91,0.62,1.14,0.018,5.32
3.0,1.5,2.5,3.0,0.6,3600,0.8,52,65.4,0.82,0.58,1.1,0.016,5.76
3.0,1.5,2.5,4.5,0.6,3600,0.8,52,65.4,0.82,0.58,1.1,0.016,5.76
3.0,1.5,2.5,3.0,0.8,3600,0.8,50,64.0,0.61,0.6,1.07,0.012,5.76
3.0,1.5,2.5,4.5,0.8,3600,0.8,50,64.0,0.61,0.6,1.07,0.012,5.76
3.0,1.0,1.5,3.0,0.4,2400,0.8,57,63.2,0.5,0.62,1.06,0.009,5.89
3.0,1.0,1.5,3.0,0.6,2400,0.8,57,63.2,0.5,0.62,1.06,0.009,5.89
3.0,1.0,1.5,3.0,0.8,2400,0.8,57,63.2,0.5,0.62,1.06,0.009,5.89
3.0,1.0,1.5,4.5,0.4,2400,0.8,57,63.2,0.5,0.62,1.06,0.009,5.89
3.0,1.0,1.5,4.5,0.6,2400,0.8,57,63.2,0.5,0.62,1.06,0.009,5.89
3.0,1.0,1.5,4.5,0.8,2400,0.8,57,63.2,0.5,0.62,1.06,0.009,5.89
3.0,1.0,2.5,3.0,0.4,2400,0.8,57,63.2,0.5,0.62,1.06,0.009,5.89
3.0,1.0,2.5,3.0,0.6,2400,0.8,57,63.2,0.5,0.62,1.06,0.009,5.89
3.0,1.0,2.5,3.0,0.8,2400,0.8,57,63.2,0.5,0.62,1.06,0.009,5.89
3.0,1.0,2.5,4.5,0.4,2400,0.8,57,63.2,0.5,0.62,1.06,0.009,5.89
3.0,1.0,2.5,4.5,0.6,2400,0.8,57,63.2,0.5,0.62,1.06,0.009,5.89
3.0,1.0,2.5,4.5,0.8,2400,0.8,57,63.2,0.5,0.62,1.06,0.009,5.89
3.0,1.0,1.5,3.0,0.4,1200,0.4,57,61.4,0.48,0.67,1.06,0.008,5.77
3.0,1.0,1.5,3.0,0.6,1200,0.4,57,61.4,0.48,0.67,1.06,0.008,5.77
3.0,1.0,1.5,3.0,0.8,1200,0.4,57,61.4,0.48,0.67,1.06,0.008,5.77
3.0,1.0,1.5,4.5,0.4,1200,0.4,57,61.4,0.48,0.67,1.06,0.008,5.77
3.0,1.0,1.5,4.5,0.6,1200,0.4,57,61.4,0.48,0.67,1.06,0.008,5.77
3.0,1.0,1.5,4.5,0.8,1200,0.4,57,61.4,0.48,0.67,1.06,0.008,5.77
3.0,1.0,2.5,3.0,0.4,1200,0.4,57,61.4,0.48,0.67,1.06,0.008,5.77
3.0,1.0,2.5,3.0,0.6,1200,0.4,57,61.4,0.48,0.67,1.06,0.008,5.77
3.0,1.0,2.5,3.0,0.8,1200,0.4,57,61.4,0.48,0.67,1.06,0.008,5.77
3.0,1.0,2.5,4.5,0.4,1200,0.4,57,61.4,0.48,0.67,1.06,0.008,5.77
3.0,1.0,2.5,4.5,0.6,1200,0.4,57,61.4,0.48,0.67,1.06,0.008,5.77
3.0,1.0,2.5,4.5,0.8,1200,0.4,57,61.4,0.48,0.67,1.06,0.008,5.77
4.0,0.7,1.5,3.0,0.4,14400,0.8,37,67.6,0.28,0.49,1.03,0.008,4.4
4.0,0.7,1.5,3.0,0.6,14400,0.8,37,67.6,0.28,0.49,1.03,0.008,4.4
4.0,0.7,1.5,3.0,0.8,14400,0.8,37,67.6,0.28,0.49,1.03,0.008,4.4
4.0,0.7,1.5,4.5,0.4,14400,0.8,37,67.6,0.28,0.49,1.03,0.008,4.4
4.0,0.7,1.5,4.5,0.6,14400,0.8,37,67.6,0.28,0.49,1.03,0.008,4.4
4.0,0.7,1.5,4.5,0.8,14400,0.8,37,67.6,0.28,0.49,1.03,0.008,4.4
4.0,0.7,2.5,3.0,0.4,14400,0.8,37,67.6,0.28,0.49,1.03,0.008,4.4
4.0,0.7,2.5,3.0,0.6,14400,0.8,37,67.6,0.28,0.49,1.03,0.008,4.4
4.0,0.7,2.5,3.0,0.8,14400,0.8,37,67.6,0.28,0.49,1.03,0.008,4.4
4.0,0.7,2.5,4.5,0.4,14400,0.8,37,67.6,0.28,0.49,1.03,0.008,4.4
4.0,0.7,2.5,4.5,0.6,14400,0.8,37,67.6,0.28,0.49,1.03,0.008,4.4
4.0,0.7,2.5,4.5,0.8,14400,0.8,37,67.6,0.28,0.49,1.03,0.008,4.4
4.0,1.0,1.5,3.0,0.4,2400,0.4,27,70.4,0.22,0.43,1.03,0.008,8.01
4.0,1.0,1.5,3.0,0.6,2400,0.4,27,70.4,0.22,0.43,1.03,0.008,8.01
4.0,1.0,1.5,3.0,0.8,2400,0.4,27,70.4,0.22,0.43,1.03,0.008,8.01
4.0,1.0,1.5,4.5,0.4,2400,0.4,27,70.4,0.22,0.43,1.03,0.008,8.01
4.0,1.0,1.5,4.5,0.6,2400,0.4,27,70.4,0.22,0.43,1.03,0.008,8.01
4.0,1.0,1.5,4.5,0.8,2400,0.4,27,70.4,0.22,0.43,1.03,0.008,8.01
4.0,1.0,2.5,3.0,0.4,2400,0.4,27,70.4,0.22,0.43,1.03,0.008,8.01
4.0,1.0,2.5,3.0,0.6,2400,0.4,27,70.4,0.22,0.43,1.03,0.008,8.01
4.0,1.0,2.5,3.0,0.8,2400,0.4,27,70.4,0.22,0.43,1.03,0.008,8.01
4.0,1.0,2.5,4.5,0.4,2400,0.4,27,70.4,0.22,0.43,1.03,0.008,8.01
4.0,1.0,2.5,4.5,0.6,2400,0.4,27,70.4,0.22,0.43,1.03,0.008,8.01
4.0,1.0,2.5,4.5,0.8,2400,0.4,27,70.4,0.22,0.43,1.03,0.008,8.01
4.0,1.5,2.5,3.0,0.6,2400,0.4,27,70.4,0.16,0.43,1.02,0.006,8.01
4.0,1.5,2.5,4.5,0.6,2400,0.4,27,70.4,0.16,0.43,1.02,0.006,8.01
3.0,1.5,2.5,3.0,0.4,1200,0.4,57,61.4,0.21,0.65,1.03,0.004,5.77
3.0,1.5,2.5,3.0,0.4,2400,0.8,57,63.2,0.22,0.6,1.03,0.004,5.89
3.0,1.5,2.5,4.5,0.4,1200,0.4,57,61.4,0.21,0.65,1.03,0.004,5.77
3.0,1.5,2.5,4.5,0.4,2400,0.8,57,63.2,0.22,0.6,1.03,0.004,5.89
3.0,1.5,2.5,3.0,0.6,2400,0.8,57,63.2,-0.06,0.58,0.99,-0.001,5.89
3.0,1.5,2.5,4.5,0.6,2400,0.8,57,63.2,-0.06,0.58,0.99,-0.001,5.89
3.0,1.5,2.5,3.0,0.6,1200,0.4,55,60.0,-0.15,0.65,0.98,-0.003,5.77
3.0,1.5,2.5,4.5,0.6,1200,0.4,55,60.0,-0.15,0.65,0.98,-0.003,5.77
4.0,1.5,2.5,3.0,0.8,2400,0.4,25,68.0,-0.33,0.45,0.96,-0.013,8.01
4.0,1.5,2.5,4.5,0.8,2400,0.4,25,68.0,-0.33,0.45,0.96,-0.013,8.01
3.0,1.5,2.5,3.0,0.8,1200,0.4,55,60.0,-0.75,0.6,0.9,-0.014,5.77
3.0,1.5,2.5,3.0,0.8,2400,0.8,55,61.8,-0.76,0.56,0.9,-0.014,5.89
3.0,1.5,2.5,4.5,0.8,1200,0.4,55,60.0,-0.75,0.6,0.9,-0.014,5.77
3.0,1.5,2.5,4.5,0.8,2400,0.8,55,61.8,-0.76,0.56,0.9,-0.014,5.89
4.0,0.7,1.5,3.0,0.4,1200,0.2,24,62.5,-0.62,0.56,0.93,-0.026,7.97
4.0,0.7,1.5,3.0,0.6,1200,0.2,24,62.5,-0.62,0.56,0.93,-0.026,7.97
4.0,0.7,1.5,3.0,0.8,1200,0.2,24,62.5,-0.62,0.56,0.93,-0.026,7.97
4.0,0.7,1.5,4.5,0.4,1200,0.2,24,62.5,-0.62,0.56,0.93,-0.026,7.97
4.0,0.7,1.5,4.5,0.6,1200,0.2,24,62.5,-0.62,0.56,0.93,-0.026,7.97
4.0,0.7,1.5,4.5,0.8,1200,0.2,24,62.5,-0.62,0.56,0.93,-0.026,7.97
4.0,0.7,2.5,3.0,0.4,1200,0.2,24,62.5,-0.62,0.56,0.93,-0.026,7.97
4.0,0.7,2.5,3.0,0.6,1200,0.2,24,62.5,-0.62,0.56,0.93,-0.026,7.97
4.0,0.7,2.5,3.0,0.8,1200,0.2,24,62.5,-0.62,0.56,0.93,-0.026,7.97
4.0,0.7,2.5,4.5,0.4,1200,0.2,24,62.5,-0.62,0.56,0.93,-0.026,7.97
4.0,0.7,2.5,4.5,0.6,1200,0.2,24,62.5,-0.62,0.56,0.93,-0.026,7.97
4.0,0.7,2.5,4.5,0.8,1200,0.2,24,62.5,-0.62,0.56,0.93,-0.026,7.97
5.0,0.7,1.5,3.0,0.4,14400,0.8,37,67.6,-1.72,0.41,0.86,-0.046,5.4
5.0,0.7,1.5,3.0,0.6,14400,0.8,37,67.6,-1.72,0.41,0.86,-0.046,5.4
5.0,0.7,1.5,3.0,0.8,14400,0.8,37,67.6,-1.72,0.41,0.86,-0.046,5.4
5.0,0.7,1.5,4.5,0.4,14400,0.8,37,67.6,-1.72,0.41,0.86,-0.046,5.4
5.0,0.7,1.5,4.5,0.6,14400,0.8,37,67.6,-1.72,0.41,0.86,-0.046,5.4
5.0,0.7,1.5,4.5,0.8,14400,0.8,37,67.6,-1.72,0.41,0.86,-0.046,5.4
5.0,0.7,2.5,3.0,0.4,14400,0.8,37,67.6,-1.72,0.41,0.86,-0.046,5.4
5.0,0.7,2.5,3.0,0.6,14400,0.8,37,67.6,-1.72,0.41,0.86,-0.046,5.4
5.0,0.7,2.5,3.0,0.8,14400,0.8,37,67.6,-1.72,0.41,0.86,-0.046,5.4
5.0,0.7,2.5,4.5,0.4,14400,0.8,37,67.6,-1.72,0.41,0.86,-0.046,5.4
5.0,0.7,2.5,4.5,0.6,14400,0.8,37,67.6,-1.72,0.41,0.86,-0.046,5.4
5.0,0.7,2.5,4.5,0.8,14400,0.8,37,67.6,-1.72,0.41,0.86,-0.046,5.4
4.0,0.7,1.5,3.0,0.4,2400,0.4,27,70.4,-1.94,0.33,0.77,-0.072,8.01
4.0,0.7,1.5,3.0,0.6,2400,0.4,27,70.4,-1.94,0.33,0.77,-0.072,8.01
4.0,0.7,1.5,3.0,0.8,2400,0.4,27,70.4,-1.94,0.33,0.77,-0.072,8.01
4.0,0.7,1.5,4.5,0.4,2400,0.4,27,70.4,-1.94,0.33,0.77,-0.072,8.01
4.0,0.7,1.5,4.5,0.6,2400,0.4,27,70.4,-1.94,0.33,0.77,-0.072,8.01
4.0,0.7,1.5,4.5,0.8,2400,0.4,27,70.4,-1.94,0.33,0.77,-0.072,8.01
4.0,0.7,2.5,3.0,0.4,2400,0.4,27,70.4,-1.94,0.33,0.77,-0.072,8.01
4.0,0.7,2.5,3.0,0.6,2400,0.4,27,70.4,-1.94,0.33,0.77,-0.072,8.01
4.0,0.7,2.5,3.0,0.8,2400,0.4,27,70.4,-1.94,0.33,0.77,-0.072,8.01
4.0,0.7,2.5,4.5,0.4,2400,0.4,27,70.4,-1.94,0.33,0.77,-0.072,8.01
4.0,0.7,2.5,4.5,0.6,2400,0.4,27,70.4,-1.94,0.33,0.77,-0.072,8.01
4.0,0.7,2.5,4.5,0.8,2400,0.4,27,70.4,-1.94,0.33,0.77,-0.072,8.01
