stop_loss_pct,level_1_pct,level_2_pct,level_3_pct,trail_callback,time_stop_seconds,time_stop_no_movement_pct,trades,win_rate,total_pnl_pct,payoff,profit_factor,expectancy_pct,max_dd_pct
3.0,1.5,2.5,3.0,0.4,2400,0.2,41,85.4,24.44,0.4,2.36,0.596,4.65
3.0,1.5,2.5,3.0,0.4,3600,0.2,41,85.4,24.44,0.4,2.36,0.596,4.65
3.0,1.5,2.5,3.0,0.4,7200,0.2,41,85.4,24.44,0.4,2.36,0.596,4.65
3.0,1.5,2.5,3.0,0.4,7200,0.4,41,85.4,24.44,0.4,2.36,0.596,4.65
3.0,1.5,2.5,3.0,0.4,14400,0.2,41,85.4,24.44,0.4,2.36,0.596,4.65
3.0,1.5,2.5,3.0,0.4,14400,0.4,41,85.4,24.44,0.4,2.36,0.596,4.65
3.0,1.5,2.5,3.0,0.4,,0.4,41,85.4,24.44,0.4,2.36,0.596,4.65
3.0,1.5,2.5,4.5,0.4,2400,0.2,41,85.4,24.44,0.4,2.36,0.596,4.65
3.0,1.5,2.5,4.5,0.4,3600,0.2,41,85.4,24.44,0.4,2.36,0.596,4.65
3.0,1.5,2.5,4.5,0.4,7200,0.2,41,85.4,24.44,0.4,2.36,0.596,4.65
3.0,1.5,2.5,4.5,0.4,7200,0.4,41,85.4,24.44,0.4,2.36,0.596,4.65
3.0,1.5,2.5,4.5,0.4,14400,0.2,41,85.4,24.44,0.4,2.36,0.596,4.65
3.0,1.5,2.5,4.5,0.4,14400,0.4,41,85.4,24.44,0.4,2.36,0.596,4.65
3.0,1.5,2.5,4.5,0.4,,0.4,41,85.4,24.44,0.4,2.36,0.596,4.65
3.0,1.5,2.5,3.0,0.4,3600,0.4,42,85.7,24.64,0.39,2.37,0.587,4.65
3.0,1.5,2.5,4.5,0.4,3600,0.4,42,85.7,24.64,0.39,2.37,0.587,4.65
3.0,1.5,2.5,3.0,0.4,2400,0.4,42,85.7,24.56,0.39,2.36,0.585,4.65
3.0,1.5,2.5,4.5,0.4,2400,0.4,42,85.7,24.56,0.39,2.36,0.585,4.65
3.0,1.5,2.5,3.0,0.4,1200,0.2,42,85.7,24.48,0.39,2.36,0.583,4.65
3.0,1.5,2.5,4.5,0.4,1200,0.2,42,85.7,24.48,0.39,2.36,0.583,4.65
3.0,1.5,2.5,3.0,0.4,14400,0.8,42,83.3,24.11,0.46,2.32,0.574,4.65
3.0,1.5,2.5,4.5,0.4,14400,0.8,42,83.3,24.11,0.46,2.32,0.574,4.65
3.0,1.5,2.5,3.0,0.6,2400,0.2,41,85.4,23.39,0.39,2.3,0.57,4.91
3.0,1.5,2.5,3.0,0.6,3600,0.2,41,85.4,23.39,0.39,2.3,0.57,4.91
3.0,1.5,2.5,3.0,0.6,7200,0.2,41,85.4,23.39,0.39,2.3,0.57,4.91
3.0,1.5,2.5,3.0,0.6,7200,0.4,41,85.4,23.39,0.39,2.3,0.57,4.91
3.0,1.5,2.5,3.0,0.6,14400,0.2,41,85.4,23.39,0.39,2.3,0.57,4.91
3.0,1.5,2.5,3.0,0.6,14400,0.4,41,85.4,23.39,0.39,2.3,0.57,4.91
3.0,1.5,2.5,3.0,0.6,,0.4,41,85.4,23.39,0.39,2.3,0.57,4.91
3.0,1.5,2.5,4.5,0.6,2400,0.2,41,85.4,23.39,0.39,2.3,0.57,4.91
3.0,1.5,2.5,4.5,0.6,3600,0.2,41,85.4,23.39,0.39,2.3,0.57,4.91
3.0,1.5,2.5,4.5,0.6,7200,0.2,41,85.4,23.39,0.39,2.3,0.57,4.91
3.0,1.5,2.5,4.5,0.6,7200,0.4,41,85.4,23.39,0.39,2.3,0.57,4.91
3.0,1.5,2.5,4.5,0.6,14400,0.2,41,85.4,23.39,0.39,2.3,0.57,4.91
3.0,1.5,2.5,4.5,0.6,14400,0.4,41,85.4,23.39,0.39,2.3,0.57,4.91
3.0,1.5,2.5,4.5,0.6,,0.4,41,85.4,23.39,0.39,2.3,0.57,4.91
3.0,1.5,2.5,3.0,0.6,3600,0.4,42,85.7,23.59,0.39,2.31,0.562,4.91
3.0,1.5,2.5,4.5,0.6,3600,0.4,42,85.7,23.59,0.39,2.31,0.562,4.91
3.0,1.5,2.5,3.0,0.6,2400,0.4,42,85.7,23.51,0.38,2.31,0.56,4.91
3.0,1.5,2.5,4.5,0.6,2400,0.4,42,85.7,23.51,0.38,2.31,0.56,4.91
3.0,1.5,2.5,3.0,0.6,1200,0.2,42,85.7,23.43,0.38,2.3,0.558,4.91
3.0,1.5,2.5,4.5,0.6,1200,0.2,42,85.7,23.43,0.38,2.3,0.558,4.91
3.0,1.5,2.5,3.0,0.6,14400,0.8,42,83.3,23.06,0.45,2.26,0.549,4.91
3.0,1.5,2.5,4.5,0.6,14400,0.8,42,83.3,23.06,0.45,2.26,0.549,4.91
4.0,1.5,2.5,3.0,0.4,2400,0.2,41,87.8,22.35,0.29,2.12,0.545,8.26
4.0,1.5,2.5,3.0,0.4,3600,0.2,41,87.8,22.35,0.29,2.12,0.545,8.26
4.0,1.5,2.5,3.0,0.4,7200,0.2,41,87.8,22.35,0.29,2.12,0.545,8.26
4.0,1.5,2.5,3.0,0.4,7200,0.4,41,87.8,22.35,0.29,2.12,0.545,8.26
4.0,1.5,2.5,3.0,0.4,14400,0.2,41,87.8,22.35,0.29,2.12,0.545,8.26
4.0,1.5,2.5,3.0,0.4,14400,0.4,41,87.8,22.35,0.29,2.12,0.545,8.26
4.0,1.5,2.5,3.0,0.4,,0.4,41,87.8,22.35,0.29,2.12,0.545,8.26
4.0,1.5,2.5,4.5,0.4,2400,0.2,41,87.8,22.35,0.29,2.12,0.545,8.26
4.0,1.5,2.5,4.5,0.4,3600,0.2,41,87.8,22.35,0.29,2.12,0.545,8.26
4.0,1.5,2.5,4.5,0.4,7200,0.2,41,87.8,22.35,0.29,2.12,0.545,8.26
4.0,1.5,2.5,4.5,0.4,7200,0.4,41,87.8,22.35,0.29,2.12,0.545,8.26
4.0,1.5,2.5,4.5,0.4,14400,0.2,41,87.8,22.35,0.29,2.12,0.545,8.26
4.0,1.5,2.5,4.5,0.4,14400,0.4,41,87.8,22.35,0.29,2.12,0.545,8.26
4.0,1.5,2.5,4.5,0.4,,0.4,41,87.8,22.35,0.29,2.12,0.545,8.26
3.0,1.5,2.5,3.0,0.8,2400,0.2,41,85.4,22.06,0.38,2.23,0.538,4.84
3.0,1.5,2.5,3.0,0.8,3600,0.2,41,85.4,22.06,0.38,2.23,0.538,4.84
3.0,1.5,2.5,3.0,0.8,7200,0.2,41,85.4,22.06,0.38,2.23,0.538,4.84
3.0,1.5,2.5,3.0,0.8,7200,0.4,41,85.4,22.06,0.38,2.23,0.538,4.84
3.0,1.5,2.5,3.0,0.8,14400,0.2,41,85.4,22.06,0.38,2.23,0.538,4.84
3.0,1.5,2.5,3.0,0.8,14400,0.4,41,85.4,22.06,0.38,2.23,0.538,4.84
3.0,1.5,2.5,3.0,0.8,,0.4,41,85.4,22.06,0.38,2.23,0.538,4.84
3.0,1.5,2.5,4.5,0.8,2400,0.2,41,85.4,22.06,0.38,2.23,0.538,4.84
3.0,1.5,2.5,4.5,0.8,3600,0.2,41,85.4,22.06,0.38,2.23,0.538,4.84
3.0,1.5,2.5,4.5,0.8,7200,0.2,41,85.4,22.06,0.38,2.23,0.538,4.84
3.0,1.5,2.5,4.5,0.8,7200,0.4,41,85.4,22.06,0.38,2.23,0.538,4.84
3.0,1.5,2.5,4.5,0.8,14400,0.2,41,85.4,22.06,0.38,2.23,0.538,4.84
3.0,1.5,2.5,4.5,0.8,14400,0.4,41,85.4,22.06,0.38,2.23,0.538,4.84
3.0,1.5,2.5,4.5,0.8,,0.4,41,85.4,22.06,0.38,2.23,0.538,4.84
4.0,1.5,2.5,3.0,0.4,3600,0.4,42,88.1,22.55,0.29,2.13,0.537,8.26
4.0,1.5,2.5,4.5,0.4,3600,0.4,42,88.1,22.55,0.29,2.13,0.537,8.26
4.0,1.5,2.5,3.0,0.4,2400,0.4,42,88.1,22.47,0.29,2.12,0.535,8.26
4.0,1.5,2.5,4.5,0.4,2400,0.4,42,88.1,22.47,0.29,2.12,0.535,8.26
4.0,1.5,2.5,3.0,0.4,1200,0.2,42,88.1,22.39,0.29,2.12,0.533,8.26
4.0,1.5,2.5,4.5,0.4,1200,0.2,42,88.1,22.39,0.29,2.12,0.533,8.26
3.0,1.5,2.5,3.0,0.4,7200,0.8,42,83.3,22.35,0.45,2.24,0.532,4.65
3.0,1.5,2.5,4.5,0.4,7200,0.8,42,83.3,22.35,0.45,2.24,0.532,4.65
3.0,1.5,2.5,3.0,0.8,3600,0.4,42,85.7,22.26,0.37,2.24,0.53,4.84
3.0,1.5,2.5,4.5,0.8,3600,0.4,42,85.7,22.26,0.37,2.24,0.53,4.84
3.0,1.5,2.5,3.0,0.8,2400,0.4,42,85.7,22.18,0.37,2.23,0.528,4.84
3.0,1.5,2.5,4.5,0.8,2400,0.4,42,85.7,22.18,0.37,2.23,0.528,4.84
3.0,1.5,2.5,3.0,0.8,1200,0.2,42,85.7,22.1,0.37,2.23,0.526,4.84
3.0,1.5,2.5,4.5,0.8,1200,0.2,42,85.7,22.1,0.37,2.23,0.526,4.84
4.0,1.5,2.5,3.0,0.4,14400,0.8,42,85.7,22.02,0.35,2.08,0.524,8.26
4.0,1.5,2.5,4.5,0.4,14400,0.8,42,85.7,22.02,0.35,2.08,0.524,8.26
3.0,1.5,2.5,3.0,0.8,14400,0.8,42,83.3,21.73,0.44,2.19,0.517,4.84
3.0,1.5,2.5,4.5,0.8,14400,0.8,42,83.3,21.73,0.44,2.19,0.517,4.84
4.0,1.5,2.5,3.0,0.6,2400,0.2,41,87.8,21.2,0.29,2.06,0.517,8.86
4.0,1.5,2.5,3.0,0.6,3600,0.2,41,87.8,21.2,0.29,2.06,0.517,8.86
4.0,1.5,2.5,3.0,0.6,7200,0.2,41,87.8,21.2,0.29,2.06,0.517,8.86
4.0,1.5,2.5,3.0,0.6,7200,0.4,41,87.8,21.2,0.29,2.06,0.517,8.86
4.0,1.5,2.5,3.0,0.6,14400,0.2,41,87.8,21.2,0.29,2.06,0.517,8.86
4.0,1.5,2.5,3.0,0.6,14400,0.4,41,87.8,21.2,0.29,2.06,0.517,8.86
4.0,1.5,2.5,3.0,0.6,,0.4,41,87.8,21.2,0.29,2.06,0.517,8.86
4.0,1.5,2.5,4.5,0.6,2400,0.2,41,87.8,21.2,0.29,2.06,0.517,8.86
4.0,1.5,2.5,4.5,0.6,3600,0.2,41,87.8,21.2,0.29,2.06,0.517,8.86
4.0,1.5,2.5,4.5,0.6,7200,0.2,41,87.8,21.2,0.29,2.06,0.517,8.86
4.0,1.5,2.5,4.5,0.6,7200,0.4,41,87.8,21.2,0.29,2.06,0.517,8.86
4.0,1.5,2.5,4.5,0.6,14400,0.2,41,87.8,21.2,0.29,2.06,0.517,8.86
4.0,1.5,2.5,4.5,0.6,14400,0.4,41,87.8,21.2,0.29,2.06,0.517,8.86
4.0,1.5,2.5,4.5,0.6,,0.4,41,87.8,21.2,0.29,2.06,0.517,8.86
4.0,1.5,2.5,3.0,0.6,3600,0.4,42,88.1,21.4,0.28,2.07,0.51,8.86
4.0,1.5,2.5,4.5,0.6,3600,0.4,42,88.1,21.4,0.28,2.07,0.51,8.86
4.0,1.5,2.5,3.0,0.6,2400,0.4,42,88.1,21.32,0.28,2.07,0.508,8.86
4.0,1.5,2.5,4.5,0.6,2400,0.4,42,88.1,21.32,0.28,2.07,0.508,8.86
3.0,1.5,2.5,3.0,0.6,7200,0.8,42,83.3,21.3,0.44,2.18,0.507,4.91
3.0,1.5,2.5,4.5,0.6,7200,0.8,42,83.3,21.3,0.44,2.18,0.507,4.91
4.0,1.5,2.5,3.0,0.6,1200,0.2,42,88.1,21.24,0.28,2.06,0.506,8.86
4.0,1.5,2.5,4.5,0.6,1200,0.2,42,88.1,21.24,0.28,2.06,0.506,8.86
4.0,1.5,2.5,3.0,0.6,14400,0.8,42,85.7,20.87,0.34,2.03,0.497,8.86
4.0,1.5,2.5,4.5,0.6,14400,0.8,42,85.7,20.87,0.34,2.03,0.497,8.86
5.0,1.5,2.5,3.0,0.4,2400,0.2,35,88.6,17.36,0.24,1.87,0.496,9.12
5.0,1.5,2.5,3.0,0.4,3600,0.2,35,88.6,17.36,0.24,1.87,0.496,9.12
5.0,1.5,2.5,3.0,0.4,7200,0.2,35,88.6,17.36,0.24,1.87,0.496,9.12
5.0,1.5,2.5,3.0,0.4,7200,0.4,35,88.6,17.36,0.24,1.87,0.496,9.12
5.0,1.5,2.5,3.0,0.4,14400,0.2,35,88.6,17.36,0.24,1.87,0.496,9.12
5.0,1.5,2.5,3.0,0.4,14400,0.4,35,88.6,17.36,0.24,1.87,0.496,9.12
5.0,1.5,2.5,3.0,0.4,,0.4,35,88.6,17.36,0.24,1.87,0.496,9.12
5.0,1.5,2.5,4.5,0.4,2400,0.2,35,88.6,17.36,0.24,1.87,0.496,9.12
5.0,1.5,2.5,4.5,0.4,3600,0.2,35,88.6,17.36,0.24,1.87,0.496,9.12
5.0,1.5,2.5,4.5,0.4,7200,0.2,35,88.6,17.36,0.24,1.87,0.496,9.12
5.0,1.5,2.5,4.5,0.4,7200,0.4,35,88.6,17.36,0.24,1.87,0.496,9.12
5.0,1.5,2.5,4.5,0.4,14400,0.2,35,88.6,17.36,0.24,1.87,0.496,9.12
5.0,1.5,2.5,4.5,0.4,14400,0.4,35,88.6,17.36,0.24,1.87,0.496,9.12
5.0,1.5,2.5,4.5,0.4,,0.4,35,88.6,17.36,0.24,1.87,0.496,9.12
4.0,1.5,2.5,3.0,0.8,2400,0.2,41,87.8,20.26,0.28,2.01,0.494,8.59
4.0,1.5,2.5,3.0,0.8,3600,0.2,41,87.8,20.26,0.28,2.01,0.494,8.59
4.0,1.5,2.5,3.0,0.8,7200,0.2,41,87.8,20.26,0.28,2.01,0.494,8.59
4.0,1.5,2.5,3.0,0.8,7200,0.4,41,87.8,20.26,0.28,2.01,0.494,8.59
4.0,1.5,2.5,3.0,0.8,14400,0.2,41,87.8,20.26,0.28,2.01,0.494,8.59
4.0,1.5,2.5,3.0,0.8,14400,0.4,41,87.8,20.26,0.28,2.01,0.494,8.59
4.0,1.5,2.5,3.0,0.8,,0.4,41,87.8,20.26,0.28,2.01,0.494,8.59
4.0,1.5,2.5,4.5,0.8,2400,0.2,41,87.8,20.26,0.28,2.01,0.494,8.59
4.0,1.5,2.5,4.5,0.8,3600,0.2,41,87.8,20.26,0.28,2.01,0.494,8.59
4.0,1.5,2.5,4.5,0.8,7200,0.2,41,87.8,20.26,0.28,2.01,0.494,8.59
4.0,1.5,2.5,4.5,0.8,7200,0.4,41,87.8,20.26,0.28,2.01,0.494,8.59
4.0,1.5,2.5,4.5,0.8,14400,0.2,41,87.8,20.26,0.28,2.01,0.494,8.59
4.0,1.5,2.5,4.5,0.8,14400,0.4,41,87.8,20.26,0.28,2.01,0.494,8.59
4.0,1.5,2.5,4.5,0.8,,0.4,41,87.8,20.26,0.28,2.01,0.494,8.59
2.0,1.5,2.5,3.0,0.4,2400,0.2,41,78.0,20.16,0.6,2.12,0.492,8.44
2.0,1.5,2.5,3.0,0.4,3600,0.2,41,78.0,20.16,0.6,2.12,0.492,8.44
2.0,1.5,2.5,3.0,0.4,7200,0.2,41,78.0,20.16,0.6,2.12,0.492,8.44
2.0,1.5,2.5,3.0,0.4,7200,0.4,41,78.0,20.16,0.6,2.12,0.492,8.44
2.0,1.5,2.5,3.0,0.4,14400,0.2,41,78.0,20.16,0.6,2.12,0.492,8.44
2.0,1.5,2.5,3.0,0.4,14400,0.4,41,78.0,20.16,0.6,2.12,0.492,8.44
2.0,1.5,2.5,3.0,0.4,,0.4,41,78.0,20.16,0.6,2.12,0.492,8.44
2.0,1.5,2.5,4.5,0.4,2400,0.2,41,78.0,20.16,0.6,2.12,0.492,8.44
2.0,1.5,2.5,4.5,0.4,3600,0.2,41,78.0,20.16,0.6,2.12,0.492,8.44
2.0,1.5,2.5,4.5,0.4,7200,0.2,41,78.0,20.16,0.6,2.12,0.492,8.44
2.0,1.5,2.5,4.5,0.4,7200,0.4,41,78.0,20.16,0.6,2.12,0.492,8.44
2.0,1.5,2.5,4.5,0.4,14400,0.2,41,78.0,20.16,0.6,2.12,0.492,8.44
2.0,1.5,2.5,4.5,0.4,14400,0.4,41,78.0,20.16,0.6,2.12,0.492,8.44
2.0,1.5,2.5,4.5,0.4,,0.4,41,78.0,20.16,0.6,2.12,0.492,8.44
5.0,1.5,2.5,3.0,0.4,3600,0.4,36,88.9,17.56,0.23,1.88,0.488,9.12
5.0,1.5,2.5,4.5,0.4,3600,0.4,36,88.9,17.56,0.23,1.88,0.488,9.12
4.0,1.5,2.5,3.0,0.8,3600,0.4,42,88.1,20.46,0.27,2.02,0.487,8.59
4.0,1.5,2.5,4.5,0.8,3600,0.4,42,88.1,20.46,0.27,2.02,0.487,8.59
5.0,1.5,2.5,3.0,0.4,2400,0.4,36,88.9,17.48,0.23,1.87,0.486,9.12
5.0,1.5,2.5,4.5,0.4,2400,0.4,36,88.9,17.48,0.23,1.87,0.486,9.12
2.0,1.5,2.5,3.0,0.4,3600,0.4,42,78.6,20.36,0.58,2.13,0.485,8.44
2.0,1.5,2.5,4.5,0.4,3600,0.4,42,78.6,20.36,0.58,2.13,0.485,8.44
4.0,1.5,2.5,3.0,0.8,2400,0.4,42,88.1,20.38,0.27,2.02,0.485,8.59
4.0,1.5,2.5,4.5,0.8,2400,0.4,42,88.1,20.38,0.27,2.02,0.485,8.59
2.0,1.5,2.5,3.0,0.4,2400,0.4,42,78.6,20.28,0.58,2.13,0.483,8.44
2.0,1.5,2.5,4.5,0.4,2400,0.4,42,78.6,20.28,0.58,2.13,0.483,8.44
4.0,1.5,2.5,3.0,0.8,1200,0.2,42,88.1,20.3,0.27,2.02,0.483,8.59
4.0,1.5,2.5,4.5,0.8,1200,0.2,42,88.1,20.3,0.27,2.02,0.483,8.59
5.0,1.5,2.5,3.0,0.4,1200,0.2,36,88.9,17.4,0.23,1.87,0.483,9.12
5.0,1.5,2.5,4.5,0.4,1200,0.2,36,88.9,17.4,0.23,1.87,0.483,9.12
4.0,1.5,2.5,3.0,0.4,7200,0.8,42,85.7,20.26,0.34,2.01,0.482,8.26
4.0,1.5,2.5,4.5,0.4,7200,0.8,42,85.7,20.26,0.34,2.01,0.482,8.26
2.0,1.5,2.5,3.0,0.4,1200,0.2,42,78.6,20.2,0.58,2.12,0.481,8.44
2.0,1.5,2.5,4.5,0.4,1200,0.2,42,78.6,20.2,0.58,2.12,0.481,8.44
3.0,1.5,2.5,3.0,0.8,7200,0.8,42,83.3,20.17,0.42,2.12,0.48,4.84
3.0,1.5,2.5,4.5,0.8,7200,0.8,42,83.3,20.17,0.42,2.12,0.48,4.84
4.0,1.5,2.5,3.0,0.8,14400,0.8,42,85.7,19.93,0.33,1.98,0.475,8.59
4.0,1.5,2.5,4.5,0.8,14400,0.8,42,85.7,19.93,0.33,1.98,0.475,8.59
5.0,1.5,2.5,3.0,0.4,14400,0.8,36,86.1,17.03,0.3,1.84,0.473,9.12
5.0,1.5,2.5,4.5,0.4,14400,0.8,36,86.1,17.03,0.3,1.84,0.473,9.12
2.0,1.5,2.5,3.0,0.4,14400,0.8,42,76.2,19.83,0.65,2.08,0.472,8.44
2.0,1.5,2.5,4.5,0.4,14400,0.8,42,76.2,19.83,0.65,2.08,0.472,8.44
2.0,1.5,2.5,3.0,0.6,2400,0.2,41,78.0,19.11,0.58,2.06,0.466,8.84
2.0,1.5,2.5,3.0,0.6,3600,0.2,41,78.0,19.11,0.58,2.06,0.466,8.84
2.0,1.5,2.5,3.0,0.6,7200,0.2,41,78.0,19.11,0.58,2.06,0.466,8.84
2.0,1.5,2.5,3.0,0.6,7200,0.4,41,78.0,19.11,0.58,2.06,0.466,8.84
2.0,1.5,2.5,3.0,0.6,14400,0.2,41,78.0,19.11,0.58,2.06,0.466,8.84
2.0,1.5,2.5,3.0,0.6,14400,0.4,41,78.0,19.11,0.58,2.06,0.466,8.84
2.0,1.5,2.5,3.0,0.6,,0.4,41,78.0,19.11,0.58,2.06,0.466,8.84
2.0,1.5,2.5,4.5,0.6,2400,0.2,41,78.0,19.11,0.58,2.06,0.466,8.84
2.0,1.5,2.5,4.5,0.6,3600,0.2,41,78.0,19.11,0.58,2.06,0.466,8.84
2.0,1.5,2.5,4.5,0.6,7200,0.2,41,78.0,19.11,0.58,2.06,0.466,8.84
2.0,1.5,2.5,4.5,0.6,7200,0.4,41,78.0,19.11,0.58,2.06,0.466,8.84
2.0,1.5,2.5,4.5,0.6,14400,0.2,41,78.0,19.11,0.58,2.06,0.466,8.84
2.0,1.5,2.5,4.5,0.6,14400,0.4,41,78.0,19.11,0.58,2.06,0.466,8.84
2.0,1.5,2.5,4.5,0.6,,0.4,41,78.0,19.11,0.58,2.06,0.466,8.84
2.0,1.5,2.5,3.0,0.6,3600,0.4,42,78.6,19.31,0.57,2.07,0.46,8.84
2.0,1.5,2.5,4.5,0.6,3600,0.4,42,78.6,19.31,0.57,2.07,0.46,8.84
2.0,1.5,2.5,3.0,0.6,2400,0.4,42,78.6,19.23,0.56,2.07,0.458,8.84
2.0,1.5,2.5,4.5,0.6,2400,0.4,42,78.6,19.23,0.56,2.07,0.458,8.84
2.0,1.5,2.5,3.0,0.6,1200,0.2,42,78.6,19.15,0.56,2.06,0.456,8.84
2.0,1.5,2.5,4.5,0.6,1200,0.2,42,78.6,19.15,0.56,2.06,0.456,8.84
5.0,1.5,2.5,3.0,0.6,2400,0.2,35,88.6,15.95,0.23,1.8,0.456,9.52
5.0,1.5,2.5,3.0,0.6,3600,0.2,35,88.6,15.95,0.23,1.8,0.456,9.52
5.0,1.5,2.5,3.0,0.6,7200,0.2,35,88.6,15.95,0.23,1.8,0.456,9.52
5.0,1.5,2.5,3.0,0.6,7200,0.4,35,88.6,15.95,0.23,1.8,0.456,9.52
5.0,1.5,2.5,3.0,0.6,14400,0.2,35,88.6,15.95,0.23,1.8,0.456,9.52
5.0,1.5,2.5,3.0,0.6,14400,0.4,35,88.6,15.95,0.23,1.8,0.456,9.52
5.0,1.5,2.5,3.0,0.6,,0.4,35,88.6,15.95,0.23,1.8,0.456,9.52
5.0,1.5,2.5,4.5,0.6,2400,0.2,35,88.6,15.95,0.23,1.8,0.456,9.52
5.0,1.5,2.5,4.5,0.6,3600,0.2,35,88.6,15.95,0.23,1.8,0.456,9.52
5.0,1.5,2.5,4.5,0.6,7200,0.2,35,88.6,15.95,0.23,1.8,0.456,9.52
5.0,1.5,2.5,4.5,0.6,7200,0.4,35,88.6,15.95,0.23,1.8,0.456,9.52
5.0,1.5,2.5,4.5,0.6,14400,0.2,35,88.6,15.95,0.23,1.8,0.456,9.52
5.0,1.5,2.5,4.5,0.6,14400,0.4,35,88.6,15.95,0.23,1.8,0.456,9.52
5.0,1.5,2.5,4.5,0.6,,0.4,35,88.6,15.95,0.23,1.8,0.456,9.52
4.0,1.5,2.5,3.0,0.6,7200,0.8,42,85.7,19.11,0.33,1.95,0.455,8.86
4.0,1.5,2.5,4.5,0.6,7200,0.8,42,85.7,19.11,0.33,1.95,0.455,8.86
5.0,1.5,2.5,3.0,0.6,3600,0.4,36,88.9,16.15,0.23,1.81,0.449,9.52
5.0,1.5,2.5,4.5,0.6,3600,0.4,36,88.9,16.15,0.23,1.81,0.449,9.52
2.0,1.5,2.5,3.0,0.6,14400,0.8,42,76.2,18.78,0.63,2.02,0.447,8.84
2.0,1.5,2.5,4.5,0.6,14400,0.8,42,76.2,18.78,0.63,2.02,0.447,8.84
5.0,1.5,2.5,3.0,0.6,2400,0.4,36,88.9,16.07,0.23,1.8,0.446,9.52
5.0,1.5,2.5,4.5,0.6,2400,0.4,36,88.9,16.07,0.23,1.8,0.446,9.52
5.0,1.5,2.5,3.0,0.6,1200,0.2,36,88.9,15.99,0.22,1.8,0.444,9.52
5.0,1.5,2.5,4.5,0.6,1200,0.2,36,88.9,15.99,0.22,1.8,0.444,9.52
5.0,1.5,2.5,3.0,0.8,2400,0.2,35,88.6,15.41,0.23,1.77,0.44,9.05
5.0,1.5,2.5,3.0,0.8,3600,0.2,35,88.6,15.41,0.23,1.77,0.44,9.05
5.0,1.5,2.5,3.0,0.8,7200,0.2,35,88.6,15.41,0.23,1.77,0.44,9.05
5.0,1.5,2.5,3.0,0.8,7200,0.4,35,88.6,15.41,0.23,1.77,0.44,9.05
5.0,1.5,2.5,3.0,0.8,14400,0.2,35,88.6,15.41,0.23,1.77,0.44,9.05
5.0,1.5,2.5,3.0,0.8,14400,0.4,35,88.6,15.41,0.23,1.77,0.44,9.05
5.0,1.5,2.5,3.0,0.8,,0.4,35,88.6,15.41,0.23,1.77,0.44,9.05
5.0,1.5,2.5,4.5,0.8,2400,0.2,35,88.6,15.41,0.23,1.77,0.44,9.05
5.0,1.5,2.5,4.5,0.8,3600,0.2,35,88.6,15.41,0.23,1.77,0.44,9.05
5.0,1.5,2.5,4.5,0.8,7200,0.2,35,88.6,15.41,0.23,1.77,0.44,9.05
5.0,1.5,2.5,4.5,0.8,7200,0.4,35,88.6,15.41,0.23,1.77,0.44,9.05
5.0,1.5,2.5,4.5,0.8,14400,0.2,35,88.6,15.41,0.23,1.77,0.44,9.05
5.0,1.5,2.5,4.5,0.8,14400,0.4,35,88.6,15.41,0.23,1.77,0.44,9.05
5.0,1.5,2.5,4.5,0.8,,0.4,35,88.6,15.41,0.23,1.77,0.44,9.05
4.0,1.5,2.5,3.0,0.8,7200,0.8,42,85.7,18.37,0.32,1.92,0.437,8.59
4.0,1.5,2.5,4.5,0.8,7200,0.8,42,85.7,18.37,0.32,1.92,0.437,8.59
2.0,1.5,2.5,3.0,0.8,2400,0.2,41,78.0,17.78,0.56,1.99,0.434,8.37
2.0,1.5,2.5,3.0,0.8,3600,0.2,41,78.0,17.78,0.56,1.99,0.434,8.37
2.0,1.5,2.5,3.0,0.8,7200,0.2,41,78.0,17.78,0.56,1.99,0.434,8.37
2.0,1.5,2.5,3.0,0.8,7200,0.4,41,78.0,17.78,0.56,1.99,0.434,8.37
2.0,1.5,2.5,3.0,0.8,14400,0.2,41,78.0,17.78,0.56,1.99,0.434,8.37
2.0,1.5,2.5,3.0,0.8,14400,0.4,41,78.0,17.78,0.56,1.99,0.434,8.37
2.0,1.5,2.5,3.0,0.8,,0.4,41,78.0,17.78,0.56,1.99,0.434,8.37
2.0,1.5,2.5,4.5,0.8,2400,0.2,41,78.0,17.78,0.56,1.99,0.434,8.37
2.0,1.5,2.5,4.5,0.8,3600,0.2,41,78.0,17.78,0.56,1.99,0.434,8.37
2.0,1.5,2.5,4.5,0.8,7200,0.2,41,78.0,17.78,0.56,1.99,0.434,8.37
2.0,1.5,2.5,4.5,0.8,7200,0.4,41,78.0,17.78,0.56,1.99,0.434,8.37
2.0,1.5,2.5,4.5,0.8,14400,0.2,41,78.0,17.78,0.56,1.99,0.434,8.37
2.0,1.5,2.5,4.5,0.8,14400,0.4,41,78.0,17.78,0.56,1.99,0.434,8.37
2.0,1.5,2.5,4.5,0.8,,0.4,41,78.0,17.78,0.56,1.99,0.434,8.37
5.0,1.5,2.5,3.0,0.6,14400,0.8,36,86.1,15.62,0.29,1.77,0.434,9.52
5.0,1.5,2.5,3.0,0.8,3600,0.4,36,88.9,15.61,0.22,1.78,0.434,9.05
5.0,1.5,2.5,4.5,0.6,14400,0.8,36,86.1,15.62,0.29,1.77,0.434,9.52
5.0,1.5,2.5,4.5,0.8,3600,0.4,36,88.9,15.61,0.22,1.78,0.434,9.05
5.0,1.5,2.5,3.0,0.8,2400,0.4,36,88.9,15.53,0.22,1.78,0.431,9.05
5.0,1.5,2.5,4.5,0.8,2400,0.4,36,88.9,15.53,0.22,1.78,0.431,9.05
2.0,1.5,2.5,3.0,0.4,7200,0.8,42,76.2,18.07,0.63,2.0,0.43,8.44
2.0,1.5,2.5,4.5,0.4,7200,0.8,42,76.2,18.07,0.63,2.0,0.43,8.44
5.0,1.5,2.5,3.0,0.8,1200,0.2,36,88.9,15.45,0.22,1.77,0.429,9.05
5.0,1.5,2.5,4.5,0.8,1200,0.2,36,88.9,15.45,0.22,1.77,0.429,9.05
2.0,1.5,2.5,3.0,0.8,3600,0.4,42,78.6,17.98,0.55,2.0,0.428,8.37
2.0,1.5,2.5,4.5,0.8,3600,0.4,42,78.6,17.98,0.55,2.0,0.428,8.37
2.0,1.5,2.5,3.0,0.8,2400,0.4,42,78.6,17.9,0.54,1.99,0.426,8.37
2.0,1.5,2.5,4.5,0.8,2400,0.4,42,78.6,17.9,0.54,1.99,0.426,8.37
2.0,1.5,2.5,3.0,0.8,1200,0.2,42,78.6,17.82,0.54,1.99,0.424,8.37
2.0,1.5,2.5,4.5,0.8,1200,0.2,42,78.6,17.82,0.54,1.99,0.424,8.37
5.0,1.5,2.5,3.0,0.4,7200,0.8,36,86.1,15.27,0.28,1.76,0.424,10.02
5.0,1.5,2.5,4.5,0.4,7200,0.8,36,86.1,15.27,0.28,1.76,0.424,10.02
3.0,1.5,2.5,3.0,0.4,3600,0.8,44,75.0,18.43,0.65,1.96,0.419,4.65
3.0,1.5,2.5,4.5,0.4,3600,0.8,44,75.0,18.43,0.65,1.96,0.419,4.65
5.0,1.5,2.5,3.0,0.8,14400,0.8,36,86.1,15.08,0.28,1.74,0.419,9.05
5.0,1.5,2.5,4.5,0.8,14400,0.8,36,86.1,15.08,0.28,1.74,0.419,9.05
3.0,1.5,2.5,3.0,0.4,1200,0.4,43,81.4,17.95,0.45,1.98,0.417,4.65
3.0,1.5,2.5,4.5,0.4,1200,0.4,43,81.4,17.95,0.45,1.98,0.417,4.65
2.0,1.5,2.5,3.0,0.8,14400,0.8,42,76.2,17.45,0.61,1.95,0.415,8.37
2.0,1.5,2.5,4.5,0.8,14400,0.8,42,76.2,17.45,0.61,1.95,0.415,8.37
2.0,1.5,2.5,3.0,0.6,7200,0.8,42,76.2,17.02,0.61,1.94,0.405,8.84
2.0,1.5,2.5,4.5,0.6,7200,0.8,42,76.2,17.02,0.61,1.94,0.405,8.84
3.0,1.5,2.5,3.0,0.6,3600,0.8,44,75.0,17.5,0.64,1.92,0.398,4.91
3.0,1.5,2.5,4.5,0.6,3600,0.8,44,75.0,17.5,0.64,1.92,0.398,4.91
3.0,1.5,2.5,3.0,0.6,1200,0.4,43,81.4,17.03,0.44,1.93,0.396,4.91
3.0,1.5,2.5,4.5,0.6,1200,0.4,43,81.4,17.03,0.44,1.93,0.396,4.91
3.0,1.0,1.5,3.0,0.4,2400,0.2,41,85.4,16.2,0.33,1.9,0.395,6.6
3.0,1.0,1.5,3.0,0.4,3600,0.2,41,85.4,16.2,0.33,1.9,0.395,6.6
3.0,1.0,1.5,3.0,0.4,7200,0.2,41,85.4,16.2,0.33,1.9,0.395,6.6
3.0,1.0,1.5,3.0,0.4,7200,0.4,41,85.4,16.2,0.33,1.9,0.395,6.6
3.0,1.0,1.5,3.0,0.4,14400,0.2,41,85.4,16.2,0.33,1.9,0.395,6.6
3.0,1.0,1.5,3.0,0.4,14400,0.4,41,85.4,16.2,0.33,1.9,0.395,6.6
3.0,1.0,1.5,3.0,0.4,,0.4,41,85.4,16.2,0.33,1.9,0.395,6.6
3.0,1.0,1.5,3.0,0.6,2400,0.2,41,85.4,16.2,0.33,1.9,0.395,6.6
3.0,1.0,1.5,3.0,0.6,3600,0.2,41,85.4,16.2,0.33,1.9,0.395,6.6
3.0,1.0,1.5,3.0,0.6,7200,0.2,41,85.4,16.2,0.33,1.9,0.395,6.6
3.0,1.0,1.5,3.0,0.6,7200,0.4,41,85.4,16.2,0.33,1.9,0.395,6.6
3.0,1.0,1.5,3.0,0.6,14400,0.2,41,85.4,16.2,0.33,1.9,0.395,6.6
3.0,1.0,1.5,3.0,0.6,14400,0.4,41,85.4,16.2,0.33,1.9,0.395,6.6
3.0,1.0,1.5,3.0,0.6,,0.4,41,85.4,16.2,0.33,1.9,0.395,6.6
3.0,1.0,1.5,3.0,0.8,2400,0.2,41,85.4,16.2,0.33,1.9,0.395,6.6
3.0,1.0,1.5,3.0,0.8,3600,0.2,41,85.4,16.2,0.33,1.9,0.395,6.6
3.0,1.0,1.5,3.0,0.8,7200,0.2,41,85.4,16.2,0.33,1.9,0.395,6.6
3.0,1.0,1.5,3.0,0.8,7200,0.4,41,85.4,16.2,0.33,1.9,0.395,6.6
3.0,1.0,1.5,3.0,0.8,14400,0.2,41,85.4,16.2,0.33,1.9,0.395,6.6
3.0,1.0,1.5,3.0,0.8,14400,0.4,41,85.4,16.2,0.33,1.9,0.395,6.6
3.0,1.0,1.5,3.0,0.8,,0.4,41,85.4,16.2,0.33,1.9,0.395,6.6
3.0,1.0,1.5,4.5,0.4,2400,0.2,41,85.4,16.2,0.33,1.9,0.395,6.6
3.0,1.0,1.5,4.5,0.4,3600,0.2,41,85.4,16.2,0.33,1.9,0.395,6.6
3.0,1.0,1.5,4.5,0.4,7200,0.2,41,85.4,16.2,0.33,1.9,0.395,6.6
3.0,1.0,1.5,4.5,0.4,7200,0.4,41,85.4,16.2,0.33,1.9,0.395,6.6
3.0,1.0,1.5,4.5,0.4,14400,0.2,41,85.4,16.2,0.33,1.9,0.395,6.6
3.0,1.0,1.5,4.5,0.4,14400,0.4,41,85.4,16.2,0.33,1.9,0.395,6.6
3.0,1.0,1.5,4.5,0.4,,0.4,41,85.4,16.2,0.33,1.9,0.395,6.6
3.0,1.0,1.5,4.5,0.6,2400,0.2,41,85.4,16.2,0.33,1.9,0.395,6.6
3.0,1.0,1.5,4.5,0.6,3600,0.2,41,85.4,16.2,0.33,1.9,0.395,6.6
3.0,1.0,1.5,4.5,0.6,7200,0.2,41,85.4,16.2,0.33,1.9,0.395,6.6
3.0,1.0,1.5,4.5,0.6,7200,0.4,41,85.4,16.2,0.33,1.9,0.395,6.6
3.0,1.0,1.5,4.5,0.6,14400,0.2,41,85.4,16.2,0.33,1.9,0.395,6.6
3.0,1.0,1.5,4.5,0.6,14400,0.4,41,85.4,16.2,0.33,1.9,0.395,6.6
3.0,1.0,1.5,4.5,0.6,,0.4,41,85.4,16.2,0.33,1.9,0.395,6.6
3.0,1.0,1.5,4.5,0.8,2400,0.2,41,85.4,16.2,0.33,1.9,0.395,6.6
3.0,1.0,1.5,4.5,0.8,3600,0.2,41,85.4,16.2,0.33,1.9,0.395,6.6
3.0,1.0,1.5,4.5,0.8,7200,0.2,41,85.4,16.2,0.33,1.9,0.395,6.6
3.0,1.0,1.5,4.5,0.8,7200,0.4,41,85.4,16.2,0.33,1.9,0.395,6.6
3.0,1.0,1.5,4.5,0.8,14400,0.2,41,85.4,16.2,0.33,1.9,0.395,6.6
3.0,1.0,1.5,4.5,0.8,14400,0.4,41,85.4,16.2,0.33,1.9,0.395,6.6
3.0,1.0,1.5,4.5,0.8,,0.4,41,85.4,16.2,0.33,1.9,0.395,6.6
3.0,1.0,1.5,3.0,0.4,3600,0.4,42,85.7,16.4,0.32,1.91,0.39,6.6
3.0,1.0,1.5,3.0,0.6,3600,0.4,42,85.7,16.4,0.32,1.91,0.39,6.6
3.0,1.0,1.5,3.0,0.8,3600,0.4,42,85.7,16.4,0.32,1.91,0.39,6.6
3.0,1.0,1.5,4.5,0.4,3600,0.4,42,85.7,16.4,0.32,1.91,0.39,6.6
3.0,1.0,1.5,4.5,0.6,3600,0.4,42,85.7,16.4,0.32,1.91,0.39,6.6
3.0,1.0,1.5,4.5,0.8,3600,0.4,42,85.7,16.4,0.32,1.91,0.39,6.6
3.0,1.0,1.5,3.0,0.4,2400,0.4,42,85.7,16.32,0.32,1.91,0.389,6.6
3.0,1.0,1.5,3.0,0.6,2400,0.4,42,85.7,16.32,0.32,1.91,0.389,6.6
3.0,1.0,1.5,3.0,0.8,2400,0.4,42,85.7,16.32,0.32,1.91,0.389,6.6
3.0,1.0,1.5,4.5,0.4,2400,0.4,42,85.7,16.32,0.32,1.91,0.389,6.6
3.0,1.0,1.5,4.5,0.6,2400,0.4,42,85.7,16.32,0.32,1.91,0.389,6.6
3.0,1.0,1.5,4.5,0.8,2400,0.4,42,85.7,16.32,0.32,1.91,0.389,6.6
3.0,1.0,1.5,3.0,0.4,1200,0.2,42,85.7,16.24,0.32,1.9,0.387,6.6
3.0,1.0,1.5,3.0,0.6,1200,0.2,42,85.7,16.24,0.32,1.9,0.387,6.6
3.0,1.0,1.5,3.0,0.8,1200,0.2,42,85.7,16.24,0.32,1.9,0.387,6.6
3.0,1.0,1.5,4.5,0.4,1200,0.2,42,85.7,16.24,0.32,1.9,0.387,6.6
3.0,1.0,1.5,4.5,0.6,1200,0.2,42,85.7,16.24,0.32,1.9,0.387,6.6
3.0,1.0,1.5,4.5,0.8,1200,0.2,42,85.7,16.24,0.32,1.9,0.387,6.6
4.0,0.7,1.5,3.0,0.4,2400,0.2,45,93.3,17.34,0.17,2.44,0.385,4.0
4.0,0.7,1.5,3.0,0.4,3600,0.2,45,93.3,17.34,0.17,2.44,0.385,4.0
4.0,0.7,1.5,3.0,0.4,7200,0.2,45,93.3,17.34,0.17,2.44,0.385,4.0
4.0,0.7,1.5,3.0,0.4,7200,0.4,45,93.3,17.34,0.17,2.44,0.385,4.0
4.0,0.7,1.5,3.0,0.4,14400,0.2,45,93.3,17.34,0.17,2.44,0.385,4.0
4.0,0.7,1.5,3.0,0.4,14400,0.4,45,93.3,17.34,0.17,2.44,0.385,4.0
4.0,0.7,1.5,3.0,0.4,,0.4,45,93.3,17.34,0.17,2.44,0.385,4.0
4.0,0.7,1.5,3.0,0.6,2400,0.2,45,93.3,17.34,0.17,2.44,0.385,4.0
4.0,0.7,1.5,3.0,0.6,3600,0.2,45,93.3,17.34,0.17,2.44,0.385,4.0
4.0,0.7,1.5,3.0,0.6,7200,0.2,45,93.3,17.34,0.17,2.44,0.385,4.0
4.0,0.7,1.5,3.0,0.6,7200,0.4,45,93.3,17.34,0.17,2.44,0.385,4.0
4.0,0.7,1.5,3.0,0.6,14400,0.2,45,93.3,17.34,0.17,2.44,0.385,4.0
4.0,0.7,1.5,3.0,0.6,14400,0.4,45,93.3,17.34,0.17,2.44,0.385,4.0
4.0,0.7,1.5,3.0,0.6,,0.4,45,93.3,17.34,0.17,2.44,0.385,4.0
4.0,0.7,1.5,3.0,0.8,2400,0.2,45,93.3,17.34,0.17,2.44,0.385,4.0
4.0,0.7,1.5,3.0,0.8,3600,0.2,45,93.3,17.34,0.17,2.44,0.385,4.0
4.0,0.7,1.5,3.0,0.8,7200,0.2,45,93.3,17.34,0.17,2.44,0.385,4.0
4.0,0.7,1.5,3.0,0.8,7200,0.4,45,93.3,17.34,0.17,2.44,0.385,4.0
4.0,0.7,1.5,3.0,0.8,14400,0.2,45,93.3,17.34,0.17,2.44,0.385,4.0
4.0,0.7,1.5,3.0,0.8,14400,0.4,45,93.3,17.34,0.17,2.44,0.385,4.0
4.0,0.7,1.5,3.0,0.8,,0.4,45,93.3,17.34,0.17,2.44,0.385,4.0
4.0,0.7,1.5,4.5,0.4,2400,0.2,45,93.3,17.34,0.17,2.44,0.385,4.0
4.0,0.7,1.5,4.5,0.4,3600,0.2,45,93.3,17.34,0.17,2.44,0.385,4.0
4.0,0.7,1.5,4.5,0.4,7200,0.2,45,93.3,17.34,0.17,2.44,0.385,4.0
4.0,0.7,1.5,4.5,0.4,7200,0.4,45,93.3,17.34,0.17,2.44,0.385,4.0
4.0,0.7,1.5,4.5,0.4,14400,0.2,45,93.3,17.34,0.17,2.44,0.385,4.0
4.0,0.7,1.5,4.5,0.4,14400,0.4,45,93.3,17.34,0.17,2.44,0.385,4.0
4.0,0.7,1.5,4.5,0.4,,0.4,45,93.3,17.34,0.17,2.44,0.385,4.0
4.0,0.7,1.5,4.5,0.6,2400,0.2,45,93.3,17.34,0.17,2.44,0.385,4.0
4.0,0.7,1.5,4.5,0.6,3600,0.2,45,93.3,17.34,0.17,2.44,0.385,4.0
4.0,0.7,1.5,4.5,0.6,7200,0.2,45,93.3,17.34,0.17,2.44,0.385,4.0
4.0,0.7,1.5,4.5,0.6,7200,0.4,45,93.3,17.34,0.17,2.44,0.385,4.0
4.0,0.7,1.5,4.5,0.6,14400,0.2,45,93.3,17.34,0.17,2.44,0.385,4.0
4.0,0.7,1.5,4.5,0.6,14400,0.4,45,93.3,17.34,0.17,2.44,0.385,4.0
4.0,0.7,1.5,4.5,0.6,,0.4,45,93.3,17.34,0.17,2.44,0.385,4.0
4.0,0.7,1.5,4.5,0.8,2400,0.2,45,93.3,17.34,0.17,2.44,0.385,4.0
4.0,0.7,1.5,4.5,0.8,3600,0.2,45,93.3,17.34,0.17,2.44,0.385,4.0
4.0,0.7,1.5,4.5,0.8,7200,0.2,45,93.3,17.34,0.17,2.44,0.385,4.0
4.0,0.7,1.5,4.5,0.8,7200,0.4,45,93.3,17.34,0.17,2.44,0.385,4.0
4.0,0.7,1.5,4.5,0.8,14400,0.2,45,93.3,17.34,0.17,2.44,0.385,4.0
4.0,0.7,1.5,4.5,0.8,14400,0.4,45,93.3,17.34,0.17,2.44,0.385,4.0
4.0,0.7,1.5,4.5,0.8,,0.4,45,93.3,17.34,0.17,2.44,0.385,4.0
5.0,1.5,2.5,3.0,0.6,7200,0.8,36,86.1,13.86,0.27,1.69,0.385,10.42
5.0,1.5,2.5,4.5,0.6,7200,0.8,36,86.1,13.86,0.27,1.69,0.385,10.42
4.0,0.7,1.5,3.0,0.4,3600,0.4,46,93.5,17.54,0.17,2.46,0.381,4.0
4.0,0.7,1.5,3.0,0.6,3600,0.4,46,93.5,17.54,0.17,2.46,0.381,4.0
4.0,0.7,1.5,3.0,0.8,3600,0.4,46,93.5,17.54,0.17,2.46,0.381,4.0
4.0,0.7,1.5,4.5,0.4,3600,0.4,46,93.5,17.54,0.17,2.46,0.381,4.0
4.0,0.7,1.5,4.5,0.6,3600,0.4,46,93.5,17.54,0.17,2.46,0.381,4.0
4.0,0.7,1.5,4.5,0.8,3600,0.4,46,93.5,17.54,0.17,2.46,0.381,4.0
4.0,0.7,1.5,3.0,0.4,2400,0.4,46,93.5,17.46,0.17,2.45,0.38,4.0
4.0,0.7,1.5,3.0,0.6,2400,0.4,46,93.5,17.46,0.17,2.45,0.38,4.0
4.0,0.7,1.5,3.0,0.8,2400,0.4,46,93.5,17.46,0.17,2.45,0.38,4.0
4.0,0.7,1.5,4.5,0.4,2400,0.4,46,93.5,17.46,0.17,2.45,0.38,4.0
4.0,0.7,1.5,4.5,0.6,2400,0.4,46,93.5,17.46,0.17,2.45,0.38,4.0
4.0,0.7,1.5,4.5,0.8,2400,0.4,46,93.5,17.46,0.17,2.45,0.38,4.0
2.0,1.5,2.5,3.0,0.8,7200,0.8,42,76.2,15.89,0.59,1.88,0.378,8.37
2.0,1.5,2.5,4.5,0.8,7200,0.8,42,76.2,15.89,0.59,1.88,0.378,8.37
3.0,1.0,1.5,3.0,0.4,14400,0.8,42,83.3,15.87,0.37,1.87,0.378,6.6
3.0,1.0,1.5,3.0,0.6,14400,0.8,42,83.3,15.87,0.37,1.87,0.378,6.6
3.0,1.0,1.5,3.0,0.8,14400,0.8,42,83.3,15.87,0.37,1.87,0.378,6.6
3.0,1.0,1.5,4.5,0.4,14400,0.8,42,83.3,15.87,0.37,1.87,0.378,6.6
3.0,1.0,1.5,4.5,0.6,14400,0.8,42,83.3,15.87,0.37,1.87,0.378,6.6
3.0,1.0,1.5,4.5,0.8,14400,0.8,42,83.3,15.87,0.37,1.87,0.378,6.6
4.0,0.7,1.5,3.0,0.4,1200,0.2,46,93.5,17.38,0.17,2.45,0.378,4.0
4.0,0.7,1.5,3.0,0.6,1200,0.2,46,93.5,17.38,0.17,2.45,0.378,4.0
4.0,0.7,1.5,3.0,0.8,1200,0.2,46,93.5,17.38,0.17,2.45,0.378,4.0
4.0,0.7,1.5,4.5,0.4,1200,0.2,46,93.5,17.38,0.17,2.45,0.378,4.0
4.0,0.7,1.5,4.5,0.6,1200,0.2,46,93.5,17.38,0.17,2.45,0.378,4.0
4.0,0.7,1.5,4.5,0.8,1200,0.2,46,93.5,17.38,0.17,2.45,0.378,4.0
3.0,1.5,2.5,3.0,0.8,3600,0.8,44,75.0,16.57,0.62,1.87,0.377,4.84
3.0,1.5,2.5,4.5,0.8,3600,0.8,44,75.0,16.57,0.62,1.87,0.377,4.84
5.0,1.5,2.5,3.0,0.8,7200,0.8,36,86.1,13.52,0.27,1.67,0.376,9.95
5.0,1.5,2.5,4.5,0.8,7200,0.8,36,86.1,13.52,0.27,1.67,0.376,9.95
4.0,1.5,2.5,3.0,0.4,1200,0.4,42,83.3,15.69,0.35,1.77,0.374,8.26
4.0,1.5,2.5,4.5,0.4,1200,0.4,42,83.3,15.69,0.35,1.77,0.374,8.26
3.0,0.7,1.5,3.0,0.4,2400,0.2,45,91.1,16.71,0.23,2.39,0.371,3.0
3.0,0.7,1.5,3.0,0.4,3600,0.2,45,91.1,16.71,0.23,2.39,0.371,3.0
3.0,0.7,1.5,3.0,0.4,7200,0.2,45,91.1,16.71,0.23,2.39,0.371,3.0
3.0,0.7,1.5,3.0,0.4,7200,0.4,45,91.1,16.71,0.23,2.39,0.371,3.0
3.0,0.7,1.5,3.0,0.4,14400,0.2,45,91.1,16.71,0.23,2.39,0.371,3.0
3.0,0.7,1.5,3.0,0.4,14400,0.4,45,91.1,16.71,0.23,2.39,0.371,3.0
3.0,0.7,1.5,3.0,0.4,,0.4,45,91.1,16.71,0.23,2.39,0.371,3.0
3.0,0.7,1.5,3.0,0.6,2400,0.2,45,91.1,16.71,0.23,2.39,0.371,3.0
3.0,0.7,1.5,3.0,0.6,3600,0.2,45,91.1,16.71,0.23,2.39,0.371,3.0
3.0,0.7,1.5,3.0,0.6,7200,0.2,45,91.1,16.71,0.23,2.39,0.371,3.0
3.0,0.7,1.5,3.0,0.6,7200,0.4,45,91.1,16.71,0.23,2.39,0.371,3.0
3.0,0.7,1.5,3.0,0.6,14400,0.2,45,91.1,16.71,0.23,2.39,0.371,3.0
3.0,0.7,1.5,3.0,0.6,14400,0.4,45,91.1,16.71,0.23,2.39,0.371,3.0
3.0,0.7,1.5,3.0,0.6,,0.4,45,91.1,16.71,0.23,2.39,0.371,3.0
3.0,0.7,1.5,3.0,0.8,2400,0.2,45,91.1,16.71,0.23,2.39,0.371,3.0
3.0,0.7,1.5,3.0,0.8,3600,0.2,45,91.1,16.71,0.23,2.39,0.371,3.0
3.0,0.7,1.5,3.0,0.8,7200,0.2,45,91.1,16.71,0.23,2.39,0.371,3.0
3.0,0.7,1.5,3.0,0.8,7200,0.4,45,91.1,16.71,0.23,2.39,0.371,3.0
3.0,0.7,1.5,3.0,0.8,14400,0.2,45,91.1,16.71,0.23,2.39,0.371,3.0
3.0,0.7,1.5,3.0,0.8,14400,0.4,45,91.1,16.71,0.23,2.39,0.371,3.0
3.0,0.7,1.5,3.0,0.8,,0.4,45,91.1,16.71,0.23,2.39,0.371,3.0
3.0,0.7,1.5,4.5,0.4,2400,0.2,45,91.1,16.71,0.23,2.39,0.371,3.0
3.0,0.7,1.5,4.5,0.4,3600,0.2,45,91.1,16.71,0.23,2.39,0.371,3.0
3.0,0.7,1.5,4.5,0.4,7200,0.2,45,91.1,16.71,0.23,2.39,0.371,3.0
3.0,0.7,1.5,4.5,0.4,7200,0.4,45,91.1,16.71,0.23,2.39,0.371,3.0
3.0,0.7,1.5,4.5,0.4,14400,0.2,45,91.1,16.71,0.23,2.39,0.371,3.0
3.0,0.7,1.5,4.5,0.4,14400,0.4,45,91.1,16.71,0.23,2.39,0.371,3.0
3.0,0.7,1.5,4.5,0.4,,0.4,45,91.1,16.71,0.23,2.39,0.371,3.0
3.0,0.7,1.5,4.5,0.6,2400,0.2,45,91.1,16.71,0.23,2.39,0.371,3.0
3.0,0.7,1.5,4.5,0.6,3600,0.2,45,91.1,16.71,0.23,2.39,0.371,3.0
3.0,0.7,1.5,4.5,0.6,7200,0.2,45,91.1,16.71,0.23,2.39,0.371,3.0
3.0,0.7,1.5,4.5,0.6,7200,0.4,45,91.1,16.71,0.23,2.39,0.371,3.0
3.0,0.7,1.5,4.5,0.6,14400,0.2,45,91.1,16.71,0.23,2.39,0.371,3.0
3.0,0.7,1.5,4.5,0.6,14400,0.4,45,91.1,16.71,0.23,2.39,0.371,3.0
3.0,0.7,1.5,4.5,0.6,,0.4,45,91.1,16.71,0.23,2.39,0.371,3.0
3.0,0.7,1.5,4.5,0.8,2400,0.2,45,91.1,16.71,0.23,2.39,0.371,3.0
3.0,0.7,1.5,4.5,0.8,3600,0.2,45,91.1,16.71,0.23,2.39,0.371,3.0
3.0,0.7,1.5,4.5,0.8,7200,0.2,45,91.1,16.71,0.23,2.39,0.371,3.0
3.0,0.7,1.5,4.5,0.8,7200,0.4,45,91.1,16.71,0.23,2.39,0.371,3.0
3.0,0.7,1.5,4.5,0.8,14400,0.2,45,91.1,16.71,0.23,2.39,0.371,3.0
3.0,0.7,1.5,4.5,0.8,14400,0.4,45,91.1,16.71,0.23,2.39,0.371,3.0
3.0,0.7,1.5,4.5,0.8,,0.4,45,91.1,16.71,0.23,2.39,0.371,3.0
4.0,1.5,2.5,3.0,0.4,3600,0.8,44,77.3,16.34,0.52,1.77,0.371,8.26
4.0,1.5,2.5,4.5,0.4,3600,0.8,44,77.3,16.34,0.52,1.77,0.371,8.26
4.0,0.7,1.5,3.0,0.4,14400,0.8,46,91.3,17.01,0.23,2.38,0.37,4.0
4.0,0.7,1.5,3.0,0.6,14400,0.8,46,91.3,17.01,0.23,2.38,0.37,4.0
4.0,0.7,1.5,3.0,0.8,14400,0.8,46,91.3,17.01,0.23,2.38,0.37,4.0
4.0,0.7,1.5,4.5,0.4,14400,0.8,46,91.3,17.01,0.23,2.38,0.37,4.0
4.0,0.7,1.5,4.5,0.6,14400,0.8,46,91.3,17.01,0.23,2.38,0.37,4.0
4.0,0.7,1.5,4.5,0.8,14400,0.8,46,91.3,17.01,0.23,2.38,0.37,4.0
3.0,0.7,1.5,3.0,0.4,3600,0.4,46,91.3,16.91,0.23,2.41,0.368,3.0
3.0,0.7,1.5,3.0,0.6,3600,0.4,46,91.3,16.91,0.23,2.41,0.368,3.0
3.0,0.7,1.5,3.0,0.8,3600,0.4,46,91.3,16.91,0.23,2.41,0.368,3.0
3.0,0.7,1.5,4.5,0.4,3600,0.4,46,91.3,16.91,0.23,2.41,0.368,3.0
3.0,0.7,1.5,4.5,0.6,3600,0.4,46,91.3,16.91,0.23,2.41,0.368,3.0
3.0,0.7,1.5,4.5,0.8,3600,0.4,46,91.3,16.91,0.23,2.41,0.368,3.0
4.0,1.0,1.5,3.0,0.4,2400,0.2,41,87.8,15.1,0.24,1.75,0.368,8.4
4.0,1.0,1.5,3.0,0.4,3600,0.2,41,87.8,15.1,0.24,1.75,0.368,8.4
4.0,1.0,1.5,3.0,0.4,7200,0.2,41,87.8,15.1,0.24,1.75,0.368,8.4
4.0,1.0,1.5,3.0,0.4,7200,0.4,41,87.8,15.1,0.24,1.75,0.368,8.4
4.0,1.0,1.5,3.0,0.4,14400,0.2,41,87.8,15.1,0.24,1.75,0.368,8.4
4.0,1.0,1.5,3.0,0.4,14400,0.4,41,87.8,15.1,0.24,1.75,0.368,8.4
4.0,1.0,1.5,3.0,0.4,,0.4,41,87.8,15.1,0.24,1.75,0.368,8.4
4.0,1.0,1.5,3.0,0.6,2400,0.2,41,87.8,15.1,0.24,1.75,0.368,8.4
4.0,1.0,1.5,3.0,0.6,3600,0.2,41,87.8,15.1,0.24,1.75,0.368,8.4
4.0,1.0,1.5,3.0,0.6,7200,0.2,41,87.8,15.1,0.24,1.75,0.368,8.4
4.0,1.0,1.5,3.0,0.6,7200,0.4,41,87.8,15.1,0.24,1.75,0.368,8.4
4.0,1.0,1.5,3.0,0.6,14400,0.2,41,87.8,15.1,0.24,1.75,0.368,8.4
4.0,1.0,1.5,3.0,0.6,14400,0.4,41,87.8,15.1,0.24,1.75,0.368,8.4
4.0,1.0,1.5,3.0,0.6,,0.4,41,87.8,15.1,0.24,1.75,0.368,8.4
4.0,1.0,1.5,3.0,0.8,2400,0.2,41,87.8,15.1,0.24,1.75,0.368,8.4
4.0,1.0,1.5,3.0,0.8,3600,0.2,41,87.8,15.1,0.24,1.75,0.368,8.4
4.0,1.0,1.5,3.0,0.8,7200,0.2,41,87.8,15.1,0.24,1.75,0.368,8.4
4.0,1.0,1.5,3.0,0.8,7200,0.4,41,87.8,15.1,0.24,1.75,0.368,8.4
4.0,1.0,1.5,3.0,0.8,14400,0.2,41,87.8,15.1,0.24,1.75,0.368,8.4
4.0,1.0,1.5,3.0,0.8,14400,0.4,41,87.8,15.1,0.24,1.75,0.368,8.4
4.0,1.0,1.5,3.0,0.8,,0.4,41,87.8,15.1,0.24,1.75,0.368,8.4
4.0,1.0,1.5,4.5,0.4,2400,0.2,41,87.8,15.1,0.24,1.75,0.368,8.4
4.0,1.0,1.5,4.5,0.4,3600,0.2,41,87.8,15.1,0.24,1.75,0.368,8.4
4.0,1.0,1.5,4.5,0.4,7200,0.2,41,87.8,15.1,0.24,1.75,0.368,8.4
4.0,1.0,1.5,4.5,0.4,7200,0.4,41,87.8,15.1,0.24,1.75,0.368,8.4
4.0,1.0,1.5,4.5,0.4,14400,0.2,41,87.8,15.1,0.24,1.75,0.368,8.4
4.0,1.0,1.5,4.5,0.4,14400,0.4,41,87.8,15.1,0.24,1.75,0.368,8.4
4.0,1.0,1.5,4.5,0.4,,0.4,41,87.8,15.1,0.24,1.75,0.368,8.4
4.0,1.0,1.5,4.5,0.6,2400,0.2,41,87.8,15.1,0.24,1.75,0.368,8.4
4.0,1.0,1.5,4.5,0.6,3600,0.2,41,87.8,15.1,0.24,1.75,0.368,8.4
4.0,1.0,1.5,4.5,0.6,7200,0.2,41,87.8,15.1,0.24,1.75,0.368,8.4
4.0,1.0,1.5,4.5,0.6,7200,0.4,41,87.8,15.1,0.24,1.75,0.368,8.4
4.0,1.0,1.5,4.5,0.6,14400,0.2,41,87.8,15.1,0.24,1.75,0.368,8.4
4.0,1.0,1.5,4.5,0.6,14400,0.4,41,87.8,15.1,0.24,1.75,0.368,8.4
4.0,1.0,1.5,4.5,0.6,,0.4,41,87.8,15.1,0.24,1.75,0.368,8.4
4.0,1.0,1.5,4.5,0.8,2400,0.2,41,87.8,15.1,0.24,1.75,0.368,8.4
4.0,1.0,1.5,4.5,0.8,3600,0.2,41,87.8,15.1,0.24,1.75,0.368,8.4
4.0,1.0,1.5,4.5,0.8,7200,0.2,41,87.8,15.1,0.24,1.75,0.368,8.4
4.0,1.0,1.5,4.5,0.8,7200,0.4,41,87.8,15.1,0.24,1.75,0.368,8.4
4.0,1.0,1.5,4.5,0.8,14400,0.2,41,87.8,15.1,0.24,1.75,0.368,8.4
4.0,1.0,1.5,4.5,0.8,14400,0.4,41,87.8,15.1,0.24,1.75,0.368,8.4
4.0,1.0,1.5,4.5,0.8,,0.4,41,87.8,15.1,0.24,1.75,0.368,8.4
3.0,0.7,1.5,3.0,0.4,2400,0.4,46,91.3,16.83,0.23,2.4,0.366,3.0
3.0,0.7,1.5,3.0,0.6,2400,0.4,46,91.3,16.83,0.23,2.4,0.366,3.0
3.0,0.7,1.5,3.0,0.8,2400,0.4,46,91.3,16.83,0.23,2.4,0.366,3.0
3.0,0.7,1.5,4.5,0.4,2400,0.4,46,91.3,16.83,0.23,2.4,0.366,3.0
3.0,0.7,1.5,4.5,0.6,2400,0.4,46,91.3,16.83,0.23,2.4,0.366,3.0
3.0,0.7,1.5,4.5,0.8,2400,0.4,46,91.3,16.83,0.23,2.4,0.366,3.0
3.0,1.5,2.5,3.0,0.8,1200,0.4,43,81.4,15.7,0.42,1.86,0.365,4.84
3.0,1.5,2.5,4.5,0.8,1200,0.4,43,81.4,15.7,0.42,1.86,0.365,4.84
3.0,0.7,1.5,3.0,0.4,1200,0.2,46,91.3,16.75,0.23,2.4,0.364,3.0
3.0,0.7,1.5,3.0,0.6,1200,0.2,46,91.3,16.75,0.23,2.4,0.364,3.0
3.0,0.7,1.5,3.0,0.8,1200,0.2,46,91.3,16.75,0.23,2.4,0.364,3.0
3.0,0.7,1.5,4.5,0.4,1200,0.2,46,91.3,16.75,0.23,2.4,0.364,3.0
3.0,0.7,1.5,4.5,0.6,1200,0.2,46,91.3,16.75,0.23,2.4,0.364,3.0
3.0,0.7,1.5,4.5,0.8,1200,0.2,46,91.3,16.75,0.23,2.4,0.364,3.0
4.0,1.0,1.5,3.0,0.4,3600,0.4,42,88.1,15.3,0.24,1.76,0.364,8.4
4.0,1.0,1.5,3.0,0.6,3600,0.4,42,88.1,15.3,0.24,1.76,0.364,8.4
4.0,1.0,1.5,3.0,0.8,3600,0.4,42,88.1,15.3,0.24,1.76,0.364,8.4
4.0,1.0,1.5,4.5,0.4,3600,0.4,42,88.1,15.3,0.24,1.76,0.364,8.4
4.0,1.0,1.5,4.5,0.6,3600,0.4,42,88.1,15.3,0.24,1.76,0.364,8.4
4.0,1.0,1.5,4.5,0.8,3600,0.4,42,88.1,15.3,0.24,1.76,0.364,8.4
3.0,1.0,2.5,3.0,0.4,2400,0.2,41,85.4,14.85,0.31,1.82,0.362,6.6
3.0,1.0,2.5,3.0,0.4,3600,0.2,41,85.4,14.85,0.31,1.82,0.362,6.6
3.0,1.0,2.5,3.0,0.4,7200,0.2,41,85.4,14.85,0.31,1.82,0.362,6.6
3.0,1.0,2.5,3.0,0.4,7200,0.4,41,85.4,14.85,0.31,1.82,0.362,6.6
3.0,1.0,2.5,3.0,0.4,14400,0.2,41,85.4,14.85,0.31,1.82,0.362,6.6
3.0,1.0,2.5,3.0,0.4,14400,0.4,41,85.4,14.85,0.31,1.82,0.362,6.6
3.0,1.0,2.5,3.0,0.4,,0.4,41,85.4,14.85,0.31,1.82,0.362,6.6
3.0,1.0,2.5,3.0,0.6,2400,0.2,41,85.4,14.85,0.31,1.82,0.362,6.6
3.0,1.0,2.5,3.0,0.6,3600,0.2,41,85.4,14.85,0.31,1.82,0.362,6.6
3.0,1.0,2.5,3.0,0.6,7200,0.2,41,85.4,14.85,0.31,1.82,0.362,6.6
3.0,1.0,2.5,3.0,0.6,7200,0.4,41,85.4,14.85,0.31,1.82,0.362,6.6
3.0,1.0,2.5,3.0,0.6,14400,0.2,41,85.4,14.85,0.31,1.82,0.362,6.6
3.0,1.0,2.5,3.0,0.6,14400,0.4,41,85.4,14.85,0.31,1.82,0.362,6.6
3.0,1.0,2.5,3.0,0.6,,0.4,41,85.4,14.85,0.31,1.82,0.362,6.6
3.0,1.0,2.5,3.0,0.8,2400,0.2,41,85.4,14.85,0.31,1.82,0.362,6.6
3.0,1.0,2.5,3.0,0.8,3600,0.2,41,85.4,14.85,0.31,1.82,0.362,6.6
3.0,1.0,2.5,3.0,0.8,7200,0.2,41,85.4,14.85,0.31,1.82,0.362,6.6
3.0,1.0,2.5,3.0,0.8,7200,0.4,41,85.4,14.85,0.31,1.82,0.362,6.6
3.0,1.0,2.5,3.0,0.8,14400,0.2,41,85.4,14.85,0.31,1.82,0.362,6.6
3.0,1.0,2.5,3.0,0.8,14400,0.4,41,85.4,14.85,0.31,1.82,0.362,6.6
3.0,1.0,2.5,3.0,0.8,,0.4,41,85.4,14.85,0.31,1.82,0.362,6.6
3.0,1.0,2.5,4.5,0.4,2400,0.2,41,85.4,14.85,0.31,1.82,0.362,6.6
3.0,1.0,2.5,4.5,0.4,3600,0.2,41,85.4,14.85,0.31,1.82,0.362,6.6
3.0,1.0,2.5,4.5,0.4,7200,0.2,41,85.4,14.85,0.31,1.82,0.362,6.6
3.0,1.0,2.5,4.5,0.4,7200,0.4,41,85.4,14.85,0.31,1.82,0.362,6.6
3.0,1.0,2.5,4.5,0.4,14400,0.2,41,85.4,14.85,0.31,1.82,0.362,6.6
3.0,1.0,2.5,4.5,0.4,14400,0.4,41,85.4,14.85,0.31,1.82,0.362,6.6
3.0,1.0,2.5,4.5,0.4,,0.4,41,85.4,14.85,0.31,1.82,0.362,6.6
3.0,1.0,2.5,4.5,0.6,2400,0.2,41,85.4,14.85,0.31,1.82,0.362,6.6
3.0,1.0,2.5,4.5,0.6,3600,0.2,41,85.4,14.85,0.31,1.82,0.362,6.6
3.0,1.0,2.5,4.5,0.6,7200,0.2,41,85.4,14.85,0.31,1.82,0.362,6.6
3.0,1.0,2.5,4.5,0.6,7200,0.4,41,85.4,14.85,0.31,1.82,0.362,6.6
3.0,1.0,2.5,4.5,0.6,14400,0.2,41,85.4,14.85,0.31,1.82,0.362,6.6
3.0,1.0,2.5,4.5,0.6,14400,0.4,41,85.4,14.85,0.31,1.82,0.362,6.6
3.0,1.0,2.5,4.5,0.6,,0.4,41,85.4,14.85,0.31,1.82,0.362,6.6
3.0,1.0,2.5,4.5,0.8,2400,0.2,41,85.4,14.85,0.31,1.82,0.362,6.6
3.0,1.0,2.5,4.5,0.8,3600,0.2,41,85.4,14.85,0.31,1.82,0.362,6.6
3.0,1.0,2.5,4.5,0.8,7200,0.2,41,85.4,14.85,0.31,1.82,0.362,6.6
3.0,1.0,2.5,4.5,0.8,7200,0.4,41,85.4,14.85,0.31,1.82,0.362,6.6
3.0,1.0,2.5,4.5,0.8,14400,0.2,41,85.4,14.85,0.31,1.82,0.362,6.6
3.0,1.0,2.5,4.5,0.8,14400,0.4,41,85.4,14.85,0.31,1.82,0.362,6.6
3.0,1.0,2.5,4.5,0.8,,0.4,41,85.4,14.85,0.31,1.82,0.362,6.6
4.0,1.0,1.5,3.0,0.4,2400,0.4,42,88.1,15.22,0.24,1.76,0.362,8.4
4.0,1.0,1.5,3.0,0.6,2400,0.4,42,88.1,15.22,0.24,1.76,0.362,8.4
4.0,1.0,1.5,3.0,0.8,2400,0.4,42,88.1,15.22,0.24,1.76,0.362,8.4
4.0,1.0,1.5,4.5,0.4,2400,0.4,42,88.1,15.22,0.24,1.76,0.362,8.4
4.0,1.0,1.5,4.5,0.6,2400,0.4,42,88.1,15.22,0.24,1.76,0.362,8.4
4.0,1.0,1.5,4.5,0.8,2400,0.4,42,88.1,15.22,0.24,1.76,0.362,8.4
4.0,1.0,1.5,3.0,0.4,1200,0.2,42,88.1,15.14,0.24,1.76,0.36,8.4
4.0,1.0,1.5,3.0,0.6,1200,0.2,42,88.1,15.14,0.24,1.76,0.36,8.4
4.0,1.0,1.5,3.0,0.8,1200,0.2,42,88.1,15.14,0.24,1.76,0.36,8.4
4.0,1.0,1.5,4.5,0.4,1200,0.2,42,88.1,15.14,0.24,1.76,0.36,8.4
4.0,1.0,1.5,4.5,0.6,1200,0.2,42,88.1,15.14,0.24,1.76,0.36,8.4
4.0,1.0,1.5,4.5,0.8,1200,0.2,42,88.1,15.14,0.24,1.76,0.36,8.4
3.0,1.0,2.5,3.0,0.4,3600,0.4,42,85.7,15.05,0.31,1.84,0.358,6.6
3.0,1.0,2.5,3.0,0.6,3600,0.4,42,85.7,15.05,0.31,1.84,0.358,6.6
3.0,1.0,2.5,3.0,0.8,3600,0.4,42,85.7,15.05,0.31,1.84,0.358,6.6
3.0,1.0,2.5,4.5,0.4,3600,0.4,42,85.7,15.05,0.31,1.84,0.358,6.6
3.0,1.0,2.5,4.5,0.6,3600,0.4,42,85.7,15.05,0.31,1.84,0.358,6.6
3.0,1.0,2.5,4.5,0.8,3600,0.4,42,85.7,15.05,0.31,1.84,0.358,6.6
4.0,0.7,2.5,3.0,0.4,2400,0.2,45,93.3,16.08,0.17,2.34,0.357,4.0
4.0,0.7,2.5,3.0,0.4,3600,0.2,45,93.3,16.08,0.17,2.34,0.357,4.0
4.0,0.7,2.5,3.0,0.4,7200,0.2,45,93.3,16.08,0.17,2.34,0.357,4.0
4.0,0.7,2.5,3.0,0.4,7200,0.4,45,93.3,16.08,0.17,2.34,0.357,4.0
4.0,0.7,2.5,3.0,0.4,14400,0.2,45,93.3,16.08,0.17,2.34,0.357,4.0
4.0,0.7,2.5,3.0,0.4,14400,0.4,45,93.3,16.08,0.17,2.34,0.357,4.0
4.0,0.7,2.5,3.0,0.4,,0.4,45,93.3,16.08,0.17,2.34,0.357,4.0
4.0,0.7,2.5,3.0,0.6,2400,0.2,45,93.3,16.08,0.17,2.34,0.357,4.0
4.0,0.7,2.5,3.0,0.6,3600,0.2,45,93.3,16.08,0.17,2.34,0.357,4.0
4.0,0.7,2.5,3.0,0.6,7200,0.2,45,93.3,16.08,0.17,2.34,0.357,4.0
4.0,0.7,2.5,3.0,0.6,7200,0.4,45,93.3,16.08,0.17,2.34,0.357,4.0
4.0,0.7,2.5,3.0,0.6,14400,0.2,45,93.3,16.08,0.17,2.34,0.357,4.0
4.0,0.7,2.5,3.0,0.6,14400,0.4,45,93.3,16.08,0.17,2.34,0.357,4.0
4.0,0.7,2.5,3.0,0.6,,0.4,45,93.3,16.08,0.17,2.34,0.357,4.0
4.0,0.7,2.5,3.0,0.8,2400,0.2,45,93.3,16.08,0.17,2.34,0.357,4.0
4.0,0.7,2.5,3.0,0.8,3600,0.2,45,93.3,16.08,0.17,2.34,0.357,4.0
4.0,0.7,2.5,3.0,0.8,7200,0.2,45,93.3,16.08,0.17,2.34,0.357,4.0
4.0,0.7,2.5,3.0,0.8,7200,0.4,45,93.3,16.08,0.17,2.34,0.357,4.0
4.0,0.7,2.5,3.0,0.8,14400,0.2,45,93.3,16.08,0.17,2.34,0.357,4.0
4.0,0.7,2.5,3.0,0.8,14400,0.4,45,93.3,16.08,0.17,2.34,0.357,4.0
4.0,0.7,2.5,3.0,0.8,,0.4,45,93.3,16.08,0.17,2.34,0.357,4.0
4.0,0.7,2.5,4.5,0.4,2400,0.2,45,93.3,16.08,0.17,2.34,0.357,4.0
4.0,0.7,2.5,4.5,0.4,3600,0.2,45,93.3,16.08,0.17,2.34,0.357,4.0
4.0,0.7,2.5,4.5,0.4,7200,0.2,45,93.3,16.08,0.17,2.34,0.357,4.0
4.0,0.7,2.5,4.5,0.4,7200,0.4,45,93.3,16.08,0.17,2.34,0.357,4.0
4.0,0.7,2.5,4.5,0.4,14400,0.2,45,93.3,16.08,0.17,2.34,0.357,4.0
4.0,0.7,2.5,4.5,0.4,14400,0.4,45,93.3,16.08,0.17,2.34,0.357,4.0
4.0,0.7,2.5,4.5,0.4,,0.4,45,93.3,16.08,0.17,2.34,0.357,4.0
4.0,0.7,2.5,4.5,0.6,2400,0.2,45,93.3,16.08,0.17,2.34,0.357,4.0
4.0,0.7,2.5,4.5,0.6,3600,0.2,45,93.3,16.08,0.17,2.34,0.357,4.0
4.0,0.7,2.5,4.5,0.6,7200,0.2,45,93.3,16.08,0.17,2.34,0.357,4.0
4.0,0.7,2.5,4.5,0.6,7200,0.4,45,93.3,16.08,0.17,2.34,0.357,4.0
4.0,0.7,2.5,4.5,0.6,14400,0.2,45,93.3,16.08,0.17,2.34,0.357,4.0
4.0,0.7,2.5,4.5,0.6,14400,0.4,45,93.3,16.08,0.17,2.34,0.357,4.0
4.0,0.7,2.5,4.5,0.6,,0.4,45,93.3,16.08,0.17,2.34,0.357,4.0
4.0,0.7,2.5,4.5,0.8,2400,0.2,45,93.3,16.08,0.17,2.34,0.357,4.0
4.0,0.7,2.5,4.5,0.8,3600,0.2,45,93.3,16.08,0.17,2.34,0.357,4.0
4.0,0.7,2.5,4.5,0.8,7200,0.2,45,93.3,16.08,0.17,2.34,0.357,4.0
4.0,0.7,2.5,4.5,0.8,7200,0.4,45,93.3,16.08,0.17,2.34,0.357,4.0
4.0,0.7,2.5,4.5,0.8,14400,0.2,45,93.3,16.08,0.17,2.34,0.357,4.0
4.0,0.7,2.5,4.5,0.8,14400,0.4,45,93.3,16.08,0.17,2.34,0.357,4.0
4.0,0.7,2.5,4.5,0.8,,0.4,45,93.3,16.08,0.17,2.34,0.357,4.0
3.0,0.7,1.5,3.0,0.4,14400,0.8,46,89.1,16.38,0.28,2.33,0.356,3.0
3.0,0.7,1.5,3.0,0.6,14400,0.8,46,89.1,16.38,0.28,2.33,0.356,3.0
3.0,0.7,1.5,3.0,0.8,14400,0.8,46,89.1,16.38,0.28,2.33,0.356,3.0
3.0,0.7,1.5,4.5,0.4,14400,0.8,46,89.1,16.38,0.28,2.33,0.356,3.0
3.0,0.7,1.5,4.5,0.6,14400,0.8,46,89.1,16.38,0.28,2.33,0.356,3.0
3.0,0.7,1.5,4.5,0.8,14400,0.8,46,89.1,16.38,0.28,2.33,0.356,3.0
3.0,1.0,2.5,3.0,0.4,2400,0.4,42,85.7,14.97,0.31,1.83,0.356,6.6
3.0,1.0,2.5,3.0,0.6,2400,0.4,42,85.7,14.97,0.31,1.83,0.356,6.6
3.0,1.0,2.5,3.0,0.8,2400,0.4,42,85.7,14.97,0.31,1.83,0.356,6.6
3.0,1.0,2.5,4.5,0.4,2400,0.4,42,85.7,14.97,0.31,1.83,0.356,6.6
3.0,1.0,2.5,4.5,0.6,2400,0.4,42,85.7,14.97,0.31,1.83,0.356,6.6
3.0,1.0,2.5,4.5,0.8,2400,0.4,42,85.7,14.97,0.31,1.83,0.356,6.6
3.0,1.0,2.5,3.0,0.4,1200,0.2,42,85.7,14.89,0.3,1.83,0.355,6.6
3.0,1.0,2.5,3.0,0.6,1200,0.2,42,85.7,14.89,0.3,1.83,0.355,6.6
3.0,1.0,2.5,3.0,0.8,1200,0.2,42,85.7,14.89,0.3,1.83,0.355,6.6
3.0,1.0,2.5,4.5,0.4,1200,0.2,42,85.7,14.89,0.3,1.83,0.355,6.6
3.0,1.0,2.5,4.5,0.6,1200,0.2,42,85.7,14.89,0.3,1.83,0.355,6.6
3.0,1.0,2.5,4.5,0.8,1200,0.2,42,85.7,14.89,0.3,1.83,0.355,6.6
4.0,0.7,2.5,3.0,0.4,3600,0.4,46,93.5,16.28,0.16,2.36,0.354,4.0
4.0,0.7,2.5,3.0,0.6,3600,0.4,46,93.5,16.28,0.16,2.36,0.354,4.0
4.0,0.7,2.5,3.0,0.8,3600,0.4,46,93.5,16.28,0.16,2.36,0.354,4.0
4.0,0.7,2.5,4.5,0.4,3600,0.4,46,93.5,16.28,0.16,2.36,0.354,4.0
4.0,0.7,2.5,4.5,0.6,3600,0.4,46,93.5,16.28,0.16,2.36,0.354,4.0
4.0,0.7,2.5,4.5,0.8,3600,0.4,46,93.5,16.28,0.16,2.36,0.354,4.0
4.0,0.7,2.5,3.0,0.4,2400,0.4,46,93.5,16.2,0.16,2.35,0.352,4.0
4.0,0.7,2.5,3.0,0.6,2400,0.4,46,93.5,16.2,0.16,2.35,0.352,4.0
4.0,0.7,2.5,3.0,0.8,2400,0.4,46,93.5,16.2,0.16,2.35,0.352,4.0
4.0,0.7,2.5,4.5,0.4,2400,0.4,46,93.5,16.2,0.16,2.35,0.352,4.0
4.0,0.7,2.5,4.5,0.6,2400,0.4,46,93.5,16.2,0.16,2.35,0.352,4.0
4.0,0.7,2.5,4.5,0.8,2400,0.4,46,93.5,16.2,0.16,2.35,0.352,4.0
4.0,1.0,1.5,3.0,0.4,14400,0.8,42,85.7,14.77,0.29,1.73,0.352,8.4
4.0,1.0,1.5,3.0,0.6,14400,0.8,42,85.7,14.77,0.29,1.73,0.352,8.4
4.0,1.0,1.5,3.0,0.8,14400,0.8,42,85.7,14.77,0.29,1.73,0.352,8.4
4.0,1.0,1.5,4.5,0.4,14400,0.8,42,85.7,14.77,0.29,1.73,0.352,8.4
4.0,1.0,1.5,4.5,0.6,14400,0.8,42,85.7,14.77,0.29,1.73,0.352,8.4
4.0,1.0,1.5,4.5,0.8,14400,0.8,42,85.7,14.77,0.29,1.73,0.352,8.4
4.0,0.7,1.5,3.0,0.4,7200,0.8,46,91.3,16.1,0.22,2.34,0.35,4.0
4.0,0.7,1.5,3.0,0.6,7200,0.8,46,91.3,16.1,0.22,2.34,0.35,4.0
4.0,0.7,1.5,3.0,0.8,7200,0.8,46,91.3,16.1,0.22,2.34,0.35,4.0
4.0,0.7,1.5,4.5,0.4,7200,0.8,46,91.3,16.1,0.22,2.34,0.35,4.0
4.0,0.7,1.5,4.5,0.6,7200,0.8,46,91.3,16.1,0.22,2.34,0.35,4.0
4.0,0.7,1.5,4.5,0.8,7200,0.8,46,91.3,16.1,0.22,2.34,0.35,4.0
4.0,0.7,2.5,3.0,0.4,1200,0.2,46,93.5,16.12,0.16,2.34,0.35,4.0
4.0,0.7,2.5,3.0,0.6,1200,0.2,46,93.5,16.12,0.16,2.34,0.35,4.0
4.0,0.7,2.5,3.0,0.8,1200,0.2,46,93.5,16.12,0.16,2.34,0.35,4.0
4.0,0.7,2.5,4.5,0.4,1200,0.2,46,93.5,16.12,0.16,2.34,0.35,4.0
4.0,0.7,2.5,4.5,0.6,1200,0.2,46,93.5,16.12,0.16,2.34,0.35,4.0
4.0,0.7,2.5,4.5,0.8,1200,0.2,46,93.5,16.12,0.16,2.34,0.35,4.0
4.0,1.5,2.5,3.0,0.6,3600,0.8,44,77.3,15.31,0.51,1.73,0.348,8.86
4.0,1.5,2.5,4.5,0.6,3600,0.8,44,77.3,15.31,0.51,1.73,0.348,8.86
3.0,1.0,2.5,3.0,0.4,14400,0.8,42,83.3,14.52,0.36,1.79,0.346,6.6
3.0,1.0,2.5,3.0,0.6,14400,0.8,42,83.3,14.52,0.36,1.79,0.346,6.6
3.0,1.0,2.5,3.0,0.8,14400,0.8,42,83.3,14.52,0.36,1.79,0.346,6.6
3.0,1.0,2.5,4.5,0.4,14400,0.8,42,83.3,14.52,0.36,1.79,0.346,6.6
3.0,1.0,2.5,4.5,0.6,14400,0.8,42,83.3,14.52,0.36,1.79,0.346,6.6
3.0,1.0,2.5,4.5,0.8,14400,0.8,42,83.3,14.52,0.36,1.79,0.346,6.6
4.0,1.5,2.5,3.0,0.6,1200,0.4,42,83.3,14.54,0.34,1.71,0.346,8.86
4.0,1.5,2.5,4.5,0.6,1200,0.4,42,83.3,14.54,0.34,1.71,0.346,8.86
3.0,0.7,2.5,3.0,0.4,2400,0.2,45,91.1,15.45,0.22,2.29,0.343,3.0
3.0,0.7,2.5,3.0,0.4,3600,0.2,45,91.1,15.45,0.22,2.29,0.343,3.0
3.0,0.7,2.5,3.0,0.4,7200,0.2,45,91.1,15.45,0.22,2.29,0.343,3.0
3.0,0.7,2.5,3.0,0.4,7200,0.4,45,91.1,15.45,0.22,2.29,0.343,3.0
3.0,0.7,2.5,3.0,0.4,14400,0.2,45,91.1,15.45,0.22,2.29,0.343,3.0
3.0,0.7,2.5,3.0,0.4,14400,0.4,45,91.1,15.45,0.22,2.29,0.343,3.0
3.0,0.7,2.5,3.0,0.4,,0.4,45,91.1,15.45,0.22,2.29,0.343,3.0
3.0,0.7,2.5,3.0,0.6,2400,0.2,45,91.1,15.45,0.22,2.29,0.343,3.0
3.0,0.7,2.5,3.0,0.6,3600,0.2,45,91.1,15.45,0.22,2.29,0.343,3.0
3.0,0.7,2.5,3.0,0.6,7200,0.2,45,91.1,15.45,0.22,2.29,0.343,3.0
3.0,0.7,2.5,3.0,0.6,7200,0.4,45,91.1,15.45,0.22,2.29,0.343,3.0
3.0,0.7,2.5,3.0,0.6,14400,0.2,45,91.1,15.45,0.22,2.29,0.343,3.0
3.0,0.7,2.5,3.0,0.6,14400,0.4,45,91.1,15.45,0.22,2.29,0.343,3.0
3.0,0.7,2.5,3.0,0.6,,0.4,45,91.1,15.45,0.22,2.29,0.343,3.0
3.0,0.7,2.5,3.0,0.8,2400,0.2,45,91.1,15.45,0.22,2.29,0.343,3.0
3.0,0.7,2.5,3.0,0.8,3600,0.2,45,91.1,15.45,0.22,2.29,0.343,3.0
3.0,0.7,2.5,3.0,0.8,7200,0.2,45,91.1,15.45,0.22,2.29,0.343,3.0
3.0,0.7,2.5,3.0,0.8,7200,0.4,45,91.1,15.45,0.22,2.29,0.343,3.0
3.0,0.7,2.5,3.0,0.8,14400,0.2,45,91.1,15.45,0.22,2.29,0.343,3.0
3.0,0.7,2.5,3.0,0.8,14400,0.4,45,91.1,15.45,0.22,2.29,0.343,3.0
3.0,0.7,2.5,3.0,0.8,,0.4,45,91.1,15.45,0.22,2.29,0.343,3.0
3.0,0.7,2.5,4.5,0.4,2400,0.2,45,91.1,15.45,0.22,2.29,0.343,3.0
3.0,0.7,2.5,4.5,0.4,3600,0.2,45,91.1,15.45,0.22,2.29,0.343,3.0
3.0,0.7,2.5,4.5,0.4,7200,0.2,45,91.1,15.45,0.22,2.29,0.343,3.0
3.0,0.7,2.5,4.5,0.4,7200,0.4,45,91.1,15.45,0.22,2.29,0.343,3.0
3.0,0.7,2.5,4.5,0.4,14400,0.2,45,91.1,15.45,0.22,2.29,0.343,3.0
3.0,0.7,2.5,4.5,0.4,14400,0.4,45,91.1,15.45,0.22,2.29,0.343,3.0
3.0,0.7,2.5,4.5,0.4,,0.4,45,91.1,15.45,0.22,2.29,0.343,3.0
3.0,0.7,2.5,4.5,0.6,2400,0.2,45,91.1,15.45,0.22,2.29,0.343,3.0
3.0,0.7,2.5,4.5,0.6,3600,0.2,45,91.1,15.45,0.22,2.29,0.343,3.0
3.0,0.7,2.5,4.5,0.6,7200,0.2,45,91.1,15.45,0.22,2.29,0.343,3.0
3.0,0.7,2.5,4.5,0.6,7200,0.4,45,91.1,15.45,0.22,2.29,0.343,3.0
3.0,0.7,2.5,4.5,0.6,14400,0.2,45,91.1,15.45,0.22,2.29,0.343,3.0
3.0,0.7,2.5,4.5,0.6,14400,0.4,45,91.1,15.45,0.22,2.29,0.343,3.0
3.0,0.7,2.5,4.5,0.6,,0.4,45,91.1,15.45,0.22,2.29,0.343,3.0
3.0,0.7,2.5,4.5,0.8,2400,0.2,45,91.1,15.45,0.22,2.29,0.343,3.0
3.0,0.7,2.5,4.5,0.8,3600,0.2,45,91.1,15.45,0.22,2.29,0.343,3.0
3.0,0.7,2.5,4.5,0.8,7200,0.2,45,91.1,15.45,0.22,2.29,0.343,3.0
3.0,0.7,2.5,4.5,0.8,7200,0.4,45,91.1,15.45,0.22,2.29,0.343,3.0
3.0,0.7,2.5,4.5,0.8,14400,0.2,45,91.1,15.45,0.22,2.29,0.343,3.0
3.0,0.7,2.5,4.5,0.8,14400,0.4,45,91.1,15.45,0.22,2.29,0.343,3.0
3.0,0.7,2.5,4.5,0.8,,0.4,45,91.1,15.45,0.22,2.29,0.343,3.0
3.0,1.0,1.5,3.0,0.4,7200,0.8,42,83.3,14.42,0.36,1.8,0.343,6.6
3.0,1.0,1.5,3.0,0.6,7200,0.8,42,83.3,14.42,0.36,1.8,0.343,6.6
3.0,1.0,1.5,3.0,0.8,7200,0.8,42,83.3,14.42,0.36,1.8,0.343,6.6
3.0,1.0,1.5,4.5,0.4,7200,0.8,42,83.3,14.42,0.36,1.8,0.343,6.6
3.0,1.0,1.5,4.5,0.6,7200,0.8,42,83.3,14.42,0.36,1.8,0.343,6.6
3.0,1.0,1.5,4.5,0.8,7200,0.8,42,83.3,14.42,0.36,1.8,0.343,6.6
4.0,0.7,2.5,3.0,0.4,14400,0.8,46,91.3,15.75,0.22,2.28,0.342,4.0
4.0,0.7,2.5,3.0,0.6,14400,0.8,46,91.3,15.75,0.22,2.28,0.342,4.0
4.0,0.7,2.5,3.0,0.8,14400,0.8,46,91.3,15.75,0.22,2.28,0.342,4.0
4.0,0.7,2.5,4.5,0.4,14400,0.8,46,91.3,15.75,0.22,2.28,0.342,4.0
4.0,0.7,2.5,4.5,0.6,14400,0.8,46,91.3,15.75,0.22,2.28,0.342,4.0
4.0,0.7,2.5,4.5,0.8,14400,0.8,46,91.3,15.75,0.22,2.28,0.342,4.0
3.0,0.7,2.5,3.0,0.4,3600,0.4,46,91.3,15.65,0.22,2.3,0.34,3.0
3.0,0.7,2.5,3.0,0.6,3600,0.4,46,91.3,15.65,0.22,2.3,0.34,3.0
3.0,0.7,2.5,3.0,0.8,3600,0.4,46,91.3,15.65,0.22,2.3,0.34,3.0
3.0,0.7,2.5,4.5,0.4,3600,0.4,46,91.3,15.65,0.22,2.3,0.34,3.0
3.0,0.7,2.5,4.5,0.6,3600,0.4,46,91.3,15.65,0.22,2.3,0.34,3.0
3.0,0.7,2.5,4.5,0.8,3600,0.4,46,91.3,15.65,0.22,2.3,0.34,3.0
3.0,0.7,2.5,3.0,0.4,2400,0.4,46,91.3,15.57,0.22,2.3,0.338,3.0
3.0,0.7,2.5,3.0,0.6,2400,0.4,46,91.3,15.57,0.22,2.3,0.338,3.0
3.0,0.7,2.5,3.0,0.8,2400,0.4,46,91.3,15.57,0.22,2.3,0.338,3.0
3.0,0.7,2.5,4.5,0.4,2400,0.4,46,91.3,15.57,0.22,2.3,0.338,3.0
3.0,0.7,2.5,4.5,0.6,2400,0.4,46,91.3,15.57,0.22,2.3,0.338,3.0
3.0,0.7,2.5,4.5,0.8,2400,0.4,46,91.3,15.57,0.22,2.3,0.338,3.0
4.0,0.7,2.5,3.0,0.4,7200,0.8,46,91.3,15.56,0.22,2.29,0.338,4.0
4.0,0.7,2.5,3.0,0.6,7200,0.8,46,91.3,15.56,0.22,2.29,0.338,4.0
4.0,0.7,2.5,3.0,0.8,7200,0.8,46,91.3,15.56,0.22,2.29,0.338,4.0
4.0,0.7,2.5,4.5,0.4,7200,0.8,46,91.3,15.56,0.22,2.29,0.338,4.0
4.0,0.7,2.5,4.5,0.6,7200,0.8,46,91.3,15.56,0.22,2.29,0.338,4.0
4.0,0.7,2.5,4.5,0.8,7200,0.8,46,91.3,15.56,0.22,2.29,0.338,4.0
3.0,0.7,2.5,3.0,0.4,1200,0.2,46,91.3,15.49,0.22,2.29,0.337,3.0
3.0,0.7,2.5,3.0,0.6,1200,0.2,46,91.3,15.49,0.22,2.29,0.337,3.0
3.0,0.7,2.5,3.0,0.8,1200,0.2,46,91.3,15.49,0.22,2.29,0.337,3.0
3.0,0.7,2.5,4.5,0.4,1200,0.2,46,91.3,15.49,0.22,2.29,0.337,3.0
3.0,0.7,2.5,4.5,0.6,1200,0.2,46,91.3,15.49,0.22,2.29,0.337,3.0
3.0,0.7,2.5,4.5,0.8,1200,0.2,46,91.3,15.49,0.22,2.29,0.337,3.0
3.0,0.7,1.5,3.0,0.4,7200,0.8,46,89.1,15.47,0.28,2.28,0.336,3.0
3.0,0.7,1.5,3.0,0.6,7200,0.8,46,89.1,15.47,0.28,2.28,0.336,3.0
3.0,0.7,1.5,3.0,0.8,7200,0.8,46,89.1,15.47,0.28,2.28,0.336,3.0
3.0,0.7,1.5,4.5,0.4,7200,0.8,46,89.1,15.47,0.28,2.28,0.336,3.0
3.0,0.7,1.5,4.5,0.6,7200,0.8,46,89.1,15.47,0.28,2.28,0.336,3.0
3.0,0.7,1.5,4.5,0.8,7200,0.8,46,89.1,15.47,0.28,2.28,0.336,3.0
4.0,1.5,2.5,3.0,0.8,3600,0.8,44,77.3,14.77,0.5,1.7,0.336,8.59
4.0,1.5,2.5,4.5,0.8,3600,0.8,44,77.3,14.77,0.5,1.7,0.336,8.59
4.0,1.0,2.5,3.0,0.4,2400,0.2,41,87.8,13.75,0.23,1.69,0.335,8.4
4.0,1.0,2.5,3.0,0.4,3600,0.2,41,87.8,13.75,0.23,1.69,0.335,8.4
4.0,1.0,2.5,3.0,0.4,7200,0.2,41,87.8,13.75,0.23,1.69,0.335,8.4
4.0,1.0,2.5,3.0,0.4,7200,0.4,41,87.8,13.75,0.23,1.69,0.335,8.4
4.0,1.0,2.5,3.0,0.4,14400,0.2,41,87.8,13.75,0.23,1.69,0.335,8.4
4.0,1.0,2.5,3.0,0.4,14400,0.4,41,87.8,13.75,0.23,1.69,0.335,8.4
4.0,1.0,2.5,3.0,0.4,,0.4,41,87.8,13.75,0.23,1.69,0.335,8.4
4.0,1.0,2.5,3.0,0.6,2400,0.2,41,87.8,13.75,0.23,1.69,0.335,8.4
4.0,1.0,2.5,3.0,0.6,3600,0.2,41,87.8,13.75,0.23,1.69,0.335,8.4
4.0,1.0,2.5,3.0,0.6,7200,0.2,41,87.8,13.75,0.23,1.69,0.335,8.4
4.0,1.0,2.5,3.0,0.6,7200,0.4,41,87.8,13.75,0.23,1.69,0.335,8.4
4.0,1.0,2.5,3.0,0.6,14400,0.2,41,87.8,13.75,0.23,1.69,0.335,8.4
4.0,1.0,2.5,3.0,0.6,14400,0.4,41,87.8,13.75,0.23,1.69,0.335,8.4
4.0,1.0,2.5,3.0,0.6,,0.4,41,87.8,13.75,0.23,1.69,0.335,8.4
4.0,1.0,2.5,3.0,0.8,2400,0.2,41,87.8,13.75,0.23,1.69,0.335,8.4
4.0,1.0,2.5,3.0,0.8,3600,0.2,41,87.8,13.75,0.23,1.69,0.335,8.4
4.0,1.0,2.5,3.0,0.8,7200,0.2,41,87.8,13.75,0.23,1.69,0.335,8.4
4.0,1.0,2.5,3.0,0.8,7200,0.4,41,87.8,13.75,0.23,1.69,0.335,8.4
4.0,1.0,2.5,3.0,0.8,14400,0.2,41,87.8,13.75,0.23,1.69,0.335,8.4
4.0,1.0,2.5,3.0,0.8,14400,0.4,41,87.8,13.75,0.23,1.69,0.335,8.4
4.0,1.0,2.5,3.0,0.8,,0.4,41,87.8,13.75,0.23,1.69,0.335,8.4
4.0,1.0,2.5,4.5,0.4,2400,0.2,41,87.8,13.75,0.23,1.69,0.335,8.4
4.0,1.0,2.5,4.5,0.4,3600,0.2,41,87.8,13.75,0.23,1.69,0.335,8.4
4.0,1.0,2.5,4.5,0.4,7200,0.2,41,87.8,13.75,0.23,1.69,0.335,8.4
4.0,1.0,2.5,4.5,0.4,7200,0.4,41,87.8,13.75,0.23,1.69,0.335,8.4
4.0,1.0,2.5,4.5,0.4,14400,0.2,41,87.8,13.75,0.23,1.69,0.335,8.4
4.0,1.0,2.5,4.5,0.4,14400,0.4,41,87.8,13.75,0.23,1.69,0.335,8.4
4.0,1.0,2.5,4.5,0.4,,0.4,41,87.8,13.75,0.23,1.69,0.335,8.4
4.0,1.0,2.5,4.5,0.6,2400,0.2,41,87.8,13.75,0.23,1.69,0.335,8.4
4.0,1.0,2.5,4.5,0.6,3600,0.2,41,87.8,13.75,0.23,1.69,0.335,8.4
4.0,1.0,2.5,4.5,0.6,7200,0.2,41,87.8,13.75,0.23,1.69,0.335,8.4
4.0,1.0,2.5,4.5,0.6,7200,0.4,41,87.8,13.75,0.23,1.69,0.335,8.4
4.0,1.0,2.5,4.5,0.6,14400,0.2,41,87.8,13.75,0.23,1.69,0.335,8.4
4.0,1.0,2.5,4.5,0.6,14400,0.4,41,87.8,13.75,0.23,1.69,0.335,8.4
4.0,1.0,2.5,4.5,0.6,,0.4,41,87.8,13.75,0.23,1.69,0.335,8.4
4.0,1.0,2.5,4.5,0.8,2400,0.2,41,87.8,13.75,0.23,1.69,0.335,8.4
4.0,1.0,2.5,4.5,0.8,3600,0.2,41,87.8,13.75,0.23,1.69,0.335,8.4
4.0,1.0,2.5,4.5,0.8,7200,0.2,41,87.8,13.75,0.23,1.69,0.335,8.4
4.0,1.0,2.5,4.5,0.8,7200,0.4,41,87.8,13.75,0.23,1.69,0.335,8.4
4.0,1.0,2.5,4.5,0.8,14400,0.2,41,87.8,13.75,0.23,1.69,0.335,8.4
4.0,1.0,2.5,4.5,0.8,14400,0.4,41,87.8,13.75,0.23,1.69,0.335,8.4
4.0,1.0,2.5,4.5,0.8,,0.4,41,87.8,13.75,0.23,1.69,0.335,8.4
5.0,1.5,2.5,3.0,0.4,2400,0.8,41,75.6,13.64,0.58,1.79,0.333,5.43
5.0,1.5,2.5,4.5,0.4,2400,0.8,41,75.6,13.64,0.58,1.79,0.333,5.43
4.0,1.0,2.5,3.0,0.4,3600,0.4,42,88.1,13.95,0.23,1.7,0.332,8.4
4.0,1.0,2.5,3.0,0.6,3600,0.4,42,88.1,13.95,0.23,1.7,0.332,8.4
4.0,1.0,2.5,3.0,0.8,3600,0.4,42,88.1,13.95,0.23,1.7,0.332,8.4
4.0,1.0,2.5,4.5,0.4,3600,0.4,42,88.1,13.95,0.23,1.7,0.332,8.4
4.0,1.0,2.5,4.5,0.6,3600,0.4,42,88.1,13.95,0.23,1.7,0.332,8.4
4.0,1.0,2.5,4.5,0.8,3600,0.4,42,88.1,13.95,0.23,1.7,0.332,8.4
3.0,1.5,2.5,3.0,0.4,2400,0.8,47,72.3,15.5,0.72,1.88,0.33,5.06
3.0,1.5,2.5,4.5,0.4,2400,0.8,47,72.3,15.5,0.72,1.88,0.33,5.06
4.0,1.0,2.5,3.0,0.4,2400,0.4,42,88.1,13.87,0.23,1.69,0.33,8.4
4.0,1.0,2.5,3.0,0.6,2400,0.4,42,88.1,13.87,0.23,1.69,0.33,8.4
4.0,1.0,2.5,3.0,0.8,2400,0.4,42,88.1,13.87,0.23,1.69,0.33,8.4
4.0,1.0,2.5,4.5,0.4,2400,0.4,42,88.1,13.87,0.23,1.69,0.33,8.4
4.0,1.0,2.5,4.5,0.6,2400,0.4,42,88.1,13.87,0.23,1.69,0.33,8.4
4.0,1.0,2.5,4.5,0.8,2400,0.4,42,88.1,13.87,0.23,1.69,0.33,8.4
2.0,1.0,1.5,3.0,0.4,2400,0.2,41,78.0,13.5,0.49,1.75,0.329,8.4
2.0,1.0,1.5,3.0,0.4,3600,0.2,41,78.0,13.5,0.49,1.75,0.329,8.4
2.0,1.0,1.5,3.0,0.4,7200,0.2,41,78.0,13.5,0.49,1.75,0.329,8.4
2.0,1.0,1.5,3.0,0.4,7200,0.4,41,78.0,13.5,0.49,1.75,0.329,8.4
2.0,1.0,1.5,3.0,0.4,14400,0.2,41,78.0,13.5,0.49,1.75,0.329,8.4
2.0,1.0,1.5,3.0,0.4,14400,0.4,41,78.0,13.5,0.49,1.75,0.329,8.4
2.0,1.0,1.5,3.0,0.4,,0.4,41,78.0,13.5,0.49,1.75,0.329,8.4
2.0,1.0,1.5,3.0,0.6,2400,0.2,41,78.0,13.5,0.49,1.75,0.329,8.4
2.0,1.0,1.5,3.0,0.6,3600,0.2,41,78.0,13.5,0.49,1.75,0.329,8.4
2.0,1.0,1.5,3.0,0.6,7200,0.2,41,78.0,13.5,0.49,1.75,0.329,8.4
2.0,1.0,1.5,3.0,0.6,7200,0.4,41,78.0,13.5,0.49,1.75,0.329,8.4
2.0,1.0,1.5,3.0,0.6,14400,0.2,41,78.0,13.5,0.49,1.75,0.329,8.4
2.0,1.0,1.5,3.0,0.6,14400,0.4,41,78.0,13.5,0.49,1.75,0.329,8.4
2.0,1.0,1.5,3.0,0.6,,0.4,41,78.0,13.5,0.49,1.75,0.329,8.4
2.0,1.0,1.5,3.0,0.8,2400,0.2,41,78.0,13.5,0.49,1.75,0.329,8.4
2.0,1.0,1.5,3.0,0.8,3600,0.2,41,78.0,13.5,0.49,1.75,0.329,8.4
2.0,1.0,1.5,3.0,0.8,7200,0.2,41,78.0,13.5,0.49,1.75,0.329,8.4
2.0,1.0,1.5,3.0,0.8,7200,0.4,41,78.0,13.5,0.49,1.75,0.329,8.4
2.0,1.0,1.5,3.0,0.8,14400,0.2,41,78.0,13.5,0.49,1.75,0.329,8.4
2.0,1.0,1.5,3.0,0.8,14400,0.4,41,78.0,13.5,0.49,1.75,0.329,8.4
2.0,1.0,1.5,3.0,0.8,,0.4,41,78.0,13.5,0.49,1.75,0.329,8.4
2.0,1.0,1.5,4.5,0.4,2400,0.2,41,78.0,13.5,0.49,1.75,0.329,8.4
2.0,1.0,1.5,4.5,0.4,3600,0.2,41,78.0,13.5,0.49,1.75,0.329,8.4
2.0,1.0,1.5,4.5,0.4,7200,0.2,41,78.0,13.5,0.49,1.75,0.329,8.4
2.0,1.0,1.5,4.5,0.4,7200,0.4,41,78.0,13.5,0.49,1.75,0.329,8.4
2.0,1.0,1.5,4.5,0.4,14400,0.2,41,78.0,13.5,0.49,1.75,0.329,8.4
2.0,1.0,1.5,4.5,0.4,14400,0.4,41,78.0,13.5,0.49,1.75,0.329,8.4
2.0,1.0,1.5,4.5,0.4,,0.4,41,78.0,13.5,0.49,1.75,0.329,8.4
2.0,1.0,1.5,4.5,0.6,2400,0.2,41,78.0,13.5,0.49,1.75,0.329,8.4
2.0,1.0,1.5,4.5,0.6,3600,0.2,41,78.0,13.5,0.49,1.75,0.329,8.4
2.0,1.0,1.5,4.5,0.6,7200,0.2,41,78.0,13.5,0.49,1.75,0.329,8.4
2.0,1.0,1.5,4.5,0.6,7200,0.4,41,78.0,13.5,0.49,1.75,0.329,8.4
2.0,1.0,1.5,4.5,0.6,14400,0.2,41,78.0,13.5,0.49,1.75,0.329,8.4
2.0,1.0,1.5,4.5,0.6,14400,0.4,41,78.0,13.5,0.49,1.75,0.329,8.4
2.0,1.0,1.5,4.5,0.6,,0.4,41,78.0,13.5,0.49,1.75,0.329,8.4
2.0,1.0,1.5,4.5,0.8,2400,0.2,41,78.0,13.5,0.49,1.75,0.329,8.4
2.0,1.0,1.5,4.5,0.8,3600,0.2,41,78.0,13.5,0.49,1.75,0.329,8.4
2.0,1.0,1.5,4.5,0.8,7200,0.2,41,78.0,13.5,0.49,1.75,0.329,8.4
2.0,1.0,1.5,4.5,0.8,7200,0.4,41,78.0,13.5,0.49,1.75,0.329,8.4
2.0,1.0,1.5,4.5,0.8,14400,0.2,41,78.0,13.5,0.49,1.75,0.329,8.4
2.0,1.0,1.5,4.5,0.8,14400,0.4,41,78.0,13.5,0.49,1.75,0.329,8.4
2.0,1.0,1.5,4.5,0.8,,0.4,41,78.0,13.5,0.49,1.75,0.329,8.4
3.0,0.7,2.5,3.0,0.4,14400,0.8,46,89.1,15.12,0.27,2.23,0.329,3.0
3.0,0.7,2.5,3.0,0.6,14400,0.8,46,89.1,15.12,0.27,2.23,0.329,3.0
3.0,0.7,2.5,3.0,0.8,14400,0.8,46,89.1,15.12,0.27,2.23,0.329,3.0
3.0,0.7,2.5,4.5,0.4,14400,0.8,46,89.1,15.12,0.27,2.23,0.329,3.0
3.0,0.7,2.5,4.5,0.6,14400,0.8,46,89.1,15.12,0.27,2.23,0.329,3.0
3.0,0.7,2.5,4.5,0.8,14400,0.8,46,89.1,15.12,0.27,2.23,0.329,3.0
4.0,1.5,2.5,3.0,0.4,2400,0.8,46,73.9,15.12,0.64,1.81,0.329,7.16
4.0,1.5,2.5,4.5,0.4,2400,0.8,46,73.9,15.12,0.64,1.81,0.329,7.16
4.0,1.0,2.5,3.0,0.4,1200,0.2,42,88.1,13.79,0.23,1.69,0.328,8.4
4.0,1.0,2.5,3.0,0.6,1200,0.2,42,88.1,13.79,0.23,1.69,0.328,8.4
4.0,1.0,2.5,3.0,0.8,1200,0.2,42,88.1,13.79,0.23,1.69,0.328,8.4
4.0,1.0,2.5,4.5,0.4,1200,0.2,42,88.1,13.79,0.23,1.69,0.328,8.4
4.0,1.0,2.5,4.5,0.6,1200,0.2,42,88.1,13.79,0.23,1.69,0.328,8.4
4.0,1.0,2.5,4.5,0.8,1200,0.2,42,88.1,13.79,0.23,1.69,0.328,8.4
2.0,1.0,1.5,3.0,0.4,3600,0.4,42,78.6,13.7,0.48,1.76,0.326,8.4
2.0,1.0,1.5,3.0,0.6,3600,0.4,42,78.6,13.7,0.48,1.76,0.326,8.4
2.0,1.0,1.5,3.0,0.8,3600,0.4,42,78.6,13.7,0.48,1.76,0.326,8.4
2.0,1.0,1.5,4.5,0.4,3600,0.4,42,78.6,13.7,0.48,1.76,0.326,8.4
2.0,1.0,1.5,4.5,0.6,3600,0.4,42,78.6,13.7,0.48,1.76,0.326,8.4
2.0,1.0,1.5,4.5,0.8,3600,0.4,42,78.6,13.7,0.48,1.76,0.326,8.4
5.0,1.5,2.5,3.0,0.8,2400,0.8,41,75.6,13.37,0.57,1.78,0.326,5.43
5.0,1.5,2.5,4.5,0.8,2400,0.8,41,75.6,13.37,0.57,1.78,0.326,5.43
3.0,0.7,2.5,3.0,0.4,7200,0.8,46,89.1,14.93,0.27,2.24,0.325,3.0
3.0,0.7,2.5,3.0,0.6,7200,0.8,46,89.1,14.93,0.27,2.24,0.325,3.0
3.0,0.7,2.5,3.0,0.8,7200,0.8,46,89.1,14.93,0.27,2.24,0.325,3.0
3.0,0.7,2.5,4.5,0.4,7200,0.8,46,89.1,14.93,0.27,2.24,0.325,3.0
3.0,0.7,2.5,4.5,0.6,7200,0.8,46,89.1,14.93,0.27,2.24,0.325,3.0
3.0,0.7,2.5,4.5,0.8,7200,0.8,46,89.1,14.93,0.27,2.24,0.325,3.0
2.0,1.0,1.5,3.0,0.4,2400,0.4,42,78.6,13.62,0.48,1.76,0.324,8.4
2.0,1.0,1.5,3.0,0.6,2400,0.4,42,78.6,13.62,0.48,1.76,0.324,8.4
2.0,1.0,1.5,3.0,0.8,2400,0.4,42,78.6,13.62,0.48,1.76,0.324,8.4
2.0,1.0,1.5,4.5,0.4,2400,0.4,42,78.6,13.62,0.48,1.76,0.324,8.4
2.0,1.0,1.5,4.5,0.6,2400,0.4,42,78.6,13.62,0.48,1.76,0.324,8.4
2.0,1.0,1.5,4.5,0.8,2400,0.4,42,78.6,13.62,0.48,1.76,0.324,8.4
4.0,1.5,2.5,3.0,0.8,1200,0.4,42,83.3,13.6,0.33,1.67,0.324,8.59
4.0,1.5,2.5,4.5,0.8,1200,0.4,42,83.3,13.6,0.33,1.67,0.324,8.59
2.0,1.0,1.5,3.0,0.4,1200,0.2,42,78.6,13.54,0.48,1.75,0.322,8.4
2.0,1.0,1.5,3.0,0.6,1200,0.2,42,78.6,13.54,0.48,1.75,0.322,8.4
2.0,1.0,1.5,3.0,0.8,1200,0.2,42,78.6,13.54,0.48,1.75,0.322,8.4
2.0,1.0,1.5,4.5,0.4,1200,0.2,42,78.6,13.54,0.48,1.75,0.322,8.4
2.0,1.0,1.5,4.5,0.6,1200,0.2,42,78.6,13.54,0.48,1.75,0.322,8.4
2.0,1.0,1.5,4.5,0.8,1200,0.2,42,78.6,13.54,0.48,1.75,0.322,8.4
2.0,1.5,2.5,3.0,0.4,3600,0.8,44,68.2,14.15,0.81,1.74,0.322,8.44
2.0,1.5,2.5,4.5,0.4,3600,0.8,44,68.2,14.15,0.81,1.74,0.322,8.44
3.0,1.0,2.5,3.0,0.4,7200,0.8,42,83.3,13.52,0.35,1.75,0.322,6.6
3.0,1.0,2.5,3.0,0.6,7200,0.8,42,83.3,13.52,0.35,1.75,0.322,6.6
3.0,1.0,2.5,3.0,0.8,7200,0.8,42,83.3,13.52,0.35,1.75,0.322,6.6
3.0,1.0,2.5,4.5,0.4,7200,0.8,42,83.3,13.52,0.35,1.75,0.322,6.6
3.0,1.0,2.5,4.5,0.6,7200,0.8,42,83.3,13.52,0.35,1.75,0.322,6.6
3.0,1.0,2.5,4.5,0.8,7200,0.8,42,83.3,13.52,0.35,1.75,0.322,6.6
4.0,1.0,2.5,3.0,0.4,14400,0.8,42,85.7,13.42,0.28,1.66,0.32,8.4
4.0,1.0,2.5,3.0,0.6,14400,0.8,42,85.7,13.42,0.28,1.66,0.32,8.4
4.0,1.0,2.5,3.0,0.8,14400,0.8,42,85.7,13.42,0.28,1.66,0.32,8.4
4.0,1.0,2.5,4.5,0.4,14400,0.8,42,85.7,13.42,0.28,1.66,0.32,8.4
4.0,1.0,2.5,4.5,0.6,14400,0.8,42,85.7,13.42,0.28,1.66,0.32,8.4
4.0,1.0,2.5,4.5,0.8,14400,0.8,42,85.7,13.42,0.28,1.66,0.32,8.4
5.0,1.5,2.5,3.0,0.6,2400,0.8,41,75.6,13.11,0.57,1.76,0.32,5.43
5.0,1.5,2.5,4.5,0.6,2400,0.8,41,75.6,13.11,0.57,1.76,0.32,5.43
2.0,1.5,2.5,3.0,0.4,1200,0.4,43,74.4,13.67,0.6,1.74,0.318,8.44
2.0,1.5,2.5,4.5,0.4,1200,0.4,43,74.4,13.67,0.6,1.74,0.318,8.44
4.0,1.0,1.5,3.0,0.4,7200,0.8,42,85.7,13.32,0.28,1.66,0.317,8.4
4.0,1.0,1.5,3.0,0.6,7200,0.8,42,85.7,13.32,0.28,1.66,0.317,8.4
4.0,1.0,1.5,3.0,0.8,7200,0.8,42,85.7,13.32,0.28,1.66,0.317,8.4
4.0,1.0,1.5,4.5,0.4,7200,0.8,42,85.7,13.32,0.28,1.66,0.317,8.4
4.0,1.0,1.5,4.5,0.6,7200,0.8,42,85.7,13.32,0.28,1.66,0.317,8.4
4.0,1.0,1.5,4.5,0.8,7200,0.8,42,85.7,13.32,0.28,1.66,0.317,8.4
2.0,1.0,1.5,3.0,0.4,14400,0.8,42,76.2,13.17,0.54,1.72,0.314,8.4
2.0,1.0,1.5,3.0,0.6,14400,0.8,42,76.2,13.17,0.54,1.72,0.314,8.4
2.0,1.0,1.5,3.0,0.8,14400,0.8,42,76.2,13.17,0.54,1.72,0.314,8.4
2.0,1.0,1.5,4.5,0.4,14400,0.8,42,76.2,13.17,0.54,1.72,0.314,8.4
2.0,1.0,1.5,4.5,0.6,14400,0.8,42,76.2,13.17,0.54,1.72,0.314,8.4
2.0,1.0,1.5,4.5,0.8,14400,0.8,42,76.2,13.17,0.54,1.72,0.314,8.4
3.0,1.5,2.5,3.0,0.6,2400,0.8,47,72.3,14.77,0.7,1.83,0.314,5.26
3.0,1.5,2.5,4.5,0.6,2400,0.8,47,72.3,14.77,0.7,1.83,0.314,5.26
4.0,0.7,1.5,3.0,0.4,1200,0.4,47,89.4,14.58,0.26,2.18,0.31,4.0
4.0,0.7,1.5,3.0,0.6,1200,0.4,47,89.4,14.58,0.26,2.18,0.31,4.0
4.0,0.7,1.5,3.0,0.8,1200,0.4,47,89.4,14.58,0.26,2.18,0.31,4.0
4.0,0.7,1.5,4.5,0.4,1200,0.4,47,89.4,14.58,0.26,2.18,0.31,4.0
4.0,0.7,1.5,4.5,0.6,1200,0.4,47,89.4,14.58,0.26,2.18,0.31,4.0
4.0,0.7,1.5,4.5,0.8,1200,0.4,47,89.4,14.58,0.26,2.18,0.31,4.0
4.0,1.5,2.5,3.0,0.6,2400,0.8,46,73.9,14.19,0.62,1.76,0.308,7.36
4.0,1.5,2.5,4.5,0.6,2400,0.8,46,73.9,14.19,0.62,1.76,0.308,7.36
4.0,1.5,2.5,3.0,0.8,2400,0.8,46,73.9,14.05,0.62,1.75,0.305,7.56
4.0,1.5,2.5,4.5,0.8,2400,0.8,46,73.9,14.05,0.62,1.75,0.305,7.56
5.0,0.7,1.5,3.0,0.4,2400,0.2,43,93.0,13.08,0.14,1.87,0.304,5.0
5.0,0.7,1.5,3.0,0.4,3600,0.2,43,93.0,13.08,0.14,1.87,0.304,5.0
5.0,0.7,1.5,3.0,0.4,7200,0.2,43,93.0,13.08,0.14,1.87,0.304,5.0
5.0,0.7,1.5,3.0,0.4,7200,0.4,43,93.0,13.08,0.14,1.87,0.304,5.0
5.0,0.7,1.5,3.0,0.4,14400,0.2,43,93.0,13.08,0.14,1.87,0.304,5.0
5.0,0.7,1.5,3.0,0.4,14400,0.4,43,93.0,13.08,0.14,1.87,0.304,5.0
5.0,0.7,1.5,3.0,0.4,,0.4,43,93.0,13.08,0.14,1.87,0.304,5.0
5.0,0.7,1.5,3.0,0.6,2400,0.2,43,93.0,13.08,0.14,1.87,0.304,5.0
5.0,0.7,1.5,3.0,0.6,3600,0.2,43,93.0,13.08,0.14,1.87,0.304,5.0
5.0,0.7,1.5,3.0,0.6,7200,0.2,43,93.0,13.08,0.14,1.87,0.304,5.0
5.0,0.7,1.5,3.0,0.6,7200,0.4,43,93.0,13.08,0.14,1.87,0.304,5.0
5.0,0.7,1.5,3.0,0.6,14400,0.2,43,93.0,13.08,0.14,1.87,0.304,5.0
5.0,0.7,1.5,3.0,0.6,14400,0.4,43,93.0,13.08,0.14,1.87,0.304,5.0
5.0,0.7,1.5,3.0,0.6,,0.4,43,93.0,13.08,0.14,1.87,0.304,5.0
5.0,0.7,1.5,3.0,0.8,2400,0.2,43,93.0,13.08,0.14,1.87,0.304,5.0
5.0,0.7,1.5,3.0,0.8,3600,0.2,43,93.0,13.08,0.14,1.87,0.304,5.0
5.0,0.7,1.5,3.0,0.8,7200,0.2,43,93.0,13.08,0.14,1.87,0.304,5.0
5.0,0.7,1.5,3.0,0.8,7200,0.4,43,93.0,13.08,0.14,1.87,0.304,5.0
5.0,0.7,1.5,3.0,0.8,14400,0.2,43,93.0,13.08,0.14,1.87,0.304,5.0
5.0,0.7,1.5,3.0,0.8,14400,0.4,43,93.0,13.08,0.14,1.87,0.304,5.0
5.0,0.7,1.5,3.0,0.8,,0.4,43,93.0,13.08,0.14,1.87,0.304,5.0
5.0,0.7,1.5,4.5,0.4,2400,0.2,43,93.0,13.08,0.14,1.87,0.304,5.0
5.0,0.7,1.5,4.5,0.4,3600,0.2,43,93.0,13.08,0.14,1.87,0.304,5.0
5.0,0.7,1.5,4.5,0.4,7200,0.2,43,93.0,13.08,0.14,1.87,0.304,5.0
5.0,0.7,1.5,4.5,0.4,7200,0.4,43,93.0,13.08,0.14,1.87,0.304,5.0
5.0,0.7,1.5,4.5,0.4,14400,0.2,43,93.0,13.08,0.14,1.87,0.304,5.0
5.0,0.7,1.5,4.5,0.4,14400,0.4,43,93.0,13.08,0.14,1.87,0.304,5.0
5.0,0.7,1.5,4.5,0.4,,0.4,43,93.0,13.08,0.14,1.87,0.304,5.0
5.0,0.7,1.5,4.5,0.6,2400,0.2,43,93.0,13.08,0.14,1.87,0.304,5.0
5.0,0.7,1.5,4.5,0.6,3600,0.2,43,93.0,13.08,0.14,1.87,0.304,5.0
5.0,0.7,1.5,4.5,0.6,7200,0.2,43,93.0,13.08,0.14,1.87,0.304,5.0
5.0,0.7,1.5,4.5,0.6,7200,0.4,43,93.0,13.08,0.14,1.87,0.304,5.0
5.0,0.7,1.5,4.5,0.6,14400,0.2,43,93.0,13.08,0.14,1.87,0.304,5.0
5.0,0.7,1.5,4.5,0.6,14400,0.4,43,93.0,13.08,0.14,1.87,0.304,5.0
5.0,0.7,1.5,4.5,0.6,,0.4,43,93.0,13.08,0.14,1.87,0.304,5.0
5.0,0.7,1.5,4.5,0.8,2400,0.2,43,93.0,13.08,0.14,1.87,0.304,5.0
5.0,0.7,1.5,4.5,0.8,3600,0.2,43,93.0,13.08,0.14,1.87,0.304,5.0
5.0,0.7,1.5,4.5,0.8,7200,0.2,43,93.0,13.08,0.14,1.87,0.304,5.0
5.0,0.7,1.5,4.5,0.8,7200,0.4,43,93.0,13.08,0.14,1.87,0.304,5.0
5.0,0.7,1.5,4.5,0.8,14400,0.2,43,93.0,13.08,0.14,1.87,0.304,5.0
5.0,0.7,1.5,4.5,0.8,14400,0.4,43,93.0,13.08,0.14,1.87,0.304,5.0
5.0,0.7,1.5,4.5,0.8,,0.4,43,93.0,13.08,0.14,1.87,0.304,5.0
5.0,1.0,1.5,3.0,0.4,2400,0.2,35,88.6,10.6,0.2,1.53,0.303,10.05
5.0,1.0,1.5,3.0,0.4,3600,0.2,35,88.6,10.6,0.2,1.53,0.303,10.05
5.0,1.0,1.5,3.0,0.4,7200,0.2,35,88.6,10.6,0.2,1.53,0.303,10.05
5.0,1.0,1.5,3.0,0.4,7200,0.4,35,88.6,10.6,0.2,1.53,0.303,10.05
5.0,1.0,1.5,3.0,0.4,14400,0.2,35,88.6,10.6,0.2,1.53,0.303,10.05
5.0,1.0,1.5,3.0,0.4,14400,0.4,35,88.6,10.6,0.2,1.53,0.303,10.05
5.0,1.0,1.5,3.0,0.4,,0.4,35,88.6,10.6,0.2,1.53,0.303,10.05
5.0,1.0,1.5,3.0,0.6,2400,0.2,35,88.6,10.6,0.2,1.53,0.303,10.05
5.0,1.0,1.5,3.0,0.6,3600,0.2,35,88.6,10.6,0.2,1.53,0.303,10.05
5.0,1.0,1.5,3.0,0.6,7200,0.2,35,88.6,10.6,0.2,1.53,0.303,10.05
5.0,1.0,1.5,3.0,0.6,7200,0.4,35,88.6,10.6,0.2,1.53,0.303,10.05
5.0,1.0,1.5,3.0,0.6,14400,0.2,35,88.6,10.6,0.2,1.53,0.303,10.05
5.0,1.0,1.5,3.0,0.6,14400,0.4,35,88.6,10.6,0.2,1.53,0.303,10.05
5.0,1.0,1.5,3.0,0.6,,0.4,35,88.6,10.6,0.2,1.53,0.303,10.05
5.0,1.0,1.5,3.0,0.8,2400,0.2,35,88.6,10.6,0.2,1.53,0.303,10.05
5.0,1.0,1.5,3.0,0.8,3600,0.2,35,88.6,10.6,0.2,1.53,0.303,10.05
5.0,1.0,1.5,3.0,0.8,7200,0.2,35,88.6,10.6,0.2,1.53,0.303,10.05
5.0,1.0,1.5,3.0,0.8,7200,0.4,35,88.6,10.6,0.2,1.53,0.303,10.05
5.0,1.0,1.5,3.0,0.8,14400,0.2,35,88.6,10.6,0.2,1.53,0.303,10.05
5.0,1.0,1.5,3.0,0.8,14400,0.4,35,88.6,10.6,0.2,1.53,0.303,10.05
5.0,1.0,1.5,3.0,0.8,,0.4,35,88.6,10.6,0.2,1.53,0.303,10.05
5.0,1.0,1.5,4.5,0.4,2400,0.2,35,88.6,10.6,0.2,1.53,0.303,10.05
5.0,1.0,1.5,4.5,0.4,3600,0.2,35,88.6,10.6,0.2,1.53,0.303,10.05
5.0,1.0,1.5,4.5,0.4,7200,0.2,35,88.6,10.6,0.2,1.53,0.303,10.05
5.0,1.0,1.5,4.5,0.4,7200,0.4,35,88.6,10.6,0.2,1.53,0.303,10.05
5.0,1.0,1.5,4.5,0.4,14400,0.2,35,88.6,10.6,0.2,1.53,0.303,10.05
5.0,1.0,1.5,4.5,0.4,14400,0.4,35,88.6,10.6,0.2,1.53,0.303,10.05
5.0,1.0,1.5,4.5,0.4,,0.4,35,88.6,10.6,0.2,1.53,0.303,10.05
5.0,1.0,1.5,4.5,0.6,2400,0.2,35,88.6,10.6,0.2,1.53,0.303,10.05
5.0,1.0,1.5,4.5,0.6,3600,0.2,35,88.6,10.6,0.2,1.53,0.303,10.05
5.0,1.0,1.5,4.5,0.6,7200,0.2,35,88.6,10.6,0.2,1.53,0.303,10.05
5.0,1.0,1.5,4.5,0.6,7200,0.4,35,88.6,10.6,0.2,1.53,0.303,10.05
5.0,1.0,1.5,4.5,0.6,14400,0.2,35,88.6,10.6,0.2,1.53,0.303,10.05
5.0,1.0,1.5,4.5,0.6,14400,0.4,35,88.6,10.6,0.2,1.53,0.303,10.05
5.0,1.0,1.5,4.5,0.6,,0.4,35,88.6,10.6,0.2,1.53,0.303,10.05
5.0,1.0,1.5,4.5,0.8,2400,0.2,35,88.6,10.6,0.2,1.53,0.303,10.05
5.0,1.0,1.5,4.5,0.8,3600,0.2,35,88.6,10.6,0.2,1.53,0.303,10.05
5.0,1.0,1.5,4.5,0.8,7200,0.2,35,88.6,10.6,0.2,1.53,0.303,10.05
5.0,1.0,1.5,4.5,0.8,7200,0.4,35,88.6,10.6,0.2,1.53,0.303,10.05
5.0,1.0,1.5,4.5,0.8,14400,0.2,35,88.6,10.6,0.2,1.53,0.303,10.05
5.0,1.0,1.5,4.5,0.8,14400,0.4,35,88.6,10.6,0.2,1.53,0.303,10.05
5.0,1.0,1.5,4.5,0.8,,0.4,35,88.6,10.6,0.2,1.53,0.303,10.05
5.0,1.5,2.5,3.0,0.4,3600,0.8,36,77.8,10.9,0.44,1.53,0.303,11.13
5.0,1.5,2.5,4.5,0.4,3600,0.8,36,77.8,10.9,0.44,1.53,0.303,11.13
5.0,0.7,1.5,3.0,0.4,3600,0.4,44,93.2,13.28,0.14,1.89,0.302,5.0
5.0,0.7,1.5,3.0,0.6,3600,0.4,44,93.2,13.28,0.14,1.89,0.302,5.0
5.0,0.7,1.5,3.0,0.8,3600,0.4,44,93.2,13.28,0.14,1.89,0.302,5.0
5.0,0.7,1.5,4.5,0.4,3600,0.4,44,93.2,13.28,0.14,1.89,0.302,5.0
5.0,0.7,1.5,4.5,0.6,3600,0.4,44,93.2,13.28,0.14,1.89,0.302,5.0
5.0,0.7,1.5,4.5,0.8,3600,0.4,44,93.2,13.28,0.14,1.89,0.302,5.0
2.0,1.5,2.5,3.0,0.6,3600,0.8,44,68.2,13.22,0.79,1.69,0.3,8.84
2.0,1.5,2.5,4.5,0.6,3600,0.8,44,68.2,13.22,0.79,1.69,0.3,8.84
5.0,0.7,1.5,3.0,0.4,2400,0.4,44,93.2,13.2,0.14,1.88,0.3,5.0
5.0,0.7,1.5,3.0,0.6,2400,0.4,44,93.2,13.2,0.14,1.88,0.3,5.0
5.0,0.7,1.5,3.0,0.8,2400,0.4,44,93.2,13.2,0.14,1.88,0.3,5.0
5.0,0.7,1.5,4.5,0.4,2400,0.4,44,93.2,13.2,0.14,1.88,0.3,5.0
5.0,0.7,1.5,4.5,0.6,2400,0.4,44,93.2,13.2,0.14,1.88,0.3,5.0
5.0,0.7,1.5,4.5,0.8,2400,0.4,44,93.2,13.2,0.14,1.88,0.3,5.0
5.0,1.0,1.5,3.0,0.4,3600,0.4,36,88.9,10.8,0.19,1.54,0.3,10.05
5.0,1.0,1.5,3.0,0.6,3600,0.4,36,88.9,10.8,0.19,1.54,0.3,10.05
5.0,1.0,1.5,3.0,0.8,3600,0.4,36,88.9,10.8,0.19,1.54,0.3,10.05
5.0,1.0,1.5,4.5,0.4,3600,0.4,36,88.9,10.8,0.19,1.54,0.3,10.05
5.0,1.0,1.5,4.5,0.6,3600,0.4,36,88.9,10.8,0.19,1.54,0.3,10.05
5.0,1.0,1.5,4.5,0.8,3600,0.4,36,88.9,10.8,0.19,1.54,0.3,10.05
3.0,1.5,2.5,3.0,0.8,2400,0.8,47,72.3,14.04,0.69,1.79,0.299,5.65
3.0,1.5,2.5,4.5,0.8,2400,0.8,47,72.3,14.04,0.69,1.79,0.299,5.65
5.0,0.7,1.5,3.0,0.4,1200,0.2,44,93.2,13.12,0.14,1.87,0.298,5.0
5.0,0.7,1.5,3.0,0.6,1200,0.2,44,93.2,13.12,0.14,1.87,0.298,5.0
5.0,0.7,1.5,3.0,0.8,1200,0.2,44,93.2,13.12,0.14,1.87,0.298,5.0
5.0,0.7,1.5,4.5,0.4,1200,0.2,44,93.2,13.12,0.14,1.87,0.298,5.0
5.0,0.7,1.5,4.5,0.6,1200,0.2,44,93.2,13.12,0.14,1.87,0.298,5.0
5.0,0.7,1.5,4.5,0.8,1200,0.2,44,93.2,13.12,0.14,1.87,0.298,5.0
5.0,1.0,1.5,3.0,0.4,2400,0.4,36,88.9,10.72,0.19,1.54,0.298,10.05
5.0,1.0,1.5,3.0,0.6,2400,0.4,36,88.9,10.72,0.19,1.54,0.298,10.05
5.0,1.0,1.5,3.0,0.8,2400,0.4,36,88.9,10.72,0.19,1.54,0.298,10.05
5.0,1.0,1.5,4.5,0.4,2400,0.4,36,88.9,10.72,0.19,1.54,0.298,10.05
5.0,1.0,1.5,4.5,0.6,2400,0.4,36,88.9,10.72,0.19,1.54,0.298,10.05
5.0,1.0,1.5,4.5,0.8,2400,0.4,36,88.9,10.72,0.19,1.54,0.298,10.05
2.0,1.5,2.5,3.0,0.6,1200,0.4,43,74.4,12.75,0.58,1.69,0.297,8.84
2.0,1.5,2.5,4.5,0.6,1200,0.4,43,74.4,12.75,0.58,1.69,0.297,8.84
3.0,0.7,1.5,3.0,0.4,1200,0.4,47,87.2,13.95,0.31,2.13,0.297,3.0
3.0,0.7,1.5,3.0,0.6,1200,0.4,47,87.2,13.95,0.31,2.13,0.297,3.0
3.0,0.7,1.5,3.0,0.8,1200,0.4,47,87.2,13.95,0.31,2.13,0.297,3.0
3.0,0.7,1.5,4.5,0.4,1200,0.4,47,87.2,13.95,0.31,2.13,0.297,3.0
3.0,0.7,1.5,4.5,0.6,1200,0.4,47,87.2,13.95,0.31,2.13,0.297,3.0
3.0,0.7,1.5,4.5,0.8,1200,0.4,47,87.2,13.95,0.31,2.13,0.297,3.0
5.0,1.5,2.5,3.0,0.4,1200,0.4,36,83.3,10.7,0.31,1.53,0.297,9.12
5.0,1.5,2.5,4.5,0.4,1200,0.4,36,83.3,10.7,0.31,1.53,0.297,9.12
2.0,1.0,2.5,3.0,0.4,2400,0.2,41,78.0,12.15,0.47,1.67,0.296,8.4
2.0,1.0,2.5,3.0,0.4,3600,0.2,41,78.0,12.15,0.47,1.67,0.296,8.4
2.0,1.0,2.5,3.0,0.4,7200,0.2,41,78.0,12.15,0.47,1.67,0.296,8.4
2.0,1.0,2.5,3.0,0.4,7200,0.4,41,78.0,12.15,0.47,1.67,0.296,8.4
2.0,1.0,2.5,3.0,0.4,14400,0.2,41,78.0,12.15,0.47,1.67,0.296,8.4
2.0,1.0,2.5,3.0,0.4,14400,0.4,41,78.0,12.15,0.47,1.67,0.296,8.4
2.0,1.0,2.5,3.0,0.4,,0.4,41,78.0,12.15,0.47,1.67,0.296,8.4
2.0,1.0,2.5,3.0,0.6,2400,0.2,41,78.0,12.15,0.47,1.67,0.296,8.4
2.0,1.0,2.5,3.0,0.6,3600,0.2,41,78.0,12.15,0.47,1.67,0.296,8.4
2.0,1.0,2.5,3.0,0.6,7200,0.2,41,78.0,12.15,0.47,1.67,0.296,8.4
2.0,1.0,2.5,3.0,0.6,7200,0.4,41,78.0,12.15,0.47,1.67,0.296,8.4
2.0,1.0,2.5,3.0,0.6,14400,0.2,41,78.0,12.15,0.47,1.67,0.296,8.4
2.0,1.0,2.5,3.0,0.6,14400,0.4,41,78.0,12.15,0.47,1.67,0.296,8.4
2.0,1.0,2.5,3.0,0.6,,0.4,41,78.0,12.15,0.47,1.67,0.296,8.4
2.0,1.0,2.5,3.0,0.8,2400,0.2,41,78.0,12.15,0.47,1.67,0.296,8.4
2.0,1.0,2.5,3.0,0.8,3600,0.2,41,78.0,12.15,0.47,1.67,0.296,8.4
2.0,1.0,2.5,3.0,0.8,7200,0.2,41,78.0,12.15,0.47,1.67,0.296,8.4
2.0,1.0,2.5,3.0,0.8,7200,0.4,41,78.0,12.15,0.47,1.67,0.296,8.4
2.0,1.0,2.5,3.0,0.8,14400,0.2,41,78.0,12.15,0.47,1.67,0.296,8.4
2.0,1.0,2.5,3.0,0.8,14400,0.4,41,78.0,12.15,0.47,1.67,0.296,8.4
2.0,1.0,2.5,3.0,0.8,,0.4,41,78.0,12.15,0.47,1.67,0.296,8.4
2.0,1.0,2.5,4.5,0.4,2400,0.2,41,78.0,12.15,0.47,1.67,0.296,8.4
2.0,1.0,2.5,4.5,0.4,3600,0.2,41,78.0,12.15,0.47,1.67,0.296,8.4
2.0,1.0,2.5,4.5,0.4,7200,0.2,41,78.0,12.15,0.47,1.67,0.296,8.4
2.0,1.0,2.5,4.5,0.4,7200,0.4,41,78.0,12.15,0.47,1.67,0.296,8.4
2.0,1.0,2.5,4.5,0.4,14400,0.2,41,78.0,12.15,0.47,1.67,0.296,8.4
2.0,1.0,2.5,4.5,0.4,14400,0.4,41,78.0,12.15,0.47,1.67,0.296,8.4
2.0,1.0,2.5,4.5,0.4,,0.4,41,78.0,12.15,0.47,1.67,0.296,8.4
2.0,1.0,2.5,4.5,0.6,2400,0.2,41,78.0,12.15,0.47,1.67,0.296,8.4
2.0,1.0,2.5,4.5,0.6,3600,0.2,41,78.0,12.15,0.47,1.67,0.296,8.4
2.0,1.0,2.5,4.5,0.6,7200,0.2,41,78.0,12.15,0.47,1.67,0.296,8.4
2.0,1.0,2.5,4.5,0.6,7200,0.4,41,78.0,12.15,0.47,1.67,0.296,8.4
2.0,1.0,2.5,4.5,0.6,14400,0.2,41,78.0,12.15,0.47,1.67,0.296,8.4
2.0,1.0,2.5,4.5,0.6,14400,0.4,41,78.0,12.15,0.47,1.67,0.296,8.4
2.0,1.0,2.5,4.5,0.6,,0.4,41,78.0,12.15,0.47,1.67,0.296,8.4
2.0,1.0,2.5,4.5,0.8,2400,0.2,41,78.0,12.15,0.47,1.67,0.296,8.4
2.0,1.0,2.5,4.5,0.8,3600,0.2,41,78.0,12.15,0.47,1.67,0.296,8.4
2.0,1.0,2.5,4.5,0.8,7200,0.2,41,78.0,12.15,0.47,1.67,0.296,8.4
2.0,1.0,2.5,4.5,0.8,7200,0.4,41,78.0,12.15,0.47,1.67,0.296,8.4
2.0,1.0,2.5,4.5,0.8,14400,0.2,41,78.0,12.15,0.47,1.67,0.296,8.4
2.0,1.0,2.5,4.5,0.8,14400,0.4,41,78.0,12.15,0.47,1.67,0.296,8.4
2.0,1.0,2.5,4.5,0.8,,0.4,41,78.0,12.15,0.47,1.67,0.296,8.4
4.0,1.0,2.5,3.0,0.4,7200,0.8,42,85.7,12.42,0.27,1.62,0.296,8.4
4.0,1.0,2.5,3.0,0.6,7200,0.8,42,85.7,12.42,0.27,1.62,0.296,8.4
4.0,1.0,2.5,3.0,0.8,7200,0.8,42,85.7,12.42,0.27,1.62,0.296,8.4
4.0,1.0,2.5,4.5,0.4,7200,0.8,42,85.7,12.42,0.27,1.62,0.296,8.4
4.0,1.0,2.5,4.5,0.6,7200,0.8,42,85.7,12.42,0.27,1.62,0.296,8.4
4.0,1.0,2.5,4.5,0.8,7200,0.8,42,85.7,12.42,0.27,1.62,0.296,8.4
5.0,1.0,1.5,3.0,0.4,1200,0.2,36,88.9,10.64,0.19,1.53,0.296,10.05
5.0,1.0,1.5,3.0,0.6,1200,0.2,36,88.9,10.64,0.19,1.53,0.296,10.05
5.0,1.0,1.5,3.0,0.8,1200,0.2,36,88.9,10.64,0.19,1.53,0.296,10.05
5.0,1.0,1.5,4.5,0.4,1200,0.2,36,88.9,10.64,0.19,1.53,0.296,10.05
5.0,1.0,1.5,4.5,0.6,1200,0.2,36,88.9,10.64,0.19,1.53,0.296,10.05
5.0,1.0,1.5,4.5,0.8,1200,0.2,36,88.9,10.64,0.19,1.53,0.296,10.05
2.0,1.0,2.5,3.0,0.4,3600,0.4,42,78.6,12.35,0.46,1.69,0.294,8.4
2.0,1.0,2.5,3.0,0.6,3600,0.4,42,78.6,12.35,0.46,1.69,0.294,8.4
2.0,1.0,2.5,3.0,0.8,3600,0.4,42,78.6,12.35,0.46,1.69,0.294,8.4
2.0,1.0,2.5,4.5,0.4,3600,0.4,42,78.6,12.35,0.46,1.69,0.294,8.4
2.0,1.0,2.5,4.5,0.6,3600,0.4,42,78.6,12.35,0.46,1.69,0.294,8.4
2.0,1.0,2.5,4.5,0.8,3600,0.4,42,78.6,12.35,0.46,1.69,0.294,8.4
2.0,1.0,2.5,3.0,0.4,2400,0.4,42,78.6,12.27,0.46,1.68,0.292,8.4
2.0,1.0,2.5,3.0,0.6,2400,0.4,42,78.6,12.27,0.46,1.68,0.292,8.4
2.0,1.0,2.5,3.0,0.8,2400,0.4,42,78.6,12.27,0.46,1.68,0.292,8.4
2.0,1.0,2.5,4.5,0.4,2400,0.4,42,78.6,12.27,0.46,1.68,0.292,8.4
2.0,1.0,2.5,4.5,0.6,2400,0.4,42,78.6,12.27,0.46,1.68,0.292,8.4
2.0,1.0,2.5,4.5,0.8,2400,0.4,42,78.6,12.27,0.46,1.68,0.292,8.4
2.0,1.0,2.5,3.0,0.4,1200,0.2,42,78.6,12.19,0.46,1.68,0.29,8.4
2.0,1.0,2.5,3.0,0.6,1200,0.2,42,78.6,12.19,0.46,1.68,0.29,8.4
2.0,1.0,2.5,3.0,0.8,1200,0.2,42,78.6,12.19,0.46,1.68,0.29,8.4
2.0,1.0,2.5,4.5,0.4,1200,0.2,42,78.6,12.19,0.46,1.68,0.29,8.4
2.0,1.0,2.5,4.5,0.6,1200,0.2,42,78.6,12.19,0.46,1.68,0.29,8.4
2.0,1.0,2.5,4.5,0.8,1200,0.2,42,78.6,12.19,0.46,1.68,0.29,8.4
5.0,0.7,1.5,3.0,0.4,14400,0.8,44,90.9,12.75,0.18,1.83,0.29,5.0
5.0,0.7,1.5,3.0,0.6,14400,0.8,44,90.9,12.75,0.18,1.83,0.29,5.0
5.0,0.7,1.5,3.0,0.8,14400,0.8,44,90.9,12.75,0.18,1.83,0.29,5.0
5.0,0.7,1.5,4.5,0.4,14400,0.8,44,90.9,12.75,0.18,1.83,0.29,5.0
5.0,0.7,1.5,4.5,0.6,14400,0.8,44,90.9,12.75,0.18,1.83,0.29,5.0
5.0,0.7,1.5,4.5,0.8,14400,0.8,44,90.9,12.75,0.18,1.83,0.29,5.0
5.0,1.0,1.5,3.0,0.4,14400,0.8,36,86.1,10.27,0.24,1.51,0.285,10.05
5.0,1.0,1.5,3.0,0.6,14400,0.8,36,86.1,10.27,0.24,1.51,0.285,10.05
5.0,1.0,1.5,3.0,0.8,14400,0.8,36,86.1,10.27,0.24,1.51,0.285,10.05
5.0,1.0,1.5,4.5,0.4,14400,0.8,36,86.1,10.27,0.24,1.51,0.285,10.05
5.0,1.0,1.5,4.5,0.6,14400,0.8,36,86.1,10.27,0.24,1.51,0.285,10.05
5.0,1.0,1.5,4.5,0.8,14400,0.8,36,86.1,10.27,0.24,1.51,0.285,10.05
4.0,0.7,2.5,3.0,0.4,1200,0.4,47,89.4,13.32,0.25,2.08,0.283,4.0
4.0,0.7,2.5,3.0,0.6,1200,0.4,47,89.4,13.32,0.25,2.08,0.283,4.0
4.0,0.7,2.5,3.0,0.8,1200,0.4,47,89.4,13.32,0.25,2.08,0.283,4.0
4.0,0.7,2.5,4.5,0.4,1200,0.4,47,89.4,13.32,0.25,2.08,0.283,4.0
4.0,0.7,2.5,4.5,0.6,1200,0.4,47,89.4,13.32,0.25,2.08,0.283,4.0
4.0,0.7,2.5,4.5,0.8,1200,0.4,47,89.4,13.32,0.25,2.08,0.283,4.0
2.0,1.0,2.5,3.0,0.4,14400,0.8,42,76.2,11.82,0.51,1.64,0.281,8.4
2.0,1.0,2.5,3.0,0.6,14400,0.8,42,76.2,11.82,0.51,1.64,0.281,8.4
2.0,1.0,2.5,3.0,0.8,14400,0.8,42,76.2,11.82,0.51,1.64,0.281,8.4
2.0,1.0,2.5,4.5,0.4,14400,0.8,42,76.2,11.82,0.51,1.64,0.281,8.4
2.0,1.0,2.5,4.5,0.6,14400,0.8,42,76.2,11.82,0.51,1.64,0.281,8.4
2.0,1.0,2.5,4.5,0.8,14400,0.8,42,76.2,11.82,0.51,1.64,0.281,8.4
2.0,1.0,1.5,3.0,0.4,7200,0.8,42,76.2,11.72,0.52,1.65,0.279,8.4
2.0,1.0,1.5,3.0,0.6,7200,0.8,42,76.2,11.72,0.52,1.65,0.279,8.4
2.0,1.0,1.5,3.0,0.8,7200,0.8,42,76.2,11.72,0.52,1.65,0.279,8.4
2.0,1.0,1.5,4.5,0.4,7200,0.8,42,76.2,11.72,0.52,1.65,0.279,8.4
2.0,1.0,1.5,4.5,0.6,7200,0.8,42,76.2,11.72,0.52,1.65,0.279,8.4
2.0,1.0,1.5,4.5,0.8,7200,0.8,42,76.2,11.72,0.52,1.65,0.279,8.4
2.0,1.5,2.5,3.0,0.8,3600,0.8,44,68.2,12.29,0.77,1.64,0.279,8.37
2.0,1.5,2.5,4.5,0.8,3600,0.8,44,68.2,12.29,0.77,1.64,0.279,8.37
2.0,0.7,1.5,3.0,0.4,2400,0.2,44,84.1,12.19,0.35,1.87,0.277,6.0
2.0,0.7,1.5,3.0,0.4,3600,0.2,44,84.1,12.19,0.35,1.87,0.277,6.0
2.0,0.7,1.5,3.0,0.4,7200,0.2,44,84.1,12.19,0.35,1.87,0.277,6.0
2.0,0.7,1.5,3.0,0.4,7200,0.4,44,84.1,12.19,0.35,1.87,0.277,6.0
2.0,0.7,1.5,3.0,0.4,14400,0.2,44,84.1,12.19,0.35,1.87,0.277,6.0
2.0,0.7,1.5,3.0,0.4,14400,0.4,44,84.1,12.19,0.35,1.87,0.277,6.0
2.0,0.7,1.5,3.0,0.4,,0.4,44,84.1,12.19,0.35,1.87,0.277,6.0
2.0,0.7,1.5,3.0,0.6,2400,0.2,44,84.1,12.19,0.35,1.87,0.277,6.0
2.0,0.7,1.5,3.0,0.6,3600,0.2,44,84.1,12.19,0.35,1.87,0.277,6.0
2.0,0.7,1.5,3.0,0.6,7200,0.2,44,84.1,12.19,0.35,1.87,0.277,6.0
2.0,0.7,1.5,3.0,0.6,7200,0.4,44,84.1,12.19,0.35,1.87,0.277,6.0
2.0,0.7,1.5,3.0,0.6,14400,0.2,44,84.1,12.19,0.35,1.87,0.277,6.0
2.0,0.7,1.5,3.0,0.6,14400,0.4,44,84.1,12.19,0.35,1.87,0.277,6.0
2.0,0.7,1.5,3.0,0.6,,0.4,44,84.1,12.19,0.35,1.87,0.277,6.0
2.0,0.7,1.5,3.0,0.8,2400,0.2,44,84.1,12.19,0.35,1.87,0.277,6.0
2.0,0.7,1.5,3.0,0.8,3600,0.2,44,84.1,12.19,0.35,1.87,0.277,6.0
2.0,0.7,1.5,3.0,0.8,7200,0.2,44,84.1,12.19,0.35,1.87,0.277,6.0
2.0,0.7,1.5,3.0,0.8,7200,0.4,44,84.1,12.19,0.35,1.87,0.277,6.0
2.0,0.7,1.5,3.0,0.8,14400,0.2,44,84.1,12.19,0.35,1.87,0.277,6.0
2.0,0.7,1.5,3.0,0.8,14400,0.4,44,84.1,12.19,0.35,1.87,0.277,6.0
2.0,0.7,1.5,3.0,0.8,,0.4,44,84.1,12.19,0.35,1.87,0.277,6.0
2.0,0.7,1.5,4.5,0.4,2400,0.2,44,84.1,12.19,0.35,1.87,0.277,6.0
2.0,0.7,1.5,4.5,0.4,3600,0.2,44,84.1,12.19,0.35,1.87,0.277,6.0
2.0,0.7,1.5,4.5,0.4,7200,0.2,44,84.1,12.19,0.35,1.87,0.277,6.0
2.0,0.7,1.5,4.5,0.4,7200,0.4,44,84.1,12.19,0.35,1.87,0.277,6.0
2.0,0.7,1.5,4.5,0.4,14400,0.2,44,84.1,12.19,0.35,1.87,0.277,6.0
2.0,0.7,1.5,4.5,0.4,14400,0.4,44,84.1,12.19,0.35,1.87,0.277,6.0
2.0,0.7,1.5,4.5,0.4,,0.4,44,84.1,12.19,0.35,1.87,0.277,6.0
2.0,0.7,1.5,4.5,0.6,2400,0.2,44,84.1,12.19,0.35,1.87,0.277,6.0
2.0,0.7,1.5,4.5,0.6,3600,0.2,44,84.1,12.19,0.35,1.87,0.277,6.0
2.0,0.7,1.5,4.5,0.6,7200,0.2,44,84.1,12.19,0.35,1.87,0.277,6.0
2.0,0.7,1.5,4.5,0.6,7200,0.4,44,84.1,12.19,0.35,1.87,0.277,6.0
2.0,0.7,1.5,4.5,0.6,14400,0.2,44,84.1,12.19,0.35,1.87,0.277,6.0
2.0,0.7,1.5,4.5,0.6,14400,0.4,44,84.1,12.19,0.35,1.87,0.277,6.0
2.0,0.7,1.5,4.5,0.6,,0.4,44,84.1,12.19,0.35,1.87,0.277,6.0
2.0,0.7,1.5,4.5,0.8,2400,0.2,44,84.1,12.19,0.35,1.87,0.277,6.0
2.0,0.7,1.5,4.5,0.8,3600,0.2,44,84.1,12.19,0.35,1.87,0.277,6.0
2.0,0.7,1.5,4.5,0.8,7200,0.2,44,84.1,12.19,0.35,1.87,0.277,6.0
2.0,0.7,1.5,4.5,0.8,7200,0.4,44,84.1,12.19,0.35,1.87,0.277,6.0
2.0,0.7,1.5,4.5,0.8,14400,0.2,44,84.1,12.19,0.35,1.87,0.277,6.0
2.0,0.7,1.5,4.5,0.8,14400,0.4,44,84.1,12.19,0.35,1.87,0.277,6.0
2.0,0.7,1.5,4.5,0.8,,0.4,44,84.1,12.19,0.35,1.87,0.277,6.0
2.0,0.7,1.5,3.0,0.4,3600,0.4,45,84.4,12.39,0.35,1.88,0.275,6.0
2.0,0.7,1.5,3.0,0.6,3600,0.4,45,84.4,12.39,0.35,1.88,0.275,6.0
2.0,0.7,1.5,3.0,0.8,3600,0.4,45,84.4,12.39,0.35,1.88,0.275,6.0
2.0,0.7,1.5,4.5,0.4,3600,0.4,45,84.4,12.39,0.35,1.88,0.275,6.0
2.0,0.7,1.5,4.5,0.6,3600,0.4,45,84.4,12.39,0.35,1.88,0.275,6.0
2.0,0.7,1.5,4.5,0.8,3600,0.4,45,84.4,12.39,0.35,1.88,0.275,6.0
5.0,0.7,2.5,3.0,0.4,2400,0.2,43,93.0,11.82,0.13,1.79,0.275,5.0
5.0,0.7,2.5,3.0,0.4,3600,0.2,43,93.0,11.82,0.13,1.79,0.275,5.0
5.0,0.7,2.5,3.0,0.4,7200,0.2,43,93.0,11.82,0.13,1.79,0.275,5.0
5.0,0.7,2.5,3.0,0.4,7200,0.4,43,93.0,11.82,0.13,1.79,0.275,5.0
5.0,0.7,2.5,3.0,0.4,14400,0.2,43,93.0,11.82,0.13,1.79,0.275,5.0
5.0,0.7,2.5,3.0,0.4,14400,0.4,43,93.0,11.82,0.13,1.79,0.275,5.0
5.0,0.7,2.5,3.0,0.4,,0.4,43,93.0,11.82,0.13,1.79,0.275,5.0
5.0,0.7,2.5,3.0,0.6,2400,0.2,43,93.0,11.82,0.13,1.79,0.275,5.0
5.0,0.7,2.5,3.0,0.6,3600,0.2,43,93.0,11.82,0.13,1.79,0.275,5.0
5.0,0.7,2.5,3.0,0.6,7200,0.2,43,93.0,11.82,0.13,1.79,0.275,5.0
5.0,0.7,2.5,3.0,0.6,7200,0.4,43,93.0,11.82,0.13,1.79,0.275,5.0
5.0,0.7,2.5,3.0,0.6,14400,0.2,43,93.0,11.82,0.13,1.79,0.275,5.0
5.0,0.7,2.5,3.0,0.6,14400,0.4,43,93.0,11.82,0.13,1.79,0.275,5.0
5.0,0.7,2.5,3.0,0.6,,0.4,43,93.0,11.82,0.13,1.79,0.275,5.0
5.0,0.7,2.5,3.0,0.8,2400,0.2,43,93.0,11.82,0.13,1.79,0.275,5.0
5.0,0.7,2.5,3.0,0.8,3600,0.2,43,93.0,11.82,0.13,1.79,0.275,5.0
5.0,0.7,2.5,3.0,0.8,7200,0.2,43,93.0,11.82,0.13,1.79,0.275,5.0
5.0,0.7,2.5,3.0,0.8,7200,0.4,43,93.0,11.82,0.13,1.79,0.275,5.0
5.0,0.7,2.5,3.0,0.8,14400,0.2,43,93.0,11.82,0.13,1.79,0.275,5.0
5.0,0.7,2.5,3.0,0.8,14400,0.4,43,93.0,11.82,0.13,1.79,0.275,5.0
5.0,0.7,2.5,3.0,0.8,,0.4,43,93.0,11.82,0.13,1.79,0.275,5.0
5.0,0.7,2.5,4.5,0.4,2400,0.2,43,93.0,11.82,0.13,1.79,0.275,5.0
5.0,0.7,2.5,4.5,0.4,3600,0.2,43,93.0,11.82,0.13,1.79,0.275,5.0
5.0,0.7,2.5,4.5,0.4,7200,0.2,43,93.0,11.82,0.13,1.79,0.275,5.0
5.0,0.7,2.5,4.5,0.4,7200,0.4,43,93.0,11.82,0.13,1.79,0.275,5.0
5.0,0.7,2.5,4.5,0.4,14400,0.2,43,93.0,11.82,0.13,1.79,0.275,5.0
5.0,0.7,2.5,4.5,0.4,14400,0.4,43,93.0,11.82,0.13,1.79,0.275,5.0
5.0,0.7,2.5,4.5,0.4,,0.4,43,93.0,11.82,0.13,1.79,0.275,5.0
5.0,0.7,2.5,4.5,0.6,2400,0.2,43,93.0,11.82,0.13,1.79,0.275,5.0
5.0,0.7,2.5,4.5,0.6,3600,0.2,43,93.0,11.82,0.13,1.79,0.275,5.0
5.0,0.7,2.5,4.5,0.6,7200,0.2,43,93.0,11.82,0.13,1.79,0.275,5.0
5.0,0.7,2.5,4.5,0.6,7200,0.4,43,93.0,11.82,0.13,1.79,0.275,5.0
5.0,0.7,2.5,4.5,0.6,14400,0.2,43,93.0,11.82,0.13,1.79,0.275,5.0
5.0,0.7,2.5,4.5,0.6,14400,0.4,43,93.0,11.82,0.13,1.79,0.275,5.0
5.0,0.7,2.5,4.5,0.6,,0.4,43,93.0,11.82,0.13,1.79,0.275,5.0
5.0,0.7,2.5,4.5,0.8,2400,0.2,43,93.0,11.82,0.13,1.79,0.275,5.0
5.0,0.7,2.5,4.5,0.8,3600,0.2,43,93.0,11.82,0.13,1.79,0.275,5.0
5.0,0.7,2.5,4.5,0.8,7200,0.2,43,93.0,11.82,0.13,1.79,0.275,5.0
5.0,0.7,2.5,4.5,0.8,7200,0.4,43,93.0,11.82,0.13,1.79,0.275,5.0
5.0,0.7,2.5,4.5,0.8,14400,0.2,43,93.0,11.82,0.13,1.79,0.275,5.0
5.0,0.7,2.5,4.5,0.8,14400,0.4,43,93.0,11.82,0.13,1.79,0.275,5.0
5.0,0.7,2.5,4.5,0.8,,0.4,43,93.0,11.82,0.13,1.79,0.275,5.0
2.0,0.7,1.5,3.0,0.4,2400,0.4,45,84.4,12.31,0.35,1.88,0.274,6.0
2.0,0.7,1.5,3.0,0.6,2400,0.4,45,84.4,12.31,0.35,1.88,0.274,6.0
2.0,0.7,1.5,3.0,0.8,2400,0.4,45,84.4,12.31,0.35,1.88,0.274,6.0
2.0,0.7,1.5,4.5,0.4,2400,0.4,45,84.4,12.31,0.35,1.88,0.274,6.0
2.0,0.7,1.5,4.5,0.6,2400,0.4,45,84.4,12.31,0.35,1.88,0.274,6.0
2.0,0.7,1.5,4.5,0.8,2400,0.4,45,84.4,12.31,0.35,1.88,0.274,6.0
5.0,1.5,2.5,3.0,0.8,3600,0.8,36,77.8,9.87,0.42,1.48,0.274,11.06
5.0,1.5,2.5,4.5,0.8,3600,0.8,36,77.8,9.87,0.42,1.48,0.274,11.06
5.0,0.7,2.5,3.0,0.4,3600,0.4,44,93.2,12.02,0.13,1.8,0.273,5.0
5.0,0.7,2.5,3.0,0.6,3600,0.4,44,93.2,12.02,0.13,1.8,0.273,5.0
5.0,0.7,2.5,3.0,0.8,3600,0.4,44,93.2,12.02,0.13,1.8,0.273,5.0
5.0,0.7,2.5,4.5,0.4,3600,0.4,44,93.2,12.02,0.13,1.8,0.273,5.0
5.0,0.7,2.5,4.5,0.6,3600,0.4,44,93.2,12.02,0.13,1.8,0.273,5.0
5.0,0.7,2.5,4.5,0.8,3600,0.4,44,93.2,12.02,0.13,1.8,0.273,5.0
2.0,0.7,1.5,3.0,0.4,1200,0.2,45,84.4,12.23,0.35,1.87,0.272,6.0
2.0,0.7,1.5,3.0,0.6,1200,0.2,45,84.4,12.23,0.35,1.87,0.272,6.0
2.0,0.7,1.5,3.0,0.8,1200,0.2,45,84.4,12.23,0.35,1.87,0.272,6.0
2.0,0.7,1.5,4.5,0.4,1200,0.2,45,84.4,12.23,0.35,1.87,0.272,6.0
2.0,0.7,1.5,4.5,0.6,1200,0.2,45,84.4,12.23,0.35,1.87,0.272,6.0
2.0,0.7,1.5,4.5,0.8,1200,0.2,45,84.4,12.23,0.35,1.87,0.272,6.0
4.0,0.7,1.5,3.0,0.4,3600,0.8,48,83.3,13.04,0.4,1.99,0.272,4.49
4.0,0.7,1.5,3.0,0.6,3600,0.8,48,83.3,13.04,0.4,1.99,0.272,4.49
4.0,0.7,1.5,3.0,0.8,3600,0.8,48,83.3,13.04,0.4,1.99,0.272,4.49
4.0,0.7,1.5,4.5,0.4,3600,0.8,48,83.3,13.04,0.4,1.99,0.272,4.49
4.0,0.7,1.5,4.5,0.6,3600,0.8,48,83.3,13.04,0.4,1.99,0.272,4.49
4.0,0.7,1.5,4.5,0.8,3600,0.8,48,83.3,13.04,0.4,1.99,0.272,4.49
5.0,1.5,2.5,3.0,0.6,3600,0.8,36,77.8,9.81,0.42,1.47,0.272,11.53
5.0,1.5,2.5,4.5,0.6,3600,0.8,36,77.8,9.81,0.42,1.47,0.272,11.53
3.0,1.0,1.5,3.0,0.4,1200,0.4,43,81.4,11.64,0.37,1.63,0.271,6.6
3.0,1.0,1.5,3.0,0.6,1200,0.4,43,81.4,11.64,0.37,1.63,0.271,6.6
3.0,1.0,1.5,3.0,0.8,1200,0.4,43,81.4,11.64,0.37,1.63,0.271,6.6
3.0,1.0,1.5,4.5,0.4,1200,0.4,43,81.4,11.64,0.37,1.63,0.271,6.6
3.0,1.0,1.5,4.5,0.6,1200,0.4,43,81.4,11.64,0.37,1.63,0.271,6.6
3.0,1.0,1.5,4.5,0.8,1200,0.4,43,81.4,11.64,0.37,1.63,0.271,6.6
5.0,0.7,2.5,3.0,0.4,2400,0.4,44,93.2,11.94,0.13,1.8,0.271,5.0
5.0,0.7,2.5,3.0,0.6,2400,0.4,44,93.2,11.94,0.13,1.8,0.271,5.0
5.0,0.7,2.5,3.0,0.8,2400,0.4,44,93.2,11.94,0.13,1.8,0.271,5.0
5.0,0.7,2.5,4.5,0.4,2400,0.4,44,93.2,11.94,0.13,1.8,0.271,5.0
5.0,0.7,2.5,4.5,0.6,2400,0.4,44,93.2,11.94,0.13,1.8,0.271,5.0
5.0,0.7,2.5,4.5,0.8,2400,0.4,44,93.2,11.94,0.13,1.8,0.271,5.0
3.0,0.7,2.5,3.0,0.4,1200,0.4,47,87.2,12.69,0.3,2.03,0.27,3.0
3.0,0.7,2.5,3.0,0.6,1200,0.4,47,87.2,12.69,0.3,2.03,0.27,3.0
3.0,0.7,2.5,3.0,0.8,1200,0.4,47,87.2,12.69,0.3,2.03,0.27,3.0
3.0,0.7,2.5,4.5,0.4,1200,0.4,47,87.2,12.69,0.3,2.03,0.27,3.0
3.0,0.7,2.5,4.5,0.6,1200,0.4,47,87.2,12.69,0.3,2.03,0.27,3.0
3.0,0.7,2.5,4.5,0.8,1200,0.4,47,87.2,12.69,0.3,2.03,0.27,3.0
5.0,0.7,2.5,3.0,0.4,1200,0.2,44,93.2,11.86,0.13,1.79,0.27,5.0
5.0,0.7,2.5,3.0,0.6,1200,0.2,44,93.2,11.86,0.13,1.79,0.27,5.0
5.0,0.7,2.5,3.0,0.8,1200,0.2,44,93.2,11.86,0.13,1.79,0.27,5.0
5.0,0.7,2.5,4.5,0.4,1200,0.2,44,93.2,11.86,0.13,1.79,0.27,5.0
5.0,0.7,2.5,4.5,0.6,1200,0.2,44,93.2,11.86,0.13,1.79,0.27,5.0
5.0,0.7,2.5,4.5,0.8,1200,0.2,44,93.2,11.86,0.13,1.79,0.27,5.0
5.0,0.7,1.5,3.0,0.4,7200,0.8,44,90.9,11.84,0.18,1.79,0.269,5.0
5.0,0.7,1.5,3.0,0.6,7200,0.8,44,90.9,11.84,0.18,1.79,0.269,5.0
5.0,0.7,1.5,3.0,0.8,7200,0.8,44,90.9,11.84,0.18,1.79,0.269,5.0
5.0,0.7,1.5,4.5,0.4,7200,0.8,44,90.9,11.84,0.18,1.79,0.269,5.0
5.0,0.7,1.5,4.5,0.6,7200,0.8,44,90.9,11.84,0.18,1.79,0.269,5.0
5.0,0.7,1.5,4.5,0.8,7200,0.8,44,90.9,11.84,0.18,1.79,0.269,5.0
2.0,1.5,2.5,3.0,0.8,1200,0.4,43,74.4,11.42,0.56,1.62,0.266,8.37
2.0,1.5,2.5,4.5,0.8,1200,0.4,43,74.4,11.42,0.56,1.62,0.266,8.37
2.0,0.7,1.5,3.0,0.4,14400,0.8,45,82.2,11.86,0.4,1.83,0.264,6.0
2.0,0.7,1.5,3.0,0.6,14400,0.8,45,82.2,11.86,0.4,1.83,0.264,6.0
2.0,0.7,1.5,3.0,0.8,14400,0.8,45,82.2,11.86,0.4,1.83,0.264,6.0
2.0,0.7,1.5,4.5,0.4,14400,0.8,45,82.2,11.86,0.4,1.83,0.264,6.0
2.0,0.7,1.5,4.5,0.6,14400,0.8,45,82.2,11.86,0.4,1.83,0.264,6.0
2.0,0.7,1.5,4.5,0.8,14400,0.8,45,82.2,11.86,0.4,1.83,0.264,6.0
5.0,1.0,2.5,3.0,0.4,2400,0.2,35,88.6,9.25,0.19,1.46,0.264,10.5
5.0,1.0,2.5,3.0,0.4,3600,0.2,35,88.6,9.25,0.19,1.46,0.264,10.5
5.0,1.0,2.5,3.0,0.4,7200,0.2,35,88.6,9.25,0.19,1.46,0.264,10.5
5.0,1.0,2.5,3.0,0.4,7200,0.4,35,88.6,9.25,0.19,1.46,0.264,10.5
5.0,1.0,2.5,3.0,0.4,14400,0.2,35,88.6,9.25,0.19,1.46,0.264,10.5
5.0,1.0,2.5,3.0,0.4,14400,0.4,35,88.6,9.25,0.19,1.46,0.264,10.5
5.0,1.0,2.5,3.0,0.4,,0.4,35,88.6,9.25,0.19,1.46,0.264,10.5
5.0,1.0,2.5,3.0,0.6,2400,0.2,35,88.6,9.25,0.19,1.46,0.264,10.5
5.0,1.0,2.5,3.0,0.6,3600,0.2,35,88.6,9.25,0.19,1.46,0.264,10.5
5.0,1.0,2.5,3.0,0.6,7200,0.2,35,88.6,9.25,0.19,1.46,0.264,10.5
5.0,1.0,2.5,3.0,0.6,7200,0.4,35,88.6,9.25,0.19,1.46,0.264,10.5
5.0,1.0,2.5,3.0,0.6,14400,0.2,35,88.6,9.25,0.19,1.46,0.264,10.5
5.0,1.0,2.5,3.0,0.6,14400,0.4,35,88.6,9.25,0.19,1.46,0.264,10.5
5.0,1.0,2.5,3.0,0.6,,0.4,35,88.6,9.25,0.19,1.46,0.264,10.5
5.0,1.0,2.5,3.0,0.8,2400,0.2,35,88.6,9.25,0.19,1.46,0.264,10.5
5.0,1.0,2.5,3.0,0.8,3600,0.2,35,88.6,9.25,0.19,1.46,0.264,10.5
5.0,1.0,2.5,3.0,0.8,7200,0.2,35,88.6,9.25,0.19,1.46,0.264,10.5
5.0,1.0,2.5,3.0,0.8,7200,0.4,35,88.6,9.25,0.19,1.46,0.264,10.5
5.0,1.0,2.5,3.0,0.8,14400,0.2,35,88.6,9.25,0.19,1.46,0.264,10.5
5.0,1.0,2.5,3.0,0.8,14400,0.4,35,88.6,9.25,0.19,1.46,0.264,10.5
5.0,1.0,2.5,3.0,0.8,,0.4,35,88.6,9.25,0.19,1.46,0.264,10.5
5.0,1.0,2.5,4.5,0.4,2400,0.2,35,88.6,9.25,0.19,1.46,0.264,10.5
5.0,1.0,2.5,4.5,0.4,3600,0.2,35,88.6,9.25,0.19,1.46,0.264,10.5
5.0,1.0,2.5,4.5,0.4,7200,0.2,35,88.6,9.25,0.19,1.46,0.264,10.5
5.0,1.0,2.5,4.5,0.4,7200,0.4,35,88.6,9.25,0.19,1.46,0.264,10.5
5.0,1.0,2.5,4.5,0.4,14400,0.2,35,88.6,9.25,0.19,1.46,0.264,10.5
5.0,1.0,2.5,4.5,0.4,14400,0.4,35,88.6,9.25,0.19,1.46,0.264,10.5
5.0,1.0,2.5,4.5,0.4,,0.4,35,88.6,9.25,0.19,1.46,0.264,10.5
5.0,1.0,2.5,4.5,0.6,2400,0.2,35,88.6,9.25,0.19,1.46,0.264,10.5
5.0,1.0,2.5,4.5,0.6,3600,0.2,35,88.6,9.25,0.19,1.46,0.264,10.5
5.0,1.0,2.5,4.5,0.6,7200,0.2,35,88.6,9.25,0.19,1.46,0.264,10.5
5.0,1.0,2.5,4.5,0.6,7200,0.4,35,88.6,9.25,0.19,1.46,0.264,10.5
5.0,1.0,2.5,4.5,0.6,14400,0.2,35,88.6,9.25,0.19,1.46,0.264,10.5
5.0,1.0,2.5,4.5,0.6,14400,0.4,35,88.6,9.25,0.19,1.46,0.264,10.5
5.0,1.0,2.5,4.5,0.6,,0.4,35,88.6,9.25,0.19,1.46,0.264,10.5
5.0,1.0,2.5,4.5,0.8,2400,0.2,35,88.6,9.25,0.19,1.46,0.264,10.5
5.0,1.0,2.5,4.5,0.8,3600,0.2,35,88.6,9.25,0.19,1.46,0.264,10.5
5.0,1.0,2.5,4.5,0.8,7200,0.2,35,88.6,9.25,0.19,1.46,0.264,10.5
5.0,1.0,2.5,4.5,0.8,7200,0.4,35,88.6,9.25,0.19,1.46,0.264,10.5
5.0,1.0,2.5,4.5,0.8,14400,0.2,35,88.6,9.25,0.19,1.46,0.264,10.5
5.0,1.0,2.5,4.5,0.8,14400,0.4,35,88.6,9.25,0.19,1.46,0.264,10.5
5.0,1.0,2.5,4.5,0.8,,0.4,35,88.6,9.25,0.19,1.46,0.264,10.5
5.0,1.0,2.5,3.0,0.4,3600,0.4,36,88.9,9.45,0.18,1.47,0.262,10.5
5.0,1.0,2.5,3.0,0.6,3600,0.4,36,88.9,9.45,0.18,1.47,0.262,10.5
5.0,1.0,2.5,3.0,0.8,3600,0.4,36,88.9,9.45,0.18,1.47,0.262,10.5
5.0,1.0,2.5,4.5,0.4,3600,0.4,36,88.9,9.45,0.18,1.47,0.262,10.5
5.0,1.0,2.5,4.5,0.6,3600,0.4,36,88.9,9.45,0.18,1.47,0.262,10.5
5.0,1.0,2.5,4.5,0.8,3600,0.4,36,88.9,9.45,0.18,1.47,0.262,10.5
5.0,0.7,2.5,3.0,0.4,14400,0.8,44,90.9,11.49,0.17,1.75,0.261,5.0
5.0,0.7,2.5,3.0,0.6,14400,0.8,44,90.9,11.49,0.17,1.75,0.261,5.0
5.0,0.7,2.5,3.0,0.8,14400,0.8,44,90.9,11.49,0.17,1.75,0.261,5.0
5.0,0.7,2.5,4.5,0.4,14400,0.8,44,90.9,11.49,0.17,1.75,0.261,5.0
5.0,0.7,2.5,4.5,0.6,14400,0.8,44,90.9,11.49,0.17,1.75,0.261,5.0
5.0,0.7,2.5,4.5,0.8,14400,0.8,44,90.9,11.49,0.17,1.75,0.261,5.0
4.0,0.7,2.5,3.0,0.4,3600,0.8,48,83.3,12.5,0.39,1.95,0.26,4.49
4.0,0.7,2.5,3.0,0.6,3600,0.8,48,83.3,12.5,0.39,1.95,0.26,4.49
4.0,0.7,2.5,3.0,0.8,3600,0.8,48,83.3,12.5,0.39,1.95,0.26,4.49
4.0,0.7,2.5,4.5,0.4,3600,0.8,48,83.3,12.5,0.39,1.95,0.26,4.49
4.0,0.7,2.5,4.5,0.6,3600,0.8,48,83.3,12.5,0.39,1.95,0.26,4.49
4.0,0.7,2.5,4.5,0.8,3600,0.8,48,83.3,12.5,0.39,1.95,0.26,4.49
5.0,1.0,2.5,3.0,0.4,2400,0.4,36,88.9,9.37,0.18,1.47,0.26,10.5
5.0,1.0,2.5,3.0,0.6,2400,0.4,36,88.9,9.37,0.18,1.47,0.26,10.5
5.0,1.0,2.5,3.0,0.8,2400,0.4,36,88.9,9.37,0.18,1.47,0.26,10.5
5.0,1.0,2.5,4.5,0.4,2400,0.4,36,88.9,9.37,0.18,1.47,0.26,10.5
5.0,1.0,2.5,4.5,0.6,2400,0.4,36,88.9,9.37,0.18,1.47,0.26,10.5
5.0,1.0,2.5,4.5,0.8,2400,0.4,36,88.9,9.37,0.18,1.47,0.26,10.5
3.0,0.7,1.5,3.0,0.4,3600,0.8,48,81.2,12.41,0.45,1.95,0.259,3.49
3.0,0.7,1.5,3.0,0.6,3600,0.8,48,81.2,12.41,0.45,1.95,0.259,3.49
3.0,0.7,1.5,3.0,0.8,3600,0.8,48,81.2,12.41,0.45,1.95,0.259,3.49
3.0,0.7,1.5,4.5,0.4,3600,0.8,48,81.2,12.41,0.45,1.95,0.259,3.49
3.0,0.7,1.5,4.5,0.6,3600,0.8,48,81.2,12.41,0.45,1.95,0.259,3.49
3.0,0.7,1.5,4.5,0.8,3600,0.8,48,81.2,12.41,0.45,1.95,0.259,3.49
2.0,1.0,2.5,3.0,0.4,7200,0.8,42,76.2,10.82,0.5,1.6,0.258,8.4
2.0,1.0,2.5,3.0,0.6,7200,0.8,42,76.2,10.82,0.5,1.6,0.258,8.4
2.0,1.0,2.5,3.0,0.8,7200,0.8,42,76.2,10.82,0.5,1.6,0.258,8.4
2.0,1.0,2.5,4.5,0.4,7200,0.8,42,76.2,10.82,0.5,1.6,0.258,8.4
2.0,1.0,2.5,4.5,0.6,7200,0.8,42,76.2,10.82,0.5,1.6,0.258,8.4
2.0,1.0,2.5,4.5,0.8,7200,0.8,42,76.2,10.82,0.5,1.6,0.258,8.4
5.0,1.0,2.5,3.0,0.4,1200,0.2,36,88.9,9.29,0.18,1.46,0.258,10.5
5.0,1.0,2.5,3.0,0.6,1200,0.2,36,88.9,9.29,0.18,1.46,0.258,10.5
5.0,1.0,2.5,3.0,0.8,1200,0.2,36,88.9,9.29,0.18,1.46,0.258,10.5
5.0,1.0,2.5,4.5,0.4,1200,0.2,36,88.9,9.29,0.18,1.46,0.258,10.5
5.0,1.0,2.5,4.5,0.6,1200,0.2,36,88.9,9.29,0.18,1.46,0.258,10.5
5.0,1.0,2.5,4.5,0.8,1200,0.2,36,88.9,9.29,0.18,1.46,0.258,10.5
5.0,1.5,2.5,3.0,0.6,1200,0.4,36,83.3,9.29,0.29,1.46,0.258,9.52
5.0,1.5,2.5,4.5,0.6,1200,0.4,36,83.3,9.29,0.29,1.46,0.258,9.52
5.0,0.7,2.5,3.0,0.4,7200,0.8,44,90.9,11.3,0.18,1.75,0.257,5.0
5.0,0.7,2.5,3.0,0.6,7200,0.8,44,90.9,11.3,0.18,1.75,0.257,5.0
5.0,0.7,2.5,3.0,0.8,7200,0.8,44,90.9,11.3,0.18,1.75,0.257,5.0
5.0,0.7,2.5,4.5,0.4,7200,0.8,44,90.9,11.3,0.18,1.75,0.257,5.0
5.0,0.7,2.5,4.5,0.6,7200,0.8,44,90.9,11.3,0.18,1.75,0.257,5.0
5.0,0.7,2.5,4.5,0.8,7200,0.8,44,90.9,11.3,0.18,1.75,0.257,5.0
3.0,1.0,2.5,3.0,0.4,1200,0.4,43,81.4,10.74,0.36,1.58,0.25,6.6
3.0,1.0,2.5,3.0,0.6,1200,0.4,43,81.4,10.74,0.36,1.58,0.25,6.6
3.0,1.0,2.5,3.0,0.8,1200,0.4,43,81.4,10.74,0.36,1.58,0.25,6.6
3.0,1.0,2.5,4.5,0.4,1200,0.4,43,81.4,10.74,0.36,1.58,0.25,6.6
3.0,1.0,2.5,4.5,0.6,1200,0.4,43,81.4,10.74,0.36,1.58,0.25,6.6
3.0,1.0,2.5,4.5,0.8,1200,0.4,43,81.4,10.74,0.36,1.58,0.25,6.6
2.0,0.7,2.5,3.0,0.4,2400,0.2,44,84.1,10.93,0.34,1.78,0.248,6.0
2.0,0.7,2.5,3.0,0.4,3600,0.2,44,84.1,10.93,0.34,1.78,0.248,6.0
2.0,0.7,2.5,3.0,0.4,7200,0.2,44,84.1,10.93,0.34,1.78,0.248,6.0
2.0,0.7,2.5,3.0,0.4,7200,0.4,44,84.1,10.93,0.34,1.78,0.248,6.0
2.0,0.7,2.5,3.0,0.4,14400,0.2,44,84.1,10.93,0.34,1.78,0.248,6.0
2.0,0.7,2.5,3.0,0.4,14400,0.4,44,84.1,10.93,0.34,1.78,0.248,6.0
2.0,0.7,2.5,3.0,0.4,,0.4,44,84.1,10.93,0.34,1.78,0.248,6.0
2.0,0.7,2.5,3.0,0.6,2400,0.2,44,84.1,10.93,0.34,1.78,0.248,6.0
2.0,0.7,2.5,3.0,0.6,3600,0.2,44,84.1,10.93,0.34,1.78,0.248,6.0
2.0,0.7,2.5,3.0,0.6,7200,0.2,44,84.1,10.93,0.34,1.78,0.248,6.0
2.0,0.7,2.5,3.0,0.6,7200,0.4,44,84.1,10.93,0.34,1.78,0.248,6.0
2.0,0.7,2.5,3.0,0.6,14400,0.2,44,84.1,10.93,0.34,1.78,0.248,6.0
2.0,0.7,2.5,3.0,0.6,14400,0.4,44,84.1,10.93,0.34,1.78,0.248,6.0
2.0,0.7,2.5,3.0,0.6,,0.4,44,84.1,10.93,0.34,1.78,0.248,6.0
2.0,0.7,2.5,3.0,0.8,2400,0.2,44,84.1,10.93,0.34,1.78,0.248,6.0
2.0,0.7,2.5,3.0,0.8,3600,0.2,44,84.1,10.93,0.34,1.78,0.248,6.0
2.0,0.7,2.5,3.0,0.8,7200,0.2,44,84.1,10.93,0.34,1.78,0.248,6.0
2.0,0.7,2.5,3.0,0.8,7200,0.4,44,84.1,10.93,0.34,1.78,0.248,6.0
2.0,0.7,2.5,3.0,0.8,14400,0.2,44,84.1,10.93,0.34,1.78,0.248,6.0
2.0,0.7,2.5,3.0,0.8,14400,0.4,44,84.1,10.93,0.34,1.78,0.248,6.0
2.0,0.7,2.5,3.0,0.8,,0.4,44,84.1,10.93,0.34,1.78,0.248,6.0
2.0,0.7,2.5,4.5,0.4,2400,0.2,44,84.1,10.93,0.34,1.78,0.248,6.0
2.0,0.7,2.5,4.5,0.4,3600,0.2,44,84.1,10.93,0.34,1.78,0.248,6.0
2.0,0.7,2.5,4.5,0.4,7200,0.2,44,84.1,10.93,0.34,1.78,0.248,6.0
2.0,0.7,2.5,4.5,0.4,7200,0.4,44,84.1,10.93,0.34,1.78,0.248,6.0
2.0,0.7,2.5,4.5,0.4,14400,0.2,44,84.1,10.93,0.34,1.78,0.248,6.0
2.0,0.7,2.5,4.5,0.4,14400,0.4,44,84.1,10.93,0.34,1.78,0.248,6.0
2.0,0.7,2.5,4.5,0.4,,0.4,44,84.1,10.93,0.34,1.78,0.248,6.0
2.0,0.7,2.5,4.5,0.6,2400,0.2,44,84.1,10.93,0.34,1.78,0.248,6.0
2.0,0.7,2.5,4.5,0.6,3600,0.2,44,84.1,10.93,0.34,1.78,0.248,6.0
2.0,0.7,2.5,4.5,0.6,7200,0.2,44,84.1,10.93,0.34,1.78,0.248,6.0
2.0,0.7,2.5,4.5,0.6,7200,0.4,44,84.1,10.93,0.34,1.78,0.248,6.0
2.0,0.7,2.5,4.5,0.6,14400,0.2,44,84.1,10.93,0.34,1.78,0.248,6.0
2.0,0.7,2.5,4.5,0.6,14400,0.4,44,84.1,10.93,0.34,1.78,0.248,6.0
2.0,0.7,2.5,4.5,0.6,,0.4,44,84.1,10.93,0.34,1.78,0.248,6.0
2.0,0.7,2.5,4.5,0.8,2400,0.2,44,84.1,10.93,0.34,1.78,0.248,6.0
2.0,0.7,2.5,4.5,0.8,3600,0.2,44,84.1,10.93,0.34,1.78,0.248,6.0
2.0,0.7,2.5,4.5,0.8,7200,0.2,44,84.1,10.93,0.34,1.78,0.248,6.0
2.0,0.7,2.5,4.5,0.8,7200,0.4,44,84.1,10.93,0.34,1.78,0.248,6.0
2.0,0.7,2.5,4.5,0.8,14400,0.2,44,84.1,10.93,0.34,1.78,0.248,6.0
2.0,0.7,2.5,4.5,0.8,14400,0.4,44,84.1,10.93,0.34,1.78,0.248,6.0
2.0,0.7,2.5,4.5,0.8,,0.4,44,84.1,10.93,0.34,1.78,0.248,6.0
5.0,1.0,2.5,3.0,0.4,14400,0.8,36,86.1,8.92,0.23,1.44,0.248,10.5
5.0,1.0,2.5,3.0,0.6,14400,0.8,36,86.1,8.92,0.23,1.44,0.248,10.5
5.0,1.0,2.5,3.0,0.8,14400,0.8,36,86.1,8.92,0.23,1.44,0.248,10.5
5.0,1.0,2.5,4.5,0.4,14400,0.8,36,86.1,8.92,0.23,1.44,0.248,10.5
5.0,1.0,2.5,4.5,0.6,14400,0.8,36,86.1,8.92,0.23,1.44,0.248,10.5
5.0,1.0,2.5,4.5,0.8,14400,0.8,36,86.1,8.92,0.23,1.44,0.248,10.5
2.0,0.7,2.5,3.0,0.4,3600,0.4,45,84.4,11.13,0.33,1.8,0.247,6.0
2.0,0.7,2.5,3.0,0.6,3600,0.4,45,84.4,11.13,0.33,1.8,0.247,6.0
2.0,0.7,2.5,3.0,0.8,3600,0.4,45,84.4,11.13,0.33,1.8,0.247,6.0
2.0,0.7,2.5,4.5,0.4,3600,0.4,45,84.4,11.13,0.33,1.8,0.247,6.0
2.0,0.7,2.5,4.5,0.6,3600,0.4,45,84.4,11.13,0.33,1.8,0.247,6.0
2.0,0.7,2.5,4.5,0.8,3600,0.4,45,84.4,11.13,0.33,1.8,0.247,6.0
3.0,0.7,2.5,3.0,0.4,3600,0.8,48,81.2,11.87,0.44,1.91,0.247,3.49
3.0,0.7,2.5,3.0,0.6,3600,0.8,48,81.2,11.87,0.44,1.91,0.247,3.49
3.0,0.7,2.5,3.0,0.8,3600,0.8,48,81.2,11.87,0.44,1.91,0.247,3.49
3.0,0.7,2.5,4.5,0.4,3600,0.8,48,81.2,11.87,0.44,1.91,0.247,3.49
3.0,0.7,2.5,4.5,0.6,3600,0.8,48,81.2,11.87,0.44,1.91,0.247,3.49
3.0,0.7,2.5,4.5,0.8,3600,0.8,48,81.2,11.87,0.44,1.91,0.247,3.49
2.0,0.7,2.5,3.0,0.4,2400,0.4,45,84.4,11.05,0.33,1.79,0.246,6.0
2.0,0.7,2.5,3.0,0.6,2400,0.4,45,84.4,11.05,0.33,1.79,0.246,6.0
2.0,0.7,2.5,3.0,0.8,2400,0.4,45,84.4,11.05,0.33,1.79,0.246,6.0
2.0,0.7,2.5,4.5,0.4,2400,0.4,45,84.4,11.05,0.33,1.79,0.246,6.0
2.0,0.7,2.5,4.5,0.6,2400,0.4,45,84.4,11.05,0.33,1.79,0.246,6.0
2.0,0.7,2.5,4.5,0.8,2400,0.4,45,84.4,11.05,0.33,1.79,0.246,6.0
5.0,1.0,1.5,3.0,0.4,7200,0.8,36,86.1,8.82,0.23,1.44,0.245,10.95
5.0,1.0,1.5,3.0,0.6,7200,0.8,36,86.1,8.82,0.23,1.44,0.245,10.95
5.0,1.0,1.5,3.0,0.8,7200,0.8,36,86.1,8.82,0.23,1.44,0.245,10.95
5.0,1.0,1.5,4.5,0.4,7200,0.8,36,86.1,8.82,0.23,1.44,0.245,10.95
5.0,1.0,1.5,4.5,0.6,7200,0.8,36,86.1,8.82,0.23,1.44,0.245,10.95
5.0,1.0,1.5,4.5,0.8,7200,0.8,36,86.1,8.82,0.23,1.44,0.245,10.95
2.0,0.7,2.5,3.0,0.4,1200,0.2,45,84.4,10.97,0.33,1.78,0.244,6.0
2.0,0.7,2.5,3.0,0.6,1200,0.2,45,84.4,10.97,0.33,1.78,0.244,6.0
2.0,0.7,2.5,3.0,0.8,1200,0.2,45,84.4,10.97,0.33,1.78,0.244,6.0
2.0,0.7,2.5,4.5,0.4,1200,0.2,45,84.4,10.97,0.33,1.78,0.244,6.0
2.0,0.7,2.5,4.5,0.6,1200,0.2,45,84.4,10.97,0.33,1.78,0.244,6.0
2.0,0.7,2.5,4.5,0.8,1200,0.2,45,84.4,10.97,0.33,1.78,0.244,6.0
4.0,1.0,1.5,3.0,0.4,1200,0.4,42,83.3,10.24,0.3,1.5,0.244,8.4
4.0,1.0,1.5,3.0,0.6,1200,0.4,42,83.3,10.24,0.3,1.5,0.244,8.4
4.0,1.0,1.5,3.0,0.8,1200,0.4,42,83.3,10.24,0.3,1.5,0.244,8.4
4.0,1.0,1.5,4.5,0.4,1200,0.4,42,83.3,10.24,0.3,1.5,0.244,8.4
4.0,1.0,1.5,4.5,0.6,1200,0.4,42,83.3,10.24,0.3,1.5,0.244,8.4
4.0,1.0,1.5,4.5,0.8,1200,0.4,42,83.3,10.24,0.3,1.5,0.244,8.4
2.0,0.7,1.5,3.0,0.4,7200,0.8,45,82.2,10.95,0.38,1.78,0.243,6.0
2.0,0.7,1.5,3.0,0.6,7200,0.8,45,82.2,10.95,0.38,1.78,0.243,6.0
2.0,0.7,1.5,3.0,0.8,7200,0.8,45,82.2,10.95,0.38,1.78,0.243,6.0
2.0,0.7,1.5,4.5,0.4,7200,0.8,45,82.2,10.95,0.38,1.78,0.243,6.0
2.0,0.7,1.5,4.5,0.6,7200,0.8,45,82.2,10.95,0.38,1.78,0.243,6.0
2.0,0.7,1.5,4.5,0.8,7200,0.8,45,82.2,10.95,0.38,1.78,0.243,6.0
5.0,1.5,2.5,3.0,0.8,1200,0.4,36,83.3,8.75,0.29,1.43,0.243,9.05
5.0,1.5,2.5,4.5,0.8,1200,0.4,36,83.3,8.75,0.29,1.43,0.243,9.05
2.0,0.7,2.5,3.0,0.4,14400,0.8,45,82.2,10.6,0.38,1.74,0.236,6.0
2.0,0.7,2.5,3.0,0.6,14400,0.8,45,82.2,10.6,0.38,1.74,0.236,6.0
2.0,0.7,2.5,3.0,0.8,14400,0.8,45,82.2,10.6,0.38,1.74,0.236,6.0
2.0,0.7,2.5,4.5,0.4,14400,0.8,45,82.2,10.6,0.38,1.74,0.236,6.0
2.0,0.7,2.5,4.5,0.6,14400,0.8,45,82.2,10.6,0.38,1.74,0.236,6.0
2.0,0.7,2.5,4.5,0.8,14400,0.8,45,82.2,10.6,0.38,1.74,0.236,6.0
3.0,1.0,1.5,3.0,0.4,3600,0.8,44,75.0,10.37,0.51,1.54,0.236,6.6
3.0,1.0,1.5,3.0,0.6,3600,0.8,44,75.0,10.37,0.51,1.54,0.236,6.6
3.0,1.0,1.5,3.0,0.8,3600,0.8,44,75.0,10.37,0.51,1.54,0.236,6.6
3.0,1.0,1.5,4.5,0.4,3600,0.8,44,75.0,10.37,0.51,1.54,0.236,6.6
3.0,1.0,1.5,4.5,0.6,3600,0.8,44,75.0,10.37,0.51,1.54,0.236,6.6
3.0,1.0,1.5,4.5,0.8,3600,0.8,44,75.0,10.37,0.51,1.54,0.236,6.6
2.0,0.7,2.5,3.0,0.4,7200,0.8,45,82.2,10.41,0.38,1.74,0.231,6.0
2.0,0.7,2.5,3.0,0.6,7200,0.8,45,82.2,10.41,0.38,1.74,0.231,6.0
2.0,0.7,2.5,3.0,0.8,7200,0.8,45,82.2,10.41,0.38,1.74,0.231,6.0
2.0,0.7,2.5,4.5,0.4,7200,0.8,45,82.2,10.41,0.38,1.74,0.231,6.0
2.0,0.7,2.5,4.5,0.6,7200,0.8,45,82.2,10.41,0.38,1.74,0.231,6.0
2.0,0.7,2.5,4.5,0.8,7200,0.8,45,82.2,10.41,0.38,1.74,0.231,6.0
2.0,1.5,2.5,3.0,0.4,2400,0.8,46,65.2,10.63,0.84,1.57,0.231,7.32
2.0,1.5,2.5,4.5,0.4,2400,0.8,46,65.2,10.63,0.84,1.57,0.231,7.32
5.0,0.7,1.5,3.0,0.4,1200,0.4,45,88.9,10.32,0.21,1.67,0.229,5.0
5.0,0.7,1.5,3.0,0.6,1200,0.4,45,88.9,10.32,0.21,1.67,0.229,5.0
5.0,0.7,1.5,3.0,0.8,1200,0.4,45,88.9,10.32,0.21,1.67,0.229,5.0
5.0,0.7,1.5,4.5,0.4,1200,0.4,45,88.9,10.32,0.21,1.67,0.229,5.0
5.0,0.7,1.5,4.5,0.6,1200,0.4,45,88.9,10.32,0.21,1.67,0.229,5.0
5.0,0.7,1.5,4.5,0.8,1200,0.4,45,88.9,10.32,0.21,1.67,0.229,5.0
3.0,1.0,2.5,3.0,0.4,3600,0.8,44,75.0,9.92,0.51,1.52,0.225,6.6
3.0,1.0,2.5,3.0,0.6,3600,0.8,44,75.0,9.92,0.51,1.52,0.225,6.6
3.0,1.0,2.5,3.0,0.8,3600,0.8,44,75.0,9.92,0.51,1.52,0.225,6.6
3.0,1.0,2.5,4.5,0.4,3600,0.8,44,75.0,9.92,0.51,1.52,0.225,6.6
3.0,1.0,2.5,4.5,0.6,3600,0.8,44,75.0,9.92,0.51,1.52,0.225,6.6
3.0,1.0,2.5,4.5,0.8,3600,0.8,44,75.0,9.92,0.51,1.52,0.225,6.6
4.0,1.0,2.5,3.0,0.4,1200,0.4,42,83.3,9.34,0.29,1.46,0.222,8.4
4.0,1.0,2.5,3.0,0.6,1200,0.4,42,83.3,9.34,0.29,1.46,0.222,8.4
4.0,1.0,2.5,3.0,0.8,1200,0.4,42,83.3,9.34,0.29,1.46,0.222,8.4
4.0,1.0,2.5,4.5,0.4,1200,0.4,42,83.3,9.34,0.29,1.46,0.222,8.4
4.0,1.0,2.5,4.5,0.6,1200,0.4,42,83.3,9.34,0.29,1.46,0.222,8.4
4.0,1.0,2.5,4.5,0.8,1200,0.4,42,83.3,9.34,0.29,1.46,0.222,8.4
2.0,1.5,2.5,3.0,0.6,2400,0.8,46,65.2,10.1,0.82,1.54,0.22,7.52
2.0,1.5,2.5,4.5,0.6,2400,0.8,46,65.2,10.1,0.82,1.54,0.22,7.52
5.0,1.0,2.5,3.0,0.4,7200,0.8,36,86.1,7.92,0.23,1.4,0.22,10.95
5.0,1.0,2.5,3.0,0.6,7200,0.8,36,86.1,7.92,0.23,1.4,0.22,10.95
5.0,1.0,2.5,3.0,0.8,7200,0.8,36,86.1,7.92,0.23,1.4,0.22,10.95
5.0,1.0,2.5,4.5,0.4,7200,0.8,36,86.1,7.92,0.23,1.4,0.22,10.95
5.0,1.0,2.5,4.5,0.6,7200,0.8,36,86.1,7.92,0.23,1.4,0.22,10.95
5.0,1.0,2.5,4.5,0.8,7200,0.8,36,86.1,7.92,0.23,1.4,0.22,10.95
4.0,1.0,1.5,3.0,0.4,3600,0.8,44,77.3,9.27,0.42,1.44,0.211,8.4
4.0,1.0,1.5,3.0,0.6,3600,0.8,44,77.3,9.27,0.42,1.44,0.211,8.4
4.0,1.0,1.5,3.0,0.8,3600,0.8,44,77.3,9.27,0.42,1.44,0.211,8.4
4.0,1.0,1.5,4.5,0.4,3600,0.8,44,77.3,9.27,0.42,1.44,0.211,8.4
4.0,1.0,1.5,4.5,0.6,3600,0.8,44,77.3,9.27,0.42,1.44,0.211,8.4
4.0,1.0,1.5,4.5,0.8,3600,0.8,44,77.3,9.27,0.42,1.44,0.211,8.4
2.0,1.0,1.5,3.0,0.4,1200,0.4,43,74.4,8.94,0.51,1.49,0.208,8.4
2.0,1.0,1.5,3.0,0.6,1200,0.4,43,74.4,8.94,0.51,1.49,0.208,8.4
2.0,1.0,1.5,3.0,0.8,1200,0.4,43,74.4,8.94,0.51,1.49,0.208,8.4
2.0,1.0,1.5,4.5,0.4,1200,0.4,43,74.4,8.94,0.51,1.49,0.208,8.4
2.0,1.0,1.5,4.5,0.6,1200,0.4,43,74.4,8.94,0.51,1.49,0.208,8.4
2.0,1.0,1.5,4.5,0.8,1200,0.4,43,74.4,8.94,0.51,1.49,0.208,8.4
2.0,1.5,2.5,3.0,0.8,2400,0.8,46,65.2,9.57,0.81,1.51,0.208,7.72
2.0,1.5,2.5,4.5,0.8,2400,0.8,46,65.2,9.57,0.81,1.51,0.208,7.72
2.0,0.7,1.5,3.0,0.4,1200,0.4,46,80.4,9.43,0.4,1.66,0.205,6.0
2.0,0.7,1.5,3.0,0.6,1200,0.4,46,80.4,9.43,0.4,1.66,0.205,6.0
2.0,0.7,1.5,3.0,0.8,1200,0.4,46,80.4,9.43,0.4,1.66,0.205,6.0
2.0,0.7,1.5,4.5,0.4,1200,0.4,46,80.4,9.43,0.4,1.66,0.205,6.0
2.0,0.7,1.5,4.5,0.6,1200,0.4,46,80.4,9.43,0.4,1.66,0.205,6.0
2.0,0.7,1.5,4.5,0.8,1200,0.4,46,80.4,9.43,0.4,1.66,0.205,6.0
5.0,0.7,2.5,3.0,0.4,1200,0.4,45,88.9,9.06,0.2,1.59,0.201,5.0
5.0,0.7,2.5,3.0,0.6,1200,0.4,45,88.9,9.06,0.2,1.59,0.201,5.0
5.0,0.7,2.5,3.0,0.8,1200,0.4,45,88.9,9.06,0.2,1.59,0.201,5.0
5.0,0.7,2.5,4.5,0.4,1200,0.4,45,88.9,9.06,0.2,1.59,0.201,5.0
5.0,0.7,2.5,4.5,0.6,1200,0.4,45,88.9,9.06,0.2,1.59,0.201,5.0
5.0,0.7,2.5,4.5,0.8,1200,0.4,45,88.9,9.06,0.2,1.59,0.201,5.0
4.0,1.0,2.5,3.0,0.4,3600,0.8,44,77.3,8.82,0.42,1.42,0.2,8.4
4.0,1.0,2.5,3.0,0.6,3600,0.8,44,77.3,8.82,0.42,1.42,0.2,8.4
4.0,1.0,2.5,3.0,0.8,3600,0.8,44,77.3,8.82,0.42,1.42,0.2,8.4
4.0,1.0,2.5,4.5,0.4,3600,0.8,44,77.3,8.82,0.42,1.42,0.2,8.4
4.0,1.0,2.5,4.5,0.6,3600,0.8,44,77.3,8.82,0.42,1.42,0.2,8.4
4.0,1.0,2.5,4.5,0.8,3600,0.8,44,77.3,8.82,0.42,1.42,0.2,8.4
5.0,0.7,1.5,3.0,0.4,3600,0.8,44,84.1,8.52,0.29,1.54,0.194,5.49
5.0,0.7,1.5,3.0,0.6,3600,0.8,44,84.1,8.52,0.29,1.54,0.194,5.49
5.0,0.7,1.5,3.0,0.8,3600,0.8,44,84.1,8.52,0.29,1.54,0.194,5.49
5.0,0.7,1.5,4.5,0.4,3600,0.8,44,84.1,8.52,0.29,1.54,0.194,5.49
5.0,0.7,1.5,4.5,0.6,3600,0.8,44,84.1,8.52,0.29,1.54,0.194,5.49
5.0,0.7,1.5,4.5,0.8,3600,0.8,44,84.1,8.52,0.29,1.54,0.194,5.49
4.0,0.7,2.5,3.0,0.4,2400,0.8,49,79.6,9.26,0.42,1.66,0.189,4.43
4.0,0.7,2.5,3.0,0.6,2400,0.8,49,79.6,9.26,0.42,1.66,0.189,4.43
4.0,0.7,2.5,3.0,0.8,2400,0.8,49,79.6,9.26,0.42,1.66,0.189,4.43
4.0,0.7,2.5,4.5,0.4,2400,0.8,49,79.6,9.26,0.42,1.66,0.189,4.43
4.0,0.7,2.5,4.5,0.6,2400,0.8,49,79.6,9.26,0.42,1.66,0.189,4.43
4.0,0.7,2.5,4.5,0.8,2400,0.8,49,79.6,9.26,0.42,1.66,0.189,4.43
2.0,1.0,2.5,3.0,0.4,1200,0.4,43,74.4,8.04,0.49,1.44,0.187,8.4
2.0,1.0,2.5,3.0,0.6,1200,0.4,43,74.4,8.04,0.49,1.44,0.187,8.4
2.0,1.0,2.5,3.0,0.8,1200,0.4,43,74.4,8.04,0.49,1.44,0.187,8.4
2.0,1.0,2.5,4.5,0.4,1200,0.4,43,74.4,8.04,0.49,1.44,0.187,8.4
2.0,1.0,2.5,4.5,0.6,1200,0.4,43,74.4,8.04,0.49,1.44,0.187,8.4
2.0,1.0,2.5,4.5,0.8,1200,0.4,43,74.4,8.04,0.49,1.44,0.187,8.4
5.0,1.5,2.5,3.0,0.4,1200,0.8,43,67.4,8.0,0.77,1.6,0.186,6.07
5.0,1.5,2.5,4.5,0.4,1200,0.8,43,67.4,8.0,0.77,1.6,0.186,6.07
4.0,0.7,1.5,3.0,0.4,2400,0.8,49,79.6,9.08,0.42,1.64,0.185,4.43
4.0,0.7,1.5,3.0,0.6,2400,0.8,49,79.6,9.08,0.42,1.64,0.185,4.43
4.0,0.7,1.5,3.0,0.8,2400,0.8,49,79.6,9.08,0.42,1.64,0.185,4.43
4.0,0.7,1.5,4.5,0.4,2400,0.8,49,79.6,9.08,0.42,1.64,0.185,4.43
4.0,0.7,1.5,4.5,0.6,2400,0.8,49,79.6,9.08,0.42,1.64,0.185,4.43
4.0,0.7,1.5,4.5,0.8,2400,0.8,49,79.6,9.08,0.42,1.64,0.185,4.43
3.0,1.0,2.5,3.0,0.4,2400,0.8,47,72.3,8.61,0.57,1.49,0.183,6.2
3.0,1.0,2.5,3.0,0.6,2400,0.8,47,72.3,8.61,0.57,1.49,0.183,6.2
3.0,1.0,2.5,3.0,0.8,2400,0.8,47,72.3,8.61,0.57,1.49,0.183,6.2
3.0,1.0,2.5,4.5,0.4,2400,0.8,47,72.3,8.61,0.57,1.49,0.183,6.2
3.0,1.0,2.5,4.5,0.6,2400,0.8,47,72.3,8.61,0.57,1.49,0.183,6.2
3.0,1.0,2.5,4.5,0.8,2400,0.8,47,72.3,8.61,0.57,1.49,0.183,6.2
4.0,1.0,2.5,3.0,0.4,2400,0.8,46,73.9,8.41,0.51,1.45,0.183,7.1
4.0,1.0,2.5,3.0,0.6,2400,0.8,46,73.9,8.41,0.51,1.45,0.183,7.1
4.0,1.0,2.5,3.0,0.8,2400,0.8,46,73.9,8.41,0.51,1.45,0.183,7.1
4.0,1.0,2.5,4.5,0.4,2400,0.8,46,73.9,8.41,0.51,1.45,0.183,7.1
4.0,1.0,2.5,4.5,0.6,2400,0.8,46,73.9,8.41,0.51,1.45,0.183,7.1
4.0,1.0,2.5,4.5,0.8,2400,0.8,46,73.9,8.41,0.51,1.45,0.183,7.1
5.0,0.7,2.5,3.0,0.4,3600,0.8,44,84.1,7.98,0.29,1.51,0.181,5.49
5.0,0.7,2.5,3.0,0.6,3600,0.8,44,84.1,7.98,0.29,1.51,0.181,5.49
5.0,0.7,2.5,3.0,0.8,3600,0.8,44,84.1,7.98,0.29,1.51,0.181,5.49
5.0,0.7,2.5,4.5,0.4,3600,0.8,44,84.1,7.98,0.29,1.51,0.181,5.49
5.0,0.7,2.5,4.5,0.6,3600,0.8,44,84.1,7.98,0.29,1.51,0.181,5.49
5.0,0.7,2.5,4.5,0.8,3600,0.8,44,84.1,7.98,0.29,1.51,0.181,5.49
5.0,1.5,2.5,3.0,0.8,1200,0.8,43,67.4,7.77,0.76,1.58,0.181,6.07
5.0,1.5,2.5,4.5,0.8,1200,0.8,43,67.4,7.77,0.76,1.58,0.181,6.07
2.0,0.7,2.5,3.0,0.4,1200,0.4,46,80.4,8.17,0.38,1.57,0.178,6.0
2.0,0.7,2.5,3.0,0.6,1200,0.4,46,80.4,8.17,0.38,1.57,0.178,6.0
2.0,0.7,2.5,3.0,0.8,1200,0.4,46,80.4,8.17,0.38,1.57,0.178,6.0
2.0,0.7,2.5,4.5,0.4,1200,0.4,46,80.4,8.17,0.38,1.57,0.178,6.0
2.0,0.7,2.5,4.5,0.6,1200,0.4,46,80.4,8.17,0.38,1.57,0.178,6.0
2.0,0.7,2.5,4.5,0.8,1200,0.4,46,80.4,8.17,0.38,1.57,0.178,6.0
3.0,0.7,2.5,3.0,0.4,2400,0.8,49,77.6,8.63,0.47,1.61,0.176,3.43
3.0,0.7,2.5,3.0,0.6,2400,0.8,49,77.6,8.63,0.47,1.61,0.176,3.43
3.0,0.7,2.5,3.0,0.8,2400,0.8,49,77.6,8.63,0.47,1.61,0.176,3.43
3.0,0.7,2.5,4.5,0.4,2400,0.8,49,77.6,8.63,0.47,1.61,0.176,3.43
3.0,0.7,2.5,4.5,0.6,2400,0.8,49,77.6,8.63,0.47,1.61,0.176,3.43
3.0,0.7,2.5,4.5,0.8,2400,0.8,49,77.6,8.63,0.47,1.61,0.176,3.43
5.0,1.0,2.5,3.0,0.4,2400,0.8,41,75.6,7.19,0.46,1.42,0.175,5.43
5.0,1.0,2.5,3.0,0.6,2400,0.8,41,75.6,7.19,0.46,1.42,0.175,5.43
5.0,1.0,2.5,3.0,0.8,2400,0.8,41,75.6,7.19,0.46,1.42,0.175,5.43
5.0,1.0,2.5,4.5,0.4,2400,0.8,41,75.6,7.19,0.46,1.42,0.175,5.43
5.0,1.0,2.5,4.5,0.6,2400,0.8,41,75.6,7.19,0.46,1.42,0.175,5.43
5.0,1.0,2.5,4.5,0.8,2400,0.8,41,75.6,7.19,0.46,1.42,0.175,5.43
2.0,1.0,1.5,3.0,0.4,3600,0.8,44,68.2,7.67,0.65,1.4,0.174,8.56
2.0,1.0,1.5,3.0,0.6,3600,0.8,44,68.2,7.67,0.65,1.4,0.174,8.56
2.0,1.0,1.5,3.0,0.8,3600,0.8,44,68.2,7.67,0.65,1.4,0.174,8.56
2.0,1.0,1.5,4.5,0.4,3600,0.8,44,68.2,7.67,0.65,1.4,0.174,8.56
2.0,1.0,1.5,4.5,0.6,3600,0.8,44,68.2,7.67,0.65,1.4,0.174,8.56
2.0,1.0,1.5,4.5,0.8,3600,0.8,44,68.2,7.67,0.65,1.4,0.174,8.56
3.0,1.0,1.5,3.0,0.4,2400,0.8,47,72.3,8.16,0.56,1.46,0.174,6.2
3.0,1.0,1.5,3.0,0.6,2400,0.8,47,72.3,8.16,0.56,1.46,0.174,6.2
3.0,1.0,1.5,3.0,0.8,2400,0.8,47,72.3,8.16,0.56,1.46,0.174,6.2
3.0,1.0,1.5,4.5,0.4,2400,0.8,47,72.3,8.16,0.56,1.46,0.174,6.2
3.0,1.0,1.5,4.5,0.6,2400,0.8,47,72.3,8.16,0.56,1.46,0.174,6.2
3.0,1.0,1.5,4.5,0.8,2400,0.8,47,72.3,8.16,0.56,1.46,0.174,6.2
4.0,1.0,1.5,3.0,0.4,2400,0.8,46,73.9,7.96,0.5,1.43,0.173,7.1
4.0,1.0,1.5,3.0,0.6,2400,0.8,46,73.9,7.96,0.5,1.43,0.173,7.1
4.0,1.0,1.5,3.0,0.8,2400,0.8,46,73.9,7.96,0.5,1.43,0.173,7.1
4.0,1.0,1.5,4.5,0.4,2400,0.8,46,73.9,7.96,0.5,1.43,0.173,7.1
4.0,1.0,1.5,4.5,0.6,2400,0.8,46,73.9,7.96,0.5,1.43,0.173,7.1
4.0,1.0,1.5,4.5,0.8,2400,0.8,46,73.9,7.96,0.5,1.43,0.173,7.1
3.0,0.7,1.5,3.0,0.4,2400,0.8,49,77.6,8.45,0.46,1.6,0.172,3.43
3.0,0.7,1.5,3.0,0.6,2400,0.8,49,77.6,8.45,0.46,1.6,0.172,3.43
3.0,0.7,1.5,3.0,0.8,2400,0.8,49,77.6,8.45,0.46,1.6,0.172,3.43
3.0,0.7,1.5,4.5,0.4,2400,0.8,49,77.6,8.45,0.46,1.6,0.172,3.43
3.0,0.7,1.5,4.5,0.6,2400,0.8,49,77.6,8.45,0.46,1.6,0.172,3.43
3.0,0.7,1.5,4.5,0.8,2400,0.8,49,77.6,8.45,0.46,1.6,0.172,3.43
5.0,1.5,2.5,3.0,0.6,1200,0.8,43,67.4,7.31,0.75,1.55,0.17,6.07
5.0,1.5,2.5,4.5,0.6,1200,0.8,43,67.4,7.31,0.75,1.55,0.17,6.07
2.0,0.7,1.5,3.0,0.4,3600,0.8,47,74.5,7.89,0.52,1.52,0.168,6.0
2.0,0.7,1.5,3.0,0.6,3600,0.8,47,74.5,7.89,0.52,1.52,0.168,6.0
2.0,0.7,1.5,3.0,0.8,3600,0.8,47,74.5,7.89,0.52,1.52,0.168,6.0
2.0,0.7,1.5,4.5,0.4,3600,0.8,47,74.5,7.89,0.52,1.52,0.168,6.0
2.0,0.7,1.5,4.5,0.6,3600,0.8,47,74.5,7.89,0.52,1.52,0.168,6.0
2.0,0.7,1.5,4.5,0.8,3600,0.8,47,74.5,7.89,0.52,1.52,0.168,6.0
2.0,1.0,2.5,3.0,0.4,3600,0.8,44,68.2,7.22,0.64,1.38,0.164,8.56
2.0,1.0,2.5,3.0,0.6,3600,0.8,44,68.2,7.22,0.64,1.38,0.164,8.56
2.0,1.0,2.5,3.0,0.8,3600,0.8,44,68.2,7.22,0.64,1.38,0.164,8.56
2.0,1.0,2.5,4.5,0.4,3600,0.8,44,68.2,7.22,0.64,1.38,0.164,8.56
2.0,1.0,2.5,4.5,0.6,3600,0.8,44,68.2,7.22,0.64,1.38,0.164,8.56
2.0,1.0,2.5,4.5,0.8,3600,0.8,44,68.2,7.22,0.64,1.38,0.164,8.56
5.0,1.0,1.5,3.0,0.4,2400,0.8,41,75.6,6.74,0.45,1.39,0.164,5.43
5.0,1.0,1.5,3.0,0.6,2400,0.8,41,75.6,6.74,0.45,1.39,0.164,5.43
5.0,1.0,1.5,3.0,0.8,2400,0.8,41,75.6,6.74,0.45,1.39,0.164,5.43
5.0,1.0,1.5,4.5,0.4,2400,0.8,41,75.6,6.74,0.45,1.39,0.164,5.43
5.0,1.0,1.5,4.5,0.6,2400,0.8,41,75.6,6.74,0.45,1.39,0.164,5.43
5.0,1.0,1.5,4.5,0.8,2400,0.8,41,75.6,6.74,0.45,1.39,0.164,5.43
4.0,1.5,2.5,3.0,0.4,1200,0.8,48,66.7,7.7,0.74,1.49,0.16,7.97
4.0,1.5,2.5,4.5,0.4,1200,0.8,48,66.7,7.7,0.74,1.49,0.16,7.97
5.0,1.0,1.5,3.0,0.4,1200,0.4,36,83.3,5.74,0.26,1.28,0.159,10.05
5.0,1.0,1.5,3.0,0.6,1200,0.4,36,83.3,5.74,0.26,1.28,0.159,10.05
5.0,1.0,1.5,3.0,0.8,1200,0.4,36,83.3,5.74,0.26,1.28,0.159,10.05
5.0,1.0,1.5,4.5,0.4,1200,0.4,36,83.3,5.74,0.26,1.28,0.159,10.05
5.0,1.0,1.5,4.5,0.6,1200,0.4,36,83.3,5.74,0.26,1.28,0.159,10.05
5.0,1.0,1.5,4.5,0.8,1200,0.4,36,83.3,5.74,0.26,1.28,0.159,10.05
2.0,0.7,2.5,3.0,0.4,3600,0.8,47,74.5,7.35,0.51,1.49,0.156,6.0
2.0,0.7,2.5,3.0,0.6,3600,0.8,47,74.5,7.35,0.51,1.49,0.156,6.0
2.0,0.7,2.5,3.0,0.8,3600,0.8,47,74.5,7.35,0.51,1.49,0.156,6.0
2.0,0.7,2.5,4.5,0.4,3600,0.8,47,74.5,7.35,0.51,1.49,0.156,6.0
2.0,0.7,2.5,4.5,0.6,3600,0.8,47,74.5,7.35,0.51,1.49,0.156,6.0
2.0,0.7,2.5,4.5,0.8,3600,0.8,47,74.5,7.35,0.51,1.49,0.156,6.0
4.0,0.7,2.5,3.0,0.4,1200,0.8,51,72.5,7.74,0.63,1.66,0.152,4.89
4.0,0.7,2.5,3.0,0.6,1200,0.8,51,72.5,7.74,0.63,1.66,0.152,4.89
4.0,0.7,2.5,3.0,0.8,1200,0.8,51,72.5,7.74,0.63,1.66,0.152,4.89
4.0,0.7,2.5,4.5,0.4,1200,0.8,51,72.5,7.74,0.63,1.66,0.152,4.89
4.0,0.7,2.5,4.5,0.6,1200,0.8,51,72.5,7.74,0.63,1.66,0.152,4.89
4.0,0.7,2.5,4.5,0.8,1200,0.8,51,72.5,7.74,0.63,1.66,0.152,4.89
4.0,0.7,1.5,3.0,0.4,1200,0.8,51,72.5,7.56,0.62,1.65,0.148,4.89
4.0,0.7,1.5,3.0,0.6,1200,0.8,51,72.5,7.56,0.62,1.65,0.148,4.89
4.0,0.7,1.5,3.0,0.8,1200,0.8,51,72.5,7.56,0.62,1.65,0.148,4.89
4.0,0.7,1.5,4.5,0.4,1200,0.8,51,72.5,7.56,0.62,1.65,0.148,4.89
4.0,0.7,1.5,4.5,0.6,1200,0.8,51,72.5,7.56,0.62,1.65,0.148,4.89
4.0,0.7,1.5,4.5,0.8,1200,0.8,51,72.5,7.56,0.62,1.65,0.148,4.89
4.0,1.5,2.5,3.0,0.8,1200,0.8,48,66.7,7.07,0.72,1.45,0.147,7.97
4.0,1.5,2.5,4.5,0.8,1200,0.8,48,66.7,7.07,0.72,1.45,0.147,7.97
4.0,1.5,2.5,3.0,0.6,1200,0.8,48,66.7,6.81,0.72,1.43,0.142,7.97
4.0,1.5,2.5,4.5,0.6,1200,0.8,48,66.7,6.81,0.72,1.43,0.142,7.97
3.0,1.5,2.5,3.0,0.4,1200,0.8,49,63.3,6.88,0.83,1.43,0.14,6.07
3.0,1.5,2.5,4.5,0.4,1200,0.8,49,63.3,6.88,0.83,1.43,0.14,6.07
5.0,1.0,2.5,3.0,0.4,1200,0.4,36,83.3,4.84,0.25,1.24,0.134,10.5
5.0,1.0,2.5,3.0,0.6,1200,0.4,36,83.3,4.84,0.25,1.24,0.134,10.5
5.0,1.0,2.5,3.0,0.8,1200,0.4,36,83.3,4.84,0.25,1.24,0.134,10.5
5.0,1.0,2.5,4.5,0.4,1200,0.4,36,83.3,4.84,0.25,1.24,0.134,10.5
5.0,1.0,2.5,4.5,0.6,1200,0.4,36,83.3,4.84,0.25,1.24,0.134,10.5
5.0,1.0,2.5,4.5,0.8,1200,0.4,36,83.3,4.84,0.25,1.24,0.134,10.5
3.0,1.5,2.5,3.0,0.6,1200,0.8,49,63.3,6.19,0.81,1.39,0.126,6.07
3.0,1.5,2.5,4.5,0.6,1200,0.8,49,63.3,6.19,0.81,1.39,0.126,6.07
3.0,0.7,2.5,3.0,0.4,1200,0.8,51,70.6,6.11,0.62,1.48,0.12,3.89
3.0,0.7,2.5,3.0,0.6,1200,0.8,51,70.6,6.11,0.62,1.48,0.12,3.89
3.0,0.7,2.5,3.0,0.8,1200,0.8,51,70.6,6.11,0.62,1.48,0.12,3.89
3.0,0.7,2.5,4.5,0.4,1200,0.8,51,70.6,6.11,0.62,1.48,0.12,3.89
3.0,0.7,2.5,4.5,0.6,1200,0.8,51,70.6,6.11,0.62,1.48,0.12,3.89
3.0,0.7,2.5,4.5,0.8,1200,0.8,51,70.6,6.11,0.62,1.48,0.12,3.89
3.0,1.5,2.5,3.0,0.8,1200,0.8,49,63.3,5.86,0.79,1.37,0.12,6.26
3.0,1.5,2.5,4.5,0.8,1200,0.8,49,63.3,5.86,0.79,1.37,0.12,6.26
5.0,1.0,1.5,3.0,0.4,3600,0.8,36,77.8,4.24,0.34,1.2,0.118,12.06
5.0,1.0,1.5,3.0,0.6,3600,0.8,36,77.8,4.24,0.34,1.2,0.118,12.06
5.0,1.0,1.5,3.0,0.8,3600,0.8,36,77.8,4.24,0.34,1.2,0.118,12.06
5.0,1.0,1.5,4.5,0.4,3600,0.8,36,77.8,4.24,0.34,1.2,0.118,12.06
5.0,1.0,1.5,4.5,0.6,3600,0.8,36,77.8,4.24,0.34,1.2,0.118,12.06
5.0,1.0,1.5,4.5,0.8,3600,0.8,36,77.8,4.24,0.34,1.2,0.118,12.06
3.0,0.7,1.5,3.0,0.4,1200,0.8,51,70.6,5.93,0.61,1.47,0.116,3.89
3.0,0.7,1.5,3.0,0.6,1200,0.8,51,70.6,5.93,0.61,1.47,0.116,3.89
3.0,0.7,1.5,3.0,0.8,1200,0.8,51,70.6,5.93,0.61,1.47,0.116,3.89
3.0,0.7,1.5,4.5,0.4,1200,0.8,51,70.6,5.93,0.61,1.47,0.116,3.89
3.0,0.7,1.5,4.5,0.6,1200,0.8,51,70.6,5.93,0.61,1.47,0.116,3.89
3.0,0.7,1.5,4.5,0.8,1200,0.8,51,70.6,5.93,0.61,1.47,0.116,3.89
5.0,1.0,2.5,3.0,0.4,1200,0.8,43,67.4,4.7,0.65,1.35,0.109,6.42
5.0,1.0,2.5,3.0,0.6,1200,0.8,43,67.4,4.7,0.65,1.35,0.109,6.42
5.0,1.0,2.5,3.0,0.8,1200,0.8,43,67.4,4.7,0.65,1.35,0.109,6.42
5.0,1.0,2.5,4.5,0.4,1200,0.8,43,67.4,4.7,0.65,1.35,0.109,6.42
5.0,1.0,2.5,4.5,0.6,1200,0.8,43,67.4,4.7,0.65,1.35,0.109,6.42
5.0,1.0,2.5,4.5,0.8,1200,0.8,43,67.4,4.7,0.65,1.35,0.109,6.42
5.0,0.7,2.5,3.0,0.4,2400,0.8,45,80.0,4.85,0.32,1.29,0.108,6.23
5.0,0.7,2.5,3.0,0.6,2400,0.8,45,80.0,4.85,0.32,1.29,0.108,6.23
5.0,0.7,2.5,3.0,0.8,2400,0.8,45,80.0,4.85,0.32,1.29,0.108,6.23
5.0,0.7,2.5,4.5,0.4,2400,0.8,45,80.0,4.85,0.32,1.29,0.108,6.23
5.0,0.7,2.5,4.5,0.6,2400,0.8,45,80.0,4.85,0.32,1.29,0.108,6.23
5.0,0.7,2.5,4.5,0.8,2400,0.8,45,80.0,4.85,0.32,1.29,0.108,6.23
2.0,1.0,2.5,3.0,0.4,2400,0.8,46,65.2,4.81,0.67,1.26,0.105,7.3
2.0,1.0,2.5,3.0,0.6,2400,0.8,46,65.2,4.81,0.67,1.26,0.105,7.3
2.0,1.0,2.5,3.0,0.8,2400,0.8,46,65.2,4.81,0.67,1.26,0.105,7.3
2.0,1.0,2.5,4.5,0.4,2400,0.8,46,65.2,4.81,0.67,1.26,0.105,7.3
2.0,1.0,2.5,4.5,0.6,2400,0.8,46,65.2,4.81,0.67,1.26,0.105,7.3
2.0,1.0,2.5,4.5,0.8,2400,0.8,46,65.2,4.81,0.67,1.26,0.105,7.3
5.0,1.0,2.5,3.0,0.4,3600,0.8,36,77.8,3.79,0.34,1.18,0.105,12.06
5.0,1.0,2.5,3.0,0.6,3600,0.8,36,77.8,3.79,0.34,1.18,0.105,12.06
5.0,1.0,2.5,3.0,0.8,3600,0.8,36,77.8,3.79,0.34,1.18,0.105,12.06
5.0,1.0,2.5,4.5,0.4,3600,0.8,36,77.8,3.79,0.34,1.18,0.105,12.06
5.0,1.0,2.5,4.5,0.6,3600,0.8,36,77.8,3.79,0.34,1.18,0.105,12.06
5.0,1.0,2.5,4.5,0.8,3600,0.8,36,77.8,3.79,0.34,1.18,0.105,12.06
5.0,0.7,1.5,3.0,0.4,2400,0.8,45,80.0,4.67,0.32,1.28,0.104,6.23
5.0,0.7,1.5,3.0,0.6,2400,0.8,45,80.0,4.67,0.32,1.28,0.104,6.23
5.0,0.7,1.5,3.0,0.8,2400,0.8,45,80.0,4.67,0.32,1.28,0.104,6.23
5.0,0.7,1.5,4.5,0.4,2400,0.8,45,80.0,4.67,0.32,1.28,0.104,6.23
5.0,0.7,1.5,4.5,0.6,2400,0.8,45,80.0,4.67,0.32,1.28,0.104,6.23
5.0,0.7,1.5,4.5,0.8,2400,0.8,45,80.0,4.67,0.32,1.28,0.104,6.23
2.0,1.0,1.5,3.0,0.4,2400,0.8,46,65.2,4.36,0.66,1.23,0.095,7.3
2.0,1.0,1.5,3.0,0.6,2400,0.8,46,65.2,4.36,0.66,1.23,0.095,7.3
2.0,1.0,1.5,3.0,0.8,2400,0.8,46,65.2,4.36,0.66,1.23,0.095,7.3
2.0,1.0,1.5,4.5,0.4,2400,0.8,46,65.2,4.36,0.66,1.23,0.095,7.3
2.0,1.0,1.5,4.5,0.6,2400,0.8,46,65.2,4.36,0.66,1.23,0.095,7.3
2.0,1.0,1.5,4.5,0.8,2400,0.8,46,65.2,4.36,0.66,1.23,0.095,7.3
5.0,0.7,2.5,3.0,0.4,1200,0.8,47,72.3,4.3,0.51,1.33,0.091,6.61
5.0,0.7,2.5,3.0,0.6,1200,0.8,47,72.3,4.3,0.51,1.33,0.091,6.61
5.0,0.7,2.5,3.0,0.8,1200,0.8,47,72.3,4.3,0.51,1.33,0.091,6.61
5.0,0.7,2.5,4.5,0.4,1200,0.8,47,72.3,4.3,0.51,1.33,0.091,6.61
5.0,0.7,2.5,4.5,0.6,1200,0.8,47,72.3,4.3,0.51,1.33,0.091,6.61
5.0,0.7,2.5,4.5,0.8,1200,0.8,47,72.3,4.3,0.51,1.33,0.091,6.61
5.0,0.7,1.5,3.0,0.4,1200,0.8,47,72.3,4.12,0.5,1.31,0.088,6.61
5.0,0.7,1.5,3.0,0.6,1200,0.8,47,72.3,4.12,0.5,1.31,0.088,6.61
5.0,0.7,1.5,3.0,0.8,1200,0.8,47,72.3,4.12,0.5,1.31,0.088,6.61
5.0,0.7,1.5,4.5,0.4,1200,0.8,47,72.3,4.12,0.5,1.31,0.088,6.61
5.0,0.7,1.5,4.5,0.6,1200,0.8,47,72.3,4.12,0.5,1.31,0.088,6.61
5.0,0.7,1.5,4.5,0.8,1200,0.8,47,72.3,4.12,0.5,1.31,0.088,6.61
5.0,1.0,1.5,3.0,0.4,1200,0.8,43,67.4,3.8,0.62,1.28,0.088,6.42
5.0,1.0,1.5,3.0,0.6,1200,0.8,43,67.4,3.8,0.62,1.28,0.088,6.42
5.0,1.0,1.5,3.0,0.8,1200,0.8,43,67.4,3.8,0.62,1.28,0.088,6.42
5.0,1.0,1.5,4.5,0.4,1200,0.8,43,67.4,3.8,0.62,1.28,0.088,6.42
5.0,1.0,1.5,4.5,0.6,1200,0.8,43,67.4,3.8,0.62,1.28,0.088,6.42
5.0,1.0,1.5,4.5,0.8,1200,0.8,43,67.4,3.8,0.62,1.28,0.088,6.42
2.0,0.7,2.5,3.0,0.4,2400,0.8,48,70.8,4.11,0.52,1.25,0.086,6.05
2.0,0.7,2.5,3.0,0.6,2400,0.8,48,70.8,4.11,0.52,1.25,0.086,6.05
2.0,0.7,2.5,3.0,0.8,2400,0.8,48,70.8,4.11,0.52,1.25,0.086,6.05
2.0,0.7,2.5,4.5,0.4,2400,0.8,48,70.8,4.11,0.52,1.25,0.086,6.05
2.0,0.7,2.5,4.5,0.6,2400,0.8,48,70.8,4.11,0.52,1.25,0.086,6.05
2.0,0.7,2.5,4.5,0.8,2400,0.8,48,70.8,4.11,0.52,1.25,0.086,6.05
4.0,1.0,2.5,3.0,0.4,1200,0.8,48,66.7,4.08,0.63,1.26,0.085,7.97
4.0,1.0,2.5,3.0,0.6,1200,0.8,48,66.7,4.08,0.63,1.26,0.085,7.97
4.0,1.0,2.5,3.0,0.8,1200,0.8,48,66.7,4.08,0.63,1.26,0.085,7.97
4.0,1.0,2.5,4.5,0.4,1200,0.8,48,66.7,4.08,0.63,1.26,0.085,7.97
4.0,1.0,2.5,4.5,0.6,1200,0.8,48,66.7,4.08,0.63,1.26,0.085,7.97
4.0,1.0,2.5,4.5,0.8,1200,0.8,48,66.7,4.08,0.63,1.26,0.085,7.97
2.0,0.7,1.5,3.0,0.4,2400,0.8,48,70.8,3.93,0.51,1.24,0.082,6.05
2.0,0.7,1.5,3.0,0.6,2400,0.8,48,70.8,3.93,0.51,1.24,0.082,6.05
2.0,0.7,1.5,3.0,0.8,2400,0.8,48,70.8,3.93,0.51,1.24,0.082,6.05
2.0,0.7,1.5,4.5,0.4,2400,0.8,48,70.8,3.93,0.51,1.24,0.082,6.05
2.0,0.7,1.5,4.5,0.6,2400,0.8,48,70.8,3.93,0.51,1.24,0.082,6.05
2.0,0.7,1.5,4.5,0.8,2400,0.8,48,70.8,3.93,0.51,1.24,0.082,6.05
4.0,1.0,1.5,3.0,0.4,1200,0.8,48,66.7,3.18,0.6,1.2,0.066,7.97
4.0,1.0,1.5,3.0,0.6,1200,0.8,48,66.7,3.18,0.6,1.2,0.066,7.97
4.0,1.0,1.5,3.0,0.8,1200,0.8,48,66.7,3.18,0.6,1.2,0.066,7.97
4.0,1.0,1.5,4.5,0.4,1200,0.8,48,66.7,3.18,0.6,1.2,0.066,7.97
4.0,1.0,1.5,4.5,0.6,1200,0.8,48,66.7,3.18,0.6,1.2,0.066,7.97
4.0,1.0,1.5,4.5,0.8,1200,0.8,48,66.7,3.18,0.6,1.2,0.066,7.97
3.0,1.0,2.5,3.0,0.4,1200,0.8,49,63.3,3.08,0.69,1.19,0.063,7.27
3.0,1.0,2.5,3.0,0.6,1200,0.8,49,63.3,3.08,0.69,1.19,0.063,7.27
3.0,1.0,2.5,3.0,0.8,1200,0.8,49,63.3,3.08,0.69,1.19,0.063,7.27
3.0,1.0,2.5,4.5,0.4,1200,0.8,49,63.3,3.08,0.69,1.19,0.063,7.27
3.0,1.0,2.5,4.5,0.6,1200,0.8,49,63.3,3.08,0.69,1.19,0.063,7.27
3.0,1.0,2.5,4.5,0.8,1200,0.8,49,63.3,3.08,0.69,1.19,0.063,7.27
3.0,1.0,1.5,3.0,0.4,1200,0.8,49,63.3,2.18,0.66,1.14,0.044,7.27
3.0,1.0,1.5,3.0,0.6,1200,0.8,49,63.3,2.18,0.66,1.14,0.044,7.27
3.0,1.0,1.5,3.0,0.8,1200,0.8,49,63.3,2.18,0.66,1.14,0.044,7.27
3.0,1.0,1.5,4.5,0.4,1200,0.8,49,63.3,2.18,0.66,1.14,0.044,7.27
3.0,1.0,1.5,4.5,0.6,1200,0.8,49,63.3,2.18,0.66,1.14,0.044,7.27
3.0,1.0,1.5,4.5,0.8,1200,0.8,49,63.3,2.18,0.66,1.14,0.044,7.27
2.0,1.5,2.5,3.0,0.4,1200,0.8,48,58.3,2.02,0.8,1.11,0.042,7.34
2.0,1.5,2.5,4.5,0.4,1200,0.8,48,58.3,2.02,0.8,1.11,0.042,7.34
2.0,1.5,2.5,3.0,0.6,1200,0.8,48,58.3,1.33,0.77,1.07,0.028,8.14
2.0,1.5,2.5,4.5,0.6,1200,0.8,48,58.3,1.33,0.77,1.07,0.028,8.14
2.0,1.5,2.5,3.0,0.8,1200,0.8,48,58.3,1.0,0.75,1.06,0.021,8.07
2.0,1.5,2.5,4.5,0.8,1200,0.8,48,58.3,1.0,0.75,1.06,0.021,8.07
2.0,0.7,2.5,3.0,0.4,1200,0.8,50,64.0,0.59,0.58,1.04,0.012,7.06
2.0,0.7,2.5,3.0,0.6,1200,0.8,50,64.0,0.59,0.58,1.04,0.012,7.06
2.0,0.7,2.5,3.0,0.8,1200,0.8,50,64.0,0.59,0.58,1.04,0.012,7.06
2.0,0.7,2.5,4.5,0.4,1200,0.8,50,64.0,0.59,0.58,1.04,0.012,7.06
2.0,0.7,2.5,4.5,0.6,1200,0.8,50,64.0,0.59,0.58,1.04,0.012,7.06
2.0,0.7,2.5,4.5,0.8,1200,0.8,50,64.0,0.59,0.58,1.04,0.012,7.06
2.0,0.7,1.5,3.0,0.4,1200,0.8,50,64.0,0.41,0.58,1.03,0.008,7.06
2.0,0.7,1.5,3.0,0.6,1200,0.8,50,64.0,0.41,0.58,1.03,0.008,7.06
2.0,0.7,1.5,3.0,0.8,1200,0.8,50,64.0,0.41,0.58,1.03,0.008,7.06
2.0,0.7,1.5,4.5,0.4,1200,0.8,50,64.0,0.41,0.58,1.03,0.008,7.06
2.0,0.7,1.5,4.5,0.6,1200,0.8,50,64.0,0.41,0.58,1.03,0.008,7.06
2.0,0.7,1.5,4.5,0.8,1200,0.8,50,64.0,0.41,0.58,1.03,0.008,7.06
2.0,1.0,2.5,3.0,0.4,1200,0.8,48,58.3,-0.65,0.69,0.96,-0.014,8.17
2.0,1.0,2.5,3.0,0.6,1200,0.8,48,58.3,-0.65,0.69,0.96,-0.014,8.17
2.0,1.0,2.5,3.0,0.8,1200,0.8,48,58.3,-0.65,0.69,0.96,-0.014,8.17
2.0,1.0,2.5,4.5,0.4,1200,0.8,48,58.3,-0.65,0.69,0.96,-0.014,8.17
2.0,1.0,2.5,4.5,0.6,1200,0.8,48,58.3,-0.65,0.69,0.96,-0.014,8.17
2.0,1.0,2.5,4.5,0.8,1200,0.8,48,58.3,-0.65,0.69,0.96,-0.014,8.17
2.0,1.0,1.5,3.0,0.4,1200,0.8,48,58.3,-1.55,0.65,0.91,-0.032,8.17
2.0,1.0,1.5,3.0,0.6,1200,0.8,48,58.3,-1.55,0.65,0.91,-0.032,8.17
2.0,1.0,1.5,3.0,0.8,1200,0.8,48,58.3,-1.55,0.65,0.91,-0.032,8.17
2.0,1.0,1.5,4.5,0.4,1200,0.8,48,58.3,-1.55,0.65,0.91,-0.032,8.17
2.0,1.0,1.5,4.5,0.6,1200,0.8,48,58.3,-1.55,0.65,0.91,-0.032,8.17
2.0,1.0,1.5,4.5,0.8,1200,0.8,48,58.3,-1.55,0.65,0.91,-0.032,8.17
