stop_loss_pct,level_1_pct,level_2_pct,level_3_pct,trail_callback,time_stop_seconds,time_stop_no_movement_pct,trades,win_rate,total_pnl_pct,payoff,profit_factor,expectancy_pct,max_dd_pct
3.0,1.5,2.5,4.5,0.4,2400,0.2,57,86.0,37.73,0.42,2.57,0.662,4.65
3.0,1.5,2.5,4.5,0.4,3600,0.2,57,86.0,37.73,0.42,2.57,0.662,4.65
3.0,1.5,2.5,4.5,0.4,7200,0.2,57,86.0,37.73,0.42,2.57,0.662,4.65
3.0,1.5,2.5,4.5,0.4,7200,0.4,57,86.0,37.73,0.42,2.57,0.662,4.65
3.0,1.5,2.5,4.5,0.4,14400,0.2,57,86.0,37.73,0.42,2.57,0.662,4.65
3.0,1.5,2.5,4.5,0.4,14400,0.4,57,86.0,37.73,0.42,2.57,0.662,4.65
3.0,1.5,2.5,4.5,0.4,,0.4,57,86.0,37.73,0.42,2.57,0.662,4.65
3.0,1.5,2.5,4.5,0.4,1200,0.2,58,86.2,37.77,0.41,2.57,0.651,4.65
3.0,1.5,2.5,4.5,0.6,2400,0.2,57,86.0,37.02,0.42,2.54,0.649,4.91
3.0,1.5,2.5,4.5,0.6,3600,0.2,57,86.0,37.02,0.42,2.54,0.649,4.91
3.0,1.5,2.5,4.5,0.6,7200,0.2,57,86.0,37.02,0.42,2.54,0.649,4.91
3.0,1.5,2.5,4.5,0.6,7200,0.4,57,86.0,37.02,0.42,2.54,0.649,4.91
3.0,1.5,2.5,4.5,0.6,14400,0.2,57,86.0,37.02,0.42,2.54,0.649,4.91
3.0,1.5,2.5,4.5,0.6,14400,0.4,57,86.0,37.02,0.42,2.54,0.649,4.91
3.0,1.5,2.5,4.5,0.6,,0.4,57,86.0,37.02,0.42,2.54,0.649,4.91
3.0,1.5,2.5,4.5,0.4,14400,0.8,58,84.5,37.53,0.47,2.55,0.647,4.65
3.0,1.5,2.5,3.0,0.4,2400,0.2,57,86.0,36.83,0.41,2.53,0.646,4.65
3.0,1.5,2.5,3.0,0.4,3600,0.2,57,86.0,36.83,0.41,2.53,0.646,4.65
3.0,1.5,2.5,3.0,0.4,7200,0.2,57,86.0,36.83,0.41,2.53,0.646,4.65
3.0,1.5,2.5,3.0,0.4,7200,0.4,57,86.0,36.83,0.41,2.53,0.646,4.65
3.0,1.5,2.5,3.0,0.4,14400,0.2,57,86.0,36.83,0.41,2.53,0.646,4.65
3.0,1.5,2.5,3.0,0.4,14400,0.4,57,86.0,36.83,0.41,2.53,0.646,4.65
3.0,1.5,2.5,3.0,0.4,,0.4,57,86.0,36.83,0.41,2.53,0.646,4.65
3.0,1.5,2.5,4.5,0.8,2400,0.2,57,86.0,36.57,0.41,2.52,0.642,4.84
3.0,1.5,2.5,4.5,0.8,3600,0.2,57,86.0,36.57,0.41,2.52,0.642,4.84
3.0,1.5,2.5,4.5,0.8,7200,0.2,57,86.0,36.57,0.41,2.52,0.642,4.84
3.0,1.5,2.5,4.5,0.8,7200,0.4,57,86.0,36.57,0.41,2.52,0.642,4.84
3.0,1.5,2.5,4.5,0.8,14400,0.2,57,86.0,36.57,0.41,2.52,0.642,4.84
3.0,1.5,2.5,4.5,0.8,14400,0.4,57,86.0,36.57,0.41,2.52,0.642,4.84
3.0,1.5,2.5,4.5,0.8,,0.4,57,86.0,36.57,0.41,2.52,0.642,4.84
3.0,1.5,2.5,4.5,0.6,1200,0.2,58,86.2,37.06,0.41,2.54,0.639,4.91
3.0,1.5,2.5,3.0,0.4,1200,0.2,58,86.2,36.87,0.41,2.54,0.636,4.65
3.0,1.5,2.5,4.5,0.6,14400,0.8,58,84.5,36.82,0.46,2.52,0.635,4.91
3.0,1.5,2.5,3.0,0.6,2400,0.2,57,86.0,36.12,0.41,2.51,0.634,4.91
3.0,1.5,2.5,3.0,0.6,3600,0.2,57,86.0,36.12,0.41,2.51,0.634,4.91
3.0,1.5,2.5,3.0,0.6,7200,0.2,57,86.0,36.12,0.41,2.51,0.634,4.91
3.0,1.5,2.5,3.0,0.6,7200,0.4,57,86.0,36.12,0.41,2.51,0.634,4.91
3.0,1.5,2.5,3.0,0.6,14400,0.2,57,86.0,36.12,0.41,2.51,0.634,4.91
3.0,1.5,2.5,3.0,0.6,14400,0.4,57,86.0,36.12,0.41,2.51,0.634,4.91
3.0,1.5,2.5,3.0,0.6,,0.4,57,86.0,36.12,0.41,2.51,0.634,4.91
3.0,1.5,2.5,3.0,0.4,14400,0.8,58,84.5,36.63,0.46,2.51,0.632,4.65
3.0,1.5,2.5,4.5,0.8,1200,0.2,58,86.2,36.61,0.4,2.53,0.631,4.84
3.0,1.5,2.5,4.5,0.8,14400,0.8,58,84.5,36.37,0.46,2.5,0.627,4.84
5.0,1.5,2.5,4.5,0.4,2400,0.2,48,89.6,30.11,0.26,2.2,0.627,9.12
5.0,1.5,2.5,4.5,0.4,3600,0.2,48,89.6,30.11,0.26,2.2,0.627,9.12
5.0,1.5,2.5,4.5,0.4,7200,0.2,48,89.6,30.11,0.26,2.2,0.627,9.12
5.0,1.5,2.5,4.5,0.4,7200,0.4,48,89.6,30.11,0.26,2.2,0.627,9.12
5.0,1.5,2.5,4.5,0.4,14400,0.2,48,89.6,30.11,0.26,2.2,0.627,9.12
5.0,1.5,2.5,4.5,0.4,14400,0.4,48,89.6,30.11,0.26,2.2,0.627,9.12
5.0,1.5,2.5,4.5,0.4,,0.4,48,89.6,30.11,0.26,2.2,0.627,9.12
3.0,1.5,2.5,3.0,0.8,2400,0.2,57,86.0,35.67,0.41,2.49,0.626,4.84
3.0,1.5,2.5,3.0,0.8,3600,0.2,57,86.0,35.67,0.41,2.49,0.626,4.84
3.0,1.5,2.5,3.0,0.8,7200,0.2,57,86.0,35.67,0.41,2.49,0.626,4.84
3.0,1.5,2.5,3.0,0.8,7200,0.4,57,86.0,35.67,0.41,2.49,0.626,4.84
3.0,1.5,2.5,3.0,0.8,14400,0.2,57,86.0,35.67,0.41,2.49,0.626,4.84
3.0,1.5,2.5,3.0,0.8,14400,0.4,57,86.0,35.67,0.41,2.49,0.626,4.84
3.0,1.5,2.5,3.0,0.8,,0.4,57,86.0,35.67,0.41,2.49,0.626,4.84
3.0,1.5,2.5,3.0,0.6,1200,0.2,58,86.2,36.16,0.4,2.51,0.623,4.91
3.0,1.5,2.5,3.0,0.6,14400,0.8,58,84.5,35.92,0.46,2.48,0.619,4.91
3.0,1.5,2.5,4.5,0.4,3600,0.4,58,86.2,35.81,0.4,2.49,0.617,4.65
3.0,1.5,2.5,3.0,0.8,1200,0.2,58,86.2,35.71,0.4,2.49,0.616,4.84
5.0,1.5,2.5,4.5,0.4,1200,0.2,49,89.8,30.15,0.25,2.21,0.615,9.12
3.0,1.5,2.5,3.0,0.8,14400,0.8,58,84.5,35.47,0.45,2.47,0.612,4.84
3.0,1.5,2.5,4.5,0.4,2400,0.4,58,84.5,35.47,0.45,2.47,0.612,4.65
5.0,1.5,2.5,4.5,0.4,14400,0.8,49,87.8,29.91,0.31,2.19,0.61,9.12
5.0,1.5,2.5,3.0,0.4,2400,0.2,48,89.6,29.21,0.25,2.17,0.609,9.12
5.0,1.5,2.5,3.0,0.4,3600,0.2,48,89.6,29.21,0.25,2.17,0.609,9.12
5.0,1.5,2.5,3.0,0.4,7200,0.2,48,89.6,29.21,0.25,2.17,0.609,9.12
5.0,1.5,2.5,3.0,0.4,7200,0.4,48,89.6,29.21,0.25,2.17,0.609,9.12
5.0,1.5,2.5,3.0,0.4,14400,0.2,48,89.6,29.21,0.25,2.17,0.609,9.12
5.0,1.5,2.5,3.0,0.4,14400,0.4,48,89.6,29.21,0.25,2.17,0.609,9.12
5.0,1.5,2.5,3.0,0.4,,0.4,48,89.6,29.21,0.25,2.17,0.609,9.12
3.0,1.5,2.5,4.5,0.6,3600,0.4,58,86.2,35.1,0.39,2.46,0.605,4.91
3.0,1.5,2.5,4.5,0.6,2400,0.4,58,84.5,34.76,0.45,2.44,0.599,4.91
3.0,1.5,2.5,4.5,0.8,3600,0.4,58,86.2,34.65,0.39,2.44,0.597,4.84
5.0,1.5,2.5,3.0,0.4,1200,0.2,49,89.8,29.25,0.25,2.17,0.597,9.12
5.0,1.5,2.5,4.5,0.6,2400,0.2,48,89.6,28.54,0.25,2.14,0.595,9.52
5.0,1.5,2.5,4.5,0.6,3600,0.2,48,89.6,28.54,0.25,2.14,0.595,9.52
5.0,1.5,2.5,4.5,0.6,7200,0.2,48,89.6,28.54,0.25,2.14,0.595,9.52
5.0,1.5,2.5,4.5,0.6,7200,0.4,48,89.6,28.54,0.25,2.14,0.595,9.52
5.0,1.5,2.5,4.5,0.6,14400,0.2,48,89.6,28.54,0.25,2.14,0.595,9.52
5.0,1.5,2.5,4.5,0.6,14400,0.4,48,89.6,28.54,0.25,2.14,0.595,9.52
5.0,1.5,2.5,4.5,0.6,,0.4,48,89.6,28.54,0.25,2.14,0.595,9.52
3.0,1.5,2.5,3.0,0.4,3600,0.4,58,86.2,34.46,0.39,2.44,0.594,4.65
3.0,1.5,2.5,4.5,0.8,2400,0.4,58,84.5,34.31,0.44,2.42,0.592,4.84
5.0,1.5,2.5,3.0,0.4,14400,0.8,49,87.8,29.01,0.3,2.15,0.592,9.12
3.0,1.5,2.5,3.0,0.4,2400,0.4,58,84.5,34.12,0.44,2.41,0.588,4.65
5.0,1.5,2.5,4.5,0.8,2400,0.2,48,89.6,28.16,0.25,2.13,0.587,9.05
5.0,1.5,2.5,4.5,0.8,3600,0.2,48,89.6,28.16,0.25,2.13,0.587,9.05
5.0,1.5,2.5,4.5,0.8,7200,0.2,48,89.6,28.16,0.25,2.13,0.587,9.05
5.0,1.5,2.5,4.5,0.8,7200,0.4,48,89.6,28.16,0.25,2.13,0.587,9.05
5.0,1.5,2.5,4.5,0.8,14400,0.2,48,89.6,28.16,0.25,2.13,0.587,9.05
5.0,1.5,2.5,4.5,0.8,14400,0.4,48,89.6,28.16,0.25,2.13,0.587,9.05
5.0,1.5,2.5,4.5,0.8,,0.4,48,89.6,28.16,0.25,2.13,0.587,9.05
4.0,1.5,2.5,4.5,0.4,2400,0.2,56,87.5,32.81,0.31,2.17,0.586,8.26
4.0,1.5,2.5,4.5,0.4,3600,0.2,56,87.5,32.81,0.31,2.17,0.586,8.26
4.0,1.5,2.5,4.5,0.4,7200,0.2,56,87.5,32.81,0.31,2.17,0.586,8.26
4.0,1.5,2.5,4.5,0.4,7200,0.4,56,87.5,32.81,0.31,2.17,0.586,8.26
4.0,1.5,2.5,4.5,0.4,14400,0.2,56,87.5,32.81,0.31,2.17,0.586,8.26
4.0,1.5,2.5,4.5,0.4,14400,0.4,56,87.5,32.81,0.31,2.17,0.586,8.26
4.0,1.5,2.5,4.5,0.4,,0.4,56,87.5,32.81,0.31,2.17,0.586,8.26
5.0,1.5,2.5,4.5,0.6,1200,0.2,49,89.8,28.58,0.24,2.14,0.583,9.52
3.0,1.5,2.5,3.0,0.6,3600,0.4,58,86.2,33.75,0.39,2.41,0.582,4.91
5.0,1.5,2.5,4.5,0.6,14400,0.8,49,87.8,28.34,0.3,2.12,0.578,9.52
3.0,1.5,2.5,3.0,0.6,2400,0.4,58,84.5,33.41,0.44,2.38,0.576,4.91
4.0,1.5,2.5,4.5,0.4,1200,0.2,57,87.7,32.85,0.3,2.17,0.576,8.26
5.0,1.5,2.5,3.0,0.6,2400,0.2,48,89.6,27.64,0.24,2.11,0.576,9.52
5.0,1.5,2.5,3.0,0.6,3600,0.2,48,89.6,27.64,0.24,2.11,0.576,9.52
5.0,1.5,2.5,3.0,0.6,7200,0.2,48,89.6,27.64,0.24,2.11,0.576,9.52
5.0,1.5,2.5,3.0,0.6,7200,0.4,48,89.6,27.64,0.24,2.11,0.576,9.52
5.0,1.5,2.5,3.0,0.6,14400,0.2,48,89.6,27.64,0.24,2.11,0.576,9.52
5.0,1.5,2.5,3.0,0.6,14400,0.4,48,89.6,27.64,0.24,2.11,0.576,9.52
5.0,1.5,2.5,3.0,0.6,,0.4,48,89.6,27.64,0.24,2.11,0.576,9.52
5.0,1.5,2.5,4.5,0.8,1200,0.2,49,89.8,28.2,0.24,2.13,0.576,9.05
4.0,1.5,2.5,4.5,0.6,2400,0.2,56,87.5,32.2,0.31,2.15,0.575,8.86
4.0,1.5,2.5,4.5,0.6,3600,0.2,56,87.5,32.2,0.31,2.15,0.575,8.86
4.0,1.5,2.5,4.5,0.6,7200,0.2,56,87.5,32.2,0.31,2.15,0.575,8.86
4.0,1.5,2.5,4.5,0.6,7200,0.4,56,87.5,32.2,0.31,2.15,0.575,8.86
4.0,1.5,2.5,4.5,0.6,14400,0.2,56,87.5,32.2,0.31,2.15,0.575,8.86
4.0,1.5,2.5,4.5,0.6,14400,0.4,56,87.5,32.2,0.31,2.15,0.575,8.86
4.0,1.5,2.5,4.5,0.6,,0.4,56,87.5,32.2,0.31,2.15,0.575,8.86
5.0,1.5,2.5,4.5,0.4,3600,0.4,49,89.8,28.19,0.24,2.13,0.575,9.12
3.0,1.5,2.5,3.0,0.8,3600,0.4,58,86.2,33.3,0.38,2.39,0.574,4.84
4.0,1.5,2.5,4.5,0.4,14400,0.8,57,86.0,32.61,0.35,2.16,0.572,8.26
5.0,1.5,2.5,4.5,0.8,14400,0.8,49,87.8,27.96,0.29,2.11,0.571,9.05
4.0,1.5,2.5,3.0,0.4,2400,0.2,56,87.5,31.91,0.31,2.14,0.57,8.26
4.0,1.5,2.5,3.0,0.4,3600,0.2,56,87.5,31.91,0.31,2.14,0.57,8.26
4.0,1.5,2.5,3.0,0.4,7200,0.2,56,87.5,31.91,0.31,2.14,0.57,8.26
4.0,1.5,2.5,3.0,0.4,7200,0.4,56,87.5,31.91,0.31,2.14,0.57,8.26
4.0,1.5,2.5,3.0,0.4,14400,0.2,56,87.5,31.91,0.31,2.14,0.57,8.26
4.0,1.5,2.5,3.0,0.4,14400,0.4,56,87.5,31.91,0.31,2.14,0.57,8.26
4.0,1.5,2.5,3.0,0.4,,0.4,56,87.5,31.91,0.31,2.14,0.57,8.26
3.0,1.5,2.5,4.5,0.4,7200,0.8,58,82.8,32.99,0.49,2.37,0.569,4.65
3.0,1.5,2.5,3.0,0.8,2400,0.4,58,84.5,32.96,0.43,2.37,0.568,4.84
5.0,1.5,2.5,3.0,0.8,2400,0.2,48,89.6,27.26,0.24,2.09,0.568,9.05
5.0,1.5,2.5,3.0,0.8,3600,0.2,48,89.6,27.26,0.24,2.09,0.568,9.05
5.0,1.5,2.5,3.0,0.8,7200,0.2,48,89.6,27.26,0.24,2.09,0.568,9.05
5.0,1.5,2.5,3.0,0.8,7200,0.4,48,89.6,27.26,0.24,2.09,0.568,9.05
5.0,1.5,2.5,3.0,0.8,14400,0.2,48,89.6,27.26,0.24,2.09,0.568,9.05
5.0,1.5,2.5,3.0,0.8,14400,0.4,48,89.6,27.26,0.24,2.09,0.568,9.05
5.0,1.5,2.5,3.0,0.8,,0.4,48,89.6,27.26,0.24,2.09,0.568,9.05
5.0,1.5,2.5,4.5,0.4,2400,0.4,49,87.8,27.85,0.29,2.11,0.568,9.12
4.0,1.5,2.5,4.5,0.6,1200,0.2,57,87.7,32.24,0.3,2.15,0.566,8.86
5.0,1.5,2.5,3.0,0.6,1200,0.2,49,89.8,27.68,0.24,2.11,0.565,9.52
4.0,1.5,2.5,3.0,0.4,1200,0.2,57,87.7,31.95,0.3,2.14,0.561,8.26
4.0,1.5,2.5,4.5,0.6,14400,0.8,57,86.0,32.0,0.35,2.13,0.561,8.86
4.0,1.5,2.5,4.5,0.8,2400,0.2,56,87.5,31.42,0.3,2.12,0.561,8.59
4.0,1.5,2.5,4.5,0.8,3600,0.2,56,87.5,31.42,0.3,2.12,0.561,8.59
4.0,1.5,2.5,4.5,0.8,7200,0.2,56,87.5,31.42,0.3,2.12,0.561,8.59
4.0,1.5,2.5,4.5,0.8,7200,0.4,56,87.5,31.42,0.3,2.12,0.561,8.59
4.0,1.5,2.5,4.5,0.8,14400,0.2,56,87.5,31.42,0.3,2.12,0.561,8.59
4.0,1.5,2.5,4.5,0.8,14400,0.4,56,87.5,31.42,0.3,2.12,0.561,8.59
4.0,1.5,2.5,4.5,0.8,,0.4,56,87.5,31.42,0.3,2.12,0.561,8.59
5.0,1.5,2.5,3.0,0.6,14400,0.8,49,87.8,27.44,0.29,2.09,0.56,9.52
4.0,1.5,2.5,3.0,0.6,2400,0.2,56,87.5,31.3,0.3,2.12,0.559,8.86
4.0,1.5,2.5,3.0,0.6,3600,0.2,56,87.5,31.3,0.3,2.12,0.559,8.86
4.0,1.5,2.5,3.0,0.6,7200,0.2,56,87.5,31.3,0.3,2.12,0.559,8.86
4.0,1.5,2.5,3.0,0.6,7200,0.4,56,87.5,31.3,0.3,2.12,0.559,8.86
4.0,1.5,2.5,3.0,0.6,14400,0.2,56,87.5,31.3,0.3,2.12,0.559,8.86
4.0,1.5,2.5,3.0,0.6,14400,0.4,56,87.5,31.3,0.3,2.12,0.559,8.86
4.0,1.5,2.5,3.0,0.6,,0.4,56,87.5,31.3,0.3,2.12,0.559,8.86
5.0,1.5,2.5,3.0,0.8,1200,0.2,49,89.8,27.3,0.24,2.09,0.557,9.05
4.0,1.5,2.5,3.0,0.4,14400,0.8,57,86.0,31.71,0.35,2.12,0.556,8.26
4.0,1.5,2.5,4.5,0.8,1200,0.2,57,87.7,31.46,0.3,2.12,0.552,8.59
5.0,1.5,2.5,3.0,0.8,14400,0.8,49,87.8,27.06,0.29,2.07,0.552,9.05
4.0,1.5,2.5,3.0,0.6,1200,0.2,57,87.7,31.34,0.3,2.12,0.55,8.86
4.0,1.5,2.5,4.5,0.8,14400,0.8,57,86.0,31.22,0.34,2.11,0.548,8.59
5.0,1.5,2.5,3.0,0.4,3600,0.4,49,89.8,26.84,0.24,2.07,0.548,9.12
3.0,1.5,2.5,3.0,0.4,7200,0.8,58,82.8,31.64,0.48,2.31,0.546,4.65
4.0,1.5,2.5,3.0,0.6,14400,0.8,57,86.0,31.1,0.34,2.1,0.546,8.86
4.0,1.5,2.5,3.0,0.8,2400,0.2,56,87.5,30.52,0.3,2.09,0.545,8.59
4.0,1.5,2.5,3.0,0.8,3600,0.2,56,87.5,30.52,0.3,2.09,0.545,8.59
4.0,1.5,2.5,3.0,0.8,7200,0.2,56,87.5,30.52,0.3,2.09,0.545,8.59
4.0,1.5,2.5,3.0,0.8,7200,0.4,56,87.5,30.52,0.3,2.09,0.545,8.59
4.0,1.5,2.5,3.0,0.8,14400,0.2,56,87.5,30.52,0.3,2.09,0.545,8.59
4.0,1.5,2.5,3.0,0.8,14400,0.4,56,87.5,30.52,0.3,2.09,0.545,8.59
4.0,1.5,2.5,3.0,0.8,,0.4,56,87.5,30.52,0.3,2.09,0.545,8.59
3.0,1.5,2.5,4.5,0.6,7200,0.8,58,82.8,31.58,0.48,2.31,0.544,4.91
5.0,1.5,2.5,4.5,0.6,3600,0.4,49,89.8,26.62,0.23,2.06,0.543,9.52
4.0,1.5,2.5,4.5,0.4,3600,0.4,57,87.7,30.89,0.29,2.1,0.542,8.26
5.0,1.5,2.5,3.0,0.4,2400,0.4,49,87.8,26.5,0.29,2.05,0.541,9.12
3.0,1.5,2.5,4.5,0.8,7200,0.8,58,82.8,31.33,0.48,2.3,0.54,4.84
4.0,1.5,2.5,3.0,0.8,1200,0.2,57,87.7,30.56,0.29,2.09,0.536,8.59
4.0,1.5,2.5,4.5,0.4,2400,0.4,57,86.0,30.55,0.34,2.09,0.536,8.26
5.0,1.5,2.5,4.5,0.6,2400,0.4,49,87.8,26.28,0.29,2.05,0.536,9.52
5.0,1.5,2.5,4.5,0.8,3600,0.4,49,89.8,26.24,0.23,2.05,0.536,9.05
4.0,1.5,2.5,3.0,0.8,14400,0.8,57,86.0,30.32,0.34,2.08,0.532,8.59
4.0,1.5,2.5,4.5,0.6,3600,0.4,57,87.7,30.28,0.29,2.08,0.531,8.86
5.0,1.5,2.5,4.5,0.8,2400,0.4,49,87.8,25.9,0.28,2.03,0.529,9.05
2.0,1.5,2.5,4.5,0.4,2400,0.2,58,77.6,30.62,0.63,2.18,0.528,8.44
2.0,1.5,2.5,4.5,0.4,3600,0.2,58,77.6,30.62,0.63,2.18,0.528,8.44
2.0,1.5,2.5,4.5,0.4,7200,0.2,58,77.6,30.62,0.63,2.18,0.528,8.44
2.0,1.5,2.5,4.5,0.4,7200,0.4,58,77.6,30.62,0.63,2.18,0.528,8.44
2.0,1.5,2.5,4.5,0.4,14400,0.2,58,77.6,30.62,0.63,2.18,0.528,8.44
2.0,1.5,2.5,4.5,0.4,14400,0.4,58,77.6,30.62,0.63,2.18,0.528,8.44
2.0,1.5,2.5,4.5,0.4,,0.4,58,77.6,30.62,0.63,2.18,0.528,8.44
4.0,1.5,2.5,4.5,0.6,2400,0.4,57,86.0,29.94,0.34,2.06,0.525,8.86
5.0,1.5,2.5,4.5,0.4,7200,0.8,49,85.7,25.58,0.34,2.02,0.522,10.02
3.0,1.5,2.5,3.0,0.6,7200,0.8,58,82.8,30.23,0.47,2.25,0.521,4.91
2.0,1.5,2.5,4.5,0.4,1200,0.2,59,78.0,30.66,0.62,2.18,0.52,8.44
2.0,1.5,2.5,4.5,0.6,2400,0.2,58,77.6,30.11,0.62,2.16,0.519,8.84
2.0,1.5,2.5,4.5,0.6,3600,0.2,58,77.6,30.11,0.62,2.16,0.519,8.84
2.0,1.5,2.5,4.5,0.6,7200,0.2,58,77.6,30.11,0.62,2.16,0.519,8.84
2.0,1.5,2.5,4.5,0.6,7200,0.4,58,77.6,30.11,0.62,2.16,0.519,8.84
2.0,1.5,2.5,4.5,0.6,14400,0.2,58,77.6,30.11,0.62,2.16,0.519,8.84
2.0,1.5,2.5,4.5,0.6,14400,0.4,58,77.6,30.11,0.62,2.16,0.519,8.84
2.0,1.5,2.5,4.5,0.6,,0.4,58,77.6,30.11,0.62,2.16,0.519,8.84
4.0,1.5,2.5,3.0,0.4,3600,0.4,57,87.7,29.54,0.29,2.06,0.518,8.26
4.0,1.5,2.5,4.5,0.8,3600,0.4,57,87.7,29.5,0.29,2.05,0.518,8.59
3.0,1.5,2.5,3.0,0.8,7200,0.8,58,82.8,29.98,0.47,2.24,0.517,4.84
2.0,1.5,2.5,4.5,0.4,14400,0.8,59,76.3,30.42,0.67,2.16,0.516,8.44
5.0,1.5,2.5,3.0,0.6,3600,0.4,49,89.8,25.27,0.23,2.01,0.516,9.52
2.0,1.5,2.5,3.0,0.4,2400,0.2,58,77.6,29.72,0.62,2.14,0.512,8.44
2.0,1.5,2.5,3.0,0.4,3600,0.2,58,77.6,29.72,0.62,2.14,0.512,8.44
2.0,1.5,2.5,3.0,0.4,7200,0.2,58,77.6,29.72,0.62,2.14,0.512,8.44
2.0,1.5,2.5,3.0,0.4,7200,0.4,58,77.6,29.72,0.62,2.14,0.512,8.44
2.0,1.5,2.5,3.0,0.4,14400,0.2,58,77.6,29.72,0.62,2.14,0.512,8.44
2.0,1.5,2.5,3.0,0.4,14400,0.4,58,77.6,29.72,0.62,2.14,0.512,8.44
2.0,1.5,2.5,3.0,0.4,,0.4,58,77.6,29.72,0.62,2.14,0.512,8.44
4.0,1.5,2.5,3.0,0.4,2400,0.4,57,86.0,29.2,0.33,2.04,0.512,8.26
4.0,1.5,2.5,4.5,0.8,2400,0.4,57,86.0,29.16,0.33,2.04,0.512,8.59
2.0,1.5,2.5,4.5,0.6,1200,0.2,59,78.0,30.15,0.61,2.16,0.511,8.84
5.0,1.5,2.5,3.0,0.6,2400,0.4,49,87.8,24.93,0.28,1.99,0.509,9.52
4.0,1.5,2.5,3.0,0.6,3600,0.4,57,87.7,28.93,0.28,2.03,0.508,8.86
5.0,1.5,2.5,3.0,0.8,3600,0.4,49,89.8,24.89,0.23,2.0,0.508,9.05
2.0,1.5,2.5,4.5,0.6,14400,0.8,59,76.3,29.91,0.67,2.14,0.507,8.84
2.0,1.5,2.5,3.0,0.4,1200,0.2,59,78.0,29.76,0.61,2.14,0.504,8.44
2.0,1.5,2.5,3.0,0.6,2400,0.2,58,77.6,29.21,0.61,2.12,0.504,8.84
2.0,1.5,2.5,3.0,0.6,3600,0.2,58,77.6,29.21,0.61,2.12,0.504,8.84
2.0,1.5,2.5,3.0,0.6,7200,0.2,58,77.6,29.21,0.61,2.12,0.504,8.84
2.0,1.5,2.5,3.0,0.6,7200,0.4,58,77.6,29.21,0.61,2.12,0.504,8.84
2.0,1.5,2.5,3.0,0.6,14400,0.2,58,77.6,29.21,0.61,2.12,0.504,8.84
2.0,1.5,2.5,3.0,0.6,14400,0.4,58,77.6,29.21,0.61,2.12,0.504,8.84
2.0,1.5,2.5,3.0,0.6,,0.4,58,77.6,29.21,0.61,2.12,0.504,8.84
4.0,1.5,2.5,3.0,0.6,2400,0.4,57,86.0,28.59,0.33,2.02,0.502,8.86
5.0,1.5,2.5,3.0,0.8,2400,0.4,49,87.8,24.55,0.28,1.98,0.501,9.05
2.0,1.5,2.5,3.0,0.4,14400,0.8,59,76.3,29.52,0.66,2.13,0.5,8.44
2.0,1.5,2.5,4.5,0.8,2400,0.2,58,77.6,28.94,0.61,2.11,0.499,8.37
2.0,1.5,2.5,4.5,0.8,3600,0.2,58,77.6,28.94,0.61,2.11,0.499,8.37
2.0,1.5,2.5,4.5,0.8,7200,0.2,58,77.6,28.94,0.61,2.11,0.499,8.37
2.0,1.5,2.5,4.5,0.8,7200,0.4,58,77.6,28.94,0.61,2.11,0.499,8.37
2.0,1.5,2.5,4.5,0.8,14400,0.2,58,77.6,28.94,0.61,2.11,0.499,8.37
2.0,1.5,2.5,4.5,0.8,14400,0.4,58,77.6,28.94,0.61,2.11,0.499,8.37
2.0,1.5,2.5,4.5,0.8,,0.4,58,77.6,28.94,0.61,2.11,0.499,8.37
2.0,1.5,2.5,3.0,0.6,1200,0.2,59,78.0,29.25,0.6,2.13,0.496,8.84
4.0,1.5,2.5,3.0,0.8,3600,0.4,57,87.7,28.15,0.28,2.01,0.494,8.59
5.0,1.5,2.5,3.0,0.4,7200,0.8,49,85.7,24.23,0.33,1.96,0.494,10.02
5.0,1.5,2.5,4.5,0.6,7200,0.8,49,85.7,24.21,0.33,1.96,0.494,10.42
5.0,1.5,2.5,4.5,0.8,7200,0.8,49,85.7,24.23,0.33,1.96,0.494,9.95
2.0,1.5,2.5,3.0,0.6,14400,0.8,59,76.3,29.01,0.66,2.11,0.492,8.84
4.0,1.5,2.5,4.5,0.4,7200,0.8,57,84.2,28.07,0.37,2.0,0.492,8.26
2.0,1.5,2.5,4.5,0.8,1200,0.2,59,78.0,28.98,0.6,2.11,0.491,8.37
4.0,1.5,2.5,3.0,0.8,2400,0.4,57,86.0,27.81,0.32,1.99,0.488,8.59
2.0,1.5,2.5,4.5,0.8,14400,0.8,59,76.3,28.74,0.65,2.1,0.487,8.37
2.0,1.5,2.5,4.5,0.4,3600,0.4,59,78.0,28.7,0.59,2.1,0.486,8.44
2.0,1.5,2.5,3.0,0.8,2400,0.2,58,77.6,28.04,0.6,2.08,0.483,8.37
2.0,1.5,2.5,3.0,0.8,3600,0.2,58,77.6,28.04,0.6,2.08,0.483,8.37
2.0,1.5,2.5,3.0,0.8,7200,0.2,58,77.6,28.04,0.6,2.08,0.483,8.37
2.0,1.5,2.5,3.0,0.8,7200,0.4,58,77.6,28.04,0.6,2.08,0.483,8.37
2.0,1.5,2.5,3.0,0.8,14400,0.2,58,77.6,28.04,0.6,2.08,0.483,8.37
2.0,1.5,2.5,3.0,0.8,14400,0.4,58,77.6,28.04,0.6,2.08,0.483,8.37
2.0,1.5,2.5,3.0,0.8,,0.4,58,77.6,28.04,0.6,2.08,0.483,8.37
2.0,1.5,2.5,4.5,0.4,2400,0.4,59,76.3,28.36,0.65,2.09,0.481,8.44
2.0,1.5,2.5,4.5,0.6,3600,0.4,59,78.0,28.19,0.59,2.08,0.478,8.84
2.0,1.5,2.5,3.0,0.8,1200,0.2,59,78.0,28.08,0.59,2.08,0.476,8.37
2.0,1.5,2.5,3.0,0.8,14400,0.8,59,76.3,27.84,0.64,2.06,0.472,8.37
2.0,1.5,2.5,4.5,0.6,2400,0.4,59,76.3,27.85,0.64,2.07,0.472,8.84
4.0,1.5,2.5,3.0,0.4,7200,0.8,57,84.2,26.72,0.37,1.95,0.469,8.26
4.0,1.5,2.5,4.5,0.6,7200,0.8,57,84.2,26.76,0.37,1.95,0.469,8.86
5.0,1.5,2.5,3.0,0.6,7200,0.8,49,85.7,22.86,0.32,1.91,0.467,10.42
5.0,1.5,2.5,3.0,0.8,7200,0.8,49,85.7,22.88,0.32,1.91,0.467,9.95
2.0,1.5,2.5,3.0,0.4,3600,0.4,59,78.0,27.35,0.58,2.05,0.464,8.44
4.0,1.5,2.5,4.5,0.8,7200,0.8,57,84.2,26.18,0.36,1.93,0.459,8.59
2.0,1.5,2.5,3.0,0.4,2400,0.4,59,76.3,27.01,0.63,2.03,0.458,8.44
2.0,1.5,2.5,4.5,0.8,3600,0.4,59,78.0,27.02,0.58,2.04,0.458,8.37
3.0,1.5,2.5,4.5,0.4,1200,0.4,62,80.6,28.31,0.51,2.15,0.457,4.65
2.0,1.5,2.5,3.0,0.6,3600,0.4,59,78.0,26.84,0.57,2.03,0.455,8.84
2.0,1.5,2.5,4.5,0.8,2400,0.4,59,76.3,26.68,0.63,2.02,0.452,8.37
2.0,1.5,2.5,3.0,0.6,2400,0.4,59,76.3,26.5,0.63,2.01,0.449,8.84
3.0,1.0,1.5,3.0,0.4,2400,0.2,57,86.0,25.5,0.34,2.06,0.447,6.6
3.0,1.0,1.5,3.0,0.4,3600,0.2,57,86.0,25.5,0.34,2.06,0.447,6.6
3.0,1.0,1.5,3.0,0.4,7200,0.2,57,86.0,25.5,0.34,2.06,0.447,6.6
3.0,1.0,1.5,3.0,0.4,7200,0.4,57,86.0,25.5,0.34,2.06,0.447,6.6
3.0,1.0,1.5,3.0,0.4,14400,0.2,57,86.0,25.5,0.34,2.06,0.447,6.6
3.0,1.0,1.5,3.0,0.4,14400,0.4,57,86.0,25.5,0.34,2.06,0.447,6.6
3.0,1.0,1.5,3.0,0.4,,0.4,57,86.0,25.5,0.34,2.06,0.447,6.6
3.0,1.0,1.5,3.0,0.6,2400,0.2,57,86.0,25.5,0.34,2.06,0.447,6.6
3.0,1.0,1.5,3.0,0.6,3600,0.2,57,86.0,25.5,0.34,2.06,0.447,6.6
3.0,1.0,1.5,3.0,0.6,7200,0.2,57,86.0,25.5,0.34,2.06,0.447,6.6
3.0,1.0,1.5,3.0,0.6,7200,0.4,57,86.0,25.5,0.34,2.06,0.447,6.6
3.0,1.0,1.5,3.0,0.6,14400,0.2,57,86.0,25.5,0.34,2.06,0.447,6.6
3.0,1.0,1.5,3.0,0.6,14400,0.4,57,86.0,25.5,0.34,2.06,0.447,6.6
3.0,1.0,1.5,3.0,0.6,,0.4,57,86.0,25.5,0.34,2.06,0.447,6.6
3.0,1.0,1.5,3.0,0.8,2400,0.2,57,86.0,25.5,0.34,2.06,0.447,6.6
3.0,1.0,1.5,3.0,0.8,3600,0.2,57,86.0,25.5,0.34,2.06,0.447,6.6
3.0,1.0,1.5,3.0,0.8,7200,0.2,57,86.0,25.5,0.34,2.06,0.447,6.6
3.0,1.0,1.5,3.0,0.8,7200,0.4,57,86.0,25.5,0.34,2.06,0.447,6.6
3.0,1.0,1.5,3.0,0.8,14400,0.2,57,86.0,25.5,0.34,2.06,0.447,6.6
3.0,1.0,1.5,3.0,0.8,14400,0.4,57,86.0,25.5,0.34,2.06,0.447,6.6
3.0,1.0,1.5,3.0,0.8,,0.4,57,86.0,25.5,0.34,2.06,0.447,6.6
4.0,1.5,2.5,3.0,0.6,7200,0.8,57,84.2,25.41,0.36,1.9,0.446,8.86
3.0,1.0,1.5,3.0,0.4,1200,0.2,58,86.2,25.54,0.33,2.06,0.44,6.6
3.0,1.0,1.5,3.0,0.6,1200,0.2,58,86.2,25.54,0.33,2.06,0.44,6.6
3.0,1.0,1.5,3.0,0.8,1200,0.2,58,86.2,25.54,0.33,2.06,0.44,6.6
3.0,1.5,2.5,4.5,0.6,1200,0.4,62,80.6,27.29,0.5,2.1,0.44,4.91
2.0,1.5,2.5,4.5,0.4,7200,0.8,59,74.6,25.88,0.68,1.99,0.439,8.44
3.0,1.0,1.5,3.0,0.4,14400,0.8,58,84.5,25.3,0.38,2.05,0.436,6.6
3.0,1.0,1.5,3.0,0.6,14400,0.8,58,84.5,25.3,0.38,2.05,0.436,6.6
3.0,1.0,1.5,3.0,0.8,14400,0.8,58,84.5,25.3,0.38,2.05,0.436,6.6
4.0,1.5,2.5,3.0,0.8,7200,0.8,57,84.2,24.83,0.35,1.88,0.436,8.59
2.0,1.5,2.5,3.0,0.8,3600,0.4,59,78.0,25.67,0.56,1.99,0.435,8.37
3.0,1.5,2.5,3.0,0.4,1200,0.4,62,80.6,26.96,0.5,2.09,0.435,4.65
3.0,1.5,2.5,4.5,0.8,1200,0.4,62,80.6,26.84,0.5,2.09,0.433,4.84
2.0,1.5,2.5,3.0,0.8,2400,0.4,59,76.3,25.33,0.61,1.97,0.429,8.37
3.0,1.0,1.5,4.5,0.4,2400,0.2,57,86.0,24.15,0.33,2.01,0.424,6.6
3.0,1.0,1.5,4.5,0.4,3600,0.2,57,86.0,24.15,0.33,2.01,0.424,6.6
3.0,1.0,1.5,4.5,0.4,7200,0.2,57,86.0,24.15,0.33,2.01,0.424,6.6
3.0,1.0,1.5,4.5,0.4,7200,0.4,57,86.0,24.15,0.33,2.01,0.424,6.6
3.0,1.0,1.5,4.5,0.4,14400,0.2,57,86.0,24.15,0.33,2.01,0.424,6.6
3.0,1.0,1.5,4.5,0.4,14400,0.4,57,86.0,24.15,0.33,2.01,0.424,6.6
3.0,1.0,1.5,4.5,0.4,,0.4,57,86.0,24.15,0.33,2.01,0.424,6.6
3.0,1.0,1.5,4.5,0.6,2400,0.2,57,86.0,24.15,0.33,2.01,0.424,6.6
3.0,1.0,1.5,4.5,0.6,3600,0.2,57,86.0,24.15,0.33,2.01,0.424,6.6
3.0,1.0,1.5,4.5,0.6,7200,0.2,57,86.0,24.15,0.33,2.01,0.424,6.6
3.0,1.0,1.5,4.5,0.6,7200,0.4,57,86.0,24.15,0.33,2.01,0.424,6.6
3.0,1.0,1.5,4.5,0.6,14400,0.2,57,86.0,24.15,0.33,2.01,0.424,6.6
3.0,1.0,1.5,4.5,0.6,14400,0.4,57,86.0,24.15,0.33,2.01,0.424,6.6
3.0,1.0,1.5,4.5,0.6,,0.4,57,86.0,24.15,0.33,2.01,0.424,6.6
3.0,1.0,1.5,4.5,0.8,2400,0.2,57,86.0,24.15,0.33,2.01,0.424,6.6
3.0,1.0,1.5,4.5,0.8,3600,0.2,57,86.0,24.15,0.33,2.01,0.424,6.6
3.0,1.0,1.5,4.5,0.8,7200,0.2,57,86.0,24.15,0.33,2.01,0.424,6.6
3.0,1.0,1.5,4.5,0.8,7200,0.4,57,86.0,24.15,0.33,2.01,0.424,6.6
3.0,1.0,1.5,4.5,0.8,14400,0.2,57,86.0,24.15,0.33,2.01,0.424,6.6
3.0,1.0,1.5,4.5,0.8,14400,0.4,57,86.0,24.15,0.33,2.01,0.424,6.6
3.0,1.0,1.5,4.5,0.8,,0.4,57,86.0,24.15,0.33,2.01,0.424,6.6
2.0,1.5,2.5,4.5,0.6,7200,0.8,59,74.6,24.67,0.66,1.94,0.418,8.84
3.0,1.5,2.5,3.0,0.6,1200,0.4,62,80.6,25.94,0.49,2.05,0.418,4.91
3.0,1.0,1.5,4.5,0.4,1200,0.2,58,86.2,24.19,0.32,2.01,0.417,6.6
3.0,1.0,1.5,4.5,0.6,1200,0.2,58,86.2,24.19,0.32,2.01,0.417,6.6
3.0,1.0,1.5,4.5,0.8,1200,0.2,58,86.2,24.19,0.32,2.01,0.417,6.6
2.0,1.5,2.5,3.0,0.4,7200,0.8,59,74.6,24.53,0.66,1.94,0.416,8.44
5.0,1.5,2.5,4.5,0.4,1200,0.4,49,83.7,20.31,0.35,1.79,0.414,9.12
3.0,1.0,1.5,4.5,0.4,14400,0.8,58,84.5,23.95,0.37,1.99,0.413,6.6
3.0,1.0,1.5,4.5,0.6,14400,0.8,58,84.5,23.95,0.37,1.99,0.413,6.6
3.0,1.0,1.5,4.5,0.8,14400,0.8,58,84.5,23.95,0.37,1.99,0.413,6.6
3.0,1.5,2.5,3.0,0.8,1200,0.4,62,80.6,25.49,0.49,2.03,0.411,4.84
3.0,1.0,2.5,3.0,0.4,2400,0.2,57,86.0,23.25,0.32,1.97,0.408,6.6
3.0,1.0,2.5,3.0,0.4,3600,0.2,57,86.0,23.25,0.32,1.97,0.408,6.6
3.0,1.0,2.5,3.0,0.4,7200,0.2,57,86.0,23.25,0.32,1.97,0.408,6.6
3.0,1.0,2.5,3.0,0.4,7200,0.4,57,86.0,23.25,0.32,1.97,0.408,6.6
3.0,1.0,2.5,3.0,0.4,14400,0.2,57,86.0,23.25,0.32,1.97,0.408,6.6
3.0,1.0,2.5,3.0,0.4,14400,0.4,57,86.0,23.25,0.32,1.97,0.408,6.6
3.0,1.0,2.5,3.0,0.4,,0.4,57,86.0,23.25,0.32,1.97,0.408,6.6
3.0,1.0,2.5,3.0,0.6,2400,0.2,57,86.0,23.25,0.32,1.97,0.408,6.6
3.0,1.0,2.5,3.0,0.6,3600,0.2,57,86.0,23.25,0.32,1.97,0.408,6.6
3.0,1.0,2.5,3.0,0.6,7200,0.2,57,86.0,23.25,0.32,1.97,0.408,6.6
3.0,1.0,2.5,3.0,0.6,7200,0.4,57,86.0,23.25,0.32,1.97,0.408,6.6
3.0,1.0,2.5,3.0,0.6,14400,0.2,57,86.0,23.25,0.32,1.97,0.408,6.6
3.0,1.0,2.5,3.0,0.6,14400,0.4,57,86.0,23.25,0.32,1.97,0.408,6.6
3.0,1.0,2.5,3.0,0.6,,0.4,57,86.0,23.25,0.32,1.97,0.408,6.6
3.0,1.0,2.5,3.0,0.8,2400,0.2,57,86.0,23.25,0.32,1.97,0.408,6.6
3.0,1.0,2.5,3.0,0.8,3600,0.2,57,86.0,23.25,0.32,1.97,0.408,6.6
3.0,1.0,2.5,3.0,0.8,7200,0.2,57,86.0,23.25,0.32,1.97,0.408,6.6
3.0,1.0,2.5,3.0,0.8,7200,0.4,57,86.0,23.25,0.32,1.97,0.408,6.6
3.0,1.0,2.5,3.0,0.8,14400,0.2,57,86.0,23.25,0.32,1.97,0.408,6.6
3.0,1.0,2.5,3.0,0.8,14400,0.4,57,86.0,23.25,0.32,1.97,0.408,6.6
3.0,1.0,2.5,3.0,0.8,,0.4,57,86.0,23.25,0.32,1.97,0.408,6.6
5.0,1.0,1.5,3.0,0.4,2400,0.2,48,89.6,19.55,0.21,1.78,0.407,10.05
5.0,1.0,1.5,3.0,0.4,3600,0.2,48,89.6,19.55,0.21,1.78,0.407,10.05
5.0,1.0,1.5,3.0,0.4,7200,0.2,48,89.6,19.55,0.21,1.78,0.407,10.05
5.0,1.0,1.5,3.0,0.4,7200,0.4,48,89.6,19.55,0.21,1.78,0.407,10.05
5.0,1.0,1.5,3.0,0.4,14400,0.2,48,89.6,19.55,0.21,1.78,0.407,10.05
5.0,1.0,1.5,3.0,0.4,14400,0.4,48,89.6,19.55,0.21,1.78,0.407,10.05
5.0,1.0,1.5,3.0,0.4,,0.4,48,89.6,19.55,0.21,1.78,0.407,10.05
5.0,1.0,1.5,3.0,0.6,2400,0.2,48,89.6,19.55,0.21,1.78,0.407,10.05
5.0,1.0,1.5,3.0,0.6,3600,0.2,48,89.6,19.55,0.21,1.78,0.407,10.05
5.0,1.0,1.5,3.0,0.6,7200,0.2,48,89.6,19.55,0.21,1.78,0.407,10.05
5.0,1.0,1.5,3.0,0.6,7200,0.4,48,89.6,19.55,0.21,1.78,0.407,10.05
5.0,1.0,1.5,3.0,0.6,14400,0.2,48,89.6,19.55,0.21,1.78,0.407,10.05
5.0,1.0,1.5,3.0,0.6,14400,0.4,48,89.6,19.55,0.21,1.78,0.407,10.05
5.0,1.0,1.5,3.0,0.6,,0.4,48,89.6,19.55,0.21,1.78,0.407,10.05
5.0,1.0,1.5,3.0,0.8,2400,0.2,48,89.6,19.55,0.21,1.78,0.407,10.05
5.0,1.0,1.5,3.0,0.8,3600,0.2,48,89.6,19.55,0.21,1.78,0.407,10.05
5.0,1.0,1.5,3.0,0.8,7200,0.2,48,89.6,19.55,0.21,1.78,0.407,10.05
5.0,1.0,1.5,3.0,0.8,7200,0.4,48,89.6,19.55,0.21,1.78,0.407,10.05
5.0,1.0,1.5,3.0,0.8,14400,0.2,48,89.6,19.55,0.21,1.78,0.407,10.05
5.0,1.0,1.5,3.0,0.8,14400,0.4,48,89.6,19.55,0.21,1.78,0.407,10.05
5.0,1.0,1.5,3.0,0.8,,0.4,48,89.6,19.55,0.21,1.78,0.407,10.05
2.0,1.5,2.5,4.5,0.8,7200,0.8,59,74.6,23.7,0.65,1.91,0.402,8.37
3.0,1.0,2.5,3.0,0.4,1200,0.2,58,86.2,23.29,0.32,1.97,0.402,6.6
3.0,1.0,2.5,3.0,0.6,1200,0.2,58,86.2,23.29,0.32,1.97,0.402,6.6
3.0,1.0,2.5,3.0,0.8,1200,0.2,58,86.2,23.29,0.32,1.97,0.402,6.6
3.0,1.0,2.5,4.5,0.4,2400,0.2,57,86.0,22.8,0.32,1.95,0.4,6.6
3.0,1.0,2.5,4.5,0.4,3600,0.2,57,86.0,22.8,0.32,1.95,0.4,6.6
3.0,1.0,2.5,4.5,0.4,7200,0.2,57,86.0,22.8,0.32,1.95,0.4,6.6
3.0,1.0,2.5,4.5,0.4,7200,0.4,57,86.0,22.8,0.32,1.95,0.4,6.6
3.0,1.0,2.5,4.5,0.4,14400,0.2,57,86.0,22.8,0.32,1.95,0.4,6.6
3.0,1.0,2.5,4.5,0.4,14400,0.4,57,86.0,22.8,0.32,1.95,0.4,6.6
3.0,1.0,2.5,4.5,0.4,,0.4,57,86.0,22.8,0.32,1.95,0.4,6.6
3.0,1.0,2.5,4.5,0.6,2400,0.2,57,86.0,22.8,0.32,1.95,0.4,6.6
3.0,1.0,2.5,4.5,0.6,3600,0.2,57,86.0,22.8,0.32,1.95,0.4,6.6
3.0,1.0,2.5,4.5,0.6,7200,0.2,57,86.0,22.8,0.32,1.95,0.4,6.6
3.0,1.0,2.5,4.5,0.6,7200,0.4,57,86.0,22.8,0.32,1.95,0.4,6.6
3.0,1.0,2.5,4.5,0.6,14400,0.2,57,86.0,22.8,0.32,1.95,0.4,6.6
3.0,1.0,2.5,4.5,0.6,14400,0.4,57,86.0,22.8,0.32,1.95,0.4,6.6
3.0,1.0,2.5,4.5,0.6,,0.4,57,86.0,22.8,0.32,1.95,0.4,6.6
3.0,1.0,2.5,4.5,0.8,2400,0.2,57,86.0,22.8,0.32,1.95,0.4,6.6
3.0,1.0,2.5,4.5,0.8,3600,0.2,57,86.0,22.8,0.32,1.95,0.4,6.6
3.0,1.0,2.5,4.5,0.8,7200,0.2,57,86.0,22.8,0.32,1.95,0.4,6.6
3.0,1.0,2.5,4.5,0.8,7200,0.4,57,86.0,22.8,0.32,1.95,0.4,6.6
3.0,1.0,2.5,4.5,0.8,14400,0.2,57,86.0,22.8,0.32,1.95,0.4,6.6
3.0,1.0,2.5,4.5,0.8,14400,0.4,57,86.0,22.8,0.32,1.95,0.4,6.6
3.0,1.0,2.5,4.5,0.8,,0.4,57,86.0,22.8,0.32,1.95,0.4,6.6
5.0,1.0,1.5,3.0,0.4,1200,0.2,49,89.8,19.59,0.2,1.78,0.4,10.05
5.0,1.0,1.5,3.0,0.6,1200,0.2,49,89.8,19.59,0.2,1.78,0.4,10.05
5.0,1.0,1.5,3.0,0.8,1200,0.2,49,89.8,19.59,0.2,1.78,0.4,10.05
3.0,1.0,1.5,3.0,0.4,3600,0.4,58,86.2,23.13,0.31,1.96,0.399,6.6
3.0,1.0,1.5,3.0,0.6,3600,0.4,58,86.2,23.13,0.31,1.96,0.399,6.6
3.0,1.0,1.5,3.0,0.8,3600,0.4,58,86.2,23.13,0.31,1.96,0.399,6.6
3.0,1.0,1.5,4.5,0.4,3600,0.4,58,86.2,23.13,0.31,1.96,0.399,6.6
3.0,1.0,1.5,4.5,0.6,3600,0.4,58,86.2,23.13,0.31,1.96,0.399,6.6
3.0,1.0,1.5,4.5,0.8,3600,0.4,58,86.2,23.13,0.31,1.96,0.399,6.6
3.0,1.0,2.5,3.0,0.4,14400,0.8,58,84.5,23.05,0.36,1.95,0.397,6.6
3.0,1.0,2.5,3.0,0.6,14400,0.8,58,84.5,23.05,0.36,1.95,0.397,6.6
3.0,1.0,2.5,3.0,0.8,14400,0.8,58,84.5,23.05,0.36,1.95,0.397,6.6
2.0,1.5,2.5,3.0,0.6,7200,0.8,59,74.6,23.32,0.65,1.89,0.395,8.84
5.0,1.0,1.5,3.0,0.4,14400,0.8,49,87.8,19.35,0.25,1.77,0.395,10.05
5.0,1.0,1.5,3.0,0.6,14400,0.8,49,87.8,19.35,0.25,1.77,0.395,10.05
5.0,1.0,1.5,3.0,0.8,14400,0.8,49,87.8,19.35,0.25,1.77,0.395,10.05
3.0,1.0,2.5,4.5,0.4,1200,0.2,58,86.2,22.84,0.31,1.95,0.394,6.6
3.0,1.0,2.5,4.5,0.6,1200,0.2,58,86.2,22.84,0.31,1.95,0.394,6.6
3.0,1.0,2.5,4.5,0.8,1200,0.2,58,86.2,22.84,0.31,1.95,0.394,6.6
3.0,1.0,1.5,3.0,0.4,2400,0.4,58,84.5,22.79,0.36,1.94,0.393,6.6
3.0,1.0,1.5,3.0,0.6,2400,0.4,58,84.5,22.79,0.36,1.94,0.393,6.6
3.0,1.0,1.5,3.0,0.8,2400,0.4,58,84.5,22.79,0.36,1.94,0.393,6.6
3.0,1.0,1.5,4.5,0.4,2400,0.4,58,84.5,22.79,0.36,1.94,0.393,6.6
3.0,1.0,1.5,4.5,0.6,2400,0.4,58,84.5,22.79,0.36,1.94,0.393,6.6
3.0,1.0,1.5,4.5,0.8,2400,0.4,58,84.5,22.79,0.36,1.94,0.393,6.6
4.0,1.5,2.5,4.5,0.4,1200,0.4,57,82.5,22.33,0.38,1.78,0.392,8.26
3.0,1.0,2.5,4.5,0.4,14400,0.8,58,84.5,22.6,0.36,1.93,0.39,6.6
3.0,1.0,2.5,4.5,0.6,14400,0.8,58,84.5,22.6,0.36,1.93,0.39,6.6
3.0,1.0,2.5,4.5,0.8,14400,0.8,58,84.5,22.6,0.36,1.93,0.39,6.6
5.0,1.5,2.5,3.0,0.4,1200,0.4,49,83.7,18.96,0.34,1.74,0.387,9.12
4.0,1.0,1.5,3.0,0.4,2400,0.2,56,87.5,21.5,0.25,1.77,0.384,8.4
4.0,1.0,1.5,3.0,0.4,3600,0.2,56,87.5,21.5,0.25,1.77,0.384,8.4
4.0,1.0,1.5,3.0,0.4,7200,0.2,56,87.5,21.5,0.25,1.77,0.384,8.4
4.0,1.0,1.5,3.0,0.4,7200,0.4,56,87.5,21.5,0.25,1.77,0.384,8.4
4.0,1.0,1.5,3.0,0.4,14400,0.2,56,87.5,21.5,0.25,1.77,0.384,8.4
4.0,1.0,1.5,3.0,0.4,14400,0.4,56,87.5,21.5,0.25,1.77,0.384,8.4
4.0,1.0,1.5,3.0,0.4,,0.4,56,87.5,21.5,0.25,1.77,0.384,8.4
4.0,1.0,1.5,3.0,0.6,2400,0.2,56,87.5,21.5,0.25,1.77,0.384,8.4
4.0,1.0,1.5,3.0,0.6,3600,0.2,56,87.5,21.5,0.25,1.77,0.384,8.4
4.0,1.0,1.5,3.0,0.6,7200,0.2,56,87.5,21.5,0.25,1.77,0.384,8.4
4.0,1.0,1.5,3.0,0.6,7200,0.4,56,87.5,21.5,0.25,1.77,0.384,8.4
4.0,1.0,1.5,3.0,0.6,14400,0.2,56,87.5,21.5,0.25,1.77,0.384,8.4
4.0,1.0,1.5,3.0,0.6,14400,0.4,56,87.5,21.5,0.25,1.77,0.384,8.4
4.0,1.0,1.5,3.0,0.6,,0.4,56,87.5,21.5,0.25,1.77,0.384,8.4
4.0,1.0,1.5,3.0,0.8,2400,0.2,56,87.5,21.5,0.25,1.77,0.384,8.4
4.0,1.0,1.5,3.0,0.8,3600,0.2,56,87.5,21.5,0.25,1.77,0.384,8.4
4.0,1.0,1.5,3.0,0.8,7200,0.2,56,87.5,21.5,0.25,1.77,0.384,8.4
4.0,1.0,1.5,3.0,0.8,7200,0.4,56,87.5,21.5,0.25,1.77,0.384,8.4
4.0,1.0,1.5,3.0,0.8,14400,0.2,56,87.5,21.5,0.25,1.77,0.384,8.4
4.0,1.0,1.5,3.0,0.8,14400,0.4,56,87.5,21.5,0.25,1.77,0.384,8.4
4.0,1.0,1.5,3.0,0.8,,0.4,56,87.5,21.5,0.25,1.77,0.384,8.4
2.0,1.5,2.5,3.0,0.8,7200,0.8,59,74.6,22.35,0.63,1.86,0.379,8.37
5.0,1.0,1.5,4.5,0.4,2400,0.2,48,89.6,18.2,0.2,1.73,0.379,10.05
5.0,1.0,1.5,4.5,0.4,3600,0.2,48,89.6,18.2,0.2,1.73,0.379,10.05
5.0,1.0,1.5,4.5,0.4,7200,0.2,48,89.6,18.2,0.2,1.73,0.379,10.05
5.0,1.0,1.5,4.5,0.4,7200,0.4,48,89.6,18.2,0.2,1.73,0.379,10.05
5.0,1.0,1.5,4.5,0.4,14400,0.2,48,89.6,18.2,0.2,1.73,0.379,10.05
5.0,1.0,1.5,4.5,0.4,14400,0.4,48,89.6,18.2,0.2,1.73,0.379,10.05
5.0,1.0,1.5,4.5,0.4,,0.4,48,89.6,18.2,0.2,1.73,0.379,10.05
5.0,1.0,1.5,4.5,0.6,2400,0.2,48,89.6,18.2,0.2,1.73,0.379,10.05
5.0,1.0,1.5,4.5,0.6,3600,0.2,48,89.6,18.2,0.2,1.73,0.379,10.05
5.0,1.0,1.5,4.5,0.6,7200,0.2,48,89.6,18.2,0.2,1.73,0.379,10.05
5.0,1.0,1.5,4.5,0.6,7200,0.4,48,89.6,18.2,0.2,1.73,0.379,10.05
5.0,1.0,1.5,4.5,0.6,14400,0.2,48,89.6,18.2,0.2,1.73,0.379,10.05
5.0,1.0,1.5,4.5,0.6,14400,0.4,48,89.6,18.2,0.2,1.73,0.379,10.05
5.0,1.0,1.5,4.5,0.6,,0.4,48,89.6,18.2,0.2,1.73,0.379,10.05
5.0,1.0,1.5,4.5,0.8,2400,0.2,48,89.6,18.2,0.2,1.73,0.379,10.05
5.0,1.0,1.5,4.5,0.8,3600,0.2,48,89.6,18.2,0.2,1.73,0.379,10.05
5.0,1.0,1.5,4.5,0.8,7200,0.2,48,89.6,18.2,0.2,1.73,0.379,10.05
5.0,1.0,1.5,4.5,0.8,7200,0.4,48,89.6,18.2,0.2,1.73,0.379,10.05
5.0,1.0,1.5,4.5,0.8,14400,0.2,48,89.6,18.2,0.2,1.73,0.379,10.05
5.0,1.0,1.5,4.5,0.8,14400,0.4,48,89.6,18.2,0.2,1.73,0.379,10.05
5.0,1.0,1.5,4.5,0.8,,0.4,48,89.6,18.2,0.2,1.73,0.379,10.05
4.0,1.0,1.5,3.0,0.4,1200,0.2,57,87.7,21.54,0.25,1.77,0.378,8.4
4.0,1.0,1.5,3.0,0.6,1200,0.2,57,87.7,21.54,0.25,1.77,0.378,8.4
4.0,1.0,1.5,3.0,0.8,1200,0.2,57,87.7,21.54,0.25,1.77,0.378,8.4
4.0,1.5,2.5,4.5,0.6,1200,0.4,57,82.5,21.48,0.37,1.75,0.377,8.86
2.0,1.5,2.5,4.5,0.4,1200,0.4,62,74.2,23.2,0.67,1.94,0.374,8.44
4.0,1.0,1.5,3.0,0.4,14400,0.8,57,86.0,21.3,0.29,1.76,0.374,8.4
4.0,1.0,1.5,3.0,0.6,14400,0.8,57,86.0,21.3,0.29,1.76,0.374,8.4
4.0,1.0,1.5,3.0,0.8,14400,0.8,57,86.0,21.3,0.29,1.76,0.374,8.4
5.0,1.5,2.5,4.5,0.6,1200,0.4,49,83.7,18.3,0.33,1.72,0.373,9.52
5.0,1.0,1.5,4.5,0.4,1200,0.2,49,89.8,18.24,0.2,1.73,0.372,10.05
5.0,1.0,1.5,4.5,0.6,1200,0.2,49,89.8,18.24,0.2,1.73,0.372,10.05
5.0,1.0,1.5,4.5,0.8,1200,0.2,49,89.8,18.24,0.2,1.73,0.372,10.05
3.0,0.7,1.5,3.0,0.4,2400,0.2,62,90.3,22.95,0.24,2.28,0.37,3.0
3.0,0.7,1.5,3.0,0.4,3600,0.2,62,90.3,22.95,0.24,2.28,0.37,3.0
3.0,0.7,1.5,3.0,0.4,7200,0.2,62,90.3,22.95,0.24,2.28,0.37,3.0
3.0,0.7,1.5,3.0,0.4,7200,0.4,62,90.3,22.95,0.24,2.28,0.37,3.0
3.0,0.7,1.5,3.0,0.4,14400,0.2,62,90.3,22.95,0.24,2.28,0.37,3.0
3.0,0.7,1.5,3.0,0.4,14400,0.4,62,90.3,22.95,0.24,2.28,0.37,3.0
3.0,0.7,1.5,3.0,0.4,,0.4,62,90.3,22.95,0.24,2.28,0.37,3.0
3.0,0.7,1.5,3.0,0.6,2400,0.2,62,90.3,22.95,0.24,2.28,0.37,3.0
3.0,0.7,1.5,3.0,0.6,3600,0.2,62,90.3,22.95,0.24,2.28,0.37,3.0
3.0,0.7,1.5,3.0,0.6,7200,0.2,62,90.3,22.95,0.24,2.28,0.37,3.0
3.0,0.7,1.5,3.0,0.6,7200,0.4,62,90.3,22.95,0.24,2.28,0.37,3.0
3.0,0.7,1.5,3.0,0.6,14400,0.2,62,90.3,22.95,0.24,2.28,0.37,3.0
3.0,0.7,1.5,3.0,0.6,14400,0.4,62,90.3,22.95,0.24,2.28,0.37,3.0
3.0,0.7,1.5,3.0,0.6,,0.4,62,90.3,22.95,0.24,2.28,0.37,3.0
3.0,0.7,1.5,3.0,0.8,2400,0.2,62,90.3,22.95,0.24,2.28,0.37,3.0
3.0,0.7,1.5,3.0,0.8,3600,0.2,62,90.3,22.95,0.24,2.28,0.37,3.0
3.0,0.7,1.5,3.0,0.8,7200,0.2,62,90.3,22.95,0.24,2.28,0.37,3.0
3.0,0.7,1.5,3.0,0.8,7200,0.4,62,90.3,22.95,0.24,2.28,0.37,3.0
3.0,0.7,1.5,3.0,0.8,14400,0.2,62,90.3,22.95,0.24,2.28,0.37,3.0
3.0,0.7,1.5,3.0,0.8,14400,0.4,62,90.3,22.95,0.24,2.28,0.37,3.0
3.0,0.7,1.5,3.0,0.8,,0.4,62,90.3,22.95,0.24,2.28,0.37,3.0
3.0,1.5,2.5,3.0,0.4,3600,0.8,64,73.4,23.68,0.7,1.92,0.37,4.65
3.0,1.5,2.5,4.5,0.4,3600,0.8,64,73.4,23.68,0.7,1.92,0.37,4.65
4.0,1.5,2.5,3.0,0.4,1200,0.4,57,82.5,20.98,0.37,1.73,0.368,8.26
4.0,1.5,2.5,4.5,0.8,1200,0.4,57,82.5,20.9,0.37,1.73,0.367,8.59
5.0,1.0,1.5,4.5,0.4,14400,0.8,49,87.8,18.0,0.24,1.71,0.367,10.05
5.0,1.0,1.5,4.5,0.6,14400,0.8,49,87.8,18.0,0.24,1.71,0.367,10.05
5.0,1.0,1.5,4.5,0.8,14400,0.8,49,87.8,18.0,0.24,1.71,0.367,10.05
5.0,1.5,2.5,4.5,0.8,1200,0.4,49,83.7,17.92,0.33,1.7,0.366,9.05
3.0,0.7,1.5,3.0,0.4,1200,0.2,63,90.5,22.99,0.24,2.28,0.365,3.0
3.0,0.7,1.5,3.0,0.6,1200,0.2,63,90.5,22.99,0.24,2.28,0.365,3.0
3.0,0.7,1.5,3.0,0.8,1200,0.2,63,90.5,22.99,0.24,2.28,0.365,3.0
2.0,1.5,2.5,4.5,0.6,1200,0.4,62,74.2,22.38,0.66,1.91,0.361,8.84
3.0,0.7,1.5,3.0,0.4,14400,0.8,63,88.9,22.75,0.28,2.25,0.361,3.0
3.0,0.7,1.5,3.0,0.6,14400,0.8,63,88.9,22.75,0.28,2.25,0.361,3.0
3.0,0.7,1.5,3.0,0.8,14400,0.8,63,88.9,22.75,0.28,2.25,0.361,3.0
3.0,1.0,2.5,3.0,0.4,3600,0.4,58,86.2,20.88,0.3,1.87,0.36,6.6
3.0,1.0,2.5,3.0,0.6,3600,0.4,58,86.2,20.88,0.3,1.87,0.36,6.6
3.0,1.0,2.5,3.0,0.8,3600,0.4,58,86.2,20.88,0.3,1.87,0.36,6.6
3.0,1.0,2.5,4.5,0.4,3600,0.4,58,86.2,20.88,0.3,1.87,0.36,6.6
3.0,1.0,2.5,4.5,0.6,3600,0.4,58,86.2,20.88,0.3,1.87,0.36,6.6
3.0,1.0,2.5,4.5,0.8,3600,0.4,58,86.2,20.88,0.3,1.87,0.36,6.6
4.0,1.0,1.5,4.5,0.4,2400,0.2,56,87.5,20.15,0.25,1.72,0.36,8.4
4.0,1.0,1.5,4.5,0.4,3600,0.2,56,87.5,20.15,0.25,1.72,0.36,8.4
4.0,1.0,1.5,4.5,0.4,7200,0.2,56,87.5,20.15,0.25,1.72,0.36,8.4
4.0,1.0,1.5,4.5,0.4,7200,0.4,56,87.5,20.15,0.25,1.72,0.36,8.4
4.0,1.0,1.5,4.5,0.4,14400,0.2,56,87.5,20.15,0.25,1.72,0.36,8.4
4.0,1.0,1.5,4.5,0.4,14400,0.4,56,87.5,20.15,0.25,1.72,0.36,8.4
4.0,1.0,1.5,4.5,0.4,,0.4,56,87.5,20.15,0.25,1.72,0.36,8.4
4.0,1.0,1.5,4.5,0.6,2400,0.2,56,87.5,20.15,0.25,1.72,0.36,8.4
4.0,1.0,1.5,4.5,0.6,3600,0.2,56,87.5,20.15,0.25,1.72,0.36,8.4
4.0,1.0,1.5,4.5,0.6,7200,0.2,56,87.5,20.15,0.25,1.72,0.36,8.4
4.0,1.0,1.5,4.5,0.6,7200,0.4,56,87.5,20.15,0.25,1.72,0.36,8.4
4.0,1.0,1.5,4.5,0.6,14400,0.2,56,87.5,20.15,0.25,1.72,0.36,8.4
4.0,1.0,1.5,4.5,0.6,14400,0.4,56,87.5,20.15,0.25,1.72,0.36,8.4
4.0,1.0,1.5,4.5,0.6,,0.4,56,87.5,20.15,0.25,1.72,0.36,8.4
4.0,1.0,1.5,4.5,0.8,2400,0.2,56,87.5,20.15,0.25,1.72,0.36,8.4
4.0,1.0,1.5,4.5,0.8,3600,0.2,56,87.5,20.15,0.25,1.72,0.36,8.4
4.0,1.0,1.5,4.5,0.8,7200,0.2,56,87.5,20.15,0.25,1.72,0.36,8.4
4.0,1.0,1.5,4.5,0.8,7200,0.4,56,87.5,20.15,0.25,1.72,0.36,8.4
4.0,1.0,1.5,4.5,0.8,14400,0.2,56,87.5,20.15,0.25,1.72,0.36,8.4
4.0,1.0,1.5,4.5,0.8,14400,0.4,56,87.5,20.15,0.25,1.72,0.36,8.4
4.0,1.0,1.5,4.5,0.8,,0.4,56,87.5,20.15,0.25,1.72,0.36,8.4
3.0,1.5,2.5,3.0,0.8,3600,0.8,64,73.4,22.74,0.68,1.89,0.355,4.84
3.0,1.5,2.5,4.5,0.8,3600,0.8,64,73.4,22.74,0.68,1.89,0.355,4.84
3.0,1.0,2.5,3.0,0.4,2400,0.4,58,84.5,20.54,0.34,1.85,0.354,6.6
3.0,1.0,2.5,3.0,0.6,2400,0.4,58,84.5,20.54,0.34,1.85,0.354,6.6
3.0,1.0,2.5,3.0,0.8,2400,0.4,58,84.5,20.54,0.34,1.85,0.354,6.6
3.0,1.0,2.5,4.5,0.4,2400,0.4,58,84.5,20.54,0.34,1.85,0.354,6.6
3.0,1.0,2.5,4.5,0.6,2400,0.4,58,84.5,20.54,0.34,1.85,0.354,6.6
3.0,1.0,2.5,4.5,0.8,2400,0.4,58,84.5,20.54,0.34,1.85,0.354,6.6
4.0,1.0,1.5,4.5,0.4,1200,0.2,57,87.7,20.19,0.24,1.72,0.354,8.4
4.0,1.0,1.5,4.5,0.6,1200,0.2,57,87.7,20.19,0.24,1.72,0.354,8.4
4.0,1.0,1.5,4.5,0.8,1200,0.2,57,87.7,20.19,0.24,1.72,0.354,8.4
3.0,1.5,2.5,3.0,0.6,3600,0.8,64,73.4,22.59,0.68,1.88,0.353,4.91
3.0,1.5,2.5,4.5,0.6,3600,0.8,64,73.4,22.59,0.68,1.88,0.353,4.91
4.0,1.5,2.5,3.0,0.6,1200,0.4,57,82.5,20.13,0.36,1.71,0.353,8.86
2.0,1.5,2.5,3.0,0.4,1200,0.4,62,74.2,21.85,0.66,1.88,0.352,8.44
3.0,1.0,1.5,3.0,0.4,7200,0.8,58,82.8,20.37,0.38,1.84,0.351,6.6
3.0,1.0,1.5,3.0,0.6,7200,0.8,58,82.8,20.37,0.38,1.84,0.351,6.6
3.0,1.0,1.5,3.0,0.8,7200,0.8,58,82.8,20.37,0.38,1.84,0.351,6.6
3.0,1.0,1.5,4.5,0.4,7200,0.8,58,82.8,20.37,0.38,1.84,0.351,6.6
3.0,1.0,1.5,4.5,0.6,7200,0.8,58,82.8,20.37,0.38,1.84,0.351,6.6
3.0,1.0,1.5,4.5,0.8,7200,0.8,58,82.8,20.37,0.38,1.84,0.351,6.6
5.0,1.0,1.5,3.0,0.4,3600,0.4,49,89.8,17.18,0.19,1.69,0.351,10.05
5.0,1.0,1.5,3.0,0.6,3600,0.4,49,89.8,17.18,0.19,1.69,0.351,10.05
5.0,1.0,1.5,3.0,0.8,3600,0.4,49,89.8,17.18,0.19,1.69,0.351,10.05
5.0,1.0,1.5,4.5,0.4,3600,0.4,49,89.8,17.18,0.19,1.69,0.351,10.05
5.0,1.0,1.5,4.5,0.6,3600,0.4,49,89.8,17.18,0.19,1.69,0.351,10.05
5.0,1.0,1.5,4.5,0.8,3600,0.4,49,89.8,17.18,0.19,1.69,0.351,10.05
5.0,1.0,2.5,3.0,0.4,2400,0.2,48,89.6,16.85,0.19,1.67,0.351,10.5
5.0,1.0,2.5,3.0,0.4,3600,0.2,48,89.6,16.85,0.19,1.67,0.351,10.5
5.0,1.0,2.5,3.0,0.4,7200,0.2,48,89.6,16.85,0.19,1.67,0.351,10.5
5.0,1.0,2.5,3.0,0.4,7200,0.4,48,89.6,16.85,0.19,1.67,0.351,10.5
5.0,1.0,2.5,3.0,0.4,14400,0.2,48,89.6,16.85,0.19,1.67,0.351,10.5
5.0,1.0,2.5,3.0,0.4,14400,0.4,48,89.6,16.85,0.19,1.67,0.351,10.5
5.0,1.0,2.5,3.0,0.4,,0.4,48,89.6,16.85,0.19,1.67,0.351,10.5
5.0,1.0,2.5,3.0,0.6,2400,0.2,48,89.6,16.85,0.19,1.67,0.351,10.5
5.0,1.0,2.5,3.0,0.6,3600,0.2,48,89.6,16.85,0.19,1.67,0.351,10.5
5.0,1.0,2.5,3.0,0.6,7200,0.2,48,89.6,16.85,0.19,1.67,0.351,10.5
5.0,1.0,2.5,3.0,0.6,7200,0.4,48,89.6,16.85,0.19,1.67,0.351,10.5
5.0,1.0,2.5,3.0,0.6,14400,0.2,48,89.6,16.85,0.19,1.67,0.351,10.5
5.0,1.0,2.5,3.0,0.6,14400,0.4,48,89.6,16.85,0.19,1.67,0.351,10.5
5.0,1.0,2.5,3.0,0.6,,0.4,48,89.6,16.85,0.19,1.67,0.351,10.5
5.0,1.0,2.5,3.0,0.8,2400,0.2,48,89.6,16.85,0.19,1.67,0.351,10.5
5.0,1.0,2.5,3.0,0.8,3600,0.2,48,89.6,16.85,0.19,1.67,0.351,10.5
5.0,1.0,2.5,3.0,0.8,7200,0.2,48,89.6,16.85,0.19,1.67,0.351,10.5
5.0,1.0,2.5,3.0,0.8,7200,0.4,48,89.6,16.85,0.19,1.67,0.351,10.5
5.0,1.0,2.5,3.0,0.8,14400,0.2,48,89.6,16.85,0.19,1.67,0.351,10.5
5.0,1.0,2.5,3.0,0.8,14400,0.4,48,89.6,16.85,0.19,1.67,0.351,10.5
5.0,1.0,2.5,3.0,0.8,,0.4,48,89.6,16.85,0.19,1.67,0.351,10.5
4.0,1.0,1.5,4.5,0.4,14400,0.8,57,86.0,19.95,0.28,1.71,0.35,8.4
4.0,1.0,1.5,4.5,0.6,14400,0.8,57,86.0,19.95,0.28,1.71,0.35,8.4
4.0,1.0,1.5,4.5,0.8,14400,0.8,57,86.0,19.95,0.28,1.71,0.35,8.4
3.0,0.7,1.5,4.5,0.4,2400,0.2,62,90.3,21.6,0.24,2.2,0.348,3.0
3.0,0.7,1.5,4.5,0.4,3600,0.2,62,90.3,21.6,0.24,2.2,0.348,3.0
3.0,0.7,1.5,4.5,0.4,7200,0.2,62,90.3,21.6,0.24,2.2,0.348,3.0
3.0,0.7,1.5,4.5,0.4,7200,0.4,62,90.3,21.6,0.24,2.2,0.348,3.0
3.0,0.7,1.5,4.5,0.4,14400,0.2,62,90.3,21.6,0.24,2.2,0.348,3.0
3.0,0.7,1.5,4.5,0.4,14400,0.4,62,90.3,21.6,0.24,2.2,0.348,3.0
3.0,0.7,1.5,4.5,0.4,,0.4,62,90.3,21.6,0.24,2.2,0.348,3.0
3.0,0.7,1.5,4.5,0.6,2400,0.2,62,90.3,21.6,0.24,2.2,0.348,3.0
3.0,0.7,1.5,4.5,0.6,3600,0.2,62,90.3,21.6,0.24,2.2,0.348,3.0
3.0,0.7,1.5,4.5,0.6,7200,0.2,62,90.3,21.6,0.24,2.2,0.348,3.0
3.0,0.7,1.5,4.5,0.6,7200,0.4,62,90.3,21.6,0.24,2.2,0.348,3.0
3.0,0.7,1.5,4.5,0.6,14400,0.2,62,90.3,21.6,0.24,2.2,0.348,3.0
3.0,0.7,1.5,4.5,0.6,14400,0.4,62,90.3,21.6,0.24,2.2,0.348,3.0
3.0,0.7,1.5,4.5,0.6,,0.4,62,90.3,21.6,0.24,2.2,0.348,3.0
3.0,0.7,1.5,4.5,0.8,2400,0.2,62,90.3,21.6,0.24,2.2,0.348,3.0
3.0,0.7,1.5,4.5,0.8,3600,0.2,62,90.3,21.6,0.24,2.2,0.348,3.0
3.0,0.7,1.5,4.5,0.8,7200,0.2,62,90.3,21.6,0.24,2.2,0.348,3.0
3.0,0.7,1.5,4.5,0.8,7200,0.4,62,90.3,21.6,0.24,2.2,0.348,3.0
3.0,0.7,1.5,4.5,0.8,14400,0.2,62,90.3,21.6,0.24,2.2,0.348,3.0
3.0,0.7,1.5,4.5,0.8,14400,0.4,62,90.3,21.6,0.24,2.2,0.348,3.0
3.0,0.7,1.5,4.5,0.8,,0.4,62,90.3,21.6,0.24,2.2,0.348,3.0
5.0,1.5,2.5,3.0,0.6,1200,0.4,49,83.7,16.95,0.32,1.66,0.346,9.52
5.0,1.0,2.5,3.0,0.4,1200,0.2,49,89.8,16.89,0.19,1.68,0.345,10.5
5.0,1.0,2.5,3.0,0.6,1200,0.2,49,89.8,16.89,0.19,1.68,0.345,10.5
5.0,1.0,2.5,3.0,0.8,1200,0.2,49,89.8,16.89,0.19,1.68,0.345,10.5
4.0,1.0,2.5,3.0,0.4,2400,0.2,56,87.5,19.25,0.24,1.69,0.344,8.4
4.0,1.0,2.5,3.0,0.4,3600,0.2,56,87.5,19.25,0.24,1.69,0.344,8.4
4.0,1.0,2.5,3.0,0.4,7200,0.2,56,87.5,19.25,0.24,1.69,0.344,8.4
4.0,1.0,2.5,3.0,0.4,7200,0.4,56,87.5,19.25,0.24,1.69,0.344,8.4
4.0,1.0,2.5,3.0,0.4,14400,0.2,56,87.5,19.25,0.24,1.69,0.344,8.4
4.0,1.0,2.5,3.0,0.4,14400,0.4,56,87.5,19.25,0.24,1.69,0.344,8.4
4.0,1.0,2.5,3.0,0.4,,0.4,56,87.5,19.25,0.24,1.69,0.344,8.4
4.0,1.0,2.5,3.0,0.6,2400,0.2,56,87.5,19.25,0.24,1.69,0.344,8.4
4.0,1.0,2.5,3.0,0.6,3600,0.2,56,87.5,19.25,0.24,1.69,0.344,8.4
4.0,1.0,2.5,3.0,0.6,7200,0.2,56,87.5,19.25,0.24,1.69,0.344,8.4
4.0,1.0,2.5,3.0,0.6,7200,0.4,56,87.5,19.25,0.24,1.69,0.344,8.4
4.0,1.0,2.5,3.0,0.6,14400,0.2,56,87.5,19.25,0.24,1.69,0.344,8.4
4.0,1.0,2.5,3.0,0.6,14400,0.4,56,87.5,19.25,0.24,1.69,0.344,8.4
4.0,1.0,2.5,3.0,0.6,,0.4,56,87.5,19.25,0.24,1.69,0.344,8.4
4.0,1.0,2.5,3.0,0.8,2400,0.2,56,87.5,19.25,0.24,1.69,0.344,8.4
4.0,1.0,2.5,3.0,0.8,3600,0.2,56,87.5,19.25,0.24,1.69,0.344,8.4
4.0,1.0,2.5,3.0,0.8,7200,0.2,56,87.5,19.25,0.24,1.69,0.344,8.4
4.0,1.0,2.5,3.0,0.8,7200,0.4,56,87.5,19.25,0.24,1.69,0.344,8.4
4.0,1.0,2.5,3.0,0.8,14400,0.2,56,87.5,19.25,0.24,1.69,0.344,8.4
4.0,1.0,2.5,3.0,0.8,14400,0.4,56,87.5,19.25,0.24,1.69,0.344,8.4
4.0,1.0,2.5,3.0,0.8,,0.4,56,87.5,19.25,0.24,1.69,0.344,8.4
5.0,1.0,1.5,3.0,0.4,2400,0.4,49,87.8,16.84,0.23,1.67,0.344,10.05
5.0,1.0,1.5,3.0,0.6,2400,0.4,49,87.8,16.84,0.23,1.67,0.344,10.05
5.0,1.0,1.5,3.0,0.8,2400,0.4,49,87.8,16.84,0.23,1.67,0.344,10.05
5.0,1.0,1.5,4.5,0.4,2400,0.4,49,87.8,16.84,0.23,1.67,0.344,10.05
5.0,1.0,1.5,4.5,0.6,2400,0.4,49,87.8,16.84,0.23,1.67,0.344,10.05
5.0,1.0,1.5,4.5,0.8,2400,0.4,49,87.8,16.84,0.23,1.67,0.344,10.05
2.0,1.0,1.5,3.0,0.4,2400,0.2,58,77.6,19.9,0.51,1.77,0.343,8.4
2.0,1.0,1.5,3.0,0.4,3600,0.2,58,77.6,19.9,0.51,1.77,0.343,8.4
2.0,1.0,1.5,3.0,0.4,7200,0.2,58,77.6,19.9,0.51,1.77,0.343,8.4
2.0,1.0,1.5,3.0,0.4,7200,0.4,58,77.6,19.9,0.51,1.77,0.343,8.4
2.0,1.0,1.5,3.0,0.4,14400,0.2,58,77.6,19.9,0.51,1.77,0.343,8.4
2.0,1.0,1.5,3.0,0.4,14400,0.4,58,77.6,19.9,0.51,1.77,0.343,8.4
2.0,1.0,1.5,3.0,0.4,,0.4,58,77.6,19.9,0.51,1.77,0.343,8.4
2.0,1.0,1.5,3.0,0.6,2400,0.2,58,77.6,19.9,0.51,1.77,0.343,8.4
2.0,1.0,1.5,3.0,0.6,3600,0.2,58,77.6,19.9,0.51,1.77,0.343,8.4
2.0,1.0,1.5,3.0,0.6,7200,0.2,58,77.6,19.9,0.51,1.77,0.343,8.4
2.0,1.0,1.5,3.0,0.6,7200,0.4,58,77.6,19.9,0.51,1.77,0.343,8.4
2.0,1.0,1.5,3.0,0.6,14400,0.2,58,77.6,19.9,0.51,1.77,0.343,8.4
2.0,1.0,1.5,3.0,0.6,14400,0.4,58,77.6,19.9,0.51,1.77,0.343,8.4
2.0,1.0,1.5,3.0,0.6,,0.4,58,77.6,19.9,0.51,1.77,0.343,8.4
2.0,1.0,1.5,3.0,0.8,2400,0.2,58,77.6,19.9,0.51,1.77,0.343,8.4
2.0,1.0,1.5,3.0,0.8,3600,0.2,58,77.6,19.9,0.51,1.77,0.343,8.4
2.0,1.0,1.5,3.0,0.8,7200,0.2,58,77.6,19.9,0.51,1.77,0.343,8.4
2.0,1.0,1.5,3.0,0.8,7200,0.4,58,77.6,19.9,0.51,1.77,0.343,8.4
2.0,1.0,1.5,3.0,0.8,14400,0.2,58,77.6,19.9,0.51,1.77,0.343,8.4
2.0,1.0,1.5,3.0,0.8,14400,0.4,58,77.6,19.9,0.51,1.77,0.343,8.4
2.0,1.0,1.5,3.0,0.8,,0.4,58,77.6,19.9,0.51,1.77,0.343,8.4
3.0,0.7,1.5,4.5,0.4,1200,0.2,63,90.5,21.64,0.23,2.2,0.343,3.0
3.0,0.7,1.5,4.5,0.6,1200,0.2,63,90.5,21.64,0.23,2.2,0.343,3.0
3.0,0.7,1.5,4.5,0.8,1200,0.2,63,90.5,21.64,0.23,2.2,0.343,3.0
4.0,1.5,2.5,3.0,0.8,1200,0.4,57,82.5,19.55,0.36,1.68,0.343,8.59
2.0,1.5,2.5,4.5,0.8,1200,0.4,62,74.2,21.21,0.65,1.86,0.342,8.37
5.0,0.7,1.5,3.0,0.4,2400,0.2,56,92.9,19.15,0.15,1.96,0.342,5.0
5.0,0.7,1.5,3.0,0.4,3600,0.2,56,92.9,19.15,0.15,1.96,0.342,5.0
5.0,0.7,1.5,3.0,0.4,7200,0.2,56,92.9,19.15,0.15,1.96,0.342,5.0
5.0,0.7,1.5,3.0,0.4,7200,0.4,56,92.9,19.15,0.15,1.96,0.342,5.0
5.0,0.7,1.5,3.0,0.4,14400,0.2,56,92.9,19.15,0.15,1.96,0.342,5.0
5.0,0.7,1.5,3.0,0.4,14400,0.4,56,92.9,19.15,0.15,1.96,0.342,5.0
5.0,0.7,1.5,3.0,0.4,,0.4,56,92.9,19.15,0.15,1.96,0.342,5.0
5.0,0.7,1.5,3.0,0.6,2400,0.2,56,92.9,19.15,0.15,1.96,0.342,5.0
5.0,0.7,1.5,3.0,0.6,3600,0.2,56,92.9,19.15,0.15,1.96,0.342,5.0
5.0,0.7,1.5,3.0,0.6,7200,0.2,56,92.9,19.15,0.15,1.96,0.342,5.0
5.0,0.7,1.5,3.0,0.6,7200,0.4,56,92.9,19.15,0.15,1.96,0.342,5.0
5.0,0.7,1.5,3.0,0.6,14400,0.2,56,92.9,19.15,0.15,1.96,0.342,5.0
5.0,0.7,1.5,3.0,0.6,14400,0.4,56,92.9,19.15,0.15,1.96,0.342,5.0
5.0,0.7,1.5,3.0,0.6,,0.4,56,92.9,19.15,0.15,1.96,0.342,5.0
5.0,0.7,1.5,3.0,0.8,2400,0.2,56,92.9,19.15,0.15,1.96,0.342,5.0
5.0,0.7,1.5,3.0,0.8,3600,0.2,56,92.9,19.15,0.15,1.96,0.342,5.0
5.0,0.7,1.5,3.0,0.8,7200,0.2,56,92.9,19.15,0.15,1.96,0.342,5.0
5.0,0.7,1.5,3.0,0.8,7200,0.4,56,92.9,19.15,0.15,1.96,0.342,5.0
5.0,0.7,1.5,3.0,0.8,14400,0.2,56,92.9,19.15,0.15,1.96,0.342,5.0
5.0,0.7,1.5,3.0,0.8,14400,0.4,56,92.9,19.15,0.15,1.96,0.342,5.0
5.0,0.7,1.5,3.0,0.8,,0.4,56,92.9,19.15,0.15,1.96,0.342,5.0
5.0,1.0,2.5,4.5,0.4,2400,0.2,48,89.6,16.4,0.19,1.66,0.342,10.5
5.0,1.0,2.5,4.5,0.4,3600,0.2,48,89.6,16.4,0.19,1.66,0.342,10.5
5.0,1.0,2.5,4.5,0.4,7200,0.2,48,89.6,16.4,0.19,1.66,0.342,10.5
5.0,1.0,2.5,4.5,0.4,7200,0.4,48,89.6,16.4,0.19,1.66,0.342,10.5
5.0,1.0,2.5,4.5,0.4,14400,0.2,48,89.6,16.4,0.19,1.66,0.342,10.5
5.0,1.0,2.5,4.5,0.4,14400,0.4,48,89.6,16.4,0.19,1.66,0.342,10.5
5.0,1.0,2.5,4.5,0.4,,0.4,48,89.6,16.4,0.19,1.66,0.342,10.5
5.0,1.0,2.5,4.5,0.6,2400,0.2,48,89.6,16.4,0.19,1.66,0.342,10.5
5.0,1.0,2.5,4.5,0.6,3600,0.2,48,89.6,16.4,0.19,1.66,0.342,10.5
5.0,1.0,2.5,4.5,0.6,7200,0.2,48,89.6,16.4,0.19,1.66,0.342,10.5
5.0,1.0,2.5,4.5,0.6,7200,0.4,48,89.6,16.4,0.19,1.66,0.342,10.5
5.0,1.0,2.5,4.5,0.6,14400,0.2,48,89.6,16.4,0.19,1.66,0.342,10.5
5.0,1.0,2.5,4.5,0.6,14400,0.4,48,89.6,16.4,0.19,1.66,0.342,10.5
5.0,1.0,2.5,4.5,0.6,,0.4,48,89.6,16.4,0.19,1.66,0.342,10.5
5.0,1.0,2.5,4.5,0.8,2400,0.2,48,89.6,16.4,0.19,1.66,0.342,10.5
5.0,1.0,2.5,4.5,0.8,3600,0.2,48,89.6,16.4,0.19,1.66,0.342,10.5
5.0,1.0,2.5,4.5,0.8,7200,0.2,48,89.6,16.4,0.19,1.66,0.342,10.5
5.0,1.0,2.5,4.5,0.8,7200,0.4,48,89.6,16.4,0.19,1.66,0.342,10.5
5.0,1.0,2.5,4.5,0.8,14400,0.2,48,89.6,16.4,0.19,1.66,0.342,10.5
5.0,1.0,2.5,4.5,0.8,14400,0.4,48,89.6,16.4,0.19,1.66,0.342,10.5
5.0,1.0,2.5,4.5,0.8,,0.4,48,89.6,16.4,0.19,1.66,0.342,10.5
3.0,0.7,1.5,4.5,0.4,14400,0.8,63,88.9,21.4,0.27,2.18,0.34,3.0
3.0,0.7,1.5,4.5,0.6,14400,0.8,63,88.9,21.4,0.27,2.18,0.34,3.0
3.0,0.7,1.5,4.5,0.8,14400,0.8,63,88.9,21.4,0.27,2.18,0.34,3.0
5.0,1.0,2.5,3.0,0.4,14400,0.8,49,87.8,16.65,0.23,1.66,0.34,10.5
5.0,1.0,2.5,3.0,0.6,14400,0.8,49,87.8,16.65,0.23,1.66,0.34,10.5
5.0,1.0,2.5,3.0,0.8,14400,0.8,49,87.8,16.65,0.23,1.66,0.34,10.5
2.0,1.5,2.5,3.0,0.6,1200,0.4,62,74.2,21.03,0.64,1.85,0.339,8.84
4.0,0.7,1.5,3.0,0.4,2400,0.2,60,91.7,20.32,0.18,2.02,0.339,5.48
4.0,0.7,1.5,3.0,0.4,3600,0.2,60,91.7,20.32,0.18,2.02,0.339,5.48
4.0,0.7,1.5,3.0,0.4,7200,0.2,60,91.7,20.32,0.18,2.02,0.339,5.48
4.0,0.7,1.5,3.0,0.4,7200,0.4,60,91.7,20.32,0.18,2.02,0.339,5.48
4.0,0.7,1.5,3.0,0.4,14400,0.2,60,91.7,20.32,0.18,2.02,0.339,5.48
4.0,0.7,1.5,3.0,0.4,14400,0.4,60,91.7,20.32,0.18,2.02,0.339,5.48
4.0,0.7,1.5,3.0,0.4,,0.4,60,91.7,20.32,0.18,2.02,0.339,5.48
4.0,0.7,1.5,3.0,0.6,2400,0.2,60,91.7,20.32,0.18,2.02,0.339,5.48
4.0,0.7,1.5,3.0,0.6,3600,0.2,60,91.7,20.32,0.18,2.02,0.339,5.48
4.0,0.7,1.5,3.0,0.6,7200,0.2,60,91.7,20.32,0.18,2.02,0.339,5.48
4.0,0.7,1.5,3.0,0.6,7200,0.4,60,91.7,20.32,0.18,2.02,0.339,5.48
4.0,0.7,1.5,3.0,0.6,14400,0.2,60,91.7,20.32,0.18,2.02,0.339,5.48
4.0,0.7,1.5,3.0,0.6,14400,0.4,60,91.7,20.32,0.18,2.02,0.339,5.48
4.0,0.7,1.5,3.0,0.6,,0.4,60,91.7,20.32,0.18,2.02,0.339,5.48
4.0,0.7,1.5,3.0,0.8,2400,0.2,60,91.7,20.32,0.18,2.02,0.339,5.48
4.0,0.7,1.5,3.0,0.8,3600,0.2,60,91.7,20.32,0.18,2.02,0.339,5.48
4.0,0.7,1.5,3.0,0.8,7200,0.2,60,91.7,20.32,0.18,2.02,0.339,5.48
4.0,0.7,1.5,3.0,0.8,7200,0.4,60,91.7,20.32,0.18,2.02,0.339,5.48
4.0,0.7,1.5,3.0,0.8,14400,0.2,60,91.7,20.32,0.18,2.02,0.339,5.48
4.0,0.7,1.5,3.0,0.8,14400,0.4,60,91.7,20.32,0.18,2.02,0.339,5.48
4.0,0.7,1.5,3.0,0.8,,0.4,60,91.7,20.32,0.18,2.02,0.339,5.48
2.0,1.0,1.5,3.0,0.4,1200,0.2,59,78.0,19.94,0.5,1.77,0.338,8.4
2.0,1.0,1.5,3.0,0.6,1200,0.2,59,78.0,19.94,0.5,1.77,0.338,8.4
2.0,1.0,1.5,3.0,0.8,1200,0.2,59,78.0,19.94,0.5,1.77,0.338,8.4
3.0,0.7,2.5,3.0,0.4,2400,0.2,62,90.3,20.97,0.23,2.17,0.338,3.0
3.0,0.7,2.5,3.0,0.4,3600,0.2,62,90.3,20.97,0.23,2.17,0.338,3.0
3.0,0.7,2.5,3.0,0.4,7200,0.2,62,90.3,20.97,0.23,2.17,0.338,3.0
3.0,0.7,2.5,3.0,0.4,7200,0.4,62,90.3,20.97,0.23,2.17,0.338,3.0
3.0,0.7,2.5,3.0,0.4,14400,0.2,62,90.3,20.97,0.23,2.17,0.338,3.0
3.0,0.7,2.5,3.0,0.4,14400,0.4,62,90.3,20.97,0.23,2.17,0.338,3.0
3.0,0.7,2.5,3.0,0.4,,0.4,62,90.3,20.97,0.23,2.17,0.338,3.0
3.0,0.7,2.5,3.0,0.6,2400,0.2,62,90.3,20.97,0.23,2.17,0.338,3.0
3.0,0.7,2.5,3.0,0.6,3600,0.2,62,90.3,20.97,0.23,2.17,0.338,3.0
3.0,0.7,2.5,3.0,0.6,7200,0.2,62,90.3,20.97,0.23,2.17,0.338,3.0
3.0,0.7,2.5,3.0,0.6,7200,0.4,62,90.3,20.97,0.23,2.17,0.338,3.0
3.0,0.7,2.5,3.0,0.6,14400,0.2,62,90.3,20.97,0.23,2.17,0.338,3.0
3.0,0.7,2.5,3.0,0.6,14400,0.4,62,90.3,20.97,0.23,2.17,0.338,3.0
3.0,0.7,2.5,3.0,0.6,,0.4,62,90.3,20.97,0.23,2.17,0.338,3.0
3.0,0.7,2.5,3.0,0.8,2400,0.2,62,90.3,20.97,0.23,2.17,0.338,3.0
3.0,0.7,2.5,3.0,0.8,3600,0.2,62,90.3,20.97,0.23,2.17,0.338,3.0
3.0,0.7,2.5,3.0,0.8,7200,0.2,62,90.3,20.97,0.23,2.17,0.338,3.0
3.0,0.7,2.5,3.0,0.8,7200,0.4,62,90.3,20.97,0.23,2.17,0.338,3.0
3.0,0.7,2.5,3.0,0.8,14400,0.2,62,90.3,20.97,0.23,2.17,0.338,3.0
3.0,0.7,2.5,3.0,0.8,14400,0.4,62,90.3,20.97,0.23,2.17,0.338,3.0
3.0,0.7,2.5,3.0,0.8,,0.4,62,90.3,20.97,0.23,2.17,0.338,3.0
4.0,1.0,2.5,3.0,0.4,1200,0.2,57,87.7,19.29,0.24,1.69,0.338,8.4
4.0,1.0,2.5,3.0,0.6,1200,0.2,57,87.7,19.29,0.24,1.69,0.338,8.4
4.0,1.0,2.5,3.0,0.8,1200,0.2,57,87.7,19.29,0.24,1.69,0.338,8.4
5.0,1.5,2.5,3.0,0.8,1200,0.4,49,83.7,16.57,0.32,1.65,0.338,9.05
5.0,0.7,1.5,3.0,0.4,1200,0.2,57,93.0,19.19,0.15,1.96,0.337,5.0
5.0,0.7,1.5,3.0,0.6,1200,0.2,57,93.0,19.19,0.15,1.96,0.337,5.0
5.0,0.7,1.5,3.0,0.8,1200,0.2,57,93.0,19.19,0.15,1.96,0.337,5.0
4.0,1.0,1.5,3.0,0.4,3600,0.4,57,87.7,19.13,0.24,1.68,0.336,8.4
4.0,1.0,1.5,3.0,0.6,3600,0.4,57,87.7,19.13,0.24,1.68,0.336,8.4
4.0,1.0,1.5,3.0,0.8,3600,0.4,57,87.7,19.13,0.24,1.68,0.336,8.4
4.0,1.0,1.5,4.5,0.4,3600,0.4,57,87.7,19.13,0.24,1.68,0.336,8.4
4.0,1.0,1.5,4.5,0.6,3600,0.4,57,87.7,19.13,0.24,1.68,0.336,8.4
4.0,1.0,1.5,4.5,0.8,3600,0.4,57,87.7,19.13,0.24,1.68,0.336,8.4
4.0,1.0,2.5,4.5,0.4,2400,0.2,56,87.5,18.8,0.24,1.67,0.336,8.4
4.0,1.0,2.5,4.5,0.4,3600,0.2,56,87.5,18.8,0.24,1.67,0.336,8.4
4.0,1.0,2.5,4.5,0.4,7200,0.2,56,87.5,18.8,0.24,1.67,0.336,8.4
4.0,1.0,2.5,4.5,0.4,7200,0.4,56,87.5,18.8,0.24,1.67,0.336,8.4
4.0,1.0,2.5,4.5,0.4,14400,0.2,56,87.5,18.8,0.24,1.67,0.336,8.4
4.0,1.0,2.5,4.5,0.4,14400,0.4,56,87.5,18.8,0.24,1.67,0.336,8.4
4.0,1.0,2.5,4.5,0.4,,0.4,56,87.5,18.8,0.24,1.67,0.336,8.4
4.0,1.0,2.5,4.5,0.6,2400,0.2,56,87.5,18.8,0.24,1.67,0.336,8.4
4.0,1.0,2.5,4.5,0.6,3600,0.2,56,87.5,18.8,0.24,1.67,0.336,8.4
4.0,1.0,2.5,4.5,0.6,7200,0.2,56,87.5,18.8,0.24,1.67,0.336,8.4
4.0,1.0,2.5,4.5,0.6,7200,0.4,56,87.5,18.8,0.24,1.67,0.336,8.4
4.0,1.0,2.5,4.5,0.6,14400,0.2,56,87.5,18.8,0.24,1.67,0.336,8.4
4.0,1.0,2.5,4.5,0.6,14400,0.4,56,87.5,18.8,0.24,1.67,0.336,8.4
4.0,1.0,2.5,4.5,0.6,,0.4,56,87.5,18.8,0.24,1.67,0.336,8.4
4.0,1.0,2.5,4.5,0.8,2400,0.2,56,87.5,18.8,0.24,1.67,0.336,8.4
4.0,1.0,2.5,4.5,0.8,3600,0.2,56,87.5,18.8,0.24,1.67,0.336,8.4
4.0,1.0,2.5,4.5,0.8,7200,0.2,56,87.5,18.8,0.24,1.67,0.336,8.4
4.0,1.0,2.5,4.5,0.8,7200,0.4,56,87.5,18.8,0.24,1.67,0.336,8.4
4.0,1.0,2.5,4.5,0.8,14400,0.2,56,87.5,18.8,0.24,1.67,0.336,8.4
4.0,1.0,2.5,4.5,0.8,14400,0.4,56,87.5,18.8,0.24,1.67,0.336,8.4
4.0,1.0,2.5,4.5,0.8,,0.4,56,87.5,18.8,0.24,1.67,0.336,8.4
5.0,1.0,2.5,4.5,0.4,1200,0.2,49,89.8,16.44,0.19,1.66,0.336,10.5
5.0,1.0,2.5,4.5,0.6,1200,0.2,49,89.8,16.44,0.19,1.66,0.336,10.5
5.0,1.0,2.5,4.5,0.8,1200,0.2,49,89.8,16.44,0.19,1.66,0.336,10.5
2.0,1.0,1.5,3.0,0.4,14400,0.8,59,76.3,19.7,0.55,1.75,0.334,8.4
2.0,1.0,1.5,3.0,0.6,14400,0.8,59,76.3,19.7,0.55,1.75,0.334,8.4
2.0,1.0,1.5,3.0,0.8,14400,0.8,59,76.3,19.7,0.55,1.75,0.334,8.4
4.0,0.7,1.5,3.0,0.4,1200,0.2,61,91.8,20.36,0.18,2.02,0.334,5.48
4.0,0.7,1.5,3.0,0.6,1200,0.2,61,91.8,20.36,0.18,2.02,0.334,5.48
4.0,0.7,1.5,3.0,0.8,1200,0.2,61,91.8,20.36,0.18,2.02,0.334,5.48
4.0,1.0,2.5,3.0,0.4,14400,0.8,57,86.0,19.05,0.27,1.68,0.334,8.4
4.0,1.0,2.5,3.0,0.6,14400,0.8,57,86.0,19.05,0.27,1.68,0.334,8.4
4.0,1.0,2.5,3.0,0.8,14400,0.8,57,86.0,19.05,0.27,1.68,0.334,8.4
3.0,0.7,2.5,3.0,0.4,1200,0.2,63,90.5,21.01,0.23,2.17,0.333,3.0
3.0,0.7,2.5,3.0,0.6,1200,0.2,63,90.5,21.01,0.23,2.17,0.333,3.0
3.0,0.7,2.5,3.0,0.8,1200,0.2,63,90.5,21.01,0.23,2.17,0.333,3.0
5.0,0.7,1.5,3.0,0.4,14400,0.8,57,91.2,18.95,0.19,1.94,0.332,5.0
5.0,0.7,1.5,3.0,0.6,14400,0.8,57,91.2,18.95,0.19,1.94,0.332,5.0
5.0,0.7,1.5,3.0,0.8,14400,0.8,57,91.2,18.95,0.19,1.94,0.332,5.0
3.0,0.7,2.5,4.5,0.4,2400,0.2,62,90.3,20.52,0.23,2.14,0.331,3.0
3.0,0.7,2.5,4.5,0.4,3600,0.2,62,90.3,20.52,0.23,2.14,0.331,3.0
3.0,0.7,2.5,4.5,0.4,7200,0.2,62,90.3,20.52,0.23,2.14,0.331,3.0
3.0,0.7,2.5,4.5,0.4,7200,0.4,62,90.3,20.52,0.23,2.14,0.331,3.0
3.0,0.7,2.5,4.5,0.4,14400,0.2,62,90.3,20.52,0.23,2.14,0.331,3.0
3.0,0.7,2.5,4.5,0.4,14400,0.4,62,90.3,20.52,0.23,2.14,0.331,3.0
3.0,0.7,2.5,4.5,0.4,,0.4,62,90.3,20.52,0.23,2.14,0.331,3.0
3.0,0.7,2.5,4.5,0.6,2400,0.2,62,90.3,20.52,0.23,2.14,0.331,3.0
3.0,0.7,2.5,4.5,0.6,3600,0.2,62,90.3,20.52,0.23,2.14,0.331,3.0
3.0,0.7,2.5,4.5,0.6,7200,0.2,62,90.3,20.52,0.23,2.14,0.331,3.0
3.0,0.7,2.5,4.5,0.6,7200,0.4,62,90.3,20.52,0.23,2.14,0.331,3.0
3.0,0.7,2.5,4.5,0.6,14400,0.2,62,90.3,20.52,0.23,2.14,0.331,3.0
3.0,0.7,2.5,4.5,0.6,14400,0.4,62,90.3,20.52,0.23,2.14,0.331,3.0
3.0,0.7,2.5,4.5,0.6,,0.4,62,90.3,20.52,0.23,2.14,0.331,3.0
3.0,0.7,2.5,4.5,0.8,2400,0.2,62,90.3,20.52,0.23,2.14,0.331,3.0
3.0,0.7,2.5,4.5,0.8,3600,0.2,62,90.3,20.52,0.23,2.14,0.331,3.0
3.0,0.7,2.5,4.5,0.8,7200,0.2,62,90.3,20.52,0.23,2.14,0.331,3.0
3.0,0.7,2.5,4.5,0.8,7200,0.4,62,90.3,20.52,0.23,2.14,0.331,3.0
3.0,0.7,2.5,4.5,0.8,14400,0.2,62,90.3,20.52,0.23,2.14,0.331,3.0
3.0,0.7,2.5,4.5,0.8,14400,0.4,62,90.3,20.52,0.23,2.14,0.331,3.0
3.0,0.7,2.5,4.5,0.8,,0.4,62,90.3,20.52,0.23,2.14,0.331,3.0
4.0,1.0,2.5,4.5,0.4,1200,0.2,57,87.7,18.84,0.23,1.67,0.331,8.4
4.0,1.0,2.5,4.5,0.6,1200,0.2,57,87.7,18.84,0.23,1.67,0.331,8.4
4.0,1.0,2.5,4.5,0.8,1200,0.2,57,87.7,18.84,0.23,1.67,0.331,8.4
5.0,1.0,2.5,4.5,0.4,14400,0.8,49,87.8,16.2,0.23,1.64,0.331,10.5
5.0,1.0,2.5,4.5,0.6,14400,0.8,49,87.8,16.2,0.23,1.64,0.331,10.5
5.0,1.0,2.5,4.5,0.8,14400,0.8,49,87.8,16.2,0.23,1.64,0.331,10.5
3.0,0.7,2.5,3.0,0.4,14400,0.8,63,88.9,20.77,0.27,2.14,0.33,3.0
3.0,0.7,2.5,3.0,0.6,14400,0.8,63,88.9,20.77,0.27,2.14,0.33,3.0
3.0,0.7,2.5,3.0,0.8,14400,0.8,63,88.9,20.77,0.27,2.14,0.33,3.0
4.0,0.7,1.5,3.0,0.4,14400,0.8,61,90.2,20.12,0.22,2.0,0.33,5.48
4.0,0.7,1.5,3.0,0.6,14400,0.8,61,90.2,20.12,0.22,2.0,0.33,5.48
4.0,0.7,1.5,3.0,0.8,14400,0.8,61,90.2,20.12,0.22,2.0,0.33,5.48
4.0,1.0,1.5,3.0,0.4,2400,0.4,57,86.0,18.79,0.27,1.67,0.33,8.4
4.0,1.0,1.5,3.0,0.6,2400,0.4,57,86.0,18.79,0.27,1.67,0.33,8.4
4.0,1.0,1.5,3.0,0.8,2400,0.4,57,86.0,18.79,0.27,1.67,0.33,8.4
4.0,1.0,1.5,4.5,0.4,2400,0.4,57,86.0,18.79,0.27,1.67,0.33,8.4
4.0,1.0,1.5,4.5,0.6,2400,0.4,57,86.0,18.79,0.27,1.67,0.33,8.4
4.0,1.0,1.5,4.5,0.8,2400,0.4,57,86.0,18.79,0.27,1.67,0.33,8.4
3.0,0.7,1.5,3.0,0.4,3600,0.4,63,90.5,20.58,0.23,2.14,0.327,3.0
3.0,0.7,1.5,3.0,0.6,3600,0.4,63,90.5,20.58,0.23,2.14,0.327,3.0
3.0,0.7,1.5,3.0,0.8,3600,0.4,63,90.5,20.58,0.23,2.14,0.327,3.0
3.0,0.7,1.5,4.5,0.4,3600,0.4,63,90.5,20.58,0.23,2.14,0.327,3.0
3.0,0.7,1.5,4.5,0.6,3600,0.4,63,90.5,20.58,0.23,2.14,0.327,3.0
3.0,0.7,1.5,4.5,0.8,3600,0.4,63,90.5,20.58,0.23,2.14,0.327,3.0
3.0,0.7,2.5,4.5,0.4,1200,0.2,63,90.5,20.56,0.23,2.14,0.326,3.0
3.0,0.7,2.5,4.5,0.6,1200,0.2,63,90.5,20.56,0.23,2.14,0.326,3.0
3.0,0.7,2.5,4.5,0.8,1200,0.2,63,90.5,20.56,0.23,2.14,0.326,3.0
4.0,1.0,2.5,4.5,0.4,14400,0.8,57,86.0,18.6,0.27,1.66,0.326,8.4
4.0,1.0,2.5,4.5,0.6,14400,0.8,57,86.0,18.6,0.27,1.66,0.326,8.4
4.0,1.0,2.5,4.5,0.8,14400,0.8,57,86.0,18.6,0.27,1.66,0.326,8.4
3.0,0.7,2.5,4.5,0.4,14400,0.8,63,88.9,20.32,0.26,2.12,0.323,3.0
3.0,0.7,2.5,4.5,0.6,14400,0.8,63,88.9,20.32,0.26,2.12,0.323,3.0
3.0,0.7,2.5,4.5,0.8,14400,0.8,63,88.9,20.32,0.26,2.12,0.323,3.0
3.0,0.7,1.5,3.0,0.4,2400,0.4,63,88.9,20.24,0.26,2.12,0.321,3.0
3.0,0.7,1.5,3.0,0.6,2400,0.4,63,88.9,20.24,0.26,2.12,0.321,3.0
3.0,0.7,1.5,3.0,0.8,2400,0.4,63,88.9,20.24,0.26,2.12,0.321,3.0
3.0,0.7,1.5,4.5,0.4,2400,0.4,63,88.9,20.24,0.26,2.12,0.321,3.0
3.0,0.7,1.5,4.5,0.6,2400,0.4,63,88.9,20.24,0.26,2.12,0.321,3.0
3.0,0.7,1.5,4.5,0.8,2400,0.4,63,88.9,20.24,0.26,2.12,0.321,3.0
2.0,1.0,1.5,4.5,0.4,2400,0.2,58,77.6,18.55,0.49,1.71,0.32,8.4
2.0,1.0,1.5,4.5,0.4,3600,0.2,58,77.6,18.55,0.49,1.71,0.32,8.4
2.0,1.0,1.5,4.5,0.4,7200,0.2,58,77.6,18.55,0.49,1.71,0.32,8.4
2.0,1.0,1.5,4.5,0.4,7200,0.4,58,77.6,18.55,0.49,1.71,0.32,8.4
2.0,1.0,1.5,4.5,0.4,14400,0.2,58,77.6,18.55,0.49,1.71,0.32,8.4
2.0,1.0,1.5,4.5,0.4,14400,0.4,58,77.6,18.55,0.49,1.71,0.32,8.4
2.0,1.0,1.5,4.5,0.4,,0.4,58,77.6,18.55,0.49,1.71,0.32,8.4
2.0,1.0,1.5,4.5,0.6,2400,0.2,58,77.6,18.55,0.49,1.71,0.32,8.4
2.0,1.0,1.5,4.5,0.6,3600,0.2,58,77.6,18.55,0.49,1.71,0.32,8.4
2.0,1.0,1.5,4.5,0.6,7200,0.2,58,77.6,18.55,0.49,1.71,0.32,8.4
2.0,1.0,1.5,4.5,0.6,7200,0.4,58,77.6,18.55,0.49,1.71,0.32,8.4
2.0,1.0,1.5,4.5,0.6,14400,0.2,58,77.6,18.55,0.49,1.71,0.32,8.4
2.0,1.0,1.5,4.5,0.6,14400,0.4,58,77.6,18.55,0.49,1.71,0.32,8.4
2.0,1.0,1.5,4.5,0.6,,0.4,58,77.6,18.55,0.49,1.71,0.32,8.4
2.0,1.0,1.5,4.5,0.8,2400,0.2,58,77.6,18.55,0.49,1.71,0.32,8.4
2.0,1.0,1.5,4.5,0.8,3600,0.2,58,77.6,18.55,0.49,1.71,0.32,8.4
2.0,1.0,1.5,4.5,0.8,7200,0.2,58,77.6,18.55,0.49,1.71,0.32,8.4
2.0,1.0,1.5,4.5,0.8,7200,0.4,58,77.6,18.55,0.49,1.71,0.32,8.4
2.0,1.0,1.5,4.5,0.8,14400,0.2,58,77.6,18.55,0.49,1.71,0.32,8.4
2.0,1.0,1.5,4.5,0.8,14400,0.4,58,77.6,18.55,0.49,1.71,0.32,8.4
2.0,1.0,1.5,4.5,0.8,,0.4,58,77.6,18.55,0.49,1.71,0.32,8.4
2.0,1.5,2.5,3.0,0.8,1200,0.4,62,74.2,19.86,0.63,1.8,0.32,8.37
3.0,1.0,2.5,3.0,0.4,7200,0.8,58,82.8,18.57,0.37,1.77,0.32,6.6
3.0,1.0,2.5,3.0,0.6,7200,0.8,58,82.8,18.57,0.37,1.77,0.32,6.6
3.0,1.0,2.5,3.0,0.8,7200,0.8,58,82.8,18.57,0.37,1.77,0.32,6.6
3.0,1.0,2.5,4.5,0.4,7200,0.8,58,82.8,18.57,0.37,1.77,0.32,6.6
3.0,1.0,2.5,4.5,0.6,7200,0.8,58,82.8,18.57,0.37,1.77,0.32,6.6
3.0,1.0,2.5,4.5,0.8,7200,0.8,58,82.8,18.57,0.37,1.77,0.32,6.6
5.0,0.7,1.5,4.5,0.4,2400,0.2,56,92.9,17.8,0.15,1.89,0.318,5.0
5.0,0.7,1.5,4.5,0.4,3600,0.2,56,92.9,17.8,0.15,1.89,0.318,5.0
5.0,0.7,1.5,4.5,0.4,7200,0.2,56,92.9,17.8,0.15,1.89,0.318,5.0
5.0,0.7,1.5,4.5,0.4,7200,0.4,56,92.9,17.8,0.15,1.89,0.318,5.0
5.0,0.7,1.5,4.5,0.4,14400,0.2,56,92.9,17.8,0.15,1.89,0.318,5.0
5.0,0.7,1.5,4.5,0.4,14400,0.4,56,92.9,17.8,0.15,1.89,0.318,5.0
5.0,0.7,1.5,4.5,0.4,,0.4,56,92.9,17.8,0.15,1.89,0.318,5.0
5.0,0.7,1.5,4.5,0.6,2400,0.2,56,92.9,17.8,0.15,1.89,0.318,5.0
5.0,0.7,1.5,4.5,0.6,3600,0.2,56,92.9,17.8,0.15,1.89,0.318,5.0
5.0,0.7,1.5,4.5,0.6,7200,0.2,56,92.9,17.8,0.15,1.89,0.318,5.0
5.0,0.7,1.5,4.5,0.6,7200,0.4,56,92.9,17.8,0.15,1.89,0.318,5.0
5.0,0.7,1.5,4.5,0.6,14400,0.2,56,92.9,17.8,0.15,1.89,0.318,5.0
5.0,0.7,1.5,4.5,0.6,14400,0.4,56,92.9,17.8,0.15,1.89,0.318,5.0
5.0,0.7,1.5,4.5,0.6,,0.4,56,92.9,17.8,0.15,1.89,0.318,5.0
5.0,0.7,1.5,4.5,0.8,2400,0.2,56,92.9,17.8,0.15,1.89,0.318,5.0
5.0,0.7,1.5,4.5,0.8,3600,0.2,56,92.9,17.8,0.15,1.89,0.318,5.0
5.0,0.7,1.5,4.5,0.8,7200,0.2,56,92.9,17.8,0.15,1.89,0.318,5.0
5.0,0.7,1.5,4.5,0.8,7200,0.4,56,92.9,17.8,0.15,1.89,0.318,5.0
5.0,0.7,1.5,4.5,0.8,14400,0.2,56,92.9,17.8,0.15,1.89,0.318,5.0
5.0,0.7,1.5,4.5,0.8,14400,0.4,56,92.9,17.8,0.15,1.89,0.318,5.0
5.0,0.7,1.5,4.5,0.8,,0.4,56,92.9,17.8,0.15,1.89,0.318,5.0
4.0,1.5,2.5,3.0,0.4,3600,0.8,60,76.7,19.02,0.5,1.65,0.317,8.26
4.0,1.5,2.5,4.5,0.4,3600,0.8,60,76.7,19.02,0.5,1.65,0.317,8.26
4.0,0.7,1.5,4.5,0.4,2400,0.2,60,91.7,18.97,0.18,1.95,0.316,5.48
4.0,0.7,1.5,4.5,0.4,3600,0.2,60,91.7,18.97,0.18,1.95,0.316,5.48
4.0,0.7,1.5,4.5,0.4,7200,0.2,60,91.7,18.97,0.18,1.95,0.316,5.48
4.0,0.7,1.5,4.5,0.4,7200,0.4,60,91.7,18.97,0.18,1.95,0.316,5.48
4.0,0.7,1.5,4.5,0.4,14400,0.2,60,91.7,18.97,0.18,1.95,0.316,5.48
4.0,0.7,1.5,4.5,0.4,14400,0.4,60,91.7,18.97,0.18,1.95,0.316,5.48
4.0,0.7,1.5,4.5,0.4,,0.4,60,91.7,18.97,0.18,1.95,0.316,5.48
4.0,0.7,1.5,4.5,0.6,2400,0.2,60,91.7,18.97,0.18,1.95,0.316,5.48
4.0,0.7,1.5,4.5,0.6,3600,0.2,60,91.7,18.97,0.18,1.95,0.316,5.48
4.0,0.7,1.5,4.5,0.6,7200,0.2,60,91.7,18.97,0.18,1.95,0.316,5.48
4.0,0.7,1.5,4.5,0.6,7200,0.4,60,91.7,18.97,0.18,1.95,0.316,5.48
4.0,0.7,1.5,4.5,0.6,14400,0.2,60,91.7,18.97,0.18,1.95,0.316,5.48
4.0,0.7,1.5,4.5,0.6,14400,0.4,60,91.7,18.97,0.18,1.95,0.316,5.48
4.0,0.7,1.5,4.5,0.6,,0.4,60,91.7,18.97,0.18,1.95,0.316,5.48
4.0,0.7,1.5,4.5,0.8,2400,0.2,60,91.7,18.97,0.18,1.95,0.316,5.48
4.0,0.7,1.5,4.5,0.8,3600,0.2,60,91.7,18.97,0.18,1.95,0.316,5.48
4.0,0.7,1.5,4.5,0.8,7200,0.2,60,91.7,18.97,0.18,1.95,0.316,5.48
4.0,0.7,1.5,4.5,0.8,7200,0.4,60,91.7,18.97,0.18,1.95,0.316,5.48
4.0,0.7,1.5,4.5,0.8,14400,0.2,60,91.7,18.97,0.18,1.95,0.316,5.48
4.0,0.7,1.5,4.5,0.8,14400,0.4,60,91.7,18.97,0.18,1.95,0.316,5.48
4.0,0.7,1.5,4.5,0.8,,0.4,60,91.7,18.97,0.18,1.95,0.316,5.48
2.0,1.0,1.5,4.5,0.4,1200,0.2,59,78.0,18.59,0.48,1.71,0.315,8.4
2.0,1.0,1.5,4.5,0.6,1200,0.2,59,78.0,18.59,0.48,1.71,0.315,8.4
2.0,1.0,1.5,4.5,0.8,1200,0.2,59,78.0,18.59,0.48,1.71,0.315,8.4
5.0,0.7,1.5,4.5,0.4,1200,0.2,57,93.0,17.84,0.14,1.89,0.313,5.0
5.0,0.7,1.5,4.5,0.6,1200,0.2,57,93.0,17.84,0.14,1.89,0.313,5.0
5.0,0.7,1.5,4.5,0.8,1200,0.2,57,93.0,17.84,0.14,1.89,0.313,5.0
4.0,0.7,1.5,4.5,0.4,1200,0.2,61,91.8,19.01,0.17,1.95,0.312,5.48
4.0,0.7,1.5,4.5,0.6,1200,0.2,61,91.8,19.01,0.17,1.95,0.312,5.48
4.0,0.7,1.5,4.5,0.8,1200,0.2,61,91.8,19.01,0.17,1.95,0.312,5.48
2.0,1.0,1.5,4.5,0.4,14400,0.8,59,76.3,18.35,0.53,1.7,0.311,8.4
2.0,1.0,1.5,4.5,0.6,14400,0.8,59,76.3,18.35,0.53,1.7,0.311,8.4
2.0,1.0,1.5,4.5,0.8,14400,0.8,59,76.3,18.35,0.53,1.7,0.311,8.4
5.0,1.5,2.5,3.0,0.8,2400,0.8,56,73.2,17.41,0.64,1.75,0.311,5.43
5.0,1.5,2.5,4.5,0.8,2400,0.8,56,73.2,17.41,0.64,1.75,0.311,5.43
5.0,1.5,2.5,3.0,0.4,3600,0.8,51,76.5,15.83,0.49,1.61,0.31,11.13
5.0,1.5,2.5,4.5,0.4,3600,0.8,51,76.5,15.83,0.49,1.61,0.31,11.13
5.0,0.7,1.5,4.5,0.4,14400,0.8,57,91.2,17.6,0.18,1.87,0.309,5.0
5.0,0.7,1.5,4.5,0.6,14400,0.8,57,91.2,17.6,0.18,1.87,0.309,5.0
5.0,0.7,1.5,4.5,0.8,14400,0.8,57,91.2,17.6,0.18,1.87,0.309,5.0
4.0,0.7,1.5,4.5,0.4,14400,0.8,61,90.2,18.77,0.21,1.93,0.308,5.48
4.0,0.7,1.5,4.5,0.6,14400,0.8,61,90.2,18.77,0.21,1.93,0.308,5.48
4.0,0.7,1.5,4.5,0.8,14400,0.8,61,90.2,18.77,0.21,1.93,0.308,5.48
4.0,0.7,2.5,3.0,0.4,2400,0.2,60,91.7,18.34,0.17,1.92,0.306,5.48
4.0,0.7,2.5,3.0,0.4,3600,0.2,60,91.7,18.34,0.17,1.92,0.306,5.48
4.0,0.7,2.5,3.0,0.4,7200,0.2,60,91.7,18.34,0.17,1.92,0.306,5.48
4.0,0.7,2.5,3.0,0.4,7200,0.4,60,91.7,18.34,0.17,1.92,0.306,5.48
4.0,0.7,2.5,3.0,0.4,14400,0.2,60,91.7,18.34,0.17,1.92,0.306,5.48
4.0,0.7,2.5,3.0,0.4,14400,0.4,60,91.7,18.34,0.17,1.92,0.306,5.48
4.0,0.7,2.5,3.0,0.4,,0.4,60,91.7,18.34,0.17,1.92,0.306,5.48
4.0,0.7,2.5,3.0,0.6,2400,0.2,60,91.7,18.34,0.17,1.92,0.306,5.48
4.0,0.7,2.5,3.0,0.6,3600,0.2,60,91.7,18.34,0.17,1.92,0.306,5.48
4.0,0.7,2.5,3.0,0.6,7200,0.2,60,91.7,18.34,0.17,1.92,0.306,5.48
4.0,0.7,2.5,3.0,0.6,7200,0.4,60,91.7,18.34,0.17,1.92,0.306,5.48
4.0,0.7,2.5,3.0,0.6,14400,0.2,60,91.7,18.34,0.17,1.92,0.306,5.48
4.0,0.7,2.5,3.0,0.6,14400,0.4,60,91.7,18.34,0.17,1.92,0.306,5.48
4.0,0.7,2.5,3.0,0.6,,0.4,60,91.7,18.34,0.17,1.92,0.306,5.48
4.0,0.7,2.5,3.0,0.8,2400,0.2,60,91.7,18.34,0.17,1.92,0.306,5.48
4.0,0.7,2.5,3.0,0.8,3600,0.2,60,91.7,18.34,0.17,1.92,0.306,5.48
4.0,0.7,2.5,3.0,0.8,7200,0.2,60,91.7,18.34,0.17,1.92,0.306,5.48
4.0,0.7,2.5,3.0,0.8,7200,0.4,60,91.7,18.34,0.17,1.92,0.306,5.48
4.0,0.7,2.5,3.0,0.8,14400,0.2,60,91.7,18.34,0.17,1.92,0.306,5.48
4.0,0.7,2.5,3.0,0.8,14400,0.4,60,91.7,18.34,0.17,1.92,0.306,5.48
4.0,0.7,2.5,3.0,0.8,,0.4,60,91.7,18.34,0.17,1.92,0.306,5.48
2.0,1.0,2.5,3.0,0.4,2400,0.2,58,77.6,17.65,0.48,1.68,0.304,8.4
2.0,1.0,2.5,3.0,0.4,3600,0.2,58,77.6,17.65,0.48,1.68,0.304,8.4
2.0,1.0,2.5,3.0,0.4,7200,0.2,58,77.6,17.65,0.48,1.68,0.304,8.4
2.0,1.0,2.5,3.0,0.4,7200,0.4,58,77.6,17.65,0.48,1.68,0.304,8.4
2.0,1.0,2.5,3.0,0.4,14400,0.2,58,77.6,17.65,0.48,1.68,0.304,8.4
2.0,1.0,2.5,3.0,0.4,14400,0.4,58,77.6,17.65,0.48,1.68,0.304,8.4
2.0,1.0,2.5,3.0,0.4,,0.4,58,77.6,17.65,0.48,1.68,0.304,8.4
2.0,1.0,2.5,3.0,0.6,2400,0.2,58,77.6,17.65,0.48,1.68,0.304,8.4
2.0,1.0,2.5,3.0,0.6,3600,0.2,58,77.6,17.65,0.48,1.68,0.304,8.4
2.0,1.0,2.5,3.0,0.6,7200,0.2,58,77.6,17.65,0.48,1.68,0.304,8.4
2.0,1.0,2.5,3.0,0.6,7200,0.4,58,77.6,17.65,0.48,1.68,0.304,8.4
2.0,1.0,2.5,3.0,0.6,14400,0.2,58,77.6,17.65,0.48,1.68,0.304,8.4
2.0,1.0,2.5,3.0,0.6,14400,0.4,58,77.6,17.65,0.48,1.68,0.304,8.4
2.0,1.0,2.5,3.0,0.6,,0.4,58,77.6,17.65,0.48,1.68,0.304,8.4
2.0,1.0,2.5,3.0,0.8,2400,0.2,58,77.6,17.65,0.48,1.68,0.304,8.4
2.0,1.0,2.5,3.0,0.8,3600,0.2,58,77.6,17.65,0.48,1.68,0.304,8.4
2.0,1.0,2.5,3.0,0.8,7200,0.2,58,77.6,17.65,0.48,1.68,0.304,8.4
2.0,1.0,2.5,3.0,0.8,7200,0.4,58,77.6,17.65,0.48,1.68,0.304,8.4
2.0,1.0,2.5,3.0,0.8,14400,0.2,58,77.6,17.65,0.48,1.68,0.304,8.4
2.0,1.0,2.5,3.0,0.8,14400,0.4,58,77.6,17.65,0.48,1.68,0.304,8.4
2.0,1.0,2.5,3.0,0.8,,0.4,58,77.6,17.65,0.48,1.68,0.304,8.4
5.0,1.5,2.5,3.0,0.4,2400,0.8,56,73.2,16.92,0.63,1.73,0.302,5.43
5.0,1.5,2.5,4.5,0.4,2400,0.8,56,73.2,16.92,0.63,1.73,0.302,5.43
4.0,0.7,2.5,3.0,0.4,1200,0.2,61,91.8,18.38,0.17,1.92,0.301,5.48
4.0,0.7,2.5,3.0,0.6,1200,0.2,61,91.8,18.38,0.17,1.92,0.301,5.48
4.0,0.7,2.5,3.0,0.8,1200,0.2,61,91.8,18.38,0.17,1.92,0.301,5.48
4.0,1.5,2.5,3.0,0.6,3600,0.8,60,76.7,18.03,0.49,1.62,0.301,8.86
4.0,1.5,2.5,4.5,0.6,3600,0.8,60,76.7,18.03,0.49,1.62,0.301,8.86
2.0,1.0,2.5,3.0,0.4,1200,0.2,59,78.0,17.69,0.47,1.68,0.3,8.4
2.0,1.0,2.5,3.0,0.6,1200,0.2,59,78.0,17.69,0.47,1.68,0.3,8.4
2.0,1.0,2.5,3.0,0.8,1200,0.2,59,78.0,17.69,0.47,1.68,0.3,8.4
3.0,0.7,1.5,3.0,0.4,7200,0.8,63,87.3,18.93,0.3,2.04,0.3,3.0
3.0,0.7,1.5,3.0,0.6,7200,0.8,63,87.3,18.93,0.3,2.04,0.3,3.0
3.0,0.7,1.5,3.0,0.8,7200,0.8,63,87.3,18.93,0.3,2.04,0.3,3.0
3.0,0.7,1.5,4.5,0.4,7200,0.8,63,87.3,18.93,0.3,2.04,0.3,3.0
3.0,0.7,1.5,4.5,0.6,7200,0.8,63,87.3,18.93,0.3,2.04,0.3,3.0
3.0,0.7,1.5,4.5,0.8,7200,0.8,63,87.3,18.93,0.3,2.04,0.3,3.0
5.0,1.0,1.5,3.0,0.4,7200,0.8,49,85.7,14.64,0.26,1.58,0.299,10.95
5.0,1.0,1.5,3.0,0.6,7200,0.8,49,85.7,14.64,0.26,1.58,0.299,10.95
5.0,1.0,1.5,3.0,0.8,7200,0.8,49,85.7,14.64,0.26,1.58,0.299,10.95
5.0,1.0,1.5,4.5,0.4,7200,0.8,49,85.7,14.64,0.26,1.58,0.299,10.95
5.0,1.0,1.5,4.5,0.6,7200,0.8,49,85.7,14.64,0.26,1.58,0.299,10.95
5.0,1.0,1.5,4.5,0.8,7200,0.8,49,85.7,14.64,0.26,1.58,0.299,10.95
4.0,0.7,2.5,4.5,0.4,2400,0.2,60,91.7,17.89,0.17,1.89,0.298,5.48
4.0,0.7,2.5,4.5,0.4,3600,0.2,60,91.7,17.89,0.17,1.89,0.298,5.48
4.0,0.7,2.5,4.5,0.4,7200,0.2,60,91.7,17.89,0.17,1.89,0.298,5.48
4.0,0.7,2.5,4.5,0.4,7200,0.4,60,91.7,17.89,0.17,1.89,0.298,5.48
4.0,0.7,2.5,4.5,0.4,14400,0.2,60,91.7,17.89,0.17,1.89,0.298,5.48
4.0,0.7,2.5,4.5,0.4,14400,0.4,60,91.7,17.89,0.17,1.89,0.298,5.48
4.0,0.7,2.5,4.5,0.4,,0.4,60,91.7,17.89,0.17,1.89,0.298,5.48
4.0,0.7,2.5,4.5,0.6,2400,0.2,60,91.7,17.89,0.17,1.89,0.298,5.48
4.0,0.7,2.5,4.5,0.6,3600,0.2,60,91.7,17.89,0.17,1.89,0.298,5.48
4.0,0.7,2.5,4.5,0.6,7200,0.2,60,91.7,17.89,0.17,1.89,0.298,5.48
4.0,0.7,2.5,4.5,0.6,7200,0.4,60,91.7,17.89,0.17,1.89,0.298,5.48
4.0,0.7,2.5,4.5,0.6,14400,0.2,60,91.7,17.89,0.17,1.89,0.298,5.48
4.0,0.7,2.5,4.5,0.6,14400,0.4,60,91.7,17.89,0.17,1.89,0.298,5.48
4.0,0.7,2.5,4.5,0.6,,0.4,60,91.7,17.89,0.17,1.89,0.298,5.48
4.0,0.7,2.5,4.5,0.8,2400,0.2,60,91.7,17.89,0.17,1.89,0.298,5.48
4.0,0.7,2.5,4.5,0.8,3600,0.2,60,91.7,17.89,0.17,1.89,0.298,5.48
4.0,0.7,2.5,4.5,0.8,7200,0.2,60,91.7,17.89,0.17,1.89,0.298,5.48
4.0,0.7,2.5,4.5,0.8,7200,0.4,60,91.7,17.89,0.17,1.89,0.298,5.48
4.0,0.7,2.5,4.5,0.8,14400,0.2,60,91.7,17.89,0.17,1.89,0.298,5.48
4.0,0.7,2.5,4.5,0.8,14400,0.4,60,91.7,17.89,0.17,1.89,0.298,5.48
4.0,0.7,2.5,4.5,0.8,,0.4,60,91.7,17.89,0.17,1.89,0.298,5.48
4.0,1.5,2.5,3.0,0.8,3600,0.8,60,76.7,17.85,0.49,1.61,0.298,8.59
4.0,1.5,2.5,4.5,0.8,3600,0.8,60,76.7,17.85,0.49,1.61,0.298,8.59
5.0,1.5,2.5,3.0,0.8,3600,0.8,51,76.5,15.2,0.49,1.58,0.298,11.06
5.0,1.5,2.5,4.5,0.8,3600,0.8,51,76.5,15.2,0.49,1.58,0.298,11.06
2.0,1.0,1.5,3.0,0.4,3600,0.4,59,78.0,17.53,0.47,1.67,0.297,8.4
2.0,1.0,1.5,3.0,0.6,3600,0.4,59,78.0,17.53,0.47,1.67,0.297,8.4
2.0,1.0,1.5,3.0,0.8,3600,0.4,59,78.0,17.53,0.47,1.67,0.297,8.4
2.0,1.0,1.5,4.5,0.4,3600,0.4,59,78.0,17.53,0.47,1.67,0.297,8.4
2.0,1.0,1.5,4.5,0.6,3600,0.4,59,78.0,17.53,0.47,1.67,0.297,8.4
2.0,1.0,1.5,4.5,0.8,3600,0.4,59,78.0,17.53,0.47,1.67,0.297,8.4
2.0,1.0,2.5,4.5,0.4,2400,0.2,58,77.6,17.2,0.48,1.66,0.297,8.4
2.0,1.0,2.5,4.5,0.4,3600,0.2,58,77.6,17.2,0.48,1.66,0.297,8.4
2.0,1.0,2.5,4.5,0.4,7200,0.2,58,77.6,17.2,0.48,1.66,0.297,8.4
2.0,1.0,2.5,4.5,0.4,7200,0.4,58,77.6,17.2,0.48,1.66,0.297,8.4
2.0,1.0,2.5,4.5,0.4,14400,0.2,58,77.6,17.2,0.48,1.66,0.297,8.4
2.0,1.0,2.5,4.5,0.4,14400,0.4,58,77.6,17.2,0.48,1.66,0.297,8.4
2.0,1.0,2.5,4.5,0.4,,0.4,58,77.6,17.2,0.48,1.66,0.297,8.4
2.0,1.0,2.5,4.5,0.6,2400,0.2,58,77.6,17.2,0.48,1.66,0.297,8.4
2.0,1.0,2.5,4.5,0.6,3600,0.2,58,77.6,17.2,0.48,1.66,0.297,8.4
2.0,1.0,2.5,4.5,0.6,7200,0.2,58,77.6,17.2,0.48,1.66,0.297,8.4
2.0,1.0,2.5,4.5,0.6,7200,0.4,58,77.6,17.2,0.48,1.66,0.297,8.4
2.0,1.0,2.5,4.5,0.6,14400,0.2,58,77.6,17.2,0.48,1.66,0.297,8.4
2.0,1.0,2.5,4.5,0.6,14400,0.4,58,77.6,17.2,0.48,1.66,0.297,8.4
2.0,1.0,2.5,4.5,0.6,,0.4,58,77.6,17.2,0.48,1.66,0.297,8.4
2.0,1.0,2.5,4.5,0.8,2400,0.2,58,77.6,17.2,0.48,1.66,0.297,8.4
2.0,1.0,2.5,4.5,0.8,3600,0.2,58,77.6,17.2,0.48,1.66,0.297,8.4
2.0,1.0,2.5,4.5,0.8,7200,0.2,58,77.6,17.2,0.48,1.66,0.297,8.4
2.0,1.0,2.5,4.5,0.8,7200,0.4,58,77.6,17.2,0.48,1.66,0.297,8.4
2.0,1.0,2.5,4.5,0.8,14400,0.2,58,77.6,17.2,0.48,1.66,0.297,8.4
2.0,1.0,2.5,4.5,0.8,14400,0.4,58,77.6,17.2,0.48,1.66,0.297,8.4
2.0,1.0,2.5,4.5,0.8,,0.4,58,77.6,17.2,0.48,1.66,0.297,8.4
4.0,0.7,2.5,3.0,0.4,14400,0.8,61,90.2,18.14,0.21,1.9,0.297,5.48
4.0,0.7,2.5,3.0,0.6,14400,0.8,61,90.2,18.14,0.21,1.9,0.297,5.48
4.0,0.7,2.5,3.0,0.8,14400,0.8,61,90.2,18.14,0.21,1.9,0.297,5.48
5.0,1.5,2.5,3.0,0.6,2400,0.8,56,73.2,16.63,0.63,1.72,0.297,5.43
5.0,1.5,2.5,4.5,0.6,2400,0.8,56,73.2,16.63,0.63,1.72,0.297,5.43
2.0,1.0,2.5,3.0,0.4,14400,0.8,59,76.3,17.45,0.52,1.67,0.296,8.4
2.0,1.0,2.5,3.0,0.6,14400,0.8,59,76.3,17.45,0.52,1.67,0.296,8.4
2.0,1.0,2.5,3.0,0.8,14400,0.8,59,76.3,17.45,0.52,1.67,0.296,8.4
4.0,1.0,2.5,3.0,0.4,3600,0.4,57,87.7,16.88,0.22,1.6,0.296,8.4
4.0,1.0,2.5,3.0,0.6,3600,0.4,57,87.7,16.88,0.22,1.6,0.296,8.4
4.0,1.0,2.5,3.0,0.8,3600,0.4,57,87.7,16.88,0.22,1.6,0.296,8.4
4.0,1.0,2.5,4.5,0.4,3600,0.4,57,87.7,16.88,0.22,1.6,0.296,8.4
4.0,1.0,2.5,4.5,0.6,3600,0.4,57,87.7,16.88,0.22,1.6,0.296,8.4
4.0,1.0,2.5,4.5,0.8,3600,0.4,57,87.7,16.88,0.22,1.6,0.296,8.4
5.0,1.0,2.5,3.0,0.4,3600,0.4,49,89.8,14.48,0.18,1.58,0.296,10.5
5.0,1.0,2.5,3.0,0.6,3600,0.4,49,89.8,14.48,0.18,1.58,0.296,10.5
5.0,1.0,2.5,3.0,0.8,3600,0.4,49,89.8,14.48,0.18,1.58,0.296,10.5
5.0,1.0,2.5,4.5,0.4,3600,0.4,49,89.8,14.48,0.18,1.58,0.296,10.5
5.0,1.0,2.5,4.5,0.6,3600,0.4,49,89.8,14.48,0.18,1.58,0.296,10.5
5.0,1.0,2.5,4.5,0.8,3600,0.4,49,89.8,14.48,0.18,1.58,0.296,10.5
3.0,0.7,2.5,3.0,0.4,3600,0.4,63,90.5,18.6,0.21,2.03,0.295,3.0
3.0,0.7,2.5,3.0,0.6,3600,0.4,63,90.5,18.6,0.21,2.03,0.295,3.0
3.0,0.7,2.5,3.0,0.8,3600,0.4,63,90.5,18.6,0.21,2.03,0.295,3.0
3.0,0.7,2.5,4.5,0.4,3600,0.4,63,90.5,18.6,0.21,2.03,0.295,3.0
3.0,0.7,2.5,4.5,0.6,3600,0.4,63,90.5,18.6,0.21,2.03,0.295,3.0
3.0,0.7,2.5,4.5,0.8,3600,0.4,63,90.5,18.6,0.21,2.03,0.295,3.0
4.0,0.7,1.5,3.0,0.4,3600,0.4,61,91.8,17.95,0.17,1.9,0.294,5.48
4.0,0.7,1.5,3.0,0.6,3600,0.4,61,91.8,17.95,0.17,1.9,0.294,5.48
4.0,0.7,1.5,3.0,0.8,3600,0.4,61,91.8,17.95,0.17,1.9,0.294,5.48
4.0,0.7,1.5,4.5,0.4,3600,0.4,61,91.8,17.95,0.17,1.9,0.294,5.48
4.0,0.7,1.5,4.5,0.6,3600,0.4,61,91.8,17.95,0.17,1.9,0.294,5.48
4.0,0.7,1.5,4.5,0.8,3600,0.4,61,91.8,17.95,0.17,1.9,0.294,5.48
4.0,0.7,2.5,4.5,0.4,1200,0.2,61,91.8,17.93,0.17,1.9,0.294,5.48
4.0,0.7,2.5,4.5,0.6,1200,0.2,61,91.8,17.93,0.17,1.9,0.294,5.48
4.0,0.7,2.5,4.5,0.8,1200,0.2,61,91.8,17.93,0.17,1.9,0.294,5.48
5.0,0.7,1.5,3.0,0.4,3600,0.4,57,93.0,16.78,0.14,1.84,0.294,5.0
5.0,0.7,1.5,3.0,0.6,3600,0.4,57,93.0,16.78,0.14,1.84,0.294,5.0
5.0,0.7,1.5,3.0,0.8,3600,0.4,57,93.0,16.78,0.14,1.84,0.294,5.0
5.0,0.7,1.5,4.5,0.4,3600,0.4,57,93.0,16.78,0.14,1.84,0.294,5.0
5.0,0.7,1.5,4.5,0.6,3600,0.4,57,93.0,16.78,0.14,1.84,0.294,5.0
5.0,0.7,1.5,4.5,0.8,3600,0.4,57,93.0,16.78,0.14,1.84,0.294,5.0
5.0,0.7,2.5,3.0,0.4,2400,0.2,56,92.9,16.45,0.14,1.82,0.294,5.0
5.0,0.7,2.5,3.0,0.4,3600,0.2,56,92.9,16.45,0.14,1.82,0.294,5.0
5.0,0.7,2.5,3.0,0.4,7200,0.2,56,92.9,16.45,0.14,1.82,0.294,5.0
5.0,0.7,2.5,3.0,0.4,7200,0.4,56,92.9,16.45,0.14,1.82,0.294,5.0
5.0,0.7,2.5,3.0,0.4,14400,0.2,56,92.9,16.45,0.14,1.82,0.294,5.0
5.0,0.7,2.5,3.0,0.4,14400,0.4,56,92.9,16.45,0.14,1.82,0.294,5.0
5.0,0.7,2.5,3.0,0.4,,0.4,56,92.9,16.45,0.14,1.82,0.294,5.0
5.0,0.7,2.5,3.0,0.6,2400,0.2,56,92.9,16.45,0.14,1.82,0.294,5.0
5.0,0.7,2.5,3.0,0.6,3600,0.2,56,92.9,16.45,0.14,1.82,0.294,5.0
5.0,0.7,2.5,3.0,0.6,7200,0.2,56,92.9,16.45,0.14,1.82,0.294,5.0
5.0,0.7,2.5,3.0,0.6,7200,0.4,56,92.9,16.45,0.14,1.82,0.294,5.0
5.0,0.7,2.5,3.0,0.6,14400,0.2,56,92.9,16.45,0.14,1.82,0.294,5.0
5.0,0.7,2.5,3.0,0.6,14400,0.4,56,92.9,16.45,0.14,1.82,0.294,5.0
5.0,0.7,2.5,3.0,0.6,,0.4,56,92.9,16.45,0.14,1.82,0.294,5.0
5.0,0.7,2.5,3.0,0.8,2400,0.2,56,92.9,16.45,0.14,1.82,0.294,5.0
5.0,0.7,2.5,3.0,0.8,3600,0.2,56,92.9,16.45,0.14,1.82,0.294,5.0
5.0,0.7,2.5,3.0,0.8,7200,0.2,56,92.9,16.45,0.14,1.82,0.294,5.0
5.0,0.7,2.5,3.0,0.8,7200,0.4,56,92.9,16.45,0.14,1.82,0.294,5.0
5.0,0.7,2.5,3.0,0.8,14400,0.2,56,92.9,16.45,0.14,1.82,0.294,5.0
5.0,0.7,2.5,3.0,0.8,14400,0.4,56,92.9,16.45,0.14,1.82,0.294,5.0
5.0,0.7,2.5,3.0,0.8,,0.4,56,92.9,16.45,0.14,1.82,0.294,5.0
2.0,1.0,2.5,4.5,0.4,1200,0.2,59,78.0,17.24,0.47,1.66,0.292,8.4
2.0,1.0,2.5,4.5,0.6,1200,0.2,59,78.0,17.24,0.47,1.66,0.292,8.4
2.0,1.0,2.5,4.5,0.8,1200,0.2,59,78.0,17.24,0.47,1.66,0.292,8.4
2.0,1.0,1.5,3.0,0.4,2400,0.4,59,76.3,17.19,0.52,1.66,0.291,8.4
2.0,1.0,1.5,3.0,0.6,2400,0.4,59,76.3,17.19,0.52,1.66,0.291,8.4
2.0,1.0,1.5,3.0,0.8,2400,0.4,59,76.3,17.19,0.52,1.66,0.291,8.4
2.0,1.0,1.5,4.5,0.4,2400,0.4,59,76.3,17.19,0.52,1.66,0.291,8.4
2.0,1.0,1.5,4.5,0.6,2400,0.4,59,76.3,17.19,0.52,1.66,0.291,8.4
2.0,1.0,1.5,4.5,0.8,2400,0.4,59,76.3,17.19,0.52,1.66,0.291,8.4
2.0,1.5,2.5,3.0,0.4,3600,0.8,64,67.2,18.57,0.84,1.72,0.29,8.44
2.0,1.5,2.5,4.5,0.4,3600,0.8,64,67.2,18.57,0.84,1.72,0.29,8.44
3.0,0.7,2.5,3.0,0.4,2400,0.4,63,88.9,18.26,0.25,2.01,0.29,3.0
3.0,0.7,2.5,3.0,0.6,2400,0.4,63,88.9,18.26,0.25,2.01,0.29,3.0
3.0,0.7,2.5,3.0,0.8,2400,0.4,63,88.9,18.26,0.25,2.01,0.29,3.0
3.0,0.7,2.5,4.5,0.4,2400,0.4,63,88.9,18.26,0.25,2.01,0.29,3.0
3.0,0.7,2.5,4.5,0.6,2400,0.4,63,88.9,18.26,0.25,2.01,0.29,3.0
3.0,0.7,2.5,4.5,0.8,2400,0.4,63,88.9,18.26,0.25,2.01,0.29,3.0
4.0,0.7,2.5,4.5,0.4,14400,0.8,61,90.2,17.69,0.2,1.88,0.29,5.48
4.0,0.7,2.5,4.5,0.6,14400,0.8,61,90.2,17.69,0.2,1.88,0.29,5.48
4.0,0.7,2.5,4.5,0.8,14400,0.8,61,90.2,17.69,0.2,1.88,0.29,5.48
4.0,1.0,2.5,3.0,0.4,2400,0.4,57,86.0,16.54,0.26,1.59,0.29,8.4
4.0,1.0,2.5,3.0,0.6,2400,0.4,57,86.0,16.54,0.26,1.59,0.29,8.4
4.0,1.0,2.5,3.0,0.8,2400,0.4,57,86.0,16.54,0.26,1.59,0.29,8.4
4.0,1.0,2.5,4.5,0.4,2400,0.4,57,86.0,16.54,0.26,1.59,0.29,8.4
4.0,1.0,2.5,4.5,0.6,2400,0.4,57,86.0,16.54,0.26,1.59,0.29,8.4
4.0,1.0,2.5,4.5,0.8,2400,0.4,57,86.0,16.54,0.26,1.59,0.29,8.4
5.0,1.5,2.5,3.0,0.6,3600,0.8,51,76.5,14.78,0.48,1.57,0.29,11.53
5.0,1.5,2.5,4.5,0.6,3600,0.8,51,76.5,14.78,0.48,1.57,0.29,11.53
4.0,0.7,1.5,3.0,0.4,2400,0.4,61,90.2,17.61,0.2,1.87,0.289,5.48
4.0,0.7,1.5,3.0,0.6,2400,0.4,61,90.2,17.61,0.2,1.87,0.289,5.48
4.0,0.7,1.5,3.0,0.8,2400,0.4,61,90.2,17.61,0.2,1.87,0.289,5.48
4.0,0.7,1.5,4.5,0.4,2400,0.4,61,90.2,17.61,0.2,1.87,0.289,5.48
4.0,0.7,1.5,4.5,0.6,2400,0.4,61,90.2,17.61,0.2,1.87,0.289,5.48
4.0,0.7,1.5,4.5,0.8,2400,0.4,61,90.2,17.61,0.2,1.87,0.289,5.48
5.0,0.7,2.5,3.0,0.4,1200,0.2,57,93.0,16.49,0.14,1.82,0.289,5.0
5.0,0.7,2.5,3.0,0.6,1200,0.2,57,93.0,16.49,0.14,1.82,0.289,5.0
5.0,0.7,2.5,3.0,0.8,1200,0.2,57,93.0,16.49,0.14,1.82,0.289,5.0
5.0,1.0,2.5,3.0,0.4,2400,0.4,49,87.8,14.14,0.22,1.56,0.289,10.5
5.0,1.0,2.5,3.0,0.6,2400,0.4,49,87.8,14.14,0.22,1.56,0.289,10.5
5.0,1.0,2.5,3.0,0.8,2400,0.4,49,87.8,14.14,0.22,1.56,0.289,10.5
5.0,1.0,2.5,4.5,0.4,2400,0.4,49,87.8,14.14,0.22,1.56,0.289,10.5
5.0,1.0,2.5,4.5,0.6,2400,0.4,49,87.8,14.14,0.22,1.56,0.289,10.5
5.0,1.0,2.5,4.5,0.8,2400,0.4,49,87.8,14.14,0.22,1.56,0.289,10.5
2.0,1.0,2.5,4.5,0.4,14400,0.8,59,76.3,17.0,0.51,1.65,0.288,8.4
2.0,1.0,2.5,4.5,0.6,14400,0.8,59,76.3,17.0,0.51,1.65,0.288,8.4
2.0,1.0,2.5,4.5,0.8,14400,0.8,59,76.3,17.0,0.51,1.65,0.288,8.4
5.0,0.7,1.5,3.0,0.4,2400,0.4,57,91.2,16.44,0.17,1.82,0.288,5.0
5.0,0.7,1.5,3.0,0.6,2400,0.4,57,91.2,16.44,0.17,1.82,0.288,5.0
5.0,0.7,1.5,3.0,0.8,2400,0.4,57,91.2,16.44,0.17,1.82,0.288,5.0
5.0,0.7,1.5,4.5,0.4,2400,0.4,57,91.2,16.44,0.17,1.82,0.288,5.0
5.0,0.7,1.5,4.5,0.6,2400,0.4,57,91.2,16.44,0.17,1.82,0.288,5.0
5.0,0.7,1.5,4.5,0.8,2400,0.4,57,91.2,16.44,0.17,1.82,0.288,5.0
4.0,1.0,1.5,3.0,0.4,7200,0.8,57,84.2,16.37,0.3,1.58,0.287,8.4
4.0,1.0,1.5,3.0,0.6,7200,0.8,57,84.2,16.37,0.3,1.58,0.287,8.4
4.0,1.0,1.5,3.0,0.8,7200,0.8,57,84.2,16.37,0.3,1.58,0.287,8.4
4.0,1.0,1.5,4.5,0.4,7200,0.8,57,84.2,16.37,0.3,1.58,0.287,8.4
4.0,1.0,1.5,4.5,0.6,7200,0.8,57,84.2,16.37,0.3,1.58,0.287,8.4
4.0,1.0,1.5,4.5,0.8,7200,0.8,57,84.2,16.37,0.3,1.58,0.287,8.4
5.0,0.7,2.5,4.5,0.4,2400,0.2,56,92.9,16.0,0.14,1.8,0.286,5.0
5.0,0.7,2.5,4.5,0.4,3600,0.2,56,92.9,16.0,0.14,1.8,0.286,5.0
5.0,0.7,2.5,4.5,0.4,7200,0.2,56,92.9,16.0,0.14,1.8,0.286,5.0
5.0,0.7,2.5,4.5,0.4,7200,0.4,56,92.9,16.0,0.14,1.8,0.286,5.0
5.0,0.7,2.5,4.5,0.4,14400,0.2,56,92.9,16.0,0.14,1.8,0.286,5.0
5.0,0.7,2.5,4.5,0.4,14400,0.4,56,92.9,16.0,0.14,1.8,0.286,5.0
5.0,0.7,2.5,4.5,0.4,,0.4,56,92.9,16.0,0.14,1.8,0.286,5.0
5.0,0.7,2.5,4.5,0.6,2400,0.2,56,92.9,16.0,0.14,1.8,0.286,5.0
5.0,0.7,2.5,4.5,0.6,3600,0.2,56,92.9,16.0,0.14,1.8,0.286,5.0
5.0,0.7,2.5,4.5,0.6,7200,0.2,56,92.9,16.0,0.14,1.8,0.286,5.0
5.0,0.7,2.5,4.5,0.6,7200,0.4,56,92.9,16.0,0.14,1.8,0.286,5.0
5.0,0.7,2.5,4.5,0.6,14400,0.2,56,92.9,16.0,0.14,1.8,0.286,5.0
5.0,0.7,2.5,4.5,0.6,14400,0.4,56,92.9,16.0,0.14,1.8,0.286,5.0
5.0,0.7,2.5,4.5,0.6,,0.4,56,92.9,16.0,0.14,1.8,0.286,5.0
5.0,0.7,2.5,4.5,0.8,2400,0.2,56,92.9,16.0,0.14,1.8,0.286,5.0
5.0,0.7,2.5,4.5,0.8,3600,0.2,56,92.9,16.0,0.14,1.8,0.286,5.0
5.0,0.7,2.5,4.5,0.8,7200,0.2,56,92.9,16.0,0.14,1.8,0.286,5.0
5.0,0.7,2.5,4.5,0.8,7200,0.4,56,92.9,16.0,0.14,1.8,0.286,5.0
5.0,0.7,2.5,4.5,0.8,14400,0.2,56,92.9,16.0,0.14,1.8,0.286,5.0
5.0,0.7,2.5,4.5,0.8,14400,0.4,56,92.9,16.0,0.14,1.8,0.286,5.0
5.0,0.7,2.5,4.5,0.8,,0.4,56,92.9,16.0,0.14,1.8,0.286,5.0
5.0,0.7,2.5,3.0,0.4,14400,0.8,57,91.2,16.25,0.17,1.8,0.285,5.0
5.0,0.7,2.5,3.0,0.6,14400,0.8,57,91.2,16.25,0.17,1.8,0.285,5.0
5.0,0.7,2.5,3.0,0.8,14400,0.8,57,91.2,16.25,0.17,1.8,0.285,5.0
3.0,1.0,1.5,3.0,0.4,1200,0.4,62,80.6,17.44,0.41,1.71,0.281,6.6
3.0,1.0,1.5,3.0,0.6,1200,0.4,62,80.6,17.44,0.41,1.71,0.281,6.6
3.0,1.0,1.5,3.0,0.8,1200,0.4,62,80.6,17.44,0.41,1.71,0.281,6.6
3.0,1.0,1.5,4.5,0.4,1200,0.4,62,80.6,17.44,0.41,1.71,0.281,6.6
3.0,1.0,1.5,4.5,0.6,1200,0.4,62,80.6,17.44,0.41,1.71,0.281,6.6
3.0,1.0,1.5,4.5,0.8,1200,0.4,62,80.6,17.44,0.41,1.71,0.281,6.6
5.0,0.7,2.5,4.5,0.4,1200,0.2,57,93.0,16.04,0.14,1.8,0.281,5.0
5.0,0.7,2.5,4.5,0.6,1200,0.2,57,93.0,16.04,0.14,1.8,0.281,5.0
5.0,0.7,2.5,4.5,0.8,1200,0.2,57,93.0,16.04,0.14,1.8,0.281,5.0
3.0,0.7,2.5,3.0,0.4,7200,0.8,63,87.3,17.67,0.29,1.98,0.28,3.0
3.0,0.7,2.5,3.0,0.6,7200,0.8,63,87.3,17.67,0.29,1.98,0.28,3.0
3.0,0.7,2.5,3.0,0.8,7200,0.8,63,87.3,17.67,0.29,1.98,0.28,3.0
3.0,0.7,2.5,4.5,0.4,7200,0.8,63,87.3,17.67,0.29,1.98,0.28,3.0
3.0,0.7,2.5,4.5,0.6,7200,0.8,63,87.3,17.67,0.29,1.98,0.28,3.0
3.0,0.7,2.5,4.5,0.8,7200,0.8,63,87.3,17.67,0.29,1.98,0.28,3.0
5.0,0.7,2.5,4.5,0.4,14400,0.8,57,91.2,15.8,0.17,1.78,0.277,5.0
5.0,0.7,2.5,4.5,0.6,14400,0.8,57,91.2,15.8,0.17,1.78,0.277,5.0
5.0,0.7,2.5,4.5,0.8,14400,0.8,57,91.2,15.8,0.17,1.78,0.277,5.0
2.0,1.5,2.5,3.0,0.6,3600,0.8,64,67.2,17.68,0.83,1.69,0.276,8.84
2.0,1.5,2.5,4.5,0.6,3600,0.8,64,67.2,17.68,0.83,1.69,0.276,8.84
2.0,1.5,2.5,3.0,0.8,3600,0.8,64,67.2,17.11,0.81,1.67,0.267,8.37
2.0,1.5,2.5,4.5,0.8,3600,0.8,64,67.2,17.11,0.81,1.67,0.267,8.37
4.0,0.7,1.5,3.0,0.4,7200,0.8,61,88.5,16.3,0.23,1.81,0.267,5.48
4.0,0.7,1.5,3.0,0.6,7200,0.8,61,88.5,16.3,0.23,1.81,0.267,5.48
4.0,0.7,1.5,3.0,0.8,7200,0.8,61,88.5,16.3,0.23,1.81,0.267,5.48
4.0,0.7,1.5,4.5,0.4,7200,0.8,61,88.5,16.3,0.23,1.81,0.267,5.48
4.0,0.7,1.5,4.5,0.6,7200,0.8,61,88.5,16.3,0.23,1.81,0.267,5.48
4.0,0.7,1.5,4.5,0.8,7200,0.8,61,88.5,16.3,0.23,1.81,0.267,5.48
3.0,1.5,2.5,3.0,0.4,2400,0.8,67,67.2,17.68,0.83,1.7,0.264,5.06
3.0,1.5,2.5,4.5,0.4,2400,0.8,67,67.2,17.68,0.83,1.7,0.264,5.06
5.0,0.7,1.5,3.0,0.4,7200,0.8,57,89.5,15.05,0.21,1.75,0.264,5.0
5.0,0.7,1.5,3.0,0.6,7200,0.8,57,89.5,15.05,0.21,1.75,0.264,5.0
5.0,0.7,1.5,3.0,0.8,7200,0.8,57,89.5,15.05,0.21,1.75,0.264,5.0
5.0,0.7,1.5,4.5,0.4,7200,0.8,57,89.5,15.05,0.21,1.75,0.264,5.0
5.0,0.7,1.5,4.5,0.6,7200,0.8,57,89.5,15.05,0.21,1.75,0.264,5.0
5.0,0.7,1.5,4.5,0.8,7200,0.8,57,89.5,15.05,0.21,1.75,0.264,5.0
4.0,0.7,2.5,3.0,0.4,3600,0.4,61,91.8,15.97,0.16,1.8,0.262,5.48
4.0,0.7,2.5,3.0,0.6,3600,0.4,61,91.8,15.97,0.16,1.8,0.262,5.48
4.0,0.7,2.5,3.0,0.8,3600,0.4,61,91.8,15.97,0.16,1.8,0.262,5.48
4.0,0.7,2.5,4.5,0.4,3600,0.4,61,91.8,15.97,0.16,1.8,0.262,5.48
4.0,0.7,2.5,4.5,0.6,3600,0.4,61,91.8,15.97,0.16,1.8,0.262,5.48
4.0,0.7,2.5,4.5,0.8,3600,0.4,61,91.8,15.97,0.16,1.8,0.262,5.48
3.0,1.5,2.5,3.0,0.8,2400,0.8,67,67.2,17.5,0.83,1.7,0.261,5.65
3.0,1.5,2.5,4.5,0.8,2400,0.8,67,67.2,17.5,0.83,1.7,0.261,5.65
2.0,1.0,2.5,3.0,0.4,3600,0.4,59,78.0,15.28,0.45,1.59,0.259,8.4
2.0,1.0,2.5,3.0,0.6,3600,0.4,59,78.0,15.28,0.45,1.59,0.259,8.4
2.0,1.0,2.5,3.0,0.8,3600,0.4,59,78.0,15.28,0.45,1.59,0.259,8.4
2.0,1.0,2.5,4.5,0.4,3600,0.4,59,78.0,15.28,0.45,1.59,0.259,8.4
2.0,1.0,2.5,4.5,0.6,3600,0.4,59,78.0,15.28,0.45,1.59,0.259,8.4
2.0,1.0,2.5,4.5,0.8,3600,0.4,59,78.0,15.28,0.45,1.59,0.259,8.4
4.0,0.7,2.5,3.0,0.4,2400,0.4,61,90.2,15.63,0.19,1.78,0.256,5.48
4.0,0.7,2.5,3.0,0.6,2400,0.4,61,90.2,15.63,0.19,1.78,0.256,5.48
4.0,0.7,2.5,3.0,0.8,2400,0.4,61,90.2,15.63,0.19,1.78,0.256,5.48
4.0,0.7,2.5,4.5,0.4,2400,0.4,61,90.2,15.63,0.19,1.78,0.256,5.48
4.0,0.7,2.5,4.5,0.6,2400,0.4,61,90.2,15.63,0.19,1.78,0.256,5.48
4.0,0.7,2.5,4.5,0.8,2400,0.4,61,90.2,15.63,0.19,1.78,0.256,5.48
4.0,1.0,2.5,3.0,0.4,7200,0.8,57,84.2,14.57,0.28,1.52,0.256,8.4
4.0,1.0,2.5,3.0,0.6,7200,0.8,57,84.2,14.57,0.28,1.52,0.256,8.4
4.0,1.0,2.5,3.0,0.8,7200,0.8,57,84.2,14.57,0.28,1.52,0.256,8.4
4.0,1.0,2.5,4.5,0.4,7200,0.8,57,84.2,14.57,0.28,1.52,0.256,8.4
4.0,1.0,2.5,4.5,0.6,7200,0.8,57,84.2,14.57,0.28,1.52,0.256,8.4
4.0,1.0,2.5,4.5,0.8,7200,0.8,57,84.2,14.57,0.28,1.52,0.256,8.4
3.0,1.5,2.5,3.0,0.6,2400,0.8,67,67.2,16.99,0.82,1.68,0.254,5.26
3.0,1.5,2.5,4.5,0.6,2400,0.8,67,67.2,16.99,0.82,1.68,0.254,5.26
2.0,1.0,2.5,3.0,0.4,2400,0.4,59,76.3,14.94,0.49,1.57,0.253,8.4
2.0,1.0,2.5,3.0,0.6,2400,0.4,59,76.3,14.94,0.49,1.57,0.253,8.4
2.0,1.0,2.5,3.0,0.8,2400,0.4,59,76.3,14.94,0.49,1.57,0.253,8.4
2.0,1.0,2.5,4.5,0.4,2400,0.4,59,76.3,14.94,0.49,1.57,0.253,8.4
2.0,1.0,2.5,4.5,0.6,2400,0.4,59,76.3,14.94,0.49,1.57,0.253,8.4
2.0,1.0,2.5,4.5,0.8,2400,0.4,59,76.3,14.94,0.49,1.57,0.253,8.4
5.0,1.0,2.5,3.0,0.4,7200,0.8,49,85.7,12.39,0.25,1.49,0.253,10.95
5.0,1.0,2.5,3.0,0.6,7200,0.8,49,85.7,12.39,0.25,1.49,0.253,10.95
5.0,1.0,2.5,3.0,0.8,7200,0.8,49,85.7,12.39,0.25,1.49,0.253,10.95
5.0,1.0,2.5,4.5,0.4,7200,0.8,49,85.7,12.39,0.25,1.49,0.253,10.95
5.0,1.0,2.5,4.5,0.6,7200,0.8,49,85.7,12.39,0.25,1.49,0.253,10.95
5.0,1.0,2.5,4.5,0.8,7200,0.8,49,85.7,12.39,0.25,1.49,0.253,10.95
3.0,1.0,2.5,3.0,0.4,1200,0.4,62,80.6,15.64,0.39,1.63,0.252,6.6
3.0,1.0,2.5,3.0,0.6,1200,0.4,62,80.6,15.64,0.39,1.63,0.252,6.6
3.0,1.0,2.5,3.0,0.8,1200,0.4,62,80.6,15.64,0.39,1.63,0.252,6.6
3.0,1.0,2.5,4.5,0.4,1200,0.4,62,80.6,15.64,0.39,1.63,0.252,6.6
3.0,1.0,2.5,4.5,0.6,1200,0.4,62,80.6,15.64,0.39,1.63,0.252,6.6
3.0,1.0,2.5,4.5,0.8,1200,0.4,62,80.6,15.64,0.39,1.63,0.252,6.6
2.0,1.0,1.5,3.0,0.4,7200,0.8,59,74.6,14.77,0.53,1.57,0.25,8.4
2.0,1.0,1.5,3.0,0.6,7200,0.8,59,74.6,14.77,0.53,1.57,0.25,8.4
2.0,1.0,1.5,3.0,0.8,7200,0.8,59,74.6,14.77,0.53,1.57,0.25,8.4
2.0,1.0,1.5,4.5,0.4,7200,0.8,59,74.6,14.77,0.53,1.57,0.25,8.4
2.0,1.0,1.5,4.5,0.6,7200,0.8,59,74.6,14.77,0.53,1.57,0.25,8.4
2.0,1.0,1.5,4.5,0.8,7200,0.8,59,74.6,14.77,0.53,1.57,0.25,8.4
2.0,0.7,1.5,3.0,0.4,2400,0.2,61,82.0,15.17,0.37,1.69,0.249,6.0
2.0,0.7,1.5,3.0,0.4,3600,0.2,61,82.0,15.17,0.37,1.69,0.249,6.0
2.0,0.7,1.5,3.0,0.4,7200,0.2,61,82.0,15.17,0.37,1.69,0.249,6.0
2.0,0.7,1.5,3.0,0.4,7200,0.4,61,82.0,15.17,0.37,1.69,0.249,6.0
2.0,0.7,1.5,3.0,0.4,14400,0.2,61,82.0,15.17,0.37,1.69,0.249,6.0
2.0,0.7,1.5,3.0,0.4,14400,0.4,61,82.0,15.17,0.37,1.69,0.249,6.0
2.0,0.7,1.5,3.0,0.4,,0.4,61,82.0,15.17,0.37,1.69,0.249,6.0
2.0,0.7,1.5,3.0,0.6,2400,0.2,61,82.0,15.17,0.37,1.69,0.249,6.0
2.0,0.7,1.5,3.0,0.6,3600,0.2,61,82.0,15.17,0.37,1.69,0.249,6.0
2.0,0.7,1.5,3.0,0.6,7200,0.2,61,82.0,15.17,0.37,1.69,0.249,6.0
2.0,0.7,1.5,3.0,0.6,7200,0.4,61,82.0,15.17,0.37,1.69,0.249,6.0
2.0,0.7,1.5,3.0,0.6,14400,0.2,61,82.0,15.17,0.37,1.69,0.249,6.0
2.0,0.7,1.5,3.0,0.6,14400,0.4,61,82.0,15.17,0.37,1.69,0.249,6.0
2.0,0.7,1.5,3.0,0.6,,0.4,61,82.0,15.17,0.37,1.69,0.249,6.0
2.0,0.7,1.5,3.0,0.8,2400,0.2,61,82.0,15.17,0.37,1.69,0.249,6.0
2.0,0.7,1.5,3.0,0.8,3600,0.2,61,82.0,15.17,0.37,1.69,0.249,6.0
2.0,0.7,1.5,3.0,0.8,7200,0.2,61,82.0,15.17,0.37,1.69,0.249,6.0
2.0,0.7,1.5,3.0,0.8,7200,0.4,61,82.0,15.17,0.37,1.69,0.249,6.0
2.0,0.7,1.5,3.0,0.8,14400,0.2,61,82.0,15.17,0.37,1.69,0.249,6.0
2.0,0.7,1.5,3.0,0.8,14400,0.4,61,82.0,15.17,0.37,1.69,0.249,6.0
2.0,0.7,1.5,3.0,0.8,,0.4,61,82.0,15.17,0.37,1.69,0.249,6.0
3.0,0.7,1.5,3.0,0.4,1200,0.4,66,84.8,16.33,0.33,1.87,0.247,4.19
3.0,0.7,1.5,3.0,0.6,1200,0.4,66,84.8,16.33,0.33,1.87,0.247,4.19
3.0,0.7,1.5,3.0,0.8,1200,0.4,66,84.8,16.33,0.33,1.87,0.247,4.19
3.0,0.7,1.5,4.5,0.4,1200,0.4,66,84.8,16.33,0.33,1.87,0.247,4.19
3.0,0.7,1.5,4.5,0.6,1200,0.4,66,84.8,16.33,0.33,1.87,0.247,4.19
3.0,0.7,1.5,4.5,0.8,1200,0.4,66,84.8,16.33,0.33,1.87,0.247,4.19
4.0,0.7,2.5,3.0,0.4,7200,0.8,61,88.5,15.04,0.23,1.75,0.247,5.48
4.0,0.7,2.5,3.0,0.6,7200,0.8,61,88.5,15.04,0.23,1.75,0.247,5.48
4.0,0.7,2.5,3.0,0.8,7200,0.8,61,88.5,15.04,0.23,1.75,0.247,5.48
4.0,0.7,2.5,4.5,0.4,7200,0.8,61,88.5,15.04,0.23,1.75,0.247,5.48
4.0,0.7,2.5,4.5,0.6,7200,0.8,61,88.5,15.04,0.23,1.75,0.247,5.48
4.0,0.7,2.5,4.5,0.8,7200,0.8,61,88.5,15.04,0.23,1.75,0.247,5.48
5.0,0.7,2.5,3.0,0.4,3600,0.4,57,93.0,14.08,0.13,1.7,0.247,5.0
5.0,0.7,2.5,3.0,0.6,3600,0.4,57,93.0,14.08,0.13,1.7,0.247,5.0
5.0,0.7,2.5,3.0,0.8,3600,0.4,57,93.0,14.08,0.13,1.7,0.247,5.0
5.0,0.7,2.5,4.5,0.4,3600,0.4,57,93.0,14.08,0.13,1.7,0.247,5.0
5.0,0.7,2.5,4.5,0.6,3600,0.4,57,93.0,14.08,0.13,1.7,0.247,5.0
5.0,0.7,2.5,4.5,0.8,3600,0.4,57,93.0,14.08,0.13,1.7,0.247,5.0
2.0,0.7,1.5,3.0,0.4,1200,0.2,62,82.3,15.21,0.36,1.69,0.245,6.0
2.0,0.7,1.5,3.0,0.6,1200,0.2,62,82.3,15.21,0.36,1.69,0.245,6.0
2.0,0.7,1.5,3.0,0.8,1200,0.2,62,82.3,15.21,0.36,1.69,0.245,6.0
2.0,0.7,1.5,3.0,0.4,14400,0.8,62,80.6,14.97,0.4,1.67,0.241,6.0
2.0,0.7,1.5,3.0,0.6,14400,0.8,62,80.6,14.97,0.4,1.67,0.241,6.0
2.0,0.7,1.5,3.0,0.8,14400,0.8,62,80.6,14.97,0.4,1.67,0.241,6.0
5.0,0.7,2.5,3.0,0.4,2400,0.4,57,91.2,13.74,0.16,1.68,0.241,5.0
5.0,0.7,2.5,3.0,0.6,2400,0.4,57,91.2,13.74,0.16,1.68,0.241,5.0
5.0,0.7,2.5,3.0,0.8,2400,0.4,57,91.2,13.74,0.16,1.68,0.241,5.0
5.0,0.7,2.5,4.5,0.4,2400,0.4,57,91.2,13.74,0.16,1.68,0.241,5.0
5.0,0.7,2.5,4.5,0.6,2400,0.4,57,91.2,13.74,0.16,1.68,0.241,5.0
5.0,0.7,2.5,4.5,0.8,2400,0.4,57,91.2,13.74,0.16,1.68,0.241,5.0
4.0,1.5,2.5,3.0,0.4,2400,0.8,62,67.7,14.18,0.72,1.51,0.229,7.16
4.0,1.5,2.5,4.5,0.4,2400,0.8,62,67.7,14.18,0.72,1.51,0.229,7.16
5.0,0.7,2.5,3.0,0.4,7200,0.8,57,89.5,13.07,0.19,1.65,0.229,5.0
5.0,0.7,2.5,3.0,0.6,7200,0.8,57,89.5,13.07,0.19,1.65,0.229,5.0
5.0,0.7,2.5,3.0,0.8,7200,0.8,57,89.5,13.07,0.19,1.65,0.229,5.0
5.0,0.7,2.5,4.5,0.4,7200,0.8,57,89.5,13.07,0.19,1.65,0.229,5.0
5.0,0.7,2.5,4.5,0.6,7200,0.8,57,89.5,13.07,0.19,1.65,0.229,5.0
5.0,0.7,2.5,4.5,0.8,7200,0.8,57,89.5,13.07,0.19,1.65,0.229,5.0
2.0,0.7,1.5,4.5,0.4,2400,0.2,61,82.0,13.82,0.36,1.63,0.227,6.0
2.0,0.7,1.5,4.5,0.4,3600,0.2,61,82.0,13.82,0.36,1.63,0.227,6.0
2.0,0.7,1.5,4.5,0.4,7200,0.2,61,82.0,13.82,0.36,1.63,0.227,6.0
2.0,0.7,1.5,4.5,0.4,7200,0.4,61,82.0,13.82,0.36,1.63,0.227,6.0
2.0,0.7,1.5,4.5,0.4,14400,0.2,61,82.0,13.82,0.36,1.63,0.227,6.0
2.0,0.7,1.5,4.5,0.4,14400,0.4,61,82.0,13.82,0.36,1.63,0.227,6.0
2.0,0.7,1.5,4.5,0.4,,0.4,61,82.0,13.82,0.36,1.63,0.227,6.0
2.0,0.7,1.5,4.5,0.6,2400,0.2,61,82.0,13.82,0.36,1.63,0.227,6.0
2.0,0.7,1.5,4.5,0.6,3600,0.2,61,82.0,13.82,0.36,1.63,0.227,6.0
2.0,0.7,1.5,4.5,0.6,7200,0.2,61,82.0,13.82,0.36,1.63,0.227,6.0
2.0,0.7,1.5,4.5,0.6,7200,0.4,61,82.0,13.82,0.36,1.63,0.227,6.0
2.0,0.7,1.5,4.5,0.6,14400,0.2,61,82.0,13.82,0.36,1.63,0.227,6.0
2.0,0.7,1.5,4.5,0.6,14400,0.4,61,82.0,13.82,0.36,1.63,0.227,6.0
2.0,0.7,1.5,4.5,0.6,,0.4,61,82.0,13.82,0.36,1.63,0.227,6.0
2.0,0.7,1.5,4.5,0.8,2400,0.2,61,82.0,13.82,0.36,1.63,0.227,6.0
2.0,0.7,1.5,4.5,0.8,3600,0.2,61,82.0,13.82,0.36,1.63,0.227,6.0
2.0,0.7,1.5,4.5,0.8,7200,0.2,61,82.0,13.82,0.36,1.63,0.227,6.0
2.0,0.7,1.5,4.5,0.8,7200,0.4,61,82.0,13.82,0.36,1.63,0.227,6.0
2.0,0.7,1.5,4.5,0.8,14400,0.2,61,82.0,13.82,0.36,1.63,0.227,6.0
2.0,0.7,1.5,4.5,0.8,14400,0.4,61,82.0,13.82,0.36,1.63,0.227,6.0
2.0,0.7,1.5,4.5,0.8,,0.4,61,82.0,13.82,0.36,1.63,0.227,6.0
5.0,1.0,1.5,3.0,0.4,1200,0.4,49,83.7,11.11,0.28,1.43,0.227,10.05
5.0,1.0,1.5,3.0,0.6,1200,0.4,49,83.7,11.11,0.28,1.43,0.227,10.05
5.0,1.0,1.5,3.0,0.8,1200,0.4,49,83.7,11.11,0.28,1.43,0.227,10.05
5.0,1.0,1.5,4.5,0.4,1200,0.4,49,83.7,11.11,0.28,1.43,0.227,10.05
5.0,1.0,1.5,4.5,0.6,1200,0.4,49,83.7,11.11,0.28,1.43,0.227,10.05
5.0,1.0,1.5,4.5,0.8,1200,0.4,49,83.7,11.11,0.28,1.43,0.227,10.05
5.0,0.7,1.5,3.0,0.4,1200,0.4,58,87.9,13.08,0.22,1.64,0.226,5.0
5.0,0.7,1.5,3.0,0.6,1200,0.4,58,87.9,13.08,0.22,1.64,0.226,5.0
5.0,0.7,1.5,3.0,0.8,1200,0.4,58,87.9,13.08,0.22,1.64,0.226,5.0
5.0,0.7,1.5,4.5,0.4,1200,0.4,58,87.9,13.08,0.22,1.64,0.226,5.0
5.0,0.7,1.5,4.5,0.6,1200,0.4,58,87.9,13.08,0.22,1.64,0.226,5.0
5.0,0.7,1.5,4.5,0.8,1200,0.4,58,87.9,13.08,0.22,1.64,0.226,5.0
2.0,0.7,1.5,4.5,0.4,1200,0.2,62,82.3,13.86,0.35,1.63,0.224,6.0
2.0,0.7,1.5,4.5,0.6,1200,0.2,62,82.3,13.86,0.35,1.63,0.224,6.0
2.0,0.7,1.5,4.5,0.8,1200,0.2,62,82.3,13.86,0.35,1.63,0.224,6.0
3.0,1.0,1.5,3.0,0.4,3600,0.8,64,73.4,14.35,0.56,1.56,0.224,6.6
3.0,1.0,1.5,3.0,0.6,3600,0.8,64,73.4,14.35,0.56,1.56,0.224,6.6
3.0,1.0,1.5,3.0,0.8,3600,0.8,64,73.4,14.35,0.56,1.56,0.224,6.6
3.0,1.0,1.5,4.5,0.4,3600,0.8,64,73.4,14.35,0.56,1.56,0.224,6.6
3.0,1.0,1.5,4.5,0.6,3600,0.8,64,73.4,14.35,0.56,1.56,0.224,6.6
3.0,1.0,1.5,4.5,0.8,3600,0.8,64,73.4,14.35,0.56,1.56,0.224,6.6
4.0,1.5,2.5,3.0,0.8,2400,0.8,62,67.7,13.87,0.71,1.5,0.224,7.56
4.0,1.5,2.5,4.5,0.8,2400,0.8,62,67.7,13.87,0.71,1.5,0.224,7.56
2.0,1.0,1.5,3.0,0.4,1200,0.4,62,74.2,13.84,0.54,1.56,0.223,8.4
2.0,1.0,1.5,3.0,0.6,1200,0.4,62,74.2,13.84,0.54,1.56,0.223,8.4
2.0,1.0,1.5,3.0,0.8,1200,0.4,62,74.2,13.84,0.54,1.56,0.223,8.4
2.0,1.0,1.5,4.5,0.4,1200,0.4,62,74.2,13.84,0.54,1.56,0.223,8.4
2.0,1.0,1.5,4.5,0.6,1200,0.4,62,74.2,13.84,0.54,1.56,0.223,8.4
2.0,1.0,1.5,4.5,0.8,1200,0.4,62,74.2,13.84,0.54,1.56,0.223,8.4
2.0,0.7,1.5,4.5,0.4,14400,0.8,62,80.6,13.62,0.39,1.61,0.22,6.0
2.0,0.7,1.5,4.5,0.6,14400,0.8,62,80.6,13.62,0.39,1.61,0.22,6.0
2.0,0.7,1.5,4.5,0.8,14400,0.8,62,80.6,13.62,0.39,1.61,0.22,6.0
2.0,1.0,2.5,3.0,0.4,7200,0.8,59,74.6,12.97,0.51,1.5,0.22,8.4
2.0,1.0,2.5,3.0,0.6,7200,0.8,59,74.6,12.97,0.51,1.5,0.22,8.4
2.0,1.0,2.5,3.0,0.8,7200,0.8,59,74.6,12.97,0.51,1.5,0.22,8.4
2.0,1.0,2.5,4.5,0.4,7200,0.8,59,74.6,12.97,0.51,1.5,0.22,8.4
2.0,1.0,2.5,4.5,0.6,7200,0.8,59,74.6,12.97,0.51,1.5,0.22,8.4
2.0,1.0,2.5,4.5,0.8,7200,0.8,59,74.6,12.97,0.51,1.5,0.22,8.4
4.0,0.7,1.5,3.0,0.4,1200,0.4,62,87.1,13.66,0.25,1.66,0.22,7.65
4.0,0.7,1.5,3.0,0.6,1200,0.4,62,87.1,13.66,0.25,1.66,0.22,7.65
4.0,0.7,1.5,3.0,0.8,1200,0.4,62,87.1,13.66,0.25,1.66,0.22,7.65
4.0,0.7,1.5,4.5,0.4,1200,0.4,62,87.1,13.66,0.25,1.66,0.22,7.65
4.0,0.7,1.5,4.5,0.6,1200,0.4,62,87.1,13.66,0.25,1.66,0.22,7.65
4.0,0.7,1.5,4.5,0.8,1200,0.4,62,87.1,13.66,0.25,1.66,0.22,7.65
4.0,1.5,2.5,3.0,0.6,2400,0.8,62,67.7,13.49,0.71,1.48,0.218,7.36
4.0,1.5,2.5,4.5,0.6,2400,0.8,62,67.7,13.49,0.71,1.48,0.218,7.36
3.0,0.7,2.5,3.0,0.4,1200,0.4,66,84.8,14.35,0.32,1.77,0.217,4.19
3.0,0.7,2.5,3.0,0.6,1200,0.4,66,84.8,14.35,0.32,1.77,0.217,4.19
3.0,0.7,2.5,3.0,0.8,1200,0.4,66,84.8,14.35,0.32,1.77,0.217,4.19
3.0,0.7,2.5,4.5,0.4,1200,0.4,66,84.8,14.35,0.32,1.77,0.217,4.19
3.0,0.7,2.5,4.5,0.6,1200,0.4,66,84.8,14.35,0.32,1.77,0.217,4.19
3.0,0.7,2.5,4.5,0.8,1200,0.4,66,84.8,14.35,0.32,1.77,0.217,4.19
2.0,0.7,2.5,3.0,0.4,2400,0.2,61,82.0,13.19,0.35,1.6,0.216,6.0
2.0,0.7,2.5,3.0,0.4,3600,0.2,61,82.0,13.19,0.35,1.6,0.216,6.0
2.0,0.7,2.5,3.0,0.4,7200,0.2,61,82.0,13.19,0.35,1.6,0.216,6.0
2.0,0.7,2.5,3.0,0.4,7200,0.4,61,82.0,13.19,0.35,1.6,0.216,6.0
2.0,0.7,2.5,3.0,0.4,14400,0.2,61,82.0,13.19,0.35,1.6,0.216,6.0
2.0,0.7,2.5,3.0,0.4,14400,0.4,61,82.0,13.19,0.35,1.6,0.216,6.0
2.0,0.7,2.5,3.0,0.4,,0.4,61,82.0,13.19,0.35,1.6,0.216,6.0
2.0,0.7,2.5,3.0,0.6,2400,0.2,61,82.0,13.19,0.35,1.6,0.216,6.0
2.0,0.7,2.5,3.0,0.6,3600,0.2,61,82.0,13.19,0.35,1.6,0.216,6.0
2.0,0.7,2.5,3.0,0.6,7200,0.2,61,82.0,13.19,0.35,1.6,0.216,6.0
2.0,0.7,2.5,3.0,0.6,7200,0.4,61,82.0,13.19,0.35,1.6,0.216,6.0
2.0,0.7,2.5,3.0,0.6,14400,0.2,61,82.0,13.19,0.35,1.6,0.216,6.0
2.0,0.7,2.5,3.0,0.6,14400,0.4,61,82.0,13.19,0.35,1.6,0.216,6.0
2.0,0.7,2.5,3.0,0.6,,0.4,61,82.0,13.19,0.35,1.6,0.216,6.0
2.0,0.7,2.5,3.0,0.8,2400,0.2,61,82.0,13.19,0.35,1.6,0.216,6.0
2.0,0.7,2.5,3.0,0.8,3600,0.2,61,82.0,13.19,0.35,1.6,0.216,6.0
2.0,0.7,2.5,3.0,0.8,7200,0.2,61,82.0,13.19,0.35,1.6,0.216,6.0
2.0,0.7,2.5,3.0,0.8,7200,0.4,61,82.0,13.19,0.35,1.6,0.216,6.0
2.0,0.7,2.5,3.0,0.8,14400,0.2,61,82.0,13.19,0.35,1.6,0.216,6.0
2.0,0.7,2.5,3.0,0.8,14400,0.4,61,82.0,13.19,0.35,1.6,0.216,6.0
2.0,0.7,2.5,3.0,0.8,,0.4,61,82.0,13.19,0.35,1.6,0.216,6.0
4.0,1.0,1.5,3.0,0.4,1200,0.4,57,82.5,12.2,0.3,1.43,0.214,8.4
4.0,1.0,1.5,3.0,0.6,1200,0.4,57,82.5,12.2,0.3,1.43,0.214,8.4
4.0,1.0,1.5,3.0,0.8,1200,0.4,57,82.5,12.2,0.3,1.43,0.214,8.4
4.0,1.0,1.5,4.5,0.4,1200,0.4,57,82.5,12.2,0.3,1.43,0.214,8.4
4.0,1.0,1.5,4.5,0.6,1200,0.4,57,82.5,12.2,0.3,1.43,0.214,8.4
4.0,1.0,1.5,4.5,0.8,1200,0.4,57,82.5,12.2,0.3,1.43,0.214,8.4
2.0,0.7,2.5,3.0,0.4,1200,0.2,62,82.3,13.23,0.35,1.6,0.213,6.0
2.0,0.7,2.5,3.0,0.6,1200,0.2,62,82.3,13.23,0.35,1.6,0.213,6.0
2.0,0.7,2.5,3.0,0.8,1200,0.2,62,82.3,13.23,0.35,1.6,0.213,6.0
2.0,0.7,2.5,3.0,0.4,14400,0.8,62,80.6,12.99,0.38,1.59,0.21,6.0
2.0,0.7,2.5,3.0,0.6,14400,0.8,62,80.6,12.99,0.38,1.59,0.21,6.0
2.0,0.7,2.5,3.0,0.8,14400,0.8,62,80.6,12.99,0.38,1.59,0.21,6.0
2.0,0.7,2.5,4.5,0.4,2400,0.2,61,82.0,12.74,0.35,1.58,0.209,6.0
2.0,0.7,2.5,4.5,0.4,3600,0.2,61,82.0,12.74,0.35,1.58,0.209,6.0
2.0,0.7,2.5,4.5,0.4,7200,0.2,61,82.0,12.74,0.35,1.58,0.209,6.0
2.0,0.7,2.5,4.5,0.4,7200,0.4,61,82.0,12.74,0.35,1.58,0.209,6.0
2.0,0.7,2.5,4.5,0.4,14400,0.2,61,82.0,12.74,0.35,1.58,0.209,6.0
2.0,0.7,2.5,4.5,0.4,14400,0.4,61,82.0,12.74,0.35,1.58,0.209,6.0
2.0,0.7,2.5,4.5,0.4,,0.4,61,82.0,12.74,0.35,1.58,0.209,6.0
2.0,0.7,2.5,4.5,0.6,2400,0.2,61,82.0,12.74,0.35,1.58,0.209,6.0
2.0,0.7,2.5,4.5,0.6,3600,0.2,61,82.0,12.74,0.35,1.58,0.209,6.0
2.0,0.7,2.5,4.5,0.6,7200,0.2,61,82.0,12.74,0.35,1.58,0.209,6.0
2.0,0.7,2.5,4.5,0.6,7200,0.4,61,82.0,12.74,0.35,1.58,0.209,6.0
2.0,0.7,2.5,4.5,0.6,14400,0.2,61,82.0,12.74,0.35,1.58,0.209,6.0
2.0,0.7,2.5,4.5,0.6,14400,0.4,61,82.0,12.74,0.35,1.58,0.209,6.0
2.0,0.7,2.5,4.5,0.6,,0.4,61,82.0,12.74,0.35,1.58,0.209,6.0
2.0,0.7,2.5,4.5,0.8,2400,0.2,61,82.0,12.74,0.35,1.58,0.209,6.0
2.0,0.7,2.5,4.5,0.8,3600,0.2,61,82.0,12.74,0.35,1.58,0.209,6.0
2.0,0.7,2.5,4.5,0.8,7200,0.2,61,82.0,12.74,0.35,1.58,0.209,6.0
2.0,0.7,2.5,4.5,0.8,7200,0.4,61,82.0,12.74,0.35,1.58,0.209,6.0
2.0,0.7,2.5,4.5,0.8,14400,0.2,61,82.0,12.74,0.35,1.58,0.209,6.0
2.0,0.7,2.5,4.5,0.8,14400,0.4,61,82.0,12.74,0.35,1.58,0.209,6.0
2.0,0.7,2.5,4.5,0.8,,0.4,61,82.0,12.74,0.35,1.58,0.209,6.0
2.0,0.7,1.5,3.0,0.4,3600,0.4,62,82.3,12.8,0.34,1.58,0.206,6.0
2.0,0.7,1.5,3.0,0.6,3600,0.4,62,82.3,12.8,0.34,1.58,0.206,6.0
2.0,0.7,1.5,3.0,0.8,3600,0.4,62,82.3,12.8,0.34,1.58,0.206,6.0
2.0,0.7,1.5,4.5,0.4,3600,0.4,62,82.3,12.8,0.34,1.58,0.206,6.0
2.0,0.7,1.5,4.5,0.6,3600,0.4,62,82.3,12.8,0.34,1.58,0.206,6.0
2.0,0.7,1.5,4.5,0.8,3600,0.4,62,82.3,12.8,0.34,1.58,0.206,6.0
2.0,0.7,2.5,4.5,0.4,1200,0.2,62,82.3,12.78,0.34,1.58,0.206,6.0
2.0,0.7,2.5,4.5,0.6,1200,0.2,62,82.3,12.78,0.34,1.58,0.206,6.0
2.0,0.7,2.5,4.5,0.8,1200,0.2,62,82.3,12.78,0.34,1.58,0.206,6.0
3.0,0.7,1.5,3.0,0.4,3600,0.8,68,77.9,13.78,0.48,1.7,0.203,3.72
3.0,0.7,1.5,3.0,0.6,3600,0.8,68,77.9,13.78,0.48,1.7,0.203,3.72
3.0,0.7,1.5,3.0,0.8,3600,0.8,68,77.9,13.78,0.48,1.7,0.203,3.72
3.0,0.7,1.5,4.5,0.4,3600,0.8,68,77.9,13.78,0.48,1.7,0.203,3.72
3.0,0.7,1.5,4.5,0.6,3600,0.8,68,77.9,13.78,0.48,1.7,0.203,3.72
3.0,0.7,1.5,4.5,0.8,3600,0.8,68,77.9,13.78,0.48,1.7,0.203,3.72
3.0,1.0,2.5,3.0,0.4,3600,0.8,64,73.4,13.0,0.55,1.51,0.203,6.6
3.0,1.0,2.5,3.0,0.6,3600,0.8,64,73.4,13.0,0.55,1.51,0.203,6.6
3.0,1.0,2.5,3.0,0.8,3600,0.8,64,73.4,13.0,0.55,1.51,0.203,6.6
3.0,1.0,2.5,4.5,0.4,3600,0.8,64,73.4,13.0,0.55,1.51,0.203,6.6
3.0,1.0,2.5,4.5,0.6,3600,0.8,64,73.4,13.0,0.55,1.51,0.203,6.6
3.0,1.0,2.5,4.5,0.8,3600,0.8,64,73.4,13.0,0.55,1.51,0.203,6.6
2.0,0.7,2.5,4.5,0.4,14400,0.8,62,80.6,12.54,0.38,1.56,0.202,6.0
2.0,0.7,2.5,4.5,0.6,14400,0.8,62,80.6,12.54,0.38,1.56,0.202,6.0
2.0,0.7,2.5,4.5,0.8,14400,0.8,62,80.6,12.54,0.38,1.56,0.202,6.0
2.0,0.7,1.5,3.0,0.4,2400,0.4,62,80.6,12.46,0.38,1.56,0.201,6.0
2.0,0.7,1.5,3.0,0.6,2400,0.4,62,80.6,12.46,0.38,1.56,0.201,6.0
2.0,0.7,1.5,3.0,0.8,2400,0.4,62,80.6,12.46,0.38,1.56,0.201,6.0
2.0,0.7,1.5,4.5,0.4,2400,0.4,62,80.6,12.46,0.38,1.56,0.201,6.0
2.0,0.7,1.5,4.5,0.6,2400,0.4,62,80.6,12.46,0.38,1.56,0.201,6.0
2.0,0.7,1.5,4.5,0.8,2400,0.4,62,80.6,12.46,0.38,1.56,0.201,6.0
2.0,1.0,2.5,3.0,0.4,1200,0.4,62,74.2,12.04,0.52,1.49,0.194,8.4
2.0,1.0,2.5,3.0,0.6,1200,0.4,62,74.2,12.04,0.52,1.49,0.194,8.4
2.0,1.0,2.5,3.0,0.8,1200,0.4,62,74.2,12.04,0.52,1.49,0.194,8.4
2.0,1.0,2.5,4.5,0.4,1200,0.4,62,74.2,12.04,0.52,1.49,0.194,8.4
2.0,1.0,2.5,4.5,0.6,1200,0.4,62,74.2,12.04,0.52,1.49,0.194,8.4
2.0,1.0,2.5,4.5,0.8,1200,0.4,62,74.2,12.04,0.52,1.49,0.194,8.4
4.0,0.7,1.5,3.0,0.4,3600,0.8,64,81.2,12.04,0.36,1.57,0.188,6.31
4.0,0.7,1.5,3.0,0.6,3600,0.8,64,81.2,12.04,0.36,1.57,0.188,6.31
4.0,0.7,1.5,3.0,0.8,3600,0.8,64,81.2,12.04,0.36,1.57,0.188,6.31
4.0,0.7,1.5,4.5,0.4,3600,0.8,64,81.2,12.04,0.36,1.57,0.188,6.31
4.0,0.7,1.5,4.5,0.6,3600,0.8,64,81.2,12.04,0.36,1.57,0.188,6.31
4.0,0.7,1.5,4.5,0.8,3600,0.8,64,81.2,12.04,0.36,1.57,0.188,6.31
4.0,0.7,2.5,3.0,0.4,1200,0.4,62,87.1,11.68,0.23,1.57,0.188,7.65
4.0,0.7,2.5,3.0,0.6,1200,0.4,62,87.1,11.68,0.23,1.57,0.188,7.65
4.0,0.7,2.5,3.0,0.8,1200,0.4,62,87.1,11.68,0.23,1.57,0.188,7.65
4.0,0.7,2.5,4.5,0.4,1200,0.4,62,87.1,11.68,0.23,1.57,0.188,7.65
4.0,0.7,2.5,4.5,0.6,1200,0.4,62,87.1,11.68,0.23,1.57,0.188,7.65
4.0,0.7,2.5,4.5,0.8,1200,0.4,62,87.1,11.68,0.23,1.57,0.188,7.65
3.0,0.7,2.5,3.0,0.4,3600,0.8,68,77.9,12.52,0.46,1.64,0.184,3.72
3.0,0.7,2.5,3.0,0.6,3600,0.8,68,77.9,12.52,0.46,1.64,0.184,3.72
3.0,0.7,2.5,3.0,0.8,3600,0.8,68,77.9,12.52,0.46,1.64,0.184,3.72
3.0,0.7,2.5,4.5,0.4,3600,0.8,68,77.9,12.52,0.46,1.64,0.184,3.72
3.0,0.7,2.5,4.5,0.6,3600,0.8,68,77.9,12.52,0.46,1.64,0.184,3.72
3.0,0.7,2.5,4.5,0.8,3600,0.8,68,77.9,12.52,0.46,1.64,0.184,3.72
2.0,1.5,2.5,3.0,0.4,2400,0.8,66,60.6,11.98,0.95,1.46,0.182,7.32
2.0,1.5,2.5,4.5,0.4,2400,0.8,66,60.6,11.98,0.95,1.46,0.182,7.32
4.0,1.0,2.5,3.0,0.4,1200,0.4,57,82.5,10.4,0.29,1.36,0.182,8.4
4.0,1.0,2.5,3.0,0.6,1200,0.4,57,82.5,10.4,0.29,1.36,0.182,8.4
4.0,1.0,2.5,3.0,0.8,1200,0.4,57,82.5,10.4,0.29,1.36,0.182,8.4
4.0,1.0,2.5,4.5,0.4,1200,0.4,57,82.5,10.4,0.29,1.36,0.182,8.4
4.0,1.0,2.5,4.5,0.6,1200,0.4,57,82.5,10.4,0.29,1.36,0.182,8.4
4.0,1.0,2.5,4.5,0.8,1200,0.4,57,82.5,10.4,0.29,1.36,0.182,8.4
5.0,0.7,1.5,3.0,0.4,3600,0.8,59,81.4,10.7,0.35,1.51,0.181,5.49
5.0,0.7,1.5,3.0,0.6,3600,0.8,59,81.4,10.7,0.35,1.51,0.181,5.49
5.0,0.7,1.5,3.0,0.8,3600,0.8,59,81.4,10.7,0.35,1.51,0.181,5.49
5.0,0.7,1.5,4.5,0.4,3600,0.8,59,81.4,10.7,0.35,1.51,0.181,5.49
5.0,0.7,1.5,4.5,0.6,3600,0.8,59,81.4,10.7,0.35,1.51,0.181,5.49
5.0,0.7,1.5,4.5,0.8,3600,0.8,59,81.4,10.7,0.35,1.51,0.181,5.49
5.0,1.0,2.5,3.0,0.4,1200,0.4,49,83.7,8.86,0.26,1.35,0.181,10.5
5.0,1.0,2.5,3.0,0.6,1200,0.4,49,83.7,8.86,0.26,1.35,0.181,10.5
5.0,1.0,2.5,3.0,0.8,1200,0.4,49,83.7,8.86,0.26,1.35,0.181,10.5
5.0,1.0,2.5,4.5,0.4,1200,0.4,49,83.7,8.86,0.26,1.35,0.181,10.5
5.0,1.0,2.5,4.5,0.6,1200,0.4,49,83.7,8.86,0.26,1.35,0.181,10.5
5.0,1.0,2.5,4.5,0.8,1200,0.4,49,83.7,8.86,0.26,1.35,0.181,10.5
2.0,0.7,1.5,3.0,0.4,7200,0.8,62,79.0,11.15,0.4,1.5,0.18,6.0
2.0,0.7,1.5,3.0,0.6,7200,0.8,62,79.0,11.15,0.4,1.5,0.18,6.0
2.0,0.7,1.5,3.0,0.8,7200,0.8,62,79.0,11.15,0.4,1.5,0.18,6.0
2.0,0.7,1.5,4.5,0.4,7200,0.8,62,79.0,11.15,0.4,1.5,0.18,6.0
2.0,0.7,1.5,4.5,0.6,7200,0.8,62,79.0,11.15,0.4,1.5,0.18,6.0
2.0,0.7,1.5,4.5,0.8,7200,0.8,62,79.0,11.15,0.4,1.5,0.18,6.0
5.0,0.7,2.5,3.0,0.4,1200,0.4,58,87.9,10.38,0.21,1.51,0.179,5.69
5.0,0.7,2.5,3.0,0.6,1200,0.4,58,87.9,10.38,0.21,1.51,0.179,5.69
5.0,0.7,2.5,3.0,0.8,1200,0.4,58,87.9,10.38,0.21,1.51,0.179,5.69
5.0,0.7,2.5,4.5,0.4,1200,0.4,58,87.9,10.38,0.21,1.51,0.179,5.69
5.0,0.7,2.5,4.5,0.6,1200,0.4,58,87.9,10.38,0.21,1.51,0.179,5.69
5.0,0.7,2.5,4.5,0.8,1200,0.4,58,87.9,10.38,0.21,1.51,0.179,5.69
2.0,1.5,2.5,3.0,0.6,2400,0.8,66,60.6,11.69,0.94,1.45,0.177,7.52
2.0,1.5,2.5,3.0,0.8,2400,0.8,66,60.6,11.68,0.94,1.45,0.177,7.72
2.0,1.5,2.5,4.5,0.6,2400,0.8,66,60.6,11.69,0.94,1.45,0.177,7.52
2.0,1.5,2.5,4.5,0.8,2400,0.8,66,60.6,11.68,0.94,1.45,0.177,7.72
4.0,1.0,1.5,3.0,0.4,3600,0.8,60,76.7,10.61,0.41,1.36,0.177,8.4
4.0,1.0,1.5,3.0,0.6,3600,0.8,60,76.7,10.61,0.41,1.36,0.177,8.4
4.0,1.0,1.5,3.0,0.8,3600,0.8,60,76.7,10.61,0.41,1.36,0.177,8.4
4.0,1.0,1.5,4.5,0.4,3600,0.8,60,76.7,10.61,0.41,1.36,0.177,8.4
4.0,1.0,1.5,4.5,0.6,3600,0.8,60,76.7,10.61,0.41,1.36,0.177,8.4
4.0,1.0,1.5,4.5,0.8,3600,0.8,60,76.7,10.61,0.41,1.36,0.177,8.4
2.0,0.7,2.5,3.0,0.4,3600,0.4,62,82.3,10.82,0.32,1.49,0.175,6.0
2.0,0.7,2.5,3.0,0.6,3600,0.4,62,82.3,10.82,0.32,1.49,0.175,6.0
2.0,0.7,2.5,3.0,0.8,3600,0.4,62,82.3,10.82,0.32,1.49,0.175,6.0
2.0,0.7,2.5,4.5,0.4,3600,0.4,62,82.3,10.82,0.32,1.49,0.175,6.0
2.0,0.7,2.5,4.5,0.6,3600,0.4,62,82.3,10.82,0.32,1.49,0.175,6.0
2.0,0.7,2.5,4.5,0.8,3600,0.4,62,82.3,10.82,0.32,1.49,0.175,6.0
2.0,0.7,1.5,3.0,0.4,1200,0.4,65,78.5,11.18,0.42,1.54,0.172,6.0
2.0,0.7,1.5,3.0,0.6,1200,0.4,65,78.5,11.18,0.42,1.54,0.172,6.0
2.0,0.7,1.5,3.0,0.8,1200,0.4,65,78.5,11.18,0.42,1.54,0.172,6.0
2.0,0.7,1.5,4.5,0.4,1200,0.4,65,78.5,11.18,0.42,1.54,0.172,6.0
2.0,0.7,1.5,4.5,0.6,1200,0.4,65,78.5,11.18,0.42,1.54,0.172,6.0
2.0,0.7,1.5,4.5,0.8,1200,0.4,65,78.5,11.18,0.42,1.54,0.172,6.0
5.0,1.5,2.5,3.0,0.4,1200,0.8,64,62.5,10.92,1.02,1.7,0.171,6.07
5.0,1.5,2.5,4.5,0.4,1200,0.8,64,62.5,10.92,1.02,1.7,0.171,6.07
2.0,0.7,2.5,3.0,0.4,2400,0.4,62,80.6,10.48,0.35,1.47,0.169,6.0
2.0,0.7,2.5,3.0,0.6,2400,0.4,62,80.6,10.48,0.35,1.47,0.169,6.0
2.0,0.7,2.5,3.0,0.8,2400,0.4,62,80.6,10.48,0.35,1.47,0.169,6.0
2.0,0.7,2.5,4.5,0.4,2400,0.4,62,80.6,10.48,0.35,1.47,0.169,6.0
2.0,0.7,2.5,4.5,0.6,2400,0.4,62,80.6,10.48,0.35,1.47,0.169,6.0
2.0,0.7,2.5,4.5,0.8,2400,0.4,62,80.6,10.48,0.35,1.47,0.169,6.0
2.0,1.0,1.5,3.0,0.4,3600,0.8,64,67.2,10.75,0.69,1.42,0.168,8.56
2.0,1.0,1.5,3.0,0.6,3600,0.8,64,67.2,10.75,0.69,1.42,0.168,8.56
2.0,1.0,1.5,3.0,0.8,3600,0.8,64,67.2,10.75,0.69,1.42,0.168,8.56
2.0,1.0,1.5,4.5,0.4,3600,0.8,64,67.2,10.75,0.69,1.42,0.168,8.56
2.0,1.0,1.5,4.5,0.6,3600,0.8,64,67.2,10.75,0.69,1.42,0.168,8.56
2.0,1.0,1.5,4.5,0.8,3600,0.8,64,67.2,10.75,0.69,1.42,0.168,8.56
4.0,0.7,2.5,3.0,0.4,3600,0.8,64,81.2,10.78,0.35,1.51,0.168,6.31
4.0,0.7,2.5,3.0,0.6,3600,0.8,64,81.2,10.78,0.35,1.51,0.168,6.31
4.0,0.7,2.5,3.0,0.8,3600,0.8,64,81.2,10.78,0.35,1.51,0.168,6.31
4.0,0.7,2.5,4.5,0.4,3600,0.8,64,81.2,10.78,0.35,1.51,0.168,6.31
4.0,0.7,2.5,4.5,0.6,3600,0.8,64,81.2,10.78,0.35,1.51,0.168,6.31
4.0,0.7,2.5,4.5,0.8,3600,0.8,64,81.2,10.78,0.35,1.51,0.168,6.31
5.0,1.0,1.5,3.0,0.4,2400,0.8,56,73.2,9.43,0.51,1.41,0.168,5.43
5.0,1.0,1.5,3.0,0.6,2400,0.8,56,73.2,9.43,0.51,1.41,0.168,5.43
5.0,1.0,1.5,3.0,0.8,2400,0.8,56,73.2,9.43,0.51,1.41,0.168,5.43
5.0,1.0,1.5,4.5,0.4,2400,0.8,56,73.2,9.43,0.51,1.41,0.168,5.43
5.0,1.0,1.5,4.5,0.6,2400,0.8,56,73.2,9.43,0.51,1.41,0.168,5.43
5.0,1.0,1.5,4.5,0.8,2400,0.8,56,73.2,9.43,0.51,1.41,0.168,5.43
5.0,1.5,2.5,3.0,0.8,1200,0.8,64,62.5,10.69,1.01,1.68,0.167,6.07
5.0,1.5,2.5,4.5,0.8,1200,0.8,64,62.5,10.69,1.01,1.68,0.167,6.07
5.0,1.0,1.5,3.0,0.4,3600,0.8,51,76.5,8.28,0.41,1.32,0.162,12.06
5.0,1.0,1.5,3.0,0.6,3600,0.8,51,76.5,8.28,0.41,1.32,0.162,12.06
5.0,1.0,1.5,3.0,0.8,3600,0.8,51,76.5,8.28,0.41,1.32,0.162,12.06
5.0,1.0,1.5,4.5,0.4,3600,0.8,51,76.5,8.28,0.41,1.32,0.162,12.06
5.0,1.0,1.5,4.5,0.6,3600,0.8,51,76.5,8.28,0.41,1.32,0.162,12.06
5.0,1.0,1.5,4.5,0.8,3600,0.8,51,76.5,8.28,0.41,1.32,0.162,12.06
2.0,0.7,2.5,3.0,0.4,7200,0.8,62,79.0,9.89,0.38,1.45,0.16,6.0
2.0,0.7,2.5,3.0,0.6,7200,0.8,62,79.0,9.89,0.38,1.45,0.16,6.0
2.0,0.7,2.5,3.0,0.8,7200,0.8,62,79.0,9.89,0.38,1.45,0.16,6.0
2.0,0.7,2.5,4.5,0.4,7200,0.8,62,79.0,9.89,0.38,1.45,0.16,6.0
2.0,0.7,2.5,4.5,0.6,7200,0.8,62,79.0,9.89,0.38,1.45,0.16,6.0
2.0,0.7,2.5,4.5,0.8,7200,0.8,62,79.0,9.89,0.38,1.45,0.16,6.0
5.0,1.5,2.5,3.0,0.6,1200,0.8,64,62.5,10.23,0.99,1.65,0.16,6.07
5.0,1.5,2.5,4.5,0.6,1200,0.8,64,62.5,10.23,0.99,1.65,0.16,6.07
4.0,1.0,2.5,3.0,0.4,3600,0.8,60,76.7,9.26,0.4,1.32,0.154,8.4
4.0,1.0,2.5,3.0,0.6,3600,0.8,60,76.7,9.26,0.4,1.32,0.154,8.4
4.0,1.0,2.5,3.0,0.8,3600,0.8,60,76.7,9.26,0.4,1.32,0.154,8.4
4.0,1.0,2.5,4.5,0.4,3600,0.8,60,76.7,9.26,0.4,1.32,0.154,8.4
4.0,1.0,2.5,4.5,0.6,3600,0.8,60,76.7,9.26,0.4,1.32,0.154,8.4
4.0,1.0,2.5,4.5,0.8,3600,0.8,60,76.7,9.26,0.4,1.32,0.154,8.4
5.0,1.0,2.5,3.0,0.4,2400,0.8,56,73.2,8.53,0.5,1.37,0.152,5.43
5.0,1.0,2.5,3.0,0.6,2400,0.8,56,73.2,8.53,0.5,1.37,0.152,5.43
5.0,1.0,2.5,3.0,0.8,2400,0.8,56,73.2,8.53,0.5,1.37,0.152,5.43
5.0,1.0,2.5,4.5,0.4,2400,0.8,56,73.2,8.53,0.5,1.37,0.152,5.43
5.0,1.0,2.5,4.5,0.6,2400,0.8,56,73.2,8.53,0.5,1.37,0.152,5.43
5.0,1.0,2.5,4.5,0.8,2400,0.8,56,73.2,8.53,0.5,1.37,0.152,5.43
5.0,0.7,2.5,3.0,0.4,3600,0.8,59,81.4,8.72,0.32,1.41,0.148,5.49
5.0,0.7,2.5,3.0,0.6,3600,0.8,59,81.4,8.72,0.32,1.41,0.148,5.49
5.0,0.7,2.5,3.0,0.8,3600,0.8,59,81.4,8.72,0.32,1.41,0.148,5.49
5.0,0.7,2.5,4.5,0.4,3600,0.8,59,81.4,8.72,0.32,1.41,0.148,5.49
5.0,0.7,2.5,4.5,0.6,3600,0.8,59,81.4,8.72,0.32,1.41,0.148,5.49
5.0,0.7,2.5,4.5,0.8,3600,0.8,59,81.4,8.72,0.32,1.41,0.148,5.49
2.0,1.0,2.5,3.0,0.4,3600,0.8,64,67.2,9.4,0.67,1.37,0.147,8.56
2.0,1.0,2.5,3.0,0.6,3600,0.8,64,67.2,9.4,0.67,1.37,0.147,8.56
2.0,1.0,2.5,3.0,0.8,3600,0.8,64,67.2,9.4,0.67,1.37,0.147,8.56
2.0,1.0,2.5,4.5,0.4,3600,0.8,64,67.2,9.4,0.67,1.37,0.147,8.56
2.0,1.0,2.5,4.5,0.6,3600,0.8,64,67.2,9.4,0.67,1.37,0.147,8.56
2.0,1.0,2.5,4.5,0.8,3600,0.8,64,67.2,9.4,0.67,1.37,0.147,8.56
2.0,0.7,2.5,3.0,0.4,1200,0.4,65,78.5,9.2,0.4,1.44,0.142,6.0
2.0,0.7,2.5,3.0,0.6,1200,0.4,65,78.5,9.2,0.4,1.44,0.142,6.0
2.0,0.7,2.5,3.0,0.8,1200,0.4,65,78.5,9.2,0.4,1.44,0.142,6.0
2.0,0.7,2.5,4.5,0.4,1200,0.4,65,78.5,9.2,0.4,1.44,0.142,6.0
2.0,0.7,2.5,4.5,0.6,1200,0.4,65,78.5,9.2,0.4,1.44,0.142,6.0
2.0,0.7,2.5,4.5,0.8,1200,0.4,65,78.5,9.2,0.4,1.44,0.142,6.0
3.0,1.0,1.5,3.0,0.4,2400,0.8,67,67.2,9.37,0.67,1.37,0.14,6.2
3.0,1.0,1.5,3.0,0.6,2400,0.8,67,67.2,9.37,0.67,1.37,0.14,6.2
3.0,1.0,1.5,3.0,0.8,2400,0.8,67,67.2,9.37,0.67,1.37,0.14,6.2
3.0,1.0,1.5,4.5,0.4,2400,0.8,67,67.2,9.37,0.67,1.37,0.14,6.2
3.0,1.0,1.5,4.5,0.6,2400,0.8,67,67.2,9.37,0.67,1.37,0.14,6.2
3.0,1.0,1.5,4.5,0.8,2400,0.8,67,67.2,9.37,0.67,1.37,0.14,6.2
3.0,1.0,2.5,3.0,0.4,2400,0.8,67,67.2,8.92,0.66,1.35,0.133,6.2
3.0,1.0,2.5,3.0,0.6,2400,0.8,67,67.2,8.92,0.66,1.35,0.133,6.2
3.0,1.0,2.5,3.0,0.8,2400,0.8,67,67.2,8.92,0.66,1.35,0.133,6.2
3.0,1.0,2.5,4.5,0.4,2400,0.8,67,67.2,8.92,0.66,1.35,0.133,6.2
3.0,1.0,2.5,4.5,0.6,2400,0.8,67,67.2,8.92,0.66,1.35,0.133,6.2
3.0,1.0,2.5,4.5,0.8,2400,0.8,67,67.2,8.92,0.66,1.35,0.133,6.2
2.0,0.7,1.5,3.0,0.4,3600,0.8,67,71.6,8.63,0.55,1.4,0.129,6.0
2.0,0.7,1.5,3.0,0.6,3600,0.8,67,71.6,8.63,0.55,1.4,0.129,6.0
2.0,0.7,1.5,3.0,0.8,3600,0.8,67,71.6,8.63,0.55,1.4,0.129,6.0
2.0,0.7,1.5,4.5,0.4,3600,0.8,67,71.6,8.63,0.55,1.4,0.129,6.0
2.0,0.7,1.5,4.5,0.6,3600,0.8,67,71.6,8.63,0.55,1.4,0.129,6.0
2.0,0.7,1.5,4.5,0.8,3600,0.8,67,71.6,8.63,0.55,1.4,0.129,6.0
5.0,1.0,2.5,3.0,0.4,3600,0.8,51,76.5,6.48,0.38,1.25,0.127,12.06
5.0,1.0,2.5,3.0,0.6,3600,0.8,51,76.5,6.48,0.38,1.25,0.127,12.06
5.0,1.0,2.5,3.0,0.8,3600,0.8,51,76.5,6.48,0.38,1.25,0.127,12.06
5.0,1.0,2.5,4.5,0.4,3600,0.8,51,76.5,6.48,0.38,1.25,0.127,12.06
5.0,1.0,2.5,4.5,0.6,3600,0.8,51,76.5,6.48,0.38,1.25,0.127,12.06
5.0,1.0,2.5,4.5,0.8,3600,0.8,51,76.5,6.48,0.38,1.25,0.127,12.06
2.0,0.7,2.5,3.0,0.4,3600,0.8,67,71.6,7.37,0.53,1.34,0.11,6.0
2.0,0.7,2.5,3.0,0.6,3600,0.8,67,71.6,7.37,0.53,1.34,0.11,6.0
2.0,0.7,2.5,3.0,0.8,3600,0.8,67,71.6,7.37,0.53,1.34,0.11,6.0
2.0,0.7,2.5,4.5,0.4,3600,0.8,67,71.6,7.37,0.53,1.34,0.11,6.0
2.0,0.7,2.5,4.5,0.6,3600,0.8,67,71.6,7.37,0.53,1.34,0.11,6.0
2.0,0.7,2.5,4.5,0.8,3600,0.8,67,71.6,7.37,0.53,1.34,0.11,6.0
3.0,0.7,1.5,3.0,0.4,2400,0.8,69,71.0,7.54,0.55,1.35,0.109,5.32
3.0,0.7,1.5,3.0,0.6,2400,0.8,69,71.0,7.54,0.55,1.35,0.109,5.32
3.0,0.7,1.5,3.0,0.8,2400,0.8,69,71.0,7.54,0.55,1.35,0.109,5.32
3.0,0.7,1.5,4.5,0.4,2400,0.8,69,71.0,7.54,0.55,1.35,0.109,5.32
3.0,0.7,1.5,4.5,0.6,2400,0.8,69,71.0,7.54,0.55,1.35,0.109,5.32
3.0,0.7,1.5,4.5,0.8,2400,0.8,69,71.0,7.54,0.55,1.35,0.109,5.32
5.0,1.0,1.5,3.0,0.4,1200,0.8,64,62.5,6.72,0.86,1.43,0.105,6.42
5.0,1.0,1.5,3.0,0.6,1200,0.8,64,62.5,6.72,0.86,1.43,0.105,6.42
5.0,1.0,1.5,3.0,0.8,1200,0.8,64,62.5,6.72,0.86,1.43,0.105,6.42
5.0,1.0,1.5,4.5,0.4,1200,0.8,64,62.5,6.72,0.86,1.43,0.105,6.42
5.0,1.0,1.5,4.5,0.6,1200,0.8,64,62.5,6.72,0.86,1.43,0.105,6.42
5.0,1.0,1.5,4.5,0.8,1200,0.8,64,62.5,6.72,0.86,1.43,0.105,6.42
5.0,1.0,2.5,3.0,0.4,1200,0.8,64,62.5,6.72,0.86,1.43,0.105,6.42
5.0,1.0,2.5,3.0,0.6,1200,0.8,64,62.5,6.72,0.86,1.43,0.105,6.42
5.0,1.0,2.5,3.0,0.8,1200,0.8,64,62.5,6.72,0.86,1.43,0.105,6.42
5.0,1.0,2.5,4.5,0.4,1200,0.8,64,62.5,6.72,0.86,1.43,0.105,6.42
5.0,1.0,2.5,4.5,0.6,1200,0.8,64,62.5,6.72,0.86,1.43,0.105,6.42
5.0,1.0,2.5,4.5,0.8,1200,0.8,64,62.5,6.72,0.86,1.43,0.105,6.42
5.0,0.7,1.5,3.0,0.4,1200,0.8,68,66.2,7.04,0.74,1.45,0.104,6.61
5.0,0.7,1.5,3.0,0.6,1200,0.8,68,66.2,7.04,0.74,1.45,0.104,6.61
5.0,0.7,1.5,3.0,0.8,1200,0.8,68,66.2,7.04,0.74,1.45,0.104,6.61
5.0,0.7,1.5,4.5,0.4,1200,0.8,68,66.2,7.04,0.74,1.45,0.104,6.61
5.0,0.7,1.5,4.5,0.6,1200,0.8,68,66.2,7.04,0.74,1.45,0.104,6.61
5.0,0.7,1.5,4.5,0.8,1200,0.8,68,66.2,7.04,0.74,1.45,0.104,6.61
3.0,0.7,2.5,3.0,0.4,2400,0.8,69,71.0,7.0,0.54,1.32,0.101,5.32
3.0,0.7,2.5,3.0,0.6,2400,0.8,69,71.0,7.0,0.54,1.32,0.101,5.32
3.0,0.7,2.5,3.0,0.8,2400,0.8,69,71.0,7.0,0.54,1.32,0.101,5.32
3.0,0.7,2.5,4.5,0.4,2400,0.8,69,71.0,7.0,0.54,1.32,0.101,5.32
3.0,0.7,2.5,4.5,0.6,2400,0.8,69,71.0,7.0,0.54,1.32,0.101,5.32
3.0,0.7,2.5,4.5,0.8,2400,0.8,69,71.0,7.0,0.54,1.32,0.101,5.32
4.0,1.0,1.5,3.0,0.4,2400,0.8,62,67.7,5.98,0.58,1.21,0.096,7.47
4.0,1.0,1.5,3.0,0.6,2400,0.8,62,67.7,5.98,0.58,1.21,0.096,7.47
4.0,1.0,1.5,3.0,0.8,2400,0.8,62,67.7,5.98,0.58,1.21,0.096,7.47
4.0,1.0,1.5,4.5,0.4,2400,0.8,62,67.7,5.98,0.58,1.21,0.096,7.47
4.0,1.0,1.5,4.5,0.6,2400,0.8,62,67.7,5.98,0.58,1.21,0.096,7.47
4.0,1.0,1.5,4.5,0.8,2400,0.8,62,67.7,5.98,0.58,1.21,0.096,7.47
5.0,0.7,1.5,3.0,0.4,2400,0.8,60,76.7,5.73,0.38,1.25,0.096,5.43
5.0,0.7,1.5,3.0,0.6,2400,0.8,60,76.7,5.73,0.38,1.25,0.096,5.43
5.0,0.7,1.5,3.0,0.8,2400,0.8,60,76.7,5.73,0.38,1.25,0.096,5.43
5.0,0.7,1.5,4.5,0.4,2400,0.8,60,76.7,5.73,0.38,1.25,0.096,5.43
5.0,0.7,1.5,4.5,0.6,2400,0.8,60,76.7,5.73,0.38,1.25,0.096,5.43
5.0,0.7,1.5,4.5,0.8,2400,0.8,60,76.7,5.73,0.38,1.25,0.096,5.43
4.0,1.0,2.5,3.0,0.4,2400,0.8,62,67.7,5.53,0.57,1.2,0.089,7.47
4.0,1.0,2.5,3.0,0.6,2400,0.8,62,67.7,5.53,0.57,1.2,0.089,7.47
4.0,1.0,2.5,3.0,0.8,2400,0.8,62,67.7,5.53,0.57,1.2,0.089,7.47
4.0,1.0,2.5,4.5,0.4,2400,0.8,62,67.7,5.53,0.57,1.2,0.089,7.47
4.0,1.0,2.5,4.5,0.6,2400,0.8,62,67.7,5.53,0.57,1.2,0.089,7.47
4.0,1.0,2.5,4.5,0.8,2400,0.8,62,67.7,5.53,0.57,1.2,0.089,7.47
3.0,1.5,2.5,3.0,0.4,1200,0.8,73,58.9,6.28,0.9,1.3,0.086,6.07
3.0,1.5,2.5,4.5,0.4,1200,0.8,73,58.9,6.28,0.9,1.3,0.086,6.07
5.0,0.7,2.5,3.0,0.4,1200,0.8,68,66.2,5.78,0.7,1.37,0.085,6.61
5.0,0.7,2.5,3.0,0.6,1200,0.8,68,66.2,5.78,0.7,1.37,0.085,6.61
5.0,0.7,2.5,3.0,0.8,1200,0.8,68,66.2,5.78,0.7,1.37,0.085,6.61
5.0,0.7,2.5,4.5,0.4,1200,0.8,68,66.2,5.78,0.7,1.37,0.085,6.61
5.0,0.7,2.5,4.5,0.6,1200,0.8,68,66.2,5.78,0.7,1.37,0.085,6.61
5.0,0.7,2.5,4.5,0.8,1200,0.8,68,66.2,5.78,0.7,1.37,0.085,6.61
4.0,0.7,1.5,3.0,0.4,2400,0.8,65,72.3,5.25,0.47,1.22,0.081,8.39
4.0,0.7,1.5,3.0,0.6,2400,0.8,65,72.3,5.25,0.47,1.22,0.081,8.39
4.0,0.7,1.5,3.0,0.8,2400,0.8,65,72.3,5.25,0.47,1.22,0.081,8.39
4.0,0.7,1.5,4.5,0.4,2400,0.8,65,72.3,5.25,0.47,1.22,0.081,8.39
4.0,0.7,1.5,4.5,0.6,2400,0.8,65,72.3,5.25,0.47,1.22,0.081,8.39
4.0,0.7,1.5,4.5,0.8,2400,0.8,65,72.3,5.25,0.47,1.22,0.081,8.39
3.0,1.5,2.5,3.0,0.8,1200,0.8,73,58.9,5.78,0.89,1.27,0.079,6.26
3.0,1.5,2.5,4.5,0.8,1200,0.8,73,58.9,5.78,0.89,1.27,0.079,6.26
3.0,1.5,2.5,3.0,0.6,1200,0.8,73,58.9,5.39,0.87,1.25,0.074,6.07
3.0,1.5,2.5,4.5,0.6,1200,0.8,73,58.9,5.39,0.87,1.25,0.074,6.07
4.0,1.5,2.5,3.0,0.4,1200,0.8,71,60.6,5.27,0.81,1.24,0.074,7.97
4.0,1.5,2.5,4.5,0.4,1200,0.8,71,60.6,5.27,0.81,1.24,0.074,7.97
5.0,0.7,2.5,3.0,0.4,2400,0.8,60,76.7,4.47,0.36,1.2,0.074,5.47
5.0,0.7,2.5,3.0,0.6,2400,0.8,60,76.7,4.47,0.36,1.2,0.074,5.47
5.0,0.7,2.5,3.0,0.8,2400,0.8,60,76.7,4.47,0.36,1.2,0.074,5.47
5.0,0.7,2.5,4.5,0.4,2400,0.8,60,76.7,4.47,0.36,1.2,0.074,5.47
5.0,0.7,2.5,4.5,0.6,2400,0.8,60,76.7,4.47,0.36,1.2,0.074,5.47
5.0,0.7,2.5,4.5,0.8,2400,0.8,60,76.7,4.47,0.36,1.2,0.074,5.47
4.0,0.7,2.5,3.0,0.4,2400,0.8,65,72.3,4.71,0.46,1.2,0.072,8.39
4.0,0.7,2.5,3.0,0.6,2400,0.8,65,72.3,4.71,0.46,1.2,0.072,8.39
4.0,0.7,2.5,3.0,0.8,2400,0.8,65,72.3,4.71,0.46,1.2,0.072,8.39
4.0,0.7,2.5,4.5,0.4,2400,0.8,65,72.3,4.71,0.46,1.2,0.072,8.39
4.0,0.7,2.5,4.5,0.6,2400,0.8,65,72.3,4.71,0.46,1.2,0.072,8.39
4.0,0.7,2.5,4.5,0.8,2400,0.8,65,72.3,4.71,0.46,1.2,0.072,8.39
2.0,1.0,1.5,3.0,0.4,2400,0.8,66,60.6,4.67,0.77,1.18,0.071,7.3
2.0,1.0,1.5,3.0,0.6,2400,0.8,66,60.6,4.67,0.77,1.18,0.071,7.3
2.0,1.0,1.5,3.0,0.8,2400,0.8,66,60.6,4.67,0.77,1.18,0.071,7.3
2.0,1.0,1.5,4.5,0.4,2400,0.8,66,60.6,4.67,0.77,1.18,0.071,7.3
2.0,1.0,1.5,4.5,0.6,2400,0.8,66,60.6,4.67,0.77,1.18,0.071,7.3
2.0,1.0,1.5,4.5,0.8,2400,0.8,66,60.6,4.67,0.77,1.18,0.071,7.3
4.0,0.7,1.5,3.0,0.4,1200,0.8,74,64.9,5.13,0.7,1.29,0.069,4.89
4.0,0.7,1.5,3.0,0.6,1200,0.8,74,64.9,5.13,0.7,1.29,0.069,4.89
4.0,0.7,1.5,3.0,0.8,1200,0.8,74,64.9,5.13,0.7,1.29,0.069,4.89
4.0,0.7,1.5,4.5,0.4,1200,0.8,74,64.9,5.13,0.7,1.29,0.069,4.89
4.0,0.7,1.5,4.5,0.6,1200,0.8,74,64.9,5.13,0.7,1.29,0.069,4.89
4.0,0.7,1.5,4.5,0.8,1200,0.8,74,64.9,5.13,0.7,1.29,0.069,4.89
3.0,0.7,1.5,3.0,0.4,1200,0.8,75,64.0,5.13,0.72,1.28,0.068,3.89
3.0,0.7,1.5,3.0,0.6,1200,0.8,75,64.0,5.13,0.72,1.28,0.068,3.89
3.0,0.7,1.5,3.0,0.8,1200,0.8,75,64.0,5.13,0.72,1.28,0.068,3.89
3.0,0.7,1.5,4.5,0.4,1200,0.8,75,64.0,5.13,0.72,1.28,0.068,3.89
3.0,0.7,1.5,4.5,0.6,1200,0.8,75,64.0,5.13,0.72,1.28,0.068,3.89
3.0,0.7,1.5,4.5,0.8,1200,0.8,75,64.0,5.13,0.72,1.28,0.068,3.89
4.0,1.5,2.5,3.0,0.8,1200,0.8,71,60.6,4.64,0.79,1.21,0.065,7.97
4.0,1.5,2.5,4.5,0.8,1200,0.8,71,60.6,4.64,0.79,1.21,0.065,7.97
2.0,1.0,2.5,3.0,0.4,2400,0.8,66,60.6,4.22,0.75,1.16,0.064,7.3
2.0,1.0,2.5,3.0,0.6,2400,0.8,66,60.6,4.22,0.75,1.16,0.064,7.3
2.0,1.0,2.5,3.0,0.8,2400,0.8,66,60.6,4.22,0.75,1.16,0.064,7.3
2.0,1.0,2.5,4.5,0.4,2400,0.8,66,60.6,4.22,0.75,1.16,0.064,7.3
2.0,1.0,2.5,4.5,0.6,2400,0.8,66,60.6,4.22,0.75,1.16,0.064,7.3
2.0,1.0,2.5,4.5,0.8,2400,0.8,66,60.6,4.22,0.75,1.16,0.064,7.3
4.0,0.7,2.5,3.0,0.4,1200,0.8,74,64.9,4.59,0.68,1.26,0.062,4.89
4.0,0.7,2.5,3.0,0.6,1200,0.8,74,64.9,4.59,0.68,1.26,0.062,4.89
4.0,0.7,2.5,3.0,0.8,1200,0.8,74,64.9,4.59,0.68,1.26,0.062,4.89
4.0,0.7,2.5,4.5,0.4,1200,0.8,74,64.9,4.59,0.68,1.26,0.062,4.89
4.0,0.7,2.5,4.5,0.6,1200,0.8,74,64.9,4.59,0.68,1.26,0.062,4.89
4.0,0.7,2.5,4.5,0.8,1200,0.8,74,64.9,4.59,0.68,1.26,0.062,4.89
4.0,1.5,2.5,3.0,0.6,1200,0.8,71,60.6,4.38,0.78,1.2,0.062,7.97
4.0,1.5,2.5,4.5,0.6,1200,0.8,71,60.6,4.38,0.78,1.2,0.062,7.97
3.0,0.7,2.5,3.0,0.4,1200,0.8,75,64.0,4.59,0.71,1.26,0.061,3.89
3.0,0.7,2.5,3.0,0.6,1200,0.8,75,64.0,4.59,0.71,1.26,0.061,3.89
3.0,0.7,2.5,3.0,0.8,1200,0.8,75,64.0,4.59,0.71,1.26,0.061,3.89
3.0,0.7,2.5,4.5,0.4,1200,0.8,75,64.0,4.59,0.71,1.26,0.061,3.89
3.0,0.7,2.5,4.5,0.6,1200,0.8,75,64.0,4.59,0.71,1.26,0.061,3.89
3.0,0.7,2.5,4.5,0.8,1200,0.8,75,64.0,4.59,0.71,1.26,0.061,3.89
2.0,0.7,1.5,3.0,0.4,2400,0.8,68,64.7,2.39,0.6,1.1,0.035,6.05
2.0,0.7,1.5,3.0,0.6,2400,0.8,68,64.7,2.39,0.6,1.1,0.035,6.05
2.0,0.7,1.5,3.0,0.8,2400,0.8,68,64.7,2.39,0.6,1.1,0.035,6.05
2.0,0.7,1.5,4.5,0.4,2400,0.8,68,64.7,2.39,0.6,1.1,0.035,6.05
2.0,0.7,1.5,4.5,0.6,2400,0.8,68,64.7,2.39,0.6,1.1,0.035,6.05
2.0,0.7,1.5,4.5,0.8,2400,0.8,68,64.7,2.39,0.6,1.1,0.035,6.05
3.0,1.0,2.5,3.0,0.4,1200,0.8,73,58.9,2.1,0.77,1.1,0.029,7.27
3.0,1.0,2.5,3.0,0.6,1200,0.8,73,58.9,2.1,0.77,1.1,0.029,7.27
3.0,1.0,2.5,3.0,0.8,1200,0.8,73,58.9,2.1,0.77,1.1,0.029,7.27
3.0,1.0,2.5,4.5,0.4,1200,0.8,73,58.9,2.1,0.77,1.1,0.029,7.27
3.0,1.0,2.5,4.5,0.6,1200,0.8,73,58.9,2.1,0.77,1.1,0.029,7.27
3.0,1.0,2.5,4.5,0.8,1200,0.8,73,58.9,2.1,0.77,1.1,0.029,7.27
2.0,0.7,2.5,3.0,0.4,2400,0.8,68,64.7,1.85,0.59,1.08,0.027,6.05
2.0,0.7,2.5,3.0,0.6,2400,0.8,68,64.7,1.85,0.59,1.08,0.027,6.05
2.0,0.7,2.5,3.0,0.8,2400,0.8,68,64.7,1.85,0.59,1.08,0.027,6.05
2.0,0.7,2.5,4.5,0.4,2400,0.8,68,64.7,1.85,0.59,1.08,0.027,6.05
2.0,0.7,2.5,4.5,0.6,2400,0.8,68,64.7,1.85,0.59,1.08,0.027,6.05
2.0,0.7,2.5,4.5,0.8,2400,0.8,68,64.7,1.85,0.59,1.08,0.027,6.05
3.0,1.0,1.5,3.0,0.4,1200,0.8,73,58.9,1.65,0.75,1.08,0.023,7.27
3.0,1.0,1.5,3.0,0.6,1200,0.8,73,58.9,1.65,0.75,1.08,0.023,7.27
3.0,1.0,1.5,3.0,0.8,1200,0.8,73,58.9,1.65,0.75,1.08,0.023,7.27
3.0,1.0,1.5,4.5,0.4,1200,0.8,73,58.9,1.65,0.75,1.08,0.023,7.27
3.0,1.0,1.5,4.5,0.6,1200,0.8,73,58.9,1.65,0.75,1.08,0.023,7.27
3.0,1.0,1.5,4.5,0.8,1200,0.8,73,58.9,1.65,0.75,1.08,0.023,7.27
4.0,1.0,2.5,3.0,0.4,1200,0.8,71,60.6,1.2,0.69,1.05,0.017,7.97
4.0,1.0,2.5,3.0,0.6,1200,0.8,71,60.6,1.2,0.69,1.05,0.017,7.97
4.0,1.0,2.5,3.0,0.8,1200,0.8,71,60.6,1.2,0.69,1.05,0.017,7.97
4.0,1.0,2.5,4.5,0.4,1200,0.8,71,60.6,1.2,0.69,1.05,0.017,7.97
4.0,1.0,2.5,4.5,0.6,1200,0.8,71,60.6,1.2,0.69,1.05,0.017,7.97
4.0,1.0,2.5,4.5,0.8,1200,0.8,71,60.6,1.2,0.69,1.05,0.017,7.97
4.0,1.0,1.5,3.0,0.4,1200,0.8,71,60.6,0.75,0.67,1.03,0.011,7.97
4.0,1.0,1.5,3.0,0.6,1200,0.8,71,60.6,0.75,0.67,1.03,0.011,7.97
4.0,1.0,1.5,3.0,0.8,1200,0.8,71,60.6,0.75,0.67,1.03,0.011,7.97
4.0,1.0,1.5,4.5,0.4,1200,0.8,71,60.6,0.75,0.67,1.03,0.011,7.97
4.0,1.0,1.5,4.5,0.6,1200,0.8,71,60.6,0.75,0.67,1.03,0.011,7.97
4.0,1.0,1.5,4.5,0.8,1200,0.8,71,60.6,0.75,0.67,1.03,0.011,7.97
2.0,1.5,2.5,3.0,0.4,1200,0.8,72,54.2,-0.41,0.83,0.98,-0.006,7.34
2.0,1.5,2.5,4.5,0.4,1200,0.8,72,54.2,-0.41,0.83,0.98,-0.006,7.34
2.0,1.5,2.5,3.0,0.6,1200,0.8,72,54.2,-1.1,0.81,0.95,-0.015,8.14
2.0,1.5,2.5,4.5,0.6,1200,0.8,72,54.2,-1.1,0.81,0.95,-0.015,8.14
2.0,1.5,2.5,3.0,0.8,1200,0.8,72,54.2,-1.43,0.8,0.94,-0.02,8.07
2.0,1.5,2.5,4.5,0.8,1200,0.8,72,54.2,-1.43,0.8,0.94,-0.02,8.07
2.0,0.7,1.5,3.0,0.4,1200,0.8,74,58.1,-2.02,0.65,0.91,-0.027,7.06
2.0,0.7,1.5,3.0,0.6,1200,0.8,74,58.1,-2.02,0.65,0.91,-0.027,7.06
2.0,0.7,1.5,3.0,0.8,1200,0.8,74,58.1,-2.02,0.65,0.91,-0.027,7.06
2.0,0.7,1.5,4.5,0.4,1200,0.8,74,58.1,-2.02,0.65,0.91,-0.027,7.06
2.0,0.7,1.5,4.5,0.6,1200,0.8,74,58.1,-2.02,0.65,0.91,-0.027,7.06
2.0,0.7,1.5,4.5,0.8,1200,0.8,74,58.1,-2.02,0.65,0.91,-0.027,7.06
2.0,0.7,2.5,3.0,0.4,1200,0.8,74,58.1,-2.56,0.64,0.88,-0.035,7.06
2.0,0.7,2.5,3.0,0.6,1200,0.8,74,58.1,-2.56,0.64,0.88,-0.035,7.06
2.0,0.7,2.5,3.0,0.8,1200,0.8,74,58.1,-2.56,0.64,0.88,-0.035,7.06
2.0,0.7,2.5,4.5,0.4,1200,0.8,74,58.1,-2.56,0.64,0.88,-0.035,7.06
2.0,0.7,2.5,4.5,0.6,1200,0.8,74,58.1,-2.56,0.64,0.88,-0.035,7.06
2.0,0.7,2.5,4.5,0.8,1200,0.8,74,58.1,-2.56,0.64,0.88,-0.035,7.06
2.0,1.0,2.5,3.0,0.4,1200,0.8,72,54.2,-3.53,0.72,0.85,-0.049,8.17
2.0,1.0,2.5,3.0,0.6,1200,0.8,72,54.2,-3.53,0.72,0.85,-0.049,8.17
2.0,1.0,2.5,3.0,0.8,1200,0.8,72,54.2,-3.53,0.72,0.85,-0.049,8.17
2.0,1.0,2.5,4.5,0.4,1200,0.8,72,54.2,-3.53,0.72,0.85,-0.049,8.17
2.0,1.0,2.5,4.5,0.6,1200,0.8,72,54.2,-3.53,0.72,0.85,-0.049,8.17
2.0,1.0,2.5,4.5,0.8,1200,0.8,72,54.2,-3.53,0.72,0.85,-0.049,8.17
2.0,1.0,1.5,3.0,0.4,1200,0.8,72,54.2,-3.98,0.71,0.84,-0.055,8.17
2.0,1.0,1.5,3.0,0.6,1200,0.8,72,54.2,-3.98,0.71,0.84,-0.055,8.17
2.0,1.0,1.5,3.0,0.8,1200,0.8,72,54.2,-3.98,0.71,0.84,-0.055,8.17
2.0,1.0,1.5,4.5,0.4,1200,0.8,72,54.2,-3.98,0.71,0.84,-0.055,8.17
2.0,1.0,1.5,4.5,0.6,1200,0.8,72,54.2,-3.98,0.71,0.84,-0.055,8.17
2.0,1.0,1.5,4.5,0.8,1200,0.8,72,54.2,-3.98,0.71,0.84,-0.055,8.17
