stop_loss_pct,level_1_pct,level_2_pct,level_3_pct,trail_callback,time_stop_seconds,time_stop_no_movement_pct,trades,win_rate,total_pnl_pct,payoff,profit_factor,expectancy_pct,max_dd_pct
2.0,1.5,2.5,3.0,0.4,2400,0.4,328,70.1,75.05,0.61,1.42,0.229,12.06
2.0,1.5,2.5,4.5,0.4,2400,0.4,328,70.1,73.25,0.6,1.41,0.223,12.06
2.0,1.5,2.5,3.0,0.8,2400,0.4,325,70.2,70.26,0.6,1.4,0.216,14.62
2.0,1.5,2.5,3.0,0.6,2400,0.4,326,69.9,69.75,0.6,1.39,0.214,13.77
4.0,1.5,2.5,3.0,0.4,2400,0.2,243,81.9,51.33,0.29,1.29,0.211,22.47
4.0,1.5,2.5,3.0,0.4,3600,0.2,243,81.9,51.33,0.29,1.29,0.211,22.47
4.0,1.5,2.5,3.0,0.4,7200,0.2,243,81.9,51.33,0.29,1.29,0.211,22.47
4.0,1.5,2.5,3.0,0.4,14400,0.2,243,81.9,51.33,0.29,1.29,0.211,22.47
4.0,1.5,2.5,3.0,0.4,14400,0.4,243,81.9,51.33,0.29,1.29,0.211,22.47
4.0,1.5,2.5,3.0,0.4,,0.4,243,81.9,51.33,0.29,1.29,0.211,22.47
2.0,1.5,2.5,4.5,0.8,2400,0.4,325,70.2,68.01,0.59,1.39,0.209,14.62
2.0,1.5,2.5,4.5,0.6,2400,0.4,326,69.9,67.95,0.59,1.38,0.208,13.77
4.0,1.5,2.5,3.0,0.4,3600,0.4,246,80.9,51.11,0.3,1.29,0.208,22.47
4.0,1.5,2.5,3.0,0.4,7200,0.4,244,81.6,50.68,0.29,1.29,0.208,22.47
4.0,1.5,2.5,3.0,0.4,1200,0.2,247,81.4,51.12,0.3,1.29,0.207,22.47
4.0,1.5,2.5,4.5,0.4,2400,0.2,243,81.9,49.98,0.28,1.28,0.206,22.92
4.0,1.5,2.5,4.5,0.4,3600,0.2,243,81.9,49.98,0.28,1.28,0.206,22.92
4.0,1.5,2.5,4.5,0.4,7200,0.2,243,81.9,49.98,0.28,1.28,0.206,22.92
4.0,1.5,2.5,4.5,0.4,14400,0.2,243,81.9,49.98,0.28,1.28,0.206,22.92
4.0,1.5,2.5,4.5,0.4,14400,0.4,243,81.9,49.98,0.28,1.28,0.206,22.92
4.0,1.5,2.5,4.5,0.4,,0.4,243,81.9,49.98,0.28,1.28,0.206,22.92
3.0,1.5,2.5,3.0,0.4,2400,0.4,292,75.7,59.31,0.42,1.32,0.203,14.08
4.0,1.5,2.5,4.5,0.4,3600,0.4,246,80.9,49.76,0.3,1.28,0.202,22.92
4.0,1.5,2.5,4.5,0.4,7200,0.4,244,81.6,49.33,0.29,1.28,0.202,22.92
4.0,1.5,2.5,4.5,0.4,1200,0.2,247,81.4,49.77,0.29,1.28,0.201,22.92
2.0,1.5,2.5,3.0,0.4,2400,0.8,380,64.2,75.59,0.83,1.49,0.199,12.06
5.0,1.5,2.5,4.5,0.4,2400,0.8,287,72.5,57.0,0.52,1.37,0.199,15.73
3.0,1.5,2.5,4.5,0.4,2400,0.4,292,75.7,57.96,0.42,1.32,0.198,14.08
4.0,1.5,2.5,3.0,0.4,14400,0.8,248,79.8,49.17,0.32,1.28,0.198,22.47
2.0,1.5,2.5,4.5,0.4,2400,0.8,380,64.2,74.69,0.83,1.49,0.197,12.06
5.0,1.5,2.5,3.0,0.4,2400,0.8,287,72.5,56.55,0.52,1.37,0.197,15.28
2.0,1.5,2.5,3.0,0.4,1200,0.4,344,68.3,67.23,0.65,1.4,0.195,12.06
4.0,1.5,2.5,4.5,0.4,14400,0.8,248,79.8,47.82,0.32,1.27,0.193,22.92
3.0,1.5,2.5,3.0,0.4,2400,0.2,271,77.1,51.79,0.38,1.28,0.191,18.08
3.0,1.5,2.5,3.0,0.4,3600,0.2,271,77.1,51.79,0.38,1.28,0.191,18.08
3.0,1.5,2.5,3.0,0.4,7200,0.2,271,77.1,51.79,0.38,1.28,0.191,18.08
3.0,1.5,2.5,3.0,0.4,14400,0.2,271,77.1,51.79,0.38,1.28,0.191,18.08
3.0,1.5,2.5,3.0,0.4,14400,0.4,271,77.1,51.79,0.38,1.28,0.191,18.08
3.0,1.5,2.5,3.0,0.4,,0.4,271,77.1,51.79,0.38,1.28,0.191,18.08
4.0,1.5,2.5,3.0,0.4,2400,0.4,258,78.7,49.25,0.35,1.28,0.191,18.0
4.0,1.5,2.5,4.5,0.4,2400,0.8,320,70.0,61.19,0.59,1.39,0.191,14.85
2.0,1.5,2.5,4.5,0.4,1200,0.4,344,68.3,65.43,0.64,1.39,0.19,12.06
4.0,1.5,2.5,3.0,0.4,2400,0.8,320,70.0,60.74,0.59,1.38,0.19,14.4
3.0,1.5,2.5,3.0,0.4,3600,0.4,274,76.3,51.57,0.4,1.28,0.188,18.08
3.0,1.5,2.5,3.0,0.4,7200,0.4,272,76.8,51.14,0.38,1.27,0.188,18.08
2.0,1.5,2.5,3.0,0.4,3600,0.4,313,69.3,58.58,0.58,1.31,0.187,12.06
2.0,1.5,2.5,3.0,0.4,7200,0.4,311,69.8,58.15,0.57,1.31,0.187,12.06
2.0,1.5,2.5,3.0,0.4,14400,0.8,316,68.7,58.84,0.6,1.32,0.186,12.06
3.0,1.5,2.5,4.5,0.4,2400,0.2,271,77.1,50.44,0.38,1.27,0.186,18.08
3.0,1.5,2.5,4.5,0.4,3600,0.2,271,77.1,50.44,0.38,1.27,0.186,18.08
3.0,1.5,2.5,4.5,0.4,7200,0.2,271,77.1,50.44,0.38,1.27,0.186,18.08
3.0,1.5,2.5,4.5,0.4,14400,0.2,271,77.1,50.44,0.38,1.27,0.186,18.08
3.0,1.5,2.5,4.5,0.4,14400,0.4,271,77.1,50.44,0.38,1.27,0.186,18.08
3.0,1.5,2.5,4.5,0.4,,0.4,271,77.1,50.44,0.38,1.27,0.186,18.08
4.0,1.5,2.5,4.5,0.4,2400,0.4,258,78.7,47.9,0.34,1.27,0.186,18.0
3.0,1.5,2.5,3.0,0.6,2400,0.4,291,75.6,53.93,0.42,1.29,0.185,15.02
3.0,1.5,2.5,3.0,0.8,2400,0.4,291,75.9,53.89,0.41,1.3,0.185,14.19
2.0,1.5,2.5,3.0,0.4,2400,0.2,311,69.8,57.07,0.56,1.3,0.184,12.06
2.0,1.5,2.5,3.0,0.4,3600,0.2,311,69.8,57.07,0.56,1.3,0.184,12.06
2.0,1.5,2.5,3.0,0.4,7200,0.2,311,69.8,57.07,0.56,1.3,0.184,12.06
2.0,1.5,2.5,3.0,0.4,14400,0.2,311,69.8,57.07,0.56,1.3,0.184,12.06
2.0,1.5,2.5,3.0,0.4,14400,0.4,311,69.8,57.07,0.56,1.3,0.184,12.06
2.0,1.5,2.5,3.0,0.4,,0.4,311,69.8,57.07,0.56,1.3,0.184,12.06
3.0,1.5,2.5,3.0,0.4,1200,0.2,276,76.1,50.7,0.4,1.27,0.184,18.08
4.0,1.5,2.5,3.0,0.6,2400,0.2,241,81.7,44.29,0.28,1.25,0.184,23.65
4.0,1.5,2.5,3.0,0.6,3600,0.2,241,81.7,44.29,0.28,1.25,0.184,23.65
4.0,1.5,2.5,3.0,0.6,7200,0.2,241,81.7,44.29,0.28,1.25,0.184,23.65
4.0,1.5,2.5,3.0,0.6,14400,0.2,241,81.7,44.29,0.28,1.25,0.184,23.65
4.0,1.5,2.5,3.0,0.6,14400,0.4,241,81.7,44.29,0.28,1.25,0.184,23.65
4.0,1.5,2.5,3.0,0.6,,0.4,241,81.7,44.29,0.28,1.25,0.184,23.65
3.0,1.5,2.5,3.0,0.4,2400,0.8,356,68.3,64.98,0.65,1.39,0.183,10.71
3.0,1.5,2.5,4.5,0.4,3600,0.4,274,76.3,50.22,0.39,1.27,0.183,18.08
3.0,1.5,2.5,4.5,0.4,7200,0.4,272,76.8,49.79,0.38,1.27,0.183,18.08
2.0,1.5,2.5,3.0,0.4,3600,0.8,360,66.1,65.46,0.71,1.38,0.182,12.06
3.0,1.5,2.5,3.0,0.4,14400,0.8,276,75.7,50.22,0.41,1.27,0.182,18.08
2.0,1.5,2.5,4.5,0.4,3600,0.4,313,69.3,56.78,0.58,1.3,0.181,12.06
2.0,1.5,2.5,4.5,0.4,7200,0.4,311,69.8,56.35,0.56,1.3,0.181,12.06
2.0,1.5,2.5,4.5,0.4,14400,0.8,316,68.7,57.04,0.6,1.31,0.181,12.06
3.0,1.5,2.5,4.5,0.6,2400,0.4,291,75.6,52.58,0.42,1.29,0.181,15.02
4.0,1.5,2.5,3.0,0.4,1200,0.4,275,76.7,49.64,0.39,1.3,0.181,16.11
4.0,1.5,2.5,4.5,0.4,1200,0.4,275,76.7,49.64,0.39,1.3,0.181,16.11
3.0,1.5,2.5,4.5,0.4,2400,0.8,356,68.3,64.08,0.64,1.38,0.18,10.71
3.0,1.5,2.5,4.5,0.4,1200,0.2,276,76.1,49.35,0.4,1.27,0.179,18.08
3.0,1.5,2.5,4.5,0.8,2400,0.4,291,75.9,52.09,0.41,1.29,0.179,14.19
4.0,1.5,2.5,3.0,0.6,7200,0.4,242,81.4,43.25,0.28,1.25,0.179,23.65
2.0,1.5,2.5,4.5,0.4,2400,0.2,311,69.8,55.27,0.56,1.29,0.178,12.06
2.0,1.5,2.5,4.5,0.4,3600,0.2,311,69.8,55.27,0.56,1.29,0.178,12.06
2.0,1.5,2.5,4.5,0.4,3600,0.8,360,66.1,64.11,0.7,1.37,0.178,12.06
2.0,1.5,2.5,4.5,0.4,7200,0.2,311,69.8,55.27,0.56,1.29,0.178,12.06
2.0,1.5,2.5,4.5,0.4,14400,0.2,311,69.8,55.27,0.56,1.29,0.178,12.06
2.0,1.5,2.5,4.5,0.4,14400,0.4,311,69.8,55.27,0.56,1.29,0.178,12.06
2.0,1.5,2.5,4.5,0.4,,0.4,311,69.8,55.27,0.56,1.29,0.178,12.06
4.0,1.5,2.5,3.0,0.6,3600,0.4,244,80.7,43.36,0.3,1.25,0.178,23.65
4.0,1.5,2.5,4.5,0.6,2400,0.2,241,81.7,42.94,0.28,1.24,0.178,24.1
4.0,1.5,2.5,4.5,0.6,3600,0.2,241,81.7,42.94,0.28,1.24,0.178,24.1
4.0,1.5,2.5,4.5,0.6,7200,0.2,241,81.7,42.94,0.28,1.24,0.178,24.1
4.0,1.5,2.5,4.5,0.6,14400,0.2,241,81.7,42.94,0.28,1.24,0.178,24.1
4.0,1.5,2.5,4.5,0.6,14400,0.4,241,81.7,42.94,0.28,1.24,0.178,24.1
4.0,1.5,2.5,4.5,0.6,,0.4,241,81.7,42.94,0.28,1.24,0.178,24.1
5.0,1.5,2.5,3.0,0.4,2400,0.4,226,81.0,40.23,0.29,1.24,0.178,20.82
2.0,1.5,2.5,3.0,0.4,1200,0.2,316,69.0,55.98,0.58,1.3,0.177,12.06
2.0,1.5,2.5,3.0,0.8,1200,0.4,341,68.3,60.26,0.63,1.36,0.177,14.62
3.0,1.5,2.5,4.5,0.4,14400,0.8,276,75.7,48.87,0.4,1.26,0.177,18.08
4.0,1.5,2.5,3.0,0.6,1200,0.2,245,81.2,43.44,0.29,1.25,0.177,23.65
2.0,1.5,2.5,3.0,0.4,7200,0.8,336,66.7,58.98,0.66,1.32,0.176,12.06
2.0,1.5,2.5,3.0,0.8,2400,0.8,377,64.5,65.86,0.79,1.43,0.175,14.62
2.0,1.5,2.5,3.0,0.6,1200,0.4,342,68.1,59.56,0.63,1.35,0.174,13.77
2.0,1.5,2.5,3.0,0.6,2400,0.8,378,64.0,65.95,0.8,1.43,0.174,13.77
4.0,1.5,2.5,3.0,0.8,2400,0.2,239,81.6,41.67,0.28,1.24,0.174,22.57
4.0,1.5,2.5,3.0,0.8,3600,0.2,239,81.6,41.67,0.28,1.24,0.174,22.57
4.0,1.5,2.5,3.0,0.8,7200,0.2,239,81.6,41.67,0.28,1.24,0.174,22.57
4.0,1.5,2.5,3.0,0.8,14400,0.2,239,81.6,41.67,0.28,1.24,0.174,22.57
4.0,1.5,2.5,3.0,0.8,14400,0.4,239,81.6,41.67,0.28,1.24,0.174,22.57
4.0,1.5,2.5,3.0,0.8,,0.4,239,81.6,41.67,0.28,1.24,0.174,22.57
5.0,0.7,1.5,3.0,0.4,2400,0.4,268,88.4,46.58,0.18,1.39,0.174,13.04
5.0,0.7,1.5,3.0,0.6,2400,0.4,268,88.4,46.58,0.18,1.39,0.174,13.04
5.0,0.7,1.5,3.0,0.8,2400,0.4,268,88.4,46.58,0.18,1.39,0.174,13.04
5.0,0.7,1.5,4.5,0.4,2400,0.4,268,88.4,46.58,0.18,1.39,0.174,13.04
5.0,0.7,1.5,4.5,0.6,2400,0.4,268,88.4,46.58,0.18,1.39,0.174,13.04
5.0,0.7,1.5,4.5,0.8,2400,0.4,268,88.4,46.58,0.18,1.39,0.174,13.04
2.0,1.5,2.5,3.0,0.8,3600,0.4,309,69.3,53.57,0.57,1.29,0.173,14.62
2.0,1.5,2.5,3.0,0.8,7200,0.4,307,69.7,53.06,0.56,1.29,0.173,14.62
4.0,1.5,2.5,4.5,0.6,7200,0.4,242,81.4,41.9,0.28,1.24,0.173,24.1
5.0,1.5,2.5,4.5,0.6,2400,0.8,286,72.4,49.62,0.5,1.32,0.173,16.64
2.0,1.5,2.5,4.5,0.6,2400,0.8,378,64.0,65.05,0.8,1.42,0.172,13.77
4.0,1.5,2.5,4.5,0.6,1200,0.2,245,81.2,42.09,0.29,1.24,0.172,24.1
4.0,1.5,2.5,4.5,0.6,3600,0.4,244,80.7,42.01,0.3,1.24,0.172,24.1
5.0,1.5,2.5,3.0,0.6,2400,0.8,286,72.4,49.17,0.5,1.32,0.172,16.19
5.0,1.5,2.5,3.0,0.8,2400,0.8,293,72.7,50.5,0.5,1.33,0.172,14.76
5.0,1.5,2.5,4.5,0.4,2400,0.4,226,81.0,38.88,0.29,1.23,0.172,20.82
5.0,1.5,2.5,4.5,0.8,2400,0.8,293,72.7,50.5,0.5,1.33,0.172,15.21
2.0,1.5,2.5,3.0,0.8,2400,0.2,307,69.7,52.57,0.56,1.28,0.171,14.62
2.0,1.5,2.5,3.0,0.8,3600,0.2,307,69.7,52.57,0.56,1.28,0.171,14.62
2.0,1.5,2.5,3.0,0.8,7200,0.2,307,69.7,52.57,0.56,1.28,0.171,14.62
2.0,1.5,2.5,3.0,0.8,14400,0.2,307,69.7,52.57,0.56,1.28,0.171,14.62
2.0,1.5,2.5,3.0,0.8,14400,0.4,307,69.7,52.57,0.56,1.28,0.171,14.62
2.0,1.5,2.5,3.0,0.8,,0.4,307,69.7,52.57,0.56,1.28,0.171,14.62
2.0,1.5,2.5,4.5,0.4,1200,0.2,316,69.0,54.18,0.58,1.29,0.171,12.06
2.0,1.5,2.5,4.5,0.8,2400,0.8,377,64.5,64.51,0.79,1.42,0.171,14.62
4.0,1.5,2.5,3.0,0.8,3600,0.4,242,80.6,41.34,0.3,1.23,0.171,22.57
2.0,1.5,2.5,3.0,0.8,14400,0.8,312,68.6,52.89,0.59,1.29,0.17,14.62
2.0,1.5,2.5,4.5,0.4,7200,0.8,336,66.7,57.18,0.66,1.31,0.17,12.06
2.0,1.5,2.5,4.5,0.8,1200,0.4,341,68.3,58.01,0.62,1.35,0.17,14.62
3.0,1.5,2.5,3.0,0.6,2400,0.2,270,77.0,45.92,0.37,1.25,0.17,19.25
3.0,1.5,2.5,3.0,0.6,3600,0.2,270,77.0,45.92,0.37,1.25,0.17,19.25
3.0,1.5,2.5,3.0,0.6,7200,0.2,270,77.0,45.92,0.37,1.25,0.17,19.25
3.0,1.5,2.5,3.0,0.6,14400,0.2,270,77.0,45.92,0.37,1.25,0.17,19.25
3.0,1.5,2.5,3.0,0.6,14400,0.4,270,77.0,45.92,0.37,1.25,0.17,19.25
3.0,1.5,2.5,3.0,0.6,,0.4,270,77.0,45.92,0.37,1.25,0.17,19.25
4.0,1.5,2.5,3.0,0.8,1200,0.2,243,81.1,41.22,0.29,1.23,0.17,22.57
4.0,1.5,2.5,3.0,0.8,7200,0.4,240,81.2,40.83,0.28,1.23,0.17,22.57
2.0,1.5,2.5,3.0,0.6,3600,0.4,311,69.1,52.48,0.57,1.28,0.169,13.77
2.0,1.5,2.5,3.0,0.6,7200,0.4,309,69.6,52.37,0.56,1.28,0.169,13.77
2.0,1.5,2.5,4.5,0.6,1200,0.4,342,68.1,57.76,0.63,1.34,0.169,13.77
3.0,1.5,2.5,3.0,0.4,1200,0.4,314,73.2,52.98,0.47,1.3,0.169,12.59
4.0,1.5,2.5,3.0,0.8,2400,0.4,255,78.8,43.1,0.34,1.25,0.169,18.8
5.0,1.5,2.5,3.0,0.4,1200,0.2,219,83.6,37.08,0.24,1.21,0.169,22.19
2.0,1.5,2.5,3.0,0.6,2400,0.2,309,69.6,51.88,0.56,1.28,0.168,13.77
2.0,1.5,2.5,3.0,0.6,3600,0.2,309,69.6,51.88,0.56,1.28,0.168,13.77
2.0,1.5,2.5,3.0,0.6,7200,0.2,309,69.6,51.88,0.56,1.28,0.168,13.77
2.0,1.5,2.5,3.0,0.6,14400,0.2,309,69.6,51.88,0.56,1.28,0.168,13.77
2.0,1.5,2.5,3.0,0.6,14400,0.4,309,69.6,51.88,0.56,1.28,0.168,13.77
2.0,1.5,2.5,3.0,0.6,14400,0.8,314,68.5,52.7,0.59,1.28,0.168,13.77
2.0,1.5,2.5,3.0,0.6,,0.4,309,69.6,51.88,0.56,1.28,0.168,13.77
4.0,1.5,2.5,3.0,0.6,14400,0.8,246,79.7,41.42,0.31,1.23,0.168,23.65
4.0,1.5,2.5,4.5,0.8,2400,0.2,239,81.6,39.87,0.28,1.23,0.167,23.02
4.0,1.5,2.5,4.5,0.8,3600,0.2,239,81.6,39.87,0.28,1.23,0.167,23.02
4.0,1.5,2.5,4.5,0.8,7200,0.2,239,81.6,39.87,0.28,1.23,0.167,23.02
4.0,1.5,2.5,4.5,0.8,14400,0.2,239,81.6,39.87,0.28,1.23,0.167,23.02
4.0,1.5,2.5,4.5,0.8,14400,0.4,239,81.6,39.87,0.28,1.23,0.167,23.02
4.0,1.5,2.5,4.5,0.8,,0.4,239,81.6,39.87,0.28,1.23,0.167,23.02
5.0,1.5,2.5,3.0,0.8,2400,0.4,232,81.0,38.82,0.29,1.23,0.167,19.75
2.0,1.5,2.5,4.5,0.8,3600,0.4,309,69.3,51.32,0.57,1.28,0.166,14.62
2.0,1.5,2.5,4.5,0.8,7200,0.4,307,69.7,50.81,0.55,1.28,0.166,14.62
3.0,1.5,2.5,3.0,0.6,7200,0.4,271,76.8,44.88,0.38,1.24,0.166,19.25
4.0,1.5,2.5,3.0,0.6,2400,0.4,256,78.5,42.41,0.34,1.24,0.166,18.4
2.0,1.5,2.5,3.0,0.8,1200,0.2,311,68.8,51.2,0.58,1.28,0.165,14.62
3.0,1.5,2.5,3.0,0.4,3600,0.8,326,71.2,53.66,0.53,1.3,0.165,16.51
3.0,1.5,2.5,3.0,0.6,3600,0.4,273,76.2,44.99,0.39,1.24,0.165,19.25
3.0,1.5,2.5,4.5,0.6,2400,0.2,270,77.0,44.57,0.37,1.24,0.165,19.25
3.0,1.5,2.5,4.5,0.6,3600,0.2,270,77.0,44.57,0.37,1.24,0.165,19.25
3.0,1.5,2.5,4.5,0.6,7200,0.2,270,77.0,44.57,0.37,1.24,0.165,19.25
3.0,1.5,2.5,4.5,0.6,14400,0.2,270,77.0,44.57,0.37,1.24,0.165,19.25
3.0,1.5,2.5,4.5,0.6,14400,0.4,270,77.0,44.57,0.37,1.24,0.165,19.25
3.0,1.5,2.5,4.5,0.6,,0.4,270,77.0,44.57,0.37,1.24,0.165,19.25
4.0,1.5,2.5,3.0,0.8,2400,0.8,317,70.0,52.24,0.57,1.34,0.165,14.35
4.0,1.5,2.5,4.5,0.8,2400,0.8,317,70.0,52.24,0.57,1.34,0.165,14.35
2.0,1.5,2.5,4.5,0.6,7200,0.4,309,69.6,50.57,0.56,1.27,0.164,13.77
2.0,1.5,2.5,4.5,0.8,2400,0.2,307,69.7,50.32,0.55,1.27,0.164,14.62
2.0,1.5,2.5,4.5,0.8,3600,0.2,307,69.7,50.32,0.55,1.27,0.164,14.62
2.0,1.5,2.5,4.5,0.8,7200,0.2,307,69.7,50.32,0.55,1.27,0.164,14.62
2.0,1.5,2.5,4.5,0.8,14400,0.2,307,69.7,50.32,0.55,1.27,0.164,14.62
2.0,1.5,2.5,4.5,0.8,14400,0.4,307,69.7,50.32,0.55,1.27,0.164,14.62
2.0,1.5,2.5,4.5,0.8,,0.4,307,69.7,50.32,0.55,1.27,0.164,14.62
3.0,1.5,2.5,4.5,0.4,1200,0.4,314,73.2,51.63,0.47,1.29,0.164,12.59
4.0,1.5,2.5,4.5,0.6,2400,0.8,318,69.8,52.03,0.57,1.33,0.164,15.52
5.0,1.5,2.5,3.0,0.4,1200,0.4,241,79.7,39.42,0.32,1.24,0.164,17.73
5.0,1.5,2.5,4.5,0.4,1200,0.4,241,79.7,39.42,0.32,1.24,0.164,18.63
2.0,1.5,2.5,4.5,0.6,3600,0.4,311,69.1,50.68,0.57,1.27,0.163,13.77
4.0,1.5,2.5,4.5,0.6,14400,0.8,246,79.7,40.07,0.31,1.23,0.163,24.1
4.0,1.5,2.5,4.5,0.8,3600,0.4,242,80.6,39.54,0.3,1.22,0.163,23.02
4.0,1.5,2.5,4.5,0.8,7200,0.4,240,81.2,39.03,0.28,1.22,0.163,23.02
5.0,1.5,2.5,4.5,0.4,1200,0.2,219,83.6,35.73,0.24,1.2,0.163,23.09
2.0,1.5,2.5,4.5,0.6,2400,0.2,309,69.6,50.08,0.55,1.27,0.162,13.77
2.0,1.5,2.5,4.5,0.6,3600,0.2,309,69.6,50.08,0.55,1.27,0.162,13.77
2.0,1.5,2.5,4.5,0.6,7200,0.2,309,69.6,50.08,0.55,1.27,0.162,13.77
2.0,1.5,2.5,4.5,0.6,14400,0.2,309,69.6,50.08,0.55,1.27,0.162,13.77
2.0,1.5,2.5,4.5,0.6,14400,0.4,309,69.6,50.08,0.55,1.27,0.162,13.77
2.0,1.5,2.5,4.5,0.6,14400,0.8,314,68.5,50.9,0.59,1.27,0.162,13.77
2.0,1.5,2.5,4.5,0.6,,0.4,309,69.6,50.08,0.55,1.27,0.162,13.77
2.0,1.5,2.5,4.5,0.8,14400,0.8,312,68.6,50.64,0.58,1.28,0.162,14.62
3.0,1.5,2.5,4.5,0.4,3600,0.8,326,71.2,52.76,0.52,1.29,0.162,16.51
4.0,1.5,2.5,3.0,0.6,2400,0.8,318,69.8,51.58,0.57,1.33,0.162,15.07
4.0,1.5,2.5,4.5,0.8,1200,0.2,243,81.1,39.42,0.29,1.22,0.162,23.02
4.0,1.5,2.5,4.5,0.8,2400,0.4,255,78.8,41.3,0.33,1.24,0.162,18.8
3.0,1.5,2.5,3.0,0.6,1200,0.2,275,76.0,44.39,0.39,1.24,0.161,19.25
3.0,1.5,2.5,3.0,0.6,14400,0.8,275,75.6,44.26,0.4,1.24,0.161,19.25
3.0,1.5,2.5,3.0,0.8,2400,0.2,270,77.0,43.51,0.37,1.23,0.161,17.19
3.0,1.5,2.5,3.0,0.8,3600,0.2,270,77.0,43.51,0.37,1.23,0.161,17.19
3.0,1.5,2.5,3.0,0.8,7200,0.2,270,77.0,43.51,0.37,1.23,0.161,17.19
3.0,1.5,2.5,3.0,0.8,14400,0.2,270,77.0,43.51,0.37,1.23,0.161,17.19
3.0,1.5,2.5,3.0,0.8,14400,0.4,270,77.0,43.51,0.37,1.23,0.161,17.19
3.0,1.5,2.5,3.0,0.8,,0.4,270,77.0,43.51,0.37,1.23,0.161,17.19
3.0,1.5,2.5,4.5,0.6,7200,0.4,271,76.8,43.53,0.37,1.23,0.161,19.25
4.0,1.5,2.5,3.0,0.8,14400,0.8,244,79.5,39.2,0.31,1.22,0.161,22.57
2.0,1.5,2.5,3.0,0.6,1200,0.2,314,68.8,50.35,0.58,1.27,0.16,13.77
3.0,1.5,2.5,3.0,0.6,2400,0.8,355,68.2,56.72,0.63,1.34,0.16,11.71
3.0,1.5,2.5,4.5,0.6,3600,0.4,273,76.2,43.64,0.39,1.23,0.16,19.25
4.0,1.5,2.5,4.5,0.6,2400,0.4,256,78.5,41.06,0.34,1.23,0.16,18.4
5.0,1.5,2.5,3.0,0.6,2400,0.4,225,80.9,35.97,0.29,1.21,0.16,19.74
5.0,1.5,2.5,4.5,0.8,2400,0.4,232,81.0,37.02,0.28,1.22,0.16,19.75
5.0,0.7,1.5,3.0,0.4,1200,0.2,257,89.9,40.78,0.15,1.33,0.159,12.37
5.0,0.7,1.5,3.0,0.6,1200,0.2,257,89.9,40.78,0.15,1.33,0.159,12.37
5.0,0.7,1.5,3.0,0.8,1200,0.2,257,89.9,40.78,0.15,1.33,0.159,12.37
5.0,0.7,1.5,4.5,0.4,1200,0.2,257,89.9,40.78,0.15,1.33,0.159,12.37
5.0,0.7,1.5,4.5,0.6,1200,0.2,257,89.9,40.78,0.15,1.33,0.159,12.37
5.0,0.7,1.5,4.5,0.8,1200,0.2,257,89.9,40.78,0.15,1.33,0.159,12.37
2.0,1.5,2.5,3.0,0.8,7200,0.8,333,66.4,52.78,0.65,1.29,0.158,14.62
3.0,1.5,2.5,3.0,0.8,3600,0.4,273,76.2,43.18,0.38,1.23,0.158,17.19
2.0,1.5,2.5,4.5,0.8,1200,0.2,311,68.8,48.95,0.57,1.26,0.157,14.62
3.0,1.5,2.5,3.0,0.8,7200,0.4,271,76.8,42.67,0.37,1.23,0.157,17.19
3.0,1.5,2.5,4.5,0.6,1200,0.2,275,76.0,43.04,0.39,1.23,0.157,19.25
3.0,1.5,2.5,4.5,0.6,2400,0.8,355,68.2,55.82,0.62,1.34,0.157,11.71
2.0,1.5,2.5,3.0,0.8,3600,0.8,358,66.2,55.98,0.68,1.33,0.156,14.62
3.0,1.5,2.5,4.5,0.6,14400,0.8,275,75.6,42.91,0.4,1.23,0.156,19.25
4.0,1.5,2.5,3.0,0.8,1200,0.4,272,76.8,42.42,0.38,1.26,0.156,16.44
5.0,1.5,2.5,3.0,0.4,3600,0.4,224,82.6,35.03,0.25,1.19,0.156,22.19
2.0,1.5,2.5,4.5,0.6,1200,0.2,314,68.8,48.55,0.57,1.26,0.155,13.77
3.0,1.5,2.5,3.0,0.8,2400,0.8,355,68.5,55.11,0.62,1.34,0.155,9.83
4.0,1.5,2.5,3.0,0.4,3600,0.8,291,74.9,45.25,0.42,1.25,0.155,18.16
5.0,0.7,1.5,3.0,0.4,7200,0.8,286,84.6,44.41,0.25,1.35,0.155,13.64
5.0,0.7,1.5,3.0,0.6,7200,0.8,286,84.6,44.41,0.25,1.35,0.155,13.64
5.0,0.7,1.5,3.0,0.8,7200,0.8,286,84.6,44.41,0.25,1.35,0.155,13.64
5.0,0.7,1.5,4.5,0.4,7200,0.8,286,84.6,44.41,0.25,1.35,0.155,13.64
5.0,0.7,1.5,4.5,0.6,7200,0.8,286,84.6,44.41,0.25,1.35,0.155,13.64
5.0,0.7,1.5,4.5,0.8,7200,0.8,286,84.6,44.41,0.25,1.35,0.155,13.64
2.0,1.5,2.5,3.0,0.6,7200,0.8,334,66.5,51.44,0.65,1.28,0.154,13.77
3.0,1.5,2.5,3.0,0.8,1200,0.2,274,75.9,42.14,0.39,1.23,0.154,17.19
3.0,1.5,2.5,3.0,0.8,14400,0.8,275,75.6,42.45,0.4,1.23,0.154,17.19
3.0,1.5,2.5,4.5,0.8,2400,0.2,270,77.0,41.71,0.36,1.22,0.154,17.19
3.0,1.5,2.5,4.5,0.8,3600,0.2,270,77.0,41.71,0.36,1.22,0.154,17.19
3.0,1.5,2.5,4.5,0.8,7200,0.2,270,77.0,41.71,0.36,1.22,0.154,17.19
3.0,1.5,2.5,4.5,0.8,14400,0.2,270,77.0,41.71,0.36,1.22,0.154,17.19
3.0,1.5,2.5,4.5,0.8,14400,0.4,270,77.0,41.71,0.36,1.22,0.154,17.19
3.0,1.5,2.5,4.5,0.8,,0.4,270,77.0,41.71,0.36,1.22,0.154,17.19
4.0,1.5,2.5,3.0,0.6,1200,0.4,273,76.6,42.02,0.38,1.25,0.154,17.07
4.0,1.5,2.5,4.5,0.6,1200,0.4,273,76.6,42.02,0.38,1.25,0.154,17.07
4.0,1.5,2.5,4.5,0.8,1200,0.4,272,76.8,41.97,0.38,1.26,0.154,16.44
5.0,1.5,2.5,4.5,0.6,2400,0.4,225,80.9,34.62,0.28,1.2,0.154,19.74
4.0,1.5,2.5,4.5,0.8,14400,0.8,244,79.5,37.4,0.31,1.21,0.153,23.02
5.0,1.5,2.5,3.0,0.4,2400,0.2,217,83.4,33.24,0.24,1.18,0.153,22.19
5.0,1.5,2.5,3.0,0.4,3600,0.2,217,83.4,33.24,0.24,1.18,0.153,22.19
5.0,1.5,2.5,3.0,0.4,7200,0.2,217,83.4,33.24,0.24,1.18,0.153,22.19
5.0,1.5,2.5,3.0,0.4,7200,0.4,218,83.0,33.28,0.24,1.18,0.153,22.19
5.0,1.5,2.5,3.0,0.4,14400,0.2,217,83.4,33.24,0.24,1.18,0.153,22.19
5.0,1.5,2.5,3.0,0.4,14400,0.4,217,83.4,33.24,0.24,1.18,0.153,22.19
5.0,1.5,2.5,3.0,0.4,,0.4,217,83.4,33.24,0.24,1.18,0.153,22.19
2.0,1.5,2.5,3.0,0.6,3600,0.8,358,65.9,54.54,0.68,1.31,0.152,13.77
2.0,1.5,2.5,4.5,0.8,7200,0.8,333,66.4,50.53,0.65,1.28,0.152,14.62
3.0,1.5,2.5,4.5,0.8,3600,0.4,273,76.2,41.38,0.38,1.22,0.152,17.19
4.0,1.5,2.5,4.5,0.4,3600,0.8,291,74.9,44.35,0.42,1.25,0.152,18.16
2.0,1.5,2.5,4.5,0.8,3600,0.8,358,66.2,54.18,0.67,1.32,0.151,14.62
3.0,1.5,2.5,4.5,0.8,2400,0.8,355,68.5,53.76,0.61,1.33,0.151,9.88
3.0,1.5,2.5,4.5,0.8,7200,0.4,271,76.8,40.87,0.37,1.22,0.151,17.19
4.0,1.5,2.5,3.0,0.4,7200,0.8,272,75.4,41.12,0.4,1.23,0.151,22.41
5.0,1.5,2.5,3.0,0.8,1200,0.4,247,80.2,37.09,0.3,1.23,0.15,18.85
2.0,1.5,2.5,4.5,0.6,3600,0.8,358,65.9,53.19,0.68,1.31,0.149,13.77
2.0,1.5,2.5,4.5,0.6,7200,0.8,334,66.5,49.64,0.64,1.27,0.149,13.77
3.0,1.5,2.5,3.0,0.8,1200,0.4,313,73.5,46.75,0.46,1.27,0.149,11.7
3.0,1.5,2.5,3.0,0.6,1200,0.4,313,73.2,46.4,0.46,1.26,0.148,13.76
3.0,1.5,2.5,4.5,0.8,14400,0.8,275,75.6,40.65,0.39,1.22,0.148,17.19
5.0,0.7,1.5,3.0,0.4,1200,0.4,286,83.9,42.42,0.26,1.36,0.148,13.21
5.0,0.7,1.5,3.0,0.6,1200,0.4,286,83.9,42.42,0.26,1.36,0.148,13.21
5.0,0.7,1.5,3.0,0.8,1200,0.4,286,83.9,42.42,0.26,1.36,0.148,13.21
5.0,0.7,1.5,4.5,0.4,1200,0.4,286,83.9,42.42,0.26,1.36,0.148,13.21
5.0,0.7,1.5,4.5,0.6,1200,0.4,286,83.9,42.42,0.26,1.36,0.148,13.21
5.0,0.7,1.5,4.5,0.8,1200,0.4,286,83.9,42.42,0.26,1.36,0.148,13.21
5.0,1.5,2.5,4.5,0.4,3600,0.4,224,82.6,33.23,0.25,1.18,0.148,23.09
5.0,1.5,2.5,4.5,0.8,1200,0.4,247,80.2,36.64,0.3,1.23,0.148,19.75
3.0,1.5,2.5,4.5,0.8,1200,0.2,274,75.9,40.34,0.39,1.22,0.147,17.19
4.0,1.5,2.5,4.5,0.4,7200,0.8,272,75.4,39.77,0.4,1.22,0.146,22.86
5.0,0.7,1.5,3.0,0.4,2400,0.2,257,89.9,37.49,0.15,1.29,0.146,11.77
5.0,0.7,1.5,3.0,0.4,3600,0.2,257,89.9,37.49,0.15,1.29,0.146,11.77
5.0,0.7,1.5,3.0,0.4,7200,0.2,257,89.9,37.49,0.15,1.29,0.146,11.77
5.0,0.7,1.5,3.0,0.4,14400,0.2,257,89.9,37.49,0.15,1.29,0.146,11.77
5.0,0.7,1.5,3.0,0.4,14400,0.4,257,89.9,37.49,0.15,1.29,0.146,11.77
5.0,0.7,1.5,3.0,0.4,,0.4,257,89.9,37.49,0.15,1.29,0.146,11.77
5.0,0.7,1.5,3.0,0.6,2400,0.2,257,89.9,37.49,0.15,1.29,0.146,11.77
5.0,0.7,1.5,3.0,0.6,3600,0.2,257,89.9,37.49,0.15,1.29,0.146,11.77
5.0,0.7,1.5,3.0,0.6,7200,0.2,257,89.9,37.49,0.15,1.29,0.146,11.77
5.0,0.7,1.5,3.0,0.6,14400,0.2,257,89.9,37.49,0.15,1.29,0.146,11.77
5.0,0.7,1.5,3.0,0.6,14400,0.4,257,89.9,37.49,0.15,1.29,0.146,11.77
5.0,0.7,1.5,3.0,0.6,,0.4,257,89.9,37.49,0.15,1.29,0.146,11.77
5.0,0.7,1.5,3.0,0.8,2400,0.2,257,89.9,37.49,0.15,1.29,0.146,11.77
5.0,0.7,1.5,3.0,0.8,3600,0.2,257,89.9,37.49,0.15,1.29,0.146,11.77
5.0,0.7,1.5,3.0,0.8,7200,0.2,257,89.9,37.49,0.15,1.29,0.146,11.77
5.0,0.7,1.5,3.0,0.8,14400,0.2,257,89.9,37.49,0.15,1.29,0.146,11.77
5.0,0.7,1.5,3.0,0.8,14400,0.4,257,89.9,37.49,0.15,1.29,0.146,11.77
5.0,0.7,1.5,3.0,0.8,,0.4,257,89.9,37.49,0.15,1.29,0.146,11.77
5.0,0.7,1.5,4.5,0.4,2400,0.2,257,89.9,37.49,0.15,1.29,0.146,11.77
5.0,0.7,1.5,4.5,0.4,3600,0.2,257,89.9,37.49,0.15,1.29,0.146,11.77
5.0,0.7,1.5,4.5,0.4,7200,0.2,257,89.9,37.49,0.15,1.29,0.146,11.77
5.0,0.7,1.5,4.5,0.4,14400,0.2,257,89.9,37.49,0.15,1.29,0.146,11.77
5.0,0.7,1.5,4.5,0.4,14400,0.4,257,89.9,37.49,0.15,1.29,0.146,11.77
5.0,0.7,1.5,4.5,0.4,,0.4,257,89.9,37.49,0.15,1.29,0.146,11.77
5.0,0.7,1.5,4.5,0.6,2400,0.2,257,89.9,37.49,0.15,1.29,0.146,11.77
5.0,0.7,1.5,4.5,0.6,3600,0.2,257,89.9,37.49,0.15,1.29,0.146,11.77
5.0,0.7,1.5,4.5,0.6,7200,0.2,257,89.9,37.49,0.15,1.29,0.146,11.77
5.0,0.7,1.5,4.5,0.6,14400,0.2,257,89.9,37.49,0.15,1.29,0.146,11.77
5.0,0.7,1.5,4.5,0.6,14400,0.4,257,89.9,37.49,0.15,1.29,0.146,11.77
5.0,0.7,1.5,4.5,0.6,,0.4,257,89.9,37.49,0.15,1.29,0.146,11.77
5.0,0.7,1.5,4.5,0.8,2400,0.2,257,89.9,37.49,0.15,1.29,0.146,11.77
5.0,0.7,1.5,4.5,0.8,3600,0.2,257,89.9,37.49,0.15,1.29,0.146,11.77
5.0,0.7,1.5,4.5,0.8,7200,0.2,257,89.9,37.49,0.15,1.29,0.146,11.77
5.0,0.7,1.5,4.5,0.8,14400,0.2,257,89.9,37.49,0.15,1.29,0.146,11.77
5.0,0.7,1.5,4.5,0.8,14400,0.4,257,89.9,37.49,0.15,1.29,0.146,11.77
5.0,0.7,1.5,4.5,0.8,,0.4,257,89.9,37.49,0.15,1.29,0.146,11.77
5.0,1.5,2.5,3.0,0.4,14400,0.8,225,81.3,32.55,0.27,1.18,0.145,22.19
5.0,1.5,2.5,4.5,0.4,2400,0.2,217,83.4,31.44,0.23,1.17,0.145,23.09
5.0,1.5,2.5,4.5,0.4,3600,0.2,217,83.4,31.44,0.23,1.17,0.145,23.09
5.0,1.5,2.5,4.5,0.4,7200,0.2,217,83.4,31.44,0.23,1.17,0.145,23.09
5.0,1.5,2.5,4.5,0.4,14400,0.2,217,83.4,31.44,0.23,1.17,0.145,23.09
5.0,1.5,2.5,4.5,0.4,14400,0.4,217,83.4,31.44,0.23,1.17,0.145,23.09
5.0,1.5,2.5,4.5,0.4,,0.4,217,83.4,31.44,0.23,1.17,0.145,23.09
2.0,1.0,1.5,3.0,0.4,2400,0.4,331,70.1,47.71,0.54,1.27,0.144,10.35
2.0,1.0,1.5,3.0,0.6,2400,0.4,331,70.1,47.71,0.54,1.27,0.144,10.35
2.0,1.0,1.5,3.0,0.8,2400,0.4,331,70.1,47.71,0.54,1.27,0.144,10.35
3.0,1.5,2.5,4.5,0.6,1200,0.4,313,73.2,45.05,0.46,1.25,0.144,13.76
3.0,1.5,2.5,4.5,0.8,1200,0.4,313,73.5,44.95,0.45,1.26,0.144,11.7
5.0,0.7,1.5,3.0,0.4,7200,0.4,259,89.6,37.33,0.15,1.29,0.144,12.33
5.0,0.7,1.5,3.0,0.6,7200,0.4,259,89.6,37.33,0.15,1.29,0.144,12.33
5.0,0.7,1.5,3.0,0.8,7200,0.4,259,89.6,37.33,0.15,1.29,0.144,12.33
5.0,0.7,1.5,4.5,0.4,7200,0.4,259,89.6,37.33,0.15,1.29,0.144,12.33
5.0,0.7,1.5,4.5,0.6,7200,0.4,259,89.6,37.33,0.15,1.29,0.144,12.33
5.0,0.7,1.5,4.5,0.8,7200,0.4,259,89.6,37.33,0.15,1.29,0.144,12.33
5.0,1.5,2.5,3.0,0.6,1200,0.2,218,83.5,31.42,0.23,1.18,0.144,23.5
5.0,1.5,2.5,4.5,0.4,7200,0.4,218,83.0,31.48,0.24,1.17,0.144,23.09
5.0,0.7,1.5,3.0,0.4,3600,0.4,260,89.2,36.92,0.15,1.28,0.142,13.2
5.0,0.7,1.5,3.0,0.6,3600,0.4,260,89.2,36.92,0.15,1.28,0.142,13.2
5.0,0.7,1.5,3.0,0.8,3600,0.4,260,89.2,36.92,0.15,1.28,0.142,13.2
5.0,0.7,1.5,4.5,0.4,3600,0.4,260,89.2,36.92,0.15,1.28,0.142,13.2
5.0,0.7,1.5,4.5,0.6,3600,0.4,260,89.2,36.92,0.15,1.28,0.142,13.2
5.0,0.7,1.5,4.5,0.8,3600,0.4,260,89.2,36.92,0.15,1.28,0.142,13.2
5.0,1.5,2.5,3.0,0.6,1200,0.4,240,79.6,33.98,0.31,1.21,0.142,19.04
5.0,1.5,2.5,4.5,0.6,1200,0.4,240,79.6,33.98,0.31,1.21,0.142,19.94
5.0,1.5,2.5,3.0,0.8,1200,0.2,219,83.6,30.77,0.23,1.18,0.141,22.22
5.0,1.5,2.5,4.5,0.6,1200,0.2,218,83.5,30.07,0.23,1.17,0.138,24.4
5.0,1.5,2.5,4.5,0.4,14400,0.8,225,81.3,30.75,0.27,1.17,0.137,23.09
5.0,0.7,1.5,3.0,0.4,14400,0.8,263,87.8,35.77,0.18,1.27,0.136,12.68
5.0,0.7,1.5,3.0,0.6,14400,0.8,263,87.8,35.77,0.18,1.27,0.136,12.68
5.0,0.7,1.5,3.0,0.8,14400,0.8,263,87.8,35.77,0.18,1.27,0.136,12.68
5.0,0.7,1.5,4.5,0.4,14400,0.8,263,87.8,35.77,0.18,1.27,0.136,12.68
5.0,0.7,1.5,4.5,0.6,14400,0.8,263,87.8,35.77,0.18,1.27,0.136,12.68
5.0,0.7,1.5,4.5,0.8,14400,0.8,263,87.8,35.77,0.18,1.27,0.136,12.68
5.0,0.7,2.5,4.5,0.4,2400,0.4,268,88.4,36.32,0.17,1.3,0.136,13.15
5.0,0.7,2.5,4.5,0.6,2400,0.4,268,88.4,36.32,0.17,1.3,0.136,13.15
5.0,0.7,2.5,4.5,0.8,2400,0.4,268,88.4,36.32,0.17,1.3,0.136,13.15
3.0,1.5,2.5,3.0,0.8,3600,0.8,326,71.5,43.64,0.5,1.25,0.134,15.54
3.0,1.5,2.5,3.0,0.6,3600,0.8,325,71.1,43.32,0.5,1.24,0.133,17.97
2.0,1.0,1.5,4.5,0.4,2400,0.4,331,70.1,43.66,0.53,1.24,0.132,10.35
2.0,1.0,1.5,4.5,0.6,2400,0.4,331,70.1,43.66,0.53,1.24,0.132,10.35
2.0,1.0,1.5,4.5,0.8,2400,0.4,331,70.1,43.66,0.53,1.24,0.132,10.35
5.0,1.5,2.5,4.5,0.8,1200,0.2,219,83.6,28.97,0.23,1.17,0.132,23.12
3.0,1.5,2.5,3.0,0.4,7200,0.8,297,71.0,39.01,0.49,1.2,0.131,18.08
3.0,1.5,2.5,4.5,0.6,3600,0.8,325,71.1,42.42,0.5,1.23,0.131,17.97
5.0,1.5,2.5,3.0,0.6,3600,0.4,223,82.5,29.17,0.25,1.16,0.131,23.5
5.0,1.5,2.5,3.0,0.8,3600,0.4,224,82.6,29.27,0.25,1.16,0.131,22.22
3.0,1.5,2.5,4.5,0.8,3600,0.8,326,71.5,42.29,0.49,1.24,0.13,15.54
5.0,0.7,2.5,3.0,0.4,2400,0.4,268,88.4,34.52,0.17,1.29,0.129,13.15
5.0,0.7,2.5,3.0,0.6,2400,0.4,268,88.4,34.52,0.17,1.29,0.129,13.15
5.0,0.7,2.5,3.0,0.8,2400,0.4,268,88.4,34.52,0.17,1.29,0.129,13.15
3.0,1.5,2.5,4.5,0.4,7200,0.8,297,71.0,37.66,0.49,1.2,0.127,18.08
2.0,1.0,1.5,3.0,0.4,1200,0.4,347,68.3,43.86,0.58,1.26,0.126,10.35
2.0,1.0,1.5,3.0,0.6,1200,0.4,347,68.3,43.86,0.58,1.26,0.126,10.35
2.0,1.0,1.5,3.0,0.8,1200,0.4,347,68.3,43.86,0.58,1.26,0.126,10.35
5.0,1.5,2.5,3.0,0.4,3600,0.8,260,77.3,32.88,0.35,1.19,0.126,23.22
5.0,1.5,2.5,3.0,0.6,2400,0.2,216,83.3,27.18,0.23,1.15,0.126,23.5
5.0,1.5,2.5,3.0,0.6,3600,0.2,216,83.3,27.18,0.23,1.15,0.126,23.5
5.0,1.5,2.5,3.0,0.6,7200,0.2,216,83.3,27.18,0.23,1.15,0.126,23.5
5.0,1.5,2.5,3.0,0.6,7200,0.4,217,82.9,27.42,0.24,1.15,0.126,23.5
5.0,1.5,2.5,3.0,0.6,14400,0.2,216,83.3,27.18,0.23,1.15,0.126,23.5
5.0,1.5,2.5,3.0,0.6,14400,0.4,216,83.3,27.18,0.23,1.15,0.126,23.5
5.0,1.5,2.5,3.0,0.6,,0.4,216,83.3,27.18,0.23,1.15,0.126,23.5
4.0,1.5,2.5,3.0,0.6,7200,0.8,270,75.2,33.85,0.39,1.19,0.125,23.59
2.0,1.0,1.5,3.0,0.4,2400,0.8,383,64.2,47.51,0.73,1.3,0.124,10.35
2.0,1.0,1.5,3.0,0.6,2400,0.8,383,64.2,47.51,0.73,1.3,0.124,10.35
2.0,1.0,1.5,3.0,0.8,2400,0.8,383,64.2,47.51,0.73,1.3,0.124,10.35
4.0,1.5,2.5,3.0,0.8,3600,0.8,289,75.1,35.87,0.4,1.21,0.124,17.65
5.0,0.7,1.5,3.0,0.4,3600,0.8,303,81.8,37.14,0.29,1.29,0.123,14.0
5.0,0.7,1.5,3.0,0.6,3600,0.8,303,81.8,37.14,0.29,1.29,0.123,14.0
5.0,0.7,1.5,3.0,0.8,3600,0.8,303,81.8,37.14,0.29,1.29,0.123,14.0
5.0,0.7,1.5,4.5,0.4,3600,0.8,303,81.8,37.14,0.29,1.29,0.123,14.0
5.0,0.7,1.5,4.5,0.6,3600,0.8,303,81.8,37.14,0.29,1.29,0.123,14.0
5.0,0.7,1.5,4.5,0.8,3600,0.8,303,81.8,37.14,0.29,1.29,0.123,14.0
5.0,1.5,2.5,4.5,0.6,3600,0.4,223,82.5,27.37,0.24,1.15,0.123,24.4
4.0,1.5,2.5,3.0,0.8,7200,0.8,269,74.7,32.94,0.4,1.18,0.122,22.51
5.0,1.5,2.5,3.0,0.6,14400,0.8,224,81.2,27.38,0.27,1.15,0.122,23.5
5.0,1.5,2.5,3.0,0.8,7200,0.4,218,83.0,26.57,0.23,1.15,0.122,22.22
5.0,1.5,2.5,3.0,0.8,14400,0.8,225,81.3,27.28,0.26,1.15,0.121,22.22
5.0,1.5,2.5,4.5,0.4,1200,0.8,351,66.1,42.34,0.66,1.29,0.121,12.81
5.0,1.5,2.5,4.5,0.4,3600,0.8,260,77.3,31.53,0.35,1.18,0.121,24.12
5.0,1.5,2.5,4.5,0.8,3600,0.4,224,82.6,27.02,0.24,1.15,0.121,23.12
5.0,1.5,2.5,3.0,0.4,7200,0.8,238,77.7,28.48,0.33,1.16,0.12,22.85
5.0,1.5,2.5,3.0,0.8,2400,0.2,217,83.4,26.13,0.23,1.15,0.12,22.22
5.0,1.5,2.5,3.0,0.8,3600,0.2,217,83.4,26.13,0.23,1.15,0.12,22.22
5.0,1.5,2.5,3.0,0.8,7200,0.2,217,83.4,26.13,0.23,1.15,0.12,22.22
5.0,1.5,2.5,3.0,0.8,14400,0.2,217,83.4,26.13,0.23,1.15,0.12,22.22
5.0,1.5,2.5,3.0,0.8,14400,0.4,217,83.4,26.13,0.23,1.15,0.12,22.22
5.0,1.5,2.5,3.0,0.8,,0.4,217,83.4,26.13,0.23,1.15,0.12,22.22
4.0,1.5,2.5,4.5,0.6,7200,0.8,270,75.2,32.05,0.39,1.18,0.119,24.04
4.0,1.5,2.5,4.5,0.8,3600,0.8,289,75.1,34.52,0.4,1.2,0.119,18.1
5.0,0.7,2.5,4.5,0.4,1200,0.2,257,89.9,30.52,0.14,1.24,0.119,12.92
5.0,0.7,2.5,4.5,0.4,7200,0.8,286,84.6,34.15,0.23,1.27,0.119,14.36
5.0,0.7,2.5,4.5,0.6,1200,0.2,257,89.9,30.52,0.14,1.24,0.119,12.92
5.0,0.7,2.5,4.5,0.6,7200,0.8,286,84.6,34.15,0.23,1.27,0.119,14.36
5.0,0.7,2.5,4.5,0.8,1200,0.2,257,89.9,30.52,0.14,1.24,0.119,12.92
5.0,0.7,2.5,4.5,0.8,7200,0.8,286,84.6,34.15,0.23,1.27,0.119,14.36
5.0,1.5,2.5,3.0,0.4,1200,0.8,351,66.1,41.44,0.66,1.28,0.118,12.81
5.0,1.5,2.5,4.5,0.6,2400,0.2,216,83.3,25.38,0.23,1.14,0.118,24.4
5.0,1.5,2.5,4.5,0.6,3600,0.2,216,83.3,25.38,0.23,1.14,0.118,24.4
5.0,1.5,2.5,4.5,0.6,7200,0.2,216,83.3,25.38,0.23,1.14,0.118,24.4
5.0,1.5,2.5,4.5,0.6,7200,0.4,217,82.9,25.62,0.23,1.14,0.118,24.4
5.0,1.5,2.5,4.5,0.6,14400,0.2,216,83.3,25.38,0.23,1.14,0.118,24.4
5.0,1.5,2.5,4.5,0.6,14400,0.4,216,83.3,25.38,0.23,1.14,0.118,24.4
5.0,1.5,2.5,4.5,0.6,,0.4,216,83.3,25.38,0.23,1.14,0.118,24.4
2.0,1.0,1.5,4.5,0.4,2400,0.8,383,64.2,44.81,0.72,1.29,0.117,10.35
2.0,1.0,1.5,4.5,0.6,2400,0.8,383,64.2,44.81,0.72,1.29,0.117,10.35
2.0,1.0,1.5,4.5,0.8,2400,0.8,383,64.2,44.81,0.72,1.29,0.117,10.35
4.0,1.5,2.5,3.0,0.6,3600,0.8,289,74.7,33.87,0.4,1.19,0.117,18.73
2.0,1.0,1.5,4.5,0.4,1200,0.4,347,68.3,39.81,0.57,1.23,0.115,10.35
2.0,1.0,1.5,4.5,0.6,1200,0.4,347,68.3,39.81,0.57,1.23,0.115,10.35
2.0,1.0,1.5,4.5,0.8,1200,0.4,347,68.3,39.81,0.57,1.23,0.115,10.35
5.0,0.7,2.5,4.5,0.4,1200,0.4,286,83.9,32.88,0.25,1.28,0.115,13.77
5.0,0.7,2.5,4.5,0.6,1200,0.4,286,83.9,32.88,0.25,1.28,0.115,13.77
5.0,0.7,2.5,4.5,0.8,1200,0.4,286,83.9,32.88,0.25,1.28,0.115,13.77
4.0,1.5,2.5,4.5,0.6,3600,0.8,289,74.7,32.97,0.4,1.19,0.114,19.18
4.0,1.5,2.5,4.5,0.8,7200,0.8,269,74.7,30.69,0.4,1.17,0.114,22.96
5.0,1.5,2.5,4.5,0.4,7200,0.8,238,77.7,27.13,0.33,1.15,0.114,23.09
5.0,1.5,2.5,4.5,0.6,14400,0.8,224,81.2,25.58,0.26,1.14,0.114,24.4
5.0,0.7,2.5,3.0,0.4,7200,0.8,286,84.6,32.35,0.23,1.26,0.113,14.36
5.0,0.7,2.5,3.0,0.6,7200,0.8,286,84.6,32.35,0.23,1.26,0.113,14.36
5.0,0.7,2.5,3.0,0.8,7200,0.8,286,84.6,32.35,0.23,1.26,0.113,14.36
5.0,0.7,2.5,3.0,0.4,1200,0.2,257,89.9,28.72,0.14,1.23,0.112,12.92
5.0,0.7,2.5,3.0,0.6,1200,0.2,257,89.9,28.72,0.14,1.23,0.112,12.92
5.0,0.7,2.5,3.0,0.8,1200,0.2,257,89.9,28.72,0.14,1.23,0.112,12.92
5.0,1.5,2.5,4.5,0.8,7200,0.4,218,83.0,24.32,0.23,1.13,0.112,23.12
2.0,1.0,1.5,3.0,0.4,3600,0.8,363,66.1,40.38,0.63,1.23,0.111,10.35
2.0,1.0,1.5,3.0,0.6,3600,0.8,363,66.1,40.38,0.63,1.23,0.111,10.35
2.0,1.0,1.5,3.0,0.8,3600,0.8,363,66.1,40.38,0.63,1.23,0.111,10.35
5.0,1.5,2.5,4.5,0.8,14400,0.8,225,81.3,25.03,0.26,1.14,0.111,23.12
4.0,1.5,2.5,4.5,0.4,1200,0.8,373,64.1,40.99,0.72,1.28,0.11,19.34
5.0,1.5,2.5,4.5,0.8,2400,0.2,217,83.4,23.88,0.23,1.13,0.11,23.12
5.0,1.5,2.5,4.5,0.8,3600,0.2,217,83.4,23.88,0.23,1.13,0.11,23.12
5.0,1.5,2.5,4.5,0.8,7200,0.2,217,83.4,23.88,0.23,1.13,0.11,23.12
5.0,1.5,2.5,4.5,0.8,14400,0.2,217,83.4,23.88,0.23,1.13,0.11,23.12
5.0,1.5,2.5,4.5,0.8,14400,0.4,217,83.4,23.88,0.23,1.13,0.11,23.12
5.0,1.5,2.5,4.5,0.8,,0.4,217,83.4,23.88,0.23,1.13,0.11,23.12
2.0,1.0,2.5,3.0,0.4,2400,0.4,331,70.1,36.01,0.51,1.2,0.109,10.8
2.0,1.0,2.5,3.0,0.6,2400,0.4,331,70.1,36.01,0.51,1.2,0.109,10.8
2.0,1.0,2.5,3.0,0.8,2400,0.4,331,70.1,36.01,0.51,1.2,0.109,10.8
5.0,0.7,2.5,3.0,0.4,1200,0.4,286,83.9,31.08,0.24,1.26,0.109,13.77
5.0,0.7,2.5,3.0,0.6,1200,0.4,286,83.9,31.08,0.24,1.26,0.109,13.77
5.0,0.7,2.5,3.0,0.8,1200,0.4,286,83.9,31.08,0.24,1.26,0.109,13.77
3.0,1.0,1.5,3.0,0.4,2400,0.4,292,76.0,31.66,0.37,1.17,0.108,15.87
3.0,1.0,1.5,3.0,0.6,2400,0.4,292,76.0,31.66,0.37,1.17,0.108,15.87
3.0,1.0,1.5,3.0,0.8,2400,0.4,292,76.0,31.66,0.37,1.17,0.108,15.87
2.0,1.0,1.5,3.0,0.4,7200,0.4,314,69.7,33.69,0.51,1.18,0.107,13.66
2.0,1.0,1.5,3.0,0.6,7200,0.4,314,69.7,33.69,0.51,1.18,0.107,13.66
2.0,1.0,1.5,3.0,0.8,7200,0.4,314,69.7,33.69,0.51,1.18,0.107,13.66
2.0,1.0,2.5,4.5,0.4,2400,0.4,331,70.1,35.56,0.51,1.2,0.107,10.8
2.0,1.0,2.5,4.5,0.6,2400,0.4,331,70.1,35.56,0.51,1.2,0.107,10.8
2.0,1.0,2.5,4.5,0.8,2400,0.4,331,70.1,35.56,0.51,1.2,0.107,10.8
4.0,1.5,2.5,3.0,0.4,1200,0.8,373,64.1,40.09,0.71,1.27,0.107,19.34
2.0,1.0,1.5,3.0,0.4,3600,0.4,316,69.3,33.42,0.52,1.18,0.106,13.93
2.0,1.0,1.5,3.0,0.6,3600,0.4,316,69.3,33.42,0.52,1.18,0.106,13.93
2.0,1.0,1.5,3.0,0.8,3600,0.4,316,69.3,33.42,0.52,1.18,0.106,13.93
3.0,1.5,2.5,3.0,0.6,7200,0.8,296,70.9,31.32,0.48,1.16,0.106,19.25
5.0,0.7,1.5,3.0,0.4,2400,0.8,317,77.3,33.66,0.37,1.27,0.106,16.42
5.0,0.7,1.5,3.0,0.6,2400,0.8,317,77.3,33.66,0.37,1.27,0.106,16.42
5.0,0.7,1.5,3.0,0.8,2400,0.8,317,77.3,33.66,0.37,1.27,0.106,16.42
5.0,0.7,1.5,4.5,0.4,2400,0.8,317,77.3,33.66,0.37,1.27,0.106,16.42
5.0,0.7,1.5,4.5,0.6,2400,0.8,317,77.3,33.66,0.37,1.27,0.106,16.42
5.0,0.7,1.5,4.5,0.8,2400,0.8,317,77.3,33.66,0.37,1.27,0.106,16.42
5.0,0.7,2.5,4.5,0.4,2400,0.2,257,89.9,27.23,0.14,1.21,0.106,12.47
5.0,0.7,2.5,4.5,0.4,3600,0.2,257,89.9,27.23,0.14,1.21,0.106,12.47
5.0,0.7,2.5,4.5,0.4,7200,0.2,257,89.9,27.23,0.14,1.21,0.106,12.47
5.0,0.7,2.5,4.5,0.4,14400,0.2,257,89.9,27.23,0.14,1.21,0.106,12.47
5.0,0.7,2.5,4.5,0.4,14400,0.4,257,89.9,27.23,0.14,1.21,0.106,12.47
5.0,0.7,2.5,4.5,0.4,,0.4,257,89.9,27.23,0.14,1.21,0.106,12.47
5.0,0.7,2.5,4.5,0.6,2400,0.2,257,89.9,27.23,0.14,1.21,0.106,12.47
5.0,0.7,2.5,4.5,0.6,3600,0.2,257,89.9,27.23,0.14,1.21,0.106,12.47
5.0,0.7,2.5,4.5,0.6,7200,0.2,257,89.9,27.23,0.14,1.21,0.106,12.47
5.0,0.7,2.5,4.5,0.6,14400,0.2,257,89.9,27.23,0.14,1.21,0.106,12.47
5.0,0.7,2.5,4.5,0.6,14400,0.4,257,89.9,27.23,0.14,1.21,0.106,12.47
5.0,0.7,2.5,4.5,0.6,,0.4,257,89.9,27.23,0.14,1.21,0.106,12.47
5.0,0.7,2.5,4.5,0.8,2400,0.2,257,89.9,27.23,0.14,1.21,0.106,12.47
5.0,0.7,2.5,4.5,0.8,3600,0.2,257,89.9,27.23,0.14,1.21,0.106,12.47
5.0,0.7,2.5,4.5,0.8,7200,0.2,257,89.9,27.23,0.14,1.21,0.106,12.47
5.0,0.7,2.5,4.5,0.8,14400,0.2,257,89.9,27.23,0.14,1.21,0.106,12.47
5.0,0.7,2.5,4.5,0.8,14400,0.4,257,89.9,27.23,0.14,1.21,0.106,12.47
5.0,0.7,2.5,4.5,0.8,,0.4,257,89.9,27.23,0.14,1.21,0.106,12.47
4.0,1.0,1.5,3.0,0.4,1200,0.4,277,77.6,28.96,0.34,1.17,0.105,15.64
4.0,1.0,1.5,3.0,0.4,2400,0.2,243,81.9,25.6,0.25,1.15,0.105,25.05
4.0,1.0,1.5,3.0,0.4,3600,0.2,243,81.9,25.6,0.25,1.15,0.105,25.05
4.0,1.0,1.5,3.0,0.4,7200,0.2,243,81.9,25.6,0.25,1.15,0.105,25.05
4.0,1.0,1.5,3.0,0.4,14400,0.2,243,81.9,25.6,0.25,1.15,0.105,25.05
4.0,1.0,1.5,3.0,0.4,14400,0.4,243,81.9,25.6,0.25,1.15,0.105,25.05
4.0,1.0,1.5,3.0,0.4,,0.4,243,81.9,25.6,0.25,1.15,0.105,25.05
4.0,1.0,1.5,3.0,0.6,1200,0.4,277,77.6,28.96,0.34,1.17,0.105,15.64
4.0,1.0,1.5,3.0,0.6,2400,0.2,243,81.9,25.6,0.25,1.15,0.105,25.05
4.0,1.0,1.5,3.0,0.6,3600,0.2,243,81.9,25.6,0.25,1.15,0.105,25.05
4.0,1.0,1.5,3.0,0.6,7200,0.2,243,81.9,25.6,0.25,1.15,0.105,25.05
4.0,1.0,1.5,3.0,0.6,14400,0.2,243,81.9,25.6,0.25,1.15,0.105,25.05
4.0,1.0,1.5,3.0,0.6,14400,0.4,243,81.9,25.6,0.25,1.15,0.105,25.05
4.0,1.0,1.5,3.0,0.6,,0.4,243,81.9,25.6,0.25,1.15,0.105,25.05
4.0,1.0,1.5,3.0,0.8,1200,0.4,277,77.6,28.96,0.34,1.17,0.105,15.64
4.0,1.0,1.5,3.0,0.8,2400,0.2,243,81.9,25.6,0.25,1.15,0.105,25.05
4.0,1.0,1.5,3.0,0.8,3600,0.2,243,81.9,25.6,0.25,1.15,0.105,25.05
4.0,1.0,1.5,3.0,0.8,7200,0.2,243,81.9,25.6,0.25,1.15,0.105,25.05
4.0,1.0,1.5,3.0,0.8,14400,0.2,243,81.9,25.6,0.25,1.15,0.105,25.05
4.0,1.0,1.5,3.0,0.8,14400,0.4,243,81.9,25.6,0.25,1.15,0.105,25.05
4.0,1.0,1.5,3.0,0.8,,0.4,243,81.9,25.6,0.25,1.15,0.105,25.05
5.0,0.7,2.5,4.5,0.4,7200,0.4,259,89.6,27.07,0.14,1.21,0.105,12.88
5.0,0.7,2.5,4.5,0.6,7200,0.4,259,89.6,27.07,0.14,1.21,0.105,12.88
5.0,0.7,2.5,4.5,0.8,7200,0.4,259,89.6,27.07,0.14,1.21,0.105,12.88
5.0,1.5,2.5,3.0,0.8,7200,0.8,238,77.7,24.89,0.33,1.14,0.105,22.22
2.0,1.0,1.5,3.0,0.4,2400,0.2,314,69.7,32.75,0.51,1.17,0.104,14.6
2.0,1.0,1.5,3.0,0.4,3600,0.2,314,69.7,32.75,0.51,1.17,0.104,14.6
2.0,1.0,1.5,3.0,0.4,7200,0.2,314,69.7,32.75,0.51,1.17,0.104,14.6
2.0,1.0,1.5,3.0,0.4,14400,0.2,314,69.7,32.75,0.51,1.17,0.104,14.6
2.0,1.0,1.5,3.0,0.4,14400,0.4,314,69.7,32.75,0.51,1.17,0.104,14.6
2.0,1.0,1.5,3.0,0.4,14400,0.8,319,68.7,33.33,0.54,1.18,0.104,13.77
2.0,1.0,1.5,3.0,0.4,,0.4,314,69.7,32.75,0.51,1.17,0.104,14.6
2.0,1.0,1.5,3.0,0.6,2400,0.2,314,69.7,32.75,0.51,1.17,0.104,14.6
2.0,1.0,1.5,3.0,0.6,3600,0.2,314,69.7,32.75,0.51,1.17,0.104,14.6
2.0,1.0,1.5,3.0,0.6,7200,0.2,314,69.7,32.75,0.51,1.17,0.104,14.6
2.0,1.0,1.5,3.0,0.6,14400,0.2,314,69.7,32.75,0.51,1.17,0.104,14.6
2.0,1.0,1.5,3.0,0.6,14400,0.4,314,69.7,32.75,0.51,1.17,0.104,14.6
2.0,1.0,1.5,3.0,0.6,14400,0.8,319,68.7,33.33,0.54,1.18,0.104,13.77
2.0,1.0,1.5,3.0,0.6,,0.4,314,69.7,32.75,0.51,1.17,0.104,14.6
2.0,1.0,1.5,3.0,0.8,2400,0.2,314,69.7,32.75,0.51,1.17,0.104,14.6
2.0,1.0,1.5,3.0,0.8,3600,0.2,314,69.7,32.75,0.51,1.17,0.104,14.6
2.0,1.0,1.5,3.0,0.8,7200,0.2,314,69.7,32.75,0.51,1.17,0.104,14.6
2.0,1.0,1.5,3.0,0.8,14400,0.2,314,69.7,32.75,0.51,1.17,0.104,14.6
2.0,1.0,1.5,3.0,0.8,14400,0.4,314,69.7,32.75,0.51,1.17,0.104,14.6
2.0,1.0,1.5,3.0,0.8,14400,0.8,319,68.7,33.33,0.54,1.18,0.104,13.77
2.0,1.0,1.5,3.0,0.8,,0.4,314,69.7,32.75,0.51,1.17,0.104,14.6
3.0,1.5,2.5,3.0,0.8,7200,0.8,297,70.7,30.66,0.48,1.16,0.103,17.19
5.0,0.7,2.5,4.5,0.4,3600,0.4,260,89.2,26.66,0.15,1.2,0.103,13.75
5.0,0.7,2.5,4.5,0.6,3600,0.4,260,89.2,26.66,0.15,1.2,0.103,13.75
5.0,0.7,2.5,4.5,0.8,3600,0.4,260,89.2,26.66,0.15,1.2,0.103,13.75
5.0,1.5,2.5,3.0,0.8,3600,0.8,266,77.4,27.5,0.34,1.15,0.103,23.54
5.0,1.5,2.5,3.0,0.6,7200,0.8,237,77.6,24.19,0.33,1.13,0.102,23.5
3.0,1.5,2.5,4.5,0.6,7200,0.8,296,70.9,29.97,0.47,1.16,0.101,19.25
4.0,1.0,1.5,3.0,0.4,7200,0.4,244,81.6,24.54,0.26,1.14,0.101,25.05
4.0,1.0,1.5,3.0,0.6,7200,0.4,244,81.6,24.54,0.26,1.14,0.101,25.05
4.0,1.0,1.5,3.0,0.8,7200,0.4,244,81.6,24.54,0.26,1.14,0.101,25.05
2.0,1.0,1.5,4.5,0.4,3600,0.8,363,66.1,36.33,0.62,1.21,0.1,10.35
2.0,1.0,1.5,4.5,0.6,3600,0.8,363,66.1,36.33,0.62,1.21,0.1,10.35
2.0,1.0,1.5,4.5,0.8,3600,0.8,363,66.1,36.33,0.62,1.21,0.1,10.35
4.0,1.0,1.5,4.5,0.4,1200,0.4,277,77.6,27.61,0.34,1.17,0.1,16.99
4.0,1.0,1.5,4.5,0.6,1200,0.4,277,77.6,27.61,0.34,1.17,0.1,16.99
4.0,1.0,1.5,4.5,0.8,1200,0.4,277,77.6,27.61,0.34,1.17,0.1,16.99
3.0,1.0,1.5,3.0,0.4,2400,0.2,272,77.2,26.85,0.34,1.14,0.099,19.65
3.0,1.0,1.5,3.0,0.4,3600,0.2,272,77.2,26.85,0.34,1.14,0.099,19.65
3.0,1.0,1.5,3.0,0.4,7200,0.2,272,77.2,26.85,0.34,1.14,0.099,19.65
3.0,1.0,1.5,3.0,0.4,14400,0.2,272,77.2,26.85,0.34,1.14,0.099,19.65
3.0,1.0,1.5,3.0,0.4,14400,0.4,272,77.2,26.85,0.34,1.14,0.099,19.65
3.0,1.0,1.5,3.0,0.4,,0.4,272,77.2,26.85,0.34,1.14,0.099,19.65
3.0,1.0,1.5,3.0,0.6,2400,0.2,272,77.2,26.85,0.34,1.14,0.099,19.65
3.0,1.0,1.5,3.0,0.6,3600,0.2,272,77.2,26.85,0.34,1.14,0.099,19.65
3.0,1.0,1.5,3.0,0.6,7200,0.2,272,77.2,26.85,0.34,1.14,0.099,19.65
3.0,1.0,1.5,3.0,0.6,14400,0.2,272,77.2,26.85,0.34,1.14,0.099,19.65
3.0,1.0,1.5,3.0,0.6,14400,0.4,272,77.2,26.85,0.34,1.14,0.099,19.65
3.0,1.0,1.5,3.0,0.6,,0.4,272,77.2,26.85,0.34,1.14,0.099,19.65
3.0,1.0,1.5,3.0,0.8,2400,0.2,272,77.2,26.85,0.34,1.14,0.099,19.65
3.0,1.0,1.5,3.0,0.8,3600,0.2,272,77.2,26.85,0.34,1.14,0.099,19.65
3.0,1.0,1.5,3.0,0.8,7200,0.2,272,77.2,26.85,0.34,1.14,0.099,19.65
3.0,1.0,1.5,3.0,0.8,14400,0.2,272,77.2,26.85,0.34,1.14,0.099,19.65
3.0,1.0,1.5,3.0,0.8,14400,0.4,272,77.2,26.85,0.34,1.14,0.099,19.65
3.0,1.0,1.5,3.0,0.8,,0.4,272,77.2,26.85,0.34,1.14,0.099,19.65
3.0,1.0,1.5,4.5,0.4,2400,0.4,292,76.0,28.96,0.37,1.16,0.099,16.62
3.0,1.0,1.5,4.5,0.6,2400,0.4,292,76.0,28.96,0.37,1.16,0.099,16.62
3.0,1.0,1.5,4.5,0.8,2400,0.4,292,76.0,28.96,0.37,1.16,0.099,16.62
4.0,1.0,1.5,3.0,0.4,3600,0.4,246,80.9,24.27,0.27,1.14,0.099,25.05
4.0,1.0,1.5,3.0,0.6,3600,0.4,246,80.9,24.27,0.27,1.14,0.099,25.05
4.0,1.0,1.5,3.0,0.8,3600,0.4,246,80.9,24.27,0.27,1.14,0.099,25.05
5.0,0.7,2.5,3.0,0.4,2400,0.2,257,89.9,25.43,0.13,1.2,0.099,12.32
5.0,0.7,2.5,3.0,0.4,3600,0.2,257,89.9,25.43,0.13,1.2,0.099,12.32
5.0,0.7,2.5,3.0,0.4,7200,0.2,257,89.9,25.43,0.13,1.2,0.099,12.32
5.0,0.7,2.5,3.0,0.4,14400,0.2,257,89.9,25.43,0.13,1.2,0.099,12.32
5.0,0.7,2.5,3.0,0.4,14400,0.4,257,89.9,25.43,0.13,1.2,0.099,12.32
5.0,0.7,2.5,3.0,0.4,,0.4,257,89.9,25.43,0.13,1.2,0.099,12.32
5.0,0.7,2.5,3.0,0.6,2400,0.2,257,89.9,25.43,0.13,1.2,0.099,12.32
5.0,0.7,2.5,3.0,0.6,3600,0.2,257,89.9,25.43,0.13,1.2,0.099,12.32
5.0,0.7,2.5,3.0,0.6,7200,0.2,257,89.9,25.43,0.13,1.2,0.099,12.32
5.0,0.7,2.5,3.0,0.6,14400,0.2,257,89.9,25.43,0.13,1.2,0.099,12.32
5.0,0.7,2.5,3.0,0.6,14400,0.4,257,89.9,25.43,0.13,1.2,0.099,12.32
5.0,0.7,2.5,3.0,0.6,,0.4,257,89.9,25.43,0.13,1.2,0.099,12.32
5.0,0.7,2.5,3.0,0.8,2400,0.2,257,89.9,25.43,0.13,1.2,0.099,12.32
5.0,0.7,2.5,3.0,0.8,3600,0.2,257,89.9,25.43,0.13,1.2,0.099,12.32
5.0,0.7,2.5,3.0,0.8,7200,0.2,257,89.9,25.43,0.13,1.2,0.099,12.32
5.0,0.7,2.5,3.0,0.8,14400,0.2,257,89.9,25.43,0.13,1.2,0.099,12.32
5.0,0.7,2.5,3.0,0.8,14400,0.4,257,89.9,25.43,0.13,1.2,0.099,12.32
5.0,0.7,2.5,3.0,0.8,,0.4,257,89.9,25.43,0.13,1.2,0.099,12.32
5.0,1.0,1.5,3.0,0.4,1200,0.4,252,79.8,24.87,0.29,1.15,0.099,19.41
5.0,1.0,1.5,3.0,0.6,1200,0.4,252,79.8,24.87,0.29,1.15,0.099,19.41
5.0,1.0,1.5,3.0,0.8,1200,0.4,252,79.8,24.87,0.29,1.15,0.099,19.41
2.0,1.0,2.5,3.0,0.4,1200,0.4,347,68.3,33.96,0.56,1.2,0.098,10.8
2.0,1.0,2.5,3.0,0.4,2400,0.8,383,64.2,37.61,0.69,1.24,0.098,10.8
2.0,1.0,2.5,3.0,0.6,1200,0.4,347,68.3,33.96,0.56,1.2,0.098,10.8
2.0,1.0,2.5,3.0,0.6,2400,0.8,383,64.2,37.61,0.69,1.24,0.098,10.8
2.0,1.0,2.5,3.0,0.8,1200,0.4,347,68.3,33.96,0.56,1.2,0.098,10.8
2.0,1.0,2.5,3.0,0.8,2400,0.8,383,64.2,37.61,0.69,1.24,0.098,10.8
2.0,1.0,2.5,4.5,0.4,2400,0.8,383,64.2,37.61,0.69,1.24,0.098,10.8
2.0,1.0,2.5,4.5,0.6,2400,0.8,383,64.2,37.61,0.69,1.24,0.098,10.8
2.0,1.0,2.5,4.5,0.8,2400,0.8,383,64.2,37.61,0.69,1.24,0.098,10.8
5.0,0.7,2.5,3.0,0.4,7200,0.4,259,89.6,25.27,0.14,1.19,0.098,12.88
5.0,0.7,2.5,3.0,0.6,7200,0.4,259,89.6,25.27,0.14,1.19,0.098,12.88
5.0,0.7,2.5,3.0,0.8,7200,0.4,259,89.6,25.27,0.14,1.19,0.098,12.88
5.0,1.5,2.5,4.5,0.6,1200,0.8,350,66.0,34.29,0.63,1.23,0.098,12.71
2.0,1.0,1.5,3.0,0.4,7200,0.8,339,66.7,32.9,0.59,1.18,0.097,15.68
2.0,1.0,1.5,3.0,0.6,7200,0.8,339,66.7,32.9,0.59,1.18,0.097,15.68
2.0,1.0,1.5,3.0,0.8,7200,0.8,339,66.7,32.9,0.59,1.18,0.097,15.68
2.0,1.0,2.5,4.5,0.4,1200,0.4,347,68.3,33.51,0.56,1.2,0.097,10.8
2.0,1.0,2.5,4.5,0.6,1200,0.4,347,68.3,33.51,0.56,1.2,0.097,10.8
2.0,1.0,2.5,4.5,0.8,1200,0.4,347,68.3,33.51,0.56,1.2,0.097,10.8
3.0,1.5,2.5,4.5,0.8,7200,0.8,297,70.7,28.86,0.48,1.15,0.097,17.19
4.0,1.0,1.5,3.0,0.4,1200,0.2,247,81.4,23.97,0.26,1.14,0.097,25.05
4.0,1.0,1.5,3.0,0.6,1200,0.2,247,81.4,23.97,0.26,1.14,0.097,25.05
4.0,1.0,1.5,3.0,0.8,1200,0.2,247,81.4,23.97,0.26,1.14,0.097,25.05
5.0,0.7,2.5,4.5,0.4,14400,0.8,263,87.8,25.51,0.17,1.19,0.097,13.4
5.0,0.7,2.5,4.5,0.6,14400,0.8,263,87.8,25.51,0.17,1.19,0.097,13.4
5.0,0.7,2.5,4.5,0.8,14400,0.8,263,87.8,25.51,0.17,1.19,0.097,13.4
5.0,1.5,2.5,4.5,0.8,3600,0.8,266,77.4,25.7,0.33,1.14,0.097,24.44
4.0,1.0,1.5,3.0,0.4,2400,0.4,260,79.6,25.02,0.29,1.14,0.096,20.27
4.0,1.0,1.5,3.0,0.6,2400,0.4,260,79.6,25.02,0.29,1.14,0.096,20.27
4.0,1.0,1.5,3.0,0.8,2400,0.4,260,79.6,25.02,0.29,1.14,0.096,20.27
5.0,0.7,2.5,3.0,0.4,3600,0.4,260,89.2,24.86,0.14,1.19,0.096,13.75
5.0,0.7,2.5,3.0,0.6,3600,0.4,260,89.2,24.86,0.14,1.19,0.096,13.75
5.0,0.7,2.5,3.0,0.8,3600,0.4,260,89.2,24.86,0.14,1.19,0.096,13.75
2.0,1.0,1.5,3.0,0.4,1200,0.2,319,69.0,30.19,0.52,1.16,0.095,15.74
2.0,1.0,1.5,3.0,0.6,1200,0.2,319,69.0,30.19,0.52,1.16,0.095,15.74
2.0,1.0,1.5,3.0,0.8,1200,0.2,319,69.0,30.19,0.52,1.16,0.095,15.74
2.0,1.5,2.5,3.0,0.4,1200,0.8,421,58.4,40.11,0.91,1.27,0.095,10.12
3.0,1.0,1.5,3.0,0.4,1200,0.4,314,73.2,29.68,0.43,1.17,0.095,13.71
3.0,1.0,1.5,3.0,0.6,1200,0.4,314,73.2,29.68,0.43,1.17,0.095,13.71
3.0,1.0,1.5,3.0,0.8,1200,0.4,314,73.2,29.68,0.43,1.17,0.095,13.71
3.0,1.5,2.5,3.0,0.4,1200,0.8,397,62.2,37.64,0.76,1.24,0.095,18.28
5.0,1.0,1.5,3.0,0.4,2400,0.4,237,81.9,22.47,0.25,1.13,0.095,18.57
5.0,1.0,1.5,3.0,0.6,2400,0.4,237,81.9,22.47,0.25,1.13,0.095,18.57
5.0,1.0,1.5,3.0,0.8,2400,0.4,237,81.9,22.47,0.25,1.13,0.095,18.57
5.0,1.5,2.5,3.0,0.6,1200,0.8,350,66.0,33.39,0.63,1.23,0.095,12.71
5.0,1.5,2.5,4.5,0.8,7200,0.8,238,77.7,22.64,0.32,1.13,0.095,23.12
2.0,1.0,1.5,4.5,0.4,7200,0.4,314,69.7,29.64,0.5,1.16,0.094,13.66
2.0,1.0,1.5,4.5,0.6,7200,0.4,314,69.7,29.64,0.5,1.16,0.094,13.66
2.0,1.0,1.5,4.5,0.8,7200,0.4,314,69.7,29.64,0.5,1.16,0.094,13.66
2.0,1.5,2.5,4.5,0.4,1200,0.8,421,58.4,39.66,0.9,1.27,0.094,10.12
3.0,1.0,1.5,3.0,0.4,7200,0.4,273,76.9,25.79,0.34,1.14,0.094,19.65
3.0,1.0,1.5,3.0,0.6,7200,0.4,273,76.9,25.79,0.34,1.14,0.094,19.65
3.0,1.0,1.5,3.0,0.8,7200,0.4,273,76.9,25.79,0.34,1.14,0.094,19.65
3.0,1.5,2.5,4.5,0.4,1200,0.8,397,62.2,37.19,0.75,1.24,0.094,18.28
4.0,1.0,1.5,4.5,0.4,2400,0.2,243,81.9,22.9,0.25,1.13,0.094,26.4
4.0,1.0,1.5,4.5,0.4,3600,0.2,243,81.9,22.9,0.25,1.13,0.094,26.4
4.0,1.0,1.5,4.5,0.4,7200,0.2,243,81.9,22.9,0.25,1.13,0.094,26.4
4.0,1.0,1.5,4.5,0.4,14400,0.2,243,81.9,22.9,0.25,1.13,0.094,26.4
4.0,1.0,1.5,4.5,0.4,14400,0.4,243,81.9,22.9,0.25,1.13,0.094,26.4
4.0,1.0,1.5,4.5,0.4,,0.4,243,81.9,22.9,0.25,1.13,0.094,26.4
4.0,1.0,1.5,4.5,0.6,2400,0.2,243,81.9,22.9,0.25,1.13,0.094,26.4
4.0,1.0,1.5,4.5,0.6,3600,0.2,243,81.9,22.9,0.25,1.13,0.094,26.4
4.0,1.0,1.5,4.5,0.6,7200,0.2,243,81.9,22.9,0.25,1.13,0.094,26.4
4.0,1.0,1.5,4.5,0.6,14400,0.2,243,81.9,22.9,0.25,1.13,0.094,26.4
4.0,1.0,1.5,4.5,0.6,14400,0.4,243,81.9,22.9,0.25,1.13,0.094,26.4
4.0,1.0,1.5,4.5,0.6,,0.4,243,81.9,22.9,0.25,1.13,0.094,26.4
4.0,1.0,1.5,4.5,0.8,2400,0.2,243,81.9,22.9,0.25,1.13,0.094,26.4
4.0,1.0,1.5,4.5,0.8,3600,0.2,243,81.9,22.9,0.25,1.13,0.094,26.4
4.0,1.0,1.5,4.5,0.8,7200,0.2,243,81.9,22.9,0.25,1.13,0.094,26.4
4.0,1.0,1.5,4.5,0.8,14400,0.2,243,81.9,22.9,0.25,1.13,0.094,26.4
4.0,1.0,1.5,4.5,0.8,14400,0.4,243,81.9,22.9,0.25,1.13,0.094,26.4
4.0,1.0,1.5,4.5,0.8,,0.4,243,81.9,22.9,0.25,1.13,0.094,26.4
5.0,1.5,2.5,4.5,0.6,7200,0.8,237,77.6,22.39,0.32,1.12,0.094,24.4
2.0,1.0,1.5,4.5,0.4,3600,0.4,316,69.3,29.37,0.51,1.16,0.093,13.93
2.0,1.0,1.5,4.5,0.6,3600,0.4,316,69.3,29.37,0.51,1.16,0.093,13.93
2.0,1.0,1.5,4.5,0.8,3600,0.4,316,69.3,29.37,0.51,1.16,0.093,13.93
3.0,1.0,1.5,3.0,0.4,2400,0.8,355,68.7,33.01,0.54,1.2,0.093,13.2
3.0,1.0,1.5,3.0,0.4,3600,0.4,275,76.4,25.52,0.35,1.14,0.093,19.65
3.0,1.0,1.5,3.0,0.6,2400,0.8,355,68.7,33.01,0.54,1.2,0.093,13.2
3.0,1.0,1.5,3.0,0.6,3600,0.4,275,76.4,25.52,0.35,1.14,0.093,19.65
3.0,1.0,1.5,3.0,0.8,2400,0.8,355,68.7,33.01,0.54,1.2,0.093,13.2
3.0,1.0,1.5,3.0,0.8,3600,0.4,275,76.4,25.52,0.35,1.14,0.093,19.65
4.0,1.0,1.5,3.0,0.4,14400,0.8,247,80.2,22.97,0.28,1.13,0.093,25.05
4.0,1.0,1.5,3.0,0.6,14400,0.8,247,80.2,22.97,0.28,1.13,0.093,25.05
4.0,1.0,1.5,3.0,0.8,14400,0.8,247,80.2,22.97,0.28,1.13,0.093,25.05
5.0,1.5,2.5,3.0,0.6,3600,0.8,259,77.2,24.08,0.33,1.14,0.093,24.82
2.0,1.0,1.5,4.5,0.4,14400,0.8,319,68.7,29.28,0.53,1.16,0.092,13.77
2.0,1.0,1.5,4.5,0.6,14400,0.8,319,68.7,29.28,0.53,1.16,0.092,13.77
2.0,1.0,1.5,4.5,0.8,14400,0.8,319,68.7,29.28,0.53,1.16,0.092,13.77
2.0,1.0,1.5,4.5,0.4,2400,0.2,314,69.7,28.7,0.5,1.15,0.091,14.6
2.0,1.0,1.5,4.5,0.4,3600,0.2,314,69.7,28.7,0.5,1.15,0.091,14.6
2.0,1.0,1.5,4.5,0.4,7200,0.2,314,69.7,28.7,0.5,1.15,0.091,14.6
2.0,1.0,1.5,4.5,0.4,14400,0.2,314,69.7,28.7,0.5,1.15,0.091,14.6
2.0,1.0,1.5,4.5,0.4,14400,0.4,314,69.7,28.7,0.5,1.15,0.091,14.6
2.0,1.0,1.5,4.5,0.4,,0.4,314,69.7,28.7,0.5,1.15,0.091,14.6
2.0,1.0,1.5,4.5,0.6,2400,0.2,314,69.7,28.7,0.5,1.15,0.091,14.6
2.0,1.0,1.5,4.5,0.6,3600,0.2,314,69.7,28.7,0.5,1.15,0.091,14.6
2.0,1.0,1.5,4.5,0.6,7200,0.2,314,69.7,28.7,0.5,1.15,0.091,14.6
2.0,1.0,1.5,4.5,0.6,14400,0.2,314,69.7,28.7,0.5,1.15,0.091,14.6
2.0,1.0,1.5,4.5,0.6,14400,0.4,314,69.7,28.7,0.5,1.15,0.091,14.6
2.0,1.0,1.5,4.5,0.6,,0.4,314,69.7,28.7,0.5,1.15,0.091,14.6
2.0,1.0,1.5,4.5,0.8,2400,0.2,314,69.7,28.7,0.5,1.15,0.091,14.6
2.0,1.0,1.5,4.5,0.8,3600,0.2,314,69.7,28.7,0.5,1.15,0.091,14.6
2.0,1.0,1.5,4.5,0.8,7200,0.2,314,69.7,28.7,0.5,1.15,0.091,14.6
2.0,1.0,1.5,4.5,0.8,14400,0.2,314,69.7,28.7,0.5,1.15,0.091,14.6
2.0,1.0,1.5,4.5,0.8,14400,0.4,314,69.7,28.7,0.5,1.15,0.091,14.6
2.0,1.0,1.5,4.5,0.8,,0.4,314,69.7,28.7,0.5,1.15,0.091,14.6
4.0,1.0,1.5,4.5,0.4,7200,0.4,244,81.6,21.84,0.25,1.12,0.09,26.4
4.0,1.0,1.5,4.5,0.6,7200,0.4,244,81.6,21.84,0.25,1.12,0.09,26.4
4.0,1.0,1.5,4.5,0.8,7200,0.4,244,81.6,21.84,0.25,1.12,0.09,26.4
5.0,0.7,2.5,3.0,0.4,14400,0.8,263,87.8,23.71,0.16,1.18,0.09,13.4
5.0,0.7,2.5,3.0,0.6,14400,0.8,263,87.8,23.71,0.16,1.18,0.09,13.4
5.0,0.7,2.5,3.0,0.8,14400,0.8,263,87.8,23.71,0.16,1.18,0.09,13.4
3.0,1.0,1.5,3.0,0.4,14400,0.8,277,75.8,24.69,0.36,1.13,0.089,19.65
3.0,1.0,1.5,3.0,0.6,14400,0.8,277,75.8,24.69,0.36,1.13,0.089,19.65
3.0,1.0,1.5,3.0,0.8,14400,0.8,277,75.8,24.69,0.36,1.13,0.089,19.65
3.0,1.0,1.5,4.5,0.4,2400,0.2,272,77.2,24.15,0.33,1.13,0.089,20.4
3.0,1.0,1.5,4.5,0.4,3600,0.2,272,77.2,24.15,0.33,1.13,0.089,20.4
3.0,1.0,1.5,4.5,0.4,7200,0.2,272,77.2,24.15,0.33,1.13,0.089,20.4
3.0,1.0,1.5,4.5,0.4,14400,0.2,272,77.2,24.15,0.33,1.13,0.089,20.4
3.0,1.0,1.5,4.5,0.4,14400,0.4,272,77.2,24.15,0.33,1.13,0.089,20.4
3.0,1.0,1.5,4.5,0.4,,0.4,272,77.2,24.15,0.33,1.13,0.089,20.4
3.0,1.0,1.5,4.5,0.6,2400,0.2,272,77.2,24.15,0.33,1.13,0.089,20.4
3.0,1.0,1.5,4.5,0.6,3600,0.2,272,77.2,24.15,0.33,1.13,0.089,20.4
3.0,1.0,1.5,4.5,0.6,7200,0.2,272,77.2,24.15,0.33,1.13,0.089,20.4
3.0,1.0,1.5,4.5,0.6,14400,0.2,272,77.2,24.15,0.33,1.13,0.089,20.4
3.0,1.0,1.5,4.5,0.6,14400,0.4,272,77.2,24.15,0.33,1.13,0.089,20.4
3.0,1.0,1.5,4.5,0.6,,0.4,272,77.2,24.15,0.33,1.13,0.089,20.4
3.0,1.0,1.5,4.5,0.8,2400,0.2,272,77.2,24.15,0.33,1.13,0.089,20.4
3.0,1.0,1.5,4.5,0.8,3600,0.2,272,77.2,24.15,0.33,1.13,0.089,20.4
3.0,1.0,1.5,4.5,0.8,7200,0.2,272,77.2,24.15,0.33,1.13,0.089,20.4
3.0,1.0,1.5,4.5,0.8,14400,0.2,272,77.2,24.15,0.33,1.13,0.089,20.4
3.0,1.0,1.5,4.5,0.8,14400,0.4,272,77.2,24.15,0.33,1.13,0.089,20.4
3.0,1.0,1.5,4.5,0.8,,0.4,272,77.2,24.15,0.33,1.13,0.089,20.4
4.0,1.0,1.5,3.0,0.4,2400,0.8,316,70.6,28.28,0.49,1.17,0.089,17.43
4.0,1.0,1.5,3.0,0.6,2400,0.8,316,70.6,28.28,0.49,1.17,0.089,17.43
4.0,1.0,1.5,3.0,0.8,2400,0.8,316,70.6,28.28,0.49,1.17,0.089,17.43
3.0,1.0,1.5,3.0,0.4,1200,0.2,277,76.2,24.29,0.35,1.13,0.088,19.65
3.0,1.0,1.5,3.0,0.6,1200,0.2,277,76.2,24.29,0.35,1.13,0.088,19.65
3.0,1.0,1.5,3.0,0.8,1200,0.2,277,76.2,24.29,0.35,1.13,0.088,19.65
4.0,1.0,1.5,4.5,0.4,3600,0.4,246,80.9,21.57,0.27,1.12,0.088,26.4
4.0,1.0,1.5,4.5,0.6,3600,0.4,246,80.9,21.57,0.27,1.12,0.088,26.4
4.0,1.0,1.5,4.5,0.8,3600,0.4,246,80.9,21.57,0.27,1.12,0.088,26.4
4.0,1.5,2.5,4.5,0.6,1200,0.8,371,64.2,32.77,0.68,1.22,0.088,19.63
5.0,1.0,1.5,4.5,0.4,1200,0.4,252,79.8,22.17,0.29,1.14,0.088,22.61
5.0,1.0,1.5,4.5,0.6,1200,0.4,252,79.8,22.17,0.29,1.14,0.088,22.61
5.0,1.0,1.5,4.5,0.8,1200,0.4,252,79.8,22.17,0.29,1.14,0.088,22.61
5.0,1.5,2.5,4.5,0.6,3600,0.8,259,77.2,22.73,0.33,1.13,0.088,25.72
5.0,1.5,2.5,4.5,0.8,1200,0.8,348,66.4,30.5,0.61,1.21,0.088,12.84
3.0,1.0,1.5,4.5,0.4,1200,0.4,314,73.2,26.98,0.42,1.15,0.086,14.46
3.0,1.0,1.5,4.5,0.6,1200,0.4,314,73.2,26.98,0.42,1.15,0.086,14.46
3.0,1.0,1.5,4.5,0.8,1200,0.4,314,73.2,26.98,0.42,1.15,0.086,14.46
4.0,1.0,1.5,4.5,0.4,1200,0.2,247,81.4,21.27,0.26,1.12,0.086,26.4
4.0,1.0,1.5,4.5,0.4,2400,0.4,260,79.6,22.32,0.29,1.13,0.086,21.62
4.0,1.0,1.5,4.5,0.6,1200,0.2,247,81.4,21.27,0.26,1.12,0.086,26.4
4.0,1.0,1.5,4.5,0.6,2400,0.4,260,79.6,22.32,0.29,1.13,0.086,21.62
4.0,1.0,1.5,4.5,0.8,1200,0.2,247,81.4,21.27,0.26,1.12,0.086,26.4
4.0,1.0,1.5,4.5,0.8,2400,0.4,260,79.6,22.32,0.29,1.13,0.086,21.62
4.0,1.5,2.5,3.0,0.6,1200,0.8,371,64.2,31.87,0.68,1.21,0.086,19.63
5.0,0.7,2.5,4.5,0.4,3600,0.8,303,81.8,26.16,0.27,1.2,0.086,14.72
5.0,0.7,2.5,4.5,0.6,3600,0.8,303,81.8,26.16,0.27,1.2,0.086,14.72
5.0,0.7,2.5,4.5,0.8,3600,0.8,303,81.8,26.16,0.27,1.2,0.086,14.72
5.0,1.5,2.5,3.0,0.8,1200,0.8,348,66.4,30.05,0.61,1.2,0.086,12.84
2.0,1.0,1.5,4.5,0.4,7200,0.8,339,66.7,28.85,0.58,1.16,0.085,15.68
2.0,1.0,1.5,4.5,0.6,7200,0.8,339,66.7,28.85,0.58,1.16,0.085,15.68
2.0,1.0,1.5,4.5,0.8,7200,0.8,339,66.7,28.85,0.58,1.16,0.085,15.68
3.0,1.0,1.5,4.5,0.4,2400,0.8,355,68.7,30.31,0.54,1.18,0.085,14.55
3.0,1.0,1.5,4.5,0.4,7200,0.4,273,76.9,23.09,0.34,1.12,0.085,20.4
3.0,1.0,1.5,4.5,0.6,2400,0.8,355,68.7,30.31,0.54,1.18,0.085,14.55
3.0,1.0,1.5,4.5,0.6,7200,0.4,273,76.9,23.09,0.34,1.12,0.085,20.4
3.0,1.0,1.5,4.5,0.8,2400,0.8,355,68.7,30.31,0.54,1.18,0.085,14.55
3.0,1.0,1.5,4.5,0.8,7200,0.4,273,76.9,23.09,0.34,1.12,0.085,20.4
4.0,1.0,1.5,4.5,0.4,2400,0.8,316,70.6,26.93,0.49,1.17,0.085,18.78
4.0,1.0,1.5,4.5,0.6,2400,0.8,316,70.6,26.93,0.49,1.17,0.085,18.78
4.0,1.0,1.5,4.5,0.8,2400,0.8,316,70.6,26.93,0.49,1.17,0.085,18.78
3.0,1.0,1.5,4.5,0.4,3600,0.4,275,76.4,22.82,0.35,1.12,0.083,20.4
3.0,1.0,1.5,4.5,0.6,3600,0.4,275,76.4,22.82,0.35,1.12,0.083,20.4
3.0,1.0,1.5,4.5,0.8,3600,0.4,275,76.4,22.82,0.35,1.12,0.083,20.4
2.0,0.7,1.5,3.0,0.4,2400,0.4,359,75.5,29.48,0.39,1.19,0.082,11.61
2.0,0.7,1.5,3.0,0.6,2400,0.4,359,75.5,29.48,0.39,1.19,0.082,11.61
2.0,0.7,1.5,3.0,0.8,2400,0.4,359,75.5,29.48,0.39,1.19,0.082,11.61
2.0,1.0,1.5,4.5,0.4,1200,0.2,319,69.0,26.14,0.51,1.14,0.082,15.74
2.0,1.0,1.5,4.5,0.6,1200,0.2,319,69.0,26.14,0.51,1.14,0.082,15.74
2.0,1.0,1.5,4.5,0.8,1200,0.2,319,69.0,26.14,0.51,1.14,0.082,15.74
4.0,1.0,1.5,4.5,0.4,14400,0.8,247,80.2,20.27,0.28,1.11,0.082,26.4
4.0,1.0,1.5,4.5,0.6,14400,0.8,247,80.2,20.27,0.28,1.11,0.082,26.4
4.0,1.0,1.5,4.5,0.8,14400,0.8,247,80.2,20.27,0.28,1.11,0.082,26.4
4.0,0.7,1.5,3.0,0.4,1200,0.4,314,80.3,25.15,0.29,1.18,0.08,17.08
4.0,0.7,1.5,3.0,0.6,1200,0.4,314,80.3,25.15,0.29,1.18,0.08,17.08
4.0,0.7,1.5,3.0,0.8,1200,0.4,314,80.3,25.15,0.29,1.18,0.08,17.08
4.0,0.7,1.5,4.5,0.4,1200,0.4,314,80.3,25.15,0.29,1.18,0.08,17.08
4.0,0.7,1.5,4.5,0.6,1200,0.4,314,80.3,25.15,0.29,1.18,0.08,17.08
4.0,0.7,1.5,4.5,0.8,1200,0.4,314,80.3,25.15,0.29,1.18,0.08,17.08
5.0,0.7,2.5,3.0,0.4,3600,0.8,303,81.8,24.36,0.26,1.19,0.08,14.72
5.0,0.7,2.5,3.0,0.6,3600,0.8,303,81.8,24.36,0.26,1.19,0.08,14.72
5.0,0.7,2.5,3.0,0.8,3600,0.8,303,81.8,24.36,0.26,1.19,0.08,14.72
3.0,1.0,1.5,4.5,0.4,14400,0.8,277,75.8,21.99,0.36,1.12,0.079,20.4
3.0,1.0,1.5,4.5,0.6,14400,0.8,277,75.8,21.99,0.36,1.12,0.079,20.4
3.0,1.0,1.5,4.5,0.8,14400,0.8,277,75.8,21.99,0.36,1.12,0.079,20.4
2.0,0.7,1.5,4.5,0.4,2400,0.4,359,75.5,28.13,0.38,1.18,0.078,11.61
2.0,0.7,1.5,4.5,0.6,2400,0.4,359,75.5,28.13,0.38,1.18,0.078,11.61
2.0,0.7,1.5,4.5,0.8,2400,0.4,359,75.5,28.13,0.38,1.18,0.078,11.61
2.0,1.0,2.5,3.0,0.4,3600,0.8,363,66.1,28.23,0.59,1.16,0.078,10.8
2.0,1.0,2.5,3.0,0.6,3600,0.8,363,66.1,28.23,0.59,1.16,0.078,10.8
2.0,1.0,2.5,3.0,0.8,3600,0.8,363,66.1,28.23,0.59,1.16,0.078,10.8
3.0,1.0,1.5,3.0,0.4,3600,0.8,325,71.4,25.39,0.46,1.14,0.078,17.47
3.0,1.0,1.5,3.0,0.6,3600,0.8,325,71.4,25.39,0.46,1.14,0.078,17.47
3.0,1.0,1.5,3.0,0.8,3600,0.8,325,71.4,25.39,0.46,1.14,0.078,17.47
3.0,1.0,1.5,4.5,0.4,1200,0.2,277,76.2,21.59,0.35,1.12,0.078,20.4
3.0,1.0,1.5,4.5,0.6,1200,0.2,277,76.2,21.59,0.35,1.12,0.078,20.4
3.0,1.0,1.5,4.5,0.8,1200,0.2,277,76.2,21.59,0.35,1.12,0.078,20.4
5.0,1.0,1.5,3.0,0.4,2400,0.8,286,73.1,22.26,0.42,1.14,0.078,18.17
5.0,1.0,1.5,3.0,0.6,2400,0.8,286,73.1,22.26,0.42,1.14,0.078,18.17
5.0,1.0,1.5,3.0,0.8,2400,0.8,286,73.1,22.26,0.42,1.14,0.078,18.17
5.0,1.0,1.5,4.5,0.4,2400,0.4,237,81.9,18.42,0.25,1.11,0.078,21.77
5.0,1.0,1.5,4.5,0.6,2400,0.4,237,81.9,18.42,0.25,1.11,0.078,21.77
5.0,1.0,1.5,4.5,0.8,2400,0.4,237,81.9,18.42,0.25,1.11,0.078,21.77
2.0,1.0,2.5,4.5,0.4,3600,0.8,363,66.1,27.78,0.59,1.16,0.077,10.8
2.0,1.0,2.5,4.5,0.6,3600,0.8,363,66.1,27.78,0.59,1.16,0.077,10.8
2.0,1.0,2.5,4.5,0.8,3600,0.8,363,66.1,27.78,0.59,1.16,0.077,10.8
4.0,1.0,2.5,4.5,0.4,1200,0.4,277,77.6,21.31,0.33,1.13,0.077,17.89
4.0,1.0,2.5,4.5,0.6,1200,0.4,277,77.6,21.31,0.33,1.13,0.077,17.89
4.0,1.0,2.5,4.5,0.8,1200,0.4,277,77.6,21.31,0.33,1.13,0.077,17.89
4.0,0.7,1.5,3.0,0.4,3600,0.8,328,78.7,25.06,0.32,1.17,0.076,17.73
4.0,0.7,1.5,3.0,0.6,3600,0.8,328,78.7,25.06,0.32,1.17,0.076,17.73
4.0,0.7,1.5,3.0,0.8,3600,0.8,328,78.7,25.06,0.32,1.17,0.076,17.73
4.0,0.7,1.5,4.5,0.4,3600,0.8,328,78.7,25.06,0.32,1.17,0.076,17.73
4.0,0.7,1.5,4.5,0.6,3600,0.8,328,78.7,25.06,0.32,1.17,0.076,17.73
4.0,0.7,1.5,4.5,0.8,3600,0.8,328,78.7,25.06,0.32,1.17,0.076,17.73
4.0,1.5,2.5,4.5,0.8,1200,0.8,369,64.5,28.07,0.65,1.19,0.076,19.53
5.0,0.7,2.5,4.5,0.4,2400,0.8,317,77.3,24.12,0.35,1.19,0.076,17.14
5.0,0.7,2.5,4.5,0.6,2400,0.8,317,77.3,24.12,0.35,1.19,0.076,17.14
5.0,0.7,2.5,4.5,0.8,2400,0.8,317,77.3,24.12,0.35,1.19,0.076,17.14
5.0,1.0,1.5,3.0,0.4,1200,0.2,227,83.7,17.32,0.21,1.1,0.076,24.35
5.0,1.0,1.5,3.0,0.6,1200,0.2,227,83.7,17.32,0.21,1.1,0.076,24.35
5.0,1.0,1.5,3.0,0.8,1200,0.2,227,83.7,17.32,0.21,1.1,0.076,24.35
2.0,0.7,1.5,3.0,0.4,3600,0.8,393,71.2,29.3,0.48,1.19,0.075,11.61
2.0,0.7,1.5,3.0,0.6,3600,0.8,393,71.2,29.3,0.48,1.19,0.075,11.61
2.0,0.7,1.5,3.0,0.8,3600,0.8,393,71.2,29.3,0.48,1.19,0.075,11.61
2.0,1.5,2.5,3.0,0.6,1200,0.8,419,58.5,31.28,0.86,1.21,0.075,10.81
4.0,1.5,2.5,3.0,0.8,1200,0.8,369,64.5,27.62,0.65,1.19,0.075,19.53
2.0,1.5,2.5,4.5,0.6,1200,0.8,419,58.5,30.83,0.86,1.21,0.074,10.81
3.0,1.5,2.5,3.0,0.6,1200,0.8,396,62.1,29.31,0.73,1.19,0.074,18.79
4.0,0.7,1.5,3.0,0.4,7200,0.8,308,81.2,22.92,0.27,1.15,0.074,22.74
4.0,0.7,1.5,3.0,0.6,7200,0.8,308,81.2,22.92,0.27,1.15,0.074,22.74
4.0,0.7,1.5,3.0,0.8,7200,0.8,308,81.2,22.92,0.27,1.15,0.074,22.74
4.0,0.7,1.5,4.5,0.4,7200,0.8,308,81.2,22.92,0.27,1.15,0.074,22.74
4.0,0.7,1.5,4.5,0.6,7200,0.8,308,81.2,22.92,0.27,1.15,0.074,22.74
4.0,0.7,1.5,4.5,0.8,7200,0.8,308,81.2,22.92,0.27,1.15,0.074,22.74
3.0,1.5,2.5,4.5,0.6,1200,0.8,396,62.1,28.86,0.72,1.19,0.073,18.79
4.0,0.7,1.5,3.0,0.4,2400,0.4,292,84.2,21.46,0.21,1.14,0.073,20.0
4.0,0.7,1.5,3.0,0.6,2400,0.4,292,84.2,21.46,0.21,1.14,0.073,20.0
4.0,0.7,1.5,3.0,0.8,2400,0.4,292,84.2,21.46,0.21,1.14,0.073,20.0
4.0,0.7,1.5,4.5,0.4,2400,0.4,292,84.2,21.46,0.21,1.14,0.073,20.0
4.0,0.7,1.5,4.5,0.6,2400,0.4,292,84.2,21.46,0.21,1.14,0.073,20.0
4.0,0.7,1.5,4.5,0.8,2400,0.4,292,84.2,21.46,0.21,1.14,0.073,20.0
5.0,1.0,1.5,4.5,0.4,2400,0.8,286,73.1,20.91,0.42,1.13,0.073,19.23
5.0,1.0,1.5,4.5,0.6,2400,0.8,286,73.1,20.91,0.42,1.13,0.073,19.23
5.0,1.0,1.5,4.5,0.8,2400,0.8,286,73.1,20.91,0.42,1.13,0.073,19.23
2.0,1.5,2.5,3.0,0.8,1200,0.8,418,58.9,30.28,0.84,1.21,0.072,10.73
4.0,0.7,1.5,3.0,0.4,2400,0.8,343,74.9,24.8,0.39,1.18,0.072,15.08
4.0,0.7,1.5,3.0,0.6,2400,0.8,343,74.9,24.8,0.39,1.18,0.072,15.08
4.0,0.7,1.5,3.0,0.8,2400,0.8,343,74.9,24.8,0.39,1.18,0.072,15.08
4.0,0.7,1.5,4.5,0.4,2400,0.8,343,74.9,24.8,0.39,1.18,0.072,15.08
4.0,0.7,1.5,4.5,0.6,2400,0.8,343,74.9,24.8,0.39,1.18,0.072,15.08
4.0,0.7,1.5,4.5,0.8,2400,0.8,343,74.9,24.8,0.39,1.18,0.072,15.08
4.0,1.0,2.5,3.0,0.4,1200,0.4,277,77.6,19.96,0.32,1.12,0.072,17.44
4.0,1.0,2.5,3.0,0.6,1200,0.4,277,77.6,19.96,0.32,1.12,0.072,17.44
4.0,1.0,2.5,3.0,0.8,1200,0.4,277,77.6,19.96,0.32,1.12,0.072,17.44
2.0,0.7,1.5,3.0,0.4,1200,0.4,379,72.3,26.78,0.45,1.18,0.071,11.61
2.0,0.7,1.5,3.0,0.6,1200,0.4,379,72.3,26.78,0.45,1.18,0.071,11.61
2.0,0.7,1.5,3.0,0.8,1200,0.4,379,72.3,26.78,0.45,1.18,0.071,11.61
2.0,0.7,1.5,4.5,0.4,3600,0.8,393,71.2,27.95,0.48,1.18,0.071,11.61
2.0,0.7,1.5,4.5,0.6,3600,0.8,393,71.2,27.95,0.48,1.18,0.071,11.61
2.0,0.7,1.5,4.5,0.8,3600,0.8,393,71.2,27.95,0.48,1.18,0.071,11.61
2.0,1.0,2.5,3.0,0.4,7200,0.4,314,69.7,22.44,0.49,1.12,0.071,15.46
2.0,1.0,2.5,3.0,0.6,7200,0.4,314,69.7,22.44,0.49,1.12,0.071,15.46
2.0,1.0,2.5,3.0,0.8,7200,0.4,314,69.7,22.44,0.49,1.12,0.071,15.46
2.0,1.0,2.5,4.5,0.4,7200,0.4,314,69.7,21.99,0.48,1.12,0.07,15.46
2.0,1.0,2.5,4.5,0.6,7200,0.4,314,69.7,21.99,0.48,1.12,0.07,15.46
2.0,1.0,2.5,4.5,0.8,7200,0.4,314,69.7,21.99,0.48,1.12,0.07,15.46
2.0,1.5,2.5,4.5,0.8,1200,0.8,418,58.9,29.38,0.84,1.2,0.07,10.73
3.0,1.0,1.5,4.5,0.4,3600,0.8,325,71.4,22.69,0.45,1.12,0.07,18.51
3.0,1.0,1.5,4.5,0.6,3600,0.8,325,71.4,22.69,0.45,1.12,0.07,18.51
3.0,1.0,1.5,4.5,0.8,3600,0.8,325,71.4,22.69,0.45,1.12,0.07,18.51
5.0,0.7,2.5,3.0,0.4,2400,0.8,317,77.3,22.32,0.35,1.18,0.07,17.14
5.0,0.7,2.5,3.0,0.6,2400,0.8,317,77.3,22.32,0.35,1.18,0.07,17.14
5.0,0.7,2.5,3.0,0.8,2400,0.8,317,77.3,22.32,0.35,1.18,0.07,17.14
2.0,0.7,1.5,3.0,0.4,2400,0.8,404,68.1,27.84,0.56,1.2,0.069,11.61
2.0,0.7,1.5,3.0,0.6,2400,0.8,404,68.1,27.84,0.56,1.2,0.069,11.61
2.0,0.7,1.5,3.0,0.8,2400,0.8,404,68.1,27.84,0.56,1.2,0.069,11.61
2.0,1.0,2.5,3.0,0.4,3600,0.4,316,69.3,21.72,0.49,1.12,0.069,16.18
2.0,1.0,2.5,3.0,0.4,14400,0.8,319,68.7,22.08,0.51,1.12,0.069,15.57
2.0,1.0,2.5,3.0,0.6,3600,0.4,316,69.3,21.72,0.49,1.12,0.069,16.18
2.0,1.0,2.5,3.0,0.6,14400,0.8,319,68.7,22.08,0.51,1.12,0.069,15.57
2.0,1.0,2.5,3.0,0.8,3600,0.4,316,69.3,21.72,0.49,1.12,0.069,16.18
2.0,1.0,2.5,3.0,0.8,14400,0.8,319,68.7,22.08,0.51,1.12,0.069,15.57
2.0,1.0,2.5,3.0,0.4,2400,0.2,314,69.7,21.5,0.48,1.11,0.068,16.4
2.0,1.0,2.5,3.0,0.4,3600,0.2,314,69.7,21.5,0.48,1.11,0.068,16.4
2.0,1.0,2.5,3.0,0.4,7200,0.2,314,69.7,21.5,0.48,1.11,0.068,16.4
2.0,1.0,2.5,3.0,0.4,14400,0.2,314,69.7,21.5,0.48,1.11,0.068,16.4
2.0,1.0,2.5,3.0,0.4,14400,0.4,314,69.7,21.5,0.48,1.11,0.068,16.4
2.0,1.0,2.5,3.0,0.4,,0.4,314,69.7,21.5,0.48,1.11,0.068,16.4
2.0,1.0,2.5,3.0,0.6,2400,0.2,314,69.7,21.5,0.48,1.11,0.068,16.4
2.0,1.0,2.5,3.0,0.6,3600,0.2,314,69.7,21.5,0.48,1.11,0.068,16.4
2.0,1.0,2.5,3.0,0.6,7200,0.2,314,69.7,21.5,0.48,1.11,0.068,16.4
2.0,1.0,2.5,3.0,0.6,14400,0.2,314,69.7,21.5,0.48,1.11,0.068,16.4
2.0,1.0,2.5,3.0,0.6,14400,0.4,314,69.7,21.5,0.48,1.11,0.068,16.4
2.0,1.0,2.5,3.0,0.6,,0.4,314,69.7,21.5,0.48,1.11,0.068,16.4
2.0,1.0,2.5,3.0,0.8,2400,0.2,314,69.7,21.5,0.48,1.11,0.068,16.4
2.0,1.0,2.5,3.0,0.8,3600,0.2,314,69.7,21.5,0.48,1.11,0.068,16.4
2.0,1.0,2.5,3.0,0.8,7200,0.2,314,69.7,21.5,0.48,1.11,0.068,16.4
2.0,1.0,2.5,3.0,0.8,14400,0.2,314,69.7,21.5,0.48,1.11,0.068,16.4
2.0,1.0,2.5,3.0,0.8,14400,0.4,314,69.7,21.5,0.48,1.11,0.068,16.4
2.0,1.0,2.5,3.0,0.8,,0.4,314,69.7,21.5,0.48,1.11,0.068,16.4
2.0,1.0,2.5,4.5,0.4,14400,0.8,319,68.7,21.63,0.51,1.12,0.068,15.57
2.0,1.0,2.5,4.5,0.6,14400,0.8,319,68.7,21.63,0.51,1.12,0.068,15.57
2.0,1.0,2.5,4.5,0.8,14400,0.8,319,68.7,21.63,0.51,1.12,0.068,15.57
2.0,0.7,1.5,4.5,0.4,1200,0.4,379,72.3,25.43,0.45,1.17,0.067,11.61
2.0,0.7,1.5,4.5,0.6,1200,0.4,379,72.3,25.43,0.45,1.17,0.067,11.61
2.0,0.7,1.5,4.5,0.8,1200,0.4,379,72.3,25.43,0.45,1.17,0.067,11.61
2.0,1.0,2.5,4.5,0.4,2400,0.2,314,69.7,21.05,0.48,1.11,0.067,16.4
2.0,1.0,2.5,4.5,0.4,3600,0.2,314,69.7,21.05,0.48,1.11,0.067,16.4
2.0,1.0,2.5,4.5,0.4,3600,0.4,316,69.3,21.27,0.49,1.11,0.067,16.18
2.0,1.0,2.5,4.5,0.4,7200,0.2,314,69.7,21.05,0.48,1.11,0.067,16.4
2.0,1.0,2.5,4.5,0.4,14400,0.2,314,69.7,21.05,0.48,1.11,0.067,16.4
2.0,1.0,2.5,4.5,0.4,14400,0.4,314,69.7,21.05,0.48,1.11,0.067,16.4
2.0,1.0,2.5,4.5,0.4,,0.4,314,69.7,21.05,0.48,1.11,0.067,16.4
2.0,1.0,2.5,4.5,0.6,2400,0.2,314,69.7,21.05,0.48,1.11,0.067,16.4
2.0,1.0,2.5,4.5,0.6,3600,0.2,314,69.7,21.05,0.48,1.11,0.067,16.4
2.0,1.0,2.5,4.5,0.6,3600,0.4,316,69.3,21.27,0.49,1.11,0.067,16.18
2.0,1.0,2.5,4.5,0.6,7200,0.2,314,69.7,21.05,0.48,1.11,0.067,16.4
2.0,1.0,2.5,4.5,0.6,14400,0.2,314,69.7,21.05,0.48,1.11,0.067,16.4
2.0,1.0,2.5,4.5,0.6,14400,0.4,314,69.7,21.05,0.48,1.11,0.067,16.4
2.0,1.0,2.5,4.5,0.6,,0.4,314,69.7,21.05,0.48,1.11,0.067,16.4
2.0,1.0,2.5,4.5,0.8,2400,0.2,314,69.7,21.05,0.48,1.11,0.067,16.4
2.0,1.0,2.5,4.5,0.8,3600,0.2,314,69.7,21.05,0.48,1.11,0.067,16.4
2.0,1.0,2.5,4.5,0.8,3600,0.4,316,69.3,21.27,0.49,1.11,0.067,16.18
2.0,1.0,2.5,4.5,0.8,7200,0.2,314,69.7,21.05,0.48,1.11,0.067,16.4
2.0,1.0,2.5,4.5,0.8,14400,0.2,314,69.7,21.05,0.48,1.11,0.067,16.4
2.0,1.0,2.5,4.5,0.8,14400,0.4,314,69.7,21.05,0.48,1.11,0.067,16.4
2.0,1.0,2.5,4.5,0.8,,0.4,314,69.7,21.05,0.48,1.11,0.067,16.4
3.0,1.5,2.5,3.0,0.8,1200,0.8,395,62.5,26.28,0.7,1.17,0.067,18.13
2.0,0.7,1.5,4.5,0.4,2400,0.8,404,68.1,26.49,0.56,1.19,0.066,11.61
2.0,0.7,1.5,4.5,0.6,2400,0.8,404,68.1,26.49,0.56,1.19,0.066,11.61
2.0,0.7,1.5,4.5,0.8,2400,0.8,404,68.1,26.49,0.56,1.19,0.066,11.61
4.0,0.7,1.5,3.0,0.4,2400,0.2,277,86.3,18.37,0.18,1.12,0.066,22.74
4.0,0.7,1.5,3.0,0.4,3600,0.2,277,86.3,18.37,0.18,1.12,0.066,22.74
4.0,0.7,1.5,3.0,0.4,7200,0.2,277,86.3,18.37,0.18,1.12,0.066,22.74
4.0,0.7,1.5,3.0,0.4,14400,0.2,277,86.3,18.37,0.18,1.12,0.066,22.74
4.0,0.7,1.5,3.0,0.4,14400,0.4,277,86.3,18.37,0.18,1.12,0.066,22.74
4.0,0.7,1.5,3.0,0.4,,0.4,277,86.3,18.37,0.18,1.12,0.066,22.74
4.0,0.7,1.5,3.0,0.6,2400,0.2,277,86.3,18.37,0.18,1.12,0.066,22.74
4.0,0.7,1.5,3.0,0.6,3600,0.2,277,86.3,18.37,0.18,1.12,0.066,22.74
4.0,0.7,1.5,3.0,0.6,7200,0.2,277,86.3,18.37,0.18,1.12,0.066,22.74
4.0,0.7,1.5,3.0,0.6,14400,0.2,277,86.3,18.37,0.18,1.12,0.066,22.74
4.0,0.7,1.5,3.0,0.6,14400,0.4,277,86.3,18.37,0.18,1.12,0.066,22.74
4.0,0.7,1.5,3.0,0.6,,0.4,277,86.3,18.37,0.18,1.12,0.066,22.74
4.0,0.7,1.5,3.0,0.8,2400,0.2,277,86.3,18.37,0.18,1.12,0.066,22.74
4.0,0.7,1.5,3.0,0.8,3600,0.2,277,86.3,18.37,0.18,1.12,0.066,22.74
4.0,0.7,1.5,3.0,0.8,7200,0.2,277,86.3,18.37,0.18,1.12,0.066,22.74
4.0,0.7,1.5,3.0,0.8,14400,0.2,277,86.3,18.37,0.18,1.12,0.066,22.74
4.0,0.7,1.5,3.0,0.8,14400,0.4,277,86.3,18.37,0.18,1.12,0.066,22.74
4.0,0.7,1.5,3.0,0.8,,0.4,277,86.3,18.37,0.18,1.12,0.066,22.74
4.0,0.7,1.5,4.5,0.4,2400,0.2,277,86.3,18.37,0.18,1.12,0.066,22.74
4.0,0.7,1.5,4.5,0.4,3600,0.2,277,86.3,18.37,0.18,1.12,0.066,22.74
4.0,0.7,1.5,4.5,0.4,7200,0.2,277,86.3,18.37,0.18,1.12,0.066,22.74
4.0,0.7,1.5,4.5,0.4,14400,0.2,277,86.3,18.37,0.18,1.12,0.066,22.74
4.0,0.7,1.5,4.5,0.4,14400,0.4,277,86.3,18.37,0.18,1.12,0.066,22.74
4.0,0.7,1.5,4.5,0.4,,0.4,277,86.3,18.37,0.18,1.12,0.066,22.74
4.0,0.7,1.5,4.5,0.6,2400,0.2,277,86.3,18.37,0.18,1.12,0.066,22.74
4.0,0.7,1.5,4.5,0.6,3600,0.2,277,86.3,18.37,0.18,1.12,0.066,22.74
4.0,0.7,1.5,4.5,0.6,7200,0.2,277,86.3,18.37,0.18,1.12,0.066,22.74
4.0,0.7,1.5,4.5,0.6,14400,0.2,277,86.3,18.37,0.18,1.12,0.066,22.74
4.0,0.7,1.5,4.5,0.6,14400,0.4,277,86.3,18.37,0.18,1.12,0.066,22.74
4.0,0.7,1.5,4.5,0.6,,0.4,277,86.3,18.37,0.18,1.12,0.066,22.74
4.0,0.7,1.5,4.5,0.8,2400,0.2,277,86.3,18.37,0.18,1.12,0.066,22.74
4.0,0.7,1.5,4.5,0.8,3600,0.2,277,86.3,18.37,0.18,1.12,0.066,22.74
4.0,0.7,1.5,4.5,0.8,7200,0.2,277,86.3,18.37,0.18,1.12,0.066,22.74
4.0,0.7,1.5,4.5,0.8,14400,0.2,277,86.3,18.37,0.18,1.12,0.066,22.74
4.0,0.7,1.5,4.5,0.8,14400,0.4,277,86.3,18.37,0.18,1.12,0.066,22.74
4.0,0.7,1.5,4.5,0.8,,0.4,277,86.3,18.37,0.18,1.12,0.066,22.74
5.0,0.7,1.5,3.0,0.4,1200,0.8,378,68.5,25.1,0.55,1.2,0.066,13.77
5.0,0.7,1.5,3.0,0.6,1200,0.8,378,68.5,25.1,0.55,1.2,0.066,13.77
5.0,0.7,1.5,3.0,0.8,1200,0.8,378,68.5,25.1,0.55,1.2,0.066,13.77
5.0,0.7,1.5,4.5,0.4,1200,0.8,378,68.5,25.1,0.55,1.2,0.066,13.77
5.0,0.7,1.5,4.5,0.6,1200,0.8,378,68.5,25.1,0.55,1.2,0.066,13.77
5.0,0.7,1.5,4.5,0.8,1200,0.8,378,68.5,25.1,0.55,1.2,0.066,13.77
5.0,1.0,1.5,3.0,0.4,1200,0.8,352,66.2,23.11,0.59,1.16,0.066,14.07
5.0,1.0,1.5,3.0,0.6,1200,0.8,352,66.2,23.11,0.59,1.16,0.066,14.07
5.0,1.0,1.5,3.0,0.8,1200,0.8,352,66.2,23.11,0.59,1.16,0.066,14.07
5.0,1.0,1.5,4.5,0.4,1200,0.8,352,66.2,23.11,0.59,1.16,0.066,14.07
5.0,1.0,1.5,4.5,0.6,1200,0.8,352,66.2,23.11,0.59,1.16,0.066,14.07
5.0,1.0,1.5,4.5,0.8,1200,0.8,352,66.2,23.11,0.59,1.16,0.066,14.07
2.0,1.0,2.5,3.0,0.4,7200,0.8,339,66.7,22.1,0.56,1.12,0.065,16.13
2.0,1.0,2.5,3.0,0.6,7200,0.8,339,66.7,22.1,0.56,1.12,0.065,16.13
2.0,1.0,2.5,3.0,0.8,7200,0.8,339,66.7,22.1,0.56,1.12,0.065,16.13
3.0,1.0,2.5,3.0,0.4,2400,0.4,292,76.0,19.06,0.35,1.1,0.065,18.42
3.0,1.0,2.5,3.0,0.6,2400,0.4,292,76.0,19.06,0.35,1.1,0.065,18.42
3.0,1.0,2.5,3.0,0.8,2400,0.4,292,76.0,19.06,0.35,1.1,0.065,18.42
3.0,1.0,2.5,4.5,0.4,2400,0.4,292,76.0,19.06,0.35,1.1,0.065,18.72
3.0,1.0,2.5,4.5,0.6,2400,0.4,292,76.0,19.06,0.35,1.1,0.065,18.72
3.0,1.0,2.5,4.5,0.8,2400,0.4,292,76.0,19.06,0.35,1.1,0.065,18.72
4.0,0.7,1.5,3.0,0.4,7200,0.4,279,86.0,18.21,0.18,1.12,0.065,22.74
4.0,0.7,1.5,3.0,0.6,7200,0.4,279,86.0,18.21,0.18,1.12,0.065,22.74
4.0,0.7,1.5,3.0,0.8,7200,0.4,279,86.0,18.21,0.18,1.12,0.065,22.74
4.0,0.7,1.5,4.5,0.4,7200,0.4,279,86.0,18.21,0.18,1.12,0.065,22.74
4.0,0.7,1.5,4.5,0.6,7200,0.4,279,86.0,18.21,0.18,1.12,0.065,22.74
4.0,0.7,1.5,4.5,0.8,7200,0.4,279,86.0,18.21,0.18,1.12,0.065,22.74
4.0,1.0,2.5,3.0,0.4,2400,0.2,243,81.9,15.7,0.24,1.09,0.065,25.95
4.0,1.0,2.5,3.0,0.4,3600,0.2,243,81.9,15.7,0.24,1.09,0.065,25.95
4.0,1.0,2.5,3.0,0.4,7200,0.2,243,81.9,15.7,0.24,1.09,0.065,25.95
4.0,1.0,2.5,3.0,0.4,14400,0.2,243,81.9,15.7,0.24,1.09,0.065,25.95
4.0,1.0,2.5,3.0,0.4,14400,0.4,243,81.9,15.7,0.24,1.09,0.065,25.95
4.0,1.0,2.5,3.0,0.4,,0.4,243,81.9,15.7,0.24,1.09,0.065,25.95
4.0,1.0,2.5,3.0,0.6,2400,0.2,243,81.9,15.7,0.24,1.09,0.065,25.95
4.0,1.0,2.5,3.0,0.6,3600,0.2,243,81.9,15.7,0.24,1.09,0.065,25.95
4.0,1.0,2.5,3.0,0.6,7200,0.2,243,81.9,15.7,0.24,1.09,0.065,25.95
4.0,1.0,2.5,3.0,0.6,14400,0.2,243,81.9,15.7,0.24,1.09,0.065,25.95
4.0,1.0,2.5,3.0,0.6,14400,0.4,243,81.9,15.7,0.24,1.09,0.065,25.95
4.0,1.0,2.5,3.0,0.6,,0.4,243,81.9,15.7,0.24,1.09,0.065,25.95
4.0,1.0,2.5,3.0,0.8,2400,0.2,243,81.9,15.7,0.24,1.09,0.065,25.95
4.0,1.0,2.5,3.0,0.8,3600,0.2,243,81.9,15.7,0.24,1.09,0.065,25.95
4.0,1.0,2.5,3.0,0.8,7200,0.2,243,81.9,15.7,0.24,1.09,0.065,25.95
4.0,1.0,2.5,3.0,0.8,14400,0.2,243,81.9,15.7,0.24,1.09,0.065,25.95
4.0,1.0,2.5,3.0,0.8,14400,0.4,243,81.9,15.7,0.24,1.09,0.065,25.95
4.0,1.0,2.5,3.0,0.8,,0.4,243,81.9,15.7,0.24,1.09,0.065,25.95
4.0,1.0,2.5,4.5,0.4,2400,0.2,243,81.9,15.7,0.24,1.09,0.065,26.4
4.0,1.0,2.5,4.5,0.4,3600,0.2,243,81.9,15.7,0.24,1.09,0.065,26.4
4.0,1.0,2.5,4.5,0.4,7200,0.2,243,81.9,15.7,0.24,1.09,0.065,26.4
4.0,1.0,2.5,4.5,0.4,14400,0.2,243,81.9,15.7,0.24,1.09,0.065,26.4
4.0,1.0,2.5,4.5,0.4,14400,0.4,243,81.9,15.7,0.24,1.09,0.065,26.4
4.0,1.0,2.5,4.5,0.4,,0.4,243,81.9,15.7,0.24,1.09,0.065,26.4
4.0,1.0,2.5,4.5,0.6,2400,0.2,243,81.9,15.7,0.24,1.09,0.065,26.4
4.0,1.0,2.5,4.5,0.6,3600,0.2,243,81.9,15.7,0.24,1.09,0.065,26.4
4.0,1.0,2.5,4.5,0.6,7200,0.2,243,81.9,15.7,0.24,1.09,0.065,26.4
4.0,1.0,2.5,4.5,0.6,14400,0.2,243,81.9,15.7,0.24,1.09,0.065,26.4
4.0,1.0,2.5,4.5,0.6,14400,0.4,243,81.9,15.7,0.24,1.09,0.065,26.4
4.0,1.0,2.5,4.5,0.6,,0.4,243,81.9,15.7,0.24,1.09,0.065,26.4
4.0,1.0,2.5,4.5,0.8,2400,0.2,243,81.9,15.7,0.24,1.09,0.065,26.4
4.0,1.0,2.5,4.5,0.8,3600,0.2,243,81.9,15.7,0.24,1.09,0.065,26.4
4.0,1.0,2.5,4.5,0.8,7200,0.2,243,81.9,15.7,0.24,1.09,0.065,26.4
4.0,1.0,2.5,4.5,0.8,14400,0.2,243,81.9,15.7,0.24,1.09,0.065,26.4
4.0,1.0,2.5,4.5,0.8,14400,0.4,243,81.9,15.7,0.24,1.09,0.065,26.4
4.0,1.0,2.5,4.5,0.8,,0.4,243,81.9,15.7,0.24,1.09,0.065,26.4
2.0,1.0,2.5,4.5,0.4,7200,0.8,339,66.7,21.65,0.56,1.12,0.064,16.13
2.0,1.0,2.5,4.5,0.6,7200,0.8,339,66.7,21.65,0.56,1.12,0.064,16.13
2.0,1.0,2.5,4.5,0.8,7200,0.8,339,66.7,21.65,0.56,1.12,0.064,16.13
3.0,1.5,2.5,4.5,0.8,1200,0.8,395,62.5,25.38,0.7,1.17,0.064,18.13
4.0,1.0,1.5,3.0,0.4,1200,0.8,373,64.1,24.02,0.65,1.16,0.064,20.37
4.0,1.0,1.5,3.0,0.6,1200,0.8,373,64.1,24.02,0.65,1.16,0.064,20.37
4.0,1.0,1.5,3.0,0.8,1200,0.8,373,64.1,24.02,0.65,1.16,0.064,20.37
4.0,1.0,1.5,4.5,0.4,1200,0.8,373,64.1,24.02,0.65,1.16,0.064,20.37
4.0,1.0,1.5,4.5,0.6,1200,0.8,373,64.1,24.02,0.65,1.16,0.064,20.37
4.0,1.0,1.5,4.5,0.8,1200,0.8,373,64.1,24.02,0.65,1.16,0.064,20.37
4.0,1.0,2.5,4.5,0.4,2400,0.8,316,70.6,20.18,0.47,1.12,0.064,20.13
4.0,1.0,2.5,4.5,0.6,2400,0.8,316,70.6,20.18,0.47,1.12,0.064,20.13
4.0,1.0,2.5,4.5,0.8,2400,0.8,316,70.6,20.18,0.47,1.12,0.064,20.13
2.0,1.0,1.5,3.0,0.4,1200,0.8,422,58.5,26.58,0.84,1.18,0.063,11.64
2.0,1.0,1.5,3.0,0.6,1200,0.8,422,58.5,26.58,0.84,1.18,0.063,11.64
2.0,1.0,1.5,3.0,0.8,1200,0.8,422,58.5,26.58,0.84,1.18,0.063,11.64
3.0,0.7,1.5,3.0,0.4,3600,0.8,362,75.4,22.76,0.37,1.15,0.063,15.82
3.0,0.7,1.5,3.0,0.6,3600,0.8,362,75.4,22.76,0.37,1.15,0.063,15.82
3.0,0.7,1.5,3.0,0.8,3600,0.8,362,75.4,22.76,0.37,1.15,0.063,15.82
4.0,0.7,1.5,3.0,0.4,3600,0.4,281,85.4,17.76,0.19,1.12,0.063,22.74
4.0,0.7,1.5,3.0,0.6,3600,0.4,281,85.4,17.76,0.19,1.12,0.063,22.74
4.0,0.7,1.5,3.0,0.8,3600,0.4,281,85.4,17.76,0.19,1.12,0.063,22.74
4.0,0.7,1.5,4.5,0.4,3600,0.4,281,85.4,17.76,0.19,1.12,0.063,22.74
4.0,0.7,1.5,4.5,0.6,3600,0.4,281,85.4,17.76,0.19,1.12,0.063,22.74
4.0,0.7,1.5,4.5,0.8,3600,0.4,281,85.4,17.76,0.19,1.12,0.063,22.74
3.0,0.7,1.5,3.0,0.4,2400,0.4,321,81.0,20.03,0.26,1.13,0.062,15.12
3.0,0.7,1.5,3.0,0.6,2400,0.4,321,81.0,20.03,0.26,1.13,0.062,15.12
3.0,0.7,1.5,3.0,0.8,2400,0.4,321,81.0,20.03,0.26,1.13,0.062,15.12
5.0,1.0,1.5,3.0,0.4,2400,0.2,224,83.9,13.95,0.21,1.08,0.062,24.35
5.0,1.0,1.5,3.0,0.4,3600,0.2,224,83.9,13.95,0.21,1.08,0.062,24.35
5.0,1.0,1.5,3.0,0.4,7200,0.2,224,83.9,13.95,0.21,1.08,0.062,24.35
5.0,1.0,1.5,3.0,0.4,14400,0.2,224,83.9,13.95,0.21,1.08,0.062,24.35
5.0,1.0,1.5,3.0,0.4,14400,0.4,224,83.9,13.95,0.21,1.08,0.062,24.35
5.0,1.0,1.5,3.0,0.4,,0.4,224,83.9,13.95,0.21,1.08,0.062,24.35
5.0,1.0,1.5,3.0,0.6,2400,0.2,224,83.9,13.95,0.21,1.08,0.062,24.35
5.0,1.0,1.5,3.0,0.6,3600,0.2,224,83.9,13.95,0.21,1.08,0.062,24.35
5.0,1.0,1.5,3.0,0.6,7200,0.2,224,83.9,13.95,0.21,1.08,0.062,24.35
5.0,1.0,1.5,3.0,0.6,14400,0.2,224,83.9,13.95,0.21,1.08,0.062,24.35
5.0,1.0,1.5,3.0,0.6,14400,0.4,224,83.9,13.95,0.21,1.08,0.062,24.35
5.0,1.0,1.5,3.0,0.6,,0.4,224,83.9,13.95,0.21,1.08,0.062,24.35
5.0,1.0,1.5,3.0,0.8,2400,0.2,224,83.9,13.95,0.21,1.08,0.062,24.35
5.0,1.0,1.5,3.0,0.8,3600,0.2,224,83.9,13.95,0.21,1.08,0.062,24.35
5.0,1.0,1.5,3.0,0.8,7200,0.2,224,83.9,13.95,0.21,1.08,0.062,24.35
5.0,1.0,1.5,3.0,0.8,14400,0.2,224,83.9,13.95,0.21,1.08,0.062,24.35
5.0,1.0,1.5,3.0,0.8,14400,0.4,224,83.9,13.95,0.21,1.08,0.062,24.35
5.0,1.0,1.5,3.0,0.8,,0.4,224,83.9,13.95,0.21,1.08,0.062,24.35
2.0,0.7,1.5,3.0,0.4,7200,0.8,368,72.6,22.57,0.43,1.14,0.061,12.39
2.0,0.7,1.5,3.0,0.6,7200,0.8,368,72.6,22.57,0.43,1.14,0.061,12.39
2.0,0.7,1.5,3.0,0.8,7200,0.8,368,72.6,22.57,0.43,1.14,0.061,12.39
3.0,0.7,1.5,3.0,0.4,2400,0.8,376,72.9,23.09,0.43,1.16,0.061,11.71
3.0,0.7,1.5,3.0,0.6,2400,0.8,376,72.9,23.09,0.43,1.16,0.061,11.71
3.0,0.7,1.5,3.0,0.8,2400,0.8,376,72.9,23.09,0.43,1.16,0.061,11.71
3.0,1.0,2.5,3.0,0.4,2400,0.8,355,68.7,21.76,0.51,1.13,0.061,16.35
3.0,1.0,2.5,3.0,0.6,2400,0.8,355,68.7,21.76,0.51,1.13,0.061,16.35
3.0,1.0,2.5,3.0,0.8,2400,0.8,355,68.7,21.76,0.51,1.13,0.061,16.35
3.0,1.0,2.5,4.5,0.4,2400,0.8,355,68.7,21.76,0.51,1.13,0.061,16.8
3.0,1.0,2.5,4.5,0.6,2400,0.8,355,68.7,21.76,0.51,1.13,0.061,16.8
3.0,1.0,2.5,4.5,0.8,2400,0.8,355,68.7,21.76,0.51,1.13,0.061,16.8
2.0,1.0,1.5,4.5,0.4,1200,0.8,422,58.5,25.23,0.83,1.17,0.06,11.64
2.0,1.0,1.5,4.5,0.6,1200,0.8,422,58.5,25.23,0.83,1.17,0.06,11.64
2.0,1.0,1.5,4.5,0.8,1200,0.8,422,58.5,25.23,0.83,1.17,0.06,11.64
3.0,0.7,1.5,3.0,0.4,1200,0.4,347,77.2,20.73,0.34,1.14,0.06,13.82
3.0,0.7,1.5,3.0,0.4,2400,0.2,305,82.6,18.21,0.23,1.11,0.06,18.63
3.0,0.7,1.5,3.0,0.4,3600,0.2,305,82.6,18.21,0.23,1.11,0.06,18.63
3.0,0.7,1.5,3.0,0.4,7200,0.2,305,82.6,18.21,0.23,1.11,0.06,18.63
3.0,0.7,1.5,3.0,0.4,14400,0.2,305,82.6,18.21,0.23,1.11,0.06,18.63
3.0,0.7,1.5,3.0,0.4,14400,0.4,305,82.6,18.21,0.23,1.11,0.06,18.63
3.0,0.7,1.5,3.0,0.4,,0.4,305,82.6,18.21,0.23,1.11,0.06,18.63
3.0,0.7,1.5,3.0,0.6,1200,0.4,347,77.2,20.73,0.34,1.14,0.06,13.82
3.0,0.7,1.5,3.0,0.6,2400,0.2,305,82.6,18.21,0.23,1.11,0.06,18.63
3.0,0.7,1.5,3.0,0.6,3600,0.2,305,82.6,18.21,0.23,1.11,0.06,18.63
3.0,0.7,1.5,3.0,0.6,7200,0.2,305,82.6,18.21,0.23,1.11,0.06,18.63
3.0,0.7,1.5,3.0,0.6,14400,0.2,305,82.6,18.21,0.23,1.11,0.06,18.63
3.0,0.7,1.5,3.0,0.6,14400,0.4,305,82.6,18.21,0.23,1.11,0.06,18.63
3.0,0.7,1.5,3.0,0.6,,0.4,305,82.6,18.21,0.23,1.11,0.06,18.63
3.0,0.7,1.5,3.0,0.8,1200,0.4,347,77.2,20.73,0.34,1.14,0.06,13.82
3.0,0.7,1.5,3.0,0.8,2400,0.2,305,82.6,18.21,0.23,1.11,0.06,18.63
3.0,0.7,1.5,3.0,0.8,3600,0.2,305,82.6,18.21,0.23,1.11,0.06,18.63
3.0,0.7,1.5,3.0,0.8,7200,0.2,305,82.6,18.21,0.23,1.11,0.06,18.63
3.0,0.7,1.5,3.0,0.8,14400,0.2,305,82.6,18.21,0.23,1.11,0.06,18.63
3.0,0.7,1.5,3.0,0.8,14400,0.4,305,82.6,18.21,0.23,1.11,0.06,18.63
3.0,0.7,1.5,3.0,0.8,,0.4,305,82.6,18.21,0.23,1.11,0.06,18.63
4.0,0.7,1.5,3.0,0.4,14400,0.8,285,84.2,17.24,0.21,1.11,0.06,22.74
4.0,0.7,1.5,3.0,0.6,14400,0.8,285,84.2,17.24,0.21,1.11,0.06,22.74
4.0,0.7,1.5,3.0,0.8,14400,0.8,285,84.2,17.24,0.21,1.11,0.06,22.74
4.0,0.7,1.5,4.5,0.4,14400,0.8,285,84.2,17.24,0.21,1.11,0.06,22.74
4.0,0.7,1.5,4.5,0.6,14400,0.8,285,84.2,17.24,0.21,1.11,0.06,22.74
4.0,0.7,1.5,4.5,0.8,14400,0.8,285,84.2,17.24,0.21,1.11,0.06,22.74
4.0,1.0,2.5,3.0,0.4,2400,0.8,316,70.6,18.83,0.47,1.12,0.06,19.68
4.0,1.0,2.5,3.0,0.4,7200,0.4,244,81.6,14.64,0.24,1.08,0.06,25.95
4.0,1.0,2.5,3.0,0.6,2400,0.8,316,70.6,18.83,0.47,1.12,0.06,19.68
4.0,1.0,2.5,3.0,0.6,7200,0.4,244,81.6,14.64,0.24,1.08,0.06,25.95
4.0,1.0,2.5,3.0,0.8,2400,0.8,316,70.6,18.83,0.47,1.12,0.06,19.68
4.0,1.0,2.5,3.0,0.8,7200,0.4,244,81.6,14.64,0.24,1.08,0.06,25.95
4.0,1.0,2.5,4.5,0.4,7200,0.4,244,81.6,14.64,0.24,1.08,0.06,26.4
4.0,1.0,2.5,4.5,0.6,7200,0.4,244,81.6,14.64,0.24,1.08,0.06,26.4
4.0,1.0,2.5,4.5,0.8,7200,0.4,244,81.6,14.64,0.24,1.08,0.06,26.4
2.0,0.7,1.5,3.0,0.4,7200,0.4,342,76.0,20.18,0.35,1.12,0.059,12.39
2.0,0.7,1.5,3.0,0.6,7200,0.4,342,76.0,20.18,0.35,1.12,0.059,12.39
2.0,0.7,1.5,3.0,0.8,7200,0.4,342,76.0,20.18,0.35,1.12,0.059,12.39
2.0,1.0,2.5,3.0,0.4,1200,0.2,319,69.0,18.94,0.49,1.1,0.059,17.54
2.0,1.0,2.5,3.0,0.6,1200,0.2,319,69.0,18.94,0.49,1.1,0.059,17.54
2.0,1.0,2.5,3.0,0.8,1200,0.2,319,69.0,18.94,0.49,1.1,0.059,17.54
3.0,0.7,1.5,3.0,0.4,7200,0.4,307,82.4,18.05,0.24,1.11,0.059,18.63
3.0,0.7,1.5,3.0,0.6,7200,0.4,307,82.4,18.05,0.24,1.11,0.059,18.63
3.0,0.7,1.5,3.0,0.8,7200,0.4,307,82.4,18.05,0.24,1.11,0.059,18.63
3.0,0.7,1.5,4.5,0.4,3600,0.8,362,75.4,21.41,0.37,1.14,0.059,15.82
3.0,0.7,1.5,4.5,0.6,3600,0.8,362,75.4,21.41,0.37,1.14,0.059,15.82
3.0,0.7,1.5,4.5,0.8,3600,0.8,362,75.4,21.41,0.37,1.14,0.059,15.82
4.0,0.7,1.5,3.0,0.4,1200,0.2,281,85.4,16.62,0.19,1.11,0.059,22.74
4.0,0.7,1.5,3.0,0.6,1200,0.2,281,85.4,16.62,0.19,1.11,0.059,22.74
4.0,0.7,1.5,3.0,0.8,1200,0.2,281,85.4,16.62,0.19,1.11,0.059,22.74
4.0,0.7,1.5,4.5,0.4,1200,0.2,281,85.4,16.62,0.19,1.11,0.059,22.74
4.0,0.7,1.5,4.5,0.6,1200,0.2,281,85.4,16.62,0.19,1.11,0.059,22.74
4.0,0.7,1.5,4.5,0.8,1200,0.2,281,85.4,16.62,0.19,1.11,0.059,22.74
2.0,0.7,1.5,4.5,0.4,7200,0.8,368,72.6,21.22,0.43,1.13,0.058,12.39
2.0,0.7,1.5,4.5,0.6,7200,0.8,368,72.6,21.22,0.43,1.13,0.058,12.39
2.0,0.7,1.5,4.5,0.8,7200,0.8,368,72.6,21.22,0.43,1.13,0.058,12.39
2.0,1.0,2.5,4.5,0.4,1200,0.2,319,69.0,18.49,0.49,1.1,0.058,17.54
2.0,1.0,2.5,4.5,0.6,1200,0.2,319,69.0,18.49,0.49,1.1,0.058,17.54
2.0,1.0,2.5,4.5,0.8,1200,0.2,319,69.0,18.49,0.49,1.1,0.058,17.54
3.0,0.7,1.5,4.5,0.4,2400,0.4,321,81.0,18.68,0.26,1.12,0.058,15.12
3.0,0.7,1.5,4.5,0.4,2400,0.8,376,72.9,21.74,0.43,1.15,0.058,11.71
3.0,0.7,1.5,4.5,0.6,2400,0.4,321,81.0,18.68,0.26,1.12,0.058,15.12
3.0,0.7,1.5,4.5,0.6,2400,0.8,376,72.9,21.74,0.43,1.15,0.058,11.71
3.0,0.7,1.5,4.5,0.8,2400,0.4,321,81.0,18.68,0.26,1.12,0.058,15.12
3.0,0.7,1.5,4.5,0.8,2400,0.8,376,72.9,21.74,0.43,1.15,0.058,11.71
4.0,1.0,2.5,3.0,0.4,2400,0.4,260,79.6,15.12,0.28,1.09,0.058,21.17
4.0,1.0,2.5,3.0,0.6,2400,0.4,260,79.6,15.12,0.28,1.09,0.058,21.17
4.0,1.0,2.5,3.0,0.8,2400,0.4,260,79.6,15.12,0.28,1.09,0.058,21.17
4.0,1.0,2.5,4.5,0.4,2400,0.4,260,79.6,15.12,0.28,1.09,0.058,21.62
4.0,1.0,2.5,4.5,0.6,2400,0.4,260,79.6,15.12,0.28,1.09,0.058,21.62
4.0,1.0,2.5,4.5,0.8,2400,0.4,260,79.6,15.12,0.28,1.09,0.058,21.62
5.0,1.0,1.5,4.5,0.4,1200,0.2,227,83.7,13.27,0.21,1.08,0.058,27.55
5.0,1.0,1.5,4.5,0.6,1200,0.2,227,83.7,13.27,0.21,1.08,0.058,27.55
5.0,1.0,1.5,4.5,0.8,1200,0.2,227,83.7,13.27,0.21,1.08,0.058,27.55
2.0,0.7,1.5,3.0,0.4,3600,0.4,344,75.6,19.73,0.36,1.12,0.057,12.39
2.0,0.7,1.5,3.0,0.6,3600,0.4,344,75.6,19.73,0.36,1.12,0.057,12.39
2.0,0.7,1.5,3.0,0.8,3600,0.4,344,75.6,19.73,0.36,1.12,0.057,12.39
3.0,0.7,1.5,3.0,0.4,3600,0.4,309,81.9,17.6,0.25,1.11,0.057,18.63
3.0,0.7,1.5,3.0,0.6,3600,0.4,309,81.9,17.6,0.25,1.11,0.057,18.63
3.0,0.7,1.5,3.0,0.8,3600,0.4,309,81.9,17.6,0.25,1.11,0.057,18.63
3.0,1.0,2.5,3.0,0.4,1200,0.4,314,73.2,17.98,0.4,1.1,0.057,16.71
3.0,1.0,2.5,3.0,0.6,1200,0.4,314,73.2,17.98,0.4,1.1,0.057,16.71
3.0,1.0,2.5,3.0,0.8,1200,0.4,314,73.2,17.98,0.4,1.1,0.057,16.71
3.0,1.0,2.5,4.5,0.4,1200,0.4,314,73.2,17.98,0.4,1.1,0.057,17.01
3.0,1.0,2.5,4.5,0.6,1200,0.4,314,73.2,17.98,0.4,1.1,0.057,17.01
3.0,1.0,2.5,4.5,0.8,1200,0.4,314,73.2,17.98,0.4,1.1,0.057,17.01
4.0,1.0,2.5,3.0,0.4,1200,0.2,247,81.4,14.07,0.25,1.08,0.057,25.95
4.0,1.0,2.5,3.0,0.4,3600,0.4,246,80.9,13.92,0.25,1.08,0.057,25.95
4.0,1.0,2.5,3.0,0.6,1200,0.2,247,81.4,14.07,0.25,1.08,0.057,25.95
4.0,1.0,2.5,3.0,0.6,3600,0.4,246,80.9,13.92,0.25,1.08,0.057,25.95
4.0,1.0,2.5,3.0,0.8,1200,0.2,247,81.4,14.07,0.25,1.08,0.057,25.95
4.0,1.0,2.5,3.0,0.8,3600,0.4,246,80.9,13.92,0.25,1.08,0.057,25.95
4.0,1.0,2.5,4.5,0.4,1200,0.2,247,81.4,14.07,0.25,1.08,0.057,26.4
4.0,1.0,2.5,4.5,0.4,3600,0.4,246,80.9,13.92,0.25,1.08,0.057,26.4
4.0,1.0,2.5,4.5,0.6,1200,0.2,247,81.4,14.07,0.25,1.08,0.057,26.4
4.0,1.0,2.5,4.5,0.6,3600,0.4,246,80.9,13.92,0.25,1.08,0.057,26.4
4.0,1.0,2.5,4.5,0.8,1200,0.2,247,81.4,14.07,0.25,1.08,0.057,26.4
4.0,1.0,2.5,4.5,0.8,3600,0.4,246,80.9,13.92,0.25,1.08,0.057,26.4
5.0,1.0,1.5,3.0,0.4,7200,0.4,225,83.6,12.89,0.21,1.07,0.057,24.35
5.0,1.0,1.5,3.0,0.6,7200,0.4,225,83.6,12.89,0.21,1.07,0.057,24.35
5.0,1.0,1.5,3.0,0.8,7200,0.4,225,83.6,12.89,0.21,1.07,0.057,24.35
3.0,0.7,1.5,4.5,0.4,1200,0.4,347,77.2,19.38,0.33,1.13,0.056,13.82
3.0,0.7,1.5,4.5,0.6,1200,0.4,347,77.2,19.38,0.33,1.13,0.056,13.82
3.0,0.7,1.5,4.5,0.8,1200,0.4,347,77.2,19.38,0.33,1.13,0.056,13.82
5.0,1.0,1.5,3.0,0.4,3600,0.4,227,82.8,12.62,0.22,1.07,0.056,24.35
5.0,1.0,1.5,3.0,0.6,3600,0.4,227,82.8,12.62,0.22,1.07,0.056,24.35
5.0,1.0,1.5,3.0,0.8,3600,0.4,227,82.8,12.62,0.22,1.07,0.056,24.35
5.0,1.0,2.5,4.5,0.4,1200,0.4,252,79.8,14.07,0.28,1.09,0.056,23.01
5.0,1.0,2.5,4.5,0.6,1200,0.4,252,79.8,14.07,0.28,1.09,0.056,23.01
5.0,1.0,2.5,4.5,0.8,1200,0.4,252,79.8,14.07,0.28,1.09,0.056,23.01
2.0,0.7,1.5,3.0,0.4,14400,0.8,348,74.7,19.21,0.38,1.12,0.055,12.39
2.0,0.7,1.5,3.0,0.6,14400,0.8,348,74.7,19.21,0.38,1.12,0.055,12.39
2.0,0.7,1.5,3.0,0.8,14400,0.8,348,74.7,19.21,0.38,1.12,0.055,12.39
2.0,0.7,1.5,4.5,0.4,7200,0.4,342,76.0,18.83,0.35,1.12,0.055,12.39
2.0,0.7,1.5,4.5,0.6,7200,0.4,342,76.0,18.83,0.35,1.12,0.055,12.39
2.0,0.7,1.5,4.5,0.8,7200,0.4,342,76.0,18.83,0.35,1.12,0.055,12.39
3.0,0.7,1.5,3.0,0.4,14400,0.8,313,80.8,17.08,0.26,1.11,0.055,18.63
3.0,0.7,1.5,3.0,0.6,14400,0.8,313,80.8,17.08,0.26,1.11,0.055,18.63
3.0,0.7,1.5,3.0,0.8,14400,0.8,313,80.8,17.08,0.26,1.11,0.055,18.63
3.0,0.7,1.5,4.5,0.4,2400,0.2,305,82.6,16.86,0.23,1.11,0.055,18.63
3.0,0.7,1.5,4.5,0.4,3600,0.2,305,82.6,16.86,0.23,1.11,0.055,18.63
3.0,0.7,1.5,4.5,0.4,7200,0.2,305,82.6,16.86,0.23,1.11,0.055,18.63
3.0,0.7,1.5,4.5,0.4,14400,0.2,305,82.6,16.86,0.23,1.11,0.055,18.63
3.0,0.7,1.5,4.5,0.4,14400,0.4,305,82.6,16.86,0.23,1.11,0.055,18.63
3.0,0.7,1.5,4.5,0.4,,0.4,305,82.6,16.86,0.23,1.11,0.055,18.63
3.0,0.7,1.5,4.5,0.6,2400,0.2,305,82.6,16.86,0.23,1.11,0.055,18.63
3.0,0.7,1.5,4.5,0.6,3600,0.2,305,82.6,16.86,0.23,1.11,0.055,18.63
3.0,0.7,1.5,4.5,0.6,7200,0.2,305,82.6,16.86,0.23,1.11,0.055,18.63
3.0,0.7,1.5,4.5,0.6,14400,0.2,305,82.6,16.86,0.23,1.11,0.055,18.63
3.0,0.7,1.5,4.5,0.6,14400,0.4,305,82.6,16.86,0.23,1.11,0.055,18.63
3.0,0.7,1.5,4.5,0.6,,0.4,305,82.6,16.86,0.23,1.11,0.055,18.63
3.0,0.7,1.5,4.5,0.8,2400,0.2,305,82.6,16.86,0.23,1.11,0.055,18.63
3.0,0.7,1.5,4.5,0.8,3600,0.2,305,82.6,16.86,0.23,1.11,0.055,18.63
3.0,0.7,1.5,4.5,0.8,7200,0.2,305,82.6,16.86,0.23,1.11,0.055,18.63
3.0,0.7,1.5,4.5,0.8,14400,0.2,305,82.6,16.86,0.23,1.11,0.055,18.63
3.0,0.7,1.5,4.5,0.8,14400,0.4,305,82.6,16.86,0.23,1.11,0.055,18.63
3.0,0.7,1.5,4.5,0.8,,0.4,305,82.6,16.86,0.23,1.11,0.055,18.63
2.0,0.7,1.5,3.0,0.4,2400,0.2,341,76.0,18.34,0.35,1.11,0.054,12.39
2.0,0.7,1.5,3.0,0.4,3600,0.2,341,76.0,18.34,0.35,1.11,0.054,12.39
2.0,0.7,1.5,3.0,0.4,7200,0.2,341,76.0,18.34,0.35,1.11,0.054,12.39
2.0,0.7,1.5,3.0,0.4,14400,0.2,341,76.0,18.34,0.35,1.11,0.054,12.39
2.0,0.7,1.5,3.0,0.4,14400,0.4,341,76.0,18.34,0.35,1.11,0.054,12.39
2.0,0.7,1.5,3.0,0.4,,0.4,341,76.0,18.34,0.35,1.11,0.054,12.39
2.0,0.7,1.5,3.0,0.6,2400,0.2,341,76.0,18.34,0.35,1.11,0.054,12.39
2.0,0.7,1.5,3.0,0.6,3600,0.2,341,76.0,18.34,0.35,1.11,0.054,12.39
2.0,0.7,1.5,3.0,0.6,7200,0.2,341,76.0,18.34,0.35,1.11,0.054,12.39
2.0,0.7,1.5,3.0,0.6,14400,0.2,341,76.0,18.34,0.35,1.11,0.054,12.39
2.0,0.7,1.5,3.0,0.6,14400,0.4,341,76.0,18.34,0.35,1.11,0.054,12.39
2.0,0.7,1.5,3.0,0.6,,0.4,341,76.0,18.34,0.35,1.11,0.054,12.39
2.0,0.7,1.5,3.0,0.8,2400,0.2,341,76.0,18.34,0.35,1.11,0.054,12.39
2.0,0.7,1.5,3.0,0.8,3600,0.2,341,76.0,18.34,0.35,1.11,0.054,12.39
2.0,0.7,1.5,3.0,0.8,7200,0.2,341,76.0,18.34,0.35,1.11,0.054,12.39
2.0,0.7,1.5,3.0,0.8,14400,0.2,341,76.0,18.34,0.35,1.11,0.054,12.39
2.0,0.7,1.5,3.0,0.8,14400,0.4,341,76.0,18.34,0.35,1.11,0.054,12.39
2.0,0.7,1.5,3.0,0.8,,0.4,341,76.0,18.34,0.35,1.11,0.054,12.39
3.0,0.7,1.5,4.5,0.4,7200,0.4,307,82.4,16.7,0.24,1.1,0.054,18.63
3.0,0.7,1.5,4.5,0.6,7200,0.4,307,82.4,16.7,0.24,1.1,0.054,18.63
3.0,0.7,1.5,4.5,0.8,7200,0.4,307,82.4,16.7,0.24,1.1,0.054,18.63
4.0,0.7,2.5,4.5,0.4,1200,0.4,314,80.3,17.05,0.28,1.12,0.054,17.8
4.0,0.7,2.5,4.5,0.6,1200,0.4,314,80.3,17.05,0.28,1.12,0.054,17.8
4.0,0.7,2.5,4.5,0.8,1200,0.4,314,80.3,17.05,0.28,1.12,0.054,17.8
2.0,0.7,1.5,4.5,0.4,3600,0.4,344,75.6,18.38,0.36,1.11,0.053,12.39
2.0,0.7,1.5,4.5,0.6,3600,0.4,344,75.6,18.38,0.36,1.11,0.053,12.39
2.0,0.7,1.5,4.5,0.8,3600,0.4,344,75.6,18.38,0.36,1.11,0.053,12.39
3.0,0.7,1.5,4.5,0.4,3600,0.4,309,81.9,16.25,0.24,1.1,0.053,18.63
3.0,0.7,1.5,4.5,0.6,3600,0.4,309,81.9,16.25,0.24,1.1,0.053,18.63
3.0,0.7,1.5,4.5,0.8,3600,0.4,309,81.9,16.25,0.24,1.1,0.053,18.63
2.0,0.7,2.5,4.5,0.4,2400,0.4,359,75.5,18.59,0.36,1.12,0.052,12.33
2.0,0.7,2.5,4.5,0.6,2400,0.4,359,75.5,18.59,0.36,1.12,0.052,12.33
2.0,0.7,2.5,4.5,0.8,2400,0.4,359,75.5,18.59,0.36,1.12,0.052,12.33
3.0,1.0,2.5,3.0,0.4,2400,0.2,272,77.2,14.25,0.32,1.08,0.052,22.2
3.0,1.0,2.5,3.0,0.4,3600,0.2,272,77.2,14.25,0.32,1.08,0.052,22.2
3.0,1.0,2.5,3.0,0.4,7200,0.2,272,77.2,14.25,0.32,1.08,0.052,22.2
3.0,1.0,2.5,3.0,0.4,14400,0.2,272,77.2,14.25,0.32,1.08,0.052,22.2
3.0,1.0,2.5,3.0,0.4,14400,0.4,272,77.2,14.25,0.32,1.08,0.052,22.2
3.0,1.0,2.5,3.0,0.4,,0.4,272,77.2,14.25,0.32,1.08,0.052,22.2
3.0,1.0,2.5,3.0,0.6,2400,0.2,272,77.2,14.25,0.32,1.08,0.052,22.2
3.0,1.0,2.5,3.0,0.6,3600,0.2,272,77.2,14.25,0.32,1.08,0.052,22.2
3.0,1.0,2.5,3.0,0.6,7200,0.2,272,77.2,14.25,0.32,1.08,0.052,22.2
3.0,1.0,2.5,3.0,0.6,14400,0.2,272,77.2,14.25,0.32,1.08,0.052,22.2
3.0,1.0,2.5,3.0,0.6,14400,0.4,272,77.2,14.25,0.32,1.08,0.052,22.2
3.0,1.0,2.5,3.0,0.6,,0.4,272,77.2,14.25,0.32,1.08,0.052,22.2
3.0,1.0,2.5,3.0,0.8,2400,0.2,272,77.2,14.25,0.32,1.08,0.052,22.2
3.0,1.0,2.5,3.0,0.8,3600,0.2,272,77.2,14.25,0.32,1.08,0.052,22.2
3.0,1.0,2.5,3.0,0.8,7200,0.2,272,77.2,14.25,0.32,1.08,0.052,22.2
3.0,1.0,2.5,3.0,0.8,14400,0.2,272,77.2,14.25,0.32,1.08,0.052,22.2
3.0,1.0,2.5,3.0,0.8,14400,0.4,272,77.2,14.25,0.32,1.08,0.052,22.2
3.0,1.0,2.5,3.0,0.8,,0.4,272,77.2,14.25,0.32,1.08,0.052,22.2
3.0,1.0,2.5,4.5,0.4,2400,0.2,272,77.2,14.25,0.32,1.08,0.052,22.5
3.0,1.0,2.5,4.5,0.4,3600,0.2,272,77.2,14.25,0.32,1.08,0.052,22.5
3.0,1.0,2.5,4.5,0.4,7200,0.2,272,77.2,14.25,0.32,1.08,0.052,22.5
3.0,1.0,2.5,4.5,0.4,14400,0.2,272,77.2,14.25,0.32,1.08,0.052,22.5
3.0,1.0,2.5,4.5,0.4,14400,0.4,272,77.2,14.25,0.32,1.08,0.052,22.5
3.0,1.0,2.5,4.5,0.4,,0.4,272,77.2,14.25,0.32,1.08,0.052,22.5
3.0,1.0,2.5,4.5,0.6,2400,0.2,272,77.2,14.25,0.32,1.08,0.052,22.5
3.0,1.0,2.5,4.5,0.6,3600,0.2,272,77.2,14.25,0.32,1.08,0.052,22.5
3.0,1.0,2.5,4.5,0.6,7200,0.2,272,77.2,14.25,0.32,1.08,0.052,22.5
3.0,1.0,2.5,4.5,0.6,14400,0.2,272,77.2,14.25,0.32,1.08,0.052,22.5
3.0,1.0,2.5,4.5,0.6,14400,0.4,272,77.2,14.25,0.32,1.08,0.052,22.5
3.0,1.0,2.5,4.5,0.6,,0.4,272,77.2,14.25,0.32,1.08,0.052,22.5
3.0,1.0,2.5,4.5,0.8,2400,0.2,272,77.2,14.25,0.32,1.08,0.052,22.5
3.0,1.0,2.5,4.5,0.8,3600,0.2,272,77.2,14.25,0.32,1.08,0.052,22.5
3.0,1.0,2.5,4.5,0.8,7200,0.2,272,77.2,14.25,0.32,1.08,0.052,22.5
3.0,1.0,2.5,4.5,0.8,14400,0.2,272,77.2,14.25,0.32,1.08,0.052,22.5
3.0,1.0,2.5,4.5,0.8,14400,0.4,272,77.2,14.25,0.32,1.08,0.052,22.5
3.0,1.0,2.5,4.5,0.8,,0.4,272,77.2,14.25,0.32,1.08,0.052,22.5
5.0,1.0,2.5,3.0,0.4,1200,0.4,252,79.8,13.17,0.27,1.08,0.052,22.11
5.0,1.0,2.5,3.0,0.6,1200,0.4,252,79.8,13.17,0.27,1.08,0.052,22.11
5.0,1.0,2.5,3.0,0.8,1200,0.4,252,79.8,13.17,0.27,1.08,0.052,22.11
2.0,0.7,1.5,4.5,0.4,14400,0.8,348,74.7,17.86,0.38,1.11,0.051,12.39
2.0,0.7,1.5,4.5,0.6,14400,0.8,348,74.7,17.86,0.38,1.11,0.051,12.39
2.0,0.7,1.5,4.5,0.8,14400,0.8,348,74.7,17.86,0.38,1.11,0.051,12.39
2.0,0.7,2.5,3.0,0.4,2400,0.4,359,75.5,18.14,0.36,1.12,0.051,12.33
2.0,0.7,2.5,3.0,0.6,2400,0.4,359,75.5,18.14,0.36,1.12,0.051,12.33
2.0,0.7,2.5,3.0,0.8,2400,0.4,359,75.5,18.14,0.36,1.12,0.051,12.33
3.0,0.7,1.5,3.0,0.4,1200,0.2,310,81.6,15.95,0.25,1.1,0.051,18.63
3.0,0.7,1.5,3.0,0.6,1200,0.2,310,81.6,15.95,0.25,1.1,0.051,18.63
3.0,0.7,1.5,3.0,0.8,1200,0.2,310,81.6,15.95,0.25,1.1,0.051,18.63
4.0,1.0,1.5,3.0,0.4,7200,0.8,270,75.6,13.88,0.35,1.08,0.051,24.99
4.0,1.0,1.5,3.0,0.6,7200,0.8,270,75.6,13.88,0.35,1.08,0.051,24.99
4.0,1.0,1.5,3.0,0.8,7200,0.8,270,75.6,13.88,0.35,1.08,0.051,24.99
4.0,1.0,2.5,3.0,0.4,14400,0.8,247,80.2,12.62,0.27,1.07,0.051,25.95
4.0,1.0,2.5,3.0,0.6,14400,0.8,247,80.2,12.62,0.27,1.07,0.051,25.95
4.0,1.0,2.5,3.0,0.8,14400,0.8,247,80.2,12.62,0.27,1.07,0.051,25.95
4.0,1.0,2.5,4.5,0.4,14400,0.8,247,80.2,12.62,0.27,1.07,0.051,26.4
4.0,1.0,2.5,4.5,0.6,14400,0.8,247,80.2,12.62,0.27,1.07,0.051,26.4
4.0,1.0,2.5,4.5,0.8,14400,0.8,247,80.2,12.62,0.27,1.07,0.051,26.4
2.0,0.7,1.5,4.5,0.4,2400,0.2,341,76.0,16.99,0.35,1.1,0.05,12.39
2.0,0.7,1.5,4.5,0.4,3600,0.2,341,76.0,16.99,0.35,1.1,0.05,12.39
2.0,0.7,1.5,4.5,0.4,7200,0.2,341,76.0,16.99,0.35,1.1,0.05,12.39
2.0,0.7,1.5,4.5,0.4,14400,0.2,341,76.0,16.99,0.35,1.1,0.05,12.39
2.0,0.7,1.5,4.5,0.4,14400,0.4,341,76.0,16.99,0.35,1.1,0.05,12.39
2.0,0.7,1.5,4.5,0.4,,0.4,341,76.0,16.99,0.35,1.1,0.05,12.39
2.0,0.7,1.5,4.5,0.6,2400,0.2,341,76.0,16.99,0.35,1.1,0.05,12.39
2.0,0.7,1.5,4.5,0.6,3600,0.2,341,76.0,16.99,0.35,1.1,0.05,12.39
2.0,0.7,1.5,4.5,0.6,7200,0.2,341,76.0,16.99,0.35,1.1,0.05,12.39
2.0,0.7,1.5,4.5,0.6,14400,0.2,341,76.0,16.99,0.35,1.1,0.05,12.39
2.0,0.7,1.5,4.5,0.6,14400,0.4,341,76.0,16.99,0.35,1.1,0.05,12.39
2.0,0.7,1.5,4.5,0.6,,0.4,341,76.0,16.99,0.35,1.1,0.05,12.39
2.0,0.7,1.5,4.5,0.8,2400,0.2,341,76.0,16.99,0.35,1.1,0.05,12.39
2.0,0.7,1.5,4.5,0.8,3600,0.2,341,76.0,16.99,0.35,1.1,0.05,12.39
2.0,0.7,1.5,4.5,0.8,7200,0.2,341,76.0,16.99,0.35,1.1,0.05,12.39
2.0,0.7,1.5,4.5,0.8,14400,0.2,341,76.0,16.99,0.35,1.1,0.05,12.39
2.0,0.7,1.5,4.5,0.8,14400,0.4,341,76.0,16.99,0.35,1.1,0.05,12.39
2.0,0.7,1.5,4.5,0.8,,0.4,341,76.0,16.99,0.35,1.1,0.05,12.39
3.0,0.7,1.5,4.5,0.4,14400,0.8,313,80.8,15.73,0.26,1.1,0.05,18.63
3.0,0.7,1.5,4.5,0.6,14400,0.8,313,80.8,15.73,0.26,1.1,0.05,18.63
3.0,0.7,1.5,4.5,0.8,14400,0.8,313,80.8,15.73,0.26,1.1,0.05,18.63
3.0,1.0,1.5,3.0,0.4,1200,0.8,398,62.1,19.95,0.69,1.13,0.05,20.33
3.0,1.0,1.5,3.0,0.6,1200,0.8,398,62.1,19.95,0.69,1.13,0.05,20.33
3.0,1.0,1.5,3.0,0.8,1200,0.8,398,62.1,19.95,0.69,1.13,0.05,20.33
4.0,0.7,1.5,3.0,0.4,1200,0.8,393,66.7,19.47,0.57,1.15,0.05,16.28
4.0,0.7,1.5,3.0,0.6,1200,0.8,393,66.7,19.47,0.57,1.15,0.05,16.28
4.0,0.7,1.5,3.0,0.8,1200,0.8,393,66.7,19.47,0.57,1.15,0.05,16.28
4.0,0.7,1.5,4.5,0.4,1200,0.8,393,66.7,19.47,0.57,1.15,0.05,16.28
4.0,0.7,1.5,4.5,0.6,1200,0.8,393,66.7,19.47,0.57,1.15,0.05,16.28
4.0,0.7,1.5,4.5,0.8,1200,0.8,393,66.7,19.47,0.57,1.15,0.05,16.28
5.0,1.0,1.5,3.0,0.4,14400,0.8,228,82.0,11.32,0.23,1.06,0.05,24.35
5.0,1.0,1.5,3.0,0.6,14400,0.8,228,82.0,11.32,0.23,1.06,0.05,24.35
5.0,1.0,1.5,3.0,0.8,14400,0.8,228,82.0,11.32,0.23,1.06,0.05,24.35
4.0,0.7,2.5,3.0,0.4,1200,0.4,314,80.3,15.25,0.27,1.11,0.049,17.8
4.0,0.7,2.5,3.0,0.6,1200,0.4,314,80.3,15.25,0.27,1.11,0.049,17.8
4.0,0.7,2.5,3.0,0.8,1200,0.4,314,80.3,15.25,0.27,1.11,0.049,17.8
4.0,1.0,1.5,3.0,0.4,3600,0.8,288,74.7,14.19,0.37,1.08,0.049,21.33
4.0,1.0,1.5,3.0,0.6,3600,0.8,288,74.7,14.19,0.37,1.08,0.049,21.33
4.0,1.0,1.5,3.0,0.8,3600,0.8,288,74.7,14.19,0.37,1.08,0.049,21.33
3.0,1.0,2.5,3.0,0.4,7200,0.4,273,76.9,13.19,0.32,1.07,0.048,22.2
3.0,1.0,2.5,3.0,0.6,7200,0.4,273,76.9,13.19,0.32,1.07,0.048,22.2
3.0,1.0,2.5,3.0,0.8,7200,0.4,273,76.9,13.19,0.32,1.07,0.048,22.2
3.0,1.0,2.5,4.5,0.4,7200,0.4,273,76.9,13.19,0.32,1.07,0.048,22.5
3.0,1.0,2.5,4.5,0.6,7200,0.4,273,76.9,13.19,0.32,1.07,0.048,22.5
3.0,1.0,2.5,4.5,0.8,7200,0.4,273,76.9,13.19,0.32,1.07,0.048,22.5
5.0,1.0,2.5,4.5,0.4,2400,0.8,286,73.1,13.71,0.4,1.09,0.048,20.53
5.0,1.0,2.5,4.5,0.6,2400,0.8,286,73.1,13.71,0.4,1.09,0.048,20.53
5.0,1.0,2.5,4.5,0.8,2400,0.8,286,73.1,13.71,0.4,1.09,0.048,20.53
3.0,0.7,1.5,3.0,0.4,7200,0.8,337,77.4,15.95,0.32,1.1,0.047,18.63
3.0,0.7,1.5,3.0,0.6,7200,0.8,337,77.4,15.95,0.32,1.1,0.047,18.63
3.0,0.7,1.5,3.0,0.8,7200,0.8,337,77.4,15.95,0.32,1.1,0.047,18.63
3.0,0.7,1.5,4.5,0.4,1200,0.2,310,81.6,14.6,0.25,1.09,0.047,18.63
3.0,0.7,1.5,4.5,0.6,1200,0.2,310,81.6,14.6,0.25,1.09,0.047,18.63
3.0,0.7,1.5,4.5,0.8,1200,0.2,310,81.6,14.6,0.25,1.09,0.047,18.63
3.0,1.0,1.5,4.5,0.4,1200,0.8,398,62.1,18.6,0.68,1.12,0.047,20.33
3.0,1.0,1.5,4.5,0.6,1200,0.8,398,62.1,18.6,0.68,1.12,0.047,20.33
3.0,1.0,1.5,4.5,0.8,1200,0.8,398,62.1,18.6,0.68,1.12,0.047,20.33
4.0,0.7,2.5,4.5,0.4,2400,0.8,343,74.9,15.98,0.37,1.12,0.047,15.8
4.0,0.7,2.5,4.5,0.6,2400,0.8,343,74.9,15.98,0.37,1.12,0.047,15.8
4.0,0.7,2.5,4.5,0.8,2400,0.8,343,74.9,15.98,0.37,1.12,0.047,15.8
2.0,0.7,1.5,3.0,0.4,1200,0.2,346,75.1,16.08,0.36,1.1,0.046,12.39
2.0,0.7,1.5,3.0,0.6,1200,0.2,346,75.1,16.08,0.36,1.1,0.046,12.39
2.0,0.7,1.5,3.0,0.8,1200,0.2,346,75.1,16.08,0.36,1.1,0.046,12.39
2.0,0.7,2.5,4.5,0.4,1200,0.4,379,72.3,17.33,0.43,1.12,0.046,12.33
2.0,0.7,2.5,4.5,0.6,1200,0.4,379,72.3,17.33,0.43,1.12,0.046,12.33
2.0,0.7,2.5,4.5,0.8,1200,0.4,379,72.3,17.33,0.43,1.12,0.046,12.33
4.0,0.7,2.5,4.5,0.4,2400,0.4,292,84.2,13.36,0.2,1.09,0.046,20.06
4.0,0.7,2.5,4.5,0.4,7200,0.8,308,81.2,14.1,0.25,1.09,0.046,22.99
4.0,0.7,2.5,4.5,0.6,2400,0.4,292,84.2,13.36,0.2,1.09,0.046,20.06
4.0,0.7,2.5,4.5,0.6,7200,0.8,308,81.2,14.1,0.25,1.09,0.046,22.99
4.0,0.7,2.5,4.5,0.8,2400,0.4,292,84.2,13.36,0.2,1.09,0.046,20.06
4.0,0.7,2.5,4.5,0.8,7200,0.8,308,81.2,14.1,0.25,1.09,0.046,22.99
2.0,0.7,2.5,3.0,0.4,1200,0.4,379,72.3,16.88,0.43,1.11,0.045,12.33
2.0,0.7,2.5,3.0,0.6,1200,0.4,379,72.3,16.88,0.43,1.11,0.045,12.33
2.0,0.7,2.5,3.0,0.8,1200,0.4,379,72.3,16.88,0.43,1.11,0.045,12.33
3.0,1.0,2.5,3.0,0.4,3600,0.4,275,76.4,12.47,0.33,1.07,0.045,22.2
3.0,1.0,2.5,3.0,0.6,3600,0.4,275,76.4,12.47,0.33,1.07,0.045,22.2
3.0,1.0,2.5,3.0,0.8,3600,0.4,275,76.4,12.47,0.33,1.07,0.045,22.2
3.0,1.0,2.5,4.5,0.4,3600,0.4,275,76.4,12.47,0.33,1.07,0.045,22.5
3.0,1.0,2.5,4.5,0.6,3600,0.4,275,76.4,12.47,0.33,1.07,0.045,22.5
3.0,1.0,2.5,4.5,0.8,3600,0.4,275,76.4,12.47,0.33,1.07,0.045,22.5
4.0,0.7,2.5,4.5,0.4,3600,0.8,328,78.7,14.8,0.3,1.1,0.045,18.53
4.0,0.7,2.5,4.5,0.6,3600,0.8,328,78.7,14.8,0.3,1.1,0.045,18.53
4.0,0.7,2.5,4.5,0.8,3600,0.8,328,78.7,14.8,0.3,1.1,0.045,18.53
5.0,1.0,2.5,3.0,0.4,2400,0.4,237,81.9,10.77,0.24,1.06,0.045,20.82
5.0,1.0,2.5,3.0,0.6,2400,0.4,237,81.9,10.77,0.24,1.06,0.045,20.82
5.0,1.0,2.5,3.0,0.8,2400,0.4,237,81.9,10.77,0.24,1.06,0.045,20.82
2.0,0.7,2.5,4.5,0.4,2400,0.8,404,68.1,17.67,0.53,1.12,0.044,12.33
2.0,0.7,2.5,4.5,0.6,2400,0.8,404,68.1,17.67,0.53,1.12,0.044,12.33
2.0,0.7,2.5,4.5,0.8,2400,0.8,404,68.1,17.67,0.53,1.12,0.044,12.33
3.0,1.0,1.5,3.0,0.4,7200,0.8,298,71.1,13.06,0.43,1.07,0.044,19.65
3.0,1.0,1.5,3.0,0.6,7200,0.8,298,71.1,13.06,0.43,1.07,0.044,19.65
3.0,1.0,1.5,3.0,0.8,7200,0.8,298,71.1,13.06,0.43,1.07,0.044,19.65
5.0,1.0,1.5,4.5,0.4,2400,0.2,224,83.9,9.9,0.2,1.06,0.044,27.55
5.0,1.0,1.5,4.5,0.4,3600,0.2,224,83.9,9.9,0.2,1.06,0.044,27.55
5.0,1.0,1.5,4.5,0.4,7200,0.2,224,83.9,9.9,0.2,1.06,0.044,27.55
5.0,1.0,1.5,4.5,0.4,14400,0.2,224,83.9,9.9,0.2,1.06,0.044,27.55
5.0,1.0,1.5,4.5,0.4,14400,0.4,224,83.9,9.9,0.2,1.06,0.044,27.55
5.0,1.0,1.5,4.5,0.4,,0.4,224,83.9,9.9,0.2,1.06,0.044,27.55
5.0,1.0,1.5,4.5,0.6,2400,0.2,224,83.9,9.9,0.2,1.06,0.044,27.55
5.0,1.0,1.5,4.5,0.6,3600,0.2,224,83.9,9.9,0.2,1.06,0.044,27.55
5.0,1.0,1.5,4.5,0.6,7200,0.2,224,83.9,9.9,0.2,1.06,0.044,27.55
5.0,1.0,1.5,4.5,0.6,14400,0.2,224,83.9,9.9,0.2,1.06,0.044,27.55
5.0,1.0,1.5,4.5,0.6,14400,0.4,224,83.9,9.9,0.2,1.06,0.044,27.55
5.0,1.0,1.5,4.5,0.6,,0.4,224,83.9,9.9,0.2,1.06,0.044,27.55
5.0,1.0,1.5,4.5,0.8,2400,0.2,224,83.9,9.9,0.2,1.06,0.044,27.55
5.0,1.0,1.5,4.5,0.8,3600,0.2,224,83.9,9.9,0.2,1.06,0.044,27.55
5.0,1.0,1.5,4.5,0.8,7200,0.2,224,83.9,9.9,0.2,1.06,0.044,27.55
5.0,1.0,1.5,4.5,0.8,14400,0.2,224,83.9,9.9,0.2,1.06,0.044,27.55
5.0,1.0,1.5,4.5,0.8,14400,0.4,224,83.9,9.9,0.2,1.06,0.044,27.55
5.0,1.0,1.5,4.5,0.8,,0.4,224,83.9,9.9,0.2,1.06,0.044,27.55
5.0,1.0,2.5,4.5,0.4,2400,0.4,237,81.9,10.32,0.24,1.06,0.044,21.72
5.0,1.0,2.5,4.5,0.6,2400,0.4,237,81.9,10.32,0.24,1.06,0.044,21.72
5.0,1.0,2.5,4.5,0.8,2400,0.4,237,81.9,10.32,0.24,1.06,0.044,21.72
2.0,0.7,1.5,3.0,0.4,1200,0.8,441,61.9,19.17,0.7,1.14,0.043,8.71
2.0,0.7,1.5,3.0,0.6,1200,0.8,441,61.9,19.17,0.7,1.14,0.043,8.71
2.0,0.7,1.5,3.0,0.8,1200,0.8,441,61.9,19.17,0.7,1.14,0.043,8.71
2.0,0.7,1.5,4.5,0.4,1200,0.2,346,75.1,14.73,0.36,1.09,0.043,12.39
2.0,0.7,1.5,4.5,0.6,1200,0.2,346,75.1,14.73,0.36,1.09,0.043,12.39
2.0,0.7,1.5,4.5,0.8,1200,0.2,346,75.1,14.73,0.36,1.09,0.043,12.39
2.0,0.7,2.5,3.0,0.4,2400,0.8,404,68.1,17.22,0.53,1.12,0.043,12.33
2.0,0.7,2.5,3.0,0.6,2400,0.8,404,68.1,17.22,0.53,1.12,0.043,12.33
2.0,0.7,2.5,3.0,0.8,2400,0.8,404,68.1,17.22,0.53,1.12,0.043,12.33
2.0,0.7,2.5,4.5,0.4,3600,0.8,393,71.2,16.97,0.45,1.11,0.043,14.24
2.0,0.7,2.5,4.5,0.6,3600,0.8,393,71.2,16.97,0.45,1.11,0.043,14.24
2.0,0.7,2.5,4.5,0.8,3600,0.8,393,71.2,16.97,0.45,1.11,0.043,14.24
2.0,1.0,2.5,4.5,0.4,1200,0.8,422,58.5,18.03,0.8,1.12,0.043,12.54
2.0,1.0,2.5,4.5,0.6,1200,0.8,422,58.5,18.03,0.8,1.12,0.043,12.54
2.0,1.0,2.5,4.5,0.8,1200,0.8,422,58.5,18.03,0.8,1.12,0.043,12.54
3.0,0.7,1.5,4.5,0.4,7200,0.8,337,77.4,14.6,0.32,1.09,0.043,18.63
3.0,0.7,1.5,4.5,0.6,7200,0.8,337,77.4,14.6,0.32,1.09,0.043,18.63
3.0,0.7,1.5,4.5,0.8,7200,0.8,337,77.4,14.6,0.32,1.09,0.043,18.63
4.0,1.0,2.5,4.5,0.4,1200,0.8,373,64.1,15.92,0.62,1.11,0.043,21.27
4.0,1.0,2.5,4.5,0.6,1200,0.8,373,64.1,15.92,0.62,1.11,0.043,21.27
4.0,1.0,2.5,4.5,0.8,1200,0.8,373,64.1,15.92,0.62,1.11,0.043,21.27
5.0,1.0,2.5,3.0,0.4,2400,0.8,286,73.1,12.36,0.4,1.08,0.043,20.08
5.0,1.0,2.5,3.0,0.6,2400,0.8,286,73.1,12.36,0.4,1.08,0.043,20.08
5.0,1.0,2.5,3.0,0.8,2400,0.8,286,73.1,12.36,0.4,1.08,0.043,20.08
5.0,1.0,2.5,4.5,0.4,1200,0.8,352,66.2,15.01,0.56,1.1,0.043,16.22
5.0,1.0,2.5,4.5,0.6,1200,0.8,352,66.2,15.01,0.56,1.1,0.043,16.22
5.0,1.0,2.5,4.5,0.8,1200,0.8,352,66.2,15.01,0.56,1.1,0.043,16.22
2.0,0.7,2.5,3.0,0.4,3600,0.8,393,71.2,16.52,0.45,1.11,0.042,14.24
2.0,0.7,2.5,3.0,0.6,3600,0.8,393,71.2,16.52,0.45,1.11,0.042,14.24
2.0,0.7,2.5,3.0,0.8,3600,0.8,393,71.2,16.52,0.45,1.11,0.042,14.24
2.0,1.0,2.5,3.0,0.4,1200,0.8,422,58.5,17.58,0.79,1.12,0.042,12.54
2.0,1.0,2.5,3.0,0.6,1200,0.8,422,58.5,17.58,0.79,1.12,0.042,12.54
2.0,1.0,2.5,3.0,0.8,1200,0.8,422,58.5,17.58,0.79,1.12,0.042,12.54
3.0,1.0,2.5,3.0,0.4,1200,0.2,277,76.2,11.69,0.33,1.06,0.042,22.2
3.0,1.0,2.5,3.0,0.4,14400,0.8,277,75.8,11.64,0.34,1.06,0.042,22.2
3.0,1.0,2.5,3.0,0.6,1200,0.2,277,76.2,11.69,0.33,1.06,0.042,22.2
3.0,1.0,2.5,3.0,0.6,14400,0.8,277,75.8,11.64,0.34,1.06,0.042,22.2
3.0,1.0,2.5,3.0,0.8,1200,0.2,277,76.2,11.69,0.33,1.06,0.042,22.2
3.0,1.0,2.5,3.0,0.8,14400,0.8,277,75.8,11.64,0.34,1.06,0.042,22.2
3.0,1.0,2.5,4.5,0.4,1200,0.2,277,76.2,11.69,0.33,1.06,0.042,22.5
3.0,1.0,2.5,4.5,0.4,14400,0.8,277,75.8,11.64,0.34,1.06,0.042,22.5
3.0,1.0,2.5,4.5,0.6,1200,0.2,277,76.2,11.69,0.33,1.06,0.042,22.5
3.0,1.0,2.5,4.5,0.6,14400,0.8,277,75.8,11.64,0.34,1.06,0.042,22.5
3.0,1.0,2.5,4.5,0.8,1200,0.2,277,76.2,11.69,0.33,1.06,0.042,22.5
3.0,1.0,2.5,4.5,0.8,14400,0.8,277,75.8,11.64,0.34,1.06,0.042,22.5
4.0,0.7,2.5,3.0,0.4,2400,0.8,343,74.9,14.18,0.37,1.1,0.041,15.8
4.0,0.7,2.5,3.0,0.6,2400,0.8,343,74.9,14.18,0.37,1.1,0.041,15.8
4.0,0.7,2.5,3.0,0.8,2400,0.8,343,74.9,14.18,0.37,1.1,0.041,15.8
4.0,1.0,1.5,4.5,0.4,7200,0.8,270,75.6,11.18,0.34,1.06,0.041,26.34
4.0,1.0,1.5,4.5,0.6,7200,0.8,270,75.6,11.18,0.34,1.06,0.041,26.34
4.0,1.0,1.5,4.5,0.8,7200,0.8,270,75.6,11.18,0.34,1.06,0.041,26.34
2.0,0.7,1.5,4.5,0.4,1200,0.8,441,61.9,17.82,0.7,1.13,0.04,8.71
2.0,0.7,1.5,4.5,0.6,1200,0.8,441,61.9,17.82,0.7,1.13,0.04,8.71
2.0,0.7,1.5,4.5,0.8,1200,0.8,441,61.9,17.82,0.7,1.13,0.04,8.71
4.0,0.7,2.5,3.0,0.4,2400,0.4,292,84.2,11.56,0.2,1.08,0.04,20.06
4.0,0.7,2.5,3.0,0.4,3600,0.8,328,78.7,13.0,0.3,1.09,0.04,18.53
4.0,0.7,2.5,3.0,0.4,7200,0.8,308,81.2,12.3,0.25,1.08,0.04,22.99
4.0,0.7,2.5,3.0,0.6,2400,0.4,292,84.2,11.56,0.2,1.08,0.04,20.06
4.0,0.7,2.5,3.0,0.6,3600,0.8,328,78.7,13.0,0.3,1.09,0.04,18.53
4.0,0.7,2.5,3.0,0.6,7200,0.8,308,81.2,12.3,0.25,1.08,0.04,22.99
4.0,0.7,2.5,3.0,0.8,2400,0.4,292,84.2,11.56,0.2,1.08,0.04,20.06
4.0,0.7,2.5,3.0,0.8,3600,0.8,328,78.7,13.0,0.3,1.09,0.04,18.53
4.0,0.7,2.5,3.0,0.8,7200,0.8,308,81.2,12.3,0.25,1.08,0.04,22.99
4.0,1.0,1.5,4.5,0.4,3600,0.8,288,74.7,11.49,0.36,1.06,0.04,21.33
4.0,1.0,1.5,4.5,0.6,3600,0.8,288,74.7,11.49,0.36,1.06,0.04,21.33
4.0,1.0,1.5,4.5,0.8,3600,0.8,288,74.7,11.49,0.36,1.06,0.04,21.33
3.0,0.7,2.5,4.5,0.4,2400,0.8,376,72.9,14.54,0.41,1.1,0.039,12.02
3.0,0.7,2.5,4.5,0.6,2400,0.8,376,72.9,14.54,0.41,1.1,0.039,12.02
3.0,0.7,2.5,4.5,0.8,2400,0.8,376,72.9,14.54,0.41,1.1,0.039,12.02
3.0,1.0,2.5,3.0,0.4,3600,0.8,325,71.4,12.79,0.43,1.07,0.039,20.61
3.0,1.0,2.5,3.0,0.6,3600,0.8,325,71.4,12.79,0.43,1.07,0.039,20.61
3.0,1.0,2.5,3.0,0.8,3600,0.8,325,71.4,12.79,0.43,1.07,0.039,20.61
3.0,1.0,2.5,4.5,0.4,3600,0.8,325,71.4,12.79,0.43,1.07,0.039,21.06
3.0,1.0,2.5,4.5,0.6,3600,0.8,325,71.4,12.79,0.43,1.07,0.039,21.06
3.0,1.0,2.5,4.5,0.8,3600,0.8,325,71.4,12.79,0.43,1.07,0.039,21.06
5.0,0.7,2.5,4.5,0.4,1200,0.8,378,68.5,14.84,0.51,1.12,0.039,14.49
5.0,0.7,2.5,4.5,0.6,1200,0.8,378,68.5,14.84,0.51,1.12,0.039,14.49
5.0,0.7,2.5,4.5,0.8,1200,0.8,378,68.5,14.84,0.51,1.12,0.039,14.49
5.0,1.0,1.5,4.5,0.4,7200,0.4,225,83.6,8.84,0.21,1.05,0.039,27.55
5.0,1.0,1.5,4.5,0.6,7200,0.4,225,83.6,8.84,0.21,1.05,0.039,27.55
5.0,1.0,1.5,4.5,0.8,7200,0.4,225,83.6,8.84,0.21,1.05,0.039,27.55
4.0,1.0,2.5,3.0,0.4,1200,0.8,373,64.1,14.12,0.61,1.09,0.038,21.27
4.0,1.0,2.5,3.0,0.6,1200,0.8,373,64.1,14.12,0.61,1.09,0.038,21.27
4.0,1.0,2.5,3.0,0.8,1200,0.8,373,64.1,14.12,0.61,1.09,0.038,21.27
5.0,1.0,1.5,4.5,0.4,3600,0.4,227,82.8,8.57,0.22,1.05,0.038,27.55
5.0,1.0,1.5,4.5,0.6,3600,0.4,227,82.8,8.57,0.22,1.05,0.038,27.55
5.0,1.0,1.5,4.5,0.8,3600,0.4,227,82.8,8.57,0.22,1.05,0.038,27.55
5.0,1.0,2.5,3.0,0.4,1200,0.8,352,66.2,13.21,0.56,1.09,0.038,16.22
5.0,1.0,2.5,3.0,0.6,1200,0.8,352,66.2,13.21,0.56,1.09,0.038,16.22
5.0,1.0,2.5,3.0,0.8,1200,0.8,352,66.2,13.21,0.56,1.09,0.038,16.22
3.0,0.7,2.5,3.0,0.4,2400,0.8,376,72.9,14.09,0.41,1.1,0.037,12.02
3.0,0.7,2.5,3.0,0.6,2400,0.8,376,72.9,14.09,0.41,1.1,0.037,12.02
3.0,0.7,2.5,3.0,0.8,2400,0.8,376,72.9,14.09,0.41,1.1,0.037,12.02
4.0,0.7,2.5,4.5,0.4,2400,0.2,277,86.3,10.27,0.17,1.07,0.037,22.99
4.0,0.7,2.5,4.5,0.4,3600,0.2,277,86.3,10.27,0.17,1.07,0.037,22.99
4.0,0.7,2.5,4.5,0.4,7200,0.2,277,86.3,10.27,0.17,1.07,0.037,22.99
4.0,0.7,2.5,4.5,0.4,14400,0.2,277,86.3,10.27,0.17,1.07,0.037,22.99
4.0,0.7,2.5,4.5,0.4,14400,0.4,277,86.3,10.27,0.17,1.07,0.037,22.99
4.0,0.7,2.5,4.5,0.4,,0.4,277,86.3,10.27,0.17,1.07,0.037,22.99
4.0,0.7,2.5,4.5,0.6,2400,0.2,277,86.3,10.27,0.17,1.07,0.037,22.99
4.0,0.7,2.5,4.5,0.6,3600,0.2,277,86.3,10.27,0.17,1.07,0.037,22.99
4.0,0.7,2.5,4.5,0.6,7200,0.2,277,86.3,10.27,0.17,1.07,0.037,22.99
4.0,0.7,2.5,4.5,0.6,14400,0.2,277,86.3,10.27,0.17,1.07,0.037,22.99
4.0,0.7,2.5,4.5,0.6,14400,0.4,277,86.3,10.27,0.17,1.07,0.037,22.99
4.0,0.7,2.5,4.5,0.6,,0.4,277,86.3,10.27,0.17,1.07,0.037,22.99
4.0,0.7,2.5,4.5,0.8,2400,0.2,277,86.3,10.27,0.17,1.07,0.037,22.99
4.0,0.7,2.5,4.5,0.8,3600,0.2,277,86.3,10.27,0.17,1.07,0.037,22.99
4.0,0.7,2.5,4.5,0.8,7200,0.2,277,86.3,10.27,0.17,1.07,0.037,22.99
4.0,0.7,2.5,4.5,0.8,14400,0.2,277,86.3,10.27,0.17,1.07,0.037,22.99
4.0,0.7,2.5,4.5,0.8,14400,0.4,277,86.3,10.27,0.17,1.07,0.037,22.99
4.0,0.7,2.5,4.5,0.8,,0.4,277,86.3,10.27,0.17,1.07,0.037,22.99
3.0,0.7,2.5,4.5,0.4,2400,0.4,321,81.0,11.48,0.25,1.07,0.036,17.82
3.0,0.7,2.5,4.5,0.6,2400,0.4,321,81.0,11.48,0.25,1.07,0.036,17.82
3.0,0.7,2.5,4.5,0.8,2400,0.4,321,81.0,11.48,0.25,1.07,0.036,17.82
4.0,0.7,2.5,4.5,0.4,7200,0.4,279,86.0,10.11,0.17,1.07,0.036,22.99
4.0,0.7,2.5,4.5,0.6,7200,0.4,279,86.0,10.11,0.17,1.07,0.036,22.99
4.0,0.7,2.5,4.5,0.8,7200,0.4,279,86.0,10.11,0.17,1.07,0.036,22.99
3.0,0.7,1.5,3.0,0.4,1200,0.8,419,65.2,14.87,0.59,1.11,0.035,13.48
3.0,0.7,1.5,3.0,0.6,1200,0.8,419,65.2,14.87,0.59,1.11,0.035,13.48
3.0,0.7,1.5,3.0,0.8,1200,0.8,419,65.2,14.87,0.59,1.11,0.035,13.48
3.0,0.7,2.5,4.5,0.4,1200,0.4,347,77.2,12.18,0.32,1.08,0.035,13.82
3.0,0.7,2.5,4.5,0.4,3600,0.8,362,75.4,12.77,0.35,1.08,0.035,17.98
3.0,0.7,2.5,4.5,0.6,1200,0.4,347,77.2,12.18,0.32,1.08,0.035,13.82
3.0,0.7,2.5,4.5,0.6,3600,0.8,362,75.4,12.77,0.35,1.08,0.035,17.98
3.0,0.7,2.5,4.5,0.8,1200,0.4,347,77.2,12.18,0.32,1.08,0.035,13.82
3.0,0.7,2.5,4.5,0.8,3600,0.8,362,75.4,12.77,0.35,1.08,0.035,17.98
3.0,1.0,1.5,4.5,0.4,7200,0.8,298,71.1,10.36,0.43,1.05,0.035,20.4
3.0,1.0,1.5,4.5,0.6,7200,0.8,298,71.1,10.36,0.43,1.05,0.035,20.4
3.0,1.0,1.5,4.5,0.8,7200,0.8,298,71.1,10.36,0.43,1.05,0.035,20.4
3.0,0.7,2.5,3.0,0.4,1200,0.4,347,77.2,11.73,0.32,1.08,0.034,13.82
3.0,0.7,2.5,3.0,0.4,2400,0.4,321,81.0,11.03,0.25,1.07,0.034,17.82
3.0,0.7,2.5,3.0,0.4,3600,0.8,362,75.4,12.32,0.35,1.08,0.034,17.98
3.0,0.7,2.5,3.0,0.6,1200,0.4,347,77.2,11.73,0.32,1.08,0.034,13.82
3.0,0.7,2.5,3.0,0.6,2400,0.4,321,81.0,11.03,0.25,1.07,0.034,17.82
3.0,0.7,2.5,3.0,0.6,3600,0.8,362,75.4,12.32,0.35,1.08,0.034,17.98
3.0,0.7,2.5,3.0,0.8,1200,0.4,347,77.2,11.73,0.32,1.08,0.034,13.82
3.0,0.7,2.5,3.0,0.8,2400,0.4,321,81.0,11.03,0.25,1.07,0.034,17.82
3.0,0.7,2.5,3.0,0.8,3600,0.8,362,75.4,12.32,0.35,1.08,0.034,17.98
4.0,0.7,2.5,4.5,0.4,3600,0.4,281,85.4,9.66,0.18,1.06,0.034,22.99
4.0,0.7,2.5,4.5,0.6,3600,0.4,281,85.4,9.66,0.18,1.06,0.034,22.99
4.0,0.7,2.5,4.5,0.8,3600,0.4,281,85.4,9.66,0.18,1.06,0.034,22.99
5.0,0.7,2.5,3.0,0.4,1200,0.8,378,68.5,13.04,0.51,1.1,0.034,14.49
5.0,0.7,2.5,3.0,0.6,1200,0.8,378,68.5,13.04,0.51,1.1,0.034,14.49
5.0,0.7,2.5,3.0,0.8,1200,0.8,378,68.5,13.04,0.51,1.1,0.034,14.49
3.0,0.7,1.5,4.5,0.4,1200,0.8,419,65.2,13.52,0.59,1.1,0.032,13.48
3.0,0.7,1.5,4.5,0.6,1200,0.8,419,65.2,13.52,0.59,1.1,0.032,13.48
3.0,0.7,1.5,4.5,0.8,1200,0.8,419,65.2,13.52,0.59,1.1,0.032,13.48
3.0,0.7,2.5,4.5,0.4,2400,0.2,305,82.6,9.66,0.22,1.06,0.032,21.33
3.0,0.7,2.5,4.5,0.4,3600,0.2,305,82.6,9.66,0.22,1.06,0.032,21.33
3.0,0.7,2.5,4.5,0.4,7200,0.2,305,82.6,9.66,0.22,1.06,0.032,21.33
3.0,0.7,2.5,4.5,0.4,14400,0.2,305,82.6,9.66,0.22,1.06,0.032,21.33
3.0,0.7,2.5,4.5,0.4,14400,0.4,305,82.6,9.66,0.22,1.06,0.032,21.33
3.0,0.7,2.5,4.5,0.4,,0.4,305,82.6,9.66,0.22,1.06,0.032,21.33
3.0,0.7,2.5,4.5,0.6,2400,0.2,305,82.6,9.66,0.22,1.06,0.032,21.33
3.0,0.7,2.5,4.5,0.6,3600,0.2,305,82.6,9.66,0.22,1.06,0.032,21.33
3.0,0.7,2.5,4.5,0.6,7200,0.2,305,82.6,9.66,0.22,1.06,0.032,21.33
3.0,0.7,2.5,4.5,0.6,14400,0.2,305,82.6,9.66,0.22,1.06,0.032,21.33
3.0,0.7,2.5,4.5,0.6,14400,0.4,305,82.6,9.66,0.22,1.06,0.032,21.33
3.0,0.7,2.5,4.5,0.6,,0.4,305,82.6,9.66,0.22,1.06,0.032,21.33
3.0,0.7,2.5,4.5,0.8,2400,0.2,305,82.6,9.66,0.22,1.06,0.032,21.33
3.0,0.7,2.5,4.5,0.8,3600,0.2,305,82.6,9.66,0.22,1.06,0.032,21.33
3.0,0.7,2.5,4.5,0.8,7200,0.2,305,82.6,9.66,0.22,1.06,0.032,21.33
3.0,0.7,2.5,4.5,0.8,14400,0.2,305,82.6,9.66,0.22,1.06,0.032,21.33
3.0,0.7,2.5,4.5,0.8,14400,0.4,305,82.6,9.66,0.22,1.06,0.032,21.33
3.0,0.7,2.5,4.5,0.8,,0.4,305,82.6,9.66,0.22,1.06,0.032,21.33
4.0,0.7,2.5,4.5,0.4,14400,0.8,285,84.2,9.14,0.2,1.06,0.032,22.99
4.0,0.7,2.5,4.5,0.6,14400,0.8,285,84.2,9.14,0.2,1.06,0.032,22.99
4.0,0.7,2.5,4.5,0.8,14400,0.8,285,84.2,9.14,0.2,1.06,0.032,22.99
5.0,1.0,1.5,4.5,0.4,14400,0.8,228,82.0,7.27,0.23,1.04,0.032,27.55
5.0,1.0,1.5,4.5,0.6,14400,0.8,228,82.0,7.27,0.23,1.04,0.032,27.55
5.0,1.0,1.5,4.5,0.8,14400,0.8,228,82.0,7.27,0.23,1.04,0.032,27.55
3.0,0.7,2.5,4.5,0.4,7200,0.4,307,82.4,9.5,0.23,1.06,0.031,21.33
3.0,0.7,2.5,4.5,0.6,7200,0.4,307,82.4,9.5,0.23,1.06,0.031,21.33
3.0,0.7,2.5,4.5,0.8,7200,0.4,307,82.4,9.5,0.23,1.06,0.031,21.33
4.0,0.7,2.5,3.0,0.4,2400,0.2,277,86.3,8.47,0.17,1.06,0.031,22.99
4.0,0.7,2.5,3.0,0.4,3600,0.2,277,86.3,8.47,0.17,1.06,0.031,22.99
4.0,0.7,2.5,3.0,0.4,7200,0.2,277,86.3,8.47,0.17,1.06,0.031,22.99
4.0,0.7,2.5,3.0,0.4,14400,0.2,277,86.3,8.47,0.17,1.06,0.031,22.99
4.0,0.7,2.5,3.0,0.4,14400,0.4,277,86.3,8.47,0.17,1.06,0.031,22.99
4.0,0.7,2.5,3.0,0.4,,0.4,277,86.3,8.47,0.17,1.06,0.031,22.99
4.0,0.7,2.5,3.0,0.6,2400,0.2,277,86.3,8.47,0.17,1.06,0.031,22.99
4.0,0.7,2.5,3.0,0.6,3600,0.2,277,86.3,8.47,0.17,1.06,0.031,22.99
4.0,0.7,2.5,3.0,0.6,7200,0.2,277,86.3,8.47,0.17,1.06,0.031,22.99
4.0,0.7,2.5,3.0,0.6,14400,0.2,277,86.3,8.47,0.17,1.06,0.031,22.99
4.0,0.7,2.5,3.0,0.6,14400,0.4,277,86.3,8.47,0.17,1.06,0.031,22.99
4.0,0.7,2.5,3.0,0.6,,0.4,277,86.3,8.47,0.17,1.06,0.031,22.99
4.0,0.7,2.5,3.0,0.8,2400,0.2,277,86.3,8.47,0.17,1.06,0.031,22.99
4.0,0.7,2.5,3.0,0.8,3600,0.2,277,86.3,8.47,0.17,1.06,0.031,22.99
4.0,0.7,2.5,3.0,0.8,7200,0.2,277,86.3,8.47,0.17,1.06,0.031,22.99
4.0,0.7,2.5,3.0,0.8,14400,0.2,277,86.3,8.47,0.17,1.06,0.031,22.99
4.0,0.7,2.5,3.0,0.8,14400,0.4,277,86.3,8.47,0.17,1.06,0.031,22.99
4.0,0.7,2.5,3.0,0.8,,0.4,277,86.3,8.47,0.17,1.06,0.031,22.99
2.0,0.7,2.5,4.5,0.4,7200,0.8,368,72.6,10.96,0.4,1.07,0.03,14.55
2.0,0.7,2.5,4.5,0.6,7200,0.8,368,72.6,10.96,0.4,1.07,0.03,14.55
2.0,0.7,2.5,4.5,0.8,7200,0.8,368,72.6,10.96,0.4,1.07,0.03,14.55
3.0,0.7,2.5,3.0,0.4,2400,0.2,305,82.6,9.21,0.22,1.06,0.03,21.33
3.0,0.7,2.5,3.0,0.4,3600,0.2,305,82.6,9.21,0.22,1.06,0.03,21.33
3.0,0.7,2.5,3.0,0.4,7200,0.2,305,82.6,9.21,0.22,1.06,0.03,21.33
3.0,0.7,2.5,3.0,0.4,14400,0.2,305,82.6,9.21,0.22,1.06,0.03,21.33
3.0,0.7,2.5,3.0,0.4,14400,0.4,305,82.6,9.21,0.22,1.06,0.03,21.33
3.0,0.7,2.5,3.0,0.4,,0.4,305,82.6,9.21,0.22,1.06,0.03,21.33
3.0,0.7,2.5,3.0,0.6,2400,0.2,305,82.6,9.21,0.22,1.06,0.03,21.33
3.0,0.7,2.5,3.0,0.6,3600,0.2,305,82.6,9.21,0.22,1.06,0.03,21.33
3.0,0.7,2.5,3.0,0.6,7200,0.2,305,82.6,9.21,0.22,1.06,0.03,21.33
3.0,0.7,2.5,3.0,0.6,14400,0.2,305,82.6,9.21,0.22,1.06,0.03,21.33
3.0,0.7,2.5,3.0,0.6,14400,0.4,305,82.6,9.21,0.22,1.06,0.03,21.33
3.0,0.7,2.5,3.0,0.6,,0.4,305,82.6,9.21,0.22,1.06,0.03,21.33
3.0,0.7,2.5,3.0,0.8,2400,0.2,305,82.6,9.21,0.22,1.06,0.03,21.33
3.0,0.7,2.5,3.0,0.8,3600,0.2,305,82.6,9.21,0.22,1.06,0.03,21.33
3.0,0.7,2.5,3.0,0.8,7200,0.2,305,82.6,9.21,0.22,1.06,0.03,21.33
3.0,0.7,2.5,3.0,0.8,14400,0.2,305,82.6,9.21,0.22,1.06,0.03,21.33
3.0,0.7,2.5,3.0,0.8,14400,0.4,305,82.6,9.21,0.22,1.06,0.03,21.33
3.0,0.7,2.5,3.0,0.8,,0.4,305,82.6,9.21,0.22,1.06,0.03,21.33
4.0,0.7,2.5,3.0,0.4,7200,0.4,279,86.0,8.31,0.17,1.05,0.03,22.99
4.0,0.7,2.5,3.0,0.6,7200,0.4,279,86.0,8.31,0.17,1.05,0.03,22.99
4.0,0.7,2.5,3.0,0.8,7200,0.4,279,86.0,8.31,0.17,1.05,0.03,22.99
4.0,0.7,2.5,4.5,0.4,1200,0.2,281,85.4,8.52,0.18,1.06,0.03,23.66
4.0,0.7,2.5,4.5,0.6,1200,0.2,281,85.4,8.52,0.18,1.06,0.03,23.66
4.0,0.7,2.5,4.5,0.8,1200,0.2,281,85.4,8.52,0.18,1.06,0.03,23.66
2.0,0.7,2.5,3.0,0.4,7200,0.8,368,72.6,10.51,0.4,1.07,0.029,14.55
2.0,0.7,2.5,3.0,0.6,7200,0.8,368,72.6,10.51,0.4,1.07,0.029,14.55
2.0,0.7,2.5,3.0,0.8,7200,0.8,368,72.6,10.51,0.4,1.07,0.029,14.55
3.0,0.7,2.5,3.0,0.4,7200,0.4,307,82.4,9.05,0.23,1.06,0.029,21.33
3.0,0.7,2.5,3.0,0.6,7200,0.4,307,82.4,9.05,0.23,1.06,0.029,21.33
3.0,0.7,2.5,3.0,0.8,7200,0.4,307,82.4,9.05,0.23,1.06,0.029,21.33
3.0,0.7,2.5,4.5,0.4,3600,0.4,309,81.9,9.05,0.23,1.06,0.029,21.33
3.0,0.7,2.5,4.5,0.6,3600,0.4,309,81.9,9.05,0.23,1.06,0.029,21.33
3.0,0.7,2.5,4.5,0.8,3600,0.4,309,81.9,9.05,0.23,1.06,0.029,21.33
3.0,0.7,2.5,3.0,0.4,3600,0.4,309,81.9,8.6,0.23,1.05,0.028,21.33
3.0,0.7,2.5,3.0,0.6,3600,0.4,309,81.9,8.6,0.23,1.05,0.028,21.33
3.0,0.7,2.5,3.0,0.8,3600,0.4,309,81.9,8.6,0.23,1.05,0.028,21.33
4.0,0.7,2.5,3.0,0.4,3600,0.4,281,85.4,7.86,0.18,1.05,0.028,22.99
4.0,0.7,2.5,3.0,0.6,3600,0.4,281,85.4,7.86,0.18,1.05,0.028,22.99
4.0,0.7,2.5,3.0,0.8,3600,0.4,281,85.4,7.86,0.18,1.05,0.028,22.99
2.0,0.7,2.5,4.5,0.4,7200,0.4,342,76.0,9.29,0.33,1.06,0.027,14.55
2.0,0.7,2.5,4.5,0.6,7200,0.4,342,76.0,9.29,0.33,1.06,0.027,14.55
2.0,0.7,2.5,4.5,0.8,7200,0.4,342,76.0,9.29,0.33,1.06,0.027,14.55
3.0,0.7,2.5,4.5,0.4,14400,0.8,313,80.8,8.53,0.25,1.05,0.027,21.33
3.0,0.7,2.5,4.5,0.6,14400,0.8,313,80.8,8.53,0.25,1.05,0.027,21.33
3.0,0.7,2.5,4.5,0.8,14400,0.8,313,80.8,8.53,0.25,1.05,0.027,21.33
4.0,0.7,2.5,4.5,0.4,1200,0.8,393,66.7,10.65,0.54,1.08,0.027,17.0
4.0,0.7,2.5,4.5,0.6,1200,0.8,393,66.7,10.65,0.54,1.08,0.027,17.0
4.0,0.7,2.5,4.5,0.8,1200,0.8,393,66.7,10.65,0.54,1.08,0.027,17.0
2.0,0.7,2.5,3.0,0.4,7200,0.4,342,76.0,8.84,0.33,1.05,0.026,14.55
2.0,0.7,2.5,3.0,0.6,7200,0.4,342,76.0,8.84,0.33,1.05,0.026,14.55
2.0,0.7,2.5,3.0,0.8,7200,0.4,342,76.0,8.84,0.33,1.05,0.026,14.55
2.0,0.7,2.5,4.5,0.4,3600,0.4,344,75.6,8.84,0.34,1.05,0.026,14.55
2.0,0.7,2.5,4.5,0.6,3600,0.4,344,75.6,8.84,0.34,1.05,0.026,14.55
2.0,0.7,2.5,4.5,0.8,3600,0.4,344,75.6,8.84,0.34,1.05,0.026,14.55
3.0,0.7,2.5,3.0,0.4,14400,0.8,313,80.8,8.08,0.25,1.05,0.026,21.33
3.0,0.7,2.5,3.0,0.6,14400,0.8,313,80.8,8.08,0.25,1.05,0.026,21.33
3.0,0.7,2.5,3.0,0.8,14400,0.8,313,80.8,8.08,0.25,1.05,0.026,21.33
4.0,0.7,2.5,3.0,0.4,14400,0.8,285,84.2,7.34,0.2,1.05,0.026,22.99
4.0,0.7,2.5,3.0,0.6,14400,0.8,285,84.2,7.34,0.2,1.05,0.026,22.99
4.0,0.7,2.5,3.0,0.8,14400,0.8,285,84.2,7.34,0.2,1.05,0.026,22.99
5.0,1.0,1.5,3.0,0.4,7200,0.8,245,77.6,6.48,0.3,1.04,0.026,24.35
5.0,1.0,1.5,3.0,0.6,7200,0.8,245,77.6,6.48,0.3,1.04,0.026,24.35
5.0,1.0,1.5,3.0,0.8,7200,0.8,245,77.6,6.48,0.3,1.04,0.026,24.35
3.0,1.0,2.5,4.5,0.4,1200,0.8,398,62.1,10.05,0.65,1.06,0.025,20.78
3.0,1.0,2.5,4.5,0.6,1200,0.8,398,62.1,10.05,0.65,1.06,0.025,20.78
3.0,1.0,2.5,4.5,0.8,1200,0.8,398,62.1,10.05,0.65,1.06,0.025,20.78
5.0,1.0,2.5,3.0,0.4,1200,0.2,227,83.7,5.62,0.2,1.03,0.025,26.6
5.0,1.0,2.5,3.0,0.6,1200,0.2,227,83.7,5.62,0.2,1.03,0.025,26.6
5.0,1.0,2.5,3.0,0.8,1200,0.2,227,83.7,5.62,0.2,1.03,0.025,26.6
2.0,0.7,2.5,3.0,0.4,3600,0.4,344,75.6,8.39,0.34,1.05,0.024,14.55
2.0,0.7,2.5,3.0,0.6,3600,0.4,344,75.6,8.39,0.34,1.05,0.024,14.55
2.0,0.7,2.5,3.0,0.8,3600,0.4,344,75.6,8.39,0.34,1.05,0.024,14.55
2.0,0.7,2.5,4.5,0.4,14400,0.8,348,74.7,8.32,0.36,1.05,0.024,14.55
2.0,0.7,2.5,4.5,0.6,14400,0.8,348,74.7,8.32,0.36,1.05,0.024,14.55
2.0,0.7,2.5,4.5,0.8,14400,0.8,348,74.7,8.32,0.36,1.05,0.024,14.55
3.0,0.7,2.5,4.5,0.4,1200,0.2,310,81.6,7.4,0.24,1.05,0.024,21.33
3.0,0.7,2.5,4.5,0.6,1200,0.2,310,81.6,7.4,0.24,1.05,0.024,21.33
3.0,0.7,2.5,4.5,0.8,1200,0.2,310,81.6,7.4,0.24,1.05,0.024,21.33
3.0,1.0,2.5,3.0,0.4,1200,0.8,398,62.1,9.6,0.65,1.06,0.024,20.78
3.0,1.0,2.5,3.0,0.6,1200,0.8,398,62.1,9.6,0.65,1.06,0.024,20.78
3.0,1.0,2.5,3.0,0.8,1200,0.8,398,62.1,9.6,0.65,1.06,0.024,20.78
4.0,0.7,2.5,3.0,0.4,1200,0.2,281,85.4,6.72,0.18,1.04,0.024,23.66
4.0,0.7,2.5,3.0,0.6,1200,0.2,281,85.4,6.72,0.18,1.04,0.024,23.66
4.0,0.7,2.5,3.0,0.8,1200,0.2,281,85.4,6.72,0.18,1.04,0.024,23.66
2.0,0.7,2.5,3.0,0.4,14400,0.8,348,74.7,7.87,0.35,1.05,0.023,14.55
2.0,0.7,2.5,3.0,0.6,14400,0.8,348,74.7,7.87,0.35,1.05,0.023,14.55
2.0,0.7,2.5,3.0,0.8,14400,0.8,348,74.7,7.87,0.35,1.05,0.023,14.55
4.0,0.7,2.5,3.0,0.4,1200,0.8,393,66.7,8.85,0.53,1.07,0.023,17.0
4.0,0.7,2.5,3.0,0.6,1200,0.8,393,66.7,8.85,0.53,1.07,0.023,17.0
4.0,0.7,2.5,3.0,0.8,1200,0.8,393,66.7,8.85,0.53,1.07,0.023,17.0
5.0,1.0,2.5,4.5,0.4,1200,0.2,227,83.7,5.17,0.2,1.03,0.023,27.5
5.0,1.0,2.5,4.5,0.6,1200,0.2,227,83.7,5.17,0.2,1.03,0.023,27.5
5.0,1.0,2.5,4.5,0.8,1200,0.2,227,83.7,5.17,0.2,1.03,0.023,27.5
2.0,0.7,2.5,4.5,0.4,2400,0.2,341,76.0,7.45,0.33,1.05,0.022,14.55
2.0,0.7,2.5,4.5,0.4,3600,0.2,341,76.0,7.45,0.33,1.05,0.022,14.55
2.0,0.7,2.5,4.5,0.4,7200,0.2,341,76.0,7.45,0.33,1.05,0.022,14.55
2.0,0.7,2.5,4.5,0.4,14400,0.2,341,76.0,7.45,0.33,1.05,0.022,14.55
2.0,0.7,2.5,4.5,0.4,14400,0.4,341,76.0,7.45,0.33,1.05,0.022,14.55
2.0,0.7,2.5,4.5,0.4,,0.4,341,76.0,7.45,0.33,1.05,0.022,14.55
2.0,0.7,2.5,4.5,0.6,2400,0.2,341,76.0,7.45,0.33,1.05,0.022,14.55
2.0,0.7,2.5,4.5,0.6,3600,0.2,341,76.0,7.45,0.33,1.05,0.022,14.55
2.0,0.7,2.5,4.5,0.6,7200,0.2,341,76.0,7.45,0.33,1.05,0.022,14.55
2.0,0.7,2.5,4.5,0.6,14400,0.2,341,76.0,7.45,0.33,1.05,0.022,14.55
2.0,0.7,2.5,4.5,0.6,14400,0.4,341,76.0,7.45,0.33,1.05,0.022,14.55
2.0,0.7,2.5,4.5,0.6,,0.4,341,76.0,7.45,0.33,1.05,0.022,14.55
2.0,0.7,2.5,4.5,0.8,2400,0.2,341,76.0,7.45,0.33,1.05,0.022,14.55
2.0,0.7,2.5,4.5,0.8,3600,0.2,341,76.0,7.45,0.33,1.05,0.022,14.55
2.0,0.7,2.5,4.5,0.8,7200,0.2,341,76.0,7.45,0.33,1.05,0.022,14.55
2.0,0.7,2.5,4.5,0.8,14400,0.2,341,76.0,7.45,0.33,1.05,0.022,14.55
2.0,0.7,2.5,4.5,0.8,14400,0.4,341,76.0,7.45,0.33,1.05,0.022,14.55
2.0,0.7,2.5,4.5,0.8,,0.4,341,76.0,7.45,0.33,1.05,0.022,14.55
3.0,0.7,2.5,3.0,0.4,1200,0.2,310,81.6,6.95,0.24,1.04,0.022,21.33
3.0,0.7,2.5,3.0,0.6,1200,0.2,310,81.6,6.95,0.24,1.04,0.022,21.33
3.0,0.7,2.5,3.0,0.8,1200,0.2,310,81.6,6.95,0.24,1.04,0.022,21.33
2.0,0.7,2.5,3.0,0.4,2400,0.2,341,76.0,7.0,0.33,1.04,0.021,14.55
2.0,0.7,2.5,3.0,0.4,3600,0.2,341,76.0,7.0,0.33,1.04,0.021,14.55
2.0,0.7,2.5,3.0,0.4,7200,0.2,341,76.0,7.0,0.33,1.04,0.021,14.55
2.0,0.7,2.5,3.0,0.4,14400,0.2,341,76.0,7.0,0.33,1.04,0.021,14.55
2.0,0.7,2.5,3.0,0.4,14400,0.4,341,76.0,7.0,0.33,1.04,0.021,14.55
2.0,0.7,2.5,3.0,0.4,,0.4,341,76.0,7.0,0.33,1.04,0.021,14.55
2.0,0.7,2.5,3.0,0.6,2400,0.2,341,76.0,7.0,0.33,1.04,0.021,14.55
2.0,0.7,2.5,3.0,0.6,3600,0.2,341,76.0,7.0,0.33,1.04,0.021,14.55
2.0,0.7,2.5,3.0,0.6,7200,0.2,341,76.0,7.0,0.33,1.04,0.021,14.55
2.0,0.7,2.5,3.0,0.6,14400,0.2,341,76.0,7.0,0.33,1.04,0.021,14.55
2.0,0.7,2.5,3.0,0.6,14400,0.4,341,76.0,7.0,0.33,1.04,0.021,14.55
2.0,0.7,2.5,3.0,0.6,,0.4,341,76.0,7.0,0.33,1.04,0.021,14.55
2.0,0.7,2.5,3.0,0.8,2400,0.2,341,76.0,7.0,0.33,1.04,0.021,14.55
2.0,0.7,2.5,3.0,0.8,3600,0.2,341,76.0,7.0,0.33,1.04,0.021,14.55
2.0,0.7,2.5,3.0,0.8,7200,0.2,341,76.0,7.0,0.33,1.04,0.021,14.55
2.0,0.7,2.5,3.0,0.8,14400,0.2,341,76.0,7.0,0.33,1.04,0.021,14.55
2.0,0.7,2.5,3.0,0.8,14400,0.4,341,76.0,7.0,0.33,1.04,0.021,14.55
2.0,0.7,2.5,3.0,0.8,,0.4,341,76.0,7.0,0.33,1.04,0.021,14.55
3.0,0.7,2.5,4.5,0.4,7200,0.8,337,77.4,6.68,0.3,1.04,0.02,21.33
3.0,0.7,2.5,4.5,0.6,7200,0.8,337,77.4,6.68,0.3,1.04,0.02,21.33
3.0,0.7,2.5,4.5,0.8,7200,0.8,337,77.4,6.68,0.3,1.04,0.02,21.33
2.0,0.7,2.5,4.5,0.4,1200,0.8,441,61.9,8.28,0.65,1.06,0.019,9.43
2.0,0.7,2.5,4.5,0.6,1200,0.8,441,61.9,8.28,0.65,1.06,0.019,9.43
2.0,0.7,2.5,4.5,0.8,1200,0.8,441,61.9,8.28,0.65,1.06,0.019,9.43
2.0,0.7,2.5,3.0,0.4,1200,0.8,441,61.9,7.83,0.65,1.06,0.018,9.43
2.0,0.7,2.5,3.0,0.6,1200,0.8,441,61.9,7.83,0.65,1.06,0.018,9.43
2.0,0.7,2.5,3.0,0.8,1200,0.8,441,61.9,7.83,0.65,1.06,0.018,9.43
3.0,0.7,2.5,3.0,0.4,7200,0.8,337,77.4,6.23,0.3,1.04,0.018,21.33
3.0,0.7,2.5,3.0,0.6,7200,0.8,337,77.4,6.23,0.3,1.04,0.018,21.33
3.0,0.7,2.5,3.0,0.8,7200,0.8,337,77.4,6.23,0.3,1.04,0.018,21.33
4.0,1.0,2.5,3.0,0.4,7200,0.8,270,75.6,4.88,0.33,1.03,0.018,25.89
4.0,1.0,2.5,3.0,0.6,7200,0.8,270,75.6,4.88,0.33,1.03,0.018,25.89
4.0,1.0,2.5,3.0,0.8,7200,0.8,270,75.6,4.88,0.33,1.03,0.018,25.89
4.0,1.0,2.5,4.5,0.4,7200,0.8,270,75.6,4.88,0.33,1.03,0.018,26.34
4.0,1.0,2.5,4.5,0.6,7200,0.8,270,75.6,4.88,0.33,1.03,0.018,26.34
4.0,1.0,2.5,4.5,0.8,7200,0.8,270,75.6,4.88,0.33,1.03,0.018,26.34
2.0,0.7,2.5,4.5,0.4,1200,0.2,346,75.1,5.19,0.34,1.03,0.015,14.55
2.0,0.7,2.5,4.5,0.6,1200,0.2,346,75.1,5.19,0.34,1.03,0.015,14.55
2.0,0.7,2.5,4.5,0.8,1200,0.2,346,75.1,5.19,0.34,1.03,0.015,14.55
2.0,0.7,2.5,3.0,0.4,1200,0.2,346,75.1,4.74,0.34,1.03,0.014,14.55
2.0,0.7,2.5,3.0,0.6,1200,0.2,346,75.1,4.74,0.34,1.03,0.014,14.55
2.0,0.7,2.5,3.0,0.8,1200,0.2,346,75.1,4.74,0.34,1.03,0.014,14.55
3.0,0.7,2.5,4.5,0.4,1200,0.8,419,65.2,5.6,0.56,1.04,0.013,13.48
3.0,0.7,2.5,4.5,0.6,1200,0.8,419,65.2,5.6,0.56,1.04,0.013,13.48
3.0,0.7,2.5,4.5,0.8,1200,0.8,419,65.2,5.6,0.56,1.04,0.013,13.48
4.0,1.0,2.5,3.0,0.4,3600,0.8,288,74.7,3.84,0.35,1.02,0.013,24.18
4.0,1.0,2.5,3.0,0.6,3600,0.8,288,74.7,3.84,0.35,1.02,0.013,24.18
4.0,1.0,2.5,3.0,0.8,3600,0.8,288,74.7,3.84,0.35,1.02,0.013,24.18
4.0,1.0,2.5,4.5,0.4,3600,0.8,288,74.7,3.84,0.35,1.02,0.013,24.18
4.0,1.0,2.5,4.5,0.6,3600,0.8,288,74.7,3.84,0.35,1.02,0.013,24.18
4.0,1.0,2.5,4.5,0.8,3600,0.8,288,74.7,3.84,0.35,1.02,0.013,24.18
3.0,0.7,2.5,3.0,0.4,1200,0.8,419,65.2,5.15,0.55,1.04,0.012,13.48
3.0,0.7,2.5,3.0,0.6,1200,0.8,419,65.2,5.15,0.55,1.04,0.012,13.48
3.0,0.7,2.5,3.0,0.8,1200,0.8,419,65.2,5.15,0.55,1.04,0.012,13.48
5.0,1.0,1.5,4.5,0.4,7200,0.8,245,77.6,2.43,0.29,1.01,0.01,27.55
5.0,1.0,1.5,4.5,0.6,7200,0.8,245,77.6,2.43,0.29,1.01,0.01,27.55
5.0,1.0,1.5,4.5,0.8,7200,0.8,245,77.6,2.43,0.29,1.01,0.01,27.55
5.0,1.0,2.5,3.0,0.4,2400,0.2,224,83.9,2.25,0.19,1.01,0.01,26.6
5.0,1.0,2.5,3.0,0.4,3600,0.2,224,83.9,2.25,0.19,1.01,0.01,26.6
5.0,1.0,2.5,3.0,0.4,7200,0.2,224,83.9,2.25,0.19,1.01,0.01,26.6
5.0,1.0,2.5,3.0,0.4,14400,0.2,224,83.9,2.25,0.19,1.01,0.01,26.6
5.0,1.0,2.5,3.0,0.4,14400,0.4,224,83.9,2.25,0.19,1.01,0.01,26.6
5.0,1.0,2.5,3.0,0.4,,0.4,224,83.9,2.25,0.19,1.01,0.01,26.6
5.0,1.0,2.5,3.0,0.6,2400,0.2,224,83.9,2.25,0.19,1.01,0.01,26.6
5.0,1.0,2.5,3.0,0.6,3600,0.2,224,83.9,2.25,0.19,1.01,0.01,26.6
5.0,1.0,2.5,3.0,0.6,7200,0.2,224,83.9,2.25,0.19,1.01,0.01,26.6
5.0,1.0,2.5,3.0,0.6,14400,0.2,224,83.9,2.25,0.19,1.01,0.01,26.6
5.0,1.0,2.5,3.0,0.6,14400,0.4,224,83.9,2.25,0.19,1.01,0.01,26.6
5.0,1.0,2.5,3.0,0.6,,0.4,224,83.9,2.25,0.19,1.01,0.01,26.6
5.0,1.0,2.5,3.0,0.8,2400,0.2,224,83.9,2.25,0.19,1.01,0.01,26.6
5.0,1.0,2.5,3.0,0.8,3600,0.2,224,83.9,2.25,0.19,1.01,0.01,26.6
5.0,1.0,2.5,3.0,0.8,7200,0.2,224,83.9,2.25,0.19,1.01,0.01,26.6
5.0,1.0,2.5,3.0,0.8,14400,0.2,224,83.9,2.25,0.19,1.01,0.01,26.6
5.0,1.0,2.5,3.0,0.8,14400,0.4,224,83.9,2.25,0.19,1.01,0.01,26.6
5.0,1.0,2.5,3.0,0.8,,0.4,224,83.9,2.25,0.19,1.01,0.01,26.6
5.0,1.0,1.5,3.0,0.4,3600,0.8,260,76.9,1.95,0.3,1.01,0.008,25.69
5.0,1.0,1.5,3.0,0.6,3600,0.8,260,76.9,1.95,0.3,1.01,0.008,25.69
5.0,1.0,1.5,3.0,0.8,3600,0.8,260,76.9,1.95,0.3,1.01,0.008,25.69
5.0,1.0,2.5,4.5,0.4,2400,0.2,224,83.9,1.8,0.19,1.01,0.008,27.5
5.0,1.0,2.5,4.5,0.4,3600,0.2,224,83.9,1.8,0.19,1.01,0.008,27.5
5.0,1.0,2.5,4.5,0.4,7200,0.2,224,83.9,1.8,0.19,1.01,0.008,27.5
5.0,1.0,2.5,4.5,0.4,14400,0.2,224,83.9,1.8,0.19,1.01,0.008,27.5
5.0,1.0,2.5,4.5,0.4,14400,0.4,224,83.9,1.8,0.19,1.01,0.008,27.5
5.0,1.0,2.5,4.5,0.4,,0.4,224,83.9,1.8,0.19,1.01,0.008,27.5
5.0,1.0,2.5,4.5,0.6,2400,0.2,224,83.9,1.8,0.19,1.01,0.008,27.5
5.0,1.0,2.5,4.5,0.6,3600,0.2,224,83.9,1.8,0.19,1.01,0.008,27.5
5.0,1.0,2.5,4.5,0.6,7200,0.2,224,83.9,1.8,0.19,1.01,0.008,27.5
5.0,1.0,2.5,4.5,0.6,14400,0.2,224,83.9,1.8,0.19,1.01,0.008,27.5
5.0,1.0,2.5,4.5,0.6,14400,0.4,224,83.9,1.8,0.19,1.01,0.008,27.5
5.0,1.0,2.5,4.5,0.6,,0.4,224,83.9,1.8,0.19,1.01,0.008,27.5
5.0,1.0,2.5,4.5,0.8,2400,0.2,224,83.9,1.8,0.19,1.01,0.008,27.5
5.0,1.0,2.5,4.5,0.8,3600,0.2,224,83.9,1.8,0.19,1.01,0.008,27.5
5.0,1.0,2.5,4.5,0.8,7200,0.2,224,83.9,1.8,0.19,1.01,0.008,27.5
5.0,1.0,2.5,4.5,0.8,14400,0.2,224,83.9,1.8,0.19,1.01,0.008,27.5
5.0,1.0,2.5,4.5,0.8,14400,0.4,224,83.9,1.8,0.19,1.01,0.008,27.5
5.0,1.0,2.5,4.5,0.8,,0.4,224,83.9,1.8,0.19,1.01,0.008,27.5
5.0,1.0,2.5,3.0,0.4,7200,0.4,225,83.6,1.19,0.2,1.01,0.005,26.6
5.0,1.0,2.5,3.0,0.6,7200,0.4,225,83.6,1.19,0.2,1.01,0.005,26.6
5.0,1.0,2.5,3.0,0.8,7200,0.4,225,83.6,1.19,0.2,1.01,0.005,26.6
3.0,1.0,2.5,3.0,0.4,7200,0.8,298,71.1,0.91,0.41,1.0,0.003,22.2
3.0,1.0,2.5,3.0,0.6,7200,0.8,298,71.1,0.91,0.41,1.0,0.003,22.2
3.0,1.0,2.5,3.0,0.8,7200,0.8,298,71.1,0.91,0.41,1.0,0.003,22.2
3.0,1.0,2.5,4.5,0.4,7200,0.8,298,71.1,0.91,0.41,1.0,0.003,22.5
3.0,1.0,2.5,4.5,0.6,7200,0.8,298,71.1,0.91,0.41,1.0,0.003,22.5
3.0,1.0,2.5,4.5,0.8,7200,0.8,298,71.1,0.91,0.41,1.0,0.003,22.5
5.0,1.0,2.5,4.5,0.4,7200,0.4,225,83.6,0.74,0.2,1.0,0.003,27.5
5.0,1.0,2.5,4.5,0.6,7200,0.4,225,83.6,0.74,0.2,1.0,0.003,27.5
5.0,1.0,2.5,4.5,0.8,7200,0.4,225,83.6,0.74,0.2,1.0,0.003,27.5
5.0,1.0,2.5,3.0,0.4,3600,0.4,227,82.8,0.47,0.21,1.0,0.002,26.6
5.0,1.0,2.5,3.0,0.6,3600,0.4,227,82.8,0.47,0.21,1.0,0.002,26.6
5.0,1.0,2.5,3.0,0.8,3600,0.4,227,82.8,0.47,0.21,1.0,0.002,26.6
5.0,1.0,2.5,4.5,0.4,3600,0.4,227,82.8,0.02,0.21,1.0,0.0,27.5
5.0,1.0,2.5,4.5,0.6,3600,0.4,227,82.8,0.02,0.21,1.0,0.0,27.5
5.0,1.0,2.5,4.5,0.8,3600,0.4,227,82.8,0.02,0.21,1.0,0.0,27.5
5.0,1.0,2.5,3.0,0.4,14400,0.8,228,82.0,-0.83,0.22,1.0,-0.004,26.6
5.0,1.0,2.5,3.0,0.6,14400,0.8,228,82.0,-0.83,0.22,1.0,-0.004,26.6
5.0,1.0,2.5,3.0,0.8,14400,0.8,228,82.0,-0.83,0.22,1.0,-0.004,26.6
5.0,1.0,2.5,4.5,0.4,14400,0.8,228,82.0,-1.28,0.22,0.99,-0.006,27.5
5.0,1.0,2.5,4.5,0.6,14400,0.8,228,82.0,-1.28,0.22,0.99,-0.006,27.5
5.0,1.0,2.5,4.5,0.8,14400,0.8,228,82.0,-1.28,0.22,0.99,-0.006,27.5
5.0,1.0,1.5,4.5,0.4,3600,0.8,260,76.9,-2.1,0.3,0.99,-0.008,27.56
5.0,1.0,1.5,4.5,0.6,3600,0.8,260,76.9,-2.1,0.3,0.99,-0.008,27.56
5.0,1.0,1.5,4.5,0.8,3600,0.8,260,76.9,-2.1,0.3,0.99,-0.008,27.56
5.0,1.0,2.5,3.0,0.4,7200,0.8,245,77.6,-3.87,0.28,0.98,-0.016,26.6
5.0,1.0,2.5,3.0,0.6,7200,0.8,245,77.6,-3.87,0.28,0.98,-0.016,26.6
5.0,1.0,2.5,3.0,0.8,7200,0.8,245,77.6,-3.87,0.28,0.98,-0.016,26.6
5.0,1.0,2.5,4.5,0.4,7200,0.8,245,77.6,-4.32,0.28,0.98,-0.018,27.5
5.0,1.0,2.5,4.5,0.6,7200,0.8,245,77.6,-4.32,0.28,0.98,-0.018,27.5
5.0,1.0,2.5,4.5,0.8,7200,0.8,245,77.6,-4.32,0.28,0.98,-0.018,27.5
5.0,1.0,2.5,3.0,0.4,3600,0.8,260,76.9,-9.3,0.28,0.95,-0.036,28.86
5.0,1.0,2.5,3.0,0.6,3600,0.8,260,76.9,-9.3,0.28,0.95,-0.036,28.86
5.0,1.0,2.5,3.0,0.8,3600,0.8,260,76.9,-9.3,0.28,0.95,-0.036,28.86
5.0,1.0,2.5,4.5,0.4,3600,0.8,260,76.9,-9.75,0.28,0.95,-0.038,28.86
5.0,1.0,2.5,4.5,0.6,3600,0.8,260,76.9,-9.75,0.28,0.95,-0.038,28.86
5.0,1.0,2.5,4.5,0.8,3600,0.8,260,76.9,-9.75,0.28,0.95,-0.038,28.86
