stop_loss_pct,level_1_pct,level_2_pct,level_3_pct,trail_callback,time_stop_seconds,time_stop_no_movement_pct,trades,win_rate,total_pnl_pct,payoff,profit_factor,expectancy_pct,max_dd_pct
5.0,1.5,2.5,3.0,0.8,7200,0.2,66,90.9,32.52,0.21,2.08,0.493,5.62
5.0,1.5,2.5,3.0,0.8,14400,0.2,66,90.9,32.52,0.21,2.08,0.493,5.62
5.0,1.5,2.5,3.0,0.8,,0.4,66,90.9,32.52,0.21,2.08,0.493,5.62
5.0,1.5,2.5,3.0,0.4,7200,0.2,66,90.9,32.16,0.21,2.07,0.487,5.0
5.0,1.5,2.5,3.0,0.4,14400,0.2,66,90.9,32.16,0.21,2.07,0.487,5.0
5.0,1.5,2.5,3.0,0.4,,0.4,66,90.9,32.16,0.21,2.07,0.487,5.0
5.0,1.5,2.5,4.5,0.4,7200,0.2,66,90.9,32.16,0.21,2.07,0.487,5.0
5.0,1.5,2.5,4.5,0.4,14400,0.2,66,90.9,32.16,0.21,2.07,0.487,5.0
5.0,1.5,2.5,4.5,0.4,,0.4,66,90.9,32.16,0.21,2.07,0.487,5.0
5.0,1.5,2.5,4.5,0.8,7200,0.2,66,90.9,32.07,0.21,2.07,0.486,5.62
5.0,1.5,2.5,4.5,0.8,14400,0.2,66,90.9,32.07,0.21,2.07,0.486,5.62
5.0,1.5,2.5,4.5,0.8,,0.4,66,90.9,32.07,0.21,2.07,0.486,5.62
5.0,1.5,2.5,3.0,0.4,2400,0.2,74,87.8,34.51,0.3,2.14,0.466,5.0
5.0,1.5,2.5,4.5,0.4,2400,0.2,74,87.8,34.51,0.3,2.14,0.466,5.0
5.0,1.5,2.5,3.0,0.8,3600,0.2,67,89.6,31.12,0.24,2.03,0.464,5.62
5.0,1.5,2.5,3.0,0.6,7200,0.2,67,91.0,30.94,0.2,2.03,0.462,5.0
5.0,1.5,2.5,3.0,0.6,14400,0.2,67,91.0,30.94,0.2,2.03,0.462,5.0
5.0,1.5,2.5,3.0,0.6,,0.4,67,91.0,30.94,0.2,2.03,0.462,5.0
5.0,1.5,2.5,4.5,0.6,7200,0.2,67,91.0,30.94,0.2,2.03,0.462,5.0
5.0,1.5,2.5,4.5,0.6,14400,0.2,67,91.0,30.94,0.2,2.03,0.462,5.0
5.0,1.5,2.5,4.5,0.6,,0.4,67,91.0,30.94,0.2,2.03,0.462,5.0
5.0,1.5,2.5,3.0,0.4,3600,0.2,67,89.6,30.76,0.24,2.02,0.459,5.0
5.0,1.5,2.5,4.5,0.4,3600,0.2,67,89.6,30.76,0.24,2.02,0.459,5.0
5.0,1.5,2.5,3.0,0.4,14400,0.4,69,89.9,31.63,0.23,2.04,0.458,5.0
5.0,1.5,2.5,4.5,0.4,14400,0.4,69,89.9,31.63,0.23,2.04,0.458,5.0
5.0,1.5,2.5,4.5,0.8,3600,0.2,67,89.6,30.67,0.24,2.02,0.458,5.62
5.0,1.5,2.5,3.0,0.6,2400,0.2,75,88.0,33.49,0.29,2.1,0.447,5.0
5.0,1.5,2.5,4.5,0.6,2400,0.2,75,88.0,33.49,0.29,2.1,0.447,5.0
5.0,1.5,2.5,3.0,0.6,3600,0.2,68,89.7,29.54,0.23,1.98,0.434,5.0
5.0,1.5,2.5,4.5,0.6,3600,0.2,68,89.7,29.54,0.23,1.98,0.434,5.0
5.0,1.5,2.5,3.0,0.8,14400,0.4,69,88.4,29.74,0.26,1.98,0.431,5.62
3.0,1.5,2.5,3.0,0.6,7200,0.2,98,84.7,41.82,0.35,1.93,0.427,6.0
3.0,1.5,2.5,3.0,0.6,14400,0.2,98,84.7,41.82,0.35,1.93,0.427,6.0
3.0,1.5,2.5,3.0,0.6,,0.4,98,84.7,41.82,0.35,1.93,0.427,6.0
3.0,1.5,2.5,4.5,0.6,7200,0.2,98,84.7,41.82,0.35,1.93,0.427,6.0
3.0,1.5,2.5,4.5,0.6,14400,0.2,98,84.7,41.82,0.35,1.93,0.427,6.0
3.0,1.5,2.5,4.5,0.6,,0.4,98,84.7,41.82,0.35,1.93,0.427,6.0
5.0,1.5,2.5,3.0,0.8,2400,0.2,78,87.2,33.16,0.31,2.09,0.425,5.62
5.0,1.5,2.5,4.5,0.8,14400,0.4,69,88.4,29.29,0.26,1.96,0.424,5.62
5.0,1.5,2.5,3.0,0.6,14400,0.4,72,87.5,30.41,0.29,2.0,0.422,5.0
5.0,1.5,2.5,4.5,0.6,14400,0.4,72,87.5,30.41,0.29,2.0,0.422,5.0
3.0,1.5,2.5,3.0,0.6,2400,0.2,106,83.0,44.37,0.4,1.98,0.419,6.0
3.0,1.5,2.5,4.5,0.6,2400,0.2,106,83.0,44.37,0.4,1.98,0.419,6.0
5.0,1.5,2.5,4.5,0.8,2400,0.2,78,87.2,32.71,0.31,2.08,0.419,5.62
3.0,1.5,2.5,3.0,0.8,7200,0.2,97,84.5,40.47,0.35,1.9,0.417,6.0
3.0,1.5,2.5,3.0,0.8,14400,0.2,97,84.5,40.47,0.35,1.9,0.417,6.0
3.0,1.5,2.5,3.0,0.8,,0.4,97,84.5,40.47,0.35,1.9,0.417,6.0
3.0,1.5,2.5,4.5,0.8,7200,0.2,97,84.5,40.02,0.35,1.89,0.413,6.0
3.0,1.5,2.5,4.5,0.8,14400,0.2,97,84.5,40.02,0.35,1.89,0.413,6.0
3.0,1.5,2.5,4.5,0.8,,0.4,97,84.5,40.02,0.35,1.89,0.413,6.0
3.0,1.5,2.5,3.0,0.6,3600,0.2,99,83.8,40.42,0.37,1.9,0.408,6.0
3.0,1.5,2.5,4.5,0.6,3600,0.2,99,83.8,40.42,0.37,1.9,0.408,6.0
5.0,1.5,2.5,3.0,0.4,1200,0.2,82,84.1,33.07,0.39,2.09,0.403,5.0
5.0,1.5,2.5,3.0,0.6,7200,0.4,81,86.4,32.61,0.32,2.06,0.403,5.0
5.0,1.5,2.5,4.5,0.4,1200,0.2,82,84.1,33.07,0.39,2.09,0.403,5.0
5.0,1.5,2.5,4.5,0.6,7200,0.4,81,86.4,32.61,0.32,2.06,0.403,5.0
5.0,1.5,2.5,3.0,0.4,7200,0.4,77,88.3,30.94,0.27,2.02,0.402,5.0
5.0,1.5,2.5,4.5,0.4,7200,0.4,77,88.3,30.94,0.27,2.02,0.402,5.0
3.0,1.5,2.5,3.0,0.8,3600,0.2,98,83.7,39.07,0.36,1.87,0.399,6.0
5.0,1.0,1.5,3.0,0.4,7200,0.2,66,90.9,26.25,0.19,1.87,0.398,5.0
5.0,1.0,1.5,3.0,0.4,14400,0.2,66,90.9,26.25,0.19,1.87,0.398,5.0
5.0,1.0,1.5,3.0,0.4,,0.4,66,90.9,26.25,0.19,1.87,0.398,5.0
5.0,1.0,1.5,3.0,0.6,7200,0.2,66,90.9,26.25,0.19,1.87,0.398,5.0
5.0,1.0,1.5,3.0,0.6,14400,0.2,66,90.9,26.25,0.19,1.87,0.398,5.0
5.0,1.0,1.5,3.0,0.6,,0.4,66,90.9,26.25,0.19,1.87,0.398,5.0
5.0,1.0,1.5,3.0,0.8,7200,0.2,66,90.9,26.25,0.19,1.87,0.398,5.0
5.0,1.0,1.5,3.0,0.8,14400,0.2,66,90.9,26.25,0.19,1.87,0.398,5.0
5.0,1.0,1.5,3.0,0.8,,0.4,66,90.9,26.25,0.19,1.87,0.398,5.0
5.0,1.0,1.5,4.5,0.4,7200,0.2,66,90.9,26.25,0.19,1.87,0.398,5.0
5.0,1.0,1.5,4.5,0.4,14400,0.2,66,90.9,26.25,0.19,1.87,0.398,5.0
5.0,1.0,1.5,4.5,0.4,,0.4,66,90.9,26.25,0.19,1.87,0.398,5.0
5.0,1.0,1.5,4.5,0.6,7200,0.2,66,90.9,26.25,0.19,1.87,0.398,5.0
5.0,1.0,1.5,4.5,0.6,14400,0.2,66,90.9,26.25,0.19,1.87,0.398,5.0
5.0,1.0,1.5,4.5,0.6,,0.4,66,90.9,26.25,0.19,1.87,0.398,5.0
5.0,1.0,1.5,4.5,0.8,7200,0.2,66,90.9,26.25,0.19,1.87,0.398,5.0
5.0,1.0,1.5,4.5,0.8,14400,0.2,66,90.9,26.25,0.19,1.87,0.398,5.0
5.0,1.0,1.5,4.5,0.8,,0.4,66,90.9,26.25,0.19,1.87,0.398,5.0
3.0,1.5,2.5,3.0,0.6,14400,0.4,101,82.2,40.11,0.41,1.88,0.397,6.0
3.0,1.5,2.5,4.5,0.6,14400,0.4,101,82.2,40.11,0.41,1.88,0.397,6.0
3.0,1.5,2.5,4.5,0.8,3600,0.2,98,83.7,38.62,0.36,1.86,0.394,6.0
3.0,1.5,2.5,3.0,0.8,14400,0.4,99,82.8,38.87,0.38,1.86,0.393,6.0
5.0,1.5,2.5,3.0,0.8,7200,0.4,82,86.6,32.18,0.32,2.05,0.392,5.22
3.0,1.5,2.5,3.0,0.4,7200,0.2,96,83.3,37.34,0.36,1.78,0.389,6.56
3.0,1.5,2.5,3.0,0.4,14400,0.2,96,83.3,37.34,0.36,1.78,0.389,6.56
3.0,1.5,2.5,3.0,0.4,,0.4,96,83.3,37.34,0.36,1.78,0.389,6.56
3.0,1.5,2.5,4.5,0.4,7200,0.2,96,83.3,37.34,0.36,1.78,0.389,6.56
3.0,1.5,2.5,4.5,0.4,14400,0.2,96,83.3,37.34,0.36,1.78,0.389,6.56
3.0,1.5,2.5,4.5,0.4,,0.4,96,83.3,37.34,0.36,1.78,0.389,6.56
3.0,1.5,2.5,4.5,0.8,14400,0.4,99,82.8,38.42,0.38,1.85,0.388,6.0
3.0,1.5,2.5,3.0,0.4,2400,0.2,103,81.6,39.85,0.41,1.82,0.387,6.56
3.0,1.5,2.5,4.5,0.4,2400,0.2,103,81.6,39.85,0.41,1.82,0.387,6.56
5.0,1.5,2.5,4.5,0.8,7200,0.4,82,86.6,31.73,0.32,2.03,0.387,5.22
5.0,1.0,2.5,3.0,0.4,7200,0.2,66,90.9,25.35,0.18,1.84,0.384,5.0
5.0,1.0,2.5,3.0,0.4,14400,0.2,66,90.9,25.35,0.18,1.84,0.384,5.0
5.0,1.0,2.5,3.0,0.4,,0.4,66,90.9,25.35,0.18,1.84,0.384,5.0
5.0,1.0,2.5,3.0,0.6,7200,0.2,66,90.9,25.35,0.18,1.84,0.384,5.0
5.0,1.0,2.5,3.0,0.6,14400,0.2,66,90.9,25.35,0.18,1.84,0.384,5.0
5.0,1.0,2.5,3.0,0.6,,0.4,66,90.9,25.35,0.18,1.84,0.384,5.0
5.0,1.0,2.5,3.0,0.8,7200,0.2,66,90.9,25.35,0.18,1.84,0.384,5.0
5.0,1.0,2.5,3.0,0.8,14400,0.2,66,90.9,25.35,0.18,1.84,0.384,5.0
5.0,1.0,2.5,3.0,0.8,,0.4,66,90.9,25.35,0.18,1.84,0.384,5.0
5.0,1.0,2.5,4.5,0.4,7200,0.2,66,90.9,25.35,0.18,1.84,0.384,5.0
5.0,1.0,2.5,4.5,0.4,14400,0.2,66,90.9,25.35,0.18,1.84,0.384,5.0
5.0,1.0,2.5,4.5,0.4,,0.4,66,90.9,25.35,0.18,1.84,0.384,5.0
5.0,1.0,2.5,4.5,0.6,7200,0.2,66,90.9,25.35,0.18,1.84,0.384,5.0
5.0,1.0,2.5,4.5,0.6,14400,0.2,66,90.9,25.35,0.18,1.84,0.384,5.0
5.0,1.0,2.5,4.5,0.6,,0.4,66,90.9,25.35,0.18,1.84,0.384,5.0
5.0,1.0,2.5,4.5,0.8,7200,0.2,66,90.9,25.35,0.18,1.84,0.384,5.0
5.0,1.0,2.5,4.5,0.8,14400,0.2,66,90.9,25.35,0.18,1.84,0.384,5.0
5.0,1.0,2.5,4.5,0.8,,0.4,66,90.9,25.35,0.18,1.84,0.384,5.0
3.0,1.5,2.5,3.0,0.8,2400,0.2,109,82.6,41.11,0.4,1.91,0.377,6.0
3.0,1.5,2.5,3.0,0.6,7200,0.4,106,81.1,39.85,0.44,1.87,0.376,6.0
3.0,1.5,2.5,4.5,0.6,7200,0.4,106,81.1,39.85,0.44,1.87,0.376,6.0
3.0,1.5,2.5,3.0,0.4,3600,0.2,97,82.5,36.26,0.37,1.76,0.374,6.56
3.0,1.5,2.5,3.0,0.4,14400,0.4,99,81.8,36.98,0.39,1.76,0.374,6.56
3.0,1.5,2.5,4.5,0.4,3600,0.2,97,82.5,36.26,0.37,1.76,0.374,6.56
3.0,1.5,2.5,4.5,0.4,14400,0.4,99,81.8,36.98,0.39,1.76,0.374,6.56
3.0,1.5,2.5,4.5,0.8,2400,0.2,109,82.6,40.66,0.4,1.9,0.373,6.0
5.0,1.0,1.5,3.0,0.4,3600,0.2,67,89.6,24.85,0.21,1.82,0.371,5.0
5.0,1.0,1.5,3.0,0.6,3600,0.2,67,89.6,24.85,0.21,1.82,0.371,5.0
5.0,1.0,1.5,3.0,0.8,3600,0.2,67,89.6,24.85,0.21,1.82,0.371,5.0
5.0,1.0,1.5,4.5,0.4,3600,0.2,67,89.6,24.85,0.21,1.82,0.371,5.0
5.0,1.0,1.5,4.5,0.6,3600,0.2,67,89.6,24.85,0.21,1.82,0.371,5.0
5.0,1.0,1.5,4.5,0.8,3600,0.2,67,89.6,24.85,0.21,1.82,0.371,5.0
3.0,1.5,2.5,3.0,0.8,7200,0.4,107,81.3,39.5,0.43,1.86,0.369,6.0
5.0,1.0,1.5,3.0,0.4,14400,0.4,69,89.9,25.36,0.21,1.84,0.368,5.0
5.0,1.0,1.5,3.0,0.6,14400,0.4,69,89.9,25.36,0.21,1.84,0.368,5.0
5.0,1.0,1.5,3.0,0.8,14400,0.4,69,89.9,25.36,0.21,1.84,0.368,5.0
5.0,1.0,1.5,4.5,0.4,14400,0.4,69,89.9,25.36,0.21,1.84,0.368,5.0
5.0,1.0,1.5,4.5,0.6,14400,0.4,69,89.9,25.36,0.21,1.84,0.368,5.0
5.0,1.0,1.5,4.5,0.8,14400,0.4,69,89.9,25.36,0.21,1.84,0.368,5.0
3.0,1.5,2.5,4.5,0.8,7200,0.4,107,81.3,39.05,0.43,1.86,0.365,6.0
5.0,1.0,2.5,3.0,0.4,3600,0.2,67,89.6,24.4,0.21,1.81,0.364,5.0
5.0,1.0,2.5,3.0,0.6,3600,0.2,67,89.6,24.4,0.21,1.81,0.364,5.0
5.0,1.0,2.5,3.0,0.8,3600,0.2,67,89.6,24.4,0.21,1.81,0.364,5.0
5.0,1.0,2.5,4.5,0.4,3600,0.2,67,89.6,24.4,0.21,1.81,0.364,5.0
5.0,1.0,2.5,4.5,0.6,3600,0.2,67,89.6,24.4,0.21,1.81,0.364,5.0
5.0,1.0,2.5,4.5,0.8,3600,0.2,67,89.6,24.4,0.21,1.81,0.364,5.0
5.0,1.5,2.5,3.0,0.6,1200,0.2,86,81.4,31.18,0.46,2.02,0.363,5.0
5.0,1.5,2.5,4.5,0.6,1200,0.2,86,81.4,31.18,0.46,2.02,0.363,5.0
5.0,1.5,2.5,3.0,0.8,1200,0.2,83,81.9,29.96,0.44,1.98,0.361,5.62
5.0,1.5,2.5,4.5,0.8,1200,0.2,83,81.9,29.51,0.43,1.97,0.356,5.62
5.0,1.0,2.5,3.0,0.4,14400,0.4,69,89.9,24.46,0.2,1.81,0.354,5.0
5.0,1.0,2.5,3.0,0.6,14400,0.4,69,89.9,24.46,0.2,1.81,0.354,5.0
5.0,1.0,2.5,3.0,0.8,14400,0.4,69,89.9,24.46,0.2,1.81,0.354,5.0
5.0,1.0,2.5,4.5,0.4,14400,0.4,69,89.9,24.46,0.2,1.81,0.354,5.0
5.0,1.0,2.5,4.5,0.6,14400,0.4,69,89.9,24.46,0.2,1.81,0.354,5.0
5.0,1.0,2.5,4.5,0.8,14400,0.4,69,89.9,24.46,0.2,1.81,0.354,5.0
5.0,1.0,1.5,3.0,0.4,2400,0.2,70,88.6,24.73,0.23,1.82,0.353,5.0
5.0,1.0,1.5,3.0,0.6,2400,0.2,70,88.6,24.73,0.23,1.82,0.353,5.0
5.0,1.0,1.5,3.0,0.8,2400,0.2,70,88.6,24.73,0.23,1.82,0.353,5.0
5.0,1.0,1.5,4.5,0.4,2400,0.2,70,88.6,24.73,0.23,1.82,0.353,5.0
5.0,1.0,1.5,4.5,0.6,2400,0.2,70,88.6,24.73,0.23,1.82,0.353,5.0
5.0,1.0,1.5,4.5,0.8,2400,0.2,70,88.6,24.73,0.23,1.82,0.353,5.0
5.0,1.5,2.5,3.0,0.4,2400,0.4,103,82.5,36.32,0.5,2.38,0.353,5.19
5.0,1.5,2.5,4.5,0.4,2400,0.4,103,82.5,35.87,0.5,2.37,0.348,5.19
5.0,1.5,2.5,3.0,0.4,3600,0.4,85,82.4,29.36,0.42,1.94,0.345,5.2
5.0,1.5,2.5,3.0,0.6,3600,0.4,86,79.1,29.57,0.51,1.94,0.344,5.2
5.0,1.0,2.5,3.0,0.4,2400,0.2,70,88.6,23.83,0.23,1.79,0.34,5.0
5.0,1.0,2.5,3.0,0.6,2400,0.2,70,88.6,23.83,0.23,1.79,0.34,5.0
5.0,1.0,2.5,3.0,0.8,2400,0.2,70,88.6,23.83,0.23,1.79,0.34,5.0
5.0,1.0,2.5,4.5,0.4,2400,0.2,70,88.6,23.83,0.23,1.79,0.34,5.0
5.0,1.0,2.5,4.5,0.6,2400,0.2,70,88.6,23.83,0.23,1.79,0.34,5.0
5.0,1.0,2.5,4.5,0.8,2400,0.2,70,88.6,23.83,0.23,1.79,0.34,5.0
5.0,1.5,2.5,4.5,0.4,3600,0.4,85,82.4,28.91,0.41,1.93,0.34,5.2
4.0,1.5,2.5,3.0,0.8,14400,0.2,81,86.4,27.43,0.26,1.62,0.339,5.71
4.0,1.5,2.5,3.0,0.8,,0.4,81,86.4,27.43,0.26,1.62,0.339,5.71
5.0,1.5,2.5,4.5,0.6,3600,0.4,86,79.1,29.12,0.51,1.93,0.339,5.2
4.0,1.5,2.5,3.0,0.8,7200,0.2,82,85.4,27.43,0.28,1.62,0.335,5.71
5.0,0.7,2.5,3.0,0.4,,0.4,90,94.4,30.17,0.13,2.21,0.335,5.0
5.0,0.7,2.5,3.0,0.6,,0.4,90,94.4,30.17,0.13,2.21,0.335,5.0
5.0,0.7,2.5,3.0,0.8,,0.4,90,94.4,30.17,0.13,2.21,0.335,5.0
5.0,0.7,2.5,4.5,0.4,,0.4,90,94.4,30.17,0.13,2.21,0.335,5.0
5.0,0.7,2.5,4.5,0.6,,0.4,90,94.4,30.17,0.13,2.21,0.335,5.0
5.0,0.7,2.5,4.5,0.8,,0.4,90,94.4,30.17,0.13,2.21,0.335,5.0
5.0,0.7,2.5,3.0,0.4,14400,0.2,92,93.5,30.7,0.16,2.22,0.334,5.0
5.0,0.7,2.5,3.0,0.6,14400,0.2,92,93.5,30.7,0.16,2.22,0.334,5.0
5.0,0.7,2.5,3.0,0.8,14400,0.2,92,93.5,30.7,0.16,2.22,0.334,5.0
5.0,0.7,2.5,4.5,0.4,14400,0.2,92,93.5,30.7,0.16,2.22,0.334,5.0
5.0,0.7,2.5,4.5,0.6,14400,0.2,92,93.5,30.7,0.16,2.22,0.334,5.0
5.0,0.7,2.5,4.5,0.8,14400,0.2,92,93.5,30.7,0.16,2.22,0.334,5.0
4.0,1.5,2.5,4.5,0.8,14400,0.2,81,86.4,26.98,0.25,1.61,0.333,5.71
4.0,1.5,2.5,4.5,0.8,,0.4,81,86.4,26.98,0.25,1.61,0.333,5.71
5.0,0.7,1.5,3.0,0.4,,0.4,90,94.4,29.99,0.13,2.2,0.333,5.0
5.0,0.7,1.5,3.0,0.6,,0.4,90,94.4,29.99,0.13,2.2,0.333,5.0
5.0,0.7,1.5,3.0,0.8,,0.4,90,94.4,29.99,0.13,2.2,0.333,5.0
5.0,0.7,1.5,4.5,0.4,,0.4,90,94.4,29.99,0.13,2.2,0.333,5.0
5.0,0.7,1.5,4.5,0.6,,0.4,90,94.4,29.99,0.13,2.2,0.333,5.0
5.0,0.7,1.5,4.5,0.8,,0.4,90,94.4,29.99,0.13,2.2,0.333,5.0
5.0,0.7,1.5,3.0,0.4,14400,0.2,92,93.5,30.52,0.15,2.22,0.332,5.0
5.0,0.7,1.5,3.0,0.6,14400,0.2,92,93.5,30.52,0.15,2.22,0.332,5.0
5.0,0.7,1.5,3.0,0.8,14400,0.2,92,93.5,30.52,0.15,2.22,0.332,5.0
5.0,0.7,1.5,4.5,0.4,14400,0.2,92,93.5,30.52,0.15,2.22,0.332,5.0
5.0,0.7,1.5,4.5,0.6,14400,0.2,92,93.5,30.52,0.15,2.22,0.332,5.0
5.0,0.7,1.5,4.5,0.8,14400,0.2,92,93.5,30.52,0.15,2.22,0.332,5.0
5.0,0.7,2.5,3.0,0.4,7200,0.2,93,93.5,30.84,0.15,2.23,0.332,5.0
5.0,0.7,2.5,3.0,0.6,7200,0.2,93,93.5,30.84,0.15,2.23,0.332,5.0
5.0,0.7,2.5,3.0,0.8,7200,0.2,93,93.5,30.84,0.15,2.23,0.332,5.0
5.0,0.7,2.5,4.5,0.4,7200,0.2,93,93.5,30.84,0.15,2.23,0.332,5.0
5.0,0.7,2.5,4.5,0.6,7200,0.2,93,93.5,30.84,0.15,2.23,0.332,5.0
5.0,0.7,2.5,4.5,0.8,7200,0.2,93,93.5,30.84,0.15,2.23,0.332,5.0
5.0,1.5,2.5,3.0,0.8,3600,0.4,87,77.0,28.85,0.57,1.91,0.332,5.22
5.0,0.7,1.5,3.0,0.4,7200,0.2,93,93.5,30.66,0.15,2.22,0.33,5.0
5.0,0.7,1.5,3.0,0.6,7200,0.2,93,93.5,30.66,0.15,2.22,0.33,5.0
5.0,0.7,1.5,3.0,0.8,7200,0.2,93,93.5,30.66,0.15,2.22,0.33,5.0
5.0,0.7,1.5,4.5,0.4,7200,0.2,93,93.5,30.66,0.15,2.22,0.33,5.0
5.0,0.7,1.5,4.5,0.6,7200,0.2,93,93.5,30.66,0.15,2.22,0.33,5.0
5.0,0.7,1.5,4.5,0.8,7200,0.2,93,93.5,30.66,0.15,2.22,0.33,5.0
4.0,1.5,2.5,4.5,0.8,7200,0.2,82,85.4,26.98,0.28,1.61,0.329,5.71
5.0,1.5,2.5,3.0,0.4,14400,0.8,92,78.3,29.92,0.53,1.91,0.325,5.2
5.0,1.5,2.5,4.5,0.4,14400,0.8,92,78.3,29.92,0.53,1.91,0.325,5.2
5.0,1.0,1.5,3.0,0.4,7200,0.4,77,88.3,24.88,0.24,1.82,0.323,5.0
5.0,1.0,1.5,3.0,0.6,7200,0.4,77,88.3,24.88,0.24,1.82,0.323,5.0
5.0,1.0,1.5,3.0,0.8,7200,0.4,77,88.3,24.88,0.24,1.82,0.323,5.0
5.0,1.0,1.5,4.5,0.4,7200,0.4,77,88.3,24.88,0.24,1.82,0.323,5.0
5.0,1.0,1.5,4.5,0.6,7200,0.4,77,88.3,24.88,0.24,1.82,0.323,5.0
5.0,1.0,1.5,4.5,0.8,7200,0.4,77,88.3,24.88,0.24,1.82,0.323,5.0
5.0,1.5,2.5,4.5,0.8,3600,0.4,87,77.0,27.95,0.56,1.88,0.321,5.22
5.0,1.0,1.5,3.0,0.4,1200,0.2,83,83.1,26.42,0.38,1.87,0.318,5.32
5.0,1.0,1.5,3.0,0.6,1200,0.2,83,83.1,26.42,0.38,1.87,0.318,5.32
5.0,1.0,1.5,3.0,0.8,1200,0.2,83,83.1,26.42,0.38,1.87,0.318,5.32
5.0,1.0,1.5,4.5,0.4,1200,0.2,83,83.1,26.42,0.38,1.87,0.318,5.32
5.0,1.0,1.5,4.5,0.6,1200,0.2,83,83.1,26.42,0.38,1.87,0.318,5.32
5.0,1.0,1.5,4.5,0.8,1200,0.2,83,83.1,26.42,0.38,1.87,0.318,5.32
5.0,1.5,2.5,3.0,0.6,14400,0.8,90,77.8,28.6,0.53,1.87,0.318,5.15
5.0,1.5,2.5,4.5,0.6,14400,0.8,90,77.8,28.6,0.53,1.87,0.318,5.15
4.0,1.5,2.5,3.0,0.6,7200,0.2,83,84.3,26.24,0.3,1.6,0.316,5.64
4.0,1.5,2.5,4.5,0.6,7200,0.2,83,84.3,26.24,0.3,1.6,0.316,5.64
4.0,1.5,2.5,3.0,0.6,14400,0.2,81,86.4,25.53,0.25,1.58,0.315,5.64
4.0,1.5,2.5,3.0,0.6,,0.4,81,86.4,25.53,0.25,1.58,0.315,5.64
4.0,1.5,2.5,4.5,0.6,14400,0.2,81,86.4,25.53,0.25,1.58,0.315,5.64
4.0,1.5,2.5,4.5,0.6,,0.4,81,86.4,25.53,0.25,1.58,0.315,5.64
5.0,0.7,2.5,3.0,0.4,14400,0.4,94,92.6,29.64,0.17,2.17,0.315,5.0
5.0,0.7,2.5,3.0,0.6,14400,0.4,94,92.6,29.64,0.17,2.17,0.315,5.0
5.0,0.7,2.5,3.0,0.8,14400,0.4,94,92.6,29.64,0.17,2.17,0.315,5.0
5.0,0.7,2.5,4.5,0.4,14400,0.4,94,92.6,29.64,0.17,2.17,0.315,5.0
5.0,0.7,2.5,4.5,0.6,14400,0.4,94,92.6,29.64,0.17,2.17,0.315,5.0
5.0,0.7,2.5,4.5,0.8,14400,0.4,94,92.6,29.64,0.17,2.17,0.315,5.0
5.0,1.5,2.5,3.0,0.8,14400,0.8,88,78.4,27.61,0.51,1.84,0.314,6.24
5.0,0.7,1.5,3.0,0.4,14400,0.4,94,92.6,29.46,0.17,2.17,0.313,5.0
5.0,0.7,1.5,3.0,0.6,14400,0.4,94,92.6,29.46,0.17,2.17,0.313,5.0
5.0,0.7,1.5,3.0,0.8,14400,0.4,94,92.6,29.46,0.17,2.17,0.313,5.0
5.0,0.7,1.5,4.5,0.4,14400,0.4,94,92.6,29.46,0.17,2.17,0.313,5.0
5.0,0.7,1.5,4.5,0.6,14400,0.4,94,92.6,29.46,0.17,2.17,0.313,5.0
5.0,0.7,1.5,4.5,0.8,14400,0.4,94,92.6,29.46,0.17,2.17,0.313,5.0
5.0,1.0,2.5,3.0,0.4,1200,0.2,83,83.1,25.97,0.38,1.86,0.313,5.32
5.0,1.0,2.5,3.0,0.6,1200,0.2,83,83.1,25.97,0.38,1.86,0.313,5.32
5.0,1.0,2.5,3.0,0.8,1200,0.2,83,83.1,25.97,0.38,1.86,0.313,5.32
5.0,1.0,2.5,4.5,0.4,1200,0.2,83,83.1,25.97,0.38,1.86,0.313,5.32
5.0,1.0,2.5,4.5,0.6,1200,0.2,83,83.1,25.97,0.38,1.86,0.313,5.32
5.0,1.0,2.5,4.5,0.8,1200,0.2,83,83.1,25.97,0.38,1.86,0.313,5.32
3.0,1.5,2.5,3.0,0.6,1200,0.2,121,76.0,37.79,0.58,1.83,0.312,6.0
3.0,1.5,2.5,4.5,0.6,1200,0.2,121,76.0,37.79,0.58,1.83,0.312,6.0
5.0,0.7,2.5,3.0,0.4,3600,0.2,94,93.6,29.3,0.15,2.17,0.312,5.0
5.0,0.7,2.5,3.0,0.6,3600,0.2,94,93.6,29.3,0.15,2.17,0.312,5.0
5.0,0.7,2.5,3.0,0.8,3600,0.2,94,93.6,29.3,0.15,2.17,0.312,5.0
5.0,0.7,2.5,4.5,0.4,3600,0.2,94,93.6,29.3,0.15,2.17,0.312,5.0
5.0,0.7,2.5,4.5,0.6,3600,0.2,94,93.6,29.3,0.15,2.17,0.312,5.0
5.0,0.7,2.5,4.5,0.8,3600,0.2,94,93.6,29.3,0.15,2.17,0.312,5.0
3.0,1.5,2.5,3.0,0.4,1200,0.2,116,77.6,36.1,0.5,1.75,0.311,7.79
3.0,1.5,2.5,4.5,0.4,1200,0.2,116,77.6,36.1,0.5,1.75,0.311,7.79
5.0,1.0,2.5,3.0,0.4,7200,0.4,77,88.3,23.98,0.24,1.79,0.311,5.0
5.0,1.0,2.5,3.0,0.6,7200,0.4,77,88.3,23.98,0.24,1.79,0.311,5.0
5.0,1.0,2.5,3.0,0.8,7200,0.4,77,88.3,23.98,0.24,1.79,0.311,5.0
5.0,1.0,2.5,4.5,0.4,7200,0.4,77,88.3,23.98,0.24,1.79,0.311,5.0
5.0,1.0,2.5,4.5,0.6,7200,0.4,77,88.3,23.98,0.24,1.79,0.311,5.0
5.0,1.0,2.5,4.5,0.8,7200,0.4,77,88.3,23.98,0.24,1.79,0.311,5.0
5.0,0.7,1.5,3.0,0.4,3600,0.2,94,93.6,29.12,0.15,2.16,0.31,5.0
5.0,0.7,1.5,3.0,0.6,3600,0.2,94,93.6,29.12,0.15,2.16,0.31,5.0
5.0,0.7,1.5,3.0,0.8,3600,0.2,94,93.6,29.12,0.15,2.16,0.31,5.0
5.0,0.7,1.5,4.5,0.4,3600,0.2,94,93.6,29.12,0.15,2.16,0.31,5.0
5.0,0.7,1.5,4.5,0.6,3600,0.2,94,93.6,29.12,0.15,2.16,0.31,5.0
5.0,0.7,1.5,4.5,0.8,3600,0.2,94,93.6,29.12,0.15,2.16,0.31,5.0
4.0,1.5,2.5,3.0,0.4,7200,0.2,80,83.8,24.71,0.3,1.56,0.309,4.91
4.0,1.5,2.5,3.0,0.4,14400,0.2,78,85.9,24.11,0.25,1.55,0.309,4.91
4.0,1.5,2.5,3.0,0.4,,0.4,78,85.9,24.11,0.25,1.55,0.309,4.91
4.0,1.5,2.5,4.5,0.4,7200,0.2,80,83.8,24.71,0.3,1.56,0.309,4.91
4.0,1.5,2.5,4.5,0.4,14400,0.2,78,85.9,24.11,0.25,1.55,0.309,4.91
4.0,1.5,2.5,4.5,0.4,,0.4,78,85.9,24.11,0.25,1.55,0.309,4.91
5.0,1.5,2.5,4.5,0.8,14400,0.8,88,78.4,27.16,0.5,1.83,0.309,6.24
3.0,1.5,2.5,3.0,0.4,7200,0.4,109,78.9,33.47,0.44,1.65,0.307,6.56
3.0,1.5,2.5,3.0,0.8,1200,0.2,119,76.5,36.54,0.55,1.8,0.307,6.0
3.0,1.5,2.5,4.5,0.4,7200,0.4,109,78.9,33.47,0.44,1.65,0.307,6.56
3.0,1.5,2.5,4.5,0.8,1200,0.2,119,76.5,36.09,0.55,1.79,0.303,6.0
5.0,1.0,1.5,3.0,0.4,2400,0.4,103,82.5,31.12,0.46,2.18,0.302,5.16
5.0,1.0,1.5,3.0,0.6,2400,0.4,103,82.5,31.12,0.46,2.18,0.302,5.16
5.0,1.0,1.5,3.0,0.8,2400,0.4,103,82.5,31.12,0.46,2.18,0.302,5.16
2.0,1.5,2.5,3.0,0.4,2400,0.2,116,75.0,34.89,0.56,1.67,0.301,5.02
2.0,1.5,2.5,4.5,0.4,2400,0.2,116,75.0,34.89,0.56,1.67,0.301,5.02
5.0,1.5,2.5,3.0,0.8,2400,0.4,104,82.7,31.34,0.46,2.2,0.301,6.23
2.0,1.5,2.5,3.0,0.4,7200,0.2,108,75.0,32.26,0.54,1.62,0.299,5.02
2.0,1.5,2.5,4.5,0.4,7200,0.2,108,75.0,32.26,0.54,1.62,0.299,5.02
4.0,0.7,1.5,3.0,0.4,14400,0.2,101,91.1,30.18,0.19,1.94,0.299,4.13
4.0,0.7,1.5,3.0,0.4,,0.4,99,91.9,29.65,0.17,1.93,0.299,4.13
4.0,0.7,1.5,3.0,0.6,14400,0.2,101,91.1,30.18,0.19,1.94,0.299,4.13
4.0,0.7,1.5,3.0,0.6,,0.4,99,91.9,29.65,0.17,1.93,0.299,4.13
4.0,0.7,1.5,3.0,0.8,14400,0.2,101,91.1,30.18,0.19,1.94,0.299,4.13
4.0,0.7,1.5,3.0,0.8,,0.4,99,91.9,29.65,0.17,1.93,0.299,4.13
4.0,0.7,1.5,4.5,0.4,14400,0.2,101,91.1,30.18,0.19,1.94,0.299,4.13
4.0,0.7,1.5,4.5,0.4,,0.4,99,91.9,29.65,0.17,1.93,0.299,4.13
4.0,0.7,1.5,4.5,0.6,14400,0.2,101,91.1,30.18,0.19,1.94,0.299,4.13
4.0,0.7,1.5,4.5,0.6,,0.4,99,91.9,29.65,0.17,1.93,0.299,4.13
4.0,0.7,1.5,4.5,0.8,14400,0.2,101,91.1,30.18,0.19,1.94,0.299,4.13
4.0,0.7,1.5,4.5,0.8,,0.4,99,91.9,29.65,0.17,1.93,0.299,4.13
2.0,1.5,2.5,3.0,0.4,14400,0.4,114,74.6,33.97,0.56,1.65,0.298,5.02
2.0,1.5,2.5,4.5,0.4,14400,0.4,114,74.6,33.97,0.56,1.65,0.298,5.02
5.0,1.5,2.5,3.0,0.6,7200,0.8,120,75.8,35.69,0.7,2.2,0.297,5.22
5.0,1.5,2.5,4.5,0.6,7200,0.8,120,75.8,35.69,0.7,2.2,0.297,5.22
5.0,1.5,2.5,3.0,0.6,2400,0.4,108,81.5,31.82,0.5,2.21,0.295,5.14
2.0,1.5,2.5,3.0,0.6,2400,0.2,120,75.8,35.33,0.53,1.67,0.294,4.71
2.0,1.5,2.5,3.0,0.6,7200,0.2,111,75.7,32.66,0.52,1.63,0.294,4.71
2.0,1.5,2.5,4.5,0.6,2400,0.2,120,75.8,35.33,0.53,1.67,0.294,4.71
2.0,1.5,2.5,4.5,0.6,7200,0.2,111,75.7,32.66,0.52,1.63,0.294,4.71
4.0,0.7,1.5,3.0,0.4,7200,0.2,103,90.3,30.28,0.21,1.94,0.294,4.13
4.0,0.7,1.5,3.0,0.6,7200,0.2,103,90.3,30.28,0.21,1.94,0.294,4.13
4.0,0.7,1.5,3.0,0.8,7200,0.2,103,90.3,30.28,0.21,1.94,0.294,4.13
4.0,0.7,1.5,4.5,0.4,7200,0.2,103,90.3,30.28,0.21,1.94,0.294,4.13
4.0,0.7,1.5,4.5,0.6,7200,0.2,103,90.3,30.28,0.21,1.94,0.294,4.13
4.0,0.7,1.5,4.5,0.8,7200,0.2,103,90.3,30.28,0.21,1.94,0.294,4.13
5.0,1.5,2.5,4.5,0.8,2400,0.4,104,82.7,30.44,0.45,2.16,0.293,6.23
5.0,1.5,2.5,4.5,0.6,2400,0.4,108,81.5,31.37,0.5,2.19,0.29,5.14
5.0,1.0,1.5,4.5,0.4,2400,0.4,103,82.5,29.77,0.45,2.13,0.289,5.16
5.0,1.0,1.5,4.5,0.6,2400,0.4,103,82.5,29.77,0.45,2.13,0.289,5.16
5.0,1.0,1.5,4.5,0.8,2400,0.4,103,82.5,29.77,0.45,2.13,0.289,5.16
5.0,1.5,2.5,3.0,0.4,7200,0.8,123,74.8,35.49,0.73,2.17,0.289,5.22
5.0,1.5,2.5,4.5,0.4,7200,0.8,123,74.8,35.49,0.73,2.17,0.289,5.22
5.0,1.5,2.5,3.0,0.8,7200,0.8,116,75.9,33.41,0.68,2.12,0.288,5.22
5.0,0.7,2.5,3.0,0.4,2400,0.2,98,92.9,27.93,0.16,2.11,0.285,5.41
5.0,0.7,2.5,3.0,0.6,2400,0.2,98,92.9,27.93,0.16,2.11,0.285,5.41
5.0,0.7,2.5,3.0,0.8,2400,0.2,98,92.9,27.93,0.16,2.11,0.285,5.41
5.0,0.7,2.5,4.5,0.4,2400,0.2,98,92.9,27.93,0.16,2.11,0.285,5.41
5.0,0.7,2.5,4.5,0.6,2400,0.2,98,92.9,27.93,0.16,2.11,0.285,5.41
5.0,0.7,2.5,4.5,0.8,2400,0.2,98,92.9,27.93,0.16,2.11,0.285,5.41
5.0,1.0,2.5,3.0,0.4,2400,0.4,103,82.5,29.32,0.45,2.12,0.285,5.16
5.0,1.0,2.5,3.0,0.6,2400,0.4,103,82.5,29.32,0.45,2.12,0.285,5.16
5.0,1.0,2.5,3.0,0.8,2400,0.4,103,82.5,29.32,0.45,2.12,0.285,5.16
2.0,1.5,2.5,3.0,0.4,3600,0.2,110,74.5,31.21,0.55,1.6,0.284,5.02
2.0,1.5,2.5,4.5,0.4,3600,0.2,110,74.5,31.21,0.55,1.6,0.284,5.02
5.0,1.5,2.5,4.5,0.8,7200,0.8,116,75.9,32.96,0.67,2.11,0.284,5.22
3.0,1.0,1.5,3.0,0.4,7200,0.2,96,83.3,27.15,0.31,1.57,0.283,7.5
3.0,1.0,1.5,3.0,0.4,14400,0.2,96,83.3,27.15,0.31,1.57,0.283,7.5
3.0,1.0,1.5,3.0,0.4,,0.4,96,83.3,27.15,0.31,1.57,0.283,7.5
3.0,1.0,1.5,3.0,0.6,7200,0.2,96,83.3,27.15,0.31,1.57,0.283,7.5
3.0,1.0,1.5,3.0,0.6,14400,0.2,96,83.3,27.15,0.31,1.57,0.283,7.5
3.0,1.0,1.5,3.0,0.6,,0.4,96,83.3,27.15,0.31,1.57,0.283,7.5
3.0,1.0,1.5,3.0,0.8,7200,0.2,96,83.3,27.15,0.31,1.57,0.283,7.5
3.0,1.0,1.5,3.0,0.8,14400,0.2,96,83.3,27.15,0.31,1.57,0.283,7.5
3.0,1.0,1.5,3.0,0.8,,0.4,96,83.3,27.15,0.31,1.57,0.283,7.5
3.0,1.0,1.5,4.5,0.4,7200,0.2,96,83.3,27.15,0.31,1.57,0.283,7.5
3.0,1.0,1.5,4.5,0.4,14400,0.2,96,83.3,27.15,0.31,1.57,0.283,7.5
3.0,1.0,1.5,4.5,0.4,,0.4,96,83.3,27.15,0.31,1.57,0.283,7.5
3.0,1.0,1.5,4.5,0.6,7200,0.2,96,83.3,27.15,0.31,1.57,0.283,7.5
3.0,1.0,1.5,4.5,0.6,14400,0.2,96,83.3,27.15,0.31,1.57,0.283,7.5
3.0,1.0,1.5,4.5,0.6,,0.4,96,83.3,27.15,0.31,1.57,0.283,7.5
3.0,1.0,1.5,4.5,0.8,7200,0.2,96,83.3,27.15,0.31,1.57,0.283,7.5
3.0,1.0,1.5,4.5,0.8,14400,0.2,96,83.3,27.15,0.31,1.57,0.283,7.5
3.0,1.0,1.5,4.5,0.8,,0.4,96,83.3,27.15,0.31,1.57,0.283,7.5
2.0,1.5,2.5,3.0,0.6,14400,0.4,117,74.4,33.02,0.56,1.63,0.282,4.71
2.0,1.5,2.5,4.5,0.6,14400,0.4,117,74.4,33.02,0.56,1.63,0.282,4.71
5.0,1.0,1.5,3.0,0.4,3600,0.4,86,81.4,24.16,0.4,1.77,0.281,5.2
5.0,1.0,1.5,3.0,0.6,3600,0.4,86,81.4,24.16,0.4,1.77,0.281,5.2
5.0,1.0,1.5,3.0,0.8,3600,0.4,86,81.4,24.16,0.4,1.77,0.281,5.2
5.0,1.0,2.5,4.5,0.4,2400,0.4,103,82.5,28.87,0.44,2.1,0.28,5.16
5.0,1.0,2.5,4.5,0.6,2400,0.4,103,82.5,28.87,0.44,2.1,0.28,5.16
5.0,1.0,2.5,4.5,0.8,2400,0.4,103,82.5,28.87,0.44,2.1,0.28,5.16
2.0,1.5,2.5,3.0,0.6,3600,0.2,113,75.2,31.29,0.53,1.6,0.277,4.71
2.0,1.5,2.5,4.5,0.6,3600,0.2,113,75.2,31.29,0.53,1.6,0.277,4.71
5.0,0.7,1.5,3.0,0.4,2400,0.2,98,92.9,27.03,0.16,2.07,0.276,5.41
5.0,0.7,1.5,3.0,0.6,2400,0.2,98,92.9,27.03,0.16,2.07,0.276,5.41
5.0,0.7,1.5,3.0,0.8,2400,0.2,98,92.9,27.03,0.16,2.07,0.276,5.41
5.0,0.7,1.5,4.5,0.4,2400,0.2,98,92.9,27.03,0.16,2.07,0.276,5.41
5.0,0.7,1.5,4.5,0.6,2400,0.2,98,92.9,27.03,0.16,2.07,0.276,5.41
5.0,0.7,1.5,4.5,0.8,2400,0.2,98,92.9,27.03,0.16,2.07,0.276,5.41
2.0,1.5,2.5,3.0,0.6,7200,0.4,120,74.2,32.84,0.57,1.65,0.274,4.71
2.0,1.5,2.5,4.5,0.6,7200,0.4,120,74.2,32.84,0.57,1.65,0.274,4.71
4.0,0.7,1.5,3.0,0.4,3600,0.2,105,90.5,28.77,0.2,1.9,0.274,4.13
4.0,0.7,1.5,3.0,0.6,3600,0.2,105,90.5,28.77,0.2,1.9,0.274,4.13
4.0,0.7,1.5,3.0,0.8,3600,0.2,105,90.5,28.77,0.2,1.9,0.274,4.13
4.0,0.7,1.5,4.5,0.4,3600,0.2,105,90.5,28.77,0.2,1.9,0.274,4.13
4.0,0.7,1.5,4.5,0.6,3600,0.2,105,90.5,28.77,0.2,1.9,0.274,4.13
4.0,0.7,1.5,4.5,0.8,3600,0.2,105,90.5,28.77,0.2,1.9,0.274,4.13
5.0,0.7,2.5,3.0,0.4,1200,0.2,106,86.8,29.03,0.37,2.41,0.274,5.0
5.0,0.7,2.5,3.0,0.6,1200,0.2,106,86.8,29.03,0.37,2.41,0.274,5.0
5.0,0.7,2.5,3.0,0.8,1200,0.2,106,86.8,29.03,0.37,2.41,0.274,5.0
5.0,0.7,2.5,4.5,0.4,1200,0.2,106,86.8,29.03,0.37,2.41,0.274,5.0
5.0,0.7,2.5,4.5,0.6,1200,0.2,106,86.8,29.03,0.37,2.41,0.274,5.0
5.0,0.7,2.5,4.5,0.8,1200,0.2,106,86.8,29.03,0.37,2.41,0.274,5.0
3.0,1.0,1.5,3.0,0.4,3600,0.2,98,81.6,26.69,0.35,1.55,0.272,7.5
3.0,1.0,1.5,3.0,0.6,3600,0.2,98,81.6,26.69,0.35,1.55,0.272,7.5
3.0,1.0,1.5,3.0,0.8,3600,0.2,98,81.6,26.69,0.35,1.55,0.272,7.5
3.0,1.0,1.5,4.5,0.4,3600,0.2,98,81.6,26.69,0.35,1.55,0.272,7.5
3.0,1.0,1.5,4.5,0.6,3600,0.2,98,81.6,26.69,0.35,1.55,0.272,7.5
3.0,1.0,1.5,4.5,0.8,3600,0.2,98,81.6,26.69,0.35,1.55,0.272,7.5
4.0,0.7,2.5,3.0,0.4,14400,0.2,101,91.1,27.48,0.18,1.86,0.272,4.85
4.0,0.7,2.5,3.0,0.4,,0.4,99,91.9,26.95,0.16,1.84,0.272,4.85
4.0,0.7,2.5,3.0,0.6,14400,0.2,101,91.1,27.48,0.18,1.86,0.272,4.85
4.0,0.7,2.5,3.0,0.6,,0.4,99,91.9,26.95,0.16,1.84,0.272,4.85
4.0,0.7,2.5,3.0,0.8,14400,0.2,101,91.1,27.48,0.18,1.86,0.272,4.85
4.0,0.7,2.5,3.0,0.8,,0.4,99,91.9,26.95,0.16,1.84,0.272,4.85
4.0,0.7,2.5,4.5,0.4,14400,0.2,101,91.1,27.48,0.18,1.86,0.272,4.85
4.0,0.7,2.5,4.5,0.4,,0.4,99,91.9,26.95,0.16,1.84,0.272,4.85
4.0,0.7,2.5,4.5,0.6,14400,0.2,101,91.1,27.48,0.18,1.86,0.272,4.85
4.0,0.7,2.5,4.5,0.6,,0.4,99,91.9,26.95,0.16,1.84,0.272,4.85
4.0,0.7,2.5,4.5,0.8,14400,0.2,101,91.1,27.48,0.18,1.86,0.272,4.85
4.0,0.7,2.5,4.5,0.8,,0.4,99,91.9,26.95,0.16,1.84,0.272,4.85
2.0,1.5,2.5,3.0,0.4,14400,0.2,107,74.8,28.95,0.52,1.54,0.271,5.02
2.0,1.5,2.5,3.0,0.4,,0.4,107,74.8,28.95,0.52,1.54,0.271,5.02
2.0,1.5,2.5,4.5,0.4,14400,0.2,107,74.8,28.95,0.52,1.54,0.271,5.02
2.0,1.5,2.5,4.5,0.4,,0.4,107,74.8,28.95,0.52,1.54,0.271,5.02
2.0,1.5,2.5,3.0,0.8,7200,0.2,109,76.1,29.47,0.49,1.57,0.27,6.18
2.0,1.5,2.5,3.0,0.8,14400,0.2,109,76.1,29.47,0.49,1.57,0.27,6.18
2.0,1.5,2.5,3.0,0.8,,0.4,109,76.1,29.47,0.49,1.57,0.27,6.18
4.0,0.7,2.5,3.0,0.4,7200,0.2,103,90.3,27.58,0.2,1.86,0.268,4.85
4.0,0.7,2.5,3.0,0.6,7200,0.2,103,90.3,27.58,0.2,1.86,0.268,4.85
4.0,0.7,2.5,3.0,0.8,7200,0.2,103,90.3,27.58,0.2,1.86,0.268,4.85
4.0,0.7,2.5,4.5,0.4,7200,0.2,103,90.3,27.58,0.2,1.86,0.268,4.85
4.0,0.7,2.5,4.5,0.6,7200,0.2,103,90.3,27.58,0.2,1.86,0.268,4.85
4.0,0.7,2.5,4.5,0.8,7200,0.2,103,90.3,27.58,0.2,1.86,0.268,4.85
2.0,1.5,2.5,3.0,0.6,14400,0.2,110,75.5,29.35,0.5,1.54,0.267,4.71
2.0,1.5,2.5,3.0,0.6,,0.4,110,75.5,29.35,0.5,1.54,0.267,4.71
2.0,1.5,2.5,4.5,0.6,14400,0.2,110,75.5,29.35,0.5,1.54,0.267,4.71
2.0,1.5,2.5,4.5,0.6,,0.4,110,75.5,29.35,0.5,1.54,0.267,4.71
3.0,1.5,2.5,3.0,0.6,3600,0.4,114,76.3,30.47,0.5,1.62,0.267,6.03
2.0,1.5,2.5,4.5,0.8,7200,0.2,109,76.1,29.02,0.49,1.56,0.266,6.18
2.0,1.5,2.5,4.5,0.8,14400,0.2,109,76.1,29.02,0.49,1.56,0.266,6.18
2.0,1.5,2.5,4.5,0.8,,0.4,109,76.1,29.02,0.49,1.56,0.266,6.18
5.0,0.7,1.5,3.0,0.4,1200,0.2,106,86.8,28.13,0.36,2.36,0.265,5.0
5.0,0.7,1.5,3.0,0.6,1200,0.2,106,86.8,28.13,0.36,2.36,0.265,5.0
5.0,0.7,1.5,3.0,0.8,1200,0.2,106,86.8,28.13,0.36,2.36,0.265,5.0
5.0,0.7,1.5,4.5,0.4,1200,0.2,106,86.8,28.13,0.36,2.36,0.265,5.0
5.0,0.7,1.5,4.5,0.6,1200,0.2,106,86.8,28.13,0.36,2.36,0.265,5.0
5.0,0.7,1.5,4.5,0.8,1200,0.2,106,86.8,28.13,0.36,2.36,0.265,5.0
5.0,0.7,2.5,3.0,0.4,7200,0.4,98,88.8,25.98,0.25,2.01,0.265,6.19
5.0,0.7,2.5,3.0,0.6,7200,0.4,98,88.8,25.98,0.25,2.01,0.265,6.19
5.0,0.7,2.5,3.0,0.8,7200,0.4,98,88.8,25.98,0.25,2.01,0.265,6.19
5.0,0.7,2.5,4.5,0.4,7200,0.4,98,88.8,25.98,0.25,2.01,0.265,6.19
5.0,0.7,2.5,4.5,0.6,7200,0.4,98,88.8,25.98,0.25,2.01,0.265,6.19
5.0,0.7,2.5,4.5,0.8,7200,0.4,98,88.8,25.98,0.25,2.01,0.265,6.19
5.0,1.0,1.5,4.5,0.4,3600,0.4,86,81.4,22.81,0.39,1.72,0.265,5.2
5.0,1.0,1.5,4.5,0.6,3600,0.4,86,81.4,22.81,0.39,1.72,0.265,5.2
5.0,1.0,1.5,4.5,0.8,3600,0.4,86,81.4,22.81,0.39,1.72,0.265,5.2
5.0,1.0,2.5,3.0,0.4,3600,0.4,86,81.4,22.81,0.39,1.72,0.265,5.2
5.0,1.0,2.5,3.0,0.6,3600,0.4,86,81.4,22.81,0.39,1.72,0.265,5.2
5.0,1.0,2.5,3.0,0.8,3600,0.4,86,81.4,22.81,0.39,1.72,0.265,5.2
3.0,1.0,2.5,3.0,0.4,7200,0.2,96,83.3,25.35,0.31,1.53,0.264,7.5
3.0,1.0,2.5,3.0,0.4,14400,0.2,96,83.3,25.35,0.31,1.53,0.264,7.5
3.0,1.0,2.5,3.0,0.4,,0.4,96,83.3,25.35,0.31,1.53,0.264,7.5
3.0,1.0,2.5,3.0,0.6,7200,0.2,96,83.3,25.35,0.31,1.53,0.264,7.5
3.0,1.0,2.5,3.0,0.6,14400,0.2,96,83.3,25.35,0.31,1.53,0.264,7.5
3.0,1.0,2.5,3.0,0.6,,0.4,96,83.3,25.35,0.31,1.53,0.264,7.5
3.0,1.0,2.5,3.0,0.8,7200,0.2,96,83.3,25.35,0.31,1.53,0.264,7.5
3.0,1.0,2.5,3.0,0.8,14400,0.2,96,83.3,25.35,0.31,1.53,0.264,7.5
3.0,1.0,2.5,3.0,0.8,,0.4,96,83.3,25.35,0.31,1.53,0.264,7.5
3.0,1.0,2.5,4.5,0.4,7200,0.2,96,83.3,25.35,0.31,1.53,0.264,7.5
3.0,1.0,2.5,4.5,0.4,14400,0.2,96,83.3,25.35,0.31,1.53,0.264,7.5
3.0,1.0,2.5,4.5,0.4,,0.4,96,83.3,25.35,0.31,1.53,0.264,7.5
3.0,1.0,2.5,4.5,0.6,7200,0.2,96,83.3,25.35,0.31,1.53,0.264,7.5
3.0,1.0,2.5,4.5,0.6,14400,0.2,96,83.3,25.35,0.31,1.53,0.264,7.5
3.0,1.0,2.5,4.5,0.6,,0.4,96,83.3,25.35,0.31,1.53,0.264,7.5
3.0,1.0,2.5,4.5,0.8,7200,0.2,96,83.3,25.35,0.31,1.53,0.264,7.5
3.0,1.0,2.5,4.5,0.8,14400,0.2,96,83.3,25.35,0.31,1.53,0.264,7.5
3.0,1.0,2.5,4.5,0.8,,0.4,96,83.3,25.35,0.31,1.53,0.264,7.5
2.0,1.5,2.5,3.0,0.4,7200,0.4,123,73.2,32.35,0.59,1.61,0.263,5.02
2.0,1.5,2.5,4.5,0.4,7200,0.4,123,73.2,32.35,0.59,1.61,0.263,5.02
3.0,1.5,2.5,3.0,0.6,14400,0.8,123,72.4,32.31,0.62,1.62,0.263,6.0
3.0,1.5,2.5,4.5,0.6,3600,0.4,114,76.3,30.02,0.5,1.61,0.263,6.03
3.0,1.5,2.5,4.5,0.6,14400,0.8,123,72.4,32.31,0.62,1.62,0.263,6.0
3.0,1.0,1.5,3.0,0.4,2400,0.2,100,82.0,26.17,0.34,1.54,0.262,7.5
3.0,1.0,1.5,3.0,0.6,2400,0.2,100,82.0,26.17,0.34,1.54,0.262,7.5
3.0,1.0,1.5,3.0,0.8,2400,0.2,100,82.0,26.17,0.34,1.54,0.262,7.5
3.0,1.0,1.5,4.5,0.4,2400,0.2,100,82.0,26.17,0.34,1.54,0.262,7.5
3.0,1.0,1.5,4.5,0.6,2400,0.2,100,82.0,26.17,0.34,1.54,0.262,7.5
3.0,1.0,1.5,4.5,0.8,2400,0.2,100,82.0,26.17,0.34,1.54,0.262,7.5
2.0,1.5,2.5,3.0,0.8,14400,0.4,114,74.6,29.77,0.53,1.57,0.261,6.18
3.0,1.0,1.5,3.0,0.4,14400,0.4,99,80.8,25.86,0.36,1.53,0.261,7.5
3.0,1.0,1.5,3.0,0.6,14400,0.4,99,80.8,25.86,0.36,1.53,0.261,7.5
3.0,1.0,1.5,3.0,0.8,14400,0.4,99,80.8,25.86,0.36,1.53,0.261,7.5
3.0,1.0,1.5,4.5,0.4,14400,0.4,99,80.8,25.86,0.36,1.53,0.261,7.5
3.0,1.0,1.5,4.5,0.6,14400,0.4,99,80.8,25.86,0.36,1.53,0.261,7.5
3.0,1.0,1.5,4.5,0.8,14400,0.4,99,80.8,25.86,0.36,1.53,0.261,7.5
5.0,1.0,2.5,4.5,0.4,3600,0.4,86,81.4,22.36,0.39,1.71,0.26,5.2
5.0,1.0,2.5,4.5,0.6,3600,0.4,86,81.4,22.36,0.39,1.71,0.26,5.2
5.0,1.0,2.5,4.5,0.8,3600,0.4,86,81.4,22.36,0.39,1.71,0.26,5.2
2.0,1.5,2.5,3.0,0.8,7200,0.4,120,75.0,30.85,0.54,1.61,0.257,6.18
2.0,1.5,2.5,4.5,0.8,14400,0.4,114,74.6,29.32,0.53,1.56,0.257,6.18
5.0,0.7,1.5,3.0,0.4,7200,0.4,98,88.8,25.08,0.25,1.98,0.256,6.19
5.0,0.7,1.5,3.0,0.6,7200,0.4,98,88.8,25.08,0.25,1.98,0.256,6.19
5.0,0.7,1.5,3.0,0.8,7200,0.4,98,88.8,25.08,0.25,1.98,0.256,6.19
5.0,0.7,1.5,4.5,0.4,7200,0.4,98,88.8,25.08,0.25,1.98,0.256,6.19
5.0,0.7,1.5,4.5,0.6,7200,0.4,98,88.8,25.08,0.25,1.98,0.256,6.19
5.0,0.7,1.5,4.5,0.8,7200,0.4,98,88.8,25.08,0.25,1.98,0.256,6.19
3.0,1.5,2.5,3.0,0.8,3600,0.4,115,74.8,29.26,0.54,1.6,0.254,6.23
3.0,1.5,2.5,3.0,0.8,14400,0.8,121,71.9,30.71,0.62,1.59,0.254,6.0
4.0,1.5,2.5,3.0,0.6,2400,0.2,93,82.8,23.65,0.31,1.49,0.254,10.9
4.0,1.5,2.5,4.5,0.6,2400,0.2,93,82.8,23.65,0.31,1.49,0.254,10.9
2.0,1.5,2.5,3.0,0.8,3600,0.2,111,75.7,28.08,0.49,1.54,0.253,6.18
2.0,1.5,2.5,4.5,0.8,7200,0.4,120,75.0,30.4,0.53,1.6,0.253,6.18
5.0,1.5,2.5,3.0,0.4,1200,0.4,146,74.0,36.63,0.91,2.59,0.251,5.21
3.0,1.5,2.5,4.5,0.8,14400,0.8,121,71.9,30.26,0.62,1.58,0.25,6.0
2.0,1.5,2.5,4.5,0.8,3600,0.2,111,75.7,27.63,0.49,1.53,0.249,6.18
3.0,1.0,2.5,3.0,0.4,3600,0.2,98,81.6,24.44,0.34,1.51,0.249,7.5
3.0,1.0,2.5,3.0,0.6,3600,0.2,98,81.6,24.44,0.34,1.51,0.249,7.5
3.0,1.0,2.5,3.0,0.8,3600,0.2,98,81.6,24.44,0.34,1.51,0.249,7.5
3.0,1.0,2.5,4.5,0.4,3600,0.2,98,81.6,24.44,0.34,1.51,0.249,7.5
3.0,1.0,2.5,4.5,0.6,3600,0.2,98,81.6,24.44,0.34,1.51,0.249,7.5
3.0,1.0,2.5,4.5,0.8,3600,0.2,98,81.6,24.44,0.34,1.51,0.249,7.5
5.0,1.0,1.5,3.0,0.4,14400,0.8,90,77.8,22.44,0.48,1.68,0.249,5.28
5.0,1.0,1.5,3.0,0.6,14400,0.8,90,77.8,22.44,0.48,1.68,0.249,5.28
5.0,1.0,1.5,3.0,0.8,14400,0.8,90,77.8,22.44,0.48,1.68,0.249,5.28
5.0,1.0,1.5,4.5,0.4,14400,0.8,90,77.8,22.44,0.48,1.68,0.249,5.28
5.0,1.0,1.5,4.5,0.6,14400,0.8,90,77.8,22.44,0.48,1.68,0.249,5.28
5.0,1.0,1.5,4.5,0.8,14400,0.8,90,77.8,22.44,0.48,1.68,0.249,5.28
4.0,0.7,2.5,3.0,0.4,3600,0.2,105,90.5,26.07,0.19,1.81,0.248,4.85
4.0,0.7,2.5,3.0,0.6,3600,0.2,105,90.5,26.07,0.19,1.81,0.248,4.85
4.0,0.7,2.5,3.0,0.8,3600,0.2,105,90.5,26.07,0.19,1.81,0.248,4.85
4.0,0.7,2.5,4.5,0.4,3600,0.2,105,90.5,26.07,0.19,1.81,0.248,4.85
4.0,0.7,2.5,4.5,0.6,3600,0.2,105,90.5,26.07,0.19,1.81,0.248,4.85
4.0,0.7,2.5,4.5,0.8,3600,0.2,105,90.5,26.07,0.19,1.81,0.248,4.85
4.0,1.5,2.5,3.0,0.4,2400,0.2,89,82.0,22.08,0.32,1.46,0.248,10.17
4.0,1.5,2.5,4.5,0.4,2400,0.2,89,82.0,22.08,0.32,1.46,0.248,10.17
5.0,1.5,2.5,4.5,0.4,1200,0.4,146,74.0,36.18,0.9,2.57,0.248,5.21
2.0,1.5,2.5,3.0,0.8,2400,0.2,122,75.4,30.13,0.51,1.57,0.247,6.18
3.0,1.5,2.5,4.5,0.8,3600,0.4,115,74.8,28.36,0.53,1.58,0.247,6.23
2.0,1.5,2.5,3.0,0.4,1200,0.2,129,71.3,31.7,0.65,1.61,0.246,5.02
2.0,1.5,2.5,4.5,0.4,1200,0.2,129,71.3,31.7,0.65,1.61,0.246,5.02
4.0,0.7,1.5,3.0,0.4,2400,0.2,109,90.8,26.77,0.19,1.83,0.246,4.13
4.0,0.7,1.5,3.0,0.6,2400,0.2,109,90.8,26.77,0.19,1.83,0.246,4.13
4.0,0.7,1.5,3.0,0.8,2400,0.2,109,90.8,26.77,0.19,1.83,0.246,4.13
4.0,0.7,1.5,4.5,0.4,2400,0.2,109,90.8,26.77,0.19,1.83,0.246,4.13
4.0,0.7,1.5,4.5,0.6,2400,0.2,109,90.8,26.77,0.19,1.83,0.246,4.13
4.0,0.7,1.5,4.5,0.8,2400,0.2,109,90.8,26.77,0.19,1.83,0.246,4.13
3.0,1.5,2.5,3.0,0.6,7200,0.8,154,71.4,37.63,0.74,1.84,0.244,6.0
3.0,1.5,2.5,3.0,0.8,7200,0.8,150,72.0,36.62,0.71,1.82,0.244,6.0
3.0,1.5,2.5,4.5,0.6,7200,0.8,154,71.4,37.63,0.74,1.84,0.244,6.0
4.0,1.5,2.5,3.0,0.4,2400,0.4,131,77.9,32.01,0.52,1.84,0.244,4.19
5.0,1.0,2.5,3.0,0.4,14400,0.8,90,77.8,21.99,0.48,1.67,0.244,5.73
5.0,1.0,2.5,3.0,0.6,14400,0.8,90,77.8,21.99,0.48,1.67,0.244,5.73
5.0,1.0,2.5,3.0,0.8,14400,0.8,90,77.8,21.99,0.48,1.67,0.244,5.73
5.0,1.0,2.5,4.5,0.4,14400,0.8,90,77.8,21.99,0.48,1.67,0.244,5.73
5.0,1.0,2.5,4.5,0.6,14400,0.8,90,77.8,21.99,0.48,1.67,0.244,5.73
5.0,1.0,2.5,4.5,0.8,14400,0.8,90,77.8,21.99,0.48,1.67,0.244,5.73
2.0,1.5,2.5,4.5,0.8,2400,0.2,122,75.4,29.68,0.51,1.57,0.243,6.18
3.0,1.0,2.5,3.0,0.4,14400,0.4,99,80.8,24.06,0.36,1.5,0.243,7.5
3.0,1.0,2.5,3.0,0.6,14400,0.4,99,80.8,24.06,0.36,1.5,0.243,7.5
3.0,1.0,2.5,3.0,0.8,14400,0.4,99,80.8,24.06,0.36,1.5,0.243,7.5
3.0,1.0,2.5,4.5,0.4,14400,0.4,99,80.8,24.06,0.36,1.5,0.243,7.5
3.0,1.0,2.5,4.5,0.6,14400,0.4,99,80.8,24.06,0.36,1.5,0.243,7.5
3.0,1.0,2.5,4.5,0.8,14400,0.4,99,80.8,24.06,0.36,1.5,0.243,7.5
4.0,1.5,2.5,3.0,0.4,7200,0.4,93,81.7,22.56,0.34,1.51,0.243,10.02
4.0,1.5,2.5,4.5,0.4,7200,0.4,93,81.7,22.56,0.34,1.51,0.243,10.02
5.0,1.0,1.5,3.0,0.4,7200,0.8,122,74.6,29.63,0.67,1.97,0.243,5.22
5.0,1.0,1.5,3.0,0.6,7200,0.8,122,74.6,29.63,0.67,1.97,0.243,5.22
5.0,1.0,1.5,3.0,0.8,7200,0.8,122,74.6,29.63,0.67,1.97,0.243,5.22
5.0,1.0,1.5,4.5,0.4,7200,0.8,122,74.6,29.63,0.67,1.97,0.243,5.22
5.0,1.0,1.5,4.5,0.6,7200,0.8,122,74.6,29.63,0.67,1.97,0.243,5.22
5.0,1.0,1.5,4.5,0.8,7200,0.8,122,74.6,29.63,0.67,1.97,0.243,5.22
4.0,1.5,2.5,3.0,0.8,3600,0.2,85,82.4,20.6,0.31,1.43,0.242,11.15
3.0,1.5,2.5,4.5,0.8,7200,0.8,150,72.0,36.17,0.71,1.81,0.241,6.0
4.0,1.5,2.5,4.5,0.4,2400,0.4,131,77.9,31.56,0.52,1.83,0.241,4.19
2.0,1.0,1.5,3.0,0.4,7200,0.2,114,75.4,27.41,0.49,1.51,0.24,6.1
2.0,1.0,1.5,3.0,0.6,7200,0.2,114,75.4,27.41,0.49,1.51,0.24,6.1
2.0,1.0,1.5,3.0,0.8,7200,0.2,114,75.4,27.41,0.49,1.51,0.24,6.1
2.0,1.0,1.5,4.5,0.4,7200,0.2,114,75.4,27.41,0.49,1.51,0.24,6.1
2.0,1.0,1.5,4.5,0.6,7200,0.2,114,75.4,27.41,0.49,1.51,0.24,6.1
2.0,1.0,1.5,4.5,0.8,7200,0.2,114,75.4,27.41,0.49,1.51,0.24,6.1
3.0,1.0,2.5,3.0,0.4,2400,0.2,100,82.0,23.92,0.33,1.5,0.239,7.5
3.0,1.0,2.5,3.0,0.6,2400,0.2,100,82.0,23.92,0.33,1.5,0.239,7.5
3.0,1.0,2.5,3.0,0.8,2400,0.2,100,82.0,23.92,0.33,1.5,0.239,7.5
3.0,1.0,2.5,4.5,0.4,2400,0.2,100,82.0,23.92,0.33,1.5,0.239,7.5
3.0,1.0,2.5,4.5,0.6,2400,0.2,100,82.0,23.92,0.33,1.5,0.239,7.5
3.0,1.0,2.5,4.5,0.8,2400,0.2,100,82.0,23.92,0.33,1.5,0.239,7.5
4.0,0.7,1.5,3.0,0.4,14400,0.4,106,88.7,25.25,0.22,1.7,0.238,8.0
4.0,0.7,1.5,3.0,0.6,14400,0.4,106,88.7,25.25,0.22,1.7,0.238,8.0
4.0,0.7,1.5,3.0,0.8,14400,0.4,106,88.7,25.25,0.22,1.7,0.238,8.0
4.0,0.7,1.5,4.5,0.4,14400,0.4,106,88.7,25.25,0.22,1.7,0.238,8.0
4.0,0.7,1.5,4.5,0.6,14400,0.4,106,88.7,25.25,0.22,1.7,0.238,8.0
4.0,0.7,1.5,4.5,0.8,14400,0.4,106,88.7,25.25,0.22,1.7,0.238,8.0
4.0,1.5,2.5,3.0,0.8,2400,0.2,96,82.3,22.83,0.32,1.47,0.238,10.97
4.0,1.5,2.5,4.5,0.8,3600,0.2,85,82.4,20.15,0.3,1.42,0.237,11.15
5.0,1.0,2.5,3.0,0.4,7200,0.8,122,74.6,28.73,0.66,1.94,0.235,5.22
5.0,1.0,2.5,3.0,0.6,7200,0.8,122,74.6,28.73,0.66,1.94,0.235,5.22
5.0,1.0,2.5,3.0,0.8,7200,0.8,122,74.6,28.73,0.66,1.94,0.235,5.22
5.0,1.0,2.5,4.5,0.4,7200,0.8,122,74.6,28.73,0.66,1.94,0.235,5.22
5.0,1.0,2.5,4.5,0.6,7200,0.8,122,74.6,28.73,0.66,1.94,0.235,5.22
5.0,1.0,2.5,4.5,0.8,7200,0.8,122,74.6,28.73,0.66,1.94,0.235,5.22
4.0,1.5,2.5,3.0,0.4,14400,0.4,86,81.4,20.05,0.32,1.41,0.233,10.36
4.0,1.5,2.5,4.5,0.4,14400,0.4,86,81.4,20.05,0.32,1.41,0.233,10.36
4.0,1.5,2.5,4.5,0.8,2400,0.2,96,82.3,22.38,0.31,1.46,0.233,10.97
4.0,1.5,2.5,3.0,0.6,7200,0.4,98,80.6,22.51,0.35,1.46,0.23,10.42
4.0,1.5,2.5,3.0,0.6,14400,0.4,89,80.9,20.43,0.34,1.42,0.23,10.76
4.0,1.5,2.5,4.5,0.6,7200,0.4,98,80.6,22.51,0.35,1.46,0.23,10.42
4.0,1.5,2.5,4.5,0.6,14400,0.4,89,80.9,20.43,0.34,1.42,0.23,10.76
2.0,1.0,1.5,3.0,0.4,14400,0.4,119,74.8,27.29,0.51,1.5,0.229,6.1
2.0,1.0,1.5,3.0,0.6,14400,0.4,119,74.8,27.29,0.51,1.5,0.229,6.1
2.0,1.0,1.5,3.0,0.8,14400,0.4,119,74.8,27.29,0.51,1.5,0.229,6.1
2.0,1.0,1.5,4.5,0.4,14400,0.4,119,74.8,27.29,0.51,1.5,0.229,6.1
2.0,1.0,1.5,4.5,0.6,14400,0.4,119,74.8,27.29,0.51,1.5,0.229,6.1
2.0,1.0,1.5,4.5,0.8,14400,0.4,119,74.8,27.29,0.51,1.5,0.229,6.1
3.0,1.5,2.5,3.0,0.4,3600,0.4,117,77.8,26.71,0.43,1.52,0.228,7.09
4.0,0.7,2.5,3.0,0.4,2400,0.2,109,90.8,24.79,0.18,1.77,0.227,4.85
4.0,0.7,2.5,3.0,0.6,2400,0.2,109,90.8,24.79,0.18,1.77,0.227,4.85
4.0,0.7,2.5,3.0,0.8,2400,0.2,109,90.8,24.79,0.18,1.77,0.227,4.85
4.0,0.7,2.5,4.5,0.4,2400,0.2,109,90.8,24.79,0.18,1.77,0.227,4.85
4.0,0.7,2.5,4.5,0.6,2400,0.2,109,90.8,24.79,0.18,1.77,0.227,4.85
4.0,0.7,2.5,4.5,0.8,2400,0.2,109,90.8,24.79,0.18,1.77,0.227,4.85
2.0,1.0,1.5,3.0,0.4,3600,0.2,116,75.0,26.2,0.5,1.49,0.226,6.1
2.0,1.0,1.5,3.0,0.6,3600,0.2,116,75.0,26.2,0.5,1.49,0.226,6.1
2.0,1.0,1.5,3.0,0.8,3600,0.2,116,75.0,26.2,0.5,1.49,0.226,6.1
2.0,1.0,1.5,4.5,0.4,3600,0.2,116,75.0,26.2,0.5,1.49,0.226,6.1
2.0,1.0,1.5,4.5,0.6,3600,0.2,116,75.0,26.2,0.5,1.49,0.226,6.1
2.0,1.0,1.5,4.5,0.8,3600,0.2,116,75.0,26.2,0.5,1.49,0.226,6.1
4.0,1.5,2.5,3.0,0.6,3600,0.2,86,81.4,19.43,0.32,1.4,0.226,11.08
4.0,1.5,2.5,4.5,0.6,3600,0.2,86,81.4,19.43,0.32,1.4,0.226,11.08
3.0,1.5,2.5,3.0,0.4,14400,0.8,126,71.4,28.28,0.6,1.51,0.224,6.56
3.0,1.5,2.5,4.5,0.4,3600,0.4,117,77.8,26.26,0.43,1.51,0.224,7.09
3.0,1.5,2.5,4.5,0.4,14400,0.8,126,71.4,28.28,0.6,1.51,0.224,6.56
4.0,1.5,2.5,3.0,0.8,7200,0.4,99,81.8,22.14,0.32,1.45,0.224,10.82
5.0,0.7,1.5,3.0,0.4,3600,0.4,120,83.3,26.87,0.4,2.0,0.224,6.28
5.0,0.7,1.5,3.0,0.6,3600,0.4,120,83.3,26.87,0.4,2.0,0.224,6.28
5.0,0.7,1.5,3.0,0.8,3600,0.4,120,83.3,26.87,0.4,2.0,0.224,6.28
5.0,0.7,1.5,4.5,0.4,3600,0.4,120,83.3,26.87,0.4,2.0,0.224,6.28
5.0,0.7,1.5,4.5,0.6,3600,0.4,120,83.3,26.87,0.4,2.0,0.224,6.28
5.0,0.7,1.5,4.5,0.8,3600,0.4,120,83.3,26.87,0.4,2.0,0.224,6.28
5.0,0.7,2.5,3.0,0.4,3600,0.4,120,83.3,26.87,0.4,2.0,0.224,6.28
5.0,0.7,2.5,3.0,0.6,3600,0.4,120,83.3,26.87,0.4,2.0,0.224,6.28
5.0,0.7,2.5,3.0,0.8,3600,0.4,120,83.3,26.87,0.4,2.0,0.224,6.28
5.0,0.7,2.5,4.5,0.4,3600,0.4,120,83.3,26.87,0.4,2.0,0.224,6.28
5.0,0.7,2.5,4.5,0.6,3600,0.4,120,83.3,26.87,0.4,2.0,0.224,6.28
5.0,0.7,2.5,4.5,0.8,3600,0.4,120,83.3,26.87,0.4,2.0,0.224,6.28
4.0,1.5,2.5,3.0,0.8,14400,0.4,86,81.4,19.2,0.32,1.4,0.223,11.16
4.0,1.5,2.5,3.0,0.8,2400,0.4,136,77.9,30.15,0.51,1.79,0.222,4.27
2.0,1.5,2.5,3.0,0.6,1200,0.2,134,70.1,29.63,0.66,1.56,0.221,5.49
2.0,1.5,2.5,4.5,0.6,1200,0.2,134,70.1,29.63,0.66,1.56,0.221,5.49
5.0,1.0,1.5,3.0,0.4,1200,0.4,146,74.0,32.26,0.84,2.4,0.221,5.57
5.0,1.0,1.5,3.0,0.6,1200,0.4,146,74.0,32.26,0.84,2.4,0.221,5.57
5.0,1.0,1.5,3.0,0.8,1200,0.4,146,74.0,32.26,0.84,2.4,0.221,5.57
5.0,1.5,2.5,3.0,0.8,1200,0.4,147,72.8,32.43,0.9,2.4,0.221,5.21
2.0,1.0,1.5,3.0,0.4,2400,0.2,118,75.4,26.01,0.48,1.48,0.22,6.1
2.0,1.0,1.5,3.0,0.6,2400,0.2,118,75.4,26.01,0.48,1.48,0.22,6.1
2.0,1.0,1.5,3.0,0.8,2400,0.2,118,75.4,26.01,0.48,1.48,0.22,6.1
2.0,1.0,1.5,4.5,0.4,2400,0.2,118,75.4,26.01,0.48,1.48,0.22,6.1
2.0,1.0,1.5,4.5,0.6,2400,0.2,118,75.4,26.01,0.48,1.48,0.22,6.1
2.0,1.0,1.5,4.5,0.8,2400,0.2,118,75.4,26.01,0.48,1.48,0.22,6.1
3.0,0.7,1.5,3.0,0.4,14400,0.4,120,86.7,26.42,0.25,1.63,0.22,6.0
3.0,0.7,1.5,3.0,0.6,14400,0.4,120,86.7,26.42,0.25,1.63,0.22,6.0
3.0,0.7,1.5,3.0,0.8,14400,0.4,120,86.7,26.42,0.25,1.63,0.22,6.0
3.0,0.7,1.5,4.5,0.4,14400,0.4,120,86.7,26.42,0.25,1.63,0.22,6.0
3.0,0.7,1.5,4.5,0.6,14400,0.4,120,86.7,26.42,0.25,1.63,0.22,6.0
3.0,0.7,1.5,4.5,0.8,14400,0.4,120,86.7,26.42,0.25,1.63,0.22,6.0
4.0,1.5,2.5,3.0,0.4,3600,0.2,83,80.7,18.22,0.33,1.38,0.22,10.35
4.0,1.5,2.5,4.5,0.4,3600,0.2,83,80.7,18.22,0.33,1.38,0.22,10.35
4.0,1.5,2.5,4.5,0.8,7200,0.4,99,81.8,21.69,0.32,1.45,0.219,10.82
3.0,1.0,1.5,3.0,0.4,1200,0.2,118,77.1,25.76,0.45,1.53,0.218,8.28
3.0,1.0,1.5,3.0,0.6,1200,0.2,118,77.1,25.76,0.45,1.53,0.218,8.28
3.0,1.0,1.5,3.0,0.8,1200,0.2,118,77.1,25.76,0.45,1.53,0.218,8.28
3.0,1.0,1.5,4.5,0.4,1200,0.2,118,77.1,25.76,0.45,1.53,0.218,8.28
3.0,1.0,1.5,4.5,0.6,1200,0.2,118,77.1,25.76,0.45,1.53,0.218,8.28
3.0,1.0,1.5,4.5,0.8,1200,0.2,118,77.1,25.76,0.45,1.53,0.218,8.28
4.0,1.5,2.5,4.5,0.8,14400,0.4,86,81.4,18.75,0.32,1.39,0.218,11.16
2.0,1.0,2.5,3.0,0.4,7200,0.2,114,75.4,24.71,0.47,1.46,0.217,6.1
2.0,1.0,2.5,3.0,0.6,7200,0.2,114,75.4,24.71,0.47,1.46,0.217,6.1
2.0,1.0,2.5,3.0,0.8,7200,0.2,114,75.4,24.71,0.47,1.46,0.217,6.1
2.0,1.0,2.5,4.5,0.4,7200,0.2,114,75.4,24.71,0.47,1.46,0.217,6.1
2.0,1.0,2.5,4.5,0.6,7200,0.2,114,75.4,24.71,0.47,1.46,0.217,6.1
2.0,1.0,2.5,4.5,0.8,7200,0.2,114,75.4,24.71,0.47,1.46,0.217,6.1
2.0,1.5,2.5,3.0,0.4,7200,0.8,177,66.7,38.21,0.94,1.88,0.216,4.0
2.0,1.5,2.5,4.5,0.4,7200,0.8,177,66.7,38.21,0.94,1.88,0.216,4.0
5.0,0.7,2.5,3.0,0.4,14400,0.8,114,80.7,24.62,0.44,1.85,0.216,5.53
5.0,0.7,2.5,3.0,0.6,14400,0.8,114,80.7,24.62,0.44,1.85,0.216,5.53
5.0,0.7,2.5,3.0,0.8,14400,0.8,114,80.7,24.62,0.44,1.85,0.216,5.53
5.0,0.7,2.5,4.5,0.4,14400,0.8,114,80.7,24.62,0.44,1.85,0.216,5.53
5.0,0.7,2.5,4.5,0.6,14400,0.8,114,80.7,24.62,0.44,1.85,0.216,5.53
5.0,0.7,2.5,4.5,0.8,14400,0.8,114,80.7,24.62,0.44,1.85,0.216,5.53
2.0,1.5,2.5,3.0,0.6,7200,0.8,175,67.4,37.66,0.91,1.88,0.215,4.0
2.0,1.5,2.5,4.5,0.6,7200,0.8,175,67.4,37.66,0.91,1.88,0.215,4.0
4.0,1.5,2.5,3.0,0.6,7200,0.8,143,71.3,30.75,0.7,1.74,0.215,8.0
4.0,1.5,2.5,4.5,0.6,7200,0.8,143,71.3,30.75,0.7,1.74,0.215,8.0
4.0,1.5,2.5,4.5,0.8,2400,0.4,136,77.9,29.25,0.5,1.76,0.215,4.27
5.0,0.7,1.5,3.0,0.4,14400,0.8,114,80.7,24.44,0.44,1.85,0.214,5.07
5.0,0.7,1.5,3.0,0.6,14400,0.8,114,80.7,24.44,0.44,1.85,0.214,5.07
5.0,0.7,1.5,3.0,0.8,14400,0.8,114,80.7,24.44,0.44,1.85,0.214,5.07
5.0,0.7,1.5,4.5,0.4,14400,0.8,114,80.7,24.44,0.44,1.85,0.214,5.07
5.0,0.7,1.5,4.5,0.6,14400,0.8,114,80.7,24.44,0.44,1.85,0.214,5.07
5.0,0.7,1.5,4.5,0.8,14400,0.8,114,80.7,24.44,0.44,1.85,0.214,5.07
5.0,1.5,2.5,4.5,0.8,1200,0.4,147,72.8,31.53,0.88,2.36,0.214,5.21
2.0,1.0,1.5,3.0,0.4,14400,0.2,113,75.2,24.1,0.47,1.43,0.213,6.1
2.0,1.0,1.5,3.0,0.4,,0.4,113,75.2,24.1,0.47,1.43,0.213,6.1
2.0,1.0,1.5,3.0,0.6,14400,0.2,113,75.2,24.1,0.47,1.43,0.213,6.1
2.0,1.0,1.5,3.0,0.6,,0.4,113,75.2,24.1,0.47,1.43,0.213,6.1
2.0,1.0,1.5,3.0,0.8,14400,0.2,113,75.2,24.1,0.47,1.43,0.213,6.1
2.0,1.0,1.5,3.0,0.8,,0.4,113,75.2,24.1,0.47,1.43,0.213,6.1
2.0,1.0,1.5,4.5,0.4,14400,0.2,113,75.2,24.1,0.47,1.43,0.213,6.1
2.0,1.0,1.5,4.5,0.4,,0.4,113,75.2,24.1,0.47,1.43,0.213,6.1
2.0,1.0,1.5,4.5,0.6,14400,0.2,113,75.2,24.1,0.47,1.43,0.213,6.1
2.0,1.0,1.5,4.5,0.6,,0.4,113,75.2,24.1,0.47,1.43,0.213,6.1
2.0,1.0,1.5,4.5,0.8,14400,0.2,113,75.2,24.1,0.47,1.43,0.213,6.1
2.0,1.0,1.5,4.5,0.8,,0.4,113,75.2,24.1,0.47,1.43,0.213,6.1
2.0,1.5,2.5,3.0,0.4,14400,0.8,142,67.6,30.18,0.75,1.56,0.213,6.32
2.0,1.5,2.5,3.0,0.6,14400,0.8,140,67.9,29.83,0.74,1.56,0.213,6.53
2.0,1.5,2.5,4.5,0.4,14400,0.8,142,67.6,30.18,0.75,1.56,0.213,6.32
2.0,1.5,2.5,4.5,0.6,14400,0.8,140,67.9,29.83,0.74,1.56,0.213,6.53
4.0,0.7,2.5,3.0,0.4,14400,0.4,106,88.7,22.55,0.21,1.62,0.213,8.0
4.0,0.7,2.5,3.0,0.6,14400,0.4,106,88.7,22.55,0.21,1.62,0.213,8.0
4.0,0.7,2.5,3.0,0.8,14400,0.4,106,88.7,22.55,0.21,1.62,0.213,8.0
4.0,0.7,2.5,4.5,0.4,14400,0.4,106,88.7,22.55,0.21,1.62,0.213,8.0
4.0,0.7,2.5,4.5,0.6,14400,0.4,106,88.7,22.55,0.21,1.62,0.213,8.0
4.0,0.7,2.5,4.5,0.8,14400,0.4,106,88.7,22.55,0.21,1.62,0.213,8.0
4.0,1.5,2.5,3.0,0.6,2400,0.4,137,77.4,29.05,0.51,1.76,0.212,4.19
5.0,1.0,1.5,4.5,0.4,1200,0.4,146,74.0,30.91,0.82,2.34,0.212,5.57
5.0,1.0,1.5,4.5,0.6,1200,0.4,146,74.0,30.91,0.82,2.34,0.212,5.57
5.0,1.0,1.5,4.5,0.8,1200,0.4,146,74.0,30.91,0.82,2.34,0.212,5.57
5.0,1.0,2.5,3.0,0.4,1200,0.4,146,74.0,30.91,0.82,2.34,0.212,5.57
5.0,1.0,2.5,3.0,0.6,1200,0.4,146,74.0,30.91,0.82,2.34,0.212,5.57
5.0,1.0,2.5,3.0,0.8,1200,0.4,146,74.0,30.91,0.82,2.34,0.212,5.57
2.0,0.7,1.5,3.0,0.4,14400,0.2,142,82.4,29.93,0.35,1.62,0.211,6.44
2.0,0.7,1.5,3.0,0.6,14400,0.2,142,82.4,29.93,0.35,1.62,0.211,6.44
2.0,0.7,1.5,3.0,0.8,14400,0.2,142,82.4,29.93,0.35,1.62,0.211,6.44
2.0,0.7,1.5,4.5,0.4,14400,0.2,142,82.4,29.93,0.35,1.62,0.211,6.44
2.0,0.7,1.5,4.5,0.6,14400,0.2,142,82.4,29.93,0.35,1.62,0.211,6.44
2.0,0.7,1.5,4.5,0.8,14400,0.2,142,82.4,29.93,0.35,1.62,0.211,6.44
3.0,0.7,1.5,3.0,0.4,14400,0.2,123,87.0,25.91,0.24,1.57,0.211,6.0
3.0,0.7,1.5,3.0,0.6,14400,0.2,123,87.0,25.91,0.24,1.57,0.211,6.0
3.0,0.7,1.5,3.0,0.8,14400,0.2,123,87.0,25.91,0.24,1.57,0.211,6.0
3.0,0.7,1.5,4.5,0.4,14400,0.2,123,87.0,25.91,0.24,1.57,0.211,6.0
3.0,0.7,1.5,4.5,0.6,14400,0.2,123,87.0,25.91,0.24,1.57,0.211,6.0
3.0,0.7,1.5,4.5,0.8,14400,0.2,123,87.0,25.91,0.24,1.57,0.211,6.0
2.0,0.7,1.5,3.0,0.4,,0.4,140,82.9,29.4,0.33,1.61,0.21,6.44
2.0,0.7,1.5,3.0,0.6,,0.4,140,82.9,29.4,0.33,1.61,0.21,6.44
2.0,0.7,1.5,3.0,0.8,,0.4,140,82.9,29.4,0.33,1.61,0.21,6.44
2.0,0.7,1.5,4.5,0.4,,0.4,140,82.9,29.4,0.33,1.61,0.21,6.44
2.0,0.7,1.5,4.5,0.6,,0.4,140,82.9,29.4,0.33,1.61,0.21,6.44
2.0,0.7,1.5,4.5,0.8,,0.4,140,82.9,29.4,0.33,1.61,0.21,6.44
3.0,0.7,1.5,3.0,0.4,7200,0.2,124,87.1,26.05,0.23,1.58,0.21,6.0
3.0,0.7,1.5,3.0,0.4,,0.4,121,87.6,25.38,0.22,1.56,0.21,6.0
3.0,0.7,1.5,3.0,0.6,7200,0.2,124,87.1,26.05,0.23,1.58,0.21,6.0
3.0,0.7,1.5,3.0,0.6,,0.4,121,87.6,25.38,0.22,1.56,0.21,6.0
3.0,0.7,1.5,3.0,0.8,7200,0.2,124,87.1,26.05,0.23,1.58,0.21,6.0
3.0,0.7,1.5,3.0,0.8,,0.4,121,87.6,25.38,0.22,1.56,0.21,6.0
3.0,0.7,1.5,4.5,0.4,7200,0.2,124,87.1,26.05,0.23,1.58,0.21,6.0
3.0,0.7,1.5,4.5,0.4,,0.4,121,87.6,25.38,0.22,1.56,0.21,6.0
3.0,0.7,1.5,4.5,0.6,7200,0.2,124,87.1,26.05,0.23,1.58,0.21,6.0
3.0,0.7,1.5,4.5,0.6,,0.4,121,87.6,25.38,0.22,1.56,0.21,6.0
3.0,0.7,1.5,4.5,0.8,7200,0.2,124,87.1,26.05,0.23,1.58,0.21,6.0
3.0,0.7,1.5,4.5,0.8,,0.4,121,87.6,25.38,0.22,1.56,0.21,6.0
5.0,1.5,2.5,3.0,0.6,1200,0.4,152,73.0,31.87,0.88,2.37,0.21,5.21
2.0,0.7,1.5,3.0,0.4,7200,0.2,144,81.9,30.03,0.36,1.62,0.209,6.44
2.0,0.7,1.5,3.0,0.6,7200,0.2,144,81.9,30.03,0.36,1.62,0.209,6.44
2.0,0.7,1.5,3.0,0.8,7200,0.2,144,81.9,30.03,0.36,1.62,0.209,6.44
2.0,0.7,1.5,4.5,0.4,7200,0.2,144,81.9,30.03,0.36,1.62,0.209,6.44
2.0,0.7,1.5,4.5,0.6,7200,0.2,144,81.9,30.03,0.36,1.62,0.209,6.44
2.0,0.7,1.5,4.5,0.8,7200,0.2,144,81.9,30.03,0.36,1.62,0.209,6.44
4.0,1.5,2.5,4.5,0.6,2400,0.4,137,77.4,28.6,0.51,1.75,0.209,4.19
5.0,1.0,2.5,4.5,0.4,1200,0.4,146,74.0,30.46,0.82,2.32,0.209,5.57
5.0,1.0,2.5,4.5,0.6,1200,0.4,146,74.0,30.46,0.82,2.32,0.209,5.57
5.0,1.0,2.5,4.5,0.8,1200,0.4,146,74.0,30.46,0.82,2.32,0.209,5.57
2.0,1.0,2.5,3.0,0.4,14400,0.4,119,74.8,24.59,0.49,1.45,0.207,6.1
2.0,1.0,2.5,3.0,0.6,14400,0.4,119,74.8,24.59,0.49,1.45,0.207,6.1
2.0,1.0,2.5,3.0,0.8,14400,0.4,119,74.8,24.59,0.49,1.45,0.207,6.1
2.0,1.0,2.5,4.5,0.4,14400,0.4,119,74.8,24.59,0.49,1.45,0.207,6.1
2.0,1.0,2.5,4.5,0.6,14400,0.4,119,74.8,24.59,0.49,1.45,0.207,6.1
2.0,1.0,2.5,4.5,0.8,14400,0.4,119,74.8,24.59,0.49,1.45,0.207,6.1
3.0,1.0,2.5,3.0,0.4,1200,0.2,118,77.1,24.41,0.45,1.5,0.207,8.28
3.0,1.0,2.5,3.0,0.6,1200,0.2,118,77.1,24.41,0.45,1.5,0.207,8.28
3.0,1.0,2.5,3.0,0.8,1200,0.2,118,77.1,24.41,0.45,1.5,0.207,8.28
3.0,1.0,2.5,4.5,0.4,1200,0.2,118,77.1,24.41,0.45,1.5,0.207,8.28
3.0,1.0,2.5,4.5,0.6,1200,0.2,118,77.1,24.41,0.45,1.5,0.207,8.28
3.0,1.0,2.5,4.5,0.8,1200,0.2,118,77.1,24.41,0.45,1.5,0.207,8.28
4.0,1.5,2.5,3.0,0.8,7200,0.8,140,71.4,28.96,0.68,1.7,0.207,8.0
5.0,1.5,2.5,4.5,0.6,1200,0.4,152,73.0,31.42,0.87,2.35,0.207,5.21
2.0,1.0,2.5,3.0,0.4,3600,0.2,116,75.0,23.95,0.48,1.44,0.206,6.1
2.0,1.0,2.5,3.0,0.6,3600,0.2,116,75.0,23.95,0.48,1.44,0.206,6.1
2.0,1.0,2.5,3.0,0.8,3600,0.2,116,75.0,23.95,0.48,1.44,0.206,6.1
2.0,1.0,2.5,4.5,0.4,3600,0.2,116,75.0,23.95,0.48,1.44,0.206,6.1
2.0,1.0,2.5,4.5,0.6,3600,0.2,116,75.0,23.95,0.48,1.44,0.206,6.1
2.0,1.0,2.5,4.5,0.8,3600,0.2,116,75.0,23.95,0.48,1.44,0.206,6.1
3.0,1.0,1.5,3.0,0.4,7200,0.4,111,79.3,22.89,0.38,1.44,0.206,7.62
3.0,1.0,1.5,3.0,0.6,7200,0.4,111,79.3,22.89,0.38,1.44,0.206,7.62
3.0,1.0,1.5,3.0,0.8,7200,0.4,111,79.3,22.89,0.38,1.44,0.206,7.62
3.0,1.0,1.5,4.5,0.4,7200,0.4,111,79.3,22.89,0.38,1.44,0.206,7.62
3.0,1.0,1.5,4.5,0.6,7200,0.4,111,79.3,22.89,0.38,1.44,0.206,7.62
3.0,1.0,1.5,4.5,0.8,7200,0.4,111,79.3,22.89,0.38,1.44,0.206,7.62
3.0,1.5,2.5,3.0,0.4,7200,0.8,157,70.1,32.34,0.71,1.67,0.206,6.78
3.0,1.5,2.5,4.5,0.4,7200,0.8,157,70.1,32.34,0.71,1.67,0.206,6.78
2.0,1.5,2.5,3.0,0.8,7200,0.8,171,67.3,34.92,0.88,1.81,0.204,4.0
3.0,0.7,2.5,3.0,0.4,14400,0.4,120,86.7,24.44,0.24,1.58,0.204,6.33
3.0,0.7,2.5,3.0,0.6,14400,0.4,120,86.7,24.44,0.24,1.58,0.204,6.33
3.0,0.7,2.5,3.0,0.8,14400,0.4,120,86.7,24.44,0.24,1.58,0.204,6.33
3.0,0.7,2.5,4.5,0.4,14400,0.4,120,86.7,24.44,0.24,1.58,0.204,6.33
3.0,0.7,2.5,4.5,0.6,14400,0.4,120,86.7,24.44,0.24,1.58,0.204,6.33
3.0,0.7,2.5,4.5,0.8,14400,0.4,120,86.7,24.44,0.24,1.58,0.204,6.33
4.0,1.0,1.5,3.0,0.4,14400,0.2,80,85.0,16.35,0.24,1.34,0.204,9.3
4.0,1.0,1.5,3.0,0.4,,0.4,80,85.0,16.35,0.24,1.34,0.204,9.3
4.0,1.0,1.5,3.0,0.6,14400,0.2,80,85.0,16.35,0.24,1.34,0.204,9.3
4.0,1.0,1.5,3.0,0.6,,0.4,80,85.0,16.35,0.24,1.34,0.204,9.3
4.0,1.0,1.5,3.0,0.8,14400,0.2,80,85.0,16.35,0.24,1.34,0.204,9.3
4.0,1.0,1.5,3.0,0.8,,0.4,80,85.0,16.35,0.24,1.34,0.204,9.3
4.0,1.0,1.5,4.5,0.4,14400,0.2,80,85.0,16.35,0.24,1.34,0.204,9.3
4.0,1.0,1.5,4.5,0.4,,0.4,80,85.0,16.35,0.24,1.34,0.204,9.3
4.0,1.0,1.5,4.5,0.6,14400,0.2,80,85.0,16.35,0.24,1.34,0.204,9.3
4.0,1.0,1.5,4.5,0.6,,0.4,80,85.0,16.35,0.24,1.34,0.204,9.3
4.0,1.0,1.5,4.5,0.8,14400,0.2,80,85.0,16.35,0.24,1.34,0.204,9.3
4.0,1.0,1.5,4.5,0.8,,0.4,80,85.0,16.35,0.24,1.34,0.204,9.3
4.0,1.5,2.5,4.5,0.8,7200,0.8,140,71.4,28.51,0.67,1.69,0.204,8.0
2.0,1.5,2.5,4.5,0.8,7200,0.8,171,67.3,34.47,0.88,1.8,0.202,4.0
3.0,1.5,2.5,3.0,0.4,2400,0.4,151,74.2,30.52,0.56,1.6,0.202,6.0
4.0,1.0,1.5,3.0,0.4,7200,0.2,83,81.9,16.69,0.3,1.35,0.201,9.37
4.0,1.0,1.5,3.0,0.6,7200,0.2,83,81.9,16.69,0.3,1.35,0.201,9.37
4.0,1.0,1.5,3.0,0.8,7200,0.2,83,81.9,16.69,0.3,1.35,0.201,9.37
4.0,1.0,1.5,4.5,0.4,7200,0.2,83,81.9,16.69,0.3,1.35,0.201,9.37
4.0,1.0,1.5,4.5,0.6,7200,0.2,83,81.9,16.69,0.3,1.35,0.201,9.37
4.0,1.0,1.5,4.5,0.8,7200,0.2,83,81.9,16.69,0.3,1.35,0.201,9.37
3.0,1.5,2.5,4.5,0.4,2400,0.4,151,74.2,30.07,0.56,1.6,0.199,6.0
4.0,1.5,2.5,3.0,0.4,7200,0.8,145,70.3,28.83,0.71,1.68,0.199,8.0
4.0,1.5,2.5,4.5,0.4,7200,0.8,145,70.3,28.83,0.71,1.68,0.199,8.0
2.0,1.0,2.5,3.0,0.4,2400,0.2,118,75.4,23.31,0.47,1.43,0.198,6.1
2.0,1.0,2.5,3.0,0.6,2400,0.2,118,75.4,23.31,0.47,1.43,0.198,6.1
2.0,1.0,2.5,3.0,0.8,2400,0.2,118,75.4,23.31,0.47,1.43,0.198,6.1
2.0,1.0,2.5,4.5,0.4,2400,0.2,118,75.4,23.31,0.47,1.43,0.198,6.1
2.0,1.0,2.5,4.5,0.6,2400,0.2,118,75.4,23.31,0.47,1.43,0.198,6.1
2.0,1.0,2.5,4.5,0.8,2400,0.2,118,75.4,23.31,0.47,1.43,0.198,6.1
2.0,1.5,2.5,3.0,0.8,14400,0.8,137,67.9,27.18,0.72,1.51,0.198,6.11
2.0,1.0,1.5,3.0,0.4,7200,0.4,129,73.6,25.47,0.52,1.47,0.197,6.1
2.0,1.0,1.5,3.0,0.6,7200,0.4,129,73.6,25.47,0.52,1.47,0.197,6.1
2.0,1.0,1.5,3.0,0.8,7200,0.4,129,73.6,25.47,0.52,1.47,0.197,6.1
2.0,1.0,1.5,4.5,0.4,7200,0.4,129,73.6,25.47,0.52,1.47,0.197,6.1
2.0,1.0,1.5,4.5,0.6,7200,0.4,129,73.6,25.47,0.52,1.47,0.197,6.1
2.0,1.0,1.5,4.5,0.8,7200,0.4,129,73.6,25.47,0.52,1.47,0.197,6.1
2.0,1.5,2.5,3.0,0.8,1200,0.2,131,70.2,25.76,0.63,1.49,0.197,6.18
4.0,1.0,1.5,3.0,0.4,2400,0.4,131,77.9,25.62,0.47,1.67,0.196,4.19
4.0,1.0,1.5,3.0,0.6,2400,0.4,131,77.9,25.62,0.47,1.67,0.196,4.19
4.0,1.0,1.5,3.0,0.8,2400,0.4,131,77.9,25.62,0.47,1.67,0.196,4.19
2.0,0.7,1.5,3.0,0.4,3600,0.2,146,82.2,28.52,0.35,1.59,0.195,6.44
2.0,0.7,1.5,3.0,0.6,3600,0.2,146,82.2,28.52,0.35,1.59,0.195,6.44
2.0,0.7,1.5,3.0,0.8,3600,0.2,146,82.2,28.52,0.35,1.59,0.195,6.44
2.0,0.7,1.5,4.5,0.4,3600,0.2,146,82.2,28.52,0.35,1.59,0.195,6.44
2.0,0.7,1.5,4.5,0.6,3600,0.2,146,82.2,28.52,0.35,1.59,0.195,6.44
2.0,0.7,1.5,4.5,0.8,3600,0.2,146,82.2,28.52,0.35,1.59,0.195,6.44
2.0,1.5,2.5,4.5,0.8,14400,0.8,137,67.9,26.73,0.71,1.5,0.195,6.11
3.0,0.7,2.5,3.0,0.4,14400,0.2,123,87.0,23.93,0.23,1.53,0.195,6.33
3.0,0.7,2.5,3.0,0.6,14400,0.2,123,87.0,23.93,0.23,1.53,0.195,6.33
3.0,0.7,2.5,3.0,0.8,14400,0.2,123,87.0,23.93,0.23,1.53,0.195,6.33
3.0,0.7,2.5,4.5,0.4,14400,0.2,123,87.0,23.93,0.23,1.53,0.195,6.33
3.0,0.7,2.5,4.5,0.6,14400,0.2,123,87.0,23.93,0.23,1.53,0.195,6.33
3.0,0.7,2.5,4.5,0.8,14400,0.2,123,87.0,23.93,0.23,1.53,0.195,6.33
3.0,0.7,1.5,3.0,0.4,3600,0.2,126,86.5,24.39,0.24,1.54,0.194,6.0
3.0,0.7,1.5,3.0,0.6,3600,0.2,126,86.5,24.39,0.24,1.54,0.194,6.0
3.0,0.7,1.5,3.0,0.8,3600,0.2,126,86.5,24.39,0.24,1.54,0.194,6.0
3.0,0.7,1.5,4.5,0.4,3600,0.2,126,86.5,24.39,0.24,1.54,0.194,6.0
3.0,0.7,1.5,4.5,0.6,3600,0.2,126,86.5,24.39,0.24,1.54,0.194,6.0
3.0,0.7,1.5,4.5,0.8,3600,0.2,126,86.5,24.39,0.24,1.54,0.194,6.0
3.0,0.7,2.5,3.0,0.4,7200,0.2,124,87.1,24.07,0.23,1.53,0.194,6.33
3.0,0.7,2.5,3.0,0.6,7200,0.2,124,87.1,24.07,0.23,1.53,0.194,6.33
3.0,0.7,2.5,3.0,0.8,7200,0.2,124,87.1,24.07,0.23,1.53,0.194,6.33
3.0,0.7,2.5,4.5,0.4,7200,0.2,124,87.1,24.07,0.23,1.53,0.194,6.33
3.0,0.7,2.5,4.5,0.6,7200,0.2,124,87.1,24.07,0.23,1.53,0.194,6.33
3.0,0.7,2.5,4.5,0.8,7200,0.2,124,87.1,24.07,0.23,1.53,0.194,6.33
2.0,1.0,2.5,3.0,0.4,14400,0.2,113,75.2,21.85,0.46,1.39,0.193,6.1
2.0,1.0,2.5,3.0,0.4,,0.4,113,75.2,21.85,0.46,1.39,0.193,6.1
2.0,1.0,2.5,3.0,0.6,14400,0.2,113,75.2,21.85,0.46,1.39,0.193,6.1
2.0,1.0,2.5,3.0,0.6,,0.4,113,75.2,21.85,0.46,1.39,0.193,6.1
2.0,1.0,2.5,3.0,0.8,14400,0.2,113,75.2,21.85,0.46,1.39,0.193,6.1
2.0,1.0,2.5,3.0,0.8,,0.4,113,75.2,21.85,0.46,1.39,0.193,6.1
2.0,1.0,2.5,4.5,0.4,14400,0.2,113,75.2,21.85,0.46,1.39,0.193,6.1
2.0,1.0,2.5,4.5,0.4,,0.4,113,75.2,21.85,0.46,1.39,0.193,6.1
2.0,1.0,2.5,4.5,0.6,14400,0.2,113,75.2,21.85,0.46,1.39,0.193,6.1
2.0,1.0,2.5,4.5,0.6,,0.4,113,75.2,21.85,0.46,1.39,0.193,6.1
2.0,1.0,2.5,4.5,0.8,14400,0.2,113,75.2,21.85,0.46,1.39,0.193,6.1
2.0,1.0,2.5,4.5,0.8,,0.4,113,75.2,21.85,0.46,1.39,0.193,6.1
2.0,1.5,2.5,4.5,0.8,1200,0.2,131,70.2,25.31,0.63,1.48,0.193,6.18
3.0,0.7,2.5,3.0,0.4,,0.4,121,87.6,23.4,0.22,1.52,0.193,6.33
3.0,0.7,2.5,3.0,0.6,,0.4,121,87.6,23.4,0.22,1.52,0.193,6.33
3.0,0.7,2.5,3.0,0.8,,0.4,121,87.6,23.4,0.22,1.52,0.193,6.33
3.0,0.7,2.5,4.5,0.4,,0.4,121,87.6,23.4,0.22,1.52,0.193,6.33
3.0,0.7,2.5,4.5,0.6,,0.4,121,87.6,23.4,0.22,1.52,0.193,6.33
3.0,0.7,2.5,4.5,0.8,,0.4,121,87.6,23.4,0.22,1.52,0.193,6.33
2.0,0.7,2.5,3.0,0.4,14400,0.2,142,82.4,27.23,0.33,1.57,0.192,6.44
2.0,0.7,2.5,3.0,0.6,14400,0.2,142,82.4,27.23,0.33,1.57,0.192,6.44
2.0,0.7,2.5,3.0,0.8,14400,0.2,142,82.4,27.23,0.33,1.57,0.192,6.44
2.0,0.7,2.5,4.5,0.4,14400,0.2,142,82.4,27.23,0.33,1.57,0.192,6.44
2.0,0.7,2.5,4.5,0.6,14400,0.2,142,82.4,27.23,0.33,1.57,0.192,6.44
2.0,0.7,2.5,4.5,0.8,14400,0.2,142,82.4,27.23,0.33,1.57,0.192,6.44
2.0,0.7,2.5,3.0,0.4,,0.4,140,82.9,26.7,0.32,1.56,0.191,6.44
2.0,0.7,2.5,3.0,0.6,,0.4,140,82.9,26.7,0.32,1.56,0.191,6.44
2.0,0.7,2.5,3.0,0.8,,0.4,140,82.9,26.7,0.32,1.56,0.191,6.44
2.0,0.7,2.5,4.5,0.4,,0.4,140,82.9,26.7,0.32,1.56,0.191,6.44
2.0,0.7,2.5,4.5,0.6,,0.4,140,82.9,26.7,0.32,1.56,0.191,6.44
2.0,0.7,2.5,4.5,0.8,,0.4,140,82.9,26.7,0.32,1.56,0.191,6.44
2.0,0.7,2.5,3.0,0.4,7200,0.2,144,81.9,27.33,0.35,1.57,0.19,6.44
2.0,0.7,2.5,3.0,0.6,7200,0.2,144,81.9,27.33,0.35,1.57,0.19,6.44
2.0,0.7,2.5,3.0,0.8,7200,0.2,144,81.9,27.33,0.35,1.57,0.19,6.44
2.0,0.7,2.5,4.5,0.4,7200,0.2,144,81.9,27.33,0.35,1.57,0.19,6.44
2.0,0.7,2.5,4.5,0.6,7200,0.2,144,81.9,27.33,0.35,1.57,0.19,6.44
2.0,0.7,2.5,4.5,0.8,7200,0.2,144,81.9,27.33,0.35,1.57,0.19,6.44
2.0,1.5,2.5,3.0,0.6,3600,0.4,128,68.8,24.38,0.66,1.46,0.19,5.92
3.0,1.0,2.5,3.0,0.4,7200,0.4,111,79.3,21.09,0.37,1.41,0.19,8.07
3.0,1.0,2.5,3.0,0.6,7200,0.4,111,79.3,21.09,0.37,1.41,0.19,8.07
3.0,1.0,2.5,3.0,0.8,7200,0.4,111,79.3,21.09,0.37,1.41,0.19,8.07
3.0,1.0,2.5,4.5,0.4,7200,0.4,111,79.3,21.09,0.37,1.41,0.19,8.07
3.0,1.0,2.5,4.5,0.6,7200,0.4,111,79.3,21.09,0.37,1.41,0.19,8.07
3.0,1.0,2.5,4.5,0.8,7200,0.4,111,79.3,21.09,0.37,1.41,0.19,8.07
2.0,0.7,1.5,3.0,0.4,14400,0.4,144,80.6,27.11,0.38,1.56,0.188,6.44
2.0,0.7,1.5,3.0,0.6,14400,0.4,144,80.6,27.11,0.38,1.56,0.188,6.44
2.0,0.7,1.5,3.0,0.8,14400,0.4,144,80.6,27.11,0.38,1.56,0.188,6.44
2.0,0.7,1.5,4.5,0.4,14400,0.4,144,80.6,27.11,0.38,1.56,0.188,6.44
2.0,0.7,1.5,4.5,0.6,14400,0.4,144,80.6,27.11,0.38,1.56,0.188,6.44
2.0,0.7,1.5,4.5,0.8,14400,0.4,144,80.6,27.11,0.38,1.56,0.188,6.44
5.0,0.7,1.5,3.0,0.4,2400,0.4,138,82.6,25.89,0.46,2.18,0.188,5.0
5.0,0.7,1.5,3.0,0.6,2400,0.4,138,82.6,25.89,0.46,2.18,0.188,5.0
5.0,0.7,1.5,3.0,0.8,2400,0.4,138,82.6,25.89,0.46,2.18,0.188,5.0
5.0,0.7,1.5,4.5,0.4,2400,0.4,138,82.6,25.89,0.46,2.18,0.188,5.0
5.0,0.7,1.5,4.5,0.6,2400,0.4,138,82.6,25.89,0.46,2.18,0.188,5.0
5.0,0.7,1.5,4.5,0.8,2400,0.4,138,82.6,25.89,0.46,2.18,0.188,5.0
5.0,0.7,2.5,3.0,0.4,2400,0.4,138,82.6,25.89,0.46,2.18,0.188,5.0
5.0,0.7,2.5,3.0,0.6,2400,0.4,138,82.6,25.89,0.46,2.18,0.188,5.0
5.0,0.7,2.5,3.0,0.8,2400,0.4,138,82.6,25.89,0.46,2.18,0.188,5.0
5.0,0.7,2.5,4.5,0.4,2400,0.4,138,82.6,25.89,0.46,2.18,0.188,5.0
5.0,0.7,2.5,4.5,0.6,2400,0.4,138,82.6,25.89,0.46,2.18,0.188,5.0
5.0,0.7,2.5,4.5,0.8,2400,0.4,138,82.6,25.89,0.46,2.18,0.188,5.0
2.0,1.5,2.5,4.5,0.6,3600,0.4,128,68.8,23.93,0.66,1.45,0.187,5.92
2.0,1.0,1.5,3.0,0.4,1200,0.2,131,71.0,24.37,0.6,1.46,0.186,6.1
2.0,1.0,1.5,3.0,0.6,1200,0.2,131,71.0,24.37,0.6,1.46,0.186,6.1
2.0,1.0,1.5,3.0,0.8,1200,0.2,131,71.0,24.37,0.6,1.46,0.186,6.1
2.0,1.0,1.5,4.5,0.4,1200,0.2,131,71.0,24.37,0.6,1.46,0.186,6.1
2.0,1.0,1.5,4.5,0.6,1200,0.2,131,71.0,24.37,0.6,1.46,0.186,6.1
2.0,1.0,1.5,4.5,0.8,1200,0.2,131,71.0,24.37,0.6,1.46,0.186,6.1
2.0,1.5,2.5,3.0,0.4,2400,0.4,168,70.8,31.24,0.67,1.62,0.186,6.04
2.0,1.5,2.5,3.0,0.4,3600,0.4,132,69.7,24.61,0.63,1.45,0.186,5.92
4.0,1.0,1.5,4.5,0.4,2400,0.4,131,77.9,24.27,0.46,1.63,0.185,4.19
4.0,1.0,1.5,4.5,0.6,2400,0.4,131,77.9,24.27,0.46,1.63,0.185,4.19
4.0,1.0,1.5,4.5,0.8,2400,0.4,131,77.9,24.27,0.46,1.63,0.185,4.19
2.0,1.5,2.5,4.5,0.4,2400,0.4,168,70.8,30.79,0.66,1.61,0.183,6.04
2.0,1.5,2.5,4.5,0.4,3600,0.4,132,69.7,24.16,0.63,1.44,0.183,5.92
4.0,1.0,1.5,3.0,0.4,7200,0.4,93,81.7,16.95,0.31,1.38,0.182,9.96
4.0,1.0,1.5,3.0,0.6,7200,0.4,93,81.7,16.95,0.31,1.38,0.182,9.96
4.0,1.0,1.5,3.0,0.8,7200,0.4,93,81.7,16.95,0.31,1.38,0.182,9.96
4.0,1.0,1.5,4.5,0.4,7200,0.4,93,81.7,16.95,0.31,1.38,0.182,9.96
4.0,1.0,1.5,4.5,0.6,7200,0.4,93,81.7,16.95,0.31,1.38,0.182,9.96
4.0,1.0,1.5,4.5,0.8,7200,0.4,93,81.7,16.95,0.31,1.38,0.182,9.96
4.0,1.0,2.5,3.0,0.4,14400,0.2,80,85.0,14.55,0.23,1.3,0.182,9.3
4.0,1.0,2.5,3.0,0.4,,0.4,80,85.0,14.55,0.23,1.3,0.182,9.3
4.0,1.0,2.5,3.0,0.6,14400,0.2,80,85.0,14.55,0.23,1.3,0.182,9.3
4.0,1.0,2.5,3.0,0.6,,0.4,80,85.0,14.55,0.23,1.3,0.182,9.3
4.0,1.0,2.5,3.0,0.8,14400,0.2,80,85.0,14.55,0.23,1.3,0.182,9.3
4.0,1.0,2.5,3.0,0.8,,0.4,80,85.0,14.55,0.23,1.3,0.182,9.3
4.0,1.0,2.5,4.5,0.4,14400,0.2,80,85.0,14.55,0.23,1.3,0.182,9.3
4.0,1.0,2.5,4.5,0.4,,0.4,80,85.0,14.55,0.23,1.3,0.182,9.3
4.0,1.0,2.5,4.5,0.6,14400,0.2,80,85.0,14.55,0.23,1.3,0.182,9.3
4.0,1.0,2.5,4.5,0.6,,0.4,80,85.0,14.55,0.23,1.3,0.182,9.3
4.0,1.0,2.5,4.5,0.8,14400,0.2,80,85.0,14.55,0.23,1.3,0.182,9.3
4.0,1.0,2.5,4.5,0.8,,0.4,80,85.0,14.55,0.23,1.3,0.182,9.3
4.0,1.5,2.5,3.0,0.4,3600,0.4,101,75.2,18.3,0.46,1.4,0.181,10.35
4.0,0.7,1.5,3.0,0.4,7200,0.4,109,85.3,19.55,0.26,1.53,0.179,8.0
4.0,0.7,1.5,3.0,0.6,7200,0.4,109,85.3,19.55,0.26,1.53,0.179,8.0
4.0,0.7,1.5,3.0,0.8,7200,0.4,109,85.3,19.55,0.26,1.53,0.179,8.0
4.0,0.7,1.5,4.5,0.4,7200,0.4,109,85.3,19.55,0.26,1.53,0.179,8.0
4.0,0.7,1.5,4.5,0.6,7200,0.4,109,85.3,19.55,0.26,1.53,0.179,8.0
4.0,0.7,1.5,4.5,0.8,7200,0.4,109,85.3,19.55,0.26,1.53,0.179,8.0
3.0,0.7,2.5,3.0,0.4,3600,0.2,126,86.5,22.41,0.23,1.5,0.178,6.33
3.0,0.7,2.5,3.0,0.6,3600,0.2,126,86.5,22.41,0.23,1.5,0.178,6.33
3.0,0.7,2.5,3.0,0.8,3600,0.2,126,86.5,22.41,0.23,1.5,0.178,6.33
3.0,0.7,2.5,4.5,0.4,3600,0.2,126,86.5,22.41,0.23,1.5,0.178,6.33
3.0,0.7,2.5,4.5,0.6,3600,0.2,126,86.5,22.41,0.23,1.5,0.178,6.33
3.0,0.7,2.5,4.5,0.8,3600,0.2,126,86.5,22.41,0.23,1.5,0.178,6.33
4.0,1.0,2.5,3.0,0.4,2400,0.4,131,77.9,23.37,0.46,1.61,0.178,4.19
4.0,1.0,2.5,3.0,0.6,2400,0.4,131,77.9,23.37,0.46,1.61,0.178,4.19
4.0,1.0,2.5,3.0,0.8,2400,0.4,131,77.9,23.37,0.46,1.61,0.178,4.19
2.0,0.7,1.5,3.0,0.4,2400,0.2,150,82.7,26.52,0.33,1.55,0.177,6.44
2.0,0.7,1.5,3.0,0.6,2400,0.2,150,82.7,26.52,0.33,1.55,0.177,6.44
2.0,0.7,1.5,3.0,0.8,2400,0.2,150,82.7,26.52,0.33,1.55,0.177,6.44
2.0,0.7,1.5,4.5,0.4,2400,0.2,150,82.7,26.52,0.33,1.55,0.177,6.44
2.0,0.7,1.5,4.5,0.6,2400,0.2,150,82.7,26.52,0.33,1.55,0.177,6.44
2.0,0.7,1.5,4.5,0.8,2400,0.2,150,82.7,26.52,0.33,1.55,0.177,6.44
2.0,0.7,2.5,3.0,0.4,3600,0.2,146,82.2,25.82,0.33,1.54,0.177,6.44
2.0,0.7,2.5,3.0,0.6,3600,0.2,146,82.2,25.82,0.33,1.54,0.177,6.44
2.0,0.7,2.5,3.0,0.8,3600,0.2,146,82.2,25.82,0.33,1.54,0.177,6.44
2.0,0.7,2.5,4.5,0.4,3600,0.2,146,82.2,25.82,0.33,1.54,0.177,6.44
2.0,0.7,2.5,4.5,0.6,3600,0.2,146,82.2,25.82,0.33,1.54,0.177,6.44
2.0,0.7,2.5,4.5,0.8,3600,0.2,146,82.2,25.82,0.33,1.54,0.177,6.44
2.0,1.0,2.5,3.0,0.4,7200,0.4,129,73.6,22.77,0.51,1.42,0.177,6.1
2.0,1.0,2.5,3.0,0.6,7200,0.4,129,73.6,22.77,0.51,1.42,0.177,6.1
2.0,1.0,2.5,3.0,0.8,7200,0.4,129,73.6,22.77,0.51,1.42,0.177,6.1
2.0,1.0,2.5,4.5,0.4,7200,0.4,129,73.6,22.77,0.51,1.42,0.177,6.1
2.0,1.0,2.5,4.5,0.6,7200,0.4,129,73.6,22.77,0.51,1.42,0.177,6.1
2.0,1.0,2.5,4.5,0.8,7200,0.4,129,73.6,22.77,0.51,1.42,0.177,6.1
4.0,1.5,2.5,4.5,0.4,3600,0.4,101,75.2,17.85,0.46,1.39,0.177,10.35
4.0,1.0,2.5,4.5,0.4,2400,0.4,131,77.9,22.92,0.45,1.6,0.175,4.19
4.0,1.0,2.5,4.5,0.6,2400,0.4,131,77.9,22.92,0.45,1.6,0.175,4.19
4.0,1.0,2.5,4.5,0.8,2400,0.4,131,77.9,22.92,0.45,1.6,0.175,4.19
3.0,0.7,1.5,3.0,0.4,7200,0.4,124,83.1,21.58,0.31,1.51,0.174,7.56
3.0,0.7,1.5,3.0,0.6,7200,0.4,124,83.1,21.58,0.31,1.51,0.174,7.56
3.0,0.7,1.5,3.0,0.8,7200,0.4,124,83.1,21.58,0.31,1.51,0.174,7.56
3.0,0.7,1.5,4.5,0.4,7200,0.4,124,83.1,21.58,0.31,1.51,0.174,7.56
3.0,0.7,1.5,4.5,0.6,7200,0.4,124,83.1,21.58,0.31,1.51,0.174,7.56
3.0,0.7,1.5,4.5,0.8,7200,0.4,124,83.1,21.58,0.31,1.51,0.174,7.56
4.0,1.0,2.5,3.0,0.4,7200,0.2,83,81.9,14.44,0.29,1.3,0.174,9.37
4.0,1.0,2.5,3.0,0.6,7200,0.2,83,81.9,14.44,0.29,1.3,0.174,9.37
4.0,1.0,2.5,3.0,0.8,7200,0.2,83,81.9,14.44,0.29,1.3,0.174,9.37
4.0,1.0,2.5,4.5,0.4,7200,0.2,83,81.9,14.44,0.29,1.3,0.174,9.37
4.0,1.0,2.5,4.5,0.6,7200,0.2,83,81.9,14.44,0.29,1.3,0.174,9.37
4.0,1.0,2.5,4.5,0.8,7200,0.2,83,81.9,14.44,0.29,1.3,0.174,9.37
4.0,1.0,1.5,3.0,0.4,3600,0.2,84,81.0,14.56,0.31,1.3,0.173,10.29
4.0,1.0,1.5,3.0,0.6,3600,0.2,84,81.0,14.56,0.31,1.3,0.173,10.29
4.0,1.0,1.5,3.0,0.8,3600,0.2,84,81.0,14.56,0.31,1.3,0.173,10.29
4.0,1.0,1.5,4.5,0.4,3600,0.2,84,81.0,14.56,0.31,1.3,0.173,10.29
4.0,1.0,1.5,4.5,0.6,3600,0.2,84,81.0,14.56,0.31,1.3,0.173,10.29
4.0,1.0,1.5,4.5,0.8,3600,0.2,84,81.0,14.56,0.31,1.3,0.173,10.29
2.0,1.5,2.5,3.0,0.8,3600,0.4,128,68.0,22.01,0.67,1.41,0.172,6.41
3.0,1.5,2.5,3.0,0.6,2400,0.4,157,73.9,26.97,0.54,1.53,0.172,6.0
4.0,1.0,1.5,3.0,0.4,14400,0.4,86,81.4,14.81,0.3,1.3,0.172,10.3
4.0,1.0,1.5,3.0,0.6,14400,0.4,86,81.4,14.81,0.3,1.3,0.172,10.3
4.0,1.0,1.5,3.0,0.8,14400,0.4,86,81.4,14.81,0.3,1.3,0.172,10.3
4.0,1.0,1.5,4.5,0.4,14400,0.4,86,81.4,14.81,0.3,1.3,0.172,10.3
4.0,1.0,1.5,4.5,0.6,14400,0.4,86,81.4,14.81,0.3,1.3,0.172,10.3
4.0,1.0,1.5,4.5,0.8,14400,0.4,86,81.4,14.81,0.3,1.3,0.172,10.3
2.0,0.7,2.5,3.0,0.4,14400,0.4,144,80.6,24.41,0.36,1.51,0.17,6.44
2.0,0.7,2.5,3.0,0.6,14400,0.4,144,80.6,24.41,0.36,1.51,0.17,6.44
2.0,0.7,2.5,3.0,0.8,14400,0.4,144,80.6,24.41,0.36,1.51,0.17,6.44
2.0,0.7,2.5,4.5,0.4,14400,0.4,144,80.6,24.41,0.36,1.51,0.17,6.44
2.0,0.7,2.5,4.5,0.6,14400,0.4,144,80.6,24.41,0.36,1.51,0.17,6.44
2.0,0.7,2.5,4.5,0.8,14400,0.4,144,80.6,24.41,0.36,1.51,0.17,6.44
3.0,0.7,1.5,3.0,0.4,2400,0.2,129,86.8,21.88,0.23,1.48,0.17,6.78
3.0,0.7,1.5,3.0,0.6,2400,0.2,129,86.8,21.88,0.23,1.48,0.17,6.78
3.0,0.7,1.5,3.0,0.8,2400,0.2,129,86.8,21.88,0.23,1.48,0.17,6.78
3.0,0.7,1.5,4.5,0.4,2400,0.2,129,86.8,21.88,0.23,1.48,0.17,6.78
3.0,0.7,1.5,4.5,0.6,2400,0.2,129,86.8,21.88,0.23,1.48,0.17,6.78
3.0,0.7,1.5,4.5,0.8,2400,0.2,129,86.8,21.88,0.23,1.48,0.17,6.78
3.0,0.7,2.5,3.0,0.4,7200,0.4,124,83.1,21.04,0.3,1.49,0.17,7.56
3.0,0.7,2.5,3.0,0.6,7200,0.4,124,83.1,21.04,0.3,1.49,0.17,7.56
3.0,0.7,2.5,3.0,0.8,7200,0.4,124,83.1,21.04,0.3,1.49,0.17,7.56
3.0,0.7,2.5,4.5,0.4,7200,0.4,124,83.1,21.04,0.3,1.49,0.17,7.56
3.0,0.7,2.5,4.5,0.6,7200,0.4,124,83.1,21.04,0.3,1.49,0.17,7.56
3.0,0.7,2.5,4.5,0.8,7200,0.4,124,83.1,21.04,0.3,1.49,0.17,7.56
3.0,1.5,2.5,3.0,0.8,2400,0.4,156,74.4,26.56,0.53,1.53,0.17,6.0
4.0,1.5,2.5,3.0,0.4,1200,0.2,105,77.1,17.85,0.41,1.37,0.17,10.47
4.0,1.5,2.5,4.5,0.4,1200,0.2,105,77.1,17.85,0.41,1.37,0.17,10.47
2.0,1.0,2.5,3.0,0.4,1200,0.2,131,71.0,22.12,0.58,1.42,0.169,6.1
2.0,1.0,2.5,3.0,0.6,1200,0.2,131,71.0,22.12,0.58,1.42,0.169,6.1
2.0,1.0,2.5,3.0,0.8,1200,0.2,131,71.0,22.12,0.58,1.42,0.169,6.1
2.0,1.0,2.5,4.5,0.4,1200,0.2,131,71.0,22.12,0.58,1.42,0.169,6.1
2.0,1.0,2.5,4.5,0.6,1200,0.2,131,71.0,22.12,0.58,1.42,0.169,6.1
2.0,1.0,2.5,4.5,0.8,1200,0.2,131,71.0,22.12,0.58,1.42,0.169,6.1
3.0,1.5,2.5,4.5,0.6,2400,0.4,157,73.9,26.52,0.54,1.52,0.169,6.0
4.0,1.0,1.5,3.0,0.4,2400,0.2,86,82.6,14.55,0.28,1.3,0.169,10.11
4.0,1.0,1.5,3.0,0.6,2400,0.2,86,82.6,14.55,0.28,1.3,0.169,10.11
4.0,1.0,1.5,3.0,0.8,2400,0.2,86,82.6,14.55,0.28,1.3,0.169,10.11
4.0,1.0,1.5,4.5,0.4,2400,0.2,86,82.6,14.55,0.28,1.3,0.169,10.11
4.0,1.0,1.5,4.5,0.6,2400,0.2,86,82.6,14.55,0.28,1.3,0.169,10.11
4.0,1.0,1.5,4.5,0.8,2400,0.2,86,82.6,14.55,0.28,1.3,0.169,10.11
4.0,0.7,2.5,3.0,0.4,7200,0.4,109,85.3,18.29,0.26,1.5,0.168,8.0
4.0,0.7,2.5,3.0,0.6,7200,0.4,109,85.3,18.29,0.26,1.5,0.168,8.0
4.0,0.7,2.5,3.0,0.8,7200,0.4,109,85.3,18.29,0.26,1.5,0.168,8.0
4.0,0.7,2.5,4.5,0.4,7200,0.4,109,85.3,18.29,0.26,1.5,0.168,8.0
4.0,0.7,2.5,4.5,0.6,7200,0.4,109,85.3,18.29,0.26,1.5,0.168,8.0
4.0,0.7,2.5,4.5,0.8,7200,0.4,109,85.3,18.29,0.26,1.5,0.168,8.0
2.0,1.0,1.5,3.0,0.4,7200,0.8,176,66.5,29.35,0.84,1.67,0.167,4.0
2.0,1.0,1.5,3.0,0.6,7200,0.8,176,66.5,29.35,0.84,1.67,0.167,4.0
2.0,1.0,1.5,3.0,0.8,7200,0.8,176,66.5,29.35,0.84,1.67,0.167,4.0
2.0,1.0,1.5,4.5,0.4,7200,0.8,176,66.5,29.35,0.84,1.67,0.167,4.0
2.0,1.0,1.5,4.5,0.6,7200,0.8,176,66.5,29.35,0.84,1.67,0.167,4.0
2.0,1.0,1.5,4.5,0.8,7200,0.8,176,66.5,29.35,0.84,1.67,0.167,4.0
5.0,1.5,2.5,3.0,0.4,3600,0.8,154,68.2,25.71,0.86,1.84,0.167,5.59
5.0,1.5,2.5,4.5,0.4,3600,0.8,154,68.2,25.71,0.86,1.84,0.167,5.59
2.0,1.5,2.5,4.5,0.8,3600,0.4,128,68.0,21.11,0.66,1.4,0.165,6.41
2.0,0.7,2.5,3.0,0.4,2400,0.2,150,82.7,24.54,0.32,1.51,0.164,6.44
2.0,0.7,2.5,3.0,0.6,2400,0.2,150,82.7,24.54,0.32,1.51,0.164,6.44
2.0,0.7,2.5,3.0,0.8,2400,0.2,150,82.7,24.54,0.32,1.51,0.164,6.44
2.0,0.7,2.5,4.5,0.4,2400,0.2,150,82.7,24.54,0.32,1.51,0.164,6.44
2.0,0.7,2.5,4.5,0.6,2400,0.2,150,82.7,24.54,0.32,1.51,0.164,6.44
2.0,0.7,2.5,4.5,0.8,2400,0.2,150,82.7,24.54,0.32,1.51,0.164,6.44
2.0,1.0,2.5,3.0,0.4,7200,0.8,176,66.5,28.9,0.84,1.66,0.164,4.0
2.0,1.0,2.5,3.0,0.6,7200,0.8,176,66.5,28.9,0.84,1.66,0.164,4.0
2.0,1.0,2.5,3.0,0.8,7200,0.8,176,66.5,28.9,0.84,1.66,0.164,4.0
2.0,1.0,2.5,4.5,0.4,7200,0.8,176,66.5,28.9,0.84,1.66,0.164,4.0
2.0,1.0,2.5,4.5,0.6,7200,0.8,176,66.5,28.9,0.84,1.66,0.164,4.0
2.0,1.0,2.5,4.5,0.8,7200,0.8,176,66.5,28.9,0.84,1.66,0.164,4.0
3.0,1.5,2.5,4.5,0.8,2400,0.4,156,74.4,25.66,0.52,1.51,0.164,6.0
5.0,1.5,2.5,3.0,0.6,3600,0.8,152,68.4,24.65,0.84,1.81,0.162,5.59
5.0,1.5,2.5,3.0,0.8,3600,0.8,150,68.7,24.26,0.83,1.81,0.162,5.59
5.0,1.5,2.5,4.5,0.6,3600,0.8,152,68.4,24.65,0.84,1.81,0.162,5.59
3.0,1.0,1.5,3.0,0.4,3600,0.4,120,77.5,19.33,0.4,1.37,0.161,8.43
3.0,1.0,1.5,3.0,0.6,3600,0.4,120,77.5,19.33,0.4,1.37,0.161,8.43
3.0,1.0,1.5,3.0,0.8,3600,0.4,120,77.5,19.33,0.4,1.37,0.161,8.43
4.0,0.7,1.5,3.0,0.4,14400,0.8,123,77.2,19.76,0.46,1.54,0.161,8.07
4.0,0.7,1.5,3.0,0.6,14400,0.8,123,77.2,19.76,0.46,1.54,0.161,8.07
4.0,0.7,1.5,3.0,0.8,14400,0.8,123,77.2,19.76,0.46,1.54,0.161,8.07
4.0,0.7,1.5,4.5,0.4,14400,0.8,123,77.2,19.76,0.46,1.54,0.161,8.07
4.0,0.7,1.5,4.5,0.6,14400,0.8,123,77.2,19.76,0.46,1.54,0.161,8.07
4.0,0.7,1.5,4.5,0.8,14400,0.8,123,77.2,19.76,0.46,1.54,0.161,8.07
3.0,0.7,2.5,3.0,0.4,2400,0.2,129,86.8,20.62,0.22,1.46,0.16,6.78
3.0,0.7,2.5,3.0,0.6,2400,0.2,129,86.8,20.62,0.22,1.46,0.16,6.78
3.0,0.7,2.5,3.0,0.8,2400,0.2,129,86.8,20.62,0.22,1.46,0.16,6.78
3.0,0.7,2.5,4.5,0.4,2400,0.2,129,86.8,20.62,0.22,1.46,0.16,6.78
3.0,0.7,2.5,4.5,0.6,2400,0.2,129,86.8,20.62,0.22,1.46,0.16,6.78
3.0,0.7,2.5,4.5,0.8,2400,0.2,129,86.8,20.62,0.22,1.46,0.16,6.78
5.0,0.7,2.5,3.0,0.4,7200,0.8,145,77.2,23.26,0.52,1.76,0.16,5.63
5.0,0.7,2.5,3.0,0.6,7200,0.8,145,77.2,23.26,0.52,1.76,0.16,5.63
5.0,0.7,2.5,3.0,0.8,7200,0.8,145,77.2,23.26,0.52,1.76,0.16,5.63
5.0,0.7,2.5,4.5,0.4,7200,0.8,145,77.2,23.26,0.52,1.76,0.16,5.63
5.0,0.7,2.5,4.5,0.6,7200,0.8,145,77.2,23.26,0.52,1.76,0.16,5.63
5.0,0.7,2.5,4.5,0.8,7200,0.8,145,77.2,23.26,0.52,1.76,0.16,5.63
5.0,1.5,2.5,4.5,0.8,3600,0.8,150,68.7,23.81,0.82,1.8,0.159,5.59
4.0,1.0,2.5,3.0,0.4,7200,0.4,93,81.7,14.7,0.3,1.33,0.158,9.96
4.0,1.0,2.5,3.0,0.6,7200,0.4,93,81.7,14.7,0.3,1.33,0.158,9.96
4.0,1.0,2.5,3.0,0.8,7200,0.4,93,81.7,14.7,0.3,1.33,0.158,9.96
4.0,1.0,2.5,4.5,0.4,7200,0.4,93,81.7,14.7,0.3,1.33,0.158,9.96
4.0,1.0,2.5,4.5,0.6,7200,0.4,93,81.7,14.7,0.3,1.33,0.158,9.96
4.0,1.0,2.5,4.5,0.8,7200,0.4,93,81.7,14.7,0.3,1.33,0.158,9.96
4.0,0.7,1.5,3.0,0.4,3600,0.4,131,80.2,20.59,0.38,1.54,0.157,8.0
4.0,0.7,1.5,3.0,0.6,3600,0.4,131,80.2,20.59,0.38,1.54,0.157,8.0
4.0,0.7,1.5,3.0,0.8,3600,0.4,131,80.2,20.59,0.38,1.54,0.157,8.0
4.0,0.7,1.5,4.5,0.4,3600,0.4,131,80.2,20.59,0.38,1.54,0.157,8.0
4.0,0.7,1.5,4.5,0.6,3600,0.4,131,80.2,20.59,0.38,1.54,0.157,8.0
4.0,0.7,1.5,4.5,0.8,3600,0.4,131,80.2,20.59,0.38,1.54,0.157,8.0
4.0,1.5,2.5,3.0,0.4,1200,0.4,181,70.7,28.4,0.71,1.72,0.157,8.0
4.0,1.5,2.5,3.0,0.6,3600,0.4,104,72.1,16.23,0.51,1.33,0.156,10.98
4.0,1.0,1.5,3.0,0.4,7200,0.8,144,70.1,22.34,0.65,1.53,0.155,8.0
4.0,1.0,1.5,3.0,0.6,7200,0.8,144,70.1,22.34,0.65,1.53,0.155,8.0
4.0,1.0,1.5,3.0,0.8,7200,0.8,144,70.1,22.34,0.65,1.53,0.155,8.0
4.0,1.0,1.5,4.5,0.4,7200,0.8,144,70.1,22.34,0.65,1.53,0.155,8.0
4.0,1.0,1.5,4.5,0.6,7200,0.8,144,70.1,22.34,0.65,1.53,0.155,8.0
4.0,1.0,1.5,4.5,0.8,7200,0.8,144,70.1,22.34,0.65,1.53,0.155,8.0
2.0,1.0,1.5,3.0,0.4,2400,0.4,169,71.0,26.06,0.63,1.53,0.154,6.04
2.0,1.0,1.5,3.0,0.6,2400,0.4,169,71.0,26.06,0.63,1.53,0.154,6.04
2.0,1.0,1.5,3.0,0.8,2400,0.4,169,71.0,26.06,0.63,1.53,0.154,6.04
2.0,1.5,2.5,3.0,0.6,2400,0.4,174,70.7,26.74,0.63,1.53,0.154,6.04
4.0,1.5,2.5,4.5,0.4,1200,0.4,181,70.7,27.95,0.71,1.71,0.154,8.0
5.0,0.7,1.5,3.0,0.4,7200,0.8,145,77.2,22.36,0.51,1.73,0.154,5.63
5.0,0.7,1.5,3.0,0.6,7200,0.8,145,77.2,22.36,0.51,1.73,0.154,5.63
5.0,0.7,1.5,3.0,0.8,7200,0.8,145,77.2,22.36,0.51,1.73,0.154,5.63
5.0,0.7,1.5,4.5,0.4,7200,0.8,145,77.2,22.36,0.51,1.73,0.154,5.63
5.0,0.7,1.5,4.5,0.6,7200,0.8,145,77.2,22.36,0.51,1.73,0.154,5.63
5.0,0.7,1.5,4.5,0.8,7200,0.8,145,77.2,22.36,0.51,1.73,0.154,5.63
2.0,1.0,1.5,3.0,0.4,14400,0.8,145,68.3,22.17,0.65,1.4,0.153,6.1
2.0,1.0,1.5,3.0,0.6,14400,0.8,145,68.3,22.17,0.65,1.4,0.153,6.1
2.0,1.0,1.5,3.0,0.8,14400,0.8,145,68.3,22.17,0.65,1.4,0.153,6.1
2.0,1.0,1.5,4.5,0.4,14400,0.8,145,68.3,22.17,0.65,1.4,0.153,6.1
2.0,1.0,1.5,4.5,0.6,14400,0.8,145,68.3,22.17,0.65,1.4,0.153,6.1
2.0,1.0,1.5,4.5,0.8,14400,0.8,145,68.3,22.17,0.65,1.4,0.153,6.1
2.0,0.7,1.5,3.0,0.4,7200,0.4,148,79.1,22.55,0.39,1.46,0.152,6.44
2.0,0.7,1.5,3.0,0.6,7200,0.4,148,79.1,22.55,0.39,1.46,0.152,6.44
2.0,0.7,1.5,3.0,0.8,7200,0.4,148,79.1,22.55,0.39,1.46,0.152,6.44
2.0,0.7,1.5,4.5,0.4,7200,0.4,148,79.1,22.55,0.39,1.46,0.152,6.44
2.0,0.7,1.5,4.5,0.6,7200,0.4,148,79.1,22.55,0.39,1.46,0.152,6.44
2.0,0.7,1.5,4.5,0.8,7200,0.4,148,79.1,22.55,0.39,1.46,0.152,6.44
4.0,1.0,2.5,3.0,0.4,3600,0.2,84,81.0,12.76,0.3,1.27,0.152,10.29
4.0,1.0,2.5,3.0,0.6,3600,0.2,84,81.0,12.76,0.3,1.27,0.152,10.29
4.0,1.0,2.5,3.0,0.8,3600,0.2,84,81.0,12.76,0.3,1.27,0.152,10.29
4.0,1.0,2.5,4.5,0.4,3600,0.2,84,81.0,12.76,0.3,1.27,0.152,10.29
4.0,1.0,2.5,4.5,0.6,3600,0.2,84,81.0,12.76,0.3,1.27,0.152,10.29
4.0,1.0,2.5,4.5,0.8,3600,0.2,84,81.0,12.76,0.3,1.27,0.152,10.29
4.0,1.5,2.5,4.5,0.6,3600,0.4,104,72.1,15.78,0.51,1.32,0.152,10.98
5.0,1.0,1.5,3.0,0.4,3600,0.8,148,68.9,22.56,0.79,1.75,0.152,5.59
5.0,1.0,1.5,3.0,0.6,3600,0.8,148,68.9,22.56,0.79,1.75,0.152,5.59
5.0,1.0,1.5,3.0,0.8,3600,0.8,148,68.9,22.56,0.79,1.75,0.152,5.59
5.0,1.0,1.5,4.5,0.4,3600,0.8,148,68.9,22.56,0.79,1.75,0.152,5.59
5.0,1.0,1.5,4.5,0.6,3600,0.8,148,68.9,22.56,0.79,1.75,0.152,5.59
5.0,1.0,1.5,4.5,0.8,3600,0.8,148,68.9,22.56,0.79,1.75,0.152,5.59
2.0,1.5,2.5,4.5,0.6,2400,0.4,174,70.7,26.29,0.63,1.52,0.151,6.04
4.0,1.5,2.5,3.0,0.6,1200,0.2,111,74.8,16.79,0.45,1.34,0.151,11.47
4.0,1.5,2.5,4.5,0.6,1200,0.2,111,74.8,16.79,0.45,1.34,0.151,11.47
2.0,1.5,2.5,3.0,0.4,1200,0.4,212,65.1,31.76,0.93,1.73,0.15,4.62
3.0,1.0,1.5,4.5,0.4,3600,0.4,120,77.5,17.98,0.39,1.35,0.15,8.43
3.0,1.0,1.5,4.5,0.6,3600,0.4,120,77.5,17.98,0.39,1.35,0.15,8.43
3.0,1.0,1.5,4.5,0.8,3600,0.4,120,77.5,17.98,0.39,1.35,0.15,8.43
4.0,0.7,2.5,3.0,0.4,14400,0.8,123,77.2,18.5,0.44,1.51,0.15,8.07
4.0,0.7,2.5,3.0,0.6,14400,0.8,123,77.2,18.5,0.44,1.51,0.15,8.07
4.0,0.7,2.5,3.0,0.8,14400,0.8,123,77.2,18.5,0.44,1.51,0.15,8.07
4.0,0.7,2.5,4.5,0.4,14400,0.8,123,77.2,18.5,0.44,1.51,0.15,8.07
4.0,0.7,2.5,4.5,0.6,14400,0.8,123,77.2,18.5,0.44,1.51,0.15,8.07
4.0,0.7,2.5,4.5,0.8,14400,0.8,123,77.2,18.5,0.44,1.51,0.15,8.07
4.0,1.5,2.5,3.0,0.8,3600,0.4,105,71.4,15.75,0.53,1.32,0.15,11.18
5.0,0.7,1.5,3.0,0.4,1200,0.4,184,73.4,27.52,0.88,2.42,0.15,5.21
5.0,0.7,1.5,3.0,0.6,1200,0.4,184,73.4,27.52,0.88,2.42,0.15,5.21
5.0,0.7,1.5,3.0,0.8,1200,0.4,184,73.4,27.52,0.88,2.42,0.15,5.21
5.0,0.7,1.5,4.5,0.4,1200,0.4,184,73.4,27.52,0.88,2.42,0.15,5.21
5.0,0.7,1.5,4.5,0.6,1200,0.4,184,73.4,27.52,0.88,2.42,0.15,5.21
5.0,0.7,1.5,4.5,0.8,1200,0.4,184,73.4,27.52,0.88,2.42,0.15,5.21
5.0,0.7,2.5,3.0,0.4,1200,0.4,184,73.4,27.52,0.88,2.42,0.15,5.21
5.0,0.7,2.5,3.0,0.6,1200,0.4,184,73.4,27.52,0.88,2.42,0.15,5.21
5.0,0.7,2.5,3.0,0.8,1200,0.4,184,73.4,27.52,0.88,2.42,0.15,5.21
5.0,0.7,2.5,4.5,0.4,1200,0.4,184,73.4,27.52,0.88,2.42,0.15,5.21
5.0,0.7,2.5,4.5,0.6,1200,0.4,184,73.4,27.52,0.88,2.42,0.15,5.21
5.0,0.7,2.5,4.5,0.8,1200,0.4,184,73.4,27.52,0.88,2.42,0.15,5.21
4.0,0.7,1.5,3.0,0.4,1200,0.2,128,82.0,19.11,0.33,1.52,0.149,8.0
4.0,0.7,1.5,3.0,0.6,1200,0.2,128,82.0,19.11,0.33,1.52,0.149,8.0
4.0,0.7,1.5,3.0,0.8,1200,0.2,128,82.0,19.11,0.33,1.52,0.149,8.0
4.0,0.7,1.5,4.5,0.4,1200,0.2,128,82.0,19.11,0.33,1.52,0.149,8.0
4.0,0.7,1.5,4.5,0.6,1200,0.2,128,82.0,19.11,0.33,1.52,0.149,8.0
4.0,0.7,1.5,4.5,0.8,1200,0.2,128,82.0,19.11,0.33,1.52,0.149,8.0
2.0,1.5,2.5,3.0,0.8,2400,0.4,172,70.9,25.49,0.62,1.5,0.148,6.04
2.0,1.5,2.5,4.5,0.4,1200,0.4,212,65.1,31.31,0.92,1.72,0.148,4.62
4.0,1.5,2.5,3.0,0.6,14400,0.8,112,69.6,16.52,0.57,1.31,0.148,8.0
4.0,1.5,2.5,4.5,0.6,14400,0.8,112,69.6,16.52,0.57,1.31,0.148,8.0
3.0,1.0,1.5,3.0,0.4,2400,0.4,152,74.3,22.41,0.5,1.44,0.147,6.0
3.0,1.0,1.5,3.0,0.6,2400,0.4,152,74.3,22.41,0.5,1.44,0.147,6.0
3.0,1.0,1.5,3.0,0.8,2400,0.4,152,74.3,22.41,0.5,1.44,0.147,6.0
2.0,1.0,1.5,3.0,0.4,3600,0.4,135,69.6,19.73,0.6,1.37,0.146,6.85
2.0,1.0,1.5,3.0,0.6,3600,0.4,135,69.6,19.73,0.6,1.37,0.146,6.85
2.0,1.0,1.5,3.0,0.8,3600,0.4,135,69.6,19.73,0.6,1.37,0.146,6.85
2.0,1.0,1.5,4.5,0.4,2400,0.4,169,71.0,24.71,0.61,1.51,0.146,6.04
2.0,1.0,1.5,4.5,0.6,2400,0.4,169,71.0,24.71,0.61,1.51,0.146,6.04
2.0,1.0,1.5,4.5,0.8,2400,0.4,169,71.0,24.71,0.61,1.51,0.146,6.04
4.0,1.0,2.5,3.0,0.4,7200,0.8,144,70.1,20.99,0.64,1.49,0.146,8.0
4.0,1.0,2.5,3.0,0.4,14400,0.4,86,81.4,12.56,0.29,1.26,0.146,10.3
4.0,1.0,2.5,3.0,0.6,7200,0.8,144,70.1,20.99,0.64,1.49,0.146,8.0
4.0,1.0,2.5,3.0,0.6,14400,0.4,86,81.4,12.56,0.29,1.26,0.146,10.3
4.0,1.0,2.5,3.0,0.8,7200,0.8,144,70.1,20.99,0.64,1.49,0.146,8.0
4.0,1.0,2.5,3.0,0.8,14400,0.4,86,81.4,12.56,0.29,1.26,0.146,10.3
4.0,1.0,2.5,4.5,0.4,7200,0.8,144,70.1,20.99,0.64,1.49,0.146,8.0
4.0,1.0,2.5,4.5,0.4,14400,0.4,86,81.4,12.56,0.29,1.26,0.146,10.3
4.0,1.0,2.5,4.5,0.6,7200,0.8,144,70.1,20.99,0.64,1.49,0.146,8.0
4.0,1.0,2.5,4.5,0.6,14400,0.4,86,81.4,12.56,0.29,1.26,0.146,10.3
4.0,1.0,2.5,4.5,0.8,7200,0.8,144,70.1,20.99,0.64,1.49,0.146,8.0
4.0,1.0,2.5,4.5,0.8,14400,0.4,86,81.4,12.56,0.29,1.26,0.146,10.3
3.0,0.7,1.5,3.0,0.4,3600,0.4,148,79.7,21.41,0.38,1.49,0.145,7.65
3.0,0.7,1.5,3.0,0.6,3600,0.4,148,79.7,21.41,0.38,1.49,0.145,7.65
3.0,0.7,1.5,3.0,0.8,3600,0.4,148,79.7,21.41,0.38,1.49,0.145,7.65
3.0,0.7,1.5,4.5,0.4,3600,0.4,148,79.7,21.41,0.38,1.49,0.145,7.65
3.0,0.7,1.5,4.5,0.6,3600,0.4,148,79.7,21.41,0.38,1.49,0.145,7.65
3.0,0.7,1.5,4.5,0.8,3600,0.4,148,79.7,21.41,0.38,1.49,0.145,7.65
4.0,1.0,1.5,3.0,0.4,3600,0.4,103,74.8,14.89,0.45,1.33,0.145,10.29
4.0,1.0,1.5,3.0,0.6,3600,0.4,103,74.8,14.89,0.45,1.33,0.145,10.29
4.0,1.0,1.5,3.0,0.8,3600,0.4,103,74.8,14.89,0.45,1.33,0.145,10.29
2.0,0.7,2.5,3.0,0.4,7200,0.4,148,79.1,21.29,0.38,1.44,0.144,6.44
2.0,0.7,2.5,3.0,0.6,7200,0.4,148,79.1,21.29,0.38,1.44,0.144,6.44
2.0,0.7,2.5,3.0,0.8,7200,0.4,148,79.1,21.29,0.38,1.44,0.144,6.44
2.0,0.7,2.5,4.5,0.4,7200,0.4,148,79.1,21.29,0.38,1.44,0.144,6.44
2.0,0.7,2.5,4.5,0.6,7200,0.4,148,79.1,21.29,0.38,1.44,0.144,6.44
2.0,0.7,2.5,4.5,0.8,7200,0.4,148,79.1,21.29,0.38,1.44,0.144,6.44
3.0,1.0,1.5,3.0,0.4,7200,0.8,156,69.2,22.53,0.65,1.46,0.144,7.96
3.0,1.0,1.5,3.0,0.6,7200,0.8,156,69.2,22.53,0.65,1.46,0.144,7.96
3.0,1.0,1.5,3.0,0.8,7200,0.8,156,69.2,22.53,0.65,1.46,0.144,7.96
3.0,1.0,1.5,4.5,0.4,7200,0.8,156,69.2,22.53,0.65,1.46,0.144,7.96
3.0,1.0,1.5,4.5,0.6,7200,0.8,156,69.2,22.53,0.65,1.46,0.144,7.96
3.0,1.0,1.5,4.5,0.8,7200,0.8,156,69.2,22.53,0.65,1.46,0.144,7.96
4.0,0.7,2.5,3.0,0.4,7200,0.8,151,76.2,21.72,0.51,1.64,0.144,8.0
4.0,0.7,2.5,3.0,0.6,7200,0.8,151,76.2,21.72,0.51,1.64,0.144,8.0
4.0,0.7,2.5,3.0,0.8,7200,0.8,151,76.2,21.72,0.51,1.64,0.144,8.0
4.0,0.7,2.5,4.5,0.4,7200,0.8,151,76.2,21.72,0.51,1.64,0.144,8.0
4.0,0.7,2.5,4.5,0.6,7200,0.8,151,76.2,21.72,0.51,1.64,0.144,8.0
4.0,0.7,2.5,4.5,0.8,7200,0.8,151,76.2,21.72,0.51,1.64,0.144,8.0
2.0,1.5,2.5,4.5,0.8,2400,0.4,172,70.9,24.59,0.61,1.48,0.143,6.04
4.0,0.7,1.5,3.0,0.4,7200,0.8,151,76.2,21.54,0.51,1.63,0.143,8.0
4.0,0.7,1.5,3.0,0.6,7200,0.8,151,76.2,21.54,0.51,1.63,0.143,8.0
4.0,0.7,1.5,3.0,0.8,7200,0.8,151,76.2,21.54,0.51,1.63,0.143,8.0
4.0,0.7,1.5,4.5,0.4,7200,0.8,151,76.2,21.54,0.51,1.63,0.143,8.0
4.0,0.7,1.5,4.5,0.6,7200,0.8,151,76.2,21.54,0.51,1.63,0.143,8.0
4.0,0.7,1.5,4.5,0.8,7200,0.8,151,76.2,21.54,0.51,1.63,0.143,8.0
4.0,1.0,2.5,3.0,0.4,2400,0.2,86,82.6,12.3,0.27,1.26,0.143,10.11
4.0,1.0,2.5,3.0,0.6,2400,0.2,86,82.6,12.3,0.27,1.26,0.143,10.11
4.0,1.0,2.5,3.0,0.8,2400,0.2,86,82.6,12.3,0.27,1.26,0.143,10.11
4.0,1.0,2.5,4.5,0.4,2400,0.2,86,82.6,12.3,0.27,1.26,0.143,10.11
4.0,1.0,2.5,4.5,0.6,2400,0.2,86,82.6,12.3,0.27,1.26,0.143,10.11
4.0,1.0,2.5,4.5,0.8,2400,0.2,86,82.6,12.3,0.27,1.26,0.143,10.11
5.0,1.0,2.5,3.0,0.4,3600,0.8,148,68.9,21.21,0.77,1.7,0.143,5.59
5.0,1.0,2.5,3.0,0.6,3600,0.8,148,68.9,21.21,0.77,1.7,0.143,5.59
5.0,1.0,2.5,3.0,0.8,3600,0.8,148,68.9,21.21,0.77,1.7,0.143,5.59
5.0,1.0,2.5,4.5,0.4,3600,0.8,148,68.9,21.21,0.77,1.7,0.143,5.59
5.0,1.0,2.5,4.5,0.6,3600,0.8,148,68.9,21.21,0.77,1.7,0.143,5.59
5.0,1.0,2.5,4.5,0.8,3600,0.8,148,68.9,21.21,0.77,1.7,0.143,5.59
2.0,0.7,1.5,3.0,0.4,3600,0.4,167,74.9,23.67,0.51,1.52,0.142,6.92
2.0,0.7,1.5,3.0,0.6,3600,0.4,167,74.9,23.67,0.51,1.52,0.142,6.92
2.0,0.7,1.5,3.0,0.8,3600,0.4,167,74.9,23.67,0.51,1.52,0.142,6.92
2.0,0.7,1.5,4.5,0.4,3600,0.4,167,74.9,23.67,0.51,1.52,0.142,6.92
2.0,0.7,1.5,4.5,0.6,3600,0.4,167,74.9,23.67,0.51,1.52,0.142,6.92
2.0,0.7,1.5,4.5,0.8,3600,0.4,167,74.9,23.67,0.51,1.52,0.142,6.92
3.0,1.0,2.5,3.0,0.4,3600,0.4,120,77.5,17.08,0.39,1.33,0.142,8.88
3.0,1.0,2.5,3.0,0.6,3600,0.4,120,77.5,17.08,0.39,1.33,0.142,8.88
3.0,1.0,2.5,3.0,0.8,3600,0.4,120,77.5,17.08,0.39,1.33,0.142,8.88
4.0,1.5,2.5,3.0,0.8,1200,0.2,108,75.0,15.3,0.44,1.31,0.142,12.47
4.0,1.5,2.5,3.0,0.8,14400,0.8,110,70.0,15.62,0.55,1.29,0.142,8.24
4.0,1.5,2.5,4.5,0.8,3600,0.4,105,71.4,14.85,0.52,1.3,0.141,11.18
2.0,0.7,1.5,3.0,0.4,1200,0.2,171,77.8,23.86,0.43,1.49,0.14,6.44
2.0,0.7,1.5,3.0,0.6,1200,0.2,171,77.8,23.86,0.43,1.49,0.14,6.44
2.0,0.7,1.5,3.0,0.8,1200,0.2,171,77.8,23.86,0.43,1.49,0.14,6.44
2.0,0.7,1.5,4.5,0.4,1200,0.2,171,77.8,23.86,0.43,1.49,0.14,6.44
2.0,0.7,1.5,4.5,0.6,1200,0.2,171,77.8,23.86,0.43,1.49,0.14,6.44
2.0,0.7,1.5,4.5,0.8,1200,0.2,171,77.8,23.86,0.43,1.49,0.14,6.44
3.0,1.0,1.5,4.5,0.4,2400,0.4,152,74.3,21.06,0.49,1.42,0.139,6.0
3.0,1.0,1.5,4.5,0.6,2400,0.4,152,74.3,21.06,0.49,1.42,0.139,6.0
3.0,1.0,1.5,4.5,0.8,2400,0.4,152,74.3,21.06,0.49,1.42,0.139,6.0
3.0,1.0,2.5,3.0,0.4,7200,0.8,156,69.2,21.63,0.64,1.44,0.139,8.41
3.0,1.0,2.5,3.0,0.6,7200,0.8,156,69.2,21.63,0.64,1.44,0.139,8.41
3.0,1.0,2.5,3.0,0.8,7200,0.8,156,69.2,21.63,0.64,1.44,0.139,8.41
3.0,1.0,2.5,4.5,0.4,3600,0.4,120,77.5,16.63,0.38,1.32,0.139,8.88
3.0,1.0,2.5,4.5,0.4,7200,0.8,156,69.2,21.63,0.64,1.44,0.139,8.41
3.0,1.0,2.5,4.5,0.6,3600,0.4,120,77.5,16.63,0.38,1.32,0.139,8.88
3.0,1.0,2.5,4.5,0.6,7200,0.8,156,69.2,21.63,0.64,1.44,0.139,8.41
3.0,1.0,2.5,4.5,0.8,3600,0.4,120,77.5,16.63,0.38,1.32,0.139,8.88
3.0,1.0,2.5,4.5,0.8,7200,0.8,156,69.2,21.63,0.64,1.44,0.139,8.41
4.0,0.7,2.5,3.0,0.4,1200,0.2,128,82.0,17.85,0.33,1.48,0.139,8.0
4.0,0.7,2.5,3.0,0.6,1200,0.2,128,82.0,17.85,0.33,1.48,0.139,8.0
4.0,0.7,2.5,3.0,0.8,1200,0.2,128,82.0,17.85,0.33,1.48,0.139,8.0
4.0,0.7,2.5,4.5,0.4,1200,0.2,128,82.0,17.85,0.33,1.48,0.139,8.0
4.0,0.7,2.5,4.5,0.6,1200,0.2,128,82.0,17.85,0.33,1.48,0.139,8.0
4.0,0.7,2.5,4.5,0.8,1200,0.2,128,82.0,17.85,0.33,1.48,0.139,8.0
2.0,1.0,2.5,3.0,0.4,2400,0.4,169,71.0,23.36,0.6,1.48,0.138,6.04
2.0,1.0,2.5,3.0,0.6,2400,0.4,169,71.0,23.36,0.6,1.48,0.138,6.04
2.0,1.0,2.5,3.0,0.8,2400,0.4,169,71.0,23.36,0.6,1.48,0.138,6.04
4.0,1.5,2.5,4.5,0.8,14400,0.8,110,70.0,15.17,0.55,1.29,0.138,8.24
2.0,1.0,2.5,3.0,0.4,14400,0.8,145,68.3,19.92,0.63,1.36,0.137,6.1
2.0,1.0,2.5,3.0,0.6,14400,0.8,145,68.3,19.92,0.63,1.36,0.137,6.1
2.0,1.0,2.5,3.0,0.8,14400,0.8,145,68.3,19.92,0.63,1.36,0.137,6.1
2.0,1.0,2.5,4.5,0.4,14400,0.8,145,68.3,19.92,0.63,1.36,0.137,6.1
2.0,1.0,2.5,4.5,0.6,14400,0.8,145,68.3,19.92,0.63,1.36,0.137,6.1
2.0,1.0,2.5,4.5,0.8,14400,0.8,145,68.3,19.92,0.63,1.36,0.137,6.1
4.0,1.5,2.5,4.5,0.8,1200,0.2,108,75.0,14.85,0.43,1.3,0.137,12.47
2.0,1.0,1.5,4.5,0.4,3600,0.4,135,69.6,18.38,0.59,1.34,0.136,6.85
2.0,1.0,1.5,4.5,0.6,3600,0.4,135,69.6,18.38,0.59,1.34,0.136,6.85
2.0,1.0,1.5,4.5,0.8,3600,0.4,135,69.6,18.38,0.59,1.34,0.136,6.85
2.0,1.0,2.5,4.5,0.4,2400,0.4,169,71.0,22.91,0.6,1.47,0.136,6.04
2.0,1.0,2.5,4.5,0.6,2400,0.4,169,71.0,22.91,0.6,1.47,0.136,6.04
2.0,1.0,2.5,4.5,0.8,2400,0.4,169,71.0,22.91,0.6,1.47,0.136,6.04
3.0,1.0,2.5,3.0,0.4,2400,0.4,152,74.3,20.61,0.49,1.41,0.136,6.0
3.0,1.0,2.5,3.0,0.6,2400,0.4,152,74.3,20.61,0.49,1.41,0.136,6.0
3.0,1.0,2.5,3.0,0.8,2400,0.4,152,74.3,20.61,0.49,1.41,0.136,6.0
2.0,0.7,1.5,3.0,0.4,14400,0.8,166,72.9,22.38,0.54,1.45,0.135,5.64
2.0,0.7,1.5,3.0,0.6,14400,0.8,166,72.9,22.38,0.54,1.45,0.135,5.64
2.0,0.7,1.5,3.0,0.8,14400,0.8,166,72.9,22.38,0.54,1.45,0.135,5.64
2.0,0.7,1.5,4.5,0.4,14400,0.8,166,72.9,22.38,0.54,1.45,0.135,5.64
2.0,0.7,1.5,4.5,0.6,14400,0.8,166,72.9,22.38,0.54,1.45,0.135,5.64
2.0,0.7,1.5,4.5,0.8,14400,0.8,166,72.9,22.38,0.54,1.45,0.135,5.64
2.0,1.5,2.5,3.0,0.8,1200,0.4,211,64.9,28.44,0.91,1.69,0.135,4.24
4.0,0.7,2.5,3.0,0.4,3600,0.4,131,80.2,17.71,0.36,1.47,0.135,8.0
4.0,0.7,2.5,3.0,0.6,3600,0.4,131,80.2,17.71,0.36,1.47,0.135,8.0
4.0,0.7,2.5,3.0,0.8,3600,0.4,131,80.2,17.71,0.36,1.47,0.135,8.0
4.0,0.7,2.5,4.5,0.4,3600,0.4,131,80.2,17.71,0.36,1.47,0.135,8.0
4.0,0.7,2.5,4.5,0.6,3600,0.4,131,80.2,17.71,0.36,1.47,0.135,8.0
4.0,0.7,2.5,4.5,0.8,3600,0.4,131,80.2,17.71,0.36,1.47,0.135,8.0
4.0,1.5,2.5,3.0,0.4,14400,0.8,114,69.3,15.27,0.57,1.29,0.134,8.0
4.0,1.5,2.5,4.5,0.4,14400,0.8,114,69.3,15.27,0.57,1.29,0.134,8.0
3.0,1.0,2.5,4.5,0.4,2400,0.4,152,74.3,20.16,0.48,1.4,0.133,6.0
3.0,1.0,2.5,4.5,0.6,2400,0.4,152,74.3,20.16,0.48,1.4,0.133,6.0
3.0,1.0,2.5,4.5,0.8,2400,0.4,152,74.3,20.16,0.48,1.4,0.133,6.0
2.0,1.5,2.5,4.5,0.8,1200,0.4,211,64.9,27.54,0.9,1.67,0.131,4.24
4.0,1.0,1.5,4.5,0.4,3600,0.4,103,74.8,13.54,0.44,1.3,0.131,10.29
4.0,1.0,1.5,4.5,0.6,3600,0.4,103,74.8,13.54,0.44,1.3,0.131,10.29
4.0,1.0,1.5,4.5,0.8,3600,0.4,103,74.8,13.54,0.44,1.3,0.131,10.29
3.0,0.7,1.5,3.0,0.4,1200,0.2,148,80.4,19.26,0.35,1.42,0.13,7.16
3.0,0.7,1.5,3.0,0.6,1200,0.2,148,80.4,19.26,0.35,1.42,0.13,7.16
3.0,0.7,1.5,3.0,0.8,1200,0.2,148,80.4,19.26,0.35,1.42,0.13,7.16
3.0,0.7,1.5,4.5,0.4,1200,0.2,148,80.4,19.26,0.35,1.42,0.13,7.16
3.0,0.7,1.5,4.5,0.6,1200,0.2,148,80.4,19.26,0.35,1.42,0.13,7.16
3.0,0.7,1.5,4.5,0.8,1200,0.2,148,80.4,19.26,0.35,1.42,0.13,7.16
3.0,0.7,2.5,3.0,0.4,3600,0.4,148,79.7,19.25,0.37,1.44,0.13,7.95
3.0,0.7,2.5,3.0,0.6,3600,0.4,148,79.7,19.25,0.37,1.44,0.13,7.95
3.0,0.7,2.5,3.0,0.8,3600,0.4,148,79.7,19.25,0.37,1.44,0.13,7.95
3.0,0.7,2.5,4.5,0.4,3600,0.4,148,79.7,19.25,0.37,1.44,0.13,7.95
3.0,0.7,2.5,4.5,0.6,3600,0.4,148,79.7,19.25,0.37,1.44,0.13,7.95
3.0,0.7,2.5,4.5,0.8,3600,0.4,148,79.7,19.25,0.37,1.44,0.13,7.95
4.0,1.0,1.5,3.0,0.4,1200,0.2,107,76.6,13.88,0.39,1.29,0.13,10.29
4.0,1.0,1.5,3.0,0.6,1200,0.2,107,76.6,13.88,0.39,1.29,0.13,10.29
4.0,1.0,1.5,3.0,0.8,1200,0.2,107,76.6,13.88,0.39,1.29,0.13,10.29
4.0,1.0,1.5,4.5,0.4,1200,0.2,107,76.6,13.88,0.39,1.29,0.13,10.29
4.0,1.0,1.5,4.5,0.6,1200,0.2,107,76.6,13.88,0.39,1.29,0.13,10.29
4.0,1.0,1.5,4.5,0.8,1200,0.2,107,76.6,13.88,0.39,1.29,0.13,10.29
3.0,1.0,1.5,3.0,0.4,14400,0.8,122,71.3,15.69,0.52,1.28,0.129,8.61
3.0,1.0,1.5,3.0,0.6,14400,0.8,122,71.3,15.69,0.52,1.28,0.129,8.61
3.0,1.0,1.5,3.0,0.8,14400,0.8,122,71.3,15.69,0.52,1.28,0.129,8.61
3.0,1.0,1.5,4.5,0.4,14400,0.8,122,71.3,15.69,0.52,1.28,0.129,8.61
3.0,1.0,1.5,4.5,0.6,14400,0.8,122,71.3,15.69,0.52,1.28,0.129,8.61
3.0,1.0,1.5,4.5,0.8,14400,0.8,122,71.3,15.69,0.52,1.28,0.129,8.61
2.0,0.7,2.5,3.0,0.4,1200,0.2,171,77.8,21.88,0.41,1.45,0.128,6.44
2.0,0.7,2.5,3.0,0.6,1200,0.2,171,77.8,21.88,0.41,1.45,0.128,6.44
2.0,0.7,2.5,3.0,0.8,1200,0.2,171,77.8,21.88,0.41,1.45,0.128,6.44
2.0,0.7,2.5,4.5,0.4,1200,0.2,171,77.8,21.88,0.41,1.45,0.128,6.44
2.0,0.7,2.5,4.5,0.6,1200,0.2,171,77.8,21.88,0.41,1.45,0.128,6.44
2.0,0.7,2.5,4.5,0.8,1200,0.2,171,77.8,21.88,0.41,1.45,0.128,6.44
4.0,1.5,2.5,3.0,0.8,1200,0.4,183,69.4,23.21,0.7,1.59,0.127,8.0
2.0,1.0,2.5,3.0,0.4,3600,0.4,135,69.6,17.03,0.57,1.32,0.126,6.85
2.0,1.0,2.5,3.0,0.6,3600,0.4,135,69.6,17.03,0.57,1.32,0.126,6.85
2.0,1.0,2.5,3.0,0.8,3600,0.4,135,69.6,17.03,0.57,1.32,0.126,6.85
3.0,0.7,2.5,3.0,0.4,1200,0.2,148,80.4,18.72,0.34,1.41,0.126,7.16
3.0,0.7,2.5,3.0,0.6,1200,0.2,148,80.4,18.72,0.34,1.41,0.126,7.16
3.0,0.7,2.5,3.0,0.8,1200,0.2,148,80.4,18.72,0.34,1.41,0.126,7.16
3.0,0.7,2.5,4.5,0.4,1200,0.2,148,80.4,18.72,0.34,1.41,0.126,7.16
3.0,0.7,2.5,4.5,0.6,1200,0.2,148,80.4,18.72,0.34,1.41,0.126,7.16
3.0,0.7,2.5,4.5,0.8,1200,0.2,148,80.4,18.72,0.34,1.41,0.126,7.16
4.0,1.0,1.5,3.0,0.4,1200,0.4,181,70.7,22.83,0.65,1.58,0.126,8.0
4.0,1.0,1.5,3.0,0.6,1200,0.4,181,70.7,22.83,0.65,1.58,0.126,8.0
4.0,1.0,1.5,3.0,0.8,1200,0.4,181,70.7,22.83,0.65,1.58,0.126,8.0
2.0,1.5,2.5,3.0,0.4,3600,0.8,213,62.9,26.7,0.94,1.59,0.125,5.92
2.0,1.5,2.5,4.5,0.4,3600,0.8,213,62.9,26.7,0.94,1.59,0.125,5.92
4.0,1.5,2.5,3.0,0.6,1200,0.4,188,70.2,23.45,0.68,1.59,0.125,8.0
2.0,0.7,2.5,3.0,0.4,3600,0.4,167,74.9,20.79,0.49,1.45,0.124,6.92
2.0,0.7,2.5,3.0,0.6,3600,0.4,167,74.9,20.79,0.49,1.45,0.124,6.92
2.0,0.7,2.5,3.0,0.8,3600,0.4,167,74.9,20.79,0.49,1.45,0.124,6.92
2.0,0.7,2.5,4.5,0.4,3600,0.4,167,74.9,20.79,0.49,1.45,0.124,6.92
2.0,0.7,2.5,4.5,0.6,3600,0.4,167,74.9,20.79,0.49,1.45,0.124,6.92
2.0,0.7,2.5,4.5,0.8,3600,0.4,167,74.9,20.79,0.49,1.45,0.124,6.92
2.0,0.7,2.5,3.0,0.4,14400,0.8,166,72.9,20.4,0.53,1.41,0.123,5.64
2.0,0.7,2.5,3.0,0.6,14400,0.8,166,72.9,20.4,0.53,1.41,0.123,5.64
2.0,0.7,2.5,3.0,0.8,14400,0.8,166,72.9,20.4,0.53,1.41,0.123,5.64
2.0,0.7,2.5,4.5,0.4,14400,0.8,166,72.9,20.4,0.53,1.41,0.123,5.64
2.0,0.7,2.5,4.5,0.6,14400,0.8,166,72.9,20.4,0.53,1.41,0.123,5.64
2.0,0.7,2.5,4.5,0.8,14400,0.8,166,72.9,20.4,0.53,1.41,0.123,5.64
2.0,1.0,2.5,4.5,0.4,3600,0.4,135,69.6,16.58,0.57,1.31,0.123,6.85
2.0,1.0,2.5,4.5,0.6,3600,0.4,135,69.6,16.58,0.57,1.31,0.123,6.85
2.0,1.0,2.5,4.5,0.8,3600,0.4,135,69.6,16.58,0.57,1.31,0.123,6.85
4.0,1.5,2.5,4.5,0.6,1200,0.4,188,70.2,23.0,0.67,1.58,0.122,8.0
4.0,1.5,2.5,4.5,0.8,1200,0.4,183,69.4,22.31,0.69,1.56,0.122,8.0
2.0,1.0,1.5,3.0,0.4,1200,0.4,212,65.1,25.59,0.85,1.59,0.121,4.7
2.0,1.0,1.5,3.0,0.6,1200,0.4,212,65.1,25.59,0.85,1.59,0.121,4.7
2.0,1.0,1.5,3.0,0.8,1200,0.4,212,65.1,25.59,0.85,1.59,0.121,4.7
3.0,1.0,2.5,3.0,0.4,14400,0.8,122,71.3,14.79,0.51,1.27,0.121,9.06
3.0,1.0,2.5,3.0,0.6,14400,0.8,122,71.3,14.79,0.51,1.27,0.121,9.06
3.0,1.0,2.5,3.0,0.8,14400,0.8,122,71.3,14.79,0.51,1.27,0.121,9.06
3.0,1.0,2.5,4.5,0.4,14400,0.8,122,71.3,14.79,0.51,1.27,0.121,9.06
3.0,1.0,2.5,4.5,0.6,14400,0.8,122,71.3,14.79,0.51,1.27,0.121,9.06
3.0,1.0,2.5,4.5,0.8,14400,0.8,122,71.3,14.79,0.51,1.27,0.121,9.06
4.0,1.5,2.5,3.0,0.4,3600,0.8,189,66.1,22.91,0.78,1.53,0.121,8.0
4.0,1.5,2.5,4.5,0.4,3600,0.8,189,66.1,22.91,0.78,1.53,0.121,8.0
2.0,1.5,2.5,3.0,0.6,3600,0.8,212,63.2,25.5,0.91,1.57,0.12,5.92
2.0,1.5,2.5,4.5,0.6,3600,0.8,212,63.2,25.5,0.91,1.57,0.12,5.92
4.0,1.0,1.5,4.5,0.4,1200,0.4,181,70.7,21.48,0.64,1.54,0.119,8.0
4.0,1.0,1.5,4.5,0.6,1200,0.4,181,70.7,21.48,0.64,1.54,0.119,8.0
4.0,1.0,1.5,4.5,0.8,1200,0.4,181,70.7,21.48,0.64,1.54,0.119,8.0
4.0,1.0,2.5,3.0,0.4,3600,0.4,103,74.8,12.19,0.43,1.27,0.118,10.29
4.0,1.0,2.5,3.0,0.6,3600,0.4,103,74.8,12.19,0.43,1.27,0.118,10.29
4.0,1.0,2.5,3.0,0.8,3600,0.4,103,74.8,12.19,0.43,1.27,0.118,10.29
4.0,1.5,2.5,3.0,0.6,3600,0.8,188,66.5,22.11,0.76,1.51,0.118,8.0
4.0,1.5,2.5,4.5,0.6,3600,0.8,188,66.5,22.11,0.76,1.51,0.118,8.0
2.0,1.5,2.5,3.0,0.6,1200,0.4,219,64.8,25.64,0.86,1.59,0.117,5.62
3.0,1.5,2.5,3.0,0.4,1200,0.4,206,68.0,23.81,0.7,1.48,0.116,9.44
4.0,1.0,2.5,3.0,0.4,1200,0.4,181,70.7,21.03,0.63,1.53,0.116,8.0
4.0,1.0,2.5,3.0,0.6,1200,0.4,181,70.7,21.03,0.63,1.53,0.116,8.0
4.0,1.0,2.5,3.0,0.8,1200,0.4,181,70.7,21.03,0.63,1.53,0.116,8.0
2.0,1.5,2.5,4.5,0.6,1200,0.4,219,64.8,25.19,0.86,1.58,0.115,5.62
4.0,1.5,2.5,3.0,0.8,3600,0.8,186,66.7,21.32,0.75,1.5,0.115,8.0
2.0,1.0,1.5,4.5,0.4,1200,0.4,212,65.1,24.24,0.84,1.56,0.114,4.7
2.0,1.0,1.5,4.5,0.6,1200,0.4,212,65.1,24.24,0.84,1.56,0.114,4.7
2.0,1.0,1.5,4.5,0.8,1200,0.4,212,65.1,24.24,0.84,1.56,0.114,4.7
4.0,1.0,2.5,4.5,0.4,1200,0.4,181,70.7,20.58,0.63,1.52,0.114,8.0
4.0,1.0,2.5,4.5,0.4,3600,0.4,103,74.8,11.74,0.42,1.26,0.114,10.29
4.0,1.0,2.5,4.5,0.6,1200,0.4,181,70.7,20.58,0.63,1.52,0.114,8.0
4.0,1.0,2.5,4.5,0.6,3600,0.4,103,74.8,11.74,0.42,1.26,0.114,10.29
4.0,1.0,2.5,4.5,0.8,1200,0.4,181,70.7,20.58,0.63,1.52,0.114,8.0
4.0,1.0,2.5,4.5,0.8,3600,0.4,103,74.8,11.74,0.42,1.26,0.114,10.29
3.0,1.5,2.5,4.5,0.4,1200,0.4,206,68.0,23.36,0.69,1.47,0.113,9.44
4.0,1.0,2.5,3.0,0.4,1200,0.2,107,76.6,12.08,0.38,1.25,0.113,10.29
4.0,1.0,2.5,3.0,0.6,1200,0.2,107,76.6,12.08,0.38,1.25,0.113,10.29
4.0,1.0,2.5,3.0,0.8,1200,0.2,107,76.6,12.08,0.38,1.25,0.113,10.29
4.0,1.0,2.5,4.5,0.4,1200,0.2,107,76.6,12.08,0.38,1.25,0.113,10.29
4.0,1.0,2.5,4.5,0.6,1200,0.2,107,76.6,12.08,0.38,1.25,0.113,10.29
4.0,1.0,2.5,4.5,0.8,1200,0.2,107,76.6,12.08,0.38,1.25,0.113,10.29
2.0,1.5,2.5,3.0,0.8,3600,0.8,210,63.3,23.59,0.89,1.53,0.112,5.92
4.0,1.5,2.5,4.5,0.8,3600,0.8,186,66.7,20.87,0.74,1.49,0.112,8.0
5.0,1.5,2.5,3.0,0.4,2400,0.8,184,69.0,20.61,0.76,1.69,0.112,5.35
5.0,1.5,2.5,4.5,0.4,2400,0.8,184,69.0,20.61,0.76,1.69,0.112,5.35
3.0,0.7,1.5,3.0,0.4,14400,0.8,144,73.6,15.98,0.48,1.33,0.111,6.18
3.0,0.7,1.5,3.0,0.6,14400,0.8,144,73.6,15.98,0.48,1.33,0.111,6.18
3.0,0.7,1.5,3.0,0.8,14400,0.8,144,73.6,15.98,0.48,1.33,0.111,6.18
3.0,0.7,1.5,4.5,0.4,14400,0.8,144,73.6,15.98,0.48,1.33,0.111,6.18
3.0,0.7,1.5,4.5,0.6,14400,0.8,144,73.6,15.98,0.48,1.33,0.111,6.18
3.0,0.7,1.5,4.5,0.8,14400,0.8,144,73.6,15.98,0.48,1.33,0.111,6.18
2.0,1.0,2.5,3.0,0.4,1200,0.4,212,65.1,23.34,0.82,1.54,0.11,4.7
2.0,1.0,2.5,3.0,0.6,1200,0.4,212,65.1,23.34,0.82,1.54,0.11,4.7
2.0,1.0,2.5,3.0,0.8,1200,0.4,212,65.1,23.34,0.82,1.54,0.11,4.7
2.0,1.5,2.5,4.5,0.8,3600,0.8,210,63.3,23.14,0.88,1.52,0.11,5.92
5.0,1.5,2.5,3.0,0.8,2400,0.8,178,68.5,19.61,0.76,1.66,0.11,5.46
2.0,1.0,2.5,4.5,0.4,1200,0.4,212,65.1,22.89,0.82,1.53,0.108,4.7
2.0,1.0,2.5,4.5,0.6,1200,0.4,212,65.1,22.89,0.82,1.53,0.108,4.7
2.0,1.0,2.5,4.5,0.8,1200,0.4,212,65.1,22.89,0.82,1.53,0.108,4.7
5.0,1.5,2.5,4.5,0.8,2400,0.8,178,68.5,19.16,0.75,1.64,0.108,5.46
2.0,0.7,1.5,3.0,0.4,2400,0.4,203,74.9,21.56,0.5,1.5,0.106,5.62
2.0,0.7,1.5,3.0,0.6,2400,0.4,203,74.9,21.56,0.5,1.5,0.106,5.62
2.0,0.7,1.5,3.0,0.8,2400,0.4,203,74.9,21.56,0.5,1.5,0.106,5.62
2.0,0.7,1.5,4.5,0.4,2400,0.4,203,74.9,21.56,0.5,1.5,0.106,5.62
2.0,0.7,1.5,4.5,0.6,2400,0.4,203,74.9,21.56,0.5,1.5,0.106,5.62
2.0,0.7,1.5,4.5,0.8,2400,0.4,203,74.9,21.56,0.5,1.5,0.106,5.62
5.0,1.5,2.5,3.0,0.6,2400,0.8,180,68.9,19.14,0.74,1.64,0.106,5.35
5.0,1.5,2.5,4.5,0.6,2400,0.8,180,68.9,19.14,0.74,1.64,0.106,5.35
2.0,0.7,2.5,3.0,0.4,7200,0.8,192,70.3,19.53,0.6,1.43,0.102,4.28
2.0,0.7,2.5,3.0,0.6,7200,0.8,192,70.3,19.53,0.6,1.43,0.102,4.28
2.0,0.7,2.5,3.0,0.8,7200,0.8,192,70.3,19.53,0.6,1.43,0.102,4.28
2.0,0.7,2.5,4.5,0.4,7200,0.8,192,70.3,19.53,0.6,1.43,0.102,4.28
2.0,0.7,2.5,4.5,0.6,7200,0.8,192,70.3,19.53,0.6,1.43,0.102,4.28
2.0,0.7,2.5,4.5,0.8,7200,0.8,192,70.3,19.53,0.6,1.43,0.102,4.28
2.0,1.0,1.5,3.0,0.4,3600,0.8,207,63.3,21.19,0.86,1.48,0.102,5.92
2.0,1.0,1.5,3.0,0.6,3600,0.8,207,63.3,21.19,0.86,1.48,0.102,5.92
2.0,1.0,1.5,3.0,0.8,3600,0.8,207,63.3,21.19,0.86,1.48,0.102,5.92
2.0,1.0,1.5,4.5,0.4,3600,0.8,207,63.3,21.19,0.86,1.48,0.102,5.92
2.0,1.0,1.5,4.5,0.6,3600,0.8,207,63.3,21.19,0.86,1.48,0.102,5.92
2.0,1.0,1.5,4.5,0.8,3600,0.8,207,63.3,21.19,0.86,1.48,0.102,5.92
4.0,0.7,1.5,3.0,0.4,2400,0.4,160,80.0,16.28,0.36,1.42,0.102,8.0
4.0,0.7,1.5,3.0,0.6,2400,0.4,160,80.0,16.28,0.36,1.42,0.102,8.0
4.0,0.7,1.5,3.0,0.8,2400,0.4,160,80.0,16.28,0.36,1.42,0.102,8.0
4.0,0.7,1.5,4.5,0.4,2400,0.4,160,80.0,16.28,0.36,1.42,0.102,8.0
4.0,0.7,1.5,4.5,0.6,2400,0.4,160,80.0,16.28,0.36,1.42,0.102,8.0
4.0,0.7,1.5,4.5,0.8,2400,0.4,160,80.0,16.28,0.36,1.42,0.102,8.0
2.0,0.7,1.5,3.0,0.4,7200,0.8,192,70.3,19.35,0.6,1.43,0.101,4.28
2.0,0.7,1.5,3.0,0.6,7200,0.8,192,70.3,19.35,0.6,1.43,0.101,4.28
2.0,0.7,1.5,3.0,0.8,7200,0.8,192,70.3,19.35,0.6,1.43,0.101,4.28
2.0,0.7,1.5,4.5,0.4,7200,0.8,192,70.3,19.35,0.6,1.43,0.101,4.28
2.0,0.7,1.5,4.5,0.6,7200,0.8,192,70.3,19.35,0.6,1.43,0.101,4.28
2.0,0.7,1.5,4.5,0.8,7200,0.8,192,70.3,19.35,0.6,1.43,0.101,4.28
3.0,1.5,2.5,3.0,0.4,3600,0.8,205,62.4,20.5,0.85,1.41,0.1,6.67
3.0,1.5,2.5,4.5,0.4,3600,0.8,205,62.4,20.5,0.85,1.41,0.1,6.67
5.0,1.0,1.5,3.0,0.4,2400,0.8,185,69.2,18.39,0.72,1.61,0.099,6.04
5.0,1.0,1.5,3.0,0.6,2400,0.8,185,69.2,18.39,0.72,1.61,0.099,6.04
5.0,1.0,1.5,3.0,0.8,2400,0.8,185,69.2,18.39,0.72,1.61,0.099,6.04
5.0,1.0,1.5,4.5,0.4,2400,0.8,185,69.2,18.39,0.72,1.61,0.099,6.04
5.0,1.0,1.5,4.5,0.6,2400,0.8,185,69.2,18.39,0.72,1.61,0.099,6.04
5.0,1.0,1.5,4.5,0.8,2400,0.8,185,69.2,18.39,0.72,1.61,0.099,6.04
4.0,1.0,1.5,3.0,0.4,3600,0.8,183,66.7,17.85,0.71,1.42,0.098,8.0
4.0,1.0,1.5,3.0,0.6,3600,0.8,183,66.7,17.85,0.71,1.42,0.098,8.0
4.0,1.0,1.5,3.0,0.8,3600,0.8,183,66.7,17.85,0.71,1.42,0.098,8.0
4.0,1.0,1.5,4.5,0.4,3600,0.8,183,66.7,17.85,0.71,1.42,0.098,8.0
4.0,1.0,1.5,4.5,0.6,3600,0.8,183,66.7,17.85,0.71,1.42,0.098,8.0
4.0,1.0,1.5,4.5,0.8,3600,0.8,183,66.7,17.85,0.71,1.42,0.098,8.0
3.0,0.7,2.5,3.0,0.4,14400,0.8,144,73.6,14.0,0.46,1.29,0.097,6.9
3.0,0.7,2.5,3.0,0.6,14400,0.8,144,73.6,14.0,0.46,1.29,0.097,6.9
3.0,0.7,2.5,3.0,0.8,14400,0.8,144,73.6,14.0,0.46,1.29,0.097,6.9
3.0,0.7,2.5,4.5,0.4,14400,0.8,144,73.6,14.0,0.46,1.29,0.097,6.9
3.0,0.7,2.5,4.5,0.6,14400,0.8,144,73.6,14.0,0.46,1.29,0.097,6.9
3.0,0.7,2.5,4.5,0.8,14400,0.8,144,73.6,14.0,0.46,1.29,0.097,6.9
5.0,1.0,2.5,3.0,0.4,2400,0.8,185,69.2,17.94,0.71,1.6,0.097,6.04
5.0,1.0,2.5,3.0,0.6,2400,0.8,185,69.2,17.94,0.71,1.6,0.097,6.04
5.0,1.0,2.5,3.0,0.8,2400,0.8,185,69.2,17.94,0.71,1.6,0.097,6.04
5.0,1.0,2.5,4.5,0.4,2400,0.8,185,69.2,17.94,0.71,1.6,0.097,6.04
5.0,1.0,2.5,4.5,0.6,2400,0.8,185,69.2,17.94,0.71,1.6,0.097,6.04
5.0,1.0,2.5,4.5,0.8,2400,0.8,185,69.2,17.94,0.71,1.6,0.097,6.04
2.0,0.7,2.5,3.0,0.4,2400,0.4,203,74.9,19.4,0.49,1.45,0.096,5.62
2.0,0.7,2.5,3.0,0.6,2400,0.4,203,74.9,19.4,0.49,1.45,0.096,5.62
2.0,0.7,2.5,3.0,0.8,2400,0.4,203,74.9,19.4,0.49,1.45,0.096,5.62
2.0,0.7,2.5,4.5,0.4,2400,0.4,203,74.9,19.4,0.49,1.45,0.096,5.62
2.0,0.7,2.5,4.5,0.6,2400,0.4,203,74.9,19.4,0.49,1.45,0.096,5.62
2.0,0.7,2.5,4.5,0.8,2400,0.4,203,74.9,19.4,0.49,1.45,0.096,5.62
2.0,1.0,2.5,3.0,0.4,3600,0.8,207,63.3,19.84,0.84,1.45,0.096,5.92
2.0,1.0,2.5,3.0,0.6,3600,0.8,207,63.3,19.84,0.84,1.45,0.096,5.92
2.0,1.0,2.5,3.0,0.8,3600,0.8,207,63.3,19.84,0.84,1.45,0.096,5.92
2.0,1.0,2.5,4.5,0.4,3600,0.8,207,63.3,19.84,0.84,1.45,0.096,5.92
2.0,1.0,2.5,4.5,0.6,3600,0.8,207,63.3,19.84,0.84,1.45,0.096,5.92
2.0,1.0,2.5,4.5,0.8,3600,0.8,207,63.3,19.84,0.84,1.45,0.096,5.92
3.0,1.5,2.5,3.0,0.6,3600,0.8,204,62.7,19.61,0.83,1.4,0.096,6.67
3.0,1.5,2.5,4.5,0.6,3600,0.8,204,62.7,19.61,0.83,1.4,0.096,6.67
3.0,1.5,2.5,3.0,0.8,3600,0.8,202,62.9,18.82,0.82,1.39,0.093,6.67
3.0,1.5,2.5,3.0,0.8,1200,0.4,209,67.0,19.27,0.68,1.39,0.092,9.82
3.0,0.7,1.5,3.0,0.4,2400,0.4,183,77.0,16.59,0.41,1.37,0.091,6.6
3.0,0.7,1.5,3.0,0.6,2400,0.4,183,77.0,16.59,0.41,1.37,0.091,6.6
3.0,0.7,1.5,3.0,0.8,2400,0.4,183,77.0,16.59,0.41,1.37,0.091,6.6
3.0,0.7,1.5,4.5,0.4,2400,0.4,183,77.0,16.59,0.41,1.37,0.091,6.6
3.0,0.7,1.5,4.5,0.6,2400,0.4,183,77.0,16.59,0.41,1.37,0.091,6.6
3.0,0.7,1.5,4.5,0.8,2400,0.4,183,77.0,16.59,0.41,1.37,0.091,6.6
3.0,1.5,2.5,4.5,0.8,3600,0.8,202,62.9,18.37,0.81,1.38,0.091,6.67
5.0,0.7,1.5,3.0,0.4,3600,0.8,170,67.6,15.43,0.71,1.49,0.091,5.85
5.0,0.7,1.5,3.0,0.6,3600,0.8,170,67.6,15.43,0.71,1.49,0.091,5.85
5.0,0.7,1.5,3.0,0.8,3600,0.8,170,67.6,15.43,0.71,1.49,0.091,5.85
5.0,0.7,1.5,4.5,0.4,3600,0.8,170,67.6,15.43,0.71,1.49,0.091,5.85
5.0,0.7,1.5,4.5,0.6,3600,0.8,170,67.6,15.43,0.71,1.49,0.091,5.85
5.0,0.7,1.5,4.5,0.8,3600,0.8,170,67.6,15.43,0.71,1.49,0.091,5.85
5.0,0.7,2.5,3.0,0.4,3600,0.8,170,67.6,15.43,0.71,1.49,0.091,5.85
5.0,0.7,2.5,3.0,0.6,3600,0.8,170,67.6,15.43,0.71,1.49,0.091,5.85
5.0,0.7,2.5,3.0,0.8,3600,0.8,170,67.6,15.43,0.71,1.49,0.091,5.85
5.0,0.7,2.5,4.5,0.4,3600,0.8,170,67.6,15.43,0.71,1.49,0.091,5.85
5.0,0.7,2.5,4.5,0.6,3600,0.8,170,67.6,15.43,0.71,1.49,0.091,5.85
5.0,0.7,2.5,4.5,0.8,3600,0.8,170,67.6,15.43,0.71,1.49,0.091,5.85
3.0,1.5,2.5,3.0,0.6,1200,0.4,213,67.6,19.27,0.66,1.39,0.09,10.04
4.0,1.0,2.5,3.0,0.4,3600,0.8,183,66.7,16.5,0.69,1.38,0.09,8.0
4.0,1.0,2.5,3.0,0.6,3600,0.8,183,66.7,16.5,0.69,1.38,0.09,8.0
4.0,1.0,2.5,3.0,0.8,3600,0.8,183,66.7,16.5,0.69,1.38,0.09,8.0
4.0,1.0,2.5,4.5,0.4,3600,0.8,183,66.7,16.5,0.69,1.38,0.09,8.0
4.0,1.0,2.5,4.5,0.6,3600,0.8,183,66.7,16.5,0.69,1.38,0.09,8.0
4.0,1.0,2.5,4.5,0.8,3600,0.8,183,66.7,16.5,0.69,1.38,0.09,8.0
3.0,1.5,2.5,4.5,0.6,1200,0.4,213,67.6,18.82,0.66,1.38,0.088,10.04
3.0,1.5,2.5,4.5,0.8,1200,0.4,209,67.0,18.37,0.67,1.37,0.088,9.82
4.0,0.7,2.5,3.0,0.4,2400,0.4,160,80.0,14.12,0.34,1.37,0.088,8.0
4.0,0.7,2.5,3.0,0.6,2400,0.4,160,80.0,14.12,0.34,1.37,0.088,8.0
4.0,0.7,2.5,3.0,0.8,2400,0.4,160,80.0,14.12,0.34,1.37,0.088,8.0
4.0,0.7,2.5,4.5,0.4,2400,0.4,160,80.0,14.12,0.34,1.37,0.088,8.0
4.0,0.7,2.5,4.5,0.6,2400,0.4,160,80.0,14.12,0.34,1.37,0.088,8.0
4.0,0.7,2.5,4.5,0.8,2400,0.4,160,80.0,14.12,0.34,1.37,0.088,8.0
4.0,0.7,1.5,3.0,0.4,1200,0.4,204,72.5,17.81,0.59,1.55,0.087,8.0
4.0,0.7,1.5,3.0,0.6,1200,0.4,204,72.5,17.81,0.59,1.55,0.087,8.0
4.0,0.7,1.5,3.0,0.8,1200,0.4,204,72.5,17.81,0.59,1.55,0.087,8.0
4.0,0.7,1.5,4.5,0.4,1200,0.4,204,72.5,17.81,0.59,1.55,0.087,8.0
4.0,0.7,1.5,4.5,0.6,1200,0.4,204,72.5,17.81,0.59,1.55,0.087,8.0
4.0,0.7,1.5,4.5,0.8,1200,0.4,204,72.5,17.81,0.59,1.55,0.087,8.0
4.0,0.7,2.5,3.0,0.4,1200,0.4,204,72.5,17.81,0.59,1.55,0.087,8.0
4.0,0.7,2.5,3.0,0.6,1200,0.4,204,72.5,17.81,0.59,1.55,0.087,8.0
4.0,0.7,2.5,3.0,0.8,1200,0.4,204,72.5,17.81,0.59,1.55,0.087,8.0
4.0,0.7,2.5,4.5,0.4,1200,0.4,204,72.5,17.81,0.59,1.55,0.087,8.0
4.0,0.7,2.5,4.5,0.6,1200,0.4,204,72.5,17.81,0.59,1.55,0.087,8.0
4.0,0.7,2.5,4.5,0.8,1200,0.4,204,72.5,17.81,0.59,1.55,0.087,8.0
2.0,0.7,1.5,3.0,0.4,3600,0.8,224,64.3,18.76,0.81,1.46,0.084,4.0
2.0,0.7,1.5,3.0,0.6,3600,0.8,224,64.3,18.76,0.81,1.46,0.084,4.0
2.0,0.7,1.5,3.0,0.8,3600,0.8,224,64.3,18.76,0.81,1.46,0.084,4.0
2.0,0.7,1.5,4.5,0.4,3600,0.8,224,64.3,18.76,0.81,1.46,0.084,4.0
2.0,0.7,1.5,4.5,0.6,3600,0.8,224,64.3,18.76,0.81,1.46,0.084,4.0
2.0,0.7,1.5,4.5,0.8,3600,0.8,224,64.3,18.76,0.81,1.46,0.084,4.0
2.0,0.7,2.5,3.0,0.4,3600,0.8,224,64.3,18.76,0.81,1.46,0.084,4.0
2.0,0.7,2.5,3.0,0.6,3600,0.8,224,64.3,18.76,0.81,1.46,0.084,4.0
2.0,0.7,2.5,3.0,0.8,3600,0.8,224,64.3,18.76,0.81,1.46,0.084,4.0
2.0,0.7,2.5,4.5,0.4,3600,0.8,224,64.3,18.76,0.81,1.46,0.084,4.0
2.0,0.7,2.5,4.5,0.6,3600,0.8,224,64.3,18.76,0.81,1.46,0.084,4.0
2.0,0.7,2.5,4.5,0.8,3600,0.8,224,64.3,18.76,0.81,1.46,0.084,4.0
2.0,1.5,2.5,3.0,0.4,2400,0.8,248,63.3,20.76,0.85,1.47,0.084,5.4
2.0,1.5,2.5,4.5,0.4,2400,0.8,248,63.3,20.76,0.85,1.47,0.084,5.4
3.0,0.7,1.5,3.0,0.4,7200,0.8,174,70.1,14.36,0.56,1.31,0.083,7.0
3.0,0.7,1.5,3.0,0.6,7200,0.8,174,70.1,14.36,0.56,1.31,0.083,7.0
3.0,0.7,1.5,3.0,0.8,7200,0.8,174,70.1,14.36,0.56,1.31,0.083,7.0
3.0,0.7,1.5,4.5,0.4,7200,0.8,174,70.1,14.36,0.56,1.31,0.083,7.0
3.0,0.7,1.5,4.5,0.6,7200,0.8,174,70.1,14.36,0.56,1.31,0.083,7.0
3.0,0.7,1.5,4.5,0.8,7200,0.8,174,70.1,14.36,0.56,1.31,0.083,7.0
3.0,0.7,2.5,3.0,0.4,2400,0.4,183,77.0,15.15,0.4,1.34,0.083,6.6
3.0,0.7,2.5,3.0,0.6,2400,0.4,183,77.0,15.15,0.4,1.34,0.083,6.6
3.0,0.7,2.5,3.0,0.8,2400,0.4,183,77.0,15.15,0.4,1.34,0.083,6.6
3.0,0.7,2.5,4.5,0.4,2400,0.4,183,77.0,15.15,0.4,1.34,0.083,6.6
3.0,0.7,2.5,4.5,0.6,2400,0.4,183,77.0,15.15,0.4,1.34,0.083,6.6
3.0,0.7,2.5,4.5,0.8,2400,0.4,183,77.0,15.15,0.4,1.34,0.083,6.6
5.0,1.5,2.5,3.0,0.4,1200,0.8,246,65.4,20.17,0.92,1.74,0.082,5.94
5.0,1.5,2.5,4.5,0.4,1200,0.8,246,65.4,20.17,0.92,1.74,0.082,5.94
2.0,1.5,2.5,3.0,0.6,2400,0.8,245,63.3,19.81,0.84,1.46,0.081,5.4
2.0,1.5,2.5,4.5,0.6,2400,0.8,245,63.3,19.81,0.84,1.46,0.081,5.4
4.0,1.5,2.5,3.0,0.4,2400,0.8,212,68.4,17.2,0.66,1.44,0.081,8.0
4.0,1.5,2.5,4.5,0.4,2400,0.8,212,68.4,17.2,0.66,1.44,0.081,8.0
3.0,0.7,2.5,3.0,0.4,7200,0.8,174,70.1,13.82,0.55,1.3,0.079,7.0
3.0,0.7,2.5,3.0,0.6,7200,0.8,174,70.1,13.82,0.55,1.3,0.079,7.0
3.0,0.7,2.5,3.0,0.8,7200,0.8,174,70.1,13.82,0.55,1.3,0.079,7.0
3.0,0.7,2.5,4.5,0.4,7200,0.8,174,70.1,13.82,0.55,1.3,0.079,7.0
3.0,0.7,2.5,4.5,0.6,7200,0.8,174,70.1,13.82,0.55,1.3,0.079,7.0
3.0,0.7,2.5,4.5,0.8,7200,0.8,174,70.1,13.82,0.55,1.3,0.079,7.0
3.0,1.0,1.5,3.0,0.4,1200,0.4,206,68.0,16.28,0.63,1.33,0.079,11.48
3.0,1.0,1.5,3.0,0.6,1200,0.4,206,68.0,16.28,0.63,1.33,0.079,11.48
3.0,1.0,1.5,3.0,0.8,1200,0.4,206,68.0,16.28,0.63,1.33,0.079,11.48
4.0,1.5,2.5,3.0,0.6,2400,0.8,209,68.4,16.26,0.65,1.42,0.078,8.0
4.0,1.5,2.5,4.5,0.6,2400,0.8,209,68.4,16.26,0.65,1.42,0.078,8.0
2.0,0.7,1.5,3.0,0.4,1200,0.4,246,68.3,19.01,0.69,1.48,0.077,5.59
2.0,0.7,1.5,3.0,0.6,1200,0.4,246,68.3,19.01,0.69,1.48,0.077,5.59
2.0,0.7,1.5,3.0,0.8,1200,0.4,246,68.3,19.01,0.69,1.48,0.077,5.59
2.0,0.7,1.5,4.5,0.4,1200,0.4,246,68.3,19.01,0.69,1.48,0.077,5.59
2.0,0.7,1.5,4.5,0.6,1200,0.4,246,68.3,19.01,0.69,1.48,0.077,5.59
2.0,0.7,1.5,4.5,0.8,1200,0.4,246,68.3,19.01,0.69,1.48,0.077,5.59
5.0,1.0,1.5,3.0,0.4,1200,0.8,246,65.4,18.99,0.9,1.7,0.077,5.94
5.0,1.0,1.5,3.0,0.6,1200,0.8,246,65.4,18.99,0.9,1.7,0.077,5.94
5.0,1.0,1.5,3.0,0.8,1200,0.8,246,65.4,18.99,0.9,1.7,0.077,5.94
5.0,1.0,1.5,4.5,0.4,1200,0.8,246,65.4,18.99,0.9,1.7,0.077,5.94
5.0,1.0,1.5,4.5,0.6,1200,0.8,246,65.4,18.99,0.9,1.7,0.077,5.94
5.0,1.0,1.5,4.5,0.8,1200,0.8,246,65.4,18.99,0.9,1.7,0.077,5.94
2.0,1.5,2.5,3.0,0.8,2400,0.8,243,63.0,18.52,0.84,1.43,0.076,5.5
4.0,1.5,2.5,3.0,0.8,2400,0.8,207,68.1,15.81,0.66,1.4,0.076,8.0
5.0,1.0,2.5,3.0,0.4,1200,0.8,246,65.4,18.54,0.89,1.68,0.075,5.94
5.0,1.0,2.5,3.0,0.6,1200,0.8,246,65.4,18.54,0.89,1.68,0.075,5.94
5.0,1.0,2.5,3.0,0.8,1200,0.8,246,65.4,18.54,0.89,1.68,0.075,5.94
5.0,1.0,2.5,4.5,0.4,1200,0.8,246,65.4,18.54,0.89,1.68,0.075,5.94
5.0,1.0,2.5,4.5,0.6,1200,0.8,246,65.4,18.54,0.89,1.68,0.075,5.94
5.0,1.0,2.5,4.5,0.8,1200,0.8,246,65.4,18.54,0.89,1.68,0.075,5.94
2.0,0.7,2.5,3.0,0.4,1200,0.4,246,68.3,18.29,0.68,1.46,0.074,5.59
2.0,0.7,2.5,3.0,0.6,1200,0.4,246,68.3,18.29,0.68,1.46,0.074,5.59
2.0,0.7,2.5,3.0,0.8,1200,0.4,246,68.3,18.29,0.68,1.46,0.074,5.59
2.0,0.7,2.5,4.5,0.4,1200,0.4,246,68.3,18.29,0.68,1.46,0.074,5.59
2.0,0.7,2.5,4.5,0.6,1200,0.4,246,68.3,18.29,0.68,1.46,0.074,5.59
2.0,0.7,2.5,4.5,0.8,1200,0.4,246,68.3,18.29,0.68,1.46,0.074,5.59
2.0,1.5,2.5,4.5,0.8,2400,0.8,243,63.0,18.07,0.83,1.42,0.074,5.5
4.0,1.5,2.5,4.5,0.8,2400,0.8,207,68.1,15.36,0.65,1.39,0.074,8.0
5.0,1.5,2.5,3.0,0.6,1200,0.8,244,65.2,17.7,0.88,1.65,0.073,5.94
5.0,1.5,2.5,4.5,0.6,1200,0.8,244,65.2,17.7,0.88,1.65,0.073,5.94
3.0,1.0,1.5,4.5,0.4,1200,0.4,206,68.0,14.93,0.61,1.3,0.072,11.48
3.0,1.0,1.5,4.5,0.6,1200,0.4,206,68.0,14.93,0.61,1.3,0.072,11.48
3.0,1.0,1.5,4.5,0.8,1200,0.4,206,68.0,14.93,0.61,1.3,0.072,11.48
5.0,0.7,1.5,3.0,0.4,2400,0.8,202,68.8,14.32,0.66,1.46,0.071,5.93
5.0,0.7,1.5,3.0,0.6,2400,0.8,202,68.8,14.32,0.66,1.46,0.071,5.93
5.0,0.7,1.5,3.0,0.8,2400,0.8,202,68.8,14.32,0.66,1.46,0.071,5.93
5.0,0.7,1.5,4.5,0.4,2400,0.8,202,68.8,14.32,0.66,1.46,0.071,5.93
5.0,0.7,1.5,4.5,0.6,2400,0.8,202,68.8,14.32,0.66,1.46,0.071,5.93
5.0,0.7,1.5,4.5,0.8,2400,0.8,202,68.8,14.32,0.66,1.46,0.071,5.93
5.0,0.7,2.5,3.0,0.4,2400,0.8,202,68.8,14.32,0.66,1.46,0.071,5.93
5.0,0.7,2.5,3.0,0.6,2400,0.8,202,68.8,14.32,0.66,1.46,0.071,5.93
5.0,0.7,2.5,3.0,0.8,2400,0.8,202,68.8,14.32,0.66,1.46,0.071,5.93
5.0,0.7,2.5,4.5,0.4,2400,0.8,202,68.8,14.32,0.66,1.46,0.071,5.93
5.0,0.7,2.5,4.5,0.6,2400,0.8,202,68.8,14.32,0.66,1.46,0.071,5.93
5.0,0.7,2.5,4.5,0.8,2400,0.8,202,68.8,14.32,0.66,1.46,0.071,5.93
5.0,1.5,2.5,3.0,0.8,1200,0.8,243,64.6,17.37,0.9,1.64,0.071,5.94
3.0,1.0,1.5,3.0,0.4,3600,0.8,200,63.0,13.99,0.76,1.29,0.07,6.67
3.0,1.0,1.5,3.0,0.6,3600,0.8,200,63.0,13.99,0.76,1.29,0.07,6.67
3.0,1.0,1.5,3.0,0.8,3600,0.8,200,63.0,13.99,0.76,1.29,0.07,6.67
3.0,1.0,1.5,4.5,0.4,3600,0.8,200,63.0,13.99,0.76,1.29,0.07,6.67
3.0,1.0,1.5,4.5,0.6,3600,0.8,200,63.0,13.99,0.76,1.29,0.07,6.67
3.0,1.0,1.5,4.5,0.8,3600,0.8,200,63.0,13.99,0.76,1.29,0.07,6.67
3.0,1.0,2.5,3.0,0.4,1200,0.4,206,68.0,14.48,0.61,1.29,0.07,11.48
3.0,1.0,2.5,3.0,0.6,1200,0.4,206,68.0,14.48,0.61,1.29,0.07,11.48
3.0,1.0,2.5,3.0,0.8,1200,0.4,206,68.0,14.48,0.61,1.29,0.07,11.48
5.0,1.5,2.5,4.5,0.8,1200,0.8,243,64.6,16.92,0.89,1.62,0.07,5.94
3.0,1.0,2.5,4.5,0.4,1200,0.4,206,68.0,14.03,0.6,1.28,0.068,11.48
3.0,1.0,2.5,4.5,0.6,1200,0.4,206,68.0,14.03,0.6,1.28,0.068,11.48
3.0,1.0,2.5,4.5,0.8,1200,0.4,206,68.0,14.03,0.6,1.28,0.068,11.48
4.0,0.7,1.5,3.0,0.4,3600,0.8,193,66.8,13.07,0.66,1.32,0.068,8.0
4.0,0.7,1.5,3.0,0.6,3600,0.8,193,66.8,13.07,0.66,1.32,0.068,8.0
4.0,0.7,1.5,3.0,0.8,3600,0.8,193,66.8,13.07,0.66,1.32,0.068,8.0
4.0,0.7,1.5,4.5,0.4,3600,0.8,193,66.8,13.07,0.66,1.32,0.068,8.0
4.0,0.7,1.5,4.5,0.6,3600,0.8,193,66.8,13.07,0.66,1.32,0.068,8.0
4.0,0.7,1.5,4.5,0.8,3600,0.8,193,66.8,13.07,0.66,1.32,0.068,8.0
2.0,0.7,1.5,3.0,0.4,2400,0.8,260,65.0,17.18,0.77,1.43,0.066,4.0
2.0,0.7,1.5,3.0,0.6,2400,0.8,260,65.0,17.18,0.77,1.43,0.066,4.0
2.0,0.7,1.5,3.0,0.8,2400,0.8,260,65.0,17.18,0.77,1.43,0.066,4.0
2.0,0.7,1.5,4.5,0.4,2400,0.8,260,65.0,17.18,0.77,1.43,0.066,4.0
2.0,0.7,1.5,4.5,0.6,2400,0.8,260,65.0,17.18,0.77,1.43,0.066,4.0
2.0,0.7,1.5,4.5,0.8,2400,0.8,260,65.0,17.18,0.77,1.43,0.066,4.0
4.0,0.7,2.5,3.0,0.4,3600,0.8,193,66.8,12.35,0.65,1.31,0.064,8.0
4.0,0.7,2.5,3.0,0.6,3600,0.8,193,66.8,12.35,0.65,1.31,0.064,8.0
4.0,0.7,2.5,3.0,0.8,3600,0.8,193,66.8,12.35,0.65,1.31,0.064,8.0
4.0,0.7,2.5,4.5,0.4,3600,0.8,193,66.8,12.35,0.65,1.31,0.064,8.0
4.0,0.7,2.5,4.5,0.6,3600,0.8,193,66.8,12.35,0.65,1.31,0.064,8.0
4.0,0.7,2.5,4.5,0.8,3600,0.8,193,66.8,12.35,0.65,1.31,0.064,8.0
2.0,0.7,2.5,3.0,0.4,2400,0.8,260,65.0,16.46,0.76,1.41,0.063,4.0
2.0,0.7,2.5,3.0,0.6,2400,0.8,260,65.0,16.46,0.76,1.41,0.063,4.0
2.0,0.7,2.5,3.0,0.8,2400,0.8,260,65.0,16.46,0.76,1.41,0.063,4.0
2.0,0.7,2.5,4.5,0.4,2400,0.8,260,65.0,16.46,0.76,1.41,0.063,4.0
2.0,0.7,2.5,4.5,0.6,2400,0.8,260,65.0,16.46,0.76,1.41,0.063,4.0
2.0,0.7,2.5,4.5,0.8,2400,0.8,260,65.0,16.46,0.76,1.41,0.063,4.0
3.0,1.0,2.5,3.0,0.4,3600,0.8,200,63.0,12.64,0.74,1.26,0.063,6.67
3.0,1.0,2.5,3.0,0.6,3600,0.8,200,63.0,12.64,0.74,1.26,0.063,6.67
3.0,1.0,2.5,3.0,0.8,3600,0.8,200,63.0,12.64,0.74,1.26,0.063,6.67
3.0,1.0,2.5,4.5,0.4,3600,0.8,200,63.0,12.64,0.74,1.26,0.063,6.67
3.0,1.0,2.5,4.5,0.6,3600,0.8,200,63.0,12.64,0.74,1.26,0.063,6.67
3.0,1.0,2.5,4.5,0.8,3600,0.8,200,63.0,12.64,0.74,1.26,0.063,6.67
2.0,1.0,1.5,3.0,0.4,2400,0.8,250,63.6,15.6,0.78,1.36,0.062,5.4
2.0,1.0,1.5,3.0,0.6,2400,0.8,250,63.6,15.6,0.78,1.36,0.062,5.4
2.0,1.0,1.5,3.0,0.8,2400,0.8,250,63.6,15.6,0.78,1.36,0.062,5.4
2.0,1.0,1.5,4.5,0.4,2400,0.8,250,63.6,15.6,0.78,1.36,0.062,5.4
2.0,1.0,1.5,4.5,0.6,2400,0.8,250,63.6,15.6,0.78,1.36,0.062,5.4
2.0,1.0,1.5,4.5,0.8,2400,0.8,250,63.6,15.6,0.78,1.36,0.062,5.4
4.0,0.7,1.5,3.0,0.4,2400,0.8,213,69.0,13.25,0.62,1.38,0.062,8.0
4.0,0.7,1.5,3.0,0.6,2400,0.8,213,69.0,13.25,0.62,1.38,0.062,8.0
4.0,0.7,1.5,3.0,0.8,2400,0.8,213,69.0,13.25,0.62,1.38,0.062,8.0
4.0,0.7,1.5,4.5,0.4,2400,0.8,213,69.0,13.25,0.62,1.38,0.062,8.0
4.0,0.7,1.5,4.5,0.6,2400,0.8,213,69.0,13.25,0.62,1.38,0.062,8.0
4.0,0.7,1.5,4.5,0.8,2400,0.8,213,69.0,13.25,0.62,1.38,0.062,8.0
4.0,1.0,1.5,3.0,0.4,14400,0.8,112,68.8,6.92,0.51,1.13,0.062,8.07
4.0,1.0,1.5,3.0,0.6,14400,0.8,112,68.8,6.92,0.51,1.13,0.062,8.07
4.0,1.0,1.5,3.0,0.8,14400,0.8,112,68.8,6.92,0.51,1.13,0.062,8.07
4.0,1.0,1.5,4.5,0.4,14400,0.8,112,68.8,6.92,0.51,1.13,0.062,8.07
4.0,1.0,1.5,4.5,0.6,14400,0.8,112,68.8,6.92,0.51,1.13,0.062,8.07
4.0,1.0,1.5,4.5,0.8,14400,0.8,112,68.8,6.92,0.51,1.13,0.062,8.07
4.0,1.0,1.5,3.0,0.4,2400,0.8,213,68.5,13.03,0.61,1.33,0.061,8.0
4.0,1.0,1.5,3.0,0.6,2400,0.8,213,68.5,13.03,0.61,1.33,0.061,8.0
4.0,1.0,1.5,3.0,0.8,2400,0.8,213,68.5,13.03,0.61,1.33,0.061,8.0
4.0,1.0,1.5,4.5,0.4,2400,0.8,213,68.5,13.03,0.61,1.33,0.061,8.0
4.0,1.0,1.5,4.5,0.6,2400,0.8,213,68.5,13.03,0.61,1.33,0.061,8.0
4.0,1.0,1.5,4.5,0.8,2400,0.8,213,68.5,13.03,0.61,1.33,0.061,8.0
2.0,1.5,2.5,3.0,0.4,1200,0.8,328,60.4,19.65,0.99,1.5,0.06,4.36
2.0,1.5,2.5,4.5,0.4,1200,0.8,328,60.4,19.65,0.99,1.5,0.06,4.36
2.0,1.0,2.5,3.0,0.4,2400,0.8,250,63.6,14.7,0.76,1.34,0.059,5.4
2.0,1.0,2.5,3.0,0.6,2400,0.8,250,63.6,14.7,0.76,1.34,0.059,5.4
2.0,1.0,2.5,3.0,0.8,2400,0.8,250,63.6,14.7,0.76,1.34,0.059,5.4
2.0,1.0,2.5,4.5,0.4,2400,0.8,250,63.6,14.7,0.76,1.34,0.059,5.4
2.0,1.0,2.5,4.5,0.6,2400,0.8,250,63.6,14.7,0.76,1.34,0.059,5.4
2.0,1.0,2.5,4.5,0.8,2400,0.8,250,63.6,14.7,0.76,1.34,0.059,5.4
2.0,1.5,2.5,3.0,0.8,1200,0.8,324,60.2,19.14,0.98,1.49,0.059,4.36
4.0,0.7,2.5,3.0,0.4,2400,0.8,213,69.0,12.53,0.61,1.36,0.059,8.0
4.0,0.7,2.5,3.0,0.6,2400,0.8,213,69.0,12.53,0.61,1.36,0.059,8.0
4.0,0.7,2.5,3.0,0.8,2400,0.8,213,69.0,12.53,0.61,1.36,0.059,8.0
4.0,0.7,2.5,4.5,0.4,2400,0.8,213,69.0,12.53,0.61,1.36,0.059,8.0
4.0,0.7,2.5,4.5,0.6,2400,0.8,213,69.0,12.53,0.61,1.36,0.059,8.0
4.0,0.7,2.5,4.5,0.8,2400,0.8,213,69.0,12.53,0.61,1.36,0.059,8.0
4.0,1.0,2.5,3.0,0.4,2400,0.8,213,68.5,12.58,0.61,1.32,0.059,8.0
4.0,1.0,2.5,3.0,0.6,2400,0.8,213,68.5,12.58,0.61,1.32,0.059,8.0
4.0,1.0,2.5,3.0,0.8,2400,0.8,213,68.5,12.58,0.61,1.32,0.059,8.0
4.0,1.0,2.5,4.5,0.4,2400,0.8,213,68.5,12.58,0.61,1.32,0.059,8.0
4.0,1.0,2.5,4.5,0.6,2400,0.8,213,68.5,12.58,0.61,1.32,0.059,8.0
4.0,1.0,2.5,4.5,0.8,2400,0.8,213,68.5,12.58,0.61,1.32,0.059,8.0
2.0,1.5,2.5,4.5,0.8,1200,0.8,324,60.2,18.69,0.98,1.48,0.058,4.36
2.0,1.0,1.5,3.0,0.4,1200,0.8,328,60.4,18.62,0.97,1.47,0.057,4.68
2.0,1.0,1.5,3.0,0.6,1200,0.8,328,60.4,18.62,0.97,1.47,0.057,4.68
2.0,1.0,1.5,3.0,0.8,1200,0.8,328,60.4,18.62,0.97,1.47,0.057,4.68
2.0,1.0,1.5,4.5,0.4,1200,0.8,328,60.4,18.62,0.97,1.47,0.057,4.68
2.0,1.0,1.5,4.5,0.6,1200,0.8,328,60.4,18.62,0.97,1.47,0.057,4.68
2.0,1.0,1.5,4.5,0.8,1200,0.8,328,60.4,18.62,0.97,1.47,0.057,4.68
5.0,0.7,1.5,3.0,0.4,1200,0.8,265,64.5,15.01,0.84,1.53,0.057,5.94
5.0,0.7,1.5,3.0,0.6,1200,0.8,265,64.5,15.01,0.84,1.53,0.057,5.94
5.0,0.7,1.5,3.0,0.8,1200,0.8,265,64.5,15.01,0.84,1.53,0.057,5.94
5.0,0.7,1.5,4.5,0.4,1200,0.8,265,64.5,15.01,0.84,1.53,0.057,5.94
5.0,0.7,1.5,4.5,0.6,1200,0.8,265,64.5,15.01,0.84,1.53,0.057,5.94
5.0,0.7,1.5,4.5,0.8,1200,0.8,265,64.5,15.01,0.84,1.53,0.057,5.94
5.0,0.7,2.5,3.0,0.4,1200,0.8,265,64.5,15.01,0.84,1.53,0.057,5.94
5.0,0.7,2.5,3.0,0.6,1200,0.8,265,64.5,15.01,0.84,1.53,0.057,5.94
5.0,0.7,2.5,3.0,0.8,1200,0.8,265,64.5,15.01,0.84,1.53,0.057,5.94
5.0,0.7,2.5,4.5,0.4,1200,0.8,265,64.5,15.01,0.84,1.53,0.057,5.94
5.0,0.7,2.5,4.5,0.6,1200,0.8,265,64.5,15.01,0.84,1.53,0.057,5.94
5.0,0.7,2.5,4.5,0.8,1200,0.8,265,64.5,15.01,0.84,1.53,0.057,5.94
3.0,0.7,1.5,3.0,0.4,3600,0.8,216,63.4,12.14,0.73,1.27,0.056,6.67
3.0,0.7,1.5,3.0,0.6,3600,0.8,216,63.4,12.14,0.73,1.27,0.056,6.67
3.0,0.7,1.5,3.0,0.8,3600,0.8,216,63.4,12.14,0.73,1.27,0.056,6.67
3.0,0.7,1.5,4.5,0.4,3600,0.8,216,63.4,12.14,0.73,1.27,0.056,6.67
3.0,0.7,1.5,4.5,0.6,3600,0.8,216,63.4,12.14,0.73,1.27,0.056,6.67
3.0,0.7,1.5,4.5,0.8,3600,0.8,216,63.4,12.14,0.73,1.27,0.056,6.67
2.0,1.5,2.5,3.0,0.6,1200,0.8,327,60.2,18.03,0.96,1.46,0.055,4.36
2.0,1.5,2.5,4.5,0.6,1200,0.8,327,60.2,18.03,0.96,1.46,0.055,4.36
2.0,1.0,2.5,3.0,0.4,1200,0.8,328,60.4,17.72,0.95,1.45,0.054,4.68
2.0,1.0,2.5,3.0,0.6,1200,0.8,328,60.4,17.72,0.95,1.45,0.054,4.68
2.0,1.0,2.5,3.0,0.8,1200,0.8,328,60.4,17.72,0.95,1.45,0.054,4.68
2.0,1.0,2.5,4.5,0.4,1200,0.8,328,60.4,17.72,0.95,1.45,0.054,4.68
2.0,1.0,2.5,4.5,0.6,1200,0.8,328,60.4,17.72,0.95,1.45,0.054,4.68
2.0,1.0,2.5,4.5,0.8,1200,0.8,328,60.4,17.72,0.95,1.45,0.054,4.68
3.0,1.5,2.5,3.0,0.4,2400,0.8,240,64.2,13.05,0.71,1.27,0.054,6.4
3.0,1.5,2.5,4.5,0.4,2400,0.8,240,64.2,13.05,0.71,1.27,0.054,6.4
3.0,0.7,2.5,3.0,0.4,3600,0.8,216,63.4,11.42,0.72,1.26,0.053,6.67
3.0,0.7,2.5,3.0,0.6,3600,0.8,216,63.4,11.42,0.72,1.26,0.053,6.67
3.0,0.7,2.5,3.0,0.8,3600,0.8,216,63.4,11.42,0.72,1.26,0.053,6.67
3.0,0.7,2.5,4.5,0.4,3600,0.8,216,63.4,11.42,0.72,1.26,0.053,6.67
3.0,0.7,2.5,4.5,0.6,3600,0.8,216,63.4,11.42,0.72,1.26,0.053,6.67
3.0,0.7,2.5,4.5,0.8,3600,0.8,216,63.4,11.42,0.72,1.26,0.053,6.67
3.0,1.5,2.5,3.0,0.6,2400,0.8,237,64.1,12.3,0.7,1.25,0.052,6.4
3.0,1.5,2.5,4.5,0.6,2400,0.8,237,64.1,12.3,0.7,1.25,0.052,6.4
3.0,0.7,1.5,3.0,0.4,1200,0.4,235,70.2,12.09,0.54,1.27,0.051,6.02
3.0,0.7,1.5,3.0,0.6,1200,0.4,235,70.2,12.09,0.54,1.27,0.051,6.02
3.0,0.7,1.5,3.0,0.8,1200,0.4,235,70.2,12.09,0.54,1.27,0.051,6.02
3.0,0.7,1.5,4.5,0.4,1200,0.4,235,70.2,12.09,0.54,1.27,0.051,6.02
3.0,0.7,1.5,4.5,0.6,1200,0.4,235,70.2,12.09,0.54,1.27,0.051,6.02
3.0,0.7,1.5,4.5,0.8,1200,0.4,235,70.2,12.09,0.54,1.27,0.051,6.02
3.0,1.5,2.5,3.0,0.8,2400,0.8,235,63.8,11.93,0.71,1.25,0.051,6.4
4.0,1.0,2.5,3.0,0.4,14400,0.8,112,68.8,5.57,0.5,1.1,0.05,8.07
4.0,1.0,2.5,3.0,0.6,14400,0.8,112,68.8,5.57,0.5,1.1,0.05,8.07
4.0,1.0,2.5,3.0,0.8,14400,0.8,112,68.8,5.57,0.5,1.1,0.05,8.07
4.0,1.0,2.5,4.5,0.4,14400,0.8,112,68.8,5.57,0.5,1.1,0.05,8.07
4.0,1.0,2.5,4.5,0.6,14400,0.8,112,68.8,5.57,0.5,1.1,0.05,8.07
4.0,1.0,2.5,4.5,0.8,14400,0.8,112,68.8,5.57,0.5,1.1,0.05,8.07
3.0,1.5,2.5,4.5,0.8,2400,0.8,235,63.8,11.48,0.7,1.24,0.049,6.4
3.0,0.7,2.5,3.0,0.4,1200,0.4,235,70.2,11.37,0.53,1.26,0.048,6.02
3.0,0.7,2.5,3.0,0.6,1200,0.4,235,70.2,11.37,0.53,1.26,0.048,6.02
3.0,0.7,2.5,3.0,0.8,1200,0.4,235,70.2,11.37,0.53,1.26,0.048,6.02
3.0,0.7,2.5,4.5,0.4,1200,0.4,235,70.2,11.37,0.53,1.26,0.048,6.02
3.0,0.7,2.5,4.5,0.6,1200,0.4,235,70.2,11.37,0.53,1.26,0.048,6.02
3.0,0.7,2.5,4.5,0.8,1200,0.4,235,70.2,11.37,0.53,1.26,0.048,6.02
2.0,0.7,1.5,3.0,0.4,1200,0.8,331,61.0,15.02,0.89,1.39,0.045,4.95
2.0,0.7,1.5,3.0,0.6,1200,0.8,331,61.0,15.02,0.89,1.39,0.045,4.95
2.0,0.7,1.5,3.0,0.8,1200,0.8,331,61.0,15.02,0.89,1.39,0.045,4.95
2.0,0.7,1.5,4.5,0.4,1200,0.8,331,61.0,15.02,0.89,1.39,0.045,4.95
2.0,0.7,1.5,4.5,0.6,1200,0.8,331,61.0,15.02,0.89,1.39,0.045,4.95
2.0,0.7,1.5,4.5,0.8,1200,0.8,331,61.0,15.02,0.89,1.39,0.045,4.95
2.0,0.7,2.5,3.0,0.4,1200,0.8,331,61.0,14.3,0.88,1.37,0.043,4.95
2.0,0.7,2.5,3.0,0.6,1200,0.8,331,61.0,14.3,0.88,1.37,0.043,4.95
2.0,0.7,2.5,3.0,0.8,1200,0.8,331,61.0,14.3,0.88,1.37,0.043,4.95
2.0,0.7,2.5,4.5,0.4,1200,0.8,331,61.0,14.3,0.88,1.37,0.043,4.95
2.0,0.7,2.5,4.5,0.6,1200,0.8,331,61.0,14.3,0.88,1.37,0.043,4.95
2.0,0.7,2.5,4.5,0.8,1200,0.8,331,61.0,14.3,0.88,1.37,0.043,4.95
4.0,1.5,2.5,3.0,0.4,1200,0.8,281,62.6,12.16,0.78,1.31,0.043,8.0
4.0,1.5,2.5,4.5,0.4,1200,0.8,281,62.6,12.16,0.78,1.31,0.043,8.0
3.0,0.7,1.5,3.0,0.4,2400,0.8,245,66.9,10.1,0.61,1.23,0.041,6.4
3.0,0.7,1.5,3.0,0.6,2400,0.8,245,66.9,10.1,0.61,1.23,0.041,6.4
3.0,0.7,1.5,3.0,0.8,2400,0.8,245,66.9,10.1,0.61,1.23,0.041,6.4
3.0,0.7,1.5,4.5,0.4,2400,0.8,245,66.9,10.1,0.61,1.23,0.041,6.4
3.0,0.7,1.5,4.5,0.6,2400,0.8,245,66.9,10.1,0.61,1.23,0.041,6.4
3.0,0.7,1.5,4.5,0.8,2400,0.8,245,66.9,10.1,0.61,1.23,0.041,6.4
4.0,1.0,1.5,3.0,0.4,1200,0.8,281,62.6,10.53,0.76,1.27,0.037,8.0
4.0,1.0,1.5,3.0,0.6,1200,0.8,281,62.6,10.53,0.76,1.27,0.037,8.0
4.0,1.0,1.5,3.0,0.8,1200,0.8,281,62.6,10.53,0.76,1.27,0.037,8.0
4.0,1.0,1.5,4.5,0.4,1200,0.8,281,62.6,10.53,0.76,1.27,0.037,8.0
4.0,1.0,1.5,4.5,0.6,1200,0.8,281,62.6,10.53,0.76,1.27,0.037,8.0
4.0,1.0,1.5,4.5,0.8,1200,0.8,281,62.6,10.53,0.76,1.27,0.037,8.0
4.0,1.5,2.5,3.0,0.6,1200,0.8,280,62.5,10.33,0.76,1.27,0.037,8.0
4.0,1.5,2.5,3.0,0.8,1200,0.8,279,62.0,10.4,0.78,1.27,0.037,8.0
4.0,1.5,2.5,4.5,0.6,1200,0.8,280,62.5,10.33,0.76,1.27,0.037,8.0
3.0,1.0,1.5,3.0,0.4,2400,0.8,243,64.6,8.83,0.65,1.18,0.036,6.4
3.0,1.0,1.5,3.0,0.6,2400,0.8,243,64.6,8.83,0.65,1.18,0.036,6.4
3.0,1.0,1.5,3.0,0.8,2400,0.8,243,64.6,8.83,0.65,1.18,0.036,6.4
3.0,1.0,1.5,4.5,0.4,2400,0.8,243,64.6,8.83,0.65,1.18,0.036,6.4
3.0,1.0,1.5,4.5,0.6,2400,0.8,243,64.6,8.83,0.65,1.18,0.036,6.4
3.0,1.0,1.5,4.5,0.8,2400,0.8,243,64.6,8.83,0.65,1.18,0.036,6.4
4.0,1.0,2.5,3.0,0.4,1200,0.8,281,62.6,10.08,0.75,1.26,0.036,8.0
4.0,1.0,2.5,3.0,0.6,1200,0.8,281,62.6,10.08,0.75,1.26,0.036,8.0
4.0,1.0,2.5,3.0,0.8,1200,0.8,281,62.6,10.08,0.75,1.26,0.036,8.0
4.0,1.0,2.5,4.5,0.4,1200,0.8,281,62.6,10.08,0.75,1.26,0.036,8.0
4.0,1.0,2.5,4.5,0.6,1200,0.8,281,62.6,10.08,0.75,1.26,0.036,8.0
4.0,1.0,2.5,4.5,0.8,1200,0.8,281,62.6,10.08,0.75,1.26,0.036,8.0
4.0,1.5,2.5,4.5,0.8,1200,0.8,279,62.0,9.95,0.77,1.25,0.036,8.0
3.0,0.7,2.5,3.0,0.4,2400,0.8,245,66.9,8.66,0.59,1.2,0.035,6.4
3.0,0.7,2.5,3.0,0.6,2400,0.8,245,66.9,8.66,0.59,1.2,0.035,6.4
3.0,0.7,2.5,3.0,0.8,2400,0.8,245,66.9,8.66,0.59,1.2,0.035,6.4
3.0,0.7,2.5,4.5,0.4,2400,0.8,245,66.9,8.66,0.59,1.2,0.035,6.4
3.0,0.7,2.5,4.5,0.6,2400,0.8,245,66.9,8.66,0.59,1.2,0.035,6.4
3.0,0.7,2.5,4.5,0.8,2400,0.8,245,66.9,8.66,0.59,1.2,0.035,6.4
4.0,0.7,1.5,3.0,0.4,1200,0.8,278,62.9,9.43,0.75,1.27,0.034,8.0
4.0,0.7,1.5,3.0,0.6,1200,0.8,278,62.9,9.43,0.75,1.27,0.034,8.0
4.0,0.7,1.5,3.0,0.8,1200,0.8,278,62.9,9.43,0.75,1.27,0.034,8.0
4.0,0.7,1.5,4.5,0.4,1200,0.8,278,62.9,9.43,0.75,1.27,0.034,8.0
4.0,0.7,1.5,4.5,0.6,1200,0.8,278,62.9,9.43,0.75,1.27,0.034,8.0
4.0,0.7,1.5,4.5,0.8,1200,0.8,278,62.9,9.43,0.75,1.27,0.034,8.0
4.0,0.7,2.5,3.0,0.4,1200,0.8,278,62.9,9.43,0.75,1.27,0.034,8.0
4.0,0.7,2.5,3.0,0.6,1200,0.8,278,62.9,9.43,0.75,1.27,0.034,8.0
4.0,0.7,2.5,3.0,0.8,1200,0.8,278,62.9,9.43,0.75,1.27,0.034,8.0
4.0,0.7,2.5,4.5,0.4,1200,0.8,278,62.9,9.43,0.75,1.27,0.034,8.0
4.0,0.7,2.5,4.5,0.6,1200,0.8,278,62.9,9.43,0.75,1.27,0.034,8.0
4.0,0.7,2.5,4.5,0.8,1200,0.8,278,62.9,9.43,0.75,1.27,0.034,8.0
3.0,1.0,2.5,3.0,0.4,2400,0.8,243,64.6,7.93,0.64,1.16,0.033,6.4
3.0,1.0,2.5,3.0,0.6,2400,0.8,243,64.6,7.93,0.64,1.16,0.033,6.4
3.0,1.0,2.5,3.0,0.8,2400,0.8,243,64.6,7.93,0.64,1.16,0.033,6.4
3.0,1.0,2.5,4.5,0.4,2400,0.8,243,64.6,7.93,0.64,1.16,0.033,6.4
3.0,1.0,2.5,4.5,0.6,2400,0.8,243,64.6,7.93,0.64,1.16,0.033,6.4
3.0,1.0,2.5,4.5,0.8,2400,0.8,243,64.6,7.93,0.64,1.16,0.033,6.4
3.0,1.5,2.5,3.0,0.4,1200,0.8,320,60.3,9.26,0.79,1.2,0.029,6.07
3.0,1.5,2.5,4.5,0.4,1200,0.8,320,60.3,9.26,0.79,1.2,0.029,6.07
3.0,1.5,2.5,3.0,0.8,1200,0.8,318,59.7,7.89,0.79,1.17,0.025,6.07
3.0,1.0,1.5,3.0,0.4,1200,0.8,321,60.1,7.55,0.77,1.17,0.024,6.07
3.0,1.0,1.5,3.0,0.6,1200,0.8,321,60.1,7.55,0.77,1.17,0.024,6.07
3.0,1.0,1.5,3.0,0.8,1200,0.8,321,60.1,7.55,0.77,1.17,0.024,6.07
3.0,1.0,1.5,4.5,0.4,1200,0.8,321,60.1,7.55,0.77,1.17,0.024,6.07
3.0,1.0,1.5,4.5,0.6,1200,0.8,321,60.1,7.55,0.77,1.17,0.024,6.07
3.0,1.0,1.5,4.5,0.8,1200,0.8,321,60.1,7.55,0.77,1.17,0.024,6.07
3.0,1.5,2.5,3.0,0.6,1200,0.8,319,60.2,7.62,0.77,1.17,0.024,6.07
3.0,1.5,2.5,4.5,0.6,1200,0.8,319,60.2,7.62,0.77,1.17,0.024,6.07
3.0,1.5,2.5,4.5,0.8,1200,0.8,318,59.7,7.44,0.78,1.16,0.023,6.07
3.0,1.0,2.5,3.0,0.4,1200,0.8,321,60.1,6.65,0.76,1.15,0.021,6.21
3.0,1.0,2.5,3.0,0.6,1200,0.8,321,60.1,6.65,0.76,1.15,0.021,6.21
3.0,1.0,2.5,3.0,0.8,1200,0.8,321,60.1,6.65,0.76,1.15,0.021,6.21
3.0,1.0,2.5,4.5,0.4,1200,0.8,321,60.1,6.65,0.76,1.15,0.021,6.21
3.0,1.0,2.5,4.5,0.6,1200,0.8,321,60.1,6.65,0.76,1.15,0.021,6.21
3.0,1.0,2.5,4.5,0.8,1200,0.8,321,60.1,6.65,0.76,1.15,0.021,6.21
3.0,0.7,1.5,3.0,0.4,1200,0.8,317,61.2,4.0,0.69,1.09,0.013,7.32
3.0,0.7,1.5,3.0,0.6,1200,0.8,317,61.2,4.0,0.69,1.09,0.013,7.32
3.0,0.7,1.5,3.0,0.8,1200,0.8,317,61.2,4.0,0.69,1.09,0.013,7.32
3.0,0.7,1.5,4.5,0.4,1200,0.8,317,61.2,4.0,0.69,1.09,0.013,7.32
3.0,0.7,1.5,4.5,0.6,1200,0.8,317,61.2,4.0,0.69,1.09,0.013,7.32
3.0,0.7,1.5,4.5,0.8,1200,0.8,317,61.2,4.0,0.69,1.09,0.013,7.32
3.0,0.7,2.5,3.0,0.4,1200,0.8,317,61.2,4.0,0.69,1.09,0.013,7.32
3.0,0.7,2.5,3.0,0.6,1200,0.8,317,61.2,4.0,0.69,1.09,0.013,7.32
3.0,0.7,2.5,3.0,0.8,1200,0.8,317,61.2,4.0,0.69,1.09,0.013,7.32
3.0,0.7,2.5,4.5,0.4,1200,0.8,317,61.2,4.0,0.69,1.09,0.013,7.32
3.0,0.7,2.5,4.5,0.6,1200,0.8,317,61.2,4.0,0.69,1.09,0.013,7.32
3.0,0.7,2.5,4.5,0.8,1200,0.8,317,61.2,4.0,0.69,1.09,0.013,7.32
