stop_loss_pct,level_1_pct,level_2_pct,level_3_pct,trail_callback,time_stop_seconds,time_stop_no_movement_pct,trades,win_rate,total_pnl_pct,payoff,profit_factor,expectancy_pct,max_dd_pct
5.0,1.5,2.5,3.0,0.4,,0.4,41,92.7,26.78,0.22,2.79,0.653,7.92
5.0,1.5,2.5,4.5,0.4,,0.4,41,92.7,26.78,0.22,2.79,0.653,7.92
5.0,1.5,2.5,3.0,0.4,3600,0.2,45,88.9,27.21,0.35,2.8,0.605,7.92
5.0,1.5,2.5,4.5,0.4,3600,0.2,45,88.9,27.21,0.35,2.8,0.605,7.92
5.0,1.5,2.5,3.0,0.4,14400,0.4,50,86.0,28.49,0.47,2.86,0.57,7.92
5.0,1.5,2.5,4.5,0.4,14400,0.4,50,86.0,28.49,0.47,2.86,0.57,7.92
5.0,1.5,2.5,3.0,0.6,14400,0.4,50,86.0,27.63,0.46,2.8,0.553,7.95
5.0,1.5,2.5,4.5,0.6,14400,0.4,50,86.0,27.63,0.46,2.8,0.553,7.95
5.0,1.5,2.5,3.0,0.4,2400,0.2,49,87.8,25.73,0.37,2.68,0.525,7.92
5.0,1.5,2.5,4.5,0.4,2400,0.2,49,87.8,25.73,0.37,2.68,0.525,7.92
5.0,1.5,2.5,3.0,0.4,7200,0.2,47,89.4,23.76,0.26,2.18,0.506,7.92
5.0,1.5,2.5,4.5,0.4,7200,0.2,47,89.4,23.76,0.26,2.18,0.506,7.92
5.0,1.5,2.5,3.0,0.4,14400,0.2,44,90.9,20.84,0.2,2.04,0.474,7.92
5.0,1.5,2.5,4.5,0.4,14400,0.2,44,90.9,20.84,0.2,2.04,0.474,7.92
5.0,1.5,2.5,3.0,0.6,2400,0.2,49,87.8,23.19,0.35,2.51,0.473,7.95
5.0,1.5,2.5,4.5,0.6,2400,0.2,49,87.8,23.19,0.35,2.51,0.473,7.95
5.0,1.5,2.5,3.0,0.8,14400,0.2,37,89.2,16.91,0.22,1.85,0.457,8.15
5.0,1.5,2.5,3.0,0.8,,0.4,37,89.2,16.91,0.22,1.85,0.457,8.15
5.0,1.5,2.5,4.5,0.8,14400,0.2,37,89.2,16.91,0.22,1.85,0.457,8.15
5.0,1.5,2.5,4.5,0.8,,0.4,37,89.2,16.91,0.22,1.85,0.457,8.15
4.0,1.5,2.5,3.0,0.4,14400,0.4,65,84.6,29.52,0.4,2.21,0.454,7.15
4.0,1.5,2.5,4.5,0.4,14400,0.4,65,84.6,29.52,0.4,2.21,0.454,7.15
4.0,1.5,2.5,3.0,0.4,,0.4,48,87.5,21.69,0.27,1.9,0.452,7.15
4.0,1.5,2.5,4.5,0.4,,0.4,48,87.5,21.69,0.27,1.9,0.452,7.15
5.0,1.5,2.5,3.0,0.4,7200,0.4,55,89.1,24.69,0.32,2.63,0.449,7.2
5.0,1.5,2.5,3.0,0.8,7200,0.2,38,89.5,17.06,0.22,1.85,0.449,8.15
5.0,1.5,2.5,4.5,0.4,7200,0.4,55,89.1,24.69,0.32,2.63,0.449,7.2
5.0,1.5,2.5,4.5,0.8,7200,0.2,38,89.5,17.06,0.22,1.85,0.449,8.15
5.0,1.5,2.5,3.0,0.6,14400,0.2,39,89.7,17.43,0.21,1.87,0.447,7.95
5.0,1.5,2.5,3.0,0.6,,0.4,39,89.7,17.43,0.21,1.87,0.447,7.95
5.0,1.5,2.5,4.5,0.6,14400,0.2,39,89.7,17.43,0.21,1.87,0.447,7.95
5.0,1.5,2.5,4.5,0.6,,0.4,39,89.7,17.43,0.21,1.87,0.447,7.95
5.0,1.5,2.5,3.0,0.6,7200,0.4,55,89.1,24.31,0.32,2.6,0.442,7.23
5.0,1.5,2.5,4.5,0.6,7200,0.4,55,89.1,24.31,0.32,2.6,0.442,7.23
5.0,1.5,2.5,3.0,0.6,7200,0.2,40,90.0,17.58,0.21,1.88,0.439,7.95
5.0,1.5,2.5,4.5,0.6,7200,0.2,40,90.0,17.58,0.21,1.88,0.439,7.95
5.0,1.5,2.5,3.0,0.8,3600,0.2,38,89.5,16.62,0.22,1.83,0.437,8.15
5.0,1.5,2.5,4.5,0.8,3600,0.2,38,89.5,16.62,0.22,1.83,0.437,8.15
4.0,1.5,2.5,3.0,0.4,3600,0.2,54,83.3,23.28,0.39,1.96,0.431,7.15
4.0,1.5,2.5,4.5,0.4,3600,0.2,54,83.3,23.28,0.39,1.96,0.431,7.15
5.0,1.5,2.5,3.0,0.6,3600,0.2,40,90.0,16.94,0.21,1.85,0.424,7.95
5.0,1.5,2.5,4.5,0.6,3600,0.2,40,90.0,16.94,0.21,1.85,0.424,7.95
5.0,1.5,2.5,3.0,0.8,7200,0.4,59,88.1,24.55,0.35,2.61,0.416,7.43
5.0,1.5,2.5,4.5,0.8,7200,0.4,59,88.1,24.55,0.35,2.61,0.416,7.43
5.0,1.5,2.5,3.0,0.8,2400,0.2,50,82.0,19.73,0.5,2.27,0.395,8.15
5.0,1.5,2.5,4.5,0.8,2400,0.2,50,82.0,19.73,0.5,2.27,0.395,8.15
5.0,1.5,2.5,3.0,0.8,14400,0.4,51,82.4,19.69,0.42,1.97,0.386,8.15
5.0,1.5,2.5,4.5,0.8,14400,0.4,51,82.4,19.69,0.42,1.97,0.386,8.15
4.0,1.5,2.5,3.0,0.4,7200,0.2,55,85.5,21.02,0.3,1.75,0.382,7.15
4.0,1.5,2.5,4.5,0.4,7200,0.2,55,85.5,21.02,0.3,1.75,0.382,7.15
4.0,1.5,2.5,3.0,0.6,14400,0.4,55,81.8,20.21,0.41,1.83,0.367,7.35
4.0,1.5,2.5,4.5,0.6,14400,0.4,55,81.8,20.21,0.41,1.83,0.367,7.35
4.0,1.5,2.5,3.0,0.4,2400,0.2,58,81.0,20.86,0.43,1.85,0.36,8.01
4.0,1.5,2.5,4.5,0.4,2400,0.2,58,81.0,20.86,0.43,1.85,0.36,8.01
5.0,1.5,2.5,3.0,0.4,1200,0.2,61,77.0,21.97,0.72,2.42,0.36,7.84
5.0,1.5,2.5,4.5,0.4,1200,0.2,61,77.0,21.97,0.72,2.42,0.36,7.84
3.0,1.5,2.5,3.0,0.4,14400,0.4,69,78.3,23.99,0.5,1.79,0.348,8.0
3.0,1.5,2.5,4.5,0.4,14400,0.4,69,78.3,23.99,0.5,1.79,0.348,8.0
4.0,1.5,2.5,3.0,0.4,14400,0.2,52,86.5,18.1,0.26,1.65,0.348,7.15
4.0,1.5,2.5,4.5,0.4,14400,0.2,52,86.5,18.1,0.26,1.65,0.348,7.15
4.0,1.5,2.5,3.0,0.8,14400,0.2,46,84.8,15.25,0.28,1.54,0.332,7.55
4.0,1.5,2.5,3.0,0.8,,0.4,46,84.8,15.25,0.28,1.54,0.332,7.55
4.0,1.5,2.5,4.5,0.8,14400,0.2,46,84.8,15.25,0.28,1.54,0.332,7.55
4.0,1.5,2.5,4.5,0.8,,0.4,46,84.8,15.25,0.28,1.54,0.332,7.55
4.0,1.5,2.5,3.0,0.8,7200,0.2,47,85.1,15.4,0.27,1.55,0.328,7.55
4.0,1.5,2.5,4.5,0.8,7200,0.2,47,85.1,15.4,0.27,1.55,0.328,7.55
5.0,1.5,2.5,3.0,0.6,1200,0.2,61,77.0,19.75,0.68,2.27,0.324,7.87
5.0,1.5,2.5,4.5,0.6,1200,0.2,61,77.0,19.75,0.68,2.27,0.324,7.87
5.0,1.5,2.5,3.0,0.4,3600,0.4,67,83.6,21.67,0.46,2.35,0.323,7.12
5.0,1.5,2.5,4.5,0.4,3600,0.4,67,83.6,21.67,0.46,2.35,0.323,7.12
4.0,1.0,1.5,3.0,0.4,7200,0.2,62,85.5,19.66,0.29,1.7,0.317,7.1
4.0,1.0,1.5,3.0,0.6,7200,0.2,62,85.5,19.66,0.29,1.7,0.317,7.1
4.0,1.0,1.5,3.0,0.8,7200,0.2,62,85.5,19.66,0.29,1.7,0.317,7.1
4.0,1.0,1.5,4.5,0.4,7200,0.2,62,85.5,19.66,0.29,1.7,0.317,7.1
4.0,1.0,1.5,4.5,0.6,7200,0.2,62,85.5,19.66,0.29,1.7,0.317,7.1
4.0,1.0,1.5,4.5,0.8,7200,0.2,62,85.5,19.66,0.29,1.7,0.317,7.1
4.0,1.5,2.5,3.0,0.8,14400,0.4,64,81.2,20.3,0.4,1.72,0.317,7.55
4.0,1.5,2.5,4.5,0.8,14400,0.4,64,81.2,20.3,0.4,1.72,0.317,7.55
4.0,1.0,1.5,3.0,0.4,,0.4,57,87.7,17.9,0.23,1.64,0.314,7.1
4.0,1.0,1.5,3.0,0.6,,0.4,57,87.7,17.9,0.23,1.64,0.314,7.1
4.0,1.0,1.5,3.0,0.8,,0.4,57,87.7,17.9,0.23,1.64,0.314,7.1
4.0,1.0,1.5,4.5,0.4,,0.4,57,87.7,17.9,0.23,1.64,0.314,7.1
4.0,1.0,1.5,4.5,0.6,,0.4,57,87.7,17.9,0.23,1.64,0.314,7.1
4.0,1.0,1.5,4.5,0.8,,0.4,57,87.7,17.9,0.23,1.64,0.314,7.1
5.0,1.5,2.5,3.0,0.6,3600,0.4,67,83.6,20.59,0.45,2.28,0.307,7.15
5.0,1.5,2.5,4.5,0.6,3600,0.4,67,83.6,20.59,0.45,2.28,0.307,7.15
4.0,1.0,2.5,3.0,0.4,7200,0.2,62,85.5,18.76,0.28,1.67,0.303,7.1
4.0,1.0,2.5,3.0,0.6,7200,0.2,62,85.5,18.76,0.28,1.67,0.303,7.1
4.0,1.0,2.5,3.0,0.8,7200,0.2,62,85.5,18.76,0.28,1.67,0.303,7.1
4.0,1.0,2.5,4.5,0.4,7200,0.2,62,85.5,18.76,0.28,1.67,0.303,7.1
4.0,1.0,2.5,4.5,0.6,7200,0.2,62,85.5,18.76,0.28,1.67,0.303,7.1
4.0,1.0,2.5,4.5,0.8,7200,0.2,62,85.5,18.76,0.28,1.67,0.303,7.1
4.0,1.0,1.5,3.0,0.4,14400,0.2,57,87.7,17.06,0.23,1.61,0.299,7.1
4.0,1.0,1.5,3.0,0.6,14400,0.2,57,87.7,17.06,0.23,1.61,0.299,7.1
4.0,1.0,1.5,3.0,0.8,14400,0.2,57,87.7,17.06,0.23,1.61,0.299,7.1
4.0,1.0,1.5,4.5,0.4,14400,0.2,57,87.7,17.06,0.23,1.61,0.299,7.1
4.0,1.0,1.5,4.5,0.6,14400,0.2,57,87.7,17.06,0.23,1.61,0.299,7.1
4.0,1.0,1.5,4.5,0.8,14400,0.2,57,87.7,17.06,0.23,1.61,0.299,7.1
4.0,1.0,2.5,3.0,0.4,,0.4,57,87.7,17.0,0.22,1.61,0.298,7.1
4.0,1.0,2.5,3.0,0.6,,0.4,57,87.7,17.0,0.22,1.61,0.298,7.1
4.0,1.0,2.5,3.0,0.8,,0.4,57,87.7,17.0,0.22,1.61,0.298,7.1
4.0,1.0,2.5,4.5,0.4,,0.4,57,87.7,17.0,0.22,1.61,0.298,7.1
4.0,1.0,2.5,4.5,0.6,,0.4,57,87.7,17.0,0.22,1.61,0.298,7.1
4.0,1.0,2.5,4.5,0.8,,0.4,57,87.7,17.0,0.22,1.61,0.298,7.1
4.0,1.5,2.5,3.0,0.6,2400,0.2,58,81.0,17.01,0.4,1.7,0.293,8.01
4.0,1.5,2.5,4.5,0.6,2400,0.2,58,81.0,17.01,0.4,1.7,0.293,8.01
4.0,1.0,1.5,3.0,0.4,14400,0.4,70,81.4,20.38,0.39,1.71,0.291,7.1
4.0,1.0,1.5,3.0,0.6,14400,0.4,70,81.4,20.38,0.39,1.71,0.291,7.1
4.0,1.0,1.5,3.0,0.8,14400,0.4,70,81.4,20.38,0.39,1.71,0.291,7.1
4.0,1.0,1.5,4.5,0.4,14400,0.4,70,81.4,20.38,0.39,1.71,0.291,7.1
4.0,1.0,1.5,4.5,0.6,14400,0.4,70,81.4,20.38,0.39,1.71,0.291,7.1
4.0,1.0,1.5,4.5,0.8,14400,0.4,70,81.4,20.38,0.39,1.71,0.291,7.1
4.0,1.0,2.5,3.0,0.4,14400,0.4,70,81.4,19.93,0.39,1.7,0.285,7.1
4.0,1.0,2.5,3.0,0.6,14400,0.4,70,81.4,19.93,0.39,1.7,0.285,7.1
4.0,1.0,2.5,3.0,0.8,14400,0.4,70,81.4,19.93,0.39,1.7,0.285,7.1
4.0,1.0,2.5,4.5,0.4,14400,0.4,70,81.4,19.93,0.39,1.7,0.285,7.1
4.0,1.0,2.5,4.5,0.6,14400,0.4,70,81.4,19.93,0.39,1.7,0.285,7.1
4.0,1.0,2.5,4.5,0.8,14400,0.4,70,81.4,19.93,0.39,1.7,0.285,7.1
4.0,1.0,2.5,3.0,0.4,14400,0.2,57,87.7,16.16,0.22,1.58,0.284,7.1
4.0,1.0,2.5,3.0,0.6,14400,0.2,57,87.7,16.16,0.22,1.58,0.284,7.1
4.0,1.0,2.5,3.0,0.8,14400,0.2,57,87.7,16.16,0.22,1.58,0.284,7.1
4.0,1.0,2.5,4.5,0.4,14400,0.2,57,87.7,16.16,0.22,1.58,0.284,7.1
4.0,1.0,2.5,4.5,0.6,14400,0.2,57,87.7,16.16,0.22,1.58,0.284,7.1
4.0,1.0,2.5,4.5,0.8,14400,0.2,57,87.7,16.16,0.22,1.58,0.284,7.1
5.0,1.0,1.5,3.0,0.4,3600,0.2,47,83.0,13.26,0.34,1.66,0.282,8.2
5.0,1.0,1.5,3.0,0.6,3600,0.2,47,83.0,13.26,0.34,1.66,0.282,8.2
5.0,1.0,1.5,3.0,0.8,3600,0.2,47,83.0,13.26,0.34,1.66,0.282,8.2
5.0,1.0,1.5,4.5,0.4,3600,0.2,47,83.0,13.26,0.34,1.66,0.282,8.2
5.0,1.0,1.5,4.5,0.6,3600,0.2,47,83.0,13.26,0.34,1.66,0.282,8.2
5.0,1.0,1.5,4.5,0.8,3600,0.2,47,83.0,13.26,0.34,1.66,0.282,8.2
5.0,1.5,2.5,3.0,0.8,3600,0.4,75,80.0,20.58,0.56,2.24,0.274,7.35
5.0,1.5,2.5,4.5,0.8,3600,0.4,75,80.0,20.58,0.56,2.24,0.274,7.35
5.0,1.5,2.5,3.0,0.8,1200,0.2,61,70.5,16.65,0.86,2.06,0.273,8.7
5.0,1.5,2.5,4.5,0.8,1200,0.2,61,70.5,16.65,0.86,2.06,0.273,8.7
5.0,1.0,2.5,3.0,0.4,3600,0.2,47,83.0,12.36,0.33,1.61,0.263,8.2
5.0,1.0,2.5,3.0,0.6,3600,0.2,47,83.0,12.36,0.33,1.61,0.263,8.2
5.0,1.0,2.5,3.0,0.8,3600,0.2,47,83.0,12.36,0.33,1.61,0.263,8.2
5.0,1.0,2.5,4.5,0.4,3600,0.2,47,83.0,12.36,0.33,1.61,0.263,8.2
5.0,1.0,2.5,4.5,0.6,3600,0.2,47,83.0,12.36,0.33,1.61,0.263,8.2
5.0,1.0,2.5,4.5,0.8,3600,0.2,47,83.0,12.36,0.33,1.61,0.263,8.2
4.0,1.0,1.5,3.0,0.4,3600,0.2,57,78.9,14.58,0.43,1.6,0.256,7.1
4.0,1.0,1.5,3.0,0.6,3600,0.2,57,78.9,14.58,0.43,1.6,0.256,7.1
4.0,1.0,1.5,3.0,0.8,3600,0.2,57,78.9,14.58,0.43,1.6,0.256,7.1
4.0,1.0,1.5,4.5,0.4,3600,0.2,57,78.9,14.58,0.43,1.6,0.256,7.1
4.0,1.0,1.5,4.5,0.6,3600,0.2,57,78.9,14.58,0.43,1.6,0.256,7.1
4.0,1.0,1.5,4.5,0.8,3600,0.2,57,78.9,14.58,0.43,1.6,0.256,7.1
3.0,1.5,2.5,3.0,0.4,1200,0.2,71,69.0,18.09,0.82,1.84,0.255,7.71
3.0,1.5,2.5,4.5,0.4,1200,0.2,71,69.0,18.09,0.82,1.84,0.255,7.71
4.0,1.5,2.5,3.0,0.6,3600,0.2,49,83.7,12.5,0.28,1.45,0.255,7.35
4.0,1.5,2.5,4.5,0.6,3600,0.2,49,83.7,12.5,0.28,1.45,0.255,7.35
3.0,1.5,2.5,3.0,0.6,7200,0.4,81,80.2,20.59,0.4,1.62,0.254,9.53
3.0,1.5,2.5,3.0,0.6,14400,0.4,65,75.4,16.52,0.49,1.5,0.254,7.96
3.0,1.5,2.5,4.5,0.6,7200,0.4,81,80.2,20.59,0.4,1.62,0.254,9.53
3.0,1.5,2.5,4.5,0.6,14400,0.4,65,75.4,16.52,0.49,1.5,0.254,7.96
4.0,1.5,2.5,3.0,0.4,1200,0.2,67,73.1,17.0,0.67,1.82,0.254,7.97
4.0,1.5,2.5,4.5,0.4,1200,0.2,67,73.1,17.0,0.67,1.82,0.254,7.97
4.0,1.5,2.5,3.0,0.6,14400,0.2,44,84.1,11.01,0.26,1.39,0.25,7.67
4.0,1.5,2.5,3.0,0.6,,0.4,44,84.1,11.01,0.26,1.39,0.25,7.67
4.0,1.5,2.5,4.5,0.6,14400,0.2,44,84.1,11.01,0.26,1.39,0.25,7.67
4.0,1.5,2.5,4.5,0.6,,0.4,44,84.1,11.01,0.26,1.39,0.25,7.67
4.0,1.5,2.5,3.0,0.6,7200,0.2,45,84.4,11.16,0.26,1.4,0.248,7.67
4.0,1.5,2.5,4.5,0.6,7200,0.2,45,84.4,11.16,0.26,1.4,0.248,7.67
5.0,1.0,1.5,3.0,0.4,7200,0.2,48,85.4,11.86,0.25,1.47,0.247,8.2
5.0,1.0,1.5,3.0,0.6,7200,0.2,48,85.4,11.86,0.25,1.47,0.247,8.2
5.0,1.0,1.5,3.0,0.8,7200,0.2,48,85.4,11.86,0.25,1.47,0.247,8.2
5.0,1.0,1.5,4.5,0.4,7200,0.2,48,85.4,11.86,0.25,1.47,0.247,8.2
5.0,1.0,1.5,4.5,0.6,7200,0.2,48,85.4,11.86,0.25,1.47,0.247,8.2
5.0,1.0,1.5,4.5,0.8,7200,0.2,48,85.4,11.86,0.25,1.47,0.247,8.2
2.0,1.5,2.5,3.0,0.4,14400,0.4,87,72.4,21.37,0.59,1.56,0.246,8.72
2.0,1.5,2.5,4.5,0.4,14400,0.4,87,72.4,21.37,0.59,1.56,0.246,8.72
3.0,1.5,2.5,3.0,0.8,7200,0.4,80,80.0,19.71,0.4,1.59,0.246,11.38
3.0,1.5,2.5,4.5,0.8,7200,0.4,80,80.0,19.71,0.4,1.59,0.246,11.38
5.0,1.5,2.5,3.0,0.4,2400,0.4,78,76.9,19.15,0.66,2.19,0.246,7.22
5.0,1.5,2.5,3.0,0.6,2400,0.4,78,76.9,19.15,0.66,2.19,0.246,7.26
5.0,1.5,2.5,4.5,0.4,2400,0.4,78,76.9,19.15,0.66,2.19,0.246,7.22
5.0,1.5,2.5,4.5,0.6,2400,0.4,78,76.9,19.15,0.66,2.19,0.246,7.26
4.0,1.5,2.5,3.0,0.8,3600,0.2,47,83.0,11.5,0.29,1.41,0.245,7.55
4.0,1.5,2.5,4.5,0.8,3600,0.2,47,83.0,11.5,0.29,1.41,0.245,7.55
3.0,1.5,2.5,3.0,0.8,14400,0.4,65,76.9,15.81,0.44,1.47,0.243,9.3
3.0,1.5,2.5,4.5,0.8,14400,0.4,65,76.9,15.81,0.44,1.47,0.243,9.3
5.0,1.0,1.5,3.0,0.4,2400,0.2,54,83.3,13.05,0.33,1.64,0.242,8.2
5.0,1.0,1.5,3.0,0.6,2400,0.2,54,83.3,13.05,0.33,1.64,0.242,8.2
5.0,1.0,1.5,3.0,0.8,2400,0.2,54,83.3,13.05,0.33,1.64,0.242,8.2
5.0,1.0,1.5,4.5,0.4,2400,0.2,54,83.3,13.05,0.33,1.64,0.242,8.2
5.0,1.0,1.5,4.5,0.6,2400,0.2,54,83.3,13.05,0.33,1.64,0.242,8.2
5.0,1.0,1.5,4.5,0.8,2400,0.2,54,83.3,13.05,0.33,1.64,0.242,8.2
4.0,1.0,2.5,3.0,0.4,3600,0.2,57,78.9,13.68,0.42,1.56,0.24,7.1
4.0,1.0,2.5,3.0,0.6,3600,0.2,57,78.9,13.68,0.42,1.56,0.24,7.1
4.0,1.0,2.5,3.0,0.8,3600,0.2,57,78.9,13.68,0.42,1.56,0.24,7.1
4.0,1.0,2.5,4.5,0.4,3600,0.2,57,78.9,13.68,0.42,1.56,0.24,7.1
4.0,1.0,2.5,4.5,0.6,3600,0.2,57,78.9,13.68,0.42,1.56,0.24,7.1
4.0,1.0,2.5,4.5,0.8,3600,0.2,57,78.9,13.68,0.42,1.56,0.24,7.1
2.0,1.5,2.5,3.0,0.6,14400,0.4,85,74.1,20.25,0.53,1.53,0.238,9.04
2.0,1.5,2.5,4.5,0.6,14400,0.4,85,74.1,20.25,0.53,1.53,0.238,9.04
5.0,1.0,1.5,3.0,0.4,,0.4,43,88.4,10.1,0.18,1.4,0.235,8.2
5.0,1.0,1.5,3.0,0.6,,0.4,43,88.4,10.1,0.18,1.4,0.235,8.2
5.0,1.0,1.5,3.0,0.8,,0.4,43,88.4,10.1,0.18,1.4,0.235,8.2
5.0,1.0,1.5,4.5,0.4,,0.4,43,88.4,10.1,0.18,1.4,0.235,8.2
5.0,1.0,1.5,4.5,0.6,,0.4,43,88.4,10.1,0.18,1.4,0.235,8.2
5.0,1.0,1.5,4.5,0.8,,0.4,43,88.4,10.1,0.18,1.4,0.235,8.2
2.0,1.5,2.5,3.0,0.6,7200,0.4,102,74.5,23.38,0.56,1.64,0.229,5.3
2.0,1.5,2.5,4.5,0.6,7200,0.4,102,74.5,23.38,0.56,1.64,0.229,5.3
5.0,1.0,2.5,3.0,0.4,7200,0.2,48,85.4,10.96,0.25,1.44,0.228,8.2
5.0,1.0,2.5,3.0,0.6,7200,0.2,48,85.4,10.96,0.25,1.44,0.228,8.2
5.0,1.0,2.5,3.0,0.8,7200,0.2,48,85.4,10.96,0.25,1.44,0.228,8.2
5.0,1.0,2.5,4.5,0.4,7200,0.2,48,85.4,10.96,0.25,1.44,0.228,8.2
5.0,1.0,2.5,4.5,0.6,7200,0.2,48,85.4,10.96,0.25,1.44,0.228,8.2
5.0,1.0,2.5,4.5,0.8,7200,0.2,48,85.4,10.96,0.25,1.44,0.228,8.2
5.0,1.5,2.5,3.0,0.8,2400,0.4,86,74.4,19.64,0.75,2.19,0.228,7.46
5.0,1.5,2.5,4.5,0.8,2400,0.4,86,74.4,19.64,0.75,2.19,0.228,7.46
5.0,1.0,1.5,3.0,0.4,14400,0.4,55,80.0,12.34,0.37,1.48,0.224,8.2
5.0,1.0,1.5,3.0,0.6,14400,0.4,55,80.0,12.34,0.37,1.48,0.224,8.2
5.0,1.0,1.5,3.0,0.8,14400,0.4,55,80.0,12.34,0.37,1.48,0.224,8.2
5.0,1.0,1.5,4.5,0.4,14400,0.4,55,80.0,12.34,0.37,1.48,0.224,8.2
5.0,1.0,1.5,4.5,0.6,14400,0.4,55,80.0,12.34,0.37,1.48,0.224,8.2
5.0,1.0,1.5,4.5,0.8,14400,0.4,55,80.0,12.34,0.37,1.48,0.224,8.2
4.0,1.5,2.5,3.0,0.8,2400,0.2,59,76.3,13.07,0.48,1.53,0.222,8.01
4.0,1.5,2.5,4.5,0.8,2400,0.2,59,76.3,13.07,0.48,1.53,0.222,8.01
4.0,1.5,2.5,3.0,0.6,1200,0.2,67,73.1,14.84,0.63,1.71,0.221,7.97
4.0,1.5,2.5,4.5,0.6,1200,0.2,67,73.1,14.84,0.63,1.71,0.221,7.97
4.0,1.5,2.5,3.0,0.6,7200,0.4,67,83.6,14.58,0.29,1.45,0.218,11.14
4.0,1.5,2.5,4.5,0.6,7200,0.4,67,83.6,14.58,0.29,1.45,0.218,11.14
5.0,1.0,2.5,3.0,0.4,2400,0.2,54,83.3,11.7,0.31,1.57,0.217,8.2
5.0,1.0,2.5,3.0,0.6,2400,0.2,54,83.3,11.7,0.31,1.57,0.217,8.2
5.0,1.0,2.5,3.0,0.8,2400,0.2,54,83.3,11.7,0.31,1.57,0.217,8.2
5.0,1.0,2.5,4.5,0.4,2400,0.2,54,83.3,11.7,0.31,1.57,0.217,8.2
5.0,1.0,2.5,4.5,0.6,2400,0.2,54,83.3,11.7,0.31,1.57,0.217,8.2
5.0,1.0,2.5,4.5,0.8,2400,0.2,54,83.3,11.7,0.31,1.57,0.217,8.2
5.0,1.0,2.5,3.0,0.4,14400,0.4,55,80.0,11.89,0.37,1.46,0.216,8.2
5.0,1.0,2.5,3.0,0.6,14400,0.4,55,80.0,11.89,0.37,1.46,0.216,8.2
5.0,1.0,2.5,3.0,0.8,14400,0.4,55,80.0,11.89,0.37,1.46,0.216,8.2
5.0,1.0,2.5,4.5,0.4,14400,0.4,55,80.0,11.89,0.37,1.46,0.216,8.2
5.0,1.0,2.5,4.5,0.6,14400,0.4,55,80.0,11.89,0.37,1.46,0.216,8.2
5.0,1.0,2.5,4.5,0.8,14400,0.4,55,80.0,11.89,0.37,1.46,0.216,8.2
5.0,1.0,1.5,3.0,0.4,7200,0.4,60,85.0,12.91,0.29,1.63,0.215,7.55
5.0,1.0,1.5,3.0,0.4,14400,0.2,43,88.4,9.26,0.18,1.37,0.215,8.2
5.0,1.0,1.5,3.0,0.6,7200,0.4,60,85.0,12.91,0.29,1.63,0.215,7.55
5.0,1.0,1.5,3.0,0.6,14400,0.2,43,88.4,9.26,0.18,1.37,0.215,8.2
5.0,1.0,1.5,3.0,0.8,7200,0.4,60,85.0,12.91,0.29,1.63,0.215,7.55
5.0,1.0,1.5,3.0,0.8,14400,0.2,43,88.4,9.26,0.18,1.37,0.215,8.2
5.0,1.0,1.5,4.5,0.4,7200,0.4,60,85.0,12.91,0.29,1.63,0.215,7.55
5.0,1.0,1.5,4.5,0.4,14400,0.2,43,88.4,9.26,0.18,1.37,0.215,8.2
5.0,1.0,1.5,4.5,0.6,7200,0.4,60,85.0,12.91,0.29,1.63,0.215,7.55
5.0,1.0,1.5,4.5,0.6,14400,0.2,43,88.4,9.26,0.18,1.37,0.215,8.2
5.0,1.0,1.5,4.5,0.8,7200,0.4,60,85.0,12.91,0.29,1.63,0.215,7.55
5.0,1.0,1.5,4.5,0.8,14400,0.2,43,88.4,9.26,0.18,1.37,0.215,8.2
5.0,1.0,2.5,3.0,0.4,,0.4,43,88.4,9.2,0.18,1.37,0.214,8.2
5.0,1.0,2.5,3.0,0.6,,0.4,43,88.4,9.2,0.18,1.37,0.214,8.2
5.0,1.0,2.5,3.0,0.8,,0.4,43,88.4,9.2,0.18,1.37,0.214,8.2
5.0,1.0,2.5,4.5,0.4,,0.4,43,88.4,9.2,0.18,1.37,0.214,8.2
5.0,1.0,2.5,4.5,0.6,,0.4,43,88.4,9.2,0.18,1.37,0.214,8.2
5.0,1.0,2.5,4.5,0.8,,0.4,43,88.4,9.2,0.18,1.37,0.214,8.2
3.0,1.5,2.5,3.0,0.6,1200,0.2,71,69.0,15.1,0.76,1.7,0.213,7.71
3.0,1.5,2.5,4.5,0.6,1200,0.2,71,69.0,15.1,0.76,1.7,0.213,7.71
2.0,1.5,2.5,3.0,0.4,14400,0.2,79,73.4,16.63,0.51,1.4,0.211,8.72
2.0,1.5,2.5,3.0,0.4,,0.4,79,73.4,16.63,0.51,1.4,0.211,8.72
2.0,1.5,2.5,3.0,0.8,7200,0.4,103,72.8,21.75,0.59,1.59,0.211,5.3
2.0,1.5,2.5,4.5,0.4,14400,0.2,79,73.4,16.63,0.51,1.4,0.211,8.72
2.0,1.5,2.5,4.5,0.4,,0.4,79,73.4,16.63,0.51,1.4,0.211,8.72
2.0,1.5,2.5,4.5,0.8,7200,0.4,103,72.8,21.75,0.59,1.59,0.211,5.3
4.0,1.0,1.5,3.0,0.4,2400,0.2,64,79.7,13.5,0.39,1.55,0.211,8.01
4.0,1.0,1.5,3.0,0.6,2400,0.2,64,79.7,13.5,0.39,1.55,0.211,8.01
4.0,1.0,1.5,3.0,0.8,2400,0.2,64,79.7,13.5,0.39,1.55,0.211,8.01
4.0,1.0,1.5,4.5,0.4,2400,0.2,64,79.7,13.5,0.39,1.55,0.211,8.01
4.0,1.0,1.5,4.5,0.6,2400,0.2,64,79.7,13.5,0.39,1.55,0.211,8.01
4.0,1.0,1.5,4.5,0.8,2400,0.2,64,79.7,13.5,0.39,1.55,0.211,8.01
3.0,1.0,1.5,3.0,0.4,7200,0.2,64,79.7,13.31,0.36,1.4,0.208,10.2
3.0,1.0,1.5,3.0,0.6,7200,0.2,64,79.7,13.31,0.36,1.4,0.208,10.2
3.0,1.0,1.5,3.0,0.8,7200,0.2,64,79.7,13.31,0.36,1.4,0.208,10.2
3.0,1.0,1.5,4.5,0.4,7200,0.2,64,79.7,13.31,0.36,1.4,0.208,10.2
3.0,1.0,1.5,4.5,0.6,7200,0.2,64,79.7,13.31,0.36,1.4,0.208,10.2
3.0,1.0,1.5,4.5,0.8,7200,0.2,64,79.7,13.31,0.36,1.4,0.208,10.2
5.0,0.7,1.5,3.0,0.4,3600,0.2,62,88.7,12.9,0.21,1.64,0.208,6.74
5.0,0.7,1.5,3.0,0.6,3600,0.2,62,88.7,12.9,0.21,1.64,0.208,6.74
5.0,0.7,1.5,3.0,0.8,3600,0.2,62,88.7,12.9,0.21,1.64,0.208,6.74
5.0,0.7,1.5,4.5,0.4,3600,0.2,62,88.7,12.9,0.21,1.64,0.208,6.74
5.0,0.7,1.5,4.5,0.6,3600,0.2,62,88.7,12.9,0.21,1.64,0.208,6.74
5.0,0.7,1.5,4.5,0.8,3600,0.2,62,88.7,12.9,0.21,1.64,0.208,6.74
2.0,1.5,2.5,3.0,0.4,7200,0.2,84,71.4,17.0,0.56,1.4,0.202,8.72
2.0,1.5,2.5,4.5,0.4,7200,0.2,84,71.4,17.0,0.56,1.4,0.202,8.72
2.0,1.5,2.5,3.0,0.8,14400,0.4,84,73.8,16.89,0.5,1.42,0.201,9.44
2.0,1.5,2.5,4.5,0.8,14400,0.4,84,73.8,16.89,0.5,1.42,0.201,9.44
5.0,1.0,2.5,3.0,0.4,7200,0.4,60,85.0,12.01,0.28,1.58,0.2,7.55
5.0,1.0,2.5,3.0,0.6,7200,0.4,60,85.0,12.01,0.28,1.58,0.2,7.55
5.0,1.0,2.5,3.0,0.8,7200,0.4,60,85.0,12.01,0.28,1.58,0.2,7.55
5.0,1.0,2.5,4.5,0.4,7200,0.4,60,85.0,12.01,0.28,1.58,0.2,7.55
5.0,1.0,2.5,4.5,0.6,7200,0.4,60,85.0,12.01,0.28,1.58,0.2,7.55
5.0,1.0,2.5,4.5,0.8,7200,0.4,60,85.0,12.01,0.28,1.58,0.2,7.55
3.0,1.0,1.5,3.0,0.4,14400,0.4,71,77.5,14.05,0.41,1.42,0.198,10.2
3.0,1.0,1.5,3.0,0.6,14400,0.4,71,77.5,14.05,0.41,1.42,0.198,10.2
3.0,1.0,1.5,3.0,0.8,14400,0.4,71,77.5,14.05,0.41,1.42,0.198,10.2
3.0,1.0,1.5,4.5,0.4,14400,0.4,71,77.5,14.05,0.41,1.42,0.198,10.2
3.0,1.0,1.5,4.5,0.6,14400,0.4,71,77.5,14.05,0.41,1.42,0.198,10.2
3.0,1.0,1.5,4.5,0.8,14400,0.4,71,77.5,14.05,0.41,1.42,0.198,10.2
3.0,1.0,1.5,3.0,0.4,,0.4,59,81.4,11.55,0.31,1.35,0.196,10.2
3.0,1.0,1.5,3.0,0.6,,0.4,59,81.4,11.55,0.31,1.35,0.196,10.2
3.0,1.0,1.5,3.0,0.8,,0.4,59,81.4,11.55,0.31,1.35,0.196,10.2
3.0,1.0,1.5,4.5,0.4,,0.4,59,81.4,11.55,0.31,1.35,0.196,10.2
3.0,1.0,1.5,4.5,0.6,,0.4,59,81.4,11.55,0.31,1.35,0.196,10.2
3.0,1.0,1.5,4.5,0.8,,0.4,59,81.4,11.55,0.31,1.35,0.196,10.2
5.0,0.7,2.5,3.0,0.4,3600,0.2,62,88.7,12.18,0.2,1.6,0.196,6.74
5.0,0.7,2.5,3.0,0.6,3600,0.2,62,88.7,12.18,0.2,1.6,0.196,6.74
5.0,0.7,2.5,3.0,0.8,3600,0.2,62,88.7,12.18,0.2,1.6,0.196,6.74
5.0,0.7,2.5,4.5,0.4,3600,0.2,62,88.7,12.18,0.2,1.6,0.196,6.74
5.0,0.7,2.5,4.5,0.6,3600,0.2,62,88.7,12.18,0.2,1.6,0.196,6.74
5.0,0.7,2.5,4.5,0.8,3600,0.2,62,88.7,12.18,0.2,1.6,0.196,6.74
2.0,1.5,2.5,3.0,0.4,7200,0.4,102,71.6,19.88,0.61,1.54,0.195,5.73
2.0,1.5,2.5,4.5,0.4,7200,0.4,102,71.6,19.88,0.61,1.54,0.195,5.73
4.0,0.7,1.5,3.0,0.4,3600,0.2,74,86.5,14.41,0.25,1.59,0.195,7.37
4.0,0.7,1.5,3.0,0.6,3600,0.2,74,86.5,14.41,0.25,1.59,0.195,7.37
4.0,0.7,1.5,3.0,0.8,3600,0.2,74,86.5,14.41,0.25,1.59,0.195,7.37
4.0,0.7,1.5,4.5,0.4,3600,0.2,74,86.5,14.41,0.25,1.59,0.195,7.37
4.0,0.7,1.5,4.5,0.6,3600,0.2,74,86.5,14.41,0.25,1.59,0.195,7.37
4.0,0.7,1.5,4.5,0.8,3600,0.2,74,86.5,14.41,0.25,1.59,0.195,7.37
5.0,1.0,2.5,3.0,0.4,14400,0.2,43,88.4,8.36,0.18,1.33,0.194,8.2
5.0,1.0,2.5,3.0,0.6,14400,0.2,43,88.4,8.36,0.18,1.33,0.194,8.2
5.0,1.0,2.5,3.0,0.8,14400,0.2,43,88.4,8.36,0.18,1.33,0.194,8.2
5.0,1.0,2.5,4.5,0.4,14400,0.2,43,88.4,8.36,0.18,1.33,0.194,8.2
5.0,1.0,2.5,4.5,0.6,14400,0.2,43,88.4,8.36,0.18,1.33,0.194,8.2
5.0,1.0,2.5,4.5,0.8,14400,0.2,43,88.4,8.36,0.18,1.33,0.194,8.2
3.0,1.5,2.5,3.0,0.4,2400,0.2,63,76.2,12.13,0.43,1.36,0.193,8.07
3.0,1.5,2.5,4.5,0.4,2400,0.2,63,76.2,12.13,0.43,1.36,0.193,8.07
2.0,1.5,2.5,3.0,0.6,7200,0.2,84,72.6,15.98,0.52,1.38,0.19,9.04
2.0,1.5,2.5,4.5,0.6,7200,0.2,84,72.6,15.98,0.52,1.38,0.19,9.04
4.0,1.0,2.5,3.0,0.4,2400,0.2,64,79.7,12.15,0.38,1.49,0.19,8.01
4.0,1.0,2.5,3.0,0.6,2400,0.2,64,79.7,12.15,0.38,1.49,0.19,8.01
4.0,1.0,2.5,3.0,0.8,2400,0.2,64,79.7,12.15,0.38,1.49,0.19,8.01
4.0,1.0,2.5,4.5,0.4,2400,0.2,64,79.7,12.15,0.38,1.49,0.19,8.01
4.0,1.0,2.5,4.5,0.6,2400,0.2,64,79.7,12.15,0.38,1.49,0.19,8.01
4.0,1.0,2.5,4.5,0.8,2400,0.2,64,79.7,12.15,0.38,1.49,0.19,8.01
4.0,1.5,2.5,3.0,0.8,7200,0.4,69,82.6,13.01,0.3,1.4,0.189,11.95
4.0,1.5,2.5,4.5,0.8,7200,0.4,69,82.6,13.01,0.3,1.4,0.189,11.95
2.0,1.5,2.5,3.0,0.4,3600,0.4,130,70.8,24.28,0.72,1.74,0.187,5.73
2.0,1.5,2.5,4.5,0.4,3600,0.4,130,70.8,24.28,0.72,1.74,0.187,5.73
3.0,1.0,2.5,3.0,0.4,7200,0.2,64,79.7,11.96,0.35,1.36,0.187,10.5
3.0,1.0,2.5,3.0,0.6,7200,0.2,64,79.7,11.96,0.35,1.36,0.187,10.5
3.0,1.0,2.5,3.0,0.8,7200,0.2,64,79.7,11.96,0.35,1.36,0.187,10.5
3.0,1.0,2.5,4.5,0.4,7200,0.2,64,79.7,11.96,0.35,1.36,0.187,10.5
3.0,1.0,2.5,4.5,0.6,7200,0.2,64,79.7,11.96,0.35,1.36,0.187,10.5
3.0,1.0,2.5,4.5,0.8,7200,0.2,64,79.7,11.96,0.35,1.36,0.187,10.5
3.0,1.0,2.5,3.0,0.4,14400,0.4,71,77.5,13.15,0.4,1.39,0.185,10.5
3.0,1.0,2.5,3.0,0.6,14400,0.4,71,77.5,13.15,0.4,1.39,0.185,10.5
3.0,1.0,2.5,3.0,0.8,14400,0.4,71,77.5,13.15,0.4,1.39,0.185,10.5
3.0,1.0,2.5,4.5,0.4,14400,0.4,71,77.5,13.15,0.4,1.39,0.185,10.5
3.0,1.0,2.5,4.5,0.6,14400,0.4,71,77.5,13.15,0.4,1.39,0.185,10.5
3.0,1.0,2.5,4.5,0.8,14400,0.4,71,77.5,13.15,0.4,1.39,0.185,10.5
4.0,0.7,2.5,3.0,0.4,3600,0.2,74,86.5,13.69,0.24,1.56,0.185,7.37
4.0,0.7,2.5,3.0,0.6,3600,0.2,74,86.5,13.69,0.24,1.56,0.185,7.37
4.0,0.7,2.5,3.0,0.8,3600,0.2,74,86.5,13.69,0.24,1.56,0.185,7.37
4.0,0.7,2.5,4.5,0.4,3600,0.2,74,86.5,13.69,0.24,1.56,0.185,7.37
4.0,0.7,2.5,4.5,0.6,3600,0.2,74,86.5,13.69,0.24,1.56,0.185,7.37
4.0,0.7,2.5,4.5,0.8,3600,0.2,74,86.5,13.69,0.24,1.56,0.185,7.37
2.0,1.5,2.5,3.0,0.8,2400,0.2,85,70.6,15.67,0.59,1.43,0.184,9.44
2.0,1.5,2.5,4.5,0.8,2400,0.2,85,70.6,15.67,0.59,1.43,0.184,9.44
3.0,1.0,1.5,3.0,0.4,14400,0.2,59,81.4,10.71,0.3,1.32,0.182,10.2
3.0,1.0,1.5,3.0,0.6,14400,0.2,59,81.4,10.71,0.3,1.32,0.182,10.2
3.0,1.0,1.5,3.0,0.8,14400,0.2,59,81.4,10.71,0.3,1.32,0.182,10.2
3.0,1.0,1.5,4.5,0.4,14400,0.2,59,81.4,10.71,0.3,1.32,0.182,10.2
3.0,1.0,1.5,4.5,0.6,14400,0.2,59,81.4,10.71,0.3,1.32,0.182,10.2
3.0,1.0,1.5,4.5,0.8,14400,0.2,59,81.4,10.71,0.3,1.32,0.182,10.2
5.0,0.7,1.5,3.0,0.4,2400,0.2,65,87.7,11.79,0.22,1.58,0.181,6.88
5.0,0.7,1.5,3.0,0.6,2400,0.2,65,87.7,11.79,0.22,1.58,0.181,6.88
5.0,0.7,1.5,3.0,0.8,2400,0.2,65,87.7,11.79,0.22,1.58,0.181,6.88
5.0,0.7,1.5,4.5,0.4,2400,0.2,65,87.7,11.79,0.22,1.58,0.181,6.88
5.0,0.7,1.5,4.5,0.6,2400,0.2,65,87.7,11.79,0.22,1.58,0.181,6.88
5.0,0.7,1.5,4.5,0.8,2400,0.2,65,87.7,11.79,0.22,1.58,0.181,6.88
3.0,1.5,2.5,3.0,0.8,1200,0.2,76,63.2,13.68,0.94,1.62,0.18,7.71
3.0,1.5,2.5,4.5,0.8,1200,0.2,76,63.2,13.68,0.94,1.62,0.18,7.71
3.0,1.5,2.5,3.0,0.4,7200,0.4,79,77.2,13.88,0.41,1.38,0.176,9.5
3.0,1.5,2.5,4.5,0.4,7200,0.4,79,77.2,13.88,0.41,1.38,0.176,9.5
5.0,1.0,1.5,3.0,0.4,1200,0.2,62,74.2,10.94,0.53,1.53,0.176,8.12
5.0,1.0,1.5,3.0,0.6,1200,0.2,62,74.2,10.94,0.53,1.53,0.176,8.12
5.0,1.0,1.5,3.0,0.8,1200,0.2,62,74.2,10.94,0.53,1.53,0.176,8.12
5.0,1.0,1.5,4.5,0.4,1200,0.2,62,74.2,10.94,0.53,1.53,0.176,8.12
5.0,1.0,1.5,4.5,0.6,1200,0.2,62,74.2,10.94,0.53,1.53,0.176,8.12
5.0,1.0,1.5,4.5,0.8,1200,0.2,62,74.2,10.94,0.53,1.53,0.176,8.12
2.0,1.5,2.5,3.0,0.6,3600,0.4,127,70.9,22.08,0.69,1.68,0.174,5.3
2.0,1.5,2.5,4.5,0.6,3600,0.4,127,70.9,22.08,0.69,1.68,0.174,5.3
3.0,1.0,2.5,3.0,0.4,,0.4,59,81.4,10.2,0.3,1.31,0.173,10.5
3.0,1.0,2.5,3.0,0.6,,0.4,59,81.4,10.2,0.3,1.31,0.173,10.5
3.0,1.0,2.5,3.0,0.8,,0.4,59,81.4,10.2,0.3,1.31,0.173,10.5
3.0,1.0,2.5,4.5,0.4,,0.4,59,81.4,10.2,0.3,1.31,0.173,10.5
3.0,1.0,2.5,4.5,0.6,,0.4,59,81.4,10.2,0.3,1.31,0.173,10.5
3.0,1.0,2.5,4.5,0.8,,0.4,59,81.4,10.2,0.3,1.31,0.173,10.5
5.0,0.7,2.5,3.0,0.4,2400,0.2,65,87.7,11.07,0.22,1.55,0.17,6.88
5.0,0.7,2.5,3.0,0.6,2400,0.2,65,87.7,11.07,0.22,1.55,0.17,6.88
5.0,0.7,2.5,3.0,0.8,2400,0.2,65,87.7,11.07,0.22,1.55,0.17,6.88
5.0,0.7,2.5,4.5,0.4,2400,0.2,65,87.7,11.07,0.22,1.55,0.17,6.88
5.0,0.7,2.5,4.5,0.6,2400,0.2,65,87.7,11.07,0.22,1.55,0.17,6.88
5.0,0.7,2.5,4.5,0.8,2400,0.2,65,87.7,11.07,0.22,1.55,0.17,6.88
4.0,0.7,1.5,3.0,0.4,2400,0.2,75,85.3,12.6,0.26,1.52,0.168,8.01
4.0,0.7,1.5,3.0,0.6,2400,0.2,75,85.3,12.6,0.26,1.52,0.168,8.01
4.0,0.7,1.5,3.0,0.8,2400,0.2,75,85.3,12.6,0.26,1.52,0.168,8.01
4.0,0.7,1.5,4.5,0.4,2400,0.2,75,85.3,12.6,0.26,1.52,0.168,8.01
4.0,0.7,1.5,4.5,0.6,2400,0.2,75,85.3,12.6,0.26,1.52,0.168,8.01
4.0,0.7,1.5,4.5,0.8,2400,0.2,75,85.3,12.6,0.26,1.52,0.168,8.01
4.0,1.5,2.5,3.0,0.8,1200,0.2,68,66.2,11.39,0.79,1.54,0.168,7.97
4.0,1.5,2.5,4.5,0.8,1200,0.2,68,66.2,11.39,0.79,1.54,0.168,7.97
3.0,1.5,2.5,3.0,0.8,3600,0.4,100,73.0,16.71,0.58,1.57,0.167,9.13
3.0,1.5,2.5,4.5,0.8,3600,0.4,100,73.0,16.71,0.58,1.57,0.167,9.13
5.0,1.0,1.5,3.0,0.4,3600,0.4,74,79.7,12.38,0.4,1.58,0.167,7.39
5.0,1.0,1.5,3.0,0.6,3600,0.4,74,79.7,12.38,0.4,1.58,0.167,7.39
5.0,1.0,1.5,3.0,0.8,3600,0.4,74,79.7,12.38,0.4,1.58,0.167,7.39
5.0,1.0,1.5,4.5,0.4,3600,0.4,74,79.7,12.38,0.4,1.58,0.167,7.39
5.0,1.0,1.5,4.5,0.6,3600,0.4,74,79.7,12.38,0.4,1.58,0.167,7.39
5.0,1.0,1.5,4.5,0.8,3600,0.4,74,79.7,12.38,0.4,1.58,0.167,7.39
2.0,1.5,2.5,3.0,0.6,14400,0.2,80,72.5,13.29,0.49,1.3,0.166,9.04
2.0,1.5,2.5,3.0,0.6,,0.4,80,72.5,13.29,0.49,1.3,0.166,9.04
2.0,1.5,2.5,3.0,0.8,7200,0.2,74,71.6,12.25,0.51,1.29,0.166,9.44
2.0,1.5,2.5,3.0,0.8,14400,0.2,73,71.2,12.1,0.52,1.29,0.166,9.44
2.0,1.5,2.5,3.0,0.8,,0.4,73,71.2,12.1,0.52,1.29,0.166,9.44
2.0,1.5,2.5,4.5,0.6,14400,0.2,80,72.5,13.29,0.49,1.3,0.166,9.04
2.0,1.5,2.5,4.5,0.6,,0.4,80,72.5,13.29,0.49,1.3,0.166,9.04
2.0,1.5,2.5,4.5,0.8,7200,0.2,74,71.6,12.25,0.51,1.29,0.166,9.44
2.0,1.5,2.5,4.5,0.8,14400,0.2,73,71.2,12.1,0.52,1.29,0.166,9.44
2.0,1.5,2.5,4.5,0.8,,0.4,73,71.2,12.1,0.52,1.29,0.166,9.44
3.0,1.5,2.5,3.0,0.6,2400,0.2,63,76.2,10.44,0.41,1.31,0.166,8.03
3.0,1.5,2.5,4.5,0.6,2400,0.2,63,76.2,10.44,0.41,1.31,0.166,8.03
2.0,1.5,2.5,3.0,0.4,2400,0.2,86,67.4,13.96,0.66,1.36,0.162,8.72
2.0,1.5,2.5,4.5,0.4,2400,0.2,86,67.4,13.96,0.66,1.36,0.162,8.72
5.0,1.0,2.5,3.0,0.4,1200,0.2,62,74.2,10.04,0.52,1.49,0.162,8.12
5.0,1.0,2.5,3.0,0.6,1200,0.2,62,74.2,10.04,0.52,1.49,0.162,8.12
5.0,1.0,2.5,3.0,0.8,1200,0.2,62,74.2,10.04,0.52,1.49,0.162,8.12
5.0,1.0,2.5,4.5,0.4,1200,0.2,62,74.2,10.04,0.52,1.49,0.162,8.12
5.0,1.0,2.5,4.5,0.6,1200,0.2,62,74.2,10.04,0.52,1.49,0.162,8.12
5.0,1.0,2.5,4.5,0.8,1200,0.2,62,74.2,10.04,0.52,1.49,0.162,8.12
2.0,1.5,2.5,3.0,0.8,3600,0.2,82,72.0,13.0,0.52,1.32,0.159,9.44
2.0,1.5,2.5,4.5,0.8,3600,0.2,82,72.0,13.0,0.52,1.32,0.159,9.44
3.0,1.0,2.5,3.0,0.4,14400,0.2,59,81.4,9.36,0.29,1.28,0.159,10.5
3.0,1.0,2.5,3.0,0.6,14400,0.2,59,81.4,9.36,0.29,1.28,0.159,10.5
3.0,1.0,2.5,3.0,0.8,14400,0.2,59,81.4,9.36,0.29,1.28,0.159,10.5
3.0,1.0,2.5,4.5,0.4,14400,0.2,59,81.4,9.36,0.29,1.28,0.159,10.5
3.0,1.0,2.5,4.5,0.6,14400,0.2,59,81.4,9.36,0.29,1.28,0.159,10.5
3.0,1.0,2.5,4.5,0.8,14400,0.2,59,81.4,9.36,0.29,1.28,0.159,10.5
4.0,1.0,1.5,3.0,0.4,1200,0.2,67,71.6,10.66,0.6,1.51,0.159,7.97
4.0,1.0,1.5,3.0,0.6,1200,0.2,67,71.6,10.66,0.6,1.51,0.159,7.97
4.0,1.0,1.5,3.0,0.8,1200,0.2,67,71.6,10.66,0.6,1.51,0.159,7.97
4.0,1.0,1.5,4.5,0.4,1200,0.2,67,71.6,10.66,0.6,1.51,0.159,7.97
4.0,1.0,1.5,4.5,0.6,1200,0.2,67,71.6,10.66,0.6,1.51,0.159,7.97
4.0,1.0,1.5,4.5,0.8,1200,0.2,67,71.6,10.66,0.6,1.51,0.159,7.97
4.0,0.7,2.5,3.0,0.4,2400,0.2,75,85.3,11.88,0.26,1.49,0.158,8.01
4.0,0.7,2.5,3.0,0.6,2400,0.2,75,85.3,11.88,0.26,1.49,0.158,8.01
4.0,0.7,2.5,3.0,0.8,2400,0.2,75,85.3,11.88,0.26,1.49,0.158,8.01
4.0,0.7,2.5,4.5,0.4,2400,0.2,75,85.3,11.88,0.26,1.49,0.158,8.01
4.0,0.7,2.5,4.5,0.6,2400,0.2,75,85.3,11.88,0.26,1.49,0.158,8.01
4.0,0.7,2.5,4.5,0.8,2400,0.2,75,85.3,11.88,0.26,1.49,0.158,8.01
3.0,1.5,2.5,3.0,0.4,3600,0.4,98,74.5,15.34,0.51,1.48,0.157,6.45
3.0,1.5,2.5,4.5,0.4,3600,0.4,98,74.5,15.34,0.51,1.48,0.157,6.45
4.0,0.7,1.5,3.0,0.4,14400,0.2,67,89.6,10.52,0.16,1.38,0.157,7.37
4.0,0.7,1.5,3.0,0.4,,0.4,67,89.6,10.52,0.16,1.38,0.157,7.37
4.0,0.7,1.5,3.0,0.6,14400,0.2,67,89.6,10.52,0.16,1.38,0.157,7.37
4.0,0.7,1.5,3.0,0.6,,0.4,67,89.6,10.52,0.16,1.38,0.157,7.37
4.0,0.7,1.5,3.0,0.8,14400,0.2,67,89.6,10.52,0.16,1.38,0.157,7.37
4.0,0.7,1.5,3.0,0.8,,0.4,67,89.6,10.52,0.16,1.38,0.157,7.37
4.0,0.7,1.5,4.5,0.4,14400,0.2,67,89.6,10.52,0.16,1.38,0.157,7.37
4.0,0.7,1.5,4.5,0.4,,0.4,67,89.6,10.52,0.16,1.38,0.157,7.37
4.0,0.7,1.5,4.5,0.6,14400,0.2,67,89.6,10.52,0.16,1.38,0.157,7.37
4.0,0.7,1.5,4.5,0.6,,0.4,67,89.6,10.52,0.16,1.38,0.157,7.37
4.0,0.7,1.5,4.5,0.8,14400,0.2,67,89.6,10.52,0.16,1.38,0.157,7.37
4.0,0.7,1.5,4.5,0.8,,0.4,67,89.6,10.52,0.16,1.38,0.157,7.37
2.0,1.5,2.5,3.0,0.4,2400,0.4,150,66.0,23.35,0.9,1.74,0.156,4.0
2.0,1.5,2.5,4.5,0.4,2400,0.4,150,66.0,23.35,0.9,1.74,0.156,4.0
3.0,1.0,1.5,3.0,0.4,7200,0.4,86,77.9,13.31,0.4,1.39,0.155,9.95
3.0,1.0,1.5,3.0,0.6,7200,0.4,86,77.9,13.31,0.4,1.39,0.155,9.95
3.0,1.0,1.5,3.0,0.8,7200,0.4,86,77.9,13.31,0.4,1.39,0.155,9.95
3.0,1.0,1.5,4.5,0.4,7200,0.4,86,77.9,13.31,0.4,1.39,0.155,9.95
3.0,1.0,1.5,4.5,0.6,7200,0.4,86,77.9,13.31,0.4,1.39,0.155,9.95
3.0,1.0,1.5,4.5,0.8,7200,0.4,86,77.9,13.31,0.4,1.39,0.155,9.95
5.0,1.0,2.5,3.0,0.4,3600,0.4,74,79.7,11.48,0.39,1.54,0.155,7.39
5.0,1.0,2.5,3.0,0.6,3600,0.4,74,79.7,11.48,0.39,1.54,0.155,7.39
5.0,1.0,2.5,3.0,0.8,3600,0.4,74,79.7,11.48,0.39,1.54,0.155,7.39
5.0,1.0,2.5,4.5,0.4,3600,0.4,74,79.7,11.48,0.39,1.54,0.155,7.39
5.0,1.0,2.5,4.5,0.6,3600,0.4,74,79.7,11.48,0.39,1.54,0.155,7.39
5.0,1.0,2.5,4.5,0.8,3600,0.4,74,79.7,11.48,0.39,1.54,0.155,7.39
3.0,1.5,2.5,3.0,0.8,7200,0.2,51,76.5,7.85,0.37,1.22,0.154,9.3
3.0,1.5,2.5,3.0,0.8,14400,0.2,50,76.0,7.7,0.38,1.21,0.154,9.3
3.0,1.5,2.5,3.0,0.8,,0.4,50,76.0,7.7,0.38,1.21,0.154,9.3
3.0,1.5,2.5,4.5,0.8,7200,0.2,51,76.5,7.85,0.37,1.22,0.154,9.3
3.0,1.5,2.5,4.5,0.8,14400,0.2,50,76.0,7.7,0.38,1.21,0.154,9.3
3.0,1.5,2.5,4.5,0.8,,0.4,50,76.0,7.7,0.38,1.21,0.154,9.3
4.0,0.7,1.5,3.0,0.4,7200,0.2,69,88.4,10.63,0.18,1.38,0.154,7.37
4.0,0.7,1.5,3.0,0.6,7200,0.2,69,88.4,10.63,0.18,1.38,0.154,7.37
4.0,0.7,1.5,3.0,0.8,7200,0.2,69,88.4,10.63,0.18,1.38,0.154,7.37
4.0,0.7,1.5,4.5,0.4,7200,0.2,69,88.4,10.63,0.18,1.38,0.154,7.37
4.0,0.7,1.5,4.5,0.6,7200,0.2,69,88.4,10.63,0.18,1.38,0.154,7.37
4.0,0.7,1.5,4.5,0.8,7200,0.2,69,88.4,10.63,0.18,1.38,0.154,7.37
4.0,1.0,2.5,3.0,0.4,1200,0.2,67,71.6,10.21,0.59,1.49,0.152,7.97
4.0,1.0,2.5,3.0,0.6,1200,0.2,67,71.6,10.21,0.59,1.49,0.152,7.97
4.0,1.0,2.5,3.0,0.8,1200,0.2,67,71.6,10.21,0.59,1.49,0.152,7.97
4.0,1.0,2.5,4.5,0.4,1200,0.2,67,71.6,10.21,0.59,1.49,0.152,7.97
4.0,1.0,2.5,4.5,0.6,1200,0.2,67,71.6,10.21,0.59,1.49,0.152,7.97
4.0,1.0,2.5,4.5,0.8,1200,0.2,67,71.6,10.21,0.59,1.49,0.152,7.97
2.0,1.5,2.5,3.0,0.8,3600,0.4,136,69.9,20.43,0.7,1.62,0.15,5.3
2.0,1.5,2.5,4.5,0.8,3600,0.4,136,69.9,20.43,0.7,1.62,0.15,5.3
3.0,1.5,2.5,3.0,0.6,3600,0.4,98,74.5,14.67,0.5,1.45,0.15,7.08
3.0,1.5,2.5,4.5,0.6,3600,0.4,98,74.5,14.67,0.5,1.45,0.15,7.08
5.0,0.7,1.5,3.0,0.4,14400,0.2,57,91.2,8.48,0.13,1.34,0.149,6.22
5.0,0.7,1.5,3.0,0.4,,0.4,57,91.2,8.48,0.13,1.34,0.149,6.22
5.0,0.7,1.5,3.0,0.6,14400,0.2,57,91.2,8.48,0.13,1.34,0.149,6.22
5.0,0.7,1.5,3.0,0.6,,0.4,57,91.2,8.48,0.13,1.34,0.149,6.22
5.0,0.7,1.5,3.0,0.8,14400,0.2,57,91.2,8.48,0.13,1.34,0.149,6.22
5.0,0.7,1.5,3.0,0.8,,0.4,57,91.2,8.48,0.13,1.34,0.149,6.22
5.0,0.7,1.5,4.5,0.4,14400,0.2,57,91.2,8.48,0.13,1.34,0.149,6.22
5.0,0.7,1.5,4.5,0.4,,0.4,57,91.2,8.48,0.13,1.34,0.149,6.22
5.0,0.7,1.5,4.5,0.6,14400,0.2,57,91.2,8.48,0.13,1.34,0.149,6.22
5.0,0.7,1.5,4.5,0.6,,0.4,57,91.2,8.48,0.13,1.34,0.149,6.22
5.0,0.7,1.5,4.5,0.8,14400,0.2,57,91.2,8.48,0.13,1.34,0.149,6.22
5.0,0.7,1.5,4.5,0.8,,0.4,57,91.2,8.48,0.13,1.34,0.149,6.22
2.0,1.5,2.5,3.0,0.4,3600,0.2,83,67.5,12.31,0.63,1.3,0.148,8.72
2.0,1.5,2.5,4.5,0.4,3600,0.2,83,67.5,12.31,0.63,1.3,0.148,8.72
5.0,0.7,1.5,3.0,0.4,7200,0.2,58,91.4,8.61,0.13,1.34,0.148,6.22
5.0,0.7,1.5,3.0,0.6,7200,0.2,58,91.4,8.61,0.13,1.34,0.148,6.22
5.0,0.7,1.5,3.0,0.8,7200,0.2,58,91.4,8.61,0.13,1.34,0.148,6.22
5.0,0.7,1.5,4.5,0.4,7200,0.2,58,91.4,8.61,0.13,1.34,0.148,6.22
5.0,0.7,1.5,4.5,0.6,7200,0.2,58,91.4,8.61,0.13,1.34,0.148,6.22
5.0,0.7,1.5,4.5,0.8,7200,0.2,58,91.4,8.61,0.13,1.34,0.148,6.22
2.0,1.5,2.5,3.0,0.6,2400,0.4,148,66.2,21.74,0.86,1.69,0.147,4.0
2.0,1.5,2.5,4.5,0.6,2400,0.4,148,66.2,21.74,0.86,1.69,0.147,4.0
3.0,1.5,2.5,3.0,0.4,2400,0.4,111,70.3,16.22,0.66,1.55,0.146,6.09
3.0,1.5,2.5,4.5,0.4,2400,0.4,111,70.3,16.22,0.66,1.55,0.146,6.09
4.0,0.7,2.5,3.0,0.4,14400,0.2,67,89.6,9.8,0.16,1.35,0.146,7.37
4.0,0.7,2.5,3.0,0.4,,0.4,67,89.6,9.8,0.16,1.35,0.146,7.37
4.0,0.7,2.5,3.0,0.6,14400,0.2,67,89.6,9.8,0.16,1.35,0.146,7.37
4.0,0.7,2.5,3.0,0.6,,0.4,67,89.6,9.8,0.16,1.35,0.146,7.37
4.0,0.7,2.5,3.0,0.8,14400,0.2,67,89.6,9.8,0.16,1.35,0.146,7.37
4.0,0.7,2.5,3.0,0.8,,0.4,67,89.6,9.8,0.16,1.35,0.146,7.37
4.0,0.7,2.5,4.5,0.4,14400,0.2,67,89.6,9.8,0.16,1.35,0.146,7.37
4.0,0.7,2.5,4.5,0.4,,0.4,67,89.6,9.8,0.16,1.35,0.146,7.37
4.0,0.7,2.5,4.5,0.6,14400,0.2,67,89.6,9.8,0.16,1.35,0.146,7.37
4.0,0.7,2.5,4.5,0.6,,0.4,67,89.6,9.8,0.16,1.35,0.146,7.37
4.0,0.7,2.5,4.5,0.8,14400,0.2,67,89.6,9.8,0.16,1.35,0.146,7.37
4.0,0.7,2.5,4.5,0.8,,0.4,67,89.6,9.8,0.16,1.35,0.146,7.37
3.0,1.0,2.5,3.0,0.4,7200,0.4,86,77.9,12.41,0.39,1.37,0.144,9.95
3.0,1.0,2.5,3.0,0.6,7200,0.4,86,77.9,12.41,0.39,1.37,0.144,9.95
3.0,1.0,2.5,3.0,0.8,7200,0.4,86,77.9,12.41,0.39,1.37,0.144,9.95
3.0,1.0,2.5,4.5,0.4,7200,0.4,86,77.9,12.41,0.39,1.37,0.144,9.95
3.0,1.0,2.5,4.5,0.6,7200,0.4,86,77.9,12.41,0.39,1.37,0.144,9.95
3.0,1.0,2.5,4.5,0.8,7200,0.4,86,77.9,12.41,0.39,1.37,0.144,9.95
4.0,0.7,1.5,3.0,0.4,14400,0.4,78,83.3,11.22,0.28,1.39,0.144,7.37
4.0,0.7,1.5,3.0,0.6,14400,0.4,78,83.3,11.22,0.28,1.39,0.144,7.37
4.0,0.7,1.5,3.0,0.8,14400,0.4,78,83.3,11.22,0.28,1.39,0.144,7.37
4.0,0.7,1.5,4.5,0.4,14400,0.4,78,83.3,11.22,0.28,1.39,0.144,7.37
4.0,0.7,1.5,4.5,0.6,14400,0.4,78,83.3,11.22,0.28,1.39,0.144,7.37
4.0,0.7,1.5,4.5,0.8,14400,0.4,78,83.3,11.22,0.28,1.39,0.144,7.37
4.0,0.7,2.5,3.0,0.4,7200,0.2,69,88.4,9.91,0.18,1.35,0.144,7.37
4.0,0.7,2.5,3.0,0.6,7200,0.2,69,88.4,9.91,0.18,1.35,0.144,7.37
4.0,0.7,2.5,3.0,0.8,7200,0.2,69,88.4,9.91,0.18,1.35,0.144,7.37
4.0,0.7,2.5,4.5,0.4,7200,0.2,69,88.4,9.91,0.18,1.35,0.144,7.37
4.0,0.7,2.5,4.5,0.6,7200,0.2,69,88.4,9.91,0.18,1.35,0.144,7.37
4.0,0.7,2.5,4.5,0.8,7200,0.2,69,88.4,9.91,0.18,1.35,0.144,7.37
3.0,0.7,1.5,3.0,0.4,14400,0.2,88,86.4,12.6,0.21,1.35,0.143,8.7
3.0,0.7,1.5,3.0,0.4,,0.4,88,86.4,12.6,0.21,1.35,0.143,8.7
3.0,0.7,1.5,3.0,0.6,14400,0.2,88,86.4,12.6,0.21,1.35,0.143,8.7
3.0,0.7,1.5,3.0,0.6,,0.4,88,86.4,12.6,0.21,1.35,0.143,8.7
3.0,0.7,1.5,3.0,0.8,14400,0.2,88,86.4,12.6,0.21,1.35,0.143,8.7
3.0,0.7,1.5,3.0,0.8,,0.4,88,86.4,12.6,0.21,1.35,0.143,8.7
3.0,0.7,1.5,4.5,0.4,14400,0.2,88,86.4,12.6,0.21,1.35,0.143,8.7
3.0,0.7,1.5,4.5,0.4,,0.4,88,86.4,12.6,0.21,1.35,0.143,8.7
3.0,0.7,1.5,4.5,0.6,14400,0.2,88,86.4,12.6,0.21,1.35,0.143,8.7
3.0,0.7,1.5,4.5,0.6,,0.4,88,86.4,12.6,0.21,1.35,0.143,8.7
3.0,0.7,1.5,4.5,0.8,14400,0.2,88,86.4,12.6,0.21,1.35,0.143,8.7
3.0,0.7,1.5,4.5,0.8,,0.4,88,86.4,12.6,0.21,1.35,0.143,8.7
5.0,0.7,1.5,3.0,0.4,7200,0.4,79,82.3,11.23,0.33,1.53,0.142,7.46
5.0,0.7,1.5,3.0,0.6,7200,0.4,79,82.3,11.23,0.33,1.53,0.142,7.46
5.0,0.7,1.5,3.0,0.8,7200,0.4,79,82.3,11.23,0.33,1.53,0.142,7.46
5.0,0.7,1.5,4.5,0.4,7200,0.4,79,82.3,11.23,0.33,1.53,0.142,7.46
5.0,0.7,1.5,4.5,0.6,7200,0.4,79,82.3,11.23,0.33,1.53,0.142,7.46
5.0,0.7,1.5,4.5,0.8,7200,0.4,79,82.3,11.23,0.33,1.53,0.142,7.46
3.0,0.7,1.5,3.0,0.4,7200,0.2,90,85.6,12.71,0.23,1.35,0.141,8.7
3.0,0.7,1.5,3.0,0.6,7200,0.2,90,85.6,12.71,0.23,1.35,0.141,8.7
3.0,0.7,1.5,3.0,0.8,7200,0.2,90,85.6,12.71,0.23,1.35,0.141,8.7
3.0,0.7,1.5,4.5,0.4,7200,0.2,90,85.6,12.71,0.23,1.35,0.141,8.7
3.0,0.7,1.5,4.5,0.6,7200,0.2,90,85.6,12.71,0.23,1.35,0.141,8.7
3.0,0.7,1.5,4.5,0.8,7200,0.2,90,85.6,12.71,0.23,1.35,0.141,8.7
3.0,1.0,1.5,3.0,0.4,3600,0.2,58,74.1,8.15,0.44,1.27,0.141,10.2
3.0,1.0,1.5,3.0,0.6,3600,0.2,58,74.1,8.15,0.44,1.27,0.141,10.2
3.0,1.0,1.5,3.0,0.8,3600,0.2,58,74.1,8.15,0.44,1.27,0.141,10.2
3.0,1.0,1.5,4.5,0.4,3600,0.2,58,74.1,8.15,0.44,1.27,0.141,10.2
3.0,1.0,1.5,4.5,0.6,3600,0.2,58,74.1,8.15,0.44,1.27,0.141,10.2
3.0,1.0,1.5,4.5,0.8,3600,0.2,58,74.1,8.15,0.44,1.27,0.141,10.2
5.0,0.7,2.5,3.0,0.4,7200,0.2,58,91.4,7.89,0.12,1.32,0.136,6.22
5.0,0.7,2.5,3.0,0.4,14400,0.2,57,91.2,7.76,0.13,1.31,0.136,6.22
5.0,0.7,2.5,3.0,0.4,,0.4,57,91.2,7.76,0.13,1.31,0.136,6.22
5.0,0.7,2.5,3.0,0.6,7200,0.2,58,91.4,7.89,0.12,1.32,0.136,6.22
5.0,0.7,2.5,3.0,0.6,14400,0.2,57,91.2,7.76,0.13,1.31,0.136,6.22
5.0,0.7,2.5,3.0,0.6,,0.4,57,91.2,7.76,0.13,1.31,0.136,6.22
5.0,0.7,2.5,3.0,0.8,7200,0.2,58,91.4,7.89,0.12,1.32,0.136,6.22
5.0,0.7,2.5,3.0,0.8,14400,0.2,57,91.2,7.76,0.13,1.31,0.136,6.22
5.0,0.7,2.5,3.0,0.8,,0.4,57,91.2,7.76,0.13,1.31,0.136,6.22
5.0,0.7,2.5,4.5,0.4,7200,0.2,58,91.4,7.89,0.12,1.32,0.136,6.22
5.0,0.7,2.5,4.5,0.4,14400,0.2,57,91.2,7.76,0.13,1.31,0.136,6.22
5.0,0.7,2.5,4.5,0.4,,0.4,57,91.2,7.76,0.13,1.31,0.136,6.22
5.0,0.7,2.5,4.5,0.6,7200,0.2,58,91.4,7.89,0.12,1.32,0.136,6.22
5.0,0.7,2.5,4.5,0.6,14400,0.2,57,91.2,7.76,0.13,1.31,0.136,6.22
5.0,0.7,2.5,4.5,0.6,,0.4,57,91.2,7.76,0.13,1.31,0.136,6.22
5.0,0.7,2.5,4.5,0.8,7200,0.2,58,91.4,7.89,0.12,1.32,0.136,6.22
5.0,0.7,2.5,4.5,0.8,14400,0.2,57,91.2,7.76,0.13,1.31,0.136,6.22
5.0,0.7,2.5,4.5,0.8,,0.4,57,91.2,7.76,0.13,1.31,0.136,6.22
3.0,0.7,2.5,3.0,0.4,14400,0.2,88,86.4,11.88,0.21,1.33,0.135,8.7
3.0,0.7,2.5,3.0,0.4,,0.4,88,86.4,11.88,0.21,1.33,0.135,8.7
3.0,0.7,2.5,3.0,0.6,14400,0.2,88,86.4,11.88,0.21,1.33,0.135,8.7
3.0,0.7,2.5,3.0,0.6,,0.4,88,86.4,11.88,0.21,1.33,0.135,8.7
3.0,0.7,2.5,3.0,0.8,14400,0.2,88,86.4,11.88,0.21,1.33,0.135,8.7
3.0,0.7,2.5,3.0,0.8,,0.4,88,86.4,11.88,0.21,1.33,0.135,8.7
3.0,0.7,2.5,4.5,0.4,14400,0.2,88,86.4,11.88,0.21,1.33,0.135,8.7
3.0,0.7,2.5,4.5,0.4,,0.4,88,86.4,11.88,0.21,1.33,0.135,8.7
3.0,0.7,2.5,4.5,0.6,14400,0.2,88,86.4,11.88,0.21,1.33,0.135,8.7
3.0,0.7,2.5,4.5,0.6,,0.4,88,86.4,11.88,0.21,1.33,0.135,8.7
3.0,0.7,2.5,4.5,0.8,14400,0.2,88,86.4,11.88,0.21,1.33,0.135,8.7
3.0,0.7,2.5,4.5,0.8,,0.4,88,86.4,11.88,0.21,1.33,0.135,8.7
3.0,1.5,2.5,3.0,0.4,3600,0.2,54,75.9,7.3,0.38,1.2,0.135,8.07
3.0,1.5,2.5,4.5,0.4,3600,0.2,54,75.9,7.3,0.38,1.2,0.135,8.07
4.0,0.7,2.5,3.0,0.4,14400,0.4,78,83.3,10.5,0.27,1.37,0.135,7.37
4.0,0.7,2.5,3.0,0.6,14400,0.4,78,83.3,10.5,0.27,1.37,0.135,7.37
4.0,0.7,2.5,3.0,0.8,14400,0.4,78,83.3,10.5,0.27,1.37,0.135,7.37
4.0,0.7,2.5,4.5,0.4,14400,0.4,78,83.3,10.5,0.27,1.37,0.135,7.37
4.0,0.7,2.5,4.5,0.6,14400,0.4,78,83.3,10.5,0.27,1.37,0.135,7.37
4.0,0.7,2.5,4.5,0.8,14400,0.4,78,83.3,10.5,0.27,1.37,0.135,7.37
2.0,1.0,1.5,3.0,0.4,3600,0.4,141,68.1,18.7,0.73,1.56,0.133,6.2
2.0,1.0,1.5,3.0,0.6,3600,0.4,141,68.1,18.7,0.73,1.56,0.133,6.2
2.0,1.0,1.5,3.0,0.8,3600,0.4,141,68.1,18.7,0.73,1.56,0.133,6.2
2.0,1.0,1.5,4.5,0.4,3600,0.4,141,68.1,18.7,0.73,1.56,0.133,6.2
2.0,1.0,1.5,4.5,0.6,3600,0.4,141,68.1,18.7,0.73,1.56,0.133,6.2
2.0,1.0,1.5,4.5,0.8,3600,0.4,141,68.1,18.7,0.73,1.56,0.133,6.2
3.0,0.7,2.5,3.0,0.4,7200,0.2,90,85.6,11.99,0.23,1.33,0.133,8.7
3.0,0.7,2.5,3.0,0.6,7200,0.2,90,85.6,11.99,0.23,1.33,0.133,8.7
3.0,0.7,2.5,3.0,0.8,7200,0.2,90,85.6,11.99,0.23,1.33,0.133,8.7
3.0,0.7,2.5,4.5,0.4,7200,0.2,90,85.6,11.99,0.23,1.33,0.133,8.7
3.0,0.7,2.5,4.5,0.6,7200,0.2,90,85.6,11.99,0.23,1.33,0.133,8.7
3.0,0.7,2.5,4.5,0.8,7200,0.2,90,85.6,11.99,0.23,1.33,0.133,8.7
5.0,0.7,2.5,3.0,0.4,7200,0.4,79,82.3,10.51,0.32,1.5,0.133,7.46
5.0,0.7,2.5,3.0,0.6,7200,0.4,79,82.3,10.51,0.32,1.5,0.133,7.46
5.0,0.7,2.5,3.0,0.8,7200,0.4,79,82.3,10.51,0.32,1.5,0.133,7.46
5.0,0.7,2.5,4.5,0.4,7200,0.4,79,82.3,10.51,0.32,1.5,0.133,7.46
5.0,0.7,2.5,4.5,0.6,7200,0.4,79,82.3,10.51,0.32,1.5,0.133,7.46
5.0,0.7,2.5,4.5,0.8,7200,0.4,79,82.3,10.51,0.32,1.5,0.133,7.46
2.0,1.5,2.5,3.0,0.8,2400,0.4,156,65.4,20.66,0.87,1.65,0.132,4.0
2.0,1.5,2.5,4.5,0.8,2400,0.4,156,65.4,20.66,0.87,1.65,0.132,4.0
2.0,1.5,2.5,3.0,0.6,2400,0.2,90,68.9,11.73,0.59,1.3,0.13,9.04
2.0,1.5,2.5,4.5,0.6,2400,0.2,90,68.9,11.73,0.59,1.3,0.13,9.04
3.0,0.7,1.5,3.0,0.4,14400,0.4,100,82.0,12.95,0.3,1.35,0.13,9.35
3.0,0.7,1.5,3.0,0.6,14400,0.4,100,82.0,12.95,0.3,1.35,0.13,9.35
3.0,0.7,1.5,3.0,0.8,14400,0.4,100,82.0,12.95,0.3,1.35,0.13,9.35
3.0,0.7,1.5,4.5,0.4,14400,0.4,100,82.0,12.95,0.3,1.35,0.13,9.35
3.0,0.7,1.5,4.5,0.6,14400,0.4,100,82.0,12.95,0.3,1.35,0.13,9.35
3.0,0.7,1.5,4.5,0.8,14400,0.4,100,82.0,12.95,0.3,1.35,0.13,9.35
2.0,0.7,1.5,3.0,0.4,3600,0.4,168,74.4,21.65,0.61,1.77,0.129,5.84
2.0,0.7,1.5,3.0,0.6,3600,0.4,168,74.4,21.65,0.61,1.77,0.129,5.84
2.0,0.7,1.5,3.0,0.8,3600,0.4,168,74.4,21.65,0.61,1.77,0.129,5.84
2.0,0.7,1.5,4.5,0.4,3600,0.4,168,74.4,21.65,0.61,1.77,0.129,5.84
2.0,0.7,1.5,4.5,0.6,3600,0.4,168,74.4,21.65,0.61,1.77,0.129,5.84
2.0,0.7,1.5,4.5,0.8,3600,0.4,168,74.4,21.65,0.61,1.77,0.129,5.84
2.0,0.7,2.5,3.0,0.4,3600,0.4,168,74.4,21.65,0.61,1.77,0.129,5.84
2.0,0.7,2.5,3.0,0.6,3600,0.4,168,74.4,21.65,0.61,1.77,0.129,5.84
2.0,0.7,2.5,3.0,0.8,3600,0.4,168,74.4,21.65,0.61,1.77,0.129,5.84
2.0,0.7,2.5,4.5,0.4,3600,0.4,168,74.4,21.65,0.61,1.77,0.129,5.84
2.0,0.7,2.5,4.5,0.6,3600,0.4,168,74.4,21.65,0.61,1.77,0.129,5.84
2.0,0.7,2.5,4.5,0.8,3600,0.4,168,74.4,21.65,0.61,1.77,0.129,5.84
2.0,1.0,2.5,3.0,0.4,3600,0.4,141,68.1,18.25,0.73,1.55,0.129,6.2
2.0,1.0,2.5,3.0,0.6,3600,0.4,141,68.1,18.25,0.73,1.55,0.129,6.2
2.0,1.0,2.5,3.0,0.8,3600,0.4,141,68.1,18.25,0.73,1.55,0.129,6.2
2.0,1.0,2.5,4.5,0.4,3600,0.4,141,68.1,18.25,0.73,1.55,0.129,6.2
2.0,1.0,2.5,4.5,0.6,3600,0.4,141,68.1,18.25,0.73,1.55,0.129,6.2
2.0,1.0,2.5,4.5,0.8,3600,0.4,141,68.1,18.25,0.73,1.55,0.129,6.2
3.0,1.0,1.5,3.0,0.4,2400,0.2,61,77.0,7.83,0.37,1.26,0.128,10.2
3.0,1.0,1.5,3.0,0.6,2400,0.2,61,77.0,7.83,0.37,1.26,0.128,10.2
3.0,1.0,1.5,3.0,0.8,2400,0.2,61,77.0,7.83,0.37,1.26,0.128,10.2
3.0,1.0,1.5,4.5,0.4,2400,0.2,61,77.0,7.83,0.37,1.26,0.128,10.2
3.0,1.0,1.5,4.5,0.6,2400,0.2,61,77.0,7.83,0.37,1.26,0.128,10.2
3.0,1.0,1.5,4.5,0.8,2400,0.2,61,77.0,7.83,0.37,1.26,0.128,10.2
3.0,0.7,1.5,3.0,0.4,3600,0.2,88,83.0,11.18,0.27,1.34,0.127,9.22
3.0,0.7,1.5,3.0,0.6,3600,0.2,88,83.0,11.18,0.27,1.34,0.127,9.22
3.0,0.7,1.5,3.0,0.8,3600,0.2,88,83.0,11.18,0.27,1.34,0.127,9.22
3.0,0.7,1.5,4.5,0.4,3600,0.2,88,83.0,11.18,0.27,1.34,0.127,9.22
3.0,0.7,1.5,4.5,0.6,3600,0.2,88,83.0,11.18,0.27,1.34,0.127,9.22
3.0,0.7,1.5,4.5,0.8,3600,0.2,88,83.0,11.18,0.27,1.34,0.127,9.22
3.0,1.5,2.5,3.0,0.4,7200,0.2,57,77.2,7.24,0.35,1.19,0.127,8.17
3.0,1.5,2.5,3.0,0.6,2400,0.4,112,69.6,14.19,0.64,1.48,0.127,6.73
3.0,1.5,2.5,4.5,0.4,7200,0.2,57,77.2,7.24,0.35,1.19,0.127,8.17
3.0,1.5,2.5,4.5,0.6,2400,0.4,112,69.6,14.19,0.64,1.48,0.127,6.73
4.0,1.5,2.5,3.0,0.4,7200,0.4,59,79.7,7.49,0.31,1.23,0.127,11.95
4.0,1.5,2.5,4.5,0.4,7200,0.4,59,79.7,7.49,0.31,1.23,0.127,11.95
5.0,1.0,1.5,3.0,0.4,2400,0.4,85,74.1,10.72,0.52,1.5,0.126,7.62
5.0,1.0,1.5,3.0,0.6,2400,0.4,85,74.1,10.72,0.52,1.5,0.126,7.62
5.0,1.0,1.5,3.0,0.8,2400,0.4,85,74.1,10.72,0.52,1.5,0.126,7.62
5.0,1.0,1.5,4.5,0.4,2400,0.4,85,74.1,10.72,0.52,1.5,0.126,7.62
5.0,1.0,1.5,4.5,0.6,2400,0.4,85,74.1,10.72,0.52,1.5,0.126,7.62
5.0,1.0,1.5,4.5,0.8,2400,0.4,85,74.1,10.72,0.52,1.5,0.126,7.62
3.0,1.5,2.5,3.0,0.4,14400,0.2,56,76.8,6.99,0.36,1.18,0.125,8.17
3.0,1.5,2.5,3.0,0.4,,0.4,56,76.8,6.99,0.36,1.18,0.125,8.17
3.0,1.5,2.5,4.5,0.4,14400,0.2,56,76.8,6.99,0.36,1.18,0.125,8.17
3.0,1.5,2.5,4.5,0.4,,0.4,56,76.8,6.99,0.36,1.18,0.125,8.17
2.0,0.7,1.5,3.0,0.4,2400,0.2,115,74.8,14.08,0.47,1.4,0.122,4.74
2.0,0.7,1.5,3.0,0.6,2400,0.2,115,74.8,14.08,0.47,1.4,0.122,4.74
2.0,0.7,1.5,3.0,0.8,2400,0.2,115,74.8,14.08,0.47,1.4,0.122,4.74
2.0,0.7,1.5,4.5,0.4,2400,0.2,115,74.8,14.08,0.47,1.4,0.122,4.74
2.0,0.7,1.5,4.5,0.6,2400,0.2,115,74.8,14.08,0.47,1.4,0.122,4.74
2.0,0.7,1.5,4.5,0.8,2400,0.2,115,74.8,14.08,0.47,1.4,0.122,4.74
2.0,0.7,2.5,3.0,0.4,2400,0.2,115,74.8,14.08,0.47,1.4,0.122,4.74
2.0,0.7,2.5,3.0,0.6,2400,0.2,115,74.8,14.08,0.47,1.4,0.122,4.74
2.0,0.7,2.5,3.0,0.8,2400,0.2,115,74.8,14.08,0.47,1.4,0.122,4.74
2.0,0.7,2.5,4.5,0.4,2400,0.2,115,74.8,14.08,0.47,1.4,0.122,4.74
2.0,0.7,2.5,4.5,0.6,2400,0.2,115,74.8,14.08,0.47,1.4,0.122,4.74
2.0,0.7,2.5,4.5,0.8,2400,0.2,115,74.8,14.08,0.47,1.4,0.122,4.74
3.0,0.7,2.5,3.0,0.4,14400,0.4,100,82.0,12.23,0.29,1.33,0.122,9.35
3.0,0.7,2.5,3.0,0.6,14400,0.4,100,82.0,12.23,0.29,1.33,0.122,9.35
3.0,0.7,2.5,3.0,0.8,14400,0.4,100,82.0,12.23,0.29,1.33,0.122,9.35
3.0,0.7,2.5,4.5,0.4,14400,0.4,100,82.0,12.23,0.29,1.33,0.122,9.35
3.0,0.7,2.5,4.5,0.6,14400,0.4,100,82.0,12.23,0.29,1.33,0.122,9.35
3.0,0.7,2.5,4.5,0.8,14400,0.4,100,82.0,12.23,0.29,1.33,0.122,9.35
3.0,1.5,2.5,3.0,0.8,2400,0.4,118,68.6,14.38,0.68,1.48,0.122,6.02
3.0,1.5,2.5,4.5,0.8,2400,0.4,118,68.6,14.38,0.68,1.48,0.122,6.02
5.0,1.0,2.5,3.0,0.4,2400,0.4,85,74.1,10.27,0.52,1.48,0.121,7.62
5.0,1.0,2.5,3.0,0.6,2400,0.4,85,74.1,10.27,0.52,1.48,0.121,7.62
5.0,1.0,2.5,3.0,0.8,2400,0.4,85,74.1,10.27,0.52,1.48,0.121,7.62
5.0,1.0,2.5,4.5,0.4,2400,0.4,85,74.1,10.27,0.52,1.48,0.121,7.62
5.0,1.0,2.5,4.5,0.6,2400,0.4,85,74.1,10.27,0.52,1.48,0.121,7.62
5.0,1.0,2.5,4.5,0.8,2400,0.4,85,74.1,10.27,0.52,1.48,0.121,7.62
4.0,1.5,2.5,3.0,0.4,2400,0.4,105,70.5,12.59,0.62,1.48,0.12,8.01
4.0,1.5,2.5,4.5,0.4,2400,0.4,105,70.5,12.59,0.62,1.48,0.12,8.01
2.0,1.0,1.5,3.0,0.4,2400,0.4,162,66.0,19.3,0.83,1.61,0.119,4.26
2.0,1.0,1.5,3.0,0.6,2400,0.4,162,66.0,19.3,0.83,1.61,0.119,4.26
2.0,1.0,1.5,3.0,0.8,2400,0.4,162,66.0,19.3,0.83,1.61,0.119,4.26
2.0,1.0,1.5,4.5,0.4,2400,0.4,162,66.0,19.3,0.83,1.61,0.119,4.26
2.0,1.0,1.5,4.5,0.6,2400,0.4,162,66.0,19.3,0.83,1.61,0.119,4.26
2.0,1.0,1.5,4.5,0.8,2400,0.4,162,66.0,19.3,0.83,1.61,0.119,4.26
2.0,1.0,2.5,3.0,0.4,2400,0.4,162,66.0,19.3,0.83,1.61,0.119,4.26
2.0,1.0,2.5,3.0,0.6,2400,0.4,162,66.0,19.3,0.83,1.61,0.119,4.26
2.0,1.0,2.5,3.0,0.8,2400,0.4,162,66.0,19.3,0.83,1.61,0.119,4.26
2.0,1.0,2.5,4.5,0.4,2400,0.4,162,66.0,19.3,0.83,1.61,0.119,4.26
2.0,1.0,2.5,4.5,0.6,2400,0.4,162,66.0,19.3,0.83,1.61,0.119,4.26
2.0,1.0,2.5,4.5,0.8,2400,0.4,162,66.0,19.3,0.83,1.61,0.119,4.26
3.0,0.7,2.5,3.0,0.4,3600,0.2,88,83.0,10.46,0.27,1.31,0.119,9.22
3.0,0.7,2.5,3.0,0.6,3600,0.2,88,83.0,10.46,0.27,1.31,0.119,9.22
3.0,0.7,2.5,3.0,0.8,3600,0.2,88,83.0,10.46,0.27,1.31,0.119,9.22
3.0,0.7,2.5,4.5,0.4,3600,0.2,88,83.0,10.46,0.27,1.31,0.119,9.22
3.0,0.7,2.5,4.5,0.6,3600,0.2,88,83.0,10.46,0.27,1.31,0.119,9.22
3.0,0.7,2.5,4.5,0.8,3600,0.2,88,83.0,10.46,0.27,1.31,0.119,9.22
5.0,0.7,1.5,3.0,0.4,14400,0.4,66,83.3,7.84,0.26,1.31,0.119,6.81
5.0,0.7,1.5,3.0,0.6,14400,0.4,66,83.3,7.84,0.26,1.31,0.119,6.81
5.0,0.7,1.5,3.0,0.8,14400,0.4,66,83.3,7.84,0.26,1.31,0.119,6.81
5.0,0.7,1.5,4.5,0.4,14400,0.4,66,83.3,7.84,0.26,1.31,0.119,6.81
5.0,0.7,1.5,4.5,0.6,14400,0.4,66,83.3,7.84,0.26,1.31,0.119,6.81
5.0,0.7,1.5,4.5,0.8,14400,0.4,66,83.3,7.84,0.26,1.31,0.119,6.81
3.0,1.0,2.5,3.0,0.4,3600,0.2,58,74.1,6.8,0.43,1.22,0.117,10.5
3.0,1.0,2.5,3.0,0.6,3600,0.2,58,74.1,6.8,0.43,1.22,0.117,10.5
3.0,1.0,2.5,3.0,0.8,3600,0.2,58,74.1,6.8,0.43,1.22,0.117,10.5
3.0,1.0,2.5,4.5,0.4,3600,0.2,58,74.1,6.8,0.43,1.22,0.117,10.5
3.0,1.0,2.5,4.5,0.6,3600,0.2,58,74.1,6.8,0.43,1.22,0.117,10.5
3.0,1.0,2.5,4.5,0.8,3600,0.2,58,74.1,6.8,0.43,1.22,0.117,10.5
3.0,1.5,2.5,3.0,0.6,3600,0.2,54,75.9,6.27,0.37,1.17,0.116,8.03
3.0,1.5,2.5,4.5,0.6,3600,0.2,54,75.9,6.27,0.37,1.17,0.116,8.03
5.0,1.5,2.5,3.0,0.8,14400,0.8,83,68.7,9.51,0.62,1.37,0.115,9.31
5.0,1.5,2.5,4.5,0.8,14400,0.8,83,68.7,9.51,0.62,1.37,0.115,9.31
2.0,0.7,1.5,3.0,0.4,3600,0.2,110,77.3,12.33,0.39,1.32,0.112,5.48
2.0,0.7,1.5,3.0,0.6,3600,0.2,110,77.3,12.33,0.39,1.32,0.112,5.48
2.0,0.7,1.5,3.0,0.8,3600,0.2,110,77.3,12.33,0.39,1.32,0.112,5.48
2.0,0.7,1.5,4.5,0.4,3600,0.2,110,77.3,12.33,0.39,1.32,0.112,5.48
2.0,0.7,1.5,4.5,0.6,3600,0.2,110,77.3,12.33,0.39,1.32,0.112,5.48
2.0,0.7,1.5,4.5,0.8,3600,0.2,110,77.3,12.33,0.39,1.32,0.112,5.48
2.0,0.7,2.5,3.0,0.4,3600,0.2,110,77.3,12.33,0.39,1.32,0.112,5.48
2.0,0.7,2.5,3.0,0.6,3600,0.2,110,77.3,12.33,0.39,1.32,0.112,5.48
2.0,0.7,2.5,3.0,0.8,3600,0.2,110,77.3,12.33,0.39,1.32,0.112,5.48
2.0,0.7,2.5,4.5,0.4,3600,0.2,110,77.3,12.33,0.39,1.32,0.112,5.48
2.0,0.7,2.5,4.5,0.6,3600,0.2,110,77.3,12.33,0.39,1.32,0.112,5.48
2.0,0.7,2.5,4.5,0.8,3600,0.2,110,77.3,12.33,0.39,1.32,0.112,5.48
3.0,1.0,1.5,3.0,0.4,2400,0.4,121,69.4,13.59,0.64,1.45,0.112,6.42
3.0,1.0,1.5,3.0,0.4,3600,0.4,108,71.3,12.05,0.55,1.37,0.112,6.65
3.0,1.0,1.5,3.0,0.6,2400,0.4,121,69.4,13.59,0.64,1.45,0.112,6.42
3.0,1.0,1.5,3.0,0.6,3600,0.4,108,71.3,12.05,0.55,1.37,0.112,6.65
3.0,1.0,1.5,3.0,0.8,2400,0.4,121,69.4,13.59,0.64,1.45,0.112,6.42
3.0,1.0,1.5,3.0,0.8,3600,0.4,108,71.3,12.05,0.55,1.37,0.112,6.65
3.0,1.0,1.5,4.5,0.4,2400,0.4,121,69.4,13.59,0.64,1.45,0.112,6.42
3.0,1.0,1.5,4.5,0.4,3600,0.4,108,71.3,12.05,0.55,1.37,0.112,6.65
3.0,1.0,1.5,4.5,0.6,2400,0.4,121,69.4,13.59,0.64,1.45,0.112,6.42
3.0,1.0,1.5,4.5,0.6,3600,0.4,108,71.3,12.05,0.55,1.37,0.112,6.65
3.0,1.0,1.5,4.5,0.8,2400,0.4,121,69.4,13.59,0.64,1.45,0.112,6.42
3.0,1.0,1.5,4.5,0.8,3600,0.4,108,71.3,12.05,0.55,1.37,0.112,6.65
4.0,0.7,1.5,3.0,0.4,1200,0.2,98,78.6,10.95,0.41,1.52,0.112,7.97
4.0,0.7,1.5,3.0,0.6,1200,0.2,98,78.6,10.95,0.41,1.52,0.112,7.97
4.0,0.7,1.5,3.0,0.8,1200,0.2,98,78.6,10.95,0.41,1.52,0.112,7.97
4.0,0.7,1.5,4.5,0.4,1200,0.2,98,78.6,10.95,0.41,1.52,0.112,7.97
4.0,0.7,1.5,4.5,0.6,1200,0.2,98,78.6,10.95,0.41,1.52,0.112,7.97
4.0,0.7,1.5,4.5,0.8,1200,0.2,98,78.6,10.95,0.41,1.52,0.112,7.97
2.0,0.7,1.5,3.0,0.4,2400,0.4,188,69.1,20.9,0.79,1.78,0.111,4.18
2.0,0.7,1.5,3.0,0.6,2400,0.4,188,69.1,20.9,0.79,1.78,0.111,4.18
2.0,0.7,1.5,3.0,0.8,2400,0.4,188,69.1,20.9,0.79,1.78,0.111,4.18
2.0,0.7,1.5,4.5,0.4,2400,0.4,188,69.1,20.9,0.79,1.78,0.111,4.18
2.0,0.7,1.5,4.5,0.6,2400,0.4,188,69.1,20.9,0.79,1.78,0.111,4.18
2.0,0.7,1.5,4.5,0.8,2400,0.4,188,69.1,20.9,0.79,1.78,0.111,4.18
2.0,0.7,2.5,3.0,0.4,2400,0.4,188,69.1,20.9,0.79,1.78,0.111,4.18
2.0,0.7,2.5,3.0,0.6,2400,0.4,188,69.1,20.9,0.79,1.78,0.111,4.18
2.0,0.7,2.5,3.0,0.8,2400,0.4,188,69.1,20.9,0.79,1.78,0.111,4.18
2.0,0.7,2.5,4.5,0.4,2400,0.4,188,69.1,20.9,0.79,1.78,0.111,4.18
2.0,0.7,2.5,4.5,0.6,2400,0.4,188,69.1,20.9,0.79,1.78,0.111,4.18
2.0,0.7,2.5,4.5,0.8,2400,0.4,188,69.1,20.9,0.79,1.78,0.111,4.18
3.0,1.0,2.5,3.0,0.4,2400,0.4,121,69.4,13.14,0.63,1.44,0.109,6.42
3.0,1.0,2.5,3.0,0.6,2400,0.4,121,69.4,13.14,0.63,1.44,0.109,6.42
3.0,1.0,2.5,3.0,0.8,2400,0.4,121,69.4,13.14,0.63,1.44,0.109,6.42
3.0,1.0,2.5,4.5,0.4,2400,0.4,121,69.4,13.14,0.63,1.44,0.109,6.42
3.0,1.0,2.5,4.5,0.6,2400,0.4,121,69.4,13.14,0.63,1.44,0.109,6.42
3.0,1.0,2.5,4.5,0.8,2400,0.4,121,69.4,13.14,0.63,1.44,0.109,6.42
4.0,1.5,2.5,3.0,0.6,2400,0.4,105,70.5,11.45,0.6,1.44,0.109,8.01
4.0,1.5,2.5,3.0,0.8,2400,0.4,112,68.8,12.21,0.66,1.46,0.109,8.01
4.0,1.5,2.5,4.5,0.6,2400,0.4,105,70.5,11.45,0.6,1.44,0.109,8.01
4.0,1.5,2.5,4.5,0.8,2400,0.4,112,68.8,12.21,0.66,1.46,0.109,8.01
3.0,1.5,2.5,3.0,0.8,2400,0.2,59,74.6,6.37,0.41,1.19,0.108,9.3
3.0,1.5,2.5,4.5,0.8,2400,0.2,59,74.6,6.37,0.41,1.19,0.108,9.3
5.0,0.7,2.5,3.0,0.4,14400,0.4,66,83.3,7.12,0.26,1.28,0.108,6.81
5.0,0.7,2.5,3.0,0.6,14400,0.4,66,83.3,7.12,0.26,1.28,0.108,6.81
5.0,0.7,2.5,3.0,0.8,14400,0.4,66,83.3,7.12,0.26,1.28,0.108,6.81
5.0,0.7,2.5,4.5,0.4,14400,0.4,66,83.3,7.12,0.26,1.28,0.108,6.81
5.0,0.7,2.5,4.5,0.6,14400,0.4,66,83.3,7.12,0.26,1.28,0.108,6.81
5.0,0.7,2.5,4.5,0.8,14400,0.4,66,83.3,7.12,0.26,1.28,0.108,6.81
2.0,1.5,2.5,3.0,0.8,1200,0.2,105,63.8,11.26,0.74,1.3,0.107,10.0
2.0,1.5,2.5,4.5,0.8,1200,0.2,105,63.8,11.26,0.74,1.3,0.107,10.0
4.0,0.7,2.5,3.0,0.4,1200,0.2,98,78.6,10.23,0.41,1.49,0.104,7.97
4.0,0.7,2.5,3.0,0.6,1200,0.2,98,78.6,10.23,0.41,1.49,0.104,7.97
4.0,0.7,2.5,3.0,0.8,1200,0.2,98,78.6,10.23,0.41,1.49,0.104,7.97
4.0,0.7,2.5,4.5,0.4,1200,0.2,98,78.6,10.23,0.41,1.49,0.104,7.97
4.0,0.7,2.5,4.5,0.6,1200,0.2,98,78.6,10.23,0.41,1.49,0.104,7.97
4.0,0.7,2.5,4.5,0.8,1200,0.2,98,78.6,10.23,0.41,1.49,0.104,7.97
2.0,1.5,2.5,3.0,0.4,1200,0.2,109,65.1,11.23,0.7,1.3,0.103,8.64
2.0,1.5,2.5,3.0,0.6,3600,0.2,83,68.7,8.58,0.55,1.2,0.103,9.04
2.0,1.5,2.5,4.5,0.4,1200,0.2,109,65.1,11.23,0.7,1.3,0.103,8.64
2.0,1.5,2.5,4.5,0.6,3600,0.2,83,68.7,8.58,0.55,1.2,0.103,9.04
3.0,0.7,1.5,3.0,0.4,2400,0.2,91,81.3,9.35,0.29,1.28,0.103,9.36
3.0,0.7,1.5,3.0,0.6,2400,0.2,91,81.3,9.35,0.29,1.28,0.103,9.36
3.0,0.7,1.5,3.0,0.8,2400,0.2,91,81.3,9.35,0.29,1.28,0.103,9.36
3.0,0.7,1.5,4.5,0.4,2400,0.2,91,81.3,9.35,0.29,1.28,0.103,9.36
3.0,0.7,1.5,4.5,0.6,2400,0.2,91,81.3,9.35,0.29,1.28,0.103,9.36
3.0,0.7,1.5,4.5,0.8,2400,0.2,91,81.3,9.35,0.29,1.28,0.103,9.36
3.0,1.0,2.5,3.0,0.4,3600,0.4,108,71.3,11.15,0.54,1.34,0.103,6.65
3.0,1.0,2.5,3.0,0.6,3600,0.4,108,71.3,11.15,0.54,1.34,0.103,6.65
3.0,1.0,2.5,3.0,0.8,3600,0.4,108,71.3,11.15,0.54,1.34,0.103,6.65
3.0,1.0,2.5,4.5,0.4,3600,0.4,108,71.3,11.15,0.54,1.34,0.103,6.65
3.0,1.0,2.5,4.5,0.6,3600,0.4,108,71.3,11.15,0.54,1.34,0.103,6.65
3.0,1.0,2.5,4.5,0.8,3600,0.4,108,71.3,11.15,0.54,1.34,0.103,6.65
2.0,0.7,1.5,3.0,0.4,14400,0.4,118,76.3,12.07,0.4,1.28,0.102,6.11
2.0,0.7,1.5,3.0,0.6,14400,0.4,118,76.3,12.07,0.4,1.28,0.102,6.11
2.0,0.7,1.5,3.0,0.8,14400,0.4,118,76.3,12.07,0.4,1.28,0.102,6.11
2.0,0.7,1.5,4.5,0.4,14400,0.4,118,76.3,12.07,0.4,1.28,0.102,6.11
2.0,0.7,1.5,4.5,0.6,14400,0.4,118,76.3,12.07,0.4,1.28,0.102,6.11
2.0,0.7,1.5,4.5,0.8,14400,0.4,118,76.3,12.07,0.4,1.28,0.102,6.11
2.0,0.7,2.5,3.0,0.4,14400,0.4,118,76.3,12.07,0.4,1.28,0.102,6.11
2.0,0.7,2.5,3.0,0.6,14400,0.4,118,76.3,12.07,0.4,1.28,0.102,6.11
2.0,0.7,2.5,3.0,0.8,14400,0.4,118,76.3,12.07,0.4,1.28,0.102,6.11
2.0,0.7,2.5,4.5,0.4,14400,0.4,118,76.3,12.07,0.4,1.28,0.102,6.11
2.0,0.7,2.5,4.5,0.6,14400,0.4,118,76.3,12.07,0.4,1.28,0.102,6.11
2.0,0.7,2.5,4.5,0.8,14400,0.4,118,76.3,12.07,0.4,1.28,0.102,6.11
2.0,1.0,1.5,3.0,0.4,14400,0.4,93,67.7,9.49,0.58,1.21,0.102,8.2
2.0,1.0,1.5,3.0,0.6,14400,0.4,93,67.7,9.49,0.58,1.21,0.102,8.2
2.0,1.0,1.5,3.0,0.8,14400,0.4,93,67.7,9.49,0.58,1.21,0.102,8.2
2.0,1.0,1.5,4.5,0.4,14400,0.4,93,67.7,9.49,0.58,1.21,0.102,8.2
2.0,1.0,1.5,4.5,0.6,14400,0.4,93,67.7,9.49,0.58,1.21,0.102,8.2
2.0,1.0,1.5,4.5,0.8,14400,0.4,93,67.7,9.49,0.58,1.21,0.102,8.2
2.0,1.0,1.5,3.0,0.4,7200,0.4,112,68.8,11.13,0.58,1.27,0.099,6.2
2.0,1.0,1.5,3.0,0.6,7200,0.4,112,68.8,11.13,0.58,1.27,0.099,6.2
2.0,1.0,1.5,3.0,0.8,7200,0.4,112,68.8,11.13,0.58,1.27,0.099,6.2
2.0,1.0,1.5,4.5,0.4,7200,0.4,112,68.8,11.13,0.58,1.27,0.099,6.2
2.0,1.0,1.5,4.5,0.6,7200,0.4,112,68.8,11.13,0.58,1.27,0.099,6.2
2.0,1.0,1.5,4.5,0.8,7200,0.4,112,68.8,11.13,0.58,1.27,0.099,6.2
2.0,1.5,2.5,3.0,0.6,1200,0.2,109,65.1,10.8,0.69,1.29,0.099,8.96
2.0,1.5,2.5,4.5,0.6,1200,0.2,109,65.1,10.8,0.69,1.29,0.099,8.96
3.0,1.0,2.5,3.0,0.4,2400,0.2,61,77.0,6.03,0.36,1.2,0.099,10.5
3.0,1.0,2.5,3.0,0.6,2400,0.2,61,77.0,6.03,0.36,1.2,0.099,10.5
3.0,1.0,2.5,3.0,0.8,2400,0.2,61,77.0,6.03,0.36,1.2,0.099,10.5
3.0,1.0,2.5,4.5,0.4,2400,0.2,61,77.0,6.03,0.36,1.2,0.099,10.5
3.0,1.0,2.5,4.5,0.6,2400,0.2,61,77.0,6.03,0.36,1.2,0.099,10.5
3.0,1.0,2.5,4.5,0.8,2400,0.2,61,77.0,6.03,0.36,1.2,0.099,10.5
2.0,0.7,1.5,3.0,0.4,1200,0.2,145,73.1,14.11,0.54,1.48,0.097,4.07
2.0,0.7,1.5,3.0,0.6,1200,0.2,145,73.1,14.11,0.54,1.48,0.097,4.07
2.0,0.7,1.5,3.0,0.8,1200,0.2,145,73.1,14.11,0.54,1.48,0.097,4.07
2.0,0.7,1.5,4.5,0.4,1200,0.2,145,73.1,14.11,0.54,1.48,0.097,4.07
2.0,0.7,1.5,4.5,0.6,1200,0.2,145,73.1,14.11,0.54,1.48,0.097,4.07
2.0,0.7,1.5,4.5,0.8,1200,0.2,145,73.1,14.11,0.54,1.48,0.097,4.07
2.0,0.7,2.5,3.0,0.4,1200,0.2,145,73.1,14.11,0.54,1.48,0.097,4.07
2.0,0.7,2.5,3.0,0.6,1200,0.2,145,73.1,14.11,0.54,1.48,0.097,4.07
2.0,0.7,2.5,3.0,0.8,1200,0.2,145,73.1,14.11,0.54,1.48,0.097,4.07
2.0,0.7,2.5,4.5,0.4,1200,0.2,145,73.1,14.11,0.54,1.48,0.097,4.07
2.0,0.7,2.5,4.5,0.6,1200,0.2,145,73.1,14.11,0.54,1.48,0.097,4.07
2.0,0.7,2.5,4.5,0.8,1200,0.2,145,73.1,14.11,0.54,1.48,0.097,4.07
2.0,1.0,2.5,3.0,0.4,14400,0.4,93,67.7,9.04,0.57,1.2,0.097,8.2
2.0,1.0,2.5,3.0,0.6,14400,0.4,93,67.7,9.04,0.57,1.2,0.097,8.2
2.0,1.0,2.5,3.0,0.8,14400,0.4,93,67.7,9.04,0.57,1.2,0.097,8.2
2.0,1.0,2.5,4.5,0.4,14400,0.4,93,67.7,9.04,0.57,1.2,0.097,8.2
2.0,1.0,2.5,4.5,0.6,14400,0.4,93,67.7,9.04,0.57,1.2,0.097,8.2
2.0,1.0,2.5,4.5,0.8,14400,0.4,93,67.7,9.04,0.57,1.2,0.097,8.2
3.0,1.5,2.5,3.0,0.8,7200,0.8,160,65.0,15.46,0.8,1.48,0.097,6.37
3.0,1.5,2.5,4.5,0.8,7200,0.8,160,65.0,15.46,0.8,1.48,0.097,6.37
3.0,0.7,2.5,3.0,0.4,2400,0.2,91,81.3,8.63,0.29,1.26,0.095,9.36
3.0,0.7,2.5,3.0,0.6,2400,0.2,91,81.3,8.63,0.29,1.26,0.095,9.36
3.0,0.7,2.5,3.0,0.8,2400,0.2,91,81.3,8.63,0.29,1.26,0.095,9.36
3.0,0.7,2.5,4.5,0.4,2400,0.2,91,81.3,8.63,0.29,1.26,0.095,9.36
3.0,0.7,2.5,4.5,0.6,2400,0.2,91,81.3,8.63,0.29,1.26,0.095,9.36
3.0,0.7,2.5,4.5,0.8,2400,0.2,91,81.3,8.63,0.29,1.26,0.095,9.36
3.0,1.5,2.5,3.0,0.6,7200,0.2,55,76.4,5.18,0.35,1.13,0.094,9.53
3.0,1.5,2.5,4.5,0.6,7200,0.2,55,76.4,5.18,0.35,1.13,0.094,9.53
4.0,1.0,1.5,3.0,0.4,7200,0.4,71,80.3,6.67,0.3,1.2,0.094,12.26
4.0,1.0,1.5,3.0,0.6,7200,0.4,71,80.3,6.67,0.3,1.2,0.094,12.26
4.0,1.0,1.5,3.0,0.8,7200,0.4,71,80.3,6.67,0.3,1.2,0.094,12.26
4.0,1.0,1.5,4.5,0.4,7200,0.4,71,80.3,6.67,0.3,1.2,0.094,12.26
4.0,1.0,1.5,4.5,0.6,7200,0.4,71,80.3,6.67,0.3,1.2,0.094,12.26
4.0,1.0,1.5,4.5,0.8,7200,0.4,71,80.3,6.67,0.3,1.2,0.094,12.26
3.0,1.5,2.5,3.0,0.6,14400,0.2,54,75.9,5.03,0.36,1.13,0.093,9.53
3.0,1.5,2.5,3.0,0.6,,0.4,54,75.9,5.03,0.36,1.13,0.093,9.53
3.0,1.5,2.5,4.5,0.6,14400,0.2,54,75.9,5.03,0.36,1.13,0.093,9.53
3.0,1.5,2.5,4.5,0.6,,0.4,54,75.9,5.03,0.36,1.13,0.093,9.53
2.0,1.0,2.5,3.0,0.4,7200,0.4,112,68.8,10.23,0.57,1.25,0.091,6.2
2.0,1.0,2.5,3.0,0.6,7200,0.4,112,68.8,10.23,0.57,1.25,0.091,6.2
2.0,1.0,2.5,3.0,0.8,7200,0.4,112,68.8,10.23,0.57,1.25,0.091,6.2
2.0,1.0,2.5,4.5,0.4,7200,0.4,112,68.8,10.23,0.57,1.25,0.091,6.2
2.0,1.0,2.5,4.5,0.6,7200,0.4,112,68.8,10.23,0.57,1.25,0.091,6.2
2.0,1.0,2.5,4.5,0.8,7200,0.4,112,68.8,10.23,0.57,1.25,0.091,6.2
3.0,0.7,1.5,3.0,0.4,1200,0.4,215,65.6,19.6,1.18,2.25,0.091,4.49
3.0,0.7,1.5,3.0,0.6,1200,0.4,215,65.6,19.6,1.18,2.25,0.091,4.49
3.0,0.7,1.5,3.0,0.8,1200,0.4,215,65.6,19.6,1.18,2.25,0.091,4.49
3.0,0.7,1.5,4.5,0.4,1200,0.4,215,65.6,19.6,1.18,2.25,0.091,4.49
3.0,0.7,1.5,4.5,0.6,1200,0.4,215,65.6,19.6,1.18,2.25,0.091,4.49
3.0,0.7,1.5,4.5,0.8,1200,0.4,215,65.6,19.6,1.18,2.25,0.091,4.49
3.0,0.7,2.5,3.0,0.4,1200,0.4,215,65.6,19.6,1.18,2.25,0.091,4.49
3.0,0.7,2.5,3.0,0.6,1200,0.4,215,65.6,19.6,1.18,2.25,0.091,4.49
3.0,0.7,2.5,3.0,0.8,1200,0.4,215,65.6,19.6,1.18,2.25,0.091,4.49
3.0,0.7,2.5,4.5,0.4,1200,0.4,215,65.6,19.6,1.18,2.25,0.091,4.49
3.0,0.7,2.5,4.5,0.6,1200,0.4,215,65.6,19.6,1.18,2.25,0.091,4.49
3.0,0.7,2.5,4.5,0.8,1200,0.4,215,65.6,19.6,1.18,2.25,0.091,4.49
4.0,1.0,1.5,3.0,0.4,2400,0.4,112,69.6,10.06,0.6,1.38,0.09,8.01
4.0,1.0,1.5,3.0,0.6,2400,0.4,112,69.6,10.06,0.6,1.38,0.09,8.01
4.0,1.0,1.5,3.0,0.8,2400,0.4,112,69.6,10.06,0.6,1.38,0.09,8.01
4.0,1.0,1.5,4.5,0.4,2400,0.4,112,69.6,10.06,0.6,1.38,0.09,8.01
4.0,1.0,1.5,4.5,0.6,2400,0.4,112,69.6,10.06,0.6,1.38,0.09,8.01
4.0,1.0,1.5,4.5,0.8,2400,0.4,112,69.6,10.06,0.6,1.38,0.09,8.01
3.0,0.7,1.5,3.0,0.4,7200,0.4,110,78.2,9.78,0.36,1.29,0.089,9.41
3.0,0.7,1.5,3.0,0.6,7200,0.4,110,78.2,9.78,0.36,1.29,0.089,9.41
3.0,0.7,1.5,3.0,0.8,7200,0.4,110,78.2,9.78,0.36,1.29,0.089,9.41
3.0,0.7,1.5,4.5,0.4,7200,0.4,110,78.2,9.78,0.36,1.29,0.089,9.41
3.0,0.7,1.5,4.5,0.6,7200,0.4,110,78.2,9.78,0.36,1.29,0.089,9.41
3.0,0.7,1.5,4.5,0.8,7200,0.4,110,78.2,9.78,0.36,1.29,0.089,9.41
2.0,0.7,1.5,3.0,0.4,7200,0.4,133,74.4,11.65,0.44,1.29,0.088,6.02
2.0,0.7,1.5,3.0,0.6,7200,0.4,133,74.4,11.65,0.44,1.29,0.088,6.02
2.0,0.7,1.5,3.0,0.8,7200,0.4,133,74.4,11.65,0.44,1.29,0.088,6.02
2.0,0.7,1.5,4.5,0.4,7200,0.4,133,74.4,11.65,0.44,1.29,0.088,6.02
2.0,0.7,1.5,4.5,0.6,7200,0.4,133,74.4,11.65,0.44,1.29,0.088,6.02
2.0,0.7,1.5,4.5,0.8,7200,0.4,133,74.4,11.65,0.44,1.29,0.088,6.02
2.0,0.7,2.5,3.0,0.4,7200,0.4,133,74.4,11.65,0.44,1.29,0.088,6.02
2.0,0.7,2.5,3.0,0.6,7200,0.4,133,74.4,11.65,0.44,1.29,0.088,6.02
2.0,0.7,2.5,3.0,0.8,7200,0.4,133,74.4,11.65,0.44,1.29,0.088,6.02
2.0,0.7,2.5,4.5,0.4,7200,0.4,133,74.4,11.65,0.44,1.29,0.088,6.02
2.0,0.7,2.5,4.5,0.6,7200,0.4,133,74.4,11.65,0.44,1.29,0.088,6.02
2.0,0.7,2.5,4.5,0.8,7200,0.4,133,74.4,11.65,0.44,1.29,0.088,6.02
5.0,1.5,2.5,3.0,0.4,7200,0.8,141,66.0,12.47,0.74,1.43,0.088,7.33
5.0,1.5,2.5,4.5,0.4,7200,0.8,141,66.0,12.47,0.74,1.43,0.088,7.33
4.0,1.5,2.5,3.0,0.4,7200,0.8,154,64.3,13.37,0.8,1.45,0.087,6.93
4.0,1.5,2.5,4.5,0.4,7200,0.8,154,64.3,13.37,0.8,1.45,0.087,6.93
4.0,1.0,2.5,3.0,0.4,2400,0.4,112,69.6,9.61,0.6,1.37,0.086,8.01
4.0,1.0,2.5,3.0,0.6,2400,0.4,112,69.6,9.61,0.6,1.37,0.086,8.01
4.0,1.0,2.5,3.0,0.8,2400,0.4,112,69.6,9.61,0.6,1.37,0.086,8.01
4.0,1.0,2.5,4.5,0.4,2400,0.4,112,69.6,9.61,0.6,1.37,0.086,8.01
4.0,1.0,2.5,4.5,0.6,2400,0.4,112,69.6,9.61,0.6,1.37,0.086,8.01
4.0,1.0,2.5,4.5,0.8,2400,0.4,112,69.6,9.61,0.6,1.37,0.086,8.01
2.0,0.7,1.5,3.0,0.4,7200,0.2,107,79.4,9.05,0.31,1.21,0.085,6.85
2.0,0.7,1.5,3.0,0.6,7200,0.2,107,79.4,9.05,0.31,1.21,0.085,6.85
2.0,0.7,1.5,3.0,0.8,7200,0.2,107,79.4,9.05,0.31,1.21,0.085,6.85
2.0,0.7,1.5,4.5,0.4,7200,0.2,107,79.4,9.05,0.31,1.21,0.085,6.85
2.0,0.7,1.5,4.5,0.6,7200,0.2,107,79.4,9.05,0.31,1.21,0.085,6.85
2.0,0.7,1.5,4.5,0.8,7200,0.2,107,79.4,9.05,0.31,1.21,0.085,6.85
2.0,0.7,2.5,3.0,0.4,7200,0.2,107,79.4,9.05,0.31,1.21,0.085,6.85
2.0,0.7,2.5,3.0,0.6,7200,0.2,107,79.4,9.05,0.31,1.21,0.085,6.85
2.0,0.7,2.5,3.0,0.8,7200,0.2,107,79.4,9.05,0.31,1.21,0.085,6.85
2.0,0.7,2.5,4.5,0.4,7200,0.2,107,79.4,9.05,0.31,1.21,0.085,6.85
2.0,0.7,2.5,4.5,0.6,7200,0.2,107,79.4,9.05,0.31,1.21,0.085,6.85
2.0,0.7,2.5,4.5,0.8,7200,0.2,107,79.4,9.05,0.31,1.21,0.085,6.85
3.0,1.0,1.5,3.0,0.4,1200,0.2,68,66.2,5.77,0.62,1.21,0.085,10.26
3.0,1.0,1.5,3.0,0.6,1200,0.2,68,66.2,5.77,0.62,1.21,0.085,10.26
3.0,1.0,1.5,3.0,0.8,1200,0.2,68,66.2,5.77,0.62,1.21,0.085,10.26
3.0,1.0,1.5,4.5,0.4,1200,0.2,68,66.2,5.77,0.62,1.21,0.085,10.26
3.0,1.0,1.5,4.5,0.6,1200,0.2,68,66.2,5.77,0.62,1.21,0.085,10.26
3.0,1.0,1.5,4.5,0.8,1200,0.2,68,66.2,5.77,0.62,1.21,0.085,10.26
2.0,0.7,1.5,3.0,0.4,14400,0.2,106,79.2,8.92,0.32,1.2,0.084,6.85
2.0,0.7,1.5,3.0,0.4,,0.4,106,79.2,8.92,0.32,1.2,0.084,6.85
2.0,0.7,1.5,3.0,0.6,14400,0.2,106,79.2,8.92,0.32,1.2,0.084,6.85
2.0,0.7,1.5,3.0,0.6,,0.4,106,79.2,8.92,0.32,1.2,0.084,6.85
2.0,0.7,1.5,3.0,0.8,14400,0.2,106,79.2,8.92,0.32,1.2,0.084,6.85
2.0,0.7,1.5,3.0,0.8,,0.4,106,79.2,8.92,0.32,1.2,0.084,6.85
2.0,0.7,1.5,4.5,0.4,14400,0.2,106,79.2,8.92,0.32,1.2,0.084,6.85
2.0,0.7,1.5,4.5,0.4,,0.4,106,79.2,8.92,0.32,1.2,0.084,6.85
2.0,0.7,1.5,4.5,0.6,14400,0.2,106,79.2,8.92,0.32,1.2,0.084,6.85
2.0,0.7,1.5,4.5,0.6,,0.4,106,79.2,8.92,0.32,1.2,0.084,6.85
2.0,0.7,1.5,4.5,0.8,14400,0.2,106,79.2,8.92,0.32,1.2,0.084,6.85
2.0,0.7,1.5,4.5,0.8,,0.4,106,79.2,8.92,0.32,1.2,0.084,6.85
2.0,0.7,2.5,3.0,0.4,14400,0.2,106,79.2,8.92,0.32,1.2,0.084,6.85
2.0,0.7,2.5,3.0,0.4,,0.4,106,79.2,8.92,0.32,1.2,0.084,6.85
2.0,0.7,2.5,3.0,0.6,14400,0.2,106,79.2,8.92,0.32,1.2,0.084,6.85
2.0,0.7,2.5,3.0,0.6,,0.4,106,79.2,8.92,0.32,1.2,0.084,6.85
2.0,0.7,2.5,3.0,0.8,14400,0.2,106,79.2,8.92,0.32,1.2,0.084,6.85
2.0,0.7,2.5,3.0,0.8,,0.4,106,79.2,8.92,0.32,1.2,0.084,6.85
2.0,0.7,2.5,4.5,0.4,14400,0.2,106,79.2,8.92,0.32,1.2,0.084,6.85
2.0,0.7,2.5,4.5,0.4,,0.4,106,79.2,8.92,0.32,1.2,0.084,6.85
2.0,0.7,2.5,4.5,0.6,14400,0.2,106,79.2,8.92,0.32,1.2,0.084,6.85
2.0,0.7,2.5,4.5,0.6,,0.4,106,79.2,8.92,0.32,1.2,0.084,6.85
2.0,0.7,2.5,4.5,0.8,14400,0.2,106,79.2,8.92,0.32,1.2,0.084,6.85
2.0,0.7,2.5,4.5,0.8,,0.4,106,79.2,8.92,0.32,1.2,0.084,6.85
4.0,1.5,2.5,3.0,0.4,1200,0.4,150,66.0,12.42,0.82,1.6,0.083,6.22
4.0,1.5,2.5,4.5,0.4,1200,0.4,150,66.0,12.42,0.82,1.6,0.083,6.22
5.0,1.5,2.5,3.0,0.6,7200,0.8,141,66.0,11.66,0.72,1.4,0.083,7.61
5.0,1.5,2.5,4.5,0.6,7200,0.8,141,66.0,11.66,0.72,1.4,0.083,7.61
3.0,0.7,2.5,3.0,0.4,7200,0.4,110,78.2,9.06,0.35,1.26,0.082,9.41
3.0,0.7,2.5,3.0,0.6,7200,0.4,110,78.2,9.06,0.35,1.26,0.082,9.41
3.0,0.7,2.5,3.0,0.8,7200,0.4,110,78.2,9.06,0.35,1.26,0.082,9.41
3.0,0.7,2.5,4.5,0.4,7200,0.4,110,78.2,9.06,0.35,1.26,0.082,9.41
3.0,0.7,2.5,4.5,0.6,7200,0.4,110,78.2,9.06,0.35,1.26,0.082,9.41
3.0,0.7,2.5,4.5,0.8,7200,0.4,110,78.2,9.06,0.35,1.26,0.082,9.41
5.0,1.5,2.5,3.0,0.8,7200,0.8,139,65.5,11.35,0.73,1.39,0.082,8.43
5.0,1.5,2.5,4.5,0.8,7200,0.8,139,65.5,11.35,0.73,1.39,0.082,8.43
4.0,1.0,2.5,3.0,0.4,7200,0.4,71,80.3,5.77,0.29,1.18,0.081,12.26
4.0,1.0,2.5,3.0,0.6,7200,0.4,71,80.3,5.77,0.29,1.18,0.081,12.26
4.0,1.0,2.5,3.0,0.8,7200,0.4,71,80.3,5.77,0.29,1.18,0.081,12.26
4.0,1.0,2.5,4.5,0.4,7200,0.4,71,80.3,5.77,0.29,1.18,0.081,12.26
4.0,1.0,2.5,4.5,0.6,7200,0.4,71,80.3,5.77,0.29,1.18,0.081,12.26
4.0,1.0,2.5,4.5,0.8,7200,0.4,71,80.3,5.77,0.29,1.18,0.081,12.26
4.0,0.7,1.5,3.0,0.4,1200,0.4,214,65.9,16.65,0.98,1.89,0.078,6.44
4.0,0.7,1.5,3.0,0.6,1200,0.4,214,65.9,16.65,0.98,1.89,0.078,6.44
4.0,0.7,1.5,3.0,0.8,1200,0.4,214,65.9,16.65,0.98,1.89,0.078,6.44
4.0,0.7,1.5,4.5,0.4,1200,0.4,214,65.9,16.65,0.98,1.89,0.078,6.44
4.0,0.7,1.5,4.5,0.6,1200,0.4,214,65.9,16.65,0.98,1.89,0.078,6.44
4.0,0.7,1.5,4.5,0.8,1200,0.4,214,65.9,16.65,0.98,1.89,0.078,6.44
4.0,0.7,2.5,3.0,0.4,1200,0.4,214,65.9,16.65,0.98,1.89,0.078,6.44
4.0,0.7,2.5,3.0,0.6,1200,0.4,214,65.9,16.65,0.98,1.89,0.078,6.44
4.0,0.7,2.5,3.0,0.8,1200,0.4,214,65.9,16.65,0.98,1.89,0.078,6.44
4.0,0.7,2.5,4.5,0.4,1200,0.4,214,65.9,16.65,0.98,1.89,0.078,6.44
4.0,0.7,2.5,4.5,0.6,1200,0.4,214,65.9,16.65,0.98,1.89,0.078,6.44
4.0,0.7,2.5,4.5,0.8,1200,0.4,214,65.9,16.65,0.98,1.89,0.078,6.44
4.0,1.5,2.5,3.0,0.6,7200,0.8,154,64.3,12.02,0.78,1.4,0.078,7.24
4.0,1.5,2.5,4.5,0.6,7200,0.8,154,64.3,12.02,0.78,1.4,0.078,7.24
3.0,1.5,2.5,3.0,0.4,7200,0.8,162,64.8,12.43,0.74,1.35,0.077,6.37
3.0,1.5,2.5,3.0,0.8,3600,0.2,51,74.5,3.95,0.38,1.11,0.077,9.3
3.0,1.5,2.5,4.5,0.4,7200,0.8,162,64.8,12.43,0.74,1.35,0.077,6.37
3.0,1.5,2.5,4.5,0.8,3600,0.2,51,74.5,3.95,0.38,1.11,0.077,9.3
4.0,1.5,2.5,3.0,0.8,7200,0.8,152,63.8,11.71,0.79,1.39,0.077,8.06
4.0,1.5,2.5,4.5,0.8,7200,0.8,152,63.8,11.71,0.79,1.39,0.077,8.06
3.0,1.5,2.5,3.0,0.8,14400,0.8,106,67.0,7.71,0.59,1.21,0.073,10.56
3.0,1.5,2.5,4.5,0.8,14400,0.8,106,67.0,7.71,0.59,1.21,0.073,10.56
5.0,0.7,1.5,3.0,0.4,3600,0.4,104,76.9,7.46,0.4,1.33,0.072,7.93
5.0,0.7,1.5,3.0,0.6,3600,0.4,104,76.9,7.46,0.4,1.33,0.072,7.93
5.0,0.7,1.5,3.0,0.8,3600,0.4,104,76.9,7.46,0.4,1.33,0.072,7.93
5.0,0.7,1.5,4.5,0.4,3600,0.4,104,76.9,7.46,0.4,1.33,0.072,7.93
5.0,0.7,1.5,4.5,0.6,3600,0.4,104,76.9,7.46,0.4,1.33,0.072,7.93
5.0,0.7,1.5,4.5,0.8,3600,0.4,104,76.9,7.46,0.4,1.33,0.072,7.93
5.0,0.7,2.5,3.0,0.4,3600,0.4,104,76.9,7.46,0.4,1.33,0.072,7.93
5.0,0.7,2.5,3.0,0.6,3600,0.4,104,76.9,7.46,0.4,1.33,0.072,7.93
5.0,0.7,2.5,3.0,0.8,3600,0.4,104,76.9,7.46,0.4,1.33,0.072,7.93
5.0,0.7,2.5,4.5,0.4,3600,0.4,104,76.9,7.46,0.4,1.33,0.072,7.93
5.0,0.7,2.5,4.5,0.6,3600,0.4,104,76.9,7.46,0.4,1.33,0.072,7.93
5.0,0.7,2.5,4.5,0.8,3600,0.4,104,76.9,7.46,0.4,1.33,0.072,7.93
5.0,0.7,1.5,3.0,0.4,2400,0.4,120,72.5,8.5,0.52,1.38,0.071,8.16
5.0,0.7,1.5,3.0,0.6,2400,0.4,120,72.5,8.5,0.52,1.38,0.071,8.16
5.0,0.7,1.5,3.0,0.8,2400,0.4,120,72.5,8.5,0.52,1.38,0.071,8.16
5.0,0.7,1.5,4.5,0.4,2400,0.4,120,72.5,8.5,0.52,1.38,0.071,8.16
5.0,0.7,1.5,4.5,0.6,2400,0.4,120,72.5,8.5,0.52,1.38,0.071,8.16
5.0,0.7,1.5,4.5,0.8,2400,0.4,120,72.5,8.5,0.52,1.38,0.071,8.16
5.0,0.7,2.5,3.0,0.4,2400,0.4,120,72.5,8.5,0.52,1.38,0.071,8.16
5.0,0.7,2.5,3.0,0.6,2400,0.4,120,72.5,8.5,0.52,1.38,0.071,8.16
5.0,0.7,2.5,3.0,0.8,2400,0.4,120,72.5,8.5,0.52,1.38,0.071,8.16
5.0,0.7,2.5,4.5,0.4,2400,0.4,120,72.5,8.5,0.52,1.38,0.071,8.16
5.0,0.7,2.5,4.5,0.6,2400,0.4,120,72.5,8.5,0.52,1.38,0.071,8.16
5.0,0.7,2.5,4.5,0.8,2400,0.4,120,72.5,8.5,0.52,1.38,0.071,8.16
4.0,1.5,2.5,3.0,0.6,1200,0.4,150,66.0,10.54,0.78,1.51,0.07,6.26
4.0,1.5,2.5,4.5,0.6,1200,0.4,150,66.0,10.54,0.78,1.51,0.07,6.26
4.0,1.0,1.5,3.0,0.4,1200,0.4,158,65.2,10.86,0.81,1.52,0.069,6.17
4.0,1.0,1.5,3.0,0.6,1200,0.4,158,65.2,10.86,0.81,1.52,0.069,6.17
4.0,1.0,1.5,3.0,0.8,1200,0.4,158,65.2,10.86,0.81,1.52,0.069,6.17
4.0,1.0,1.5,4.5,0.4,1200,0.4,158,65.2,10.86,0.81,1.52,0.069,6.17
4.0,1.0,1.5,4.5,0.6,1200,0.4,158,65.2,10.86,0.81,1.52,0.069,6.17
4.0,1.0,1.5,4.5,0.8,1200,0.4,158,65.2,10.86,0.81,1.52,0.069,6.17
4.0,1.0,2.5,3.0,0.4,1200,0.4,158,65.2,10.86,0.81,1.52,0.069,6.17
4.0,1.0,2.5,3.0,0.6,1200,0.4,158,65.2,10.86,0.81,1.52,0.069,6.17
4.0,1.0,2.5,3.0,0.8,1200,0.4,158,65.2,10.86,0.81,1.52,0.069,6.17
4.0,1.0,2.5,4.5,0.4,1200,0.4,158,65.2,10.86,0.81,1.52,0.069,6.17
4.0,1.0,2.5,4.5,0.6,1200,0.4,158,65.2,10.86,0.81,1.52,0.069,6.17
4.0,1.0,2.5,4.5,0.8,1200,0.4,158,65.2,10.86,0.81,1.52,0.069,6.17
3.0,1.5,2.5,3.0,0.6,7200,0.8,162,64.8,10.95,0.71,1.31,0.068,6.37
3.0,1.5,2.5,4.5,0.6,7200,0.8,162,64.8,10.95,0.71,1.31,0.068,6.37
2.0,1.5,2.5,3.0,0.4,7200,0.8,190,60.5,12.57,0.87,1.33,0.066,4.06
2.0,1.5,2.5,4.5,0.4,7200,0.8,190,60.5,12.57,0.87,1.33,0.066,4.06
5.0,1.5,2.5,3.0,0.4,14400,0.8,84,66.7,5.53,0.59,1.18,0.066,9.31
5.0,1.5,2.5,4.5,0.4,14400,0.8,84,66.7,5.53,0.59,1.18,0.066,9.31
3.0,1.0,2.5,3.0,0.4,1200,0.2,68,66.2,4.42,0.59,1.16,0.065,10.62
3.0,1.0,2.5,3.0,0.6,1200,0.2,68,66.2,4.42,0.59,1.16,0.065,10.62
3.0,1.0,2.5,3.0,0.8,1200,0.2,68,66.2,4.42,0.59,1.16,0.065,10.62
3.0,1.0,2.5,4.5,0.4,1200,0.2,68,66.2,4.42,0.59,1.16,0.065,10.62
3.0,1.0,2.5,4.5,0.6,1200,0.2,68,66.2,4.42,0.59,1.16,0.065,10.62
3.0,1.0,2.5,4.5,0.8,1200,0.2,68,66.2,4.42,0.59,1.16,0.065,10.62
5.0,0.7,1.5,3.0,0.4,1200,0.2,75,80.0,4.84,0.31,1.23,0.065,7.12
5.0,0.7,1.5,3.0,0.4,1200,0.4,211,66.4,13.61,0.83,1.63,0.065,8.48
5.0,0.7,1.5,3.0,0.6,1200,0.2,75,80.0,4.84,0.31,1.23,0.065,7.12
5.0,0.7,1.5,3.0,0.6,1200,0.4,211,66.4,13.61,0.83,1.63,0.065,8.48
5.0,0.7,1.5,3.0,0.8,1200,0.2,75,80.0,4.84,0.31,1.23,0.065,7.12
5.0,0.7,1.5,3.0,0.8,1200,0.4,211,66.4,13.61,0.83,1.63,0.065,8.48
5.0,0.7,1.5,4.5,0.4,1200,0.2,75,80.0,4.84,0.31,1.23,0.065,7.12
5.0,0.7,1.5,4.5,0.4,1200,0.4,211,66.4,13.61,0.83,1.63,0.065,8.48
5.0,0.7,1.5,4.5,0.6,1200,0.2,75,80.0,4.84,0.31,1.23,0.065,7.12
5.0,0.7,1.5,4.5,0.6,1200,0.4,211,66.4,13.61,0.83,1.63,0.065,8.48
5.0,0.7,1.5,4.5,0.8,1200,0.2,75,80.0,4.84,0.31,1.23,0.065,7.12
5.0,0.7,1.5,4.5,0.8,1200,0.4,211,66.4,13.61,0.83,1.63,0.065,8.48
5.0,0.7,2.5,3.0,0.4,1200,0.4,211,66.4,13.61,0.83,1.63,0.065,8.48
5.0,0.7,2.5,3.0,0.6,1200,0.4,211,66.4,13.61,0.83,1.63,0.065,8.48
5.0,0.7,2.5,3.0,0.8,1200,0.4,211,66.4,13.61,0.83,1.63,0.065,8.48
5.0,0.7,2.5,4.5,0.4,1200,0.4,211,66.4,13.61,0.83,1.63,0.065,8.48
5.0,0.7,2.5,4.5,0.6,1200,0.4,211,66.4,13.61,0.83,1.63,0.065,8.48
5.0,0.7,2.5,4.5,0.8,1200,0.4,211,66.4,13.61,0.83,1.63,0.065,8.48
2.0,0.7,1.5,3.0,0.4,1200,0.4,259,66.4,16.29,0.85,1.68,0.063,4.22
2.0,0.7,1.5,3.0,0.6,1200,0.4,259,66.4,16.29,0.85,1.68,0.063,4.22
2.0,0.7,1.5,3.0,0.8,1200,0.4,259,66.4,16.29,0.85,1.68,0.063,4.22
2.0,0.7,1.5,4.5,0.4,1200,0.4,259,66.4,16.29,0.85,1.68,0.063,4.22
2.0,0.7,1.5,4.5,0.6,1200,0.4,259,66.4,16.29,0.85,1.68,0.063,4.22
2.0,0.7,1.5,4.5,0.8,1200,0.4,259,66.4,16.29,0.85,1.68,0.063,4.22
2.0,0.7,2.5,3.0,0.4,1200,0.4,259,66.4,16.29,0.85,1.68,0.063,4.22
2.0,0.7,2.5,3.0,0.6,1200,0.4,259,66.4,16.29,0.85,1.68,0.063,4.22
2.0,0.7,2.5,3.0,0.8,1200,0.4,259,66.4,16.29,0.85,1.68,0.063,4.22
2.0,0.7,2.5,4.5,0.4,1200,0.4,259,66.4,16.29,0.85,1.68,0.063,4.22
2.0,0.7,2.5,4.5,0.6,1200,0.4,259,66.4,16.29,0.85,1.68,0.063,4.22
2.0,0.7,2.5,4.5,0.8,1200,0.4,259,66.4,16.29,0.85,1.68,0.063,4.22
2.0,1.5,2.5,3.0,0.6,1200,0.4,228,64.9,13.98,0.78,1.45,0.061,3.88
2.0,1.5,2.5,4.5,0.6,1200,0.4,228,64.9,13.98,0.78,1.45,0.061,3.88
3.0,0.7,1.5,3.0,0.4,3600,0.4,142,71.8,8.6,0.5,1.28,0.061,8.0
3.0,0.7,1.5,3.0,0.6,3600,0.4,142,71.8,8.6,0.5,1.28,0.061,8.0
3.0,0.7,1.5,3.0,0.8,3600,0.4,142,71.8,8.6,0.5,1.28,0.061,8.0
3.0,0.7,1.5,4.5,0.4,3600,0.4,142,71.8,8.6,0.5,1.28,0.061,8.0
3.0,0.7,1.5,4.5,0.6,3600,0.4,142,71.8,8.6,0.5,1.28,0.061,8.0
3.0,0.7,1.5,4.5,0.8,3600,0.4,142,71.8,8.6,0.5,1.28,0.061,8.0
3.0,0.7,2.5,3.0,0.4,3600,0.4,142,71.8,8.6,0.5,1.28,0.061,8.0
3.0,0.7,2.5,3.0,0.6,3600,0.4,142,71.8,8.6,0.5,1.28,0.061,8.0
3.0,0.7,2.5,3.0,0.8,3600,0.4,142,71.8,8.6,0.5,1.28,0.061,8.0
3.0,0.7,2.5,4.5,0.4,3600,0.4,142,71.8,8.6,0.5,1.28,0.061,8.0
3.0,0.7,2.5,4.5,0.6,3600,0.4,142,71.8,8.6,0.5,1.28,0.061,8.0
3.0,0.7,2.5,4.5,0.8,3600,0.4,142,71.8,8.6,0.5,1.28,0.061,8.0
2.0,1.5,2.5,3.0,0.4,1200,0.4,229,64.6,13.64,0.78,1.43,0.06,3.43
2.0,1.5,2.5,4.5,0.4,1200,0.4,229,64.6,13.64,0.78,1.43,0.06,3.43
4.0,1.0,1.5,3.0,0.4,7200,0.8,156,63.5,9.24,0.75,1.31,0.059,8.18
4.0,1.0,1.5,3.0,0.6,7200,0.8,156,63.5,9.24,0.75,1.31,0.059,8.18
4.0,1.0,1.5,3.0,0.8,7200,0.8,156,63.5,9.24,0.75,1.31,0.059,8.18
4.0,1.0,1.5,4.5,0.4,7200,0.8,156,63.5,9.24,0.75,1.31,0.059,8.18
4.0,1.0,1.5,4.5,0.6,7200,0.8,156,63.5,9.24,0.75,1.31,0.059,8.18
4.0,1.0,1.5,4.5,0.8,7200,0.8,156,63.5,9.24,0.75,1.31,0.059,8.18
4.0,1.5,2.5,3.0,0.8,14400,0.8,97,69.1,5.72,0.52,1.16,0.059,13.17
4.0,1.5,2.5,4.5,0.8,14400,0.8,97,69.1,5.72,0.52,1.16,0.059,13.17
5.0,1.0,1.5,3.0,0.4,7200,0.8,143,65.0,8.43,0.69,1.29,0.059,8.55
5.0,1.0,1.5,3.0,0.6,7200,0.8,143,65.0,8.43,0.69,1.29,0.059,8.55
5.0,1.0,1.5,3.0,0.8,7200,0.8,143,65.0,8.43,0.69,1.29,0.059,8.55
5.0,1.0,1.5,4.5,0.4,7200,0.8,143,65.0,8.43,0.69,1.29,0.059,8.55
5.0,1.0,1.5,4.5,0.6,7200,0.8,143,65.0,8.43,0.69,1.29,0.059,8.55
5.0,1.0,1.5,4.5,0.8,7200,0.8,143,65.0,8.43,0.69,1.29,0.059,8.55
5.0,1.5,2.5,3.0,0.6,14400,0.8,84,66.7,4.79,0.58,1.15,0.057,9.31
5.0,1.5,2.5,4.5,0.6,14400,0.8,84,66.7,4.79,0.58,1.15,0.057,9.31
4.0,1.0,2.5,3.0,0.4,7200,0.8,156,63.5,8.79,0.74,1.29,0.056,8.18
4.0,1.0,2.5,3.0,0.6,7200,0.8,156,63.5,8.79,0.74,1.29,0.056,8.18
4.0,1.0,2.5,3.0,0.8,7200,0.8,156,63.5,8.79,0.74,1.29,0.056,8.18
4.0,1.0,2.5,4.5,0.4,7200,0.8,156,63.5,8.79,0.74,1.29,0.056,8.18
4.0,1.0,2.5,4.5,0.6,7200,0.8,156,63.5,8.79,0.74,1.29,0.056,8.18
4.0,1.0,2.5,4.5,0.8,7200,0.8,156,63.5,8.79,0.74,1.29,0.056,8.18
4.0,1.5,2.5,3.0,0.8,1200,0.4,160,65.0,8.97,0.77,1.43,0.056,6.46
4.0,1.5,2.5,4.5,0.8,1200,0.4,160,65.0,8.97,0.77,1.43,0.056,6.46
5.0,1.0,2.5,3.0,0.4,7200,0.8,143,65.0,7.98,0.68,1.27,0.056,8.55
5.0,1.0,2.5,3.0,0.6,7200,0.8,143,65.0,7.98,0.68,1.27,0.056,8.55
5.0,1.0,2.5,3.0,0.8,7200,0.8,143,65.0,7.98,0.68,1.27,0.056,8.55
5.0,1.0,2.5,4.5,0.4,7200,0.8,143,65.0,7.98,0.68,1.27,0.056,8.55
5.0,1.0,2.5,4.5,0.6,7200,0.8,143,65.0,7.98,0.68,1.27,0.056,8.55
5.0,1.0,2.5,4.5,0.8,7200,0.8,143,65.0,7.98,0.68,1.27,0.056,8.55
2.0,1.5,2.5,3.0,0.8,1200,0.4,237,64.6,13.03,0.78,1.41,0.055,4.11
2.0,1.5,2.5,4.5,0.8,1200,0.4,237,64.6,13.03,0.78,1.41,0.055,4.11
5.0,0.7,2.5,3.0,0.4,1200,0.2,75,80.0,4.12,0.3,1.2,0.055,7.12
5.0,0.7,2.5,3.0,0.6,1200,0.2,75,80.0,4.12,0.3,1.2,0.055,7.12
5.0,0.7,2.5,3.0,0.8,1200,0.2,75,80.0,4.12,0.3,1.2,0.055,7.12
5.0,0.7,2.5,4.5,0.4,1200,0.2,75,80.0,4.12,0.3,1.2,0.055,7.12
5.0,0.7,2.5,4.5,0.6,1200,0.2,75,80.0,4.12,0.3,1.2,0.055,7.12
5.0,0.7,2.5,4.5,0.8,1200,0.2,75,80.0,4.12,0.3,1.2,0.055,7.12
5.0,1.5,2.5,3.0,0.4,1200,0.4,129,65.9,7.04,0.67,1.3,0.055,8.26
5.0,1.5,2.5,4.5,0.4,1200,0.4,129,65.9,7.04,0.67,1.3,0.055,8.26
3.0,0.7,1.5,3.0,0.4,2400,0.4,159,69.2,8.65,0.57,1.28,0.054,8.04
3.0,0.7,1.5,3.0,0.6,2400,0.4,159,69.2,8.65,0.57,1.28,0.054,8.04
3.0,0.7,1.5,3.0,0.8,2400,0.4,159,69.2,8.65,0.57,1.28,0.054,8.04
3.0,0.7,1.5,4.5,0.4,2400,0.4,159,69.2,8.65,0.57,1.28,0.054,8.04
3.0,0.7,1.5,4.5,0.6,2400,0.4,159,69.2,8.65,0.57,1.28,0.054,8.04
3.0,0.7,1.5,4.5,0.8,2400,0.4,159,69.2,8.65,0.57,1.28,0.054,8.04
3.0,0.7,2.5,3.0,0.4,2400,0.4,159,69.2,8.65,0.57,1.28,0.054,8.04
3.0,0.7,2.5,3.0,0.6,2400,0.4,159,69.2,8.65,0.57,1.28,0.054,8.04
3.0,0.7,2.5,3.0,0.8,2400,0.4,159,69.2,8.65,0.57,1.28,0.054,8.04
3.0,0.7,2.5,4.5,0.4,2400,0.4,159,69.2,8.65,0.57,1.28,0.054,8.04
3.0,0.7,2.5,4.5,0.6,2400,0.4,159,69.2,8.65,0.57,1.28,0.054,8.04
3.0,0.7,2.5,4.5,0.8,2400,0.4,159,69.2,8.65,0.57,1.28,0.054,8.04
3.0,1.0,1.5,3.0,0.4,7200,0.8,165,64.2,8.52,0.69,1.24,0.052,7.21
3.0,1.0,1.5,3.0,0.6,7200,0.8,165,64.2,8.52,0.69,1.24,0.052,7.21
3.0,1.0,1.5,3.0,0.8,7200,0.8,165,64.2,8.52,0.69,1.24,0.052,7.21
3.0,1.0,1.5,4.5,0.4,7200,0.8,165,64.2,8.52,0.69,1.24,0.052,7.21
3.0,1.0,1.5,4.5,0.6,7200,0.8,165,64.2,8.52,0.69,1.24,0.052,7.21
3.0,1.0,1.5,4.5,0.8,7200,0.8,165,64.2,8.52,0.69,1.24,0.052,7.21
4.0,0.7,1.5,3.0,0.4,2400,0.4,151,69.5,7.84,0.56,1.28,0.052,8.01
4.0,0.7,1.5,3.0,0.6,2400,0.4,151,69.5,7.84,0.56,1.28,0.052,8.01
4.0,0.7,1.5,3.0,0.8,2400,0.4,151,69.5,7.84,0.56,1.28,0.052,8.01
4.0,0.7,1.5,4.5,0.4,2400,0.4,151,69.5,7.84,0.56,1.28,0.052,8.01
4.0,0.7,1.5,4.5,0.6,2400,0.4,151,69.5,7.84,0.56,1.28,0.052,8.01
4.0,0.7,1.5,4.5,0.8,2400,0.4,151,69.5,7.84,0.56,1.28,0.052,8.01
4.0,0.7,2.5,3.0,0.4,2400,0.4,151,69.5,7.84,0.56,1.28,0.052,8.01
4.0,0.7,2.5,3.0,0.6,2400,0.4,151,69.5,7.84,0.56,1.28,0.052,8.01
4.0,0.7,2.5,3.0,0.8,2400,0.4,151,69.5,7.84,0.56,1.28,0.052,8.01
4.0,0.7,2.5,4.5,0.4,2400,0.4,151,69.5,7.84,0.56,1.28,0.052,8.01
4.0,0.7,2.5,4.5,0.6,2400,0.4,151,69.5,7.84,0.56,1.28,0.052,8.01
4.0,0.7,2.5,4.5,0.8,2400,0.4,151,69.5,7.84,0.56,1.28,0.052,8.01
2.0,0.7,1.5,3.0,0.4,7200,0.8,198,61.6,10.1,0.81,1.3,0.051,4.06
2.0,0.7,1.5,3.0,0.6,7200,0.8,198,61.6,10.1,0.81,1.3,0.051,4.06
2.0,0.7,1.5,3.0,0.8,7200,0.8,198,61.6,10.1,0.81,1.3,0.051,4.06
2.0,0.7,1.5,4.5,0.4,7200,0.8,198,61.6,10.1,0.81,1.3,0.051,4.06
2.0,0.7,1.5,4.5,0.6,7200,0.8,198,61.6,10.1,0.81,1.3,0.051,4.06
2.0,0.7,1.5,4.5,0.8,7200,0.8,198,61.6,10.1,0.81,1.3,0.051,4.06
2.0,1.5,2.5,3.0,0.6,7200,0.8,189,59.8,9.61,0.84,1.25,0.051,4.06
2.0,1.5,2.5,4.5,0.6,7200,0.8,189,59.8,9.61,0.84,1.25,0.051,4.06
5.0,1.5,2.5,3.0,0.6,1200,0.4,129,65.9,6.4,0.66,1.27,0.05,8.46
5.0,1.5,2.5,4.5,0.6,1200,0.4,129,65.9,6.4,0.66,1.27,0.05,8.46
2.0,1.0,1.5,3.0,0.4,1200,0.2,111,63.1,5.39,0.67,1.14,0.049,8.12
2.0,1.0,1.5,3.0,0.6,1200,0.2,111,63.1,5.39,0.67,1.14,0.049,8.12
2.0,1.0,1.5,3.0,0.8,1200,0.2,111,63.1,5.39,0.67,1.14,0.049,8.12
2.0,1.0,1.5,4.5,0.4,1200,0.2,111,63.1,5.39,0.67,1.14,0.049,8.12
2.0,1.0,1.5,4.5,0.6,1200,0.2,111,63.1,5.39,0.67,1.14,0.049,8.12
2.0,1.0,1.5,4.5,0.8,1200,0.2,111,63.1,5.39,0.67,1.14,0.049,8.12
3.0,1.0,2.5,3.0,0.4,7200,0.8,165,64.2,8.07,0.68,1.23,0.049,7.21
3.0,1.0,2.5,3.0,0.6,7200,0.8,165,64.2,8.07,0.68,1.23,0.049,7.21
3.0,1.0,2.5,3.0,0.8,7200,0.8,165,64.2,8.07,0.68,1.23,0.049,7.21
3.0,1.0,2.5,4.5,0.4,7200,0.8,165,64.2,8.07,0.68,1.23,0.049,7.21
3.0,1.0,2.5,4.5,0.6,7200,0.8,165,64.2,8.07,0.68,1.23,0.049,7.21
3.0,1.0,2.5,4.5,0.8,7200,0.8,165,64.2,8.07,0.68,1.23,0.049,7.21
5.0,1.0,1.5,3.0,0.4,14400,0.8,89,68.5,4.35,0.52,1.14,0.049,9.76
5.0,1.0,1.5,3.0,0.6,14400,0.8,89,68.5,4.35,0.52,1.14,0.049,9.76
5.0,1.0,1.5,3.0,0.8,14400,0.8,89,68.5,4.35,0.52,1.14,0.049,9.76
5.0,1.0,1.5,4.5,0.4,14400,0.8,89,68.5,4.35,0.52,1.14,0.049,9.76
5.0,1.0,1.5,4.5,0.6,14400,0.8,89,68.5,4.35,0.52,1.14,0.049,9.76
5.0,1.0,1.5,4.5,0.8,14400,0.8,89,68.5,4.35,0.52,1.14,0.049,9.76
2.0,1.5,2.5,3.0,0.8,7200,0.8,188,59.6,8.93,0.84,1.23,0.048,4.06
2.0,1.5,2.5,4.5,0.8,7200,0.8,188,59.6,8.93,0.84,1.23,0.048,4.06
2.0,0.7,2.5,3.0,0.4,7200,0.8,198,61.6,9.38,0.8,1.28,0.047,4.06
2.0,0.7,2.5,3.0,0.6,7200,0.8,198,61.6,9.38,0.8,1.28,0.047,4.06
2.0,0.7,2.5,3.0,0.8,7200,0.8,198,61.6,9.38,0.8,1.28,0.047,4.06
2.0,0.7,2.5,4.5,0.4,7200,0.8,198,61.6,9.38,0.8,1.28,0.047,4.06
2.0,0.7,2.5,4.5,0.6,7200,0.8,198,61.6,9.38,0.8,1.28,0.047,4.06
2.0,0.7,2.5,4.5,0.8,7200,0.8,198,61.6,9.38,0.8,1.28,0.047,4.06
2.0,1.0,1.5,3.0,0.4,7200,0.8,193,60.1,8.98,0.82,1.24,0.047,4.06
2.0,1.0,1.5,3.0,0.6,7200,0.8,193,60.1,8.98,0.82,1.24,0.047,4.06
2.0,1.0,1.5,3.0,0.8,7200,0.8,193,60.1,8.98,0.82,1.24,0.047,4.06
2.0,1.0,1.5,4.5,0.4,7200,0.8,193,60.1,8.98,0.82,1.24,0.047,4.06
2.0,1.0,1.5,4.5,0.6,7200,0.8,193,60.1,8.98,0.82,1.24,0.047,4.06
2.0,1.0,1.5,4.5,0.8,7200,0.8,193,60.1,8.98,0.82,1.24,0.047,4.06
4.0,1.5,2.5,3.0,0.4,3600,0.4,72,75.0,3.3,0.37,1.1,0.046,12.7
4.0,1.5,2.5,4.5,0.4,3600,0.4,72,75.0,3.3,0.37,1.1,0.046,12.7
2.0,1.0,2.5,3.0,0.4,1200,0.2,111,63.1,4.94,0.66,1.13,0.045,8.12
2.0,1.0,2.5,3.0,0.6,1200,0.2,111,63.1,4.94,0.66,1.13,0.045,8.12
2.0,1.0,2.5,3.0,0.8,1200,0.2,111,63.1,4.94,0.66,1.13,0.045,8.12
2.0,1.0,2.5,4.5,0.4,1200,0.2,111,63.1,4.94,0.66,1.13,0.045,8.12
2.0,1.0,2.5,4.5,0.6,1200,0.2,111,63.1,4.94,0.66,1.13,0.045,8.12
2.0,1.0,2.5,4.5,0.8,1200,0.2,111,63.1,4.94,0.66,1.13,0.045,8.12
2.0,1.0,2.5,3.0,0.4,7200,0.8,193,60.1,8.53,0.81,1.23,0.044,4.06
2.0,1.0,2.5,3.0,0.6,7200,0.8,193,60.1,8.53,0.81,1.23,0.044,4.06
2.0,1.0,2.5,3.0,0.8,7200,0.8,193,60.1,8.53,0.81,1.23,0.044,4.06
2.0,1.0,2.5,4.5,0.4,7200,0.8,193,60.1,8.53,0.81,1.23,0.044,4.06
2.0,1.0,2.5,4.5,0.6,7200,0.8,193,60.1,8.53,0.81,1.23,0.044,4.06
2.0,1.0,2.5,4.5,0.8,7200,0.8,193,60.1,8.53,0.81,1.23,0.044,4.06
5.0,1.0,2.5,3.0,0.4,14400,0.8,89,68.5,3.9,0.52,1.13,0.044,9.76
5.0,1.0,2.5,3.0,0.6,14400,0.8,89,68.5,3.9,0.52,1.13,0.044,9.76
5.0,1.0,2.5,3.0,0.8,14400,0.8,89,68.5,3.9,0.52,1.13,0.044,9.76
5.0,1.0,2.5,4.5,0.4,14400,0.8,89,68.5,3.9,0.52,1.13,0.044,9.76
5.0,1.0,2.5,4.5,0.6,14400,0.8,89,68.5,3.9,0.52,1.13,0.044,9.76
5.0,1.0,2.5,4.5,0.8,14400,0.8,89,68.5,3.9,0.52,1.13,0.044,9.76
2.0,1.0,1.5,3.0,0.4,1200,0.4,235,64.3,10.21,0.74,1.32,0.043,3.41
2.0,1.0,1.5,3.0,0.6,1200,0.4,235,64.3,10.21,0.74,1.32,0.043,3.41
2.0,1.0,1.5,3.0,0.8,1200,0.4,235,64.3,10.21,0.74,1.32,0.043,3.41
2.0,1.0,1.5,4.5,0.4,1200,0.4,235,64.3,10.21,0.74,1.32,0.043,3.41
2.0,1.0,1.5,4.5,0.6,1200,0.4,235,64.3,10.21,0.74,1.32,0.043,3.41
2.0,1.0,1.5,4.5,0.8,1200,0.4,235,64.3,10.21,0.74,1.32,0.043,3.41
2.0,1.0,2.5,3.0,0.4,1200,0.4,235,64.3,10.21,0.74,1.32,0.043,3.41
2.0,1.0,2.5,3.0,0.6,1200,0.4,235,64.3,10.21,0.74,1.32,0.043,3.41
2.0,1.0,2.5,3.0,0.8,1200,0.4,235,64.3,10.21,0.74,1.32,0.043,3.41
2.0,1.0,2.5,4.5,0.4,1200,0.4,235,64.3,10.21,0.74,1.32,0.043,3.41
2.0,1.0,2.5,4.5,0.6,1200,0.4,235,64.3,10.21,0.74,1.32,0.043,3.41
2.0,1.0,2.5,4.5,0.8,1200,0.4,235,64.3,10.21,0.74,1.32,0.043,3.41
3.0,0.7,1.5,3.0,0.4,7200,0.8,164,64.0,6.68,0.68,1.21,0.041,10.18
3.0,0.7,1.5,3.0,0.6,7200,0.8,164,64.0,6.68,0.68,1.21,0.041,10.18
3.0,0.7,1.5,3.0,0.8,7200,0.8,164,64.0,6.68,0.68,1.21,0.041,10.18
3.0,0.7,1.5,4.5,0.4,7200,0.8,164,64.0,6.68,0.68,1.21,0.041,10.18
3.0,0.7,1.5,4.5,0.6,7200,0.8,164,64.0,6.68,0.68,1.21,0.041,10.18
3.0,0.7,1.5,4.5,0.8,7200,0.8,164,64.0,6.68,0.68,1.21,0.041,10.18
5.0,1.0,1.5,3.0,0.4,1200,0.4,137,65.0,5.33,0.66,1.22,0.039,8.21
5.0,1.0,1.5,3.0,0.6,1200,0.4,137,65.0,5.33,0.66,1.22,0.039,8.21
5.0,1.0,1.5,3.0,0.8,1200,0.4,137,65.0,5.33,0.66,1.22,0.039,8.21
5.0,1.0,1.5,4.5,0.4,1200,0.4,137,65.0,5.33,0.66,1.22,0.039,8.21
5.0,1.0,1.5,4.5,0.6,1200,0.4,137,65.0,5.33,0.66,1.22,0.039,8.21
5.0,1.0,1.5,4.5,0.8,1200,0.4,137,65.0,5.33,0.66,1.22,0.039,8.21
5.0,1.0,2.5,3.0,0.4,1200,0.4,137,65.0,5.33,0.66,1.22,0.039,8.21
5.0,1.0,2.5,3.0,0.6,1200,0.4,137,65.0,5.33,0.66,1.22,0.039,8.21
5.0,1.0,2.5,3.0,0.8,1200,0.4,137,65.0,5.33,0.66,1.22,0.039,8.21
5.0,1.0,2.5,4.5,0.4,1200,0.4,137,65.0,5.33,0.66,1.22,0.039,8.21
5.0,1.0,2.5,4.5,0.6,1200,0.4,137,65.0,5.33,0.66,1.22,0.039,8.21
5.0,1.0,2.5,4.5,0.8,1200,0.4,137,65.0,5.33,0.66,1.22,0.039,8.21
2.0,1.0,1.5,3.0,0.4,14400,0.2,74,70.3,2.8,0.45,1.06,0.038,9.4
2.0,1.0,1.5,3.0,0.4,,0.4,74,70.3,2.8,0.45,1.06,0.038,9.4
2.0,1.0,1.5,3.0,0.6,14400,0.2,74,70.3,2.8,0.45,1.06,0.038,9.4
2.0,1.0,1.5,3.0,0.6,,0.4,74,70.3,2.8,0.45,1.06,0.038,9.4
2.0,1.0,1.5,3.0,0.8,14400,0.2,74,70.3,2.8,0.45,1.06,0.038,9.4
2.0,1.0,1.5,3.0,0.8,,0.4,74,70.3,2.8,0.45,1.06,0.038,9.4
2.0,1.0,1.5,4.5,0.4,14400,0.2,74,70.3,2.8,0.45,1.06,0.038,9.4
2.0,1.0,1.5,4.5,0.4,,0.4,74,70.3,2.8,0.45,1.06,0.038,9.4
2.0,1.0,1.5,4.5,0.6,14400,0.2,74,70.3,2.8,0.45,1.06,0.038,9.4
2.0,1.0,1.5,4.5,0.6,,0.4,74,70.3,2.8,0.45,1.06,0.038,9.4
2.0,1.0,1.5,4.5,0.8,14400,0.2,74,70.3,2.8,0.45,1.06,0.038,9.4
2.0,1.0,1.5,4.5,0.8,,0.4,74,70.3,2.8,0.45,1.06,0.038,9.4
2.0,1.0,2.5,3.0,0.4,14400,0.2,74,70.3,2.8,0.45,1.06,0.038,9.4
2.0,1.0,2.5,3.0,0.4,,0.4,74,70.3,2.8,0.45,1.06,0.038,9.4
2.0,1.0,2.5,3.0,0.6,14400,0.2,74,70.3,2.8,0.45,1.06,0.038,9.4
2.0,1.0,2.5,3.0,0.6,,0.4,74,70.3,2.8,0.45,1.06,0.038,9.4
2.0,1.0,2.5,3.0,0.8,14400,0.2,74,70.3,2.8,0.45,1.06,0.038,9.4
2.0,1.0,2.5,3.0,0.8,,0.4,74,70.3,2.8,0.45,1.06,0.038,9.4
2.0,1.0,2.5,4.5,0.4,14400,0.2,74,70.3,2.8,0.45,1.06,0.038,9.4
2.0,1.0,2.5,4.5,0.4,,0.4,74,70.3,2.8,0.45,1.06,0.038,9.4
2.0,1.0,2.5,4.5,0.6,14400,0.2,74,70.3,2.8,0.45,1.06,0.038,9.4
2.0,1.0,2.5,4.5,0.6,,0.4,74,70.3,2.8,0.45,1.06,0.038,9.4
2.0,1.0,2.5,4.5,0.8,14400,0.2,74,70.3,2.8,0.45,1.06,0.038,9.4
2.0,1.0,2.5,4.5,0.8,,0.4,74,70.3,2.8,0.45,1.06,0.038,9.4
5.0,1.5,2.5,3.0,0.8,1200,0.4,140,65.0,5.25,0.66,1.22,0.038,9.18
5.0,1.5,2.5,4.5,0.8,1200,0.4,140,65.0,5.25,0.66,1.22,0.038,9.18
2.0,1.0,1.5,3.0,0.4,2400,0.2,92,65.2,3.31,0.58,1.08,0.036,8.58
2.0,1.0,1.5,3.0,0.6,2400,0.2,92,65.2,3.31,0.58,1.08,0.036,8.58
2.0,1.0,1.5,3.0,0.8,2400,0.2,92,65.2,3.31,0.58,1.08,0.036,8.58
2.0,1.0,1.5,4.5,0.4,2400,0.2,92,65.2,3.31,0.58,1.08,0.036,8.58
2.0,1.0,1.5,4.5,0.6,2400,0.2,92,65.2,3.31,0.58,1.08,0.036,8.58
2.0,1.0,1.5,4.5,0.8,2400,0.2,92,65.2,3.31,0.58,1.08,0.036,8.58
3.0,1.5,2.5,3.0,0.4,14400,0.8,107,65.4,3.74,0.57,1.09,0.035,10.74
3.0,1.5,2.5,4.5,0.4,14400,0.8,107,65.4,3.74,0.57,1.09,0.035,10.74
4.0,0.7,1.5,3.0,0.4,7200,0.4,92,78.3,3.25,0.31,1.1,0.035,13.34
4.0,0.7,1.5,3.0,0.6,7200,0.4,92,78.3,3.25,0.31,1.1,0.035,13.34
4.0,0.7,1.5,3.0,0.8,7200,0.4,92,78.3,3.25,0.31,1.1,0.035,13.34
4.0,0.7,1.5,4.5,0.4,7200,0.4,92,78.3,3.25,0.31,1.1,0.035,13.34
4.0,0.7,1.5,4.5,0.6,7200,0.4,92,78.3,3.25,0.31,1.1,0.035,13.34
4.0,0.7,1.5,4.5,0.8,7200,0.4,92,78.3,3.25,0.31,1.1,0.035,13.34
2.0,1.5,2.5,3.0,0.6,1200,0.8,318,59.4,10.96,0.98,1.44,0.034,5.48
2.0,1.5,2.5,3.0,0.8,1200,0.8,318,59.4,10.96,0.98,1.44,0.034,5.48
2.0,1.5,2.5,4.5,0.6,1200,0.8,318,59.4,10.96,0.98,1.44,0.034,5.48
2.0,1.5,2.5,4.5,0.8,1200,0.8,318,59.4,10.96,0.98,1.44,0.034,5.48
3.0,1.5,2.5,3.0,0.4,1200,0.4,143,62.2,4.92,0.72,1.19,0.034,6.79
3.0,1.5,2.5,4.5,0.4,1200,0.4,143,62.2,4.92,0.72,1.19,0.034,6.79
2.0,0.7,1.5,3.0,0.4,1200,0.8,321,60.1,10.67,0.98,1.47,0.033,5.48
2.0,0.7,1.5,3.0,0.6,1200,0.8,321,60.1,10.67,0.98,1.47,0.033,5.48
2.0,0.7,1.5,3.0,0.8,1200,0.8,321,60.1,10.67,0.98,1.47,0.033,5.48
2.0,0.7,1.5,4.5,0.4,1200,0.8,321,60.1,10.67,0.98,1.47,0.033,5.48
2.0,0.7,1.5,4.5,0.6,1200,0.8,321,60.1,10.67,0.98,1.47,0.033,5.48
2.0,0.7,1.5,4.5,0.8,1200,0.8,321,60.1,10.67,0.98,1.47,0.033,5.48
2.0,0.7,2.5,3.0,0.4,1200,0.8,321,60.1,10.67,0.98,1.47,0.033,5.48
2.0,0.7,2.5,3.0,0.6,1200,0.8,321,60.1,10.67,0.98,1.47,0.033,5.48
2.0,0.7,2.5,3.0,0.8,1200,0.8,321,60.1,10.67,0.98,1.47,0.033,5.48
2.0,0.7,2.5,4.5,0.4,1200,0.8,321,60.1,10.67,0.98,1.47,0.033,5.48
2.0,0.7,2.5,4.5,0.6,1200,0.8,321,60.1,10.67,0.98,1.47,0.033,5.48
2.0,0.7,2.5,4.5,0.8,1200,0.8,321,60.1,10.67,0.98,1.47,0.033,5.48
3.0,0.7,2.5,3.0,0.4,7200,0.8,164,64.0,5.24,0.65,1.16,0.032,10.18
3.0,0.7,2.5,3.0,0.6,7200,0.8,164,64.0,5.24,0.65,1.16,0.032,10.18
3.0,0.7,2.5,3.0,0.8,7200,0.8,164,64.0,5.24,0.65,1.16,0.032,10.18
3.0,0.7,2.5,4.5,0.4,7200,0.8,164,64.0,5.24,0.65,1.16,0.032,10.18
3.0,0.7,2.5,4.5,0.6,7200,0.8,164,64.0,5.24,0.65,1.16,0.032,10.18
3.0,0.7,2.5,4.5,0.8,7200,0.8,164,64.0,5.24,0.65,1.16,0.032,10.18
3.0,1.5,2.5,3.0,0.6,1200,0.4,145,62.1,4.66,0.72,1.18,0.032,6.83
3.0,1.5,2.5,4.5,0.6,1200,0.4,145,62.1,4.66,0.72,1.18,0.032,6.83
4.0,1.5,2.5,3.0,0.6,1200,0.8,294,59.2,9.4,0.97,1.41,0.032,7.85
4.0,1.5,2.5,3.0,0.8,1200,0.8,293,59.4,9.27,0.96,1.41,0.032,7.85
4.0,1.5,2.5,4.5,0.6,1200,0.8,294,59.2,9.4,0.97,1.41,0.032,7.85
4.0,1.5,2.5,4.5,0.8,1200,0.8,293,59.4,9.27,0.96,1.41,0.032,7.85
2.0,1.0,2.5,3.0,0.4,2400,0.2,92,65.2,2.86,0.57,1.07,0.031,8.58
2.0,1.0,2.5,3.0,0.6,2400,0.2,92,65.2,2.86,0.57,1.07,0.031,8.58
2.0,1.0,2.5,3.0,0.8,2400,0.2,92,65.2,2.86,0.57,1.07,0.031,8.58
2.0,1.0,2.5,4.5,0.4,2400,0.2,92,65.2,2.86,0.57,1.07,0.031,8.58
2.0,1.0,2.5,4.5,0.6,2400,0.2,92,65.2,2.86,0.57,1.07,0.031,8.58
2.0,1.0,2.5,4.5,0.8,2400,0.2,92,65.2,2.86,0.57,1.07,0.031,8.58
2.0,1.5,2.5,3.0,0.4,1200,0.8,318,59.4,9.93,0.96,1.4,0.031,5.48
2.0,1.5,2.5,4.5,0.4,1200,0.8,318,59.4,9.93,0.96,1.4,0.031,5.48
4.0,1.5,2.5,3.0,0.6,3600,0.4,71,74.6,2.22,0.36,1.07,0.031,12.33
4.0,1.5,2.5,4.5,0.6,3600,0.4,71,74.6,2.22,0.36,1.07,0.031,12.33
4.0,1.5,2.5,3.0,0.4,1200,0.8,294,59.2,8.57,0.95,1.37,0.029,7.85
4.0,1.5,2.5,4.5,0.4,1200,0.8,294,59.2,8.57,0.95,1.37,0.029,7.85
2.0,1.0,1.5,3.0,0.4,1200,0.8,320,59.4,8.91,0.93,1.36,0.028,5.84
2.0,1.0,1.5,3.0,0.6,1200,0.8,320,59.4,8.91,0.93,1.36,0.028,5.84
2.0,1.0,1.5,3.0,0.8,1200,0.8,320,59.4,8.91,0.93,1.36,0.028,5.84
2.0,1.0,1.5,4.5,0.4,1200,0.8,320,59.4,8.91,0.93,1.36,0.028,5.84
2.0,1.0,1.5,4.5,0.6,1200,0.8,320,59.4,8.91,0.93,1.36,0.028,5.84
2.0,1.0,1.5,4.5,0.8,1200,0.8,320,59.4,8.91,0.93,1.36,0.028,5.84
2.0,1.0,2.5,3.0,0.4,1200,0.8,320,59.4,8.91,0.93,1.36,0.028,5.84
2.0,1.0,2.5,3.0,0.6,1200,0.8,320,59.4,8.91,0.93,1.36,0.028,5.84
2.0,1.0,2.5,3.0,0.8,1200,0.8,320,59.4,8.91,0.93,1.36,0.028,5.84
2.0,1.0,2.5,4.5,0.4,1200,0.8,320,59.4,8.91,0.93,1.36,0.028,5.84
2.0,1.0,2.5,4.5,0.6,1200,0.8,320,59.4,8.91,0.93,1.36,0.028,5.84
2.0,1.0,2.5,4.5,0.8,1200,0.8,320,59.4,8.91,0.93,1.36,0.028,5.84
3.0,0.7,1.5,3.0,0.4,1200,0.2,114,73.7,3.23,0.39,1.1,0.028,8.43
3.0,0.7,1.5,3.0,0.6,1200,0.2,114,73.7,3.23,0.39,1.1,0.028,8.43
3.0,0.7,1.5,3.0,0.8,1200,0.2,114,73.7,3.23,0.39,1.1,0.028,8.43
3.0,0.7,1.5,4.5,0.4,1200,0.2,114,73.7,3.23,0.39,1.1,0.028,8.43
3.0,0.7,1.5,4.5,0.6,1200,0.2,114,73.7,3.23,0.39,1.1,0.028,8.43
3.0,0.7,1.5,4.5,0.8,1200,0.2,114,73.7,3.23,0.39,1.1,0.028,8.43
3.0,1.0,1.5,3.0,0.4,1200,0.4,149,62.4,4.2,0.7,1.16,0.028,6.74
3.0,1.0,1.5,3.0,0.6,1200,0.4,149,62.4,4.2,0.7,1.16,0.028,6.74
3.0,1.0,1.5,3.0,0.8,1200,0.4,149,62.4,4.2,0.7,1.16,0.028,6.74
3.0,1.0,1.5,4.5,0.4,1200,0.4,149,62.4,4.2,0.7,1.16,0.028,6.74
3.0,1.0,1.5,4.5,0.6,1200,0.4,149,62.4,4.2,0.7,1.16,0.028,6.74
3.0,1.0,1.5,4.5,0.8,1200,0.4,149,62.4,4.2,0.7,1.16,0.028,6.74
4.0,1.0,1.5,3.0,0.4,1200,0.8,296,59.1,8.21,0.94,1.36,0.028,7.85
4.0,1.0,1.5,3.0,0.6,1200,0.8,296,59.1,8.21,0.94,1.36,0.028,7.85
4.0,1.0,1.5,3.0,0.8,1200,0.8,296,59.1,8.21,0.94,1.36,0.028,7.85
4.0,1.0,1.5,4.5,0.4,1200,0.8,296,59.1,8.21,0.94,1.36,0.028,7.85
4.0,1.0,1.5,4.5,0.6,1200,0.8,296,59.1,8.21,0.94,1.36,0.028,7.85
4.0,1.0,1.5,4.5,0.8,1200,0.8,296,59.1,8.21,0.94,1.36,0.028,7.85
4.0,1.0,2.5,3.0,0.4,1200,0.8,296,59.1,8.21,0.94,1.36,0.028,7.85
4.0,1.0,2.5,3.0,0.6,1200,0.8,296,59.1,8.21,0.94,1.36,0.028,7.85
4.0,1.0,2.5,3.0,0.8,1200,0.8,296,59.1,8.21,0.94,1.36,0.028,7.85
4.0,1.0,2.5,4.5,0.4,1200,0.8,296,59.1,8.21,0.94,1.36,0.028,7.85
4.0,1.0,2.5,4.5,0.6,1200,0.8,296,59.1,8.21,0.94,1.36,0.028,7.85
4.0,1.0,2.5,4.5,0.8,1200,0.8,296,59.1,8.21,0.94,1.36,0.028,7.85
2.0,1.0,1.5,3.0,0.4,7200,0.2,76,69.7,2.03,0.45,1.05,0.027,9.4
2.0,1.0,1.5,3.0,0.6,7200,0.2,76,69.7,2.03,0.45,1.05,0.027,9.4
2.0,1.0,1.5,3.0,0.8,7200,0.2,76,69.7,2.03,0.45,1.05,0.027,9.4
2.0,1.0,1.5,4.5,0.4,7200,0.2,76,69.7,2.03,0.45,1.05,0.027,9.4
2.0,1.0,1.5,4.5,0.6,7200,0.2,76,69.7,2.03,0.45,1.05,0.027,9.4
2.0,1.0,1.5,4.5,0.8,7200,0.2,76,69.7,2.03,0.45,1.05,0.027,9.4
2.0,1.0,2.5,3.0,0.4,7200,0.2,76,69.7,2.03,0.45,1.05,0.027,9.4
2.0,1.0,2.5,3.0,0.6,7200,0.2,76,69.7,2.03,0.45,1.05,0.027,9.4
2.0,1.0,2.5,3.0,0.8,7200,0.2,76,69.7,2.03,0.45,1.05,0.027,9.4
2.0,1.0,2.5,4.5,0.4,7200,0.2,76,69.7,2.03,0.45,1.05,0.027,9.4
2.0,1.0,2.5,4.5,0.6,7200,0.2,76,69.7,2.03,0.45,1.05,0.027,9.4
2.0,1.0,2.5,4.5,0.8,7200,0.2,76,69.7,2.03,0.45,1.05,0.027,9.4
3.0,0.7,1.5,3.0,0.4,1200,0.8,295,60.3,7.94,0.88,1.34,0.027,8.21
3.0,0.7,1.5,3.0,0.6,1200,0.8,295,60.3,7.94,0.88,1.34,0.027,8.21
3.0,0.7,1.5,3.0,0.8,1200,0.8,295,60.3,7.94,0.88,1.34,0.027,8.21
3.0,0.7,1.5,4.5,0.4,1200,0.8,295,60.3,7.94,0.88,1.34,0.027,8.21
3.0,0.7,1.5,4.5,0.6,1200,0.8,295,60.3,7.94,0.88,1.34,0.027,8.21
3.0,0.7,1.5,4.5,0.8,1200,0.8,295,60.3,7.94,0.88,1.34,0.027,8.21
3.0,0.7,2.5,3.0,0.4,1200,0.8,295,60.3,7.94,0.88,1.34,0.027,8.21
3.0,0.7,2.5,3.0,0.6,1200,0.8,295,60.3,7.94,0.88,1.34,0.027,8.21
3.0,0.7,2.5,3.0,0.8,1200,0.8,295,60.3,7.94,0.88,1.34,0.027,8.21
3.0,0.7,2.5,4.5,0.4,1200,0.8,295,60.3,7.94,0.88,1.34,0.027,8.21
3.0,0.7,2.5,4.5,0.6,1200,0.8,295,60.3,7.94,0.88,1.34,0.027,8.21
3.0,0.7,2.5,4.5,0.8,1200,0.8,295,60.3,7.94,0.88,1.34,0.027,8.21
4.0,0.7,2.5,3.0,0.4,7200,0.4,92,78.3,2.53,0.3,1.08,0.027,13.34
4.0,0.7,2.5,3.0,0.6,7200,0.4,92,78.3,2.53,0.3,1.08,0.027,13.34
4.0,0.7,2.5,3.0,0.8,7200,0.4,92,78.3,2.53,0.3,1.08,0.027,13.34
4.0,0.7,2.5,4.5,0.4,7200,0.4,92,78.3,2.53,0.3,1.08,0.027,13.34
4.0,0.7,2.5,4.5,0.6,7200,0.4,92,78.3,2.53,0.3,1.08,0.027,13.34
4.0,0.7,2.5,4.5,0.8,7200,0.4,92,78.3,2.53,0.3,1.08,0.027,13.34
3.0,1.0,1.5,3.0,0.4,14400,0.8,114,67.5,2.95,0.51,1.07,0.026,12.02
3.0,1.0,1.5,3.0,0.6,14400,0.8,114,67.5,2.95,0.51,1.07,0.026,12.02
3.0,1.0,1.5,3.0,0.8,14400,0.8,114,67.5,2.95,0.51,1.07,0.026,12.02
3.0,1.0,1.5,4.5,0.4,14400,0.8,114,67.5,2.95,0.51,1.07,0.026,12.02
3.0,1.0,1.5,4.5,0.6,14400,0.8,114,67.5,2.95,0.51,1.07,0.026,12.02
3.0,1.0,1.5,4.5,0.8,14400,0.8,114,67.5,2.95,0.51,1.07,0.026,12.02
3.0,1.5,2.5,3.0,0.6,14400,0.8,106,65.1,2.8,0.57,1.06,0.026,10.3
3.0,1.5,2.5,4.5,0.6,14400,0.8,106,65.1,2.8,0.57,1.06,0.026,10.3
3.0,1.0,2.5,3.0,0.4,1200,0.4,149,62.4,3.75,0.69,1.15,0.025,6.86
3.0,1.0,2.5,3.0,0.6,1200,0.4,149,62.4,3.75,0.69,1.15,0.025,6.86
3.0,1.0,2.5,3.0,0.8,1200,0.4,149,62.4,3.75,0.69,1.15,0.025,6.86
3.0,1.0,2.5,4.5,0.4,1200,0.4,149,62.4,3.75,0.69,1.15,0.025,6.86
3.0,1.0,2.5,4.5,0.6,1200,0.4,149,62.4,3.75,0.69,1.15,0.025,6.86
3.0,1.0,2.5,4.5,0.8,1200,0.4,149,62.4,3.75,0.69,1.15,0.025,6.86
3.0,1.5,2.5,3.0,0.8,1200,0.4,161,60.9,3.95,0.74,1.15,0.025,7.03
3.0,1.5,2.5,4.5,0.8,1200,0.4,161,60.9,3.95,0.74,1.15,0.025,7.03
5.0,1.5,2.5,3.0,0.6,1200,0.8,291,59.5,7.36,0.89,1.3,0.025,9.89
5.0,1.5,2.5,3.0,0.8,1200,0.8,290,59.7,7.23,0.87,1.29,0.025,9.89
5.0,1.5,2.5,4.5,0.6,1200,0.8,291,59.5,7.36,0.89,1.3,0.025,9.89
5.0,1.5,2.5,4.5,0.8,1200,0.8,290,59.7,7.23,0.87,1.29,0.025,9.89
3.0,1.5,2.5,3.0,0.6,1200,0.8,280,60.0,6.6,0.84,1.26,0.024,9.75
3.0,1.5,2.5,3.0,0.8,1200,0.8,280,60.0,6.6,0.84,1.26,0.024,9.75
3.0,1.5,2.5,4.5,0.6,1200,0.8,280,60.0,6.6,0.84,1.26,0.024,9.75
3.0,1.5,2.5,4.5,0.8,1200,0.8,280,60.0,6.6,0.84,1.26,0.024,9.75
3.0,0.7,2.5,3.0,0.4,1200,0.2,114,73.7,2.51,0.39,1.08,0.022,8.43
3.0,0.7,2.5,3.0,0.6,1200,0.2,114,73.7,2.51,0.39,1.08,0.022,8.43
3.0,0.7,2.5,3.0,0.8,1200,0.2,114,73.7,2.51,0.39,1.08,0.022,8.43
3.0,0.7,2.5,4.5,0.4,1200,0.2,114,73.7,2.51,0.39,1.08,0.022,8.43
3.0,0.7,2.5,4.5,0.6,1200,0.2,114,73.7,2.51,0.39,1.08,0.022,8.43
3.0,0.7,2.5,4.5,0.8,1200,0.2,114,73.7,2.51,0.39,1.08,0.022,8.43
3.0,1.0,2.5,3.0,0.4,14400,0.8,114,67.5,2.5,0.51,1.06,0.022,12.02
3.0,1.0,2.5,3.0,0.6,14400,0.8,114,67.5,2.5,0.51,1.06,0.022,12.02
3.0,1.0,2.5,3.0,0.8,14400,0.8,114,67.5,2.5,0.51,1.06,0.022,12.02
3.0,1.0,2.5,4.5,0.4,14400,0.8,114,67.5,2.5,0.51,1.06,0.022,12.02
3.0,1.0,2.5,4.5,0.6,14400,0.8,114,67.5,2.5,0.51,1.06,0.022,12.02
3.0,1.0,2.5,4.5,0.8,14400,0.8,114,67.5,2.5,0.51,1.06,0.022,12.02
5.0,1.5,2.5,3.0,0.4,1200,0.8,291,59.5,6.53,0.86,1.26,0.022,9.89
5.0,1.5,2.5,4.5,0.4,1200,0.8,291,59.5,6.53,0.86,1.26,0.022,9.89
4.0,1.5,2.5,3.0,0.8,3600,0.4,80,72.5,1.68,0.4,1.05,0.021,11.79
4.0,1.5,2.5,4.5,0.8,3600,0.4,80,72.5,1.68,0.4,1.05,0.021,11.79
5.0,1.0,1.5,3.0,0.4,1200,0.8,293,59.4,6.17,0.85,1.25,0.021,9.89
5.0,1.0,1.5,3.0,0.6,1200,0.8,293,59.4,6.17,0.85,1.25,0.021,9.89
5.0,1.0,1.5,3.0,0.8,1200,0.8,293,59.4,6.17,0.85,1.25,0.021,9.89
5.0,1.0,1.5,4.5,0.4,1200,0.8,293,59.4,6.17,0.85,1.25,0.021,9.89
5.0,1.0,1.5,4.5,0.6,1200,0.8,293,59.4,6.17,0.85,1.25,0.021,9.89
5.0,1.0,1.5,4.5,0.8,1200,0.8,293,59.4,6.17,0.85,1.25,0.021,9.89
5.0,1.0,2.5,3.0,0.4,1200,0.8,293,59.4,6.17,0.85,1.25,0.021,9.89
5.0,1.0,2.5,3.0,0.6,1200,0.8,293,59.4,6.17,0.85,1.25,0.021,9.89
5.0,1.0,2.5,3.0,0.8,1200,0.8,293,59.4,6.17,0.85,1.25,0.021,9.89
5.0,1.0,2.5,4.5,0.4,1200,0.8,293,59.4,6.17,0.85,1.25,0.021,9.89
5.0,1.0,2.5,4.5,0.6,1200,0.8,293,59.4,6.17,0.85,1.25,0.021,9.89
5.0,1.0,2.5,4.5,0.8,1200,0.8,293,59.4,6.17,0.85,1.25,0.021,9.89
3.0,1.5,2.5,3.0,0.4,1200,0.8,280,60.0,5.57,0.81,1.22,0.02,9.75
3.0,1.5,2.5,4.5,0.4,1200,0.8,280,60.0,5.57,0.81,1.22,0.02,9.75
3.0,1.0,1.5,3.0,0.4,1200,0.8,282,59.9,5.0,0.8,1.2,0.018,9.75
3.0,1.0,1.5,3.0,0.6,1200,0.8,282,59.9,5.0,0.8,1.2,0.018,9.75
3.0,1.0,1.5,3.0,0.8,1200,0.8,282,59.9,5.0,0.8,1.2,0.018,9.75
3.0,1.0,1.5,4.5,0.4,1200,0.8,282,59.9,5.0,0.8,1.2,0.018,9.75
3.0,1.0,1.5,4.5,0.6,1200,0.8,282,59.9,5.0,0.8,1.2,0.018,9.75
3.0,1.0,1.5,4.5,0.8,1200,0.8,282,59.9,5.0,0.8,1.2,0.018,9.75
3.0,1.0,2.5,3.0,0.4,1200,0.8,282,59.9,5.0,0.8,1.2,0.018,9.75
3.0,1.0,2.5,3.0,0.6,1200,0.8,282,59.9,5.0,0.8,1.2,0.018,9.75
3.0,1.0,2.5,3.0,0.8,1200,0.8,282,59.9,5.0,0.8,1.2,0.018,9.75
3.0,1.0,2.5,4.5,0.4,1200,0.8,282,59.9,5.0,0.8,1.2,0.018,9.75
3.0,1.0,2.5,4.5,0.6,1200,0.8,282,59.9,5.0,0.8,1.2,0.018,9.75
3.0,1.0,2.5,4.5,0.8,1200,0.8,282,59.9,5.0,0.8,1.2,0.018,9.75
4.0,0.7,1.5,3.0,0.4,1200,0.8,292,60.6,5.02,0.78,1.19,0.017,11.13
4.0,0.7,1.5,3.0,0.6,1200,0.8,292,60.6,5.02,0.78,1.19,0.017,11.13
4.0,0.7,1.5,3.0,0.8,1200,0.8,292,60.6,5.02,0.78,1.19,0.017,11.13
4.0,0.7,1.5,4.5,0.4,1200,0.8,292,60.6,5.02,0.78,1.19,0.017,11.13
4.0,0.7,1.5,4.5,0.6,1200,0.8,292,60.6,5.02,0.78,1.19,0.017,11.13
4.0,0.7,1.5,4.5,0.8,1200,0.8,292,60.6,5.02,0.78,1.19,0.017,11.13
4.0,0.7,2.5,3.0,0.4,1200,0.8,292,60.6,5.02,0.78,1.19,0.017,11.13
4.0,0.7,2.5,3.0,0.6,1200,0.8,292,60.6,5.02,0.78,1.19,0.017,11.13
4.0,0.7,2.5,3.0,0.8,1200,0.8,292,60.6,5.02,0.78,1.19,0.017,11.13
4.0,0.7,2.5,4.5,0.4,1200,0.8,292,60.6,5.02,0.78,1.19,0.017,11.13
4.0,0.7,2.5,4.5,0.6,1200,0.8,292,60.6,5.02,0.78,1.19,0.017,11.13
4.0,0.7,2.5,4.5,0.8,1200,0.8,292,60.6,5.02,0.78,1.19,0.017,11.13
2.0,1.5,2.5,3.0,0.4,3600,0.8,228,61.8,3.49,0.68,1.1,0.015,6.91
2.0,1.5,2.5,3.0,0.8,14400,0.8,132,59.8,1.94,0.7,1.04,0.015,10.09
2.0,1.5,2.5,4.5,0.4,3600,0.8,228,61.8,3.49,0.68,1.1,0.015,6.91
2.0,1.5,2.5,4.5,0.8,14400,0.8,132,59.8,1.94,0.7,1.04,0.015,10.09
2.0,1.5,2.5,3.0,0.6,3600,0.8,228,61.8,3.25,0.67,1.09,0.014,6.91
2.0,1.5,2.5,4.5,0.6,3600,0.8,228,61.8,3.25,0.67,1.09,0.014,6.91
4.0,0.7,1.5,3.0,0.4,7200,0.8,165,62.4,2.24,0.64,1.06,0.014,10.36
4.0,0.7,1.5,3.0,0.6,7200,0.8,165,62.4,2.24,0.64,1.06,0.014,10.36
4.0,0.7,1.5,3.0,0.8,7200,0.8,165,62.4,2.24,0.64,1.06,0.014,10.36
4.0,0.7,1.5,4.5,0.4,7200,0.8,165,62.4,2.24,0.64,1.06,0.014,10.36
4.0,0.7,1.5,4.5,0.6,7200,0.8,165,62.4,2.24,0.64,1.06,0.014,10.36
4.0,0.7,1.5,4.5,0.8,7200,0.8,165,62.4,2.24,0.64,1.06,0.014,10.36
2.0,1.5,2.5,3.0,0.8,3600,0.8,227,61.7,2.44,0.66,1.07,0.011,7.0
2.0,1.5,2.5,4.5,0.8,3600,0.8,227,61.7,2.44,0.66,1.07,0.011,7.0
2.0,0.7,1.5,3.0,0.4,2400,0.8,266,56.4,2.61,0.84,1.08,0.01,8.72
2.0,0.7,1.5,3.0,0.6,2400,0.8,266,56.4,2.61,0.84,1.08,0.01,8.72
2.0,0.7,1.5,3.0,0.8,2400,0.8,266,56.4,2.61,0.84,1.08,0.01,8.72
2.0,0.7,1.5,4.5,0.4,2400,0.8,266,56.4,2.61,0.84,1.08,0.01,8.72
2.0,0.7,1.5,4.5,0.6,2400,0.8,266,56.4,2.61,0.84,1.08,0.01,8.72
2.0,0.7,1.5,4.5,0.8,2400,0.8,266,56.4,2.61,0.84,1.08,0.01,8.72
2.0,0.7,2.5,3.0,0.4,2400,0.8,266,56.4,2.61,0.84,1.08,0.01,8.72
2.0,0.7,2.5,3.0,0.6,2400,0.8,266,56.4,2.61,0.84,1.08,0.01,8.72
2.0,0.7,2.5,3.0,0.8,2400,0.8,266,56.4,2.61,0.84,1.08,0.01,8.72
2.0,0.7,2.5,4.5,0.4,2400,0.8,266,56.4,2.61,0.84,1.08,0.01,8.72
2.0,0.7,2.5,4.5,0.6,2400,0.8,266,56.4,2.61,0.84,1.08,0.01,8.72
2.0,0.7,2.5,4.5,0.8,2400,0.8,266,56.4,2.61,0.84,1.08,0.01,8.72
2.0,0.7,1.5,3.0,0.4,3600,0.8,241,61.4,2.09,0.67,1.06,0.009,8.61
2.0,0.7,1.5,3.0,0.6,3600,0.8,241,61.4,2.09,0.67,1.06,0.009,8.61
2.0,0.7,1.5,3.0,0.8,3600,0.8,241,61.4,2.09,0.67,1.06,0.009,8.61
2.0,0.7,1.5,4.5,0.4,3600,0.8,241,61.4,2.09,0.67,1.06,0.009,8.61
2.0,0.7,1.5,4.5,0.6,3600,0.8,241,61.4,2.09,0.67,1.06,0.009,8.61
2.0,0.7,1.5,4.5,0.8,3600,0.8,241,61.4,2.09,0.67,1.06,0.009,8.61
2.0,0.7,2.5,3.0,0.4,3600,0.8,241,61.4,2.09,0.67,1.06,0.009,8.61
2.0,0.7,2.5,3.0,0.6,3600,0.8,241,61.4,2.09,0.67,1.06,0.009,8.61
2.0,0.7,2.5,3.0,0.8,3600,0.8,241,61.4,2.09,0.67,1.06,0.009,8.61
2.0,0.7,2.5,4.5,0.4,3600,0.8,241,61.4,2.09,0.67,1.06,0.009,8.61
2.0,0.7,2.5,4.5,0.6,3600,0.8,241,61.4,2.09,0.67,1.06,0.009,8.61
2.0,0.7,2.5,4.5,0.8,3600,0.8,241,61.4,2.09,0.67,1.06,0.009,8.61
4.0,1.5,2.5,3.0,0.4,14400,0.8,89,66.3,0.78,0.52,1.02,0.009,13.38
4.0,1.5,2.5,4.5,0.4,14400,0.8,89,66.3,0.78,0.52,1.02,0.009,13.38
2.0,1.5,2.5,3.0,0.6,2400,0.8,257,56.4,1.82,0.81,1.05,0.007,9.15
2.0,1.5,2.5,4.5,0.6,2400,0.8,257,56.4,1.82,0.81,1.05,0.007,9.15
5.0,0.7,1.5,3.0,0.4,1200,0.8,289,60.9,1.98,0.69,1.07,0.007,14.17
5.0,0.7,1.5,3.0,0.6,1200,0.8,289,60.9,1.98,0.69,1.07,0.007,14.17
5.0,0.7,1.5,3.0,0.8,1200,0.8,289,60.9,1.98,0.69,1.07,0.007,14.17
5.0,0.7,1.5,4.5,0.4,1200,0.8,289,60.9,1.98,0.69,1.07,0.007,14.17
5.0,0.7,1.5,4.5,0.6,1200,0.8,289,60.9,1.98,0.69,1.07,0.007,14.17
5.0,0.7,1.5,4.5,0.8,1200,0.8,289,60.9,1.98,0.69,1.07,0.007,14.17
5.0,0.7,2.5,3.0,0.4,1200,0.8,289,60.9,1.98,0.69,1.07,0.007,14.17
5.0,0.7,2.5,3.0,0.6,1200,0.8,289,60.9,1.98,0.69,1.07,0.007,14.17
5.0,0.7,2.5,3.0,0.8,1200,0.8,289,60.9,1.98,0.69,1.07,0.007,14.17
5.0,0.7,2.5,4.5,0.4,1200,0.8,289,60.9,1.98,0.69,1.07,0.007,14.17
5.0,0.7,2.5,4.5,0.6,1200,0.8,289,60.9,1.98,0.69,1.07,0.007,14.17
5.0,0.7,2.5,4.5,0.8,1200,0.8,289,60.9,1.98,0.69,1.07,0.007,14.17
2.0,1.5,2.5,3.0,0.4,2400,0.8,257,56.4,1.63,0.81,1.05,0.006,8.55
2.0,1.5,2.5,4.5,0.4,2400,0.8,257,56.4,1.63,0.81,1.05,0.006,8.55
4.0,0.7,1.5,3.0,0.4,3600,0.8,203,62.6,1.14,0.62,1.04,0.006,8.04
4.0,0.7,1.5,3.0,0.6,3600,0.8,203,62.6,1.14,0.62,1.04,0.006,8.04
4.0,0.7,1.5,3.0,0.8,3600,0.8,203,62.6,1.14,0.62,1.04,0.006,8.04
4.0,0.7,1.5,4.5,0.4,3600,0.8,203,62.6,1.14,0.62,1.04,0.006,8.04
4.0,0.7,1.5,4.5,0.6,3600,0.8,203,62.6,1.14,0.62,1.04,0.006,8.04
4.0,0.7,1.5,4.5,0.8,3600,0.8,203,62.6,1.14,0.62,1.04,0.006,8.04
4.0,0.7,2.5,3.0,0.4,3600,0.8,203,62.6,1.14,0.62,1.04,0.006,8.04
4.0,0.7,2.5,3.0,0.6,3600,0.8,203,62.6,1.14,0.62,1.04,0.006,8.04
4.0,0.7,2.5,3.0,0.8,3600,0.8,203,62.6,1.14,0.62,1.04,0.006,8.04
4.0,0.7,2.5,4.5,0.4,3600,0.8,203,62.6,1.14,0.62,1.04,0.006,8.04
4.0,0.7,2.5,4.5,0.6,3600,0.8,203,62.6,1.14,0.62,1.04,0.006,8.04
4.0,0.7,2.5,4.5,0.8,3600,0.8,203,62.6,1.14,0.62,1.04,0.006,8.04
2.0,1.0,1.5,3.0,0.4,3600,0.8,232,61.2,1.08,0.65,1.03,0.005,7.85
2.0,1.0,1.5,3.0,0.6,3600,0.8,232,61.2,1.08,0.65,1.03,0.005,7.85
2.0,1.0,1.5,3.0,0.8,3600,0.8,232,61.2,1.08,0.65,1.03,0.005,7.85
2.0,1.0,1.5,4.5,0.4,3600,0.8,232,61.2,1.08,0.65,1.03,0.005,7.85
2.0,1.0,1.5,4.5,0.6,3600,0.8,232,61.2,1.08,0.65,1.03,0.005,7.85
2.0,1.0,1.5,4.5,0.8,3600,0.8,232,61.2,1.08,0.65,1.03,0.005,7.85
2.0,1.0,2.5,3.0,0.4,3600,0.8,232,61.2,1.08,0.65,1.03,0.005,7.85
2.0,1.0,2.5,3.0,0.6,3600,0.8,232,61.2,1.08,0.65,1.03,0.005,7.85
2.0,1.0,2.5,3.0,0.8,3600,0.8,232,61.2,1.08,0.65,1.03,0.005,7.85
2.0,1.0,2.5,4.5,0.4,3600,0.8,232,61.2,1.08,0.65,1.03,0.005,7.85
2.0,1.0,2.5,4.5,0.6,3600,0.8,232,61.2,1.08,0.65,1.03,0.005,7.85
2.0,1.0,2.5,4.5,0.8,3600,0.8,232,61.2,1.08,0.65,1.03,0.005,7.85
4.0,0.7,2.5,3.0,0.4,7200,0.8,165,62.4,0.8,0.62,1.02,0.005,10.36
4.0,0.7,2.5,3.0,0.6,7200,0.8,165,62.4,0.8,0.62,1.02,0.005,10.36
4.0,0.7,2.5,3.0,0.8,7200,0.8,165,62.4,0.8,0.62,1.02,0.005,10.36
4.0,0.7,2.5,4.5,0.4,7200,0.8,165,62.4,0.8,0.62,1.02,0.005,10.36
4.0,0.7,2.5,4.5,0.6,7200,0.8,165,62.4,0.8,0.62,1.02,0.005,10.36
4.0,0.7,2.5,4.5,0.8,7200,0.8,165,62.4,0.8,0.62,1.02,0.005,10.36
2.0,1.5,2.5,3.0,0.4,14400,0.8,132,58.3,0.41,0.72,1.01,0.003,8.9
2.0,1.5,2.5,4.5,0.4,14400,0.8,132,58.3,0.41,0.72,1.01,0.003,8.9
4.0,0.7,1.5,3.0,0.4,2400,0.8,231,58.0,0.68,0.74,1.02,0.003,9.26
4.0,0.7,1.5,3.0,0.6,2400,0.8,231,58.0,0.68,0.74,1.02,0.003,9.26
4.0,0.7,1.5,3.0,0.8,2400,0.8,231,58.0,0.68,0.74,1.02,0.003,9.26
4.0,0.7,1.5,4.5,0.4,2400,0.8,231,58.0,0.68,0.74,1.02,0.003,9.26
4.0,0.7,1.5,4.5,0.6,2400,0.8,231,58.0,0.68,0.74,1.02,0.003,9.26
4.0,0.7,1.5,4.5,0.8,2400,0.8,231,58.0,0.68,0.74,1.02,0.003,9.26
4.0,0.7,2.5,3.0,0.4,2400,0.8,231,58.0,0.68,0.74,1.02,0.003,9.26
4.0,0.7,2.5,3.0,0.6,2400,0.8,231,58.0,0.68,0.74,1.02,0.003,9.26
4.0,0.7,2.5,3.0,0.8,2400,0.8,231,58.0,0.68,0.74,1.02,0.003,9.26
4.0,0.7,2.5,4.5,0.4,2400,0.8,231,58.0,0.68,0.74,1.02,0.003,9.26
4.0,0.7,2.5,4.5,0.6,2400,0.8,231,58.0,0.68,0.74,1.02,0.003,9.26
4.0,0.7,2.5,4.5,0.8,2400,0.8,231,58.0,0.68,0.74,1.02,0.003,9.26
2.0,1.0,1.5,3.0,0.4,2400,0.8,260,56.2,0.48,0.79,1.01,0.002,9.42
2.0,1.0,1.5,3.0,0.6,2400,0.8,260,56.2,0.48,0.79,1.01,0.002,9.42
2.0,1.0,1.5,3.0,0.8,2400,0.8,260,56.2,0.48,0.79,1.01,0.002,9.42
2.0,1.0,1.5,4.5,0.4,2400,0.8,260,56.2,0.48,0.79,1.01,0.002,9.42
2.0,1.0,1.5,4.5,0.6,2400,0.8,260,56.2,0.48,0.79,1.01,0.002,9.42
2.0,1.0,1.5,4.5,0.8,2400,0.8,260,56.2,0.48,0.79,1.01,0.002,9.42
2.0,1.0,2.5,3.0,0.4,2400,0.8,260,56.2,0.48,0.79,1.01,0.002,9.42
2.0,1.0,2.5,3.0,0.6,2400,0.8,260,56.2,0.48,0.79,1.01,0.002,9.42
2.0,1.0,2.5,3.0,0.8,2400,0.8,260,56.2,0.48,0.79,1.01,0.002,9.42
2.0,1.0,2.5,4.5,0.4,2400,0.8,260,56.2,0.48,0.79,1.01,0.002,9.42
2.0,1.0,2.5,4.5,0.6,2400,0.8,260,56.2,0.48,0.79,1.01,0.002,9.42
2.0,1.0,2.5,4.5,0.8,2400,0.8,260,56.2,0.48,0.79,1.01,0.002,9.42
2.0,1.5,2.5,3.0,0.8,2400,0.8,256,56.2,0.61,0.79,1.02,0.002,10.16
2.0,1.5,2.5,4.5,0.8,2400,0.8,256,56.2,0.61,0.79,1.02,0.002,10.16
5.0,0.7,1.5,3.0,0.4,3600,0.8,169,63.3,0.02,0.58,1.0,0.0,10.1
5.0,0.7,1.5,3.0,0.6,3600,0.8,169,63.3,0.02,0.58,1.0,0.0,10.1
5.0,0.7,1.5,3.0,0.8,3600,0.8,169,63.3,0.02,0.58,1.0,0.0,10.1
5.0,0.7,1.5,4.5,0.4,3600,0.8,169,63.3,0.02,0.58,1.0,0.0,10.1
5.0,0.7,1.5,4.5,0.6,3600,0.8,169,63.3,0.02,0.58,1.0,0.0,10.1
5.0,0.7,1.5,4.5,0.8,3600,0.8,169,63.3,0.02,0.58,1.0,0.0,10.1
5.0,0.7,2.5,3.0,0.4,3600,0.8,169,63.3,0.02,0.58,1.0,0.0,10.1
5.0,0.7,2.5,3.0,0.6,3600,0.8,169,63.3,0.02,0.58,1.0,0.0,10.1
5.0,0.7,2.5,3.0,0.8,3600,0.8,169,63.3,0.02,0.58,1.0,0.0,10.1
5.0,0.7,2.5,4.5,0.4,3600,0.8,169,63.3,0.02,0.58,1.0,0.0,10.1
5.0,0.7,2.5,4.5,0.6,3600,0.8,169,63.3,0.02,0.58,1.0,0.0,10.1
5.0,0.7,2.5,4.5,0.8,3600,0.8,169,63.3,0.02,0.58,1.0,0.0,10.1
2.0,1.0,1.5,3.0,0.4,14400,0.8,139,60.4,-0.11,0.65,1.0,-0.001,11.23
2.0,1.0,1.5,3.0,0.6,14400,0.8,139,60.4,-0.11,0.65,1.0,-0.001,11.23
2.0,1.0,1.5,3.0,0.8,14400,0.8,139,60.4,-0.11,0.65,1.0,-0.001,11.23
2.0,1.0,1.5,4.5,0.4,14400,0.8,139,60.4,-0.11,0.65,1.0,-0.001,11.23
2.0,1.0,1.5,4.5,0.6,14400,0.8,139,60.4,-0.11,0.65,1.0,-0.001,11.23
2.0,1.0,1.5,4.5,0.8,14400,0.8,139,60.4,-0.11,0.65,1.0,-0.001,11.23
2.0,1.0,2.5,3.0,0.4,14400,0.8,139,60.4,-0.11,0.65,1.0,-0.001,11.23
2.0,1.0,2.5,3.0,0.6,14400,0.8,139,60.4,-0.11,0.65,1.0,-0.001,11.23
2.0,1.0,2.5,3.0,0.8,14400,0.8,139,60.4,-0.11,0.65,1.0,-0.001,11.23
2.0,1.0,2.5,4.5,0.4,14400,0.8,139,60.4,-0.11,0.65,1.0,-0.001,11.23
2.0,1.0,2.5,4.5,0.6,14400,0.8,139,60.4,-0.11,0.65,1.0,-0.001,11.23
2.0,1.0,2.5,4.5,0.8,14400,0.8,139,60.4,-0.11,0.65,1.0,-0.001,11.23
2.0,1.5,2.5,3.0,0.6,14400,0.8,132,58.3,-0.08,0.71,1.0,-0.001,8.9
2.0,1.5,2.5,4.5,0.6,14400,0.8,132,58.3,-0.08,0.71,1.0,-0.001,8.9
4.0,1.0,1.5,3.0,0.4,3600,0.4,80,72.5,-0.19,0.38,0.99,-0.002,13.14
4.0,1.0,1.5,3.0,0.6,3600,0.4,80,72.5,-0.19,0.38,0.99,-0.002,13.14
4.0,1.0,1.5,3.0,0.8,3600,0.4,80,72.5,-0.19,0.38,0.99,-0.002,13.14
4.0,1.0,1.5,4.5,0.4,3600,0.4,80,72.5,-0.19,0.38,0.99,-0.002,13.14
4.0,1.0,1.5,4.5,0.6,3600,0.4,80,72.5,-0.19,0.38,0.99,-0.002,13.14
4.0,1.0,1.5,4.5,0.8,3600,0.4,80,72.5,-0.19,0.38,0.99,-0.002,13.14
3.0,0.7,1.5,3.0,0.4,2400,0.8,225,58.7,-0.9,0.68,0.97,-0.004,12.44
3.0,0.7,1.5,3.0,0.6,2400,0.8,225,58.7,-0.9,0.68,0.97,-0.004,12.44
3.0,0.7,1.5,3.0,0.8,2400,0.8,225,58.7,-0.9,0.68,0.97,-0.004,12.44
3.0,0.7,1.5,4.5,0.4,2400,0.8,225,58.7,-0.9,0.68,0.97,-0.004,12.44
3.0,0.7,1.5,4.5,0.6,2400,0.8,225,58.7,-0.9,0.68,0.97,-0.004,12.44
3.0,0.7,1.5,4.5,0.8,2400,0.8,225,58.7,-0.9,0.68,0.97,-0.004,12.44
3.0,0.7,2.5,3.0,0.4,2400,0.8,225,58.7,-0.9,0.68,0.97,-0.004,12.44
3.0,0.7,2.5,3.0,0.6,2400,0.8,225,58.7,-0.9,0.68,0.97,-0.004,12.44
3.0,0.7,2.5,3.0,0.8,2400,0.8,225,58.7,-0.9,0.68,0.97,-0.004,12.44
3.0,0.7,2.5,4.5,0.4,2400,0.8,225,58.7,-0.9,0.68,0.97,-0.004,12.44
3.0,0.7,2.5,4.5,0.6,2400,0.8,225,58.7,-0.9,0.68,0.97,-0.004,12.44
3.0,0.7,2.5,4.5,0.8,2400,0.8,225,58.7,-0.9,0.68,0.97,-0.004,12.44
4.0,1.5,2.5,3.0,0.6,14400,0.8,89,66.3,-0.34,0.5,0.99,-0.004,13.17
4.0,1.5,2.5,4.5,0.6,14400,0.8,89,66.3,-0.34,0.5,0.99,-0.004,13.17
3.0,0.7,1.5,3.0,0.4,3600,0.8,207,61.8,-1.47,0.59,0.96,-0.007,13.11
3.0,0.7,1.5,3.0,0.6,3600,0.8,207,61.8,-1.47,0.59,0.96,-0.007,13.11
3.0,0.7,1.5,3.0,0.8,3600,0.8,207,61.8,-1.47,0.59,0.96,-0.007,13.11
3.0,0.7,1.5,4.5,0.4,3600,0.8,207,61.8,-1.47,0.59,0.96,-0.007,13.11
3.0,0.7,1.5,4.5,0.6,3600,0.8,207,61.8,-1.47,0.59,0.96,-0.007,13.11
3.0,0.7,1.5,4.5,0.8,3600,0.8,207,61.8,-1.47,0.59,0.96,-0.007,13.11
3.0,0.7,2.5,3.0,0.4,3600,0.8,207,61.8,-1.47,0.59,0.96,-0.007,13.11
3.0,0.7,2.5,3.0,0.6,3600,0.8,207,61.8,-1.47,0.59,0.96,-0.007,13.11
3.0,0.7,2.5,3.0,0.8,3600,0.8,207,61.8,-1.47,0.59,0.96,-0.007,13.11
3.0,0.7,2.5,4.5,0.4,3600,0.8,207,61.8,-1.47,0.59,0.96,-0.007,13.11
3.0,0.7,2.5,4.5,0.6,3600,0.8,207,61.8,-1.47,0.59,0.96,-0.007,13.11
3.0,0.7,2.5,4.5,0.8,3600,0.8,207,61.8,-1.47,0.59,0.96,-0.007,13.11
4.0,1.5,2.5,3.0,0.6,3600,0.8,177,62.7,-1.29,0.57,0.96,-0.007,11.26
4.0,1.5,2.5,4.5,0.6,3600,0.8,177,62.7,-1.29,0.57,0.96,-0.007,11.26
5.0,0.7,1.5,3.0,0.4,2400,0.8,194,57.7,-1.42,0.69,0.95,-0.007,11.21
5.0,0.7,1.5,3.0,0.6,2400,0.8,194,57.7,-1.42,0.69,0.95,-0.007,11.21
5.0,0.7,1.5,3.0,0.8,2400,0.8,194,57.7,-1.42,0.69,0.95,-0.007,11.21
5.0,0.7,1.5,4.5,0.4,2400,0.8,194,57.7,-1.42,0.69,0.95,-0.007,11.21
5.0,0.7,1.5,4.5,0.6,2400,0.8,194,57.7,-1.42,0.69,0.95,-0.007,11.21
5.0,0.7,1.5,4.5,0.8,2400,0.8,194,57.7,-1.42,0.69,0.95,-0.007,11.21
5.0,0.7,2.5,3.0,0.4,2400,0.8,194,57.7,-1.42,0.69,0.95,-0.007,11.21
5.0,0.7,2.5,3.0,0.6,2400,0.8,194,57.7,-1.42,0.69,0.95,-0.007,11.21
5.0,0.7,2.5,3.0,0.8,2400,0.8,194,57.7,-1.42,0.69,0.95,-0.007,11.21
5.0,0.7,2.5,4.5,0.4,2400,0.8,194,57.7,-1.42,0.69,0.95,-0.007,11.21
5.0,0.7,2.5,4.5,0.6,2400,0.8,194,57.7,-1.42,0.69,0.95,-0.007,11.21
5.0,0.7,2.5,4.5,0.8,2400,0.8,194,57.7,-1.42,0.69,0.95,-0.007,11.21
5.0,1.5,2.5,3.0,0.6,3600,0.8,163,62.6,-1.07,0.58,0.97,-0.007,10.54
5.0,1.5,2.5,4.5,0.6,3600,0.8,163,62.6,-1.07,0.58,0.97,-0.007,10.54
4.0,1.5,2.5,3.0,0.4,3600,0.8,177,62.7,-1.66,0.56,0.95,-0.009,10.86
4.0,1.5,2.5,4.5,0.4,3600,0.8,177,62.7,-1.66,0.56,0.95,-0.009,10.86
5.0,1.5,2.5,3.0,0.8,2400,0.8,178,59.6,-1.95,0.63,0.93,-0.011,13.69
5.0,1.5,2.5,4.5,0.8,2400,0.8,178,59.6,-1.95,0.63,0.93,-0.011,13.69
5.0,1.5,2.5,3.0,0.4,3600,0.8,163,62.6,-1.98,0.56,0.94,-0.012,10.18
5.0,1.5,2.5,4.5,0.4,3600,0.8,163,62.6,-1.98,0.56,0.94,-0.012,10.18
2.0,1.0,1.5,3.0,0.4,3600,0.2,83,62.7,-1.09,0.58,0.98,-0.013,10.55
2.0,1.0,1.5,3.0,0.6,3600,0.2,83,62.7,-1.09,0.58,0.98,-0.013,10.55
2.0,1.0,1.5,3.0,0.8,3600,0.2,83,62.7,-1.09,0.58,0.98,-0.013,10.55
2.0,1.0,1.5,4.5,0.4,3600,0.2,83,62.7,-1.09,0.58,0.98,-0.013,10.55
2.0,1.0,1.5,4.5,0.6,3600,0.2,83,62.7,-1.09,0.58,0.98,-0.013,10.55
2.0,1.0,1.5,4.5,0.8,3600,0.2,83,62.7,-1.09,0.58,0.98,-0.013,10.55
2.0,1.0,2.5,3.0,0.4,3600,0.2,83,62.7,-1.09,0.58,0.98,-0.013,10.55
2.0,1.0,2.5,3.0,0.6,3600,0.2,83,62.7,-1.09,0.58,0.98,-0.013,10.55
2.0,1.0,2.5,3.0,0.8,3600,0.2,83,62.7,-1.09,0.58,0.98,-0.013,10.55
2.0,1.0,2.5,4.5,0.4,3600,0.2,83,62.7,-1.09,0.58,0.98,-0.013,10.55
2.0,1.0,2.5,4.5,0.6,3600,0.2,83,62.7,-1.09,0.58,0.98,-0.013,10.55
2.0,1.0,2.5,4.5,0.8,3600,0.2,83,62.7,-1.09,0.58,0.98,-0.013,10.55
4.0,1.0,1.5,3.0,0.4,14400,0.8,96,67.7,-1.32,0.46,0.97,-0.014,14.27
4.0,1.0,1.5,3.0,0.6,14400,0.8,96,67.7,-1.32,0.46,0.97,-0.014,14.27
4.0,1.0,1.5,3.0,0.8,14400,0.8,96,67.7,-1.32,0.46,0.97,-0.014,14.27
4.0,1.0,1.5,4.5,0.4,14400,0.8,96,67.7,-1.32,0.46,0.97,-0.014,14.27
4.0,1.0,1.5,4.5,0.6,14400,0.8,96,67.7,-1.32,0.46,0.97,-0.014,14.27
4.0,1.0,1.5,4.5,0.8,14400,0.8,96,67.7,-1.32,0.46,0.97,-0.014,14.27
4.0,1.0,2.5,3.0,0.4,3600,0.4,80,72.5,-1.09,0.37,0.97,-0.014,13.14
4.0,1.0,2.5,3.0,0.6,3600,0.4,80,72.5,-1.09,0.37,0.97,-0.014,13.14
4.0,1.0,2.5,3.0,0.8,3600,0.4,80,72.5,-1.09,0.37,0.97,-0.014,13.14
4.0,1.0,2.5,4.5,0.4,3600,0.4,80,72.5,-1.09,0.37,0.97,-0.014,13.14
4.0,1.0,2.5,4.5,0.6,3600,0.4,80,72.5,-1.09,0.37,0.97,-0.014,13.14
4.0,1.0,2.5,4.5,0.8,3600,0.4,80,72.5,-1.09,0.37,0.97,-0.014,13.14
4.0,1.5,2.5,3.0,0.4,2400,0.8,217,57.6,-3.1,0.67,0.91,-0.014,13.16
4.0,1.5,2.5,3.0,0.8,2400,0.8,215,57.7,-2.98,0.67,0.91,-0.014,14.37
4.0,1.5,2.5,3.0,0.8,3600,0.8,176,62.5,-2.51,0.55,0.92,-0.014,12.08
4.0,1.5,2.5,4.5,0.4,2400,0.8,217,57.6,-3.1,0.67,0.91,-0.014,13.16
4.0,1.5,2.5,4.5,0.8,2400,0.8,215,57.7,-2.98,0.67,0.91,-0.014,14.37
4.0,1.5,2.5,4.5,0.8,3600,0.8,176,62.5,-2.51,0.55,0.92,-0.014,12.08
5.0,1.5,2.5,3.0,0.6,2400,0.8,180,59.4,-2.5,0.63,0.92,-0.014,13.08
5.0,1.5,2.5,3.0,0.8,3600,0.8,162,62.3,-2.29,0.56,0.93,-0.014,11.36
5.0,1.5,2.5,4.5,0.6,2400,0.8,180,59.4,-2.5,0.63,0.92,-0.014,13.08
5.0,1.5,2.5,4.5,0.8,3600,0.8,162,62.3,-2.29,0.56,0.93,-0.014,11.36
4.0,1.5,2.5,3.0,0.6,2400,0.8,217,57.6,-3.33,0.66,0.9,-0.015,13.56
4.0,1.5,2.5,4.5,0.6,2400,0.8,217,57.6,-3.33,0.66,0.9,-0.015,13.56
4.0,1.0,1.5,3.0,0.4,2400,0.8,219,57.5,-3.81,0.65,0.88,-0.017,13.31
4.0,1.0,1.5,3.0,0.6,2400,0.8,219,57.5,-3.81,0.65,0.88,-0.017,13.31
4.0,1.0,1.5,3.0,0.8,2400,0.8,219,57.5,-3.81,0.65,0.88,-0.017,13.31
4.0,1.0,1.5,4.5,0.4,2400,0.8,219,57.5,-3.81,0.65,0.88,-0.017,13.31
4.0,1.0,1.5,4.5,0.6,2400,0.8,219,57.5,-3.81,0.65,0.88,-0.017,13.31
4.0,1.0,1.5,4.5,0.8,2400,0.8,219,57.5,-3.81,0.65,0.88,-0.017,13.31
4.0,1.0,2.5,3.0,0.4,2400,0.8,219,57.5,-3.81,0.65,0.88,-0.017,13.31
4.0,1.0,2.5,3.0,0.6,2400,0.8,219,57.5,-3.81,0.65,0.88,-0.017,13.31
4.0,1.0,2.5,3.0,0.8,2400,0.8,219,57.5,-3.81,0.65,0.88,-0.017,13.31
4.0,1.0,2.5,4.5,0.4,2400,0.8,219,57.5,-3.81,0.65,0.88,-0.017,13.31
4.0,1.0,2.5,4.5,0.6,2400,0.8,219,57.5,-3.81,0.65,0.88,-0.017,13.31
4.0,1.0,2.5,4.5,0.8,2400,0.8,219,57.5,-3.81,0.65,0.88,-0.017,13.31
5.0,1.5,2.5,3.0,0.4,2400,0.8,180,59.4,-3.01,0.61,0.9,-0.017,12.88
5.0,1.5,2.5,4.5,0.4,2400,0.8,180,59.4,-3.01,0.61,0.9,-0.017,12.88
4.0,0.7,1.5,3.0,0.4,3600,0.4,124,71.8,-2.19,0.37,0.94,-0.018,13.95
4.0,0.7,1.5,3.0,0.6,3600,0.4,124,71.8,-2.19,0.37,0.94,-0.018,13.95
4.0,0.7,1.5,3.0,0.8,3600,0.4,124,71.8,-2.19,0.37,0.94,-0.018,13.95
4.0,0.7,1.5,4.5,0.4,3600,0.4,124,71.8,-2.19,0.37,0.94,-0.018,13.95
4.0,0.7,1.5,4.5,0.6,3600,0.4,124,71.8,-2.19,0.37,0.94,-0.018,13.95
4.0,0.7,1.5,4.5,0.8,3600,0.4,124,71.8,-2.19,0.37,0.94,-0.018,13.95
4.0,0.7,2.5,3.0,0.4,3600,0.4,124,71.8,-2.19,0.37,0.94,-0.018,13.95
4.0,0.7,2.5,3.0,0.6,3600,0.4,124,71.8,-2.19,0.37,0.94,-0.018,13.95
4.0,0.7,2.5,3.0,0.8,3600,0.4,124,71.8,-2.19,0.37,0.94,-0.018,13.95
4.0,0.7,2.5,4.5,0.4,3600,0.4,124,71.8,-2.19,0.37,0.94,-0.018,13.95
4.0,0.7,2.5,4.5,0.6,3600,0.4,124,71.8,-2.19,0.37,0.94,-0.018,13.95
4.0,0.7,2.5,4.5,0.8,3600,0.4,124,71.8,-2.19,0.37,0.94,-0.018,13.95
4.0,1.0,1.5,3.0,0.4,3600,0.8,179,62.6,-3.22,0.54,0.9,-0.018,11.75
4.0,1.0,1.5,3.0,0.6,3600,0.8,179,62.6,-3.22,0.54,0.9,-0.018,11.75
4.0,1.0,1.5,3.0,0.8,3600,0.8,179,62.6,-3.22,0.54,0.9,-0.018,11.75
4.0,1.0,1.5,4.5,0.4,3600,0.8,179,62.6,-3.22,0.54,0.9,-0.018,11.75
4.0,1.0,1.5,4.5,0.6,3600,0.8,179,62.6,-3.22,0.54,0.9,-0.018,11.75
4.0,1.0,1.5,4.5,0.8,3600,0.8,179,62.6,-3.22,0.54,0.9,-0.018,11.75
4.0,1.0,2.5,3.0,0.4,3600,0.8,179,62.6,-3.22,0.54,0.9,-0.018,11.75
4.0,1.0,2.5,3.0,0.4,14400,0.8,96,67.7,-1.77,0.46,0.95,-0.018,14.27
4.0,1.0,2.5,3.0,0.6,3600,0.8,179,62.6,-3.22,0.54,0.9,-0.018,11.75
4.0,1.0,2.5,3.0,0.6,14400,0.8,96,67.7,-1.77,0.46,0.95,-0.018,14.27
4.0,1.0,2.5,3.0,0.8,3600,0.8,179,62.6,-3.22,0.54,0.9,-0.018,11.75
4.0,1.0,2.5,3.0,0.8,14400,0.8,96,67.7,-1.77,0.46,0.95,-0.018,14.27
4.0,1.0,2.5,4.5,0.4,3600,0.8,179,62.6,-3.22,0.54,0.9,-0.018,11.75
4.0,1.0,2.5,4.5,0.4,14400,0.8,96,67.7,-1.77,0.46,0.95,-0.018,14.27
4.0,1.0,2.5,4.5,0.6,3600,0.8,179,62.6,-3.22,0.54,0.9,-0.018,11.75
4.0,1.0,2.5,4.5,0.6,14400,0.8,96,67.7,-1.77,0.46,0.95,-0.018,14.27
4.0,1.0,2.5,4.5,0.8,3600,0.8,179,62.6,-3.22,0.54,0.9,-0.018,11.75
4.0,1.0,2.5,4.5,0.8,14400,0.8,96,67.7,-1.77,0.46,0.95,-0.018,14.27
5.0,1.0,1.5,3.0,0.4,2400,0.8,182,59.3,-3.55,0.6,0.88,-0.02,12.95
5.0,1.0,1.5,3.0,0.6,2400,0.8,182,59.3,-3.55,0.6,0.88,-0.02,12.95
5.0,1.0,1.5,3.0,0.8,2400,0.8,182,59.3,-3.55,0.6,0.88,-0.02,12.95
5.0,1.0,1.5,4.5,0.4,2400,0.8,182,59.3,-3.55,0.6,0.88,-0.02,12.95
5.0,1.0,1.5,4.5,0.6,2400,0.8,182,59.3,-3.55,0.6,0.88,-0.02,12.95
5.0,1.0,1.5,4.5,0.8,2400,0.8,182,59.3,-3.55,0.6,0.88,-0.02,12.95
5.0,1.0,2.5,3.0,0.4,2400,0.8,182,59.3,-3.55,0.6,0.88,-0.02,12.95
5.0,1.0,2.5,3.0,0.6,2400,0.8,182,59.3,-3.55,0.6,0.88,-0.02,12.95
5.0,1.0,2.5,3.0,0.8,2400,0.8,182,59.3,-3.55,0.6,0.88,-0.02,12.95
5.0,1.0,2.5,4.5,0.4,2400,0.8,182,59.3,-3.55,0.6,0.88,-0.02,12.95
5.0,1.0,2.5,4.5,0.6,2400,0.8,182,59.3,-3.55,0.6,0.88,-0.02,12.95
5.0,1.0,2.5,4.5,0.8,2400,0.8,182,59.3,-3.55,0.6,0.88,-0.02,12.95
2.0,0.7,1.5,3.0,0.4,14400,0.8,148,62.2,-3.15,0.57,0.93,-0.021,7.25
2.0,0.7,1.5,3.0,0.6,14400,0.8,148,62.2,-3.15,0.57,0.93,-0.021,7.25
2.0,0.7,1.5,3.0,0.8,14400,0.8,148,62.2,-3.15,0.57,0.93,-0.021,7.25
2.0,0.7,1.5,4.5,0.4,14400,0.8,148,62.2,-3.15,0.57,0.93,-0.021,7.25
2.0,0.7,1.5,4.5,0.6,14400,0.8,148,62.2,-3.15,0.57,0.93,-0.021,7.25
2.0,0.7,1.5,4.5,0.8,14400,0.8,148,62.2,-3.15,0.57,0.93,-0.021,7.25
2.0,0.7,2.5,3.0,0.4,14400,0.8,148,62.2,-3.15,0.57,0.93,-0.021,7.25
2.0,0.7,2.5,3.0,0.6,14400,0.8,148,62.2,-3.15,0.57,0.93,-0.021,7.25
2.0,0.7,2.5,3.0,0.8,14400,0.8,148,62.2,-3.15,0.57,0.93,-0.021,7.25
2.0,0.7,2.5,4.5,0.4,14400,0.8,148,62.2,-3.15,0.57,0.93,-0.021,7.25
2.0,0.7,2.5,4.5,0.6,14400,0.8,148,62.2,-3.15,0.57,0.93,-0.021,7.25
2.0,0.7,2.5,4.5,0.8,14400,0.8,148,62.2,-3.15,0.57,0.93,-0.021,7.25
5.0,1.0,1.5,3.0,0.4,3600,0.8,165,62.4,-3.45,0.54,0.89,-0.021,11.03
5.0,1.0,1.5,3.0,0.6,3600,0.8,165,62.4,-3.45,0.54,0.89,-0.021,11.03
5.0,1.0,1.5,3.0,0.8,3600,0.8,165,62.4,-3.45,0.54,0.89,-0.021,11.03
5.0,1.0,1.5,4.5,0.4,3600,0.8,165,62.4,-3.45,0.54,0.89,-0.021,11.03
5.0,1.0,1.5,4.5,0.6,3600,0.8,165,62.4,-3.45,0.54,0.89,-0.021,11.03
5.0,1.0,1.5,4.5,0.8,3600,0.8,165,62.4,-3.45,0.54,0.89,-0.021,11.03
5.0,1.0,2.5,3.0,0.4,3600,0.8,165,62.4,-3.45,0.54,0.89,-0.021,11.03
5.0,1.0,2.5,3.0,0.6,3600,0.8,165,62.4,-3.45,0.54,0.89,-0.021,11.03
5.0,1.0,2.5,3.0,0.8,3600,0.8,165,62.4,-3.45,0.54,0.89,-0.021,11.03
5.0,1.0,2.5,4.5,0.4,3600,0.8,165,62.4,-3.45,0.54,0.89,-0.021,11.03
5.0,1.0,2.5,4.5,0.6,3600,0.8,165,62.4,-3.45,0.54,0.89,-0.021,11.03
5.0,1.0,2.5,4.5,0.8,3600,0.8,165,62.4,-3.45,0.54,0.89,-0.021,11.03
5.0,0.7,1.5,3.0,0.4,7200,0.8,141,62.4,-3.43,0.54,0.9,-0.024,14.33
5.0,0.7,1.5,3.0,0.6,7200,0.8,141,62.4,-3.43,0.54,0.9,-0.024,14.33
5.0,0.7,1.5,3.0,0.8,7200,0.8,141,62.4,-3.43,0.54,0.9,-0.024,14.33
5.0,0.7,1.5,4.5,0.4,7200,0.8,141,62.4,-3.43,0.54,0.9,-0.024,14.33
5.0,0.7,1.5,4.5,0.6,7200,0.8,141,62.4,-3.43,0.54,0.9,-0.024,14.33
5.0,0.7,1.5,4.5,0.8,7200,0.8,141,62.4,-3.43,0.54,0.9,-0.024,14.33
3.0,1.5,2.5,3.0,0.8,2400,0.8,209,59.3,-5.91,0.57,0.83,-0.028,14.27
3.0,1.5,2.5,4.5,0.8,2400,0.8,209,59.3,-5.91,0.57,0.83,-0.028,14.27
3.0,1.5,2.5,3.0,0.4,2400,0.8,213,58.2,-6.49,0.59,0.82,-0.03,14.26
3.0,1.5,2.5,3.0,0.6,2400,0.8,213,58.2,-6.3,0.59,0.83,-0.03,14.86
3.0,1.5,2.5,4.5,0.4,2400,0.8,213,58.2,-6.49,0.59,0.82,-0.03,14.26
3.0,1.5,2.5,4.5,0.6,2400,0.8,213,58.2,-6.3,0.59,0.83,-0.03,14.86
3.0,1.5,2.5,3.0,0.8,3600,0.8,195,61.0,-6.02,0.54,0.85,-0.031,12.88
3.0,1.5,2.5,4.5,0.8,3600,0.8,195,61.0,-6.02,0.54,0.85,-0.031,12.88
3.0,0.7,1.5,3.0,0.4,14400,0.8,124,64.5,-3.98,0.5,0.91,-0.032,13.67
3.0,0.7,1.5,3.0,0.6,14400,0.8,124,64.5,-3.98,0.5,0.91,-0.032,13.67
3.0,0.7,1.5,3.0,0.8,14400,0.8,124,64.5,-3.98,0.5,0.91,-0.032,13.67
3.0,0.7,1.5,4.5,0.4,14400,0.8,124,64.5,-3.98,0.5,0.91,-0.032,13.67
3.0,0.7,1.5,4.5,0.6,14400,0.8,124,64.5,-3.98,0.5,0.91,-0.032,13.67
3.0,0.7,1.5,4.5,0.8,14400,0.8,124,64.5,-3.98,0.5,0.91,-0.032,13.67
3.0,1.0,1.5,3.0,0.4,2400,0.8,216,57.9,-6.98,0.59,0.81,-0.032,14.47
3.0,1.0,1.5,3.0,0.6,2400,0.8,216,57.9,-6.98,0.59,0.81,-0.032,14.47
3.0,1.0,1.5,3.0,0.8,2400,0.8,216,57.9,-6.98,0.59,0.81,-0.032,14.47
3.0,1.0,1.5,4.5,0.4,2400,0.8,216,57.9,-6.98,0.59,0.81,-0.032,14.47
3.0,1.0,1.5,4.5,0.6,2400,0.8,216,57.9,-6.98,0.59,0.81,-0.032,14.47
3.0,1.0,1.5,4.5,0.8,2400,0.8,216,57.9,-6.98,0.59,0.81,-0.032,14.47
3.0,1.0,2.5,3.0,0.4,2400,0.8,216,57.9,-6.98,0.59,0.81,-0.032,14.47
3.0,1.0,2.5,3.0,0.6,2400,0.8,216,57.9,-6.98,0.59,0.81,-0.032,14.47
3.0,1.0,2.5,3.0,0.8,2400,0.8,216,57.9,-6.98,0.59,0.81,-0.032,14.47
3.0,1.0,2.5,4.5,0.4,2400,0.8,216,57.9,-6.98,0.59,0.81,-0.032,14.47
3.0,1.0,2.5,4.5,0.6,2400,0.8,216,57.9,-6.98,0.59,0.81,-0.032,14.47
3.0,1.0,2.5,4.5,0.8,2400,0.8,216,57.9,-6.98,0.59,0.81,-0.032,14.47
5.0,0.7,2.5,3.0,0.4,7200,0.8,141,62.4,-4.87,0.52,0.86,-0.035,14.33
5.0,0.7,2.5,3.0,0.6,7200,0.8,141,62.4,-4.87,0.52,0.86,-0.035,14.33
5.0,0.7,2.5,3.0,0.8,7200,0.8,141,62.4,-4.87,0.52,0.86,-0.035,14.33
5.0,0.7,2.5,4.5,0.4,7200,0.8,141,62.4,-4.87,0.52,0.86,-0.035,14.33
5.0,0.7,2.5,4.5,0.6,7200,0.8,141,62.4,-4.87,0.52,0.86,-0.035,14.33
5.0,0.7,2.5,4.5,0.8,7200,0.8,141,62.4,-4.87,0.52,0.86,-0.035,14.33
3.0,0.7,2.5,3.0,0.4,14400,0.8,124,64.5,-4.7,0.49,0.89,-0.038,13.67
3.0,0.7,2.5,3.0,0.6,14400,0.8,124,64.5,-4.7,0.49,0.89,-0.038,13.67
3.0,0.7,2.5,3.0,0.8,14400,0.8,124,64.5,-4.7,0.49,0.89,-0.038,13.67
3.0,0.7,2.5,4.5,0.4,14400,0.8,124,64.5,-4.7,0.49,0.89,-0.038,13.67
3.0,0.7,2.5,4.5,0.6,14400,0.8,124,64.5,-4.7,0.49,0.89,-0.038,13.67
3.0,0.7,2.5,4.5,0.8,14400,0.8,124,64.5,-4.7,0.49,0.89,-0.038,13.67
3.0,1.5,2.5,3.0,0.4,3600,0.8,189,60.8,-8.46,0.51,0.8,-0.045,14.79
3.0,1.5,2.5,4.5,0.4,3600,0.8,189,60.8,-8.46,0.51,0.8,-0.045,14.79
3.0,1.5,2.5,3.0,0.6,3600,0.8,189,60.8,-8.62,0.51,0.79,-0.046,15.27
3.0,1.5,2.5,4.5,0.6,3600,0.8,189,60.8,-8.62,0.51,0.79,-0.046,15.27
3.0,1.0,1.5,3.0,0.4,3600,0.8,193,60.1,-9.75,0.51,0.77,-0.051,15.53
3.0,1.0,1.5,3.0,0.6,3600,0.8,193,60.1,-9.75,0.51,0.77,-0.051,15.53
3.0,1.0,1.5,3.0,0.8,3600,0.8,193,60.1,-9.75,0.51,0.77,-0.051,15.53
3.0,1.0,1.5,4.5,0.4,3600,0.8,193,60.1,-9.75,0.51,0.77,-0.051,15.53
3.0,1.0,1.5,4.5,0.6,3600,0.8,193,60.1,-9.75,0.51,0.77,-0.051,15.53
3.0,1.0,1.5,4.5,0.8,3600,0.8,193,60.1,-9.75,0.51,0.77,-0.051,15.53
3.0,1.0,2.5,3.0,0.4,3600,0.8,193,60.1,-9.75,0.51,0.77,-0.051,15.53
3.0,1.0,2.5,3.0,0.6,3600,0.8,193,60.1,-9.75,0.51,0.77,-0.051,15.53
3.0,1.0,2.5,3.0,0.8,3600,0.8,193,60.1,-9.75,0.51,0.77,-0.051,15.53
3.0,1.0,2.5,4.5,0.4,3600,0.8,193,60.1,-9.75,0.51,0.77,-0.051,15.53
3.0,1.0,2.5,4.5,0.6,3600,0.8,193,60.1,-9.75,0.51,0.77,-0.051,15.53
3.0,1.0,2.5,4.5,0.8,3600,0.8,193,60.1,-9.75,0.51,0.77,-0.051,15.53
4.0,0.7,1.5,3.0,0.4,14400,0.8,114,64.9,-10.38,0.41,0.77,-0.091,16.1
4.0,0.7,1.5,3.0,0.6,14400,0.8,114,64.9,-10.38,0.41,0.77,-0.091,16.1
4.0,0.7,1.5,3.0,0.8,14400,0.8,114,64.9,-10.38,0.41,0.77,-0.091,16.1
4.0,0.7,1.5,4.5,0.4,14400,0.8,114,64.9,-10.38,0.41,0.77,-0.091,16.1
4.0,0.7,1.5,4.5,0.6,14400,0.8,114,64.9,-10.38,0.41,0.77,-0.091,16.1
4.0,0.7,1.5,4.5,0.8,14400,0.8,114,64.9,-10.38,0.41,0.77,-0.091,16.1
5.0,0.7,1.5,3.0,0.4,14400,0.8,93,64.5,-8.84,0.42,0.76,-0.095,11.02
5.0,0.7,1.5,3.0,0.6,14400,0.8,93,64.5,-8.84,0.42,0.76,-0.095,11.02
5.0,0.7,1.5,3.0,0.8,14400,0.8,93,64.5,-8.84,0.42,0.76,-0.095,11.02
5.0,0.7,1.5,4.5,0.4,14400,0.8,93,64.5,-8.84,0.42,0.76,-0.095,11.02
5.0,0.7,1.5,4.5,0.6,14400,0.8,93,64.5,-8.84,0.42,0.76,-0.095,11.02
5.0,0.7,1.5,4.5,0.8,14400,0.8,93,64.5,-8.84,0.42,0.76,-0.095,11.02
4.0,0.7,2.5,3.0,0.4,14400,0.8,114,64.9,-11.1,0.41,0.75,-0.097,16.1
4.0,0.7,2.5,3.0,0.6,14400,0.8,114,64.9,-11.1,0.41,0.75,-0.097,16.1
4.0,0.7,2.5,3.0,0.8,14400,0.8,114,64.9,-11.1,0.41,0.75,-0.097,16.1
4.0,0.7,2.5,4.5,0.4,14400,0.8,114,64.9,-11.1,0.41,0.75,-0.097,16.1
4.0,0.7,2.5,4.5,0.6,14400,0.8,114,64.9,-11.1,0.41,0.75,-0.097,16.1
4.0,0.7,2.5,4.5,0.8,14400,0.8,114,64.9,-11.1,0.41,0.75,-0.097,16.1
5.0,0.7,2.5,3.0,0.4,14400,0.8,93,64.5,-9.56,0.41,0.74,-0.103,11.74
5.0,0.7,2.5,3.0,0.6,14400,0.8,93,64.5,-9.56,0.41,0.74,-0.103,11.74
5.0,0.7,2.5,3.0,0.8,14400,0.8,93,64.5,-9.56,0.41,0.74,-0.103,11.74
5.0,0.7,2.5,4.5,0.4,14400,0.8,93,64.5,-9.56,0.41,0.74,-0.103,11.74
5.0,0.7,2.5,4.5,0.6,14400,0.8,93,64.5,-9.56,0.41,0.74,-0.103,11.74
5.0,0.7,2.5,4.5,0.8,14400,0.8,93,64.5,-9.56,0.41,0.74,-0.103,11.74
