stop_loss_pct,level_1_pct,level_2_pct,level_3_pct,trail_callback,time_stop_seconds,time_stop_no_movement_pct,trades,win_rate,total_pnl_pct,payoff,profit_factor,expectancy_pct,max_dd_pct
5.0,1.5,2.5,3.0,0.4,2400,0.4,51,88.2,16.87,0.21,1.56,0.331,7.12
5.0,1.5,2.5,4.5,0.4,2400,0.4,51,88.2,16.87,0.21,1.56,0.331,7.12
5.0,1.5,2.5,3.0,0.4,1200,0.2,51,86.3,16.48,0.25,1.55,0.323,7.12
5.0,1.5,2.5,4.5,0.4,1200,0.2,51,86.3,16.48,0.25,1.55,0.323,7.12
5.0,1.5,2.5,3.0,0.4,2400,0.2,50,88.0,15.98,0.21,1.53,0.32,7.12
5.0,1.5,2.5,3.0,0.4,3600,0.2,50,88.0,15.98,0.21,1.53,0.32,7.12
5.0,1.5,2.5,3.0,0.4,3600,0.4,50,88.0,15.98,0.21,1.53,0.32,7.12
5.0,1.5,2.5,3.0,0.4,7200,0.2,50,88.0,15.98,0.21,1.53,0.32,7.12
5.0,1.5,2.5,3.0,0.4,7200,0.4,50,88.0,15.98,0.21,1.53,0.32,7.12
5.0,1.5,2.5,3.0,0.4,14400,0.2,50,88.0,15.98,0.21,1.53,0.32,7.12
5.0,1.5,2.5,3.0,0.4,14400,0.4,50,88.0,15.98,0.21,1.53,0.32,7.12
5.0,1.5,2.5,3.0,0.4,,0.4,50,88.0,15.98,0.21,1.53,0.32,7.12
5.0,1.5,2.5,4.5,0.4,2400,0.2,50,88.0,15.98,0.21,1.53,0.32,7.12
5.0,1.5,2.5,4.5,0.4,3600,0.2,50,88.0,15.98,0.21,1.53,0.32,7.12
5.0,1.5,2.5,4.5,0.4,3600,0.4,50,88.0,15.98,0.21,1.53,0.32,7.12
5.0,1.5,2.5,4.5,0.4,7200,0.2,50,88.0,15.98,0.21,1.53,0.32,7.12
5.0,1.5,2.5,4.5,0.4,7200,0.4,50,88.0,15.98,0.21,1.53,0.32,7.12
5.0,1.5,2.5,4.5,0.4,14400,0.2,50,88.0,15.98,0.21,1.53,0.32,7.12
5.0,1.5,2.5,4.5,0.4,14400,0.4,50,88.0,15.98,0.21,1.53,0.32,7.12
5.0,1.5,2.5,4.5,0.4,,0.4,50,88.0,15.98,0.21,1.53,0.32,7.12
5.0,1.5,2.5,3.0,0.4,7200,0.8,50,86.0,15.04,0.24,1.5,0.301,7.12
5.0,1.5,2.5,4.5,0.4,7200,0.8,50,86.0,15.04,0.24,1.5,0.301,7.12
5.0,1.5,2.5,3.0,0.4,14400,0.8,50,86.0,14.69,0.24,1.48,0.294,7.12
5.0,1.5,2.5,4.5,0.4,14400,0.8,50,86.0,14.69,0.24,1.48,0.294,7.12
5.0,1.0,1.5,3.0,0.4,2400,0.4,51,88.2,13.49,0.19,1.45,0.265,6.95
5.0,1.0,1.5,3.0,0.6,2400,0.4,51,88.2,13.49,0.19,1.45,0.265,6.95
5.0,1.0,1.5,3.0,0.8,2400,0.4,51,88.2,13.49,0.19,1.45,0.265,6.95
5.0,1.0,1.5,4.5,0.4,2400,0.4,51,88.2,13.49,0.19,1.45,0.265,6.95
5.0,1.0,1.5,4.5,0.6,2400,0.4,51,88.2,13.49,0.19,1.45,0.265,6.95
5.0,1.0,1.5,4.5,0.8,2400,0.4,51,88.2,13.49,0.19,1.45,0.265,6.95
5.0,1.0,1.5,3.0,0.4,2400,0.2,50,88.0,13.2,0.2,1.44,0.264,6.95
5.0,1.0,1.5,3.0,0.4,3600,0.2,50,88.0,13.2,0.2,1.44,0.264,6.95
5.0,1.0,1.5,3.0,0.4,3600,0.4,50,88.0,13.2,0.2,1.44,0.264,6.95
5.0,1.0,1.5,3.0,0.4,7200,0.2,50,88.0,13.2,0.2,1.44,0.264,6.95
5.0,1.0,1.5,3.0,0.4,7200,0.4,50,88.0,13.2,0.2,1.44,0.264,6.95
5.0,1.0,1.5,3.0,0.4,14400,0.2,50,88.0,13.2,0.2,1.44,0.264,6.95
5.0,1.0,1.5,3.0,0.4,14400,0.4,50,88.0,13.2,0.2,1.44,0.264,6.95
5.0,1.0,1.5,3.0,0.4,,0.4,50,88.0,13.2,0.2,1.44,0.264,6.95
5.0,1.0,1.5,3.0,0.6,2400,0.2,50,88.0,13.2,0.2,1.44,0.264,6.95
5.0,1.0,1.5,3.0,0.6,3600,0.2,50,88.0,13.2,0.2,1.44,0.264,6.95
5.0,1.0,1.5,3.0,0.6,3600,0.4,50,88.0,13.2,0.2,1.44,0.264,6.95
5.0,1.0,1.5,3.0,0.6,7200,0.2,50,88.0,13.2,0.2,1.44,0.264,6.95
5.0,1.0,1.5,3.0,0.6,7200,0.4,50,88.0,13.2,0.2,1.44,0.264,6.95
5.0,1.0,1.5,3.0,0.6,14400,0.2,50,88.0,13.2,0.2,1.44,0.264,6.95
5.0,1.0,1.5,3.0,0.6,14400,0.4,50,88.0,13.2,0.2,1.44,0.264,6.95
5.0,1.0,1.5,3.0,0.6,,0.4,50,88.0,13.2,0.2,1.44,0.264,6.95
5.0,1.0,1.5,3.0,0.8,2400,0.2,50,88.0,13.2,0.2,1.44,0.264,6.95
5.0,1.0,1.5,3.0,0.8,3600,0.2,50,88.0,13.2,0.2,1.44,0.264,6.95
5.0,1.0,1.5,3.0,0.8,3600,0.4,50,88.0,13.2,0.2,1.44,0.264,6.95
5.0,1.0,1.5,3.0,0.8,7200,0.2,50,88.0,13.2,0.2,1.44,0.264,6.95
5.0,1.0,1.5,3.0,0.8,7200,0.4,50,88.0,13.2,0.2,1.44,0.264,6.95
5.0,1.0,1.5,3.0,0.8,14400,0.2,50,88.0,13.2,0.2,1.44,0.264,6.95
5.0,1.0,1.5,3.0,0.8,14400,0.4,50,88.0,13.2,0.2,1.44,0.264,6.95
5.0,1.0,1.5,3.0,0.8,,0.4,50,88.0,13.2,0.2,1.44,0.264,6.95
5.0,1.0,1.5,4.5,0.4,2400,0.2,50,88.0,13.2,0.2,1.44,0.264,6.95
5.0,1.0,1.5,4.5,0.4,3600,0.2,50,88.0,13.2,0.2,1.44,0.264,6.95
5.0,1.0,1.5,4.5,0.4,3600,0.4,50,88.0,13.2,0.2,1.44,0.264,6.95
5.0,1.0,1.5,4.5,0.4,7200,0.2,50,88.0,13.2,0.2,1.44,0.264,6.95
5.0,1.0,1.5,4.5,0.4,7200,0.4,50,88.0,13.2,0.2,1.44,0.264,6.95
5.0,1.0,1.5,4.5,0.4,14400,0.2,50,88.0,13.2,0.2,1.44,0.264,6.95
5.0,1.0,1.5,4.5,0.4,14400,0.4,50,88.0,13.2,0.2,1.44,0.264,6.95
5.0,1.0,1.5,4.5,0.4,,0.4,50,88.0,13.2,0.2,1.44,0.264,6.95
5.0,1.0,1.5,4.5,0.6,2400,0.2,50,88.0,13.2,0.2,1.44,0.264,6.95
5.0,1.0,1.5,4.5,0.6,3600,0.2,50,88.0,13.2,0.2,1.44,0.264,6.95
5.0,1.0,1.5,4.5,0.6,3600,0.4,50,88.0,13.2,0.2,1.44,0.264,6.95
5.0,1.0,1.5,4.5,0.6,7200,0.2,50,88.0,13.2,0.2,1.44,0.264,6.95
5.0,1.0,1.5,4.5,0.6,7200,0.4,50,88.0,13.2,0.2,1.44,0.264,6.95
5.0,1.0,1.5,4.5,0.6,14400,0.2,50,88.0,13.2,0.2,1.44,0.264,6.95
5.0,1.0,1.5,4.5,0.6,14400,0.4,50,88.0,13.2,0.2,1.44,0.264,6.95
5.0,1.0,1.5,4.5,0.6,,0.4,50,88.0,13.2,0.2,1.44,0.264,6.95
5.0,1.0,1.5,4.5,0.8,2400,0.2,50,88.0,13.2,0.2,1.44,0.264,6.95
5.0,1.0,1.5,4.5,0.8,3600,0.2,50,88.0,13.2,0.2,1.44,0.264,6.95
5.0,1.0,1.5,4.5,0.8,3600,0.4,50,88.0,13.2,0.2,1.44,0.264,6.95
5.0,1.0,1.5,4.5,0.8,7200,0.2,50,88.0,13.2,0.2,1.44,0.264,6.95
5.0,1.0,1.5,4.5,0.8,7200,0.4,50,88.0,13.2,0.2,1.44,0.264,6.95
5.0,1.0,1.5,4.5,0.8,14400,0.2,50,88.0,13.2,0.2,1.44,0.264,6.95
5.0,1.0,1.5,4.5,0.8,14400,0.4,50,88.0,13.2,0.2,1.44,0.264,6.95
5.0,1.0,1.5,4.5,0.8,,0.4,50,88.0,13.2,0.2,1.44,0.264,6.95
5.0,1.0,1.5,3.0,0.4,1200,0.2,51,86.3,13.03,0.23,1.43,0.255,6.95
5.0,1.0,1.5,3.0,0.6,1200,0.2,51,86.3,13.03,0.23,1.43,0.255,6.95
5.0,1.0,1.5,3.0,0.8,1200,0.2,51,86.3,13.03,0.23,1.43,0.255,6.95
5.0,1.0,1.5,4.5,0.4,1200,0.2,51,86.3,13.03,0.23,1.43,0.255,6.95
5.0,1.0,1.5,4.5,0.6,1200,0.2,51,86.3,13.03,0.23,1.43,0.255,6.95
5.0,1.0,1.5,4.5,0.8,1200,0.2,51,86.3,13.03,0.23,1.43,0.255,6.95
5.0,1.5,2.5,3.0,0.6,2400,0.4,51,88.2,12.95,0.19,1.43,0.254,7.36
5.0,1.5,2.5,4.5,0.6,2400,0.4,51,88.2,12.95,0.19,1.43,0.254,7.36
5.0,1.0,1.5,3.0,0.4,7200,0.8,50,86.0,12.3,0.23,1.41,0.246,6.95
5.0,1.0,1.5,3.0,0.6,7200,0.8,50,86.0,12.3,0.23,1.41,0.246,6.95
5.0,1.0,1.5,3.0,0.8,7200,0.8,50,86.0,12.3,0.23,1.41,0.246,6.95
5.0,1.0,1.5,4.5,0.4,7200,0.8,50,86.0,12.3,0.23,1.41,0.246,6.95
5.0,1.0,1.5,4.5,0.6,7200,0.8,50,86.0,12.3,0.23,1.41,0.246,6.95
5.0,1.0,1.5,4.5,0.8,7200,0.8,50,86.0,12.3,0.23,1.41,0.246,6.95
5.0,1.5,2.5,3.0,0.6,1200,0.2,51,86.3,12.56,0.23,1.42,0.246,7.36
5.0,1.5,2.5,4.5,0.6,1200,0.2,51,86.3,12.56,0.23,1.42,0.246,7.36
5.0,1.0,1.5,3.0,0.4,14400,0.8,50,86.0,11.95,0.23,1.39,0.239,6.95
5.0,1.0,1.5,3.0,0.6,14400,0.8,50,86.0,11.95,0.23,1.39,0.239,6.95
5.0,1.0,1.5,3.0,0.8,14400,0.8,50,86.0,11.95,0.23,1.39,0.239,6.95
5.0,1.0,1.5,4.5,0.4,14400,0.8,50,86.0,11.95,0.23,1.39,0.239,6.95
5.0,1.0,1.5,4.5,0.6,14400,0.8,50,86.0,11.95,0.23,1.39,0.239,6.95
5.0,1.0,1.5,4.5,0.8,14400,0.8,50,86.0,11.95,0.23,1.39,0.239,6.95
5.0,1.5,2.5,3.0,0.6,2400,0.2,50,88.0,11.86,0.19,1.4,0.237,7.36
5.0,1.5,2.5,3.0,0.6,3600,0.2,50,88.0,11.86,0.19,1.4,0.237,7.36
5.0,1.5,2.5,3.0,0.6,3600,0.4,50,88.0,11.86,0.19,1.4,0.237,7.36
5.0,1.5,2.5,3.0,0.6,7200,0.2,50,88.0,11.86,0.19,1.4,0.237,7.36
5.0,1.5,2.5,3.0,0.6,7200,0.4,50,88.0,11.86,0.19,1.4,0.237,7.36
5.0,1.5,2.5,3.0,0.6,14400,0.2,50,88.0,11.86,0.19,1.4,0.237,7.36
5.0,1.5,2.5,3.0,0.6,14400,0.4,50,88.0,11.86,0.19,1.4,0.237,7.36
5.0,1.5,2.5,3.0,0.6,,0.4,50,88.0,11.86,0.19,1.4,0.237,7.36
5.0,1.5,2.5,4.5,0.6,2400,0.2,50,88.0,11.86,0.19,1.4,0.237,7.36
5.0,1.5,2.5,4.5,0.6,3600,0.2,50,88.0,11.86,0.19,1.4,0.237,7.36
5.0,1.5,2.5,4.5,0.6,3600,0.4,50,88.0,11.86,0.19,1.4,0.237,7.36
5.0,1.5,2.5,4.5,0.6,7200,0.2,50,88.0,11.86,0.19,1.4,0.237,7.36
5.0,1.5,2.5,4.5,0.6,7200,0.4,50,88.0,11.86,0.19,1.4,0.237,7.36
5.0,1.5,2.5,4.5,0.6,14400,0.2,50,88.0,11.86,0.19,1.4,0.237,7.36
5.0,1.5,2.5,4.5,0.6,14400,0.4,50,88.0,11.86,0.19,1.4,0.237,7.36
5.0,1.5,2.5,4.5,0.6,,0.4,50,88.0,11.86,0.19,1.4,0.237,7.36
5.0,1.5,2.5,3.0,0.8,1200,0.2,50,86.0,11.75,0.23,1.39,0.235,8.76
5.0,1.5,2.5,4.5,0.8,1200,0.2,50,86.0,11.75,0.23,1.39,0.235,8.76
5.0,1.5,2.5,3.0,0.8,2400,0.4,50,88.0,11.14,0.19,1.37,0.223,8.76
5.0,1.5,2.5,4.5,0.8,2400,0.4,50,88.0,11.14,0.19,1.37,0.223,8.76
5.0,1.5,2.5,3.0,0.6,7200,0.8,50,86.0,11.12,0.22,1.37,0.222,7.36
5.0,1.5,2.5,4.5,0.6,7200,0.8,50,86.0,11.12,0.22,1.37,0.222,7.36
5.0,1.5,2.5,3.0,0.8,2400,0.2,49,87.8,10.85,0.19,1.36,0.221,8.76
5.0,1.5,2.5,3.0,0.8,3600,0.2,49,87.8,10.85,0.19,1.36,0.221,8.76
5.0,1.5,2.5,3.0,0.8,3600,0.4,49,87.8,10.85,0.19,1.36,0.221,8.76
5.0,1.5,2.5,3.0,0.8,7200,0.2,49,87.8,10.85,0.19,1.36,0.221,8.76
5.0,1.5,2.5,3.0,0.8,7200,0.4,49,87.8,10.85,0.19,1.36,0.221,8.76
5.0,1.5,2.5,3.0,0.8,7200,0.8,49,87.8,10.85,0.19,1.36,0.221,8.76
5.0,1.5,2.5,3.0,0.8,14400,0.2,49,87.8,10.85,0.19,1.36,0.221,8.76
5.0,1.5,2.5,3.0,0.8,14400,0.4,49,87.8,10.85,0.19,1.36,0.221,8.76
5.0,1.5,2.5,3.0,0.8,14400,0.8,49,87.8,10.85,0.19,1.36,0.221,8.76
5.0,1.5,2.5,3.0,0.8,,0.4,49,87.8,10.85,0.19,1.36,0.221,8.76
5.0,1.5,2.5,4.5,0.8,2400,0.2,49,87.8,10.85,0.19,1.36,0.221,8.76
5.0,1.5,2.5,4.5,0.8,3600,0.2,49,87.8,10.85,0.19,1.36,0.221,8.76
5.0,1.5,2.5,4.5,0.8,3600,0.4,49,87.8,10.85,0.19,1.36,0.221,8.76
5.0,1.5,2.5,4.5,0.8,7200,0.2,49,87.8,10.85,0.19,1.36,0.221,8.76
5.0,1.5,2.5,4.5,0.8,7200,0.4,49,87.8,10.85,0.19,1.36,0.221,8.76
5.0,1.5,2.5,4.5,0.8,7200,0.8,49,87.8,10.85,0.19,1.36,0.221,8.76
5.0,1.5,2.5,4.5,0.8,14400,0.2,49,87.8,10.85,0.19,1.36,0.221,8.76
5.0,1.5,2.5,4.5,0.8,14400,0.4,49,87.8,10.85,0.19,1.36,0.221,8.76
5.0,1.5,2.5,4.5,0.8,14400,0.8,49,87.8,10.85,0.19,1.36,0.221,8.76
5.0,1.5,2.5,4.5,0.8,,0.4,49,87.8,10.85,0.19,1.36,0.221,8.76
5.0,1.5,2.5,3.0,0.6,14400,0.8,50,86.0,10.77,0.22,1.35,0.215,7.36
5.0,1.5,2.5,4.5,0.6,14400,0.8,50,86.0,10.77,0.22,1.35,0.215,7.36
5.0,1.5,2.5,3.0,0.4,3600,0.8,54,83.3,10.79,0.27,1.35,0.2,8.22
5.0,1.5,2.5,4.5,0.4,3600,0.8,54,83.3,10.79,0.27,1.35,0.2,8.22
5.0,1.0,2.5,3.0,0.4,2400,0.4,51,88.2,9.89,0.18,1.33,0.194,8.8
5.0,1.0,2.5,3.0,0.6,2400,0.4,51,88.2,9.89,0.18,1.33,0.194,8.8
5.0,1.0,2.5,3.0,0.8,2400,0.4,51,88.2,9.89,0.18,1.33,0.194,8.8
5.0,1.0,2.5,4.5,0.4,2400,0.4,51,88.2,9.89,0.18,1.33,0.194,8.8
5.0,1.0,2.5,4.5,0.6,2400,0.4,51,88.2,9.89,0.18,1.33,0.194,8.8
5.0,1.0,2.5,4.5,0.8,2400,0.4,51,88.2,9.89,0.18,1.33,0.194,8.8
5.0,1.0,2.5,3.0,0.4,2400,0.2,50,88.0,9.6,0.18,1.32,0.192,8.8
5.0,1.0,2.5,3.0,0.4,3600,0.2,50,88.0,9.6,0.18,1.32,0.192,8.8
5.0,1.0,2.5,3.0,0.4,3600,0.4,50,88.0,9.6,0.18,1.32,0.192,8.8
5.0,1.0,2.5,3.0,0.4,7200,0.2,50,88.0,9.6,0.18,1.32,0.192,8.8
5.0,1.0,2.5,3.0,0.4,7200,0.4,50,88.0,9.6,0.18,1.32,0.192,8.8
5.0,1.0,2.5,3.0,0.4,14400,0.2,50,88.0,9.6,0.18,1.32,0.192,8.8
5.0,1.0,2.5,3.0,0.4,14400,0.4,50,88.0,9.6,0.18,1.32,0.192,8.8
5.0,1.0,2.5,3.0,0.4,,0.4,50,88.0,9.6,0.18,1.32,0.192,8.8
5.0,1.0,2.5,3.0,0.6,2400,0.2,50,88.0,9.6,0.18,1.32,0.192,8.8
5.0,1.0,2.5,3.0,0.6,3600,0.2,50,88.0,9.6,0.18,1.32,0.192,8.8
5.0,1.0,2.5,3.0,0.6,3600,0.4,50,88.0,9.6,0.18,1.32,0.192,8.8
5.0,1.0,2.5,3.0,0.6,7200,0.2,50,88.0,9.6,0.18,1.32,0.192,8.8
5.0,1.0,2.5,3.0,0.6,7200,0.4,50,88.0,9.6,0.18,1.32,0.192,8.8
5.0,1.0,2.5,3.0,0.6,14400,0.2,50,88.0,9.6,0.18,1.32,0.192,8.8
5.0,1.0,2.5,3.0,0.6,14400,0.4,50,88.0,9.6,0.18,1.32,0.192,8.8
5.0,1.0,2.5,3.0,0.6,,0.4,50,88.0,9.6,0.18,1.32,0.192,8.8
5.0,1.0,2.5,3.0,0.8,2400,0.2,50,88.0,9.6,0.18,1.32,0.192,8.8
5.0,1.0,2.5,3.0,0.8,3600,0.2,50,88.0,9.6,0.18,1.32,0.192,8.8
5.0,1.0,2.5,3.0,0.8,3600,0.4,50,88.0,9.6,0.18,1.32,0.192,8.8
5.0,1.0,2.5,3.0,0.8,7200,0.2,50,88.0,9.6,0.18,1.32,0.192,8.8
5.0,1.0,2.5,3.0,0.8,7200,0.4,50,88.0,9.6,0.18,1.32,0.192,8.8
5.0,1.0,2.5,3.0,0.8,14400,0.2,50,88.0,9.6,0.18,1.32,0.192,8.8
5.0,1.0,2.5,3.0,0.8,14400,0.4,50,88.0,9.6,0.18,1.32,0.192,8.8
5.0,1.0,2.5,3.0,0.8,,0.4,50,88.0,9.6,0.18,1.32,0.192,8.8
5.0,1.0,2.5,4.5,0.4,2400,0.2,50,88.0,9.6,0.18,1.32,0.192,8.8
5.0,1.0,2.5,4.5,0.4,3600,0.2,50,88.0,9.6,0.18,1.32,0.192,8.8
5.0,1.0,2.5,4.5,0.4,3600,0.4,50,88.0,9.6,0.18,1.32,0.192,8.8
5.0,1.0,2.5,4.5,0.4,7200,0.2,50,88.0,9.6,0.18,1.32,0.192,8.8
5.0,1.0,2.5,4.5,0.4,7200,0.4,50,88.0,9.6,0.18,1.32,0.192,8.8
5.0,1.0,2.5,4.5,0.4,14400,0.2,50,88.0,9.6,0.18,1.32,0.192,8.8
5.0,1.0,2.5,4.5,0.4,14400,0.4,50,88.0,9.6,0.18,1.32,0.192,8.8
5.0,1.0,2.5,4.5,0.4,,0.4,50,88.0,9.6,0.18,1.32,0.192,8.8
5.0,1.0,2.5,4.5,0.6,2400,0.2,50,88.0,9.6,0.18,1.32,0.192,8.8
5.0,1.0,2.5,4.5,0.6,3600,0.2,50,88.0,9.6,0.18,1.32,0.192,8.8
5.0,1.0,2.5,4.5,0.6,3600,0.4,50,88.0,9.6,0.18,1.32,0.192,8.8
5.0,1.0,2.5,4.5,0.6,7200,0.2,50,88.0,9.6,0.18,1.32,0.192,8.8
5.0,1.0,2.5,4.5,0.6,7200,0.4,50,88.0,9.6,0.18,1.32,0.192,8.8
5.0,1.0,2.5,4.5,0.6,14400,0.2,50,88.0,9.6,0.18,1.32,0.192,8.8
5.0,1.0,2.5,4.5,0.6,14400,0.4,50,88.0,9.6,0.18,1.32,0.192,8.8
5.0,1.0,2.5,4.5,0.6,,0.4,50,88.0,9.6,0.18,1.32,0.192,8.8
5.0,1.0,2.5,4.5,0.8,2400,0.2,50,88.0,9.6,0.18,1.32,0.192,8.8
5.0,1.0,2.5,4.5,0.8,3600,0.2,50,88.0,9.6,0.18,1.32,0.192,8.8
5.0,1.0,2.5,4.5,0.8,3600,0.4,50,88.0,9.6,0.18,1.32,0.192,8.8
5.0,1.0,2.5,4.5,0.8,7200,0.2,50,88.0,9.6,0.18,1.32,0.192,8.8
5.0,1.0,2.5,4.5,0.8,7200,0.4,50,88.0,9.6,0.18,1.32,0.192,8.8
5.0,1.0,2.5,4.5,0.8,14400,0.2,50,88.0,9.6,0.18,1.32,0.192,8.8
5.0,1.0,2.5,4.5,0.8,14400,0.4,50,88.0,9.6,0.18,1.32,0.192,8.8
5.0,1.0,2.5,4.5,0.8,,0.4,50,88.0,9.6,0.18,1.32,0.192,8.8
5.0,1.0,2.5,3.0,0.4,1200,0.2,51,86.3,9.43,0.21,1.31,0.185,8.8
5.0,1.0,2.5,3.0,0.6,1200,0.2,51,86.3,9.43,0.21,1.31,0.185,8.8
5.0,1.0,2.5,3.0,0.8,1200,0.2,51,86.3,9.43,0.21,1.31,0.185,8.8
5.0,1.0,2.5,4.5,0.4,1200,0.2,51,86.3,9.43,0.21,1.31,0.185,8.8
5.0,1.0,2.5,4.5,0.6,1200,0.2,51,86.3,9.43,0.21,1.31,0.185,8.8
5.0,1.0,2.5,4.5,0.8,1200,0.2,51,86.3,9.43,0.21,1.31,0.185,8.8
5.0,1.5,2.5,3.0,0.4,1200,0.8,79,64.6,14.32,0.86,1.57,0.181,8.51
5.0,1.5,2.5,4.5,0.4,1200,0.8,79,64.6,14.32,0.86,1.57,0.181,8.51
4.0,1.5,2.5,3.0,0.4,1200,0.8,78,64.1,13.65,0.86,1.54,0.175,7.15
4.0,1.5,2.5,4.5,0.4,1200,0.8,78,64.1,13.65,0.86,1.54,0.175,7.15
5.0,1.0,2.5,3.0,0.4,7200,0.8,50,86.0,8.7,0.21,1.29,0.174,8.8
5.0,1.0,2.5,3.0,0.6,7200,0.8,50,86.0,8.7,0.21,1.29,0.174,8.8
5.0,1.0,2.5,3.0,0.8,7200,0.8,50,86.0,8.7,0.21,1.29,0.174,8.8
5.0,1.0,2.5,4.5,0.4,7200,0.8,50,86.0,8.7,0.21,1.29,0.174,8.8
5.0,1.0,2.5,4.5,0.6,7200,0.8,50,86.0,8.7,0.21,1.29,0.174,8.8
5.0,1.0,2.5,4.5,0.8,7200,0.8,50,86.0,8.7,0.21,1.29,0.174,8.8
5.0,1.5,2.5,3.0,0.4,1200,0.4,52,82.7,9.03,0.26,1.26,0.174,7.81
5.0,1.5,2.5,4.5,0.4,1200,0.4,52,82.7,9.03,0.26,1.26,0.174,7.81
5.0,1.5,2.5,3.0,0.4,2400,0.8,60,76.7,10.36,0.4,1.33,0.173,8.48
5.0,1.5,2.5,4.5,0.4,2400,0.8,60,76.7,10.36,0.4,1.33,0.173,8.48
5.0,1.0,2.5,3.0,0.4,14400,0.8,50,86.0,8.35,0.21,1.28,0.167,8.8
5.0,1.0,2.5,3.0,0.6,14400,0.8,50,86.0,8.35,0.21,1.28,0.167,8.8
5.0,1.0,2.5,3.0,0.8,14400,0.8,50,86.0,8.35,0.21,1.28,0.167,8.8
5.0,1.0,2.5,4.5,0.4,14400,0.8,50,86.0,8.35,0.21,1.28,0.167,8.8
5.0,1.0,2.5,4.5,0.6,14400,0.8,50,86.0,8.35,0.21,1.28,0.167,8.8
5.0,1.0,2.5,4.5,0.8,14400,0.8,50,86.0,8.35,0.21,1.28,0.167,8.8
5.0,1.5,2.5,3.0,0.6,2400,0.8,60,76.7,10.01,0.4,1.31,0.167,8.89
5.0,1.5,2.5,4.5,0.6,2400,0.8,60,76.7,10.01,0.4,1.31,0.167,8.89
5.0,1.0,1.5,3.0,0.4,3600,0.8,54,83.3,8.94,0.26,1.29,0.166,8.64
5.0,1.0,1.5,3.0,0.6,3600,0.8,54,83.3,8.94,0.26,1.29,0.166,8.64
5.0,1.0,1.5,3.0,0.8,3600,0.8,54,83.3,8.94,0.26,1.29,0.166,8.64
5.0,1.0,1.5,4.5,0.4,3600,0.8,54,83.3,8.94,0.26,1.29,0.166,8.64
5.0,1.0,1.5,4.5,0.6,3600,0.8,54,83.3,8.94,0.26,1.29,0.166,8.64
5.0,1.0,1.5,4.5,0.8,3600,0.8,54,83.3,8.94,0.26,1.29,0.166,8.64
5.0,1.5,2.5,3.0,0.6,3600,0.8,54,83.3,8.62,0.26,1.28,0.16,8.57
5.0,1.5,2.5,4.5,0.6,3600,0.8,54,83.3,8.62,0.26,1.28,0.16,8.57
4.0,1.5,2.5,3.0,0.6,1200,0.8,78,64.1,12.31,0.83,1.49,0.158,6.65
4.0,1.5,2.5,4.5,0.6,1200,0.8,78,64.1,12.31,0.83,1.49,0.158,6.65
5.0,1.5,2.5,3.0,0.6,1200,0.8,79,64.6,12.28,0.82,1.49,0.155,9.01
5.0,1.5,2.5,4.5,0.6,1200,0.8,79,64.6,12.28,0.82,1.49,0.155,9.01
4.0,1.5,2.5,3.0,0.8,1200,0.8,78,64.1,11.88,0.82,1.47,0.152,6.67
4.0,1.5,2.5,4.5,0.8,1200,0.8,78,64.1,11.88,0.82,1.47,0.152,6.67
5.0,1.5,2.5,3.0,0.8,2400,0.8,59,76.3,8.98,0.4,1.28,0.152,10.09
5.0,1.5,2.5,4.5,0.8,2400,0.8,59,76.3,8.98,0.4,1.28,0.152,10.09
5.0,1.5,2.5,3.0,0.8,1200,0.8,79,64.6,11.65,0.8,1.46,0.147,9.61
5.0,1.5,2.5,4.5,0.8,1200,0.8,79,64.6,11.65,0.8,1.46,0.147,9.61
5.0,1.0,1.5,3.0,0.4,1200,0.8,79,64.6,10.93,0.79,1.43,0.138,9.47
5.0,1.0,1.5,3.0,0.6,1200,0.8,79,64.6,10.93,0.79,1.43,0.138,9.47
5.0,1.0,1.5,3.0,0.8,1200,0.8,79,64.6,10.93,0.79,1.43,0.138,9.47
5.0,1.0,1.5,4.5,0.4,1200,0.8,79,64.6,10.93,0.79,1.43,0.138,9.47
5.0,1.0,1.5,4.5,0.6,1200,0.8,79,64.6,10.93,0.79,1.43,0.138,9.47
5.0,1.0,1.5,4.5,0.8,1200,0.8,79,64.6,10.93,0.79,1.43,0.138,9.47
4.0,1.0,1.5,3.0,0.4,1200,0.8,78,64.1,10.63,0.8,1.42,0.136,7.1
4.0,1.0,1.5,3.0,0.6,1200,0.8,78,64.1,10.63,0.8,1.42,0.136,7.1
4.0,1.0,1.5,3.0,0.8,1200,0.8,78,64.1,10.63,0.8,1.42,0.136,7.1
4.0,1.0,1.5,4.5,0.4,1200,0.8,78,64.1,10.63,0.8,1.42,0.136,7.1
4.0,1.0,1.5,4.5,0.6,1200,0.8,78,64.1,10.63,0.8,1.42,0.136,7.1
4.0,1.0,1.5,4.5,0.8,1200,0.8,78,64.1,10.63,0.8,1.42,0.136,7.1
5.0,1.5,2.5,3.0,0.8,3600,0.8,53,83.0,7.18,0.25,1.23,0.135,9.57
5.0,1.5,2.5,4.5,0.8,3600,0.8,53,83.0,7.18,0.25,1.23,0.135,9.57
5.0,1.0,1.5,3.0,0.4,2400,0.8,60,76.7,7.28,0.37,1.23,0.121,10.03
5.0,1.0,1.5,3.0,0.6,2400,0.8,60,76.7,7.28,0.37,1.23,0.121,10.03
5.0,1.0,1.5,3.0,0.8,2400,0.8,60,76.7,7.28,0.37,1.23,0.121,10.03
5.0,1.0,1.5,4.5,0.4,2400,0.8,60,76.7,7.28,0.37,1.23,0.121,10.03
5.0,1.0,1.5,4.5,0.6,2400,0.8,60,76.7,7.28,0.37,1.23,0.121,10.03
5.0,1.0,1.5,4.5,0.8,2400,0.8,60,76.7,7.28,0.37,1.23,0.121,10.03
5.0,1.5,2.5,3.0,0.6,1200,0.4,52,82.7,5.83,0.24,1.17,0.112,8.23
5.0,1.5,2.5,4.5,0.6,1200,0.4,52,82.7,5.83,0.24,1.17,0.112,8.23
5.0,1.0,2.5,3.0,0.4,3600,0.8,54,83.3,5.79,0.24,1.19,0.107,10.69
5.0,1.0,2.5,3.0,0.6,3600,0.8,54,83.3,5.79,0.24,1.19,0.107,10.69
5.0,1.0,2.5,3.0,0.8,3600,0.8,54,83.3,5.79,0.24,1.19,0.107,10.69
5.0,1.0,2.5,4.5,0.4,3600,0.8,54,83.3,5.79,0.24,1.19,0.107,10.69
5.0,1.0,2.5,4.5,0.6,3600,0.8,54,83.3,5.79,0.24,1.19,0.107,10.69
5.0,1.0,2.5,4.5,0.8,3600,0.8,54,83.3,5.79,0.24,1.19,0.107,10.69
4.0,1.5,2.5,3.0,0.6,2400,0.8,62,71.0,6.13,0.48,1.18,0.099,12.72
4.0,1.5,2.5,4.5,0.6,2400,0.8,62,71.0,6.13,0.48,1.18,0.099,12.72
5.0,1.0,2.5,3.0,0.4,1200,0.8,79,64.6,7.78,0.72,1.31,0.098,9.92
5.0,1.0,2.5,3.0,0.6,1200,0.8,79,64.6,7.78,0.72,1.31,0.098,9.92
5.0,1.0,2.5,3.0,0.8,1200,0.8,79,64.6,7.78,0.72,1.31,0.098,9.92
5.0,1.0,2.5,4.5,0.4,1200,0.8,79,64.6,7.78,0.72,1.31,0.098,9.92
5.0,1.0,2.5,4.5,0.6,1200,0.8,79,64.6,7.78,0.72,1.31,0.098,9.92
5.0,1.0,2.5,4.5,0.8,1200,0.8,79,64.6,7.78,0.72,1.31,0.098,9.92
5.0,1.0,1.5,3.0,0.4,1200,0.4,52,82.7,5.05,0.24,1.14,0.097,7.85
5.0,1.0,1.5,3.0,0.6,1200,0.4,52,82.7,5.05,0.24,1.14,0.097,7.85
5.0,1.0,1.5,3.0,0.8,1200,0.4,52,82.7,5.05,0.24,1.14,0.097,7.85
5.0,1.0,1.5,4.5,0.4,1200,0.4,52,82.7,5.05,0.24,1.14,0.097,7.85
5.0,1.0,1.5,4.5,0.6,1200,0.4,52,82.7,5.05,0.24,1.14,0.097,7.85
5.0,1.0,1.5,4.5,0.8,1200,0.4,52,82.7,5.05,0.24,1.14,0.097,7.85
4.0,1.0,2.5,3.0,0.4,1200,0.8,78,64.1,7.48,0.73,1.3,0.096,7.1
4.0,1.0,2.5,3.0,0.6,1200,0.8,78,64.1,7.48,0.73,1.3,0.096,7.1
4.0,1.0,2.5,3.0,0.8,1200,0.8,78,64.1,7.48,0.73,1.3,0.096,7.1
4.0,1.0,2.5,4.5,0.4,1200,0.8,78,64.1,7.48,0.73,1.3,0.096,7.1
4.0,1.0,2.5,4.5,0.6,1200,0.8,78,64.1,7.48,0.73,1.3,0.096,7.1
4.0,1.0,2.5,4.5,0.8,1200,0.8,78,64.1,7.48,0.73,1.3,0.096,7.1
3.0,1.5,2.5,3.0,0.4,2400,0.4,55,76.4,5.23,0.35,1.13,0.095,12.74
3.0,1.5,2.5,4.5,0.4,2400,0.4,55,76.4,5.23,0.35,1.13,0.095,12.74
3.0,1.5,2.5,3.0,0.4,1200,0.8,80,61.3,7.38,0.79,1.25,0.092,9.62
3.0,1.5,2.5,4.5,0.4,1200,0.8,80,61.3,7.38,0.79,1.25,0.092,9.62
4.0,1.5,2.5,3.0,0.4,2400,0.8,62,71.0,5.58,0.48,1.16,0.09,13.39
4.0,1.5,2.5,3.0,0.8,2400,0.8,61,70.5,5.5,0.49,1.16,0.09,13.52
4.0,1.5,2.5,4.5,0.4,2400,0.8,62,71.0,5.58,0.48,1.16,0.09,13.39
4.0,1.5,2.5,4.5,0.8,2400,0.8,61,70.5,5.5,0.49,1.16,0.09,13.52
5.0,1.5,2.5,3.0,0.8,1200,0.4,52,82.7,4.65,0.24,1.13,0.089,9.43
5.0,1.5,2.5,4.5,0.8,1200,0.4,52,82.7,4.65,0.24,1.13,0.089,9.43
3.0,1.5,2.5,3.0,0.4,1200,0.2,55,74.5,4.84,0.38,1.12,0.088,12.74
3.0,1.5,2.5,4.5,0.4,1200,0.2,55,74.5,4.84,0.38,1.12,0.088,12.74
3.0,1.5,2.5,3.0,0.8,1200,0.8,80,61.3,6.81,0.78,1.23,0.085,10.02
3.0,1.5,2.5,4.5,0.8,1200,0.8,80,61.3,6.81,0.78,1.23,0.085,10.02
3.0,1.5,2.5,3.0,0.6,1200,0.8,80,61.3,6.64,0.78,1.23,0.083,9.82
3.0,1.5,2.5,3.0,0.6,2400,0.8,62,69.4,5.13,0.51,1.15,0.083,12.79
3.0,1.5,2.5,4.5,0.6,1200,0.8,80,61.3,6.64,0.78,1.23,0.083,9.82
3.0,1.5,2.5,4.5,0.6,2400,0.8,62,69.4,5.13,0.51,1.15,0.083,12.79
3.0,1.5,2.5,3.0,0.4,2400,0.2,54,75.9,4.34,0.35,1.11,0.08,12.74
3.0,1.5,2.5,3.0,0.4,3600,0.2,54,75.9,4.34,0.35,1.11,0.08,12.74
3.0,1.5,2.5,3.0,0.4,3600,0.4,54,75.9,4.34,0.35,1.11,0.08,12.74
3.0,1.5,2.5,3.0,0.4,7200,0.2,54,75.9,4.34,0.35,1.11,0.08,12.74
3.0,1.5,2.5,3.0,0.4,7200,0.4,54,75.9,4.34,0.35,1.11,0.08,12.74
3.0,1.5,2.5,3.0,0.4,14400,0.2,54,75.9,4.34,0.35,1.11,0.08,12.74
3.0,1.5,2.5,3.0,0.4,14400,0.4,54,75.9,4.34,0.35,1.11,0.08,12.74
3.0,1.5,2.5,3.0,0.4,,0.4,54,75.9,4.34,0.35,1.11,0.08,12.74
3.0,1.5,2.5,3.0,0.8,2400,0.8,61,68.9,4.9,0.52,1.14,0.08,12.79
3.0,1.5,2.5,4.5,0.4,2400,0.2,54,75.9,4.34,0.35,1.11,0.08,12.74
3.0,1.5,2.5,4.5,0.4,3600,0.2,54,75.9,4.34,0.35,1.11,0.08,12.74
3.0,1.5,2.5,4.5,0.4,3600,0.4,54,75.9,4.34,0.35,1.11,0.08,12.74
3.0,1.5,2.5,4.5,0.4,7200,0.2,54,75.9,4.34,0.35,1.11,0.08,12.74
3.0,1.5,2.5,4.5,0.4,7200,0.4,54,75.9,4.34,0.35,1.11,0.08,12.74
3.0,1.5,2.5,4.5,0.4,14400,0.2,54,75.9,4.34,0.35,1.11,0.08,12.74
3.0,1.5,2.5,4.5,0.4,14400,0.4,54,75.9,4.34,0.35,1.11,0.08,12.74
3.0,1.5,2.5,4.5,0.4,,0.4,54,75.9,4.34,0.35,1.11,0.08,12.74
3.0,1.5,2.5,4.5,0.8,2400,0.8,61,68.9,4.9,0.52,1.14,0.08,12.79
5.0,1.0,2.5,3.0,0.4,2400,0.8,60,76.7,4.58,0.35,1.14,0.076,11.83
5.0,1.0,2.5,3.0,0.6,2400,0.8,60,76.7,4.58,0.35,1.14,0.076,11.83
5.0,1.0,2.5,3.0,0.8,2400,0.8,60,76.7,4.58,0.35,1.14,0.076,11.83
5.0,1.0,2.5,4.5,0.4,2400,0.8,60,76.7,4.58,0.35,1.14,0.076,11.83
5.0,1.0,2.5,4.5,0.6,2400,0.8,60,76.7,4.58,0.35,1.14,0.076,11.83
5.0,1.0,2.5,4.5,0.8,2400,0.8,60,76.7,4.58,0.35,1.14,0.076,11.83
3.0,1.5,2.5,3.0,0.4,2400,0.8,62,69.4,4.18,0.49,1.12,0.067,12.91
3.0,1.5,2.5,4.5,0.4,2400,0.8,62,69.4,4.18,0.49,1.12,0.067,12.91
3.0,1.5,2.5,3.0,0.4,3600,0.8,58,74.1,3.8,0.39,1.1,0.066,12.66
3.0,1.5,2.5,4.5,0.4,3600,0.8,58,74.1,3.8,0.39,1.1,0.066,12.66
2.0,1.5,2.5,3.0,0.4,1200,0.8,88,56.8,5.61,0.9,1.18,0.064,12.15
2.0,1.5,2.5,4.5,0.4,1200,0.8,88,56.8,5.61,0.9,1.18,0.064,12.15
3.0,1.5,2.5,3.0,0.4,1200,0.4,61,70.5,3.91,0.46,1.1,0.064,10.39
3.0,1.5,2.5,4.5,0.4,1200,0.4,61,70.5,3.91,0.46,1.1,0.064,10.39
3.0,1.5,2.5,3.0,0.4,7200,0.8,54,74.1,3.4,0.38,1.09,0.063,12.74
3.0,1.5,2.5,4.5,0.4,7200,0.8,54,74.1,3.4,0.38,1.09,0.063,12.74
4.0,1.5,2.5,3.0,0.4,1200,0.4,57,75.4,3.38,0.35,1.08,0.059,11.46
4.0,1.5,2.5,4.5,0.4,1200,0.4,57,75.4,3.38,0.35,1.08,0.059,11.46
2.0,1.5,2.5,3.0,0.6,1200,0.8,88,56.8,5.02,0.89,1.16,0.057,12.55
2.0,1.5,2.5,4.5,0.6,1200,0.8,88,56.8,5.02,0.89,1.16,0.057,12.55
3.0,1.0,1.5,3.0,0.4,1200,0.8,80,61.3,4.47,0.73,1.15,0.056,10.06
3.0,1.0,1.5,3.0,0.6,1200,0.8,80,61.3,4.47,0.73,1.15,0.056,10.06
3.0,1.0,1.5,3.0,0.8,1200,0.8,80,61.3,4.47,0.73,1.15,0.056,10.06
3.0,1.0,1.5,4.5,0.4,1200,0.8,80,61.3,4.47,0.73,1.15,0.056,10.06
3.0,1.0,1.5,4.5,0.6,1200,0.8,80,61.3,4.47,0.73,1.15,0.056,10.06
3.0,1.0,1.5,4.5,0.8,1200,0.8,80,61.3,4.47,0.73,1.15,0.056,10.06
3.0,1.5,2.5,3.0,0.4,14400,0.8,54,74.1,3.05,0.38,1.08,0.056,12.74
3.0,1.5,2.5,4.5,0.4,14400,0.8,54,74.1,3.05,0.38,1.08,0.056,12.74
3.0,1.5,2.5,3.0,0.6,2400,0.4,55,76.4,3.05,0.33,1.08,0.055,12.72
3.0,1.5,2.5,3.0,0.6,3600,0.8,58,74.1,3.17,0.38,1.09,0.055,12.54
3.0,1.5,2.5,4.5,0.6,2400,0.4,55,76.4,3.05,0.33,1.08,0.055,12.72
3.0,1.5,2.5,4.5,0.6,3600,0.8,58,74.1,3.17,0.38,1.09,0.055,12.54
3.0,1.5,2.5,3.0,0.8,1200,0.2,54,74.1,2.85,0.38,1.07,0.053,13.32
3.0,1.5,2.5,4.5,0.8,1200,0.2,54,74.1,2.85,0.38,1.07,0.053,13.32
4.0,1.0,1.5,3.0,0.4,2400,0.8,62,71.0,3.31,0.45,1.1,0.053,14.58
4.0,1.0,1.5,3.0,0.6,2400,0.8,62,71.0,3.31,0.45,1.1,0.053,14.58
4.0,1.0,1.5,3.0,0.8,2400,0.8,62,71.0,3.31,0.45,1.1,0.053,14.58
4.0,1.0,1.5,4.5,0.4,2400,0.8,62,71.0,3.31,0.45,1.1,0.053,14.58
4.0,1.0,1.5,4.5,0.6,2400,0.8,62,71.0,3.31,0.45,1.1,0.053,14.58
4.0,1.0,1.5,4.5,0.8,2400,0.8,62,71.0,3.31,0.45,1.1,0.053,14.58
3.0,1.5,2.5,3.0,0.6,1200,0.2,55,74.5,2.66,0.36,1.07,0.048,12.72
3.0,1.5,2.5,4.5,0.6,1200,0.2,55,74.5,2.66,0.36,1.07,0.048,12.72
2.0,1.5,2.5,3.0,0.8,1200,0.8,87,56.3,3.84,0.87,1.13,0.044,12.95
2.0,1.5,2.5,4.5,0.8,1200,0.8,87,56.3,3.84,0.87,1.13,0.044,12.95
3.0,1.5,2.5,3.0,0.8,3600,0.8,57,73.7,2.53,0.38,1.07,0.044,12.54
3.0,1.5,2.5,4.5,0.8,3600,0.8,57,73.7,2.53,0.38,1.07,0.044,12.54
3.0,1.5,2.5,3.0,0.8,2400,0.4,54,75.9,2.24,0.34,1.06,0.041,13.32
3.0,1.5,2.5,4.5,0.8,2400,0.4,54,75.9,2.24,0.34,1.06,0.041,13.32
3.0,1.5,2.5,3.0,0.8,2400,0.2,53,75.5,1.95,0.34,1.05,0.037,13.32
3.0,1.5,2.5,3.0,0.8,3600,0.2,53,75.5,1.95,0.34,1.05,0.037,13.32
3.0,1.5,2.5,3.0,0.8,3600,0.4,53,75.5,1.95,0.34,1.05,0.037,13.32
3.0,1.5,2.5,3.0,0.8,7200,0.2,53,75.5,1.95,0.34,1.05,0.037,13.32
3.0,1.5,2.5,3.0,0.8,7200,0.4,53,75.5,1.95,0.34,1.05,0.037,13.32
3.0,1.5,2.5,3.0,0.8,7200,0.8,53,75.5,1.95,0.34,1.05,0.037,13.32
3.0,1.5,2.5,3.0,0.8,14400,0.2,53,75.5,1.95,0.34,1.05,0.037,13.32
3.0,1.5,2.5,3.0,0.8,14400,0.4,53,75.5,1.95,0.34,1.05,0.037,13.32
3.0,1.5,2.5,3.0,0.8,14400,0.8,53,75.5,1.95,0.34,1.05,0.037,13.32
3.0,1.5,2.5,3.0,0.8,,0.4,53,75.5,1.95,0.34,1.05,0.037,13.32
3.0,1.5,2.5,4.5,0.8,2400,0.2,53,75.5,1.95,0.34,1.05,0.037,13.32
3.0,1.5,2.5,4.5,0.8,3600,0.2,53,75.5,1.95,0.34,1.05,0.037,13.32
3.0,1.5,2.5,4.5,0.8,3600,0.4,53,75.5,1.95,0.34,1.05,0.037,13.32
3.0,1.5,2.5,4.5,0.8,7200,0.2,53,75.5,1.95,0.34,1.05,0.037,13.32
3.0,1.5,2.5,4.5,0.8,7200,0.4,53,75.5,1.95,0.34,1.05,0.037,13.32
3.0,1.5,2.5,4.5,0.8,7200,0.8,53,75.5,1.95,0.34,1.05,0.037,13.32
3.0,1.5,2.5,4.5,0.8,14400,0.2,53,75.5,1.95,0.34,1.05,0.037,13.32
3.0,1.5,2.5,4.5,0.8,14400,0.4,53,75.5,1.95,0.34,1.05,0.037,13.32
3.0,1.5,2.5,4.5,0.8,14400,0.8,53,75.5,1.95,0.34,1.05,0.037,13.32
3.0,1.5,2.5,4.5,0.8,,0.4,53,75.5,1.95,0.34,1.05,0.037,13.32
3.0,1.5,2.5,3.0,0.6,2400,0.2,54,75.9,1.96,0.33,1.05,0.036,12.72
3.0,1.5,2.5,3.0,0.6,3600,0.2,54,75.9,1.96,0.33,1.05,0.036,12.72
3.0,1.5,2.5,3.0,0.6,3600,0.4,54,75.9,1.96,0.33,1.05,0.036,12.72
3.0,1.5,2.5,3.0,0.6,7200,0.2,54,75.9,1.96,0.33,1.05,0.036,12.72
3.0,1.5,2.5,3.0,0.6,7200,0.4,54,75.9,1.96,0.33,1.05,0.036,12.72
3.0,1.5,2.5,3.0,0.6,14400,0.2,54,75.9,1.96,0.33,1.05,0.036,12.72
3.0,1.5,2.5,3.0,0.6,14400,0.4,54,75.9,1.96,0.33,1.05,0.036,12.72
3.0,1.5,2.5,3.0,0.6,,0.4,54,75.9,1.96,0.33,1.05,0.036,12.72
3.0,1.5,2.5,4.5,0.6,2400,0.2,54,75.9,1.96,0.33,1.05,0.036,12.72
3.0,1.5,2.5,4.5,0.6,3600,0.2,54,75.9,1.96,0.33,1.05,0.036,12.72
3.0,1.5,2.5,4.5,0.6,3600,0.4,54,75.9,1.96,0.33,1.05,0.036,12.72
3.0,1.5,2.5,4.5,0.6,7200,0.2,54,75.9,1.96,0.33,1.05,0.036,12.72
3.0,1.5,2.5,4.5,0.6,7200,0.4,54,75.9,1.96,0.33,1.05,0.036,12.72
3.0,1.5,2.5,4.5,0.6,14400,0.2,54,75.9,1.96,0.33,1.05,0.036,12.72
3.0,1.5,2.5,4.5,0.6,14400,0.4,54,75.9,1.96,0.33,1.05,0.036,12.72
3.0,1.5,2.5,4.5,0.6,,0.4,54,75.9,1.96,0.33,1.05,0.036,12.72
3.0,1.0,1.5,3.0,0.4,2400,0.4,55,76.4,1.79,0.32,1.05,0.033,14.4
3.0,1.0,1.5,3.0,0.6,2400,0.4,55,76.4,1.79,0.32,1.05,0.033,14.4
3.0,1.0,1.5,3.0,0.8,2400,0.4,55,76.4,1.79,0.32,1.05,0.033,14.4
3.0,1.0,1.5,4.5,0.4,2400,0.4,55,76.4,1.79,0.32,1.05,0.033,14.4
3.0,1.0,1.5,4.5,0.6,2400,0.4,55,76.4,1.79,0.32,1.05,0.033,14.4
3.0,1.0,1.5,4.5,0.8,2400,0.4,55,76.4,1.79,0.32,1.05,0.033,14.4
3.0,1.5,2.5,3.0,0.6,1200,0.4,61,70.5,1.9,0.44,1.05,0.031,10.29
3.0,1.5,2.5,4.5,0.6,1200,0.4,61,70.5,1.9,0.44,1.05,0.031,10.29
2.0,1.0,1.5,3.0,0.4,1200,0.8,88,56.8,2.66,0.83,1.09,0.03,12.94
2.0,1.0,1.5,3.0,0.6,1200,0.8,88,56.8,2.66,0.83,1.09,0.03,12.94
2.0,1.0,1.5,3.0,0.8,1200,0.8,88,56.8,2.66,0.83,1.09,0.03,12.94
2.0,1.0,1.5,4.5,0.4,1200,0.8,88,56.8,2.66,0.83,1.09,0.03,12.94
2.0,1.0,1.5,4.5,0.6,1200,0.8,88,56.8,2.66,0.83,1.09,0.03,12.94
2.0,1.0,1.5,4.5,0.8,1200,0.8,88,56.8,2.66,0.83,1.09,0.03,12.94
3.0,1.0,1.5,3.0,0.4,2400,0.8,62,69.4,1.8,0.46,1.05,0.029,13.82
3.0,1.0,1.5,3.0,0.4,3600,0.8,58,74.1,1.69,0.36,1.05,0.029,12.99
3.0,1.0,1.5,3.0,0.6,2400,0.8,62,69.4,1.8,0.46,1.05,0.029,13.82
3.0,1.0,1.5,3.0,0.6,3600,0.8,58,74.1,1.69,0.36,1.05,0.029,12.99
3.0,1.0,1.5,3.0,0.8,2400,0.8,62,69.4,1.8,0.46,1.05,0.029,13.82
3.0,1.0,1.5,3.0,0.8,3600,0.8,58,74.1,1.69,0.36,1.05,0.029,12.99
3.0,1.0,1.5,4.5,0.4,2400,0.8,62,69.4,1.8,0.46,1.05,0.029,13.82
3.0,1.0,1.5,4.5,0.4,3600,0.8,58,74.1,1.69,0.36,1.05,0.029,12.99
3.0,1.0,1.5,4.5,0.6,2400,0.8,62,69.4,1.8,0.46,1.05,0.029,13.82
3.0,1.0,1.5,4.5,0.6,3600,0.8,58,74.1,1.69,0.36,1.05,0.029,12.99
3.0,1.0,1.5,4.5,0.8,2400,0.8,62,69.4,1.8,0.46,1.05,0.029,13.82
3.0,1.0,1.5,4.5,0.8,3600,0.8,58,74.1,1.69,0.36,1.05,0.029,12.99
4.0,0.7,1.5,3.0,0.4,1200,0.8,79,64.6,2.32,0.6,1.09,0.029,8.8
4.0,0.7,1.5,3.0,0.6,1200,0.8,79,64.6,2.32,0.6,1.09,0.029,8.8
4.0,0.7,1.5,3.0,0.8,1200,0.8,79,64.6,2.32,0.6,1.09,0.029,8.8
4.0,0.7,1.5,4.5,0.4,1200,0.8,79,64.6,2.32,0.6,1.09,0.029,8.8
4.0,0.7,1.5,4.5,0.6,1200,0.8,79,64.6,2.32,0.6,1.09,0.029,8.8
4.0,0.7,1.5,4.5,0.8,1200,0.8,79,64.6,2.32,0.6,1.09,0.029,8.8
3.0,1.0,1.5,3.0,0.4,2400,0.2,54,75.9,1.5,0.33,1.04,0.028,14.4
3.0,1.0,1.5,3.0,0.4,3600,0.2,54,75.9,1.5,0.33,1.04,0.028,14.4
3.0,1.0,1.5,3.0,0.4,3600,0.4,54,75.9,1.5,0.33,1.04,0.028,14.4
3.0,1.0,1.5,3.0,0.4,7200,0.2,54,75.9,1.5,0.33,1.04,0.028,14.4
3.0,1.0,1.5,3.0,0.4,7200,0.4,54,75.9,1.5,0.33,1.04,0.028,14.4
3.0,1.0,1.5,3.0,0.4,14400,0.2,54,75.9,1.5,0.33,1.04,0.028,14.4
3.0,1.0,1.5,3.0,0.4,14400,0.4,54,75.9,1.5,0.33,1.04,0.028,14.4
3.0,1.0,1.5,3.0,0.4,,0.4,54,75.9,1.5,0.33,1.04,0.028,14.4
3.0,1.0,1.5,3.0,0.6,2400,0.2,54,75.9,1.5,0.33,1.04,0.028,14.4
3.0,1.0,1.5,3.0,0.6,3600,0.2,54,75.9,1.5,0.33,1.04,0.028,14.4
3.0,1.0,1.5,3.0,0.6,3600,0.4,54,75.9,1.5,0.33,1.04,0.028,14.4
3.0,1.0,1.5,3.0,0.6,7200,0.2,54,75.9,1.5,0.33,1.04,0.028,14.4
3.0,1.0,1.5,3.0,0.6,7200,0.4,54,75.9,1.5,0.33,1.04,0.028,14.4
3.0,1.0,1.5,3.0,0.6,14400,0.2,54,75.9,1.5,0.33,1.04,0.028,14.4
3.0,1.0,1.5,3.0,0.6,14400,0.4,54,75.9,1.5,0.33,1.04,0.028,14.4
3.0,1.0,1.5,3.0,0.6,,0.4,54,75.9,1.5,0.33,1.04,0.028,14.4
3.0,1.0,1.5,3.0,0.8,2400,0.2,54,75.9,1.5,0.33,1.04,0.028,14.4
3.0,1.0,1.5,3.0,0.8,3600,0.2,54,75.9,1.5,0.33,1.04,0.028,14.4
3.0,1.0,1.5,3.0,0.8,3600,0.4,54,75.9,1.5,0.33,1.04,0.028,14.4
3.0,1.0,1.5,3.0,0.8,7200,0.2,54,75.9,1.5,0.33,1.04,0.028,14.4
3.0,1.0,1.5,3.0,0.8,7200,0.4,54,75.9,1.5,0.33,1.04,0.028,14.4
3.0,1.0,1.5,3.0,0.8,14400,0.2,54,75.9,1.5,0.33,1.04,0.028,14.4
3.0,1.0,1.5,3.0,0.8,14400,0.4,54,75.9,1.5,0.33,1.04,0.028,14.4
3.0,1.0,1.5,3.0,0.8,,0.4,54,75.9,1.5,0.33,1.04,0.028,14.4
3.0,1.0,1.5,4.5,0.4,2400,0.2,54,75.9,1.5,0.33,1.04,0.028,14.4
3.0,1.0,1.5,4.5,0.4,3600,0.2,54,75.9,1.5,0.33,1.04,0.028,14.4
3.0,1.0,1.5,4.5,0.4,3600,0.4,54,75.9,1.5,0.33,1.04,0.028,14.4
3.0,1.0,1.5,4.5,0.4,7200,0.2,54,75.9,1.5,0.33,1.04,0.028,14.4
3.0,1.0,1.5,4.5,0.4,7200,0.4,54,75.9,1.5,0.33,1.04,0.028,14.4
3.0,1.0,1.5,4.5,0.4,14400,0.2,54,75.9,1.5,0.33,1.04,0.028,14.4
3.0,1.0,1.5,4.5,0.4,14400,0.4,54,75.9,1.5,0.33,1.04,0.028,14.4
3.0,1.0,1.5,4.5,0.4,,0.4,54,75.9,1.5,0.33,1.04,0.028,14.4
3.0,1.0,1.5,4.5,0.6,2400,0.2,54,75.9,1.5,0.33,1.04,0.028,14.4
3.0,1.0,1.5,4.5,0.6,3600,0.2,54,75.9,1.5,0.33,1.04,0.028,14.4
3.0,1.0,1.5,4.5,0.6,3600,0.4,54,75.9,1.5,0.33,1.04,0.028,14.4
3.0,1.0,1.5,4.5,0.6,7200,0.2,54,75.9,1.5,0.33,1.04,0.028,14.4
3.0,1.0,1.5,4.5,0.6,7200,0.4,54,75.9,1.5,0.33,1.04,0.028,14.4
3.0,1.0,1.5,4.5,0.6,14400,0.2,54,75.9,1.5,0.33,1.04,0.028,14.4
3.0,1.0,1.5,4.5,0.6,14400,0.4,54,75.9,1.5,0.33,1.04,0.028,14.4
3.0,1.0,1.5,4.5,0.6,,0.4,54,75.9,1.5,0.33,1.04,0.028,14.4
3.0,1.0,1.5,4.5,0.8,2400,0.2,54,75.9,1.5,0.33,1.04,0.028,14.4
3.0,1.0,1.5,4.5,0.8,3600,0.2,54,75.9,1.5,0.33,1.04,0.028,14.4
3.0,1.0,1.5,4.5,0.8,3600,0.4,54,75.9,1.5,0.33,1.04,0.028,14.4
3.0,1.0,1.5,4.5,0.8,7200,0.2,54,75.9,1.5,0.33,1.04,0.028,14.4
3.0,1.0,1.5,4.5,0.8,7200,0.4,54,75.9,1.5,0.33,1.04,0.028,14.4
3.0,1.0,1.5,4.5,0.8,14400,0.2,54,75.9,1.5,0.33,1.04,0.028,14.4
3.0,1.0,1.5,4.5,0.8,14400,0.4,54,75.9,1.5,0.33,1.04,0.028,14.4
3.0,1.0,1.5,4.5,0.8,,0.4,54,75.9,1.5,0.33,1.04,0.028,14.4
5.0,1.0,2.5,3.0,0.4,1200,0.4,52,82.7,1.45,0.22,1.04,0.028,10.08
5.0,1.0,2.5,3.0,0.6,1200,0.4,52,82.7,1.45,0.22,1.04,0.028,10.08
5.0,1.0,2.5,3.0,0.8,1200,0.4,52,82.7,1.45,0.22,1.04,0.028,10.08
5.0,1.0,2.5,4.5,0.4,1200,0.4,52,82.7,1.45,0.22,1.04,0.028,10.08
5.0,1.0,2.5,4.5,0.6,1200,0.4,52,82.7,1.45,0.22,1.04,0.028,10.08
5.0,1.0,2.5,4.5,0.8,1200,0.4,52,82.7,1.45,0.22,1.04,0.028,10.08
5.0,0.7,1.5,3.0,0.4,1200,0.8,80,63.7,1.99,0.61,1.08,0.025,10.94
5.0,0.7,1.5,3.0,0.6,1200,0.8,80,63.7,1.99,0.61,1.08,0.025,10.94
5.0,0.7,1.5,3.0,0.8,1200,0.8,80,63.7,1.99,0.61,1.08,0.025,10.94
5.0,0.7,1.5,4.5,0.4,1200,0.8,80,63.7,1.99,0.61,1.08,0.025,10.94
5.0,0.7,1.5,4.5,0.6,1200,0.8,80,63.7,1.99,0.61,1.08,0.025,10.94
5.0,0.7,1.5,4.5,0.8,1200,0.8,80,63.7,1.99,0.61,1.08,0.025,10.94
3.0,1.0,1.5,3.0,0.4,1200,0.2,55,74.5,1.33,0.35,1.03,0.024,14.4
3.0,1.0,1.5,3.0,0.6,1200,0.2,55,74.5,1.33,0.35,1.03,0.024,14.4
3.0,1.0,1.5,3.0,0.8,1200,0.2,55,74.5,1.33,0.35,1.03,0.024,14.4
3.0,1.0,1.5,4.5,0.4,1200,0.2,55,74.5,1.33,0.35,1.03,0.024,14.4
3.0,1.0,1.5,4.5,0.6,1200,0.2,55,74.5,1.33,0.35,1.03,0.024,14.4
3.0,1.0,1.5,4.5,0.8,1200,0.2,55,74.5,1.33,0.35,1.03,0.024,14.4
3.0,1.5,2.5,3.0,0.8,1200,0.4,61,70.5,1.47,0.43,1.04,0.024,10.69
3.0,1.5,2.5,4.5,0.8,1200,0.4,61,70.5,1.47,0.43,1.04,0.024,10.69
3.0,1.5,2.5,3.0,0.6,7200,0.8,54,74.1,1.22,0.36,1.03,0.023,12.72
3.0,1.5,2.5,4.5,0.6,7200,0.8,54,74.1,1.22,0.36,1.03,0.023,12.72
4.0,1.5,2.5,3.0,0.6,1200,0.4,57,75.4,1.2,0.34,1.03,0.021,11.16
4.0,1.5,2.5,4.5,0.6,1200,0.4,57,75.4,1.2,0.34,1.03,0.021,11.16
3.0,1.0,2.5,3.0,0.4,1200,0.8,80,61.3,1.32,0.66,1.05,0.016,10.51
3.0,1.0,2.5,3.0,0.6,1200,0.8,80,61.3,1.32,0.66,1.05,0.016,10.51
3.0,1.0,2.5,3.0,0.8,1200,0.8,80,61.3,1.32,0.66,1.05,0.016,10.51
3.0,1.0,2.5,4.5,0.4,1200,0.8,80,61.3,1.32,0.66,1.05,0.016,10.51
3.0,1.0,2.5,4.5,0.6,1200,0.8,80,61.3,1.32,0.66,1.05,0.016,10.51
3.0,1.0,2.5,4.5,0.8,1200,0.8,80,61.3,1.32,0.66,1.05,0.016,10.51
3.0,1.5,2.5,3.0,0.6,14400,0.8,54,74.1,0.87,0.36,1.02,0.016,12.72
3.0,1.5,2.5,4.5,0.6,14400,0.8,54,74.1,0.87,0.36,1.02,0.016,12.72
5.0,0.7,1.5,3.0,0.4,1200,0.4,60,83.3,0.95,0.21,1.03,0.016,8.33
5.0,0.7,1.5,3.0,0.6,1200,0.4,60,83.3,0.95,0.21,1.03,0.016,8.33
5.0,0.7,1.5,3.0,0.8,1200,0.4,60,83.3,0.95,0.21,1.03,0.016,8.33
5.0,0.7,1.5,4.5,0.4,1200,0.4,60,83.3,0.95,0.21,1.03,0.016,8.33
5.0,0.7,1.5,4.5,0.6,1200,0.4,60,83.3,0.95,0.21,1.03,0.016,8.33
5.0,0.7,1.5,4.5,0.8,1200,0.4,60,83.3,0.95,0.21,1.03,0.016,8.33
4.0,1.5,2.5,3.0,0.4,3600,0.8,56,78.6,0.77,0.28,1.02,0.014,15.18
4.0,1.5,2.5,3.0,0.8,1200,0.4,57,75.4,0.77,0.33,1.02,0.014,11.36
4.0,1.5,2.5,4.5,0.4,3600,0.8,56,78.6,0.77,0.28,1.02,0.014,15.18
4.0,1.5,2.5,4.5,0.8,1200,0.4,57,75.4,0.77,0.33,1.02,0.014,11.36
3.0,1.0,1.5,3.0,0.4,7200,0.8,54,74.1,0.6,0.36,1.02,0.011,14.4
3.0,1.0,1.5,3.0,0.6,7200,0.8,54,74.1,0.6,0.36,1.02,0.011,14.4
3.0,1.0,1.5,3.0,0.8,7200,0.8,54,74.1,0.6,0.36,1.02,0.011,14.4
3.0,1.0,1.5,4.5,0.4,7200,0.8,54,74.1,0.6,0.36,1.02,0.011,14.4
3.0,1.0,1.5,4.5,0.6,7200,0.8,54,74.1,0.6,0.36,1.02,0.011,14.4
3.0,1.0,1.5,4.5,0.8,7200,0.8,54,74.1,0.6,0.36,1.02,0.011,14.4
4.0,0.7,2.5,3.0,0.4,1200,0.8,79,64.6,0.88,0.57,1.03,0.011,10.24
4.0,0.7,2.5,3.0,0.6,1200,0.8,79,64.6,0.88,0.57,1.03,0.011,10.24
4.0,0.7,2.5,3.0,0.8,1200,0.8,79,64.6,0.88,0.57,1.03,0.011,10.24
4.0,0.7,2.5,4.5,0.4,1200,0.8,79,64.6,0.88,0.57,1.03,0.011,10.24
4.0,0.7,2.5,4.5,0.6,1200,0.8,79,64.6,0.88,0.57,1.03,0.011,10.24
4.0,0.7,2.5,4.5,0.8,1200,0.8,79,64.6,0.88,0.57,1.03,0.011,10.24
4.0,1.0,2.5,3.0,0.4,2400,0.8,62,71.0,0.61,0.42,1.02,0.01,16.38
4.0,1.0,2.5,3.0,0.6,2400,0.8,62,71.0,0.61,0.42,1.02,0.01,16.38
4.0,1.0,2.5,3.0,0.8,2400,0.8,62,71.0,0.61,0.42,1.02,0.01,16.38
4.0,1.0,2.5,4.5,0.4,2400,0.8,62,71.0,0.61,0.42,1.02,0.01,16.38
4.0,1.0,2.5,4.5,0.6,2400,0.8,62,71.0,0.61,0.42,1.02,0.01,16.38
4.0,1.0,2.5,4.5,0.8,2400,0.8,62,71.0,0.61,0.42,1.02,0.01,16.38
5.0,0.7,2.5,3.0,0.4,1200,0.8,80,63.7,0.55,0.58,1.02,0.007,10.94
5.0,0.7,2.5,3.0,0.6,1200,0.8,80,63.7,0.55,0.58,1.02,0.007,10.94
5.0,0.7,2.5,3.0,0.8,1200,0.8,80,63.7,0.55,0.58,1.02,0.007,10.94
5.0,0.7,2.5,4.5,0.4,1200,0.8,80,63.7,0.55,0.58,1.02,0.007,10.94
5.0,0.7,2.5,4.5,0.6,1200,0.8,80,63.7,0.55,0.58,1.02,0.007,10.94
5.0,0.7,2.5,4.5,0.8,1200,0.8,80,63.7,0.55,0.58,1.02,0.007,10.94
3.0,1.0,1.5,3.0,0.4,14400,0.8,54,74.1,0.25,0.35,1.01,0.005,14.4
3.0,1.0,1.5,3.0,0.6,14400,0.8,54,74.1,0.25,0.35,1.01,0.005,14.4
3.0,1.0,1.5,3.0,0.8,14400,0.8,54,74.1,0.25,0.35,1.01,0.005,14.4
3.0,1.0,1.5,4.5,0.4,14400,0.8,54,74.1,0.25,0.35,1.01,0.005,14.4
3.0,1.0,1.5,4.5,0.6,14400,0.8,54,74.1,0.25,0.35,1.01,0.005,14.4
3.0,1.0,1.5,4.5,0.8,14400,0.8,54,74.1,0.25,0.35,1.01,0.005,14.4
3.0,1.0,1.5,3.0,0.4,1200,0.4,61,70.5,0.23,0.42,1.01,0.004,11.55
3.0,1.0,1.5,3.0,0.6,1200,0.4,61,70.5,0.23,0.42,1.01,0.004,11.55
3.0,1.0,1.5,3.0,0.8,1200,0.4,61,70.5,0.23,0.42,1.01,0.004,11.55
3.0,1.0,1.5,4.5,0.4,1200,0.4,61,70.5,0.23,0.42,1.01,0.004,11.55
3.0,1.0,1.5,4.5,0.6,1200,0.4,61,70.5,0.23,0.42,1.01,0.004,11.55
3.0,1.0,1.5,4.5,0.8,1200,0.4,61,70.5,0.23,0.42,1.01,0.004,11.55
3.0,0.7,1.5,3.0,0.4,1200,0.8,80,62.5,0.2,0.6,1.01,0.002,7.94
3.0,0.7,1.5,3.0,0.6,1200,0.8,80,62.5,0.2,0.6,1.01,0.002,7.94
3.0,0.7,1.5,3.0,0.8,1200,0.8,80,62.5,0.2,0.6,1.01,0.002,7.94
3.0,0.7,1.5,4.5,0.4,1200,0.8,80,62.5,0.2,0.6,1.01,0.002,7.94
3.0,0.7,1.5,4.5,0.6,1200,0.8,80,62.5,0.2,0.6,1.01,0.002,7.94
3.0,0.7,1.5,4.5,0.8,1200,0.8,80,62.5,0.2,0.6,1.01,0.002,7.94
2.0,1.0,2.5,3.0,0.4,1200,0.8,88,56.8,-0.04,0.76,1.0,-0.0,13.61
2.0,1.0,2.5,3.0,0.6,1200,0.8,88,56.8,-0.04,0.76,1.0,-0.0,13.61
2.0,1.0,2.5,3.0,0.8,1200,0.8,88,56.8,-0.04,0.76,1.0,-0.0,13.61
2.0,1.0,2.5,4.5,0.4,1200,0.8,88,56.8,-0.04,0.76,1.0,-0.0,13.61
2.0,1.0,2.5,4.5,0.6,1200,0.8,88,56.8,-0.04,0.76,1.0,-0.0,13.61
2.0,1.0,2.5,4.5,0.8,1200,0.8,88,56.8,-0.04,0.76,1.0,-0.0,13.61
4.0,1.5,2.5,3.0,0.4,2400,0.4,53,79.2,-0.11,0.26,1.0,-0.002,19.42
4.0,1.5,2.5,4.5,0.4,2400,0.4,53,79.2,-0.11,0.26,1.0,-0.002,19.42
4.0,1.0,1.5,3.0,0.4,1200,0.4,57,75.4,-0.32,0.32,0.99,-0.006,12.4
4.0,1.0,1.5,3.0,0.6,1200,0.4,57,75.4,-0.32,0.32,0.99,-0.006,12.4
4.0,1.0,1.5,3.0,0.8,1200,0.4,57,75.4,-0.32,0.32,0.99,-0.006,12.4
4.0,1.0,1.5,4.5,0.4,1200,0.4,57,75.4,-0.32,0.32,0.99,-0.006,12.4
4.0,1.0,1.5,4.5,0.6,1200,0.4,57,75.4,-0.32,0.32,0.99,-0.006,12.4
4.0,1.0,1.5,4.5,0.8,1200,0.4,57,75.4,-0.32,0.32,0.99,-0.006,12.4
5.0,0.7,2.5,3.0,0.4,1200,0.4,60,83.3,-0.49,0.2,0.98,-0.008,9.77
5.0,0.7,2.5,3.0,0.6,1200,0.4,60,83.3,-0.49,0.2,0.98,-0.008,9.77
5.0,0.7,2.5,3.0,0.8,1200,0.4,60,83.3,-0.49,0.2,0.98,-0.008,9.77
5.0,0.7,2.5,4.5,0.4,1200,0.4,60,83.3,-0.49,0.2,0.98,-0.008,9.77
5.0,0.7,2.5,4.5,0.6,1200,0.4,60,83.3,-0.49,0.2,0.98,-0.008,9.77
5.0,0.7,2.5,4.5,0.8,1200,0.4,60,83.3,-0.49,0.2,0.98,-0.008,9.77
4.0,1.5,2.5,3.0,0.4,1200,0.2,53,77.4,-0.5,0.29,0.99,-0.009,19.42
4.0,1.5,2.5,4.5,0.4,1200,0.2,53,77.4,-0.5,0.29,0.99,-0.009,19.42
4.0,1.5,2.5,3.0,0.6,3600,0.8,56,78.6,-0.58,0.27,0.99,-0.01,14.71
4.0,1.5,2.5,4.5,0.6,3600,0.8,56,78.6,-0.58,0.27,0.99,-0.01,14.71
4.0,1.0,1.5,3.0,0.4,3600,0.8,56,78.6,-0.72,0.27,0.98,-0.013,16.14
4.0,1.0,1.5,3.0,0.6,3600,0.8,56,78.6,-0.72,0.27,0.98,-0.013,16.14
4.0,1.0,1.5,3.0,0.8,3600,0.8,56,78.6,-0.72,0.27,0.98,-0.013,16.14
4.0,1.0,1.5,4.5,0.4,3600,0.8,56,78.6,-0.72,0.27,0.98,-0.013,16.14
4.0,1.0,1.5,4.5,0.6,3600,0.8,56,78.6,-0.72,0.27,0.98,-0.013,16.14
4.0,1.0,1.5,4.5,0.8,3600,0.8,56,78.6,-0.72,0.27,0.98,-0.013,16.14
3.0,1.0,2.5,3.0,0.4,2400,0.8,62,69.4,-0.9,0.43,0.97,-0.015,15.47
3.0,1.0,2.5,3.0,0.6,2400,0.8,62,69.4,-0.9,0.43,0.97,-0.015,15.47
3.0,1.0,2.5,3.0,0.8,2400,0.8,62,69.4,-0.9,0.43,0.97,-0.015,15.47
3.0,1.0,2.5,4.5,0.4,2400,0.8,62,69.4,-0.9,0.43,0.97,-0.015,15.47
3.0,1.0,2.5,4.5,0.6,2400,0.8,62,69.4,-0.9,0.43,0.97,-0.015,15.47
3.0,1.0,2.5,4.5,0.8,2400,0.8,62,69.4,-0.9,0.43,0.97,-0.015,15.47
3.0,0.7,2.5,3.0,0.4,1200,0.8,80,62.5,-1.24,0.57,0.95,-0.016,8.73
3.0,0.7,2.5,3.0,0.6,1200,0.8,80,62.5,-1.24,0.57,0.95,-0.016,8.73
3.0,0.7,2.5,3.0,0.8,1200,0.8,80,62.5,-1.24,0.57,0.95,-0.016,8.73
3.0,0.7,2.5,4.5,0.4,1200,0.8,80,62.5,-1.24,0.57,0.95,-0.016,8.73
3.0,0.7,2.5,4.5,0.6,1200,0.8,80,62.5,-1.24,0.57,0.95,-0.016,8.73
3.0,0.7,2.5,4.5,0.8,1200,0.8,80,62.5,-1.24,0.57,0.95,-0.016,8.73
4.0,1.5,2.5,3.0,0.4,2400,0.2,52,78.8,-1.0,0.26,0.98,-0.019,19.42
4.0,1.5,2.5,3.0,0.4,3600,0.2,52,78.8,-1.0,0.26,0.98,-0.019,19.42
4.0,1.5,2.5,3.0,0.4,3600,0.4,52,78.8,-1.0,0.26,0.98,-0.019,19.42
4.0,1.5,2.5,3.0,0.4,7200,0.2,52,78.8,-1.0,0.26,0.98,-0.019,19.42
4.0,1.5,2.5,3.0,0.4,7200,0.4,52,78.8,-1.0,0.26,0.98,-0.019,19.42
4.0,1.5,2.5,3.0,0.4,14400,0.2,52,78.8,-1.0,0.26,0.98,-0.019,19.42
4.0,1.5,2.5,3.0,0.4,14400,0.4,52,78.8,-1.0,0.26,0.98,-0.019,19.42
4.0,1.5,2.5,3.0,0.4,,0.4,52,78.8,-1.0,0.26,0.98,-0.019,19.42
4.0,1.5,2.5,4.5,0.4,2400,0.2,52,78.8,-1.0,0.26,0.98,-0.019,19.42
4.0,1.5,2.5,4.5,0.4,3600,0.2,52,78.8,-1.0,0.26,0.98,-0.019,19.42
4.0,1.5,2.5,4.5,0.4,3600,0.4,52,78.8,-1.0,0.26,0.98,-0.019,19.42
4.0,1.5,2.5,4.5,0.4,7200,0.2,52,78.8,-1.0,0.26,0.98,-0.019,19.42
4.0,1.5,2.5,4.5,0.4,7200,0.4,52,78.8,-1.0,0.26,0.98,-0.019,19.42
4.0,1.5,2.5,4.5,0.4,14400,0.2,52,78.8,-1.0,0.26,0.98,-0.019,19.42
4.0,1.5,2.5,4.5,0.4,14400,0.4,52,78.8,-1.0,0.26,0.98,-0.019,19.42
4.0,1.5,2.5,4.5,0.4,,0.4,52,78.8,-1.0,0.26,0.98,-0.019,19.42
2.0,0.7,1.5,3.0,0.4,1200,0.8,88,58.0,-2.12,0.67,0.93,-0.024,11.87
2.0,0.7,1.5,3.0,0.6,1200,0.8,88,58.0,-2.12,0.67,0.93,-0.024,11.87
2.0,0.7,1.5,3.0,0.8,1200,0.8,88,58.0,-2.12,0.67,0.93,-0.024,11.87
2.0,0.7,1.5,4.5,0.4,1200,0.8,88,58.0,-2.12,0.67,0.93,-0.024,11.87
2.0,0.7,1.5,4.5,0.6,1200,0.8,88,58.0,-2.12,0.67,0.93,-0.024,11.87
2.0,0.7,1.5,4.5,0.8,1200,0.8,88,58.0,-2.12,0.67,0.93,-0.024,11.87
3.0,1.0,2.5,3.0,0.4,3600,0.8,58,74.1,-1.46,0.33,0.96,-0.025,14.08
3.0,1.0,2.5,3.0,0.6,3600,0.8,58,74.1,-1.46,0.33,0.96,-0.025,14.08
3.0,1.0,2.5,3.0,0.8,3600,0.8,58,74.1,-1.46,0.33,0.96,-0.025,14.08
3.0,1.0,2.5,4.5,0.4,3600,0.8,58,74.1,-1.46,0.33,0.96,-0.025,14.08
3.0,1.0,2.5,4.5,0.6,3600,0.8,58,74.1,-1.46,0.33,0.96,-0.025,14.08
3.0,1.0,2.5,4.5,0.8,3600,0.8,58,74.1,-1.46,0.33,0.96,-0.025,14.08
4.0,1.5,2.5,3.0,0.8,3600,0.8,55,78.2,-1.45,0.27,0.96,-0.026,15.62
4.0,1.5,2.5,4.5,0.8,3600,0.8,55,78.2,-1.45,0.27,0.96,-0.026,15.62
2.0,1.5,2.5,3.0,0.4,1200,0.4,72,61.1,-2.07,0.61,0.96,-0.029,16.01
2.0,1.5,2.5,4.5,0.4,1200,0.4,72,61.1,-2.07,0.61,0.96,-0.029,16.01
2.0,1.5,2.5,3.0,0.6,2400,0.8,71,57.7,-2.22,0.69,0.94,-0.031,14.4
2.0,1.5,2.5,4.5,0.6,2400,0.8,71,57.7,-2.22,0.69,0.94,-0.031,14.4
2.0,0.7,2.5,3.0,0.4,1200,0.8,88,58.0,-2.84,0.65,0.9,-0.032,12.06
2.0,0.7,2.5,3.0,0.6,1200,0.8,88,58.0,-2.84,0.65,0.9,-0.032,12.06
2.0,0.7,2.5,3.0,0.8,1200,0.8,88,58.0,-2.84,0.65,0.9,-0.032,12.06
2.0,0.7,2.5,4.5,0.4,1200,0.8,88,58.0,-2.84,0.65,0.9,-0.032,12.06
2.0,0.7,2.5,4.5,0.6,1200,0.8,88,58.0,-2.84,0.65,0.9,-0.032,12.06
2.0,0.7,2.5,4.5,0.8,1200,0.8,88,58.0,-2.84,0.65,0.9,-0.032,12.06
3.0,1.0,2.5,3.0,0.4,2400,0.4,55,76.4,-1.81,0.3,0.95,-0.033,16.5
3.0,1.0,2.5,3.0,0.6,2400,0.4,55,76.4,-1.81,0.3,0.95,-0.033,16.5
3.0,1.0,2.5,3.0,0.8,2400,0.4,55,76.4,-1.81,0.3,0.95,-0.033,16.5
3.0,1.0,2.5,4.5,0.4,2400,0.4,55,76.4,-1.81,0.3,0.95,-0.033,16.5
3.0,1.0,2.5,4.5,0.6,2400,0.4,55,76.4,-1.81,0.3,0.95,-0.033,16.5
3.0,1.0,2.5,4.5,0.8,2400,0.4,55,76.4,-1.81,0.3,0.95,-0.033,16.5
4.0,1.5,2.5,3.0,0.4,7200,0.8,52,76.9,-1.94,0.29,0.96,-0.037,19.42
4.0,1.5,2.5,4.5,0.4,7200,0.8,52,76.9,-1.94,0.29,0.96,-0.037,19.42
4.0,0.7,1.5,3.0,0.4,2400,0.8,64,71.9,-2.41,0.36,0.92,-0.038,14.86
4.0,0.7,1.5,3.0,0.6,2400,0.8,64,71.9,-2.41,0.36,0.92,-0.038,14.86
4.0,0.7,1.5,3.0,0.8,2400,0.8,64,71.9,-2.41,0.36,0.92,-0.038,14.86
4.0,0.7,1.5,4.5,0.4,2400,0.8,64,71.9,-2.41,0.36,0.92,-0.038,14.86
4.0,0.7,1.5,4.5,0.6,2400,0.8,64,71.9,-2.41,0.36,0.92,-0.038,14.86
4.0,0.7,1.5,4.5,0.8,2400,0.8,64,71.9,-2.41,0.36,0.92,-0.038,14.86
3.0,1.0,2.5,3.0,0.4,2400,0.2,54,75.9,-2.1,0.3,0.95,-0.039,16.5
3.0,1.0,2.5,3.0,0.4,3600,0.2,54,75.9,-2.1,0.3,0.95,-0.039,16.5
3.0,1.0,2.5,3.0,0.4,3600,0.4,54,75.9,-2.1,0.3,0.95,-0.039,16.5
3.0,1.0,2.5,3.0,0.4,7200,0.2,54,75.9,-2.1,0.3,0.95,-0.039,16.5
3.0,1.0,2.5,3.0,0.4,7200,0.4,54,75.9,-2.1,0.3,0.95,-0.039,16.5
3.0,1.0,2.5,3.0,0.4,14400,0.2,54,75.9,-2.1,0.3,0.95,-0.039,16.5
3.0,1.0,2.5,3.0,0.4,14400,0.4,54,75.9,-2.1,0.3,0.95,-0.039,16.5
3.0,1.0,2.5,3.0,0.4,,0.4,54,75.9,-2.1,0.3,0.95,-0.039,16.5
3.0,1.0,2.5,3.0,0.6,2400,0.2,54,75.9,-2.1,0.3,0.95,-0.039,16.5
3.0,1.0,2.5,3.0,0.6,3600,0.2,54,75.9,-2.1,0.3,0.95,-0.039,16.5
3.0,1.0,2.5,3.0,0.6,3600,0.4,54,75.9,-2.1,0.3,0.95,-0.039,16.5
3.0,1.0,2.5,3.0,0.6,7200,0.2,54,75.9,-2.1,0.3,0.95,-0.039,16.5
3.0,1.0,2.5,3.0,0.6,7200,0.4,54,75.9,-2.1,0.3,0.95,-0.039,16.5
3.0,1.0,2.5,3.0,0.6,14400,0.2,54,75.9,-2.1,0.3,0.95,-0.039,16.5
3.0,1.0,2.5,3.0,0.6,14400,0.4,54,75.9,-2.1,0.3,0.95,-0.039,16.5
3.0,1.0,2.5,3.0,0.6,,0.4,54,75.9,-2.1,0.3,0.95,-0.039,16.5
3.0,1.0,2.5,3.0,0.8,2400,0.2,54,75.9,-2.1,0.3,0.95,-0.039,16.5
3.0,1.0,2.5,3.0,0.8,3600,0.2,54,75.9,-2.1,0.3,0.95,-0.039,16.5
3.0,1.0,2.5,3.0,0.8,3600,0.4,54,75.9,-2.1,0.3,0.95,-0.039,16.5
3.0,1.0,2.5,3.0,0.8,7200,0.2,54,75.9,-2.1,0.3,0.95,-0.039,16.5
3.0,1.0,2.5,3.0,0.8,7200,0.4,54,75.9,-2.1,0.3,0.95,-0.039,16.5
3.0,1.0,2.5,3.0,0.8,14400,0.2,54,75.9,-2.1,0.3,0.95,-0.039,16.5
3.0,1.0,2.5,3.0,0.8,14400,0.4,54,75.9,-2.1,0.3,0.95,-0.039,16.5
3.0,1.0,2.5,3.0,0.8,,0.4,54,75.9,-2.1,0.3,0.95,-0.039,16.5
3.0,1.0,2.5,4.5,0.4,2400,0.2,54,75.9,-2.1,0.3,0.95,-0.039,16.5
3.0,1.0,2.5,4.5,0.4,3600,0.2,54,75.9,-2.1,0.3,0.95,-0.039,16.5
3.0,1.0,2.5,4.5,0.4,3600,0.4,54,75.9,-2.1,0.3,0.95,-0.039,16.5
3.0,1.0,2.5,4.5,0.4,7200,0.2,54,75.9,-2.1,0.3,0.95,-0.039,16.5
3.0,1.0,2.5,4.5,0.4,7200,0.4,54,75.9,-2.1,0.3,0.95,-0.039,16.5
3.0,1.0,2.5,4.5,0.4,14400,0.2,54,75.9,-2.1,0.3,0.95,-0.039,16.5
3.0,1.0,2.5,4.5,0.4,14400,0.4,54,75.9,-2.1,0.3,0.95,-0.039,16.5
3.0,1.0,2.5,4.5,0.4,,0.4,54,75.9,-2.1,0.3,0.95,-0.039,16.5
3.0,1.0,2.5,4.5,0.6,2400,0.2,54,75.9,-2.1,0.3,0.95,-0.039,16.5
3.0,1.0,2.5,4.5,0.6,3600,0.2,54,75.9,-2.1,0.3,0.95,-0.039,16.5
3.0,1.0,2.5,4.5,0.6,3600,0.4,54,75.9,-2.1,0.3,0.95,-0.039,16.5
3.0,1.0,2.5,4.5,0.6,7200,0.2,54,75.9,-2.1,0.3,0.95,-0.039,16.5
3.0,1.0,2.5,4.5,0.6,7200,0.4,54,75.9,-2.1,0.3,0.95,-0.039,16.5
3.0,1.0,2.5,4.5,0.6,14400,0.2,54,75.9,-2.1,0.3,0.95,-0.039,16.5
3.0,1.0,2.5,4.5,0.6,14400,0.4,54,75.9,-2.1,0.3,0.95,-0.039,16.5
3.0,1.0,2.5,4.5,0.6,,0.4,54,75.9,-2.1,0.3,0.95,-0.039,16.5
3.0,1.0,2.5,4.5,0.8,2400,0.2,54,75.9,-2.1,0.3,0.95,-0.039,16.5
3.0,1.0,2.5,4.5,0.8,3600,0.2,54,75.9,-2.1,0.3,0.95,-0.039,16.5
3.0,1.0,2.5,4.5,0.8,3600,0.4,54,75.9,-2.1,0.3,0.95,-0.039,16.5
3.0,1.0,2.5,4.5,0.8,7200,0.2,54,75.9,-2.1,0.3,0.95,-0.039,16.5
3.0,1.0,2.5,4.5,0.8,7200,0.4,54,75.9,-2.1,0.3,0.95,-0.039,16.5
3.0,1.0,2.5,4.5,0.8,14400,0.2,54,75.9,-2.1,0.3,0.95,-0.039,16.5
3.0,1.0,2.5,4.5,0.8,14400,0.4,54,75.9,-2.1,0.3,0.95,-0.039,16.5
3.0,1.0,2.5,4.5,0.8,,0.4,54,75.9,-2.1,0.3,0.95,-0.039,16.5
2.0,1.5,2.5,3.0,0.4,2400,0.8,71,57.7,-2.92,0.68,0.93,-0.041,14.65
2.0,1.5,2.5,4.5,0.4,2400,0.8,71,57.7,-2.92,0.68,0.93,-0.041,14.65
3.0,1.0,2.5,3.0,0.4,1200,0.2,55,74.5,-2.27,0.32,0.94,-0.041,16.5
3.0,1.0,2.5,3.0,0.6,1200,0.2,55,74.5,-2.27,0.32,0.94,-0.041,16.5
3.0,1.0,2.5,3.0,0.8,1200,0.2,55,74.5,-2.27,0.32,0.94,-0.041,16.5
3.0,1.0,2.5,4.5,0.4,1200,0.2,55,74.5,-2.27,0.32,0.94,-0.041,16.5
3.0,1.0,2.5,4.5,0.6,1200,0.2,55,74.5,-2.27,0.32,0.94,-0.041,16.5
3.0,1.0,2.5,4.5,0.8,1200,0.2,55,74.5,-2.27,0.32,0.94,-0.041,16.5
4.0,1.5,2.5,3.0,0.4,14400,0.8,52,76.9,-2.29,0.28,0.95,-0.044,19.42
4.0,1.5,2.5,4.5,0.4,14400,0.8,52,76.9,-2.29,0.28,0.95,-0.044,19.42
2.0,1.5,2.5,3.0,0.6,1200,0.4,72,61.1,-3.65,0.59,0.92,-0.051,16.11
2.0,1.5,2.5,4.5,0.6,1200,0.4,72,61.1,-3.65,0.59,0.92,-0.051,16.11
4.0,1.0,1.5,3.0,0.4,2400,0.4,53,79.2,-2.76,0.25,0.94,-0.052,20.25
4.0,1.0,1.5,3.0,0.6,2400,0.4,53,79.2,-2.76,0.25,0.94,-0.052,20.25
4.0,1.0,1.5,3.0,0.8,2400,0.4,53,79.2,-2.76,0.25,0.94,-0.052,20.25
4.0,1.0,1.5,4.5,0.4,2400,0.4,53,79.2,-2.76,0.25,0.94,-0.052,20.25
4.0,1.0,1.5,4.5,0.6,2400,0.4,53,79.2,-2.76,0.25,0.94,-0.052,20.25
4.0,1.0,1.5,4.5,0.8,2400,0.4,53,79.2,-2.76,0.25,0.94,-0.052,20.25
4.0,1.5,2.5,3.0,0.6,2400,0.4,53,79.2,-2.81,0.25,0.94,-0.053,19.27
4.0,1.5,2.5,4.5,0.6,2400,0.4,53,79.2,-2.81,0.25,0.94,-0.053,19.27
3.0,1.0,2.5,3.0,0.4,1200,0.4,61,70.5,-3.37,0.38,0.91,-0.055,13.42
3.0,1.0,2.5,3.0,0.6,1200,0.4,61,70.5,-3.37,0.38,0.91,-0.055,13.42
3.0,1.0,2.5,3.0,0.8,1200,0.4,61,70.5,-3.37,0.38,0.91,-0.055,13.42
3.0,1.0,2.5,4.5,0.4,1200,0.4,61,70.5,-3.37,0.38,0.91,-0.055,13.42
3.0,1.0,2.5,4.5,0.6,1200,0.4,61,70.5,-3.37,0.38,0.91,-0.055,13.42
3.0,1.0,2.5,4.5,0.8,1200,0.4,61,70.5,-3.37,0.38,0.91,-0.055,13.42
3.0,1.0,2.5,3.0,0.4,7200,0.8,54,74.1,-3.0,0.32,0.92,-0.056,16.5
3.0,1.0,2.5,3.0,0.6,7200,0.8,54,74.1,-3.0,0.32,0.92,-0.056,16.5
3.0,1.0,2.5,3.0,0.8,7200,0.8,54,74.1,-3.0,0.32,0.92,-0.056,16.5
3.0,1.0,2.5,4.5,0.4,7200,0.8,54,74.1,-3.0,0.32,0.92,-0.056,16.5
3.0,1.0,2.5,4.5,0.6,7200,0.8,54,74.1,-3.0,0.32,0.92,-0.056,16.5
3.0,1.0,2.5,4.5,0.8,7200,0.8,54,74.1,-3.0,0.32,0.92,-0.056,16.5
2.0,1.5,2.5,3.0,0.8,2400,0.8,70,57.1,-4.08,0.67,0.9,-0.058,14.8
2.0,1.5,2.5,4.5,0.8,2400,0.8,70,57.1,-4.08,0.67,0.9,-0.058,14.8
4.0,1.5,2.5,3.0,0.8,1200,0.2,52,76.9,-3.04,0.28,0.93,-0.058,20.18
4.0,1.5,2.5,4.5,0.8,1200,0.2,52,76.9,-3.04,0.28,0.93,-0.058,20.18
4.0,1.0,1.5,3.0,0.4,2400,0.2,52,78.8,-3.05,0.25,0.93,-0.059,20.25
4.0,1.0,1.5,3.0,0.4,3600,0.2,52,78.8,-3.05,0.25,0.93,-0.059,20.25
4.0,1.0,1.5,3.0,0.4,3600,0.4,52,78.8,-3.05,0.25,0.93,-0.059,20.25
4.0,1.0,1.5,3.0,0.4,7200,0.2,52,78.8,-3.05,0.25,0.93,-0.059,20.25
4.0,1.0,1.5,3.0,0.4,7200,0.4,52,78.8,-3.05,0.25,0.93,-0.059,20.25
4.0,1.0,1.5,3.0,0.4,14400,0.2,52,78.8,-3.05,0.25,0.93,-0.059,20.25
4.0,1.0,1.5,3.0,0.4,14400,0.4,52,78.8,-3.05,0.25,0.93,-0.059,20.25
4.0,1.0,1.5,3.0,0.4,,0.4,52,78.8,-3.05,0.25,0.93,-0.059,20.25
4.0,1.0,1.5,3.0,0.6,2400,0.2,52,78.8,-3.05,0.25,0.93,-0.059,20.25
4.0,1.0,1.5,3.0,0.6,3600,0.2,52,78.8,-3.05,0.25,0.93,-0.059,20.25
4.0,1.0,1.5,3.0,0.6,3600,0.4,52,78.8,-3.05,0.25,0.93,-0.059,20.25
4.0,1.0,1.5,3.0,0.6,7200,0.2,52,78.8,-3.05,0.25,0.93,-0.059,20.25
4.0,1.0,1.5,3.0,0.6,7200,0.4,52,78.8,-3.05,0.25,0.93,-0.059,20.25
4.0,1.0,1.5,3.0,0.6,14400,0.2,52,78.8,-3.05,0.25,0.93,-0.059,20.25
4.0,1.0,1.5,3.0,0.6,14400,0.4,52,78.8,-3.05,0.25,0.93,-0.059,20.25
4.0,1.0,1.5,3.0,0.6,,0.4,52,78.8,-3.05,0.25,0.93,-0.059,20.25
4.0,1.0,1.5,3.0,0.8,2400,0.2,52,78.8,-3.05,0.25,0.93,-0.059,20.25
4.0,1.0,1.5,3.0,0.8,3600,0.2,52,78.8,-3.05,0.25,0.93,-0.059,20.25
4.0,1.0,1.5,3.0,0.8,3600,0.4,52,78.8,-3.05,0.25,0.93,-0.059,20.25
4.0,1.0,1.5,3.0,0.8,7200,0.2,52,78.8,-3.05,0.25,0.93,-0.059,20.25
4.0,1.0,1.5,3.0,0.8,7200,0.4,52,78.8,-3.05,0.25,0.93,-0.059,20.25
4.0,1.0,1.5,3.0,0.8,14400,0.2,52,78.8,-3.05,0.25,0.93,-0.059,20.25
4.0,1.0,1.5,3.0,0.8,14400,0.4,52,78.8,-3.05,0.25,0.93,-0.059,20.25
4.0,1.0,1.5,3.0,0.8,,0.4,52,78.8,-3.05,0.25,0.93,-0.059,20.25
4.0,1.0,1.5,4.5,0.4,2400,0.2,52,78.8,-3.05,0.25,0.93,-0.059,20.25
4.0,1.0,1.5,4.5,0.4,3600,0.2,52,78.8,-3.05,0.25,0.93,-0.059,20.25
4.0,1.0,1.5,4.5,0.4,3600,0.4,52,78.8,-3.05,0.25,0.93,-0.059,20.25
4.0,1.0,1.5,4.5,0.4,7200,0.2,52,78.8,-3.05,0.25,0.93,-0.059,20.25
4.0,1.0,1.5,4.5,0.4,7200,0.4,52,78.8,-3.05,0.25,0.93,-0.059,20.25
4.0,1.0,1.5,4.5,0.4,14400,0.2,52,78.8,-3.05,0.25,0.93,-0.059,20.25
4.0,1.0,1.5,4.5,0.4,14400,0.4,52,78.8,-3.05,0.25,0.93,-0.059,20.25
4.0,1.0,1.5,4.5,0.4,,0.4,52,78.8,-3.05,0.25,0.93,-0.059,20.25
4.0,1.0,1.5,4.5,0.6,2400,0.2,52,78.8,-3.05,0.25,0.93,-0.059,20.25
4.0,1.0,1.5,4.5,0.6,3600,0.2,52,78.8,-3.05,0.25,0.93,-0.059,20.25
4.0,1.0,1.5,4.5,0.6,3600,0.4,52,78.8,-3.05,0.25,0.93,-0.059,20.25
4.0,1.0,1.5,4.5,0.6,7200,0.2,52,78.8,-3.05,0.25,0.93,-0.059,20.25
4.0,1.0,1.5,4.5,0.6,7200,0.4,52,78.8,-3.05,0.25,0.93,-0.059,20.25
4.0,1.0,1.5,4.5,0.6,14400,0.2,52,78.8,-3.05,0.25,0.93,-0.059,20.25
4.0,1.0,1.5,4.5,0.6,14400,0.4,52,78.8,-3.05,0.25,0.93,-0.059,20.25
4.0,1.0,1.5,4.5,0.6,,0.4,52,78.8,-3.05,0.25,0.93,-0.059,20.25
4.0,1.0,1.5,4.5,0.8,2400,0.2,52,78.8,-3.05,0.25,0.93,-0.059,20.25
4.0,1.0,1.5,4.5,0.8,3600,0.2,52,78.8,-3.05,0.25,0.93,-0.059,20.25
4.0,1.0,1.5,4.5,0.8,3600,0.4,52,78.8,-3.05,0.25,0.93,-0.059,20.25
4.0,1.0,1.5,4.5,0.8,7200,0.2,52,78.8,-3.05,0.25,0.93,-0.059,20.25
4.0,1.0,1.5,4.5,0.8,7200,0.4,52,78.8,-3.05,0.25,0.93,-0.059,20.25
4.0,1.0,1.5,4.5,0.8,14400,0.2,52,78.8,-3.05,0.25,0.93,-0.059,20.25
4.0,1.0,1.5,4.5,0.8,14400,0.4,52,78.8,-3.05,0.25,0.93,-0.059,20.25
4.0,1.0,1.5,4.5,0.8,,0.4,52,78.8,-3.05,0.25,0.93,-0.059,20.25
4.0,0.7,2.5,3.0,0.4,2400,0.8,64,71.9,-3.85,0.34,0.87,-0.06,16.3
4.0,0.7,2.5,3.0,0.6,2400,0.8,64,71.9,-3.85,0.34,0.87,-0.06,16.3
4.0,0.7,2.5,3.0,0.8,2400,0.8,64,71.9,-3.85,0.34,0.87,-0.06,16.3
4.0,0.7,2.5,4.5,0.4,2400,0.8,64,71.9,-3.85,0.34,0.87,-0.06,16.3
4.0,0.7,2.5,4.5,0.6,2400,0.8,64,71.9,-3.85,0.34,0.87,-0.06,16.3
4.0,0.7,2.5,4.5,0.8,2400,0.8,64,71.9,-3.85,0.34,0.87,-0.06,16.3
4.0,1.5,2.5,3.0,0.6,1200,0.2,53,77.4,-3.2,0.27,0.93,-0.06,19.27
4.0,1.5,2.5,4.5,0.6,1200,0.2,53,77.4,-3.2,0.27,0.93,-0.06,19.27
4.0,1.0,1.5,3.0,0.4,1200,0.2,53,77.4,-3.22,0.27,0.93,-0.061,20.25
4.0,1.0,1.5,3.0,0.6,1200,0.2,53,77.4,-3.22,0.27,0.93,-0.061,20.25
4.0,1.0,1.5,3.0,0.8,1200,0.2,53,77.4,-3.22,0.27,0.93,-0.061,20.25
4.0,1.0,1.5,4.5,0.4,1200,0.2,53,77.4,-3.22,0.27,0.93,-0.061,20.25
4.0,1.0,1.5,4.5,0.6,1200,0.2,53,77.4,-3.22,0.27,0.93,-0.061,20.25
4.0,1.0,1.5,4.5,0.8,1200,0.2,53,77.4,-3.22,0.27,0.93,-0.061,20.25
3.0,1.0,2.5,3.0,0.4,14400,0.8,54,74.1,-3.35,0.32,0.91,-0.062,16.5
3.0,1.0,2.5,3.0,0.6,14400,0.8,54,74.1,-3.35,0.32,0.91,-0.062,16.5
3.0,1.0,2.5,3.0,0.8,14400,0.8,54,74.1,-3.35,0.32,0.91,-0.062,16.5
3.0,1.0,2.5,4.5,0.4,14400,0.8,54,74.1,-3.35,0.32,0.91,-0.062,16.5
3.0,1.0,2.5,4.5,0.6,14400,0.8,54,74.1,-3.35,0.32,0.91,-0.062,16.5
3.0,1.0,2.5,4.5,0.8,14400,0.8,54,74.1,-3.35,0.32,0.91,-0.062,16.5
4.0,1.5,2.5,3.0,0.8,2400,0.4,52,78.8,-3.65,0.25,0.92,-0.07,20.18
4.0,1.5,2.5,4.5,0.8,2400,0.4,52,78.8,-3.65,0.25,0.92,-0.07,20.18
5.0,0.7,1.5,3.0,0.4,2400,0.8,62,74.2,-4.4,0.3,0.86,-0.071,16.85
5.0,0.7,1.5,3.0,0.6,2400,0.8,62,74.2,-4.4,0.3,0.86,-0.071,16.85
5.0,0.7,1.5,3.0,0.8,2400,0.8,62,74.2,-4.4,0.3,0.86,-0.071,16.85
5.0,0.7,1.5,4.5,0.4,2400,0.8,62,74.2,-4.4,0.3,0.86,-0.071,16.85
5.0,0.7,1.5,4.5,0.6,2400,0.8,62,74.2,-4.4,0.3,0.86,-0.071,16.85
5.0,0.7,1.5,4.5,0.8,2400,0.8,62,74.2,-4.4,0.3,0.86,-0.071,16.85
4.0,1.5,2.5,3.0,0.6,2400,0.2,52,78.8,-3.9,0.24,0.91,-0.075,19.27
4.0,1.5,2.5,3.0,0.6,3600,0.2,52,78.8,-3.9,0.24,0.91,-0.075,19.27
4.0,1.5,2.5,3.0,0.6,3600,0.4,52,78.8,-3.9,0.24,0.91,-0.075,19.27
4.0,1.5,2.5,3.0,0.6,7200,0.2,52,78.8,-3.9,0.24,0.91,-0.075,19.27
4.0,1.5,2.5,3.0,0.6,7200,0.4,52,78.8,-3.9,0.24,0.91,-0.075,19.27
4.0,1.5,2.5,3.0,0.6,14400,0.2,52,78.8,-3.9,0.24,0.91,-0.075,19.27
4.0,1.5,2.5,3.0,0.6,14400,0.4,52,78.8,-3.9,0.24,0.91,-0.075,19.27
4.0,1.5,2.5,3.0,0.6,,0.4,52,78.8,-3.9,0.24,0.91,-0.075,19.27
4.0,1.5,2.5,4.5,0.6,2400,0.2,52,78.8,-3.9,0.24,0.91,-0.075,19.27
4.0,1.5,2.5,4.5,0.6,3600,0.2,52,78.8,-3.9,0.24,0.91,-0.075,19.27
4.0,1.5,2.5,4.5,0.6,3600,0.4,52,78.8,-3.9,0.24,0.91,-0.075,19.27
4.0,1.5,2.5,4.5,0.6,7200,0.2,52,78.8,-3.9,0.24,0.91,-0.075,19.27
4.0,1.5,2.5,4.5,0.6,7200,0.4,52,78.8,-3.9,0.24,0.91,-0.075,19.27
4.0,1.5,2.5,4.5,0.6,14400,0.2,52,78.8,-3.9,0.24,0.91,-0.075,19.27
4.0,1.5,2.5,4.5,0.6,14400,0.4,52,78.8,-3.9,0.24,0.91,-0.075,19.27
4.0,1.5,2.5,4.5,0.6,,0.4,52,78.8,-3.9,0.24,0.91,-0.075,19.27
2.0,1.5,2.5,3.0,0.8,1200,0.4,71,60.6,-5.43,0.57,0.88,-0.076,18.86
2.0,1.5,2.5,4.5,0.8,1200,0.4,71,60.6,-5.43,0.57,0.88,-0.076,18.86
4.0,1.0,1.5,3.0,0.4,7200,0.8,52,76.9,-3.95,0.27,0.91,-0.076,20.25
4.0,1.0,1.5,3.0,0.6,7200,0.8,52,76.9,-3.95,0.27,0.91,-0.076,20.25
4.0,1.0,1.5,3.0,0.8,7200,0.8,52,76.9,-3.95,0.27,0.91,-0.076,20.25
4.0,1.0,1.5,4.5,0.4,7200,0.8,52,76.9,-3.95,0.27,0.91,-0.076,20.25
4.0,1.0,1.5,4.5,0.6,7200,0.8,52,76.9,-3.95,0.27,0.91,-0.076,20.25
4.0,1.0,1.5,4.5,0.8,7200,0.8,52,76.9,-3.95,0.27,0.91,-0.076,20.25
4.0,1.0,2.5,3.0,0.4,1200,0.4,57,75.4,-4.37,0.29,0.89,-0.077,13.52
4.0,1.0,2.5,3.0,0.4,3600,0.8,56,78.6,-4.32,0.24,0.89,-0.077,17.94
4.0,1.0,2.5,3.0,0.6,1200,0.4,57,75.4,-4.37,0.29,0.89,-0.077,13.52
4.0,1.0,2.5,3.0,0.6,3600,0.8,56,78.6,-4.32,0.24,0.89,-0.077,17.94
4.0,1.0,2.5,3.0,0.8,1200,0.4,57,75.4,-4.37,0.29,0.89,-0.077,13.52
4.0,1.0,2.5,3.0,0.8,3600,0.8,56,78.6,-4.32,0.24,0.89,-0.077,17.94
4.0,1.0,2.5,4.5,0.4,1200,0.4,57,75.4,-4.37,0.29,0.89,-0.077,13.52
4.0,1.0,2.5,4.5,0.4,3600,0.8,56,78.6,-4.32,0.24,0.89,-0.077,17.94
4.0,1.0,2.5,4.5,0.6,1200,0.4,57,75.4,-4.37,0.29,0.89,-0.077,13.52
4.0,1.0,2.5,4.5,0.6,3600,0.8,56,78.6,-4.32,0.24,0.89,-0.077,17.94
4.0,1.0,2.5,4.5,0.8,1200,0.4,57,75.4,-4.37,0.29,0.89,-0.077,13.52
4.0,1.0,2.5,4.5,0.8,3600,0.8,56,78.6,-4.32,0.24,0.89,-0.077,17.94
4.0,1.5,2.5,3.0,0.8,2400,0.2,51,78.4,-3.94,0.25,0.91,-0.077,20.18
4.0,1.5,2.5,3.0,0.8,3600,0.2,51,78.4,-3.94,0.25,0.91,-0.077,20.18
4.0,1.5,2.5,3.0,0.8,3600,0.4,51,78.4,-3.94,0.25,0.91,-0.077,20.18
4.0,1.5,2.5,3.0,0.8,7200,0.2,51,78.4,-3.94,0.25,0.91,-0.077,20.18
4.0,1.5,2.5,3.0,0.8,7200,0.4,51,78.4,-3.94,0.25,0.91,-0.077,20.18
4.0,1.5,2.5,3.0,0.8,7200,0.8,51,78.4,-3.94,0.25,0.91,-0.077,20.18
4.0,1.5,2.5,3.0,0.8,14400,0.2,51,78.4,-3.94,0.25,0.91,-0.077,20.18
4.0,1.5,2.5,3.0,0.8,14400,0.4,51,78.4,-3.94,0.25,0.91,-0.077,20.18
4.0,1.5,2.5,3.0,0.8,14400,0.8,51,78.4,-3.94,0.25,0.91,-0.077,20.18
4.0,1.5,2.5,3.0,0.8,,0.4,51,78.4,-3.94,0.25,0.91,-0.077,20.18
4.0,1.5,2.5,4.5,0.8,2400,0.2,51,78.4,-3.94,0.25,0.91,-0.077,20.18
4.0,1.5,2.5,4.5,0.8,3600,0.2,51,78.4,-3.94,0.25,0.91,-0.077,20.18
4.0,1.5,2.5,4.5,0.8,3600,0.4,51,78.4,-3.94,0.25,0.91,-0.077,20.18
4.0,1.5,2.5,4.5,0.8,7200,0.2,51,78.4,-3.94,0.25,0.91,-0.077,20.18
4.0,1.5,2.5,4.5,0.8,7200,0.4,51,78.4,-3.94,0.25,0.91,-0.077,20.18
4.0,1.5,2.5,4.5,0.8,7200,0.8,51,78.4,-3.94,0.25,0.91,-0.077,20.18
4.0,1.5,2.5,4.5,0.8,14400,0.2,51,78.4,-3.94,0.25,0.91,-0.077,20.18
4.0,1.5,2.5,4.5,0.8,14400,0.4,51,78.4,-3.94,0.25,0.91,-0.077,20.18
4.0,1.5,2.5,4.5,0.8,14400,0.8,51,78.4,-3.94,0.25,0.91,-0.077,20.18
4.0,1.5,2.5,4.5,0.8,,0.4,51,78.4,-3.94,0.25,0.91,-0.077,20.18
5.0,0.7,1.5,3.0,0.4,2400,0.4,54,87.0,-4.29,0.13,0.88,-0.079,13.74
5.0,0.7,1.5,3.0,0.6,2400,0.4,54,87.0,-4.29,0.13,0.88,-0.079,13.74
5.0,0.7,1.5,3.0,0.8,2400,0.4,54,87.0,-4.29,0.13,0.88,-0.079,13.74
5.0,0.7,1.5,4.5,0.4,2400,0.4,54,87.0,-4.29,0.13,0.88,-0.079,13.74
5.0,0.7,1.5,4.5,0.6,2400,0.4,54,87.0,-4.29,0.13,0.88,-0.079,13.74
5.0,0.7,1.5,4.5,0.8,2400,0.4,54,87.0,-4.29,0.13,0.88,-0.079,13.74
2.0,1.0,1.5,3.0,0.4,2400,0.8,71,57.7,-5.76,0.63,0.86,-0.081,16.23
2.0,1.0,1.5,3.0,0.6,2400,0.8,71,57.7,-5.76,0.63,0.86,-0.081,16.23
2.0,1.0,1.5,3.0,0.8,2400,0.8,71,57.7,-5.76,0.63,0.86,-0.081,16.23
2.0,1.0,1.5,4.5,0.4,2400,0.8,71,57.7,-5.76,0.63,0.86,-0.081,16.23
2.0,1.0,1.5,4.5,0.6,2400,0.8,71,57.7,-5.76,0.63,0.86,-0.081,16.23
2.0,1.0,1.5,4.5,0.8,2400,0.8,71,57.7,-5.76,0.63,0.86,-0.081,16.23
3.0,0.7,1.5,3.0,0.4,2400,0.8,63,69.8,-5.13,0.36,0.84,-0.081,14.18
3.0,0.7,1.5,3.0,0.6,2400,0.8,63,69.8,-5.13,0.36,0.84,-0.081,14.18
3.0,0.7,1.5,3.0,0.8,2400,0.8,63,69.8,-5.13,0.36,0.84,-0.081,14.18
3.0,0.7,1.5,4.5,0.4,2400,0.8,63,69.8,-5.13,0.36,0.84,-0.081,14.18
3.0,0.7,1.5,4.5,0.6,2400,0.8,63,69.8,-5.13,0.36,0.84,-0.081,14.18
3.0,0.7,1.5,4.5,0.8,2400,0.8,63,69.8,-5.13,0.36,0.84,-0.081,14.18
2.0,1.0,1.5,3.0,0.4,1200,0.4,72,61.1,-5.87,0.56,0.87,-0.082,17.22
2.0,1.0,1.5,3.0,0.6,1200,0.4,72,61.1,-5.87,0.56,0.87,-0.082,17.22
2.0,1.0,1.5,3.0,0.8,1200,0.4,72,61.1,-5.87,0.56,0.87,-0.082,17.22
2.0,1.0,1.5,4.5,0.4,1200,0.4,72,61.1,-5.87,0.56,0.87,-0.082,17.22
2.0,1.0,1.5,4.5,0.6,1200,0.4,72,61.1,-5.87,0.56,0.87,-0.082,17.22
2.0,1.0,1.5,4.5,0.8,1200,0.4,72,61.1,-5.87,0.56,0.87,-0.082,17.22
4.0,1.0,1.5,3.0,0.4,14400,0.8,52,76.9,-4.3,0.27,0.9,-0.083,20.25
4.0,1.0,1.5,3.0,0.6,14400,0.8,52,76.9,-4.3,0.27,0.9,-0.083,20.25
4.0,1.0,1.5,3.0,0.8,14400,0.8,52,76.9,-4.3,0.27,0.9,-0.083,20.25
4.0,1.0,1.5,4.5,0.4,14400,0.8,52,76.9,-4.3,0.27,0.9,-0.083,20.25
4.0,1.0,1.5,4.5,0.6,14400,0.8,52,76.9,-4.3,0.27,0.9,-0.083,20.25
4.0,1.0,1.5,4.5,0.8,14400,0.8,52,76.9,-4.3,0.27,0.9,-0.083,20.25
5.0,0.7,1.5,3.0,0.4,2400,0.2,53,86.8,-4.58,0.13,0.87,-0.086,14.03
5.0,0.7,1.5,3.0,0.4,3600,0.2,53,86.8,-4.58,0.13,0.87,-0.086,14.03
5.0,0.7,1.5,3.0,0.4,3600,0.4,53,86.8,-4.58,0.13,0.87,-0.086,14.03
5.0,0.7,1.5,3.0,0.4,7200,0.2,53,86.8,-4.58,0.13,0.87,-0.086,14.03
5.0,0.7,1.5,3.0,0.4,7200,0.4,53,86.8,-4.58,0.13,0.87,-0.086,14.03
5.0,0.7,1.5,3.0,0.4,7200,0.8,53,86.8,-4.58,0.13,0.87,-0.086,14.03
5.0,0.7,1.5,3.0,0.4,14400,0.2,53,86.8,-4.58,0.13,0.87,-0.086,14.03
5.0,0.7,1.5,3.0,0.4,14400,0.4,53,86.8,-4.58,0.13,0.87,-0.086,14.03
5.0,0.7,1.5,3.0,0.4,14400,0.8,53,86.8,-4.58,0.13,0.87,-0.086,14.03
5.0,0.7,1.5,3.0,0.4,,0.4,53,86.8,-4.58,0.13,0.87,-0.086,14.03
5.0,0.7,1.5,3.0,0.6,2400,0.2,53,86.8,-4.58,0.13,0.87,-0.086,14.03
5.0,0.7,1.5,3.0,0.6,3600,0.2,53,86.8,-4.58,0.13,0.87,-0.086,14.03
5.0,0.7,1.5,3.0,0.6,3600,0.4,53,86.8,-4.58,0.13,0.87,-0.086,14.03
5.0,0.7,1.5,3.0,0.6,7200,0.2,53,86.8,-4.58,0.13,0.87,-0.086,14.03
5.0,0.7,1.5,3.0,0.6,7200,0.4,53,86.8,-4.58,0.13,0.87,-0.086,14.03
5.0,0.7,1.5,3.0,0.6,7200,0.8,53,86.8,-4.58,0.13,0.87,-0.086,14.03
5.0,0.7,1.5,3.0,0.6,14400,0.2,53,86.8,-4.58,0.13,0.87,-0.086,14.03
5.0,0.7,1.5,3.0,0.6,14400,0.4,53,86.8,-4.58,0.13,0.87,-0.086,14.03
5.0,0.7,1.5,3.0,0.6,14400,0.8,53,86.8,-4.58,0.13,0.87,-0.086,14.03
5.0,0.7,1.5,3.0,0.6,,0.4,53,86.8,-4.58,0.13,0.87,-0.086,14.03
5.0,0.7,1.5,3.0,0.8,2400,0.2,53,86.8,-4.58,0.13,0.87,-0.086,14.03
5.0,0.7,1.5,3.0,0.8,3600,0.2,53,86.8,-4.58,0.13,0.87,-0.086,14.03
5.0,0.7,1.5,3.0,0.8,3600,0.4,53,86.8,-4.58,0.13,0.87,-0.086,14.03
5.0,0.7,1.5,3.0,0.8,7200,0.2,53,86.8,-4.58,0.13,0.87,-0.086,14.03
5.0,0.7,1.5,3.0,0.8,7200,0.4,53,86.8,-4.58,0.13,0.87,-0.086,14.03
5.0,0.7,1.5,3.0,0.8,7200,0.8,53,86.8,-4.58,0.13,0.87,-0.086,14.03
5.0,0.7,1.5,3.0,0.8,14400,0.2,53,86.8,-4.58,0.13,0.87,-0.086,14.03
5.0,0.7,1.5,3.0,0.8,14400,0.4,53,86.8,-4.58,0.13,0.87,-0.086,14.03
5.0,0.7,1.5,3.0,0.8,14400,0.8,53,86.8,-4.58,0.13,0.87,-0.086,14.03
5.0,0.7,1.5,3.0,0.8,,0.4,53,86.8,-4.58,0.13,0.87,-0.086,14.03
5.0,0.7,1.5,4.5,0.4,2400,0.2,53,86.8,-4.58,0.13,0.87,-0.086,14.03
5.0,0.7,1.5,4.5,0.4,3600,0.2,53,86.8,-4.58,0.13,0.87,-0.086,14.03
5.0,0.7,1.5,4.5,0.4,3600,0.4,53,86.8,-4.58,0.13,0.87,-0.086,14.03
5.0,0.7,1.5,4.5,0.4,7200,0.2,53,86.8,-4.58,0.13,0.87,-0.086,14.03
5.0,0.7,1.5,4.5,0.4,7200,0.4,53,86.8,-4.58,0.13,0.87,-0.086,14.03
5.0,0.7,1.5,4.5,0.4,7200,0.8,53,86.8,-4.58,0.13,0.87,-0.086,14.03
5.0,0.7,1.5,4.5,0.4,14400,0.2,53,86.8,-4.58,0.13,0.87,-0.086,14.03
5.0,0.7,1.5,4.5,0.4,14400,0.4,53,86.8,-4.58,0.13,0.87,-0.086,14.03
5.0,0.7,1.5,4.5,0.4,14400,0.8,53,86.8,-4.58,0.13,0.87,-0.086,14.03
5.0,0.7,1.5,4.5,0.4,,0.4,53,86.8,-4.58,0.13,0.87,-0.086,14.03
5.0,0.7,1.5,4.5,0.6,2400,0.2,53,86.8,-4.58,0.13,0.87,-0.086,14.03
5.0,0.7,1.5,4.5,0.6,3600,0.2,53,86.8,-4.58,0.13,0.87,-0.086,14.03
5.0,0.7,1.5,4.5,0.6,3600,0.4,53,86.8,-4.58,0.13,0.87,-0.086,14.03
5.0,0.7,1.5,4.5,0.6,7200,0.2,53,86.8,-4.58,0.13,0.87,-0.086,14.03
5.0,0.7,1.5,4.5,0.6,7200,0.4,53,86.8,-4.58,0.13,0.87,-0.086,14.03
5.0,0.7,1.5,4.5,0.6,7200,0.8,53,86.8,-4.58,0.13,0.87,-0.086,14.03
5.0,0.7,1.5,4.5,0.6,14400,0.2,53,86.8,-4.58,0.13,0.87,-0.086,14.03
5.0,0.7,1.5,4.5,0.6,14400,0.4,53,86.8,-4.58,0.13,0.87,-0.086,14.03
5.0,0.7,1.5,4.5,0.6,14400,0.8,53,86.8,-4.58,0.13,0.87,-0.086,14.03
5.0,0.7,1.5,4.5,0.6,,0.4,53,86.8,-4.58,0.13,0.87,-0.086,14.03
5.0,0.7,1.5,4.5,0.8,2400,0.2,53,86.8,-4.58,0.13,0.87,-0.086,14.03
5.0,0.7,1.5,4.5,0.8,3600,0.2,53,86.8,-4.58,0.13,0.87,-0.086,14.03
5.0,0.7,1.5,4.5,0.8,3600,0.4,53,86.8,-4.58,0.13,0.87,-0.086,14.03
5.0,0.7,1.5,4.5,0.8,7200,0.2,53,86.8,-4.58,0.13,0.87,-0.086,14.03
5.0,0.7,1.5,4.5,0.8,7200,0.4,53,86.8,-4.58,0.13,0.87,-0.086,14.03
5.0,0.7,1.5,4.5,0.8,7200,0.8,53,86.8,-4.58,0.13,0.87,-0.086,14.03
5.0,0.7,1.5,4.5,0.8,14400,0.2,53,86.8,-4.58,0.13,0.87,-0.086,14.03
5.0,0.7,1.5,4.5,0.8,14400,0.4,53,86.8,-4.58,0.13,0.87,-0.086,14.03
5.0,0.7,1.5,4.5,0.8,14400,0.8,53,86.8,-4.58,0.13,0.87,-0.086,14.03
5.0,0.7,1.5,4.5,0.8,,0.4,53,86.8,-4.58,0.13,0.87,-0.086,14.03
5.0,0.7,1.5,3.0,0.4,1200,0.2,54,85.2,-4.75,0.15,0.86,-0.088,14.03
5.0,0.7,1.5,3.0,0.6,1200,0.2,54,85.2,-4.75,0.15,0.86,-0.088,14.03
5.0,0.7,1.5,3.0,0.8,1200,0.2,54,85.2,-4.75,0.15,0.86,-0.088,14.03
5.0,0.7,1.5,4.5,0.4,1200,0.2,54,85.2,-4.75,0.15,0.86,-0.088,14.03
5.0,0.7,1.5,4.5,0.6,1200,0.2,54,85.2,-4.75,0.15,0.86,-0.088,14.03
5.0,0.7,1.5,4.5,0.8,1200,0.2,54,85.2,-4.75,0.15,0.86,-0.088,14.03
4.0,1.5,2.5,3.0,0.6,7200,0.8,52,76.9,-4.64,0.27,0.89,-0.089,19.27
4.0,1.5,2.5,4.5,0.6,7200,0.8,52,76.9,-4.64,0.27,0.89,-0.089,19.27
5.0,0.7,2.5,3.0,0.4,2400,0.8,62,74.2,-5.84,0.28,0.82,-0.094,18.29
5.0,0.7,2.5,3.0,0.6,2400,0.8,62,74.2,-5.84,0.28,0.82,-0.094,18.29
5.0,0.7,2.5,3.0,0.8,2400,0.8,62,74.2,-5.84,0.28,0.82,-0.094,18.29
5.0,0.7,2.5,4.5,0.4,2400,0.8,62,74.2,-5.84,0.28,0.82,-0.094,18.29
5.0,0.7,2.5,4.5,0.6,2400,0.8,62,74.2,-5.84,0.28,0.82,-0.094,18.29
5.0,0.7,2.5,4.5,0.8,2400,0.8,62,74.2,-5.84,0.28,0.82,-0.094,18.29
2.0,0.7,1.5,3.0,0.4,1200,0.4,74,67.6,-7.05,0.39,0.82,-0.095,15.23
2.0,0.7,1.5,3.0,0.6,1200,0.4,74,67.6,-7.05,0.39,0.82,-0.095,15.23
2.0,0.7,1.5,3.0,0.8,1200,0.4,74,67.6,-7.05,0.39,0.82,-0.095,15.23
2.0,0.7,1.5,4.5,0.4,1200,0.4,74,67.6,-7.05,0.39,0.82,-0.095,15.23
2.0,0.7,1.5,4.5,0.6,1200,0.4,74,67.6,-7.05,0.39,0.82,-0.095,15.23
2.0,0.7,1.5,4.5,0.8,1200,0.4,74,67.6,-7.05,0.39,0.82,-0.095,15.23
4.0,1.5,2.5,3.0,0.6,14400,0.8,52,76.9,-4.99,0.27,0.89,-0.096,19.27
4.0,1.5,2.5,4.5,0.6,14400,0.8,52,76.9,-4.99,0.27,0.89,-0.096,19.27
5.0,0.7,1.5,3.0,0.4,3600,0.8,56,83.9,-5.37,0.16,0.85,-0.096,14.68
5.0,0.7,1.5,3.0,0.6,3600,0.8,56,83.9,-5.37,0.16,0.85,-0.096,14.68
5.0,0.7,1.5,3.0,0.8,3600,0.8,56,83.9,-5.37,0.16,0.85,-0.096,14.68
5.0,0.7,1.5,4.5,0.4,3600,0.8,56,83.9,-5.37,0.16,0.85,-0.096,14.68
5.0,0.7,1.5,4.5,0.6,3600,0.8,56,83.9,-5.37,0.16,0.85,-0.096,14.68
5.0,0.7,1.5,4.5,0.8,3600,0.8,56,83.9,-5.37,0.16,0.85,-0.096,14.68
4.0,0.7,1.5,3.0,0.4,1200,0.4,61,78.7,-6.31,0.22,0.83,-0.103,13.71
4.0,0.7,1.5,3.0,0.6,1200,0.4,61,78.7,-6.31,0.22,0.83,-0.103,13.71
4.0,0.7,1.5,3.0,0.8,1200,0.4,61,78.7,-6.31,0.22,0.83,-0.103,13.71
4.0,0.7,1.5,4.5,0.4,1200,0.4,61,78.7,-6.31,0.22,0.83,-0.103,13.71
4.0,0.7,1.5,4.5,0.6,1200,0.4,61,78.7,-6.31,0.22,0.83,-0.103,13.71
4.0,0.7,1.5,4.5,0.8,1200,0.4,61,78.7,-6.31,0.22,0.83,-0.103,13.71
3.0,0.7,2.5,3.0,0.4,2400,0.8,63,69.8,-6.57,0.34,0.79,-0.104,15.62
3.0,0.7,2.5,3.0,0.6,2400,0.8,63,69.8,-6.57,0.34,0.79,-0.104,15.62
3.0,0.7,2.5,3.0,0.8,2400,0.8,63,69.8,-6.57,0.34,0.79,-0.104,15.62
3.0,0.7,2.5,4.5,0.4,2400,0.8,63,69.8,-6.57,0.34,0.79,-0.104,15.62
3.0,0.7,2.5,4.5,0.6,2400,0.8,63,69.8,-6.57,0.34,0.79,-0.104,15.62
3.0,0.7,2.5,4.5,0.8,2400,0.8,63,69.8,-6.57,0.34,0.79,-0.104,15.62
4.0,0.7,1.5,3.0,0.4,3600,0.8,58,81.0,-6.09,0.19,0.83,-0.105,11.44
4.0,0.7,1.5,3.0,0.6,3600,0.8,58,81.0,-6.09,0.19,0.83,-0.105,11.44
4.0,0.7,1.5,3.0,0.8,3600,0.8,58,81.0,-6.09,0.19,0.83,-0.105,11.44
4.0,0.7,1.5,4.5,0.4,3600,0.8,58,81.0,-6.09,0.19,0.83,-0.105,11.44
4.0,0.7,1.5,4.5,0.6,3600,0.8,58,81.0,-6.09,0.19,0.83,-0.105,11.44
4.0,0.7,1.5,4.5,0.8,3600,0.8,58,81.0,-6.09,0.19,0.83,-0.105,11.44
5.0,0.7,2.5,3.0,0.4,2400,0.4,54,87.0,-5.73,0.12,0.84,-0.106,15.18
5.0,0.7,2.5,3.0,0.6,2400,0.4,54,87.0,-5.73,0.12,0.84,-0.106,15.18
5.0,0.7,2.5,3.0,0.8,2400,0.4,54,87.0,-5.73,0.12,0.84,-0.106,15.18
5.0,0.7,2.5,4.5,0.4,2400,0.4,54,87.0,-5.73,0.12,0.84,-0.106,15.18
5.0,0.7,2.5,4.5,0.6,2400,0.4,54,87.0,-5.73,0.12,0.84,-0.106,15.18
5.0,0.7,2.5,4.5,0.8,2400,0.4,54,87.0,-5.73,0.12,0.84,-0.106,15.18
3.0,0.7,1.5,3.0,0.4,1200,0.4,64,73.4,-6.94,0.29,0.81,-0.108,11.77
3.0,0.7,1.5,3.0,0.6,1200,0.4,64,73.4,-6.94,0.29,0.81,-0.108,11.77
3.0,0.7,1.5,3.0,0.8,1200,0.4,64,73.4,-6.94,0.29,0.81,-0.108,11.77
3.0,0.7,1.5,4.5,0.4,1200,0.4,64,73.4,-6.94,0.29,0.81,-0.108,11.77
3.0,0.7,1.5,4.5,0.6,1200,0.4,64,73.4,-6.94,0.29,0.81,-0.108,11.77
3.0,0.7,1.5,4.5,0.8,1200,0.4,64,73.4,-6.94,0.29,0.81,-0.108,11.77
2.0,1.0,2.5,3.0,0.4,2400,0.8,71,57.7,-8.01,0.59,0.8,-0.113,17.58
2.0,1.0,2.5,3.0,0.6,2400,0.8,71,57.7,-8.01,0.59,0.8,-0.113,17.58
2.0,1.0,2.5,3.0,0.8,2400,0.8,71,57.7,-8.01,0.59,0.8,-0.113,17.58
2.0,1.0,2.5,4.5,0.4,2400,0.8,71,57.7,-8.01,0.59,0.8,-0.113,17.58
2.0,1.0,2.5,4.5,0.6,2400,0.8,71,57.7,-8.01,0.59,0.8,-0.113,17.58
2.0,1.0,2.5,4.5,0.8,2400,0.8,71,57.7,-8.01,0.59,0.8,-0.113,17.58
2.0,0.7,1.5,3.0,0.4,2400,0.8,71,62.0,-8.09,0.47,0.76,-0.114,16.93
2.0,0.7,1.5,3.0,0.6,2400,0.8,71,62.0,-8.09,0.47,0.76,-0.114,16.93
2.0,0.7,1.5,3.0,0.8,2400,0.8,71,62.0,-8.09,0.47,0.76,-0.114,16.93
2.0,0.7,1.5,4.5,0.4,2400,0.8,71,62.0,-8.09,0.47,0.76,-0.114,16.93
2.0,0.7,1.5,4.5,0.6,2400,0.8,71,62.0,-8.09,0.47,0.76,-0.114,16.93
2.0,0.7,1.5,4.5,0.8,2400,0.8,71,62.0,-8.09,0.47,0.76,-0.114,16.93
5.0,0.7,2.5,3.0,0.4,2400,0.2,53,86.8,-6.02,0.13,0.83,-0.114,15.47
5.0,0.7,2.5,3.0,0.4,3600,0.2,53,86.8,-6.02,0.13,0.83,-0.114,15.47
5.0,0.7,2.5,3.0,0.4,3600,0.4,53,86.8,-6.02,0.13,0.83,-0.114,15.47
5.0,0.7,2.5,3.0,0.4,7200,0.2,53,86.8,-6.02,0.13,0.83,-0.114,15.47
5.0,0.7,2.5,3.0,0.4,7200,0.4,53,86.8,-6.02,0.13,0.83,-0.114,15.47
5.0,0.7,2.5,3.0,0.4,7200,0.8,53,86.8,-6.02,0.13,0.83,-0.114,15.47
5.0,0.7,2.5,3.0,0.4,14400,0.2,53,86.8,-6.02,0.13,0.83,-0.114,15.47
5.0,0.7,2.5,3.0,0.4,14400,0.4,53,86.8,-6.02,0.13,0.83,-0.114,15.47
5.0,0.7,2.5,3.0,0.4,14400,0.8,53,86.8,-6.02,0.13,0.83,-0.114,15.47
5.0,0.7,2.5,3.0,0.4,,0.4,53,86.8,-6.02,0.13,0.83,-0.114,15.47
5.0,0.7,2.5,3.0,0.6,2400,0.2,53,86.8,-6.02,0.13,0.83,-0.114,15.47
5.0,0.7,2.5,3.0,0.6,3600,0.2,53,86.8,-6.02,0.13,0.83,-0.114,15.47
5.0,0.7,2.5,3.0,0.6,3600,0.4,53,86.8,-6.02,0.13,0.83,-0.114,15.47
5.0,0.7,2.5,3.0,0.6,7200,0.2,53,86.8,-6.02,0.13,0.83,-0.114,15.47
5.0,0.7,2.5,3.0,0.6,7200,0.4,53,86.8,-6.02,0.13,0.83,-0.114,15.47
5.0,0.7,2.5,3.0,0.6,7200,0.8,53,86.8,-6.02,0.13,0.83,-0.114,15.47
5.0,0.7,2.5,3.0,0.6,14400,0.2,53,86.8,-6.02,0.13,0.83,-0.114,15.47
5.0,0.7,2.5,3.0,0.6,14400,0.4,53,86.8,-6.02,0.13,0.83,-0.114,15.47
5.0,0.7,2.5,3.0,0.6,14400,0.8,53,86.8,-6.02,0.13,0.83,-0.114,15.47
5.0,0.7,2.5,3.0,0.6,,0.4,53,86.8,-6.02,0.13,0.83,-0.114,15.47
5.0,0.7,2.5,3.0,0.8,2400,0.2,53,86.8,-6.02,0.13,0.83,-0.114,15.47
5.0,0.7,2.5,3.0,0.8,3600,0.2,53,86.8,-6.02,0.13,0.83,-0.114,15.47
5.0,0.7,2.5,3.0,0.8,3600,0.4,53,86.8,-6.02,0.13,0.83,-0.114,15.47
5.0,0.7,2.5,3.0,0.8,7200,0.2,53,86.8,-6.02,0.13,0.83,-0.114,15.47
5.0,0.7,2.5,3.0,0.8,7200,0.4,53,86.8,-6.02,0.13,0.83,-0.114,15.47
5.0,0.7,2.5,3.0,0.8,7200,0.8,53,86.8,-6.02,0.13,0.83,-0.114,15.47
5.0,0.7,2.5,3.0,0.8,14400,0.2,53,86.8,-6.02,0.13,0.83,-0.114,15.47
5.0,0.7,2.5,3.0,0.8,14400,0.4,53,86.8,-6.02,0.13,0.83,-0.114,15.47
5.0,0.7,2.5,3.0,0.8,14400,0.8,53,86.8,-6.02,0.13,0.83,-0.114,15.47
5.0,0.7,2.5,3.0,0.8,,0.4,53,86.8,-6.02,0.13,0.83,-0.114,15.47
5.0,0.7,2.5,4.5,0.4,2400,0.2,53,86.8,-6.02,0.13,0.83,-0.114,15.47
5.0,0.7,2.5,4.5,0.4,3600,0.2,53,86.8,-6.02,0.13,0.83,-0.114,15.47
5.0,0.7,2.5,4.5,0.4,3600,0.4,53,86.8,-6.02,0.13,0.83,-0.114,15.47
5.0,0.7,2.5,4.5,0.4,7200,0.2,53,86.8,-6.02,0.13,0.83,-0.114,15.47
5.0,0.7,2.5,4.5,0.4,7200,0.4,53,86.8,-6.02,0.13,0.83,-0.114,15.47
5.0,0.7,2.5,4.5,0.4,7200,0.8,53,86.8,-6.02,0.13,0.83,-0.114,15.47
5.0,0.7,2.5,4.5,0.4,14400,0.2,53,86.8,-6.02,0.13,0.83,-0.114,15.47
5.0,0.7,2.5,4.5,0.4,14400,0.4,53,86.8,-6.02,0.13,0.83,-0.114,15.47
5.0,0.7,2.5,4.5,0.4,14400,0.8,53,86.8,-6.02,0.13,0.83,-0.114,15.47
5.0,0.7,2.5,4.5,0.4,,0.4,53,86.8,-6.02,0.13,0.83,-0.114,15.47
5.0,0.7,2.5,4.5,0.6,2400,0.2,53,86.8,-6.02,0.13,0.83,-0.114,15.47
5.0,0.7,2.5,4.5,0.6,3600,0.2,53,86.8,-6.02,0.13,0.83,-0.114,15.47
5.0,0.7,2.5,4.5,0.6,3600,0.4,53,86.8,-6.02,0.13,0.83,-0.114,15.47
5.0,0.7,2.5,4.5,0.6,7200,0.2,53,86.8,-6.02,0.13,0.83,-0.114,15.47
5.0,0.7,2.5,4.5,0.6,7200,0.4,53,86.8,-6.02,0.13,0.83,-0.114,15.47
5.0,0.7,2.5,4.5,0.6,7200,0.8,53,86.8,-6.02,0.13,0.83,-0.114,15.47
5.0,0.7,2.5,4.5,0.6,14400,0.2,53,86.8,-6.02,0.13,0.83,-0.114,15.47
5.0,0.7,2.5,4.5,0.6,14400,0.4,53,86.8,-6.02,0.13,0.83,-0.114,15.47
5.0,0.7,2.5,4.5,0.6,14400,0.8,53,86.8,-6.02,0.13,0.83,-0.114,15.47
5.0,0.7,2.5,4.5,0.6,,0.4,53,86.8,-6.02,0.13,0.83,-0.114,15.47
5.0,0.7,2.5,4.5,0.8,2400,0.2,53,86.8,-6.02,0.13,0.83,-0.114,15.47
5.0,0.7,2.5,4.5,0.8,3600,0.2,53,86.8,-6.02,0.13,0.83,-0.114,15.47
5.0,0.7,2.5,4.5,0.8,3600,0.4,53,86.8,-6.02,0.13,0.83,-0.114,15.47
5.0,0.7,2.5,4.5,0.8,7200,0.2,53,86.8,-6.02,0.13,0.83,-0.114,15.47
5.0,0.7,2.5,4.5,0.8,7200,0.4,53,86.8,-6.02,0.13,0.83,-0.114,15.47
5.0,0.7,2.5,4.5,0.8,7200,0.8,53,86.8,-6.02,0.13,0.83,-0.114,15.47
5.0,0.7,2.5,4.5,0.8,14400,0.2,53,86.8,-6.02,0.13,0.83,-0.114,15.47
5.0,0.7,2.5,4.5,0.8,14400,0.4,53,86.8,-6.02,0.13,0.83,-0.114,15.47
5.0,0.7,2.5,4.5,0.8,14400,0.8,53,86.8,-6.02,0.13,0.83,-0.114,15.47
5.0,0.7,2.5,4.5,0.8,,0.4,53,86.8,-6.02,0.13,0.83,-0.114,15.47
2.0,0.7,2.5,3.0,0.4,1200,0.4,74,67.6,-8.49,0.37,0.78,-0.115,15.95
2.0,0.7,2.5,3.0,0.6,1200,0.4,74,67.6,-8.49,0.37,0.78,-0.115,15.95
2.0,0.7,2.5,3.0,0.8,1200,0.4,74,67.6,-8.49,0.37,0.78,-0.115,15.95
2.0,0.7,2.5,4.5,0.4,1200,0.4,74,67.6,-8.49,0.37,0.78,-0.115,15.95
2.0,0.7,2.5,4.5,0.6,1200,0.4,74,67.6,-8.49,0.37,0.78,-0.115,15.95
2.0,0.7,2.5,4.5,0.8,1200,0.4,74,67.6,-8.49,0.37,0.78,-0.115,15.95
5.0,0.7,2.5,3.0,0.4,1200,0.2,54,85.2,-6.19,0.14,0.82,-0.115,15.47
5.0,0.7,2.5,3.0,0.6,1200,0.2,54,85.2,-6.19,0.14,0.82,-0.115,15.47
5.0,0.7,2.5,3.0,0.8,1200,0.2,54,85.2,-6.19,0.14,0.82,-0.115,15.47
5.0,0.7,2.5,4.5,0.4,1200,0.2,54,85.2,-6.19,0.14,0.82,-0.115,15.47
5.0,0.7,2.5,4.5,0.6,1200,0.2,54,85.2,-6.19,0.14,0.82,-0.115,15.47
5.0,0.7,2.5,4.5,0.8,1200,0.2,54,85.2,-6.19,0.14,0.82,-0.115,15.47
2.0,0.7,1.5,3.0,0.4,3600,0.8,69,68.1,-8.33,0.37,0.78,-0.121,16.63
2.0,0.7,1.5,3.0,0.6,3600,0.8,69,68.1,-8.33,0.37,0.78,-0.121,16.63
2.0,0.7,1.5,3.0,0.8,3600,0.8,69,68.1,-8.33,0.37,0.78,-0.121,16.63
2.0,0.7,1.5,4.5,0.4,3600,0.8,69,68.1,-8.33,0.37,0.78,-0.121,16.63
2.0,0.7,1.5,4.5,0.6,3600,0.8,69,68.1,-8.33,0.37,0.78,-0.121,16.63
2.0,0.7,1.5,4.5,0.8,3600,0.8,69,68.1,-8.33,0.37,0.78,-0.121,16.63
5.0,0.7,2.5,3.0,0.4,3600,0.8,56,83.9,-6.81,0.15,0.81,-0.122,16.12
5.0,0.7,2.5,3.0,0.6,3600,0.8,56,83.9,-6.81,0.15,0.81,-0.122,16.12
5.0,0.7,2.5,3.0,0.8,3600,0.8,56,83.9,-6.81,0.15,0.81,-0.122,16.12
5.0,0.7,2.5,4.5,0.4,3600,0.8,56,83.9,-6.81,0.15,0.81,-0.122,16.12
5.0,0.7,2.5,4.5,0.6,3600,0.8,56,83.9,-6.81,0.15,0.81,-0.122,16.12
5.0,0.7,2.5,4.5,0.8,3600,0.8,56,83.9,-6.81,0.15,0.81,-0.122,16.12
2.0,0.7,2.5,3.0,0.4,2400,0.8,71,62.0,-8.81,0.46,0.74,-0.124,17.65
2.0,0.7,2.5,3.0,0.6,2400,0.8,71,62.0,-8.81,0.46,0.74,-0.124,17.65
2.0,0.7,2.5,3.0,0.8,2400,0.8,71,62.0,-8.81,0.46,0.74,-0.124,17.65
2.0,0.7,2.5,4.5,0.4,2400,0.8,71,62.0,-8.81,0.46,0.74,-0.124,17.65
2.0,0.7,2.5,4.5,0.6,2400,0.8,71,62.0,-8.81,0.46,0.74,-0.124,17.65
2.0,0.7,2.5,4.5,0.8,2400,0.8,71,62.0,-8.81,0.46,0.74,-0.124,17.65
4.0,0.7,2.5,3.0,0.4,1200,0.4,61,78.7,-7.75,0.21,0.79,-0.127,14.56
4.0,0.7,2.5,3.0,0.6,1200,0.4,61,78.7,-7.75,0.21,0.79,-0.127,14.56
4.0,0.7,2.5,3.0,0.8,1200,0.4,61,78.7,-7.75,0.21,0.79,-0.127,14.56
4.0,0.7,2.5,4.5,0.4,1200,0.4,61,78.7,-7.75,0.21,0.79,-0.127,14.56
4.0,0.7,2.5,4.5,0.6,1200,0.4,61,78.7,-7.75,0.21,0.79,-0.127,14.56
4.0,0.7,2.5,4.5,0.8,1200,0.4,61,78.7,-7.75,0.21,0.79,-0.127,14.56
4.0,1.0,2.5,3.0,0.4,2400,0.4,53,79.2,-6.81,0.22,0.85,-0.128,22.5
4.0,1.0,2.5,3.0,0.6,2400,0.4,53,79.2,-6.81,0.22,0.85,-0.128,22.5
4.0,1.0,2.5,3.0,0.8,2400,0.4,53,79.2,-6.81,0.22,0.85,-0.128,22.5
4.0,1.0,2.5,4.5,0.4,2400,0.4,53,79.2,-6.81,0.22,0.85,-0.128,22.5
4.0,1.0,2.5,4.5,0.6,2400,0.4,53,79.2,-6.81,0.22,0.85,-0.128,22.5
4.0,1.0,2.5,4.5,0.8,2400,0.4,53,79.2,-6.81,0.22,0.85,-0.128,22.5
4.0,0.7,2.5,3.0,0.4,3600,0.8,58,81.0,-7.53,0.19,0.79,-0.13,12.88
4.0,0.7,2.5,3.0,0.6,3600,0.8,58,81.0,-7.53,0.19,0.79,-0.13,12.88
4.0,0.7,2.5,3.0,0.8,3600,0.8,58,81.0,-7.53,0.19,0.79,-0.13,12.88
4.0,0.7,2.5,4.5,0.4,3600,0.8,58,81.0,-7.53,0.19,0.79,-0.13,12.88
4.0,0.7,2.5,4.5,0.6,3600,0.8,58,81.0,-7.53,0.19,0.79,-0.13,12.88
4.0,0.7,2.5,4.5,0.8,3600,0.8,58,81.0,-7.53,0.19,0.79,-0.13,12.88
3.0,0.7,2.5,3.0,0.4,1200,0.4,64,73.4,-8.38,0.28,0.77,-0.131,13.21
3.0,0.7,2.5,3.0,0.6,1200,0.4,64,73.4,-8.38,0.28,0.77,-0.131,13.21
3.0,0.7,2.5,3.0,0.8,1200,0.4,64,73.4,-8.38,0.28,0.77,-0.131,13.21
3.0,0.7,2.5,4.5,0.4,1200,0.4,64,73.4,-8.38,0.28,0.77,-0.131,13.21
3.0,0.7,2.5,4.5,0.6,1200,0.4,64,73.4,-8.38,0.28,0.77,-0.131,13.21
3.0,0.7,2.5,4.5,0.8,1200,0.4,64,73.4,-8.38,0.28,0.77,-0.131,13.21
2.0,1.0,2.5,3.0,0.4,1200,0.4,72,61.1,-9.47,0.51,0.8,-0.132,19.92
2.0,1.0,2.5,3.0,0.6,1200,0.4,72,61.1,-9.47,0.51,0.8,-0.132,19.92
2.0,1.0,2.5,3.0,0.8,1200,0.4,72,61.1,-9.47,0.51,0.8,-0.132,19.92
2.0,1.0,2.5,4.5,0.4,1200,0.4,72,61.1,-9.47,0.51,0.8,-0.132,19.92
2.0,1.0,2.5,4.5,0.6,1200,0.4,72,61.1,-9.47,0.51,0.8,-0.132,19.92
2.0,1.0,2.5,4.5,0.8,1200,0.4,72,61.1,-9.47,0.51,0.8,-0.132,19.92
2.0,1.5,2.5,3.0,0.4,3600,0.8,68,60.3,-9.13,0.53,0.81,-0.134,17.61
2.0,1.5,2.5,4.5,0.4,3600,0.8,68,60.3,-9.13,0.53,0.81,-0.134,17.61
4.0,1.0,2.5,3.0,0.4,1200,0.2,53,77.4,-7.27,0.24,0.84,-0.137,22.5
4.0,1.0,2.5,3.0,0.4,2400,0.2,52,78.8,-7.1,0.22,0.84,-0.137,22.5
4.0,1.0,2.5,3.0,0.4,3600,0.2,52,78.8,-7.1,0.22,0.84,-0.137,22.5
4.0,1.0,2.5,3.0,0.4,3600,0.4,52,78.8,-7.1,0.22,0.84,-0.137,22.5
4.0,1.0,2.5,3.0,0.4,7200,0.2,52,78.8,-7.1,0.22,0.84,-0.137,22.5
4.0,1.0,2.5,3.0,0.4,7200,0.4,52,78.8,-7.1,0.22,0.84,-0.137,22.5
4.0,1.0,2.5,3.0,0.4,14400,0.2,52,78.8,-7.1,0.22,0.84,-0.137,22.5
4.0,1.0,2.5,3.0,0.4,14400,0.4,52,78.8,-7.1,0.22,0.84,-0.137,22.5
4.0,1.0,2.5,3.0,0.4,,0.4,52,78.8,-7.1,0.22,0.84,-0.137,22.5
4.0,1.0,2.5,3.0,0.6,1200,0.2,53,77.4,-7.27,0.24,0.84,-0.137,22.5
4.0,1.0,2.5,3.0,0.6,2400,0.2,52,78.8,-7.1,0.22,0.84,-0.137,22.5
4.0,1.0,2.5,3.0,0.6,3600,0.2,52,78.8,-7.1,0.22,0.84,-0.137,22.5
4.0,1.0,2.5,3.0,0.6,3600,0.4,52,78.8,-7.1,0.22,0.84,-0.137,22.5
4.0,1.0,2.5,3.0,0.6,7200,0.2,52,78.8,-7.1,0.22,0.84,-0.137,22.5
4.0,1.0,2.5,3.0,0.6,7200,0.4,52,78.8,-7.1,0.22,0.84,-0.137,22.5
4.0,1.0,2.5,3.0,0.6,14400,0.2,52,78.8,-7.1,0.22,0.84,-0.137,22.5
4.0,1.0,2.5,3.0,0.6,14400,0.4,52,78.8,-7.1,0.22,0.84,-0.137,22.5
4.0,1.0,2.5,3.0,0.6,,0.4,52,78.8,-7.1,0.22,0.84,-0.137,22.5
4.0,1.0,2.5,3.0,0.8,1200,0.2,53,77.4,-7.27,0.24,0.84,-0.137,22.5
4.0,1.0,2.5,3.0,0.8,2400,0.2,52,78.8,-7.1,0.22,0.84,-0.137,22.5
4.0,1.0,2.5,3.0,0.8,3600,0.2,52,78.8,-7.1,0.22,0.84,-0.137,22.5
4.0,1.0,2.5,3.0,0.8,3600,0.4,52,78.8,-7.1,0.22,0.84,-0.137,22.5
4.0,1.0,2.5,3.0,0.8,7200,0.2,52,78.8,-7.1,0.22,0.84,-0.137,22.5
4.0,1.0,2.5,3.0,0.8,7200,0.4,52,78.8,-7.1,0.22,0.84,-0.137,22.5
4.0,1.0,2.5,3.0,0.8,14400,0.2,52,78.8,-7.1,0.22,0.84,-0.137,22.5
4.0,1.0,2.5,3.0,0.8,14400,0.4,52,78.8,-7.1,0.22,0.84,-0.137,22.5
4.0,1.0,2.5,3.0,0.8,,0.4,52,78.8,-7.1,0.22,0.84,-0.137,22.5
4.0,1.0,2.5,4.5,0.4,1200,0.2,53,77.4,-7.27,0.24,0.84,-0.137,22.5
4.0,1.0,2.5,4.5,0.4,2400,0.2,52,78.8,-7.1,0.22,0.84,-0.137,22.5
4.0,1.0,2.5,4.5,0.4,3600,0.2,52,78.8,-7.1,0.22,0.84,-0.137,22.5
4.0,1.0,2.5,4.5,0.4,3600,0.4,52,78.8,-7.1,0.22,0.84,-0.137,22.5
4.0,1.0,2.5,4.5,0.4,7200,0.2,52,78.8,-7.1,0.22,0.84,-0.137,22.5
4.0,1.0,2.5,4.5,0.4,7200,0.4,52,78.8,-7.1,0.22,0.84,-0.137,22.5
4.0,1.0,2.5,4.5,0.4,14400,0.2,52,78.8,-7.1,0.22,0.84,-0.137,22.5
4.0,1.0,2.5,4.5,0.4,14400,0.4,52,78.8,-7.1,0.22,0.84,-0.137,22.5
4.0,1.0,2.5,4.5,0.4,,0.4,52,78.8,-7.1,0.22,0.84,-0.137,22.5
4.0,1.0,2.5,4.5,0.6,1200,0.2,53,77.4,-7.27,0.24,0.84,-0.137,22.5
4.0,1.0,2.5,4.5,0.6,2400,0.2,52,78.8,-7.1,0.22,0.84,-0.137,22.5
4.0,1.0,2.5,4.5,0.6,3600,0.2,52,78.8,-7.1,0.22,0.84,-0.137,22.5
4.0,1.0,2.5,4.5,0.6,3600,0.4,52,78.8,-7.1,0.22,0.84,-0.137,22.5
4.0,1.0,2.5,4.5,0.6,7200,0.2,52,78.8,-7.1,0.22,0.84,-0.137,22.5
4.0,1.0,2.5,4.5,0.6,7200,0.4,52,78.8,-7.1,0.22,0.84,-0.137,22.5
4.0,1.0,2.5,4.5,0.6,14400,0.2,52,78.8,-7.1,0.22,0.84,-0.137,22.5
4.0,1.0,2.5,4.5,0.6,14400,0.4,52,78.8,-7.1,0.22,0.84,-0.137,22.5
4.0,1.0,2.5,4.5,0.6,,0.4,52,78.8,-7.1,0.22,0.84,-0.137,22.5
4.0,1.0,2.5,4.5,0.8,1200,0.2,53,77.4,-7.27,0.24,0.84,-0.137,22.5
4.0,1.0,2.5,4.5,0.8,2400,0.2,52,78.8,-7.1,0.22,0.84,-0.137,22.5
4.0,1.0,2.5,4.5,0.8,3600,0.2,52,78.8,-7.1,0.22,0.84,-0.137,22.5
4.0,1.0,2.5,4.5,0.8,3600,0.4,52,78.8,-7.1,0.22,0.84,-0.137,22.5
4.0,1.0,2.5,4.5,0.8,7200,0.2,52,78.8,-7.1,0.22,0.84,-0.137,22.5
4.0,1.0,2.5,4.5,0.8,7200,0.4,52,78.8,-7.1,0.22,0.84,-0.137,22.5
4.0,1.0,2.5,4.5,0.8,14400,0.2,52,78.8,-7.1,0.22,0.84,-0.137,22.5
4.0,1.0,2.5,4.5,0.8,14400,0.4,52,78.8,-7.1,0.22,0.84,-0.137,22.5
4.0,1.0,2.5,4.5,0.8,,0.4,52,78.8,-7.1,0.22,0.84,-0.137,22.5
3.0,0.7,1.5,3.0,0.4,3600,0.8,59,74.6,-8.22,0.26,0.78,-0.139,12.72
3.0,0.7,1.5,3.0,0.6,3600,0.8,59,74.6,-8.22,0.26,0.78,-0.139,12.72
3.0,0.7,1.5,3.0,0.8,3600,0.8,59,74.6,-8.22,0.26,0.78,-0.139,12.72
3.0,0.7,1.5,4.5,0.4,3600,0.8,59,74.6,-8.22,0.26,0.78,-0.139,12.72
3.0,0.7,1.5,4.5,0.6,3600,0.8,59,74.6,-8.22,0.26,0.78,-0.139,12.72
3.0,0.7,1.5,4.5,0.8,3600,0.8,59,74.6,-8.22,0.26,0.78,-0.139,12.72
2.0,0.7,2.5,3.0,0.4,3600,0.8,69,68.1,-9.77,0.35,0.75,-0.142,17.35
2.0,0.7,2.5,3.0,0.6,3600,0.8,69,68.1,-9.77,0.35,0.75,-0.142,17.35
2.0,0.7,2.5,3.0,0.8,3600,0.8,69,68.1,-9.77,0.35,0.75,-0.142,17.35
2.0,0.7,2.5,4.5,0.4,3600,0.8,69,68.1,-9.77,0.35,0.75,-0.142,17.35
2.0,0.7,2.5,4.5,0.6,3600,0.8,69,68.1,-9.77,0.35,0.75,-0.142,17.35
2.0,0.7,2.5,4.5,0.8,3600,0.8,69,68.1,-9.77,0.35,0.75,-0.142,17.35
2.0,1.5,2.5,3.0,0.4,2400,0.4,66,60.6,-9.43,0.53,0.82,-0.143,17.67
2.0,1.5,2.5,4.5,0.4,2400,0.4,66,60.6,-9.43,0.53,0.82,-0.143,17.67
2.0,1.5,2.5,3.0,0.6,3600,0.8,68,60.3,-10.01,0.52,0.79,-0.147,17.36
2.0,1.5,2.5,4.5,0.6,3600,0.8,68,60.3,-10.01,0.52,0.79,-0.147,17.36
2.0,1.5,2.5,3.0,0.4,1200,0.2,66,59.1,-9.82,0.56,0.81,-0.149,17.67
2.0,1.5,2.5,4.5,0.4,1200,0.2,66,59.1,-9.82,0.56,0.81,-0.149,17.67
4.0,1.0,2.5,3.0,0.4,7200,0.8,52,76.9,-8.0,0.25,0.82,-0.154,22.5
4.0,1.0,2.5,3.0,0.6,7200,0.8,52,76.9,-8.0,0.25,0.82,-0.154,22.5
4.0,1.0,2.5,3.0,0.8,7200,0.8,52,76.9,-8.0,0.25,0.82,-0.154,22.5
4.0,1.0,2.5,4.5,0.4,7200,0.8,52,76.9,-8.0,0.25,0.82,-0.154,22.5
4.0,1.0,2.5,4.5,0.6,7200,0.8,52,76.9,-8.0,0.25,0.82,-0.154,22.5
4.0,1.0,2.5,4.5,0.8,7200,0.8,52,76.9,-8.0,0.25,0.82,-0.154,22.5
2.0,1.5,2.5,3.0,0.4,2400,0.2,65,60.0,-10.32,0.53,0.8,-0.159,17.67
2.0,1.5,2.5,3.0,0.4,3600,0.2,65,60.0,-10.32,0.53,0.8,-0.159,17.67
2.0,1.5,2.5,3.0,0.4,3600,0.4,65,60.0,-10.32,0.53,0.8,-0.159,17.67
2.0,1.5,2.5,3.0,0.4,7200,0.2,65,60.0,-10.32,0.53,0.8,-0.159,17.67
2.0,1.5,2.5,3.0,0.4,7200,0.4,65,60.0,-10.32,0.53,0.8,-0.159,17.67
2.0,1.5,2.5,3.0,0.4,7200,0.8,65,60.0,-10.32,0.53,0.8,-0.159,17.67
2.0,1.5,2.5,3.0,0.4,14400,0.2,65,60.0,-10.32,0.53,0.8,-0.159,17.67
2.0,1.5,2.5,3.0,0.4,14400,0.4,65,60.0,-10.32,0.53,0.8,-0.159,17.67
2.0,1.5,2.5,3.0,0.4,14400,0.8,65,60.0,-10.32,0.53,0.8,-0.159,17.67
2.0,1.5,2.5,3.0,0.4,,0.4,65,60.0,-10.32,0.53,0.8,-0.159,17.67
2.0,1.5,2.5,4.5,0.4,2400,0.2,65,60.0,-10.32,0.53,0.8,-0.159,17.67
2.0,1.5,2.5,4.5,0.4,3600,0.2,65,60.0,-10.32,0.53,0.8,-0.159,17.67
2.0,1.5,2.5,4.5,0.4,3600,0.4,65,60.0,-10.32,0.53,0.8,-0.159,17.67
2.0,1.5,2.5,4.5,0.4,7200,0.2,65,60.0,-10.32,0.53,0.8,-0.159,17.67
2.0,1.5,2.5,4.5,0.4,7200,0.4,65,60.0,-10.32,0.53,0.8,-0.159,17.67
2.0,1.5,2.5,4.5,0.4,7200,0.8,65,60.0,-10.32,0.53,0.8,-0.159,17.67
2.0,1.5,2.5,4.5,0.4,14400,0.2,65,60.0,-10.32,0.53,0.8,-0.159,17.67
2.0,1.5,2.5,4.5,0.4,14400,0.4,65,60.0,-10.32,0.53,0.8,-0.159,17.67
2.0,1.5,2.5,4.5,0.4,14400,0.8,65,60.0,-10.32,0.53,0.8,-0.159,17.67
2.0,1.5,2.5,4.5,0.4,,0.4,65,60.0,-10.32,0.53,0.8,-0.159,17.67
4.0,1.0,2.5,3.0,0.4,14400,0.8,52,76.9,-8.35,0.24,0.81,-0.161,22.5
4.0,1.0,2.5,3.0,0.6,14400,0.8,52,76.9,-8.35,0.24,0.81,-0.161,22.5
4.0,1.0,2.5,3.0,0.8,14400,0.8,52,76.9,-8.35,0.24,0.81,-0.161,22.5
4.0,1.0,2.5,4.5,0.4,14400,0.8,52,76.9,-8.35,0.24,0.81,-0.161,22.5
4.0,1.0,2.5,4.5,0.6,14400,0.8,52,76.9,-8.35,0.24,0.81,-0.161,22.5
4.0,1.0,2.5,4.5,0.8,14400,0.8,52,76.9,-8.35,0.24,0.81,-0.161,22.5
3.0,0.7,2.5,3.0,0.4,3600,0.8,59,74.6,-9.66,0.25,0.74,-0.164,14.16
3.0,0.7,2.5,3.0,0.6,3600,0.8,59,74.6,-9.66,0.25,0.74,-0.164,14.16
3.0,0.7,2.5,3.0,0.8,3600,0.8,59,74.6,-9.66,0.25,0.74,-0.164,14.16
3.0,0.7,2.5,4.5,0.4,3600,0.8,59,74.6,-9.66,0.25,0.74,-0.164,14.16
3.0,0.7,2.5,4.5,0.6,3600,0.8,59,74.6,-9.66,0.25,0.74,-0.164,14.16
3.0,0.7,2.5,4.5,0.8,3600,0.8,59,74.6,-9.66,0.25,0.74,-0.164,14.16
2.0,1.0,1.5,3.0,0.4,3600,0.8,68,60.3,-11.7,0.5,0.76,-0.172,18.74
2.0,1.0,1.5,3.0,0.6,3600,0.8,68,60.3,-11.7,0.5,0.76,-0.172,18.74
2.0,1.0,1.5,3.0,0.8,3600,0.8,68,60.3,-11.7,0.5,0.76,-0.172,18.74
2.0,1.0,1.5,4.5,0.4,3600,0.8,68,60.3,-11.7,0.5,0.76,-0.172,18.74
2.0,1.0,1.5,4.5,0.6,3600,0.8,68,60.3,-11.7,0.5,0.76,-0.172,18.74
2.0,1.0,1.5,4.5,0.8,3600,0.8,68,60.3,-11.7,0.5,0.76,-0.172,18.74
2.0,1.5,2.5,3.0,0.6,2400,0.4,66,60.6,-11.38,0.51,0.78,-0.172,17.77
2.0,1.5,2.5,4.5,0.6,2400,0.4,66,60.6,-11.38,0.51,0.78,-0.172,17.77
4.0,0.7,1.5,3.0,0.4,2400,0.4,56,82.1,-9.92,0.16,0.75,-0.177,16.07
4.0,0.7,1.5,3.0,0.6,2400,0.4,56,82.1,-9.92,0.16,0.75,-0.177,16.07
4.0,0.7,1.5,3.0,0.8,2400,0.4,56,82.1,-9.92,0.16,0.75,-0.177,16.07
4.0,0.7,1.5,4.5,0.4,2400,0.4,56,82.1,-9.92,0.16,0.75,-0.177,16.07
4.0,0.7,1.5,4.5,0.6,2400,0.4,56,82.1,-9.92,0.16,0.75,-0.177,16.07
4.0,0.7,1.5,4.5,0.8,2400,0.4,56,82.1,-9.92,0.16,0.75,-0.177,16.07
2.0,0.7,1.5,3.0,0.4,2400,0.4,67,68.7,-11.92,0.33,0.72,-0.178,17.94
2.0,0.7,1.5,3.0,0.6,2400,0.4,67,68.7,-11.92,0.33,0.72,-0.178,17.94
2.0,0.7,1.5,3.0,0.8,2400,0.4,67,68.7,-11.92,0.33,0.72,-0.178,17.94
2.0,0.7,1.5,4.5,0.4,2400,0.4,67,68.7,-11.92,0.33,0.72,-0.178,17.94
2.0,0.7,1.5,4.5,0.6,2400,0.4,67,68.7,-11.92,0.33,0.72,-0.178,17.94
2.0,0.7,1.5,4.5,0.8,2400,0.4,67,68.7,-11.92,0.33,0.72,-0.178,17.94
2.0,1.5,2.5,3.0,0.6,1200,0.2,66,59.1,-11.77,0.54,0.77,-0.178,17.77
2.0,1.5,2.5,4.5,0.6,1200,0.2,66,59.1,-11.77,0.54,0.77,-0.178,17.77
3.0,0.7,1.5,3.0,0.4,2400,0.4,57,77.2,-10.18,0.22,0.74,-0.179,15.48
3.0,0.7,1.5,3.0,0.6,2400,0.4,57,77.2,-10.18,0.22,0.74,-0.179,15.48
3.0,0.7,1.5,3.0,0.8,2400,0.4,57,77.2,-10.18,0.22,0.74,-0.179,15.48
3.0,0.7,1.5,4.5,0.4,2400,0.4,57,77.2,-10.18,0.22,0.74,-0.179,15.48
3.0,0.7,1.5,4.5,0.6,2400,0.4,57,77.2,-10.18,0.22,0.74,-0.179,15.48
3.0,0.7,1.5,4.5,0.8,2400,0.4,57,77.2,-10.18,0.22,0.74,-0.179,15.48
2.0,1.5,2.5,3.0,0.8,3600,0.8,67,59.7,-12.07,0.51,0.75,-0.18,17.76
2.0,1.5,2.5,4.5,0.8,3600,0.8,67,59.7,-12.07,0.51,0.75,-0.18,17.76
2.0,0.7,1.5,3.0,0.4,1200,0.2,67,67.2,-12.38,0.35,0.71,-0.185,17.94
2.0,0.7,1.5,3.0,0.4,2400,0.2,66,68.2,-12.21,0.33,0.71,-0.185,17.94
2.0,0.7,1.5,3.0,0.4,3600,0.2,66,68.2,-12.21,0.33,0.71,-0.185,17.94
2.0,0.7,1.5,3.0,0.4,3600,0.4,66,68.2,-12.21,0.33,0.71,-0.185,17.94
2.0,0.7,1.5,3.0,0.4,7200,0.2,66,68.2,-12.21,0.33,0.71,-0.185,17.94
2.0,0.7,1.5,3.0,0.4,7200,0.4,66,68.2,-12.21,0.33,0.71,-0.185,17.94
2.0,0.7,1.5,3.0,0.4,7200,0.8,66,68.2,-12.21,0.33,0.71,-0.185,17.94
2.0,0.7,1.5,3.0,0.4,14400,0.2,66,68.2,-12.21,0.33,0.71,-0.185,17.94
2.0,0.7,1.5,3.0,0.4,14400,0.4,66,68.2,-12.21,0.33,0.71,-0.185,17.94
2.0,0.7,1.5,3.0,0.4,14400,0.8,66,68.2,-12.21,0.33,0.71,-0.185,17.94
2.0,0.7,1.5,3.0,0.4,,0.4,66,68.2,-12.21,0.33,0.71,-0.185,17.94
2.0,0.7,1.5,3.0,0.6,1200,0.2,67,67.2,-12.38,0.35,0.71,-0.185,17.94
2.0,0.7,1.5,3.0,0.6,2400,0.2,66,68.2,-12.21,0.33,0.71,-0.185,17.94
2.0,0.7,1.5,3.0,0.6,3600,0.2,66,68.2,-12.21,0.33,0.71,-0.185,17.94
2.0,0.7,1.5,3.0,0.6,3600,0.4,66,68.2,-12.21,0.33,0.71,-0.185,17.94
2.0,0.7,1.5,3.0,0.6,7200,0.2,66,68.2,-12.21,0.33,0.71,-0.185,17.94
2.0,0.7,1.5,3.0,0.6,7200,0.4,66,68.2,-12.21,0.33,0.71,-0.185,17.94
2.0,0.7,1.5,3.0,0.6,7200,0.8,66,68.2,-12.21,0.33,0.71,-0.185,17.94
2.0,0.7,1.5,3.0,0.6,14400,0.2,66,68.2,-12.21,0.33,0.71,-0.185,17.94
2.0,0.7,1.5,3.0,0.6,14400,0.4,66,68.2,-12.21,0.33,0.71,-0.185,17.94
2.0,0.7,1.5,3.0,0.6,14400,0.8,66,68.2,-12.21,0.33,0.71,-0.185,17.94
2.0,0.7,1.5,3.0,0.6,,0.4,66,68.2,-12.21,0.33,0.71,-0.185,17.94
2.0,0.7,1.5,3.0,0.8,1200,0.2,67,67.2,-12.38,0.35,0.71,-0.185,17.94
2.0,0.7,1.5,3.0,0.8,2400,0.2,66,68.2,-12.21,0.33,0.71,-0.185,17.94
2.0,0.7,1.5,3.0,0.8,3600,0.2,66,68.2,-12.21,0.33,0.71,-0.185,17.94
2.0,0.7,1.5,3.0,0.8,3600,0.4,66,68.2,-12.21,0.33,0.71,-0.185,17.94
2.0,0.7,1.5,3.0,0.8,7200,0.2,66,68.2,-12.21,0.33,0.71,-0.185,17.94
2.0,0.7,1.5,3.0,0.8,7200,0.4,66,68.2,-12.21,0.33,0.71,-0.185,17.94
2.0,0.7,1.5,3.0,0.8,7200,0.8,66,68.2,-12.21,0.33,0.71,-0.185,17.94
2.0,0.7,1.5,3.0,0.8,14400,0.2,66,68.2,-12.21,0.33,0.71,-0.185,17.94
2.0,0.7,1.5,3.0,0.8,14400,0.4,66,68.2,-12.21,0.33,0.71,-0.185,17.94
2.0,0.7,1.5,3.0,0.8,14400,0.8,66,68.2,-12.21,0.33,0.71,-0.185,17.94
2.0,0.7,1.5,3.0,0.8,,0.4,66,68.2,-12.21,0.33,0.71,-0.185,17.94
2.0,0.7,1.5,4.5,0.4,1200,0.2,67,67.2,-12.38,0.35,0.71,-0.185,17.94
2.0,0.7,1.5,4.5,0.4,2400,0.2,66,68.2,-12.21,0.33,0.71,-0.185,17.94
2.0,0.7,1.5,4.5,0.4,3600,0.2,66,68.2,-12.21,0.33,0.71,-0.185,17.94
2.0,0.7,1.5,4.5,0.4,3600,0.4,66,68.2,-12.21,0.33,0.71,-0.185,17.94
2.0,0.7,1.5,4.5,0.4,7200,0.2,66,68.2,-12.21,0.33,0.71,-0.185,17.94
2.0,0.7,1.5,4.5,0.4,7200,0.4,66,68.2,-12.21,0.33,0.71,-0.185,17.94
2.0,0.7,1.5,4.5,0.4,7200,0.8,66,68.2,-12.21,0.33,0.71,-0.185,17.94
2.0,0.7,1.5,4.5,0.4,14400,0.2,66,68.2,-12.21,0.33,0.71,-0.185,17.94
2.0,0.7,1.5,4.5,0.4,14400,0.4,66,68.2,-12.21,0.33,0.71,-0.185,17.94
2.0,0.7,1.5,4.5,0.4,14400,0.8,66,68.2,-12.21,0.33,0.71,-0.185,17.94
2.0,0.7,1.5,4.5,0.4,,0.4,66,68.2,-12.21,0.33,0.71,-0.185,17.94
2.0,0.7,1.5,4.5,0.6,1200,0.2,67,67.2,-12.38,0.35,0.71,-0.185,17.94
2.0,0.7,1.5,4.5,0.6,2400,0.2,66,68.2,-12.21,0.33,0.71,-0.185,17.94
2.0,0.7,1.5,4.5,0.6,3600,0.2,66,68.2,-12.21,0.33,0.71,-0.185,17.94
2.0,0.7,1.5,4.5,0.6,3600,0.4,66,68.2,-12.21,0.33,0.71,-0.185,17.94
2.0,0.7,1.5,4.5,0.6,7200,0.2,66,68.2,-12.21,0.33,0.71,-0.185,17.94
2.0,0.7,1.5,4.5,0.6,7200,0.4,66,68.2,-12.21,0.33,0.71,-0.185,17.94
2.0,0.7,1.5,4.5,0.6,7200,0.8,66,68.2,-12.21,0.33,0.71,-0.185,17.94
2.0,0.7,1.5,4.5,0.6,14400,0.2,66,68.2,-12.21,0.33,0.71,-0.185,17.94
2.0,0.7,1.5,4.5,0.6,14400,0.4,66,68.2,-12.21,0.33,0.71,-0.185,17.94
2.0,0.7,1.5,4.5,0.6,14400,0.8,66,68.2,-12.21,0.33,0.71,-0.185,17.94
2.0,0.7,1.5,4.5,0.6,,0.4,66,68.2,-12.21,0.33,0.71,-0.185,17.94
2.0,0.7,1.5,4.5,0.8,1200,0.2,67,67.2,-12.38,0.35,0.71,-0.185,17.94
2.0,0.7,1.5,4.5,0.8,2400,0.2,66,68.2,-12.21,0.33,0.71,-0.185,17.94
2.0,0.7,1.5,4.5,0.8,3600,0.2,66,68.2,-12.21,0.33,0.71,-0.185,17.94
2.0,0.7,1.5,4.5,0.8,3600,0.4,66,68.2,-12.21,0.33,0.71,-0.185,17.94
2.0,0.7,1.5,4.5,0.8,7200,0.2,66,68.2,-12.21,0.33,0.71,-0.185,17.94
2.0,0.7,1.5,4.5,0.8,7200,0.4,66,68.2,-12.21,0.33,0.71,-0.185,17.94
2.0,0.7,1.5,4.5,0.8,7200,0.8,66,68.2,-12.21,0.33,0.71,-0.185,17.94
2.0,0.7,1.5,4.5,0.8,14400,0.2,66,68.2,-12.21,0.33,0.71,-0.185,17.94
2.0,0.7,1.5,4.5,0.8,14400,0.4,66,68.2,-12.21,0.33,0.71,-0.185,17.94
2.0,0.7,1.5,4.5,0.8,14400,0.8,66,68.2,-12.21,0.33,0.71,-0.185,17.94
2.0,0.7,1.5,4.5,0.8,,0.4,66,68.2,-12.21,0.33,0.71,-0.185,17.94
4.0,0.7,1.5,3.0,0.4,1200,0.2,56,80.4,-10.38,0.18,0.74,-0.185,16.07
4.0,0.7,1.5,3.0,0.6,1200,0.2,56,80.4,-10.38,0.18,0.74,-0.185,16.07
4.0,0.7,1.5,3.0,0.8,1200,0.2,56,80.4,-10.38,0.18,0.74,-0.185,16.07
4.0,0.7,1.5,4.5,0.4,1200,0.2,56,80.4,-10.38,0.18,0.74,-0.185,16.07
4.0,0.7,1.5,4.5,0.6,1200,0.2,56,80.4,-10.38,0.18,0.74,-0.185,16.07
4.0,0.7,1.5,4.5,0.8,1200,0.2,56,80.4,-10.38,0.18,0.74,-0.185,16.07
4.0,0.7,1.5,3.0,0.4,2400,0.2,55,81.8,-10.21,0.17,0.74,-0.186,16.07
4.0,0.7,1.5,3.0,0.4,3600,0.2,55,81.8,-10.21,0.17,0.74,-0.186,16.07
4.0,0.7,1.5,3.0,0.4,3600,0.4,55,81.8,-10.21,0.17,0.74,-0.186,16.07
4.0,0.7,1.5,3.0,0.4,7200,0.2,55,81.8,-10.21,0.17,0.74,-0.186,16.07
4.0,0.7,1.5,3.0,0.4,7200,0.4,55,81.8,-10.21,0.17,0.74,-0.186,16.07
4.0,0.7,1.5,3.0,0.4,7200,0.8,55,81.8,-10.21,0.17,0.74,-0.186,16.07
4.0,0.7,1.5,3.0,0.4,14400,0.2,55,81.8,-10.21,0.17,0.74,-0.186,16.07
4.0,0.7,1.5,3.0,0.4,14400,0.4,55,81.8,-10.21,0.17,0.74,-0.186,16.07
4.0,0.7,1.5,3.0,0.4,14400,0.8,55,81.8,-10.21,0.17,0.74,-0.186,16.07
4.0,0.7,1.5,3.0,0.4,,0.4,55,81.8,-10.21,0.17,0.74,-0.186,16.07
4.0,0.7,1.5,3.0,0.6,2400,0.2,55,81.8,-10.21,0.17,0.74,-0.186,16.07
4.0,0.7,1.5,3.0,0.6,3600,0.2,55,81.8,-10.21,0.17,0.74,-0.186,16.07
4.0,0.7,1.5,3.0,0.6,3600,0.4,55,81.8,-10.21,0.17,0.74,-0.186,16.07
4.0,0.7,1.5,3.0,0.6,7200,0.2,55,81.8,-10.21,0.17,0.74,-0.186,16.07
4.0,0.7,1.5,3.0,0.6,7200,0.4,55,81.8,-10.21,0.17,0.74,-0.186,16.07
4.0,0.7,1.5,3.0,0.6,7200,0.8,55,81.8,-10.21,0.17,0.74,-0.186,16.07
4.0,0.7,1.5,3.0,0.6,14400,0.2,55,81.8,-10.21,0.17,0.74,-0.186,16.07
4.0,0.7,1.5,3.0,0.6,14400,0.4,55,81.8,-10.21,0.17,0.74,-0.186,16.07
4.0,0.7,1.5,3.0,0.6,14400,0.8,55,81.8,-10.21,0.17,0.74,-0.186,16.07
4.0,0.7,1.5,3.0,0.6,,0.4,55,81.8,-10.21,0.17,0.74,-0.186,16.07
4.0,0.7,1.5,3.0,0.8,2400,0.2,55,81.8,-10.21,0.17,0.74,-0.186,16.07
4.0,0.7,1.5,3.0,0.8,3600,0.2,55,81.8,-10.21,0.17,0.74,-0.186,16.07
4.0,0.7,1.5,3.0,0.8,3600,0.4,55,81.8,-10.21,0.17,0.74,-0.186,16.07
4.0,0.7,1.5,3.0,0.8,7200,0.2,55,81.8,-10.21,0.17,0.74,-0.186,16.07
4.0,0.7,1.5,3.0,0.8,7200,0.4,55,81.8,-10.21,0.17,0.74,-0.186,16.07
4.0,0.7,1.5,3.0,0.8,7200,0.8,55,81.8,-10.21,0.17,0.74,-0.186,16.07
4.0,0.7,1.5,3.0,0.8,14400,0.2,55,81.8,-10.21,0.17,0.74,-0.186,16.07
4.0,0.7,1.5,3.0,0.8,14400,0.4,55,81.8,-10.21,0.17,0.74,-0.186,16.07
4.0,0.7,1.5,3.0,0.8,14400,0.8,55,81.8,-10.21,0.17,0.74,-0.186,16.07
4.0,0.7,1.5,3.0,0.8,,0.4,55,81.8,-10.21,0.17,0.74,-0.186,16.07
4.0,0.7,1.5,4.5,0.4,2400,0.2,55,81.8,-10.21,0.17,0.74,-0.186,16.07
4.0,0.7,1.5,4.5,0.4,3600,0.2,55,81.8,-10.21,0.17,0.74,-0.186,16.07
4.0,0.7,1.5,4.5,0.4,3600,0.4,55,81.8,-10.21,0.17,0.74,-0.186,16.07
4.0,0.7,1.5,4.5,0.4,7200,0.2,55,81.8,-10.21,0.17,0.74,-0.186,16.07
4.0,0.7,1.5,4.5,0.4,7200,0.4,55,81.8,-10.21,0.17,0.74,-0.186,16.07
4.0,0.7,1.5,4.5,0.4,7200,0.8,55,81.8,-10.21,0.17,0.74,-0.186,16.07
4.0,0.7,1.5,4.5,0.4,14400,0.2,55,81.8,-10.21,0.17,0.74,-0.186,16.07
4.0,0.7,1.5,4.5,0.4,14400,0.4,55,81.8,-10.21,0.17,0.74,-0.186,16.07
4.0,0.7,1.5,4.5,0.4,14400,0.8,55,81.8,-10.21,0.17,0.74,-0.186,16.07
4.0,0.7,1.5,4.5,0.4,,0.4,55,81.8,-10.21,0.17,0.74,-0.186,16.07
4.0,0.7,1.5,4.5,0.6,2400,0.2,55,81.8,-10.21,0.17,0.74,-0.186,16.07
4.0,0.7,1.5,4.5,0.6,3600,0.2,55,81.8,-10.21,0.17,0.74,-0.186,16.07
4.0,0.7,1.5,4.5,0.6,3600,0.4,55,81.8,-10.21,0.17,0.74,-0.186,16.07
4.0,0.7,1.5,4.5,0.6,7200,0.2,55,81.8,-10.21,0.17,0.74,-0.186,16.07
4.0,0.7,1.5,4.5,0.6,7200,0.4,55,81.8,-10.21,0.17,0.74,-0.186,16.07
4.0,0.7,1.5,4.5,0.6,7200,0.8,55,81.8,-10.21,0.17,0.74,-0.186,16.07
4.0,0.7,1.5,4.5,0.6,14400,0.2,55,81.8,-10.21,0.17,0.74,-0.186,16.07
4.0,0.7,1.5,4.5,0.6,14400,0.4,55,81.8,-10.21,0.17,0.74,-0.186,16.07
4.0,0.7,1.5,4.5,0.6,14400,0.8,55,81.8,-10.21,0.17,0.74,-0.186,16.07
4.0,0.7,1.5,4.5,0.6,,0.4,55,81.8,-10.21,0.17,0.74,-0.186,16.07
4.0,0.7,1.5,4.5,0.8,2400,0.2,55,81.8,-10.21,0.17,0.74,-0.186,16.07
4.0,0.7,1.5,4.5,0.8,3600,0.2,55,81.8,-10.21,0.17,0.74,-0.186,16.07
4.0,0.7,1.5,4.5,0.8,3600,0.4,55,81.8,-10.21,0.17,0.74,-0.186,16.07
4.0,0.7,1.5,4.5,0.8,7200,0.2,55,81.8,-10.21,0.17,0.74,-0.186,16.07
4.0,0.7,1.5,4.5,0.8,7200,0.4,55,81.8,-10.21,0.17,0.74,-0.186,16.07
4.0,0.7,1.5,4.5,0.8,7200,0.8,55,81.8,-10.21,0.17,0.74,-0.186,16.07
4.0,0.7,1.5,4.5,0.8,14400,0.2,55,81.8,-10.21,0.17,0.74,-0.186,16.07
4.0,0.7,1.5,4.5,0.8,14400,0.4,55,81.8,-10.21,0.17,0.74,-0.186,16.07
4.0,0.7,1.5,4.5,0.8,14400,0.8,55,81.8,-10.21,0.17,0.74,-0.186,16.07
4.0,0.7,1.5,4.5,0.8,,0.4,55,81.8,-10.21,0.17,0.74,-0.186,16.07
3.0,0.7,1.5,3.0,0.4,1200,0.2,57,75.4,-10.64,0.24,0.73,-0.187,15.48
3.0,0.7,1.5,3.0,0.4,2400,0.2,56,76.8,-10.47,0.22,0.73,-0.187,15.48
3.0,0.7,1.5,3.0,0.4,3600,0.2,56,76.8,-10.47,0.22,0.73,-0.187,15.48
3.0,0.7,1.5,3.0,0.4,3600,0.4,56,76.8,-10.47,0.22,0.73,-0.187,15.48
3.0,0.7,1.5,3.0,0.4,7200,0.2,56,76.8,-10.47,0.22,0.73,-0.187,15.48
3.0,0.7,1.5,3.0,0.4,7200,0.4,56,76.8,-10.47,0.22,0.73,-0.187,15.48
3.0,0.7,1.5,3.0,0.4,7200,0.8,56,76.8,-10.47,0.22,0.73,-0.187,15.48
3.0,0.7,1.5,3.0,0.4,14400,0.2,56,76.8,-10.47,0.22,0.73,-0.187,15.48
3.0,0.7,1.5,3.0,0.4,14400,0.4,56,76.8,-10.47,0.22,0.73,-0.187,15.48
3.0,0.7,1.5,3.0,0.4,14400,0.8,56,76.8,-10.47,0.22,0.73,-0.187,15.48
3.0,0.7,1.5,3.0,0.4,,0.4,56,76.8,-10.47,0.22,0.73,-0.187,15.48
3.0,0.7,1.5,3.0,0.6,1200,0.2,57,75.4,-10.64,0.24,0.73,-0.187,15.48
3.0,0.7,1.5,3.0,0.6,2400,0.2,56,76.8,-10.47,0.22,0.73,-0.187,15.48
3.0,0.7,1.5,3.0,0.6,3600,0.2,56,76.8,-10.47,0.22,0.73,-0.187,15.48
3.0,0.7,1.5,3.0,0.6,3600,0.4,56,76.8,-10.47,0.22,0.73,-0.187,15.48
3.0,0.7,1.5,3.0,0.6,7200,0.2,56,76.8,-10.47,0.22,0.73,-0.187,15.48
3.0,0.7,1.5,3.0,0.6,7200,0.4,56,76.8,-10.47,0.22,0.73,-0.187,15.48
3.0,0.7,1.5,3.0,0.6,7200,0.8,56,76.8,-10.47,0.22,0.73,-0.187,15.48
3.0,0.7,1.5,3.0,0.6,14400,0.2,56,76.8,-10.47,0.22,0.73,-0.187,15.48
3.0,0.7,1.5,3.0,0.6,14400,0.4,56,76.8,-10.47,0.22,0.73,-0.187,15.48
3.0,0.7,1.5,3.0,0.6,14400,0.8,56,76.8,-10.47,0.22,0.73,-0.187,15.48
3.0,0.7,1.5,3.0,0.6,,0.4,56,76.8,-10.47,0.22,0.73,-0.187,15.48
3.0,0.7,1.5,3.0,0.8,1200,0.2,57,75.4,-10.64,0.24,0.73,-0.187,15.48
3.0,0.7,1.5,3.0,0.8,2400,0.2,56,76.8,-10.47,0.22,0.73,-0.187,15.48
3.0,0.7,1.5,3.0,0.8,3600,0.2,56,76.8,-10.47,0.22,0.73,-0.187,15.48
3.0,0.7,1.5,3.0,0.8,3600,0.4,56,76.8,-10.47,0.22,0.73,-0.187,15.48
3.0,0.7,1.5,3.0,0.8,7200,0.2,56,76.8,-10.47,0.22,0.73,-0.187,15.48
3.0,0.7,1.5,3.0,0.8,7200,0.4,56,76.8,-10.47,0.22,0.73,-0.187,15.48
3.0,0.7,1.5,3.0,0.8,7200,0.8,56,76.8,-10.47,0.22,0.73,-0.187,15.48
3.0,0.7,1.5,3.0,0.8,14400,0.2,56,76.8,-10.47,0.22,0.73,-0.187,15.48
3.0,0.7,1.5,3.0,0.8,14400,0.4,56,76.8,-10.47,0.22,0.73,-0.187,15.48
3.0,0.7,1.5,3.0,0.8,14400,0.8,56,76.8,-10.47,0.22,0.73,-0.187,15.48
3.0,0.7,1.5,3.0,0.8,,0.4,56,76.8,-10.47,0.22,0.73,-0.187,15.48
3.0,0.7,1.5,4.5,0.4,1200,0.2,57,75.4,-10.64,0.24,0.73,-0.187,15.48
3.0,0.7,1.5,4.5,0.4,2400,0.2,56,76.8,-10.47,0.22,0.73,-0.187,15.48
3.0,0.7,1.5,4.5,0.4,3600,0.2,56,76.8,-10.47,0.22,0.73,-0.187,15.48
3.0,0.7,1.5,4.5,0.4,3600,0.4,56,76.8,-10.47,0.22,0.73,-0.187,15.48
3.0,0.7,1.5,4.5,0.4,7200,0.2,56,76.8,-10.47,0.22,0.73,-0.187,15.48
3.0,0.7,1.5,4.5,0.4,7200,0.4,56,76.8,-10.47,0.22,0.73,-0.187,15.48
3.0,0.7,1.5,4.5,0.4,7200,0.8,56,76.8,-10.47,0.22,0.73,-0.187,15.48
3.0,0.7,1.5,4.5,0.4,14400,0.2,56,76.8,-10.47,0.22,0.73,-0.187,15.48
3.0,0.7,1.5,4.5,0.4,14400,0.4,56,76.8,-10.47,0.22,0.73,-0.187,15.48
3.0,0.7,1.5,4.5,0.4,14400,0.8,56,76.8,-10.47,0.22,0.73,-0.187,15.48
3.0,0.7,1.5,4.5,0.4,,0.4,56,76.8,-10.47,0.22,0.73,-0.187,15.48
3.0,0.7,1.5,4.5,0.6,1200,0.2,57,75.4,-10.64,0.24,0.73,-0.187,15.48
3.0,0.7,1.5,4.5,0.6,2400,0.2,56,76.8,-10.47,0.22,0.73,-0.187,15.48
3.0,0.7,1.5,4.5,0.6,3600,0.2,56,76.8,-10.47,0.22,0.73,-0.187,15.48
3.0,0.7,1.5,4.5,0.6,3600,0.4,56,76.8,-10.47,0.22,0.73,-0.187,15.48
3.0,0.7,1.5,4.5,0.6,7200,0.2,56,76.8,-10.47,0.22,0.73,-0.187,15.48
3.0,0.7,1.5,4.5,0.6,7200,0.4,56,76.8,-10.47,0.22,0.73,-0.187,15.48
3.0,0.7,1.5,4.5,0.6,7200,0.8,56,76.8,-10.47,0.22,0.73,-0.187,15.48
3.0,0.7,1.5,4.5,0.6,14400,0.2,56,76.8,-10.47,0.22,0.73,-0.187,15.48
3.0,0.7,1.5,4.5,0.6,14400,0.4,56,76.8,-10.47,0.22,0.73,-0.187,15.48
3.0,0.7,1.5,4.5,0.6,14400,0.8,56,76.8,-10.47,0.22,0.73,-0.187,15.48
3.0,0.7,1.5,4.5,0.6,,0.4,56,76.8,-10.47,0.22,0.73,-0.187,15.48
3.0,0.7,1.5,4.5,0.8,1200,0.2,57,75.4,-10.64,0.24,0.73,-0.187,15.48
3.0,0.7,1.5,4.5,0.8,2400,0.2,56,76.8,-10.47,0.22,0.73,-0.187,15.48
3.0,0.7,1.5,4.5,0.8,3600,0.2,56,76.8,-10.47,0.22,0.73,-0.187,15.48
3.0,0.7,1.5,4.5,0.8,3600,0.4,56,76.8,-10.47,0.22,0.73,-0.187,15.48
3.0,0.7,1.5,4.5,0.8,7200,0.2,56,76.8,-10.47,0.22,0.73,-0.187,15.48
3.0,0.7,1.5,4.5,0.8,7200,0.4,56,76.8,-10.47,0.22,0.73,-0.187,15.48
3.0,0.7,1.5,4.5,0.8,7200,0.8,56,76.8,-10.47,0.22,0.73,-0.187,15.48
3.0,0.7,1.5,4.5,0.8,14400,0.2,56,76.8,-10.47,0.22,0.73,-0.187,15.48
3.0,0.7,1.5,4.5,0.8,14400,0.4,56,76.8,-10.47,0.22,0.73,-0.187,15.48
3.0,0.7,1.5,4.5,0.8,14400,0.8,56,76.8,-10.47,0.22,0.73,-0.187,15.48
3.0,0.7,1.5,4.5,0.8,,0.4,56,76.8,-10.47,0.22,0.73,-0.187,15.48
2.0,1.5,2.5,3.0,0.6,2400,0.2,65,60.0,-12.47,0.51,0.76,-0.192,17.77
2.0,1.5,2.5,3.0,0.6,3600,0.2,65,60.0,-12.47,0.51,0.76,-0.192,17.77
2.0,1.5,2.5,3.0,0.6,3600,0.4,65,60.0,-12.47,0.51,0.76,-0.192,17.77
2.0,1.5,2.5,3.0,0.6,7200,0.2,65,60.0,-12.47,0.51,0.76,-0.192,17.77
2.0,1.5,2.5,3.0,0.6,7200,0.4,65,60.0,-12.47,0.51,0.76,-0.192,17.77
2.0,1.5,2.5,3.0,0.6,7200,0.8,65,60.0,-12.47,0.51,0.76,-0.192,17.77
2.0,1.5,2.5,3.0,0.6,14400,0.2,65,60.0,-12.47,0.51,0.76,-0.192,17.77
2.0,1.5,2.5,3.0,0.6,14400,0.4,65,60.0,-12.47,0.51,0.76,-0.192,17.77
2.0,1.5,2.5,3.0,0.6,14400,0.8,65,60.0,-12.47,0.51,0.76,-0.192,17.77
2.0,1.5,2.5,3.0,0.6,,0.4,65,60.0,-12.47,0.51,0.76,-0.192,17.77
2.0,1.5,2.5,4.5,0.6,2400,0.2,65,60.0,-12.47,0.51,0.76,-0.192,17.77
2.0,1.5,2.5,4.5,0.6,3600,0.2,65,60.0,-12.47,0.51,0.76,-0.192,17.77
2.0,1.5,2.5,4.5,0.6,3600,0.4,65,60.0,-12.47,0.51,0.76,-0.192,17.77
2.0,1.5,2.5,4.5,0.6,7200,0.2,65,60.0,-12.47,0.51,0.76,-0.192,17.77
2.0,1.5,2.5,4.5,0.6,7200,0.4,65,60.0,-12.47,0.51,0.76,-0.192,17.77
2.0,1.5,2.5,4.5,0.6,7200,0.8,65,60.0,-12.47,0.51,0.76,-0.192,17.77
2.0,1.5,2.5,4.5,0.6,14400,0.2,65,60.0,-12.47,0.51,0.76,-0.192,17.77
2.0,1.5,2.5,4.5,0.6,14400,0.4,65,60.0,-12.47,0.51,0.76,-0.192,17.77
2.0,1.5,2.5,4.5,0.6,14400,0.8,65,60.0,-12.47,0.51,0.76,-0.192,17.77
2.0,1.5,2.5,4.5,0.6,,0.4,65,60.0,-12.47,0.51,0.76,-0.192,17.77
2.0,1.5,2.5,3.0,0.8,1200,0.2,65,58.5,-12.75,0.54,0.76,-0.196,20.52
2.0,1.5,2.5,4.5,0.8,1200,0.2,65,58.5,-12.75,0.54,0.76,-0.196,20.52
2.0,1.0,1.5,3.0,0.4,2400,0.4,66,60.6,-13.01,0.49,0.75,-0.197,19.3
2.0,1.0,1.5,3.0,0.6,2400,0.4,66,60.6,-13.01,0.49,0.75,-0.197,19.3
2.0,1.0,1.5,3.0,0.8,2400,0.4,66,60.6,-13.01,0.49,0.75,-0.197,19.3
2.0,1.0,1.5,4.5,0.4,2400,0.4,66,60.6,-13.01,0.49,0.75,-0.197,19.3
2.0,1.0,1.5,4.5,0.6,2400,0.4,66,60.6,-13.01,0.49,0.75,-0.197,19.3
2.0,1.0,1.5,4.5,0.8,2400,0.4,66,60.6,-13.01,0.49,0.75,-0.197,19.3
2.0,0.7,2.5,3.0,0.4,2400,0.4,67,68.7,-13.36,0.31,0.68,-0.199,18.66
2.0,0.7,2.5,3.0,0.6,2400,0.4,67,68.7,-13.36,0.31,0.68,-0.199,18.66
2.0,0.7,2.5,3.0,0.8,2400,0.4,67,68.7,-13.36,0.31,0.68,-0.199,18.66
2.0,0.7,2.5,4.5,0.4,2400,0.4,67,68.7,-13.36,0.31,0.68,-0.199,18.66
2.0,0.7,2.5,4.5,0.6,2400,0.4,67,68.7,-13.36,0.31,0.68,-0.199,18.66
2.0,0.7,2.5,4.5,0.8,2400,0.4,67,68.7,-13.36,0.31,0.68,-0.199,18.66
4.0,0.7,2.5,3.0,0.4,2400,0.4,56,82.1,-11.36,0.16,0.72,-0.203,17.51
4.0,0.7,2.5,3.0,0.6,2400,0.4,56,82.1,-11.36,0.16,0.72,-0.203,17.51
4.0,0.7,2.5,3.0,0.8,2400,0.4,56,82.1,-11.36,0.16,0.72,-0.203,17.51
4.0,0.7,2.5,4.5,0.4,2400,0.4,56,82.1,-11.36,0.16,0.72,-0.203,17.51
4.0,0.7,2.5,4.5,0.6,2400,0.4,56,82.1,-11.36,0.16,0.72,-0.203,17.51
4.0,0.7,2.5,4.5,0.8,2400,0.4,56,82.1,-11.36,0.16,0.72,-0.203,17.51
2.0,1.0,1.5,3.0,0.4,1200,0.2,66,59.1,-13.47,0.51,0.74,-0.204,19.3
2.0,1.0,1.5,3.0,0.6,1200,0.2,66,59.1,-13.47,0.51,0.74,-0.204,19.3
2.0,1.0,1.5,3.0,0.8,1200,0.2,66,59.1,-13.47,0.51,0.74,-0.204,19.3
2.0,1.0,1.5,4.5,0.4,1200,0.2,66,59.1,-13.47,0.51,0.74,-0.204,19.3
2.0,1.0,1.5,4.5,0.6,1200,0.2,66,59.1,-13.47,0.51,0.74,-0.204,19.3
2.0,1.0,1.5,4.5,0.8,1200,0.2,66,59.1,-13.47,0.51,0.74,-0.204,19.3
3.0,0.7,2.5,3.0,0.4,2400,0.4,57,77.2,-11.62,0.21,0.7,-0.204,16.92
3.0,0.7,2.5,3.0,0.6,2400,0.4,57,77.2,-11.62,0.21,0.7,-0.204,16.92
3.0,0.7,2.5,3.0,0.8,2400,0.4,57,77.2,-11.62,0.21,0.7,-0.204,16.92
3.0,0.7,2.5,4.5,0.4,2400,0.4,57,77.2,-11.62,0.21,0.7,-0.204,16.92
3.0,0.7,2.5,4.5,0.6,2400,0.4,57,77.2,-11.62,0.21,0.7,-0.204,16.92
3.0,0.7,2.5,4.5,0.8,2400,0.4,57,77.2,-11.62,0.21,0.7,-0.204,16.92
2.0,1.0,1.5,3.0,0.4,2400,0.2,65,60.0,-13.3,0.5,0.74,-0.205,19.3
2.0,1.0,1.5,3.0,0.4,3600,0.2,65,60.0,-13.3,0.5,0.74,-0.205,19.3
2.0,1.0,1.5,3.0,0.4,3600,0.4,65,60.0,-13.3,0.5,0.74,-0.205,19.3
2.0,1.0,1.5,3.0,0.4,7200,0.2,65,60.0,-13.3,0.5,0.74,-0.205,19.3
2.0,1.0,1.5,3.0,0.4,7200,0.4,65,60.0,-13.3,0.5,0.74,-0.205,19.3
2.0,1.0,1.5,3.0,0.4,7200,0.8,65,60.0,-13.3,0.5,0.74,-0.205,19.3
2.0,1.0,1.5,3.0,0.4,14400,0.2,65,60.0,-13.3,0.5,0.74,-0.205,19.3
2.0,1.0,1.5,3.0,0.4,14400,0.4,65,60.0,-13.3,0.5,0.74,-0.205,19.3
2.0,1.0,1.5,3.0,0.4,14400,0.8,65,60.0,-13.3,0.5,0.74,-0.205,19.3
2.0,1.0,1.5,3.0,0.4,,0.4,65,60.0,-13.3,0.5,0.74,-0.205,19.3
2.0,1.0,1.5,3.0,0.6,2400,0.2,65,60.0,-13.3,0.5,0.74,-0.205,19.3
2.0,1.0,1.5,3.0,0.6,3600,0.2,65,60.0,-13.3,0.5,0.74,-0.205,19.3
2.0,1.0,1.5,3.0,0.6,3600,0.4,65,60.0,-13.3,0.5,0.74,-0.205,19.3
2.0,1.0,1.5,3.0,0.6,7200,0.2,65,60.0,-13.3,0.5,0.74,-0.205,19.3
2.0,1.0,1.5,3.0,0.6,7200,0.4,65,60.0,-13.3,0.5,0.74,-0.205,19.3
2.0,1.0,1.5,3.0,0.6,7200,0.8,65,60.0,-13.3,0.5,0.74,-0.205,19.3
2.0,1.0,1.5,3.0,0.6,14400,0.2,65,60.0,-13.3,0.5,0.74,-0.205,19.3
2.0,1.0,1.5,3.0,0.6,14400,0.4,65,60.0,-13.3,0.5,0.74,-0.205,19.3
2.0,1.0,1.5,3.0,0.6,14400,0.8,65,60.0,-13.3,0.5,0.74,-0.205,19.3
2.0,1.0,1.5,3.0,0.6,,0.4,65,60.0,-13.3,0.5,0.74,-0.205,19.3
2.0,1.0,1.5,3.0,0.8,2400,0.2,65,60.0,-13.3,0.5,0.74,-0.205,19.3
2.0,1.0,1.5,3.0,0.8,3600,0.2,65,60.0,-13.3,0.5,0.74,-0.205,19.3
2.0,1.0,1.5,3.0,0.8,3600,0.4,65,60.0,-13.3,0.5,0.74,-0.205,19.3
2.0,1.0,1.5,3.0,0.8,7200,0.2,65,60.0,-13.3,0.5,0.74,-0.205,19.3
2.0,1.0,1.5,3.0,0.8,7200,0.4,65,60.0,-13.3,0.5,0.74,-0.205,19.3
2.0,1.0,1.5,3.0,0.8,7200,0.8,65,60.0,-13.3,0.5,0.74,-0.205,19.3
2.0,1.0,1.5,3.0,0.8,14400,0.2,65,60.0,-13.3,0.5,0.74,-0.205,19.3
2.0,1.0,1.5,3.0,0.8,14400,0.4,65,60.0,-13.3,0.5,0.74,-0.205,19.3
2.0,1.0,1.5,3.0,0.8,14400,0.8,65,60.0,-13.3,0.5,0.74,-0.205,19.3
2.0,1.0,1.5,3.0,0.8,,0.4,65,60.0,-13.3,0.5,0.74,-0.205,19.3
2.0,1.0,1.5,4.5,0.4,2400,0.2,65,60.0,-13.3,0.5,0.74,-0.205,19.3
2.0,1.0,1.5,4.5,0.4,3600,0.2,65,60.0,-13.3,0.5,0.74,-0.205,19.3
2.0,1.0,1.5,4.5,0.4,3600,0.4,65,60.0,-13.3,0.5,0.74,-0.205,19.3
2.0,1.0,1.5,4.5,0.4,7200,0.2,65,60.0,-13.3,0.5,0.74,-0.205,19.3
2.0,1.0,1.5,4.5,0.4,7200,0.4,65,60.0,-13.3,0.5,0.74,-0.205,19.3
2.0,1.0,1.5,4.5,0.4,7200,0.8,65,60.0,-13.3,0.5,0.74,-0.205,19.3
2.0,1.0,1.5,4.5,0.4,14400,0.2,65,60.0,-13.3,0.5,0.74,-0.205,19.3
2.0,1.0,1.5,4.5,0.4,14400,0.4,65,60.0,-13.3,0.5,0.74,-0.205,19.3
2.0,1.0,1.5,4.5,0.4,14400,0.8,65,60.0,-13.3,0.5,0.74,-0.205,19.3
2.0,1.0,1.5,4.5,0.4,,0.4,65,60.0,-13.3,0.5,0.74,-0.205,19.3
2.0,1.0,1.5,4.5,0.6,2400,0.2,65,60.0,-13.3,0.5,0.74,-0.205,19.3
2.0,1.0,1.5,4.5,0.6,3600,0.2,65,60.0,-13.3,0.5,0.74,-0.205,19.3
2.0,1.0,1.5,4.5,0.6,3600,0.4,65,60.0,-13.3,0.5,0.74,-0.205,19.3
2.0,1.0,1.5,4.5,0.6,7200,0.2,65,60.0,-13.3,0.5,0.74,-0.205,19.3
2.0,1.0,1.5,4.5,0.6,7200,0.4,65,60.0,-13.3,0.5,0.74,-0.205,19.3
2.0,1.0,1.5,4.5,0.6,7200,0.8,65,60.0,-13.3,0.5,0.74,-0.205,19.3
2.0,1.0,1.5,4.5,0.6,14400,0.2,65,60.0,-13.3,0.5,0.74,-0.205,19.3
2.0,1.0,1.5,4.5,0.6,14400,0.4,65,60.0,-13.3,0.5,0.74,-0.205,19.3
2.0,1.0,1.5,4.5,0.6,14400,0.8,65,60.0,-13.3,0.5,0.74,-0.205,19.3
2.0,1.0,1.5,4.5,0.6,,0.4,65,60.0,-13.3,0.5,0.74,-0.205,19.3
2.0,1.0,1.5,4.5,0.8,2400,0.2,65,60.0,-13.3,0.5,0.74,-0.205,19.3
2.0,1.0,1.5,4.5,0.8,3600,0.2,65,60.0,-13.3,0.5,0.74,-0.205,19.3
2.0,1.0,1.5,4.5,0.8,3600,0.4,65,60.0,-13.3,0.5,0.74,-0.205,19.3
2.0,1.0,1.5,4.5,0.8,7200,0.2,65,60.0,-13.3,0.5,0.74,-0.205,19.3
2.0,1.0,1.5,4.5,0.8,7200,0.4,65,60.0,-13.3,0.5,0.74,-0.205,19.3
2.0,1.0,1.5,4.5,0.8,7200,0.8,65,60.0,-13.3,0.5,0.74,-0.205,19.3
2.0,1.0,1.5,4.5,0.8,14400,0.2,65,60.0,-13.3,0.5,0.74,-0.205,19.3
2.0,1.0,1.5,4.5,0.8,14400,0.4,65,60.0,-13.3,0.5,0.74,-0.205,19.3
2.0,1.0,1.5,4.5,0.8,14400,0.8,65,60.0,-13.3,0.5,0.74,-0.205,19.3
2.0,1.0,1.5,4.5,0.8,,0.4,65,60.0,-13.3,0.5,0.74,-0.205,19.3
2.0,0.7,2.5,3.0,0.4,1200,0.2,67,67.2,-13.82,0.33,0.67,-0.206,18.66
2.0,0.7,2.5,3.0,0.6,1200,0.2,67,67.2,-13.82,0.33,0.67,-0.206,18.66
2.0,0.7,2.5,3.0,0.8,1200,0.2,67,67.2,-13.82,0.33,0.67,-0.206,18.66
2.0,0.7,2.5,4.5,0.4,1200,0.2,67,67.2,-13.82,0.33,0.67,-0.206,18.66
2.0,0.7,2.5,4.5,0.6,1200,0.2,67,67.2,-13.82,0.33,0.67,-0.206,18.66
2.0,0.7,2.5,4.5,0.8,1200,0.2,67,67.2,-13.82,0.33,0.67,-0.206,18.66
2.0,1.5,2.5,3.0,0.8,2400,0.4,65,60.0,-13.36,0.5,0.74,-0.206,20.52
2.0,1.5,2.5,4.5,0.8,2400,0.4,65,60.0,-13.36,0.5,0.74,-0.206,20.52
2.0,0.7,2.5,3.0,0.4,2400,0.2,66,68.2,-13.65,0.31,0.67,-0.207,18.66
2.0,0.7,2.5,3.0,0.4,3600,0.2,66,68.2,-13.65,0.31,0.67,-0.207,18.66
2.0,0.7,2.5,3.0,0.4,3600,0.4,66,68.2,-13.65,0.31,0.67,-0.207,18.66
2.0,0.7,2.5,3.0,0.4,7200,0.2,66,68.2,-13.65,0.31,0.67,-0.207,18.66
2.0,0.7,2.5,3.0,0.4,7200,0.4,66,68.2,-13.65,0.31,0.67,-0.207,18.66
2.0,0.7,2.5,3.0,0.4,7200,0.8,66,68.2,-13.65,0.31,0.67,-0.207,18.66
2.0,0.7,2.5,3.0,0.4,14400,0.2,66,68.2,-13.65,0.31,0.67,-0.207,18.66
2.0,0.7,2.5,3.0,0.4,14400,0.4,66,68.2,-13.65,0.31,0.67,-0.207,18.66
2.0,0.7,2.5,3.0,0.4,14400,0.8,66,68.2,-13.65,0.31,0.67,-0.207,18.66
2.0,0.7,2.5,3.0,0.4,,0.4,66,68.2,-13.65,0.31,0.67,-0.207,18.66
2.0,0.7,2.5,3.0,0.6,2400,0.2,66,68.2,-13.65,0.31,0.67,-0.207,18.66
2.0,0.7,2.5,3.0,0.6,3600,0.2,66,68.2,-13.65,0.31,0.67,-0.207,18.66
2.0,0.7,2.5,3.0,0.6,3600,0.4,66,68.2,-13.65,0.31,0.67,-0.207,18.66
2.0,0.7,2.5,3.0,0.6,7200,0.2,66,68.2,-13.65,0.31,0.67,-0.207,18.66
2.0,0.7,2.5,3.0,0.6,7200,0.4,66,68.2,-13.65,0.31,0.67,-0.207,18.66
2.0,0.7,2.5,3.0,0.6,7200,0.8,66,68.2,-13.65,0.31,0.67,-0.207,18.66
2.0,0.7,2.5,3.0,0.6,14400,0.2,66,68.2,-13.65,0.31,0.67,-0.207,18.66
2.0,0.7,2.5,3.0,0.6,14400,0.4,66,68.2,-13.65,0.31,0.67,-0.207,18.66
2.0,0.7,2.5,3.0,0.6,14400,0.8,66,68.2,-13.65,0.31,0.67,-0.207,18.66
2.0,0.7,2.5,3.0,0.6,,0.4,66,68.2,-13.65,0.31,0.67,-0.207,18.66
2.0,0.7,2.5,3.0,0.8,2400,0.2,66,68.2,-13.65,0.31,0.67,-0.207,18.66
2.0,0.7,2.5,3.0,0.8,3600,0.2,66,68.2,-13.65,0.31,0.67,-0.207,18.66
2.0,0.7,2.5,3.0,0.8,3600,0.4,66,68.2,-13.65,0.31,0.67,-0.207,18.66
2.0,0.7,2.5,3.0,0.8,7200,0.2,66,68.2,-13.65,0.31,0.67,-0.207,18.66
2.0,0.7,2.5,3.0,0.8,7200,0.4,66,68.2,-13.65,0.31,0.67,-0.207,18.66
2.0,0.7,2.5,3.0,0.8,7200,0.8,66,68.2,-13.65,0.31,0.67,-0.207,18.66
2.0,0.7,2.5,3.0,0.8,14400,0.2,66,68.2,-13.65,0.31,0.67,-0.207,18.66
2.0,0.7,2.5,3.0,0.8,14400,0.4,66,68.2,-13.65,0.31,0.67,-0.207,18.66
2.0,0.7,2.5,3.0,0.8,14400,0.8,66,68.2,-13.65,0.31,0.67,-0.207,18.66
2.0,0.7,2.5,3.0,0.8,,0.4,66,68.2,-13.65,0.31,0.67,-0.207,18.66
2.0,0.7,2.5,4.5,0.4,2400,0.2,66,68.2,-13.65,0.31,0.67,-0.207,18.66
2.0,0.7,2.5,4.5,0.4,3600,0.2,66,68.2,-13.65,0.31,0.67,-0.207,18.66
2.0,0.7,2.5,4.5,0.4,3600,0.4,66,68.2,-13.65,0.31,0.67,-0.207,18.66
2.0,0.7,2.5,4.5,0.4,7200,0.2,66,68.2,-13.65,0.31,0.67,-0.207,18.66
2.0,0.7,2.5,4.5,0.4,7200,0.4,66,68.2,-13.65,0.31,0.67,-0.207,18.66
2.0,0.7,2.5,4.5,0.4,7200,0.8,66,68.2,-13.65,0.31,0.67,-0.207,18.66
2.0,0.7,2.5,4.5,0.4,14400,0.2,66,68.2,-13.65,0.31,0.67,-0.207,18.66
2.0,0.7,2.5,4.5,0.4,14400,0.4,66,68.2,-13.65,0.31,0.67,-0.207,18.66
2.0,0.7,2.5,4.5,0.4,14400,0.8,66,68.2,-13.65,0.31,0.67,-0.207,18.66
2.0,0.7,2.5,4.5,0.4,,0.4,66,68.2,-13.65,0.31,0.67,-0.207,18.66
2.0,0.7,2.5,4.5,0.6,2400,0.2,66,68.2,-13.65,0.31,0.67,-0.207,18.66
2.0,0.7,2.5,4.5,0.6,3600,0.2,66,68.2,-13.65,0.31,0.67,-0.207,18.66
2.0,0.7,2.5,4.5,0.6,3600,0.4,66,68.2,-13.65,0.31,0.67,-0.207,18.66
2.0,0.7,2.5,4.5,0.6,7200,0.2,66,68.2,-13.65,0.31,0.67,-0.207,18.66
2.0,0.7,2.5,4.5,0.6,7200,0.4,66,68.2,-13.65,0.31,0.67,-0.207,18.66
2.0,0.7,2.5,4.5,0.6,7200,0.8,66,68.2,-13.65,0.31,0.67,-0.207,18.66
2.0,0.7,2.5,4.5,0.6,14400,0.2,66,68.2,-13.65,0.31,0.67,-0.207,18.66
2.0,0.7,2.5,4.5,0.6,14400,0.4,66,68.2,-13.65,0.31,0.67,-0.207,18.66
2.0,0.7,2.5,4.5,0.6,14400,0.8,66,68.2,-13.65,0.31,0.67,-0.207,18.66
2.0,0.7,2.5,4.5,0.6,,0.4,66,68.2,-13.65,0.31,0.67,-0.207,18.66
2.0,0.7,2.5,4.5,0.8,2400,0.2,66,68.2,-13.65,0.31,0.67,-0.207,18.66
2.0,0.7,2.5,4.5,0.8,3600,0.2,66,68.2,-13.65,0.31,0.67,-0.207,18.66
2.0,0.7,2.5,4.5,0.8,3600,0.4,66,68.2,-13.65,0.31,0.67,-0.207,18.66
2.0,0.7,2.5,4.5,0.8,7200,0.2,66,68.2,-13.65,0.31,0.67,-0.207,18.66
2.0,0.7,2.5,4.5,0.8,7200,0.4,66,68.2,-13.65,0.31,0.67,-0.207,18.66
2.0,0.7,2.5,4.5,0.8,7200,0.8,66,68.2,-13.65,0.31,0.67,-0.207,18.66
2.0,0.7,2.5,4.5,0.8,14400,0.2,66,68.2,-13.65,0.31,0.67,-0.207,18.66
2.0,0.7,2.5,4.5,0.8,14400,0.4,66,68.2,-13.65,0.31,0.67,-0.207,18.66
2.0,0.7,2.5,4.5,0.8,14400,0.8,66,68.2,-13.65,0.31,0.67,-0.207,18.66
2.0,0.7,2.5,4.5,0.8,,0.4,66,68.2,-13.65,0.31,0.67,-0.207,18.66
4.0,0.7,2.5,3.0,0.4,1200,0.2,56,80.4,-11.82,0.17,0.71,-0.211,17.51
4.0,0.7,2.5,3.0,0.6,1200,0.2,56,80.4,-11.82,0.17,0.71,-0.211,17.51
4.0,0.7,2.5,3.0,0.8,1200,0.2,56,80.4,-11.82,0.17,0.71,-0.211,17.51
4.0,0.7,2.5,4.5,0.4,1200,0.2,56,80.4,-11.82,0.17,0.71,-0.211,17.51
4.0,0.7,2.5,4.5,0.6,1200,0.2,56,80.4,-11.82,0.17,0.71,-0.211,17.51
4.0,0.7,2.5,4.5,0.8,1200,0.2,56,80.4,-11.82,0.17,0.71,-0.211,17.51
3.0,0.7,2.5,3.0,0.4,1200,0.2,57,75.4,-12.08,0.23,0.69,-0.212,16.92
3.0,0.7,2.5,3.0,0.6,1200,0.2,57,75.4,-12.08,0.23,0.69,-0.212,16.92
3.0,0.7,2.5,3.0,0.8,1200,0.2,57,75.4,-12.08,0.23,0.69,-0.212,16.92
3.0,0.7,2.5,4.5,0.4,1200,0.2,57,75.4,-12.08,0.23,0.69,-0.212,16.92
3.0,0.7,2.5,4.5,0.6,1200,0.2,57,75.4,-12.08,0.23,0.69,-0.212,16.92
3.0,0.7,2.5,4.5,0.8,1200,0.2,57,75.4,-12.08,0.23,0.69,-0.212,16.92
4.0,0.7,2.5,3.0,0.4,2400,0.2,55,81.8,-11.65,0.16,0.71,-0.212,17.51
4.0,0.7,2.5,3.0,0.4,3600,0.2,55,81.8,-11.65,0.16,0.71,-0.212,17.51
4.0,0.7,2.5,3.0,0.4,3600,0.4,55,81.8,-11.65,0.16,0.71,-0.212,17.51
4.0,0.7,2.5,3.0,0.4,7200,0.2,55,81.8,-11.65,0.16,0.71,-0.212,17.51
4.0,0.7,2.5,3.0,0.4,7200,0.4,55,81.8,-11.65,0.16,0.71,-0.212,17.51
4.0,0.7,2.5,3.0,0.4,7200,0.8,55,81.8,-11.65,0.16,0.71,-0.212,17.51
4.0,0.7,2.5,3.0,0.4,14400,0.2,55,81.8,-11.65,0.16,0.71,-0.212,17.51
4.0,0.7,2.5,3.0,0.4,14400,0.4,55,81.8,-11.65,0.16,0.71,-0.212,17.51
4.0,0.7,2.5,3.0,0.4,14400,0.8,55,81.8,-11.65,0.16,0.71,-0.212,17.51
4.0,0.7,2.5,3.0,0.4,,0.4,55,81.8,-11.65,0.16,0.71,-0.212,17.51
4.0,0.7,2.5,3.0,0.6,2400,0.2,55,81.8,-11.65,0.16,0.71,-0.212,17.51
4.0,0.7,2.5,3.0,0.6,3600,0.2,55,81.8,-11.65,0.16,0.71,-0.212,17.51
4.0,0.7,2.5,3.0,0.6,3600,0.4,55,81.8,-11.65,0.16,0.71,-0.212,17.51
4.0,0.7,2.5,3.0,0.6,7200,0.2,55,81.8,-11.65,0.16,0.71,-0.212,17.51
4.0,0.7,2.5,3.0,0.6,7200,0.4,55,81.8,-11.65,0.16,0.71,-0.212,17.51
4.0,0.7,2.5,3.0,0.6,7200,0.8,55,81.8,-11.65,0.16,0.71,-0.212,17.51
4.0,0.7,2.5,3.0,0.6,14400,0.2,55,81.8,-11.65,0.16,0.71,-0.212,17.51
4.0,0.7,2.5,3.0,0.6,14400,0.4,55,81.8,-11.65,0.16,0.71,-0.212,17.51
4.0,0.7,2.5,3.0,0.6,14400,0.8,55,81.8,-11.65,0.16,0.71,-0.212,17.51
4.0,0.7,2.5,3.0,0.6,,0.4,55,81.8,-11.65,0.16,0.71,-0.212,17.51
4.0,0.7,2.5,3.0,0.8,2400,0.2,55,81.8,-11.65,0.16,0.71,-0.212,17.51
4.0,0.7,2.5,3.0,0.8,3600,0.2,55,81.8,-11.65,0.16,0.71,-0.212,17.51
4.0,0.7,2.5,3.0,0.8,3600,0.4,55,81.8,-11.65,0.16,0.71,-0.212,17.51
4.0,0.7,2.5,3.0,0.8,7200,0.2,55,81.8,-11.65,0.16,0.71,-0.212,17.51
4.0,0.7,2.5,3.0,0.8,7200,0.4,55,81.8,-11.65,0.16,0.71,-0.212,17.51
4.0,0.7,2.5,3.0,0.8,7200,0.8,55,81.8,-11.65,0.16,0.71,-0.212,17.51
4.0,0.7,2.5,3.0,0.8,14400,0.2,55,81.8,-11.65,0.16,0.71,-0.212,17.51
4.0,0.7,2.5,3.0,0.8,14400,0.4,55,81.8,-11.65,0.16,0.71,-0.212,17.51
4.0,0.7,2.5,3.0,0.8,14400,0.8,55,81.8,-11.65,0.16,0.71,-0.212,17.51
4.0,0.7,2.5,3.0,0.8,,0.4,55,81.8,-11.65,0.16,0.71,-0.212,17.51
4.0,0.7,2.5,4.5,0.4,2400,0.2,55,81.8,-11.65,0.16,0.71,-0.212,17.51
4.0,0.7,2.5,4.5,0.4,3600,0.2,55,81.8,-11.65,0.16,0.71,-0.212,17.51
4.0,0.7,2.5,4.5,0.4,3600,0.4,55,81.8,-11.65,0.16,0.71,-0.212,17.51
4.0,0.7,2.5,4.5,0.4,7200,0.2,55,81.8,-11.65,0.16,0.71,-0.212,17.51
4.0,0.7,2.5,4.5,0.4,7200,0.4,55,81.8,-11.65,0.16,0.71,-0.212,17.51
4.0,0.7,2.5,4.5,0.4,7200,0.8,55,81.8,-11.65,0.16,0.71,-0.212,17.51
4.0,0.7,2.5,4.5,0.4,14400,0.2,55,81.8,-11.65,0.16,0.71,-0.212,17.51
4.0,0.7,2.5,4.5,0.4,14400,0.4,55,81.8,-11.65,0.16,0.71,-0.212,17.51
4.0,0.7,2.5,4.5,0.4,14400,0.8,55,81.8,-11.65,0.16,0.71,-0.212,17.51
4.0,0.7,2.5,4.5,0.4,,0.4,55,81.8,-11.65,0.16,0.71,-0.212,17.51
4.0,0.7,2.5,4.5,0.6,2400,0.2,55,81.8,-11.65,0.16,0.71,-0.212,17.51
4.0,0.7,2.5,4.5,0.6,3600,0.2,55,81.8,-11.65,0.16,0.71,-0.212,17.51
4.0,0.7,2.5,4.5,0.6,3600,0.4,55,81.8,-11.65,0.16,0.71,-0.212,17.51
4.0,0.7,2.5,4.5,0.6,7200,0.2,55,81.8,-11.65,0.16,0.71,-0.212,17.51
4.0,0.7,2.5,4.5,0.6,7200,0.4,55,81.8,-11.65,0.16,0.71,-0.212,17.51
4.0,0.7,2.5,4.5,0.6,7200,0.8,55,81.8,-11.65,0.16,0.71,-0.212,17.51
4.0,0.7,2.5,4.5,0.6,14400,0.2,55,81.8,-11.65,0.16,0.71,-0.212,17.51
4.0,0.7,2.5,4.5,0.6,14400,0.4,55,81.8,-11.65,0.16,0.71,-0.212,17.51
4.0,0.7,2.5,4.5,0.6,14400,0.8,55,81.8,-11.65,0.16,0.71,-0.212,17.51
4.0,0.7,2.5,4.5,0.6,,0.4,55,81.8,-11.65,0.16,0.71,-0.212,17.51
4.0,0.7,2.5,4.5,0.8,2400,0.2,55,81.8,-11.65,0.16,0.71,-0.212,17.51
4.0,0.7,2.5,4.5,0.8,3600,0.2,55,81.8,-11.65,0.16,0.71,-0.212,17.51
4.0,0.7,2.5,4.5,0.8,3600,0.4,55,81.8,-11.65,0.16,0.71,-0.212,17.51
4.0,0.7,2.5,4.5,0.8,7200,0.2,55,81.8,-11.65,0.16,0.71,-0.212,17.51
4.0,0.7,2.5,4.5,0.8,7200,0.4,55,81.8,-11.65,0.16,0.71,-0.212,17.51
4.0,0.7,2.5,4.5,0.8,7200,0.8,55,81.8,-11.65,0.16,0.71,-0.212,17.51
4.0,0.7,2.5,4.5,0.8,14400,0.2,55,81.8,-11.65,0.16,0.71,-0.212,17.51
4.0,0.7,2.5,4.5,0.8,14400,0.4,55,81.8,-11.65,0.16,0.71,-0.212,17.51
4.0,0.7,2.5,4.5,0.8,14400,0.8,55,81.8,-11.65,0.16,0.71,-0.212,17.51
4.0,0.7,2.5,4.5,0.8,,0.4,55,81.8,-11.65,0.16,0.71,-0.212,17.51
2.0,1.5,2.5,3.0,0.8,2400,0.2,64,59.4,-13.65,0.5,0.74,-0.213,20.52
2.0,1.5,2.5,3.0,0.8,3600,0.2,64,59.4,-13.65,0.5,0.74,-0.213,20.52
2.0,1.5,2.5,3.0,0.8,3600,0.4,64,59.4,-13.65,0.5,0.74,-0.213,20.52
2.0,1.5,2.5,3.0,0.8,7200,0.2,64,59.4,-13.65,0.5,0.74,-0.213,20.52
2.0,1.5,2.5,3.0,0.8,7200,0.4,64,59.4,-13.65,0.5,0.74,-0.213,20.52
2.0,1.5,2.5,3.0,0.8,7200,0.8,64,59.4,-13.65,0.5,0.74,-0.213,20.52
2.0,1.5,2.5,3.0,0.8,14400,0.2,64,59.4,-13.65,0.5,0.74,-0.213,20.52
2.0,1.5,2.5,3.0,0.8,14400,0.4,64,59.4,-13.65,0.5,0.74,-0.213,20.52
2.0,1.5,2.5,3.0,0.8,14400,0.8,64,59.4,-13.65,0.5,0.74,-0.213,20.52
2.0,1.5,2.5,3.0,0.8,,0.4,64,59.4,-13.65,0.5,0.74,-0.213,20.52
2.0,1.5,2.5,4.5,0.8,2400,0.2,64,59.4,-13.65,0.5,0.74,-0.213,20.52
2.0,1.5,2.5,4.5,0.8,3600,0.2,64,59.4,-13.65,0.5,0.74,-0.213,20.52
2.0,1.5,2.5,4.5,0.8,3600,0.4,64,59.4,-13.65,0.5,0.74,-0.213,20.52
2.0,1.5,2.5,4.5,0.8,7200,0.2,64,59.4,-13.65,0.5,0.74,-0.213,20.52
2.0,1.5,2.5,4.5,0.8,7200,0.4,64,59.4,-13.65,0.5,0.74,-0.213,20.52
2.0,1.5,2.5,4.5,0.8,7200,0.8,64,59.4,-13.65,0.5,0.74,-0.213,20.52
2.0,1.5,2.5,4.5,0.8,14400,0.2,64,59.4,-13.65,0.5,0.74,-0.213,20.52
2.0,1.5,2.5,4.5,0.8,14400,0.4,64,59.4,-13.65,0.5,0.74,-0.213,20.52
2.0,1.5,2.5,4.5,0.8,14400,0.8,64,59.4,-13.65,0.5,0.74,-0.213,20.52
2.0,1.5,2.5,4.5,0.8,,0.4,64,59.4,-13.65,0.5,0.74,-0.213,20.52
3.0,0.7,2.5,3.0,0.4,2400,0.2,56,76.8,-11.91,0.21,0.69,-0.213,16.92
3.0,0.7,2.5,3.0,0.4,3600,0.2,56,76.8,-11.91,0.21,0.69,-0.213,16.92
3.0,0.7,2.5,3.0,0.4,3600,0.4,56,76.8,-11.91,0.21,0.69,-0.213,16.92
3.0,0.7,2.5,3.0,0.4,7200,0.2,56,76.8,-11.91,0.21,0.69,-0.213,16.92
3.0,0.7,2.5,3.0,0.4,7200,0.4,56,76.8,-11.91,0.21,0.69,-0.213,16.92
3.0,0.7,2.5,3.0,0.4,7200,0.8,56,76.8,-11.91,0.21,0.69,-0.213,16.92
3.0,0.7,2.5,3.0,0.4,14400,0.2,56,76.8,-11.91,0.21,0.69,-0.213,16.92
3.0,0.7,2.5,3.0,0.4,14400,0.4,56,76.8,-11.91,0.21,0.69,-0.213,16.92
3.0,0.7,2.5,3.0,0.4,14400,0.8,56,76.8,-11.91,0.21,0.69,-0.213,16.92
3.0,0.7,2.5,3.0,0.4,,0.4,56,76.8,-11.91,0.21,0.69,-0.213,16.92
3.0,0.7,2.5,3.0,0.6,2400,0.2,56,76.8,-11.91,0.21,0.69,-0.213,16.92
3.0,0.7,2.5,3.0,0.6,3600,0.2,56,76.8,-11.91,0.21,0.69,-0.213,16.92
3.0,0.7,2.5,3.0,0.6,3600,0.4,56,76.8,-11.91,0.21,0.69,-0.213,16.92
3.0,0.7,2.5,3.0,0.6,7200,0.2,56,76.8,-11.91,0.21,0.69,-0.213,16.92
3.0,0.7,2.5,3.0,0.6,7200,0.4,56,76.8,-11.91,0.21,0.69,-0.213,16.92
3.0,0.7,2.5,3.0,0.6,7200,0.8,56,76.8,-11.91,0.21,0.69,-0.213,16.92
3.0,0.7,2.5,3.0,0.6,14400,0.2,56,76.8,-11.91,0.21,0.69,-0.213,16.92
3.0,0.7,2.5,3.0,0.6,14400,0.4,56,76.8,-11.91,0.21,0.69,-0.213,16.92
3.0,0.7,2.5,3.0,0.6,14400,0.8,56,76.8,-11.91,0.21,0.69,-0.213,16.92
3.0,0.7,2.5,3.0,0.6,,0.4,56,76.8,-11.91,0.21,0.69,-0.213,16.92
3.0,0.7,2.5,3.0,0.8,2400,0.2,56,76.8,-11.91,0.21,0.69,-0.213,16.92
3.0,0.7,2.5,3.0,0.8,3600,0.2,56,76.8,-11.91,0.21,0.69,-0.213,16.92
3.0,0.7,2.5,3.0,0.8,3600,0.4,56,76.8,-11.91,0.21,0.69,-0.213,16.92
3.0,0.7,2.5,3.0,0.8,7200,0.2,56,76.8,-11.91,0.21,0.69,-0.213,16.92
3.0,0.7,2.5,3.0,0.8,7200,0.4,56,76.8,-11.91,0.21,0.69,-0.213,16.92
3.0,0.7,2.5,3.0,0.8,7200,0.8,56,76.8,-11.91,0.21,0.69,-0.213,16.92
3.0,0.7,2.5,3.0,0.8,14400,0.2,56,76.8,-11.91,0.21,0.69,-0.213,16.92
3.0,0.7,2.5,3.0,0.8,14400,0.4,56,76.8,-11.91,0.21,0.69,-0.213,16.92
3.0,0.7,2.5,3.0,0.8,14400,0.8,56,76.8,-11.91,0.21,0.69,-0.213,16.92
3.0,0.7,2.5,3.0,0.8,,0.4,56,76.8,-11.91,0.21,0.69,-0.213,16.92
3.0,0.7,2.5,4.5,0.4,2400,0.2,56,76.8,-11.91,0.21,0.69,-0.213,16.92
3.0,0.7,2.5,4.5,0.4,3600,0.2,56,76.8,-11.91,0.21,0.69,-0.213,16.92
3.0,0.7,2.5,4.5,0.4,3600,0.4,56,76.8,-11.91,0.21,0.69,-0.213,16.92
3.0,0.7,2.5,4.5,0.4,7200,0.2,56,76.8,-11.91,0.21,0.69,-0.213,16.92
3.0,0.7,2.5,4.5,0.4,7200,0.4,56,76.8,-11.91,0.21,0.69,-0.213,16.92
3.0,0.7,2.5,4.5,0.4,7200,0.8,56,76.8,-11.91,0.21,0.69,-0.213,16.92
3.0,0.7,2.5,4.5,0.4,14400,0.2,56,76.8,-11.91,0.21,0.69,-0.213,16.92
3.0,0.7,2.5,4.5,0.4,14400,0.4,56,76.8,-11.91,0.21,0.69,-0.213,16.92
3.0,0.7,2.5,4.5,0.4,14400,0.8,56,76.8,-11.91,0.21,0.69,-0.213,16.92
3.0,0.7,2.5,4.5,0.4,,0.4,56,76.8,-11.91,0.21,0.69,-0.213,16.92
3.0,0.7,2.5,4.5,0.6,2400,0.2,56,76.8,-11.91,0.21,0.69,-0.213,16.92
3.0,0.7,2.5,4.5,0.6,3600,0.2,56,76.8,-11.91,0.21,0.69,-0.213,16.92
3.0,0.7,2.5,4.5,0.6,3600,0.4,56,76.8,-11.91,0.21,0.69,-0.213,16.92
3.0,0.7,2.5,4.5,0.6,7200,0.2,56,76.8,-11.91,0.21,0.69,-0.213,16.92
3.0,0.7,2.5,4.5,0.6,7200,0.4,56,76.8,-11.91,0.21,0.69,-0.213,16.92
3.0,0.7,2.5,4.5,0.6,7200,0.8,56,76.8,-11.91,0.21,0.69,-0.213,16.92
3.0,0.7,2.5,4.5,0.6,14400,0.2,56,76.8,-11.91,0.21,0.69,-0.213,16.92
3.0,0.7,2.5,4.5,0.6,14400,0.4,56,76.8,-11.91,0.21,0.69,-0.213,16.92
3.0,0.7,2.5,4.5,0.6,14400,0.8,56,76.8,-11.91,0.21,0.69,-0.213,16.92
3.0,0.7,2.5,4.5,0.6,,0.4,56,76.8,-11.91,0.21,0.69,-0.213,16.92
3.0,0.7,2.5,4.5,0.8,2400,0.2,56,76.8,-11.91,0.21,0.69,-0.213,16.92
3.0,0.7,2.5,4.5,0.8,3600,0.2,56,76.8,-11.91,0.21,0.69,-0.213,16.92
3.0,0.7,2.5,4.5,0.8,3600,0.4,56,76.8,-11.91,0.21,0.69,-0.213,16.92
3.0,0.7,2.5,4.5,0.8,7200,0.2,56,76.8,-11.91,0.21,0.69,-0.213,16.92
3.0,0.7,2.5,4.5,0.8,7200,0.4,56,76.8,-11.91,0.21,0.69,-0.213,16.92
3.0,0.7,2.5,4.5,0.8,7200,0.8,56,76.8,-11.91,0.21,0.69,-0.213,16.92
3.0,0.7,2.5,4.5,0.8,14400,0.2,56,76.8,-11.91,0.21,0.69,-0.213,16.92
3.0,0.7,2.5,4.5,0.8,14400,0.4,56,76.8,-11.91,0.21,0.69,-0.213,16.92
3.0,0.7,2.5,4.5,0.8,14400,0.8,56,76.8,-11.91,0.21,0.69,-0.213,16.92
3.0,0.7,2.5,4.5,0.8,,0.4,56,76.8,-11.91,0.21,0.69,-0.213,16.92
2.0,1.0,2.5,3.0,0.4,3600,0.8,68,60.3,-14.85,0.46,0.69,-0.218,20.54
2.0,1.0,2.5,3.0,0.6,3600,0.8,68,60.3,-14.85,0.46,0.69,-0.218,20.54
2.0,1.0,2.5,3.0,0.8,3600,0.8,68,60.3,-14.85,0.46,0.69,-0.218,20.54
2.0,1.0,2.5,4.5,0.4,3600,0.8,68,60.3,-14.85,0.46,0.69,-0.218,20.54
2.0,1.0,2.5,4.5,0.6,3600,0.8,68,60.3,-14.85,0.46,0.69,-0.218,20.54
2.0,1.0,2.5,4.5,0.8,3600,0.8,68,60.3,-14.85,0.46,0.69,-0.218,20.54
2.0,1.0,2.5,3.0,0.4,2400,0.4,66,60.6,-16.61,0.44,0.68,-0.252,22.0
2.0,1.0,2.5,3.0,0.6,2400,0.4,66,60.6,-16.61,0.44,0.68,-0.252,22.0
2.0,1.0,2.5,3.0,0.8,2400,0.4,66,60.6,-16.61,0.44,0.68,-0.252,22.0
2.0,1.0,2.5,4.5,0.4,2400,0.4,66,60.6,-16.61,0.44,0.68,-0.252,22.0
2.0,1.0,2.5,4.5,0.6,2400,0.4,66,60.6,-16.61,0.44,0.68,-0.252,22.0
2.0,1.0,2.5,4.5,0.8,2400,0.4,66,60.6,-16.61,0.44,0.68,-0.252,22.0
2.0,1.0,2.5,3.0,0.4,1200,0.2,66,59.1,-17.07,0.47,0.67,-0.259,22.0
2.0,1.0,2.5,3.0,0.6,1200,0.2,66,59.1,-17.07,0.47,0.67,-0.259,22.0
2.0,1.0,2.5,3.0,0.8,1200,0.2,66,59.1,-17.07,0.47,0.67,-0.259,22.0
2.0,1.0,2.5,4.5,0.4,1200,0.2,66,59.1,-17.07,0.47,0.67,-0.259,22.0
2.0,1.0,2.5,4.5,0.6,1200,0.2,66,59.1,-17.07,0.47,0.67,-0.259,22.0
2.0,1.0,2.5,4.5,0.8,1200,0.2,66,59.1,-17.07,0.47,0.67,-0.259,22.0
2.0,1.0,2.5,3.0,0.4,2400,0.2,65,60.0,-16.9,0.45,0.67,-0.26,22.0
2.0,1.0,2.5,3.0,0.4,3600,0.2,65,60.0,-16.9,0.45,0.67,-0.26,22.0
2.0,1.0,2.5,3.0,0.4,3600,0.4,65,60.0,-16.9,0.45,0.67,-0.26,22.0
2.0,1.0,2.5,3.0,0.4,7200,0.2,65,60.0,-16.9,0.45,0.67,-0.26,22.0
2.0,1.0,2.5,3.0,0.4,7200,0.4,65,60.0,-16.9,0.45,0.67,-0.26,22.0
2.0,1.0,2.5,3.0,0.4,7200,0.8,65,60.0,-16.9,0.45,0.67,-0.26,22.0
2.0,1.0,2.5,3.0,0.4,14400,0.2,65,60.0,-16.9,0.45,0.67,-0.26,22.0
2.0,1.0,2.5,3.0,0.4,14400,0.4,65,60.0,-16.9,0.45,0.67,-0.26,22.0
2.0,1.0,2.5,3.0,0.4,14400,0.8,65,60.0,-16.9,0.45,0.67,-0.26,22.0
2.0,1.0,2.5,3.0,0.4,,0.4,65,60.0,-16.9,0.45,0.67,-0.26,22.0
2.0,1.0,2.5,3.0,0.6,2400,0.2,65,60.0,-16.9,0.45,0.67,-0.26,22.0
2.0,1.0,2.5,3.0,0.6,3600,0.2,65,60.0,-16.9,0.45,0.67,-0.26,22.0
2.0,1.0,2.5,3.0,0.6,3600,0.4,65,60.0,-16.9,0.45,0.67,-0.26,22.0
2.0,1.0,2.5,3.0,0.6,7200,0.2,65,60.0,-16.9,0.45,0.67,-0.26,22.0
2.0,1.0,2.5,3.0,0.6,7200,0.4,65,60.0,-16.9,0.45,0.67,-0.26,22.0
2.0,1.0,2.5,3.0,0.6,7200,0.8,65,60.0,-16.9,0.45,0.67,-0.26,22.0
2.0,1.0,2.5,3.0,0.6,14400,0.2,65,60.0,-16.9,0.45,0.67,-0.26,22.0
2.0,1.0,2.5,3.0,0.6,14400,0.4,65,60.0,-16.9,0.45,0.67,-0.26,22.0
2.0,1.0,2.5,3.0,0.6,14400,0.8,65,60.0,-16.9,0.45,0.67,-0.26,22.0
2.0,1.0,2.5,3.0,0.6,,0.4,65,60.0,-16.9,0.45,0.67,-0.26,22.0
2.0,1.0,2.5,3.0,0.8,2400,0.2,65,60.0,-16.9,0.45,0.67,-0.26,22.0
2.0,1.0,2.5,3.0,0.8,3600,0.2,65,60.0,-16.9,0.45,0.67,-0.26,22.0
2.0,1.0,2.5,3.0,0.8,3600,0.4,65,60.0,-16.9,0.45,0.67,-0.26,22.0
2.0,1.0,2.5,3.0,0.8,7200,0.2,65,60.0,-16.9,0.45,0.67,-0.26,22.0
2.0,1.0,2.5,3.0,0.8,7200,0.4,65,60.0,-16.9,0.45,0.67,-0.26,22.0
2.0,1.0,2.5,3.0,0.8,7200,0.8,65,60.0,-16.9,0.45,0.67,-0.26,22.0
2.0,1.0,2.5,3.0,0.8,14400,0.2,65,60.0,-16.9,0.45,0.67,-0.26,22.0
2.0,1.0,2.5,3.0,0.8,14400,0.4,65,60.0,-16.9,0.45,0.67,-0.26,22.0
2.0,1.0,2.5,3.0,0.8,14400,0.8,65,60.0,-16.9,0.45,0.67,-0.26,22.0
2.0,1.0,2.5,3.0,0.8,,0.4,65,60.0,-16.9,0.45,0.67,-0.26,22.0
2.0,1.0,2.5,4.5,0.4,2400,0.2,65,60.0,-16.9,0.45,0.67,-0.26,22.0
2.0,1.0,2.5,4.5,0.4,3600,0.2,65,60.0,-16.9,0.45,0.67,-0.26,22.0
2.0,1.0,2.5,4.5,0.4,3600,0.4,65,60.0,-16.9,0.45,0.67,-0.26,22.0
2.0,1.0,2.5,4.5,0.4,7200,0.2,65,60.0,-16.9,0.45,0.67,-0.26,22.0
2.0,1.0,2.5,4.5,0.4,7200,0.4,65,60.0,-16.9,0.45,0.67,-0.26,22.0
2.0,1.0,2.5,4.5,0.4,7200,0.8,65,60.0,-16.9,0.45,0.67,-0.26,22.0
2.0,1.0,2.5,4.5,0.4,14400,0.2,65,60.0,-16.9,0.45,0.67,-0.26,22.0
2.0,1.0,2.5,4.5,0.4,14400,0.4,65,60.0,-16.9,0.45,0.67,-0.26,22.0
2.0,1.0,2.5,4.5,0.4,14400,0.8,65,60.0,-16.9,0.45,0.67,-0.26,22.0
2.0,1.0,2.5,4.5,0.4,,0.4,65,60.0,-16.9,0.45,0.67,-0.26,22.0
2.0,1.0,2.5,4.5,0.6,2400,0.2,65,60.0,-16.9,0.45,0.67,-0.26,22.0
2.0,1.0,2.5,4.5,0.6,3600,0.2,65,60.0,-16.9,0.45,0.67,-0.26,22.0
2.0,1.0,2.5,4.5,0.6,3600,0.4,65,60.0,-16.9,0.45,0.67,-0.26,22.0
2.0,1.0,2.5,4.5,0.6,7200,0.2,65,60.0,-16.9,0.45,0.67,-0.26,22.0
2.0,1.0,2.5,4.5,0.6,7200,0.4,65,60.0,-16.9,0.45,0.67,-0.26,22.0
2.0,1.0,2.5,4.5,0.6,7200,0.8,65,60.0,-16.9,0.45,0.67,-0.26,22.0
2.0,1.0,2.5,4.5,0.6,14400,0.2,65,60.0,-16.9,0.45,0.67,-0.26,22.0
2.0,1.0,2.5,4.5,0.6,14400,0.4,65,60.0,-16.9,0.45,0.67,-0.26,22.0
2.0,1.0,2.5,4.5,0.6,14400,0.8,65,60.0,-16.9,0.45,0.67,-0.26,22.0
2.0,1.0,2.5,4.5,0.6,,0.4,65,60.0,-16.9,0.45,0.67,-0.26,22.0
2.0,1.0,2.5,4.5,0.8,2400,0.2,65,60.0,-16.9,0.45,0.67,-0.26,22.0
2.0,1.0,2.5,4.5,0.8,3600,0.2,65,60.0,-16.9,0.45,0.67,-0.26,22.0
2.0,1.0,2.5,4.5,0.8,3600,0.4,65,60.0,-16.9,0.45,0.67,-0.26,22.0
2.0,1.0,2.5,4.5,0.8,7200,0.2,65,60.0,-16.9,0.45,0.67,-0.26,22.0
2.0,1.0,2.5,4.5,0.8,7200,0.4,65,60.0,-16.9,0.45,0.67,-0.26,22.0
2.0,1.0,2.5,4.5,0.8,7200,0.8,65,60.0,-16.9,0.45,0.67,-0.26,22.0
2.0,1.0,2.5,4.5,0.8,14400,0.2,65,60.0,-16.9,0.45,0.67,-0.26,22.0
2.0,1.0,2.5,4.5,0.8,14400,0.4,65,60.0,-16.9,0.45,0.67,-0.26,22.0
2.0,1.0,2.5,4.5,0.8,14400,0.8,65,60.0,-16.9,0.45,0.67,-0.26,22.0
2.0,1.0,2.5,4.5,0.8,,0.4,65,60.0,-16.9,0.45,0.67,-0.26,22.0
