stop_loss_pct,level_1_pct,level_2_pct,level_3_pct,trail_callback,time_stop_seconds,time_stop_no_movement_pct,trades,win_rate,total_pnl_pct,payoff,profit_factor,expectancy_pct,max_dd_pct
5.0,1.5,2.5,3.0,0.4,3600,0.2,123,89.4,49.4,0.21,1.76,0.402,14.81
5.0,1.5,2.5,3.0,0.4,7200,0.2,123,89.4,49.4,0.21,1.76,0.402,14.81
5.0,1.5,2.5,3.0,0.4,7200,0.4,123,89.4,49.4,0.21,1.76,0.402,14.81
5.0,1.5,2.5,3.0,0.4,14400,0.2,123,89.4,49.4,0.21,1.76,0.402,14.81
5.0,1.5,2.5,3.0,0.4,14400,0.4,123,89.4,49.4,0.21,1.76,0.402,14.81
5.0,1.5,2.5,3.0,0.4,,0.4,123,89.4,49.4,0.21,1.76,0.402,14.81
5.0,1.5,2.5,4.5,0.4,3600,0.2,123,89.4,49.4,0.21,1.76,0.402,14.81
5.0,1.5,2.5,4.5,0.4,7200,0.2,123,89.4,49.4,0.21,1.76,0.402,14.81
5.0,1.5,2.5,4.5,0.4,7200,0.4,123,89.4,49.4,0.21,1.76,0.402,14.81
5.0,1.5,2.5,4.5,0.4,14400,0.2,123,89.4,49.4,0.21,1.76,0.402,14.81
5.0,1.5,2.5,4.5,0.4,14400,0.4,123,89.4,49.4,0.21,1.76,0.402,14.81
5.0,1.5,2.5,4.5,0.4,,0.4,123,89.4,49.4,0.21,1.76,0.402,14.81
5.0,1.5,2.5,3.0,0.4,2400,0.2,123,89.4,48.61,0.21,1.75,0.395,15.54
5.0,1.5,2.5,4.5,0.4,2400,0.2,123,89.4,48.61,0.21,1.75,0.395,15.54
5.0,1.5,2.5,3.0,0.4,3600,0.4,124,88.7,47.96,0.22,1.73,0.387,15.44
5.0,1.5,2.5,4.5,0.4,3600,0.4,124,88.7,47.96,0.22,1.73,0.387,15.44
5.0,1.5,2.5,3.0,0.4,7200,0.8,134,86.6,51.74,0.29,1.84,0.386,17.66
5.0,1.5,2.5,4.5,0.4,7200,0.8,134,86.6,51.74,0.29,1.84,0.386,17.66
5.0,1.5,2.5,3.0,0.4,1200,0.2,124,85.5,45.14,0.29,1.69,0.364,17.63
5.0,1.5,2.5,4.5,0.4,1200,0.2,124,85.5,45.14,0.29,1.69,0.364,17.63
5.0,1.5,2.5,3.0,0.6,3600,0.2,123,89.4,43.61,0.2,1.67,0.355,14.67
5.0,1.5,2.5,3.0,0.6,7200,0.2,123,89.4,43.61,0.2,1.67,0.355,14.67
5.0,1.5,2.5,3.0,0.6,7200,0.4,123,89.4,43.61,0.2,1.67,0.355,14.67
5.0,1.5,2.5,3.0,0.6,14400,0.2,123,89.4,43.61,0.2,1.67,0.355,14.67
5.0,1.5,2.5,3.0,0.6,14400,0.4,123,89.4,43.61,0.2,1.67,0.355,14.67
5.0,1.5,2.5,3.0,0.6,,0.4,123,89.4,43.61,0.2,1.67,0.355,14.67
5.0,1.5,2.5,4.5,0.6,3600,0.2,123,89.4,43.61,0.2,1.67,0.355,14.67
5.0,1.5,2.5,4.5,0.6,7200,0.2,123,89.4,43.61,0.2,1.67,0.355,14.67
5.0,1.5,2.5,4.5,0.6,7200,0.4,123,89.4,43.61,0.2,1.67,0.355,14.67
5.0,1.5,2.5,4.5,0.6,14400,0.2,123,89.4,43.61,0.2,1.67,0.355,14.67
5.0,1.5,2.5,4.5,0.6,14400,0.4,123,89.4,43.61,0.2,1.67,0.355,14.67
5.0,1.5,2.5,4.5,0.6,,0.4,123,89.4,43.61,0.2,1.67,0.355,14.67
5.0,1.5,2.5,3.0,0.4,2400,0.4,126,86.5,44.27,0.26,1.68,0.351,16.9
5.0,1.5,2.5,4.5,0.4,2400,0.4,126,86.5,44.27,0.26,1.68,0.351,16.9
5.0,1.5,2.5,3.0,0.6,2400,0.2,123,89.4,43.02,0.2,1.66,0.35,14.94
5.0,1.5,2.5,3.0,0.8,3600,0.2,123,89.4,43.0,0.2,1.66,0.35,13.87
5.0,1.5,2.5,3.0,0.8,7200,0.2,123,89.4,43.0,0.2,1.66,0.35,13.87
5.0,1.5,2.5,3.0,0.8,7200,0.4,123,89.4,43.0,0.2,1.66,0.35,13.87
5.0,1.5,2.5,3.0,0.8,14400,0.2,123,89.4,43.0,0.2,1.66,0.35,13.87
5.0,1.5,2.5,3.0,0.8,14400,0.4,123,89.4,43.0,0.2,1.66,0.35,13.87
5.0,1.5,2.5,3.0,0.8,,0.4,123,89.4,43.0,0.2,1.66,0.35,13.87
5.0,1.5,2.5,4.5,0.6,2400,0.2,123,89.4,43.02,0.2,1.66,0.35,14.94
5.0,1.5,2.5,4.5,0.8,3600,0.2,123,89.4,43.0,0.2,1.66,0.35,13.87
5.0,1.5,2.5,4.5,0.8,7200,0.2,123,89.4,43.0,0.2,1.66,0.35,13.87
5.0,1.5,2.5,4.5,0.8,7200,0.4,123,89.4,43.0,0.2,1.66,0.35,13.87
5.0,1.5,2.5,4.5,0.8,14400,0.2,123,89.4,43.0,0.2,1.66,0.35,13.87
5.0,1.5,2.5,4.5,0.8,14400,0.4,123,89.4,43.0,0.2,1.66,0.35,13.87
5.0,1.5,2.5,4.5,0.8,,0.4,123,89.4,43.0,0.2,1.66,0.35,13.87
5.0,1.5,2.5,3.0,0.4,14400,0.8,125,85.6,43.56,0.28,1.65,0.348,18.15
5.0,1.5,2.5,4.5,0.4,14400,0.8,125,85.6,43.56,0.28,1.65,0.348,18.15
5.0,1.5,2.5,3.0,0.6,7200,0.8,134,86.6,46.54,0.27,1.76,0.347,17.59
5.0,1.5,2.5,4.5,0.6,7200,0.8,134,86.6,46.54,0.27,1.76,0.347,17.59
5.0,1.5,2.5,3.0,0.8,2400,0.2,123,89.4,42.61,0.2,1.66,0.346,14.26
5.0,1.5,2.5,4.5,0.8,2400,0.2,123,89.4,42.61,0.2,1.66,0.346,14.26
5.0,1.5,2.5,3.0,0.6,3600,0.4,124,88.7,42.77,0.21,1.66,0.345,14.84
5.0,1.5,2.5,4.5,0.6,3600,0.4,124,88.7,42.77,0.21,1.66,0.345,14.84
5.0,1.0,1.5,3.0,0.4,3600,0.2,123,89.4,42.1,0.19,1.65,0.342,15.15
5.0,1.0,1.5,3.0,0.4,7200,0.2,123,89.4,42.1,0.19,1.65,0.342,15.15
5.0,1.0,1.5,3.0,0.4,7200,0.4,123,89.4,42.1,0.19,1.65,0.342,15.15
5.0,1.0,1.5,3.0,0.4,14400,0.2,123,89.4,42.1,0.19,1.65,0.342,15.15
5.0,1.0,1.5,3.0,0.4,14400,0.4,123,89.4,42.1,0.19,1.65,0.342,15.15
5.0,1.0,1.5,3.0,0.4,,0.4,123,89.4,42.1,0.19,1.65,0.342,15.15
5.0,1.0,1.5,3.0,0.6,3600,0.2,123,89.4,42.1,0.19,1.65,0.342,15.15
5.0,1.0,1.5,3.0,0.6,7200,0.2,123,89.4,42.1,0.19,1.65,0.342,15.15
5.0,1.0,1.5,3.0,0.6,7200,0.4,123,89.4,42.1,0.19,1.65,0.342,15.15
5.0,1.0,1.5,3.0,0.6,14400,0.2,123,89.4,42.1,0.19,1.65,0.342,15.15
5.0,1.0,1.5,3.0,0.6,14400,0.4,123,89.4,42.1,0.19,1.65,0.342,15.15
5.0,1.0,1.5,3.0,0.6,,0.4,123,89.4,42.1,0.19,1.65,0.342,15.15
5.0,1.0,1.5,3.0,0.8,3600,0.2,123,89.4,42.1,0.19,1.65,0.342,15.15
5.0,1.0,1.5,3.0,0.8,7200,0.2,123,89.4,42.1,0.19,1.65,0.342,15.15
5.0,1.0,1.5,3.0,0.8,7200,0.4,123,89.4,42.1,0.19,1.65,0.342,15.15
5.0,1.0,1.5,3.0,0.8,14400,0.2,123,89.4,42.1,0.19,1.65,0.342,15.15
5.0,1.0,1.5,3.0,0.8,14400,0.4,123,89.4,42.1,0.19,1.65,0.342,15.15
5.0,1.0,1.5,3.0,0.8,,0.4,123,89.4,42.1,0.19,1.65,0.342,15.15
5.0,1.0,1.5,4.5,0.4,3600,0.2,123,89.4,42.1,0.19,1.65,0.342,15.15
5.0,1.0,1.5,4.5,0.4,7200,0.2,123,89.4,42.1,0.19,1.65,0.342,15.15
5.0,1.0,1.5,4.5,0.4,7200,0.4,123,89.4,42.1,0.19,1.65,0.342,15.15
5.0,1.0,1.5,4.5,0.4,14400,0.2,123,89.4,42.1,0.19,1.65,0.342,15.15
5.0,1.0,1.5,4.5,0.4,14400,0.4,123,89.4,42.1,0.19,1.65,0.342,15.15
5.0,1.0,1.5,4.5,0.4,,0.4,123,89.4,42.1,0.19,1.65,0.342,15.15
5.0,1.0,1.5,4.5,0.6,3600,0.2,123,89.4,42.1,0.19,1.65,0.342,15.15
5.0,1.0,1.5,4.5,0.6,7200,0.2,123,89.4,42.1,0.19,1.65,0.342,15.15
5.0,1.0,1.5,4.5,0.6,7200,0.4,123,89.4,42.1,0.19,1.65,0.342,15.15
5.0,1.0,1.5,4.5,0.6,14400,0.2,123,89.4,42.1,0.19,1.65,0.342,15.15
5.0,1.0,1.5,4.5,0.6,14400,0.4,123,89.4,42.1,0.19,1.65,0.342,15.15
5.0,1.0,1.5,4.5,0.6,,0.4,123,89.4,42.1,0.19,1.65,0.342,15.15
5.0,1.0,1.5,4.5,0.8,3600,0.2,123,89.4,42.1,0.19,1.65,0.342,15.15
5.0,1.0,1.5,4.5,0.8,7200,0.2,123,89.4,42.1,0.19,1.65,0.342,15.15
5.0,1.0,1.5,4.5,0.8,7200,0.4,123,89.4,42.1,0.19,1.65,0.342,15.15
5.0,1.0,1.5,4.5,0.8,14400,0.2,123,89.4,42.1,0.19,1.65,0.342,15.15
5.0,1.0,1.5,4.5,0.8,14400,0.4,123,89.4,42.1,0.19,1.65,0.342,15.15
5.0,1.0,1.5,4.5,0.8,,0.4,123,89.4,42.1,0.19,1.65,0.342,15.15
5.0,1.5,2.5,3.0,0.8,3600,0.4,124,88.7,42.1,0.21,1.65,0.34,14.16
5.0,1.5,2.5,4.5,0.8,3600,0.4,124,88.7,42.1,0.21,1.65,0.34,14.16
5.0,1.5,2.5,3.0,0.8,7200,0.8,134,87.3,45.36,0.25,1.74,0.339,18.19
5.0,1.5,2.5,4.5,0.8,7200,0.8,134,87.3,45.36,0.25,1.74,0.339,18.19
5.0,1.0,1.5,3.0,0.4,2400,0.2,123,89.4,41.4,0.19,1.64,0.337,15.85
5.0,1.0,1.5,3.0,0.6,2400,0.2,123,89.4,41.4,0.19,1.64,0.337,15.85
5.0,1.0,1.5,3.0,0.8,2400,0.2,123,89.4,41.4,0.19,1.64,0.337,15.85
5.0,1.0,1.5,4.5,0.4,2400,0.2,123,89.4,41.4,0.19,1.64,0.337,15.85
5.0,1.0,1.5,4.5,0.6,2400,0.2,123,89.4,41.4,0.19,1.64,0.337,15.85
5.0,1.0,1.5,4.5,0.8,2400,0.2,123,89.4,41.4,0.19,1.64,0.337,15.85
5.0,1.0,1.5,3.0,0.4,7200,0.8,134,86.6,44.16,0.27,1.72,0.33,18.61
5.0,1.0,1.5,3.0,0.6,7200,0.8,134,86.6,44.16,0.27,1.72,0.33,18.61
5.0,1.0,1.5,3.0,0.8,7200,0.8,134,86.6,44.16,0.27,1.72,0.33,18.61
5.0,1.0,1.5,4.5,0.4,7200,0.8,134,86.6,44.16,0.27,1.72,0.33,18.61
5.0,1.0,1.5,4.5,0.6,7200,0.8,134,86.6,44.16,0.27,1.72,0.33,18.61
5.0,1.0,1.5,4.5,0.8,7200,0.8,134,86.6,44.16,0.27,1.72,0.33,18.61
5.0,1.0,1.5,3.0,0.4,3600,0.4,124,88.7,40.51,0.21,1.62,0.327,15.75
5.0,1.0,1.5,3.0,0.6,3600,0.4,124,88.7,40.51,0.21,1.62,0.327,15.75
5.0,1.0,1.5,3.0,0.8,3600,0.4,124,88.7,40.51,0.21,1.62,0.327,15.75
5.0,1.0,1.5,4.5,0.4,3600,0.4,124,88.7,40.51,0.21,1.62,0.327,15.75
5.0,1.0,1.5,4.5,0.6,3600,0.4,124,88.7,40.51,0.21,1.62,0.327,15.75
5.0,1.0,1.5,4.5,0.8,3600,0.4,124,88.7,40.51,0.21,1.62,0.327,15.75
5.0,1.5,2.5,3.0,0.6,2400,0.4,126,86.5,40.28,0.25,1.62,0.32,15.5
5.0,1.5,2.5,3.0,0.8,1200,0.2,124,85.5,39.68,0.27,1.61,0.32,16.61
5.0,1.5,2.5,4.5,0.6,2400,0.4,126,86.5,40.28,0.25,1.62,0.32,15.5
5.0,1.5,2.5,4.5,0.8,1200,0.2,124,85.5,39.68,0.27,1.61,0.32,16.61
5.0,1.5,2.5,3.0,0.6,1200,0.2,124,85.5,39.49,0.27,1.6,0.318,17.49
5.0,1.5,2.5,4.5,0.6,1200,0.2,124,85.5,39.49,0.27,1.6,0.318,17.49
5.0,1.0,1.5,3.0,0.4,1200,0.2,124,85.5,37.43,0.27,1.57,0.302,18.04
5.0,1.0,1.5,3.0,0.6,1200,0.2,124,85.5,37.43,0.27,1.57,0.302,18.04
5.0,1.0,1.5,3.0,0.8,1200,0.2,124,85.5,37.43,0.27,1.57,0.302,18.04
5.0,1.0,1.5,4.5,0.4,1200,0.2,124,85.5,37.43,0.27,1.57,0.302,18.04
5.0,1.0,1.5,4.5,0.6,1200,0.2,124,85.5,37.43,0.27,1.57,0.302,18.04
5.0,1.0,1.5,4.5,0.8,1200,0.2,124,85.5,37.43,0.27,1.57,0.302,18.04
5.0,1.5,2.5,3.0,0.6,14400,0.8,125,85.6,37.7,0.26,1.56,0.302,18.22
5.0,1.5,2.5,4.5,0.6,14400,0.8,125,85.6,37.7,0.26,1.56,0.302,18.22
5.0,1.5,2.5,3.0,0.4,2400,0.8,189,69.3,56.43,0.93,2.09,0.299,9.78
5.0,1.5,2.5,4.5,0.4,2400,0.8,189,69.3,56.43,0.93,2.09,0.299,9.78
5.0,1.5,2.5,3.0,0.8,2400,0.8,187,69.5,55.44,0.91,2.07,0.296,10.39
5.0,1.5,2.5,4.5,0.8,2400,0.8,187,69.5,55.44,0.91,2.07,0.296,10.39
5.0,1.5,2.5,3.0,0.8,14400,0.8,125,86.4,36.82,0.24,1.55,0.295,18.64
5.0,1.5,2.5,4.5,0.8,14400,0.8,125,86.4,36.82,0.24,1.55,0.295,18.64
5.0,1.0,1.5,3.0,0.4,14400,0.8,125,85.6,36.77,0.26,1.55,0.294,18.72
5.0,1.0,1.5,3.0,0.6,14400,0.8,125,85.6,36.77,0.26,1.55,0.294,18.72
5.0,1.0,1.5,3.0,0.8,14400,0.8,125,85.6,36.77,0.26,1.55,0.294,18.72
5.0,1.0,1.5,4.5,0.4,14400,0.8,125,85.6,36.77,0.26,1.55,0.294,18.72
5.0,1.0,1.5,4.5,0.6,14400,0.8,125,85.6,36.77,0.26,1.55,0.294,18.72
5.0,1.0,1.5,4.5,0.8,14400,0.8,125,85.6,36.77,0.26,1.55,0.294,18.72
5.0,1.5,2.5,3.0,0.6,2400,0.8,189,69.3,55.45,0.92,2.07,0.293,10.18
5.0,1.5,2.5,3.0,0.8,2400,0.4,126,85.7,36.9,0.26,1.56,0.293,16.1
5.0,1.5,2.5,4.5,0.6,2400,0.8,189,69.3,55.45,0.92,2.07,0.293,10.18
5.0,1.5,2.5,4.5,0.8,2400,0.4,126,85.7,36.9,0.26,1.56,0.293,16.1
5.0,1.5,2.5,3.0,0.4,3600,0.8,166,74.7,47.78,0.61,1.81,0.288,10.52
5.0,1.5,2.5,4.5,0.4,3600,0.8,166,74.7,47.78,0.61,1.81,0.288,10.52
5.0,1.0,1.5,3.0,0.4,2400,0.4,126,86.5,36.15,0.24,1.55,0.287,18.18
5.0,1.0,1.5,3.0,0.6,2400,0.4,126,86.5,36.15,0.24,1.55,0.287,18.18
5.0,1.0,1.5,3.0,0.8,2400,0.4,126,86.5,36.15,0.24,1.55,0.287,18.18
5.0,1.0,1.5,4.5,0.4,2400,0.4,126,86.5,36.15,0.24,1.55,0.287,18.18
5.0,1.0,1.5,4.5,0.6,2400,0.4,126,86.5,36.15,0.24,1.55,0.287,18.18
5.0,1.0,1.5,4.5,0.8,2400,0.4,126,86.5,36.15,0.24,1.55,0.287,18.18
5.0,1.0,2.5,3.0,0.4,3600,0.2,123,89.4,34.0,0.18,1.52,0.276,15.6
5.0,1.0,2.5,3.0,0.4,7200,0.2,123,89.4,34.0,0.18,1.52,0.276,15.6
5.0,1.0,2.5,3.0,0.4,7200,0.4,123,89.4,34.0,0.18,1.52,0.276,15.6
5.0,1.0,2.5,3.0,0.4,14400,0.2,123,89.4,34.0,0.18,1.52,0.276,15.6
5.0,1.0,2.5,3.0,0.4,14400,0.4,123,89.4,34.0,0.18,1.52,0.276,15.6
5.0,1.0,2.5,3.0,0.4,,0.4,123,89.4,34.0,0.18,1.52,0.276,15.6
5.0,1.0,2.5,3.0,0.6,3600,0.2,123,89.4,34.0,0.18,1.52,0.276,15.6
5.0,1.0,2.5,3.0,0.6,7200,0.2,123,89.4,34.0,0.18,1.52,0.276,15.6
5.0,1.0,2.5,3.0,0.6,7200,0.4,123,89.4,34.0,0.18,1.52,0.276,15.6
5.0,1.0,2.5,3.0,0.6,14400,0.2,123,89.4,34.0,0.18,1.52,0.276,15.6
5.0,1.0,2.5,3.0,0.6,14400,0.4,123,89.4,34.0,0.18,1.52,0.276,15.6
5.0,1.0,2.5,3.0,0.6,,0.4,123,89.4,34.0,0.18,1.52,0.276,15.6
5.0,1.0,2.5,3.0,0.8,3600,0.2,123,89.4,34.0,0.18,1.52,0.276,15.6
5.0,1.0,2.5,3.0,0.8,7200,0.2,123,89.4,34.0,0.18,1.52,0.276,15.6
5.0,1.0,2.5,3.0,0.8,7200,0.4,123,89.4,34.0,0.18,1.52,0.276,15.6
5.0,1.0,2.5,3.0,0.8,14400,0.2,123,89.4,34.0,0.18,1.52,0.276,15.6
5.0,1.0,2.5,3.0,0.8,14400,0.4,123,89.4,34.0,0.18,1.52,0.276,15.6
5.0,1.0,2.5,3.0,0.8,,0.4,123,89.4,34.0,0.18,1.52,0.276,15.6
5.0,1.0,2.5,4.5,0.4,3600,0.2,123,89.4,34.0,0.18,1.52,0.276,15.6
5.0,1.0,2.5,4.5,0.4,7200,0.2,123,89.4,34.0,0.18,1.52,0.276,15.6
5.0,1.0,2.5,4.5,0.4,7200,0.4,123,89.4,34.0,0.18,1.52,0.276,15.6
5.0,1.0,2.5,4.5,0.4,14400,0.2,123,89.4,34.0,0.18,1.52,0.276,15.6
5.0,1.0,2.5,4.5,0.4,14400,0.4,123,89.4,34.0,0.18,1.52,0.276,15.6
5.0,1.0,2.5,4.5,0.4,,0.4,123,89.4,34.0,0.18,1.52,0.276,15.6
5.0,1.0,2.5,4.5,0.6,3600,0.2,123,89.4,34.0,0.18,1.52,0.276,15.6
5.0,1.0,2.5,4.5,0.6,7200,0.2,123,89.4,34.0,0.18,1.52,0.276,15.6
5.0,1.0,2.5,4.5,0.6,7200,0.4,123,89.4,34.0,0.18,1.52,0.276,15.6
5.0,1.0,2.5,4.5,0.6,14400,0.2,123,89.4,34.0,0.18,1.52,0.276,15.6
5.0,1.0,2.5,4.5,0.6,14400,0.4,123,89.4,34.0,0.18,1.52,0.276,15.6
5.0,1.0,2.5,4.5,0.6,,0.4,123,89.4,34.0,0.18,1.52,0.276,15.6
5.0,1.0,2.5,4.5,0.8,3600,0.2,123,89.4,34.0,0.18,1.52,0.276,15.6
5.0,1.0,2.5,4.5,0.8,7200,0.2,123,89.4,34.0,0.18,1.52,0.276,15.6
5.0,1.0,2.5,4.5,0.8,7200,0.4,123,89.4,34.0,0.18,1.52,0.276,15.6
5.0,1.0,2.5,4.5,0.8,14400,0.2,123,89.4,34.0,0.18,1.52,0.276,15.6
5.0,1.0,2.5,4.5,0.8,14400,0.4,123,89.4,34.0,0.18,1.52,0.276,15.6
5.0,1.0,2.5,4.5,0.8,,0.4,123,89.4,34.0,0.18,1.52,0.276,15.6
5.0,1.0,2.5,3.0,0.4,7200,0.8,134,86.6,36.51,0.25,1.59,0.272,19.06
5.0,1.0,2.5,3.0,0.6,7200,0.8,134,86.6,36.51,0.25,1.59,0.272,19.06
5.0,1.0,2.5,3.0,0.8,7200,0.8,134,86.6,36.51,0.25,1.59,0.272,19.06
5.0,1.0,2.5,4.5,0.4,7200,0.8,134,86.6,36.51,0.25,1.59,0.272,19.06
5.0,1.0,2.5,4.5,0.6,7200,0.8,134,86.6,36.51,0.25,1.59,0.272,19.06
5.0,1.0,2.5,4.5,0.8,7200,0.8,134,86.6,36.51,0.25,1.59,0.272,19.06
5.0,1.0,2.5,3.0,0.4,2400,0.2,123,89.4,33.3,0.18,1.51,0.271,16.3
5.0,1.0,2.5,3.0,0.6,2400,0.2,123,89.4,33.3,0.18,1.51,0.271,16.3
5.0,1.0,2.5,3.0,0.8,2400,0.2,123,89.4,33.3,0.18,1.51,0.271,16.3
5.0,1.0,2.5,4.5,0.4,2400,0.2,123,89.4,33.3,0.18,1.51,0.271,16.3
5.0,1.0,2.5,4.5,0.6,2400,0.2,123,89.4,33.3,0.18,1.51,0.271,16.3
5.0,1.0,2.5,4.5,0.8,2400,0.2,123,89.4,33.3,0.18,1.51,0.271,16.3
5.0,1.5,2.5,3.0,0.6,3600,0.8,166,74.7,44.96,0.6,1.76,0.271,10.43
5.0,1.5,2.5,4.5,0.6,3600,0.8,166,74.7,44.96,0.6,1.76,0.271,10.43
5.0,1.5,2.5,3.0,0.8,3600,0.8,164,75.0,44.04,0.58,1.75,0.269,10.63
5.0,1.5,2.5,4.5,0.8,3600,0.8,164,75.0,44.04,0.58,1.75,0.269,10.63
5.0,1.0,1.5,3.0,0.4,2400,0.8,189,69.3,49.59,0.87,1.96,0.262,9.61
5.0,1.0,1.5,3.0,0.6,2400,0.8,189,69.3,49.59,0.87,1.96,0.262,9.61
5.0,1.0,1.5,3.0,0.8,2400,0.8,189,69.3,49.59,0.87,1.96,0.262,9.61
5.0,1.0,1.5,4.5,0.4,2400,0.8,189,69.3,49.59,0.87,1.96,0.262,9.61
5.0,1.0,1.5,4.5,0.6,2400,0.8,189,69.3,49.59,0.87,1.96,0.262,9.61
5.0,1.0,1.5,4.5,0.8,2400,0.8,189,69.3,49.59,0.87,1.96,0.262,9.61
5.0,1.0,2.5,3.0,0.4,3600,0.4,124,88.7,32.41,0.19,1.5,0.261,16.2
5.0,1.0,2.5,3.0,0.6,3600,0.4,124,88.7,32.41,0.19,1.5,0.261,16.2
5.0,1.0,2.5,3.0,0.8,3600,0.4,124,88.7,32.41,0.19,1.5,0.261,16.2
5.0,1.0,2.5,4.5,0.4,3600,0.4,124,88.7,32.41,0.19,1.5,0.261,16.2
5.0,1.0,2.5,4.5,0.6,3600,0.4,124,88.7,32.41,0.19,1.5,0.261,16.2
5.0,1.0,2.5,4.5,0.8,3600,0.4,124,88.7,32.41,0.19,1.5,0.261,16.2
5.0,1.5,2.5,3.0,0.4,1200,0.4,145,75.9,37.72,0.5,1.56,0.26,14.66
5.0,1.5,2.5,4.5,0.4,1200,0.4,145,75.9,37.72,0.5,1.56,0.26,14.66
5.0,1.0,1.5,3.0,0.4,3600,0.8,166,74.7,42.13,0.58,1.72,0.254,11.28
5.0,1.0,1.5,3.0,0.6,3600,0.8,166,74.7,42.13,0.58,1.72,0.254,11.28
5.0,1.0,1.5,3.0,0.8,3600,0.8,166,74.7,42.13,0.58,1.72,0.254,11.28
5.0,1.0,1.5,4.5,0.4,3600,0.8,166,74.7,42.13,0.58,1.72,0.254,11.28
5.0,1.0,1.5,4.5,0.6,3600,0.8,166,74.7,42.13,0.58,1.72,0.254,11.28
5.0,1.0,1.5,4.5,0.8,3600,0.8,166,74.7,42.13,0.58,1.72,0.254,11.28
5.0,0.7,1.5,3.0,0.4,7200,0.8,167,89.8,41.11,0.2,1.72,0.246,11.68
5.0,0.7,1.5,3.0,0.6,7200,0.8,167,89.8,41.11,0.2,1.72,0.246,11.68
5.0,0.7,1.5,3.0,0.8,7200,0.8,167,89.8,41.11,0.2,1.72,0.246,11.68
5.0,0.7,1.5,4.5,0.4,7200,0.8,167,89.8,41.11,0.2,1.72,0.246,11.68
5.0,0.7,1.5,4.5,0.6,7200,0.8,167,89.8,41.11,0.2,1.72,0.246,11.68
5.0,0.7,1.5,4.5,0.8,7200,0.8,167,89.8,41.11,0.2,1.72,0.246,11.68
4.0,1.5,2.5,3.0,0.4,3600,0.2,138,84.1,33.07,0.26,1.38,0.24,12.94
4.0,1.5,2.5,3.0,0.4,7200,0.2,138,84.1,33.07,0.26,1.38,0.24,12.94
4.0,1.5,2.5,3.0,0.4,7200,0.4,138,84.1,33.07,0.26,1.38,0.24,12.94
4.0,1.5,2.5,3.0,0.4,14400,0.2,138,84.1,33.07,0.26,1.38,0.24,12.94
4.0,1.5,2.5,3.0,0.4,14400,0.4,138,84.1,33.07,0.26,1.38,0.24,12.94
4.0,1.5,2.5,3.0,0.4,,0.4,138,84.1,33.07,0.26,1.38,0.24,12.94
4.0,1.5,2.5,4.5,0.4,3600,0.2,138,84.1,33.07,0.26,1.38,0.24,12.94
4.0,1.5,2.5,4.5,0.4,7200,0.2,138,84.1,33.07,0.26,1.38,0.24,12.94
4.0,1.5,2.5,4.5,0.4,7200,0.4,138,84.1,33.07,0.26,1.38,0.24,12.94
4.0,1.5,2.5,4.5,0.4,14400,0.2,138,84.1,33.07,0.26,1.38,0.24,12.94
4.0,1.5,2.5,4.5,0.4,14400,0.4,138,84.1,33.07,0.26,1.38,0.24,12.94
4.0,1.5,2.5,4.5,0.4,,0.4,138,84.1,33.07,0.26,1.38,0.24,12.94
5.0,1.0,2.5,3.0,0.4,1200,0.2,124,85.5,29.33,0.25,1.45,0.237,18.49
5.0,1.0,2.5,3.0,0.6,1200,0.2,124,85.5,29.33,0.25,1.45,0.237,18.49
5.0,1.0,2.5,3.0,0.8,1200,0.2,124,85.5,29.33,0.25,1.45,0.237,18.49
5.0,1.0,2.5,4.5,0.4,1200,0.2,124,85.5,29.33,0.25,1.45,0.237,18.49
5.0,1.0,2.5,4.5,0.6,1200,0.2,124,85.5,29.33,0.25,1.45,0.237,18.49
5.0,1.0,2.5,4.5,0.8,1200,0.2,124,85.5,29.33,0.25,1.45,0.237,18.49
4.0,1.5,2.5,3.0,0.4,2400,0.2,138,84.1,32.28,0.26,1.37,0.234,12.94
4.0,1.5,2.5,4.5,0.4,2400,0.2,138,84.1,32.28,0.26,1.37,0.234,12.94
5.0,0.7,1.5,3.0,0.4,3600,0.2,156,92.3,36.48,0.13,1.61,0.234,11.22
5.0,0.7,1.5,3.0,0.4,7200,0.2,156,92.3,36.48,0.13,1.61,0.234,11.22
5.0,0.7,1.5,3.0,0.4,7200,0.4,156,92.3,36.48,0.13,1.61,0.234,11.22
5.0,0.7,1.5,3.0,0.4,14400,0.2,156,92.3,36.48,0.13,1.61,0.234,11.22
5.0,0.7,1.5,3.0,0.4,14400,0.4,156,92.3,36.48,0.13,1.61,0.234,11.22
5.0,0.7,1.5,3.0,0.4,,0.4,156,92.3,36.48,0.13,1.61,0.234,11.22
5.0,0.7,1.5,3.0,0.6,3600,0.2,156,92.3,36.48,0.13,1.61,0.234,11.22
5.0,0.7,1.5,3.0,0.6,7200,0.2,156,92.3,36.48,0.13,1.61,0.234,11.22
5.0,0.7,1.5,3.0,0.6,7200,0.4,156,92.3,36.48,0.13,1.61,0.234,11.22
5.0,0.7,1.5,3.0,0.6,14400,0.2,156,92.3,36.48,0.13,1.61,0.234,11.22
5.0,0.7,1.5,3.0,0.6,14400,0.4,156,92.3,36.48,0.13,1.61,0.234,11.22
5.0,0.7,1.5,3.0,0.6,,0.4,156,92.3,36.48,0.13,1.61,0.234,11.22
5.0,0.7,1.5,3.0,0.8,3600,0.2,156,92.3,36.48,0.13,1.61,0.234,11.22
5.0,0.7,1.5,3.0,0.8,7200,0.2,156,92.3,36.48,0.13,1.61,0.234,11.22
5.0,0.7,1.5,3.0,0.8,7200,0.4,156,92.3,36.48,0.13,1.61,0.234,11.22
5.0,0.7,1.5,3.0,0.8,14400,0.2,156,92.3,36.48,0.13,1.61,0.234,11.22
5.0,0.7,1.5,3.0,0.8,14400,0.4,156,92.3,36.48,0.13,1.61,0.234,11.22
5.0,0.7,1.5,3.0,0.8,,0.4,156,92.3,36.48,0.13,1.61,0.234,11.22
5.0,0.7,1.5,4.5,0.4,3600,0.2,156,92.3,36.48,0.13,1.61,0.234,11.22
5.0,0.7,1.5,4.5,0.4,7200,0.2,156,92.3,36.48,0.13,1.61,0.234,11.22
5.0,0.7,1.5,4.5,0.4,7200,0.4,156,92.3,36.48,0.13,1.61,0.234,11.22
5.0,0.7,1.5,4.5,0.4,14400,0.2,156,92.3,36.48,0.13,1.61,0.234,11.22
5.0,0.7,1.5,4.5,0.4,14400,0.4,156,92.3,36.48,0.13,1.61,0.234,11.22
5.0,0.7,1.5,4.5,0.4,,0.4,156,92.3,36.48,0.13,1.61,0.234,11.22
5.0,0.7,1.5,4.5,0.6,3600,0.2,156,92.3,36.48,0.13,1.61,0.234,11.22
5.0,0.7,1.5,4.5,0.6,7200,0.2,156,92.3,36.48,0.13,1.61,0.234,11.22
5.0,0.7,1.5,4.5,0.6,7200,0.4,156,92.3,36.48,0.13,1.61,0.234,11.22
5.0,0.7,1.5,4.5,0.6,14400,0.2,156,92.3,36.48,0.13,1.61,0.234,11.22
5.0,0.7,1.5,4.5,0.6,14400,0.4,156,92.3,36.48,0.13,1.61,0.234,11.22
5.0,0.7,1.5,4.5,0.6,,0.4,156,92.3,36.48,0.13,1.61,0.234,11.22
5.0,0.7,1.5,4.5,0.8,3600,0.2,156,92.3,36.48,0.13,1.61,0.234,11.22
5.0,0.7,1.5,4.5,0.8,7200,0.2,156,92.3,36.48,0.13,1.61,0.234,11.22
5.0,0.7,1.5,4.5,0.8,7200,0.4,156,92.3,36.48,0.13,1.61,0.234,11.22
5.0,0.7,1.5,4.5,0.8,14400,0.2,156,92.3,36.48,0.13,1.61,0.234,11.22
5.0,0.7,1.5,4.5,0.8,14400,0.4,156,92.3,36.48,0.13,1.61,0.234,11.22
5.0,0.7,1.5,4.5,0.8,,0.4,156,92.3,36.48,0.13,1.61,0.234,11.22
5.0,1.5,2.5,3.0,0.6,1200,0.4,145,75.9,33.95,0.48,1.5,0.234,14.52
5.0,1.5,2.5,4.5,0.6,1200,0.4,145,75.9,33.95,0.48,1.5,0.234,14.52
5.0,0.7,1.5,3.0,0.4,2400,0.2,156,92.3,36.05,0.13,1.6,0.231,11.65
5.0,0.7,1.5,3.0,0.6,2400,0.2,156,92.3,36.05,0.13,1.6,0.231,11.65
5.0,0.7,1.5,3.0,0.8,2400,0.2,156,92.3,36.05,0.13,1.6,0.231,11.65
5.0,0.7,1.5,4.5,0.4,2400,0.2,156,92.3,36.05,0.13,1.6,0.231,11.65
5.0,0.7,1.5,4.5,0.6,2400,0.2,156,92.3,36.05,0.13,1.6,0.231,11.65
5.0,0.7,1.5,4.5,0.8,2400,0.2,156,92.3,36.05,0.13,1.6,0.231,11.65
4.0,1.5,2.5,3.0,0.4,3600,0.4,139,83.5,31.63,0.27,1.36,0.228,12.94
4.0,1.5,2.5,4.5,0.4,3600,0.4,139,83.5,31.63,0.27,1.36,0.228,12.94
5.0,1.0,2.5,3.0,0.4,14400,0.8,125,85.6,28.22,0.24,1.42,0.226,19.17
5.0,1.0,2.5,3.0,0.6,14400,0.8,125,85.6,28.22,0.24,1.42,0.226,19.17
5.0,1.0,2.5,3.0,0.8,14400,0.8,125,85.6,28.22,0.24,1.42,0.226,19.17
5.0,1.0,2.5,4.5,0.4,14400,0.8,125,85.6,28.22,0.24,1.42,0.226,19.17
5.0,1.0,2.5,4.5,0.6,14400,0.8,125,85.6,28.22,0.24,1.42,0.226,19.17
5.0,1.0,2.5,4.5,0.8,14400,0.8,125,85.6,28.22,0.24,1.42,0.226,19.17
5.0,1.0,2.5,3.0,0.4,2400,0.8,189,69.3,42.39,0.81,1.82,0.224,9.61
5.0,1.0,2.5,3.0,0.6,2400,0.8,189,69.3,42.39,0.81,1.82,0.224,9.61
5.0,1.0,2.5,3.0,0.8,2400,0.8,189,69.3,42.39,0.81,1.82,0.224,9.61
5.0,1.0,2.5,4.5,0.4,2400,0.8,189,69.3,42.39,0.81,1.82,0.224,9.61
5.0,1.0,2.5,4.5,0.6,2400,0.8,189,69.3,42.39,0.81,1.82,0.224,9.61
5.0,1.0,2.5,4.5,0.8,2400,0.8,189,69.3,42.39,0.81,1.82,0.224,9.61
5.0,0.7,1.5,3.0,0.4,14400,0.8,157,91.1,34.94,0.15,1.58,0.223,12.5
5.0,0.7,1.5,3.0,0.6,14400,0.8,157,91.1,34.94,0.15,1.58,0.223,12.5
5.0,0.7,1.5,3.0,0.8,14400,0.8,157,91.1,34.94,0.15,1.58,0.223,12.5
5.0,0.7,1.5,4.5,0.4,14400,0.8,157,91.1,34.94,0.15,1.58,0.223,12.5
5.0,0.7,1.5,4.5,0.6,14400,0.8,157,91.1,34.94,0.15,1.58,0.223,12.5
5.0,0.7,1.5,4.5,0.8,14400,0.8,157,91.1,34.94,0.15,1.58,0.223,12.5
5.0,1.0,2.5,3.0,0.4,2400,0.4,126,86.5,28.05,0.22,1.43,0.223,18.63
5.0,1.0,2.5,3.0,0.6,2400,0.4,126,86.5,28.05,0.22,1.43,0.223,18.63
5.0,1.0,2.5,3.0,0.8,2400,0.4,126,86.5,28.05,0.22,1.43,0.223,18.63
5.0,1.0,2.5,4.5,0.4,2400,0.4,126,86.5,28.05,0.22,1.43,0.223,18.63
5.0,1.0,2.5,4.5,0.6,2400,0.4,126,86.5,28.05,0.22,1.43,0.223,18.63
5.0,1.0,2.5,4.5,0.8,2400,0.4,126,86.5,28.05,0.22,1.43,0.223,18.63
4.0,1.5,2.5,3.0,0.4,7200,0.8,149,80.5,32.35,0.33,1.38,0.217,12.94
4.0,1.5,2.5,4.5,0.4,7200,0.8,149,80.5,32.35,0.33,1.38,0.217,12.94
5.0,0.7,1.5,3.0,0.4,3600,0.4,156,91.0,33.8,0.15,1.56,0.217,11.55
5.0,0.7,1.5,3.0,0.6,3600,0.4,156,91.0,33.8,0.15,1.56,0.217,11.55
5.0,0.7,1.5,3.0,0.8,3600,0.4,156,91.0,33.8,0.15,1.56,0.217,11.55
5.0,0.7,1.5,4.5,0.4,3600,0.4,156,91.0,33.8,0.15,1.56,0.217,11.55
5.0,0.7,1.5,4.5,0.6,3600,0.4,156,91.0,33.8,0.15,1.56,0.217,11.55
5.0,0.7,1.5,4.5,0.8,3600,0.4,156,91.0,33.8,0.15,1.56,0.217,11.55
3.0,1.5,2.5,3.0,0.4,3600,0.4,160,78.8,34.18,0.37,1.35,0.214,12.49
3.0,1.5,2.5,4.5,0.4,3600,0.4,160,78.8,34.18,0.37,1.35,0.214,12.49
4.0,1.5,2.5,3.0,0.4,1200,0.2,140,80.0,29.62,0.33,1.33,0.212,12.94
4.0,1.5,2.5,4.5,0.4,1200,0.2,140,80.0,29.62,0.33,1.33,0.212,12.94
5.0,0.7,2.5,3.0,0.4,7200,0.8,167,89.8,35.35,0.18,1.62,0.212,13.12
5.0,0.7,2.5,3.0,0.6,7200,0.8,167,89.8,35.35,0.18,1.62,0.212,13.12
5.0,0.7,2.5,3.0,0.8,7200,0.8,167,89.8,35.35,0.18,1.62,0.212,13.12
5.0,0.7,2.5,4.5,0.4,7200,0.8,167,89.8,35.35,0.18,1.62,0.212,13.12
5.0,0.7,2.5,4.5,0.6,7200,0.8,167,89.8,35.35,0.18,1.62,0.212,13.12
5.0,0.7,2.5,4.5,0.8,7200,0.8,167,89.8,35.35,0.18,1.62,0.212,13.12
4.0,1.5,2.5,3.0,0.8,3600,0.2,137,83.9,28.87,0.25,1.33,0.211,13.57
4.0,1.5,2.5,3.0,0.8,7200,0.2,137,83.9,28.87,0.25,1.33,0.211,13.57
4.0,1.5,2.5,3.0,0.8,7200,0.4,137,83.9,28.87,0.25,1.33,0.211,13.57
4.0,1.5,2.5,3.0,0.8,14400,0.2,137,83.9,28.87,0.25,1.33,0.211,13.57
4.0,1.5,2.5,3.0,0.8,14400,0.4,137,83.9,28.87,0.25,1.33,0.211,13.57
4.0,1.5,2.5,3.0,0.8,,0.4,137,83.9,28.87,0.25,1.33,0.211,13.57
4.0,1.5,2.5,4.5,0.8,3600,0.2,137,83.9,28.87,0.25,1.33,0.211,13.57
4.0,1.5,2.5,4.5,0.8,7200,0.2,137,83.9,28.87,0.25,1.33,0.211,13.57
4.0,1.5,2.5,4.5,0.8,7200,0.4,137,83.9,28.87,0.25,1.33,0.211,13.57
4.0,1.5,2.5,4.5,0.8,14400,0.2,137,83.9,28.87,0.25,1.33,0.211,13.57
4.0,1.5,2.5,4.5,0.8,14400,0.4,137,83.9,28.87,0.25,1.33,0.211,13.57
4.0,1.5,2.5,4.5,0.8,,0.4,137,83.9,28.87,0.25,1.33,0.211,13.57
5.0,1.0,1.5,3.0,0.4,1200,0.4,145,75.9,30.5,0.46,1.45,0.21,14.18
5.0,1.0,1.5,3.0,0.6,1200,0.4,145,75.9,30.5,0.46,1.45,0.21,14.18
5.0,1.0,1.5,3.0,0.8,1200,0.4,145,75.9,30.5,0.46,1.45,0.21,14.18
5.0,1.0,1.5,4.5,0.4,1200,0.4,145,75.9,30.5,0.46,1.45,0.21,14.18
5.0,1.0,1.5,4.5,0.6,1200,0.4,145,75.9,30.5,0.46,1.45,0.21,14.18
5.0,1.0,1.5,4.5,0.8,1200,0.4,145,75.9,30.5,0.46,1.45,0.21,14.18
4.0,1.5,2.5,3.0,0.6,3600,0.2,137,83.9,28.68,0.25,1.33,0.209,13.34
4.0,1.5,2.5,3.0,0.6,7200,0.2,137,83.9,28.68,0.25,1.33,0.209,13.34
4.0,1.5,2.5,3.0,0.6,7200,0.4,137,83.9,28.68,0.25,1.33,0.209,13.34
4.0,1.5,2.5,3.0,0.6,14400,0.2,137,83.9,28.68,0.25,1.33,0.209,13.34
4.0,1.5,2.5,3.0,0.6,14400,0.4,137,83.9,28.68,0.25,1.33,0.209,13.34
4.0,1.5,2.5,3.0,0.6,,0.4,137,83.9,28.68,0.25,1.33,0.209,13.34
4.0,1.5,2.5,4.5,0.6,3600,0.2,137,83.9,28.68,0.25,1.33,0.209,13.34
4.0,1.5,2.5,4.5,0.6,7200,0.2,137,83.9,28.68,0.25,1.33,0.209,13.34
4.0,1.5,2.5,4.5,0.6,7200,0.4,137,83.9,28.68,0.25,1.33,0.209,13.34
4.0,1.5,2.5,4.5,0.6,14400,0.2,137,83.9,28.68,0.25,1.33,0.209,13.34
4.0,1.5,2.5,4.5,0.6,14400,0.4,137,83.9,28.68,0.25,1.33,0.209,13.34
4.0,1.5,2.5,4.5,0.6,,0.4,137,83.9,28.68,0.25,1.33,0.209,13.34
4.0,1.5,2.5,3.0,0.8,2400,0.2,137,83.9,28.48,0.25,1.32,0.208,13.57
4.0,1.5,2.5,4.5,0.8,2400,0.2,137,83.9,28.48,0.25,1.32,0.208,13.57
5.0,1.0,2.5,3.0,0.4,3600,0.8,166,74.7,34.48,0.54,1.59,0.208,11.28
5.0,1.0,2.5,3.0,0.6,3600,0.8,166,74.7,34.48,0.54,1.59,0.208,11.28
5.0,1.0,2.5,3.0,0.8,3600,0.8,166,74.7,34.48,0.54,1.59,0.208,11.28
5.0,1.0,2.5,4.5,0.4,3600,0.8,166,74.7,34.48,0.54,1.59,0.208,11.28
5.0,1.0,2.5,4.5,0.6,3600,0.8,166,74.7,34.48,0.54,1.59,0.208,11.28
5.0,1.0,2.5,4.5,0.8,3600,0.8,166,74.7,34.48,0.54,1.59,0.208,11.28
5.0,0.7,1.5,3.0,0.4,1200,0.2,160,88.1,33.16,0.21,1.55,0.207,12.95
5.0,0.7,1.5,3.0,0.6,1200,0.2,160,88.1,33.16,0.21,1.55,0.207,12.95
5.0,0.7,1.5,3.0,0.8,1200,0.2,160,88.1,33.16,0.21,1.55,0.207,12.95
5.0,0.7,1.5,4.5,0.4,1200,0.2,160,88.1,33.16,0.21,1.55,0.207,12.95
5.0,0.7,1.5,4.5,0.6,1200,0.2,160,88.1,33.16,0.21,1.55,0.207,12.95
5.0,0.7,1.5,4.5,0.8,1200,0.2,160,88.1,33.16,0.21,1.55,0.207,12.95
5.0,1.5,2.5,3.0,0.8,1200,0.4,148,75.0,30.6,0.48,1.45,0.207,15.72
5.0,1.5,2.5,4.5,0.8,1200,0.4,148,75.0,30.6,0.48,1.45,0.207,15.72
4.0,1.5,2.5,3.0,0.6,2400,0.2,137,83.9,28.09,0.25,1.32,0.205,13.34
4.0,1.5,2.5,4.5,0.6,2400,0.2,137,83.9,28.09,0.25,1.32,0.205,13.34
4.0,1.5,2.5,3.0,0.8,3600,0.4,138,83.3,27.97,0.26,1.32,0.203,13.57
4.0,1.5,2.5,4.5,0.8,3600,0.4,138,83.3,27.97,0.26,1.32,0.203,13.57
4.0,1.5,2.5,3.0,0.6,3600,0.4,138,83.3,27.84,0.26,1.32,0.202,13.34
4.0,1.5,2.5,4.5,0.6,3600,0.4,138,83.3,27.84,0.26,1.32,0.202,13.34
3.0,1.5,2.5,3.0,0.4,3600,0.2,157,79.0,31.44,0.35,1.32,0.2,12.49
3.0,1.5,2.5,3.0,0.4,7200,0.2,157,79.0,31.44,0.35,1.32,0.2,12.49
3.0,1.5,2.5,3.0,0.4,7200,0.4,157,79.0,31.44,0.35,1.32,0.2,12.49
3.0,1.5,2.5,3.0,0.4,14400,0.2,157,79.0,31.44,0.35,1.32,0.2,12.49
3.0,1.5,2.5,3.0,0.4,14400,0.4,157,79.0,31.44,0.35,1.32,0.2,12.49
3.0,1.5,2.5,3.0,0.4,,0.4,157,79.0,31.44,0.35,1.32,0.2,12.49
3.0,1.5,2.5,4.5,0.4,3600,0.2,157,79.0,31.44,0.35,1.32,0.2,12.49
3.0,1.5,2.5,4.5,0.4,7200,0.2,157,79.0,31.44,0.35,1.32,0.2,12.49
3.0,1.5,2.5,4.5,0.4,7200,0.4,157,79.0,31.44,0.35,1.32,0.2,12.49
3.0,1.5,2.5,4.5,0.4,14400,0.2,157,79.0,31.44,0.35,1.32,0.2,12.49
3.0,1.5,2.5,4.5,0.4,14400,0.4,157,79.0,31.44,0.35,1.32,0.2,12.49
3.0,1.5,2.5,4.5,0.4,,0.4,157,79.0,31.44,0.35,1.32,0.2,12.49
4.0,1.5,2.5,3.0,0.4,2400,0.4,141,81.6,27.94,0.3,1.32,0.198,12.94
4.0,1.5,2.5,4.5,0.4,2400,0.4,141,81.6,27.94,0.3,1.32,0.198,12.94
5.0,0.7,1.5,3.0,0.4,3600,0.8,196,78.6,38.64,0.47,1.71,0.197,8.74
5.0,0.7,1.5,3.0,0.6,3600,0.8,196,78.6,38.64,0.47,1.71,0.197,8.74
5.0,0.7,1.5,3.0,0.8,3600,0.8,196,78.6,38.64,0.47,1.71,0.197,8.74
5.0,0.7,1.5,4.5,0.4,3600,0.8,196,78.6,38.64,0.47,1.71,0.197,8.74
5.0,0.7,1.5,4.5,0.6,3600,0.8,196,78.6,38.64,0.47,1.71,0.197,8.74
5.0,0.7,1.5,4.5,0.8,3600,0.8,196,78.6,38.64,0.47,1.71,0.197,8.74
5.0,0.7,2.5,3.0,0.4,3600,0.2,156,92.3,30.72,0.13,1.51,0.197,12.4
5.0,0.7,2.5,3.0,0.4,7200,0.2,156,92.3,30.72,0.13,1.51,0.197,12.4
5.0,0.7,2.5,3.0,0.4,7200,0.4,156,92.3,30.72,0.13,1.51,0.197,12.4
5.0,0.7,2.5,3.0,0.4,14400,0.2,156,92.3,30.72,0.13,1.51,0.197,12.4
5.0,0.7,2.5,3.0,0.4,14400,0.4,156,92.3,30.72,0.13,1.51,0.197,12.4
5.0,0.7,2.5,3.0,0.4,,0.4,156,92.3,30.72,0.13,1.51,0.197,12.4
5.0,0.7,2.5,3.0,0.6,3600,0.2,156,92.3,30.72,0.13,1.51,0.197,12.4
5.0,0.7,2.5,3.0,0.6,7200,0.2,156,92.3,30.72,0.13,1.51,0.197,12.4
5.0,0.7,2.5,3.0,0.6,7200,0.4,156,92.3,30.72,0.13,1.51,0.197,12.4
5.0,0.7,2.5,3.0,0.6,14400,0.2,156,92.3,30.72,0.13,1.51,0.197,12.4
5.0,0.7,2.5,3.0,0.6,14400,0.4,156,92.3,30.72,0.13,1.51,0.197,12.4
5.0,0.7,2.5,3.0,0.6,,0.4,156,92.3,30.72,0.13,1.51,0.197,12.4
5.0,0.7,2.5,3.0,0.8,3600,0.2,156,92.3,30.72,0.13,1.51,0.197,12.4
5.0,0.7,2.5,3.0,0.8,7200,0.2,156,92.3,30.72,0.13,1.51,0.197,12.4
5.0,0.7,2.5,3.0,0.8,7200,0.4,156,92.3,30.72,0.13,1.51,0.197,12.4
5.0,0.7,2.5,3.0,0.8,14400,0.2,156,92.3,30.72,0.13,1.51,0.197,12.4
5.0,0.7,2.5,3.0,0.8,14400,0.4,156,92.3,30.72,0.13,1.51,0.197,12.4
5.0,0.7,2.5,3.0,0.8,,0.4,156,92.3,30.72,0.13,1.51,0.197,12.4
5.0,0.7,2.5,4.5,0.4,3600,0.2,156,92.3,30.72,0.13,1.51,0.197,12.4
5.0,0.7,2.5,4.5,0.4,7200,0.2,156,92.3,30.72,0.13,1.51,0.197,12.4
5.0,0.7,2.5,4.5,0.4,7200,0.4,156,92.3,30.72,0.13,1.51,0.197,12.4
5.0,0.7,2.5,4.5,0.4,14400,0.2,156,92.3,30.72,0.13,1.51,0.197,12.4
5.0,0.7,2.5,4.5,0.4,14400,0.4,156,92.3,30.72,0.13,1.51,0.197,12.4
5.0,0.7,2.5,4.5,0.4,,0.4,156,92.3,30.72,0.13,1.51,0.197,12.4
5.0,0.7,2.5,4.5,0.6,3600,0.2,156,92.3,30.72,0.13,1.51,0.197,12.4
5.0,0.7,2.5,4.5,0.6,7200,0.2,156,92.3,30.72,0.13,1.51,0.197,12.4
5.0,0.7,2.5,4.5,0.6,7200,0.4,156,92.3,30.72,0.13,1.51,0.197,12.4
5.0,0.7,2.5,4.5,0.6,14400,0.2,156,92.3,30.72,0.13,1.51,0.197,12.4
5.0,0.7,2.5,4.5,0.6,14400,0.4,156,92.3,30.72,0.13,1.51,0.197,12.4
5.0,0.7,2.5,4.5,0.6,,0.4,156,92.3,30.72,0.13,1.51,0.197,12.4
5.0,0.7,2.5,4.5,0.8,3600,0.2,156,92.3,30.72,0.13,1.51,0.197,12.4
5.0,0.7,2.5,4.5,0.8,7200,0.2,156,92.3,30.72,0.13,1.51,0.197,12.4
5.0,0.7,2.5,4.5,0.8,7200,0.4,156,92.3,30.72,0.13,1.51,0.197,12.4
5.0,0.7,2.5,4.5,0.8,14400,0.2,156,92.3,30.72,0.13,1.51,0.197,12.4
5.0,0.7,2.5,4.5,0.8,14400,0.4,156,92.3,30.72,0.13,1.51,0.197,12.4
5.0,0.7,2.5,4.5,0.8,,0.4,156,92.3,30.72,0.13,1.51,0.197,12.4
3.0,1.5,2.5,3.0,0.4,2400,0.2,157,79.0,30.65,0.35,1.31,0.195,12.49
3.0,1.5,2.5,4.5,0.4,2400,0.2,157,79.0,30.65,0.35,1.31,0.195,12.49
4.0,1.5,2.5,3.0,0.4,14400,0.8,140,80.7,27.23,0.31,1.3,0.194,12.94
4.0,1.5,2.5,4.5,0.4,14400,0.8,140,80.7,27.23,0.31,1.3,0.194,12.94
5.0,0.7,2.5,3.0,0.4,2400,0.2,156,92.3,30.29,0.13,1.5,0.194,12.83
5.0,0.7,2.5,3.0,0.6,2400,0.2,156,92.3,30.29,0.13,1.5,0.194,12.83
5.0,0.7,2.5,3.0,0.8,2400,0.2,156,92.3,30.29,0.13,1.5,0.194,12.83
5.0,0.7,2.5,4.5,0.4,2400,0.2,156,92.3,30.29,0.13,1.5,0.194,12.83
5.0,0.7,2.5,4.5,0.6,2400,0.2,156,92.3,30.29,0.13,1.5,0.194,12.83
5.0,0.7,2.5,4.5,0.8,2400,0.2,156,92.3,30.29,0.13,1.5,0.194,12.83
3.0,1.5,2.5,3.0,0.4,7200,0.8,170,76.5,32.6,0.41,1.34,0.192,7.71
3.0,1.5,2.5,4.5,0.4,7200,0.8,170,76.5,32.6,0.41,1.34,0.192,7.71
4.0,1.5,2.5,3.0,0.6,7200,0.8,148,80.4,28.21,0.32,1.33,0.191,13.34
4.0,1.5,2.5,4.5,0.6,7200,0.8,148,80.4,28.21,0.32,1.33,0.191,13.34
4.0,1.5,2.5,3.0,0.8,1200,0.2,139,79.9,26.36,0.33,1.3,0.19,13.57
4.0,1.5,2.5,4.5,0.8,1200,0.2,139,79.9,26.36,0.33,1.3,0.19,13.57
4.0,1.5,2.5,3.0,0.8,7200,0.8,148,81.1,28.03,0.31,1.33,0.189,13.57
4.0,1.5,2.5,4.5,0.8,7200,0.8,148,81.1,28.03,0.31,1.33,0.189,13.57
5.0,1.5,2.5,3.0,0.4,1200,0.8,246,57.3,46.24,1.49,2.01,0.188,8.74
5.0,1.5,2.5,4.5,0.4,1200,0.8,246,57.3,46.24,1.49,2.01,0.188,8.74
3.0,1.5,2.5,3.0,0.6,3600,0.4,159,78.6,29.81,0.36,1.31,0.187,12.64
3.0,1.5,2.5,4.5,0.6,3600,0.4,159,78.6,29.81,0.36,1.31,0.187,12.64
5.0,0.7,2.5,3.0,0.4,3600,0.8,196,78.6,36.66,0.46,1.68,0.187,8.74
5.0,0.7,2.5,3.0,0.6,3600,0.8,196,78.6,36.66,0.46,1.68,0.187,8.74
5.0,0.7,2.5,3.0,0.8,3600,0.8,196,78.6,36.66,0.46,1.68,0.187,8.74
5.0,0.7,2.5,4.5,0.4,3600,0.8,196,78.6,36.66,0.46,1.68,0.187,8.74
5.0,0.7,2.5,4.5,0.6,3600,0.8,196,78.6,36.66,0.46,1.68,0.187,8.74
5.0,0.7,2.5,4.5,0.8,3600,0.8,196,78.6,36.66,0.46,1.68,0.187,8.74
5.0,0.7,2.5,3.0,0.4,14400,0.8,157,91.1,29.18,0.15,1.48,0.186,13.94
5.0,0.7,2.5,3.0,0.6,14400,0.8,157,91.1,29.18,0.15,1.48,0.186,13.94
5.0,0.7,2.5,3.0,0.8,14400,0.8,157,91.1,29.18,0.15,1.48,0.186,13.94
5.0,0.7,2.5,4.5,0.4,14400,0.8,157,91.1,29.18,0.15,1.48,0.186,13.94
5.0,0.7,2.5,4.5,0.6,14400,0.8,157,91.1,29.18,0.15,1.48,0.186,13.94
5.0,0.7,2.5,4.5,0.8,14400,0.8,157,91.1,29.18,0.15,1.48,0.186,13.94
3.0,1.5,2.5,3.0,0.4,3600,0.8,199,69.3,36.8,0.64,1.45,0.185,11.87
3.0,1.5,2.5,4.5,0.4,3600,0.8,199,69.3,36.8,0.64,1.45,0.185,11.87
5.0,0.7,1.5,3.0,0.4,2400,0.4,159,87.4,29.46,0.21,1.48,0.185,12.91
5.0,0.7,1.5,3.0,0.6,2400,0.4,159,87.4,29.46,0.21,1.48,0.185,12.91
5.0,0.7,1.5,3.0,0.8,2400,0.4,159,87.4,29.46,0.21,1.48,0.185,12.91
5.0,0.7,1.5,4.5,0.4,2400,0.4,159,87.4,29.46,0.21,1.48,0.185,12.91
5.0,0.7,1.5,4.5,0.6,2400,0.4,159,87.4,29.46,0.21,1.48,0.185,12.91
5.0,0.7,1.5,4.5,0.8,2400,0.4,159,87.4,29.46,0.21,1.48,0.185,12.91
4.0,1.0,1.5,3.0,0.4,3600,0.2,138,84.1,25.4,0.24,1.29,0.184,13.25
4.0,1.0,1.5,3.0,0.4,7200,0.2,138,84.1,25.4,0.24,1.29,0.184,13.25
4.0,1.0,1.5,3.0,0.4,7200,0.4,138,84.1,25.4,0.24,1.29,0.184,13.25
4.0,1.0,1.5,3.0,0.4,14400,0.2,138,84.1,25.4,0.24,1.29,0.184,13.25
4.0,1.0,1.5,3.0,0.4,14400,0.4,138,84.1,25.4,0.24,1.29,0.184,13.25
4.0,1.0,1.5,3.0,0.4,,0.4,138,84.1,25.4,0.24,1.29,0.184,13.25
4.0,1.0,1.5,3.0,0.6,3600,0.2,138,84.1,25.4,0.24,1.29,0.184,13.25
4.0,1.0,1.5,3.0,0.6,7200,0.2,138,84.1,25.4,0.24,1.29,0.184,13.25
4.0,1.0,1.5,3.0,0.6,7200,0.4,138,84.1,25.4,0.24,1.29,0.184,13.25
4.0,1.0,1.5,3.0,0.6,14400,0.2,138,84.1,25.4,0.24,1.29,0.184,13.25
4.0,1.0,1.5,3.0,0.6,14400,0.4,138,84.1,25.4,0.24,1.29,0.184,13.25
4.0,1.0,1.5,3.0,0.6,,0.4,138,84.1,25.4,0.24,1.29,0.184,13.25
4.0,1.0,1.5,3.0,0.8,3600,0.2,138,84.1,25.4,0.24,1.29,0.184,13.25
4.0,1.0,1.5,3.0,0.8,7200,0.2,138,84.1,25.4,0.24,1.29,0.184,13.25
4.0,1.0,1.5,3.0,0.8,7200,0.4,138,84.1,25.4,0.24,1.29,0.184,13.25
4.0,1.0,1.5,3.0,0.8,14400,0.2,138,84.1,25.4,0.24,1.29,0.184,13.25
4.0,1.0,1.5,3.0,0.8,14400,0.4,138,84.1,25.4,0.24,1.29,0.184,13.25
4.0,1.0,1.5,3.0,0.8,,0.4,138,84.1,25.4,0.24,1.29,0.184,13.25
4.0,1.0,1.5,4.5,0.4,3600,0.2,138,84.1,25.4,0.24,1.29,0.184,13.25
4.0,1.0,1.5,4.5,0.4,7200,0.2,138,84.1,25.4,0.24,1.29,0.184,13.25
4.0,1.0,1.5,4.5,0.4,7200,0.4,138,84.1,25.4,0.24,1.29,0.184,13.25
4.0,1.0,1.5,4.5,0.4,14400,0.2,138,84.1,25.4,0.24,1.29,0.184,13.25
4.0,1.0,1.5,4.5,0.4,14400,0.4,138,84.1,25.4,0.24,1.29,0.184,13.25
4.0,1.0,1.5,4.5,0.4,,0.4,138,84.1,25.4,0.24,1.29,0.184,13.25
4.0,1.0,1.5,4.5,0.6,3600,0.2,138,84.1,25.4,0.24,1.29,0.184,13.25
4.0,1.0,1.5,4.5,0.6,7200,0.2,138,84.1,25.4,0.24,1.29,0.184,13.25
4.0,1.0,1.5,4.5,0.6,7200,0.4,138,84.1,25.4,0.24,1.29,0.184,13.25
4.0,1.0,1.5,4.5,0.6,14400,0.2,138,84.1,25.4,0.24,1.29,0.184,13.25
4.0,1.0,1.5,4.5,0.6,14400,0.4,138,84.1,25.4,0.24,1.29,0.184,13.25
4.0,1.0,1.5,4.5,0.6,,0.4,138,84.1,25.4,0.24,1.29,0.184,13.25
4.0,1.0,1.5,4.5,0.8,3600,0.2,138,84.1,25.4,0.24,1.29,0.184,13.25
4.0,1.0,1.5,4.5,0.8,7200,0.2,138,84.1,25.4,0.24,1.29,0.184,13.25
4.0,1.0,1.5,4.5,0.8,7200,0.4,138,84.1,25.4,0.24,1.29,0.184,13.25
4.0,1.0,1.5,4.5,0.8,14400,0.2,138,84.1,25.4,0.24,1.29,0.184,13.25
4.0,1.0,1.5,4.5,0.8,14400,0.4,138,84.1,25.4,0.24,1.29,0.184,13.25
4.0,1.0,1.5,4.5,0.8,,0.4,138,84.1,25.4,0.24,1.29,0.184,13.25
4.0,1.5,2.5,3.0,0.6,1200,0.2,139,79.9,25.37,0.32,1.29,0.183,13.34
4.0,1.5,2.5,4.5,0.6,1200,0.2,139,79.9,25.37,0.32,1.29,0.183,13.34
3.0,1.5,2.5,3.0,0.6,3600,0.8,198,69.2,35.89,0.64,1.44,0.181,11.78
3.0,1.5,2.5,4.5,0.6,3600,0.8,198,69.2,35.89,0.64,1.44,0.181,11.78
4.0,1.5,2.5,3.0,0.6,2400,0.4,140,81.4,25.35,0.29,1.29,0.181,13.34
4.0,1.5,2.5,4.5,0.6,2400,0.4,140,81.4,25.35,0.29,1.29,0.181,13.34
5.0,0.7,2.5,3.0,0.4,1200,0.2,160,88.1,29.02,0.2,1.48,0.181,14.39
5.0,0.7,2.5,3.0,0.6,1200,0.2,160,88.1,29.02,0.2,1.48,0.181,14.39
5.0,0.7,2.5,3.0,0.8,1200,0.2,160,88.1,29.02,0.2,1.48,0.181,14.39
5.0,0.7,2.5,4.5,0.4,1200,0.2,160,88.1,29.02,0.2,1.48,0.181,14.39
5.0,0.7,2.5,4.5,0.6,1200,0.2,160,88.1,29.02,0.2,1.48,0.181,14.39
5.0,0.7,2.5,4.5,0.8,1200,0.2,160,88.1,29.02,0.2,1.48,0.181,14.39
5.0,0.7,1.5,3.0,0.4,2400,0.8,214,70.6,38.53,0.75,1.81,0.18,8.89
5.0,0.7,1.5,3.0,0.6,2400,0.8,214,70.6,38.53,0.75,1.81,0.18,8.89
5.0,0.7,1.5,3.0,0.8,2400,0.8,214,70.6,38.53,0.75,1.81,0.18,8.89
5.0,0.7,1.5,4.5,0.4,2400,0.8,214,70.6,38.53,0.75,1.81,0.18,8.89
5.0,0.7,1.5,4.5,0.6,2400,0.8,214,70.6,38.53,0.75,1.81,0.18,8.89
5.0,0.7,1.5,4.5,0.8,2400,0.8,214,70.6,38.53,0.75,1.81,0.18,8.89
5.0,0.7,2.5,3.0,0.4,3600,0.4,156,91.0,28.04,0.14,1.46,0.18,12.73
5.0,0.7,2.5,3.0,0.6,3600,0.4,156,91.0,28.04,0.14,1.46,0.18,12.73
5.0,0.7,2.5,3.0,0.8,3600,0.4,156,91.0,28.04,0.14,1.46,0.18,12.73
5.0,0.7,2.5,4.5,0.4,3600,0.4,156,91.0,28.04,0.14,1.46,0.18,12.73
5.0,0.7,2.5,4.5,0.6,3600,0.4,156,91.0,28.04,0.14,1.46,0.18,12.73
5.0,0.7,2.5,4.5,0.8,3600,0.4,156,91.0,28.04,0.14,1.46,0.18,12.73
3.0,1.5,2.5,3.0,0.4,2400,0.4,163,75.5,29.23,0.42,1.3,0.179,12.49
3.0,1.5,2.5,4.5,0.4,2400,0.4,163,75.5,29.23,0.42,1.3,0.179,12.49
4.0,1.0,1.5,3.0,0.4,2400,0.2,138,84.1,24.7,0.24,1.28,0.179,13.25
4.0,1.0,1.5,3.0,0.6,2400,0.2,138,84.1,24.7,0.24,1.28,0.179,13.25
4.0,1.0,1.5,3.0,0.8,2400,0.2,138,84.1,24.7,0.24,1.28,0.179,13.25
4.0,1.0,1.5,4.5,0.4,2400,0.2,138,84.1,24.7,0.24,1.28,0.179,13.25
4.0,1.0,1.5,4.5,0.6,2400,0.2,138,84.1,24.7,0.24,1.28,0.179,13.25
4.0,1.0,1.5,4.5,0.8,2400,0.2,138,84.1,24.7,0.24,1.28,0.179,13.25
5.0,1.5,2.5,3.0,0.6,1200,0.8,246,57.3,44.08,1.46,1.96,0.179,9.14
5.0,1.5,2.5,4.5,0.6,1200,0.8,246,57.3,44.08,1.46,1.96,0.179,9.14
4.0,1.5,2.5,3.0,0.8,2400,0.8,197,66.0,34.92,0.76,1.48,0.177,12.89
4.0,1.5,2.5,4.5,0.8,2400,0.8,197,66.0,34.92,0.76,1.48,0.177,12.89
3.0,1.5,2.5,3.0,0.6,7200,0.8,169,76.3,29.36,0.41,1.31,0.174,7.53
3.0,1.5,2.5,3.0,0.8,3600,0.4,158,78.5,27.44,0.35,1.28,0.174,12.77
3.0,1.5,2.5,3.0,0.8,3600,0.8,197,69.0,34.29,0.64,1.42,0.174,11.98
3.0,1.5,2.5,4.5,0.6,7200,0.8,169,76.3,29.36,0.41,1.31,0.174,7.53
3.0,1.5,2.5,4.5,0.8,3600,0.4,158,78.5,27.44,0.35,1.28,0.174,12.77
3.0,1.5,2.5,4.5,0.8,3600,0.8,197,69.0,34.29,0.64,1.42,0.174,11.98
4.0,1.5,2.5,3.0,0.4,3600,0.8,178,72.5,30.82,0.53,1.38,0.173,12.0
4.0,1.5,2.5,4.5,0.4,3600,0.8,178,72.5,30.82,0.53,1.38,0.173,12.0
5.0,1.5,2.5,3.0,0.8,1200,0.8,246,57.3,42.58,1.43,1.93,0.173,9.35
5.0,1.5,2.5,4.5,0.8,1200,0.8,246,57.3,42.58,1.43,1.93,0.173,9.35
4.0,1.5,2.5,3.0,0.6,2400,0.8,199,65.8,34.3,0.77,1.47,0.172,12.88
4.0,1.5,2.5,4.5,0.6,2400,0.8,199,65.8,34.3,0.77,1.47,0.172,12.88
3.0,1.5,2.5,3.0,0.6,3600,0.2,156,78.8,26.67,0.34,1.27,0.171,12.64
3.0,1.5,2.5,3.0,0.6,7200,0.2,156,78.8,26.67,0.34,1.27,0.171,12.64
3.0,1.5,2.5,3.0,0.6,7200,0.4,156,78.8,26.67,0.34,1.27,0.171,12.64
3.0,1.5,2.5,3.0,0.6,14400,0.2,156,78.8,26.67,0.34,1.27,0.171,12.64
3.0,1.5,2.5,3.0,0.6,14400,0.4,156,78.8,26.67,0.34,1.27,0.171,12.64
3.0,1.5,2.5,3.0,0.6,,0.4,156,78.8,26.67,0.34,1.27,0.171,12.64
3.0,1.5,2.5,4.5,0.6,3600,0.2,156,78.8,26.67,0.34,1.27,0.171,12.64
3.0,1.5,2.5,4.5,0.6,7200,0.2,156,78.8,26.67,0.34,1.27,0.171,12.64
3.0,1.5,2.5,4.5,0.6,7200,0.4,156,78.8,26.67,0.34,1.27,0.171,12.64
3.0,1.5,2.5,4.5,0.6,14400,0.2,156,78.8,26.67,0.34,1.27,0.171,12.64
3.0,1.5,2.5,4.5,0.6,14400,0.4,156,78.8,26.67,0.34,1.27,0.171,12.64
3.0,1.5,2.5,4.5,0.6,,0.4,156,78.8,26.67,0.34,1.27,0.171,12.64
4.0,1.0,1.5,3.0,0.4,3600,0.4,139,83.5,23.81,0.25,1.27,0.171,13.25
4.0,1.0,1.5,3.0,0.6,3600,0.4,139,83.5,23.81,0.25,1.27,0.171,13.25
4.0,1.0,1.5,3.0,0.8,3600,0.4,139,83.5,23.81,0.25,1.27,0.171,13.25
4.0,1.0,1.5,4.5,0.4,3600,0.4,139,83.5,23.81,0.25,1.27,0.171,13.25
4.0,1.0,1.5,4.5,0.6,3600,0.4,139,83.5,23.81,0.25,1.27,0.171,13.25
4.0,1.0,1.5,4.5,0.8,3600,0.4,139,83.5,23.81,0.25,1.27,0.171,13.25
4.0,1.5,2.5,3.0,0.4,2400,0.8,200,65.5,34.22,0.78,1.47,0.171,12.68
4.0,1.5,2.5,4.5,0.4,2400,0.8,200,65.5,34.22,0.78,1.47,0.171,12.68
3.0,1.5,2.5,3.0,0.4,1200,0.2,159,75.5,26.74,0.41,1.27,0.168,11.68
3.0,1.5,2.5,4.5,0.4,1200,0.2,159,75.5,26.74,0.41,1.27,0.168,11.68
3.0,1.5,2.5,3.0,0.6,2400,0.2,156,78.8,26.08,0.34,1.26,0.167,12.64
3.0,1.5,2.5,4.5,0.6,2400,0.2,156,78.8,26.08,0.34,1.26,0.167,12.64
4.0,1.5,2.5,3.0,0.8,3600,0.8,175,72.6,29.23,0.52,1.36,0.167,12.0
4.0,1.5,2.5,4.5,0.8,3600,0.8,175,72.6,29.23,0.52,1.36,0.167,12.0
3.0,1.5,2.5,3.0,0.6,2400,0.8,217,63.6,36.0,0.85,1.49,0.166,8.53
3.0,1.5,2.5,4.5,0.6,2400,0.8,217,63.6,36.0,0.85,1.49,0.166,8.53
4.0,1.5,2.5,3.0,0.6,3600,0.8,177,72.3,29.35,0.52,1.36,0.166,12.0
4.0,1.5,2.5,4.5,0.6,3600,0.8,177,72.3,29.35,0.52,1.36,0.166,12.0
3.0,1.5,2.5,3.0,0.4,14400,0.8,159,76.1,26.18,0.4,1.26,0.165,12.49
3.0,1.5,2.5,4.5,0.4,14400,0.8,159,76.1,26.18,0.4,1.26,0.165,12.49
4.0,1.5,2.5,3.0,0.6,14400,0.8,139,80.6,22.77,0.3,1.25,0.164,13.34
4.0,1.5,2.5,4.5,0.6,14400,0.8,139,80.6,22.77,0.3,1.25,0.164,13.34
3.0,1.5,2.5,3.0,0.4,2400,0.8,218,63.3,35.58,0.86,1.48,0.163,8.87
3.0,1.5,2.5,3.0,0.8,2400,0.8,216,63.4,35.2,0.85,1.48,0.163,8.74
3.0,1.5,2.5,4.5,0.4,2400,0.8,218,63.3,35.58,0.86,1.48,0.163,8.87
3.0,1.5,2.5,4.5,0.8,2400,0.8,216,63.4,35.2,0.85,1.48,0.163,8.74
4.0,1.0,1.5,3.0,0.4,7200,0.8,149,80.5,24.27,0.31,1.28,0.163,13.25
4.0,1.0,1.5,3.0,0.6,7200,0.8,149,80.5,24.27,0.31,1.28,0.163,13.25
4.0,1.0,1.5,3.0,0.8,7200,0.8,149,80.5,24.27,0.31,1.28,0.163,13.25
4.0,1.0,1.5,4.5,0.4,7200,0.8,149,80.5,24.27,0.31,1.28,0.163,13.25
4.0,1.0,1.5,4.5,0.6,7200,0.8,149,80.5,24.27,0.31,1.28,0.163,13.25
4.0,1.0,1.5,4.5,0.8,7200,0.8,149,80.5,24.27,0.31,1.28,0.163,13.25
4.0,1.5,2.5,3.0,0.8,2400,0.4,140,80.7,22.77,0.3,1.26,0.163,13.57
4.0,1.5,2.5,3.0,0.8,14400,0.8,139,81.3,22.69,0.29,1.25,0.163,13.57
4.0,1.5,2.5,4.5,0.8,2400,0.4,140,80.7,22.77,0.3,1.26,0.163,13.57
4.0,1.5,2.5,4.5,0.8,14400,0.8,139,81.3,22.69,0.29,1.25,0.163,13.57
5.0,0.7,2.5,3.0,0.4,2400,0.8,214,70.6,34.93,0.72,1.73,0.163,8.89
5.0,0.7,2.5,3.0,0.6,2400,0.8,214,70.6,34.93,0.72,1.73,0.163,8.89
5.0,0.7,2.5,3.0,0.8,2400,0.8,214,70.6,34.93,0.72,1.73,0.163,8.89
5.0,0.7,2.5,4.5,0.4,2400,0.8,214,70.6,34.93,0.72,1.73,0.163,8.89
5.0,0.7,2.5,4.5,0.6,2400,0.8,214,70.6,34.93,0.72,1.73,0.163,8.89
5.0,0.7,2.5,4.5,0.8,2400,0.8,214,70.6,34.93,0.72,1.73,0.163,8.89
5.0,1.0,1.5,3.0,0.4,1200,0.8,246,57.3,40.16,1.4,1.87,0.163,8.57
5.0,1.0,1.5,3.0,0.6,1200,0.8,246,57.3,40.16,1.4,1.87,0.163,8.57
5.0,1.0,1.5,3.0,0.8,1200,0.8,246,57.3,40.16,1.4,1.87,0.163,8.57
5.0,1.0,1.5,4.5,0.4,1200,0.8,246,57.3,40.16,1.4,1.87,0.163,8.57
5.0,1.0,1.5,4.5,0.6,1200,0.8,246,57.3,40.16,1.4,1.87,0.163,8.57
5.0,1.0,1.5,4.5,0.8,1200,0.8,246,57.3,40.16,1.4,1.87,0.163,8.57
3.0,1.0,1.5,3.0,0.4,3600,0.4,160,78.8,25.9,0.34,1.27,0.162,13.5
3.0,1.0,1.5,3.0,0.6,3600,0.4,160,78.8,25.9,0.34,1.27,0.162,13.5
3.0,1.0,1.5,3.0,0.8,3600,0.4,160,78.8,25.9,0.34,1.27,0.162,13.5
3.0,1.0,1.5,4.5,0.4,3600,0.4,160,78.8,25.9,0.34,1.27,0.162,13.5
3.0,1.0,1.5,4.5,0.6,3600,0.4,160,78.8,25.9,0.34,1.27,0.162,13.5
3.0,1.0,1.5,4.5,0.8,3600,0.4,160,78.8,25.9,0.34,1.27,0.162,13.5
3.0,1.5,2.5,3.0,0.6,2400,0.4,162,75.3,26.26,0.42,1.27,0.162,12.64
3.0,1.5,2.5,4.5,0.6,2400,0.4,162,75.3,26.26,0.42,1.27,0.162,12.64
3.0,1.5,2.5,3.0,0.8,7200,0.8,168,76.8,26.78,0.39,1.28,0.159,7.73
3.0,1.5,2.5,4.5,0.8,7200,0.8,168,76.8,26.78,0.39,1.28,0.159,7.73
3.0,1.5,2.5,3.0,0.8,3600,0.2,155,78.7,24.56,0.34,1.25,0.158,12.77
3.0,1.5,2.5,3.0,0.8,7200,0.2,155,78.7,24.56,0.34,1.25,0.158,12.77
3.0,1.5,2.5,3.0,0.8,7200,0.4,155,78.7,24.56,0.34,1.25,0.158,12.77
3.0,1.5,2.5,3.0,0.8,14400,0.2,155,78.7,24.56,0.34,1.25,0.158,12.77
3.0,1.5,2.5,3.0,0.8,14400,0.4,155,78.7,24.56,0.34,1.25,0.158,12.77
3.0,1.5,2.5,3.0,0.8,,0.4,155,78.7,24.56,0.34,1.25,0.158,12.77
3.0,1.5,2.5,4.5,0.8,3600,0.2,155,78.7,24.56,0.34,1.25,0.158,12.77
3.0,1.5,2.5,4.5,0.8,7200,0.2,155,78.7,24.56,0.34,1.25,0.158,12.77
3.0,1.5,2.5,4.5,0.8,7200,0.4,155,78.7,24.56,0.34,1.25,0.158,12.77
3.0,1.5,2.5,4.5,0.8,14400,0.2,155,78.7,24.56,0.34,1.25,0.158,12.77
3.0,1.5,2.5,4.5,0.8,14400,0.4,155,78.7,24.56,0.34,1.25,0.158,12.77
3.0,1.5,2.5,4.5,0.8,,0.4,155,78.7,24.56,0.34,1.25,0.158,12.77
4.0,0.7,1.5,3.0,0.4,7200,0.8,176,85.8,27.63,0.23,1.39,0.157,13.08
4.0,0.7,1.5,3.0,0.6,7200,0.8,176,85.8,27.63,0.23,1.39,0.157,13.08
4.0,0.7,1.5,3.0,0.8,7200,0.8,176,85.8,27.63,0.23,1.39,0.157,13.08
4.0,0.7,1.5,4.5,0.4,7200,0.8,176,85.8,27.63,0.23,1.39,0.157,13.08
4.0,0.7,1.5,4.5,0.6,7200,0.8,176,85.8,27.63,0.23,1.39,0.157,13.08
4.0,0.7,1.5,4.5,0.8,7200,0.8,176,85.8,27.63,0.23,1.39,0.157,13.08
3.0,1.5,2.5,3.0,0.8,2400,0.2,155,78.7,24.17,0.34,1.24,0.156,12.77
3.0,1.5,2.5,4.5,0.8,2400,0.2,155,78.7,24.17,0.34,1.24,0.156,12.77
4.0,0.7,1.5,3.0,0.4,3600,0.2,165,89.1,25.65,0.17,1.36,0.155,10.9
4.0,0.7,1.5,3.0,0.4,7200,0.2,165,89.1,25.65,0.17,1.36,0.155,10.9
4.0,0.7,1.5,3.0,0.4,7200,0.4,165,89.1,25.65,0.17,1.36,0.155,10.9
4.0,0.7,1.5,3.0,0.4,14400,0.2,165,89.1,25.65,0.17,1.36,0.155,10.9
4.0,0.7,1.5,3.0,0.4,14400,0.4,165,89.1,25.65,0.17,1.36,0.155,10.9
4.0,0.7,1.5,3.0,0.4,,0.4,165,89.1,25.65,0.17,1.36,0.155,10.9
4.0,0.7,1.5,3.0,0.6,3600,0.2,165,89.1,25.65,0.17,1.36,0.155,10.9
4.0,0.7,1.5,3.0,0.6,7200,0.2,165,89.1,25.65,0.17,1.36,0.155,10.9
4.0,0.7,1.5,3.0,0.6,7200,0.4,165,89.1,25.65,0.17,1.36,0.155,10.9
4.0,0.7,1.5,3.0,0.6,14400,0.2,165,89.1,25.65,0.17,1.36,0.155,10.9
4.0,0.7,1.5,3.0,0.6,14400,0.4,165,89.1,25.65,0.17,1.36,0.155,10.9
4.0,0.7,1.5,3.0,0.6,,0.4,165,89.1,25.65,0.17,1.36,0.155,10.9
4.0,0.7,1.5,3.0,0.8,3600,0.2,165,89.1,25.65,0.17,1.36,0.155,10.9
4.0,0.7,1.5,3.0,0.8,7200,0.2,165,89.1,25.65,0.17,1.36,0.155,10.9
4.0,0.7,1.5,3.0,0.8,7200,0.4,165,89.1,25.65,0.17,1.36,0.155,10.9
4.0,0.7,1.5,3.0,0.8,14400,0.2,165,89.1,25.65,0.17,1.36,0.155,10.9
4.0,0.7,1.5,3.0,0.8,14400,0.4,165,89.1,25.65,0.17,1.36,0.155,10.9
4.0,0.7,1.5,3.0,0.8,,0.4,165,89.1,25.65,0.17,1.36,0.155,10.9
4.0,0.7,1.5,4.5,0.4,3600,0.2,165,89.1,25.65,0.17,1.36,0.155,10.9
4.0,0.7,1.5,4.5,0.4,7200,0.2,165,89.1,25.65,0.17,1.36,0.155,10.9
4.0,0.7,1.5,4.5,0.4,7200,0.4,165,89.1,25.65,0.17,1.36,0.155,10.9
4.0,0.7,1.5,4.5,0.4,14400,0.2,165,89.1,25.65,0.17,1.36,0.155,10.9
4.0,0.7,1.5,4.5,0.4,14400,0.4,165,89.1,25.65,0.17,1.36,0.155,10.9
4.0,0.7,1.5,4.5,0.4,,0.4,165,89.1,25.65,0.17,1.36,0.155,10.9
4.0,0.7,1.5,4.5,0.6,3600,0.2,165,89.1,25.65,0.17,1.36,0.155,10.9
4.0,0.7,1.5,4.5,0.6,7200,0.2,165,89.1,25.65,0.17,1.36,0.155,10.9
4.0,0.7,1.5,4.5,0.6,7200,0.4,165,89.1,25.65,0.17,1.36,0.155,10.9
4.0,0.7,1.5,4.5,0.6,14400,0.2,165,89.1,25.65,0.17,1.36,0.155,10.9
4.0,0.7,1.5,4.5,0.6,14400,0.4,165,89.1,25.65,0.17,1.36,0.155,10.9
4.0,0.7,1.5,4.5,0.6,,0.4,165,89.1,25.65,0.17,1.36,0.155,10.9
4.0,0.7,1.5,4.5,0.8,3600,0.2,165,89.1,25.65,0.17,1.36,0.155,10.9
4.0,0.7,1.5,4.5,0.8,7200,0.2,165,89.1,25.65,0.17,1.36,0.155,10.9
4.0,0.7,1.5,4.5,0.8,7200,0.4,165,89.1,25.65,0.17,1.36,0.155,10.9
4.0,0.7,1.5,4.5,0.8,14400,0.2,165,89.1,25.65,0.17,1.36,0.155,10.9
4.0,0.7,1.5,4.5,0.8,14400,0.4,165,89.1,25.65,0.17,1.36,0.155,10.9
4.0,0.7,1.5,4.5,0.8,,0.4,165,89.1,25.65,0.17,1.36,0.155,10.9
4.0,0.7,1.5,3.0,0.4,2400,0.2,165,89.1,25.22,0.17,1.35,0.153,11.33
4.0,0.7,1.5,3.0,0.6,2400,0.2,165,89.1,25.22,0.17,1.35,0.153,11.33
4.0,0.7,1.5,3.0,0.8,2400,0.2,165,89.1,25.22,0.17,1.35,0.153,11.33
4.0,0.7,1.5,4.5,0.4,2400,0.2,165,89.1,25.22,0.17,1.35,0.153,11.33
4.0,0.7,1.5,4.5,0.6,2400,0.2,165,89.1,25.22,0.17,1.35,0.153,11.33
4.0,0.7,1.5,4.5,0.8,2400,0.2,165,89.1,25.22,0.17,1.35,0.153,11.33
3.0,1.5,2.5,3.0,0.4,1200,0.4,190,66.8,28.71,0.65,1.32,0.151,9.11
3.0,1.5,2.5,4.5,0.4,1200,0.4,190,66.8,28.71,0.65,1.32,0.151,9.11
4.0,1.5,2.5,3.0,0.4,1200,0.4,165,70.9,24.87,0.53,1.29,0.151,13.08
4.0,1.5,2.5,4.5,0.4,1200,0.4,165,70.9,24.87,0.53,1.29,0.151,13.08
5.0,1.0,2.5,3.0,0.4,1200,0.4,145,75.9,21.95,0.42,1.32,0.151,14.63
5.0,1.0,2.5,3.0,0.6,1200,0.4,145,75.9,21.95,0.42,1.32,0.151,14.63
5.0,1.0,2.5,3.0,0.8,1200,0.4,145,75.9,21.95,0.42,1.32,0.151,14.63
5.0,1.0,2.5,4.5,0.4,1200,0.4,145,75.9,21.95,0.42,1.32,0.151,14.63
5.0,1.0,2.5,4.5,0.6,1200,0.4,145,75.9,21.95,0.42,1.32,0.151,14.63
5.0,1.0,2.5,4.5,0.8,1200,0.4,145,75.9,21.95,0.42,1.32,0.151,14.63
5.0,0.7,2.5,3.0,0.4,2400,0.4,159,87.4,23.7,0.2,1.39,0.149,14.35
5.0,0.7,2.5,3.0,0.6,2400,0.4,159,87.4,23.7,0.2,1.39,0.149,14.35
5.0,0.7,2.5,3.0,0.8,2400,0.4,159,87.4,23.7,0.2,1.39,0.149,14.35
5.0,0.7,2.5,4.5,0.4,2400,0.4,159,87.4,23.7,0.2,1.39,0.149,14.35
5.0,0.7,2.5,4.5,0.6,2400,0.4,159,87.4,23.7,0.2,1.39,0.149,14.35
5.0,0.7,2.5,4.5,0.8,2400,0.4,159,87.4,23.7,0.2,1.39,0.149,14.35
4.0,1.0,1.5,3.0,0.4,1200,0.2,140,80.0,20.64,0.31,1.23,0.147,13.25
4.0,1.0,1.5,3.0,0.6,1200,0.2,140,80.0,20.64,0.31,1.23,0.147,13.25
4.0,1.0,1.5,3.0,0.8,1200,0.2,140,80.0,20.64,0.31,1.23,0.147,13.25
4.0,1.0,1.5,4.5,0.4,1200,0.2,140,80.0,20.64,0.31,1.23,0.147,13.25
4.0,1.0,1.5,4.5,0.6,1200,0.2,140,80.0,20.64,0.31,1.23,0.147,13.25
4.0,1.0,1.5,4.5,0.8,1200,0.2,140,80.0,20.64,0.31,1.23,0.147,13.25
3.0,1.0,1.5,3.0,0.4,3600,0.2,157,79.0,22.95,0.33,1.23,0.146,13.5
3.0,1.0,1.5,3.0,0.4,7200,0.2,157,79.0,22.95,0.33,1.23,0.146,13.5
3.0,1.0,1.5,3.0,0.4,7200,0.4,157,79.0,22.95,0.33,1.23,0.146,13.5
3.0,1.0,1.5,3.0,0.4,14400,0.2,157,79.0,22.95,0.33,1.23,0.146,13.5
3.0,1.0,1.5,3.0,0.4,14400,0.4,157,79.0,22.95,0.33,1.23,0.146,13.5
3.0,1.0,1.5,3.0,0.4,,0.4,157,79.0,22.95,0.33,1.23,0.146,13.5
3.0,1.0,1.5,3.0,0.6,3600,0.2,157,79.0,22.95,0.33,1.23,0.146,13.5
3.0,1.0,1.5,3.0,0.6,7200,0.2,157,79.0,22.95,0.33,1.23,0.146,13.5
3.0,1.0,1.5,3.0,0.6,7200,0.4,157,79.0,22.95,0.33,1.23,0.146,13.5
3.0,1.0,1.5,3.0,0.6,14400,0.2,157,79.0,22.95,0.33,1.23,0.146,13.5
3.0,1.0,1.5,3.0,0.6,14400,0.4,157,79.0,22.95,0.33,1.23,0.146,13.5
3.0,1.0,1.5,3.0,0.6,,0.4,157,79.0,22.95,0.33,1.23,0.146,13.5
3.0,1.0,1.5,3.0,0.8,3600,0.2,157,79.0,22.95,0.33,1.23,0.146,13.5
3.0,1.0,1.5,3.0,0.8,7200,0.2,157,79.0,22.95,0.33,1.23,0.146,13.5
3.0,1.0,1.5,3.0,0.8,7200,0.4,157,79.0,22.95,0.33,1.23,0.146,13.5
3.0,1.0,1.5,3.0,0.8,14400,0.2,157,79.0,22.95,0.33,1.23,0.146,13.5
3.0,1.0,1.5,3.0,0.8,14400,0.4,157,79.0,22.95,0.33,1.23,0.146,13.5
3.0,1.0,1.5,3.0,0.8,,0.4,157,79.0,22.95,0.33,1.23,0.146,13.5
3.0,1.0,1.5,4.5,0.4,3600,0.2,157,79.0,22.95,0.33,1.23,0.146,13.5
3.0,1.0,1.5,4.5,0.4,7200,0.2,157,79.0,22.95,0.33,1.23,0.146,13.5
3.0,1.0,1.5,4.5,0.4,7200,0.4,157,79.0,22.95,0.33,1.23,0.146,13.5
3.0,1.0,1.5,4.5,0.4,14400,0.2,157,79.0,22.95,0.33,1.23,0.146,13.5
3.0,1.0,1.5,4.5,0.4,14400,0.4,157,79.0,22.95,0.33,1.23,0.146,13.5
3.0,1.0,1.5,4.5,0.4,,0.4,157,79.0,22.95,0.33,1.23,0.146,13.5
3.0,1.0,1.5,4.5,0.6,3600,0.2,157,79.0,22.95,0.33,1.23,0.146,13.5
3.0,1.0,1.5,4.5,0.6,7200,0.2,157,79.0,22.95,0.33,1.23,0.146,13.5
3.0,1.0,1.5,4.5,0.6,7200,0.4,157,79.0,22.95,0.33,1.23,0.146,13.5
3.0,1.0,1.5,4.5,0.6,14400,0.2,157,79.0,22.95,0.33,1.23,0.146,13.5
3.0,1.0,1.5,4.5,0.6,14400,0.4,157,79.0,22.95,0.33,1.23,0.146,13.5
3.0,1.0,1.5,4.5,0.6,,0.4,157,79.0,22.95,0.33,1.23,0.146,13.5
3.0,1.0,1.5,4.5,0.8,3600,0.2,157,79.0,22.95,0.33,1.23,0.146,13.5
3.0,1.0,1.5,4.5,0.8,7200,0.2,157,79.0,22.95,0.33,1.23,0.146,13.5
3.0,1.0,1.5,4.5,0.8,7200,0.4,157,79.0,22.95,0.33,1.23,0.146,13.5
3.0,1.0,1.5,4.5,0.8,14400,0.2,157,79.0,22.95,0.33,1.23,0.146,13.5
3.0,1.0,1.5,4.5,0.8,14400,0.4,157,79.0,22.95,0.33,1.23,0.146,13.5
3.0,1.0,1.5,4.5,0.8,,0.4,157,79.0,22.95,0.33,1.23,0.146,13.5
3.0,1.0,1.5,3.0,0.4,3600,0.8,199,69.3,28.83,0.6,1.35,0.145,12.63
3.0,1.0,1.5,3.0,0.6,3600,0.8,199,69.3,28.83,0.6,1.35,0.145,12.63
3.0,1.0,1.5,3.0,0.8,3600,0.8,199,69.3,28.83,0.6,1.35,0.145,12.63
3.0,1.0,1.5,4.5,0.4,3600,0.8,199,69.3,28.83,0.6,1.35,0.145,12.63
3.0,1.0,1.5,4.5,0.6,3600,0.8,199,69.3,28.83,0.6,1.35,0.145,12.63
3.0,1.0,1.5,4.5,0.8,3600,0.8,199,69.3,28.83,0.6,1.35,0.145,12.63
4.0,0.7,1.5,3.0,0.4,14400,0.8,166,88.0,24.11,0.18,1.33,0.145,12.44
4.0,0.7,1.5,3.0,0.6,14400,0.8,166,88.0,24.11,0.18,1.33,0.145,12.44
4.0,0.7,1.5,3.0,0.8,14400,0.8,166,88.0,24.11,0.18,1.33,0.145,12.44
4.0,0.7,1.5,4.5,0.4,14400,0.8,166,88.0,24.11,0.18,1.33,0.145,12.44
4.0,0.7,1.5,4.5,0.6,14400,0.8,166,88.0,24.11,0.18,1.33,0.145,12.44
4.0,0.7,1.5,4.5,0.8,14400,0.8,166,88.0,24.11,0.18,1.33,0.145,12.44
4.0,1.0,1.5,3.0,0.4,14400,0.8,140,80.7,20.07,0.29,1.22,0.143,13.25
4.0,1.0,1.5,3.0,0.6,14400,0.8,140,80.7,20.07,0.29,1.22,0.143,13.25
4.0,1.0,1.5,3.0,0.8,14400,0.8,140,80.7,20.07,0.29,1.22,0.143,13.25
4.0,1.0,1.5,4.5,0.4,14400,0.8,140,80.7,20.07,0.29,1.22,0.143,13.25
4.0,1.0,1.5,4.5,0.6,14400,0.8,140,80.7,20.07,0.29,1.22,0.143,13.25
4.0,1.0,1.5,4.5,0.8,14400,0.8,140,80.7,20.07,0.29,1.22,0.143,13.25
3.0,1.0,1.5,3.0,0.4,2400,0.2,157,79.0,22.25,0.33,1.22,0.142,13.5
3.0,1.0,1.5,3.0,0.6,2400,0.2,157,79.0,22.25,0.33,1.22,0.142,13.5
3.0,1.0,1.5,3.0,0.8,2400,0.2,157,79.0,22.25,0.33,1.22,0.142,13.5
3.0,1.0,1.5,4.5,0.4,2400,0.2,157,79.0,22.25,0.33,1.22,0.142,13.5
3.0,1.0,1.5,4.5,0.6,2400,0.2,157,79.0,22.25,0.33,1.22,0.142,13.5
3.0,1.0,1.5,4.5,0.8,2400,0.2,157,79.0,22.25,0.33,1.22,0.142,13.5
3.0,1.0,1.5,3.0,0.4,7200,0.8,170,76.5,23.95,0.38,1.25,0.141,8.22
3.0,1.0,1.5,3.0,0.6,7200,0.8,170,76.5,23.95,0.38,1.25,0.141,8.22
3.0,1.0,1.5,3.0,0.8,7200,0.8,170,76.5,23.95,0.38,1.25,0.141,8.22
3.0,1.0,1.5,4.5,0.4,7200,0.8,170,76.5,23.95,0.38,1.25,0.141,8.22
3.0,1.0,1.5,4.5,0.6,7200,0.8,170,76.5,23.95,0.38,1.25,0.141,8.22
3.0,1.0,1.5,4.5,0.8,7200,0.8,170,76.5,23.95,0.38,1.25,0.141,8.22
3.0,1.5,2.5,3.0,0.6,1200,0.2,158,75.3,22.11,0.4,1.22,0.14,12.11
3.0,1.5,2.5,4.5,0.6,1200,0.2,158,75.3,22.11,0.4,1.22,0.14,12.11
3.0,1.5,2.5,3.0,0.6,1200,0.4,189,66.7,26.31,0.64,1.29,0.139,9.51
3.0,1.5,2.5,4.5,0.6,1200,0.4,189,66.7,26.31,0.64,1.29,0.139,9.51
4.0,0.7,1.5,3.0,0.4,3600,0.4,165,87.9,22.97,0.18,1.32,0.139,11.23
4.0,0.7,1.5,3.0,0.6,3600,0.4,165,87.9,22.97,0.18,1.32,0.139,11.23
4.0,0.7,1.5,3.0,0.8,3600,0.4,165,87.9,22.97,0.18,1.32,0.139,11.23
4.0,0.7,1.5,4.5,0.4,3600,0.4,165,87.9,22.97,0.18,1.32,0.139,11.23
4.0,0.7,1.5,4.5,0.6,3600,0.4,165,87.9,22.97,0.18,1.32,0.139,11.23
4.0,0.7,1.5,4.5,0.8,3600,0.4,165,87.9,22.97,0.18,1.32,0.139,11.23
5.0,1.0,2.5,3.0,0.4,1200,0.8,246,57.3,34.31,1.3,1.75,0.139,8.57
5.0,1.0,2.5,3.0,0.6,1200,0.8,246,57.3,34.31,1.3,1.75,0.139,8.57
5.0,1.0,2.5,3.0,0.8,1200,0.8,246,57.3,34.31,1.3,1.75,0.139,8.57
5.0,1.0,2.5,4.5,0.4,1200,0.8,246,57.3,34.31,1.3,1.75,0.139,8.57
5.0,1.0,2.5,4.5,0.6,1200,0.8,246,57.3,34.31,1.3,1.75,0.139,8.57
5.0,1.0,2.5,4.5,0.8,1200,0.8,246,57.3,34.31,1.3,1.75,0.139,8.57
3.0,1.0,1.5,3.0,0.4,2400,0.8,218,63.3,30.0,0.82,1.41,0.138,8.16
3.0,1.0,1.5,3.0,0.6,2400,0.8,218,63.3,30.0,0.82,1.41,0.138,8.16
3.0,1.0,1.5,3.0,0.8,2400,0.8,218,63.3,30.0,0.82,1.41,0.138,8.16
3.0,1.0,1.5,4.5,0.4,2400,0.8,218,63.3,30.0,0.82,1.41,0.138,8.16
3.0,1.0,1.5,4.5,0.6,2400,0.8,218,63.3,30.0,0.82,1.41,0.138,8.16
3.0,1.0,1.5,4.5,0.8,2400,0.8,218,63.3,30.0,0.82,1.41,0.138,8.16
4.0,1.0,1.5,3.0,0.4,2400,0.4,141,81.6,19.45,0.28,1.22,0.138,13.25
4.0,1.0,1.5,3.0,0.6,2400,0.4,141,81.6,19.45,0.28,1.22,0.138,13.25
4.0,1.0,1.5,3.0,0.8,2400,0.4,141,81.6,19.45,0.28,1.22,0.138,13.25
4.0,1.0,1.5,4.5,0.4,2400,0.4,141,81.6,19.45,0.28,1.22,0.138,13.25
4.0,1.0,1.5,4.5,0.6,2400,0.4,141,81.6,19.45,0.28,1.22,0.138,13.25
4.0,1.0,1.5,4.5,0.8,2400,0.4,141,81.6,19.45,0.28,1.22,0.138,13.25
3.0,1.5,2.5,3.0,0.4,1200,0.8,274,55.5,37.44,1.31,1.63,0.137,6.56
3.0,1.5,2.5,3.0,0.8,2400,0.4,161,75.2,22.11,0.41,1.23,0.137,12.77
3.0,1.5,2.5,4.5,0.4,1200,0.8,274,55.5,37.44,1.31,1.63,0.137,6.56
3.0,1.5,2.5,4.5,0.8,2400,0.4,161,75.2,22.11,0.41,1.23,0.137,12.77
5.0,0.7,1.5,3.0,0.4,1200,0.4,185,75.7,25.11,0.46,1.43,0.136,16.21
5.0,0.7,1.5,3.0,0.6,1200,0.4,185,75.7,25.11,0.46,1.43,0.136,16.21
5.0,0.7,1.5,3.0,0.8,1200,0.4,185,75.7,25.11,0.46,1.43,0.136,16.21
5.0,0.7,1.5,4.5,0.4,1200,0.4,185,75.7,25.11,0.46,1.43,0.136,16.21
5.0,0.7,1.5,4.5,0.6,1200,0.4,185,75.7,25.11,0.46,1.43,0.136,16.21
5.0,0.7,1.5,4.5,0.8,1200,0.4,185,75.7,25.11,0.46,1.43,0.136,16.21
4.0,0.7,1.5,3.0,0.4,3600,0.8,201,76.6,27.2,0.43,1.42,0.135,7.55
4.0,0.7,1.5,3.0,0.6,3600,0.8,201,76.6,27.2,0.43,1.42,0.135,7.55
4.0,0.7,1.5,3.0,0.8,3600,0.8,201,76.6,27.2,0.43,1.42,0.135,7.55
4.0,0.7,1.5,4.5,0.4,3600,0.8,201,76.6,27.2,0.43,1.42,0.135,7.55
4.0,0.7,1.5,4.5,0.6,3600,0.8,201,76.6,27.2,0.43,1.42,0.135,7.55
4.0,0.7,1.5,4.5,0.8,3600,0.8,201,76.6,27.2,0.43,1.42,0.135,7.55
4.0,1.0,1.5,3.0,0.4,2400,0.8,200,65.5,27.07,0.72,1.37,0.135,12.51
4.0,1.0,1.5,3.0,0.4,3600,0.8,178,72.5,24.06,0.49,1.3,0.135,12.0
4.0,1.0,1.5,3.0,0.6,2400,0.8,200,65.5,27.07,0.72,1.37,0.135,12.51
4.0,1.0,1.5,3.0,0.6,3600,0.8,178,72.5,24.06,0.49,1.3,0.135,12.0
4.0,1.0,1.5,3.0,0.8,2400,0.8,200,65.5,27.07,0.72,1.37,0.135,12.51
4.0,1.0,1.5,3.0,0.8,3600,0.8,178,72.5,24.06,0.49,1.3,0.135,12.0
4.0,1.0,1.5,4.5,0.4,2400,0.8,200,65.5,27.07,0.72,1.37,0.135,12.51
4.0,1.0,1.5,4.5,0.4,3600,0.8,178,72.5,24.06,0.49,1.3,0.135,12.0
4.0,1.0,1.5,4.5,0.6,2400,0.8,200,65.5,27.07,0.72,1.37,0.135,12.51
4.0,1.0,1.5,4.5,0.6,3600,0.8,178,72.5,24.06,0.49,1.3,0.135,12.0
4.0,1.0,1.5,4.5,0.8,2400,0.8,200,65.5,27.07,0.72,1.37,0.135,12.51
4.0,1.0,1.5,4.5,0.8,3600,0.8,178,72.5,24.06,0.49,1.3,0.135,12.0
3.0,1.5,2.5,3.0,0.6,14400,0.8,158,75.9,21.14,0.38,1.21,0.134,12.68
3.0,1.5,2.5,4.5,0.6,14400,0.8,158,75.9,21.14,0.38,1.21,0.134,12.68
4.0,1.5,2.5,3.0,0.6,1200,0.4,164,70.7,21.96,0.52,1.25,0.134,13.54
4.0,1.5,2.5,4.5,0.6,1200,0.4,164,70.7,21.96,0.52,1.25,0.134,13.54
3.0,1.5,2.5,3.0,0.6,1200,0.8,274,55.5,36.19,1.29,1.61,0.132,6.22
3.0,1.5,2.5,3.0,0.8,1200,0.2,157,75.2,20.8,0.4,1.21,0.132,12.26
3.0,1.5,2.5,4.5,0.6,1200,0.8,274,55.5,36.19,1.29,1.61,0.132,6.22
3.0,1.5,2.5,4.5,0.8,1200,0.2,157,75.2,20.8,0.4,1.21,0.132,12.26
4.0,0.7,1.5,3.0,0.4,1200,0.2,169,85.2,22.33,0.23,1.31,0.132,13.33
4.0,0.7,1.5,3.0,0.6,1200,0.2,169,85.2,22.33,0.23,1.31,0.132,13.33
4.0,0.7,1.5,3.0,0.8,1200,0.2,169,85.2,22.33,0.23,1.31,0.132,13.33
4.0,0.7,1.5,4.5,0.4,1200,0.2,169,85.2,22.33,0.23,1.31,0.132,13.33
4.0,0.7,1.5,4.5,0.6,1200,0.2,169,85.2,22.33,0.23,1.31,0.132,13.33
4.0,0.7,1.5,4.5,0.8,1200,0.2,169,85.2,22.33,0.23,1.31,0.132,13.33
3.0,1.5,2.5,3.0,0.8,1200,0.8,274,55.5,35.49,1.28,1.59,0.13,6.43
3.0,1.5,2.5,4.5,0.8,1200,0.8,274,55.5,35.49,1.28,1.59,0.13,6.43
4.0,0.7,1.5,3.0,0.4,2400,0.8,218,68.8,28.17,0.68,1.5,0.129,9.23
4.0,0.7,1.5,3.0,0.6,2400,0.8,218,68.8,28.17,0.68,1.5,0.129,9.23
4.0,0.7,1.5,3.0,0.8,2400,0.8,218,68.8,28.17,0.68,1.5,0.129,9.23
4.0,0.7,1.5,4.5,0.4,2400,0.8,218,68.8,28.17,0.68,1.5,0.129,9.23
4.0,0.7,1.5,4.5,0.6,2400,0.8,218,68.8,28.17,0.68,1.5,0.129,9.23
4.0,0.7,1.5,4.5,0.8,2400,0.8,218,68.8,28.17,0.68,1.5,0.129,9.23
4.0,0.7,2.5,3.0,0.4,3600,0.8,201,76.6,25.94,0.43,1.4,0.129,7.55
4.0,0.7,2.5,3.0,0.6,3600,0.8,201,76.6,25.94,0.43,1.4,0.129,7.55
4.0,0.7,2.5,3.0,0.8,3600,0.8,201,76.6,25.94,0.43,1.4,0.129,7.55
4.0,0.7,2.5,4.5,0.4,3600,0.8,201,76.6,25.94,0.43,1.4,0.129,7.55
4.0,0.7,2.5,4.5,0.6,3600,0.8,201,76.6,25.94,0.43,1.4,0.129,7.55
4.0,0.7,2.5,4.5,0.8,3600,0.8,201,76.6,25.94,0.43,1.4,0.129,7.55
4.0,0.7,2.5,3.0,0.4,7200,0.8,176,85.8,22.59,0.22,1.32,0.128,13.8
4.0,0.7,2.5,3.0,0.6,7200,0.8,176,85.8,22.59,0.22,1.32,0.128,13.8
4.0,0.7,2.5,3.0,0.8,7200,0.8,176,85.8,22.59,0.22,1.32,0.128,13.8
4.0,0.7,2.5,4.5,0.4,7200,0.8,176,85.8,22.59,0.22,1.32,0.128,13.8
4.0,0.7,2.5,4.5,0.6,7200,0.8,176,85.8,22.59,0.22,1.32,0.128,13.8
4.0,0.7,2.5,4.5,0.8,7200,0.8,176,85.8,22.59,0.22,1.32,0.128,13.8
4.0,0.7,2.5,3.0,0.4,3600,0.2,165,89.1,20.61,0.16,1.29,0.125,11.62
4.0,0.7,2.5,3.0,0.4,7200,0.2,165,89.1,20.61,0.16,1.29,0.125,11.62
4.0,0.7,2.5,3.0,0.4,7200,0.4,165,89.1,20.61,0.16,1.29,0.125,11.62
4.0,0.7,2.5,3.0,0.4,14400,0.2,165,89.1,20.61,0.16,1.29,0.125,11.62
4.0,0.7,2.5,3.0,0.4,14400,0.4,165,89.1,20.61,0.16,1.29,0.125,11.62
4.0,0.7,2.5,3.0,0.4,,0.4,165,89.1,20.61,0.16,1.29,0.125,11.62
4.0,0.7,2.5,3.0,0.6,3600,0.2,165,89.1,20.61,0.16,1.29,0.125,11.62
4.0,0.7,2.5,3.0,0.6,7200,0.2,165,89.1,20.61,0.16,1.29,0.125,11.62
4.0,0.7,2.5,3.0,0.6,7200,0.4,165,89.1,20.61,0.16,1.29,0.125,11.62
4.0,0.7,2.5,3.0,0.6,14400,0.2,165,89.1,20.61,0.16,1.29,0.125,11.62
4.0,0.7,2.5,3.0,0.6,14400,0.4,165,89.1,20.61,0.16,1.29,0.125,11.62
4.0,0.7,2.5,3.0,0.6,,0.4,165,89.1,20.61,0.16,1.29,0.125,11.62
4.0,0.7,2.5,3.0,0.8,3600,0.2,165,89.1,20.61,0.16,1.29,0.125,11.62
4.0,0.7,2.5,3.0,0.8,7200,0.2,165,89.1,20.61,0.16,1.29,0.125,11.62
4.0,0.7,2.5,3.0,0.8,7200,0.4,165,89.1,20.61,0.16,1.29,0.125,11.62
4.0,0.7,2.5,3.0,0.8,14400,0.2,165,89.1,20.61,0.16,1.29,0.125,11.62
4.0,0.7,2.5,3.0,0.8,14400,0.4,165,89.1,20.61,0.16,1.29,0.125,11.62
4.0,0.7,2.5,3.0,0.8,,0.4,165,89.1,20.61,0.16,1.29,0.125,11.62
4.0,0.7,2.5,4.5,0.4,3600,0.2,165,89.1,20.61,0.16,1.29,0.125,11.62
4.0,0.7,2.5,4.5,0.4,7200,0.2,165,89.1,20.61,0.16,1.29,0.125,11.62
4.0,0.7,2.5,4.5,0.4,7200,0.4,165,89.1,20.61,0.16,1.29,0.125,11.62
4.0,0.7,2.5,4.5,0.4,14400,0.2,165,89.1,20.61,0.16,1.29,0.125,11.62
4.0,0.7,2.5,4.5,0.4,14400,0.4,165,89.1,20.61,0.16,1.29,0.125,11.62
4.0,0.7,2.5,4.5,0.4,,0.4,165,89.1,20.61,0.16,1.29,0.125,11.62
4.0,0.7,2.5,4.5,0.6,3600,0.2,165,89.1,20.61,0.16,1.29,0.125,11.62
4.0,0.7,2.5,4.5,0.6,7200,0.2,165,89.1,20.61,0.16,1.29,0.125,11.62
4.0,0.7,2.5,4.5,0.6,7200,0.4,165,89.1,20.61,0.16,1.29,0.125,11.62
4.0,0.7,2.5,4.5,0.6,14400,0.2,165,89.1,20.61,0.16,1.29,0.125,11.62
4.0,0.7,2.5,4.5,0.6,14400,0.4,165,89.1,20.61,0.16,1.29,0.125,11.62
4.0,0.7,2.5,4.5,0.6,,0.4,165,89.1,20.61,0.16,1.29,0.125,11.62
4.0,0.7,2.5,4.5,0.8,3600,0.2,165,89.1,20.61,0.16,1.29,0.125,11.62
4.0,0.7,2.5,4.5,0.8,7200,0.2,165,89.1,20.61,0.16,1.29,0.125,11.62
4.0,0.7,2.5,4.5,0.8,7200,0.4,165,89.1,20.61,0.16,1.29,0.125,11.62
4.0,0.7,2.5,4.5,0.8,14400,0.2,165,89.1,20.61,0.16,1.29,0.125,11.62
4.0,0.7,2.5,4.5,0.8,14400,0.4,165,89.1,20.61,0.16,1.29,0.125,11.62
4.0,0.7,2.5,4.5,0.8,,0.4,165,89.1,20.61,0.16,1.29,0.125,11.62
5.0,0.7,1.5,3.0,0.4,1200,0.8,274,58.8,34.28,1.27,1.81,0.125,5.7
5.0,0.7,1.5,3.0,0.6,1200,0.8,274,58.8,34.28,1.27,1.81,0.125,5.7
5.0,0.7,1.5,3.0,0.8,1200,0.8,274,58.8,34.28,1.27,1.81,0.125,5.7
5.0,0.7,1.5,4.5,0.4,1200,0.8,274,58.8,34.28,1.27,1.81,0.125,5.7
5.0,0.7,1.5,4.5,0.6,1200,0.8,274,58.8,34.28,1.27,1.81,0.125,5.7
5.0,0.7,1.5,4.5,0.8,1200,0.8,274,58.8,34.28,1.27,1.81,0.125,5.7
3.0,1.0,1.5,3.0,0.4,2400,0.4,163,75.5,20.06,0.39,1.21,0.123,13.5
3.0,1.0,1.5,3.0,0.6,2400,0.4,163,75.5,20.06,0.39,1.21,0.123,13.5
3.0,1.0,1.5,3.0,0.8,2400,0.4,163,75.5,20.06,0.39,1.21,0.123,13.5
3.0,1.0,1.5,4.5,0.4,2400,0.4,163,75.5,20.06,0.39,1.21,0.123,13.5
3.0,1.0,1.5,4.5,0.6,2400,0.4,163,75.5,20.06,0.39,1.21,0.123,13.5
3.0,1.0,1.5,4.5,0.8,2400,0.4,163,75.5,20.06,0.39,1.21,0.123,13.5
4.0,0.7,2.5,3.0,0.4,2400,0.8,218,68.8,26.91,0.67,1.47,0.123,9.23
4.0,0.7,2.5,3.0,0.6,2400,0.8,218,68.8,26.91,0.67,1.47,0.123,9.23
4.0,0.7,2.5,3.0,0.8,2400,0.8,218,68.8,26.91,0.67,1.47,0.123,9.23
4.0,0.7,2.5,4.5,0.4,2400,0.8,218,68.8,26.91,0.67,1.47,0.123,9.23
4.0,0.7,2.5,4.5,0.6,2400,0.8,218,68.8,26.91,0.67,1.47,0.123,9.23
4.0,0.7,2.5,4.5,0.8,2400,0.8,218,68.8,26.91,0.67,1.47,0.123,9.23
4.0,0.7,2.5,3.0,0.4,2400,0.2,165,89.1,20.18,0.16,1.28,0.122,12.05
4.0,0.7,2.5,3.0,0.6,2400,0.2,165,89.1,20.18,0.16,1.28,0.122,12.05
4.0,0.7,2.5,3.0,0.8,2400,0.2,165,89.1,20.18,0.16,1.28,0.122,12.05
4.0,0.7,2.5,4.5,0.4,2400,0.2,165,89.1,20.18,0.16,1.28,0.122,12.05
4.0,0.7,2.5,4.5,0.6,2400,0.2,165,89.1,20.18,0.16,1.28,0.122,12.05
4.0,0.7,2.5,4.5,0.8,2400,0.2,165,89.1,20.18,0.16,1.28,0.122,12.05
4.0,1.0,2.5,3.0,0.4,3600,0.2,138,84.1,16.4,0.23,1.19,0.119,14.6
4.0,1.0,2.5,3.0,0.4,7200,0.2,138,84.1,16.4,0.23,1.19,0.119,14.6
4.0,1.0,2.5,3.0,0.4,7200,0.4,138,84.1,16.4,0.23,1.19,0.119,14.6
4.0,1.0,2.5,3.0,0.4,14400,0.2,138,84.1,16.4,0.23,1.19,0.119,14.6
4.0,1.0,2.5,3.0,0.4,14400,0.4,138,84.1,16.4,0.23,1.19,0.119,14.6
4.0,1.0,2.5,3.0,0.4,,0.4,138,84.1,16.4,0.23,1.19,0.119,14.6
4.0,1.0,2.5,3.0,0.6,3600,0.2,138,84.1,16.4,0.23,1.19,0.119,14.6
4.0,1.0,2.5,3.0,0.6,7200,0.2,138,84.1,16.4,0.23,1.19,0.119,14.6
4.0,1.0,2.5,3.0,0.6,7200,0.4,138,84.1,16.4,0.23,1.19,0.119,14.6
4.0,1.0,2.5,3.0,0.6,14400,0.2,138,84.1,16.4,0.23,1.19,0.119,14.6
4.0,1.0,2.5,3.0,0.6,14400,0.4,138,84.1,16.4,0.23,1.19,0.119,14.6
4.0,1.0,2.5,3.0,0.6,,0.4,138,84.1,16.4,0.23,1.19,0.119,14.6
4.0,1.0,2.5,3.0,0.8,3600,0.2,138,84.1,16.4,0.23,1.19,0.119,14.6
4.0,1.0,2.5,3.0,0.8,7200,0.2,138,84.1,16.4,0.23,1.19,0.119,14.6
4.0,1.0,2.5,3.0,0.8,7200,0.4,138,84.1,16.4,0.23,1.19,0.119,14.6
4.0,1.0,2.5,3.0,0.8,14400,0.2,138,84.1,16.4,0.23,1.19,0.119,14.6
4.0,1.0,2.5,3.0,0.8,14400,0.4,138,84.1,16.4,0.23,1.19,0.119,14.6
4.0,1.0,2.5,3.0,0.8,,0.4,138,84.1,16.4,0.23,1.19,0.119,14.6
4.0,1.0,2.5,4.5,0.4,3600,0.2,138,84.1,16.4,0.23,1.19,0.119,14.6
4.0,1.0,2.5,4.5,0.4,7200,0.2,138,84.1,16.4,0.23,1.19,0.119,14.6
4.0,1.0,2.5,4.5,0.4,7200,0.4,138,84.1,16.4,0.23,1.19,0.119,14.6
4.0,1.0,2.5,4.5,0.4,14400,0.2,138,84.1,16.4,0.23,1.19,0.119,14.6
4.0,1.0,2.5,4.5,0.4,14400,0.4,138,84.1,16.4,0.23,1.19,0.119,14.6
4.0,1.0,2.5,4.5,0.4,,0.4,138,84.1,16.4,0.23,1.19,0.119,14.6
4.0,1.0,2.5,4.5,0.6,3600,0.2,138,84.1,16.4,0.23,1.19,0.119,14.6
4.0,1.0,2.5,4.5,0.6,7200,0.2,138,84.1,16.4,0.23,1.19,0.119,14.6
4.0,1.0,2.5,4.5,0.6,7200,0.4,138,84.1,16.4,0.23,1.19,0.119,14.6
4.0,1.0,2.5,4.5,0.6,14400,0.2,138,84.1,16.4,0.23,1.19,0.119,14.6
4.0,1.0,2.5,4.5,0.6,14400,0.4,138,84.1,16.4,0.23,1.19,0.119,14.6
4.0,1.0,2.5,4.5,0.6,,0.4,138,84.1,16.4,0.23,1.19,0.119,14.6
4.0,1.0,2.5,4.5,0.8,3600,0.2,138,84.1,16.4,0.23,1.19,0.119,14.6
4.0,1.0,2.5,4.5,0.8,7200,0.2,138,84.1,16.4,0.23,1.19,0.119,14.6
4.0,1.0,2.5,4.5,0.8,7200,0.4,138,84.1,16.4,0.23,1.19,0.119,14.6
4.0,1.0,2.5,4.5,0.8,14400,0.2,138,84.1,16.4,0.23,1.19,0.119,14.6
4.0,1.0,2.5,4.5,0.8,14400,0.4,138,84.1,16.4,0.23,1.19,0.119,14.6
4.0,1.0,2.5,4.5,0.8,,0.4,138,84.1,16.4,0.23,1.19,0.119,14.6
4.0,1.5,2.5,3.0,0.4,1200,0.8,264,54.9,31.36,1.23,1.5,0.119,11.64
4.0,1.5,2.5,4.5,0.4,1200,0.8,264,54.9,31.36,1.23,1.5,0.119,11.64
3.0,1.5,2.5,3.0,0.8,14400,0.8,157,76.4,18.56,0.37,1.18,0.118,14.33
3.0,1.5,2.5,4.5,0.8,14400,0.8,157,76.4,18.56,0.37,1.18,0.118,14.33
3.0,1.0,1.5,3.0,0.4,14400,0.8,159,76.1,18.42,0.37,1.18,0.116,13.5
3.0,1.0,1.5,3.0,0.6,14400,0.8,159,76.1,18.42,0.37,1.18,0.116,13.5
3.0,1.0,1.5,3.0,0.8,14400,0.8,159,76.1,18.42,0.37,1.18,0.116,13.5
3.0,1.0,1.5,4.5,0.4,14400,0.8,159,76.1,18.42,0.37,1.18,0.116,13.5
3.0,1.0,1.5,4.5,0.6,14400,0.8,159,76.1,18.42,0.37,1.18,0.116,13.5
3.0,1.0,1.5,4.5,0.8,14400,0.8,159,76.1,18.42,0.37,1.18,0.116,13.5
3.0,1.0,1.5,3.0,0.4,1200,0.8,274,55.5,31.4,1.22,1.53,0.115,5.85
3.0,1.0,1.5,3.0,0.6,1200,0.8,274,55.5,31.4,1.22,1.53,0.115,5.85
3.0,1.0,1.5,3.0,0.8,1200,0.8,274,55.5,31.4,1.22,1.53,0.115,5.85
3.0,1.0,1.5,4.5,0.4,1200,0.8,274,55.5,31.4,1.22,1.53,0.115,5.85
3.0,1.0,1.5,4.5,0.6,1200,0.8,274,55.5,31.4,1.22,1.53,0.115,5.85
3.0,1.0,1.5,4.5,0.8,1200,0.8,274,55.5,31.4,1.22,1.53,0.115,5.85
3.0,1.5,2.5,3.0,0.8,1200,0.4,189,66.7,21.8,0.62,1.24,0.115,9.91
3.0,1.5,2.5,4.5,0.8,1200,0.4,189,66.7,21.8,0.62,1.24,0.115,9.91
4.0,0.7,2.5,3.0,0.4,14400,0.8,166,88.0,19.07,0.17,1.26,0.115,13.16
4.0,0.7,2.5,3.0,0.6,14400,0.8,166,88.0,19.07,0.17,1.26,0.115,13.16
4.0,0.7,2.5,3.0,0.8,14400,0.8,166,88.0,19.07,0.17,1.26,0.115,13.16
4.0,0.7,2.5,4.5,0.4,14400,0.8,166,88.0,19.07,0.17,1.26,0.115,13.16
4.0,0.7,2.5,4.5,0.6,14400,0.8,166,88.0,19.07,0.17,1.26,0.115,13.16
4.0,0.7,2.5,4.5,0.8,14400,0.8,166,88.0,19.07,0.17,1.26,0.115,13.16
5.0,0.7,2.5,3.0,0.4,1200,0.8,274,58.8,31.4,1.22,1.74,0.115,5.7
5.0,0.7,2.5,3.0,0.6,1200,0.8,274,58.8,31.4,1.22,1.74,0.115,5.7
5.0,0.7,2.5,3.0,0.8,1200,0.8,274,58.8,31.4,1.22,1.74,0.115,5.7
5.0,0.7,2.5,4.5,0.4,1200,0.8,274,58.8,31.4,1.22,1.74,0.115,5.7
5.0,0.7,2.5,4.5,0.6,1200,0.8,274,58.8,31.4,1.22,1.74,0.115,5.7
5.0,0.7,2.5,4.5,0.8,1200,0.8,274,58.8,31.4,1.22,1.74,0.115,5.7
4.0,1.0,2.5,3.0,0.4,2400,0.2,138,84.1,15.7,0.22,1.18,0.114,14.6
4.0,1.0,2.5,3.0,0.6,2400,0.2,138,84.1,15.7,0.22,1.18,0.114,14.6
4.0,1.0,2.5,3.0,0.8,2400,0.2,138,84.1,15.7,0.22,1.18,0.114,14.6
4.0,1.0,2.5,4.5,0.4,2400,0.2,138,84.1,15.7,0.22,1.18,0.114,14.6
4.0,1.0,2.5,4.5,0.6,2400,0.2,138,84.1,15.7,0.22,1.18,0.114,14.6
4.0,1.0,2.5,4.5,0.8,2400,0.2,138,84.1,15.7,0.22,1.18,0.114,14.6
4.0,0.7,2.5,3.0,0.4,1200,0.2,169,85.2,18.91,0.22,1.26,0.112,14.05
4.0,0.7,2.5,3.0,0.6,1200,0.2,169,85.2,18.91,0.22,1.26,0.112,14.05
4.0,0.7,2.5,3.0,0.8,1200,0.2,169,85.2,18.91,0.22,1.26,0.112,14.05
4.0,0.7,2.5,4.5,0.4,1200,0.2,169,85.2,18.91,0.22,1.26,0.112,14.05
4.0,0.7,2.5,4.5,0.6,1200,0.2,169,85.2,18.91,0.22,1.26,0.112,14.05
4.0,0.7,2.5,4.5,0.8,1200,0.2,169,85.2,18.91,0.22,1.26,0.112,14.05
5.0,0.7,2.5,3.0,0.4,1200,0.4,185,75.7,20.79,0.44,1.36,0.112,16.93
5.0,0.7,2.5,3.0,0.6,1200,0.4,185,75.7,20.79,0.44,1.36,0.112,16.93
5.0,0.7,2.5,3.0,0.8,1200,0.4,185,75.7,20.79,0.44,1.36,0.112,16.93
5.0,0.7,2.5,4.5,0.4,1200,0.4,185,75.7,20.79,0.44,1.36,0.112,16.93
5.0,0.7,2.5,4.5,0.6,1200,0.4,185,75.7,20.79,0.44,1.36,0.112,16.93
5.0,0.7,2.5,4.5,0.8,1200,0.4,185,75.7,20.79,0.44,1.36,0.112,16.93
4.0,0.7,1.5,3.0,0.4,2400,0.4,168,84.5,18.63,0.23,1.25,0.111,13.73
4.0,0.7,1.5,3.0,0.6,2400,0.4,168,84.5,18.63,0.23,1.25,0.111,13.73
4.0,0.7,1.5,3.0,0.8,2400,0.4,168,84.5,18.63,0.23,1.25,0.111,13.73
4.0,0.7,1.5,4.5,0.4,2400,0.4,168,84.5,18.63,0.23,1.25,0.111,13.73
4.0,0.7,1.5,4.5,0.6,2400,0.4,168,84.5,18.63,0.23,1.25,0.111,13.73
4.0,0.7,1.5,4.5,0.8,2400,0.4,168,84.5,18.63,0.23,1.25,0.111,13.73
4.0,1.5,2.5,3.0,0.6,1200,0.8,264,54.9,29.37,1.2,1.47,0.111,11.84
4.0,1.5,2.5,4.5,0.6,1200,0.8,264,54.9,29.37,1.2,1.47,0.111,11.84
3.0,1.0,1.5,3.0,0.4,1200,0.4,190,66.8,20.92,0.61,1.23,0.11,9.11
3.0,1.0,1.5,3.0,0.6,1200,0.4,190,66.8,20.92,0.61,1.23,0.11,9.11
3.0,1.0,1.5,3.0,0.8,1200,0.4,190,66.8,20.92,0.61,1.23,0.11,9.11
3.0,1.0,1.5,4.5,0.4,1200,0.4,190,66.8,20.92,0.61,1.23,0.11,9.11
3.0,1.0,1.5,4.5,0.6,1200,0.4,190,66.8,20.92,0.61,1.23,0.11,9.11
3.0,1.0,1.5,4.5,0.8,1200,0.4,190,66.8,20.92,0.61,1.23,0.11,9.11
3.0,1.0,1.5,3.0,0.4,1200,0.2,159,75.5,17.39,0.38,1.17,0.109,13.59
3.0,1.0,1.5,3.0,0.6,1200,0.2,159,75.5,17.39,0.38,1.17,0.109,13.59
3.0,1.0,1.5,3.0,0.8,1200,0.2,159,75.5,17.39,0.38,1.17,0.109,13.59
3.0,1.0,1.5,4.5,0.4,1200,0.2,159,75.5,17.39,0.38,1.17,0.109,13.59
3.0,1.0,1.5,4.5,0.6,1200,0.2,159,75.5,17.39,0.38,1.17,0.109,13.59
3.0,1.0,1.5,4.5,0.8,1200,0.2,159,75.5,17.39,0.38,1.17,0.109,13.59
3.0,1.0,2.5,3.0,0.4,2400,0.8,218,63.3,23.7,0.77,1.32,0.109,8.16
3.0,1.0,2.5,3.0,0.4,3600,0.8,199,69.3,21.63,0.56,1.26,0.109,13.08
3.0,1.0,2.5,3.0,0.6,2400,0.8,218,63.3,23.7,0.77,1.32,0.109,8.16
3.0,1.0,2.5,3.0,0.6,3600,0.8,199,69.3,21.63,0.56,1.26,0.109,13.08
3.0,1.0,2.5,3.0,0.8,2400,0.8,218,63.3,23.7,0.77,1.32,0.109,8.16
3.0,1.0,2.5,3.0,0.8,3600,0.8,199,69.3,21.63,0.56,1.26,0.109,13.08
3.0,1.0,2.5,4.5,0.4,2400,0.8,218,63.3,23.7,0.77,1.32,0.109,8.16
3.0,1.0,2.5,4.5,0.4,3600,0.8,199,69.3,21.63,0.56,1.26,0.109,13.08
3.0,1.0,2.5,4.5,0.6,2400,0.8,218,63.3,23.7,0.77,1.32,0.109,8.16
3.0,1.0,2.5,4.5,0.6,3600,0.8,199,69.3,21.63,0.56,1.26,0.109,13.08
3.0,1.0,2.5,4.5,0.8,2400,0.8,218,63.3,23.7,0.77,1.32,0.109,8.16
3.0,1.0,2.5,4.5,0.8,3600,0.8,199,69.3,21.63,0.56,1.26,0.109,13.08
4.0,0.7,2.5,3.0,0.4,3600,0.4,165,87.9,17.93,0.17,1.25,0.109,11.95
4.0,0.7,2.5,3.0,0.6,3600,0.4,165,87.9,17.93,0.17,1.25,0.109,11.95
4.0,0.7,2.5,3.0,0.8,3600,0.4,165,87.9,17.93,0.17,1.25,0.109,11.95
4.0,0.7,2.5,4.5,0.4,3600,0.4,165,87.9,17.93,0.17,1.25,0.109,11.95
4.0,0.7,2.5,4.5,0.6,3600,0.4,165,87.9,17.93,0.17,1.25,0.109,11.95
4.0,0.7,2.5,4.5,0.8,3600,0.4,165,87.9,17.93,0.17,1.25,0.109,11.95
4.0,1.5,2.5,3.0,0.8,1200,0.4,167,70.1,18.25,0.52,1.21,0.109,15.34
4.0,1.5,2.5,3.0,0.8,1200,0.8,264,54.9,28.67,1.19,1.46,0.109,11.85
4.0,1.5,2.5,4.5,0.8,1200,0.4,167,70.1,18.25,0.52,1.21,0.109,15.34
4.0,1.5,2.5,4.5,0.8,1200,0.8,264,54.9,28.67,1.19,1.46,0.109,11.85
4.0,1.0,2.5,3.0,0.4,2400,0.8,200,65.5,21.67,0.68,1.3,0.108,12.51
4.0,1.0,2.5,3.0,0.6,2400,0.8,200,65.5,21.67,0.68,1.3,0.108,12.51
4.0,1.0,2.5,3.0,0.8,2400,0.8,200,65.5,21.67,0.68,1.3,0.108,12.51
4.0,1.0,2.5,4.5,0.4,2400,0.8,200,65.5,21.67,0.68,1.3,0.108,12.51
4.0,1.0,2.5,4.5,0.6,2400,0.8,200,65.5,21.67,0.68,1.3,0.108,12.51
4.0,1.0,2.5,4.5,0.8,2400,0.8,200,65.5,21.67,0.68,1.3,0.108,12.51
4.0,1.0,2.5,3.0,0.4,3600,0.4,139,83.5,14.81,0.23,1.17,0.107,14.6
4.0,1.0,2.5,3.0,0.6,3600,0.4,139,83.5,14.81,0.23,1.17,0.107,14.6
4.0,1.0,2.5,3.0,0.8,3600,0.4,139,83.5,14.81,0.23,1.17,0.107,14.6
4.0,1.0,2.5,4.5,0.4,3600,0.4,139,83.5,14.81,0.23,1.17,0.107,14.6
4.0,1.0,2.5,4.5,0.6,3600,0.4,139,83.5,14.81,0.23,1.17,0.107,14.6
4.0,1.0,2.5,4.5,0.8,3600,0.4,139,83.5,14.81,0.23,1.17,0.107,14.6
4.0,1.0,2.5,3.0,0.4,7200,0.8,149,80.5,15.72,0.29,1.18,0.106,14.6
4.0,1.0,2.5,3.0,0.6,7200,0.8,149,80.5,15.72,0.29,1.18,0.106,14.6
4.0,1.0,2.5,3.0,0.8,7200,0.8,149,80.5,15.72,0.29,1.18,0.106,14.6
4.0,1.0,2.5,4.5,0.4,7200,0.8,149,80.5,15.72,0.29,1.18,0.106,14.6
4.0,1.0,2.5,4.5,0.6,7200,0.8,149,80.5,15.72,0.29,1.18,0.106,14.6
4.0,1.0,2.5,4.5,0.8,7200,0.8,149,80.5,15.72,0.29,1.18,0.106,14.6
3.0,0.7,1.5,3.0,0.4,7200,0.8,196,82.1,20.47,0.27,1.24,0.104,8.39
3.0,0.7,1.5,3.0,0.6,7200,0.8,196,82.1,20.47,0.27,1.24,0.104,8.39
3.0,0.7,1.5,3.0,0.8,7200,0.8,196,82.1,20.47,0.27,1.24,0.104,8.39
3.0,0.7,1.5,4.5,0.4,7200,0.8,196,82.1,20.47,0.27,1.24,0.104,8.39
3.0,0.7,1.5,4.5,0.6,7200,0.8,196,82.1,20.47,0.27,1.24,0.104,8.39
3.0,0.7,1.5,4.5,0.8,7200,0.8,196,82.1,20.47,0.27,1.24,0.104,8.39
4.0,1.0,1.5,3.0,0.4,1200,0.4,165,70.9,16.46,0.49,1.19,0.1,13.2
4.0,1.0,1.5,3.0,0.6,1200,0.4,165,70.9,16.46,0.49,1.19,0.1,13.2
4.0,1.0,1.5,3.0,0.8,1200,0.4,165,70.9,16.46,0.49,1.19,0.1,13.2
4.0,1.0,1.5,4.5,0.4,1200,0.4,165,70.9,16.46,0.49,1.19,0.1,13.2
4.0,1.0,1.5,4.5,0.6,1200,0.4,165,70.9,16.46,0.49,1.19,0.1,13.2
4.0,1.0,1.5,4.5,0.8,1200,0.4,165,70.9,16.46,0.49,1.19,0.1,13.2
4.0,0.7,1.5,3.0,0.4,1200,0.8,281,58.4,27.61,1.1,1.54,0.098,6.19
4.0,0.7,1.5,3.0,0.6,1200,0.8,281,58.4,27.61,1.1,1.54,0.098,6.19
4.0,0.7,1.5,3.0,0.8,1200,0.8,281,58.4,27.61,1.1,1.54,0.098,6.19
4.0,0.7,1.5,4.5,0.4,1200,0.8,281,58.4,27.61,1.1,1.54,0.098,6.19
4.0,0.7,1.5,4.5,0.6,1200,0.8,281,58.4,27.61,1.1,1.54,0.098,6.19
4.0,0.7,1.5,4.5,0.8,1200,0.8,281,58.4,27.61,1.1,1.54,0.098,6.19
4.0,1.0,2.5,3.0,0.4,3600,0.8,178,72.5,16.86,0.46,1.21,0.095,12.0
4.0,1.0,2.5,3.0,0.6,3600,0.8,178,72.5,16.86,0.46,1.21,0.095,12.0
4.0,1.0,2.5,3.0,0.8,3600,0.8,178,72.5,16.86,0.46,1.21,0.095,12.0
4.0,1.0,2.5,4.5,0.4,3600,0.8,178,72.5,16.86,0.46,1.21,0.095,12.0
4.0,1.0,2.5,4.5,0.6,3600,0.8,178,72.5,16.86,0.46,1.21,0.095,12.0
4.0,1.0,2.5,4.5,0.8,3600,0.8,178,72.5,16.86,0.46,1.21,0.095,12.0
3.0,1.0,2.5,3.0,0.4,3600,0.4,160,78.8,15.1,0.31,1.16,0.094,16.2
3.0,1.0,2.5,3.0,0.6,3600,0.4,160,78.8,15.1,0.31,1.16,0.094,16.2
3.0,1.0,2.5,3.0,0.8,3600,0.4,160,78.8,15.1,0.31,1.16,0.094,16.2
3.0,1.0,2.5,4.5,0.4,3600,0.4,160,78.8,15.1,0.31,1.16,0.094,16.2
3.0,1.0,2.5,4.5,0.6,3600,0.4,160,78.8,15.1,0.31,1.16,0.094,16.2
3.0,1.0,2.5,4.5,0.8,3600,0.4,160,78.8,15.1,0.31,1.16,0.094,16.2
4.0,1.0,1.5,3.0,0.4,1200,0.8,264,54.9,24.61,1.14,1.39,0.093,11.47
4.0,1.0,1.5,3.0,0.6,1200,0.8,264,54.9,24.61,1.14,1.39,0.093,11.47
4.0,1.0,1.5,3.0,0.8,1200,0.8,264,54.9,24.61,1.14,1.39,0.093,11.47
4.0,1.0,1.5,4.5,0.4,1200,0.8,264,54.9,24.61,1.14,1.39,0.093,11.47
4.0,1.0,1.5,4.5,0.6,1200,0.8,264,54.9,24.61,1.14,1.39,0.093,11.47
4.0,1.0,1.5,4.5,0.8,1200,0.8,264,54.9,24.61,1.14,1.39,0.093,11.47
4.0,1.0,2.5,3.0,0.4,1200,0.2,140,80.0,12.99,0.29,1.15,0.093,14.6
4.0,1.0,2.5,3.0,0.6,1200,0.2,140,80.0,12.99,0.29,1.15,0.093,14.6
4.0,1.0,2.5,3.0,0.8,1200,0.2,140,80.0,12.99,0.29,1.15,0.093,14.6
4.0,1.0,2.5,4.5,0.4,1200,0.2,140,80.0,12.99,0.29,1.15,0.093,14.6
4.0,1.0,2.5,4.5,0.6,1200,0.2,140,80.0,12.99,0.29,1.15,0.093,14.6
4.0,1.0,2.5,4.5,0.8,1200,0.2,140,80.0,12.99,0.29,1.15,0.093,14.6
3.0,1.0,2.5,3.0,0.4,1200,0.8,274,55.5,25.1,1.14,1.42,0.092,5.85
3.0,1.0,2.5,3.0,0.6,1200,0.8,274,55.5,25.1,1.14,1.42,0.092,5.85
3.0,1.0,2.5,3.0,0.8,1200,0.8,274,55.5,25.1,1.14,1.42,0.092,5.85
3.0,1.0,2.5,4.5,0.4,1200,0.8,274,55.5,25.1,1.14,1.42,0.092,5.85
3.0,1.0,2.5,4.5,0.6,1200,0.8,274,55.5,25.1,1.14,1.42,0.092,5.85
3.0,1.0,2.5,4.5,0.8,1200,0.8,274,55.5,25.1,1.14,1.42,0.092,5.85
4.0,0.7,2.5,3.0,0.4,1200,0.8,281,58.4,24.73,1.06,1.48,0.088,6.19
4.0,0.7,2.5,3.0,0.6,1200,0.8,281,58.4,24.73,1.06,1.48,0.088,6.19
4.0,0.7,2.5,3.0,0.8,1200,0.8,281,58.4,24.73,1.06,1.48,0.088,6.19
4.0,0.7,2.5,4.5,0.4,1200,0.8,281,58.4,24.73,1.06,1.48,0.088,6.19
4.0,0.7,2.5,4.5,0.6,1200,0.8,281,58.4,24.73,1.06,1.48,0.088,6.19
4.0,0.7,2.5,4.5,0.8,1200,0.8,281,58.4,24.73,1.06,1.48,0.088,6.19
3.0,0.7,1.5,3.0,0.4,3600,0.2,183,84.2,15.78,0.22,1.18,0.086,11.22
3.0,0.7,1.5,3.0,0.4,7200,0.2,183,84.2,15.78,0.22,1.18,0.086,11.22
3.0,0.7,1.5,3.0,0.4,7200,0.4,183,84.2,15.78,0.22,1.18,0.086,11.22
3.0,0.7,1.5,3.0,0.4,14400,0.2,183,84.2,15.78,0.22,1.18,0.086,11.22
3.0,0.7,1.5,3.0,0.4,14400,0.4,183,84.2,15.78,0.22,1.18,0.086,11.22
3.0,0.7,1.5,3.0,0.4,,0.4,183,84.2,15.78,0.22,1.18,0.086,11.22
3.0,0.7,1.5,3.0,0.6,3600,0.2,183,84.2,15.78,0.22,1.18,0.086,11.22
3.0,0.7,1.5,3.0,0.6,7200,0.2,183,84.2,15.78,0.22,1.18,0.086,11.22
3.0,0.7,1.5,3.0,0.6,7200,0.4,183,84.2,15.78,0.22,1.18,0.086,11.22
3.0,0.7,1.5,3.0,0.6,14400,0.2,183,84.2,15.78,0.22,1.18,0.086,11.22
3.0,0.7,1.5,3.0,0.6,14400,0.4,183,84.2,15.78,0.22,1.18,0.086,11.22
3.0,0.7,1.5,3.0,0.6,,0.4,183,84.2,15.78,0.22,1.18,0.086,11.22
3.0,0.7,1.5,3.0,0.8,3600,0.2,183,84.2,15.78,0.22,1.18,0.086,11.22
3.0,0.7,1.5,3.0,0.8,7200,0.2,183,84.2,15.78,0.22,1.18,0.086,11.22
3.0,0.7,1.5,3.0,0.8,7200,0.4,183,84.2,15.78,0.22,1.18,0.086,11.22
3.0,0.7,1.5,3.0,0.8,14400,0.2,183,84.2,15.78,0.22,1.18,0.086,11.22
3.0,0.7,1.5,3.0,0.8,14400,0.4,183,84.2,15.78,0.22,1.18,0.086,11.22
3.0,0.7,1.5,3.0,0.8,,0.4,183,84.2,15.78,0.22,1.18,0.086,11.22
3.0,0.7,1.5,4.5,0.4,3600,0.2,183,84.2,15.78,0.22,1.18,0.086,11.22
3.0,0.7,1.5,4.5,0.4,7200,0.2,183,84.2,15.78,0.22,1.18,0.086,11.22
3.0,0.7,1.5,4.5,0.4,7200,0.4,183,84.2,15.78,0.22,1.18,0.086,11.22
3.0,0.7,1.5,4.5,0.4,14400,0.2,183,84.2,15.78,0.22,1.18,0.086,11.22
3.0,0.7,1.5,4.5,0.4,14400,0.4,183,84.2,15.78,0.22,1.18,0.086,11.22
3.0,0.7,1.5,4.5,0.4,,0.4,183,84.2,15.78,0.22,1.18,0.086,11.22
3.0,0.7,1.5,4.5,0.6,3600,0.2,183,84.2,15.78,0.22,1.18,0.086,11.22
3.0,0.7,1.5,4.5,0.6,7200,0.2,183,84.2,15.78,0.22,1.18,0.086,11.22
3.0,0.7,1.5,4.5,0.6,7200,0.4,183,84.2,15.78,0.22,1.18,0.086,11.22
3.0,0.7,1.5,4.5,0.6,14400,0.2,183,84.2,15.78,0.22,1.18,0.086,11.22
3.0,0.7,1.5,4.5,0.6,14400,0.4,183,84.2,15.78,0.22,1.18,0.086,11.22
3.0,0.7,1.5,4.5,0.6,,0.4,183,84.2,15.78,0.22,1.18,0.086,11.22
3.0,0.7,1.5,4.5,0.8,3600,0.2,183,84.2,15.78,0.22,1.18,0.086,11.22
3.0,0.7,1.5,4.5,0.8,7200,0.2,183,84.2,15.78,0.22,1.18,0.086,11.22
3.0,0.7,1.5,4.5,0.8,7200,0.4,183,84.2,15.78,0.22,1.18,0.086,11.22
3.0,0.7,1.5,4.5,0.8,14400,0.2,183,84.2,15.78,0.22,1.18,0.086,11.22
3.0,0.7,1.5,4.5,0.8,14400,0.4,183,84.2,15.78,0.22,1.18,0.086,11.22
3.0,0.7,1.5,4.5,0.8,,0.4,183,84.2,15.78,0.22,1.18,0.086,11.22
3.0,1.0,2.5,3.0,0.4,7200,0.8,170,76.5,14.5,0.35,1.15,0.085,9.46
3.0,1.0,2.5,3.0,0.6,7200,0.8,170,76.5,14.5,0.35,1.15,0.085,9.46
3.0,1.0,2.5,3.0,0.8,7200,0.8,170,76.5,14.5,0.35,1.15,0.085,9.46
3.0,1.0,2.5,4.5,0.4,7200,0.8,170,76.5,14.5,0.35,1.15,0.085,9.46
3.0,1.0,2.5,4.5,0.6,7200,0.8,170,76.5,14.5,0.35,1.15,0.085,9.46
3.0,1.0,2.5,4.5,0.8,7200,0.8,170,76.5,14.5,0.35,1.15,0.085,9.46
3.0,0.7,1.5,3.0,0.4,2400,0.2,183,84.2,15.35,0.22,1.18,0.084,11.22
3.0,0.7,1.5,3.0,0.6,2400,0.2,183,84.2,15.35,0.22,1.18,0.084,11.22
3.0,0.7,1.5,3.0,0.8,2400,0.2,183,84.2,15.35,0.22,1.18,0.084,11.22
3.0,0.7,1.5,4.5,0.4,2400,0.2,183,84.2,15.35,0.22,1.18,0.084,11.22
3.0,0.7,1.5,4.5,0.6,2400,0.2,183,84.2,15.35,0.22,1.18,0.084,11.22
3.0,0.7,1.5,4.5,0.8,2400,0.2,183,84.2,15.35,0.22,1.18,0.084,11.22
3.0,0.7,1.5,3.0,0.4,2400,0.8,233,65.7,18.76,0.67,1.28,0.081,7.16
3.0,0.7,1.5,3.0,0.6,2400,0.8,233,65.7,18.76,0.67,1.28,0.081,7.16
3.0,0.7,1.5,3.0,0.8,2400,0.8,233,65.7,18.76,0.67,1.28,0.081,7.16
3.0,0.7,1.5,4.5,0.4,2400,0.8,233,65.7,18.76,0.67,1.28,0.081,7.16
3.0,0.7,1.5,4.5,0.6,2400,0.8,233,65.7,18.76,0.67,1.28,0.081,7.16
3.0,0.7,1.5,4.5,0.8,2400,0.8,233,65.7,18.76,0.67,1.28,0.081,7.16
4.0,0.7,2.5,3.0,0.4,2400,0.4,168,84.5,13.59,0.22,1.19,0.081,14.45
4.0,0.7,2.5,3.0,0.6,2400,0.4,168,84.5,13.59,0.22,1.19,0.081,14.45
4.0,0.7,2.5,3.0,0.8,2400,0.4,168,84.5,13.59,0.22,1.19,0.081,14.45
4.0,0.7,2.5,4.5,0.4,2400,0.4,168,84.5,13.59,0.22,1.19,0.081,14.45
4.0,0.7,2.5,4.5,0.6,2400,0.4,168,84.5,13.59,0.22,1.19,0.081,14.45
4.0,0.7,2.5,4.5,0.8,2400,0.4,168,84.5,13.59,0.22,1.19,0.081,14.45
3.0,0.7,1.5,3.0,0.4,1200,0.8,289,57.4,23.05,1.04,1.41,0.08,4.71
3.0,0.7,1.5,3.0,0.6,1200,0.8,289,57.4,23.05,1.04,1.41,0.08,4.71
3.0,0.7,1.5,3.0,0.8,1200,0.8,289,57.4,23.05,1.04,1.41,0.08,4.71
3.0,0.7,1.5,4.5,0.4,1200,0.8,289,57.4,23.05,1.04,1.41,0.08,4.71
3.0,0.7,1.5,4.5,0.6,1200,0.8,289,57.4,23.05,1.04,1.41,0.08,4.71
3.0,0.7,1.5,4.5,0.8,1200,0.8,289,57.4,23.05,1.04,1.41,0.08,4.71
3.0,1.0,2.5,3.0,0.4,3600,0.2,157,79.0,12.6,0.3,1.13,0.08,16.2
3.0,1.0,2.5,3.0,0.4,7200,0.2,157,79.0,12.6,0.3,1.13,0.08,16.2
3.0,1.0,2.5,3.0,0.4,7200,0.4,157,79.0,12.6,0.3,1.13,0.08,16.2
3.0,1.0,2.5,3.0,0.4,14400,0.2,157,79.0,12.6,0.3,1.13,0.08,16.2
3.0,1.0,2.5,3.0,0.4,14400,0.4,157,79.0,12.6,0.3,1.13,0.08,16.2
3.0,1.0,2.5,3.0,0.4,,0.4,157,79.0,12.6,0.3,1.13,0.08,16.2
3.0,1.0,2.5,3.0,0.6,3600,0.2,157,79.0,12.6,0.3,1.13,0.08,16.2
3.0,1.0,2.5,3.0,0.6,7200,0.2,157,79.0,12.6,0.3,1.13,0.08,16.2
3.0,1.0,2.5,3.0,0.6,7200,0.4,157,79.0,12.6,0.3,1.13,0.08,16.2
3.0,1.0,2.5,3.0,0.6,14400,0.2,157,79.0,12.6,0.3,1.13,0.08,16.2
3.0,1.0,2.5,3.0,0.6,14400,0.4,157,79.0,12.6,0.3,1.13,0.08,16.2
3.0,1.0,2.5,3.0,0.6,,0.4,157,79.0,12.6,0.3,1.13,0.08,16.2
3.0,1.0,2.5,3.0,0.8,3600,0.2,157,79.0,12.6,0.3,1.13,0.08,16.2
3.0,1.0,2.5,3.0,0.8,7200,0.2,157,79.0,12.6,0.3,1.13,0.08,16.2
3.0,1.0,2.5,3.0,0.8,7200,0.4,157,79.0,12.6,0.3,1.13,0.08,16.2
3.0,1.0,2.5,3.0,0.8,14400,0.2,157,79.0,12.6,0.3,1.13,0.08,16.2
3.0,1.0,2.5,3.0,0.8,14400,0.4,157,79.0,12.6,0.3,1.13,0.08,16.2
3.0,1.0,2.5,3.0,0.8,,0.4,157,79.0,12.6,0.3,1.13,0.08,16.2
3.0,1.0,2.5,4.5,0.4,3600,0.2,157,79.0,12.6,0.3,1.13,0.08,16.2
3.0,1.0,2.5,4.5,0.4,7200,0.2,157,79.0,12.6,0.3,1.13,0.08,16.2
3.0,1.0,2.5,4.5,0.4,7200,0.4,157,79.0,12.6,0.3,1.13,0.08,16.2
3.0,1.0,2.5,4.5,0.4,14400,0.2,157,79.0,12.6,0.3,1.13,0.08,16.2
3.0,1.0,2.5,4.5,0.4,14400,0.4,157,79.0,12.6,0.3,1.13,0.08,16.2
3.0,1.0,2.5,4.5,0.4,,0.4,157,79.0,12.6,0.3,1.13,0.08,16.2
3.0,1.0,2.5,4.5,0.6,3600,0.2,157,79.0,12.6,0.3,1.13,0.08,16.2
3.0,1.0,2.5,4.5,0.6,7200,0.2,157,79.0,12.6,0.3,1.13,0.08,16.2
3.0,1.0,2.5,4.5,0.6,7200,0.4,157,79.0,12.6,0.3,1.13,0.08,16.2
3.0,1.0,2.5,4.5,0.6,14400,0.2,157,79.0,12.6,0.3,1.13,0.08,16.2
3.0,1.0,2.5,4.5,0.6,14400,0.4,157,79.0,12.6,0.3,1.13,0.08,16.2
3.0,1.0,2.5,4.5,0.6,,0.4,157,79.0,12.6,0.3,1.13,0.08,16.2
3.0,1.0,2.5,4.5,0.8,3600,0.2,157,79.0,12.6,0.3,1.13,0.08,16.2
3.0,1.0,2.5,4.5,0.8,7200,0.2,157,79.0,12.6,0.3,1.13,0.08,16.2
3.0,1.0,2.5,4.5,0.8,7200,0.4,157,79.0,12.6,0.3,1.13,0.08,16.2
3.0,1.0,2.5,4.5,0.8,14400,0.2,157,79.0,12.6,0.3,1.13,0.08,16.2
3.0,1.0,2.5,4.5,0.8,14400,0.4,157,79.0,12.6,0.3,1.13,0.08,16.2
3.0,1.0,2.5,4.5,0.8,,0.4,157,79.0,12.6,0.3,1.13,0.08,16.2
3.0,0.7,1.5,3.0,0.4,14400,0.8,184,83.2,14.24,0.24,1.16,0.077,11.22
3.0,0.7,1.5,3.0,0.6,14400,0.8,184,83.2,14.24,0.24,1.16,0.077,11.22
3.0,0.7,1.5,3.0,0.8,14400,0.8,184,83.2,14.24,0.24,1.16,0.077,11.22
3.0,0.7,1.5,4.5,0.4,14400,0.8,184,83.2,14.24,0.24,1.16,0.077,11.22
3.0,0.7,1.5,4.5,0.6,14400,0.8,184,83.2,14.24,0.24,1.16,0.077,11.22
3.0,0.7,1.5,4.5,0.8,14400,0.8,184,83.2,14.24,0.24,1.16,0.077,11.22
3.0,1.0,2.5,3.0,0.4,2400,0.2,157,79.0,11.9,0.3,1.12,0.076,16.2
3.0,1.0,2.5,3.0,0.6,2400,0.2,157,79.0,11.9,0.3,1.12,0.076,16.2
3.0,1.0,2.5,3.0,0.8,2400,0.2,157,79.0,11.9,0.3,1.12,0.076,16.2
3.0,1.0,2.5,4.5,0.4,2400,0.2,157,79.0,11.9,0.3,1.12,0.076,16.2
3.0,1.0,2.5,4.5,0.6,2400,0.2,157,79.0,11.9,0.3,1.12,0.076,16.2
3.0,1.0,2.5,4.5,0.8,2400,0.2,157,79.0,11.9,0.3,1.12,0.076,16.2
4.0,1.0,2.5,3.0,0.4,14400,0.8,140,80.7,10.62,0.27,1.12,0.076,14.6
4.0,1.0,2.5,3.0,0.6,14400,0.8,140,80.7,10.62,0.27,1.12,0.076,14.6
4.0,1.0,2.5,3.0,0.8,14400,0.8,140,80.7,10.62,0.27,1.12,0.076,14.6
4.0,1.0,2.5,4.5,0.4,14400,0.8,140,80.7,10.62,0.27,1.12,0.076,14.6
4.0,1.0,2.5,4.5,0.6,14400,0.8,140,80.7,10.62,0.27,1.12,0.076,14.6
4.0,1.0,2.5,4.5,0.8,14400,0.8,140,80.7,10.62,0.27,1.12,0.076,14.6
3.0,0.7,2.5,3.0,0.4,7200,0.8,196,82.1,14.71,0.26,1.18,0.075,8.39
3.0,0.7,2.5,3.0,0.6,7200,0.8,196,82.1,14.71,0.26,1.18,0.075,8.39
3.0,0.7,2.5,3.0,0.8,7200,0.8,196,82.1,14.71,0.26,1.18,0.075,8.39
3.0,0.7,2.5,4.5,0.4,7200,0.8,196,82.1,14.71,0.26,1.18,0.075,8.39
3.0,0.7,2.5,4.5,0.6,7200,0.8,196,82.1,14.71,0.26,1.18,0.075,8.39
3.0,0.7,2.5,4.5,0.8,7200,0.8,196,82.1,14.71,0.26,1.18,0.075,8.39
4.0,1.0,2.5,3.0,0.4,2400,0.4,141,81.6,10.45,0.25,1.12,0.074,14.6
4.0,1.0,2.5,3.0,0.6,2400,0.4,141,81.6,10.45,0.25,1.12,0.074,14.6
4.0,1.0,2.5,3.0,0.8,2400,0.4,141,81.6,10.45,0.25,1.12,0.074,14.6
4.0,1.0,2.5,4.5,0.4,2400,0.4,141,81.6,10.45,0.25,1.12,0.074,14.6
4.0,1.0,2.5,4.5,0.6,2400,0.4,141,81.6,10.45,0.25,1.12,0.074,14.6
4.0,1.0,2.5,4.5,0.8,2400,0.4,141,81.6,10.45,0.25,1.12,0.074,14.6
4.0,1.0,2.5,3.0,0.4,1200,0.8,264,54.9,18.76,1.07,1.3,0.071,11.47
4.0,1.0,2.5,3.0,0.6,1200,0.8,264,54.9,18.76,1.07,1.3,0.071,11.47
4.0,1.0,2.5,3.0,0.8,1200,0.8,264,54.9,18.76,1.07,1.3,0.071,11.47
4.0,1.0,2.5,4.5,0.4,1200,0.8,264,54.9,18.76,1.07,1.3,0.071,11.47
4.0,1.0,2.5,4.5,0.6,1200,0.8,264,54.9,18.76,1.07,1.3,0.071,11.47
4.0,1.0,2.5,4.5,0.8,1200,0.8,264,54.9,18.76,1.07,1.3,0.071,11.47
4.0,0.7,1.5,3.0,0.4,1200,0.4,194,73.7,13.56,0.42,1.19,0.07,16.31
4.0,0.7,1.5,3.0,0.6,1200,0.4,194,73.7,13.56,0.42,1.19,0.07,16.31
4.0,0.7,1.5,3.0,0.8,1200,0.4,194,73.7,13.56,0.42,1.19,0.07,16.31
4.0,0.7,1.5,4.5,0.4,1200,0.4,194,73.7,13.56,0.42,1.19,0.07,16.31
4.0,0.7,1.5,4.5,0.6,1200,0.4,194,73.7,13.56,0.42,1.19,0.07,16.31
4.0,0.7,1.5,4.5,0.8,1200,0.4,194,73.7,13.56,0.42,1.19,0.07,16.31
3.0,0.7,1.5,3.0,0.4,3600,0.4,184,82.6,12.66,0.24,1.14,0.069,11.22
3.0,0.7,1.5,3.0,0.6,3600,0.4,184,82.6,12.66,0.24,1.14,0.069,11.22
3.0,0.7,1.5,3.0,0.8,3600,0.4,184,82.6,12.66,0.24,1.14,0.069,11.22
3.0,0.7,1.5,4.5,0.4,3600,0.4,184,82.6,12.66,0.24,1.14,0.069,11.22
3.0,0.7,1.5,4.5,0.6,3600,0.4,184,82.6,12.66,0.24,1.14,0.069,11.22
3.0,0.7,1.5,4.5,0.8,3600,0.4,184,82.6,12.66,0.24,1.14,0.069,11.22
3.0,0.7,2.5,3.0,0.4,2400,0.8,233,65.7,15.88,0.65,1.23,0.068,7.71
3.0,0.7,2.5,3.0,0.6,2400,0.8,233,65.7,15.88,0.65,1.23,0.068,7.71
3.0,0.7,2.5,3.0,0.8,2400,0.8,233,65.7,15.88,0.65,1.23,0.068,7.71
3.0,0.7,2.5,4.5,0.4,2400,0.8,233,65.7,15.88,0.65,1.23,0.068,7.71
3.0,0.7,2.5,4.5,0.6,2400,0.8,233,65.7,15.88,0.65,1.23,0.068,7.71
3.0,0.7,2.5,4.5,0.8,2400,0.8,233,65.7,15.88,0.65,1.23,0.068,7.71
3.0,0.7,2.5,3.0,0.4,1200,0.8,289,57.4,19.45,0.99,1.34,0.067,4.71
3.0,0.7,2.5,3.0,0.6,1200,0.8,289,57.4,19.45,0.99,1.34,0.067,4.71
3.0,0.7,2.5,3.0,0.8,1200,0.8,289,57.4,19.45,0.99,1.34,0.067,4.71
3.0,0.7,2.5,4.5,0.4,1200,0.8,289,57.4,19.45,0.99,1.34,0.067,4.71
3.0,0.7,2.5,4.5,0.6,1200,0.8,289,57.4,19.45,0.99,1.34,0.067,4.71
3.0,0.7,2.5,4.5,0.8,1200,0.8,289,57.4,19.45,0.99,1.34,0.067,4.71
3.0,0.7,1.5,3.0,0.4,3600,0.8,219,71.7,14.56,0.47,1.18,0.066,10.82
3.0,0.7,1.5,3.0,0.6,3600,0.8,219,71.7,14.56,0.47,1.18,0.066,10.82
3.0,0.7,1.5,3.0,0.8,3600,0.8,219,71.7,14.56,0.47,1.18,0.066,10.82
3.0,0.7,1.5,4.5,0.4,3600,0.8,219,71.7,14.56,0.47,1.18,0.066,10.82
3.0,0.7,1.5,4.5,0.6,3600,0.8,219,71.7,14.56,0.47,1.18,0.066,10.82
3.0,0.7,1.5,4.5,0.8,3600,0.8,219,71.7,14.56,0.47,1.18,0.066,10.82
3.0,0.7,1.5,3.0,0.4,1200,0.2,187,80.7,11.93,0.27,1.14,0.064,11.22
3.0,0.7,1.5,3.0,0.6,1200,0.2,187,80.7,11.93,0.27,1.14,0.064,11.22
3.0,0.7,1.5,3.0,0.8,1200,0.2,187,80.7,11.93,0.27,1.14,0.064,11.22
3.0,0.7,1.5,4.5,0.4,1200,0.2,187,80.7,11.93,0.27,1.14,0.064,11.22
3.0,0.7,1.5,4.5,0.6,1200,0.2,187,80.7,11.93,0.27,1.14,0.064,11.22
3.0,0.7,1.5,4.5,0.8,1200,0.2,187,80.7,11.93,0.27,1.14,0.064,11.22
2.0,1.5,2.5,3.0,0.4,1200,0.8,293,51.9,16.61,1.13,1.22,0.057,8.56
2.0,1.5,2.5,4.5,0.4,1200,0.8,293,51.9,16.61,1.13,1.22,0.057,8.56
3.0,0.7,2.5,3.0,0.4,3600,0.8,219,71.7,12.58,0.46,1.16,0.057,10.82
3.0,0.7,2.5,3.0,0.6,3600,0.8,219,71.7,12.58,0.46,1.16,0.057,10.82
3.0,0.7,2.5,3.0,0.8,3600,0.8,219,71.7,12.58,0.46,1.16,0.057,10.82
3.0,0.7,2.5,4.5,0.4,3600,0.8,219,71.7,12.58,0.46,1.16,0.057,10.82
3.0,0.7,2.5,4.5,0.6,3600,0.8,219,71.7,12.58,0.46,1.16,0.057,10.82
3.0,0.7,2.5,4.5,0.8,3600,0.8,219,71.7,12.58,0.46,1.16,0.057,10.82
3.0,1.0,2.5,3.0,0.4,2400,0.4,163,75.5,9.26,0.36,1.1,0.057,16.2
3.0,1.0,2.5,3.0,0.6,2400,0.4,163,75.5,9.26,0.36,1.1,0.057,16.2
3.0,1.0,2.5,3.0,0.8,2400,0.4,163,75.5,9.26,0.36,1.1,0.057,16.2
3.0,1.0,2.5,4.5,0.4,2400,0.4,163,75.5,9.26,0.36,1.1,0.057,16.2
3.0,1.0,2.5,4.5,0.6,2400,0.4,163,75.5,9.26,0.36,1.1,0.057,16.2
3.0,1.0,2.5,4.5,0.8,2400,0.4,163,75.5,9.26,0.36,1.1,0.057,16.2
3.0,1.0,2.5,3.0,0.4,1200,0.4,190,66.8,10.57,0.55,1.12,0.056,10.36
3.0,1.0,2.5,3.0,0.6,1200,0.4,190,66.8,10.57,0.55,1.12,0.056,10.36
3.0,1.0,2.5,3.0,0.8,1200,0.4,190,66.8,10.57,0.55,1.12,0.056,10.36
3.0,1.0,2.5,4.5,0.4,1200,0.4,190,66.8,10.57,0.55,1.12,0.056,10.36
3.0,1.0,2.5,4.5,0.6,1200,0.4,190,66.8,10.57,0.55,1.12,0.056,10.36
3.0,1.0,2.5,4.5,0.8,1200,0.4,190,66.8,10.57,0.55,1.12,0.056,10.36
3.0,0.7,2.5,3.0,0.4,3600,0.2,183,84.2,10.02,0.21,1.12,0.055,11.25
3.0,0.7,2.5,3.0,0.4,7200,0.2,183,84.2,10.02,0.21,1.12,0.055,11.25
3.0,0.7,2.5,3.0,0.4,7200,0.4,183,84.2,10.02,0.21,1.12,0.055,11.25
3.0,0.7,2.5,3.0,0.4,14400,0.2,183,84.2,10.02,0.21,1.12,0.055,11.25
3.0,0.7,2.5,3.0,0.4,14400,0.4,183,84.2,10.02,0.21,1.12,0.055,11.25
3.0,0.7,2.5,3.0,0.4,,0.4,183,84.2,10.02,0.21,1.12,0.055,11.25
3.0,0.7,2.5,3.0,0.6,3600,0.2,183,84.2,10.02,0.21,1.12,0.055,11.25
3.0,0.7,2.5,3.0,0.6,7200,0.2,183,84.2,10.02,0.21,1.12,0.055,11.25
3.0,0.7,2.5,3.0,0.6,7200,0.4,183,84.2,10.02,0.21,1.12,0.055,11.25
3.0,0.7,2.5,3.0,0.6,14400,0.2,183,84.2,10.02,0.21,1.12,0.055,11.25
3.0,0.7,2.5,3.0,0.6,14400,0.4,183,84.2,10.02,0.21,1.12,0.055,11.25
3.0,0.7,2.5,3.0,0.6,,0.4,183,84.2,10.02,0.21,1.12,0.055,11.25
3.0,0.7,2.5,3.0,0.8,3600,0.2,183,84.2,10.02,0.21,1.12,0.055,11.25
3.0,0.7,2.5,3.0,0.8,7200,0.2,183,84.2,10.02,0.21,1.12,0.055,11.25
3.0,0.7,2.5,3.0,0.8,7200,0.4,183,84.2,10.02,0.21,1.12,0.055,11.25
3.0,0.7,2.5,3.0,0.8,14400,0.2,183,84.2,10.02,0.21,1.12,0.055,11.25
3.0,0.7,2.5,3.0,0.8,14400,0.4,183,84.2,10.02,0.21,1.12,0.055,11.25
3.0,0.7,2.5,3.0,0.8,,0.4,183,84.2,10.02,0.21,1.12,0.055,11.25
3.0,0.7,2.5,4.5,0.4,3600,0.2,183,84.2,10.02,0.21,1.12,0.055,11.25
3.0,0.7,2.5,4.5,0.4,7200,0.2,183,84.2,10.02,0.21,1.12,0.055,11.25
3.0,0.7,2.5,4.5,0.4,7200,0.4,183,84.2,10.02,0.21,1.12,0.055,11.25
3.0,0.7,2.5,4.5,0.4,14400,0.2,183,84.2,10.02,0.21,1.12,0.055,11.25
3.0,0.7,2.5,4.5,0.4,14400,0.4,183,84.2,10.02,0.21,1.12,0.055,11.25
3.0,0.7,2.5,4.5,0.4,,0.4,183,84.2,10.02,0.21,1.12,0.055,11.25
3.0,0.7,2.5,4.5,0.6,3600,0.2,183,84.2,10.02,0.21,1.12,0.055,11.25
3.0,0.7,2.5,4.5,0.6,7200,0.2,183,84.2,10.02,0.21,1.12,0.055,11.25
3.0,0.7,2.5,4.5,0.6,7200,0.4,183,84.2,10.02,0.21,1.12,0.055,11.25
3.0,0.7,2.5,4.5,0.6,14400,0.2,183,84.2,10.02,0.21,1.12,0.055,11.25
3.0,0.7,2.5,4.5,0.6,14400,0.4,183,84.2,10.02,0.21,1.12,0.055,11.25
3.0,0.7,2.5,4.5,0.6,,0.4,183,84.2,10.02,0.21,1.12,0.055,11.25
3.0,0.7,2.5,4.5,0.8,3600,0.2,183,84.2,10.02,0.21,1.12,0.055,11.25
3.0,0.7,2.5,4.5,0.8,7200,0.2,183,84.2,10.02,0.21,1.12,0.055,11.25
3.0,0.7,2.5,4.5,0.8,7200,0.4,183,84.2,10.02,0.21,1.12,0.055,11.25
3.0,0.7,2.5,4.5,0.8,14400,0.2,183,84.2,10.02,0.21,1.12,0.055,11.25
3.0,0.7,2.5,4.5,0.8,14400,0.4,183,84.2,10.02,0.21,1.12,0.055,11.25
3.0,0.7,2.5,4.5,0.8,,0.4,183,84.2,10.02,0.21,1.12,0.055,11.25
3.0,1.0,2.5,3.0,0.4,1200,0.2,159,75.5,8.39,0.35,1.08,0.053,16.04
3.0,1.0,2.5,3.0,0.6,1200,0.2,159,75.5,8.39,0.35,1.08,0.053,16.04
3.0,1.0,2.5,3.0,0.8,1200,0.2,159,75.5,8.39,0.35,1.08,0.053,16.04
3.0,1.0,2.5,4.5,0.4,1200,0.2,159,75.5,8.39,0.35,1.08,0.053,16.04
3.0,1.0,2.5,4.5,0.6,1200,0.2,159,75.5,8.39,0.35,1.08,0.053,16.04
3.0,1.0,2.5,4.5,0.8,1200,0.2,159,75.5,8.39,0.35,1.08,0.053,16.04
2.0,1.5,2.5,3.0,0.6,1200,0.8,293,51.9,15.28,1.12,1.2,0.052,8.76
2.0,1.5,2.5,4.5,0.6,1200,0.8,293,51.9,15.28,1.12,1.2,0.052,8.76
3.0,0.7,2.5,3.0,0.4,2400,0.2,183,84.2,9.59,0.21,1.11,0.052,11.25
3.0,0.7,2.5,3.0,0.6,2400,0.2,183,84.2,9.59,0.21,1.11,0.052,11.25
3.0,0.7,2.5,3.0,0.8,2400,0.2,183,84.2,9.59,0.21,1.11,0.052,11.25
3.0,0.7,2.5,4.5,0.4,2400,0.2,183,84.2,9.59,0.21,1.11,0.052,11.25
3.0,0.7,2.5,4.5,0.6,2400,0.2,183,84.2,9.59,0.21,1.11,0.052,11.25
3.0,0.7,2.5,4.5,0.8,2400,0.2,183,84.2,9.59,0.21,1.11,0.052,11.25
3.0,0.7,1.5,3.0,0.4,1200,0.4,214,69.6,10.4,0.49,1.13,0.049,10.65
3.0,0.7,1.5,3.0,0.6,1200,0.4,214,69.6,10.4,0.49,1.13,0.049,10.65
3.0,0.7,1.5,3.0,0.8,1200,0.4,214,69.6,10.4,0.49,1.13,0.049,10.65
3.0,0.7,1.5,4.5,0.4,1200,0.4,214,69.6,10.4,0.49,1.13,0.049,10.65
3.0,0.7,1.5,4.5,0.6,1200,0.4,214,69.6,10.4,0.49,1.13,0.049,10.65
3.0,0.7,1.5,4.5,0.8,1200,0.4,214,69.6,10.4,0.49,1.13,0.049,10.65
2.0,1.5,2.5,3.0,0.8,1200,0.8,292,51.7,14.03,1.11,1.19,0.048,8.9
2.0,1.5,2.5,4.5,0.8,1200,0.8,292,51.7,14.03,1.11,1.19,0.048,8.9
3.0,1.0,2.5,3.0,0.4,14400,0.8,159,76.1,7.62,0.34,1.08,0.048,16.74
3.0,1.0,2.5,3.0,0.6,14400,0.8,159,76.1,7.62,0.34,1.08,0.048,16.74
3.0,1.0,2.5,3.0,0.8,14400,0.8,159,76.1,7.62,0.34,1.08,0.048,16.74
3.0,1.0,2.5,4.5,0.4,14400,0.8,159,76.1,7.62,0.34,1.08,0.048,16.74
3.0,1.0,2.5,4.5,0.6,14400,0.8,159,76.1,7.62,0.34,1.08,0.048,16.74
3.0,1.0,2.5,4.5,0.8,14400,0.8,159,76.1,7.62,0.34,1.08,0.048,16.74
4.0,0.7,2.5,3.0,0.4,1200,0.4,194,73.7,9.24,0.4,1.13,0.048,17.03
4.0,0.7,2.5,3.0,0.6,1200,0.4,194,73.7,9.24,0.4,1.13,0.048,17.03
4.0,0.7,2.5,3.0,0.8,1200,0.4,194,73.7,9.24,0.4,1.13,0.048,17.03
4.0,0.7,2.5,4.5,0.4,1200,0.4,194,73.7,9.24,0.4,1.13,0.048,17.03
4.0,0.7,2.5,4.5,0.6,1200,0.4,194,73.7,9.24,0.4,1.13,0.048,17.03
4.0,0.7,2.5,4.5,0.8,1200,0.4,194,73.7,9.24,0.4,1.13,0.048,17.03
3.0,0.7,2.5,3.0,0.4,14400,0.8,184,83.2,8.48,0.22,1.1,0.046,11.25
3.0,0.7,2.5,3.0,0.6,14400,0.8,184,83.2,8.48,0.22,1.1,0.046,11.25
3.0,0.7,2.5,3.0,0.8,14400,0.8,184,83.2,8.48,0.22,1.1,0.046,11.25
3.0,0.7,2.5,4.5,0.4,14400,0.8,184,83.2,8.48,0.22,1.1,0.046,11.25
3.0,0.7,2.5,4.5,0.6,14400,0.8,184,83.2,8.48,0.22,1.1,0.046,11.25
3.0,0.7,2.5,4.5,0.8,14400,0.8,184,83.2,8.48,0.22,1.1,0.046,11.25
4.0,1.0,2.5,3.0,0.4,1200,0.4,165,70.9,7.46,0.45,1.09,0.045,13.65
4.0,1.0,2.5,3.0,0.6,1200,0.4,165,70.9,7.46,0.45,1.09,0.045,13.65
4.0,1.0,2.5,3.0,0.8,1200,0.4,165,70.9,7.46,0.45,1.09,0.045,13.65
4.0,1.0,2.5,4.5,0.4,1200,0.4,165,70.9,7.46,0.45,1.09,0.045,13.65
4.0,1.0,2.5,4.5,0.6,1200,0.4,165,70.9,7.46,0.45,1.09,0.045,13.65
4.0,1.0,2.5,4.5,0.8,1200,0.4,165,70.9,7.46,0.45,1.09,0.045,13.65
2.0,1.5,2.5,3.0,0.4,7200,0.8,190,65.8,8.27,0.56,1.07,0.044,11.1
2.0,1.5,2.5,4.5,0.4,7200,0.8,190,65.8,8.27,0.56,1.07,0.044,11.1
3.0,0.7,2.5,3.0,0.4,1200,0.2,187,80.7,7.79,0.26,1.09,0.042,11.22
3.0,0.7,2.5,3.0,0.6,1200,0.2,187,80.7,7.79,0.26,1.09,0.042,11.22
3.0,0.7,2.5,3.0,0.8,1200,0.2,187,80.7,7.79,0.26,1.09,0.042,11.22
3.0,0.7,2.5,4.5,0.4,1200,0.2,187,80.7,7.79,0.26,1.09,0.042,11.22
3.0,0.7,2.5,4.5,0.6,1200,0.2,187,80.7,7.79,0.26,1.09,0.042,11.22
3.0,0.7,2.5,4.5,0.8,1200,0.2,187,80.7,7.79,0.26,1.09,0.042,11.22
2.0,1.5,2.5,3.0,0.4,3600,0.8,217,60.4,8.69,0.71,1.08,0.04,11.34
2.0,1.5,2.5,4.5,0.4,3600,0.8,217,60.4,8.69,0.71,1.08,0.04,11.34
3.0,0.7,1.5,3.0,0.4,2400,0.4,187,78.6,7.3,0.29,1.08,0.039,11.22
3.0,0.7,1.5,3.0,0.6,2400,0.4,187,78.6,7.3,0.29,1.08,0.039,11.22
3.0,0.7,1.5,3.0,0.8,2400,0.4,187,78.6,7.3,0.29,1.08,0.039,11.22
3.0,0.7,1.5,4.5,0.4,2400,0.4,187,78.6,7.3,0.29,1.08,0.039,11.22
3.0,0.7,1.5,4.5,0.6,2400,0.4,187,78.6,7.3,0.29,1.08,0.039,11.22
3.0,0.7,1.5,4.5,0.8,2400,0.4,187,78.6,7.3,0.29,1.08,0.039,11.22
3.0,0.7,2.5,3.0,0.4,3600,0.4,184,82.6,6.9,0.23,1.08,0.038,12.25
3.0,0.7,2.5,3.0,0.6,3600,0.4,184,82.6,6.9,0.23,1.08,0.038,12.25
3.0,0.7,2.5,3.0,0.8,3600,0.4,184,82.6,6.9,0.23,1.08,0.038,12.25
3.0,0.7,2.5,4.5,0.4,3600,0.4,184,82.6,6.9,0.23,1.08,0.038,12.25
3.0,0.7,2.5,4.5,0.6,3600,0.4,184,82.6,6.9,0.23,1.08,0.038,12.25
3.0,0.7,2.5,4.5,0.8,3600,0.4,184,82.6,6.9,0.23,1.08,0.038,12.25
2.0,1.0,1.5,3.0,0.4,1200,0.8,293,51.9,9.91,1.05,1.13,0.034,8.39
2.0,1.0,1.5,3.0,0.6,1200,0.8,293,51.9,9.91,1.05,1.13,0.034,8.39
2.0,1.0,1.5,3.0,0.8,1200,0.8,293,51.9,9.91,1.05,1.13,0.034,8.39
2.0,1.0,1.5,4.5,0.4,1200,0.8,293,51.9,9.91,1.05,1.13,0.034,8.39
2.0,1.0,1.5,4.5,0.6,1200,0.8,293,51.9,9.91,1.05,1.13,0.034,8.39
2.0,1.0,1.5,4.5,0.8,1200,0.8,293,51.9,9.91,1.05,1.13,0.034,8.39
2.0,1.5,2.5,3.0,0.6,3600,0.8,216,60.2,6.91,0.7,1.07,0.032,11.68
2.0,1.5,2.5,4.5,0.6,3600,0.8,216,60.2,6.91,0.7,1.07,0.032,11.68
2.0,1.5,2.5,3.0,0.4,3600,0.2,182,65.9,5.25,0.54,1.04,0.029,11.56
2.0,1.5,2.5,3.0,0.4,7200,0.2,182,65.9,5.25,0.54,1.04,0.029,11.56
2.0,1.5,2.5,3.0,0.4,7200,0.4,182,65.9,5.25,0.54,1.04,0.029,11.56
2.0,1.5,2.5,3.0,0.4,14400,0.2,182,65.9,5.25,0.54,1.04,0.029,11.56
2.0,1.5,2.5,3.0,0.4,14400,0.4,182,65.9,5.25,0.54,1.04,0.029,11.56
2.0,1.5,2.5,3.0,0.4,,0.4,182,65.9,5.25,0.54,1.04,0.029,11.56
2.0,1.5,2.5,4.5,0.4,3600,0.2,182,65.9,5.25,0.54,1.04,0.029,11.56
2.0,1.5,2.5,4.5,0.4,7200,0.2,182,65.9,5.25,0.54,1.04,0.029,11.56
2.0,1.5,2.5,4.5,0.4,7200,0.4,182,65.9,5.25,0.54,1.04,0.029,11.56
2.0,1.5,2.5,4.5,0.4,14400,0.2,182,65.9,5.25,0.54,1.04,0.029,11.56
2.0,1.5,2.5,4.5,0.4,14400,0.4,182,65.9,5.25,0.54,1.04,0.029,11.56
2.0,1.5,2.5,4.5,0.4,,0.4,182,65.9,5.25,0.54,1.04,0.029,11.56
2.0,1.5,2.5,3.0,0.4,2400,0.2,182,65.9,4.46,0.54,1.04,0.025,12.35
2.0,1.5,2.5,3.0,0.4,3600,0.4,185,65.4,4.6,0.55,1.04,0.025,11.46
2.0,1.5,2.5,3.0,0.6,7200,0.8,189,65.6,4.64,0.54,1.04,0.025,10.97
2.0,1.5,2.5,4.5,0.4,2400,0.2,182,65.9,4.46,0.54,1.04,0.025,12.35
2.0,1.5,2.5,4.5,0.4,3600,0.4,185,65.4,4.6,0.55,1.04,0.025,11.46
2.0,1.5,2.5,4.5,0.6,7200,0.8,189,65.6,4.64,0.54,1.04,0.025,10.97
3.0,0.7,2.5,3.0,0.4,1200,0.4,214,69.6,5.36,0.47,1.07,0.025,12.81
3.0,0.7,2.5,3.0,0.6,1200,0.4,214,69.6,5.36,0.47,1.07,0.025,12.81
3.0,0.7,2.5,3.0,0.8,1200,0.4,214,69.6,5.36,0.47,1.07,0.025,12.81
3.0,0.7,2.5,4.5,0.4,1200,0.4,214,69.6,5.36,0.47,1.07,0.025,12.81
3.0,0.7,2.5,4.5,0.6,1200,0.4,214,69.6,5.36,0.47,1.07,0.025,12.81
3.0,0.7,2.5,4.5,0.8,1200,0.4,214,69.6,5.36,0.47,1.07,0.025,12.81
2.0,0.7,1.5,3.0,0.4,1200,0.8,305,54.4,7.46,0.93,1.11,0.024,8.68
2.0,0.7,1.5,3.0,0.6,1200,0.8,305,54.4,7.46,0.93,1.11,0.024,8.68
2.0,0.7,1.5,3.0,0.8,1200,0.8,305,54.4,7.46,0.93,1.11,0.024,8.68
2.0,0.7,1.5,4.5,0.4,1200,0.8,305,54.4,7.46,0.93,1.11,0.024,8.68
2.0,0.7,1.5,4.5,0.6,1200,0.8,305,54.4,7.46,0.93,1.11,0.024,8.68
2.0,0.7,1.5,4.5,0.8,1200,0.8,305,54.4,7.46,0.93,1.11,0.024,8.68
2.0,1.5,2.5,3.0,0.4,2400,0.8,234,55.6,5.25,0.84,1.06,0.022,13.2
2.0,1.5,2.5,3.0,0.8,3600,0.8,215,60.0,4.69,0.7,1.04,0.022,12.28
2.0,1.5,2.5,4.5,0.4,2400,0.8,234,55.6,5.25,0.84,1.06,0.022,13.2
2.0,1.5,2.5,4.5,0.8,3600,0.8,215,60.0,4.69,0.7,1.04,0.022,12.28
2.0,1.5,2.5,3.0,0.6,2400,0.8,233,55.8,5.0,0.83,1.05,0.021,14.52
2.0,1.5,2.5,4.5,0.6,2400,0.8,233,55.8,5.0,0.83,1.05,0.021,14.52
2.0,0.7,2.5,3.0,0.4,1200,0.8,305,54.4,5.3,0.9,1.08,0.017,9.4
2.0,0.7,2.5,3.0,0.6,1200,0.8,305,54.4,5.3,0.9,1.08,0.017,9.4
2.0,0.7,2.5,3.0,0.8,1200,0.8,305,54.4,5.3,0.9,1.08,0.017,9.4
2.0,0.7,2.5,4.5,0.4,1200,0.8,305,54.4,5.3,0.9,1.08,0.017,9.4
2.0,0.7,2.5,4.5,0.6,1200,0.8,305,54.4,5.3,0.9,1.08,0.017,9.4
2.0,0.7,2.5,4.5,0.8,1200,0.8,305,54.4,5.3,0.9,1.08,0.017,9.4
2.0,1.0,2.5,3.0,0.4,1200,0.8,293,51.9,4.96,0.99,1.07,0.017,8.39
2.0,1.0,2.5,3.0,0.6,1200,0.8,293,51.9,4.96,0.99,1.07,0.017,8.39
2.0,1.0,2.5,3.0,0.8,1200,0.8,293,51.9,4.96,0.99,1.07,0.017,8.39
2.0,1.0,2.5,4.5,0.4,1200,0.8,293,51.9,4.96,0.99,1.07,0.017,8.39
2.0,1.0,2.5,4.5,0.6,1200,0.8,293,51.9,4.96,0.99,1.07,0.017,8.39
2.0,1.0,2.5,4.5,0.8,1200,0.8,293,51.9,4.96,0.99,1.07,0.017,8.39
2.0,1.5,2.5,3.0,0.4,14400,0.8,183,64.5,2.85,0.56,1.02,0.016,14.63
2.0,1.5,2.5,4.5,0.4,14400,0.8,183,64.5,2.85,0.56,1.02,0.016,14.63
2.0,1.5,2.5,3.0,0.4,1200,0.4,218,56.9,3.29,0.78,1.03,0.015,18.65
2.0,1.5,2.5,3.0,0.8,2400,0.8,232,55.6,3.57,0.83,1.04,0.015,15.22
2.0,1.5,2.5,4.5,0.4,1200,0.4,218,56.9,3.29,0.78,1.03,0.015,18.65
2.0,1.5,2.5,4.5,0.8,2400,0.8,232,55.6,3.57,0.83,1.04,0.015,15.22
2.0,1.5,2.5,3.0,0.8,7200,0.8,188,65.4,2.46,0.54,1.02,0.013,11.54
2.0,1.5,2.5,4.5,0.8,7200,0.8,188,65.4,2.46,0.54,1.02,0.013,11.54
2.0,1.5,2.5,3.0,0.4,1200,0.2,186,62.4,1.7,0.61,1.01,0.009,15.34
2.0,1.5,2.5,4.5,0.4,1200,0.2,186,62.4,1.7,0.61,1.01,0.009,15.34
3.0,0.7,2.5,3.0,0.4,2400,0.4,187,78.6,1.54,0.28,1.02,0.008,12.06
3.0,0.7,2.5,3.0,0.6,2400,0.4,187,78.6,1.54,0.28,1.02,0.008,12.06
3.0,0.7,2.5,3.0,0.8,2400,0.4,187,78.6,1.54,0.28,1.02,0.008,12.06
3.0,0.7,2.5,4.5,0.4,2400,0.4,187,78.6,1.54,0.28,1.02,0.008,12.06
3.0,0.7,2.5,4.5,0.6,2400,0.4,187,78.6,1.54,0.28,1.02,0.008,12.06
3.0,0.7,2.5,4.5,0.8,2400,0.4,187,78.6,1.54,0.28,1.02,0.008,12.06
2.0,1.5,2.5,3.0,0.6,1200,0.4,217,56.7,0.9,0.77,1.01,0.004,19.47
2.0,1.5,2.5,4.5,0.6,1200,0.4,217,56.7,0.9,0.77,1.01,0.004,19.47
2.0,0.7,1.5,3.0,0.4,3600,0.8,236,65.7,0.02,0.52,1.0,0.0,12.8
2.0,0.7,1.5,3.0,0.6,3600,0.8,236,65.7,0.02,0.52,1.0,0.0,12.8
2.0,0.7,1.5,3.0,0.8,3600,0.8,236,65.7,0.02,0.52,1.0,0.0,12.8
2.0,0.7,1.5,4.5,0.4,3600,0.8,236,65.7,0.02,0.52,1.0,0.0,12.8
2.0,0.7,1.5,4.5,0.6,3600,0.8,236,65.7,0.02,0.52,1.0,0.0,12.8
2.0,0.7,1.5,4.5,0.8,3600,0.8,236,65.7,0.02,0.52,1.0,0.0,12.8
2.0,1.5,2.5,3.0,0.6,3600,0.2,181,65.7,-0.45,0.52,1.0,-0.002,14.32
2.0,1.5,2.5,3.0,0.6,7200,0.2,181,65.7,-0.45,0.52,1.0,-0.002,14.32
2.0,1.5,2.5,3.0,0.6,7200,0.4,181,65.7,-0.45,0.52,1.0,-0.002,14.32
2.0,1.5,2.5,3.0,0.6,14400,0.2,181,65.7,-0.45,0.52,1.0,-0.002,14.32
2.0,1.5,2.5,3.0,0.6,14400,0.4,181,65.7,-0.45,0.52,1.0,-0.002,14.32
2.0,1.5,2.5,3.0,0.6,,0.4,181,65.7,-0.45,0.52,1.0,-0.002,14.32
2.0,1.5,2.5,4.5,0.6,3600,0.2,181,65.7,-0.45,0.52,1.0,-0.002,14.32
2.0,1.5,2.5,4.5,0.6,7200,0.2,181,65.7,-0.45,0.52,1.0,-0.002,14.32
2.0,1.5,2.5,4.5,0.6,7200,0.4,181,65.7,-0.45,0.52,1.0,-0.002,14.32
2.0,1.5,2.5,4.5,0.6,14400,0.2,181,65.7,-0.45,0.52,1.0,-0.002,14.32
2.0,1.5,2.5,4.5,0.6,14400,0.4,181,65.7,-0.45,0.52,1.0,-0.002,14.32
2.0,1.5,2.5,4.5,0.6,,0.4,181,65.7,-0.45,0.52,1.0,-0.002,14.32
2.0,0.7,1.5,3.0,0.4,7200,0.8,215,73.5,-0.94,0.36,0.99,-0.004,13.09
2.0,0.7,1.5,3.0,0.6,7200,0.8,215,73.5,-0.94,0.36,0.99,-0.004,13.09
2.0,0.7,1.5,3.0,0.8,7200,0.8,215,73.5,-0.94,0.36,0.99,-0.004,13.09
2.0,0.7,1.5,4.5,0.4,7200,0.8,215,73.5,-0.94,0.36,0.99,-0.004,13.09
2.0,0.7,1.5,4.5,0.6,7200,0.8,215,73.5,-0.94,0.36,0.99,-0.004,13.09
2.0,0.7,1.5,4.5,0.8,7200,0.8,215,73.5,-0.94,0.36,0.99,-0.004,13.09
2.0,1.5,2.5,3.0,0.6,3600,0.4,184,65.2,-0.7,0.53,0.99,-0.004,14.22
2.0,1.5,2.5,4.5,0.6,3600,0.4,184,65.2,-0.7,0.53,0.99,-0.004,14.22
2.0,0.7,2.5,3.0,0.4,3600,0.8,236,65.7,-1.24,0.52,0.99,-0.005,14.24
2.0,0.7,2.5,3.0,0.6,3600,0.8,236,65.7,-1.24,0.52,0.99,-0.005,14.24
2.0,0.7,2.5,3.0,0.8,3600,0.8,236,65.7,-1.24,0.52,0.99,-0.005,14.24
2.0,0.7,2.5,4.5,0.4,3600,0.8,236,65.7,-1.24,0.52,0.99,-0.005,14.24
2.0,0.7,2.5,4.5,0.6,3600,0.8,236,65.7,-1.24,0.52,0.99,-0.005,14.24
2.0,0.7,2.5,4.5,0.8,3600,0.8,236,65.7,-1.24,0.52,0.99,-0.005,14.24
2.0,1.0,1.5,3.0,0.4,3600,0.8,217,60.4,-1.11,0.65,0.99,-0.005,11.94
2.0,1.0,1.5,3.0,0.6,3600,0.8,217,60.4,-1.11,0.65,0.99,-0.005,11.94
2.0,1.0,1.5,3.0,0.8,3600,0.8,217,60.4,-1.11,0.65,0.99,-0.005,11.94
2.0,1.0,1.5,4.5,0.4,3600,0.8,217,60.4,-1.11,0.65,0.99,-0.005,11.94
2.0,1.0,1.5,4.5,0.6,3600,0.8,217,60.4,-1.11,0.65,0.99,-0.005,11.94
2.0,1.0,1.5,4.5,0.8,3600,0.8,217,60.4,-1.11,0.65,0.99,-0.005,11.94
2.0,0.7,1.5,3.0,0.4,3600,0.2,207,74.9,-1.31,0.33,0.99,-0.006,13.09
2.0,0.7,1.5,3.0,0.4,7200,0.2,207,74.9,-1.31,0.33,0.99,-0.006,13.09
2.0,0.7,1.5,3.0,0.4,7200,0.4,207,74.9,-1.31,0.33,0.99,-0.006,13.09
2.0,0.7,1.5,3.0,0.4,14400,0.2,207,74.9,-1.31,0.33,0.99,-0.006,13.09
2.0,0.7,1.5,3.0,0.4,14400,0.4,207,74.9,-1.31,0.33,0.99,-0.006,13.09
2.0,0.7,1.5,3.0,0.4,,0.4,207,74.9,-1.31,0.33,0.99,-0.006,13.09
2.0,0.7,1.5,3.0,0.6,3600,0.2,207,74.9,-1.31,0.33,0.99,-0.006,13.09
2.0,0.7,1.5,3.0,0.6,7200,0.2,207,74.9,-1.31,0.33,0.99,-0.006,13.09
2.0,0.7,1.5,3.0,0.6,7200,0.4,207,74.9,-1.31,0.33,0.99,-0.006,13.09
2.0,0.7,1.5,3.0,0.6,14400,0.2,207,74.9,-1.31,0.33,0.99,-0.006,13.09
2.0,0.7,1.5,3.0,0.6,14400,0.4,207,74.9,-1.31,0.33,0.99,-0.006,13.09
2.0,0.7,1.5,3.0,0.6,,0.4,207,74.9,-1.31,0.33,0.99,-0.006,13.09
2.0,0.7,1.5,3.0,0.8,3600,0.2,207,74.9,-1.31,0.33,0.99,-0.006,13.09
2.0,0.7,1.5,3.0,0.8,7200,0.2,207,74.9,-1.31,0.33,0.99,-0.006,13.09
2.0,0.7,1.5,3.0,0.8,7200,0.4,207,74.9,-1.31,0.33,0.99,-0.006,13.09
2.0,0.7,1.5,3.0,0.8,14400,0.2,207,74.9,-1.31,0.33,0.99,-0.006,13.09
2.0,0.7,1.5,3.0,0.8,14400,0.4,207,74.9,-1.31,0.33,0.99,-0.006,13.09
2.0,0.7,1.5,3.0,0.8,,0.4,207,74.9,-1.31,0.33,0.99,-0.006,13.09
2.0,0.7,1.5,4.5,0.4,3600,0.2,207,74.9,-1.31,0.33,0.99,-0.006,13.09
2.0,0.7,1.5,4.5,0.4,7200,0.2,207,74.9,-1.31,0.33,0.99,-0.006,13.09
2.0,0.7,1.5,4.5,0.4,7200,0.4,207,74.9,-1.31,0.33,0.99,-0.006,13.09
2.0,0.7,1.5,4.5,0.4,14400,0.2,207,74.9,-1.31,0.33,0.99,-0.006,13.09
2.0,0.7,1.5,4.5,0.4,14400,0.4,207,74.9,-1.31,0.33,0.99,-0.006,13.09
2.0,0.7,1.5,4.5,0.4,,0.4,207,74.9,-1.31,0.33,0.99,-0.006,13.09
2.0,0.7,1.5,4.5,0.6,3600,0.2,207,74.9,-1.31,0.33,0.99,-0.006,13.09
2.0,0.7,1.5,4.5,0.6,7200,0.2,207,74.9,-1.31,0.33,0.99,-0.006,13.09
2.0,0.7,1.5,4.5,0.6,7200,0.4,207,74.9,-1.31,0.33,0.99,-0.006,13.09
2.0,0.7,1.5,4.5,0.6,14400,0.2,207,74.9,-1.31,0.33,0.99,-0.006,13.09
2.0,0.7,1.5,4.5,0.6,14400,0.4,207,74.9,-1.31,0.33,0.99,-0.006,13.09
2.0,0.7,1.5,4.5,0.6,,0.4,207,74.9,-1.31,0.33,0.99,-0.006,13.09
2.0,0.7,1.5,4.5,0.8,3600,0.2,207,74.9,-1.31,0.33,0.99,-0.006,13.09
2.0,0.7,1.5,4.5,0.8,7200,0.2,207,74.9,-1.31,0.33,0.99,-0.006,13.09
2.0,0.7,1.5,4.5,0.8,7200,0.4,207,74.9,-1.31,0.33,0.99,-0.006,13.09
2.0,0.7,1.5,4.5,0.8,14400,0.2,207,74.9,-1.31,0.33,0.99,-0.006,13.09
2.0,0.7,1.5,4.5,0.8,14400,0.4,207,74.9,-1.31,0.33,0.99,-0.006,13.09
2.0,0.7,1.5,4.5,0.8,,0.4,207,74.9,-1.31,0.33,0.99,-0.006,13.09
2.0,1.5,2.5,3.0,0.6,2400,0.2,181,65.7,-1.04,0.52,0.99,-0.006,14.91
2.0,1.5,2.5,4.5,0.6,2400,0.2,181,65.7,-1.04,0.52,0.99,-0.006,14.91
2.0,0.7,1.5,3.0,0.4,2400,0.8,247,59.9,-1.78,0.65,0.98,-0.007,12.15
2.0,0.7,1.5,3.0,0.6,2400,0.8,247,59.9,-1.78,0.65,0.98,-0.007,12.15
2.0,0.7,1.5,3.0,0.8,2400,0.8,247,59.9,-1.78,0.65,0.98,-0.007,12.15
2.0,0.7,1.5,4.5,0.4,2400,0.8,247,59.9,-1.78,0.65,0.98,-0.007,12.15
2.0,0.7,1.5,4.5,0.6,2400,0.8,247,59.9,-1.78,0.65,0.98,-0.007,12.15
2.0,0.7,1.5,4.5,0.8,2400,0.8,247,59.9,-1.78,0.65,0.98,-0.007,12.15
2.0,0.7,1.5,3.0,0.4,2400,0.2,207,74.9,-1.74,0.33,0.98,-0.008,13.09
2.0,0.7,1.5,3.0,0.6,2400,0.2,207,74.9,-1.74,0.33,0.98,-0.008,13.09
2.0,0.7,1.5,3.0,0.8,2400,0.2,207,74.9,-1.74,0.33,0.98,-0.008,13.09
2.0,0.7,1.5,4.5,0.4,2400,0.2,207,74.9,-1.74,0.33,0.98,-0.008,13.09
2.0,0.7,1.5,4.5,0.6,2400,0.2,207,74.9,-1.74,0.33,0.98,-0.008,13.09
2.0,0.7,1.5,4.5,0.8,2400,0.2,207,74.9,-1.74,0.33,0.98,-0.008,13.09
2.0,1.0,1.5,3.0,0.4,2400,0.8,234,55.6,-2.09,0.78,0.98,-0.009,12.89
2.0,1.0,1.5,3.0,0.6,2400,0.8,234,55.6,-2.09,0.78,0.98,-0.009,12.89
2.0,1.0,1.5,3.0,0.8,2400,0.8,234,55.6,-2.09,0.78,0.98,-0.009,12.89
2.0,1.0,1.5,4.5,0.4,2400,0.8,234,55.6,-2.09,0.78,0.98,-0.009,12.89
2.0,1.0,1.5,4.5,0.6,2400,0.8,234,55.6,-2.09,0.78,0.98,-0.009,12.89
2.0,1.0,1.5,4.5,0.8,2400,0.8,234,55.6,-2.09,0.78,0.98,-0.009,12.89
2.0,0.7,1.5,3.0,0.4,14400,0.8,206,73.8,-2.2,0.35,0.98,-0.011,13.09
2.0,0.7,1.5,3.0,0.6,14400,0.8,206,73.8,-2.2,0.35,0.98,-0.011,13.09
2.0,0.7,1.5,3.0,0.8,14400,0.8,206,73.8,-2.2,0.35,0.98,-0.011,13.09
2.0,0.7,1.5,4.5,0.4,14400,0.8,206,73.8,-2.2,0.35,0.98,-0.011,13.09
2.0,0.7,1.5,4.5,0.6,14400,0.8,206,73.8,-2.2,0.35,0.98,-0.011,13.09
2.0,0.7,1.5,4.5,0.8,14400,0.8,206,73.8,-2.2,0.35,0.98,-0.011,13.09
2.0,1.5,2.5,3.0,0.8,3600,0.2,180,65.6,-1.92,0.52,0.98,-0.011,14.73
2.0,1.5,2.5,3.0,0.8,7200,0.2,180,65.6,-1.92,0.52,0.98,-0.011,14.73
2.0,1.5,2.5,3.0,0.8,7200,0.4,180,65.6,-1.92,0.52,0.98,-0.011,14.73
2.0,1.5,2.5,3.0,0.8,14400,0.2,180,65.6,-1.92,0.52,0.98,-0.011,14.73
2.0,1.5,2.5,3.0,0.8,14400,0.4,180,65.6,-1.92,0.52,0.98,-0.011,14.73
2.0,1.5,2.5,3.0,0.8,,0.4,180,65.6,-1.92,0.52,0.98,-0.011,14.73
2.0,1.5,2.5,4.5,0.8,3600,0.2,180,65.6,-1.92,0.52,0.98,-0.011,14.73
2.0,1.5,2.5,4.5,0.8,7200,0.2,180,65.6,-1.92,0.52,0.98,-0.011,14.73
2.0,1.5,2.5,4.5,0.8,7200,0.4,180,65.6,-1.92,0.52,0.98,-0.011,14.73
2.0,1.5,2.5,4.5,0.8,14400,0.2,180,65.6,-1.92,0.52,0.98,-0.011,14.73
2.0,1.5,2.5,4.5,0.8,14400,0.4,180,65.6,-1.92,0.52,0.98,-0.011,14.73
2.0,1.5,2.5,4.5,0.8,,0.4,180,65.6,-1.92,0.52,0.98,-0.011,14.73
2.0,1.0,1.5,3.0,0.4,7200,0.8,190,65.8,-2.29,0.51,0.98,-0.012,12.37
2.0,1.0,1.5,3.0,0.6,7200,0.8,190,65.8,-2.29,0.51,0.98,-0.012,12.37
2.0,1.0,1.5,3.0,0.8,7200,0.8,190,65.8,-2.29,0.51,0.98,-0.012,12.37
2.0,1.0,1.5,4.5,0.4,7200,0.8,190,65.8,-2.29,0.51,0.98,-0.012,12.37
2.0,1.0,1.5,4.5,0.6,7200,0.8,190,65.8,-2.29,0.51,0.98,-0.012,12.37
2.0,1.0,1.5,4.5,0.8,7200,0.8,190,65.8,-2.29,0.51,0.98,-0.012,12.37
2.0,1.5,2.5,3.0,0.6,14400,0.8,182,64.3,-2.25,0.55,0.98,-0.012,16.99
2.0,1.5,2.5,4.5,0.6,14400,0.8,182,64.3,-2.25,0.55,0.98,-0.012,16.99
2.0,0.7,2.5,3.0,0.4,2400,0.8,247,59.9,-3.22,0.64,0.96,-0.013,12.87
2.0,0.7,2.5,3.0,0.6,2400,0.8,247,59.9,-3.22,0.64,0.96,-0.013,12.87
2.0,0.7,2.5,3.0,0.8,2400,0.8,247,59.9,-3.22,0.64,0.96,-0.013,12.87
2.0,0.7,2.5,4.5,0.4,2400,0.8,247,59.9,-3.22,0.64,0.96,-0.013,12.87
2.0,0.7,2.5,4.5,0.6,2400,0.8,247,59.9,-3.22,0.64,0.96,-0.013,12.87
2.0,0.7,2.5,4.5,0.8,2400,0.8,247,59.9,-3.22,0.64,0.96,-0.013,12.87
2.0,1.5,2.5,3.0,0.8,2400,0.2,180,65.6,-2.31,0.52,0.98,-0.013,15.12
2.0,1.5,2.5,3.0,0.8,3600,0.4,183,65.0,-2.43,0.53,0.98,-0.013,14.63
2.0,1.5,2.5,4.5,0.8,2400,0.2,180,65.6,-2.31,0.52,0.98,-0.013,15.12
2.0,1.5,2.5,4.5,0.8,3600,0.4,183,65.0,-2.43,0.53,0.98,-0.013,14.63
2.0,1.5,2.5,3.0,0.4,2400,0.4,188,62.8,-2.66,0.58,0.98,-0.014,16.91
2.0,1.5,2.5,3.0,0.8,1200,0.4,216,56.5,-3.05,0.75,0.97,-0.014,20.76
2.0,1.5,2.5,4.5,0.4,2400,0.4,188,62.8,-2.66,0.58,0.98,-0.014,16.91
2.0,1.5,2.5,4.5,0.8,1200,0.4,216,56.5,-3.05,0.75,0.97,-0.014,20.76
2.0,0.7,1.5,3.0,0.4,3600,0.4,208,73.6,-4.19,0.35,0.96,-0.02,13.09
2.0,0.7,1.5,3.0,0.6,3600,0.4,208,73.6,-4.19,0.35,0.96,-0.02,13.09
2.0,0.7,1.5,3.0,0.8,3600,0.4,208,73.6,-4.19,0.35,0.96,-0.02,13.09
2.0,0.7,1.5,4.5,0.4,3600,0.4,208,73.6,-4.19,0.35,0.96,-0.02,13.09
2.0,0.7,1.5,4.5,0.6,3600,0.4,208,73.6,-4.19,0.35,0.96,-0.02,13.09
2.0,0.7,1.5,4.5,0.8,3600,0.4,208,73.6,-4.19,0.35,0.96,-0.02,13.09
2.0,1.5,2.5,3.0,0.6,1200,0.2,185,62.2,-3.86,0.59,0.97,-0.021,17.91
2.0,1.5,2.5,4.5,0.6,1200,0.2,185,62.2,-3.86,0.59,0.97,-0.021,17.91
2.0,0.7,1.5,3.0,0.4,1200,0.2,213,71.4,-4.73,0.38,0.95,-0.022,13.09
2.0,0.7,1.5,3.0,0.6,1200,0.2,213,71.4,-4.73,0.38,0.95,-0.022,13.09
2.0,0.7,1.5,3.0,0.8,1200,0.2,213,71.4,-4.73,0.38,0.95,-0.022,13.09
2.0,0.7,1.5,4.5,0.4,1200,0.2,213,71.4,-4.73,0.38,0.95,-0.022,13.09
2.0,0.7,1.5,4.5,0.6,1200,0.2,213,71.4,-4.73,0.38,0.95,-0.022,13.09
2.0,0.7,1.5,4.5,0.8,1200,0.2,213,71.4,-4.73,0.38,0.95,-0.022,13.09
2.0,1.5,2.5,3.0,0.8,1200,0.2,184,62.0,-4.53,0.59,0.96,-0.025,17.92
2.0,1.5,2.5,4.5,0.8,1200,0.2,184,62.0,-4.53,0.59,0.96,-0.025,17.92
2.0,1.5,2.5,3.0,0.8,14400,0.8,181,64.1,-4.88,0.54,0.96,-0.027,18.1
2.0,1.5,2.5,4.5,0.8,14400,0.8,181,64.1,-4.88,0.54,0.96,-0.027,18.1
2.0,0.7,2.5,3.0,0.4,7200,0.8,215,73.5,-5.98,0.34,0.94,-0.028,14.25
2.0,0.7,2.5,3.0,0.6,7200,0.8,215,73.5,-5.98,0.34,0.94,-0.028,14.25
2.0,0.7,2.5,3.0,0.8,7200,0.8,215,73.5,-5.98,0.34,0.94,-0.028,14.25
2.0,0.7,2.5,4.5,0.4,7200,0.8,215,73.5,-5.98,0.34,0.94,-0.028,14.25
2.0,0.7,2.5,4.5,0.6,7200,0.8,215,73.5,-5.98,0.34,0.94,-0.028,14.25
2.0,0.7,2.5,4.5,0.8,7200,0.8,215,73.5,-5.98,0.34,0.94,-0.028,14.25
2.0,1.0,2.5,3.0,0.4,2400,0.8,234,55.6,-6.59,0.74,0.93,-0.028,13.41
2.0,1.0,2.5,3.0,0.6,2400,0.8,234,55.6,-6.59,0.74,0.93,-0.028,13.41
2.0,1.0,2.5,3.0,0.8,2400,0.8,234,55.6,-6.59,0.74,0.93,-0.028,13.41
2.0,1.0,2.5,4.5,0.4,2400,0.8,234,55.6,-6.59,0.74,0.93,-0.028,13.41
2.0,1.0,2.5,4.5,0.6,2400,0.8,234,55.6,-6.59,0.74,0.93,-0.028,13.41
2.0,1.0,2.5,4.5,0.8,2400,0.8,234,55.6,-6.59,0.74,0.93,-0.028,13.41
2.0,0.7,2.5,3.0,0.4,3600,0.2,207,74.9,-6.35,0.32,0.94,-0.031,14.25
2.0,0.7,2.5,3.0,0.4,7200,0.2,207,74.9,-6.35,0.32,0.94,-0.031,14.25
2.0,0.7,2.5,3.0,0.4,7200,0.4,207,74.9,-6.35,0.32,0.94,-0.031,14.25
2.0,0.7,2.5,3.0,0.4,14400,0.2,207,74.9,-6.35,0.32,0.94,-0.031,14.25
2.0,0.7,2.5,3.0,0.4,14400,0.4,207,74.9,-6.35,0.32,0.94,-0.031,14.25
2.0,0.7,2.5,3.0,0.4,,0.4,207,74.9,-6.35,0.32,0.94,-0.031,14.25
2.0,0.7,2.5,3.0,0.6,3600,0.2,207,74.9,-6.35,0.32,0.94,-0.031,14.25
2.0,0.7,2.5,3.0,0.6,7200,0.2,207,74.9,-6.35,0.32,0.94,-0.031,14.25
2.0,0.7,2.5,3.0,0.6,7200,0.4,207,74.9,-6.35,0.32,0.94,-0.031,14.25
2.0,0.7,2.5,3.0,0.6,14400,0.2,207,74.9,-6.35,0.32,0.94,-0.031,14.25
2.0,0.7,2.5,3.0,0.6,14400,0.4,207,74.9,-6.35,0.32,0.94,-0.031,14.25
2.0,0.7,2.5,3.0,0.6,,0.4,207,74.9,-6.35,0.32,0.94,-0.031,14.25
2.0,0.7,2.5,3.0,0.8,3600,0.2,207,74.9,-6.35,0.32,0.94,-0.031,14.25
2.0,0.7,2.5,3.0,0.8,7200,0.2,207,74.9,-6.35,0.32,0.94,-0.031,14.25
2.0,0.7,2.5,3.0,0.8,7200,0.4,207,74.9,-6.35,0.32,0.94,-0.031,14.25
2.0,0.7,2.5,3.0,0.8,14400,0.2,207,74.9,-6.35,0.32,0.94,-0.031,14.25
2.0,0.7,2.5,3.0,0.8,14400,0.4,207,74.9,-6.35,0.32,0.94,-0.031,14.25
2.0,0.7,2.5,3.0,0.8,,0.4,207,74.9,-6.35,0.32,0.94,-0.031,14.25
2.0,0.7,2.5,4.5,0.4,3600,0.2,207,74.9,-6.35,0.32,0.94,-0.031,14.25
2.0,0.7,2.5,4.5,0.4,7200,0.2,207,74.9,-6.35,0.32,0.94,-0.031,14.25
2.0,0.7,2.5,4.5,0.4,7200,0.4,207,74.9,-6.35,0.32,0.94,-0.031,14.25
2.0,0.7,2.5,4.5,0.4,14400,0.2,207,74.9,-6.35,0.32,0.94,-0.031,14.25
2.0,0.7,2.5,4.5,0.4,14400,0.4,207,74.9,-6.35,0.32,0.94,-0.031,14.25
2.0,0.7,2.5,4.5,0.4,,0.4,207,74.9,-6.35,0.32,0.94,-0.031,14.25
2.0,0.7,2.5,4.5,0.6,3600,0.2,207,74.9,-6.35,0.32,0.94,-0.031,14.25
2.0,0.7,2.5,4.5,0.6,7200,0.2,207,74.9,-6.35,0.32,0.94,-0.031,14.25
2.0,0.7,2.5,4.5,0.6,7200,0.4,207,74.9,-6.35,0.32,0.94,-0.031,14.25
2.0,0.7,2.5,4.5,0.6,14400,0.2,207,74.9,-6.35,0.32,0.94,-0.031,14.25
2.0,0.7,2.5,4.5,0.6,14400,0.4,207,74.9,-6.35,0.32,0.94,-0.031,14.25
2.0,0.7,2.5,4.5,0.6,,0.4,207,74.9,-6.35,0.32,0.94,-0.031,14.25
2.0,0.7,2.5,4.5,0.8,3600,0.2,207,74.9,-6.35,0.32,0.94,-0.031,14.25
2.0,0.7,2.5,4.5,0.8,7200,0.2,207,74.9,-6.35,0.32,0.94,-0.031,14.25
2.0,0.7,2.5,4.5,0.8,7200,0.4,207,74.9,-6.35,0.32,0.94,-0.031,14.25
2.0,0.7,2.5,4.5,0.8,14400,0.2,207,74.9,-6.35,0.32,0.94,-0.031,14.25
2.0,0.7,2.5,4.5,0.8,14400,0.4,207,74.9,-6.35,0.32,0.94,-0.031,14.25
2.0,0.7,2.5,4.5,0.8,,0.4,207,74.9,-6.35,0.32,0.94,-0.031,14.25
2.0,1.0,1.5,3.0,0.4,1200,0.4,218,56.9,-6.93,0.71,0.94,-0.032,22.18
2.0,1.0,1.5,3.0,0.6,1200,0.4,218,56.9,-6.93,0.71,0.94,-0.032,22.18
2.0,1.0,1.5,3.0,0.8,1200,0.4,218,56.9,-6.93,0.71,0.94,-0.032,22.18
2.0,1.0,1.5,4.5,0.4,1200,0.4,218,56.9,-6.93,0.71,0.94,-0.032,22.18
2.0,1.0,1.5,4.5,0.6,1200,0.4,218,56.9,-6.93,0.71,0.94,-0.032,22.18
2.0,1.0,1.5,4.5,0.8,1200,0.4,218,56.9,-6.93,0.71,0.94,-0.032,22.18
2.0,0.7,1.5,3.0,0.4,1200,0.4,242,62.0,-8.01,0.56,0.92,-0.033,15.54
2.0,0.7,1.5,3.0,0.6,1200,0.4,242,62.0,-8.01,0.56,0.92,-0.033,15.54
2.0,0.7,1.5,3.0,0.8,1200,0.4,242,62.0,-8.01,0.56,0.92,-0.033,15.54
2.0,0.7,1.5,4.5,0.4,1200,0.4,242,62.0,-8.01,0.56,0.92,-0.033,15.54
2.0,0.7,1.5,4.5,0.6,1200,0.4,242,62.0,-8.01,0.56,0.92,-0.033,15.54
2.0,0.7,1.5,4.5,0.8,1200,0.4,242,62.0,-8.01,0.56,0.92,-0.033,15.54
2.0,0.7,2.5,3.0,0.4,2400,0.2,207,74.9,-6.78,0.31,0.93,-0.033,14.25
2.0,0.7,2.5,3.0,0.6,2400,0.2,207,74.9,-6.78,0.31,0.93,-0.033,14.25
2.0,0.7,2.5,3.0,0.8,2400,0.2,207,74.9,-6.78,0.31,0.93,-0.033,14.25
2.0,0.7,2.5,4.5,0.4,2400,0.2,207,74.9,-6.78,0.31,0.93,-0.033,14.25
2.0,0.7,2.5,4.5,0.6,2400,0.2,207,74.9,-6.78,0.31,0.93,-0.033,14.25
2.0,0.7,2.5,4.5,0.8,2400,0.2,207,74.9,-6.78,0.31,0.93,-0.033,14.25
2.0,1.0,1.5,3.0,0.4,3600,0.2,182,65.9,-6.1,0.49,0.95,-0.034,17.3
2.0,1.0,1.5,3.0,0.4,7200,0.2,182,65.9,-6.1,0.49,0.95,-0.034,17.3
2.0,1.0,1.5,3.0,0.4,7200,0.4,182,65.9,-6.1,0.49,0.95,-0.034,17.3
2.0,1.0,1.5,3.0,0.4,14400,0.2,182,65.9,-6.1,0.49,0.95,-0.034,17.3
2.0,1.0,1.5,3.0,0.4,14400,0.4,182,65.9,-6.1,0.49,0.95,-0.034,17.3
2.0,1.0,1.5,3.0,0.4,,0.4,182,65.9,-6.1,0.49,0.95,-0.034,17.3
2.0,1.0,1.5,3.0,0.6,3600,0.2,182,65.9,-6.1,0.49,0.95,-0.034,17.3
2.0,1.0,1.5,3.0,0.6,7200,0.2,182,65.9,-6.1,0.49,0.95,-0.034,17.3
2.0,1.0,1.5,3.0,0.6,7200,0.4,182,65.9,-6.1,0.49,0.95,-0.034,17.3
2.0,1.0,1.5,3.0,0.6,14400,0.2,182,65.9,-6.1,0.49,0.95,-0.034,17.3
2.0,1.0,1.5,3.0,0.6,14400,0.4,182,65.9,-6.1,0.49,0.95,-0.034,17.3
2.0,1.0,1.5,3.0,0.6,,0.4,182,65.9,-6.1,0.49,0.95,-0.034,17.3
2.0,1.0,1.5,3.0,0.8,3600,0.2,182,65.9,-6.1,0.49,0.95,-0.034,17.3
2.0,1.0,1.5,3.0,0.8,7200,0.2,182,65.9,-6.1,0.49,0.95,-0.034,17.3
2.0,1.0,1.5,3.0,0.8,7200,0.4,182,65.9,-6.1,0.49,0.95,-0.034,17.3
2.0,1.0,1.5,3.0,0.8,14400,0.2,182,65.9,-6.1,0.49,0.95,-0.034,17.3
2.0,1.0,1.5,3.0,0.8,14400,0.4,182,65.9,-6.1,0.49,0.95,-0.034,17.3
2.0,1.0,1.5,3.0,0.8,,0.4,182,65.9,-6.1,0.49,0.95,-0.034,17.3
2.0,1.0,1.5,4.5,0.4,3600,0.2,182,65.9,-6.1,0.49,0.95,-0.034,17.3
2.0,1.0,1.5,4.5,0.4,7200,0.2,182,65.9,-6.1,0.49,0.95,-0.034,17.3
2.0,1.0,1.5,4.5,0.4,7200,0.4,182,65.9,-6.1,0.49,0.95,-0.034,17.3
2.0,1.0,1.5,4.5,0.4,14400,0.2,182,65.9,-6.1,0.49,0.95,-0.034,17.3
2.0,1.0,1.5,4.5,0.4,14400,0.4,182,65.9,-6.1,0.49,0.95,-0.034,17.3
2.0,1.0,1.5,4.5,0.4,,0.4,182,65.9,-6.1,0.49,0.95,-0.034,17.3
2.0,1.0,1.5,4.5,0.6,3600,0.2,182,65.9,-6.1,0.49,0.95,-0.034,17.3
2.0,1.0,1.5,4.5,0.6,7200,0.2,182,65.9,-6.1,0.49,0.95,-0.034,17.3
2.0,1.0,1.5,4.5,0.6,7200,0.4,182,65.9,-6.1,0.49,0.95,-0.034,17.3
2.0,1.0,1.5,4.5,0.6,14400,0.2,182,65.9,-6.1,0.49,0.95,-0.034,17.3
2.0,1.0,1.5,4.5,0.6,14400,0.4,182,65.9,-6.1,0.49,0.95,-0.034,17.3
2.0,1.0,1.5,4.5,0.6,,0.4,182,65.9,-6.1,0.49,0.95,-0.034,17.3
2.0,1.0,1.5,4.5,0.8,3600,0.2,182,65.9,-6.1,0.49,0.95,-0.034,17.3
2.0,1.0,1.5,4.5,0.8,7200,0.2,182,65.9,-6.1,0.49,0.95,-0.034,17.3
2.0,1.0,1.5,4.5,0.8,7200,0.4,182,65.9,-6.1,0.49,0.95,-0.034,17.3
2.0,1.0,1.5,4.5,0.8,14400,0.2,182,65.9,-6.1,0.49,0.95,-0.034,17.3
2.0,1.0,1.5,4.5,0.8,14400,0.4,182,65.9,-6.1,0.49,0.95,-0.034,17.3
2.0,1.0,1.5,4.5,0.8,,0.4,182,65.9,-6.1,0.49,0.95,-0.034,17.3
2.0,0.7,2.5,3.0,0.4,14400,0.8,206,73.8,-7.24,0.33,0.93,-0.035,14.25
2.0,0.7,2.5,3.0,0.6,14400,0.8,206,73.8,-7.24,0.33,0.93,-0.035,14.25
2.0,0.7,2.5,3.0,0.8,14400,0.8,206,73.8,-7.24,0.33,0.93,-0.035,14.25
2.0,0.7,2.5,4.5,0.4,14400,0.8,206,73.8,-7.24,0.33,0.93,-0.035,14.25
2.0,0.7,2.5,4.5,0.6,14400,0.8,206,73.8,-7.24,0.33,0.93,-0.035,14.25
2.0,0.7,2.5,4.5,0.8,14400,0.8,206,73.8,-7.24,0.33,0.93,-0.035,14.25
2.0,1.5,2.5,3.0,0.6,2400,0.4,187,62.6,-6.56,0.57,0.95,-0.035,18.47
2.0,1.5,2.5,4.5,0.6,2400,0.4,187,62.6,-6.56,0.57,0.95,-0.035,18.47
2.0,1.0,2.5,3.0,0.4,3600,0.8,217,60.4,-7.86,0.61,0.93,-0.036,13.92
2.0,1.0,2.5,3.0,0.6,3600,0.8,217,60.4,-7.86,0.61,0.93,-0.036,13.92
2.0,1.0,2.5,3.0,0.8,3600,0.8,217,60.4,-7.86,0.61,0.93,-0.036,13.92
2.0,1.0,2.5,4.5,0.4,3600,0.8,217,60.4,-7.86,0.61,0.93,-0.036,13.92
2.0,1.0,2.5,4.5,0.6,3600,0.8,217,60.4,-7.86,0.61,0.93,-0.036,13.92
2.0,1.0,2.5,4.5,0.8,3600,0.8,217,60.4,-7.86,0.61,0.93,-0.036,13.92
2.0,1.0,1.5,3.0,0.4,2400,0.2,182,65.9,-6.8,0.49,0.95,-0.037,18.0
2.0,1.0,1.5,3.0,0.6,2400,0.2,182,65.9,-6.8,0.49,0.95,-0.037,18.0
2.0,1.0,1.5,3.0,0.8,2400,0.2,182,65.9,-6.8,0.49,0.95,-0.037,18.0
2.0,1.0,1.5,4.5,0.4,2400,0.2,182,65.9,-6.8,0.49,0.95,-0.037,18.0
2.0,1.0,1.5,4.5,0.6,2400,0.2,182,65.9,-6.8,0.49,0.95,-0.037,18.0
2.0,1.0,1.5,4.5,0.8,2400,0.2,182,65.9,-6.8,0.49,0.95,-0.037,18.0
2.0,0.7,2.5,3.0,0.4,1200,0.2,213,71.4,-8.15,0.37,0.92,-0.038,15.48
2.0,0.7,2.5,3.0,0.6,1200,0.2,213,71.4,-8.15,0.37,0.92,-0.038,15.48
2.0,0.7,2.5,3.0,0.8,1200,0.2,213,71.4,-8.15,0.37,0.92,-0.038,15.48
2.0,0.7,2.5,4.5,0.4,1200,0.2,213,71.4,-8.15,0.37,0.92,-0.038,15.48
2.0,0.7,2.5,4.5,0.6,1200,0.2,213,71.4,-8.15,0.37,0.92,-0.038,15.48
2.0,0.7,2.5,4.5,0.8,1200,0.2,213,71.4,-8.15,0.37,0.92,-0.038,15.48
2.0,1.0,1.5,3.0,0.4,3600,0.4,185,65.4,-6.99,0.5,0.94,-0.038,17.2
2.0,1.0,1.5,3.0,0.6,3600,0.4,185,65.4,-6.99,0.5,0.94,-0.038,17.2
2.0,1.0,1.5,3.0,0.8,3600,0.4,185,65.4,-6.99,0.5,0.94,-0.038,17.2
2.0,1.0,1.5,4.5,0.4,3600,0.4,185,65.4,-6.99,0.5,0.94,-0.038,17.2
2.0,1.0,1.5,4.5,0.6,3600,0.4,185,65.4,-6.99,0.5,0.94,-0.038,17.2
2.0,1.0,1.5,4.5,0.8,3600,0.4,185,65.4,-6.99,0.5,0.94,-0.038,17.2
2.0,1.0,1.5,3.0,0.4,14400,0.8,183,64.5,-7.68,0.52,0.94,-0.042,19.74
2.0,1.0,1.5,3.0,0.6,14400,0.8,183,64.5,-7.68,0.52,0.94,-0.042,19.74
2.0,1.0,1.5,3.0,0.8,14400,0.8,183,64.5,-7.68,0.52,0.94,-0.042,19.74
2.0,1.0,1.5,4.5,0.4,14400,0.8,183,64.5,-7.68,0.52,0.94,-0.042,19.74
2.0,1.0,1.5,4.5,0.6,14400,0.8,183,64.5,-7.68,0.52,0.94,-0.042,19.74
2.0,1.0,1.5,4.5,0.8,14400,0.8,183,64.5,-7.68,0.52,0.94,-0.042,19.74
2.0,0.7,2.5,3.0,0.4,3600,0.4,208,73.6,-9.23,0.33,0.91,-0.044,14.25
2.0,0.7,2.5,3.0,0.6,3600,0.4,208,73.6,-9.23,0.33,0.91,-0.044,14.25
2.0,0.7,2.5,3.0,0.8,3600,0.4,208,73.6,-9.23,0.33,0.91,-0.044,14.25
2.0,0.7,2.5,4.5,0.4,3600,0.4,208,73.6,-9.23,0.33,0.91,-0.044,14.25
2.0,0.7,2.5,4.5,0.6,3600,0.4,208,73.6,-9.23,0.33,0.91,-0.044,14.25
2.0,0.7,2.5,4.5,0.8,3600,0.4,208,73.6,-9.23,0.33,0.91,-0.044,14.25
2.0,0.7,1.5,3.0,0.4,2400,0.4,212,69.8,-10.68,0.39,0.9,-0.05,16.77
2.0,0.7,1.5,3.0,0.6,2400,0.4,212,69.8,-10.68,0.39,0.9,-0.05,16.77
2.0,0.7,1.5,3.0,0.8,2400,0.4,212,69.8,-10.68,0.39,0.9,-0.05,16.77
2.0,0.7,1.5,4.5,0.4,2400,0.4,212,69.8,-10.68,0.39,0.9,-0.05,16.77
2.0,0.7,1.5,4.5,0.6,2400,0.4,212,69.8,-10.68,0.39,0.9,-0.05,16.77
2.0,0.7,1.5,4.5,0.8,2400,0.4,212,69.8,-10.68,0.39,0.9,-0.05,16.77
2.0,0.7,2.5,3.0,0.4,1200,0.4,242,62.0,-12.33,0.54,0.87,-0.051,16.36
2.0,0.7,2.5,3.0,0.6,1200,0.4,242,62.0,-12.33,0.54,0.87,-0.051,16.36
2.0,0.7,2.5,3.0,0.8,1200,0.4,242,62.0,-12.33,0.54,0.87,-0.051,16.36
2.0,0.7,2.5,4.5,0.4,1200,0.4,242,62.0,-12.33,0.54,0.87,-0.051,16.36
2.0,0.7,2.5,4.5,0.6,1200,0.4,242,62.0,-12.33,0.54,0.87,-0.051,16.36
2.0,0.7,2.5,4.5,0.8,1200,0.4,242,62.0,-12.33,0.54,0.87,-0.051,16.36
2.0,1.0,1.5,3.0,0.4,1200,0.2,186,62.4,-10.96,0.55,0.91,-0.059,21.09
2.0,1.0,1.5,3.0,0.6,1200,0.2,186,62.4,-10.96,0.55,0.91,-0.059,21.09
2.0,1.0,1.5,3.0,0.8,1200,0.2,186,62.4,-10.96,0.55,0.91,-0.059,21.09
2.0,1.0,1.5,4.5,0.4,1200,0.2,186,62.4,-10.96,0.55,0.91,-0.059,21.09
2.0,1.0,1.5,4.5,0.6,1200,0.2,186,62.4,-10.96,0.55,0.91,-0.059,21.09
2.0,1.0,1.5,4.5,0.8,1200,0.2,186,62.4,-10.96,0.55,0.91,-0.059,21.09
2.0,1.5,2.5,3.0,0.8,2400,0.4,186,62.4,-11.01,0.55,0.91,-0.059,20.8
2.0,1.5,2.5,4.5,0.8,2400,0.4,186,62.4,-11.01,0.55,0.91,-0.059,20.8
2.0,1.0,2.5,3.0,0.4,7200,0.8,190,65.8,-12.19,0.47,0.9,-0.064,16.09
2.0,1.0,2.5,3.0,0.6,7200,0.8,190,65.8,-12.19,0.47,0.9,-0.064,16.09
2.0,1.0,2.5,3.0,0.8,7200,0.8,190,65.8,-12.19,0.47,0.9,-0.064,16.09
2.0,1.0,2.5,4.5,0.4,7200,0.8,190,65.8,-12.19,0.47,0.9,-0.064,16.09
2.0,1.0,2.5,4.5,0.6,7200,0.8,190,65.8,-12.19,0.47,0.9,-0.064,16.09
2.0,1.0,2.5,4.5,0.8,7200,0.8,190,65.8,-12.19,0.47,0.9,-0.064,16.09
2.0,1.0,2.5,3.0,0.4,1200,0.4,218,56.9,-15.48,0.66,0.86,-0.071,24.88
2.0,1.0,2.5,3.0,0.6,1200,0.4,218,56.9,-15.48,0.66,0.86,-0.071,24.88
2.0,1.0,2.5,3.0,0.8,1200,0.4,218,56.9,-15.48,0.66,0.86,-0.071,24.88
2.0,1.0,2.5,4.5,0.4,1200,0.4,218,56.9,-15.48,0.66,0.86,-0.071,24.88
2.0,1.0,2.5,4.5,0.6,1200,0.4,218,56.9,-15.48,0.66,0.86,-0.071,24.88
2.0,1.0,2.5,4.5,0.8,1200,0.4,218,56.9,-15.48,0.66,0.86,-0.071,24.88
2.0,0.7,2.5,3.0,0.4,2400,0.4,212,69.8,-15.72,0.37,0.85,-0.074,20.37
2.0,0.7,2.5,3.0,0.6,2400,0.4,212,69.8,-15.72,0.37,0.85,-0.074,20.37
2.0,0.7,2.5,3.0,0.8,2400,0.4,212,69.8,-15.72,0.37,0.85,-0.074,20.37
2.0,0.7,2.5,4.5,0.4,2400,0.4,212,69.8,-15.72,0.37,0.85,-0.074,20.37
2.0,0.7,2.5,4.5,0.6,2400,0.4,212,69.8,-15.72,0.37,0.85,-0.074,20.37
2.0,0.7,2.5,4.5,0.8,2400,0.4,212,69.8,-15.72,0.37,0.85,-0.074,20.37
2.0,1.0,1.5,3.0,0.4,2400,0.4,188,62.8,-14.21,0.53,0.89,-0.076,22.91
2.0,1.0,1.5,3.0,0.6,2400,0.4,188,62.8,-14.21,0.53,0.89,-0.076,22.91
2.0,1.0,1.5,3.0,0.8,2400,0.4,188,62.8,-14.21,0.53,0.89,-0.076,22.91
2.0,1.0,1.5,4.5,0.4,2400,0.4,188,62.8,-14.21,0.53,0.89,-0.076,22.91
2.0,1.0,1.5,4.5,0.6,2400,0.4,188,62.8,-14.21,0.53,0.89,-0.076,22.91
2.0,1.0,1.5,4.5,0.8,2400,0.4,188,62.8,-14.21,0.53,0.89,-0.076,22.91
2.0,1.0,2.5,3.0,0.4,3600,0.2,182,65.9,-16.0,0.45,0.87,-0.088,20.9
2.0,1.0,2.5,3.0,0.4,7200,0.2,182,65.9,-16.0,0.45,0.87,-0.088,20.9
2.0,1.0,2.5,3.0,0.4,7200,0.4,182,65.9,-16.0,0.45,0.87,-0.088,20.9
2.0,1.0,2.5,3.0,0.4,14400,0.2,182,65.9,-16.0,0.45,0.87,-0.088,20.9
2.0,1.0,2.5,3.0,0.4,14400,0.4,182,65.9,-16.0,0.45,0.87,-0.088,20.9
2.0,1.0,2.5,3.0,0.4,,0.4,182,65.9,-16.0,0.45,0.87,-0.088,20.9
2.0,1.0,2.5,3.0,0.6,3600,0.2,182,65.9,-16.0,0.45,0.87,-0.088,20.9
2.0,1.0,2.5,3.0,0.6,7200,0.2,182,65.9,-16.0,0.45,0.87,-0.088,20.9
2.0,1.0,2.5,3.0,0.6,7200,0.4,182,65.9,-16.0,0.45,0.87,-0.088,20.9
2.0,1.0,2.5,3.0,0.6,14400,0.2,182,65.9,-16.0,0.45,0.87,-0.088,20.9
2.0,1.0,2.5,3.0,0.6,14400,0.4,182,65.9,-16.0,0.45,0.87,-0.088,20.9
2.0,1.0,2.5,3.0,0.6,,0.4,182,65.9,-16.0,0.45,0.87,-0.088,20.9
2.0,1.0,2.5,3.0,0.8,3600,0.2,182,65.9,-16.0,0.45,0.87,-0.088,20.9
2.0,1.0,2.5,3.0,0.8,7200,0.2,182,65.9,-16.0,0.45,0.87,-0.088,20.9
2.0,1.0,2.5,3.0,0.8,7200,0.4,182,65.9,-16.0,0.45,0.87,-0.088,20.9
2.0,1.0,2.5,3.0,0.8,14400,0.2,182,65.9,-16.0,0.45,0.87,-0.088,20.9
2.0,1.0,2.5,3.0,0.8,14400,0.4,182,65.9,-16.0,0.45,0.87,-0.088,20.9
2.0,1.0,2.5,3.0,0.8,,0.4,182,65.9,-16.0,0.45,0.87,-0.088,20.9
2.0,1.0,2.5,4.5,0.4,3600,0.2,182,65.9,-16.0,0.45,0.87,-0.088,20.9
2.0,1.0,2.5,4.5,0.4,7200,0.2,182,65.9,-16.0,0.45,0.87,-0.088,20.9
2.0,1.0,2.5,4.5,0.4,7200,0.4,182,65.9,-16.0,0.45,0.87,-0.088,20.9
2.0,1.0,2.5,4.5,0.4,14400,0.2,182,65.9,-16.0,0.45,0.87,-0.088,20.9
2.0,1.0,2.5,4.5,0.4,14400,0.4,182,65.9,-16.0,0.45,0.87,-0.088,20.9
2.0,1.0,2.5,4.5,0.4,,0.4,182,65.9,-16.0,0.45,0.87,-0.088,20.9
2.0,1.0,2.5,4.5,0.6,3600,0.2,182,65.9,-16.0,0.45,0.87,-0.088,20.9
2.0,1.0,2.5,4.5,0.6,7200,0.2,182,65.9,-16.0,0.45,0.87,-0.088,20.9
2.0,1.0,2.5,4.5,0.6,7200,0.4,182,65.9,-16.0,0.45,0.87,-0.088,20.9
2.0,1.0,2.5,4.5,0.6,14400,0.2,182,65.9,-16.0,0.45,0.87,-0.088,20.9
2.0,1.0,2.5,4.5,0.6,14400,0.4,182,65.9,-16.0,0.45,0.87,-0.088,20.9
2.0,1.0,2.5,4.5,0.6,,0.4,182,65.9,-16.0,0.45,0.87,-0.088,20.9
2.0,1.0,2.5,4.5,0.8,3600,0.2,182,65.9,-16.0,0.45,0.87,-0.088,20.9
2.0,1.0,2.5,4.5,0.8,7200,0.2,182,65.9,-16.0,0.45,0.87,-0.088,20.9
2.0,1.0,2.5,4.5,0.8,7200,0.4,182,65.9,-16.0,0.45,0.87,-0.088,20.9
2.0,1.0,2.5,4.5,0.8,14400,0.2,182,65.9,-16.0,0.45,0.87,-0.088,20.9
2.0,1.0,2.5,4.5,0.8,14400,0.4,182,65.9,-16.0,0.45,0.87,-0.088,20.9
2.0,1.0,2.5,4.5,0.8,,0.4,182,65.9,-16.0,0.45,0.87,-0.088,20.9
2.0,1.0,2.5,3.0,0.4,3600,0.4,185,65.4,-16.89,0.46,0.86,-0.091,20.8
2.0,1.0,2.5,3.0,0.6,3600,0.4,185,65.4,-16.89,0.46,0.86,-0.091,20.8
2.0,1.0,2.5,3.0,0.8,3600,0.4,185,65.4,-16.89,0.46,0.86,-0.091,20.8
2.0,1.0,2.5,4.5,0.4,3600,0.4,185,65.4,-16.89,0.46,0.86,-0.091,20.8
2.0,1.0,2.5,4.5,0.6,3600,0.4,185,65.4,-16.89,0.46,0.86,-0.091,20.8
2.0,1.0,2.5,4.5,0.8,3600,0.4,185,65.4,-16.89,0.46,0.86,-0.091,20.8
2.0,1.0,2.5,3.0,0.4,2400,0.2,182,65.9,-16.7,0.45,0.87,-0.092,21.6
2.0,1.0,2.5,3.0,0.6,2400,0.2,182,65.9,-16.7,0.45,0.87,-0.092,21.6
2.0,1.0,2.5,3.0,0.8,2400,0.2,182,65.9,-16.7,0.45,0.87,-0.092,21.6
2.0,1.0,2.5,4.5,0.4,2400,0.2,182,65.9,-16.7,0.45,0.87,-0.092,21.6
2.0,1.0,2.5,4.5,0.6,2400,0.2,182,65.9,-16.7,0.45,0.87,-0.092,21.6
2.0,1.0,2.5,4.5,0.8,2400,0.2,182,65.9,-16.7,0.45,0.87,-0.092,21.6
2.0,1.0,2.5,3.0,0.4,14400,0.8,183,64.5,-18.03,0.47,0.85,-0.099,23.34
2.0,1.0,2.5,3.0,0.6,14400,0.8,183,64.5,-18.03,0.47,0.85,-0.099,23.34
2.0,1.0,2.5,3.0,0.8,14400,0.8,183,64.5,-18.03,0.47,0.85,-0.099,23.34
2.0,1.0,2.5,4.5,0.4,14400,0.8,183,64.5,-18.03,0.47,0.85,-0.099,23.34
2.0,1.0,2.5,4.5,0.6,14400,0.8,183,64.5,-18.03,0.47,0.85,-0.099,23.34
2.0,1.0,2.5,4.5,0.8,14400,0.8,183,64.5,-18.03,0.47,0.85,-0.099,23.34
2.0,1.0,2.5,3.0,0.4,1200,0.2,186,62.4,-19.51,0.51,0.84,-0.105,23.41
2.0,1.0,2.5,3.0,0.6,1200,0.2,186,62.4,-19.51,0.51,0.84,-0.105,23.41
2.0,1.0,2.5,3.0,0.8,1200,0.2,186,62.4,-19.51,0.51,0.84,-0.105,23.41
2.0,1.0,2.5,4.5,0.4,1200,0.2,186,62.4,-19.51,0.51,0.84,-0.105,23.41
2.0,1.0,2.5,4.5,0.6,1200,0.2,186,62.4,-19.51,0.51,0.84,-0.105,23.41
2.0,1.0,2.5,4.5,0.8,1200,0.2,186,62.4,-19.51,0.51,0.84,-0.105,23.41
2.0,1.0,2.5,3.0,0.4,2400,0.4,188,62.8,-24.11,0.48,0.81,-0.128,28.3
2.0,1.0,2.5,3.0,0.6,2400,0.4,188,62.8,-24.11,0.48,0.81,-0.128,28.3
2.0,1.0,2.5,3.0,0.8,2400,0.4,188,62.8,-24.11,0.48,0.81,-0.128,28.3
2.0,1.0,2.5,4.5,0.4,2400,0.4,188,62.8,-24.11,0.48,0.81,-0.128,28.3
2.0,1.0,2.5,4.5,0.6,2400,0.4,188,62.8,-24.11,0.48,0.81,-0.128,28.3
2.0,1.0,2.5,4.5,0.8,2400,0.4,188,62.8,-24.11,0.48,0.81,-0.128,28.3
