stop_loss_pct,level_1_pct,level_2_pct,level_3_pct,trail_callback,time_stop_seconds,time_stop_no_movement_pct,trades,win_rate,total_pnl_pct,payoff,profit_factor,expectancy_pct,max_dd_pct
5.0,1.5,2.5,3.0,0.8,3600,0.2,53,92.5,21.28,0.17,2.06,0.402,10.0
5.0,1.5,2.5,4.5,0.8,3600,0.2,53,92.5,21.28,0.17,2.06,0.402,10.0
5.0,1.5,2.5,3.0,0.8,14400,0.2,46,91.3,18.3,0.18,1.92,0.398,10.0
5.0,1.5,2.5,3.0,0.8,,0.4,46,91.3,18.3,0.18,1.92,0.398,10.0
5.0,1.5,2.5,4.5,0.8,14400,0.2,46,91.3,18.3,0.18,1.92,0.398,10.0
5.0,1.5,2.5,4.5,0.8,,0.4,46,91.3,18.3,0.18,1.92,0.398,10.0
5.0,1.5,2.5,3.0,0.8,7200,0.2,47,89.4,17.65,0.22,1.88,0.376,10.0
5.0,1.5,2.5,4.5,0.8,7200,0.2,47,89.4,17.65,0.22,1.88,0.376,10.0
5.0,1.5,2.5,3.0,0.6,14400,0.2,45,91.1,16.63,0.18,1.83,0.37,10.0
5.0,1.5,2.5,3.0,0.6,,0.4,45,91.1,16.63,0.18,1.83,0.37,10.0
5.0,1.5,2.5,4.5,0.6,14400,0.2,45,91.1,16.63,0.18,1.83,0.37,10.0
5.0,1.5,2.5,4.5,0.6,,0.4,45,91.1,16.63,0.18,1.83,0.37,10.0
5.0,1.5,2.5,3.0,0.6,3600,0.2,53,92.5,19.0,0.16,1.95,0.358,10.0
5.0,1.5,2.5,4.5,0.6,3600,0.2,53,92.5,19.0,0.16,1.95,0.358,10.0
4.0,1.5,2.5,3.0,0.8,3600,0.2,65,89.2,22.45,0.22,1.8,0.345,10.45
4.0,1.5,2.5,4.5,0.8,3600,0.2,65,89.2,22.45,0.22,1.8,0.345,10.45
5.0,1.5,2.5,3.0,0.6,7200,0.2,48,87.5,16.25,0.26,1.81,0.339,10.0
5.0,1.5,2.5,4.5,0.6,7200,0.2,48,87.5,16.25,0.26,1.81,0.339,10.0
4.0,1.5,2.5,3.0,0.8,14400,0.2,58,87.9,19.47,0.23,1.7,0.336,10.45
4.0,1.5,2.5,3.0,0.8,,0.4,58,87.9,19.47,0.23,1.7,0.336,10.45
4.0,1.5,2.5,4.5,0.8,14400,0.2,58,87.9,19.47,0.23,1.7,0.336,10.45
4.0,1.5,2.5,4.5,0.8,,0.4,58,87.9,19.47,0.23,1.7,0.336,10.45
5.0,1.5,2.5,3.0,0.4,14400,0.2,46,89.1,15.4,0.2,1.62,0.335,10.0
5.0,1.5,2.5,3.0,0.4,,0.4,46,89.1,15.4,0.2,1.62,0.335,10.0
5.0,1.5,2.5,4.5,0.4,14400,0.2,46,89.1,15.4,0.2,1.62,0.335,10.0
5.0,1.5,2.5,4.5,0.4,,0.4,46,89.1,15.4,0.2,1.62,0.335,10.0
4.0,1.5,2.5,3.0,0.4,14400,0.2,59,86.4,19.41,0.25,1.61,0.329,10.05
4.0,1.5,2.5,3.0,0.4,,0.4,59,86.4,19.41,0.25,1.61,0.329,10.05
4.0,1.5,2.5,4.5,0.4,14400,0.2,59,86.4,19.41,0.25,1.61,0.329,10.05
4.0,1.5,2.5,4.5,0.4,,0.4,59,86.4,19.41,0.25,1.61,0.329,10.05
5.0,1.5,2.5,3.0,0.4,3600,0.2,56,91.1,18.22,0.17,1.73,0.325,10.0
5.0,1.5,2.5,4.5,0.4,3600,0.2,56,91.1,18.22,0.17,1.73,0.325,10.0
4.0,1.5,2.5,3.0,0.6,14400,0.2,57,87.7,18.4,0.23,1.66,0.323,10.25
4.0,1.5,2.5,3.0,0.6,,0.4,57,87.7,18.4,0.23,1.66,0.323,10.25
4.0,1.5,2.5,4.5,0.6,14400,0.2,57,87.7,18.4,0.23,1.66,0.323,10.25
4.0,1.5,2.5,4.5,0.6,,0.4,57,87.7,18.4,0.23,1.66,0.323,10.25
4.0,1.5,2.5,3.0,0.4,3600,0.2,69,88.4,22.23,0.22,1.69,0.322,10.05
4.0,1.5,2.5,4.5,0.4,3600,0.2,69,88.4,22.23,0.22,1.69,0.322,10.05
4.0,1.5,2.5,3.0,0.6,3600,0.2,65,89.2,20.77,0.21,1.74,0.32,10.25
4.0,1.5,2.5,4.5,0.6,3600,0.2,65,89.2,20.77,0.21,1.74,0.32,10.25
4.0,1.5,2.5,3.0,0.8,7200,0.2,59,86.4,18.82,0.26,1.67,0.319,10.45
4.0,1.5,2.5,4.5,0.8,7200,0.2,59,86.4,18.82,0.26,1.67,0.319,10.45
4.0,1.5,2.5,3.0,0.4,7200,0.2,63,84.1,19.57,0.3,1.61,0.311,10.05
4.0,1.5,2.5,4.5,0.4,7200,0.2,63,84.1,19.57,0.3,1.61,0.311,10.05
5.0,1.5,2.5,3.0,0.4,7200,0.2,50,86.0,15.56,0.26,1.62,0.311,10.0
5.0,1.5,2.5,4.5,0.4,7200,0.2,50,86.0,15.56,0.26,1.62,0.311,10.0
4.0,1.5,2.5,3.0,0.6,7200,0.2,60,85.0,18.02,0.29,1.64,0.3,10.25
4.0,1.5,2.5,4.5,0.6,7200,0.2,60,85.0,18.02,0.29,1.64,0.3,10.25
5.0,1.5,2.5,3.0,0.8,7200,0.4,62,80.6,16.85,0.43,1.8,0.272,10.0
5.0,1.5,2.5,4.5,0.8,7200,0.4,62,80.6,16.85,0.43,1.8,0.272,10.0
5.0,1.5,2.5,3.0,0.6,7200,0.4,66,78.8,16.63,0.48,1.78,0.252,10.0
5.0,1.5,2.5,4.5,0.6,7200,0.4,66,78.8,16.63,0.48,1.78,0.252,10.0
5.0,1.5,2.5,3.0,0.4,7200,0.4,68,79.4,16.36,0.42,1.63,0.241,10.0
5.0,1.5,2.5,4.5,0.4,7200,0.4,68,79.4,16.36,0.42,1.63,0.241,10.0
4.0,1.0,1.5,3.0,0.4,7200,0.2,67,82.1,15.55,0.31,1.43,0.232,13.75
4.0,1.0,1.5,3.0,0.6,7200,0.2,67,82.1,15.55,0.31,1.43,0.232,13.75
4.0,1.0,1.5,3.0,0.8,7200,0.2,67,82.1,15.55,0.31,1.43,0.232,13.75
4.0,1.0,1.5,4.5,0.4,7200,0.2,67,82.1,15.55,0.31,1.43,0.232,13.75
4.0,1.0,1.5,4.5,0.6,7200,0.2,67,82.1,15.55,0.31,1.43,0.232,13.75
4.0,1.0,1.5,4.5,0.8,7200,0.2,67,82.1,15.55,0.31,1.43,0.232,13.75
4.0,1.5,2.5,3.0,0.4,7200,0.4,79,78.5,17.93,0.42,1.54,0.227,10.05
4.0,1.5,2.5,4.5,0.4,7200,0.4,79,78.5,17.93,0.42,1.54,0.227,10.05
4.0,1.0,1.5,3.0,0.4,3600,0.2,70,87.1,15.52,0.21,1.43,0.222,13.75
4.0,1.0,1.5,3.0,0.6,3600,0.2,70,87.1,15.52,0.21,1.43,0.222,13.75
4.0,1.0,1.5,3.0,0.8,3600,0.2,70,87.1,15.52,0.21,1.43,0.222,13.75
4.0,1.0,1.5,4.5,0.4,3600,0.2,70,87.1,15.52,0.21,1.43,0.222,13.75
4.0,1.0,1.5,4.5,0.6,3600,0.2,70,87.1,15.52,0.21,1.43,0.222,13.75
4.0,1.0,1.5,4.5,0.8,3600,0.2,70,87.1,15.52,0.21,1.43,0.222,13.75
5.0,1.5,2.5,3.0,0.4,1200,0.2,87,75.9,19.33,0.55,1.74,0.222,10.0
5.0,1.5,2.5,4.5,0.4,1200,0.2,87,75.9,19.33,0.55,1.74,0.222,10.0
4.0,1.5,2.5,3.0,0.4,2400,0.2,85,75.3,18.77,0.49,1.51,0.221,12.49
4.0,1.5,2.5,4.5,0.4,2400,0.2,85,75.3,18.77,0.49,1.51,0.221,12.49
5.0,1.0,1.5,3.0,0.4,14400,0.2,50,88.0,10.5,0.18,1.35,0.21,15.0
5.0,1.0,1.5,3.0,0.4,,0.4,50,88.0,10.5,0.18,1.35,0.21,15.0
5.0,1.0,1.5,3.0,0.6,14400,0.2,50,88.0,10.5,0.18,1.35,0.21,15.0
5.0,1.0,1.5,3.0,0.6,,0.4,50,88.0,10.5,0.18,1.35,0.21,15.0
5.0,1.0,1.5,3.0,0.8,14400,0.2,50,88.0,10.5,0.18,1.35,0.21,15.0
5.0,1.0,1.5,3.0,0.8,,0.4,50,88.0,10.5,0.18,1.35,0.21,15.0
5.0,1.0,1.5,4.5,0.4,14400,0.2,50,88.0,10.5,0.18,1.35,0.21,15.0
5.0,1.0,1.5,4.5,0.4,,0.4,50,88.0,10.5,0.18,1.35,0.21,15.0
5.0,1.0,1.5,4.5,0.6,14400,0.2,50,88.0,10.5,0.18,1.35,0.21,15.0
5.0,1.0,1.5,4.5,0.6,,0.4,50,88.0,10.5,0.18,1.35,0.21,15.0
5.0,1.0,1.5,4.5,0.8,14400,0.2,50,88.0,10.5,0.18,1.35,0.21,15.0
5.0,1.0,1.5,4.5,0.8,,0.4,50,88.0,10.5,0.18,1.35,0.21,15.0
5.0,1.0,1.5,3.0,0.4,7200,0.2,54,83.3,11.2,0.27,1.37,0.207,15.0
5.0,1.0,1.5,3.0,0.6,7200,0.2,54,83.3,11.2,0.27,1.37,0.207,15.0
5.0,1.0,1.5,3.0,0.8,7200,0.2,54,83.3,11.2,0.27,1.37,0.207,15.0
5.0,1.0,1.5,4.5,0.4,7200,0.2,54,83.3,11.2,0.27,1.37,0.207,15.0
5.0,1.0,1.5,4.5,0.6,7200,0.2,54,83.3,11.2,0.27,1.37,0.207,15.0
5.0,1.0,1.5,4.5,0.8,7200,0.2,54,83.3,11.2,0.27,1.37,0.207,15.0
5.0,1.5,2.5,3.0,0.8,2400,0.2,60,78.3,12.22,0.41,1.47,0.204,15.1
5.0,1.5,2.5,4.5,0.8,2400,0.2,60,78.3,12.22,0.41,1.47,0.204,15.1
4.0,1.5,2.5,3.0,0.8,7200,0.4,79,78.5,16.01,0.41,1.48,0.203,10.45
4.0,1.5,2.5,4.5,0.8,7200,0.4,79,78.5,16.01,0.41,1.48,0.203,10.45
4.0,1.5,2.5,3.0,0.6,7200,0.4,83,77.1,16.39,0.44,1.49,0.197,10.25
4.0,1.5,2.5,4.5,0.6,7200,0.4,83,77.1,16.39,0.44,1.49,0.197,10.25
5.0,1.5,2.5,3.0,0.6,1200,0.2,84,76.2,16.52,0.51,1.64,0.197,10.0
5.0,1.5,2.5,4.5,0.6,1200,0.2,84,76.2,16.52,0.51,1.64,0.197,10.0
5.0,1.0,1.5,3.0,0.4,3600,0.2,57,89.5,11.17,0.16,1.37,0.196,15.0
5.0,1.0,1.5,3.0,0.6,3600,0.2,57,89.5,11.17,0.16,1.37,0.196,15.0
5.0,1.0,1.5,3.0,0.8,3600,0.2,57,89.5,11.17,0.16,1.37,0.196,15.0
5.0,1.0,1.5,4.5,0.4,3600,0.2,57,89.5,11.17,0.16,1.37,0.196,15.0
5.0,1.0,1.5,4.5,0.6,3600,0.2,57,89.5,11.17,0.16,1.37,0.196,15.0
5.0,1.0,1.5,4.5,0.8,3600,0.2,57,89.5,11.17,0.16,1.37,0.196,15.0
4.0,1.5,2.5,3.0,0.6,2400,0.2,78,78.2,15.03,0.41,1.46,0.193,13.19
4.0,1.5,2.5,4.5,0.6,2400,0.2,78,78.2,15.03,0.41,1.46,0.193,13.19
5.0,1.0,2.5,3.0,0.4,14400,0.2,50,88.0,9.6,0.18,1.32,0.192,15.0
5.0,1.0,2.5,3.0,0.4,,0.4,50,88.0,9.6,0.18,1.32,0.192,15.0
5.0,1.0,2.5,3.0,0.6,14400,0.2,50,88.0,9.6,0.18,1.32,0.192,15.0
5.0,1.0,2.5,3.0,0.6,,0.4,50,88.0,9.6,0.18,1.32,0.192,15.0
5.0,1.0,2.5,3.0,0.8,14400,0.2,50,88.0,9.6,0.18,1.32,0.192,15.0
5.0,1.0,2.5,3.0,0.8,,0.4,50,88.0,9.6,0.18,1.32,0.192,15.0
5.0,1.0,2.5,4.5,0.4,14400,0.2,50,88.0,9.6,0.18,1.32,0.192,15.0
5.0,1.0,2.5,4.5,0.4,,0.4,50,88.0,9.6,0.18,1.32,0.192,15.0
5.0,1.0,2.5,4.5,0.6,14400,0.2,50,88.0,9.6,0.18,1.32,0.192,15.0
5.0,1.0,2.5,4.5,0.6,,0.4,50,88.0,9.6,0.18,1.32,0.192,15.0
5.0,1.0,2.5,4.5,0.8,14400,0.2,50,88.0,9.6,0.18,1.32,0.192,15.0
5.0,1.0,2.5,4.5,0.8,,0.4,50,88.0,9.6,0.18,1.32,0.192,15.0
4.0,1.0,2.5,3.0,0.4,7200,0.2,67,82.1,12.4,0.29,1.34,0.185,14.2
4.0,1.0,2.5,3.0,0.6,7200,0.2,67,82.1,12.4,0.29,1.34,0.185,14.2
4.0,1.0,2.5,3.0,0.8,7200,0.2,67,82.1,12.4,0.29,1.34,0.185,14.2
4.0,1.0,2.5,4.5,0.4,7200,0.2,67,82.1,12.4,0.29,1.34,0.185,14.2
4.0,1.0,2.5,4.5,0.6,7200,0.2,67,82.1,12.4,0.29,1.34,0.185,14.2
4.0,1.0,2.5,4.5,0.8,7200,0.2,67,82.1,12.4,0.29,1.34,0.185,14.2
4.0,1.5,2.5,3.0,0.8,2400,0.2,76,77.6,14.06,0.41,1.43,0.185,13.79
4.0,1.5,2.5,4.5,0.8,2400,0.2,76,77.6,14.06,0.41,1.43,0.185,13.79
5.0,1.5,2.5,3.0,0.4,2400,0.2,67,74.6,12.01,0.47,1.39,0.179,15.0
5.0,1.5,2.5,3.0,0.6,2400,0.2,61,78.7,10.91,0.39,1.42,0.179,15.1
5.0,1.5,2.5,4.5,0.4,2400,0.2,67,74.6,12.01,0.47,1.39,0.179,15.0
5.0,1.5,2.5,4.5,0.6,2400,0.2,61,78.7,10.91,0.39,1.42,0.179,15.1
4.0,1.0,2.5,3.0,0.4,3600,0.2,70,87.1,12.37,0.2,1.34,0.177,14.2
4.0,1.0,2.5,3.0,0.6,3600,0.2,70,87.1,12.37,0.2,1.34,0.177,14.2
4.0,1.0,2.5,3.0,0.8,3600,0.2,70,87.1,12.37,0.2,1.34,0.177,14.2
4.0,1.0,2.5,4.5,0.4,3600,0.2,70,87.1,12.37,0.2,1.34,0.177,14.2
4.0,1.0,2.5,4.5,0.6,3600,0.2,70,87.1,12.37,0.2,1.34,0.177,14.2
4.0,1.0,2.5,4.5,0.8,3600,0.2,70,87.1,12.37,0.2,1.34,0.177,14.2
4.0,1.5,2.5,3.0,0.4,1200,0.2,98,73.5,17.28,0.55,1.52,0.176,11.26
4.0,1.5,2.5,4.5,0.4,1200,0.2,98,73.5,17.28,0.55,1.52,0.176,11.26
5.0,1.5,2.5,3.0,0.8,1200,0.2,83,73.5,14.63,0.56,1.56,0.176,10.0
5.0,1.5,2.5,4.5,0.8,1200,0.2,83,73.5,14.63,0.56,1.56,0.176,10.0
3.0,1.5,2.5,3.0,0.4,14400,0.2,73,79.5,12.76,0.33,1.28,0.175,11.7
3.0,1.5,2.5,3.0,0.4,,0.4,73,79.5,12.76,0.33,1.28,0.175,11.7
3.0,1.5,2.5,4.5,0.4,14400,0.2,73,79.5,12.76,0.33,1.28,0.175,11.7
3.0,1.5,2.5,4.5,0.4,,0.4,73,79.5,12.76,0.33,1.28,0.175,11.7
5.0,1.0,2.5,3.0,0.4,7200,0.2,54,83.3,9.4,0.26,1.31,0.174,15.0
5.0,1.0,2.5,3.0,0.6,7200,0.2,54,83.3,9.4,0.26,1.31,0.174,15.0
5.0,1.0,2.5,3.0,0.8,7200,0.2,54,83.3,9.4,0.26,1.31,0.174,15.0
5.0,1.0,2.5,4.5,0.4,7200,0.2,54,83.3,9.4,0.26,1.31,0.174,15.0
5.0,1.0,2.5,4.5,0.6,7200,0.2,54,83.3,9.4,0.26,1.31,0.174,15.0
5.0,1.0,2.5,4.5,0.8,7200,0.2,54,83.3,9.4,0.26,1.31,0.174,15.0
5.0,1.5,2.5,3.0,0.4,3600,0.4,88,77.3,15.25,0.46,1.56,0.173,10.0
5.0,1.5,2.5,4.5,0.4,3600,0.4,88,77.3,15.25,0.46,1.56,0.173,10.0
5.0,1.0,1.5,3.0,0.4,1200,0.2,92,73.9,15.33,0.56,1.58,0.167,10.0
5.0,1.0,1.5,3.0,0.6,1200,0.2,92,73.9,15.33,0.56,1.58,0.167,10.0
5.0,1.0,1.5,3.0,0.8,1200,0.2,92,73.9,15.33,0.56,1.58,0.167,10.0
5.0,1.0,1.5,4.5,0.4,1200,0.2,92,73.9,15.33,0.56,1.58,0.167,10.0
5.0,1.0,1.5,4.5,0.6,1200,0.2,92,73.9,15.33,0.56,1.58,0.167,10.0
5.0,1.0,1.5,4.5,0.8,1200,0.2,92,73.9,15.33,0.56,1.58,0.167,10.0
5.0,1.0,2.5,3.0,0.4,3600,0.2,57,89.5,9.37,0.15,1.31,0.164,15.0
5.0,1.0,2.5,3.0,0.6,3600,0.2,57,89.5,9.37,0.15,1.31,0.164,15.0
5.0,1.0,2.5,3.0,0.8,3600,0.2,57,89.5,9.37,0.15,1.31,0.164,15.0
5.0,1.0,2.5,4.5,0.4,3600,0.2,57,89.5,9.37,0.15,1.31,0.164,15.0
5.0,1.0,2.5,4.5,0.6,3600,0.2,57,89.5,9.37,0.15,1.31,0.164,15.0
5.0,1.0,2.5,4.5,0.8,3600,0.2,57,89.5,9.37,0.15,1.31,0.164,15.0
3.0,1.5,2.5,3.0,0.8,14400,0.2,74,79.7,11.98,0.32,1.27,0.162,12.1
3.0,1.5,2.5,3.0,0.8,,0.4,74,79.7,11.98,0.32,1.27,0.162,12.1
3.0,1.5,2.5,4.5,0.8,14400,0.2,74,79.7,11.98,0.32,1.27,0.162,12.1
3.0,1.5,2.5,4.5,0.8,,0.4,74,79.7,11.98,0.32,1.27,0.162,12.1
4.0,1.0,1.5,3.0,0.4,2400,0.2,89,71.9,14.21,0.54,1.38,0.16,12.1
4.0,1.0,1.5,3.0,0.6,2400,0.2,89,71.9,14.21,0.54,1.38,0.16,12.1
4.0,1.0,1.5,3.0,0.8,2400,0.2,89,71.9,14.21,0.54,1.38,0.16,12.1
4.0,1.0,1.5,4.5,0.4,2400,0.2,89,71.9,14.21,0.54,1.38,0.16,12.1
4.0,1.0,1.5,4.5,0.6,2400,0.2,89,71.9,14.21,0.54,1.38,0.16,12.1
4.0,1.0,1.5,4.5,0.8,2400,0.2,89,71.9,14.21,0.54,1.38,0.16,12.1
5.0,1.0,1.5,3.0,0.4,3600,0.4,92,77.2,14.63,0.46,1.54,0.159,10.0
5.0,1.0,1.5,3.0,0.6,3600,0.4,92,77.2,14.63,0.46,1.54,0.159,10.0
5.0,1.0,1.5,3.0,0.8,3600,0.4,92,77.2,14.63,0.46,1.54,0.159,10.0
5.0,1.0,1.5,4.5,0.4,3600,0.4,92,77.2,14.63,0.46,1.54,0.159,10.0
5.0,1.0,1.5,4.5,0.6,3600,0.4,92,77.2,14.63,0.46,1.54,0.159,10.0
5.0,1.0,1.5,4.5,0.8,3600,0.4,92,77.2,14.63,0.46,1.54,0.159,10.0
5.0,1.0,2.5,3.0,0.4,1200,0.2,92,73.9,14.43,0.55,1.55,0.157,10.0
5.0,1.0,2.5,3.0,0.6,1200,0.2,92,73.9,14.43,0.55,1.55,0.157,10.0
5.0,1.0,2.5,3.0,0.8,1200,0.2,92,73.9,14.43,0.55,1.55,0.157,10.0
5.0,1.0,2.5,4.5,0.4,1200,0.2,92,73.9,14.43,0.55,1.55,0.157,10.0
5.0,1.0,2.5,4.5,0.6,1200,0.2,92,73.9,14.43,0.55,1.55,0.157,10.0
5.0,1.0,2.5,4.5,0.8,1200,0.2,92,73.9,14.43,0.55,1.55,0.157,10.0
5.0,1.5,2.5,3.0,0.6,3600,0.4,88,78.4,13.56,0.41,1.51,0.154,10.0
5.0,1.5,2.5,4.5,0.6,3600,0.4,88,78.4,13.56,0.41,1.51,0.154,10.0
4.0,1.5,2.5,3.0,0.4,3600,0.4,97,75.3,14.58,0.47,1.42,0.15,10.69
4.0,1.5,2.5,4.5,0.4,3600,0.4,97,75.3,14.58,0.47,1.42,0.15,10.69
4.0,1.5,2.5,3.0,0.6,1200,0.2,96,72.9,14.04,0.53,1.42,0.146,11.28
4.0,1.5,2.5,4.5,0.6,1200,0.2,96,72.9,14.04,0.53,1.42,0.146,11.28
3.0,1.0,1.5,3.0,0.4,14400,0.2,75,80.0,10.8,0.31,1.24,0.144,11.1
3.0,1.0,1.5,3.0,0.4,,0.4,75,80.0,10.8,0.31,1.24,0.144,11.1
3.0,1.0,1.5,3.0,0.6,14400,0.2,75,80.0,10.8,0.31,1.24,0.144,11.1
3.0,1.0,1.5,3.0,0.6,,0.4,75,80.0,10.8,0.31,1.24,0.144,11.1
3.0,1.0,1.5,3.0,0.8,14400,0.2,75,80.0,10.8,0.31,1.24,0.144,11.1
3.0,1.0,1.5,3.0,0.8,,0.4,75,80.0,10.8,0.31,1.24,0.144,11.1
3.0,1.0,1.5,4.5,0.4,14400,0.2,75,80.0,10.8,0.31,1.24,0.144,11.1
3.0,1.0,1.5,4.5,0.4,,0.4,75,80.0,10.8,0.31,1.24,0.144,11.1
3.0,1.0,1.5,4.5,0.6,14400,0.2,75,80.0,10.8,0.31,1.24,0.144,11.1
3.0,1.0,1.5,4.5,0.6,,0.4,75,80.0,10.8,0.31,1.24,0.144,11.1
3.0,1.0,1.5,4.5,0.8,14400,0.2,75,80.0,10.8,0.31,1.24,0.144,11.1
3.0,1.0,1.5,4.5,0.8,,0.4,75,80.0,10.8,0.31,1.24,0.144,11.1
5.0,1.0,2.5,3.0,0.4,3600,0.4,92,77.2,13.28,0.44,1.49,0.144,10.0
5.0,1.0,2.5,3.0,0.6,3600,0.4,92,77.2,13.28,0.44,1.49,0.144,10.0
5.0,1.0,2.5,3.0,0.8,3600,0.4,92,77.2,13.28,0.44,1.49,0.144,10.0
5.0,1.0,2.5,4.5,0.4,3600,0.4,92,77.2,13.28,0.44,1.49,0.144,10.0
5.0,1.0,2.5,4.5,0.6,3600,0.4,92,77.2,13.28,0.44,1.49,0.144,10.0
5.0,1.0,2.5,4.5,0.8,3600,0.4,92,77.2,13.28,0.44,1.49,0.144,10.0
3.0,1.5,2.5,3.0,0.6,14400,0.2,74,79.7,10.36,0.31,1.23,0.14,11.9
3.0,1.5,2.5,3.0,0.6,,0.4,74,79.7,10.36,0.31,1.23,0.14,11.9
3.0,1.5,2.5,4.5,0.6,14400,0.2,74,79.7,10.36,0.31,1.23,0.14,11.9
3.0,1.5,2.5,4.5,0.6,,0.4,74,79.7,10.36,0.31,1.23,0.14,11.9
4.0,1.0,2.5,3.0,0.4,2400,0.2,89,71.9,11.51,0.51,1.31,0.129,12.37
4.0,1.0,2.5,3.0,0.6,2400,0.2,89,71.9,11.51,0.51,1.31,0.129,12.37
4.0,1.0,2.5,3.0,0.8,2400,0.2,89,71.9,11.51,0.51,1.31,0.129,12.37
4.0,1.0,2.5,4.5,0.4,2400,0.2,89,71.9,11.51,0.51,1.31,0.129,12.37
4.0,1.0,2.5,4.5,0.6,2400,0.2,89,71.9,11.51,0.51,1.31,0.129,12.37
4.0,1.0,2.5,4.5,0.8,2400,0.2,89,71.9,11.51,0.51,1.31,0.129,12.37
5.0,1.0,1.5,3.0,0.4,7200,0.4,71,76.1,9.1,0.41,1.29,0.128,15.29
5.0,1.0,1.5,3.0,0.6,7200,0.4,71,76.1,9.1,0.41,1.29,0.128,15.29
5.0,1.0,1.5,3.0,0.8,7200,0.4,71,76.1,9.1,0.41,1.29,0.128,15.29
5.0,1.0,1.5,4.5,0.4,7200,0.4,71,76.1,9.1,0.41,1.29,0.128,15.29
5.0,1.0,1.5,4.5,0.6,7200,0.4,71,76.1,9.1,0.41,1.29,0.128,15.29
5.0,1.0,1.5,4.5,0.8,7200,0.4,71,76.1,9.1,0.41,1.29,0.128,15.29
4.0,1.0,1.5,3.0,0.4,7200,0.4,84,73.8,10.66,0.46,1.28,0.127,14.04
4.0,1.0,1.5,3.0,0.6,7200,0.4,84,73.8,10.66,0.46,1.28,0.127,14.04
4.0,1.0,1.5,3.0,0.8,7200,0.4,84,73.8,10.66,0.46,1.28,0.127,14.04
4.0,1.0,1.5,4.5,0.4,7200,0.4,84,73.8,10.66,0.46,1.28,0.127,14.04
4.0,1.0,1.5,4.5,0.6,7200,0.4,84,73.8,10.66,0.46,1.28,0.127,14.04
4.0,1.0,1.5,4.5,0.8,7200,0.4,84,73.8,10.66,0.46,1.28,0.127,14.04
4.0,1.5,2.5,3.0,0.6,3600,0.4,98,75.5,12.34,0.44,1.36,0.126,10.71
4.0,1.5,2.5,4.5,0.6,3600,0.4,98,75.5,12.34,0.44,1.36,0.126,10.71
3.0,1.5,2.5,3.0,0.8,14400,0.4,85,77.6,10.61,0.35,1.22,0.125,11.72
3.0,1.5,2.5,4.5,0.8,14400,0.4,85,77.6,10.61,0.35,1.22,0.125,11.72
4.0,1.0,1.5,3.0,0.4,3600,0.4,103,75.7,12.73,0.44,1.37,0.124,12.28
4.0,1.0,1.5,3.0,0.6,3600,0.4,103,75.7,12.73,0.44,1.37,0.124,12.28
4.0,1.0,1.5,3.0,0.8,3600,0.4,103,75.7,12.73,0.44,1.37,0.124,12.28
4.0,1.0,1.5,4.5,0.4,3600,0.4,103,75.7,12.73,0.44,1.37,0.124,12.28
4.0,1.0,1.5,4.5,0.6,3600,0.4,103,75.7,12.73,0.44,1.37,0.124,12.28
4.0,1.0,1.5,4.5,0.8,3600,0.4,103,75.7,12.73,0.44,1.37,0.124,12.28
4.0,1.0,1.5,3.0,0.4,1200,0.2,103,71.8,12.42,0.54,1.37,0.121,12.85
4.0,1.0,1.5,3.0,0.6,1200,0.2,103,71.8,12.42,0.54,1.37,0.121,12.85
4.0,1.0,1.5,3.0,0.8,1200,0.2,103,71.8,12.42,0.54,1.37,0.121,12.85
4.0,1.0,1.5,4.5,0.4,1200,0.2,103,71.8,12.42,0.54,1.37,0.121,12.85
4.0,1.0,1.5,4.5,0.6,1200,0.2,103,71.8,12.42,0.54,1.37,0.121,12.85
4.0,1.0,1.5,4.5,0.8,1200,0.2,103,71.8,12.42,0.54,1.37,0.121,12.85
3.0,1.0,2.5,3.0,0.4,14400,0.2,75,80.0,9.0,0.3,1.2,0.12,11.1
3.0,1.0,2.5,3.0,0.4,,0.4,75,80.0,9.0,0.3,1.2,0.12,11.1
3.0,1.0,2.5,3.0,0.6,14400,0.2,75,80.0,9.0,0.3,1.2,0.12,11.1
3.0,1.0,2.5,3.0,0.6,,0.4,75,80.0,9.0,0.3,1.2,0.12,11.1
3.0,1.0,2.5,3.0,0.8,14400,0.2,75,80.0,9.0,0.3,1.2,0.12,11.1
3.0,1.0,2.5,3.0,0.8,,0.4,75,80.0,9.0,0.3,1.2,0.12,11.1
3.0,1.0,2.5,4.5,0.4,14400,0.2,75,80.0,9.0,0.3,1.2,0.12,11.1
3.0,1.0,2.5,4.5,0.4,,0.4,75,80.0,9.0,0.3,1.2,0.12,11.1
3.0,1.0,2.5,4.5,0.6,14400,0.2,75,80.0,9.0,0.3,1.2,0.12,11.1
3.0,1.0,2.5,4.5,0.6,,0.4,75,80.0,9.0,0.3,1.2,0.12,11.1
3.0,1.0,2.5,4.5,0.8,14400,0.2,75,80.0,9.0,0.3,1.2,0.12,11.1
3.0,1.0,2.5,4.5,0.8,,0.4,75,80.0,9.0,0.3,1.2,0.12,11.1
4.0,1.5,2.5,3.0,0.8,1200,0.2,94,70.2,10.87,0.56,1.33,0.116,11.48
4.0,1.5,2.5,4.5,0.8,1200,0.2,94,70.2,10.87,0.56,1.33,0.116,11.48
5.0,0.7,1.5,3.0,0.4,1200,0.2,110,76.4,12.5,0.46,1.47,0.114,10.04
5.0,0.7,1.5,3.0,0.6,1200,0.2,110,76.4,12.5,0.46,1.47,0.114,10.04
5.0,0.7,1.5,3.0,0.8,1200,0.2,110,76.4,12.5,0.46,1.47,0.114,10.04
5.0,0.7,1.5,4.5,0.4,1200,0.2,110,76.4,12.5,0.46,1.47,0.114,10.04
5.0,0.7,1.5,4.5,0.6,1200,0.2,110,76.4,12.5,0.46,1.47,0.114,10.04
5.0,0.7,1.5,4.5,0.8,1200,0.2,110,76.4,12.5,0.46,1.47,0.114,10.04
3.0,1.5,2.5,3.0,0.4,14400,0.4,83,77.1,9.26,0.35,1.19,0.112,11.72
3.0,1.5,2.5,3.0,0.6,14400,0.4,85,78.8,9.51,0.32,1.2,0.112,11.72
3.0,1.5,2.5,4.5,0.4,14400,0.4,83,77.1,9.26,0.35,1.19,0.112,11.72
3.0,1.5,2.5,4.5,0.6,14400,0.4,85,78.8,9.51,0.32,1.2,0.112,11.72
5.0,1.0,2.5,3.0,0.4,7200,0.4,71,76.1,7.75,0.39,1.25,0.109,15.29
5.0,1.0,2.5,3.0,0.6,7200,0.4,71,76.1,7.75,0.39,1.25,0.109,15.29
5.0,1.0,2.5,3.0,0.8,7200,0.4,71,76.1,7.75,0.39,1.25,0.109,15.29
5.0,1.0,2.5,4.5,0.4,7200,0.4,71,76.1,7.75,0.39,1.25,0.109,15.29
5.0,1.0,2.5,4.5,0.6,7200,0.4,71,76.1,7.75,0.39,1.25,0.109,15.29
5.0,1.0,2.5,4.5,0.8,7200,0.4,71,76.1,7.75,0.39,1.25,0.109,15.29
5.0,1.0,1.5,3.0,0.4,2400,0.2,72,69.4,7.78,0.55,1.25,0.108,15.1
5.0,1.0,1.5,3.0,0.6,2400,0.2,72,69.4,7.78,0.55,1.25,0.108,15.1
5.0,1.0,1.5,3.0,0.8,2400,0.2,72,69.4,7.78,0.55,1.25,0.108,15.1
5.0,1.0,1.5,4.5,0.4,2400,0.2,72,69.4,7.78,0.55,1.25,0.108,15.1
5.0,1.0,1.5,4.5,0.6,2400,0.2,72,69.4,7.78,0.55,1.25,0.108,15.1
5.0,1.0,1.5,4.5,0.8,2400,0.2,72,69.4,7.78,0.55,1.25,0.108,15.1
4.0,1.0,2.5,3.0,0.4,1200,0.2,103,71.8,11.07,0.52,1.33,0.107,13.75
4.0,1.0,2.5,3.0,0.6,1200,0.2,103,71.8,11.07,0.52,1.33,0.107,13.75
4.0,1.0,2.5,3.0,0.8,1200,0.2,103,71.8,11.07,0.52,1.33,0.107,13.75
4.0,1.0,2.5,4.5,0.4,1200,0.2,103,71.8,11.07,0.52,1.33,0.107,13.75
4.0,1.0,2.5,4.5,0.6,1200,0.2,103,71.8,11.07,0.52,1.33,0.107,13.75
4.0,1.0,2.5,4.5,0.8,1200,0.2,103,71.8,11.07,0.52,1.33,0.107,13.75
5.0,1.5,2.5,3.0,0.8,3600,0.4,84,77.4,8.8,0.39,1.33,0.105,10.0
5.0,1.5,2.5,4.5,0.8,3600,0.4,84,77.4,8.8,0.39,1.33,0.105,10.0
4.0,1.5,2.5,3.0,0.8,14400,0.8,104,69.2,10.82,0.57,1.28,0.104,10.25
4.0,1.5,2.5,4.5,0.8,14400,0.8,104,69.2,10.82,0.57,1.28,0.104,10.25
3.0,1.5,2.5,3.0,0.8,14400,0.8,142,65.5,14.5,0.68,1.29,0.102,11.82
3.0,1.5,2.5,4.5,0.8,14400,0.8,142,65.5,14.5,0.68,1.29,0.102,11.82
4.0,1.0,2.5,3.0,0.4,3600,0.4,103,75.7,10.48,0.42,1.3,0.102,13.18
4.0,1.0,2.5,3.0,0.6,3600,0.4,103,75.7,10.48,0.42,1.3,0.102,13.18
4.0,1.0,2.5,3.0,0.8,3600,0.4,103,75.7,10.48,0.42,1.3,0.102,13.18
4.0,1.0,2.5,4.5,0.4,3600,0.4,103,75.7,10.48,0.42,1.3,0.102,13.18
4.0,1.0,2.5,4.5,0.6,3600,0.4,103,75.7,10.48,0.42,1.3,0.102,13.18
4.0,1.0,2.5,4.5,0.8,3600,0.4,103,75.7,10.48,0.42,1.3,0.102,13.18
3.0,1.5,2.5,3.0,0.8,3600,0.2,79,79.7,7.97,0.3,1.17,0.101,12.1
3.0,1.5,2.5,4.5,0.8,3600,0.2,79,79.7,7.97,0.3,1.17,0.101,12.1
5.0,0.7,2.5,3.0,0.4,1200,0.2,110,76.4,11.06,0.44,1.42,0.101,10.04
5.0,0.7,2.5,3.0,0.6,1200,0.2,110,76.4,11.06,0.44,1.42,0.101,10.04
5.0,0.7,2.5,3.0,0.8,1200,0.2,110,76.4,11.06,0.44,1.42,0.101,10.04
5.0,0.7,2.5,4.5,0.4,1200,0.2,110,76.4,11.06,0.44,1.42,0.101,10.04
5.0,0.7,2.5,4.5,0.6,1200,0.2,110,76.4,11.06,0.44,1.42,0.101,10.04
5.0,0.7,2.5,4.5,0.8,1200,0.2,110,76.4,11.06,0.44,1.42,0.101,10.04
5.0,0.7,1.5,3.0,0.4,7200,0.4,84,79.8,8.35,0.33,1.32,0.099,10.0
5.0,0.7,1.5,3.0,0.6,7200,0.4,84,79.8,8.35,0.33,1.32,0.099,10.0
5.0,0.7,1.5,3.0,0.8,7200,0.4,84,79.8,8.35,0.33,1.32,0.099,10.0
5.0,0.7,1.5,4.5,0.4,7200,0.4,84,79.8,8.35,0.33,1.32,0.099,10.0
5.0,0.7,1.5,4.5,0.6,7200,0.4,84,79.8,8.35,0.33,1.32,0.099,10.0
5.0,0.7,1.5,4.5,0.8,7200,0.4,84,79.8,8.35,0.33,1.32,0.099,10.0
2.0,1.5,2.5,3.0,0.4,1200,0.2,147,66.7,14.28,0.63,1.27,0.097,12.89
2.0,1.5,2.5,4.5,0.4,1200,0.2,147,66.7,14.28,0.63,1.27,0.097,12.89
3.0,1.5,2.5,3.0,0.4,3600,0.2,79,79.7,7.66,0.29,1.16,0.097,11.7
3.0,1.5,2.5,4.5,0.4,3600,0.2,79,79.7,7.66,0.29,1.16,0.097,11.7
3.0,1.5,2.5,3.0,0.6,14400,0.8,140,66.4,13.26,0.64,1.27,0.095,11.68
3.0,1.5,2.5,4.5,0.6,14400,0.8,140,66.4,13.26,0.64,1.27,0.095,11.68
4.0,1.0,2.5,3.0,0.4,7200,0.4,84,73.8,7.96,0.43,1.21,0.095,14.49
4.0,1.0,2.5,3.0,0.6,7200,0.4,84,73.8,7.96,0.43,1.21,0.095,14.49
4.0,1.0,2.5,3.0,0.8,7200,0.4,84,73.8,7.96,0.43,1.21,0.095,14.49
4.0,1.0,2.5,4.5,0.4,7200,0.4,84,73.8,7.96,0.43,1.21,0.095,14.49
4.0,1.0,2.5,4.5,0.6,7200,0.4,84,73.8,7.96,0.43,1.21,0.095,14.49
4.0,1.0,2.5,4.5,0.8,7200,0.4,84,73.8,7.96,0.43,1.21,0.095,14.49
2.0,1.5,2.5,3.0,0.8,2400,0.2,112,68.8,10.57,0.55,1.21,0.094,9.73
2.0,1.5,2.5,4.5,0.8,2400,0.2,112,68.8,10.57,0.55,1.21,0.094,9.73
3.0,1.5,2.5,3.0,0.4,14400,0.8,146,67.1,13.45,0.61,1.25,0.092,11.48
3.0,1.5,2.5,4.5,0.4,14400,0.8,146,67.1,13.45,0.61,1.25,0.092,11.48
5.0,0.7,2.5,3.0,0.4,7200,0.4,84,79.8,7.63,0.33,1.29,0.091,10.0
5.0,0.7,2.5,3.0,0.6,7200,0.4,84,79.8,7.63,0.33,1.29,0.091,10.0
5.0,0.7,2.5,3.0,0.8,7200,0.4,84,79.8,7.63,0.33,1.29,0.091,10.0
5.0,0.7,2.5,4.5,0.4,7200,0.4,84,79.8,7.63,0.33,1.29,0.091,10.0
5.0,0.7,2.5,4.5,0.6,7200,0.4,84,79.8,7.63,0.33,1.29,0.091,10.0
5.0,0.7,2.5,4.5,0.8,7200,0.4,84,79.8,7.63,0.33,1.29,0.091,10.0
2.0,1.0,1.5,3.0,0.4,1200,0.2,151,65.6,13.58,0.66,1.25,0.09,13.63
2.0,1.0,1.5,3.0,0.6,1200,0.2,151,65.6,13.58,0.66,1.25,0.09,13.63
2.0,1.0,1.5,3.0,0.8,1200,0.2,151,65.6,13.58,0.66,1.25,0.09,13.63
2.0,1.0,1.5,4.5,0.4,1200,0.2,151,65.6,13.58,0.66,1.25,0.09,13.63
2.0,1.0,1.5,4.5,0.6,1200,0.2,151,65.6,13.58,0.66,1.25,0.09,13.63
2.0,1.0,1.5,4.5,0.8,1200,0.2,151,65.6,13.58,0.66,1.25,0.09,13.63
5.0,1.0,2.5,3.0,0.4,2400,0.2,72,69.4,6.43,0.53,1.21,0.089,15.1
5.0,1.0,2.5,3.0,0.6,2400,0.2,72,69.4,6.43,0.53,1.21,0.089,15.1
5.0,1.0,2.5,3.0,0.8,2400,0.2,72,69.4,6.43,0.53,1.21,0.089,15.1
5.0,1.0,2.5,4.5,0.4,2400,0.2,72,69.4,6.43,0.53,1.21,0.089,15.1
5.0,1.0,2.5,4.5,0.6,2400,0.2,72,69.4,6.43,0.53,1.21,0.089,15.1
5.0,1.0,2.5,4.5,0.8,2400,0.2,72,69.4,6.43,0.53,1.21,0.089,15.1
2.0,1.5,2.5,3.0,0.4,2400,0.2,113,68.1,9.7,0.55,1.18,0.086,10.84
2.0,1.5,2.5,4.5,0.4,2400,0.2,113,68.1,9.7,0.55,1.18,0.086,10.84
3.0,1.5,2.5,3.0,0.8,2400,0.2,91,72.5,7.69,0.44,1.16,0.085,10.65
3.0,1.5,2.5,4.5,0.8,2400,0.2,91,72.5,7.69,0.44,1.16,0.085,10.65
3.0,1.0,1.5,3.0,0.4,14400,0.8,148,68.2,12.41,0.57,1.23,0.084,11.66
3.0,1.0,1.5,3.0,0.6,14400,0.8,148,68.2,12.41,0.57,1.23,0.084,11.66
3.0,1.0,1.5,3.0,0.8,14400,0.8,148,68.2,12.41,0.57,1.23,0.084,11.66
3.0,1.0,1.5,4.5,0.4,14400,0.8,148,68.2,12.41,0.57,1.23,0.084,11.66
3.0,1.0,1.5,4.5,0.6,14400,0.8,148,68.2,12.41,0.57,1.23,0.084,11.66
3.0,1.0,1.5,4.5,0.8,14400,0.8,148,68.2,12.41,0.57,1.23,0.084,11.66
2.0,1.5,2.5,3.0,0.6,7200,0.2,96,70.8,7.98,0.47,1.14,0.083,9.34
2.0,1.5,2.5,4.5,0.6,7200,0.2,96,70.8,7.98,0.47,1.14,0.083,9.34
2.0,1.5,2.5,3.0,0.6,2400,0.2,113,69.0,9.17,0.53,1.17,0.081,10.26
2.0,1.5,2.5,4.5,0.6,2400,0.2,113,69.0,9.17,0.53,1.17,0.081,10.26
4.0,1.5,2.5,3.0,0.8,3600,0.4,94,74.5,7.58,0.42,1.22,0.081,10.91
4.0,1.5,2.5,4.5,0.8,3600,0.4,94,74.5,7.58,0.42,1.22,0.081,10.91
4.0,1.5,2.5,3.0,0.4,2400,0.8,259,57.5,20.46,1.22,1.65,0.079,7.46
4.0,1.5,2.5,4.5,0.4,2400,0.8,259,57.5,20.46,1.22,1.65,0.079,7.46
5.0,1.5,2.5,3.0,0.6,14400,0.4,59,83.1,4.67,0.23,1.13,0.079,15.0
5.0,1.5,2.5,4.5,0.6,14400,0.4,59,83.1,4.67,0.23,1.13,0.079,15.0
3.0,1.5,2.5,3.0,0.6,2400,0.2,92,72.8,7.16,0.43,1.15,0.078,10.65
3.0,1.5,2.5,4.5,0.6,2400,0.2,92,72.8,7.16,0.43,1.15,0.078,10.65
2.0,1.0,1.5,3.0,0.4,2400,0.2,118,66.9,9.0,0.57,1.16,0.076,10.09
2.0,1.0,1.5,3.0,0.6,2400,0.2,118,66.9,9.0,0.57,1.16,0.076,10.09
2.0,1.0,1.5,3.0,0.8,2400,0.2,118,66.9,9.0,0.57,1.16,0.076,10.09
2.0,1.0,1.5,4.5,0.4,2400,0.2,118,66.9,9.0,0.57,1.16,0.076,10.09
2.0,1.0,1.5,4.5,0.6,2400,0.2,118,66.9,9.0,0.57,1.16,0.076,10.09
2.0,1.0,1.5,4.5,0.8,2400,0.2,118,66.9,9.0,0.57,1.16,0.076,10.09
4.0,1.5,2.5,3.0,0.6,14400,0.8,106,69.8,8.09,0.52,1.19,0.076,14.45
4.0,1.5,2.5,4.5,0.6,14400,0.8,106,69.8,8.09,0.52,1.19,0.076,14.45
2.0,1.0,2.5,3.0,0.4,1200,0.2,151,65.6,11.33,0.64,1.21,0.075,13.63
2.0,1.0,2.5,3.0,0.6,1200,0.2,151,65.6,11.33,0.64,1.21,0.075,13.63
2.0,1.0,2.5,3.0,0.8,1200,0.2,151,65.6,11.33,0.64,1.21,0.075,13.63
2.0,1.0,2.5,4.5,0.4,1200,0.2,151,65.6,11.33,0.64,1.21,0.075,13.63
2.0,1.0,2.5,4.5,0.6,1200,0.2,151,65.6,11.33,0.64,1.21,0.075,13.63
2.0,1.0,2.5,4.5,0.8,1200,0.2,151,65.6,11.33,0.64,1.21,0.075,13.63
3.0,1.0,2.5,3.0,0.4,14400,0.8,148,68.2,11.06,0.56,1.21,0.075,12.11
3.0,1.0,2.5,3.0,0.6,14400,0.8,148,68.2,11.06,0.56,1.21,0.075,12.11
3.0,1.0,2.5,3.0,0.8,14400,0.8,148,68.2,11.06,0.56,1.21,0.075,12.11
3.0,1.0,2.5,4.5,0.4,14400,0.8,148,68.2,11.06,0.56,1.21,0.075,12.11
3.0,1.0,2.5,4.5,0.6,14400,0.8,148,68.2,11.06,0.56,1.21,0.075,12.11
3.0,1.0,2.5,4.5,0.8,14400,0.8,148,68.2,11.06,0.56,1.21,0.075,12.11
3.0,1.5,2.5,3.0,0.6,3600,0.2,79,79.7,5.95,0.29,1.12,0.075,11.9
3.0,1.5,2.5,4.5,0.6,3600,0.2,79,79.7,5.95,0.29,1.12,0.075,11.9
4.0,1.0,1.5,3.0,0.4,2400,0.8,261,57.5,19.47,1.19,1.61,0.075,7.91
4.0,1.0,1.5,3.0,0.6,2400,0.8,261,57.5,19.47,1.19,1.61,0.075,7.91
4.0,1.0,1.5,3.0,0.8,2400,0.8,261,57.5,19.47,1.19,1.61,0.075,7.91
4.0,1.0,1.5,4.5,0.4,2400,0.8,261,57.5,19.47,1.19,1.61,0.075,7.91
4.0,1.0,1.5,4.5,0.6,2400,0.8,261,57.5,19.47,1.19,1.61,0.075,7.91
4.0,1.0,1.5,4.5,0.8,2400,0.8,261,57.5,19.47,1.19,1.61,0.075,7.91
4.0,1.5,2.5,3.0,0.4,14400,0.8,108,69.4,8.08,0.52,1.19,0.075,14.25
4.0,1.5,2.5,3.0,0.6,14400,0.4,72,80.6,5.42,0.27,1.12,0.075,15.2
4.0,1.5,2.5,4.5,0.4,14400,0.8,108,69.4,8.08,0.52,1.19,0.075,14.25
4.0,1.5,2.5,4.5,0.6,14400,0.4,72,80.6,5.42,0.27,1.12,0.075,15.2
4.0,1.0,1.5,3.0,0.4,14400,0.8,111,70.3,8.07,0.5,1.19,0.073,14.25
4.0,1.0,1.5,3.0,0.6,14400,0.8,111,70.3,8.07,0.5,1.19,0.073,14.25
4.0,1.0,1.5,3.0,0.8,14400,0.8,111,70.3,8.07,0.5,1.19,0.073,14.25
4.0,1.0,1.5,4.5,0.4,14400,0.8,111,70.3,8.07,0.5,1.19,0.073,14.25
4.0,1.0,1.5,4.5,0.6,14400,0.8,111,70.3,8.07,0.5,1.19,0.073,14.25
4.0,1.0,1.5,4.5,0.8,14400,0.8,111,70.3,8.07,0.5,1.19,0.073,14.25
5.0,1.5,2.5,3.0,0.8,14400,0.8,100,71.0,7.3,0.49,1.2,0.073,10.0
5.0,1.5,2.5,4.5,0.8,14400,0.8,100,71.0,7.3,0.49,1.2,0.073,10.0
4.0,1.0,2.5,3.0,0.4,2400,0.8,261,57.5,18.57,1.17,1.58,0.071,7.91
4.0,1.0,2.5,3.0,0.6,2400,0.8,261,57.5,18.57,1.17,1.58,0.071,7.91
4.0,1.0,2.5,3.0,0.8,2400,0.8,261,57.5,18.57,1.17,1.58,0.071,7.91
4.0,1.0,2.5,4.5,0.4,2400,0.8,261,57.5,18.57,1.17,1.58,0.071,7.91
4.0,1.0,2.5,4.5,0.6,2400,0.8,261,57.5,18.57,1.17,1.58,0.071,7.91
4.0,1.0,2.5,4.5,0.8,2400,0.8,261,57.5,18.57,1.17,1.58,0.071,7.91
5.0,1.0,1.5,3.0,0.4,14400,0.8,106,72.6,7.51,0.45,1.18,0.071,15.0
5.0,1.0,1.5,3.0,0.6,14400,0.8,106,72.6,7.51,0.45,1.18,0.071,15.0
5.0,1.0,1.5,3.0,0.8,14400,0.8,106,72.6,7.51,0.45,1.18,0.071,15.0
5.0,1.0,1.5,4.5,0.4,14400,0.8,106,72.6,7.51,0.45,1.18,0.071,15.0
5.0,1.0,1.5,4.5,0.6,14400,0.8,106,72.6,7.51,0.45,1.18,0.071,15.0
5.0,1.0,1.5,4.5,0.8,14400,0.8,106,72.6,7.51,0.45,1.18,0.071,15.0
2.0,1.5,2.5,3.0,0.6,1200,0.2,142,66.2,9.97,0.61,1.19,0.07,12.8
2.0,1.5,2.5,4.5,0.6,1200,0.2,142,66.2,9.97,0.61,1.19,0.07,12.8
4.0,1.5,2.5,3.0,0.6,2400,0.8,256,57.8,17.91,1.15,1.57,0.07,7.46
4.0,1.5,2.5,4.5,0.6,2400,0.8,256,57.8,17.91,1.15,1.57,0.07,7.46
2.0,1.5,2.5,3.0,0.6,3600,0.2,97,71.1,6.65,0.45,1.12,0.069,9.34
2.0,1.5,2.5,4.5,0.6,3600,0.2,97,71.1,6.65,0.45,1.12,0.069,9.34
2.0,1.5,2.5,3.0,0.6,,0.4,94,69.1,6.36,0.5,1.11,0.068,9.34
2.0,1.5,2.5,4.5,0.6,,0.4,94,69.1,6.36,0.5,1.11,0.068,9.34
4.0,0.7,1.5,3.0,0.4,7200,0.4,99,77.8,6.77,0.34,1.2,0.068,11.01
4.0,0.7,1.5,3.0,0.6,7200,0.4,99,77.8,6.77,0.34,1.2,0.068,11.01
4.0,0.7,1.5,3.0,0.8,7200,0.4,99,77.8,6.77,0.34,1.2,0.068,11.01
4.0,0.7,1.5,4.5,0.4,7200,0.4,99,77.8,6.77,0.34,1.2,0.068,11.01
4.0,0.7,1.5,4.5,0.6,7200,0.4,99,77.8,6.77,0.34,1.2,0.068,11.01
4.0,0.7,1.5,4.5,0.8,7200,0.4,99,77.8,6.77,0.34,1.2,0.068,11.01
4.0,1.5,2.5,3.0,0.8,2400,0.8,252,58.3,17.03,1.11,1.55,0.068,7.46
4.0,1.5,2.5,4.5,0.8,2400,0.8,252,58.3,17.03,1.11,1.55,0.068,7.46
4.0,0.7,1.5,3.0,0.4,1200,0.2,120,74.2,8.04,0.43,1.24,0.067,13.66
4.0,0.7,1.5,3.0,0.6,1200,0.2,120,74.2,8.04,0.43,1.24,0.067,13.66
4.0,0.7,1.5,3.0,0.8,1200,0.2,120,74.2,8.04,0.43,1.24,0.067,13.66
4.0,0.7,1.5,4.5,0.4,1200,0.2,120,74.2,8.04,0.43,1.24,0.067,13.66
4.0,0.7,1.5,4.5,0.6,1200,0.2,120,74.2,8.04,0.43,1.24,0.067,13.66
4.0,0.7,1.5,4.5,0.8,1200,0.2,120,74.2,8.04,0.43,1.24,0.067,13.66
4.0,1.0,1.5,3.0,0.4,14400,0.2,62,82.3,4.15,0.24,1.09,0.067,14.95
4.0,1.0,1.5,3.0,0.4,,0.4,62,82.3,4.15,0.24,1.09,0.067,14.95
4.0,1.0,1.5,3.0,0.6,14400,0.2,62,82.3,4.15,0.24,1.09,0.067,14.95
4.0,1.0,1.5,3.0,0.6,,0.4,62,82.3,4.15,0.24,1.09,0.067,14.95
4.0,1.0,1.5,3.0,0.8,14400,0.2,62,82.3,4.15,0.24,1.09,0.067,14.95
4.0,1.0,1.5,3.0,0.8,,0.4,62,82.3,4.15,0.24,1.09,0.067,14.95
4.0,1.0,1.5,4.5,0.4,14400,0.2,62,82.3,4.15,0.24,1.09,0.067,14.95
4.0,1.0,1.5,4.5,0.4,,0.4,62,82.3,4.15,0.24,1.09,0.067,14.95
4.0,1.0,1.5,4.5,0.6,14400,0.2,62,82.3,4.15,0.24,1.09,0.067,14.95
4.0,1.0,1.5,4.5,0.6,,0.4,62,82.3,4.15,0.24,1.09,0.067,14.95
4.0,1.0,1.5,4.5,0.8,14400,0.2,62,82.3,4.15,0.24,1.09,0.067,14.95
4.0,1.0,1.5,4.5,0.8,,0.4,62,82.3,4.15,0.24,1.09,0.067,14.95
4.0,1.5,2.5,3.0,0.4,14400,0.4,69,78.3,4.61,0.31,1.1,0.067,14.6
4.0,1.5,2.5,4.5,0.4,14400,0.4,69,78.3,4.61,0.31,1.1,0.067,14.6
3.0,1.5,2.5,3.0,0.6,7200,0.8,195,66.7,12.63,0.62,1.24,0.065,13.29
3.0,1.5,2.5,4.5,0.6,7200,0.8,195,66.7,12.63,0.62,1.24,0.065,13.29
4.0,1.5,2.5,3.0,0.4,3600,0.8,216,59.7,13.95,0.92,1.37,0.065,9.76
4.0,1.5,2.5,4.5,0.4,3600,0.8,216,59.7,13.95,0.92,1.37,0.065,9.76
5.0,1.5,2.5,3.0,0.8,14400,0.4,58,82.8,3.74,0.23,1.11,0.064,15.27
5.0,1.5,2.5,4.5,0.8,14400,0.4,58,82.8,3.74,0.23,1.11,0.064,15.27
3.0,1.5,2.5,3.0,0.4,2400,0.2,94,70.2,5.84,0.47,1.11,0.062,11.34
3.0,1.5,2.5,3.0,0.4,7200,0.2,76,76.3,4.7,0.34,1.09,0.062,11.7
3.0,1.5,2.5,4.5,0.4,2400,0.2,94,70.2,5.84,0.47,1.11,0.062,11.34
3.0,1.5,2.5,4.5,0.4,7200,0.2,76,76.3,4.7,0.34,1.09,0.062,11.7
3.0,1.0,1.5,3.0,0.4,7200,0.2,75,76.0,4.6,0.35,1.1,0.061,11.1
3.0,1.0,1.5,3.0,0.6,7200,0.2,75,76.0,4.6,0.35,1.1,0.061,11.1
3.0,1.0,1.5,3.0,0.8,7200,0.2,75,76.0,4.6,0.35,1.1,0.061,11.1
3.0,1.0,1.5,4.5,0.4,7200,0.2,75,76.0,4.6,0.35,1.1,0.061,11.1
3.0,1.0,1.5,4.5,0.6,7200,0.2,75,76.0,4.6,0.35,1.1,0.061,11.1
3.0,1.0,1.5,4.5,0.8,7200,0.2,75,76.0,4.6,0.35,1.1,0.061,11.1
4.0,0.7,2.5,3.0,0.4,7200,0.4,99,77.8,6.05,0.34,1.18,0.061,11.73
4.0,0.7,2.5,3.0,0.6,7200,0.4,99,77.8,6.05,0.34,1.18,0.061,11.73
4.0,0.7,2.5,3.0,0.8,7200,0.4,99,77.8,6.05,0.34,1.18,0.061,11.73
4.0,0.7,2.5,4.5,0.4,7200,0.4,99,77.8,6.05,0.34,1.18,0.061,11.73
4.0,0.7,2.5,4.5,0.6,7200,0.4,99,77.8,6.05,0.34,1.18,0.061,11.73
4.0,0.7,2.5,4.5,0.8,7200,0.4,99,77.8,6.05,0.34,1.18,0.061,11.73
4.0,1.0,2.5,3.0,0.4,14400,0.8,111,70.3,6.72,0.49,1.16,0.061,14.7
4.0,1.0,2.5,3.0,0.6,14400,0.8,111,70.3,6.72,0.49,1.16,0.061,14.7
4.0,1.0,2.5,3.0,0.8,14400,0.8,111,70.3,6.72,0.49,1.16,0.061,14.7
4.0,1.0,2.5,4.5,0.4,14400,0.8,111,70.3,6.72,0.49,1.16,0.061,14.7
4.0,1.0,2.5,4.5,0.6,14400,0.8,111,70.3,6.72,0.49,1.16,0.061,14.7
4.0,1.0,2.5,4.5,0.8,14400,0.8,111,70.3,6.72,0.49,1.16,0.061,14.7
5.0,0.7,1.5,3.0,0.4,1200,0.4,162,64.2,9.92,0.82,1.47,0.061,10.6
5.0,0.7,1.5,3.0,0.6,1200,0.4,162,64.2,9.92,0.82,1.47,0.061,10.6
5.0,0.7,1.5,3.0,0.8,1200,0.4,162,64.2,9.92,0.82,1.47,0.061,10.6
5.0,0.7,1.5,4.5,0.4,1200,0.4,162,64.2,9.92,0.82,1.47,0.061,10.6
5.0,0.7,1.5,4.5,0.6,1200,0.4,162,64.2,9.92,0.82,1.47,0.061,10.6
5.0,0.7,1.5,4.5,0.8,1200,0.4,162,64.2,9.92,0.82,1.47,0.061,10.6
5.0,0.7,1.5,3.0,0.4,3600,0.4,111,75.7,6.68,0.39,1.21,0.06,15.0
5.0,0.7,1.5,3.0,0.6,3600,0.4,111,75.7,6.68,0.39,1.21,0.06,15.0
5.0,0.7,1.5,3.0,0.8,3600,0.4,111,75.7,6.68,0.39,1.21,0.06,15.0
5.0,0.7,1.5,4.5,0.4,3600,0.4,111,75.7,6.68,0.39,1.21,0.06,15.0
5.0,0.7,1.5,4.5,0.6,3600,0.4,111,75.7,6.68,0.39,1.21,0.06,15.0
5.0,0.7,1.5,4.5,0.8,3600,0.4,111,75.7,6.68,0.39,1.21,0.06,15.0
2.0,1.5,2.5,3.0,0.4,14400,0.8,157,64.3,9.33,0.64,1.16,0.059,9.51
2.0,1.5,2.5,3.0,0.6,14400,0.2,95,69.5,5.65,0.48,1.1,0.059,9.34
2.0,1.5,2.5,4.5,0.4,14400,0.8,157,64.3,9.33,0.64,1.16,0.059,9.51
2.0,1.5,2.5,4.5,0.6,14400,0.2,95,69.5,5.65,0.48,1.1,0.059,9.34
2.0,1.5,2.5,3.0,0.6,14400,0.8,155,65.2,8.95,0.62,1.15,0.058,8.77
2.0,1.5,2.5,4.5,0.6,14400,0.8,155,65.2,8.95,0.62,1.15,0.058,8.77
3.0,1.5,2.5,3.0,0.4,1200,0.2,125,68.8,7.3,0.52,1.15,0.058,11.39
3.0,1.5,2.5,4.5,0.4,1200,0.2,125,68.8,7.3,0.52,1.15,0.058,11.39
4.0,1.5,2.5,3.0,0.8,14400,0.4,71,80.3,4.09,0.27,1.09,0.058,15.8
4.0,1.5,2.5,4.5,0.8,14400,0.4,71,80.3,4.09,0.27,1.09,0.058,15.8
5.0,1.0,2.5,3.0,0.4,14400,0.8,106,72.6,6.16,0.43,1.15,0.058,15.0
5.0,1.0,2.5,3.0,0.6,14400,0.8,106,72.6,6.16,0.43,1.15,0.058,15.0
5.0,1.0,2.5,3.0,0.8,14400,0.8,106,72.6,6.16,0.43,1.15,0.058,15.0
5.0,1.0,2.5,4.5,0.4,14400,0.8,106,72.6,6.16,0.43,1.15,0.058,15.0
5.0,1.0,2.5,4.5,0.6,14400,0.8,106,72.6,6.16,0.43,1.15,0.058,15.0
5.0,1.0,2.5,4.5,0.8,14400,0.8,106,72.6,6.16,0.43,1.15,0.058,15.0
4.0,0.7,1.5,3.0,0.4,2400,0.8,290,57.9,16.46,1.07,1.48,0.057,7.55
4.0,0.7,1.5,3.0,0.6,2400,0.8,290,57.9,16.46,1.07,1.48,0.057,7.55
4.0,0.7,1.5,3.0,0.8,2400,0.8,290,57.9,16.46,1.07,1.48,0.057,7.55
4.0,0.7,1.5,4.5,0.4,2400,0.8,290,57.9,16.46,1.07,1.48,0.057,7.55
4.0,0.7,1.5,4.5,0.6,2400,0.8,290,57.9,16.46,1.07,1.48,0.057,7.55
4.0,0.7,1.5,4.5,0.8,2400,0.8,290,57.9,16.46,1.07,1.48,0.057,7.55
4.0,1.0,1.5,3.0,0.4,3600,0.8,218,60.1,12.33,0.88,1.32,0.057,9.76
4.0,1.0,1.5,3.0,0.6,3600,0.8,218,60.1,12.33,0.88,1.32,0.057,9.76
4.0,1.0,1.5,3.0,0.8,3600,0.8,218,60.1,12.33,0.88,1.32,0.057,9.76
4.0,1.0,1.5,4.5,0.4,3600,0.8,218,60.1,12.33,0.88,1.32,0.057,9.76
4.0,1.0,1.5,4.5,0.6,3600,0.8,218,60.1,12.33,0.88,1.32,0.057,9.76
4.0,1.0,1.5,4.5,0.8,3600,0.8,218,60.1,12.33,0.88,1.32,0.057,9.76
5.0,0.7,2.5,3.0,0.4,1200,0.4,162,64.2,9.2,0.8,1.43,0.057,10.6
5.0,0.7,2.5,3.0,0.6,1200,0.4,162,64.2,9.2,0.8,1.43,0.057,10.6
5.0,0.7,2.5,3.0,0.8,1200,0.4,162,64.2,9.2,0.8,1.43,0.057,10.6
5.0,0.7,2.5,4.5,0.4,1200,0.4,162,64.2,9.2,0.8,1.43,0.057,10.6
5.0,0.7,2.5,4.5,0.6,1200,0.4,162,64.2,9.2,0.8,1.43,0.057,10.6
5.0,0.7,2.5,4.5,0.8,1200,0.4,162,64.2,9.2,0.8,1.43,0.057,10.6
3.0,0.7,1.5,3.0,0.4,1200,0.2,165,72.1,9.27,0.47,1.21,0.056,9.2
3.0,0.7,1.5,3.0,0.6,1200,0.2,165,72.1,9.27,0.47,1.21,0.056,9.2
3.0,0.7,1.5,3.0,0.8,1200,0.2,165,72.1,9.27,0.47,1.21,0.056,9.2
3.0,0.7,1.5,4.5,0.4,1200,0.2,165,72.1,9.27,0.47,1.21,0.056,9.2
3.0,0.7,1.5,4.5,0.6,1200,0.2,165,72.1,9.27,0.47,1.21,0.056,9.2
3.0,0.7,1.5,4.5,0.8,1200,0.2,165,72.1,9.27,0.47,1.21,0.056,9.2
3.0,1.0,1.5,3.0,0.4,3600,0.2,78,79.5,4.38,0.28,1.09,0.056,11.1
3.0,1.0,1.5,3.0,0.6,3600,0.2,78,79.5,4.38,0.28,1.09,0.056,11.1
3.0,1.0,1.5,3.0,0.8,3600,0.2,78,79.5,4.38,0.28,1.09,0.056,11.1
3.0,1.0,1.5,4.5,0.4,3600,0.2,78,79.5,4.38,0.28,1.09,0.056,11.1
3.0,1.0,1.5,4.5,0.6,3600,0.2,78,79.5,4.38,0.28,1.09,0.056,11.1
3.0,1.0,1.5,4.5,0.8,3600,0.2,78,79.5,4.38,0.28,1.09,0.056,11.1
4.0,1.5,2.5,3.0,0.8,7200,0.8,142,66.9,7.89,0.59,1.19,0.056,11.45
4.0,1.5,2.5,4.5,0.8,7200,0.8,142,66.9,7.89,0.59,1.19,0.056,11.45
4.0,0.7,2.5,3.0,0.4,1200,0.2,120,74.2,6.6,0.42,1.2,0.055,14.38
4.0,0.7,2.5,3.0,0.6,1200,0.2,120,74.2,6.6,0.42,1.2,0.055,14.38
4.0,0.7,2.5,3.0,0.8,1200,0.2,120,74.2,6.6,0.42,1.2,0.055,14.38
4.0,0.7,2.5,4.5,0.4,1200,0.2,120,74.2,6.6,0.42,1.2,0.055,14.38
4.0,0.7,2.5,4.5,0.6,1200,0.2,120,74.2,6.6,0.42,1.2,0.055,14.38
4.0,0.7,2.5,4.5,0.8,1200,0.2,120,74.2,6.6,0.42,1.2,0.055,14.38
4.0,0.7,2.5,3.0,0.4,2400,0.8,290,57.9,15.74,1.06,1.46,0.054,7.55
4.0,0.7,2.5,3.0,0.6,2400,0.8,290,57.9,15.74,1.06,1.46,0.054,7.55
4.0,0.7,2.5,3.0,0.8,2400,0.8,290,57.9,15.74,1.06,1.46,0.054,7.55
4.0,0.7,2.5,4.5,0.4,2400,0.8,290,57.9,15.74,1.06,1.46,0.054,7.55
4.0,0.7,2.5,4.5,0.6,2400,0.8,290,57.9,15.74,1.06,1.46,0.054,7.55
4.0,0.7,2.5,4.5,0.8,2400,0.8,290,57.9,15.74,1.06,1.46,0.054,7.55
4.0,1.5,2.5,3.0,0.6,7200,0.8,147,66.7,7.94,0.59,1.18,0.054,15.05
4.0,1.5,2.5,4.5,0.6,7200,0.8,147,66.7,7.94,0.59,1.18,0.054,15.05
5.0,0.7,2.5,3.0,0.4,3600,0.4,111,75.7,5.96,0.38,1.19,0.054,15.0
5.0,0.7,2.5,3.0,0.6,3600,0.4,111,75.7,5.96,0.38,1.19,0.054,15.0
5.0,0.7,2.5,3.0,0.8,3600,0.4,111,75.7,5.96,0.38,1.19,0.054,15.0
5.0,0.7,2.5,4.5,0.4,3600,0.4,111,75.7,5.96,0.38,1.19,0.054,15.0
5.0,0.7,2.5,4.5,0.6,3600,0.4,111,75.7,5.96,0.38,1.19,0.054,15.0
5.0,0.7,2.5,4.5,0.8,3600,0.4,111,75.7,5.96,0.38,1.19,0.054,15.0
2.0,1.5,2.5,3.0,0.8,1200,0.2,140,64.3,7.3,0.63,1.14,0.052,12.24
2.0,1.5,2.5,4.5,0.8,1200,0.2,140,64.3,7.3,0.63,1.14,0.052,12.24
3.0,1.5,2.5,3.0,0.4,7200,0.8,204,64.7,10.7,0.65,1.19,0.052,12.89
3.0,1.5,2.5,3.0,0.8,7200,0.2,76,76.3,3.98,0.33,1.08,0.052,13.54
3.0,1.5,2.5,4.5,0.4,7200,0.8,204,64.7,10.7,0.65,1.19,0.052,12.89
3.0,1.5,2.5,4.5,0.8,7200,0.2,76,76.3,3.98,0.33,1.08,0.052,13.54
4.0,1.0,2.5,3.0,0.4,3600,0.8,218,60.1,11.43,0.86,1.3,0.052,9.76
4.0,1.0,2.5,3.0,0.6,3600,0.8,218,60.1,11.43,0.86,1.3,0.052,9.76
4.0,1.0,2.5,3.0,0.8,3600,0.8,218,60.1,11.43,0.86,1.3,0.052,9.76
4.0,1.0,2.5,4.5,0.4,3600,0.8,218,60.1,11.43,0.86,1.3,0.052,9.76
4.0,1.0,2.5,4.5,0.6,3600,0.8,218,60.1,11.43,0.86,1.3,0.052,9.76
4.0,1.0,2.5,4.5,0.8,3600,0.8,218,60.1,11.43,0.86,1.3,0.052,9.76
4.0,1.5,2.5,3.0,0.6,3600,0.8,213,60.1,11.1,0.86,1.29,0.052,9.76
4.0,1.5,2.5,4.5,0.6,3600,0.8,213,60.1,11.1,0.86,1.29,0.052,9.76
2.0,1.5,2.5,3.0,0.6,14400,0.4,102,68.6,5.22,0.5,1.09,0.051,16.19
2.0,1.5,2.5,4.5,0.6,14400,0.4,102,68.6,5.22,0.5,1.09,0.051,16.19
2.0,1.0,2.5,3.0,0.4,2400,0.2,118,66.9,5.85,0.54,1.1,0.05,11.15
2.0,1.0,2.5,3.0,0.6,2400,0.2,118,66.9,5.85,0.54,1.1,0.05,11.15
2.0,1.0,2.5,3.0,0.8,2400,0.2,118,66.9,5.85,0.54,1.1,0.05,11.15
2.0,1.0,2.5,4.5,0.4,2400,0.2,118,66.9,5.85,0.54,1.1,0.05,11.15
2.0,1.0,2.5,4.5,0.6,2400,0.2,118,66.9,5.85,0.54,1.1,0.05,11.15
2.0,1.0,2.5,4.5,0.8,2400,0.2,118,66.9,5.85,0.54,1.1,0.05,11.15
3.0,1.5,2.5,3.0,0.8,7200,0.4,93,73.1,4.63,0.4,1.09,0.05,13.81
3.0,1.5,2.5,4.5,0.8,7200,0.4,93,73.1,4.63,0.4,1.09,0.05,13.81
5.0,1.5,2.5,3.0,0.4,14400,0.8,104,71.2,5.05,0.46,1.12,0.049,15.0
5.0,1.5,2.5,4.5,0.4,14400,0.8,104,71.2,5.05,0.46,1.12,0.049,15.0
2.0,1.5,2.5,3.0,0.6,3600,0.4,153,66.7,7.34,0.56,1.13,0.048,11.94
2.0,1.5,2.5,4.5,0.6,3600,0.4,153,66.7,7.34,0.56,1.13,0.048,11.94
3.0,0.7,2.5,3.0,0.4,1200,0.2,165,72.1,7.83,0.46,1.18,0.047,9.2
3.0,0.7,2.5,3.0,0.6,1200,0.2,165,72.1,7.83,0.46,1.18,0.047,9.2
3.0,0.7,2.5,3.0,0.8,1200,0.2,165,72.1,7.83,0.46,1.18,0.047,9.2
3.0,0.7,2.5,4.5,0.4,1200,0.2,165,72.1,7.83,0.46,1.18,0.047,9.2
3.0,0.7,2.5,4.5,0.6,1200,0.2,165,72.1,7.83,0.46,1.18,0.047,9.2
3.0,0.7,2.5,4.5,0.8,1200,0.2,165,72.1,7.83,0.46,1.18,0.047,9.2
5.0,1.5,2.5,3.0,0.4,2400,0.8,218,56.4,10.2,1.03,1.33,0.047,10.04
5.0,1.5,2.5,4.5,0.4,2400,0.8,218,56.4,10.2,1.03,1.33,0.047,10.04
3.0,1.5,2.5,3.0,0.4,3600,0.8,267,60.3,12.25,0.82,1.24,0.046,9.66
3.0,1.5,2.5,4.5,0.4,3600,0.8,267,60.3,12.25,0.82,1.24,0.046,9.66
4.0,1.5,2.5,3.0,0.8,3600,0.8,207,59.9,9.6,0.84,1.26,0.046,9.76
4.0,1.5,2.5,4.5,0.8,3600,0.8,207,59.9,9.6,0.84,1.26,0.046,9.76
5.0,1.5,2.5,3.0,0.4,1200,0.4,98,60.2,4.47,0.78,1.19,0.046,10.84
5.0,1.5,2.5,4.5,0.4,1200,0.4,98,60.2,4.47,0.78,1.19,0.046,10.84
2.0,1.5,2.5,3.0,0.8,14400,0.8,148,63.5,6.59,0.64,1.12,0.045,10.97
2.0,1.5,2.5,4.5,0.8,14400,0.8,148,63.5,6.59,0.64,1.12,0.045,10.97
5.0,1.0,1.5,3.0,0.4,2400,0.8,220,56.4,9.82,1.02,1.32,0.045,10.49
5.0,1.0,1.5,3.0,0.6,2400,0.8,220,56.4,9.82,1.02,1.32,0.045,10.49
5.0,1.0,1.5,3.0,0.8,2400,0.8,220,56.4,9.82,1.02,1.32,0.045,10.49
5.0,1.0,1.5,4.5,0.4,2400,0.8,220,56.4,9.82,1.02,1.32,0.045,10.49
5.0,1.0,1.5,4.5,0.6,2400,0.8,220,56.4,9.82,1.02,1.32,0.045,10.49
5.0,1.0,1.5,4.5,0.8,2400,0.8,220,56.4,9.82,1.02,1.32,0.045,10.49
2.0,1.5,2.5,3.0,0.4,2400,0.4,177,62.1,7.83,0.7,1.15,0.044,8.49
2.0,1.5,2.5,4.5,0.4,2400,0.4,177,62.1,7.83,0.7,1.15,0.044,8.49
3.0,1.5,2.5,3.0,0.6,1200,0.2,123,68.3,5.46,0.52,1.11,0.044,12.79
3.0,1.5,2.5,4.5,0.6,1200,0.2,123,68.3,5.46,0.52,1.11,0.044,12.79
2.0,1.5,2.5,3.0,0.4,3600,0.8,283,59.0,12.13,0.86,1.23,0.043,7.9
2.0,1.5,2.5,4.5,0.4,3600,0.8,283,59.0,12.13,0.86,1.23,0.043,7.9
5.0,1.0,2.5,3.0,0.4,2400,0.8,220,56.4,9.37,1.01,1.3,0.043,10.49
5.0,1.0,2.5,3.0,0.6,2400,0.8,220,56.4,9.37,1.01,1.3,0.043,10.49
5.0,1.0,2.5,3.0,0.8,2400,0.8,220,56.4,9.37,1.01,1.3,0.043,10.49
5.0,1.0,2.5,4.5,0.4,2400,0.8,220,56.4,9.37,1.01,1.3,0.043,10.49
5.0,1.0,2.5,4.5,0.6,2400,0.8,220,56.4,9.37,1.01,1.3,0.043,10.49
5.0,1.0,2.5,4.5,0.8,2400,0.8,220,56.4,9.37,1.01,1.3,0.043,10.49
2.0,1.5,2.5,3.0,0.6,2400,0.4,170,63.5,7.01,0.65,1.13,0.041,8.49
2.0,1.5,2.5,4.5,0.6,2400,0.4,170,63.5,7.01,0.65,1.13,0.041,8.49
5.0,1.5,2.5,3.0,0.8,7200,0.8,134,67.2,5.5,0.56,1.14,0.041,11.58
5.0,1.5,2.5,4.5,0.8,7200,0.8,134,67.2,5.5,0.56,1.14,0.041,11.58
2.0,1.5,2.5,3.0,0.4,2400,0.8,337,56.7,13.43,0.98,1.28,0.04,6.51
2.0,1.5,2.5,4.5,0.4,2400,0.8,337,56.7,13.43,0.98,1.28,0.04,6.51
3.0,1.0,1.5,3.0,0.4,14400,0.4,86,75.6,3.43,0.34,1.07,0.04,11.72
3.0,1.0,1.5,3.0,0.6,14400,0.4,86,75.6,3.43,0.34,1.07,0.04,11.72
3.0,1.0,1.5,3.0,0.8,14400,0.4,86,75.6,3.43,0.34,1.07,0.04,11.72
3.0,1.0,1.5,4.5,0.4,14400,0.4,86,75.6,3.43,0.34,1.07,0.04,11.72
3.0,1.0,1.5,4.5,0.6,14400,0.4,86,75.6,3.43,0.34,1.07,0.04,11.72
3.0,1.0,1.5,4.5,0.8,14400,0.4,86,75.6,3.43,0.34,1.07,0.04,11.72
2.0,1.5,2.5,3.0,0.6,2400,0.8,335,57.0,13.17,0.96,1.27,0.039,6.02
2.0,1.5,2.5,4.5,0.6,2400,0.8,335,57.0,13.17,0.96,1.27,0.039,6.02
3.0,1.0,1.5,3.0,0.4,3600,0.8,269,60.6,10.51,0.79,1.21,0.039,9.66
3.0,1.0,1.5,3.0,0.4,7200,0.8,207,64.7,8.0,0.62,1.14,0.039,12.52
3.0,1.0,1.5,3.0,0.6,3600,0.8,269,60.6,10.51,0.79,1.21,0.039,9.66
3.0,1.0,1.5,3.0,0.6,7200,0.8,207,64.7,8.0,0.62,1.14,0.039,12.52
3.0,1.0,1.5,3.0,0.8,3600,0.8,269,60.6,10.51,0.79,1.21,0.039,9.66
3.0,1.0,1.5,3.0,0.8,7200,0.8,207,64.7,8.0,0.62,1.14,0.039,12.52
3.0,1.0,1.5,4.5,0.4,3600,0.8,269,60.6,10.51,0.79,1.21,0.039,9.66
3.0,1.0,1.5,4.5,0.4,7200,0.8,207,64.7,8.0,0.62,1.14,0.039,12.52
3.0,1.0,1.5,4.5,0.6,3600,0.8,269,60.6,10.51,0.79,1.21,0.039,9.66
3.0,1.0,1.5,4.5,0.6,7200,0.8,207,64.7,8.0,0.62,1.14,0.039,12.52
3.0,1.0,1.5,4.5,0.8,3600,0.8,269,60.6,10.51,0.79,1.21,0.039,9.66
3.0,1.0,1.5,4.5,0.8,7200,0.8,207,64.7,8.0,0.62,1.14,0.039,12.52
3.0,1.5,2.5,3.0,0.4,1200,0.8,422,56.9,16.51,1.07,1.42,0.039,8.59
3.0,1.5,2.5,3.0,0.6,1200,0.8,420,56.9,16.21,1.07,1.41,0.039,8.59
3.0,1.5,2.5,3.0,0.8,7200,0.8,191,66.5,7.44,0.58,1.14,0.039,13.69
3.0,1.5,2.5,4.5,0.4,1200,0.8,422,56.9,16.51,1.07,1.42,0.039,8.59
3.0,1.5,2.5,4.5,0.6,1200,0.8,420,56.9,16.21,1.07,1.41,0.039,8.59
3.0,1.5,2.5,4.5,0.8,7200,0.8,191,66.5,7.44,0.58,1.14,0.039,13.69
2.0,1.0,1.5,3.0,0.4,3600,0.8,285,59.3,10.8,0.83,1.21,0.038,8.35
2.0,1.0,1.5,3.0,0.6,3600,0.8,285,59.3,10.8,0.83,1.21,0.038,8.35
2.0,1.0,1.5,3.0,0.8,3600,0.8,285,59.3,10.8,0.83,1.21,0.038,8.35
2.0,1.0,1.5,4.5,0.4,3600,0.8,285,59.3,10.8,0.83,1.21,0.038,8.35
2.0,1.0,1.5,4.5,0.6,3600,0.8,285,59.3,10.8,0.83,1.21,0.038,8.35
2.0,1.0,1.5,4.5,0.8,3600,0.8,285,59.3,10.8,0.83,1.21,0.038,8.35
2.0,1.5,2.5,3.0,0.4,1200,0.8,432,56.9,16.31,1.06,1.4,0.038,7.98
2.0,1.5,2.5,3.0,0.8,2400,0.8,333,57.4,12.59,0.94,1.26,0.038,6.05
2.0,1.5,2.5,4.5,0.4,1200,0.8,432,56.9,16.31,1.06,1.4,0.038,7.98
2.0,1.5,2.5,4.5,0.8,2400,0.8,333,57.4,12.59,0.94,1.26,0.038,6.05
4.0,1.5,2.5,3.0,0.4,7200,0.8,151,64.9,5.74,0.61,1.13,0.038,14.65
4.0,1.5,2.5,4.5,0.4,7200,0.8,151,64.9,5.74,0.61,1.13,0.038,14.65
5.0,1.5,2.5,3.0,0.4,3600,0.8,204,59.8,7.84,0.8,1.19,0.038,10.98
5.0,1.5,2.5,4.5,0.4,3600,0.8,204,59.8,7.84,0.8,1.19,0.038,10.98
3.0,1.5,2.5,3.0,0.8,1200,0.8,416,57.0,15.46,1.05,1.4,0.037,8.59
3.0,1.5,2.5,4.5,0.8,1200,0.8,416,57.0,15.46,1.05,1.4,0.037,8.59
5.0,1.5,2.5,3.0,0.6,2400,0.8,215,56.7,7.95,0.96,1.26,0.037,10.04
5.0,1.5,2.5,3.0,0.6,7200,0.8,138,67.4,5.06,0.54,1.12,0.037,15.0
5.0,1.5,2.5,3.0,0.6,14400,0.8,102,71.6,3.77,0.43,1.09,0.037,15.2
5.0,1.5,2.5,3.0,0.8,2400,0.8,211,57.3,7.87,0.94,1.26,0.037,10.04
5.0,1.5,2.5,4.5,0.6,2400,0.8,215,56.7,7.95,0.96,1.26,0.037,10.04
5.0,1.5,2.5,4.5,0.6,7200,0.8,138,67.4,5.06,0.54,1.12,0.037,15.0
5.0,1.5,2.5,4.5,0.6,14400,0.8,102,71.6,3.77,0.43,1.09,0.037,15.2
5.0,1.5,2.5,4.5,0.8,2400,0.8,211,57.3,7.87,0.94,1.26,0.037,10.04
2.0,1.5,2.5,3.0,0.6,1200,0.8,430,57.0,15.28,1.04,1.38,0.036,7.98
2.0,1.5,2.5,4.5,0.6,1200,0.8,430,57.0,15.28,1.04,1.38,0.036,7.98
4.0,0.7,1.5,3.0,0.4,3600,0.8,252,60.3,9.11,0.8,1.21,0.036,9.76
4.0,0.7,1.5,3.0,0.6,3600,0.8,252,60.3,9.11,0.8,1.21,0.036,9.76
4.0,0.7,1.5,3.0,0.8,3600,0.8,252,60.3,9.11,0.8,1.21,0.036,9.76
4.0,0.7,1.5,4.5,0.4,3600,0.8,252,60.3,9.11,0.8,1.21,0.036,9.76
4.0,0.7,1.5,4.5,0.6,3600,0.8,252,60.3,9.11,0.8,1.21,0.036,9.76
4.0,0.7,1.5,4.5,0.8,3600,0.8,252,60.3,9.11,0.8,1.21,0.036,9.76
5.0,1.0,1.5,3.0,0.4,1200,0.4,100,59.0,3.61,0.8,1.15,0.036,11.55
5.0,1.0,1.5,3.0,0.6,1200,0.4,100,59.0,3.61,0.8,1.15,0.036,11.55
5.0,1.0,1.5,3.0,0.8,1200,0.4,100,59.0,3.61,0.8,1.15,0.036,11.55
5.0,1.0,1.5,4.5,0.4,1200,0.4,100,59.0,3.61,0.8,1.15,0.036,11.55
5.0,1.0,1.5,4.5,0.6,1200,0.4,100,59.0,3.61,0.8,1.15,0.036,11.55
5.0,1.0,1.5,4.5,0.8,1200,0.4,100,59.0,3.61,0.8,1.15,0.036,11.55
2.0,1.0,1.5,3.0,0.4,2400,0.8,339,56.6,11.86,0.95,1.24,0.035,6.92
2.0,1.0,1.5,3.0,0.6,2400,0.8,339,56.6,11.86,0.95,1.24,0.035,6.92
2.0,1.0,1.5,3.0,0.8,2400,0.8,339,56.6,11.86,0.95,1.24,0.035,6.92
2.0,1.0,1.5,4.5,0.4,2400,0.8,339,56.6,11.86,0.95,1.24,0.035,6.92
2.0,1.0,1.5,4.5,0.6,2400,0.8,339,56.6,11.86,0.95,1.24,0.035,6.92
2.0,1.0,1.5,4.5,0.8,2400,0.8,339,56.6,11.86,0.95,1.24,0.035,6.92
3.0,1.0,1.5,3.0,0.4,1200,0.8,424,56.8,14.86,1.04,1.38,0.035,8.59
3.0,1.0,1.5,3.0,0.6,1200,0.8,424,56.8,14.86,1.04,1.38,0.035,8.59
3.0,1.0,1.5,3.0,0.8,1200,0.8,424,56.8,14.86,1.04,1.38,0.035,8.59
3.0,1.0,1.5,4.5,0.4,1200,0.8,424,56.8,14.86,1.04,1.38,0.035,8.59
3.0,1.0,1.5,4.5,0.6,1200,0.8,424,56.8,14.86,1.04,1.38,0.035,8.59
3.0,1.0,1.5,4.5,0.8,1200,0.8,424,56.8,14.86,1.04,1.38,0.035,8.59
3.0,1.5,2.5,3.0,0.6,3600,0.8,264,60.6,9.2,0.77,1.18,0.035,9.66
3.0,1.5,2.5,4.5,0.6,3600,0.8,264,60.6,9.2,0.77,1.18,0.035,9.66
4.0,1.5,2.5,3.0,0.4,1200,0.8,402,56.7,13.87,1.03,1.36,0.035,10.4
4.0,1.5,2.5,4.5,0.4,1200,0.8,402,56.7,13.87,1.03,1.36,0.035,10.4
2.0,1.5,2.5,3.0,0.6,3600,0.8,279,59.1,9.58,0.82,1.18,0.034,7.9
2.0,1.5,2.5,3.0,0.8,1200,0.8,426,57.0,14.53,1.03,1.36,0.034,7.98
2.0,1.5,2.5,4.5,0.6,3600,0.8,279,59.1,9.58,0.82,1.18,0.034,7.9
2.0,1.5,2.5,4.5,0.8,1200,0.8,426,57.0,14.53,1.03,1.36,0.034,7.98
3.0,1.0,2.5,3.0,0.4,3600,0.8,269,60.6,9.16,0.77,1.18,0.034,9.66
3.0,1.0,2.5,3.0,0.6,3600,0.8,269,60.6,9.16,0.77,1.18,0.034,9.66
3.0,1.0,2.5,3.0,0.8,3600,0.8,269,60.6,9.16,0.77,1.18,0.034,9.66
3.0,1.0,2.5,4.5,0.4,3600,0.8,269,60.6,9.16,0.77,1.18,0.034,9.66
3.0,1.0,2.5,4.5,0.6,3600,0.8,269,60.6,9.16,0.77,1.18,0.034,9.66
3.0,1.0,2.5,4.5,0.8,3600,0.8,269,60.6,9.16,0.77,1.18,0.034,9.66
2.0,0.7,1.5,3.0,0.4,1200,0.2,191,68.1,6.21,0.52,1.12,0.033,14.48
2.0,0.7,1.5,3.0,0.6,1200,0.2,191,68.1,6.21,0.52,1.12,0.033,14.48
2.0,0.7,1.5,3.0,0.8,1200,0.2,191,68.1,6.21,0.52,1.12,0.033,14.48
2.0,0.7,1.5,4.5,0.4,1200,0.2,191,68.1,6.21,0.52,1.12,0.033,14.48
2.0,0.7,1.5,4.5,0.6,1200,0.2,191,68.1,6.21,0.52,1.12,0.033,14.48
2.0,0.7,1.5,4.5,0.8,1200,0.2,191,68.1,6.21,0.52,1.12,0.033,14.48
2.0,1.0,1.5,3.0,0.4,1200,0.8,434,56.9,14.29,1.03,1.35,0.033,7.98
2.0,1.0,1.5,3.0,0.6,1200,0.8,434,56.9,14.29,1.03,1.35,0.033,7.98
2.0,1.0,1.5,3.0,0.8,1200,0.8,434,56.9,14.29,1.03,1.35,0.033,7.98
2.0,1.0,1.5,4.5,0.4,1200,0.8,434,56.9,14.29,1.03,1.35,0.033,7.98
2.0,1.0,1.5,4.5,0.6,1200,0.8,434,56.9,14.29,1.03,1.35,0.033,7.98
2.0,1.0,1.5,4.5,0.8,1200,0.8,434,56.9,14.29,1.03,1.35,0.033,7.98
2.0,1.0,2.5,3.0,0.4,3600,0.8,285,59.3,9.45,0.81,1.18,0.033,8.35
2.0,1.0,2.5,3.0,0.6,3600,0.8,285,59.3,9.45,0.81,1.18,0.033,8.35
2.0,1.0,2.5,3.0,0.8,3600,0.8,285,59.3,9.45,0.81,1.18,0.033,8.35
2.0,1.0,2.5,4.5,0.4,3600,0.8,285,59.3,9.45,0.81,1.18,0.033,8.35
2.0,1.0,2.5,4.5,0.6,3600,0.8,285,59.3,9.45,0.81,1.18,0.033,8.35
2.0,1.0,2.5,4.5,0.8,3600,0.8,285,59.3,9.45,0.81,1.18,0.033,8.35
3.0,0.7,1.5,3.0,0.4,1200,0.8,425,57.2,14.02,1.03,1.38,0.033,7.96
3.0,0.7,1.5,3.0,0.6,1200,0.8,425,57.2,14.02,1.03,1.38,0.033,7.96
3.0,0.7,1.5,3.0,0.8,1200,0.8,425,57.2,14.02,1.03,1.38,0.033,7.96
3.0,0.7,1.5,4.5,0.4,1200,0.8,425,57.2,14.02,1.03,1.38,0.033,7.96
3.0,0.7,1.5,4.5,0.6,1200,0.8,425,57.2,14.02,1.03,1.38,0.033,7.96
3.0,0.7,1.5,4.5,0.8,1200,0.8,425,57.2,14.02,1.03,1.38,0.033,7.96
3.0,1.0,2.5,3.0,0.4,1200,0.8,424,56.8,13.96,1.03,1.35,0.033,8.59
3.0,1.0,2.5,3.0,0.6,1200,0.8,424,56.8,13.96,1.03,1.35,0.033,8.59
3.0,1.0,2.5,3.0,0.8,1200,0.8,424,56.8,13.96,1.03,1.35,0.033,8.59
3.0,1.0,2.5,4.5,0.4,1200,0.8,424,56.8,13.96,1.03,1.35,0.033,8.59
3.0,1.0,2.5,4.5,0.6,1200,0.8,424,56.8,13.96,1.03,1.35,0.033,8.59
3.0,1.0,2.5,4.5,0.8,1200,0.8,424,56.8,13.96,1.03,1.35,0.033,8.59
3.0,1.5,2.5,3.0,0.4,2400,0.8,311,57.2,10.15,0.9,1.21,0.033,10.71
3.0,1.5,2.5,3.0,0.8,3600,0.8,258,60.5,8.41,0.76,1.17,0.033,9.66
3.0,1.5,2.5,4.5,0.4,2400,0.8,311,57.2,10.15,0.9,1.21,0.033,10.71
3.0,1.5,2.5,4.5,0.8,3600,0.8,258,60.5,8.41,0.76,1.17,0.033,9.66
4.0,0.7,2.5,3.0,0.4,3600,0.8,252,60.3,8.39,0.79,1.2,0.033,9.76
4.0,0.7,2.5,3.0,0.6,3600,0.8,252,60.3,8.39,0.79,1.2,0.033,9.76
4.0,0.7,2.5,3.0,0.8,3600,0.8,252,60.3,8.39,0.79,1.2,0.033,9.76
4.0,0.7,2.5,4.5,0.4,3600,0.8,252,60.3,8.39,0.79,1.2,0.033,9.76
4.0,0.7,2.5,4.5,0.6,3600,0.8,252,60.3,8.39,0.79,1.2,0.033,9.76
4.0,0.7,2.5,4.5,0.8,3600,0.8,252,60.3,8.39,0.79,1.2,0.033,9.76
2.0,0.7,1.5,3.0,0.4,1200,0.8,445,57.8,14.07,0.99,1.35,0.032,7.35
2.0,0.7,1.5,3.0,0.6,1200,0.8,445,57.8,14.07,0.99,1.35,0.032,7.35
2.0,0.7,1.5,3.0,0.8,1200,0.8,445,57.8,14.07,0.99,1.35,0.032,7.35
2.0,0.7,1.5,4.5,0.4,1200,0.8,445,57.8,14.07,0.99,1.35,0.032,7.35
2.0,0.7,1.5,4.5,0.6,1200,0.8,445,57.8,14.07,0.99,1.35,0.032,7.35
2.0,0.7,1.5,4.5,0.8,1200,0.8,445,57.8,14.07,0.99,1.35,0.032,7.35
3.0,0.7,1.5,3.0,0.4,14400,0.8,166,71.1,5.37,0.45,1.1,0.032,12.97
3.0,0.7,1.5,3.0,0.6,14400,0.8,166,71.1,5.37,0.45,1.1,0.032,12.97
3.0,0.7,1.5,3.0,0.8,14400,0.8,166,71.1,5.37,0.45,1.1,0.032,12.97
3.0,0.7,1.5,4.5,0.4,14400,0.8,166,71.1,5.37,0.45,1.1,0.032,12.97
3.0,0.7,1.5,4.5,0.6,14400,0.8,166,71.1,5.37,0.45,1.1,0.032,12.97
3.0,0.7,1.5,4.5,0.8,14400,0.8,166,71.1,5.37,0.45,1.1,0.032,12.97
3.0,1.5,2.5,3.0,0.6,7200,0.4,96,72.9,3.08,0.39,1.06,0.032,13.74
3.0,1.5,2.5,4.5,0.6,7200,0.4,96,72.9,3.08,0.39,1.06,0.032,13.74
2.0,1.0,1.5,3.0,0.4,2400,0.4,184,62.0,5.72,0.68,1.11,0.031,8.94
2.0,1.0,1.5,3.0,0.6,2400,0.4,184,62.0,5.72,0.68,1.11,0.031,8.94
2.0,1.0,1.5,3.0,0.8,2400,0.4,184,62.0,5.72,0.68,1.11,0.031,8.94
2.0,1.0,1.5,4.5,0.4,2400,0.4,184,62.0,5.72,0.68,1.11,0.031,8.94
2.0,1.0,1.5,4.5,0.6,2400,0.4,184,62.0,5.72,0.68,1.11,0.031,8.94
2.0,1.0,1.5,4.5,0.8,2400,0.4,184,62.0,5.72,0.68,1.11,0.031,8.94
2.0,1.0,2.5,3.0,0.4,1200,0.8,434,56.9,13.39,1.01,1.33,0.031,7.98
2.0,1.0,2.5,3.0,0.4,2400,0.8,339,56.6,10.51,0.93,1.22,0.031,7.13
2.0,1.0,2.5,3.0,0.6,1200,0.8,434,56.9,13.39,1.01,1.33,0.031,7.98
2.0,1.0,2.5,3.0,0.6,2400,0.8,339,56.6,10.51,0.93,1.22,0.031,7.13
2.0,1.0,2.5,3.0,0.8,1200,0.8,434,56.9,13.39,1.01,1.33,0.031,7.98
2.0,1.0,2.5,3.0,0.8,2400,0.8,339,56.6,10.51,0.93,1.22,0.031,7.13
2.0,1.0,2.5,4.5,0.4,1200,0.8,434,56.9,13.39,1.01,1.33,0.031,7.98
2.0,1.0,2.5,4.5,0.4,2400,0.8,339,56.6,10.51,0.93,1.22,0.031,7.13
2.0,1.0,2.5,4.5,0.6,1200,0.8,434,56.9,13.39,1.01,1.33,0.031,7.98
2.0,1.0,2.5,4.5,0.6,2400,0.8,339,56.6,10.51,0.93,1.22,0.031,7.13
2.0,1.0,2.5,4.5,0.8,1200,0.8,434,56.9,13.39,1.01,1.33,0.031,7.98
2.0,1.0,2.5,4.5,0.8,2400,0.8,339,56.6,10.51,0.93,1.22,0.031,7.13
3.0,0.7,2.5,3.0,0.4,1200,0.8,425,57.2,13.3,1.02,1.36,0.031,7.96
3.0,0.7,2.5,3.0,0.6,1200,0.8,425,57.2,13.3,1.02,1.36,0.031,7.96
3.0,0.7,2.5,3.0,0.8,1200,0.8,425,57.2,13.3,1.02,1.36,0.031,7.96
3.0,0.7,2.5,4.5,0.4,1200,0.8,425,57.2,13.3,1.02,1.36,0.031,7.96
3.0,0.7,2.5,4.5,0.6,1200,0.8,425,57.2,13.3,1.02,1.36,0.031,7.96
3.0,0.7,2.5,4.5,0.8,1200,0.8,425,57.2,13.3,1.02,1.36,0.031,7.96
3.0,1.0,2.5,3.0,0.4,7200,0.2,75,76.0,2.35,0.33,1.05,0.031,11.1
3.0,1.0,2.5,3.0,0.6,7200,0.2,75,76.0,2.35,0.33,1.05,0.031,11.1
3.0,1.0,2.5,3.0,0.8,7200,0.2,75,76.0,2.35,0.33,1.05,0.031,11.1
3.0,1.0,2.5,4.5,0.4,7200,0.2,75,76.0,2.35,0.33,1.05,0.031,11.1
3.0,1.0,2.5,4.5,0.6,7200,0.2,75,76.0,2.35,0.33,1.05,0.031,11.1
3.0,1.0,2.5,4.5,0.8,7200,0.2,75,76.0,2.35,0.33,1.05,0.031,11.1
4.0,1.0,1.5,3.0,0.4,1200,0.8,404,56.7,12.34,1.01,1.32,0.031,10.4
4.0,1.0,1.5,3.0,0.4,14400,0.4,69,79.7,2.16,0.27,1.05,0.031,15.57
4.0,1.0,1.5,3.0,0.6,1200,0.8,404,56.7,12.34,1.01,1.32,0.031,10.4
4.0,1.0,1.5,3.0,0.6,14400,0.4,69,79.7,2.16,0.27,1.05,0.031,15.57
4.0,1.0,1.5,3.0,0.8,1200,0.8,404,56.7,12.34,1.01,1.32,0.031,10.4
4.0,1.0,1.5,3.0,0.8,14400,0.4,69,79.7,2.16,0.27,1.05,0.031,15.57
4.0,1.0,1.5,4.5,0.4,1200,0.8,404,56.7,12.34,1.01,1.32,0.031,10.4
4.0,1.0,1.5,4.5,0.4,14400,0.4,69,79.7,2.16,0.27,1.05,0.031,15.57
4.0,1.0,1.5,4.5,0.6,1200,0.8,404,56.7,12.34,1.01,1.32,0.031,10.4
4.0,1.0,1.5,4.5,0.6,14400,0.4,69,79.7,2.16,0.27,1.05,0.031,15.57
4.0,1.0,1.5,4.5,0.8,1200,0.8,404,56.7,12.34,1.01,1.32,0.031,10.4
4.0,1.0,1.5,4.5,0.8,14400,0.4,69,79.7,2.16,0.27,1.05,0.031,15.57
4.0,1.0,2.5,3.0,0.4,14400,0.2,62,82.3,1.9,0.22,1.04,0.031,16.3
4.0,1.0,2.5,3.0,0.4,,0.4,62,82.3,1.9,0.22,1.04,0.031,16.3
4.0,1.0,2.5,3.0,0.6,14400,0.2,62,82.3,1.9,0.22,1.04,0.031,16.3
4.0,1.0,2.5,3.0,0.6,,0.4,62,82.3,1.9,0.22,1.04,0.031,16.3
4.0,1.0,2.5,3.0,0.8,14400,0.2,62,82.3,1.9,0.22,1.04,0.031,16.3
4.0,1.0,2.5,3.0,0.8,,0.4,62,82.3,1.9,0.22,1.04,0.031,16.3
4.0,1.0,2.5,4.5,0.4,14400,0.2,62,82.3,1.9,0.22,1.04,0.031,16.3
4.0,1.0,2.5,4.5,0.4,,0.4,62,82.3,1.9,0.22,1.04,0.031,16.3
4.0,1.0,2.5,4.5,0.6,14400,0.2,62,82.3,1.9,0.22,1.04,0.031,16.3
4.0,1.0,2.5,4.5,0.6,,0.4,62,82.3,1.9,0.22,1.04,0.031,16.3
4.0,1.0,2.5,4.5,0.8,14400,0.2,62,82.3,1.9,0.22,1.04,0.031,16.3
4.0,1.0,2.5,4.5,0.8,,0.4,62,82.3,1.9,0.22,1.04,0.031,16.3
4.0,1.5,2.5,3.0,0.6,1200,0.8,400,56.8,12.44,1.01,1.32,0.031,10.4
4.0,1.5,2.5,4.5,0.6,1200,0.8,400,56.8,12.44,1.01,1.32,0.031,10.4
5.0,1.0,1.5,3.0,0.4,3600,0.8,206,60.2,6.39,0.76,1.16,0.031,10.98
5.0,1.0,1.5,3.0,0.6,3600,0.8,206,60.2,6.39,0.76,1.16,0.031,10.98
5.0,1.0,1.5,3.0,0.8,3600,0.8,206,60.2,6.39,0.76,1.16,0.031,10.98
5.0,1.0,1.5,4.5,0.4,3600,0.8,206,60.2,6.39,0.76,1.16,0.031,10.98
5.0,1.0,1.5,4.5,0.6,3600,0.8,206,60.2,6.39,0.76,1.16,0.031,10.98
5.0,1.0,1.5,4.5,0.8,3600,0.8,206,60.2,6.39,0.76,1.16,0.031,10.98
5.0,1.5,2.5,3.0,0.6,1200,0.4,96,60.4,2.98,0.74,1.12,0.031,11.25
5.0,1.5,2.5,4.5,0.6,1200,0.4,96,60.4,2.98,0.74,1.12,0.031,11.25
2.0,0.7,2.5,3.0,0.4,1200,0.8,445,57.8,13.35,0.98,1.33,0.03,7.35
2.0,0.7,2.5,3.0,0.6,1200,0.8,445,57.8,13.35,0.98,1.33,0.03,7.35
2.0,0.7,2.5,3.0,0.8,1200,0.8,445,57.8,13.35,0.98,1.33,0.03,7.35
2.0,0.7,2.5,4.5,0.4,1200,0.8,445,57.8,13.35,0.98,1.33,0.03,7.35
2.0,0.7,2.5,4.5,0.6,1200,0.8,445,57.8,13.35,0.98,1.33,0.03,7.35
2.0,0.7,2.5,4.5,0.8,1200,0.8,445,57.8,13.35,0.98,1.33,0.03,7.35
3.0,0.7,1.5,3.0,0.4,7200,0.2,101,81.2,3.08,0.25,1.06,0.03,10.74
3.0,0.7,1.5,3.0,0.6,7200,0.2,101,81.2,3.08,0.25,1.06,0.03,10.74
3.0,0.7,1.5,3.0,0.8,7200,0.2,101,81.2,3.08,0.25,1.06,0.03,10.74
3.0,0.7,1.5,4.5,0.4,7200,0.2,101,81.2,3.08,0.25,1.06,0.03,10.74
3.0,0.7,1.5,4.5,0.6,7200,0.2,101,81.2,3.08,0.25,1.06,0.03,10.74
3.0,0.7,1.5,4.5,0.8,7200,0.2,101,81.2,3.08,0.25,1.06,0.03,10.74
3.0,1.0,2.5,3.0,0.4,7200,0.8,207,64.7,6.2,0.6,1.11,0.03,12.52
3.0,1.0,2.5,3.0,0.6,7200,0.8,207,64.7,6.2,0.6,1.11,0.03,12.52
3.0,1.0,2.5,3.0,0.8,7200,0.8,207,64.7,6.2,0.6,1.11,0.03,12.52
3.0,1.0,2.5,4.5,0.4,7200,0.8,207,64.7,6.2,0.6,1.11,0.03,12.52
3.0,1.0,2.5,4.5,0.6,7200,0.8,207,64.7,6.2,0.6,1.11,0.03,12.52
3.0,1.0,2.5,4.5,0.8,7200,0.8,207,64.7,6.2,0.6,1.11,0.03,12.52
3.0,1.0,1.5,3.0,0.4,2400,0.8,313,57.2,9.16,0.89,1.19,0.029,11.16
3.0,1.0,1.5,3.0,0.6,2400,0.8,313,57.2,9.16,0.89,1.19,0.029,11.16
3.0,1.0,1.5,3.0,0.8,2400,0.8,313,57.2,9.16,0.89,1.19,0.029,11.16
3.0,1.0,1.5,4.5,0.4,2400,0.8,313,57.2,9.16,0.89,1.19,0.029,11.16
3.0,1.0,1.5,4.5,0.6,2400,0.8,313,57.2,9.16,0.89,1.19,0.029,11.16
3.0,1.0,1.5,4.5,0.8,2400,0.8,313,57.2,9.16,0.89,1.19,0.029,11.16
3.0,1.5,2.5,3.0,0.8,2400,0.8,304,57.9,8.7,0.86,1.18,0.029,10.74
3.0,1.5,2.5,4.5,0.8,2400,0.8,304,57.9,8.7,0.86,1.18,0.029,10.74
4.0,0.7,1.5,3.0,0.4,3600,0.4,122,74.6,3.52,0.37,1.09,0.029,14.74
4.0,0.7,1.5,3.0,0.6,3600,0.4,122,74.6,3.52,0.37,1.09,0.029,14.74
4.0,0.7,1.5,3.0,0.8,3600,0.4,122,74.6,3.52,0.37,1.09,0.029,14.74
4.0,0.7,1.5,4.5,0.4,3600,0.4,122,74.6,3.52,0.37,1.09,0.029,14.74
4.0,0.7,1.5,4.5,0.6,3600,0.4,122,74.6,3.52,0.37,1.09,0.029,14.74
4.0,0.7,1.5,4.5,0.8,3600,0.4,122,74.6,3.52,0.37,1.09,0.029,14.74
4.0,1.5,2.5,3.0,0.8,1200,0.8,396,56.8,11.52,0.99,1.3,0.029,10.4
4.0,1.5,2.5,4.5,0.8,1200,0.8,396,56.8,11.52,0.99,1.3,0.029,10.4
5.0,0.7,1.5,3.0,0.4,2400,0.8,246,56.5,7.06,0.93,1.21,0.029,10.13
5.0,0.7,1.5,3.0,0.6,2400,0.8,246,56.5,7.06,0.93,1.21,0.029,10.13
5.0,0.7,1.5,3.0,0.8,2400,0.8,246,56.5,7.06,0.93,1.21,0.029,10.13
5.0,0.7,1.5,4.5,0.4,2400,0.8,246,56.5,7.06,0.93,1.21,0.029,10.13
5.0,0.7,1.5,4.5,0.6,2400,0.8,246,56.5,7.06,0.93,1.21,0.029,10.13
5.0,0.7,1.5,4.5,0.8,2400,0.8,246,56.5,7.06,0.93,1.21,0.029,10.13
5.0,0.7,2.5,3.0,0.4,2400,0.8,246,56.5,7.06,0.93,1.21,0.029,10.13
5.0,0.7,2.5,3.0,0.6,2400,0.8,246,56.5,7.06,0.93,1.21,0.029,10.13
5.0,0.7,2.5,3.0,0.8,2400,0.8,246,56.5,7.06,0.93,1.21,0.029,10.13
5.0,0.7,2.5,4.5,0.4,2400,0.8,246,56.5,7.06,0.93,1.21,0.029,10.13
5.0,0.7,2.5,4.5,0.6,2400,0.8,246,56.5,7.06,0.93,1.21,0.029,10.13
5.0,0.7,2.5,4.5,0.8,2400,0.8,246,56.5,7.06,0.93,1.21,0.029,10.13
5.0,1.0,2.5,3.0,0.4,3600,0.8,206,60.2,5.94,0.76,1.15,0.029,10.98
5.0,1.0,2.5,3.0,0.6,3600,0.8,206,60.2,5.94,0.76,1.15,0.029,10.98
5.0,1.0,2.5,3.0,0.8,3600,0.8,206,60.2,5.94,0.76,1.15,0.029,10.98
5.0,1.0,2.5,4.5,0.4,3600,0.8,206,60.2,5.94,0.76,1.15,0.029,10.98
5.0,1.0,2.5,4.5,0.6,3600,0.8,206,60.2,5.94,0.76,1.15,0.029,10.98
5.0,1.0,2.5,4.5,0.8,3600,0.8,206,60.2,5.94,0.76,1.15,0.029,10.98
2.0,1.5,2.5,3.0,0.8,3600,0.8,275,58.9,7.7,0.8,1.15,0.028,7.9
2.0,1.5,2.5,4.5,0.8,3600,0.8,275,58.9,7.7,0.8,1.15,0.028,7.9
3.0,0.7,2.5,3.0,0.4,14400,0.8,166,71.1,4.65,0.44,1.09,0.028,12.97
3.0,0.7,2.5,3.0,0.6,14400,0.8,166,71.1,4.65,0.44,1.09,0.028,12.97
3.0,0.7,2.5,3.0,0.8,14400,0.8,166,71.1,4.65,0.44,1.09,0.028,12.97
3.0,0.7,2.5,4.5,0.4,14400,0.8,166,71.1,4.65,0.44,1.09,0.028,12.97
3.0,0.7,2.5,4.5,0.6,14400,0.8,166,71.1,4.65,0.44,1.09,0.028,12.97
3.0,0.7,2.5,4.5,0.8,14400,0.8,166,71.1,4.65,0.44,1.09,0.028,12.97
3.0,1.5,2.5,3.0,0.6,2400,0.8,308,57.5,8.49,0.87,1.18,0.028,10.71
3.0,1.5,2.5,4.5,0.6,2400,0.8,308,57.5,8.49,0.87,1.18,0.028,10.71
4.0,1.0,2.5,3.0,0.4,1200,0.8,404,56.7,11.44,0.99,1.29,0.028,10.4
4.0,1.0,2.5,3.0,0.6,1200,0.8,404,56.7,11.44,0.99,1.29,0.028,10.4
4.0,1.0,2.5,3.0,0.8,1200,0.8,404,56.7,11.44,0.99,1.29,0.028,10.4
4.0,1.0,2.5,4.5,0.4,1200,0.8,404,56.7,11.44,0.99,1.29,0.028,10.4
4.0,1.0,2.5,4.5,0.6,1200,0.8,404,56.7,11.44,0.99,1.29,0.028,10.4
4.0,1.0,2.5,4.5,0.8,1200,0.8,404,56.7,11.44,0.99,1.29,0.028,10.4
2.0,1.5,2.5,3.0,0.6,7200,0.8,214,62.6,5.69,0.65,1.09,0.027,10.13
2.0,1.5,2.5,4.5,0.6,7200,0.8,214,62.6,5.69,0.65,1.09,0.027,10.13
3.0,0.7,1.5,3.0,0.4,3600,0.8,290,61.0,7.78,0.74,1.15,0.027,9.66
3.0,0.7,1.5,3.0,0.6,3600,0.8,290,61.0,7.78,0.74,1.15,0.027,9.66
3.0,0.7,1.5,3.0,0.8,3600,0.8,290,61.0,7.78,0.74,1.15,0.027,9.66
3.0,0.7,1.5,4.5,0.4,3600,0.8,290,61.0,7.78,0.74,1.15,0.027,9.66
3.0,0.7,1.5,4.5,0.6,3600,0.8,290,61.0,7.78,0.74,1.15,0.027,9.66
3.0,0.7,1.5,4.5,0.8,3600,0.8,290,61.0,7.78,0.74,1.15,0.027,9.66
3.0,1.0,2.5,3.0,0.4,3600,0.2,78,79.5,2.13,0.27,1.04,0.027,11.1
3.0,1.0,2.5,3.0,0.6,3600,0.2,78,79.5,2.13,0.27,1.04,0.027,11.1
3.0,1.0,2.5,3.0,0.8,3600,0.2,78,79.5,2.13,0.27,1.04,0.027,11.1
3.0,1.0,2.5,4.5,0.4,3600,0.2,78,79.5,2.13,0.27,1.04,0.027,11.1
3.0,1.0,2.5,4.5,0.6,3600,0.2,78,79.5,2.13,0.27,1.04,0.027,11.1
3.0,1.0,2.5,4.5,0.8,3600,0.2,78,79.5,2.13,0.27,1.04,0.027,11.1
3.0,1.5,2.5,3.0,0.4,2400,0.4,162,63.6,4.44,0.62,1.08,0.027,10.59
3.0,1.5,2.5,4.5,0.4,2400,0.4,162,63.6,4.44,0.62,1.08,0.027,10.59
4.0,1.5,2.5,3.0,0.4,2400,0.4,123,65.0,3.34,0.58,1.08,0.027,12.42
4.0,1.5,2.5,4.5,0.4,2400,0.4,123,65.0,3.34,0.58,1.08,0.027,12.42
2.0,1.0,1.5,3.0,0.4,3600,0.4,157,65.6,4.16,0.56,1.07,0.026,11.94
2.0,1.0,1.5,3.0,0.6,3600,0.4,157,65.6,4.16,0.56,1.07,0.026,11.94
2.0,1.0,1.5,3.0,0.8,3600,0.4,157,65.6,4.16,0.56,1.07,0.026,11.94
2.0,1.0,1.5,4.5,0.4,3600,0.4,157,65.6,4.16,0.56,1.07,0.026,11.94
2.0,1.0,1.5,4.5,0.6,3600,0.4,157,65.6,4.16,0.56,1.07,0.026,11.94
2.0,1.0,1.5,4.5,0.8,3600,0.4,157,65.6,4.16,0.56,1.07,0.026,11.94
3.0,0.7,1.5,3.0,0.4,3600,0.2,109,82.6,2.79,0.22,1.06,0.026,10.74
3.0,0.7,1.5,3.0,0.6,3600,0.2,109,82.6,2.79,0.22,1.06,0.026,10.74
3.0,0.7,1.5,3.0,0.8,3600,0.2,109,82.6,2.79,0.22,1.06,0.026,10.74
3.0,0.7,1.5,4.5,0.4,3600,0.2,109,82.6,2.79,0.22,1.06,0.026,10.74
3.0,0.7,1.5,4.5,0.6,3600,0.2,109,82.6,2.79,0.22,1.06,0.026,10.74
3.0,0.7,1.5,4.5,0.8,3600,0.2,109,82.6,2.79,0.22,1.06,0.026,10.74
3.0,1.0,1.5,3.0,0.4,1200,0.2,127,68.5,3.32,0.49,1.07,0.026,11.42
3.0,1.0,1.5,3.0,0.6,1200,0.2,127,68.5,3.32,0.49,1.07,0.026,11.42
3.0,1.0,1.5,3.0,0.8,1200,0.2,127,68.5,3.32,0.49,1.07,0.026,11.42
3.0,1.0,1.5,4.5,0.4,1200,0.2,127,68.5,3.32,0.49,1.07,0.026,11.42
3.0,1.0,1.5,4.5,0.6,1200,0.2,127,68.5,3.32,0.49,1.07,0.026,11.42
3.0,1.0,1.5,4.5,0.8,1200,0.2,127,68.5,3.32,0.49,1.07,0.026,11.42
3.0,1.5,2.5,3.0,0.6,7200,0.2,76,76.3,1.96,0.32,1.04,0.026,13.27
3.0,1.5,2.5,4.5,0.6,7200,0.2,76,76.3,1.96,0.32,1.04,0.026,13.27
4.0,0.7,1.5,3.0,0.4,1200,0.8,424,57.3,11.21,0.95,1.28,0.026,9.77
4.0,0.7,1.5,3.0,0.6,1200,0.8,424,57.3,11.21,0.95,1.28,0.026,9.77
4.0,0.7,1.5,3.0,0.8,1200,0.8,424,57.3,11.21,0.95,1.28,0.026,9.77
4.0,0.7,1.5,4.5,0.4,1200,0.8,424,57.3,11.21,0.95,1.28,0.026,9.77
4.0,0.7,1.5,4.5,0.6,1200,0.8,424,57.3,11.21,0.95,1.28,0.026,9.77
4.0,0.7,1.5,4.5,0.8,1200,0.8,424,57.3,11.21,0.95,1.28,0.026,9.77
5.0,1.5,2.5,3.0,0.4,7200,0.8,142,66.2,3.73,0.55,1.09,0.026,15.0
5.0,1.5,2.5,4.5,0.4,7200,0.8,142,66.2,3.73,0.55,1.09,0.026,15.0
2.0,0.7,2.5,3.0,0.4,1200,0.2,191,68.1,4.77,0.51,1.09,0.025,15.2
2.0,0.7,2.5,3.0,0.6,1200,0.2,191,68.1,4.77,0.51,1.09,0.025,15.2
2.0,0.7,2.5,3.0,0.8,1200,0.2,191,68.1,4.77,0.51,1.09,0.025,15.2
2.0,0.7,2.5,4.5,0.4,1200,0.2,191,68.1,4.77,0.51,1.09,0.025,15.2
2.0,0.7,2.5,4.5,0.6,1200,0.2,191,68.1,4.77,0.51,1.09,0.025,15.2
2.0,0.7,2.5,4.5,0.8,1200,0.2,191,68.1,4.77,0.51,1.09,0.025,15.2
2.0,1.5,2.5,3.0,0.4,3600,0.4,153,65.4,3.85,0.56,1.07,0.025,11.94
2.0,1.5,2.5,3.0,0.8,2400,0.4,163,63.2,4.1,0.63,1.08,0.025,8.49
2.0,1.5,2.5,4.5,0.4,3600,0.4,153,65.4,3.85,0.56,1.07,0.025,11.94
2.0,1.5,2.5,4.5,0.8,2400,0.4,163,63.2,4.1,0.63,1.08,0.025,8.49
3.0,1.0,2.5,3.0,0.4,2400,0.8,313,57.2,7.81,0.87,1.16,0.025,11.16
3.0,1.0,2.5,3.0,0.6,2400,0.8,313,57.2,7.81,0.87,1.16,0.025,11.16
3.0,1.0,2.5,3.0,0.8,2400,0.8,313,57.2,7.81,0.87,1.16,0.025,11.16
3.0,1.0,2.5,4.5,0.4,2400,0.8,313,57.2,7.81,0.87,1.16,0.025,11.16
3.0,1.0,2.5,4.5,0.6,2400,0.8,313,57.2,7.81,0.87,1.16,0.025,11.16
3.0,1.0,2.5,4.5,0.8,2400,0.8,313,57.2,7.81,0.87,1.16,0.025,11.16
4.0,0.7,2.5,3.0,0.4,1200,0.8,424,57.3,10.49,0.94,1.26,0.025,9.77
4.0,0.7,2.5,3.0,0.6,1200,0.8,424,57.3,10.49,0.94,1.26,0.025,9.77
4.0,0.7,2.5,3.0,0.8,1200,0.8,424,57.3,10.49,0.94,1.26,0.025,9.77
4.0,0.7,2.5,4.5,0.4,1200,0.8,424,57.3,10.49,0.94,1.26,0.025,9.77
4.0,0.7,2.5,4.5,0.6,1200,0.8,424,57.3,10.49,0.94,1.26,0.025,9.77
4.0,0.7,2.5,4.5,0.8,1200,0.8,424,57.3,10.49,0.94,1.26,0.025,9.77
5.0,1.5,2.5,3.0,0.4,14400,0.4,61,80.3,1.54,0.25,1.04,0.025,15.06
5.0,1.5,2.5,3.0,0.6,3600,0.8,201,60.2,4.99,0.74,1.12,0.025,10.98
5.0,1.5,2.5,4.5,0.4,14400,0.4,61,80.3,1.54,0.25,1.04,0.025,15.06
5.0,1.5,2.5,4.5,0.6,3600,0.8,201,60.2,4.99,0.74,1.12,0.025,10.98
3.0,0.7,2.5,3.0,0.4,3600,0.8,290,61.0,7.06,0.73,1.14,0.024,9.66
3.0,0.7,2.5,3.0,0.6,3600,0.8,290,61.0,7.06,0.73,1.14,0.024,9.66
3.0,0.7,2.5,3.0,0.8,3600,0.8,290,61.0,7.06,0.73,1.14,0.024,9.66
3.0,0.7,2.5,4.5,0.4,3600,0.8,290,61.0,7.06,0.73,1.14,0.024,9.66
3.0,0.7,2.5,4.5,0.6,3600,0.8,290,61.0,7.06,0.73,1.14,0.024,9.66
3.0,0.7,2.5,4.5,0.8,3600,0.8,290,61.0,7.06,0.73,1.14,0.024,9.66
4.0,1.0,1.5,3.0,0.4,7200,0.8,154,64.9,3.68,0.58,1.08,0.024,14.28
4.0,1.0,1.5,3.0,0.6,7200,0.8,154,64.9,3.68,0.58,1.08,0.024,14.28
4.0,1.0,1.5,3.0,0.8,7200,0.8,154,64.9,3.68,0.58,1.08,0.024,14.28
4.0,1.0,1.5,4.5,0.4,7200,0.8,154,64.9,3.68,0.58,1.08,0.024,14.28
4.0,1.0,1.5,4.5,0.6,7200,0.8,154,64.9,3.68,0.58,1.08,0.024,14.28
4.0,1.0,1.5,4.5,0.8,7200,0.8,154,64.9,3.68,0.58,1.08,0.024,14.28
2.0,0.7,1.5,3.0,0.4,2400,0.8,351,57.3,8.21,0.87,1.17,0.023,7.12
2.0,0.7,1.5,3.0,0.6,2400,0.8,351,57.3,8.21,0.87,1.17,0.023,7.12
2.0,0.7,1.5,3.0,0.8,2400,0.8,351,57.3,8.21,0.87,1.17,0.023,7.12
2.0,0.7,1.5,4.5,0.4,2400,0.8,351,57.3,8.21,0.87,1.17,0.023,7.12
2.0,0.7,1.5,4.5,0.6,2400,0.8,351,57.3,8.21,0.87,1.17,0.023,7.12
2.0,0.7,1.5,4.5,0.8,2400,0.8,351,57.3,8.21,0.87,1.17,0.023,7.12
2.0,1.0,1.5,3.0,0.4,3600,0.2,106,69.8,2.44,0.45,1.04,0.023,12.19
2.0,1.0,1.5,3.0,0.6,3600,0.2,106,69.8,2.44,0.45,1.04,0.023,12.19
2.0,1.0,1.5,3.0,0.8,3600,0.2,106,69.8,2.44,0.45,1.04,0.023,12.19
2.0,1.0,1.5,4.5,0.4,3600,0.2,106,69.8,2.44,0.45,1.04,0.023,12.19
2.0,1.0,1.5,4.5,0.6,3600,0.2,106,69.8,2.44,0.45,1.04,0.023,12.19
2.0,1.0,1.5,4.5,0.8,3600,0.2,106,69.8,2.44,0.45,1.04,0.023,12.19
2.0,1.5,2.5,3.0,0.4,7200,0.8,219,62.1,4.96,0.66,1.08,0.023,11.07
2.0,1.5,2.5,4.5,0.4,7200,0.8,219,62.1,4.96,0.66,1.08,0.023,11.07
3.0,0.7,1.5,3.0,0.4,2400,0.8,327,57.5,7.49,0.86,1.16,0.023,10.8
3.0,0.7,1.5,3.0,0.6,2400,0.8,327,57.5,7.49,0.86,1.16,0.023,10.8
3.0,0.7,1.5,3.0,0.8,2400,0.8,327,57.5,7.49,0.86,1.16,0.023,10.8
3.0,0.7,1.5,4.5,0.4,2400,0.8,327,57.5,7.49,0.86,1.16,0.023,10.8
3.0,0.7,1.5,4.5,0.6,2400,0.8,327,57.5,7.49,0.86,1.16,0.023,10.8
3.0,0.7,1.5,4.5,0.8,2400,0.8,327,57.5,7.49,0.86,1.16,0.023,10.8
3.0,0.7,2.5,3.0,0.4,7200,0.2,101,81.2,2.36,0.24,1.05,0.023,10.74
3.0,0.7,2.5,3.0,0.6,7200,0.2,101,81.2,2.36,0.24,1.05,0.023,10.74
3.0,0.7,2.5,3.0,0.8,7200,0.2,101,81.2,2.36,0.24,1.05,0.023,10.74
3.0,0.7,2.5,4.5,0.4,7200,0.2,101,81.2,2.36,0.24,1.05,0.023,10.74
3.0,0.7,2.5,4.5,0.6,7200,0.2,101,81.2,2.36,0.24,1.05,0.023,10.74
3.0,0.7,2.5,4.5,0.8,7200,0.2,101,81.2,2.36,0.24,1.05,0.023,10.74
4.0,0.7,2.5,3.0,0.4,3600,0.4,122,74.6,2.8,0.37,1.07,0.023,14.74
4.0,0.7,2.5,3.0,0.6,3600,0.4,122,74.6,2.8,0.37,1.07,0.023,14.74
4.0,0.7,2.5,3.0,0.8,3600,0.4,122,74.6,2.8,0.37,1.07,0.023,14.74
4.0,0.7,2.5,4.5,0.4,3600,0.4,122,74.6,2.8,0.37,1.07,0.023,14.74
4.0,0.7,2.5,4.5,0.6,3600,0.4,122,74.6,2.8,0.37,1.07,0.023,14.74
4.0,0.7,2.5,4.5,0.8,3600,0.4,122,74.6,2.8,0.37,1.07,0.023,14.74
5.0,1.0,2.5,3.0,0.4,1200,0.4,100,59.0,2.26,0.76,1.09,0.023,12.9
5.0,1.0,2.5,3.0,0.6,1200,0.4,100,59.0,2.26,0.76,1.09,0.023,12.9
5.0,1.0,2.5,3.0,0.8,1200,0.4,100,59.0,2.26,0.76,1.09,0.023,12.9
5.0,1.0,2.5,4.5,0.4,1200,0.4,100,59.0,2.26,0.76,1.09,0.023,12.9
5.0,1.0,2.5,4.5,0.6,1200,0.4,100,59.0,2.26,0.76,1.09,0.023,12.9
5.0,1.0,2.5,4.5,0.8,1200,0.4,100,59.0,2.26,0.76,1.09,0.023,12.9
2.0,0.7,2.5,3.0,0.4,2400,0.8,351,57.3,7.49,0.86,1.15,0.021,7.84
2.0,0.7,2.5,3.0,0.6,2400,0.8,351,57.3,7.49,0.86,1.15,0.021,7.84
2.0,0.7,2.5,3.0,0.8,2400,0.8,351,57.3,7.49,0.86,1.15,0.021,7.84
2.0,0.7,2.5,4.5,0.4,2400,0.8,351,57.3,7.49,0.86,1.15,0.021,7.84
2.0,0.7,2.5,4.5,0.6,2400,0.8,351,57.3,7.49,0.86,1.15,0.021,7.84
2.0,0.7,2.5,4.5,0.8,2400,0.8,351,57.3,7.49,0.86,1.15,0.021,7.84
2.0,1.0,1.5,3.0,0.4,7200,0.2,104,68.3,2.21,0.48,1.03,0.021,12.19
2.0,1.0,1.5,3.0,0.6,7200,0.2,104,68.3,2.21,0.48,1.03,0.021,12.19
2.0,1.0,1.5,3.0,0.8,7200,0.2,104,68.3,2.21,0.48,1.03,0.021,12.19
2.0,1.0,1.5,4.5,0.4,7200,0.2,104,68.3,2.21,0.48,1.03,0.021,12.19
2.0,1.0,1.5,4.5,0.6,7200,0.2,104,68.3,2.21,0.48,1.03,0.021,12.19
2.0,1.0,1.5,4.5,0.8,7200,0.2,104,68.3,2.21,0.48,1.03,0.021,12.19
2.0,1.0,2.5,3.0,0.4,2400,0.4,184,62.0,3.92,0.66,1.07,0.021,9.48
2.0,1.0,2.5,3.0,0.6,2400,0.4,184,62.0,3.92,0.66,1.07,0.021,9.48
2.0,1.0,2.5,3.0,0.8,2400,0.4,184,62.0,3.92,0.66,1.07,0.021,9.48
2.0,1.0,2.5,4.5,0.4,2400,0.4,184,62.0,3.92,0.66,1.07,0.021,9.48
2.0,1.0,2.5,4.5,0.6,2400,0.4,184,62.0,3.92,0.66,1.07,0.021,9.48
2.0,1.0,2.5,4.5,0.8,2400,0.4,184,62.0,3.92,0.66,1.07,0.021,9.48
3.0,0.7,2.5,3.0,0.4,2400,0.8,327,57.5,6.77,0.85,1.15,0.021,10.8
3.0,0.7,2.5,3.0,0.6,2400,0.8,327,57.5,6.77,0.85,1.15,0.021,10.8
3.0,0.7,2.5,3.0,0.8,2400,0.8,327,57.5,6.77,0.85,1.15,0.021,10.8
3.0,0.7,2.5,4.5,0.4,2400,0.8,327,57.5,6.77,0.85,1.15,0.021,10.8
3.0,0.7,2.5,4.5,0.6,2400,0.8,327,57.5,6.77,0.85,1.15,0.021,10.8
3.0,0.7,2.5,4.5,0.8,2400,0.8,327,57.5,6.77,0.85,1.15,0.021,10.8
3.0,1.5,2.5,3.0,0.6,2400,0.4,156,65.4,3.32,0.56,1.06,0.021,12.33
3.0,1.5,2.5,4.5,0.6,2400,0.4,156,65.4,3.32,0.56,1.06,0.021,12.33
5.0,1.5,2.5,3.0,0.4,2400,0.4,112,63.4,2.38,0.62,1.07,0.021,14.21
5.0,1.5,2.5,4.5,0.4,2400,0.4,112,63.4,2.38,0.62,1.07,0.021,14.21
2.0,1.5,2.5,3.0,0.6,7200,0.4,125,68.0,2.53,0.49,1.04,0.02,13.57
2.0,1.5,2.5,4.5,0.6,7200,0.4,125,68.0,2.53,0.49,1.04,0.02,13.57
3.0,1.5,2.5,3.0,0.4,3600,0.4,124,71.8,2.46,0.41,1.05,0.02,11.63
3.0,1.5,2.5,4.5,0.4,3600,0.4,124,71.8,2.46,0.41,1.05,0.02,11.63
5.0,1.0,1.5,3.0,0.4,14400,0.4,62,82.3,1.21,0.22,1.03,0.02,15.0
5.0,1.0,1.5,3.0,0.6,14400,0.4,62,82.3,1.21,0.22,1.03,0.02,15.0
5.0,1.0,1.5,3.0,0.8,14400,0.4,62,82.3,1.21,0.22,1.03,0.02,15.0
5.0,1.0,1.5,4.5,0.4,14400,0.4,62,82.3,1.21,0.22,1.03,0.02,15.0
5.0,1.0,1.5,4.5,0.6,14400,0.4,62,82.3,1.21,0.22,1.03,0.02,15.0
5.0,1.0,1.5,4.5,0.8,14400,0.4,62,82.3,1.21,0.22,1.03,0.02,15.0
3.0,0.7,2.5,3.0,0.4,3600,0.2,109,82.6,2.07,0.22,1.04,0.019,10.74
3.0,0.7,2.5,3.0,0.6,3600,0.2,109,82.6,2.07,0.22,1.04,0.019,10.74
3.0,0.7,2.5,3.0,0.8,3600,0.2,109,82.6,2.07,0.22,1.04,0.019,10.74
3.0,0.7,2.5,4.5,0.4,3600,0.2,109,82.6,2.07,0.22,1.04,0.019,10.74
3.0,0.7,2.5,4.5,0.6,3600,0.2,109,82.6,2.07,0.22,1.04,0.019,10.74
3.0,0.7,2.5,4.5,0.8,3600,0.2,109,82.6,2.07,0.22,1.04,0.019,10.74
3.0,1.0,2.5,3.0,0.4,14400,0.4,86,75.6,1.63,0.33,1.03,0.019,11.72
3.0,1.0,2.5,3.0,0.6,14400,0.4,86,75.6,1.63,0.33,1.03,0.019,11.72
3.0,1.0,2.5,3.0,0.8,14400,0.4,86,75.6,1.63,0.33,1.03,0.019,11.72
3.0,1.0,2.5,4.5,0.4,14400,0.4,86,75.6,1.63,0.33,1.03,0.019,11.72
3.0,1.0,2.5,4.5,0.6,14400,0.4,86,75.6,1.63,0.33,1.03,0.019,11.72
3.0,1.0,2.5,4.5,0.8,14400,0.4,86,75.6,1.63,0.33,1.03,0.019,11.72
2.0,1.5,2.5,3.0,0.4,1200,0.4,279,59.1,5.08,0.76,1.1,0.018,9.66
2.0,1.5,2.5,4.5,0.4,1200,0.4,279,59.1,5.08,0.76,1.1,0.018,9.66
5.0,1.0,1.5,3.0,0.4,7200,0.8,145,66.2,2.54,0.54,1.06,0.018,15.0
5.0,1.0,1.5,3.0,0.6,7200,0.8,145,66.2,2.54,0.54,1.06,0.018,15.0
5.0,1.0,1.5,3.0,0.8,7200,0.8,145,66.2,2.54,0.54,1.06,0.018,15.0
5.0,1.0,1.5,4.5,0.4,7200,0.8,145,66.2,2.54,0.54,1.06,0.018,15.0
5.0,1.0,1.5,4.5,0.6,7200,0.8,145,66.2,2.54,0.54,1.06,0.018,15.0
5.0,1.0,1.5,4.5,0.8,7200,0.8,145,66.2,2.54,0.54,1.06,0.018,15.0
5.0,1.5,2.5,3.0,0.8,3600,0.8,195,60.0,3.49,0.72,1.09,0.018,10.98
5.0,1.5,2.5,4.5,0.8,3600,0.8,195,60.0,3.49,0.72,1.09,0.018,10.98
2.0,0.7,1.5,3.0,0.4,3600,0.8,307,59.0,5.12,0.76,1.09,0.017,8.94
2.0,0.7,1.5,3.0,0.6,3600,0.8,307,59.0,5.12,0.76,1.09,0.017,8.94
2.0,0.7,1.5,3.0,0.8,3600,0.8,307,59.0,5.12,0.76,1.09,0.017,8.94
2.0,0.7,1.5,4.5,0.4,3600,0.8,307,59.0,5.12,0.76,1.09,0.017,8.94
2.0,0.7,1.5,4.5,0.6,3600,0.8,307,59.0,5.12,0.76,1.09,0.017,8.94
2.0,0.7,1.5,4.5,0.8,3600,0.8,307,59.0,5.12,0.76,1.09,0.017,8.94
2.0,1.0,1.5,3.0,0.4,14400,0.8,154,64.9,2.65,0.56,1.04,0.017,13.51
2.0,1.0,1.5,3.0,0.6,14400,0.8,154,64.9,2.65,0.56,1.04,0.017,13.51
2.0,1.0,1.5,3.0,0.8,14400,0.8,154,64.9,2.65,0.56,1.04,0.017,13.51
2.0,1.0,1.5,4.5,0.4,14400,0.8,154,64.9,2.65,0.56,1.04,0.017,13.51
2.0,1.0,1.5,4.5,0.6,14400,0.8,154,64.9,2.65,0.56,1.04,0.017,13.51
2.0,1.0,1.5,4.5,0.8,14400,0.8,154,64.9,2.65,0.56,1.04,0.017,13.51
3.0,0.7,1.5,3.0,0.4,7200,0.8,223,65.0,3.88,0.58,1.07,0.017,12.8
3.0,0.7,1.5,3.0,0.6,7200,0.8,223,65.0,3.88,0.58,1.07,0.017,12.8
3.0,0.7,1.5,3.0,0.8,7200,0.8,223,65.0,3.88,0.58,1.07,0.017,12.8
3.0,0.7,1.5,4.5,0.4,7200,0.8,223,65.0,3.88,0.58,1.07,0.017,12.8
3.0,0.7,1.5,4.5,0.6,7200,0.8,223,65.0,3.88,0.58,1.07,0.017,12.8
3.0,0.7,1.5,4.5,0.8,7200,0.8,223,65.0,3.88,0.58,1.07,0.017,12.8
3.0,1.5,2.5,3.0,0.6,3600,0.4,127,72.4,2.13,0.4,1.04,0.017,13.14
3.0,1.5,2.5,4.5,0.6,3600,0.4,127,72.4,2.13,0.4,1.04,0.017,13.14
5.0,0.7,1.5,3.0,0.4,3600,0.8,240,60.4,4.16,0.72,1.09,0.017,10.98
5.0,0.7,1.5,3.0,0.6,3600,0.8,240,60.4,4.16,0.72,1.09,0.017,10.98
5.0,0.7,1.5,3.0,0.8,3600,0.8,240,60.4,4.16,0.72,1.09,0.017,10.98
5.0,0.7,1.5,4.5,0.4,3600,0.8,240,60.4,4.16,0.72,1.09,0.017,10.98
5.0,0.7,1.5,4.5,0.6,3600,0.8,240,60.4,4.16,0.72,1.09,0.017,10.98
5.0,0.7,1.5,4.5,0.8,3600,0.8,240,60.4,4.16,0.72,1.09,0.017,10.98
5.0,1.5,2.5,3.0,0.6,2400,0.4,107,65.4,1.8,0.56,1.05,0.017,15.13
5.0,1.5,2.5,4.5,0.6,2400,0.4,107,65.4,1.8,0.56,1.05,0.017,15.13
2.0,1.5,2.5,3.0,0.6,1200,0.4,275,59.3,4.49,0.75,1.09,0.016,9.57
2.0,1.5,2.5,4.5,0.6,1200,0.4,275,59.3,4.49,0.75,1.09,0.016,9.57
3.0,0.7,1.5,3.0,0.4,2400,0.4,210,64.8,3.43,0.58,1.07,0.016,10.93
3.0,0.7,1.5,3.0,0.6,2400,0.4,210,64.8,3.43,0.58,1.07,0.016,10.93
3.0,0.7,1.5,3.0,0.8,2400,0.4,210,64.8,3.43,0.58,1.07,0.016,10.93
3.0,0.7,1.5,4.5,0.4,2400,0.4,210,64.8,3.43,0.58,1.07,0.016,10.93
3.0,0.7,1.5,4.5,0.6,2400,0.4,210,64.8,3.43,0.58,1.07,0.016,10.93
3.0,0.7,1.5,4.5,0.8,2400,0.4,210,64.8,3.43,0.58,1.07,0.016,10.93
3.0,1.0,2.5,3.0,0.4,1200,0.2,127,68.5,1.97,0.48,1.04,0.016,11.42
3.0,1.0,2.5,3.0,0.6,1200,0.2,127,68.5,1.97,0.48,1.04,0.016,11.42
3.0,1.0,2.5,3.0,0.8,1200,0.2,127,68.5,1.97,0.48,1.04,0.016,11.42
3.0,1.0,2.5,4.5,0.4,1200,0.2,127,68.5,1.97,0.48,1.04,0.016,11.42
3.0,1.0,2.5,4.5,0.6,1200,0.2,127,68.5,1.97,0.48,1.04,0.016,11.42
3.0,1.0,2.5,4.5,0.8,1200,0.2,127,68.5,1.97,0.48,1.04,0.016,11.42
3.0,1.5,2.5,3.0,0.8,1200,0.2,121,66.1,1.88,0.53,1.04,0.016,14.53
3.0,1.5,2.5,4.5,0.8,1200,0.2,121,66.1,1.88,0.53,1.04,0.016,14.53
5.0,1.0,1.5,3.0,0.4,2400,0.4,116,62.9,1.85,0.62,1.05,0.016,13.96
5.0,1.0,1.5,3.0,0.6,2400,0.4,116,62.9,1.85,0.62,1.05,0.016,13.96
5.0,1.0,1.5,3.0,0.8,2400,0.4,116,62.9,1.85,0.62,1.05,0.016,13.96
5.0,1.0,1.5,4.5,0.4,2400,0.4,116,62.9,1.85,0.62,1.05,0.016,13.96
5.0,1.0,1.5,4.5,0.6,2400,0.4,116,62.9,1.85,0.62,1.05,0.016,13.96
5.0,1.0,1.5,4.5,0.8,2400,0.4,116,62.9,1.85,0.62,1.05,0.016,13.96
4.0,0.7,1.5,3.0,0.4,1200,0.4,213,62.0,3.09,0.67,1.1,0.015,10.3
4.0,0.7,1.5,3.0,0.6,1200,0.4,213,62.0,3.09,0.67,1.1,0.015,10.3
4.0,0.7,1.5,3.0,0.8,1200,0.4,213,62.0,3.09,0.67,1.1,0.015,10.3
4.0,0.7,1.5,4.5,0.4,1200,0.4,213,62.0,3.09,0.67,1.1,0.015,10.3
4.0,0.7,1.5,4.5,0.6,1200,0.4,213,62.0,3.09,0.67,1.1,0.015,10.3
4.0,0.7,1.5,4.5,0.8,1200,0.4,213,62.0,3.09,0.67,1.1,0.015,10.3
4.0,1.0,2.5,3.0,0.4,7200,0.8,154,64.9,2.33,0.57,1.05,0.015,14.28
4.0,1.0,2.5,3.0,0.6,7200,0.8,154,64.9,2.33,0.57,1.05,0.015,14.28
4.0,1.0,2.5,3.0,0.8,7200,0.8,154,64.9,2.33,0.57,1.05,0.015,14.28
4.0,1.0,2.5,4.5,0.4,7200,0.8,154,64.9,2.33,0.57,1.05,0.015,14.28
4.0,1.0,2.5,4.5,0.6,7200,0.8,154,64.9,2.33,0.57,1.05,0.015,14.28
4.0,1.0,2.5,4.5,0.8,7200,0.8,154,64.9,2.33,0.57,1.05,0.015,14.28
2.0,0.7,2.5,3.0,0.4,3600,0.8,307,59.0,4.4,0.75,1.08,0.014,9.05
2.0,0.7,2.5,3.0,0.6,3600,0.8,307,59.0,4.4,0.75,1.08,0.014,9.05
2.0,0.7,2.5,3.0,0.8,3600,0.8,307,59.0,4.4,0.75,1.08,0.014,9.05
2.0,0.7,2.5,4.5,0.4,3600,0.8,307,59.0,4.4,0.75,1.08,0.014,9.05
2.0,0.7,2.5,4.5,0.6,3600,0.8,307,59.0,4.4,0.75,1.08,0.014,9.05
2.0,0.7,2.5,4.5,0.8,3600,0.8,307,59.0,4.4,0.75,1.08,0.014,9.05
2.0,1.0,1.5,3.0,0.4,7200,0.8,222,62.2,3.1,0.64,1.05,0.014,10.77
2.0,1.0,1.5,3.0,0.6,7200,0.8,222,62.2,3.1,0.64,1.05,0.014,10.77
2.0,1.0,1.5,3.0,0.8,7200,0.8,222,62.2,3.1,0.64,1.05,0.014,10.77
2.0,1.0,1.5,4.5,0.4,7200,0.8,222,62.2,3.1,0.64,1.05,0.014,10.77
2.0,1.0,1.5,4.5,0.6,7200,0.8,222,62.2,3.1,0.64,1.05,0.014,10.77
2.0,1.0,1.5,4.5,0.8,7200,0.8,222,62.2,3.1,0.64,1.05,0.014,10.77
3.0,0.7,2.5,3.0,0.4,7200,0.8,223,65.0,3.16,0.57,1.06,0.014,12.8
3.0,0.7,2.5,3.0,0.6,7200,0.8,223,65.0,3.16,0.57,1.06,0.014,12.8
3.0,0.7,2.5,3.0,0.8,7200,0.8,223,65.0,3.16,0.57,1.06,0.014,12.8
3.0,0.7,2.5,4.5,0.4,7200,0.8,223,65.0,3.16,0.57,1.06,0.014,12.8
3.0,0.7,2.5,4.5,0.6,7200,0.8,223,65.0,3.16,0.57,1.06,0.014,12.8
3.0,0.7,2.5,4.5,0.8,7200,0.8,223,65.0,3.16,0.57,1.06,0.014,12.8
5.0,0.7,2.5,3.0,0.4,3600,0.8,240,60.4,3.44,0.71,1.08,0.014,10.98
5.0,0.7,2.5,3.0,0.6,3600,0.8,240,60.4,3.44,0.71,1.08,0.014,10.98
5.0,0.7,2.5,3.0,0.8,3600,0.8,240,60.4,3.44,0.71,1.08,0.014,10.98
5.0,0.7,2.5,4.5,0.4,3600,0.8,240,60.4,3.44,0.71,1.08,0.014,10.98
5.0,0.7,2.5,4.5,0.6,3600,0.8,240,60.4,3.44,0.71,1.08,0.014,10.98
5.0,0.7,2.5,4.5,0.8,3600,0.8,240,60.4,3.44,0.71,1.08,0.014,10.98
2.0,1.0,1.5,3.0,0.4,1200,0.4,280,58.9,3.62,0.75,1.07,0.013,10.42
2.0,1.0,1.5,3.0,0.6,1200,0.4,280,58.9,3.62,0.75,1.07,0.013,10.42
2.0,1.0,1.5,3.0,0.8,1200,0.4,280,58.9,3.62,0.75,1.07,0.013,10.42
2.0,1.0,1.5,4.5,0.4,1200,0.4,280,58.9,3.62,0.75,1.07,0.013,10.42
2.0,1.0,1.5,4.5,0.6,1200,0.4,280,58.9,3.62,0.75,1.07,0.013,10.42
2.0,1.0,1.5,4.5,0.8,1200,0.4,280,58.9,3.62,0.75,1.07,0.013,10.42
3.0,0.7,2.5,3.0,0.4,2400,0.4,210,64.8,2.71,0.58,1.06,0.013,11.65
3.0,0.7,2.5,3.0,0.6,2400,0.4,210,64.8,2.71,0.58,1.06,0.013,11.65
3.0,0.7,2.5,3.0,0.8,2400,0.4,210,64.8,2.71,0.58,1.06,0.013,11.65
3.0,0.7,2.5,4.5,0.4,2400,0.4,210,64.8,2.71,0.58,1.06,0.013,11.65
3.0,0.7,2.5,4.5,0.6,2400,0.4,210,64.8,2.71,0.58,1.06,0.013,11.65
3.0,0.7,2.5,4.5,0.8,2400,0.4,210,64.8,2.71,0.58,1.06,0.013,11.65
5.0,0.7,1.5,3.0,0.4,2400,0.4,113,65.5,1.47,0.55,1.05,0.013,13.52
5.0,0.7,1.5,3.0,0.6,2400,0.4,113,65.5,1.47,0.55,1.05,0.013,13.52
5.0,0.7,1.5,3.0,0.8,2400,0.4,113,65.5,1.47,0.55,1.05,0.013,13.52
5.0,0.7,1.5,4.5,0.4,2400,0.4,113,65.5,1.47,0.55,1.05,0.013,13.52
5.0,0.7,1.5,4.5,0.6,2400,0.4,113,65.5,1.47,0.55,1.05,0.013,13.52
5.0,0.7,1.5,4.5,0.8,2400,0.4,113,65.5,1.47,0.55,1.05,0.013,13.52
5.0,1.5,2.5,3.0,0.4,1200,0.8,348,56.6,4.4,0.86,1.12,0.013,12.54
5.0,1.5,2.5,4.5,0.4,1200,0.8,348,56.6,4.4,0.86,1.12,0.013,12.54
2.0,0.7,1.5,3.0,0.4,1200,0.4,310,61.6,3.76,0.67,1.08,0.012,9.85
2.0,0.7,1.5,3.0,0.6,1200,0.4,310,61.6,3.76,0.67,1.08,0.012,9.85
2.0,0.7,1.5,3.0,0.8,1200,0.4,310,61.6,3.76,0.67,1.08,0.012,9.85
2.0,0.7,1.5,4.5,0.4,1200,0.4,310,61.6,3.76,0.67,1.08,0.012,9.85
2.0,0.7,1.5,4.5,0.6,1200,0.4,310,61.6,3.76,0.67,1.08,0.012,9.85
2.0,0.7,1.5,4.5,0.8,1200,0.4,310,61.6,3.76,0.67,1.08,0.012,9.85
2.0,1.5,2.5,3.0,0.4,3600,0.2,100,69.0,1.21,0.46,1.02,0.012,12.05
2.0,1.5,2.5,3.0,0.8,3600,0.4,146,65.8,1.68,0.54,1.03,0.012,11.94
2.0,1.5,2.5,4.5,0.4,3600,0.2,100,69.0,1.21,0.46,1.02,0.012,12.05
2.0,1.5,2.5,4.5,0.8,3600,0.4,146,65.8,1.68,0.54,1.03,0.012,11.94
3.0,1.0,1.5,3.0,0.4,3600,0.4,131,71.8,1.57,0.41,1.03,0.012,11.98
3.0,1.0,1.5,3.0,0.4,7200,0.4,99,68.7,1.16,0.47,1.02,0.012,12.02
3.0,1.0,1.5,3.0,0.6,3600,0.4,131,71.8,1.57,0.41,1.03,0.012,11.98
3.0,1.0,1.5,3.0,0.6,7200,0.4,99,68.7,1.16,0.47,1.02,0.012,12.02
3.0,1.0,1.5,3.0,0.8,3600,0.4,131,71.8,1.57,0.41,1.03,0.012,11.98
3.0,1.0,1.5,3.0,0.8,7200,0.4,99,68.7,1.16,0.47,1.02,0.012,12.02
3.0,1.0,1.5,4.5,0.4,3600,0.4,131,71.8,1.57,0.41,1.03,0.012,11.98
3.0,1.0,1.5,4.5,0.4,7200,0.4,99,68.7,1.16,0.47,1.02,0.012,12.02
3.0,1.0,1.5,4.5,0.6,3600,0.4,131,71.8,1.57,0.41,1.03,0.012,11.98
3.0,1.0,1.5,4.5,0.6,7200,0.4,99,68.7,1.16,0.47,1.02,0.012,12.02
3.0,1.0,1.5,4.5,0.8,3600,0.4,131,71.8,1.57,0.41,1.03,0.012,11.98
3.0,1.0,1.5,4.5,0.8,7200,0.4,99,68.7,1.16,0.47,1.02,0.012,12.02
4.0,0.7,1.5,3.0,0.4,14400,0.8,120,72.5,1.46,0.39,1.03,0.012,15.08
4.0,0.7,1.5,3.0,0.6,14400,0.8,120,72.5,1.46,0.39,1.03,0.012,15.08
4.0,0.7,1.5,3.0,0.8,14400,0.8,120,72.5,1.46,0.39,1.03,0.012,15.08
4.0,0.7,1.5,4.5,0.4,14400,0.8,120,72.5,1.46,0.39,1.03,0.012,15.08
4.0,0.7,1.5,4.5,0.6,14400,0.8,120,72.5,1.46,0.39,1.03,0.012,15.08
4.0,0.7,1.5,4.5,0.8,14400,0.8,120,72.5,1.46,0.39,1.03,0.012,15.08
2.0,1.5,2.5,3.0,0.4,7200,0.2,98,68.4,1.08,0.47,1.02,0.011,12.05
2.0,1.5,2.5,4.5,0.4,7200,0.2,98,68.4,1.08,0.47,1.02,0.011,12.05
4.0,0.7,1.5,3.0,0.4,7200,0.8,178,66.3,1.89,0.53,1.04,0.011,15.11
4.0,0.7,1.5,3.0,0.6,7200,0.8,178,66.3,1.89,0.53,1.04,0.011,15.11
4.0,0.7,1.5,3.0,0.8,7200,0.8,178,66.3,1.89,0.53,1.04,0.011,15.11
4.0,0.7,1.5,4.5,0.4,7200,0.8,178,66.3,1.89,0.53,1.04,0.011,15.11
4.0,0.7,1.5,4.5,0.6,7200,0.8,178,66.3,1.89,0.53,1.04,0.011,15.11
4.0,0.7,1.5,4.5,0.8,7200,0.8,178,66.3,1.89,0.53,1.04,0.011,15.11
4.0,0.7,2.5,3.0,0.4,1200,0.4,213,62.0,2.37,0.66,1.07,0.011,11.02
4.0,0.7,2.5,3.0,0.6,1200,0.4,213,62.0,2.37,0.66,1.07,0.011,11.02
4.0,0.7,2.5,3.0,0.8,1200,0.4,213,62.0,2.37,0.66,1.07,0.011,11.02
4.0,0.7,2.5,4.5,0.4,1200,0.4,213,62.0,2.37,0.66,1.07,0.011,11.02
4.0,0.7,2.5,4.5,0.6,1200,0.4,213,62.0,2.37,0.66,1.07,0.011,11.02
4.0,0.7,2.5,4.5,0.8,1200,0.4,213,62.0,2.37,0.66,1.07,0.011,11.02
4.0,1.0,1.5,3.0,0.4,2400,0.4,129,64.3,1.48,0.57,1.04,0.011,13.43
4.0,1.0,1.5,3.0,0.6,2400,0.4,129,64.3,1.48,0.57,1.04,0.011,13.43
4.0,1.0,1.5,3.0,0.8,2400,0.4,129,64.3,1.48,0.57,1.04,0.011,13.43
4.0,1.0,1.5,4.5,0.4,2400,0.4,129,64.3,1.48,0.57,1.04,0.011,13.43
4.0,1.0,1.5,4.5,0.6,2400,0.4,129,64.3,1.48,0.57,1.04,0.011,13.43
4.0,1.0,1.5,4.5,0.8,2400,0.4,129,64.3,1.48,0.57,1.04,0.011,13.43
4.0,1.5,2.5,3.0,0.6,2400,0.4,119,66.4,1.29,0.52,1.03,0.011,15.01
4.0,1.5,2.5,4.5,0.6,2400,0.4,119,66.4,1.29,0.52,1.03,0.011,15.01
5.0,1.0,1.5,3.0,0.4,1200,0.8,350,56.6,3.51,0.84,1.09,0.01,12.54
5.0,1.0,1.5,3.0,0.6,1200,0.8,350,56.6,3.51,0.84,1.09,0.01,12.54
5.0,1.0,1.5,3.0,0.8,1200,0.8,350,56.6,3.51,0.84,1.09,0.01,12.54
5.0,1.0,1.5,4.5,0.4,1200,0.8,350,56.6,3.51,0.84,1.09,0.01,12.54
5.0,1.0,1.5,4.5,0.6,1200,0.8,350,56.6,3.51,0.84,1.09,0.01,12.54
5.0,1.0,1.5,4.5,0.8,1200,0.8,350,56.6,3.51,0.84,1.09,0.01,12.54
2.0,1.5,2.5,3.0,0.8,,0.4,88,68.2,0.83,0.47,1.01,0.009,11.18
2.0,1.5,2.5,4.5,0.8,,0.4,88,68.2,0.83,0.47,1.01,0.009,11.18
3.0,1.5,2.5,3.0,0.8,3600,0.4,123,72.4,1.05,0.39,1.02,0.009,13.02
3.0,1.5,2.5,4.5,0.8,3600,0.4,123,72.4,1.05,0.39,1.02,0.009,13.02
4.0,1.5,2.5,3.0,0.4,1200,0.4,156,62.2,1.43,0.63,1.04,0.009,13.05
4.0,1.5,2.5,4.5,0.4,1200,0.4,156,62.2,1.43,0.63,1.04,0.009,13.05
5.0,1.0,2.5,3.0,0.4,1200,0.8,350,56.6,3.06,0.83,1.08,0.009,12.54
5.0,1.0,2.5,3.0,0.6,1200,0.8,350,56.6,3.06,0.83,1.08,0.009,12.54
5.0,1.0,2.5,3.0,0.8,1200,0.8,350,56.6,3.06,0.83,1.08,0.009,12.54
5.0,1.0,2.5,4.5,0.4,1200,0.8,350,56.6,3.06,0.83,1.08,0.009,12.54
5.0,1.0,2.5,4.5,0.6,1200,0.8,350,56.6,3.06,0.83,1.08,0.009,12.54
5.0,1.0,2.5,4.5,0.8,1200,0.8,350,56.6,3.06,0.83,1.08,0.009,12.54
3.0,0.7,1.5,3.0,0.4,14400,0.2,101,81.2,0.84,0.24,1.02,0.008,10.95
3.0,0.7,1.5,3.0,0.6,14400,0.2,101,81.2,0.84,0.24,1.02,0.008,10.95
3.0,0.7,1.5,3.0,0.8,14400,0.2,101,81.2,0.84,0.24,1.02,0.008,10.95
3.0,0.7,1.5,4.5,0.4,14400,0.2,101,81.2,0.84,0.24,1.02,0.008,10.95
3.0,0.7,1.5,4.5,0.6,14400,0.2,101,81.2,0.84,0.24,1.02,0.008,10.95
3.0,0.7,1.5,4.5,0.8,14400,0.2,101,81.2,0.84,0.24,1.02,0.008,10.95
3.0,1.0,1.5,3.0,0.4,2400,0.4,169,63.3,1.38,0.59,1.03,0.008,11.66
3.0,1.0,1.5,3.0,0.6,2400,0.4,169,63.3,1.38,0.59,1.03,0.008,11.66
3.0,1.0,1.5,3.0,0.8,2400,0.4,169,63.3,1.38,0.59,1.03,0.008,11.66
3.0,1.0,1.5,4.5,0.4,2400,0.4,169,63.3,1.38,0.59,1.03,0.008,11.66
3.0,1.0,1.5,4.5,0.6,2400,0.4,169,63.3,1.38,0.59,1.03,0.008,11.66
3.0,1.0,1.5,4.5,0.8,2400,0.4,169,63.3,1.38,0.59,1.03,0.008,11.66
4.0,1.0,1.5,3.0,0.4,1200,0.4,158,61.4,1.32,0.65,1.04,0.008,12.94
4.0,1.0,1.5,3.0,0.6,1200,0.4,158,61.4,1.32,0.65,1.04,0.008,12.94
4.0,1.0,1.5,3.0,0.8,1200,0.4,158,61.4,1.32,0.65,1.04,0.008,12.94
4.0,1.0,1.5,4.5,0.4,1200,0.4,158,61.4,1.32,0.65,1.04,0.008,12.94
4.0,1.0,1.5,4.5,0.6,1200,0.4,158,61.4,1.32,0.65,1.04,0.008,12.94
4.0,1.0,1.5,4.5,0.8,1200,0.4,158,61.4,1.32,0.65,1.04,0.008,12.94
5.0,1.0,2.5,3.0,0.4,2400,0.4,116,62.9,0.95,0.61,1.03,0.008,14.86
5.0,1.0,2.5,3.0,0.4,7200,0.8,145,66.2,1.19,0.52,1.03,0.008,15.0
5.0,1.0,2.5,3.0,0.6,2400,0.4,116,62.9,0.95,0.61,1.03,0.008,14.86
5.0,1.0,2.5,3.0,0.6,7200,0.8,145,66.2,1.19,0.52,1.03,0.008,15.0
5.0,1.0,2.5,3.0,0.8,2400,0.4,116,62.9,0.95,0.61,1.03,0.008,14.86
5.0,1.0,2.5,3.0,0.8,7200,0.8,145,66.2,1.19,0.52,1.03,0.008,15.0
5.0,1.0,2.5,4.5,0.4,2400,0.4,116,62.9,0.95,0.61,1.03,0.008,14.86
5.0,1.0,2.5,4.5,0.4,7200,0.8,145,66.2,1.19,0.52,1.03,0.008,15.0
5.0,1.0,2.5,4.5,0.6,2400,0.4,116,62.9,0.95,0.61,1.03,0.008,14.86
5.0,1.0,2.5,4.5,0.6,7200,0.8,145,66.2,1.19,0.52,1.03,0.008,15.0
5.0,1.0,2.5,4.5,0.8,2400,0.4,116,62.9,0.95,0.61,1.03,0.008,14.86
5.0,1.0,2.5,4.5,0.8,7200,0.8,145,66.2,1.19,0.52,1.03,0.008,15.0
5.0,1.5,2.5,3.0,0.6,1200,0.8,346,56.6,2.87,0.82,1.08,0.008,12.54
5.0,1.5,2.5,3.0,0.8,2400,0.4,103,66.0,0.8,0.53,1.02,0.008,14.58
5.0,1.5,2.5,4.5,0.6,1200,0.8,346,56.6,2.87,0.82,1.08,0.008,12.54
5.0,1.5,2.5,4.5,0.8,2400,0.4,103,66.0,0.8,0.53,1.02,0.008,14.58
2.0,0.7,2.5,3.0,0.4,1200,0.4,310,61.6,2.32,0.65,1.05,0.007,10.57
2.0,0.7,2.5,3.0,0.6,1200,0.4,310,61.6,2.32,0.65,1.05,0.007,10.57
2.0,0.7,2.5,3.0,0.8,1200,0.4,310,61.6,2.32,0.65,1.05,0.007,10.57
2.0,0.7,2.5,4.5,0.4,1200,0.4,310,61.6,2.32,0.65,1.05,0.007,10.57
2.0,0.7,2.5,4.5,0.6,1200,0.4,310,61.6,2.32,0.65,1.05,0.007,10.57
2.0,0.7,2.5,4.5,0.8,1200,0.4,310,61.6,2.32,0.65,1.05,0.007,10.57
2.0,1.0,2.5,3.0,0.4,1200,0.4,280,58.9,1.82,0.72,1.04,0.007,10.42
2.0,1.0,2.5,3.0,0.6,1200,0.4,280,58.9,1.82,0.72,1.04,0.007,10.42
2.0,1.0,2.5,3.0,0.8,1200,0.4,280,58.9,1.82,0.72,1.04,0.007,10.42
2.0,1.0,2.5,4.5,0.4,1200,0.4,280,58.9,1.82,0.72,1.04,0.007,10.42
2.0,1.0,2.5,4.5,0.6,1200,0.4,280,58.9,1.82,0.72,1.04,0.007,10.42
2.0,1.0,2.5,4.5,0.8,1200,0.4,280,58.9,1.82,0.72,1.04,0.007,10.42
3.0,0.7,1.5,3.0,0.4,3600,0.4,165,72.7,1.1,0.38,1.02,0.007,14.54
3.0,0.7,1.5,3.0,0.6,3600,0.4,165,72.7,1.1,0.38,1.02,0.007,14.54
3.0,0.7,1.5,3.0,0.8,3600,0.4,165,72.7,1.1,0.38,1.02,0.007,14.54
3.0,0.7,1.5,4.5,0.4,3600,0.4,165,72.7,1.1,0.38,1.02,0.007,14.54
3.0,0.7,1.5,4.5,0.6,3600,0.4,165,72.7,1.1,0.38,1.02,0.007,14.54
3.0,0.7,1.5,4.5,0.8,3600,0.4,165,72.7,1.1,0.38,1.02,0.007,14.54
3.0,1.5,2.5,3.0,0.4,1200,0.4,225,61.3,1.64,0.65,1.04,0.007,12.62
3.0,1.5,2.5,4.5,0.4,1200,0.4,225,61.3,1.64,0.65,1.04,0.007,12.62
4.0,0.7,2.5,3.0,0.4,7200,0.8,178,66.3,1.17,0.52,1.02,0.007,15.11
4.0,0.7,2.5,3.0,0.6,7200,0.8,178,66.3,1.17,0.52,1.02,0.007,15.11
4.0,0.7,2.5,3.0,0.8,7200,0.8,178,66.3,1.17,0.52,1.02,0.007,15.11
4.0,0.7,2.5,4.5,0.4,7200,0.8,178,66.3,1.17,0.52,1.02,0.007,15.11
4.0,0.7,2.5,4.5,0.6,7200,0.8,178,66.3,1.17,0.52,1.02,0.007,15.11
4.0,0.7,2.5,4.5,0.8,7200,0.8,178,66.3,1.17,0.52,1.02,0.007,15.11
5.0,0.7,1.5,3.0,0.4,14400,0.8,114,74.6,0.75,0.35,1.02,0.007,15.34
5.0,0.7,1.5,3.0,0.6,14400,0.8,114,74.6,0.75,0.35,1.02,0.007,15.34
5.0,0.7,1.5,3.0,0.8,14400,0.8,114,74.6,0.75,0.35,1.02,0.007,15.34
5.0,0.7,1.5,4.5,0.4,14400,0.8,114,74.6,0.75,0.35,1.02,0.007,15.34
5.0,0.7,1.5,4.5,0.6,14400,0.8,114,74.6,0.75,0.35,1.02,0.007,15.34
5.0,0.7,1.5,4.5,0.8,14400,0.8,114,74.6,0.75,0.35,1.02,0.007,15.34
5.0,0.7,2.5,3.0,0.4,2400,0.4,113,65.5,0.75,0.54,1.03,0.007,14.24
5.0,0.7,2.5,3.0,0.6,2400,0.4,113,65.5,0.75,0.54,1.03,0.007,14.24
5.0,0.7,2.5,3.0,0.8,2400,0.4,113,65.5,0.75,0.54,1.03,0.007,14.24
5.0,0.7,2.5,4.5,0.4,2400,0.4,113,65.5,0.75,0.54,1.03,0.007,14.24
5.0,0.7,2.5,4.5,0.6,2400,0.4,113,65.5,0.75,0.54,1.03,0.007,14.24
5.0,0.7,2.5,4.5,0.8,2400,0.4,113,65.5,0.75,0.54,1.03,0.007,14.24
5.0,1.5,2.5,3.0,0.8,1200,0.8,342,56.7,2.35,0.81,1.06,0.007,12.54
5.0,1.5,2.5,4.5,0.8,1200,0.8,342,56.7,2.35,0.81,1.06,0.007,12.54
2.0,1.0,2.5,3.0,0.4,3600,0.4,157,65.6,1.01,0.53,1.02,0.006,12.95
2.0,1.0,2.5,3.0,0.6,3600,0.4,157,65.6,1.01,0.53,1.02,0.006,12.95
2.0,1.0,2.5,3.0,0.8,3600,0.4,157,65.6,1.01,0.53,1.02,0.006,12.95
2.0,1.0,2.5,4.5,0.4,3600,0.4,157,65.6,1.01,0.53,1.02,0.006,12.95
2.0,1.0,2.5,4.5,0.6,3600,0.4,157,65.6,1.01,0.53,1.02,0.006,12.95
2.0,1.0,2.5,4.5,0.8,3600,0.4,157,65.6,1.01,0.53,1.02,0.006,12.95
2.0,1.5,2.5,3.0,0.8,3600,0.2,92,69.6,0.56,0.44,1.01,0.006,10.23
2.0,1.5,2.5,4.5,0.8,3600,0.2,92,69.6,0.56,0.44,1.01,0.006,10.23
4.0,0.7,2.5,3.0,0.4,14400,0.8,120,72.5,0.74,0.39,1.02,0.006,15.08
4.0,0.7,2.5,3.0,0.6,14400,0.8,120,72.5,0.74,0.39,1.02,0.006,15.08
4.0,0.7,2.5,3.0,0.8,14400,0.8,120,72.5,0.74,0.39,1.02,0.006,15.08
4.0,0.7,2.5,4.5,0.4,14400,0.8,120,72.5,0.74,0.39,1.02,0.006,15.08
4.0,0.7,2.5,4.5,0.6,14400,0.8,120,72.5,0.74,0.39,1.02,0.006,15.08
4.0,0.7,2.5,4.5,0.8,14400,0.8,120,72.5,0.74,0.39,1.02,0.006,15.08
5.0,0.7,1.5,3.0,0.4,1200,0.8,367,57.2,2.12,0.79,1.06,0.006,11.91
5.0,0.7,1.5,3.0,0.6,1200,0.8,367,57.2,2.12,0.79,1.06,0.006,11.91
5.0,0.7,1.5,3.0,0.8,1200,0.8,367,57.2,2.12,0.79,1.06,0.006,11.91
5.0,0.7,1.5,4.5,0.4,1200,0.8,367,57.2,2.12,0.79,1.06,0.006,11.91
5.0,0.7,1.5,4.5,0.6,1200,0.8,367,57.2,2.12,0.79,1.06,0.006,11.91
5.0,0.7,1.5,4.5,0.8,1200,0.8,367,57.2,2.12,0.79,1.06,0.006,11.91
5.0,0.7,2.5,3.0,0.4,1200,0.8,367,57.2,2.12,0.79,1.06,0.006,11.91
5.0,0.7,2.5,3.0,0.6,1200,0.8,367,57.2,2.12,0.79,1.06,0.006,11.91
5.0,0.7,2.5,3.0,0.8,1200,0.8,367,57.2,2.12,0.79,1.06,0.006,11.91
5.0,0.7,2.5,4.5,0.4,1200,0.8,367,57.2,2.12,0.79,1.06,0.006,11.91
5.0,0.7,2.5,4.5,0.6,1200,0.8,367,57.2,2.12,0.79,1.06,0.006,11.91
5.0,0.7,2.5,4.5,0.8,1200,0.8,367,57.2,2.12,0.79,1.06,0.006,11.91
5.0,1.0,2.5,3.0,0.4,14400,0.4,62,82.3,0.31,0.22,1.01,0.005,15.0
5.0,1.0,2.5,3.0,0.6,14400,0.4,62,82.3,0.31,0.22,1.01,0.005,15.0
5.0,1.0,2.5,3.0,0.8,14400,0.4,62,82.3,0.31,0.22,1.01,0.005,15.0
5.0,1.0,2.5,4.5,0.4,14400,0.4,62,82.3,0.31,0.22,1.01,0.005,15.0
5.0,1.0,2.5,4.5,0.6,14400,0.4,62,82.3,0.31,0.22,1.01,0.005,15.0
5.0,1.0,2.5,4.5,0.8,14400,0.4,62,82.3,0.31,0.22,1.01,0.005,15.0
2.0,1.0,2.5,3.0,0.4,7200,0.8,222,62.2,0.85,0.62,1.01,0.004,12.25
2.0,1.0,2.5,3.0,0.6,7200,0.8,222,62.2,0.85,0.62,1.01,0.004,12.25
2.0,1.0,2.5,3.0,0.8,7200,0.8,222,62.2,0.85,0.62,1.01,0.004,12.25
2.0,1.0,2.5,4.5,0.4,7200,0.8,222,62.2,0.85,0.62,1.01,0.004,12.25
2.0,1.0,2.5,4.5,0.6,7200,0.8,222,62.2,0.85,0.62,1.01,0.004,12.25
2.0,1.0,2.5,4.5,0.8,7200,0.8,222,62.2,0.85,0.62,1.01,0.004,12.25
2.0,1.5,2.5,3.0,0.8,7200,0.8,210,61.9,0.94,0.62,1.02,0.004,11.53
2.0,1.5,2.5,4.5,0.8,7200,0.8,210,61.9,0.94,0.62,1.02,0.004,11.53
3.0,1.5,2.5,3.0,0.6,1200,0.4,222,61.3,0.7,0.64,1.02,0.003,13.44
3.0,1.5,2.5,3.0,0.8,2400,0.4,150,65.3,0.52,0.54,1.01,0.003,12.21
3.0,1.5,2.5,4.5,0.6,1200,0.4,222,61.3,0.7,0.64,1.02,0.003,13.44
3.0,1.5,2.5,4.5,0.8,2400,0.4,150,65.3,0.52,0.54,1.01,0.003,12.21
4.0,1.0,2.5,3.0,0.4,1200,0.4,158,61.4,0.42,0.64,1.01,0.003,13.84
4.0,1.0,2.5,3.0,0.6,1200,0.4,158,61.4,0.42,0.64,1.01,0.003,13.84
4.0,1.0,2.5,3.0,0.8,1200,0.4,158,61.4,0.42,0.64,1.01,0.003,13.84
4.0,1.0,2.5,4.5,0.4,1200,0.4,158,61.4,0.42,0.64,1.01,0.003,13.84
4.0,1.0,2.5,4.5,0.6,1200,0.4,158,61.4,0.42,0.64,1.01,0.003,13.84
4.0,1.0,2.5,4.5,0.8,1200,0.4,158,61.4,0.42,0.64,1.01,0.003,13.84
2.0,1.5,2.5,3.0,0.8,7200,0.2,90,68.9,0.14,0.45,1.0,0.002,11.18
2.0,1.5,2.5,4.5,0.8,7200,0.2,90,68.9,0.14,0.45,1.0,0.002,11.18
3.0,0.7,2.5,3.0,0.4,3600,0.4,165,72.7,0.38,0.38,1.01,0.002,15.26
3.0,0.7,2.5,3.0,0.6,3600,0.4,165,72.7,0.38,0.38,1.01,0.002,15.26
3.0,0.7,2.5,3.0,0.8,3600,0.4,165,72.7,0.38,0.38,1.01,0.002,15.26
3.0,0.7,2.5,4.5,0.4,3600,0.4,165,72.7,0.38,0.38,1.01,0.002,15.26
3.0,0.7,2.5,4.5,0.6,3600,0.4,165,72.7,0.38,0.38,1.01,0.002,15.26
3.0,0.7,2.5,4.5,0.8,3600,0.4,165,72.7,0.38,0.38,1.01,0.002,15.26
3.0,1.0,1.5,3.0,0.4,1200,0.4,227,60.8,0.47,0.65,1.01,0.002,13.68
3.0,1.0,1.5,3.0,0.6,1200,0.4,227,60.8,0.47,0.65,1.01,0.002,13.68
3.0,1.0,1.5,3.0,0.8,1200,0.4,227,60.8,0.47,0.65,1.01,0.002,13.68
3.0,1.0,1.5,4.5,0.4,1200,0.4,227,60.8,0.47,0.65,1.01,0.002,13.68
3.0,1.0,1.5,4.5,0.6,1200,0.4,227,60.8,0.47,0.65,1.01,0.002,13.68
3.0,1.0,1.5,4.5,0.8,1200,0.4,227,60.8,0.47,0.65,1.01,0.002,13.68
3.0,0.7,2.5,3.0,0.4,14400,0.2,101,81.2,0.12,0.23,1.0,0.001,11.67
3.0,0.7,2.5,3.0,0.6,14400,0.2,101,81.2,0.12,0.23,1.0,0.001,11.67
3.0,0.7,2.5,3.0,0.8,14400,0.2,101,81.2,0.12,0.23,1.0,0.001,11.67
3.0,0.7,2.5,4.5,0.4,14400,0.2,101,81.2,0.12,0.23,1.0,0.001,11.67
3.0,0.7,2.5,4.5,0.6,14400,0.2,101,81.2,0.12,0.23,1.0,0.001,11.67
3.0,0.7,2.5,4.5,0.8,14400,0.2,101,81.2,0.12,0.23,1.0,0.001,11.67
4.0,0.7,1.5,3.0,0.4,2400,0.2,102,78.4,0.13,0.28,1.0,0.001,13.35
4.0,0.7,1.5,3.0,0.6,2400,0.2,102,78.4,0.13,0.28,1.0,0.001,13.35
4.0,0.7,1.5,3.0,0.8,2400,0.2,102,78.4,0.13,0.28,1.0,0.001,13.35
4.0,0.7,1.5,4.5,0.4,2400,0.2,102,78.4,0.13,0.28,1.0,0.001,13.35
4.0,0.7,1.5,4.5,0.6,2400,0.2,102,78.4,0.13,0.28,1.0,0.001,13.35
4.0,0.7,1.5,4.5,0.8,2400,0.2,102,78.4,0.13,0.28,1.0,0.001,13.35
4.0,1.0,2.5,3.0,0.4,2400,0.4,129,64.3,0.13,0.56,1.0,0.001,14.78
4.0,1.0,2.5,3.0,0.6,2400,0.4,129,64.3,0.13,0.56,1.0,0.001,14.78
4.0,1.0,2.5,3.0,0.8,2400,0.4,129,64.3,0.13,0.56,1.0,0.001,14.78
4.0,1.0,2.5,4.5,0.4,2400,0.4,129,64.3,0.13,0.56,1.0,0.001,14.78
4.0,1.0,2.5,4.5,0.6,2400,0.4,129,64.3,0.13,0.56,1.0,0.001,14.78
4.0,1.0,2.5,4.5,0.8,2400,0.4,129,64.3,0.13,0.56,1.0,0.001,14.78
2.0,1.0,2.5,3.0,0.4,14400,0.8,154,64.9,-0.05,0.54,1.0,-0.0,15.76
2.0,1.0,2.5,3.0,0.6,14400,0.8,154,64.9,-0.05,0.54,1.0,-0.0,15.76
2.0,1.0,2.5,3.0,0.8,14400,0.8,154,64.9,-0.05,0.54,1.0,-0.0,15.76
2.0,1.0,2.5,4.5,0.4,14400,0.8,154,64.9,-0.05,0.54,1.0,-0.0,15.76
2.0,1.0,2.5,4.5,0.6,14400,0.8,154,64.9,-0.05,0.54,1.0,-0.0,15.76
2.0,1.0,2.5,4.5,0.8,14400,0.8,154,64.9,-0.05,0.54,1.0,-0.0,15.76
5.0,0.7,1.5,3.0,0.4,7200,0.8,167,67.1,0.05,0.49,1.0,0.0,15.29
5.0,0.7,1.5,3.0,0.6,7200,0.8,167,67.1,0.05,0.49,1.0,0.0,15.29
5.0,0.7,1.5,3.0,0.8,7200,0.8,167,67.1,0.05,0.49,1.0,0.0,15.29
5.0,0.7,1.5,4.5,0.4,7200,0.8,167,67.1,0.05,0.49,1.0,0.0,15.29
5.0,0.7,1.5,4.5,0.6,7200,0.8,167,67.1,0.05,0.49,1.0,0.0,15.29
5.0,0.7,1.5,4.5,0.8,7200,0.8,167,67.1,0.05,0.49,1.0,0.0,15.29
5.0,0.7,2.5,3.0,0.4,14400,0.8,114,74.6,0.03,0.34,1.0,0.0,15.34
5.0,0.7,2.5,3.0,0.6,14400,0.8,114,74.6,0.03,0.34,1.0,0.0,15.34
5.0,0.7,2.5,3.0,0.8,14400,0.8,114,74.6,0.03,0.34,1.0,0.0,15.34
5.0,0.7,2.5,4.5,0.4,14400,0.8,114,74.6,0.03,0.34,1.0,0.0,15.34
5.0,0.7,2.5,4.5,0.6,14400,0.8,114,74.6,0.03,0.34,1.0,0.0,15.34
5.0,0.7,2.5,4.5,0.8,14400,0.8,114,74.6,0.03,0.34,1.0,0.0,15.34
2.0,1.5,2.5,3.0,0.8,14400,0.2,89,68.5,-0.08,0.46,1.0,-0.001,11.18
2.0,1.5,2.5,4.5,0.8,14400,0.2,89,68.5,-0.08,0.46,1.0,-0.001,11.18
4.0,1.0,2.5,3.0,0.4,14400,0.4,69,79.7,-0.09,0.25,1.0,-0.001,16.92
4.0,1.0,2.5,3.0,0.6,14400,0.4,69,79.7,-0.09,0.25,1.0,-0.001,16.92
4.0,1.0,2.5,3.0,0.8,14400,0.4,69,79.7,-0.09,0.25,1.0,-0.001,16.92
4.0,1.0,2.5,4.5,0.4,14400,0.4,69,79.7,-0.09,0.25,1.0,-0.001,16.92
4.0,1.0,2.5,4.5,0.6,14400,0.4,69,79.7,-0.09,0.25,1.0,-0.001,16.92
4.0,1.0,2.5,4.5,0.8,14400,0.4,69,79.7,-0.09,0.25,1.0,-0.001,16.92
3.0,0.7,1.5,3.0,0.4,1200,0.4,266,61.7,-0.44,0.62,0.99,-0.002,13.55
3.0,0.7,1.5,3.0,0.6,1200,0.4,266,61.7,-0.44,0.62,0.99,-0.002,13.55
3.0,0.7,1.5,3.0,0.8,1200,0.4,266,61.7,-0.44,0.62,0.99,-0.002,13.55
3.0,0.7,1.5,4.5,0.4,1200,0.4,266,61.7,-0.44,0.62,0.99,-0.002,13.55
3.0,0.7,1.5,4.5,0.6,1200,0.4,266,61.7,-0.44,0.62,0.99,-0.002,13.55
3.0,0.7,1.5,4.5,0.8,1200,0.4,266,61.7,-0.44,0.62,0.99,-0.002,13.55
3.0,1.0,2.5,3.0,0.4,2400,0.4,169,63.3,-0.42,0.57,0.99,-0.002,11.66
3.0,1.0,2.5,3.0,0.6,2400,0.4,169,63.3,-0.42,0.57,0.99,-0.002,11.66
3.0,1.0,2.5,3.0,0.8,2400,0.4,169,63.3,-0.42,0.57,0.99,-0.002,11.66
3.0,1.0,2.5,4.5,0.4,2400,0.4,169,63.3,-0.42,0.57,0.99,-0.002,11.66
3.0,1.0,2.5,4.5,0.6,2400,0.4,169,63.3,-0.42,0.57,0.99,-0.002,11.66
3.0,1.0,2.5,4.5,0.8,2400,0.4,169,63.3,-0.42,0.57,0.99,-0.002,11.66
4.0,1.5,2.5,3.0,0.6,1200,0.4,153,62.1,-0.34,0.6,0.99,-0.002,13.94
4.0,1.5,2.5,4.5,0.6,1200,0.4,153,62.1,-0.34,0.6,0.99,-0.002,13.94
2.0,1.0,1.5,3.0,0.4,7200,0.4,121,66.9,-0.4,0.49,0.99,-0.003,13.9
2.0,1.0,1.5,3.0,0.6,7200,0.4,121,66.9,-0.4,0.49,0.99,-0.003,13.9
2.0,1.0,1.5,3.0,0.8,7200,0.4,121,66.9,-0.4,0.49,0.99,-0.003,13.9
2.0,1.0,1.5,4.5,0.4,7200,0.4,121,66.9,-0.4,0.49,0.99,-0.003,13.9
2.0,1.0,1.5,4.5,0.6,7200,0.4,121,66.9,-0.4,0.49,0.99,-0.003,13.9
2.0,1.0,1.5,4.5,0.8,7200,0.4,121,66.9,-0.4,0.49,0.99,-0.003,13.9
2.0,1.5,2.5,3.0,0.8,1200,0.4,270,58.1,-0.86,0.71,0.98,-0.003,9.97
2.0,1.5,2.5,4.5,0.8,1200,0.4,270,58.1,-0.86,0.71,0.98,-0.003,9.97
3.0,1.5,2.5,3.0,0.4,7200,0.4,96,70.8,-0.25,0.41,1.0,-0.003,12.02
3.0,1.5,2.5,4.5,0.4,7200,0.4,96,70.8,-0.25,0.41,1.0,-0.003,12.02
2.0,1.5,2.5,3.0,0.4,7200,0.4,122,67.2,-0.54,0.48,0.99,-0.004,13.63
2.0,1.5,2.5,3.0,0.4,,0.4,96,66.7,-0.38,0.5,0.99,-0.004,14.16
2.0,1.5,2.5,4.5,0.4,7200,0.4,122,67.2,-0.54,0.48,0.99,-0.004,13.63
2.0,1.5,2.5,4.5,0.4,,0.4,96,66.7,-0.38,0.5,0.99,-0.004,14.16
3.0,0.7,2.5,3.0,0.4,1200,0.4,266,61.7,-1.16,0.6,0.97,-0.004,14.27
3.0,0.7,2.5,3.0,0.6,1200,0.4,266,61.7,-1.16,0.6,0.97,-0.004,14.27
3.0,0.7,2.5,3.0,0.8,1200,0.4,266,61.7,-1.16,0.6,0.97,-0.004,14.27
3.0,0.7,2.5,4.5,0.4,1200,0.4,266,61.7,-1.16,0.6,0.97,-0.004,14.27
3.0,0.7,2.5,4.5,0.6,1200,0.4,266,61.7,-1.16,0.6,0.97,-0.004,14.27
3.0,0.7,2.5,4.5,0.8,1200,0.4,266,61.7,-1.16,0.6,0.97,-0.004,14.27
5.0,0.7,2.5,3.0,0.4,7200,0.8,167,67.1,-0.67,0.48,0.99,-0.004,15.29
5.0,0.7,2.5,3.0,0.6,7200,0.8,167,67.1,-0.67,0.48,0.99,-0.004,15.29
5.0,0.7,2.5,3.0,0.8,7200,0.8,167,67.1,-0.67,0.48,0.99,-0.004,15.29
5.0,0.7,2.5,4.5,0.4,7200,0.8,167,67.1,-0.67,0.48,0.99,-0.004,15.29
5.0,0.7,2.5,4.5,0.6,7200,0.8,167,67.1,-0.67,0.48,0.99,-0.004,15.29
5.0,0.7,2.5,4.5,0.8,7200,0.8,167,67.1,-0.67,0.48,0.99,-0.004,15.29
3.0,0.7,1.5,3.0,0.4,7200,0.4,128,73.4,-0.7,0.36,0.99,-0.005,14.82
3.0,0.7,1.5,3.0,0.6,7200,0.4,128,73.4,-0.7,0.36,0.99,-0.005,14.82
3.0,0.7,1.5,3.0,0.8,7200,0.4,128,73.4,-0.7,0.36,0.99,-0.005,14.82
3.0,0.7,1.5,4.5,0.4,7200,0.4,128,73.4,-0.7,0.36,0.99,-0.005,14.82
3.0,0.7,1.5,4.5,0.6,7200,0.4,128,73.4,-0.7,0.36,0.99,-0.005,14.82
3.0,0.7,1.5,4.5,0.8,7200,0.4,128,73.4,-0.7,0.36,0.99,-0.005,14.82
3.0,1.0,2.5,3.0,0.4,3600,0.4,131,71.8,-0.68,0.39,0.99,-0.005,12.95
3.0,1.0,2.5,3.0,0.6,3600,0.4,131,71.8,-0.68,0.39,0.99,-0.005,12.95
3.0,1.0,2.5,3.0,0.8,3600,0.4,131,71.8,-0.68,0.39,0.99,-0.005,12.95
3.0,1.0,2.5,4.5,0.4,3600,0.4,131,71.8,-0.68,0.39,0.99,-0.005,12.95
3.0,1.0,2.5,4.5,0.6,3600,0.4,131,71.8,-0.68,0.39,0.99,-0.005,12.95
3.0,1.0,2.5,4.5,0.8,3600,0.4,131,71.8,-0.68,0.39,0.99,-0.005,12.95
3.0,1.0,2.5,3.0,0.4,1200,0.4,227,60.8,-1.33,0.63,0.97,-0.006,15.03
3.0,1.0,2.5,3.0,0.6,1200,0.4,227,60.8,-1.33,0.63,0.97,-0.006,15.03
3.0,1.0,2.5,3.0,0.8,1200,0.4,227,60.8,-1.33,0.63,0.97,-0.006,15.03
3.0,1.0,2.5,4.5,0.4,1200,0.4,227,60.8,-1.33,0.63,0.97,-0.006,15.03
3.0,1.0,2.5,4.5,0.6,1200,0.4,227,60.8,-1.33,0.63,0.97,-0.006,15.03
3.0,1.0,2.5,4.5,0.8,1200,0.4,227,60.8,-1.33,0.63,0.97,-0.006,15.03
4.0,0.7,2.5,3.0,0.4,2400,0.2,102,78.4,-0.59,0.27,0.99,-0.006,13.99
4.0,0.7,2.5,3.0,0.6,2400,0.2,102,78.4,-0.59,0.27,0.99,-0.006,13.99
4.0,0.7,2.5,3.0,0.8,2400,0.2,102,78.4,-0.59,0.27,0.99,-0.006,13.99
4.0,0.7,2.5,4.5,0.4,2400,0.2,102,78.4,-0.59,0.27,0.99,-0.006,13.99
4.0,0.7,2.5,4.5,0.6,2400,0.2,102,78.4,-0.59,0.27,0.99,-0.006,13.99
4.0,0.7,2.5,4.5,0.8,2400,0.2,102,78.4,-0.59,0.27,0.99,-0.006,13.99
2.0,0.7,1.5,3.0,0.4,2400,0.2,153,69.9,-1.23,0.42,0.98,-0.008,18.64
2.0,0.7,1.5,3.0,0.6,2400,0.2,153,69.9,-1.23,0.42,0.98,-0.008,18.64
2.0,0.7,1.5,3.0,0.8,2400,0.2,153,69.9,-1.23,0.42,0.98,-0.008,18.64
2.0,0.7,1.5,4.5,0.4,2400,0.2,153,69.9,-1.23,0.42,0.98,-0.008,18.64
2.0,0.7,1.5,4.5,0.6,2400,0.2,153,69.9,-1.23,0.42,0.98,-0.008,18.64
2.0,0.7,1.5,4.5,0.8,2400,0.2,153,69.9,-1.23,0.42,0.98,-0.008,18.64
2.0,1.5,2.5,3.0,0.4,14400,0.4,104,66.3,-0.87,0.5,0.99,-0.008,16.25
2.0,1.5,2.5,4.5,0.4,14400,0.4,104,66.3,-0.87,0.5,0.99,-0.008,16.25
4.0,1.5,2.5,3.0,0.8,2400,0.4,114,66.7,-1.0,0.49,0.97,-0.009,14.67
4.0,1.5,2.5,4.5,0.8,2400,0.4,114,66.7,-1.0,0.49,0.97,-0.009,14.67
2.0,0.7,1.5,3.0,0.4,7200,0.8,253,62.1,-2.9,0.58,0.96,-0.011,14.84
2.0,0.7,1.5,3.0,0.6,7200,0.8,253,62.1,-2.9,0.58,0.96,-0.011,14.84
2.0,0.7,1.5,3.0,0.8,7200,0.8,253,62.1,-2.9,0.58,0.96,-0.011,14.84
2.0,0.7,1.5,4.5,0.4,7200,0.8,253,62.1,-2.9,0.58,0.96,-0.011,14.84
2.0,0.7,1.5,4.5,0.6,7200,0.8,253,62.1,-2.9,0.58,0.96,-0.011,14.84
2.0,0.7,1.5,4.5,0.8,7200,0.8,253,62.1,-2.9,0.58,0.96,-0.011,14.84
3.0,0.7,2.5,3.0,0.4,7200,0.4,128,73.4,-1.42,0.35,0.97,-0.011,15.54
3.0,0.7,2.5,3.0,0.6,7200,0.4,128,73.4,-1.42,0.35,0.97,-0.011,15.54
3.0,0.7,2.5,3.0,0.8,7200,0.4,128,73.4,-1.42,0.35,0.97,-0.011,15.54
3.0,0.7,2.5,4.5,0.4,7200,0.4,128,73.4,-1.42,0.35,0.97,-0.011,15.54
3.0,0.7,2.5,4.5,0.6,7200,0.4,128,73.4,-1.42,0.35,0.97,-0.011,15.54
3.0,0.7,2.5,4.5,0.8,7200,0.4,128,73.4,-1.42,0.35,0.97,-0.011,15.54
3.0,1.0,2.5,3.0,0.4,7200,0.4,99,68.7,-1.09,0.45,0.98,-0.011,13.7
3.0,1.0,2.5,3.0,0.6,7200,0.4,99,68.7,-1.09,0.45,0.98,-0.011,13.7
3.0,1.0,2.5,3.0,0.8,7200,0.4,99,68.7,-1.09,0.45,0.98,-0.011,13.7
3.0,1.0,2.5,4.5,0.4,7200,0.4,99,68.7,-1.09,0.45,0.98,-0.011,13.7
3.0,1.0,2.5,4.5,0.6,7200,0.4,99,68.7,-1.09,0.45,0.98,-0.011,13.7
3.0,1.0,2.5,4.5,0.8,7200,0.4,99,68.7,-1.09,0.45,0.98,-0.011,13.7
5.0,1.5,2.5,3.0,0.8,1200,0.4,93,58.1,-0.99,0.69,0.96,-0.011,12.05
5.0,1.5,2.5,4.5,0.8,1200,0.4,93,58.1,-0.99,0.69,0.96,-0.011,12.05
2.0,1.5,2.5,3.0,0.4,14400,0.2,97,67.0,-1.25,0.48,0.98,-0.013,14.16
2.0,1.5,2.5,4.5,0.4,14400,0.2,97,67.0,-1.25,0.48,0.98,-0.013,14.16
3.0,0.7,1.5,3.0,0.4,14400,0.4,106,81.1,-1.43,0.23,0.97,-0.013,12.52
3.0,0.7,1.5,3.0,0.6,14400,0.4,106,81.1,-1.43,0.23,0.97,-0.013,12.52
3.0,0.7,1.5,3.0,0.8,14400,0.4,106,81.1,-1.43,0.23,0.97,-0.013,12.52
3.0,0.7,1.5,4.5,0.4,14400,0.4,106,81.1,-1.43,0.23,0.97,-0.013,12.52
3.0,0.7,1.5,4.5,0.6,14400,0.4,106,81.1,-1.43,0.23,0.97,-0.013,12.52
3.0,0.7,1.5,4.5,0.8,14400,0.4,106,81.1,-1.43,0.23,0.97,-0.013,12.52
4.0,0.7,1.5,3.0,0.4,3600,0.2,81,85.2,-1.04,0.17,0.98,-0.013,14.74
4.0,0.7,1.5,3.0,0.6,3600,0.2,81,85.2,-1.04,0.17,0.98,-0.013,14.74
4.0,0.7,1.5,3.0,0.8,3600,0.2,81,85.2,-1.04,0.17,0.98,-0.013,14.74
4.0,0.7,1.5,4.5,0.4,3600,0.2,81,85.2,-1.04,0.17,0.98,-0.013,14.74
4.0,0.7,1.5,4.5,0.6,3600,0.2,81,85.2,-1.04,0.17,0.98,-0.013,14.74
4.0,0.7,1.5,4.5,0.8,3600,0.2,81,85.2,-1.04,0.17,0.98,-0.013,14.74
4.0,0.7,1.5,3.0,0.4,7200,0.2,78,85.9,-1.07,0.16,0.98,-0.014,14.74
4.0,0.7,1.5,3.0,0.4,14400,0.2,78,85.9,-1.07,0.16,0.98,-0.014,14.74
4.0,0.7,1.5,3.0,0.4,,0.4,78,85.9,-1.07,0.16,0.98,-0.014,14.74
4.0,0.7,1.5,3.0,0.6,7200,0.2,78,85.9,-1.07,0.16,0.98,-0.014,14.74
4.0,0.7,1.5,3.0,0.6,14400,0.2,78,85.9,-1.07,0.16,0.98,-0.014,14.74
4.0,0.7,1.5,3.0,0.6,,0.4,78,85.9,-1.07,0.16,0.98,-0.014,14.74
4.0,0.7,1.5,3.0,0.8,7200,0.2,78,85.9,-1.07,0.16,0.98,-0.014,14.74
4.0,0.7,1.5,3.0,0.8,14400,0.2,78,85.9,-1.07,0.16,0.98,-0.014,14.74
4.0,0.7,1.5,3.0,0.8,,0.4,78,85.9,-1.07,0.16,0.98,-0.014,14.74
4.0,0.7,1.5,4.5,0.4,7200,0.2,78,85.9,-1.07,0.16,0.98,-0.014,14.74
4.0,0.7,1.5,4.5,0.4,14400,0.2,78,85.9,-1.07,0.16,0.98,-0.014,14.74
4.0,0.7,1.5,4.5,0.4,,0.4,78,85.9,-1.07,0.16,0.98,-0.014,14.74
4.0,0.7,1.5,4.5,0.6,7200,0.2,78,85.9,-1.07,0.16,0.98,-0.014,14.74
4.0,0.7,1.5,4.5,0.6,14400,0.2,78,85.9,-1.07,0.16,0.98,-0.014,14.74
4.0,0.7,1.5,4.5,0.6,,0.4,78,85.9,-1.07,0.16,0.98,-0.014,14.74
4.0,0.7,1.5,4.5,0.8,7200,0.2,78,85.9,-1.07,0.16,0.98,-0.014,14.74
4.0,0.7,1.5,4.5,0.8,14400,0.2,78,85.9,-1.07,0.16,0.98,-0.014,14.74
4.0,0.7,1.5,4.5,0.8,,0.4,78,85.9,-1.07,0.16,0.98,-0.014,14.74
2.0,1.0,2.5,3.0,0.4,3600,0.2,106,69.8,-1.61,0.42,0.97,-0.015,14.89
2.0,1.0,2.5,3.0,0.6,3600,0.2,106,69.8,-1.61,0.42,0.97,-0.015,14.89
2.0,1.0,2.5,3.0,0.8,3600,0.2,106,69.8,-1.61,0.42,0.97,-0.015,14.89
2.0,1.0,2.5,4.5,0.4,3600,0.2,106,69.8,-1.61,0.42,0.97,-0.015,14.89
2.0,1.0,2.5,4.5,0.6,3600,0.2,106,69.8,-1.61,0.42,0.97,-0.015,14.89
2.0,1.0,2.5,4.5,0.8,3600,0.2,106,69.8,-1.61,0.42,0.97,-0.015,14.89
3.0,1.5,2.5,3.0,0.8,1200,0.4,217,60.4,-3.33,0.61,0.93,-0.015,14.62
3.0,1.5,2.5,4.5,0.8,1200,0.4,217,60.4,-3.33,0.61,0.93,-0.015,14.62
3.0,1.0,1.5,3.0,0.4,2400,0.2,96,68.8,-1.56,0.44,0.97,-0.016,15.61
3.0,1.0,1.5,3.0,0.6,2400,0.2,96,68.8,-1.56,0.44,0.97,-0.016,15.61
3.0,1.0,1.5,3.0,0.8,2400,0.2,96,68.8,-1.56,0.44,0.97,-0.016,15.61
3.0,1.0,1.5,4.5,0.4,2400,0.2,96,68.8,-1.56,0.44,0.97,-0.016,15.61
3.0,1.0,1.5,4.5,0.6,2400,0.2,96,68.8,-1.56,0.44,0.97,-0.016,15.61
3.0,1.0,1.5,4.5,0.8,2400,0.2,96,68.8,-1.56,0.44,0.97,-0.016,15.61
2.0,0.7,1.5,3.0,0.4,2400,0.4,221,62.9,-3.66,0.55,0.93,-0.017,17.36
2.0,0.7,1.5,3.0,0.6,2400,0.4,221,62.9,-3.66,0.55,0.93,-0.017,17.36
2.0,0.7,1.5,3.0,0.8,2400,0.4,221,62.9,-3.66,0.55,0.93,-0.017,17.36
2.0,0.7,1.5,4.5,0.4,2400,0.4,221,62.9,-3.66,0.55,0.93,-0.017,17.36
2.0,0.7,1.5,4.5,0.6,2400,0.4,221,62.9,-3.66,0.55,0.93,-0.017,17.36
2.0,0.7,1.5,4.5,0.8,2400,0.4,221,62.9,-3.66,0.55,0.93,-0.017,17.36
2.0,0.7,2.5,3.0,0.4,2400,0.2,153,69.9,-2.67,0.41,0.96,-0.017,20.08
2.0,0.7,2.5,3.0,0.4,7200,0.8,253,62.1,-4.34,0.57,0.93,-0.017,15.56
2.0,0.7,2.5,3.0,0.6,2400,0.2,153,69.9,-2.67,0.41,0.96,-0.017,20.08
2.0,0.7,2.5,3.0,0.6,7200,0.8,253,62.1,-4.34,0.57,0.93,-0.017,15.56
2.0,0.7,2.5,3.0,0.8,2400,0.2,153,69.9,-2.67,0.41,0.96,-0.017,20.08
2.0,0.7,2.5,3.0,0.8,7200,0.8,253,62.1,-4.34,0.57,0.93,-0.017,15.56
2.0,0.7,2.5,4.5,0.4,2400,0.2,153,69.9,-2.67,0.41,0.96,-0.017,20.08
2.0,0.7,2.5,4.5,0.4,7200,0.8,253,62.1,-4.34,0.57,0.93,-0.017,15.56
2.0,0.7,2.5,4.5,0.6,2400,0.2,153,69.9,-2.67,0.41,0.96,-0.017,20.08
2.0,0.7,2.5,4.5,0.6,7200,0.8,253,62.1,-4.34,0.57,0.93,-0.017,15.56
2.0,0.7,2.5,4.5,0.8,2400,0.2,153,69.9,-2.67,0.41,0.96,-0.017,20.08
2.0,0.7,2.5,4.5,0.8,7200,0.8,253,62.1,-4.34,0.57,0.93,-0.017,15.56
2.0,1.0,2.5,3.0,0.4,7200,0.2,104,68.3,-1.84,0.45,0.97,-0.018,14.89
2.0,1.0,2.5,3.0,0.6,7200,0.2,104,68.3,-1.84,0.45,0.97,-0.018,14.89
2.0,1.0,2.5,3.0,0.8,7200,0.2,104,68.3,-1.84,0.45,0.97,-0.018,14.89
2.0,1.0,2.5,4.5,0.4,7200,0.2,104,68.3,-1.84,0.45,0.97,-0.018,14.89
2.0,1.0,2.5,4.5,0.6,7200,0.2,104,68.3,-1.84,0.45,0.97,-0.018,14.89
2.0,1.0,2.5,4.5,0.8,7200,0.2,104,68.3,-1.84,0.45,0.97,-0.018,14.89
2.0,1.5,2.5,3.0,0.8,7200,0.4,116,67.2,-2.14,0.47,0.96,-0.018,13.94
2.0,1.5,2.5,4.5,0.8,7200,0.4,116,67.2,-2.14,0.47,0.96,-0.018,13.94
4.0,0.7,1.5,3.0,0.4,2400,0.4,165,63.6,-3.01,0.53,0.93,-0.018,17.37
4.0,0.7,1.5,3.0,0.6,2400,0.4,165,63.6,-3.01,0.53,0.93,-0.018,17.37
4.0,0.7,1.5,3.0,0.8,2400,0.4,165,63.6,-3.01,0.53,0.93,-0.018,17.37
4.0,0.7,1.5,4.5,0.4,2400,0.4,165,63.6,-3.01,0.53,0.93,-0.018,17.37
4.0,0.7,1.5,4.5,0.6,2400,0.4,165,63.6,-3.01,0.53,0.93,-0.018,17.37
4.0,0.7,1.5,4.5,0.8,2400,0.4,165,63.6,-3.01,0.53,0.93,-0.018,17.37
4.0,1.5,2.5,3.0,0.8,1200,0.4,147,61.2,-2.72,0.58,0.92,-0.019,13.5
4.0,1.5,2.5,4.5,0.8,1200,0.4,147,61.2,-2.72,0.58,0.92,-0.019,13.5
2.0,0.7,2.5,3.0,0.4,2400,0.4,221,62.9,-4.38,0.54,0.92,-0.02,18.08
2.0,0.7,2.5,3.0,0.6,2400,0.4,221,62.9,-4.38,0.54,0.92,-0.02,18.08
2.0,0.7,2.5,3.0,0.8,2400,0.4,221,62.9,-4.38,0.54,0.92,-0.02,18.08
2.0,0.7,2.5,4.5,0.4,2400,0.4,221,62.9,-4.38,0.54,0.92,-0.02,18.08
2.0,0.7,2.5,4.5,0.6,2400,0.4,221,62.9,-4.38,0.54,0.92,-0.02,18.08
2.0,0.7,2.5,4.5,0.8,2400,0.4,221,62.9,-4.38,0.54,0.92,-0.02,18.08
3.0,0.7,2.5,3.0,0.4,14400,0.4,106,81.1,-2.15,0.22,0.96,-0.02,13.24
3.0,0.7,2.5,3.0,0.6,14400,0.4,106,81.1,-2.15,0.22,0.96,-0.02,13.24
3.0,0.7,2.5,3.0,0.8,14400,0.4,106,81.1,-2.15,0.22,0.96,-0.02,13.24
3.0,0.7,2.5,4.5,0.4,14400,0.4,106,81.1,-2.15,0.22,0.96,-0.02,13.24
3.0,0.7,2.5,4.5,0.6,14400,0.4,106,81.1,-2.15,0.22,0.96,-0.02,13.24
3.0,0.7,2.5,4.5,0.8,14400,0.4,106,81.1,-2.15,0.22,0.96,-0.02,13.24
4.0,0.7,2.5,3.0,0.4,3600,0.2,81,85.2,-1.76,0.17,0.96,-0.022,14.74
4.0,0.7,2.5,3.0,0.6,3600,0.2,81,85.2,-1.76,0.17,0.96,-0.022,14.74
4.0,0.7,2.5,3.0,0.8,3600,0.2,81,85.2,-1.76,0.17,0.96,-0.022,14.74
4.0,0.7,2.5,4.5,0.4,3600,0.2,81,85.2,-1.76,0.17,0.96,-0.022,14.74
4.0,0.7,2.5,4.5,0.6,3600,0.2,81,85.2,-1.76,0.17,0.96,-0.022,14.74
4.0,0.7,2.5,4.5,0.8,3600,0.2,81,85.2,-1.76,0.17,0.96,-0.022,14.74
4.0,0.7,2.5,3.0,0.4,2400,0.4,165,63.6,-3.73,0.52,0.91,-0.023,18.09
4.0,0.7,2.5,3.0,0.4,7200,0.2,78,85.9,-1.79,0.16,0.96,-0.023,14.74
4.0,0.7,2.5,3.0,0.4,14400,0.2,78,85.9,-1.79,0.16,0.96,-0.023,14.74
4.0,0.7,2.5,3.0,0.4,,0.4,78,85.9,-1.79,0.16,0.96,-0.023,14.74
4.0,0.7,2.5,3.0,0.6,2400,0.4,165,63.6,-3.73,0.52,0.91,-0.023,18.09
4.0,0.7,2.5,3.0,0.6,7200,0.2,78,85.9,-1.79,0.16,0.96,-0.023,14.74
4.0,0.7,2.5,3.0,0.6,14400,0.2,78,85.9,-1.79,0.16,0.96,-0.023,14.74
4.0,0.7,2.5,3.0,0.6,,0.4,78,85.9,-1.79,0.16,0.96,-0.023,14.74
4.0,0.7,2.5,3.0,0.8,2400,0.4,165,63.6,-3.73,0.52,0.91,-0.023,18.09
4.0,0.7,2.5,3.0,0.8,7200,0.2,78,85.9,-1.79,0.16,0.96,-0.023,14.74
4.0,0.7,2.5,3.0,0.8,14400,0.2,78,85.9,-1.79,0.16,0.96,-0.023,14.74
4.0,0.7,2.5,3.0,0.8,,0.4,78,85.9,-1.79,0.16,0.96,-0.023,14.74
4.0,0.7,2.5,4.5,0.4,2400,0.4,165,63.6,-3.73,0.52,0.91,-0.023,18.09
4.0,0.7,2.5,4.5,0.4,7200,0.2,78,85.9,-1.79,0.16,0.96,-0.023,14.74
4.0,0.7,2.5,4.5,0.4,14400,0.2,78,85.9,-1.79,0.16,0.96,-0.023,14.74
4.0,0.7,2.5,4.5,0.4,,0.4,78,85.9,-1.79,0.16,0.96,-0.023,14.74
4.0,0.7,2.5,4.5,0.6,2400,0.4,165,63.6,-3.73,0.52,0.91,-0.023,18.09
4.0,0.7,2.5,4.5,0.6,7200,0.2,78,85.9,-1.79,0.16,0.96,-0.023,14.74
4.0,0.7,2.5,4.5,0.6,14400,0.2,78,85.9,-1.79,0.16,0.96,-0.023,14.74
4.0,0.7,2.5,4.5,0.6,,0.4,78,85.9,-1.79,0.16,0.96,-0.023,14.74
4.0,0.7,2.5,4.5,0.8,2400,0.4,165,63.6,-3.73,0.52,0.91,-0.023,18.09
4.0,0.7,2.5,4.5,0.8,7200,0.2,78,85.9,-1.79,0.16,0.96,-0.023,14.74
4.0,0.7,2.5,4.5,0.8,14400,0.2,78,85.9,-1.79,0.16,0.96,-0.023,14.74
4.0,0.7,2.5,4.5,0.8,,0.4,78,85.9,-1.79,0.16,0.96,-0.023,14.74
2.0,0.7,1.5,3.0,0.4,14400,0.8,181,66.9,-5.13,0.46,0.92,-0.028,20.24
2.0,0.7,1.5,3.0,0.6,14400,0.8,181,66.9,-5.13,0.46,0.92,-0.028,20.24
2.0,0.7,1.5,3.0,0.8,14400,0.8,181,66.9,-5.13,0.46,0.92,-0.028,20.24
2.0,0.7,1.5,4.5,0.4,14400,0.8,181,66.9,-5.13,0.46,0.92,-0.028,20.24
2.0,0.7,1.5,4.5,0.6,14400,0.8,181,66.9,-5.13,0.46,0.92,-0.028,20.24
2.0,0.7,1.5,4.5,0.8,14400,0.8,181,66.9,-5.13,0.46,0.92,-0.028,20.24
3.0,0.7,1.5,3.0,0.4,2400,0.2,126,74.6,-3.69,0.32,0.93,-0.029,15.92
3.0,0.7,1.5,3.0,0.6,2400,0.2,126,74.6,-3.69,0.32,0.93,-0.029,15.92
3.0,0.7,1.5,3.0,0.8,2400,0.2,126,74.6,-3.69,0.32,0.93,-0.029,15.92
3.0,0.7,1.5,4.5,0.4,2400,0.2,126,74.6,-3.69,0.32,0.93,-0.029,15.92
3.0,0.7,1.5,4.5,0.6,2400,0.2,126,74.6,-3.69,0.32,0.93,-0.029,15.92
3.0,0.7,1.5,4.5,0.8,2400,0.2,126,74.6,-3.69,0.32,0.93,-0.029,15.92
2.0,0.7,2.5,3.0,0.4,14400,0.8,181,66.9,-5.85,0.45,0.91,-0.032,20.96
2.0,0.7,2.5,3.0,0.6,14400,0.8,181,66.9,-5.85,0.45,0.91,-0.032,20.96
2.0,0.7,2.5,3.0,0.8,14400,0.8,181,66.9,-5.85,0.45,0.91,-0.032,20.96
2.0,0.7,2.5,4.5,0.4,14400,0.8,181,66.9,-5.85,0.45,0.91,-0.032,20.96
2.0,0.7,2.5,4.5,0.6,14400,0.8,181,66.9,-5.85,0.45,0.91,-0.032,20.96
2.0,0.7,2.5,4.5,0.8,14400,0.8,181,66.9,-5.85,0.45,0.91,-0.032,20.96
2.0,0.7,1.5,3.0,0.4,3600,0.4,181,66.9,-5.96,0.45,0.9,-0.033,22.97
2.0,0.7,1.5,3.0,0.6,3600,0.4,181,66.9,-5.96,0.45,0.9,-0.033,22.97
2.0,0.7,1.5,3.0,0.8,3600,0.4,181,66.9,-5.96,0.45,0.9,-0.033,22.97
2.0,0.7,1.5,4.5,0.4,3600,0.4,181,66.9,-5.96,0.45,0.9,-0.033,22.97
2.0,0.7,1.5,4.5,0.6,3600,0.4,181,66.9,-5.96,0.45,0.9,-0.033,22.97
2.0,0.7,1.5,4.5,0.8,3600,0.4,181,66.9,-5.96,0.45,0.9,-0.033,22.97
2.0,1.0,2.5,3.0,0.4,7200,0.4,121,66.9,-4.0,0.46,0.94,-0.033,15.89
2.0,1.0,2.5,3.0,0.6,7200,0.4,121,66.9,-4.0,0.46,0.94,-0.033,15.89
2.0,1.0,2.5,3.0,0.8,7200,0.4,121,66.9,-4.0,0.46,0.94,-0.033,15.89
2.0,1.0,2.5,4.5,0.4,7200,0.4,121,66.9,-4.0,0.46,0.94,-0.033,15.89
2.0,1.0,2.5,4.5,0.6,7200,0.4,121,66.9,-4.0,0.46,0.94,-0.033,15.89
2.0,1.0,2.5,4.5,0.8,7200,0.4,121,66.9,-4.0,0.46,0.94,-0.033,15.89
3.0,0.7,2.5,3.0,0.4,2400,0.2,126,74.6,-4.41,0.31,0.92,-0.035,16.64
3.0,0.7,2.5,3.0,0.6,2400,0.2,126,74.6,-4.41,0.31,0.92,-0.035,16.64
3.0,0.7,2.5,3.0,0.8,2400,0.2,126,74.6,-4.41,0.31,0.92,-0.035,16.64
3.0,0.7,2.5,4.5,0.4,2400,0.2,126,74.6,-4.41,0.31,0.92,-0.035,16.64
3.0,0.7,2.5,4.5,0.6,2400,0.2,126,74.6,-4.41,0.31,0.92,-0.035,16.64
3.0,0.7,2.5,4.5,0.8,2400,0.2,126,74.6,-4.41,0.31,0.92,-0.035,16.64
2.0,0.7,1.5,3.0,0.4,,0.4,129,74.4,-4.8,0.32,0.93,-0.037,22.71
2.0,0.7,1.5,3.0,0.6,,0.4,129,74.4,-4.8,0.32,0.93,-0.037,22.71
2.0,0.7,1.5,3.0,0.8,,0.4,129,74.4,-4.8,0.32,0.93,-0.037,22.71
2.0,0.7,1.5,4.5,0.4,,0.4,129,74.4,-4.8,0.32,0.93,-0.037,22.71
2.0,0.7,1.5,4.5,0.6,,0.4,129,74.4,-4.8,0.32,0.93,-0.037,22.71
2.0,0.7,1.5,4.5,0.8,,0.4,129,74.4,-4.8,0.32,0.93,-0.037,22.71
2.0,0.7,2.5,3.0,0.4,3600,0.4,181,66.9,-6.68,0.44,0.89,-0.037,23.69
2.0,0.7,2.5,3.0,0.6,3600,0.4,181,66.9,-6.68,0.44,0.89,-0.037,23.69
2.0,0.7,2.5,3.0,0.8,3600,0.4,181,66.9,-6.68,0.44,0.89,-0.037,23.69
2.0,0.7,2.5,4.5,0.4,3600,0.4,181,66.9,-6.68,0.44,0.89,-0.037,23.69
2.0,0.7,2.5,4.5,0.6,3600,0.4,181,66.9,-6.68,0.44,0.89,-0.037,23.69
2.0,0.7,2.5,4.5,0.8,3600,0.4,181,66.9,-6.68,0.44,0.89,-0.037,23.69
2.0,1.0,1.5,3.0,0.4,14400,0.4,109,66.1,-4.18,0.48,0.94,-0.038,16.07
2.0,1.0,1.5,3.0,0.6,14400,0.4,109,66.1,-4.18,0.48,0.94,-0.038,16.07
2.0,1.0,1.5,3.0,0.8,14400,0.4,109,66.1,-4.18,0.48,0.94,-0.038,16.07
2.0,1.0,1.5,4.5,0.4,14400,0.4,109,66.1,-4.18,0.48,0.94,-0.038,16.07
2.0,1.0,1.5,4.5,0.6,14400,0.4,109,66.1,-4.18,0.48,0.94,-0.038,16.07
2.0,1.0,1.5,4.5,0.8,14400,0.4,109,66.1,-4.18,0.48,0.94,-0.038,16.07
2.0,0.7,1.5,3.0,0.4,7200,0.2,127,74.0,-5.08,0.32,0.92,-0.04,21.14
2.0,0.7,1.5,3.0,0.6,7200,0.2,127,74.0,-5.08,0.32,0.92,-0.04,21.14
2.0,0.7,1.5,3.0,0.8,7200,0.2,127,74.0,-5.08,0.32,0.92,-0.04,21.14
2.0,0.7,1.5,4.5,0.4,7200,0.2,127,74.0,-5.08,0.32,0.92,-0.04,21.14
2.0,0.7,1.5,4.5,0.6,7200,0.2,127,74.0,-5.08,0.32,0.92,-0.04,21.14
2.0,0.7,1.5,4.5,0.8,7200,0.2,127,74.0,-5.08,0.32,0.92,-0.04,21.14
3.0,1.0,2.5,3.0,0.4,2400,0.2,96,68.8,-3.81,0.42,0.93,-0.04,16.96
3.0,1.0,2.5,3.0,0.6,2400,0.2,96,68.8,-3.81,0.42,0.93,-0.04,16.96
3.0,1.0,2.5,3.0,0.8,2400,0.2,96,68.8,-3.81,0.42,0.93,-0.04,16.96
3.0,1.0,2.5,4.5,0.4,2400,0.2,96,68.8,-3.81,0.42,0.93,-0.04,16.96
3.0,1.0,2.5,4.5,0.6,2400,0.2,96,68.8,-3.81,0.42,0.93,-0.04,16.96
3.0,1.0,2.5,4.5,0.8,2400,0.2,96,68.8,-3.81,0.42,0.93,-0.04,16.96
2.0,0.7,1.5,3.0,0.4,3600,0.2,132,72.7,-5.59,0.34,0.91,-0.042,21.85
2.0,0.7,1.5,3.0,0.6,3600,0.2,132,72.7,-5.59,0.34,0.91,-0.042,21.85
2.0,0.7,1.5,3.0,0.8,3600,0.2,132,72.7,-5.59,0.34,0.91,-0.042,21.85
2.0,0.7,1.5,4.5,0.4,3600,0.2,132,72.7,-5.59,0.34,0.91,-0.042,21.85
2.0,0.7,1.5,4.5,0.6,3600,0.2,132,72.7,-5.59,0.34,0.91,-0.042,21.85
2.0,0.7,1.5,4.5,0.8,3600,0.2,132,72.7,-5.59,0.34,0.91,-0.042,21.85
2.0,0.7,2.5,3.0,0.4,,0.4,129,74.4,-5.52,0.32,0.92,-0.043,23.43
2.0,0.7,2.5,3.0,0.6,,0.4,129,74.4,-5.52,0.32,0.92,-0.043,23.43
2.0,0.7,2.5,3.0,0.8,,0.4,129,74.4,-5.52,0.32,0.92,-0.043,23.43
2.0,0.7,2.5,4.5,0.4,,0.4,129,74.4,-5.52,0.32,0.92,-0.043,23.43
2.0,0.7,2.5,4.5,0.6,,0.4,129,74.4,-5.52,0.32,0.92,-0.043,23.43
2.0,0.7,2.5,4.5,0.8,,0.4,129,74.4,-5.52,0.32,0.92,-0.043,23.43
2.0,1.0,1.5,3.0,0.4,14400,0.2,102,66.7,-4.5,0.47,0.93,-0.044,17.85
2.0,1.0,1.5,3.0,0.6,14400,0.2,102,66.7,-4.5,0.47,0.93,-0.044,17.85
2.0,1.0,1.5,3.0,0.8,14400,0.2,102,66.7,-4.5,0.47,0.93,-0.044,17.85
2.0,1.0,1.5,4.5,0.4,14400,0.2,102,66.7,-4.5,0.47,0.93,-0.044,17.85
2.0,1.0,1.5,4.5,0.6,14400,0.2,102,66.7,-4.5,0.47,0.93,-0.044,17.85
2.0,1.0,1.5,4.5,0.8,14400,0.2,102,66.7,-4.5,0.47,0.93,-0.044,17.85
2.0,1.0,1.5,3.0,0.4,,0.4,101,66.3,-4.55,0.47,0.93,-0.045,17.85
2.0,1.0,1.5,3.0,0.6,,0.4,101,66.3,-4.55,0.47,0.93,-0.045,17.85
2.0,1.0,1.5,3.0,0.8,,0.4,101,66.3,-4.55,0.47,0.93,-0.045,17.85
2.0,1.0,1.5,4.5,0.4,,0.4,101,66.3,-4.55,0.47,0.93,-0.045,17.85
2.0,1.0,1.5,4.5,0.6,,0.4,101,66.3,-4.55,0.47,0.93,-0.045,17.85
2.0,1.0,1.5,4.5,0.8,,0.4,101,66.3,-4.55,0.47,0.93,-0.045,17.85
2.0,0.7,1.5,3.0,0.4,14400,0.2,129,74.4,-6.0,0.31,0.91,-0.047,22.71
2.0,0.7,1.5,3.0,0.6,14400,0.2,129,74.4,-6.0,0.31,0.91,-0.047,22.71
2.0,0.7,1.5,3.0,0.8,14400,0.2,129,74.4,-6.0,0.31,0.91,-0.047,22.71
2.0,0.7,1.5,4.5,0.4,14400,0.2,129,74.4,-6.0,0.31,0.91,-0.047,22.71
2.0,0.7,1.5,4.5,0.6,14400,0.2,129,74.4,-6.0,0.31,0.91,-0.047,22.71
2.0,0.7,1.5,4.5,0.8,14400,0.2,129,74.4,-6.0,0.31,0.91,-0.047,22.71
2.0,1.5,2.5,3.0,0.8,14400,0.4,97,66.0,-4.64,0.47,0.92,-0.048,17.1
2.0,1.5,2.5,4.5,0.8,14400,0.4,97,66.0,-4.64,0.47,0.92,-0.048,17.1
3.0,0.7,1.5,3.0,0.4,,0.4,95,81.1,-4.77,0.21,0.91,-0.05,16.56
3.0,0.7,1.5,3.0,0.6,,0.4,95,81.1,-4.77,0.21,0.91,-0.05,16.56
3.0,0.7,1.5,3.0,0.8,,0.4,95,81.1,-4.77,0.21,0.91,-0.05,16.56
3.0,0.7,1.5,4.5,0.4,,0.4,95,81.1,-4.77,0.21,0.91,-0.05,16.56
3.0,0.7,1.5,4.5,0.6,,0.4,95,81.1,-4.77,0.21,0.91,-0.05,16.56
3.0,0.7,1.5,4.5,0.8,,0.4,95,81.1,-4.77,0.21,0.91,-0.05,16.56
2.0,0.7,2.5,3.0,0.4,7200,0.2,127,74.0,-6.52,0.32,0.9,-0.051,22.58
2.0,0.7,2.5,3.0,0.6,7200,0.2,127,74.0,-6.52,0.32,0.9,-0.051,22.58
2.0,0.7,2.5,3.0,0.8,7200,0.2,127,74.0,-6.52,0.32,0.9,-0.051,22.58
2.0,0.7,2.5,4.5,0.4,7200,0.2,127,74.0,-6.52,0.32,0.9,-0.051,22.58
2.0,0.7,2.5,4.5,0.6,7200,0.2,127,74.0,-6.52,0.32,0.9,-0.051,22.58
2.0,0.7,2.5,4.5,0.8,7200,0.2,127,74.0,-6.52,0.32,0.9,-0.051,22.58
4.0,0.7,1.5,3.0,0.4,14400,0.4,81,82.7,-4.15,0.19,0.91,-0.051,14.74
4.0,0.7,1.5,3.0,0.6,14400,0.4,81,82.7,-4.15,0.19,0.91,-0.051,14.74
4.0,0.7,1.5,3.0,0.8,14400,0.4,81,82.7,-4.15,0.19,0.91,-0.051,14.74
4.0,0.7,1.5,4.5,0.4,14400,0.4,81,82.7,-4.15,0.19,0.91,-0.051,14.74
4.0,0.7,1.5,4.5,0.6,14400,0.4,81,82.7,-4.15,0.19,0.91,-0.051,14.74
4.0,0.7,1.5,4.5,0.8,14400,0.4,81,82.7,-4.15,0.19,0.91,-0.051,14.74
2.0,0.7,1.5,3.0,0.4,7200,0.4,155,69.7,-8.1,0.38,0.87,-0.052,22.11
2.0,0.7,1.5,3.0,0.6,7200,0.4,155,69.7,-8.1,0.38,0.87,-0.052,22.11
2.0,0.7,1.5,3.0,0.8,7200,0.4,155,69.7,-8.1,0.38,0.87,-0.052,22.11
2.0,0.7,1.5,4.5,0.4,7200,0.4,155,69.7,-8.1,0.38,0.87,-0.052,22.11
2.0,0.7,1.5,4.5,0.6,7200,0.4,155,69.7,-8.1,0.38,0.87,-0.052,22.11
2.0,0.7,1.5,4.5,0.8,7200,0.4,155,69.7,-8.1,0.38,0.87,-0.052,22.11
2.0,0.7,2.5,3.0,0.4,14400,0.2,129,74.4,-6.72,0.31,0.9,-0.052,23.43
2.0,0.7,2.5,3.0,0.6,14400,0.2,129,74.4,-6.72,0.31,0.9,-0.052,23.43
2.0,0.7,2.5,3.0,0.8,14400,0.2,129,74.4,-6.72,0.31,0.9,-0.052,23.43
2.0,0.7,2.5,4.5,0.4,14400,0.2,129,74.4,-6.72,0.31,0.9,-0.052,23.43
2.0,0.7,2.5,4.5,0.6,14400,0.2,129,74.4,-6.72,0.31,0.9,-0.052,23.43
2.0,0.7,2.5,4.5,0.8,14400,0.2,129,74.4,-6.72,0.31,0.9,-0.052,23.43
2.0,0.7,2.5,3.0,0.4,3600,0.2,132,72.7,-7.03,0.33,0.89,-0.053,23.29
2.0,0.7,2.5,3.0,0.6,3600,0.2,132,72.7,-7.03,0.33,0.89,-0.053,23.29
2.0,0.7,2.5,3.0,0.8,3600,0.2,132,72.7,-7.03,0.33,0.89,-0.053,23.29
2.0,0.7,2.5,4.5,0.4,3600,0.2,132,72.7,-7.03,0.33,0.89,-0.053,23.29
2.0,0.7,2.5,4.5,0.6,3600,0.2,132,72.7,-7.03,0.33,0.89,-0.053,23.29
2.0,0.7,2.5,4.5,0.8,3600,0.2,132,72.7,-7.03,0.33,0.89,-0.053,23.29
2.0,0.7,2.5,3.0,0.4,7200,0.4,155,69.7,-8.82,0.37,0.86,-0.057,22.83
2.0,0.7,2.5,3.0,0.6,7200,0.4,155,69.7,-8.82,0.37,0.86,-0.057,22.83
2.0,0.7,2.5,3.0,0.8,7200,0.4,155,69.7,-8.82,0.37,0.86,-0.057,22.83
2.0,0.7,2.5,4.5,0.4,7200,0.4,155,69.7,-8.82,0.37,0.86,-0.057,22.83
2.0,0.7,2.5,4.5,0.6,7200,0.4,155,69.7,-8.82,0.37,0.86,-0.057,22.83
2.0,0.7,2.5,4.5,0.8,7200,0.4,155,69.7,-8.82,0.37,0.86,-0.057,22.83
3.0,0.7,2.5,3.0,0.4,,0.4,95,81.1,-5.49,0.21,0.9,-0.058,17.28
3.0,0.7,2.5,3.0,0.6,,0.4,95,81.1,-5.49,0.21,0.9,-0.058,17.28
3.0,0.7,2.5,3.0,0.8,,0.4,95,81.1,-5.49,0.21,0.9,-0.058,17.28
3.0,0.7,2.5,4.5,0.4,,0.4,95,81.1,-5.49,0.21,0.9,-0.058,17.28
3.0,0.7,2.5,4.5,0.6,,0.4,95,81.1,-5.49,0.21,0.9,-0.058,17.28
3.0,0.7,2.5,4.5,0.8,,0.4,95,81.1,-5.49,0.21,0.9,-0.058,17.28
4.0,0.7,2.5,3.0,0.4,14400,0.4,81,82.7,-4.87,0.19,0.89,-0.06,15.12
4.0,0.7,2.5,3.0,0.6,14400,0.4,81,82.7,-4.87,0.19,0.89,-0.06,15.12
4.0,0.7,2.5,3.0,0.8,14400,0.4,81,82.7,-4.87,0.19,0.89,-0.06,15.12
4.0,0.7,2.5,4.5,0.4,14400,0.4,81,82.7,-4.87,0.19,0.89,-0.06,15.12
4.0,0.7,2.5,4.5,0.6,14400,0.4,81,82.7,-4.87,0.19,0.89,-0.06,15.12
4.0,0.7,2.5,4.5,0.8,14400,0.4,81,82.7,-4.87,0.19,0.89,-0.06,15.12
2.0,1.0,2.5,3.0,0.4,14400,0.4,109,66.1,-7.33,0.46,0.89,-0.067,17.48
2.0,1.0,2.5,3.0,0.6,14400,0.4,109,66.1,-7.33,0.46,0.89,-0.067,17.48
2.0,1.0,2.5,3.0,0.8,14400,0.4,109,66.1,-7.33,0.46,0.89,-0.067,17.48
2.0,1.0,2.5,4.5,0.4,14400,0.4,109,66.1,-7.33,0.46,0.89,-0.067,17.48
2.0,1.0,2.5,4.5,0.6,14400,0.4,109,66.1,-7.33,0.46,0.89,-0.067,17.48
2.0,1.0,2.5,4.5,0.8,14400,0.4,109,66.1,-7.33,0.46,0.89,-0.067,17.48
5.0,0.7,1.5,3.0,0.4,2400,0.2,83,77.1,-5.69,0.26,0.86,-0.069,16.84
5.0,0.7,1.5,3.0,0.6,2400,0.2,83,77.1,-5.69,0.26,0.86,-0.069,16.84
5.0,0.7,1.5,3.0,0.8,2400,0.2,83,77.1,-5.69,0.26,0.86,-0.069,16.84
5.0,0.7,1.5,4.5,0.4,2400,0.2,83,77.1,-5.69,0.26,0.86,-0.069,16.84
5.0,0.7,1.5,4.5,0.6,2400,0.2,83,77.1,-5.69,0.26,0.86,-0.069,16.84
5.0,0.7,1.5,4.5,0.8,2400,0.2,83,77.1,-5.69,0.26,0.86,-0.069,16.84
5.0,0.7,2.5,3.0,0.4,2400,0.2,83,77.1,-5.69,0.26,0.86,-0.069,16.84
5.0,0.7,2.5,3.0,0.6,2400,0.2,83,77.1,-5.69,0.26,0.86,-0.069,16.84
5.0,0.7,2.5,3.0,0.8,2400,0.2,83,77.1,-5.69,0.26,0.86,-0.069,16.84
5.0,0.7,2.5,4.5,0.4,2400,0.2,83,77.1,-5.69,0.26,0.86,-0.069,16.84
5.0,0.7,2.5,4.5,0.6,2400,0.2,83,77.1,-5.69,0.26,0.86,-0.069,16.84
5.0,0.7,2.5,4.5,0.8,2400,0.2,83,77.1,-5.69,0.26,0.86,-0.069,16.84
2.0,0.7,1.5,3.0,0.4,14400,0.4,136,72.8,-9.62,0.32,0.86,-0.071,25.72
2.0,0.7,1.5,3.0,0.6,14400,0.4,136,72.8,-9.62,0.32,0.86,-0.071,25.72
2.0,0.7,1.5,3.0,0.8,14400,0.4,136,72.8,-9.62,0.32,0.86,-0.071,25.72
2.0,0.7,1.5,4.5,0.4,14400,0.4,136,72.8,-9.62,0.32,0.86,-0.071,25.72
2.0,0.7,1.5,4.5,0.6,14400,0.4,136,72.8,-9.62,0.32,0.86,-0.071,25.72
2.0,0.7,1.5,4.5,0.8,14400,0.4,136,72.8,-9.62,0.32,0.86,-0.071,25.72
5.0,0.7,1.5,3.0,0.4,14400,0.4,70,84.3,-5.19,0.16,0.87,-0.074,15.2
5.0,0.7,1.5,3.0,0.6,14400,0.4,70,84.3,-5.19,0.16,0.87,-0.074,15.2
5.0,0.7,1.5,3.0,0.8,14400,0.4,70,84.3,-5.19,0.16,0.87,-0.074,15.2
5.0,0.7,1.5,4.5,0.4,14400,0.4,70,84.3,-5.19,0.16,0.87,-0.074,15.2
5.0,0.7,1.5,4.5,0.6,14400,0.4,70,84.3,-5.19,0.16,0.87,-0.074,15.2
5.0,0.7,1.5,4.5,0.8,14400,0.4,70,84.3,-5.19,0.16,0.87,-0.074,15.2
2.0,1.0,2.5,3.0,0.4,14400,0.2,102,66.7,-7.65,0.44,0.89,-0.075,20.1
2.0,1.0,2.5,3.0,0.6,14400,0.2,102,66.7,-7.65,0.44,0.89,-0.075,20.1
2.0,1.0,2.5,3.0,0.8,14400,0.2,102,66.7,-7.65,0.44,0.89,-0.075,20.1
2.0,1.0,2.5,4.5,0.4,14400,0.2,102,66.7,-7.65,0.44,0.89,-0.075,20.1
2.0,1.0,2.5,4.5,0.6,14400,0.2,102,66.7,-7.65,0.44,0.89,-0.075,20.1
2.0,1.0,2.5,4.5,0.8,14400,0.2,102,66.7,-7.65,0.44,0.89,-0.075,20.1
2.0,0.7,2.5,3.0,0.4,14400,0.4,136,72.8,-10.34,0.32,0.85,-0.076,26.44
2.0,0.7,2.5,3.0,0.6,14400,0.4,136,72.8,-10.34,0.32,0.85,-0.076,26.44
2.0,0.7,2.5,3.0,0.8,14400,0.4,136,72.8,-10.34,0.32,0.85,-0.076,26.44
2.0,0.7,2.5,4.5,0.4,14400,0.4,136,72.8,-10.34,0.32,0.85,-0.076,26.44
2.0,0.7,2.5,4.5,0.6,14400,0.4,136,72.8,-10.34,0.32,0.85,-0.076,26.44
2.0,0.7,2.5,4.5,0.8,14400,0.4,136,72.8,-10.34,0.32,0.85,-0.076,26.44
2.0,1.0,2.5,3.0,0.4,,0.4,101,66.3,-7.7,0.45,0.89,-0.076,20.1
2.0,1.0,2.5,3.0,0.6,,0.4,101,66.3,-7.7,0.45,0.89,-0.076,20.1
2.0,1.0,2.5,3.0,0.8,,0.4,101,66.3,-7.7,0.45,0.89,-0.076,20.1
2.0,1.0,2.5,4.5,0.4,,0.4,101,66.3,-7.7,0.45,0.89,-0.076,20.1
2.0,1.0,2.5,4.5,0.6,,0.4,101,66.3,-7.7,0.45,0.89,-0.076,20.1
2.0,1.0,2.5,4.5,0.8,,0.4,101,66.3,-7.7,0.45,0.89,-0.076,20.1
5.0,0.7,2.5,3.0,0.4,14400,0.4,70,84.3,-5.91,0.16,0.85,-0.084,15.92
5.0,0.7,2.5,3.0,0.6,14400,0.4,70,84.3,-5.91,0.16,0.85,-0.084,15.92
5.0,0.7,2.5,3.0,0.8,14400,0.4,70,84.3,-5.91,0.16,0.85,-0.084,15.92
5.0,0.7,2.5,4.5,0.4,14400,0.4,70,84.3,-5.91,0.16,0.85,-0.084,15.92
5.0,0.7,2.5,4.5,0.6,14400,0.4,70,84.3,-5.91,0.16,0.85,-0.084,15.92
5.0,0.7,2.5,4.5,0.8,14400,0.4,70,84.3,-5.91,0.16,0.85,-0.084,15.92
5.0,0.7,1.5,3.0,0.4,3600,0.2,65,86.2,-5.95,0.14,0.85,-0.092,16.81
5.0,0.7,1.5,3.0,0.6,3600,0.2,65,86.2,-5.95,0.14,0.85,-0.092,16.81
5.0,0.7,1.5,3.0,0.8,3600,0.2,65,86.2,-5.95,0.14,0.85,-0.092,16.81
5.0,0.7,1.5,4.5,0.4,3600,0.2,65,86.2,-5.95,0.14,0.85,-0.092,16.81
5.0,0.7,1.5,4.5,0.6,3600,0.2,65,86.2,-5.95,0.14,0.85,-0.092,16.81
5.0,0.7,1.5,4.5,0.8,3600,0.2,65,86.2,-5.95,0.14,0.85,-0.092,16.81
5.0,0.7,2.5,3.0,0.4,3600,0.2,65,86.2,-5.95,0.14,0.85,-0.092,16.81
5.0,0.7,2.5,3.0,0.6,3600,0.2,65,86.2,-5.95,0.14,0.85,-0.092,16.81
5.0,0.7,2.5,3.0,0.8,3600,0.2,65,86.2,-5.95,0.14,0.85,-0.092,16.81
5.0,0.7,2.5,4.5,0.4,3600,0.2,65,86.2,-5.95,0.14,0.85,-0.092,16.81
5.0,0.7,2.5,4.5,0.6,3600,0.2,65,86.2,-5.95,0.14,0.85,-0.092,16.81
5.0,0.7,2.5,4.5,0.8,3600,0.2,65,86.2,-5.95,0.14,0.85,-0.092,16.81
5.0,0.7,1.5,3.0,0.4,7200,0.2,62,87.1,-5.98,0.13,0.85,-0.096,16.81
5.0,0.7,1.5,3.0,0.4,14400,0.2,62,87.1,-5.98,0.13,0.85,-0.096,16.81
5.0,0.7,1.5,3.0,0.4,,0.4,62,87.1,-5.98,0.13,0.85,-0.096,16.81
5.0,0.7,1.5,3.0,0.6,7200,0.2,62,87.1,-5.98,0.13,0.85,-0.096,16.81
5.0,0.7,1.5,3.0,0.6,14400,0.2,62,87.1,-5.98,0.13,0.85,-0.096,16.81
5.0,0.7,1.5,3.0,0.6,,0.4,62,87.1,-5.98,0.13,0.85,-0.096,16.81
5.0,0.7,1.5,3.0,0.8,7200,0.2,62,87.1,-5.98,0.13,0.85,-0.096,16.81
5.0,0.7,1.5,3.0,0.8,14400,0.2,62,87.1,-5.98,0.13,0.85,-0.096,16.81
5.0,0.7,1.5,3.0,0.8,,0.4,62,87.1,-5.98,0.13,0.85,-0.096,16.81
5.0,0.7,1.5,4.5,0.4,7200,0.2,62,87.1,-5.98,0.13,0.85,-0.096,16.81
5.0,0.7,1.5,4.5,0.4,14400,0.2,62,87.1,-5.98,0.13,0.85,-0.096,16.81
5.0,0.7,1.5,4.5,0.4,,0.4,62,87.1,-5.98,0.13,0.85,-0.096,16.81
5.0,0.7,1.5,4.5,0.6,7200,0.2,62,87.1,-5.98,0.13,0.85,-0.096,16.81
5.0,0.7,1.5,4.5,0.6,14400,0.2,62,87.1,-5.98,0.13,0.85,-0.096,16.81
5.0,0.7,1.5,4.5,0.6,,0.4,62,87.1,-5.98,0.13,0.85,-0.096,16.81
5.0,0.7,1.5,4.5,0.8,7200,0.2,62,87.1,-5.98,0.13,0.85,-0.096,16.81
5.0,0.7,1.5,4.5,0.8,14400,0.2,62,87.1,-5.98,0.13,0.85,-0.096,16.81
5.0,0.7,1.5,4.5,0.8,,0.4,62,87.1,-5.98,0.13,0.85,-0.096,16.81
5.0,0.7,2.5,3.0,0.4,7200,0.2,62,87.1,-5.98,0.13,0.85,-0.096,16.81
5.0,0.7,2.5,3.0,0.4,14400,0.2,62,87.1,-5.98,0.13,0.85,-0.096,16.81
5.0,0.7,2.5,3.0,0.4,,0.4,62,87.1,-5.98,0.13,0.85,-0.096,16.81
5.0,0.7,2.5,3.0,0.6,7200,0.2,62,87.1,-5.98,0.13,0.85,-0.096,16.81
5.0,0.7,2.5,3.0,0.6,14400,0.2,62,87.1,-5.98,0.13,0.85,-0.096,16.81
5.0,0.7,2.5,3.0,0.6,,0.4,62,87.1,-5.98,0.13,0.85,-0.096,16.81
5.0,0.7,2.5,3.0,0.8,7200,0.2,62,87.1,-5.98,0.13,0.85,-0.096,16.81
5.0,0.7,2.5,3.0,0.8,14400,0.2,62,87.1,-5.98,0.13,0.85,-0.096,16.81
5.0,0.7,2.5,3.0,0.8,,0.4,62,87.1,-5.98,0.13,0.85,-0.096,16.81
5.0,0.7,2.5,4.5,0.4,7200,0.2,62,87.1,-5.98,0.13,0.85,-0.096,16.81
5.0,0.7,2.5,4.5,0.4,14400,0.2,62,87.1,-5.98,0.13,0.85,-0.096,16.81
5.0,0.7,2.5,4.5,0.4,,0.4,62,87.1,-5.98,0.13,0.85,-0.096,16.81
5.0,0.7,2.5,4.5,0.6,7200,0.2,62,87.1,-5.98,0.13,0.85,-0.096,16.81
5.0,0.7,2.5,4.5,0.6,14400,0.2,62,87.1,-5.98,0.13,0.85,-0.096,16.81
5.0,0.7,2.5,4.5,0.6,,0.4,62,87.1,-5.98,0.13,0.85,-0.096,16.81
5.0,0.7,2.5,4.5,0.8,7200,0.2,62,87.1,-5.98,0.13,0.85,-0.096,16.81
5.0,0.7,2.5,4.5,0.8,14400,0.2,62,87.1,-5.98,0.13,0.85,-0.096,16.81
5.0,0.7,2.5,4.5,0.8,,0.4,62,87.1,-5.98,0.13,0.85,-0.096,16.81
