stop_loss_pct,level_1_pct,level_2_pct,level_3_pct,trail_callback,time_stop_seconds,time_stop_no_movement_pct,trades,win_rate,total_pnl_pct,payoff,profit_factor,expectancy_pct,max_dd_pct
5.0,1.5,2.5,4.5,0.4,2400,0.4,179,84.4,56.28,0.27,1.43,0.314,13.94
5.0,1.5,2.5,3.0,0.4,2400,0.4,179,84.4,55.83,0.26,1.43,0.312,13.94
5.0,1.5,2.5,4.5,0.4,7200,0.8,179,84.4,55.69,0.26,1.43,0.311,13.94
5.0,1.5,2.5,4.5,0.4,2400,0.8,192,80.7,59.53,0.35,1.48,0.31,13.94
5.0,1.5,2.5,3.0,0.4,7200,0.8,179,84.4,55.24,0.26,1.42,0.309,13.94
5.0,1.5,2.5,3.0,0.4,2400,0.8,192,80.7,59.08,0.35,1.48,0.308,13.94
5.0,1.5,2.5,3.0,0.4,1200,0.8,214,77.1,64.46,0.47,1.6,0.301,14.03
5.0,1.5,2.5,3.0,0.6,2400,0.4,178,84.3,52.78,0.26,1.4,0.297,14.8
5.0,1.5,2.5,4.5,0.4,1200,0.8,214,77.1,63.56,0.47,1.59,0.297,14.03
5.0,1.5,2.5,4.5,0.6,2400,0.4,178,84.3,52.78,0.26,1.4,0.297,15.25
5.0,1.5,2.5,3.0,0.6,2400,0.8,191,80.6,56.39,0.35,1.46,0.295,14.74
5.0,1.5,2.5,4.5,0.6,2400,0.8,191,80.6,56.39,0.35,1.46,0.295,14.74
5.0,1.5,2.5,3.0,0.6,7200,0.8,178,84.3,52.19,0.26,1.4,0.293,14.8
5.0,1.5,2.5,4.5,0.6,7200,0.8,178,84.3,52.19,0.26,1.4,0.293,15.25
5.0,1.5,2.5,4.5,0.4,3600,0.4,179,84.9,52.18,0.25,1.39,0.292,13.94
5.0,1.5,2.5,3.0,0.6,1200,0.8,213,77.0,61.94,0.47,1.58,0.291,14.43
5.0,1.5,2.5,3.0,0.4,3600,0.4,179,84.9,51.73,0.25,1.38,0.289,13.94
5.0,1.5,2.5,4.5,0.4,2400,0.2,177,84.7,50.77,0.25,1.38,0.287,13.94
5.0,1.5,2.5,4.5,0.4,3600,0.2,177,84.7,50.77,0.25,1.38,0.287,13.94
5.0,1.5,2.5,4.5,0.4,7200,0.2,177,84.7,50.77,0.25,1.38,0.287,13.94
5.0,1.5,2.5,4.5,0.4,7200,0.4,177,84.7,50.77,0.25,1.38,0.287,13.94
5.0,1.5,2.5,4.5,0.4,14400,0.2,177,84.7,50.77,0.25,1.38,0.287,13.94
5.0,1.5,2.5,4.5,0.4,14400,0.4,177,84.7,50.77,0.25,1.38,0.287,13.94
5.0,1.5,2.5,4.5,0.4,14400,0.8,177,84.7,50.77,0.25,1.38,0.287,13.94
5.0,1.5,2.5,4.5,0.4,,0.4,177,84.7,50.77,0.25,1.38,0.287,13.94
5.0,1.5,2.5,4.5,0.4,1200,0.2,178,84.8,50.81,0.25,1.38,0.285,13.94
5.0,1.5,2.5,3.0,0.4,2400,0.2,177,84.7,50.32,0.25,1.37,0.284,13.94
5.0,1.5,2.5,3.0,0.4,3600,0.2,177,84.7,50.32,0.25,1.37,0.284,13.94
5.0,1.5,2.5,3.0,0.4,7200,0.2,177,84.7,50.32,0.25,1.37,0.284,13.94
5.0,1.5,2.5,3.0,0.4,7200,0.4,177,84.7,50.32,0.25,1.37,0.284,13.94
5.0,1.5,2.5,3.0,0.4,14400,0.2,177,84.7,50.32,0.25,1.37,0.284,13.94
5.0,1.5,2.5,3.0,0.4,14400,0.4,177,84.7,50.32,0.25,1.37,0.284,13.94
5.0,1.5,2.5,3.0,0.4,14400,0.8,177,84.7,50.32,0.25,1.37,0.284,13.94
5.0,1.5,2.5,3.0,0.4,,0.4,177,84.7,50.32,0.25,1.37,0.284,13.94
5.0,1.5,2.5,4.5,0.6,1200,0.8,213,77.0,60.59,0.47,1.56,0.284,14.43
5.0,1.5,2.5,3.0,0.4,1200,0.2,178,84.8,50.36,0.25,1.37,0.283,13.94
5.0,1.5,2.5,3.0,0.4,3600,0.8,181,84.0,51.24,0.27,1.39,0.283,13.94
5.0,1.5,2.5,4.5,0.4,3600,0.8,181,84.0,51.24,0.27,1.39,0.283,13.94
5.0,1.5,2.5,4.5,0.4,1200,0.4,179,83.2,49.28,0.28,1.38,0.275,13.94
5.0,1.5,2.5,3.0,0.4,1200,0.4,179,83.2,48.83,0.28,1.37,0.273,13.94
5.0,1.5,2.5,3.0,0.6,3600,0.4,178,84.8,48.68,0.24,1.36,0.273,14.8
5.0,1.5,2.5,4.5,0.6,3600,0.4,178,84.8,48.68,0.24,1.36,0.273,15.25
5.0,1.5,2.5,3.0,0.6,2400,0.2,176,84.7,47.27,0.24,1.35,0.269,14.8
5.0,1.5,2.5,3.0,0.6,3600,0.2,176,84.7,47.27,0.24,1.35,0.269,14.8
5.0,1.5,2.5,3.0,0.6,7200,0.2,176,84.7,47.27,0.24,1.35,0.269,14.8
5.0,1.5,2.5,3.0,0.6,7200,0.4,176,84.7,47.27,0.24,1.35,0.269,14.8
5.0,1.5,2.5,3.0,0.6,14400,0.2,176,84.7,47.27,0.24,1.35,0.269,14.8
5.0,1.5,2.5,3.0,0.6,14400,0.4,176,84.7,47.27,0.24,1.35,0.269,14.8
5.0,1.5,2.5,3.0,0.6,14400,0.8,176,84.7,47.27,0.24,1.35,0.269,14.8
5.0,1.5,2.5,3.0,0.6,,0.4,176,84.7,47.27,0.24,1.35,0.269,14.8
5.0,1.5,2.5,4.5,0.6,2400,0.2,176,84.7,47.27,0.24,1.35,0.269,15.25
5.0,1.5,2.5,4.5,0.6,3600,0.2,176,84.7,47.27,0.24,1.35,0.269,15.25
5.0,1.5,2.5,4.5,0.6,7200,0.2,176,84.7,47.27,0.24,1.35,0.269,15.25
5.0,1.5,2.5,4.5,0.6,7200,0.4,176,84.7,47.27,0.24,1.35,0.269,15.25
5.0,1.5,2.5,4.5,0.6,14400,0.2,176,84.7,47.27,0.24,1.35,0.269,15.25
5.0,1.5,2.5,4.5,0.6,14400,0.4,176,84.7,47.27,0.24,1.35,0.269,15.25
5.0,1.5,2.5,4.5,0.6,14400,0.8,176,84.7,47.27,0.24,1.35,0.269,15.25
5.0,1.5,2.5,4.5,0.6,,0.4,176,84.7,47.27,0.24,1.35,0.269,15.25
5.0,1.5,2.5,3.0,0.6,3600,0.8,180,83.9,48.19,0.26,1.37,0.268,14.8
5.0,1.5,2.5,3.0,0.8,1200,0.8,212,77.4,56.76,0.45,1.53,0.268,14.83
5.0,1.5,2.5,3.0,0.6,1200,0.2,177,84.7,47.31,0.24,1.35,0.267,14.8
5.0,1.5,2.5,4.5,0.6,1200,0.2,177,84.7,47.31,0.24,1.35,0.267,15.25
5.0,1.5,2.5,3.0,0.8,2400,0.8,191,80.6,50.88,0.34,1.41,0.266,15.54
5.0,1.5,2.5,4.5,0.8,2400,0.8,191,80.6,50.88,0.34,1.41,0.266,15.54
5.0,1.5,2.5,4.5,0.6,3600,0.8,180,83.9,47.74,0.26,1.36,0.265,15.25
5.0,1.5,2.5,3.0,0.8,2400,0.4,178,84.3,47.07,0.25,1.36,0.264,15.54
5.0,1.5,2.5,4.5,0.8,2400,0.4,178,84.3,47.07,0.25,1.36,0.264,15.54
5.0,1.5,2.5,3.0,0.8,7200,0.8,178,84.3,46.68,0.25,1.36,0.262,15.54
5.0,1.5,2.5,4.5,0.8,7200,0.8,178,84.3,46.68,0.25,1.36,0.262,15.54
5.0,1.5,2.5,4.5,0.8,1200,0.8,212,77.4,55.41,0.44,1.51,0.261,14.83
5.0,1.5,2.5,3.0,0.6,1200,0.4,178,83.1,45.98,0.27,1.35,0.258,14.8
5.0,1.5,2.5,4.5,0.6,1200,0.4,178,83.1,45.98,0.27,1.35,0.258,15.25
5.0,1.5,2.5,3.0,0.8,3600,0.4,178,84.8,42.97,0.24,1.32,0.241,15.54
5.0,1.5,2.5,4.5,0.8,3600,0.4,178,84.8,42.97,0.24,1.32,0.241,15.54
4.0,1.5,2.5,4.5,0.4,2400,0.2,197,81.2,47.02,0.3,1.32,0.239,17.92
4.0,1.5,2.5,4.5,0.4,3600,0.2,197,81.2,47.02,0.3,1.32,0.239,17.92
4.0,1.5,2.5,4.5,0.4,3600,0.4,199,81.4,47.53,0.3,1.32,0.239,17.92
4.0,1.5,2.5,4.5,0.4,7200,0.2,197,81.2,47.02,0.3,1.32,0.239,17.92
4.0,1.5,2.5,4.5,0.4,7200,0.4,197,81.2,47.02,0.3,1.32,0.239,17.92
4.0,1.5,2.5,4.5,0.4,14400,0.2,197,81.2,47.02,0.3,1.32,0.239,17.92
4.0,1.5,2.5,4.5,0.4,14400,0.4,197,81.2,47.02,0.3,1.32,0.239,17.92
4.0,1.5,2.5,4.5,0.4,14400,0.8,197,81.2,47.02,0.3,1.32,0.239,17.92
4.0,1.5,2.5,4.5,0.4,,0.4,197,81.2,47.02,0.3,1.32,0.239,17.92
4.0,1.5,2.5,4.5,0.4,1200,0.2,198,81.3,47.06,0.3,1.32,0.238,17.92
4.0,1.5,2.5,3.0,0.4,3600,0.4,199,81.4,47.08,0.3,1.32,0.237,17.92
5.0,1.5,2.5,3.0,0.8,3600,0.8,180,83.9,42.68,0.25,1.33,0.237,15.54
4.0,1.5,2.5,3.0,0.4,2400,0.2,197,81.2,46.57,0.3,1.31,0.236,17.92
4.0,1.5,2.5,3.0,0.4,3600,0.2,197,81.2,46.57,0.3,1.31,0.236,17.92
4.0,1.5,2.5,3.0,0.4,7200,0.2,197,81.2,46.57,0.3,1.31,0.236,17.92
4.0,1.5,2.5,3.0,0.4,7200,0.4,197,81.2,46.57,0.3,1.31,0.236,17.92
4.0,1.5,2.5,3.0,0.4,14400,0.2,197,81.2,46.57,0.3,1.31,0.236,17.92
4.0,1.5,2.5,3.0,0.4,14400,0.4,197,81.2,46.57,0.3,1.31,0.236,17.92
4.0,1.5,2.5,3.0,0.4,14400,0.8,197,81.2,46.57,0.3,1.31,0.236,17.92
4.0,1.5,2.5,3.0,0.4,,0.4,197,81.2,46.57,0.3,1.31,0.236,17.92
5.0,1.5,2.5,3.0,0.8,2400,0.2,176,84.7,41.56,0.24,1.31,0.236,15.54
5.0,1.5,2.5,3.0,0.8,3600,0.2,176,84.7,41.56,0.24,1.31,0.236,15.54
5.0,1.5,2.5,3.0,0.8,7200,0.2,176,84.7,41.56,0.24,1.31,0.236,15.54
5.0,1.5,2.5,3.0,0.8,7200,0.4,176,84.7,41.56,0.24,1.31,0.236,15.54
5.0,1.5,2.5,3.0,0.8,14400,0.2,176,84.7,41.56,0.24,1.31,0.236,15.54
5.0,1.5,2.5,3.0,0.8,14400,0.4,176,84.7,41.56,0.24,1.31,0.236,15.54
5.0,1.5,2.5,3.0,0.8,14400,0.8,176,84.7,41.56,0.24,1.31,0.236,15.54
5.0,1.5,2.5,3.0,0.8,,0.4,176,84.7,41.56,0.24,1.31,0.236,15.54
5.0,1.5,2.5,4.5,0.8,2400,0.2,176,84.7,41.56,0.24,1.31,0.236,15.54
5.0,1.5,2.5,4.5,0.8,3600,0.2,176,84.7,41.56,0.24,1.31,0.236,15.54
5.0,1.5,2.5,4.5,0.8,7200,0.2,176,84.7,41.56,0.24,1.31,0.236,15.54
5.0,1.5,2.5,4.5,0.8,7200,0.4,176,84.7,41.56,0.24,1.31,0.236,15.54
5.0,1.5,2.5,4.5,0.8,14400,0.2,176,84.7,41.56,0.24,1.31,0.236,15.54
5.0,1.5,2.5,4.5,0.8,14400,0.4,176,84.7,41.56,0.24,1.31,0.236,15.54
5.0,1.5,2.5,4.5,0.8,14400,0.8,176,84.7,41.56,0.24,1.31,0.236,15.54
5.0,1.5,2.5,4.5,0.8,,0.4,176,84.7,41.56,0.24,1.31,0.236,15.54
4.0,1.5,2.5,3.0,0.4,1200,0.2,198,81.3,46.61,0.3,1.31,0.235,17.92
5.0,1.5,2.5,3.0,0.8,1200,0.2,177,84.7,41.6,0.24,1.31,0.235,15.54
5.0,1.5,2.5,4.5,0.8,1200,0.2,177,84.7,41.6,0.24,1.31,0.235,15.54
5.0,1.5,2.5,4.5,0.8,3600,0.8,180,83.9,42.23,0.25,1.32,0.235,15.54
5.0,1.0,1.5,3.0,0.4,1200,0.8,214,77.1,49.67,0.43,1.46,0.232,14.39
5.0,1.0,1.5,3.0,0.6,1200,0.8,214,77.1,49.67,0.43,1.46,0.232,14.39
5.0,1.0,1.5,3.0,0.8,1200,0.8,214,77.1,49.67,0.43,1.46,0.232,14.39
4.0,1.5,2.5,4.5,0.4,2400,0.4,199,80.4,45.28,0.32,1.3,0.228,17.92
5.0,1.5,2.5,3.0,0.8,1200,0.4,178,83.1,40.47,0.27,1.31,0.227,15.54
5.0,1.5,2.5,4.5,0.8,1200,0.4,178,83.1,40.47,0.27,1.31,0.227,15.54
4.0,1.5,2.5,3.0,0.4,2400,0.4,199,80.4,44.83,0.32,1.3,0.225,17.92
4.0,1.5,2.5,4.5,0.4,7200,0.8,199,80.4,44.69,0.32,1.3,0.225,17.92
4.0,1.5,2.5,3.0,0.4,3600,0.8,201,80.1,44.94,0.33,1.31,0.224,17.92
4.0,1.5,2.5,4.5,0.4,3600,0.8,201,80.1,44.94,0.33,1.31,0.224,17.92
4.0,1.5,2.5,3.0,0.4,1200,0.8,229,73.4,51.09,0.52,1.42,0.223,17.92
4.0,1.5,2.5,3.0,0.4,7200,0.8,199,80.4,44.24,0.32,1.3,0.222,17.92
4.0,1.5,2.5,4.5,0.4,1200,0.8,229,73.4,50.19,0.51,1.42,0.219,17.92
4.0,1.5,2.5,4.5,0.4,2400,0.8,209,76.6,45.6,0.41,1.32,0.218,17.92
4.0,1.5,2.5,3.0,0.4,2400,0.8,209,76.6,45.15,0.4,1.32,0.216,17.92
4.0,1.5,2.5,4.5,0.6,2400,0.2,196,81.1,42.29,0.3,1.29,0.216,18.12
4.0,1.5,2.5,4.5,0.6,3600,0.2,196,81.1,42.29,0.3,1.29,0.216,18.12
4.0,1.5,2.5,4.5,0.6,3600,0.4,198,81.3,42.8,0.3,1.29,0.216,18.12
4.0,1.5,2.5,4.5,0.6,7200,0.2,196,81.1,42.29,0.3,1.29,0.216,18.12
4.0,1.5,2.5,4.5,0.6,7200,0.4,196,81.1,42.29,0.3,1.29,0.216,18.12
4.0,1.5,2.5,4.5,0.6,14400,0.2,196,81.1,42.29,0.3,1.29,0.216,18.12
4.0,1.5,2.5,4.5,0.6,14400,0.4,196,81.1,42.29,0.3,1.29,0.216,18.12
4.0,1.5,2.5,4.5,0.6,14400,0.8,196,81.1,42.29,0.3,1.29,0.216,18.12
4.0,1.5,2.5,4.5,0.6,,0.4,196,81.1,42.29,0.3,1.29,0.216,18.12
4.0,1.5,2.5,4.5,0.6,1200,0.2,197,81.2,42.33,0.3,1.29,0.215,18.12
4.0,1.5,2.5,3.0,0.6,3600,0.4,198,81.3,42.35,0.3,1.29,0.214,18.12
4.0,1.5,2.5,3.0,0.6,1200,0.2,197,81.2,41.88,0.3,1.28,0.213,18.12
4.0,1.5,2.5,3.0,0.6,2400,0.2,196,81.1,41.84,0.3,1.28,0.213,18.12
4.0,1.5,2.5,3.0,0.6,3600,0.2,196,81.1,41.84,0.3,1.28,0.213,18.12
4.0,1.5,2.5,3.0,0.6,7200,0.2,196,81.1,41.84,0.3,1.28,0.213,18.12
4.0,1.5,2.5,3.0,0.6,7200,0.4,196,81.1,41.84,0.3,1.28,0.213,18.12
4.0,1.5,2.5,3.0,0.6,14400,0.2,196,81.1,41.84,0.3,1.28,0.213,18.12
4.0,1.5,2.5,3.0,0.6,14400,0.4,196,81.1,41.84,0.3,1.28,0.213,18.12
4.0,1.5,2.5,3.0,0.6,14400,0.8,196,81.1,41.84,0.3,1.28,0.213,18.12
4.0,1.5,2.5,3.0,0.6,,0.4,196,81.1,41.84,0.3,1.28,0.213,18.12
5.0,1.0,1.5,3.0,0.4,2400,0.8,192,80.7,40.84,0.32,1.33,0.213,14.81
5.0,1.0,1.5,3.0,0.6,2400,0.8,192,80.7,40.84,0.32,1.33,0.213,14.81
5.0,1.0,1.5,3.0,0.8,2400,0.8,192,80.7,40.84,0.32,1.33,0.213,14.81
5.0,1.0,1.5,4.5,0.4,1200,0.8,214,77.1,45.62,0.42,1.42,0.213,14.39
5.0,1.0,1.5,4.5,0.6,1200,0.8,214,77.1,45.62,0.42,1.42,0.213,14.39
5.0,1.0,1.5,4.5,0.8,1200,0.8,214,77.1,45.62,0.42,1.42,0.213,14.39
4.0,1.5,2.5,4.5,0.6,2400,0.4,198,80.3,40.55,0.31,1.27,0.205,18.12
4.0,1.5,2.5,3.0,0.6,2400,0.4,198,80.3,40.1,0.31,1.27,0.203,18.12
4.0,1.5,2.5,3.0,0.6,1200,0.8,228,73.2,46.02,0.5,1.38,0.202,18.12
4.0,1.5,2.5,4.5,0.6,7200,0.8,198,80.3,39.96,0.31,1.27,0.202,18.12
2.0,1.5,2.5,3.0,0.4,1200,0.2,243,68.3,48.67,0.61,1.32,0.2,12.38
2.0,1.5,2.5,4.5,0.4,1200,0.2,243,68.3,48.67,0.61,1.32,0.2,12.38
4.0,1.5,2.5,3.0,0.6,7200,0.8,198,80.3,39.51,0.31,1.27,0.2,18.12
4.0,1.5,2.5,4.5,0.8,3600,0.4,199,81.4,39.71,0.29,1.27,0.2,17.3
4.0,1.5,2.5,3.0,0.6,3600,0.8,200,80.0,39.84,0.32,1.27,0.199,18.12
4.0,1.5,2.5,4.5,0.6,3600,0.8,200,80.0,39.84,0.32,1.27,0.199,18.12
4.0,1.5,2.5,4.5,0.8,2400,0.2,197,81.2,39.2,0.29,1.26,0.199,17.3
4.0,1.5,2.5,4.5,0.8,3600,0.2,197,81.2,39.2,0.29,1.26,0.199,17.3
4.0,1.5,2.5,4.5,0.8,7200,0.2,197,81.2,39.2,0.29,1.26,0.199,17.3
4.0,1.5,2.5,4.5,0.8,7200,0.4,197,81.2,39.2,0.29,1.26,0.199,17.3
4.0,1.5,2.5,4.5,0.8,14400,0.2,197,81.2,39.2,0.29,1.26,0.199,17.3
4.0,1.5,2.5,4.5,0.8,14400,0.4,197,81.2,39.2,0.29,1.26,0.199,17.3
4.0,1.5,2.5,4.5,0.8,14400,0.8,197,81.2,39.2,0.29,1.26,0.199,17.3
4.0,1.5,2.5,4.5,0.8,,0.4,197,81.2,39.2,0.29,1.26,0.199,17.3
4.0,1.5,2.5,4.5,0.6,1200,0.8,228,73.2,45.12,0.5,1.37,0.198,18.12
4.0,1.5,2.5,4.5,0.8,1200,0.2,198,81.3,39.24,0.29,1.27,0.198,17.3
5.0,0.7,1.5,3.0,0.4,2400,0.2,203,89.2,40.21,0.17,1.37,0.198,17.09
5.0,0.7,1.5,3.0,0.4,3600,0.2,203,89.2,40.21,0.17,1.37,0.198,17.09
5.0,0.7,1.5,3.0,0.4,7200,0.2,203,89.2,40.21,0.17,1.37,0.198,17.09
5.0,0.7,1.5,3.0,0.4,7200,0.4,203,89.2,40.21,0.17,1.37,0.198,17.09
5.0,0.7,1.5,3.0,0.4,14400,0.2,203,89.2,40.21,0.17,1.37,0.198,17.09
5.0,0.7,1.5,3.0,0.4,14400,0.4,203,89.2,40.21,0.17,1.37,0.198,17.09
5.0,0.7,1.5,3.0,0.4,14400,0.8,203,89.2,40.21,0.17,1.37,0.198,17.09
5.0,0.7,1.5,3.0,0.4,,0.4,203,89.2,40.21,0.17,1.37,0.198,17.09
5.0,0.7,1.5,3.0,0.6,2400,0.2,203,89.2,40.21,0.17,1.37,0.198,17.09
5.0,0.7,1.5,3.0,0.6,3600,0.2,203,89.2,40.21,0.17,1.37,0.198,17.09
5.0,0.7,1.5,3.0,0.6,7200,0.2,203,89.2,40.21,0.17,1.37,0.198,17.09
5.0,0.7,1.5,3.0,0.6,7200,0.4,203,89.2,40.21,0.17,1.37,0.198,17.09
5.0,0.7,1.5,3.0,0.6,14400,0.2,203,89.2,40.21,0.17,1.37,0.198,17.09
5.0,0.7,1.5,3.0,0.6,14400,0.4,203,89.2,40.21,0.17,1.37,0.198,17.09
5.0,0.7,1.5,3.0,0.6,14400,0.8,203,89.2,40.21,0.17,1.37,0.198,17.09
5.0,0.7,1.5,3.0,0.6,,0.4,203,89.2,40.21,0.17,1.37,0.198,17.09
5.0,0.7,1.5,3.0,0.8,2400,0.2,203,89.2,40.21,0.17,1.37,0.198,17.09
5.0,0.7,1.5,3.0,0.8,3600,0.2,203,89.2,40.21,0.17,1.37,0.198,17.09
5.0,0.7,1.5,3.0,0.8,7200,0.2,203,89.2,40.21,0.17,1.37,0.198,17.09
5.0,0.7,1.5,3.0,0.8,7200,0.4,203,89.2,40.21,0.17,1.37,0.198,17.09
5.0,0.7,1.5,3.0,0.8,14400,0.2,203,89.2,40.21,0.17,1.37,0.198,17.09
5.0,0.7,1.5,3.0,0.8,14400,0.4,203,89.2,40.21,0.17,1.37,0.198,17.09
5.0,0.7,1.5,3.0,0.8,14400,0.8,203,89.2,40.21,0.17,1.37,0.198,17.09
5.0,0.7,1.5,3.0,0.8,,0.4,203,89.2,40.21,0.17,1.37,0.198,17.09
4.0,1.5,2.5,3.0,0.8,2400,0.2,197,81.2,38.75,0.29,1.26,0.197,17.3
4.0,1.5,2.5,3.0,0.8,3600,0.2,197,81.2,38.75,0.29,1.26,0.197,17.3
4.0,1.5,2.5,3.0,0.8,3600,0.4,199,81.4,39.26,0.29,1.27,0.197,17.3
4.0,1.5,2.5,3.0,0.8,7200,0.2,197,81.2,38.75,0.29,1.26,0.197,17.3
4.0,1.5,2.5,3.0,0.8,7200,0.4,197,81.2,38.75,0.29,1.26,0.197,17.3
4.0,1.5,2.5,3.0,0.8,14400,0.2,197,81.2,38.75,0.29,1.26,0.197,17.3
4.0,1.5,2.5,3.0,0.8,14400,0.4,197,81.2,38.75,0.29,1.26,0.197,17.3
4.0,1.5,2.5,3.0,0.8,14400,0.8,197,81.2,38.75,0.29,1.26,0.197,17.3
4.0,1.5,2.5,3.0,0.8,,0.4,197,81.2,38.75,0.29,1.26,0.197,17.3
5.0,0.7,1.5,3.0,0.4,1200,0.2,204,89.2,40.25,0.17,1.37,0.197,17.09
5.0,0.7,1.5,3.0,0.6,1200,0.2,204,89.2,40.25,0.17,1.37,0.197,17.09
5.0,0.7,1.5,3.0,0.8,1200,0.2,204,89.2,40.25,0.17,1.37,0.197,17.09
5.0,1.0,1.5,3.0,0.4,2400,0.4,179,84.4,35.21,0.24,1.27,0.197,15.6
5.0,1.0,1.5,3.0,0.6,2400,0.4,179,84.4,35.21,0.24,1.27,0.197,15.6
5.0,1.0,1.5,3.0,0.8,2400,0.4,179,84.4,35.21,0.24,1.27,0.197,15.6
4.0,1.5,2.5,3.0,0.8,1200,0.2,198,81.3,38.79,0.29,1.26,0.196,17.3
5.0,0.7,1.5,3.0,0.4,3600,0.4,205,89.3,40.0,0.16,1.36,0.195,17.09
5.0,0.7,1.5,3.0,0.6,3600,0.4,205,89.3,40.0,0.16,1.36,0.195,17.09
5.0,0.7,1.5,3.0,0.8,3600,0.4,205,89.3,40.0,0.16,1.36,0.195,17.09
5.0,1.0,1.5,3.0,0.4,7200,0.8,179,84.4,34.93,0.24,1.27,0.195,15.6
5.0,1.0,1.5,3.0,0.6,7200,0.8,179,84.4,34.93,0.24,1.27,0.195,15.6
5.0,1.0,1.5,3.0,0.8,7200,0.8,179,84.4,34.93,0.24,1.27,0.195,15.6
2.0,1.5,2.5,3.0,0.4,2400,0.2,242,67.8,47.0,0.62,1.3,0.194,12.38
2.0,1.5,2.5,3.0,0.4,3600,0.2,242,67.8,47.0,0.62,1.3,0.194,12.38
2.0,1.5,2.5,3.0,0.4,7200,0.2,242,67.8,47.0,0.62,1.3,0.194,12.38
2.0,1.5,2.5,3.0,0.4,7200,0.4,242,67.8,47.0,0.62,1.3,0.194,12.38
2.0,1.5,2.5,3.0,0.4,14400,0.2,242,67.8,47.0,0.62,1.3,0.194,12.38
2.0,1.5,2.5,3.0,0.4,14400,0.4,242,67.8,47.0,0.62,1.3,0.194,12.38
2.0,1.5,2.5,3.0,0.4,,0.4,242,67.8,47.0,0.62,1.3,0.194,12.38
2.0,1.5,2.5,4.5,0.4,2400,0.2,242,67.8,47.0,0.62,1.3,0.194,12.38
2.0,1.5,2.5,4.5,0.4,3600,0.2,242,67.8,47.0,0.62,1.3,0.194,12.38
2.0,1.5,2.5,4.5,0.4,7200,0.2,242,67.8,47.0,0.62,1.3,0.194,12.38
2.0,1.5,2.5,4.5,0.4,7200,0.4,242,67.8,47.0,0.62,1.3,0.194,12.38
2.0,1.5,2.5,4.5,0.4,14400,0.2,242,67.8,47.0,0.62,1.3,0.194,12.38
2.0,1.5,2.5,4.5,0.4,14400,0.4,242,67.8,47.0,0.62,1.3,0.194,12.38
2.0,1.5,2.5,4.5,0.4,,0.4,242,67.8,47.0,0.62,1.3,0.194,12.38
4.0,1.5,2.5,4.5,0.6,2400,0.8,208,76.4,40.44,0.4,1.29,0.194,18.12
2.0,1.5,2.5,3.0,0.4,3600,0.4,243,67.9,46.86,0.61,1.3,0.193,12.38
2.0,1.5,2.5,4.5,0.4,3600,0.4,243,67.9,46.86,0.61,1.3,0.193,12.38
2.0,1.5,2.5,3.0,0.4,14400,0.8,243,67.5,46.59,0.63,1.3,0.192,12.38
2.0,1.5,2.5,4.5,0.4,14400,0.8,243,67.5,46.59,0.63,1.3,0.192,12.38
4.0,1.5,2.5,3.0,0.6,2400,0.8,208,76.4,39.99,0.4,1.28,0.192,18.12
4.0,1.5,2.5,4.5,0.4,1200,0.4,199,79.4,38.28,0.33,1.26,0.192,17.92
4.0,1.5,2.5,3.0,0.4,1200,0.4,199,79.4,37.83,0.33,1.25,0.19,17.92
5.0,0.7,1.5,3.0,0.4,7200,0.8,206,88.3,39.08,0.18,1.35,0.19,17.73
5.0,0.7,1.5,3.0,0.6,7200,0.8,206,88.3,39.08,0.18,1.35,0.19,17.73
5.0,0.7,1.5,3.0,0.8,7200,0.8,206,88.3,39.08,0.18,1.35,0.19,17.73
2.0,1.5,2.5,3.0,0.4,2400,0.4,244,67.2,45.96,0.63,1.29,0.188,12.38
2.0,1.5,2.5,4.5,0.4,2400,0.4,244,67.2,45.96,0.63,1.29,0.188,12.38
4.0,1.5,2.5,4.5,0.8,2400,0.4,199,80.4,37.46,0.31,1.25,0.188,17.3
5.0,0.7,1.5,3.0,0.4,2400,0.4,205,88.3,38.47,0.18,1.35,0.188,17.09
5.0,0.7,1.5,3.0,0.6,2400,0.4,205,88.3,38.47,0.18,1.35,0.188,17.09
5.0,0.7,1.5,3.0,0.8,2400,0.4,205,88.3,38.47,0.18,1.35,0.188,17.09
4.0,1.5,2.5,3.0,0.8,1200,0.8,229,73.4,42.84,0.49,1.35,0.187,17.3
4.0,1.5,2.5,3.0,0.8,2400,0.4,199,80.4,37.01,0.3,1.25,0.186,17.3
4.0,1.5,2.5,4.5,0.8,7200,0.8,199,80.4,37.07,0.3,1.25,0.186,17.3
5.0,1.0,1.5,4.5,0.4,2400,0.8,192,80.7,35.44,0.31,1.29,0.185,14.81
5.0,1.0,1.5,4.5,0.6,2400,0.8,192,80.7,35.44,0.31,1.29,0.185,14.81
5.0,1.0,1.5,4.5,0.8,2400,0.8,192,80.7,35.44,0.31,1.29,0.185,14.81
2.0,1.5,2.5,3.0,0.4,7200,0.8,245,66.9,45.19,0.64,1.29,0.184,12.38
2.0,1.5,2.5,4.5,0.4,7200,0.8,245,66.9,45.19,0.64,1.29,0.184,12.38
4.0,1.5,2.5,3.0,0.8,3600,0.8,201,80.1,36.95,0.31,1.25,0.184,17.3
4.0,1.5,2.5,3.0,0.8,7200,0.8,199,80.4,36.62,0.3,1.25,0.184,17.3
4.0,1.5,2.5,4.5,0.8,3600,0.8,201,80.1,36.95,0.31,1.25,0.184,17.3
4.0,1.5,2.5,4.5,0.8,1200,0.8,229,73.4,41.94,0.49,1.35,0.183,17.3
2.0,1.5,2.5,3.0,0.6,1200,0.2,242,68.2,43.47,0.6,1.28,0.18,12.98
2.0,1.5,2.5,4.5,0.6,1200,0.2,242,68.2,43.47,0.6,1.28,0.18,12.98
4.0,1.5,2.5,4.5,0.8,2400,0.8,209,76.6,37.55,0.39,1.27,0.18,17.3
5.0,0.7,1.5,3.0,0.4,3600,0.8,207,87.9,37.34,0.18,1.34,0.18,17.51
5.0,0.7,1.5,3.0,0.6,3600,0.8,207,87.9,37.34,0.18,1.34,0.18,17.51
5.0,0.7,1.5,3.0,0.8,3600,0.8,207,87.9,37.34,0.18,1.34,0.18,17.51
4.0,1.5,2.5,3.0,0.8,2400,0.8,209,76.6,37.1,0.39,1.26,0.178,17.3
5.0,1.0,1.5,3.0,0.4,2400,0.2,177,84.7,31.5,0.22,1.23,0.178,17.75
5.0,1.0,1.5,3.0,0.4,3600,0.2,177,84.7,31.5,0.22,1.23,0.178,17.75
5.0,1.0,1.5,3.0,0.4,7200,0.2,177,84.7,31.5,0.22,1.23,0.178,17.75
5.0,1.0,1.5,3.0,0.4,7200,0.4,177,84.7,31.5,0.22,1.23,0.178,17.75
5.0,1.0,1.5,3.0,0.4,14400,0.2,177,84.7,31.5,0.22,1.23,0.178,17.75
5.0,1.0,1.5,3.0,0.4,14400,0.4,177,84.7,31.5,0.22,1.23,0.178,17.75
5.0,1.0,1.5,3.0,0.4,14400,0.8,177,84.7,31.5,0.22,1.23,0.178,17.75
5.0,1.0,1.5,3.0,0.4,,0.4,177,84.7,31.5,0.22,1.23,0.178,17.75
5.0,1.0,1.5,3.0,0.6,2400,0.2,177,84.7,31.5,0.22,1.23,0.178,17.75
5.0,1.0,1.5,3.0,0.6,3600,0.2,177,84.7,31.5,0.22,1.23,0.178,17.75
5.0,1.0,1.5,3.0,0.6,7200,0.2,177,84.7,31.5,0.22,1.23,0.178,17.75
5.0,1.0,1.5,3.0,0.6,7200,0.4,177,84.7,31.5,0.22,1.23,0.178,17.75
5.0,1.0,1.5,3.0,0.6,14400,0.2,177,84.7,31.5,0.22,1.23,0.178,17.75
5.0,1.0,1.5,3.0,0.6,14400,0.4,177,84.7,31.5,0.22,1.23,0.178,17.75
5.0,1.0,1.5,3.0,0.6,14400,0.8,177,84.7,31.5,0.22,1.23,0.178,17.75
5.0,1.0,1.5,3.0,0.6,,0.4,177,84.7,31.5,0.22,1.23,0.178,17.75
5.0,1.0,1.5,3.0,0.8,2400,0.2,177,84.7,31.5,0.22,1.23,0.178,17.75
5.0,1.0,1.5,3.0,0.8,3600,0.2,177,84.7,31.5,0.22,1.23,0.178,17.75
5.0,1.0,1.5,3.0,0.8,7200,0.2,177,84.7,31.5,0.22,1.23,0.178,17.75
5.0,1.0,1.5,3.0,0.8,7200,0.4,177,84.7,31.5,0.22,1.23,0.178,17.75
5.0,1.0,1.5,3.0,0.8,14400,0.2,177,84.7,31.5,0.22,1.23,0.178,17.75
5.0,1.0,1.5,3.0,0.8,14400,0.4,177,84.7,31.5,0.22,1.23,0.178,17.75
5.0,1.0,1.5,3.0,0.8,14400,0.8,177,84.7,31.5,0.22,1.23,0.178,17.75
5.0,1.0,1.5,3.0,0.8,,0.4,177,84.7,31.5,0.22,1.23,0.178,17.75
5.0,1.0,1.5,3.0,0.4,1200,0.2,178,84.8,31.54,0.22,1.23,0.177,17.75
5.0,1.0,1.5,3.0,0.6,1200,0.2,178,84.8,31.54,0.22,1.23,0.177,17.75
5.0,1.0,1.5,3.0,0.8,1200,0.2,178,84.8,31.54,0.22,1.23,0.177,17.75
5.0,1.0,1.5,3.0,0.4,3600,0.4,179,84.9,31.56,0.22,1.23,0.176,17.75
5.0,1.0,1.5,3.0,0.6,3600,0.4,179,84.9,31.56,0.22,1.23,0.176,17.75
5.0,1.0,1.5,3.0,0.8,3600,0.4,179,84.9,31.56,0.22,1.23,0.176,17.75
2.0,1.5,2.5,3.0,0.6,2400,0.2,241,67.6,41.6,0.61,1.27,0.173,12.98
2.0,1.5,2.5,3.0,0.6,3600,0.2,241,67.6,41.6,0.61,1.27,0.173,12.98
2.0,1.5,2.5,3.0,0.6,7200,0.2,241,67.6,41.6,0.61,1.27,0.173,12.98
2.0,1.5,2.5,3.0,0.6,7200,0.4,241,67.6,41.6,0.61,1.27,0.173,12.98
2.0,1.5,2.5,3.0,0.6,14400,0.2,241,67.6,41.6,0.61,1.27,0.173,12.98
2.0,1.5,2.5,3.0,0.6,14400,0.4,241,67.6,41.6,0.61,1.27,0.173,12.98
2.0,1.5,2.5,3.0,0.6,,0.4,241,67.6,41.6,0.61,1.27,0.173,12.98
2.0,1.5,2.5,4.5,0.6,2400,0.2,241,67.6,41.6,0.61,1.27,0.173,12.98
2.0,1.5,2.5,4.5,0.6,3600,0.2,241,67.6,41.6,0.61,1.27,0.173,12.98
2.0,1.5,2.5,4.5,0.6,7200,0.2,241,67.6,41.6,0.61,1.27,0.173,12.98
2.0,1.5,2.5,4.5,0.6,7200,0.4,241,67.6,41.6,0.61,1.27,0.173,12.98
2.0,1.5,2.5,4.5,0.6,14400,0.2,241,67.6,41.6,0.61,1.27,0.173,12.98
2.0,1.5,2.5,4.5,0.6,14400,0.4,241,67.6,41.6,0.61,1.27,0.173,12.98
2.0,1.5,2.5,4.5,0.6,,0.4,241,67.6,41.6,0.61,1.27,0.173,12.98
5.0,1.0,1.5,3.0,0.4,3600,0.8,181,84.0,31.38,0.24,1.24,0.173,15.6
5.0,1.0,1.5,3.0,0.6,3600,0.8,181,84.0,31.38,0.24,1.24,0.173,15.6
5.0,1.0,1.5,3.0,0.8,3600,0.8,181,84.0,31.38,0.24,1.24,0.173,15.6
2.0,1.5,2.5,3.0,0.6,3600,0.4,242,67.8,41.66,0.6,1.27,0.172,12.98
2.0,1.5,2.5,4.5,0.6,3600,0.4,242,67.8,41.66,0.6,1.27,0.172,12.98
5.0,0.7,1.5,4.5,0.4,1200,0.2,204,89.2,34.85,0.16,1.32,0.171,17.65
5.0,0.7,1.5,4.5,0.4,2400,0.2,203,89.2,34.81,0.16,1.32,0.171,17.65
5.0,0.7,1.5,4.5,0.4,3600,0.2,203,89.2,34.81,0.16,1.32,0.171,17.65
5.0,0.7,1.5,4.5,0.4,7200,0.2,203,89.2,34.81,0.16,1.32,0.171,17.65
5.0,0.7,1.5,4.5,0.4,7200,0.4,203,89.2,34.81,0.16,1.32,0.171,17.65
5.0,0.7,1.5,4.5,0.4,14400,0.2,203,89.2,34.81,0.16,1.32,0.171,17.65
5.0,0.7,1.5,4.5,0.4,14400,0.4,203,89.2,34.81,0.16,1.32,0.171,17.65
5.0,0.7,1.5,4.5,0.4,14400,0.8,203,89.2,34.81,0.16,1.32,0.171,17.65
5.0,0.7,1.5,4.5,0.4,,0.4,203,89.2,34.81,0.16,1.32,0.171,17.65
5.0,0.7,1.5,4.5,0.6,1200,0.2,204,89.2,34.85,0.16,1.32,0.171,17.65
5.0,0.7,1.5,4.5,0.6,2400,0.2,203,89.2,34.81,0.16,1.32,0.171,17.65
5.0,0.7,1.5,4.5,0.6,3600,0.2,203,89.2,34.81,0.16,1.32,0.171,17.65
5.0,0.7,1.5,4.5,0.6,7200,0.2,203,89.2,34.81,0.16,1.32,0.171,17.65
5.0,0.7,1.5,4.5,0.6,7200,0.4,203,89.2,34.81,0.16,1.32,0.171,17.65
5.0,0.7,1.5,4.5,0.6,14400,0.2,203,89.2,34.81,0.16,1.32,0.171,17.65
5.0,0.7,1.5,4.5,0.6,14400,0.4,203,89.2,34.81,0.16,1.32,0.171,17.65
5.0,0.7,1.5,4.5,0.6,14400,0.8,203,89.2,34.81,0.16,1.32,0.171,17.65
5.0,0.7,1.5,4.5,0.6,,0.4,203,89.2,34.81,0.16,1.32,0.171,17.65
5.0,0.7,1.5,4.5,0.8,1200,0.2,204,89.2,34.85,0.16,1.32,0.171,17.65
5.0,0.7,1.5,4.5,0.8,2400,0.2,203,89.2,34.81,0.16,1.32,0.171,17.65
5.0,0.7,1.5,4.5,0.8,3600,0.2,203,89.2,34.81,0.16,1.32,0.171,17.65
5.0,0.7,1.5,4.5,0.8,7200,0.2,203,89.2,34.81,0.16,1.32,0.171,17.65
5.0,0.7,1.5,4.5,0.8,7200,0.4,203,89.2,34.81,0.16,1.32,0.171,17.65
5.0,0.7,1.5,4.5,0.8,14400,0.2,203,89.2,34.81,0.16,1.32,0.171,17.65
5.0,0.7,1.5,4.5,0.8,14400,0.4,203,89.2,34.81,0.16,1.32,0.171,17.65
5.0,0.7,1.5,4.5,0.8,14400,0.8,203,89.2,34.81,0.16,1.32,0.171,17.65
5.0,0.7,1.5,4.5,0.8,,0.4,203,89.2,34.81,0.16,1.32,0.171,17.65
2.0,1.5,2.5,3.0,0.6,14400,0.8,242,67.4,41.19,0.61,1.26,0.17,12.98
2.0,1.5,2.5,4.5,0.6,14400,0.8,242,67.4,41.19,0.61,1.26,0.17,12.98
4.0,1.5,2.5,4.5,0.6,1200,0.4,198,79.3,33.75,0.32,1.23,0.17,18.12
5.0,0.7,1.5,3.0,0.4,1200,0.4,206,86.9,34.77,0.2,1.31,0.169,17.09
5.0,0.7,1.5,3.0,0.6,1200,0.4,206,86.9,34.77,0.2,1.31,0.169,17.09
5.0,0.7,1.5,3.0,0.8,1200,0.4,206,86.9,34.77,0.2,1.31,0.169,17.09
5.0,0.7,1.5,4.5,0.4,3600,0.4,205,89.3,34.6,0.16,1.31,0.169,17.65
5.0,0.7,1.5,4.5,0.6,3600,0.4,205,89.3,34.6,0.16,1.31,0.169,17.65
5.0,0.7,1.5,4.5,0.8,3600,0.4,205,89.3,34.6,0.16,1.31,0.169,17.65
2.0,1.5,2.5,3.0,0.6,2400,0.4,243,67.1,40.76,0.62,1.26,0.168,12.98
2.0,1.5,2.5,4.5,0.6,2400,0.4,243,67.1,40.76,0.62,1.26,0.168,12.98
4.0,1.5,2.5,3.0,0.6,1200,0.4,198,79.3,33.3,0.32,1.22,0.168,18.12
4.0,1.0,1.5,3.0,0.4,1200,0.8,229,73.4,38.3,0.48,1.32,0.167,17.75
4.0,1.0,1.5,3.0,0.6,1200,0.8,229,73.4,38.3,0.48,1.32,0.167,17.75
4.0,1.0,1.5,3.0,0.8,1200,0.8,229,73.4,38.3,0.48,1.32,0.167,17.75
5.0,1.0,1.5,3.0,0.4,1200,0.4,179,83.2,29.83,0.25,1.23,0.167,15.6
5.0,1.0,1.5,3.0,0.6,1200,0.4,179,83.2,29.83,0.25,1.23,0.167,15.6
5.0,1.0,1.5,3.0,0.8,1200,0.4,179,83.2,29.83,0.25,1.23,0.167,15.6
5.0,1.0,1.5,4.5,0.4,2400,0.4,179,84.4,29.81,0.23,1.23,0.167,16.95
5.0,1.0,1.5,4.5,0.6,2400,0.4,179,84.4,29.81,0.23,1.23,0.167,16.95
5.0,1.0,1.5,4.5,0.8,2400,0.4,179,84.4,29.81,0.23,1.23,0.167,16.95
5.0,1.0,1.5,4.5,0.4,7200,0.8,179,84.4,29.53,0.23,1.23,0.165,16.95
5.0,1.0,1.5,4.5,0.6,7200,0.8,179,84.4,29.53,0.23,1.23,0.165,16.95
5.0,1.0,1.5,4.5,0.8,7200,0.8,179,84.4,29.53,0.23,1.23,0.165,16.95
2.0,1.5,2.5,3.0,0.6,7200,0.8,244,66.8,39.99,0.62,1.26,0.164,12.98
2.0,1.5,2.5,4.5,0.6,7200,0.8,244,66.8,39.99,0.62,1.26,0.164,12.98
5.0,0.7,1.5,4.5,0.4,7200,0.8,206,88.3,33.68,0.17,1.3,0.163,18.29
5.0,0.7,1.5,4.5,0.6,7200,0.8,206,88.3,33.68,0.17,1.3,0.163,18.29
5.0,0.7,1.5,4.5,0.8,7200,0.8,206,88.3,33.68,0.17,1.3,0.163,18.29
5.0,0.7,1.5,4.5,0.4,2400,0.4,205,88.3,33.07,0.17,1.3,0.161,17.65
5.0,0.7,1.5,4.5,0.6,2400,0.4,205,88.3,33.07,0.17,1.3,0.161,17.65
5.0,0.7,1.5,4.5,0.8,2400,0.4,205,88.3,33.07,0.17,1.3,0.161,17.65
2.0,1.5,2.5,3.0,0.4,1200,0.4,247,66.0,39.56,0.65,1.26,0.16,12.38
2.0,1.5,2.5,4.5,0.4,1200,0.4,247,66.0,39.56,0.65,1.26,0.16,12.38
5.0,1.0,2.5,3.0,0.4,1200,0.8,214,77.1,33.92,0.39,1.32,0.159,15.55
5.0,1.0,2.5,3.0,0.6,1200,0.8,214,77.1,33.92,0.39,1.32,0.159,15.55
5.0,1.0,2.5,3.0,0.8,1200,0.8,214,77.1,33.92,0.39,1.32,0.159,15.55
2.0,1.5,2.5,3.0,0.4,3600,0.8,248,66.5,39.19,0.63,1.25,0.158,12.38
2.0,1.5,2.5,4.5,0.4,3600,0.8,248,66.5,38.74,0.63,1.25,0.156,12.38
5.0,1.0,2.5,4.5,0.4,1200,0.8,214,77.1,33.47,0.39,1.31,0.156,15.98
5.0,1.0,2.5,4.5,0.6,1200,0.8,214,77.1,33.47,0.39,1.31,0.156,15.98
5.0,1.0,2.5,4.5,0.8,1200,0.8,214,77.1,33.47,0.39,1.31,0.156,15.98
2.0,1.5,2.5,3.0,0.8,1200,0.2,242,68.2,37.5,0.58,1.24,0.155,13.58
2.0,1.5,2.5,4.5,0.8,1200,0.2,242,68.2,37.5,0.58,1.24,0.155,13.58
4.0,0.7,1.5,3.0,0.4,3600,0.8,224,84.8,34.69,0.23,1.29,0.155,16.76
4.0,0.7,1.5,3.0,0.6,3600,0.8,224,84.8,34.69,0.23,1.29,0.155,16.76
4.0,0.7,1.5,3.0,0.8,3600,0.8,224,84.8,34.69,0.23,1.29,0.155,16.76
4.0,1.5,2.5,4.5,0.8,1200,0.4,199,79.4,30.86,0.31,1.21,0.155,17.3
4.0,0.7,1.5,3.0,0.4,1200,0.2,222,86.0,34.08,0.21,1.27,0.154,16.76
4.0,0.7,1.5,3.0,0.4,2400,0.2,221,86.0,34.04,0.21,1.27,0.154,16.76
4.0,0.7,1.5,3.0,0.4,3600,0.2,221,86.0,34.04,0.21,1.27,0.154,16.76
4.0,0.7,1.5,3.0,0.4,7200,0.2,221,86.0,34.04,0.21,1.27,0.154,16.76
4.0,0.7,1.5,3.0,0.4,7200,0.4,221,86.0,34.04,0.21,1.27,0.154,16.76
4.0,0.7,1.5,3.0,0.4,14400,0.2,221,86.0,34.04,0.21,1.27,0.154,16.76
4.0,0.7,1.5,3.0,0.4,14400,0.4,221,86.0,34.04,0.21,1.27,0.154,16.76
4.0,0.7,1.5,3.0,0.4,14400,0.8,221,86.0,34.04,0.21,1.27,0.154,16.76
4.0,0.7,1.5,3.0,0.4,,0.4,221,86.0,34.04,0.21,1.27,0.154,16.76
4.0,0.7,1.5,3.0,0.6,1200,0.2,222,86.0,34.08,0.21,1.27,0.154,16.76
4.0,0.7,1.5,3.0,0.6,2400,0.2,221,86.0,34.04,0.21,1.27,0.154,16.76
4.0,0.7,1.5,3.0,0.6,3600,0.2,221,86.0,34.04,0.21,1.27,0.154,16.76
4.0,0.7,1.5,3.0,0.6,7200,0.2,221,86.0,34.04,0.21,1.27,0.154,16.76
4.0,0.7,1.5,3.0,0.6,7200,0.4,221,86.0,34.04,0.21,1.27,0.154,16.76
4.0,0.7,1.5,3.0,0.6,14400,0.2,221,86.0,34.04,0.21,1.27,0.154,16.76
4.0,0.7,1.5,3.0,0.6,14400,0.4,221,86.0,34.04,0.21,1.27,0.154,16.76
4.0,0.7,1.5,3.0,0.6,14400,0.8,221,86.0,34.04,0.21,1.27,0.154,16.76
4.0,0.7,1.5,3.0,0.6,,0.4,221,86.0,34.04,0.21,1.27,0.154,16.76
4.0,0.7,1.5,3.0,0.8,1200,0.2,222,86.0,34.08,0.21,1.27,0.154,16.76
4.0,0.7,1.5,3.0,0.8,2400,0.2,221,86.0,34.04,0.21,1.27,0.154,16.76
4.0,0.7,1.5,3.0,0.8,3600,0.2,221,86.0,34.04,0.21,1.27,0.154,16.76
4.0,0.7,1.5,3.0,0.8,7200,0.2,221,86.0,34.04,0.21,1.27,0.154,16.76
4.0,0.7,1.5,3.0,0.8,7200,0.4,221,86.0,34.04,0.21,1.27,0.154,16.76
4.0,0.7,1.5,3.0,0.8,14400,0.2,221,86.0,34.04,0.21,1.27,0.154,16.76
4.0,0.7,1.5,3.0,0.8,14400,0.4,221,86.0,34.04,0.21,1.27,0.154,16.76
4.0,0.7,1.5,3.0,0.8,14400,0.8,221,86.0,34.04,0.21,1.27,0.154,16.76
4.0,0.7,1.5,3.0,0.8,,0.4,221,86.0,34.04,0.21,1.27,0.154,16.76
5.0,0.7,1.5,4.5,0.4,3600,0.8,207,87.9,31.94,0.18,1.29,0.154,18.07
5.0,0.7,1.5,4.5,0.6,3600,0.8,207,87.9,31.94,0.18,1.29,0.154,18.07
5.0,0.7,1.5,4.5,0.8,3600,0.8,207,87.9,31.94,0.18,1.29,0.154,18.07
4.0,0.7,1.5,3.0,0.4,3600,0.4,222,86.0,33.92,0.21,1.27,0.153,16.76
4.0,0.7,1.5,3.0,0.6,3600,0.4,222,86.0,33.92,0.21,1.27,0.153,16.76
4.0,0.7,1.5,3.0,0.8,3600,0.4,222,86.0,33.92,0.21,1.27,0.153,16.76
4.0,1.5,2.5,3.0,0.8,1200,0.4,199,79.4,30.41,0.31,1.2,0.153,17.3
4.0,1.0,1.5,3.0,0.4,3600,0.4,199,81.4,30.26,0.28,1.2,0.152,17.75
4.0,1.0,1.5,3.0,0.6,3600,0.4,199,81.4,30.26,0.28,1.2,0.152,17.75
4.0,1.0,1.5,3.0,0.8,3600,0.4,199,81.4,30.26,0.28,1.2,0.152,17.75
4.0,1.0,1.5,3.0,0.4,2400,0.2,197,81.2,29.75,0.28,1.2,0.151,17.75
4.0,1.0,1.5,3.0,0.4,3600,0.2,197,81.2,29.75,0.28,1.2,0.151,17.75
4.0,1.0,1.5,3.0,0.4,7200,0.2,197,81.2,29.75,0.28,1.2,0.151,17.75
4.0,1.0,1.5,3.0,0.4,7200,0.4,197,81.2,29.75,0.28,1.2,0.151,17.75
4.0,1.0,1.5,3.0,0.4,14400,0.2,197,81.2,29.75,0.28,1.2,0.151,17.75
4.0,1.0,1.5,3.0,0.4,14400,0.4,197,81.2,29.75,0.28,1.2,0.151,17.75
4.0,1.0,1.5,3.0,0.4,14400,0.8,197,81.2,29.75,0.28,1.2,0.151,17.75
4.0,1.0,1.5,3.0,0.4,,0.4,197,81.2,29.75,0.28,1.2,0.151,17.75
4.0,1.0,1.5,3.0,0.6,2400,0.2,197,81.2,29.75,0.28,1.2,0.151,17.75
4.0,1.0,1.5,3.0,0.6,3600,0.2,197,81.2,29.75,0.28,1.2,0.151,17.75
4.0,1.0,1.5,3.0,0.6,7200,0.2,197,81.2,29.75,0.28,1.2,0.151,17.75
4.0,1.0,1.5,3.0,0.6,7200,0.4,197,81.2,29.75,0.28,1.2,0.151,17.75
4.0,1.0,1.5,3.0,0.6,14400,0.2,197,81.2,29.75,0.28,1.2,0.151,17.75
4.0,1.0,1.5,3.0,0.6,14400,0.4,197,81.2,29.75,0.28,1.2,0.151,17.75
4.0,1.0,1.5,3.0,0.6,14400,0.8,197,81.2,29.75,0.28,1.2,0.151,17.75
4.0,1.0,1.5,3.0,0.6,,0.4,197,81.2,29.75,0.28,1.2,0.151,17.75
4.0,1.0,1.5,3.0,0.8,2400,0.2,197,81.2,29.75,0.28,1.2,0.151,17.75
4.0,1.0,1.5,3.0,0.8,3600,0.2,197,81.2,29.75,0.28,1.2,0.151,17.75
4.0,1.0,1.5,3.0,0.8,7200,0.2,197,81.2,29.75,0.28,1.2,0.151,17.75
4.0,1.0,1.5,3.0,0.8,7200,0.4,197,81.2,29.75,0.28,1.2,0.151,17.75
4.0,1.0,1.5,3.0,0.8,14400,0.2,197,81.2,29.75,0.28,1.2,0.151,17.75
4.0,1.0,1.5,3.0,0.8,14400,0.4,197,81.2,29.75,0.28,1.2,0.151,17.75
4.0,1.0,1.5,3.0,0.8,14400,0.8,197,81.2,29.75,0.28,1.2,0.151,17.75
4.0,1.0,1.5,3.0,0.8,,0.4,197,81.2,29.75,0.28,1.2,0.151,17.75
5.0,0.7,1.5,3.0,0.4,1200,0.8,230,79.1,34.81,0.35,1.34,0.151,15.61
5.0,0.7,1.5,3.0,0.6,1200,0.8,230,79.1,34.81,0.35,1.34,0.151,15.61
5.0,0.7,1.5,3.0,0.8,1200,0.8,230,79.1,34.81,0.35,1.34,0.151,15.61
4.0,1.0,1.5,3.0,0.4,1200,0.2,198,81.3,29.79,0.28,1.2,0.15,17.75
4.0,1.0,1.5,3.0,0.6,1200,0.2,198,81.3,29.79,0.28,1.2,0.15,17.75
4.0,1.0,1.5,3.0,0.8,1200,0.2,198,81.3,29.79,0.28,1.2,0.15,17.75
4.0,1.0,1.5,4.5,0.4,1200,0.8,229,73.4,34.25,0.47,1.28,0.15,17.75
4.0,1.0,1.5,4.5,0.6,1200,0.8,229,73.4,34.25,0.47,1.28,0.15,17.75
4.0,1.0,1.5,4.5,0.8,1200,0.8,229,73.4,34.25,0.47,1.28,0.15,17.75
4.0,0.7,1.5,3.0,0.4,7200,0.8,223,85.2,33.0,0.22,1.26,0.148,16.76
4.0,0.7,1.5,3.0,0.6,7200,0.8,223,85.2,33.0,0.22,1.26,0.148,16.76
4.0,0.7,1.5,3.0,0.8,7200,0.8,223,85.2,33.0,0.22,1.26,0.148,16.76
2.0,1.5,2.5,3.0,0.8,2400,0.2,241,67.6,35.43,0.59,1.23,0.147,13.58
2.0,1.5,2.5,3.0,0.8,3600,0.2,241,67.6,35.43,0.59,1.23,0.147,13.58
2.0,1.5,2.5,3.0,0.8,3600,0.4,242,67.8,35.69,0.58,1.23,0.147,13.58
2.0,1.5,2.5,3.0,0.8,7200,0.2,241,67.6,35.43,0.59,1.23,0.147,13.58
2.0,1.5,2.5,3.0,0.8,7200,0.4,241,67.6,35.43,0.59,1.23,0.147,13.58
2.0,1.5,2.5,3.0,0.8,14400,0.2,241,67.6,35.43,0.59,1.23,0.147,13.58
2.0,1.5,2.5,3.0,0.8,14400,0.4,241,67.6,35.43,0.59,1.23,0.147,13.58
2.0,1.5,2.5,3.0,0.8,,0.4,241,67.6,35.43,0.59,1.23,0.147,13.58
2.0,1.5,2.5,4.5,0.8,2400,0.2,241,67.6,35.43,0.59,1.23,0.147,13.58
2.0,1.5,2.5,4.5,0.8,3600,0.2,241,67.6,35.43,0.59,1.23,0.147,13.58
2.0,1.5,2.5,4.5,0.8,3600,0.4,242,67.8,35.69,0.58,1.23,0.147,13.58
2.0,1.5,2.5,4.5,0.8,7200,0.2,241,67.6,35.43,0.59,1.23,0.147,13.58
2.0,1.5,2.5,4.5,0.8,7200,0.4,241,67.6,35.43,0.59,1.23,0.147,13.58
2.0,1.5,2.5,4.5,0.8,14400,0.2,241,67.6,35.43,0.59,1.23,0.147,13.58
2.0,1.5,2.5,4.5,0.8,14400,0.4,241,67.6,35.43,0.59,1.23,0.147,13.58
2.0,1.5,2.5,4.5,0.8,,0.4,241,67.6,35.43,0.59,1.23,0.147,13.58
5.0,1.0,1.5,4.5,0.4,1200,0.2,178,84.8,26.14,0.21,1.19,0.147,17.75
5.0,1.0,1.5,4.5,0.4,2400,0.2,177,84.7,26.1,0.21,1.19,0.147,17.75
5.0,1.0,1.5,4.5,0.4,3600,0.2,177,84.7,26.1,0.21,1.19,0.147,17.75
5.0,1.0,1.5,4.5,0.4,7200,0.2,177,84.7,26.1,0.21,1.19,0.147,17.75
5.0,1.0,1.5,4.5,0.4,7200,0.4,177,84.7,26.1,0.21,1.19,0.147,17.75
5.0,1.0,1.5,4.5,0.4,14400,0.2,177,84.7,26.1,0.21,1.19,0.147,17.75
5.0,1.0,1.5,4.5,0.4,14400,0.4,177,84.7,26.1,0.21,1.19,0.147,17.75
5.0,1.0,1.5,4.5,0.4,14400,0.8,177,84.7,26.1,0.21,1.19,0.147,17.75
5.0,1.0,1.5,4.5,0.4,,0.4,177,84.7,26.1,0.21,1.19,0.147,17.75
5.0,1.0,1.5,4.5,0.6,1200,0.2,178,84.8,26.14,0.21,1.19,0.147,17.75
5.0,1.0,1.5,4.5,0.6,2400,0.2,177,84.7,26.1,0.21,1.19,0.147,17.75
5.0,1.0,1.5,4.5,0.6,3600,0.2,177,84.7,26.1,0.21,1.19,0.147,17.75
5.0,1.0,1.5,4.5,0.6,7200,0.2,177,84.7,26.1,0.21,1.19,0.147,17.75
5.0,1.0,1.5,4.5,0.6,7200,0.4,177,84.7,26.1,0.21,1.19,0.147,17.75
5.0,1.0,1.5,4.5,0.6,14400,0.2,177,84.7,26.1,0.21,1.19,0.147,17.75
5.0,1.0,1.5,4.5,0.6,14400,0.4,177,84.7,26.1,0.21,1.19,0.147,17.75
5.0,1.0,1.5,4.5,0.6,14400,0.8,177,84.7,26.1,0.21,1.19,0.147,17.75
5.0,1.0,1.5,4.5,0.6,,0.4,177,84.7,26.1,0.21,1.19,0.147,17.75
5.0,1.0,1.5,4.5,0.8,1200,0.2,178,84.8,26.14,0.21,1.19,0.147,17.75
5.0,1.0,1.5,4.5,0.8,2400,0.2,177,84.7,26.1,0.21,1.19,0.147,17.75
5.0,1.0,1.5,4.5,0.8,3600,0.2,177,84.7,26.1,0.21,1.19,0.147,17.75
5.0,1.0,1.5,4.5,0.8,7200,0.2,177,84.7,26.1,0.21,1.19,0.147,17.75
5.0,1.0,1.5,4.5,0.8,7200,0.4,177,84.7,26.1,0.21,1.19,0.147,17.75
5.0,1.0,1.5,4.5,0.8,14400,0.2,177,84.7,26.1,0.21,1.19,0.147,17.75
5.0,1.0,1.5,4.5,0.8,14400,0.4,177,84.7,26.1,0.21,1.19,0.147,17.75
5.0,1.0,1.5,4.5,0.8,14400,0.8,177,84.7,26.1,0.21,1.19,0.147,17.75
5.0,1.0,1.5,4.5,0.8,,0.4,177,84.7,26.1,0.21,1.19,0.147,17.75
4.0,0.7,1.5,3.0,0.4,2400,0.4,222,85.1,32.39,0.22,1.26,0.146,16.76
4.0,0.7,1.5,3.0,0.6,2400,0.4,222,85.1,32.39,0.22,1.26,0.146,16.76
4.0,0.7,1.5,3.0,0.8,2400,0.4,222,85.1,32.39,0.22,1.26,0.146,16.76
5.0,1.0,1.5,4.5,0.4,3600,0.4,179,84.9,26.16,0.21,1.19,0.146,17.75
5.0,1.0,1.5,4.5,0.6,3600,0.4,179,84.9,26.16,0.21,1.19,0.146,17.75
5.0,1.0,1.5,4.5,0.8,3600,0.4,179,84.9,26.16,0.21,1.19,0.146,17.75
2.0,1.5,2.5,3.0,0.8,14400,0.8,242,67.4,35.02,0.59,1.22,0.145,13.58
2.0,1.5,2.5,4.5,0.8,14400,0.8,242,67.4,35.02,0.59,1.22,0.145,13.58
5.0,1.0,1.5,4.5,0.4,3600,0.8,181,84.0,25.98,0.23,1.2,0.144,16.95
5.0,1.0,1.5,4.5,0.6,3600,0.8,181,84.0,25.98,0.23,1.2,0.144,16.95
5.0,1.0,1.5,4.5,0.8,3600,0.8,181,84.0,25.98,0.23,1.2,0.144,16.95
2.0,1.5,2.5,3.0,0.8,2400,0.4,243,67.1,34.79,0.6,1.22,0.143,13.58
2.0,1.5,2.5,4.5,0.8,2400,0.4,243,67.1,34.79,0.6,1.22,0.143,13.58
4.0,1.0,1.5,3.0,0.4,2400,0.8,209,76.6,29.8,0.37,1.21,0.143,17.75
4.0,1.0,1.5,3.0,0.6,2400,0.8,209,76.6,29.8,0.37,1.21,0.143,17.75
4.0,1.0,1.5,3.0,0.8,2400,0.8,209,76.6,29.8,0.37,1.21,0.143,17.75
5.0,0.7,1.5,4.5,0.4,1200,0.4,206,86.9,29.37,0.19,1.27,0.143,18.43
5.0,0.7,1.5,4.5,0.6,1200,0.4,206,86.9,29.37,0.19,1.27,0.143,18.43
5.0,0.7,1.5,4.5,0.8,1200,0.4,206,86.9,29.37,0.19,1.27,0.143,18.43
2.0,1.5,2.5,3.0,0.4,2400,0.8,251,63.3,35.64,0.71,1.23,0.142,12.38
5.0,1.0,2.5,3.0,0.4,2400,0.8,192,80.7,27.34,0.29,1.22,0.142,17.11
5.0,1.0,2.5,3.0,0.6,2400,0.8,192,80.7,27.34,0.29,1.22,0.142,17.11
5.0,1.0,2.5,3.0,0.8,2400,0.8,192,80.7,27.34,0.29,1.22,0.142,17.11
2.0,1.5,2.5,3.0,0.6,1200,0.4,246,65.9,34.69,0.63,1.22,0.141,12.98
2.0,1.5,2.5,3.0,0.6,3600,0.8,247,66.4,34.8,0.62,1.22,0.141,12.98
2.0,1.5,2.5,4.5,0.6,1200,0.4,246,65.9,34.69,0.63,1.22,0.141,12.98
4.0,1.0,1.5,3.0,0.4,2400,0.4,199,80.4,28.01,0.29,1.19,0.141,17.75
4.0,1.0,1.5,3.0,0.6,2400,0.4,199,80.4,28.01,0.29,1.19,0.141,17.75
4.0,1.0,1.5,3.0,0.8,2400,0.4,199,80.4,28.01,0.29,1.19,0.141,17.75
5.0,0.7,1.5,3.0,0.4,2400,0.8,213,83.1,29.97,0.26,1.26,0.141,18.97
5.0,0.7,1.5,3.0,0.6,2400,0.8,213,83.1,29.97,0.26,1.26,0.141,18.97
5.0,0.7,1.5,3.0,0.8,2400,0.8,213,83.1,29.97,0.26,1.26,0.141,18.97
2.0,1.5,2.5,3.0,0.8,7200,0.8,244,66.8,34.22,0.61,1.22,0.14,13.58
2.0,1.5,2.5,4.5,0.8,7200,0.8,244,66.8,34.22,0.61,1.22,0.14,13.58
2.0,1.5,2.5,4.5,0.6,3600,0.8,247,66.4,34.35,0.62,1.22,0.139,12.98
4.0,1.0,1.5,3.0,0.4,7200,0.8,199,80.4,27.73,0.29,1.19,0.139,17.75
4.0,1.0,1.5,3.0,0.6,7200,0.8,199,80.4,27.73,0.29,1.19,0.139,17.75
4.0,1.0,1.5,3.0,0.8,7200,0.8,199,80.4,27.73,0.29,1.19,0.139,17.75
5.0,1.0,2.5,4.5,0.4,2400,0.8,192,80.7,26.44,0.29,1.21,0.138,17.11
5.0,1.0,2.5,4.5,0.6,2400,0.8,192,80.7,26.44,0.29,1.21,0.138,17.11
5.0,1.0,2.5,4.5,0.8,2400,0.8,192,80.7,26.44,0.29,1.21,0.138,17.11
2.0,1.5,2.5,4.5,0.4,2400,0.8,251,63.3,34.29,0.71,1.23,0.137,12.87
4.0,1.0,1.5,3.0,0.4,3600,0.8,201,80.1,27.61,0.3,1.19,0.137,17.75
4.0,1.0,1.5,3.0,0.6,3600,0.8,201,80.1,27.61,0.3,1.19,0.137,17.75
4.0,1.0,1.5,3.0,0.8,3600,0.8,201,80.1,27.61,0.3,1.19,0.137,17.75
5.0,1.0,1.5,4.5,0.4,1200,0.4,179,83.2,24.43,0.24,1.19,0.136,16.95
5.0,1.0,1.5,4.5,0.6,1200,0.4,179,83.2,24.43,0.24,1.19,0.136,16.95
5.0,1.0,1.5,4.5,0.8,1200,0.4,179,83.2,24.43,0.24,1.19,0.136,16.95
5.0,0.7,1.5,4.5,0.4,1200,0.8,230,79.1,30.76,0.34,1.3,0.134,16.32
5.0,0.7,1.5,4.5,0.6,1200,0.8,230,79.1,30.76,0.34,1.3,0.134,16.32
5.0,0.7,1.5,4.5,0.8,1200,0.8,230,79.1,30.76,0.34,1.3,0.134,16.32
4.0,0.7,1.5,4.5,0.4,3600,0.8,224,84.8,29.29,0.22,1.24,0.131,16.76
4.0,0.7,1.5,4.5,0.6,3600,0.8,224,84.8,29.29,0.22,1.24,0.131,16.76
4.0,0.7,1.5,4.5,0.8,3600,0.8,224,84.8,29.29,0.22,1.24,0.131,16.76
4.0,0.7,1.5,4.5,0.4,2400,0.2,221,86.0,28.64,0.2,1.23,0.13,16.76
4.0,0.7,1.5,4.5,0.4,3600,0.2,221,86.0,28.64,0.2,1.23,0.13,16.76
4.0,0.7,1.5,4.5,0.4,7200,0.2,221,86.0,28.64,0.2,1.23,0.13,16.76
4.0,0.7,1.5,4.5,0.4,7200,0.4,221,86.0,28.64,0.2,1.23,0.13,16.76
4.0,0.7,1.5,4.5,0.4,14400,0.2,221,86.0,28.64,0.2,1.23,0.13,16.76
4.0,0.7,1.5,4.5,0.4,14400,0.4,221,86.0,28.64,0.2,1.23,0.13,16.76
4.0,0.7,1.5,4.5,0.4,14400,0.8,221,86.0,28.64,0.2,1.23,0.13,16.76
4.0,0.7,1.5,4.5,0.4,,0.4,221,86.0,28.64,0.2,1.23,0.13,16.76
4.0,0.7,1.5,4.5,0.6,2400,0.2,221,86.0,28.64,0.2,1.23,0.13,16.76
4.0,0.7,1.5,4.5,0.6,3600,0.2,221,86.0,28.64,0.2,1.23,0.13,16.76
4.0,0.7,1.5,4.5,0.6,7200,0.2,221,86.0,28.64,0.2,1.23,0.13,16.76
4.0,0.7,1.5,4.5,0.6,7200,0.4,221,86.0,28.64,0.2,1.23,0.13,16.76
4.0,0.7,1.5,4.5,0.6,14400,0.2,221,86.0,28.64,0.2,1.23,0.13,16.76
4.0,0.7,1.5,4.5,0.6,14400,0.4,221,86.0,28.64,0.2,1.23,0.13,16.76
4.0,0.7,1.5,4.5,0.6,14400,0.8,221,86.0,28.64,0.2,1.23,0.13,16.76
4.0,0.7,1.5,4.5,0.6,,0.4,221,86.0,28.64,0.2,1.23,0.13,16.76
4.0,0.7,1.5,4.5,0.8,2400,0.2,221,86.0,28.64,0.2,1.23,0.13,16.76
4.0,0.7,1.5,4.5,0.8,3600,0.2,221,86.0,28.64,0.2,1.23,0.13,16.76
4.0,0.7,1.5,4.5,0.8,7200,0.2,221,86.0,28.64,0.2,1.23,0.13,16.76
4.0,0.7,1.5,4.5,0.8,7200,0.4,221,86.0,28.64,0.2,1.23,0.13,16.76
4.0,0.7,1.5,4.5,0.8,14400,0.2,221,86.0,28.64,0.2,1.23,0.13,16.76
4.0,0.7,1.5,4.5,0.8,14400,0.4,221,86.0,28.64,0.2,1.23,0.13,16.76
4.0,0.7,1.5,4.5,0.8,14400,0.8,221,86.0,28.64,0.2,1.23,0.13,16.76
4.0,0.7,1.5,4.5,0.8,,0.4,221,86.0,28.64,0.2,1.23,0.13,16.76
4.0,0.7,1.5,3.0,0.4,1200,0.4,223,83.9,28.69,0.24,1.23,0.129,16.76
4.0,0.7,1.5,3.0,0.6,1200,0.4,223,83.9,28.69,0.24,1.23,0.129,16.76
4.0,0.7,1.5,3.0,0.8,1200,0.4,223,83.9,28.69,0.24,1.23,0.129,16.76
4.0,0.7,1.5,4.5,0.4,1200,0.2,222,86.0,28.68,0.2,1.23,0.129,16.76
4.0,0.7,1.5,4.5,0.6,1200,0.2,222,86.0,28.68,0.2,1.23,0.129,16.76
4.0,0.7,1.5,4.5,0.8,1200,0.2,222,86.0,28.68,0.2,1.23,0.129,16.76
4.0,0.7,1.5,4.5,0.4,3600,0.4,222,86.0,28.52,0.2,1.23,0.128,16.76
4.0,0.7,1.5,4.5,0.6,3600,0.4,222,86.0,28.52,0.2,1.23,0.128,16.76
4.0,0.7,1.5,4.5,0.8,3600,0.4,222,86.0,28.52,0.2,1.23,0.128,16.76
2.0,1.5,2.5,3.0,0.6,2400,0.8,250,63.2,31.68,0.7,1.21,0.127,13.95
4.0,1.0,1.5,4.5,0.4,3600,0.4,199,81.4,24.86,0.27,1.17,0.125,17.75
4.0,1.0,1.5,4.5,0.6,3600,0.4,199,81.4,24.86,0.27,1.17,0.125,17.75
4.0,1.0,1.5,4.5,0.8,3600,0.4,199,81.4,24.86,0.27,1.17,0.125,17.75
2.0,1.5,2.5,3.0,0.4,1200,0.8,270,61.9,33.45,0.77,1.25,0.124,12.6
4.0,0.7,1.5,4.5,0.4,7200,0.8,223,85.2,27.6,0.21,1.22,0.124,16.76
4.0,0.7,1.5,4.5,0.6,7200,0.8,223,85.2,27.6,0.21,1.22,0.124,16.76
4.0,0.7,1.5,4.5,0.8,7200,0.8,223,85.2,27.6,0.21,1.22,0.124,16.76
4.0,1.0,1.5,4.5,0.4,2400,0.2,197,81.2,24.35,0.27,1.16,0.124,17.75
4.0,1.0,1.5,4.5,0.4,3600,0.2,197,81.2,24.35,0.27,1.16,0.124,17.75
4.0,1.0,1.5,4.5,0.4,7200,0.2,197,81.2,24.35,0.27,1.16,0.124,17.75
4.0,1.0,1.5,4.5,0.4,7200,0.4,197,81.2,24.35,0.27,1.16,0.124,17.75
4.0,1.0,1.5,4.5,0.4,14400,0.2,197,81.2,24.35,0.27,1.16,0.124,17.75
4.0,1.0,1.5,4.5,0.4,14400,0.4,197,81.2,24.35,0.27,1.16,0.124,17.75
4.0,1.0,1.5,4.5,0.4,14400,0.8,197,81.2,24.35,0.27,1.16,0.124,17.75
4.0,1.0,1.5,4.5,0.4,,0.4,197,81.2,24.35,0.27,1.16,0.124,17.75
4.0,1.0,1.5,4.5,0.6,2400,0.2,197,81.2,24.35,0.27,1.16,0.124,17.75
4.0,1.0,1.5,4.5,0.6,3600,0.2,197,81.2,24.35,0.27,1.16,0.124,17.75
4.0,1.0,1.5,4.5,0.6,7200,0.2,197,81.2,24.35,0.27,1.16,0.124,17.75
4.0,1.0,1.5,4.5,0.6,7200,0.4,197,81.2,24.35,0.27,1.16,0.124,17.75
4.0,1.0,1.5,4.5,0.6,14400,0.2,197,81.2,24.35,0.27,1.16,0.124,17.75
4.0,1.0,1.5,4.5,0.6,14400,0.4,197,81.2,24.35,0.27,1.16,0.124,17.75
4.0,1.0,1.5,4.5,0.6,14400,0.8,197,81.2,24.35,0.27,1.16,0.124,17.75
4.0,1.0,1.5,4.5,0.6,,0.4,197,81.2,24.35,0.27,1.16,0.124,17.75
4.0,1.0,1.5,4.5,0.8,2400,0.2,197,81.2,24.35,0.27,1.16,0.124,17.75
4.0,1.0,1.5,4.5,0.8,3600,0.2,197,81.2,24.35,0.27,1.16,0.124,17.75
4.0,1.0,1.5,4.5,0.8,7200,0.2,197,81.2,24.35,0.27,1.16,0.124,17.75
4.0,1.0,1.5,4.5,0.8,7200,0.4,197,81.2,24.35,0.27,1.16,0.124,17.75
4.0,1.0,1.5,4.5,0.8,14400,0.2,197,81.2,24.35,0.27,1.16,0.124,17.75
4.0,1.0,1.5,4.5,0.8,14400,0.4,197,81.2,24.35,0.27,1.16,0.124,17.75
4.0,1.0,1.5,4.5,0.8,14400,0.8,197,81.2,24.35,0.27,1.16,0.124,17.75
4.0,1.0,1.5,4.5,0.8,,0.4,197,81.2,24.35,0.27,1.16,0.124,17.75
5.0,1.0,2.5,3.0,0.4,2400,0.4,179,84.4,22.16,0.22,1.17,0.124,19.71
5.0,1.0,2.5,3.0,0.6,2400,0.4,179,84.4,22.16,0.22,1.17,0.124,19.71
5.0,1.0,2.5,3.0,0.8,2400,0.4,179,84.4,22.16,0.22,1.17,0.124,19.71
4.0,1.0,1.5,4.5,0.4,1200,0.2,198,81.3,24.39,0.27,1.16,0.123,17.75
4.0,1.0,1.5,4.5,0.6,1200,0.2,198,81.3,24.39,0.27,1.16,0.123,17.75
4.0,1.0,1.5,4.5,0.8,1200,0.2,198,81.3,24.39,0.27,1.16,0.123,17.75
4.0,0.7,1.5,4.5,0.4,2400,0.4,222,85.1,26.99,0.21,1.22,0.122,16.76
4.0,0.7,1.5,4.5,0.6,2400,0.4,222,85.1,26.99,0.21,1.22,0.122,16.76
4.0,0.7,1.5,4.5,0.8,2400,0.4,222,85.1,26.99,0.21,1.22,0.122,16.76
5.0,1.0,2.5,3.0,0.4,7200,0.8,179,84.4,21.88,0.22,1.17,0.122,19.71
5.0,1.0,2.5,3.0,0.6,7200,0.8,179,84.4,21.88,0.22,1.17,0.122,19.71
5.0,1.0,2.5,3.0,0.8,7200,0.8,179,84.4,21.88,0.22,1.17,0.122,19.71
2.0,1.5,2.5,4.5,0.4,1200,0.8,270,61.9,32.55,0.76,1.24,0.121,12.6
2.0,1.5,2.5,4.5,0.6,2400,0.8,250,63.2,30.33,0.7,1.2,0.121,13.95
3.0,0.7,1.5,3.0,0.4,2400,0.2,235,81.7,28.14,0.27,1.22,0.12,16.11
3.0,0.7,1.5,3.0,0.4,3600,0.2,235,81.7,28.14,0.27,1.22,0.12,16.11
3.0,0.7,1.5,3.0,0.4,3600,0.4,238,81.5,28.62,0.28,1.22,0.12,16.11
3.0,0.7,1.5,3.0,0.4,7200,0.2,235,81.7,28.14,0.27,1.22,0.12,16.11
3.0,0.7,1.5,3.0,0.4,7200,0.4,236,81.8,28.42,0.27,1.22,0.12,16.11
3.0,0.7,1.5,3.0,0.4,14400,0.2,235,81.7,28.14,0.27,1.22,0.12,16.11
3.0,0.7,1.5,3.0,0.4,14400,0.4,235,81.7,28.14,0.27,1.22,0.12,16.11
3.0,0.7,1.5,3.0,0.4,,0.4,235,81.7,28.14,0.27,1.22,0.12,16.11
3.0,0.7,1.5,3.0,0.6,2400,0.2,235,81.7,28.14,0.27,1.22,0.12,16.11
3.0,0.7,1.5,3.0,0.6,3600,0.2,235,81.7,28.14,0.27,1.22,0.12,16.11
3.0,0.7,1.5,3.0,0.6,3600,0.4,238,81.5,28.62,0.28,1.22,0.12,16.11
3.0,0.7,1.5,3.0,0.6,7200,0.2,235,81.7,28.14,0.27,1.22,0.12,16.11
3.0,0.7,1.5,3.0,0.6,7200,0.4,236,81.8,28.42,0.27,1.22,0.12,16.11
3.0,0.7,1.5,3.0,0.6,14400,0.2,235,81.7,28.14,0.27,1.22,0.12,16.11
3.0,0.7,1.5,3.0,0.6,14400,0.4,235,81.7,28.14,0.27,1.22,0.12,16.11
3.0,0.7,1.5,3.0,0.6,,0.4,235,81.7,28.14,0.27,1.22,0.12,16.11
3.0,0.7,1.5,3.0,0.8,2400,0.2,235,81.7,28.14,0.27,1.22,0.12,16.11
3.0,0.7,1.5,3.0,0.8,3600,0.2,235,81.7,28.14,0.27,1.22,0.12,16.11
3.0,0.7,1.5,3.0,0.8,3600,0.4,238,81.5,28.62,0.28,1.22,0.12,16.11
3.0,0.7,1.5,3.0,0.8,7200,0.2,235,81.7,28.14,0.27,1.22,0.12,16.11
3.0,0.7,1.5,3.0,0.8,7200,0.4,236,81.8,28.42,0.27,1.22,0.12,16.11
3.0,0.7,1.5,3.0,0.8,14400,0.2,235,81.7,28.14,0.27,1.22,0.12,16.11
3.0,0.7,1.5,3.0,0.8,14400,0.4,235,81.7,28.14,0.27,1.22,0.12,16.11
3.0,0.7,1.5,3.0,0.8,,0.4,235,81.7,28.14,0.27,1.22,0.12,16.11
2.0,1.5,2.5,3.0,0.8,3600,0.8,247,66.4,29.43,0.6,1.19,0.119,13.58
3.0,0.7,1.5,3.0,0.4,1200,0.2,236,81.8,28.18,0.27,1.22,0.119,16.11
3.0,0.7,1.5,3.0,0.6,1200,0.2,236,81.8,28.18,0.27,1.22,0.119,16.11
3.0,0.7,1.5,3.0,0.8,1200,0.2,236,81.8,28.18,0.27,1.22,0.119,16.11
5.0,1.0,2.5,4.5,0.4,2400,0.4,179,84.4,21.26,0.22,1.16,0.119,20.16
5.0,1.0,2.5,4.5,0.6,2400,0.4,179,84.4,21.26,0.22,1.16,0.119,20.16
5.0,1.0,2.5,4.5,0.8,2400,0.4,179,84.4,21.26,0.22,1.16,0.119,20.16
2.0,1.5,2.5,3.0,0.8,1200,0.4,246,65.9,28.92,0.62,1.19,0.118,13.58
2.0,1.5,2.5,4.5,0.8,1200,0.4,246,65.9,28.92,0.62,1.19,0.118,13.58
2.0,1.5,2.5,4.5,0.8,3600,0.8,247,66.4,28.98,0.6,1.18,0.117,13.58
3.0,0.7,1.5,3.0,0.4,7200,0.8,239,81.2,28.01,0.28,1.22,0.117,16.11
3.0,0.7,1.5,3.0,0.6,7200,0.8,239,81.2,28.01,0.28,1.22,0.117,16.11
3.0,0.7,1.5,3.0,0.8,7200,0.8,239,81.2,28.01,0.28,1.22,0.117,16.11
4.0,0.7,1.5,3.0,0.4,1200,0.8,246,76.0,28.7,0.4,1.26,0.117,19.16
4.0,0.7,1.5,3.0,0.6,1200,0.8,246,76.0,28.7,0.4,1.26,0.117,19.16
4.0,0.7,1.5,3.0,0.8,1200,0.8,246,76.0,28.7,0.4,1.26,0.117,19.16
4.0,1.0,1.5,4.5,0.4,2400,0.8,209,76.6,24.4,0.36,1.17,0.117,17.75
4.0,1.0,1.5,4.5,0.6,2400,0.8,209,76.6,24.4,0.36,1.17,0.117,17.75
4.0,1.0,1.5,4.5,0.8,2400,0.8,209,76.6,24.4,0.36,1.17,0.117,17.75
5.0,1.0,2.5,4.5,0.4,7200,0.8,179,84.4,20.98,0.22,1.16,0.117,20.16
5.0,1.0,2.5,4.5,0.6,7200,0.8,179,84.4,20.98,0.22,1.16,0.117,20.16
5.0,1.0,2.5,4.5,0.8,7200,0.8,179,84.4,20.98,0.22,1.16,0.117,20.16
5.0,0.7,1.5,4.5,0.4,2400,0.8,213,83.1,24.57,0.25,1.22,0.115,20.31
5.0,0.7,1.5,4.5,0.6,2400,0.8,213,83.1,24.57,0.25,1.22,0.115,20.31
5.0,0.7,1.5,4.5,0.8,2400,0.8,213,83.1,24.57,0.25,1.22,0.115,20.31
3.0,0.7,1.5,3.0,0.4,2400,0.4,238,81.1,27.17,0.28,1.21,0.114,16.11
3.0,0.7,1.5,3.0,0.6,2400,0.4,238,81.1,27.17,0.28,1.21,0.114,16.11
3.0,0.7,1.5,3.0,0.8,2400,0.4,238,81.1,27.17,0.28,1.21,0.114,16.11
4.0,1.0,1.5,3.0,0.4,1200,0.4,199,79.4,22.63,0.3,1.15,0.114,17.75
4.0,1.0,1.5,3.0,0.6,1200,0.4,199,79.4,22.63,0.3,1.15,0.114,17.75
4.0,1.0,1.5,3.0,0.8,1200,0.4,199,79.4,22.63,0.3,1.15,0.114,17.75
4.0,1.0,1.5,4.5,0.4,2400,0.4,199,80.4,22.61,0.28,1.15,0.114,17.75
4.0,1.0,1.5,4.5,0.6,2400,0.4,199,80.4,22.61,0.28,1.15,0.114,17.75
4.0,1.0,1.5,4.5,0.8,2400,0.4,199,80.4,22.61,0.28,1.15,0.114,17.75
3.0,0.7,1.5,3.0,0.4,14400,0.8,235,81.3,26.3,0.28,1.2,0.112,16.45
3.0,0.7,1.5,3.0,0.6,14400,0.8,235,81.3,26.3,0.28,1.2,0.112,16.45
3.0,0.7,1.5,3.0,0.8,14400,0.8,235,81.3,26.3,0.28,1.2,0.112,16.45
4.0,0.7,1.5,3.0,0.4,2400,0.8,231,80.1,25.83,0.3,1.21,0.112,18.07
4.0,0.7,1.5,3.0,0.6,2400,0.8,231,80.1,25.83,0.3,1.21,0.112,18.07
4.0,0.7,1.5,3.0,0.8,2400,0.8,231,80.1,25.83,0.3,1.21,0.112,18.07
4.0,1.0,1.5,4.5,0.4,7200,0.8,199,80.4,22.33,0.28,1.15,0.112,17.75
4.0,1.0,1.5,4.5,0.6,7200,0.8,199,80.4,22.33,0.28,1.15,0.112,17.75
4.0,1.0,1.5,4.5,0.8,7200,0.8,199,80.4,22.33,0.28,1.15,0.112,17.75
2.0,1.5,2.5,3.0,0.6,1200,0.8,269,61.7,29.66,0.76,1.22,0.11,12.8
4.0,1.0,1.5,4.5,0.4,3600,0.8,201,80.1,22.21,0.29,1.15,0.11,17.75
4.0,1.0,1.5,4.5,0.6,3600,0.8,201,80.1,22.21,0.29,1.15,0.11,17.75
4.0,1.0,1.5,4.5,0.8,3600,0.8,201,80.1,22.21,0.29,1.15,0.11,17.75
2.0,1.5,2.5,3.0,0.8,2400,0.8,250,63.2,26.91,0.69,1.18,0.108,13.58
2.0,0.7,1.5,3.0,0.4,1200,0.2,262,75.2,28.0,0.4,1.22,0.107,12.11
2.0,0.7,1.5,3.0,0.6,1200,0.2,262,75.2,28.0,0.4,1.22,0.107,12.11
2.0,0.7,1.5,3.0,0.8,1200,0.2,262,75.2,28.0,0.4,1.22,0.107,12.11
2.0,1.5,2.5,4.5,0.6,1200,0.8,269,61.7,28.76,0.75,1.21,0.107,12.8
3.0,0.7,1.5,3.0,0.4,3600,0.8,242,80.2,25.83,0.3,1.2,0.107,16.11
3.0,0.7,1.5,3.0,0.6,3600,0.8,242,80.2,25.83,0.3,1.2,0.107,16.11
3.0,0.7,1.5,3.0,0.8,3600,0.8,242,80.2,25.83,0.3,1.2,0.107,16.11
2.0,1.0,1.5,3.0,0.4,1200,0.2,243,68.3,25.42,0.54,1.17,0.105,11.95
2.0,1.0,1.5,3.0,0.6,1200,0.2,243,68.3,25.42,0.54,1.17,0.105,11.95
2.0,1.0,1.5,3.0,0.8,1200,0.2,243,68.3,25.42,0.54,1.17,0.105,11.95
4.0,0.7,1.5,4.5,0.4,1200,0.4,223,83.9,23.29,0.23,1.19,0.104,16.76
4.0,0.7,1.5,4.5,0.6,1200,0.4,223,83.9,23.29,0.23,1.19,0.104,16.76
4.0,0.7,1.5,4.5,0.8,1200,0.4,223,83.9,23.29,0.23,1.19,0.104,16.76
2.0,1.5,2.5,4.5,0.8,2400,0.8,250,63.2,25.56,0.68,1.17,0.102,13.58
5.0,1.0,2.5,3.0,0.4,3600,0.4,179,84.9,18.06,0.2,1.13,0.101,24.35
5.0,1.0,2.5,3.0,0.6,3600,0.4,179,84.9,18.06,0.2,1.13,0.101,24.35
5.0,1.0,2.5,3.0,0.8,3600,0.4,179,84.9,18.06,0.2,1.13,0.101,24.35
2.0,0.7,1.5,3.0,0.4,14400,0.8,261,74.3,25.99,0.41,1.2,0.1,12.11
2.0,0.7,1.5,3.0,0.6,14400,0.8,261,74.3,25.99,0.41,1.2,0.1,12.11
2.0,0.7,1.5,3.0,0.8,14400,0.8,261,74.3,25.99,0.41,1.2,0.1,12.11
4.0,0.7,1.5,4.5,0.4,1200,0.8,246,76.0,24.65,0.38,1.22,0.1,19.16
4.0,0.7,1.5,4.5,0.6,1200,0.8,246,76.0,24.65,0.38,1.22,0.1,19.16
4.0,0.7,1.5,4.5,0.8,1200,0.8,246,76.0,24.65,0.38,1.22,0.1,19.16
2.0,0.7,1.5,3.0,0.4,2400,0.2,260,74.6,25.68,0.41,1.19,0.099,12.11
2.0,0.7,1.5,3.0,0.4,3600,0.2,260,74.6,25.68,0.41,1.19,0.099,12.11
2.0,0.7,1.5,3.0,0.4,7200,0.2,260,74.6,25.68,0.41,1.19,0.099,12.11
2.0,0.7,1.5,3.0,0.4,7200,0.4,260,74.6,25.68,0.41,1.19,0.099,12.11
2.0,0.7,1.5,3.0,0.4,14400,0.2,260,74.6,25.68,0.41,1.19,0.099,12.11
2.0,0.7,1.5,3.0,0.4,14400,0.4,260,74.6,25.68,0.41,1.19,0.099,12.11
2.0,0.7,1.5,3.0,0.4,,0.4,260,74.6,25.68,0.41,1.19,0.099,12.11
2.0,0.7,1.5,3.0,0.6,2400,0.2,260,74.6,25.68,0.41,1.19,0.099,12.11
2.0,0.7,1.5,3.0,0.6,3600,0.2,260,74.6,25.68,0.41,1.19,0.099,12.11
2.0,0.7,1.5,3.0,0.6,7200,0.2,260,74.6,25.68,0.41,1.19,0.099,12.11
2.0,0.7,1.5,3.0,0.6,7200,0.4,260,74.6,25.68,0.41,1.19,0.099,12.11
2.0,0.7,1.5,3.0,0.6,14400,0.2,260,74.6,25.68,0.41,1.19,0.099,12.11
2.0,0.7,1.5,3.0,0.6,14400,0.4,260,74.6,25.68,0.41,1.19,0.099,12.11
2.0,0.7,1.5,3.0,0.6,,0.4,260,74.6,25.68,0.41,1.19,0.099,12.11
2.0,0.7,1.5,3.0,0.8,2400,0.2,260,74.6,25.68,0.41,1.19,0.099,12.11
2.0,0.7,1.5,3.0,0.8,3600,0.2,260,74.6,25.68,0.41,1.19,0.099,12.11
2.0,0.7,1.5,3.0,0.8,7200,0.2,260,74.6,25.68,0.41,1.19,0.099,12.11
2.0,0.7,1.5,3.0,0.8,7200,0.4,260,74.6,25.68,0.41,1.19,0.099,12.11
2.0,0.7,1.5,3.0,0.8,14400,0.2,260,74.6,25.68,0.41,1.19,0.099,12.11
2.0,0.7,1.5,3.0,0.8,14400,0.4,260,74.6,25.68,0.41,1.19,0.099,12.11
2.0,0.7,1.5,3.0,0.8,,0.4,260,74.6,25.68,0.41,1.19,0.099,12.11
2.0,1.0,1.5,3.0,0.4,2400,0.2,242,67.8,24.0,0.55,1.15,0.099,11.95
2.0,1.0,1.5,3.0,0.4,3600,0.2,242,67.8,24.0,0.55,1.15,0.099,11.95
2.0,1.0,1.5,3.0,0.4,7200,0.2,242,67.8,24.0,0.55,1.15,0.099,11.95
2.0,1.0,1.5,3.0,0.4,7200,0.4,242,67.8,24.0,0.55,1.15,0.099,11.95
2.0,1.0,1.5,3.0,0.4,14400,0.2,242,67.8,24.0,0.55,1.15,0.099,11.95
2.0,1.0,1.5,3.0,0.4,14400,0.4,242,67.8,24.0,0.55,1.15,0.099,11.95
2.0,1.0,1.5,3.0,0.4,14400,0.8,243,67.5,24.04,0.56,1.15,0.099,11.95
2.0,1.0,1.5,3.0,0.4,,0.4,242,67.8,24.0,0.55,1.15,0.099,11.95
2.0,1.0,1.5,3.0,0.6,2400,0.2,242,67.8,24.0,0.55,1.15,0.099,11.95
2.0,1.0,1.5,3.0,0.6,3600,0.2,242,67.8,24.0,0.55,1.15,0.099,11.95
2.0,1.0,1.5,3.0,0.6,7200,0.2,242,67.8,24.0,0.55,1.15,0.099,11.95
2.0,1.0,1.5,3.0,0.6,7200,0.4,242,67.8,24.0,0.55,1.15,0.099,11.95
2.0,1.0,1.5,3.0,0.6,14400,0.2,242,67.8,24.0,0.55,1.15,0.099,11.95
2.0,1.0,1.5,3.0,0.6,14400,0.4,242,67.8,24.0,0.55,1.15,0.099,11.95
2.0,1.0,1.5,3.0,0.6,14400,0.8,243,67.5,24.04,0.56,1.15,0.099,11.95
2.0,1.0,1.5,3.0,0.6,,0.4,242,67.8,24.0,0.55,1.15,0.099,11.95
2.0,1.0,1.5,3.0,0.8,2400,0.2,242,67.8,24.0,0.55,1.15,0.099,11.95
2.0,1.0,1.5,3.0,0.8,3600,0.2,242,67.8,24.0,0.55,1.15,0.099,11.95
2.0,1.0,1.5,3.0,0.8,7200,0.2,242,67.8,24.0,0.55,1.15,0.099,11.95
2.0,1.0,1.5,3.0,0.8,7200,0.4,242,67.8,24.0,0.55,1.15,0.099,11.95
2.0,1.0,1.5,3.0,0.8,14400,0.2,242,67.8,24.0,0.55,1.15,0.099,11.95
2.0,1.0,1.5,3.0,0.8,14400,0.4,242,67.8,24.0,0.55,1.15,0.099,11.95
2.0,1.0,1.5,3.0,0.8,14400,0.8,243,67.5,24.04,0.56,1.15,0.099,11.95
2.0,1.0,1.5,3.0,0.8,,0.4,242,67.8,24.0,0.55,1.15,0.099,11.95
5.0,0.7,2.5,3.0,0.4,3600,0.4,205,89.3,20.2,0.14,1.18,0.099,22.06
5.0,0.7,2.5,3.0,0.6,3600,0.4,205,89.3,20.2,0.14,1.18,0.099,22.06
5.0,0.7,2.5,3.0,0.8,3600,0.4,205,89.3,20.2,0.14,1.18,0.099,22.06
5.0,1.0,2.5,3.0,0.4,1200,0.2,178,84.8,17.59,0.2,1.13,0.099,24.35
5.0,1.0,2.5,3.0,0.4,2400,0.2,177,84.7,17.55,0.2,1.13,0.099,24.35
5.0,1.0,2.5,3.0,0.4,3600,0.2,177,84.7,17.55,0.2,1.13,0.099,24.35
5.0,1.0,2.5,3.0,0.4,7200,0.2,177,84.7,17.55,0.2,1.13,0.099,24.35
5.0,1.0,2.5,3.0,0.4,7200,0.4,177,84.7,17.55,0.2,1.13,0.099,24.35
5.0,1.0,2.5,3.0,0.4,14400,0.2,177,84.7,17.55,0.2,1.13,0.099,24.35
5.0,1.0,2.5,3.0,0.4,14400,0.4,177,84.7,17.55,0.2,1.13,0.099,24.35
5.0,1.0,2.5,3.0,0.4,14400,0.8,177,84.7,17.55,0.2,1.13,0.099,24.35
5.0,1.0,2.5,3.0,0.4,,0.4,177,84.7,17.55,0.2,1.13,0.099,24.35
5.0,1.0,2.5,3.0,0.6,1200,0.2,178,84.8,17.59,0.2,1.13,0.099,24.35
5.0,1.0,2.5,3.0,0.6,2400,0.2,177,84.7,17.55,0.2,1.13,0.099,24.35
5.0,1.0,2.5,3.0,0.6,3600,0.2,177,84.7,17.55,0.2,1.13,0.099,24.35
5.0,1.0,2.5,3.0,0.6,7200,0.2,177,84.7,17.55,0.2,1.13,0.099,24.35
5.0,1.0,2.5,3.0,0.6,7200,0.4,177,84.7,17.55,0.2,1.13,0.099,24.35
5.0,1.0,2.5,3.0,0.6,14400,0.2,177,84.7,17.55,0.2,1.13,0.099,24.35
5.0,1.0,2.5,3.0,0.6,14400,0.4,177,84.7,17.55,0.2,1.13,0.099,24.35
5.0,1.0,2.5,3.0,0.6,14400,0.8,177,84.7,17.55,0.2,1.13,0.099,24.35
5.0,1.0,2.5,3.0,0.6,,0.4,177,84.7,17.55,0.2,1.13,0.099,24.35
5.0,1.0,2.5,3.0,0.8,1200,0.2,178,84.8,17.59,0.2,1.13,0.099,24.35
5.0,1.0,2.5,3.0,0.8,2400,0.2,177,84.7,17.55,0.2,1.13,0.099,24.35
5.0,1.0,2.5,3.0,0.8,3600,0.2,177,84.7,17.55,0.2,1.13,0.099,24.35
5.0,1.0,2.5,3.0,0.8,7200,0.2,177,84.7,17.55,0.2,1.13,0.099,24.35
5.0,1.0,2.5,3.0,0.8,7200,0.4,177,84.7,17.55,0.2,1.13,0.099,24.35
5.0,1.0,2.5,3.0,0.8,14400,0.2,177,84.7,17.55,0.2,1.13,0.099,24.35
5.0,1.0,2.5,3.0,0.8,14400,0.4,177,84.7,17.55,0.2,1.13,0.099,24.35
5.0,1.0,2.5,3.0,0.8,14400,0.8,177,84.7,17.55,0.2,1.13,0.099,24.35
5.0,1.0,2.5,3.0,0.8,,0.4,177,84.7,17.55,0.2,1.13,0.099,24.35
2.0,0.7,1.5,3.0,0.4,3600,0.4,261,74.7,25.56,0.4,1.19,0.098,12.11
2.0,0.7,1.5,3.0,0.6,3600,0.4,261,74.7,25.56,0.4,1.19,0.098,12.11
2.0,0.7,1.5,3.0,0.8,3600,0.4,261,74.7,25.56,0.4,1.19,0.098,12.11
3.0,0.7,1.5,4.5,0.4,3600,0.4,238,81.5,23.22,0.27,1.18,0.098,16.11
3.0,0.7,1.5,4.5,0.4,7200,0.4,236,81.8,23.02,0.26,1.18,0.098,16.11
3.0,0.7,1.5,4.5,0.6,3600,0.4,238,81.5,23.22,0.27,1.18,0.098,16.11
3.0,0.7,1.5,4.5,0.6,7200,0.4,236,81.8,23.02,0.26,1.18,0.098,16.11
3.0,0.7,1.5,4.5,0.8,3600,0.4,238,81.5,23.22,0.27,1.18,0.098,16.11
3.0,0.7,1.5,4.5,0.8,7200,0.4,236,81.8,23.02,0.26,1.18,0.098,16.11
2.0,1.0,1.5,3.0,0.4,3600,0.4,243,67.9,23.61,0.54,1.15,0.097,11.95
2.0,1.0,1.5,3.0,0.6,3600,0.4,243,67.9,23.61,0.54,1.15,0.097,11.95
2.0,1.0,1.5,3.0,0.8,3600,0.4,243,67.9,23.61,0.54,1.15,0.097,11.95
3.0,0.7,1.5,4.5,0.4,1200,0.2,236,81.8,22.78,0.26,1.18,0.097,16.11
3.0,0.7,1.5,4.5,0.4,2400,0.2,235,81.7,22.74,0.26,1.18,0.097,16.11
3.0,0.7,1.5,4.5,0.4,3600,0.2,235,81.7,22.74,0.26,1.18,0.097,16.11
3.0,0.7,1.5,4.5,0.4,7200,0.2,235,81.7,22.74,0.26,1.18,0.097,16.11
3.0,0.7,1.5,4.5,0.4,14400,0.2,235,81.7,22.74,0.26,1.18,0.097,16.11
3.0,0.7,1.5,4.5,0.4,14400,0.4,235,81.7,22.74,0.26,1.18,0.097,16.11
3.0,0.7,1.5,4.5,0.4,,0.4,235,81.7,22.74,0.26,1.18,0.097,16.11
3.0,0.7,1.5,4.5,0.6,1200,0.2,236,81.8,22.78,0.26,1.18,0.097,16.11
3.0,0.7,1.5,4.5,0.6,2400,0.2,235,81.7,22.74,0.26,1.18,0.097,16.11
3.0,0.7,1.5,4.5,0.6,3600,0.2,235,81.7,22.74,0.26,1.18,0.097,16.11
3.0,0.7,1.5,4.5,0.6,7200,0.2,235,81.7,22.74,0.26,1.18,0.097,16.11
3.0,0.7,1.5,4.5,0.6,14400,0.2,235,81.7,22.74,0.26,1.18,0.097,16.11
3.0,0.7,1.5,4.5,0.6,14400,0.4,235,81.7,22.74,0.26,1.18,0.097,16.11
3.0,0.7,1.5,4.5,0.6,,0.4,235,81.7,22.74,0.26,1.18,0.097,16.11
3.0,0.7,1.5,4.5,0.8,1200,0.2,236,81.8,22.78,0.26,1.18,0.097,16.11
3.0,0.7,1.5,4.5,0.8,2400,0.2,235,81.7,22.74,0.26,1.18,0.097,16.11
3.0,0.7,1.5,4.5,0.8,3600,0.2,235,81.7,22.74,0.26,1.18,0.097,16.11
3.0,0.7,1.5,4.5,0.8,7200,0.2,235,81.7,22.74,0.26,1.18,0.097,16.11
3.0,0.7,1.5,4.5,0.8,14400,0.2,235,81.7,22.74,0.26,1.18,0.097,16.11
3.0,0.7,1.5,4.5,0.8,14400,0.4,235,81.7,22.74,0.26,1.18,0.097,16.11
3.0,0.7,1.5,4.5,0.8,,0.4,235,81.7,22.74,0.26,1.18,0.097,16.11
5.0,0.7,2.5,3.0,0.4,1200,0.2,204,89.2,19.73,0.14,1.18,0.097,22.06
5.0,0.7,2.5,3.0,0.4,2400,0.2,203,89.2,19.69,0.14,1.18,0.097,22.06
5.0,0.7,2.5,3.0,0.4,3600,0.2,203,89.2,19.69,0.14,1.18,0.097,22.06
5.0,0.7,2.5,3.0,0.4,7200,0.2,203,89.2,19.69,0.14,1.18,0.097,22.06
5.0,0.7,2.5,3.0,0.4,7200,0.4,203,89.2,19.69,0.14,1.18,0.097,22.06
5.0,0.7,2.5,3.0,0.4,14400,0.2,203,89.2,19.69,0.14,1.18,0.097,22.06
5.0,0.7,2.5,3.0,0.4,14400,0.4,203,89.2,19.69,0.14,1.18,0.097,22.06
5.0,0.7,2.5,3.0,0.4,14400,0.8,203,89.2,19.69,0.14,1.18,0.097,22.06
5.0,0.7,2.5,3.0,0.4,,0.4,203,89.2,19.69,0.14,1.18,0.097,22.06
5.0,0.7,2.5,3.0,0.6,1200,0.2,204,89.2,19.73,0.14,1.18,0.097,22.06
5.0,0.7,2.5,3.0,0.6,2400,0.2,203,89.2,19.69,0.14,1.18,0.097,22.06
5.0,0.7,2.5,3.0,0.6,3600,0.2,203,89.2,19.69,0.14,1.18,0.097,22.06
5.0,0.7,2.5,3.0,0.6,7200,0.2,203,89.2,19.69,0.14,1.18,0.097,22.06
5.0,0.7,2.5,3.0,0.6,7200,0.4,203,89.2,19.69,0.14,1.18,0.097,22.06
5.0,0.7,2.5,3.0,0.6,14400,0.2,203,89.2,19.69,0.14,1.18,0.097,22.06
5.0,0.7,2.5,3.0,0.6,14400,0.4,203,89.2,19.69,0.14,1.18,0.097,22.06
5.0,0.7,2.5,3.0,0.6,14400,0.8,203,89.2,19.69,0.14,1.18,0.097,22.06
5.0,0.7,2.5,3.0,0.6,,0.4,203,89.2,19.69,0.14,1.18,0.097,22.06
5.0,0.7,2.5,3.0,0.8,1200,0.2,204,89.2,19.73,0.14,1.18,0.097,22.06
5.0,0.7,2.5,3.0,0.8,2400,0.2,203,89.2,19.69,0.14,1.18,0.097,22.06
5.0,0.7,2.5,3.0,0.8,3600,0.2,203,89.2,19.69,0.14,1.18,0.097,22.06
5.0,0.7,2.5,3.0,0.8,7200,0.2,203,89.2,19.69,0.14,1.18,0.097,22.06
5.0,0.7,2.5,3.0,0.8,7200,0.4,203,89.2,19.69,0.14,1.18,0.097,22.06
5.0,0.7,2.5,3.0,0.8,14400,0.2,203,89.2,19.69,0.14,1.18,0.097,22.06
5.0,0.7,2.5,3.0,0.8,14400,0.4,203,89.2,19.69,0.14,1.18,0.097,22.06
5.0,0.7,2.5,3.0,0.8,14400,0.8,203,89.2,19.69,0.14,1.18,0.097,22.06
5.0,0.7,2.5,3.0,0.8,,0.4,203,89.2,19.69,0.14,1.18,0.097,22.06
2.0,0.7,1.5,3.0,0.4,7200,0.8,263,73.8,25.18,0.42,1.19,0.096,12.11
2.0,0.7,1.5,3.0,0.6,7200,0.8,263,73.8,25.18,0.42,1.19,0.096,12.11
2.0,0.7,1.5,3.0,0.8,7200,0.8,263,73.8,25.18,0.42,1.19,0.096,12.11
3.0,0.7,1.5,3.0,0.4,2400,0.8,247,76.5,23.62,0.36,1.18,0.096,16.3
3.0,0.7,1.5,3.0,0.6,2400,0.8,247,76.5,23.62,0.36,1.18,0.096,16.3
3.0,0.7,1.5,3.0,0.8,2400,0.8,247,76.5,23.62,0.36,1.18,0.096,16.3
5.0,1.0,2.5,3.0,0.4,1200,0.4,179,83.2,17.23,0.23,1.13,0.096,20.23
5.0,1.0,2.5,3.0,0.6,1200,0.4,179,83.2,17.23,0.23,1.13,0.096,20.23
5.0,1.0,2.5,3.0,0.8,1200,0.4,179,83.2,17.23,0.23,1.13,0.096,20.23
5.0,1.0,2.5,4.5,0.4,3600,0.4,179,84.9,17.16,0.2,1.13,0.096,24.8
5.0,1.0,2.5,4.5,0.6,3600,0.4,179,84.9,17.16,0.2,1.13,0.096,24.8
5.0,1.0,2.5,4.5,0.8,3600,0.4,179,84.9,17.16,0.2,1.13,0.096,24.8
3.0,0.7,1.5,4.5,0.4,7200,0.8,239,81.2,22.61,0.27,1.17,0.095,16.11
3.0,0.7,1.5,4.5,0.6,7200,0.8,239,81.2,22.61,0.27,1.17,0.095,16.11
3.0,0.7,1.5,4.5,0.8,7200,0.8,239,81.2,22.61,0.27,1.17,0.095,16.11
4.0,1.0,2.5,3.0,0.4,1200,0.8,229,73.4,21.65,0.43,1.18,0.095,18.61
4.0,1.0,2.5,3.0,0.6,1200,0.8,229,73.4,21.65,0.43,1.18,0.095,18.61
4.0,1.0,2.5,3.0,0.8,1200,0.8,229,73.4,21.65,0.43,1.18,0.095,18.61
2.0,1.5,2.5,3.0,0.8,1200,0.8,269,61.7,25.22,0.74,1.18,0.094,13.11
5.0,0.7,2.5,3.0,0.4,7200,0.8,206,88.3,19.28,0.15,1.17,0.094,22.7
5.0,0.7,2.5,3.0,0.6,7200,0.8,206,88.3,19.28,0.15,1.17,0.094,22.7
5.0,0.7,2.5,3.0,0.8,7200,0.8,206,88.3,19.28,0.15,1.17,0.094,22.7
5.0,0.7,2.5,4.5,0.4,3600,0.4,205,89.3,19.3,0.14,1.18,0.094,22.51
5.0,0.7,2.5,4.5,0.6,3600,0.4,205,89.3,19.3,0.14,1.18,0.094,22.51
5.0,0.7,2.5,4.5,0.8,3600,0.4,205,89.3,19.3,0.14,1.18,0.094,22.51
5.0,1.0,2.5,4.5,0.4,1200,0.2,178,84.8,16.69,0.2,1.12,0.094,24.8
5.0,1.0,2.5,4.5,0.4,2400,0.2,177,84.7,16.65,0.2,1.12,0.094,24.8
5.0,1.0,2.5,4.5,0.4,3600,0.2,177,84.7,16.65,0.2,1.12,0.094,24.8
5.0,1.0,2.5,4.5,0.4,7200,0.2,177,84.7,16.65,0.2,1.12,0.094,24.8
5.0,1.0,2.5,4.5,0.4,7200,0.4,177,84.7,16.65,0.2,1.12,0.094,24.8
5.0,1.0,2.5,4.5,0.4,14400,0.2,177,84.7,16.65,0.2,1.12,0.094,24.8
5.0,1.0,2.5,4.5,0.4,14400,0.4,177,84.7,16.65,0.2,1.12,0.094,24.8
5.0,1.0,2.5,4.5,0.4,14400,0.8,177,84.7,16.65,0.2,1.12,0.094,24.8
5.0,1.0,2.5,4.5,0.4,,0.4,177,84.7,16.65,0.2,1.12,0.094,24.8
5.0,1.0,2.5,4.5,0.6,1200,0.2,178,84.8,16.69,0.2,1.12,0.094,24.8
5.0,1.0,2.5,4.5,0.6,2400,0.2,177,84.7,16.65,0.2,1.12,0.094,24.8
5.0,1.0,2.5,4.5,0.6,3600,0.2,177,84.7,16.65,0.2,1.12,0.094,24.8
5.0,1.0,2.5,4.5,0.6,7200,0.2,177,84.7,16.65,0.2,1.12,0.094,24.8
5.0,1.0,2.5,4.5,0.6,7200,0.4,177,84.7,16.65,0.2,1.12,0.094,24.8
5.0,1.0,2.5,4.5,0.6,14400,0.2,177,84.7,16.65,0.2,1.12,0.094,24.8
5.0,1.0,2.5,4.5,0.6,14400,0.4,177,84.7,16.65,0.2,1.12,0.094,24.8
5.0,1.0,2.5,4.5,0.6,14400,0.8,177,84.7,16.65,0.2,1.12,0.094,24.8
5.0,1.0,2.5,4.5,0.6,,0.4,177,84.7,16.65,0.2,1.12,0.094,24.8
5.0,1.0,2.5,4.5,0.8,1200,0.2,178,84.8,16.69,0.2,1.12,0.094,24.8
5.0,1.0,2.5,4.5,0.8,2400,0.2,177,84.7,16.65,0.2,1.12,0.094,24.8
5.0,1.0,2.5,4.5,0.8,3600,0.2,177,84.7,16.65,0.2,1.12,0.094,24.8
5.0,1.0,2.5,4.5,0.8,7200,0.2,177,84.7,16.65,0.2,1.12,0.094,24.8
5.0,1.0,2.5,4.5,0.8,7200,0.4,177,84.7,16.65,0.2,1.12,0.094,24.8
5.0,1.0,2.5,4.5,0.8,14400,0.2,177,84.7,16.65,0.2,1.12,0.094,24.8
5.0,1.0,2.5,4.5,0.8,14400,0.4,177,84.7,16.65,0.2,1.12,0.094,24.8
5.0,1.0,2.5,4.5,0.8,14400,0.8,177,84.7,16.65,0.2,1.12,0.094,24.8
5.0,1.0,2.5,4.5,0.8,,0.4,177,84.7,16.65,0.2,1.12,0.094,24.8
2.0,1.0,1.5,3.0,0.4,2400,0.4,244,67.2,22.71,0.56,1.15,0.093,11.95
2.0,1.0,1.5,3.0,0.4,7200,0.8,245,66.9,22.7,0.57,1.14,0.093,11.95
2.0,1.0,1.5,3.0,0.6,2400,0.4,244,67.2,22.71,0.56,1.15,0.093,11.95
2.0,1.0,1.5,3.0,0.6,7200,0.8,245,66.9,22.7,0.57,1.14,0.093,11.95
2.0,1.0,1.5,3.0,0.8,2400,0.4,244,67.2,22.71,0.56,1.15,0.093,11.95
2.0,1.0,1.5,3.0,0.8,7200,0.8,245,66.9,22.7,0.57,1.14,0.093,11.95
3.0,1.5,2.5,3.0,0.4,1200,0.8,245,66.1,22.82,0.59,1.16,0.093,20.41
4.0,1.0,2.5,4.5,0.4,1200,0.8,229,73.4,21.2,0.43,1.18,0.093,18.61
4.0,1.0,2.5,4.5,0.6,1200,0.8,229,73.4,21.2,0.43,1.18,0.093,18.61
4.0,1.0,2.5,4.5,0.8,1200,0.8,229,73.4,21.2,0.43,1.18,0.093,18.61
5.0,0.7,2.5,4.5,0.4,2400,0.2,203,89.2,18.79,0.14,1.17,0.093,22.51
5.0,0.7,2.5,4.5,0.4,3600,0.2,203,89.2,18.79,0.14,1.17,0.093,22.51
5.0,0.7,2.5,4.5,0.4,7200,0.2,203,89.2,18.79,0.14,1.17,0.093,22.51
5.0,0.7,2.5,4.5,0.4,7200,0.4,203,89.2,18.79,0.14,1.17,0.093,22.51
5.0,0.7,2.5,4.5,0.4,14400,0.2,203,89.2,18.79,0.14,1.17,0.093,22.51
5.0,0.7,2.5,4.5,0.4,14400,0.4,203,89.2,18.79,0.14,1.17,0.093,22.51
5.0,0.7,2.5,4.5,0.4,14400,0.8,203,89.2,18.79,0.14,1.17,0.093,22.51
5.0,0.7,2.5,4.5,0.4,,0.4,203,89.2,18.79,0.14,1.17,0.093,22.51
5.0,0.7,2.5,4.5,0.6,2400,0.2,203,89.2,18.79,0.14,1.17,0.093,22.51
5.0,0.7,2.5,4.5,0.6,3600,0.2,203,89.2,18.79,0.14,1.17,0.093,22.51
5.0,0.7,2.5,4.5,0.6,7200,0.2,203,89.2,18.79,0.14,1.17,0.093,22.51
5.0,0.7,2.5,4.5,0.6,7200,0.4,203,89.2,18.79,0.14,1.17,0.093,22.51
5.0,0.7,2.5,4.5,0.6,14400,0.2,203,89.2,18.79,0.14,1.17,0.093,22.51
5.0,0.7,2.5,4.5,0.6,14400,0.4,203,89.2,18.79,0.14,1.17,0.093,22.51
5.0,0.7,2.5,4.5,0.6,14400,0.8,203,89.2,18.79,0.14,1.17,0.093,22.51
5.0,0.7,2.5,4.5,0.6,,0.4,203,89.2,18.79,0.14,1.17,0.093,22.51
5.0,0.7,2.5,4.5,0.8,2400,0.2,203,89.2,18.79,0.14,1.17,0.093,22.51
5.0,0.7,2.5,4.5,0.8,3600,0.2,203,89.2,18.79,0.14,1.17,0.093,22.51
5.0,0.7,2.5,4.5,0.8,7200,0.2,203,89.2,18.79,0.14,1.17,0.093,22.51
5.0,0.7,2.5,4.5,0.8,7200,0.4,203,89.2,18.79,0.14,1.17,0.093,22.51
5.0,0.7,2.5,4.5,0.8,14400,0.2,203,89.2,18.79,0.14,1.17,0.093,22.51
5.0,0.7,2.5,4.5,0.8,14400,0.4,203,89.2,18.79,0.14,1.17,0.093,22.51
5.0,0.7,2.5,4.5,0.8,14400,0.8,203,89.2,18.79,0.14,1.17,0.093,22.51
5.0,0.7,2.5,4.5,0.8,,0.4,203,89.2,18.79,0.14,1.17,0.093,22.51
2.0,0.7,1.5,3.0,0.4,2400,0.4,261,73.9,24.03,0.42,1.18,0.092,12.11
2.0,0.7,1.5,3.0,0.6,2400,0.4,261,73.9,24.03,0.42,1.18,0.092,12.11
2.0,0.7,1.5,3.0,0.8,2400,0.4,261,73.9,24.03,0.42,1.18,0.092,12.11
3.0,0.7,1.5,3.0,0.4,1200,0.4,240,80.0,22.11,0.29,1.17,0.092,17.1
3.0,0.7,1.5,3.0,0.6,1200,0.4,240,80.0,22.11,0.29,1.17,0.092,17.1
3.0,0.7,1.5,3.0,0.8,1200,0.4,240,80.0,22.11,0.29,1.17,0.092,17.1
5.0,0.7,2.5,4.5,0.4,1200,0.2,204,89.2,18.83,0.14,1.17,0.092,22.51
5.0,0.7,2.5,4.5,0.6,1200,0.2,204,89.2,18.83,0.14,1.17,0.092,22.51
5.0,0.7,2.5,4.5,0.8,1200,0.2,204,89.2,18.83,0.14,1.17,0.092,22.51
3.0,0.7,1.5,4.5,0.4,2400,0.4,238,81.1,21.77,0.27,1.17,0.091,17.05
3.0,0.7,1.5,4.5,0.6,2400,0.4,238,81.1,21.77,0.27,1.17,0.091,17.05
3.0,0.7,1.5,4.5,0.8,2400,0.4,238,81.1,21.77,0.27,1.17,0.091,17.05
5.0,0.7,2.5,3.0,0.4,2400,0.4,205,88.3,18.67,0.15,1.17,0.091,22.06
5.0,0.7,2.5,3.0,0.6,2400,0.4,205,88.3,18.67,0.15,1.17,0.091,22.06
5.0,0.7,2.5,3.0,0.8,2400,0.4,205,88.3,18.67,0.15,1.17,0.091,22.06
5.0,1.0,2.5,3.0,0.4,3600,0.8,181,84.0,16.53,0.21,1.13,0.091,19.63
5.0,1.0,2.5,3.0,0.6,3600,0.8,181,84.0,16.53,0.21,1.13,0.091,19.63
5.0,1.0,2.5,3.0,0.8,3600,0.8,181,84.0,16.53,0.21,1.13,0.091,19.63
5.0,1.0,2.5,4.5,0.4,1200,0.4,179,83.2,16.33,0.23,1.13,0.091,20.68
5.0,1.0,2.5,4.5,0.6,1200,0.4,179,83.2,16.33,0.23,1.13,0.091,20.68
5.0,1.0,2.5,4.5,0.8,1200,0.4,179,83.2,16.33,0.23,1.13,0.091,20.68
2.0,1.5,2.5,4.5,0.8,1200,0.8,269,61.7,24.32,0.73,1.18,0.09,13.11
3.0,0.7,1.5,4.5,0.4,14400,0.8,235,81.3,20.9,0.27,1.16,0.089,17.8
3.0,0.7,1.5,4.5,0.6,14400,0.8,235,81.3,20.9,0.27,1.16,0.089,17.8
3.0,0.7,1.5,4.5,0.8,14400,0.8,235,81.3,20.9,0.27,1.16,0.089,17.8
3.0,1.5,2.5,4.5,0.4,1200,0.8,245,66.1,21.92,0.59,1.15,0.089,20.83
5.0,0.7,2.5,4.5,0.4,7200,0.8,206,88.3,18.38,0.15,1.17,0.089,23.15
5.0,0.7,2.5,4.5,0.6,7200,0.8,206,88.3,18.38,0.15,1.17,0.089,23.15
5.0,0.7,2.5,4.5,0.8,7200,0.8,206,88.3,18.38,0.15,1.17,0.089,23.15
4.0,0.7,1.5,4.5,0.4,2400,0.8,231,80.1,20.43,0.29,1.16,0.088,19.42
4.0,0.7,1.5,4.5,0.6,2400,0.8,231,80.1,20.43,0.29,1.16,0.088,19.42
4.0,0.7,1.5,4.5,0.8,2400,0.8,231,80.1,20.43,0.29,1.16,0.088,19.42
4.0,1.0,1.5,4.5,0.4,1200,0.4,199,79.4,17.23,0.29,1.12,0.087,17.75
4.0,1.0,1.5,4.5,0.6,1200,0.4,199,79.4,17.23,0.29,1.12,0.087,17.75
4.0,1.0,1.5,4.5,0.8,1200,0.4,199,79.4,17.23,0.29,1.12,0.087,17.75
5.0,0.7,2.5,4.5,0.4,2400,0.4,205,88.3,17.77,0.15,1.16,0.087,22.51
5.0,0.7,2.5,4.5,0.6,2400,0.4,205,88.3,17.77,0.15,1.16,0.087,22.51
5.0,0.7,2.5,4.5,0.8,2400,0.4,205,88.3,17.77,0.15,1.16,0.087,22.51
2.0,0.7,1.5,4.5,0.4,1200,0.2,262,75.2,22.6,0.39,1.17,0.086,12.11
2.0,0.7,1.5,4.5,0.6,1200,0.2,262,75.2,22.6,0.39,1.17,0.086,12.11
2.0,0.7,1.5,4.5,0.8,1200,0.2,262,75.2,22.6,0.39,1.17,0.086,12.11
3.0,1.5,2.5,3.0,0.4,3600,0.4,213,73.2,18.42,0.41,1.11,0.086,21.42
3.0,1.5,2.5,3.0,0.4,7200,0.4,211,73.5,18.22,0.4,1.11,0.086,21.42
5.0,1.0,2.5,4.5,0.4,3600,0.8,181,84.0,15.63,0.21,1.12,0.086,20.08
5.0,1.0,2.5,4.5,0.6,3600,0.8,181,84.0,15.63,0.21,1.12,0.086,20.08
5.0,1.0,2.5,4.5,0.8,3600,0.8,181,84.0,15.63,0.21,1.12,0.086,20.08
2.0,0.7,1.5,3.0,0.4,3600,0.8,265,73.2,22.63,0.43,1.17,0.085,12.11
2.0,0.7,1.5,3.0,0.6,3600,0.8,265,73.2,22.63,0.43,1.17,0.085,12.11
2.0,0.7,1.5,3.0,0.8,3600,0.8,265,73.2,22.63,0.43,1.17,0.085,12.11
3.0,1.5,2.5,3.0,0.4,1200,0.2,211,73.5,17.98,0.4,1.11,0.085,21.7
3.0,1.5,2.5,3.0,0.4,2400,0.2,210,73.3,17.94,0.4,1.11,0.085,21.7
3.0,1.5,2.5,3.0,0.4,3600,0.2,210,73.3,17.94,0.4,1.11,0.085,21.7
3.0,1.5,2.5,3.0,0.4,7200,0.2,210,73.3,17.94,0.4,1.11,0.085,21.7
3.0,1.5,2.5,3.0,0.4,14400,0.2,210,73.3,17.94,0.4,1.11,0.085,21.7
3.0,1.5,2.5,3.0,0.4,14400,0.4,210,73.3,17.94,0.4,1.11,0.085,21.7
3.0,1.5,2.5,3.0,0.4,,0.4,210,73.3,17.94,0.4,1.11,0.085,21.7
5.0,0.7,2.5,3.0,0.4,3600,0.8,207,87.9,17.54,0.16,1.16,0.085,22.48
5.0,0.7,2.5,3.0,0.6,3600,0.8,207,87.9,17.54,0.16,1.16,0.085,22.48
5.0,0.7,2.5,3.0,0.8,3600,0.8,207,87.9,17.54,0.16,1.16,0.085,22.48
3.0,0.7,1.5,4.5,0.4,3600,0.8,242,80.2,20.43,0.29,1.16,0.084,17.14
3.0,0.7,1.5,4.5,0.6,3600,0.8,242,80.2,20.43,0.29,1.16,0.084,17.14
3.0,0.7,1.5,4.5,0.8,3600,0.8,242,80.2,20.43,0.29,1.16,0.084,17.14
3.0,1.5,2.5,3.0,0.6,1200,0.8,244,66.0,20.48,0.59,1.14,0.084,20.61
2.0,1.0,1.5,4.5,0.4,1200,0.2,243,68.3,20.02,0.52,1.13,0.082,14.0
2.0,1.0,1.5,4.5,0.6,1200,0.2,243,68.3,20.02,0.52,1.13,0.082,14.0
2.0,1.0,1.5,4.5,0.8,1200,0.2,243,68.3,20.02,0.52,1.13,0.082,14.0
3.0,1.5,2.5,4.5,0.4,3600,0.4,213,73.2,17.52,0.4,1.1,0.082,22.77
3.0,1.5,2.5,4.5,0.4,7200,0.4,211,73.5,17.32,0.4,1.1,0.082,22.77
3.0,1.5,2.5,4.5,0.4,1200,0.2,211,73.5,17.08,0.4,1.1,0.081,23.05
3.0,1.5,2.5,4.5,0.4,2400,0.2,210,73.3,17.04,0.4,1.1,0.081,23.05
3.0,1.5,2.5,4.5,0.4,3600,0.2,210,73.3,17.04,0.4,1.1,0.081,23.05
3.0,1.5,2.5,4.5,0.4,7200,0.2,210,73.3,17.04,0.4,1.1,0.081,23.05
3.0,1.5,2.5,4.5,0.4,14400,0.2,210,73.3,17.04,0.4,1.1,0.081,23.05
3.0,1.5,2.5,4.5,0.4,14400,0.4,210,73.3,17.04,0.4,1.1,0.081,23.05
3.0,1.5,2.5,4.5,0.4,,0.4,210,73.3,17.04,0.4,1.1,0.081,23.05
3.0,1.5,2.5,4.5,0.6,1200,0.8,244,66.0,19.58,0.59,1.14,0.08,20.61
5.0,0.7,2.5,4.5,0.4,3600,0.8,207,87.9,16.64,0.16,1.15,0.08,22.93
5.0,0.7,2.5,4.5,0.6,3600,0.8,207,87.9,16.64,0.16,1.15,0.08,22.93
5.0,0.7,2.5,4.5,0.8,3600,0.8,207,87.9,16.64,0.16,1.15,0.08,22.93
2.0,0.7,1.5,4.5,0.4,14400,0.8,261,74.3,20.59,0.4,1.16,0.079,12.11
2.0,0.7,1.5,4.5,0.6,14400,0.8,261,74.3,20.59,0.4,1.16,0.079,12.11
2.0,0.7,1.5,4.5,0.8,14400,0.8,261,74.3,20.59,0.4,1.16,0.079,12.11
3.0,1.5,2.5,3.0,0.4,2400,0.4,213,72.8,16.92,0.41,1.1,0.079,22.84
2.0,0.7,1.5,4.5,0.4,2400,0.2,260,74.6,20.28,0.39,1.15,0.078,12.11
2.0,0.7,1.5,4.5,0.4,3600,0.2,260,74.6,20.28,0.39,1.15,0.078,12.11
2.0,0.7,1.5,4.5,0.4,7200,0.2,260,74.6,20.28,0.39,1.15,0.078,12.11
2.0,0.7,1.5,4.5,0.4,7200,0.4,260,74.6,20.28,0.39,1.15,0.078,12.11
2.0,0.7,1.5,4.5,0.4,14400,0.2,260,74.6,20.28,0.39,1.15,0.078,12.11
2.0,0.7,1.5,4.5,0.4,14400,0.4,260,74.6,20.28,0.39,1.15,0.078,12.11
2.0,0.7,1.5,4.5,0.4,,0.4,260,74.6,20.28,0.39,1.15,0.078,12.11
2.0,0.7,1.5,4.5,0.6,2400,0.2,260,74.6,20.28,0.39,1.15,0.078,12.11
2.0,0.7,1.5,4.5,0.6,3600,0.2,260,74.6,20.28,0.39,1.15,0.078,12.11
2.0,0.7,1.5,4.5,0.6,7200,0.2,260,74.6,20.28,0.39,1.15,0.078,12.11
2.0,0.7,1.5,4.5,0.6,7200,0.4,260,74.6,20.28,0.39,1.15,0.078,12.11
2.0,0.7,1.5,4.5,0.6,14400,0.2,260,74.6,20.28,0.39,1.15,0.078,12.11
2.0,0.7,1.5,4.5,0.6,14400,0.4,260,74.6,20.28,0.39,1.15,0.078,12.11
2.0,0.7,1.5,4.5,0.6,,0.4,260,74.6,20.28,0.39,1.15,0.078,12.11
2.0,0.7,1.5,4.5,0.8,2400,0.2,260,74.6,20.28,0.39,1.15,0.078,12.11
2.0,0.7,1.5,4.5,0.8,3600,0.2,260,74.6,20.28,0.39,1.15,0.078,12.11
2.0,0.7,1.5,4.5,0.8,7200,0.2,260,74.6,20.28,0.39,1.15,0.078,12.11
2.0,0.7,1.5,4.5,0.8,7200,0.4,260,74.6,20.28,0.39,1.15,0.078,12.11
2.0,0.7,1.5,4.5,0.8,14400,0.2,260,74.6,20.28,0.39,1.15,0.078,12.11
2.0,0.7,1.5,4.5,0.8,14400,0.4,260,74.6,20.28,0.39,1.15,0.078,12.11
2.0,0.7,1.5,4.5,0.8,,0.4,260,74.6,20.28,0.39,1.15,0.078,12.11
3.0,1.5,2.5,3.0,0.4,7200,0.8,213,72.8,16.56,0.41,1.1,0.078,21.89
2.0,0.7,1.5,4.5,0.4,3600,0.4,261,74.7,20.16,0.39,1.15,0.077,12.11
2.0,0.7,1.5,4.5,0.6,3600,0.4,261,74.7,20.16,0.39,1.15,0.077,12.11
2.0,0.7,1.5,4.5,0.8,3600,0.4,261,74.7,20.16,0.39,1.15,0.077,12.11
2.0,1.0,1.5,4.5,0.4,2400,0.2,242,67.8,18.6,0.53,1.12,0.077,14.0
2.0,1.0,1.5,4.5,0.4,3600,0.2,242,67.8,18.6,0.53,1.12,0.077,14.0
2.0,1.0,1.5,4.5,0.4,7200,0.2,242,67.8,18.6,0.53,1.12,0.077,14.0
2.0,1.0,1.5,4.5,0.4,7200,0.4,242,67.8,18.6,0.53,1.12,0.077,14.0
2.0,1.0,1.5,4.5,0.4,14400,0.2,242,67.8,18.6,0.53,1.12,0.077,14.0
2.0,1.0,1.5,4.5,0.4,14400,0.4,242,67.8,18.6,0.53,1.12,0.077,14.0
2.0,1.0,1.5,4.5,0.4,14400,0.8,243,67.5,18.64,0.54,1.12,0.077,14.0
2.0,1.0,1.5,4.5,0.4,,0.4,242,67.8,18.6,0.53,1.12,0.077,14.0
2.0,1.0,1.5,4.5,0.6,2400,0.2,242,67.8,18.6,0.53,1.12,0.077,14.0
2.0,1.0,1.5,4.5,0.6,3600,0.2,242,67.8,18.6,0.53,1.12,0.077,14.0
2.0,1.0,1.5,4.5,0.6,7200,0.2,242,67.8,18.6,0.53,1.12,0.077,14.0
2.0,1.0,1.5,4.5,0.6,7200,0.4,242,67.8,18.6,0.53,1.12,0.077,14.0
2.0,1.0,1.5,4.5,0.6,14400,0.2,242,67.8,18.6,0.53,1.12,0.077,14.0
2.0,1.0,1.5,4.5,0.6,14400,0.4,242,67.8,18.6,0.53,1.12,0.077,14.0
2.0,1.0,1.5,4.5,0.6,14400,0.8,243,67.5,18.64,0.54,1.12,0.077,14.0
2.0,1.0,1.5,4.5,0.6,,0.4,242,67.8,18.6,0.53,1.12,0.077,14.0
2.0,1.0,1.5,4.5,0.8,2400,0.2,242,67.8,18.6,0.53,1.12,0.077,14.0
2.0,1.0,1.5,4.5,0.8,3600,0.2,242,67.8,18.6,0.53,1.12,0.077,14.0
2.0,1.0,1.5,4.5,0.8,7200,0.2,242,67.8,18.6,0.53,1.12,0.077,14.0
2.0,1.0,1.5,4.5,0.8,7200,0.4,242,67.8,18.6,0.53,1.12,0.077,14.0
2.0,1.0,1.5,4.5,0.8,14400,0.2,242,67.8,18.6,0.53,1.12,0.077,14.0
2.0,1.0,1.5,4.5,0.8,14400,0.4,242,67.8,18.6,0.53,1.12,0.077,14.0
2.0,1.0,1.5,4.5,0.8,14400,0.8,243,67.5,18.64,0.54,1.12,0.077,14.0
2.0,1.0,1.5,4.5,0.8,,0.4,242,67.8,18.6,0.53,1.12,0.077,14.0
3.0,1.5,2.5,3.0,0.4,14400,0.8,210,72.9,16.1,0.41,1.1,0.077,23.54
3.0,1.5,2.5,3.0,0.4,2400,0.8,223,69.1,16.89,0.5,1.1,0.076,21.24
2.0,0.7,1.5,3.0,0.4,1200,0.4,264,72.3,19.91,0.44,1.15,0.075,12.11
2.0,0.7,1.5,3.0,0.6,1200,0.4,264,72.3,19.91,0.44,1.15,0.075,12.11
2.0,0.7,1.5,3.0,0.8,1200,0.4,264,72.3,19.91,0.44,1.15,0.075,12.11
2.0,0.7,1.5,4.5,0.4,7200,0.8,263,73.8,19.78,0.41,1.15,0.075,12.11
2.0,0.7,1.5,4.5,0.6,7200,0.8,263,73.8,19.78,0.41,1.15,0.075,12.11
2.0,0.7,1.5,4.5,0.8,7200,0.8,263,73.8,19.78,0.41,1.15,0.075,12.11
2.0,1.0,1.5,4.5,0.4,3600,0.4,243,67.9,18.21,0.53,1.12,0.075,14.0
2.0,1.0,1.5,4.5,0.6,3600,0.4,243,67.9,18.21,0.53,1.12,0.075,14.0
2.0,1.0,1.5,4.5,0.8,3600,0.4,243,67.9,18.21,0.53,1.12,0.075,14.0
3.0,1.5,2.5,4.5,0.4,2400,0.4,213,72.8,16.02,0.41,1.1,0.075,24.19
2.0,1.0,1.5,3.0,0.4,1200,0.4,247,66.0,18.24,0.58,1.12,0.074,11.95
2.0,1.0,1.5,3.0,0.6,1200,0.4,247,66.0,18.24,0.58,1.12,0.074,11.95
2.0,1.0,1.5,3.0,0.8,1200,0.4,247,66.0,18.24,0.58,1.12,0.074,11.95
3.0,0.7,1.5,4.5,0.4,2400,0.8,247,76.5,18.22,0.35,1.14,0.074,17.65
3.0,0.7,1.5,4.5,0.6,2400,0.8,247,76.5,18.22,0.35,1.14,0.074,17.65
3.0,0.7,1.5,4.5,0.8,2400,0.8,247,76.5,18.22,0.35,1.14,0.074,17.65
3.0,1.5,2.5,3.0,0.6,3600,0.4,212,73.1,15.68,0.4,1.09,0.074,21.62
3.0,1.5,2.5,3.0,0.6,7200,0.4,210,73.3,15.48,0.4,1.09,0.074,21.62
3.0,1.5,2.5,4.5,0.4,7200,0.8,213,72.8,15.66,0.41,1.09,0.074,23.24
2.0,1.0,1.5,3.0,0.4,1200,0.8,270,61.9,19.64,0.71,1.14,0.073,13.33
2.0,1.0,1.5,3.0,0.6,1200,0.8,270,61.9,19.64,0.71,1.14,0.073,13.33
2.0,1.0,1.5,3.0,0.8,1200,0.8,270,61.9,19.64,0.71,1.14,0.073,13.33
3.0,1.5,2.5,3.0,0.6,1200,0.2,210,73.3,15.24,0.4,1.09,0.073,21.9
3.0,1.5,2.5,3.0,0.6,2400,0.2,209,73.2,15.2,0.4,1.09,0.073,21.9
3.0,1.5,2.5,3.0,0.6,3600,0.2,209,73.2,15.2,0.4,1.09,0.073,21.9
3.0,1.5,2.5,3.0,0.6,7200,0.2,209,73.2,15.2,0.4,1.09,0.073,21.9
3.0,1.5,2.5,3.0,0.6,14400,0.2,209,73.2,15.2,0.4,1.09,0.073,21.9
3.0,1.5,2.5,3.0,0.6,14400,0.4,209,73.2,15.2,0.4,1.09,0.073,21.9
3.0,1.5,2.5,3.0,0.6,,0.4,209,73.2,15.2,0.4,1.09,0.073,21.9
5.0,0.7,2.5,3.0,0.4,1200,0.4,206,86.9,14.97,0.17,1.14,0.073,22.84
5.0,0.7,2.5,3.0,0.6,1200,0.4,206,86.9,14.97,0.17,1.14,0.073,22.84
5.0,0.7,2.5,3.0,0.8,1200,0.4,206,86.9,14.97,0.17,1.14,0.073,22.84
3.0,1.5,2.5,4.5,0.4,2400,0.8,223,69.1,15.99,0.49,1.1,0.072,22.14
3.0,1.5,2.5,4.5,0.4,14400,0.8,210,72.9,15.2,0.41,1.09,0.072,24.89
2.0,0.7,1.5,4.5,0.4,2400,0.4,261,73.9,18.63,0.4,1.14,0.071,12.11
2.0,0.7,1.5,4.5,0.6,2400,0.4,261,73.9,18.63,0.4,1.14,0.071,12.11
2.0,0.7,1.5,4.5,0.8,2400,0.4,261,73.9,18.63,0.4,1.14,0.071,12.11
2.0,1.0,1.5,4.5,0.4,2400,0.4,244,67.2,17.31,0.54,1.11,0.071,14.0
2.0,1.0,1.5,4.5,0.4,7200,0.8,245,66.9,17.3,0.55,1.11,0.071,14.0
2.0,1.0,1.5,4.5,0.6,2400,0.4,244,67.2,17.31,0.54,1.11,0.071,14.0
2.0,1.0,1.5,4.5,0.6,7200,0.8,245,66.9,17.3,0.55,1.11,0.071,14.0
2.0,1.0,1.5,4.5,0.8,2400,0.4,244,67.2,17.31,0.54,1.11,0.071,14.0
2.0,1.0,1.5,4.5,0.8,7200,0.8,245,66.9,17.3,0.55,1.11,0.071,14.0
4.0,1.0,2.5,3.0,0.4,3600,0.4,199,81.4,14.06,0.25,1.1,0.071,18.2
4.0,1.0,2.5,3.0,0.6,3600,0.4,199,81.4,14.06,0.25,1.1,0.071,18.2
4.0,1.0,2.5,3.0,0.8,3600,0.4,199,81.4,14.06,0.25,1.1,0.071,18.2
2.0,1.0,1.5,3.0,0.4,3600,0.8,248,66.5,17.27,0.56,1.11,0.07,11.95
2.0,1.0,1.5,3.0,0.6,3600,0.8,248,66.5,17.27,0.56,1.11,0.07,11.95
2.0,1.0,1.5,3.0,0.8,3600,0.8,248,66.5,17.27,0.56,1.11,0.07,11.95
3.0,0.7,1.5,4.5,0.4,1200,0.4,240,80.0,16.71,0.28,1.13,0.07,18.45
3.0,0.7,1.5,4.5,0.6,1200,0.4,240,80.0,16.71,0.28,1.13,0.07,18.45
3.0,0.7,1.5,4.5,0.8,1200,0.4,240,80.0,16.71,0.28,1.13,0.07,18.45
3.0,1.5,2.5,4.5,0.6,3600,0.4,212,73.1,14.78,0.4,1.09,0.07,22.96
2.0,0.7,1.5,3.0,0.4,2400,0.8,269,69.5,18.54,0.5,1.14,0.069,13.15
2.0,0.7,1.5,3.0,0.6,2400,0.8,269,69.5,18.54,0.5,1.14,0.069,13.15
2.0,0.7,1.5,3.0,0.8,2400,0.8,269,69.5,18.54,0.5,1.14,0.069,13.15
3.0,1.5,2.5,4.5,0.6,7200,0.4,210,73.3,14.58,0.4,1.09,0.069,22.96
4.0,1.0,2.5,3.0,0.4,1200,0.2,198,81.3,13.59,0.25,1.09,0.069,18.2
4.0,1.0,2.5,3.0,0.4,2400,0.2,197,81.2,13.55,0.25,1.09,0.069,18.2
4.0,1.0,2.5,3.0,0.4,2400,0.8,209,76.6,14.5,0.34,1.1,0.069,18.2
4.0,1.0,2.5,3.0,0.4,3600,0.2,197,81.2,13.55,0.25,1.09,0.069,18.2
4.0,1.0,2.5,3.0,0.4,7200,0.2,197,81.2,13.55,0.25,1.09,0.069,18.2
4.0,1.0,2.5,3.0,0.4,7200,0.4,197,81.2,13.55,0.25,1.09,0.069,18.2
4.0,1.0,2.5,3.0,0.4,14400,0.2,197,81.2,13.55,0.25,1.09,0.069,18.2
4.0,1.0,2.5,3.0,0.4,14400,0.4,197,81.2,13.55,0.25,1.09,0.069,18.2
4.0,1.0,2.5,3.0,0.4,14400,0.8,197,81.2,13.55,0.25,1.09,0.069,18.2
4.0,1.0,2.5,3.0,0.4,,0.4,197,81.2,13.55,0.25,1.09,0.069,18.2
4.0,1.0,2.5,3.0,0.6,1200,0.2,198,81.3,13.59,0.25,1.09,0.069,18.2
4.0,1.0,2.5,3.0,0.6,2400,0.2,197,81.2,13.55,0.25,1.09,0.069,18.2
4.0,1.0,2.5,3.0,0.6,2400,0.8,209,76.6,14.5,0.34,1.1,0.069,18.2
4.0,1.0,2.5,3.0,0.6,3600,0.2,197,81.2,13.55,0.25,1.09,0.069,18.2
4.0,1.0,2.5,3.0,0.6,7200,0.2,197,81.2,13.55,0.25,1.09,0.069,18.2
4.0,1.0,2.5,3.0,0.6,7200,0.4,197,81.2,13.55,0.25,1.09,0.069,18.2
4.0,1.0,2.5,3.0,0.6,14400,0.2,197,81.2,13.55,0.25,1.09,0.069,18.2
4.0,1.0,2.5,3.0,0.6,14400,0.4,197,81.2,13.55,0.25,1.09,0.069,18.2
4.0,1.0,2.5,3.0,0.6,14400,0.8,197,81.2,13.55,0.25,1.09,0.069,18.2
4.0,1.0,2.5,3.0,0.6,,0.4,197,81.2,13.55,0.25,1.09,0.069,18.2
4.0,1.0,2.5,3.0,0.8,1200,0.2,198,81.3,13.59,0.25,1.09,0.069,18.2
4.0,1.0,2.5,3.0,0.8,2400,0.2,197,81.2,13.55,0.25,1.09,0.069,18.2
4.0,1.0,2.5,3.0,0.8,2400,0.8,209,76.6,14.5,0.34,1.1,0.069,18.2
4.0,1.0,2.5,3.0,0.8,3600,0.2,197,81.2,13.55,0.25,1.09,0.069,18.2
4.0,1.0,2.5,3.0,0.8,7200,0.2,197,81.2,13.55,0.25,1.09,0.069,18.2
4.0,1.0,2.5,3.0,0.8,7200,0.4,197,81.2,13.55,0.25,1.09,0.069,18.2
4.0,1.0,2.5,3.0,0.8,14400,0.2,197,81.2,13.55,0.25,1.09,0.069,18.2
4.0,1.0,2.5,3.0,0.8,14400,0.4,197,81.2,13.55,0.25,1.09,0.069,18.2
4.0,1.0,2.5,3.0,0.8,14400,0.8,197,81.2,13.55,0.25,1.09,0.069,18.2
4.0,1.0,2.5,3.0,0.8,,0.4,197,81.2,13.55,0.25,1.09,0.069,18.2
5.0,0.7,2.5,3.0,0.4,1200,0.8,230,79.1,15.91,0.3,1.16,0.069,20.01
5.0,0.7,2.5,3.0,0.6,1200,0.8,230,79.1,15.91,0.3,1.16,0.069,20.01
5.0,0.7,2.5,3.0,0.8,1200,0.8,230,79.1,15.91,0.3,1.16,0.069,20.01
2.0,1.0,1.5,3.0,0.4,2400,0.8,251,63.3,17.16,0.64,1.11,0.068,12.7
2.0,1.0,1.5,3.0,0.6,2400,0.8,251,63.3,17.16,0.64,1.11,0.068,12.7
2.0,1.0,1.5,3.0,0.8,2400,0.8,251,63.3,17.16,0.64,1.11,0.068,12.7
3.0,1.5,2.5,3.0,0.6,2400,0.4,212,72.6,14.38,0.41,1.09,0.068,22.84
3.0,1.5,2.5,4.5,0.6,1200,0.2,210,73.3,14.34,0.39,1.09,0.068,23.24
3.0,1.5,2.5,4.5,0.6,2400,0.2,209,73.2,14.3,0.4,1.09,0.068,23.24
3.0,1.5,2.5,4.5,0.6,3600,0.2,209,73.2,14.3,0.4,1.09,0.068,23.24
3.0,1.5,2.5,4.5,0.6,7200,0.2,209,73.2,14.3,0.4,1.09,0.068,23.24
3.0,1.5,2.5,4.5,0.6,14400,0.2,209,73.2,14.3,0.4,1.09,0.068,23.24
3.0,1.5,2.5,4.5,0.6,14400,0.4,209,73.2,14.3,0.4,1.09,0.068,23.24
3.0,1.5,2.5,4.5,0.6,,0.4,209,73.2,14.3,0.4,1.09,0.068,23.24
5.0,0.7,2.5,4.5,0.4,1200,0.4,206,86.9,14.07,0.17,1.13,0.068,23.29
5.0,0.7,2.5,4.5,0.6,1200,0.4,206,86.9,14.07,0.17,1.13,0.068,23.29
5.0,0.7,2.5,4.5,0.8,1200,0.4,206,86.9,14.07,0.17,1.13,0.068,23.29
5.0,0.7,2.5,4.5,0.4,1200,0.8,230,79.1,15.46,0.3,1.15,0.067,20.46
5.0,0.7,2.5,4.5,0.6,1200,0.8,230,79.1,15.46,0.3,1.15,0.067,20.46
5.0,0.7,2.5,4.5,0.8,1200,0.8,230,79.1,15.46,0.3,1.15,0.067,20.46
3.0,1.5,2.5,3.0,0.6,7200,0.8,212,72.6,14.02,0.41,1.08,0.066,21.89
3.0,1.5,2.5,3.0,0.8,1200,0.8,244,66.4,16.22,0.56,1.11,0.066,19.79
4.0,1.0,2.5,4.5,0.4,3600,0.4,199,81.4,13.16,0.25,1.09,0.066,18.6
4.0,1.0,2.5,4.5,0.6,3600,0.4,199,81.4,13.16,0.25,1.09,0.066,18.6
4.0,1.0,2.5,4.5,0.8,3600,0.4,199,81.4,13.16,0.25,1.09,0.066,18.6
2.0,0.7,1.5,4.5,0.4,3600,0.8,265,73.2,17.23,0.41,1.13,0.065,12.11
2.0,0.7,1.5,4.5,0.6,3600,0.8,265,73.2,17.23,0.41,1.13,0.065,12.11
2.0,0.7,1.5,4.5,0.8,3600,0.8,265,73.2,17.23,0.41,1.13,0.065,12.11
3.0,1.5,2.5,3.0,0.6,2400,0.8,222,68.9,14.38,0.49,1.09,0.065,20.92
4.0,1.0,2.5,4.5,0.4,2400,0.8,209,76.6,13.6,0.34,1.1,0.065,18.2
4.0,1.0,2.5,4.5,0.6,2400,0.8,209,76.6,13.6,0.34,1.1,0.065,18.2
4.0,1.0,2.5,4.5,0.8,2400,0.8,209,76.6,13.6,0.34,1.1,0.065,18.2
3.0,1.5,2.5,3.0,0.6,14400,0.8,209,72.7,13.36,0.4,1.08,0.064,23.74
3.0,1.5,2.5,4.5,0.6,2400,0.4,212,72.6,13.48,0.41,1.08,0.064,24.18
4.0,1.0,2.5,4.5,0.4,1200,0.2,198,81.3,12.69,0.25,1.09,0.064,18.75
4.0,1.0,2.5,4.5,0.4,2400,0.2,197,81.2,12.65,0.25,1.09,0.064,18.75
4.0,1.0,2.5,4.5,0.4,3600,0.2,197,81.2,12.65,0.25,1.09,0.064,18.75
4.0,1.0,2.5,4.5,0.4,7200,0.2,197,81.2,12.65,0.25,1.09,0.064,18.75
4.0,1.0,2.5,4.5,0.4,7200,0.4,197,81.2,12.65,0.25,1.09,0.064,18.75
4.0,1.0,2.5,4.5,0.4,14400,0.2,197,81.2,12.65,0.25,1.09,0.064,18.75
4.0,1.0,2.5,4.5,0.4,14400,0.4,197,81.2,12.65,0.25,1.09,0.064,18.75
4.0,1.0,2.5,4.5,0.4,14400,0.8,197,81.2,12.65,0.25,1.09,0.064,18.75
4.0,1.0,2.5,4.5,0.4,,0.4,197,81.2,12.65,0.25,1.09,0.064,18.75
4.0,1.0,2.5,4.5,0.6,1200,0.2,198,81.3,12.69,0.25,1.09,0.064,18.75
4.0,1.0,2.5,4.5,0.6,2400,0.2,197,81.2,12.65,0.25,1.09,0.064,18.75
4.0,1.0,2.5,4.5,0.6,3600,0.2,197,81.2,12.65,0.25,1.09,0.064,18.75
4.0,1.0,2.5,4.5,0.6,7200,0.2,197,81.2,12.65,0.25,1.09,0.064,18.75
4.0,1.0,2.5,4.5,0.6,7200,0.4,197,81.2,12.65,0.25,1.09,0.064,18.75
4.0,1.0,2.5,4.5,0.6,14400,0.2,197,81.2,12.65,0.25,1.09,0.064,18.75
4.0,1.0,2.5,4.5,0.6,14400,0.4,197,81.2,12.65,0.25,1.09,0.064,18.75
4.0,1.0,2.5,4.5,0.6,14400,0.8,197,81.2,12.65,0.25,1.09,0.064,18.75
4.0,1.0,2.5,4.5,0.6,,0.4,197,81.2,12.65,0.25,1.09,0.064,18.75
4.0,1.0,2.5,4.5,0.8,1200,0.2,198,81.3,12.69,0.25,1.09,0.064,18.75
4.0,1.0,2.5,4.5,0.8,2400,0.2,197,81.2,12.65,0.25,1.09,0.064,18.75
4.0,1.0,2.5,4.5,0.8,3600,0.2,197,81.2,12.65,0.25,1.09,0.064,18.75
4.0,1.0,2.5,4.5,0.8,7200,0.2,197,81.2,12.65,0.25,1.09,0.064,18.75
4.0,1.0,2.5,4.5,0.8,7200,0.4,197,81.2,12.65,0.25,1.09,0.064,18.75
4.0,1.0,2.5,4.5,0.8,14400,0.2,197,81.2,12.65,0.25,1.09,0.064,18.75
4.0,1.0,2.5,4.5,0.8,14400,0.4,197,81.2,12.65,0.25,1.09,0.064,18.75
4.0,1.0,2.5,4.5,0.8,14400,0.8,197,81.2,12.65,0.25,1.09,0.064,18.75
4.0,1.0,2.5,4.5,0.8,,0.4,197,81.2,12.65,0.25,1.09,0.064,18.75
3.0,0.7,1.5,3.0,0.4,1200,0.8,263,71.1,16.64,0.46,1.14,0.063,18.82
3.0,0.7,1.5,3.0,0.6,1200,0.8,263,71.1,16.64,0.46,1.14,0.063,18.82
3.0,0.7,1.5,3.0,0.8,1200,0.8,263,71.1,16.64,0.46,1.14,0.063,18.82
3.0,1.5,2.5,3.0,0.4,3600,0.8,217,71.9,13.63,0.42,1.08,0.063,23.23
3.0,1.5,2.5,4.5,0.8,1200,0.8,244,66.4,15.32,0.56,1.11,0.063,19.89
3.0,1.5,2.5,4.5,0.6,7200,0.8,212,72.6,13.12,0.41,1.08,0.062,23.23
4.0,1.0,2.5,3.0,0.4,2400,0.4,199,80.4,12.26,0.26,1.08,0.062,19.41
4.0,1.0,2.5,3.0,0.6,2400,0.4,199,80.4,12.26,0.26,1.08,0.062,19.41
4.0,1.0,2.5,3.0,0.8,2400,0.4,199,80.4,12.26,0.26,1.08,0.062,19.41
3.0,1.5,2.5,4.5,0.6,2400,0.8,222,68.9,13.48,0.49,1.08,0.061,21.82
3.0,1.5,2.5,4.5,0.6,14400,0.8,209,72.7,12.46,0.4,1.07,0.06,25.08
4.0,1.0,2.5,3.0,0.4,7200,0.8,199,80.4,11.98,0.26,1.08,0.06,19.41
4.0,1.0,2.5,3.0,0.6,7200,0.8,199,80.4,11.98,0.26,1.08,0.06,19.41
4.0,1.0,2.5,3.0,0.8,7200,0.8,199,80.4,11.98,0.26,1.08,0.06,19.41
2.0,1.0,1.5,4.5,0.4,1200,0.8,270,61.9,15.59,0.69,1.11,0.058,13.33
2.0,1.0,1.5,4.5,0.6,1200,0.8,270,61.9,15.59,0.69,1.11,0.058,13.33
2.0,1.0,1.5,4.5,0.8,1200,0.8,270,61.9,15.59,0.69,1.11,0.058,13.33
3.0,1.5,2.5,4.5,0.4,3600,0.8,217,71.9,12.28,0.42,1.07,0.057,25.03
4.0,1.0,2.5,4.5,0.4,2400,0.4,199,80.4,11.36,0.26,1.08,0.057,20.16
4.0,1.0,2.5,4.5,0.6,2400,0.4,199,80.4,11.36,0.26,1.08,0.057,20.16
4.0,1.0,2.5,4.5,0.8,2400,0.4,199,80.4,11.36,0.26,1.08,0.057,20.16
4.0,1.0,2.5,4.5,0.4,7200,0.8,199,80.4,11.08,0.26,1.07,0.056,19.86
4.0,1.0,2.5,4.5,0.6,7200,0.8,199,80.4,11.08,0.26,1.07,0.056,19.86
4.0,1.0,2.5,4.5,0.8,7200,0.8,199,80.4,11.08,0.26,1.07,0.056,19.86
2.0,0.7,1.5,4.5,0.4,1200,0.4,264,72.3,14.51,0.42,1.11,0.055,12.11
2.0,0.7,1.5,4.5,0.6,1200,0.4,264,72.3,14.51,0.42,1.11,0.055,12.11
2.0,0.7,1.5,4.5,0.8,1200,0.4,264,72.3,14.51,0.42,1.11,0.055,12.11
4.0,0.7,2.5,3.0,0.4,3600,0.8,224,84.8,12.01,0.2,1.1,0.054,22.26
4.0,0.7,2.5,3.0,0.6,3600,0.8,224,84.8,12.01,0.2,1.1,0.054,22.26
4.0,0.7,2.5,3.0,0.8,3600,0.8,224,84.8,12.01,0.2,1.1,0.054,22.26
2.0,1.0,1.5,4.5,0.4,1200,0.4,247,66.0,12.84,0.56,1.08,0.052,14.0
2.0,1.0,1.5,4.5,0.6,1200,0.4,247,66.0,12.84,0.56,1.08,0.052,14.0
2.0,1.0,1.5,4.5,0.8,1200,0.4,247,66.0,12.84,0.56,1.08,0.052,14.0
3.0,1.5,2.5,3.0,0.6,3600,0.8,216,71.8,11.25,0.42,1.07,0.052,23.15
3.0,1.5,2.5,3.0,0.4,1200,0.4,216,72.2,10.93,0.41,1.06,0.051,21.35
4.0,0.7,2.5,3.0,0.4,1200,0.2,222,86.0,11.4,0.18,1.09,0.051,24.04
4.0,0.7,2.5,3.0,0.4,2400,0.2,221,86.0,11.36,0.18,1.09,0.051,24.04
4.0,0.7,2.5,3.0,0.4,3600,0.2,221,86.0,11.36,0.18,1.09,0.051,24.04
4.0,0.7,2.5,3.0,0.4,3600,0.4,222,86.0,11.24,0.18,1.09,0.051,24.36
4.0,0.7,2.5,3.0,0.4,7200,0.2,221,86.0,11.36,0.18,1.09,0.051,24.04
4.0,0.7,2.5,3.0,0.4,7200,0.4,221,86.0,11.36,0.18,1.09,0.051,24.04
4.0,0.7,2.5,3.0,0.4,14400,0.2,221,86.0,11.36,0.18,1.09,0.051,24.04
4.0,0.7,2.5,3.0,0.4,14400,0.4,221,86.0,11.36,0.18,1.09,0.051,24.04
4.0,0.7,2.5,3.0,0.4,14400,0.8,221,86.0,11.36,0.18,1.09,0.051,24.04
4.0,0.7,2.5,3.0,0.4,,0.4,221,86.0,11.36,0.18,1.09,0.051,24.04
4.0,0.7,2.5,3.0,0.6,1200,0.2,222,86.0,11.4,0.18,1.09,0.051,24.04
4.0,0.7,2.5,3.0,0.6,2400,0.2,221,86.0,11.36,0.18,1.09,0.051,24.04
4.0,0.7,2.5,3.0,0.6,3600,0.2,221,86.0,11.36,0.18,1.09,0.051,24.04
4.0,0.7,2.5,3.0,0.6,3600,0.4,222,86.0,11.24,0.18,1.09,0.051,24.36
4.0,0.7,2.5,3.0,0.6,7200,0.2,221,86.0,11.36,0.18,1.09,0.051,24.04
4.0,0.7,2.5,3.0,0.6,7200,0.4,221,86.0,11.36,0.18,1.09,0.051,24.04
4.0,0.7,2.5,3.0,0.6,14400,0.2,221,86.0,11.36,0.18,1.09,0.051,24.04
4.0,0.7,2.5,3.0,0.6,14400,0.4,221,86.0,11.36,0.18,1.09,0.051,24.04
4.0,0.7,2.5,3.0,0.6,14400,0.8,221,86.0,11.36,0.18,1.09,0.051,24.04
4.0,0.7,2.5,3.0,0.6,,0.4,221,86.0,11.36,0.18,1.09,0.051,24.04
4.0,0.7,2.5,3.0,0.8,1200,0.2,222,86.0,11.4,0.18,1.09,0.051,24.04
4.0,0.7,2.5,3.0,0.8,2400,0.2,221,86.0,11.36,0.18,1.09,0.051,24.04
4.0,0.7,2.5,3.0,0.8,3600,0.2,221,86.0,11.36,0.18,1.09,0.051,24.04
4.0,0.7,2.5,3.0,0.8,3600,0.4,222,86.0,11.24,0.18,1.09,0.051,24.36
4.0,0.7,2.5,3.0,0.8,7200,0.2,221,86.0,11.36,0.18,1.09,0.051,24.04
4.0,0.7,2.5,3.0,0.8,7200,0.4,221,86.0,11.36,0.18,1.09,0.051,24.04
4.0,0.7,2.5,3.0,0.8,14400,0.2,221,86.0,11.36,0.18,1.09,0.051,24.04
4.0,0.7,2.5,3.0,0.8,14400,0.4,221,86.0,11.36,0.18,1.09,0.051,24.04
4.0,0.7,2.5,3.0,0.8,14400,0.8,221,86.0,11.36,0.18,1.09,0.051,24.04
4.0,0.7,2.5,3.0,0.8,,0.4,221,86.0,11.36,0.18,1.09,0.051,24.04
5.0,0.7,2.5,3.0,0.4,2400,0.8,213,83.1,10.89,0.22,1.1,0.051,24.72
5.0,0.7,2.5,3.0,0.6,2400,0.8,213,83.1,10.89,0.22,1.1,0.051,24.72
5.0,0.7,2.5,3.0,0.8,2400,0.8,213,83.1,10.89,0.22,1.1,0.051,24.72
4.0,0.7,2.5,4.5,0.4,3600,0.8,224,84.8,11.11,0.2,1.09,0.05,23.16
4.0,0.7,2.5,4.5,0.6,3600,0.8,224,84.8,11.11,0.2,1.09,0.05,23.16
4.0,0.7,2.5,4.5,0.8,3600,0.8,224,84.8,11.11,0.2,1.09,0.05,23.16
4.0,1.0,2.5,3.0,0.4,3600,0.8,201,80.1,10.06,0.27,1.07,0.05,19.4
4.0,1.0,2.5,3.0,0.6,3600,0.8,201,80.1,10.06,0.27,1.07,0.05,19.4
4.0,1.0,2.5,3.0,0.8,3600,0.8,201,80.1,10.06,0.27,1.07,0.05,19.4
2.0,0.7,1.5,4.5,0.4,2400,0.8,269,69.5,13.14,0.48,1.1,0.049,13.15
2.0,0.7,1.5,4.5,0.6,2400,0.8,269,69.5,13.14,0.48,1.1,0.049,13.15
2.0,0.7,1.5,4.5,0.8,2400,0.8,269,69.5,13.14,0.48,1.1,0.049,13.15
2.0,1.0,2.5,3.0,0.4,1200,0.2,243,68.3,11.92,0.5,1.08,0.049,15.3
2.0,1.0,2.5,3.0,0.6,1200,0.2,243,68.3,11.92,0.5,1.08,0.049,15.3
2.0,1.0,2.5,3.0,0.8,1200,0.2,243,68.3,11.92,0.5,1.08,0.049,15.3
3.0,1.5,2.5,3.0,0.8,3600,0.4,212,73.1,10.31,0.39,1.06,0.049,24.95
2.0,1.0,1.5,4.5,0.4,3600,0.8,248,66.5,11.87,0.54,1.08,0.048,14.71
2.0,1.0,1.5,4.5,0.6,3600,0.8,248,66.5,11.87,0.54,1.08,0.048,14.71
2.0,1.0,1.5,4.5,0.8,3600,0.8,248,66.5,11.87,0.54,1.08,0.048,14.71
3.0,0.7,1.5,4.5,0.4,1200,0.8,263,71.1,12.59,0.45,1.1,0.048,18.82
3.0,0.7,1.5,4.5,0.6,1200,0.8,263,71.1,12.59,0.45,1.1,0.048,18.82
3.0,0.7,1.5,4.5,0.8,1200,0.8,263,71.1,12.59,0.45,1.1,0.048,18.82
3.0,1.5,2.5,3.0,0.8,7200,0.4,210,73.3,10.11,0.39,1.06,0.048,24.95
2.0,1.0,1.5,4.5,0.4,2400,0.8,251,63.3,11.76,0.62,1.08,0.047,15.4
2.0,1.0,1.5,4.5,0.6,2400,0.8,251,63.3,11.76,0.62,1.08,0.047,15.4
2.0,1.0,1.5,4.5,0.8,2400,0.8,251,63.3,11.76,0.62,1.08,0.047,15.4
3.0,1.5,2.5,3.0,0.8,1200,0.2,210,73.3,9.87,0.38,1.06,0.047,25.23
3.0,1.5,2.5,3.0,0.8,2400,0.2,209,73.2,9.83,0.39,1.06,0.047,25.23
3.0,1.5,2.5,3.0,0.8,3600,0.2,209,73.2,9.83,0.39,1.06,0.047,25.23
3.0,1.5,2.5,3.0,0.8,7200,0.2,209,73.2,9.83,0.39,1.06,0.047,25.23
3.0,1.5,2.5,3.0,0.8,14400,0.2,209,73.2,9.83,0.39,1.06,0.047,25.23
3.0,1.5,2.5,3.0,0.8,14400,0.4,209,73.2,9.83,0.39,1.06,0.047,25.23
3.0,1.5,2.5,3.0,0.8,,0.4,209,73.2,9.83,0.39,1.06,0.047,25.23
4.0,0.7,2.5,4.5,0.4,1200,0.2,222,86.0,10.5,0.18,1.08,0.047,24.94
4.0,0.7,2.5,4.5,0.4,2400,0.2,221,86.0,10.46,0.18,1.08,0.047,24.94
4.0,0.7,2.5,4.5,0.4,3600,0.2,221,86.0,10.46,0.18,1.08,0.047,24.94
4.0,0.7,2.5,4.5,0.4,3600,0.4,222,86.0,10.34,0.18,1.08,0.047,25.26
4.0,0.7,2.5,4.5,0.4,7200,0.2,221,86.0,10.46,0.18,1.08,0.047,24.94
4.0,0.7,2.5,4.5,0.4,7200,0.4,221,86.0,10.46,0.18,1.08,0.047,24.94
4.0,0.7,2.5,4.5,0.4,14400,0.2,221,86.0,10.46,0.18,1.08,0.047,24.94
4.0,0.7,2.5,4.5,0.4,14400,0.4,221,86.0,10.46,0.18,1.08,0.047,24.94
4.0,0.7,2.5,4.5,0.4,14400,0.8,221,86.0,10.46,0.18,1.08,0.047,24.94
4.0,0.7,2.5,4.5,0.4,,0.4,221,86.0,10.46,0.18,1.08,0.047,24.94
4.0,0.7,2.5,4.5,0.6,1200,0.2,222,86.0,10.5,0.18,1.08,0.047,24.94
4.0,0.7,2.5,4.5,0.6,2400,0.2,221,86.0,10.46,0.18,1.08,0.047,24.94
4.0,0.7,2.5,4.5,0.6,3600,0.2,221,86.0,10.46,0.18,1.08,0.047,24.94
4.0,0.7,2.5,4.5,0.6,3600,0.4,222,86.0,10.34,0.18,1.08,0.047,25.26
4.0,0.7,2.5,4.5,0.6,7200,0.2,221,86.0,10.46,0.18,1.08,0.047,24.94
4.0,0.7,2.5,4.5,0.6,7200,0.4,221,86.0,10.46,0.18,1.08,0.047,24.94
4.0,0.7,2.5,4.5,0.6,14400,0.2,221,86.0,10.46,0.18,1.08,0.047,24.94
4.0,0.7,2.5,4.5,0.6,14400,0.4,221,86.0,10.46,0.18,1.08,0.047,24.94
4.0,0.7,2.5,4.5,0.6,14400,0.8,221,86.0,10.46,0.18,1.08,0.047,24.94
4.0,0.7,2.5,4.5,0.6,,0.4,221,86.0,10.46,0.18,1.08,0.047,24.94
4.0,0.7,2.5,4.5,0.8,1200,0.2,222,86.0,10.5,0.18,1.08,0.047,24.94
4.0,0.7,2.5,4.5,0.8,2400,0.2,221,86.0,10.46,0.18,1.08,0.047,24.94
4.0,0.7,2.5,4.5,0.8,3600,0.2,221,86.0,10.46,0.18,1.08,0.047,24.94
4.0,0.7,2.5,4.5,0.8,3600,0.4,222,86.0,10.34,0.18,1.08,0.047,25.26
4.0,0.7,2.5,4.5,0.8,7200,0.2,221,86.0,10.46,0.18,1.08,0.047,24.94
4.0,0.7,2.5,4.5,0.8,7200,0.4,221,86.0,10.46,0.18,1.08,0.047,24.94
4.0,0.7,2.5,4.5,0.8,14400,0.2,221,86.0,10.46,0.18,1.08,0.047,24.94
4.0,0.7,2.5,4.5,0.8,14400,0.4,221,86.0,10.46,0.18,1.08,0.047,24.94
4.0,0.7,2.5,4.5,0.8,14400,0.8,221,86.0,10.46,0.18,1.08,0.047,24.94
4.0,0.7,2.5,4.5,0.8,,0.4,221,86.0,10.46,0.18,1.08,0.047,24.94
5.0,0.7,2.5,4.5,0.4,2400,0.8,213,83.1,9.99,0.22,1.09,0.047,25.17
5.0,0.7,2.5,4.5,0.6,2400,0.8,213,83.1,9.99,0.22,1.09,0.047,25.17
5.0,0.7,2.5,4.5,0.8,2400,0.8,213,83.1,9.99,0.22,1.09,0.047,25.17
3.0,1.5,2.5,3.0,0.8,2400,0.8,222,69.4,10.15,0.47,1.06,0.046,22.04
3.0,1.5,2.5,4.5,0.4,1200,0.4,216,72.2,10.03,0.41,1.06,0.046,22.7
3.0,1.5,2.5,4.5,0.6,3600,0.8,216,71.8,9.9,0.42,1.06,0.046,24.86
4.0,0.7,2.5,3.0,0.4,7200,0.8,223,85.2,10.32,0.19,1.08,0.046,24.74
4.0,0.7,2.5,3.0,0.6,7200,0.8,223,85.2,10.32,0.19,1.08,0.046,24.74
4.0,0.7,2.5,3.0,0.8,7200,0.8,223,85.2,10.32,0.19,1.08,0.046,24.74
4.0,1.0,2.5,4.5,0.4,3600,0.8,201,80.1,9.16,0.26,1.06,0.046,20.3
4.0,1.0,2.5,4.5,0.6,3600,0.8,201,80.1,9.16,0.26,1.06,0.046,20.3
4.0,1.0,2.5,4.5,0.8,3600,0.8,201,80.1,9.16,0.26,1.06,0.046,20.3
2.0,1.0,2.5,4.5,0.4,1200,0.2,243,68.3,11.02,0.5,1.07,0.045,15.75
2.0,1.0,2.5,4.5,0.6,1200,0.2,243,68.3,11.02,0.5,1.07,0.045,15.75
2.0,1.0,2.5,4.5,0.8,1200,0.2,243,68.3,11.02,0.5,1.07,0.045,15.75
3.0,1.0,1.5,3.0,0.4,1200,0.8,245,66.1,11.11,0.55,1.08,0.045,20.24
3.0,1.0,1.5,3.0,0.6,1200,0.8,245,66.1,11.11,0.55,1.08,0.045,20.24
3.0,1.0,1.5,3.0,0.8,1200,0.8,245,66.1,11.11,0.55,1.08,0.045,20.24
3.0,1.5,2.5,4.5,0.8,3600,0.4,212,73.1,9.41,0.39,1.06,0.044,26.47
3.0,1.5,2.5,4.5,0.8,7200,0.4,210,73.3,9.21,0.38,1.05,0.044,26.47
4.0,0.7,2.5,3.0,0.4,2400,0.4,222,85.1,9.71,0.19,1.08,0.044,25.81
4.0,0.7,2.5,3.0,0.6,2400,0.4,222,85.1,9.71,0.19,1.08,0.044,25.81
4.0,0.7,2.5,3.0,0.8,2400,0.4,222,85.1,9.71,0.19,1.08,0.044,25.81
2.0,1.0,2.5,3.0,0.4,2400,0.2,242,67.8,10.5,0.51,1.07,0.043,15.3
2.0,1.0,2.5,3.0,0.4,3600,0.2,242,67.8,10.5,0.51,1.07,0.043,15.3
2.0,1.0,2.5,3.0,0.4,7200,0.2,242,67.8,10.5,0.51,1.07,0.043,15.3
2.0,1.0,2.5,3.0,0.4,7200,0.4,242,67.8,10.5,0.51,1.07,0.043,15.3
2.0,1.0,2.5,3.0,0.4,14400,0.2,242,67.8,10.5,0.51,1.07,0.043,15.3
2.0,1.0,2.5,3.0,0.4,14400,0.4,242,67.8,10.5,0.51,1.07,0.043,15.3
2.0,1.0,2.5,3.0,0.4,,0.4,242,67.8,10.5,0.51,1.07,0.043,15.3
2.0,1.0,2.5,3.0,0.6,2400,0.2,242,67.8,10.5,0.51,1.07,0.043,15.3
2.0,1.0,2.5,3.0,0.6,3600,0.2,242,67.8,10.5,0.51,1.07,0.043,15.3
2.0,1.0,2.5,3.0,0.6,7200,0.2,242,67.8,10.5,0.51,1.07,0.043,15.3
2.0,1.0,2.5,3.0,0.6,7200,0.4,242,67.8,10.5,0.51,1.07,0.043,15.3
2.0,1.0,2.5,3.0,0.6,14400,0.2,242,67.8,10.5,0.51,1.07,0.043,15.3
2.0,1.0,2.5,3.0,0.6,14400,0.4,242,67.8,10.5,0.51,1.07,0.043,15.3
2.0,1.0,2.5,3.0,0.6,,0.4,242,67.8,10.5,0.51,1.07,0.043,15.3
2.0,1.0,2.5,3.0,0.8,2400,0.2,242,67.8,10.5,0.51,1.07,0.043,15.3
2.0,1.0,2.5,3.0,0.8,3600,0.2,242,67.8,10.5,0.51,1.07,0.043,15.3
2.0,1.0,2.5,3.0,0.8,7200,0.2,242,67.8,10.5,0.51,1.07,0.043,15.3
2.0,1.0,2.5,3.0,0.8,7200,0.4,242,67.8,10.5,0.51,1.07,0.043,15.3
2.0,1.0,2.5,3.0,0.8,14400,0.2,242,67.8,10.5,0.51,1.07,0.043,15.3
2.0,1.0,2.5,3.0,0.8,14400,0.4,242,67.8,10.5,0.51,1.07,0.043,15.3
2.0,1.0,2.5,3.0,0.8,,0.4,242,67.8,10.5,0.51,1.07,0.043,15.3
3.0,1.5,2.5,3.0,0.8,2400,0.4,212,72.6,9.21,0.4,1.05,0.043,25.97
3.0,1.5,2.5,3.0,0.8,7200,0.8,212,72.6,9.05,0.4,1.05,0.043,25.02
3.0,1.5,2.5,4.5,0.8,1200,0.2,210,73.3,8.97,0.38,1.05,0.043,26.75
3.0,1.5,2.5,4.5,0.8,2400,0.2,209,73.2,8.93,0.39,1.05,0.043,26.75
3.0,1.5,2.5,4.5,0.8,3600,0.2,209,73.2,8.93,0.39,1.05,0.043,26.75
3.0,1.5,2.5,4.5,0.8,7200,0.2,209,73.2,8.93,0.39,1.05,0.043,26.75
3.0,1.5,2.5,4.5,0.8,14400,0.2,209,73.2,8.93,0.39,1.05,0.043,26.75
3.0,1.5,2.5,4.5,0.8,14400,0.4,209,73.2,8.93,0.39,1.05,0.043,26.75
3.0,1.5,2.5,4.5,0.8,,0.4,209,73.2,8.93,0.39,1.05,0.043,26.75
2.0,1.0,2.5,3.0,0.4,3600,0.4,243,67.9,10.11,0.5,1.06,0.042,15.3
2.0,1.0,2.5,3.0,0.4,14400,0.8,243,67.5,10.09,0.51,1.06,0.042,15.3
2.0,1.0,2.5,3.0,0.6,3600,0.4,243,67.9,10.11,0.5,1.06,0.042,15.3
2.0,1.0,2.5,3.0,0.6,14400,0.8,243,67.5,10.09,0.51,1.06,0.042,15.3
2.0,1.0,2.5,3.0,0.8,3600,0.4,243,67.9,10.11,0.5,1.06,0.042,15.3
2.0,1.0,2.5,3.0,0.8,14400,0.8,243,67.5,10.09,0.51,1.06,0.042,15.3
3.0,1.5,2.5,4.5,0.8,2400,0.8,222,69.4,9.25,0.47,1.06,0.042,23.84
4.0,0.7,2.5,4.5,0.4,7200,0.8,223,85.2,9.42,0.19,1.08,0.042,25.64
4.0,0.7,2.5,4.5,0.6,7200,0.8,223,85.2,9.42,0.19,1.08,0.042,25.64
4.0,0.7,2.5,4.5,0.8,7200,0.8,223,85.2,9.42,0.19,1.08,0.042,25.64
3.0,1.5,2.5,3.0,0.6,1200,0.4,215,72.1,8.72,0.41,1.05,0.041,21.35
2.0,1.0,2.5,4.5,0.4,2400,0.2,242,67.8,9.6,0.5,1.06,0.04,15.75
2.0,1.0,2.5,4.5,0.4,3600,0.2,242,67.8,9.6,0.5,1.06,0.04,15.75
2.0,1.0,2.5,4.5,0.4,7200,0.2,242,67.8,9.6,0.5,1.06,0.04,15.75
2.0,1.0,2.5,4.5,0.4,7200,0.4,242,67.8,9.6,0.5,1.06,0.04,15.75
2.0,1.0,2.5,4.5,0.4,14400,0.2,242,67.8,9.6,0.5,1.06,0.04,15.75
2.0,1.0,2.5,4.5,0.4,14400,0.4,242,67.8,9.6,0.5,1.06,0.04,15.75
2.0,1.0,2.5,4.5,0.4,,0.4,242,67.8,9.6,0.5,1.06,0.04,15.75
2.0,1.0,2.5,4.5,0.6,2400,0.2,242,67.8,9.6,0.5,1.06,0.04,15.75
2.0,1.0,2.5,4.5,0.6,3600,0.2,242,67.8,9.6,0.5,1.06,0.04,15.75
2.0,1.0,2.5,4.5,0.6,7200,0.2,242,67.8,9.6,0.5,1.06,0.04,15.75
2.0,1.0,2.5,4.5,0.6,7200,0.4,242,67.8,9.6,0.5,1.06,0.04,15.75
2.0,1.0,2.5,4.5,0.6,14400,0.2,242,67.8,9.6,0.5,1.06,0.04,15.75
2.0,1.0,2.5,4.5,0.6,14400,0.4,242,67.8,9.6,0.5,1.06,0.04,15.75
2.0,1.0,2.5,4.5,0.6,,0.4,242,67.8,9.6,0.5,1.06,0.04,15.75
2.0,1.0,2.5,4.5,0.8,2400,0.2,242,67.8,9.6,0.5,1.06,0.04,15.75
2.0,1.0,2.5,4.5,0.8,3600,0.2,242,67.8,9.6,0.5,1.06,0.04,15.75
2.0,1.0,2.5,4.5,0.8,7200,0.2,242,67.8,9.6,0.5,1.06,0.04,15.75
2.0,1.0,2.5,4.5,0.8,7200,0.4,242,67.8,9.6,0.5,1.06,0.04,15.75
2.0,1.0,2.5,4.5,0.8,14400,0.2,242,67.8,9.6,0.5,1.06,0.04,15.75
2.0,1.0,2.5,4.5,0.8,14400,0.4,242,67.8,9.6,0.5,1.06,0.04,15.75
2.0,1.0,2.5,4.5,0.8,,0.4,242,67.8,9.6,0.5,1.06,0.04,15.75
4.0,0.7,2.5,4.5,0.4,2400,0.4,222,85.1,8.81,0.19,1.07,0.04,26.71
4.0,0.7,2.5,4.5,0.6,2400,0.4,222,85.1,8.81,0.19,1.07,0.04,26.71
4.0,0.7,2.5,4.5,0.8,2400,0.4,222,85.1,8.81,0.19,1.07,0.04,26.71
3.0,1.5,2.5,4.5,0.8,2400,0.4,212,72.6,8.31,0.4,1.05,0.039,27.49
2.0,1.0,2.5,3.0,0.4,2400,0.4,244,67.2,9.21,0.52,1.06,0.038,15.3
2.0,1.0,2.5,3.0,0.6,2400,0.4,244,67.2,9.21,0.52,1.06,0.038,15.3
2.0,1.0,2.5,3.0,0.8,2400,0.4,244,67.2,9.21,0.52,1.06,0.038,15.3
2.0,1.0,2.5,4.5,0.4,3600,0.4,243,67.9,9.21,0.5,1.06,0.038,15.75
2.0,1.0,2.5,4.5,0.4,14400,0.8,243,67.5,9.19,0.51,1.06,0.038,15.75
2.0,1.0,2.5,4.5,0.6,3600,0.4,243,67.9,9.21,0.5,1.06,0.038,15.75
2.0,1.0,2.5,4.5,0.6,14400,0.8,243,67.5,9.19,0.51,1.06,0.038,15.75
2.0,1.0,2.5,4.5,0.8,3600,0.4,243,67.9,9.21,0.5,1.06,0.038,15.75
2.0,1.0,2.5,4.5,0.8,14400,0.8,243,67.5,9.19,0.51,1.06,0.038,15.75
3.0,1.5,2.5,3.0,0.8,14400,0.8,209,72.7,7.99,0.39,1.05,0.038,27.07
3.0,1.5,2.5,4.5,0.8,7200,0.8,212,72.6,8.15,0.39,1.05,0.038,26.54
2.0,0.7,2.5,3.0,0.4,1200,0.2,262,75.2,9.82,0.35,1.08,0.037,12.58
2.0,0.7,2.5,3.0,0.6,1200,0.2,262,75.2,9.82,0.35,1.08,0.037,12.58
2.0,0.7,2.5,3.0,0.8,1200,0.2,262,75.2,9.82,0.35,1.08,0.037,12.58
4.0,1.0,2.5,3.0,0.4,1200,0.4,199,79.4,7.33,0.27,1.05,0.037,19.93
4.0,1.0,2.5,3.0,0.6,1200,0.4,199,79.4,7.33,0.27,1.05,0.037,19.93
4.0,1.0,2.5,3.0,0.8,1200,0.4,199,79.4,7.33,0.27,1.05,0.037,19.93
2.0,1.0,2.5,3.0,0.4,7200,0.8,245,66.9,8.75,0.52,1.06,0.036,15.3
2.0,1.0,2.5,3.0,0.6,7200,0.8,245,66.9,8.75,0.52,1.06,0.036,15.3
2.0,1.0,2.5,3.0,0.8,7200,0.8,245,66.9,8.75,0.52,1.06,0.036,15.3
3.0,1.5,2.5,4.5,0.6,1200,0.4,215,72.1,7.82,0.41,1.05,0.036,22.89
2.0,0.7,2.5,4.5,0.4,1200,0.2,262,75.2,8.92,0.35,1.07,0.034,12.88
2.0,0.7,2.5,4.5,0.6,1200,0.2,262,75.2,8.92,0.35,1.07,0.034,12.88
2.0,0.7,2.5,4.5,0.8,1200,0.2,262,75.2,8.92,0.35,1.07,0.034,12.88
2.0,1.0,2.5,4.5,0.4,2400,0.4,244,67.2,8.31,0.51,1.05,0.034,16.36
2.0,1.0,2.5,4.5,0.6,2400,0.4,244,67.2,8.31,0.51,1.05,0.034,16.36
2.0,1.0,2.5,4.5,0.8,2400,0.4,244,67.2,8.31,0.51,1.05,0.034,16.36
3.0,0.7,2.5,3.0,0.4,3600,0.4,238,81.5,8.1,0.24,1.06,0.034,22.25
3.0,0.7,2.5,3.0,0.6,3600,0.4,238,81.5,8.1,0.24,1.06,0.034,22.25
3.0,0.7,2.5,3.0,0.8,3600,0.4,238,81.5,8.1,0.24,1.06,0.034,22.25
3.0,1.5,2.5,4.5,0.8,14400,0.8,209,72.7,7.09,0.39,1.04,0.034,28.59
4.0,0.7,2.5,3.0,0.4,1200,0.8,246,76.0,8.36,0.34,1.07,0.034,22.76
4.0,0.7,2.5,3.0,0.6,1200,0.8,246,76.0,8.36,0.34,1.07,0.034,22.76
4.0,0.7,2.5,3.0,0.8,1200,0.8,246,76.0,8.36,0.34,1.07,0.034,22.76
2.0,0.7,1.5,3.0,0.4,1200,0.8,284,65.1,9.35,0.57,1.07,0.033,14.08
2.0,0.7,1.5,3.0,0.6,1200,0.8,284,65.1,9.35,0.57,1.07,0.033,14.08
2.0,0.7,1.5,3.0,0.8,1200,0.8,284,65.1,9.35,0.57,1.07,0.033,14.08
3.0,0.7,2.5,3.0,0.4,7200,0.4,236,81.8,7.9,0.24,1.06,0.033,22.25
3.0,0.7,2.5,3.0,0.6,7200,0.4,236,81.8,7.9,0.24,1.06,0.033,22.25
3.0,0.7,2.5,3.0,0.8,7200,0.4,236,81.8,7.9,0.24,1.06,0.033,22.25
2.0,1.0,2.5,4.5,0.4,7200,0.8,245,66.9,7.85,0.52,1.05,0.032,15.82
2.0,1.0,2.5,4.5,0.6,7200,0.8,245,66.9,7.85,0.52,1.05,0.032,15.82
2.0,1.0,2.5,4.5,0.8,7200,0.8,245,66.9,7.85,0.52,1.05,0.032,15.82
3.0,0.7,2.5,3.0,0.4,1200,0.2,236,81.8,7.66,0.24,1.06,0.032,22.53
3.0,0.7,2.5,3.0,0.4,2400,0.2,235,81.7,7.62,0.24,1.06,0.032,22.53
3.0,0.7,2.5,3.0,0.4,3600,0.2,235,81.7,7.62,0.24,1.06,0.032,22.53
3.0,0.7,2.5,3.0,0.4,7200,0.2,235,81.7,7.62,0.24,1.06,0.032,22.53
3.0,0.7,2.5,3.0,0.4,14400,0.2,235,81.7,7.62,0.24,1.06,0.032,22.53
3.0,0.7,2.5,3.0,0.4,14400,0.4,235,81.7,7.62,0.24,1.06,0.032,22.53
3.0,0.7,2.5,3.0,0.4,,0.4,235,81.7,7.62,0.24,1.06,0.032,22.53
3.0,0.7,2.5,3.0,0.6,1200,0.2,236,81.8,7.66,0.24,1.06,0.032,22.53
3.0,0.7,2.5,3.0,0.6,2400,0.2,235,81.7,7.62,0.24,1.06,0.032,22.53
3.0,0.7,2.5,3.0,0.6,3600,0.2,235,81.7,7.62,0.24,1.06,0.032,22.53
3.0,0.7,2.5,3.0,0.6,7200,0.2,235,81.7,7.62,0.24,1.06,0.032,22.53
3.0,0.7,2.5,3.0,0.6,14400,0.2,235,81.7,7.62,0.24,1.06,0.032,22.53
3.0,0.7,2.5,3.0,0.6,14400,0.4,235,81.7,7.62,0.24,1.06,0.032,22.53
3.0,0.7,2.5,3.0,0.6,,0.4,235,81.7,7.62,0.24,1.06,0.032,22.53
3.0,0.7,2.5,3.0,0.8,1200,0.2,236,81.8,7.66,0.24,1.06,0.032,22.53
3.0,0.7,2.5,3.0,0.8,2400,0.2,235,81.7,7.62,0.24,1.06,0.032,22.53
3.0,0.7,2.5,3.0,0.8,3600,0.2,235,81.7,7.62,0.24,1.06,0.032,22.53
3.0,0.7,2.5,3.0,0.8,7200,0.2,235,81.7,7.62,0.24,1.06,0.032,22.53
3.0,0.7,2.5,3.0,0.8,14400,0.2,235,81.7,7.62,0.24,1.06,0.032,22.53
3.0,0.7,2.5,3.0,0.8,14400,0.4,235,81.7,7.62,0.24,1.06,0.032,22.53
3.0,0.7,2.5,3.0,0.8,,0.4,235,81.7,7.62,0.24,1.06,0.032,22.53
4.0,0.7,2.5,4.5,0.4,1200,0.8,246,76.0,7.91,0.34,1.07,0.032,22.86
4.0,0.7,2.5,4.5,0.6,1200,0.8,246,76.0,7.91,0.34,1.07,0.032,22.86
4.0,0.7,2.5,4.5,0.8,1200,0.8,246,76.0,7.91,0.34,1.07,0.032,22.86
4.0,1.0,2.5,4.5,0.4,1200,0.4,199,79.4,6.43,0.27,1.04,0.032,20.56
4.0,1.0,2.5,4.5,0.6,1200,0.4,199,79.4,6.43,0.27,1.04,0.032,20.56
4.0,1.0,2.5,4.5,0.8,1200,0.4,199,79.4,6.43,0.27,1.04,0.032,20.56
3.0,0.7,2.5,3.0,0.4,7200,0.8,239,81.2,7.49,0.25,1.06,0.031,22.32
3.0,0.7,2.5,3.0,0.6,7200,0.8,239,81.2,7.49,0.25,1.06,0.031,22.32
3.0,0.7,2.5,3.0,0.8,7200,0.8,239,81.2,7.49,0.25,1.06,0.031,22.32
3.0,0.7,2.5,4.5,0.4,3600,0.4,238,81.5,7.2,0.24,1.06,0.03,22.88
3.0,0.7,2.5,4.5,0.4,7200,0.4,236,81.8,7.0,0.23,1.05,0.03,22.88
3.0,0.7,2.5,4.5,0.6,3600,0.4,238,81.5,7.2,0.24,1.06,0.03,22.88
3.0,0.7,2.5,4.5,0.6,7200,0.4,236,81.8,7.0,0.23,1.05,0.03,22.88
3.0,0.7,2.5,4.5,0.8,3600,0.4,238,81.5,7.2,0.24,1.06,0.03,22.88
3.0,0.7,2.5,4.5,0.8,7200,0.4,236,81.8,7.0,0.23,1.05,0.03,22.88
3.0,1.5,2.5,3.0,0.8,3600,0.8,216,71.8,6.48,0.41,1.04,0.03,26.08
2.0,0.7,2.5,3.0,0.4,2400,0.2,260,74.6,7.5,0.36,1.06,0.029,14.22
2.0,0.7,2.5,3.0,0.4,3600,0.2,260,74.6,7.5,0.36,1.06,0.029,14.22
2.0,0.7,2.5,3.0,0.4,7200,0.2,260,74.6,7.5,0.36,1.06,0.029,14.22
2.0,0.7,2.5,3.0,0.4,7200,0.4,260,74.6,7.5,0.36,1.06,0.029,14.22
2.0,0.7,2.5,3.0,0.4,14400,0.2,260,74.6,7.5,0.36,1.06,0.029,14.22
2.0,0.7,2.5,3.0,0.4,14400,0.4,260,74.6,7.5,0.36,1.06,0.029,14.22
2.0,0.7,2.5,3.0,0.4,,0.4,260,74.6,7.5,0.36,1.06,0.029,14.22
2.0,0.7,2.5,3.0,0.6,2400,0.2,260,74.6,7.5,0.36,1.06,0.029,14.22
2.0,0.7,2.5,3.0,0.6,3600,0.2,260,74.6,7.5,0.36,1.06,0.029,14.22
2.0,0.7,2.5,3.0,0.6,7200,0.2,260,74.6,7.5,0.36,1.06,0.029,14.22
2.0,0.7,2.5,3.0,0.6,7200,0.4,260,74.6,7.5,0.36,1.06,0.029,14.22
2.0,0.7,2.5,3.0,0.6,14400,0.2,260,74.6,7.5,0.36,1.06,0.029,14.22
2.0,0.7,2.5,3.0,0.6,14400,0.4,260,74.6,7.5,0.36,1.06,0.029,14.22
2.0,0.7,2.5,3.0,0.6,,0.4,260,74.6,7.5,0.36,1.06,0.029,14.22
2.0,0.7,2.5,3.0,0.8,2400,0.2,260,74.6,7.5,0.36,1.06,0.029,14.22
2.0,0.7,2.5,3.0,0.8,3600,0.2,260,74.6,7.5,0.36,1.06,0.029,14.22
2.0,0.7,2.5,3.0,0.8,7200,0.2,260,74.6,7.5,0.36,1.06,0.029,14.22
2.0,0.7,2.5,3.0,0.8,7200,0.4,260,74.6,7.5,0.36,1.06,0.029,14.22
2.0,0.7,2.5,3.0,0.8,14400,0.2,260,74.6,7.5,0.36,1.06,0.029,14.22
2.0,0.7,2.5,3.0,0.8,14400,0.4,260,74.6,7.5,0.36,1.06,0.029,14.22
2.0,0.7,2.5,3.0,0.8,,0.4,260,74.6,7.5,0.36,1.06,0.029,14.22
3.0,0.7,2.5,4.5,0.4,1200,0.2,236,81.8,6.76,0.23,1.05,0.029,23.16
3.0,0.7,2.5,4.5,0.4,2400,0.2,235,81.7,6.72,0.24,1.05,0.029,23.16
3.0,0.7,2.5,4.5,0.4,3600,0.2,235,81.7,6.72,0.24,1.05,0.029,23.16
3.0,0.7,2.5,4.5,0.4,7200,0.2,235,81.7,6.72,0.24,1.05,0.029,23.16
3.0,0.7,2.5,4.5,0.4,14400,0.2,235,81.7,6.72,0.24,1.05,0.029,23.16
3.0,0.7,2.5,4.5,0.4,14400,0.4,235,81.7,6.72,0.24,1.05,0.029,23.16
3.0,0.7,2.5,4.5,0.4,,0.4,235,81.7,6.72,0.24,1.05,0.029,23.16
3.0,0.7,2.5,4.5,0.6,1200,0.2,236,81.8,6.76,0.23,1.05,0.029,23.16
3.0,0.7,2.5,4.5,0.6,2400,0.2,235,81.7,6.72,0.24,1.05,0.029,23.16
3.0,0.7,2.5,4.5,0.6,3600,0.2,235,81.7,6.72,0.24,1.05,0.029,23.16
3.0,0.7,2.5,4.5,0.6,7200,0.2,235,81.7,6.72,0.24,1.05,0.029,23.16
3.0,0.7,2.5,4.5,0.6,14400,0.2,235,81.7,6.72,0.24,1.05,0.029,23.16
3.0,0.7,2.5,4.5,0.6,14400,0.4,235,81.7,6.72,0.24,1.05,0.029,23.16
3.0,0.7,2.5,4.5,0.6,,0.4,235,81.7,6.72,0.24,1.05,0.029,23.16
3.0,0.7,2.5,4.5,0.8,1200,0.2,236,81.8,6.76,0.23,1.05,0.029,23.16
3.0,0.7,2.5,4.5,0.8,2400,0.2,235,81.7,6.72,0.24,1.05,0.029,23.16
3.0,0.7,2.5,4.5,0.8,3600,0.2,235,81.7,6.72,0.24,1.05,0.029,23.16
3.0,0.7,2.5,4.5,0.8,7200,0.2,235,81.7,6.72,0.24,1.05,0.029,23.16
3.0,0.7,2.5,4.5,0.8,14400,0.2,235,81.7,6.72,0.24,1.05,0.029,23.16
3.0,0.7,2.5,4.5,0.8,14400,0.4,235,81.7,6.72,0.24,1.05,0.029,23.16
3.0,0.7,2.5,4.5,0.8,,0.4,235,81.7,6.72,0.24,1.05,0.029,23.16
3.0,1.0,1.5,4.5,0.4,1200,0.8,245,66.1,7.06,0.54,1.05,0.029,21.97
3.0,1.0,1.5,4.5,0.6,1200,0.8,245,66.1,7.06,0.54,1.05,0.029,21.97
3.0,1.0,1.5,4.5,0.8,1200,0.8,245,66.1,7.06,0.54,1.05,0.029,21.97
2.0,0.7,2.5,3.0,0.4,3600,0.4,261,74.7,7.38,0.36,1.06,0.028,14.54
2.0,0.7,2.5,3.0,0.6,3600,0.4,261,74.7,7.38,0.36,1.06,0.028,14.54
2.0,0.7,2.5,3.0,0.8,3600,0.4,261,74.7,7.38,0.36,1.06,0.028,14.54
3.0,0.7,2.5,3.0,0.4,2400,0.4,238,81.1,6.65,0.25,1.05,0.028,23.62
3.0,0.7,2.5,3.0,0.4,14400,0.8,235,81.3,6.5,0.24,1.05,0.028,23.65
3.0,0.7,2.5,3.0,0.6,2400,0.4,238,81.1,6.65,0.25,1.05,0.028,23.62
3.0,0.7,2.5,3.0,0.6,14400,0.8,235,81.3,6.5,0.24,1.05,0.028,23.65
3.0,0.7,2.5,3.0,0.8,2400,0.4,238,81.1,6.65,0.25,1.05,0.028,23.62
3.0,0.7,2.5,3.0,0.8,14400,0.8,235,81.3,6.5,0.24,1.05,0.028,23.65
3.0,0.7,2.5,4.5,0.4,7200,0.8,239,81.2,6.59,0.24,1.05,0.028,22.95
3.0,0.7,2.5,4.5,0.6,7200,0.8,239,81.2,6.59,0.24,1.05,0.028,22.95
3.0,0.7,2.5,4.5,0.8,7200,0.8,239,81.2,6.59,0.24,1.05,0.028,22.95
2.0,0.7,2.5,3.0,0.4,14400,0.8,261,74.3,7.09,0.36,1.05,0.027,14.63
2.0,0.7,2.5,3.0,0.6,14400,0.8,261,74.3,7.09,0.36,1.05,0.027,14.63
2.0,0.7,2.5,3.0,0.8,14400,0.8,261,74.3,7.09,0.36,1.05,0.027,14.63
4.0,0.7,2.5,3.0,0.4,1200,0.4,223,83.9,6.01,0.2,1.05,0.027,26.63
4.0,0.7,2.5,3.0,0.6,1200,0.4,223,83.9,6.01,0.2,1.05,0.027,26.63
4.0,0.7,2.5,3.0,0.8,1200,0.4,223,83.9,6.01,0.2,1.05,0.027,26.63
2.0,0.7,2.5,4.5,0.4,2400,0.2,260,74.6,6.6,0.36,1.05,0.025,14.97
2.0,0.7,2.5,4.5,0.4,3600,0.2,260,74.6,6.6,0.36,1.05,0.025,14.97
2.0,0.7,2.5,4.5,0.4,3600,0.4,261,74.7,6.48,0.36,1.05,0.025,15.29
2.0,0.7,2.5,4.5,0.4,7200,0.2,260,74.6,6.6,0.36,1.05,0.025,14.97
2.0,0.7,2.5,4.5,0.4,7200,0.4,260,74.6,6.6,0.36,1.05,0.025,14.97
2.0,0.7,2.5,4.5,0.4,14400,0.2,260,74.6,6.6,0.36,1.05,0.025,14.97
2.0,0.7,2.5,4.5,0.4,14400,0.4,260,74.6,6.6,0.36,1.05,0.025,14.97
2.0,0.7,2.5,4.5,0.4,,0.4,260,74.6,6.6,0.36,1.05,0.025,14.97
2.0,0.7,2.5,4.5,0.6,2400,0.2,260,74.6,6.6,0.36,1.05,0.025,14.97
2.0,0.7,2.5,4.5,0.6,3600,0.2,260,74.6,6.6,0.36,1.05,0.025,14.97
2.0,0.7,2.5,4.5,0.6,3600,0.4,261,74.7,6.48,0.36,1.05,0.025,15.29
2.0,0.7,2.5,4.5,0.6,7200,0.2,260,74.6,6.6,0.36,1.05,0.025,14.97
2.0,0.7,2.5,4.5,0.6,7200,0.4,260,74.6,6.6,0.36,1.05,0.025,14.97
2.0,0.7,2.5,4.5,0.6,14400,0.2,260,74.6,6.6,0.36,1.05,0.025,14.97
2.0,0.7,2.5,4.5,0.6,14400,0.4,260,74.6,6.6,0.36,1.05,0.025,14.97
2.0,0.7,2.5,4.5,0.6,,0.4,260,74.6,6.6,0.36,1.05,0.025,14.97
2.0,0.7,2.5,4.5,0.8,2400,0.2,260,74.6,6.6,0.36,1.05,0.025,14.97
2.0,0.7,2.5,4.5,0.8,3600,0.2,260,74.6,6.6,0.36,1.05,0.025,14.97
2.0,0.7,2.5,4.5,0.8,3600,0.4,261,74.7,6.48,0.36,1.05,0.025,15.29
2.0,0.7,2.5,4.5,0.8,7200,0.2,260,74.6,6.6,0.36,1.05,0.025,14.97
2.0,0.7,2.5,4.5,0.8,7200,0.4,260,74.6,6.6,0.36,1.05,0.025,14.97
2.0,0.7,2.5,4.5,0.8,14400,0.2,260,74.6,6.6,0.36,1.05,0.025,14.97
2.0,0.7,2.5,4.5,0.8,14400,0.4,260,74.6,6.6,0.36,1.05,0.025,14.97
2.0,0.7,2.5,4.5,0.8,,0.4,260,74.6,6.6,0.36,1.05,0.025,14.97
2.0,0.7,2.5,3.0,0.4,7200,0.8,263,73.8,6.28,0.37,1.05,0.024,15.1
2.0,0.7,2.5,3.0,0.6,7200,0.8,263,73.8,6.28,0.37,1.05,0.024,15.1
2.0,0.7,2.5,3.0,0.8,7200,0.8,263,73.8,6.28,0.37,1.05,0.024,15.1
2.0,0.7,2.5,4.5,0.4,14400,0.8,261,74.3,6.19,0.36,1.05,0.024,15.38
2.0,0.7,2.5,4.5,0.6,14400,0.8,261,74.3,6.19,0.36,1.05,0.024,15.38
2.0,0.7,2.5,4.5,0.8,14400,0.8,261,74.3,6.19,0.36,1.05,0.024,15.38
3.0,0.7,2.5,4.5,0.4,2400,0.4,238,81.1,5.75,0.24,1.04,0.024,24.25
3.0,0.7,2.5,4.5,0.4,14400,0.8,235,81.3,5.6,0.24,1.04,0.024,24.28
3.0,0.7,2.5,4.5,0.6,2400,0.4,238,81.1,5.75,0.24,1.04,0.024,24.25
3.0,0.7,2.5,4.5,0.6,14400,0.8,235,81.3,5.6,0.24,1.04,0.024,24.28
3.0,0.7,2.5,4.5,0.8,2400,0.4,238,81.1,5.75,0.24,1.04,0.024,24.25
3.0,0.7,2.5,4.5,0.8,14400,0.8,235,81.3,5.6,0.24,1.04,0.024,24.28
3.0,1.5,2.5,4.5,0.8,3600,0.8,216,71.8,5.13,0.41,1.03,0.024,27.97
4.0,0.7,2.5,4.5,0.4,1200,0.4,223,83.9,5.11,0.2,1.04,0.023,27.53
4.0,0.7,2.5,4.5,0.6,1200,0.4,223,83.9,5.11,0.2,1.04,0.023,27.53
4.0,0.7,2.5,4.5,0.8,1200,0.4,223,83.9,5.11,0.2,1.04,0.023,27.53
2.0,0.7,2.5,3.0,0.4,2400,0.4,261,73.9,5.85,0.37,1.04,0.022,15.99
2.0,0.7,2.5,3.0,0.6,2400,0.4,261,73.9,5.85,0.37,1.04,0.022,15.99
2.0,0.7,2.5,3.0,0.8,2400,0.4,261,73.9,5.85,0.37,1.04,0.022,15.99
3.0,0.7,2.5,3.0,0.4,3600,0.8,242,80.2,5.31,0.26,1.04,0.022,23.71
3.0,0.7,2.5,3.0,0.6,3600,0.8,242,80.2,5.31,0.26,1.04,0.022,23.71
3.0,0.7,2.5,3.0,0.8,3600,0.8,242,80.2,5.31,0.26,1.04,0.022,23.71
2.0,1.0,2.5,3.0,0.4,1200,0.4,247,66.0,5.19,0.53,1.03,0.021,16.35
2.0,1.0,2.5,3.0,0.6,1200,0.4,247,66.0,5.19,0.53,1.03,0.021,16.35
2.0,1.0,2.5,3.0,0.8,1200,0.4,247,66.0,5.19,0.53,1.03,0.021,16.35
2.0,0.7,2.5,4.5,0.4,7200,0.8,263,73.8,5.38,0.37,1.04,0.02,15.85
2.0,0.7,2.5,4.5,0.6,7200,0.8,263,73.8,5.38,0.37,1.04,0.02,15.85
2.0,0.7,2.5,4.5,0.8,7200,0.8,263,73.8,5.38,0.37,1.04,0.02,15.85
4.0,0.7,2.5,3.0,0.4,2400,0.8,231,80.1,4.59,0.26,1.04,0.02,28.13
4.0,0.7,2.5,3.0,0.6,2400,0.8,231,80.1,4.59,0.26,1.04,0.02,28.13
4.0,0.7,2.5,3.0,0.8,2400,0.8,231,80.1,4.59,0.26,1.04,0.02,28.13
2.0,0.7,1.5,4.5,0.4,1200,0.8,284,65.1,5.3,0.56,1.04,0.019,15.46
2.0,0.7,1.5,4.5,0.6,1200,0.8,284,65.1,5.3,0.56,1.04,0.019,15.46
2.0,0.7,1.5,4.5,0.8,1200,0.8,284,65.1,5.3,0.56,1.04,0.019,15.46
2.0,0.7,2.5,4.5,0.4,2400,0.4,261,73.9,4.95,0.37,1.04,0.019,16.74
2.0,0.7,2.5,4.5,0.6,2400,0.4,261,73.9,4.95,0.37,1.04,0.019,16.74
2.0,0.7,2.5,4.5,0.8,2400,0.4,261,73.9,4.95,0.37,1.04,0.019,16.74
3.0,0.7,2.5,4.5,0.4,3600,0.8,242,80.2,4.41,0.26,1.03,0.018,24.34
3.0,0.7,2.5,4.5,0.6,3600,0.8,242,80.2,4.41,0.26,1.03,0.018,24.34
3.0,0.7,2.5,4.5,0.8,3600,0.8,242,80.2,4.41,0.26,1.03,0.018,24.34
2.0,1.0,2.5,4.5,0.4,1200,0.4,247,66.0,4.29,0.53,1.03,0.017,16.8
2.0,1.0,2.5,4.5,0.6,1200,0.4,247,66.0,4.29,0.53,1.03,0.017,16.8
2.0,1.0,2.5,4.5,0.8,1200,0.4,247,66.0,4.29,0.53,1.03,0.017,16.8
3.0,1.5,2.5,3.0,0.8,1200,0.4,215,72.1,3.75,0.4,1.02,0.017,24.95
4.0,0.7,2.5,4.5,0.4,2400,0.8,231,80.1,3.69,0.26,1.03,0.016,29.03
4.0,0.7,2.5,4.5,0.6,2400,0.8,231,80.1,3.69,0.26,1.03,0.016,29.03
4.0,0.7,2.5,4.5,0.8,2400,0.8,231,80.1,3.69,0.26,1.03,0.016,29.03
3.0,0.7,2.5,3.0,0.4,2400,0.8,247,76.5,3.82,0.32,1.03,0.015,23.5
3.0,0.7,2.5,3.0,0.6,2400,0.8,247,76.5,3.82,0.32,1.03,0.015,23.5
3.0,0.7,2.5,3.0,0.8,2400,0.8,247,76.5,3.82,0.32,1.03,0.015,23.5
2.0,0.7,2.5,3.0,0.4,3600,0.8,265,73.2,3.73,0.38,1.03,0.014,16.86
2.0,0.7,2.5,3.0,0.6,3600,0.8,265,73.2,3.73,0.38,1.03,0.014,16.86
2.0,0.7,2.5,3.0,0.8,3600,0.8,265,73.2,3.73,0.38,1.03,0.014,16.86
2.0,1.0,2.5,3.0,0.4,1200,0.8,270,61.9,3.89,0.63,1.03,0.014,15.28
2.0,1.0,2.5,3.0,0.6,1200,0.8,270,61.9,3.89,0.63,1.03,0.014,15.28
2.0,1.0,2.5,3.0,0.8,1200,0.8,270,61.9,3.89,0.63,1.03,0.014,15.28
3.0,1.0,1.5,3.0,0.4,3600,0.4,213,73.2,3.03,0.37,1.02,0.014,27.17
3.0,1.0,1.5,3.0,0.6,3600,0.4,213,73.2,3.03,0.37,1.02,0.014,27.17
3.0,1.0,1.5,3.0,0.8,3600,0.4,213,73.2,3.03,0.37,1.02,0.014,27.17
2.0,1.0,2.5,3.0,0.4,2400,0.8,251,63.3,3.21,0.59,1.02,0.013,17.21
2.0,1.0,2.5,3.0,0.6,2400,0.8,251,63.3,3.21,0.59,1.02,0.013,17.21
2.0,1.0,2.5,3.0,0.8,2400,0.8,251,63.3,3.21,0.59,1.02,0.013,17.21
2.0,1.0,2.5,4.5,0.4,1200,0.8,270,61.9,3.44,0.63,1.03,0.013,15.73
2.0,1.0,2.5,4.5,0.6,1200,0.8,270,61.9,3.44,0.63,1.03,0.013,15.73
2.0,1.0,2.5,4.5,0.8,1200,0.8,270,61.9,3.44,0.63,1.03,0.013,15.73
3.0,1.0,1.5,3.0,0.4,7200,0.4,211,73.5,2.83,0.37,1.02,0.013,27.17
3.0,1.0,1.5,3.0,0.6,7200,0.4,211,73.5,2.83,0.37,1.02,0.013,27.17
3.0,1.0,1.5,3.0,0.8,7200,0.4,211,73.5,2.83,0.37,1.02,0.013,27.17
3.0,1.5,2.5,4.5,0.8,1200,0.4,215,72.1,2.85,0.39,1.02,0.013,26.47
3.0,0.7,2.5,4.5,0.4,2400,0.8,247,76.5,2.92,0.31,1.02,0.012,24.28
3.0,0.7,2.5,4.5,0.6,2400,0.8,247,76.5,2.92,0.31,1.02,0.012,24.28
3.0,0.7,2.5,4.5,0.8,2400,0.8,247,76.5,2.92,0.31,1.02,0.012,24.28
3.0,1.0,1.5,3.0,0.4,1200,0.2,211,73.5,2.59,0.37,1.02,0.012,27.45
3.0,1.0,1.5,3.0,0.4,2400,0.2,210,73.3,2.55,0.37,1.02,0.012,27.45
3.0,1.0,1.5,3.0,0.4,2400,0.8,223,69.1,2.74,0.46,1.02,0.012,25.38
3.0,1.0,1.5,3.0,0.4,3600,0.2,210,73.3,2.55,0.37,1.02,0.012,27.45
3.0,1.0,1.5,3.0,0.4,7200,0.2,210,73.3,2.55,0.37,1.02,0.012,27.45
3.0,1.0,1.5,3.0,0.4,14400,0.2,210,73.3,2.55,0.37,1.02,0.012,27.45
3.0,1.0,1.5,3.0,0.4,14400,0.4,210,73.3,2.55,0.37,1.02,0.012,27.45
3.0,1.0,1.5,3.0,0.4,,0.4,210,73.3,2.55,0.37,1.02,0.012,27.45
3.0,1.0,1.5,3.0,0.6,1200,0.2,211,73.5,2.59,0.37,1.02,0.012,27.45
3.0,1.0,1.5,3.0,0.6,2400,0.2,210,73.3,2.55,0.37,1.02,0.012,27.45
3.0,1.0,1.5,3.0,0.6,2400,0.8,223,69.1,2.74,0.46,1.02,0.012,25.38
3.0,1.0,1.5,3.0,0.6,3600,0.2,210,73.3,2.55,0.37,1.02,0.012,27.45
3.0,1.0,1.5,3.0,0.6,7200,0.2,210,73.3,2.55,0.37,1.02,0.012,27.45
3.0,1.0,1.5,3.0,0.6,14400,0.2,210,73.3,2.55,0.37,1.02,0.012,27.45
3.0,1.0,1.5,3.0,0.6,14400,0.4,210,73.3,2.55,0.37,1.02,0.012,27.45
3.0,1.0,1.5,3.0,0.6,,0.4,210,73.3,2.55,0.37,1.02,0.012,27.45
3.0,1.0,1.5,3.0,0.8,1200,0.2,211,73.5,2.59,0.37,1.02,0.012,27.45
3.0,1.0,1.5,3.0,0.8,2400,0.2,210,73.3,2.55,0.37,1.02,0.012,27.45
3.0,1.0,1.5,3.0,0.8,2400,0.8,223,69.1,2.74,0.46,1.02,0.012,25.38
3.0,1.0,1.5,3.0,0.8,3600,0.2,210,73.3,2.55,0.37,1.02,0.012,27.45
3.0,1.0,1.5,3.0,0.8,7200,0.2,210,73.3,2.55,0.37,1.02,0.012,27.45
3.0,1.0,1.5,3.0,0.8,14400,0.2,210,73.3,2.55,0.37,1.02,0.012,27.45
3.0,1.0,1.5,3.0,0.8,14400,0.4,210,73.3,2.55,0.37,1.02,0.012,27.45
3.0,1.0,1.5,3.0,0.8,,0.4,210,73.3,2.55,0.37,1.02,0.012,27.45
2.0,0.7,2.5,4.5,0.4,3600,0.8,265,73.2,2.83,0.37,1.02,0.011,17.61
2.0,0.7,2.5,4.5,0.6,3600,0.8,265,73.2,2.83,0.37,1.02,0.011,17.61
2.0,0.7,2.5,4.5,0.8,3600,0.8,265,73.2,2.83,0.37,1.02,0.011,17.61
3.0,0.7,2.5,3.0,0.4,1200,0.4,240,80.0,2.31,0.25,1.02,0.01,24.81
3.0,0.7,2.5,3.0,0.6,1200,0.4,240,80.0,2.31,0.25,1.02,0.01,24.81
3.0,0.7,2.5,3.0,0.8,1200,0.4,240,80.0,2.31,0.25,1.02,0.01,24.81
2.0,0.7,2.5,3.0,0.4,1200,0.4,264,72.3,2.45,0.39,1.02,0.009,16.51
2.0,0.7,2.5,3.0,0.6,1200,0.4,264,72.3,2.45,0.39,1.02,0.009,16.51
2.0,0.7,2.5,3.0,0.8,1200,0.4,264,72.3,2.45,0.39,1.02,0.009,16.51
2.0,1.0,2.5,4.5,0.4,2400,0.8,251,63.3,2.31,0.59,1.02,0.009,19.01
2.0,1.0,2.5,4.5,0.6,2400,0.8,251,63.3,2.31,0.59,1.02,0.009,19.01
2.0,1.0,2.5,4.5,0.8,2400,0.8,251,63.3,2.31,0.59,1.02,0.009,19.01
2.0,0.7,2.5,4.5,0.4,1200,0.4,264,72.3,1.55,0.39,1.01,0.006,17.26
2.0,0.7,2.5,4.5,0.6,1200,0.4,264,72.3,1.55,0.39,1.01,0.006,17.26
2.0,0.7,2.5,4.5,0.8,1200,0.4,264,72.3,1.55,0.39,1.01,0.006,17.26
2.0,1.0,2.5,3.0,0.4,3600,0.8,248,66.5,1.52,0.51,1.01,0.006,20.11
2.0,1.0,2.5,3.0,0.6,3600,0.8,248,66.5,1.52,0.51,1.01,0.006,20.11
2.0,1.0,2.5,3.0,0.8,3600,0.8,248,66.5,1.52,0.51,1.01,0.006,20.11
3.0,0.7,2.5,4.5,0.4,1200,0.4,240,80.0,1.41,0.25,1.01,0.006,25.71
3.0,0.7,2.5,4.5,0.6,1200,0.4,240,80.0,1.41,0.25,1.01,0.006,25.71
3.0,0.7,2.5,4.5,0.8,1200,0.4,240,80.0,1.41,0.25,1.01,0.006,25.71
3.0,1.0,1.5,3.0,0.4,2400,0.4,213,72.8,1.31,0.38,1.01,0.006,28.81
3.0,1.0,1.5,3.0,0.4,7200,0.8,213,72.8,1.26,0.38,1.01,0.006,27.86
3.0,1.0,1.5,3.0,0.6,2400,0.4,213,72.8,1.31,0.38,1.01,0.006,28.81
3.0,1.0,1.5,3.0,0.6,7200,0.8,213,72.8,1.26,0.38,1.01,0.006,27.86
3.0,1.0,1.5,3.0,0.8,2400,0.4,213,72.8,1.31,0.38,1.01,0.006,28.81
3.0,1.0,1.5,3.0,0.8,7200,0.8,213,72.8,1.26,0.38,1.01,0.006,27.86
3.0,1.0,1.5,3.0,0.4,14400,0.8,210,72.9,0.71,0.37,1.0,0.003,29.29
3.0,1.0,1.5,3.0,0.6,14400,0.8,210,72.9,0.71,0.37,1.0,0.003,29.29
3.0,1.0,1.5,3.0,0.8,14400,0.8,210,72.9,0.71,0.37,1.0,0.003,29.29
2.0,1.0,2.5,4.5,0.4,3600,0.8,248,66.5,0.62,0.51,1.0,0.002,21.91
2.0,1.0,2.5,4.5,0.6,3600,0.8,248,66.5,0.62,0.51,1.0,0.002,21.91
2.0,1.0,2.5,4.5,0.8,3600,0.8,248,66.5,0.62,0.51,1.0,0.002,21.91
2.0,0.7,2.5,3.0,0.4,2400,0.8,269,69.5,0.36,0.44,1.0,0.001,17.73
2.0,0.7,2.5,3.0,0.6,2400,0.8,269,69.5,0.36,0.44,1.0,0.001,17.73
2.0,0.7,2.5,3.0,0.8,2400,0.8,269,69.5,0.36,0.44,1.0,0.001,17.73
2.0,0.7,2.5,4.5,0.4,2400,0.8,269,69.5,-0.54,0.44,1.0,-0.002,19.14
2.0,0.7,2.5,4.5,0.6,2400,0.8,269,69.5,-0.54,0.44,1.0,-0.002,19.14
2.0,0.7,2.5,4.5,0.8,2400,0.8,269,69.5,-0.54,0.44,1.0,-0.002,19.14
3.0,0.7,2.5,3.0,0.4,1200,0.8,263,71.1,-1.72,0.4,0.99,-0.007,25.23
3.0,0.7,2.5,3.0,0.6,1200,0.8,263,71.1,-1.72,0.4,0.99,-0.007,25.23
3.0,0.7,2.5,3.0,0.8,1200,0.8,263,71.1,-1.72,0.4,0.99,-0.007,25.23
3.0,0.7,2.5,4.5,0.4,1200,0.8,263,71.1,-2.17,0.4,0.98,-0.008,26.58
3.0,0.7,2.5,4.5,0.6,1200,0.8,263,71.1,-2.17,0.4,0.98,-0.008,26.58
3.0,0.7,2.5,4.5,0.8,1200,0.8,263,71.1,-2.17,0.4,0.98,-0.008,26.58
3.0,1.0,1.5,3.0,0.4,3600,0.8,217,71.9,-2.38,0.39,0.99,-0.011,30.36
3.0,1.0,1.5,3.0,0.6,3600,0.8,217,71.9,-2.38,0.39,0.99,-0.011,30.36
3.0,1.0,1.5,3.0,0.8,3600,0.8,217,71.9,-2.38,0.39,0.99,-0.011,30.36
3.0,1.0,1.5,4.5,0.4,3600,0.4,213,73.2,-2.37,0.36,0.99,-0.011,32.57
3.0,1.0,1.5,4.5,0.6,3600,0.4,213,73.2,-2.37,0.36,0.99,-0.011,32.57
3.0,1.0,1.5,4.5,0.8,3600,0.4,213,73.2,-2.37,0.36,0.99,-0.011,32.57
3.0,1.0,1.5,4.5,0.4,2400,0.8,223,69.1,-2.66,0.44,0.98,-0.012,30.78
3.0,1.0,1.5,4.5,0.4,7200,0.4,211,73.5,-2.57,0.36,0.98,-0.012,32.57
3.0,1.0,1.5,4.5,0.6,2400,0.8,223,69.1,-2.66,0.44,0.98,-0.012,30.78
3.0,1.0,1.5,4.5,0.6,7200,0.4,211,73.5,-2.57,0.36,0.98,-0.012,32.57
3.0,1.0,1.5,4.5,0.8,2400,0.8,223,69.1,-2.66,0.44,0.98,-0.012,30.78
3.0,1.0,1.5,4.5,0.8,7200,0.4,211,73.5,-2.57,0.36,0.98,-0.012,32.57
3.0,1.0,1.5,4.5,0.4,1200,0.2,211,73.5,-2.81,0.36,0.98,-0.013,32.85
3.0,1.0,1.5,4.5,0.6,1200,0.2,211,73.5,-2.81,0.36,0.98,-0.013,32.85
3.0,1.0,1.5,4.5,0.8,1200,0.2,211,73.5,-2.81,0.36,0.98,-0.013,32.85
3.0,1.0,1.5,4.5,0.4,2400,0.2,210,73.3,-2.85,0.36,0.98,-0.014,32.85
3.0,1.0,1.5,4.5,0.4,3600,0.2,210,73.3,-2.85,0.36,0.98,-0.014,32.85
3.0,1.0,1.5,4.5,0.4,7200,0.2,210,73.3,-2.85,0.36,0.98,-0.014,32.85
3.0,1.0,1.5,4.5,0.4,14400,0.2,210,73.3,-2.85,0.36,0.98,-0.014,32.85
3.0,1.0,1.5,4.5,0.4,14400,0.4,210,73.3,-2.85,0.36,0.98,-0.014,32.85
3.0,1.0,1.5,4.5,0.4,,0.4,210,73.3,-2.85,0.36,0.98,-0.014,32.85
3.0,1.0,1.5,4.5,0.6,2400,0.2,210,73.3,-2.85,0.36,0.98,-0.014,32.85
3.0,1.0,1.5,4.5,0.6,3600,0.2,210,73.3,-2.85,0.36,0.98,-0.014,32.85
3.0,1.0,1.5,4.5,0.6,7200,0.2,210,73.3,-2.85,0.36,0.98,-0.014,32.85
3.0,1.0,1.5,4.5,0.6,14400,0.2,210,73.3,-2.85,0.36,0.98,-0.014,32.85
3.0,1.0,1.5,4.5,0.6,14400,0.4,210,73.3,-2.85,0.36,0.98,-0.014,32.85
3.0,1.0,1.5,4.5,0.6,,0.4,210,73.3,-2.85,0.36,0.98,-0.014,32.85
3.0,1.0,1.5,4.5,0.8,2400,0.2,210,73.3,-2.85,0.36,0.98,-0.014,32.85
3.0,1.0,1.5,4.5,0.8,3600,0.2,210,73.3,-2.85,0.36,0.98,-0.014,32.85
3.0,1.0,1.5,4.5,0.8,7200,0.2,210,73.3,-2.85,0.36,0.98,-0.014,32.85
3.0,1.0,1.5,4.5,0.8,14400,0.2,210,73.3,-2.85,0.36,0.98,-0.014,32.85
3.0,1.0,1.5,4.5,0.8,14400,0.4,210,73.3,-2.85,0.36,0.98,-0.014,32.85
3.0,1.0,1.5,4.5,0.8,,0.4,210,73.3,-2.85,0.36,0.98,-0.014,32.85
3.0,1.0,1.5,3.0,0.4,1200,0.4,216,72.2,-3.2,0.38,0.98,-0.015,28.64
3.0,1.0,1.5,3.0,0.6,1200,0.4,216,72.2,-3.2,0.38,0.98,-0.015,28.64
3.0,1.0,1.5,3.0,0.8,1200,0.4,216,72.2,-3.2,0.38,0.98,-0.015,28.64
3.0,1.0,1.5,4.5,0.4,2400,0.4,213,72.8,-4.09,0.37,0.98,-0.019,34.21
3.0,1.0,1.5,4.5,0.4,7200,0.8,213,72.8,-4.14,0.36,0.98,-0.019,33.26
3.0,1.0,1.5,4.5,0.6,2400,0.4,213,72.8,-4.09,0.37,0.98,-0.019,34.21
3.0,1.0,1.5,4.5,0.6,7200,0.8,213,72.8,-4.14,0.36,0.98,-0.019,33.26
3.0,1.0,1.5,4.5,0.8,2400,0.4,213,72.8,-4.09,0.37,0.98,-0.019,34.21
3.0,1.0,1.5,4.5,0.8,7200,0.8,213,72.8,-4.14,0.36,0.98,-0.019,33.26
3.0,1.0,1.5,4.5,0.4,14400,0.8,210,72.9,-4.69,0.36,0.97,-0.022,34.69
3.0,1.0,1.5,4.5,0.6,14400,0.8,210,72.9,-4.69,0.36,0.97,-0.022,34.69
3.0,1.0,1.5,4.5,0.8,14400,0.8,210,72.9,-4.69,0.36,0.97,-0.022,34.69
3.0,1.0,2.5,3.0,0.4,1200,0.8,245,66.1,-5.54,0.49,0.96,-0.023,27.92
3.0,1.0,2.5,3.0,0.6,1200,0.8,245,66.1,-5.54,0.49,0.96,-0.023,27.92
3.0,1.0,2.5,3.0,0.8,1200,0.8,245,66.1,-5.54,0.49,0.96,-0.023,27.92
3.0,1.0,2.5,4.5,0.4,1200,0.8,245,66.1,-5.99,0.49,0.96,-0.024,29.27
3.0,1.0,2.5,4.5,0.6,1200,0.8,245,66.1,-5.99,0.49,0.96,-0.024,29.27
3.0,1.0,2.5,4.5,0.8,1200,0.8,245,66.1,-5.99,0.49,0.96,-0.024,29.27
2.0,0.7,2.5,3.0,0.4,1200,0.8,284,65.1,-8.11,0.5,0.94,-0.029,23.51
2.0,0.7,2.5,3.0,0.6,1200,0.8,284,65.1,-8.11,0.5,0.94,-0.029,23.51
2.0,0.7,2.5,3.0,0.8,1200,0.8,284,65.1,-8.11,0.5,0.94,-0.029,23.51
2.0,0.7,2.5,4.5,0.4,1200,0.8,284,65.1,-8.56,0.5,0.93,-0.03,24.86
2.0,0.7,2.5,4.5,0.6,1200,0.8,284,65.1,-8.56,0.5,0.93,-0.03,24.86
2.0,0.7,2.5,4.5,0.8,1200,0.8,284,65.1,-8.56,0.5,0.93,-0.03,24.86
3.0,1.0,1.5,4.5,0.4,3600,0.8,217,71.9,-7.78,0.37,0.95,-0.036,35.76
3.0,1.0,1.5,4.5,0.6,3600,0.8,217,71.9,-7.78,0.37,0.95,-0.036,35.76
3.0,1.0,1.5,4.5,0.8,3600,0.8,217,71.9,-7.78,0.37,0.95,-0.036,35.76
3.0,1.0,1.5,4.5,0.4,1200,0.4,216,72.2,-8.6,0.36,0.95,-0.04,34.04
3.0,1.0,1.5,4.5,0.6,1200,0.4,216,72.2,-8.6,0.36,0.95,-0.04,34.04
3.0,1.0,1.5,4.5,0.8,1200,0.4,216,72.2,-8.6,0.36,0.95,-0.04,34.04
3.0,1.0,2.5,3.0,0.4,2400,0.8,223,69.1,-12.11,0.41,0.92,-0.054,37.98
3.0,1.0,2.5,3.0,0.6,2400,0.8,223,69.1,-12.11,0.41,0.92,-0.054,37.98
3.0,1.0,2.5,3.0,0.8,2400,0.8,223,69.1,-12.11,0.41,0.92,-0.054,37.98
3.0,1.0,2.5,4.5,0.4,2400,0.8,223,69.1,-13.01,0.41,0.92,-0.058,39.78
3.0,1.0,2.5,4.5,0.6,2400,0.8,223,69.1,-13.01,0.41,0.92,-0.058,39.78
3.0,1.0,2.5,4.5,0.8,2400,0.8,223,69.1,-13.01,0.41,0.92,-0.058,39.78
3.0,1.0,2.5,3.0,0.4,3600,0.4,213,73.2,-12.72,0.34,0.92,-0.06,40.22
3.0,1.0,2.5,3.0,0.6,3600,0.4,213,73.2,-12.72,0.34,0.92,-0.06,40.22
3.0,1.0,2.5,3.0,0.8,3600,0.4,213,73.2,-12.72,0.34,0.92,-0.06,40.22
3.0,1.0,2.5,3.0,0.4,7200,0.4,211,73.5,-12.92,0.33,0.92,-0.061,40.22
3.0,1.0,2.5,3.0,0.6,7200,0.4,211,73.5,-12.92,0.33,0.92,-0.061,40.22
3.0,1.0,2.5,3.0,0.8,7200,0.4,211,73.5,-12.92,0.33,0.92,-0.061,40.22
3.0,1.0,2.5,3.0,0.4,1200,0.2,211,73.5,-13.16,0.33,0.92,-0.062,40.5
3.0,1.0,2.5,3.0,0.6,1200,0.2,211,73.5,-13.16,0.33,0.92,-0.062,40.5
3.0,1.0,2.5,3.0,0.8,1200,0.2,211,73.5,-13.16,0.33,0.92,-0.062,40.5
3.0,1.0,2.5,3.0,0.4,2400,0.2,210,73.3,-13.2,0.34,0.92,-0.063,40.5
3.0,1.0,2.5,3.0,0.4,3600,0.2,210,73.3,-13.2,0.34,0.92,-0.063,40.5
3.0,1.0,2.5,3.0,0.4,7200,0.2,210,73.3,-13.2,0.34,0.92,-0.063,40.5
3.0,1.0,2.5,3.0,0.4,14400,0.2,210,73.3,-13.2,0.34,0.92,-0.063,40.5
3.0,1.0,2.5,3.0,0.4,14400,0.4,210,73.3,-13.2,0.34,0.92,-0.063,40.5
3.0,1.0,2.5,3.0,0.4,,0.4,210,73.3,-13.2,0.34,0.92,-0.063,40.5
3.0,1.0,2.5,3.0,0.6,2400,0.2,210,73.3,-13.2,0.34,0.92,-0.063,40.5
3.0,1.0,2.5,3.0,0.6,3600,0.2,210,73.3,-13.2,0.34,0.92,-0.063,40.5
3.0,1.0,2.5,3.0,0.6,7200,0.2,210,73.3,-13.2,0.34,0.92,-0.063,40.5
3.0,1.0,2.5,3.0,0.6,14400,0.2,210,73.3,-13.2,0.34,0.92,-0.063,40.5
3.0,1.0,2.5,3.0,0.6,14400,0.4,210,73.3,-13.2,0.34,0.92,-0.063,40.5
3.0,1.0,2.5,3.0,0.6,,0.4,210,73.3,-13.2,0.34,0.92,-0.063,40.5
3.0,1.0,2.5,3.0,0.8,2400,0.2,210,73.3,-13.2,0.34,0.92,-0.063,40.5
3.0,1.0,2.5,3.0,0.8,3600,0.2,210,73.3,-13.2,0.34,0.92,-0.063,40.5
3.0,1.0,2.5,3.0,0.8,7200,0.2,210,73.3,-13.2,0.34,0.92,-0.063,40.5
3.0,1.0,2.5,3.0,0.8,14400,0.2,210,73.3,-13.2,0.34,0.92,-0.063,40.5
3.0,1.0,2.5,3.0,0.8,14400,0.4,210,73.3,-13.2,0.34,0.92,-0.063,40.5
3.0,1.0,2.5,3.0,0.8,,0.4,210,73.3,-13.2,0.34,0.92,-0.063,40.5
3.0,1.0,2.5,4.5,0.4,3600,0.4,213,73.2,-13.62,0.34,0.92,-0.064,42.02
3.0,1.0,2.5,4.5,0.6,3600,0.4,213,73.2,-13.62,0.34,0.92,-0.064,42.02
3.0,1.0,2.5,4.5,0.8,3600,0.4,213,73.2,-13.62,0.34,0.92,-0.064,42.02
3.0,1.0,2.5,4.5,0.4,7200,0.4,211,73.5,-13.82,0.33,0.92,-0.065,42.02
3.0,1.0,2.5,4.5,0.6,7200,0.4,211,73.5,-13.82,0.33,0.92,-0.065,42.02
3.0,1.0,2.5,4.5,0.8,7200,0.4,211,73.5,-13.82,0.33,0.92,-0.065,42.02
3.0,1.0,2.5,4.5,0.4,1200,0.2,211,73.5,-14.06,0.33,0.92,-0.067,42.3
3.0,1.0,2.5,4.5,0.4,2400,0.2,210,73.3,-14.1,0.33,0.92,-0.067,42.3
3.0,1.0,2.5,4.5,0.4,3600,0.2,210,73.3,-14.1,0.33,0.92,-0.067,42.3
3.0,1.0,2.5,4.5,0.4,7200,0.2,210,73.3,-14.1,0.33,0.92,-0.067,42.3
3.0,1.0,2.5,4.5,0.4,14400,0.2,210,73.3,-14.1,0.33,0.92,-0.067,42.3
3.0,1.0,2.5,4.5,0.4,14400,0.4,210,73.3,-14.1,0.33,0.92,-0.067,42.3
3.0,1.0,2.5,4.5,0.4,,0.4,210,73.3,-14.1,0.33,0.92,-0.067,42.3
3.0,1.0,2.5,4.5,0.6,1200,0.2,211,73.5,-14.06,0.33,0.92,-0.067,42.3
3.0,1.0,2.5,4.5,0.6,2400,0.2,210,73.3,-14.1,0.33,0.92,-0.067,42.3
3.0,1.0,2.5,4.5,0.6,3600,0.2,210,73.3,-14.1,0.33,0.92,-0.067,42.3
3.0,1.0,2.5,4.5,0.6,7200,0.2,210,73.3,-14.1,0.33,0.92,-0.067,42.3
3.0,1.0,2.5,4.5,0.6,14400,0.2,210,73.3,-14.1,0.33,0.92,-0.067,42.3
3.0,1.0,2.5,4.5,0.6,14400,0.4,210,73.3,-14.1,0.33,0.92,-0.067,42.3
3.0,1.0,2.5,4.5,0.6,,0.4,210,73.3,-14.1,0.33,0.92,-0.067,42.3
3.0,1.0,2.5,4.5,0.8,1200,0.2,211,73.5,-14.06,0.33,0.92,-0.067,42.3
3.0,1.0,2.5,4.5,0.8,2400,0.2,210,73.3,-14.1,0.33,0.92,-0.067,42.3
3.0,1.0,2.5,4.5,0.8,3600,0.2,210,73.3,-14.1,0.33,0.92,-0.067,42.3
3.0,1.0,2.5,4.5,0.8,7200,0.2,210,73.3,-14.1,0.33,0.92,-0.067,42.3
3.0,1.0,2.5,4.5,0.8,14400,0.2,210,73.3,-14.1,0.33,0.92,-0.067,42.3
3.0,1.0,2.5,4.5,0.8,14400,0.4,210,73.3,-14.1,0.33,0.92,-0.067,42.3
3.0,1.0,2.5,4.5,0.8,,0.4,210,73.3,-14.1,0.33,0.92,-0.067,42.3
3.0,1.0,2.5,3.0,0.4,2400,0.4,213,72.8,-14.44,0.34,0.91,-0.068,41.86
3.0,1.0,2.5,3.0,0.4,7200,0.8,213,72.8,-14.49,0.34,0.91,-0.068,40.91
3.0,1.0,2.5,3.0,0.6,2400,0.4,213,72.8,-14.44,0.34,0.91,-0.068,41.86
3.0,1.0,2.5,3.0,0.6,7200,0.8,213,72.8,-14.49,0.34,0.91,-0.068,40.91
3.0,1.0,2.5,3.0,0.8,2400,0.4,213,72.8,-14.44,0.34,0.91,-0.068,41.86
3.0,1.0,2.5,3.0,0.8,7200,0.8,213,72.8,-14.49,0.34,0.91,-0.068,40.91
3.0,1.0,2.5,3.0,0.4,14400,0.8,210,72.9,-14.59,0.34,0.91,-0.069,41.89
3.0,1.0,2.5,3.0,0.6,14400,0.8,210,72.9,-14.59,0.34,0.91,-0.069,41.89
3.0,1.0,2.5,3.0,0.8,14400,0.8,210,72.9,-14.59,0.34,0.91,-0.069,41.89
3.0,1.0,2.5,4.5,0.4,2400,0.4,213,72.8,-15.34,0.34,0.91,-0.072,43.66
3.0,1.0,2.5,4.5,0.4,7200,0.8,213,72.8,-15.39,0.34,0.91,-0.072,42.71
3.0,1.0,2.5,4.5,0.6,2400,0.4,213,72.8,-15.34,0.34,0.91,-0.072,43.66
3.0,1.0,2.5,4.5,0.6,7200,0.8,213,72.8,-15.39,0.34,0.91,-0.072,42.71
3.0,1.0,2.5,4.5,0.8,2400,0.4,213,72.8,-15.34,0.34,0.91,-0.072,43.66
3.0,1.0,2.5,4.5,0.8,7200,0.8,213,72.8,-15.39,0.34,0.91,-0.072,42.71
3.0,1.0,2.5,4.5,0.4,14400,0.8,210,72.9,-15.49,0.34,0.91,-0.074,43.69
3.0,1.0,2.5,4.5,0.6,14400,0.8,210,72.9,-15.49,0.34,0.91,-0.074,43.69
3.0,1.0,2.5,4.5,0.8,14400,0.8,210,72.9,-15.49,0.34,0.91,-0.074,43.69
3.0,1.0,2.5,3.0,0.4,1200,0.4,216,72.2,-18.5,0.34,0.89,-0.086,41.69
3.0,1.0,2.5,3.0,0.6,1200,0.4,216,72.2,-18.5,0.34,0.89,-0.086,41.69
3.0,1.0,2.5,3.0,0.8,1200,0.4,216,72.2,-18.5,0.34,0.89,-0.086,41.69
3.0,1.0,2.5,3.0,0.4,3600,0.8,217,71.9,-19.03,0.35,0.89,-0.088,44.31
3.0,1.0,2.5,3.0,0.6,3600,0.8,217,71.9,-19.03,0.35,0.89,-0.088,44.31
3.0,1.0,2.5,3.0,0.8,3600,0.8,217,71.9,-19.03,0.35,0.89,-0.088,44.31
3.0,1.0,2.5,4.5,0.4,1200,0.4,216,72.2,-19.4,0.34,0.88,-0.09,43.49
3.0,1.0,2.5,4.5,0.6,1200,0.4,216,72.2,-19.4,0.34,0.88,-0.09,43.49
3.0,1.0,2.5,4.5,0.8,1200,0.4,216,72.2,-19.4,0.34,0.88,-0.09,43.49
3.0,1.0,2.5,4.5,0.4,3600,0.8,217,71.9,-19.93,0.35,0.88,-0.092,46.11
3.0,1.0,2.5,4.5,0.6,3600,0.8,217,71.9,-19.93,0.35,0.88,-0.092,46.11
3.0,1.0,2.5,4.5,0.8,3600,0.8,217,71.9,-19.93,0.35,0.88,-0.092,46.11
