stop_loss_pct,level_1_pct,level_2_pct,level_3_pct,trail_callback,time_stop_seconds,time_stop_no_movement_pct,trades,win_rate,total_pnl_pct,payoff,profit_factor,expectancy_pct,max_dd_pct
4.0,0.7,1.5,3.0,0.4,3600,0.4,102,77.5,18.42,0.66,2.27,0.181,8.25
4.0,0.7,1.5,3.0,0.6,3600,0.4,102,77.5,18.42,0.66,2.27,0.181,8.25
4.0,0.7,1.5,3.0,0.8,3600,0.4,102,77.5,18.42,0.66,2.27,0.181,8.25
4.0,0.7,1.5,4.5,0.4,3600,0.4,102,77.5,18.42,0.66,2.27,0.181,8.25
4.0,0.7,1.5,4.5,0.6,3600,0.4,102,77.5,18.42,0.66,2.27,0.181,8.25
4.0,0.7,1.5,4.5,0.8,3600,0.4,102,77.5,18.42,0.66,2.27,0.181,8.25
4.0,0.7,2.5,3.0,0.4,3600,0.4,102,77.5,18.42,0.66,2.27,0.181,8.25
4.0,0.7,2.5,3.0,0.6,3600,0.4,102,77.5,18.42,0.66,2.27,0.181,8.25
4.0,0.7,2.5,3.0,0.8,3600,0.4,102,77.5,18.42,0.66,2.27,0.181,8.25
4.0,0.7,2.5,4.5,0.4,3600,0.4,102,77.5,18.42,0.66,2.27,0.181,8.25
4.0,0.7,2.5,4.5,0.6,3600,0.4,102,77.5,18.42,0.66,2.27,0.181,8.25
4.0,0.7,2.5,4.5,0.8,3600,0.4,102,77.5,18.42,0.66,2.27,0.181,8.25
4.0,1.5,2.5,3.0,0.4,7200,0.4,52,75.0,8.44,0.47,1.41,0.162,13.35
4.0,1.5,2.5,4.5,0.4,7200,0.4,52,75.0,8.44,0.47,1.41,0.162,13.35
4.0,1.5,2.5,3.0,0.8,3600,0.2,40,87.5,6.34,0.19,1.32,0.158,12.86
4.0,1.5,2.5,4.5,0.8,3600,0.2,40,87.5,6.34,0.19,1.32,0.158,12.86
5.0,0.7,1.5,3.0,0.4,1200,0.2,91,78.0,14.14,0.53,1.87,0.155,10.15
5.0,0.7,1.5,3.0,0.6,1200,0.2,91,78.0,14.14,0.53,1.87,0.155,10.15
5.0,0.7,1.5,3.0,0.8,1200,0.2,91,78.0,14.14,0.53,1.87,0.155,10.15
5.0,0.7,1.5,4.5,0.4,1200,0.2,91,78.0,14.14,0.53,1.87,0.155,10.15
5.0,0.7,1.5,4.5,0.6,1200,0.2,91,78.0,14.14,0.53,1.87,0.155,10.15
5.0,0.7,1.5,4.5,0.8,1200,0.2,91,78.0,14.14,0.53,1.87,0.155,10.15
5.0,0.7,1.5,3.0,0.4,3600,0.4,98,77.6,15.1,0.54,1.88,0.154,9.94
5.0,0.7,1.5,3.0,0.6,3600,0.4,98,77.6,15.1,0.54,1.88,0.154,9.94
5.0,0.7,1.5,3.0,0.8,3600,0.4,98,77.6,15.1,0.54,1.88,0.154,9.94
5.0,0.7,1.5,4.5,0.4,3600,0.4,98,77.6,15.1,0.54,1.88,0.154,9.94
5.0,0.7,1.5,4.5,0.6,3600,0.4,98,77.6,15.1,0.54,1.88,0.154,9.94
5.0,0.7,1.5,4.5,0.8,3600,0.4,98,77.6,15.1,0.54,1.88,0.154,9.94
5.0,0.7,2.5,3.0,0.4,3600,0.4,98,77.6,15.1,0.54,1.88,0.154,9.94
5.0,0.7,2.5,3.0,0.6,3600,0.4,98,77.6,15.1,0.54,1.88,0.154,9.94
5.0,0.7,2.5,3.0,0.8,3600,0.4,98,77.6,15.1,0.54,1.88,0.154,9.94
5.0,0.7,2.5,4.5,0.4,3600,0.4,98,77.6,15.1,0.54,1.88,0.154,9.94
5.0,0.7,2.5,4.5,0.6,3600,0.4,98,77.6,15.1,0.54,1.88,0.154,9.94
5.0,0.7,2.5,4.5,0.8,3600,0.4,98,77.6,15.1,0.54,1.88,0.154,9.94
4.0,1.5,2.5,3.0,0.4,2400,0.2,50,74.0,7.58,0.48,1.37,0.152,11.45
4.0,1.5,2.5,4.5,0.4,2400,0.2,50,74.0,7.58,0.48,1.37,0.152,11.45
4.0,0.7,1.5,3.0,0.4,1200,0.2,93,77.4,13.77,0.52,1.8,0.148,8.15
4.0,0.7,1.5,3.0,0.6,1200,0.2,93,77.4,13.77,0.52,1.8,0.148,8.15
4.0,0.7,1.5,3.0,0.8,1200,0.2,93,77.4,13.77,0.52,1.8,0.148,8.15
4.0,0.7,1.5,4.5,0.4,1200,0.2,93,77.4,13.77,0.52,1.8,0.148,8.15
4.0,0.7,1.5,4.5,0.6,1200,0.2,93,77.4,13.77,0.52,1.8,0.148,8.15
4.0,0.7,1.5,4.5,0.8,1200,0.2,93,77.4,13.77,0.52,1.8,0.148,8.15
5.0,0.7,2.5,3.0,0.4,1200,0.2,91,78.0,13.42,0.51,1.82,0.147,10.15
5.0,0.7,2.5,3.0,0.6,1200,0.2,91,78.0,13.42,0.51,1.82,0.147,10.15
5.0,0.7,2.5,3.0,0.8,1200,0.2,91,78.0,13.42,0.51,1.82,0.147,10.15
5.0,0.7,2.5,4.5,0.4,1200,0.2,91,78.0,13.42,0.51,1.82,0.147,10.15
5.0,0.7,2.5,4.5,0.6,1200,0.2,91,78.0,13.42,0.51,1.82,0.147,10.15
5.0,0.7,2.5,4.5,0.8,1200,0.2,91,78.0,13.42,0.51,1.82,0.147,10.15
4.0,0.7,2.5,3.0,0.4,1200,0.2,93,77.4,13.05,0.51,1.75,0.14,8.15
4.0,0.7,2.5,3.0,0.6,1200,0.2,93,77.4,13.05,0.51,1.75,0.14,8.15
4.0,0.7,2.5,3.0,0.8,1200,0.2,93,77.4,13.05,0.51,1.75,0.14,8.15
4.0,0.7,2.5,4.5,0.4,1200,0.2,93,77.4,13.05,0.51,1.75,0.14,8.15
4.0,0.7,2.5,4.5,0.6,1200,0.2,93,77.4,13.05,0.51,1.75,0.14,8.15
4.0,0.7,2.5,4.5,0.8,1200,0.2,93,77.4,13.05,0.51,1.75,0.14,8.15
4.0,1.5,2.5,3.0,0.4,14400,0.4,48,79.2,6.59,0.33,1.27,0.137,16.24
4.0,1.5,2.5,4.5,0.4,14400,0.4,48,79.2,6.59,0.33,1.27,0.137,16.24
4.0,0.7,1.5,3.0,0.4,7200,0.4,76,75.0,10.26,0.53,1.58,0.135,8.03
4.0,0.7,1.5,3.0,0.6,7200,0.4,76,75.0,10.26,0.53,1.58,0.135,8.03
4.0,0.7,1.5,3.0,0.8,7200,0.4,76,75.0,10.26,0.53,1.58,0.135,8.03
4.0,0.7,1.5,4.5,0.4,7200,0.4,76,75.0,10.26,0.53,1.58,0.135,8.03
4.0,0.7,1.5,4.5,0.6,7200,0.4,76,75.0,10.26,0.53,1.58,0.135,8.03
4.0,0.7,1.5,4.5,0.8,7200,0.4,76,75.0,10.26,0.53,1.58,0.135,8.03
4.0,0.7,2.5,3.0,0.4,7200,0.4,76,75.0,10.26,0.53,1.58,0.135,8.03
4.0,0.7,2.5,3.0,0.6,7200,0.4,76,75.0,10.26,0.53,1.58,0.135,8.03
4.0,0.7,2.5,3.0,0.8,7200,0.4,76,75.0,10.26,0.53,1.58,0.135,8.03
4.0,0.7,2.5,4.5,0.4,7200,0.4,76,75.0,10.26,0.53,1.58,0.135,8.03
4.0,0.7,2.5,4.5,0.6,7200,0.4,76,75.0,10.26,0.53,1.58,0.135,8.03
4.0,0.7,2.5,4.5,0.8,7200,0.4,76,75.0,10.26,0.53,1.58,0.135,8.03
4.0,0.7,1.5,3.0,0.4,3600,0.2,62,87.1,8.23,0.2,1.34,0.133,13.38
4.0,0.7,1.5,3.0,0.6,3600,0.2,62,87.1,8.23,0.2,1.34,0.133,13.38
4.0,0.7,1.5,3.0,0.8,3600,0.2,62,87.1,8.23,0.2,1.34,0.133,13.38
4.0,0.7,1.5,4.5,0.4,3600,0.2,62,87.1,8.23,0.2,1.34,0.133,13.38
4.0,0.7,1.5,4.5,0.6,3600,0.2,62,87.1,8.23,0.2,1.34,0.133,13.38
4.0,0.7,1.5,4.5,0.8,3600,0.2,62,87.1,8.23,0.2,1.34,0.133,13.38
4.0,0.7,2.5,3.0,0.4,3600,0.2,62,87.1,8.23,0.2,1.34,0.133,13.38
4.0,0.7,2.5,3.0,0.6,3600,0.2,62,87.1,8.23,0.2,1.34,0.133,13.38
4.0,0.7,2.5,3.0,0.8,3600,0.2,62,87.1,8.23,0.2,1.34,0.133,13.38
4.0,0.7,2.5,4.5,0.4,3600,0.2,62,87.1,8.23,0.2,1.34,0.133,13.38
4.0,0.7,2.5,4.5,0.6,3600,0.2,62,87.1,8.23,0.2,1.34,0.133,13.38
4.0,0.7,2.5,4.5,0.8,3600,0.2,62,87.1,8.23,0.2,1.34,0.133,13.38
5.0,0.7,1.5,3.0,0.4,7200,0.4,68,76.5,8.99,0.48,1.54,0.132,10.02
5.0,0.7,1.5,3.0,0.6,7200,0.4,68,76.5,8.99,0.48,1.54,0.132,10.02
5.0,0.7,1.5,3.0,0.8,7200,0.4,68,76.5,8.99,0.48,1.54,0.132,10.02
5.0,0.7,1.5,4.5,0.4,7200,0.4,68,76.5,8.99,0.48,1.54,0.132,10.02
5.0,0.7,1.5,4.5,0.6,7200,0.4,68,76.5,8.99,0.48,1.54,0.132,10.02
5.0,0.7,1.5,4.5,0.8,7200,0.4,68,76.5,8.99,0.48,1.54,0.132,10.02
5.0,0.7,2.5,3.0,0.4,7200,0.4,68,76.5,8.99,0.48,1.54,0.132,10.02
5.0,0.7,2.5,3.0,0.6,7200,0.4,68,76.5,8.99,0.48,1.54,0.132,10.02
5.0,0.7,2.5,3.0,0.8,7200,0.4,68,76.5,8.99,0.48,1.54,0.132,10.02
5.0,0.7,2.5,4.5,0.4,7200,0.4,68,76.5,8.99,0.48,1.54,0.132,10.02
5.0,0.7,2.5,4.5,0.6,7200,0.4,68,76.5,8.99,0.48,1.54,0.132,10.02
5.0,0.7,2.5,4.5,0.8,7200,0.4,68,76.5,8.99,0.48,1.54,0.132,10.02
4.0,1.5,2.5,3.0,0.6,2400,0.2,48,75.0,5.84,0.43,1.28,0.122,11.96
4.0,1.5,2.5,4.5,0.6,2400,0.2,48,75.0,5.84,0.43,1.28,0.122,11.96
4.0,1.0,1.5,3.0,0.4,7200,0.4,50,74.0,5.98,0.45,1.29,0.12,13.9
4.0,1.0,1.5,3.0,0.6,7200,0.4,50,74.0,5.98,0.45,1.29,0.12,13.9
4.0,1.0,1.5,3.0,0.8,7200,0.4,50,74.0,5.98,0.45,1.29,0.12,13.9
4.0,1.0,1.5,4.5,0.4,7200,0.4,50,74.0,5.98,0.45,1.29,0.12,13.9
4.0,1.0,1.5,4.5,0.6,7200,0.4,50,74.0,5.98,0.45,1.29,0.12,13.9
4.0,1.0,1.5,4.5,0.8,7200,0.4,50,74.0,5.98,0.45,1.29,0.12,13.9
4.0,1.0,2.5,3.0,0.4,7200,0.4,50,74.0,5.53,0.45,1.27,0.111,13.9
4.0,1.0,2.5,3.0,0.6,7200,0.4,50,74.0,5.53,0.45,1.27,0.111,13.9
4.0,1.0,2.5,3.0,0.8,7200,0.4,50,74.0,5.53,0.45,1.27,0.111,13.9
4.0,1.0,2.5,4.5,0.4,7200,0.4,50,74.0,5.53,0.45,1.27,0.111,13.9
4.0,1.0,2.5,4.5,0.6,7200,0.4,50,74.0,5.53,0.45,1.27,0.111,13.9
4.0,1.0,2.5,4.5,0.8,7200,0.4,50,74.0,5.53,0.45,1.27,0.111,13.9
5.0,1.5,2.5,3.0,0.4,1200,0.4,107,63.6,11.29,1.05,1.82,0.106,6.02
5.0,1.5,2.5,4.5,0.4,1200,0.4,107,63.6,11.29,1.05,1.82,0.106,6.02
5.0,1.5,2.5,3.0,0.6,1200,0.4,107,64.5,11.23,1.01,1.83,0.105,6.02
5.0,1.5,2.5,4.5,0.6,1200,0.4,107,64.5,11.23,1.01,1.83,0.105,6.02
4.0,1.5,2.5,3.0,0.4,3600,0.4,74,77.0,7.7,0.4,1.35,0.104,13.05
4.0,1.5,2.5,4.5,0.4,3600,0.4,74,77.0,7.7,0.4,1.35,0.104,13.05
4.0,1.0,1.5,3.0,0.4,2400,0.2,50,72.0,4.86,0.48,1.23,0.097,11.74
4.0,1.0,1.5,3.0,0.6,2400,0.2,50,72.0,4.86,0.48,1.23,0.097,11.74
4.0,1.0,1.5,3.0,0.8,2400,0.2,50,72.0,4.86,0.48,1.23,0.097,11.74
4.0,1.0,1.5,4.5,0.4,2400,0.2,50,72.0,4.86,0.48,1.23,0.097,11.74
4.0,1.0,1.5,4.5,0.6,2400,0.2,50,72.0,4.86,0.48,1.23,0.097,11.74
4.0,1.0,1.5,4.5,0.8,2400,0.2,50,72.0,4.86,0.48,1.23,0.097,11.74
5.0,1.0,1.5,3.0,0.4,1200,0.4,109,63.3,10.31,1.01,1.75,0.095,6.02
5.0,1.0,1.5,3.0,0.6,1200,0.4,109,63.3,10.31,1.01,1.75,0.095,6.02
5.0,1.0,1.5,3.0,0.8,1200,0.4,109,63.3,10.31,1.01,1.75,0.095,6.02
5.0,1.0,1.5,4.5,0.4,1200,0.4,109,63.3,10.31,1.01,1.75,0.095,6.02
5.0,1.0,1.5,4.5,0.6,1200,0.4,109,63.3,10.31,1.01,1.75,0.095,6.02
5.0,1.0,1.5,4.5,0.8,1200,0.4,109,63.3,10.31,1.01,1.75,0.095,6.02
4.0,1.0,1.5,3.0,0.4,3600,0.4,75,77.3,6.76,0.38,1.31,0.09,13.48
4.0,1.0,1.5,3.0,0.6,3600,0.4,75,77.3,6.76,0.38,1.31,0.09,13.48
4.0,1.0,1.5,3.0,0.8,3600,0.4,75,77.3,6.76,0.38,1.31,0.09,13.48
4.0,1.0,1.5,4.5,0.4,3600,0.4,75,77.3,6.76,0.38,1.31,0.09,13.48
4.0,1.0,1.5,4.5,0.6,3600,0.4,75,77.3,6.76,0.38,1.31,0.09,13.48
4.0,1.0,1.5,4.5,0.8,3600,0.4,75,77.3,6.76,0.38,1.31,0.09,13.48
5.0,1.0,2.5,3.0,0.4,1200,0.4,109,63.3,9.86,0.99,1.71,0.09,6.02
5.0,1.0,2.5,3.0,0.6,1200,0.4,109,63.3,9.86,0.99,1.71,0.09,6.02
5.0,1.0,2.5,3.0,0.8,1200,0.4,109,63.3,9.86,0.99,1.71,0.09,6.02
5.0,1.0,2.5,4.5,0.4,1200,0.4,109,63.3,9.86,0.99,1.71,0.09,6.02
5.0,1.0,2.5,4.5,0.6,1200,0.4,109,63.3,9.86,0.99,1.71,0.09,6.02
5.0,1.0,2.5,4.5,0.8,1200,0.4,109,63.3,9.86,0.99,1.71,0.09,6.02
4.0,1.0,2.5,3.0,0.4,2400,0.2,50,72.0,4.41,0.47,1.21,0.088,11.74
4.0,1.0,2.5,3.0,0.6,2400,0.2,50,72.0,4.41,0.47,1.21,0.088,11.74
4.0,1.0,2.5,3.0,0.8,2400,0.2,50,72.0,4.41,0.47,1.21,0.088,11.74
4.0,1.0,2.5,4.5,0.4,2400,0.2,50,72.0,4.41,0.47,1.21,0.088,11.74
4.0,1.0,2.5,4.5,0.6,2400,0.2,50,72.0,4.41,0.47,1.21,0.088,11.74
4.0,1.0,2.5,4.5,0.8,2400,0.2,50,72.0,4.41,0.47,1.21,0.088,11.74
4.0,0.7,1.5,3.0,0.4,2400,0.2,75,78.7,6.44,0.34,1.26,0.086,13.64
4.0,0.7,1.5,3.0,0.6,2400,0.2,75,78.7,6.44,0.34,1.26,0.086,13.64
4.0,0.7,1.5,3.0,0.8,2400,0.2,75,78.7,6.44,0.34,1.26,0.086,13.64
4.0,0.7,1.5,4.5,0.4,2400,0.2,75,78.7,6.44,0.34,1.26,0.086,13.64
4.0,0.7,1.5,4.5,0.6,2400,0.2,75,78.7,6.44,0.34,1.26,0.086,13.64
4.0,0.7,1.5,4.5,0.8,2400,0.2,75,78.7,6.44,0.34,1.26,0.086,13.64
4.0,0.7,2.5,3.0,0.4,2400,0.2,75,78.7,6.44,0.34,1.26,0.086,13.64
4.0,0.7,2.5,3.0,0.6,2400,0.2,75,78.7,6.44,0.34,1.26,0.086,13.64
4.0,0.7,2.5,3.0,0.8,2400,0.2,75,78.7,6.44,0.34,1.26,0.086,13.64
4.0,0.7,2.5,4.5,0.4,2400,0.2,75,78.7,6.44,0.34,1.26,0.086,13.64
4.0,0.7,2.5,4.5,0.6,2400,0.2,75,78.7,6.44,0.34,1.26,0.086,13.64
4.0,0.7,2.5,4.5,0.8,2400,0.2,75,78.7,6.44,0.34,1.26,0.086,13.64
5.0,1.5,2.5,3.0,0.8,1200,0.4,105,63.8,9.07,0.95,1.67,0.086,6.02
5.0,1.5,2.5,4.5,0.8,1200,0.4,105,63.8,9.07,0.95,1.67,0.086,6.02
4.0,1.5,2.5,3.0,0.8,2400,0.2,44,72.7,3.71,0.44,1.18,0.084,12.23
4.0,1.5,2.5,4.5,0.8,2400,0.2,44,72.7,3.71,0.44,1.18,0.084,12.23
5.0,0.7,1.5,3.0,0.4,3600,0.2,57,87.7,4.71,0.17,1.19,0.083,16.27
5.0,0.7,1.5,3.0,0.6,3600,0.2,57,87.7,4.71,0.17,1.19,0.083,16.27
5.0,0.7,1.5,3.0,0.8,3600,0.2,57,87.7,4.71,0.17,1.19,0.083,16.27
5.0,0.7,1.5,4.5,0.4,3600,0.2,57,87.7,4.71,0.17,1.19,0.083,16.27
5.0,0.7,1.5,4.5,0.6,3600,0.2,57,87.7,4.71,0.17,1.19,0.083,16.27
5.0,0.7,1.5,4.5,0.8,3600,0.2,57,87.7,4.71,0.17,1.19,0.083,16.27
5.0,0.7,2.5,3.0,0.4,3600,0.2,57,87.7,4.71,0.17,1.19,0.083,16.27
5.0,0.7,2.5,3.0,0.6,3600,0.2,57,87.7,4.71,0.17,1.19,0.083,16.27
5.0,0.7,2.5,3.0,0.8,3600,0.2,57,87.7,4.71,0.17,1.19,0.083,16.27
5.0,0.7,2.5,4.5,0.4,3600,0.2,57,87.7,4.71,0.17,1.19,0.083,16.27
5.0,0.7,2.5,4.5,0.6,3600,0.2,57,87.7,4.71,0.17,1.19,0.083,16.27
5.0,0.7,2.5,4.5,0.8,3600,0.2,57,87.7,4.71,0.17,1.19,0.083,16.27
4.0,1.5,2.5,3.0,0.4,1200,0.4,141,63.1,11.32,0.97,1.65,0.08,5.02
4.0,1.5,2.5,4.5,0.4,1200,0.4,141,63.1,11.32,0.97,1.65,0.08,5.02
4.0,1.0,2.5,3.0,0.4,3600,0.4,75,77.3,5.86,0.37,1.27,0.078,13.48
4.0,1.0,2.5,3.0,0.6,3600,0.4,75,77.3,5.86,0.37,1.27,0.078,13.48
4.0,1.0,2.5,3.0,0.8,3600,0.4,75,77.3,5.86,0.37,1.27,0.078,13.48
4.0,1.0,2.5,4.5,0.4,3600,0.4,75,77.3,5.86,0.37,1.27,0.078,13.48
4.0,1.0,2.5,4.5,0.6,3600,0.4,75,77.3,5.86,0.37,1.27,0.078,13.48
4.0,1.0,2.5,4.5,0.8,3600,0.4,75,77.3,5.86,0.37,1.27,0.078,13.48
4.0,1.0,1.5,3.0,0.4,14400,0.4,47,80.9,3.63,0.27,1.15,0.077,15.62
4.0,1.0,1.5,3.0,0.6,14400,0.4,47,80.9,3.63,0.27,1.15,0.077,15.62
4.0,1.0,1.5,3.0,0.8,14400,0.4,47,80.9,3.63,0.27,1.15,0.077,15.62
4.0,1.0,1.5,4.5,0.4,14400,0.4,47,80.9,3.63,0.27,1.15,0.077,15.62
4.0,1.0,1.5,4.5,0.6,14400,0.4,47,80.9,3.63,0.27,1.15,0.077,15.62
4.0,1.0,1.5,4.5,0.8,14400,0.4,47,80.9,3.63,0.27,1.15,0.077,15.62
4.0,1.0,2.5,3.0,0.4,14400,0.4,47,80.9,3.63,0.27,1.15,0.077,15.62
4.0,1.0,2.5,3.0,0.6,14400,0.4,47,80.9,3.63,0.27,1.15,0.077,15.62
4.0,1.0,2.5,3.0,0.8,14400,0.4,47,80.9,3.63,0.27,1.15,0.077,15.62
4.0,1.0,2.5,4.5,0.4,14400,0.4,47,80.9,3.63,0.27,1.15,0.077,15.62
4.0,1.0,2.5,4.5,0.6,14400,0.4,47,80.9,3.63,0.27,1.15,0.077,15.62
4.0,1.0,2.5,4.5,0.8,14400,0.4,47,80.9,3.63,0.27,1.15,0.077,15.62
4.0,1.5,2.5,3.0,0.6,1200,0.4,140,63.6,10.49,0.92,1.61,0.075,5.02
4.0,1.5,2.5,4.5,0.6,1200,0.4,140,63.6,10.49,0.92,1.61,0.075,5.02
4.0,1.0,1.5,3.0,0.4,1200,0.4,143,62.9,10.45,0.94,1.6,0.073,5.02
4.0,1.0,1.5,3.0,0.6,1200,0.4,143,62.9,10.45,0.94,1.6,0.073,5.02
4.0,1.0,1.5,3.0,0.8,1200,0.4,143,62.9,10.45,0.94,1.6,0.073,5.02
4.0,1.0,1.5,4.5,0.4,1200,0.4,143,62.9,10.45,0.94,1.6,0.073,5.02
4.0,1.0,1.5,4.5,0.6,1200,0.4,143,62.9,10.45,0.94,1.6,0.073,5.02
4.0,1.0,1.5,4.5,0.8,1200,0.4,143,62.9,10.45,0.94,1.6,0.073,5.02
4.0,1.0,1.5,3.0,0.4,3600,0.8,170,60.6,12.06,1.0,1.54,0.071,8.97
4.0,1.0,1.5,3.0,0.6,3600,0.8,170,60.6,12.06,1.0,1.54,0.071,8.97
4.0,1.0,1.5,3.0,0.8,3600,0.8,170,60.6,12.06,1.0,1.54,0.071,8.97
4.0,1.0,1.5,4.5,0.4,3600,0.8,170,60.6,12.06,1.0,1.54,0.071,8.97
4.0,1.0,1.5,4.5,0.6,3600,0.8,170,60.6,12.06,1.0,1.54,0.071,8.97
4.0,1.0,1.5,4.5,0.8,3600,0.8,170,60.6,12.06,1.0,1.54,0.071,8.97
4.0,1.5,2.5,3.0,0.6,3600,0.4,70,77.1,4.99,0.36,1.23,0.071,14.1
4.0,1.5,2.5,4.5,0.6,3600,0.4,70,77.1,4.99,0.36,1.23,0.071,14.1
4.0,1.0,2.5,3.0,0.4,1200,0.4,143,62.9,10.0,0.93,1.57,0.07,5.02
4.0,1.0,2.5,3.0,0.6,1200,0.4,143,62.9,10.0,0.93,1.57,0.07,5.02
4.0,1.0,2.5,3.0,0.8,1200,0.4,143,62.9,10.0,0.93,1.57,0.07,5.02
4.0,1.0,2.5,4.5,0.4,1200,0.4,143,62.9,10.0,0.93,1.57,0.07,5.02
4.0,1.0,2.5,4.5,0.6,1200,0.4,143,62.9,10.0,0.93,1.57,0.07,5.02
4.0,1.0,2.5,4.5,0.8,1200,0.4,143,62.9,10.0,0.93,1.57,0.07,5.02
4.0,0.7,1.5,3.0,0.4,2400,0.4,130,65.4,8.87,0.75,1.42,0.068,8.03
4.0,0.7,1.5,3.0,0.6,2400,0.4,130,65.4,8.87,0.75,1.42,0.068,8.03
4.0,0.7,1.5,3.0,0.8,2400,0.4,130,65.4,8.87,0.75,1.42,0.068,8.03
4.0,0.7,1.5,4.5,0.4,2400,0.4,130,65.4,8.87,0.75,1.42,0.068,8.03
4.0,0.7,1.5,4.5,0.6,2400,0.4,130,65.4,8.87,0.75,1.42,0.068,8.03
4.0,0.7,1.5,4.5,0.8,2400,0.4,130,65.4,8.87,0.75,1.42,0.068,8.03
4.0,0.7,2.5,3.0,0.4,2400,0.4,130,65.4,8.87,0.75,1.42,0.068,8.03
4.0,0.7,2.5,3.0,0.6,2400,0.4,130,65.4,8.87,0.75,1.42,0.068,8.03
4.0,0.7,2.5,3.0,0.8,2400,0.4,130,65.4,8.87,0.75,1.42,0.068,8.03
4.0,0.7,2.5,4.5,0.4,2400,0.4,130,65.4,8.87,0.75,1.42,0.068,8.03
4.0,0.7,2.5,4.5,0.6,2400,0.4,130,65.4,8.87,0.75,1.42,0.068,8.03
4.0,0.7,2.5,4.5,0.8,2400,0.4,130,65.4,8.87,0.75,1.42,0.068,8.03
4.0,1.0,2.5,3.0,0.4,3600,0.8,170,60.6,11.61,0.99,1.52,0.068,8.97
4.0,1.0,2.5,3.0,0.6,3600,0.8,170,60.6,11.61,0.99,1.52,0.068,8.97
4.0,1.0,2.5,3.0,0.8,3600,0.8,170,60.6,11.61,0.99,1.52,0.068,8.97
4.0,1.0,2.5,4.5,0.4,3600,0.8,170,60.6,11.61,0.99,1.52,0.068,8.97
4.0,1.0,2.5,4.5,0.6,3600,0.8,170,60.6,11.61,0.99,1.52,0.068,8.97
4.0,1.0,2.5,4.5,0.8,3600,0.8,170,60.6,11.61,0.99,1.52,0.068,8.97
4.0,1.5,2.5,3.0,0.4,3600,0.8,169,60.4,11.53,1.0,1.52,0.068,8.97
4.0,1.5,2.5,4.5,0.4,3600,0.8,169,60.4,11.53,1.0,1.52,0.068,8.97
4.0,1.5,2.5,3.0,0.6,7200,0.8,119,64.7,7.92,0.73,1.33,0.067,10.26
4.0,1.5,2.5,4.5,0.6,7200,0.8,119,64.7,7.92,0.73,1.33,0.067,10.26
5.0,0.7,1.5,3.0,0.4,7200,0.2,50,90.0,3.35,0.13,1.13,0.067,16.18
5.0,0.7,1.5,3.0,0.4,14400,0.2,50,90.0,3.35,0.13,1.13,0.067,16.18
5.0,0.7,1.5,3.0,0.4,,0.4,50,90.0,3.35,0.13,1.13,0.067,16.18
5.0,0.7,1.5,3.0,0.6,7200,0.2,50,90.0,3.35,0.13,1.13,0.067,16.18
5.0,0.7,1.5,3.0,0.6,14400,0.2,50,90.0,3.35,0.13,1.13,0.067,16.18
5.0,0.7,1.5,3.0,0.6,,0.4,50,90.0,3.35,0.13,1.13,0.067,16.18
5.0,0.7,1.5,3.0,0.8,7200,0.2,50,90.0,3.35,0.13,1.13,0.067,16.18
5.0,0.7,1.5,3.0,0.8,14400,0.2,50,90.0,3.35,0.13,1.13,0.067,16.18
5.0,0.7,1.5,3.0,0.8,,0.4,50,90.0,3.35,0.13,1.13,0.067,16.18
5.0,0.7,1.5,4.5,0.4,7200,0.2,50,90.0,3.35,0.13,1.13,0.067,16.18
5.0,0.7,1.5,4.5,0.4,14400,0.2,50,90.0,3.35,0.13,1.13,0.067,16.18
5.0,0.7,1.5,4.5,0.4,,0.4,50,90.0,3.35,0.13,1.13,0.067,16.18
5.0,0.7,1.5,4.5,0.6,7200,0.2,50,90.0,3.35,0.13,1.13,0.067,16.18
5.0,0.7,1.5,4.5,0.6,14400,0.2,50,90.0,3.35,0.13,1.13,0.067,16.18
5.0,0.7,1.5,4.5,0.6,,0.4,50,90.0,3.35,0.13,1.13,0.067,16.18
5.0,0.7,1.5,4.5,0.8,7200,0.2,50,90.0,3.35,0.13,1.13,0.067,16.18
5.0,0.7,1.5,4.5,0.8,14400,0.2,50,90.0,3.35,0.13,1.13,0.067,16.18
5.0,0.7,1.5,4.5,0.8,,0.4,50,90.0,3.35,0.13,1.13,0.067,16.18
5.0,0.7,2.5,3.0,0.4,7200,0.2,50,90.0,3.35,0.13,1.13,0.067,16.18
5.0,0.7,2.5,3.0,0.4,14400,0.2,50,90.0,3.35,0.13,1.13,0.067,16.18
5.0,0.7,2.5,3.0,0.4,,0.4,50,90.0,3.35,0.13,1.13,0.067,16.18
5.0,0.7,2.5,3.0,0.6,7200,0.2,50,90.0,3.35,0.13,1.13,0.067,16.18
5.0,0.7,2.5,3.0,0.6,14400,0.2,50,90.0,3.35,0.13,1.13,0.067,16.18
5.0,0.7,2.5,3.0,0.6,,0.4,50,90.0,3.35,0.13,1.13,0.067,16.18
5.0,0.7,2.5,3.0,0.8,7200,0.2,50,90.0,3.35,0.13,1.13,0.067,16.18
5.0,0.7,2.5,3.0,0.8,14400,0.2,50,90.0,3.35,0.13,1.13,0.067,16.18
5.0,0.7,2.5,3.0,0.8,,0.4,50,90.0,3.35,0.13,1.13,0.067,16.18
5.0,0.7,2.5,4.5,0.4,7200,0.2,50,90.0,3.35,0.13,1.13,0.067,16.18
5.0,0.7,2.5,4.5,0.4,14400,0.2,50,90.0,3.35,0.13,1.13,0.067,16.18
5.0,0.7,2.5,4.5,0.4,,0.4,50,90.0,3.35,0.13,1.13,0.067,16.18
5.0,0.7,2.5,4.5,0.6,7200,0.2,50,90.0,3.35,0.13,1.13,0.067,16.18
5.0,0.7,2.5,4.5,0.6,14400,0.2,50,90.0,3.35,0.13,1.13,0.067,16.18
5.0,0.7,2.5,4.5,0.6,,0.4,50,90.0,3.35,0.13,1.13,0.067,16.18
5.0,0.7,2.5,4.5,0.8,7200,0.2,50,90.0,3.35,0.13,1.13,0.067,16.18
5.0,0.7,2.5,4.5,0.8,14400,0.2,50,90.0,3.35,0.13,1.13,0.067,16.18
5.0,0.7,2.5,4.5,0.8,,0.4,50,90.0,3.35,0.13,1.13,0.067,16.18
4.0,1.5,2.5,3.0,0.8,1200,0.4,138,63.0,9.05,0.89,1.53,0.066,5.02
4.0,1.5,2.5,4.5,0.8,1200,0.4,138,63.0,9.05,0.89,1.53,0.066,5.02
5.0,0.7,1.5,3.0,0.4,1200,0.4,138,65.2,8.79,0.85,1.6,0.064,6.02
5.0,0.7,1.5,3.0,0.6,1200,0.4,138,65.2,8.79,0.85,1.6,0.064,6.02
5.0,0.7,1.5,3.0,0.8,1200,0.4,138,65.2,8.79,0.85,1.6,0.064,6.02
5.0,0.7,1.5,4.5,0.4,1200,0.4,138,65.2,8.79,0.85,1.6,0.064,6.02
5.0,0.7,1.5,4.5,0.6,1200,0.4,138,65.2,8.79,0.85,1.6,0.064,6.02
5.0,0.7,1.5,4.5,0.8,1200,0.4,138,65.2,8.79,0.85,1.6,0.064,6.02
5.0,0.7,2.5,3.0,0.4,1200,0.4,138,65.2,8.79,0.85,1.6,0.064,6.02
5.0,0.7,2.5,3.0,0.6,1200,0.4,138,65.2,8.79,0.85,1.6,0.064,6.02
5.0,0.7,2.5,3.0,0.8,1200,0.4,138,65.2,8.79,0.85,1.6,0.064,6.02
5.0,0.7,2.5,4.5,0.4,1200,0.4,138,65.2,8.79,0.85,1.6,0.064,6.02
5.0,0.7,2.5,4.5,0.6,1200,0.4,138,65.2,8.79,0.85,1.6,0.064,6.02
5.0,0.7,2.5,4.5,0.8,1200,0.4,138,65.2,8.79,0.85,1.6,0.064,6.02
4.0,0.7,1.5,3.0,0.4,7200,0.2,57,87.7,3.5,0.16,1.12,0.061,16.03
4.0,0.7,1.5,3.0,0.4,14400,0.2,57,87.7,3.5,0.16,1.12,0.061,16.03
4.0,0.7,1.5,3.0,0.4,,0.4,57,87.7,3.5,0.16,1.12,0.061,16.03
4.0,0.7,1.5,3.0,0.6,7200,0.2,57,87.7,3.5,0.16,1.12,0.061,16.03
4.0,0.7,1.5,3.0,0.6,14400,0.2,57,87.7,3.5,0.16,1.12,0.061,16.03
4.0,0.7,1.5,3.0,0.6,,0.4,57,87.7,3.5,0.16,1.12,0.061,16.03
4.0,0.7,1.5,3.0,0.8,7200,0.2,57,87.7,3.5,0.16,1.12,0.061,16.03
4.0,0.7,1.5,3.0,0.8,14400,0.2,57,87.7,3.5,0.16,1.12,0.061,16.03
4.0,0.7,1.5,3.0,0.8,,0.4,57,87.7,3.5,0.16,1.12,0.061,16.03
4.0,0.7,1.5,4.5,0.4,7200,0.2,57,87.7,3.5,0.16,1.12,0.061,16.03
4.0,0.7,1.5,4.5,0.4,14400,0.2,57,87.7,3.5,0.16,1.12,0.061,16.03
4.0,0.7,1.5,4.5,0.4,,0.4,57,87.7,3.5,0.16,1.12,0.061,16.03
4.0,0.7,1.5,4.5,0.6,7200,0.2,57,87.7,3.5,0.16,1.12,0.061,16.03
4.0,0.7,1.5,4.5,0.6,14400,0.2,57,87.7,3.5,0.16,1.12,0.061,16.03
4.0,0.7,1.5,4.5,0.6,,0.4,57,87.7,3.5,0.16,1.12,0.061,16.03
4.0,0.7,1.5,4.5,0.8,7200,0.2,57,87.7,3.5,0.16,1.12,0.061,16.03
4.0,0.7,1.5,4.5,0.8,14400,0.2,57,87.7,3.5,0.16,1.12,0.061,16.03
4.0,0.7,1.5,4.5,0.8,,0.4,57,87.7,3.5,0.16,1.12,0.061,16.03
4.0,0.7,2.5,3.0,0.4,7200,0.2,57,87.7,3.5,0.16,1.12,0.061,16.03
4.0,0.7,2.5,3.0,0.4,14400,0.2,57,87.7,3.5,0.16,1.12,0.061,16.03
4.0,0.7,2.5,3.0,0.4,,0.4,57,87.7,3.5,0.16,1.12,0.061,16.03
4.0,0.7,2.5,3.0,0.6,7200,0.2,57,87.7,3.5,0.16,1.12,0.061,16.03
4.0,0.7,2.5,3.0,0.6,14400,0.2,57,87.7,3.5,0.16,1.12,0.061,16.03
4.0,0.7,2.5,3.0,0.6,,0.4,57,87.7,3.5,0.16,1.12,0.061,16.03
4.0,0.7,2.5,3.0,0.8,7200,0.2,57,87.7,3.5,0.16,1.12,0.061,16.03
4.0,0.7,2.5,3.0,0.8,14400,0.2,57,87.7,3.5,0.16,1.12,0.061,16.03
4.0,0.7,2.5,3.0,0.8,,0.4,57,87.7,3.5,0.16,1.12,0.061,16.03
4.0,0.7,2.5,4.5,0.4,7200,0.2,57,87.7,3.5,0.16,1.12,0.061,16.03
4.0,0.7,2.5,4.5,0.4,14400,0.2,57,87.7,3.5,0.16,1.12,0.061,16.03
4.0,0.7,2.5,4.5,0.4,,0.4,57,87.7,3.5,0.16,1.12,0.061,16.03
4.0,0.7,2.5,4.5,0.6,7200,0.2,57,87.7,3.5,0.16,1.12,0.061,16.03
4.0,0.7,2.5,4.5,0.6,14400,0.2,57,87.7,3.5,0.16,1.12,0.061,16.03
4.0,0.7,2.5,4.5,0.6,,0.4,57,87.7,3.5,0.16,1.12,0.061,16.03
4.0,0.7,2.5,4.5,0.8,7200,0.2,57,87.7,3.5,0.16,1.12,0.061,16.03
4.0,0.7,2.5,4.5,0.8,14400,0.2,57,87.7,3.5,0.16,1.12,0.061,16.03
4.0,0.7,2.5,4.5,0.8,,0.4,57,87.7,3.5,0.16,1.12,0.061,16.03
4.0,1.5,2.5,3.0,0.6,3600,0.8,167,60.5,9.72,0.94,1.44,0.058,8.97
4.0,1.5,2.5,4.5,0.6,3600,0.8,167,60.5,9.72,0.94,1.44,0.058,8.97
4.0,1.5,2.5,3.0,0.8,7200,0.8,119,65.5,6.84,0.68,1.29,0.057,10.26
4.0,1.5,2.5,4.5,0.8,7200,0.8,119,65.5,6.84,0.68,1.29,0.057,10.26
4.0,1.5,2.5,3.0,0.4,7200,0.8,120,64.2,6.69,0.71,1.28,0.056,11.4
4.0,1.5,2.5,4.5,0.4,7200,0.8,120,64.2,6.69,0.71,1.28,0.056,11.4
4.0,1.0,1.5,3.0,0.4,2400,0.8,187,54.0,10.05,1.24,1.46,0.054,5.01
4.0,1.0,1.5,3.0,0.6,2400,0.8,187,54.0,10.05,1.24,1.46,0.054,5.01
4.0,1.0,1.5,3.0,0.8,2400,0.8,187,54.0,10.05,1.24,1.46,0.054,5.01
4.0,1.0,1.5,4.5,0.4,2400,0.8,187,54.0,10.05,1.24,1.46,0.054,5.01
4.0,1.0,1.5,4.5,0.6,2400,0.8,187,54.0,10.05,1.24,1.46,0.054,5.01
4.0,1.0,1.5,4.5,0.8,2400,0.8,187,54.0,10.05,1.24,1.46,0.054,5.01
4.0,1.5,2.5,3.0,0.4,2400,0.8,186,53.8,10.05,1.26,1.46,0.054,5.01
4.0,1.5,2.5,3.0,0.8,3600,0.8,164,61.0,8.92,0.9,1.41,0.054,8.97
4.0,1.5,2.5,4.5,0.4,2400,0.8,186,53.8,10.05,1.26,1.46,0.054,5.01
4.0,1.5,2.5,4.5,0.8,3600,0.8,164,61.0,8.92,0.9,1.41,0.054,8.97
5.0,1.0,1.5,3.0,0.4,3600,0.8,166,60.2,9.02,0.91,1.38,0.054,11.08
5.0,1.0,1.5,3.0,0.6,3600,0.8,166,60.2,9.02,0.91,1.38,0.054,11.08
5.0,1.0,1.5,3.0,0.8,3600,0.8,166,60.2,9.02,0.91,1.38,0.054,11.08
5.0,1.0,1.5,4.5,0.4,3600,0.8,166,60.2,9.02,0.91,1.38,0.054,11.08
5.0,1.0,1.5,4.5,0.6,3600,0.8,166,60.2,9.02,0.91,1.38,0.054,11.08
5.0,1.0,1.5,4.5,0.8,3600,0.8,166,60.2,9.02,0.91,1.38,0.054,11.08
5.0,1.0,2.5,3.0,0.4,3600,0.8,166,60.2,9.02,0.91,1.38,0.054,11.08
5.0,1.0,2.5,3.0,0.6,3600,0.8,166,60.2,9.02,0.91,1.38,0.054,11.08
5.0,1.0,2.5,3.0,0.8,3600,0.8,166,60.2,9.02,0.91,1.38,0.054,11.08
5.0,1.0,2.5,4.5,0.4,3600,0.8,166,60.2,9.02,0.91,1.38,0.054,11.08
5.0,1.0,2.5,4.5,0.6,3600,0.8,166,60.2,9.02,0.91,1.38,0.054,11.08
5.0,1.0,2.5,4.5,0.8,3600,0.8,166,60.2,9.02,0.91,1.38,0.054,11.08
5.0,1.5,2.5,3.0,0.4,14400,0.4,44,79.5,2.39,0.28,1.09,0.054,19.72
5.0,1.5,2.5,4.5,0.4,14400,0.4,44,79.5,2.39,0.28,1.09,0.054,19.72
4.0,1.5,2.5,3.0,0.8,7200,0.4,49,73.5,2.61,0.41,1.13,0.053,14.42
4.0,1.5,2.5,4.5,0.8,7200,0.4,49,73.5,2.61,0.41,1.13,0.053,14.42
5.0,0.7,1.5,3.0,0.4,2400,0.4,89,66.3,4.6,0.64,1.25,0.052,10.34
5.0,0.7,1.5,3.0,0.6,2400,0.4,89,66.3,4.6,0.64,1.25,0.052,10.34
5.0,0.7,1.5,3.0,0.8,2400,0.4,89,66.3,4.6,0.64,1.25,0.052,10.34
5.0,0.7,1.5,4.5,0.4,2400,0.4,89,66.3,4.6,0.64,1.25,0.052,10.34
5.0,0.7,1.5,4.5,0.6,2400,0.4,89,66.3,4.6,0.64,1.25,0.052,10.34
5.0,0.7,1.5,4.5,0.8,2400,0.4,89,66.3,4.6,0.64,1.25,0.052,10.34
5.0,0.7,2.5,3.0,0.4,2400,0.4,89,66.3,4.6,0.64,1.25,0.052,10.34
5.0,0.7,2.5,3.0,0.6,2400,0.4,89,66.3,4.6,0.64,1.25,0.052,10.34
5.0,0.7,2.5,3.0,0.8,2400,0.4,89,66.3,4.6,0.64,1.25,0.052,10.34
5.0,0.7,2.5,4.5,0.4,2400,0.4,89,66.3,4.6,0.64,1.25,0.052,10.34
5.0,0.7,2.5,4.5,0.6,2400,0.4,89,66.3,4.6,0.64,1.25,0.052,10.34
5.0,0.7,2.5,4.5,0.8,2400,0.4,89,66.3,4.6,0.64,1.25,0.052,10.34
4.0,1.0,2.5,3.0,0.4,2400,0.8,187,54.0,9.6,1.23,1.44,0.051,5.01
4.0,1.0,2.5,3.0,0.6,2400,0.8,187,54.0,9.6,1.23,1.44,0.051,5.01
4.0,1.0,2.5,3.0,0.8,2400,0.8,187,54.0,9.6,1.23,1.44,0.051,5.01
4.0,1.0,2.5,4.5,0.4,2400,0.8,187,54.0,9.6,1.23,1.44,0.051,5.01
4.0,1.0,2.5,4.5,0.6,2400,0.8,187,54.0,9.6,1.23,1.44,0.051,5.01
4.0,1.0,2.5,4.5,0.8,2400,0.8,187,54.0,9.6,1.23,1.44,0.051,5.01
4.0,1.5,2.5,3.0,0.4,1200,0.2,55,70.9,2.8,0.47,1.14,0.051,13.65
4.0,1.5,2.5,4.5,0.4,1200,0.2,55,70.9,2.8,0.47,1.14,0.051,13.65
5.0,1.5,2.5,3.0,0.4,3600,0.8,165,60.0,8.49,0.9,1.35,0.051,11.08
5.0,1.5,2.5,4.5,0.4,3600,0.8,165,60.0,8.49,0.9,1.35,0.051,11.08
2.0,1.5,2.5,3.0,0.4,1200,0.2,102,64.7,4.97,0.62,1.13,0.049,8.38
2.0,1.5,2.5,4.5,0.4,1200,0.2,102,64.7,4.97,0.62,1.13,0.049,8.38
4.0,1.0,1.5,3.0,0.4,7200,0.8,120,64.2,5.81,0.69,1.24,0.048,11.16
4.0,1.0,1.5,3.0,0.6,7200,0.8,120,64.2,5.81,0.69,1.24,0.048,11.16
4.0,1.0,1.5,3.0,0.8,7200,0.8,120,64.2,5.81,0.69,1.24,0.048,11.16
4.0,1.0,1.5,4.5,0.4,7200,0.8,120,64.2,5.81,0.69,1.24,0.048,11.16
4.0,1.0,1.5,4.5,0.6,7200,0.8,120,64.2,5.81,0.69,1.24,0.048,11.16
4.0,1.0,1.5,4.5,0.8,7200,0.8,120,64.2,5.81,0.69,1.24,0.048,11.16
4.0,0.7,1.5,3.0,0.4,1200,0.4,181,63.5,8.59,0.84,1.47,0.047,5.02
4.0,0.7,1.5,3.0,0.6,1200,0.4,181,63.5,8.59,0.84,1.47,0.047,5.02
4.0,0.7,1.5,3.0,0.8,1200,0.4,181,63.5,8.59,0.84,1.47,0.047,5.02
4.0,0.7,1.5,4.5,0.4,1200,0.4,181,63.5,8.59,0.84,1.47,0.047,5.02
4.0,0.7,1.5,4.5,0.6,1200,0.4,181,63.5,8.59,0.84,1.47,0.047,5.02
4.0,0.7,1.5,4.5,0.8,1200,0.4,181,63.5,8.59,0.84,1.47,0.047,5.02
4.0,0.7,2.5,3.0,0.4,1200,0.4,181,63.5,8.59,0.84,1.47,0.047,5.02
4.0,0.7,2.5,3.0,0.6,1200,0.4,181,63.5,8.59,0.84,1.47,0.047,5.02
4.0,0.7,2.5,3.0,0.8,1200,0.4,181,63.5,8.59,0.84,1.47,0.047,5.02
4.0,0.7,2.5,4.5,0.4,1200,0.4,181,63.5,8.59,0.84,1.47,0.047,5.02
4.0,0.7,2.5,4.5,0.6,1200,0.4,181,63.5,8.59,0.84,1.47,0.047,5.02
4.0,0.7,2.5,4.5,0.8,1200,0.4,181,63.5,8.59,0.84,1.47,0.047,5.02
4.0,1.0,2.5,3.0,0.4,7200,0.8,120,64.2,5.36,0.68,1.22,0.045,11.16
4.0,1.0,2.5,3.0,0.6,7200,0.8,120,64.2,5.36,0.68,1.22,0.045,11.16
4.0,1.0,2.5,3.0,0.8,7200,0.8,120,64.2,5.36,0.68,1.22,0.045,11.16
4.0,1.0,2.5,4.5,0.4,7200,0.8,120,64.2,5.36,0.68,1.22,0.045,11.16
4.0,1.0,2.5,4.5,0.6,7200,0.8,120,64.2,5.36,0.68,1.22,0.045,11.16
4.0,1.0,2.5,4.5,0.8,7200,0.8,120,64.2,5.36,0.68,1.22,0.045,11.16
4.0,1.5,2.5,3.0,0.6,2400,0.8,184,53.8,8.19,1.18,1.38,0.045,5.01
4.0,1.5,2.5,4.5,0.6,2400,0.8,184,53.8,8.19,1.18,1.38,0.045,5.01
4.0,1.5,2.5,3.0,0.8,2400,0.8,181,54.1,8.03,1.16,1.37,0.044,5.01
4.0,1.5,2.5,4.5,0.8,2400,0.8,181,54.1,8.03,1.16,1.37,0.044,5.01
4.0,0.7,1.5,3.0,0.4,7200,0.8,132,66.7,5.62,0.61,1.22,0.043,11.38
4.0,0.7,1.5,3.0,0.6,7200,0.8,132,66.7,5.62,0.61,1.22,0.043,11.38
4.0,0.7,1.5,3.0,0.8,7200,0.8,132,66.7,5.62,0.61,1.22,0.043,11.38
4.0,0.7,1.5,4.5,0.4,7200,0.8,132,66.7,5.62,0.61,1.22,0.043,11.38
4.0,0.7,1.5,4.5,0.6,7200,0.8,132,66.7,5.62,0.61,1.22,0.043,11.38
4.0,0.7,1.5,4.5,0.8,7200,0.8,132,66.7,5.62,0.61,1.22,0.043,11.38
4.0,0.7,2.5,3.0,0.4,7200,0.8,132,66.7,5.62,0.61,1.22,0.043,11.38
4.0,0.7,2.5,3.0,0.6,7200,0.8,132,66.7,5.62,0.61,1.22,0.043,11.38
4.0,0.7,2.5,3.0,0.8,7200,0.8,132,66.7,5.62,0.61,1.22,0.043,11.38
4.0,0.7,2.5,4.5,0.4,7200,0.8,132,66.7,5.62,0.61,1.22,0.043,11.38
4.0,0.7,2.5,4.5,0.6,7200,0.8,132,66.7,5.62,0.61,1.22,0.043,11.38
4.0,0.7,2.5,4.5,0.8,7200,0.8,132,66.7,5.62,0.61,1.22,0.043,11.38
5.0,1.0,1.5,3.0,0.4,2400,0.8,187,54.0,8.05,1.14,1.34,0.043,6.01
5.0,1.0,1.5,3.0,0.6,2400,0.8,187,54.0,8.05,1.14,1.34,0.043,6.01
5.0,1.0,1.5,3.0,0.8,2400,0.8,187,54.0,8.05,1.14,1.34,0.043,6.01
5.0,1.0,1.5,4.5,0.4,2400,0.8,187,54.0,8.05,1.14,1.34,0.043,6.01
5.0,1.0,1.5,4.5,0.6,2400,0.8,187,54.0,8.05,1.14,1.34,0.043,6.01
5.0,1.0,1.5,4.5,0.8,2400,0.8,187,54.0,8.05,1.14,1.34,0.043,6.01
5.0,1.5,2.5,3.0,0.4,2400,0.8,186,53.8,8.05,1.15,1.34,0.043,6.01
5.0,1.5,2.5,4.5,0.4,2400,0.8,186,53.8,8.05,1.15,1.34,0.043,6.01
2.0,1.0,1.5,3.0,0.4,1200,0.2,106,64.2,4.3,0.62,1.12,0.041,10.51
2.0,1.0,1.5,3.0,0.6,1200,0.2,106,64.2,4.3,0.62,1.12,0.041,10.51
2.0,1.0,1.5,3.0,0.8,1200,0.2,106,64.2,4.3,0.62,1.12,0.041,10.51
2.0,1.0,1.5,4.5,0.4,1200,0.2,106,64.2,4.3,0.62,1.12,0.041,10.51
2.0,1.0,1.5,4.5,0.6,1200,0.2,106,64.2,4.3,0.62,1.12,0.041,10.51
2.0,1.0,1.5,4.5,0.8,1200,0.2,106,64.2,4.3,0.62,1.12,0.041,10.51
5.0,1.0,2.5,3.0,0.4,2400,0.8,187,54.0,7.6,1.12,1.32,0.041,6.01
5.0,1.0,2.5,3.0,0.6,2400,0.8,187,54.0,7.6,1.12,1.32,0.041,6.01
5.0,1.0,2.5,3.0,0.8,2400,0.8,187,54.0,7.6,1.12,1.32,0.041,6.01
5.0,1.0,2.5,4.5,0.4,2400,0.8,187,54.0,7.6,1.12,1.32,0.041,6.01
5.0,1.0,2.5,4.5,0.6,2400,0.8,187,54.0,7.6,1.12,1.32,0.041,6.01
5.0,1.0,2.5,4.5,0.8,2400,0.8,187,54.0,7.6,1.12,1.32,0.041,6.01
5.0,1.5,2.5,3.0,0.6,3600,0.8,163,60.1,6.68,0.85,1.28,0.041,11.08
5.0,1.5,2.5,4.5,0.6,3600,0.8,163,60.1,6.68,0.85,1.28,0.041,11.08
5.0,0.7,1.5,3.0,0.4,2400,0.2,69,78.3,2.77,0.31,1.11,0.04,16.68
5.0,0.7,1.5,3.0,0.6,2400,0.2,69,78.3,2.77,0.31,1.11,0.04,16.68
5.0,0.7,1.5,3.0,0.8,2400,0.2,69,78.3,2.77,0.31,1.11,0.04,16.68
5.0,0.7,1.5,4.5,0.4,2400,0.2,69,78.3,2.77,0.31,1.11,0.04,16.68
5.0,0.7,1.5,4.5,0.6,2400,0.2,69,78.3,2.77,0.31,1.11,0.04,16.68
5.0,0.7,1.5,4.5,0.8,2400,0.2,69,78.3,2.77,0.31,1.11,0.04,16.68
5.0,0.7,2.5,3.0,0.4,2400,0.2,69,78.3,2.77,0.31,1.11,0.04,16.68
5.0,0.7,2.5,3.0,0.6,2400,0.2,69,78.3,2.77,0.31,1.11,0.04,16.68
5.0,0.7,2.5,3.0,0.8,2400,0.2,69,78.3,2.77,0.31,1.11,0.04,16.68
5.0,0.7,2.5,4.5,0.4,2400,0.2,69,78.3,2.77,0.31,1.11,0.04,16.68
5.0,0.7,2.5,4.5,0.6,2400,0.2,69,78.3,2.77,0.31,1.11,0.04,16.68
5.0,0.7,2.5,4.5,0.8,2400,0.2,69,78.3,2.77,0.31,1.11,0.04,16.68
4.0,0.7,1.5,3.0,0.4,14400,0.8,95,70.5,3.67,0.48,1.14,0.039,15.27
4.0,0.7,1.5,3.0,0.6,14400,0.8,95,70.5,3.67,0.48,1.14,0.039,15.27
4.0,0.7,1.5,3.0,0.8,14400,0.8,95,70.5,3.67,0.48,1.14,0.039,15.27
4.0,0.7,1.5,4.5,0.4,14400,0.8,95,70.5,3.67,0.48,1.14,0.039,15.27
4.0,0.7,1.5,4.5,0.6,14400,0.8,95,70.5,3.67,0.48,1.14,0.039,15.27
4.0,0.7,1.5,4.5,0.8,14400,0.8,95,70.5,3.67,0.48,1.14,0.039,15.27
4.0,0.7,2.5,3.0,0.4,14400,0.8,95,70.5,3.67,0.48,1.14,0.039,15.27
4.0,0.7,2.5,3.0,0.6,14400,0.8,95,70.5,3.67,0.48,1.14,0.039,15.27
4.0,0.7,2.5,3.0,0.8,14400,0.8,95,70.5,3.67,0.48,1.14,0.039,15.27
4.0,0.7,2.5,4.5,0.4,14400,0.8,95,70.5,3.67,0.48,1.14,0.039,15.27
4.0,0.7,2.5,4.5,0.6,14400,0.8,95,70.5,3.67,0.48,1.14,0.039,15.27
4.0,0.7,2.5,4.5,0.8,14400,0.8,95,70.5,3.67,0.48,1.14,0.039,15.27
5.0,0.7,1.5,3.0,0.4,14400,0.8,92,71.7,3.46,0.45,1.14,0.038,14.85
5.0,0.7,1.5,3.0,0.6,14400,0.8,92,71.7,3.46,0.45,1.14,0.038,14.85
5.0,0.7,1.5,3.0,0.8,14400,0.8,92,71.7,3.46,0.45,1.14,0.038,14.85
5.0,0.7,1.5,4.5,0.4,14400,0.8,92,71.7,3.46,0.45,1.14,0.038,14.85
5.0,0.7,1.5,4.5,0.6,14400,0.8,92,71.7,3.46,0.45,1.14,0.038,14.85
5.0,0.7,1.5,4.5,0.8,14400,0.8,92,71.7,3.46,0.45,1.14,0.038,14.85
5.0,0.7,2.5,3.0,0.4,14400,0.8,92,71.7,3.46,0.45,1.14,0.038,14.85
5.0,0.7,2.5,3.0,0.6,14400,0.8,92,71.7,3.46,0.45,1.14,0.038,14.85
5.0,0.7,2.5,3.0,0.8,14400,0.8,92,71.7,3.46,0.45,1.14,0.038,14.85
5.0,0.7,2.5,4.5,0.4,14400,0.8,92,71.7,3.46,0.45,1.14,0.038,14.85
5.0,0.7,2.5,4.5,0.6,14400,0.8,92,71.7,3.46,0.45,1.14,0.038,14.85
5.0,0.7,2.5,4.5,0.8,14400,0.8,92,71.7,3.46,0.45,1.14,0.038,14.85
5.0,1.5,2.5,3.0,0.8,3600,0.8,160,60.6,5.88,0.81,1.25,0.037,11.08
5.0,1.5,2.5,4.5,0.8,3600,0.8,160,60.6,5.88,0.81,1.25,0.037,11.08
4.0,1.5,2.5,3.0,0.6,14400,0.4,46,78.3,1.67,0.3,1.07,0.036,17.44
4.0,1.5,2.5,4.5,0.6,14400,0.4,46,78.3,1.67,0.3,1.07,0.036,17.44
3.0,1.5,2.5,3.0,0.4,1200,0.8,296,57.8,10.48,1.08,1.48,0.035,5.33
3.0,1.5,2.5,4.5,0.4,1200,0.8,296,57.8,10.48,1.08,1.48,0.035,5.33
4.0,0.7,1.5,3.0,0.4,3600,0.8,184,60.3,6.35,0.83,1.26,0.035,8.97
4.0,0.7,1.5,3.0,0.6,3600,0.8,184,60.3,6.35,0.83,1.26,0.035,8.97
4.0,0.7,1.5,3.0,0.8,3600,0.8,184,60.3,6.35,0.83,1.26,0.035,8.97
4.0,0.7,1.5,4.5,0.4,3600,0.8,184,60.3,6.35,0.83,1.26,0.035,8.97
4.0,0.7,1.5,4.5,0.6,3600,0.8,184,60.3,6.35,0.83,1.26,0.035,8.97
4.0,0.7,1.5,4.5,0.8,3600,0.8,184,60.3,6.35,0.83,1.26,0.035,8.97
4.0,0.7,2.5,3.0,0.4,3600,0.8,184,60.3,6.35,0.83,1.26,0.035,8.97
4.0,0.7,2.5,3.0,0.6,3600,0.8,184,60.3,6.35,0.83,1.26,0.035,8.97
4.0,0.7,2.5,3.0,0.8,3600,0.8,184,60.3,6.35,0.83,1.26,0.035,8.97
4.0,0.7,2.5,4.5,0.4,3600,0.8,184,60.3,6.35,0.83,1.26,0.035,8.97
4.0,0.7,2.5,4.5,0.6,3600,0.8,184,60.3,6.35,0.83,1.26,0.035,8.97
4.0,0.7,2.5,4.5,0.8,3600,0.8,184,60.3,6.35,0.83,1.26,0.035,8.97
5.0,1.5,2.5,3.0,0.6,2400,0.8,184,53.8,6.19,1.08,1.26,0.034,6.01
5.0,1.5,2.5,4.5,0.6,2400,0.8,184,53.8,6.19,1.08,1.26,0.034,6.01
5.0,1.5,2.5,3.0,0.8,2400,0.8,181,54.1,6.03,1.06,1.26,0.033,6.01
5.0,1.5,2.5,4.5,0.8,2400,0.8,181,54.1,6.03,1.06,1.26,0.033,6.01
2.0,1.0,2.5,3.0,0.4,1200,0.2,106,64.2,3.4,0.61,1.09,0.032,10.81
2.0,1.0,2.5,3.0,0.6,1200,0.2,106,64.2,3.4,0.61,1.09,0.032,10.81
2.0,1.0,2.5,3.0,0.8,1200,0.2,106,64.2,3.4,0.61,1.09,0.032,10.81
2.0,1.0,2.5,4.5,0.4,1200,0.2,106,64.2,3.4,0.61,1.09,0.032,10.81
2.0,1.0,2.5,4.5,0.6,1200,0.2,106,64.2,3.4,0.61,1.09,0.032,10.81
2.0,1.0,2.5,4.5,0.8,1200,0.2,106,64.2,3.4,0.61,1.09,0.032,10.81
2.0,1.5,2.5,3.0,0.6,3600,0.4,118,66.9,3.74,0.54,1.1,0.032,6.52
2.0,1.5,2.5,4.5,0.6,3600,0.4,118,66.9,3.74,0.54,1.1,0.032,6.52
3.0,1.5,2.5,3.0,0.6,1200,0.8,296,57.8,9.45,1.05,1.43,0.032,5.33
3.0,1.5,2.5,4.5,0.6,1200,0.8,296,57.8,9.45,1.05,1.43,0.032,5.33
4.0,1.5,2.5,3.0,0.4,1200,0.8,296,57.8,9.48,1.03,1.41,0.032,6.33
4.0,1.5,2.5,4.5,0.4,1200,0.8,296,57.8,9.48,1.03,1.41,0.032,6.33
3.0,1.0,1.5,3.0,0.4,1200,0.8,316,57.3,9.65,1.05,1.4,0.031,5.33
3.0,1.0,1.5,3.0,0.6,1200,0.8,316,57.3,9.65,1.05,1.4,0.031,5.33
3.0,1.0,1.5,3.0,0.8,1200,0.8,316,57.3,9.65,1.05,1.4,0.031,5.33
3.0,1.0,1.5,4.5,0.4,1200,0.8,316,57.3,9.65,1.05,1.4,0.031,5.33
3.0,1.0,1.5,4.5,0.6,1200,0.8,316,57.3,9.65,1.05,1.4,0.031,5.33
3.0,1.0,1.5,4.5,0.8,1200,0.8,316,57.3,9.65,1.05,1.4,0.031,5.33
2.0,1.5,2.5,3.0,0.8,1200,0.2,98,63.3,2.89,0.63,1.08,0.029,8.92
2.0,1.5,2.5,4.5,0.8,1200,0.2,98,63.3,2.89,0.63,1.08,0.029,8.92
3.0,1.0,2.5,3.0,0.4,1200,0.8,316,57.3,9.2,1.03,1.38,0.029,5.33
3.0,1.0,2.5,3.0,0.6,1200,0.8,316,57.3,9.2,1.03,1.38,0.029,5.33
3.0,1.0,2.5,3.0,0.8,1200,0.8,316,57.3,9.2,1.03,1.38,0.029,5.33
3.0,1.0,2.5,4.5,0.4,1200,0.8,316,57.3,9.2,1.03,1.38,0.029,5.33
3.0,1.0,2.5,4.5,0.6,1200,0.8,316,57.3,9.2,1.03,1.38,0.029,5.33
3.0,1.0,2.5,4.5,0.8,1200,0.8,316,57.3,9.2,1.03,1.38,0.029,5.33
4.0,1.5,2.5,3.0,0.6,1200,0.8,296,57.8,8.45,1.0,1.37,0.029,6.33
4.0,1.5,2.5,3.0,0.8,3600,0.4,67,77.6,1.91,0.31,1.09,0.029,14.45
4.0,1.5,2.5,4.5,0.6,1200,0.8,296,57.8,8.45,1.0,1.37,0.029,6.33
4.0,1.5,2.5,4.5,0.8,3600,0.4,67,77.6,1.91,0.31,1.09,0.029,14.45
5.0,1.5,2.5,3.0,0.4,1200,0.8,296,57.8,8.48,0.99,1.35,0.029,7.33
5.0,1.5,2.5,4.5,0.4,1200,0.8,296,57.8,8.48,0.99,1.35,0.029,7.33
3.0,1.5,2.5,3.0,0.8,1200,0.8,295,57.6,8.15,1.01,1.37,0.028,5.33
3.0,1.5,2.5,4.5,0.8,1200,0.8,295,57.6,8.15,1.01,1.37,0.028,5.33
2.0,1.5,2.5,3.0,0.8,3600,0.4,115,67.8,3.07,0.51,1.08,0.027,6.61
2.0,1.5,2.5,4.5,0.8,3600,0.4,115,67.8,3.07,0.51,1.08,0.027,6.61
4.0,1.0,1.5,3.0,0.4,1200,0.8,316,57.3,8.65,1.0,1.35,0.027,6.33
4.0,1.0,1.5,3.0,0.6,1200,0.8,316,57.3,8.65,1.0,1.35,0.027,6.33
4.0,1.0,1.5,3.0,0.8,1200,0.8,316,57.3,8.65,1.0,1.35,0.027,6.33
4.0,1.0,1.5,4.5,0.4,1200,0.8,316,57.3,8.65,1.0,1.35,0.027,6.33
4.0,1.0,1.5,4.5,0.6,1200,0.8,316,57.3,8.65,1.0,1.35,0.027,6.33
4.0,1.0,1.5,4.5,0.8,1200,0.8,316,57.3,8.65,1.0,1.35,0.027,6.33
3.0,1.5,2.5,3.0,0.6,7200,0.8,137,64.2,3.58,0.62,1.11,0.026,5.98
3.0,1.5,2.5,4.5,0.6,7200,0.8,137,64.2,3.58,0.62,1.11,0.026,5.98
4.0,0.7,1.5,3.0,0.4,2400,0.8,199,53.8,5.19,1.05,1.22,0.026,5.01
4.0,0.7,1.5,3.0,0.6,2400,0.8,199,53.8,5.19,1.05,1.22,0.026,5.01
4.0,0.7,1.5,3.0,0.8,2400,0.8,199,53.8,5.19,1.05,1.22,0.026,5.01
4.0,0.7,1.5,4.5,0.4,2400,0.8,199,53.8,5.19,1.05,1.22,0.026,5.01
4.0,0.7,1.5,4.5,0.6,2400,0.8,199,53.8,5.19,1.05,1.22,0.026,5.01
4.0,0.7,1.5,4.5,0.8,2400,0.8,199,53.8,5.19,1.05,1.22,0.026,5.01
4.0,0.7,2.5,3.0,0.4,2400,0.8,199,53.8,5.19,1.05,1.22,0.026,5.01
4.0,0.7,2.5,3.0,0.6,2400,0.8,199,53.8,5.19,1.05,1.22,0.026,5.01
4.0,0.7,2.5,3.0,0.8,2400,0.8,199,53.8,5.19,1.05,1.22,0.026,5.01
4.0,0.7,2.5,4.5,0.4,2400,0.8,199,53.8,5.19,1.05,1.22,0.026,5.01
4.0,0.7,2.5,4.5,0.6,2400,0.8,199,53.8,5.19,1.05,1.22,0.026,5.01
4.0,0.7,2.5,4.5,0.8,2400,0.8,199,53.8,5.19,1.05,1.22,0.026,5.01
4.0,1.0,2.5,3.0,0.4,1200,0.8,316,57.3,8.2,0.99,1.33,0.026,6.33
4.0,1.0,2.5,3.0,0.6,1200,0.8,316,57.3,8.2,0.99,1.33,0.026,6.33
4.0,1.0,2.5,3.0,0.8,1200,0.8,316,57.3,8.2,0.99,1.33,0.026,6.33
4.0,1.0,2.5,4.5,0.4,1200,0.8,316,57.3,8.2,0.99,1.33,0.026,6.33
4.0,1.0,2.5,4.5,0.6,1200,0.8,316,57.3,8.2,0.99,1.33,0.026,6.33
4.0,1.0,2.5,4.5,0.8,1200,0.8,316,57.3,8.2,0.99,1.33,0.026,6.33
2.0,1.0,1.5,3.0,0.4,1200,0.8,323,57.3,8.12,0.99,1.32,0.025,4.33
2.0,1.0,1.5,3.0,0.6,1200,0.8,323,57.3,8.12,0.99,1.32,0.025,4.33
2.0,1.0,1.5,3.0,0.8,1200,0.8,323,57.3,8.12,0.99,1.32,0.025,4.33
2.0,1.0,1.5,4.5,0.4,1200,0.8,323,57.3,8.12,0.99,1.32,0.025,4.33
2.0,1.0,1.5,4.5,0.6,1200,0.8,323,57.3,8.12,0.99,1.32,0.025,4.33
2.0,1.0,1.5,4.5,0.8,1200,0.8,323,57.3,8.12,0.99,1.32,0.025,4.33
5.0,1.5,2.5,3.0,0.6,1200,0.8,296,57.8,7.45,0.96,1.31,0.025,7.33
5.0,1.5,2.5,4.5,0.6,1200,0.8,296,57.8,7.45,0.96,1.31,0.025,7.33
2.0,1.0,2.5,3.0,0.4,1200,0.8,323,57.3,7.67,0.97,1.3,0.024,4.33
2.0,1.0,2.5,3.0,0.6,1200,0.8,323,57.3,7.67,0.97,1.3,0.024,4.33
2.0,1.0,2.5,3.0,0.8,1200,0.8,323,57.3,7.67,0.97,1.3,0.024,4.33
2.0,1.0,2.5,4.5,0.4,1200,0.8,323,57.3,7.67,0.97,1.3,0.024,4.33
2.0,1.0,2.5,4.5,0.6,1200,0.8,323,57.3,7.67,0.97,1.3,0.024,4.33
2.0,1.0,2.5,4.5,0.8,1200,0.8,323,57.3,7.67,0.97,1.3,0.024,4.33
4.0,1.5,2.5,3.0,0.8,1200,0.8,295,57.6,7.15,0.96,1.31,0.024,6.33
4.0,1.5,2.5,4.5,0.8,1200,0.8,295,57.6,7.15,0.96,1.31,0.024,6.33
5.0,1.0,1.5,3.0,0.4,1200,0.8,316,57.3,7.65,0.97,1.29,0.024,7.33
5.0,1.0,1.5,3.0,0.6,1200,0.8,316,57.3,7.65,0.97,1.29,0.024,7.33
5.0,1.0,1.5,3.0,0.8,1200,0.8,316,57.3,7.65,0.97,1.29,0.024,7.33
5.0,1.0,1.5,4.5,0.4,1200,0.8,316,57.3,7.65,0.97,1.29,0.024,7.33
5.0,1.0,1.5,4.5,0.6,1200,0.8,316,57.3,7.65,0.97,1.29,0.024,7.33
5.0,1.0,1.5,4.5,0.8,1200,0.8,316,57.3,7.65,0.97,1.29,0.024,7.33
2.0,1.5,2.5,3.0,0.4,1200,0.8,318,57.5,7.3,0.94,1.28,0.023,4.33
2.0,1.5,2.5,4.5,0.4,1200,0.8,318,57.5,7.3,0.94,1.28,0.023,4.33
4.0,1.5,2.5,3.0,0.4,14400,0.8,82,68.3,1.87,0.5,1.07,0.023,14.2
4.0,1.5,2.5,4.5,0.4,14400,0.8,82,68.3,1.87,0.5,1.07,0.023,14.2
5.0,1.0,2.5,3.0,0.4,1200,0.8,316,57.3,7.2,0.95,1.28,0.023,7.33
5.0,1.0,2.5,3.0,0.6,1200,0.8,316,57.3,7.2,0.95,1.28,0.023,7.33
5.0,1.0,2.5,3.0,0.8,1200,0.8,316,57.3,7.2,0.95,1.28,0.023,7.33
5.0,1.0,2.5,4.5,0.4,1200,0.8,316,57.3,7.2,0.95,1.28,0.023,7.33
5.0,1.0,2.5,4.5,0.6,1200,0.8,316,57.3,7.2,0.95,1.28,0.023,7.33
5.0,1.0,2.5,4.5,0.8,1200,0.8,316,57.3,7.2,0.95,1.28,0.023,7.33
3.0,0.7,1.5,3.0,0.4,1200,0.8,317,57.1,7.01,0.97,1.29,0.022,5.33
3.0,0.7,1.5,3.0,0.6,1200,0.8,317,57.1,7.01,0.97,1.29,0.022,5.33
3.0,0.7,1.5,3.0,0.8,1200,0.8,317,57.1,7.01,0.97,1.29,0.022,5.33
3.0,0.7,1.5,4.5,0.4,1200,0.8,317,57.1,7.01,0.97,1.29,0.022,5.33
3.0,0.7,1.5,4.5,0.6,1200,0.8,317,57.1,7.01,0.97,1.29,0.022,5.33
3.0,0.7,1.5,4.5,0.8,1200,0.8,317,57.1,7.01,0.97,1.29,0.022,5.33
3.0,0.7,2.5,3.0,0.4,1200,0.8,317,57.1,7.01,0.97,1.29,0.022,5.33
3.0,0.7,2.5,3.0,0.6,1200,0.8,317,57.1,7.01,0.97,1.29,0.022,5.33
3.0,0.7,2.5,3.0,0.8,1200,0.8,317,57.1,7.01,0.97,1.29,0.022,5.33
3.0,0.7,2.5,4.5,0.4,1200,0.8,317,57.1,7.01,0.97,1.29,0.022,5.33
3.0,0.7,2.5,4.5,0.6,1200,0.8,317,57.1,7.01,0.97,1.29,0.022,5.33
3.0,0.7,2.5,4.5,0.8,1200,0.8,317,57.1,7.01,0.97,1.29,0.022,5.33
5.0,0.7,1.5,3.0,0.4,3600,0.8,180,60.0,4.03,0.77,1.15,0.022,11.08
5.0,0.7,1.5,3.0,0.6,3600,0.8,180,60.0,4.03,0.77,1.15,0.022,11.08
5.0,0.7,1.5,3.0,0.8,3600,0.8,180,60.0,4.03,0.77,1.15,0.022,11.08
5.0,0.7,1.5,4.5,0.4,3600,0.8,180,60.0,4.03,0.77,1.15,0.022,11.08
5.0,0.7,1.5,4.5,0.6,3600,0.8,180,60.0,4.03,0.77,1.15,0.022,11.08
5.0,0.7,1.5,4.5,0.8,3600,0.8,180,60.0,4.03,0.77,1.15,0.022,11.08
5.0,0.7,2.5,3.0,0.4,3600,0.8,180,60.0,4.03,0.77,1.15,0.022,11.08
5.0,0.7,2.5,3.0,0.6,3600,0.8,180,60.0,4.03,0.77,1.15,0.022,11.08
5.0,0.7,2.5,3.0,0.8,3600,0.8,180,60.0,4.03,0.77,1.15,0.022,11.08
5.0,0.7,2.5,4.5,0.4,3600,0.8,180,60.0,4.03,0.77,1.15,0.022,11.08
5.0,0.7,2.5,4.5,0.6,3600,0.8,180,60.0,4.03,0.77,1.15,0.022,11.08
5.0,0.7,2.5,4.5,0.8,3600,0.8,180,60.0,4.03,0.77,1.15,0.022,11.08
5.0,1.5,2.5,3.0,0.6,7200,0.8,116,65.5,2.61,0.58,1.09,0.022,13.31
5.0,1.5,2.5,4.5,0.6,7200,0.8,116,65.5,2.61,0.58,1.09,0.022,13.31
2.0,1.5,2.5,3.0,0.6,1200,0.8,318,57.5,6.67,0.93,1.26,0.021,4.33
2.0,1.5,2.5,4.5,0.6,1200,0.8,318,57.5,6.67,0.93,1.26,0.021,4.33
3.0,0.7,1.5,3.0,0.4,3600,0.4,127,74.0,2.62,0.38,1.08,0.021,8.16
3.0,0.7,1.5,3.0,0.6,3600,0.4,127,74.0,2.62,0.38,1.08,0.021,8.16
3.0,0.7,1.5,3.0,0.8,3600,0.4,127,74.0,2.62,0.38,1.08,0.021,8.16
3.0,0.7,1.5,4.5,0.4,3600,0.4,127,74.0,2.62,0.38,1.08,0.021,8.16
3.0,0.7,1.5,4.5,0.6,3600,0.4,127,74.0,2.62,0.38,1.08,0.021,8.16
3.0,0.7,1.5,4.5,0.8,3600,0.4,127,74.0,2.62,0.38,1.08,0.021,8.16
3.0,0.7,2.5,3.0,0.4,3600,0.4,127,74.0,2.62,0.38,1.08,0.021,8.16
3.0,0.7,2.5,3.0,0.6,3600,0.4,127,74.0,2.62,0.38,1.08,0.021,8.16
3.0,0.7,2.5,3.0,0.8,3600,0.4,127,74.0,2.62,0.38,1.08,0.021,8.16
3.0,0.7,2.5,4.5,0.4,3600,0.4,127,74.0,2.62,0.38,1.08,0.021,8.16
3.0,0.7,2.5,4.5,0.6,3600,0.4,127,74.0,2.62,0.38,1.08,0.021,8.16
3.0,0.7,2.5,4.5,0.8,3600,0.4,127,74.0,2.62,0.38,1.08,0.021,8.16
5.0,1.5,2.5,3.0,0.8,1200,0.8,295,57.6,6.15,0.92,1.26,0.021,7.33
5.0,1.5,2.5,4.5,0.8,1200,0.8,295,57.6,6.15,0.92,1.26,0.021,7.33
3.0,1.5,2.5,3.0,0.8,7200,0.8,137,65.0,2.72,0.59,1.08,0.02,6.24
3.0,1.5,2.5,4.5,0.8,7200,0.8,137,65.0,2.72,0.59,1.08,0.02,6.24
4.0,1.5,2.5,3.0,0.8,14400,0.8,80,67.5,1.59,0.51,1.06,0.02,13.25
4.0,1.5,2.5,4.5,0.8,14400,0.8,80,67.5,1.59,0.51,1.06,0.02,13.25
4.0,0.7,1.5,3.0,0.4,1200,0.8,317,57.1,6.01,0.93,1.24,0.019,6.33
4.0,0.7,1.5,3.0,0.6,1200,0.8,317,57.1,6.01,0.93,1.24,0.019,6.33
4.0,0.7,1.5,3.0,0.8,1200,0.8,317,57.1,6.01,0.93,1.24,0.019,6.33
4.0,0.7,1.5,4.5,0.4,1200,0.8,317,57.1,6.01,0.93,1.24,0.019,6.33
4.0,0.7,1.5,4.5,0.6,1200,0.8,317,57.1,6.01,0.93,1.24,0.019,6.33
4.0,0.7,1.5,4.5,0.8,1200,0.8,317,57.1,6.01,0.93,1.24,0.019,6.33
4.0,0.7,2.5,3.0,0.4,1200,0.8,317,57.1,6.01,0.93,1.24,0.019,6.33
4.0,0.7,2.5,3.0,0.6,1200,0.8,317,57.1,6.01,0.93,1.24,0.019,6.33
4.0,0.7,2.5,3.0,0.8,1200,0.8,317,57.1,6.01,0.93,1.24,0.019,6.33
4.0,0.7,2.5,4.5,0.4,1200,0.8,317,57.1,6.01,0.93,1.24,0.019,6.33
4.0,0.7,2.5,4.5,0.6,1200,0.8,317,57.1,6.01,0.93,1.24,0.019,6.33
4.0,0.7,2.5,4.5,0.8,1200,0.8,317,57.1,6.01,0.93,1.24,0.019,6.33
4.0,1.5,2.5,3.0,0.6,14400,0.8,87,67.8,1.66,0.5,1.06,0.019,13.4
4.0,1.5,2.5,4.5,0.6,14400,0.8,87,67.8,1.66,0.5,1.06,0.019,13.4
2.0,0.7,1.5,3.0,0.4,1200,0.8,324,57.1,5.75,0.92,1.23,0.018,4.33
2.0,0.7,1.5,3.0,0.6,1200,0.8,324,57.1,5.75,0.92,1.23,0.018,4.33
2.0,0.7,1.5,3.0,0.8,1200,0.8,324,57.1,5.75,0.92,1.23,0.018,4.33
2.0,0.7,1.5,4.5,0.4,1200,0.8,324,57.1,5.75,0.92,1.23,0.018,4.33
2.0,0.7,1.5,4.5,0.6,1200,0.8,324,57.1,5.75,0.92,1.23,0.018,4.33
2.0,0.7,1.5,4.5,0.8,1200,0.8,324,57.1,5.75,0.92,1.23,0.018,4.33
2.0,0.7,2.5,3.0,0.4,1200,0.8,324,57.1,5.75,0.92,1.23,0.018,4.33
2.0,0.7,2.5,3.0,0.6,1200,0.8,324,57.1,5.75,0.92,1.23,0.018,4.33
2.0,0.7,2.5,3.0,0.8,1200,0.8,324,57.1,5.75,0.92,1.23,0.018,4.33
2.0,0.7,2.5,4.5,0.4,1200,0.8,324,57.1,5.75,0.92,1.23,0.018,4.33
2.0,0.7,2.5,4.5,0.6,1200,0.8,324,57.1,5.75,0.92,1.23,0.018,4.33
2.0,0.7,2.5,4.5,0.8,1200,0.8,324,57.1,5.75,0.92,1.23,0.018,4.33
2.0,1.5,2.5,3.0,0.8,1200,0.8,317,57.4,5.77,0.91,1.22,0.018,4.33
2.0,1.5,2.5,4.5,0.8,1200,0.8,317,57.4,5.77,0.91,1.22,0.018,4.33
4.0,1.5,2.5,3.0,0.8,1200,0.2,54,66.7,0.95,0.52,1.05,0.018,14.85
4.0,1.5,2.5,4.5,0.8,1200,0.2,54,66.7,0.95,0.52,1.05,0.018,14.85
2.0,1.5,2.5,3.0,0.6,1200,0.2,98,64.3,1.58,0.58,1.04,0.016,9.59
2.0,1.5,2.5,4.5,0.6,1200,0.2,98,64.3,1.58,0.58,1.04,0.016,9.59
5.0,0.7,1.5,3.0,0.4,1200,0.8,317,57.1,5.01,0.9,1.19,0.016,7.33
5.0,0.7,1.5,3.0,0.4,2400,0.8,199,53.8,3.19,0.97,1.13,0.016,6.84
5.0,0.7,1.5,3.0,0.6,1200,0.8,317,57.1,5.01,0.9,1.19,0.016,7.33
5.0,0.7,1.5,3.0,0.6,2400,0.8,199,53.8,3.19,0.97,1.13,0.016,6.84
5.0,0.7,1.5,3.0,0.8,1200,0.8,317,57.1,5.01,0.9,1.19,0.016,7.33
5.0,0.7,1.5,3.0,0.8,2400,0.8,199,53.8,3.19,0.97,1.13,0.016,6.84
5.0,0.7,1.5,4.5,0.4,1200,0.8,317,57.1,5.01,0.9,1.19,0.016,7.33
5.0,0.7,1.5,4.5,0.4,2400,0.8,199,53.8,3.19,0.97,1.13,0.016,6.84
5.0,0.7,1.5,4.5,0.6,1200,0.8,317,57.1,5.01,0.9,1.19,0.016,7.33
5.0,0.7,1.5,4.5,0.6,2400,0.8,199,53.8,3.19,0.97,1.13,0.016,6.84
5.0,0.7,1.5,4.5,0.8,1200,0.8,317,57.1,5.01,0.9,1.19,0.016,7.33
5.0,0.7,1.5,4.5,0.8,2400,0.8,199,53.8,3.19,0.97,1.13,0.016,6.84
5.0,0.7,2.5,3.0,0.4,1200,0.8,317,57.1,5.01,0.9,1.19,0.016,7.33
5.0,0.7,2.5,3.0,0.4,2400,0.8,199,53.8,3.19,0.97,1.13,0.016,6.84
5.0,0.7,2.5,3.0,0.6,1200,0.8,317,57.1,5.01,0.9,1.19,0.016,7.33
5.0,0.7,2.5,3.0,0.6,2400,0.8,199,53.8,3.19,0.97,1.13,0.016,6.84
5.0,0.7,2.5,3.0,0.8,1200,0.8,317,57.1,5.01,0.9,1.19,0.016,7.33
5.0,0.7,2.5,3.0,0.8,2400,0.8,199,53.8,3.19,0.97,1.13,0.016,6.84
5.0,0.7,2.5,4.5,0.4,1200,0.8,317,57.1,5.01,0.9,1.19,0.016,7.33
5.0,0.7,2.5,4.5,0.4,2400,0.8,199,53.8,3.19,0.97,1.13,0.016,6.84
5.0,0.7,2.5,4.5,0.6,1200,0.8,317,57.1,5.01,0.9,1.19,0.016,7.33
5.0,0.7,2.5,4.5,0.6,2400,0.8,199,53.8,3.19,0.97,1.13,0.016,6.84
5.0,0.7,2.5,4.5,0.8,1200,0.8,317,57.1,5.01,0.9,1.19,0.016,7.33
5.0,0.7,2.5,4.5,0.8,2400,0.8,199,53.8,3.19,0.97,1.13,0.016,6.84
5.0,1.0,1.5,3.0,0.4,14400,0.8,80,70.0,1.3,0.45,1.05,0.016,13.26
5.0,1.0,1.5,3.0,0.6,14400,0.8,80,70.0,1.3,0.45,1.05,0.016,13.26
5.0,1.0,1.5,3.0,0.8,14400,0.8,80,70.0,1.3,0.45,1.05,0.016,13.26
5.0,1.0,1.5,4.5,0.4,14400,0.8,80,70.0,1.3,0.45,1.05,0.016,13.26
5.0,1.0,1.5,4.5,0.6,14400,0.8,80,70.0,1.3,0.45,1.05,0.016,13.26
5.0,1.0,1.5,4.5,0.8,14400,0.8,80,70.0,1.3,0.45,1.05,0.016,13.26
5.0,1.0,2.5,3.0,0.4,14400,0.8,80,70.0,1.3,0.45,1.05,0.016,13.26
5.0,1.0,2.5,3.0,0.6,14400,0.8,80,70.0,1.3,0.45,1.05,0.016,13.26
5.0,1.0,2.5,3.0,0.8,14400,0.8,80,70.0,1.3,0.45,1.05,0.016,13.26
5.0,1.0,2.5,4.5,0.4,14400,0.8,80,70.0,1.3,0.45,1.05,0.016,13.26
5.0,1.0,2.5,4.5,0.6,14400,0.8,80,70.0,1.3,0.45,1.05,0.016,13.26
5.0,1.0,2.5,4.5,0.8,14400,0.8,80,70.0,1.3,0.45,1.05,0.016,13.26
2.0,1.5,2.5,3.0,0.6,7200,0.8,177,61.0,2.57,0.68,1.06,0.015,8.98
2.0,1.5,2.5,4.5,0.6,7200,0.8,177,61.0,2.57,0.68,1.06,0.015,8.98
4.0,0.7,1.5,3.0,0.4,14400,0.4,63,82.5,0.97,0.22,1.03,0.015,16.76
4.0,0.7,1.5,3.0,0.6,14400,0.4,63,82.5,0.97,0.22,1.03,0.015,16.76
4.0,0.7,1.5,3.0,0.8,14400,0.4,63,82.5,0.97,0.22,1.03,0.015,16.76
4.0,0.7,1.5,4.5,0.4,14400,0.4,63,82.5,0.97,0.22,1.03,0.015,16.76
4.0,0.7,1.5,4.5,0.6,14400,0.4,63,82.5,0.97,0.22,1.03,0.015,16.76
4.0,0.7,1.5,4.5,0.8,14400,0.4,63,82.5,0.97,0.22,1.03,0.015,16.76
4.0,0.7,2.5,3.0,0.4,14400,0.4,63,82.5,0.97,0.22,1.03,0.015,16.76
4.0,0.7,2.5,3.0,0.6,14400,0.4,63,82.5,0.97,0.22,1.03,0.015,16.76
4.0,0.7,2.5,3.0,0.8,14400,0.4,63,82.5,0.97,0.22,1.03,0.015,16.76
4.0,0.7,2.5,4.5,0.4,14400,0.4,63,82.5,0.97,0.22,1.03,0.015,16.76
4.0,0.7,2.5,4.5,0.6,14400,0.4,63,82.5,0.97,0.22,1.03,0.015,16.76
4.0,0.7,2.5,4.5,0.8,14400,0.4,63,82.5,0.97,0.22,1.03,0.015,16.76
4.0,1.0,1.5,3.0,0.4,1200,0.2,55,70.9,0.84,0.43,1.04,0.015,14.84
4.0,1.0,1.5,3.0,0.6,1200,0.2,55,70.9,0.84,0.43,1.04,0.015,14.84
4.0,1.0,1.5,3.0,0.8,1200,0.2,55,70.9,0.84,0.43,1.04,0.015,14.84
4.0,1.0,1.5,4.5,0.4,1200,0.2,55,70.9,0.84,0.43,1.04,0.015,14.84
4.0,1.0,1.5,4.5,0.6,1200,0.2,55,70.9,0.84,0.43,1.04,0.015,14.84
4.0,1.0,1.5,4.5,0.8,1200,0.2,55,70.9,0.84,0.43,1.04,0.015,14.84
5.0,0.7,1.5,3.0,0.4,14400,0.4,56,83.9,0.82,0.2,1.03,0.015,16.91
5.0,0.7,1.5,3.0,0.6,14400,0.4,56,83.9,0.82,0.2,1.03,0.015,16.91
5.0,0.7,1.5,3.0,0.8,14400,0.4,56,83.9,0.82,0.2,1.03,0.015,16.91
5.0,0.7,1.5,4.5,0.4,14400,0.4,56,83.9,0.82,0.2,1.03,0.015,16.91
5.0,0.7,1.5,4.5,0.6,14400,0.4,56,83.9,0.82,0.2,1.03,0.015,16.91
5.0,0.7,1.5,4.5,0.8,14400,0.4,56,83.9,0.82,0.2,1.03,0.015,16.91
5.0,0.7,2.5,3.0,0.4,14400,0.4,56,83.9,0.82,0.2,1.03,0.015,16.91
5.0,0.7,2.5,3.0,0.6,14400,0.4,56,83.9,0.82,0.2,1.03,0.015,16.91
5.0,0.7,2.5,3.0,0.8,14400,0.4,56,83.9,0.82,0.2,1.03,0.015,16.91
5.0,0.7,2.5,4.5,0.4,14400,0.4,56,83.9,0.82,0.2,1.03,0.015,16.91
5.0,0.7,2.5,4.5,0.6,14400,0.4,56,83.9,0.82,0.2,1.03,0.015,16.91
5.0,0.7,2.5,4.5,0.8,14400,0.4,56,83.9,0.82,0.2,1.03,0.015,16.91
2.0,1.0,1.5,3.0,0.4,3600,0.8,220,59.5,3.03,0.73,1.08,0.014,5.01
2.0,1.0,1.5,3.0,0.6,3600,0.8,220,59.5,3.03,0.73,1.08,0.014,5.01
2.0,1.0,1.5,3.0,0.8,3600,0.8,220,59.5,3.03,0.73,1.08,0.014,5.01
2.0,1.0,1.5,4.5,0.4,3600,0.8,220,59.5,3.03,0.73,1.08,0.014,5.01
2.0,1.0,1.5,4.5,0.6,3600,0.8,220,59.5,3.03,0.73,1.08,0.014,5.01
2.0,1.0,1.5,4.5,0.8,3600,0.8,220,59.5,3.03,0.73,1.08,0.014,5.01
2.0,1.5,2.5,3.0,0.4,3600,0.8,219,59.4,3.05,0.74,1.08,0.014,4.81
2.0,1.5,2.5,4.5,0.4,3600,0.8,219,59.4,3.05,0.74,1.08,0.014,4.81
4.0,1.5,2.5,3.0,0.6,1200,0.2,54,70.4,0.75,0.44,1.04,0.014,14.25
4.0,1.5,2.5,4.5,0.6,1200,0.2,54,70.4,0.75,0.44,1.04,0.014,14.25
4.0,1.0,1.5,3.0,0.4,14400,0.8,82,68.3,1.03,0.48,1.04,0.013,14.43
4.0,1.0,1.5,3.0,0.6,14400,0.8,82,68.3,1.03,0.48,1.04,0.013,14.43
4.0,1.0,1.5,3.0,0.8,14400,0.8,82,68.3,1.03,0.48,1.04,0.013,14.43
4.0,1.0,1.5,4.5,0.4,14400,0.8,82,68.3,1.03,0.48,1.04,0.013,14.43
4.0,1.0,1.5,4.5,0.6,14400,0.8,82,68.3,1.03,0.48,1.04,0.013,14.43
4.0,1.0,1.5,4.5,0.8,14400,0.8,82,68.3,1.03,0.48,1.04,0.013,14.43
4.0,1.0,2.5,3.0,0.4,14400,0.8,82,68.3,1.03,0.48,1.04,0.013,14.43
4.0,1.0,2.5,3.0,0.6,14400,0.8,82,68.3,1.03,0.48,1.04,0.013,14.43
4.0,1.0,2.5,3.0,0.8,14400,0.8,82,68.3,1.03,0.48,1.04,0.013,14.43
4.0,1.0,2.5,4.5,0.4,14400,0.8,82,68.3,1.03,0.48,1.04,0.013,14.43
4.0,1.0,2.5,4.5,0.6,14400,0.8,82,68.3,1.03,0.48,1.04,0.013,14.43
4.0,1.0,2.5,4.5,0.8,14400,0.8,82,68.3,1.03,0.48,1.04,0.013,14.43
5.0,1.5,2.5,3.0,0.4,14400,0.8,80,70.0,1.03,0.45,1.04,0.013,13.69
5.0,1.5,2.5,3.0,0.8,7200,0.8,116,66.4,1.53,0.53,1.06,0.013,13.31
5.0,1.5,2.5,4.5,0.4,14400,0.8,80,70.0,1.03,0.45,1.04,0.013,13.69
5.0,1.5,2.5,4.5,0.8,7200,0.8,116,66.4,1.53,0.53,1.06,0.013,13.31
2.0,1.0,2.5,3.0,0.4,3600,0.8,220,59.5,2.58,0.73,1.07,0.012,5.46
2.0,1.0,2.5,3.0,0.6,3600,0.8,220,59.5,2.58,0.73,1.07,0.012,5.46
2.0,1.0,2.5,3.0,0.8,3600,0.8,220,59.5,2.58,0.73,1.07,0.012,5.46
2.0,1.0,2.5,4.5,0.4,3600,0.8,220,59.5,2.58,0.73,1.07,0.012,5.46
2.0,1.0,2.5,4.5,0.6,3600,0.8,220,59.5,2.58,0.73,1.07,0.012,5.46
2.0,1.0,2.5,4.5,0.8,3600,0.8,220,59.5,2.58,0.73,1.07,0.012,5.46
2.0,1.5,2.5,3.0,0.4,7200,0.8,178,60.7,2.09,0.68,1.05,0.012,10.1
2.0,1.5,2.5,4.5,0.4,7200,0.8,178,60.7,2.09,0.68,1.05,0.012,10.1
5.0,1.5,2.5,3.0,0.4,7200,0.8,117,65.0,1.4,0.57,1.05,0.012,14.43
5.0,1.5,2.5,4.5,0.4,7200,0.8,117,65.0,1.4,0.57,1.05,0.012,14.43
2.0,0.7,1.5,3.0,0.4,1200,0.4,228,60.5,2.62,0.71,1.09,0.011,7.72
2.0,0.7,1.5,3.0,0.6,1200,0.4,228,60.5,2.62,0.71,1.09,0.011,7.72
2.0,0.7,1.5,3.0,0.8,1200,0.4,228,60.5,2.62,0.71,1.09,0.011,7.72
2.0,0.7,1.5,4.5,0.4,1200,0.4,228,60.5,2.62,0.71,1.09,0.011,7.72
2.0,0.7,1.5,4.5,0.6,1200,0.4,228,60.5,2.62,0.71,1.09,0.011,7.72
2.0,0.7,1.5,4.5,0.8,1200,0.4,228,60.5,2.62,0.71,1.09,0.011,7.72
2.0,0.7,2.5,3.0,0.4,1200,0.4,228,60.5,2.62,0.71,1.09,0.011,7.72
2.0,0.7,2.5,3.0,0.6,1200,0.4,228,60.5,2.62,0.71,1.09,0.011,7.72
2.0,0.7,2.5,3.0,0.8,1200,0.4,228,60.5,2.62,0.71,1.09,0.011,7.72
2.0,0.7,2.5,4.5,0.4,1200,0.4,228,60.5,2.62,0.71,1.09,0.011,7.72
2.0,0.7,2.5,4.5,0.6,1200,0.4,228,60.5,2.62,0.71,1.09,0.011,7.72
2.0,0.7,2.5,4.5,0.8,1200,0.4,228,60.5,2.62,0.71,1.09,0.011,7.72
2.0,1.5,2.5,3.0,0.6,2400,0.8,256,54.3,2.71,0.91,1.08,0.011,5.62
2.0,1.5,2.5,4.5,0.6,2400,0.8,256,54.3,2.71,0.91,1.08,0.011,5.62
2.0,1.5,2.5,3.0,0.8,7200,0.8,176,61.4,1.78,0.66,1.04,0.01,9.23
2.0,1.5,2.5,4.5,0.8,7200,0.8,176,61.4,1.78,0.66,1.04,0.01,9.23
3.0,1.0,1.5,3.0,0.4,3600,0.8,191,59.7,1.86,0.71,1.05,0.01,8.21
3.0,1.0,1.5,3.0,0.6,3600,0.8,191,59.7,1.86,0.71,1.05,0.01,8.21
3.0,1.0,1.5,3.0,0.8,3600,0.8,191,59.7,1.86,0.71,1.05,0.01,8.21
3.0,1.0,1.5,4.5,0.4,3600,0.8,191,59.7,1.86,0.71,1.05,0.01,8.21
3.0,1.0,1.5,4.5,0.6,3600,0.8,191,59.7,1.86,0.71,1.05,0.01,8.21
3.0,1.0,1.5,4.5,0.8,3600,0.8,191,59.7,1.86,0.71,1.05,0.01,8.21
2.0,1.5,2.5,3.0,0.6,3600,0.8,217,59.4,2.06,0.72,1.06,0.009,4.96
2.0,1.5,2.5,3.0,0.8,2400,0.8,255,54.5,2.36,0.89,1.07,0.009,5.82
2.0,1.5,2.5,4.5,0.6,3600,0.8,217,59.4,2.06,0.72,1.06,0.009,4.96
2.0,1.5,2.5,4.5,0.8,2400,0.8,255,54.5,2.36,0.89,1.07,0.009,5.82
5.0,1.0,1.5,3.0,0.4,3600,0.4,66,77.3,0.62,0.3,1.02,0.009,18.27
5.0,1.0,1.5,3.0,0.6,3600,0.4,66,77.3,0.62,0.3,1.02,0.009,18.27
5.0,1.0,1.5,3.0,0.8,3600,0.4,66,77.3,0.62,0.3,1.02,0.009,18.27
5.0,1.0,1.5,4.5,0.4,3600,0.4,66,77.3,0.62,0.3,1.02,0.009,18.27
5.0,1.0,1.5,4.5,0.6,3600,0.4,66,77.3,0.62,0.3,1.02,0.009,18.27
5.0,1.0,1.5,4.5,0.8,3600,0.4,66,77.3,0.62,0.3,1.02,0.009,18.27
5.0,1.5,2.5,3.0,0.4,3600,0.4,64,76.6,0.56,0.31,1.02,0.009,18.84
5.0,1.5,2.5,4.5,0.4,3600,0.4,64,76.6,0.56,0.31,1.02,0.009,18.84
2.0,0.7,1.5,3.0,0.4,1200,0.2,134,69.4,1.09,0.45,1.03,0.008,9.85
2.0,0.7,1.5,3.0,0.6,1200,0.2,134,69.4,1.09,0.45,1.03,0.008,9.85
2.0,0.7,1.5,3.0,0.8,1200,0.2,134,69.4,1.09,0.45,1.03,0.008,9.85
2.0,0.7,1.5,4.5,0.4,1200,0.2,134,69.4,1.09,0.45,1.03,0.008,9.85
2.0,0.7,1.5,4.5,0.6,1200,0.2,134,69.4,1.09,0.45,1.03,0.008,9.85
2.0,0.7,1.5,4.5,0.8,1200,0.2,134,69.4,1.09,0.45,1.03,0.008,9.85
3.0,1.5,2.5,3.0,0.4,3600,0.8,190,59.5,1.56,0.71,1.05,0.008,8.21
3.0,1.5,2.5,4.5,0.4,3600,0.8,190,59.5,1.56,0.71,1.05,0.008,8.21
5.0,1.5,2.5,3.0,0.6,14400,0.8,85,69.4,0.72,0.45,1.03,0.008,12.99
5.0,1.5,2.5,4.5,0.6,14400,0.8,85,69.4,0.72,0.45,1.03,0.008,12.99
2.0,1.5,2.5,3.0,0.4,2400,0.8,257,54.1,1.85,0.89,1.05,0.007,5.81
2.0,1.5,2.5,3.0,0.4,3600,0.4,120,65.0,0.82,0.55,1.02,0.007,11.37
2.0,1.5,2.5,4.5,0.4,2400,0.8,257,54.1,1.85,0.89,1.05,0.007,5.81
2.0,1.5,2.5,4.5,0.4,3600,0.4,120,65.0,0.82,0.55,1.02,0.007,11.37
3.0,1.0,2.5,3.0,0.4,3600,0.8,191,59.7,1.41,0.7,1.04,0.007,8.21
3.0,1.0,2.5,3.0,0.6,3600,0.8,191,59.7,1.41,0.7,1.04,0.007,8.21
3.0,1.0,2.5,3.0,0.8,3600,0.8,191,59.7,1.41,0.7,1.04,0.007,8.21
3.0,1.0,2.5,4.5,0.4,3600,0.8,191,59.7,1.41,0.7,1.04,0.007,8.21
3.0,1.0,2.5,4.5,0.6,3600,0.8,191,59.7,1.41,0.7,1.04,0.007,8.21
3.0,1.0,2.5,4.5,0.8,3600,0.8,191,59.7,1.41,0.7,1.04,0.007,8.21
4.0,1.0,2.5,3.0,0.4,1200,0.2,55,70.9,0.39,0.42,1.02,0.007,14.84
4.0,1.0,2.5,3.0,0.6,1200,0.2,55,70.9,0.39,0.42,1.02,0.007,14.84
4.0,1.0,2.5,3.0,0.8,1200,0.2,55,70.9,0.39,0.42,1.02,0.007,14.84
4.0,1.0,2.5,4.5,0.4,1200,0.2,55,70.9,0.39,0.42,1.02,0.007,14.84
4.0,1.0,2.5,4.5,0.6,1200,0.2,55,70.9,0.39,0.42,1.02,0.007,14.84
4.0,1.0,2.5,4.5,0.8,1200,0.2,55,70.9,0.39,0.42,1.02,0.007,14.84
4.0,1.5,2.5,3.0,0.4,7200,0.2,38,81.6,0.28,0.23,1.01,0.007,15.86
4.0,1.5,2.5,4.5,0.4,7200,0.2,38,81.6,0.28,0.23,1.01,0.007,15.86
2.0,1.0,1.5,3.0,0.4,2400,0.8,257,54.1,1.59,0.89,1.04,0.006,6.15
2.0,1.0,1.5,3.0,0.6,2400,0.8,257,54.1,1.59,0.89,1.04,0.006,6.15
2.0,1.0,1.5,3.0,0.8,2400,0.8,257,54.1,1.59,0.89,1.04,0.006,6.15
2.0,1.0,1.5,4.5,0.4,2400,0.8,257,54.1,1.59,0.89,1.04,0.006,6.15
2.0,1.0,1.5,4.5,0.6,2400,0.8,257,54.1,1.59,0.89,1.04,0.006,6.15
2.0,1.0,1.5,4.5,0.8,2400,0.8,257,54.1,1.59,0.89,1.04,0.006,6.15
2.0,1.5,2.5,3.0,0.8,3600,0.8,216,59.3,1.37,0.71,1.04,0.006,4.77
2.0,1.5,2.5,4.5,0.8,3600,0.8,216,59.3,1.37,0.71,1.04,0.006,4.77
5.0,1.5,2.5,3.0,0.8,14400,0.8,78,69.2,0.45,0.45,1.02,0.006,13.24
5.0,1.5,2.5,4.5,0.8,14400,0.8,78,69.2,0.45,0.45,1.02,0.006,13.24
3.0,0.7,1.5,3.0,0.4,1200,0.2,108,72.2,0.54,0.39,1.02,0.005,7.74
3.0,0.7,1.5,3.0,0.6,1200,0.2,108,72.2,0.54,0.39,1.02,0.005,7.74
3.0,0.7,1.5,3.0,0.8,1200,0.2,108,72.2,0.54,0.39,1.02,0.005,7.74
3.0,0.7,1.5,4.5,0.4,1200,0.2,108,72.2,0.54,0.39,1.02,0.005,7.74
3.0,0.7,1.5,4.5,0.6,1200,0.2,108,72.2,0.54,0.39,1.02,0.005,7.74
3.0,0.7,1.5,4.5,0.8,1200,0.2,108,72.2,0.54,0.39,1.02,0.005,7.74
3.0,1.0,1.5,3.0,0.4,2400,0.8,219,53.9,1.08,0.88,1.03,0.005,6.88
3.0,1.0,1.5,3.0,0.6,2400,0.8,219,53.9,1.08,0.88,1.03,0.005,6.88
3.0,1.0,1.5,3.0,0.8,2400,0.8,219,53.9,1.08,0.88,1.03,0.005,6.88
3.0,1.0,1.5,4.5,0.4,2400,0.8,219,53.9,1.08,0.88,1.03,0.005,6.88
3.0,1.0,1.5,4.5,0.6,2400,0.8,219,53.9,1.08,0.88,1.03,0.005,6.88
3.0,1.0,1.5,4.5,0.8,2400,0.8,219,53.9,1.08,0.88,1.03,0.005,6.88
2.0,1.0,2.5,3.0,0.4,2400,0.8,257,54.1,1.14,0.88,1.03,0.004,6.15
2.0,1.0,2.5,3.0,0.6,2400,0.8,257,54.1,1.14,0.88,1.03,0.004,6.15
2.0,1.0,2.5,3.0,0.8,2400,0.8,257,54.1,1.14,0.88,1.03,0.004,6.15
2.0,1.0,2.5,4.5,0.4,2400,0.8,257,54.1,1.14,0.88,1.03,0.004,6.15
2.0,1.0,2.5,4.5,0.6,2400,0.8,257,54.1,1.14,0.88,1.03,0.004,6.15
2.0,1.0,2.5,4.5,0.8,2400,0.8,257,54.1,1.14,0.88,1.03,0.004,6.15
3.0,1.5,2.5,3.0,0.4,2400,0.8,218,53.7,0.84,0.89,1.03,0.004,6.88
3.0,1.5,2.5,4.5,0.4,2400,0.8,218,53.7,0.84,0.89,1.03,0.004,6.88
5.0,1.0,1.5,3.0,0.4,7200,0.8,117,65.0,0.5,0.55,1.02,0.004,14.21
5.0,1.0,1.5,3.0,0.6,7200,0.8,117,65.0,0.5,0.55,1.02,0.004,14.21
5.0,1.0,1.5,3.0,0.8,7200,0.8,117,65.0,0.5,0.55,1.02,0.004,14.21
5.0,1.0,1.5,4.5,0.4,7200,0.8,117,65.0,0.5,0.55,1.02,0.004,14.21
5.0,1.0,1.5,4.5,0.6,7200,0.8,117,65.0,0.5,0.55,1.02,0.004,14.21
5.0,1.0,1.5,4.5,0.8,7200,0.8,117,65.0,0.5,0.55,1.02,0.004,14.21
5.0,1.0,2.5,3.0,0.4,7200,0.8,117,65.0,0.5,0.55,1.02,0.004,14.21
5.0,1.0,2.5,3.0,0.6,7200,0.8,117,65.0,0.5,0.55,1.02,0.004,14.21
5.0,1.0,2.5,3.0,0.8,7200,0.8,117,65.0,0.5,0.55,1.02,0.004,14.21
5.0,1.0,2.5,4.5,0.4,7200,0.8,117,65.0,0.5,0.55,1.02,0.004,14.21
5.0,1.0,2.5,4.5,0.6,7200,0.8,117,65.0,0.5,0.55,1.02,0.004,14.21
5.0,1.0,2.5,4.5,0.8,7200,0.8,117,65.0,0.5,0.55,1.02,0.004,14.21
2.0,0.7,2.5,3.0,0.4,1200,0.2,134,69.4,0.37,0.45,1.01,0.003,9.85
2.0,0.7,2.5,3.0,0.6,1200,0.2,134,69.4,0.37,0.45,1.01,0.003,9.85
2.0,0.7,2.5,3.0,0.8,1200,0.2,134,69.4,0.37,0.45,1.01,0.003,9.85
2.0,0.7,2.5,4.5,0.4,1200,0.2,134,69.4,0.37,0.45,1.01,0.003,9.85
2.0,0.7,2.5,4.5,0.6,1200,0.2,134,69.4,0.37,0.45,1.01,0.003,9.85
2.0,0.7,2.5,4.5,0.8,1200,0.2,134,69.4,0.37,0.45,1.01,0.003,9.85
3.0,1.0,2.5,3.0,0.4,2400,0.8,219,53.9,0.63,0.87,1.02,0.003,6.88
3.0,1.0,2.5,3.0,0.6,2400,0.8,219,53.9,0.63,0.87,1.02,0.003,6.88
3.0,1.0,2.5,3.0,0.8,2400,0.8,219,53.9,0.63,0.87,1.02,0.003,6.88
3.0,1.0,2.5,4.5,0.4,2400,0.8,219,53.9,0.63,0.87,1.02,0.003,6.88
3.0,1.0,2.5,4.5,0.6,2400,0.8,219,53.9,0.63,0.87,1.02,0.003,6.88
3.0,1.0,2.5,4.5,0.8,2400,0.8,219,53.9,0.63,0.87,1.02,0.003,6.88
3.0,1.5,2.5,3.0,0.4,7200,0.8,139,62.6,0.38,0.6,1.01,0.003,8.68
3.0,1.5,2.5,4.5,0.4,7200,0.8,139,62.6,0.38,0.6,1.01,0.003,8.68
4.0,1.5,2.5,3.0,0.4,14400,0.2,37,81.1,0.11,0.23,1.0,0.003,15.86
4.0,1.5,2.5,3.0,0.4,,0.4,37,81.1,0.11,0.23,1.0,0.003,15.86
4.0,1.5,2.5,4.5,0.4,14400,0.2,37,81.1,0.11,0.23,1.0,0.003,15.86
4.0,1.5,2.5,4.5,0.4,,0.4,37,81.1,0.11,0.23,1.0,0.003,15.86
5.0,0.7,1.5,3.0,0.4,7200,0.8,128,67.2,0.4,0.5,1.01,0.003,16.06
5.0,0.7,1.5,3.0,0.6,7200,0.8,128,67.2,0.4,0.5,1.01,0.003,16.06
5.0,0.7,1.5,3.0,0.8,7200,0.8,128,67.2,0.4,0.5,1.01,0.003,16.06
5.0,0.7,1.5,4.5,0.4,7200,0.8,128,67.2,0.4,0.5,1.01,0.003,16.06
5.0,0.7,1.5,4.5,0.6,7200,0.8,128,67.2,0.4,0.5,1.01,0.003,16.06
5.0,0.7,1.5,4.5,0.8,7200,0.8,128,67.2,0.4,0.5,1.01,0.003,16.06
5.0,0.7,2.5,3.0,0.4,7200,0.8,128,67.2,0.4,0.5,1.01,0.003,16.06
5.0,0.7,2.5,3.0,0.6,7200,0.8,128,67.2,0.4,0.5,1.01,0.003,16.06
5.0,0.7,2.5,3.0,0.8,7200,0.8,128,67.2,0.4,0.5,1.01,0.003,16.06
5.0,0.7,2.5,4.5,0.4,7200,0.8,128,67.2,0.4,0.5,1.01,0.003,16.06
5.0,0.7,2.5,4.5,0.6,7200,0.8,128,67.2,0.4,0.5,1.01,0.003,16.06
5.0,0.7,2.5,4.5,0.8,7200,0.8,128,67.2,0.4,0.5,1.01,0.003,16.06
5.0,1.0,2.5,3.0,0.4,3600,0.4,66,77.3,0.17,0.3,1.01,0.003,18.27
5.0,1.0,2.5,3.0,0.6,3600,0.4,66,77.3,0.17,0.3,1.01,0.003,18.27
5.0,1.0,2.5,3.0,0.8,3600,0.4,66,77.3,0.17,0.3,1.01,0.003,18.27
5.0,1.0,2.5,4.5,0.4,3600,0.4,66,77.3,0.17,0.3,1.01,0.003,18.27
5.0,1.0,2.5,4.5,0.6,3600,0.4,66,77.3,0.17,0.3,1.01,0.003,18.27
5.0,1.0,2.5,4.5,0.8,3600,0.4,66,77.3,0.17,0.3,1.01,0.003,18.27
5.0,1.5,2.5,3.0,0.4,7200,0.4,47,76.6,0.15,0.31,1.01,0.003,20.02
5.0,1.5,2.5,4.5,0.4,7200,0.4,47,76.6,0.15,0.31,1.01,0.003,20.02
3.0,0.7,1.5,3.0,0.4,1200,0.4,211,61.1,0.36,0.64,1.01,0.002,5.81
3.0,0.7,1.5,3.0,0.6,1200,0.4,211,61.1,0.36,0.64,1.01,0.002,5.81
3.0,0.7,1.5,3.0,0.8,1200,0.4,211,61.1,0.36,0.64,1.01,0.002,5.81
3.0,0.7,1.5,4.5,0.4,1200,0.4,211,61.1,0.36,0.64,1.01,0.002,5.81
3.0,0.7,1.5,4.5,0.6,1200,0.4,211,61.1,0.36,0.64,1.01,0.002,5.81
3.0,0.7,1.5,4.5,0.8,1200,0.4,211,61.1,0.36,0.64,1.01,0.002,5.81
3.0,0.7,2.5,3.0,0.4,1200,0.4,211,61.1,0.36,0.64,1.01,0.002,5.81
3.0,0.7,2.5,3.0,0.6,1200,0.4,211,61.1,0.36,0.64,1.01,0.002,5.81
3.0,0.7,2.5,3.0,0.8,1200,0.4,211,61.1,0.36,0.64,1.01,0.002,5.81
3.0,0.7,2.5,4.5,0.4,1200,0.4,211,61.1,0.36,0.64,1.01,0.002,5.81
3.0,0.7,2.5,4.5,0.6,1200,0.4,211,61.1,0.36,0.64,1.01,0.002,5.81
3.0,0.7,2.5,4.5,0.8,1200,0.4,211,61.1,0.36,0.64,1.01,0.002,5.81
3.0,1.0,1.5,3.0,0.4,7200,0.8,140,62.9,0.03,0.59,1.0,0.0,8.42
3.0,1.0,1.5,3.0,0.6,7200,0.8,140,62.9,0.03,0.59,1.0,0.0,8.42
3.0,1.0,1.5,3.0,0.8,7200,0.8,140,62.9,0.03,0.59,1.0,0.0,8.42
3.0,1.0,1.5,4.5,0.4,7200,0.8,140,62.9,0.03,0.59,1.0,0.0,8.42
3.0,1.0,1.5,4.5,0.6,7200,0.8,140,62.9,0.03,0.59,1.0,0.0,8.42
3.0,1.0,1.5,4.5,0.8,7200,0.8,140,62.9,0.03,0.59,1.0,0.0,8.42
3.0,1.5,2.5,3.0,0.8,3600,0.8,185,59.5,-0.12,0.68,1.0,-0.001,8.21
3.0,1.5,2.5,4.5,0.8,3600,0.8,185,59.5,-0.12,0.68,1.0,-0.001,8.21
3.0,0.7,2.5,3.0,0.4,1200,0.2,108,72.2,-0.18,0.38,0.99,-0.002,7.74
3.0,0.7,2.5,3.0,0.6,1200,0.2,108,72.2,-0.18,0.38,0.99,-0.002,7.74
3.0,0.7,2.5,3.0,0.8,1200,0.2,108,72.2,-0.18,0.38,0.99,-0.002,7.74
3.0,0.7,2.5,4.5,0.4,1200,0.2,108,72.2,-0.18,0.38,0.99,-0.002,7.74
3.0,0.7,2.5,4.5,0.6,1200,0.2,108,72.2,-0.18,0.38,0.99,-0.002,7.74
3.0,0.7,2.5,4.5,0.8,1200,0.2,108,72.2,-0.18,0.38,0.99,-0.002,7.74
3.0,1.5,2.5,3.0,0.4,1200,0.4,173,59.5,-0.37,0.67,0.99,-0.002,6.63
3.0,1.5,2.5,3.0,0.6,3600,0.8,188,59.6,-0.32,0.67,0.99,-0.002,8.21
3.0,1.5,2.5,3.0,0.8,2400,0.8,213,54.0,-0.38,0.84,0.99,-0.002,6.88
3.0,1.5,2.5,4.5,0.4,1200,0.4,173,59.5,-0.37,0.67,0.99,-0.002,6.63
3.0,1.5,2.5,4.5,0.6,3600,0.8,188,59.6,-0.32,0.67,0.99,-0.002,8.21
3.0,1.5,2.5,4.5,0.8,2400,0.8,213,54.0,-0.38,0.84,0.99,-0.002,6.88
4.0,1.0,1.5,3.0,0.4,2400,0.4,102,62.7,-0.23,0.59,0.99,-0.002,13.84
4.0,1.0,1.5,3.0,0.6,2400,0.4,102,62.7,-0.23,0.59,0.99,-0.002,13.84
4.0,1.0,1.5,3.0,0.8,2400,0.4,102,62.7,-0.23,0.59,0.99,-0.002,13.84
4.0,1.0,1.5,4.5,0.4,2400,0.4,102,62.7,-0.23,0.59,0.99,-0.002,13.84
4.0,1.0,1.5,4.5,0.6,2400,0.4,102,62.7,-0.23,0.59,0.99,-0.002,13.84
4.0,1.0,1.5,4.5,0.8,2400,0.4,102,62.7,-0.23,0.59,0.99,-0.002,13.84
5.0,1.0,1.5,3.0,0.4,14400,0.4,43,81.4,-0.07,0.23,1.0,-0.002,18.42
5.0,1.0,1.5,3.0,0.6,14400,0.4,43,81.4,-0.07,0.23,1.0,-0.002,18.42
5.0,1.0,1.5,3.0,0.8,14400,0.4,43,81.4,-0.07,0.23,1.0,-0.002,18.42
5.0,1.0,1.5,4.5,0.4,14400,0.4,43,81.4,-0.07,0.23,1.0,-0.002,18.42
5.0,1.0,1.5,4.5,0.6,14400,0.4,43,81.4,-0.07,0.23,1.0,-0.002,18.42
5.0,1.0,1.5,4.5,0.8,14400,0.4,43,81.4,-0.07,0.23,1.0,-0.002,18.42
5.0,1.0,2.5,3.0,0.4,14400,0.4,43,81.4,-0.07,0.23,1.0,-0.002,18.42
5.0,1.0,2.5,3.0,0.6,14400,0.4,43,81.4,-0.07,0.23,1.0,-0.002,18.42
5.0,1.0,2.5,3.0,0.8,14400,0.4,43,81.4,-0.07,0.23,1.0,-0.002,18.42
5.0,1.0,2.5,4.5,0.4,14400,0.4,43,81.4,-0.07,0.23,1.0,-0.002,18.42
5.0,1.0,2.5,4.5,0.6,14400,0.4,43,81.4,-0.07,0.23,1.0,-0.002,18.42
5.0,1.0,2.5,4.5,0.8,14400,0.4,43,81.4,-0.07,0.23,1.0,-0.002,18.42
3.0,0.7,1.5,3.0,0.4,2400,0.4,147,63.9,-0.4,0.56,0.99,-0.003,7.13
3.0,0.7,1.5,3.0,0.6,2400,0.4,147,63.9,-0.4,0.56,0.99,-0.003,7.13
3.0,0.7,1.5,3.0,0.8,2400,0.4,147,63.9,-0.4,0.56,0.99,-0.003,7.13
3.0,0.7,1.5,4.5,0.4,2400,0.4,147,63.9,-0.4,0.56,0.99,-0.003,7.13
3.0,0.7,1.5,4.5,0.6,2400,0.4,147,63.9,-0.4,0.56,0.99,-0.003,7.13
3.0,0.7,1.5,4.5,0.8,2400,0.4,147,63.9,-0.4,0.56,0.99,-0.003,7.13
3.0,0.7,2.5,3.0,0.4,2400,0.4,147,63.9,-0.4,0.56,0.99,-0.003,7.13
3.0,0.7,2.5,3.0,0.6,2400,0.4,147,63.9,-0.4,0.56,0.99,-0.003,7.13
3.0,0.7,2.5,3.0,0.8,2400,0.4,147,63.9,-0.4,0.56,0.99,-0.003,7.13
3.0,0.7,2.5,4.5,0.4,2400,0.4,147,63.9,-0.4,0.56,0.99,-0.003,7.13
3.0,0.7,2.5,4.5,0.6,2400,0.4,147,63.9,-0.4,0.56,0.99,-0.003,7.13
3.0,0.7,2.5,4.5,0.8,2400,0.4,147,63.9,-0.4,0.56,0.99,-0.003,7.13
3.0,1.0,2.5,3.0,0.4,7200,0.8,140,62.9,-0.42,0.58,0.99,-0.003,8.42
3.0,1.0,2.5,3.0,0.6,7200,0.8,140,62.9,-0.42,0.58,0.99,-0.003,8.42
3.0,1.0,2.5,3.0,0.8,7200,0.8,140,62.9,-0.42,0.58,0.99,-0.003,8.42
3.0,1.0,2.5,4.5,0.4,7200,0.8,140,62.9,-0.42,0.58,0.99,-0.003,8.42
3.0,1.0,2.5,4.5,0.6,7200,0.8,140,62.9,-0.42,0.58,0.99,-0.003,8.42
3.0,1.0,2.5,4.5,0.8,7200,0.8,140,62.9,-0.42,0.58,0.99,-0.003,8.42
3.0,1.5,2.5,3.0,0.6,2400,0.8,216,53.7,-0.62,0.85,0.98,-0.003,6.88
3.0,1.5,2.5,4.5,0.6,2400,0.8,216,53.7,-0.62,0.85,0.98,-0.003,6.88
4.0,1.0,1.5,3.0,0.4,7200,0.2,38,81.6,-0.1,0.22,1.0,-0.003,15.0
4.0,1.0,1.5,3.0,0.4,14400,0.2,38,81.6,-0.1,0.22,1.0,-0.003,15.0
4.0,1.0,1.5,3.0,0.4,,0.4,38,81.6,-0.1,0.22,1.0,-0.003,15.0
4.0,1.0,1.5,3.0,0.6,7200,0.2,38,81.6,-0.1,0.22,1.0,-0.003,15.0
4.0,1.0,1.5,3.0,0.6,14400,0.2,38,81.6,-0.1,0.22,1.0,-0.003,15.0
4.0,1.0,1.5,3.0,0.6,,0.4,38,81.6,-0.1,0.22,1.0,-0.003,15.0
4.0,1.0,1.5,3.0,0.8,7200,0.2,38,81.6,-0.1,0.22,1.0,-0.003,15.0
4.0,1.0,1.5,3.0,0.8,14400,0.2,38,81.6,-0.1,0.22,1.0,-0.003,15.0
4.0,1.0,1.5,3.0,0.8,,0.4,38,81.6,-0.1,0.22,1.0,-0.003,15.0
4.0,1.0,1.5,4.5,0.4,7200,0.2,38,81.6,-0.1,0.22,1.0,-0.003,15.0
4.0,1.0,1.5,4.5,0.4,14400,0.2,38,81.6,-0.1,0.22,1.0,-0.003,15.0
4.0,1.0,1.5,4.5,0.4,,0.4,38,81.6,-0.1,0.22,1.0,-0.003,15.0
4.0,1.0,1.5,4.5,0.6,7200,0.2,38,81.6,-0.1,0.22,1.0,-0.003,15.0
4.0,1.0,1.5,4.5,0.6,14400,0.2,38,81.6,-0.1,0.22,1.0,-0.003,15.0
4.0,1.0,1.5,4.5,0.6,,0.4,38,81.6,-0.1,0.22,1.0,-0.003,15.0
4.0,1.0,1.5,4.5,0.8,7200,0.2,38,81.6,-0.1,0.22,1.0,-0.003,15.0
4.0,1.0,1.5,4.5,0.8,14400,0.2,38,81.6,-0.1,0.22,1.0,-0.003,15.0
4.0,1.0,1.5,4.5,0.8,,0.4,38,81.6,-0.1,0.22,1.0,-0.003,15.0
4.0,1.0,2.5,3.0,0.4,7200,0.2,38,81.6,-0.1,0.22,1.0,-0.003,15.0
4.0,1.0,2.5,3.0,0.4,14400,0.2,38,81.6,-0.1,0.22,1.0,-0.003,15.0
4.0,1.0,2.5,3.0,0.4,,0.4,38,81.6,-0.1,0.22,1.0,-0.003,15.0
4.0,1.0,2.5,3.0,0.6,7200,0.2,38,81.6,-0.1,0.22,1.0,-0.003,15.0
4.0,1.0,2.5,3.0,0.6,14400,0.2,38,81.6,-0.1,0.22,1.0,-0.003,15.0
4.0,1.0,2.5,3.0,0.6,,0.4,38,81.6,-0.1,0.22,1.0,-0.003,15.0
4.0,1.0,2.5,3.0,0.8,7200,0.2,38,81.6,-0.1,0.22,1.0,-0.003,15.0
4.0,1.0,2.5,3.0,0.8,14400,0.2,38,81.6,-0.1,0.22,1.0,-0.003,15.0
4.0,1.0,2.5,3.0,0.8,,0.4,38,81.6,-0.1,0.22,1.0,-0.003,15.0
4.0,1.0,2.5,4.5,0.4,7200,0.2,38,81.6,-0.1,0.22,1.0,-0.003,15.0
4.0,1.0,2.5,4.5,0.4,14400,0.2,38,81.6,-0.1,0.22,1.0,-0.003,15.0
4.0,1.0,2.5,4.5,0.4,,0.4,38,81.6,-0.1,0.22,1.0,-0.003,15.0
4.0,1.0,2.5,4.5,0.6,7200,0.2,38,81.6,-0.1,0.22,1.0,-0.003,15.0
4.0,1.0,2.5,4.5,0.6,14400,0.2,38,81.6,-0.1,0.22,1.0,-0.003,15.0
4.0,1.0,2.5,4.5,0.6,,0.4,38,81.6,-0.1,0.22,1.0,-0.003,15.0
4.0,1.0,2.5,4.5,0.8,7200,0.2,38,81.6,-0.1,0.22,1.0,-0.003,15.0
4.0,1.0,2.5,4.5,0.8,14400,0.2,38,81.6,-0.1,0.22,1.0,-0.003,15.0
4.0,1.0,2.5,4.5,0.8,,0.4,38,81.6,-0.1,0.22,1.0,-0.003,15.0
4.0,1.5,2.5,3.0,0.4,2400,0.4,100,63.0,-0.33,0.58,0.99,-0.003,13.38
4.0,1.5,2.5,4.5,0.4,2400,0.4,100,63.0,-0.33,0.58,0.99,-0.003,13.38
2.0,1.5,2.5,3.0,0.6,1200,0.4,205,57.6,-1.08,0.71,0.97,-0.005,7.96
2.0,1.5,2.5,4.5,0.6,1200,0.4,205,57.6,-1.08,0.71,0.97,-0.005,7.96
4.0,1.5,2.5,3.0,0.6,7200,0.4,50,72.0,-0.25,0.38,0.99,-0.005,17.93
4.0,1.5,2.5,4.5,0.6,7200,0.4,50,72.0,-0.25,0.38,0.99,-0.005,17.93
3.0,1.5,2.5,3.0,0.6,1200,0.4,172,59.9,-1.21,0.64,0.96,-0.007,7.6
3.0,1.5,2.5,4.5,0.6,1200,0.4,172,59.9,-1.21,0.64,0.96,-0.007,7.6
4.0,1.0,2.5,3.0,0.4,2400,0.4,102,62.7,-0.68,0.58,0.98,-0.007,13.84
4.0,1.0,2.5,3.0,0.6,2400,0.4,102,62.7,-0.68,0.58,0.98,-0.007,13.84
4.0,1.0,2.5,3.0,0.8,2400,0.4,102,62.7,-0.68,0.58,0.98,-0.007,13.84
4.0,1.0,2.5,4.5,0.4,2400,0.4,102,62.7,-0.68,0.58,0.98,-0.007,13.84
4.0,1.0,2.5,4.5,0.6,2400,0.4,102,62.7,-0.68,0.58,0.98,-0.007,13.84
4.0,1.0,2.5,4.5,0.8,2400,0.4,102,62.7,-0.68,0.58,0.98,-0.007,13.84
2.0,0.7,1.5,3.0,0.4,2400,0.8,258,54.3,-2.14,0.79,0.94,-0.008,6.99
2.0,0.7,1.5,3.0,0.6,2400,0.8,258,54.3,-2.14,0.79,0.94,-0.008,6.99
2.0,0.7,1.5,3.0,0.8,2400,0.8,258,54.3,-2.14,0.79,0.94,-0.008,6.99
2.0,0.7,1.5,4.5,0.4,2400,0.8,258,54.3,-2.14,0.79,0.94,-0.008,6.99
2.0,0.7,1.5,4.5,0.6,2400,0.8,258,54.3,-2.14,0.79,0.94,-0.008,6.99
2.0,0.7,1.5,4.5,0.8,2400,0.8,258,54.3,-2.14,0.79,0.94,-0.008,6.99
2.0,0.7,2.5,3.0,0.4,2400,0.8,258,54.3,-2.14,0.79,0.94,-0.008,6.99
2.0,0.7,2.5,3.0,0.6,2400,0.8,258,54.3,-2.14,0.79,0.94,-0.008,6.99
2.0,0.7,2.5,3.0,0.8,2400,0.8,258,54.3,-2.14,0.79,0.94,-0.008,6.99
2.0,0.7,2.5,4.5,0.4,2400,0.8,258,54.3,-2.14,0.79,0.94,-0.008,6.99
2.0,0.7,2.5,4.5,0.6,2400,0.8,258,54.3,-2.14,0.79,0.94,-0.008,6.99
2.0,0.7,2.5,4.5,0.8,2400,0.8,258,54.3,-2.14,0.79,0.94,-0.008,6.99
2.0,1.5,2.5,3.0,0.4,1200,0.4,205,57.1,-1.77,0.71,0.95,-0.009,7.76
2.0,1.5,2.5,4.5,0.4,1200,0.4,205,57.1,-1.77,0.71,0.95,-0.009,7.76
2.0,1.5,2.5,3.0,0.8,1200,0.4,203,57.1,-2.13,0.7,0.94,-0.01,7.25
2.0,1.5,2.5,4.5,0.8,1200,0.4,203,57.1,-2.13,0.7,0.94,-0.01,7.25
3.0,0.7,1.5,3.0,0.4,2400,0.8,230,53.9,-2.39,0.79,0.93,-0.01,6.88
3.0,0.7,1.5,3.0,0.6,2400,0.8,230,53.9,-2.39,0.79,0.93,-0.01,6.88
3.0,0.7,1.5,3.0,0.8,2400,0.8,230,53.9,-2.39,0.79,0.93,-0.01,6.88
3.0,0.7,1.5,4.5,0.4,2400,0.8,230,53.9,-2.39,0.79,0.93,-0.01,6.88
3.0,0.7,1.5,4.5,0.6,2400,0.8,230,53.9,-2.39,0.79,0.93,-0.01,6.88
3.0,0.7,1.5,4.5,0.8,2400,0.8,230,53.9,-2.39,0.79,0.93,-0.01,6.88
3.0,0.7,2.5,3.0,0.4,2400,0.8,230,53.9,-2.39,0.79,0.93,-0.01,6.88
3.0,0.7,2.5,3.0,0.6,2400,0.8,230,53.9,-2.39,0.79,0.93,-0.01,6.88
3.0,0.7,2.5,3.0,0.8,2400,0.8,230,53.9,-2.39,0.79,0.93,-0.01,6.88
3.0,0.7,2.5,4.5,0.4,2400,0.8,230,53.9,-2.39,0.79,0.93,-0.01,6.88
3.0,0.7,2.5,4.5,0.6,2400,0.8,230,53.9,-2.39,0.79,0.93,-0.01,6.88
3.0,0.7,2.5,4.5,0.8,2400,0.8,230,53.9,-2.39,0.79,0.93,-0.01,6.88
3.0,1.0,1.5,3.0,0.4,1200,0.4,175,59.4,-1.68,0.65,0.95,-0.01,7.17
3.0,1.0,1.5,3.0,0.6,1200,0.4,175,59.4,-1.68,0.65,0.95,-0.01,7.17
3.0,1.0,1.5,3.0,0.8,1200,0.4,175,59.4,-1.68,0.65,0.95,-0.01,7.17
3.0,1.0,1.5,4.5,0.4,1200,0.4,175,59.4,-1.68,0.65,0.95,-0.01,7.17
3.0,1.0,1.5,4.5,0.6,1200,0.4,175,59.4,-1.68,0.65,0.95,-0.01,7.17
3.0,1.0,1.5,4.5,0.8,1200,0.4,175,59.4,-1.68,0.65,0.95,-0.01,7.17
5.0,1.0,1.5,3.0,0.4,7200,0.4,45,75.6,-0.46,0.32,0.98,-0.01,18.72
5.0,1.0,1.5,3.0,0.6,7200,0.4,45,75.6,-0.46,0.32,0.98,-0.01,18.72
5.0,1.0,1.5,3.0,0.8,7200,0.4,45,75.6,-0.46,0.32,0.98,-0.01,18.72
5.0,1.0,1.5,4.5,0.4,7200,0.4,45,75.6,-0.46,0.32,0.98,-0.01,18.72
5.0,1.0,1.5,4.5,0.6,7200,0.4,45,75.6,-0.46,0.32,0.98,-0.01,18.72
5.0,1.0,1.5,4.5,0.8,7200,0.4,45,75.6,-0.46,0.32,0.98,-0.01,18.72
5.0,1.0,2.5,3.0,0.4,7200,0.4,45,75.6,-0.46,0.32,0.98,-0.01,18.72
5.0,1.0,2.5,3.0,0.6,7200,0.4,45,75.6,-0.46,0.32,0.98,-0.01,18.72
5.0,1.0,2.5,3.0,0.8,7200,0.4,45,75.6,-0.46,0.32,0.98,-0.01,18.72
5.0,1.0,2.5,4.5,0.4,7200,0.4,45,75.6,-0.46,0.32,0.98,-0.01,18.72
5.0,1.0,2.5,4.5,0.6,7200,0.4,45,75.6,-0.46,0.32,0.98,-0.01,18.72
5.0,1.0,2.5,4.5,0.8,7200,0.4,45,75.6,-0.46,0.32,0.98,-0.01,18.72
2.0,0.7,1.5,3.0,0.4,3600,0.8,224,59.4,-2.79,0.63,0.93,-0.012,7.73
2.0,0.7,1.5,3.0,0.6,3600,0.8,224,59.4,-2.79,0.63,0.93,-0.012,7.73
2.0,0.7,1.5,3.0,0.8,3600,0.8,224,59.4,-2.79,0.63,0.93,-0.012,7.73
2.0,0.7,1.5,4.5,0.4,3600,0.8,224,59.4,-2.79,0.63,0.93,-0.012,7.73
2.0,0.7,1.5,4.5,0.6,3600,0.8,224,59.4,-2.79,0.63,0.93,-0.012,7.73
2.0,0.7,1.5,4.5,0.8,3600,0.8,224,59.4,-2.79,0.63,0.93,-0.012,7.73
2.0,0.7,2.5,3.0,0.4,3600,0.8,224,59.4,-2.79,0.63,0.93,-0.012,7.73
2.0,0.7,2.5,3.0,0.6,3600,0.8,224,59.4,-2.79,0.63,0.93,-0.012,7.73
2.0,0.7,2.5,3.0,0.8,3600,0.8,224,59.4,-2.79,0.63,0.93,-0.012,7.73
2.0,0.7,2.5,4.5,0.4,3600,0.8,224,59.4,-2.79,0.63,0.93,-0.012,7.73
2.0,0.7,2.5,4.5,0.6,3600,0.8,224,59.4,-2.79,0.63,0.93,-0.012,7.73
2.0,0.7,2.5,4.5,0.8,3600,0.8,224,59.4,-2.79,0.63,0.93,-0.012,7.73
3.0,1.0,2.5,3.0,0.4,1200,0.4,175,59.4,-2.13,0.64,0.93,-0.012,7.17
3.0,1.0,2.5,3.0,0.6,1200,0.4,175,59.4,-2.13,0.64,0.93,-0.012,7.17
3.0,1.0,2.5,3.0,0.8,1200,0.4,175,59.4,-2.13,0.64,0.93,-0.012,7.17
3.0,1.0,2.5,4.5,0.4,1200,0.4,175,59.4,-2.13,0.64,0.93,-0.012,7.17
3.0,1.0,2.5,4.5,0.6,1200,0.4,175,59.4,-2.13,0.64,0.93,-0.012,7.17
3.0,1.0,2.5,4.5,0.8,1200,0.4,175,59.4,-2.13,0.64,0.93,-0.012,7.17
2.0,1.0,1.5,3.0,0.4,7200,0.8,179,60.3,-2.35,0.62,0.95,-0.013,10.38
2.0,1.0,1.5,3.0,0.6,7200,0.8,179,60.3,-2.35,0.62,0.95,-0.013,10.38
2.0,1.0,1.5,3.0,0.8,7200,0.8,179,60.3,-2.35,0.62,0.95,-0.013,10.38
2.0,1.0,1.5,4.5,0.4,7200,0.8,179,60.3,-2.35,0.62,0.95,-0.013,10.38
2.0,1.0,1.5,4.5,0.6,7200,0.8,179,60.3,-2.35,0.62,0.95,-0.013,10.38
2.0,1.0,1.5,4.5,0.8,7200,0.8,179,60.3,-2.35,0.62,0.95,-0.013,10.38
3.0,0.7,1.5,3.0,0.4,3600,0.8,204,59.8,-2.64,0.62,0.93,-0.013,8.53
3.0,0.7,1.5,3.0,0.6,3600,0.8,204,59.8,-2.64,0.62,0.93,-0.013,8.53
3.0,0.7,1.5,3.0,0.8,3600,0.8,204,59.8,-2.64,0.62,0.93,-0.013,8.53
3.0,0.7,1.5,4.5,0.4,3600,0.8,204,59.8,-2.64,0.62,0.93,-0.013,8.53
3.0,0.7,1.5,4.5,0.6,3600,0.8,204,59.8,-2.64,0.62,0.93,-0.013,8.53
3.0,0.7,1.5,4.5,0.8,3600,0.8,204,59.8,-2.64,0.62,0.93,-0.013,8.53
3.0,0.7,2.5,3.0,0.4,3600,0.8,204,59.8,-2.64,0.62,0.93,-0.013,8.53
3.0,0.7,2.5,3.0,0.6,3600,0.8,204,59.8,-2.64,0.62,0.93,-0.013,8.53
3.0,0.7,2.5,3.0,0.8,3600,0.8,204,59.8,-2.64,0.62,0.93,-0.013,8.53
3.0,0.7,2.5,4.5,0.4,3600,0.8,204,59.8,-2.64,0.62,0.93,-0.013,8.53
3.0,0.7,2.5,4.5,0.6,3600,0.8,204,59.8,-2.64,0.62,0.93,-0.013,8.53
3.0,0.7,2.5,4.5,0.8,3600,0.8,204,59.8,-2.64,0.62,0.93,-0.013,8.53
2.0,1.0,1.5,3.0,0.4,1200,0.4,206,57.3,-2.97,0.68,0.91,-0.014,8.64
2.0,1.0,1.5,3.0,0.6,1200,0.4,206,57.3,-2.97,0.68,0.91,-0.014,8.64
2.0,1.0,1.5,3.0,0.8,1200,0.4,206,57.3,-2.97,0.68,0.91,-0.014,8.64
2.0,1.0,1.5,4.5,0.4,1200,0.4,206,57.3,-2.97,0.68,0.91,-0.014,8.64
2.0,1.0,1.5,4.5,0.6,1200,0.4,206,57.3,-2.97,0.68,0.91,-0.014,8.64
2.0,1.0,1.5,4.5,0.8,1200,0.4,206,57.3,-2.97,0.68,0.91,-0.014,8.64
3.0,1.5,2.5,3.0,0.8,1200,0.4,170,59.4,-2.45,0.63,0.92,-0.014,7.08
3.0,1.5,2.5,3.0,0.8,14400,0.8,103,64.1,-1.46,0.54,0.96,-0.014,10.83
3.0,1.5,2.5,4.5,0.8,1200,0.4,170,59.4,-2.45,0.63,0.92,-0.014,7.08
3.0,1.5,2.5,4.5,0.8,14400,0.8,103,64.1,-1.46,0.54,0.96,-0.014,10.83
2.0,1.0,2.5,3.0,0.4,7200,0.8,179,60.3,-2.8,0.62,0.94,-0.016,10.83
2.0,1.0,2.5,3.0,0.6,7200,0.8,179,60.3,-2.8,0.62,0.94,-0.016,10.83
2.0,1.0,2.5,3.0,0.8,7200,0.8,179,60.3,-2.8,0.62,0.94,-0.016,10.83
2.0,1.0,2.5,4.5,0.4,7200,0.8,179,60.3,-2.8,0.62,0.94,-0.016,10.83
2.0,1.0,2.5,4.5,0.6,7200,0.8,179,60.3,-2.8,0.62,0.94,-0.016,10.83
2.0,1.0,2.5,4.5,0.8,7200,0.8,179,60.3,-2.8,0.62,0.94,-0.016,10.83
3.0,1.5,2.5,3.0,0.4,14400,0.8,104,64.4,-1.69,0.53,0.95,-0.016,12.58
3.0,1.5,2.5,3.0,0.6,14400,0.8,103,63.1,-1.62,0.56,0.95,-0.016,10.22
3.0,1.5,2.5,4.5,0.4,14400,0.8,104,64.4,-1.69,0.53,0.95,-0.016,12.58
3.0,1.5,2.5,4.5,0.6,14400,0.8,103,63.1,-1.62,0.56,0.95,-0.016,10.22
2.0,1.0,2.5,3.0,0.4,1200,0.4,206,57.3,-3.42,0.67,0.9,-0.017,8.64
2.0,1.0,2.5,3.0,0.6,1200,0.4,206,57.3,-3.42,0.67,0.9,-0.017,8.64
2.0,1.0,2.5,3.0,0.8,1200,0.4,206,57.3,-3.42,0.67,0.9,-0.017,8.64
2.0,1.0,2.5,4.5,0.4,1200,0.4,206,57.3,-3.42,0.67,0.9,-0.017,8.64
2.0,1.0,2.5,4.5,0.6,1200,0.4,206,57.3,-3.42,0.67,0.9,-0.017,8.64
2.0,1.0,2.5,4.5,0.8,1200,0.4,206,57.3,-3.42,0.67,0.9,-0.017,8.64
2.0,1.5,2.5,3.0,0.6,14400,0.8,131,61.8,-2.29,0.58,0.95,-0.017,13.65
2.0,1.5,2.5,4.5,0.6,14400,0.8,131,61.8,-2.29,0.58,0.95,-0.017,13.65
2.0,1.0,1.5,3.0,0.4,3600,0.4,122,64.8,-2.17,0.52,0.95,-0.018,10.92
2.0,1.0,1.5,3.0,0.6,3600,0.4,122,64.8,-2.17,0.52,0.95,-0.018,10.92
2.0,1.0,1.5,3.0,0.8,3600,0.4,122,64.8,-2.17,0.52,0.95,-0.018,10.92
2.0,1.0,1.5,4.5,0.4,3600,0.4,122,64.8,-2.17,0.52,0.95,-0.018,10.92
2.0,1.0,1.5,4.5,0.6,3600,0.4,122,64.8,-2.17,0.52,0.95,-0.018,10.92
2.0,1.0,1.5,4.5,0.8,3600,0.4,122,64.8,-2.17,0.52,0.95,-0.018,10.92
2.0,1.5,2.5,3.0,0.4,2400,0.4,135,57.8,-2.98,0.68,0.92,-0.022,9.26
2.0,1.5,2.5,4.5,0.4,2400,0.4,135,57.8,-2.98,0.68,0.92,-0.022,9.26
3.0,0.7,1.5,3.0,0.4,7200,0.8,149,64.4,-3.35,0.5,0.91,-0.022,10.89
3.0,0.7,1.5,3.0,0.6,7200,0.8,149,64.4,-3.35,0.5,0.91,-0.022,10.89
3.0,0.7,1.5,3.0,0.8,7200,0.8,149,64.4,-3.35,0.5,0.91,-0.022,10.89
3.0,0.7,1.5,4.5,0.4,7200,0.8,149,64.4,-3.35,0.5,0.91,-0.022,10.89
3.0,0.7,1.5,4.5,0.6,7200,0.8,149,64.4,-3.35,0.5,0.91,-0.022,10.89
3.0,0.7,1.5,4.5,0.8,7200,0.8,149,64.4,-3.35,0.5,0.91,-0.022,10.89
3.0,0.7,2.5,3.0,0.4,7200,0.8,149,64.4,-3.35,0.5,0.91,-0.022,10.89
3.0,0.7,2.5,3.0,0.6,7200,0.8,149,64.4,-3.35,0.5,0.91,-0.022,10.89
3.0,0.7,2.5,3.0,0.8,7200,0.8,149,64.4,-3.35,0.5,0.91,-0.022,10.89
3.0,0.7,2.5,4.5,0.4,7200,0.8,149,64.4,-3.35,0.5,0.91,-0.022,10.89
3.0,0.7,2.5,4.5,0.6,7200,0.8,149,64.4,-3.35,0.5,0.91,-0.022,10.89
3.0,0.7,2.5,4.5,0.8,7200,0.8,149,64.4,-3.35,0.5,0.91,-0.022,10.89
5.0,1.5,2.5,3.0,0.4,2400,0.2,46,71.7,-1.03,0.38,0.96,-0.022,19.34
5.0,1.5,2.5,4.5,0.4,2400,0.2,46,71.7,-1.03,0.38,0.96,-0.022,19.34
2.0,0.7,1.5,3.0,0.4,3600,0.4,142,66.2,-3.57,0.47,0.91,-0.025,15.91
2.0,0.7,1.5,3.0,0.6,3600,0.4,142,66.2,-3.57,0.47,0.91,-0.025,15.91
2.0,0.7,1.5,3.0,0.8,3600,0.4,142,66.2,-3.57,0.47,0.91,-0.025,15.91
2.0,0.7,1.5,4.5,0.4,3600,0.4,142,66.2,-3.57,0.47,0.91,-0.025,15.91
2.0,0.7,1.5,4.5,0.6,3600,0.4,142,66.2,-3.57,0.47,0.91,-0.025,15.91
2.0,0.7,1.5,4.5,0.8,3600,0.4,142,66.2,-3.57,0.47,0.91,-0.025,15.91
2.0,0.7,2.5,3.0,0.4,3600,0.4,142,66.2,-3.57,0.47,0.91,-0.025,15.91
2.0,0.7,2.5,3.0,0.6,3600,0.4,142,66.2,-3.57,0.47,0.91,-0.025,15.91
2.0,0.7,2.5,3.0,0.8,3600,0.4,142,66.2,-3.57,0.47,0.91,-0.025,15.91
2.0,0.7,2.5,4.5,0.4,3600,0.4,142,66.2,-3.57,0.47,0.91,-0.025,15.91
2.0,0.7,2.5,4.5,0.6,3600,0.4,142,66.2,-3.57,0.47,0.91,-0.025,15.91
2.0,0.7,2.5,4.5,0.8,3600,0.4,142,66.2,-3.57,0.47,0.91,-0.025,15.91
2.0,1.0,2.5,3.0,0.4,3600,0.4,122,64.8,-3.07,0.5,0.93,-0.025,11.82
2.0,1.0,2.5,3.0,0.6,3600,0.4,122,64.8,-3.07,0.5,0.93,-0.025,11.82
2.0,1.0,2.5,3.0,0.8,3600,0.4,122,64.8,-3.07,0.5,0.93,-0.025,11.82
2.0,1.0,2.5,4.5,0.4,3600,0.4,122,64.8,-3.07,0.5,0.93,-0.025,11.82
2.0,1.0,2.5,4.5,0.6,3600,0.4,122,64.8,-3.07,0.5,0.93,-0.025,11.82
2.0,1.0,2.5,4.5,0.8,3600,0.4,122,64.8,-3.07,0.5,0.93,-0.025,11.82
3.0,1.0,1.5,3.0,0.4,14400,0.8,103,65.0,-2.54,0.5,0.93,-0.025,11.63
3.0,1.0,1.5,3.0,0.6,14400,0.8,103,65.0,-2.54,0.5,0.93,-0.025,11.63
3.0,1.0,1.5,3.0,0.8,14400,0.8,103,65.0,-2.54,0.5,0.93,-0.025,11.63
3.0,1.0,1.5,4.5,0.4,14400,0.8,103,65.0,-2.54,0.5,0.93,-0.025,11.63
3.0,1.0,1.5,4.5,0.6,14400,0.8,103,65.0,-2.54,0.5,0.93,-0.025,11.63
3.0,1.0,1.5,4.5,0.8,14400,0.8,103,65.0,-2.54,0.5,0.93,-0.025,11.63
3.0,1.0,2.5,3.0,0.4,14400,0.8,103,65.0,-2.54,0.5,0.93,-0.025,11.63
3.0,1.0,2.5,3.0,0.6,14400,0.8,103,65.0,-2.54,0.5,0.93,-0.025,11.63
3.0,1.0,2.5,3.0,0.8,14400,0.8,103,65.0,-2.54,0.5,0.93,-0.025,11.63
3.0,1.0,2.5,4.5,0.4,14400,0.8,103,65.0,-2.54,0.5,0.93,-0.025,11.63
3.0,1.0,2.5,4.5,0.6,14400,0.8,103,65.0,-2.54,0.5,0.93,-0.025,11.63
3.0,1.0,2.5,4.5,0.8,14400,0.8,103,65.0,-2.54,0.5,0.93,-0.025,11.63
2.0,0.7,1.5,3.0,0.4,2400,0.4,166,62.0,-4.33,0.54,0.89,-0.026,13.04
2.0,0.7,1.5,3.0,0.6,2400,0.4,166,62.0,-4.33,0.54,0.89,-0.026,13.04
2.0,0.7,1.5,3.0,0.8,2400,0.4,166,62.0,-4.33,0.54,0.89,-0.026,13.04
2.0,0.7,1.5,4.5,0.4,2400,0.4,166,62.0,-4.33,0.54,0.89,-0.026,13.04
2.0,0.7,1.5,4.5,0.6,2400,0.4,166,62.0,-4.33,0.54,0.89,-0.026,13.04
2.0,0.7,1.5,4.5,0.8,2400,0.4,166,62.0,-4.33,0.54,0.89,-0.026,13.04
2.0,0.7,2.5,3.0,0.4,2400,0.4,166,62.0,-4.33,0.54,0.89,-0.026,13.04
2.0,0.7,2.5,3.0,0.6,2400,0.4,166,62.0,-4.33,0.54,0.89,-0.026,13.04
2.0,0.7,2.5,3.0,0.8,2400,0.4,166,62.0,-4.33,0.54,0.89,-0.026,13.04
2.0,0.7,2.5,4.5,0.4,2400,0.4,166,62.0,-4.33,0.54,0.89,-0.026,13.04
2.0,0.7,2.5,4.5,0.6,2400,0.4,166,62.0,-4.33,0.54,0.89,-0.026,13.04
2.0,0.7,2.5,4.5,0.8,2400,0.4,166,62.0,-4.33,0.54,0.89,-0.026,13.04
2.0,1.5,2.5,3.0,0.8,2400,0.4,127,58.3,-3.36,0.65,0.91,-0.026,9.83
2.0,1.5,2.5,4.5,0.8,2400,0.4,127,58.3,-3.36,0.65,0.91,-0.026,9.83
2.0,1.0,1.5,3.0,0.4,2400,0.4,138,58.0,-3.82,0.65,0.9,-0.028,8.82
2.0,1.0,1.5,3.0,0.6,2400,0.4,138,58.0,-3.82,0.65,0.9,-0.028,8.82
2.0,1.0,1.5,3.0,0.8,2400,0.4,138,58.0,-3.82,0.65,0.9,-0.028,8.82
2.0,1.0,1.5,4.5,0.4,2400,0.4,138,58.0,-3.82,0.65,0.9,-0.028,8.82
2.0,1.0,1.5,4.5,0.6,2400,0.4,138,58.0,-3.82,0.65,0.9,-0.028,8.82
2.0,1.0,1.5,4.5,0.8,2400,0.4,138,58.0,-3.82,0.65,0.9,-0.028,8.82
2.0,1.5,2.5,3.0,0.6,2400,0.4,131,58.0,-3.73,0.65,0.9,-0.028,9.07
2.0,1.5,2.5,4.5,0.6,2400,0.4,131,58.0,-3.73,0.65,0.9,-0.028,9.07
3.0,0.7,1.5,3.0,0.4,14400,0.8,110,68.2,-3.17,0.43,0.91,-0.029,13.26
3.0,0.7,1.5,3.0,0.6,14400,0.8,110,68.2,-3.17,0.43,0.91,-0.029,13.26
3.0,0.7,1.5,3.0,0.8,14400,0.8,110,68.2,-3.17,0.43,0.91,-0.029,13.26
3.0,0.7,1.5,4.5,0.4,14400,0.8,110,68.2,-3.17,0.43,0.91,-0.029,13.26
3.0,0.7,1.5,4.5,0.6,14400,0.8,110,68.2,-3.17,0.43,0.91,-0.029,13.26
3.0,0.7,1.5,4.5,0.8,14400,0.8,110,68.2,-3.17,0.43,0.91,-0.029,13.26
3.0,0.7,2.5,3.0,0.4,14400,0.8,110,68.2,-3.17,0.43,0.91,-0.029,13.26
3.0,0.7,2.5,3.0,0.6,14400,0.8,110,68.2,-3.17,0.43,0.91,-0.029,13.26
3.0,0.7,2.5,3.0,0.8,14400,0.8,110,68.2,-3.17,0.43,0.91,-0.029,13.26
3.0,0.7,2.5,4.5,0.4,14400,0.8,110,68.2,-3.17,0.43,0.91,-0.029,13.26
3.0,0.7,2.5,4.5,0.6,14400,0.8,110,68.2,-3.17,0.43,0.91,-0.029,13.26
3.0,0.7,2.5,4.5,0.8,14400,0.8,110,68.2,-3.17,0.43,0.91,-0.029,13.26
5.0,1.5,2.5,3.0,0.6,3600,0.4,61,77.0,-1.89,0.28,0.93,-0.031,19.63
5.0,1.5,2.5,4.5,0.6,3600,0.4,61,77.0,-1.89,0.28,0.93,-0.031,19.63
5.0,1.5,2.5,3.0,0.6,14400,0.4,42,78.6,-1.33,0.26,0.95,-0.032,19.92
5.0,1.5,2.5,4.5,0.6,14400,0.4,42,78.6,-1.33,0.26,0.95,-0.032,19.92
2.0,1.0,2.5,3.0,0.4,2400,0.4,138,58.0,-4.72,0.64,0.88,-0.034,9.72
2.0,1.0,2.5,3.0,0.6,2400,0.4,138,58.0,-4.72,0.64,0.88,-0.034,9.72
2.0,1.0,2.5,3.0,0.8,2400,0.4,138,58.0,-4.72,0.64,0.88,-0.034,9.72
2.0,1.0,2.5,4.5,0.4,2400,0.4,138,58.0,-4.72,0.64,0.88,-0.034,9.72
2.0,1.0,2.5,4.5,0.6,2400,0.4,138,58.0,-4.72,0.64,0.88,-0.034,9.72
2.0,1.0,2.5,4.5,0.8,2400,0.4,138,58.0,-4.72,0.64,0.88,-0.034,9.72
4.0,1.5,2.5,3.0,0.6,2400,0.4,97,62.9,-3.41,0.52,0.88,-0.035,14.09
4.0,1.5,2.5,4.5,0.6,2400,0.4,97,62.9,-3.41,0.52,0.88,-0.035,14.09
2.0,1.5,2.5,3.0,0.8,7200,0.4,89,62.9,-3.17,0.54,0.92,-0.036,11.67
2.0,1.5,2.5,4.5,0.8,7200,0.4,89,62.9,-3.17,0.54,0.92,-0.036,11.67
5.0,1.5,2.5,3.0,0.6,2400,0.2,44,72.7,-1.57,0.35,0.94,-0.036,18.85
5.0,1.5,2.5,4.5,0.6,2400,0.2,44,72.7,-1.57,0.35,0.94,-0.036,18.85
2.0,0.7,1.5,3.0,0.4,7200,0.8,180,61.1,-6.72,0.54,0.85,-0.037,12.99
2.0,0.7,1.5,3.0,0.6,7200,0.8,180,61.1,-6.72,0.54,0.85,-0.037,12.99
2.0,0.7,1.5,3.0,0.8,7200,0.8,180,61.1,-6.72,0.54,0.85,-0.037,12.99
2.0,0.7,1.5,4.5,0.4,7200,0.8,180,61.1,-6.72,0.54,0.85,-0.037,12.99
2.0,0.7,1.5,4.5,0.6,7200,0.8,180,61.1,-6.72,0.54,0.85,-0.037,12.99
2.0,0.7,1.5,4.5,0.8,7200,0.8,180,61.1,-6.72,0.54,0.85,-0.037,12.99
2.0,0.7,2.5,3.0,0.4,7200,0.8,180,61.1,-6.72,0.54,0.85,-0.037,12.99
2.0,0.7,2.5,3.0,0.6,7200,0.8,180,61.1,-6.72,0.54,0.85,-0.037,12.99
2.0,0.7,2.5,3.0,0.8,7200,0.8,180,61.1,-6.72,0.54,0.85,-0.037,12.99
2.0,0.7,2.5,4.5,0.4,7200,0.8,180,61.1,-6.72,0.54,0.85,-0.037,12.99
2.0,0.7,2.5,4.5,0.6,7200,0.8,180,61.1,-6.72,0.54,0.85,-0.037,12.99
2.0,0.7,2.5,4.5,0.8,7200,0.8,180,61.1,-6.72,0.54,0.85,-0.037,12.99
2.0,1.5,2.5,3.0,0.4,7200,0.4,94,62.8,-3.85,0.54,0.91,-0.041,16.33
2.0,1.5,2.5,4.5,0.4,7200,0.4,94,62.8,-3.85,0.54,0.91,-0.041,16.33
3.0,1.5,2.5,3.0,0.6,3600,0.4,89,73.0,-3.66,0.33,0.9,-0.041,10.03
3.0,1.5,2.5,4.5,0.6,3600,0.4,89,73.0,-3.66,0.33,0.9,-0.041,10.03
3.0,1.5,2.5,3.0,0.4,2400,0.4,114,58.8,-4.76,0.61,0.87,-0.042,9.85
3.0,1.5,2.5,4.5,0.4,2400,0.4,114,58.8,-4.76,0.61,0.87,-0.042,9.85
4.0,1.5,2.5,3.0,0.8,14400,0.4,40,80.0,-1.67,0.23,0.93,-0.042,13.93
4.0,1.5,2.5,4.5,0.8,14400,0.4,40,80.0,-1.67,0.23,0.93,-0.042,13.93
2.0,1.5,2.5,3.0,0.4,14400,0.8,130,60.8,-5.87,0.56,0.87,-0.045,17.07
2.0,1.5,2.5,4.5,0.4,14400,0.8,130,60.8,-5.87,0.56,0.87,-0.045,17.07
3.0,1.5,2.5,3.0,0.8,3600,0.4,86,74.4,-4.04,0.3,0.88,-0.047,10.98
3.0,1.5,2.5,4.5,0.8,3600,0.4,86,74.4,-4.04,0.3,0.88,-0.047,10.98
4.0,1.0,1.5,3.0,0.4,3600,0.2,38,81.6,-1.78,0.21,0.94,-0.047,15.0
4.0,1.0,1.5,3.0,0.6,3600,0.2,38,81.6,-1.78,0.21,0.94,-0.047,15.0
4.0,1.0,1.5,3.0,0.8,3600,0.2,38,81.6,-1.78,0.21,0.94,-0.047,15.0
4.0,1.0,1.5,4.5,0.4,3600,0.2,38,81.6,-1.78,0.21,0.94,-0.047,15.0
4.0,1.0,1.5,4.5,0.6,3600,0.2,38,81.6,-1.78,0.21,0.94,-0.047,15.0
4.0,1.0,1.5,4.5,0.8,3600,0.2,38,81.6,-1.78,0.21,0.94,-0.047,15.0
4.0,1.0,2.5,3.0,0.4,3600,0.2,38,81.6,-1.78,0.21,0.94,-0.047,15.0
4.0,1.0,2.5,3.0,0.6,3600,0.2,38,81.6,-1.78,0.21,0.94,-0.047,15.0
4.0,1.0,2.5,3.0,0.8,3600,0.2,38,81.6,-1.78,0.21,0.94,-0.047,15.0
4.0,1.0,2.5,4.5,0.4,3600,0.2,38,81.6,-1.78,0.21,0.94,-0.047,15.0
4.0,1.0,2.5,4.5,0.6,3600,0.2,38,81.6,-1.78,0.21,0.94,-0.047,15.0
4.0,1.0,2.5,4.5,0.8,3600,0.2,38,81.6,-1.78,0.21,0.94,-0.047,15.0
5.0,1.0,1.5,3.0,0.4,2400,0.2,45,71.1,-2.1,0.37,0.92,-0.047,17.8
5.0,1.0,1.5,3.0,0.6,2400,0.2,45,71.1,-2.1,0.37,0.92,-0.047,17.8
5.0,1.0,1.5,3.0,0.8,2400,0.2,45,71.1,-2.1,0.37,0.92,-0.047,17.8
5.0,1.0,1.5,4.5,0.4,2400,0.2,45,71.1,-2.1,0.37,0.92,-0.047,17.8
5.0,1.0,1.5,4.5,0.6,2400,0.2,45,71.1,-2.1,0.37,0.92,-0.047,17.8
5.0,1.0,1.5,4.5,0.8,2400,0.2,45,71.1,-2.1,0.37,0.92,-0.047,17.8
5.0,1.5,2.5,3.0,0.8,3600,0.2,38,86.8,-1.8,0.14,0.93,-0.047,19.65
5.0,1.5,2.5,4.5,0.8,3600,0.2,38,86.8,-1.8,0.14,0.93,-0.047,19.65
4.0,1.5,2.5,3.0,0.8,2400,0.4,95,65.3,-4.79,0.44,0.83,-0.05,14.62
4.0,1.5,2.5,4.5,0.8,2400,0.4,95,65.3,-4.79,0.44,0.83,-0.05,14.62
2.0,0.7,1.5,3.0,0.4,14400,0.8,141,64.5,-7.31,0.46,0.84,-0.052,17.04
2.0,0.7,1.5,3.0,0.6,14400,0.8,141,64.5,-7.31,0.46,0.84,-0.052,17.04
2.0,0.7,1.5,3.0,0.8,14400,0.8,141,64.5,-7.31,0.46,0.84,-0.052,17.04
2.0,0.7,1.5,4.5,0.4,14400,0.8,141,64.5,-7.31,0.46,0.84,-0.052,17.04
2.0,0.7,1.5,4.5,0.6,14400,0.8,141,64.5,-7.31,0.46,0.84,-0.052,17.04
2.0,0.7,1.5,4.5,0.8,14400,0.8,141,64.5,-7.31,0.46,0.84,-0.052,17.04
2.0,0.7,2.5,3.0,0.4,14400,0.8,141,64.5,-7.31,0.46,0.84,-0.052,17.04
2.0,0.7,2.5,3.0,0.6,14400,0.8,141,64.5,-7.31,0.46,0.84,-0.052,17.04
2.0,0.7,2.5,3.0,0.8,14400,0.8,141,64.5,-7.31,0.46,0.84,-0.052,17.04
2.0,0.7,2.5,4.5,0.4,14400,0.8,141,64.5,-7.31,0.46,0.84,-0.052,17.04
2.0,0.7,2.5,4.5,0.6,14400,0.8,141,64.5,-7.31,0.46,0.84,-0.052,17.04
2.0,0.7,2.5,4.5,0.8,14400,0.8,141,64.5,-7.31,0.46,0.84,-0.052,17.04
3.0,0.7,1.5,3.0,0.4,7200,0.4,92,68.5,-4.81,0.4,0.86,-0.052,10.08
3.0,0.7,1.5,3.0,0.6,7200,0.4,92,68.5,-4.81,0.4,0.86,-0.052,10.08
3.0,0.7,1.5,3.0,0.8,7200,0.4,92,68.5,-4.81,0.4,0.86,-0.052,10.08
3.0,0.7,1.5,4.5,0.4,7200,0.4,92,68.5,-4.81,0.4,0.86,-0.052,10.08
3.0,0.7,1.5,4.5,0.6,7200,0.4,92,68.5,-4.81,0.4,0.86,-0.052,10.08
3.0,0.7,1.5,4.5,0.8,7200,0.4,92,68.5,-4.81,0.4,0.86,-0.052,10.08
3.0,0.7,2.5,3.0,0.4,7200,0.4,92,68.5,-4.81,0.4,0.86,-0.052,10.08
3.0,0.7,2.5,3.0,0.6,7200,0.4,92,68.5,-4.81,0.4,0.86,-0.052,10.08
3.0,0.7,2.5,3.0,0.8,7200,0.4,92,68.5,-4.81,0.4,0.86,-0.052,10.08
3.0,0.7,2.5,4.5,0.4,7200,0.4,92,68.5,-4.81,0.4,0.86,-0.052,10.08
3.0,0.7,2.5,4.5,0.6,7200,0.4,92,68.5,-4.81,0.4,0.86,-0.052,10.08
3.0,0.7,2.5,4.5,0.8,7200,0.4,92,68.5,-4.81,0.4,0.86,-0.052,10.08
3.0,1.0,1.5,3.0,0.4,2400,0.4,116,58.6,-6.27,0.59,0.83,-0.054,10.73
3.0,1.0,1.5,3.0,0.6,2400,0.4,116,58.6,-6.27,0.59,0.83,-0.054,10.73
3.0,1.0,1.5,3.0,0.8,2400,0.4,116,58.6,-6.27,0.59,0.83,-0.054,10.73
3.0,1.0,1.5,4.5,0.4,2400,0.4,116,58.6,-6.27,0.59,0.83,-0.054,10.73
3.0,1.0,1.5,4.5,0.6,2400,0.4,116,58.6,-6.27,0.59,0.83,-0.054,10.73
3.0,1.0,1.5,4.5,0.8,2400,0.4,116,58.6,-6.27,0.59,0.83,-0.054,10.73
5.0,1.0,2.5,3.0,0.4,2400,0.2,45,71.1,-2.55,0.37,0.9,-0.057,17.8
5.0,1.0,2.5,3.0,0.6,2400,0.2,45,71.1,-2.55,0.37,0.9,-0.057,17.8
5.0,1.0,2.5,3.0,0.8,2400,0.2,45,71.1,-2.55,0.37,0.9,-0.057,17.8
5.0,1.0,2.5,4.5,0.4,2400,0.2,45,71.1,-2.55,0.37,0.9,-0.057,17.8
5.0,1.0,2.5,4.5,0.6,2400,0.2,45,71.1,-2.55,0.37,0.9,-0.057,17.8
5.0,1.0,2.5,4.5,0.8,2400,0.2,45,71.1,-2.55,0.37,0.9,-0.057,17.8
3.0,1.0,1.5,3.0,0.4,3600,0.4,93,72.0,-5.44,0.33,0.86,-0.058,12.8
3.0,1.0,1.5,3.0,0.6,3600,0.4,93,72.0,-5.44,0.33,0.86,-0.058,12.8
3.0,1.0,1.5,3.0,0.8,3600,0.4,93,72.0,-5.44,0.33,0.86,-0.058,12.8
3.0,1.0,1.5,4.5,0.4,3600,0.4,93,72.0,-5.44,0.33,0.86,-0.058,12.8
3.0,1.0,1.5,4.5,0.6,3600,0.4,93,72.0,-5.44,0.33,0.86,-0.058,12.8
3.0,1.0,1.5,4.5,0.8,3600,0.4,93,72.0,-5.44,0.33,0.86,-0.058,12.8
4.0,1.5,2.5,3.0,0.4,3600,0.2,38,81.6,-2.21,0.21,0.92,-0.058,15.86
4.0,1.5,2.5,4.5,0.4,3600,0.2,38,81.6,-2.21,0.21,0.92,-0.058,15.86
3.0,1.5,2.5,3.0,0.4,14400,0.4,60,73.3,-3.56,0.33,0.91,-0.059,17.05
3.0,1.5,2.5,4.5,0.4,14400,0.4,60,73.3,-3.56,0.33,0.91,-0.059,17.05
3.0,1.5,2.5,3.0,0.4,3600,0.4,90,72.2,-5.4,0.33,0.86,-0.06,13.18
3.0,1.5,2.5,4.5,0.4,3600,0.4,90,72.2,-5.4,0.33,0.86,-0.06,13.18
3.0,0.7,1.5,3.0,0.4,7200,0.2,66,77.3,-4.06,0.26,0.89,-0.062,13.55
3.0,0.7,1.5,3.0,0.6,7200,0.2,66,77.3,-4.06,0.26,0.89,-0.062,13.55
3.0,0.7,1.5,3.0,0.8,7200,0.2,66,77.3,-4.06,0.26,0.89,-0.062,13.55
3.0,0.7,1.5,4.5,0.4,7200,0.2,66,77.3,-4.06,0.26,0.89,-0.062,13.55
3.0,0.7,1.5,4.5,0.6,7200,0.2,66,77.3,-4.06,0.26,0.89,-0.062,13.55
3.0,0.7,1.5,4.5,0.8,7200,0.2,66,77.3,-4.06,0.26,0.89,-0.062,13.55
3.0,0.7,2.5,3.0,0.4,7200,0.2,66,77.3,-4.06,0.26,0.89,-0.062,13.55
3.0,0.7,2.5,3.0,0.6,7200,0.2,66,77.3,-4.06,0.26,0.89,-0.062,13.55
3.0,0.7,2.5,3.0,0.8,7200,0.2,66,77.3,-4.06,0.26,0.89,-0.062,13.55
3.0,0.7,2.5,4.5,0.4,7200,0.2,66,77.3,-4.06,0.26,0.89,-0.062,13.55
3.0,0.7,2.5,4.5,0.6,7200,0.2,66,77.3,-4.06,0.26,0.89,-0.062,13.55
3.0,0.7,2.5,4.5,0.8,7200,0.2,66,77.3,-4.06,0.26,0.89,-0.062,13.55
3.0,1.0,1.5,3.0,0.4,7200,0.4,69,65.2,-4.26,0.47,0.88,-0.062,14.98
3.0,1.0,1.5,3.0,0.6,7200,0.4,69,65.2,-4.26,0.47,0.88,-0.062,14.98
3.0,1.0,1.5,3.0,0.8,7200,0.4,69,65.2,-4.26,0.47,0.88,-0.062,14.98
3.0,1.0,1.5,4.5,0.4,7200,0.4,69,65.2,-4.26,0.47,0.88,-0.062,14.98
3.0,1.0,1.5,4.5,0.6,7200,0.4,69,65.2,-4.26,0.47,0.88,-0.062,14.98
3.0,1.0,1.5,4.5,0.8,7200,0.4,69,65.2,-4.26,0.47,0.88,-0.062,14.98
3.0,1.0,2.5,3.0,0.4,2400,0.4,116,58.6,-7.17,0.57,0.81,-0.062,11.63
3.0,1.0,2.5,3.0,0.6,2400,0.4,116,58.6,-7.17,0.57,0.81,-0.062,11.63
3.0,1.0,2.5,3.0,0.8,2400,0.4,116,58.6,-7.17,0.57,0.81,-0.062,11.63
3.0,1.0,2.5,4.5,0.4,2400,0.4,116,58.6,-7.17,0.57,0.81,-0.062,11.63
3.0,1.0,2.5,4.5,0.6,2400,0.4,116,58.6,-7.17,0.57,0.81,-0.062,11.63
3.0,1.0,2.5,4.5,0.8,2400,0.4,116,58.6,-7.17,0.57,0.81,-0.062,11.63
3.0,1.5,2.5,3.0,0.6,2400,0.4,108,60.2,-6.71,0.54,0.82,-0.062,10.65
3.0,1.5,2.5,4.5,0.6,2400,0.4,108,60.2,-6.71,0.54,0.82,-0.062,10.65
3.0,0.7,1.5,3.0,0.4,3600,0.2,71,80.3,-4.55,0.21,0.87,-0.064,14.19
3.0,0.7,1.5,3.0,0.6,3600,0.2,71,80.3,-4.55,0.21,0.87,-0.064,14.19
3.0,0.7,1.5,3.0,0.8,3600,0.2,71,80.3,-4.55,0.21,0.87,-0.064,14.19
3.0,0.7,1.5,4.5,0.4,3600,0.2,71,80.3,-4.55,0.21,0.87,-0.064,14.19
3.0,0.7,1.5,4.5,0.6,3600,0.2,71,80.3,-4.55,0.21,0.87,-0.064,14.19
3.0,0.7,1.5,4.5,0.8,3600,0.2,71,80.3,-4.55,0.21,0.87,-0.064,14.19
3.0,0.7,2.5,3.0,0.4,3600,0.2,71,80.3,-4.55,0.21,0.87,-0.064,14.19
3.0,0.7,2.5,3.0,0.6,3600,0.2,71,80.3,-4.55,0.21,0.87,-0.064,14.19
3.0,0.7,2.5,3.0,0.8,3600,0.2,71,80.3,-4.55,0.21,0.87,-0.064,14.19
3.0,0.7,2.5,4.5,0.4,3600,0.2,71,80.3,-4.55,0.21,0.87,-0.064,14.19
3.0,0.7,2.5,4.5,0.6,3600,0.2,71,80.3,-4.55,0.21,0.87,-0.064,14.19
3.0,0.7,2.5,4.5,0.8,3600,0.2,71,80.3,-4.55,0.21,0.87,-0.064,14.19
3.0,1.0,2.5,3.0,0.4,3600,0.4,93,72.0,-6.34,0.32,0.83,-0.068,13.7
3.0,1.0,2.5,3.0,0.4,7200,0.4,69,65.2,-4.71,0.46,0.87,-0.068,15.43
3.0,1.0,2.5,3.0,0.6,3600,0.4,93,72.0,-6.34,0.32,0.83,-0.068,13.7
3.0,1.0,2.5,3.0,0.6,7200,0.4,69,65.2,-4.71,0.46,0.87,-0.068,15.43
3.0,1.0,2.5,3.0,0.8,3600,0.4,93,72.0,-6.34,0.32,0.83,-0.068,13.7
3.0,1.0,2.5,3.0,0.8,7200,0.4,69,65.2,-4.71,0.46,0.87,-0.068,15.43
3.0,1.0,2.5,4.5,0.4,3600,0.4,93,72.0,-6.34,0.32,0.83,-0.068,13.7
3.0,1.0,2.5,4.5,0.4,7200,0.4,69,65.2,-4.71,0.46,0.87,-0.068,15.43
3.0,1.0,2.5,4.5,0.6,3600,0.4,93,72.0,-6.34,0.32,0.83,-0.068,13.7
3.0,1.0,2.5,4.5,0.6,7200,0.4,69,65.2,-4.71,0.46,0.87,-0.068,15.43
3.0,1.0,2.5,4.5,0.8,3600,0.4,93,72.0,-6.34,0.32,0.83,-0.068,13.7
3.0,1.0,2.5,4.5,0.8,7200,0.4,69,65.2,-4.71,0.46,0.87,-0.068,15.43
3.0,1.5,2.5,3.0,0.8,2400,0.4,104,61.5,-7.23,0.5,0.8,-0.07,11.78
3.0,1.5,2.5,4.5,0.8,2400,0.4,104,61.5,-7.23,0.5,0.8,-0.07,11.78
2.0,0.7,1.5,3.0,0.4,7200,0.4,114,65.8,-8.07,0.42,0.82,-0.071,17.91
2.0,0.7,1.5,3.0,0.6,7200,0.4,114,65.8,-8.07,0.42,0.82,-0.071,17.91
2.0,0.7,1.5,3.0,0.8,7200,0.4,114,65.8,-8.07,0.42,0.82,-0.071,17.91
2.0,0.7,1.5,4.5,0.4,7200,0.4,114,65.8,-8.07,0.42,0.82,-0.071,17.91
2.0,0.7,1.5,4.5,0.6,7200,0.4,114,65.8,-8.07,0.42,0.82,-0.071,17.91
2.0,0.7,1.5,4.5,0.8,7200,0.4,114,65.8,-8.07,0.42,0.82,-0.071,17.91
2.0,0.7,2.5,3.0,0.4,7200,0.4,114,65.8,-8.07,0.42,0.82,-0.071,17.91
2.0,0.7,2.5,3.0,0.6,7200,0.4,114,65.8,-8.07,0.42,0.82,-0.071,17.91
2.0,0.7,2.5,3.0,0.8,7200,0.4,114,65.8,-8.07,0.42,0.82,-0.071,17.91
2.0,0.7,2.5,4.5,0.4,7200,0.4,114,65.8,-8.07,0.42,0.82,-0.071,17.91
2.0,0.7,2.5,4.5,0.6,7200,0.4,114,65.8,-8.07,0.42,0.82,-0.071,17.91
2.0,0.7,2.5,4.5,0.8,7200,0.4,114,65.8,-8.07,0.42,0.82,-0.071,17.91
2.0,1.5,2.5,3.0,0.8,14400,0.8,127,59.8,-9.04,0.54,0.8,-0.071,17.49
2.0,1.5,2.5,4.5,0.8,14400,0.8,127,59.8,-9.04,0.54,0.8,-0.071,17.49
2.0,0.7,1.5,3.0,0.4,2400,0.2,106,66.0,-7.64,0.43,0.83,-0.072,18.96
2.0,0.7,1.5,3.0,0.4,3600,0.2,89,71.9,-6.38,0.33,0.86,-0.072,19.64
2.0,0.7,1.5,3.0,0.6,2400,0.2,106,66.0,-7.64,0.43,0.83,-0.072,18.96
2.0,0.7,1.5,3.0,0.6,3600,0.2,89,71.9,-6.38,0.33,0.86,-0.072,19.64
2.0,0.7,1.5,3.0,0.8,2400,0.2,106,66.0,-7.64,0.43,0.83,-0.072,18.96
2.0,0.7,1.5,3.0,0.8,3600,0.2,89,71.9,-6.38,0.33,0.86,-0.072,19.64
2.0,0.7,1.5,4.5,0.4,2400,0.2,106,66.0,-7.64,0.43,0.83,-0.072,18.96
2.0,0.7,1.5,4.5,0.4,3600,0.2,89,71.9,-6.38,0.33,0.86,-0.072,19.64
2.0,0.7,1.5,4.5,0.6,2400,0.2,106,66.0,-7.64,0.43,0.83,-0.072,18.96
2.0,0.7,1.5,4.5,0.6,3600,0.2,89,71.9,-6.38,0.33,0.86,-0.072,19.64
2.0,0.7,1.5,4.5,0.8,2400,0.2,106,66.0,-7.64,0.43,0.83,-0.072,18.96
2.0,0.7,1.5,4.5,0.8,3600,0.2,89,71.9,-6.38,0.33,0.86,-0.072,19.64
2.0,0.7,2.5,3.0,0.4,2400,0.2,106,66.0,-8.36,0.42,0.81,-0.079,19.68
2.0,0.7,2.5,3.0,0.6,2400,0.2,106,66.0,-8.36,0.42,0.81,-0.079,19.68
2.0,0.7,2.5,3.0,0.8,2400,0.2,106,66.0,-8.36,0.42,0.81,-0.079,19.68
2.0,0.7,2.5,4.5,0.4,2400,0.2,106,66.0,-8.36,0.42,0.81,-0.079,19.68
2.0,0.7,2.5,4.5,0.6,2400,0.2,106,66.0,-8.36,0.42,0.81,-0.079,19.68
2.0,0.7,2.5,4.5,0.8,2400,0.2,106,66.0,-8.36,0.42,0.81,-0.079,19.68
2.0,0.7,2.5,3.0,0.4,3600,0.2,89,71.9,-7.1,0.33,0.84,-0.08,20.36
2.0,0.7,2.5,3.0,0.6,3600,0.2,89,71.9,-7.1,0.33,0.84,-0.08,20.36
2.0,0.7,2.5,3.0,0.8,3600,0.2,89,71.9,-7.1,0.33,0.84,-0.08,20.36
2.0,0.7,2.5,4.5,0.4,3600,0.2,89,71.9,-7.1,0.33,0.84,-0.08,20.36
2.0,0.7,2.5,4.5,0.6,3600,0.2,89,71.9,-7.1,0.33,0.84,-0.08,20.36
2.0,0.7,2.5,4.5,0.8,3600,0.2,89,71.9,-7.1,0.33,0.84,-0.08,20.36
2.0,1.0,1.5,3.0,0.4,7200,0.4,91,61.5,-7.64,0.52,0.83,-0.084,19.99
2.0,1.0,1.5,3.0,0.6,7200,0.4,91,61.5,-7.64,0.52,0.83,-0.084,19.99
2.0,1.0,1.5,3.0,0.8,7200,0.4,91,61.5,-7.64,0.52,0.83,-0.084,19.99
2.0,1.0,1.5,4.5,0.4,7200,0.4,91,61.5,-7.64,0.52,0.83,-0.084,19.99
2.0,1.0,1.5,4.5,0.6,7200,0.4,91,61.5,-7.64,0.52,0.83,-0.084,19.99
2.0,1.0,1.5,4.5,0.8,7200,0.4,91,61.5,-7.64,0.52,0.83,-0.084,19.99
3.0,0.7,1.5,3.0,0.4,14400,0.2,67,79.1,-6.14,0.22,0.84,-0.092,13.81
3.0,0.7,1.5,3.0,0.6,14400,0.2,67,79.1,-6.14,0.22,0.84,-0.092,13.81
3.0,0.7,1.5,3.0,0.8,14400,0.2,67,79.1,-6.14,0.22,0.84,-0.092,13.81
3.0,0.7,1.5,4.5,0.4,14400,0.2,67,79.1,-6.14,0.22,0.84,-0.092,13.81
3.0,0.7,1.5,4.5,0.6,14400,0.2,67,79.1,-6.14,0.22,0.84,-0.092,13.81
3.0,0.7,1.5,4.5,0.8,14400,0.2,67,79.1,-6.14,0.22,0.84,-0.092,13.81
3.0,0.7,2.5,3.0,0.4,14400,0.2,67,79.1,-6.14,0.22,0.84,-0.092,13.81
3.0,0.7,2.5,3.0,0.6,14400,0.2,67,79.1,-6.14,0.22,0.84,-0.092,13.81
3.0,0.7,2.5,3.0,0.8,14400,0.2,67,79.1,-6.14,0.22,0.84,-0.092,13.81
3.0,0.7,2.5,4.5,0.4,14400,0.2,67,79.1,-6.14,0.22,0.84,-0.092,13.81
3.0,0.7,2.5,4.5,0.6,14400,0.2,67,79.1,-6.14,0.22,0.84,-0.092,13.81
3.0,0.7,2.5,4.5,0.8,14400,0.2,67,79.1,-6.14,0.22,0.84,-0.092,13.81
4.0,1.5,2.5,3.0,0.8,7200,0.2,33,81.8,-3.05,0.19,0.87,-0.092,12.86
4.0,1.5,2.5,4.5,0.8,7200,0.2,33,81.8,-3.05,0.19,0.87,-0.092,12.86
5.0,1.5,2.5,3.0,0.8,3600,0.4,58,75.9,-5.42,0.25,0.79,-0.093,20.43
5.0,1.5,2.5,4.5,0.8,3600,0.4,58,75.9,-5.42,0.25,0.79,-0.093,20.43
2.0,1.0,2.5,3.0,0.4,7200,0.4,91,61.5,-8.54,0.51,0.81,-0.094,20.89
2.0,1.0,2.5,3.0,0.6,7200,0.4,91,61.5,-8.54,0.51,0.81,-0.094,20.89
2.0,1.0,2.5,3.0,0.8,7200,0.4,91,61.5,-8.54,0.51,0.81,-0.094,20.89
2.0,1.0,2.5,4.5,0.4,7200,0.4,91,61.5,-8.54,0.51,0.81,-0.094,20.89
2.0,1.0,2.5,4.5,0.6,7200,0.4,91,61.5,-8.54,0.51,0.81,-0.094,20.89
2.0,1.0,2.5,4.5,0.8,7200,0.4,91,61.5,-8.54,0.51,0.81,-0.094,20.89
3.0,1.0,1.5,3.0,0.4,7200,0.2,49,71.4,-4.66,0.35,0.87,-0.095,16.8
3.0,1.0,1.5,3.0,0.4,14400,0.4,62,72.6,-5.9,0.32,0.85,-0.095,17.13
3.0,1.0,1.5,3.0,0.6,7200,0.2,49,71.4,-4.66,0.35,0.87,-0.095,16.8
3.0,1.0,1.5,3.0,0.6,14400,0.4,62,72.6,-5.9,0.32,0.85,-0.095,17.13
3.0,1.0,1.5,3.0,0.8,7200,0.2,49,71.4,-4.66,0.35,0.87,-0.095,16.8
3.0,1.0,1.5,3.0,0.8,14400,0.4,62,72.6,-5.9,0.32,0.85,-0.095,17.13
3.0,1.0,1.5,4.5,0.4,7200,0.2,49,71.4,-4.66,0.35,0.87,-0.095,16.8
3.0,1.0,1.5,4.5,0.4,14400,0.4,62,72.6,-5.9,0.32,0.85,-0.095,17.13
3.0,1.0,1.5,4.5,0.6,7200,0.2,49,71.4,-4.66,0.35,0.87,-0.095,16.8
3.0,1.0,1.5,4.5,0.6,14400,0.4,62,72.6,-5.9,0.32,0.85,-0.095,17.13
3.0,1.0,1.5,4.5,0.8,7200,0.2,49,71.4,-4.66,0.35,0.87,-0.095,16.8
3.0,1.0,1.5,4.5,0.8,14400,0.4,62,72.6,-5.9,0.32,0.85,-0.095,17.13
3.0,1.0,2.5,3.0,0.4,7200,0.2,49,71.4,-4.66,0.35,0.87,-0.095,16.8
3.0,1.0,2.5,3.0,0.4,14400,0.4,62,72.6,-5.9,0.32,0.85,-0.095,17.13
3.0,1.0,2.5,3.0,0.6,7200,0.2,49,71.4,-4.66,0.35,0.87,-0.095,16.8
3.0,1.0,2.5,3.0,0.6,14400,0.4,62,72.6,-5.9,0.32,0.85,-0.095,17.13
3.0,1.0,2.5,3.0,0.8,7200,0.2,49,71.4,-4.66,0.35,0.87,-0.095,16.8
3.0,1.0,2.5,3.0,0.8,14400,0.4,62,72.6,-5.9,0.32,0.85,-0.095,17.13
3.0,1.0,2.5,4.5,0.4,7200,0.2,49,71.4,-4.66,0.35,0.87,-0.095,16.8
3.0,1.0,2.5,4.5,0.4,14400,0.4,62,72.6,-5.9,0.32,0.85,-0.095,17.13
3.0,1.0,2.5,4.5,0.6,7200,0.2,49,71.4,-4.66,0.35,0.87,-0.095,16.8
3.0,1.0,2.5,4.5,0.6,14400,0.4,62,72.6,-5.9,0.32,0.85,-0.095,17.13
3.0,1.0,2.5,4.5,0.8,7200,0.2,49,71.4,-4.66,0.35,0.87,-0.095,16.8
3.0,1.0,2.5,4.5,0.8,14400,0.4,62,72.6,-5.9,0.32,0.85,-0.095,17.13
3.0,0.7,1.5,3.0,0.4,,0.4,65,80.0,-6.24,0.21,0.84,-0.096,13.95
3.0,0.7,1.5,3.0,0.6,,0.4,65,80.0,-6.24,0.21,0.84,-0.096,13.95
3.0,0.7,1.5,3.0,0.8,,0.4,65,80.0,-6.24,0.21,0.84,-0.096,13.95
3.0,0.7,1.5,4.5,0.4,,0.4,65,80.0,-6.24,0.21,0.84,-0.096,13.95
3.0,0.7,1.5,4.5,0.6,,0.4,65,80.0,-6.24,0.21,0.84,-0.096,13.95
3.0,0.7,1.5,4.5,0.8,,0.4,65,80.0,-6.24,0.21,0.84,-0.096,13.95
3.0,0.7,2.5,3.0,0.4,,0.4,65,80.0,-6.24,0.21,0.84,-0.096,13.95
3.0,0.7,2.5,3.0,0.6,,0.4,65,80.0,-6.24,0.21,0.84,-0.096,13.95
3.0,0.7,2.5,3.0,0.8,,0.4,65,80.0,-6.24,0.21,0.84,-0.096,13.95
3.0,0.7,2.5,4.5,0.4,,0.4,65,80.0,-6.24,0.21,0.84,-0.096,13.95
3.0,0.7,2.5,4.5,0.6,,0.4,65,80.0,-6.24,0.21,0.84,-0.096,13.95
3.0,0.7,2.5,4.5,0.8,,0.4,65,80.0,-6.24,0.21,0.84,-0.096,13.95
3.0,1.0,1.5,3.0,0.4,,0.4,47,74.5,-4.5,0.3,0.87,-0.096,16.8
3.0,1.0,1.5,3.0,0.6,,0.4,47,74.5,-4.5,0.3,0.87,-0.096,16.8
3.0,1.0,1.5,3.0,0.8,,0.4,47,74.5,-4.5,0.3,0.87,-0.096,16.8
3.0,1.0,1.5,4.5,0.4,,0.4,47,74.5,-4.5,0.3,0.87,-0.096,16.8
3.0,1.0,1.5,4.5,0.6,,0.4,47,74.5,-4.5,0.3,0.87,-0.096,16.8
3.0,1.0,1.5,4.5,0.8,,0.4,47,74.5,-4.5,0.3,0.87,-0.096,16.8
3.0,1.0,2.5,3.0,0.4,,0.4,47,74.5,-4.5,0.3,0.87,-0.096,16.8
3.0,1.0,2.5,3.0,0.6,,0.4,47,74.5,-4.5,0.3,0.87,-0.096,16.8
3.0,1.0,2.5,3.0,0.8,,0.4,47,74.5,-4.5,0.3,0.87,-0.096,16.8
3.0,1.0,2.5,4.5,0.4,,0.4,47,74.5,-4.5,0.3,0.87,-0.096,16.8
3.0,1.0,2.5,4.5,0.6,,0.4,47,74.5,-4.5,0.3,0.87,-0.096,16.8
3.0,1.0,2.5,4.5,0.8,,0.4,47,74.5,-4.5,0.3,0.87,-0.096,16.8
3.0,1.5,2.5,3.0,0.4,7200,0.4,71,64.8,-6.91,0.45,0.83,-0.097,15.6
3.0,1.5,2.5,4.5,0.4,7200,0.4,71,64.8,-6.91,0.45,0.83,-0.097,15.6
5.0,1.5,2.5,3.0,0.4,1200,0.2,54,70.4,-5.22,0.34,0.8,-0.097,20.95
5.0,1.5,2.5,3.0,0.6,7200,0.4,43,74.4,-4.16,0.29,0.84,-0.097,20.22
5.0,1.5,2.5,4.5,0.4,1200,0.2,54,70.4,-5.22,0.34,0.8,-0.097,20.95
5.0,1.5,2.5,4.5,0.6,7200,0.4,43,74.4,-4.16,0.29,0.84,-0.097,20.22
2.0,1.5,2.5,3.0,0.8,2400,0.2,75,58.7,-7.46,0.58,0.83,-0.099,16.02
2.0,1.5,2.5,4.5,0.8,2400,0.2,75,58.7,-7.46,0.58,0.83,-0.099,16.02
5.0,1.0,1.5,3.0,0.4,2400,0.4,91,61.5,-9.0,0.46,0.73,-0.099,19.38
5.0,1.0,1.5,3.0,0.6,2400,0.4,91,61.5,-9.0,0.46,0.73,-0.099,19.38
5.0,1.0,1.5,3.0,0.8,2400,0.4,91,61.5,-9.0,0.46,0.73,-0.099,19.38
5.0,1.0,1.5,4.5,0.4,2400,0.4,91,61.5,-9.0,0.46,0.73,-0.099,19.38
5.0,1.0,1.5,4.5,0.6,2400,0.4,91,61.5,-9.0,0.46,0.73,-0.099,19.38
5.0,1.0,1.5,4.5,0.8,2400,0.4,91,61.5,-9.0,0.46,0.73,-0.099,19.38
5.0,1.0,2.5,3.0,0.4,2400,0.4,91,61.5,-9.0,0.46,0.73,-0.099,19.38
5.0,1.0,2.5,3.0,0.6,2400,0.4,91,61.5,-9.0,0.46,0.73,-0.099,19.38
5.0,1.0,2.5,3.0,0.8,2400,0.4,91,61.5,-9.0,0.46,0.73,-0.099,19.38
5.0,1.0,2.5,4.5,0.4,2400,0.4,91,61.5,-9.0,0.46,0.73,-0.099,19.38
5.0,1.0,2.5,4.5,0.6,2400,0.4,91,61.5,-9.0,0.46,0.73,-0.099,19.38
5.0,1.0,2.5,4.5,0.8,2400,0.4,91,61.5,-9.0,0.46,0.73,-0.099,19.38
4.0,1.5,2.5,3.0,0.8,14400,0.2,32,81.2,-3.22,0.2,0.87,-0.101,12.86
4.0,1.5,2.5,3.0,0.8,,0.4,32,81.2,-3.22,0.2,0.87,-0.101,12.86
4.0,1.5,2.5,4.5,0.8,14400,0.2,32,81.2,-3.22,0.2,0.87,-0.101,12.86
4.0,1.5,2.5,4.5,0.8,,0.4,32,81.2,-3.22,0.2,0.87,-0.101,12.86
5.0,1.0,1.5,3.0,0.4,1200,0.2,55,70.9,-5.81,0.32,0.77,-0.106,20.59
5.0,1.0,1.5,3.0,0.6,1200,0.2,55,70.9,-5.81,0.32,0.77,-0.106,20.59
5.0,1.0,1.5,3.0,0.8,1200,0.2,55,70.9,-5.81,0.32,0.77,-0.106,20.59
5.0,1.0,1.5,4.5,0.4,1200,0.2,55,70.9,-5.81,0.32,0.77,-0.106,20.59
5.0,1.0,1.5,4.5,0.6,1200,0.2,55,70.9,-5.81,0.32,0.77,-0.106,20.59
5.0,1.0,1.5,4.5,0.8,1200,0.2,55,70.9,-5.81,0.32,0.77,-0.106,20.59
2.0,1.0,1.5,3.0,0.4,14400,0.8,125,60.0,-13.56,0.49,0.73,-0.108,17.2
2.0,1.0,1.5,3.0,0.6,14400,0.8,125,60.0,-13.56,0.49,0.73,-0.108,17.2
2.0,1.0,1.5,3.0,0.8,14400,0.8,125,60.0,-13.56,0.49,0.73,-0.108,17.2
2.0,1.0,1.5,4.5,0.4,14400,0.8,125,60.0,-13.56,0.49,0.73,-0.108,17.2
2.0,1.0,1.5,4.5,0.6,14400,0.8,125,60.0,-13.56,0.49,0.73,-0.108,17.2
2.0,1.0,1.5,4.5,0.8,14400,0.8,125,60.0,-13.56,0.49,0.73,-0.108,17.2
2.0,1.0,2.5,3.0,0.4,14400,0.8,125,60.0,-13.56,0.49,0.73,-0.108,17.2
2.0,1.0,2.5,3.0,0.6,14400,0.8,125,60.0,-13.56,0.49,0.73,-0.108,17.2
2.0,1.0,2.5,3.0,0.8,14400,0.8,125,60.0,-13.56,0.49,0.73,-0.108,17.2
2.0,1.0,2.5,4.5,0.4,14400,0.8,125,60.0,-13.56,0.49,0.73,-0.108,17.2
2.0,1.0,2.5,4.5,0.6,14400,0.8,125,60.0,-13.56,0.49,0.73,-0.108,17.2
2.0,1.0,2.5,4.5,0.8,14400,0.8,125,60.0,-13.56,0.49,0.73,-0.108,17.2
3.0,1.0,1.5,3.0,0.4,14400,0.2,51,74.5,-5.56,0.29,0.86,-0.109,16.8
3.0,1.0,1.5,3.0,0.6,14400,0.2,51,74.5,-5.56,0.29,0.86,-0.109,16.8
3.0,1.0,1.5,3.0,0.8,14400,0.2,51,74.5,-5.56,0.29,0.86,-0.109,16.8
3.0,1.0,1.5,4.5,0.4,14400,0.2,51,74.5,-5.56,0.29,0.86,-0.109,16.8
3.0,1.0,1.5,4.5,0.6,14400,0.2,51,74.5,-5.56,0.29,0.86,-0.109,16.8
3.0,1.0,1.5,4.5,0.8,14400,0.2,51,74.5,-5.56,0.29,0.86,-0.109,16.8
3.0,1.0,2.5,3.0,0.4,14400,0.2,51,74.5,-5.56,0.29,0.86,-0.109,16.8
3.0,1.0,2.5,3.0,0.6,14400,0.2,51,74.5,-5.56,0.29,0.86,-0.109,16.8
3.0,1.0,2.5,3.0,0.8,14400,0.2,51,74.5,-5.56,0.29,0.86,-0.109,16.8
3.0,1.0,2.5,4.5,0.4,14400,0.2,51,74.5,-5.56,0.29,0.86,-0.109,16.8
3.0,1.0,2.5,4.5,0.6,14400,0.2,51,74.5,-5.56,0.29,0.86,-0.109,16.8
3.0,1.0,2.5,4.5,0.8,14400,0.2,51,74.5,-5.56,0.29,0.86,-0.109,16.8
2.0,1.5,2.5,3.0,0.6,7200,0.4,90,61.1,-10.11,0.49,0.78,-0.112,17.52
2.0,1.5,2.5,4.5,0.6,7200,0.4,90,61.1,-10.11,0.49,0.78,-0.112,17.52
2.0,0.7,1.5,3.0,0.4,,0.4,85,71.8,-9.57,0.32,0.8,-0.113,23.73
2.0,0.7,1.5,3.0,0.6,,0.4,85,71.8,-9.57,0.32,0.8,-0.113,23.73
2.0,0.7,1.5,3.0,0.8,,0.4,85,71.8,-9.57,0.32,0.8,-0.113,23.73
2.0,0.7,1.5,4.5,0.4,,0.4,85,71.8,-9.57,0.32,0.8,-0.113,23.73
2.0,0.7,1.5,4.5,0.6,,0.4,85,71.8,-9.57,0.32,0.8,-0.113,23.73
2.0,0.7,1.5,4.5,0.8,,0.4,85,71.8,-9.57,0.32,0.8,-0.113,23.73
2.0,0.7,2.5,3.0,0.4,,0.4,85,71.8,-9.57,0.32,0.8,-0.113,23.73
2.0,0.7,2.5,3.0,0.6,,0.4,85,71.8,-9.57,0.32,0.8,-0.113,23.73
2.0,0.7,2.5,3.0,0.8,,0.4,85,71.8,-9.57,0.32,0.8,-0.113,23.73
2.0,0.7,2.5,4.5,0.4,,0.4,85,71.8,-9.57,0.32,0.8,-0.113,23.73
2.0,0.7,2.5,4.5,0.6,,0.4,85,71.8,-9.57,0.32,0.8,-0.113,23.73
2.0,0.7,2.5,4.5,0.8,,0.4,85,71.8,-9.57,0.32,0.8,-0.113,23.73
3.0,0.7,1.5,3.0,0.4,14400,0.4,75,77.3,-8.5,0.23,0.79,-0.113,15.15
3.0,0.7,1.5,3.0,0.6,14400,0.4,75,77.3,-8.5,0.23,0.79,-0.113,15.15
3.0,0.7,1.5,3.0,0.8,14400,0.4,75,77.3,-8.5,0.23,0.79,-0.113,15.15
3.0,0.7,1.5,4.5,0.4,14400,0.4,75,77.3,-8.5,0.23,0.79,-0.113,15.15
3.0,0.7,1.5,4.5,0.6,14400,0.4,75,77.3,-8.5,0.23,0.79,-0.113,15.15
3.0,0.7,1.5,4.5,0.8,14400,0.4,75,77.3,-8.5,0.23,0.79,-0.113,15.15
3.0,0.7,2.5,3.0,0.4,14400,0.4,75,77.3,-8.5,0.23,0.79,-0.113,15.15
3.0,0.7,2.5,3.0,0.6,14400,0.4,75,77.3,-8.5,0.23,0.79,-0.113,15.15
3.0,0.7,2.5,3.0,0.8,14400,0.4,75,77.3,-8.5,0.23,0.79,-0.113,15.15
3.0,0.7,2.5,4.5,0.4,14400,0.4,75,77.3,-8.5,0.23,0.79,-0.113,15.15
3.0,0.7,2.5,4.5,0.6,14400,0.4,75,77.3,-8.5,0.23,0.79,-0.113,15.15
3.0,0.7,2.5,4.5,0.8,14400,0.4,75,77.3,-8.5,0.23,0.79,-0.113,15.15
5.0,1.0,2.5,3.0,0.4,1200,0.2,55,70.9,-6.26,0.31,0.76,-0.114,20.59
5.0,1.0,2.5,3.0,0.6,1200,0.2,55,70.9,-6.26,0.31,0.76,-0.114,20.59
5.0,1.0,2.5,3.0,0.8,1200,0.2,55,70.9,-6.26,0.31,0.76,-0.114,20.59
5.0,1.0,2.5,4.5,0.4,1200,0.2,55,70.9,-6.26,0.31,0.76,-0.114,20.59
5.0,1.0,2.5,4.5,0.6,1200,0.2,55,70.9,-6.26,0.31,0.76,-0.114,20.59
5.0,1.0,2.5,4.5,0.8,1200,0.2,55,70.9,-6.26,0.31,0.76,-0.114,20.59
2.0,1.5,2.5,3.0,0.4,2400,0.2,76,60.5,-8.93,0.52,0.8,-0.118,20.87
2.0,1.5,2.5,4.5,0.4,2400,0.2,76,60.5,-8.93,0.52,0.8,-0.118,20.87
2.0,0.7,1.5,3.0,0.4,7200,0.2,83,71.1,-9.85,0.32,0.79,-0.119,22.16
2.0,0.7,1.5,3.0,0.6,7200,0.2,83,71.1,-9.85,0.32,0.79,-0.119,22.16
2.0,0.7,1.5,3.0,0.8,7200,0.2,83,71.1,-9.85,0.32,0.79,-0.119,22.16
2.0,0.7,1.5,4.5,0.4,7200,0.2,83,71.1,-9.85,0.32,0.79,-0.119,22.16
2.0,0.7,1.5,4.5,0.6,7200,0.2,83,71.1,-9.85,0.32,0.79,-0.119,22.16
2.0,0.7,1.5,4.5,0.8,7200,0.2,83,71.1,-9.85,0.32,0.79,-0.119,22.16
2.0,1.5,2.5,3.0,0.6,2400,0.2,74,59.5,-8.87,0.54,0.79,-0.12,18.16
2.0,1.5,2.5,4.5,0.6,2400,0.2,74,59.5,-8.87,0.54,0.79,-0.12,18.16
2.0,1.0,1.5,3.0,0.4,3600,0.2,69,65.2,-8.38,0.44,0.82,-0.121,20.52
2.0,1.0,1.5,3.0,0.6,3600,0.2,69,65.2,-8.38,0.44,0.82,-0.121,20.52
2.0,1.0,1.5,3.0,0.8,3600,0.2,69,65.2,-8.38,0.44,0.82,-0.121,20.52
2.0,1.0,1.5,4.5,0.4,3600,0.2,69,65.2,-8.38,0.44,0.82,-0.121,20.52
2.0,1.0,1.5,4.5,0.6,3600,0.2,69,65.2,-8.38,0.44,0.82,-0.121,20.52
2.0,1.0,1.5,4.5,0.8,3600,0.2,69,65.2,-8.38,0.44,0.82,-0.121,20.52
5.0,1.5,2.5,3.0,0.4,2400,0.4,88,60.2,-10.88,0.45,0.68,-0.124,19.88
5.0,1.5,2.5,4.5,0.4,2400,0.4,88,60.2,-10.88,0.45,0.68,-0.124,19.88
2.0,1.0,1.5,3.0,0.4,2400,0.2,80,60.0,-10.05,0.52,0.78,-0.126,21.02
2.0,1.0,1.5,3.0,0.6,2400,0.2,80,60.0,-10.05,0.52,0.78,-0.126,21.02
2.0,1.0,1.5,3.0,0.8,2400,0.2,80,60.0,-10.05,0.52,0.78,-0.126,21.02
2.0,1.0,1.5,4.5,0.4,2400,0.2,80,60.0,-10.05,0.52,0.78,-0.126,21.02
2.0,1.0,1.5,4.5,0.6,2400,0.2,80,60.0,-10.05,0.52,0.78,-0.126,21.02
2.0,1.0,1.5,4.5,0.8,2400,0.2,80,60.0,-10.05,0.52,0.78,-0.126,21.02
5.0,1.5,2.5,3.0,0.8,2400,0.2,40,70.0,-5.06,0.34,0.8,-0.126,19.65
5.0,1.5,2.5,4.5,0.8,2400,0.2,40,70.0,-5.06,0.34,0.8,-0.126,19.65
2.0,0.7,1.5,3.0,0.4,14400,0.2,85,71.8,-10.77,0.31,0.78,-0.127,23.73
2.0,0.7,1.5,3.0,0.6,14400,0.2,85,71.8,-10.77,0.31,0.78,-0.127,23.73
2.0,0.7,1.5,3.0,0.8,14400,0.2,85,71.8,-10.77,0.31,0.78,-0.127,23.73
2.0,0.7,1.5,4.5,0.4,14400,0.2,85,71.8,-10.77,0.31,0.78,-0.127,23.73
2.0,0.7,1.5,4.5,0.6,14400,0.2,85,71.8,-10.77,0.31,0.78,-0.127,23.73
2.0,0.7,1.5,4.5,0.8,14400,0.2,85,71.8,-10.77,0.31,0.78,-0.127,23.73
2.0,0.7,2.5,3.0,0.4,7200,0.2,83,71.1,-10.57,0.31,0.77,-0.127,22.88
2.0,0.7,2.5,3.0,0.4,14400,0.2,85,71.8,-10.77,0.31,0.78,-0.127,23.73
2.0,0.7,2.5,3.0,0.6,7200,0.2,83,71.1,-10.57,0.31,0.77,-0.127,22.88
2.0,0.7,2.5,3.0,0.6,14400,0.2,85,71.8,-10.77,0.31,0.78,-0.127,23.73
2.0,0.7,2.5,3.0,0.8,7200,0.2,83,71.1,-10.57,0.31,0.77,-0.127,22.88
2.0,0.7,2.5,3.0,0.8,14400,0.2,85,71.8,-10.77,0.31,0.78,-0.127,23.73
2.0,0.7,2.5,4.5,0.4,7200,0.2,83,71.1,-10.57,0.31,0.77,-0.127,22.88
2.0,0.7,2.5,4.5,0.4,14400,0.2,85,71.8,-10.77,0.31,0.78,-0.127,23.73
2.0,0.7,2.5,4.5,0.6,7200,0.2,83,71.1,-10.57,0.31,0.77,-0.127,22.88
2.0,0.7,2.5,4.5,0.6,14400,0.2,85,71.8,-10.77,0.31,0.78,-0.127,23.73
2.0,0.7,2.5,4.5,0.8,7200,0.2,83,71.1,-10.57,0.31,0.77,-0.127,22.88
2.0,0.7,2.5,4.5,0.8,14400,0.2,85,71.8,-10.77,0.31,0.78,-0.127,23.73
3.0,1.5,2.5,3.0,0.4,1200,0.2,74,63.5,-9.39,0.43,0.75,-0.127,13.68
3.0,1.5,2.5,4.5,0.4,1200,0.2,74,63.5,-9.39,0.43,0.75,-0.127,13.68
3.0,1.5,2.5,3.0,0.4,3600,0.2,55,72.7,-7.02,0.31,0.82,-0.128,17.05
3.0,1.5,2.5,4.5,0.4,3600,0.2,55,72.7,-7.02,0.31,0.82,-0.128,17.05
5.0,1.5,2.5,3.0,0.8,7200,0.4,44,75.0,-5.61,0.26,0.78,-0.128,21.02
5.0,1.5,2.5,4.5,0.8,7200,0.4,44,75.0,-5.61,0.26,0.78,-0.128,21.02
2.0,0.7,1.5,3.0,0.4,14400,0.4,93,69.9,-11.96,0.33,0.75,-0.129,24.49
2.0,0.7,1.5,3.0,0.6,14400,0.4,93,69.9,-11.96,0.33,0.75,-0.129,24.49
2.0,0.7,1.5,3.0,0.8,14400,0.4,93,69.9,-11.96,0.33,0.75,-0.129,24.49
2.0,0.7,1.5,4.5,0.4,14400,0.4,93,69.9,-11.96,0.33,0.75,-0.129,24.49
2.0,0.7,1.5,4.5,0.6,14400,0.4,93,69.9,-11.96,0.33,0.75,-0.129,24.49
2.0,0.7,1.5,4.5,0.8,14400,0.4,93,69.9,-11.96,0.33,0.75,-0.129,24.49
2.0,0.7,2.5,3.0,0.4,14400,0.4,93,69.9,-11.96,0.33,0.75,-0.129,24.49
2.0,0.7,2.5,3.0,0.6,14400,0.4,93,69.9,-11.96,0.33,0.75,-0.129,24.49
2.0,0.7,2.5,3.0,0.8,14400,0.4,93,69.9,-11.96,0.33,0.75,-0.129,24.49
2.0,0.7,2.5,4.5,0.4,14400,0.4,93,69.9,-11.96,0.33,0.75,-0.129,24.49
2.0,0.7,2.5,4.5,0.6,14400,0.4,93,69.9,-11.96,0.33,0.75,-0.129,24.49
2.0,0.7,2.5,4.5,0.8,14400,0.4,93,69.9,-11.96,0.33,0.75,-0.129,24.49
3.0,0.7,1.5,3.0,0.4,2400,0.2,82,70.7,-10.68,0.3,0.73,-0.13,16.83
3.0,0.7,1.5,3.0,0.6,2400,0.2,82,70.7,-10.68,0.3,0.73,-0.13,16.83
3.0,0.7,1.5,3.0,0.8,2400,0.2,82,70.7,-10.68,0.3,0.73,-0.13,16.83
3.0,0.7,1.5,4.5,0.4,2400,0.2,82,70.7,-10.68,0.3,0.73,-0.13,16.83
3.0,0.7,1.5,4.5,0.6,2400,0.2,82,70.7,-10.68,0.3,0.73,-0.13,16.83
3.0,0.7,1.5,4.5,0.8,2400,0.2,82,70.7,-10.68,0.3,0.73,-0.13,16.83
3.0,0.7,2.5,3.0,0.4,2400,0.2,82,70.7,-10.68,0.3,0.73,-0.13,16.83
3.0,0.7,2.5,3.0,0.6,2400,0.2,82,70.7,-10.68,0.3,0.73,-0.13,16.83
3.0,0.7,2.5,3.0,0.8,2400,0.2,82,70.7,-10.68,0.3,0.73,-0.13,16.83
3.0,0.7,2.5,4.5,0.4,2400,0.2,82,70.7,-10.68,0.3,0.73,-0.13,16.83
3.0,0.7,2.5,4.5,0.6,2400,0.2,82,70.7,-10.68,0.3,0.73,-0.13,16.83
3.0,0.7,2.5,4.5,0.8,2400,0.2,82,70.7,-10.68,0.3,0.73,-0.13,16.83
3.0,1.5,2.5,3.0,0.8,14400,0.4,56,71.4,-7.39,0.33,0.81,-0.132,16.81
3.0,1.5,2.5,4.5,0.8,14400,0.4,56,71.4,-7.39,0.33,0.81,-0.132,16.81
5.0,1.5,2.5,3.0,0.8,1200,0.2,53,66.0,-7.01,0.37,0.73,-0.132,21.46
5.0,1.5,2.5,4.5,0.8,1200,0.2,53,66.0,-7.01,0.37,0.73,-0.132,21.46
3.0,1.0,1.5,3.0,0.4,3600,0.2,50,76.0,-6.68,0.26,0.81,-0.134,16.8
3.0,1.0,1.5,3.0,0.6,3600,0.2,50,76.0,-6.68,0.26,0.81,-0.134,16.8
3.0,1.0,1.5,3.0,0.8,3600,0.2,50,76.0,-6.68,0.26,0.81,-0.134,16.8
3.0,1.0,1.5,4.5,0.4,3600,0.2,50,76.0,-6.68,0.26,0.81,-0.134,16.8
3.0,1.0,1.5,4.5,0.6,3600,0.2,50,76.0,-6.68,0.26,0.81,-0.134,16.8
3.0,1.0,1.5,4.5,0.8,3600,0.2,50,76.0,-6.68,0.26,0.81,-0.134,16.8
3.0,1.0,2.5,3.0,0.4,3600,0.2,50,76.0,-6.68,0.26,0.81,-0.134,16.8
3.0,1.0,2.5,3.0,0.6,3600,0.2,50,76.0,-6.68,0.26,0.81,-0.134,16.8
3.0,1.0,2.5,3.0,0.8,3600,0.2,50,76.0,-6.68,0.26,0.81,-0.134,16.8
3.0,1.0,2.5,4.5,0.4,3600,0.2,50,76.0,-6.68,0.26,0.81,-0.134,16.8
3.0,1.0,2.5,4.5,0.6,3600,0.2,50,76.0,-6.68,0.26,0.81,-0.134,16.8
3.0,1.0,2.5,4.5,0.8,3600,0.2,50,76.0,-6.68,0.26,0.81,-0.134,16.8
5.0,1.5,2.5,3.0,0.6,1200,0.2,53,69.8,-7.14,0.31,0.72,-0.135,21.62
5.0,1.5,2.5,4.5,0.6,1200,0.2,53,69.8,-7.14,0.31,0.72,-0.135,21.62
3.0,1.5,2.5,3.0,0.8,7200,0.4,68,64.7,-9.26,0.42,0.77,-0.136,15.54
3.0,1.5,2.5,4.5,0.8,7200,0.4,68,64.7,-9.26,0.42,0.77,-0.136,15.54
2.0,1.0,2.5,3.0,0.4,2400,0.2,80,60.0,-10.95,0.51,0.77,-0.137,21.92
2.0,1.0,2.5,3.0,0.6,2400,0.2,80,60.0,-10.95,0.51,0.77,-0.137,21.92
2.0,1.0,2.5,3.0,0.8,2400,0.2,80,60.0,-10.95,0.51,0.77,-0.137,21.92
2.0,1.0,2.5,4.5,0.4,2400,0.2,80,60.0,-10.95,0.51,0.77,-0.137,21.92
2.0,1.0,2.5,4.5,0.6,2400,0.2,80,60.0,-10.95,0.51,0.77,-0.137,21.92
2.0,1.0,2.5,4.5,0.8,2400,0.2,80,60.0,-10.95,0.51,0.77,-0.137,21.92
2.0,1.0,2.5,3.0,0.4,3600,0.2,69,65.2,-9.73,0.42,0.79,-0.141,21.87
2.0,1.0,2.5,3.0,0.6,3600,0.2,69,65.2,-9.73,0.42,0.79,-0.141,21.87
2.0,1.0,2.5,3.0,0.8,3600,0.2,69,65.2,-9.73,0.42,0.79,-0.141,21.87
2.0,1.0,2.5,4.5,0.4,3600,0.2,69,65.2,-9.73,0.42,0.79,-0.141,21.87
2.0,1.0,2.5,4.5,0.6,3600,0.2,69,65.2,-9.73,0.42,0.79,-0.141,21.87
2.0,1.0,2.5,4.5,0.8,3600,0.2,69,65.2,-9.73,0.42,0.79,-0.141,21.87
3.0,1.0,1.5,3.0,0.4,1200,0.2,75,64.0,-10.57,0.4,0.71,-0.141,14.58
3.0,1.0,1.5,3.0,0.6,1200,0.2,75,64.0,-10.57,0.4,0.71,-0.141,14.58
3.0,1.0,1.5,3.0,0.8,1200,0.2,75,64.0,-10.57,0.4,0.71,-0.141,14.58
3.0,1.0,1.5,4.5,0.4,1200,0.2,75,64.0,-10.57,0.4,0.71,-0.141,14.58
3.0,1.0,1.5,4.5,0.6,1200,0.2,75,64.0,-10.57,0.4,0.71,-0.141,14.58
3.0,1.0,1.5,4.5,0.8,1200,0.2,75,64.0,-10.57,0.4,0.71,-0.141,14.58
2.0,1.0,1.5,3.0,0.4,7200,0.2,68,63.2,-9.69,0.46,0.8,-0.142,23.59
2.0,1.0,1.5,3.0,0.6,7200,0.2,68,63.2,-9.69,0.46,0.8,-0.142,23.59
2.0,1.0,1.5,3.0,0.8,7200,0.2,68,63.2,-9.69,0.46,0.8,-0.142,23.59
2.0,1.0,1.5,4.5,0.4,7200,0.2,68,63.2,-9.69,0.46,0.8,-0.142,23.59
2.0,1.0,1.5,4.5,0.6,7200,0.2,68,63.2,-9.69,0.46,0.8,-0.142,23.59
2.0,1.0,1.5,4.5,0.8,7200,0.2,68,63.2,-9.69,0.46,0.8,-0.142,23.59
3.0,1.5,2.5,3.0,0.4,2400,0.2,61,65.6,-8.91,0.41,0.78,-0.146,19.54
3.0,1.5,2.5,4.5,0.4,2400,0.2,61,65.6,-8.91,0.41,0.78,-0.146,19.54
3.0,1.0,2.5,3.0,0.4,1200,0.2,75,64.0,-11.02,0.4,0.7,-0.147,15.03
3.0,1.0,2.5,3.0,0.6,1200,0.2,75,64.0,-11.02,0.4,0.7,-0.147,15.03
3.0,1.0,2.5,3.0,0.8,1200,0.2,75,64.0,-11.02,0.4,0.7,-0.147,15.03
3.0,1.0,2.5,4.5,0.4,1200,0.2,75,64.0,-11.02,0.4,0.7,-0.147,15.03
3.0,1.0,2.5,4.5,0.6,1200,0.2,75,64.0,-11.02,0.4,0.7,-0.147,15.03
3.0,1.0,2.5,4.5,0.8,1200,0.2,75,64.0,-11.02,0.4,0.7,-0.147,15.03
5.0,1.5,2.5,3.0,0.6,2400,0.4,86,59.3,-13.17,0.42,0.61,-0.153,21.1
5.0,1.5,2.5,4.5,0.6,2400,0.4,86,59.3,-13.17,0.42,0.61,-0.153,21.1
4.0,1.5,2.5,3.0,0.6,3600,0.2,36,80.6,-5.59,0.19,0.8,-0.155,16.37
4.0,1.5,2.5,4.5,0.6,3600,0.2,36,80.6,-5.59,0.19,0.8,-0.155,16.37
3.0,1.5,2.5,3.0,0.4,7200,0.2,51,70.6,-7.96,0.34,0.81,-0.156,17.73
3.0,1.5,2.5,3.0,0.6,1200,0.2,72,62.5,-11.26,0.42,0.7,-0.156,14.65
3.0,1.5,2.5,4.5,0.4,7200,0.2,51,70.6,-7.96,0.34,0.81,-0.156,17.73
3.0,1.5,2.5,4.5,0.6,1200,0.2,72,62.5,-11.26,0.42,0.7,-0.156,14.65
3.0,1.5,2.5,3.0,0.4,14400,0.2,50,72.0,-7.91,0.32,0.81,-0.158,17.73
3.0,1.5,2.5,4.5,0.4,14400,0.2,50,72.0,-7.91,0.32,0.81,-0.158,17.73
3.0,1.5,2.5,3.0,0.8,1200,0.2,72,59.7,-11.53,0.46,0.69,-0.16,13.92
3.0,1.5,2.5,4.5,0.8,1200,0.2,72,59.7,-11.53,0.46,0.69,-0.16,13.92
2.0,1.0,2.5,3.0,0.4,7200,0.2,68,63.2,-11.04,0.45,0.77,-0.162,24.94
2.0,1.0,2.5,3.0,0.6,7200,0.2,68,63.2,-11.04,0.45,0.77,-0.162,24.94
2.0,1.0,2.5,3.0,0.8,7200,0.2,68,63.2,-11.04,0.45,0.77,-0.162,24.94
2.0,1.0,2.5,4.5,0.4,7200,0.2,68,63.2,-11.04,0.45,0.77,-0.162,24.94
2.0,1.0,2.5,4.5,0.6,7200,0.2,68,63.2,-11.04,0.45,0.77,-0.162,24.94
2.0,1.0,2.5,4.5,0.8,7200,0.2,68,63.2,-11.04,0.45,0.77,-0.162,24.94
4.0,1.5,2.5,3.0,0.6,7200,0.2,35,80.0,-5.75,0.2,0.79,-0.164,16.37
4.0,1.5,2.5,4.5,0.6,7200,0.2,35,80.0,-5.75,0.2,0.79,-0.164,16.37
3.0,1.5,2.5,3.0,0.8,2400,0.2,57,64.9,-9.51,0.41,0.76,-0.167,17.83
3.0,1.5,2.5,4.5,0.8,2400,0.2,57,64.9,-9.51,0.41,0.76,-0.167,17.83
2.0,1.5,2.5,3.0,0.4,3600,0.2,65,63.1,-10.93,0.45,0.76,-0.168,20.51
2.0,1.5,2.5,3.0,0.4,14400,0.4,71,59.2,-11.94,0.52,0.75,-0.168,26.88
2.0,1.5,2.5,4.5,0.4,3600,0.2,65,63.1,-10.93,0.45,0.76,-0.168,20.51
2.0,1.5,2.5,4.5,0.4,14400,0.4,71,59.2,-11.94,0.52,0.75,-0.168,26.88
2.0,1.5,2.5,3.0,0.6,3600,0.2,63,63.5,-10.64,0.44,0.76,-0.169,17.46
2.0,1.5,2.5,4.5,0.6,3600,0.2,63,63.5,-10.64,0.44,0.76,-0.169,17.46
5.0,1.0,1.5,3.0,0.4,7200,0.2,33,81.8,-5.7,0.18,0.81,-0.173,17.8
5.0,1.0,1.5,3.0,0.4,14400,0.2,33,81.8,-5.7,0.18,0.81,-0.173,17.8
5.0,1.0,1.5,3.0,0.4,,0.4,33,81.8,-5.7,0.18,0.81,-0.173,17.8
5.0,1.0,1.5,3.0,0.6,7200,0.2,33,81.8,-5.7,0.18,0.81,-0.173,17.8
5.0,1.0,1.5,3.0,0.6,14400,0.2,33,81.8,-5.7,0.18,0.81,-0.173,17.8
5.0,1.0,1.5,3.0,0.6,,0.4,33,81.8,-5.7,0.18,0.81,-0.173,17.8
5.0,1.0,1.5,3.0,0.8,7200,0.2,33,81.8,-5.7,0.18,0.81,-0.173,17.8
5.0,1.0,1.5,3.0,0.8,14400,0.2,33,81.8,-5.7,0.18,0.81,-0.173,17.8
5.0,1.0,1.5,3.0,0.8,,0.4,33,81.8,-5.7,0.18,0.81,-0.173,17.8
5.0,1.0,1.5,4.5,0.4,7200,0.2,33,81.8,-5.7,0.18,0.81,-0.173,17.8
5.0,1.0,1.5,4.5,0.4,14400,0.2,33,81.8,-5.7,0.18,0.81,-0.173,17.8
5.0,1.0,1.5,4.5,0.4,,0.4,33,81.8,-5.7,0.18,0.81,-0.173,17.8
5.0,1.0,1.5,4.5,0.6,7200,0.2,33,81.8,-5.7,0.18,0.81,-0.173,17.8
5.0,1.0,1.5,4.5,0.6,14400,0.2,33,81.8,-5.7,0.18,0.81,-0.173,17.8
5.0,1.0,1.5,4.5,0.6,,0.4,33,81.8,-5.7,0.18,0.81,-0.173,17.8
5.0,1.0,1.5,4.5,0.8,7200,0.2,33,81.8,-5.7,0.18,0.81,-0.173,17.8
5.0,1.0,1.5,4.5,0.8,14400,0.2,33,81.8,-5.7,0.18,0.81,-0.173,17.8
5.0,1.0,1.5,4.5,0.8,,0.4,33,81.8,-5.7,0.18,0.81,-0.173,17.8
5.0,1.0,2.5,3.0,0.4,7200,0.2,33,81.8,-5.7,0.18,0.81,-0.173,17.8
5.0,1.0,2.5,3.0,0.4,14400,0.2,33,81.8,-5.7,0.18,0.81,-0.173,17.8
5.0,1.0,2.5,3.0,0.4,,0.4,33,81.8,-5.7,0.18,0.81,-0.173,17.8
5.0,1.0,2.5,3.0,0.6,7200,0.2,33,81.8,-5.7,0.18,0.81,-0.173,17.8
5.0,1.0,2.5,3.0,0.6,14400,0.2,33,81.8,-5.7,0.18,0.81,-0.173,17.8
5.0,1.0,2.5,3.0,0.6,,0.4,33,81.8,-5.7,0.18,0.81,-0.173,17.8
5.0,1.0,2.5,3.0,0.8,7200,0.2,33,81.8,-5.7,0.18,0.81,-0.173,17.8
5.0,1.0,2.5,3.0,0.8,14400,0.2,33,81.8,-5.7,0.18,0.81,-0.173,17.8
5.0,1.0,2.5,3.0,0.8,,0.4,33,81.8,-5.7,0.18,0.81,-0.173,17.8
5.0,1.0,2.5,4.5,0.4,7200,0.2,33,81.8,-5.7,0.18,0.81,-0.173,17.8
5.0,1.0,2.5,4.5,0.4,14400,0.2,33,81.8,-5.7,0.18,0.81,-0.173,17.8
5.0,1.0,2.5,4.5,0.4,,0.4,33,81.8,-5.7,0.18,0.81,-0.173,17.8
5.0,1.0,2.5,4.5,0.6,7200,0.2,33,81.8,-5.7,0.18,0.81,-0.173,17.8
5.0,1.0,2.5,4.5,0.6,14400,0.2,33,81.8,-5.7,0.18,0.81,-0.173,17.8
5.0,1.0,2.5,4.5,0.6,,0.4,33,81.8,-5.7,0.18,0.81,-0.173,17.8
5.0,1.0,2.5,4.5,0.8,7200,0.2,33,81.8,-5.7,0.18,0.81,-0.173,17.8
5.0,1.0,2.5,4.5,0.8,14400,0.2,33,81.8,-5.7,0.18,0.81,-0.173,17.8
5.0,1.0,2.5,4.5,0.8,,0.4,33,81.8,-5.7,0.18,0.81,-0.173,17.8
2.0,1.5,2.5,3.0,0.4,7200,0.2,64,62.5,-11.16,0.46,0.77,-0.174,23.31
2.0,1.5,2.5,4.5,0.4,7200,0.2,64,62.5,-11.16,0.46,0.77,-0.174,23.31
4.0,1.5,2.5,3.0,0.6,14400,0.2,34,79.4,-5.92,0.2,0.79,-0.174,16.37
4.0,1.5,2.5,3.0,0.6,,0.4,34,79.4,-5.92,0.2,0.79,-0.174,16.37
4.0,1.5,2.5,4.5,0.6,14400,0.2,34,79.4,-5.92,0.2,0.79,-0.174,16.37
4.0,1.5,2.5,4.5,0.6,,0.4,34,79.4,-5.92,0.2,0.79,-0.174,16.37
3.0,1.0,1.5,3.0,0.4,2400,0.2,61,65.6,-10.76,0.38,0.73,-0.176,18.72
3.0,1.0,1.5,3.0,0.6,2400,0.2,61,65.6,-10.76,0.38,0.73,-0.176,18.72
3.0,1.0,1.5,3.0,0.8,2400,0.2,61,65.6,-10.76,0.38,0.73,-0.176,18.72
3.0,1.0,1.5,4.5,0.4,2400,0.2,61,65.6,-10.76,0.38,0.73,-0.176,18.72
3.0,1.0,1.5,4.5,0.6,2400,0.2,61,65.6,-10.76,0.38,0.73,-0.176,18.72
3.0,1.0,1.5,4.5,0.8,2400,0.2,61,65.6,-10.76,0.38,0.73,-0.176,18.72
3.0,1.5,2.5,3.0,0.6,2400,0.2,58,65.5,-10.37,0.39,0.74,-0.179,18.99
3.0,1.5,2.5,4.5,0.6,2400,0.2,58,65.5,-10.37,0.39,0.74,-0.179,18.99
5.0,1.5,2.5,3.0,0.4,7200,0.2,33,81.8,-5.91,0.18,0.8,-0.179,19.34
5.0,1.5,2.5,3.0,0.8,2400,0.4,84,60.7,-15.01,0.36,0.55,-0.179,22.37
5.0,1.5,2.5,4.5,0.4,7200,0.2,33,81.8,-5.91,0.18,0.8,-0.179,19.34
5.0,1.5,2.5,4.5,0.8,2400,0.4,84,60.7,-15.01,0.36,0.55,-0.179,22.37
3.0,1.5,2.5,3.0,0.6,3600,0.2,53,71.7,-9.52,0.3,0.76,-0.18,16.64
3.0,1.5,2.5,4.5,0.6,3600,0.2,53,71.7,-9.52,0.3,0.76,-0.18,16.64
2.0,1.5,2.5,3.0,0.6,14400,0.4,69,59.4,-12.51,0.5,0.73,-0.181,22.49
2.0,1.5,2.5,4.5,0.6,14400,0.4,69,59.4,-12.51,0.5,0.73,-0.181,22.49
3.0,1.5,2.5,3.0,0.6,7200,0.4,68,63.2,-12.35,0.41,0.71,-0.182,16.84
3.0,1.5,2.5,4.5,0.6,7200,0.4,68,63.2,-12.35,0.41,0.71,-0.182,16.84
3.0,1.0,2.5,3.0,0.4,2400,0.2,61,65.6,-11.21,0.38,0.72,-0.184,19.17
3.0,1.0,2.5,3.0,0.6,2400,0.2,61,65.6,-11.21,0.38,0.72,-0.184,19.17
3.0,1.0,2.5,3.0,0.8,2400,0.2,61,65.6,-11.21,0.38,0.72,-0.184,19.17
3.0,1.0,2.5,4.5,0.4,2400,0.2,61,65.6,-11.21,0.38,0.72,-0.184,19.17
3.0,1.0,2.5,4.5,0.6,2400,0.2,61,65.6,-11.21,0.38,0.72,-0.184,19.17
3.0,1.0,2.5,4.5,0.8,2400,0.2,61,65.6,-11.21,0.38,0.72,-0.184,19.17
2.0,1.5,2.5,3.0,0.4,,0.4,63,60.3,-11.83,0.5,0.76,-0.188,25.42
2.0,1.5,2.5,4.5,0.4,,0.4,63,60.3,-11.83,0.5,0.76,-0.188,25.42
5.0,1.5,2.5,3.0,0.4,14400,0.2,32,81.2,-6.08,0.18,0.8,-0.19,19.34
5.0,1.5,2.5,3.0,0.4,,0.4,32,81.2,-6.08,0.18,0.8,-0.19,19.34
5.0,1.5,2.5,4.5,0.4,14400,0.2,32,81.2,-6.08,0.18,0.8,-0.19,19.34
5.0,1.5,2.5,4.5,0.4,,0.4,32,81.2,-6.08,0.18,0.8,-0.19,19.34
3.0,1.5,2.5,3.0,0.4,,0.4,48,70.8,-9.23,0.32,0.78,-0.192,17.73
3.0,1.5,2.5,3.0,0.8,3600,0.2,50,74.0,-9.59,0.26,0.75,-0.192,16.23
3.0,1.5,2.5,4.5,0.4,,0.4,48,70.8,-9.23,0.32,0.78,-0.192,17.73
3.0,1.5,2.5,4.5,0.8,3600,0.2,50,74.0,-9.59,0.26,0.75,-0.192,16.23
3.0,1.5,2.5,3.0,0.6,14400,0.4,57,70.2,-10.99,0.32,0.74,-0.193,19.67
3.0,1.5,2.5,4.5,0.6,14400,0.4,57,70.2,-10.99,0.32,0.74,-0.193,19.67
3.0,1.5,2.5,3.0,0.8,14400,0.2,45,71.1,-9.29,0.31,0.76,-0.206,15.74
3.0,1.5,2.5,4.5,0.8,14400,0.2,45,71.1,-9.29,0.31,0.76,-0.206,15.74
2.0,1.0,1.5,3.0,0.4,14400,0.4,74,59.5,-15.36,0.48,0.7,-0.208,27.84
2.0,1.0,1.5,3.0,0.6,14400,0.4,74,59.5,-15.36,0.48,0.7,-0.208,27.84
2.0,1.0,1.5,3.0,0.8,14400,0.4,74,59.5,-15.36,0.48,0.7,-0.208,27.84
2.0,1.0,1.5,4.5,0.4,14400,0.4,74,59.5,-15.36,0.48,0.7,-0.208,27.84
2.0,1.0,1.5,4.5,0.6,14400,0.4,74,59.5,-15.36,0.48,0.7,-0.208,27.84
2.0,1.0,1.5,4.5,0.8,14400,0.4,74,59.5,-15.36,0.48,0.7,-0.208,27.84
2.0,1.5,2.5,3.0,0.6,7200,0.2,61,62.3,-12.72,0.44,0.72,-0.209,19.46
2.0,1.5,2.5,4.5,0.6,7200,0.2,61,62.3,-12.72,0.44,0.72,-0.209,19.46
2.0,1.0,2.5,3.0,0.4,14400,0.4,74,59.5,-15.81,0.47,0.69,-0.214,28.29
2.0,1.0,2.5,3.0,0.6,14400,0.4,74,59.5,-15.81,0.47,0.69,-0.214,28.29
2.0,1.0,2.5,3.0,0.8,14400,0.4,74,59.5,-15.81,0.47,0.69,-0.214,28.29
2.0,1.0,2.5,4.5,0.4,14400,0.4,74,59.5,-15.81,0.47,0.69,-0.214,28.29
2.0,1.0,2.5,4.5,0.6,14400,0.4,74,59.5,-15.81,0.47,0.69,-0.214,28.29
2.0,1.0,2.5,4.5,0.8,14400,0.4,74,59.5,-15.81,0.47,0.69,-0.214,28.29
2.0,1.5,2.5,3.0,0.4,14400,0.2,63,60.3,-13.49,0.48,0.73,-0.214,25.42
2.0,1.5,2.5,4.5,0.4,14400,0.2,63,60.3,-13.49,0.48,0.73,-0.214,25.42
3.0,1.5,2.5,3.0,0.8,,0.4,44,70.5,-9.43,0.32,0.76,-0.214,15.74
3.0,1.5,2.5,4.5,0.8,,0.4,44,70.5,-9.43,0.32,0.76,-0.214,15.74
5.0,1.0,1.5,3.0,0.4,3600,0.2,33,81.8,-7.38,0.17,0.75,-0.224,17.8
5.0,1.0,1.5,3.0,0.6,3600,0.2,33,81.8,-7.38,0.17,0.75,-0.224,17.8
5.0,1.0,1.5,3.0,0.8,3600,0.2,33,81.8,-7.38,0.17,0.75,-0.224,17.8
5.0,1.0,1.5,4.5,0.4,3600,0.2,33,81.8,-7.38,0.17,0.75,-0.224,17.8
5.0,1.0,1.5,4.5,0.6,3600,0.2,33,81.8,-7.38,0.17,0.75,-0.224,17.8
5.0,1.0,1.5,4.5,0.8,3600,0.2,33,81.8,-7.38,0.17,0.75,-0.224,17.8
5.0,1.0,2.5,3.0,0.4,3600,0.2,33,81.8,-7.38,0.17,0.75,-0.224,17.8
5.0,1.0,2.5,3.0,0.6,3600,0.2,33,81.8,-7.38,0.17,0.75,-0.224,17.8
5.0,1.0,2.5,3.0,0.8,3600,0.2,33,81.8,-7.38,0.17,0.75,-0.224,17.8
5.0,1.0,2.5,4.5,0.4,3600,0.2,33,81.8,-7.38,0.17,0.75,-0.224,17.8
5.0,1.0,2.5,4.5,0.6,3600,0.2,33,81.8,-7.38,0.17,0.75,-0.224,17.8
5.0,1.0,2.5,4.5,0.8,3600,0.2,33,81.8,-7.38,0.17,0.75,-0.224,17.8
2.0,1.5,2.5,3.0,0.6,,0.4,60,60.0,-13.75,0.48,0.71,-0.229,21.57
2.0,1.5,2.5,4.5,0.6,,0.4,60,60.0,-13.75,0.48,0.71,-0.229,21.57
2.0,1.0,1.5,3.0,0.4,,0.4,66,60.6,-15.55,0.46,0.7,-0.236,30.25
2.0,1.0,1.5,3.0,0.6,,0.4,66,60.6,-15.55,0.46,0.7,-0.236,30.25
2.0,1.0,1.5,3.0,0.8,,0.4,66,60.6,-15.55,0.46,0.7,-0.236,30.25
2.0,1.0,1.5,4.5,0.4,,0.4,66,60.6,-15.55,0.46,0.7,-0.236,30.25
2.0,1.0,1.5,4.5,0.6,,0.4,66,60.6,-15.55,0.46,0.7,-0.236,30.25
2.0,1.0,1.5,4.5,0.8,,0.4,66,60.6,-15.55,0.46,0.7,-0.236,30.25
2.0,1.0,2.5,3.0,0.4,,0.4,66,60.6,-16.0,0.45,0.69,-0.242,30.7
2.0,1.0,2.5,3.0,0.6,,0.4,66,60.6,-16.0,0.45,0.69,-0.242,30.7
2.0,1.0,2.5,3.0,0.8,,0.4,66,60.6,-16.0,0.45,0.69,-0.242,30.7
2.0,1.0,2.5,4.5,0.4,,0.4,66,60.6,-16.0,0.45,0.69,-0.242,30.7
2.0,1.0,2.5,4.5,0.6,,0.4,66,60.6,-16.0,0.45,0.69,-0.242,30.7
2.0,1.0,2.5,4.5,0.8,,0.4,66,60.6,-16.0,0.45,0.69,-0.242,30.7
2.0,1.5,2.5,3.0,0.8,3600,0.2,62,61.3,-15.2,0.42,0.67,-0.245,21.1
2.0,1.5,2.5,4.5,0.8,3600,0.2,62,61.3,-15.2,0.42,0.67,-0.245,21.1
2.0,1.0,1.5,3.0,0.4,14400,0.2,66,60.6,-16.4,0.44,0.68,-0.248,30.25
2.0,1.0,1.5,3.0,0.6,14400,0.2,66,60.6,-16.4,0.44,0.68,-0.248,30.25
2.0,1.0,1.5,3.0,0.8,14400,0.2,66,60.6,-16.4,0.44,0.68,-0.248,30.25
2.0,1.0,1.5,4.5,0.4,14400,0.2,66,60.6,-16.4,0.44,0.68,-0.248,30.25
2.0,1.0,1.5,4.5,0.6,14400,0.2,66,60.6,-16.4,0.44,0.68,-0.248,30.25
2.0,1.0,1.5,4.5,0.8,14400,0.2,66,60.6,-16.4,0.44,0.68,-0.248,30.25
2.0,1.5,2.5,3.0,0.6,14400,0.2,60,60.0,-15.05,0.46,0.69,-0.251,21.57
2.0,1.5,2.5,3.0,0.8,14400,0.4,67,58.2,-16.82,0.46,0.64,-0.251,25.39
2.0,1.5,2.5,4.5,0.6,14400,0.2,60,60.0,-15.05,0.46,0.69,-0.251,21.57
2.0,1.5,2.5,4.5,0.8,14400,0.4,67,58.2,-16.82,0.46,0.64,-0.251,25.39
2.0,1.0,2.5,3.0,0.4,14400,0.2,66,60.6,-16.85,0.44,0.68,-0.255,30.7
2.0,1.0,2.5,3.0,0.6,14400,0.2,66,60.6,-16.85,0.44,0.68,-0.255,30.7
2.0,1.0,2.5,3.0,0.8,14400,0.2,66,60.6,-16.85,0.44,0.68,-0.255,30.7
2.0,1.0,2.5,4.5,0.4,14400,0.2,66,60.6,-16.85,0.44,0.68,-0.255,30.7
2.0,1.0,2.5,4.5,0.6,14400,0.2,66,60.6,-16.85,0.44,0.68,-0.255,30.7
2.0,1.0,2.5,4.5,0.8,14400,0.2,66,60.6,-16.85,0.44,0.68,-0.255,30.7
5.0,1.5,2.5,3.0,0.4,3600,0.2,33,81.8,-8.4,0.16,0.72,-0.255,19.34
5.0,1.5,2.5,4.5,0.4,3600,0.2,33,81.8,-8.4,0.16,0.72,-0.255,19.34
3.0,1.5,2.5,3.0,0.6,14400,0.2,46,69.6,-12.89,0.3,0.69,-0.28,18.19
3.0,1.5,2.5,4.5,0.6,14400,0.2,46,69.6,-12.89,0.3,0.69,-0.28,18.19
3.0,1.5,2.5,3.0,0.8,7200,0.2,47,68.1,-13.58,0.32,0.68,-0.289,16.61
3.0,1.5,2.5,4.5,0.8,7200,0.2,47,68.1,-13.58,0.32,0.68,-0.289,16.61
3.0,1.5,2.5,3.0,0.6,,0.4,45,68.9,-13.03,0.31,0.69,-0.29,18.19
3.0,1.5,2.5,4.5,0.6,,0.4,45,68.9,-13.03,0.31,0.69,-0.29,18.19
2.0,1.5,2.5,3.0,0.8,,0.4,58,58.6,-17.55,0.45,0.63,-0.303,24.45
2.0,1.5,2.5,4.5,0.8,,0.4,58,58.6,-17.55,0.45,0.63,-0.303,24.45
5.0,1.5,2.5,3.0,0.8,14400,0.4,37,78.4,-11.4,0.17,0.63,-0.308,20.72
5.0,1.5,2.5,4.5,0.8,14400,0.4,37,78.4,-11.4,0.17,0.63,-0.308,20.72
2.0,1.5,2.5,3.0,0.8,7200,0.2,59,59.3,-18.63,0.42,0.61,-0.316,24.45
2.0,1.5,2.5,4.5,0.8,7200,0.2,59,59.3,-18.63,0.42,0.61,-0.316,24.45
2.0,1.5,2.5,3.0,0.8,14400,0.2,58,58.6,-18.85,0.43,0.61,-0.325,24.45
2.0,1.5,2.5,4.5,0.8,14400,0.2,58,58.6,-18.85,0.43,0.61,-0.325,24.45
5.0,1.5,2.5,3.0,0.6,3600,0.2,31,80.6,-10.38,0.16,0.65,-0.335,18.85
5.0,1.5,2.5,4.5,0.6,3600,0.2,31,80.6,-10.38,0.16,0.65,-0.335,18.85
5.0,1.5,2.5,3.0,0.6,7200,0.2,30,80.0,-10.54,0.16,0.65,-0.351,18.85
5.0,1.5,2.5,4.5,0.6,7200,0.2,30,80.0,-10.54,0.16,0.65,-0.351,18.85
3.0,1.5,2.5,3.0,0.6,7200,0.2,48,66.7,-17.18,0.31,0.62,-0.358,20.69
3.0,1.5,2.5,4.5,0.6,7200,0.2,48,66.7,-17.18,0.31,0.62,-0.358,20.69
5.0,1.5,2.5,3.0,0.6,14400,0.2,29,79.3,-10.71,0.17,0.64,-0.369,18.85
5.0,1.5,2.5,3.0,0.6,,0.4,29,79.3,-10.71,0.17,0.64,-0.369,18.85
5.0,1.5,2.5,4.5,0.6,14400,0.2,29,79.3,-10.71,0.17,0.64,-0.369,18.85
5.0,1.5,2.5,4.5,0.6,,0.4,29,79.3,-10.71,0.17,0.64,-0.369,18.85
5.0,1.5,2.5,3.0,0.8,7200,0.2,30,80.0,-12.78,0.14,0.57,-0.426,19.65
5.0,1.5,2.5,4.5,0.8,7200,0.2,30,80.0,-12.78,0.14,0.57,-0.426,19.65
5.0,1.5,2.5,3.0,0.8,14400,0.2,29,79.3,-12.95,0.15,0.57,-0.447,19.65
5.0,1.5,2.5,3.0,0.8,,0.4,29,79.3,-12.95,0.15,0.57,-0.447,19.65
5.0,1.5,2.5,4.5,0.8,14400,0.2,29,79.3,-12.95,0.15,0.57,-0.447,19.65
5.0,1.5,2.5,4.5,0.8,,0.4,29,79.3,-12.95,0.15,0.57,-0.447,19.65
