stop_loss_pct,level_1_pct,level_2_pct,level_3_pct,trail_callback,time_stop_seconds,time_stop_no_movement_pct,trades,win_rate,total_pnl_pct,payoff,profit_factor,expectancy_pct,max_dd_pct
5.0,1.5,2.5,3.0,0.4,3600,0.4,119,84.0,33.41,0.3,1.6,0.281,12.67
5.0,1.5,2.5,4.5,0.4,3600,0.4,119,84.0,33.41,0.3,1.6,0.281,12.67
5.0,1.5,2.5,3.0,0.4,14400,0.8,122,85.2,33.39,0.27,1.55,0.274,12.2
5.0,1.5,2.5,4.5,0.4,14400,0.8,122,85.2,33.39,0.27,1.55,0.274,12.2
5.0,1.5,2.5,3.0,0.4,7200,0.4,101,86.1,27.27,0.23,1.45,0.27,13.09
5.0,1.5,2.5,4.5,0.4,7200,0.4,101,86.1,27.27,0.23,1.45,0.27,13.09
5.0,1.5,2.5,3.0,0.6,14400,0.8,122,86.1,32.61,0.25,1.54,0.267,11.42
5.0,1.5,2.5,4.5,0.6,14400,0.8,122,86.1,32.61,0.25,1.54,0.267,11.42
5.0,1.5,2.5,3.0,0.4,14400,0.4,100,87.0,26.13,0.21,1.4,0.261,12.67
5.0,1.5,2.5,4.5,0.4,14400,0.4,100,87.0,26.13,0.21,1.4,0.261,12.67
5.0,1.5,2.5,3.0,0.4,7200,0.2,99,86.9,25.74,0.21,1.4,0.26,12.67
5.0,1.5,2.5,3.0,0.4,14400,0.2,99,86.9,25.74,0.21,1.4,0.26,12.67
5.0,1.5,2.5,3.0,0.4,,0.4,99,86.9,25.74,0.21,1.4,0.26,12.67
5.0,1.5,2.5,4.5,0.4,7200,0.2,99,86.9,25.74,0.21,1.4,0.26,12.67
5.0,1.5,2.5,4.5,0.4,14400,0.2,99,86.9,25.74,0.21,1.4,0.26,12.67
5.0,1.5,2.5,4.5,0.4,,0.4,99,86.9,25.74,0.21,1.4,0.26,12.67
5.0,1.5,2.5,3.0,0.6,3600,0.4,118,83.9,30.13,0.29,1.54,0.255,11.89
5.0,1.5,2.5,4.5,0.6,3600,0.4,118,83.9,30.13,0.29,1.54,0.255,11.89
5.0,1.5,2.5,3.0,0.4,3600,0.2,104,84.6,26.28,0.26,1.4,0.253,12.67
5.0,1.5,2.5,4.5,0.4,3600,0.2,104,84.6,26.28,0.26,1.4,0.253,12.67
5.0,1.5,2.5,3.0,0.8,14400,0.8,122,86.1,30.69,0.24,1.5,0.252,11.62
5.0,1.5,2.5,4.5,0.8,14400,0.8,122,86.1,30.69,0.24,1.5,0.252,11.62
5.0,1.5,2.5,3.0,0.4,2400,0.2,108,83.3,26.77,0.28,1.41,0.248,13.11
5.0,1.5,2.5,3.0,0.6,7200,0.4,100,86.0,24.78,0.23,1.41,0.248,12.41
5.0,1.5,2.5,3.0,0.8,3600,0.4,115,84.3,28.57,0.28,1.51,0.248,12.6
5.0,1.5,2.5,4.5,0.4,2400,0.2,108,83.3,26.77,0.28,1.41,0.248,13.11
5.0,1.5,2.5,4.5,0.6,7200,0.4,100,86.0,24.78,0.23,1.41,0.248,12.41
5.0,1.5,2.5,4.5,0.8,3600,0.4,115,84.3,28.57,0.28,1.51,0.248,12.6
5.0,1.5,2.5,3.0,0.6,3600,0.2,103,84.5,24.43,0.25,1.37,0.237,11.89
5.0,1.5,2.5,4.5,0.6,3600,0.2,103,84.5,24.43,0.25,1.37,0.237,11.89
5.0,1.5,2.5,3.0,0.6,7200,0.2,97,86.6,22.87,0.21,1.35,0.236,11.89
5.0,1.5,2.5,3.0,0.6,14400,0.2,97,86.6,22.87,0.21,1.35,0.236,11.89
5.0,1.5,2.5,3.0,0.6,14400,0.4,97,86.6,22.87,0.21,1.35,0.236,11.89
5.0,1.5,2.5,3.0,0.6,,0.4,97,86.6,22.87,0.21,1.35,0.236,11.89
5.0,1.5,2.5,4.5,0.6,7200,0.2,97,86.6,22.87,0.21,1.35,0.236,11.89
5.0,1.5,2.5,4.5,0.6,14400,0.2,97,86.6,22.87,0.21,1.35,0.236,11.89
5.0,1.5,2.5,4.5,0.6,14400,0.4,97,86.6,22.87,0.21,1.35,0.236,11.89
5.0,1.5,2.5,4.5,0.6,,0.4,97,86.6,22.87,0.21,1.35,0.236,11.89
5.0,1.0,1.5,3.0,0.4,3600,0.4,117,83.8,27.31,0.3,1.54,0.233,12.3
5.0,1.0,1.5,3.0,0.6,3600,0.4,117,83.8,27.31,0.3,1.54,0.233,12.3
5.0,1.0,1.5,3.0,0.8,3600,0.4,117,83.8,27.31,0.3,1.54,0.233,12.3
5.0,1.0,1.5,4.5,0.4,3600,0.4,117,83.8,27.31,0.3,1.54,0.233,12.3
5.0,1.0,1.5,4.5,0.6,3600,0.4,117,83.8,27.31,0.3,1.54,0.233,12.3
5.0,1.0,1.5,4.5,0.8,3600,0.4,117,83.8,27.31,0.3,1.54,0.233,12.3
5.0,1.5,2.5,3.0,0.6,2400,0.2,107,83.2,24.45,0.28,1.38,0.229,12.43
5.0,1.5,2.5,4.5,0.6,2400,0.2,107,83.2,24.45,0.28,1.38,0.229,12.43
5.0,1.5,2.5,3.0,0.8,3600,0.2,101,85.1,22.91,0.24,1.35,0.227,12.8
5.0,1.5,2.5,4.5,0.8,3600,0.2,101,85.1,22.91,0.24,1.35,0.227,12.8
5.0,1.5,2.5,3.0,0.8,7200,0.2,96,86.5,21.44,0.21,1.33,0.223,12.8
5.0,1.5,2.5,3.0,0.8,14400,0.2,96,86.5,21.44,0.21,1.33,0.223,12.8
5.0,1.5,2.5,3.0,0.8,14400,0.4,96,86.5,21.44,0.21,1.33,0.223,12.8
5.0,1.5,2.5,3.0,0.8,,0.4,96,86.5,21.44,0.21,1.33,0.223,12.8
5.0,1.5,2.5,4.5,0.8,7200,0.2,96,86.5,21.44,0.21,1.33,0.223,12.8
5.0,1.5,2.5,4.5,0.8,14400,0.2,96,86.5,21.44,0.21,1.33,0.223,12.8
5.0,1.5,2.5,4.5,0.8,14400,0.4,96,86.5,21.44,0.21,1.33,0.223,12.8
5.0,1.5,2.5,4.5,0.8,,0.4,96,86.5,21.44,0.21,1.33,0.223,12.8
5.0,1.0,1.5,3.0,0.4,14400,0.8,121,85.1,26.88,0.26,1.48,0.222,11.88
5.0,1.0,1.5,3.0,0.6,14400,0.8,121,85.1,26.88,0.26,1.48,0.222,11.88
5.0,1.0,1.5,3.0,0.8,14400,0.8,121,85.1,26.88,0.26,1.48,0.222,11.88
5.0,1.0,1.5,4.5,0.4,14400,0.8,121,85.1,26.88,0.26,1.48,0.222,11.88
5.0,1.0,1.5,4.5,0.6,14400,0.8,121,85.1,26.88,0.26,1.48,0.222,11.88
5.0,1.0,1.5,4.5,0.8,14400,0.8,121,85.1,26.88,0.26,1.48,0.222,11.88
5.0,1.0,2.5,3.0,0.4,3600,0.4,117,83.8,23.71,0.28,1.46,0.203,12.65
5.0,1.0,2.5,3.0,0.6,3600,0.4,117,83.8,23.71,0.28,1.46,0.203,12.65
5.0,1.0,2.5,3.0,0.8,3600,0.4,117,83.8,23.71,0.28,1.46,0.203,12.65
5.0,1.0,2.5,4.5,0.4,3600,0.4,117,83.8,23.71,0.28,1.46,0.203,12.65
5.0,1.0,2.5,4.5,0.6,3600,0.4,117,83.8,23.71,0.28,1.46,0.203,12.65
5.0,1.0,2.5,4.5,0.8,3600,0.4,117,83.8,23.71,0.28,1.46,0.203,12.65
5.0,1.5,2.5,3.0,0.8,2400,0.2,104,82.7,21.05,0.28,1.32,0.202,13.4
5.0,1.5,2.5,4.5,0.8,2400,0.2,104,82.7,21.05,0.28,1.32,0.202,13.4
5.0,1.5,2.5,3.0,0.4,1200,0.2,113,80.5,22.04,0.32,1.34,0.195,14.51
5.0,1.5,2.5,4.5,0.4,1200,0.2,113,80.5,22.04,0.32,1.34,0.195,14.51
5.0,1.0,2.5,3.0,0.4,14400,0.8,121,85.1,22.83,0.25,1.4,0.189,12.33
5.0,1.0,2.5,3.0,0.6,14400,0.8,121,85.1,22.83,0.25,1.4,0.189,12.33
5.0,1.0,2.5,3.0,0.8,14400,0.8,121,85.1,22.83,0.25,1.4,0.189,12.33
5.0,1.0,2.5,4.5,0.4,14400,0.8,121,85.1,22.83,0.25,1.4,0.189,12.33
5.0,1.0,2.5,4.5,0.6,14400,0.8,121,85.1,22.83,0.25,1.4,0.189,12.33
5.0,1.0,2.5,4.5,0.8,14400,0.8,121,85.1,22.83,0.25,1.4,0.189,12.33
5.0,1.0,1.5,3.0,0.4,7200,0.4,100,88.0,18.64,0.18,1.31,0.186,12.66
5.0,1.0,1.5,3.0,0.6,7200,0.4,100,88.0,18.64,0.18,1.31,0.186,12.66
5.0,1.0,1.5,3.0,0.8,7200,0.4,100,88.0,18.64,0.18,1.31,0.186,12.66
5.0,1.0,1.5,4.5,0.4,7200,0.4,100,88.0,18.64,0.18,1.31,0.186,12.66
5.0,1.0,1.5,4.5,0.6,7200,0.4,100,88.0,18.64,0.18,1.31,0.186,12.66
5.0,1.0,1.5,4.5,0.8,7200,0.4,100,88.0,18.64,0.18,1.31,0.186,12.66
5.0,1.5,2.5,3.0,0.6,1200,0.2,112,80.4,20.46,0.32,1.31,0.183,13.49
5.0,1.5,2.5,4.5,0.6,1200,0.2,112,80.4,20.46,0.32,1.31,0.183,13.49
5.0,1.5,2.5,3.0,0.8,7200,0.4,102,83.3,17.94,0.25,1.27,0.176,13.21
5.0,1.5,2.5,4.5,0.8,7200,0.4,102,83.3,17.94,0.25,1.27,0.176,13.21
5.0,1.5,2.5,3.0,0.8,1200,0.2,110,81.8,18.35,0.28,1.28,0.167,13.77
5.0,1.5,2.5,4.5,0.8,1200,0.2,110,81.8,18.35,0.28,1.28,0.167,13.77
3.0,1.5,2.5,3.0,0.4,14400,0.4,124,78.2,20.45,0.35,1.25,0.165,15.82
3.0,1.5,2.5,4.5,0.4,14400,0.4,124,78.2,20.45,0.35,1.25,0.165,15.82
3.0,1.5,2.5,3.0,0.4,7200,0.2,123,78.0,20.12,0.35,1.25,0.164,16.15
3.0,1.5,2.5,3.0,0.4,14400,0.2,123,78.0,20.12,0.35,1.25,0.164,16.15
3.0,1.5,2.5,3.0,0.4,,0.4,123,78.0,20.12,0.35,1.25,0.164,16.15
3.0,1.5,2.5,4.5,0.4,7200,0.2,123,78.0,20.12,0.35,1.25,0.164,16.15
3.0,1.5,2.5,4.5,0.4,14400,0.2,123,78.0,20.12,0.35,1.25,0.164,16.15
3.0,1.5,2.5,4.5,0.4,,0.4,123,78.0,20.12,0.35,1.25,0.164,16.15
5.0,0.7,1.5,3.0,0.4,14400,0.8,142,88.0,22.73,0.2,1.44,0.16,13.14
5.0,0.7,1.5,3.0,0.6,14400,0.8,142,88.0,22.73,0.2,1.44,0.16,13.14
5.0,0.7,1.5,3.0,0.8,14400,0.8,142,88.0,22.73,0.2,1.44,0.16,13.14
5.0,0.7,1.5,4.5,0.4,14400,0.8,142,88.0,22.73,0.2,1.44,0.16,13.14
5.0,0.7,1.5,4.5,0.6,14400,0.8,142,88.0,22.73,0.2,1.44,0.16,13.14
5.0,0.7,1.5,4.5,0.8,14400,0.8,142,88.0,22.73,0.2,1.44,0.16,13.14
5.0,1.0,1.5,3.0,0.4,14400,0.4,100,87.0,15.94,0.19,1.25,0.159,12.35
5.0,1.0,1.5,3.0,0.6,14400,0.4,100,87.0,15.94,0.19,1.25,0.159,12.35
5.0,1.0,1.5,3.0,0.8,14400,0.4,100,87.0,15.94,0.19,1.25,0.159,12.35
5.0,1.0,1.5,4.5,0.4,14400,0.4,100,87.0,15.94,0.19,1.25,0.159,12.35
5.0,1.0,1.5,4.5,0.6,14400,0.4,100,87.0,15.94,0.19,1.25,0.159,12.35
5.0,1.0,1.5,4.5,0.8,14400,0.4,100,87.0,15.94,0.19,1.25,0.159,12.35
5.0,1.0,1.5,3.0,0.4,7200,0.2,99,86.9,15.55,0.19,1.24,0.157,12.35
5.0,1.0,1.5,3.0,0.4,14400,0.2,99,86.9,15.55,0.19,1.24,0.157,12.35
5.0,1.0,1.5,3.0,0.4,,0.4,99,86.9,15.55,0.19,1.24,0.157,12.35
5.0,1.0,1.5,3.0,0.6,7200,0.2,99,86.9,15.55,0.19,1.24,0.157,12.35
5.0,1.0,1.5,3.0,0.6,14400,0.2,99,86.9,15.55,0.19,1.24,0.157,12.35
5.0,1.0,1.5,3.0,0.6,,0.4,99,86.9,15.55,0.19,1.24,0.157,12.35
5.0,1.0,1.5,3.0,0.8,7200,0.2,99,86.9,15.55,0.19,1.24,0.157,12.35
5.0,1.0,1.5,3.0,0.8,14400,0.2,99,86.9,15.55,0.19,1.24,0.157,12.35
5.0,1.0,1.5,3.0,0.8,,0.4,99,86.9,15.55,0.19,1.24,0.157,12.35
5.0,1.0,1.5,4.5,0.4,7200,0.2,99,86.9,15.55,0.19,1.24,0.157,12.35
5.0,1.0,1.5,4.5,0.4,14400,0.2,99,86.9,15.55,0.19,1.24,0.157,12.35
5.0,1.0,1.5,4.5,0.4,,0.4,99,86.9,15.55,0.19,1.24,0.157,12.35
5.0,1.0,1.5,4.5,0.6,7200,0.2,99,86.9,15.55,0.19,1.24,0.157,12.35
5.0,1.0,1.5,4.5,0.6,14400,0.2,99,86.9,15.55,0.19,1.24,0.157,12.35
5.0,1.0,1.5,4.5,0.6,,0.4,99,86.9,15.55,0.19,1.24,0.157,12.35
5.0,1.0,1.5,4.5,0.8,7200,0.2,99,86.9,15.55,0.19,1.24,0.157,12.35
5.0,1.0,1.5,4.5,0.8,14400,0.2,99,86.9,15.55,0.19,1.24,0.157,12.35
5.0,1.0,1.5,4.5,0.8,,0.4,99,86.9,15.55,0.19,1.24,0.157,12.35
3.0,1.5,2.5,3.0,0.4,7200,0.4,131,77.9,20.4,0.36,1.25,0.156,15.89
3.0,1.5,2.5,4.5,0.4,7200,0.4,131,77.9,20.4,0.36,1.25,0.156,15.89
5.0,1.0,2.5,3.0,0.4,7200,0.4,100,88.0,15.49,0.17,1.26,0.155,13.11
5.0,1.0,2.5,3.0,0.6,7200,0.4,100,88.0,15.49,0.17,1.26,0.155,13.11
5.0,1.0,2.5,3.0,0.8,7200,0.4,100,88.0,15.49,0.17,1.26,0.155,13.11
5.0,1.0,2.5,4.5,0.4,7200,0.4,100,88.0,15.49,0.17,1.26,0.155,13.11
5.0,1.0,2.5,4.5,0.6,7200,0.4,100,88.0,15.49,0.17,1.26,0.155,13.11
5.0,1.0,2.5,4.5,0.8,7200,0.4,100,88.0,15.49,0.17,1.26,0.155,13.11
3.0,1.5,2.5,3.0,0.4,3600,0.2,128,75.8,19.56,0.4,1.24,0.153,16.15
3.0,1.5,2.5,3.0,0.4,14400,0.8,158,74.7,24.25,0.44,1.3,0.153,15.16
3.0,1.5,2.5,4.5,0.4,3600,0.2,128,75.8,19.56,0.4,1.24,0.153,16.15
3.0,1.5,2.5,4.5,0.4,14400,0.8,158,74.7,24.25,0.44,1.3,0.153,15.16
5.0,1.5,2.5,3.0,0.4,7200,0.8,183,70.5,27.86,0.58,1.39,0.152,14.52
5.0,1.5,2.5,4.5,0.4,7200,0.8,183,70.5,27.86,0.58,1.39,0.152,14.52
5.0,1.0,1.5,3.0,0.4,3600,0.2,103,84.5,15.47,0.23,1.24,0.15,12.35
5.0,1.0,1.5,3.0,0.6,3600,0.2,103,84.5,15.47,0.23,1.24,0.15,12.35
5.0,1.0,1.5,3.0,0.8,3600,0.2,103,84.5,15.47,0.23,1.24,0.15,12.35
5.0,1.0,1.5,4.5,0.4,3600,0.2,103,84.5,15.47,0.23,1.24,0.15,12.35
5.0,1.0,1.5,4.5,0.6,3600,0.2,103,84.5,15.47,0.23,1.24,0.15,12.35
5.0,1.0,1.5,4.5,0.8,3600,0.2,103,84.5,15.47,0.23,1.24,0.15,12.35
5.0,0.7,2.5,3.0,0.4,14400,0.8,142,88.0,20.57,0.19,1.4,0.145,13.86
5.0,0.7,2.5,3.0,0.6,14400,0.8,142,88.0,20.57,0.19,1.4,0.145,13.86
5.0,0.7,2.5,3.0,0.8,14400,0.8,142,88.0,20.57,0.19,1.4,0.145,13.86
5.0,0.7,2.5,4.5,0.4,14400,0.8,142,88.0,20.57,0.19,1.4,0.145,13.86
5.0,0.7,2.5,4.5,0.6,14400,0.8,142,88.0,20.57,0.19,1.4,0.145,13.86
5.0,0.7,2.5,4.5,0.8,14400,0.8,142,88.0,20.57,0.19,1.4,0.145,13.86
3.0,1.5,2.5,3.0,0.4,3600,0.4,155,74.8,22.09,0.43,1.28,0.143,15.66
3.0,1.5,2.5,4.5,0.4,3600,0.4,155,74.8,22.09,0.43,1.28,0.143,15.66
5.0,1.0,1.5,3.0,0.4,2400,0.2,105,83.8,14.98,0.24,1.23,0.143,12.68
5.0,1.0,1.5,3.0,0.6,2400,0.2,105,83.8,14.98,0.24,1.23,0.143,12.68
5.0,1.0,1.5,3.0,0.8,2400,0.2,105,83.8,14.98,0.24,1.23,0.143,12.68
5.0,1.0,1.5,4.5,0.4,2400,0.2,105,83.8,14.98,0.24,1.23,0.143,12.68
5.0,1.0,1.5,4.5,0.6,2400,0.2,105,83.8,14.98,0.24,1.23,0.143,12.68
5.0,1.0,1.5,4.5,0.8,2400,0.2,105,83.8,14.98,0.24,1.23,0.143,12.68
5.0,1.5,2.5,3.0,0.8,7200,0.8,182,70.9,25.7,0.56,1.37,0.141,14.58
5.0,1.5,2.5,4.5,0.8,7200,0.8,182,70.9,25.7,0.56,1.37,0.141,14.58
5.0,1.5,2.5,3.0,0.6,7200,0.8,183,70.5,25.39,0.57,1.36,0.139,14.44
5.0,1.5,2.5,4.5,0.6,7200,0.8,183,70.5,25.39,0.57,1.36,0.139,14.44
3.0,1.5,2.5,3.0,0.4,1200,0.2,139,71.9,18.26,0.48,1.23,0.131,16.15
3.0,1.5,2.5,3.0,0.6,14400,0.8,164,76.8,21.47,0.38,1.25,0.131,15.44
3.0,1.5,2.5,4.5,0.4,1200,0.2,139,71.9,18.26,0.48,1.23,0.131,16.15
3.0,1.5,2.5,4.5,0.6,14400,0.8,164,76.8,21.47,0.38,1.25,0.131,15.44
4.0,1.5,2.5,3.0,0.4,3600,0.4,123,79.7,15.96,0.31,1.23,0.13,19.99
4.0,1.5,2.5,4.5,0.4,3600,0.4,123,79.7,15.96,0.31,1.23,0.13,19.99
3.0,1.5,2.5,3.0,0.4,2400,0.2,136,74.3,17.37,0.42,1.21,0.128,16.15
3.0,1.5,2.5,4.5,0.4,2400,0.2,136,74.3,17.37,0.42,1.21,0.128,16.15
5.0,1.0,2.5,3.0,0.4,14400,0.4,100,87.0,12.79,0.18,1.2,0.128,12.8
5.0,1.0,2.5,3.0,0.6,14400,0.4,100,87.0,12.79,0.18,1.2,0.128,12.8
5.0,1.0,2.5,3.0,0.8,14400,0.4,100,87.0,12.79,0.18,1.2,0.128,12.8
5.0,1.0,2.5,4.5,0.4,14400,0.4,100,87.0,12.79,0.18,1.2,0.128,12.8
5.0,1.0,2.5,4.5,0.6,14400,0.4,100,87.0,12.79,0.18,1.2,0.128,12.8
5.0,1.0,2.5,4.5,0.8,14400,0.4,100,87.0,12.79,0.18,1.2,0.128,12.8
5.0,1.0,2.5,3.0,0.4,7200,0.2,99,86.9,12.4,0.18,1.19,0.125,12.8
5.0,1.0,2.5,3.0,0.4,14400,0.2,99,86.9,12.4,0.18,1.19,0.125,12.8
5.0,1.0,2.5,3.0,0.4,,0.4,99,86.9,12.4,0.18,1.19,0.125,12.8
5.0,1.0,2.5,3.0,0.6,7200,0.2,99,86.9,12.4,0.18,1.19,0.125,12.8
5.0,1.0,2.5,3.0,0.6,14400,0.2,99,86.9,12.4,0.18,1.19,0.125,12.8
5.0,1.0,2.5,3.0,0.6,,0.4,99,86.9,12.4,0.18,1.19,0.125,12.8
5.0,1.0,2.5,3.0,0.8,7200,0.2,99,86.9,12.4,0.18,1.19,0.125,12.8
5.0,1.0,2.5,3.0,0.8,14400,0.2,99,86.9,12.4,0.18,1.19,0.125,12.8
5.0,1.0,2.5,3.0,0.8,,0.4,99,86.9,12.4,0.18,1.19,0.125,12.8
5.0,1.0,2.5,4.5,0.4,7200,0.2,99,86.9,12.4,0.18,1.19,0.125,12.8
5.0,1.0,2.5,4.5,0.4,14400,0.2,99,86.9,12.4,0.18,1.19,0.125,12.8
5.0,1.0,2.5,4.5,0.4,,0.4,99,86.9,12.4,0.18,1.19,0.125,12.8
5.0,1.0,2.5,4.5,0.6,7200,0.2,99,86.9,12.4,0.18,1.19,0.125,12.8
5.0,1.0,2.5,4.5,0.6,14400,0.2,99,86.9,12.4,0.18,1.19,0.125,12.8
5.0,1.0,2.5,4.5,0.6,,0.4,99,86.9,12.4,0.18,1.19,0.125,12.8
5.0,1.0,2.5,4.5,0.8,7200,0.2,99,86.9,12.4,0.18,1.19,0.125,12.8
5.0,1.0,2.5,4.5,0.8,14400,0.2,99,86.9,12.4,0.18,1.19,0.125,12.8
5.0,1.0,2.5,4.5,0.8,,0.4,99,86.9,12.4,0.18,1.19,0.125,12.8
3.0,1.5,2.5,3.0,0.8,14400,0.8,163,75.5,19.78,0.4,1.24,0.121,16.11
3.0,1.5,2.5,4.5,0.8,14400,0.8,163,75.5,19.78,0.4,1.24,0.121,16.11
5.0,0.7,1.5,3.0,0.4,3600,0.4,150,86.7,18.2,0.2,1.33,0.121,14.09
5.0,0.7,1.5,3.0,0.6,3600,0.4,150,86.7,18.2,0.2,1.33,0.121,14.09
5.0,0.7,1.5,3.0,0.8,3600,0.4,150,86.7,18.2,0.2,1.33,0.121,14.09
5.0,0.7,1.5,4.5,0.4,3600,0.4,150,86.7,18.2,0.2,1.33,0.121,14.09
5.0,0.7,1.5,4.5,0.6,3600,0.4,150,86.7,18.2,0.2,1.33,0.121,14.09
5.0,0.7,1.5,4.5,0.8,3600,0.4,150,86.7,18.2,0.2,1.33,0.121,14.09
2.0,1.5,2.5,3.0,0.4,1200,0.2,181,67.4,21.75,0.6,1.23,0.12,14.93
5.0,1.0,2.5,3.0,0.4,3600,0.2,103,84.5,12.32,0.22,1.19,0.12,12.8
5.0,1.0,2.5,3.0,0.6,3600,0.2,103,84.5,12.32,0.22,1.19,0.12,12.8
5.0,1.0,2.5,3.0,0.8,3600,0.2,103,84.5,12.32,0.22,1.19,0.12,12.8
5.0,1.0,2.5,4.5,0.4,3600,0.2,103,84.5,12.32,0.22,1.19,0.12,12.8
5.0,1.0,2.5,4.5,0.6,3600,0.2,103,84.5,12.32,0.22,1.19,0.12,12.8
5.0,1.0,2.5,4.5,0.8,3600,0.2,103,84.5,12.32,0.22,1.19,0.12,12.8
2.0,1.5,2.5,4.5,0.4,1200,0.2,181,67.4,21.3,0.59,1.23,0.118,14.93
2.0,1.5,2.5,3.0,0.6,1200,0.2,179,68.2,20.93,0.58,1.23,0.117,13.9
2.0,1.5,2.5,4.5,0.6,1200,0.2,179,68.2,20.48,0.57,1.23,0.114,13.9
4.0,1.5,2.5,3.0,0.6,3600,0.4,130,80.0,14.86,0.3,1.22,0.114,18.0
4.0,1.5,2.5,4.5,0.6,3600,0.4,130,80.0,14.86,0.3,1.22,0.114,18.0
3.0,1.5,2.5,3.0,0.4,7200,0.8,200,67.0,22.53,0.63,1.27,0.113,15.17
3.0,1.5,2.5,4.5,0.4,7200,0.8,200,67.0,22.53,0.63,1.27,0.113,15.17
5.0,1.0,2.5,3.0,0.4,2400,0.2,105,83.8,11.83,0.23,1.18,0.113,13.13
5.0,1.0,2.5,3.0,0.6,2400,0.2,105,83.8,11.83,0.23,1.18,0.113,13.13
5.0,1.0,2.5,3.0,0.8,2400,0.2,105,83.8,11.83,0.23,1.18,0.113,13.13
5.0,1.0,2.5,4.5,0.4,2400,0.2,105,83.8,11.83,0.23,1.18,0.113,13.13
5.0,1.0,2.5,4.5,0.6,2400,0.2,105,83.8,11.83,0.23,1.18,0.113,13.13
5.0,1.0,2.5,4.5,0.8,2400,0.2,105,83.8,11.83,0.23,1.18,0.113,13.13
3.0,1.5,2.5,3.0,0.6,2400,0.2,140,74.3,15.64,0.41,1.19,0.112,17.44
3.0,1.5,2.5,3.0,0.6,14400,0.4,129,77.5,14.41,0.34,1.17,0.112,16.48
3.0,1.5,2.5,4.5,0.6,2400,0.2,140,74.3,15.64,0.41,1.19,0.112,17.44
3.0,1.5,2.5,4.5,0.6,14400,0.4,129,77.5,14.41,0.34,1.17,0.112,16.48
5.0,0.7,1.5,3.0,0.4,14400,0.4,129,90.7,14.3,0.13,1.24,0.111,13.61
5.0,0.7,1.5,3.0,0.6,14400,0.4,129,90.7,14.3,0.13,1.24,0.111,13.61
5.0,0.7,1.5,3.0,0.8,14400,0.4,129,90.7,14.3,0.13,1.24,0.111,13.61
5.0,0.7,1.5,4.5,0.4,14400,0.4,129,90.7,14.3,0.13,1.24,0.111,13.61
5.0,0.7,1.5,4.5,0.6,14400,0.4,129,90.7,14.3,0.13,1.24,0.111,13.61
5.0,0.7,1.5,4.5,0.8,14400,0.4,129,90.7,14.3,0.13,1.24,0.111,13.61
5.0,1.0,1.5,3.0,0.4,7200,0.8,182,70.9,20.15,0.54,1.31,0.111,15.08
5.0,1.0,1.5,3.0,0.6,7200,0.8,182,70.9,20.15,0.54,1.31,0.111,15.08
5.0,1.0,1.5,3.0,0.8,7200,0.8,182,70.9,20.15,0.54,1.31,0.111,15.08
5.0,1.0,1.5,4.5,0.4,7200,0.8,182,70.9,20.15,0.54,1.31,0.111,15.08
5.0,1.0,1.5,4.5,0.6,7200,0.8,182,70.9,20.15,0.54,1.31,0.111,15.08
5.0,1.0,1.5,4.5,0.8,7200,0.8,182,70.9,20.15,0.54,1.31,0.111,15.08
3.0,1.5,2.5,3.0,0.6,7200,0.2,128,77.3,14.08,0.34,1.16,0.11,16.81
3.0,1.5,2.5,3.0,0.6,7200,0.4,132,77.3,14.55,0.34,1.17,0.11,17.16
3.0,1.5,2.5,3.0,0.6,14400,0.2,128,77.3,14.08,0.34,1.16,0.11,16.81
3.0,1.5,2.5,3.0,0.6,,0.4,128,77.3,14.08,0.34,1.16,0.11,16.81
3.0,1.5,2.5,4.5,0.6,7200,0.2,128,77.3,14.08,0.34,1.16,0.11,16.81
3.0,1.5,2.5,4.5,0.6,7200,0.4,132,77.3,14.55,0.34,1.17,0.11,17.16
3.0,1.5,2.5,4.5,0.6,14400,0.2,128,77.3,14.08,0.34,1.16,0.11,16.81
3.0,1.5,2.5,4.5,0.6,,0.4,128,77.3,14.08,0.34,1.16,0.11,16.81
5.0,0.7,1.5,3.0,0.4,7200,0.2,127,90.6,13.89,0.13,1.23,0.109,13.61
5.0,0.7,1.5,3.0,0.4,14400,0.2,127,90.6,13.89,0.13,1.23,0.109,13.61
5.0,0.7,1.5,3.0,0.4,,0.4,127,90.6,13.89,0.13,1.23,0.109,13.61
5.0,0.7,1.5,3.0,0.6,7200,0.2,127,90.6,13.89,0.13,1.23,0.109,13.61
5.0,0.7,1.5,3.0,0.6,14400,0.2,127,90.6,13.89,0.13,1.23,0.109,13.61
5.0,0.7,1.5,3.0,0.6,,0.4,127,90.6,13.89,0.13,1.23,0.109,13.61
5.0,0.7,1.5,3.0,0.8,7200,0.2,127,90.6,13.89,0.13,1.23,0.109,13.61
5.0,0.7,1.5,3.0,0.8,14400,0.2,127,90.6,13.89,0.13,1.23,0.109,13.61
5.0,0.7,1.5,3.0,0.8,,0.4,127,90.6,13.89,0.13,1.23,0.109,13.61
5.0,0.7,1.5,4.5,0.4,7200,0.2,127,90.6,13.89,0.13,1.23,0.109,13.61
5.0,0.7,1.5,4.5,0.4,14400,0.2,127,90.6,13.89,0.13,1.23,0.109,13.61
5.0,0.7,1.5,4.5,0.4,,0.4,127,90.6,13.89,0.13,1.23,0.109,13.61
5.0,0.7,1.5,4.5,0.6,7200,0.2,127,90.6,13.89,0.13,1.23,0.109,13.61
5.0,0.7,1.5,4.5,0.6,14400,0.2,127,90.6,13.89,0.13,1.23,0.109,13.61
5.0,0.7,1.5,4.5,0.6,,0.4,127,90.6,13.89,0.13,1.23,0.109,13.61
5.0,0.7,1.5,4.5,0.8,7200,0.2,127,90.6,13.89,0.13,1.23,0.109,13.61
5.0,0.7,1.5,4.5,0.8,14400,0.2,127,90.6,13.89,0.13,1.23,0.109,13.61
5.0,0.7,1.5,4.5,0.8,,0.4,127,90.6,13.89,0.13,1.23,0.109,13.61
5.0,1.5,2.5,3.0,0.4,3600,0.8,234,70.1,24.98,0.59,1.38,0.107,10.51
5.0,1.5,2.5,4.5,0.4,3600,0.8,234,70.1,24.98,0.59,1.38,0.107,10.51
3.0,1.0,1.5,3.0,0.4,14400,0.8,162,74.1,16.92,0.43,1.22,0.104,16.43
3.0,1.0,1.5,3.0,0.6,14400,0.8,162,74.1,16.92,0.43,1.22,0.104,16.43
3.0,1.0,1.5,3.0,0.8,14400,0.8,162,74.1,16.92,0.43,1.22,0.104,16.43
3.0,1.0,1.5,4.5,0.4,14400,0.8,162,74.1,16.92,0.43,1.22,0.104,16.43
3.0,1.0,1.5,4.5,0.6,14400,0.8,162,74.1,16.92,0.43,1.22,0.104,16.43
3.0,1.0,1.5,4.5,0.8,14400,0.8,162,74.1,16.92,0.43,1.22,0.104,16.43
3.0,1.5,2.5,3.0,0.6,3600,0.4,149,73.8,15.51,0.42,1.19,0.104,15.8
3.0,1.5,2.5,4.5,0.6,3600,0.4,149,73.8,15.51,0.42,1.19,0.104,15.8
4.0,1.5,2.5,3.0,0.8,3600,0.4,127,80.3,12.96,0.29,1.19,0.102,19.0
4.0,1.5,2.5,4.5,0.8,3600,0.4,127,80.3,12.96,0.29,1.19,0.102,19.0
5.0,0.7,2.5,3.0,0.4,3600,0.4,150,86.7,15.32,0.2,1.27,0.102,14.81
5.0,0.7,2.5,3.0,0.6,3600,0.4,150,86.7,15.32,0.2,1.27,0.102,14.81
5.0,0.7,2.5,3.0,0.8,3600,0.4,150,86.7,15.32,0.2,1.27,0.102,14.81
5.0,0.7,2.5,4.5,0.4,3600,0.4,150,86.7,15.32,0.2,1.27,0.102,14.81
5.0,0.7,2.5,4.5,0.6,3600,0.4,150,86.7,15.32,0.2,1.27,0.102,14.81
5.0,0.7,2.5,4.5,0.8,3600,0.4,150,86.7,15.32,0.2,1.27,0.102,14.81
5.0,1.5,2.5,3.0,0.4,1200,0.4,171,73.7,17.4,0.47,1.32,0.102,13.53
5.0,1.5,2.5,4.5,0.4,1200,0.4,171,73.7,17.4,0.47,1.32,0.102,13.53
5.0,0.7,1.5,3.0,0.4,3600,0.2,130,88.5,13.18,0.16,1.22,0.101,13.61
5.0,0.7,1.5,3.0,0.6,3600,0.2,130,88.5,13.18,0.16,1.22,0.101,13.61
5.0,0.7,1.5,3.0,0.8,3600,0.2,130,88.5,13.18,0.16,1.22,0.101,13.61
5.0,0.7,1.5,4.5,0.4,3600,0.2,130,88.5,13.18,0.16,1.22,0.101,13.61
5.0,0.7,1.5,4.5,0.6,3600,0.2,130,88.5,13.18,0.16,1.22,0.101,13.61
5.0,0.7,1.5,4.5,0.8,3600,0.2,130,88.5,13.18,0.16,1.22,0.101,13.61
5.0,0.7,1.5,3.0,0.4,2400,0.2,135,87.4,13.55,0.18,1.23,0.1,14.24
5.0,0.7,1.5,3.0,0.6,2400,0.2,135,87.4,13.55,0.18,1.23,0.1,14.24
5.0,0.7,1.5,3.0,0.8,2400,0.2,135,87.4,13.55,0.18,1.23,0.1,14.24
5.0,0.7,1.5,4.5,0.4,2400,0.2,135,87.4,13.55,0.18,1.23,0.1,14.24
5.0,0.7,1.5,4.5,0.6,2400,0.2,135,87.4,13.55,0.18,1.23,0.1,14.24
5.0,0.7,1.5,4.5,0.8,2400,0.2,135,87.4,13.55,0.18,1.23,0.1,14.24
5.0,0.7,2.5,3.0,0.4,14400,0.4,129,90.7,12.86,0.12,1.21,0.1,14.33
5.0,0.7,2.5,3.0,0.6,14400,0.4,129,90.7,12.86,0.12,1.21,0.1,14.33
5.0,0.7,2.5,3.0,0.8,14400,0.4,129,90.7,12.86,0.12,1.21,0.1,14.33
5.0,0.7,2.5,4.5,0.4,14400,0.4,129,90.7,12.86,0.12,1.21,0.1,14.33
5.0,0.7,2.5,4.5,0.6,14400,0.4,129,90.7,12.86,0.12,1.21,0.1,14.33
5.0,0.7,2.5,4.5,0.8,14400,0.4,129,90.7,12.86,0.12,1.21,0.1,14.33
5.0,1.5,2.5,3.0,0.4,2400,0.4,131,74.0,13.06,0.42,1.2,0.1,12.57
5.0,1.5,2.5,4.5,0.4,2400,0.4,131,74.0,13.06,0.42,1.2,0.1,12.57
3.0,1.5,2.5,3.0,0.8,3600,0.4,147,74.1,14.59,0.41,1.18,0.099,16.2
3.0,1.5,2.5,4.5,0.8,3600,0.4,147,74.1,14.59,0.41,1.18,0.099,16.2
5.0,0.7,2.5,3.0,0.4,7200,0.2,127,90.6,12.45,0.13,1.21,0.098,14.33
5.0,0.7,2.5,3.0,0.4,14400,0.2,127,90.6,12.45,0.13,1.21,0.098,14.33
5.0,0.7,2.5,3.0,0.4,,0.4,127,90.6,12.45,0.13,1.21,0.098,14.33
5.0,0.7,2.5,3.0,0.6,7200,0.2,127,90.6,12.45,0.13,1.21,0.098,14.33
5.0,0.7,2.5,3.0,0.6,14400,0.2,127,90.6,12.45,0.13,1.21,0.098,14.33
5.0,0.7,2.5,3.0,0.6,,0.4,127,90.6,12.45,0.13,1.21,0.098,14.33
5.0,0.7,2.5,3.0,0.8,7200,0.2,127,90.6,12.45,0.13,1.21,0.098,14.33
5.0,0.7,2.5,3.0,0.8,14400,0.2,127,90.6,12.45,0.13,1.21,0.098,14.33
5.0,0.7,2.5,3.0,0.8,,0.4,127,90.6,12.45,0.13,1.21,0.098,14.33
5.0,0.7,2.5,4.5,0.4,7200,0.2,127,90.6,12.45,0.13,1.21,0.098,14.33
5.0,0.7,2.5,4.5,0.4,14400,0.2,127,90.6,12.45,0.13,1.21,0.098,14.33
5.0,0.7,2.5,4.5,0.4,,0.4,127,90.6,12.45,0.13,1.21,0.098,14.33
5.0,0.7,2.5,4.5,0.6,7200,0.2,127,90.6,12.45,0.13,1.21,0.098,14.33
5.0,0.7,2.5,4.5,0.6,14400,0.2,127,90.6,12.45,0.13,1.21,0.098,14.33
5.0,0.7,2.5,4.5,0.6,,0.4,127,90.6,12.45,0.13,1.21,0.098,14.33
5.0,0.7,2.5,4.5,0.8,7200,0.2,127,90.6,12.45,0.13,1.21,0.098,14.33
5.0,0.7,2.5,4.5,0.8,14400,0.2,127,90.6,12.45,0.13,1.21,0.098,14.33
5.0,0.7,2.5,4.5,0.8,,0.4,127,90.6,12.45,0.13,1.21,0.098,14.33
3.0,1.5,2.5,3.0,0.6,3600,0.2,133,75.2,12.69,0.38,1.15,0.095,16.81
3.0,1.5,2.5,4.5,0.6,3600,0.2,133,75.2,12.69,0.38,1.15,0.095,16.81
5.0,1.0,2.5,3.0,0.4,7200,0.8,182,70.9,17.0,0.52,1.26,0.093,15.08
5.0,1.0,2.5,3.0,0.6,7200,0.8,182,70.9,17.0,0.52,1.26,0.093,15.08
5.0,1.0,2.5,3.0,0.8,7200,0.8,182,70.9,17.0,0.52,1.26,0.093,15.08
5.0,1.0,2.5,4.5,0.4,7200,0.8,182,70.9,17.0,0.52,1.26,0.093,15.08
5.0,1.0,2.5,4.5,0.6,7200,0.8,182,70.9,17.0,0.52,1.26,0.093,15.08
5.0,1.0,2.5,4.5,0.8,7200,0.8,182,70.9,17.0,0.52,1.26,0.093,15.08
2.0,1.5,2.5,3.0,0.8,1200,0.2,181,68.5,16.55,0.54,1.18,0.091,14.58
3.0,1.5,2.5,3.0,0.8,7200,0.4,133,77.4,12.11,0.33,1.14,0.091,18.39
3.0,1.5,2.5,4.5,0.8,7200,0.4,133,77.4,12.11,0.33,1.14,0.091,18.39
5.0,1.0,1.5,3.0,0.4,1200,0.2,107,82.2,9.69,0.25,1.15,0.091,14.38
5.0,1.0,1.5,3.0,0.6,1200,0.2,107,82.2,9.69,0.25,1.15,0.091,14.38
5.0,1.0,1.5,3.0,0.8,1200,0.2,107,82.2,9.69,0.25,1.15,0.091,14.38
5.0,1.0,1.5,4.5,0.4,1200,0.2,107,82.2,9.69,0.25,1.15,0.091,14.38
5.0,1.0,1.5,4.5,0.6,1200,0.2,107,82.2,9.69,0.25,1.15,0.091,14.38
5.0,1.0,1.5,4.5,0.8,1200,0.2,107,82.2,9.69,0.25,1.15,0.091,14.38
5.0,0.7,2.5,3.0,0.4,2400,0.2,135,87.4,12.11,0.17,1.2,0.09,14.96
5.0,0.7,2.5,3.0,0.4,3600,0.2,130,88.5,11.74,0.16,1.2,0.09,14.33
5.0,0.7,2.5,3.0,0.6,2400,0.2,135,87.4,12.11,0.17,1.2,0.09,14.96
5.0,0.7,2.5,3.0,0.6,3600,0.2,130,88.5,11.74,0.16,1.2,0.09,14.33
5.0,0.7,2.5,3.0,0.8,2400,0.2,135,87.4,12.11,0.17,1.2,0.09,14.96
5.0,0.7,2.5,3.0,0.8,3600,0.2,130,88.5,11.74,0.16,1.2,0.09,14.33
5.0,0.7,2.5,4.5,0.4,2400,0.2,135,87.4,12.11,0.17,1.2,0.09,14.96
5.0,0.7,2.5,4.5,0.4,3600,0.2,130,88.5,11.74,0.16,1.2,0.09,14.33
5.0,0.7,2.5,4.5,0.6,2400,0.2,135,87.4,12.11,0.17,1.2,0.09,14.96
5.0,0.7,2.5,4.5,0.6,3600,0.2,130,88.5,11.74,0.16,1.2,0.09,14.33
5.0,0.7,2.5,4.5,0.8,2400,0.2,135,87.4,12.11,0.17,1.2,0.09,14.96
5.0,0.7,2.5,4.5,0.8,3600,0.2,130,88.5,11.74,0.16,1.2,0.09,14.33
2.0,1.5,2.5,3.0,0.4,7200,0.8,249,64.3,22.19,0.69,1.24,0.089,11.06
2.0,1.5,2.5,4.5,0.8,1200,0.2,181,68.5,16.1,0.54,1.18,0.089,14.58
3.0,1.0,1.5,3.0,0.4,3600,0.4,158,75.9,14.11,0.37,1.18,0.089,16.65
3.0,1.0,1.5,3.0,0.4,7200,0.2,126,78.6,11.25,0.31,1.14,0.089,16.5
3.0,1.0,1.5,3.0,0.4,14400,0.2,126,78.6,11.25,0.31,1.14,0.089,16.5
3.0,1.0,1.5,3.0,0.4,,0.4,126,78.6,11.25,0.31,1.14,0.089,16.5
3.0,1.0,1.5,3.0,0.6,3600,0.4,158,75.9,14.11,0.37,1.18,0.089,16.65
3.0,1.0,1.5,3.0,0.6,7200,0.2,126,78.6,11.25,0.31,1.14,0.089,16.5
3.0,1.0,1.5,3.0,0.6,14400,0.2,126,78.6,11.25,0.31,1.14,0.089,16.5
3.0,1.0,1.5,3.0,0.6,,0.4,126,78.6,11.25,0.31,1.14,0.089,16.5
3.0,1.0,1.5,3.0,0.8,3600,0.4,158,75.9,14.11,0.37,1.18,0.089,16.65
3.0,1.0,1.5,3.0,0.8,7200,0.2,126,78.6,11.25,0.31,1.14,0.089,16.5
3.0,1.0,1.5,3.0,0.8,14400,0.2,126,78.6,11.25,0.31,1.14,0.089,16.5
3.0,1.0,1.5,3.0,0.8,,0.4,126,78.6,11.25,0.31,1.14,0.089,16.5
3.0,1.0,1.5,4.5,0.4,3600,0.4,158,75.9,14.11,0.37,1.18,0.089,16.65
3.0,1.0,1.5,4.5,0.4,7200,0.2,126,78.6,11.25,0.31,1.14,0.089,16.5
3.0,1.0,1.5,4.5,0.4,14400,0.2,126,78.6,11.25,0.31,1.14,0.089,16.5
3.0,1.0,1.5,4.5,0.4,,0.4,126,78.6,11.25,0.31,1.14,0.089,16.5
3.0,1.0,1.5,4.5,0.6,3600,0.4,158,75.9,14.11,0.37,1.18,0.089,16.65
3.0,1.0,1.5,4.5,0.6,7200,0.2,126,78.6,11.25,0.31,1.14,0.089,16.5
3.0,1.0,1.5,4.5,0.6,14400,0.2,126,78.6,11.25,0.31,1.14,0.089,16.5
3.0,1.0,1.5,4.5,0.6,,0.4,126,78.6,11.25,0.31,1.14,0.089,16.5
3.0,1.0,1.5,4.5,0.8,3600,0.4,158,75.9,14.11,0.37,1.18,0.089,16.65
3.0,1.0,1.5,4.5,0.8,7200,0.2,126,78.6,11.25,0.31,1.14,0.089,16.5
3.0,1.0,1.5,4.5,0.8,14400,0.2,126,78.6,11.25,0.31,1.14,0.089,16.5
3.0,1.0,1.5,4.5,0.8,,0.4,126,78.6,11.25,0.31,1.14,0.089,16.5
5.0,1.0,1.5,3.0,0.4,2400,0.4,136,75.0,11.91,0.4,1.19,0.088,12.27
5.0,1.0,1.5,3.0,0.6,2400,0.4,136,75.0,11.91,0.4,1.19,0.088,12.27
5.0,1.0,1.5,3.0,0.8,2400,0.4,136,75.0,11.91,0.4,1.19,0.088,12.27
5.0,1.0,1.5,4.5,0.4,2400,0.4,136,75.0,11.91,0.4,1.19,0.088,12.27
5.0,1.0,1.5,4.5,0.6,2400,0.4,136,75.0,11.91,0.4,1.19,0.088,12.27
5.0,1.0,1.5,4.5,0.8,2400,0.4,136,75.0,11.91,0.4,1.19,0.088,12.27
2.0,1.5,2.5,4.5,0.4,7200,0.8,249,64.3,21.74,0.68,1.23,0.087,11.06
3.0,1.5,2.5,3.0,0.8,2400,0.2,135,74.1,11.72,0.4,1.14,0.087,18.79
3.0,1.5,2.5,4.5,0.8,2400,0.2,135,74.1,11.72,0.4,1.14,0.087,18.79
5.0,1.5,2.5,3.0,0.6,3600,0.8,232,70.3,19.97,0.55,1.31,0.086,10.51
5.0,1.5,2.5,4.5,0.6,3600,0.8,232,70.3,19.97,0.55,1.31,0.086,10.51
3.0,1.5,2.5,3.0,0.6,1200,0.2,142,71.1,12.12,0.47,1.15,0.085,18.5
3.0,1.5,2.5,4.5,0.6,1200,0.2,142,71.1,12.12,0.47,1.15,0.085,18.5
4.0,1.5,2.5,3.0,0.4,1200,0.4,197,73.6,16.69,0.45,1.26,0.085,15.85
4.0,1.5,2.5,4.5,0.4,1200,0.4,197,73.6,16.69,0.45,1.26,0.085,15.85
2.0,1.5,2.5,3.0,0.6,7200,0.8,251,64.1,21.16,0.69,1.23,0.084,13.21
3.0,1.5,2.5,3.0,0.8,14400,0.4,129,77.5,10.88,0.33,1.13,0.084,17.91
3.0,1.5,2.5,4.5,0.8,14400,0.4,129,77.5,10.88,0.33,1.13,0.084,17.91
5.0,1.5,2.5,3.0,0.8,3600,0.8,230,69.6,19.23,0.57,1.3,0.084,10.64
5.0,1.5,2.5,4.5,0.8,3600,0.8,230,69.6,19.23,0.57,1.3,0.084,10.64
2.0,1.5,2.5,4.5,0.6,7200,0.8,251,64.1,20.71,0.68,1.22,0.083,13.21
3.0,1.0,1.5,3.0,0.4,14400,0.4,126,78.6,10.44,0.31,1.13,0.083,17.31
3.0,1.0,1.5,3.0,0.6,14400,0.4,126,78.6,10.44,0.31,1.13,0.083,17.31
3.0,1.0,1.5,3.0,0.8,14400,0.4,126,78.6,10.44,0.31,1.13,0.083,17.31
3.0,1.0,1.5,4.5,0.4,14400,0.4,126,78.6,10.44,0.31,1.13,0.083,17.31
3.0,1.0,1.5,4.5,0.6,14400,0.4,126,78.6,10.44,0.31,1.13,0.083,17.31
3.0,1.0,1.5,4.5,0.8,14400,0.4,126,78.6,10.44,0.31,1.13,0.083,17.31
3.0,1.5,2.5,3.0,0.4,2400,0.4,180,67.2,14.99,0.58,1.19,0.083,15.66
3.0,1.5,2.5,3.0,0.8,7200,0.2,128,77.3,10.6,0.33,1.12,0.083,18.19
3.0,1.5,2.5,3.0,0.8,14400,0.2,128,77.3,10.6,0.33,1.12,0.083,18.19
3.0,1.5,2.5,3.0,0.8,,0.4,128,77.3,10.6,0.33,1.12,0.083,18.19
3.0,1.5,2.5,4.5,0.4,2400,0.4,180,67.2,14.99,0.58,1.19,0.083,15.66
3.0,1.5,2.5,4.5,0.8,7200,0.2,128,77.3,10.6,0.33,1.12,0.083,18.19
3.0,1.5,2.5,4.5,0.8,14400,0.2,128,77.3,10.6,0.33,1.12,0.083,18.19
3.0,1.5,2.5,4.5,0.8,,0.4,128,77.3,10.6,0.33,1.12,0.083,18.19
2.0,1.5,2.5,3.0,0.8,7200,0.8,249,64.7,20.53,0.67,1.22,0.082,13.51
3.0,1.0,2.5,3.0,0.4,14400,0.8,162,74.1,13.32,0.41,1.17,0.082,16.43
3.0,1.0,2.5,3.0,0.6,14400,0.8,162,74.1,13.32,0.41,1.17,0.082,16.43
3.0,1.0,2.5,3.0,0.8,14400,0.8,162,74.1,13.32,0.41,1.17,0.082,16.43
3.0,1.0,2.5,4.5,0.4,14400,0.8,162,74.1,13.32,0.41,1.17,0.082,16.43
3.0,1.0,2.5,4.5,0.6,14400,0.8,162,74.1,13.32,0.41,1.17,0.082,16.43
3.0,1.0,2.5,4.5,0.8,14400,0.8,162,74.1,13.32,0.41,1.17,0.082,16.43
2.0,1.5,2.5,4.5,0.8,7200,0.8,249,64.7,20.08,0.67,1.22,0.081,13.51
3.0,1.0,1.5,3.0,0.4,7200,0.4,133,78.2,10.65,0.32,1.13,0.08,17.38
3.0,1.0,1.5,3.0,0.6,7200,0.4,133,78.2,10.65,0.32,1.13,0.08,17.38
3.0,1.0,1.5,3.0,0.8,7200,0.4,133,78.2,10.65,0.32,1.13,0.08,17.38
3.0,1.0,1.5,4.5,0.4,7200,0.4,133,78.2,10.65,0.32,1.13,0.08,17.38
3.0,1.0,1.5,4.5,0.6,7200,0.4,133,78.2,10.65,0.32,1.13,0.08,17.38
3.0,1.0,1.5,4.5,0.8,7200,0.4,133,78.2,10.65,0.32,1.13,0.08,17.38
3.0,1.5,2.5,3.0,0.6,7200,0.8,206,67.0,16.45,0.59,1.19,0.08,17.04
3.0,1.5,2.5,4.5,0.6,7200,0.8,206,67.0,16.45,0.59,1.19,0.08,17.04
2.0,0.7,1.5,3.0,0.4,7200,0.2,210,78.1,16.27,0.33,1.18,0.077,11.59
2.0,0.7,1.5,3.0,0.4,14400,0.2,210,78.1,16.27,0.33,1.18,0.077,11.59
2.0,0.7,1.5,3.0,0.4,,0.4,210,78.1,16.27,0.33,1.18,0.077,11.59
2.0,0.7,1.5,3.0,0.6,7200,0.2,210,78.1,16.27,0.33,1.18,0.077,11.59
2.0,0.7,1.5,3.0,0.6,14400,0.2,210,78.1,16.27,0.33,1.18,0.077,11.59
2.0,0.7,1.5,3.0,0.6,,0.4,210,78.1,16.27,0.33,1.18,0.077,11.59
2.0,0.7,1.5,3.0,0.8,7200,0.2,210,78.1,16.27,0.33,1.18,0.077,11.59
2.0,0.7,1.5,3.0,0.8,14400,0.2,210,78.1,16.27,0.33,1.18,0.077,11.59
2.0,0.7,1.5,3.0,0.8,,0.4,210,78.1,16.27,0.33,1.18,0.077,11.59
3.0,1.0,1.5,3.0,0.4,3600,0.2,131,76.3,10.13,0.35,1.12,0.077,16.5
3.0,1.0,1.5,3.0,0.6,3600,0.2,131,76.3,10.13,0.35,1.12,0.077,16.5
3.0,1.0,1.5,3.0,0.8,3600,0.2,131,76.3,10.13,0.35,1.12,0.077,16.5
3.0,1.0,1.5,4.5,0.4,3600,0.2,131,76.3,10.13,0.35,1.12,0.077,16.5
3.0,1.0,1.5,4.5,0.6,3600,0.2,131,76.3,10.13,0.35,1.12,0.077,16.5
3.0,1.0,1.5,4.5,0.8,3600,0.2,131,76.3,10.13,0.35,1.12,0.077,16.5
3.0,1.5,2.5,3.0,0.4,1200,0.4,226,69.5,17.3,0.55,1.24,0.077,15.26
3.0,1.5,2.5,4.5,0.4,1200,0.4,226,69.5,17.3,0.55,1.24,0.077,15.26
2.0,0.7,1.5,3.0,0.4,2400,0.2,223,76.2,17.04,0.37,1.18,0.076,12.22
2.0,0.7,1.5,3.0,0.4,3600,0.2,218,76.6,16.66,0.36,1.18,0.076,11.59
2.0,0.7,1.5,3.0,0.6,2400,0.2,223,76.2,17.04,0.37,1.18,0.076,12.22
2.0,0.7,1.5,3.0,0.6,3600,0.2,218,76.6,16.66,0.36,1.18,0.076,11.59
2.0,0.7,1.5,3.0,0.8,2400,0.2,223,76.2,17.04,0.37,1.18,0.076,12.22
2.0,0.7,1.5,3.0,0.8,3600,0.2,218,76.6,16.66,0.36,1.18,0.076,11.59
5.0,0.7,1.5,3.0,0.4,7200,0.4,131,87.0,9.97,0.17,1.16,0.076,14.43
5.0,0.7,1.5,3.0,0.6,7200,0.4,131,87.0,9.97,0.17,1.16,0.076,14.43
5.0,0.7,1.5,3.0,0.8,7200,0.4,131,87.0,9.97,0.17,1.16,0.076,14.43
5.0,0.7,1.5,4.5,0.4,7200,0.4,131,87.0,9.97,0.17,1.16,0.076,14.43
5.0,0.7,1.5,4.5,0.6,7200,0.4,131,87.0,9.97,0.17,1.16,0.076,14.43
5.0,0.7,1.5,4.5,0.8,7200,0.4,131,87.0,9.97,0.17,1.16,0.076,14.43
2.0,0.7,1.5,3.0,0.4,14400,0.4,213,77.9,16.05,0.33,1.17,0.075,11.59
2.0,0.7,1.5,3.0,0.6,14400,0.4,213,77.9,16.05,0.33,1.17,0.075,11.59
2.0,0.7,1.5,3.0,0.8,14400,0.4,213,77.9,16.05,0.33,1.17,0.075,11.59
3.0,1.5,2.5,3.0,0.8,3600,0.2,132,75.8,9.92,0.36,1.11,0.075,18.19
3.0,1.5,2.5,3.0,0.8,7200,0.8,204,67.2,15.4,0.58,1.18,0.075,18.15
3.0,1.5,2.5,4.5,0.8,3600,0.2,132,75.8,9.92,0.36,1.11,0.075,18.19
3.0,1.5,2.5,4.5,0.8,7200,0.8,204,67.2,15.4,0.58,1.18,0.075,18.15
5.0,1.0,1.5,3.0,0.4,3600,0.8,236,70.3,17.35,0.53,1.27,0.074,10.51
5.0,1.0,1.5,3.0,0.6,3600,0.8,236,70.3,17.35,0.53,1.27,0.074,10.51
5.0,1.0,1.5,3.0,0.8,3600,0.8,236,70.3,17.35,0.53,1.27,0.074,10.51
5.0,1.0,1.5,4.5,0.4,3600,0.8,236,70.3,17.35,0.53,1.27,0.074,10.51
5.0,1.0,1.5,4.5,0.6,3600,0.8,236,70.3,17.35,0.53,1.27,0.074,10.51
5.0,1.0,1.5,4.5,0.8,3600,0.8,236,70.3,17.35,0.53,1.27,0.074,10.51
2.0,0.7,1.5,3.0,0.4,1200,0.2,237,74.3,16.99,0.41,1.19,0.072,12.95
2.0,0.7,1.5,3.0,0.6,1200,0.2,237,74.3,16.99,0.41,1.19,0.072,12.95
2.0,0.7,1.5,3.0,0.8,1200,0.2,237,74.3,16.99,0.41,1.19,0.072,12.95
3.0,1.5,2.5,3.0,0.4,3600,0.8,278,66.2,20.02,0.64,1.26,0.072,14.3
3.0,1.5,2.5,4.5,0.4,3600,0.8,278,66.2,20.02,0.64,1.26,0.072,14.3
5.0,0.7,1.5,3.0,0.4,7200,0.8,195,73.8,14.05,0.43,1.23,0.072,15.47
5.0,0.7,1.5,3.0,0.6,7200,0.8,195,73.8,14.05,0.43,1.23,0.072,15.47
5.0,0.7,1.5,3.0,0.8,7200,0.8,195,73.8,14.05,0.43,1.23,0.072,15.47
5.0,0.7,1.5,4.5,0.4,7200,0.8,195,73.8,14.05,0.43,1.23,0.072,15.47
5.0,0.7,1.5,4.5,0.6,7200,0.8,195,73.8,14.05,0.43,1.23,0.072,15.47
5.0,0.7,1.5,4.5,0.8,7200,0.8,195,73.8,14.05,0.43,1.23,0.072,15.47
5.0,1.5,2.5,3.0,0.6,2400,0.4,130,73.8,9.4,0.4,1.14,0.072,11.79
5.0,1.5,2.5,4.5,0.6,2400,0.4,130,73.8,9.4,0.4,1.14,0.072,11.79
2.0,0.7,1.5,4.5,0.4,7200,0.2,210,78.1,14.92,0.33,1.16,0.071,11.59
2.0,0.7,1.5,4.5,0.4,14400,0.2,210,78.1,14.92,0.33,1.16,0.071,11.59
2.0,0.7,1.5,4.5,0.4,,0.4,210,78.1,14.92,0.33,1.16,0.071,11.59
2.0,0.7,1.5,4.5,0.6,7200,0.2,210,78.1,14.92,0.33,1.16,0.071,11.59
2.0,0.7,1.5,4.5,0.6,14400,0.2,210,78.1,14.92,0.33,1.16,0.071,11.59
2.0,0.7,1.5,4.5,0.6,,0.4,210,78.1,14.92,0.33,1.16,0.071,11.59
2.0,0.7,1.5,4.5,0.8,7200,0.2,210,78.1,14.92,0.33,1.16,0.071,11.59
2.0,0.7,1.5,4.5,0.8,14400,0.2,210,78.1,14.92,0.33,1.16,0.071,11.59
2.0,0.7,1.5,4.5,0.8,,0.4,210,78.1,14.92,0.33,1.16,0.071,11.59
5.0,0.7,1.5,3.0,0.4,1200,0.2,146,83.6,10.36,0.23,1.17,0.071,14.34
5.0,0.7,1.5,3.0,0.6,1200,0.2,146,83.6,10.36,0.23,1.17,0.071,14.34
5.0,0.7,1.5,3.0,0.8,1200,0.2,146,83.6,10.36,0.23,1.17,0.071,14.34
5.0,0.7,1.5,4.5,0.4,1200,0.2,146,83.6,10.36,0.23,1.17,0.071,14.34
5.0,0.7,1.5,4.5,0.6,1200,0.2,146,83.6,10.36,0.23,1.17,0.071,14.34
5.0,0.7,1.5,4.5,0.8,1200,0.2,146,83.6,10.36,0.23,1.17,0.071,14.34
2.0,0.7,1.5,4.5,0.4,2400,0.2,223,76.2,15.69,0.36,1.17,0.07,12.22
2.0,0.7,1.5,4.5,0.4,3600,0.2,218,76.6,15.31,0.36,1.17,0.07,11.59
2.0,0.7,1.5,4.5,0.6,2400,0.2,223,76.2,15.69,0.36,1.17,0.07,12.22
2.0,0.7,1.5,4.5,0.6,3600,0.2,218,76.6,15.31,0.36,1.17,0.07,11.59
2.0,0.7,1.5,4.5,0.8,2400,0.2,223,76.2,15.69,0.36,1.17,0.07,12.22
2.0,0.7,1.5,4.5,0.8,3600,0.2,218,76.6,15.31,0.36,1.17,0.07,11.59
4.0,1.5,2.5,3.0,0.6,1200,0.4,205,74.1,14.42,0.43,1.23,0.07,14.12
4.0,1.5,2.5,4.5,0.6,1200,0.4,205,74.1,14.42,0.43,1.23,0.07,14.12
5.0,1.0,2.5,3.0,0.4,1200,0.2,107,82.2,7.44,0.24,1.11,0.07,14.83
5.0,1.0,2.5,3.0,0.6,1200,0.2,107,82.2,7.44,0.24,1.11,0.07,14.83
5.0,1.0,2.5,3.0,0.8,1200,0.2,107,82.2,7.44,0.24,1.11,0.07,14.83
5.0,1.0,2.5,4.5,0.4,1200,0.2,107,82.2,7.44,0.24,1.11,0.07,14.83
5.0,1.0,2.5,4.5,0.6,1200,0.2,107,82.2,7.44,0.24,1.11,0.07,14.83
5.0,1.0,2.5,4.5,0.8,1200,0.2,107,82.2,7.44,0.24,1.11,0.07,14.83
2.0,0.7,1.5,4.5,0.4,14400,0.4,213,77.9,14.7,0.33,1.16,0.069,11.59
2.0,0.7,1.5,4.5,0.6,14400,0.4,213,77.9,14.7,0.33,1.16,0.069,11.59
2.0,0.7,1.5,4.5,0.8,14400,0.4,213,77.9,14.7,0.33,1.16,0.069,11.59
3.0,1.0,1.5,3.0,0.4,7200,0.8,204,67.2,14.01,0.57,1.17,0.069,16.32
3.0,1.0,1.5,3.0,0.6,7200,0.8,204,67.2,14.01,0.57,1.17,0.069,16.32
3.0,1.0,1.5,3.0,0.8,7200,0.8,204,67.2,14.01,0.57,1.17,0.069,16.32
3.0,1.0,1.5,4.5,0.4,7200,0.8,204,67.2,14.01,0.57,1.17,0.069,16.32
3.0,1.0,1.5,4.5,0.6,7200,0.8,204,67.2,14.01,0.57,1.17,0.069,16.32
3.0,1.0,1.5,4.5,0.8,7200,0.8,204,67.2,14.01,0.57,1.17,0.069,16.32
3.0,1.0,2.5,3.0,0.4,3600,0.4,158,75.9,10.96,0.36,1.14,0.069,16.65
3.0,1.0,2.5,3.0,0.6,3600,0.4,158,75.9,10.96,0.36,1.14,0.069,16.65
3.0,1.0,2.5,3.0,0.8,3600,0.4,158,75.9,10.96,0.36,1.14,0.069,16.65
3.0,1.0,2.5,4.5,0.4,3600,0.4,158,75.9,10.96,0.36,1.14,0.069,16.65
3.0,1.0,2.5,4.5,0.6,3600,0.4,158,75.9,10.96,0.36,1.14,0.069,16.65
3.0,1.0,2.5,4.5,0.8,3600,0.4,158,75.9,10.96,0.36,1.14,0.069,16.65
4.0,1.5,2.5,3.0,0.4,7200,0.8,186,67.7,12.4,0.55,1.15,0.067,18.89
4.0,1.5,2.5,4.5,0.4,7200,0.8,186,67.7,12.4,0.55,1.15,0.067,18.89
2.0,0.7,1.5,4.5,0.4,1200,0.2,237,74.3,15.64,0.41,1.18,0.066,12.95
2.0,0.7,1.5,4.5,0.6,1200,0.2,237,74.3,15.64,0.41,1.18,0.066,12.95
2.0,0.7,1.5,4.5,0.8,1200,0.2,237,74.3,15.64,0.41,1.18,0.066,12.95
3.0,1.0,1.5,3.0,0.4,2400,0.2,139,74.8,9.22,0.37,1.11,0.066,16.5
3.0,1.0,1.5,3.0,0.6,2400,0.2,139,74.8,9.22,0.37,1.11,0.066,16.5
3.0,1.0,1.5,3.0,0.8,2400,0.2,139,74.8,9.22,0.37,1.11,0.066,16.5
3.0,1.0,1.5,4.5,0.4,2400,0.2,139,74.8,9.22,0.37,1.11,0.066,16.5
3.0,1.0,1.5,4.5,0.6,2400,0.2,139,74.8,9.22,0.37,1.11,0.066,16.5
3.0,1.0,1.5,4.5,0.8,2400,0.2,139,74.8,9.22,0.37,1.11,0.066,16.5
3.0,1.5,2.5,3.0,0.6,1200,0.4,234,69.7,15.42,0.53,1.21,0.066,12.38
3.0,1.5,2.5,4.5,0.6,1200,0.4,234,69.7,15.42,0.53,1.21,0.066,12.38
5.0,1.0,2.5,3.0,0.4,3600,0.8,236,70.3,15.55,0.52,1.24,0.066,10.51
5.0,1.0,2.5,3.0,0.6,3600,0.8,236,70.3,15.55,0.52,1.24,0.066,10.51
5.0,1.0,2.5,3.0,0.8,3600,0.8,236,70.3,15.55,0.52,1.24,0.066,10.51
5.0,1.0,2.5,4.5,0.4,3600,0.8,236,70.3,15.55,0.52,1.24,0.066,10.51
5.0,1.0,2.5,4.5,0.6,3600,0.8,236,70.3,15.55,0.52,1.24,0.066,10.51
5.0,1.0,2.5,4.5,0.8,3600,0.8,236,70.3,15.55,0.52,1.24,0.066,10.51
3.0,1.5,2.5,3.0,0.8,1200,0.2,138,73.2,8.94,0.41,1.11,0.065,19.16
3.0,1.5,2.5,4.5,0.8,1200,0.2,138,73.2,8.94,0.41,1.11,0.065,19.16
5.0,0.7,2.5,3.0,0.4,7200,0.4,131,87.0,8.53,0.17,1.14,0.065,15.15
5.0,0.7,2.5,3.0,0.4,7200,0.8,195,73.8,12.61,0.43,1.2,0.065,15.47
5.0,0.7,2.5,3.0,0.6,7200,0.4,131,87.0,8.53,0.17,1.14,0.065,15.15
5.0,0.7,2.5,3.0,0.6,7200,0.8,195,73.8,12.61,0.43,1.2,0.065,15.47
5.0,0.7,2.5,3.0,0.8,7200,0.4,131,87.0,8.53,0.17,1.14,0.065,15.15
5.0,0.7,2.5,3.0,0.8,7200,0.8,195,73.8,12.61,0.43,1.2,0.065,15.47
5.0,0.7,2.5,4.5,0.4,7200,0.4,131,87.0,8.53,0.17,1.14,0.065,15.15
5.0,0.7,2.5,4.5,0.4,7200,0.8,195,73.8,12.61,0.43,1.2,0.065,15.47
5.0,0.7,2.5,4.5,0.6,7200,0.4,131,87.0,8.53,0.17,1.14,0.065,15.15
5.0,0.7,2.5,4.5,0.6,7200,0.8,195,73.8,12.61,0.43,1.2,0.065,15.47
5.0,0.7,2.5,4.5,0.8,7200,0.4,131,87.0,8.53,0.17,1.14,0.065,15.15
5.0,0.7,2.5,4.5,0.8,7200,0.8,195,73.8,12.61,0.43,1.2,0.065,15.47
2.0,0.7,2.5,3.0,0.4,7200,0.2,210,78.1,13.39,0.32,1.15,0.064,11.59
2.0,0.7,2.5,3.0,0.4,14400,0.2,210,78.1,13.39,0.32,1.15,0.064,11.59
2.0,0.7,2.5,3.0,0.4,,0.4,210,78.1,13.39,0.32,1.15,0.064,11.59
2.0,0.7,2.5,3.0,0.6,7200,0.2,210,78.1,13.39,0.32,1.15,0.064,11.59
2.0,0.7,2.5,3.0,0.6,14400,0.2,210,78.1,13.39,0.32,1.15,0.064,11.59
2.0,0.7,2.5,3.0,0.6,,0.4,210,78.1,13.39,0.32,1.15,0.064,11.59
2.0,0.7,2.5,3.0,0.8,7200,0.2,210,78.1,13.39,0.32,1.15,0.064,11.59
2.0,0.7,2.5,3.0,0.8,14400,0.2,210,78.1,13.39,0.32,1.15,0.064,11.59
2.0,0.7,2.5,3.0,0.8,,0.4,210,78.1,13.39,0.32,1.15,0.064,11.59
3.0,1.0,2.5,3.0,0.4,7200,0.2,126,78.6,8.1,0.3,1.1,0.064,16.5
3.0,1.0,2.5,3.0,0.4,14400,0.2,126,78.6,8.1,0.3,1.1,0.064,16.5
3.0,1.0,2.5,3.0,0.4,,0.4,126,78.6,8.1,0.3,1.1,0.064,16.5
3.0,1.0,2.5,3.0,0.6,7200,0.2,126,78.6,8.1,0.3,1.1,0.064,16.5
3.0,1.0,2.5,3.0,0.6,14400,0.2,126,78.6,8.1,0.3,1.1,0.064,16.5
3.0,1.0,2.5,3.0,0.6,,0.4,126,78.6,8.1,0.3,1.1,0.064,16.5
3.0,1.0,2.5,3.0,0.8,7200,0.2,126,78.6,8.1,0.3,1.1,0.064,16.5
3.0,1.0,2.5,3.0,0.8,14400,0.2,126,78.6,8.1,0.3,1.1,0.064,16.5
3.0,1.0,2.5,3.0,0.8,,0.4,126,78.6,8.1,0.3,1.1,0.064,16.5
3.0,1.0,2.5,4.5,0.4,7200,0.2,126,78.6,8.1,0.3,1.1,0.064,16.5
3.0,1.0,2.5,4.5,0.4,14400,0.2,126,78.6,8.1,0.3,1.1,0.064,16.5
3.0,1.0,2.5,4.5,0.4,,0.4,126,78.6,8.1,0.3,1.1,0.064,16.5
3.0,1.0,2.5,4.5,0.6,7200,0.2,126,78.6,8.1,0.3,1.1,0.064,16.5
3.0,1.0,2.5,4.5,0.6,14400,0.2,126,78.6,8.1,0.3,1.1,0.064,16.5
3.0,1.0,2.5,4.5,0.6,,0.4,126,78.6,8.1,0.3,1.1,0.064,16.5
3.0,1.0,2.5,4.5,0.8,7200,0.2,126,78.6,8.1,0.3,1.1,0.064,16.5
3.0,1.0,2.5,4.5,0.8,14400,0.2,126,78.6,8.1,0.3,1.1,0.064,16.5
3.0,1.0,2.5,4.5,0.8,,0.4,126,78.6,8.1,0.3,1.1,0.064,16.5
4.0,1.5,2.5,3.0,0.6,2400,0.4,143,72.0,9.11,0.44,1.13,0.064,15.67
4.0,1.5,2.5,4.5,0.6,2400,0.4,143,72.0,9.11,0.44,1.13,0.064,15.67
5.0,1.0,2.5,3.0,0.4,2400,0.4,136,75.0,8.76,0.38,1.14,0.064,12.72
5.0,1.0,2.5,3.0,0.6,2400,0.4,136,75.0,8.76,0.38,1.14,0.064,12.72
5.0,1.0,2.5,3.0,0.8,2400,0.4,136,75.0,8.76,0.38,1.14,0.064,12.72
5.0,1.0,2.5,4.5,0.4,2400,0.4,136,75.0,8.76,0.38,1.14,0.064,12.72
5.0,1.0,2.5,4.5,0.6,2400,0.4,136,75.0,8.76,0.38,1.14,0.064,12.72
5.0,1.0,2.5,4.5,0.8,2400,0.4,136,75.0,8.76,0.38,1.14,0.064,12.72
2.0,0.7,2.5,3.0,0.4,2400,0.2,223,76.2,14.16,0.36,1.15,0.063,12.22
2.0,0.7,2.5,3.0,0.4,3600,0.2,218,76.6,13.78,0.35,1.15,0.063,11.59
2.0,0.7,2.5,3.0,0.6,2400,0.2,223,76.2,14.16,0.36,1.15,0.063,12.22
2.0,0.7,2.5,3.0,0.6,3600,0.2,218,76.6,13.78,0.35,1.15,0.063,11.59
2.0,0.7,2.5,3.0,0.8,2400,0.2,223,76.2,14.16,0.36,1.15,0.063,12.22
2.0,0.7,2.5,3.0,0.8,3600,0.2,218,76.6,13.78,0.35,1.15,0.063,11.59
4.0,1.5,2.5,3.0,0.4,3600,0.8,258,68.6,16.21,0.55,1.21,0.063,14.26
4.0,1.5,2.5,4.5,0.4,3600,0.8,258,68.6,16.21,0.55,1.21,0.063,14.26
5.0,1.5,2.5,3.0,0.8,2400,0.4,128,74.2,8.07,0.39,1.12,0.063,12.33
5.0,1.5,2.5,4.5,0.8,2400,0.4,128,74.2,8.07,0.39,1.12,0.063,12.33
2.0,0.7,2.5,3.0,0.4,14400,0.4,213,77.9,13.17,0.32,1.14,0.062,11.59
2.0,0.7,2.5,3.0,0.6,14400,0.4,213,77.9,13.17,0.32,1.14,0.062,11.59
2.0,0.7,2.5,3.0,0.8,14400,0.4,213,77.9,13.17,0.32,1.14,0.062,11.59
2.0,0.7,2.5,4.5,0.4,7200,0.2,210,78.1,12.94,0.32,1.14,0.062,11.59
2.0,0.7,2.5,4.5,0.4,14400,0.2,210,78.1,12.94,0.32,1.14,0.062,11.59
2.0,0.7,2.5,4.5,0.4,,0.4,210,78.1,12.94,0.32,1.14,0.062,11.59
2.0,0.7,2.5,4.5,0.6,7200,0.2,210,78.1,12.94,0.32,1.14,0.062,11.59
2.0,0.7,2.5,4.5,0.6,14400,0.2,210,78.1,12.94,0.32,1.14,0.062,11.59
2.0,0.7,2.5,4.5,0.6,,0.4,210,78.1,12.94,0.32,1.14,0.062,11.59
2.0,0.7,2.5,4.5,0.8,7200,0.2,210,78.1,12.94,0.32,1.14,0.062,11.59
2.0,0.7,2.5,4.5,0.8,14400,0.2,210,78.1,12.94,0.32,1.14,0.062,11.59
2.0,0.7,2.5,4.5,0.8,,0.4,210,78.1,12.94,0.32,1.14,0.062,11.59
5.0,1.5,2.5,3.0,0.6,1200,0.4,189,73.5,11.7,0.43,1.2,0.062,13.88
5.0,1.5,2.5,4.5,0.6,1200,0.4,189,73.5,11.7,0.43,1.2,0.062,13.88
2.0,0.7,2.5,4.5,0.4,2400,0.2,223,76.2,13.71,0.36,1.15,0.061,12.22
2.0,0.7,2.5,4.5,0.4,3600,0.2,218,76.6,13.33,0.35,1.14,0.061,11.59
2.0,0.7,2.5,4.5,0.6,2400,0.2,223,76.2,13.71,0.36,1.15,0.061,12.22
2.0,0.7,2.5,4.5,0.6,3600,0.2,218,76.6,13.33,0.35,1.14,0.061,11.59
2.0,0.7,2.5,4.5,0.8,2400,0.2,223,76.2,13.71,0.36,1.15,0.061,12.22
2.0,0.7,2.5,4.5,0.8,3600,0.2,218,76.6,13.33,0.35,1.14,0.061,11.59
5.0,0.7,2.5,3.0,0.4,1200,0.2,146,83.6,8.92,0.23,1.15,0.061,15.06
5.0,0.7,2.5,3.0,0.6,1200,0.2,146,83.6,8.92,0.23,1.15,0.061,15.06
5.0,0.7,2.5,3.0,0.8,1200,0.2,146,83.6,8.92,0.23,1.15,0.061,15.06
5.0,0.7,2.5,4.5,0.4,1200,0.2,146,83.6,8.92,0.23,1.15,0.061,15.06
5.0,0.7,2.5,4.5,0.6,1200,0.2,146,83.6,8.92,0.23,1.15,0.061,15.06
5.0,0.7,2.5,4.5,0.8,1200,0.2,146,83.6,8.92,0.23,1.15,0.061,15.06
2.0,0.7,2.5,3.0,0.4,1200,0.2,237,74.3,14.11,0.4,1.16,0.06,12.95
2.0,0.7,2.5,3.0,0.6,1200,0.2,237,74.3,14.11,0.4,1.16,0.06,12.95
2.0,0.7,2.5,3.0,0.8,1200,0.2,237,74.3,14.11,0.4,1.16,0.06,12.95
2.0,0.7,2.5,4.5,0.4,14400,0.4,213,77.9,12.72,0.32,1.14,0.06,11.59
2.0,0.7,2.5,4.5,0.6,14400,0.4,213,77.9,12.72,0.32,1.14,0.06,11.59
2.0,0.7,2.5,4.5,0.8,14400,0.4,213,77.9,12.72,0.32,1.14,0.06,11.59
4.0,1.0,1.5,3.0,0.4,3600,0.4,128,80.5,7.64,0.27,1.11,0.06,19.78
4.0,1.0,1.5,3.0,0.6,3600,0.4,128,80.5,7.64,0.27,1.11,0.06,19.78
4.0,1.0,1.5,3.0,0.8,3600,0.4,128,80.5,7.64,0.27,1.11,0.06,19.78
4.0,1.0,1.5,4.5,0.4,3600,0.4,128,80.5,7.64,0.27,1.11,0.06,19.78
4.0,1.0,1.5,4.5,0.6,3600,0.4,128,80.5,7.64,0.27,1.11,0.06,19.78
4.0,1.0,1.5,4.5,0.8,3600,0.4,128,80.5,7.64,0.27,1.11,0.06,19.78
2.0,0.7,1.5,3.0,0.4,7200,0.8,285,69.1,16.95,0.53,1.2,0.059,7.02
2.0,0.7,1.5,3.0,0.6,7200,0.8,285,69.1,16.95,0.53,1.2,0.059,7.02
2.0,0.7,1.5,3.0,0.8,7200,0.8,285,69.1,16.95,0.53,1.2,0.059,7.02
4.0,1.5,2.5,3.0,0.8,1200,0.4,204,75.0,12.02,0.4,1.19,0.059,14.59
4.0,1.5,2.5,4.5,0.8,1200,0.4,204,75.0,12.02,0.4,1.19,0.059,14.59
5.0,1.0,1.5,3.0,0.4,1200,0.4,171,71.9,10.1,0.46,1.19,0.059,13.77
5.0,1.0,1.5,3.0,0.6,1200,0.4,171,71.9,10.1,0.46,1.19,0.059,13.77
5.0,1.0,1.5,3.0,0.8,1200,0.4,171,71.9,10.1,0.46,1.19,0.059,13.77
5.0,1.0,1.5,4.5,0.4,1200,0.4,171,71.9,10.1,0.46,1.19,0.059,13.77
5.0,1.0,1.5,4.5,0.6,1200,0.4,171,71.9,10.1,0.46,1.19,0.059,13.77
5.0,1.0,1.5,4.5,0.8,1200,0.4,171,71.9,10.1,0.46,1.19,0.059,13.77
2.0,0.7,2.5,4.5,0.4,1200,0.2,237,74.3,13.66,0.4,1.15,0.058,12.95
2.0,0.7,2.5,4.5,0.6,1200,0.2,237,74.3,13.66,0.4,1.15,0.058,12.95
2.0,0.7,2.5,4.5,0.8,1200,0.2,237,74.3,13.66,0.4,1.15,0.058,12.95
3.0,1.0,2.5,3.0,0.4,14400,0.4,126,78.6,7.29,0.3,1.09,0.058,17.31
3.0,1.0,2.5,3.0,0.6,14400,0.4,126,78.6,7.29,0.3,1.09,0.058,17.31
3.0,1.0,2.5,3.0,0.8,14400,0.4,126,78.6,7.29,0.3,1.09,0.058,17.31
3.0,1.0,2.5,4.5,0.4,14400,0.4,126,78.6,7.29,0.3,1.09,0.058,17.31
3.0,1.0,2.5,4.5,0.6,14400,0.4,126,78.6,7.29,0.3,1.09,0.058,17.31
3.0,1.0,2.5,4.5,0.8,14400,0.4,126,78.6,7.29,0.3,1.09,0.058,17.31
3.0,1.5,2.5,3.0,0.6,2400,0.4,179,67.0,10.44,0.56,1.13,0.058,15.8
3.0,1.5,2.5,4.5,0.6,2400,0.4,179,67.0,10.44,0.56,1.13,0.058,15.8
2.0,1.5,2.5,3.0,0.6,3600,0.8,321,64.8,18.37,0.66,1.22,0.057,9.23
3.0,1.0,1.5,3.0,0.4,1200,0.2,141,71.6,8.01,0.44,1.1,0.057,16.5
3.0,1.0,1.5,3.0,0.6,1200,0.2,141,71.6,8.01,0.44,1.1,0.057,16.5
3.0,1.0,1.5,3.0,0.8,1200,0.2,141,71.6,8.01,0.44,1.1,0.057,16.5
3.0,1.0,1.5,4.5,0.4,1200,0.2,141,71.6,8.01,0.44,1.1,0.057,16.5
3.0,1.0,1.5,4.5,0.6,1200,0.2,141,71.6,8.01,0.44,1.1,0.057,16.5
3.0,1.0,1.5,4.5,0.8,1200,0.2,141,71.6,8.01,0.44,1.1,0.057,16.5
3.0,1.5,2.5,3.0,0.4,2400,0.8,324,61.1,18.4,0.79,1.25,0.057,15.08
3.0,1.5,2.5,4.5,0.4,2400,0.8,324,61.1,18.4,0.79,1.25,0.057,15.08
4.0,1.5,2.5,3.0,0.4,2400,0.4,133,72.2,7.52,0.43,1.11,0.057,20.31
4.0,1.5,2.5,4.5,0.4,2400,0.4,133,72.2,7.52,0.43,1.11,0.057,20.31
2.0,0.7,1.5,3.0,0.4,14400,0.8,246,72.4,13.78,0.44,1.15,0.056,12.22
2.0,0.7,1.5,3.0,0.6,14400,0.8,246,72.4,13.78,0.44,1.15,0.056,12.22
2.0,0.7,1.5,3.0,0.8,14400,0.8,246,72.4,13.78,0.44,1.15,0.056,12.22
2.0,1.5,2.5,4.5,0.6,3600,0.8,321,64.8,17.92,0.66,1.21,0.056,9.23
3.0,1.0,2.5,3.0,0.4,7200,0.4,133,78.2,7.5,0.3,1.09,0.056,17.38
3.0,1.0,2.5,3.0,0.6,7200,0.4,133,78.2,7.5,0.3,1.09,0.056,17.38
3.0,1.0,2.5,3.0,0.8,7200,0.4,133,78.2,7.5,0.3,1.09,0.056,17.38
3.0,1.0,2.5,4.5,0.4,7200,0.4,133,78.2,7.5,0.3,1.09,0.056,17.38
3.0,1.0,2.5,4.5,0.6,7200,0.4,133,78.2,7.5,0.3,1.09,0.056,17.38
3.0,1.0,2.5,4.5,0.8,7200,0.4,133,78.2,7.5,0.3,1.09,0.056,17.38
4.0,1.5,2.5,3.0,0.4,14400,0.8,122,79.5,6.88,0.28,1.09,0.056,25.95
4.0,1.5,2.5,4.5,0.4,14400,0.8,122,79.5,6.88,0.28,1.09,0.056,25.95
2.0,0.7,1.5,3.0,0.4,7200,0.4,222,76.6,12.19,0.35,1.13,0.055,11.59
2.0,0.7,1.5,3.0,0.6,7200,0.4,222,76.6,12.19,0.35,1.13,0.055,11.59
2.0,0.7,1.5,3.0,0.8,7200,0.4,222,76.6,12.19,0.35,1.13,0.055,11.59
2.0,0.7,1.5,4.5,0.4,7200,0.8,285,69.1,15.6,0.53,1.18,0.055,7.02
2.0,0.7,1.5,4.5,0.6,7200,0.8,285,69.1,15.6,0.53,1.18,0.055,7.02
2.0,0.7,1.5,4.5,0.8,7200,0.8,285,69.1,15.6,0.53,1.18,0.055,7.02
3.0,1.0,1.5,3.0,0.4,2400,0.4,177,67.8,9.52,0.54,1.13,0.054,16.82
3.0,1.0,1.5,3.0,0.6,2400,0.4,177,67.8,9.52,0.54,1.13,0.054,16.82
3.0,1.0,1.5,3.0,0.8,2400,0.4,177,67.8,9.52,0.54,1.13,0.054,16.82
3.0,1.0,1.5,4.5,0.4,2400,0.4,177,67.8,9.52,0.54,1.13,0.054,16.82
3.0,1.0,1.5,4.5,0.6,2400,0.4,177,67.8,9.52,0.54,1.13,0.054,16.82
3.0,1.0,1.5,4.5,0.8,2400,0.4,177,67.8,9.52,0.54,1.13,0.054,16.82
2.0,1.5,2.5,3.0,0.4,3600,0.8,322,64.3,17.07,0.67,1.2,0.053,9.23
3.0,1.0,2.5,3.0,0.4,3600,0.2,131,76.3,6.98,0.34,1.09,0.053,16.5
3.0,1.0,2.5,3.0,0.4,7200,0.8,204,67.2,10.86,0.56,1.14,0.053,16.32
3.0,1.0,2.5,3.0,0.6,3600,0.2,131,76.3,6.98,0.34,1.09,0.053,16.5
3.0,1.0,2.5,3.0,0.6,7200,0.8,204,67.2,10.86,0.56,1.14,0.053,16.32
3.0,1.0,2.5,3.0,0.8,3600,0.2,131,76.3,6.98,0.34,1.09,0.053,16.5
3.0,1.0,2.5,3.0,0.8,7200,0.8,204,67.2,10.86,0.56,1.14,0.053,16.32
3.0,1.0,2.5,4.5,0.4,3600,0.2,131,76.3,6.98,0.34,1.09,0.053,16.5
3.0,1.0,2.5,4.5,0.4,7200,0.8,204,67.2,10.86,0.56,1.14,0.053,16.32
3.0,1.0,2.5,4.5,0.6,3600,0.2,131,76.3,6.98,0.34,1.09,0.053,16.5
3.0,1.0,2.5,4.5,0.6,7200,0.8,204,67.2,10.86,0.56,1.14,0.053,16.32
3.0,1.0,2.5,4.5,0.8,3600,0.2,131,76.3,6.98,0.34,1.09,0.053,16.5
3.0,1.0,2.5,4.5,0.8,7200,0.8,204,67.2,10.86,0.56,1.14,0.053,16.32
3.0,1.5,2.5,3.0,0.6,3600,0.8,276,65.9,14.62,0.61,1.19,0.053,14.29
3.0,1.5,2.5,4.5,0.6,3600,0.8,276,65.9,14.62,0.61,1.19,0.053,14.29
4.0,0.7,1.5,3.0,0.4,1200,0.4,254,73.6,13.56,0.44,1.22,0.053,13.86
4.0,0.7,1.5,3.0,0.6,1200,0.4,254,73.6,13.56,0.44,1.22,0.053,13.86
4.0,0.7,1.5,3.0,0.8,1200,0.4,254,73.6,13.56,0.44,1.22,0.053,13.86
2.0,1.5,2.5,4.5,0.4,3600,0.8,322,64.3,16.62,0.66,1.19,0.052,9.23
2.0,0.7,1.5,4.5,0.4,14400,0.8,246,72.4,12.43,0.43,1.14,0.051,12.22
2.0,0.7,1.5,4.5,0.6,14400,0.8,246,72.4,12.43,0.43,1.14,0.051,12.22
2.0,0.7,1.5,4.5,0.8,14400,0.8,246,72.4,12.43,0.43,1.14,0.051,12.22
2.0,1.5,2.5,3.0,0.8,3600,0.8,318,64.2,16.2,0.67,1.19,0.051,9.23
3.0,1.5,2.5,3.0,0.8,3600,0.8,273,65.2,13.86,0.63,1.18,0.051,14.69
3.0,1.5,2.5,4.5,0.8,3600,0.8,273,65.2,13.86,0.63,1.18,0.051,14.69
4.0,1.5,2.5,3.0,0.8,2400,0.4,141,72.3,7.24,0.42,1.1,0.051,16.67
4.0,1.5,2.5,3.0,0.8,7200,0.8,187,67.9,9.46,0.53,1.11,0.051,18.63
4.0,1.5,2.5,4.5,0.8,2400,0.4,141,72.3,7.24,0.42,1.1,0.051,16.67
4.0,1.5,2.5,4.5,0.8,7200,0.8,187,67.9,9.46,0.53,1.11,0.051,18.63
2.0,1.5,2.5,4.5,0.8,3600,0.8,318,64.2,15.75,0.66,1.19,0.05,9.23
2.0,0.7,1.5,3.0,0.4,3600,0.8,345,68.1,16.81,0.57,1.21,0.049,7.89
2.0,0.7,1.5,3.0,0.6,3600,0.8,345,68.1,16.81,0.57,1.21,0.049,7.89
2.0,0.7,1.5,3.0,0.8,3600,0.8,345,68.1,16.81,0.57,1.21,0.049,7.89
2.0,0.7,1.5,4.5,0.4,7200,0.4,222,76.6,10.84,0.34,1.12,0.049,11.59
2.0,0.7,1.5,4.5,0.6,7200,0.4,222,76.6,10.84,0.34,1.12,0.049,11.59
2.0,0.7,1.5,4.5,0.8,7200,0.4,222,76.6,10.84,0.34,1.12,0.049,11.59
2.0,0.7,2.5,3.0,0.4,7200,0.8,285,69.1,14.07,0.52,1.16,0.049,7.33
2.0,0.7,2.5,3.0,0.6,7200,0.8,285,69.1,14.07,0.52,1.16,0.049,7.33
2.0,0.7,2.5,3.0,0.8,7200,0.8,285,69.1,14.07,0.52,1.16,0.049,7.33
4.0,1.0,1.5,3.0,0.4,1200,0.4,198,72.7,9.79,0.43,1.15,0.049,15.55
4.0,1.0,1.5,3.0,0.6,1200,0.4,198,72.7,9.79,0.43,1.15,0.049,15.55
4.0,1.0,1.5,3.0,0.8,1200,0.4,198,72.7,9.79,0.43,1.15,0.049,15.55
4.0,1.0,1.5,4.5,0.4,1200,0.4,198,72.7,9.79,0.43,1.15,0.049,15.55
4.0,1.0,1.5,4.5,0.6,1200,0.4,198,72.7,9.79,0.43,1.15,0.049,15.55
4.0,1.0,1.5,4.5,0.8,1200,0.4,198,72.7,9.79,0.43,1.15,0.049,15.55
5.0,1.0,2.5,3.0,0.4,1200,0.4,171,71.9,8.3,0.45,1.15,0.049,13.77
5.0,1.0,2.5,3.0,0.6,1200,0.4,171,71.9,8.3,0.45,1.15,0.049,13.77
5.0,1.0,2.5,3.0,0.8,1200,0.4,171,71.9,8.3,0.45,1.15,0.049,13.77
5.0,1.0,2.5,4.5,0.4,1200,0.4,171,71.9,8.3,0.45,1.15,0.049,13.77
5.0,1.0,2.5,4.5,0.6,1200,0.4,171,71.9,8.3,0.45,1.15,0.049,13.77
5.0,1.0,2.5,4.5,0.8,1200,0.4,171,71.9,8.3,0.45,1.15,0.049,13.77
2.0,0.7,2.5,4.5,0.4,7200,0.8,285,69.1,13.62,0.52,1.16,0.048,7.33
2.0,0.7,2.5,4.5,0.6,7200,0.8,285,69.1,13.62,0.52,1.16,0.048,7.33
2.0,0.7,2.5,4.5,0.8,7200,0.8,285,69.1,13.62,0.52,1.16,0.048,7.33
3.0,1.5,2.5,3.0,0.6,2400,0.8,324,61.1,15.69,0.77,1.21,0.048,14.6
3.0,1.5,2.5,4.5,0.6,2400,0.8,324,61.1,15.69,0.77,1.21,0.048,14.6
4.0,0.7,1.5,4.5,0.4,1200,0.4,254,73.6,12.21,0.43,1.2,0.048,13.86
4.0,0.7,1.5,4.5,0.6,1200,0.4,254,73.6,12.21,0.43,1.2,0.048,13.86
4.0,0.7,1.5,4.5,0.8,1200,0.4,254,73.6,12.21,0.43,1.2,0.048,13.86
4.0,0.7,2.5,3.0,0.4,1200,0.4,254,73.6,12.12,0.43,1.2,0.048,14.58
4.0,0.7,2.5,3.0,0.6,1200,0.4,254,73.6,12.12,0.43,1.2,0.048,14.58
4.0,0.7,2.5,3.0,0.8,1200,0.4,254,73.6,12.12,0.43,1.2,0.048,14.58
4.0,1.5,2.5,3.0,0.6,3600,0.8,255,68.6,12.14,0.53,1.16,0.048,14.77
4.0,1.5,2.5,3.0,0.6,7200,0.8,188,67.0,9.04,0.55,1.11,0.048,18.29
4.0,1.5,2.5,4.5,0.6,3600,0.8,255,68.6,12.14,0.53,1.16,0.048,14.77
4.0,1.5,2.5,4.5,0.6,7200,0.8,188,67.0,9.04,0.55,1.11,0.048,18.29
3.0,0.7,1.5,3.0,0.4,3600,0.4,202,78.2,9.41,0.31,1.12,0.047,14.58
3.0,0.7,1.5,3.0,0.4,14400,0.8,202,77.2,9.51,0.33,1.12,0.047,18.33
3.0,0.7,1.5,3.0,0.6,3600,0.4,202,78.2,9.41,0.31,1.12,0.047,14.58
3.0,0.7,1.5,3.0,0.6,14400,0.8,202,77.2,9.51,0.33,1.12,0.047,18.33
3.0,0.7,1.5,3.0,0.8,3600,0.4,202,78.2,9.41,0.31,1.12,0.047,14.58
3.0,0.7,1.5,3.0,0.8,14400,0.8,202,77.2,9.51,0.33,1.12,0.047,18.33
3.0,1.5,2.5,3.0,0.8,2400,0.4,176,68.2,8.23,0.52,1.11,0.047,16.29
3.0,1.5,2.5,4.5,0.8,2400,0.4,176,68.2,8.23,0.52,1.11,0.047,16.29
4.0,1.5,2.5,3.0,0.4,3600,0.2,106,78.3,4.95,0.29,1.06,0.047,25.18
4.0,1.5,2.5,3.0,0.8,3600,0.8,253,68.0,11.82,0.54,1.15,0.047,15.17
4.0,1.5,2.5,4.5,0.4,3600,0.2,106,78.3,4.95,0.29,1.06,0.047,25.18
4.0,1.5,2.5,4.5,0.8,3600,0.8,253,68.0,11.82,0.54,1.15,0.047,15.17
5.0,0.7,1.5,3.0,0.4,1200,0.4,230,73.0,10.73,0.44,1.19,0.047,12.32
5.0,0.7,1.5,3.0,0.6,1200,0.4,230,73.0,10.73,0.44,1.19,0.047,12.32
5.0,0.7,1.5,3.0,0.8,1200,0.4,230,73.0,10.73,0.44,1.19,0.047,12.32
5.0,0.7,1.5,4.5,0.4,1200,0.4,230,73.0,10.73,0.44,1.19,0.047,12.32
5.0,0.7,1.5,4.5,0.6,1200,0.4,230,73.0,10.73,0.44,1.19,0.047,12.32
5.0,0.7,1.5,4.5,0.8,1200,0.4,230,73.0,10.73,0.44,1.19,0.047,12.32
3.0,1.5,2.5,3.0,0.8,1200,0.4,233,70.0,10.79,0.49,1.15,0.046,13.05
3.0,1.5,2.5,4.5,0.8,1200,0.4,233,70.0,10.79,0.49,1.15,0.046,13.05
4.0,0.7,2.5,4.5,0.4,1200,0.4,254,73.6,11.67,0.43,1.19,0.046,14.58
4.0,0.7,2.5,4.5,0.6,1200,0.4,254,73.6,11.67,0.43,1.19,0.046,14.58
4.0,0.7,2.5,4.5,0.8,1200,0.4,254,73.6,11.67,0.43,1.19,0.046,14.58
4.0,1.5,2.5,3.0,0.4,2400,0.2,109,78.0,5.04,0.3,1.06,0.046,26.01
4.0,1.5,2.5,4.5,0.4,2400,0.2,109,78.0,5.04,0.3,1.06,0.046,26.01
2.0,0.7,1.5,4.5,0.4,3600,0.8,345,68.1,15.46,0.56,1.2,0.045,7.89
2.0,0.7,1.5,4.5,0.6,3600,0.8,345,68.1,15.46,0.56,1.2,0.045,7.89
2.0,0.7,1.5,4.5,0.8,3600,0.8,345,68.1,15.46,0.56,1.2,0.045,7.89
4.0,1.5,2.5,3.0,0.4,2400,0.8,316,61.1,14.31,0.76,1.19,0.045,12.02
4.0,1.5,2.5,4.5,0.4,2400,0.8,316,61.1,14.31,0.76,1.19,0.045,12.02
2.0,0.7,2.5,3.0,0.4,14400,0.8,246,72.4,10.9,0.43,1.12,0.044,12.22
2.0,0.7,2.5,3.0,0.6,14400,0.8,246,72.4,10.9,0.43,1.12,0.044,12.22
2.0,0.7,2.5,3.0,0.8,14400,0.8,246,72.4,10.9,0.43,1.12,0.044,12.22
2.0,1.5,2.5,3.0,0.6,14400,0.8,197,65.0,8.74,0.59,1.09,0.044,16.29
3.0,1.0,2.5,3.0,0.4,2400,0.2,139,74.8,6.07,0.36,1.07,0.044,16.5
3.0,1.0,2.5,3.0,0.6,2400,0.2,139,74.8,6.07,0.36,1.07,0.044,16.5
3.0,1.0,2.5,3.0,0.8,2400,0.2,139,74.8,6.07,0.36,1.07,0.044,16.5
3.0,1.0,2.5,4.5,0.4,2400,0.2,139,74.8,6.07,0.36,1.07,0.044,16.5
3.0,1.0,2.5,4.5,0.6,2400,0.2,139,74.8,6.07,0.36,1.07,0.044,16.5
3.0,1.0,2.5,4.5,0.8,2400,0.2,139,74.8,6.07,0.36,1.07,0.044,16.5
5.0,1.5,2.5,3.0,0.8,1200,0.4,187,74.3,8.28,0.39,1.14,0.044,14.48
5.0,1.5,2.5,4.5,0.8,1200,0.4,187,74.3,8.28,0.39,1.14,0.044,14.48
3.0,0.7,2.5,3.0,0.4,3600,0.4,202,78.2,8.69,0.31,1.11,0.043,14.58
3.0,0.7,2.5,3.0,0.6,3600,0.4,202,78.2,8.69,0.31,1.11,0.043,14.58
3.0,0.7,2.5,3.0,0.8,3600,0.4,202,78.2,8.69,0.31,1.11,0.043,14.58
3.0,1.0,1.5,3.0,0.4,1200,0.4,225,68.4,9.65,0.53,1.14,0.043,16.65
3.0,1.0,1.5,3.0,0.6,1200,0.4,225,68.4,9.65,0.53,1.14,0.043,16.65
3.0,1.0,1.5,3.0,0.8,1200,0.4,225,68.4,9.65,0.53,1.14,0.043,16.65
3.0,1.0,1.5,4.5,0.4,1200,0.4,225,68.4,9.65,0.53,1.14,0.043,16.65
3.0,1.0,1.5,4.5,0.6,1200,0.4,225,68.4,9.65,0.53,1.14,0.043,16.65
3.0,1.0,1.5,4.5,0.8,1200,0.4,225,68.4,9.65,0.53,1.14,0.043,16.65
5.0,0.7,1.5,3.0,0.4,2400,0.4,163,79.1,7.03,0.29,1.11,0.043,14.26
5.0,0.7,1.5,3.0,0.6,2400,0.4,163,79.1,7.03,0.29,1.11,0.043,14.26
5.0,0.7,1.5,3.0,0.8,2400,0.4,163,79.1,7.03,0.29,1.11,0.043,14.26
5.0,0.7,1.5,4.5,0.4,2400,0.4,163,79.1,7.03,0.29,1.11,0.043,14.26
5.0,0.7,1.5,4.5,0.6,2400,0.4,163,79.1,7.03,0.29,1.11,0.043,14.26
5.0,0.7,1.5,4.5,0.8,2400,0.4,163,79.1,7.03,0.29,1.11,0.043,14.26
2.0,0.7,2.5,3.0,0.4,7200,0.4,222,76.6,9.31,0.34,1.1,0.042,11.79
2.0,0.7,2.5,3.0,0.6,7200,0.4,222,76.6,9.31,0.34,1.1,0.042,11.79
2.0,0.7,2.5,3.0,0.8,7200,0.4,222,76.6,9.31,0.34,1.1,0.042,11.79
2.0,0.7,2.5,4.5,0.4,14400,0.8,246,72.4,10.45,0.43,1.11,0.042,12.22
2.0,0.7,2.5,4.5,0.6,14400,0.8,246,72.4,10.45,0.43,1.11,0.042,12.22
2.0,0.7,2.5,4.5,0.8,14400,0.8,246,72.4,10.45,0.43,1.11,0.042,12.22
2.0,1.5,2.5,3.0,0.6,2400,0.8,370,59.7,15.58,0.8,1.19,0.042,9.29
2.0,1.5,2.5,4.5,0.6,14400,0.8,197,65.0,8.29,0.58,1.08,0.042,16.29
3.0,1.5,2.5,3.0,0.8,2400,0.8,324,61.1,13.53,0.75,1.18,0.042,14.89
3.0,1.5,2.5,4.5,0.8,2400,0.8,324,61.1,13.53,0.75,1.18,0.042,14.89
2.0,1.5,2.5,4.5,0.6,2400,0.8,370,59.7,15.13,0.8,1.18,0.041,9.29
3.0,0.7,2.5,4.5,0.4,3600,0.4,202,78.2,8.24,0.31,1.11,0.041,14.58
3.0,0.7,2.5,4.5,0.6,3600,0.4,202,78.2,8.24,0.31,1.11,0.041,14.58
3.0,0.7,2.5,4.5,0.8,3600,0.4,202,78.2,8.24,0.31,1.11,0.041,14.58
3.0,1.0,1.5,3.0,0.4,3600,0.8,280,66.4,11.5,0.58,1.15,0.041,16.22
3.0,1.0,1.5,3.0,0.6,3600,0.8,280,66.4,11.5,0.58,1.15,0.041,16.22
3.0,1.0,1.5,3.0,0.8,3600,0.8,280,66.4,11.5,0.58,1.15,0.041,16.22
3.0,1.0,1.5,4.5,0.4,3600,0.8,280,66.4,11.5,0.58,1.15,0.041,16.22
3.0,1.0,1.5,4.5,0.6,3600,0.8,280,66.4,11.5,0.58,1.15,0.041,16.22
3.0,1.0,1.5,4.5,0.8,3600,0.8,280,66.4,11.5,0.58,1.15,0.041,16.22
3.0,1.0,2.5,3.0,0.4,1200,0.2,141,71.6,5.76,0.42,1.07,0.041,16.5
3.0,1.0,2.5,3.0,0.6,1200,0.2,141,71.6,5.76,0.42,1.07,0.041,16.5
3.0,1.0,2.5,3.0,0.8,1200,0.2,141,71.6,5.76,0.42,1.07,0.041,16.5
3.0,1.0,2.5,4.5,0.4,1200,0.2,141,71.6,5.76,0.42,1.07,0.041,16.5
3.0,1.0,2.5,4.5,0.6,1200,0.2,141,71.6,5.76,0.42,1.07,0.041,16.5
3.0,1.0,2.5,4.5,0.8,1200,0.2,141,71.6,5.76,0.42,1.07,0.041,16.5
4.0,1.5,2.5,3.0,0.4,14400,0.4,101,80.2,4.11,0.26,1.05,0.041,25.09
4.0,1.5,2.5,4.5,0.4,14400,0.4,101,80.2,4.11,0.26,1.05,0.041,25.09
2.0,0.7,2.5,3.0,0.4,3600,0.8,345,68.1,13.93,0.55,1.18,0.04,7.89
2.0,0.7,2.5,3.0,0.6,3600,0.8,345,68.1,13.93,0.55,1.18,0.04,7.89
2.0,0.7,2.5,3.0,0.8,3600,0.8,345,68.1,13.93,0.55,1.18,0.04,7.89
2.0,0.7,2.5,4.5,0.4,7200,0.4,222,76.6,8.86,0.34,1.1,0.04,11.79
2.0,0.7,2.5,4.5,0.6,7200,0.4,222,76.6,8.86,0.34,1.1,0.04,11.79
2.0,0.7,2.5,4.5,0.8,7200,0.4,222,76.6,8.86,0.34,1.1,0.04,11.79
3.0,0.7,1.5,4.5,0.4,3600,0.4,202,78.2,8.06,0.31,1.1,0.04,14.58
3.0,0.7,1.5,4.5,0.4,14400,0.8,202,77.2,8.16,0.32,1.1,0.04,18.33
3.0,0.7,1.5,4.5,0.6,3600,0.4,202,78.2,8.06,0.31,1.1,0.04,14.58
3.0,0.7,1.5,4.5,0.6,14400,0.8,202,77.2,8.16,0.32,1.1,0.04,18.33
3.0,0.7,1.5,4.5,0.8,3600,0.4,202,78.2,8.06,0.31,1.1,0.04,14.58
3.0,0.7,1.5,4.5,0.8,14400,0.8,202,77.2,8.16,0.32,1.1,0.04,18.33
3.0,0.7,2.5,3.0,0.4,14400,0.8,202,77.2,8.07,0.32,1.1,0.04,18.33
3.0,0.7,2.5,3.0,0.6,14400,0.8,202,77.2,8.07,0.32,1.1,0.04,18.33
3.0,0.7,2.5,3.0,0.8,14400,0.8,202,77.2,8.07,0.32,1.1,0.04,18.33
4.0,1.5,2.5,3.0,0.4,7200,0.2,100,80.0,4.02,0.26,1.05,0.04,25.18
4.0,1.5,2.5,3.0,0.4,14400,0.2,100,80.0,4.02,0.26,1.05,0.04,25.18
4.0,1.5,2.5,3.0,0.4,,0.4,100,80.0,4.02,0.26,1.05,0.04,25.18
4.0,1.5,2.5,4.5,0.4,7200,0.2,100,80.0,4.02,0.26,1.05,0.04,25.18
4.0,1.5,2.5,4.5,0.4,14400,0.2,100,80.0,4.02,0.26,1.05,0.04,25.18
4.0,1.5,2.5,4.5,0.4,,0.4,100,80.0,4.02,0.26,1.05,0.04,25.18
5.0,0.7,2.5,3.0,0.4,1200,0.4,230,73.0,9.29,0.43,1.17,0.04,12.32
5.0,0.7,2.5,3.0,0.6,1200,0.4,230,73.0,9.29,0.43,1.17,0.04,12.32
5.0,0.7,2.5,3.0,0.8,1200,0.4,230,73.0,9.29,0.43,1.17,0.04,12.32
5.0,0.7,2.5,4.5,0.4,1200,0.4,230,73.0,9.29,0.43,1.17,0.04,12.32
5.0,0.7,2.5,4.5,0.6,1200,0.4,230,73.0,9.29,0.43,1.17,0.04,12.32
5.0,0.7,2.5,4.5,0.8,1200,0.4,230,73.0,9.29,0.43,1.17,0.04,12.32
2.0,0.7,1.5,3.0,0.4,2400,0.8,385,62.1,15.18,0.73,1.2,0.039,7.87
2.0,0.7,1.5,3.0,0.4,3600,0.4,251,75.7,9.91,0.36,1.11,0.039,12.29
2.0,0.7,1.5,3.0,0.6,2400,0.8,385,62.1,15.18,0.73,1.2,0.039,7.87
2.0,0.7,1.5,3.0,0.6,3600,0.4,251,75.7,9.91,0.36,1.11,0.039,12.29
2.0,0.7,1.5,3.0,0.8,2400,0.8,385,62.1,15.18,0.73,1.2,0.039,7.87
2.0,0.7,1.5,3.0,0.8,3600,0.4,251,75.7,9.91,0.36,1.11,0.039,12.29
2.0,0.7,2.5,4.5,0.4,3600,0.8,345,68.1,13.48,0.55,1.17,0.039,7.89
2.0,0.7,2.5,4.5,0.6,3600,0.8,345,68.1,13.48,0.55,1.17,0.039,7.89
2.0,0.7,2.5,4.5,0.8,3600,0.8,345,68.1,13.48,0.55,1.17,0.039,7.89
3.0,1.0,2.5,3.0,0.4,2400,0.4,177,67.8,6.82,0.52,1.09,0.039,16.82
3.0,1.0,2.5,3.0,0.6,2400,0.4,177,67.8,6.82,0.52,1.09,0.039,16.82
3.0,1.0,2.5,3.0,0.8,2400,0.4,177,67.8,6.82,0.52,1.09,0.039,16.82
3.0,1.0,2.5,4.5,0.4,2400,0.4,177,67.8,6.82,0.52,1.09,0.039,16.82
3.0,1.0,2.5,4.5,0.6,2400,0.4,177,67.8,6.82,0.52,1.09,0.039,16.82
3.0,1.0,2.5,4.5,0.8,2400,0.4,177,67.8,6.82,0.52,1.09,0.039,16.82
4.0,1.0,1.5,3.0,0.4,3600,0.8,261,69.0,10.26,0.51,1.13,0.039,14.82
4.0,1.0,1.5,3.0,0.6,3600,0.8,261,69.0,10.26,0.51,1.13,0.039,14.82
4.0,1.0,1.5,3.0,0.8,3600,0.8,261,69.0,10.26,0.51,1.13,0.039,14.82
4.0,1.0,1.5,4.5,0.4,3600,0.8,261,69.0,10.26,0.51,1.13,0.039,14.82
4.0,1.0,1.5,4.5,0.6,3600,0.8,261,69.0,10.26,0.51,1.13,0.039,14.82
4.0,1.0,1.5,4.5,0.8,3600,0.8,261,69.0,10.26,0.51,1.13,0.039,14.82
4.0,1.0,2.5,3.0,0.4,3600,0.4,128,80.5,4.94,0.26,1.07,0.039,19.78
4.0,1.0,2.5,3.0,0.6,3600,0.4,128,80.5,4.94,0.26,1.07,0.039,19.78
4.0,1.0,2.5,3.0,0.8,3600,0.4,128,80.5,4.94,0.26,1.07,0.039,19.78
4.0,1.0,2.5,4.5,0.4,3600,0.4,128,80.5,4.94,0.26,1.07,0.039,19.78
4.0,1.0,2.5,4.5,0.6,3600,0.4,128,80.5,4.94,0.26,1.07,0.039,19.78
4.0,1.0,2.5,4.5,0.8,3600,0.4,128,80.5,4.94,0.26,1.07,0.039,19.78
2.0,1.5,2.5,3.0,0.4,14400,0.8,198,64.6,7.47,0.59,1.07,0.038,15.73
3.0,0.7,2.5,4.5,0.4,14400,0.8,202,77.2,7.62,0.32,1.09,0.038,18.33
3.0,0.7,2.5,4.5,0.6,14400,0.8,202,77.2,7.62,0.32,1.09,0.038,18.33
3.0,0.7,2.5,4.5,0.8,14400,0.8,202,77.2,7.62,0.32,1.09,0.038,18.33
4.0,1.0,2.5,3.0,0.4,1200,0.4,198,72.7,7.54,0.42,1.12,0.038,15.85
4.0,1.0,2.5,3.0,0.6,1200,0.4,198,72.7,7.54,0.42,1.12,0.038,15.85
4.0,1.0,2.5,3.0,0.8,1200,0.4,198,72.7,7.54,0.42,1.12,0.038,15.85
4.0,1.0,2.5,4.5,0.4,1200,0.4,198,72.7,7.54,0.42,1.12,0.038,15.85
4.0,1.0,2.5,4.5,0.6,1200,0.4,198,72.7,7.54,0.42,1.12,0.038,15.85
4.0,1.0,2.5,4.5,0.8,1200,0.4,198,72.7,7.54,0.42,1.12,0.038,15.85
2.0,0.7,1.5,3.0,0.4,2400,0.4,272,69.5,9.95,0.49,1.12,0.037,11.42
2.0,0.7,1.5,3.0,0.6,2400,0.4,272,69.5,9.95,0.49,1.12,0.037,11.42
2.0,0.7,1.5,3.0,0.8,2400,0.4,272,69.5,9.95,0.49,1.12,0.037,11.42
2.0,1.5,2.5,3.0,0.8,2400,0.8,370,59.7,13.82,0.79,1.17,0.037,9.49
2.0,0.7,1.5,4.5,0.4,2400,0.8,385,62.1,13.83,0.72,1.18,0.036,7.87
2.0,0.7,1.5,4.5,0.6,2400,0.8,385,62.1,13.83,0.72,1.18,0.036,7.87
2.0,0.7,1.5,4.5,0.8,2400,0.8,385,62.1,13.83,0.72,1.18,0.036,7.87
2.0,1.5,2.5,4.5,0.8,2400,0.8,370,59.7,13.37,0.78,1.16,0.036,9.49
4.0,1.0,1.5,3.0,0.4,2400,0.4,137,73.0,5.0,0.4,1.08,0.036,20.27
4.0,1.0,1.5,3.0,0.6,2400,0.4,137,73.0,5.0,0.4,1.08,0.036,20.27
4.0,1.0,1.5,3.0,0.8,2400,0.4,137,73.0,5.0,0.4,1.08,0.036,20.27
4.0,1.0,1.5,4.5,0.4,2400,0.4,137,73.0,5.0,0.4,1.08,0.036,20.27
4.0,1.0,1.5,4.5,0.6,2400,0.4,137,73.0,5.0,0.4,1.08,0.036,20.27
4.0,1.0,1.5,4.5,0.8,2400,0.4,137,73.0,5.0,0.4,1.08,0.036,20.27
5.0,0.7,1.5,3.0,0.4,3600,0.8,254,71.7,9.23,0.45,1.14,0.036,10.61
5.0,0.7,1.5,3.0,0.6,3600,0.8,254,71.7,9.23,0.45,1.14,0.036,10.61
5.0,0.7,1.5,3.0,0.8,3600,0.8,254,71.7,9.23,0.45,1.14,0.036,10.61
5.0,0.7,1.5,4.5,0.4,3600,0.8,254,71.7,9.23,0.45,1.14,0.036,10.61
5.0,0.7,1.5,4.5,0.6,3600,0.8,254,71.7,9.23,0.45,1.14,0.036,10.61
5.0,0.7,1.5,4.5,0.8,3600,0.8,254,71.7,9.23,0.45,1.14,0.036,10.61
5.0,1.5,2.5,3.0,0.4,2400,0.8,294,61.2,10.62,0.73,1.15,0.036,11.25
5.0,1.5,2.5,4.5,0.4,2400,0.8,294,61.2,10.62,0.73,1.15,0.036,11.25
2.0,1.5,2.5,3.0,0.4,2400,0.8,370,59.5,13.07,0.79,1.15,0.035,10.9
2.0,1.5,2.5,4.5,0.4,14400,0.8,198,64.6,7.02,0.58,1.07,0.035,15.73
3.0,0.7,1.5,3.0,0.4,1200,0.2,195,76.9,6.78,0.32,1.08,0.035,14.8
3.0,0.7,1.5,3.0,0.6,1200,0.2,195,76.9,6.78,0.32,1.08,0.035,14.8
3.0,0.7,1.5,3.0,0.8,1200,0.2,195,76.9,6.78,0.32,1.08,0.035,14.8
3.0,1.0,2.5,3.0,0.4,3600,0.8,280,66.4,9.7,0.57,1.12,0.035,16.22
3.0,1.0,2.5,3.0,0.6,3600,0.8,280,66.4,9.7,0.57,1.12,0.035,16.22
3.0,1.0,2.5,3.0,0.8,3600,0.8,280,66.4,9.7,0.57,1.12,0.035,16.22
3.0,1.0,2.5,4.5,0.4,3600,0.8,280,66.4,9.7,0.57,1.12,0.035,16.22
3.0,1.0,2.5,4.5,0.6,3600,0.8,280,66.4,9.7,0.57,1.12,0.035,16.22
3.0,1.0,2.5,4.5,0.8,3600,0.8,280,66.4,9.7,0.57,1.12,0.035,16.22
4.0,1.5,2.5,3.0,0.6,2400,0.8,314,60.8,10.96,0.74,1.14,0.035,13.14
4.0,1.5,2.5,4.5,0.6,2400,0.8,314,60.8,10.96,0.74,1.14,0.035,13.14
2.0,0.7,1.5,4.5,0.4,3600,0.4,251,75.7,8.56,0.35,1.09,0.034,12.29
2.0,0.7,1.5,4.5,0.6,3600,0.4,251,75.7,8.56,0.35,1.09,0.034,12.29
2.0,0.7,1.5,4.5,0.8,3600,0.4,251,75.7,8.56,0.35,1.09,0.034,12.29
2.0,0.7,2.5,3.0,0.4,2400,0.8,385,62.1,13.02,0.72,1.17,0.034,8.44
2.0,0.7,2.5,3.0,0.6,2400,0.8,385,62.1,13.02,0.72,1.17,0.034,8.44
2.0,0.7,2.5,3.0,0.8,2400,0.8,385,62.1,13.02,0.72,1.17,0.034,8.44
2.0,1.5,2.5,4.5,0.4,2400,0.8,370,59.5,12.62,0.78,1.15,0.034,10.9
3.0,0.7,1.5,3.0,0.4,1200,0.4,278,69.8,9.51,0.49,1.14,0.034,16.79
3.0,0.7,1.5,3.0,0.6,1200,0.4,278,69.8,9.51,0.49,1.14,0.034,16.79
3.0,0.7,1.5,3.0,0.8,1200,0.4,278,69.8,9.51,0.49,1.14,0.034,16.79
3.0,1.5,2.5,3.0,0.4,1200,0.8,419,59.2,14.18,0.83,1.2,0.034,7.44
3.0,1.5,2.5,4.5,0.4,1200,0.8,419,59.2,14.18,0.83,1.2,0.034,7.44
2.0,0.7,2.5,4.5,0.4,2400,0.8,385,62.1,12.57,0.71,1.17,0.033,8.44
2.0,0.7,2.5,4.5,0.6,2400,0.8,385,62.1,12.57,0.71,1.17,0.033,8.44
2.0,0.7,2.5,4.5,0.8,2400,0.8,385,62.1,12.57,0.71,1.17,0.033,8.44
2.0,1.5,2.5,3.0,0.6,3600,0.4,183,67.8,5.98,0.51,1.06,0.033,18.66
3.0,1.0,2.5,3.0,0.4,1200,0.4,225,68.4,7.4,0.51,1.11,0.033,16.65
3.0,1.0,2.5,3.0,0.6,1200,0.4,225,68.4,7.4,0.51,1.11,0.033,16.65
3.0,1.0,2.5,3.0,0.8,1200,0.4,225,68.4,7.4,0.51,1.11,0.033,16.65
3.0,1.0,2.5,4.5,0.4,1200,0.4,225,68.4,7.4,0.51,1.11,0.033,16.65
3.0,1.0,2.5,4.5,0.6,1200,0.4,225,68.4,7.4,0.51,1.11,0.033,16.65
3.0,1.0,2.5,4.5,0.8,1200,0.4,225,68.4,7.4,0.51,1.11,0.033,16.65
4.0,0.7,1.5,3.0,0.4,3600,0.8,276,71.0,9.1,0.46,1.12,0.033,13.6
4.0,0.7,1.5,3.0,0.6,3600,0.8,276,71.0,9.1,0.46,1.12,0.033,13.6
4.0,0.7,1.5,3.0,0.8,3600,0.8,276,71.0,9.1,0.46,1.12,0.033,13.6
2.0,0.7,1.5,4.5,0.4,2400,0.4,272,69.5,8.6,0.48,1.1,0.032,11.42
2.0,0.7,1.5,4.5,0.6,2400,0.4,272,69.5,8.6,0.48,1.1,0.032,11.42
2.0,0.7,1.5,4.5,0.8,2400,0.4,272,69.5,8.6,0.48,1.1,0.032,11.42
4.0,1.0,2.5,3.0,0.4,3600,0.8,261,69.0,8.46,0.5,1.11,0.032,15.27
4.0,1.0,2.5,3.0,0.6,3600,0.8,261,69.0,8.46,0.5,1.11,0.032,15.27
4.0,1.0,2.5,3.0,0.8,3600,0.8,261,69.0,8.46,0.5,1.11,0.032,15.27
4.0,1.0,2.5,4.5,0.4,3600,0.8,261,69.0,8.46,0.5,1.11,0.032,15.27
4.0,1.0,2.5,4.5,0.6,3600,0.8,261,69.0,8.46,0.5,1.11,0.032,15.27
4.0,1.0,2.5,4.5,0.8,3600,0.8,261,69.0,8.46,0.5,1.11,0.032,15.27
4.0,1.5,2.5,3.0,0.8,2400,0.8,314,60.8,10.19,0.73,1.13,0.032,13.22
4.0,1.5,2.5,4.5,0.8,2400,0.8,314,60.8,10.19,0.73,1.13,0.032,13.22
5.0,0.7,2.5,3.0,0.4,3600,0.8,254,71.7,7.79,0.44,1.12,0.031,10.61
5.0,0.7,2.5,3.0,0.6,3600,0.8,254,71.7,7.79,0.44,1.12,0.031,10.61
5.0,0.7,2.5,3.0,0.8,3600,0.8,254,71.7,7.79,0.44,1.12,0.031,10.61
5.0,0.7,2.5,4.5,0.4,3600,0.8,254,71.7,7.79,0.44,1.12,0.031,10.61
5.0,0.7,2.5,4.5,0.6,3600,0.8,254,71.7,7.79,0.44,1.12,0.031,10.61
5.0,0.7,2.5,4.5,0.8,3600,0.8,254,71.7,7.79,0.44,1.12,0.031,10.61
2.0,1.5,2.5,4.5,0.6,3600,0.4,183,67.8,5.53,0.5,1.06,0.03,18.66
3.0,0.7,1.5,3.0,0.4,3600,0.8,295,68.5,8.95,0.52,1.12,0.03,13.02
3.0,0.7,1.5,3.0,0.6,3600,0.8,295,68.5,8.95,0.52,1.12,0.03,13.02
3.0,0.7,1.5,3.0,0.8,3600,0.8,295,68.5,8.95,0.52,1.12,0.03,13.02
2.0,1.5,2.5,3.0,0.4,3600,0.4,184,67.4,5.35,0.51,1.05,0.029,18.3
2.0,1.5,2.5,3.0,0.8,14400,0.8,198,65.2,5.76,0.57,1.06,0.029,16.45
3.0,0.7,1.5,4.5,0.4,1200,0.4,278,69.8,8.16,0.49,1.12,0.029,16.79
3.0,0.7,1.5,4.5,0.6,1200,0.4,278,69.8,8.16,0.49,1.12,0.029,16.79
3.0,0.7,1.5,4.5,0.8,1200,0.4,278,69.8,8.16,0.49,1.12,0.029,16.79
3.0,0.7,2.5,3.0,0.4,1200,0.4,278,69.8,8.07,0.48,1.12,0.029,16.79
3.0,0.7,2.5,3.0,0.6,1200,0.4,278,69.8,8.07,0.48,1.12,0.029,16.79
3.0,0.7,2.5,3.0,0.8,1200,0.4,278,69.8,8.07,0.48,1.12,0.029,16.79
3.0,1.0,1.5,3.0,0.4,2400,0.8,326,61.0,9.45,0.72,1.13,0.029,17.01
3.0,1.0,1.5,3.0,0.6,2400,0.8,326,61.0,9.45,0.72,1.13,0.029,17.01
3.0,1.0,1.5,3.0,0.8,2400,0.8,326,61.0,9.45,0.72,1.13,0.029,17.01
3.0,1.0,1.5,4.5,0.4,2400,0.8,326,61.0,9.45,0.72,1.13,0.029,17.01
3.0,1.0,1.5,4.5,0.6,2400,0.8,326,61.0,9.45,0.72,1.13,0.029,17.01
3.0,1.0,1.5,4.5,0.8,2400,0.8,326,61.0,9.45,0.72,1.13,0.029,17.01
4.0,1.0,1.5,3.0,0.4,7200,0.8,185,67.6,5.39,0.51,1.07,0.029,20.96
4.0,1.0,1.5,3.0,0.6,7200,0.8,185,67.6,5.39,0.51,1.07,0.029,20.96
4.0,1.0,1.5,3.0,0.8,7200,0.8,185,67.6,5.39,0.51,1.07,0.029,20.96
4.0,1.0,1.5,4.5,0.4,7200,0.8,185,67.6,5.39,0.51,1.07,0.029,20.96
4.0,1.0,1.5,4.5,0.6,7200,0.8,185,67.6,5.39,0.51,1.07,0.029,20.96
4.0,1.0,1.5,4.5,0.8,7200,0.8,185,67.6,5.39,0.51,1.07,0.029,20.96
4.0,1.5,2.5,3.0,0.6,14400,0.8,123,79.7,3.62,0.27,1.04,0.029,26.07
4.0,1.5,2.5,4.5,0.6,14400,0.8,123,79.7,3.62,0.27,1.04,0.029,26.07
2.0,0.7,2.5,3.0,0.4,3600,0.4,251,75.7,7.03,0.35,1.08,0.028,12.73
2.0,0.7,2.5,3.0,0.6,3600,0.4,251,75.7,7.03,0.35,1.08,0.028,12.73
2.0,0.7,2.5,3.0,0.8,3600,0.4,251,75.7,7.03,0.35,1.08,0.028,12.73
3.0,0.7,1.5,4.5,0.4,1200,0.2,195,76.9,5.43,0.32,1.07,0.028,14.8
3.0,0.7,1.5,4.5,0.6,1200,0.2,195,76.9,5.43,0.32,1.07,0.028,14.8
3.0,0.7,1.5,4.5,0.8,1200,0.2,195,76.9,5.43,0.32,1.07,0.028,14.8
4.0,0.7,1.5,4.5,0.4,3600,0.8,276,71.0,7.75,0.45,1.11,0.028,13.6
4.0,0.7,1.5,4.5,0.6,3600,0.8,276,71.0,7.75,0.45,1.11,0.028,13.6
4.0,0.7,1.5,4.5,0.8,3600,0.8,276,71.0,7.75,0.45,1.11,0.028,13.6
4.0,0.7,2.5,3.0,0.4,3600,0.8,276,71.0,7.66,0.45,1.11,0.028,14.32
4.0,0.7,2.5,3.0,0.6,3600,0.8,276,71.0,7.66,0.45,1.11,0.028,14.32
4.0,0.7,2.5,3.0,0.8,3600,0.8,276,71.0,7.66,0.45,1.11,0.028,14.32
2.0,1.5,2.5,4.5,0.4,3600,0.4,184,67.4,4.9,0.51,1.05,0.027,18.3
2.0,1.5,2.5,4.5,0.8,14400,0.8,198,65.2,5.31,0.56,1.05,0.027,16.45
3.0,0.7,1.5,3.0,0.4,2400,0.8,343,62.4,9.36,0.68,1.13,0.027,14.7
3.0,0.7,1.5,3.0,0.6,2400,0.8,343,62.4,9.36,0.68,1.13,0.027,14.7
3.0,0.7,1.5,3.0,0.8,2400,0.8,343,62.4,9.36,0.68,1.13,0.027,14.7
3.0,0.7,2.5,3.0,0.4,1200,0.2,195,76.9,5.34,0.32,1.06,0.027,14.8
3.0,0.7,2.5,3.0,0.6,1200,0.2,195,76.9,5.34,0.32,1.06,0.027,14.8
3.0,0.7,2.5,3.0,0.8,1200,0.2,195,76.9,5.34,0.32,1.06,0.027,14.8
3.0,0.7,2.5,4.5,0.4,1200,0.4,278,69.8,7.62,0.48,1.11,0.027,16.79
3.0,0.7,2.5,4.5,0.6,1200,0.4,278,69.8,7.62,0.48,1.11,0.027,16.79
3.0,0.7,2.5,4.5,0.8,1200,0.4,278,69.8,7.62,0.48,1.11,0.027,16.79
2.0,0.7,2.5,3.0,0.4,2400,0.4,272,69.5,7.07,0.48,1.08,0.026,11.42
2.0,0.7,2.5,3.0,0.6,2400,0.4,272,69.5,7.07,0.48,1.08,0.026,11.42
2.0,0.7,2.5,3.0,0.8,2400,0.4,272,69.5,7.07,0.48,1.08,0.026,11.42
2.0,0.7,2.5,4.5,0.4,3600,0.4,251,75.7,6.58,0.34,1.07,0.026,12.73
2.0,0.7,2.5,4.5,0.6,3600,0.4,251,75.7,6.58,0.34,1.07,0.026,12.73
2.0,0.7,2.5,4.5,0.8,3600,0.4,251,75.7,6.58,0.34,1.07,0.026,12.73
2.0,1.0,1.5,3.0,0.4,3600,0.8,325,64.3,8.5,0.61,1.1,0.026,9.73
2.0,1.0,1.5,3.0,0.4,7200,0.8,256,64.1,6.66,0.6,1.07,0.026,11.94
2.0,1.0,1.5,3.0,0.6,3600,0.8,325,64.3,8.5,0.61,1.1,0.026,9.73
2.0,1.0,1.5,3.0,0.6,7200,0.8,256,64.1,6.66,0.6,1.07,0.026,11.94
2.0,1.0,1.5,3.0,0.8,3600,0.8,325,64.3,8.5,0.61,1.1,0.026,9.73
2.0,1.0,1.5,3.0,0.8,7200,0.8,256,64.1,6.66,0.6,1.07,0.026,11.94
2.0,1.0,1.5,4.5,0.4,3600,0.8,325,64.3,8.5,0.61,1.1,0.026,9.73
2.0,1.0,1.5,4.5,0.4,7200,0.8,256,64.1,6.66,0.6,1.07,0.026,11.94
2.0,1.0,1.5,4.5,0.6,3600,0.8,325,64.3,8.5,0.61,1.1,0.026,9.73
2.0,1.0,1.5,4.5,0.6,7200,0.8,256,64.1,6.66,0.6,1.07,0.026,11.94
2.0,1.0,1.5,4.5,0.8,3600,0.8,325,64.3,8.5,0.61,1.1,0.026,9.73
2.0,1.0,1.5,4.5,0.8,7200,0.8,256,64.1,6.66,0.6,1.07,0.026,11.94
3.0,0.7,1.5,4.5,0.4,3600,0.8,295,68.5,7.6,0.51,1.1,0.026,13.02
3.0,0.7,1.5,4.5,0.6,3600,0.8,295,68.5,7.6,0.51,1.1,0.026,13.02
3.0,0.7,1.5,4.5,0.8,3600,0.8,295,68.5,7.6,0.51,1.1,0.026,13.02
3.0,1.0,2.5,3.0,0.4,2400,0.8,326,61.0,8.55,0.71,1.11,0.026,17.01
3.0,1.0,2.5,3.0,0.6,2400,0.8,326,61.0,8.55,0.71,1.11,0.026,17.01
3.0,1.0,2.5,3.0,0.8,2400,0.8,326,61.0,8.55,0.71,1.11,0.026,17.01
3.0,1.0,2.5,4.5,0.4,2400,0.8,326,61.0,8.55,0.71,1.11,0.026,17.01
3.0,1.0,2.5,4.5,0.6,2400,0.8,326,61.0,8.55,0.71,1.11,0.026,17.01
3.0,1.0,2.5,4.5,0.8,2400,0.8,326,61.0,8.55,0.71,1.11,0.026,17.01
3.0,1.5,2.5,3.0,0.6,1200,0.8,418,59.1,10.77,0.8,1.15,0.026,7.44
3.0,1.5,2.5,4.5,0.6,1200,0.8,418,59.1,10.77,0.8,1.15,0.026,7.44
4.0,0.7,2.5,4.5,0.4,3600,0.8,276,71.0,7.21,0.45,1.1,0.026,14.32
4.0,0.7,2.5,4.5,0.6,3600,0.8,276,71.0,7.21,0.45,1.1,0.026,14.32
4.0,0.7,2.5,4.5,0.8,3600,0.8,276,71.0,7.21,0.45,1.1,0.026,14.32
2.0,0.7,1.5,3.0,0.4,1200,0.4,313,68.7,7.81,0.5,1.1,0.025,9.28
2.0,0.7,1.5,3.0,0.6,1200,0.4,313,68.7,7.81,0.5,1.1,0.025,9.28
2.0,0.7,1.5,3.0,0.8,1200,0.4,313,68.7,7.81,0.5,1.1,0.025,9.28
2.0,1.5,2.5,3.0,0.8,3600,0.4,181,68.0,4.54,0.49,1.05,0.025,18.44
3.0,0.7,2.5,3.0,0.4,2400,0.8,343,62.4,8.64,0.67,1.12,0.025,14.7
3.0,0.7,2.5,3.0,0.4,3600,0.8,295,68.5,7.51,0.51,1.1,0.025,13.02
3.0,0.7,2.5,3.0,0.6,2400,0.8,343,62.4,8.64,0.67,1.12,0.025,14.7
3.0,0.7,2.5,3.0,0.6,3600,0.8,295,68.5,7.51,0.51,1.1,0.025,13.02
3.0,0.7,2.5,3.0,0.8,2400,0.8,343,62.4,8.64,0.67,1.12,0.025,14.7
3.0,0.7,2.5,3.0,0.8,3600,0.8,295,68.5,7.51,0.51,1.1,0.025,13.02
3.0,0.7,2.5,4.5,0.4,1200,0.2,195,76.9,4.89,0.32,1.06,0.025,14.8
3.0,0.7,2.5,4.5,0.6,1200,0.2,195,76.9,4.89,0.32,1.06,0.025,14.8
3.0,0.7,2.5,4.5,0.8,1200,0.2,195,76.9,4.89,0.32,1.06,0.025,14.8
4.0,0.7,1.5,3.0,0.4,2400,0.8,336,62.5,8.53,0.67,1.12,0.025,11.54
4.0,0.7,1.5,3.0,0.6,2400,0.8,336,62.5,8.53,0.67,1.12,0.025,11.54
4.0,0.7,1.5,3.0,0.8,2400,0.8,336,62.5,8.53,0.67,1.12,0.025,11.54
4.0,1.5,2.5,3.0,0.4,1200,0.2,115,75.7,2.83,0.33,1.04,0.025,27.41
4.0,1.5,2.5,3.0,0.4,1200,0.8,404,59.9,10.24,0.77,1.15,0.025,10.1
4.0,1.5,2.5,4.5,0.4,1200,0.2,115,75.7,2.83,0.33,1.04,0.025,27.41
4.0,1.5,2.5,4.5,0.4,1200,0.8,404,59.9,10.24,0.77,1.15,0.025,10.1
5.0,0.7,2.5,3.0,0.4,2400,0.4,163,79.1,4.15,0.28,1.07,0.025,14.98
5.0,0.7,2.5,3.0,0.6,2400,0.4,163,79.1,4.15,0.28,1.07,0.025,14.98
5.0,0.7,2.5,3.0,0.8,2400,0.4,163,79.1,4.15,0.28,1.07,0.025,14.98
5.0,0.7,2.5,4.5,0.4,2400,0.4,163,79.1,4.15,0.28,1.07,0.025,14.98
5.0,0.7,2.5,4.5,0.6,2400,0.4,163,79.1,4.15,0.28,1.07,0.025,14.98
5.0,0.7,2.5,4.5,0.8,2400,0.4,163,79.1,4.15,0.28,1.07,0.025,14.98
2.0,0.7,2.5,4.5,0.4,2400,0.4,272,69.5,6.62,0.47,1.08,0.024,11.42
2.0,0.7,2.5,4.5,0.6,2400,0.4,272,69.5,6.62,0.47,1.08,0.024,11.42
2.0,0.7,2.5,4.5,0.8,2400,0.4,272,69.5,6.62,0.47,1.08,0.024,11.42
3.0,0.7,2.5,4.5,0.4,2400,0.8,343,62.4,8.19,0.67,1.11,0.024,14.7
3.0,0.7,2.5,4.5,0.4,3600,0.8,295,68.5,7.06,0.5,1.09,0.024,13.02
3.0,0.7,2.5,4.5,0.6,2400,0.8,343,62.4,8.19,0.67,1.11,0.024,14.7
3.0,0.7,2.5,4.5,0.6,3600,0.8,295,68.5,7.06,0.5,1.09,0.024,13.02
3.0,0.7,2.5,4.5,0.8,2400,0.8,343,62.4,8.19,0.67,1.11,0.024,14.7
3.0,0.7,2.5,4.5,0.8,3600,0.8,295,68.5,7.06,0.5,1.09,0.024,13.02
4.0,1.0,1.5,3.0,0.4,2400,0.8,319,61.1,7.8,0.7,1.1,0.024,11.75
4.0,1.0,1.5,3.0,0.6,2400,0.8,319,61.1,7.8,0.7,1.1,0.024,11.75
4.0,1.0,1.5,3.0,0.8,2400,0.8,319,61.1,7.8,0.7,1.1,0.024,11.75
4.0,1.0,1.5,4.5,0.4,2400,0.8,319,61.1,7.8,0.7,1.1,0.024,11.75
4.0,1.0,1.5,4.5,0.6,2400,0.8,319,61.1,7.8,0.7,1.1,0.024,11.75
4.0,1.0,1.5,4.5,0.8,2400,0.8,319,61.1,7.8,0.7,1.1,0.024,11.75
5.0,1.5,2.5,3.0,0.4,1200,0.8,389,59.9,9.31,0.76,1.14,0.024,10.52
5.0,1.5,2.5,4.5,0.4,1200,0.8,389,59.9,9.31,0.76,1.14,0.024,10.52
2.0,1.5,2.5,3.0,0.6,1200,0.4,259,66.8,5.92,0.53,1.07,0.023,12.51
2.0,1.5,2.5,4.5,0.8,3600,0.4,181,68.0,4.09,0.49,1.04,0.023,18.44
3.0,0.7,1.5,4.5,0.4,2400,0.8,343,62.4,8.01,0.67,1.11,0.023,14.7
3.0,0.7,1.5,4.5,0.6,2400,0.8,343,62.4,8.01,0.67,1.11,0.023,14.7
3.0,0.7,1.5,4.5,0.8,2400,0.8,343,62.4,8.01,0.67,1.11,0.023,14.7
4.0,0.7,2.5,3.0,0.4,2400,0.8,336,62.5,7.81,0.66,1.11,0.023,12.26
4.0,0.7,2.5,3.0,0.6,2400,0.8,336,62.5,7.81,0.66,1.11,0.023,12.26
4.0,0.7,2.5,3.0,0.8,2400,0.8,336,62.5,7.81,0.66,1.11,0.023,12.26
4.0,1.5,2.5,3.0,0.6,1200,0.8,403,60.0,9.22,0.75,1.13,0.023,10.5
4.0,1.5,2.5,4.5,0.6,1200,0.8,403,60.0,9.22,0.75,1.13,0.023,10.5
5.0,1.5,2.5,3.0,0.6,2400,0.8,293,61.1,6.85,0.7,1.09,0.023,11.83
5.0,1.5,2.5,4.5,0.6,2400,0.8,293,61.1,6.85,0.7,1.09,0.023,11.83
4.0,0.7,1.5,3.0,0.4,3600,0.4,182,83.0,4.03,0.22,1.05,0.022,16.14
4.0,0.7,1.5,3.0,0.6,3600,0.4,182,83.0,4.03,0.22,1.05,0.022,16.14
4.0,0.7,1.5,3.0,0.8,3600,0.4,182,83.0,4.03,0.22,1.05,0.022,16.14
4.0,0.7,2.5,4.5,0.4,2400,0.8,336,62.5,7.36,0.66,1.1,0.022,12.26
4.0,0.7,2.5,4.5,0.6,2400,0.8,336,62.5,7.36,0.66,1.1,0.022,12.26
4.0,0.7,2.5,4.5,0.8,2400,0.8,336,62.5,7.36,0.66,1.1,0.022,12.26
4.0,1.5,2.5,3.0,0.4,7200,0.4,108,78.7,2.34,0.28,1.03,0.022,25.97
4.0,1.5,2.5,4.5,0.4,7200,0.4,108,78.7,2.34,0.28,1.03,0.022,25.97
2.0,0.7,1.5,4.5,0.4,1200,0.4,313,68.7,6.46,0.49,1.08,0.021,9.28
2.0,0.7,1.5,4.5,0.6,1200,0.4,313,68.7,6.46,0.49,1.08,0.021,9.28
2.0,0.7,1.5,4.5,0.8,1200,0.4,313,68.7,6.46,0.49,1.08,0.021,9.28
2.0,1.0,2.5,3.0,0.4,3600,0.8,325,64.3,6.7,0.6,1.08,0.021,10.63
2.0,1.0,2.5,3.0,0.6,3600,0.8,325,64.3,6.7,0.6,1.08,0.021,10.63
2.0,1.0,2.5,3.0,0.8,3600,0.8,325,64.3,6.7,0.6,1.08,0.021,10.63
2.0,1.0,2.5,4.5,0.4,3600,0.8,325,64.3,6.7,0.6,1.08,0.021,10.63
2.0,1.0,2.5,4.5,0.6,3600,0.8,325,64.3,6.7,0.6,1.08,0.021,10.63
2.0,1.0,2.5,4.5,0.8,3600,0.8,325,64.3,6.7,0.6,1.08,0.021,10.63
2.0,1.5,2.5,4.5,0.6,1200,0.4,259,66.8,5.47,0.53,1.06,0.021,12.51
3.0,0.7,1.5,3.0,0.4,2400,0.2,188,79.3,3.86,0.27,1.04,0.021,14.7
3.0,0.7,1.5,3.0,0.4,2400,0.4,213,71.8,4.47,0.42,1.06,0.021,14.72
3.0,0.7,1.5,3.0,0.6,2400,0.2,188,79.3,3.86,0.27,1.04,0.021,14.7
3.0,0.7,1.5,3.0,0.6,2400,0.4,213,71.8,4.47,0.42,1.06,0.021,14.72
3.0,0.7,1.5,3.0,0.8,2400,0.2,188,79.3,3.86,0.27,1.04,0.021,14.7
3.0,0.7,1.5,3.0,0.8,2400,0.4,213,71.8,4.47,0.42,1.06,0.021,14.72
4.0,0.7,1.5,4.5,0.4,2400,0.8,336,62.5,7.18,0.66,1.1,0.021,11.54
4.0,0.7,1.5,4.5,0.6,2400,0.8,336,62.5,7.18,0.66,1.1,0.021,11.54
4.0,0.7,1.5,4.5,0.8,2400,0.8,336,62.5,7.18,0.66,1.1,0.021,11.54
2.0,1.5,2.5,3.0,0.4,1200,0.8,458,59.0,9.23,0.78,1.12,0.02,9.32
2.0,1.5,2.5,3.0,0.6,1200,0.8,457,59.1,8.99,0.77,1.12,0.02,9.11
2.0,1.5,2.5,4.5,0.4,1200,0.8,458,59.0,9.23,0.78,1.12,0.02,9.32
2.0,1.5,2.5,4.5,0.6,1200,0.8,457,59.1,8.99,0.77,1.12,0.02,9.11
3.0,1.0,1.5,3.0,0.4,1200,0.8,421,59.4,8.59,0.77,1.12,0.02,8.34
3.0,1.0,1.5,3.0,0.6,1200,0.8,421,59.4,8.59,0.77,1.12,0.02,8.34
3.0,1.0,1.5,3.0,0.8,1200,0.8,421,59.4,8.59,0.77,1.12,0.02,8.34
3.0,1.0,1.5,4.5,0.4,1200,0.8,421,59.4,8.59,0.77,1.12,0.02,8.34
3.0,1.0,1.5,4.5,0.6,1200,0.8,421,59.4,8.59,0.77,1.12,0.02,8.34
3.0,1.0,1.5,4.5,0.8,1200,0.8,421,59.4,8.59,0.77,1.12,0.02,8.34
3.0,1.5,2.5,3.0,0.8,1200,0.8,418,59.1,8.24,0.77,1.12,0.02,7.44
3.0,1.5,2.5,4.5,0.8,1200,0.8,418,59.1,8.24,0.77,1.12,0.02,7.44
4.0,1.0,2.5,3.0,0.4,2400,0.4,137,73.0,2.75,0.39,1.04,0.02,20.27
4.0,1.0,2.5,3.0,0.4,2400,0.8,319,61.1,6.45,0.69,1.08,0.02,12.2
4.0,1.0,2.5,3.0,0.6,2400,0.4,137,73.0,2.75,0.39,1.04,0.02,20.27
4.0,1.0,2.5,3.0,0.6,2400,0.8,319,61.1,6.45,0.69,1.08,0.02,12.2
4.0,1.0,2.5,3.0,0.8,2400,0.4,137,73.0,2.75,0.39,1.04,0.02,20.27
4.0,1.0,2.5,3.0,0.8,2400,0.8,319,61.1,6.45,0.69,1.08,0.02,12.2
4.0,1.0,2.5,4.5,0.4,2400,0.4,137,73.0,2.75,0.39,1.04,0.02,20.27
4.0,1.0,2.5,4.5,0.4,2400,0.8,319,61.1,6.45,0.69,1.08,0.02,12.2
4.0,1.0,2.5,4.5,0.6,2400,0.4,137,73.0,2.75,0.39,1.04,0.02,20.27
4.0,1.0,2.5,4.5,0.6,2400,0.8,319,61.1,6.45,0.69,1.08,0.02,12.2
4.0,1.0,2.5,4.5,0.8,2400,0.4,137,73.0,2.75,0.39,1.04,0.02,20.27
4.0,1.0,2.5,4.5,0.8,2400,0.8,319,61.1,6.45,0.69,1.08,0.02,12.2
4.0,1.5,2.5,3.0,0.8,14400,0.8,122,80.3,2.42,0.25,1.03,0.02,26.87
4.0,1.5,2.5,4.5,0.8,14400,0.8,122,80.3,2.42,0.25,1.03,0.02,26.87
5.0,1.5,2.5,3.0,0.8,2400,0.8,293,61.1,5.61,0.69,1.08,0.019,11.71
5.0,1.5,2.5,4.5,0.8,2400,0.8,293,61.1,5.61,0.69,1.08,0.019,11.71
3.0,0.7,2.5,3.0,0.4,2400,0.4,213,71.8,3.75,0.41,1.05,0.018,14.72
3.0,0.7,2.5,3.0,0.6,2400,0.4,213,71.8,3.75,0.41,1.05,0.018,14.72
3.0,0.7,2.5,3.0,0.8,2400,0.4,213,71.8,3.75,0.41,1.05,0.018,14.72
3.0,1.0,2.5,3.0,0.4,1200,0.8,421,59.4,7.24,0.75,1.1,0.017,8.34
3.0,1.0,2.5,3.0,0.6,1200,0.8,421,59.4,7.24,0.75,1.1,0.017,8.34
3.0,1.0,2.5,3.0,0.8,1200,0.8,421,59.4,7.24,0.75,1.1,0.017,8.34
3.0,1.0,2.5,4.5,0.4,1200,0.8,421,59.4,7.24,0.75,1.1,0.017,8.34
3.0,1.0,2.5,4.5,0.6,1200,0.8,421,59.4,7.24,0.75,1.1,0.017,8.34
3.0,1.0,2.5,4.5,0.8,1200,0.8,421,59.4,7.24,0.75,1.1,0.017,8.34
2.0,0.7,2.5,3.0,0.4,1200,0.4,313,68.7,4.93,0.48,1.06,0.016,9.72
2.0,0.7,2.5,3.0,0.6,1200,0.4,313,68.7,4.93,0.48,1.06,0.016,9.72
2.0,0.7,2.5,3.0,0.8,1200,0.4,313,68.7,4.93,0.48,1.06,0.016,9.72
2.0,1.0,1.5,3.0,0.4,2400,0.8,372,59.4,5.93,0.73,1.07,0.016,12.03
2.0,1.0,1.5,3.0,0.6,2400,0.8,372,59.4,5.93,0.73,1.07,0.016,12.03
2.0,1.0,1.5,3.0,0.8,2400,0.8,372,59.4,5.93,0.73,1.07,0.016,12.03
2.0,1.0,2.5,3.0,0.4,7200,0.8,256,64.1,3.96,0.58,1.04,0.015,11.94
2.0,1.0,2.5,3.0,0.6,7200,0.8,256,64.1,3.96,0.58,1.04,0.015,11.94
2.0,1.0,2.5,3.0,0.8,7200,0.8,256,64.1,3.96,0.58,1.04,0.015,11.94
2.0,1.0,2.5,4.5,0.4,7200,0.8,256,64.1,3.96,0.58,1.04,0.015,11.94
2.0,1.0,2.5,4.5,0.6,7200,0.8,256,64.1,3.96,0.58,1.04,0.015,11.94
2.0,1.0,2.5,4.5,0.8,7200,0.8,256,64.1,3.96,0.58,1.04,0.015,11.94
3.0,0.7,1.5,3.0,0.4,7200,0.8,237,70.5,3.54,0.44,1.04,0.015,15.6
3.0,0.7,1.5,3.0,0.6,7200,0.8,237,70.5,3.54,0.44,1.04,0.015,15.6
3.0,0.7,1.5,3.0,0.8,7200,0.8,237,70.5,3.54,0.44,1.04,0.015,15.6
3.0,0.7,1.5,4.5,0.4,2400,0.4,213,71.8,3.12,0.41,1.04,0.015,14.72
3.0,0.7,1.5,4.5,0.6,2400,0.4,213,71.8,3.12,0.41,1.04,0.015,14.72
3.0,0.7,1.5,4.5,0.8,2400,0.4,213,71.8,3.12,0.41,1.04,0.015,14.72
3.0,0.7,2.5,4.5,0.4,2400,0.4,213,71.8,3.3,0.41,1.04,0.015,14.72
3.0,0.7,2.5,4.5,0.6,2400,0.4,213,71.8,3.3,0.41,1.04,0.015,14.72
3.0,0.7,2.5,4.5,0.8,2400,0.4,213,71.8,3.3,0.41,1.04,0.015,14.72
4.0,0.7,1.5,4.5,0.4,3600,0.4,182,83.0,2.68,0.21,1.03,0.015,16.14
4.0,0.7,1.5,4.5,0.6,3600,0.4,182,83.0,2.68,0.21,1.03,0.015,16.14
4.0,0.7,1.5,4.5,0.8,3600,0.4,182,83.0,2.68,0.21,1.03,0.015,16.14
5.0,1.5,2.5,3.0,0.6,1200,0.8,388,59.8,5.97,0.73,1.09,0.015,10.72
5.0,1.5,2.5,4.5,0.6,1200,0.8,388,59.8,5.97,0.73,1.09,0.015,10.72
2.0,0.7,2.5,4.5,0.4,1200,0.4,313,68.7,4.48,0.48,1.06,0.014,9.72
2.0,0.7,2.5,4.5,0.6,1200,0.4,313,68.7,4.48,0.48,1.06,0.014,9.72
2.0,0.7,2.5,4.5,0.8,1200,0.4,313,68.7,4.48,0.48,1.06,0.014,9.72
2.0,1.5,2.5,3.0,0.6,7200,0.2,155,66.5,2.21,0.52,1.02,0.014,17.5
2.0,1.5,2.5,3.0,0.6,14400,0.2,155,66.5,2.21,0.52,1.02,0.014,17.5
2.0,1.5,2.5,3.0,0.6,,0.4,155,66.5,2.21,0.52,1.02,0.014,17.5
3.0,0.7,1.5,3.0,0.4,1200,0.8,428,60.3,5.82,0.71,1.08,0.014,8.18
3.0,0.7,1.5,3.0,0.6,1200,0.8,428,60.3,5.82,0.71,1.08,0.014,8.18
3.0,0.7,1.5,3.0,0.8,1200,0.8,428,60.3,5.82,0.71,1.08,0.014,8.18
4.0,0.7,2.5,3.0,0.4,3600,0.4,182,83.0,2.59,0.21,1.03,0.014,16.14
4.0,0.7,2.5,3.0,0.6,3600,0.4,182,83.0,2.59,0.21,1.03,0.014,16.14
4.0,0.7,2.5,3.0,0.8,3600,0.4,182,83.0,2.59,0.21,1.03,0.014,16.14
4.0,1.5,2.5,3.0,0.8,1200,0.8,403,60.0,5.82,0.72,1.08,0.014,10.9
4.0,1.5,2.5,4.5,0.8,1200,0.8,403,60.0,5.82,0.72,1.08,0.014,10.9
2.0,1.5,2.5,3.0,0.6,14400,0.4,157,66.2,2.08,0.52,1.02,0.013,17.5
2.0,1.5,2.5,3.0,0.8,1200,0.8,457,59.1,5.79,0.75,1.08,0.013,9.31
2.0,1.5,2.5,4.5,0.8,1200,0.8,457,59.1,5.79,0.75,1.08,0.013,9.31
3.0,0.7,1.5,4.5,0.4,2400,0.2,188,79.3,2.51,0.27,1.03,0.013,14.7
3.0,0.7,1.5,4.5,0.6,2400,0.2,188,79.3,2.51,0.27,1.03,0.013,14.7
3.0,0.7,1.5,4.5,0.8,2400,0.2,188,79.3,2.51,0.27,1.03,0.013,14.7
3.0,0.7,2.5,3.0,0.4,2400,0.2,188,79.3,2.42,0.27,1.03,0.013,14.7
3.0,0.7,2.5,3.0,0.6,2400,0.2,188,79.3,2.42,0.27,1.03,0.013,14.7
3.0,0.7,2.5,3.0,0.8,2400,0.2,188,79.3,2.42,0.27,1.03,0.013,14.7
2.0,1.0,1.5,4.5,0.4,2400,0.8,372,59.4,4.58,0.72,1.05,0.012,12.03
2.0,1.0,1.5,4.5,0.6,2400,0.8,372,59.4,4.58,0.72,1.05,0.012,12.03
2.0,1.0,1.5,4.5,0.8,2400,0.8,372,59.4,4.58,0.72,1.05,0.012,12.03
2.0,1.0,2.5,3.0,0.4,2400,0.8,372,59.4,4.58,0.72,1.05,0.012,12.93
2.0,1.0,2.5,3.0,0.6,2400,0.8,372,59.4,4.58,0.72,1.05,0.012,12.93
2.0,1.0,2.5,3.0,0.8,2400,0.8,372,59.4,4.58,0.72,1.05,0.012,12.93
2.0,1.5,2.5,3.0,0.4,1200,0.4,259,66.0,3.14,0.53,1.03,0.012,15.89
4.0,0.7,2.5,4.5,0.4,3600,0.4,182,83.0,2.14,0.21,1.03,0.012,16.14
4.0,0.7,2.5,4.5,0.6,3600,0.4,182,83.0,2.14,0.21,1.03,0.012,16.14
4.0,0.7,2.5,4.5,0.8,3600,0.4,182,83.0,2.14,0.21,1.03,0.012,16.14
2.0,0.7,1.5,3.0,0.4,1200,0.8,463,60.0,4.96,0.71,1.07,0.011,9.64
2.0,0.7,1.5,3.0,0.6,1200,0.8,463,60.0,4.96,0.71,1.07,0.011,9.64
2.0,0.7,1.5,3.0,0.8,1200,0.8,463,60.0,4.96,0.71,1.07,0.011,9.64
2.0,1.0,2.5,4.5,0.4,2400,0.8,372,59.4,4.13,0.72,1.05,0.011,12.93
2.0,1.0,2.5,4.5,0.6,2400,0.8,372,59.4,4.13,0.72,1.05,0.011,12.93
2.0,1.0,2.5,4.5,0.8,2400,0.8,372,59.4,4.13,0.72,1.05,0.011,12.93
2.0,1.5,2.5,3.0,0.4,3600,0.2,163,64.4,1.76,0.56,1.02,0.011,16.74
2.0,1.5,2.5,4.5,0.6,7200,0.2,155,66.5,1.76,0.51,1.02,0.011,17.5
2.0,1.5,2.5,4.5,0.6,14400,0.2,155,66.5,1.76,0.51,1.02,0.011,17.5
2.0,1.5,2.5,4.5,0.6,,0.4,155,66.5,1.76,0.51,1.02,0.011,17.5
4.0,0.7,1.5,3.0,0.4,7200,0.8,203,71.4,2.29,0.41,1.03,0.011,19.37
4.0,0.7,1.5,3.0,0.6,7200,0.8,203,71.4,2.29,0.41,1.03,0.011,19.37
4.0,0.7,1.5,3.0,0.8,7200,0.8,203,71.4,2.29,0.41,1.03,0.011,19.37
4.0,1.0,1.5,3.0,0.4,1200,0.8,405,60.0,4.44,0.71,1.06,0.011,10.06
4.0,1.0,1.5,3.0,0.6,1200,0.8,405,60.0,4.44,0.71,1.06,0.011,10.06
4.0,1.0,1.5,3.0,0.8,1200,0.8,405,60.0,4.44,0.71,1.06,0.011,10.06
4.0,1.0,1.5,4.5,0.4,1200,0.8,405,60.0,4.44,0.71,1.06,0.011,10.06
4.0,1.0,1.5,4.5,0.6,1200,0.8,405,60.0,4.44,0.71,1.06,0.011,10.06
4.0,1.0,1.5,4.5,0.8,1200,0.8,405,60.0,4.44,0.71,1.06,0.011,10.06
2.0,1.5,2.5,3.0,0.4,7200,0.2,156,66.0,1.5,0.52,1.01,0.01,16.74
2.0,1.5,2.5,3.0,0.4,14400,0.2,156,66.0,1.5,0.52,1.01,0.01,16.74
2.0,1.5,2.5,3.0,0.4,,0.4,156,66.0,1.5,0.52,1.01,0.01,16.74
2.0,1.5,2.5,3.0,0.6,3600,0.2,162,65.4,1.69,0.54,1.02,0.01,17.5
2.0,1.5,2.5,3.0,0.8,1200,0.4,257,66.9,2.67,0.51,1.03,0.01,13.11
2.0,1.5,2.5,4.5,0.4,1200,0.4,259,66.0,2.69,0.53,1.03,0.01,15.89
2.0,1.5,2.5,4.5,0.6,14400,0.4,157,66.2,1.63,0.52,1.02,0.01,17.5
3.0,0.7,1.5,4.5,0.4,1200,0.8,428,60.3,4.47,0.7,1.06,0.01,8.18
3.0,0.7,1.5,4.5,0.6,1200,0.8,428,60.3,4.47,0.7,1.06,0.01,8.18
3.0,0.7,1.5,4.5,0.8,1200,0.8,428,60.3,4.47,0.7,1.06,0.01,8.18
3.0,0.7,2.5,3.0,0.4,1200,0.8,428,60.3,4.38,0.7,1.06,0.01,8.18
3.0,0.7,2.5,3.0,0.6,1200,0.8,428,60.3,4.38,0.7,1.06,0.01,8.18
3.0,0.7,2.5,3.0,0.8,1200,0.8,428,60.3,4.38,0.7,1.06,0.01,8.18
3.0,0.7,2.5,4.5,0.4,2400,0.2,188,79.3,1.97,0.27,1.02,0.01,14.7
3.0,0.7,2.5,4.5,0.6,2400,0.2,188,79.3,1.97,0.27,1.02,0.01,14.7
3.0,0.7,2.5,4.5,0.8,2400,0.2,188,79.3,1.97,0.27,1.02,0.01,14.7
4.0,1.0,2.5,3.0,0.4,1200,0.8,405,60.0,3.99,0.7,1.06,0.01,10.06
4.0,1.0,2.5,3.0,0.4,7200,0.8,185,67.6,1.79,0.49,1.02,0.01,21.86
4.0,1.0,2.5,3.0,0.6,1200,0.8,405,60.0,3.99,0.7,1.06,0.01,10.06
4.0,1.0,2.5,3.0,0.6,7200,0.8,185,67.6,1.79,0.49,1.02,0.01,21.86
4.0,1.0,2.5,3.0,0.8,1200,0.8,405,60.0,3.99,0.7,1.06,0.01,10.06
4.0,1.0,2.5,3.0,0.8,7200,0.8,185,67.6,1.79,0.49,1.02,0.01,21.86
4.0,1.0,2.5,4.5,0.4,1200,0.8,405,60.0,3.99,0.7,1.06,0.01,10.06
4.0,1.0,2.5,4.5,0.4,7200,0.8,185,67.6,1.79,0.49,1.02,0.01,21.86
4.0,1.0,2.5,4.5,0.6,1200,0.8,405,60.0,3.99,0.7,1.06,0.01,10.06
4.0,1.0,2.5,4.5,0.6,7200,0.8,185,67.6,1.79,0.49,1.02,0.01,21.86
4.0,1.0,2.5,4.5,0.8,1200,0.8,405,60.0,3.99,0.7,1.06,0.01,10.06
4.0,1.0,2.5,4.5,0.8,7200,0.8,185,67.6,1.79,0.49,1.02,0.01,21.86
2.0,1.0,1.5,3.0,0.4,1200,0.8,459,59.0,3.92,0.73,1.05,0.009,9.1
2.0,1.0,1.5,3.0,0.6,1200,0.8,459,59.0,3.92,0.73,1.05,0.009,9.1
2.0,1.0,1.5,3.0,0.8,1200,0.8,459,59.0,3.92,0.73,1.05,0.009,9.1
2.0,1.0,1.5,4.5,0.4,1200,0.8,459,59.0,3.92,0.73,1.05,0.009,9.1
2.0,1.0,1.5,4.5,0.6,1200,0.8,459,59.0,3.92,0.73,1.05,0.009,9.1
2.0,1.0,1.5,4.5,0.8,1200,0.8,459,59.0,3.92,0.73,1.05,0.009,9.1
2.0,1.0,2.5,3.0,0.4,1200,0.8,459,59.0,3.92,0.73,1.05,0.009,9.1
2.0,1.0,2.5,3.0,0.6,1200,0.8,459,59.0,3.92,0.73,1.05,0.009,9.1
2.0,1.0,2.5,3.0,0.8,1200,0.8,459,59.0,3.92,0.73,1.05,0.009,9.1
2.0,1.0,2.5,4.5,0.4,1200,0.8,459,59.0,3.92,0.73,1.05,0.009,9.1
2.0,1.0,2.5,4.5,0.6,1200,0.8,459,59.0,3.92,0.73,1.05,0.009,9.1
2.0,1.0,2.5,4.5,0.8,1200,0.8,459,59.0,3.92,0.73,1.05,0.009,9.1
2.0,1.5,2.5,4.5,0.8,1200,0.4,257,66.9,2.22,0.51,1.03,0.009,13.11
3.0,0.7,1.5,3.0,0.4,14400,0.4,180,82.2,1.59,0.22,1.02,0.009,17.07
3.0,0.7,1.5,3.0,0.6,14400,0.4,180,82.2,1.59,0.22,1.02,0.009,17.07
3.0,0.7,1.5,3.0,0.8,14400,0.4,180,82.2,1.59,0.22,1.02,0.009,17.07
3.0,0.7,1.5,4.5,0.4,7200,0.8,237,70.5,2.19,0.43,1.03,0.009,15.6
3.0,0.7,1.5,4.5,0.6,7200,0.8,237,70.5,2.19,0.43,1.03,0.009,15.6
3.0,0.7,1.5,4.5,0.8,7200,0.8,237,70.5,2.19,0.43,1.03,0.009,15.6
3.0,0.7,2.5,3.0,0.4,7200,0.8,237,70.5,2.1,0.43,1.02,0.009,15.6
3.0,0.7,2.5,3.0,0.6,7200,0.8,237,70.5,2.1,0.43,1.02,0.009,15.6
3.0,0.7,2.5,3.0,0.8,7200,0.8,237,70.5,2.1,0.43,1.02,0.009,15.6
3.0,0.7,2.5,4.5,0.4,1200,0.8,428,60.3,3.93,0.7,1.06,0.009,8.18
3.0,0.7,2.5,4.5,0.6,1200,0.8,428,60.3,3.93,0.7,1.06,0.009,8.18
3.0,0.7,2.5,4.5,0.8,1200,0.8,428,60.3,3.93,0.7,1.06,0.009,8.18
4.0,0.7,1.5,3.0,0.4,1200,0.8,414,61.4,3.84,0.66,1.05,0.009,9.93
4.0,0.7,1.5,3.0,0.6,1200,0.8,414,61.4,3.84,0.66,1.05,0.009,9.93
4.0,0.7,1.5,3.0,0.8,1200,0.8,414,61.4,3.84,0.66,1.05,0.009,9.93
4.0,0.7,2.5,3.0,0.4,1200,0.8,414,61.4,3.84,0.66,1.05,0.009,9.93
4.0,0.7,2.5,3.0,0.6,1200,0.8,414,61.4,3.84,0.66,1.05,0.009,9.93
4.0,0.7,2.5,3.0,0.8,1200,0.8,414,61.4,3.84,0.66,1.05,0.009,9.93
5.0,1.0,1.5,3.0,0.4,2400,0.8,296,61.1,2.79,0.66,1.04,0.009,11.0
5.0,1.0,1.5,3.0,0.6,2400,0.8,296,61.1,2.79,0.66,1.04,0.009,11.0
5.0,1.0,1.5,3.0,0.8,2400,0.8,296,61.1,2.79,0.66,1.04,0.009,11.0
5.0,1.0,1.5,4.5,0.4,2400,0.8,296,61.1,2.79,0.66,1.04,0.009,11.0
5.0,1.0,1.5,4.5,0.6,2400,0.8,296,61.1,2.79,0.66,1.04,0.009,11.0
5.0,1.0,1.5,4.5,0.8,2400,0.8,296,61.1,2.79,0.66,1.04,0.009,11.0
2.0,0.7,1.5,4.5,0.4,1200,0.8,463,60.0,3.61,0.7,1.05,0.008,9.64
2.0,0.7,1.5,4.5,0.6,1200,0.8,463,60.0,3.61,0.7,1.05,0.008,9.64
2.0,0.7,1.5,4.5,0.8,1200,0.8,463,60.0,3.61,0.7,1.05,0.008,9.64
2.0,0.7,2.5,3.0,0.4,1200,0.8,463,60.0,3.52,0.7,1.05,0.008,9.64
2.0,0.7,2.5,3.0,0.6,1200,0.8,463,60.0,3.52,0.7,1.05,0.008,9.64
2.0,0.7,2.5,3.0,0.8,1200,0.8,463,60.0,3.52,0.7,1.05,0.008,9.64
2.0,1.5,2.5,4.5,0.4,3600,0.2,163,64.4,1.31,0.56,1.01,0.008,16.74
2.0,1.5,2.5,4.5,0.6,3600,0.2,162,65.4,1.24,0.53,1.01,0.008,17.5
4.0,0.7,2.5,4.5,0.4,1200,0.8,414,61.4,3.39,0.66,1.05,0.008,9.93
4.0,0.7,2.5,4.5,0.6,1200,0.8,414,61.4,3.39,0.66,1.05,0.008,9.93
4.0,0.7,2.5,4.5,0.8,1200,0.8,414,61.4,3.39,0.66,1.05,0.008,9.93
2.0,0.7,2.5,4.5,0.4,1200,0.8,463,60.0,3.07,0.69,1.04,0.007,9.64
2.0,0.7,2.5,4.5,0.6,1200,0.8,463,60.0,3.07,0.69,1.04,0.007,9.64
2.0,0.7,2.5,4.5,0.8,1200,0.8,463,60.0,3.07,0.69,1.04,0.007,9.64
2.0,1.5,2.5,3.0,0.6,2400,0.2,164,65.2,1.19,0.54,1.01,0.007,17.5
2.0,1.5,2.5,4.5,0.4,7200,0.2,156,66.0,1.05,0.52,1.01,0.007,16.74
2.0,1.5,2.5,4.5,0.4,14400,0.2,156,66.0,1.05,0.52,1.01,0.007,16.74
2.0,1.5,2.5,4.5,0.4,,0.4,156,66.0,1.05,0.52,1.01,0.007,16.74
3.0,0.7,2.5,4.5,0.4,7200,0.8,237,70.5,1.65,0.43,1.02,0.007,15.6
3.0,0.7,2.5,4.5,0.6,7200,0.8,237,70.5,1.65,0.43,1.02,0.007,15.6
3.0,0.7,2.5,4.5,0.8,7200,0.8,237,70.5,1.65,0.43,1.02,0.007,15.6
5.0,1.5,2.5,3.0,0.8,1200,0.8,388,59.8,2.77,0.7,1.04,0.007,10.92
5.0,1.5,2.5,4.5,0.8,1200,0.8,388,59.8,2.77,0.7,1.04,0.007,10.92
2.0,1.5,2.5,3.0,0.4,14400,0.4,159,66.0,1.02,0.52,1.01,0.006,16.74
2.0,1.5,2.5,3.0,0.6,7200,0.4,160,66.9,0.96,0.5,1.01,0.006,17.5
4.0,0.7,1.5,4.5,0.4,1200,0.8,414,61.4,2.49,0.65,1.04,0.006,9.93
4.0,0.7,1.5,4.5,0.6,1200,0.8,414,61.4,2.49,0.65,1.04,0.006,9.93
4.0,0.7,1.5,4.5,0.8,1200,0.8,414,61.4,2.49,0.65,1.04,0.006,9.93
5.0,1.0,1.5,3.0,0.4,1200,0.8,390,60.0,2.51,0.69,1.04,0.006,11.24
5.0,1.0,1.5,3.0,0.6,1200,0.8,390,60.0,2.51,0.69,1.04,0.006,11.24
5.0,1.0,1.5,3.0,0.8,1200,0.8,390,60.0,2.51,0.69,1.04,0.006,11.24
5.0,1.0,1.5,4.5,0.4,1200,0.8,390,60.0,2.51,0.69,1.04,0.006,11.24
5.0,1.0,1.5,4.5,0.6,1200,0.8,390,60.0,2.51,0.69,1.04,0.006,11.24
5.0,1.0,1.5,4.5,0.8,1200,0.8,390,60.0,2.51,0.69,1.04,0.006,11.24
5.0,1.0,2.5,3.0,0.4,1200,0.8,390,60.0,2.51,0.69,1.04,0.006,11.24
5.0,1.0,2.5,3.0,0.4,2400,0.8,296,61.1,1.89,0.65,1.03,0.006,11.45
5.0,1.0,2.5,3.0,0.6,1200,0.8,390,60.0,2.51,0.69,1.04,0.006,11.24
5.0,1.0,2.5,3.0,0.6,2400,0.8,296,61.1,1.89,0.65,1.03,0.006,11.45
5.0,1.0,2.5,3.0,0.8,1200,0.8,390,60.0,2.51,0.69,1.04,0.006,11.24
5.0,1.0,2.5,3.0,0.8,2400,0.8,296,61.1,1.89,0.65,1.03,0.006,11.45
5.0,1.0,2.5,4.5,0.4,1200,0.8,390,60.0,2.51,0.69,1.04,0.006,11.24
5.0,1.0,2.5,4.5,0.4,2400,0.8,296,61.1,1.89,0.65,1.03,0.006,11.45
5.0,1.0,2.5,4.5,0.6,1200,0.8,390,60.0,2.51,0.69,1.04,0.006,11.24
5.0,1.0,2.5,4.5,0.6,2400,0.8,296,61.1,1.89,0.65,1.03,0.006,11.45
5.0,1.0,2.5,4.5,0.8,1200,0.8,390,60.0,2.51,0.69,1.04,0.006,11.24
5.0,1.0,2.5,4.5,0.8,2400,0.8,296,61.1,1.89,0.65,1.03,0.006,11.45
2.0,1.5,2.5,4.5,0.6,2400,0.2,164,65.2,0.74,0.54,1.01,0.005,17.5
4.0,0.7,1.5,4.5,0.4,7200,0.8,203,71.4,0.94,0.4,1.01,0.005,19.37
4.0,0.7,1.5,4.5,0.6,7200,0.8,203,71.4,0.94,0.4,1.01,0.005,19.37
4.0,0.7,1.5,4.5,0.8,7200,0.8,203,71.4,0.94,0.4,1.01,0.005,19.37
2.0,1.5,2.5,3.0,0.4,7200,0.4,162,66.7,0.57,0.5,1.01,0.004,16.74
2.0,1.5,2.5,4.5,0.4,14400,0.4,159,66.0,0.57,0.52,1.01,0.004,16.74
2.0,1.5,2.5,4.5,0.6,7200,0.4,160,66.9,0.51,0.5,1.0,0.003,17.5
3.0,0.7,1.5,3.0,0.4,7200,0.4,183,80.3,0.64,0.25,1.01,0.003,17.07
3.0,0.7,1.5,3.0,0.6,7200,0.4,183,80.3,0.64,0.25,1.01,0.003,17.07
3.0,0.7,1.5,3.0,0.8,7200,0.4,183,80.3,0.64,0.25,1.01,0.003,17.07
4.0,0.7,1.5,3.0,0.4,2400,0.4,196,76.0,0.32,0.32,1.0,0.002,14.49
4.0,0.7,1.5,3.0,0.6,2400,0.4,196,76.0,0.32,0.32,1.0,0.002,14.49
4.0,0.7,1.5,3.0,0.8,2400,0.4,196,76.0,0.32,0.32,1.0,0.002,14.49
4.0,1.5,2.5,3.0,0.6,2400,0.2,106,77.4,0.19,0.29,1.0,0.002,26.25
4.0,1.5,2.5,4.5,0.6,2400,0.2,106,77.4,0.19,0.29,1.0,0.002,26.25
2.0,1.5,2.5,4.5,0.4,7200,0.4,162,66.7,0.12,0.5,1.0,0.001,16.74
3.0,0.7,1.5,4.5,0.4,14400,0.4,180,82.2,0.24,0.22,1.0,0.001,17.07
3.0,0.7,1.5,4.5,0.6,14400,0.4,180,82.2,0.24,0.22,1.0,0.001,17.07
3.0,0.7,1.5,4.5,0.8,14400,0.4,180,82.2,0.24,0.22,1.0,0.001,17.07
3.0,0.7,2.5,3.0,0.4,14400,0.4,180,82.2,0.15,0.22,1.0,0.001,17.07
3.0,0.7,2.5,3.0,0.6,14400,0.4,180,82.2,0.15,0.22,1.0,0.001,17.07
3.0,0.7,2.5,3.0,0.8,14400,0.4,180,82.2,0.15,0.22,1.0,0.001,17.07
4.0,0.7,2.5,3.0,0.4,7200,0.8,203,71.4,0.13,0.4,1.0,0.001,20.81
4.0,0.7,2.5,3.0,0.6,7200,0.8,203,71.4,0.13,0.4,1.0,0.001,20.81
4.0,0.7,2.5,3.0,0.8,7200,0.8,203,71.4,0.13,0.4,1.0,0.001,20.81
4.0,1.0,1.5,3.0,0.4,2400,0.2,113,78.8,0.06,0.27,1.0,0.001,28.98
4.0,1.0,1.5,3.0,0.6,2400,0.2,113,78.8,0.06,0.27,1.0,0.001,28.98
4.0,1.0,1.5,3.0,0.8,2400,0.2,113,78.8,0.06,0.27,1.0,0.001,28.98
4.0,1.0,1.5,4.5,0.4,2400,0.2,113,78.8,0.06,0.27,1.0,0.001,28.98
4.0,1.0,1.5,4.5,0.6,2400,0.2,113,78.8,0.06,0.27,1.0,0.001,28.98
4.0,1.0,1.5,4.5,0.8,2400,0.2,113,78.8,0.06,0.27,1.0,0.001,28.98
4.0,1.5,2.5,3.0,0.6,1200,0.2,114,75.4,0.06,0.33,1.0,0.001,27.31
4.0,1.5,2.5,4.5,0.6,1200,0.2,114,75.4,0.06,0.33,1.0,0.001,27.31
3.0,0.7,1.5,3.0,0.4,3600,0.2,179,80.4,-0.25,0.24,1.0,-0.001,17.07
3.0,0.7,1.5,3.0,0.6,3600,0.2,179,80.4,-0.25,0.24,1.0,-0.001,17.07
3.0,0.7,1.5,3.0,0.8,3600,0.2,179,80.4,-0.25,0.24,1.0,-0.001,17.07
3.0,0.7,2.5,4.5,0.4,14400,0.4,180,82.2,-0.3,0.22,1.0,-0.002,17.07
3.0,0.7,2.5,4.5,0.6,14400,0.4,180,82.2,-0.3,0.22,1.0,-0.002,17.07
3.0,0.7,2.5,4.5,0.8,14400,0.4,180,82.2,-0.3,0.22,1.0,-0.002,17.07
4.0,0.7,1.5,3.0,0.4,1200,0.2,160,80.6,-0.34,0.24,1.0,-0.002,24.5
4.0,0.7,1.5,3.0,0.6,1200,0.2,160,80.6,-0.34,0.24,1.0,-0.002,24.5
4.0,0.7,1.5,3.0,0.8,1200,0.2,160,80.6,-0.34,0.24,1.0,-0.002,24.5
4.0,0.7,2.5,4.5,0.4,7200,0.8,203,71.4,-0.32,0.4,1.0,-0.002,20.81
4.0,0.7,2.5,4.5,0.6,7200,0.8,203,71.4,-0.32,0.4,1.0,-0.002,20.81
4.0,0.7,2.5,4.5,0.8,7200,0.8,203,71.4,-0.32,0.4,1.0,-0.002,20.81
4.0,1.0,1.5,3.0,0.4,3600,0.2,110,79.1,-0.27,0.26,1.0,-0.002,28.25
4.0,1.0,1.5,3.0,0.6,3600,0.2,110,79.1,-0.27,0.26,1.0,-0.002,28.25
4.0,1.0,1.5,3.0,0.8,3600,0.2,110,79.1,-0.27,0.26,1.0,-0.002,28.25
4.0,1.0,1.5,4.5,0.4,3600,0.2,110,79.1,-0.27,0.26,1.0,-0.002,28.25
4.0,1.0,1.5,4.5,0.6,3600,0.2,110,79.1,-0.27,0.26,1.0,-0.002,28.25
4.0,1.0,1.5,4.5,0.8,3600,0.2,110,79.1,-0.27,0.26,1.0,-0.002,28.25
3.0,0.7,1.5,4.5,0.4,7200,0.4,183,80.3,-0.71,0.24,0.99,-0.004,17.07
3.0,0.7,1.5,4.5,0.6,7200,0.4,183,80.3,-0.71,0.24,0.99,-0.004,17.07
3.0,0.7,1.5,4.5,0.8,7200,0.4,183,80.3,-0.71,0.24,0.99,-0.004,17.07
3.0,0.7,2.5,3.0,0.4,7200,0.4,183,80.3,-0.8,0.24,0.99,-0.004,17.07
3.0,0.7,2.5,3.0,0.6,7200,0.4,183,80.3,-0.8,0.24,0.99,-0.004,17.07
3.0,0.7,2.5,3.0,0.8,7200,0.4,183,80.3,-0.8,0.24,0.99,-0.004,17.07
4.0,0.7,1.5,3.0,0.4,2400,0.2,150,82.7,-0.78,0.21,0.99,-0.005,23.44
4.0,0.7,1.5,3.0,0.6,2400,0.2,150,82.7,-0.78,0.21,0.99,-0.005,23.44
4.0,0.7,1.5,3.0,0.8,2400,0.2,150,82.7,-0.78,0.21,0.99,-0.005,23.44
4.0,0.7,1.5,4.5,0.4,2400,0.4,196,76.0,-1.03,0.31,0.99,-0.005,14.49
4.0,0.7,1.5,4.5,0.6,2400,0.4,196,76.0,-1.03,0.31,0.99,-0.005,14.49
4.0,0.7,1.5,4.5,0.8,2400,0.4,196,76.0,-1.03,0.31,0.99,-0.005,14.49
5.0,0.7,1.5,3.0,0.4,1200,0.8,397,60.7,-2.15,0.63,0.97,-0.005,11.34
5.0,0.7,1.5,3.0,0.4,2400,0.8,315,62.5,-1.55,0.59,0.98,-0.005,12.27
5.0,0.7,1.5,3.0,0.6,1200,0.8,397,60.7,-2.15,0.63,0.97,-0.005,11.34
5.0,0.7,1.5,3.0,0.6,2400,0.8,315,62.5,-1.55,0.59,0.98,-0.005,12.27
5.0,0.7,1.5,3.0,0.8,1200,0.8,397,60.7,-2.15,0.63,0.97,-0.005,11.34
5.0,0.7,1.5,3.0,0.8,2400,0.8,315,62.5,-1.55,0.59,0.98,-0.005,12.27
5.0,0.7,1.5,4.5,0.4,1200,0.8,397,60.7,-2.15,0.63,0.97,-0.005,11.34
5.0,0.7,1.5,4.5,0.4,2400,0.8,315,62.5,-1.55,0.59,0.98,-0.005,12.27
5.0,0.7,1.5,4.5,0.6,1200,0.8,397,60.7,-2.15,0.63,0.97,-0.005,11.34
5.0,0.7,1.5,4.5,0.6,2400,0.8,315,62.5,-1.55,0.59,0.98,-0.005,12.27
5.0,0.7,1.5,4.5,0.8,1200,0.8,397,60.7,-2.15,0.63,0.97,-0.005,11.34
5.0,0.7,1.5,4.5,0.8,2400,0.8,315,62.5,-1.55,0.59,0.98,-0.005,12.27
5.0,0.7,2.5,3.0,0.4,1200,0.8,397,60.7,-2.15,0.63,0.97,-0.005,11.34
5.0,0.7,2.5,3.0,0.4,2400,0.8,315,62.5,-1.55,0.59,0.98,-0.005,12.27
5.0,0.7,2.5,3.0,0.6,1200,0.8,397,60.7,-2.15,0.63,0.97,-0.005,11.34
5.0,0.7,2.5,3.0,0.6,2400,0.8,315,62.5,-1.55,0.59,0.98,-0.005,12.27
5.0,0.7,2.5,3.0,0.8,1200,0.8,397,60.7,-2.15,0.63,0.97,-0.005,11.34
5.0,0.7,2.5,3.0,0.8,2400,0.8,315,62.5,-1.55,0.59,0.98,-0.005,12.27
5.0,0.7,2.5,4.5,0.4,1200,0.8,397,60.7,-2.15,0.63,0.97,-0.005,11.34
5.0,0.7,2.5,4.5,0.4,2400,0.8,315,62.5,-1.55,0.59,0.98,-0.005,12.27
5.0,0.7,2.5,4.5,0.6,1200,0.8,397,60.7,-2.15,0.63,0.97,-0.005,11.34
5.0,0.7,2.5,4.5,0.6,2400,0.8,315,62.5,-1.55,0.59,0.98,-0.005,12.27
5.0,0.7,2.5,4.5,0.8,1200,0.8,397,60.7,-2.15,0.63,0.97,-0.005,11.34
5.0,0.7,2.5,4.5,0.8,2400,0.8,315,62.5,-1.55,0.59,0.98,-0.005,12.27
4.0,0.7,2.5,3.0,0.4,2400,0.4,196,76.0,-1.12,0.31,0.99,-0.006,14.49
4.0,0.7,2.5,3.0,0.6,2400,0.4,196,76.0,-1.12,0.31,0.99,-0.006,14.49
4.0,0.7,2.5,3.0,0.8,2400,0.4,196,76.0,-1.12,0.31,0.99,-0.006,14.49
3.0,0.7,2.5,4.5,0.4,7200,0.4,183,80.3,-1.25,0.24,0.99,-0.007,17.07
3.0,0.7,2.5,4.5,0.6,7200,0.4,183,80.3,-1.25,0.24,0.99,-0.007,17.07
3.0,0.7,2.5,4.5,0.8,7200,0.4,183,80.3,-1.25,0.24,0.99,-0.007,17.07
4.0,0.7,2.5,3.0,0.4,1200,0.2,160,80.6,-1.06,0.24,0.99,-0.007,25.22
4.0,0.7,2.5,3.0,0.6,1200,0.2,160,80.6,-1.06,0.24,0.99,-0.007,25.22
4.0,0.7,2.5,3.0,0.8,1200,0.2,160,80.6,-1.06,0.24,0.99,-0.007,25.22
4.0,1.0,1.5,3.0,0.4,14400,0.8,127,78.7,-0.89,0.27,0.99,-0.007,29.07
4.0,1.0,1.5,3.0,0.6,14400,0.8,127,78.7,-0.89,0.27,0.99,-0.007,29.07
4.0,1.0,1.5,3.0,0.8,14400,0.8,127,78.7,-0.89,0.27,0.99,-0.007,29.07
4.0,1.0,1.5,4.5,0.4,14400,0.8,127,78.7,-0.89,0.27,0.99,-0.007,29.07
4.0,1.0,1.5,4.5,0.6,14400,0.8,127,78.7,-0.89,0.27,0.99,-0.007,29.07
4.0,1.0,1.5,4.5,0.8,14400,0.8,127,78.7,-0.89,0.27,0.99,-0.007,29.07
4.0,0.7,2.5,4.5,0.4,2400,0.4,196,76.0,-1.57,0.31,0.98,-0.008,14.49
4.0,0.7,2.5,4.5,0.6,2400,0.4,196,76.0,-1.57,0.31,0.98,-0.008,14.49
4.0,0.7,2.5,4.5,0.8,2400,0.4,196,76.0,-1.57,0.31,0.98,-0.008,14.49
3.0,0.7,1.5,4.5,0.4,3600,0.2,179,80.4,-1.6,0.24,0.98,-0.009,17.07
3.0,0.7,1.5,4.5,0.6,3600,0.2,179,80.4,-1.6,0.24,0.98,-0.009,17.07
3.0,0.7,1.5,4.5,0.8,3600,0.2,179,80.4,-1.6,0.24,0.98,-0.009,17.07
3.0,0.7,2.5,3.0,0.4,3600,0.2,179,80.4,-1.69,0.24,0.98,-0.009,17.07
3.0,0.7,2.5,3.0,0.6,3600,0.2,179,80.4,-1.69,0.24,0.98,-0.009,17.07
3.0,0.7,2.5,3.0,0.8,3600,0.2,179,80.4,-1.69,0.24,0.98,-0.009,17.07
4.0,0.7,2.5,4.5,0.4,1200,0.2,160,80.6,-1.51,0.24,0.98,-0.009,25.22
4.0,0.7,2.5,4.5,0.6,1200,0.2,160,80.6,-1.51,0.24,0.98,-0.009,25.22
4.0,0.7,2.5,4.5,0.8,1200,0.2,160,80.6,-1.51,0.24,0.98,-0.009,25.22
3.0,0.7,1.5,3.0,0.4,7200,0.2,176,81.8,-1.77,0.22,0.98,-0.01,17.07
3.0,0.7,1.5,3.0,0.4,14400,0.2,176,81.8,-1.77,0.22,0.98,-0.01,17.07
3.0,0.7,1.5,3.0,0.4,,0.4,176,81.8,-1.77,0.22,0.98,-0.01,17.07
3.0,0.7,1.5,3.0,0.6,7200,0.2,176,81.8,-1.77,0.22,0.98,-0.01,17.07
3.0,0.7,1.5,3.0,0.6,14400,0.2,176,81.8,-1.77,0.22,0.98,-0.01,17.07
3.0,0.7,1.5,3.0,0.6,,0.4,176,81.8,-1.77,0.22,0.98,-0.01,17.07
3.0,0.7,1.5,3.0,0.8,7200,0.2,176,81.8,-1.77,0.22,0.98,-0.01,17.07
3.0,0.7,1.5,3.0,0.8,14400,0.2,176,81.8,-1.77,0.22,0.98,-0.01,17.07
3.0,0.7,1.5,3.0,0.8,,0.4,176,81.8,-1.77,0.22,0.98,-0.01,17.07
4.0,0.7,2.5,3.0,0.4,2400,0.2,150,82.7,-1.5,0.21,0.98,-0.01,24.16
4.0,0.7,2.5,3.0,0.6,2400,0.2,150,82.7,-1.5,0.21,0.98,-0.01,24.16
4.0,0.7,2.5,3.0,0.8,2400,0.2,150,82.7,-1.5,0.21,0.98,-0.01,24.16
4.0,0.7,1.5,4.5,0.4,1200,0.2,160,80.6,-1.69,0.24,0.98,-0.011,24.5
4.0,0.7,1.5,4.5,0.6,1200,0.2,160,80.6,-1.69,0.24,0.98,-0.011,24.5
4.0,0.7,1.5,4.5,0.8,1200,0.2,160,80.6,-1.69,0.24,0.98,-0.011,24.5
4.0,1.0,1.5,3.0,0.4,14400,0.4,105,81.0,-1.16,0.23,0.99,-0.011,28.16
4.0,1.0,1.5,3.0,0.6,14400,0.4,105,81.0,-1.16,0.23,0.99,-0.011,28.16
4.0,1.0,1.5,3.0,0.8,14400,0.4,105,81.0,-1.16,0.23,0.99,-0.011,28.16
4.0,1.0,1.5,4.5,0.4,14400,0.4,105,81.0,-1.16,0.23,0.99,-0.011,28.16
4.0,1.0,1.5,4.5,0.6,14400,0.4,105,81.0,-1.16,0.23,0.99,-0.011,28.16
4.0,1.0,1.5,4.5,0.8,14400,0.4,105,81.0,-1.16,0.23,0.99,-0.011,28.16
3.0,0.7,2.5,4.5,0.4,3600,0.2,179,80.4,-2.14,0.24,0.98,-0.012,17.07
3.0,0.7,2.5,4.5,0.6,3600,0.2,179,80.4,-2.14,0.24,0.98,-0.012,17.07
3.0,0.7,2.5,4.5,0.8,3600,0.2,179,80.4,-2.14,0.24,0.98,-0.012,17.07
4.0,1.0,1.5,3.0,0.4,7200,0.2,104,80.8,-1.25,0.23,0.98,-0.012,28.25
4.0,1.0,1.5,3.0,0.4,14400,0.2,104,80.8,-1.25,0.23,0.98,-0.012,28.25
4.0,1.0,1.5,3.0,0.4,,0.4,104,80.8,-1.25,0.23,0.98,-0.012,28.25
4.0,1.0,1.5,3.0,0.6,7200,0.2,104,80.8,-1.25,0.23,0.98,-0.012,28.25
4.0,1.0,1.5,3.0,0.6,14400,0.2,104,80.8,-1.25,0.23,0.98,-0.012,28.25
4.0,1.0,1.5,3.0,0.6,,0.4,104,80.8,-1.25,0.23,0.98,-0.012,28.25
4.0,1.0,1.5,3.0,0.8,7200,0.2,104,80.8,-1.25,0.23,0.98,-0.012,28.25
4.0,1.0,1.5,3.0,0.8,14400,0.2,104,80.8,-1.25,0.23,0.98,-0.012,28.25
4.0,1.0,1.5,3.0,0.8,,0.4,104,80.8,-1.25,0.23,0.98,-0.012,28.25
4.0,1.0,1.5,4.5,0.4,7200,0.2,104,80.8,-1.25,0.23,0.98,-0.012,28.25
4.0,1.0,1.5,4.5,0.4,14400,0.2,104,80.8,-1.25,0.23,0.98,-0.012,28.25
4.0,1.0,1.5,4.5,0.4,,0.4,104,80.8,-1.25,0.23,0.98,-0.012,28.25
4.0,1.0,1.5,4.5,0.6,7200,0.2,104,80.8,-1.25,0.23,0.98,-0.012,28.25
4.0,1.0,1.5,4.5,0.6,14400,0.2,104,80.8,-1.25,0.23,0.98,-0.012,28.25
4.0,1.0,1.5,4.5,0.6,,0.4,104,80.8,-1.25,0.23,0.98,-0.012,28.25
4.0,1.0,1.5,4.5,0.8,7200,0.2,104,80.8,-1.25,0.23,0.98,-0.012,28.25
4.0,1.0,1.5,4.5,0.8,14400,0.2,104,80.8,-1.25,0.23,0.98,-0.012,28.25
4.0,1.0,1.5,4.5,0.8,,0.4,104,80.8,-1.25,0.23,0.98,-0.012,28.25
2.0,1.5,2.5,3.0,0.8,7200,0.4,164,67.1,-2.13,0.48,0.98,-0.013,17.57
4.0,0.7,2.5,4.5,0.4,2400,0.2,150,82.7,-1.95,0.2,0.98,-0.013,24.16
4.0,0.7,2.5,4.5,0.6,2400,0.2,150,82.7,-1.95,0.2,0.98,-0.013,24.16
4.0,0.7,2.5,4.5,0.8,2400,0.2,150,82.7,-1.95,0.2,0.98,-0.013,24.16
2.0,1.5,2.5,3.0,0.4,2400,0.2,165,63.6,-2.36,0.56,0.98,-0.014,16.74
4.0,0.7,1.5,4.5,0.4,2400,0.2,150,82.7,-2.13,0.2,0.97,-0.014,23.44
4.0,0.7,1.5,4.5,0.6,2400,0.2,150,82.7,-2.13,0.2,0.97,-0.014,23.44
4.0,0.7,1.5,4.5,0.8,2400,0.2,150,82.7,-2.13,0.2,0.97,-0.014,23.44
2.0,1.5,2.5,3.0,0.8,3600,0.2,162,65.4,-2.45,0.52,0.98,-0.015,17.57
2.0,1.5,2.5,3.0,0.8,7200,0.2,155,66.5,-2.35,0.49,0.98,-0.015,17.57
2.0,1.5,2.5,3.0,0.8,14400,0.2,155,66.5,-2.35,0.49,0.98,-0.015,17.57
2.0,1.5,2.5,3.0,0.8,14400,0.4,158,65.8,-2.44,0.51,0.98,-0.015,17.57
2.0,1.5,2.5,3.0,0.8,,0.4,155,66.5,-2.35,0.49,0.98,-0.015,17.57
4.0,1.5,2.5,3.0,0.6,7200,0.4,107,78.5,-1.59,0.27,0.98,-0.015,26.21
4.0,1.5,2.5,3.0,0.8,1200,0.2,112,76.8,-1.67,0.3,0.98,-0.015,27.79
4.0,1.5,2.5,4.5,0.6,7200,0.4,107,78.5,-1.59,0.27,0.98,-0.015,26.21
4.0,1.5,2.5,4.5,0.8,1200,0.2,112,76.8,-1.67,0.3,0.98,-0.015,27.79
2.0,1.5,2.5,4.5,0.8,7200,0.4,164,67.1,-2.58,0.48,0.97,-0.016,17.57
2.0,1.0,1.5,3.0,0.4,1200,0.2,184,65.8,-3.15,0.5,0.97,-0.017,20.84
2.0,1.0,1.5,3.0,0.6,1200,0.2,184,65.8,-3.15,0.5,0.97,-0.017,20.84
2.0,1.0,1.5,3.0,0.8,1200,0.2,184,65.8,-3.15,0.5,0.97,-0.017,20.84
2.0,1.0,1.5,4.5,0.4,1200,0.2,184,65.8,-3.15,0.5,0.97,-0.017,20.84
2.0,1.0,1.5,4.5,0.6,1200,0.2,184,65.8,-3.15,0.5,0.97,-0.017,20.84
2.0,1.0,1.5,4.5,0.8,1200,0.2,184,65.8,-3.15,0.5,0.97,-0.017,20.84
2.0,1.5,2.5,4.5,0.4,2400,0.2,165,63.6,-2.81,0.56,0.97,-0.017,16.74
2.0,1.5,2.5,3.0,0.6,2400,0.4,211,61.1,-3.74,0.61,0.96,-0.018,19.02
2.0,1.5,2.5,3.0,0.8,2400,0.2,163,64.4,-2.98,0.54,0.97,-0.018,17.57
2.0,1.5,2.5,4.5,0.8,3600,0.2,162,65.4,-2.9,0.51,0.97,-0.018,17.57
2.0,1.5,2.5,4.5,0.8,7200,0.2,155,66.5,-2.8,0.49,0.97,-0.018,17.57
2.0,1.5,2.5,4.5,0.8,14400,0.2,155,66.5,-2.8,0.49,0.97,-0.018,17.57
2.0,1.5,2.5,4.5,0.8,14400,0.4,158,65.8,-2.89,0.5,0.97,-0.018,17.57
2.0,1.5,2.5,4.5,0.8,,0.4,155,66.5,-2.8,0.49,0.97,-0.018,17.57
3.0,0.7,1.5,4.5,0.4,7200,0.2,176,81.8,-3.12,0.22,0.97,-0.018,17.07
3.0,0.7,1.5,4.5,0.4,14400,0.2,176,81.8,-3.12,0.22,0.97,-0.018,17.07
3.0,0.7,1.5,4.5,0.4,,0.4,176,81.8,-3.12,0.22,0.97,-0.018,17.07
3.0,0.7,1.5,4.5,0.6,7200,0.2,176,81.8,-3.12,0.22,0.97,-0.018,17.07
3.0,0.7,1.5,4.5,0.6,14400,0.2,176,81.8,-3.12,0.22,0.97,-0.018,17.07
3.0,0.7,1.5,4.5,0.6,,0.4,176,81.8,-3.12,0.22,0.97,-0.018,17.07
3.0,0.7,1.5,4.5,0.8,7200,0.2,176,81.8,-3.12,0.22,0.97,-0.018,17.07
3.0,0.7,1.5,4.5,0.8,14400,0.2,176,81.8,-3.12,0.22,0.97,-0.018,17.07
3.0,0.7,1.5,4.5,0.8,,0.4,176,81.8,-3.12,0.22,0.97,-0.018,17.07
3.0,0.7,2.5,3.0,0.4,7200,0.2,176,81.8,-3.21,0.21,0.97,-0.018,17.07
3.0,0.7,2.5,3.0,0.4,14400,0.2,176,81.8,-3.21,0.21,0.97,-0.018,17.07
3.0,0.7,2.5,3.0,0.4,,0.4,176,81.8,-3.21,0.21,0.97,-0.018,17.07
3.0,0.7,2.5,3.0,0.6,7200,0.2,176,81.8,-3.21,0.21,0.97,-0.018,17.07
3.0,0.7,2.5,3.0,0.6,14400,0.2,176,81.8,-3.21,0.21,0.97,-0.018,17.07
3.0,0.7,2.5,3.0,0.6,,0.4,176,81.8,-3.21,0.21,0.97,-0.018,17.07
3.0,0.7,2.5,3.0,0.8,7200,0.2,176,81.8,-3.21,0.21,0.97,-0.018,17.07
3.0,0.7,2.5,3.0,0.8,14400,0.2,176,81.8,-3.21,0.21,0.97,-0.018,17.07
3.0,0.7,2.5,3.0,0.8,,0.4,176,81.8,-3.21,0.21,0.97,-0.018,17.07
2.0,1.5,2.5,4.5,0.6,2400,0.4,211,61.1,-4.19,0.61,0.96,-0.02,19.02
2.0,1.5,2.5,3.0,0.8,2400,0.4,210,61.4,-4.4,0.6,0.95,-0.021,18.6
2.0,1.5,2.5,4.5,0.8,2400,0.2,163,64.4,-3.43,0.53,0.97,-0.021,17.57
3.0,0.7,2.5,4.5,0.4,7200,0.2,176,81.8,-3.66,0.21,0.96,-0.021,17.07
3.0,0.7,2.5,4.5,0.4,14400,0.2,176,81.8,-3.66,0.21,0.96,-0.021,17.07
3.0,0.7,2.5,4.5,0.4,,0.4,176,81.8,-3.66,0.21,0.96,-0.021,17.07
3.0,0.7,2.5,4.5,0.6,7200,0.2,176,81.8,-3.66,0.21,0.96,-0.021,17.07
3.0,0.7,2.5,4.5,0.6,14400,0.2,176,81.8,-3.66,0.21,0.96,-0.021,17.07
3.0,0.7,2.5,4.5,0.6,,0.4,176,81.8,-3.66,0.21,0.96,-0.021,17.07
3.0,0.7,2.5,4.5,0.8,7200,0.2,176,81.8,-3.66,0.21,0.96,-0.021,17.07
3.0,0.7,2.5,4.5,0.8,14400,0.2,176,81.8,-3.66,0.21,0.96,-0.021,17.07
3.0,0.7,2.5,4.5,0.8,,0.4,176,81.8,-3.66,0.21,0.96,-0.021,17.07
4.0,0.7,1.5,3.0,0.4,14400,0.8,159,81.8,-3.29,0.21,0.96,-0.021,28.58
4.0,0.7,1.5,3.0,0.6,14400,0.8,159,81.8,-3.29,0.21,0.96,-0.021,28.58
4.0,0.7,1.5,3.0,0.8,14400,0.8,159,81.8,-3.29,0.21,0.96,-0.021,28.58
2.0,1.5,2.5,3.0,0.4,2400,0.4,212,60.8,-4.61,0.61,0.95,-0.022,18.62
2.0,1.5,2.5,4.5,0.8,2400,0.4,210,61.4,-4.85,0.6,0.95,-0.023,18.6
4.0,1.0,1.5,3.0,0.4,7200,0.4,112,79.5,-2.53,0.25,0.97,-0.023,28.94
4.0,1.0,1.5,3.0,0.6,7200,0.4,112,79.5,-2.53,0.25,0.97,-0.023,28.94
4.0,1.0,1.5,3.0,0.8,7200,0.4,112,79.5,-2.53,0.25,0.97,-0.023,28.94
4.0,1.0,1.5,4.5,0.4,7200,0.4,112,79.5,-2.53,0.25,0.97,-0.023,28.94
4.0,1.0,1.5,4.5,0.6,7200,0.4,112,79.5,-2.53,0.25,0.97,-0.023,28.94
4.0,1.0,1.5,4.5,0.8,7200,0.4,112,79.5,-2.53,0.25,0.97,-0.023,28.94
2.0,1.5,2.5,4.5,0.4,2400,0.4,212,60.8,-5.06,0.61,0.95,-0.024,18.62
4.0,1.5,2.5,3.0,0.6,3600,0.2,105,77.1,-2.76,0.29,0.97,-0.026,25.62
4.0,1.5,2.5,4.5,0.6,3600,0.2,105,77.1,-2.76,0.29,0.97,-0.026,25.62
4.0,1.0,1.5,3.0,0.4,1200,0.2,116,76.7,-3.11,0.29,0.96,-0.027,30.68
4.0,1.0,1.5,3.0,0.6,1200,0.2,116,76.7,-3.11,0.29,0.96,-0.027,30.68
4.0,1.0,1.5,3.0,0.8,1200,0.2,116,76.7,-3.11,0.29,0.96,-0.027,30.68
4.0,1.0,1.5,4.5,0.4,1200,0.2,116,76.7,-3.11,0.29,0.96,-0.027,30.68
4.0,1.0,1.5,4.5,0.6,1200,0.2,116,76.7,-3.11,0.29,0.96,-0.027,30.68
4.0,1.0,1.5,4.5,0.8,1200,0.2,116,76.7,-3.11,0.29,0.96,-0.027,30.68
4.0,1.0,2.5,3.0,0.4,2400,0.2,113,78.8,-3.09,0.26,0.96,-0.027,29.43
4.0,1.0,2.5,3.0,0.6,2400,0.2,113,78.8,-3.09,0.26,0.96,-0.027,29.43
4.0,1.0,2.5,3.0,0.8,2400,0.2,113,78.8,-3.09,0.26,0.96,-0.027,29.43
4.0,1.0,2.5,4.5,0.4,2400,0.2,113,78.8,-3.09,0.26,0.96,-0.027,29.43
4.0,1.0,2.5,4.5,0.6,2400,0.2,113,78.8,-3.09,0.26,0.96,-0.027,29.43
4.0,1.0,2.5,4.5,0.8,2400,0.2,113,78.8,-3.09,0.26,0.96,-0.027,29.43
4.0,1.5,2.5,3.0,0.6,14400,0.4,102,79.4,-2.72,0.25,0.97,-0.027,25.53
4.0,1.5,2.5,4.5,0.6,14400,0.4,102,79.4,-2.72,0.25,0.97,-0.027,25.53
4.0,1.5,2.5,3.0,0.6,7200,0.2,101,79.2,-2.81,0.25,0.97,-0.028,25.62
4.0,1.5,2.5,3.0,0.6,14400,0.2,101,79.2,-2.81,0.25,0.97,-0.028,25.62
4.0,1.5,2.5,3.0,0.6,,0.4,101,79.2,-2.81,0.25,0.97,-0.028,25.62
4.0,1.5,2.5,4.5,0.6,7200,0.2,101,79.2,-2.81,0.25,0.97,-0.028,25.62
4.0,1.5,2.5,4.5,0.6,14400,0.2,101,79.2,-2.81,0.25,0.97,-0.028,25.62
4.0,1.5,2.5,4.5,0.6,,0.4,101,79.2,-2.81,0.25,0.97,-0.028,25.62
4.0,0.7,1.5,4.5,0.4,14400,0.8,159,81.8,-4.64,0.21,0.94,-0.029,28.58
4.0,0.7,1.5,4.5,0.6,14400,0.8,159,81.8,-4.64,0.21,0.94,-0.029,28.58
4.0,0.7,1.5,4.5,0.8,14400,0.8,159,81.8,-4.64,0.21,0.94,-0.029,28.58
4.0,0.7,2.5,3.0,0.4,14400,0.8,159,81.8,-4.73,0.21,0.94,-0.03,29.3
4.0,0.7,2.5,3.0,0.6,14400,0.8,159,81.8,-4.73,0.21,0.94,-0.03,29.3
4.0,0.7,2.5,3.0,0.8,14400,0.8,159,81.8,-4.73,0.21,0.94,-0.03,29.3
4.0,1.0,2.5,3.0,0.4,3600,0.2,110,79.1,-3.42,0.25,0.96,-0.031,28.7
4.0,1.0,2.5,3.0,0.6,3600,0.2,110,79.1,-3.42,0.25,0.96,-0.031,28.7
4.0,1.0,2.5,3.0,0.8,3600,0.2,110,79.1,-3.42,0.25,0.96,-0.031,28.7
4.0,1.0,2.5,4.5,0.4,3600,0.2,110,79.1,-3.42,0.25,0.96,-0.031,28.7
4.0,1.0,2.5,4.5,0.6,3600,0.2,110,79.1,-3.42,0.25,0.96,-0.031,28.7
4.0,1.0,2.5,4.5,0.8,3600,0.2,110,79.1,-3.42,0.25,0.96,-0.031,28.7
2.0,1.0,2.5,3.0,0.4,1200,0.2,184,65.8,-5.85,0.49,0.94,-0.032,22.64
2.0,1.0,2.5,3.0,0.6,1200,0.2,184,65.8,-5.85,0.49,0.94,-0.032,22.64
2.0,1.0,2.5,3.0,0.8,1200,0.2,184,65.8,-5.85,0.49,0.94,-0.032,22.64
2.0,1.0,2.5,4.5,0.4,1200,0.2,184,65.8,-5.85,0.49,0.94,-0.032,22.64
2.0,1.0,2.5,4.5,0.6,1200,0.2,184,65.8,-5.85,0.49,0.94,-0.032,22.64
2.0,1.0,2.5,4.5,0.8,1200,0.2,184,65.8,-5.85,0.49,0.94,-0.032,22.64
4.0,0.7,2.5,4.5,0.4,14400,0.8,159,81.8,-5.18,0.21,0.94,-0.033,29.3
4.0,0.7,2.5,4.5,0.6,14400,0.8,159,81.8,-5.18,0.21,0.94,-0.033,29.3
4.0,0.7,2.5,4.5,0.8,14400,0.8,159,81.8,-5.18,0.21,0.94,-0.033,29.3
4.0,1.0,2.5,3.0,0.4,14400,0.8,127,78.7,-4.49,0.26,0.94,-0.035,29.52
4.0,1.0,2.5,3.0,0.6,14400,0.8,127,78.7,-4.49,0.26,0.94,-0.035,29.52
4.0,1.0,2.5,3.0,0.8,14400,0.8,127,78.7,-4.49,0.26,0.94,-0.035,29.52
4.0,1.0,2.5,4.5,0.4,14400,0.8,127,78.7,-4.49,0.26,0.94,-0.035,29.52
4.0,1.0,2.5,4.5,0.6,14400,0.8,127,78.7,-4.49,0.26,0.94,-0.035,29.52
4.0,1.0,2.5,4.5,0.8,14400,0.8,127,78.7,-4.49,0.26,0.94,-0.035,29.52
4.0,1.5,2.5,3.0,0.8,2400,0.2,102,76.5,-4.03,0.29,0.95,-0.04,27.42
4.0,1.5,2.5,4.5,0.8,2400,0.2,102,76.5,-4.03,0.29,0.95,-0.04,27.42
4.0,1.0,2.5,3.0,0.4,14400,0.4,105,81.0,-4.31,0.22,0.95,-0.041,28.61
4.0,1.0,2.5,3.0,0.6,14400,0.4,105,81.0,-4.31,0.22,0.95,-0.041,28.61
4.0,1.0,2.5,3.0,0.8,14400,0.4,105,81.0,-4.31,0.22,0.95,-0.041,28.61
4.0,1.0,2.5,4.5,0.4,14400,0.4,105,81.0,-4.31,0.22,0.95,-0.041,28.61
4.0,1.0,2.5,4.5,0.6,14400,0.4,105,81.0,-4.31,0.22,0.95,-0.041,28.61
4.0,1.0,2.5,4.5,0.8,14400,0.4,105,81.0,-4.31,0.22,0.95,-0.041,28.61
4.0,1.0,2.5,3.0,0.4,7200,0.2,104,80.8,-4.4,0.23,0.94,-0.042,28.7
4.0,1.0,2.5,3.0,0.4,14400,0.2,104,80.8,-4.4,0.23,0.94,-0.042,28.7
4.0,1.0,2.5,3.0,0.4,,0.4,104,80.8,-4.4,0.23,0.94,-0.042,28.7
4.0,1.0,2.5,3.0,0.6,7200,0.2,104,80.8,-4.4,0.23,0.94,-0.042,28.7
4.0,1.0,2.5,3.0,0.6,14400,0.2,104,80.8,-4.4,0.23,0.94,-0.042,28.7
4.0,1.0,2.5,3.0,0.6,,0.4,104,80.8,-4.4,0.23,0.94,-0.042,28.7
4.0,1.0,2.5,3.0,0.8,7200,0.2,104,80.8,-4.4,0.23,0.94,-0.042,28.7
4.0,1.0,2.5,3.0,0.8,14400,0.2,104,80.8,-4.4,0.23,0.94,-0.042,28.7
4.0,1.0,2.5,3.0,0.8,,0.4,104,80.8,-4.4,0.23,0.94,-0.042,28.7
4.0,1.0,2.5,4.5,0.4,7200,0.2,104,80.8,-4.4,0.23,0.94,-0.042,28.7
4.0,1.0,2.5,4.5,0.4,14400,0.2,104,80.8,-4.4,0.23,0.94,-0.042,28.7
4.0,1.0,2.5,4.5,0.4,,0.4,104,80.8,-4.4,0.23,0.94,-0.042,28.7
4.0,1.0,2.5,4.5,0.6,7200,0.2,104,80.8,-4.4,0.23,0.94,-0.042,28.7
4.0,1.0,2.5,4.5,0.6,14400,0.2,104,80.8,-4.4,0.23,0.94,-0.042,28.7
4.0,1.0,2.5,4.5,0.6,,0.4,104,80.8,-4.4,0.23,0.94,-0.042,28.7
4.0,1.0,2.5,4.5,0.8,7200,0.2,104,80.8,-4.4,0.23,0.94,-0.042,28.7
4.0,1.0,2.5,4.5,0.8,14400,0.2,104,80.8,-4.4,0.23,0.94,-0.042,28.7
4.0,1.0,2.5,4.5,0.8,,0.4,104,80.8,-4.4,0.23,0.94,-0.042,28.7
2.0,1.0,1.5,3.0,0.4,14400,0.8,207,63.8,-8.89,0.52,0.92,-0.043,18.42
2.0,1.0,1.5,3.0,0.6,14400,0.8,207,63.8,-8.89,0.52,0.92,-0.043,18.42
2.0,1.0,1.5,3.0,0.8,14400,0.8,207,63.8,-8.89,0.52,0.92,-0.043,18.42
2.0,1.0,1.5,4.5,0.4,14400,0.8,207,63.8,-8.89,0.52,0.92,-0.043,18.42
2.0,1.0,1.5,4.5,0.6,14400,0.8,207,63.8,-8.89,0.52,0.92,-0.043,18.42
2.0,1.0,1.5,4.5,0.8,14400,0.8,207,63.8,-8.89,0.52,0.92,-0.043,18.42
4.0,0.7,1.5,3.0,0.4,3600,0.2,144,83.3,-6.32,0.18,0.92,-0.044,28.79
4.0,0.7,1.5,3.0,0.6,3600,0.2,144,83.3,-6.32,0.18,0.92,-0.044,28.79
4.0,0.7,1.5,3.0,0.8,3600,0.2,144,83.3,-6.32,0.18,0.92,-0.044,28.79
2.0,1.0,1.5,3.0,0.4,1200,0.4,259,65.3,-12.05,0.46,0.87,-0.047,16.43
2.0,1.0,1.5,3.0,0.6,1200,0.4,259,65.3,-12.05,0.46,0.87,-0.047,16.43
2.0,1.0,1.5,3.0,0.8,1200,0.4,259,65.3,-12.05,0.46,0.87,-0.047,16.43
2.0,1.0,1.5,4.5,0.4,1200,0.4,259,65.3,-12.05,0.46,0.87,-0.047,16.43
2.0,1.0,1.5,4.5,0.6,1200,0.4,259,65.3,-12.05,0.46,0.87,-0.047,16.43
2.0,1.0,1.5,4.5,0.8,1200,0.4,259,65.3,-12.05,0.46,0.87,-0.047,16.43
4.0,0.7,2.5,3.0,0.4,3600,0.2,144,83.3,-7.04,0.18,0.92,-0.049,29.51
4.0,0.7,2.5,3.0,0.6,3600,0.2,144,83.3,-7.04,0.18,0.92,-0.049,29.51
4.0,0.7,2.5,3.0,0.8,3600,0.2,144,83.3,-7.04,0.18,0.92,-0.049,29.51
4.0,1.0,2.5,3.0,0.4,7200,0.4,112,79.5,-5.68,0.24,0.93,-0.051,29.39
4.0,1.0,2.5,3.0,0.6,7200,0.4,112,79.5,-5.68,0.24,0.93,-0.051,29.39
4.0,1.0,2.5,3.0,0.8,7200,0.4,112,79.5,-5.68,0.24,0.93,-0.051,29.39
4.0,1.0,2.5,4.5,0.4,7200,0.4,112,79.5,-5.68,0.24,0.93,-0.051,29.39
4.0,1.0,2.5,4.5,0.6,7200,0.4,112,79.5,-5.68,0.24,0.93,-0.051,29.39
4.0,1.0,2.5,4.5,0.8,7200,0.4,112,79.5,-5.68,0.24,0.93,-0.051,29.39
4.0,0.7,2.5,4.5,0.4,3600,0.2,144,83.3,-7.49,0.18,0.91,-0.052,29.51
4.0,0.7,2.5,4.5,0.6,3600,0.2,144,83.3,-7.49,0.18,0.91,-0.052,29.51
4.0,0.7,2.5,4.5,0.8,3600,0.2,144,83.3,-7.49,0.18,0.91,-0.052,29.51
4.0,0.7,1.5,3.0,0.4,14400,0.4,139,84.9,-7.41,0.16,0.91,-0.053,28.7
4.0,0.7,1.5,3.0,0.6,14400,0.4,139,84.9,-7.41,0.16,0.91,-0.053,28.7
4.0,0.7,1.5,3.0,0.8,14400,0.4,139,84.9,-7.41,0.16,0.91,-0.053,28.7
4.0,0.7,1.5,4.5,0.4,3600,0.2,144,83.3,-7.67,0.18,0.91,-0.053,28.79
4.0,0.7,1.5,4.5,0.6,3600,0.2,144,83.3,-7.67,0.18,0.91,-0.053,28.79
4.0,0.7,1.5,4.5,0.8,3600,0.2,144,83.3,-7.67,0.18,0.91,-0.053,28.79
4.0,0.7,1.5,3.0,0.4,7200,0.2,138,84.8,-7.5,0.16,0.91,-0.054,28.79
4.0,0.7,1.5,3.0,0.4,14400,0.2,138,84.8,-7.5,0.16,0.91,-0.054,28.79
4.0,0.7,1.5,3.0,0.4,,0.4,138,84.8,-7.5,0.16,0.91,-0.054,28.79
4.0,0.7,1.5,3.0,0.6,7200,0.2,138,84.8,-7.5,0.16,0.91,-0.054,28.79
4.0,0.7,1.5,3.0,0.6,14400,0.2,138,84.8,-7.5,0.16,0.91,-0.054,28.79
4.0,0.7,1.5,3.0,0.6,,0.4,138,84.8,-7.5,0.16,0.91,-0.054,28.79
4.0,0.7,1.5,3.0,0.8,7200,0.2,138,84.8,-7.5,0.16,0.91,-0.054,28.79
4.0,0.7,1.5,3.0,0.8,14400,0.2,138,84.8,-7.5,0.16,0.91,-0.054,28.79
4.0,0.7,1.5,3.0,0.8,,0.4,138,84.8,-7.5,0.16,0.91,-0.054,28.79
2.0,1.0,2.5,3.0,0.4,1200,0.4,259,65.3,-14.3,0.45,0.85,-0.055,18.68
2.0,1.0,2.5,3.0,0.6,1200,0.4,259,65.3,-14.3,0.45,0.85,-0.055,18.68
2.0,1.0,2.5,3.0,0.8,1200,0.4,259,65.3,-14.3,0.45,0.85,-0.055,18.68
2.0,1.0,2.5,4.5,0.4,1200,0.4,259,65.3,-14.3,0.45,0.85,-0.055,18.68
2.0,1.0,2.5,4.5,0.6,1200,0.4,259,65.3,-14.3,0.45,0.85,-0.055,18.68
2.0,1.0,2.5,4.5,0.8,1200,0.4,259,65.3,-14.3,0.45,0.85,-0.055,18.68
4.0,1.5,2.5,3.0,0.8,7200,0.4,102,76.5,-5.75,0.29,0.93,-0.056,27.21
4.0,1.5,2.5,4.5,0.8,7200,0.4,102,76.5,-5.75,0.29,0.93,-0.056,27.21
2.0,1.0,2.5,3.0,0.4,14400,0.8,207,63.8,-12.04,0.51,0.89,-0.058,20.67
2.0,1.0,2.5,3.0,0.6,14400,0.8,207,63.8,-12.04,0.51,0.89,-0.058,20.67
2.0,1.0,2.5,3.0,0.8,14400,0.8,207,63.8,-12.04,0.51,0.89,-0.058,20.67
2.0,1.0,2.5,4.5,0.4,14400,0.8,207,63.8,-12.04,0.51,0.89,-0.058,20.67
2.0,1.0,2.5,4.5,0.6,14400,0.8,207,63.8,-12.04,0.51,0.89,-0.058,20.67
2.0,1.0,2.5,4.5,0.8,14400,0.8,207,63.8,-12.04,0.51,0.89,-0.058,20.67
4.0,0.7,2.5,3.0,0.4,14400,0.4,139,84.9,-8.13,0.16,0.9,-0.058,29.42
4.0,0.7,2.5,3.0,0.6,14400,0.4,139,84.9,-8.13,0.16,0.9,-0.058,29.42
4.0,0.7,2.5,3.0,0.8,14400,0.4,139,84.9,-8.13,0.16,0.9,-0.058,29.42
4.0,1.0,2.5,3.0,0.4,1200,0.2,116,76.7,-6.71,0.28,0.92,-0.058,31.13
4.0,1.0,2.5,3.0,0.6,1200,0.2,116,76.7,-6.71,0.28,0.92,-0.058,31.13
4.0,1.0,2.5,3.0,0.8,1200,0.2,116,76.7,-6.71,0.28,0.92,-0.058,31.13
4.0,1.0,2.5,4.5,0.4,1200,0.2,116,76.7,-6.71,0.28,0.92,-0.058,31.13
4.0,1.0,2.5,4.5,0.6,1200,0.2,116,76.7,-6.71,0.28,0.92,-0.058,31.13
4.0,1.0,2.5,4.5,0.8,1200,0.2,116,76.7,-6.71,0.28,0.92,-0.058,31.13
4.0,0.7,2.5,3.0,0.4,7200,0.2,138,84.8,-8.22,0.16,0.9,-0.06,29.51
4.0,0.7,2.5,3.0,0.4,14400,0.2,138,84.8,-8.22,0.16,0.9,-0.06,29.51
4.0,0.7,2.5,3.0,0.4,,0.4,138,84.8,-8.22,0.16,0.9,-0.06,29.51
4.0,0.7,2.5,3.0,0.6,7200,0.2,138,84.8,-8.22,0.16,0.9,-0.06,29.51
4.0,0.7,2.5,3.0,0.6,14400,0.2,138,84.8,-8.22,0.16,0.9,-0.06,29.51
4.0,0.7,2.5,3.0,0.6,,0.4,138,84.8,-8.22,0.16,0.9,-0.06,29.51
4.0,0.7,2.5,3.0,0.8,7200,0.2,138,84.8,-8.22,0.16,0.9,-0.06,29.51
4.0,0.7,2.5,3.0,0.8,14400,0.2,138,84.8,-8.22,0.16,0.9,-0.06,29.51
4.0,0.7,2.5,3.0,0.8,,0.4,138,84.8,-8.22,0.16,0.9,-0.06,29.51
4.0,0.7,2.5,4.5,0.4,14400,0.4,139,84.9,-8.58,0.16,0.9,-0.062,29.42
4.0,0.7,2.5,4.5,0.6,14400,0.4,139,84.9,-8.58,0.16,0.9,-0.062,29.42
4.0,0.7,2.5,4.5,0.8,14400,0.4,139,84.9,-8.58,0.16,0.9,-0.062,29.42
4.0,0.7,1.5,4.5,0.4,14400,0.4,139,84.9,-8.76,0.16,0.9,-0.063,28.7
4.0,0.7,1.5,4.5,0.6,14400,0.4,139,84.9,-8.76,0.16,0.9,-0.063,28.7
4.0,0.7,1.5,4.5,0.8,14400,0.4,139,84.9,-8.76,0.16,0.9,-0.063,28.7
4.0,0.7,2.5,4.5,0.4,7200,0.2,138,84.8,-8.67,0.16,0.9,-0.063,29.51
4.0,0.7,2.5,4.5,0.4,14400,0.2,138,84.8,-8.67,0.16,0.9,-0.063,29.51
4.0,0.7,2.5,4.5,0.4,,0.4,138,84.8,-8.67,0.16,0.9,-0.063,29.51
4.0,0.7,2.5,4.5,0.6,7200,0.2,138,84.8,-8.67,0.16,0.9,-0.063,29.51
4.0,0.7,2.5,4.5,0.6,14400,0.2,138,84.8,-8.67,0.16,0.9,-0.063,29.51
4.0,0.7,2.5,4.5,0.6,,0.4,138,84.8,-8.67,0.16,0.9,-0.063,29.51
4.0,0.7,2.5,4.5,0.8,7200,0.2,138,84.8,-8.67,0.16,0.9,-0.063,29.51
4.0,0.7,2.5,4.5,0.8,14400,0.2,138,84.8,-8.67,0.16,0.9,-0.063,29.51
4.0,0.7,2.5,4.5,0.8,,0.4,138,84.8,-8.67,0.16,0.9,-0.063,29.51
4.0,0.7,1.5,4.5,0.4,7200,0.2,138,84.8,-8.85,0.16,0.89,-0.064,28.79
4.0,0.7,1.5,4.5,0.4,14400,0.2,138,84.8,-8.85,0.16,0.89,-0.064,28.79
4.0,0.7,1.5,4.5,0.4,,0.4,138,84.8,-8.85,0.16,0.89,-0.064,28.79
4.0,0.7,1.5,4.5,0.6,7200,0.2,138,84.8,-8.85,0.16,0.89,-0.064,28.79
4.0,0.7,1.5,4.5,0.6,14400,0.2,138,84.8,-8.85,0.16,0.89,-0.064,28.79
4.0,0.7,1.5,4.5,0.6,,0.4,138,84.8,-8.85,0.16,0.89,-0.064,28.79
4.0,0.7,1.5,4.5,0.8,7200,0.2,138,84.8,-8.85,0.16,0.89,-0.064,28.79
4.0,0.7,1.5,4.5,0.8,14400,0.2,138,84.8,-8.85,0.16,0.89,-0.064,28.79
4.0,0.7,1.5,4.5,0.8,,0.4,138,84.8,-8.85,0.16,0.89,-0.064,28.79
4.0,1.5,2.5,3.0,0.8,3600,0.2,102,77.5,-6.68,0.27,0.92,-0.065,26.82
4.0,1.5,2.5,4.5,0.8,3600,0.2,102,77.5,-6.68,0.27,0.92,-0.065,26.82
4.0,0.7,1.5,3.0,0.4,7200,0.4,148,81.8,-9.82,0.2,0.88,-0.066,29.63
4.0,0.7,1.5,3.0,0.6,7200,0.4,148,81.8,-9.82,0.2,0.88,-0.066,29.63
4.0,0.7,1.5,3.0,0.8,7200,0.4,148,81.8,-9.82,0.2,0.88,-0.066,29.63
4.0,1.5,2.5,3.0,0.8,14400,0.4,100,79.0,-6.55,0.25,0.92,-0.066,26.73
4.0,1.5,2.5,4.5,0.8,14400,0.4,100,79.0,-6.55,0.25,0.92,-0.066,26.73
4.0,1.5,2.5,3.0,0.8,7200,0.2,99,78.8,-6.64,0.25,0.92,-0.067,26.82
4.0,1.5,2.5,3.0,0.8,14400,0.2,99,78.8,-6.64,0.25,0.92,-0.067,26.82
4.0,1.5,2.5,3.0,0.8,,0.4,99,78.8,-6.64,0.25,0.92,-0.067,26.82
4.0,1.5,2.5,4.5,0.8,7200,0.2,99,78.8,-6.64,0.25,0.92,-0.067,26.82
4.0,1.5,2.5,4.5,0.8,14400,0.2,99,78.8,-6.64,0.25,0.92,-0.067,26.82
4.0,1.5,2.5,4.5,0.8,,0.4,99,78.8,-6.64,0.25,0.92,-0.067,26.82
4.0,0.7,2.5,3.0,0.4,7200,0.4,148,81.8,-10.54,0.2,0.88,-0.071,30.35
4.0,0.7,2.5,3.0,0.6,7200,0.4,148,81.8,-10.54,0.2,0.88,-0.071,30.35
4.0,0.7,2.5,3.0,0.8,7200,0.4,148,81.8,-10.54,0.2,0.88,-0.071,30.35
4.0,0.7,2.5,4.5,0.4,7200,0.4,148,81.8,-10.99,0.19,0.87,-0.074,30.35
4.0,0.7,2.5,4.5,0.6,7200,0.4,148,81.8,-10.99,0.19,0.87,-0.074,30.35
4.0,0.7,2.5,4.5,0.8,7200,0.4,148,81.8,-10.99,0.19,0.87,-0.074,30.35
4.0,0.7,1.5,4.5,0.4,7200,0.4,148,81.8,-11.17,0.19,0.87,-0.075,29.63
4.0,0.7,1.5,4.5,0.6,7200,0.4,148,81.8,-11.17,0.19,0.87,-0.075,29.63
4.0,0.7,1.5,4.5,0.8,7200,0.4,148,81.8,-11.17,0.19,0.87,-0.075,29.63
2.0,1.0,1.5,3.0,0.4,3600,0.4,190,65.8,-14.71,0.45,0.86,-0.077,21.9
2.0,1.0,1.5,3.0,0.6,3600,0.4,190,65.8,-14.71,0.45,0.86,-0.077,21.9
2.0,1.0,1.5,3.0,0.8,3600,0.4,190,65.8,-14.71,0.45,0.86,-0.077,21.9
2.0,1.0,1.5,4.5,0.4,3600,0.4,190,65.8,-14.71,0.45,0.86,-0.077,21.9
2.0,1.0,1.5,4.5,0.6,3600,0.4,190,65.8,-14.71,0.45,0.86,-0.077,21.9
2.0,1.0,1.5,4.5,0.8,3600,0.4,190,65.8,-14.71,0.45,0.86,-0.077,21.9
2.0,1.0,2.5,3.0,0.4,3600,0.4,190,65.8,-17.41,0.43,0.83,-0.092,23.7
2.0,1.0,2.5,3.0,0.6,3600,0.4,190,65.8,-17.41,0.43,0.83,-0.092,23.7
2.0,1.0,2.5,3.0,0.8,3600,0.4,190,65.8,-17.41,0.43,0.83,-0.092,23.7
2.0,1.0,2.5,4.5,0.4,3600,0.4,190,65.8,-17.41,0.43,0.83,-0.092,23.7
2.0,1.0,2.5,4.5,0.6,3600,0.4,190,65.8,-17.41,0.43,0.83,-0.092,23.7
2.0,1.0,2.5,4.5,0.8,3600,0.4,190,65.8,-17.41,0.43,0.83,-0.092,23.7
2.0,1.0,1.5,3.0,0.4,3600,0.2,169,63.3,-17.04,0.49,0.85,-0.101,23.65
2.0,1.0,1.5,3.0,0.6,3600,0.2,169,63.3,-17.04,0.49,0.85,-0.101,23.65
2.0,1.0,1.5,3.0,0.8,3600,0.2,169,63.3,-17.04,0.49,0.85,-0.101,23.65
2.0,1.0,1.5,4.5,0.4,3600,0.2,169,63.3,-17.04,0.49,0.85,-0.101,23.65
2.0,1.0,1.5,4.5,0.6,3600,0.2,169,63.3,-17.04,0.49,0.85,-0.101,23.65
2.0,1.0,1.5,4.5,0.8,3600,0.2,169,63.3,-17.04,0.49,0.85,-0.101,23.65
2.0,1.0,1.5,3.0,0.4,2400,0.4,215,60.5,-22.16,0.52,0.79,-0.103,25.98
2.0,1.0,1.5,3.0,0.6,2400,0.4,215,60.5,-22.16,0.52,0.79,-0.103,25.98
2.0,1.0,1.5,3.0,0.8,2400,0.4,215,60.5,-22.16,0.52,0.79,-0.103,25.98
2.0,1.0,1.5,4.5,0.4,2400,0.4,215,60.5,-22.16,0.52,0.79,-0.103,25.98
2.0,1.0,1.5,4.5,0.6,2400,0.4,215,60.5,-22.16,0.52,0.79,-0.103,25.98
2.0,1.0,1.5,4.5,0.8,2400,0.4,215,60.5,-22.16,0.52,0.79,-0.103,25.98
2.0,1.0,1.5,3.0,0.4,7200,0.2,162,64.8,-16.8,0.46,0.85,-0.104,23.65
2.0,1.0,1.5,3.0,0.4,7200,0.4,168,65.5,-17.52,0.44,0.84,-0.104,24.24
2.0,1.0,1.5,3.0,0.4,14400,0.2,162,64.8,-16.8,0.46,0.85,-0.104,23.65
2.0,1.0,1.5,3.0,0.4,,0.4,162,64.8,-16.8,0.46,0.85,-0.104,23.65
2.0,1.0,1.5,3.0,0.6,7200,0.2,162,64.8,-16.8,0.46,0.85,-0.104,23.65
2.0,1.0,1.5,3.0,0.6,7200,0.4,168,65.5,-17.52,0.44,0.84,-0.104,24.24
2.0,1.0,1.5,3.0,0.6,14400,0.2,162,64.8,-16.8,0.46,0.85,-0.104,23.65
2.0,1.0,1.5,3.0,0.6,,0.4,162,64.8,-16.8,0.46,0.85,-0.104,23.65
2.0,1.0,1.5,3.0,0.8,7200,0.2,162,64.8,-16.8,0.46,0.85,-0.104,23.65
2.0,1.0,1.5,3.0,0.8,7200,0.4,168,65.5,-17.52,0.44,0.84,-0.104,24.24
2.0,1.0,1.5,3.0,0.8,14400,0.2,162,64.8,-16.8,0.46,0.85,-0.104,23.65
2.0,1.0,1.5,3.0,0.8,,0.4,162,64.8,-16.8,0.46,0.85,-0.104,23.65
2.0,1.0,1.5,4.5,0.4,7200,0.2,162,64.8,-16.8,0.46,0.85,-0.104,23.65
2.0,1.0,1.5,4.5,0.4,7200,0.4,168,65.5,-17.52,0.44,0.84,-0.104,24.24
2.0,1.0,1.5,4.5,0.4,14400,0.2,162,64.8,-16.8,0.46,0.85,-0.104,23.65
2.0,1.0,1.5,4.5,0.4,,0.4,162,64.8,-16.8,0.46,0.85,-0.104,23.65
2.0,1.0,1.5,4.5,0.6,7200,0.2,162,64.8,-16.8,0.46,0.85,-0.104,23.65
2.0,1.0,1.5,4.5,0.6,7200,0.4,168,65.5,-17.52,0.44,0.84,-0.104,24.24
2.0,1.0,1.5,4.5,0.6,14400,0.2,162,64.8,-16.8,0.46,0.85,-0.104,23.65
2.0,1.0,1.5,4.5,0.6,,0.4,162,64.8,-16.8,0.46,0.85,-0.104,23.65
2.0,1.0,1.5,4.5,0.8,7200,0.2,162,64.8,-16.8,0.46,0.85,-0.104,23.65
2.0,1.0,1.5,4.5,0.8,7200,0.4,168,65.5,-17.52,0.44,0.84,-0.104,24.24
2.0,1.0,1.5,4.5,0.8,14400,0.2,162,64.8,-16.8,0.46,0.85,-0.104,23.65
2.0,1.0,1.5,4.5,0.8,,0.4,162,64.8,-16.8,0.46,0.85,-0.104,23.65
2.0,1.0,1.5,3.0,0.4,14400,0.4,165,64.8,-17.29,0.46,0.85,-0.105,23.65
2.0,1.0,1.5,3.0,0.6,14400,0.4,165,64.8,-17.29,0.46,0.85,-0.105,23.65
2.0,1.0,1.5,3.0,0.8,14400,0.4,165,64.8,-17.29,0.46,0.85,-0.105,23.65
2.0,1.0,1.5,4.5,0.4,14400,0.4,165,64.8,-17.29,0.46,0.85,-0.105,23.65
2.0,1.0,1.5,4.5,0.6,14400,0.4,165,64.8,-17.29,0.46,0.85,-0.105,23.65
2.0,1.0,1.5,4.5,0.8,14400,0.4,165,64.8,-17.29,0.46,0.85,-0.105,23.65
2.0,1.0,2.5,3.0,0.4,2400,0.4,215,60.5,-24.41,0.5,0.77,-0.114,28.23
2.0,1.0,2.5,3.0,0.6,2400,0.4,215,60.5,-24.41,0.5,0.77,-0.114,28.23
2.0,1.0,2.5,3.0,0.8,2400,0.4,215,60.5,-24.41,0.5,0.77,-0.114,28.23
2.0,1.0,2.5,4.5,0.4,2400,0.4,215,60.5,-24.41,0.5,0.77,-0.114,28.23
2.0,1.0,2.5,4.5,0.6,2400,0.4,215,60.5,-24.41,0.5,0.77,-0.114,28.23
2.0,1.0,2.5,4.5,0.8,2400,0.4,215,60.5,-24.41,0.5,0.77,-0.114,28.23
2.0,1.0,2.5,3.0,0.4,3600,0.2,169,63.3,-19.74,0.48,0.83,-0.117,25.9
2.0,1.0,2.5,3.0,0.6,3600,0.2,169,63.3,-19.74,0.48,0.83,-0.117,25.9
2.0,1.0,2.5,3.0,0.8,3600,0.2,169,63.3,-19.74,0.48,0.83,-0.117,25.9
2.0,1.0,2.5,4.5,0.4,3600,0.2,169,63.3,-19.74,0.48,0.83,-0.117,25.9
2.0,1.0,2.5,4.5,0.6,3600,0.2,169,63.3,-19.74,0.48,0.83,-0.117,25.9
2.0,1.0,2.5,4.5,0.8,3600,0.2,169,63.3,-19.74,0.48,0.83,-0.117,25.9
2.0,1.0,1.5,3.0,0.4,2400,0.2,171,62.6,-20.42,0.49,0.82,-0.119,24.28
2.0,1.0,1.5,3.0,0.6,2400,0.2,171,62.6,-20.42,0.49,0.82,-0.119,24.28
2.0,1.0,1.5,3.0,0.8,2400,0.2,171,62.6,-20.42,0.49,0.82,-0.119,24.28
2.0,1.0,1.5,4.5,0.4,2400,0.2,171,62.6,-20.42,0.49,0.82,-0.119,24.28
2.0,1.0,1.5,4.5,0.6,2400,0.2,171,62.6,-20.42,0.49,0.82,-0.119,24.28
2.0,1.0,1.5,4.5,0.8,2400,0.2,171,62.6,-20.42,0.49,0.82,-0.119,24.28
2.0,1.0,2.5,3.0,0.4,7200,0.2,162,64.8,-19.5,0.45,0.83,-0.12,25.9
2.0,1.0,2.5,3.0,0.4,7200,0.4,168,65.5,-20.22,0.43,0.82,-0.12,26.49
2.0,1.0,2.5,3.0,0.4,14400,0.2,162,64.8,-19.5,0.45,0.83,-0.12,25.9
2.0,1.0,2.5,3.0,0.4,,0.4,162,64.8,-19.5,0.45,0.83,-0.12,25.9
2.0,1.0,2.5,3.0,0.6,7200,0.2,162,64.8,-19.5,0.45,0.83,-0.12,25.9
2.0,1.0,2.5,3.0,0.6,7200,0.4,168,65.5,-20.22,0.43,0.82,-0.12,26.49
2.0,1.0,2.5,3.0,0.6,14400,0.2,162,64.8,-19.5,0.45,0.83,-0.12,25.9
2.0,1.0,2.5,3.0,0.6,,0.4,162,64.8,-19.5,0.45,0.83,-0.12,25.9
2.0,1.0,2.5,3.0,0.8,7200,0.2,162,64.8,-19.5,0.45,0.83,-0.12,25.9
2.0,1.0,2.5,3.0,0.8,7200,0.4,168,65.5,-20.22,0.43,0.82,-0.12,26.49
2.0,1.0,2.5,3.0,0.8,14400,0.2,162,64.8,-19.5,0.45,0.83,-0.12,25.9
2.0,1.0,2.5,3.0,0.8,,0.4,162,64.8,-19.5,0.45,0.83,-0.12,25.9
2.0,1.0,2.5,4.5,0.4,7200,0.2,162,64.8,-19.5,0.45,0.83,-0.12,25.9
2.0,1.0,2.5,4.5,0.4,7200,0.4,168,65.5,-20.22,0.43,0.82,-0.12,26.49
2.0,1.0,2.5,4.5,0.4,14400,0.2,162,64.8,-19.5,0.45,0.83,-0.12,25.9
2.0,1.0,2.5,4.5,0.4,,0.4,162,64.8,-19.5,0.45,0.83,-0.12,25.9
2.0,1.0,2.5,4.5,0.6,7200,0.2,162,64.8,-19.5,0.45,0.83,-0.12,25.9
2.0,1.0,2.5,4.5,0.6,7200,0.4,168,65.5,-20.22,0.43,0.82,-0.12,26.49
2.0,1.0,2.5,4.5,0.6,14400,0.2,162,64.8,-19.5,0.45,0.83,-0.12,25.9
2.0,1.0,2.5,4.5,0.6,,0.4,162,64.8,-19.5,0.45,0.83,-0.12,25.9
2.0,1.0,2.5,4.5,0.8,7200,0.2,162,64.8,-19.5,0.45,0.83,-0.12,25.9
2.0,1.0,2.5,4.5,0.8,7200,0.4,168,65.5,-20.22,0.43,0.82,-0.12,26.49
2.0,1.0,2.5,4.5,0.8,14400,0.2,162,64.8,-19.5,0.45,0.83,-0.12,25.9
2.0,1.0,2.5,4.5,0.8,,0.4,162,64.8,-19.5,0.45,0.83,-0.12,25.9
2.0,1.0,2.5,3.0,0.4,14400,0.4,165,64.8,-19.99,0.45,0.82,-0.121,25.9
2.0,1.0,2.5,3.0,0.6,14400,0.4,165,64.8,-19.99,0.45,0.82,-0.121,25.9
2.0,1.0,2.5,3.0,0.8,14400,0.4,165,64.8,-19.99,0.45,0.82,-0.121,25.9
2.0,1.0,2.5,4.5,0.4,14400,0.4,165,64.8,-19.99,0.45,0.82,-0.121,25.9
2.0,1.0,2.5,4.5,0.6,14400,0.4,165,64.8,-19.99,0.45,0.82,-0.121,25.9
2.0,1.0,2.5,4.5,0.8,14400,0.4,165,64.8,-19.99,0.45,0.82,-0.121,25.9
2.0,1.0,2.5,3.0,0.4,2400,0.2,171,62.6,-23.12,0.48,0.8,-0.135,26.53
2.0,1.0,2.5,3.0,0.6,2400,0.2,171,62.6,-23.12,0.48,0.8,-0.135,26.53
2.0,1.0,2.5,3.0,0.8,2400,0.2,171,62.6,-23.12,0.48,0.8,-0.135,26.53
2.0,1.0,2.5,4.5,0.4,2400,0.2,171,62.6,-23.12,0.48,0.8,-0.135,26.53
2.0,1.0,2.5,4.5,0.6,2400,0.2,171,62.6,-23.12,0.48,0.8,-0.135,26.53
2.0,1.0,2.5,4.5,0.8,2400,0.2,171,62.6,-23.12,0.48,0.8,-0.135,26.53
