signal_threshold,stop_loss_pct,level_1_pct,level_2_pct,level_3_pct,trail_callback,time_stop_seconds,time_stop_no_movement_pct,trades,win_rate,total_pnl_pct,payoff,profit_factor,expectancy_pct,max_dd_pct,net_pnl_pct,net_expectancy_pct,net_profit_factor
55.0,5.0,1.5,2.5,4.5,0.8,,0.4,46,91.3,31.1,0.24,2.56,0.676,9.43,27.42,0.596,2.35
55.0,5.0,1.5,2.5,3.0,0.8,,0.4,47,91.5,31.22,0.24,2.56,0.664,9.43,27.46,0.584,2.35
55.0,5.0,1.5,2.5,3.0,0.8,14400,0.2,47,91.5,30.05,0.23,2.5,0.639,9.43,26.29,0.559,2.29
55.0,5.0,1.5,2.5,4.5,0.8,14400,0.2,47,91.5,29.98,0.23,2.5,0.638,9.43,26.22,0.558,2.29
55.0,5.0,1.0,2.5,4.5,0.8,,0.4,46,91.3,29.2,0.23,2.46,0.635,9.26,25.52,0.555,2.26
55.0,5.0,1.0,2.5,3.0,0.8,,0.4,47,91.5,29.61,0.23,2.48,0.63,9.26,25.85,0.55,2.27
55.0,5.0,1.5,2.5,3.0,0.8,14400,0.4,48,89.6,30.08,0.29,2.49,0.627,9.43,26.24,0.547,2.28
55.0,5.0,1.5,2.5,4.5,0.8,14400,0.4,48,89.6,30.0,0.29,2.49,0.625,9.43,26.16,0.545,2.27
55.0,5.0,1.5,2.5,3.0,0.8,7200,0.2,47,91.5,29.35,0.23,2.47,0.624,9.43,25.59,0.544,2.26
55.0,5.0,1.5,2.5,4.5,0.8,7200,0.2,47,91.5,29.29,0.23,2.46,0.623,9.43,25.53,0.543,2.26
55.0,5.0,1.5,2.5,3.0,0.4,,0.4,48,91.7,28.98,0.22,2.45,0.604,9.13,25.14,0.524,2.24
55.0,5.0,1.5,2.5,4.5,0.4,,0.4,48,91.7,28.98,0.22,2.45,0.604,9.13,25.14,0.524,2.24
55.0,5.0,1.5,2.5,3.0,0.4,7200,0.2,48,91.7,28.85,0.22,2.44,0.601,9.13,25.01,0.521,2.23
55.0,5.0,1.5,2.5,4.5,0.4,7200,0.2,48,91.7,28.85,0.22,2.44,0.601,9.13,25.01,0.521,2.23
55.0,5.0,1.5,2.5,3.0,0.4,14400,0.2,48,91.7,28.81,0.22,2.44,0.6,9.13,24.97,0.52,2.23
55.0,5.0,1.5,2.5,3.0,0.8,3600,0.2,48,89.6,28.8,0.28,2.43,0.6,9.43,24.96,0.52,2.22
55.0,5.0,1.5,2.5,4.5,0.4,14400,0.2,48,91.7,28.81,0.22,2.44,0.6,9.13,24.97,0.52,2.23
55.0,5.0,1.5,2.5,4.5,0.8,3600,0.2,48,89.6,28.75,0.28,2.43,0.599,9.43,24.91,0.519,2.22
55.0,5.0,1.5,2.5,3.0,0.6,,0.4,48,91.7,28.44,0.22,2.42,0.592,9.33,24.6,0.513,2.21
55.0,5.0,1.5,2.5,4.5,0.6,,0.4,48,91.7,28.43,0.22,2.42,0.592,9.33,24.59,0.512,2.21
55.0,5.0,1.5,2.5,3.0,0.4,14400,0.4,49,89.8,28.83,0.28,2.43,0.588,9.13,24.91,0.508,2.21
55.0,5.0,1.5,2.5,4.5,0.4,14400,0.4,49,89.8,28.83,0.28,2.43,0.588,9.13,24.91,0.508,2.21
55.0,5.0,1.0,1.5,4.5,0.8,,0.4,46,91.3,26.9,0.22,2.35,0.585,9.26,23.22,0.505,2.14
55.0,5.0,1.0,1.5,3.0,0.8,,0.4,47,91.5,27.31,0.22,2.37,0.581,9.26,23.55,0.501,2.16
55.0,5.0,1.5,2.5,3.0,0.4,3600,0.2,49,89.8,28.49,0.27,2.42,0.581,9.13,24.57,0.501,2.2
55.0,5.0,1.5,2.5,4.5,0.4,3600,0.2,49,89.8,28.49,0.27,2.42,0.581,9.13,24.57,0.501,2.2
55.0,5.0,1.0,2.5,3.0,0.6,,0.4,48,91.7,27.64,0.22,2.38,0.576,9.2,23.8,0.496,2.17
55.0,5.0,1.0,2.5,4.5,0.6,,0.4,48,91.7,27.63,0.22,2.38,0.576,9.2,23.79,0.496,2.17
55.0,5.0,1.5,2.5,3.0,0.6,14400,0.2,48,91.7,27.56,0.22,2.38,0.574,9.33,23.72,0.494,2.17
55.0,5.0,1.5,2.5,4.5,0.6,14400,0.2,48,91.7,27.54,0.22,2.38,0.574,9.33,23.7,0.494,2.17
55.0,5.0,1.0,2.5,3.0,0.4,,0.4,48,91.7,27.41,0.22,2.37,0.571,9.08,23.57,0.491,2.16
55.0,5.0,1.0,2.5,4.5,0.4,,0.4,48,91.7,27.41,0.22,2.37,0.571,9.08,23.57,0.491,2.16
55.0,5.0,1.5,2.5,3.0,0.6,7200,0.2,48,91.7,27.21,0.21,2.36,0.567,9.33,23.37,0.487,2.15
55.0,5.0,1.5,2.5,4.5,0.6,7200,0.2,48,91.7,27.21,0.21,2.36,0.567,9.33,23.37,0.487,2.15
55.0,5.0,1.0,2.5,3.0,0.8,14400,0.2,48,91.7,27.14,0.21,2.36,0.565,9.26,23.3,0.485,2.15
55.0,5.0,1.0,2.5,4.5,0.8,14400,0.2,48,91.7,27.12,0.21,2.36,0.565,9.26,23.28,0.485,2.15
55.0,5.0,1.5,2.5,3.0,0.6,14400,0.4,49,89.8,27.58,0.27,2.37,0.563,9.33,23.66,0.483,2.15
55.0,5.0,1.5,2.5,4.5,0.6,14400,0.4,49,89.8,27.56,0.27,2.37,0.562,9.33,23.64,0.482,2.15
55.0,5.0,1.0,1.5,3.0,0.4,,0.4,48,91.7,26.72,0.21,2.34,0.557,9.08,22.88,0.477,2.13
55.0,5.0,1.0,1.5,4.5,0.4,,0.4,48,91.7,26.72,0.21,2.34,0.557,9.08,22.88,0.477,2.13
55.0,5.0,1.0,2.5,3.0,0.4,7200,0.2,48,91.7,26.54,0.21,2.33,0.553,9.08,22.7,0.473,2.12
55.0,5.0,1.0,2.5,4.5,0.4,7200,0.2,48,91.7,26.54,0.21,2.33,0.553,9.08,22.7,0.473,2.12
55.0,5.0,1.0,2.5,3.0,0.4,14400,0.2,48,91.7,26.44,0.21,2.32,0.551,9.08,22.6,0.471,2.11
55.0,5.0,1.0,2.5,4.5,0.4,14400,0.2,48,91.7,26.44,0.21,2.32,0.551,9.08,22.6,0.471,2.11
55.0,5.0,1.0,2.5,3.0,0.6,14400,0.2,48,91.7,26.37,0.21,2.32,0.549,9.2,22.53,0.469,2.11
55.0,5.0,1.0,2.5,4.5,0.6,14400,0.2,48,91.7,26.35,0.21,2.32,0.549,9.2,22.51,0.469,2.11
55.0,5.0,1.0,1.5,3.0,0.6,,0.4,48,91.7,26.28,0.21,2.31,0.548,9.2,22.44,0.467,2.1
55.0,5.0,1.0,1.5,4.5,0.6,,0.4,48,91.7,26.26,0.21,2.31,0.547,9.2,22.42,0.467,2.1
55.0,5.0,1.0,2.5,3.0,0.8,14400,0.4,50,90.0,27.34,0.26,2.35,0.547,9.26,23.34,0.467,2.13
50.0,5.0,1.5,2.5,4.5,0.8,,0.4,59,89.8,32.22,0.23,2.07,0.546,14.43,27.5,0.466,1.9
55.0,5.0,1.0,2.5,4.5,0.8,14400,0.4,50,90.0,27.32,0.26,2.35,0.546,9.26,23.32,0.466,2.13
55.0,5.0,1.0,2.5,3.0,0.6,7200,0.2,48,91.7,26.09,0.21,2.3,0.544,9.2,22.25,0.464,2.09
55.0,5.0,1.0,2.5,3.0,0.8,7200,0.2,48,91.7,26.13,0.21,2.31,0.544,9.26,22.29,0.464,2.1
55.0,5.0,1.0,2.5,4.5,0.6,7200,0.2,48,91.7,26.09,0.21,2.3,0.544,9.2,22.25,0.464,2.09
55.0,5.0,1.0,2.5,4.5,0.8,7200,0.2,48,91.7,26.13,0.21,2.31,0.544,9.26,22.29,0.464,2.1
55.0,5.0,1.5,2.5,3.0,0.6,3600,0.2,49,89.8,26.66,0.26,2.33,0.544,9.33,22.74,0.464,2.11
55.0,5.0,1.5,2.5,4.5,0.6,3600,0.2,49,89.8,26.66,0.26,2.33,0.544,9.33,22.74,0.464,2.11
55.0,5.0,1.0,1.5,3.0,0.4,7200,0.2,48,91.7,25.95,0.21,2.3,0.541,9.08,22.11,0.461,2.09
55.0,5.0,1.0,1.5,4.5,0.4,7200,0.2,48,91.7,25.95,0.21,2.3,0.541,9.08,22.11,0.461,2.09
55.0,5.0,1.5,2.5,3.0,0.8,7200,0.4,55,87.3,29.67,0.36,2.45,0.539,9.43,25.27,0.459,2.2
55.0,5.0,1.5,2.5,4.5,0.8,7200,0.4,55,87.3,29.62,0.36,2.45,0.539,9.43,25.22,0.458,2.19
55.0,5.0,1.0,1.5,3.0,0.8,14400,0.2,48,91.7,25.78,0.21,2.29,0.537,9.26,21.94,0.457,2.08
55.0,5.0,1.0,1.5,4.5,0.8,14400,0.2,48,91.7,25.76,0.21,2.29,0.537,9.26,21.92,0.457,2.08
55.0,5.0,1.0,1.5,3.0,0.4,14400,0.2,48,91.7,25.66,0.21,2.28,0.535,9.08,21.82,0.455,2.07
55.0,5.0,1.0,1.5,4.5,0.4,14400,0.2,48,91.7,25.66,0.21,2.28,0.535,9.08,21.82,0.455,2.07
50.0,5.0,1.5,2.5,3.0,0.8,,0.4,60,90.0,31.99,0.23,2.07,0.533,14.43,27.19,0.453,1.89
55.0,5.0,1.0,2.5,3.0,0.4,14400,0.4,50,90.0,26.63,0.26,2.32,0.533,9.08,22.63,0.453,2.1
55.0,5.0,1.0,2.5,4.5,0.4,14400,0.4,50,90.0,26.63,0.26,2.32,0.533,9.08,22.63,0.453,2.1
55.0,5.0,1.0,2.5,3.0,0.4,3600,0.2,49,89.8,26.08,0.26,2.3,0.532,9.08,22.16,0.452,2.08
55.0,5.0,1.0,2.5,4.5,0.4,3600,0.2,49,89.8,26.08,0.26,2.3,0.532,9.08,22.16,0.452,2.08
55.0,5.0,1.0,2.5,3.0,0.6,14400,0.4,50,90.0,26.56,0.26,2.32,0.531,9.2,22.56,0.451,2.1
55.0,5.0,1.0,2.5,4.5,0.6,14400,0.4,50,90.0,26.54,0.26,2.32,0.531,9.2,22.54,0.451,2.1
55.0,5.0,1.0,1.5,3.0,0.8,7200,0.2,48,91.7,25.43,0.21,2.27,0.53,9.26,21.59,0.45,2.06
55.0,5.0,1.0,1.5,4.5,0.8,7200,0.2,48,91.7,25.43,0.21,2.27,0.53,9.26,21.59,0.45,2.06
55.0,5.0,1.0,1.5,3.0,0.6,7200,0.2,48,91.7,25.35,0.21,2.27,0.528,9.2,21.51,0.448,2.06
55.0,5.0,1.0,1.5,4.5,0.6,7200,0.2,48,91.7,25.35,0.21,2.27,0.528,9.2,21.51,0.448,2.06
55.0,5.0,1.0,1.5,3.0,0.6,14400,0.2,48,91.7,25.29,0.21,2.26,0.527,9.2,21.45,0.447,2.06
55.0,5.0,1.0,2.5,3.0,0.6,3600,0.2,49,89.8,25.81,0.26,2.28,0.527,9.2,21.89,0.447,2.07
55.0,5.0,1.0,2.5,4.5,0.6,3600,0.2,49,89.8,25.81,0.26,2.28,0.527,9.2,21.89,0.447,2.07
55.0,5.0,1.0,1.5,4.5,0.6,14400,0.2,48,91.7,25.27,0.21,2.26,0.526,9.2,21.43,0.446,2.05
55.0,5.0,1.0,2.5,3.0,0.8,3600,0.2,49,89.8,25.79,0.26,2.28,0.526,9.17,21.87,0.446,2.07
55.0,5.0,1.0,2.5,4.5,0.8,3600,0.2,49,89.8,25.79,0.26,2.28,0.526,9.17,21.87,0.446,2.07
55.0,5.0,0.7,2.5,4.5,0.8,,0.4,46,91.3,24.16,0.21,2.21,0.525,9.38,20.48,0.445,2.01
55.0,5.0,1.0,1.5,3.0,0.4,3600,0.2,49,89.8,25.71,0.26,2.28,0.525,9.08,21.79,0.445,2.06
55.0,5.0,1.0,1.5,4.5,0.4,3600,0.2,49,89.8,25.71,0.26,2.28,0.525,9.08,21.79,0.445,2.06
55.0,5.0,1.5,2.5,3.0,0.8,2400,0.2,52,90.4,27.09,0.25,2.35,0.521,9.43,22.93,0.441,2.12
55.0,5.0,0.7,2.5,3.0,0.8,,0.4,47,91.5,24.45,0.21,2.22,0.52,9.38,20.69,0.44,2.02
55.0,5.0,1.5,2.5,4.5,0.8,2400,0.2,52,90.4,27.03,0.25,2.35,0.52,9.43,22.87,0.44,2.12
55.0,5.0,1.0,1.5,3.0,0.6,3600,0.2,49,89.8,25.43,0.26,2.27,0.519,9.2,21.52,0.439,2.05
55.0,5.0,1.0,1.5,3.0,0.8,3600,0.2,49,89.8,25.42,0.26,2.27,0.519,9.17,21.5,0.439,2.05
55.0,5.0,1.0,1.5,3.0,0.8,14400,0.4,50,90.0,25.95,0.25,2.29,0.519,9.26,21.95,0.439,2.07
55.0,5.0,1.0,1.5,4.5,0.6,3600,0.2,49,89.8,25.43,0.26,2.27,0.519,9.2,21.52,0.439,2.05
55.0,5.0,1.0,1.5,4.5,0.8,3600,0.2,49,89.8,25.42,0.26,2.27,0.519,9.17,21.5,0.439,2.05
55.0,5.0,1.0,1.5,4.5,0.8,14400,0.4,50,90.0,25.93,0.25,2.29,0.519,9.26,21.93,0.439,2.07
55.0,5.0,1.0,1.5,3.0,0.4,14400,0.4,50,90.0,25.83,0.25,2.28,0.517,9.08,21.83,0.437,2.06
55.0,5.0,1.0,1.5,4.5,0.4,14400,0.4,50,90.0,25.83,0.25,2.28,0.517,9.08,21.83,0.437,2.06
55.0,5.0,1.5,2.5,3.0,0.8,14400,0.8,61,80.3,31.17,0.7,2.87,0.511,5.0,26.3,0.431,2.48
55.0,5.0,1.5,2.5,4.5,0.8,14400,0.8,61,80.3,31.1,0.7,2.87,0.51,5.0,26.22,0.43,2.48
55.0,5.0,1.0,1.5,3.0,0.6,14400,0.4,50,90.0,25.46,0.25,2.26,0.509,9.2,21.46,0.429,2.04
55.0,5.0,1.0,1.5,4.5,0.6,14400,0.4,50,90.0,25.43,0.25,2.26,0.509,9.2,21.43,0.429,2.04
55.0,5.0,1.5,2.5,3.0,0.8,1200,0.2,54,83.3,27.43,0.47,2.35,0.508,9.43,23.11,0.428,2.09
55.0,5.0,1.5,2.5,4.5,0.8,1200,0.2,54,83.3,27.38,0.47,2.35,0.507,9.43,23.06,0.427,2.09
55.0,5.0,1.5,2.5,3.0,0.4,7200,0.4,56,87.5,28.28,0.34,2.38,0.505,9.13,23.8,0.425,2.13
55.0,5.0,1.5,2.5,4.5,0.4,7200,0.4,56,87.5,28.28,0.34,2.38,0.505,9.13,23.8,0.425,2.13
50.0,5.0,1.0,2.5,4.5,0.8,,0.4,59,89.8,29.59,0.22,1.99,0.502,14.26,24.87,0.422,1.82
50.0,5.0,1.5,2.5,3.0,0.8,14400,0.2,59,89.8,29.51,0.22,1.98,0.5,14.43,24.79,0.42,1.81
50.0,5.0,1.5,2.5,4.5,0.8,14400,0.2,59,89.8,29.44,0.22,1.98,0.499,14.43,24.72,0.419,1.81
55.0,4.0,1.5,2.5,4.5,0.8,,0.4,50,86.0,24.84,0.31,1.89,0.497,9.08,20.84,0.417,1.73
50.0,5.0,1.0,2.5,3.0,0.8,,0.4,60,90.0,29.6,0.22,1.99,0.493,14.26,24.8,0.413,1.81
50.0,5.0,1.0,1.5,4.5,0.8,,0.4,59,89.8,28.88,0.22,1.96,0.489,14.26,24.16,0.41,1.79
55.0,5.0,1.5,2.5,3.0,0.4,2400,0.2,53,90.6,25.97,0.24,2.3,0.49,9.13,21.73,0.41,2.06
55.0,5.0,1.5,2.5,4.5,0.4,2400,0.2,53,90.6,25.97,0.24,2.3,0.49,9.13,21.73,0.41,2.06
55.0,4.0,1.5,2.5,3.0,0.8,,0.4,51,86.3,24.96,0.3,1.89,0.489,8.92,20.88,0.409,1.73
55.0,5.0,1.5,2.5,3.0,0.6,7200,0.4,56,87.5,27.4,0.33,2.34,0.489,9.33,22.92,0.409,2.09
55.0,5.0,1.5,2.5,4.5,0.6,7200,0.4,56,87.5,27.4,0.33,2.34,0.489,9.33,22.92,0.409,2.09
50.0,3.0,1.5,2.5,3.0,0.8,,0.4,76,81.6,36.73,0.42,1.87,0.483,8.92,30.65,0.403,1.71
50.0,5.0,1.0,1.5,3.0,0.8,,0.4,60,90.0,28.89,0.22,1.96,0.482,14.26,24.09,0.402,1.79
50.0,5.0,1.5,2.5,4.5,0.6,,0.4,61,90.2,29.4,0.22,1.98,0.482,14.33,24.52,0.402,1.8
50.0,5.0,1.5,2.5,3.0,0.6,,0.4,61,90.2,29.25,0.22,1.98,0.48,14.33,24.37,0.4,1.8
40.0,4.0,1.5,2.5,3.0,0.8,,0.4,89,87.6,42.54,0.28,1.97,0.478,10.47,35.42,0.398,1.79
50.0,3.0,1.5,2.5,3.0,0.6,,0.4,88,83.0,41.82,0.4,1.93,0.475,8.63,34.78,0.395,1.75
55.0,5.0,0.7,1.5,4.5,0.8,,0.4,46,91.3,21.86,0.2,2.09,0.475,9.38,18.18,0.395,1.89
55.0,5.0,1.5,2.5,3.0,0.4,14400,0.8,62,80.6,29.35,0.66,2.76,0.473,5.0,24.39,0.393,2.38
55.0,5.0,1.5,2.5,4.5,0.4,14400,0.8,62,80.6,29.35,0.66,2.76,0.473,5.0,24.39,0.393,2.38
40.0,4.0,0.7,2.5,3.0,0.8,,0.4,89,87.6,42.01,0.31,2.21,0.472,8.81,34.89,0.392,1.98
40.0,4.0,1.0,2.5,3.0,0.8,,0.4,89,87.6,41.97,0.28,1.95,0.472,10.45,34.85,0.392,1.78
55.0,5.0,1.5,2.5,3.0,0.6,14400,0.8,62,80.6,29.29,0.66,2.76,0.472,5.0,24.33,0.392,2.37
55.0,5.0,1.5,2.5,4.5,0.6,14400,0.8,62,80.6,29.27,0.66,2.76,0.472,5.0,24.31,0.392,2.37
50.0,5.0,0.7,2.5,4.5,0.8,,0.4,59,89.8,27.79,0.24,2.09,0.471,12.1,23.07,0.391,1.89
55.0,5.0,0.7,1.5,3.0,0.8,,0.4,47,91.5,22.15,0.2,2.11,0.471,9.38,18.39,0.391,1.91
55.0,4.0,1.5,2.5,3.0,0.8,7200,0.4,60,83.3,28.06,0.43,2.14,0.468,9.79,23.26,0.388,1.92
55.0,4.0,1.5,2.5,3.0,0.8,14400,0.4,53,84.9,24.75,0.33,1.88,0.467,9.87,20.51,0.387,1.71
55.0,4.0,1.5,2.5,4.5,0.8,7200,0.4,60,83.3,28.01,0.43,2.14,0.467,9.79,23.21,0.387,1.91
55.0,5.0,1.0,2.5,3.0,0.8,14400,0.8,60,81.7,28.03,0.6,2.69,0.467,5.0,23.23,0.387,2.32
55.0,5.0,1.0,2.5,4.5,0.8,14400,0.8,60,81.7,28.01,0.6,2.69,0.467,5.0,23.21,0.387,2.32
55.0,4.0,1.5,2.5,4.5,0.8,14400,0.4,53,84.9,24.67,0.33,1.88,0.465,9.87,20.43,0.386,1.71
55.0,5.0,0.7,2.5,3.0,0.6,,0.4,48,91.7,22.36,0.19,2.12,0.466,9.32,18.52,0.386,1.91
55.0,5.0,0.7,2.5,4.5,0.6,,0.4,48,91.7,22.35,0.19,2.12,0.466,9.32,18.51,0.386,1.91
55.0,5.0,1.5,2.5,3.0,0.6,2400,0.2,53,90.6,24.54,0.23,2.23,0.463,9.33,20.3,0.383,1.99
55.0,5.0,1.5,2.5,4.5,0.6,2400,0.2,53,90.6,24.54,0.23,2.23,0.463,9.33,20.3,0.383,1.99
50.0,5.0,1.0,2.5,4.5,0.6,,0.4,61,90.2,28.15,0.21,1.94,0.461,14.2,23.27,0.382,1.76
50.0,5.0,0.7,2.5,3.0,0.8,,0.4,60,90.0,27.68,0.23,2.09,0.461,12.1,22.88,0.381,1.88
55.0,5.0,0.7,2.5,3.0,0.4,,0.4,48,91.7,22.13,0.19,2.11,0.461,9.2,18.29,0.381,1.9
55.0,5.0,0.7,2.5,4.5,0.4,,0.4,48,91.7,22.13,0.19,2.11,0.461,9.2,18.29,0.381,1.9
50.0,5.0,0.7,1.5,4.5,0.8,,0.4,59,89.8,27.08,0.23,2.06,0.459,12.1,22.36,0.379,1.86
50.0,5.0,1.0,2.5,3.0,0.6,,0.4,61,90.2,28.01,0.21,1.93,0.459,14.2,23.13,0.379,1.76
55.0,4.0,1.5,2.5,3.0,0.8,7200,0.2,52,84.6,23.85,0.34,1.85,0.459,9.87,19.69,0.379,1.69
50.0,3.0,1.5,2.5,4.5,0.8,,0.4,75,81.3,34.33,0.42,1.82,0.458,9.08,28.34,0.378,1.66
55.0,4.0,1.5,2.5,4.5,0.8,7200,0.2,52,84.6,23.79,0.34,1.85,0.457,9.87,19.63,0.378,1.68
55.0,4.0,1.5,2.5,3.0,0.8,14400,0.2,51,86.3,23.33,0.29,1.83,0.457,9.87,19.25,0.377,1.67
55.0,5.0,1.0,2.5,3.0,0.4,14400,0.8,60,81.7,27.42,0.6,2.65,0.457,5.0,22.62,0.377,2.29
55.0,5.0,1.0,2.5,4.5,0.4,14400,0.8,60,81.7,27.42,0.6,2.65,0.457,5.0,22.62,0.377,2.29
55.0,3.0,1.5,2.5,4.5,0.8,,0.4,63,82.5,28.74,0.4,1.87,0.456,7.88,23.7,0.376,1.7
55.0,4.0,1.0,2.5,4.5,0.8,,0.4,50,86.0,22.81,0.3,1.81,0.456,8.82,18.81,0.376,1.66
55.0,4.0,1.5,2.5,4.5,0.8,14400,0.2,51,86.3,23.25,0.29,1.83,0.456,9.87,19.17,0.376,1.67
55.0,4.0,1.0,2.5,3.0,0.8,,0.4,51,86.3,23.22,0.29,1.83,0.455,8.66,19.14,0.375,1.67
55.0,5.0,1.0,2.5,3.0,0.6,14400,0.8,60,81.7,27.3,0.59,2.64,0.455,5.0,22.5,0.375,2.28
55.0,5.0,1.0,2.5,4.5,0.6,14400,0.8,60,81.7,27.28,0.59,2.64,0.455,5.0,22.48,0.375,2.28
50.0,5.0,1.0,1.5,4.5,0.6,,0.4,61,90.2,27.69,0.21,1.92,0.454,14.2,22.81,0.374,1.75
50.0,3.0,1.5,2.5,4.5,0.6,,0.4,87,82.8,39.39,0.39,1.88,0.453,8.74,32.43,0.373,1.7
50.0,5.0,1.0,1.5,3.0,0.6,,0.4,61,90.2,27.55,0.21,1.92,0.452,14.2,22.67,0.372,1.74
55.0,3.0,1.5,2.5,3.0,0.8,,0.4,64,82.8,28.93,0.39,1.88,0.452,7.72,23.81,0.372,1.7
50.0,5.0,0.7,1.5,3.0,0.8,,0.4,60,90.0,26.97,0.23,2.06,0.449,12.1,22.17,0.37,1.86
55.0,5.0,1.5,2.5,3.0,0.8,3600,0.4,63,77.8,28.31,0.79,2.75,0.449,5.19,23.27,0.369,2.34
55.0,5.0,1.0,2.5,3.0,0.4,2400,0.2,53,90.6,23.77,0.23,2.19,0.448,9.08,19.53,0.368,1.95
55.0,5.0,1.0,2.5,4.5,0.4,2400,0.2,53,90.6,23.77,0.23,2.19,0.448,9.08,19.53,0.368,1.95
55.0,5.0,0.7,1.5,3.0,0.4,,0.4,48,91.7,21.44,0.19,2.07,0.447,9.2,17.6,0.367,1.87
55.0,5.0,0.7,1.5,4.5,0.4,,0.4,48,91.7,21.44,0.19,2.07,0.447,9.2,17.6,0.367,1.87
55.0,5.0,1.0,2.5,3.0,0.8,2400,0.2,53,90.6,23.62,0.23,2.18,0.446,9.03,19.38,0.366,1.94
55.0,5.0,1.0,2.5,4.5,0.8,2400,0.2,53,90.6,23.62,0.23,2.18,0.446,9.03,19.38,0.366,1.94
55.0,5.0,1.5,2.5,4.5,0.8,3600,0.4,63,77.8,28.07,0.78,2.74,0.446,5.19,23.03,0.366,2.32
50.0,5.0,1.5,2.5,3.0,0.8,14400,0.4,61,88.5,27.1,0.25,1.9,0.444,14.43,22.21,0.364,1.72
50.0,5.0,1.5,2.5,4.5,0.8,14400,0.4,61,88.5,27.02,0.25,1.9,0.443,14.43,22.14,0.363,1.72
55.0,3.0,1.5,2.5,4.5,0.4,,0.4,66,83.3,29.22,0.38,1.89,0.443,6.39,23.94,0.363,1.71
55.0,5.0,1.0,2.5,3.0,0.6,2400,0.2,53,90.6,23.5,0.23,2.17,0.443,9.2,19.26,0.363,1.94
55.0,5.0,1.0,2.5,4.5,0.6,2400,0.2,53,90.6,23.5,0.23,2.17,0.443,9.2,19.26,0.363,1.94
55.0,5.0,1.0,1.5,3.0,0.4,2400,0.2,53,90.6,23.42,0.23,2.17,0.442,9.08,19.18,0.362,1.94
55.0,5.0,1.0,1.5,4.5,0.4,2400,0.2,53,90.6,23.42,0.23,2.17,0.442,9.08,19.18,0.362,1.94
55.0,3.0,1.5,2.5,3.0,0.4,,0.4,66,83.3,29.06,0.38,1.88,0.44,6.39,23.78,0.36,1.7
55.0,5.0,1.0,1.5,3.0,0.8,2400,0.2,53,90.6,23.27,0.23,2.16,0.439,9.03,19.03,0.359,1.93
55.0,5.0,1.0,1.5,4.5,0.8,2400,0.2,53,90.6,23.27,0.23,2.16,0.439,9.03,19.03,0.359,1.93
40.0,5.0,1.5,2.5,4.5,0.4,,0.4,71,88.7,31.09,0.23,1.78,0.438,8.69,25.41,0.358,1.63
55.0,5.0,1.0,1.5,3.0,0.4,14400,0.8,60,81.7,26.27,0.58,2.58,0.438,5.0,21.47,0.358,2.22
55.0,5.0,1.0,1.5,3.0,0.8,14400,0.8,60,81.7,26.29,0.58,2.58,0.438,5.0,21.49,0.358,2.22
55.0,5.0,1.0,1.5,4.5,0.4,14400,0.8,60,81.7,26.27,0.58,2.58,0.438,5.0,21.47,0.358,2.22
55.0,5.0,1.0,1.5,4.5,0.8,14400,0.8,60,81.7,26.27,0.58,2.58,0.438,5.0,21.47,0.358,2.22
55.0,5.0,1.0,2.5,3.0,0.4,7200,0.4,55,87.3,24.09,0.32,2.18,0.438,9.08,19.69,0.358,1.93
55.0,5.0,1.0,2.5,4.5,0.4,7200,0.4,55,87.3,24.09,0.32,2.18,0.438,9.08,19.69,0.358,1.93
55.0,5.0,0.7,1.5,3.0,0.6,,0.4,48,91.7,21.0,0.19,2.05,0.438,9.32,17.16,0.357,1.84
55.0,5.0,0.7,1.5,4.5,0.6,,0.4,48,91.7,20.98,0.19,2.05,0.437,9.32,17.14,0.357,1.84
55.0,5.0,1.0,1.5,3.0,0.6,2400,0.2,53,90.6,23.15,0.22,2.16,0.437,9.2,18.91,0.357,1.92
55.0,5.0,1.0,1.5,4.5,0.6,2400,0.2,53,90.6,23.15,0.22,2.16,0.437,9.2,18.91,0.357,1.92
55.0,3.0,1.5,2.5,4.5,0.6,,0.4,65,83.1,28.33,0.38,1.86,0.436,7.42,23.13,0.356,1.68
55.0,3.0,1.5,2.5,3.0,0.6,,0.4,65,83.1,28.25,0.38,1.86,0.435,7.31,23.05,0.355,1.68
40.0,4.0,0.7,2.5,4.5,0.8,,0.4,87,86.2,37.58,0.32,2.02,0.432,8.81,30.62,0.352,1.81
40.0,5.0,1.5,2.5,4.5,0.8,14400,0.2,71,88.7,30.67,0.22,1.77,0.432,8.93,24.99,0.352,1.61
55.0,3.0,1.5,2.5,3.0,0.8,14400,0.2,65,83.1,28.11,0.38,1.85,0.432,6.99,22.91,0.352,1.68
50.0,3.0,1.0,2.5,3.0,0.6,,0.4,88,83.0,37.95,0.38,1.84,0.431,8.6,30.91,0.351,1.67
55.0,3.0,1.5,2.5,3.0,0.4,7200,0.2,66,83.3,28.44,0.37,1.86,0.431,6.2,23.16,0.351,1.68
55.0,3.0,1.5,2.5,4.5,0.4,7200,0.2,66,83.3,28.44,0.37,1.86,0.431,6.2,23.16,0.351,1.68
55.0,3.0,1.5,2.5,4.5,0.8,14400,0.2,65,83.1,28.03,0.38,1.85,0.431,6.99,22.83,0.351,1.67
55.0,5.0,1.0,1.5,3.0,0.6,14400,0.8,60,81.7,25.85,0.57,2.56,0.431,5.0,21.05,0.351,2.2
55.0,5.0,1.0,1.5,4.5,0.6,14400,0.8,60,81.7,25.82,0.57,2.55,0.43,5.0,21.02,0.35,2.2
55.0,5.0,1.0,2.5,3.0,0.6,7200,0.4,55,87.3,23.64,0.31,2.15,0.43,9.2,19.24,0.35,1.91
55.0,5.0,1.0,2.5,3.0,0.8,7200,0.4,55,87.3,23.67,0.31,2.16,0.43,9.26,19.27,0.35,1.91
55.0,5.0,1.0,2.5,4.5,0.6,7200,0.4,55,87.3,23.64,0.31,2.15,0.43,9.2,19.24,0.35,1.91
55.0,5.0,1.0,2.5,4.5,0.8,7200,0.4,55,87.3,23.67,0.31,2.16,0.43,9.26,19.27,0.35,1.91
55.0,3.0,1.5,2.5,3.0,0.4,14400,0.2,66,83.3,28.31,0.37,1.86,0.429,6.29,23.03,0.349,1.68
55.0,3.0,1.5,2.5,4.5,0.4,14400,0.2,66,83.3,28.31,0.37,1.86,0.429,6.29,23.03,0.349,1.68
55.0,5.0,1.5,2.5,3.0,0.4,1200,0.2,55,83.6,23.57,0.42,2.16,0.429,9.13,19.17,0.349,1.91
55.0,5.0,1.5,2.5,4.5,0.4,1200,0.2,55,83.6,23.57,0.42,2.16,0.429,9.13,19.17,0.349,1.91
40.0,5.0,1.5,2.5,3.0,0.4,,0.4,71,88.7,30.4,0.22,1.76,0.428,8.69,24.72,0.348,1.61
45.0,3.0,1.5,2.5,3.0,0.8,,0.4,95,82.1,40.63,0.39,1.8,0.428,7.32,33.03,0.348,1.63
50.0,5.0,0.7,2.5,4.5,0.6,,0.4,61,90.2,26.11,0.22,2.03,0.428,12.04,21.23,0.348,1.82
40.0,4.0,0.7,1.5,3.0,0.8,,0.4,89,87.6,38.0,0.3,2.1,0.427,8.56,30.88,0.347,1.87
40.0,4.0,1.0,1.5,3.0,0.8,,0.4,89,87.6,37.96,0.26,1.86,0.427,10.2,30.84,0.347,1.69
50.0,3.0,1.0,2.5,3.0,0.8,,0.4,76,81.6,32.43,0.4,1.77,0.427,8.95,26.35,0.347,1.61
55.0,5.0,1.0,1.5,3.0,0.4,7200,0.4,55,87.3,23.47,0.31,2.15,0.427,9.08,19.07,0.347,1.9
55.0,5.0,1.0,1.5,4.5,0.4,7200,0.4,55,87.3,23.47,0.31,2.15,0.427,9.08,19.07,0.347,1.9
40.0,5.0,1.5,2.5,3.0,0.4,7200,0.2,70,88.6,29.85,0.23,1.75,0.426,8.62,24.25,0.346,1.6
50.0,5.0,0.7,2.5,3.0,0.6,,0.4,61,90.2,25.97,0.22,2.02,0.426,12.04,21.09,0.346,1.81
55.0,3.0,1.5,2.5,3.0,0.8,14400,0.4,66,81.8,28.14,0.41,1.85,0.426,6.99,22.86,0.346,1.67
55.0,4.0,1.5,2.5,3.0,0.4,7200,0.2,53,84.9,22.56,0.32,1.8,0.426,9.18,18.32,0.346,1.64
55.0,4.0,1.5,2.5,4.5,0.4,7200,0.2,53,84.9,22.56,0.32,1.8,0.426,9.18,18.32,0.346,1.64
40.0,5.0,1.5,2.5,4.5,0.4,7200,0.2,70,88.6,29.76,0.23,1.74,0.425,8.62,24.16,0.345,1.59
45.0,3.0,1.5,2.5,4.5,0.8,,0.4,93,81.7,39.56,0.4,1.78,0.425,7.4,32.12,0.345,1.61
55.0,3.0,1.0,2.5,3.0,0.8,14400,0.4,66,83.3,28.05,0.39,1.93,0.425,7.03,22.77,0.345,1.73
55.0,3.0,1.0,2.5,4.5,0.8,14400,0.4,66,83.3,28.03,0.39,1.93,0.425,7.03,22.75,0.345,1.73
55.0,3.0,1.5,2.5,3.0,0.8,7200,0.2,65,83.1,27.6,0.37,1.84,0.425,6.9,22.4,0.345,1.66
55.0,3.0,1.5,2.5,4.5,0.8,14400,0.4,66,81.8,28.06,0.41,1.85,0.425,6.99,22.78,0.345,1.67
55.0,3.0,1.5,2.5,4.5,0.8,7200,0.2,65,83.1,27.55,0.37,1.83,0.424,6.9,22.35,0.344,1.66
55.0,4.0,1.5,2.5,3.0,0.4,7200,0.4,61,83.6,25.88,0.4,2.06,0.424,9.09,21.0,0.344,1.83
55.0,4.0,1.5,2.5,3.0,0.6,7200,0.4,61,83.6,25.87,0.4,2.05,0.424,9.49,20.98,0.344,1.83
55.0,4.0,1.5,2.5,4.5,0.4,7200,0.4,61,83.6,25.88,0.4,2.06,0.424,9.09,21.0,0.344,1.83
55.0,4.0,1.5,2.5,4.5,0.6,7200,0.4,61,83.6,25.87,0.4,2.05,0.424,9.49,20.98,0.344,1.83
55.0,3.0,1.5,2.5,3.0,0.4,14400,0.4,67,82.1,28.33,0.4,1.85,0.423,6.29,22.97,0.343,1.67
55.0,3.0,1.5,2.5,4.5,0.4,14400,0.4,67,82.1,28.33,0.4,1.85,0.423,6.29,22.97,0.343,1.67
55.0,5.0,1.5,2.5,3.0,0.4,3600,0.4,64,78.1,27.04,0.75,2.67,0.422,5.19,21.92,0.343,2.26
50.0,5.0,1.5,2.5,3.0,0.6,14400,0.2,58,89.7,24.45,0.21,1.82,0.422,14.33,19.81,0.342,1.65
55.0,4.0,1.5,2.5,3.0,0.6,,0.4,52,86.5,21.94,0.28,1.78,0.422,8.63,17.78,0.342,1.62
55.0,4.0,1.5,2.5,4.5,0.6,,0.4,52,86.5,21.93,0.28,1.78,0.422,8.74,17.77,0.342,1.62
40.0,4.0,1.5,2.5,4.5,0.8,,0.4,87,86.2,36.67,0.28,1.76,0.421,10.47,29.7,0.341,1.61
40.0,5.0,1.5,2.5,3.0,0.4,14400,0.2,70,88.6,29.49,0.22,1.74,0.421,8.69,23.89,0.341,1.59
40.0,5.0,1.5,2.5,3.0,0.4,14400,0.4,70,88.6,29.49,0.22,1.74,0.421,8.69,23.89,0.341,1.59
50.0,5.0,0.7,1.5,4.5,0.6,,0.4,61,90.2,25.65,0.22,2.01,0.42,12.04,20.77,0.341,1.8
50.0,5.0,1.5,2.5,4.5,0.6,14400,0.2,58,89.7,24.43,0.21,1.81,0.421,14.33,19.79,0.341,1.65
55.0,3.0,1.0,2.5,3.0,0.8,,0.4,64,82.8,26.93,0.38,1.82,0.421,7.67,21.81,0.341,1.64
55.0,4.0,1.5,2.5,3.0,0.4,14400,0.4,54,85.2,22.72,0.31,1.81,0.421,9.18,18.4,0.341,1.64
55.0,4.0,1.5,2.5,4.5,0.4,14400,0.4,54,85.2,22.72,0.31,1.81,0.421,9.18,18.4,0.341,1.64
55.0,5.0,1.5,2.5,4.5,0.4,3600,0.4,64,78.1,26.96,0.75,2.67,0.421,5.19,21.84,0.341,2.26
40.0,5.0,1.5,2.5,3.0,0.8,14400,0.2,71,88.7,29.81,0.22,1.75,0.42,8.93,24.13,0.34,1.59
40.0,5.0,1.5,2.5,4.5,0.4,14400,0.2,70,88.6,29.39,0.22,1.73,0.42,8.69,23.79,0.34,1.59
40.0,5.0,1.5,2.5,4.5,0.4,14400,0.4,70,88.6,29.39,0.22,1.73,0.42,8.69,23.79,0.34,1.59
40.0,5.0,1.5,2.5,4.5,0.8,14400,0.4,71,87.3,29.8,0.25,1.74,0.42,8.93,24.12,0.34,1.59
55.0,3.0,1.0,2.5,4.5,0.8,,0.4,63,82.5,26.45,0.38,1.8,0.42,7.82,21.41,0.34,1.63
55.0,3.0,1.5,2.5,3.0,0.4,3600,0.2,67,82.1,28.08,0.4,1.85,0.419,6.2,22.72,0.339,1.67
55.0,3.0,1.5,2.5,3.0,0.8,7200,0.4,70,80.0,29.33,0.49,1.96,0.419,8.29,23.73,0.339,1.75
55.0,3.0,1.5,2.5,4.5,0.4,3600,0.2,67,82.1,28.08,0.4,1.85,0.419,6.2,22.72,0.339,1.67
55.0,4.0,1.5,2.5,3.0,0.4,,0.4,52,86.5,21.81,0.28,1.78,0.419,9.18,17.65,0.339,1.62
55.0,4.0,1.5,2.5,4.5,0.4,,0.4,52,86.5,21.81,0.28,1.78,0.419,9.18,17.65,0.339,1.62
50.0,5.0,0.7,1.5,3.0,0.6,,0.4,61,90.2,25.51,0.22,2.0,0.418,12.04,20.63,0.338,1.8
55.0,3.0,1.0,2.5,3.0,0.4,14400,0.4,66,83.3,27.59,0.38,1.91,0.418,6.85,22.31,0.338,1.72
55.0,3.0,1.0,2.5,4.5,0.4,14400,0.4,66,83.3,27.59,0.38,1.91,0.418,6.85,22.31,0.338,1.72
55.0,3.0,1.5,2.5,4.5,0.8,7200,0.4,70,80.0,29.28,0.49,1.96,0.418,8.29,23.68,0.338,1.75
55.0,5.0,1.0,1.5,3.0,0.8,7200,0.4,55,87.3,22.95,0.31,2.12,0.417,9.26,18.55,0.337,1.88
55.0,5.0,1.0,1.5,4.5,0.8,7200,0.4,55,87.3,22.95,0.31,2.12,0.417,9.26,18.55,0.337,1.88
55.0,5.0,1.0,1.5,3.0,0.6,7200,0.4,55,87.3,22.87,0.31,2.12,0.416,9.2,18.47,0.336,1.87
55.0,5.0,1.0,1.5,4.5,0.6,7200,0.4,55,87.3,22.87,0.31,2.12,0.416,9.2,18.47,0.336,1.87
50.0,3.0,1.0,2.5,4.5,0.6,,0.4,87,82.8,36.08,0.38,1.8,0.415,8.71,29.12,0.335,1.63
55.0,3.0,1.0,2.5,3.0,0.6,14400,0.4,66,83.3,27.4,0.38,1.91,0.415,6.97,22.12,0.335,1.71
55.0,3.0,1.0,2.5,4.5,0.6,14400,0.4,66,83.3,27.37,0.38,1.91,0.415,6.97,22.1,0.335,1.71
55.0,4.0,1.5,2.5,3.0,0.4,14400,0.2,52,86.5,21.6,0.28,1.77,0.415,9.18,17.44,0.335,1.61
55.0,4.0,1.5,2.5,4.5,0.4,14400,0.2,52,86.5,21.6,0.28,1.77,0.415,9.18,17.44,0.335,1.61
55.0,3.0,1.5,2.5,3.0,0.6,14400,0.2,66,83.3,27.35,0.37,1.83,0.414,6.69,22.07,0.334,1.65
55.0,3.0,1.5,2.5,4.5,0.6,14400,0.2,66,83.3,27.33,0.37,1.83,0.414,6.69,22.05,0.334,1.65
55.0,4.0,1.5,2.5,3.0,0.6,14400,0.4,54,85.2,22.33,0.31,1.79,0.414,9.58,18.01,0.333,1.62
55.0,4.0,1.5,2.5,4.5,0.6,14400,0.4,54,85.2,22.31,0.31,1.79,0.413,9.58,17.98,0.333,1.62
55.0,3.0,1.0,2.5,4.5,0.6,,0.4,65,83.1,26.71,0.37,1.81,0.411,7.48,21.51,0.331,1.63
55.0,4.0,1.5,2.5,3.0,0.6,7200,0.2,53,84.9,21.78,0.32,1.78,0.411,9.58,17.54,0.331,1.61
55.0,4.0,1.5,2.5,4.5,0.6,7200,0.2,53,84.9,21.78,0.32,1.78,0.411,9.58,17.54,0.331,1.61
50.0,3.0,1.5,2.5,3.0,0.8,14400,0.2,86,82.6,35.22,0.38,1.78,0.41,9.87,28.34,0.33,1.61
55.0,3.0,1.0,2.5,3.0,0.6,,0.4,65,83.1,26.63,0.37,1.81,0.41,7.37,21.43,0.33,1.63
55.0,3.0,1.5,2.5,3.0,0.6,7200,0.2,66,83.3,27.09,0.36,1.82,0.41,6.6,21.81,0.33,1.64
55.0,3.0,1.5,2.5,3.0,0.8,3600,0.2,66,81.8,27.06,0.4,1.82,0.41,6.9,21.78,0.33,1.64
55.0,3.0,1.5,2.5,4.5,0.6,7200,0.2,66,83.3,27.09,0.36,1.82,0.41,6.6,21.81,0.33,1.64
55.0,4.0,1.5,2.5,3.0,0.8,3600,0.2,53,83.0,21.72,0.36,1.77,0.41,9.87,17.48,0.33,1.61
50.0,3.0,1.0,2.5,4.5,0.8,,0.4,75,81.3,30.68,0.4,1.73,0.409,9.11,24.68,0.329,1.57
50.0,3.0,1.5,2.5,4.5,0.8,14400,0.2,86,82.6,35.15,0.38,1.78,0.409,9.87,28.27,0.329,1.61
55.0,3.0,1.5,2.5,3.0,0.6,14400,0.4,67,82.1,27.37,0.4,1.83,0.409,6.69,22.01,0.329,1.64
55.0,3.0,1.5,2.5,4.5,0.8,3600,0.2,66,81.8,27.01,0.4,1.82,0.409,6.9,21.73,0.329,1.64
55.0,4.0,1.5,2.5,4.5,0.8,3600,0.2,53,83.0,21.66,0.36,1.77,0.409,9.87,17.42,0.329,1.6
40.0,5.0,1.0,2.5,4.5,0.4,,0.4,71,88.7,28.94,0.22,1.72,0.408,8.89,23.26,0.328,1.57
40.0,5.0,1.5,2.5,3.0,0.8,14400,0.4,71,87.3,28.95,0.25,1.72,0.408,8.93,23.26,0.328,1.57
40.0,5.0,1.5,2.5,4.5,0.6,,0.4,80,88.8,32.66,0.22,1.73,0.408,8.81,26.26,0.328,1.57
55.0,3.0,1.0,1.5,3.0,0.4,14400,0.4,66,83.3,26.9,0.38,1.89,0.408,6.78,21.62,0.328,1.7
55.0,3.0,1.0,1.5,3.0,0.8,14400,0.4,66,83.3,26.92,0.38,1.89,0.408,6.96,21.64,0.328,1.7
55.0,3.0,1.0,1.5,4.5,0.4,14400,0.4,66,83.3,26.9,0.38,1.89,0.408,6.78,21.62,0.328,1.7
55.0,3.0,1.0,1.5,4.5,0.8,14400,0.4,66,83.3,26.9,0.38,1.89,0.408,6.96,21.62,0.328,1.7
55.0,3.0,1.5,2.5,4.5,0.6,14400,0.4,67,82.1,27.35,0.4,1.82,0.408,6.69,21.99,0.328,1.64
55.0,5.0,1.0,2.5,3.0,0.4,3600,0.4,62,79.0,25.31,0.68,2.57,0.408,5.19,20.35,0.328,2.18
55.0,3.0,1.0,2.5,4.5,0.4,,0.4,66,83.3,26.83,0.36,1.81,0.407,6.81,21.55,0.327,1.64
55.0,4.0,1.0,1.5,3.0,0.8,,0.4,51,86.3,20.75,0.28,1.74,0.407,9.01,16.67,0.327,1.58
55.0,4.0,1.0,1.5,4.5,0.8,,0.4,50,86.0,20.34,0.28,1.73,0.407,9.17,16.34,0.327,1.57
55.0,5.0,1.0,2.5,3.0,0.6,3600,0.4,62,79.0,25.21,0.68,2.56,0.407,5.19,20.25,0.327,2.17
55.0,5.0,1.0,2.5,3.0,0.8,3600,0.4,62,79.0,25.21,0.68,2.56,0.407,5.19,20.25,0.327,2.17
55.0,5.0,1.0,2.5,4.5,0.4,3600,0.4,62,79.0,25.22,0.68,2.56,0.407,5.19,20.26,0.327,2.17
40.0,4.0,1.0,2.5,4.5,0.8,,0.4,87,86.2,35.3,0.28,1.74,0.406,10.45,28.34,0.326,1.58
55.0,4.0,1.5,2.5,3.0,0.6,14400,0.2,52,86.5,21.1,0.27,1.75,0.406,9.58,16.94,0.326,1.59
40.0,5.0,1.5,2.5,3.0,0.4,7200,0.4,72,87.5,29.19,0.25,1.73,0.405,8.62,23.43,0.325,1.57
50.0,3.0,1.0,1.5,3.0,0.6,,0.4,88,83.0,35.68,0.37,1.79,0.405,9.2,28.64,0.325,1.62
55.0,4.0,1.5,2.5,4.5,0.6,14400,0.2,52,86.5,21.08,0.27,1.75,0.405,9.58,16.92,0.325,1.59
55.0,5.0,1.5,2.5,3.0,0.6,1200,0.2,55,83.6,22.25,0.41,2.1,0.405,9.33,17.85,0.325,1.84
55.0,5.0,1.5,2.5,4.5,0.6,1200,0.2,55,83.6,22.25,0.41,2.1,0.405,9.33,17.85,0.325,1.84
40.0,5.0,1.5,2.5,3.0,0.6,14400,0.2,78,88.5,31.51,0.22,1.7,0.404,8.81,25.27,0.324,1.55
40.0,5.0,1.5,2.5,4.5,0.4,7200,0.4,72,87.5,29.1,0.25,1.73,0.404,8.62,23.34,0.324,1.57
55.0,3.0,1.0,2.5,3.0,0.4,,0.4,66,83.3,26.67,0.36,1.81,0.404,6.81,21.39,0.324,1.63
55.0,5.0,1.0,2.5,4.5,0.6,3600,0.4,62,79.0,25.07,0.68,2.55,0.404,5.19,20.11,0.324,2.16
55.0,5.0,1.0,2.5,4.5,0.8,3600,0.4,62,79.0,25.02,0.68,2.55,0.404,5.19,20.06,0.324,2.16
40.0,5.0,1.5,2.5,4.5,0.6,14400,0.2,78,88.5,31.43,0.22,1.7,0.403,8.81,25.19,0.323,1.55
50.0,5.0,1.0,2.5,3.0,0.8,14400,0.2,57,89.5,22.97,0.21,1.77,0.403,14.26,18.41,0.323,1.6
50.0,5.0,1.0,2.5,4.5,0.8,14400,0.2,57,89.5,22.95,0.21,1.77,0.403,14.26,18.39,0.323,1.6
55.0,5.0,1.0,1.5,3.0,0.4,3600,0.4,62,79.0,24.96,0.68,2.55,0.403,5.19,20.0,0.323,2.16
40.0,5.0,0.7,2.5,4.5,0.6,,0.4,80,88.8,32.14,0.24,1.9,0.402,7.52,25.74,0.322,1.7
50.0,5.0,1.5,2.5,3.0,0.8,7200,0.2,59,88.1,23.73,0.23,1.68,0.402,14.43,19.01,0.322,1.53
55.0,4.0,1.0,2.5,3.0,0.6,,0.4,52,86.5,20.9,0.27,1.75,0.402,8.49,16.74,0.322,1.59
55.0,4.0,1.0,2.5,4.5,0.6,,0.4,52,86.5,20.89,0.27,1.75,0.402,8.6,16.73,0.322,1.59
50.0,5.0,1.5,2.5,4.5,0.8,7200,0.2,59,88.1,23.68,0.23,1.68,0.401,14.43,18.96,0.321,1.53
55.0,3.0,1.0,1.5,3.0,0.6,14400,0.4,66,83.3,26.48,0.38,1.88,0.401,6.9,21.2,0.321,1.68
55.0,3.0,1.0,1.5,4.5,0.6,14400,0.4,66,83.3,26.45,0.38,1.88,0.401,6.9,21.17,0.321,1.68
55.0,5.0,1.0,1.5,3.0,0.6,3600,0.4,62,79.0,24.86,0.67,2.54,0.401,5.19,19.9,0.321,2.15
55.0,5.0,1.0,1.5,3.0,0.8,3600,0.4,62,79.0,24.86,0.67,2.54,0.401,5.19,19.9,0.321,2.15
55.0,5.0,1.0,1.5,4.5,0.4,3600,0.4,62,79.0,24.87,0.67,2.54,0.401,5.19,19.91,0.321,2.15
45.0,3.0,1.0,2.5,3.0,0.8,,0.4,95,82.1,38.03,0.38,1.75,0.4,7.35,30.43,0.32,1.58
50.0,5.0,1.0,2.5,3.0,0.6,14400,0.2,57,89.5,22.82,0.21,1.76,0.4,14.2,18.26,0.32,1.6
50.0,5.0,1.0,2.5,4.5,0.6,14400,0.2,57,89.5,22.8,0.21,1.76,0.4,14.2,18.24,0.32,1.6
40.0,5.0,0.7,2.5,4.5,0.8,,0.4,74,87.8,29.56,0.26,1.88,0.399,9.09,23.64,0.319,1.69
55.0,4.0,1.5,2.5,3.0,0.8,7200,0.8,86,75.6,34.33,1.13,3.49,0.399,4.85,27.45,0.319,2.75
55.0,4.0,1.5,2.5,4.5,0.8,7200,0.8,86,75.6,34.28,1.13,3.49,0.399,4.85,27.4,0.319,2.74
55.0,5.0,1.0,1.5,4.5,0.6,3600,0.4,62,79.0,24.72,0.67,2.53,0.399,5.19,19.76,0.319,2.14
40.0,5.0,1.0,2.5,3.0,0.4,,0.4,71,88.7,28.24,0.22,1.71,0.398,8.89,22.56,0.318,1.56
40.0,5.0,1.5,2.5,3.0,0.6,,0.4,80,88.8,31.84,0.22,1.71,0.398,8.81,25.44,0.318,1.56
45.0,3.0,1.0,2.5,4.5,0.8,,0.4,93,81.7,37.02,0.39,1.73,0.398,7.35,29.58,0.318,1.57
55.0,3.0,1.0,1.5,4.5,0.4,,0.4,66,83.3,26.25,0.36,1.8,0.398,6.55,20.97,0.318,1.62
55.0,5.0,1.0,1.5,4.5,0.8,3600,0.4,62,79.0,24.67,0.67,2.53,0.398,5.19,19.71,0.318,2.14
40.0,5.0,0.7,2.5,4.5,0.4,,0.4,71,88.7,28.22,0.24,1.85,0.397,7.33,22.54,0.317,1.67
40.0,5.0,1.5,2.5,3.0,0.6,7200,0.2,80,88.8,31.78,0.22,1.71,0.397,8.62,25.38,0.317,1.56
40.0,5.0,1.5,2.5,3.0,0.8,7200,0.2,71,88.7,28.16,0.22,1.7,0.397,8.62,22.48,0.317,1.55
40.0,4.0,0.7,1.5,4.5,0.8,,0.4,87,86.2,34.44,0.31,1.94,0.396,8.56,27.48,0.316,1.73
50.0,4.0,1.5,2.5,4.5,0.8,,0.4,65,84.6,25.76,0.3,1.64,0.396,15.15,20.56,0.316,1.5
55.0,3.0,1.5,2.5,3.0,0.6,3600,0.2,67,82.1,26.55,0.39,1.8,0.396,6.6,21.19,0.316,1.62
55.0,3.0,1.5,2.5,4.5,0.6,3600,0.2,67,82.1,26.55,0.39,1.8,0.396,6.6,21.19,0.316,1.62
40.0,5.0,1.5,2.5,4.5,0.6,7200,0.2,80,88.8,31.63,0.22,1.7,0.395,8.62,25.23,0.315,1.55
40.0,5.0,1.5,2.5,4.5,0.8,7200,0.2,71,88.7,28.07,0.22,1.7,0.395,8.62,22.39,0.315,1.55
50.0,3.0,1.5,2.5,3.0,0.6,14400,0.2,86,82.6,33.98,0.37,1.76,0.395,9.58,27.1,0.315,1.59
50.0,3.0,1.5,2.5,4.5,0.4,,0.4,88,81.8,34.79,0.38,1.72,0.395,9.18,27.75,0.315,1.56
50.0,3.0,1.5,2.5,4.5,0.6,14400,0.2,86,82.6,33.96,0.37,1.75,0.395,9.58,27.08,0.315,1.59
50.0,5.0,1.0,1.5,3.0,0.6,14400,0.2,57,89.5,22.51,0.21,1.75,0.395,14.2,17.95,0.315,1.59
50.0,5.0,1.0,1.5,3.0,0.8,14400,0.2,57,89.5,22.51,0.21,1.75,0.395,14.26,17.95,0.315,1.59
50.0,5.0,1.0,1.5,4.5,0.6,14400,0.2,57,89.5,22.49,0.21,1.75,0.395,14.2,17.93,0.315,1.59
50.0,5.0,1.5,2.5,3.0,0.6,14400,0.4,62,87.1,24.5,0.27,1.81,0.395,14.33,19.53,0.315,1.63
50.0,5.0,1.5,2.5,4.5,0.6,14400,0.4,62,87.1,24.47,0.27,1.81,0.395,14.33,19.51,0.315,1.63
55.0,3.0,1.0,1.5,3.0,0.4,,0.4,66,83.3,26.09,0.36,1.79,0.395,6.55,20.81,0.315,1.61
40.0,5.0,1.0,2.5,4.5,0.6,,0.4,80,88.8,31.54,0.22,1.7,0.394,9.01,25.14,0.314,1.55
40.0,5.0,1.5,2.5,3.0,0.8,7200,0.4,74,87.8,29.14,0.24,1.73,0.394,8.62,23.22,0.314,1.57
50.0,5.0,1.0,1.5,4.5,0.8,14400,0.2,57,89.5,22.48,0.21,1.75,0.394,14.26,17.92,0.314,1.59
55.0,4.0,1.0,2.5,3.0,0.8,14400,0.2,52,86.5,20.49,0.27,1.73,0.394,9.24,16.33,0.314,1.57
55.0,4.0,1.0,2.5,4.5,0.8,14400,0.2,52,86.5,20.47,0.27,1.73,0.394,9.24,16.31,0.314,1.57
55.0,5.0,1.5,2.5,3.0,0.6,3600,0.4,64,78.1,25.2,0.72,2.56,0.394,5.19,20.08,0.314,2.15
40.0,5.0,1.5,2.5,3.0,0.6,14400,0.4,78,88.5,30.69,0.22,1.68,0.393,8.81,24.45,0.313,1.53
50.0,3.0,1.5,2.5,3.0,0.4,,0.4,88,81.8,34.63,0.38,1.72,0.394,9.18,27.59,0.313,1.56
55.0,3.0,1.5,2.5,3.0,0.4,7200,0.4,71,80.3,27.91,0.47,1.92,0.393,7.6,22.23,0.313,1.7
55.0,3.0,1.5,2.5,4.5,0.4,7200,0.4,71,80.3,27.91,0.47,1.92,0.393,7.6,22.23,0.313,1.7
55.0,5.0,1.5,2.5,3.0,0.8,7200,0.8,83,77.1,32.62,0.93,3.13,0.393,5.96,25.98,0.313,2.52
40.0,5.0,0.7,2.5,3.0,0.6,,0.4,80,88.8,31.32,0.24,1.87,0.392,7.53,24.92,0.312,1.68
40.0,5.0,1.5,2.5,4.5,0.6,14400,0.4,78,88.5,30.61,0.22,1.68,0.392,8.81,24.37,0.312,1.53
40.0,5.0,1.5,2.5,4.5,0.8,7200,0.4,74,87.8,29.04,0.24,1.73,0.392,8.62,23.12,0.312,1.57
55.0,5.0,1.5,2.5,4.5,0.6,3600,0.4,64,78.1,25.06,0.71,2.55,0.392,5.19,19.94,0.312,2.15
55.0,5.0,1.5,2.5,4.5,0.8,7200,0.8,83,77.1,32.57,0.93,3.13,0.392,5.96,25.93,0.312,2.52
50.0,3.0,1.0,1.5,4.5,0.6,,0.4,87,82.8,33.98,0.37,1.76,0.391,9.31,27.02,0.311,1.58
50.0,3.0,1.5,2.5,3.0,0.8,14400,0.4,87,81.6,34.05,0.4,1.76,0.391,9.87,27.09,0.311,1.58
50.0,3.0,1.5,2.5,4.5,0.8,14400,0.4,87,81.6,33.97,0.4,1.75,0.39,9.87,27.01,0.311,1.58
55.0,4.0,0.7,2.5,4.5,0.8,,0.4,50,86.0,19.53,0.28,1.75,0.391,9.18,15.53,0.311,1.58
55.0,4.0,1.0,2.5,3.0,0.4,,0.4,52,86.5,20.33,0.27,1.73,0.391,9.2,16.17,0.311,1.57
55.0,4.0,1.0,2.5,4.5,0.4,,0.4,52,86.5,20.33,0.27,1.73,0.391,9.2,16.17,0.311,1.57
55.0,3.0,1.0,1.5,3.0,0.8,,0.4,64,82.8,24.97,0.36,1.76,0.39,7.84,19.85,0.31,1.59
55.0,3.0,1.0,2.5,3.0,0.8,14400,0.2,66,83.3,25.74,0.36,1.78,0.39,7.03,20.46,0.31,1.6
55.0,3.0,1.0,2.5,4.5,0.8,14400,0.2,66,83.3,25.72,0.36,1.78,0.39,7.03,20.44,0.31,1.6
55.0,3.0,1.0,1.5,4.5,0.8,,0.4,63,82.5,24.49,0.37,1.74,0.389,8.0,19.45,0.309,1.57
55.0,4.0,0.7,2.5,3.0,0.8,,0.4,51,86.3,19.82,0.28,1.76,0.389,9.02,15.74,0.309,1.59
40.0,5.0,0.7,2.5,3.0,0.4,,0.4,71,88.7,27.52,0.23,1.83,0.388,7.33,21.84,0.308,1.65
50.0,5.0,0.7,2.5,3.0,0.8,14400,0.2,83,92.8,32.18,0.19,2.41,0.388,8.71,25.54,0.308,2.1
50.0,5.0,1.5,2.5,3.0,0.4,,0.4,60,88.3,23.28,0.22,1.67,0.388,14.13,18.48,0.308,1.52
50.0,5.0,1.5,2.5,4.5,0.4,,0.4,60,88.3,23.28,0.22,1.67,0.388,14.13,18.48,0.308,1.52
50.0,3.0,0.7,2.5,3.0,0.8,,0.4,76,81.6,29.43,0.4,1.78,0.387,8.07,23.35,0.307,1.6
50.0,4.0,1.5,2.5,3.0,0.8,,0.4,66,84.8,25.54,0.29,1.64,0.387,15.15,20.26,0.307,1.5
50.0,5.0,0.7,2.5,4.5,0.8,14400,0.2,83,92.8,32.16,0.19,2.41,0.387,8.71,25.52,0.307,2.1
50.0,5.0,1.0,2.5,3.0,0.8,14400,0.4,59,89.8,22.83,0.2,1.76,0.387,14.26,18.11,0.307,1.59
50.0,5.0,1.0,2.5,4.5,0.8,14400,0.4,59,89.8,22.8,0.2,1.76,0.386,14.26,18.08,0.307,1.59
55.0,5.0,1.0,2.5,3.0,0.4,1200,0.2,55,83.6,21.28,0.4,2.05,0.387,9.08,16.88,0.307,1.8
55.0,5.0,1.0,2.5,4.5,0.4,1200,0.2,55,83.6,21.28,0.4,2.05,0.387,9.08,16.88,0.307,1.8
40.0,5.0,1.0,1.5,4.5,0.4,,0.4,71,88.7,27.43,0.21,1.69,0.386,8.78,21.75,0.306,1.54
55.0,3.0,1.0,1.5,4.5,0.6,,0.4,65,83.1,25.08,0.36,1.76,0.386,7.72,19.88,0.306,1.59
55.0,3.0,1.0,1.5,3.0,0.6,,0.4,65,83.1,25.0,0.36,1.76,0.385,7.61,19.8,0.305,1.58
55.0,3.0,1.5,2.5,3.0,0.6,7200,0.4,71,80.3,27.33,0.47,1.9,0.385,8.0,21.64,0.305,1.68
55.0,3.0,1.5,2.5,4.5,0.6,7200,0.4,71,80.3,27.33,0.47,1.9,0.385,8.0,21.64,0.305,1.68
40.0,5.0,1.0,2.5,3.0,0.6,,0.4,80,88.8,30.72,0.21,1.68,0.384,9.01,24.32,0.304,1.53
50.0,3.0,1.0,1.5,3.0,0.8,,0.4,76,81.6,29.18,0.38,1.69,0.384,9.47,23.1,0.304,1.54
50.0,5.0,1.0,2.5,3.0,0.6,14400,0.4,59,89.8,22.68,0.2,1.76,0.384,14.2,17.96,0.304,1.59
50.0,5.0,1.0,2.5,4.5,0.6,14400,0.4,59,89.8,22.65,0.2,1.76,0.384,14.2,17.93,0.304,1.59
40.0,5.0,1.5,2.5,4.5,0.8,14400,0.8,87,78.2,33.32,0.53,1.89,0.383,8.93,26.36,0.303,1.67
55.0,3.0,1.0,2.5,3.0,0.4,14400,0.2,66,83.3,25.28,0.35,1.77,0.383,6.85,20.0,0.303,1.59
55.0,3.0,1.0,2.5,4.5,0.4,14400,0.2,66,83.3,25.28,0.35,1.77,0.383,6.85,20.0,0.303,1.59
55.0,4.0,1.0,2.5,3.0,0.8,14400,0.4,55,85.5,21.09,0.3,1.75,0.383,9.24,16.69,0.303,1.58
55.0,4.0,1.0,2.5,4.5,0.8,14400,0.4,55,85.5,21.06,0.3,1.75,0.383,9.24,16.67,0.303,1.58
55.0,5.0,1.0,2.5,3.0,0.8,1200,0.2,55,83.6,21.06,0.4,2.04,0.383,9.09,16.66,0.303,1.79
55.0,5.0,1.0,2.5,4.5,0.8,1200,0.2,55,83.6,21.06,0.4,2.04,0.383,9.09,16.66,0.303,1.79
40.0,5.0,1.0,1.5,3.0,0.4,,0.4,71,88.7,27.13,0.21,1.68,0.382,8.78,21.45,0.302,1.53
40.0,5.0,1.5,2.5,3.0,0.4,3600,0.2,70,87.1,26.72,0.25,1.67,0.382,8.62,21.12,0.302,1.52
40.0,5.0,1.5,2.5,4.5,0.4,3600,0.2,70,87.1,26.72,0.25,1.67,0.382,8.62,21.12,0.302,1.52
50.0,3.0,0.7,2.5,3.0,0.6,,0.4,88,83.0,33.63,0.38,1.83,0.382,7.72,26.59,0.302,1.64
55.0,4.0,1.5,2.5,3.0,0.4,3600,0.2,54,83.3,20.61,0.35,1.73,0.382,9.18,16.29,0.302,1.56
55.0,4.0,1.5,2.5,4.5,0.4,3600,0.2,54,83.3,20.61,0.35,1.73,0.382,9.18,16.29,0.302,1.56
55.0,5.0,1.0,2.5,3.0,0.6,1200,0.2,55,83.6,21.0,0.4,2.04,0.382,9.2,16.6,0.302,1.79
55.0,5.0,1.0,2.5,4.5,0.6,1200,0.2,55,83.6,21.0,0.4,2.04,0.382,9.2,16.6,0.302,1.79
50.0,5.0,0.7,1.5,3.0,0.8,14400,0.2,83,92.8,31.63,0.19,2.39,0.381,8.71,24.99,0.301,2.07
50.0,5.0,0.7,1.5,4.5,0.8,14400,0.2,83,92.8,31.61,0.19,2.38,0.381,8.71,24.97,0.301,2.07
50.0,5.0,0.7,2.5,3.0,0.4,14400,0.2,83,92.8,31.64,0.19,2.39,0.381,8.54,25.0,0.301,2.07
50.0,5.0,0.7,2.5,3.0,0.6,14400,0.2,83,92.8,31.6,0.19,2.38,0.381,8.66,24.96,0.301,2.07
50.0,5.0,0.7,2.5,4.5,0.4,14400,0.2,83,92.8,31.64,0.19,2.39,0.381,8.54,25.0,0.301,2.07
55.0,5.0,1.0,1.5,3.0,0.4,1200,0.2,55,83.6,20.95,0.4,2.03,0.381,9.08,16.55,0.301,1.78
55.0,5.0,1.0,1.5,4.5,0.4,1200,0.2,55,83.6,20.95,0.4,2.03,0.381,9.08,16.55,0.301,1.78
50.0,5.0,0.7,2.5,4.5,0.6,14400,0.2,83,92.8,31.58,0.19,2.38,0.38,8.66,24.94,0.3,2.07
55.0,3.0,1.0,2.5,3.0,0.6,14400,0.2,66,83.3,25.09,0.35,1.76,0.38,6.97,19.81,0.3,1.58
55.0,3.0,1.0,2.5,4.5,0.6,14400,0.2,66,83.3,25.07,0.35,1.76,0.38,6.97,19.79,0.3,1.58
50.0,5.0,1.0,1.5,3.0,0.6,14400,0.4,59,89.8,22.35,0.2,1.74,0.379,14.2,17.63,0.299,1.58
50.0,5.0,1.0,1.5,3.0,0.8,14400,0.4,59,89.8,22.34,0.2,1.74,0.379,14.26,17.62,0.299,1.58
55.0,4.0,1.0,2.5,3.0,0.4,14400,0.2,52,86.5,19.7,0.26,1.7,0.379,9.07,15.54,0.299,1.54
55.0,4.0,1.0,2.5,4.5,0.4,14400,0.2,52,86.5,19.7,0.26,1.7,0.379,9.07,15.54,0.299,1.54
45.0,3.0,1.5,2.5,3.0,0.6,,0.4,106,82.1,40.03,0.37,1.7,0.378,8.25,31.55,0.298,1.54
50.0,5.0,1.0,1.5,4.5,0.6,14400,0.4,59,89.8,22.32,0.2,1.74,0.378,14.2,17.61,0.298,1.58
50.0,5.0,1.0,1.5,4.5,0.8,14400,0.4,59,89.8,22.32,0.2,1.74,0.378,14.26,17.6,0.298,1.58
50.0,5.0,0.7,1.5,3.0,0.6,14400,0.2,83,92.8,31.27,0.18,2.37,0.377,8.66,24.63,0.297,2.06
50.0,5.0,0.7,1.5,4.5,0.6,14400,0.2,83,92.8,31.25,0.18,2.37,0.377,8.66,24.61,0.297,2.06
55.0,4.0,1.0,1.5,3.0,0.4,,0.4,52,86.5,19.61,0.26,1.7,0.377,9.07,15.45,0.297,1.54
55.0,4.0,1.0,1.5,3.0,0.6,,0.4,52,86.5,19.59,0.26,1.7,0.377,8.84,15.43,0.297,1.54
55.0,4.0,1.0,1.5,4.5,0.4,,0.4,52,86.5,19.61,0.26,1.7,0.377,9.07,15.45,0.297,1.54
55.0,4.0,1.0,2.5,3.0,0.4,7200,0.2,53,84.9,20.0,0.3,1.71,0.377,9.07,15.76,0.297,1.55
55.0,4.0,1.0,2.5,3.0,0.6,14400,0.2,52,86.5,19.6,0.26,1.7,0.377,9.19,15.44,0.297,1.54
55.0,4.0,1.0,2.5,4.5,0.4,7200,0.2,53,84.9,20.0,0.3,1.71,0.377,9.07,15.76,0.297,1.55
55.0,4.0,1.0,2.5,4.5,0.6,14400,0.2,52,86.5,19.58,0.26,1.7,0.377,9.19,15.42,0.297,1.54
55.0,5.0,1.0,1.5,3.0,0.8,1200,0.2,55,83.6,20.73,0.4,2.02,0.377,9.09,16.33,0.297,1.77
55.0,5.0,1.0,1.5,4.5,0.8,1200,0.2,55,83.6,20.73,0.4,2.02,0.377,9.09,16.33,0.297,1.77
40.0,5.0,0.7,1.5,4.5,0.4,,0.4,71,88.7,26.71,0.23,1.81,0.376,7.4,21.03,0.296,1.62
40.0,5.0,0.7,1.5,4.5,0.6,,0.4,80,88.8,30.1,0.23,1.84,0.376,7.22,23.69,0.296,1.65
40.0,5.0,1.5,2.5,3.0,0.4,2400,0.2,75,88.0,28.18,0.23,1.7,0.376,8.62,22.18,0.296,1.54
40.0,5.0,1.5,2.5,4.5,0.4,2400,0.2,75,88.0,28.18,0.23,1.7,0.376,8.62,22.18,0.296,1.54
45.0,5.0,1.5,2.5,4.5,0.8,,0.4,63,87.3,23.67,0.23,1.59,0.376,17.94,18.63,0.296,1.46
50.0,5.0,0.7,1.5,3.0,0.4,14400,0.2,83,92.8,31.2,0.18,2.37,0.376,8.54,24.56,0.296,2.05
50.0,5.0,0.7,1.5,4.5,0.4,14400,0.2,83,92.8,31.2,0.18,2.37,0.376,8.54,24.56,0.296,2.05
55.0,4.0,1.0,1.5,4.5,0.6,,0.4,52,86.5,19.57,0.26,1.7,0.376,8.95,15.41,0.296,1.54
55.0,5.0,1.0,1.5,3.0,0.6,1200,0.2,55,83.6,20.67,0.4,2.02,0.376,9.2,16.27,0.296,1.77
55.0,5.0,1.0,1.5,4.5,0.6,1200,0.2,55,83.6,20.67,0.4,2.02,0.376,9.2,16.27,0.296,1.77
40.0,4.0,1.5,2.5,4.5,0.8,14400,0.2,92,87.0,34.5,0.26,1.72,0.375,11.0,27.14,0.295,1.55
40.0,4.0,1.5,2.5,3.0,0.8,14400,0.2,92,87.0,34.42,0.26,1.72,0.374,11.0,27.06,0.294,1.55
40.0,5.0,0.7,2.5,3.0,0.8,,0.4,75,88.0,28.02,0.25,1.83,0.374,8.91,22.02,0.294,1.64
55.0,3.0,1.0,2.5,3.0,0.4,7200,0.2,66,83.3,24.69,0.35,1.75,0.374,7.15,19.41,0.294,1.57
55.0,3.0,1.0,2.5,4.5,0.4,7200,0.2,66,83.3,24.69,0.35,1.75,0.374,7.15,19.41,0.294,1.57
40.0,5.0,1.5,2.5,3.0,0.8,14400,0.8,87,78.2,32.46,0.52,1.87,0.373,8.93,25.5,0.293,1.65
50.0,4.0,0.7,2.5,4.5,0.8,,0.4,65,84.6,24.27,0.32,1.75,0.373,13.05,19.07,0.293,1.57
55.0,3.0,1.0,1.5,3.0,0.4,14400,0.2,66,83.3,24.62,0.35,1.75,0.373,6.78,19.34,0.293,1.57
55.0,3.0,1.0,1.5,3.0,0.8,14400,0.2,66,83.3,24.64,0.35,1.75,0.373,6.96,19.36,0.293,1.57
55.0,3.0,1.0,1.5,4.5,0.4,14400,0.2,66,83.3,24.62,0.35,1.75,0.373,6.78,19.34,0.293,1.57
55.0,3.0,1.0,1.5,4.5,0.8,14400,0.2,66,83.3,24.62,0.35,1.75,0.373,6.96,19.34,0.293,1.57
55.0,4.0,1.0,2.5,3.0,0.8,7200,0.2,53,84.9,19.75,0.3,1.7,0.373,9.24,15.51,0.293,1.54
55.0,4.0,1.0,2.5,4.5,0.8,7200,0.2,53,84.9,19.75,0.3,1.7,0.373,9.24,15.51,0.293,1.54
40.0,5.0,0.7,1.5,3.0,0.4,,0.4,71,88.7,26.41,0.23,1.8,0.372,7.4,20.73,0.292,1.61
40.0,5.0,0.7,1.5,3.0,0.6,,0.4,80,88.8,29.75,0.23,1.83,0.372,7.22,23.35,0.292,1.64
55.0,4.0,1.5,2.5,3.0,0.8,3600,0.4,69,73.9,25.69,0.78,2.21,0.372,6.01,20.17,0.292,1.88
50.0,3.0,0.7,2.5,4.5,0.8,,0.4,75,81.3,27.8,0.4,1.74,0.371,8.23,21.8,0.291,1.56
50.0,3.0,1.5,2.5,3.0,0.6,14400,0.4,88,80.7,32.66,0.41,1.72,0.371,9.58,25.62,0.291,1.55
50.0,3.0,1.5,2.5,4.5,0.6,14400,0.4,88,80.7,32.63,0.41,1.72,0.371,9.58,25.59,0.291,1.55
55.0,3.0,1.0,2.5,3.0,0.8,7200,0.2,66,83.3,24.47,0.35,1.74,0.371,7.33,19.19,0.291,1.57
55.0,3.0,1.0,2.5,4.5,0.8,7200,0.2,66,83.3,24.47,0.35,1.74,0.371,7.33,19.19,0.291,1.57
40.0,4.0,1.0,1.5,4.5,0.8,,0.4,87,86.2,32.16,0.27,1.67,0.37,10.2,25.2,0.29,1.51
40.0,5.0,0.7,1.5,4.5,0.8,,0.4,74,87.8,27.39,0.25,1.82,0.37,9.24,21.47,0.29,1.63
40.0,5.0,1.5,2.5,3.0,0.8,3600,0.2,71,87.3,26.28,0.24,1.65,0.37,8.62,20.6,0.29,1.5
40.0,5.0,1.5,2.5,4.5,0.8,3600,0.2,71,87.3,26.28,0.24,1.65,0.37,8.62,20.6,0.29,1.5
55.0,4.0,1.0,2.5,3.0,0.6,7200,0.2,53,84.9,19.59,0.3,1.7,0.37,9.19,15.35,0.29,1.54
55.0,4.0,1.0,2.5,4.5,0.6,7200,0.2,53,84.9,19.59,0.3,1.7,0.37,9.19,15.35,0.29,1.54
40.0,5.0,1.0,1.5,4.5,0.6,,0.4,80,88.8,29.5,0.21,1.66,0.369,8.83,23.09,0.289,1.51
50.0,5.0,1.5,2.5,3.0,0.8,3600,0.2,59,88.1,21.75,0.22,1.62,0.369,14.43,17.03,0.289,1.48
55.0,4.0,1.0,1.5,3.0,0.8,14400,0.2,52,86.5,19.17,0.26,1.68,0.369,9.24,15.01,0.289,1.53
55.0,4.0,1.5,2.5,4.5,0.8,3600,0.4,69,73.9,25.44,0.77,2.19,0.369,6.01,19.92,0.289,1.87
50.0,3.0,1.0,1.5,4.5,0.8,,0.4,75,81.3,27.6,0.38,1.66,0.368,9.63,21.6,0.288,1.5
50.0,5.0,1.5,2.5,4.5,0.8,3600,0.2,59,88.1,21.7,0.22,1.62,0.368,14.43,16.98,0.288,1.48
55.0,3.0,1.0,2.5,3.0,0.6,7200,0.2,66,83.3,24.32,0.35,1.74,0.368,7.27,19.04,0.288,1.56
55.0,3.0,1.0,2.5,4.5,0.6,7200,0.2,66,83.3,24.32,0.35,1.74,0.368,7.27,19.04,0.288,1.56
55.0,4.0,1.0,1.5,4.5,0.8,14400,0.2,52,86.5,19.15,0.26,1.68,0.368,9.24,14.99,0.288,1.52
55.0,4.0,1.0,2.5,3.0,0.4,14400,0.4,55,85.5,20.22,0.29,1.72,0.368,9.07,15.82,0.288,1.55
55.0,4.0,1.0,2.5,4.5,0.4,14400,0.4,55,85.5,20.22,0.29,1.72,0.368,9.07,15.82,0.288,1.55
40.0,5.0,1.0,2.5,3.0,0.6,14400,0.2,69,88.4,25.36,0.21,1.63,0.368,10.0,19.84,0.287,1.49
40.0,5.0,1.0,2.5,3.0,0.6,14400,0.4,69,88.4,25.36,0.21,1.63,0.368,10.0,19.84,0.287,1.49
55.0,3.0,1.0,1.5,3.0,0.6,14400,0.2,66,83.3,24.2,0.35,1.73,0.367,6.9,18.92,0.287,1.56
55.0,4.0,1.0,1.5,3.0,0.4,7200,0.2,53,84.9,19.44,0.3,1.69,0.367,9.07,15.21,0.287,1.53
55.0,4.0,1.0,1.5,4.5,0.4,7200,0.2,53,84.9,19.44,0.3,1.69,0.367,9.07,15.21,0.287,1.53
55.0,4.0,1.0,2.5,3.0,0.6,14400,0.4,55,85.5,20.19,0.29,1.72,0.367,9.19,15.79,0.287,1.55
55.0,4.0,1.0,2.5,4.5,0.6,14400,0.4,55,85.5,20.17,0.29,1.72,0.367,9.19,15.77,0.287,1.55
40.0,5.0,1.0,2.5,4.5,0.6,14400,0.2,69,88.4,25.28,0.21,1.63,0.366,10.0,19.76,0.286,1.49
40.0,5.0,1.0,2.5,4.5,0.6,14400,0.4,69,88.4,25.28,0.21,1.63,0.366,10.0,19.76,0.286,1.49
50.0,3.0,0.7,2.5,4.5,0.6,,0.4,87,82.8,31.88,0.37,1.79,0.366,7.83,24.92,0.286,1.6
50.0,3.0,1.5,2.5,3.0,0.8,7200,0.2,86,81.4,31.48,0.38,1.66,0.366,9.87,24.6,0.286,1.5
50.0,4.0,0.7,2.5,3.0,0.8,,0.4,66,84.8,24.16,0.31,1.74,0.366,13.05,18.88,0.286,1.57
50.0,5.0,0.7,2.5,3.0,0.4,,0.4,60,88.3,21.95,0.24,1.78,0.366,11.92,17.15,0.286,1.6
50.0,5.0,0.7,2.5,4.5,0.4,,0.4,60,88.3,21.95,0.24,1.78,0.366,11.92,17.15,0.286,1.6
55.0,3.0,1.0,1.5,3.0,0.4,7200,0.2,66,83.3,24.18,0.35,1.73,0.366,7.15,18.9,0.286,1.56
55.0,3.0,1.0,1.5,4.5,0.4,7200,0.2,66,83.3,24.18,0.35,1.73,0.366,7.15,18.9,0.286,1.56
55.0,3.0,1.0,1.5,4.5,0.6,14400,0.2,66,83.3,24.17,0.35,1.73,0.366,6.9,18.89,0.286,1.56
45.0,3.0,1.5,2.5,4.5,0.6,,0.4,105,81.9,38.35,0.37,1.67,0.365,8.25,29.94,0.285,1.51
50.0,3.0,1.5,2.5,4.5,0.8,7200,0.2,86,81.4,31.43,0.38,1.65,0.365,9.87,24.55,0.285,1.5
55.0,4.0,1.5,2.5,3.0,0.6,7200,0.8,87,75.9,31.79,1.05,3.31,0.365,4.85,24.83,0.285,2.58
55.0,4.0,1.5,2.5,4.5,0.6,7200,0.8,87,75.9,31.79,1.05,3.31,0.365,4.85,24.83,0.285,2.58
40.0,5.0,1.0,1.5,3.0,0.6,,0.4,80,88.8,29.15,0.21,1.65,0.364,8.83,22.75,0.284,1.5
45.0,3.0,0.7,2.5,3.0,0.8,,0.4,95,82.1,34.59,0.39,1.77,0.364,6.13,26.99,0.284,1.58
45.0,3.0,0.7,2.5,4.5,0.8,,0.4,93,81.7,33.82,0.39,1.75,0.364,6.29,26.38,0.284,1.57
50.0,5.0,1.5,2.5,3.0,0.8,3600,0.4,77,77.9,28.02,0.58,2.06,0.364,5.2,21.86,0.284,1.78
55.0,4.0,1.0,1.5,3.0,0.4,14400,0.2,52,86.5,18.95,0.26,1.68,0.364,9.07,14.79,0.284,1.52
55.0,4.0,1.0,1.5,4.5,0.4,14400,0.2,52,86.5,18.95,0.26,1.68,0.364,9.07,14.79,0.284,1.52
55.0,4.0,1.5,2.5,3.0,0.6,3600,0.2,54,83.3,19.65,0.34,1.7,0.364,9.58,15.33,0.284,1.53
55.0,4.0,1.5,2.5,4.5,0.6,3600,0.2,54,83.3,19.65,0.34,1.7,0.364,9.58,15.33,0.284,1.53
50.0,5.0,1.5,2.5,3.0,0.8,14400,0.8,74,83.8,26.79,0.36,1.87,0.362,14.47,20.87,0.282,1.65
55.0,3.0,1.0,2.5,3.0,0.4,3600,0.2,67,82.1,24.26,0.38,1.73,0.362,7.15,18.9,0.282,1.56
55.0,3.0,1.0,2.5,4.5,0.4,3600,0.2,67,82.1,24.26,0.38,1.73,0.362,7.15,18.9,0.282,1.56
55.0,3.0,1.5,2.5,3.0,0.8,2400,0.2,70,82.9,25.34,0.37,1.77,0.362,6.89,19.74,0.282,1.58
55.0,4.0,1.5,2.5,3.0,0.4,7200,0.8,87,75.9,31.48,1.05,3.28,0.362,4.85,24.52,0.282,2.56
55.0,4.0,1.5,2.5,4.5,0.4,7200,0.8,87,75.9,31.48,1.05,3.28,0.362,4.85,24.52,0.282,2.56
40.0,5.0,1.5,2.5,4.5,0.8,,0.4,74,87.8,26.68,0.22,1.59,0.361,10.96,20.76,0.281,1.45
45.0,3.0,1.0,1.5,4.5,0.8,,0.4,93,81.7,33.59,0.37,1.66,0.361,7.29,26.15,0.281,1.5
50.0,5.0,1.5,2.5,4.5,0.8,3600,0.4,77,77.9,27.78,0.58,2.05,0.361,5.2,21.62,0.281,1.77
50.0,5.0,1.5,2.5,4.5,0.8,14400,0.8,74,83.8,26.71,0.36,1.87,0.361,14.47,20.79,0.281,1.65
55.0,3.0,1.0,1.5,3.0,0.8,7200,0.2,66,83.3,23.86,0.34,1.72,0.362,7.33,18.58,0.281,1.55
55.0,3.0,1.0,1.5,4.5,0.8,7200,0.2,66,83.3,23.86,0.34,1.72,0.362,7.33,18.58,0.281,1.55
55.0,3.0,1.5,2.5,4.5,0.8,2400,0.2,70,82.9,25.29,0.37,1.77,0.361,6.89,19.69,0.281,1.58
45.0,3.0,1.0,1.5,3.0,0.8,,0.4,95,82.1,34.17,0.36,1.67,0.36,7.13,26.57,0.28,1.51
50.0,5.0,1.5,2.5,3.0,0.8,7200,0.8,102,74.5,36.74,0.85,2.49,0.36,5.0,28.58,0.28,2.06
50.0,5.0,1.5,2.5,4.5,0.8,7200,0.8,102,74.5,36.68,0.85,2.49,0.36,5.0,28.52,0.28,2.06
55.0,3.0,1.5,2.5,3.0,0.4,2400,0.2,71,83.1,25.56,0.36,1.77,0.36,6.2,19.88,0.28,1.58
55.0,3.0,1.5,2.5,4.5,0.4,2400,0.2,71,83.1,25.56,0.36,1.77,0.36,6.2,19.88,0.28,1.58
55.0,4.0,1.0,1.5,3.0,0.8,7200,0.2,53,84.9,19.09,0.3,1.68,0.36,9.24,14.85,0.28,1.52
55.0,4.0,1.0,1.5,4.5,0.8,7200,0.2,53,84.9,19.09,0.3,1.68,0.36,9.24,14.85,0.28,1.52
45.0,4.0,0.7,2.5,4.5,0.8,,0.4,71,84.5,25.47,0.32,1.74,0.359,12.2,19.79,0.279,1.56
45.0,5.0,1.5,2.5,3.0,0.8,,0.4,64,87.5,22.97,0.22,1.57,0.359,17.94,17.85,0.279,1.44
50.0,4.0,1.0,2.5,4.5,0.8,,0.4,65,84.6,23.35,0.29,1.58,0.359,14.69,18.15,0.279,1.44
55.0,4.0,1.0,1.5,3.0,0.8,14400,0.4,55,85.5,19.73,0.29,1.7,0.359,9.24,15.33,0.279,1.53
45.0,3.0,1.5,2.5,3.0,0.8,7200,0.2,103,82.5,36.84,0.36,1.68,0.358,7.81,28.6,0.278,1.52
45.0,3.0,1.5,2.5,4.5,0.8,7200,0.2,103,82.5,36.84,0.36,1.68,0.358,7.81,28.6,0.278,1.52
50.0,3.0,1.5,2.5,3.0,0.4,7200,0.2,85,81.2,30.4,0.38,1.63,0.358,9.18,23.6,0.278,1.48
50.0,3.0,1.5,2.5,4.5,0.4,7200,0.2,85,81.2,30.4,0.38,1.63,0.358,9.18,23.6,0.278,1.48
50.0,5.0,0.7,1.5,3.0,0.4,,0.4,60,88.3,21.5,0.23,1.76,0.358,11.92,16.7,0.278,1.58
50.0,5.0,0.7,1.5,4.5,0.4,,0.4,60,88.3,21.5,0.23,1.76,0.358,11.92,16.7,0.278,1.58
50.0,5.0,1.0,2.5,3.0,0.4,,0.4,60,88.3,21.47,0.21,1.61,0.358,14.08,16.67,0.278,1.47
50.0,5.0,1.0,2.5,4.5,0.4,,0.4,60,88.3,21.47,0.21,1.61,0.358,14.08,16.67,0.278,1.47
55.0,3.0,1.0,1.5,3.0,0.4,3600,0.2,67,82.1,23.97,0.38,1.72,0.358,7.15,18.61,0.278,1.55
55.0,3.0,1.0,1.5,3.0,0.6,7200,0.2,66,83.3,23.66,0.34,1.72,0.358,7.27,18.38,0.278,1.54
55.0,3.0,1.0,1.5,4.5,0.4,3600,0.2,67,82.1,23.97,0.38,1.72,0.358,7.15,18.61,0.278,1.55
55.0,3.0,1.0,1.5,4.5,0.6,7200,0.2,66,83.3,23.66,0.34,1.72,0.358,7.27,18.38,0.278,1.54
55.0,3.0,1.0,2.5,3.0,0.6,3600,0.2,67,82.1,23.99,0.38,1.73,0.358,7.27,18.63,0.278,1.55
55.0,3.0,1.0,2.5,3.0,0.8,3600,0.2,67,82.1,23.97,0.38,1.72,0.358,7.24,18.61,0.278,1.55
55.0,3.0,1.0,2.5,4.5,0.6,3600,0.2,67,82.1,23.99,0.38,1.73,0.358,7.27,18.63,0.278,1.55
55.0,3.0,1.0,2.5,4.5,0.8,3600,0.2,67,82.1,23.97,0.38,1.72,0.358,7.24,18.61,0.278,1.55
55.0,4.0,1.0,1.5,4.5,0.8,14400,0.4,55,85.5,19.71,0.29,1.7,0.358,9.24,15.31,0.278,1.53
55.0,4.0,1.0,2.5,3.0,0.4,7200,0.4,60,83.3,21.51,0.38,1.88,0.359,9.18,16.71,0.278,1.66
55.0,4.0,1.0,2.5,4.5,0.4,7200,0.4,60,83.3,21.51,0.38,1.88,0.359,9.18,16.71,0.278,1.66
40.0,5.0,1.5,2.5,3.0,0.6,14400,0.8,92,81.5,32.85,0.41,1.79,0.357,8.81,25.49,0.277,1.59
50.0,3.0,1.5,2.5,3.0,0.4,2400,0.2,91,80.2,32.49,0.41,1.67,0.357,9.18,25.21,0.277,1.51
50.0,3.0,1.5,2.5,4.5,0.4,2400,0.2,91,80.2,32.49,0.41,1.67,0.357,9.18,25.21,0.277,1.51
55.0,4.0,1.0,1.5,3.0,0.6,14400,0.2,52,86.5,18.56,0.26,1.66,0.357,9.19,14.39,0.277,1.5
40.0,5.0,1.0,2.5,4.5,0.8,14400,0.2,69,88.4,24.59,0.21,1.61,0.356,10.0,19.07,0.276,1.47
40.0,5.0,1.0,2.5,4.5,0.8,14400,0.4,69,88.4,24.59,0.21,1.61,0.356,10.0,19.07,0.276,1.47
40.0,5.0,1.5,2.5,3.0,0.6,3600,0.2,81,86.4,28.85,0.26,1.64,0.356,8.62,22.37,0.276,1.49
40.0,5.0,1.5,2.5,4.5,0.6,3600,0.2,81,86.4,28.85,0.26,1.64,0.356,8.62,22.37,0.276,1.49
40.0,5.0,1.5,2.5,4.5,0.6,14400,0.8,92,81.5,32.77,0.41,1.79,0.356,8.81,25.41,0.276,1.59
50.0,3.0,0.7,1.5,3.0,0.6,,0.4,88,83.0,31.36,0.36,1.77,0.356,8.32,24.32,0.276,1.58
55.0,4.0,1.0,1.5,3.0,0.6,7200,0.2,53,84.9,18.89,0.3,1.67,0.356,9.19,14.65,0.276,1.51
55.0,4.0,1.0,1.5,4.5,0.6,7200,0.2,53,84.9,18.89,0.3,1.67,0.356,9.19,14.65,0.276,1.51
55.0,4.0,1.0,1.5,4.5,0.6,14400,0.2,52,86.5,18.53,0.26,1.66,0.356,9.19,14.37,0.276,1.5
55.0,5.0,1.5,2.5,3.0,0.6,7200,0.8,84,77.4,29.88,0.86,2.95,0.356,5.96,23.16,0.276,2.35
55.0,5.0,1.5,2.5,4.5,0.6,7200,0.8,84,77.4,29.88,0.86,2.95,0.356,5.96,23.16,0.276,2.35
45.0,4.0,1.5,2.5,4.5,0.8,,0.4,71,84.5,25.22,0.29,1.57,0.355,13.94,19.54,0.275,1.44
55.0,4.0,1.0,2.5,3.0,0.4,7200,0.8,85,76.5,30.14,0.98,3.2,0.355,4.85,23.34,0.275,2.5
55.0,4.0,1.0,2.5,4.5,0.4,7200,0.8,85,76.5,30.14,0.98,3.2,0.355,4.85,23.34,0.275,2.5
50.0,4.0,1.0,2.5,3.0,0.8,,0.4,66,84.8,23.36,0.28,1.58,0.354,14.69,18.08,0.274,1.44
55.0,3.0,1.0,1.5,3.0,0.6,3600,0.2,67,82.1,23.7,0.37,1.72,0.354,7.27,18.34,0.274,1.54
55.0,3.0,1.0,1.5,4.5,0.6,3600,0.2,67,82.1,23.7,0.37,1.72,0.354,7.27,18.34,0.274,1.54
55.0,4.0,1.0,1.5,3.0,0.4,14400,0.4,55,85.5,19.45,0.29,1.69,0.354,9.07,15.05,0.274,1.52
55.0,4.0,1.0,1.5,4.5,0.4,14400,0.4,55,85.5,19.45,0.29,1.69,0.354,9.07,15.05,0.274,1.52
55.0,4.0,1.0,2.5,3.0,0.8,7200,0.4,60,83.3,21.26,0.37,1.87,0.354,9.35,16.46,0.274,1.65
55.0,4.0,1.0,2.5,3.0,0.8,7200,0.8,85,76.5,30.09,0.98,3.2,0.354,4.85,23.3,0.274,2.5
55.0,4.0,1.0,2.5,4.5,0.8,7200,0.4,60,83.3,21.26,0.37,1.87,0.354,9.35,16.46,0.274,1.65
55.0,4.0,1.0,2.5,4.5,0.8,7200,0.8,85,76.5,30.09,0.98,3.2,0.354,4.85,23.3,0.274,2.5
45.0,3.0,1.0,2.5,3.0,0.6,,0.4,106,82.1,37.44,0.36,1.66,0.353,8.15,28.96,0.273,1.49
50.0,3.0,1.5,2.5,3.0,0.6,7200,0.2,86,81.4,30.39,0.37,1.63,0.353,9.58,23.51,0.273,1.48
50.0,3.0,1.5,2.5,4.5,0.6,7200,0.2,86,81.4,30.39,0.37,1.63,0.353,9.58,23.51,0.273,1.48
50.0,5.0,1.5,2.5,3.0,0.4,7200,0.2,57,87.7,20.14,0.22,1.58,0.353,14.13,15.57,0.273,1.44
50.0,5.0,1.5,2.5,4.5,0.4,7200,0.2,57,87.7,20.14,0.22,1.58,0.353,14.13,15.57,0.273,1.44
55.0,3.0,1.0,1.5,3.0,0.8,3600,0.2,67,82.1,23.68,0.37,1.72,0.353,7.24,18.32,0.273,1.54
55.0,3.0,1.0,1.5,4.5,0.8,3600,0.2,67,82.1,23.68,0.37,1.72,0.353,7.24,18.32,0.273,1.54
55.0,4.0,1.0,2.5,3.0,0.6,7200,0.4,60,83.3,21.1,0.37,1.86,0.352,9.3,16.3,0.272,1.64
55.0,4.0,1.0,2.5,4.5,0.6,7200,0.4,60,83.3,21.1,0.37,1.86,0.352,9.3,16.3,0.272,1.64
55.0,4.0,1.5,2.5,3.0,0.8,14400,0.8,68,73.5,23.96,0.69,1.91,0.352,7.4,18.52,0.272,1.67
40.0,5.0,1.0,2.5,3.0,0.8,14400,0.2,69,88.4,24.24,0.21,1.61,0.351,10.0,18.72,0.271,1.46
40.0,5.0,1.0,2.5,3.0,0.8,14400,0.4,69,88.4,24.24,0.21,1.61,0.351,10.0,18.72,0.271,1.46
40.0,5.0,1.0,2.5,4.5,0.8,,0.4,74,87.8,25.96,0.22,1.58,0.351,10.89,20.04,0.271,1.44
50.0,3.0,1.0,2.5,4.5,0.4,,0.4,88,81.8,30.9,0.37,1.64,0.351,9.2,23.86,0.271,1.48
50.0,5.0,1.5,2.5,3.0,0.4,2400,0.2,63,85.7,22.09,0.27,1.63,0.351,14.13,17.05,0.271,1.47
50.0,5.0,1.5,2.5,4.5,0.4,2400,0.2,63,85.7,22.09,0.27,1.63,0.351,14.13,17.05,0.271,1.47
55.0,4.0,1.5,2.5,4.5,0.8,14400,0.8,68,73.5,23.88,0.69,1.91,0.351,7.4,18.45,0.271,1.66
40.0,5.0,0.7,1.5,3.0,0.8,,0.4,75,88.0,26.23,0.24,1.78,0.35,9.06,20.23,0.27,1.59
50.0,3.0,1.5,2.5,3.0,0.6,2400,0.2,92,80.4,32.19,0.41,1.67,0.35,9.58,24.83,0.27,1.5
50.0,3.0,1.5,2.5,4.5,0.6,2400,0.2,92,80.4,32.19,0.41,1.67,0.35,9.58,24.83,0.27,1.5
50.0,5.0,1.0,1.5,3.0,0.4,,0.4,60,88.3,21.02,0.21,1.6,0.35,14.08,16.22,0.27,1.46
50.0,5.0,1.0,1.5,4.5,0.4,,0.4,60,88.3,21.02,0.21,1.6,0.35,14.08,16.22,0.27,1.46
55.0,4.0,1.5,2.5,3.0,0.8,2400,0.2,57,84.2,19.98,0.32,1.71,0.351,9.87,15.42,0.27,1.53
55.0,4.0,1.5,2.5,4.5,0.8,2400,0.2,57,84.2,19.92,0.32,1.71,0.349,9.87,15.36,0.27,1.53
55.0,5.0,1.5,2.5,3.0,0.4,7200,0.8,84,77.4,29.37,0.85,2.92,0.35,5.96,22.65,0.27,2.32
55.0,5.0,1.5,2.5,4.5,0.4,7200,0.8,84,77.4,29.37,0.85,2.92,0.35,5.96,22.65,0.27,2.32
50.0,3.0,1.0,2.5,3.0,0.4,,0.4,88,81.8,30.74,0.36,1.64,0.349,9.2,23.7,0.269,1.48
50.0,3.0,1.5,2.5,3.0,0.4,14400,0.2,85,81.2,29.64,0.38,1.62,0.349,9.18,22.84,0.269,1.46
50.0,3.0,1.5,2.5,4.5,0.4,14400,0.2,85,81.2,29.64,0.38,1.62,0.349,9.18,22.84,0.269,1.46
55.0,4.0,1.0,1.5,3.0,0.4,7200,0.4,60,83.3,20.93,0.37,1.85,0.349,9.18,16.13,0.269,1.63
55.0,4.0,1.0,1.5,3.0,0.4,7200,0.8,85,76.5,29.66,0.97,3.17,0.349,4.85,22.86,0.269,2.47
55.0,4.0,1.0,1.5,4.5,0.4,7200,0.4,60,83.3,20.93,0.37,1.85,0.349,9.18,16.13,0.269,1.63
55.0,4.0,1.0,1.5,4.5,0.4,7200,0.8,85,76.5,29.66,0.97,3.17,0.349,4.85,22.86,0.269,2.47
55.0,4.0,1.0,2.5,3.0,0.6,7200,0.8,85,76.5,29.68,0.97,3.17,0.349,4.85,22.88,0.269,2.47
55.0,4.0,1.0,2.5,4.5,0.6,7200,0.8,85,76.5,29.68,0.97,3.17,0.349,4.85,22.88,0.269,2.47
40.0,5.0,1.5,2.5,3.0,0.6,7200,0.4,88,83.0,30.66,0.34,1.67,0.348,8.62,23.62,0.268,1.5
55.0,4.0,1.0,1.5,3.0,0.6,14400,0.4,55,85.5,19.12,0.29,1.68,0.348,9.19,14.72,0.268,1.51
55.0,4.0,1.0,1.5,3.0,0.8,7200,0.8,85,76.5,29.55,0.97,3.16,0.348,4.85,22.75,0.268,2.46
55.0,4.0,1.0,1.5,4.5,0.8,7200,0.8,85,76.5,29.55,0.97,3.16,0.348,4.85,22.75,0.268,2.46
55.0,5.0,1.5,2.5,3.0,0.8,2400,0.4,79,83.5,27.49,0.54,2.72,0.348,5.2,21.17,0.268,2.22
40.0,5.0,1.5,2.5,4.5,0.6,7200,0.4,88,83.0,30.52,0.34,1.67,0.347,8.62,23.48,0.267,1.5
55.0,4.0,1.0,1.5,4.5,0.6,14400,0.4,55,85.5,19.1,0.29,1.68,0.347,9.19,14.7,0.267,1.51
50.0,3.0,1.0,1.5,4.5,0.4,,0.4,88,81.8,30.42,0.36,1.63,0.346,9.07,23.38,0.266,1.47
50.0,3.0,1.5,2.5,3.0,0.8,7200,0.4,93,77.4,32.19,0.5,1.7,0.346,9.79,24.75,0.266,1.52
50.0,3.0,1.5,2.5,4.5,0.8,7200,0.4,93,77.4,32.13,0.5,1.7,0.345,9.79,24.69,0.266,1.52
45.0,4.0,0.7,2.5,3.0,0.8,,0.4,72,84.7,24.85,0.31,1.72,0.345,12.2,19.09,0.265,1.54
55.0,5.0,1.5,2.5,4.5,0.8,2400,0.4,79,83.5,27.25,0.53,2.7,0.345,5.2,20.93,0.265,2.21
50.0,3.0,0.7,1.5,3.0,0.8,,0.4,76,81.6,26.18,0.38,1.7,0.344,8.59,20.1,0.264,1.52
50.0,3.0,1.0,1.5,3.0,0.4,,0.4,88,81.8,30.26,0.36,1.63,0.344,9.07,23.22,0.264,1.47
50.0,4.0,0.7,1.5,4.5,0.8,,0.4,65,84.6,22.38,0.31,1.69,0.344,13.05,17.18,0.264,1.52
50.0,4.0,1.5,2.5,3.0,0.8,14400,0.2,66,84.8,22.7,0.28,1.57,0.344,15.15,17.42,0.264,1.43
55.0,3.0,1.5,2.5,3.0,0.6,2400,0.2,71,83.1,24.43,0.35,1.74,0.344,6.6,18.75,0.264,1.55
55.0,3.0,1.5,2.5,4.5,0.6,2400,0.2,71,83.1,24.43,0.35,1.74,0.344,6.6,18.75,0.264,1.55
45.0,3.0,1.0,2.5,4.5,0.6,,0.4,105,81.9,36.02,0.36,1.63,0.343,8.15,27.62,0.263,1.47
45.0,5.0,0.7,2.5,4.5,0.8,,0.4,63,87.3,21.6,0.24,1.65,0.343,15.8,16.56,0.263,1.49
50.0,3.0,1.5,2.5,3.0,0.8,3600,0.2,86,81.4,29.48,0.37,1.61,0.343,9.87,22.6,0.263,1.46
50.0,4.0,1.5,2.5,4.5,0.8,14400,0.2,66,84.8,22.62,0.28,1.57,0.343,15.15,17.34,0.263,1.43
50.0,5.0,0.7,2.5,3.0,0.8,14400,0.4,86,91.9,29.48,0.19,2.17,0.343,8.71,22.6,0.263,1.87
50.0,5.0,0.7,2.5,4.5,0.8,14400,0.4,86,91.9,29.46,0.19,2.17,0.343,8.71,22.58,0.263,1.87
50.0,5.0,1.5,2.5,3.0,0.6,14400,0.8,75,82.7,25.74,0.38,1.83,0.343,14.38,19.74,0.263,1.62
50.0,5.0,1.5,2.5,3.0,0.8,2400,0.2,69,85.5,23.64,0.28,1.67,0.343,14.43,18.12,0.263,1.5
50.0,5.0,1.5,2.5,4.5,0.6,14400,0.8,75,82.7,25.72,0.38,1.83,0.343,14.38,19.72,0.263,1.61
55.0,4.0,1.0,1.5,3.0,0.8,7200,0.4,60,83.3,20.57,0.37,1.84,0.343,9.35,15.77,0.263,1.62
55.0,4.0,1.0,1.5,4.5,0.8,7200,0.4,60,83.3,20.57,0.37,1.84,0.343,9.35,15.77,0.263,1.62
50.0,3.0,0.7,1.5,4.5,0.6,,0.4,87,82.8,29.78,0.36,1.73,0.342,8.43,22.82,0.262,1.55
50.0,3.0,1.5,2.5,4.5,0.8,3600,0.2,86,81.4,29.43,0.37,1.61,0.342,9.87,22.55,0.262,1.46
50.0,5.0,0.7,2.5,3.0,0.4,7200,0.2,79,92.4,27.02,0.17,2.08,0.342,8.51,20.7,0.262,1.81
50.0,5.0,0.7,2.5,4.5,0.4,7200,0.2,79,92.4,27.02,0.17,2.08,0.342,8.51,20.7,0.262,1.81
50.0,5.0,1.5,2.5,4.5,0.8,2400,0.2,69,85.5,23.59,0.28,1.67,0.342,14.43,18.07,0.262,1.5
55.0,4.0,1.0,1.5,3.0,0.6,7200,0.8,85,76.5,29.06,0.96,3.12,0.342,4.85,22.26,0.262,2.43
55.0,4.0,1.0,1.5,4.5,0.6,7200,0.8,85,76.5,29.06,0.96,3.12,0.342,4.85,22.26,0.262,2.43
55.0,4.0,1.0,2.5,3.0,0.4,3600,0.2,54,83.3,18.46,0.33,1.66,0.342,9.07,14.14,0.262,1.49
55.0,4.0,1.0,2.5,4.5,0.4,3600,0.2,54,83.3,18.46,0.33,1.66,0.342,9.07,14.14,0.262,1.49
40.0,5.0,1.0,1.5,3.0,0.6,14400,0.2,69,88.4,23.53,0.21,1.59,0.341,10.0,18.01,0.261,1.44
40.0,5.0,1.0,1.5,3.0,0.6,14400,0.4,69,88.4,23.53,0.21,1.59,0.341,10.0,18.01,0.261,1.44
40.0,5.0,1.0,2.5,3.0,0.4,7200,0.2,69,88.4,23.55,0.21,1.59,0.341,9.02,18.04,0.261,1.44
40.0,5.0,1.5,2.5,3.0,0.6,2400,0.2,82,87.8,27.94,0.22,1.62,0.341,8.62,21.38,0.261,1.47
40.0,5.0,1.5,2.5,4.5,0.6,2400,0.2,82,87.8,27.94,0.22,1.62,0.341,8.62,21.38,0.261,1.47
45.0,4.0,1.5,2.5,3.0,0.8,,0.4,72,84.7,24.53,0.28,1.56,0.341,13.94,18.77,0.261,1.42
50.0,5.0,1.5,2.5,3.0,0.6,3600,0.4,78,78.2,26.59,0.56,2.0,0.341,5.2,20.35,0.261,1.73
55.0,4.0,0.7,1.5,4.5,0.8,,0.4,50,86.0,17.06,0.27,1.65,0.341,9.53,13.06,0.261,1.49
40.0,5.0,1.0,1.5,4.5,0.6,14400,0.2,69,88.4,23.45,0.21,1.59,0.34,10.0,17.93,0.26,1.44
40.0,5.0,1.0,1.5,4.5,0.6,14400,0.4,69,88.4,23.45,0.21,1.59,0.34,10.0,17.93,0.26,1.44
40.0,5.0,1.0,2.5,4.5,0.4,7200,0.2,69,88.4,23.46,0.21,1.59,0.34,9.02,17.94,0.26,1.44
45.0,3.0,1.5,2.5,3.0,0.6,3600,0.2,103,81.6,34.98,0.37,1.65,0.34,8.25,26.74,0.26,1.48
45.0,3.0,1.5,2.5,4.5,0.6,3600,0.2,103,81.6,34.98,0.37,1.65,0.34,8.25,26.74,0.26,1.48
50.0,5.0,0.7,2.5,3.0,0.6,14400,0.4,86,91.9,29.25,0.19,2.16,0.34,8.66,22.37,0.26,1.87
50.0,5.0,0.7,2.5,4.5,0.6,14400,0.4,86,91.9,29.23,0.19,2.16,0.34,8.66,22.35,0.26,1.86
50.0,5.0,1.5,2.5,3.0,0.6,7200,0.8,104,75.0,35.39,0.81,2.44,0.34,5.0,27.07,0.26,2.01
50.0,5.0,1.5,2.5,4.5,0.6,7200,0.8,104,75.0,35.39,0.81,2.44,0.34,5.0,27.07,0.26,2.01
55.0,4.0,0.7,1.5,3.0,0.8,,0.4,51,86.3,17.35,0.26,1.66,0.34,9.37,13.27,0.26,1.5
55.0,4.0,1.0,1.5,3.0,0.6,7200,0.4,60,83.3,20.37,0.37,1.83,0.34,9.3,15.57,0.26,1.61
55.0,4.0,1.0,1.5,4.5,0.6,7200,0.4,60,83.3,20.37,0.37,1.83,0.34,9.3,15.57,0.26,1.61
40.0,5.0,1.5,2.5,3.0,0.8,2400,0.2,73,86.3,24.78,0.26,1.62,0.339,8.62,18.94,0.259,1.46
40.0,5.0,1.5,2.5,4.5,0.8,2400,0.2,73,86.3,24.78,0.26,1.62,0.339,8.62,18.94,0.259,1.46
45.0,5.0,1.0,2.5,4.5,0.8,,0.4,63,87.3,21.36,0.22,1.53,0.339,17.72,16.32,0.259,1.4
50.0,5.0,1.5,2.5,3.0,0.4,14400,0.2,57,87.7,19.31,0.22,1.55,0.339,14.13,14.75,0.259,1.41
50.0,5.0,1.5,2.5,4.5,0.4,14400,0.2,57,87.7,19.31,0.22,1.55,0.339,14.13,14.75,0.259,1.41
50.0,5.0,1.5,2.5,4.5,0.6,3600,0.4,78,78.2,26.45,0.56,2.0,0.339,5.2,20.21,0.259,1.72
40.0,4.0,1.5,2.5,3.0,0.4,,0.4,85,84.7,28.71,0.28,1.55,0.338,10.08,21.91,0.258,1.41
40.0,4.0,1.5,2.5,4.5,0.4,,0.4,85,84.7,28.7,0.28,1.55,0.338,10.08,21.9,0.258,1.41
50.0,3.0,1.5,2.5,3.0,0.4,3600,0.2,85,81.2,28.73,0.37,1.6,0.338,9.18,21.93,0.258,1.45
50.0,3.0,1.5,2.5,4.5,0.4,3600,0.2,85,81.2,28.73,0.37,1.6,0.338,9.18,21.93,0.258,1.45
50.0,4.0,0.7,1.5,3.0,0.8,,0.4,66,84.8,22.28,0.3,1.69,0.338,13.05,17.0,0.258,1.51
50.0,5.0,0.7,2.5,3.0,0.4,14400,0.4,86,91.9,29.11,0.19,2.15,0.338,8.53,22.23,0.258,1.86
50.0,5.0,0.7,2.5,4.5,0.4,14400,0.4,86,91.9,29.11,0.19,2.15,0.338,8.53,22.23,0.258,1.86
55.0,4.0,1.5,2.5,3.0,0.4,3600,0.4,70,74.3,23.63,0.73,2.11,0.338,6.21,18.03,0.258,1.79
55.0,5.0,1.0,2.5,3.0,0.4,7200,0.8,82,78.0,27.72,0.79,2.82,0.338,5.96,21.16,0.258,2.25
55.0,5.0,1.0,2.5,3.0,0.8,7200,0.8,82,78.0,27.68,0.79,2.82,0.338,5.96,21.12,0.258,2.25
55.0,5.0,1.0,2.5,4.5,0.4,7200,0.8,82,78.0,27.72,0.79,2.82,0.338,5.96,21.16,0.258,2.25
55.0,5.0,1.0,2.5,4.5,0.8,7200,0.8,82,78.0,27.68,0.79,2.82,0.338,5.96,21.12,0.258,2.25
45.0,3.0,1.5,2.5,3.0,0.6,7200,0.2,106,82.1,35.76,0.36,1.63,0.337,8.25,27.28,0.257,1.47
45.0,3.0,1.5,2.5,4.5,0.6,7200,0.2,106,82.1,35.76,0.36,1.63,0.337,8.25,27.28,0.257,1.47
50.0,4.0,1.5,2.5,4.5,0.6,,0.4,68,85.3,22.89,0.27,1.57,0.337,14.85,17.45,0.257,1.43
50.0,5.0,0.7,1.5,3.0,0.6,14400,0.4,86,91.9,28.95,0.19,2.15,0.337,8.66,22.07,0.257,1.85
50.0,5.0,0.7,1.5,3.0,0.8,14400,0.4,86,91.9,28.96,0.19,2.15,0.337,8.71,22.08,0.257,1.85
40.0,5.0,1.0,2.5,3.0,0.4,14400,0.2,69,88.4,23.17,0.21,1.58,0.336,8.89,17.65,0.256,1.43
40.0,5.0,1.0,2.5,3.0,0.4,14400,0.4,69,88.4,23.17,0.21,1.58,0.336,8.89,17.65,0.256,1.43
50.0,5.0,0.7,1.5,4.5,0.6,14400,0.4,86,91.9,28.93,0.19,2.14,0.336,8.66,22.05,0.256,1.85
50.0,5.0,0.7,1.5,4.5,0.8,14400,0.4,86,91.9,28.94,0.19,2.15,0.337,8.71,22.06,0.256,1.85
55.0,4.0,1.0,1.5,3.0,0.4,3600,0.2,54,83.3,18.13,0.33,1.64,0.336,9.07,13.81,0.256,1.48
55.0,4.0,1.0,1.5,4.5,0.4,3600,0.2,54,83.3,18.13,0.33,1.64,0.336,9.07,13.81,0.256,1.48
55.0,4.0,1.5,2.5,4.5,0.4,3600,0.4,70,74.3,23.54,0.73,2.11,0.336,6.21,17.94,0.256,1.78
45.0,3.0,1.0,1.5,3.0,0.6,,0.4,106,82.1,35.48,0.35,1.62,0.335,8.15,27.0,0.255,1.46
45.0,4.0,0.7,1.5,4.5,0.8,,0.4,71,84.5,23.8,0.31,1.69,0.335,11.97,18.12,0.255,1.51
50.0,3.0,1.5,2.5,3.0,0.6,7200,0.4,94,77.7,31.47,0.49,1.69,0.335,9.49,23.94,0.255,1.51
50.0,3.0,1.5,2.5,4.5,0.6,7200,0.4,94,77.7,31.47,0.49,1.69,0.335,9.49,23.94,0.255,1.51
50.0,5.0,0.7,1.5,3.0,0.4,7200,0.2,79,92.4,26.47,0.17,2.06,0.335,8.51,20.15,0.255,1.79
50.0,5.0,0.7,1.5,4.5,0.4,7200,0.2,79,92.4,26.47,0.17,2.06,0.335,8.51,20.15,0.255,1.79
55.0,4.0,1.0,2.5,3.0,0.6,3600,0.2,54,83.3,18.11,0.33,1.64,0.335,9.19,13.79,0.255,1.48
55.0,4.0,1.0,2.5,3.0,0.8,3600,0.2,54,83.3,18.1,0.33,1.64,0.335,9.15,13.77,0.255,1.48
55.0,4.0,1.0,2.5,4.5,0.6,3600,0.2,54,83.3,18.11,0.33,1.64,0.335,9.19,13.79,0.255,1.48
55.0,4.0,1.0,2.5,4.5,0.8,3600,0.2,54,83.3,18.1,0.33,1.64,0.335,9.15,13.77,0.255,1.48
40.0,4.0,1.5,2.5,3.0,0.4,7200,0.2,86,84.9,28.71,0.28,1.55,0.334,10.37,21.83,0.254,1.41
40.0,4.0,1.5,2.5,4.5,0.4,7200,0.2,86,84.9,28.71,0.28,1.55,0.334,10.37,21.83,0.254,1.41
40.0,5.0,1.0,2.5,4.5,0.4,14400,0.2,69,88.4,23.08,0.21,1.58,0.334,8.89,17.56,0.254,1.43
40.0,5.0,1.0,2.5,4.5,0.4,14400,0.4,69,88.4,23.08,0.21,1.58,0.334,8.89,17.56,0.254,1.43
45.0,3.0,1.5,2.5,3.0,0.4,7200,0.2,105,81.0,35.1,0.37,1.59,0.334,8.06,26.7,0.254,1.43
45.0,3.0,1.5,2.5,4.5,0.4,7200,0.2,105,81.0,35.1,0.37,1.59,0.334,8.06,26.7,0.254,1.43
50.0,3.0,1.0,2.5,3.0,0.6,14400,0.2,85,82.4,28.39,0.35,1.63,0.334,9.19,21.59,0.254,1.47
50.0,3.0,1.0,2.5,4.5,0.6,14400,0.2,85,82.4,28.37,0.35,1.63,0.334,9.19,21.57,0.254,1.47
50.0,4.0,1.5,2.5,3.0,0.6,,0.4,68,85.3,22.7,0.27,1.57,0.334,14.85,17.26,0.254,1.42
50.0,5.0,0.7,1.5,3.0,0.4,14400,0.4,86,91.9,28.73,0.19,2.14,0.334,8.54,21.86,0.254,1.85
50.0,5.0,0.7,1.5,4.5,0.4,14400,0.4,86,91.9,28.73,0.19,2.14,0.334,8.54,21.86,0.254,1.85
55.0,4.0,0.7,2.5,3.0,0.6,,0.4,52,86.5,17.38,0.26,1.67,0.334,8.85,13.22,0.254,1.5
55.0,4.0,0.7,2.5,4.5,0.6,,0.4,52,86.5,17.37,0.26,1.67,0.334,8.96,13.21,0.254,1.5
50.0,3.0,1.5,2.5,3.0,0.4,14400,0.4,85,81.2,28.34,0.37,1.59,0.333,9.18,21.54,0.253,1.44
50.0,3.0,1.5,2.5,4.5,0.4,14400,0.4,85,81.2,28.34,0.37,1.59,0.333,9.18,21.54,0.253,1.44
50.0,5.0,0.7,2.5,3.0,0.6,7200,0.2,79,92.4,26.31,0.17,2.05,0.333,8.63,19.99,0.253,1.78
50.0,5.0,0.7,2.5,3.0,0.8,7200,0.2,79,92.4,26.31,0.17,2.05,0.333,8.69,19.99,0.253,1.78
50.0,5.0,0.7,2.5,4.5,0.6,7200,0.2,79,92.4,26.31,0.17,2.05,0.333,8.63,19.99,0.253,1.78
50.0,5.0,0.7,2.5,4.5,0.8,7200,0.2,79,92.4,26.31,0.17,2.05,0.333,8.69,19.99,0.253,1.78
55.0,5.0,1.0,2.5,3.0,0.6,7200,0.8,82,78.0,27.27,0.78,2.79,0.333,5.96,20.71,0.253,2.22
55.0,5.0,1.0,2.5,4.5,0.6,7200,0.8,82,78.0,27.27,0.78,2.79,0.333,5.96,20.71,0.253,2.22
40.0,5.0,1.0,1.5,4.5,0.8,14400,0.2,69,88.4,22.88,0.21,1.57,0.332,10.0,17.36,0.252,1.43
40.0,5.0,1.0,1.5,4.5,0.8,14400,0.4,69,88.4,22.88,0.21,1.57,0.332,10.0,17.36,0.252,1.43
50.0,3.0,1.0,2.5,3.0,0.8,14400,0.2,85,82.4,28.18,0.35,1.63,0.332,9.24,21.38,0.252,1.46
55.0,5.0,1.0,1.5,3.0,0.4,7200,0.8,82,78.0,27.25,0.78,2.79,0.332,5.96,20.69,0.252,2.22
55.0,5.0,1.0,1.5,4.5,0.4,7200,0.8,82,78.0,27.25,0.78,2.79,0.332,5.96,20.69,0.252,2.22
40.0,4.0,1.5,2.5,3.0,0.4,14400,0.2,85,84.7,28.13,0.28,1.54,0.331,10.37,21.33,0.251,1.4
40.0,4.0,1.5,2.5,4.5,0.4,14400,0.2,85,84.7,28.13,0.28,1.54,0.331,10.37,21.33,0.251,1.4
40.0,5.0,1.0,2.5,3.0,0.6,7200,0.2,69,88.4,22.87,0.21,1.57,0.331,9.02,17.35,0.251,1.43
50.0,3.0,1.0,2.5,4.5,0.8,14400,0.2,85,82.4,28.16,0.35,1.63,0.331,9.24,21.36,0.251,1.46
55.0,3.0,1.0,2.5,3.0,0.4,7200,0.4,70,80.0,23.18,0.44,1.76,0.331,8.15,17.58,0.251,1.55
55.0,3.0,1.0,2.5,4.5,0.4,7200,0.4,70,80.0,23.18,0.44,1.76,0.331,8.15,17.58,0.251,1.55
55.0,5.0,1.0,1.5,3.0,0.8,7200,0.8,82,78.0,27.14,0.78,2.78,0.331,5.96,20.58,0.251,2.21
55.0,5.0,1.0,1.5,4.5,0.8,7200,0.8,82,78.0,27.14,0.78,2.78,0.331,5.96,20.58,0.251,2.21
45.0,3.0,1.5,2.5,3.0,0.4,14400,0.4,111,82.0,36.62,0.35,1.61,0.33,8.06,27.75,0.25,1.45
45.0,3.0,1.5,2.5,4.5,0.4,14400,0.4,111,82.0,36.62,0.35,1.61,0.33,8.06,27.75,0.25,1.45
50.0,3.0,0.7,1.5,4.5,0.8,,0.4,75,81.3,24.72,0.38,1.66,0.33,8.75,18.72,0.25,1.48
50.0,3.0,1.0,1.5,3.0,0.6,14400,0.2,85,82.4,28.08,0.35,1.62,0.33,9.19,21.28,0.25,1.46
50.0,3.0,1.0,1.5,4.5,0.6,14400,0.2,85,82.4,28.05,0.35,1.62,0.33,9.19,21.26,0.25,1.46
50.0,3.0,1.5,2.5,3.0,0.6,3600,0.2,86,81.4,28.4,0.36,1.59,0.33,9.58,21.52,0.25,1.44
50.0,3.0,1.5,2.5,4.5,0.6,3600,0.2,86,81.4,28.4,0.36,1.59,0.33,9.58,21.52,0.25,1.44
50.0,4.0,1.0,1.5,4.5,0.8,,0.4,65,84.6,21.46,0.28,1.54,0.33,14.69,16.26,0.25,1.4
40.0,5.0,1.0,2.5,4.5,0.6,7200,0.2,69,88.4,22.72,0.21,1.57,0.329,9.02,17.2,0.249,1.42
50.0,4.0,0.7,2.5,4.5,0.6,,0.4,68,85.3,22.39,0.29,1.69,0.329,12.87,16.95,0.249,1.51
55.0,4.0,1.0,1.5,3.0,0.6,3600,0.2,54,83.3,17.78,0.33,1.63,0.329,9.19,13.46,0.249,1.47
55.0,4.0,1.0,1.5,3.0,0.8,3600,0.2,54,83.3,17.76,0.33,1.63,0.329,9.15,13.44,0.249,1.47
55.0,4.0,1.0,1.5,4.5,0.6,3600,0.2,54,83.3,17.78,0.33,1.63,0.329,9.19,13.46,0.249,1.47
55.0,4.0,1.0,1.5,4.5,0.8,3600,0.2,54,83.3,17.76,0.33,1.63,0.329,9.15,13.44,0.249,1.47
45.0,3.0,1.0,1.5,4.5,0.6,,0.4,105,81.9,34.4,0.35,1.6,0.328,8.15,26.0,0.248,1.44
45.0,3.0,1.5,2.5,3.0,0.6,14400,0.2,106,82.1,34.82,0.35,1.61,0.328,8.25,26.34,0.248,1.45
45.0,3.0,1.5,2.5,4.5,0.6,14400,0.2,106,82.1,34.82,0.35,1.61,0.328,8.25,26.34,0.248,1.45
45.0,4.0,1.0,2.5,4.5,0.8,,0.4,71,84.5,23.27,0.28,1.53,0.328,13.72,17.59,0.248,1.39
45.0,5.0,0.7,2.5,3.0,0.8,,0.4,64,87.5,20.97,0.23,1.63,0.328,15.8,15.85,0.248,1.47
55.0,3.0,1.0,2.5,3.0,0.8,7200,0.4,70,80.0,22.97,0.44,1.75,0.328,8.33,17.37,0.248,1.55
55.0,3.0,1.0,2.5,4.5,0.8,7200,0.4,70,80.0,22.97,0.44,1.75,0.328,8.33,17.37,0.248,1.55
40.0,5.0,1.0,1.5,3.0,0.4,7200,0.2,69,88.4,22.59,0.21,1.56,0.327,9.02,17.07,0.247,1.42
40.0,5.0,1.0,1.5,3.0,0.8,14400,0.2,69,88.4,22.54,0.21,1.56,0.327,10.0,17.02,0.247,1.42
40.0,5.0,1.0,1.5,3.0,0.8,14400,0.4,69,88.4,22.54,0.21,1.56,0.327,10.0,17.02,0.247,1.42
40.0,5.0,1.0,2.5,3.0,0.8,,0.4,75,88.0,24.54,0.21,1.55,0.327,10.71,18.54,0.247,1.41
40.0,5.0,1.5,2.5,3.0,0.8,,0.4,75,88.0,24.56,0.21,1.55,0.327,10.77,18.56,0.247,1.41
45.0,3.0,0.7,1.5,4.5,0.8,,0.4,93,81.7,30.39,0.37,1.67,0.327,6.41,22.95,0.247,1.49
45.0,3.0,1.5,2.5,3.0,0.6,14400,0.4,112,81.2,36.64,0.38,1.64,0.327,8.25,27.68,0.247,1.47
45.0,3.0,1.5,2.5,3.0,0.8,3600,0.2,101,81.2,33.04,0.37,1.61,0.327,7.81,24.96,0.247,1.45
45.0,3.0,1.5,2.5,4.5,0.6,14400,0.4,112,81.2,36.64,0.38,1.64,0.327,8.25,27.68,0.247,1.47
45.0,3.0,1.5,2.5,4.5,0.8,3600,0.2,101,81.2,33.04,0.37,1.61,0.327,7.81,24.96,0.247,1.45
45.0,5.0,0.7,1.5,4.5,0.8,,0.4,63,87.3,20.62,0.24,1.62,0.327,15.57,15.58,0.247,1.46
45.0,5.0,1.5,2.5,3.0,0.8,3600,0.4,93,79.6,30.42,0.47,1.83,0.327,8.59,22.98,0.247,1.6
50.0,3.0,1.0,1.5,3.0,0.8,14400,0.2,85,82.4,27.78,0.35,1.62,0.327,9.24,20.98,0.247,1.45
50.0,3.0,1.0,1.5,4.5,0.8,14400,0.2,85,82.4,27.76,0.35,1.62,0.327,9.24,20.96,0.247,1.45
50.0,3.0,1.5,2.5,3.0,0.8,2400,0.2,96,80.2,31.37,0.41,1.65,0.327,9.87,23.69,0.247,1.47
40.0,5.0,1.0,1.5,3.0,0.4,14400,0.2,69,88.4,22.47,0.2,1.56,0.326,8.78,16.95,0.246,1.42
40.0,5.0,1.0,1.5,3.0,0.4,14400,0.4,69,88.4,22.47,0.2,1.56,0.326,8.78,16.95,0.246,1.42
40.0,5.0,1.0,1.5,4.5,0.4,7200,0.2,69,88.4,22.5,0.2,1.56,0.326,9.02,16.98,0.246,1.42
45.0,3.0,1.5,2.5,3.0,0.4,14400,0.2,105,81.0,34.26,0.37,1.57,0.326,8.06,25.87,0.246,1.42
45.0,3.0,1.5,2.5,4.5,0.4,14400,0.2,105,81.0,34.26,0.37,1.57,0.326,8.06,25.87,0.246,1.42
45.0,5.0,1.0,2.5,3.0,0.8,,0.4,64,87.5,20.85,0.22,1.52,0.326,17.72,15.73,0.246,1.39
50.0,3.0,1.5,2.5,4.5,0.8,2400,0.2,96,80.2,31.32,0.41,1.65,0.326,9.87,23.64,0.246,1.47
50.0,4.0,0.7,2.5,3.0,0.6,,0.4,68,85.3,22.2,0.29,1.68,0.326,12.87,16.76,0.246,1.5
50.0,5.0,1.5,2.5,3.0,0.6,7200,0.2,58,87.9,18.93,0.21,1.54,0.326,14.33,14.29,0.246,1.4
50.0,5.0,1.5,2.5,4.5,0.6,7200,0.2,58,87.9,18.93,0.21,1.54,0.326,14.33,14.29,0.246,1.4
55.0,3.0,1.0,2.5,3.0,0.6,7200,0.4,70,80.0,22.81,0.44,1.75,0.326,8.27,17.21,0.246,1.54
55.0,3.0,1.0,2.5,4.5,0.6,7200,0.4,70,80.0,22.81,0.44,1.75,0.326,8.27,17.21,0.246,1.54
45.0,5.0,1.5,2.5,4.5,0.8,3600,0.4,93,79.6,30.23,0.47,1.83,0.325,8.59,22.79,0.245,1.59
50.0,2.0,1.5,2.5,3.0,0.8,,0.4,89,74.2,28.91,0.57,1.63,0.325,9.43,21.79,0.245,1.46
50.0,4.0,1.0,1.5,3.0,0.8,,0.4,66,84.8,21.48,0.27,1.54,0.325,14.69,16.2,0.245,1.4
50.0,5.0,0.7,1.5,3.0,0.8,7200,0.2,79,92.4,25.65,0.17,2.02,0.325,8.69,19.33,0.245,1.76
50.0,5.0,0.7,1.5,4.5,0.8,7200,0.2,79,92.4,25.65,0.17,2.02,0.325,8.69,19.33,0.245,1.76
50.0,5.0,1.5,2.5,3.0,0.4,14400,0.4,59,88.1,19.19,0.21,1.55,0.325,14.13,14.47,0.245,1.41
50.0,5.0,1.5,2.5,4.5,0.4,14400,0.4,59,88.1,19.19,0.21,1.55,0.325,14.13,14.47,0.245,1.41
55.0,5.0,1.0,1.5,3.0,0.6,7200,0.8,82,78.0,26.65,0.77,2.75,0.325,5.96,20.09,0.245,2.19
55.0,5.0,1.0,1.5,4.5,0.6,7200,0.8,82,78.0,26.65,0.77,2.75,0.325,5.96,20.09,0.245,2.19
40.0,4.0,1.5,2.5,3.0,0.4,3600,0.2,89,83.1,28.8,0.31,1.55,0.324,10.37,21.68,0.244,1.41
40.0,4.0,1.5,2.5,4.5,0.4,3600,0.2,89,83.1,28.8,0.31,1.55,0.324,10.37,21.68,0.244,1.41
40.0,5.0,1.0,1.5,4.5,0.4,14400,0.2,69,88.4,22.38,0.2,1.56,0.324,8.78,16.86,0.244,1.41
40.0,5.0,1.0,1.5,4.5,0.4,14400,0.4,69,88.4,22.38,0.2,1.56,0.324,8.78,16.86,0.244,1.41
45.0,3.0,0.7,1.5,3.0,0.8,,0.4,95,82.1,30.73,0.37,1.68,0.323,6.25,23.13,0.244,1.5
45.0,5.0,1.0,1.5,4.5,0.8,,0.4,63,87.3,20.38,0.22,1.51,0.323,17.49,15.34,0.244,1.38
50.0,5.0,0.7,1.5,3.0,0.6,7200,0.2,79,92.4,25.61,0.17,2.02,0.324,8.63,19.29,0.244,1.76
50.0,5.0,0.7,1.5,4.5,0.6,7200,0.2,79,92.4,25.61,0.17,2.02,0.324,8.63,19.29,0.244,1.76
50.0,5.0,1.5,2.5,3.0,0.4,2400,0.4,100,83.0,32.4,0.46,2.24,0.324,5.0,24.4,0.244,1.88
50.0,5.0,1.5,2.5,3.0,0.6,2400,0.2,64,85.9,20.75,0.26,1.59,0.324,14.33,15.63,0.244,1.43
50.0,5.0,1.5,2.5,4.5,0.6,2400,0.2,64,85.9,20.75,0.26,1.59,0.324,14.33,15.63,0.244,1.43
55.0,3.0,1.0,1.5,3.0,0.4,7200,0.4,70,80.0,22.65,0.44,1.74,0.324,8.15,17.05,0.244,1.54
55.0,3.0,1.0,1.5,4.5,0.4,7200,0.4,70,80.0,22.65,0.44,1.74,0.324,8.15,17.05,0.244,1.54
55.0,5.0,0.7,2.5,3.0,0.8,14400,0.2,52,92.3,16.82,0.15,1.84,0.323,9.38,12.66,0.244,1.62
50.0,3.0,1.0,2.5,3.0,0.6,14400,0.4,86,81.4,27.77,0.37,1.62,0.323,9.19,20.89,0.243,1.45
50.0,3.0,1.0,2.5,4.5,0.6,14400,0.4,86,81.4,27.75,0.37,1.62,0.323,9.19,20.87,0.243,1.45
50.0,5.0,1.5,2.5,4.5,0.4,2400,0.4,100,83.0,32.31,0.46,2.24,0.323,5.0,24.31,0.243,1.88
55.0,4.0,0.7,2.5,3.0,0.4,,0.4,52,86.5,16.81,0.26,1.64,0.323,9.56,12.65,0.243,1.47
55.0,4.0,0.7,2.5,4.5,0.4,,0.4,52,86.5,16.81,0.26,1.64,0.323,9.56,12.65,0.243,1.47
55.0,4.0,1.5,2.5,3.0,0.6,3600,0.4,70,74.3,22.64,0.71,2.06,0.323,5.81,17.04,0.243,1.75
55.0,5.0,0.7,2.5,4.5,0.8,14400,0.2,52,92.3,16.8,0.15,1.84,0.323,9.38,12.64,0.243,1.62
40.0,5.0,1.0,1.5,4.5,0.8,,0.4,74,87.8,23.79,0.21,1.53,0.321,11.04,17.87,0.242,1.39
45.0,4.0,0.7,1.5,3.0,0.8,,0.4,72,84.7,23.18,0.3,1.67,0.322,11.97,17.42,0.242,1.49
50.0,2.0,1.5,2.5,4.5,0.8,,0.4,88,73.9,28.32,0.57,1.62,0.322,9.43,21.28,0.242,1.44
50.0,4.0,0.7,2.5,3.0,0.8,14400,0.2,89,89.9,28.62,0.22,1.95,0.322,14.06,21.51,0.242,1.7
50.0,5.0,1.5,2.5,3.0,0.4,3600,0.2,57,87.7,18.34,0.21,1.52,0.322,14.13,13.78,0.242,1.39
50.0,5.0,1.5,2.5,3.0,0.8,2400,0.4,104,83.7,33.51,0.45,2.29,0.322,5.0,25.19,0.242,1.91
50.0,5.0,1.5,2.5,4.5,0.4,3600,0.2,57,87.7,18.34,0.21,1.52,0.322,14.13,13.78,0.242,1.39
55.0,4.0,1.5,2.5,4.5,0.6,3600,0.4,70,74.3,22.5,0.71,2.06,0.321,5.81,16.9,0.242,1.74
50.0,3.0,1.0,2.5,3.0,0.8,14400,0.4,86,81.4,27.56,0.37,1.61,0.32,9.24,20.68,0.241,1.45
50.0,4.0,0.7,2.5,4.5,0.8,14400,0.2,89,89.9,28.6,0.22,1.95,0.321,14.06,21.48,0.241,1.69
50.0,4.0,1.0,2.5,4.5,0.6,,0.4,68,85.3,21.83,0.27,1.55,0.321,14.51,16.39,0.241,1.4
55.0,3.0,0.7,2.5,3.0,0.8,,0.4,64,82.8,20.57,0.34,1.62,0.321,8.15,15.45,0.241,1.46
55.0,3.0,0.7,2.5,4.5,0.8,,0.4,63,82.5,20.21,0.34,1.61,0.321,8.31,15.17,0.241,1.45
55.0,5.0,1.5,2.5,3.0,0.4,2400,0.4,80,82.5,25.72,0.55,2.59,0.322,5.2,19.32,0.241,2.1
40.0,5.0,1.0,2.5,3.0,0.8,7200,0.2,69,88.4,22.05,0.2,1.55,0.32,9.02,16.53,0.24,1.41
50.0,3.0,0.7,2.5,4.5,0.4,,0.4,88,81.8,28.18,0.37,1.67,0.32,8.08,21.14,0.24,1.49
50.0,3.0,1.0,1.5,3.0,0.6,14400,0.4,86,81.4,27.48,0.37,1.61,0.32,9.19,20.61,0.24,1.45
50.0,3.0,1.0,2.5,4.5,0.8,14400,0.4,86,81.4,27.54,0.37,1.61,0.32,9.24,20.66,0.24,1.45
50.0,5.0,1.5,2.5,4.5,0.8,2400,0.4,104,83.7,33.27,0.45,2.28,0.32,5.0,24.95,0.24,1.9
55.0,5.0,1.5,2.5,4.5,0.4,2400,0.4,80,82.5,25.63,0.55,2.59,0.32,5.2,19.23,0.24,2.09
40.0,5.0,1.0,1.5,3.0,0.6,7200,0.2,69,88.4,22.03,0.2,1.55,0.319,9.02,16.51,0.239,1.41
40.0,5.0,1.0,2.5,3.0,0.4,7200,0.4,72,86.1,22.98,0.25,1.57,0.319,9.02,17.22,0.239,1.42
40.0,5.0,1.0,2.5,3.0,0.6,14400,0.8,83,79.5,26.5,0.44,1.71,0.319,10.0,19.86,0.239,1.51
45.0,5.0,1.5,2.5,3.0,0.6,7200,0.8,138,75.4,44.08,0.79,2.42,0.319,6.57,33.04,0.239,1.96
45.0,5.0,1.5,2.5,4.5,0.6,7200,0.8,138,75.4,44.08,0.79,2.42,0.319,6.57,33.04,0.239,1.96
50.0,2.0,1.5,2.5,3.0,0.8,14400,0.2,93,75.3,29.67,0.54,1.65,0.319,9.62,22.23,0.239,1.46
50.0,3.0,1.0,1.5,4.5,0.6,14400,0.4,86,81.4,27.46,0.37,1.61,0.319,9.19,20.58,0.239,1.44
55.0,3.0,1.0,1.5,3.0,0.8,7200,0.4,70,80.0,22.33,0.43,1.73,0.319,8.33,16.73,0.239,1.53
55.0,3.0,1.0,1.5,4.5,0.8,7200,0.4,70,80.0,22.33,0.43,1.73,0.319,8.33,16.73,0.239,1.53
55.0,3.0,1.5,2.5,3.0,0.8,1200,0.2,72,76.4,22.98,0.52,1.69,0.319,6.89,17.22,0.239,1.49
40.0,5.0,1.0,2.5,4.5,0.4,7200,0.4,72,86.1,22.89,0.25,1.57,0.318,9.02,17.13,0.238,1.42
40.0,5.0,1.0,2.5,4.5,0.8,7200,0.2,69,88.4,21.95,0.2,1.55,0.318,9.02,16.43,0.238,1.4
50.0,2.0,1.5,2.5,4.5,0.8,14400,0.2,93,75.3,29.6,0.54,1.64,0.318,9.62,22.16,0.238,1.46
50.0,3.0,0.7,2.5,3.0,0.4,,0.4,88,81.8,28.02,0.37,1.67,0.318,8.08,20.98,0.238,1.48
50.0,4.0,1.0,2.5,3.0,0.6,,0.4,68,85.3,21.64,0.27,1.54,0.318,14.51,16.2,0.238,1.4
55.0,3.0,1.5,2.5,4.5,0.8,1200,0.2,72,76.4,22.92,0.52,1.69,0.318,6.89,17.16,0.238,1.49
55.0,4.0,1.0,2.5,3.0,0.4,3600,0.4,68,75.0,21.62,0.67,2.02,0.318,6.08,16.18,0.238,1.71
55.0,4.0,1.5,2.5,3.0,0.8,1200,0.2,60,78.3,19.09,0.46,1.68,0.318,9.87,14.29,0.238,1.48
40.0,5.0,1.0,1.5,4.5,0.6,7200,0.2,69,88.4,21.89,0.2,1.55,0.317,9.02,16.37,0.237,1.4
40.0,5.0,1.0,2.5,4.5,0.6,14400,0.8,83,79.5,26.31,0.44,1.71,0.317,10.0,19.67,0.237,1.51
45.0,5.0,1.5,2.5,3.0,0.6,3600,0.4,93,78.5,29.47,0.49,1.8,0.317,8.39,22.03,0.237,1.57
55.0,4.0,1.0,2.5,4.5,0.4,3600,0.4,68,75.0,21.53,0.67,2.01,0.317,6.08,16.1,0.237,1.71
55.0,4.0,1.5,2.5,3.0,0.6,14400,0.8,69,73.9,21.86,0.65,1.83,0.317,7.3,16.34,0.237,1.59
55.0,4.0,1.5,2.5,4.5,0.6,14400,0.8,69,73.9,21.84,0.65,1.83,0.317,7.3,16.32,0.237,1.59
55.0,4.0,1.5,2.5,4.5,0.8,1200,0.2,60,78.3,19.03,0.46,1.67,0.317,9.87,14.24,0.237,1.48
45.0,4.0,1.0,2.5,3.0,0.8,,0.4,72,84.7,22.77,0.27,1.52,0.316,13.72,17.01,0.236,1.38
50.0,3.0,1.0,1.5,3.0,0.8,14400,0.4,86,81.4,27.19,0.37,1.6,0.316,9.24,20.31,0.236,1.44
50.0,3.0,1.0,1.5,4.5,0.8,14400,0.4,86,81.4,27.17,0.37,1.6,0.316,9.24,20.29,0.236,1.44
50.0,4.0,0.7,1.5,4.5,0.6,,0.4,68,85.3,21.47,0.29,1.66,0.316,12.87,16.03,0.236,1.48
55.0,2.0,1.5,2.5,3.0,0.4,7200,0.2,80,73.8,25.3,0.58,1.63,0.316,7.57,18.9,0.236,1.45
55.0,2.0,1.5,2.5,4.5,0.4,7200,0.2,80,73.8,25.3,0.58,1.63,0.316,7.57,18.9,0.236,1.45
55.0,3.0,1.0,1.5,3.0,0.6,7200,0.4,70,80.0,22.13,0.43,1.73,0.316,8.27,16.53,0.236,1.52
55.0,3.0,1.0,1.5,4.5,0.6,7200,0.4,70,80.0,22.13,0.43,1.73,0.316,8.27,16.53,0.236,1.52
45.0,5.0,1.5,2.5,4.5,0.6,3600,0.4,93,78.5,29.34,0.49,1.8,0.315,8.39,21.9,0.235,1.57
50.0,3.0,0.7,1.5,4.5,0.4,,0.4,88,81.8,27.7,0.37,1.66,0.315,7.95,20.66,0.235,1.48
55.0,4.0,1.0,2.5,3.0,0.6,3600,0.4,68,75.0,21.44,0.67,2.01,0.315,6.08,16.0,0.235,1.7
55.0,4.0,1.0,2.5,3.0,0.8,3600,0.4,68,75.0,21.44,0.67,2.01,0.315,6.08,16.0,0.235,1.7
55.0,5.0,0.7,2.5,3.0,0.8,14400,0.4,53,90.6,16.71,0.19,1.83,0.315,9.38,12.47,0.235,1.61
55.0,5.0,0.7,2.5,4.5,0.8,14400,0.4,53,90.6,16.68,0.19,1.83,0.315,9.38,12.44,0.235,1.6
45.0,4.0,1.5,2.5,3.0,0.8,7200,0.2,74,85.1,23.23,0.27,1.53,0.314,13.56,17.31,0.234,1.39
45.0,4.0,1.5,2.5,4.5,0.8,7200,0.2,74,85.1,23.23,0.27,1.53,0.314,13.56,17.31,0.234,1.39
50.0,4.0,0.7,1.5,3.0,0.8,14400,0.2,89,89.9,27.97,0.22,1.93,0.314,14.06,20.85,0.234,1.67
50.0,4.0,0.7,1.5,4.5,0.8,14400,0.2,89,89.9,27.95,0.22,1.92,0.314,14.06,20.83,0.234,1.67
45.0,5.0,0.7,1.5,3.0,0.8,,0.4,64,87.5,20.0,0.23,1.6,0.312,15.57,14.88,0.233,1.44
50.0,3.0,0.7,1.5,3.0,0.4,,0.4,88,81.8,27.54,0.37,1.65,0.313,7.95,20.5,0.233,1.47
50.0,4.0,0.7,1.5,3.0,0.6,,0.4,68,85.3,21.28,0.29,1.66,0.313,12.87,15.84,0.233,1.48
50.0,4.0,0.7,2.5,3.0,0.4,14400,0.2,89,89.9,27.88,0.22,1.92,0.313,13.88,20.76,0.233,1.67
50.0,4.0,0.7,2.5,4.5,0.4,14400,0.2,89,89.9,27.88,0.22,1.92,0.313,13.88,20.76,0.233,1.67
50.0,5.0,0.7,2.5,3.0,0.4,3600,0.2,80,92.5,25.08,0.16,2.0,0.314,8.51,18.68,0.233,1.73
50.0,5.0,0.7,2.5,4.5,0.4,3600,0.2,80,92.5,25.08,0.16,2.0,0.314,8.51,18.68,0.233,1.73
50.0,5.0,1.5,2.5,3.0,0.8,7200,0.4,72,83.3,22.55,0.33,1.63,0.313,14.6,16.79,0.233,1.46
55.0,4.0,1.0,2.5,4.5,0.6,3600,0.4,68,75.0,21.31,0.67,2.0,0.313,6.08,15.87,0.233,1.7
55.0,4.0,1.0,2.5,4.5,0.8,3600,0.4,68,75.0,21.26,0.67,2.0,0.313,6.08,15.82,0.233,1.69
55.0,5.0,0.7,2.5,3.0,0.4,7200,0.2,52,92.3,16.26,0.15,1.81,0.313,9.2,12.1,0.233,1.6
55.0,5.0,0.7,2.5,4.5,0.4,7200,0.2,52,92.3,16.26,0.15,1.81,0.313,9.2,12.1,0.233,1.6
45.0,4.0,1.5,2.5,3.0,0.6,7200,0.2,74,85.1,23.07,0.27,1.52,0.312,13.26,17.15,0.232,1.38
45.0,4.0,1.5,2.5,4.5,0.6,7200,0.2,74,85.1,23.07,0.27,1.52,0.312,13.26,17.15,0.232,1.38
50.0,5.0,1.5,2.5,4.5,0.8,7200,0.4,72,83.3,22.5,0.33,1.63,0.312,14.6,16.74,0.232,1.46
55.0,4.0,1.0,1.5,3.0,0.4,3600,0.4,68,75.0,21.21,0.67,2.0,0.312,6.08,15.77,0.232,1.69
55.0,4.0,1.5,2.5,3.0,0.4,2400,0.2,58,84.5,18.07,0.3,1.64,0.312,9.18,13.43,0.232,1.46
55.0,4.0,1.5,2.5,4.5,0.4,2400,0.2,58,84.5,18.07,0.3,1.64,0.312,9.18,13.43,0.232,1.46
40.0,5.0,1.0,2.5,4.5,0.8,14400,0.8,83,79.5,25.77,0.44,1.69,0.31,10.0,19.13,0.231,1.49
45.0,3.0,0.7,2.5,3.0,0.6,,0.4,106,82.1,32.92,0.36,1.64,0.311,8.27,24.44,0.231,1.46
45.0,5.0,1.0,1.5,3.0,0.8,,0.4,64,87.5,19.88,0.21,1.5,0.311,17.49,14.76,0.231,1.36
45.0,5.0,1.5,2.5,3.0,0.8,7200,0.2,64,87.5,19.93,0.21,1.5,0.311,17.56,14.81,0.231,1.36
45.0,5.0,1.5,2.5,3.0,0.8,14400,0.4,70,85.7,21.74,0.26,1.54,0.311,17.56,16.14,0.231,1.39
45.0,5.0,1.5,2.5,4.5,0.8,7200,0.2,64,87.5,19.93,0.21,1.5,0.311,17.56,14.81,0.231,1.36
45.0,5.0,1.5,2.5,4.5,0.8,14400,0.4,70,85.7,21.74,0.26,1.54,0.311,17.56,16.14,0.231,1.39
50.0,4.0,0.7,2.5,3.0,0.6,14400,0.2,89,89.9,27.72,0.22,1.92,0.311,14.0,20.6,0.231,1.67
50.0,4.0,0.7,2.5,4.5,0.6,14400,0.2,89,89.9,27.7,0.22,1.92,0.311,14.0,20.58,0.231,1.66
55.0,2.0,1.5,2.5,3.0,0.4,14400,0.4,81,74.1,25.17,0.57,1.63,0.311,7.57,18.69,0.231,1.45
55.0,2.0,1.5,2.5,4.5,0.4,14400,0.4,81,74.1,25.17,0.57,1.63,0.311,7.57,18.69,0.231,1.45
55.0,3.0,0.7,2.5,4.5,0.6,,0.4,65,83.1,20.23,0.33,1.61,0.311,7.96,15.03,0.231,1.44
55.0,4.0,1.0,1.5,4.5,0.4,3600,0.4,68,75.0,21.13,0.66,1.99,0.311,6.08,15.69,0.231,1.69
55.0,5.0,1.0,2.5,3.0,0.4,2400,0.4,80,82.5,24.86,0.54,2.54,0.311,5.2,18.46,0.231,2.05
50.0,5.0,0.7,1.5,3.0,0.4,3600,0.2,80,92.5,24.77,0.16,1.99,0.31,8.51,18.37,0.23,1.72
50.0,5.0,0.7,1.5,4.5,0.4,3600,0.2,80,92.5,24.77,0.16,1.99,0.31,8.51,18.37,0.23,1.72
50.0,5.0,0.7,2.5,3.0,0.8,3600,0.2,80,92.5,24.77,0.16,1.99,0.31,8.6,18.37,0.23,1.72
50.0,5.0,0.7,2.5,4.5,0.8,3600,0.2,80,92.5,24.77,0.16,1.99,0.31,8.6,18.37,0.23,1.72
50.0,5.0,1.5,2.5,3.0,0.4,7200,0.8,106,74.5,32.91,0.79,2.31,0.31,5.0,24.43,0.23,1.89
50.0,5.0,1.5,2.5,4.5,0.4,7200,0.8,106,74.5,32.91,0.79,2.31,0.31,5.0,24.43,0.23,1.89
55.0,3.0,0.7,2.5,3.0,0.6,,0.4,65,83.1,20.15,0.33,1.61,0.31,7.85,14.95,0.23,1.44
55.0,5.0,1.0,2.5,4.5,0.4,2400,0.4,80,82.5,24.77,0.54,2.54,0.31,5.2,18.38,0.23,2.05
40.0,4.0,1.5,2.5,3.0,0.4,2400,0.2,101,85.1,31.25,0.27,1.56,0.309,10.37,23.17,0.229,1.4
40.0,4.0,1.5,2.5,4.5,0.4,2400,0.2,101,85.1,31.25,0.27,1.56,0.309,10.37,23.17,0.229,1.4
40.0,5.0,1.0,1.5,3.0,0.8,7200,0.2,69,88.4,21.3,0.2,1.53,0.309,9.02,15.78,0.229,1.39
45.0,4.0,0.7,1.5,4.5,0.6,,0.4,73,84.9,22.59,0.29,1.65,0.309,11.74,16.75,0.229,1.47
45.0,4.0,1.5,2.5,3.0,0.8,3600,0.2,74,85.1,22.9,0.27,1.52,0.309,13.56,16.98,0.229,1.38
45.0,4.0,1.5,2.5,4.5,0.8,3600,0.2,74,85.1,22.9,0.27,1.52,0.309,13.56,16.98,0.229,1.38
55.0,4.0,0.7,1.5,3.0,0.4,,0.4,52,86.5,16.09,0.25,1.62,0.309,9.43,11.93,0.229,1.45
55.0,4.0,0.7,1.5,3.0,0.6,,0.4,52,86.5,16.07,0.25,1.62,0.309,9.2,11.91,0.229,1.45
55.0,4.0,0.7,1.5,4.5,0.4,,0.4,52,86.5,16.09,0.25,1.62,0.309,9.43,11.93,0.229,1.45
55.0,4.0,0.7,1.5,4.5,0.6,,0.4,52,86.5,16.06,0.25,1.61,0.309,9.31,11.9,0.229,1.45
55.0,4.0,1.0,1.5,3.0,0.6,3600,0.4,68,75.0,21.03,0.66,1.99,0.309,6.08,15.59,0.229,1.69
55.0,4.0,1.0,1.5,3.0,0.8,3600,0.4,68,75.0,21.03,0.66,1.99,0.309,6.08,15.59,0.229,1.69
55.0,5.0,0.7,2.5,3.0,0.4,14400,0.2,52,92.3,16.05,0.15,1.8,0.309,9.2,11.89,0.229,1.59
55.0,5.0,0.7,2.5,4.5,0.4,14400,0.2,52,92.3,16.05,0.15,1.8,0.309,9.2,11.89,0.229,1.59
55.0,5.0,1.0,2.5,3.0,0.6,2400,0.4,80,82.5,24.74,0.54,2.53,0.309,5.2,18.34,0.229,2.04
55.0,5.0,1.0,2.5,3.0,0.8,2400,0.4,80,82.5,24.74,0.54,2.53,0.309,5.2,18.34,0.229,2.04
40.0,5.0,1.0,2.5,3.0,0.6,7200,0.4,72,86.1,22.17,0.25,1.55,0.308,9.02,16.41,0.228,1.4
40.0,5.0,1.0,2.5,3.0,0.8,14400,0.8,83,79.5,25.58,0.43,1.69,0.308,10.0,18.94,0.228,1.49
45.0,3.0,1.5,2.5,3.0,0.8,7200,0.4,115,78.3,35.37,0.46,1.65,0.308,8.16,26.17,0.228,1.46
45.0,3.0,1.5,2.5,4.5,0.8,7200,0.4,115,78.3,35.37,0.46,1.65,0.308,8.16,26.17,0.228,1.46
45.0,4.0,0.7,2.5,4.5,0.6,,0.4,73,84.9,22.51,0.29,1.65,0.308,11.9,16.67,0.228,1.47
45.0,5.0,1.5,2.5,3.0,0.4,7200,0.8,141,74.5,43.42,0.82,2.38,0.308,6.14,32.13,0.228,1.92
45.0,5.0,1.5,2.5,4.5,0.4,7200,0.8,141,74.5,43.42,0.82,2.38,0.308,6.14,32.13,0.228,1.92
50.0,4.0,0.7,1.5,3.0,0.6,14400,0.2,89,89.9,27.37,0.21,1.91,0.308,14.0,20.25,0.228,1.65
50.0,4.0,1.0,1.5,4.5,0.6,,0.4,68,85.3,20.91,0.26,1.52,0.308,14.51,15.47,0.228,1.38
50.0,5.0,1.5,2.5,3.0,0.4,3600,0.4,76,80.3,23.41,0.46,1.89,0.308,5.2,17.33,0.228,1.62
40.0,5.0,1.0,1.5,4.5,0.8,7200,0.2,69,88.4,21.21,0.2,1.53,0.307,9.02,15.69,0.227,1.39
40.0,5.0,1.0,2.5,3.0,0.4,2400,0.2,73,87.7,22.43,0.22,1.56,0.307,9.02,16.58,0.227,1.41
40.0,5.0,1.0,2.5,4.5,0.4,2400,0.2,73,87.7,22.43,0.22,1.56,0.307,9.02,16.58,0.227,1.41
45.0,4.0,1.5,2.5,3.0,0.6,3600,0.2,74,85.1,22.74,0.26,1.52,0.307,13.26,16.82,0.227,1.37
45.0,4.0,1.5,2.5,4.5,0.6,3600,0.2,74,85.1,22.74,0.26,1.52,0.307,13.26,16.82,0.227,1.37
50.0,4.0,0.7,1.5,3.0,0.4,14400,0.2,89,89.9,27.35,0.21,1.9,0.307,13.88,20.23,0.227,1.65
50.0,4.0,0.7,1.5,4.5,0.4,14400,0.2,89,89.9,27.35,0.21,1.9,0.307,13.88,20.23,0.227,1.65
50.0,4.0,0.7,1.5,4.5,0.6,14400,0.2,89,89.9,27.35,0.21,1.9,0.307,14.0,20.23,0.227,1.65
50.0,5.0,0.7,2.5,3.0,0.6,3600,0.2,80,92.5,24.56,0.16,1.98,0.307,8.63,18.16,0.227,1.71
50.0,5.0,0.7,2.5,4.5,0.6,3600,0.2,80,92.5,24.56,0.16,1.98,0.307,8.63,18.16,0.227,1.71
50.0,5.0,1.5,2.5,4.5,0.4,3600,0.4,76,80.3,23.32,0.46,1.89,0.307,5.2,17.24,0.227,1.62
55.0,3.0,1.0,2.5,3.0,0.4,2400,0.2,71,83.1,21.77,0.34,1.66,0.307,7.15,16.09,0.227,1.47
55.0,3.0,1.0,2.5,4.5,0.4,2400,0.2,71,83.1,21.77,0.34,1.66,0.307,7.15,16.09,0.227,1.47
55.0,4.0,1.0,1.5,4.5,0.6,3600,0.4,68,75.0,20.9,0.66,1.98,0.307,6.08,15.46,0.227,1.68
55.0,4.0,1.0,1.5,4.5,0.8,3600,0.4,68,75.0,20.85,0.66,1.98,0.307,6.08,15.41,0.227,1.68
55.0,4.0,1.5,2.5,3.0,0.4,14400,0.8,69,73.9,21.18,0.64,1.81,0.307,7.1,15.66,0.227,1.56
55.0,4.0,1.5,2.5,4.5,0.4,14400,0.8,69,73.9,21.18,0.64,1.81,0.307,7.1,15.66,0.227,1.56
55.0,5.0,0.7,2.5,3.0,0.6,14400,0.2,52,92.3,15.96,0.15,1.8,0.307,9.32,11.8,0.227,1.58
55.0,5.0,0.7,2.5,3.0,0.8,7200,0.2,52,92.3,15.95,0.15,1.8,0.307,9.38,11.79,0.227,1.58
55.0,5.0,0.7,2.5,4.5,0.6,14400,0.2,52,92.3,15.94,0.15,1.8,0.307,9.32,11.78,0.227,1.58
55.0,5.0,0.7,2.5,4.5,0.8,7200,0.2,52,92.3,15.95,0.15,1.8,0.307,9.38,11.79,0.227,1.58
55.0,5.0,1.0,1.5,3.0,0.4,2400,0.4,80,82.5,24.53,0.53,2.52,0.307,5.2,18.13,0.227,2.03
55.0,5.0,1.0,2.5,4.5,0.6,2400,0.4,80,82.5,24.6,0.54,2.53,0.308,5.2,18.2,0.227,2.04
55.0,5.0,1.0,2.5,4.5,0.8,2400,0.4,80,82.5,24.55,0.54,2.52,0.307,5.2,18.15,0.227,2.03
40.0,5.0,1.0,1.5,3.0,0.4,7200,0.4,72,86.1,22.02,0.25,1.55,0.306,9.02,16.26,0.226,1.4
40.0,5.0,1.0,2.5,4.5,0.6,7200,0.4,72,86.1,22.03,0.25,1.55,0.306,9.02,16.27,0.226,1.4
45.0,3.0,1.5,2.5,3.0,0.4,,0.4,108,80.6,33.01,0.37,1.52,0.306,8.06,24.37,0.226,1.38
45.0,3.0,1.5,2.5,4.5,0.4,,0.4,108,80.6,33.0,0.37,1.52,0.306,8.06,24.36,0.226,1.38
45.0,5.0,1.5,2.5,3.0,0.8,3600,0.2,64,87.5,19.6,0.21,1.49,0.306,17.56,14.48,0.226,1.36
45.0,5.0,1.5,2.5,4.5,0.8,3600,0.2,64,87.5,19.6,0.21,1.49,0.306,17.56,14.48,0.226,1.36
50.0,5.0,0.7,1.5,3.0,0.8,3600,0.2,80,92.5,24.46,0.16,1.98,0.306,8.6,18.06,0.226,1.71
50.0,5.0,0.7,1.5,4.5,0.8,3600,0.2,80,92.5,24.46,0.16,1.98,0.306,8.6,18.06,0.226,1.71
50.0,5.0,1.5,2.5,3.0,0.4,1200,0.2,71,83.1,21.73,0.33,1.62,0.306,14.13,16.05,0.226,1.44
50.0,5.0,1.5,2.5,4.5,0.4,1200,0.2,71,83.1,21.73,0.33,1.62,0.306,14.13,16.05,0.226,1.44
55.0,3.0,0.7,2.5,4.5,0.4,,0.4,66,83.3,20.23,0.32,1.61,0.307,7.41,14.95,0.226,1.44
55.0,5.0,0.7,2.5,3.0,0.6,7200,0.2,52,92.3,15.91,0.15,1.8,0.306,9.32,11.75,0.226,1.58
55.0,5.0,0.7,2.5,4.5,0.6,7200,0.2,52,92.3,15.91,0.15,1.8,0.306,9.32,11.75,0.226,1.58
55.0,5.0,1.0,1.5,4.5,0.4,2400,0.4,80,82.5,24.44,0.53,2.52,0.306,5.2,18.04,0.226,2.03
40.0,5.0,1.0,1.5,4.5,0.4,7200,0.4,72,86.1,21.92,0.25,1.55,0.304,9.02,16.16,0.225,1.39
45.0,3.0,1.5,2.5,3.0,0.8,14400,0.2,106,82.1,32.33,0.34,1.57,0.305,7.81,23.85,0.225,1.41
45.0,3.0,1.5,2.5,4.5,0.8,14400,0.2,106,82.1,32.33,0.34,1.57,0.305,7.81,23.85,0.225,1.41
50.0,2.0,1.5,2.5,3.0,0.6,,0.4,94,74.5,28.67,0.55,1.6,0.305,9.33,21.14,0.225,1.42
50.0,4.0,1.0,1.5,3.0,0.6,,0.4,68,85.3,20.72,0.26,1.52,0.305,14.51,15.28,0.225,1.37
50.0,5.0,1.5,2.5,3.0,0.6,7200,0.4,73,83.6,22.29,0.32,1.63,0.305,14.51,16.45,0.225,1.45
50.0,5.0,1.5,2.5,4.5,0.6,7200,0.4,73,83.6,22.29,0.32,1.63,0.305,14.51,16.45,0.225,1.45
55.0,5.0,1.0,1.5,3.0,0.6,2400,0.4,80,82.5,24.4,0.53,2.51,0.305,5.2,18.0,0.225,2.02
55.0,5.0,1.0,1.5,3.0,0.8,2400,0.4,80,82.5,24.4,0.53,2.51,0.305,5.2,18.0,0.225,2.02
45.0,3.0,1.5,2.5,3.0,0.4,3600,0.2,106,80.2,32.19,0.38,1.54,0.304,8.06,23.71,0.224,1.38
45.0,3.0,1.5,2.5,3.0,0.8,14400,0.4,112,81.2,34.02,0.37,1.6,0.304,7.81,25.06,0.224,1.43
45.0,3.0,1.5,2.5,4.5,0.4,3600,0.2,106,80.2,32.19,0.38,1.54,0.304,8.06,23.71,0.224,1.38
45.0,3.0,1.5,2.5,4.5,0.8,14400,0.4,112,81.2,34.02,0.37,1.6,0.304,7.81,25.06,0.224,1.43
45.0,4.0,0.7,1.5,3.0,0.6,,0.4,73,84.9,22.18,0.29,1.64,0.304,11.74,16.34,0.224,1.46
45.0,4.0,1.0,1.5,4.5,0.8,,0.4,71,84.5,21.6,0.27,1.49,0.304,13.49,15.92,0.224,1.35
50.0,2.0,1.5,2.5,4.5,0.6,,0.4,94,74.5,28.61,0.55,1.6,0.304,9.33,21.09,0.224,1.42
55.0,3.0,0.7,2.5,3.0,0.4,,0.4,66,83.3,20.07,0.32,1.61,0.304,7.41,14.79,0.224,1.44
55.0,3.0,1.0,2.5,3.0,0.8,2400,0.2,71,83.1,21.62,0.34,1.65,0.305,7.1,15.94,0.224,1.47
55.0,3.0,1.0,2.5,4.5,0.8,2400,0.2,71,83.1,21.62,0.34,1.65,0.305,7.1,15.94,0.224,1.47
55.0,5.0,0.7,2.5,3.0,0.8,14400,0.8,63,82.5,19.14,0.46,2.15,0.304,5.0,14.1,0.224,1.8
55.0,5.0,0.7,2.5,4.5,0.8,14400,0.8,63,82.5,19.12,0.46,2.15,0.303,5.0,14.08,0.224,1.8
40.0,4.0,1.0,2.5,3.0,0.4,7200,0.2,90,85.6,27.24,0.26,1.52,0.303,10.97,20.04,0.223,1.38
40.0,4.0,1.0,2.5,4.5,0.4,7200,0.2,90,85.6,27.24,0.26,1.52,0.303,10.97,20.04,0.223,1.38
40.0,5.0,1.0,1.5,3.0,0.4,2400,0.2,73,87.7,22.14,0.22,1.55,0.303,9.02,16.3,0.223,1.4
40.0,5.0,1.0,1.5,3.0,0.8,,0.4,75,88.0,22.75,0.21,1.51,0.303,10.86,16.75,0.223,1.37
40.0,5.0,1.0,1.5,4.5,0.4,2400,0.2,73,87.7,22.14,0.22,1.55,0.303,9.02,16.3,0.223,1.4
45.0,4.0,0.7,2.5,3.0,0.6,,0.4,73,84.9,22.09,0.29,1.64,0.303,11.9,16.25,0.223,1.46
45.0,5.0,1.5,2.5,3.0,0.8,7200,0.8,142,77.5,43.09,0.7,2.39,0.303,7.24,31.73,0.223,1.93
45.0,5.0,1.5,2.5,4.5,0.8,7200,0.8,142,77.5,43.09,0.7,2.39,0.303,7.24,31.73,0.223,1.93
50.0,5.0,0.7,1.5,3.0,0.6,3600,0.2,80,92.5,24.25,0.16,1.97,0.303,8.63,17.86,0.223,1.7
50.0,5.0,0.7,1.5,4.5,0.6,3600,0.2,80,92.5,24.25,0.16,1.97,0.303,8.63,17.86,0.223,1.7
55.0,3.0,1.0,1.5,3.0,0.4,2400,0.2,71,83.1,21.5,0.34,1.65,0.303,7.15,15.82,0.223,1.46
55.0,3.0,1.0,1.5,4.5,0.4,2400,0.2,71,83.1,21.5,0.34,1.65,0.303,7.15,15.82,0.223,1.46
55.0,3.0,1.0,2.5,3.0,0.6,2400,0.2,71,83.1,21.5,0.34,1.65,0.303,7.27,15.82,0.223,1.46
55.0,3.0,1.0,2.5,4.5,0.6,2400,0.2,71,83.1,21.5,0.34,1.65,0.303,7.27,15.82,0.223,1.46
55.0,5.0,1.0,1.5,4.5,0.6,2400,0.4,80,82.5,24.27,0.53,2.5,0.303,5.2,17.87,0.223,2.02
55.0,5.0,1.0,1.5,4.5,0.8,2400,0.4,80,82.5,24.22,0.53,2.5,0.303,5.2,17.82,0.223,2.01
40.0,5.0,1.0,2.5,3.0,0.8,7200,0.4,72,86.1,21.73,0.25,1.54,0.302,9.02,15.97,0.222,1.39
50.0,5.0,1.0,2.5,3.0,0.8,14400,0.8,74,82.4,22.33,0.37,1.72,0.302,14.3,16.41,0.222,1.51
55.0,4.0,1.5,2.5,3.0,0.6,2400,0.2,58,84.5,17.5,0.3,1.62,0.302,9.58,12.86,0.222,1.45
55.0,4.0,1.5,2.5,4.5,0.6,2400,0.2,58,84.5,17.5,0.3,1.62,0.302,9.58,12.86,0.222,1.45
55.0,5.0,0.7,1.5,3.0,0.4,7200,0.2,52,92.3,15.7,0.15,1.79,0.302,9.2,11.54,0.222,1.57
55.0,5.0,0.7,1.5,4.5,0.4,7200,0.2,52,92.3,15.7,0.15,1.79,0.302,9.2,11.54,0.222,1.57
40.0,4.0,1.0,2.5,3.0,0.4,,0.4,85,84.7,25.62,0.27,1.49,0.301,10.47,18.82,0.221,1.35
40.0,4.0,1.0,2.5,4.5,0.4,,0.4,85,84.7,25.62,0.27,1.49,0.301,10.47,18.82,0.221,1.35
40.0,5.0,1.0,2.5,3.0,0.6,2400,0.2,73,87.7,21.94,0.22,1.55,0.301,9.02,16.1,0.221,1.39
40.0,5.0,1.0,2.5,4.5,0.6,2400,0.2,73,87.7,21.94,0.22,1.55,0.301,9.02,16.1,0.221,1.39
45.0,3.0,0.7,2.5,4.5,0.6,,0.4,105,81.9,31.62,0.36,1.62,0.301,8.27,23.22,0.221,1.44
45.0,4.0,1.5,2.5,4.5,0.6,,0.4,73,84.9,22.0,0.27,1.5,0.301,13.52,16.16,0.221,1.36
50.0,5.0,1.0,2.5,4.5,0.8,14400,0.8,74,82.4,22.31,0.37,1.72,0.301,14.3,16.39,0.221,1.51
55.0,3.0,1.0,1.5,3.0,0.8,2400,0.2,71,83.1,21.35,0.33,1.65,0.301,7.1,15.67,0.221,1.46
55.0,3.0,1.0,1.5,4.5,0.8,2400,0.2,71,83.1,21.35,0.33,1.65,0.301,7.1,15.67,0.221,1.46
55.0,5.0,0.7,2.5,3.0,0.4,14400,0.4,53,90.6,15.93,0.19,1.79,0.301,9.2,11.69,0.221,1.57
55.0,5.0,0.7,2.5,4.5,0.4,14400,0.4,53,90.6,15.93,0.19,1.79,0.301,9.2,11.69,0.221,1.57
40.0,5.0,1.0,2.5,4.5,0.8,7200,0.4,72,86.1,21.63,0.25,1.54,0.3,9.02,15.87,0.22,1.39
50.0,5.0,1.0,2.5,3.0,0.4,2400,0.4,102,81.4,30.56,0.5,2.17,0.3,5.0,22.4,0.22,1.8
50.0,5.0,1.0,2.5,3.0,0.6,14400,0.8,74,82.4,22.18,0.37,1.72,0.3,14.25,16.26,0.22,1.51
50.0,2.0,1.0,2.5,3.0,0.8,,0.4,89,74.2,26.59,0.55,1.58,0.299,9.26,19.47,0.219,1.41
50.0,3.0,1.5,2.5,3.0,0.4,1200,0.2,102,77.5,30.49,0.48,1.63,0.299,9.18,22.33,0.219,1.44
50.0,3.0,1.5,2.5,4.5,0.4,1200,0.2,102,77.5,30.49,0.48,1.63,0.299,9.18,22.33,0.219,1.44
50.0,5.0,1.0,2.5,4.5,0.4,2400,0.4,102,81.4,30.48,0.5,2.16,0.299,5.0,22.32,0.219,1.8
50.0,5.0,1.0,2.5,4.5,0.6,14400,0.8,74,82.4,22.16,0.37,1.71,0.299,14.25,16.23,0.219,1.51
55.0,3.0,1.0,1.5,3.0,0.6,2400,0.2,71,83.1,21.23,0.33,1.64,0.299,7.27,15.55,0.219,1.46
55.0,3.0,1.0,1.5,4.5,0.6,2400,0.2,71,83.1,21.23,0.33,1.64,0.299,7.27,15.55,0.219,1.46
55.0,5.0,0.7,2.5,3.0,0.6,14400,0.4,53,90.6,15.85,0.19,1.79,0.299,9.32,11.61,0.219,1.56
55.0,5.0,0.7,2.5,4.5,0.6,14400,0.4,53,90.6,15.82,0.19,1.78,0.298,9.32,11.58,0.219,1.56
40.0,4.0,1.5,2.5,3.0,0.6,,0.4,93,84.9,27.76,0.27,1.5,0.298,10.67,20.32,0.218,1.36
40.0,5.0,1.0,1.5,3.0,0.6,2400,0.2,73,87.7,21.72,0.22,1.54,0.298,9.02,15.88,0.218,1.39
40.0,5.0,1.0,1.5,4.5,0.6,2400,0.2,73,87.7,21.72,0.22,1.54,0.298,9.02,15.88,0.218,1.39
50.0,2.0,1.5,2.5,3.0,0.8,14400,0.4,97,74.2,28.93,0.56,1.63,0.298,11.33,21.17,0.218,1.44
50.0,2.0,1.5,2.5,4.5,0.8,14400,0.4,97,74.2,28.86,0.56,1.62,0.298,11.33,21.1,0.218,1.44
55.0,3.0,0.7,1.5,4.5,0.4,,0.4,66,83.3,19.65,0.32,1.6,0.298,7.15,14.37,0.218,1.42
55.0,5.0,0.7,1.5,3.0,0.8,14400,0.2,52,92.3,15.5,0.15,1.77,0.298,9.38,11.34,0.218,1.56
55.0,5.0,0.7,1.5,4.5,0.8,14400,0.2,52,92.3,15.47,0.15,1.77,0.298,9.38,11.31,0.218,1.56
50.0,5.0,1.0,1.5,3.0,0.4,2400,0.4,102,81.4,30.31,0.49,2.16,0.297,5.0,22.15,0.217,1.79
40.0,4.0,1.0,1.5,3.0,0.4,7200,0.2,90,85.6,26.6,0.26,1.51,0.296,10.97,19.4,0.216,1.37
40.0,4.0,1.0,1.5,4.5,0.4,7200,0.2,90,85.6,26.6,0.26,1.51,0.296,10.97,19.4,0.216,1.37
40.0,4.0,1.0,2.5,3.0,0.6,7200,0.2,90,85.6,26.64,0.26,1.51,0.296,11.09,19.44,0.216,1.37
40.0,4.0,1.0,2.5,4.5,0.6,7200,0.2,90,85.6,26.64,0.26,1.51,0.296,11.09,19.44,0.216,1.37
40.0,5.0,1.0,1.5,3.0,0.6,7200,0.4,72,86.1,21.34,0.25,1.53,0.296,9.02,15.58,0.216,1.38
40.0,5.0,1.0,2.5,3.0,0.8,2400,0.2,73,87.7,21.64,0.22,1.54,0.296,9.02,15.8,0.216,1.39
40.0,5.0,1.0,2.5,4.5,0.8,2400,0.2,73,87.7,21.64,0.22,1.54,0.296,9.02,15.8,0.216,1.39
45.0,4.0,1.5,2.5,3.0,0.6,,0.4,73,84.9,21.59,0.26,1.49,0.296,13.52,15.75,0.216,1.35
45.0,4.0,1.5,2.5,3.0,0.8,14400,0.2,74,85.1,21.93,0.26,1.5,0.296,13.56,16.01,0.216,1.36
45.0,4.0,1.5,2.5,4.5,0.8,14400,0.2,74,85.1,21.93,0.26,1.5,0.296,13.56,16.01,0.216,1.36
50.0,5.0,1.0,1.5,4.5,0.4,2400,0.4,102,81.4,30.22,0.49,2.15,0.296,5.0,22.06,0.216,1.79
40.0,4.0,1.5,2.5,3.0,0.6,7200,0.2,96,85.4,28.33,0.26,1.51,0.295,10.6,20.65,0.215,1.36
40.0,4.0,1.5,2.5,4.5,0.6,7200,0.2,96,85.4,28.33,0.26,1.51,0.295,10.6,20.65,0.215,1.36
40.0,4.0,1.5,2.5,4.5,0.6,14400,0.2,93,84.9,27.45,0.26,1.49,0.295,10.6,20.01,0.215,1.35
40.0,5.0,1.0,2.5,3.0,0.4,3600,0.2,69,87.0,20.36,0.23,1.51,0.295,9.02,14.84,0.215,1.36
40.0,5.0,1.0,2.5,4.5,0.4,3600,0.2,69,87.0,20.36,0.23,1.51,0.295,9.02,14.84,0.215,1.36
45.0,3.0,1.5,2.5,3.0,0.6,2400,0.2,105,81.0,31.02,0.37,1.57,0.295,8.25,22.62,0.215,1.4
45.0,3.0,1.5,2.5,4.5,0.6,2400,0.2,105,81.0,31.02,0.37,1.57,0.295,8.25,22.62,0.215,1.4
45.0,5.0,1.5,2.5,3.0,0.6,7200,0.2,64,87.5,18.91,0.21,1.47,0.295,17.26,13.78,0.215,1.34
45.0,5.0,1.5,2.5,4.5,0.6,7200,0.2,64,87.5,18.91,0.21,1.47,0.295,17.26,13.78,0.215,1.34
50.0,2.0,1.5,2.5,3.0,0.4,2400,0.2,100,74.0,29.54,0.57,1.61,0.295,9.76,21.54,0.215,1.43
50.0,2.0,1.5,2.5,4.5,0.4,2400,0.2,100,74.0,29.54,0.57,1.61,0.295,9.76,21.54,0.215,1.43
50.0,5.0,1.0,2.5,3.0,0.6,2400,0.4,102,81.4,30.14,0.49,2.15,0.295,5.0,21.98,0.215,1.78
50.0,5.0,1.0,2.5,3.0,0.8,2400,0.4,102,81.4,30.12,0.49,2.15,0.295,5.0,21.97,0.215,1.78
55.0,3.0,0.7,1.5,3.0,0.4,,0.4,66,83.3,19.49,0.32,1.59,0.295,7.15,14.21,0.215,1.42
55.0,4.0,1.0,2.5,3.0,0.8,14400,0.8,67,74.6,19.76,0.6,1.75,0.295,7.23,14.4,0.215,1.52
55.0,4.0,1.0,2.5,4.5,0.8,14400,0.8,67,74.6,19.73,0.6,1.75,0.294,7.23,14.37,0.215,1.52
55.0,5.0,0.7,2.5,3.0,0.4,3600,0.2,53,90.6,15.62,0.19,1.78,0.295,9.2,11.38,0.215,1.56
55.0,5.0,0.7,2.5,4.5,0.4,3600,0.2,53,90.6,15.62,0.19,1.78,0.295,9.2,11.38,0.215,1.56
40.0,4.0,1.0,1.5,3.0,0.4,,0.4,85,84.7,25.0,0.27,1.48,0.294,10.44,18.2,0.214,1.34
40.0,4.0,1.0,1.5,4.5,0.4,,0.4,85,84.7,24.99,0.27,1.48,0.294,10.44,18.19,0.214,1.34
40.0,4.0,1.5,2.5,3.0,0.6,14400,0.2,93,84.9,27.31,0.26,1.49,0.294,10.6,19.87,0.214,1.35
40.0,5.0,1.0,1.5,3.0,0.8,2400,0.2,73,87.7,21.49,0.22,1.54,0.294,9.02,15.65,0.214,1.38
40.0,5.0,1.0,1.5,4.5,0.6,7200,0.4,72,86.1,21.2,0.25,1.53,0.294,9.02,15.44,0.214,1.38
40.0,5.0,1.0,1.5,4.5,0.8,2400,0.2,73,87.7,21.49,0.22,1.54,0.294,9.02,15.65,0.214,1.38
45.0,5.0,1.5,2.5,3.0,0.6,14400,0.4,70,85.7,20.59,0.25,1.51,0.294,17.26,14.99,0.214,1.37
45.0,5.0,1.5,2.5,4.5,0.6,14400,0.4,70,85.7,20.59,0.25,1.51,0.294,17.26,14.99,0.214,1.37
50.0,5.0,1.0,2.5,3.0,0.4,14400,0.2,57,87.7,16.74,0.21,1.48,0.294,14.08,12.18,0.214,1.34
50.0,5.0,1.0,2.5,4.5,0.4,14400,0.2,57,87.7,16.74,0.21,1.48,0.294,14.08,12.18,0.214,1.34
50.0,5.0,1.0,2.5,4.5,0.6,2400,0.4,102,81.4,30.0,0.49,2.15,0.294,5.0,21.84,0.214,1.78
50.0,5.0,1.0,2.5,4.5,0.8,2400,0.4,102,81.4,29.94,0.49,2.14,0.294,5.0,21.78,0.214,1.78
55.0,5.0,0.7,1.5,3.0,0.4,14400,0.2,52,92.3,15.3,0.15,1.77,0.294,9.2,11.14,0.214,1.55
55.0,5.0,0.7,1.5,3.0,0.8,7200,0.2,52,92.3,15.29,0.15,1.76,0.294,9.38,11.13,0.214,1.55
55.0,5.0,0.7,1.5,4.5,0.4,14400,0.2,52,92.3,15.3,0.15,1.77,0.294,9.2,11.14,0.214,1.55
55.0,5.0,0.7,1.5,4.5,0.8,7200,0.2,52,92.3,15.29,0.15,1.76,0.294,9.38,11.13,0.214,1.55
40.0,4.0,1.5,2.5,3.0,0.4,1200,0.2,105,79.0,30.77,0.43,1.63,0.293,10.37,22.37,0.213,1.44
40.0,4.0,1.5,2.5,4.5,0.4,1200,0.2,105,79.0,30.77,0.43,1.63,0.293,10.37,22.37,0.213,1.44
40.0,5.0,1.0,1.5,3.0,0.6,14400,0.8,83,79.5,24.32,0.43,1.65,0.293,10.0,17.68,0.213,1.46
45.0,3.0,1.5,2.5,3.0,0.6,7200,0.4,118,78.0,34.59,0.46,1.63,0.293,8.25,25.15,0.213,1.44
45.0,3.0,1.5,2.5,4.5,0.6,7200,0.4,118,78.0,34.59,0.46,1.63,0.293,8.25,25.15,0.213,1.44
45.0,4.0,1.0,1.5,3.0,0.8,,0.4,72,84.7,21.1,0.27,1.48,0.293,13.49,15.34,0.213,1.34
45.0,5.0,1.5,2.5,3.0,0.8,14400,0.2,64,87.5,18.77,0.21,1.47,0.293,17.56,13.65,0.213,1.34
45.0,5.0,1.5,2.5,4.5,0.8,14400,0.2,64,87.5,18.77,0.21,1.47,0.293,17.56,13.65,0.213,1.34
50.0,2.0,1.0,2.5,4.5,0.8,,0.4,88,73.9,25.76,0.55,1.56,0.293,9.26,18.72,0.213,1.39
50.0,2.0,1.5,2.5,3.0,0.4,7200,0.2,93,73.1,27.29,0.58,1.57,0.293,9.76,19.85,0.213,1.4
50.0,2.0,1.5,2.5,3.0,0.6,14400,0.4,99,73.7,29.0,0.58,1.63,0.293,11.03,21.08,0.213,1.43
50.0,2.0,1.5,2.5,4.5,0.4,7200,0.2,93,73.1,27.29,0.58,1.57,0.293,9.76,19.85,0.213,1.4
50.0,2.0,1.5,2.5,4.5,0.6,14400,0.4,99,73.7,28.98,0.58,1.62,0.293,11.03,21.06,0.213,1.43
50.0,5.0,1.0,1.5,3.0,0.6,2400,0.4,102,81.4,29.88,0.49,2.14,0.293,5.0,21.72,0.213,1.78
50.0,5.0,1.0,1.5,3.0,0.6,14400,0.8,74,82.4,21.68,0.36,1.7,0.293,14.25,15.76,0.213,1.49
50.0,5.0,1.0,1.5,3.0,0.8,2400,0.4,102,81.4,29.87,0.49,2.14,0.293,5.0,21.71,0.213,1.78
50.0,5.0,1.0,1.5,4.5,0.6,14400,0.8,74,82.4,21.66,0.36,1.7,0.293,14.25,15.74,0.213,1.49
55.0,5.0,0.7,2.5,3.0,0.4,14400,0.8,63,82.5,18.47,0.45,2.11,0.293,5.0,13.43,0.213,1.76
55.0,5.0,0.7,2.5,4.5,0.4,14400,0.8,63,82.5,18.47,0.45,2.11,0.293,5.0,13.43,0.213,1.76
45.0,3.0,0.7,1.5,3.0,0.6,,0.4,106,82.1,30.96,0.35,1.61,0.292,8.27,22.48,0.212,1.43
45.0,4.0,1.5,2.5,3.0,0.6,14400,0.2,74,85.1,21.63,0.26,1.49,0.292,13.26,15.71,0.212,1.35
45.0,4.0,1.5,2.5,4.5,0.6,14400,0.2,74,85.1,21.63,0.26,1.49,0.292,13.26,15.71,0.212,1.35
45.0,5.0,1.5,2.5,3.0,0.6,14400,0.8,94,79.8,27.43,0.44,1.72,0.292,13.36,19.91,0.212,1.5
45.0,5.0,1.5,2.5,3.0,0.8,7200,0.4,80,83.8,23.33,0.31,1.58,0.292,17.56,16.93,0.212,1.41
45.0,5.0,1.5,2.5,4.5,0.6,14400,0.8,94,79.8,27.43,0.44,1.72,0.292,13.36,19.91,0.212,1.5
45.0,5.0,1.5,2.5,4.5,0.6,,0.4,64,87.5,18.69,0.21,1.47,0.292,17.52,13.57,0.212,1.33
45.0,5.0,1.5,2.5,4.5,0.8,7200,0.4,80,83.8,23.33,0.31,1.58,0.292,17.56,16.93,0.212,1.41
50.0,5.0,1.0,1.5,3.0,0.8,14400,0.8,74,82.4,21.61,0.36,1.7,0.292,14.3,15.69,0.212,1.49
50.0,5.0,1.0,1.5,4.5,0.6,2400,0.4,102,81.4,29.75,0.49,2.14,0.292,5.0,21.59,0.212,1.77
50.0,5.0,1.0,1.5,4.5,0.8,14400,0.8,74,82.4,21.58,0.36,1.7,0.292,14.3,15.66,0.212,1.49
50.0,5.0,1.5,2.5,3.0,0.6,2400,0.4,107,82.2,31.21,0.47,2.19,0.292,5.0,22.65,0.212,1.81
50.0,5.0,1.5,2.5,3.0,0.6,3600,0.2,58,87.9,16.96,0.2,1.48,0.292,14.33,12.32,0.212,1.35
50.0,5.0,1.5,2.5,4.5,0.6,3600,0.2,58,87.9,16.96,0.2,1.48,0.292,14.33,12.32,0.212,1.35
55.0,5.0,0.7,1.5,3.0,0.6,7200,0.2,52,92.3,15.21,0.15,1.76,0.293,9.32,11.05,0.212,1.54
55.0,5.0,0.7,1.5,4.5,0.6,7200,0.2,52,92.3,15.21,0.15,1.76,0.293,9.32,11.05,0.212,1.54
55.0,5.0,0.7,2.5,3.0,0.6,3600,0.2,53,90.6,15.45,0.18,1.77,0.292,9.32,11.21,0.212,1.55
55.0,5.0,0.7,2.5,4.5,0.6,3600,0.2,53,90.6,15.45,0.18,1.77,0.292,9.32,11.21,0.212,1.55
40.0,5.0,1.0,1.5,3.0,0.8,7200,0.4,72,86.1,20.98,0.25,1.52,0.291,9.02,15.23,0.211,1.37
40.0,5.0,1.0,1.5,4.5,0.6,14400,0.8,83,79.5,24.14,0.42,1.65,0.291,10.0,17.5,0.211,1.45
45.0,3.0,1.5,2.5,3.0,0.8,2400,0.2,105,80.0,30.61,0.39,1.56,0.292,7.81,22.21,0.211,1.4
45.0,3.0,1.5,2.5,4.5,0.8,2400,0.2,105,80.0,30.61,0.39,1.56,0.292,7.81,22.21,0.211,1.4
50.0,3.0,1.5,2.5,3.0,0.4,7200,0.4,95,76.8,27.67,0.47,1.57,0.291,9.09,20.07,0.211,1.4
50.0,3.0,1.5,2.5,3.0,0.8,1200,0.2,105,76.2,30.56,0.51,1.63,0.291,9.87,22.16,0.211,1.44
50.0,3.0,1.5,2.5,4.5,0.4,7200,0.4,95,76.8,27.67,0.47,1.57,0.291,9.09,20.07,0.211,1.4
50.0,3.0,1.5,2.5,4.5,0.8,1200,0.2,105,76.2,30.51,0.51,1.63,0.291,9.87,22.11,0.211,1.44
50.0,5.0,1.0,1.5,4.5,0.8,2400,0.4,102,81.4,29.68,0.49,2.13,0.291,5.0,21.52,0.211,1.77
55.0,3.0,0.7,1.5,3.0,0.8,,0.4,64,82.8,18.61,0.32,1.56,0.291,8.32,13.49,0.211,1.4
55.0,5.0,0.7,2.5,3.0,0.6,14400,0.8,63,82.5,18.33,0.45,2.1,0.291,5.0,13.29,0.211,1.76
55.0,5.0,0.7,2.5,3.0,0.8,3600,0.2,53,90.6,15.44,0.18,1.77,0.291,9.29,11.2,0.211,1.55
55.0,5.0,0.7,2.5,4.5,0.6,14400,0.8,63,82.5,18.31,0.44,2.1,0.291,5.0,13.27,0.211,1.76
55.0,5.0,0.7,2.5,4.5,0.8,3600,0.2,53,90.6,15.44,0.18,1.77,0.291,9.29,11.2,0.211,1.55
40.0,5.0,1.0,1.5,3.0,0.4,3600,0.2,69,87.0,20.0,0.22,1.5,0.29,9.02,14.48,0.21,1.35
40.0,5.0,1.0,1.5,4.5,0.4,3600,0.2,69,87.0,20.0,0.22,1.5,0.29,9.02,14.48,0.21,1.35
40.0,5.0,1.0,1.5,4.5,0.8,7200,0.4,72,86.1,20.89,0.25,1.52,0.29,9.02,15.13,0.21,1.37
45.0,5.0,1.5,2.5,3.0,0.6,3600,0.2,64,87.5,18.58,0.21,1.46,0.29,17.26,13.46,0.21,1.33
45.0,5.0,1.5,2.5,3.0,0.8,2400,0.2,66,84.8,19.16,0.26,1.48,0.29,17.56,13.88,0.21,1.34
45.0,5.0,1.5,2.5,4.5,0.6,3600,0.2,64,87.5,18.58,0.21,1.46,0.29,17.26,13.46,0.21,1.33
45.0,5.0,1.5,2.5,4.5,0.8,2400,0.2,66,84.8,19.16,0.26,1.48,0.29,17.56,13.88,0.21,1.34
50.0,2.0,1.5,2.5,3.0,0.8,7200,0.2,93,74.2,26.93,0.54,1.56,0.29,9.62,19.49,0.21,1.39
50.0,5.0,1.5,2.5,4.5,0.6,2400,0.4,107,82.2,31.08,0.47,2.19,0.29,5.0,22.52,0.21,1.8
55.0,3.0,0.7,1.5,4.5,0.8,,0.4,63,82.5,18.25,0.33,1.55,0.29,8.48,13.21,0.21,1.39
55.0,5.0,0.7,1.5,3.0,0.8,14400,0.4,53,90.6,15.38,0.18,1.76,0.29,9.38,11.14,0.21,1.54
55.0,5.0,0.7,1.5,4.5,0.8,14400,0.4,53,90.6,15.36,0.18,1.76,0.29,9.38,11.12,0.21,1.54
40.0,4.0,1.0,1.5,3.0,0.6,7200,0.2,90,85.6,26.01,0.25,1.5,0.289,11.09,18.81,0.209,1.35
40.0,4.0,1.0,1.5,4.5,0.6,7200,0.2,90,85.6,26.01,0.25,1.5,0.289,11.09,18.81,0.209,1.35
40.0,4.0,1.0,2.5,3.0,0.8,7200,0.2,90,85.6,25.98,0.25,1.5,0.289,11.21,18.78,0.209,1.35
40.0,4.0,1.0,2.5,4.5,0.8,7200,0.2,90,85.6,25.98,0.25,1.5,0.289,11.21,18.78,0.209,1.35
40.0,5.0,1.0,2.5,3.0,0.4,14400,0.8,83,79.5,23.96,0.42,1.64,0.289,8.89,17.32,0.209,1.45
40.0,5.0,1.5,2.5,3.0,0.4,1200,0.2,86,80.2,24.84,0.4,1.61,0.289,8.62,17.96,0.209,1.43
40.0,5.0,1.5,2.5,4.5,0.4,1200,0.2,86,80.2,24.84,0.4,1.61,0.289,8.62,17.96,0.209,1.43
45.0,5.0,1.5,2.5,3.0,0.8,14400,0.8,93,78.5,26.85,0.47,1.7,0.289,13.45,19.4,0.209,1.49
45.0,5.0,1.5,2.5,4.5,0.8,14400,0.8,93,78.5,26.85,0.47,1.7,0.289,13.45,19.4,0.209,1.49
50.0,2.0,1.5,2.5,3.0,0.6,7200,0.2,94,73.4,27.13,0.57,1.56,0.289,9.33,19.61,0.209,1.39
50.0,2.0,1.5,2.5,4.5,0.6,7200,0.2,94,73.4,27.13,0.57,1.56,0.289,9.33,19.61,0.209,1.39
50.0,2.0,1.5,2.5,4.5,0.8,7200,0.2,93,74.2,26.88,0.54,1.56,0.289,9.62,19.44,0.209,1.39
50.0,5.0,1.5,2.5,3.0,0.8,1200,0.2,74,81.1,21.35,0.37,1.6,0.289,14.43,15.43,0.209,1.42
55.0,2.0,1.0,2.5,3.0,0.4,14400,0.4,79,74.7,22.86,0.54,1.6,0.289,7.18,16.54,0.209,1.42
55.0,2.0,1.0,2.5,4.5,0.4,14400,0.4,79,74.7,22.86,0.54,1.6,0.289,7.18,16.54,0.209,1.42
55.0,5.0,0.7,1.5,3.0,0.4,3600,0.2,53,90.6,15.32,0.18,1.76,0.289,9.2,11.08,0.209,1.54
55.0,5.0,0.7,1.5,4.5,0.4,3600,0.2,53,90.6,15.32,0.18,1.76,0.289,9.2,11.08,0.209,1.54
40.0,4.0,0.7,2.5,3.0,0.4,,0.4,85,84.7,24.5,0.28,1.55,0.288,9.19,17.7,0.208,1.39
40.0,4.0,0.7,2.5,4.5,0.4,,0.4,85,84.7,24.5,0.28,1.55,0.288,9.19,17.7,0.208,1.39
50.0,2.0,1.5,2.5,3.0,0.6,2400,0.2,101,74.3,29.1,0.56,1.6,0.288,9.33,21.02,0.208,1.42
50.0,2.0,1.5,2.5,4.5,0.6,2400,0.2,101,74.3,29.1,0.56,1.6,0.288,9.33,21.02,0.208,1.42
50.0,5.0,1.5,2.5,4.5,0.8,1200,0.2,74,81.1,21.3,0.37,1.6,0.288,14.43,15.38,0.208,1.42
55.0,2.0,1.5,2.5,3.0,0.4,3600,0.2,81,72.8,23.35,0.59,1.58,0.288,7.57,16.87,0.208,1.4
55.0,2.0,1.5,2.5,4.5,0.4,3600,0.2,81,72.8,23.35,0.59,1.58,0.288,7.57,16.87,0.208,1.4
55.0,5.0,1.5,2.5,3.0,0.6,2400,0.4,80,82.5,23.02,0.51,2.43,0.288,5.2,16.62,0.208,1.95
55.0,5.0,1.5,2.5,3.0,0.8,1200,0.4,110,78.2,31.66,1.03,3.68,0.288,5.17,22.86,0.208,2.57
40.0,4.0,1.0,2.5,3.0,0.6,,0.4,93,84.9,26.72,0.26,1.48,0.287,10.97,19.28,0.207,1.34
40.0,5.0,1.0,2.5,3.0,0.6,3600,0.2,69,87.0,19.77,0.22,1.49,0.287,9.02,14.25,0.207,1.35
40.0,5.0,1.0,2.5,4.5,0.4,14400,0.8,83,79.5,23.81,0.42,1.64,0.287,8.89,17.17,0.207,1.44
40.0,5.0,1.0,2.5,4.5,0.6,3600,0.2,69,87.0,19.77,0.22,1.49,0.287,9.02,14.25,0.207,1.35
50.0,5.0,1.0,2.5,3.0,0.4,7200,0.2,57,87.7,16.37,0.21,1.47,0.287,14.08,11.81,0.207,1.33
50.0,5.0,1.0,2.5,4.5,0.4,7200,0.2,57,87.7,16.37,0.21,1.47,0.287,14.08,11.81,0.207,1.33
55.0,4.0,0.7,2.5,3.0,0.8,14400,0.2,58,89.7,16.67,0.2,1.69,0.287,10.06,12.03,0.207,1.49
55.0,4.0,0.7,2.5,4.5,0.8,14400,0.2,58,89.7,16.65,0.2,1.69,0.287,10.06,12.01,0.207,1.49
55.0,5.0,0.7,1.5,3.0,0.4,14400,0.4,53,90.6,15.19,0.18,1.75,0.287,9.2,10.95,0.207,1.53
55.0,5.0,0.7,1.5,3.0,0.6,14400,0.2,52,92.3,14.92,0.15,1.75,0.287,9.32,10.76,0.207,1.53
55.0,5.0,0.7,1.5,4.5,0.4,14400,0.4,53,90.6,15.19,0.18,1.75,0.287,9.2,10.95,0.207,1.53
40.0,4.0,0.7,2.5,3.0,0.6,,0.4,93,84.9,26.64,0.28,1.57,0.286,9.69,19.2,0.206,1.4
40.0,5.0,1.0,1.5,4.5,0.8,14400,0.8,83,79.5,23.72,0.42,1.64,0.286,10.0,17.08,0.206,1.44
45.0,3.0,0.7,1.5,4.5,0.6,,0.4,105,81.9,30.0,0.35,1.59,0.286,8.27,21.6,0.206,1.41
45.0,5.0,1.5,2.5,3.0,0.6,,0.4,64,87.5,18.33,0.21,1.46,0.286,17.52,13.21,0.206,1.33
50.0,3.0,1.0,2.5,3.0,0.4,14400,0.2,85,81.2,24.32,0.35,1.51,0.286,9.07,17.52,0.206,1.36
50.0,3.0,1.0,2.5,4.5,0.4,14400,0.2,85,81.2,24.32,0.35,1.51,0.286,9.07,17.52,0.206,1.36
50.0,5.0,1.0,1.5,3.0,0.4,14400,0.2,57,87.7,16.32,0.21,1.47,0.286,14.08,11.76,0.206,1.33
50.0,5.0,1.0,1.5,4.5,0.4,14400,0.2,57,87.7,16.32,0.21,1.47,0.286,14.08,11.76,0.206,1.33
55.0,3.0,0.7,1.5,4.5,0.6,,0.4,65,83.1,18.6,0.32,1.56,0.286,8.2,13.4,0.206,1.4
55.0,5.0,0.7,1.5,3.0,0.6,3600,0.2,53,90.6,15.15,0.18,1.75,0.286,9.32,10.91,0.206,1.53
55.0,5.0,0.7,1.5,4.5,0.6,3600,0.2,53,90.6,15.15,0.18,1.75,0.286,9.32,10.91,0.206,1.53
55.0,5.0,0.7,1.5,4.5,0.6,14400,0.2,52,92.3,14.89,0.15,1.74,0.286,9.32,10.74,0.206,1.53
55.0,5.0,1.5,2.5,4.5,0.6,2400,0.4,80,82.5,22.88,0.51,2.42,0.286,5.2,16.48,0.206,1.94
55.0,5.0,1.5,2.5,4.5,0.8,1200,0.4,110,78.2,31.42,1.02,3.66,0.286,5.17,22.62,0.206,2.56
45.0,2.0,1.5,2.5,4.5,0.8,,0.4,119,73.9,33.86,0.54,1.55,0.285,11.13,24.34,0.205,1.38
50.0,3.0,1.5,2.5,3.0,0.6,1200,0.2,106,76.4,30.18,0.5,1.62,0.285,9.58,21.7,0.205,1.43
50.0,3.0,1.5,2.5,4.5,0.6,1200,0.2,106,76.4,30.18,0.5,1.62,0.285,9.58,21.7,0.205,1.43
55.0,3.0,0.7,1.5,3.0,0.6,,0.4,65,83.1,18.52,0.32,1.56,0.285,8.09,13.32,0.205,1.39
55.0,5.0,0.7,1.5,3.0,0.8,3600,0.2,53,90.6,15.13,0.18,1.75,0.285,9.29,10.89,0.205,1.53
55.0,5.0,0.7,1.5,4.5,0.8,3600,0.2,53,90.6,15.13,0.18,1.75,0.285,9.29,10.89,0.205,1.53
40.0,4.0,1.0,1.5,3.0,0.8,7200,0.2,90,85.6,25.6,0.25,1.49,0.284,11.21,18.4,0.204,1.35
40.0,4.0,1.0,1.5,4.5,0.8,7200,0.2,90,85.6,25.6,0.25,1.49,0.284,11.21,18.4,0.204,1.35
50.0,2.0,1.0,2.5,3.0,0.6,,0.4,94,74.5,26.69,0.53,1.56,0.284,9.2,19.17,0.204,1.38
50.0,2.0,1.5,2.5,3.0,0.4,,0.4,95,73.7,26.99,0.55,1.54,0.284,9.76,19.39,0.204,1.37
50.0,2.0,1.5,2.5,4.5,0.4,,0.4,95,73.7,26.99,0.55,1.54,0.284,9.76,19.39,0.204,1.37
40.0,5.0,1.0,1.5,3.0,0.8,14400,0.8,83,79.5,23.53,0.42,1.63,0.283,10.0,16.89,0.203,1.44
45.0,4.0,1.0,1.5,4.5,0.6,,0.4,73,84.9,20.63,0.26,1.47,0.283,13.26,14.79,0.203,1.33
50.0,2.0,1.0,2.5,4.5,0.6,,0.4,94,74.5,26.64,0.53,1.56,0.283,9.2,19.12,0.203,1.38
55.0,3.0,1.5,2.5,3.0,0.8,14400,0.8,79,69.6,22.36,0.74,1.69,0.283,5.9,16.04,0.203,1.47
55.0,4.0,1.0,2.5,3.0,0.4,14400,0.8,67,74.6,18.99,0.59,1.72,0.283,7.05,13.63,0.203,1.49
55.0,4.0,1.0,2.5,4.5,0.4,14400,0.8,67,74.6,18.99,0.59,1.72,0.283,7.05,13.63,0.203,1.49
40.0,5.0,1.0,2.5,3.0,0.8,3600,0.2,69,87.0,19.47,0.22,1.49,0.282,9.02,13.95,0.202,1.34
40.0,5.0,1.0,2.5,4.5,0.8,3600,0.2,69,87.0,19.47,0.22,1.49,0.282,9.02,13.95,0.202,1.34
45.0,5.0,1.5,2.5,3.0,0.6,7200,0.4,81,82.7,22.83,0.33,1.56,0.282,17.26,16.35,0.202,1.39
45.0,5.0,1.5,2.5,4.5,0.6,7200,0.4,81,82.7,22.83,0.33,1.56,0.282,17.26,16.35,0.202,1.39
50.0,2.0,1.5,2.5,3.0,0.6,14400,0.2,93,74.2,26.19,0.54,1.55,0.282,9.33,18.75,0.202,1.38
55.0,3.0,1.5,2.5,4.5,0.8,14400,0.8,79,69.6,22.29,0.74,1.69,0.282,5.9,15.97,0.202,1.46
55.0,4.0,0.7,2.5,3.0,0.8,14400,0.4,60,88.3,16.9,0.22,1.7,0.282,10.06,12.1,0.202,1.49
40.0,4.0,0.7,1.5,3.0,0.4,,0.4,85,84.7,23.88,0.28,1.54,0.281,9.16,17.08,0.201,1.38
40.0,4.0,0.7,1.5,4.5,0.4,,0.4,85,84.7,23.87,0.28,1.54,0.281,9.16,17.07,0.201,1.37
40.0,5.0,1.0,1.5,3.0,0.6,3600,0.2,69,87.0,19.41,0.22,1.48,0.281,9.02,13.89,0.201,1.34
40.0,5.0,1.0,1.5,4.5,0.6,3600,0.2,69,87.0,19.41,0.22,1.48,0.281,9.02,13.89,0.201,1.34
45.0,2.0,1.5,2.5,3.0,0.8,,0.4,122,74.6,34.26,0.53,1.55,0.281,11.13,24.5,0.201,1.38
45.0,4.0,1.0,2.5,4.5,0.6,,0.4,73,84.9,20.55,0.26,1.47,0.282,13.42,14.71,0.201,1.33
45.0,5.0,0.7,1.5,4.5,0.6,,0.4,64,87.5,18.01,0.22,1.54,0.281,15.34,12.89,0.201,1.38
50.0,2.0,1.5,2.5,4.5,0.6,14400,0.2,93,74.2,26.17,0.54,1.55,0.281,9.33,18.72,0.201,1.38
50.0,3.0,1.0,1.5,3.0,0.4,14400,0.2,85,81.2,23.88,0.35,1.5,0.281,9.07,17.09,0.201,1.35
50.0,3.0,1.0,1.5,4.5,0.4,14400,0.2,85,81.2,23.88,0.35,1.5,0.281,9.07,17.09,0.201,1.35
50.0,5.0,1.0,2.5,3.0,0.4,3600,0.4,78,78.2,21.9,0.5,1.81,0.281,5.2,15.65,0.201,1.55
50.0,5.0,1.0,2.5,3.0,0.4,14400,0.4,59,88.1,16.56,0.2,1.47,0.281,14.08,11.84,0.201,1.33
50.0,5.0,1.0,2.5,4.5,0.4,14400,0.4,59,88.1,16.56,0.2,1.47,0.281,14.08,11.84,0.201,1.33
55.0,2.0,1.0,1.5,3.0,0.4,14400,0.4,79,74.7,22.17,0.54,1.58,0.281,7.18,15.85,0.201,1.4
55.0,2.0,1.0,1.5,4.5,0.4,14400,0.4,79,74.7,22.17,0.54,1.58,0.281,7.18,15.85,0.201,1.4
55.0,4.0,0.7,2.5,4.5,0.8,14400,0.4,60,88.3,16.87,0.22,1.7,0.281,10.06,12.08,0.201,1.49
45.0,4.0,1.5,2.5,3.0,0.4,3600,0.2,75,84.0,21.03,0.27,1.44,0.28,12.86,15.03,0.2,1.31
45.0,4.0,1.5,2.5,4.5,0.4,3600,0.2,75,84.0,21.03,0.27,1.44,0.28,12.86,15.03,0.2,1.31
50.0,2.0,1.0,1.5,3.0,0.8,,0.4,89,74.2,24.89,0.54,1.54,0.28,9.28,17.77,0.2,1.37
50.0,5.0,1.0,2.5,4.5,0.4,3600,0.4,78,78.2,21.81,0.5,1.81,0.28,5.2,15.57,0.2,1.55
55.0,4.0,1.0,2.5,3.0,0.6,14400,0.8,67,74.6,18.75,0.58,1.72,0.28,7.17,13.39,0.2,1.48
55.0,4.0,1.0,2.5,4.5,0.6,14400,0.8,67,74.6,18.73,0.58,1.71,0.28,7.17,13.37,0.2,1.48
45.0,4.0,1.5,2.5,3.0,0.8,2400,0.2,76,82.9,21.19,0.31,1.48,0.279,13.56,15.11,0.199,1.33
45.0,4.0,1.5,2.5,4.5,0.8,2400,0.2,76,82.9,21.19,0.31,1.48,0.279,13.56,15.11,0.199,1.33
45.0,5.0,1.0,1.5,4.5,0.6,,0.4,64,87.5,17.89,0.21,1.45,0.28,17.26,12.76,0.199,1.31
50.0,5.0,1.0,1.5,3.0,0.4,7200,0.2,57,87.7,15.89,0.2,1.45,0.279,14.08,11.33,0.199,1.32
50.0,5.0,1.0,1.5,4.5,0.4,7200,0.2,57,87.7,15.89,0.2,1.45,0.279,14.08,11.33,0.199,1.32
55.0,2.0,1.0,2.5,3.0,0.8,14400,0.4,79,74.7,22.01,0.53,1.58,0.279,7.36,15.69,0.199,1.39
55.0,5.0,0.7,1.5,3.0,0.6,14400,0.4,53,90.6,14.8,0.18,1.73,0.279,9.32,10.56,0.199,1.51
55.0,5.0,0.7,1.5,4.5,0.6,14400,0.4,53,90.6,14.78,0.18,1.73,0.279,9.32,10.54,0.199,1.51
40.0,5.0,1.5,2.5,3.0,0.4,3600,0.4,96,81.2,26.72,0.38,1.65,0.278,8.54,19.05,0.198,1.45
40.0,5.0,1.5,2.5,4.5,0.4,3600,0.4,96,81.2,26.72,0.38,1.65,0.278,8.54,19.05,0.198,1.45
45.0,2.0,1.0,2.5,3.0,0.8,,0.4,122,74.6,33.92,0.53,1.55,0.278,10.38,24.16,0.198,1.37
45.0,4.0,0.7,2.5,3.0,0.4,,0.4,72,83.3,20.05,0.31,1.55,0.278,11.55,14.29,0.198,1.38
45.0,4.0,0.7,2.5,4.5,0.4,,0.4,72,83.3,20.05,0.31,1.55,0.278,11.55,14.29,0.198,1.38
50.0,2.0,1.5,2.5,3.0,0.4,14400,0.4,96,74.0,26.66,0.55,1.55,0.278,10.63,18.98,0.198,1.38
50.0,2.0,1.5,2.5,4.5,0.4,14400,0.4,96,74.0,26.66,0.55,1.55,0.278,10.63,18.98,0.198,1.38
55.0,2.0,1.0,2.5,3.0,0.6,14400,0.4,79,74.7,21.95,0.53,1.57,0.278,7.3,15.63,0.198,1.39
55.0,2.0,1.0,2.5,4.5,0.6,14400,0.4,79,74.7,21.93,0.53,1.57,0.278,7.3,15.61,0.198,1.39
55.0,2.0,1.0,2.5,4.5,0.8,14400,0.4,79,74.7,21.98,0.53,1.58,0.278,7.36,15.67,0.198,1.39
55.0,4.0,1.0,2.5,3.0,0.4,2400,0.2,58,84.5,16.13,0.29,1.57,0.278,9.07,11.49,0.198,1.4
55.0,4.0,1.0,2.5,4.5,0.4,2400,0.2,58,84.5,16.13,0.29,1.57,0.278,9.07,11.49,0.198,1.4
40.0,5.0,1.0,1.5,3.0,0.8,3600,0.2,69,87.0,19.1,0.22,1.48,0.277,9.02,13.58,0.197,1.33
40.0,5.0,1.0,1.5,4.5,0.8,3600,0.2,69,87.0,19.1,0.22,1.48,0.277,9.02,13.58,0.197,1.33
45.0,3.0,1.0,2.5,3.0,0.8,14400,0.4,115,80.9,31.89,0.36,1.53,0.277,7.49,22.69,0.197,1.37
45.0,3.0,1.0,2.5,4.5,0.8,14400,0.4,115,80.9,31.89,0.36,1.53,0.277,7.49,22.69,0.197,1.37
45.0,3.0,1.5,2.5,3.0,0.4,2400,0.2,108,79.6,29.92,0.38,1.5,0.277,8.06,21.28,0.197,1.34
45.0,3.0,1.5,2.5,4.5,0.4,2400,0.2,108,79.6,29.92,0.38,1.5,0.277,8.06,21.28,0.197,1.34
45.0,4.0,1.0,1.5,3.0,0.6,,0.4,73,84.9,20.22,0.26,1.46,0.277,13.26,14.38,0.197,1.32
45.0,5.0,1.0,2.5,3.0,0.4,7200,0.8,142,75.4,39.36,0.73,2.24,0.277,6.32,28.0,0.197,1.8
45.0,5.0,1.0,2.5,4.5,0.4,7200,0.8,142,75.4,39.36,0.73,2.24,0.277,6.32,28.0,0.197,1.8
50.0,5.0,1.0,1.5,3.0,0.4,3600,0.4,78,78.2,21.59,0.5,1.8,0.277,5.2,15.35,0.197,1.54
50.0,5.0,1.0,2.5,3.0,0.8,3600,0.4,78,78.2,21.64,0.5,1.8,0.277,5.2,15.4,0.197,1.54
50.0,5.0,1.5,2.5,3.0,0.4,7200,0.4,68,85.3,18.82,0.26,1.53,0.277,14.31,13.38,0.197,1.37
50.0,5.0,1.5,2.5,4.5,0.4,7200,0.4,68,85.3,18.82,0.26,1.53,0.277,14.31,13.38,0.197,1.37
55.0,2.0,1.5,2.5,3.0,0.6,7200,0.2,80,73.8,22.16,0.55,1.55,0.277,7.37,15.76,0.197,1.38
55.0,2.0,1.5,2.5,4.5,0.6,7200,0.2,80,73.8,22.16,0.55,1.55,0.277,7.37,15.76,0.197,1.38
55.0,5.0,0.7,1.5,3.0,0.8,14400,0.8,63,82.5,17.47,0.43,2.05,0.277,5.0,12.43,0.197,1.71
55.0,5.0,0.7,1.5,4.5,0.8,14400,0.8,63,82.5,17.45,0.43,2.05,0.277,5.0,12.41,0.197,1.71
40.0,5.0,1.0,1.5,3.0,0.4,14400,0.8,83,79.5,22.9,0.42,1.61,0.276,8.78,16.26,0.196,1.42
45.0,4.0,1.0,2.5,3.0,0.6,,0.4,73,84.9,20.13,0.26,1.46,0.276,13.42,14.29,0.196,1.32
45.0,5.0,0.7,1.5,3.0,0.6,,0.4,64,87.5,17.65,0.22,1.53,0.276,15.34,12.53,0.196,1.37
50.0,5.0,1.0,1.5,4.5,0.4,3600,0.4,78,78.2,21.5,0.5,1.8,0.276,5.2,15.26,0.196,1.54
55.0,5.0,0.7,1.5,3.0,0.4,14400,0.8,63,82.5,17.38,0.43,2.05,0.276,5.0,12.34,0.196,1.7
55.0,5.0,0.7,1.5,4.5,0.4,14400,0.8,63,82.5,17.38,0.43,2.05,0.276,5.0,12.34,0.196,1.7
45.0,2.0,1.0,2.5,4.5,0.8,,0.4,119,73.9,32.78,0.54,1.53,0.275,10.38,23.26,0.195,1.36
45.0,5.0,1.0,2.5,3.0,0.8,7200,0.8,142,75.4,39.05,0.73,2.23,0.275,6.45,27.69,0.195,1.79
45.0,5.0,1.0,2.5,4.5,0.8,7200,0.8,142,75.4,39.05,0.73,2.23,0.275,6.45,27.69,0.195,1.79
50.0,3.0,1.0,2.5,3.0,0.4,14400,0.4,86,80.2,23.64,0.37,1.49,0.275,9.07,16.76,0.195,1.34
50.0,3.0,1.0,2.5,4.5,0.4,14400,0.4,86,80.2,23.64,0.37,1.49,0.275,9.07,16.76,0.195,1.34
50.0,3.0,1.5,2.5,3.0,0.8,14400,0.8,102,72.5,28.09,0.6,1.6,0.275,11.88,19.93,0.195,1.4
50.0,3.0,1.5,2.5,4.5,0.8,14400,0.8,102,72.5,28.01,0.6,1.6,0.275,11.88,19.85,0.195,1.4
50.0,5.0,1.0,2.5,3.0,0.6,7200,0.2,57,87.7,15.66,0.2,1.45,0.275,14.2,11.1,0.195,1.31
50.0,5.0,1.0,2.5,3.0,0.8,7200,0.2,57,87.7,15.66,0.2,1.45,0.275,14.26,11.1,0.195,1.31
50.0,5.0,1.0,2.5,4.5,0.6,7200,0.2,57,87.7,15.66,0.2,1.45,0.275,14.2,11.1,0.195,1.31
50.0,5.0,1.0,2.5,4.5,0.8,3600,0.4,78,78.2,21.46,0.5,1.8,0.275,5.2,15.22,0.195,1.53
50.0,5.0,1.0,2.5,4.5,0.8,7200,0.2,57,87.7,15.66,0.2,1.45,0.275,14.26,11.1,0.195,1.31
55.0,2.0,1.5,2.5,3.0,0.6,14400,0.4,81,74.1,22.3,0.54,1.56,0.275,7.37,15.82,0.195,1.38
55.0,2.0,1.5,2.5,4.5,0.6,14400,0.4,81,74.1,22.28,0.54,1.55,0.275,7.37,15.8,0.195,1.38
40.0,4.0,1.0,1.5,3.0,0.6,,0.4,93,84.9,25.5,0.26,1.46,0.274,10.73,18.06,0.194,1.32
40.0,5.0,1.0,1.5,4.5,0.4,14400,0.8,83,79.5,22.76,0.41,1.61,0.274,8.78,16.12,0.194,1.42
40.0,5.0,1.5,2.5,3.0,0.4,14400,0.8,91,76.9,24.95,0.48,1.59,0.274,10.0,17.67,0.194,1.4
45.0,4.0,0.7,1.5,3.0,0.4,,0.4,72,83.3,19.73,0.31,1.54,0.274,11.45,13.97,0.194,1.37
45.0,4.0,0.7,1.5,4.5,0.4,,0.4,72,83.3,19.73,0.31,1.54,0.274,11.45,13.97,0.194,1.37
45.0,5.0,0.7,2.5,4.5,0.6,,0.4,64,87.5,17.55,0.22,1.53,0.274,15.5,12.43,0.194,1.37
45.0,5.0,1.0,1.5,3.0,0.6,,0.4,64,87.5,17.53,0.21,1.44,0.274,17.26,12.41,0.194,1.31
50.0,2.0,1.0,1.5,4.5,0.8,,0.4,88,73.9,24.14,0.54,1.52,0.274,9.28,17.1,0.194,1.36
50.0,5.0,1.0,1.5,3.0,0.8,3600,0.4,78,78.2,21.34,0.5,1.79,0.274,5.2,15.1,0.194,1.53
50.0,5.0,1.0,2.5,3.0,0.6,3600,0.4,78,78.2,21.35,0.5,1.79,0.274,5.2,15.11,0.194,1.53
50.0,5.0,1.5,2.5,3.0,0.4,1200,0.4,147,74.8,40.27,1.08,3.22,0.274,5.22,28.51,0.194,2.29
55.0,3.0,1.5,2.5,3.0,0.4,1200,0.2,73,76.7,20.0,0.49,1.6,0.274,6.2,14.16,0.194,1.41
55.0,3.0,1.5,2.5,4.5,0.4,1200,0.2,73,76.7,20.0,0.49,1.6,0.274,6.2,14.16,0.194,1.41
55.0,4.0,1.0,2.5,3.0,0.8,2400,0.2,58,84.5,15.9,0.29,1.57,0.274,9.02,11.26,0.194,1.39
55.0,4.0,1.0,2.5,4.5,0.8,2400,0.2,58,84.5,15.9,0.29,1.57,0.274,9.02,11.26,0.194,1.39
40.0,4.0,0.7,1.5,3.0,0.6,,0.4,93,84.9,25.42,0.27,1.55,0.273,9.45,17.98,0.193,1.38
40.0,5.0,1.5,2.5,4.5,0.4,14400,0.8,91,76.9,24.8,0.47,1.58,0.273,10.0,17.52,0.193,1.4
45.0,3.0,1.0,2.5,3.0,0.4,14400,0.2,107,81.3,29.17,0.34,1.49,0.273,8.03,20.61,0.193,1.33
45.0,3.0,1.0,2.5,4.5,0.4,14400,0.2,107,81.3,29.17,0.34,1.49,0.273,8.03,20.61,0.193,1.33
45.0,5.0,1.0,1.5,3.0,0.4,7200,0.8,142,75.4,38.75,0.73,2.22,0.273,6.32,27.39,0.193,1.78
45.0,5.0,1.0,1.5,3.0,0.8,7200,0.8,142,75.4,38.72,0.72,2.22,0.273,6.45,27.36,0.193,1.78
45.0,5.0,1.0,1.5,4.5,0.4,7200,0.8,142,75.4,38.75,0.73,2.22,0.273,6.32,27.39,0.193,1.78
45.0,5.0,1.0,1.5,4.5,0.8,7200,0.8,142,75.4,38.72,0.72,2.22,0.273,6.45,27.36,0.193,1.78
45.0,5.0,1.5,2.5,3.0,0.6,14400,0.2,64,87.5,17.48,0.21,1.44,0.273,17.26,12.36,0.193,1.3
45.0,5.0,1.5,2.5,4.5,0.6,14400,0.2,64,87.5,17.48,0.21,1.44,0.273,17.26,12.36,0.193,1.3
50.0,2.0,1.5,2.5,3.0,0.4,3600,0.2,94,73.4,25.69,0.56,1.53,0.273,9.76,18.17,0.193,1.36
50.0,2.0,1.5,2.5,4.5,0.4,3600,0.2,94,73.4,25.69,0.56,1.53,0.273,9.76,18.17,0.193,1.36
50.0,5.0,0.7,2.5,3.0,0.4,2400,0.2,84,91.7,22.95,0.17,1.91,0.273,8.51,16.23,0.193,1.63
50.0,5.0,0.7,2.5,4.5,0.4,2400,0.2,84,91.7,22.95,0.17,1.91,0.273,8.51,16.23,0.193,1.63
50.0,5.0,1.0,1.5,3.0,0.4,14400,0.4,59,88.1,16.12,0.2,1.46,0.273,14.08,11.4,0.193,1.32
50.0,5.0,1.0,1.5,4.5,0.4,14400,0.4,59,88.1,16.12,0.2,1.46,0.273,14.08,11.4,0.193,1.32
50.0,5.0,1.5,2.5,4.5,0.4,1200,0.4,147,74.8,40.18,1.08,3.22,0.273,5.22,28.42,0.193,2.29
55.0,4.0,1.0,1.5,3.0,0.4,2400,0.2,58,84.5,15.81,0.29,1.56,0.273,9.07,11.17,0.193,1.39
55.0,4.0,1.0,1.5,4.5,0.4,2400,0.2,58,84.5,15.81,0.29,1.56,0.273,9.07,11.17,0.193,1.39
45.0,3.0,1.0,1.5,3.0,0.4,,0.4,108,80.6,29.39,0.35,1.47,0.272,8.03,20.75,0.192,1.32
45.0,3.0,1.0,1.5,4.5,0.4,,0.4,108,80.6,29.38,0.35,1.47,0.272,8.03,20.74,0.192,1.32
45.0,3.0,1.0,2.5,3.0,0.4,,0.4,108,80.6,29.42,0.35,1.47,0.272,8.03,20.78,0.192,1.32
45.0,3.0,1.0,2.5,4.5,0.4,,0.4,108,80.6,29.41,0.35,1.47,0.272,8.03,20.77,0.192,1.32
45.0,3.0,1.5,2.5,3.0,0.6,14400,0.8,138,76.1,37.49,0.52,1.65,0.272,8.9,26.45,0.192,1.44
45.0,3.0,1.5,2.5,4.5,0.6,14400,0.8,138,76.1,37.49,0.52,1.65,0.272,8.9,26.45,0.192,1.44
45.0,5.0,1.0,2.5,4.5,0.6,,0.4,64,87.5,17.43,0.21,1.44,0.272,17.42,12.31,0.192,1.3
50.0,2.0,1.0,1.5,3.0,0.6,,0.4,94,74.5,25.57,0.53,1.53,0.272,9.2,18.05,0.192,1.36
50.0,3.0,1.5,2.5,3.0,0.6,14400,0.8,103,72.8,27.98,0.6,1.6,0.272,11.79,19.74,0.192,1.4
50.0,5.0,1.0,2.5,4.5,0.6,3600,0.4,78,78.2,21.22,0.5,1.79,0.272,5.2,14.98,0.192,1.53
50.0,5.0,1.5,2.5,3.0,0.6,1200,0.2,75,81.3,20.38,0.36,1.58,0.272,14.33,14.38,0.192,1.39
50.0,5.0,1.5,2.5,4.5,0.6,1200,0.2,75,81.3,20.38,0.36,1.58,0.272,14.33,14.38,0.192,1.39
55.0,4.0,1.0,2.5,3.0,0.6,2400,0.2,58,84.5,15.78,0.29,1.56,0.272,9.19,11.14,0.192,1.39
55.0,4.0,1.0,2.5,4.5,0.6,2400,0.2,58,84.5,15.78,0.29,1.56,0.272,9.19,11.14,0.192,1.39
45.0,3.0,1.0,1.5,3.0,0.8,14400,0.4,115,80.9,31.18,0.36,1.52,0.271,7.65,21.98,0.191,1.35
45.0,3.0,1.0,1.5,4.5,0.8,14400,0.4,115,80.9,31.18,0.36,1.52,0.271,7.65,21.98,0.191,1.35
45.0,3.0,1.0,2.5,3.0,0.4,14400,0.4,112,82.1,30.36,0.33,1.51,0.271,8.03,21.39,0.191,1.35
45.0,3.0,1.0,2.5,4.5,0.4,14400,0.4,112,82.1,30.36,0.33,1.51,0.271,8.03,21.39,0.191,1.35
45.0,3.0,1.5,2.5,3.0,0.4,1200,0.2,127,77.2,34.39,0.47,1.6,0.271,8.06,24.23,0.191,1.4
45.0,3.0,1.5,2.5,4.5,0.4,1200,0.2,127,77.2,34.39,0.47,1.6,0.271,8.06,24.23,0.191,1.4
45.0,5.0,1.0,2.5,3.0,0.6,7200,0.8,142,75.4,38.45,0.72,2.21,0.271,6.43,27.09,0.191,1.77
45.0,5.0,1.0,2.5,4.5,0.6,7200,0.8,142,75.4,38.45,0.72,2.21,0.271,6.43,27.09,0.191,1.77
50.0,2.0,1.0,1.5,4.5,0.6,,0.4,94,74.5,25.52,0.53,1.53,0.271,9.2,18.0,0.191,1.36
50.0,3.0,1.0,1.5,3.0,0.4,14400,0.4,86,80.2,23.27,0.37,1.48,0.271,9.07,16.39,0.191,1.33
50.0,3.0,1.0,1.5,4.5,0.4,14400,0.4,86,80.2,23.27,0.37,1.48,0.271,9.07,16.39,0.191,1.33
50.0,3.0,1.5,2.5,4.5,0.6,14400,0.8,103,72.8,27.96,0.6,1.59,0.271,11.79,19.72,0.191,1.4
50.0,5.0,1.0,1.5,4.5,0.8,3600,0.4,78,78.2,21.15,0.5,1.78,0.271,5.2,14.91,0.191,1.52
55.0,2.0,1.0,2.5,3.0,0.4,7200,0.2,80,73.8,21.65,0.55,1.54,0.271,7.27,15.25,0.191,1.37
55.0,2.0,1.0,2.5,4.5,0.4,7200,0.2,80,73.8,21.65,0.55,1.54,0.271,7.27,15.25,0.191,1.37
50.0,2.0,0.7,2.5,3.0,0.8,,0.4,89,74.2,24.07,0.56,1.59,0.27,8.3,16.95,0.19,1.4
50.0,3.0,1.0,2.5,3.0,0.4,7200,0.2,85,81.2,22.92,0.34,1.48,0.27,9.07,16.12,0.19,1.33
50.0,3.0,1.0,2.5,4.5,0.4,7200,0.2,85,81.2,22.92,0.34,1.48,0.27,9.07,16.12,0.19,1.33
50.0,5.0,1.0,1.5,3.0,0.6,3600,0.4,78,78.2,21.05,0.5,1.78,0.27,5.2,14.81,0.19,1.52
55.0,2.0,1.5,2.5,3.0,0.4,14400,0.2,79,73.4,21.34,0.55,1.51,0.27,7.57,15.02,0.19,1.34
55.0,2.0,1.5,2.5,3.0,0.8,14400,0.2,78,74.4,21.08,0.53,1.53,0.27,7.66,14.84,0.19,1.36
55.0,2.0,1.5,2.5,4.5,0.4,14400,0.2,79,73.4,21.34,0.55,1.51,0.27,7.57,15.02,0.19,1.34
55.0,4.0,1.5,2.5,3.0,0.8,2400,0.4,86,79.1,23.23,0.55,2.09,0.27,7.21,16.35,0.19,1.71
45.0,3.0,1.0,1.5,3.0,0.4,14400,0.2,107,81.3,28.82,0.34,1.48,0.269,8.03,20.26,0.189,1.33
45.0,3.0,1.0,1.5,4.5,0.4,14400,0.2,107,81.3,28.82,0.34,1.48,0.269,8.03,20.26,0.189,1.33
45.0,3.0,1.0,2.5,3.0,0.6,14400,0.2,107,81.3,28.82,0.34,1.48,0.269,8.15,20.26,0.189,1.33
45.0,3.0,1.0,2.5,4.5,0.6,14400,0.2,107,81.3,28.82,0.34,1.48,0.269,8.15,20.26,0.189,1.33
45.0,5.0,0.7,2.5,3.0,0.6,,0.4,64,87.5,17.19,0.22,1.52,0.269,15.5,12.07,0.189,1.36
50.0,2.0,1.0,2.5,3.0,0.6,14400,0.4,96,75.0,25.86,0.52,1.56,0.269,10.44,18.18,0.189,1.38
50.0,2.0,1.0,2.5,4.5,0.6,14400,0.4,96,75.0,25.83,0.52,1.56,0.269,10.44,18.15,0.189,1.38
50.0,5.0,0.7,1.5,3.0,0.4,2400,0.2,84,91.7,22.6,0.17,1.9,0.269,8.51,15.88,0.189,1.62
50.0,5.0,0.7,1.5,4.5,0.4,2400,0.2,84,91.7,22.6,0.17,1.9,0.269,8.51,15.88,0.189,1.62
50.0,5.0,0.7,2.5,3.0,0.8,2400,0.2,84,91.7,22.57,0.17,1.9,0.269,8.46,15.85,0.189,1.61
50.0,5.0,0.7,2.5,4.5,0.8,2400,0.2,84,91.7,22.57,0.17,1.9,0.269,8.46,15.85,0.189,1.61
50.0,5.0,1.0,2.5,3.0,0.4,3600,0.2,57,87.7,15.31,0.2,1.44,0.269,14.08,10.75,0.189,1.3
50.0,5.0,1.0,2.5,4.5,0.4,3600,0.2,57,87.7,15.31,0.2,1.44,0.269,14.08,10.75,0.189,1.3
55.0,2.0,1.5,2.5,4.5,0.8,14400,0.2,78,74.4,21.0,0.53,1.52,0.269,7.66,14.76,0.189,1.35
55.0,4.0,1.0,1.5,3.0,0.8,2400,0.2,58,84.5,15.58,0.29,1.56,0.269,9.02,10.94,0.189,1.38
55.0,4.0,1.0,1.5,4.5,0.8,2400,0.2,58,84.5,15.58,0.29,1.56,0.269,9.02,10.94,0.189,1.38
55.0,5.0,0.7,1.5,3.0,0.6,14400,0.8,63,82.5,16.94,0.43,2.02,0.269,5.0,11.9,0.189,1.68
55.0,5.0,0.7,1.5,4.5,0.6,14400,0.8,63,82.5,16.92,0.43,2.02,0.269,5.0,11.88,0.189,1.68
45.0,3.0,1.0,1.5,3.0,0.4,14400,0.4,112,82.1,30.01,0.33,1.5,0.268,8.03,21.05,0.188,1.34
45.0,3.0,1.0,1.5,4.5,0.4,14400,0.4,112,82.1,30.01,0.33,1.5,0.268,8.03,21.05,0.188,1.34
45.0,3.0,1.0,2.5,3.0,0.6,14400,0.4,112,82.1,30.04,0.33,1.5,0.268,8.15,21.08,0.188,1.34
45.0,3.0,1.0,2.5,4.5,0.6,14400,0.4,112,82.1,30.04,0.33,1.5,0.268,8.15,21.08,0.188,1.34
45.0,5.0,1.5,2.5,3.0,0.4,3600,0.4,94,79.8,25.21,0.41,1.61,0.268,8.82,17.69,0.188,1.41
50.0,4.0,0.7,2.5,3.0,0.4,7200,0.2,86,88.4,23.05,0.23,1.72,0.268,13.86,16.17,0.188,1.49
50.0,4.0,0.7,2.5,4.5,0.4,7200,0.2,86,88.4,23.05,0.23,1.72,0.268,13.86,16.17,0.188,1.49
50.0,5.0,1.0,1.5,4.5,0.6,3600,0.4,78,78.2,20.91,0.49,1.78,0.268,5.2,14.67,0.188,1.52
55.0,2.0,1.5,2.5,3.0,0.8,7200,0.2,78,74.4,20.89,0.52,1.52,0.268,7.66,14.65,0.188,1.35
40.0,3.0,0.7,2.5,3.0,0.8,,0.4,118,79.7,31.55,0.39,1.54,0.267,12.74,22.11,0.187,1.36
40.0,4.0,1.5,2.5,3.0,0.8,1200,0.2,98,79.6,26.21,0.41,1.59,0.267,11.0,18.37,0.187,1.39
40.0,4.0,1.5,2.5,4.5,0.8,1200,0.2,98,79.6,26.21,0.41,1.59,0.267,11.0,18.37,0.187,1.39
45.0,4.0,1.5,2.5,3.0,0.4,7200,0.2,73,83.6,19.48,0.28,1.41,0.267,12.86,13.64,0.187,1.28
45.0,4.0,1.5,2.5,4.5,0.4,7200,0.2,73,83.6,19.48,0.28,1.41,0.267,12.86,13.64,0.187,1.28
45.0,5.0,1.0,1.5,3.0,0.6,7200,0.8,142,75.4,37.98,0.72,2.19,0.267,6.43,26.61,0.187,1.76
45.0,5.0,1.0,1.5,4.5,0.6,7200,0.8,142,75.4,37.98,0.72,2.19,0.267,6.43,26.61,0.187,1.76
45.0,5.0,1.0,2.5,3.0,0.6,,0.4,64,87.5,17.07,0.2,1.43,0.267,17.42,11.95,0.187,1.29
45.0,5.0,1.5,2.5,4.5,0.4,3600,0.4,94,79.8,25.12,0.41,1.6,0.267,8.82,17.6,0.187,1.4
50.0,5.0,0.7,2.5,3.0,0.4,7200,0.4,86,87.2,22.94,0.28,1.89,0.267,8.51,16.06,0.187,1.6
50.0,5.0,0.7,2.5,3.0,0.6,2400,0.2,84,91.7,22.46,0.17,1.89,0.267,8.63,15.74,0.187,1.61
50.0,5.0,0.7,2.5,4.5,0.4,7200,0.4,86,87.2,22.94,0.28,1.89,0.267,8.51,16.06,0.187,1.6
50.0,5.0,0.7,2.5,4.5,0.6,2400,0.2,84,91.7,22.46,0.17,1.89,0.267,8.63,15.74,0.187,1.61
50.0,5.0,1.0,1.5,3.0,0.8,7200,0.2,57,87.7,15.22,0.2,1.43,0.267,14.26,10.66,0.187,1.3
50.0,5.0,1.0,1.5,4.5,0.8,7200,0.2,57,87.7,15.22,0.2,1.43,0.267,14.26,10.66,0.187,1.3
50.0,5.0,1.0,2.5,3.0,0.4,7200,0.8,106,73.6,28.25,0.75,2.09,0.267,5.0,19.77,0.187,1.69
50.0,5.0,1.0,2.5,4.5,0.4,7200,0.8,106,73.6,28.25,0.75,2.09,0.267,5.0,19.77,0.187,1.69
55.0,2.0,1.0,1.5,3.0,0.6,14400,0.4,79,74.7,21.1,0.53,1.55,0.267,7.3,14.78,0.187,1.37
55.0,2.0,1.0,1.5,4.5,0.6,14400,0.4,79,74.7,21.08,0.53,1.55,0.267,7.3,14.76,0.187,1.37
55.0,2.0,1.5,2.5,3.0,0.8,14400,0.4,79,73.4,21.1,0.55,1.53,0.267,7.66,14.78,0.187,1.35
55.0,2.0,1.5,2.5,4.5,0.8,7200,0.2,78,74.4,20.84,0.52,1.52,0.267,7.66,14.6,0.187,1.35
55.0,4.0,0.7,2.5,3.0,0.4,14400,0.2,58,89.7,15.5,0.19,1.65,0.267,9.88,10.86,0.187,1.44
55.0,4.0,0.7,2.5,4.5,0.4,14400,0.2,58,89.7,15.5,0.19,1.65,0.267,9.88,10.86,0.187,1.44
55.0,4.0,1.0,1.5,3.0,0.6,2400,0.2,58,84.5,15.46,0.28,1.55,0.267,9.19,10.82,0.187,1.37
55.0,4.0,1.0,1.5,4.5,0.6,2400,0.2,58,84.5,15.46,0.28,1.55,0.267,9.19,10.82,0.187,1.37
55.0,4.0,1.5,2.5,4.5,0.8,2400,0.4,86,79.1,22.99,0.55,2.08,0.267,7.21,16.11,0.187,1.7
40.0,3.0,0.7,2.5,4.5,0.8,,0.4,116,79.3,30.9,0.4,1.53,0.266,12.74,21.62,0.186,1.36
50.0,2.0,1.0,1.5,3.0,0.6,14400,0.4,96,75.0,25.49,0.52,1.55,0.266,10.44,17.81,0.186,1.37
50.0,2.0,1.5,2.5,3.0,0.8,3600,0.2,94,74.5,24.99,0.52,1.52,0.266,9.62,17.47,0.186,1.35
50.0,5.0,1.5,2.5,3.0,0.8,1200,0.4,150,73.3,39.86,1.15,3.17,0.266,5.22,27.86,0.186,2.24
55.0,2.0,1.5,2.5,4.5,0.8,14400,0.4,79,73.4,21.03,0.55,1.52,0.266,7.66,14.7,0.186,1.35
55.0,3.0,1.5,2.5,3.0,0.6,14400,0.8,80,71.2,21.27,0.67,1.66,0.266,5.9,14.87,0.186,1.43
55.0,3.0,1.5,2.5,4.5,0.6,14400,0.8,80,71.2,21.25,0.67,1.66,0.266,5.9,14.85,0.186,1.43
55.0,4.0,0.7,2.5,3.0,0.6,14400,0.2,58,89.7,15.41,0.19,1.64,0.266,10.0,10.77,0.186,1.44
55.0,4.0,1.0,1.5,3.0,0.8,14400,0.8,67,74.6,17.85,0.57,1.68,0.266,7.23,12.5,0.186,1.45
55.0,4.0,1.0,1.5,4.5,0.8,14400,0.8,67,74.6,17.83,0.57,1.68,0.266,7.23,12.47,0.186,1.45
40.0,4.0,1.0,2.5,4.5,0.8,14400,0.2,91,84.6,24.1,0.26,1.43,0.265,11.21,16.82,0.185,1.29
45.0,3.0,1.5,2.5,3.0,0.8,14400,0.8,142,73.9,37.59,0.58,1.64,0.265,9.59,26.23,0.185,1.43
45.0,3.0,1.5,2.5,4.5,0.8,14400,0.8,142,73.9,37.59,0.58,1.64,0.265,9.59,26.23,0.185,1.43
50.0,2.0,0.7,2.5,4.5,0.8,,0.4,88,73.9,23.36,0.56,1.58,0.265,8.3,16.32,0.185,1.38
50.0,2.0,1.0,1.5,4.5,0.6,14400,0.4,96,75.0,25.47,0.52,1.55,0.265,10.44,17.79,0.185,1.37
50.0,2.0,1.0,2.5,3.0,0.8,14400,0.4,96,75.0,25.41,0.52,1.55,0.265,10.5,17.73,0.185,1.37
50.0,2.0,1.5,2.5,3.0,0.6,3600,0.2,95,73.7,25.2,0.54,1.52,0.265,9.33,17.6,0.185,1.35
50.0,2.0,1.5,2.5,4.5,0.6,3600,0.2,95,73.7,25.2,0.54,1.52,0.265,9.33,17.6,0.185,1.35
50.0,2.0,1.5,2.5,4.5,0.8,3600,0.2,94,74.5,24.94,0.52,1.52,0.265,9.62,17.42,0.185,1.35
50.0,3.0,1.0,1.5,3.0,0.4,7200,0.2,85,81.2,22.52,0.34,1.47,0.265,9.07,15.72,0.185,1.32
50.0,3.0,1.0,1.5,4.5,0.4,7200,0.2,85,81.2,22.52,0.34,1.47,0.265,9.07,15.72,0.185,1.32
50.0,4.0,1.5,2.5,3.0,0.8,7200,0.2,67,83.6,17.75,0.28,1.4,0.265,15.15,12.39,0.185,1.28
50.0,5.0,0.7,1.5,3.0,0.8,2400,0.2,84,91.7,22.22,0.17,1.88,0.265,8.46,15.5,0.185,1.6
50.0,5.0,0.7,1.5,4.5,0.8,2400,0.2,84,91.7,22.22,0.17,1.88,0.265,8.46,15.5,0.185,1.6
50.0,5.0,1.0,1.5,3.0,0.4,3600,0.2,57,87.7,15.08,0.2,1.43,0.265,14.08,10.52,0.185,1.3
50.0,5.0,1.0,1.5,3.0,0.6,7200,0.2,57,87.7,15.11,0.2,1.43,0.265,14.2,10.55,0.185,1.3
50.0,5.0,1.0,1.5,4.5,0.4,3600,0.2,57,87.7,15.08,0.2,1.43,0.265,14.08,10.52,0.185,1.3
50.0,5.0,1.0,1.5,4.5,0.6,7200,0.2,57,87.7,15.11,0.2,1.43,0.265,14.2,10.55,0.185,1.3
50.0,5.0,1.0,2.5,3.0,0.8,7200,0.8,106,73.6,28.1,0.75,2.08,0.265,5.0,19.62,0.185,1.69
50.0,5.0,1.0,2.5,4.5,0.8,7200,0.8,106,73.6,28.1,0.75,2.08,0.265,5.0,19.62,0.185,1.69
55.0,2.0,1.0,1.5,3.0,0.8,14400,0.4,79,74.7,20.95,0.53,1.55,0.265,7.36,14.63,0.185,1.37
55.0,2.0,1.0,1.5,4.5,0.8,14400,0.4,79,74.7,20.93,0.52,1.55,0.265,7.36,14.61,0.185,1.37
55.0,2.0,1.5,2.5,3.0,0.4,,0.4,79,73.4,20.94,0.54,1.5,0.265,7.57,14.62,0.185,1.33
55.0,2.0,1.5,2.5,4.5,0.4,,0.4,79,73.4,20.94,0.54,1.5,0.265,7.57,14.62,0.185,1.33
55.0,3.0,1.5,2.5,3.0,0.6,1200,0.2,73,76.7,19.37,0.48,1.58,0.265,6.6,13.53,0.185,1.39
55.0,3.0,1.5,2.5,3.0,0.8,3600,0.4,79,73.4,20.95,0.61,1.67,0.265,8.37,14.63,0.185,1.44
55.0,3.0,1.5,2.5,4.5,0.6,1200,0.2,73,76.7,19.37,0.48,1.58,0.265,6.6,13.53,0.185,1.39
55.0,4.0,0.7,2.5,4.5,0.6,14400,0.2,58,89.7,15.39,0.19,1.64,0.265,10.0,10.75,0.185,1.44
55.0,4.0,1.0,1.5,3.0,0.4,14400,0.8,67,74.6,17.76,0.57,1.68,0.265,7.05,12.4,0.185,1.45
55.0,4.0,1.0,1.5,4.5,0.4,14400,0.8,67,74.6,17.76,0.57,1.68,0.265,7.05,12.4,0.185,1.45
40.0,3.0,1.5,2.5,3.0,0.8,,0.4,118,79.7,31.11,0.37,1.43,0.264,13.9,21.67,0.184,1.29
40.0,4.0,1.0,2.5,3.0,0.8,14400,0.2,91,84.6,24.01,0.26,1.43,0.264,11.21,16.73,0.184,1.29
45.0,3.0,1.0,1.5,3.0,0.6,14400,0.2,107,81.3,28.23,0.34,1.47,0.264,8.15,19.67,0.184,1.32
45.0,3.0,1.0,1.5,4.5,0.6,14400,0.2,107,81.3,28.23,0.34,1.47,0.264,8.15,19.67,0.184,1.32
50.0,2.0,0.7,2.5,3.0,0.6,,0.4,94,74.5,24.77,0.55,1.6,0.264,8.24,17.25,0.184,1.4
50.0,2.0,1.0,2.5,4.5,0.8,14400,0.4,96,75.0,25.38,0.52,1.55,0.264,10.5,17.71,0.184,1.37
50.0,4.0,1.5,2.5,3.0,0.6,14400,0.2,65,84.6,17.14,0.26,1.43,0.264,14.85,11.94,0.184,1.29
50.0,4.0,1.5,2.5,4.5,0.8,7200,0.2,67,83.6,17.7,0.28,1.4,0.264,15.15,12.34,0.184,1.27
50.0,5.0,0.7,2.5,3.0,0.8,7200,0.4,86,87.2,22.69,0.28,1.88,0.264,8.69,15.81,0.184,1.59
50.0,5.0,0.7,2.5,4.5,0.8,7200,0.4,86,87.2,22.69,0.28,1.88,0.264,8.69,15.81,0.184,1.59
50.0,5.0,1.5,2.5,4.5,0.8,1200,0.4,150,73.3,39.62,1.15,3.16,0.264,5.22,27.62,0.184,2.23
45.0,3.0,1.0,1.5,3.0,0.6,14400,0.4,112,82.1,29.45,0.32,1.49,0.263,8.15,20.49,0.183,1.33
45.0,3.0,1.0,1.5,4.5,0.6,14400,0.4,112,82.1,29.45,0.32,1.49,0.263,8.15,20.49,0.183,1.33
50.0,2.0,0.7,2.5,4.5,0.6,,0.4,94,74.5,24.72,0.55,1.6,0.263,8.24,17.2,0.183,1.4
50.0,4.0,0.7,2.5,3.0,0.8,7200,0.2,86,88.4,22.58,0.22,1.7,0.263,14.04,15.7,0.183,1.48
50.0,4.0,0.7,2.5,4.5,0.8,7200,0.2,86,88.4,22.58,0.22,1.7,0.263,14.04,15.7,0.183,1.48
50.0,4.0,1.5,2.5,4.5,0.6,14400,0.2,65,84.6,17.12,0.26,1.43,0.263,14.85,11.92,0.183,1.29
50.0,5.0,0.7,1.5,3.0,0.6,2400,0.2,84,91.7,22.11,0.17,1.88,0.263,8.63,15.39,0.183,1.6
50.0,5.0,0.7,1.5,4.5,0.6,2400,0.2,84,91.7,22.11,0.17,1.88,0.263,8.63,15.39,0.183,1.6
50.0,5.0,1.0,1.5,3.0,0.4,7200,0.8,106,73.6,27.84,0.74,2.07,0.263,5.0,19.36,0.183,1.68
50.0,5.0,1.0,1.5,4.5,0.4,7200,0.8,106,73.6,27.84,0.74,2.07,0.263,5.0,19.36,0.183,1.68
55.0,2.0,1.0,1.5,3.0,0.4,7200,0.2,80,73.8,21.01,0.54,1.52,0.263,7.27,14.61,0.183,1.35
55.0,2.0,1.0,1.5,4.5,0.4,7200,0.2,80,73.8,21.01,0.54,1.52,0.263,7.27,14.61,0.183,1.35
55.0,4.0,0.7,2.5,3.0,0.4,7200,0.2,59,88.1,15.5,0.22,1.64,0.263,9.88,10.78,0.183,1.44
55.0,4.0,0.7,2.5,4.5,0.4,7200,0.2,59,88.1,15.5,0.22,1.64,0.263,9.88,10.78,0.183,1.44
55.0,5.0,1.0,2.5,3.0,0.4,1200,0.4,112,78.6,29.49,0.95,3.49,0.263,5.17,20.53,0.183,2.41
55.0,5.0,1.0,2.5,4.5,0.4,1200,0.4,112,78.6,29.4,0.95,3.49,0.262,5.17,20.44,0.183,2.41
40.0,4.0,1.5,2.5,3.0,0.6,3600,0.2,97,82.5,25.43,0.31,1.45,0.262,10.6,17.67,0.182,1.31
40.0,4.0,1.5,2.5,4.5,0.6,3600,0.2,97,82.5,25.43,0.31,1.45,0.262,10.6,17.67,0.182,1.31
45.0,3.0,1.5,2.5,3.0,0.8,1200,0.2,122,77.0,31.98,0.48,1.62,0.262,7.81,22.22,0.182,1.41
45.0,3.0,1.5,2.5,4.5,0.8,1200,0.2,122,77.0,31.98,0.48,1.62,0.262,7.81,22.22,0.182,1.41
50.0,4.0,0.7,2.5,3.0,0.4,,0.4,67,83.6,17.57,0.3,1.51,0.262,12.63,12.21,0.182,1.34
50.0,4.0,0.7,2.5,4.5,0.4,,0.4,67,83.6,17.57,0.3,1.51,0.262,12.63,12.21,0.182,1.34
50.0,5.0,1.0,2.5,3.0,0.4,1200,0.4,148,75.0,38.74,1.05,3.15,0.262,5.22,26.9,0.182,2.23
50.0,5.0,1.0,2.5,3.0,0.6,7200,0.8,106,73.6,27.73,0.74,2.07,0.262,5.0,19.24,0.182,1.67
50.0,5.0,1.0,2.5,4.5,0.6,7200,0.8,106,73.6,27.73,0.74,2.07,0.262,5.0,19.24,0.182,1.67
55.0,2.0,1.0,2.5,3.0,0.6,7200,0.2,80,73.8,20.92,0.54,1.52,0.262,7.39,14.52,0.182,1.35
55.0,2.0,1.0,2.5,4.5,0.6,7200,0.2,80,73.8,20.92,0.54,1.52,0.262,7.39,14.52,0.182,1.35
55.0,3.0,1.5,2.5,3.0,0.4,14400,0.8,80,71.2,20.96,0.66,1.65,0.262,5.9,14.56,0.182,1.42
55.0,3.0,1.5,2.5,4.5,0.4,14400,0.8,80,71.2,20.96,0.66,1.65,0.262,5.9,14.56,0.182,1.42
55.0,3.0,1.5,2.5,4.5,0.8,3600,0.4,79,73.4,20.71,0.6,1.66,0.262,8.37,14.39,0.182,1.44
55.0,4.0,0.7,1.5,3.0,0.8,14400,0.2,58,89.7,15.19,0.19,1.63,0.262,10.06,10.55,0.182,1.43
55.0,4.0,0.7,2.5,3.0,0.4,14400,0.4,60,88.3,15.72,0.22,1.65,0.262,9.88,10.92,0.182,1.44
55.0,4.0,0.7,2.5,4.5,0.4,14400,0.4,60,88.3,15.72,0.22,1.65,0.262,9.88,10.92,0.182,1.44
55.0,5.0,1.5,2.5,3.0,0.4,1200,0.4,112,78.6,29.31,0.95,3.48,0.262,5.17,20.35,0.182,2.4
40.0,3.0,1.5,2.5,4.5,0.8,,0.4,116,79.3,30.22,0.37,1.42,0.261,13.9,20.94,0.181,1.28
50.0,3.0,1.0,2.5,3.0,0.6,7200,0.2,85,81.2,22.16,0.34,1.46,0.261,9.19,15.36,0.181,1.31
50.0,3.0,1.0,2.5,4.5,0.6,7200,0.2,85,81.2,22.16,0.34,1.46,0.261,9.19,15.36,0.181,1.31
50.0,4.0,0.7,1.5,3.0,0.4,7200,0.2,86,88.4,22.48,0.22,1.7,0.261,13.86,15.6,0.181,1.47
50.0,4.0,0.7,1.5,4.5,0.4,7200,0.2,86,88.4,22.48,0.22,1.7,0.261,13.86,15.6,0.181,1.47
50.0,4.0,0.7,2.5,3.0,0.6,7200,0.2,86,88.4,22.46,0.22,1.7,0.261,13.98,15.58,0.181,1.47
50.0,4.0,0.7,2.5,4.5,0.6,7200,0.2,86,88.4,22.46,0.22,1.7,0.261,13.98,15.58,0.181,1.47
50.0,5.0,0.7,1.5,3.0,0.4,7200,0.4,86,87.2,22.45,0.27,1.87,0.261,8.51,15.57,0.181,1.58
50.0,5.0,0.7,1.5,4.5,0.4,7200,0.4,86,87.2,22.45,0.27,1.87,0.261,8.51,15.57,0.181,1.58
50.0,5.0,1.0,2.5,4.5,0.4,1200,0.4,148,75.0,38.65,1.05,3.15,0.261,5.22,26.81,0.181,2.22
55.0,4.0,0.7,1.5,4.5,0.8,14400,0.2,58,89.7,15.16,0.19,1.63,0.261,10.06,10.52,0.181,1.43
55.0,4.0,0.7,2.5,3.0,0.6,14400,0.4,60,88.3,15.63,0.22,1.65,0.26,10.0,10.83,0.181,1.44
55.0,5.0,1.0,2.5,3.0,0.6,1200,0.4,112,78.6,29.27,0.95,3.48,0.261,5.17,20.31,0.181,2.4
55.0,5.0,1.0,2.5,3.0,0.8,1200,0.4,112,78.6,29.23,0.95,3.47,0.261,5.17,20.27,0.181,2.4
55.0,5.0,1.5,2.5,4.5,0.4,1200,0.4,112,78.6,29.23,0.95,3.47,0.261,5.17,20.27,0.181,2.4
50.0,2.0,1.0,1.5,3.0,0.8,14400,0.4,96,75.0,24.96,0.51,1.54,0.26,10.5,17.28,0.18,1.36
50.0,2.0,1.0,1.5,4.5,0.8,14400,0.4,96,75.0,24.93,0.51,1.54,0.26,10.5,17.25,0.18,1.36
50.0,5.0,0.7,2.5,3.0,0.6,7200,0.4,86,87.2,22.37,0.27,1.87,0.26,8.63,15.49,0.18,1.58
50.0,5.0,0.7,2.5,4.5,0.6,7200,0.4,86,87.2,22.37,0.27,1.87,0.26,8.63,15.49,0.18,1.58
50.0,5.0,1.0,1.5,3.0,0.8,7200,0.8,106,73.6,27.53,0.74,2.06,0.26,5.0,19.05,0.18,1.67
50.0,5.0,1.0,1.5,4.5,0.8,7200,0.8,106,73.6,27.53,0.74,2.06,0.26,5.0,19.05,0.18,1.67
50.0,5.0,1.0,2.5,3.0,0.6,1200,0.4,148,75.0,38.55,1.05,3.14,0.26,5.22,26.71,0.18,2.22
50.0,5.0,1.0,2.5,3.0,0.8,1200,0.4,148,75.0,38.55,1.05,3.14,0.26,5.22,26.71,0.18,2.22
50.0,5.0,1.0,2.5,4.5,0.6,1200,0.4,148,75.0,38.41,1.05,3.14,0.26,5.22,26.57,0.18,2.21
55.0,2.0,1.0,2.5,3.0,0.8,7200,0.2,80,73.8,20.82,0.54,1.52,0.26,7.44,14.42,0.18,1.35
55.0,2.0,1.0,2.5,4.5,0.8,7200,0.2,80,73.8,20.82,0.54,1.52,0.26,7.44,14.42,0.18,1.35
55.0,4.0,0.7,2.5,4.5,0.6,14400,0.4,60,88.3,15.61,0.22,1.65,0.26,10.0,10.81,0.18,1.44
55.0,5.0,1.0,1.5,3.0,0.4,1200,0.4,112,78.6,29.16,0.95,3.47,0.26,5.17,20.2,0.18,2.39
55.0,5.0,1.0,1.5,4.5,0.4,1200,0.4,112,78.6,29.07,0.94,3.46,0.26,5.17,20.11,0.18,2.39
55.0,5.0,1.0,2.5,4.5,0.6,1200,0.4,112,78.6,29.13,0.94,3.46,0.26,5.17,20.17,0.18,2.39
45.0,3.0,1.5,2.5,3.0,0.4,7200,0.4,124,77.4,32.11,0.45,1.53,0.259,8.06,22.18,0.179,1.35
45.0,3.0,1.5,2.5,4.5,0.4,7200,0.4,124,77.4,32.11,0.45,1.53,0.259,8.06,22.18,0.179,1.35
50.0,2.0,1.5,2.5,3.0,0.8,2400,0.2,104,74.0,26.9,0.55,1.56,0.259,9.62,18.58,0.179,1.37
50.0,3.0,1.0,2.5,3.0,0.8,7200,0.2,85,81.2,22.04,0.34,1.46,0.259,9.24,15.24,0.179,1.31
50.0,3.0,1.0,2.5,4.5,0.8,7200,0.2,85,81.2,22.04,0.34,1.46,0.259,9.24,15.24,0.179,1.31
50.0,5.0,1.0,1.5,3.0,0.4,1200,0.4,148,75.0,38.38,1.04,3.13,0.259,5.22,26.54,0.179,2.21
50.0,5.0,1.0,1.5,4.5,0.4,1200,0.4,148,75.0,38.29,1.04,3.13,0.259,5.22,26.45,0.179,2.21
50.0,5.0,1.0,2.5,4.5,0.8,1200,0.4,148,75.0,38.36,1.04,3.13,0.259,5.22,26.52,0.179,2.21
55.0,4.0,0.7,2.5,3.0,0.8,7200,0.2,59,88.1,15.28,0.22,1.64,0.259,10.06,10.56,0.179,1.43
55.0,4.0,0.7,2.5,4.5,0.8,7200,0.2,59,88.1,15.28,0.22,1.64,0.259,10.06,10.56,0.179,1.43
55.0,5.0,1.0,2.5,4.5,0.8,1200,0.4,112,78.6,29.05,0.94,3.46,0.259,5.17,20.09,0.179,2.38
40.0,4.0,1.0,1.5,4.5,0.8,14400,0.2,91,84.6,23.45,0.26,1.42,0.258,11.21,16.17,0.178,1.28
45.0,2.0,1.0,1.5,3.0,0.8,,0.4,122,74.6,31.53,0.51,1.51,0.258,10.3,21.78,0.178,1.34
50.0,2.0,1.5,2.5,4.5,0.8,2400,0.2,104,74.0,26.84,0.55,1.56,0.258,9.62,18.52,0.178,1.37
50.0,5.0,1.0,1.5,3.0,0.6,1200,0.4,148,75.0,38.19,1.04,3.12,0.258,5.22,26.35,0.178,2.2
50.0,5.0,1.0,1.5,3.0,0.8,1200,0.4,148,75.0,38.19,1.04,3.12,0.258,5.22,26.35,0.178,2.2
55.0,4.0,1.0,1.5,3.0,0.6,14400,0.8,67,74.6,17.29,0.56,1.66,0.258,7.17,11.93,0.178,1.43
55.0,4.0,1.0,1.5,4.5,0.6,14400,0.8,67,74.6,17.27,0.56,1.66,0.258,7.17,11.91,0.178,1.43
55.0,5.0,1.0,1.5,3.0,0.6,1200,0.4,112,78.6,28.93,0.94,3.45,0.258,5.17,19.97,0.178,2.38
55.0,5.0,1.0,1.5,3.0,0.8,1200,0.4,112,78.6,28.9,0.94,3.44,0.258,5.17,19.94,0.178,2.37
40.0,4.0,1.0,1.5,3.0,0.8,14400,0.2,91,84.6,23.36,0.26,1.42,0.257,11.21,16.08,0.177,1.28
45.0,3.0,1.0,2.5,3.0,0.4,7200,0.2,107,81.3,27.52,0.34,1.46,0.257,8.03,18.96,0.177,1.31
45.0,3.0,1.0,2.5,4.5,0.4,7200,0.2,107,81.3,27.52,0.34,1.46,0.257,8.03,18.96,0.177,1.31
50.0,2.0,1.0,2.5,3.0,0.4,,0.4,95,73.7,24.41,0.53,1.49,0.257,9.45,16.81,0.177,1.32
50.0,2.0,1.0,2.5,4.5,0.4,,0.4,95,73.7,24.41,0.53,1.49,0.257,9.45,16.81,0.177,1.32
50.0,5.0,1.0,1.5,4.5,0.6,1200,0.4,148,75.0,38.05,1.04,3.12,0.257,5.22,26.21,0.177,2.2
50.0,5.0,1.0,1.5,4.5,0.8,1200,0.4,148,75.0,38.0,1.04,3.11,0.257,5.22,26.16,0.177,2.19
50.0,5.0,1.0,2.5,3.0,0.8,3600,0.2,57,87.7,14.65,0.2,1.42,0.257,14.17,10.09,0.177,1.28
50.0,5.0,1.0,2.5,4.5,0.8,3600,0.2,57,87.7,14.65,0.2,1.42,0.257,14.17,10.09,0.177,1.28
55.0,4.0,0.7,1.5,3.0,0.8,14400,0.4,60,88.3,15.41,0.22,1.64,0.257,10.06,10.61,0.177,1.43
55.0,4.0,0.7,2.5,3.0,0.6,7200,0.2,59,88.1,15.15,0.22,1.63,0.257,10.0,10.43,0.177,1.42
55.0,4.0,0.7,2.5,4.5,0.6,7200,0.2,59,88.1,15.15,0.22,1.63,0.257,10.0,10.43,0.177,1.42
55.0,5.0,1.0,1.5,4.5,0.6,1200,0.4,112,78.6,28.8,0.94,3.44,0.257,5.17,19.84,0.177,2.37
45.0,2.0,1.0,1.5,4.5,0.8,,0.4,119,73.9,30.44,0.53,1.49,0.256,10.3,20.92,0.176,1.32
50.0,4.0,0.7,1.5,3.0,0.4,,0.4,67,83.6,17.15,0.29,1.5,0.256,12.63,11.79,0.176,1.33
50.0,4.0,0.7,1.5,4.5,0.4,,0.4,67,83.6,17.15,0.29,1.5,0.256,12.63,11.79,0.176,1.33
50.0,5.0,0.7,1.5,3.0,0.8,7200,0.4,86,87.2,22.04,0.27,1.86,0.256,8.69,15.16,0.176,1.57
50.0,5.0,0.7,1.5,4.5,0.8,7200,0.4,86,87.2,22.04,0.27,1.86,0.256,8.69,15.16,0.176,1.57
55.0,2.0,1.5,2.5,3.0,0.8,,0.4,77,74.0,19.68,0.52,1.49,0.256,8.23,13.52,0.176,1.33
55.0,4.0,0.7,1.5,4.5,0.8,14400,0.4,60,88.3,15.39,0.22,1.64,0.256,10.06,10.59,0.176,1.43
55.0,5.0,1.0,1.5,4.5,0.8,1200,0.4,112,78.6,28.71,0.94,3.43,0.256,5.17,19.75,0.176,2.36
40.0,4.0,1.5,2.5,3.0,0.8,7200,0.2,96,84.4,24.48,0.27,1.44,0.255,11.0,16.8,0.175,1.29
40.0,4.0,1.5,2.5,4.5,0.8,7200,0.2,96,84.4,24.48,0.27,1.44,0.255,11.0,16.8,0.175,1.29
50.0,3.0,1.0,1.5,3.0,0.6,7200,0.2,85,81.2,21.69,0.34,1.45,0.255,9.19,14.89,0.175,1.3
50.0,3.0,1.0,1.5,3.0,0.8,7200,0.2,85,81.2,21.68,0.34,1.45,0.255,9.24,14.88,0.175,1.3
50.0,3.0,1.0,1.5,4.5,0.6,7200,0.2,85,81.2,21.69,0.34,1.45,0.255,9.19,14.89,0.175,1.3
50.0,3.0,1.0,1.5,4.5,0.8,7200,0.2,85,81.2,21.68,0.34,1.45,0.255,9.24,14.88,0.175,1.3
50.0,4.0,0.7,1.5,3.0,0.8,7200,0.2,86,88.4,21.9,0.22,1.68,0.255,14.04,15.02,0.175,1.46
50.0,4.0,0.7,1.5,4.5,0.8,7200,0.2,86,88.4,21.9,0.22,1.68,0.255,14.04,15.02,0.175,1.46
50.0,5.0,1.0,1.5,3.0,0.6,7200,0.8,106,73.6,27.08,0.73,2.04,0.255,5.0,18.6,0.175,1.65
50.0,5.0,1.0,1.5,3.0,0.8,3600,0.2,57,87.7,14.56,0.2,1.42,0.255,14.17,10.0,0.175,1.28
50.0,5.0,1.0,1.5,4.5,0.6,7200,0.8,106,73.6,27.08,0.73,2.04,0.255,5.0,18.6,0.175,1.65
50.0,5.0,1.0,1.5,4.5,0.8,3600,0.2,57,87.7,14.56,0.2,1.42,0.255,14.17,10.0,0.175,1.28
50.0,5.0,1.0,2.5,3.0,0.4,1200,0.2,72,81.9,18.37,0.34,1.52,0.255,14.08,12.61,0.175,1.35
50.0,5.0,1.0,2.5,3.0,0.6,3600,0.2,57,87.7,14.56,0.2,1.42,0.255,14.2,10.0,0.175,1.28
50.0,5.0,1.0,2.5,4.5,0.4,1200,0.2,72,81.9,18.37,0.34,1.52,0.255,14.08,12.61,0.175,1.35
50.0,5.0,1.0,2.5,4.5,0.6,3600,0.2,57,87.7,14.56,0.2,1.42,0.255,14.2,10.0,0.175,1.28
50.0,5.0,1.5,2.5,3.0,0.4,14400,0.8,76,81.6,19.39,0.35,1.54,0.255,14.18,13.31,0.175,1.36
50.0,5.0,1.5,2.5,4.5,0.4,14400,0.8,76,81.6,19.39,0.35,1.54,0.255,14.18,13.31,0.175,1.36
40.0,4.0,0.7,2.5,4.5,0.6,,0.4,93,83.9,23.64,0.29,1.49,0.254,9.69,16.2,0.174,1.32
45.0,4.0,1.5,2.5,3.0,0.4,,0.4,72,83.3,18.28,0.28,1.38,0.254,13.0,12.52,0.174,1.26
45.0,4.0,1.5,2.5,4.5,0.4,,0.4,72,83.3,18.28,0.28,1.38,0.254,13.0,12.52,0.174,1.26
50.0,5.0,0.7,2.5,3.0,0.8,14400,0.8,93,84.9,23.59,0.34,1.9,0.254,8.71,16.15,0.174,1.59
55.0,5.0,1.5,2.5,3.0,0.6,1200,0.4,112,78.6,28.4,0.93,3.4,0.254,5.17,19.44,0.174,2.34
50.0,2.0,1.0,1.5,3.0,0.4,,0.4,95,73.7,24.08,0.53,1.48,0.253,9.45,16.48,0.173,1.32
50.0,2.0,1.0,1.5,4.5,0.4,,0.4,95,73.7,24.08,0.53,1.48,0.253,9.45,16.48,0.173,1.32
50.0,2.0,1.0,2.5,3.0,0.4,7200,0.2,99,73.7,25.01,0.53,1.5,0.253,9.3,17.09,0.173,1.33
50.0,2.0,1.0,2.5,4.5,0.4,7200,0.2,99,73.7,25.01,0.53,1.5,0.253,9.3,17.09,0.173,1.33
50.0,4.0,0.7,1.5,3.0,0.6,7200,0.2,86,88.4,21.74,0.22,1.68,0.253,13.98,14.86,0.173,1.45
50.0,4.0,0.7,1.5,4.5,0.6,7200,0.2,86,88.4,21.74,0.22,1.68,0.253,13.98,14.86,0.173,1.45
50.0,5.0,0.7,2.5,4.5,0.8,14400,0.8,93,84.9,23.57,0.34,1.89,0.253,8.71,16.13,0.173,1.59
50.0,5.0,1.0,1.5,3.0,0.6,3600,0.2,57,87.7,14.4,0.2,1.41,0.253,14.2,9.84,0.173,1.28
50.0,5.0,1.0,1.5,4.5,0.6,3600,0.2,57,87.7,14.4,0.2,1.41,0.253,14.2,9.84,0.173,1.28
55.0,2.0,1.5,2.5,4.5,0.8,,0.4,76,73.7,19.2,0.53,1.48,0.253,8.23,13.12,0.173,1.32
55.0,3.0,1.0,2.5,3.0,0.8,14400,0.8,78,71.8,19.7,0.63,1.61,0.253,6.01,13.46,0.173,1.39
55.0,4.0,0.7,1.5,3.0,0.4,14400,0.2,58,89.7,14.69,0.19,1.61,0.253,9.88,10.05,0.173,1.41
55.0,4.0,0.7,1.5,4.5,0.4,14400,0.2,58,89.7,14.69,0.19,1.61,0.253,9.88,10.05,0.173,1.41
45.0,3.0,1.0,1.5,3.0,0.4,7200,0.2,107,81.3,26.98,0.33,1.45,0.252,8.03,18.42,0.172,1.3
45.0,3.0,1.0,1.5,4.5,0.4,7200,0.2,107,81.3,26.98,0.33,1.45,0.252,8.03,18.42,0.172,1.3
45.0,4.0,1.5,2.5,3.0,0.4,14400,0.2,73,83.6,18.36,0.27,1.38,0.252,12.86,12.52,0.172,1.26
45.0,4.0,1.5,2.5,4.5,0.4,14400,0.2,73,83.6,18.36,0.27,1.38,0.252,12.86,12.52,0.172,1.26
45.0,5.0,0.7,2.5,3.0,0.4,14400,0.8,128,82.8,32.22,0.4,1.94,0.252,7.84,21.98,0.172,1.61
45.0,5.0,0.7,2.5,4.5,0.4,14400,0.8,128,82.8,32.22,0.4,1.94,0.252,7.84,21.98,0.172,1.61
50.0,2.0,0.7,1.5,3.0,0.6,,0.4,94,74.5,23.65,0.54,1.57,0.252,8.34,16.13,0.172,1.37
50.0,3.0,1.0,2.5,3.0,0.4,3600,0.2,86,80.2,21.66,0.36,1.45,0.252,9.07,14.78,0.172,1.3
50.0,3.0,1.0,2.5,4.5,0.4,3600,0.2,86,80.2,21.66,0.36,1.45,0.252,9.07,14.78,0.172,1.3
50.0,5.0,0.7,1.5,3.0,0.6,7200,0.4,86,87.2,21.64,0.27,1.84,0.252,8.63,14.76,0.172,1.55
50.0,5.0,0.7,1.5,4.5,0.6,7200,0.4,86,87.2,21.64,0.27,1.84,0.252,8.63,14.76,0.172,1.55
50.0,5.0,1.0,1.5,3.0,0.4,1200,0.2,72,81.9,18.16,0.33,1.52,0.252,14.08,12.4,0.172,1.34
50.0,5.0,1.0,1.5,4.5,0.4,1200,0.2,72,81.9,18.16,0.33,1.52,0.252,14.08,12.4,0.172,1.34
55.0,2.0,1.0,1.5,3.0,0.6,7200,0.2,80,73.8,20.14,0.53,1.5,0.252,7.39,13.74,0.172,1.33
55.0,2.0,1.0,1.5,4.5,0.6,7200,0.2,80,73.8,20.14,0.53,1.5,0.252,7.39,13.74,0.172,1.33
55.0,2.0,1.0,2.5,3.0,0.4,3600,0.2,81,72.8,20.4,0.56,1.51,0.252,7.27,13.92,0.172,1.33
55.0,2.0,1.0,2.5,4.5,0.4,3600,0.2,81,72.8,20.4,0.56,1.51,0.252,7.27,13.92,0.172,1.33
55.0,3.0,1.0,2.5,4.5,0.8,14400,0.8,78,71.8,19.68,0.63,1.61,0.252,6.01,13.44,0.172,1.39
55.0,4.0,0.7,1.5,3.0,0.4,7200,0.2,59,88.1,14.88,0.22,1.62,0.252,9.88,10.16,0.172,1.41
55.0,4.0,0.7,1.5,4.5,0.4,7200,0.2,59,88.1,14.88,0.22,1.62,0.252,9.88,10.16,0.172,1.41
55.0,5.0,1.5,2.5,4.5,0.6,1200,0.4,112,78.6,28.26,0.92,3.39,0.252,5.17,19.3,0.172,2.33
45.0,5.0,1.5,2.5,3.0,0.6,2400,0.2,66,84.8,16.55,0.25,1.41,0.251,17.26,11.27,0.171,1.27
45.0,5.0,1.5,2.5,4.5,0.6,2400,0.2,66,84.8,16.55,0.25,1.41,0.251,17.26,11.27,0.171,1.27
50.0,2.0,0.7,1.5,3.0,0.8,,0.4,89,74.2,22.37,0.54,1.55,0.251,8.57,15.25,0.171,1.36
50.0,2.0,0.7,1.5,4.5,0.6,,0.4,94,74.5,23.6,0.54,1.57,0.251,8.34,16.08,0.171,1.37
50.0,3.0,1.0,1.5,3.0,0.4,3600,0.2,86,80.2,21.56,0.36,1.45,0.251,9.07,14.68,0.171,1.3
50.0,3.0,1.0,1.5,4.5,0.4,3600,0.2,86,80.2,21.56,0.36,1.45,0.251,9.07,14.68,0.171,1.3
50.0,5.0,0.7,2.5,3.0,0.6,14400,0.8,93,84.9,23.36,0.33,1.89,0.251,8.66,15.92,0.171,1.58
50.0,5.0,0.7,2.5,4.5,0.6,14400,0.8,93,84.9,23.34,0.33,1.89,0.251,8.66,15.9,0.171,1.58
55.0,2.0,1.0,1.5,3.0,0.8,7200,0.2,80,73.8,20.07,0.53,1.5,0.251,7.44,13.68,0.171,1.33
55.0,2.0,1.0,1.5,4.5,0.8,7200,0.2,80,73.8,20.07,0.53,1.5,0.251,7.44,13.68,0.171,1.33
40.0,3.0,1.0,2.5,3.0,0.8,,0.4,118,79.7,29.51,0.36,1.41,0.25,14.1,20.07,0.17,1.27
45.0,2.0,1.5,2.5,3.0,0.6,14400,0.4,133,73.7,33.2,0.54,1.5,0.25,10.07,22.56,0.17,1.33
45.0,2.0,1.5,2.5,4.5,0.6,14400,0.4,133,73.7,33.2,0.54,1.5,0.25,10.07,22.56,0.17,1.33
45.0,3.0,1.0,2.5,3.0,0.8,7200,0.2,107,81.3,26.77,0.33,1.45,0.25,7.77,18.21,0.17,1.3
45.0,3.0,1.0,2.5,4.5,0.8,7200,0.2,107,81.3,26.77,0.33,1.45,0.25,7.77,18.21,0.17,1.3
45.0,5.0,0.7,1.5,3.0,0.4,14400,0.8,128,82.8,32.06,0.4,1.94,0.25,7.84,21.82,0.17,1.61
45.0,5.0,0.7,1.5,4.5,0.4,14400,0.8,128,82.8,32.06,0.4,1.94,0.25,7.84,21.82,0.17,1.61
50.0,2.0,1.0,2.5,3.0,0.6,14400,0.2,92,73.9,22.98,0.52,1.48,0.25,9.42,15.63,0.17,1.31
50.0,2.0,1.0,2.5,4.5,0.6,14400,0.2,92,73.9,22.96,0.52,1.48,0.25,9.42,15.6,0.17,1.31
50.0,2.0,1.5,2.5,3.0,0.4,14400,0.2,92,72.8,22.99,0.54,1.46,0.25,9.76,15.63,0.17,1.3
50.0,2.0,1.5,2.5,4.5,0.4,14400,0.2,92,72.8,22.99,0.54,1.46,0.25,9.76,15.63,0.17,1.3
40.0,4.0,1.0,2.5,4.5,0.8,14400,0.4,94,84.0,23.4,0.27,1.42,0.249,11.84,15.88,0.169,1.28
40.0,5.0,1.5,2.5,3.0,0.6,1200,0.2,85,77.6,21.19,0.44,1.52,0.249,8.62,14.39,0.169,1.34
40.0,5.0,1.5,2.5,4.5,0.6,1200,0.2,85,77.6,21.19,0.44,1.52,0.249,8.62,14.39,0.169,1.34
45.0,5.0,0.7,2.5,3.0,0.8,14400,0.8,131,81.7,32.63,0.44,1.95,0.249,8.01,22.15,0.169,1.61
45.0,5.0,0.7,2.5,4.5,0.8,14400,0.8,131,81.7,32.63,0.44,1.95,0.249,8.01,22.15,0.169,1.61
50.0,2.0,1.5,2.5,3.0,0.8,7200,0.4,102,70.6,25.36,0.64,1.54,0.249,11.27,17.2,0.169,1.35
50.0,5.0,0.7,2.5,3.0,0.4,14400,0.8,93,84.9,23.11,0.33,1.88,0.248,8.54,15.67,0.169,1.57
50.0,5.0,0.7,2.5,4.5,0.4,14400,0.8,93,84.9,23.11,0.33,1.88,0.248,8.54,15.67,0.169,1.57
50.0,5.0,1.0,2.5,3.0,0.6,1200,0.2,72,81.9,17.9,0.33,1.51,0.249,14.2,12.14,0.169,1.33
50.0,5.0,1.0,2.5,4.5,0.6,1200,0.2,72,81.9,17.9,0.33,1.51,0.249,14.2,12.14,0.169,1.33
50.0,5.0,1.5,2.5,3.0,0.6,1200,0.4,154,74.0,38.36,1.08,3.09,0.249,5.22,26.04,0.169,2.16
55.0,4.0,0.7,2.5,3.0,0.4,7200,0.8,91,75.8,22.69,0.82,2.56,0.249,4.85,15.42,0.169,1.93
55.0,4.0,0.7,2.5,4.5,0.4,7200,0.8,91,75.8,22.69,0.82,2.56,0.249,4.85,15.42,0.169,1.93
40.0,4.0,1.0,2.5,3.0,0.8,14400,0.4,94,84.0,23.32,0.27,1.42,0.248,11.84,15.8,0.168,1.28
45.0,5.0,0.7,1.5,3.0,0.8,14400,0.8,131,81.7,32.47,0.44,1.94,0.248,8.01,21.99,0.168,1.6
45.0,5.0,0.7,1.5,4.5,0.8,14400,0.8,131,81.7,32.47,0.44,1.94,0.248,8.01,21.99,0.168,1.6
50.0,2.0,0.7,2.5,3.0,0.4,14400,0.2,123,81.3,30.45,0.39,1.69,0.248,9.16,20.62,0.168,1.45
50.0,2.0,0.7,2.5,3.0,0.4,,0.4,95,73.7,23.57,0.56,1.56,0.248,8.73,15.97,0.168,1.36
50.0,2.0,0.7,2.5,4.5,0.4,14400,0.2,123,81.3,30.45,0.39,1.69,0.248,9.16,20.62,0.168,1.45
50.0,2.0,0.7,2.5,4.5,0.4,,0.4,95,73.7,23.57,0.56,1.56,0.248,8.73,15.97,0.168,1.36
50.0,2.0,1.0,1.5,3.0,0.4,7200,0.2,99,73.7,24.58,0.53,1.49,0.248,9.3,16.66,0.168,1.32
50.0,2.0,1.0,1.5,4.5,0.4,7200,0.2,99,73.7,24.58,0.53,1.49,0.248,9.3,16.66,0.168,1.32
50.0,2.0,1.5,2.5,4.5,0.8,7200,0.4,102,70.6,25.31,0.64,1.54,0.248,11.27,17.15,0.168,1.35
50.0,5.0,0.7,1.5,3.0,0.6,14400,0.8,93,84.9,23.06,0.33,1.88,0.248,8.66,15.62,0.168,1.57
50.0,5.0,0.7,1.5,3.0,0.8,14400,0.8,93,84.9,23.06,0.33,1.88,0.248,8.71,15.62,0.168,1.57
50.0,5.0,0.7,1.5,4.5,0.6,14400,0.8,93,84.9,23.04,0.33,1.87,0.248,8.66,15.6,0.168,1.57
50.0,5.0,0.7,1.5,4.5,0.8,14400,0.8,93,84.9,23.04,0.33,1.87,0.248,8.71,15.6,0.168,1.57
50.0,5.0,1.0,2.5,3.0,0.4,2400,0.2,59,86.4,14.65,0.22,1.42,0.248,14.08,9.93,0.168,1.28
50.0,5.0,1.0,2.5,3.0,0.8,1200,0.2,72,81.9,17.83,0.33,1.51,0.248,14.09,12.08,0.168,1.33
50.0,5.0,1.0,2.5,4.5,0.4,2400,0.2,59,86.4,14.65,0.22,1.42,0.248,14.08,9.93,0.168,1.28
50.0,5.0,1.0,2.5,4.5,0.8,1200,0.2,72,81.9,17.83,0.33,1.51,0.248,14.09,12.08,0.168,1.33
50.0,5.0,1.5,2.5,4.5,0.6,1200,0.4,154,74.0,38.22,1.08,3.08,0.248,5.22,25.9,0.168,2.15
55.0,2.0,1.0,2.5,3.0,0.8,,0.4,77,74.0,19.12,0.52,1.48,0.248,8.26,12.96,0.168,1.31
55.0,2.0,1.5,2.5,3.0,0.4,7200,0.4,84,71.4,20.86,0.62,1.54,0.248,7.99,14.14,0.168,1.35
55.0,2.0,1.5,2.5,4.5,0.4,7200,0.4,84,71.4,20.86,0.62,1.54,0.248,7.99,14.14,0.168,1.35
55.0,4.0,0.7,1.5,3.0,0.4,14400,0.4,60,88.3,14.91,0.21,1.62,0.248,9.88,10.11,0.168,1.41
55.0,4.0,0.7,1.5,3.0,0.6,14400,0.2,58,89.7,14.37,0.18,1.6,0.248,10.0,9.73,0.168,1.4
55.0,4.0,0.7,1.5,3.0,0.8,7200,0.2,59,88.1,14.64,0.22,1.61,0.248,10.06,9.92,0.168,1.4
55.0,4.0,0.7,1.5,4.5,0.4,14400,0.4,60,88.3,14.91,0.21,1.62,0.248,9.88,10.11,0.168,1.41
55.0,4.0,0.7,1.5,4.5,0.8,7200,0.2,59,88.1,14.64,0.22,1.61,0.248,10.06,9.92,0.168,1.4
40.0,3.0,1.0,2.5,4.5,0.8,,0.4,116,79.3,28.62,0.36,1.4,0.247,14.1,19.34,0.167,1.26
40.0,4.0,0.7,2.5,3.0,0.8,14400,0.2,121,88.4,29.88,0.21,1.57,0.247,10.57,20.2,0.167,1.38
45.0,3.0,1.0,2.5,3.0,0.6,7200,0.2,107,81.3,26.41,0.33,1.44,0.247,8.15,17.85,0.167,1.29
45.0,3.0,1.0,2.5,4.5,0.6,7200,0.2,107,81.3,26.41,0.33,1.44,0.247,8.15,17.85,0.167,1.29
50.0,2.0,0.7,1.5,4.5,0.8,,0.4,88,73.9,21.73,0.54,1.54,0.247,8.57,14.69,0.167,1.35
50.0,2.0,1.5,2.5,3.0,0.6,7200,0.4,104,70.2,25.73,0.66,1.55,0.247,10.98,17.41,0.167,1.35
50.0,2.0,1.5,2.5,4.5,0.6,7200,0.4,104,70.2,25.73,0.66,1.55,0.247,10.98,17.41,0.167,1.35
50.0,5.0,1.0,1.5,3.0,0.6,1200,0.2,72,81.9,17.76,0.33,1.5,0.247,14.2,12.0,0.167,1.33
50.0,5.0,1.0,1.5,3.0,0.8,1200,0.2,72,81.9,17.76,0.33,1.5,0.247,14.09,12.0,0.167,1.33
50.0,5.0,1.0,1.5,4.5,0.6,1200,0.2,72,81.9,17.76,0.33,1.5,0.247,14.2,12.0,0.167,1.33
50.0,5.0,1.0,1.5,4.5,0.8,1200,0.2,72,81.9,17.76,0.33,1.5,0.247,14.09,12.0,0.167,1.33
55.0,2.0,1.0,1.5,3.0,0.4,3600,0.2,81,72.8,19.98,0.56,1.5,0.247,7.27,13.5,0.167,1.32
55.0,2.0,1.0,1.5,4.5,0.4,3600,0.2,81,72.8,19.98,0.56,1.5,0.247,7.27,13.5,0.167,1.32
55.0,2.0,1.5,2.5,3.0,0.6,3600,0.2,81,72.8,20.03,0.56,1.5,0.247,7.37,13.55,0.167,1.32
55.0,2.0,1.5,2.5,4.5,0.6,3600,0.2,81,72.8,20.03,0.56,1.5,0.247,7.37,13.55,0.167,1.32
55.0,4.0,0.7,1.5,4.5,0.6,14400,0.2,58,89.7,14.35,0.18,1.6,0.247,10.0,9.71,0.167,1.4
40.0,4.0,0.7,2.5,4.5,0.8,14400,0.2,121,88.4,29.79,0.21,1.57,0.246,10.57,20.11,0.166,1.38
45.0,5.0,1.0,2.5,3.0,0.4,14400,0.4,76,85.5,18.69,0.24,1.41,0.246,17.07,12.61,0.166,1.27
45.0,5.0,1.0,2.5,4.5,0.4,14400,0.4,76,85.5,18.69,0.24,1.41,0.246,17.07,12.61,0.166,1.27
50.0,2.0,1.0,1.5,3.0,0.6,14400,0.2,92,73.9,22.64,0.52,1.47,0.246,9.42,15.28,0.166,1.31
50.0,2.0,1.0,1.5,4.5,0.6,14400,0.2,92,73.9,22.62,0.52,1.47,0.246,9.42,15.26,0.166,1.31
50.0,2.0,1.0,2.5,3.0,0.6,7200,0.2,99,73.7,24.4,0.53,1.49,0.246,9.42,16.48,0.166,1.32
50.0,2.0,1.0,2.5,4.5,0.6,7200,0.2,99,73.7,24.4,0.53,1.49,0.246,9.42,16.48,0.166,1.32
50.0,3.0,1.0,1.5,3.0,0.8,3600,0.2,86,80.2,21.16,0.35,1.44,0.246,9.15,14.28,0.166,1.29
50.0,3.0,1.0,1.5,4.5,0.8,3600,0.2,86,80.2,21.16,0.35,1.44,0.246,9.15,14.28,0.166,1.29
50.0,3.0,1.0,2.5,3.0,0.8,3600,0.2,86,80.2,21.12,0.35,1.44,0.246,9.15,14.24,0.166,1.29
50.0,3.0,1.0,2.5,4.5,0.8,3600,0.2,86,80.2,21.12,0.35,1.44,0.246,9.15,14.24,0.166,1.29
55.0,2.0,1.0,2.5,3.0,0.6,3600,0.2,81,72.8,19.89,0.56,1.5,0.246,7.39,13.41,0.166,1.32
55.0,2.0,1.0,2.5,4.5,0.6,3600,0.2,81,72.8,19.89,0.56,1.5,0.246,7.39,13.41,0.166,1.32
55.0,3.0,1.0,2.5,3.0,0.4,14400,0.8,78,71.8,19.17,0.63,1.59,0.246,5.9,12.94,0.166,1.38
55.0,3.0,1.0,2.5,4.5,0.4,14400,0.8,78,71.8,19.17,0.63,1.59,0.246,5.9,12.94,0.166,1.38
55.0,4.0,0.7,2.5,3.0,0.8,7200,0.8,91,75.8,22.43,0.81,2.54,0.246,4.85,15.15,0.166,1.91
55.0,4.0,0.7,2.5,4.5,0.8,7200,0.8,91,75.8,22.43,0.81,2.54,0.246,4.85,15.15,0.166,1.91
45.0,3.0,1.0,1.5,3.0,0.8,7200,0.2,107,81.3,26.26,0.33,1.44,0.245,7.73,17.7,0.165,1.29
45.0,3.0,1.0,1.5,4.5,0.8,7200,0.2,107,81.3,26.26,0.33,1.44,0.245,7.73,17.7,0.165,1.29
45.0,5.0,0.7,1.5,3.0,0.6,14400,0.8,128,82.8,31.37,0.4,1.92,0.245,7.96,21.13,0.165,1.59
45.0,5.0,0.7,1.5,4.5,0.6,14400,0.8,128,82.8,31.37,0.4,1.92,0.245,7.96,21.13,0.165,1.59
45.0,5.0,1.0,1.5,3.0,0.4,14400,0.4,76,85.5,18.6,0.24,1.41,0.245,17.07,12.52,0.165,1.27
45.0,5.0,1.0,1.5,4.5,0.4,14400,0.4,76,85.5,18.6,0.24,1.41,0.245,17.07,12.52,0.165,1.27
50.0,2.0,0.7,1.5,3.0,0.4,,0.4,95,73.7,23.24,0.55,1.55,0.245,8.73,15.64,0.165,1.35
50.0,2.0,0.7,1.5,4.5,0.4,,0.4,95,73.7,23.24,0.55,1.55,0.245,8.73,15.64,0.165,1.35
50.0,2.0,1.0,2.5,3.0,0.8,7200,0.2,99,73.7,24.28,0.53,1.49,0.245,9.48,16.36,0.165,1.31
50.0,2.0,1.0,2.5,3.0,0.8,14400,0.2,92,73.9,22.54,0.52,1.47,0.245,9.48,15.18,0.165,1.3
50.0,2.0,1.0,2.5,4.5,0.8,7200,0.2,99,73.7,24.28,0.53,1.49,0.245,9.48,16.36,0.165,1.31
50.0,2.0,1.0,2.5,4.5,0.8,14400,0.2,92,73.9,22.51,0.52,1.47,0.245,9.48,15.15,0.165,1.3
50.0,3.0,1.0,2.5,3.0,0.6,3600,0.2,86,80.2,21.03,0.35,1.44,0.245,9.19,14.15,0.165,1.29
50.0,3.0,1.0,2.5,4.5,0.6,3600,0.2,86,80.2,21.03,0.35,1.44,0.245,9.19,14.15,0.165,1.29
50.0,5.0,1.0,1.5,3.0,0.4,2400,0.2,59,86.4,14.44,0.22,1.41,0.245,14.08,9.72,0.165,1.27
50.0,5.0,1.0,1.5,4.5,0.4,2400,0.2,59,86.4,14.44,0.22,1.41,0.245,14.08,9.72,0.165,1.27
55.0,2.0,1.0,2.5,3.0,0.4,14400,0.2,79,73.4,19.39,0.53,1.46,0.245,7.18,13.07,0.165,1.3
55.0,2.0,1.0,2.5,4.5,0.4,14400,0.2,79,73.4,19.39,0.53,1.46,0.245,7.18,13.07,0.165,1.3
55.0,2.0,1.5,2.5,3.0,0.4,2400,0.2,85,74.1,20.81,0.53,1.52,0.245,7.57,14.01,0.165,1.33
55.0,2.0,1.5,2.5,4.5,0.4,2400,0.2,85,74.1,20.81,0.53,1.52,0.245,7.57,14.01,0.165,1.33
55.0,4.0,0.7,1.5,3.0,0.6,7200,0.2,59,88.1,14.46,0.22,1.6,0.245,10.0,9.74,0.165,1.4
55.0,4.0,0.7,1.5,4.5,0.6,7200,0.2,59,88.1,14.46,0.22,1.6,0.245,10.0,9.74,0.165,1.4
40.0,3.0,0.7,1.5,3.0,0.8,,0.4,118,79.7,28.76,0.38,1.49,0.244,12.5,19.32,0.164,1.32
45.0,3.0,0.7,1.5,3.0,0.4,,0.4,108,80.6,26.35,0.36,1.47,0.244,8.15,17.71,0.164,1.31
45.0,3.0,0.7,1.5,4.5,0.4,,0.4,108,80.6,26.34,0.36,1.47,0.244,8.15,17.7,0.164,1.31
45.0,3.0,0.7,2.5,3.0,0.4,,0.4,108,80.6,26.38,0.36,1.47,0.244,8.15,17.74,0.164,1.31
45.0,3.0,0.7,2.5,4.5,0.4,,0.4,108,80.6,26.37,0.36,1.47,0.244,8.15,17.73,0.164,1.31
45.0,3.0,1.0,2.5,3.0,0.8,14400,0.2,107,80.4,26.09,0.35,1.41,0.244,7.49,17.53,0.164,1.27
45.0,3.0,1.0,2.5,4.5,0.8,14400,0.2,107,80.4,26.09,0.35,1.41,0.244,7.49,17.53,0.164,1.27
45.0,5.0,1.5,2.5,3.0,0.4,3600,0.2,65,86.2,15.85,0.22,1.35,0.244,16.86,10.65,0.164,1.23
45.0,5.0,1.5,2.5,3.0,0.4,14400,0.8,95,78.9,23.14,0.41,1.54,0.244,13.16,15.54,0.164,1.35
45.0,5.0,1.5,2.5,4.5,0.4,3600,0.2,65,86.2,15.85,0.22,1.35,0.244,16.86,10.65,0.164,1.23
45.0,5.0,1.5,2.5,4.5,0.4,14400,0.8,95,78.9,23.14,0.41,1.54,0.244,13.16,15.54,0.164,1.35
50.0,3.0,1.0,1.5,3.0,0.6,3600,0.2,86,80.2,21.0,0.35,1.44,0.244,9.19,14.12,0.164,1.29
50.0,3.0,1.0,1.5,4.5,0.6,3600,0.2,86,80.2,21.0,0.35,1.44,0.244,9.19,14.12,0.164,1.29
50.0,4.0,1.5,2.5,3.0,0.4,,0.4,67,83.6,16.36,0.27,1.37,0.244,14.45,11.0,0.164,1.25
50.0,4.0,1.5,2.5,4.5,0.4,,0.4,67,83.6,16.36,0.27,1.37,0.244,14.45,11.0,0.164,1.25
50.0,5.0,0.7,1.5,3.0,0.4,14400,0.8,93,84.9,22.74,0.33,1.86,0.245,8.54,15.3,0.164,1.56
50.0,5.0,0.7,1.5,4.5,0.4,14400,0.8,93,84.9,22.74,0.33,1.86,0.245,8.54,15.3,0.164,1.56
55.0,2.0,1.0,2.5,3.0,0.8,3600,0.2,81,72.8,19.73,0.56,1.49,0.244,7.36,13.25,0.164,1.32
55.0,2.0,1.0,2.5,4.5,0.8,3600,0.2,81,72.8,19.73,0.56,1.49,0.244,7.36,13.25,0.164,1.32
40.0,4.0,1.5,2.5,4.5,0.6,,0.4,93,83.9,22.56,0.26,1.38,0.243,10.67,15.12,0.163,1.25
45.0,2.0,1.5,2.5,3.0,0.6,7200,0.2,128,73.4,31.13,0.53,1.46,0.243,10.07,20.89,0.163,1.3
45.0,2.0,1.5,2.5,4.5,0.6,7200,0.2,128,73.4,31.13,0.53,1.46,0.243,10.07,20.89,0.163,1.3
45.0,3.0,1.5,2.5,3.0,0.6,1200,0.2,129,76.7,31.38,0.48,1.57,0.243,8.25,21.06,0.163,1.36
45.0,3.0,1.5,2.5,4.5,0.6,1200,0.2,129,76.7,31.38,0.48,1.57,0.243,8.25,21.06,0.163,1.36
45.0,5.0,0.7,2.5,3.0,0.6,14400,0.8,128,82.8,31.04,0.4,1.91,0.242,7.96,20.8,0.163,1.58
45.0,5.0,0.7,2.5,4.5,0.6,14400,0.8,128,82.8,31.04,0.4,1.91,0.242,7.96,20.8,0.163,1.58
50.0,2.0,0.7,1.5,3.0,0.4,14400,0.2,123,81.3,29.9,0.39,1.68,0.243,9.16,20.06,0.163,1.44
50.0,2.0,0.7,1.5,4.5,0.4,14400,0.2,123,81.3,29.9,0.39,1.68,0.243,9.16,20.06,0.163,1.44
50.0,2.0,0.7,2.5,3.0,0.6,14400,0.2,123,81.3,29.88,0.39,1.68,0.243,9.28,20.04,0.163,1.44
50.0,2.0,0.7,2.5,3.0,0.8,14400,0.2,123,81.3,29.87,0.39,1.68,0.243,9.33,20.03,0.163,1.44
50.0,2.0,0.7,2.5,4.5,0.6,14400,0.2,123,81.3,29.85,0.39,1.68,0.243,9.28,20.02,0.163,1.44
50.0,2.0,0.7,2.5,4.5,0.8,14400,0.2,123,81.3,29.85,0.39,1.68,0.243,9.33,20.01,0.163,1.44
55.0,4.0,0.7,1.5,3.0,0.4,7200,0.8,91,75.8,22.08,0.8,2.51,0.243,4.85,14.8,0.163,1.89
55.0,4.0,0.7,1.5,3.0,0.6,14400,0.4,60,88.3,14.59,0.21,1.6,0.243,10.0,9.79,0.163,1.4
55.0,4.0,0.7,1.5,4.5,0.4,7200,0.8,91,75.8,22.08,0.8,2.51,0.243,4.85,14.8,0.163,1.89
55.0,4.0,0.7,1.5,4.5,0.6,14400,0.4,60,88.3,14.57,0.21,1.6,0.243,10.0,9.77,0.163,1.39
55.0,4.0,0.7,2.5,3.0,0.6,7200,0.8,91,75.8,22.1,0.8,2.52,0.243,4.85,14.82,0.163,1.89
55.0,4.0,0.7,2.5,4.5,0.6,7200,0.8,91,75.8,22.1,0.8,2.52,0.243,4.85,14.82,0.163,1.89
40.0,3.0,0.7,1.5,4.5,0.8,,0.4,116,79.3,28.03,0.39,1.48,0.242,12.5,18.75,0.162,1.31
40.0,4.0,1.0,1.5,4.5,0.8,14400,0.4,94,84.0,22.75,0.27,1.41,0.242,11.84,15.23,0.162,1.27
45.0,2.0,1.5,2.5,4.5,0.6,,0.4,125,73.6,30.22,0.52,1.46,0.242,9.75,20.22,0.162,1.29
50.0,2.0,1.5,2.5,3.0,0.4,1200,0.2,110,70.9,26.6,0.64,1.55,0.242,9.76,17.8,0.162,1.35
50.0,2.0,1.5,2.5,4.5,0.4,1200,0.2,110,70.9,26.6,0.64,1.55,0.242,9.76,17.8,0.162,1.35
55.0,2.0,1.0,2.5,3.0,0.4,,0.4,79,73.4,19.13,0.53,1.46,0.242,7.34,12.81,0.162,1.29
55.0,2.0,1.0,2.5,4.5,0.4,,0.4,79,73.4,19.13,0.53,1.46,0.242,7.34,12.81,0.162,1.29
40.0,4.0,1.0,1.5,3.0,0.8,14400,0.4,94,84.0,22.67,0.27,1.4,0.241,11.84,15.15,0.161,1.26
40.0,4.0,1.5,2.5,3.0,0.4,7200,0.4,97,81.4,23.37,0.33,1.45,0.241,10.37,15.61,0.161,1.29
40.0,4.0,1.5,2.5,4.5,0.4,7200,0.4,97,81.4,23.37,0.33,1.45,0.241,10.37,15.61,0.161,1.29
45.0,3.0,1.0,1.5,3.0,0.6,7200,0.2,107,81.3,25.79,0.33,1.43,0.241,8.15,17.23,0.161,1.28
45.0,3.0,1.0,1.5,4.5,0.6,7200,0.2,107,81.3,25.79,0.33,1.43,0.241,8.15,17.23,0.161,1.28
45.0,4.0,1.5,2.5,3.0,0.6,2400,0.4,117,75.2,28.2,0.57,1.74,0.241,7.34,18.84,0.161,1.46
50.0,3.0,1.5,2.5,3.0,0.8,3600,0.4,107,73.8,25.83,0.55,1.56,0.241,10.83,17.27,0.161,1.35
55.0,2.0,1.0,2.5,4.5,0.8,,0.4,76,73.7,18.35,0.52,1.46,0.241,8.26,12.27,0.161,1.29
55.0,3.0,1.0,2.5,3.0,0.6,14400,0.8,78,71.8,18.81,0.62,1.58,0.241,5.96,12.57,0.161,1.37
55.0,3.0,1.0,2.5,4.5,0.6,14400,0.8,78,71.8,18.79,0.62,1.58,0.241,5.96,12.55,0.161,1.37
55.0,3.0,1.5,2.5,3.0,0.4,3600,0.4,80,73.8,19.25,0.58,1.62,0.241,8.57,12.85,0.161,1.39
40.0,4.0,0.7,1.5,4.5,0.6,,0.4,93,83.9,22.35,0.28,1.46,0.24,9.45,14.91,0.16,1.3
45.0,3.0,1.5,2.5,3.0,0.6,3600,0.4,132,75.0,31.64,0.53,1.6,0.24,8.25,21.08,0.16,1.38
45.0,4.0,1.5,2.5,4.5,0.6,2400,0.4,117,75.2,28.06,0.57,1.73,0.24,7.34,18.7,0.16,1.46
45.0,5.0,1.0,2.5,3.0,0.8,14400,0.4,76,85.5,18.26,0.24,1.4,0.24,17.25,12.18,0.16,1.26
45.0,5.0,1.0,2.5,4.5,0.8,14400,0.4,76,85.5,18.26,0.24,1.4,0.24,17.25,12.18,0.16,1.26
50.0,2.0,0.7,1.5,3.0,0.6,14400,0.2,123,81.3,29.48,0.38,1.67,0.24,9.28,19.64,0.16,1.43
50.0,2.0,1.0,1.5,3.0,0.6,7200,0.2,99,73.7,23.81,0.53,1.48,0.241,9.42,15.89,0.16,1.3
50.0,2.0,1.0,1.5,3.0,0.8,7200,0.2,99,73.7,23.8,0.53,1.48,0.24,9.48,15.88,0.16,1.3
50.0,2.0,1.0,1.5,3.0,0.8,14400,0.2,92,73.9,22.1,0.52,1.46,0.24,9.48,14.74,0.16,1.3
50.0,2.0,1.0,1.5,4.5,0.6,7200,0.2,99,73.7,23.81,0.53,1.48,0.241,9.42,15.89,0.16,1.3
50.0,2.0,1.0,1.5,4.5,0.8,7200,0.2,99,73.7,23.8,0.53,1.48,0.24,9.48,15.88,0.16,1.3
50.0,2.0,1.0,1.5,4.5,0.8,14400,0.2,92,73.9,22.08,0.52,1.46,0.24,9.48,14.72,0.16,1.29
50.0,4.0,1.5,2.5,3.0,0.4,2400,0.4,114,78.1,27.34,0.51,1.81,0.24,8.39,18.22,0.16,1.5
55.0,2.0,1.0,1.5,3.0,0.6,3600,0.2,81,72.8,19.47,0.55,1.49,0.24,7.39,12.99,0.16,1.31
55.0,2.0,1.0,1.5,4.5,0.6,3600,0.2,81,72.8,19.47,0.55,1.49,0.24,7.39,12.99,0.16,1.31
55.0,3.0,1.5,2.5,4.5,0.4,3600,0.4,80,73.8,19.16,0.57,1.61,0.24,8.57,12.76,0.16,1.39
55.0,4.0,0.7,1.5,3.0,0.8,7200,0.8,91,75.8,21.83,0.8,2.5,0.24,4.85,14.55,0.16,1.88
55.0,4.0,0.7,1.5,4.5,0.8,7200,0.8,91,75.8,21.83,0.8,2.5,0.24,4.85,14.55,0.16,1.88
40.0,3.0,1.5,2.5,3.0,0.4,14400,0.4,123,78.9,29.38,0.37,1.39,0.239,13.52,19.54,0.159,1.25
40.0,3.0,1.5,2.5,4.5,0.4,14400,0.4,123,78.9,29.38,0.37,1.39,0.239,13.52,19.54,0.159,1.25
40.0,4.0,1.5,2.5,3.0,0.8,3600,0.2,97,82.5,23.23,0.3,1.41,0.239,11.0,15.47,0.159,1.27
40.0,4.0,1.5,2.5,4.5,0.8,3600,0.2,97,82.5,23.23,0.3,1.41,0.239,11.0,15.47,0.159,1.27
45.0,2.0,1.5,2.5,3.0,0.6,,0.4,125,73.6,29.86,0.52,1.45,0.239,9.75,19.86,0.159,1.29
45.0,2.0,1.5,2.5,3.0,0.8,14400,0.4,133,74.4,31.79,0.51,1.5,0.239,10.96,21.15,0.159,1.32
45.0,2.0,1.5,2.5,4.5,0.8,14400,0.4,133,74.4,31.79,0.51,1.5,0.239,10.96,21.15,0.159,1.32
45.0,3.0,1.5,2.5,4.5,0.6,3600,0.4,132,75.0,31.5,0.53,1.6,0.239,8.25,20.94,0.159,1.38
50.0,2.0,0.7,1.5,4.5,0.6,14400,0.2,123,81.3,29.45,0.38,1.67,0.239,9.28,19.62,0.159,1.43
50.0,2.0,1.0,2.5,3.0,0.4,14400,0.4,96,74.0,22.96,0.52,1.48,0.239,10.32,15.28,0.159,1.3
50.0,2.0,1.0,2.5,4.5,0.4,14400,0.4,96,74.0,22.96,0.52,1.48,0.239,10.32,15.28,0.159,1.3
50.0,3.0,1.0,2.5,3.0,0.4,2400,0.2,88,80.7,20.99,0.34,1.44,0.239,9.07,13.95,0.159,1.28
50.0,3.0,1.0,2.5,4.5,0.4,2400,0.2,88,80.7,20.99,0.34,1.44,0.239,9.07,13.95,0.159,1.28
50.0,3.0,1.5,2.5,4.5,0.8,3600,0.4,107,73.8,25.59,0.55,1.55,0.239,10.83,17.03,0.159,1.35
50.0,4.0,1.5,2.5,3.0,0.8,2400,0.4,117,78.6,28.01,0.5,1.83,0.239,9.08,18.65,0.159,1.52
50.0,4.0,1.5,2.5,4.5,0.4,2400,0.4,114,78.1,27.25,0.51,1.81,0.239,8.39,18.13,0.159,1.5
55.0,2.0,1.0,1.5,3.0,0.4,,0.4,79,73.4,18.87,0.52,1.45,0.239,7.34,12.55,0.159,1.29
55.0,2.0,1.0,1.5,4.5,0.4,,0.4,79,73.4,18.87,0.52,1.45,0.239,7.34,12.55,0.159,1.29
40.0,3.0,1.5,2.5,3.0,0.4,2400,0.2,122,78.7,29.06,0.38,1.39,0.238,13.52,19.3,0.158,1.25
40.0,3.0,1.5,2.5,4.5,0.4,2400,0.2,122,78.7,29.06,0.38,1.39,0.238,13.52,19.3,0.158,1.25
45.0,5.0,1.0,1.5,3.0,0.6,14400,0.4,76,85.5,18.06,0.24,1.4,0.238,17.19,11.98,0.158,1.26
45.0,5.0,1.0,1.5,4.5,0.6,14400,0.4,76,85.5,18.06,0.24,1.4,0.238,17.19,11.98,0.158,1.26
45.0,5.0,1.0,2.5,3.0,0.6,14400,0.4,76,85.5,18.12,0.24,1.4,0.238,17.19,12.04,0.158,1.26
45.0,5.0,1.0,2.5,4.5,0.6,14400,0.4,76,85.5,18.12,0.24,1.4,0.238,17.19,12.04,0.158,1.26
45.0,5.0,1.5,2.5,3.0,0.4,14400,0.4,69,84.1,16.4,0.26,1.36,0.238,16.86,10.88,0.158,1.24
45.0,5.0,1.5,2.5,4.5,0.4,14400,0.4,69,84.1,16.4,0.26,1.36,0.238,16.86,10.88,0.158,1.24
50.0,2.0,0.7,1.5,3.0,0.8,14400,0.2,123,81.3,29.24,0.38,1.66,0.238,9.33,19.4,0.158,1.42
50.0,2.0,0.7,1.5,4.5,0.8,14400,0.2,123,81.3,29.21,0.38,1.66,0.237,9.33,19.38,0.158,1.42
55.0,2.0,1.0,1.5,3.0,0.8,3600,0.2,81,72.8,19.31,0.55,1.48,0.238,7.36,12.83,0.158,1.31
55.0,2.0,1.0,1.5,3.0,0.8,,0.4,77,74.0,18.34,0.51,1.46,0.238,8.08,12.18,0.158,1.29
55.0,2.0,1.0,1.5,4.5,0.8,3600,0.2,81,72.8,19.31,0.55,1.48,0.238,7.36,12.83,0.158,1.31
55.0,2.0,1.5,2.5,3.0,0.8,7200,0.4,82,72.0,19.51,0.59,1.51,0.238,8.08,12.95,0.158,1.32
55.0,4.0,1.5,2.5,3.0,0.4,2400,0.4,87,78.2,20.67,0.55,1.96,0.238,6.81,13.71,0.158,1.59
40.0,4.0,0.7,1.5,3.0,0.8,14400,0.2,121,88.4,28.72,0.2,1.55,0.237,10.32,19.04,0.157,1.36
40.0,4.0,0.7,1.5,4.5,0.8,14400,0.2,121,88.4,28.63,0.2,1.55,0.237,10.32,18.95,0.157,1.36
45.0,3.0,1.0,1.5,3.0,0.8,14400,0.2,107,80.4,25.35,0.34,1.4,0.237,7.65,16.79,0.157,1.26
45.0,3.0,1.0,1.5,4.5,0.8,14400,0.2,107,80.4,25.35,0.34,1.4,0.237,7.65,16.79,0.157,1.26
45.0,4.0,1.5,2.5,3.0,0.8,2400,0.4,116,75.9,27.5,0.55,1.72,0.237,7.54,18.22,0.157,1.45
45.0,5.0,1.0,1.5,3.0,0.8,14400,0.4,76,85.5,18.03,0.24,1.4,0.237,17.25,11.95,0.157,1.26
45.0,5.0,1.0,1.5,4.5,0.8,14400,0.4,76,85.5,18.03,0.24,1.4,0.237,17.25,11.95,0.157,1.26
50.0,3.0,1.0,1.5,3.0,0.4,2400,0.2,88,80.7,20.84,0.34,1.43,0.237,9.07,13.8,0.157,1.28
50.0,3.0,1.0,1.5,4.5,0.4,2400,0.2,88,80.7,20.84,0.34,1.43,0.237,9.07,13.8,0.157,1.28
50.0,4.0,1.5,2.5,4.5,0.8,2400,0.4,117,78.6,27.77,0.5,1.83,0.237,9.08,18.41,0.157,1.51
55.0,2.0,1.0,1.5,3.0,0.4,14400,0.2,79,73.4,18.73,0.52,1.45,0.237,7.18,12.41,0.157,1.28
55.0,2.0,1.0,1.5,4.5,0.4,14400,0.2,79,73.4,18.73,0.52,1.45,0.237,7.18,12.41,0.157,1.28
55.0,2.0,1.5,2.5,3.0,0.8,3600,0.2,79,73.4,18.74,0.53,1.47,0.237,7.66,12.42,0.157,1.3
55.0,2.0,1.5,2.5,4.5,0.8,3600,0.2,79,73.4,18.69,0.53,1.47,0.237,7.66,12.37,0.157,1.3
55.0,2.0,1.5,2.5,4.5,0.8,7200,0.4,82,72.0,19.45,0.59,1.51,0.237,8.08,12.89,0.157,1.32
55.0,4.0,1.5,2.5,3.0,0.4,1200,0.2,61,78.7,14.44,0.41,1.51,0.237,9.18,9.56,0.157,1.32
55.0,4.0,1.5,2.5,4.5,0.4,1200,0.2,61,78.7,14.44,0.41,1.51,0.237,9.18,9.56,0.157,1.32
55.0,4.0,1.5,2.5,4.5,0.4,2400,0.4,87,78.2,20.58,0.55,1.96,0.237,6.81,13.62,0.157,1.58
50.0,4.0,0.7,2.5,3.0,0.8,14400,0.4,95,88.4,22.44,0.21,1.62,0.236,14.06,14.84,0.156,1.4
50.0,4.0,0.7,2.5,4.5,0.8,14400,0.4,95,88.4,22.42,0.21,1.62,0.236,14.06,14.82,0.156,1.4
50.0,5.0,1.0,2.5,3.0,0.6,2400,0.2,59,86.4,13.93,0.22,1.4,0.236,14.2,9.21,0.156,1.26
50.0,5.0,1.0,2.5,3.0,0.8,2400,0.2,59,86.4,13.92,0.22,1.4,0.236,14.03,9.2,0.156,1.26
50.0,5.0,1.0,2.5,4.5,0.6,2400,0.2,59,86.4,13.93,0.22,1.4,0.236,14.2,9.21,0.156,1.26
50.0,5.0,1.0,2.5,4.5,0.8,2400,0.2,59,86.4,13.92,0.22,1.4,0.236,14.03,9.2,0.156,1.26
45.0,4.0,1.5,2.5,4.5,0.8,2400,0.4,116,75.9,27.31,0.55,1.72,0.235,7.54,18.03,0.155,1.44
45.0,5.0,1.5,2.5,3.0,0.4,1200,0.4,162,72.8,38.04,0.85,2.29,0.235,5.27,25.08,0.155,1.74
50.0,2.0,1.0,1.5,3.0,0.4,14400,0.4,96,74.0,22.51,0.52,1.47,0.234,10.32,14.83,0.155,1.3
50.0,2.0,1.0,1.5,4.5,0.4,14400,0.4,96,74.0,22.51,0.52,1.47,0.234,10.32,14.83,0.155,1.3
50.0,5.0,1.0,1.5,3.0,0.8,2400,0.2,59,86.4,13.85,0.22,1.39,0.235,14.03,9.13,0.155,1.26
50.0,5.0,1.0,1.5,4.5,0.8,2400,0.2,59,86.4,13.85,0.22,1.39,0.235,14.03,9.13,0.155,1.26
55.0,2.0,1.0,2.5,3.0,0.8,14400,0.2,79,73.4,18.54,0.52,1.44,0.235,7.36,12.22,0.155,1.28
55.0,3.0,0.7,2.5,3.0,0.8,14400,0.2,71,85.9,16.7,0.26,1.56,0.235,8.21,11.02,0.155,1.36
55.0,3.0,0.7,2.5,4.5,0.8,14400,0.2,71,85.9,16.68,0.26,1.56,0.235,8.21,11.0,0.155,1.36
55.0,4.0,0.7,1.5,3.0,0.6,7200,0.8,91,75.8,21.41,0.79,2.47,0.235,4.85,14.13,0.155,1.85
55.0,4.0,0.7,1.5,4.5,0.6,7200,0.8,91,75.8,21.41,0.79,2.47,0.235,4.85,14.13,0.155,1.85
55.0,5.0,0.7,2.5,3.0,0.4,7200,0.4,58,87.9,13.61,0.23,1.66,0.235,9.2,8.97,0.155,1.42
55.0,5.0,0.7,2.5,4.5,0.4,7200,0.4,58,87.9,13.61,0.23,1.66,0.235,9.2,8.97,0.155,1.42
40.0,4.0,1.0,2.5,4.5,0.6,,0.4,93,83.9,21.72,0.26,1.36,0.234,10.97,14.28,0.154,1.23
45.0,5.0,1.5,2.5,3.0,0.4,7200,0.4,87,80.5,20.39,0.35,1.44,0.234,16.86,13.43,0.154,1.28
45.0,5.0,1.5,2.5,4.5,0.4,1200,0.4,162,72.8,37.95,0.85,2.29,0.234,5.27,24.99,0.154,1.74
45.0,5.0,1.5,2.5,4.5,0.4,7200,0.4,87,80.5,20.39,0.35,1.44,0.234,16.86,13.43,0.154,1.28
50.0,3.0,0.7,2.5,3.0,0.8,14400,0.4,111,84.7,26.0,0.29,1.61,0.234,9.39,17.12,0.154,1.39
50.0,3.0,0.7,2.5,4.5,0.8,14400,0.4,111,84.7,25.98,0.29,1.61,0.234,9.39,17.1,0.154,1.39
50.0,5.0,1.0,1.5,3.0,0.6,2400,0.2,59,86.4,13.79,0.22,1.39,0.234,14.2,9.07,0.154,1.25
50.0,5.0,1.0,1.5,4.5,0.6,2400,0.2,59,86.4,13.79,0.22,1.39,0.234,14.2,9.07,0.154,1.25
55.0,2.0,1.0,2.5,3.0,0.6,14400,0.2,79,73.4,18.48,0.52,1.44,0.234,7.3,12.16,0.154,1.28
55.0,2.0,1.0,2.5,4.5,0.6,14400,0.2,79,73.4,18.46,0.52,1.44,0.234,7.3,12.14,0.154,1.28
55.0,2.0,1.0,2.5,4.5,0.8,14400,0.2,79,73.4,18.52,0.52,1.44,0.234,7.36,12.2,0.154,1.28
55.0,2.0,1.5,2.5,3.0,0.6,14400,0.2,79,73.4,18.47,0.52,1.44,0.234,7.37,12.15,0.154,1.28
55.0,2.0,1.5,2.5,4.5,0.6,14400,0.2,79,73.4,18.45,0.52,1.44,0.234,7.37,12.13,0.154,1.28
45.0,2.0,0.7,2.5,3.0,0.8,,0.4,122,74.6,28.4,0.51,1.5,0.233,10.37,18.64,0.153,1.32
45.0,4.0,1.0,2.5,3.0,0.4,14400,0.2,76,84.2,17.71,0.26,1.37,0.233,13.07,11.63,0.153,1.24
45.0,4.0,1.0,2.5,3.0,0.8,14400,0.2,76,84.2,17.73,0.26,1.37,0.233,13.25,11.65,0.153,1.24
45.0,4.0,1.0,2.5,4.5,0.4,14400,0.2,76,84.2,17.71,0.26,1.37,0.233,13.07,11.63,0.153,1.24
45.0,4.0,1.0,2.5,4.5,0.8,14400,0.2,76,84.2,17.73,0.26,1.37,0.233,13.25,11.65,0.153,1.24
50.0,2.0,1.0,2.5,3.0,0.4,3600,0.2,100,74.0,23.35,0.52,1.47,0.234,9.3,15.35,0.153,1.29
50.0,2.0,1.0,2.5,4.5,0.4,3600,0.2,100,74.0,23.35,0.52,1.47,0.234,9.3,15.35,0.153,1.29
50.0,3.0,0.7,2.5,3.0,0.4,14400,0.4,111,84.7,25.86,0.29,1.61,0.233,9.21,16.98,0.153,1.39
50.0,3.0,0.7,2.5,3.0,0.6,14400,0.4,111,84.7,25.88,0.29,1.61,0.233,9.33,17.0,0.153,1.39
50.0,3.0,0.7,2.5,4.5,0.4,14400,0.4,111,84.7,25.86,0.29,1.61,0.233,9.21,16.98,0.153,1.39
50.0,3.0,0.7,2.5,4.5,0.6,14400,0.4,111,84.7,25.86,0.29,1.61,0.233,9.33,16.98,0.153,1.39
50.0,4.0,0.7,2.5,3.0,0.4,3600,0.2,89,87.6,20.78,0.23,1.65,0.233,13.86,13.66,0.153,1.41
50.0,4.0,0.7,2.5,4.5,0.4,3600,0.2,89,87.6,20.78,0.23,1.65,0.233,13.86,13.66,0.153,1.41
55.0,5.0,0.7,2.5,3.0,0.4,7200,0.8,88,77.3,20.47,0.67,2.27,0.233,5.96,13.43,0.153,1.75
55.0,5.0,0.7,2.5,4.5,0.4,7200,0.8,88,77.3,20.47,0.67,2.27,0.233,5.96,13.43,0.153,1.75
40.0,5.0,1.5,2.5,3.0,0.8,1200,0.2,89,77.5,20.64,0.44,1.51,0.232,8.62,13.52,0.152,1.32
40.0,5.0,1.5,2.5,4.5,0.8,1200,0.2,89,77.5,20.64,0.44,1.51,0.232,8.62,13.52,0.152,1.32
45.0,2.0,0.7,2.5,4.5,0.8,,0.4,119,73.9,27.62,0.52,1.49,0.232,10.37,18.1,0.152,1.31
50.0,3.0,1.0,2.5,3.0,0.6,2400,0.2,88,80.7,20.39,0.34,1.42,0.232,9.19,13.35,0.152,1.27
50.0,3.0,1.0,2.5,3.0,0.8,2400,0.2,88,80.7,20.37,0.34,1.42,0.231,9.02,13.33,0.152,1.27
50.0,3.0,1.0,2.5,4.5,0.6,2400,0.2,88,80.7,20.39,0.34,1.42,0.232,9.19,13.35,0.152,1.27
50.0,3.0,1.0,2.5,4.5,0.8,2400,0.2,88,80.7,20.37,0.34,1.42,0.231,9.02,13.33,0.152,1.27
40.0,4.0,1.5,2.5,3.0,0.6,2400,0.2,97,84.5,22.39,0.26,1.4,0.231,10.6,14.63,0.151,1.25
40.0,4.0,1.5,2.5,4.5,0.6,2400,0.2,97,84.5,22.39,0.26,1.4,0.231,10.6,14.63,0.151,1.25
45.0,3.0,1.0,2.5,3.0,0.4,3600,0.2,107,80.4,24.74,0.34,1.41,0.231,8.02,16.18,0.151,1.26
45.0,3.0,1.0,2.5,4.5,0.4,3600,0.2,107,80.4,24.74,0.34,1.41,0.231,8.02,16.18,0.151,1.26
45.0,4.0,1.0,1.5,3.0,0.4,14400,0.2,76,84.2,17.55,0.26,1.37,0.231,13.07,11.47,0.151,1.23
45.0,4.0,1.0,1.5,4.5,0.4,14400,0.2,76,84.2,17.55,0.26,1.37,0.231,13.07,11.47,0.151,1.23
50.0,2.0,1.0,1.5,3.0,0.4,3600,0.2,100,74.0,23.12,0.51,1.46,0.231,9.3,15.12,0.151,1.29
50.0,2.0,1.0,1.5,4.5,0.4,3600,0.2,100,74.0,23.12,0.51,1.46,0.231,9.3,15.12,0.151,1.29
50.0,2.0,1.5,2.5,3.0,0.6,1200,0.2,114,70.2,26.34,0.66,1.54,0.231,9.33,17.22,0.151,1.33
50.0,2.0,1.5,2.5,4.5,0.6,1200,0.2,114,70.2,26.34,0.66,1.54,0.231,9.33,17.22,0.151,1.33
50.0,3.0,1.0,1.5,3.0,0.6,2400,0.2,88,80.7,20.31,0.34,1.42,0.231,9.19,13.27,0.151,1.27
50.0,3.0,1.0,1.5,3.0,0.8,2400,0.2,88,80.7,20.36,0.34,1.42,0.231,9.02,13.32,0.151,1.27
50.0,3.0,1.0,1.5,4.5,0.6,2400,0.2,88,80.7,20.31,0.34,1.42,0.231,9.19,13.27,0.151,1.27
50.0,3.0,1.0,1.5,4.5,0.8,2400,0.2,88,80.7,20.36,0.34,1.42,0.231,9.02,13.32,0.151,1.27
55.0,2.0,1.0,1.5,4.5,0.8,,0.4,76,73.7,17.56,0.51,1.44,0.231,8.08,11.48,0.151,1.28
55.0,3.0,1.0,1.5,3.0,0.4,14400,0.8,78,71.8,18.03,0.61,1.56,0.231,5.9,11.79,0.151,1.34
55.0,3.0,1.0,1.5,3.0,0.8,14400,0.8,78,71.8,18.02,0.61,1.56,0.231,5.94,11.78,0.151,1.34
55.0,3.0,1.0,1.5,4.5,0.4,14400,0.8,78,71.8,18.03,0.61,1.56,0.231,5.9,11.79,0.151,1.34
55.0,3.0,1.0,1.5,4.5,0.8,14400,0.8,78,71.8,18.0,0.61,1.56,0.231,5.94,11.76,0.151,1.34
55.0,3.0,1.0,2.5,3.0,0.4,1200,0.2,73,76.7,16.9,0.46,1.51,0.232,7.15,11.06,0.151,1.32
55.0,3.0,1.0,2.5,4.5,0.4,1200,0.2,73,76.7,16.9,0.46,1.51,0.232,7.15,11.06,0.151,1.32
55.0,4.0,0.7,2.5,3.0,0.4,3600,0.2,61,85.2,14.1,0.27,1.59,0.231,9.88,9.22,0.151,1.37
55.0,4.0,0.7,2.5,4.5,0.4,3600,0.2,61,85.2,14.1,0.27,1.59,0.231,9.88,9.22,0.151,1.37
55.0,4.0,1.5,2.5,3.0,0.8,1200,0.4,119,76.5,27.43,0.78,2.54,0.231,4.5,17.91,0.151,1.86
45.0,2.0,1.0,2.5,4.5,0.6,,0.4,125,73.6,28.72,0.51,1.44,0.23,9.43,18.72,0.15,1.27
45.0,4.0,1.0,1.5,3.0,0.8,14400,0.2,76,84.2,17.46,0.26,1.36,0.23,13.25,11.38,0.15,1.23
45.0,4.0,1.0,1.5,4.5,0.8,14400,0.2,76,84.2,17.46,0.26,1.36,0.23,13.25,11.38,0.15,1.23
50.0,2.0,1.5,2.5,3.0,0.4,7200,0.4,106,69.8,24.39,0.65,1.5,0.23,10.58,15.91,0.15,1.31
50.0,2.0,1.5,2.5,4.5,0.4,7200,0.4,106,69.8,24.39,0.65,1.5,0.23,10.58,15.91,0.15,1.31
50.0,3.0,0.7,1.5,3.0,0.6,14400,0.4,111,84.7,25.56,0.29,1.6,0.23,9.33,16.68,0.15,1.38
50.0,3.0,0.7,1.5,4.5,0.6,14400,0.4,111,84.7,25.53,0.29,1.6,0.23,9.33,16.66,0.15,1.38
50.0,4.0,0.7,1.5,3.0,0.4,3600,0.2,89,87.6,20.45,0.23,1.64,0.23,13.86,13.33,0.15,1.4
50.0,4.0,0.7,1.5,3.0,0.8,14400,0.4,95,88.4,21.82,0.21,1.6,0.23,14.06,14.22,0.15,1.38
50.0,4.0,0.7,1.5,4.5,0.4,3600,0.2,89,87.6,20.45,0.23,1.64,0.23,13.86,13.33,0.15,1.4
50.0,4.0,0.7,2.5,3.0,0.4,14400,0.4,95,88.4,21.86,0.21,1.6,0.23,13.88,14.26,0.15,1.38
50.0,4.0,0.7,2.5,3.0,0.6,14400,0.4,95,88.4,21.89,0.21,1.6,0.23,14.0,14.29,0.15,1.38
50.0,4.0,0.7,2.5,3.0,0.8,3600,0.2,89,87.6,20.47,0.23,1.64,0.23,13.95,13.35,0.15,1.4
50.0,4.0,0.7,2.5,4.5,0.4,14400,0.4,95,88.4,21.86,0.21,1.6,0.23,13.88,14.26,0.15,1.38
50.0,4.0,0.7,2.5,4.5,0.6,14400,0.4,95,88.4,21.86,0.21,1.6,0.23,14.0,14.27,0.15,1.38
50.0,4.0,0.7,2.5,4.5,0.8,3600,0.2,89,87.6,20.47,0.23,1.64,0.23,13.95,13.35,0.15,1.4
55.0,3.0,0.7,2.5,3.0,0.8,14400,0.4,72,84.7,16.58,0.28,1.55,0.23,8.21,10.82,0.15,1.35
55.0,3.0,0.7,2.5,4.5,0.8,14400,0.4,72,84.7,16.56,0.28,1.55,0.23,8.21,10.8,0.15,1.35
55.0,5.0,0.7,2.5,3.0,0.8,7200,0.8,88,77.3,20.2,0.66,2.25,0.23,5.96,13.16,0.15,1.73
55.0,5.0,0.7,2.5,4.5,0.8,7200,0.8,88,77.3,20.2,0.66,2.25,0.23,5.96,13.16,0.15,1.73
40.0,3.0,1.5,2.5,3.0,0.4,14400,0.2,115,78.3,26.37,0.38,1.35,0.229,13.52,17.17,0.149,1.22
40.0,3.0,1.5,2.5,4.5,0.4,14400,0.2,115,78.3,26.37,0.38,1.35,0.229,13.52,17.17,0.149,1.22
45.0,2.0,1.0,1.5,4.5,0.6,,0.4,125,73.6,28.67,0.51,1.43,0.229,9.53,18.67,0.149,1.27
45.0,2.0,1.5,2.5,3.0,0.6,14400,0.2,128,73.4,29.37,0.52,1.43,0.229,10.08,19.13,0.149,1.27
45.0,2.0,1.5,2.5,4.5,0.6,14400,0.2,128,73.4,29.37,0.52,1.43,0.229,10.08,19.13,0.149,1.27
45.0,3.0,1.0,1.5,3.0,0.4,3600,0.2,107,80.4,24.47,0.34,1.41,0.229,8.02,15.91,0.149,1.26
45.0,3.0,1.0,1.5,4.5,0.4,3600,0.2,107,80.4,24.47,0.34,1.41,0.229,8.02,15.91,0.149,1.26
45.0,4.0,1.0,2.5,3.0,0.6,14400,0.2,76,84.2,17.42,0.26,1.36,0.229,13.19,11.34,0.149,1.23
45.0,4.0,1.0,2.5,4.5,0.6,14400,0.2,76,84.2,17.42,0.26,1.36,0.229,13.19,11.34,0.149,1.23
50.0,3.0,0.7,1.5,3.0,0.4,14400,0.4,111,84.7,25.38,0.29,1.6,0.229,9.21,16.5,0.149,1.38
50.0,3.0,0.7,1.5,3.0,0.8,14400,0.4,111,84.7,25.45,0.29,1.6,0.229,9.39,16.57,0.149,1.38
50.0,3.0,0.7,1.5,4.5,0.4,14400,0.4,111,84.7,25.38,0.29,1.6,0.229,9.21,16.5,0.149,1.38
50.0,3.0,0.7,1.5,4.5,0.8,14400,0.4,111,84.7,25.43,0.29,1.6,0.229,9.39,16.55,0.149,1.38
50.0,4.0,0.7,1.5,4.5,0.8,14400,0.4,95,88.4,21.8,0.21,1.6,0.229,14.06,14.2,0.149,1.38
50.0,4.0,1.5,2.5,3.0,0.8,7200,0.8,112,70.5,25.69,0.74,1.77,0.229,8.18,16.73,0.149,1.46
50.0,4.0,1.5,2.5,4.5,0.8,7200,0.8,112,70.5,25.64,0.74,1.77,0.229,8.18,16.68,0.149,1.46
55.0,3.0,1.0,2.5,3.0,0.8,1200,0.2,73,76.7,16.68,0.46,1.5,0.228,7.16,10.84,0.149,1.31
55.0,3.0,1.0,2.5,4.5,0.8,1200,0.2,73,76.7,16.68,0.46,1.5,0.228,7.16,10.84,0.149,1.31
55.0,4.0,1.5,2.5,3.0,0.6,1200,0.2,61,78.7,13.98,0.4,1.49,0.229,9.58,9.1,0.149,1.31
55.0,4.0,1.5,2.5,4.5,0.6,1200,0.2,61,78.7,13.98,0.4,1.49,0.229,9.58,9.1,0.149,1.31
55.0,5.0,0.7,2.5,3.0,0.6,7200,0.4,58,87.9,13.26,0.23,1.65,0.229,9.32,8.62,0.149,1.41
55.0,5.0,0.7,2.5,3.0,0.8,7200,0.4,58,87.9,13.29,0.23,1.65,0.229,9.38,8.65,0.149,1.41
55.0,5.0,0.7,2.5,4.5,0.6,7200,0.4,58,87.9,13.26,0.23,1.65,0.229,9.32,8.62,0.149,1.41
55.0,5.0,0.7,2.5,4.5,0.8,7200,0.4,58,87.9,13.29,0.23,1.65,0.229,9.38,8.65,0.149,1.41
50.0,2.0,1.0,2.5,3.0,0.8,3600,0.2,100,74.0,22.81,0.51,1.46,0.228,9.39,14.81,0.148,1.28
50.0,2.0,1.0,2.5,4.5,0.8,3600,0.2,100,74.0,22.81,0.51,1.46,0.228,9.39,14.81,0.148,1.28
50.0,4.0,0.7,2.5,3.0,0.6,3600,0.2,89,87.6,20.26,0.23,1.63,0.228,13.98,13.14,0.148,1.4
50.0,4.0,0.7,2.5,4.5,0.6,3600,0.2,89,87.6,20.26,0.23,1.63,0.228,13.98,13.14,0.148,1.4
55.0,3.0,1.0,1.5,3.0,0.4,1200,0.2,73,76.7,16.61,0.46,1.5,0.228,7.15,10.77,0.148,1.31
55.0,3.0,1.0,1.5,4.5,0.4,1200,0.2,73,76.7,16.61,0.46,1.5,0.228,7.15,10.77,0.148,1.31
55.0,3.0,1.0,2.5,3.0,0.4,3600,0.4,78,74.4,17.76,0.54,1.57,0.228,8.91,11.52,0.148,1.35
55.0,3.0,1.0,2.5,3.0,0.6,1200,0.2,73,76.7,16.62,0.46,1.5,0.228,7.27,10.78,0.148,1.31
55.0,3.0,1.0,2.5,4.5,0.6,1200,0.2,73,76.7,16.62,0.46,1.5,0.228,7.27,10.78,0.148,1.31
55.0,4.0,0.7,2.5,3.0,0.6,3600,0.2,61,85.2,13.93,0.27,1.58,0.228,10.0,9.05,0.148,1.36
55.0,4.0,0.7,2.5,3.0,0.8,3600,0.2,61,85.2,13.92,0.27,1.58,0.228,9.97,9.04,0.148,1.36
55.0,4.0,0.7,2.5,4.5,0.6,3600,0.2,61,85.2,13.93,0.27,1.58,0.228,10.0,9.05,0.148,1.36
55.0,4.0,0.7,2.5,4.5,0.8,3600,0.2,61,85.2,13.92,0.27,1.58,0.228,9.97,9.04,0.148,1.36
55.0,4.0,1.5,2.5,4.5,0.8,1200,0.4,119,76.5,27.19,0.78,2.53,0.228,4.5,17.67,0.148,1.84
45.0,2.0,1.0,2.5,3.0,0.6,,0.4,125,73.6,28.36,0.51,1.43,0.227,9.43,18.36,0.147,1.27
45.0,4.0,1.0,1.5,3.0,0.6,14400,0.2,76,84.2,17.25,0.25,1.36,0.227,13.19,11.18,0.147,1.23
45.0,4.0,1.0,1.5,4.5,0.6,14400,0.2,76,84.2,17.25,0.25,1.36,0.227,13.19,11.18,0.147,1.23
45.0,4.0,1.5,2.5,3.0,0.8,7200,0.4,90,81.1,20.39,0.33,1.42,0.227,13.56,13.19,0.147,1.26
45.0,4.0,1.5,2.5,4.5,0.8,7200,0.4,90,81.1,20.39,0.33,1.42,0.227,13.56,13.19,0.147,1.26
45.0,5.0,0.7,2.5,3.0,0.4,,0.4,62,85.5,14.1,0.24,1.39,0.227,15.14,9.14,0.147,1.25
45.0,5.0,0.7,2.5,4.5,0.4,,0.4,62,85.5,14.1,0.24,1.39,0.227,15.14,9.14,0.147,1.25
45.0,5.0,1.5,2.5,3.0,0.4,7200,0.2,63,85.7,14.3,0.22,1.32,0.227,16.86,9.25,0.147,1.2
45.0,5.0,1.5,2.5,4.5,0.4,7200,0.2,63,85.7,14.3,0.22,1.32,0.227,16.86,9.25,0.147,1.2
50.0,2.0,1.0,1.5,3.0,0.8,3600,0.2,100,74.0,22.72,0.51,1.45,0.227,9.39,14.72,0.147,1.28
50.0,2.0,1.0,1.5,4.5,0.8,3600,0.2,100,74.0,22.72,0.51,1.45,0.227,9.39,14.72,0.147,1.28
50.0,2.0,1.0,2.5,3.0,0.6,3600,0.2,100,74.0,22.72,0.51,1.45,0.227,9.42,14.72,0.147,1.28
50.0,2.0,1.0,2.5,4.5,0.6,3600,0.2,100,74.0,22.72,0.51,1.45,0.227,9.42,14.72,0.147,1.28
50.0,2.0,1.5,2.5,3.0,0.8,14400,0.8,115,68.7,26.16,0.71,1.56,0.227,9.88,16.96,0.147,1.34
50.0,2.0,1.5,2.5,4.5,0.8,14400,0.8,115,68.7,26.08,0.71,1.56,0.227,9.88,16.88,0.147,1.34
50.0,3.0,1.0,2.5,3.0,0.4,1200,0.2,104,76.9,23.65,0.45,1.49,0.227,9.07,15.33,0.147,1.3
50.0,3.0,1.0,2.5,4.5,0.4,1200,0.2,104,76.9,23.65,0.45,1.49,0.227,9.07,15.33,0.147,1.3
50.0,3.0,1.5,2.5,3.0,0.6,3600,0.4,108,74.1,24.54,0.54,1.53,0.227,10.53,15.9,0.147,1.33
50.0,4.0,0.7,1.5,3.0,0.6,14400,0.4,95,88.4,21.56,0.21,1.59,0.227,14.0,13.96,0.147,1.37
50.0,4.0,0.7,1.5,4.5,0.6,14400,0.4,95,88.4,21.54,0.21,1.59,0.227,14.0,13.94,0.147,1.37
55.0,3.0,1.0,2.5,4.5,0.4,3600,0.4,78,74.4,17.67,0.54,1.57,0.227,8.91,11.43,0.147,1.35
55.0,4.0,1.0,2.5,3.0,0.4,2400,0.4,87,78.2,19.74,0.54,1.92,0.227,6.75,12.78,0.147,1.55
40.0,3.0,1.0,1.5,3.0,0.8,,0.4,118,79.7,26.72,0.35,1.37,0.226,13.86,17.28,0.146,1.23
45.0,2.0,1.0,1.5,3.0,0.6,,0.4,125,73.6,28.31,0.51,1.43,0.226,9.53,18.31,0.146,1.27
45.0,2.0,1.5,2.5,3.0,0.6,7200,0.4,137,72.3,30.96,0.57,1.49,0.226,10.62,20.0,0.146,1.3
45.0,2.0,1.5,2.5,4.5,0.6,7200,0.4,137,72.3,30.96,0.57,1.49,0.226,10.62,20.0,0.146,1.3
50.0,2.0,1.0,1.5,3.0,0.6,3600,0.2,100,74.0,22.56,0.51,1.45,0.226,9.42,14.56,0.146,1.28
50.0,2.0,1.0,1.5,4.5,0.6,3600,0.2,100,74.0,22.56,0.51,1.45,0.226,9.42,14.56,0.146,1.28
50.0,3.0,1.0,1.5,3.0,0.4,1200,0.2,104,76.9,23.46,0.45,1.49,0.226,9.07,15.14,0.146,1.3
50.0,3.0,1.0,1.5,4.5,0.4,1200,0.2,104,76.9,23.46,0.45,1.49,0.226,9.07,15.14,0.146,1.3
50.0,3.0,1.5,2.5,4.5,0.6,3600,0.4,108,74.1,24.4,0.53,1.53,0.226,10.53,15.76,0.146,1.32
50.0,4.0,0.7,1.5,3.0,0.8,3600,0.2,89,87.6,20.14,0.23,1.63,0.226,13.95,13.02,0.146,1.39
50.0,4.0,0.7,1.5,4.5,0.8,3600,0.2,89,87.6,20.14,0.23,1.63,0.226,13.95,13.02,0.146,1.39
55.0,3.0,1.0,2.5,3.0,0.6,3600,0.4,78,74.4,17.65,0.54,1.57,0.226,8.91,11.41,0.146,1.35
55.0,3.0,1.0,2.5,3.0,0.8,3600,0.4,78,74.4,17.65,0.54,1.57,0.226,8.91,11.41,0.146,1.35
55.0,3.0,1.5,2.5,3.0,0.6,3600,0.4,80,73.8,18.1,0.56,1.58,0.226,8.17,11.7,0.146,1.35
55.0,4.0,1.0,2.5,4.5,0.4,2400,0.4,87,78.2,19.65,0.54,1.91,0.226,6.75,12.69,0.146,1.54
55.0,5.0,0.7,1.5,3.0,0.4,7200,0.8,88,77.3,19.86,0.66,2.23,0.226,5.96,12.82,0.146,1.71
55.0,5.0,0.7,1.5,4.5,0.4,7200,0.8,88,77.3,19.86,0.66,2.23,0.226,5.96,12.82,0.146,1.71
55.0,5.0,0.7,2.5,3.0,0.6,7200,0.8,88,77.3,19.88,0.66,2.23,0.226,5.96,12.84,0.146,1.71
55.0,5.0,0.7,2.5,4.5,0.6,7200,0.8,88,77.3,19.88,0.66,2.23,0.226,5.96,12.84,0.146,1.71
40.0,4.0,1.5,2.5,3.0,0.6,1200,0.2,102,77.5,22.96,0.43,1.47,0.225,10.6,14.8,0.145,1.29
40.0,4.0,1.5,2.5,4.5,0.6,1200,0.2,102,77.5,22.96,0.43,1.47,0.225,10.6,14.8,0.145,1.29
45.0,3.0,1.5,2.5,3.0,0.8,3600,0.4,141,72.3,31.67,0.61,1.59,0.225,7.57,20.39,0.145,1.36
50.0,2.0,1.5,2.5,3.0,0.6,14400,0.8,117,68.4,26.3,0.72,1.56,0.225,9.79,16.94,0.145,1.34
50.0,2.0,1.5,2.5,4.5,0.6,14400,0.8,117,68.4,26.28,0.72,1.56,0.225,9.79,16.92,0.145,1.34
50.0,4.0,0.7,1.5,3.0,0.4,14400,0.4,95,88.4,21.4,0.21,1.59,0.225,13.88,13.8,0.145,1.37
50.0,4.0,0.7,1.5,4.5,0.4,14400,0.4,95,88.4,21.4,0.21,1.59,0.225,13.88,13.8,0.145,1.37
55.0,2.0,1.5,2.5,3.0,0.6,7200,0.4,84,71.4,18.88,0.6,1.49,0.225,7.84,12.16,0.145,1.3
55.0,2.0,1.5,2.5,4.5,0.6,7200,0.4,84,71.4,18.88,0.6,1.49,0.225,7.84,12.16,0.145,1.3
55.0,3.0,0.7,2.5,3.0,0.4,14400,0.2,71,85.9,16.0,0.25,1.53,0.225,8.04,10.32,0.145,1.34
55.0,3.0,0.7,2.5,4.5,0.4,14400,0.2,71,85.9,16.0,0.25,1.53,0.225,8.04,10.32,0.145,1.34
55.0,3.0,1.0,1.5,3.0,0.6,14400,0.8,78,71.8,17.51,0.61,1.54,0.224,5.9,11.27,0.145,1.33
55.0,3.0,1.0,1.5,3.0,0.8,1200,0.2,73,76.7,16.39,0.45,1.49,0.225,7.16,10.55,0.145,1.3
55.0,3.0,1.0,1.5,4.5,0.8,1200,0.2,73,76.7,16.39,0.45,1.49,0.225,7.16,10.55,0.145,1.3
55.0,3.0,1.0,2.5,4.5,0.6,3600,0.4,78,74.4,17.52,0.54,1.56,0.225,8.91,11.28,0.145,1.34
55.0,4.0,0.7,1.5,3.0,0.4,3600,0.2,61,85.2,13.74,0.27,1.57,0.225,9.88,8.86,0.145,1.36
55.0,4.0,0.7,1.5,4.5,0.4,3600,0.2,61,85.2,13.74,0.27,1.57,0.225,9.88,8.86,0.145,1.36
55.0,4.0,1.0,2.5,3.0,0.6,2400,0.4,87,78.2,19.53,0.53,1.91,0.224,6.75,12.57,0.145,1.54
55.0,4.0,1.0,2.5,3.0,0.8,2400,0.4,87,78.2,19.53,0.53,1.91,0.224,6.75,12.57,0.145,1.54
55.0,5.0,0.7,1.5,3.0,0.4,7200,0.4,58,87.9,13.05,0.22,1.64,0.225,9.2,8.41,0.145,1.4
55.0,5.0,0.7,1.5,4.5,0.4,7200,0.4,58,87.9,13.05,0.22,1.64,0.225,9.2,8.41,0.145,1.4
40.0,3.0,1.5,2.5,3.0,0.4,3600,0.2,118,77.1,26.45,0.4,1.35,0.224,13.52,17.01,0.144,1.22
40.0,3.0,1.5,2.5,4.5,0.4,3600,0.2,118,77.1,26.45,0.4,1.35,0.224,13.52,17.01,0.144,1.22
45.0,4.0,1.0,2.5,3.0,0.4,7200,0.2,76,84.2,17.02,0.25,1.35,0.224,13.07,10.94,0.144,1.22
45.0,4.0,1.0,2.5,4.5,0.4,7200,0.2,76,84.2,17.02,0.25,1.35,0.224,13.07,10.94,0.144,1.22
45.0,4.0,1.5,2.5,3.0,0.8,14400,0.4,81,81.5,18.18,0.31,1.38,0.224,13.56,11.7,0.144,1.24
45.0,4.0,1.5,2.5,4.5,0.8,14400,0.4,81,81.5,18.18,0.31,1.38,0.224,13.56,11.7,0.144,1.24
50.0,3.0,1.0,2.5,3.0,0.6,1200,0.2,104,76.9,23.25,0.44,1.48,0.224,9.19,14.93,0.144,1.3
50.0,3.0,1.0,2.5,4.5,0.6,1200,0.2,104,76.9,23.25,0.44,1.48,0.224,9.19,14.93,0.144,1.3
50.0,4.0,0.7,1.5,3.0,0.6,3600,0.2,89,87.6,19.93,0.23,1.62,0.224,13.98,12.82,0.144,1.39
50.0,4.0,0.7,1.5,4.5,0.6,3600,0.2,89,87.6,19.93,0.23,1.62,0.224,13.98,12.82,0.144,1.39
50.0,4.0,1.5,2.5,3.0,0.4,1200,0.4,166,73.5,37.25,0.85,2.37,0.224,8.0,23.97,0.144,1.76
50.0,4.0,1.5,2.5,4.5,0.4,1200,0.4,166,73.5,37.16,0.85,2.37,0.224,8.0,23.88,0.144,1.75
50.0,5.0,0.7,1.5,3.0,0.4,3600,0.4,106,80.2,23.8,0.51,2.06,0.225,5.22,15.32,0.144,1.62
50.0,5.0,0.7,1.5,3.0,0.8,3600,0.4,106,80.2,23.73,0.51,2.05,0.224,5.22,15.25,0.144,1.62
50.0,5.0,0.7,1.5,4.5,0.4,3600,0.4,106,80.2,23.8,0.51,2.06,0.225,5.22,15.32,0.144,1.62
50.0,5.0,0.7,1.5,4.5,0.8,3600,0.4,106,80.2,23.73,0.51,2.05,0.224,5.22,15.25,0.144,1.62
50.0,5.0,0.7,2.5,3.0,0.4,3600,0.4,106,80.2,23.76,0.51,2.05,0.224,5.22,15.27,0.144,1.62
50.0,5.0,0.7,2.5,4.5,0.4,3600,0.4,106,80.2,23.76,0.51,2.05,0.224,5.22,15.27,0.144,1.62
55.0,2.0,1.0,1.5,3.0,0.6,14400,0.2,79,73.4,17.66,0.51,1.42,0.224,7.3,11.34,0.144,1.26
55.0,3.0,1.0,1.5,3.0,0.6,1200,0.2,73,76.7,16.34,0.45,1.49,0.224,7.27,10.5,0.144,1.3
55.0,3.0,1.0,1.5,4.5,0.6,1200,0.2,73,76.7,16.34,0.45,1.49,0.224,7.27,10.5,0.144,1.3
55.0,3.0,1.0,1.5,4.5,0.6,14400,0.8,78,71.8,17.49,0.61,1.54,0.224,5.9,11.25,0.144,1.33
55.0,3.0,1.0,2.5,4.5,0.8,3600,0.4,78,74.4,17.47,0.54,1.56,0.224,8.91,11.23,0.144,1.34
55.0,3.0,1.5,2.5,4.5,0.6,3600,0.4,80,73.8,17.96,0.56,1.58,0.224,8.17,11.56,0.144,1.35
40.0,3.0,1.5,2.5,3.0,0.4,7200,0.2,114,78.1,25.39,0.38,1.34,0.223,13.52,16.27,0.143,1.21
40.0,3.0,1.5,2.5,4.5,0.4,7200,0.2,114,78.1,25.39,0.38,1.34,0.223,13.52,16.27,0.143,1.21
45.0,3.0,1.0,2.5,3.0,0.6,3600,0.2,107,80.4,23.9,0.34,1.4,0.223,8.02,15.34,0.143,1.25
45.0,3.0,1.0,2.5,4.5,0.6,3600,0.2,107,80.4,23.9,0.34,1.4,0.223,8.02,15.34,0.143,1.25
45.0,3.0,1.5,2.5,4.5,0.8,3600,0.4,141,72.3,31.49,0.61,1.58,0.223,7.57,20.2,0.143,1.35
50.0,3.0,1.0,1.5,3.0,0.8,1200,0.2,104,76.9,23.15,0.44,1.48,0.223,9.08,14.83,0.143,1.29
50.0,3.0,1.0,1.5,4.5,0.8,1200,0.2,104,76.9,23.15,0.44,1.48,0.223,9.08,14.83,0.143,1.29
50.0,3.0,1.0,2.5,3.0,0.8,1200,0.2,104,76.9,23.19,0.44,1.48,0.223,9.08,14.87,0.143,1.29
50.0,3.0,1.0,2.5,4.5,0.8,1200,0.2,104,76.9,23.19,0.44,1.48,0.223,9.08,14.87,0.143,1.29
50.0,5.0,0.7,2.5,3.0,0.8,3600,0.4,106,80.2,23.69,0.51,2.05,0.223,5.22,15.21,0.143,1.62
50.0,5.0,0.7,2.5,4.5,0.8,3600,0.4,106,80.2,23.69,0.51,2.05,0.223,5.22,15.21,0.143,1.62
55.0,2.0,1.0,1.5,4.5,0.6,14400,0.2,79,73.4,17.64,0.51,1.42,0.223,7.3,11.32,0.143,1.26
55.0,3.0,1.0,1.5,3.0,0.4,3600,0.4,78,74.4,17.39,0.54,1.56,0.223,8.91,11.15,0.143,1.34
55.0,4.0,1.0,1.5,3.0,0.4,2400,0.4,87,78.2,19.4,0.53,1.9,0.223,6.75,12.44,0.143,1.53
55.0,4.0,1.0,2.5,4.5,0.6,2400,0.4,87,78.2,19.4,0.53,1.9,0.223,6.75,12.44,0.143,1.53
55.0,5.0,0.7,1.5,3.0,0.8,7200,0.8,88,77.3,19.61,0.65,2.22,0.223,5.96,12.57,0.143,1.7
55.0,5.0,0.7,1.5,4.5,0.8,7200,0.8,88,77.3,19.61,0.65,2.22,0.223,5.96,12.57,0.143,1.7
40.0,3.0,1.0,1.5,4.5,0.8,,0.4,116,79.3,25.75,0.35,1.36,0.222,13.86,16.47,0.142,1.22
40.0,4.0,0.7,2.5,3.0,0.8,14400,0.4,123,87.0,27.27,0.23,1.52,0.222,10.57,17.43,0.142,1.32
45.0,3.0,1.0,1.5,3.0,0.6,3600,0.2,107,80.4,23.7,0.34,1.39,0.221,8.02,15.14,0.142,1.25
45.0,3.0,1.0,1.5,4.5,0.6,3600,0.2,107,80.4,23.7,0.34,1.39,0.221,8.02,15.14,0.142,1.25
45.0,3.0,1.0,2.5,3.0,0.8,3600,0.2,107,80.4,23.8,0.34,1.4,0.222,8.02,15.24,0.142,1.25
45.0,3.0,1.0,2.5,4.5,0.8,3600,0.2,107,80.4,23.8,0.34,1.4,0.222,8.02,15.24,0.142,1.25
45.0,4.0,1.0,2.5,3.0,0.4,,0.4,72,83.3,15.97,0.27,1.33,0.222,13.06,10.21,0.142,1.21
45.0,4.0,1.0,2.5,3.0,0.8,7200,0.2,76,84.2,16.86,0.25,1.35,0.222,13.25,10.78,0.142,1.22
45.0,4.0,1.0,2.5,4.5,0.4,,0.4,72,83.3,15.97,0.27,1.33,0.222,13.06,10.21,0.142,1.21
45.0,4.0,1.0,2.5,4.5,0.8,7200,0.2,76,84.2,16.86,0.25,1.35,0.222,13.25,10.78,0.142,1.22
45.0,4.0,1.5,2.5,3.0,0.6,14400,0.4,81,81.5,18.02,0.31,1.37,0.222,13.26,11.54,0.142,1.23
45.0,4.0,1.5,2.5,4.5,0.6,14400,0.4,81,81.5,18.02,0.31,1.37,0.222,13.26,11.54,0.142,1.23
45.0,5.0,0.7,1.5,3.0,0.4,,0.4,62,85.5,13.76,0.23,1.38,0.222,15.05,8.8,0.142,1.24
45.0,5.0,0.7,1.5,4.5,0.4,,0.4,62,85.5,13.76,0.23,1.38,0.222,15.05,8.8,0.142,1.24
50.0,2.0,1.0,2.5,3.0,0.4,2400,0.2,102,74.5,22.63,0.5,1.45,0.222,9.3,14.47,0.142,1.28
50.0,2.0,1.0,2.5,4.5,0.4,2400,0.2,102,74.5,22.63,0.5,1.45,0.222,9.3,14.47,0.142,1.28
50.0,3.0,1.0,1.5,3.0,0.6,1200,0.2,104,76.9,23.14,0.44,1.48,0.222,9.19,14.82,0.142,1.29
50.0,3.0,1.0,1.5,4.5,0.6,1200,0.2,104,76.9,23.14,0.44,1.48,0.222,9.19,14.82,0.142,1.29
50.0,4.0,1.0,2.5,3.0,0.4,,0.4,67,83.6,14.89,0.26,1.34,0.222,14.27,9.53,0.142,1.21
50.0,4.0,1.0,2.5,4.5,0.4,,0.4,67,83.6,14.89,0.26,1.34,0.222,14.27,9.53,0.142,1.21
55.0,2.0,1.0,1.5,3.0,0.8,14400,0.2,79,73.4,17.51,0.51,1.42,0.222,7.36,11.19,0.142,1.26
55.0,3.0,1.0,1.5,3.0,0.6,3600,0.4,78,74.4,17.29,0.54,1.56,0.222,8.91,11.05,0.142,1.34
55.0,3.0,1.0,1.5,3.0,0.8,3600,0.4,78,74.4,17.29,0.54,1.56,0.222,8.91,11.05,0.142,1.34
55.0,3.0,1.0,1.5,4.5,0.4,3600,0.4,78,74.4,17.3,0.54,1.56,0.222,8.91,11.06,0.142,1.34
55.0,4.0,0.7,1.5,3.0,0.6,3600,0.2,61,85.2,13.57,0.27,1.56,0.222,10.0,8.69,0.142,1.35
55.0,4.0,0.7,1.5,3.0,0.8,3600,0.2,61,85.2,13.55,0.27,1.56,0.222,9.97,8.67,0.142,1.35
55.0,4.0,0.7,1.5,4.5,0.6,3600,0.2,61,85.2,13.57,0.27,1.56,0.222,10.0,8.69,0.142,1.35
55.0,4.0,0.7,1.5,4.5,0.8,3600,0.2,61,85.2,13.55,0.27,1.56,0.222,9.97,8.67,0.142,1.35
55.0,4.0,1.0,1.5,4.5,0.4,2400,0.4,87,78.2,19.32,0.53,1.9,0.222,6.75,12.36,0.142,1.53
55.0,4.0,1.0,2.5,4.5,0.8,2400,0.4,87,78.2,19.35,0.53,1.9,0.222,6.75,12.39,0.142,1.53
40.0,3.0,1.5,2.5,3.0,0.6,,0.4,123,78.9,27.15,0.36,1.35,0.221,13.78,17.31,0.141,1.22
40.0,4.0,0.7,2.5,4.5,0.8,14400,0.4,123,87.0,27.18,0.23,1.52,0.221,10.57,17.34,0.141,1.32
40.0,5.0,1.0,1.5,3.0,0.4,1200,0.2,85,81.2,18.78,0.34,1.46,0.221,9.02,11.98,0.141,1.29
40.0,5.0,1.0,1.5,4.5,0.4,1200,0.2,85,81.2,18.78,0.34,1.46,0.221,9.02,11.98,0.141,1.29
45.0,3.0,1.0,1.5,3.0,0.8,3600,0.2,107,80.4,23.68,0.34,1.39,0.221,8.02,15.11,0.141,1.24
45.0,3.0,1.0,1.5,4.5,0.8,3600,0.2,107,80.4,23.68,0.34,1.39,0.221,8.02,15.11,0.141,1.24
45.0,3.0,1.5,2.5,3.0,0.4,14400,0.8,145,74.5,32.11,0.51,1.5,0.221,8.16,20.51,0.141,1.31
45.0,3.0,1.5,2.5,4.5,0.4,14400,0.8,145,74.5,32.11,0.51,1.5,0.221,8.16,20.51,0.141,1.31
50.0,5.0,0.7,1.5,3.0,0.6,3600,0.4,106,80.2,23.44,0.5,2.04,0.221,5.22,14.96,0.141,1.61
50.0,5.0,0.7,1.5,4.5,0.6,3600,0.4,106,80.2,23.44,0.5,2.04,0.221,5.22,14.96,0.141,1.61
50.0,5.0,0.7,2.5,3.0,0.6,3600,0.4,106,80.2,23.4,0.5,2.04,0.221,5.22,14.91,0.141,1.61
50.0,5.0,0.7,2.5,4.5,0.6,3600,0.4,106,80.2,23.4,0.5,2.04,0.221,5.22,14.91,0.141,1.61
55.0,2.0,1.0,1.5,4.5,0.8,14400,0.2,79,73.4,17.49,0.51,1.42,0.221,7.36,11.17,0.141,1.26
55.0,3.0,0.7,2.5,3.0,0.4,14400,0.4,72,84.7,15.89,0.28,1.53,0.221,8.04,10.13,0.141,1.33
55.0,3.0,0.7,2.5,3.0,0.6,14400,0.2,71,85.9,15.68,0.25,1.52,0.221,8.16,10.0,0.141,1.32
55.0,3.0,0.7,2.5,4.5,0.4,14400,0.4,72,84.7,15.89,0.28,1.53,0.221,8.04,10.13,0.141,1.33
55.0,4.0,1.0,1.5,3.0,0.6,2400,0.4,87,78.2,19.2,0.53,1.89,0.221,6.75,12.24,0.141,1.52
55.0,4.0,1.0,1.5,3.0,0.8,2400,0.4,87,78.2,19.2,0.53,1.89,0.221,6.75,12.24,0.141,1.52
40.0,3.0,0.7,2.5,3.0,0.6,,0.4,123,78.9,27.02,0.38,1.42,0.22,12.62,17.18,0.14,1.26
40.0,4.0,1.0,1.5,4.5,0.6,,0.4,93,83.9,20.43,0.26,1.34,0.22,10.73,12.99,0.14,1.21
40.0,4.0,1.5,2.5,3.0,0.8,2400,0.2,98,83.7,21.54,0.27,1.38,0.22,11.0,13.7,0.14,1.24
40.0,4.0,1.5,2.5,4.5,0.8,2400,0.2,98,83.7,21.54,0.27,1.38,0.22,11.0,13.7,0.14,1.24
40.0,5.0,1.0,2.5,3.0,0.4,1200,0.2,85,81.2,18.7,0.34,1.46,0.22,9.02,11.9,0.14,1.28
40.0,5.0,1.0,2.5,4.5,0.4,1200,0.2,85,81.2,18.7,0.34,1.46,0.22,9.02,11.9,0.14,1.28
45.0,2.0,1.5,2.5,3.0,0.4,,0.4,126,72.2,27.7,0.54,1.4,0.22,9.84,17.62,0.14,1.24
45.0,2.0,1.5,2.5,3.0,0.8,14400,0.2,128,74.2,28.11,0.5,1.43,0.22,11.29,17.87,0.14,1.26
45.0,2.0,1.5,2.5,4.5,0.4,,0.4,126,72.2,27.7,0.54,1.4,0.22,9.84,17.62,0.14,1.24
45.0,2.0,1.5,2.5,4.5,0.8,14400,0.2,128,74.2,28.11,0.5,1.43,0.22,11.29,17.87,0.14,1.26
45.0,5.0,0.7,2.5,3.0,0.8,7200,0.8,151,78.1,33.18,0.62,2.23,0.22,5.0,21.1,0.14,1.7
45.0,5.0,0.7,2.5,4.5,0.8,7200,0.8,151,78.1,33.18,0.62,2.23,0.22,5.0,21.1,0.14,1.7
50.0,2.0,1.0,1.5,3.0,0.4,2400,0.2,102,74.5,22.42,0.5,1.45,0.22,9.3,14.26,0.14,1.27
50.0,2.0,1.0,1.5,4.5,0.4,2400,0.2,102,74.5,22.42,0.5,1.45,0.22,9.3,14.26,0.14,1.27
50.0,5.0,1.0,2.5,3.0,0.4,7200,0.4,68,85.3,14.93,0.25,1.42,0.22,14.26,9.49,0.14,1.26
50.0,5.0,1.0,2.5,4.5,0.4,7200,0.4,68,85.3,14.93,0.25,1.42,0.22,14.26,9.49,0.14,1.26
55.0,3.0,0.7,2.5,3.0,0.4,7200,0.2,73,86.3,16.09,0.24,1.54,0.22,8.58,10.25,0.14,1.33
55.0,3.0,0.7,2.5,4.5,0.4,7200,0.2,73,86.3,16.09,0.24,1.54,0.22,8.58,10.25,0.14,1.33
55.0,3.0,0.7,2.5,4.5,0.6,14400,0.2,71,85.9,15.65,0.25,1.52,0.22,8.16,9.98,0.14,1.32
55.0,3.0,1.0,1.5,4.5,0.6,3600,0.4,78,74.4,17.15,0.53,1.55,0.22,8.91,10.91,0.14,1.33
40.0,4.0,1.5,2.5,4.5,0.8,14400,0.4,94,83.0,20.62,0.28,1.37,0.219,11.84,13.1,0.139,1.23
40.0,5.0,1.5,2.5,3.0,0.6,3600,0.4,109,78.9,23.86,0.4,1.51,0.219,8.54,15.14,0.139,1.31
40.0,5.0,1.5,2.5,4.5,0.6,3600,0.4,109,78.9,23.86,0.4,1.51,0.219,8.54,15.14,0.139,1.31
55.0,3.0,1.0,1.5,4.5,0.8,3600,0.4,78,74.4,17.1,0.53,1.55,0.219,8.91,10.86,0.139,1.33
55.0,4.0,1.0,1.5,4.5,0.6,2400,0.4,87,78.2,19.06,0.53,1.89,0.219,6.75,12.1,0.139,1.52
55.0,4.0,1.0,1.5,4.5,0.8,2400,0.4,87,78.2,19.01,0.53,1.89,0.219,6.75,12.05,0.139,1.52
55.0,5.0,0.7,2.5,3.0,0.4,2400,0.2,61,91.8,13.33,0.15,1.67,0.219,9.2,8.45,0.139,1.41
55.0,5.0,0.7,2.5,4.5,0.4,2400,0.2,61,91.8,13.33,0.15,1.67,0.219,9.2,8.45,0.139,1.41
40.0,4.0,1.5,2.5,3.0,0.8,14400,0.4,94,83.0,20.53,0.28,1.37,0.218,11.84,13.01,0.138,1.23
45.0,5.0,0.7,1.5,3.0,0.8,7200,0.8,151,78.1,32.98,0.62,2.22,0.218,5.0,20.9,0.138,1.69
45.0,5.0,0.7,1.5,4.5,0.8,7200,0.8,151,78.1,32.98,0.62,2.22,0.218,5.0,20.9,0.138,1.69
45.0,5.0,0.7,2.5,3.0,0.4,7200,0.8,151,78.1,32.97,0.62,2.22,0.218,5.0,20.89,0.138,1.69
45.0,5.0,0.7,2.5,4.5,0.4,7200,0.8,151,78.1,32.97,0.62,2.22,0.218,5.0,20.89,0.138,1.69
50.0,2.0,1.0,2.5,3.0,0.4,14400,0.2,92,72.8,20.09,0.52,1.4,0.218,9.3,12.73,0.138,1.24
50.0,2.0,1.0,2.5,4.5,0.4,14400,0.2,92,72.8,20.09,0.52,1.4,0.218,9.3,12.73,0.138,1.24
50.0,2.0,1.5,2.5,3.0,0.8,1200,0.2,112,69.6,24.47,0.66,1.5,0.218,9.62,15.51,0.138,1.3
50.0,2.0,1.5,2.5,4.5,0.8,1200,0.2,112,69.6,24.42,0.66,1.5,0.218,9.62,15.46,0.138,1.3
55.0,4.0,0.7,2.5,3.0,0.8,14400,0.8,71,77.5,15.51,0.49,1.7,0.218,7.35,9.83,0.138,1.42
55.0,4.0,0.7,2.5,4.5,0.8,14400,0.8,71,77.5,15.48,0.49,1.7,0.218,7.35,9.8,0.138,1.42
55.0,5.0,0.7,1.5,3.0,0.6,7200,0.8,88,77.3,19.19,0.64,2.19,0.218,5.96,12.15,0.138,1.68
55.0,5.0,0.7,1.5,3.0,0.8,7200,0.4,58,87.9,12.63,0.22,1.62,0.218,9.38,7.99,0.138,1.38
55.0,5.0,0.7,1.5,4.5,0.6,7200,0.8,88,77.3,19.19,0.64,2.19,0.218,5.96,12.15,0.138,1.68
55.0,5.0,0.7,1.5,4.5,0.8,7200,0.4,58,87.9,12.63,0.22,1.62,0.218,9.38,7.99,0.138,1.38
55.0,5.0,0.7,2.5,3.0,0.8,2400,0.2,61,91.8,13.28,0.15,1.66,0.218,9.15,8.4,0.138,1.41
55.0,5.0,0.7,2.5,4.5,0.8,2400,0.2,61,91.8,13.28,0.15,1.66,0.218,9.15,8.4,0.138,1.41
40.0,5.0,1.0,1.5,3.0,0.6,1200,0.2,85,81.2,18.46,0.34,1.46,0.217,9.02,11.66,0.137,1.28
40.0,5.0,1.0,1.5,3.0,0.8,1200,0.2,85,81.2,18.4,0.34,1.45,0.216,9.02,11.61,0.137,1.28
40.0,5.0,1.0,1.5,4.5,0.6,1200,0.2,85,81.2,18.46,0.34,1.46,0.217,9.02,11.66,0.137,1.28
40.0,5.0,1.0,1.5,4.5,0.8,1200,0.2,85,81.2,18.4,0.34,1.45,0.216,9.02,11.61,0.137,1.28
45.0,4.0,1.0,1.5,3.0,0.4,,0.4,72,83.3,15.65,0.27,1.33,0.217,12.97,9.89,0.137,1.2
45.0,4.0,1.0,1.5,4.5,0.4,,0.4,72,83.3,15.65,0.27,1.33,0.217,12.97,9.89,0.137,1.2
55.0,3.0,0.7,1.5,3.0,0.8,14400,0.2,71,85.9,15.39,0.25,1.51,0.217,8.15,9.71,0.137,1.32
55.0,3.0,0.7,2.5,3.0,0.8,7200,0.2,73,86.3,15.82,0.24,1.53,0.217,8.76,9.98,0.137,1.32
55.0,3.0,0.7,2.5,4.5,0.8,7200,0.2,73,86.3,15.82,0.24,1.53,0.217,8.76,9.98,0.137,1.32
45.0,3.0,1.0,2.5,3.0,0.4,2400,0.2,110,80.0,23.73,0.35,1.39,0.216,8.02,14.93,0.136,1.24
45.0,3.0,1.0,2.5,4.5,0.4,2400,0.2,110,80.0,23.73,0.35,1.39,0.216,8.02,14.93,0.136,1.24
45.0,4.0,1.0,1.5,3.0,0.4,7200,0.2,76,84.2,16.43,0.25,1.34,0.216,13.07,10.35,0.136,1.21
45.0,4.0,1.0,1.5,4.5,0.4,7200,0.2,76,84.2,16.43,0.25,1.34,0.216,13.07,10.35,0.136,1.21
45.0,4.0,1.0,2.5,3.0,0.6,7200,0.2,76,84.2,16.39,0.25,1.34,0.216,13.19,10.31,0.136,1.21
45.0,4.0,1.0,2.5,4.5,0.6,7200,0.2,76,84.2,16.39,0.25,1.34,0.216,13.19,10.31,0.136,1.21
50.0,2.0,0.7,2.5,3.0,0.4,7200,0.2,125,80.0,27.05,0.4,1.59,0.216,9.13,17.05,0.136,1.35
50.0,2.0,0.7,2.5,4.5,0.4,7200,0.2,125,80.0,27.05,0.4,1.59,0.216,9.13,17.05,0.136,1.35
50.0,2.0,1.0,2.5,3.0,0.6,2400,0.2,102,74.5,22.02,0.49,1.44,0.216,9.42,13.86,0.136,1.27
50.0,2.0,1.0,2.5,3.0,0.8,2400,0.2,102,74.5,22.01,0.49,1.44,0.216,9.25,13.85,0.136,1.26
50.0,2.0,1.0,2.5,4.5,0.6,2400,0.2,102,74.5,22.02,0.49,1.44,0.216,9.42,13.86,0.136,1.27
50.0,2.0,1.0,2.5,4.5,0.8,2400,0.2,102,74.5,22.01,0.49,1.44,0.216,9.25,13.85,0.136,1.26
50.0,3.0,1.0,2.5,3.0,0.4,7200,0.4,97,77.3,20.92,0.42,1.43,0.216,9.18,13.16,0.136,1.26
50.0,3.0,1.0,2.5,4.5,0.4,7200,0.4,97,77.3,20.92,0.42,1.43,0.216,9.18,13.16,0.136,1.26
50.0,4.0,1.0,1.5,3.0,0.4,,0.4,67,83.6,14.47,0.26,1.33,0.216,14.27,9.11,0.136,1.2
50.0,4.0,1.0,1.5,4.5,0.4,,0.4,67,83.6,14.47,0.26,1.33,0.216,14.27,9.11,0.136,1.2
50.0,5.0,1.0,2.5,3.0,0.4,14400,0.8,74,81.1,16.0,0.34,1.44,0.216,14.13,10.08,0.136,1.27
50.0,5.0,1.0,2.5,4.5,0.4,14400,0.8,74,81.1,16.0,0.34,1.44,0.216,14.13,10.08,0.136,1.27
55.0,3.0,0.7,1.5,4.5,0.8,14400,0.2,71,85.9,15.37,0.25,1.51,0.216,8.15,9.69,0.136,1.31
55.0,3.0,0.7,2.5,3.0,0.6,14400,0.4,72,84.7,15.56,0.27,1.52,0.216,8.16,9.8,0.136,1.32
55.0,3.0,0.7,2.5,4.5,0.6,14400,0.4,72,84.7,15.54,0.27,1.51,0.216,8.16,9.78,0.136,1.31
55.0,4.0,1.5,2.5,3.0,0.4,1200,0.4,121,76.9,26.18,0.74,2.47,0.216,4.09,16.5,0.136,1.79
55.0,4.0,1.5,2.5,3.0,0.6,2400,0.4,87,78.2,18.83,0.52,1.88,0.216,7.01,11.87,0.136,1.51
55.0,4.0,1.5,2.5,4.5,0.4,1200,0.4,121,76.9,26.1,0.74,2.46,0.216,4.09,16.42,0.136,1.78
55.0,5.0,0.7,1.5,3.0,0.6,7200,0.4,58,87.9,12.56,0.22,1.61,0.217,9.32,7.92,0.136,1.37
55.0,5.0,0.7,1.5,4.5,0.6,7200,0.4,58,87.9,12.56,0.22,1.61,0.217,9.32,7.92,0.136,1.37
55.0,5.0,0.7,2.5,3.0,0.6,2400,0.2,61,91.8,13.16,0.15,1.66,0.216,9.32,8.28,0.136,1.4
55.0,5.0,0.7,2.5,4.5,0.6,2400,0.2,61,91.8,13.16,0.15,1.66,0.216,9.32,8.28,0.136,1.4
40.0,5.0,1.0,2.5,3.0,0.6,1200,0.2,85,81.2,18.31,0.34,1.45,0.215,9.02,11.51,0.135,1.27
40.0,5.0,1.0,2.5,4.5,0.6,1200,0.2,85,81.2,18.31,0.34,1.45,0.215,9.02,11.51,0.135,1.27
45.0,3.0,1.0,2.5,3.0,0.4,1200,0.2,128,77.3,27.51,0.43,1.48,0.215,8.02,17.26,0.135,1.29
45.0,3.0,1.0,2.5,4.5,0.4,1200,0.2,128,77.3,27.51,0.43,1.48,0.215,8.02,17.26,0.135,1.29
45.0,5.0,0.7,1.5,3.0,0.4,7200,0.8,151,78.1,32.48,0.62,2.2,0.215,5.0,20.4,0.135,1.68
45.0,5.0,0.7,1.5,4.5,0.4,7200,0.8,151,78.1,32.48,0.62,2.2,0.215,5.0,20.4,0.135,1.68
50.0,2.0,1.0,1.5,3.0,0.6,2400,0.2,102,74.5,21.88,0.49,1.44,0.215,9.42,13.72,0.135,1.26
50.0,2.0,1.0,1.5,3.0,0.8,2400,0.2,102,74.5,21.94,0.49,1.44,0.215,9.25,13.78,0.135,1.26
50.0,2.0,1.0,1.5,4.5,0.6,2400,0.2,102,74.5,21.88,0.49,1.44,0.215,9.42,13.72,0.135,1.26
50.0,2.0,1.0,1.5,4.5,0.8,2400,0.2,102,74.5,21.94,0.49,1.44,0.215,9.25,13.78,0.135,1.26
50.0,4.0,1.5,2.5,3.0,0.6,7200,0.8,114,71.1,24.55,0.71,1.74,0.215,8.18,15.42,0.135,1.43
50.0,4.0,1.5,2.5,4.5,0.6,7200,0.8,114,71.1,24.55,0.71,1.74,0.215,8.18,15.42,0.135,1.43
55.0,3.0,0.7,1.5,3.0,0.4,14400,0.2,71,85.9,15.23,0.25,1.51,0.215,7.97,9.55,0.135,1.31
55.0,3.0,0.7,1.5,4.5,0.4,14400,0.2,71,85.9,15.23,0.25,1.51,0.215,7.97,9.55,0.135,1.31
55.0,3.0,0.7,2.5,3.0,0.6,7200,0.2,73,86.3,15.7,0.24,1.52,0.215,8.7,9.86,0.135,1.32
55.0,3.0,0.7,2.5,4.5,0.6,7200,0.2,73,86.3,15.7,0.24,1.52,0.215,8.7,9.86,0.135,1.32
55.0,4.0,1.5,2.5,4.5,0.6,2400,0.4,87,78.2,18.69,0.52,1.87,0.215,7.01,11.73,0.135,1.5
40.0,4.0,1.0,2.5,4.5,0.6,14400,0.2,90,83.3,19.23,0.26,1.32,0.214,11.79,12.03,0.134,1.2
40.0,5.0,1.0,2.5,3.0,0.8,1200,0.2,85,81.2,18.19,0.34,1.45,0.214,9.02,11.39,0.134,1.27
40.0,5.0,1.0,2.5,4.5,0.8,1200,0.2,85,81.2,18.19,0.34,1.45,0.214,9.02,11.39,0.134,1.27
45.0,5.0,0.7,2.5,3.0,0.6,7200,0.8,151,78.1,32.38,0.61,2.2,0.214,5.0,20.3,0.134,1.67
45.0,5.0,0.7,2.5,4.5,0.6,7200,0.8,151,78.1,32.38,0.61,2.2,0.214,5.0,20.3,0.134,1.67
45.0,5.0,1.0,2.5,3.0,0.4,3600,0.4,98,76.5,20.99,0.46,1.5,0.214,9.73,13.15,0.134,1.3
50.0,2.0,1.0,1.5,3.0,0.4,14400,0.2,92,72.8,19.66,0.52,1.39,0.214,9.3,12.3,0.134,1.24
50.0,2.0,1.0,1.5,4.5,0.4,14400,0.2,92,72.8,19.66,0.52,1.39,0.214,9.3,12.3,0.134,1.24
50.0,3.0,1.5,2.5,3.0,0.4,14400,0.8,104,72.1,22.29,0.56,1.45,0.214,11.59,13.97,0.134,1.27
50.0,3.0,1.5,2.5,4.5,0.4,14400,0.8,104,72.1,22.29,0.56,1.45,0.214,11.59,13.97,0.134,1.27
50.0,4.0,1.5,2.5,3.0,0.6,2400,0.4,121,77.7,25.93,0.51,1.77,0.214,8.79,16.25,0.134,1.45
40.0,3.0,0.7,2.5,4.5,0.6,,0.4,122,78.7,26.02,0.38,1.4,0.213,12.62,16.26,0.133,1.24
45.0,2.0,0.7,1.5,3.0,0.8,,0.4,122,74.6,26.02,0.5,1.46,0.213,10.3,16.26,0.133,1.28
45.0,3.0,1.0,1.5,3.0,0.4,2400,0.2,110,80.0,23.46,0.35,1.39,0.213,8.02,14.66,0.133,1.24
45.0,3.0,1.0,1.5,4.5,0.4,2400,0.2,110,80.0,23.46,0.35,1.39,0.213,8.02,14.66,0.133,1.24
45.0,4.0,1.0,1.5,3.0,0.8,7200,0.2,76,84.2,16.19,0.25,1.34,0.213,13.25,10.11,0.133,1.21
45.0,4.0,1.0,1.5,4.5,0.8,7200,0.2,76,84.2,16.19,0.25,1.34,0.213,13.25,10.11,0.133,1.21
45.0,5.0,0.7,2.5,3.0,0.4,14400,0.2,77,89.6,16.38,0.17,1.46,0.213,9.89,10.22,0.133,1.28
45.0,5.0,0.7,2.5,4.5,0.4,14400,0.2,77,89.6,16.38,0.17,1.46,0.213,9.89,10.22,0.133,1.28
45.0,5.0,1.0,2.5,4.5,0.4,3600,0.4,98,76.5,20.9,0.46,1.5,0.213,9.73,13.06,0.133,1.3
45.0,5.0,1.5,2.5,3.0,0.4,,0.4,62,85.5,13.21,0.22,1.29,0.213,17.0,8.25,0.133,1.18
45.0,5.0,1.5,2.5,4.5,0.4,,0.4,62,85.5,13.21,0.22,1.29,0.213,17.0,8.25,0.133,1.18
50.0,2.0,0.7,2.5,3.0,0.4,14400,0.4,125,79.2,26.58,0.42,1.6,0.213,10.06,16.58,0.133,1.36
50.0,2.0,0.7,2.5,4.5,0.4,14400,0.4,125,79.2,26.58,0.42,1.6,0.213,10.06,16.58,0.133,1.36
50.0,4.0,1.5,2.5,3.0,0.4,7200,0.2,66,81.8,14.05,0.29,1.32,0.213,14.45,8.77,0.133,1.19
50.0,4.0,1.5,2.5,4.5,0.4,7200,0.2,66,81.8,14.05,0.29,1.32,0.213,14.45,8.77,0.133,1.19
50.0,4.0,1.5,2.5,4.5,0.6,2400,0.4,121,77.7,25.79,0.51,1.76,0.213,8.79,16.11,0.133,1.44
50.0,5.0,0.7,2.5,3.0,0.4,1200,0.2,93,84.9,19.82,0.31,1.78,0.213,8.51,12.38,0.133,1.46
50.0,5.0,0.7,2.5,4.5,0.4,1200,0.2,93,84.9,19.82,0.31,1.78,0.213,8.51,12.38,0.133,1.46
55.0,2.0,1.5,2.5,3.0,0.4,14400,0.8,96,68.8,20.47,0.7,1.54,0.213,7.06,12.79,0.133,1.31
55.0,2.0,1.5,2.5,4.5,0.4,14400,0.8,96,68.8,20.47,0.7,1.54,0.213,7.06,12.79,0.133,1.31
55.0,5.0,0.7,1.5,3.0,0.4,2400,0.2,61,91.8,12.98,0.15,1.65,0.213,9.2,8.1,0.133,1.39
55.0,5.0,0.7,1.5,3.0,0.4,3600,0.4,71,78.9,15.13,0.51,1.92,0.213,5.19,9.45,0.133,1.53
55.0,5.0,0.7,1.5,4.5,0.4,2400,0.2,61,91.8,12.98,0.15,1.65,0.213,9.2,8.1,0.133,1.39
55.0,5.0,0.7,1.5,4.5,0.4,3600,0.4,71,78.9,15.13,0.51,1.92,0.213,5.19,9.45,0.133,1.53
55.0,5.0,0.7,2.5,3.0,0.4,3600,0.4,71,78.9,15.09,0.51,1.92,0.213,5.19,9.41,0.133,1.53
55.0,5.0,0.7,2.5,4.5,0.4,3600,0.4,71,78.9,15.09,0.51,1.92,0.213,5.19,9.41,0.133,1.53
40.0,4.0,1.0,2.5,3.0,0.6,14400,0.2,90,83.3,19.1,0.26,1.32,0.212,11.79,11.9,0.132,1.19
40.0,5.0,0.7,2.5,3.0,0.6,14400,0.8,155,80.0,32.81,0.42,1.68,0.212,10.0,20.41,0.132,1.4
45.0,2.0,0.7,1.5,4.5,0.8,,0.4,119,73.9,25.28,0.51,1.45,0.212,10.3,15.76,0.132,1.27
45.0,2.0,1.5,2.5,3.0,0.8,7200,0.4,138,72.5,29.25,0.55,1.45,0.212,11.31,18.21,0.132,1.27
45.0,2.0,1.5,2.5,4.5,0.8,7200,0.4,138,72.5,29.25,0.55,1.45,0.212,11.31,18.21,0.132,1.27
45.0,3.0,1.0,1.5,3.0,0.4,1200,0.2,128,77.3,27.16,0.43,1.47,0.212,8.02,16.92,0.132,1.28
45.0,3.0,1.0,1.5,4.5,0.4,1200,0.2,128,77.3,27.16,0.43,1.47,0.212,8.02,16.92,0.132,1.28
45.0,5.0,0.7,1.5,3.0,0.6,7200,0.8,151,78.1,32.03,0.61,2.18,0.212,5.0,19.95,0.132,1.66
45.0,5.0,0.7,1.5,4.5,0.6,7200,0.8,151,78.1,32.03,0.61,2.18,0.212,5.0,19.95,0.132,1.66
50.0,2.0,0.7,1.5,3.0,0.4,7200,0.2,125,80.0,26.48,0.39,1.57,0.212,9.13,16.48,0.132,1.34
50.0,2.0,0.7,1.5,4.5,0.4,7200,0.2,125,80.0,26.48,0.39,1.57,0.212,9.13,16.48,0.132,1.34
50.0,2.0,0.7,2.5,3.0,0.6,7200,0.2,125,80.0,26.45,0.39,1.57,0.212,9.25,16.45,0.132,1.34
50.0,2.0,0.7,2.5,3.0,0.8,7200,0.2,125,80.0,26.45,0.39,1.57,0.212,9.31,16.45,0.132,1.34
50.0,2.0,0.7,2.5,4.5,0.6,7200,0.2,125,80.0,26.45,0.39,1.57,0.212,9.25,16.45,0.132,1.34
50.0,2.0,0.7,2.5,4.5,0.8,7200,0.2,125,80.0,26.45,0.39,1.57,0.212,9.31,16.45,0.132,1.34
50.0,3.0,1.0,1.5,3.0,0.4,7200,0.4,97,77.3,20.59,0.42,1.42,0.212,9.18,12.83,0.132,1.25
50.0,3.0,1.0,1.5,4.5,0.4,7200,0.4,97,77.3,20.59,0.42,1.42,0.212,9.18,12.83,0.132,1.25
50.0,4.0,1.0,2.5,3.0,0.4,2400,0.4,116,76.7,24.62,0.52,1.73,0.212,8.82,15.34,0.132,1.42
50.0,4.0,1.0,2.5,4.5,0.4,2400,0.4,116,76.7,24.54,0.52,1.73,0.212,8.82,15.26,0.132,1.42
50.0,5.0,1.0,1.5,3.0,0.4,7200,0.4,68,85.3,14.43,0.24,1.41,0.212,14.26,8.99,0.132,1.25
50.0,5.0,1.0,1.5,4.5,0.4,7200,0.4,68,85.3,14.43,0.24,1.41,0.212,14.26,8.99,0.132,1.25
55.0,3.0,0.7,1.5,3.0,0.4,7200,0.2,73,86.3,15.47,0.24,1.52,0.212,8.58,9.63,0.132,1.31
55.0,3.0,0.7,1.5,3.0,0.8,14400,0.4,72,84.7,15.27,0.27,1.51,0.212,8.15,9.51,0.132,1.31
55.0,3.0,0.7,1.5,4.5,0.4,7200,0.2,73,86.3,15.47,0.24,1.52,0.212,8.58,9.63,0.132,1.31
55.0,3.0,0.7,1.5,4.5,0.8,14400,0.4,72,84.7,15.25,0.27,1.51,0.212,8.15,9.49,0.132,1.31
55.0,5.0,0.7,1.5,3.0,0.8,2400,0.2,61,91.8,12.93,0.15,1.65,0.212,9.15,8.05,0.132,1.39
55.0,5.0,0.7,1.5,3.0,0.8,3600,0.4,71,78.9,15.04,0.51,1.91,0.212,5.19,9.37,0.132,1.52
55.0,5.0,0.7,1.5,4.5,0.8,2400,0.2,61,91.8,12.93,0.15,1.65,0.212,9.15,8.05,0.132,1.39
55.0,5.0,0.7,1.5,4.5,0.8,3600,0.4,71,78.9,15.04,0.51,1.91,0.212,5.19,9.37,0.132,1.52
40.0,3.0,1.0,2.5,4.5,0.6,14400,0.2,122,79.5,25.76,0.35,1.34,0.211,13.99,16.0,0.131,1.21
40.0,3.0,1.5,2.5,4.5,0.6,,0.4,122,78.7,25.76,0.36,1.33,0.211,13.78,16.0,0.131,1.2
40.0,4.0,0.7,1.5,3.0,0.8,14400,0.4,123,87.0,25.93,0.22,1.49,0.211,10.32,16.09,0.131,1.3
40.0,5.0,1.5,2.5,3.0,0.8,3600,0.4,87,79.3,18.31,0.38,1.45,0.21,8.54,11.35,0.131,1.27
40.0,5.0,1.5,2.5,4.5,0.8,3600,0.4,87,79.3,18.31,0.38,1.45,0.21,8.54,11.35,0.131,1.27
45.0,4.0,1.5,2.5,3.0,0.4,2400,0.4,112,74.1,23.67,0.55,1.56,0.211,9.57,14.71,0.131,1.33
45.0,4.0,1.5,2.5,4.5,0.4,2400,0.4,112,74.1,23.58,0.55,1.56,0.211,9.57,14.62,0.131,1.33
45.0,5.0,0.7,1.5,3.0,0.4,14400,0.2,77,89.6,16.22,0.17,1.46,0.211,9.89,10.06,0.131,1.28
45.0,5.0,0.7,1.5,4.5,0.4,14400,0.2,77,89.6,16.22,0.17,1.46,0.211,9.89,10.06,0.131,1.28
45.0,5.0,1.5,2.5,3.0,0.4,14400,0.2,63,85.7,13.31,0.22,1.3,0.211,16.86,8.27,0.131,1.18
45.0,5.0,1.5,2.5,4.5,0.4,14400,0.2,63,85.7,13.31,0.22,1.3,0.211,16.86,8.27,0.131,1.18
50.0,5.0,0.7,2.5,3.0,0.8,1200,0.2,93,84.9,19.6,0.31,1.77,0.211,8.53,12.16,0.131,1.45
50.0,5.0,0.7,2.5,4.5,0.8,1200,0.2,93,84.9,19.6,0.31,1.77,0.211,8.53,12.16,0.131,1.45
55.0,2.0,1.0,2.5,3.0,0.4,2400,0.2,85,74.1,17.9,0.51,1.45,0.211,7.27,11.1,0.131,1.26
55.0,2.0,1.0,2.5,4.5,0.4,2400,0.2,85,74.1,17.9,0.51,1.45,0.211,7.27,11.1,0.131,1.26
55.0,5.0,0.7,1.5,3.0,0.6,3600,0.4,71,78.9,15.01,0.51,1.91,0.211,5.19,9.33,0.131,1.52
55.0,5.0,0.7,1.5,4.5,0.6,3600,0.4,71,78.9,15.01,0.51,1.91,0.211,5.19,9.33,0.131,1.52
55.0,5.0,0.7,2.5,3.0,0.6,3600,0.4,71,78.9,14.97,0.51,1.91,0.211,5.19,9.29,0.131,1.52
55.0,5.0,0.7,2.5,3.0,0.8,3600,0.4,71,78.9,15.0,0.51,1.91,0.211,5.19,9.32,0.131,1.52
55.0,5.0,0.7,2.5,4.5,0.6,3600,0.4,71,78.9,14.97,0.51,1.91,0.211,5.19,9.29,0.131,1.52
55.0,5.0,0.7,2.5,4.5,0.8,3600,0.4,71,78.9,15.0,0.51,1.91,0.211,5.19,9.32,0.131,1.52
40.0,3.0,1.0,2.5,3.0,0.6,14400,0.2,122,79.5,25.63,0.35,1.34,0.21,13.99,15.87,0.13,1.21
40.0,4.0,0.7,1.5,4.5,0.8,14400,0.4,123,87.0,25.84,0.22,1.49,0.21,10.32,16.0,0.13,1.3
40.0,5.0,0.7,2.5,4.5,0.6,14400,0.8,155,80.0,32.62,0.42,1.68,0.21,10.0,20.22,0.13,1.4
45.0,4.0,1.5,2.5,3.0,0.6,7200,0.8,152,70.4,31.92,0.7,1.68,0.21,12.06,19.76,0.13,1.38
45.0,4.0,1.5,2.5,4.5,0.6,7200,0.8,152,70.4,31.92,0.7,1.68,0.21,12.06,19.76,0.13,1.38
45.0,5.0,1.0,1.5,3.0,0.4,3600,0.4,98,76.5,20.62,0.46,1.49,0.21,9.73,12.78,0.13,1.29
45.0,5.0,1.0,1.5,4.5,0.4,3600,0.4,98,76.5,20.54,0.46,1.49,0.21,9.73,12.7,0.13,1.29
50.0,3.0,1.0,2.5,3.0,0.6,14400,0.8,102,72.5,21.42,0.55,1.46,0.21,11.66,13.26,0.13,1.27
50.0,3.0,1.0,2.5,3.0,0.8,7200,0.4,97,77.3,20.39,0.42,1.42,0.21,9.35,12.63,0.13,1.25
50.0,3.0,1.0,2.5,3.0,0.8,14400,0.8,102,72.5,21.47,0.55,1.46,0.21,11.71,13.31,0.13,1.27
50.0,3.0,1.0,2.5,4.5,0.6,14400,0.8,102,72.5,21.4,0.55,1.45,0.21,11.66,13.24,0.13,1.27
50.0,3.0,1.0,2.5,4.5,0.8,7200,0.4,97,77.3,20.39,0.42,1.42,0.21,9.35,12.63,0.13,1.25
50.0,3.0,1.0,2.5,4.5,0.8,14400,0.8,102,72.5,21.45,0.55,1.46,0.21,11.71,13.29,0.13,1.27
50.0,4.0,1.0,1.5,3.0,0.4,2400,0.4,116,76.7,24.37,0.52,1.72,0.21,8.82,15.09,0.13,1.41
50.0,4.0,1.5,2.5,3.0,0.8,1200,0.4,168,72.0,35.3,0.89,2.29,0.21,8.0,21.86,0.13,1.68
50.0,4.0,1.5,2.5,3.0,0.8,14400,0.4,70,81.4,14.67,0.3,1.33,0.21,15.15,9.07,0.13,1.2
50.0,5.0,0.7,2.5,3.0,0.6,1200,0.2,93,84.9,19.54,0.31,1.77,0.21,8.63,12.1,0.13,1.45
50.0,5.0,0.7,2.5,4.5,0.6,1200,0.2,93,84.9,19.54,0.31,1.77,0.21,8.63,12.1,0.13,1.45
50.0,5.0,1.0,1.5,3.0,0.4,14400,0.8,74,81.1,15.5,0.33,1.43,0.209,14.13,9.58,0.13,1.26
50.0,5.0,1.0,1.5,4.5,0.4,14400,0.8,74,81.1,15.5,0.33,1.43,0.209,14.13,9.58,0.13,1.26
55.0,2.0,1.5,2.5,3.0,0.6,2400,0.2,85,74.1,17.89,0.51,1.45,0.21,7.37,11.09,0.13,1.26
55.0,2.0,1.5,2.5,4.5,0.6,2400,0.2,85,74.1,17.89,0.51,1.45,0.21,7.37,11.09,0.13,1.26
55.0,3.0,0.7,1.5,3.0,0.4,14400,0.4,72,84.7,15.11,0.27,1.5,0.21,7.97,9.36,0.13,1.3
55.0,3.0,0.7,1.5,4.5,0.4,14400,0.4,72,84.7,15.11,0.27,1.5,0.21,7.97,9.36,0.13,1.3
55.0,3.0,0.7,2.5,3.0,0.4,3600,0.2,75,84.0,15.77,0.29,1.52,0.21,8.58,9.77,0.13,1.31
55.0,3.0,0.7,2.5,4.5,0.4,3600,0.2,75,84.0,15.77,0.29,1.52,0.21,8.58,9.77,0.13,1.31
55.0,5.0,0.7,1.5,3.0,0.6,2400,0.2,61,91.8,12.81,0.15,1.64,0.21,9.32,7.93,0.13,1.39
55.0,5.0,0.7,1.5,4.5,0.6,2400,0.2,61,91.8,12.81,0.15,1.64,0.21,9.32,7.93,0.13,1.39
40.0,3.0,1.0,2.5,4.5,0.6,14400,0.4,128,79.7,26.8,0.35,1.36,0.209,13.99,16.56,0.129,1.21
40.0,4.0,1.5,2.5,3.0,0.4,2400,0.4,125,78.4,26.18,0.41,1.49,0.209,9.57,16.18,0.129,1.29
40.0,4.0,1.5,2.5,4.5,0.4,2400,0.4,125,78.4,26.09,0.41,1.49,0.209,9.57,16.09,0.129,1.29
40.0,5.0,0.7,2.5,3.0,0.4,14400,0.8,155,80.0,32.44,0.42,1.67,0.209,10.0,20.04,0.129,1.4
40.0,5.0,1.0,2.5,3.0,0.4,3600,0.4,96,81.2,20.08,0.34,1.49,0.209,8.94,12.39,0.129,1.29
40.0,5.0,1.0,2.5,4.5,0.4,3600,0.4,96,81.2,20.08,0.34,1.49,0.209,8.94,12.39,0.129,1.29
45.0,3.0,1.0,2.5,3.0,0.6,1200,0.2,128,77.3,26.69,0.43,1.46,0.209,8.02,16.45,0.129,1.27
45.0,3.0,1.0,2.5,4.5,0.6,1200,0.2,128,77.3,26.69,0.43,1.46,0.209,8.02,16.45,0.129,1.27
45.0,5.0,0.7,2.5,3.0,0.8,14400,0.2,77,89.6,16.13,0.17,1.46,0.209,10.31,9.97,0.129,1.28
45.0,5.0,0.7,2.5,4.5,0.8,14400,0.2,77,89.6,16.13,0.17,1.46,0.209,10.31,9.97,0.129,1.28
50.0,2.0,0.7,2.5,3.0,0.6,14400,0.4,125,79.2,26.12,0.42,1.59,0.209,10.18,16.12,0.129,1.35
50.0,2.0,0.7,2.5,4.5,0.6,14400,0.4,125,79.2,26.1,0.42,1.59,0.209,10.18,16.1,0.129,1.35
50.0,2.0,1.5,2.5,3.0,0.8,3600,0.4,114,68.4,23.85,0.71,1.55,0.209,6.83,14.73,0.129,1.32
50.0,4.0,1.0,1.5,4.5,0.4,2400,0.4,116,76.7,24.28,0.52,1.72,0.209,8.82,15.0,0.129,1.41
50.0,4.0,1.5,2.5,4.5,0.8,1200,0.4,168,72.0,35.06,0.88,2.28,0.209,8.0,21.62,0.129,1.67
50.0,5.0,0.7,1.5,3.0,0.4,1200,0.2,93,84.9,19.47,0.31,1.76,0.209,8.51,12.03,0.129,1.44
50.0,5.0,0.7,1.5,4.5,0.4,1200,0.2,93,84.9,19.47,0.31,1.76,0.209,8.51,12.03,0.129,1.44
50.0,5.0,1.0,2.5,3.0,0.8,7200,0.4,68,85.3,14.21,0.24,1.4,0.209,14.43,8.77,0.129,1.24
50.0,5.0,1.0,2.5,4.5,0.8,7200,0.4,68,85.3,14.21,0.24,1.4,0.209,14.43,8.77,0.129,1.24
55.0,4.0,1.0,2.5,3.0,0.4,1200,0.4,121,76.9,25.3,0.73,2.42,0.209,4.09,15.62,0.129,1.75
40.0,3.0,1.0,2.5,3.0,0.6,14400,0.4,128,79.7,26.66,0.35,1.35,0.208,13.99,16.42,0.128,1.21
40.0,5.0,0.7,2.5,4.5,0.4,14400,0.8,155,80.0,32.29,0.42,1.67,0.208,10.0,19.89,0.128,1.39
45.0,3.0,1.0,2.5,3.0,0.6,2400,0.2,110,80.0,22.88,0.34,1.38,0.208,8.02,14.08,0.128,1.23
45.0,3.0,1.0,2.5,3.0,0.8,2400,0.2,110,80.0,22.86,0.34,1.38,0.208,8.02,14.06,0.128,1.23
45.0,3.0,1.0,2.5,4.5,0.6,2400,0.2,110,80.0,22.88,0.34,1.38,0.208,8.02,14.08,0.128,1.23
45.0,3.0,1.0,2.5,4.5,0.8,2400,0.2,110,80.0,22.86,0.34,1.38,0.208,8.02,14.06,0.128,1.23
45.0,5.0,1.0,2.5,3.0,0.8,3600,0.4,98,76.5,20.35,0.46,1.49,0.208,9.73,12.51,0.128,1.28
50.0,2.0,0.7,1.5,3.0,0.4,14400,0.4,125,79.2,26.02,0.42,1.59,0.208,10.06,16.02,0.128,1.34
50.0,2.0,0.7,1.5,4.5,0.4,14400,0.4,125,79.2,26.02,0.42,1.59,0.208,10.06,16.02,0.128,1.34
50.0,3.0,1.0,2.5,3.0,0.6,7200,0.4,97,77.3,20.2,0.42,1.42,0.208,9.3,12.43,0.128,1.25
50.0,3.0,1.0,2.5,4.5,0.6,7200,0.4,97,77.3,20.2,0.42,1.42,0.208,9.3,12.43,0.128,1.25
50.0,4.0,1.0,2.5,3.0,0.8,2400,0.4,116,76.7,24.16,0.52,1.71,0.208,8.77,14.88,0.128,1.41
50.0,4.0,1.5,2.5,4.5,0.8,14400,0.4,70,81.4,14.59,0.3,1.33,0.208,15.15,8.99,0.128,1.2
55.0,3.0,0.7,1.5,3.0,0.6,14400,0.2,71,85.9,14.74,0.24,1.49,0.208,8.09,9.06,0.128,1.29
55.0,3.0,0.7,1.5,3.0,0.8,7200,0.2,73,86.3,15.19,0.24,1.51,0.208,8.76,9.35,0.128,1.3
55.0,3.0,0.7,1.5,4.5,0.8,7200,0.2,73,86.3,15.19,0.24,1.51,0.208,8.76,9.35,0.128,1.3
55.0,3.0,0.7,2.5,3.0,0.6,3600,0.2,75,84.0,15.6,0.29,1.52,0.208,8.7,9.6,0.128,1.31
55.0,3.0,0.7,2.5,3.0,0.8,3600,0.2,75,84.0,15.58,0.29,1.52,0.208,8.67,9.58,0.128,1.31
55.0,3.0,0.7,2.5,4.5,0.6,3600,0.2,75,84.0,15.6,0.29,1.52,0.208,8.7,9.6,0.128,1.31
55.0,3.0,0.7,2.5,4.5,0.8,3600,0.2,75,84.0,15.58,0.29,1.52,0.208,8.67,9.58,0.128,1.31
55.0,4.0,1.0,2.5,4.5,0.4,1200,0.4,121,76.9,25.21,0.73,2.41,0.208,4.09,15.53,0.128,1.74
45.0,3.0,1.0,1.5,3.0,0.8,2400,0.2,110,80.0,22.73,0.34,1.38,0.207,8.02,13.93,0.127,1.22
45.0,3.0,1.0,1.5,4.5,0.8,2400,0.2,110,80.0,22.73,0.34,1.38,0.207,8.02,13.93,0.127,1.22
45.0,3.0,1.0,2.5,3.0,0.8,1200,0.2,128,77.3,26.51,0.43,1.46,0.207,8.02,16.27,0.127,1.27
45.0,3.0,1.0,2.5,4.5,0.8,1200,0.2,128,77.3,26.51,0.43,1.46,0.207,8.02,16.27,0.127,1.27
45.0,5.0,1.0,2.5,3.0,0.6,3600,0.4,98,76.5,20.25,0.45,1.48,0.207,9.73,12.41,0.127,1.28
45.0,5.0,1.5,2.5,3.0,0.8,1200,0.2,80,77.5,16.58,0.41,1.41,0.207,17.56,10.18,0.127,1.24
45.0,5.0,1.5,2.5,4.5,0.8,1200,0.2,80,77.5,16.58,0.41,1.41,0.207,17.56,10.18,0.127,1.24
50.0,2.0,1.5,2.5,4.5,0.8,3600,0.4,114,68.4,23.61,0.71,1.54,0.207,6.83,14.49,0.127,1.31
50.0,3.0,1.0,1.5,3.0,0.8,7200,0.4,97,77.3,20.05,0.41,1.41,0.207,9.35,12.28,0.127,1.24
50.0,3.0,1.0,1.5,4.5,0.8,7200,0.4,97,77.3,20.05,0.41,1.41,0.207,9.35,12.28,0.127,1.24
50.0,4.0,1.0,2.5,3.0,0.6,2400,0.4,116,76.7,24.0,0.52,1.71,0.207,8.94,14.72,0.127,1.4
50.0,4.0,1.0,2.5,4.5,0.8,2400,0.4,116,76.7,23.97,0.52,1.71,0.207,8.77,14.69,0.127,1.4
50.0,5.0,0.7,1.5,3.0,0.8,1200,0.2,93,84.9,19.25,0.31,1.75,0.207,8.53,11.81,0.127,1.44
50.0,5.0,0.7,1.5,4.5,0.8,1200,0.2,93,84.9,19.25,0.31,1.75,0.207,8.53,11.81,0.127,1.44
55.0,3.0,0.7,1.5,4.5,0.6,14400,0.2,71,85.9,14.72,0.24,1.49,0.207,8.09,9.04,0.127,1.29
55.0,4.0,0.7,2.5,3.0,0.4,14400,0.8,71,77.5,14.67,0.48,1.66,0.207,7.17,8.99,0.127,1.38
55.0,4.0,0.7,2.5,4.5,0.4,14400,0.8,71,77.5,14.67,0.48,1.66,0.207,7.17,8.99,0.127,1.38
55.0,4.0,1.0,2.5,3.0,0.4,1200,0.2,61,78.7,12.6,0.39,1.45,0.207,9.07,7.72,0.127,1.26
55.0,4.0,1.0,2.5,3.0,0.6,1200,0.4,121,76.9,25.07,0.72,2.41,0.207,4.09,15.39,0.127,1.74
55.0,4.0,1.0,2.5,3.0,0.8,1200,0.4,121,76.9,25.04,0.72,2.4,0.207,4.09,15.36,0.127,1.73
55.0,4.0,1.0,2.5,4.5,0.4,1200,0.2,61,78.7,12.6,0.39,1.45,0.207,9.07,7.72,0.127,1.26
40.0,3.0,1.0,2.5,3.0,0.6,,0.4,123,78.9,25.34,0.36,1.32,0.206,13.98,15.5,0.126,1.19
45.0,3.0,1.0,1.5,3.0,0.6,1200,0.2,128,77.3,26.42,0.43,1.46,0.206,8.02,16.18,0.126,1.27
45.0,3.0,1.0,1.5,3.0,0.6,2400,0.2,110,80.0,22.68,0.34,1.38,0.206,8.02,13.88,0.126,1.22
45.0,3.0,1.0,1.5,3.0,0.8,1200,0.2,128,77.3,26.31,0.43,1.46,0.206,8.02,16.07,0.126,1.27
45.0,3.0,1.0,1.5,4.5,0.6,1200,0.2,128,77.3,26.42,0.43,1.46,0.206,8.02,16.18,0.126,1.27
45.0,3.0,1.0,1.5,4.5,0.6,2400,0.2,110,80.0,22.68,0.34,1.38,0.206,8.02,13.88,0.126,1.22
45.0,3.0,1.0,1.5,4.5,0.8,1200,0.2,128,77.3,26.31,0.43,1.46,0.206,8.02,16.07,0.126,1.27
45.0,3.0,1.0,2.5,3.0,0.4,7200,0.4,120,78.3,24.73,0.39,1.41,0.206,8.03,15.13,0.126,1.24
45.0,3.0,1.0,2.5,4.5,0.4,7200,0.4,120,78.3,24.73,0.39,1.41,0.206,8.03,15.13,0.126,1.24
45.0,4.0,1.0,1.5,3.0,0.6,7200,0.2,76,84.2,15.68,0.25,1.33,0.206,13.19,9.6,0.126,1.2
45.0,4.0,1.0,1.5,4.5,0.6,7200,0.2,76,84.2,15.68,0.25,1.33,0.206,13.19,9.6,0.126,1.2
45.0,5.0,1.0,2.5,4.5,0.8,3600,0.4,98,76.5,20.16,0.45,1.48,0.206,9.73,12.32,0.126,1.28
50.0,2.0,0.7,1.5,3.0,0.6,14400,0.4,125,79.2,25.72,0.41,1.58,0.206,10.18,15.72,0.126,1.34
50.0,2.0,0.7,1.5,3.0,0.8,7200,0.2,125,80.0,25.69,0.39,1.56,0.206,9.31,15.69,0.126,1.33
50.0,2.0,0.7,1.5,4.5,0.6,14400,0.4,125,79.2,25.7,0.41,1.58,0.206,10.18,15.7,0.126,1.34
50.0,2.0,0.7,1.5,4.5,0.8,7200,0.2,125,80.0,25.69,0.39,1.56,0.206,9.31,15.69,0.126,1.33
50.0,2.0,0.7,2.5,3.0,0.8,14400,0.4,125,79.2,25.76,0.41,1.58,0.206,10.24,15.76,0.126,1.34
50.0,2.0,0.7,2.5,4.5,0.8,14400,0.4,125,79.2,25.74,0.41,1.58,0.206,10.24,15.74,0.126,1.34
50.0,3.0,0.7,2.5,3.0,0.4,7200,0.2,111,85.6,22.83,0.25,1.51,0.206,9.19,13.95,0.126,1.3
50.0,3.0,0.7,2.5,4.5,0.4,7200,0.2,111,85.6,22.83,0.25,1.51,0.206,9.19,13.95,0.126,1.3
50.0,4.0,1.0,1.5,3.0,0.8,2400,0.4,116,76.7,23.9,0.52,1.71,0.206,8.77,14.62,0.126,1.4
50.0,4.0,1.0,2.5,3.0,0.4,1200,0.4,167,73.7,34.44,0.81,2.27,0.206,8.0,21.08,0.126,1.67
50.0,4.0,1.0,2.5,4.5,0.4,1200,0.4,167,73.7,34.35,0.81,2.27,0.206,8.0,20.99,0.126,1.66
50.0,4.0,1.0,2.5,4.5,0.6,2400,0.4,116,76.7,23.86,0.52,1.71,0.206,8.94,14.58,0.126,1.4
50.0,5.0,0.7,1.5,3.0,0.6,1200,0.2,93,84.9,19.19,0.31,1.75,0.206,8.63,11.75,0.126,1.43
50.0,5.0,0.7,1.5,4.5,0.6,1200,0.2,93,84.9,19.19,0.31,1.75,0.206,8.63,11.75,0.126,1.43
50.0,5.0,1.0,2.5,3.0,0.6,7200,0.4,68,85.3,14.01,0.24,1.4,0.206,14.38,8.57,0.126,1.24
50.0,5.0,1.0,2.5,4.5,0.6,7200,0.4,68,85.3,14.01,0.24,1.4,0.206,14.38,8.57,0.126,1.24
55.0,2.0,1.0,1.5,3.0,0.4,2400,0.2,85,74.1,17.5,0.5,1.44,0.206,7.27,10.7,0.126,1.26
55.0,2.0,1.0,1.5,4.5,0.4,2400,0.2,85,74.1,17.5,0.5,1.44,0.206,7.27,10.7,0.126,1.26
55.0,2.0,1.5,2.5,3.0,0.4,3600,0.4,90,68.9,18.51,0.7,1.56,0.206,6.0,11.31,0.126,1.32
55.0,2.0,1.5,2.5,3.0,0.8,3600,0.4,88,69.3,18.14,0.68,1.55,0.206,6.1,11.1,0.126,1.31
55.0,3.0,0.7,1.5,3.0,0.6,7200,0.2,73,86.3,15.0,0.24,1.5,0.205,8.7,9.16,0.126,1.3
55.0,3.0,0.7,1.5,4.5,0.6,7200,0.2,73,86.3,15.0,0.24,1.5,0.205,8.7,9.16,0.126,1.3
55.0,4.0,1.0,1.5,3.0,0.4,1200,0.4,121,76.9,24.96,0.72,2.4,0.206,4.09,15.29,0.126,1.73
55.0,4.0,1.0,1.5,4.5,0.4,1200,0.4,121,76.9,24.88,0.72,2.4,0.206,4.09,15.2,0.126,1.73
55.0,4.0,1.0,2.5,4.5,0.6,1200,0.4,121,76.9,24.94,0.72,2.4,0.206,4.09,15.26,0.126,1.73
40.0,4.0,1.5,2.5,3.0,0.8,7200,0.4,110,79.1,22.54,0.37,1.4,0.205,11.0,13.75,0.125,1.23
40.0,4.0,1.5,2.5,4.5,0.8,7200,0.4,110,79.1,22.54,0.37,1.4,0.205,11.0,13.75,0.125,1.23
40.0,5.0,1.0,1.5,3.0,0.4,3600,0.4,96,81.2,19.68,0.34,1.48,0.205,8.94,12.0,0.125,1.28
40.0,5.0,1.0,1.5,4.5,0.4,3600,0.4,96,81.2,19.68,0.34,1.48,0.205,8.94,12.0,0.125,1.28
45.0,4.0,1.5,2.5,3.0,0.8,7200,0.8,157,72.6,32.13,0.63,1.68,0.205,12.06,19.56,0.125,1.38
45.0,4.0,1.5,2.5,4.5,0.8,7200,0.8,157,72.6,32.13,0.63,1.68,0.205,12.06,19.56,0.125,1.38
45.0,5.0,0.7,1.5,3.0,0.6,14400,0.2,77,89.6,15.81,0.17,1.45,0.205,10.13,9.65,0.125,1.27
45.0,5.0,0.7,1.5,3.0,0.8,14400,0.2,77,89.6,15.8,0.17,1.45,0.205,10.31,9.64,0.125,1.27
45.0,5.0,0.7,1.5,4.5,0.6,14400,0.2,77,89.6,15.81,0.17,1.45,0.205,10.13,9.65,0.125,1.27
45.0,5.0,0.7,1.5,4.5,0.8,14400,0.2,77,89.6,15.8,0.17,1.45,0.205,10.31,9.64,0.125,1.27
45.0,5.0,1.0,1.5,3.0,0.8,3600,0.4,98,76.5,20.05,0.45,1.48,0.205,9.73,12.21,0.125,1.28
45.0,5.0,1.0,2.5,4.5,0.6,3600,0.4,98,76.5,20.11,0.45,1.48,0.205,9.73,12.27,0.125,1.28
50.0,2.0,0.7,1.5,3.0,0.6,7200,0.2,125,80.0,25.65,0.39,1.56,0.205,9.25,15.65,0.125,1.33
50.0,2.0,0.7,1.5,4.5,0.6,7200,0.2,125,80.0,25.65,0.39,1.56,0.205,9.25,15.65,0.125,1.33
50.0,3.0,1.0,1.5,3.0,0.6,14400,0.8,102,72.5,20.95,0.55,1.45,0.205,11.66,12.79,0.125,1.26
50.0,3.0,1.0,1.5,4.5,0.6,14400,0.8,102,72.5,20.93,0.55,1.44,0.205,11.66,12.77,0.125,1.26
50.0,4.0,0.7,2.5,3.0,0.4,2400,0.2,93,88.2,19.04,0.21,1.59,0.205,13.86,11.6,0.125,1.35
50.0,4.0,0.7,2.5,4.5,0.4,2400,0.2,93,88.2,19.04,0.21,1.59,0.205,13.86,11.6,0.125,1.35
50.0,4.0,1.0,1.5,3.0,0.6,2400,0.4,116,76.7,23.75,0.52,1.7,0.205,8.94,14.47,0.125,1.4
50.0,4.0,1.0,2.5,3.0,0.6,1200,0.4,167,73.7,34.25,0.81,2.27,0.205,8.0,20.89,0.125,1.66
50.0,4.0,1.0,2.5,3.0,0.8,1200,0.4,167,73.7,34.25,0.81,2.27,0.205,8.0,20.89,0.125,1.66
55.0,2.0,1.0,2.5,3.0,0.6,2400,0.2,85,74.1,17.39,0.5,1.43,0.205,7.39,10.59,0.125,1.25
55.0,2.0,1.0,2.5,4.5,0.6,2400,0.2,85,74.1,17.39,0.5,1.43,0.205,7.39,10.59,0.125,1.25
55.0,2.0,1.5,2.5,4.5,0.4,3600,0.4,90,68.9,18.43,0.7,1.56,0.205,6.0,11.23,0.125,1.32
55.0,3.0,0.7,1.5,3.0,0.4,3600,0.2,75,84.0,15.4,0.29,1.51,0.205,8.58,9.4,0.125,1.3
55.0,3.0,0.7,1.5,4.5,0.4,3600,0.2,75,84.0,15.4,0.29,1.51,0.205,8.58,9.4,0.125,1.3
55.0,4.0,1.0,2.5,4.5,0.8,1200,0.4,121,76.9,24.85,0.72,2.39,0.205,4.09,15.18,0.125,1.73
40.0,3.0,1.5,2.5,4.5,0.6,14400,0.4,129,78.3,26.32,0.37,1.32,0.204,13.52,15.99,0.124,1.19
45.0,4.0,1.5,2.5,3.0,0.6,1200,0.2,89,78.7,18.16,0.38,1.41,0.204,13.26,11.04,0.124,1.24
45.0,4.0,1.5,2.5,4.5,0.6,1200,0.2,89,78.7,18.16,0.38,1.41,0.204,13.26,11.04,0.124,1.24
45.0,5.0,1.0,1.5,3.0,0.6,3600,0.4,98,76.5,19.95,0.45,1.48,0.204,9.73,12.11,0.124,1.27
50.0,3.0,1.0,1.5,3.0,0.8,14400,0.8,102,72.5,20.76,0.55,1.44,0.204,11.71,12.6,0.124,1.26
50.0,4.0,1.0,1.5,3.0,0.4,1200,0.4,167,73.7,34.07,0.81,2.26,0.204,8.0,20.71,0.124,1.66
50.0,4.0,1.0,1.5,4.5,0.4,1200,0.4,167,73.7,33.99,0.81,2.26,0.204,8.0,20.63,0.124,1.65
50.0,4.0,1.0,1.5,4.5,0.6,2400,0.4,116,76.7,23.61,0.52,1.7,0.204,8.94,14.33,0.124,1.39
50.0,4.0,1.0,1.5,4.5,0.8,2400,0.4,116,76.7,23.72,0.52,1.7,0.204,8.77,14.44,0.124,1.4
50.0,4.0,1.0,2.5,4.5,0.6,1200,0.4,167,73.7,34.11,0.81,2.26,0.204,8.0,20.75,0.124,1.66
50.0,4.0,1.0,2.5,4.5,0.8,1200,0.4,167,73.7,34.06,0.81,2.26,0.204,8.0,20.7,0.124,1.66
55.0,2.0,1.0,2.5,3.0,0.8,2400,0.2,85,74.1,17.37,0.5,1.43,0.204,7.22,10.57,0.124,1.25
55.0,2.0,1.0,2.5,4.5,0.8,2400,0.2,85,74.1,17.37,0.5,1.43,0.204,7.22,10.57,0.124,1.25
55.0,2.0,1.5,2.5,3.0,0.8,2400,0.2,83,73.5,16.92,0.51,1.42,0.204,7.66,10.28,0.124,1.25
55.0,2.0,1.5,2.5,3.0,0.8,14400,0.8,94,68.1,19.15,0.7,1.5,0.204,7.66,11.63,0.124,1.29
55.0,3.0,1.5,2.5,3.0,0.8,7200,0.8,95,71.6,19.34,0.69,1.73,0.204,6.8,11.74,0.124,1.4
55.0,4.0,1.0,1.5,3.0,0.6,1200,0.4,121,76.9,24.74,0.72,2.39,0.204,4.09,15.06,0.124,1.72
55.0,4.0,1.0,1.5,3.0,0.8,1200,0.4,121,76.9,24.71,0.72,2.39,0.204,4.09,15.03,0.124,1.72
40.0,3.0,0.7,1.5,3.0,0.6,,0.4,123,78.9,25.01,0.37,1.39,0.203,12.45,15.17,0.123,1.23
40.0,3.0,1.5,2.5,3.0,0.4,,0.4,119,78.2,24.19,0.37,1.31,0.203,13.66,14.68,0.123,1.18
40.0,3.0,1.5,2.5,3.0,0.6,7200,0.2,122,78.7,24.75,0.36,1.32,0.203,13.52,14.99,0.123,1.19
40.0,3.0,1.5,2.5,3.0,0.6,14400,0.4,129,78.3,26.18,0.37,1.32,0.203,13.52,15.86,0.123,1.19
40.0,3.0,1.5,2.5,4.5,0.4,,0.4,119,78.2,24.19,0.37,1.31,0.203,13.66,14.67,0.123,1.18
40.0,3.0,1.5,2.5,4.5,0.6,7200,0.2,122,78.7,24.75,0.36,1.32,0.203,13.52,14.99,0.123,1.19
40.0,3.0,1.5,2.5,4.5,0.6,14400,0.8,162,71.0,32.86,0.6,1.46,0.203,10.99,19.9,0.123,1.27
40.0,4.0,1.0,1.5,4.5,0.6,14400,0.2,90,83.3,18.28,0.26,1.3,0.203,11.78,11.08,0.123,1.18
40.0,5.0,1.0,2.5,3.0,0.6,3600,0.4,96,81.2,19.48,0.34,1.47,0.203,8.94,11.8,0.123,1.28
40.0,5.0,1.0,2.5,4.5,0.6,3600,0.4,96,81.2,19.48,0.34,1.47,0.203,8.94,11.8,0.123,1.28
45.0,5.0,0.7,2.5,3.0,0.6,14400,0.2,77,89.6,15.64,0.17,1.44,0.203,10.13,9.48,0.123,1.26
45.0,5.0,0.7,2.5,4.5,0.6,14400,0.2,77,89.6,15.64,0.17,1.44,0.203,10.13,9.48,0.123,1.26
45.0,5.0,1.0,1.5,4.5,0.8,3600,0.4,98,76.5,19.87,0.45,1.47,0.203,9.73,12.03,0.123,1.27
45.0,5.0,1.5,2.5,3.0,0.8,2400,0.4,130,73.8,26.38,0.6,1.7,0.203,10.08,15.98,0.123,1.39
50.0,2.0,1.0,2.5,3.0,0.4,1200,0.2,112,70.5,22.7,0.61,1.47,0.203,9.3,13.75,0.123,1.27
50.0,2.0,1.0,2.5,4.5,0.4,1200,0.2,112,70.5,22.7,0.61,1.47,0.203,9.3,13.75,0.123,1.27
50.0,3.0,1.0,1.5,3.0,0.6,7200,0.4,97,77.3,19.7,0.41,1.41,0.203,9.3,11.94,0.123,1.24
50.0,3.0,1.0,1.5,4.5,0.6,7200,0.4,97,77.3,19.7,0.41,1.41,0.203,9.3,11.94,0.123,1.24
50.0,3.0,1.0,1.5,4.5,0.8,14400,0.8,102,72.5,20.74,0.55,1.44,0.203,11.71,12.58,0.123,1.25
50.0,4.0,1.0,1.5,3.0,0.6,1200,0.4,167,73.7,33.88,0.81,2.25,0.203,8.0,20.52,0.123,1.65
50.0,4.0,1.0,1.5,3.0,0.8,1200,0.4,167,73.7,33.88,0.81,2.25,0.203,8.0,20.52,0.123,1.65
50.0,5.0,1.0,1.5,3.0,0.8,7200,0.4,68,85.3,13.79,0.24,1.39,0.203,14.43,8.35,0.123,1.23
50.0,5.0,1.0,1.5,4.5,0.8,7200,0.4,68,85.3,13.79,0.24,1.39,0.203,14.43,8.35,0.123,1.23
55.0,2.0,1.5,2.5,3.0,0.6,,0.4,78,73.1,15.86,0.51,1.38,0.203,8.01,9.62,0.123,1.22
55.0,2.0,1.5,2.5,4.5,0.8,2400,0.2,83,73.5,16.87,0.51,1.42,0.203,7.66,10.23,0.123,1.24
55.0,2.0,1.5,2.5,4.5,0.8,3600,0.4,88,69.3,17.9,0.68,1.54,0.203,6.1,10.86,0.123,1.31
55.0,2.0,1.5,2.5,4.5,0.8,14400,0.8,94,68.1,19.07,0.7,1.5,0.203,7.66,11.55,0.123,1.28
55.0,3.0,0.7,1.5,3.0,0.6,3600,0.2,75,84.0,15.23,0.29,1.51,0.203,8.7,9.23,0.123,1.3
55.0,3.0,0.7,1.5,3.0,0.6,14400,0.4,72,84.7,14.63,0.27,1.48,0.203,8.09,8.87,0.123,1.29
55.0,3.0,0.7,1.5,3.0,0.8,3600,0.2,75,84.0,15.22,0.29,1.51,0.203,8.67,9.22,0.123,1.3
55.0,3.0,0.7,1.5,4.5,0.6,3600,0.2,75,84.0,15.23,0.29,1.51,0.203,8.7,9.23,0.123,1.3
55.0,3.0,0.7,1.5,4.5,0.6,14400,0.4,72,84.7,14.6,0.27,1.48,0.203,8.09,8.85,0.123,1.28
55.0,3.0,0.7,1.5,4.5,0.8,3600,0.2,75,84.0,15.22,0.29,1.51,0.203,8.67,9.22,0.123,1.3
55.0,3.0,1.5,2.5,4.5,0.8,7200,0.8,95,71.6,19.29,0.68,1.73,0.203,6.8,11.69,0.123,1.4
55.0,4.0,0.7,2.5,3.0,0.6,14400,0.8,71,77.5,14.41,0.48,1.65,0.203,7.29,8.73,0.123,1.37
55.0,4.0,0.7,2.5,4.5,0.6,14400,0.8,71,77.5,14.39,0.48,1.65,0.203,7.29,8.71,0.123,1.37
55.0,4.0,1.0,1.5,4.5,0.6,1200,0.4,121,76.9,24.6,0.72,2.38,0.203,4.09,14.92,0.123,1.71
55.0,4.0,1.0,1.5,4.5,0.8,1200,0.4,121,76.9,24.52,0.72,2.38,0.203,4.09,14.84,0.123,1.71
40.0,3.0,1.0,1.5,4.5,0.6,14400,0.2,122,79.5,24.63,0.34,1.33,0.202,13.99,14.87,0.122,1.19
40.0,3.0,1.5,2.5,3.0,0.6,14400,0.8,162,71.0,32.8,0.6,1.46,0.202,10.99,19.84,0.122,1.26
40.0,4.0,1.0,1.5,3.0,0.6,14400,0.2,90,83.3,18.15,0.26,1.3,0.202,11.78,10.95,0.122,1.18
40.0,5.0,0.7,1.5,3.0,0.4,14400,0.8,155,80.0,31.31,0.41,1.65,0.202,10.0,18.91,0.122,1.37
40.0,5.0,0.7,1.5,3.0,0.6,14400,0.8,155,80.0,31.24,0.41,1.65,0.202,10.0,18.84,0.122,1.37
45.0,2.0,1.5,2.5,3.0,0.8,7200,0.2,126,73.0,25.46,0.51,1.37,0.202,10.98,15.38,0.122,1.22
45.0,2.0,1.5,2.5,4.5,0.8,7200,0.2,126,73.0,25.46,0.51,1.37,0.202,10.98,15.38,0.122,1.22
45.0,3.0,1.0,1.5,3.0,0.4,7200,0.4,120,78.3,24.18,0.39,1.4,0.201,8.03,14.58,0.122,1.23
45.0,3.0,1.0,1.5,4.5,0.4,7200,0.4,120,78.3,24.18,0.39,1.4,0.201,8.03,14.58,0.122,1.23
45.0,3.0,1.0,2.5,3.0,0.8,7200,0.4,120,78.3,24.23,0.39,1.4,0.202,8.05,14.63,0.122,1.23
45.0,3.0,1.0,2.5,4.5,0.8,7200,0.4,120,78.3,24.23,0.39,1.4,0.202,8.05,14.63,0.122,1.23
45.0,5.0,0.7,2.5,3.0,0.4,14400,0.4,84,88.1,16.95,0.2,1.45,0.202,9.89,10.23,0.122,1.26
45.0,5.0,0.7,2.5,4.5,0.4,14400,0.4,84,88.1,16.95,0.2,1.45,0.202,9.89,10.23,0.122,1.26
45.0,5.0,1.0,1.5,4.5,0.6,3600,0.4,98,76.5,19.81,0.45,1.47,0.202,9.73,11.97,0.122,1.27
45.0,5.0,1.0,2.5,3.0,0.4,1200,0.4,166,70.5,33.58,0.89,2.12,0.202,5.27,20.3,0.122,1.59
45.0,5.0,1.0,2.5,4.5,0.4,1200,0.4,166,70.5,33.5,0.89,2.12,0.202,5.27,20.22,0.122,1.58
50.0,4.0,1.0,1.5,4.5,0.6,1200,0.4,167,73.7,33.75,0.8,2.25,0.202,8.0,20.39,0.122,1.65
50.0,4.0,1.0,1.5,4.5,0.8,1200,0.4,167,73.7,33.7,0.8,2.25,0.202,8.0,20.34,0.122,1.64
55.0,2.0,1.5,2.5,4.5,0.6,,0.4,78,73.1,15.76,0.51,1.38,0.202,8.01,9.52,0.122,1.22
55.0,4.0,1.0,2.5,3.0,0.8,1200,0.2,61,78.7,12.31,0.39,1.44,0.202,9.08,7.43,0.122,1.25
55.0,4.0,1.0,2.5,4.5,0.8,1200,0.2,61,78.7,12.31,0.39,1.44,0.202,9.08,7.43,0.122,1.25
55.0,4.0,1.5,2.5,3.0,0.6,1200,0.4,121,76.9,24.44,0.71,2.37,0.202,4.09,14.76,0.122,1.71
40.0,3.0,1.0,1.5,3.0,0.6,14400,0.2,122,79.5,24.49,0.34,1.33,0.201,13.99,14.73,0.121,1.19
40.0,5.0,0.7,1.5,4.5,0.4,14400,0.8,155,80.0,31.16,0.41,1.65,0.201,10.0,18.76,0.121,1.37
40.0,5.0,0.7,2.5,4.5,0.8,14400,0.8,155,79.4,31.13,0.43,1.65,0.201,10.0,18.73,0.121,1.37
45.0,2.0,1.0,1.5,3.0,0.4,,0.4,126,72.2,25.27,0.52,1.36,0.201,9.47,15.19,0.121,1.21
45.0,5.0,0.7,1.5,3.0,0.4,14400,0.4,84,88.1,16.85,0.2,1.44,0.201,9.89,10.13,0.121,1.26
45.0,5.0,0.7,1.5,4.5,0.4,14400,0.4,84,88.1,16.85,0.2,1.44,0.201,9.89,10.13,0.121,1.26
45.0,5.0,1.5,2.5,4.5,0.8,2400,0.4,130,73.8,26.19,0.6,1.69,0.201,10.08,15.79,0.121,1.38
50.0,2.0,0.7,1.5,3.0,0.8,14400,0.4,125,79.2,25.13,0.41,1.57,0.201,10.24,15.13,0.121,1.32
50.0,2.0,0.7,1.5,4.5,0.8,14400,0.4,125,79.2,25.11,0.41,1.56,0.201,10.24,15.11,0.121,1.32
50.0,2.0,1.5,2.5,3.0,0.6,3600,0.4,116,68.1,23.37,0.72,1.54,0.201,6.53,14.09,0.121,1.3
50.0,3.0,0.7,1.5,3.0,0.4,7200,0.2,111,85.6,22.28,0.25,1.49,0.201,9.19,13.4,0.121,1.29
50.0,3.0,0.7,1.5,4.5,0.4,7200,0.2,111,85.6,22.28,0.25,1.49,0.201,9.19,13.4,0.121,1.29
50.0,4.0,0.7,1.5,3.0,0.4,2400,0.2,93,88.2,18.67,0.21,1.58,0.201,13.86,11.23,0.121,1.34
50.0,4.0,0.7,1.5,4.5,0.4,2400,0.2,93,88.2,18.67,0.21,1.58,0.201,13.86,11.23,0.121,1.34
50.0,4.0,0.7,2.5,3.0,0.8,2400,0.2,93,88.2,18.66,0.21,1.58,0.201,13.81,11.22,0.121,1.34
50.0,4.0,0.7,2.5,4.5,0.8,2400,0.2,93,88.2,18.66,0.21,1.58,0.201,13.81,11.22,0.121,1.34
55.0,4.0,1.0,1.5,3.0,0.4,1200,0.2,61,78.7,12.27,0.39,1.43,0.201,9.07,7.39,0.121,1.25
55.0,4.0,1.0,1.5,4.5,0.4,1200,0.2,61,78.7,12.27,0.39,1.43,0.201,9.07,7.39,0.121,1.25
55.0,4.0,1.0,2.5,3.0,0.6,1200,0.2,61,78.7,12.25,0.39,1.43,0.201,9.19,7.37,0.121,1.25
55.0,4.0,1.0,2.5,4.5,0.6,1200,0.2,61,78.7,12.25,0.39,1.43,0.201,9.19,7.37,0.121,1.25
55.0,4.0,1.5,2.5,4.5,0.6,1200,0.4,121,76.9,24.3,0.71,2.36,0.201,4.09,14.62,0.121,1.7
40.0,3.0,1.0,1.5,4.5,0.6,14400,0.4,128,79.7,25.66,0.34,1.34,0.2,13.99,15.42,0.12,1.2
40.0,3.0,1.5,2.5,4.5,0.6,14400,0.2,125,78.4,24.98,0.36,1.31,0.2,13.52,14.98,0.12,1.18
40.0,5.0,0.7,1.5,4.5,0.6,14400,0.8,155,80.0,31.05,0.41,1.65,0.2,10.0,18.65,0.12,1.37
40.0,5.0,0.7,2.5,3.0,0.8,14400,0.8,155,79.4,30.99,0.43,1.65,0.2,10.0,18.59,0.12,1.37
40.0,5.0,1.0,2.5,3.0,0.8,3600,0.4,96,81.2,19.24,0.34,1.47,0.2,8.94,11.56,0.12,1.27
40.0,5.0,1.0,2.5,4.5,0.8,3600,0.4,96,81.2,19.24,0.34,1.47,0.2,8.94,11.56,0.12,1.27
45.0,2.0,1.0,1.5,4.5,0.4,,0.4,126,72.2,25.26,0.52,1.36,0.2,9.47,15.18,0.12,1.21
45.0,2.0,1.5,2.5,3.0,0.6,3600,0.2,128,71.9,25.58,0.53,1.36,0.2,10.07,15.34,0.12,1.21
45.0,2.0,1.5,2.5,4.5,0.6,3600,0.2,128,71.9,25.58,0.53,1.36,0.2,10.07,15.34,0.12,1.21
45.0,4.0,1.5,2.5,3.0,0.8,14400,0.8,121,74.4,24.2,0.5,1.46,0.2,14.31,14.52,0.12,1.26
45.0,4.0,1.5,2.5,4.5,0.8,14400,0.8,121,74.4,24.2,0.5,1.46,0.2,14.31,14.52,0.12,1.26
45.0,5.0,1.0,1.5,3.0,0.4,1200,0.4,166,70.5,33.14,0.88,2.1,0.2,5.27,19.86,0.12,1.57
45.0,5.0,1.0,2.5,3.0,0.6,1200,0.4,166,70.5,33.14,0.88,2.1,0.2,5.27,19.86,0.12,1.57
50.0,2.0,1.0,1.5,3.0,0.4,1200,0.2,112,70.5,22.44,0.61,1.46,0.2,9.3,13.48,0.12,1.26
50.0,2.0,1.0,1.5,4.5,0.4,1200,0.2,112,70.5,22.44,0.61,1.46,0.2,9.3,13.48,0.12,1.26
50.0,2.0,1.5,2.5,4.5,0.6,3600,0.4,116,68.1,23.23,0.72,1.53,0.2,6.53,13.95,0.12,1.3
50.0,4.0,0.7,2.5,3.0,0.6,2400,0.2,93,88.2,18.55,0.21,1.58,0.199,13.98,11.12,0.12,1.33
50.0,4.0,0.7,2.5,4.5,0.6,2400,0.2,93,88.2,18.55,0.21,1.58,0.199,13.98,11.12,0.12,1.33
50.0,4.0,1.5,2.5,3.0,0.6,7200,0.2,67,82.1,13.39,0.28,1.3,0.2,14.85,8.03,0.12,1.18
50.0,4.0,1.5,2.5,4.5,0.6,7200,0.2,67,82.1,13.39,0.28,1.3,0.2,14.85,8.03,0.12,1.18
55.0,2.0,1.0,1.5,3.0,0.6,2400,0.2,85,74.1,16.99,0.5,1.42,0.2,7.39,10.19,0.12,1.24
55.0,2.0,1.0,1.5,3.0,0.8,2400,0.2,85,74.1,16.97,0.5,1.42,0.2,7.22,10.17,0.12,1.24
55.0,2.0,1.0,1.5,4.5,0.6,2400,0.2,85,74.1,16.99,0.5,1.42,0.2,7.39,10.19,0.12,1.24
55.0,2.0,1.0,1.5,4.5,0.8,2400,0.2,85,74.1,16.97,0.5,1.42,0.2,7.22,10.17,0.12,1.24
40.0,3.0,1.0,1.5,3.0,0.6,14400,0.4,128,79.7,25.53,0.34,1.34,0.199,13.99,15.29,0.119,1.2
40.0,3.0,1.0,2.5,4.5,0.6,,0.4,122,78.7,24.22,0.35,1.31,0.199,13.98,14.46,0.119,1.18
40.0,3.0,1.5,2.5,3.0,0.4,1200,0.2,145,73.1,28.91,0.51,1.4,0.199,13.52,17.31,0.119,1.23
40.0,3.0,1.5,2.5,3.0,0.6,14400,0.2,125,78.4,24.84,0.36,1.31,0.199,13.52,14.84,0.119,1.18
40.0,3.0,1.5,2.5,4.5,0.4,1200,0.2,145,73.1,28.91,0.51,1.4,0.199,13.52,17.31,0.119,1.23
40.0,4.0,1.0,2.5,4.5,0.6,14400,0.4,93,82.8,18.54,0.27,1.31,0.199,12.59,11.1,0.119,1.18
40.0,5.0,1.0,1.5,3.0,0.6,3600,0.4,96,81.2,19.09,0.34,1.46,0.199,8.94,11.41,0.119,1.27
40.0,5.0,1.0,1.5,4.5,0.6,3600,0.4,96,81.2,19.09,0.34,1.46,0.199,8.94,11.41,0.119,1.27
45.0,5.0,1.0,1.5,4.5,0.4,1200,0.4,166,70.5,33.05,0.88,2.1,0.199,5.27,19.77,0.119,1.57
45.0,5.0,1.0,2.5,3.0,0.8,1200,0.4,166,70.5,33.03,0.88,2.1,0.199,5.27,19.75,0.119,1.57
45.0,5.0,1.0,2.5,4.5,0.6,1200,0.4,166,70.5,33.0,0.88,2.1,0.199,5.27,19.72,0.119,1.57
50.0,2.0,1.0,2.5,3.0,0.6,1200,0.2,112,70.5,22.31,0.61,1.46,0.199,9.42,13.35,0.119,1.26
50.0,2.0,1.0,2.5,3.0,0.8,1200,0.2,112,70.5,22.25,0.61,1.46,0.199,9.31,13.29,0.119,1.26
50.0,2.0,1.0,2.5,4.5,0.6,1200,0.2,112,70.5,22.31,0.61,1.46,0.199,9.42,13.35,0.119,1.26
50.0,2.0,1.0,2.5,4.5,0.8,1200,0.2,112,70.5,22.25,0.61,1.46,0.199,9.31,13.29,0.119,1.26
50.0,3.0,0.7,2.5,3.0,0.6,7200,0.2,111,85.6,22.08,0.25,1.49,0.199,9.31,13.2,0.119,1.29
50.0,3.0,0.7,2.5,3.0,0.8,7200,0.2,111,85.6,22.08,0.25,1.49,0.199,9.37,13.2,0.119,1.28
50.0,3.0,0.7,2.5,3.0,0.8,14400,0.2,113,85.0,22.51,0.26,1.47,0.199,9.39,13.47,0.119,1.27
50.0,3.0,0.7,2.5,4.5,0.6,7200,0.2,111,85.6,22.08,0.25,1.49,0.199,9.31,13.2,0.119,1.29
50.0,3.0,0.7,2.5,4.5,0.8,7200,0.2,111,85.6,22.08,0.25,1.49,0.199,9.37,13.2,0.119,1.28
50.0,3.0,0.7,2.5,4.5,0.8,14400,0.2,113,85.0,22.48,0.26,1.47,0.199,9.39,13.45,0.119,1.27
55.0,2.0,1.0,1.5,3.0,0.6,,0.4,78,73.1,15.51,0.5,1.37,0.199,7.98,9.27,0.119,1.21
40.0,4.0,1.0,2.5,3.0,0.4,7200,0.4,99,80.8,19.63,0.33,1.37,0.198,10.97,11.71,0.118,1.22
40.0,4.0,1.0,2.5,3.0,0.6,14400,0.4,93,82.8,18.4,0.27,1.31,0.198,12.59,10.96,0.118,1.18
40.0,4.0,1.0,2.5,4.5,0.4,7200,0.4,99,80.8,19.63,0.33,1.37,0.198,10.97,11.71,0.118,1.22
45.0,3.0,1.0,1.5,3.0,0.8,7200,0.4,120,78.3,23.76,0.39,1.39,0.198,8.05,14.16,0.118,1.23
45.0,3.0,1.0,1.5,4.5,0.8,7200,0.4,120,78.3,23.76,0.39,1.39,0.198,8.05,14.16,0.118,1.23
45.0,5.0,0.7,2.5,3.0,0.8,14400,0.4,84,88.1,16.63,0.19,1.44,0.198,10.31,9.91,0.118,1.26
45.0,5.0,0.7,2.5,4.5,0.8,14400,0.4,84,88.1,16.63,0.19,1.44,0.198,10.31,9.91,0.118,1.26
45.0,5.0,1.0,2.5,4.5,0.8,1200,0.4,166,70.5,32.84,0.88,2.09,0.198,5.27,19.56,0.118,1.57
50.0,2.0,1.0,1.5,3.0,0.6,1200,0.2,112,70.5,22.12,0.61,1.46,0.198,9.42,13.16,0.118,1.26
50.0,2.0,1.0,1.5,3.0,0.8,1200,0.2,112,70.5,22.13,0.61,1.46,0.198,9.31,13.17,0.118,1.26
50.0,2.0,1.0,1.5,4.5,0.6,1200,0.2,112,70.5,22.12,0.61,1.46,0.198,9.42,13.16,0.118,1.26
50.0,2.0,1.0,1.5,4.5,0.8,1200,0.2,112,70.5,22.13,0.61,1.46,0.198,9.31,13.17,0.118,1.26
50.0,4.0,1.5,2.5,3.0,0.6,1200,0.4,173,72.8,34.31,0.84,2.25,0.198,8.0,20.47,0.118,1.64
50.0,4.0,1.5,2.5,4.5,0.6,1200,0.4,173,72.8,34.17,0.84,2.24,0.198,8.0,20.33,0.118,1.63
50.0,5.0,1.0,1.5,3.0,0.6,7200,0.4,68,85.3,13.44,0.24,1.38,0.198,14.38,8.0,0.118,1.22
50.0,5.0,1.0,1.5,4.5,0.6,7200,0.4,68,85.3,13.44,0.24,1.38,0.198,14.38,8.0,0.118,1.22
55.0,2.0,1.0,1.5,4.5,0.6,,0.4,78,73.1,15.41,0.5,1.37,0.198,7.98,9.17,0.118,1.21
55.0,2.0,1.0,2.5,3.0,0.4,7200,0.4,83,71.1,16.46,0.58,1.43,0.198,8.27,9.82,0.118,1.24
55.0,2.0,1.0,2.5,3.0,0.6,,0.4,78,73.1,15.44,0.5,1.37,0.198,8.08,9.2,0.118,1.21
55.0,2.0,1.0,2.5,4.5,0.4,7200,0.4,83,71.1,16.46,0.58,1.43,0.198,8.27,9.82,0.118,1.24
40.0,3.0,0.7,1.5,4.5,0.6,,0.4,122,78.7,24.02,0.37,1.37,0.197,12.45,14.26,0.117,1.21
40.0,3.0,1.0,2.5,3.0,0.4,7200,0.2,121,79.3,23.83,0.34,1.32,0.197,13.99,14.15,0.117,1.18
40.0,3.0,1.0,2.5,4.5,0.4,7200,0.2,121,79.3,23.83,0.34,1.32,0.197,13.99,14.15,0.117,1.18
40.0,3.0,1.0,2.5,4.5,0.8,14400,0.4,130,79.2,25.59,0.35,1.33,0.197,13.99,15.19,0.117,1.19
40.0,5.0,1.5,2.5,3.0,0.4,7200,0.8,152,71.7,29.99,0.64,1.62,0.197,8.95,17.83,0.117,1.34
45.0,3.0,1.0,2.5,3.0,0.6,7200,0.4,120,78.3,23.68,0.38,1.39,0.197,8.15,14.08,0.117,1.22
45.0,3.0,1.0,2.5,4.5,0.6,7200,0.4,120,78.3,23.68,0.38,1.39,0.197,8.15,14.08,0.117,1.22
45.0,4.0,1.5,2.5,3.0,0.4,7200,0.8,155,69.7,30.53,0.71,1.64,0.197,12.06,18.13,0.117,1.35
45.0,4.0,1.5,2.5,4.5,0.4,7200,0.8,155,69.7,30.53,0.71,1.64,0.197,12.06,18.13,0.117,1.35
45.0,5.0,1.0,1.5,3.0,0.6,1200,0.4,166,70.5,32.77,0.88,2.09,0.197,5.27,19.49,0.117,1.56
45.0,5.0,1.0,1.5,3.0,0.8,1200,0.4,166,70.5,32.66,0.87,2.09,0.197,5.27,19.38,0.117,1.56
45.0,5.0,1.0,1.5,4.5,0.6,1200,0.4,166,70.5,32.63,0.87,2.09,0.197,5.27,19.35,0.117,1.56
45.0,5.0,1.0,2.5,3.0,0.8,7200,0.4,86,81.4,16.96,0.31,1.37,0.197,17.25,10.09,0.117,1.21
45.0,5.0,1.0,2.5,4.5,0.8,7200,0.4,86,81.4,16.96,0.31,1.37,0.197,17.25,10.09,0.117,1.21
50.0,4.0,0.7,1.5,3.0,0.8,2400,0.2,93,88.2,18.29,0.21,1.57,0.197,13.81,10.85,0.117,1.33
50.0,4.0,0.7,1.5,4.5,0.8,2400,0.2,93,88.2,18.29,0.21,1.57,0.197,13.81,10.85,0.117,1.33
55.0,2.0,1.0,2.5,4.5,0.6,,0.4,78,73.1,15.34,0.5,1.37,0.197,8.08,9.1,0.117,1.21
40.0,3.0,1.0,2.5,3.0,0.8,14400,0.4,130,79.2,25.5,0.35,1.33,0.196,13.99,15.1,0.116,1.19
40.0,5.0,1.0,1.5,3.0,0.8,3600,0.4,96,81.2,18.85,0.34,1.46,0.196,8.94,11.17,0.116,1.26
40.0,5.0,1.0,1.5,4.5,0.8,3600,0.4,96,81.2,18.85,0.34,1.46,0.196,8.94,11.17,0.116,1.26
40.0,5.0,1.5,2.5,4.5,0.4,7200,0.8,152,71.7,29.85,0.64,1.62,0.196,8.95,17.68,0.116,1.34
45.0,5.0,1.0,1.5,4.5,0.8,1200,0.4,166,70.5,32.47,0.87,2.08,0.196,5.27,19.19,0.116,1.55
50.0,3.0,0.7,2.5,3.0,0.4,14400,0.2,113,85.0,22.2,0.26,1.46,0.196,9.21,13.16,0.116,1.27
50.0,3.0,0.7,2.5,4.5,0.4,14400,0.2,113,85.0,22.2,0.26,1.46,0.196,9.21,13.16,0.116,1.27
50.0,4.0,0.7,1.5,3.0,0.6,2400,0.2,93,88.2,18.19,0.21,1.57,0.196,13.98,10.75,0.116,1.32
50.0,4.0,0.7,1.5,4.5,0.6,2400,0.2,93,88.2,18.19,0.21,1.57,0.196,13.98,10.75,0.116,1.32
50.0,4.0,1.5,2.5,3.0,0.4,14400,0.2,64,82.8,12.58,0.27,1.29,0.197,14.45,7.45,0.116,1.17
50.0,4.0,1.5,2.5,4.5,0.4,14400,0.2,64,82.8,12.58,0.27,1.29,0.197,14.45,7.45,0.116,1.17
55.0,4.0,1.0,1.5,3.0,0.8,1200,0.2,61,78.7,11.97,0.39,1.42,0.196,9.08,7.09,0.116,1.24
55.0,4.0,1.0,1.5,4.5,0.8,1200,0.2,61,78.7,11.97,0.39,1.42,0.196,9.08,7.09,0.116,1.24
40.0,4.0,1.5,2.5,3.0,0.6,7200,0.4,110,78.2,21.45,0.38,1.38,0.195,10.6,12.65,0.115,1.21
40.0,4.0,1.5,2.5,4.5,0.6,7200,0.4,110,78.2,21.45,0.38,1.38,0.195,10.6,12.65,0.115,1.21
45.0,2.0,1.0,2.5,3.0,0.4,,0.4,126,72.2,24.58,0.52,1.35,0.195,9.57,14.5,0.115,1.2
45.0,2.0,1.0,2.5,4.5,0.4,,0.4,126,72.2,24.57,0.52,1.35,0.195,9.57,14.49,0.115,1.2
45.0,2.0,1.5,2.5,3.0,0.4,14400,0.4,130,72.3,25.38,0.52,1.35,0.195,9.7,14.98,0.115,1.2
45.0,2.0,1.5,2.5,4.5,0.4,14400,0.4,130,72.3,25.38,0.52,1.35,0.195,9.7,14.98,0.115,1.2
45.0,4.0,1.5,2.5,3.0,0.8,1200,0.2,89,78.7,17.4,0.38,1.39,0.196,13.55,10.28,0.115,1.22
45.0,4.0,1.5,2.5,4.5,0.8,1200,0.2,89,78.7,17.4,0.38,1.39,0.196,13.55,10.28,0.115,1.22
45.0,5.0,0.7,1.5,3.0,0.6,14400,0.4,84,88.1,16.35,0.19,1.43,0.195,10.13,9.63,0.115,1.25
45.0,5.0,0.7,1.5,4.5,0.6,14400,0.4,84,88.1,16.35,0.19,1.43,0.195,10.13,9.63,0.115,1.25
45.0,5.0,1.0,2.5,3.0,0.4,7200,0.4,86,81.4,16.74,0.31,1.36,0.195,17.07,9.86,0.115,1.21
45.0,5.0,1.0,2.5,3.0,0.4,14400,0.8,99,76.8,19.3,0.44,1.44,0.195,13.58,11.38,0.115,1.25
45.0,5.0,1.0,2.5,4.5,0.4,7200,0.4,86,81.4,16.74,0.31,1.36,0.195,17.07,9.86,0.115,1.21
45.0,5.0,1.0,2.5,4.5,0.4,14400,0.8,99,76.8,19.3,0.44,1.44,0.195,13.58,11.38,0.115,1.25
50.0,3.0,0.7,2.5,3.0,0.6,14400,0.2,113,85.0,22.03,0.26,1.46,0.195,9.33,13.0,0.115,1.26
50.0,3.0,0.7,2.5,4.5,0.6,14400,0.2,113,85.0,22.01,0.26,1.46,0.195,9.33,12.97,0.115,1.26
55.0,2.0,0.7,2.5,3.0,0.4,,0.4,79,73.4,15.41,0.51,1.4,0.195,7.7,9.09,0.115,1.22
55.0,2.0,0.7,2.5,4.5,0.4,,0.4,79,73.4,15.41,0.51,1.4,0.195,7.7,9.09,0.115,1.22
55.0,2.0,1.5,2.5,3.0,0.6,14400,0.8,96,68.8,18.71,0.68,1.49,0.195,7.26,11.03,0.115,1.27
55.0,2.0,1.5,2.5,4.5,0.6,14400,0.8,96,68.8,18.69,0.68,1.49,0.195,7.26,11.01,0.115,1.27
55.0,4.0,1.0,1.5,3.0,0.6,1200,0.2,61,78.7,11.92,0.39,1.42,0.195,9.19,7.04,0.115,1.24
55.0,4.0,1.0,1.5,4.5,0.6,1200,0.2,61,78.7,11.92,0.39,1.42,0.195,9.19,7.04,0.115,1.24
40.0,3.0,1.0,2.5,3.0,0.4,14400,0.2,121,79.3,23.47,0.34,1.31,0.194,13.99,13.8,0.114,1.18
40.0,3.0,1.0,2.5,4.5,0.4,14400,0.2,121,79.3,23.47,0.34,1.31,0.194,13.99,13.8,0.114,1.18
45.0,2.0,1.0,1.5,3.0,0.8,14400,0.4,132,73.5,25.64,0.5,1.39,0.194,10.45,15.09,0.114,1.22
45.0,2.0,1.0,1.5,4.5,0.8,14400,0.4,132,73.5,25.64,0.5,1.39,0.194,10.45,15.09,0.114,1.22
45.0,4.0,1.5,2.5,3.0,0.6,2400,0.2,86,82.6,16.65,0.28,1.32,0.194,13.26,9.77,0.114,1.18
45.0,4.0,1.5,2.5,4.5,0.6,2400,0.2,86,82.6,16.65,0.28,1.32,0.194,13.26,9.77,0.114,1.18
45.0,5.0,0.7,1.5,3.0,0.8,14400,0.4,84,88.1,16.33,0.19,1.43,0.194,10.31,9.61,0.114,1.25
45.0,5.0,0.7,1.5,4.5,0.8,14400,0.4,84,88.1,16.33,0.19,1.43,0.194,10.31,9.61,0.114,1.25
45.0,5.0,1.0,1.5,3.0,0.4,14400,0.8,99,76.8,19.17,0.44,1.44,0.194,13.58,11.25,0.114,1.25
45.0,5.0,1.0,1.5,4.5,0.4,14400,0.8,99,76.8,19.17,0.44,1.44,0.194,13.58,11.25,0.114,1.25
50.0,3.0,0.7,1.5,3.0,0.8,14400,0.2,113,85.0,21.93,0.26,1.46,0.194,9.39,12.89,0.114,1.26
50.0,3.0,0.7,1.5,4.5,0.8,14400,0.2,113,85.0,21.9,0.26,1.46,0.194,9.39,12.86,0.114,1.26
50.0,3.0,1.5,2.5,3.0,0.8,7200,0.8,129,68.2,24.98,0.74,1.59,0.194,10.73,14.66,0.114,1.32
40.0,3.0,1.0,2.5,3.0,0.4,14400,0.4,127,79.5,24.47,0.34,1.33,0.193,13.99,14.32,0.113,1.19
40.0,3.0,1.0,2.5,4.5,0.4,14400,0.4,127,79.5,24.47,0.34,1.33,0.193,13.99,14.32,0.113,1.19
45.0,2.0,0.7,1.5,4.5,0.6,,0.4,125,73.6,24.11,0.5,1.41,0.193,9.5,14.11,0.113,1.23
45.0,2.0,0.7,2.5,4.5,0.6,,0.4,125,73.6,24.16,0.5,1.41,0.193,9.43,14.16,0.113,1.23
45.0,2.0,1.0,2.5,3.0,0.8,14400,0.4,132,73.5,25.41,0.5,1.38,0.192,10.45,14.85,0.113,1.22
45.0,2.0,1.0,2.5,4.5,0.8,14400,0.4,132,73.5,25.41,0.5,1.38,0.192,10.45,14.85,0.113,1.22
45.0,3.0,0.7,2.5,3.0,0.8,14400,0.4,129,83.7,24.95,0.28,1.45,0.193,8.39,14.63,0.113,1.25
45.0,3.0,0.7,2.5,4.5,0.8,14400,0.4,129,83.7,24.95,0.28,1.45,0.193,8.39,14.63,0.113,1.25
45.0,5.0,1.0,2.5,3.0,0.8,14400,0.2,66,86.4,12.73,0.2,1.28,0.193,17.25,7.45,0.113,1.16
45.0,5.0,1.0,2.5,4.5,0.8,14400,0.2,66,86.4,12.73,0.2,1.28,0.193,17.25,7.45,0.113,1.16
45.0,5.0,1.5,2.5,3.0,0.6,1200,0.2,79,77.2,15.27,0.41,1.37,0.193,17.26,8.95,0.113,1.21
45.0,5.0,1.5,2.5,4.5,0.6,1200,0.2,79,77.2,15.27,0.41,1.37,0.193,17.26,8.95,0.113,1.21
50.0,3.0,0.7,1.5,3.0,0.6,7200,0.2,111,85.6,21.38,0.25,1.47,0.193,9.31,12.5,0.113,1.27
50.0,3.0,0.7,1.5,3.0,0.8,7200,0.2,111,85.6,21.42,0.25,1.48,0.193,9.37,12.54,0.113,1.27
50.0,3.0,0.7,1.5,4.5,0.6,7200,0.2,111,85.6,21.38,0.25,1.47,0.193,9.31,12.5,0.113,1.27
50.0,3.0,0.7,1.5,4.5,0.8,7200,0.2,111,85.6,21.42,0.25,1.48,0.193,9.37,12.54,0.113,1.27
50.0,3.0,1.5,2.5,4.5,0.8,7200,0.8,129,68.2,24.93,0.74,1.59,0.193,10.73,14.61,0.113,1.32
55.0,4.0,0.7,1.5,3.0,0.8,14400,0.8,71,77.5,13.67,0.47,1.62,0.193,7.35,7.99,0.113,1.34
40.0,4.0,0.7,2.5,3.0,0.6,14400,0.8,170,77.1,32.56,0.47,1.59,0.192,10.45,18.96,0.112,1.32
40.0,4.0,1.0,1.5,3.0,0.4,7200,0.4,99,80.8,18.99,0.32,1.36,0.192,10.97,11.07,0.112,1.2
40.0,4.0,1.0,1.5,4.5,0.4,7200,0.4,99,80.8,18.99,0.32,1.36,0.192,10.97,11.07,0.112,1.2
45.0,3.0,1.0,1.5,3.0,0.6,7200,0.4,120,78.3,23.07,0.38,1.38,0.192,8.15,13.47,0.112,1.21
45.0,3.0,1.0,1.5,4.5,0.6,7200,0.4,120,78.3,23.07,0.38,1.38,0.192,8.15,13.47,0.112,1.21
45.0,4.0,0.7,2.5,3.0,0.8,14400,0.8,136,79.4,26.17,0.41,1.59,0.192,14.32,15.29,0.112,1.33
45.0,4.0,0.7,2.5,4.5,0.8,14400,0.8,136,79.4,26.17,0.41,1.59,0.192,14.32,15.29,0.112,1.33
45.0,5.0,0.7,2.5,3.0,0.6,14400,0.4,84,88.1,16.15,0.19,1.43,0.192,10.13,9.43,0.112,1.24
45.0,5.0,0.7,2.5,4.5,0.6,14400,0.4,84,88.1,16.15,0.19,1.43,0.192,10.13,9.43,0.112,1.24
45.0,5.0,1.0,2.5,3.0,0.4,14400,0.2,66,86.4,12.7,0.2,1.28,0.192,17.07,7.42,0.112,1.16
45.0,5.0,1.0,2.5,4.5,0.4,14400,0.2,66,86.4,12.7,0.2,1.28,0.192,17.07,7.42,0.112,1.16
45.0,5.0,1.5,2.5,3.0,0.4,2400,0.2,66,83.3,12.67,0.26,1.28,0.192,16.86,7.39,0.112,1.16
45.0,5.0,1.5,2.5,4.5,0.4,2400,0.2,66,83.3,12.67,0.26,1.28,0.192,16.86,7.39,0.112,1.16
50.0,3.0,0.7,1.5,3.0,0.4,14400,0.2,113,85.0,21.65,0.26,1.45,0.192,9.21,12.62,0.112,1.26
50.0,3.0,0.7,1.5,3.0,0.6,14400,0.2,113,85.0,21.69,0.26,1.45,0.192,9.33,12.65,0.112,1.26
50.0,3.0,0.7,1.5,4.5,0.4,14400,0.2,113,85.0,21.65,0.26,1.45,0.192,9.21,12.62,0.112,1.26
50.0,3.0,0.7,1.5,4.5,0.6,14400,0.2,113,85.0,21.66,0.26,1.45,0.192,9.33,12.62,0.112,1.26
50.0,4.0,1.5,2.5,3.0,0.4,7200,0.8,116,70.7,22.27,0.69,1.66,0.192,8.18,12.99,0.112,1.35
50.0,4.0,1.5,2.5,4.5,0.4,7200,0.8,116,70.7,22.27,0.69,1.66,0.192,8.18,12.99,0.112,1.35
55.0,2.0,0.7,1.5,3.0,0.4,,0.4,79,73.4,15.15,0.5,1.39,0.192,7.7,8.83,0.112,1.22
55.0,2.0,0.7,1.5,4.5,0.4,,0.4,79,73.4,15.15,0.5,1.39,0.192,7.7,8.83,0.112,1.22
55.0,4.0,0.7,1.5,4.5,0.8,14400,0.8,71,77.5,13.65,0.47,1.61,0.192,7.35,7.97,0.112,1.34
40.0,3.0,1.0,1.5,3.0,0.4,14400,0.2,121,79.3,23.08,0.34,1.31,0.191,13.99,13.4,0.111,1.17
40.0,3.0,1.0,1.5,4.5,0.4,14400,0.2,121,79.3,23.08,0.34,1.31,0.191,13.99,13.4,0.111,1.17
40.0,4.0,0.7,2.5,4.5,0.6,14400,0.8,170,77.1,32.51,0.47,1.59,0.191,10.45,18.91,0.111,1.32
45.0,4.0,0.7,2.5,3.0,0.8,14400,0.2,92,87.0,17.59,0.21,1.4,0.191,13.02,10.23,0.111,1.23
45.0,4.0,0.7,2.5,4.5,0.8,14400,0.2,92,87.0,17.59,0.21,1.4,0.191,13.02,10.23,0.111,1.23
55.0,2.0,1.0,2.5,3.0,0.6,7200,0.4,83,71.1,15.85,0.57,1.41,0.191,8.39,9.21,0.111,1.23
55.0,2.0,1.0,2.5,3.0,0.8,7200,0.4,83,71.1,15.86,0.57,1.41,0.191,8.45,9.22,0.111,1.23
55.0,2.0,1.0,2.5,4.5,0.6,7200,0.4,83,71.1,15.85,0.57,1.41,0.191,8.39,9.21,0.111,1.23
55.0,2.0,1.0,2.5,4.5,0.8,7200,0.4,83,71.1,15.86,0.57,1.41,0.191,8.45,9.22,0.111,1.23
40.0,3.0,1.0,1.5,3.0,0.4,14400,0.4,127,79.5,24.08,0.34,1.32,0.19,13.99,13.92,0.11,1.18
40.0,3.0,1.0,1.5,3.0,0.6,,0.4,123,78.9,23.33,0.35,1.3,0.19,13.82,13.49,0.11,1.17
40.0,3.0,1.0,1.5,4.5,0.4,14400,0.4,127,79.5,24.08,0.34,1.32,0.19,13.99,13.92,0.11,1.18
40.0,3.0,1.0,1.5,4.5,0.8,14400,0.4,130,79.2,24.72,0.35,1.32,0.19,13.99,14.32,0.11,1.18
40.0,3.0,1.0,2.5,3.0,0.6,7200,0.2,121,79.3,22.94,0.34,1.31,0.19,13.99,13.26,0.11,1.17
40.0,3.0,1.0,2.5,4.5,0.6,7200,0.2,121,79.3,22.94,0.34,1.31,0.19,13.99,13.26,0.11,1.17
45.0,2.0,0.7,1.5,3.0,0.6,,0.4,125,73.6,23.75,0.5,1.4,0.19,9.5,13.75,0.11,1.22
45.0,2.0,0.7,2.5,3.0,0.6,,0.4,125,73.6,23.8,0.5,1.4,0.19,9.43,13.8,0.11,1.22
45.0,4.0,0.7,1.5,3.0,0.8,14400,0.8,136,79.4,25.89,0.41,1.58,0.19,14.32,15.01,0.11,1.32
45.0,4.0,0.7,1.5,4.5,0.8,14400,0.8,136,79.4,25.89,0.41,1.58,0.19,14.32,15.01,0.11,1.32
45.0,5.0,1.0,1.5,3.0,0.4,14400,0.2,66,86.4,12.54,0.2,1.28,0.19,17.07,7.26,0.11,1.16
45.0,5.0,1.0,1.5,3.0,0.8,7200,0.4,86,81.4,16.37,0.31,1.36,0.19,17.25,9.49,0.11,1.2
45.0,5.0,1.0,1.5,4.5,0.4,14400,0.2,66,86.4,12.54,0.2,1.28,0.19,17.07,7.26,0.11,1.16
45.0,5.0,1.0,1.5,4.5,0.8,7200,0.4,86,81.4,16.37,0.31,1.36,0.19,17.25,9.49,0.11,1.2
45.0,5.0,1.0,2.5,3.0,0.6,7200,0.4,86,81.4,16.3,0.31,1.36,0.19,17.19,9.42,0.11,1.2
45.0,5.0,1.0,2.5,4.5,0.6,7200,0.4,86,81.4,16.3,0.31,1.36,0.19,17.19,9.42,0.11,1.2
55.0,2.0,1.0,1.5,3.0,0.4,7200,0.4,83,71.1,15.79,0.57,1.41,0.19,8.27,9.15,0.11,1.23
55.0,2.0,1.0,1.5,4.5,0.4,7200,0.4,83,71.1,15.79,0.57,1.41,0.19,8.27,9.15,0.11,1.23
55.0,4.0,0.7,1.5,3.0,0.4,14400,0.8,71,77.5,13.51,0.47,1.61,0.19,7.17,7.83,0.11,1.33
55.0,4.0,0.7,1.5,4.5,0.4,14400,0.8,71,77.5,13.51,0.47,1.61,0.19,7.17,7.83,0.11,1.33
40.0,3.0,1.0,1.5,3.0,0.4,7200,0.2,121,79.3,22.83,0.34,1.3,0.189,13.99,13.15,0.109,1.17
40.0,3.0,1.0,1.5,3.0,0.8,14400,0.4,130,79.2,24.63,0.34,1.32,0.189,13.99,14.23,0.109,1.18
40.0,3.0,1.0,1.5,4.5,0.4,7200,0.2,121,79.3,22.83,0.34,1.3,0.189,13.99,13.15,0.109,1.17
40.0,4.0,1.0,1.5,4.5,0.6,14400,0.4,93,82.8,17.59,0.27,1.29,0.189,12.58,10.15,0.109,1.17
40.0,5.0,0.7,1.5,4.5,0.8,14400,0.8,155,79.4,29.3,0.42,1.61,0.189,10.0,16.9,0.109,1.33
45.0,5.0,1.0,1.5,3.0,0.4,7200,0.4,86,81.4,16.27,0.31,1.35,0.189,17.07,9.39,0.109,1.2
45.0,5.0,1.0,1.5,3.0,0.8,14400,0.2,66,86.4,12.46,0.2,1.28,0.189,17.25,7.18,0.109,1.16
45.0,5.0,1.0,1.5,4.5,0.4,7200,0.4,86,81.4,16.27,0.31,1.35,0.189,17.07,9.39,0.109,1.2
45.0,5.0,1.0,1.5,4.5,0.8,14400,0.2,66,86.4,12.46,0.2,1.28,0.189,17.25,7.18,0.109,1.16
45.0,5.0,1.0,2.5,3.0,0.4,7200,0.2,66,86.4,12.46,0.2,1.28,0.189,17.07,7.18,0.109,1.16
45.0,5.0,1.0,2.5,4.5,0.4,7200,0.2,66,86.4,12.46,0.2,1.28,0.189,17.07,7.18,0.109,1.16
45.0,5.0,1.5,2.5,3.0,0.4,1200,0.2,80,77.5,15.1,0.39,1.33,0.189,16.86,8.7,0.109,1.18
45.0,5.0,1.5,2.5,4.5,0.4,1200,0.2,80,77.5,15.1,0.39,1.33,0.189,16.86,8.7,0.109,1.18
50.0,2.0,1.5,2.5,3.0,0.4,14400,0.8,118,67.8,22.35,0.69,1.46,0.189,9.59,12.91,0.109,1.25
50.0,2.0,1.5,2.5,4.5,0.4,14400,0.8,118,67.8,22.35,0.69,1.46,0.189,9.59,12.91,0.109,1.25
50.0,5.0,0.7,1.5,3.0,0.4,2400,0.4,126,83.3,23.77,0.42,2.11,0.189,5.0,13.69,0.109,1.58
50.0,5.0,0.7,1.5,4.5,0.4,2400,0.4,126,83.3,23.77,0.42,2.11,0.189,5.0,13.69,0.109,1.58
50.0,5.0,0.7,2.5,3.0,0.4,2400,0.4,126,83.3,23.77,0.42,2.11,0.189,5.0,13.69,0.109,1.58
50.0,5.0,0.7,2.5,4.5,0.4,2400,0.4,126,83.3,23.77,0.42,2.11,0.189,5.0,13.69,0.109,1.58
55.0,4.0,0.7,2.5,3.0,0.4,7200,0.4,65,84.6,12.3,0.27,1.5,0.189,10.25,7.1,0.109,1.28
55.0,4.0,0.7,2.5,4.5,0.4,7200,0.4,65,84.6,12.3,0.27,1.5,0.189,10.25,7.1,0.109,1.28
40.0,4.0,1.0,1.5,3.0,0.6,14400,0.4,93,82.8,17.45,0.27,1.29,0.188,12.58,10.01,0.108,1.16
40.0,5.0,0.7,1.5,3.0,0.8,14400,0.8,155,79.4,29.16,0.42,1.61,0.188,10.0,16.76,0.108,1.33
40.0,5.0,0.7,2.5,3.0,0.4,14400,0.2,104,89.4,19.51,0.16,1.39,0.188,10.0,11.19,0.108,1.22
45.0,2.0,1.5,2.5,3.0,0.8,14400,0.8,177,70.1,33.36,0.64,1.51,0.188,11.36,19.2,0.108,1.27
45.0,2.0,1.5,2.5,4.5,0.8,14400,0.8,177,70.1,33.36,0.64,1.51,0.188,11.36,19.2,0.108,1.27
45.0,3.0,0.7,2.5,3.0,0.6,14400,0.2,123,84.6,23.16,0.26,1.42,0.188,8.27,13.32,0.108,1.23
45.0,3.0,0.7,2.5,4.5,0.6,14400,0.2,123,84.6,23.16,0.26,1.42,0.188,8.27,13.32,0.108,1.23
45.0,4.0,0.7,1.5,3.0,0.8,14400,0.2,92,87.0,17.27,0.21,1.39,0.188,13.02,9.91,0.108,1.22
45.0,4.0,0.7,1.5,4.5,0.8,14400,0.2,92,87.0,17.27,0.21,1.39,0.188,13.02,9.91,0.108,1.22
45.0,4.0,0.7,2.5,3.0,0.4,14400,0.8,133,80.5,24.96,0.38,1.57,0.188,13.9,14.32,0.108,1.31
45.0,4.0,0.7,2.5,4.5,0.4,14400,0.8,133,80.5,24.96,0.38,1.57,0.188,13.9,14.32,0.108,1.31
45.0,5.0,1.5,2.5,3.0,0.8,1200,0.4,170,72.4,31.91,0.79,2.08,0.188,5.23,18.31,0.108,1.54
50.0,3.0,1.5,2.5,3.0,0.6,7200,0.8,132,68.2,24.82,0.74,1.58,0.188,10.73,14.26,0.108,1.31
50.0,3.0,1.5,2.5,4.5,0.6,7200,0.8,132,68.2,24.82,0.74,1.58,0.188,10.73,14.26,0.108,1.31
55.0,2.0,0.7,2.5,3.0,0.8,,0.4,77,74.0,14.44,0.48,1.38,0.188,8.5,8.28,0.108,1.21
55.0,2.0,1.0,2.5,3.0,0.4,14400,0.8,94,69.1,17.68,0.65,1.46,0.188,7.0,10.16,0.108,1.25
55.0,2.0,1.0,2.5,4.5,0.4,14400,0.8,94,69.1,17.68,0.65,1.46,0.188,7.0,10.16,0.108,1.25
40.0,3.0,1.0,2.5,3.0,0.8,7200,0.2,121,79.3,22.66,0.34,1.3,0.187,13.99,12.98,0.107,1.17
40.0,3.0,1.0,2.5,4.5,0.8,7200,0.2,121,79.3,22.66,0.34,1.3,0.187,13.99,12.98,0.107,1.17
40.0,4.0,0.7,2.5,3.0,0.8,14400,0.8,170,77.6,31.83,0.45,1.58,0.187,10.57,18.23,0.107,1.31
40.0,4.0,1.0,2.5,3.0,0.4,14400,0.2,89,83.1,16.65,0.26,1.28,0.187,12.15,9.53,0.107,1.16
40.0,4.0,1.0,2.5,3.0,0.6,7200,0.4,99,80.8,18.46,0.32,1.35,0.186,11.09,10.54,0.107,1.19
40.0,4.0,1.0,2.5,4.5,0.4,14400,0.2,89,83.1,16.65,0.26,1.28,0.187,12.15,9.53,0.107,1.16
40.0,4.0,1.0,2.5,4.5,0.6,7200,0.4,99,80.8,18.46,0.32,1.35,0.186,11.09,10.54,0.107,1.19
40.0,5.0,0.7,2.5,4.5,0.4,14400,0.2,104,89.4,19.42,0.16,1.38,0.187,10.0,11.1,0.107,1.22
45.0,4.0,0.7,1.5,3.0,0.4,14400,0.8,133,80.5,24.83,0.38,1.56,0.187,13.9,14.2,0.107,1.31
45.0,4.0,0.7,1.5,4.5,0.4,14400,0.8,133,80.5,24.83,0.38,1.56,0.187,13.9,14.2,0.107,1.31
45.0,5.0,1.0,2.5,3.0,0.8,7200,0.2,66,86.4,12.37,0.2,1.27,0.187,17.25,7.09,0.107,1.16
45.0,5.0,1.0,2.5,4.5,0.8,7200,0.2,66,86.4,12.37,0.2,1.27,0.187,17.25,7.09,0.107,1.16
45.0,5.0,1.5,2.5,3.0,0.6,2400,0.4,137,72.3,25.67,0.64,1.66,0.187,9.88,14.71,0.107,1.35
45.0,5.0,1.5,2.5,4.5,0.8,1200,0.4,170,72.4,31.72,0.79,2.07,0.187,5.23,18.12,0.107,1.53
50.0,2.0,0.7,2.5,3.0,0.4,3600,0.2,129,79.8,24.12,0.38,1.52,0.187,9.13,13.8,0.107,1.29
50.0,2.0,0.7,2.5,4.5,0.4,3600,0.2,129,79.8,24.12,0.38,1.52,0.187,9.13,13.8,0.107,1.29
50.0,5.0,0.7,1.5,3.0,0.6,2400,0.4,126,83.3,23.53,0.42,2.1,0.187,5.0,13.45,0.107,1.57
50.0,5.0,0.7,1.5,3.0,0.8,2400,0.4,126,83.3,23.52,0.42,2.1,0.187,5.0,13.44,0.107,1.57
50.0,5.0,0.7,1.5,4.5,0.6,2400,0.4,126,83.3,23.53,0.42,2.1,0.187,5.0,13.45,0.107,1.57
50.0,5.0,0.7,1.5,4.5,0.8,2400,0.4,126,83.3,23.52,0.42,2.1,0.187,5.0,13.44,0.107,1.57
50.0,5.0,0.7,2.5,3.0,0.6,2400,0.4,126,83.3,23.53,0.42,2.1,0.187,5.0,13.45,0.107,1.57
50.0,5.0,0.7,2.5,3.0,0.8,2400,0.4,126,83.3,23.52,0.42,2.1,0.187,5.0,13.44,0.107,1.57
50.0,5.0,0.7,2.5,4.5,0.6,2400,0.4,126,83.3,23.53,0.42,2.1,0.187,5.0,13.45,0.107,1.57
50.0,5.0,0.7,2.5,4.5,0.8,2400,0.4,126,83.3,23.52,0.42,2.1,0.187,5.0,13.44,0.107,1.57
40.0,3.0,1.5,2.5,3.0,0.6,3600,0.2,123,77.2,22.86,0.38,1.29,0.186,13.52,13.02,0.106,1.16
40.0,3.0,1.5,2.5,4.5,0.6,3600,0.2,123,77.2,22.86,0.38,1.29,0.186,13.52,13.02,0.106,1.16
40.0,4.0,0.7,2.5,4.5,0.8,14400,0.8,170,77.6,31.58,0.45,1.57,0.186,10.57,17.98,0.106,1.31
40.0,5.0,1.0,2.5,3.0,0.4,7200,0.8,157,70.7,29.24,0.66,1.6,0.186,9.31,16.68,0.106,1.31
40.0,5.0,1.0,2.5,4.5,0.4,7200,0.8,157,70.7,29.15,0.66,1.6,0.186,9.31,16.59,0.106,1.31
40.0,5.0,1.5,2.5,3.0,0.4,2400,0.4,108,74.1,20.1,0.52,1.48,0.186,8.43,11.46,0.106,1.26
40.0,5.0,1.5,2.5,4.5,0.4,2400,0.4,108,74.1,20.1,0.52,1.48,0.186,8.43,11.46,0.106,1.26
45.0,2.0,0.7,2.5,3.0,0.8,14400,0.2,158,79.1,29.41,0.38,1.45,0.186,9.19,16.77,0.106,1.25
45.0,2.0,0.7,2.5,4.5,0.8,14400,0.2,158,79.1,29.41,0.38,1.45,0.186,9.19,16.77,0.106,1.25
45.0,3.0,0.7,1.5,3.0,0.6,14400,0.2,123,84.6,22.85,0.26,1.41,0.186,8.31,13.02,0.106,1.23
45.0,3.0,0.7,1.5,3.0,0.8,14400,0.4,129,83.7,24.04,0.28,1.43,0.186,8.4,13.72,0.106,1.24
45.0,3.0,0.7,1.5,4.5,0.6,14400,0.2,123,84.6,22.85,0.26,1.41,0.186,8.31,13.02,0.106,1.23
45.0,3.0,0.7,1.5,4.5,0.8,14400,0.4,129,83.7,24.04,0.28,1.43,0.186,8.4,13.72,0.106,1.24
45.0,5.0,1.0,2.5,3.0,0.8,14400,0.8,99,76.8,18.46,0.43,1.42,0.186,13.76,10.54,0.106,1.23
45.0,5.0,1.0,2.5,4.5,0.8,14400,0.8,99,76.8,18.46,0.43,1.42,0.186,13.76,10.54,0.106,1.23
45.0,5.0,1.5,2.5,4.5,0.6,2400,0.4,137,72.3,25.54,0.64,1.66,0.186,9.88,14.57,0.106,1.34
55.0,2.0,1.0,2.5,3.0,0.4,3600,0.4,88,69.3,16.41,0.66,1.49,0.186,6.56,9.37,0.106,1.26
55.0,2.0,1.0,2.5,4.5,0.4,3600,0.4,88,69.3,16.32,0.66,1.49,0.185,6.56,9.28,0.106,1.26
55.0,4.0,0.7,2.5,3.0,0.8,7200,0.4,65,84.6,12.08,0.27,1.49,0.186,10.43,6.88,0.106,1.27
55.0,4.0,0.7,2.5,4.5,0.8,7200,0.4,65,84.6,12.08,0.27,1.49,0.186,10.43,6.88,0.106,1.27
40.0,2.0,1.5,2.5,4.5,0.8,,0.4,141,70.9,26.13,0.54,1.32,0.185,9.39,14.85,0.105,1.17
40.0,3.0,0.7,2.5,3.0,0.6,14400,0.8,195,73.3,36.03,0.58,1.59,0.185,6.86,20.43,0.105,1.31
40.0,3.0,0.7,2.5,4.5,0.6,14400,0.8,195,73.3,35.98,0.58,1.59,0.185,6.86,20.38,0.105,1.31
40.0,4.0,0.7,2.5,3.0,0.4,14400,0.8,170,77.6,31.53,0.45,1.57,0.185,10.33,17.93,0.105,1.31
40.0,4.0,0.7,2.5,4.5,0.4,14400,0.8,170,77.6,31.48,0.45,1.57,0.185,10.33,17.88,0.105,1.3
40.0,4.0,1.0,1.5,3.0,0.4,14400,0.2,89,83.1,16.46,0.26,1.27,0.185,12.02,9.34,0.105,1.15
40.0,4.0,1.0,1.5,4.5,0.4,14400,0.2,89,83.1,16.46,0.26,1.27,0.185,12.02,9.34,0.105,1.15
45.0,2.0,0.7,2.5,3.0,0.8,14400,0.4,163,78.5,30.15,0.4,1.48,0.185,8.69,17.11,0.105,1.26
45.0,2.0,0.7,2.5,4.5,0.8,14400,0.4,163,78.5,30.15,0.4,1.48,0.185,8.69,17.11,0.105,1.26
45.0,2.0,1.5,2.5,3.0,0.4,7200,0.4,143,70.6,26.41,0.58,1.38,0.185,10.45,14.97,0.105,1.21
45.0,2.0,1.5,2.5,4.5,0.4,7200,0.4,143,70.6,26.41,0.58,1.38,0.185,10.45,14.97,0.105,1.21
45.0,3.0,0.7,2.5,3.0,0.8,14400,0.2,127,84.3,23.49,0.26,1.4,0.185,8.39,13.33,0.105,1.22
45.0,3.0,0.7,2.5,4.5,0.8,14400,0.2,127,84.3,23.49,0.26,1.4,0.185,8.39,13.33,0.105,1.22
45.0,3.0,1.5,2.5,3.0,0.4,3600,0.4,140,73.6,25.94,0.52,1.44,0.185,8.06,14.74,0.105,1.24
45.0,3.0,1.5,2.5,4.5,0.4,3600,0.4,140,73.6,25.85,0.52,1.44,0.185,8.06,14.65,0.105,1.24
45.0,4.0,0.7,1.5,3.0,0.6,14400,0.8,133,80.5,24.61,0.38,1.56,0.185,14.14,13.97,0.105,1.3
45.0,4.0,0.7,1.5,4.5,0.6,14400,0.8,133,80.5,24.61,0.38,1.56,0.185,14.14,13.97,0.105,1.3
45.0,5.0,1.0,2.5,3.0,0.6,14400,0.2,66,86.4,12.18,0.2,1.27,0.185,17.19,6.9,0.105,1.15
45.0,5.0,1.0,2.5,4.5,0.6,14400,0.2,66,86.4,12.18,0.2,1.27,0.185,17.19,6.9,0.105,1.15
50.0,2.0,0.7,2.5,3.0,0.8,3600,0.2,129,79.8,23.82,0.38,1.52,0.185,9.22,13.5,0.105,1.28
50.0,2.0,0.7,2.5,4.5,0.8,3600,0.2,129,79.8,23.82,0.38,1.52,0.185,9.22,13.5,0.105,1.28
50.0,2.0,1.5,2.5,3.0,0.4,3600,0.4,119,68.9,22.04,0.67,1.48,0.185,6.13,12.52,0.105,1.26
40.0,4.0,0.7,1.5,3.0,0.6,14400,0.8,170,77.1,31.22,0.47,1.56,0.184,10.27,17.62,0.104,1.3
40.0,5.0,0.7,2.5,3.0,0.6,14400,0.2,104,89.4,19.13,0.16,1.38,0.184,10.14,10.81,0.104,1.21
40.0,5.0,0.7,2.5,4.5,0.6,14400,0.2,104,89.4,19.12,0.16,1.38,0.184,10.14,10.8,0.104,1.21
45.0,2.0,0.7,1.5,3.0,0.8,14400,0.2,158,79.1,29.02,0.38,1.45,0.184,9.0,16.38,0.104,1.24
45.0,2.0,0.7,1.5,4.5,0.8,14400,0.2,158,79.1,29.02,0.38,1.45,0.184,9.0,16.38,0.104,1.24
45.0,4.0,1.5,2.5,3.0,0.4,14400,0.4,80,80.0,14.73,0.32,1.28,0.184,12.86,8.33,0.104,1.16
45.0,4.0,1.5,2.5,4.5,0.4,14400,0.4,80,80.0,14.73,0.32,1.28,0.184,12.86,8.33,0.104,1.16
45.0,5.0,1.0,2.5,3.0,0.6,14400,0.8,99,76.8,18.25,0.43,1.42,0.184,13.7,10.33,0.104,1.23
45.0,5.0,1.0,2.5,4.5,0.6,14400,0.8,99,76.8,18.25,0.43,1.42,0.184,13.7,10.33,0.104,1.23
50.0,2.0,0.7,1.5,3.0,0.4,3600,0.2,129,79.8,23.72,0.38,1.52,0.184,9.13,13.4,0.104,1.28
50.0,2.0,0.7,1.5,4.5,0.4,3600,0.2,129,79.8,23.72,0.38,1.52,0.184,9.13,13.4,0.104,1.28
50.0,2.0,1.5,2.5,4.5,0.4,3600,0.4,119,68.9,21.95,0.67,1.48,0.184,6.13,12.43,0.104,1.26
55.0,2.0,1.0,2.5,3.0,0.6,3600,0.4,88,69.3,16.19,0.66,1.49,0.184,6.56,9.15,0.104,1.26
55.0,2.0,1.0,2.5,3.0,0.8,3600,0.4,88,69.3,16.22,0.66,1.49,0.184,6.56,9.18,0.104,1.26
55.0,4.0,0.7,2.5,3.0,0.6,7200,0.4,65,84.6,11.95,0.27,1.49,0.184,10.37,6.75,0.104,1.27
55.0,4.0,0.7,2.5,4.5,0.6,7200,0.4,65,84.6,11.95,0.27,1.49,0.184,10.37,6.75,0.104,1.27
40.0,2.0,0.7,2.5,4.5,0.8,,0.4,141,70.9,25.74,0.56,1.37,0.183,7.23,14.46,0.103,1.2
40.0,4.0,0.7,1.5,4.5,0.6,14400,0.8,170,77.1,31.17,0.47,1.56,0.183,10.27,17.57,0.103,1.3
40.0,4.0,1.0,2.5,3.0,0.8,7200,0.4,99,80.8,18.14,0.32,1.35,0.183,11.21,10.22,0.103,1.19
40.0,4.0,1.0,2.5,4.5,0.8,7200,0.4,99,80.8,18.14,0.32,1.35,0.183,11.21,10.22,0.103,1.19
45.0,2.0,0.7,1.5,3.0,0.8,14400,0.4,163,78.5,29.76,0.4,1.47,0.183,8.69,16.72,0.103,1.25
45.0,2.0,0.7,1.5,4.5,0.8,14400,0.4,163,78.5,29.76,0.4,1.47,0.183,8.69,16.72,0.103,1.25
45.0,4.0,0.7,2.5,3.0,0.6,14400,0.8,133,80.5,24.33,0.38,1.55,0.183,14.14,13.69,0.103,1.3
45.0,4.0,0.7,2.5,4.5,0.6,14400,0.8,133,80.5,24.33,0.38,1.55,0.183,14.14,13.69,0.103,1.3
45.0,5.0,1.0,1.5,3.0,0.6,14400,0.2,66,86.4,12.09,0.2,1.27,0.183,17.19,6.81,0.103,1.15
45.0,5.0,1.0,1.5,3.0,0.6,14400,0.8,99,76.8,18.13,0.43,1.41,0.183,13.7,10.21,0.103,1.22
45.0,5.0,1.0,1.5,3.0,0.8,14400,0.8,99,76.8,18.13,0.43,1.41,0.183,13.76,10.21,0.103,1.22
45.0,5.0,1.0,1.5,4.5,0.6,14400,0.2,66,86.4,12.09,0.2,1.27,0.183,17.19,6.81,0.103,1.15
45.0,5.0,1.0,1.5,4.5,0.6,14400,0.8,99,76.8,18.13,0.43,1.41,0.183,13.7,10.21,0.103,1.22
45.0,5.0,1.0,1.5,4.5,0.8,14400,0.8,99,76.8,18.13,0.43,1.41,0.183,13.76,10.21,0.103,1.22
45.0,5.0,1.0,2.5,3.0,0.4,,0.4,62,85.5,11.34,0.21,1.25,0.183,17.06,6.38,0.103,1.14
45.0,5.0,1.0,2.5,4.5,0.4,,0.4,62,85.5,11.34,0.21,1.25,0.183,17.06,6.38,0.103,1.14
50.0,2.0,0.7,2.5,3.0,0.6,3600,0.2,129,79.8,23.61,0.38,1.51,0.183,9.25,13.29,0.103,1.28
50.0,2.0,0.7,2.5,4.5,0.6,3600,0.2,129,79.8,23.61,0.38,1.51,0.183,9.25,13.29,0.103,1.28
50.0,4.0,1.0,2.5,3.0,0.8,14400,0.2,65,83.1,11.89,0.26,1.27,0.183,14.32,6.69,0.103,1.15
50.0,4.0,1.0,2.5,4.5,0.8,14400,0.2,65,83.1,11.86,0.26,1.27,0.182,14.32,6.66,0.103,1.15
55.0,4.0,0.7,1.5,3.0,0.6,14400,0.8,71,77.5,13.02,0.46,1.59,0.183,7.29,7.34,0.103,1.31
55.0,4.0,0.7,1.5,4.5,0.6,14400,0.8,71,77.5,13.0,0.46,1.58,0.183,7.29,7.32,0.103,1.31
40.0,2.0,1.5,2.5,3.0,0.8,,0.4,142,71.1,25.84,0.53,1.32,0.182,9.39,14.48,0.102,1.17
40.0,3.0,1.0,1.5,3.0,0.6,7200,0.2,121,79.3,22.0,0.34,1.29,0.182,13.99,12.32,0.102,1.16
40.0,3.0,1.0,1.5,3.0,0.8,7200,0.2,121,79.3,21.96,0.34,1.29,0.181,13.99,12.28,0.102,1.16
40.0,3.0,1.0,1.5,4.5,0.6,7200,0.2,121,79.3,22.0,0.34,1.29,0.182,13.99,12.32,0.102,1.16
40.0,3.0,1.0,1.5,4.5,0.6,,0.4,122,78.7,22.22,0.35,1.28,0.182,13.82,12.46,0.102,1.16
40.0,3.0,1.0,1.5,4.5,0.8,7200,0.2,121,79.3,21.96,0.34,1.29,0.181,13.99,12.28,0.102,1.16
40.0,3.0,1.0,2.5,4.5,0.8,14400,0.2,123,78.9,22.38,0.34,1.29,0.182,13.99,12.54,0.102,1.16
40.0,4.0,1.0,1.5,3.0,0.6,7200,0.4,99,80.8,18.02,0.32,1.34,0.182,11.09,10.1,0.102,1.19
40.0,4.0,1.0,1.5,4.5,0.6,7200,0.4,99,80.8,18.02,0.32,1.34,0.182,11.09,10.1,0.102,1.19
45.0,2.0,0.7,1.5,3.0,0.4,,0.4,126,72.2,22.99,0.53,1.37,0.182,9.27,12.91,0.102,1.2
45.0,2.0,0.7,1.5,4.5,0.4,,0.4,126,72.2,22.98,0.53,1.37,0.182,9.27,12.9,0.102,1.2
45.0,2.0,1.5,2.5,3.0,0.6,3600,0.4,150,70.0,27.31,0.62,1.46,0.182,5.27,15.31,0.102,1.24
45.0,4.0,1.5,2.5,3.0,0.4,1200,0.2,86,80.2,15.62,0.33,1.32,0.182,12.86,8.74,0.102,1.17
45.0,4.0,1.5,2.5,4.5,0.4,1200,0.2,86,80.2,15.62,0.33,1.32,0.182,12.86,8.74,0.102,1.17
45.0,5.0,1.0,1.5,3.0,0.6,7200,0.4,86,81.4,15.62,0.31,1.34,0.182,17.19,8.74,0.102,1.18
45.0,5.0,1.0,1.5,4.5,0.6,7200,0.4,86,81.4,15.62,0.31,1.34,0.182,17.19,8.74,0.102,1.18
45.0,5.0,1.0,2.5,3.0,0.4,3600,0.2,66,86.4,12.03,0.2,1.27,0.182,17.07,6.75,0.102,1.15
45.0,5.0,1.0,2.5,4.5,0.4,3600,0.2,66,86.4,12.03,0.2,1.27,0.182,17.07,6.75,0.102,1.15
55.0,2.0,1.0,1.5,3.0,0.8,7200,0.4,83,71.1,15.08,0.57,1.39,0.182,8.45,8.44,0.102,1.21
55.0,2.0,1.0,1.5,4.5,0.8,7200,0.4,83,71.1,15.08,0.57,1.39,0.182,8.45,8.44,0.102,1.21
55.0,2.0,1.0,2.5,4.5,0.6,3600,0.4,88,69.3,16.05,0.66,1.48,0.182,6.56,9.01,0.102,1.25
55.0,2.0,1.0,2.5,4.5,0.8,3600,0.4,88,69.3,16.03,0.66,1.48,0.182,6.56,8.99,0.102,1.25
40.0,3.0,1.0,2.5,3.0,0.8,14400,0.2,123,78.9,22.29,0.34,1.29,0.181,13.99,12.45,0.101,1.16
40.0,4.0,0.7,1.5,3.0,0.4,14400,0.8,170,77.6,30.75,0.45,1.55,0.181,10.22,17.15,0.101,1.29
40.0,4.0,0.7,1.5,4.5,0.4,14400,0.8,170,77.6,30.7,0.45,1.55,0.181,10.22,17.09,0.101,1.29
40.0,4.0,1.0,1.5,3.0,0.8,7200,0.4,99,80.8,17.95,0.32,1.34,0.181,11.21,10.03,0.101,1.18
40.0,4.0,1.0,1.5,4.5,0.8,7200,0.4,99,80.8,17.95,0.32,1.34,0.181,11.21,10.03,0.101,1.18
40.0,5.0,0.7,1.5,3.0,0.4,14400,0.2,104,89.4,18.8,0.16,1.37,0.181,10.0,10.48,0.101,1.2
40.0,5.0,1.0,1.5,3.0,0.4,7200,0.8,157,70.7,28.35,0.65,1.58,0.181,9.31,15.79,0.101,1.3
45.0,2.0,1.5,2.5,3.0,0.4,7200,0.2,126,70.6,22.84,0.54,1.31,0.181,9.7,12.76,0.101,1.17
45.0,2.0,1.5,2.5,4.5,0.4,7200,0.2,126,70.6,22.84,0.54,1.31,0.181,9.7,12.76,0.101,1.17
45.0,2.0,1.5,2.5,4.5,0.6,3600,0.4,150,70.0,27.17,0.62,1.45,0.181,5.27,15.17,0.101,1.24
45.0,3.0,0.7,2.5,3.0,0.8,14400,0.8,164,76.8,29.66,0.47,1.56,0.181,9.17,16.54,0.101,1.29
45.0,3.0,0.7,2.5,4.5,0.8,14400,0.8,164,76.8,29.66,0.47,1.56,0.181,9.17,16.54,0.101,1.29
45.0,5.0,1.0,1.5,3.0,0.4,7200,0.2,66,86.4,11.92,0.2,1.26,0.181,17.07,6.64,0.101,1.15
45.0,5.0,1.0,1.5,4.5,0.4,7200,0.2,66,86.4,11.92,0.2,1.26,0.181,17.07,6.64,0.101,1.15
50.0,2.0,0.7,1.5,3.0,0.8,3600,0.2,129,79.8,23.41,0.38,1.51,0.181,9.22,13.09,0.101,1.27
50.0,2.0,0.7,1.5,4.5,0.8,3600,0.2,129,79.8,23.41,0.38,1.51,0.181,9.22,13.09,0.101,1.27
50.0,2.0,1.5,2.5,3.0,0.4,2400,0.4,150,72.0,27.14,0.63,1.62,0.181,5.93,15.14,0.101,1.32
55.0,2.0,0.7,2.5,4.5,0.8,,0.4,76,73.7,13.79,0.49,1.36,0.181,8.5,7.71,0.101,1.2
55.0,2.0,1.0,1.5,3.0,0.4,3600,0.4,88,69.3,15.97,0.66,1.48,0.181,6.62,8.93,0.101,1.25
55.0,2.0,1.0,1.5,3.0,0.6,7200,0.4,83,71.1,15.04,0.57,1.39,0.181,8.39,8.4,0.101,1.21
55.0,2.0,1.0,1.5,4.5,0.6,7200,0.4,83,71.1,15.04,0.57,1.39,0.181,8.39,8.4,0.101,1.21
55.0,4.0,1.5,2.5,3.0,0.8,3600,0.8,113,61.9,20.49,1.4,2.28,0.181,4.79,11.45,0.101,1.58
55.0,4.0,1.5,2.5,4.5,0.8,3600,0.8,113,61.9,20.44,1.4,2.27,0.181,4.79,11.4,0.101,1.58
40.0,2.0,0.7,2.5,3.0,0.8,,0.4,142,71.1,25.59,0.56,1.37,0.18,7.05,14.23,0.1,1.2
40.0,3.0,1.5,2.5,3.0,0.8,14400,0.8,165,69.7,29.75,0.61,1.41,0.18,11.19,16.55,0.1,1.22
40.0,3.0,1.5,2.5,4.5,0.8,14400,0.8,165,69.7,29.71,0.61,1.41,0.18,11.19,16.51,0.1,1.22
40.0,4.0,1.5,2.5,3.0,0.4,14400,0.4,88,81.8,15.84,0.28,1.26,0.18,12.0,8.8,0.1,1.14
40.0,4.0,1.5,2.5,4.5,0.4,14400,0.4,88,81.8,15.84,0.28,1.26,0.18,12.0,8.8,0.1,1.14
40.0,5.0,0.7,1.5,4.5,0.4,14400,0.2,104,89.4,18.71,0.16,1.37,0.18,10.0,10.39,0.1,1.2
40.0,5.0,1.0,1.5,4.5,0.4,7200,0.8,157,70.7,28.25,0.65,1.58,0.18,9.31,15.69,0.1,1.29
45.0,4.0,1.5,2.5,3.0,0.6,7200,0.4,92,79.3,16.57,0.34,1.31,0.18,13.26,9.2,0.1,1.17
45.0,4.0,1.5,2.5,4.5,0.6,7200,0.4,92,79.3,16.57,0.34,1.31,0.18,13.26,9.2,0.1,1.17
45.0,5.0,1.0,2.5,3.0,0.6,7200,0.2,66,86.4,11.9,0.2,1.26,0.18,17.19,6.62,0.1,1.14
45.0,5.0,1.0,2.5,4.5,0.6,7200,0.2,66,86.4,11.9,0.2,1.26,0.18,17.19,6.62,0.1,1.14
50.0,2.0,0.7,1.5,3.0,0.6,3600,0.2,129,79.8,23.2,0.38,1.5,0.18,9.25,12.88,0.1,1.27
50.0,2.0,0.7,1.5,4.5,0.6,3600,0.2,129,79.8,23.2,0.38,1.5,0.18,9.25,12.88,0.1,1.27
50.0,2.0,1.5,2.5,4.5,0.4,2400,0.4,150,72.0,27.05,0.63,1.61,0.18,5.93,15.05,0.1,1.31
55.0,2.0,1.0,1.5,4.5,0.4,3600,0.4,88,69.3,15.88,0.65,1.48,0.18,6.62,8.84,0.1,1.25
55.0,2.0,1.0,2.5,3.0,0.8,14400,0.8,94,69.1,16.88,0.64,1.44,0.18,7.24,9.36,0.1,1.23
55.0,2.0,1.5,2.5,3.0,0.6,3600,0.4,90,68.9,16.18,0.67,1.49,0.18,5.7,8.98,0.1,1.25
55.0,4.0,0.7,1.5,3.0,0.4,7200,0.4,65,84.6,11.68,0.27,1.48,0.18,10.25,6.48,0.1,1.26
55.0,4.0,0.7,1.5,4.5,0.4,7200,0.4,65,84.6,11.68,0.27,1.48,0.18,10.25,6.48,0.1,1.26
40.0,3.0,1.0,2.5,3.0,0.4,2400,0.2,128,78.9,22.97,0.35,1.31,0.179,13.99,12.73,0.099,1.16
40.0,3.0,1.0,2.5,4.5,0.4,2400,0.2,128,78.9,22.97,0.35,1.31,0.179,13.99,12.73,0.099,1.16
40.0,5.0,0.7,2.5,4.5,0.8,14400,0.2,104,89.4,18.65,0.16,1.37,0.179,10.26,10.33,0.099,1.2
45.0,2.0,1.0,1.5,3.0,0.8,14400,0.2,130,73.1,23.31,0.49,1.33,0.179,10.45,12.91,0.099,1.18
45.0,2.0,1.0,1.5,4.5,0.8,14400,0.2,130,73.1,23.31,0.49,1.33,0.179,10.45,12.91,0.099,1.18
45.0,3.0,0.7,2.5,3.0,0.6,14400,0.4,126,84.9,22.6,0.25,1.41,0.179,8.27,12.53,0.099,1.22
45.0,3.0,0.7,2.5,4.5,0.6,14400,0.4,126,84.9,22.6,0.25,1.41,0.179,8.27,12.53,0.099,1.22
50.0,3.0,1.5,2.5,3.0,0.4,3600,0.4,110,75.5,19.65,0.46,1.4,0.179,10.13,10.85,0.099,1.21
50.0,4.0,1.0,2.5,3.0,0.6,14400,0.2,65,83.1,11.66,0.26,1.27,0.179,14.26,6.46,0.099,1.14
50.0,4.0,1.0,2.5,4.5,0.6,14400,0.2,65,83.1,11.64,0.26,1.26,0.179,14.26,6.44,0.099,1.14
55.0,2.0,1.0,1.5,3.0,0.6,3600,0.4,88,69.3,15.75,0.65,1.47,0.179,6.62,8.71,0.099,1.25
55.0,2.0,1.0,1.5,3.0,0.8,3600,0.4,88,69.3,15.78,0.65,1.48,0.179,6.62,8.74,0.099,1.25
55.0,2.0,1.0,2.5,4.5,0.8,14400,0.8,94,69.1,16.86,0.64,1.44,0.179,7.24,9.34,0.099,1.23
40.0,3.0,0.7,1.5,3.0,0.4,,0.4,119,78.2,21.22,0.37,1.32,0.178,12.4,11.7,0.098,1.17
40.0,3.0,0.7,1.5,4.5,0.4,,0.4,119,78.2,21.21,0.37,1.32,0.178,12.4,11.69,0.098,1.17
40.0,4.0,0.7,1.5,3.0,0.8,14400,0.8,170,77.6,30.24,0.45,1.55,0.178,10.32,16.64,0.098,1.28
40.0,5.0,1.5,2.5,3.0,0.4,3600,0.8,289,66.8,51.43,1.05,2.11,0.178,5.91,28.31,0.098,1.51
40.0,5.0,1.5,2.5,4.5,0.4,3600,0.8,289,66.8,51.43,1.05,2.11,0.178,5.91,28.31,0.098,1.51
45.0,2.0,0.7,2.5,3.0,0.4,3600,0.2,171,78.9,30.45,0.39,1.45,0.178,8.05,16.77,0.098,1.24
45.0,2.0,0.7,2.5,4.5,0.4,3600,0.2,171,78.9,30.45,0.39,1.45,0.178,8.05,16.77,0.098,1.24
45.0,2.0,1.0,2.5,3.0,0.8,14400,0.2,130,73.1,23.1,0.49,1.33,0.178,10.53,12.7,0.098,1.17
45.0,2.0,1.0,2.5,4.5,0.8,14400,0.2,130,73.1,23.1,0.49,1.33,0.178,10.53,12.7,0.098,1.17
45.0,3.0,0.7,1.5,3.0,0.8,14400,0.2,127,84.3,22.56,0.26,1.39,0.178,8.4,12.4,0.098,1.21
45.0,3.0,0.7,1.5,4.5,0.8,14400,0.2,127,84.3,22.56,0.26,1.39,0.178,8.4,12.4,0.098,1.21
45.0,5.0,1.0,1.5,3.0,0.8,7200,0.2,66,86.4,11.76,0.2,1.26,0.178,17.25,6.48,0.098,1.14
45.0,5.0,1.0,1.5,4.5,0.8,7200,0.2,66,86.4,11.76,0.2,1.26,0.178,17.25,6.48,0.098,1.14
50.0,2.0,1.0,2.5,3.0,0.6,14400,0.8,116,68.1,20.62,0.67,1.44,0.178,9.66,11.34,0.098,1.23
50.0,2.0,1.0,2.5,4.5,0.6,14400,0.8,116,68.1,20.6,0.67,1.44,0.178,9.66,11.32,0.098,1.23
50.0,3.0,1.5,2.5,4.5,0.4,3600,0.4,110,75.5,19.56,0.45,1.4,0.178,10.13,10.76,0.098,1.21
55.0,2.0,1.5,2.5,3.0,0.4,1200,0.2,89,70.8,15.88,0.58,1.39,0.178,7.57,8.76,0.098,1.21
55.0,2.0,1.5,2.5,3.0,0.8,7200,0.8,109,66.1,19.36,0.86,1.67,0.178,4.35,10.64,0.098,1.33
55.0,2.0,1.5,2.5,4.5,0.4,1200,0.2,89,70.8,15.88,0.58,1.39,0.178,7.57,8.76,0.098,1.21
55.0,2.0,1.5,2.5,4.5,0.6,3600,0.4,90,68.9,16.05,0.67,1.48,0.178,5.7,8.85,0.098,1.25
40.0,3.0,0.7,2.5,3.0,0.4,,0.4,119,78.2,21.12,0.37,1.32,0.177,12.5,11.6,0.097,1.17
40.0,3.0,0.7,2.5,4.5,0.4,,0.4,119,78.2,21.11,0.37,1.32,0.177,12.5,11.59,0.097,1.17
40.0,5.0,0.7,1.5,3.0,0.6,14400,0.2,104,89.4,18.42,0.16,1.37,0.177,10.14,10.1,0.097,1.2
40.0,5.0,0.7,1.5,4.5,0.6,14400,0.2,104,89.4,18.41,0.16,1.36,0.177,10.14,10.09,0.097,1.2
40.0,5.0,1.0,2.5,3.0,0.6,7200,0.8,157,70.7,27.83,0.65,1.57,0.177,9.43,15.27,0.097,1.29
40.0,5.0,1.5,2.5,3.0,0.4,1200,0.4,176,75.0,31.22,0.6,1.79,0.177,7.9,17.14,0.097,1.39
40.0,5.0,1.5,2.5,3.0,0.6,3600,0.8,285,66.3,50.59,1.07,2.11,0.178,5.91,27.79,0.097,1.51
40.0,5.0,1.5,2.5,4.5,0.4,1200,0.4,176,75.0,31.22,0.6,1.79,0.177,7.9,17.14,0.097,1.39
40.0,5.0,1.5,2.5,4.5,0.6,3600,0.8,285,66.3,50.59,1.07,2.11,0.178,5.91,27.79,0.097,1.51
45.0,2.0,0.7,2.5,3.0,0.4,,0.4,126,72.2,22.3,0.52,1.36,0.177,9.41,12.22,0.097,1.19
45.0,2.0,0.7,2.5,4.5,0.4,,0.4,126,72.2,22.29,0.52,1.36,0.177,9.41,12.21,0.097,1.19
45.0,3.0,0.7,1.5,3.0,0.6,14400,0.4,126,84.9,22.3,0.25,1.4,0.177,8.31,12.22,0.097,1.21
45.0,3.0,0.7,1.5,4.5,0.6,14400,0.4,126,84.9,22.3,0.25,1.4,0.177,8.31,12.22,0.097,1.21
45.0,3.0,1.5,2.5,3.0,0.6,7200,0.8,175,68.0,31.04,0.73,1.56,0.177,9.53,17.04,0.097,1.28
45.0,3.0,1.5,2.5,4.5,0.6,7200,0.8,175,68.0,30.95,0.73,1.56,0.177,9.53,16.95,0.097,1.28
45.0,5.0,1.0,1.5,3.0,0.4,,0.4,62,85.5,11.0,0.21,1.24,0.177,16.97,6.04,0.097,1.13
45.0,5.0,1.0,1.5,4.5,0.4,,0.4,62,85.5,11.0,0.21,1.24,0.177,16.97,6.04,0.097,1.13
50.0,2.0,1.5,2.5,3.0,0.6,7200,0.8,150,64.0,26.51,0.94,1.67,0.177,6.06,14.51,0.097,1.33
50.0,2.0,1.5,2.5,4.5,0.6,7200,0.8,150,64.0,26.51,0.94,1.67,0.177,6.06,14.51,0.097,1.33
55.0,2.0,0.7,1.5,3.0,0.8,,0.4,77,74.0,13.66,0.48,1.36,0.177,8.54,7.5,0.097,1.19
55.0,2.0,1.0,1.5,3.0,0.4,14400,0.8,94,69.1,16.59,0.64,1.43,0.176,7.0,9.07,0.097,1.22
55.0,2.0,1.0,1.5,4.5,0.4,14400,0.8,94,69.1,16.59,0.64,1.43,0.176,7.0,9.07,0.097,1.22
55.0,2.0,1.0,1.5,4.5,0.6,3600,0.4,88,69.3,15.61,0.65,1.47,0.177,6.62,8.57,0.097,1.24
55.0,2.0,1.0,1.5,4.5,0.8,3600,0.4,88,69.3,15.59,0.65,1.47,0.177,6.62,8.55,0.097,1.24
55.0,2.0,1.0,2.5,3.0,0.6,14400,0.8,94,69.1,16.6,0.64,1.43,0.177,7.12,9.08,0.097,1.22
55.0,2.0,1.5,2.5,4.5,0.8,7200,0.8,109,66.1,19.3,0.86,1.67,0.177,4.35,10.58,0.097,1.33
55.0,4.0,1.0,1.5,3.0,0.4,3600,0.8,110,62.7,19.44,1.31,2.21,0.177,4.79,10.64,0.097,1.54
55.0,4.0,1.0,1.5,4.5,0.4,3600,0.8,110,62.7,19.44,1.31,2.21,0.177,4.79,10.64,0.097,1.54
40.0,2.0,1.0,2.5,4.5,0.8,,0.4,141,70.9,24.78,0.53,1.3,0.176,9.23,13.5,0.096,1.16
40.0,3.0,0.7,2.5,3.0,0.4,14400,0.8,195,73.8,34.4,0.55,1.57,0.176,6.71,18.8,0.096,1.29
40.0,3.0,0.7,2.5,4.5,0.4,14400,0.8,195,73.8,34.34,0.55,1.56,0.176,6.71,18.74,0.096,1.29
40.0,3.0,1.5,2.5,3.0,0.4,14400,0.8,156,67.9,27.47,0.66,1.4,0.176,10.79,14.99,0.096,1.2
40.0,3.0,1.5,2.5,4.5,0.4,14400,0.8,156,67.9,27.41,0.66,1.4,0.176,10.79,14.93,0.096,1.2
40.0,4.0,0.7,1.5,4.5,0.8,14400,0.8,170,77.6,30.0,0.44,1.54,0.176,10.32,16.4,0.096,1.28
40.0,5.0,0.7,2.5,3.0,0.4,14400,0.4,106,88.7,18.66,0.17,1.37,0.176,10.0,10.18,0.096,1.2
40.0,5.0,1.0,2.5,4.5,0.6,7200,0.8,157,70.7,27.69,0.65,1.57,0.176,9.43,15.13,0.096,1.28
40.0,5.0,1.5,2.5,3.0,0.8,3600,0.8,283,66.8,49.9,1.05,2.11,0.176,5.91,27.26,0.096,1.51
40.0,5.0,1.5,2.5,4.5,0.8,3600,0.8,283,66.8,49.9,1.05,2.11,0.176,5.91,27.26,0.096,1.51
45.0,2.0,0.7,1.5,3.0,0.4,3600,0.2,171,78.9,30.07,0.38,1.44,0.176,8.05,16.39,0.096,1.23
45.0,2.0,0.7,1.5,4.5,0.4,3600,0.2,171,78.9,30.07,0.38,1.44,0.176,8.05,16.39,0.096,1.23
45.0,3.0,0.7,2.5,3.0,0.4,14400,0.2,126,84.1,22.21,0.26,1.38,0.176,8.15,12.13,0.096,1.2
45.0,3.0,0.7,2.5,4.5,0.4,14400,0.2,126,84.1,22.21,0.26,1.38,0.176,8.15,12.13,0.096,1.2
45.0,5.0,1.0,1.5,3.0,0.4,3600,0.2,66,86.4,11.61,0.2,1.26,0.176,17.07,6.33,0.096,1.14
45.0,5.0,1.0,1.5,4.5,0.4,3600,0.2,66,86.4,11.61,0.2,1.26,0.176,17.07,6.33,0.096,1.14
50.0,4.0,1.5,2.5,3.0,0.6,14400,0.4,72,80.6,12.67,0.31,1.29,0.176,14.85,6.91,0.096,1.15
50.0,4.0,1.5,2.5,4.5,0.6,14400,0.4,72,80.6,12.65,0.31,1.29,0.176,14.85,6.89,0.096,1.15
55.0,2.0,1.0,2.5,4.5,0.6,14400,0.8,94,69.1,16.58,0.64,1.43,0.176,7.12,9.06,0.096,1.22
55.0,4.0,0.7,1.5,3.0,0.8,7200,0.4,65,84.6,11.44,0.27,1.47,0.176,10.43,6.24,0.096,1.25
55.0,4.0,0.7,1.5,4.5,0.8,7200,0.4,65,84.6,11.44,0.27,1.47,0.176,10.43,6.24,0.096,1.25
55.0,4.0,1.0,1.5,3.0,0.6,3600,0.8,110,62.7,19.32,1.31,2.21,0.176,4.79,10.52,0.096,1.54
55.0,4.0,1.0,1.5,3.0,0.8,3600,0.8,110,62.7,19.38,1.31,2.21,0.176,4.79,10.58,0.096,1.54
55.0,4.0,1.0,1.5,4.5,0.6,3600,0.8,110,62.7,19.32,1.31,2.21,0.176,4.79,10.52,0.096,1.54
55.0,4.0,1.0,1.5,4.5,0.8,3600,0.8,110,62.7,19.38,1.31,2.21,0.176,4.79,10.58,0.096,1.54
55.0,4.0,1.0,2.5,3.0,0.4,3600,0.8,110,62.7,19.39,1.31,2.21,0.176,4.79,10.59,0.096,1.54
55.0,4.0,1.0,2.5,3.0,0.8,3600,0.8,110,62.7,19.34,1.31,2.21,0.176,4.79,10.54,0.096,1.54
55.0,4.0,1.0,2.5,4.5,0.4,3600,0.8,110,62.7,19.39,1.31,2.21,0.176,4.79,10.59,0.096,1.54
55.0,4.0,1.0,2.5,4.5,0.8,3600,0.8,110,62.7,19.34,1.31,2.21,0.176,4.79,10.54,0.096,1.54
40.0,3.0,0.7,1.5,3.0,0.6,14400,0.8,195,73.3,34.03,0.57,1.56,0.175,6.88,18.43,0.095,1.28
40.0,3.0,1.0,1.5,4.5,0.8,14400,0.2,123,78.9,21.51,0.34,1.28,0.175,13.99,11.67,0.095,1.15
40.0,3.0,1.0,2.5,3.0,0.6,2400,0.2,128,78.9,22.39,0.35,1.3,0.175,13.99,12.15,0.095,1.16
40.0,3.0,1.0,2.5,4.5,0.6,2400,0.2,128,78.9,22.39,0.35,1.3,0.175,13.99,12.15,0.095,1.16
40.0,5.0,0.7,2.5,3.0,0.8,14400,0.2,104,89.4,18.23,0.16,1.36,0.175,10.26,9.91,0.095,1.19
40.0,5.0,0.7,2.5,4.5,0.4,14400,0.4,106,88.7,18.57,0.17,1.37,0.175,10.0,10.09,0.095,1.2
40.0,5.0,1.5,2.5,3.0,0.6,7200,0.8,153,69.9,26.75,0.66,1.54,0.175,9.15,14.51,0.095,1.27
45.0,2.0,0.7,1.5,3.0,0.4,14400,0.2,160,78.8,28.02,0.38,1.42,0.175,8.01,15.22,0.095,1.22
45.0,2.0,0.7,1.5,4.5,0.4,14400,0.2,160,78.8,28.02,0.38,1.42,0.175,8.01,15.22,0.095,1.22
45.0,2.0,0.7,2.5,3.0,0.4,14400,0.2,160,78.8,27.96,0.38,1.42,0.175,8.06,15.16,0.095,1.22
45.0,2.0,0.7,2.5,4.5,0.4,14400,0.2,160,78.8,27.96,0.38,1.42,0.175,8.06,15.16,0.095,1.22
45.0,2.0,1.5,2.5,3.0,0.4,14400,0.8,176,69.3,30.88,0.63,1.43,0.175,9.47,16.8,0.095,1.22
45.0,2.0,1.5,2.5,4.5,0.4,14400,0.8,176,69.3,30.88,0.63,1.43,0.175,9.47,16.8,0.095,1.22
45.0,3.0,0.7,1.5,3.0,0.8,14400,0.8,164,76.8,28.71,0.46,1.54,0.175,9.17,15.59,0.095,1.28
45.0,3.0,0.7,1.5,4.5,0.8,14400,0.8,164,76.8,28.71,0.46,1.54,0.175,9.17,15.59,0.095,1.28
45.0,5.0,0.7,2.5,3.0,0.8,7200,0.2,82,90.2,14.37,0.15,1.36,0.175,9.98,7.82,0.095,1.19
45.0,5.0,0.7,2.5,4.5,0.8,7200,0.2,82,90.2,14.37,0.15,1.36,0.175,9.98,7.82,0.095,1.19
50.0,2.0,1.0,2.5,3.0,0.8,14400,0.8,116,68.1,20.3,0.67,1.43,0.175,9.71,11.02,0.095,1.22
50.0,2.0,1.0,2.5,4.5,0.8,14400,0.8,116,68.1,20.28,0.67,1.43,0.175,9.71,11.0,0.095,1.22
50.0,3.0,0.7,2.5,3.0,0.4,3600,0.2,113,84.1,19.75,0.27,1.44,0.175,9.55,10.71,0.095,1.23
50.0,3.0,0.7,2.5,4.5,0.4,3600,0.2,113,84.1,19.75,0.27,1.44,0.175,9.55,10.71,0.095,1.23
50.0,4.0,1.0,1.5,3.0,0.8,14400,0.2,65,83.1,11.39,0.26,1.26,0.175,14.32,6.19,0.095,1.14
50.0,4.0,1.0,1.5,4.5,0.8,14400,0.2,65,83.1,11.37,0.26,1.26,0.175,14.32,6.17,0.095,1.14
55.0,4.0,1.0,2.5,3.0,0.6,3600,0.8,110,62.7,19.27,1.31,2.2,0.175,4.79,10.47,0.095,1.53
55.0,4.0,1.0,2.5,4.5,0.6,3600,0.8,110,62.7,19.27,1.31,2.2,0.175,4.79,10.47,0.095,1.53
40.0,2.0,1.0,2.5,3.0,0.8,,0.4,142,71.1,24.75,0.53,1.3,0.174,9.23,13.39,0.094,1.16
40.0,3.0,0.7,1.5,4.5,0.6,14400,0.8,195,73.3,33.99,0.57,1.56,0.174,6.88,18.39,0.094,1.28
40.0,3.0,0.7,2.5,3.0,0.8,14400,0.8,193,73.6,33.63,0.56,1.55,0.174,6.76,18.19,0.094,1.28
40.0,3.0,1.0,1.5,3.0,0.4,2400,0.2,128,78.9,22.32,0.35,1.3,0.174,13.99,12.08,0.094,1.16
40.0,3.0,1.0,1.5,3.0,0.8,14400,0.2,123,78.9,21.42,0.34,1.27,0.174,13.99,11.58,0.094,1.14
40.0,3.0,1.0,1.5,4.5,0.4,2400,0.2,128,78.9,22.32,0.35,1.3,0.174,13.99,12.08,0.094,1.16
40.0,5.0,1.5,2.5,4.5,0.6,7200,0.8,153,69.9,26.61,0.66,1.54,0.174,9.15,14.37,0.094,1.27
45.0,2.0,0.7,1.5,3.0,0.4,14400,0.4,165,78.2,28.77,0.4,1.44,0.174,7.8,15.57,0.094,1.23
45.0,2.0,0.7,1.5,4.5,0.4,14400,0.4,165,78.2,28.77,0.4,1.44,0.174,7.8,15.57,0.094,1.23
45.0,2.0,0.7,2.5,3.0,0.4,7200,0.2,165,78.8,28.69,0.39,1.43,0.174,8.87,15.49,0.094,1.22
45.0,2.0,0.7,2.5,3.0,0.4,14400,0.4,165,78.2,28.7,0.4,1.44,0.174,7.8,15.5,0.094,1.23
45.0,2.0,0.7,2.5,3.0,0.6,3600,0.2,171,78.9,29.79,0.38,1.44,0.174,8.17,16.11,0.094,1.23
45.0,2.0,0.7,2.5,3.0,0.8,3600,0.2,171,78.9,29.81,0.38,1.44,0.174,8.14,16.13,0.094,1.23
45.0,2.0,0.7,2.5,4.5,0.4,7200,0.2,165,78.8,28.69,0.39,1.43,0.174,8.87,15.49,0.094,1.22
45.0,2.0,0.7,2.5,4.5,0.4,14400,0.4,165,78.2,28.7,0.4,1.44,0.174,7.8,15.5,0.094,1.23
45.0,2.0,0.7,2.5,4.5,0.6,3600,0.2,171,78.9,29.79,0.38,1.44,0.174,8.17,16.11,0.094,1.23
45.0,2.0,0.7,2.5,4.5,0.8,3600,0.2,171,78.9,29.81,0.38,1.44,0.174,8.14,16.13,0.094,1.23
45.0,2.0,1.5,2.5,3.0,0.6,14400,0.8,178,69.1,30.98,0.65,1.44,0.174,10.47,16.74,0.094,1.23
45.0,2.0,1.5,2.5,3.0,0.8,3600,0.2,124,71.8,21.56,0.52,1.32,0.174,10.98,11.64,0.094,1.16
45.0,2.0,1.5,2.5,4.5,0.6,14400,0.8,178,69.1,30.98,0.65,1.44,0.174,10.47,16.74,0.094,1.23
45.0,2.0,1.5,2.5,4.5,0.8,3600,0.2,124,71.8,21.56,0.52,1.32,0.174,10.98,11.64,0.094,1.16
45.0,3.0,0.7,2.5,3.0,0.6,14400,0.8,161,77.6,28.05,0.44,1.53,0.174,8.87,15.17,0.094,1.27
45.0,3.0,0.7,2.5,4.5,0.6,14400,0.8,161,77.6,28.05,0.44,1.53,0.174,8.87,15.17,0.094,1.27
50.0,2.0,1.5,2.5,3.0,0.8,7200,0.8,147,63.3,25.64,0.95,1.64,0.174,6.15,13.88,0.094,1.31
50.0,2.0,1.5,2.5,4.5,0.8,7200,0.8,147,63.3,25.59,0.95,1.64,0.174,6.15,13.83,0.094,1.31
50.0,4.0,1.0,1.5,3.0,0.6,14400,0.2,65,83.1,11.32,0.26,1.26,0.174,14.26,6.12,0.094,1.14
50.0,4.0,1.0,1.5,4.5,0.6,14400,0.2,65,83.1,11.3,0.26,1.26,0.174,14.26,6.1,0.094,1.14
55.0,5.0,1.5,2.5,3.0,0.8,3600,0.8,108,62.0,18.82,1.26,2.05,0.174,5.83,10.18,0.094,1.48
55.0,5.0,1.5,2.5,4.5,0.8,3600,0.8,108,62.0,18.77,1.26,2.05,0.174,5.83,10.13,0.094,1.47
40.0,3.0,0.7,2.5,4.5,0.8,14400,0.8,193,73.6,33.39,0.56,1.55,0.173,6.76,17.95,0.093,1.28
40.0,3.0,1.0,1.5,3.0,0.4,,0.4,119,78.2,20.54,0.35,1.26,0.173,13.76,11.02,0.093,1.14
40.0,3.0,1.0,1.5,4.5,0.4,,0.4,119,78.2,20.53,0.35,1.26,0.173,13.76,11.01,0.093,1.14
40.0,4.0,1.0,2.5,3.0,0.4,14400,0.4,92,82.6,15.96,0.27,1.27,0.173,12.95,8.6,0.093,1.14
40.0,4.0,1.0,2.5,4.5,0.4,14400,0.4,92,82.6,15.96,0.27,1.27,0.173,12.95,8.6,0.093,1.14
40.0,4.0,1.5,2.5,3.0,0.4,3600,0.4,117,76.9,20.3,0.41,1.36,0.174,12.85,10.94,0.093,1.18
40.0,4.0,1.5,2.5,4.5,0.4,3600,0.4,117,76.9,20.3,0.41,1.36,0.174,12.85,10.94,0.093,1.18
40.0,5.0,1.0,1.5,3.0,0.6,7200,0.8,157,70.7,27.21,0.64,1.56,0.173,9.43,14.65,0.093,1.28
40.0,5.0,1.0,2.5,3.0,0.8,7200,0.8,157,70.7,27.21,0.64,1.56,0.173,9.55,14.65,0.093,1.28
40.0,5.0,1.0,2.5,4.5,0.8,7200,0.8,157,70.7,27.11,0.64,1.55,0.173,9.55,14.55,0.093,1.27
45.0,2.0,0.7,2.5,3.0,0.8,7200,0.2,165,78.8,28.51,0.39,1.43,0.173,9.29,15.31,0.093,1.22
45.0,2.0,0.7,2.5,4.5,0.8,7200,0.2,165,78.8,28.51,0.39,1.43,0.173,9.29,15.31,0.093,1.22
50.0,2.0,1.0,1.5,3.0,0.6,14400,0.8,116,68.1,20.07,0.67,1.43,0.173,9.66,10.79,0.093,1.22
50.0,2.0,1.0,1.5,4.5,0.6,14400,0.8,116,68.1,20.05,0.67,1.43,0.173,9.66,10.77,0.093,1.22
55.0,4.0,0.7,1.5,3.0,0.6,7200,0.4,65,84.6,11.26,0.27,1.46,0.173,10.37,6.06,0.093,1.24
55.0,4.0,0.7,1.5,4.5,0.6,7200,0.4,65,84.6,11.26,0.27,1.46,0.173,10.37,6.06,0.093,1.24
40.0,3.0,0.7,1.5,3.0,0.4,14400,0.8,195,73.8,33.46,0.55,1.55,0.172,6.61,17.86,0.092,1.27
40.0,3.0,1.0,2.5,3.0,0.4,,0.4,119,78.2,20.44,0.35,1.26,0.172,13.86,10.92,0.092,1.14
40.0,3.0,1.0,2.5,3.0,0.8,2400,0.2,128,78.9,21.98,0.35,1.29,0.172,13.99,11.74,0.092,1.15
40.0,3.0,1.0,2.5,4.5,0.4,,0.4,119,78.2,20.43,0.35,1.26,0.172,13.86,10.91,0.092,1.14
40.0,3.0,1.0,2.5,4.5,0.8,2400,0.2,128,78.9,21.98,0.35,1.29,0.172,13.99,11.74,0.092,1.15
40.0,3.0,1.5,2.5,3.0,0.6,7200,0.8,220,66.8,37.73,0.78,1.57,0.172,6.0,20.13,0.092,1.28
40.0,5.0,1.0,1.5,4.5,0.6,7200,0.8,157,70.7,27.07,0.64,1.55,0.172,9.43,14.51,0.092,1.27
45.0,2.0,0.7,1.5,3.0,0.6,3600,0.2,171,78.9,29.41,0.38,1.43,0.172,8.17,15.73,0.092,1.22
45.0,2.0,0.7,1.5,3.0,0.6,14400,0.2,160,78.8,27.56,0.38,1.41,0.172,8.54,14.76,0.092,1.21
45.0,2.0,0.7,1.5,3.0,0.8,3600,0.2,171,78.9,29.43,0.38,1.43,0.172,8.14,15.75,0.092,1.22
45.0,2.0,0.7,1.5,4.5,0.6,3600,0.2,171,78.9,29.41,0.38,1.43,0.172,8.17,15.73,0.092,1.22
45.0,2.0,0.7,1.5,4.5,0.6,14400,0.2,160,78.8,27.56,0.38,1.41,0.172,8.54,14.76,0.092,1.21
45.0,2.0,0.7,1.5,4.5,0.8,3600,0.2,171,78.9,29.43,0.38,1.43,0.172,8.14,15.75,0.092,1.22
45.0,3.0,0.7,1.5,3.0,0.4,14400,0.2,126,84.1,21.65,0.26,1.37,0.172,8.15,11.57,0.092,1.19
45.0,3.0,0.7,1.5,3.0,0.6,14400,0.8,161,77.6,27.74,0.44,1.53,0.172,8.87,14.86,0.092,1.27
45.0,3.0,0.7,1.5,4.5,0.4,14400,0.2,126,84.1,21.65,0.26,1.37,0.172,8.15,11.57,0.092,1.19
45.0,3.0,0.7,1.5,4.5,0.6,14400,0.8,161,77.6,27.74,0.44,1.53,0.172,8.87,14.86,0.092,1.27
50.0,2.0,1.5,2.5,3.0,0.4,1200,0.4,189,69.3,32.42,0.87,1.96,0.172,5.47,17.3,0.092,1.44
50.0,3.0,0.7,1.5,3.0,0.4,3600,0.2,113,84.1,19.42,0.27,1.43,0.172,9.55,10.38,0.092,1.22
50.0,3.0,0.7,1.5,4.5,0.4,3600,0.2,113,84.1,19.42,0.27,1.43,0.172,9.55,10.38,0.092,1.22
50.0,3.0,0.7,2.5,3.0,0.8,3600,0.2,113,84.1,19.45,0.27,1.43,0.172,9.64,10.41,0.092,1.22
50.0,3.0,0.7,2.5,4.5,0.8,3600,0.2,113,84.1,19.45,0.27,1.43,0.172,9.64,10.41,0.092,1.22
50.0,3.0,1.5,2.5,3.0,0.4,2400,0.4,135,74.1,23.18,0.52,1.49,0.172,10.01,12.39,0.092,1.25
50.0,5.0,0.7,2.5,3.0,0.4,7200,0.8,121,74.4,20.86,0.61,1.77,0.172,5.24,11.18,0.092,1.37
50.0,5.0,0.7,2.5,4.5,0.4,7200,0.8,121,74.4,20.8,0.61,1.77,0.172,5.24,11.12,0.092,1.37
40.0,3.0,0.7,1.5,4.5,0.4,14400,0.8,195,73.8,33.41,0.55,1.55,0.171,6.61,17.81,0.091,1.27
40.0,3.0,1.5,2.5,4.5,0.6,7200,0.8,220,66.8,37.64,0.78,1.57,0.171,6.0,20.04,0.091,1.27
40.0,4.0,1.0,1.5,3.0,0.4,14400,0.4,92,82.6,15.77,0.27,1.26,0.171,12.82,8.41,0.091,1.14
40.0,4.0,1.0,1.5,4.5,0.4,14400,0.4,92,82.6,15.77,0.27,1.26,0.171,12.82,8.41,0.091,1.14
40.0,5.0,1.0,1.5,3.0,0.8,7200,0.8,157,70.7,26.8,0.64,1.55,0.171,9.55,14.24,0.091,1.27
45.0,2.0,0.7,1.5,3.0,0.4,7200,0.2,165,78.8,28.13,0.38,1.43,0.17,8.87,14.93,0.091,1.22
45.0,2.0,0.7,1.5,3.0,0.6,14400,0.4,165,78.2,28.3,0.4,1.43,0.172,8.28,15.1,0.091,1.22
45.0,2.0,0.7,1.5,4.5,0.4,7200,0.2,165,78.8,28.13,0.38,1.43,0.17,8.87,14.93,0.091,1.22
45.0,2.0,0.7,1.5,4.5,0.6,14400,0.4,165,78.2,28.3,0.4,1.43,0.172,8.28,15.1,0.091,1.22
45.0,2.0,0.7,2.5,3.0,0.6,7200,0.2,165,78.8,28.16,0.38,1.43,0.171,9.11,14.96,0.091,1.22
45.0,2.0,0.7,2.5,4.5,0.6,7200,0.2,165,78.8,28.16,0.38,1.43,0.171,9.11,14.96,0.091,1.22
45.0,3.0,1.5,2.5,3.0,0.8,2400,0.4,169,71.0,28.94,0.62,1.53,0.171,7.73,15.42,0.091,1.26
45.0,5.0,0.7,1.5,3.0,0.8,7200,0.2,82,90.2,13.98,0.15,1.35,0.17,9.98,7.42,0.091,1.18
45.0,5.0,0.7,1.5,4.5,0.8,7200,0.2,82,90.2,13.98,0.15,1.35,0.17,9.98,7.42,0.091,1.18
45.0,5.0,1.0,2.5,3.0,0.6,3600,0.2,66,86.4,11.29,0.2,1.25,0.171,17.19,6.01,0.091,1.13
45.0,5.0,1.0,2.5,3.0,0.8,3600,0.2,66,86.4,11.3,0.2,1.25,0.171,17.16,6.03,0.091,1.13
45.0,5.0,1.0,2.5,4.5,0.6,3600,0.2,66,86.4,11.29,0.2,1.25,0.171,17.19,6.01,0.091,1.13
45.0,5.0,1.0,2.5,4.5,0.8,3600,0.2,66,86.4,11.3,0.2,1.25,0.171,17.16,6.03,0.091,1.13
50.0,2.0,1.5,2.5,4.5,0.4,1200,0.4,189,69.3,32.33,0.87,1.96,0.171,5.47,17.21,0.091,1.44
50.0,3.0,1.5,2.5,4.5,0.4,2400,0.4,135,74.1,23.1,0.52,1.49,0.171,10.01,12.3,0.091,1.25
50.0,5.0,0.7,2.5,3.0,0.8,7200,0.8,121,74.4,20.71,0.61,1.76,0.171,5.24,11.03,0.091,1.37
55.0,2.0,0.7,1.5,4.5,0.8,,0.4,76,73.7,13.0,0.48,1.34,0.171,8.54,6.92,0.091,1.18
40.0,3.0,1.0,1.5,3.0,0.6,2400,0.2,128,78.9,21.81,0.34,1.29,0.17,13.99,11.57,0.09,1.15
40.0,3.0,1.0,1.5,4.5,0.6,2400,0.2,128,78.9,21.81,0.34,1.29,0.17,13.99,11.57,0.09,1.15
40.0,5.0,0.7,1.5,4.5,0.8,14400,0.2,104,89.4,17.72,0.16,1.35,0.17,10.26,9.4,0.09,1.18
40.0,5.0,0.7,2.5,3.0,0.6,14400,0.4,106,88.7,17.98,0.17,1.35,0.17,10.0,9.5,0.09,1.18
40.0,5.0,0.7,2.5,4.5,0.6,14400,0.4,106,88.7,17.97,0.17,1.35,0.17,10.0,9.49,0.09,1.18
40.0,5.0,1.0,1.5,4.5,0.8,7200,0.8,157,70.7,26.71,0.64,1.55,0.17,9.55,14.15,0.09,1.27
45.0,2.0,0.7,1.5,3.0,0.8,7200,0.2,165,78.8,28.0,0.38,1.42,0.17,9.29,14.8,0.09,1.21
45.0,2.0,0.7,1.5,4.5,0.8,7200,0.2,165,78.8,28.0,0.38,1.42,0.17,9.29,14.8,0.09,1.21
45.0,2.0,0.7,2.5,3.0,0.6,14400,0.2,160,78.8,27.28,0.38,1.41,0.17,8.66,14.48,0.09,1.21
45.0,2.0,0.7,2.5,3.0,0.6,14400,0.4,165,78.2,28.02,0.4,1.43,0.17,8.28,14.82,0.09,1.22
45.0,2.0,0.7,2.5,4.5,0.6,14400,0.2,160,78.8,27.28,0.38,1.41,0.17,8.66,14.48,0.09,1.21
45.0,2.0,0.7,2.5,4.5,0.6,14400,0.4,165,78.2,28.02,0.4,1.43,0.17,8.28,14.82,0.09,1.22
45.0,2.0,1.5,2.5,3.0,0.4,14400,0.2,126,70.6,21.42,0.54,1.29,0.17,9.7,11.34,0.09,1.15
45.0,2.0,1.5,2.5,4.5,0.4,14400,0.2,126,70.6,21.42,0.54,1.29,0.17,9.7,11.34,0.09,1.15
45.0,3.0,1.5,2.5,4.5,0.8,2400,0.4,169,71.0,28.75,0.62,1.52,0.17,7.73,15.23,0.09,1.26
45.0,5.0,0.7,2.5,3.0,0.4,7200,0.2,82,90.2,13.9,0.15,1.35,0.17,9.8,7.34,0.09,1.18
45.0,5.0,0.7,2.5,4.5,0.4,7200,0.2,82,90.2,13.9,0.15,1.35,0.17,9.8,7.34,0.09,1.18
45.0,5.0,1.0,1.5,3.0,0.6,7200,0.2,66,86.4,11.25,0.2,1.25,0.17,17.19,5.97,0.09,1.13
45.0,5.0,1.0,1.5,4.5,0.6,7200,0.2,66,86.4,11.25,0.2,1.25,0.17,17.19,5.97,0.09,1.13
45.0,5.0,1.5,2.5,3.0,0.6,1200,0.4,193,72.5,32.82,0.79,2.09,0.17,5.27,17.38,0.09,1.49
50.0,3.0,0.7,2.5,3.0,0.6,3600,0.2,113,84.1,19.24,0.27,1.43,0.17,9.67,10.2,0.09,1.22
50.0,3.0,0.7,2.5,4.5,0.6,3600,0.2,113,84.1,19.24,0.27,1.43,0.17,9.67,10.2,0.09,1.22
50.0,3.0,1.0,2.5,3.0,0.4,14400,0.8,102,71.6,17.29,0.53,1.35,0.17,11.54,9.13,0.09,1.17
50.0,3.0,1.0,2.5,4.5,0.4,14400,0.8,102,71.6,17.29,0.53,1.35,0.17,11.54,9.13,0.09,1.17
50.0,5.0,0.7,2.5,4.5,0.8,7200,0.8,121,74.4,20.55,0.61,1.76,0.17,5.24,10.87,0.09,1.36
55.0,2.0,1.5,2.5,3.0,0.4,7200,0.8,110,66.4,18.7,0.84,1.65,0.17,4.31,9.9,0.09,1.31
55.0,2.0,1.5,2.5,3.0,0.8,1200,0.2,87,70.1,14.8,0.58,1.37,0.17,7.66,7.84,0.09,1.18
55.0,2.0,1.5,2.5,4.5,0.4,7200,0.8,110,66.4,18.7,0.84,1.65,0.17,4.31,9.9,0.09,1.31
40.0,3.0,1.0,2.5,3.0,0.4,3600,0.2,123,78.0,20.76,0.36,1.28,0.169,13.99,10.92,0.089,1.14
40.0,3.0,1.0,2.5,4.5,0.4,3600,0.2,123,78.0,20.76,0.36,1.28,0.169,13.99,10.92,0.089,1.14
40.0,3.0,1.5,2.5,3.0,0.4,7200,0.4,136,76.5,23.0,0.4,1.29,0.169,13.52,12.12,0.089,1.15
40.0,3.0,1.5,2.5,4.5,0.4,7200,0.4,136,76.5,23.0,0.4,1.29,0.169,13.52,12.12,0.089,1.15
40.0,5.0,0.7,1.5,3.0,0.4,14400,0.4,106,88.7,17.95,0.17,1.35,0.169,10.0,9.47,0.089,1.18
40.0,5.0,0.7,2.5,3.0,0.4,7200,0.8,195,75.4,32.89,0.56,1.72,0.169,6.57,17.29,0.089,1.35
45.0,3.0,1.0,2.5,3.0,0.8,14400,0.8,143,72.0,24.14,0.54,1.39,0.169,8.97,12.7,0.089,1.19
45.0,3.0,1.0,2.5,4.5,0.8,14400,0.8,143,72.0,24.14,0.54,1.39,0.169,8.97,12.7,0.089,1.19
45.0,3.0,1.5,2.5,3.0,0.6,2400,0.4,179,70.4,30.2,0.65,1.54,0.169,8.42,15.88,0.089,1.26
45.0,5.0,1.5,2.5,4.5,0.6,1200,0.4,193,72.5,32.69,0.79,2.09,0.169,5.27,17.25,0.089,1.49
50.0,3.0,0.7,1.5,3.0,0.8,3600,0.2,113,84.1,19.13,0.27,1.42,0.169,9.64,10.09,0.089,1.22
50.0,3.0,0.7,1.5,4.5,0.8,3600,0.2,113,84.1,19.13,0.27,1.42,0.169,9.64,10.09,0.089,1.22
50.0,5.0,0.7,2.5,3.0,0.6,7200,0.8,121,74.4,20.39,0.6,1.75,0.169,5.24,10.71,0.089,1.36
55.0,2.0,1.5,2.5,4.5,0.8,1200,0.2,87,70.1,14.74,0.58,1.37,0.169,7.66,7.78,0.089,1.18
40.0,3.0,1.0,1.5,3.0,0.8,2400,0.2,128,78.9,21.47,0.34,1.29,0.168,13.99,11.23,0.088,1.15
40.0,3.0,1.0,1.5,4.5,0.8,2400,0.2,128,78.9,21.47,0.34,1.29,0.168,13.99,11.23,0.088,1.15
40.0,5.0,0.7,1.5,4.5,0.4,14400,0.4,106,88.7,17.86,0.17,1.35,0.168,10.0,9.38,0.088,1.18
40.0,5.0,0.7,2.5,4.5,0.4,7200,0.8,195,75.4,32.83,0.56,1.72,0.168,6.57,17.23,0.088,1.34
45.0,3.0,0.7,2.5,3.0,0.4,14400,0.4,129,84.5,21.65,0.25,1.37,0.168,8.15,11.33,0.088,1.19
45.0,3.0,0.7,2.5,4.5,0.4,14400,0.4,129,84.5,21.65,0.25,1.37,0.168,8.15,11.33,0.088,1.19
45.0,3.0,1.5,2.5,4.5,0.6,2400,0.4,179,70.4,30.07,0.65,1.54,0.168,8.42,15.75,0.088,1.26
45.0,5.0,0.7,2.5,3.0,0.6,7200,0.2,82,90.2,13.77,0.15,1.34,0.168,9.93,7.21,0.088,1.18
45.0,5.0,0.7,2.5,4.5,0.6,7200,0.2,82,90.2,13.77,0.15,1.34,0.168,9.93,7.21,0.088,1.18
50.0,2.0,1.0,1.5,3.0,0.8,14400,0.8,116,68.1,19.52,0.66,1.42,0.168,9.71,10.24,0.088,1.2
50.0,2.0,1.0,1.5,4.5,0.8,14400,0.8,116,68.1,19.5,0.66,1.42,0.168,9.71,10.22,0.088,1.2
50.0,5.0,0.7,2.5,4.5,0.6,7200,0.8,121,74.4,20.29,0.6,1.75,0.168,5.24,10.61,0.088,1.35
40.0,2.0,0.7,1.5,4.5,0.8,,0.4,141,70.9,23.6,0.55,1.34,0.167,7.35,12.32,0.087,1.17
45.0,2.0,0.7,1.5,3.0,0.6,7200,0.2,165,78.8,27.61,0.38,1.42,0.167,9.11,14.41,0.087,1.21
45.0,2.0,0.7,1.5,4.5,0.6,7200,0.2,165,78.8,27.61,0.38,1.42,0.167,9.11,14.41,0.087,1.21
45.0,3.0,1.5,2.5,3.0,0.8,7200,0.8,179,69.8,29.98,0.67,1.54,0.167,9.73,15.66,0.087,1.26
45.0,3.0,1.5,2.5,4.5,0.8,7200,0.8,179,69.8,29.91,0.67,1.54,0.167,9.73,15.59,0.087,1.26
50.0,2.0,0.7,2.5,3.0,0.4,2400,0.2,133,80.5,22.17,0.36,1.48,0.167,9.13,11.53,0.087,1.24
50.0,2.0,0.7,2.5,4.5,0.4,2400,0.2,133,80.5,22.17,0.36,1.48,0.167,9.13,11.53,0.087,1.24
50.0,2.0,1.0,2.5,3.0,0.4,7200,0.4,114,70.2,19.07,0.58,1.36,0.167,10.46,9.95,0.087,1.18
50.0,2.0,1.0,2.5,4.5,0.4,7200,0.4,114,70.2,19.07,0.58,1.36,0.167,10.46,9.95,0.087,1.18
50.0,3.0,0.7,1.5,3.0,0.6,3600,0.2,113,84.1,18.92,0.27,1.42,0.167,9.67,9.88,0.087,1.21
50.0,3.0,0.7,1.5,4.5,0.6,3600,0.2,113,84.1,18.92,0.27,1.42,0.167,9.67,9.88,0.087,1.21
55.0,3.0,1.5,2.5,3.0,0.6,7200,0.8,96,70.8,16.07,0.66,1.6,0.167,6.6,8.39,0.087,1.28
55.0,3.0,1.5,2.5,4.5,0.6,7200,0.8,96,70.8,16.07,0.66,1.6,0.167,6.6,8.39,0.087,1.28
40.0,5.0,0.7,1.5,3.0,0.8,14400,0.2,104,89.4,17.3,0.16,1.34,0.166,10.26,8.98,0.086,1.17
40.0,5.0,0.7,2.5,4.5,0.8,14400,0.4,106,88.7,17.62,0.17,1.35,0.166,10.0,9.14,0.086,1.18
45.0,4.0,1.5,2.5,3.0,0.8,3600,0.4,105,75.2,17.42,0.44,1.35,0.166,12.03,9.02,0.086,1.17
45.0,5.0,0.7,1.5,3.0,0.4,7200,0.2,82,90.2,13.58,0.14,1.34,0.166,9.8,7.02,0.086,1.17
45.0,5.0,0.7,1.5,4.5,0.4,7200,0.2,82,90.2,13.58,0.14,1.34,0.166,9.8,7.02,0.086,1.17
45.0,5.0,1.0,1.5,3.0,0.6,3600,0.2,66,86.4,10.94,0.2,1.24,0.166,17.19,5.66,0.086,1.12
45.0,5.0,1.0,1.5,3.0,0.8,3600,0.2,66,86.4,10.96,0.2,1.24,0.166,17.16,5.68,0.086,1.12
45.0,5.0,1.0,1.5,4.5,0.6,3600,0.2,66,86.4,10.94,0.2,1.24,0.166,17.19,5.66,0.086,1.12
45.0,5.0,1.0,1.5,4.5,0.8,3600,0.2,66,86.4,10.96,0.2,1.24,0.166,17.16,5.68,0.086,1.12
45.0,5.0,1.5,2.5,3.0,0.4,2400,0.4,112,75.0,18.55,0.48,1.44,0.166,9.83,9.58,0.086,1.22
50.0,4.0,1.0,2.5,3.0,0.4,7200,0.8,116,69.8,19.24,0.67,1.56,0.166,8.18,9.96,0.086,1.26
50.0,4.0,1.0,2.5,4.5,0.4,7200,0.8,116,69.8,19.24,0.67,1.56,0.166,8.18,9.96,0.086,1.26
40.0,2.0,0.7,1.5,3.0,0.8,,0.4,142,71.1,23.48,0.54,1.34,0.165,7.16,12.12,0.085,1.17
40.0,3.0,1.5,2.5,3.0,0.6,7200,0.4,137,75.2,22.59,0.42,1.29,0.165,13.52,11.63,0.085,1.14
40.0,3.0,1.5,2.5,4.5,0.6,7200,0.4,137,75.2,22.59,0.42,1.29,0.165,13.52,11.63,0.085,1.14
40.0,4.0,1.0,2.5,3.0,0.4,2400,0.2,104,81.7,17.19,0.28,1.27,0.165,12.87,8.87,0.085,1.13
40.0,4.0,1.0,2.5,4.5,0.4,2400,0.2,104,81.7,17.19,0.28,1.27,0.165,12.87,8.87,0.085,1.13
45.0,2.0,1.0,1.5,3.0,0.4,14400,0.4,132,72.7,21.76,0.49,1.3,0.165,9.55,11.2,0.085,1.15
45.0,2.0,1.0,1.5,4.5,0.4,14400,0.4,132,72.7,21.76,0.49,1.3,0.165,9.55,11.2,0.085,1.15
45.0,5.0,1.5,2.5,4.5,0.4,2400,0.4,112,75.0,18.46,0.48,1.44,0.165,9.83,9.5,0.085,1.21
50.0,2.0,1.5,2.5,3.0,0.8,2400,0.4,153,72.5,25.31,0.6,1.58,0.165,6.63,13.07,0.085,1.27
50.0,4.0,1.0,2.5,3.0,0.8,7200,0.8,116,69.8,19.09,0.67,1.55,0.165,8.18,9.81,0.085,1.26
50.0,4.0,1.0,2.5,4.5,0.8,7200,0.8,116,69.8,19.09,0.67,1.55,0.165,8.18,9.81,0.085,1.26
50.0,5.0,0.7,1.5,3.0,0.4,7200,0.8,121,74.4,20.02,0.6,1.74,0.165,5.24,10.34,0.085,1.35
50.0,5.0,0.7,1.5,4.5,0.4,7200,0.8,121,74.4,19.96,0.6,1.74,0.165,5.24,10.28,0.085,1.34
40.0,5.0,0.7,1.5,3.0,0.4,7200,0.8,195,75.4,32.04,0.56,1.7,0.164,6.45,16.44,0.084,1.33
40.0,5.0,0.7,1.5,4.5,0.4,7200,0.8,195,75.4,31.99,0.56,1.7,0.164,6.45,16.39,0.084,1.33
45.0,2.0,0.7,2.5,3.0,0.4,2400,0.2,177,79.1,29.07,0.38,1.43,0.164,8.69,14.91,0.084,1.21
45.0,2.0,0.7,2.5,4.5,0.4,2400,0.2,177,79.1,29.07,0.38,1.43,0.164,8.69,14.91,0.084,1.21
45.0,4.0,1.5,2.5,4.5,0.8,3600,0.4,105,75.2,17.23,0.44,1.35,0.164,12.03,8.83,0.084,1.17
50.0,2.0,0.7,2.5,3.0,0.8,2400,0.2,133,80.5,21.79,0.36,1.47,0.164,9.08,11.15,0.084,1.23
50.0,2.0,0.7,2.5,4.5,0.8,2400,0.2,133,80.5,21.79,0.36,1.47,0.164,9.08,11.15,0.084,1.23
50.0,2.0,1.0,1.5,3.0,0.4,7200,0.4,114,70.2,18.66,0.58,1.35,0.164,10.46,9.54,0.084,1.17
50.0,2.0,1.0,1.5,4.5,0.4,7200,0.4,114,70.2,18.66,0.58,1.35,0.164,10.46,9.54,0.084,1.17
50.0,2.0,1.5,2.5,4.5,0.8,2400,0.4,153,72.5,25.07,0.59,1.57,0.164,6.63,12.83,0.084,1.27
50.0,3.0,1.0,1.5,3.0,0.4,14400,0.8,102,71.6,16.73,0.53,1.33,0.164,11.54,8.57,0.084,1.16
50.0,3.0,1.0,1.5,4.5,0.4,14400,0.8,102,71.6,16.73,0.53,1.33,0.164,11.54,8.57,0.084,1.16
50.0,3.0,1.5,2.5,3.0,0.8,2400,0.4,139,74.8,22.81,0.5,1.49,0.164,11.1,11.69,0.084,1.23
50.0,5.0,0.7,1.5,3.0,0.4,1200,0.4,172,76.7,28.19,0.77,2.54,0.164,5.22,14.43,0.084,1.64
50.0,5.0,0.7,1.5,3.0,0.8,1200,0.4,172,76.7,28.18,0.77,2.54,0.164,5.22,14.42,0.084,1.64
50.0,5.0,0.7,1.5,4.5,0.4,1200,0.4,172,76.7,28.19,0.77,2.54,0.164,5.22,14.43,0.084,1.64
50.0,5.0,0.7,1.5,4.5,0.8,1200,0.4,172,76.7,28.18,0.77,2.54,0.164,5.22,14.42,0.084,1.64
50.0,5.0,0.7,2.5,3.0,0.4,1200,0.4,172,76.7,28.19,0.77,2.54,0.164,5.22,14.43,0.084,1.64
50.0,5.0,0.7,2.5,3.0,0.8,1200,0.4,172,76.7,28.18,0.77,2.54,0.164,5.22,14.42,0.084,1.64
50.0,5.0,0.7,2.5,4.5,0.4,1200,0.4,172,76.7,28.19,0.77,2.54,0.164,5.22,14.43,0.084,1.64
50.0,5.0,0.7,2.5,4.5,0.8,1200,0.4,172,76.7,28.18,0.77,2.54,0.164,5.22,14.42,0.084,1.64
55.0,2.0,1.0,1.5,3.0,0.6,14400,0.8,94,69.1,15.42,0.63,1.4,0.164,7.12,7.9,0.084,1.19
55.0,2.0,1.0,1.5,4.5,0.6,14400,0.8,94,69.1,15.4,0.63,1.4,0.164,7.12,7.88,0.084,1.19
55.0,4.0,1.5,2.5,3.0,0.4,3600,0.8,115,61.7,18.85,1.33,2.14,0.164,4.79,9.65,0.084,1.47
55.0,4.0,1.5,2.5,4.5,0.4,3600,0.8,115,61.7,18.85,1.33,2.14,0.164,4.79,9.65,0.084,1.47
55.0,5.0,0.7,1.5,3.0,0.4,1200,0.4,117,79.5,19.18,0.68,2.62,0.164,5.17,9.82,0.084,1.67
55.0,5.0,0.7,1.5,3.0,0.8,1200,0.4,117,79.5,19.16,0.68,2.62,0.164,5.17,9.8,0.084,1.67
55.0,5.0,0.7,1.5,4.5,0.4,1200,0.4,117,79.5,19.18,0.68,2.62,0.164,5.17,9.82,0.084,1.67
55.0,5.0,0.7,1.5,4.5,0.8,1200,0.4,117,79.5,19.16,0.68,2.62,0.164,5.17,9.8,0.084,1.67
55.0,5.0,0.7,2.5,3.0,0.4,1200,0.4,117,79.5,19.18,0.68,2.62,0.164,5.17,9.82,0.084,1.67
55.0,5.0,0.7,2.5,3.0,0.8,1200,0.4,117,79.5,19.16,0.68,2.62,0.164,5.17,9.8,0.084,1.67
55.0,5.0,0.7,2.5,4.5,0.4,1200,0.4,117,79.5,19.18,0.68,2.62,0.164,5.17,9.82,0.084,1.67
55.0,5.0,0.7,2.5,4.5,0.8,1200,0.4,117,79.5,19.16,0.68,2.62,0.164,5.17,9.8,0.084,1.67
40.0,3.0,1.0,1.5,3.0,0.4,3600,0.2,123,78.0,20.11,0.36,1.27,0.163,13.99,10.27,0.083,1.13
40.0,3.0,1.0,1.5,4.5,0.4,3600,0.2,123,78.0,20.11,0.36,1.27,0.163,13.99,10.27,0.083,1.13
40.0,3.0,1.0,2.5,3.0,0.6,3600,0.2,123,78.0,20.04,0.36,1.27,0.163,13.99,10.2,0.083,1.13
40.0,3.0,1.0,2.5,4.5,0.6,3600,0.2,123,78.0,20.04,0.36,1.27,0.163,13.99,10.2,0.083,1.13
40.0,4.0,0.7,2.5,4.5,0.6,14400,0.2,122,86.9,19.83,0.2,1.32,0.163,12.06,10.07,0.083,1.16
40.0,5.0,0.7,2.5,3.0,0.6,7200,0.8,195,75.4,31.74,0.55,1.7,0.163,6.69,16.14,0.083,1.32
45.0,3.0,0.7,1.5,3.0,0.4,14400,0.4,129,84.5,21.09,0.25,1.36,0.163,8.15,10.77,0.083,1.18
45.0,3.0,0.7,1.5,4.5,0.4,14400,0.4,129,84.5,21.09,0.25,1.36,0.163,8.15,10.77,0.083,1.18
45.0,3.0,1.0,2.5,3.0,0.6,14400,0.8,140,72.9,22.78,0.51,1.37,0.163,8.67,11.58,0.083,1.18
45.0,3.0,1.0,2.5,4.5,0.6,14400,0.8,140,72.9,22.78,0.51,1.37,0.163,8.67,11.58,0.083,1.18
45.0,4.0,1.5,2.5,3.0,0.4,1200,0.4,179,73.2,29.14,0.63,1.72,0.163,8.0,14.82,0.083,1.33
45.0,5.0,0.7,1.5,3.0,0.6,7200,0.2,82,90.2,13.34,0.14,1.33,0.163,9.92,6.78,0.083,1.17
45.0,5.0,0.7,1.5,4.5,0.6,7200,0.2,82,90.2,13.34,0.14,1.33,0.163,9.92,6.78,0.083,1.17
50.0,2.0,0.7,1.5,3.0,0.4,2400,0.2,133,80.5,21.72,0.36,1.47,0.163,9.13,11.09,0.083,1.23
50.0,2.0,0.7,1.5,4.5,0.4,2400,0.2,133,80.5,21.72,0.36,1.47,0.163,9.13,11.09,0.083,1.23
50.0,2.0,0.7,2.5,3.0,0.6,2400,0.2,133,80.5,21.68,0.36,1.47,0.163,9.25,11.05,0.083,1.23
50.0,2.0,0.7,2.5,4.5,0.6,2400,0.2,133,80.5,21.68,0.36,1.47,0.163,9.25,11.05,0.083,1.23
50.0,2.0,1.0,2.5,3.0,0.8,7200,0.4,114,70.2,18.54,0.57,1.35,0.163,10.64,9.42,0.083,1.17
50.0,2.0,1.0,2.5,4.5,0.8,7200,0.4,114,70.2,18.54,0.57,1.35,0.163,10.64,9.42,0.083,1.17
50.0,5.0,0.7,1.5,3.0,0.6,1200,0.4,172,76.7,28.07,0.77,2.53,0.163,5.22,14.31,0.083,1.64
50.0,5.0,0.7,1.5,3.0,0.8,7200,0.8,121,74.4,19.71,0.59,1.73,0.163,5.24,10.03,0.083,1.34
50.0,5.0,0.7,1.5,4.5,0.6,1200,0.4,172,76.7,28.07,0.77,2.53,0.163,5.22,14.31,0.083,1.64
50.0,5.0,0.7,2.5,3.0,0.6,1200,0.4,172,76.7,28.07,0.77,2.53,0.163,5.22,14.31,0.083,1.64
50.0,5.0,0.7,2.5,4.5,0.6,1200,0.4,172,76.7,28.07,0.77,2.53,0.163,5.22,14.31,0.083,1.64
55.0,2.0,1.0,1.5,3.0,0.8,14400,0.8,94,69.1,15.33,0.63,1.4,0.163,7.24,7.81,0.083,1.19
55.0,2.0,1.0,1.5,4.5,0.8,14400,0.8,94,69.1,15.31,0.63,1.4,0.163,7.24,7.79,0.083,1.19
55.0,5.0,0.7,1.5,3.0,0.6,1200,0.4,117,79.5,19.06,0.67,2.61,0.163,5.17,9.7,0.083,1.67
55.0,5.0,0.7,1.5,4.5,0.6,1200,0.4,117,79.5,19.06,0.67,2.61,0.163,5.17,9.7,0.083,1.67
55.0,5.0,0.7,2.5,3.0,0.6,1200,0.4,117,79.5,19.06,0.67,2.61,0.163,5.17,9.7,0.083,1.67
55.0,5.0,0.7,2.5,4.5,0.6,1200,0.4,117,79.5,19.06,0.67,2.61,0.163,5.17,9.7,0.083,1.67
40.0,3.0,0.7,1.5,3.0,0.8,14400,0.8,193,73.6,31.32,0.54,1.52,0.162,6.75,15.88,0.082,1.24
40.0,4.0,0.7,2.5,3.0,0.6,14400,0.2,122,86.9,19.77,0.2,1.32,0.162,12.06,10.01,0.082,1.16
40.0,5.0,0.7,1.5,3.0,0.6,14400,0.4,106,88.7,17.16,0.17,1.34,0.162,10.0,8.68,0.082,1.17
40.0,5.0,0.7,1.5,4.5,0.6,14400,0.4,106,88.7,17.15,0.17,1.34,0.162,10.0,8.67,0.082,1.17
40.0,5.0,0.7,2.5,3.0,0.8,14400,0.4,106,88.7,17.2,0.17,1.34,0.162,10.0,8.72,0.082,1.17
40.0,5.0,0.7,2.5,4.5,0.6,7200,0.8,195,75.4,31.64,0.55,1.7,0.162,6.69,16.04,0.082,1.32
45.0,2.0,0.7,1.5,3.0,0.4,2400,0.2,177,79.1,28.69,0.38,1.42,0.162,8.69,14.53,0.082,1.2
45.0,2.0,0.7,1.5,4.5,0.4,2400,0.2,177,79.1,28.69,0.38,1.42,0.162,8.69,14.53,0.082,1.2
45.0,2.0,0.7,2.5,3.0,0.8,2400,0.2,177,79.1,28.64,0.38,1.42,0.162,8.64,14.48,0.082,1.2
45.0,2.0,0.7,2.5,4.5,0.8,2400,0.2,177,79.1,28.64,0.38,1.42,0.162,8.64,14.48,0.082,1.2
45.0,2.0,1.0,2.5,3.0,0.4,14400,0.4,132,72.7,21.37,0.49,1.3,0.162,9.55,10.81,0.082,1.14
45.0,2.0,1.0,2.5,4.5,0.4,14400,0.4,132,72.7,21.37,0.49,1.3,0.162,9.55,10.81,0.082,1.14
45.0,3.0,1.0,1.5,3.0,0.8,14400,0.8,143,72.0,23.23,0.53,1.37,0.162,8.97,11.79,0.082,1.18
45.0,3.0,1.0,1.5,4.5,0.8,14400,0.8,143,72.0,23.23,0.53,1.37,0.162,8.97,11.79,0.082,1.18
45.0,3.0,1.0,2.5,3.0,0.4,3600,0.4,146,73.3,23.67,0.51,1.4,0.162,8.02,11.99,0.082,1.19
45.0,3.0,1.0,2.5,4.5,0.4,3600,0.4,146,73.3,23.58,0.51,1.4,0.162,8.02,11.9,0.082,1.19
45.0,4.0,1.5,2.5,3.0,0.6,14400,0.8,118,76.3,19.1,0.42,1.34,0.162,14.02,9.66,0.082,1.17
45.0,4.0,1.5,2.5,4.5,0.4,1200,0.4,179,73.2,29.05,0.63,1.72,0.162,8.0,14.73,0.082,1.33
45.0,4.0,1.5,2.5,4.5,0.6,14400,0.8,118,76.3,19.1,0.42,1.34,0.162,14.02,9.66,0.082,1.17
50.0,3.0,1.5,2.5,4.5,0.8,2400,0.4,139,74.8,22.57,0.5,1.48,0.162,11.1,11.45,0.082,1.23
50.0,4.0,1.0,1.5,3.0,0.4,7200,0.8,116,69.8,18.83,0.67,1.54,0.162,8.18,9.55,0.082,1.25
50.0,4.0,1.0,1.5,4.5,0.4,7200,0.8,116,69.8,18.83,0.67,1.54,0.162,8.18,9.55,0.082,1.25
50.0,5.0,0.7,1.5,4.5,0.8,7200,0.8,121,74.4,19.56,0.59,1.72,0.162,5.24,9.88,0.082,1.33
55.0,2.0,1.0,2.5,3.0,0.4,7200,0.8,108,66.7,17.47,0.8,1.61,0.162,4.31,8.83,0.082,1.28
55.0,2.0,1.0,2.5,4.5,0.4,7200,0.8,108,66.7,17.47,0.8,1.61,0.162,4.31,8.83,0.082,1.28
55.0,3.0,1.5,2.5,3.0,0.4,7200,0.8,96,70.8,15.56,0.65,1.58,0.162,6.6,7.88,0.082,1.27
55.0,3.0,1.5,2.5,4.5,0.4,7200,0.8,96,70.8,15.56,0.65,1.58,0.162,6.6,7.88,0.082,1.27
55.0,5.0,0.7,1.5,3.0,0.8,2400,0.4,84,82.1,13.59,0.4,1.84,0.162,5.46,6.87,0.082,1.39
55.0,5.0,0.7,1.5,4.5,0.8,2400,0.4,84,82.1,13.59,0.4,1.84,0.162,5.46,6.87,0.082,1.39
55.0,5.0,0.7,2.5,3.0,0.8,2400,0.4,84,82.1,13.59,0.4,1.84,0.162,5.46,6.87,0.082,1.39
55.0,5.0,0.7,2.5,4.5,0.8,2400,0.4,84,82.1,13.59,0.4,1.84,0.162,5.46,6.87,0.082,1.39
55.0,5.0,1.0,1.5,3.0,0.4,3600,0.8,105,62.9,17.03,1.16,1.96,0.162,6.8,8.63,0.082,1.41
55.0,5.0,1.0,1.5,3.0,0.8,3600,0.8,105,62.9,16.97,1.15,1.95,0.162,6.79,8.57,0.082,1.4
55.0,5.0,1.0,1.5,4.5,0.4,3600,0.8,105,62.9,17.03,1.16,1.96,0.162,6.8,8.63,0.082,1.41
55.0,5.0,1.0,1.5,4.5,0.8,3600,0.8,105,62.9,16.97,1.15,1.95,0.162,6.79,8.57,0.082,1.4
40.0,2.0,1.0,1.5,4.5,0.8,,0.4,141,70.9,22.64,0.52,1.28,0.161,9.23,11.36,0.081,1.13
40.0,2.0,1.5,2.5,3.0,0.6,14400,0.4,154,70.1,24.75,0.54,1.27,0.161,9.81,12.43,0.081,1.13
40.0,2.0,1.5,2.5,4.5,0.6,14400,0.4,154,70.1,24.81,0.54,1.28,0.161,9.81,12.49,0.081,1.13
40.0,3.0,0.7,1.5,4.5,0.8,14400,0.8,193,73.6,31.08,0.54,1.51,0.161,6.75,15.64,0.081,1.24
40.0,3.0,1.5,2.5,3.0,0.6,2400,0.2,124,78.2,19.98,0.35,1.26,0.161,13.52,10.06,0.081,1.13
40.0,3.0,1.5,2.5,4.5,0.6,2400,0.2,124,78.2,19.98,0.35,1.26,0.161,13.52,10.06,0.081,1.13
40.0,3.0,1.5,2.5,4.5,0.8,14400,0.2,126,78.6,20.26,0.34,1.25,0.161,13.52,10.18,0.081,1.12
40.0,4.0,1.0,1.5,3.0,0.4,2400,0.2,104,81.7,16.72,0.28,1.26,0.161,12.86,8.4,0.081,1.13
40.0,4.0,1.0,1.5,4.5,0.4,2400,0.2,104,81.7,16.72,0.28,1.26,0.161,12.86,8.4,0.081,1.13
40.0,5.0,0.7,2.5,3.0,0.4,2400,0.4,184,79.3,29.55,0.42,1.62,0.161,9.72,14.82,0.081,1.29
40.0,5.0,0.7,2.5,3.0,0.8,7200,0.8,195,75.4,31.36,0.55,1.69,0.161,6.79,15.76,0.081,1.32
40.0,5.0,0.7,2.5,4.5,0.4,2400,0.4,184,79.3,29.55,0.42,1.62,0.161,9.72,14.82,0.081,1.29
40.0,5.0,1.0,2.5,3.0,0.4,2400,0.4,117,76.1,18.79,0.45,1.44,0.161,8.83,9.43,0.081,1.21
40.0,5.0,1.0,2.5,4.5,0.4,2400,0.4,117,76.1,18.79,0.45,1.44,0.161,8.83,9.43,0.081,1.21
45.0,2.0,0.7,2.5,3.0,0.6,2400,0.2,177,79.1,28.54,0.37,1.42,0.161,8.81,14.38,0.081,1.2
45.0,2.0,0.7,2.5,4.5,0.6,2400,0.2,177,79.1,28.54,0.37,1.42,0.161,8.81,14.38,0.081,1.2
50.0,2.0,1.0,2.5,3.0,0.6,7200,0.4,114,70.2,18.35,0.57,1.35,0.161,10.58,9.22,0.081,1.17
50.0,2.0,1.0,2.5,4.5,0.6,7200,0.4,114,70.2,18.35,0.57,1.35,0.161,10.58,9.22,0.081,1.17
50.0,2.0,1.5,2.5,3.0,0.6,2400,0.4,157,72.0,25.35,0.61,1.57,0.161,6.33,12.79,0.081,1.26
50.0,2.0,1.5,2.5,4.5,0.6,2400,0.4,157,72.0,25.21,0.61,1.57,0.161,6.33,12.65,0.081,1.26
50.0,4.0,1.0,2.5,3.0,0.6,7200,0.8,116,69.8,18.72,0.67,1.54,0.161,8.18,9.44,0.081,1.25
50.0,4.0,1.0,2.5,3.0,0.8,14400,0.4,69,82.6,11.11,0.26,1.25,0.161,14.32,5.59,0.081,1.12
50.0,4.0,1.0,2.5,4.5,0.6,7200,0.8,116,69.8,18.72,0.67,1.54,0.161,8.18,9.44,0.081,1.25
50.0,4.0,1.0,2.5,4.5,0.8,14400,0.4,69,82.6,11.09,0.26,1.25,0.161,14.32,5.57,0.081,1.12
55.0,5.0,0.7,1.5,3.0,0.4,2400,0.4,84,82.1,13.56,0.4,1.84,0.161,5.46,6.84,0.081,1.39
55.0,5.0,0.7,1.5,4.5,0.4,2400,0.4,84,82.1,13.56,0.4,1.84,0.161,5.46,6.84,0.081,1.39
55.0,5.0,0.7,2.5,3.0,0.4,1200,0.2,64,84.4,10.32,0.28,1.51,0.161,9.2,5.2,0.081,1.24
55.0,5.0,0.7,2.5,3.0,0.4,2400,0.4,84,82.1,13.56,0.4,1.84,0.161,5.46,6.84,0.081,1.39
55.0,5.0,0.7,2.5,4.5,0.4,1200,0.2,64,84.4,10.32,0.28,1.51,0.161,9.2,5.2,0.081,1.24
55.0,5.0,0.7,2.5,4.5,0.4,2400,0.4,84,82.1,13.56,0.4,1.84,0.161,5.46,6.84,0.081,1.39
55.0,5.0,1.0,1.5,3.0,0.6,3600,0.8,105,62.9,16.86,1.15,1.95,0.161,6.85,8.46,0.081,1.4
55.0,5.0,1.0,1.5,4.5,0.6,3600,0.8,105,62.9,16.86,1.15,1.95,0.161,6.85,8.46,0.081,1.4
55.0,5.0,1.0,2.5,3.0,0.4,3600,0.8,105,62.9,16.88,1.15,1.95,0.161,6.94,8.48,0.081,1.4
55.0,5.0,1.0,2.5,4.5,0.4,3600,0.8,105,62.9,16.88,1.15,1.95,0.161,6.94,8.48,0.081,1.4
40.0,3.0,1.0,2.5,3.0,0.8,3600,0.2,123,78.0,19.73,0.36,1.26,0.16,13.99,9.89,0.08,1.13
40.0,3.0,1.0,2.5,4.5,0.8,3600,0.2,123,78.0,19.73,0.36,1.26,0.16,13.99,9.89,0.08,1.13
40.0,3.0,1.5,2.5,3.0,0.4,7200,0.8,220,66.4,35.12,0.78,1.53,0.16,6.04,17.52,0.08,1.24
40.0,3.0,1.5,2.5,3.0,0.8,14400,0.2,126,78.6,20.17,0.34,1.25,0.16,13.52,10.09,0.08,1.12
40.0,5.0,0.7,1.5,3.0,0.6,7200,0.8,195,75.4,31.26,0.55,1.69,0.16,6.5,15.66,0.08,1.31
40.0,5.0,0.7,1.5,3.0,0.8,7200,0.8,195,75.4,31.16,0.55,1.69,0.16,6.55,15.56,0.08,1.31
40.0,5.0,0.7,1.5,4.5,0.6,7200,0.8,195,75.4,31.16,0.55,1.69,0.16,6.5,15.56,0.08,1.31
40.0,5.0,0.7,2.5,4.5,0.8,7200,0.8,195,75.4,31.2,0.55,1.69,0.16,6.79,15.6,0.08,1.31
45.0,2.0,0.7,1.5,3.0,0.8,2400,0.2,177,79.1,28.26,0.37,1.41,0.16,8.64,14.1,0.08,1.2
45.0,2.0,0.7,1.5,4.5,0.8,2400,0.2,177,79.1,28.26,0.37,1.41,0.16,8.64,14.1,0.08,1.2
45.0,2.0,1.5,2.5,3.0,0.6,2400,0.2,132,72.0,21.11,0.51,1.3,0.16,11.21,10.55,0.08,1.14
45.0,2.0,1.5,2.5,4.5,0.6,2400,0.2,132,72.0,21.11,0.51,1.3,0.16,11.21,10.55,0.08,1.14
45.0,3.0,0.7,2.5,3.0,0.4,14400,0.8,165,77.0,26.48,0.44,1.47,0.16,9.13,13.28,0.08,1.23
45.0,3.0,0.7,2.5,4.5,0.4,14400,0.8,165,77.0,26.48,0.44,1.47,0.16,9.13,13.28,0.08,1.23
45.0,3.0,1.0,1.5,3.0,0.4,3600,0.4,146,73.3,23.32,0.51,1.39,0.16,8.02,11.64,0.08,1.19
50.0,2.0,0.7,1.5,3.0,0.6,2400,0.2,133,80.5,21.24,0.35,1.46,0.16,9.25,10.6,0.08,1.22
50.0,2.0,0.7,1.5,3.0,0.8,2400,0.2,133,80.5,21.35,0.36,1.46,0.161,9.08,10.71,0.08,1.22
50.0,2.0,0.7,1.5,4.5,0.6,2400,0.2,133,80.5,21.24,0.35,1.46,0.16,9.25,10.6,0.08,1.22
50.0,2.0,0.7,1.5,4.5,0.8,2400,0.2,133,80.5,21.35,0.36,1.46,0.161,9.08,10.71,0.08,1.22
50.0,2.0,1.5,2.5,3.0,0.4,7200,0.8,153,64.1,24.47,0.91,1.62,0.16,5.86,12.23,0.08,1.28
50.0,2.0,1.5,2.5,4.5,0.4,7200,0.8,153,64.1,24.47,0.91,1.62,0.16,5.86,12.23,0.08,1.28
50.0,3.0,1.5,2.5,3.0,0.4,7200,0.8,135,68.1,21.65,0.71,1.51,0.16,10.73,10.85,0.08,1.23
50.0,3.0,1.5,2.5,4.5,0.4,7200,0.8,135,68.1,21.65,0.71,1.51,0.16,10.73,10.85,0.08,1.23
50.0,4.0,1.0,1.5,3.0,0.8,7200,0.8,116,69.8,18.52,0.66,1.53,0.16,8.18,9.24,0.08,1.24
50.0,4.0,1.0,1.5,4.5,0.8,7200,0.8,116,69.8,18.52,0.66,1.53,0.16,8.18,9.24,0.08,1.24
50.0,5.0,0.7,1.5,3.0,0.6,7200,0.8,121,74.4,19.32,0.59,1.71,0.16,5.24,9.64,0.08,1.32
55.0,2.0,1.5,2.5,3.0,0.6,7200,0.8,110,66.4,17.54,0.81,1.61,0.159,4.31,8.75,0.08,1.27
55.0,2.0,1.5,2.5,4.5,0.6,7200,0.8,110,66.4,17.54,0.81,1.61,0.159,4.31,8.75,0.08,1.27
55.0,5.0,0.7,1.5,3.0,0.6,2400,0.4,84,82.1,13.42,0.4,1.83,0.16,5.46,6.7,0.08,1.38
55.0,5.0,0.7,1.5,4.5,0.6,2400,0.4,84,82.1,13.42,0.4,1.83,0.16,5.46,6.7,0.08,1.38
55.0,5.0,0.7,2.5,3.0,0.6,2400,0.4,84,82.1,13.42,0.4,1.83,0.16,5.46,6.7,0.08,1.38
55.0,5.0,0.7,2.5,3.0,0.8,1200,0.2,64,84.4,10.21,0.28,1.5,0.16,9.21,5.09,0.08,1.24
55.0,5.0,0.7,2.5,4.5,0.6,2400,0.4,84,82.1,13.42,0.4,1.83,0.16,5.46,6.7,0.08,1.38
55.0,5.0,0.7,2.5,4.5,0.8,1200,0.2,64,84.4,10.21,0.28,1.5,0.16,9.21,5.09,0.08,1.24
55.0,5.0,1.0,2.5,3.0,0.8,3600,0.8,105,62.9,16.83,1.15,1.95,0.16,6.94,8.43,0.08,1.4
55.0,5.0,1.0,2.5,4.5,0.8,3600,0.8,105,62.9,16.83,1.15,1.95,0.16,6.94,8.43,0.08,1.4
40.0,2.0,1.0,1.5,3.0,0.8,,0.4,142,71.1,22.64,0.52,1.28,0.159,9.23,11.28,0.079,1.13
40.0,3.0,1.5,2.5,3.0,0.8,14400,0.4,130,77.7,20.64,0.36,1.25,0.159,13.52,10.24,0.079,1.12
40.0,3.0,1.5,2.5,4.5,0.4,7200,0.8,220,66.4,35.03,0.78,1.53,0.159,6.04,17.42,0.079,1.24
40.0,3.0,1.5,2.5,4.5,0.8,14400,0.4,130,77.7,20.73,0.36,1.25,0.159,13.52,10.33,0.079,1.12
40.0,4.0,1.0,2.5,3.0,0.6,2400,0.2,104,81.7,16.57,0.28,1.26,0.159,12.97,8.25,0.079,1.13
40.0,4.0,1.0,2.5,4.5,0.6,2400,0.2,104,81.7,16.57,0.28,1.26,0.159,12.97,8.25,0.079,1.13
40.0,5.0,0.7,1.5,3.0,0.4,2400,0.4,184,79.3,29.31,0.42,1.61,0.159,9.72,14.59,0.079,1.28
40.0,5.0,0.7,1.5,4.5,0.4,2400,0.4,184,79.3,29.31,0.42,1.61,0.159,9.72,14.59,0.079,1.28
40.0,5.0,0.7,1.5,4.5,0.8,7200,0.8,195,75.4,31.01,0.55,1.68,0.159,6.55,15.41,0.079,1.31
40.0,5.0,1.0,1.5,3.0,0.4,3600,0.8,295,67.8,46.79,0.96,2.02,0.159,5.91,23.19,0.079,1.42
40.0,5.0,1.0,1.5,4.5,0.4,3600,0.8,295,67.8,46.79,0.96,2.02,0.159,5.91,23.19,0.079,1.42
40.0,5.0,1.0,2.5,3.0,0.4,3600,0.8,295,67.8,46.96,0.96,2.02,0.159,5.91,23.36,0.079,1.43
40.0,5.0,1.0,2.5,4.5,0.4,3600,0.8,295,67.8,46.96,0.96,2.02,0.159,5.91,23.36,0.079,1.43
45.0,2.0,0.7,1.5,3.0,0.6,2400,0.2,177,79.1,28.17,0.37,1.41,0.159,8.81,14.0,0.079,1.2
45.0,2.0,0.7,1.5,4.5,0.6,2400,0.2,177,79.1,28.17,0.37,1.41,0.159,8.81,14.0,0.079,1.2
45.0,3.0,1.0,1.5,4.5,0.4,3600,0.4,146,73.3,23.23,0.51,1.39,0.159,8.02,11.55,0.079,1.18
45.0,4.0,1.0,2.5,3.0,0.4,7200,0.8,157,70.7,24.91,0.63,1.52,0.159,12.06,12.35,0.079,1.24
45.0,4.0,1.0,2.5,3.0,0.4,14400,0.4,88,80.7,13.97,0.3,1.25,0.159,13.07,6.93,0.079,1.12
45.0,4.0,1.0,2.5,4.5,0.4,7200,0.8,157,70.7,24.91,0.63,1.52,0.159,12.06,12.35,0.079,1.24
45.0,4.0,1.0,2.5,4.5,0.4,14400,0.4,88,80.7,13.97,0.3,1.25,0.159,13.07,6.93,0.079,1.12
50.0,2.0,1.0,1.5,3.0,0.8,7200,0.4,114,70.2,18.12,0.57,1.34,0.159,10.64,9.0,0.079,1.16
50.0,2.0,1.0,1.5,4.5,0.8,7200,0.4,114,70.2,18.12,0.57,1.34,0.159,10.64,9.0,0.079,1.16
50.0,3.0,0.7,2.5,3.0,0.4,7200,0.4,114,80.7,18.09,0.34,1.42,0.159,10.06,8.97,0.079,1.2
50.0,3.0,0.7,2.5,4.5,0.4,7200,0.4,114,80.7,18.09,0.34,1.42,0.159,10.06,8.97,0.079,1.2
50.0,5.0,0.7,1.5,4.5,0.6,7200,0.8,121,74.4,19.21,0.59,1.71,0.159,5.24,9.53,0.079,1.32
55.0,2.0,0.7,2.5,3.0,0.4,14400,0.2,86,77.9,13.64,0.39,1.36,0.159,7.87,6.76,0.079,1.17
55.0,2.0,0.7,2.5,4.5,0.4,14400,0.2,86,77.9,13.64,0.39,1.36,0.159,7.87,6.76,0.079,1.17
55.0,5.0,0.7,2.5,3.0,0.6,1200,0.2,64,84.4,10.15,0.28,1.5,0.159,9.32,5.03,0.079,1.24
55.0,5.0,0.7,2.5,4.5,0.6,1200,0.2,64,84.4,10.15,0.28,1.5,0.159,9.32,5.03,0.079,1.24
40.0,3.0,1.0,1.5,3.0,0.6,3600,0.2,123,78.0,19.46,0.35,1.26,0.158,13.99,9.62,0.078,1.12
40.0,3.0,1.0,1.5,4.5,0.6,3600,0.2,123,78.0,19.46,0.35,1.26,0.158,13.99,9.62,0.078,1.12
40.0,3.0,1.0,2.5,3.0,0.6,14400,0.8,160,66.9,25.33,0.67,1.36,0.158,9.49,12.53,0.078,1.17
40.0,3.0,1.0,2.5,4.5,0.6,14400,0.8,160,66.9,25.28,0.67,1.36,0.158,9.49,12.48,0.078,1.17
40.0,4.0,1.0,2.5,3.0,0.4,2400,0.4,155,76.1,24.56,0.44,1.41,0.158,9.89,12.16,0.078,1.19
40.0,4.0,1.0,2.5,3.0,0.4,3600,0.2,92,81.5,14.58,0.28,1.24,0.158,12.82,7.22,0.078,1.12
40.0,4.0,1.0,2.5,4.5,0.4,2400,0.4,155,76.1,24.48,0.44,1.41,0.158,9.89,12.08,0.078,1.19
40.0,4.0,1.0,2.5,4.5,0.4,3600,0.2,92,81.5,14.58,0.28,1.24,0.158,12.82,7.22,0.078,1.12
40.0,5.0,0.7,2.5,3.0,0.6,2400,0.4,184,79.3,28.98,0.42,1.61,0.158,9.72,14.26,0.078,1.28
40.0,5.0,0.7,2.5,4.5,0.6,2400,0.4,184,79.3,28.98,0.42,1.61,0.158,9.72,14.26,0.078,1.28
45.0,3.0,1.0,1.5,3.0,0.6,14400,0.8,140,72.9,22.12,0.51,1.36,0.158,8.67,10.92,0.078,1.17
45.0,3.0,1.0,1.5,4.5,0.6,14400,0.8,140,72.9,22.12,0.51,1.36,0.158,8.67,10.92,0.078,1.17
45.0,3.0,1.5,2.5,3.0,0.4,7200,0.8,178,67.4,28.15,0.73,1.5,0.158,9.39,13.91,0.078,1.23
45.0,3.0,1.5,2.5,4.5,0.4,7200,0.8,178,67.4,28.11,0.73,1.5,0.158,9.39,13.87,0.078,1.23
45.0,4.0,1.0,1.5,3.0,0.4,14400,0.4,88,80.7,13.86,0.3,1.25,0.158,13.07,6.82,0.078,1.12
45.0,4.0,1.0,1.5,4.5,0.4,14400,0.4,88,80.7,13.86,0.3,1.25,0.158,13.07,6.82,0.078,1.12
50.0,4.0,1.0,2.5,3.0,0.6,14400,0.4,69,82.6,10.88,0.26,1.25,0.158,14.26,5.36,0.078,1.12
55.0,2.0,0.7,2.5,3.0,0.4,14400,0.4,88,77.3,13.86,0.4,1.36,0.158,7.87,6.82,0.078,1.17
55.0,2.0,0.7,2.5,4.5,0.4,14400,0.4,88,77.3,13.86,0.4,1.36,0.158,7.87,6.82,0.078,1.17
55.0,3.0,0.7,2.5,3.0,0.4,7200,0.4,79,81.0,12.46,0.33,1.41,0.158,9.61,6.14,0.078,1.19
55.0,3.0,0.7,2.5,4.5,0.4,7200,0.4,79,81.0,12.46,0.33,1.41,0.158,9.61,6.14,0.078,1.19
55.0,5.0,1.0,2.5,3.0,0.6,3600,0.8,105,62.9,16.64,1.14,1.93,0.158,7.06,8.24,0.078,1.39
55.0,5.0,1.0,2.5,4.5,0.6,3600,0.8,105,62.9,16.64,1.14,1.93,0.158,7.06,8.24,0.078,1.39
40.0,5.0,0.7,1.5,3.0,0.6,2400,0.4,184,79.3,28.81,0.42,1.6,0.157,9.72,14.09,0.077,1.27
40.0,5.0,0.7,1.5,4.5,0.6,2400,0.4,184,79.3,28.81,0.42,1.6,0.157,9.72,14.09,0.077,1.27
40.0,5.0,1.0,1.5,3.0,0.4,2400,0.4,117,76.1,18.4,0.45,1.44,0.157,8.83,9.04,0.077,1.2
40.0,5.0,1.0,1.5,4.5,0.4,2400,0.4,117,76.1,18.4,0.45,1.44,0.157,8.83,9.04,0.077,1.2
40.0,5.0,1.0,2.5,3.0,0.6,2400,0.4,117,76.1,18.37,0.45,1.43,0.157,8.83,9.01,0.077,1.2
40.0,5.0,1.0,2.5,4.5,0.6,2400,0.4,117,76.1,18.37,0.45,1.43,0.157,8.83,9.01,0.077,1.2
45.0,2.0,1.0,2.5,3.0,0.4,7200,0.2,131,71.8,20.54,0.5,1.28,0.157,9.55,10.06,0.077,1.13
45.0,2.0,1.0,2.5,4.5,0.4,7200,0.2,131,71.8,20.54,0.5,1.28,0.157,9.55,10.06,0.077,1.13
45.0,3.0,0.7,1.5,3.0,0.4,14400,0.8,165,77.0,25.97,0.44,1.47,0.157,9.71,12.77,0.077,1.22
45.0,3.0,0.7,1.5,4.5,0.4,14400,0.8,165,77.0,25.97,0.44,1.47,0.157,9.71,12.77,0.077,1.22
45.0,4.0,1.0,2.5,3.0,0.8,7200,0.8,157,70.7,24.6,0.63,1.51,0.157,12.06,12.03,0.077,1.23
45.0,4.0,1.0,2.5,4.5,0.8,7200,0.8,157,70.7,24.6,0.63,1.51,0.157,12.06,12.03,0.077,1.23
45.0,4.0,1.5,2.5,3.0,0.4,2400,0.2,86,81.4,13.51,0.28,1.24,0.157,12.86,6.63,0.077,1.11
45.0,4.0,1.5,2.5,4.5,0.4,2400,0.2,86,81.4,13.51,0.28,1.24,0.157,12.86,6.63,0.077,1.11
50.0,4.0,1.0,2.5,4.5,0.6,14400,0.4,69,82.6,10.86,0.26,1.25,0.157,14.26,5.34,0.077,1.12
50.0,4.0,1.5,2.5,3.0,0.8,2400,0.2,79,79.7,12.39,0.32,1.26,0.157,15.15,6.07,0.077,1.12
55.0,3.0,0.7,2.5,3.0,0.8,14400,0.8,82,74.4,12.84,0.49,1.44,0.157,6.5,6.28,0.077,1.2
40.0,3.0,0.7,2.5,4.5,0.6,14400,0.2,147,83.7,22.99,0.26,1.33,0.156,10.04,11.23,0.076,1.16
40.0,3.0,1.0,1.5,3.0,0.8,3600,0.2,123,78.0,19.22,0.35,1.26,0.156,13.99,9.38,0.076,1.12
40.0,3.0,1.0,1.5,4.5,0.8,3600,0.2,123,78.0,19.22,0.35,1.26,0.156,13.99,9.38,0.076,1.12
40.0,5.0,0.7,1.5,4.5,0.8,14400,0.4,106,88.7,16.51,0.17,1.33,0.156,10.0,8.04,0.076,1.16
40.0,5.0,0.7,2.5,3.0,0.8,2400,0.4,184,79.3,28.64,0.42,1.6,0.156,9.72,13.92,0.076,1.27
40.0,5.0,0.7,2.5,4.5,0.8,2400,0.4,184,79.3,28.64,0.42,1.6,0.156,9.72,13.92,0.076,1.27
40.0,5.0,1.0,1.5,3.0,0.6,3600,0.8,295,67.8,45.96,0.95,2.0,0.156,5.91,22.36,0.076,1.41
40.0,5.0,1.0,1.5,4.5,0.6,3600,0.8,295,67.8,45.96,0.95,2.0,0.156,5.91,22.36,0.076,1.41
40.0,5.0,1.0,2.5,3.0,0.6,3600,0.8,295,67.8,45.99,0.95,2.0,0.156,5.91,22.39,0.076,1.41
40.0,5.0,1.0,2.5,4.5,0.6,3600,0.8,295,67.8,45.99,0.95,2.0,0.156,5.91,22.39,0.076,1.41
45.0,3.0,0.7,2.5,3.0,0.4,7200,0.2,130,84.6,20.33,0.24,1.34,0.156,8.31,9.93,0.076,1.16
45.0,3.0,0.7,2.5,3.0,0.8,7200,0.2,130,84.6,20.25,0.24,1.34,0.156,8.19,9.84,0.076,1.16
45.0,3.0,0.7,2.5,4.5,0.4,7200,0.2,130,84.6,20.33,0.24,1.34,0.156,8.31,9.93,0.076,1.16
45.0,3.0,0.7,2.5,4.5,0.8,7200,0.2,130,84.6,20.25,0.24,1.34,0.156,8.19,9.84,0.076,1.16
50.0,2.0,1.0,1.5,3.0,0.6,7200,0.4,114,70.2,17.77,0.57,1.34,0.156,10.58,8.65,0.076,1.16
50.0,2.0,1.0,1.5,4.5,0.6,7200,0.4,114,70.2,17.77,0.57,1.34,0.156,10.58,8.65,0.076,1.16
50.0,2.0,1.0,2.5,3.0,0.4,1200,0.4,190,69.5,29.61,0.83,1.88,0.156,5.9,14.41,0.076,1.37
50.0,3.0,0.7,2.5,3.0,0.8,7200,0.4,114,80.7,17.8,0.34,1.42,0.156,10.24,8.68,0.076,1.19
50.0,3.0,0.7,2.5,4.5,0.8,7200,0.4,114,80.7,17.8,0.34,1.42,0.156,10.24,8.68,0.076,1.19
50.0,3.0,1.5,2.5,3.0,0.6,2400,0.4,142,73.9,22.17,0.52,1.47,0.156,10.61,10.81,0.076,1.21
50.0,4.0,1.0,1.5,3.0,0.6,7200,0.8,116,69.8,18.07,0.66,1.52,0.156,8.18,8.79,0.076,1.23
50.0,4.0,1.0,1.5,4.5,0.6,7200,0.8,116,69.8,18.07,0.66,1.52,0.156,8.18,8.79,0.076,1.23
50.0,4.0,1.5,2.5,4.5,0.8,2400,0.2,79,79.7,12.34,0.32,1.26,0.156,15.15,6.02,0.076,1.12
55.0,2.0,1.0,1.5,3.0,0.4,7200,0.8,108,66.7,16.88,0.79,1.59,0.156,4.31,8.24,0.076,1.26
55.0,2.0,1.0,1.5,4.5,0.4,7200,0.8,108,66.7,16.88,0.79,1.59,0.156,4.31,8.24,0.076,1.26
55.0,2.0,1.0,2.5,3.0,0.8,7200,0.8,108,66.7,16.9,0.79,1.59,0.156,4.31,8.26,0.076,1.26
55.0,2.0,1.0,2.5,4.5,0.8,7200,0.8,108,66.7,16.9,0.79,1.59,0.156,4.31,8.26,0.076,1.26
55.0,3.0,0.7,2.5,4.5,0.8,14400,0.8,82,74.4,12.82,0.49,1.44,0.156,6.5,6.25,0.076,1.2
55.0,3.0,1.0,2.5,3.0,0.8,7200,0.8,94,71.3,14.66,0.62,1.55,0.156,6.6,7.14,0.076,1.24
55.0,3.0,1.0,2.5,4.5,0.8,7200,0.8,94,71.3,14.66,0.62,1.55,0.156,6.6,7.14,0.076,1.24
55.0,5.0,0.7,1.5,3.0,0.4,1200,0.2,64,84.4,9.97,0.28,1.49,0.156,9.2,4.85,0.076,1.23
55.0,5.0,0.7,1.5,4.5,0.4,1200,0.2,64,84.4,9.97,0.28,1.49,0.156,9.2,4.85,0.076,1.23
40.0,3.0,0.7,2.5,3.0,0.6,14400,0.2,147,83.7,22.86,0.26,1.32,0.156,10.04,11.1,0.075,1.15
40.0,3.0,1.5,2.5,3.0,0.8,7200,0.8,216,66.7,33.38,0.75,1.5,0.155,6.0,16.1,0.075,1.22
40.0,4.0,0.7,1.5,4.5,0.6,14400,0.2,122,86.9,18.91,0.2,1.3,0.155,11.79,9.15,0.075,1.14
40.0,4.0,1.0,1.5,3.0,0.6,2400,0.2,104,81.7,16.17,0.28,1.25,0.155,12.96,7.85,0.075,1.12
40.0,4.0,1.0,1.5,4.5,0.6,2400,0.2,104,81.7,16.17,0.28,1.25,0.155,12.96,7.85,0.075,1.12
40.0,4.0,1.0,2.5,3.0,0.8,2400,0.2,104,81.7,16.16,0.28,1.25,0.155,12.97,7.84,0.075,1.12
40.0,4.0,1.0,2.5,4.5,0.8,2400,0.2,104,81.7,16.16,0.28,1.25,0.155,12.97,7.84,0.075,1.12
40.0,5.0,0.7,1.5,3.0,0.8,2400,0.4,184,79.3,28.54,0.42,1.6,0.155,9.72,13.82,0.075,1.27
40.0,5.0,0.7,1.5,4.5,0.8,2400,0.4,184,79.3,28.54,0.42,1.6,0.155,9.72,13.82,0.075,1.27
40.0,5.0,1.0,1.5,3.0,0.8,3600,0.8,295,67.8,45.62,0.95,2.0,0.155,5.91,22.02,0.075,1.4
40.0,5.0,1.0,1.5,4.5,0.8,3600,0.8,295,67.8,45.62,0.95,2.0,0.155,5.91,22.02,0.075,1.4
40.0,5.0,1.0,2.5,3.0,0.8,2400,0.4,117,76.1,18.1,0.45,1.43,0.155,8.83,8.74,0.075,1.2
40.0,5.0,1.0,2.5,4.5,0.8,2400,0.4,117,76.1,18.1,0.45,1.43,0.155,8.83,8.74,0.075,1.2
40.0,5.0,1.5,2.5,3.0,0.8,2400,0.4,119,71.4,18.5,0.57,1.43,0.155,8.43,8.98,0.075,1.2
40.0,5.0,1.5,2.5,4.5,0.8,2400,0.4,119,71.4,18.5,0.57,1.43,0.155,8.43,8.98,0.075,1.2
45.0,3.0,1.0,2.5,3.0,0.6,3600,0.4,146,73.3,22.68,0.5,1.38,0.155,8.02,11.0,0.075,1.18
45.0,3.0,1.0,2.5,3.0,0.8,3600,0.4,146,73.3,22.69,0.5,1.38,0.155,8.02,11.01,0.075,1.18
45.0,4.0,1.0,2.5,3.0,0.6,14400,0.4,88,80.7,13.62,0.3,1.24,0.155,13.19,6.58,0.075,1.11
45.0,4.0,1.0,2.5,4.5,0.6,14400,0.4,88,80.7,13.62,0.3,1.24,0.155,13.19,6.58,0.075,1.11
50.0,2.0,1.0,2.5,3.0,0.8,1200,0.4,190,69.5,29.41,0.82,1.88,0.155,5.91,14.21,0.075,1.36
50.0,2.0,1.0,2.5,4.5,0.4,1200,0.4,190,69.5,29.53,0.83,1.88,0.155,5.9,14.33,0.075,1.36
50.0,3.0,0.7,1.5,3.0,0.4,7200,0.4,114,80.7,17.62,0.34,1.41,0.155,10.04,8.5,0.075,1.19
50.0,3.0,0.7,1.5,4.5,0.4,7200,0.4,114,80.7,17.62,0.34,1.41,0.155,10.04,8.5,0.075,1.19
50.0,3.0,1.5,2.5,4.5,0.6,2400,0.4,142,73.9,22.03,0.52,1.47,0.155,10.61,10.67,0.075,1.21
50.0,4.0,1.5,2.5,3.0,0.4,7200,0.4,78,80.8,12.1,0.3,1.27,0.155,14.37,5.86,0.075,1.13
50.0,4.0,1.5,2.5,4.5,0.4,7200,0.4,78,80.8,12.1,0.3,1.27,0.155,14.37,5.86,0.075,1.13
55.0,2.0,1.0,2.5,3.0,0.6,7200,0.8,108,66.7,16.7,0.79,1.58,0.155,4.31,8.06,0.075,1.25
55.0,2.0,1.0,2.5,4.5,0.6,7200,0.8,108,66.7,16.7,0.79,1.58,0.155,4.31,8.06,0.075,1.25
40.0,3.0,0.7,2.5,3.0,0.4,14400,0.2,147,83.7,22.7,0.26,1.32,0.154,9.92,10.94,0.074,1.15
40.0,3.0,0.7,2.5,4.5,0.4,14400,0.2,147,83.7,22.7,0.26,1.32,0.154,9.92,10.94,0.074,1.15
40.0,3.0,1.5,2.5,4.5,0.8,7200,0.8,216,66.7,33.31,0.75,1.5,0.154,6.0,16.03,0.074,1.22
40.0,4.0,0.7,1.5,3.0,0.6,14400,0.2,122,86.9,18.85,0.2,1.3,0.155,11.79,9.09,0.074,1.14
40.0,4.0,0.7,2.5,3.0,0.4,14400,0.2,122,86.9,18.8,0.2,1.3,0.154,12.04,9.04,0.074,1.14
40.0,4.0,0.7,2.5,4.5,0.4,14400,0.2,122,86.9,18.8,0.2,1.3,0.154,12.04,9.04,0.074,1.14
40.0,4.0,1.0,1.5,3.0,0.4,2400,0.4,155,76.1,23.82,0.44,1.4,0.154,9.89,11.42,0.074,1.18
40.0,4.0,1.0,2.5,3.0,0.6,2400,0.4,155,76.1,23.91,0.44,1.4,0.154,9.89,11.51,0.074,1.18
40.0,5.0,1.0,1.5,3.0,0.6,2400,0.4,117,76.1,17.98,0.45,1.43,0.154,8.83,8.62,0.074,1.19
40.0,5.0,1.0,1.5,4.5,0.6,2400,0.4,117,76.1,17.98,0.45,1.43,0.154,8.83,8.62,0.074,1.19
40.0,5.0,1.0,2.5,3.0,0.8,3600,0.8,295,67.8,45.51,0.95,1.99,0.154,5.91,21.91,0.074,1.4
40.0,5.0,1.0,2.5,4.5,0.8,3600,0.8,295,67.8,45.51,0.95,1.99,0.154,5.91,21.91,0.074,1.4
45.0,2.0,1.0,1.5,3.0,0.4,7200,0.2,131,71.8,20.22,0.5,1.27,0.154,9.55,9.74,0.074,1.13
45.0,2.0,1.0,1.5,4.5,0.4,7200,0.2,131,71.8,20.22,0.5,1.27,0.154,9.55,9.74,0.074,1.13
45.0,3.0,1.0,1.5,3.0,0.8,3600,0.4,146,73.3,22.49,0.5,1.38,0.154,8.02,10.81,0.074,1.17
45.0,3.0,1.0,2.5,4.5,0.6,3600,0.4,146,73.3,22.54,0.5,1.38,0.154,8.02,10.86,0.074,1.17
45.0,3.0,1.0,2.5,4.5,0.8,3600,0.4,146,73.3,22.51,0.5,1.38,0.154,8.02,10.83,0.074,1.17
45.0,4.0,1.0,1.5,3.0,0.4,7200,0.8,157,70.7,24.2,0.62,1.5,0.154,12.06,11.64,0.074,1.22
45.0,4.0,1.0,1.5,3.0,0.8,7200,0.8,157,70.7,24.17,0.62,1.5,0.154,12.06,11.61,0.074,1.22
45.0,4.0,1.0,1.5,4.5,0.4,7200,0.8,157,70.7,24.2,0.62,1.5,0.154,12.06,11.64,0.074,1.22
45.0,4.0,1.0,1.5,4.5,0.8,7200,0.8,157,70.7,24.17,0.62,1.5,0.154,12.06,11.61,0.074,1.22
45.0,4.0,1.0,2.5,3.0,0.8,14400,0.4,88,80.7,13.52,0.3,1.24,0.154,13.25,6.48,0.074,1.11
45.0,4.0,1.0,2.5,4.5,0.8,14400,0.4,88,80.7,13.52,0.3,1.24,0.154,13.25,6.48,0.074,1.11
50.0,2.0,1.0,1.5,3.0,0.4,1200,0.4,190,69.5,29.22,0.82,1.87,0.154,5.9,14.02,0.074,1.36
50.0,2.0,1.0,2.5,3.0,0.4,14400,0.8,116,67.2,17.85,0.67,1.37,0.154,9.54,8.57,0.074,1.16
50.0,2.0,1.0,2.5,3.0,0.6,1200,0.4,190,69.5,29.3,0.82,1.87,0.154,6.02,14.11,0.074,1.36
50.0,2.0,1.0,2.5,4.5,0.4,14400,0.8,116,67.2,17.85,0.67,1.37,0.154,9.54,8.57,0.074,1.16
50.0,2.0,1.0,2.5,4.5,0.6,1200,0.4,190,69.5,29.17,0.82,1.87,0.154,6.02,13.97,0.074,1.36
50.0,2.0,1.0,2.5,4.5,0.8,1200,0.4,190,69.5,29.22,0.82,1.87,0.154,5.91,14.03,0.074,1.36
50.0,4.0,1.0,1.5,3.0,0.8,14400,0.4,69,82.6,10.59,0.26,1.24,0.153,14.32,5.07,0.074,1.11
55.0,3.0,0.7,2.5,3.0,0.8,7200,0.4,79,81.0,12.19,0.33,1.4,0.154,9.78,5.87,0.074,1.18
55.0,3.0,0.7,2.5,4.5,0.8,7200,0.4,79,81.0,12.19,0.33,1.4,0.154,9.78,5.87,0.074,1.18
55.0,3.0,1.0,2.5,3.0,0.4,7200,0.8,94,71.3,14.5,0.62,1.54,0.154,6.6,6.98,0.074,1.24
55.0,3.0,1.0,2.5,4.5,0.4,7200,0.8,94,71.3,14.5,0.62,1.54,0.154,6.6,6.98,0.074,1.24
55.0,4.0,0.7,2.5,3.0,0.4,2400,0.2,69,85.5,10.65,0.24,1.44,0.154,9.88,5.13,0.074,1.2
55.0,4.0,0.7,2.5,3.0,0.8,2400,0.2,69,85.5,10.6,0.24,1.44,0.154,9.83,5.08,0.074,1.2
55.0,4.0,0.7,2.5,4.5,0.4,2400,0.2,69,85.5,10.65,0.24,1.44,0.154,9.88,5.13,0.074,1.2
55.0,4.0,0.7,2.5,4.5,0.8,2400,0.2,69,85.5,10.6,0.24,1.44,0.154,9.83,5.08,0.074,1.2
55.0,4.0,1.5,2.5,3.0,0.6,3600,0.8,115,61.7,17.76,1.29,2.08,0.154,4.79,8.56,0.074,1.42
55.0,4.0,1.5,2.5,4.5,0.6,3600,0.8,115,61.7,17.76,1.29,2.08,0.154,4.79,8.56,0.074,1.42
55.0,5.0,0.7,1.5,3.0,0.8,1200,0.2,64,84.4,9.86,0.28,1.49,0.154,9.21,4.74,0.074,1.22
55.0,5.0,0.7,1.5,4.5,0.8,1200,0.2,64,84.4,9.86,0.28,1.49,0.154,9.21,4.74,0.074,1.22
40.0,3.0,0.7,2.5,3.0,0.4,7200,0.2,161,83.9,24.66,0.26,1.33,0.153,11.25,11.78,0.073,1.15
40.0,3.0,0.7,2.5,4.5,0.4,7200,0.2,161,83.9,24.66,0.26,1.33,0.153,11.25,11.78,0.073,1.15
40.0,4.0,1.0,1.5,3.0,0.4,1200,0.2,117,78.6,17.93,0.35,1.3,0.153,10.84,8.57,0.073,1.14
40.0,4.0,1.0,1.5,3.0,0.4,3600,0.2,92,81.5,14.11,0.28,1.23,0.153,12.81,6.75,0.073,1.11
40.0,4.0,1.0,1.5,4.5,0.4,1200,0.2,117,78.6,17.93,0.35,1.3,0.153,10.84,8.57,0.073,1.14
40.0,4.0,1.0,1.5,4.5,0.4,2400,0.4,155,76.1,23.73,0.44,1.4,0.153,9.89,11.33,0.073,1.18
40.0,4.0,1.0,1.5,4.5,0.4,3600,0.2,92,81.5,14.11,0.28,1.23,0.153,12.81,6.75,0.073,1.11
40.0,4.0,1.0,2.5,3.0,0.4,1200,0.2,117,78.6,17.92,0.35,1.3,0.153,10.84,8.57,0.073,1.14
40.0,4.0,1.0,2.5,4.5,0.4,1200,0.2,117,78.6,17.92,0.35,1.3,0.153,10.84,8.57,0.073,1.14
40.0,4.0,1.0,2.5,4.5,0.6,2400,0.4,155,76.1,23.77,0.44,1.4,0.153,9.89,11.37,0.073,1.18
40.0,4.0,1.5,2.5,3.0,0.4,7200,0.8,186,69.4,28.43,0.64,1.46,0.153,8.0,13.55,0.073,1.2
40.0,4.0,1.5,2.5,4.5,0.4,7200,0.8,186,69.4,28.38,0.64,1.46,0.153,8.0,13.5,0.073,1.2
40.0,5.0,1.5,2.5,3.0,0.6,2400,0.4,127,68.5,19.38,0.66,1.44,0.153,8.43,9.22,0.073,1.2
40.0,5.0,1.5,2.5,4.5,0.6,2400,0.4,127,68.5,19.38,0.66,1.44,0.153,8.43,9.22,0.073,1.2
45.0,2.0,1.0,1.5,3.0,0.6,14400,0.4,132,72.7,20.14,0.48,1.28,0.153,10.03,9.58,0.073,1.13
45.0,2.0,1.0,1.5,4.5,0.6,14400,0.4,132,72.7,20.14,0.48,1.28,0.153,10.03,9.58,0.073,1.13
45.0,3.0,0.7,2.5,3.0,0.6,7200,0.2,130,84.6,19.89,0.24,1.33,0.153,8.45,9.49,0.073,1.15
45.0,3.0,0.7,2.5,4.5,0.6,7200,0.2,130,84.6,19.89,0.24,1.33,0.153,8.45,9.49,0.073,1.15
45.0,3.0,1.0,1.5,3.0,0.6,3600,0.4,146,73.3,22.4,0.5,1.38,0.153,8.02,10.72,0.073,1.17
45.0,3.0,1.0,1.5,4.5,0.8,3600,0.4,146,73.3,22.3,0.5,1.37,0.153,8.02,10.62,0.073,1.17
45.0,4.0,1.0,1.5,3.0,0.6,14400,0.4,88,80.7,13.48,0.3,1.24,0.153,13.19,6.44,0.073,1.11
45.0,4.0,1.0,1.5,4.5,0.6,14400,0.4,88,80.7,13.48,0.3,1.24,0.153,13.19,6.44,0.073,1.11
45.0,4.0,1.0,2.5,3.0,0.6,7200,0.8,157,70.7,24.0,0.62,1.5,0.153,12.06,11.44,0.073,1.22
45.0,4.0,1.0,2.5,4.5,0.6,7200,0.8,157,70.7,24.0,0.62,1.5,0.153,12.06,11.44,0.073,1.22
45.0,4.0,1.5,2.5,3.0,0.4,7200,0.4,98,77.6,15.02,0.37,1.26,0.153,12.86,7.18,0.073,1.12
45.0,4.0,1.5,2.5,4.5,0.4,7200,0.4,98,77.6,15.02,0.37,1.26,0.153,12.86,7.18,0.073,1.12
45.0,5.0,1.0,2.5,3.0,0.4,1200,0.2,83,78.3,12.73,0.35,1.28,0.153,17.07,6.09,0.073,1.13
45.0,5.0,1.0,2.5,4.5,0.4,1200,0.2,83,78.3,12.73,0.35,1.28,0.153,17.07,6.09,0.073,1.13
50.0,2.0,1.0,1.5,3.0,0.8,1200,0.4,190,69.5,29.02,0.82,1.86,0.153,5.91,13.82,0.073,1.35
50.0,2.0,1.0,1.5,4.5,0.4,1200,0.4,190,69.5,29.13,0.82,1.87,0.153,5.9,13.93,0.073,1.35
50.0,3.0,0.7,2.5,3.0,0.6,7200,0.4,114,80.7,17.49,0.34,1.41,0.153,10.18,8.37,0.073,1.19
50.0,3.0,0.7,2.5,4.5,0.6,7200,0.4,114,80.7,17.49,0.34,1.41,0.153,10.18,8.37,0.073,1.19
50.0,4.0,1.0,1.5,3.0,0.6,14400,0.4,69,82.6,10.52,0.26,1.24,0.152,14.26,5.0,0.073,1.11
50.0,4.0,1.0,1.5,4.5,0.8,14400,0.4,69,82.6,10.57,0.26,1.24,0.153,14.32,5.05,0.073,1.11
55.0,2.0,0.7,1.5,3.0,0.6,,0.4,78,73.1,11.91,0.48,1.31,0.153,8.27,5.67,0.073,1.14
55.0,3.0,0.7,2.5,3.0,0.6,7200,0.4,79,81.0,12.07,0.33,1.39,0.153,9.73,5.75,0.073,1.18
55.0,3.0,0.7,2.5,4.5,0.6,7200,0.4,79,81.0,12.07,0.33,1.39,0.153,9.73,5.75,0.073,1.18
55.0,5.0,0.7,1.5,3.0,0.6,1200,0.2,64,84.4,9.8,0.27,1.48,0.153,9.32,4.68,0.073,1.22
55.0,5.0,0.7,1.5,4.5,0.6,1200,0.2,64,84.4,9.8,0.27,1.48,0.153,9.32,4.68,0.073,1.22
40.0,4.0,1.0,1.5,3.0,0.8,2400,0.2,104,81.7,15.83,0.28,1.25,0.152,12.96,7.51,0.072,1.11
40.0,4.0,1.0,1.5,4.5,0.8,2400,0.2,104,81.7,15.83,0.28,1.25,0.152,12.96,7.51,0.072,1.11
40.0,4.0,1.0,2.5,3.0,0.4,3600,0.4,120,78.3,18.29,0.37,1.32,0.152,12.88,8.69,0.072,1.15
40.0,4.0,1.0,2.5,3.0,0.6,3600,0.2,92,81.5,13.95,0.28,1.23,0.152,12.92,6.59,0.072,1.11
40.0,4.0,1.0,2.5,3.0,0.8,2400,0.4,155,76.1,23.57,0.44,1.4,0.152,9.89,11.18,0.072,1.18
40.0,4.0,1.0,2.5,4.5,0.4,3600,0.4,120,78.3,18.29,0.37,1.32,0.152,12.88,8.69,0.072,1.15
40.0,4.0,1.0,2.5,4.5,0.6,3600,0.2,92,81.5,13.95,0.28,1.23,0.152,12.92,6.59,0.072,1.11
40.0,5.0,0.7,1.5,3.0,0.8,14400,0.4,106,88.7,16.1,0.17,1.32,0.152,10.0,7.62,0.072,1.15
45.0,2.0,1.0,2.5,3.0,0.8,7200,0.2,131,71.8,19.86,0.5,1.27,0.152,10.04,9.38,0.072,1.12
45.0,2.0,1.0,2.5,4.5,0.8,7200,0.2,131,71.8,19.86,0.5,1.27,0.152,10.04,9.38,0.072,1.12
45.0,2.0,1.5,2.5,3.0,0.4,3600,0.4,158,68.4,23.94,0.64,1.37,0.152,5.06,11.3,0.072,1.17
45.0,3.0,0.7,1.5,3.0,0.4,7200,0.2,130,84.6,19.79,0.24,1.33,0.152,8.31,9.39,0.072,1.15
45.0,3.0,0.7,1.5,4.5,0.4,7200,0.2,130,84.6,19.79,0.24,1.33,0.152,8.31,9.39,0.072,1.15
45.0,3.0,1.0,1.5,4.5,0.6,3600,0.4,146,73.3,22.26,0.5,1.37,0.152,8.02,10.58,0.072,1.17
45.0,5.0,0.7,2.5,3.0,0.8,7200,0.4,95,86.3,14.42,0.21,1.36,0.152,10.55,6.82,0.072,1.16
45.0,5.0,0.7,2.5,4.5,0.8,7200,0.4,95,86.3,14.42,0.21,1.36,0.152,10.55,6.82,0.072,1.16
50.0,2.0,1.0,1.5,3.0,0.6,1200,0.4,190,69.5,28.91,0.82,1.86,0.152,6.02,13.71,0.072,1.35
50.0,2.0,1.0,1.5,4.5,0.8,1200,0.4,190,69.5,28.83,0.82,1.86,0.152,5.91,13.63,0.072,1.35
50.0,2.0,1.0,2.5,3.0,0.4,2400,0.4,153,71.2,23.18,0.62,1.52,0.152,5.82,10.94,0.072,1.23
50.0,4.0,1.0,1.5,4.5,0.6,14400,0.4,69,82.6,10.5,0.26,1.24,0.152,14.26,4.98,0.072,1.11
55.0,2.0,0.7,2.5,3.0,0.6,,0.4,78,73.1,11.84,0.48,1.31,0.152,8.32,5.6,0.072,1.14
55.0,4.0,0.7,2.5,3.0,0.6,2400,0.2,69,85.5,10.48,0.24,1.43,0.152,10.0,4.96,0.072,1.2
55.0,4.0,0.7,2.5,4.5,0.6,2400,0.2,69,85.5,10.48,0.24,1.43,0.152,10.0,4.96,0.072,1.2
55.0,5.0,1.5,2.5,3.0,0.4,3600,0.8,110,61.8,16.77,1.18,1.92,0.152,6.14,7.97,0.072,1.36
55.0,5.0,1.5,2.5,4.5,0.4,3600,0.8,110,61.8,16.77,1.18,1.92,0.152,6.14,7.97,0.072,1.36
40.0,2.0,1.5,2.5,3.0,0.8,14400,0.4,159,71.1,24.06,0.52,1.27,0.151,10.1,11.34,0.071,1.12
40.0,2.0,1.5,2.5,4.5,0.8,14400,0.4,159,71.1,24.02,0.52,1.27,0.151,10.1,11.3,0.071,1.12
40.0,4.0,1.0,2.5,4.5,0.8,2400,0.4,155,76.1,23.39,0.44,1.4,0.151,9.89,10.99,0.071,1.18
40.0,5.0,1.0,1.5,3.0,0.8,2400,0.4,117,76.1,17.7,0.45,1.42,0.151,8.83,8.34,0.071,1.19
40.0,5.0,1.0,1.5,4.5,0.8,2400,0.4,117,76.1,17.7,0.45,1.42,0.151,8.83,8.34,0.071,1.19
40.0,5.0,1.5,2.5,3.0,0.8,7200,0.8,155,70.3,23.43,0.62,1.47,0.151,9.35,11.03,0.071,1.2
40.0,5.0,1.5,2.5,4.5,0.8,7200,0.8,155,70.3,23.33,0.62,1.47,0.151,9.35,10.93,0.071,1.2
45.0,2.0,1.0,1.5,3.0,0.8,7200,0.2,131,71.8,19.72,0.5,1.27,0.151,10.04,9.24,0.071,1.12
45.0,2.0,1.0,1.5,4.5,0.8,7200,0.2,131,71.8,19.72,0.5,1.27,0.151,10.04,9.24,0.071,1.12
45.0,2.0,1.5,2.5,4.5,0.4,3600,0.4,158,68.4,23.86,0.64,1.37,0.151,5.06,11.22,0.071,1.16
45.0,3.0,0.7,1.5,3.0,0.8,7200,0.2,130,84.6,19.6,0.24,1.33,0.151,8.15,9.2,0.071,1.15
45.0,3.0,0.7,1.5,4.5,0.8,7200,0.2,130,84.6,19.6,0.24,1.33,0.151,8.15,9.2,0.071,1.15
45.0,4.0,1.0,1.5,3.0,0.8,14400,0.4,88,80.7,13.28,0.3,1.24,0.151,13.25,6.24,0.071,1.11
45.0,4.0,1.0,1.5,4.5,0.8,14400,0.4,88,80.7,13.28,0.3,1.24,0.151,13.25,6.24,0.071,1.11
50.0,2.0,1.0,1.5,4.5,0.6,1200,0.4,190,69.5,28.77,0.82,1.86,0.151,6.02,13.57,0.071,1.35
50.0,2.0,1.0,2.5,4.5,0.4,2400,0.4,153,71.2,23.1,0.61,1.52,0.151,5.82,10.86,0.071,1.22
50.0,2.0,1.5,2.5,3.0,0.8,1200,0.4,191,68.1,28.76,0.87,1.85,0.151,5.76,13.48,0.071,1.34
50.0,3.0,0.7,1.5,3.0,0.8,7200,0.4,114,80.7,17.18,0.34,1.4,0.151,10.22,8.06,0.071,1.18
50.0,3.0,0.7,1.5,4.5,0.8,7200,0.4,114,80.7,17.18,0.34,1.4,0.151,10.22,8.06,0.071,1.18
55.0,2.0,0.7,1.5,4.5,0.6,,0.4,78,73.1,11.81,0.48,1.3,0.151,8.27,5.57,0.071,1.14
55.0,2.0,0.7,2.5,3.0,0.8,14400,0.2,86,77.9,13.01,0.38,1.34,0.151,8.04,6.13,0.071,1.16
55.0,2.0,0.7,2.5,4.5,0.6,,0.4,78,73.1,11.74,0.48,1.3,0.151,8.32,5.5,0.071,1.14
55.0,2.0,0.7,2.5,4.5,0.8,14400,0.2,86,77.9,12.99,0.38,1.34,0.151,8.04,6.11,0.071,1.15
55.0,2.0,1.0,1.5,3.0,0.8,7200,0.8,108,66.7,16.33,0.78,1.57,0.151,4.31,7.69,0.071,1.24
55.0,2.0,1.0,1.5,4.5,0.8,7200,0.8,108,66.7,16.33,0.78,1.57,0.151,4.31,7.69,0.071,1.24
55.0,3.0,1.0,1.5,3.0,0.8,7200,0.8,94,71.3,14.16,0.62,1.53,0.151,6.6,6.64,0.071,1.23
55.0,3.0,1.0,1.5,4.5,0.8,7200,0.8,94,71.3,14.16,0.62,1.53,0.151,6.6,6.64,0.071,1.23
40.0,3.0,1.5,2.5,3.0,0.8,7200,0.2,122,77.9,18.33,0.35,1.23,0.15,13.52,8.57,0.07,1.11
40.0,3.0,1.5,2.5,3.0,0.8,7200,0.4,137,75.9,20.49,0.4,1.26,0.15,13.52,9.53,0.07,1.12
40.0,3.0,1.5,2.5,4.5,0.8,7200,0.2,122,77.9,18.33,0.35,1.23,0.15,13.52,8.57,0.07,1.11
40.0,3.0,1.5,2.5,4.5,0.8,7200,0.4,137,75.9,20.49,0.4,1.26,0.15,13.52,9.53,0.07,1.12
40.0,4.0,0.7,1.5,3.0,0.4,14400,0.2,122,86.9,18.28,0.2,1.29,0.15,11.84,8.52,0.07,1.13
40.0,4.0,0.7,1.5,4.5,0.4,14400,0.2,122,86.9,18.28,0.2,1.29,0.15,11.84,8.52,0.07,1.13
40.0,4.0,1.5,2.5,4.5,0.6,14400,0.4,95,82.1,14.23,0.27,1.22,0.15,11.84,6.62,0.07,1.1
45.0,2.0,1.0,2.5,3.0,0.6,14400,0.4,132,72.7,19.8,0.48,1.28,0.15,10.03,9.24,0.07,1.12
45.0,2.0,1.0,2.5,4.5,0.6,14400,0.4,132,72.7,19.8,0.48,1.28,0.15,10.03,9.24,0.07,1.12
45.0,2.0,1.5,2.5,3.0,0.8,3600,0.4,169,66.3,25.34,0.72,1.41,0.15,5.96,11.82,0.07,1.18
45.0,3.0,1.0,2.5,3.0,0.4,14400,0.8,144,72.2,21.64,0.51,1.33,0.15,8.31,10.12,0.07,1.15
45.0,3.0,1.0,2.5,4.5,0.4,14400,0.8,144,72.2,21.64,0.51,1.33,0.15,8.31,10.12,0.07,1.15
45.0,4.0,1.0,2.5,3.0,0.4,3600,0.2,77,83.1,11.52,0.25,1.22,0.15,13.07,5.36,0.07,1.1
45.0,4.0,1.0,2.5,4.5,0.4,3600,0.2,77,83.1,11.52,0.25,1.22,0.15,13.07,5.36,0.07,1.1
45.0,5.0,1.5,2.5,3.0,0.4,3600,0.8,231,64.5,34.69,1.04,1.89,0.15,5.75,16.21,0.07,1.35
45.0,5.0,1.5,2.5,4.5,0.4,3600,0.8,231,64.5,34.69,1.04,1.89,0.15,5.75,16.21,0.07,1.35
50.0,2.0,1.0,1.5,3.0,0.4,2400,0.4,153,71.2,22.89,0.61,1.52,0.15,5.82,10.66,0.07,1.22
50.0,4.0,1.5,2.5,3.0,0.8,7200,0.4,82,79.3,12.26,0.33,1.25,0.15,15.06,5.7,0.07,1.11
55.0,2.0,0.7,1.5,3.0,0.4,14400,0.2,86,77.9,12.92,0.38,1.34,0.15,7.8,6.04,0.07,1.15
55.0,2.0,0.7,1.5,4.5,0.4,14400,0.2,86,77.9,12.92,0.38,1.34,0.15,7.8,6.04,0.07,1.15
55.0,2.0,0.7,2.5,3.0,0.8,14400,0.4,88,77.3,13.23,0.4,1.35,0.15,8.04,6.19,0.07,1.16
55.0,2.0,0.7,2.5,4.5,0.8,14400,0.4,88,77.3,13.21,0.4,1.35,0.15,8.04,6.17,0.07,1.16
55.0,3.0,0.7,1.5,3.0,0.4,7200,0.4,79,81.0,11.84,0.33,1.39,0.15,9.61,5.52,0.07,1.17
55.0,3.0,0.7,1.5,4.5,0.4,7200,0.4,79,81.0,11.84,0.33,1.39,0.15,9.61,5.52,0.07,1.17
55.0,3.0,1.0,1.5,3.0,0.4,7200,0.8,94,71.3,14.07,0.61,1.52,0.15,6.6,6.55,0.07,1.22
55.0,3.0,1.0,1.5,4.5,0.4,7200,0.8,94,71.3,14.07,0.61,1.52,0.15,6.6,6.55,0.07,1.22
55.0,3.0,1.0,2.5,3.0,0.6,7200,0.8,94,71.3,14.13,0.61,1.53,0.15,6.6,6.61,0.07,1.23
55.0,3.0,1.0,2.5,4.5,0.6,7200,0.8,94,71.3,14.13,0.61,1.53,0.15,6.6,6.61,0.07,1.23
40.0,2.0,1.5,2.5,3.0,0.6,14400,0.2,150,70.0,22.36,0.54,1.25,0.149,9.81,10.36,0.069,1.11
40.0,2.0,1.5,2.5,4.5,0.6,14400,0.2,150,70.0,22.42,0.54,1.25,0.149,9.81,10.42,0.069,1.11
40.0,3.0,0.7,1.5,3.0,0.4,14400,0.2,147,83.7,21.9,0.26,1.31,0.149,9.92,10.15,0.069,1.14
40.0,3.0,0.7,1.5,4.5,0.4,14400,0.2,147,83.7,21.9,0.26,1.31,0.149,9.92,10.15,0.069,1.14
40.0,3.0,0.7,1.5,4.5,0.6,14400,0.2,147,83.7,21.87,0.26,1.31,0.149,10.09,10.11,0.069,1.14
40.0,4.0,1.0,1.5,3.0,0.4,3600,0.4,120,78.3,17.84,0.36,1.31,0.149,12.93,8.24,0.069,1.14
40.0,4.0,1.0,1.5,3.0,0.6,1200,0.2,117,78.6,17.49,0.35,1.29,0.149,10.84,8.13,0.069,1.13
40.0,4.0,1.0,1.5,3.0,0.6,2400,0.4,155,76.1,23.16,0.44,1.39,0.149,9.89,10.76,0.069,1.17
40.0,4.0,1.0,1.5,3.0,0.8,1200,0.2,117,78.6,17.42,0.35,1.29,0.149,10.84,8.06,0.069,1.13
40.0,4.0,1.0,1.5,4.5,0.4,3600,0.4,120,78.3,17.84,0.36,1.31,0.149,12.93,8.24,0.069,1.14
40.0,4.0,1.0,1.5,4.5,0.6,1200,0.2,117,78.6,17.49,0.35,1.29,0.149,10.84,8.13,0.069,1.13
40.0,4.0,1.0,1.5,4.5,0.6,2400,0.4,155,76.1,23.02,0.44,1.39,0.149,9.89,10.62,0.069,1.17
40.0,4.0,1.0,1.5,4.5,0.8,1200,0.2,117,78.6,17.42,0.35,1.29,0.149,10.84,8.06,0.069,1.13
40.0,4.0,1.0,2.5,3.0,0.6,1200,0.2,117,78.6,17.41,0.35,1.29,0.149,10.84,8.05,0.069,1.13
40.0,4.0,1.0,2.5,4.5,0.6,1200,0.2,117,78.6,17.41,0.35,1.29,0.149,10.84,8.05,0.069,1.13
45.0,2.0,1.0,2.5,3.0,0.6,7200,0.2,131,71.8,19.5,0.5,1.26,0.149,9.87,9.02,0.069,1.12
45.0,2.0,1.0,2.5,4.5,0.6,7200,0.2,131,71.8,19.5,0.5,1.26,0.149,9.87,9.02,0.069,1.12
45.0,2.0,1.5,2.5,3.0,0.4,3600,0.2,128,70.3,19.08,0.53,1.26,0.149,9.7,8.84,0.069,1.11
45.0,2.0,1.5,2.5,4.5,0.4,3600,0.2,128,70.3,19.08,0.53,1.26,0.149,9.7,8.84,0.069,1.11
45.0,2.0,1.5,2.5,4.5,0.8,3600,0.4,169,66.3,25.15,0.72,1.41,0.149,5.96,11.63,0.069,1.18
45.0,4.0,1.0,1.5,3.0,0.6,7200,0.8,157,70.7,23.42,0.62,1.49,0.149,12.06,10.86,0.069,1.21
45.0,4.0,1.0,1.5,4.5,0.6,7200,0.8,157,70.7,23.42,0.62,1.49,0.149,12.06,10.86,0.069,1.21
45.0,5.0,1.5,2.5,3.0,0.8,3600,0.8,226,65.0,33.58,1.02,1.9,0.149,5.74,15.5,0.069,1.35
45.0,5.0,1.5,2.5,4.5,0.8,3600,0.8,226,65.0,33.58,1.02,1.9,0.149,5.74,15.5,0.069,1.35
50.0,2.0,1.0,1.5,4.5,0.4,2400,0.4,153,71.2,22.81,0.61,1.52,0.149,5.82,10.57,0.069,1.22
50.0,2.0,1.0,2.5,3.0,0.8,2400,0.4,153,71.2,22.79,0.61,1.52,0.149,5.77,10.56,0.069,1.22
50.0,2.0,1.5,2.5,4.5,0.8,1200,0.4,191,68.1,28.52,0.86,1.84,0.149,5.76,13.24,0.069,1.33
50.0,4.0,0.7,2.5,3.0,0.8,14400,0.8,103,81.6,15.3,0.32,1.41,0.149,14.76,7.06,0.069,1.18
50.0,4.0,1.5,2.5,3.0,0.8,3600,0.2,69,79.7,10.31,0.31,1.21,0.149,15.15,4.79,0.069,1.1
50.0,4.0,1.5,2.5,4.5,0.8,3600,0.2,69,79.7,10.25,0.31,1.21,0.149,15.15,4.73,0.069,1.1
50.0,4.0,1.5,2.5,4.5,0.8,7200,0.4,82,79.3,12.21,0.33,1.25,0.149,15.06,5.65,0.069,1.11
50.0,5.0,1.5,2.5,3.0,0.8,3600,0.8,148,66.2,22.04,0.88,1.73,0.149,5.43,10.2,0.069,1.29
50.0,5.0,1.5,2.5,4.5,0.8,3600,0.8,148,66.2,21.99,0.88,1.73,0.149,5.43,10.15,0.069,1.29
55.0,2.0,0.7,1.5,3.0,0.4,14400,0.4,88,77.3,13.14,0.4,1.34,0.149,7.8,6.1,0.069,1.15
55.0,2.0,0.7,1.5,4.5,0.4,14400,0.4,88,77.3,13.14,0.4,1.34,0.149,7.8,6.1,0.069,1.15
55.0,3.0,0.7,2.5,3.0,0.4,14400,0.8,82,74.4,12.24,0.49,1.42,0.149,6.33,5.68,0.069,1.18
55.0,3.0,0.7,2.5,4.5,0.4,14400,0.8,82,74.4,12.24,0.49,1.42,0.149,6.33,5.68,0.069,1.18
55.0,4.0,0.7,1.5,3.0,0.4,2400,0.2,69,85.5,10.3,0.24,1.42,0.149,9.88,4.78,0.069,1.19
55.0,4.0,0.7,1.5,3.0,0.8,2400,0.2,69,85.5,10.25,0.24,1.42,0.149,9.83,4.73,0.069,1.19
55.0,4.0,0.7,1.5,4.5,0.4,2400,0.2,69,85.5,10.3,0.24,1.42,0.149,9.88,4.78,0.069,1.19
55.0,4.0,0.7,1.5,4.5,0.8,2400,0.2,69,85.5,10.25,0.24,1.42,0.149,9.83,4.73,0.069,1.19
40.0,3.0,0.7,1.5,3.0,0.4,7200,0.2,161,83.9,23.82,0.25,1.32,0.148,11.25,10.94,0.068,1.14
40.0,3.0,0.7,1.5,3.0,0.6,14400,0.2,147,83.7,21.74,0.26,1.31,0.148,10.09,9.98,0.068,1.14
40.0,3.0,0.7,1.5,4.5,0.4,7200,0.2,161,83.9,23.82,0.25,1.32,0.148,11.25,10.94,0.068,1.14
40.0,4.0,1.0,2.5,3.0,0.8,1200,0.2,117,78.6,17.28,0.35,1.29,0.148,10.84,7.92,0.068,1.13
40.0,4.0,1.0,2.5,3.0,0.8,3600,0.2,92,81.5,13.65,0.28,1.23,0.148,12.92,6.29,0.068,1.1
40.0,4.0,1.0,2.5,4.5,0.8,1200,0.2,117,78.6,17.28,0.35,1.29,0.148,10.84,7.92,0.068,1.13
40.0,4.0,1.0,2.5,4.5,0.8,3600,0.2,92,81.5,13.65,0.28,1.23,0.148,12.92,6.29,0.068,1.1
40.0,4.0,1.5,2.5,3.0,0.6,14400,0.4,95,82.1,14.09,0.27,1.22,0.148,11.84,6.49,0.068,1.1
45.0,3.0,0.7,1.5,3.0,0.6,7200,0.2,130,84.6,19.21,0.24,1.32,0.148,8.45,8.81,0.068,1.14
45.0,3.0,0.7,1.5,4.5,0.6,7200,0.2,130,84.6,19.21,0.24,1.32,0.148,8.45,8.81,0.068,1.14
45.0,5.0,0.7,1.5,3.0,0.8,7200,0.4,95,86.3,14.06,0.21,1.35,0.148,10.55,6.46,0.068,1.15
45.0,5.0,0.7,1.5,4.5,0.8,7200,0.4,95,86.3,14.06,0.21,1.35,0.148,10.55,6.46,0.068,1.15
45.0,5.0,1.0,1.5,3.0,0.4,1200,0.2,83,78.3,12.32,0.35,1.27,0.148,17.07,5.68,0.068,1.12
45.0,5.0,1.0,1.5,4.5,0.4,1200,0.2,83,78.3,12.32,0.35,1.27,0.148,17.07,5.68,0.068,1.12
50.0,2.0,1.0,1.5,3.0,0.4,14400,0.8,116,67.2,17.21,0.66,1.35,0.148,9.54,7.93,0.068,1.15
50.0,2.0,1.0,1.5,4.5,0.4,14400,0.8,116,67.2,17.21,0.66,1.35,0.148,9.54,7.93,0.068,1.15
50.0,2.0,1.0,2.5,3.0,0.6,2400,0.4,153,71.2,22.64,0.61,1.51,0.148,5.94,10.4,0.068,1.22
50.0,2.0,1.0,2.5,4.5,0.8,2400,0.4,153,71.2,22.61,0.61,1.51,0.148,5.77,10.37,0.068,1.21
50.0,4.0,0.7,2.5,4.5,0.8,14400,0.8,103,81.6,15.28,0.32,1.41,0.148,14.76,7.04,0.068,1.18
55.0,2.0,1.0,1.5,3.0,0.6,7200,0.8,108,66.7,16.03,0.78,1.56,0.148,4.31,7.39,0.068,1.23
55.0,2.0,1.0,1.5,4.5,0.6,7200,0.8,108,66.7,16.03,0.78,1.56,0.148,4.31,7.39,0.068,1.23
55.0,4.0,0.7,1.5,3.0,0.4,3600,0.4,79,74.7,11.7,0.52,1.54,0.148,6.77,5.38,0.068,1.23
55.0,4.0,0.7,1.5,4.5,0.4,3600,0.4,79,74.7,11.7,0.52,1.54,0.148,6.77,5.38,0.068,1.23
55.0,4.0,0.7,2.5,3.0,0.4,3600,0.4,79,74.7,11.72,0.52,1.54,0.148,6.77,5.4,0.068,1.23
55.0,4.0,0.7,2.5,4.5,0.4,3600,0.4,79,74.7,11.72,0.52,1.54,0.148,6.77,5.4,0.068,1.23
40.0,3.0,0.7,2.5,3.0,0.4,3600,0.2,163,82.8,23.98,0.27,1.32,0.147,10.88,10.94,0.067,1.14
40.0,3.0,0.7,2.5,3.0,0.8,14400,0.2,151,83.4,22.15,0.26,1.3,0.147,10.17,10.07,0.067,1.13
40.0,3.0,0.7,2.5,4.5,0.4,3600,0.2,163,82.8,23.98,0.27,1.32,0.147,10.88,10.94,0.067,1.14
40.0,3.0,0.7,2.5,4.5,0.8,14400,0.2,151,83.4,22.19,0.26,1.3,0.147,10.17,10.11,0.067,1.13
40.0,4.0,1.0,1.5,3.0,0.6,3600,0.2,92,81.5,13.55,0.28,1.23,0.147,12.91,6.19,0.067,1.1
40.0,4.0,1.0,1.5,3.0,0.8,2400,0.4,155,76.1,22.83,0.43,1.39,0.147,9.89,10.43,0.067,1.17
40.0,4.0,1.0,1.5,4.5,0.6,3600,0.2,92,81.5,13.55,0.28,1.23,0.147,12.91,6.19,0.067,1.1
40.0,4.0,1.5,2.5,3.0,0.4,3600,0.8,341,65.4,50.2,0.97,1.83,0.147,8.0,22.92,0.067,1.32
40.0,4.0,1.5,2.5,4.5,0.4,3600,0.8,341,65.4,50.2,0.97,1.83,0.147,8.0,22.92,0.067,1.32
40.0,5.0,1.0,1.5,3.0,0.4,1200,0.4,179,74.3,26.22,0.57,1.66,0.146,8.24,11.9,0.067,1.27
40.0,5.0,1.0,1.5,4.5,0.4,1200,0.4,179,74.3,26.22,0.57,1.66,0.146,8.24,11.9,0.067,1.27
45.0,2.0,1.0,1.5,3.0,0.4,14400,0.2,129,71.3,18.9,0.5,1.26,0.147,9.55,8.58,0.067,1.11
45.0,2.0,1.0,1.5,3.0,0.6,7200,0.2,131,71.8,19.25,0.5,1.26,0.147,9.87,8.77,0.067,1.11
45.0,2.0,1.0,1.5,4.5,0.4,14400,0.2,129,71.3,18.9,0.5,1.26,0.147,9.55,8.58,0.067,1.11
45.0,2.0,1.0,1.5,4.5,0.6,7200,0.2,131,71.8,19.25,0.5,1.26,0.147,9.87,8.77,0.067,1.11
50.0,2.0,1.0,1.5,3.0,0.8,2400,0.4,153,71.2,22.51,0.61,1.51,0.147,5.77,10.27,0.067,1.21
50.0,2.0,1.0,2.5,4.5,0.6,2400,0.4,153,71.2,22.5,0.61,1.51,0.147,5.94,10.26,0.067,1.21
50.0,3.0,0.7,1.5,3.0,0.6,7200,0.4,114,80.7,16.78,0.33,1.39,0.147,10.16,7.66,0.067,1.17
50.0,3.0,0.7,1.5,4.5,0.6,7200,0.4,114,80.7,16.78,0.33,1.39,0.147,10.16,7.66,0.067,1.17
55.0,2.0,1.5,2.5,3.0,0.6,1200,0.2,89,70.8,13.06,0.55,1.32,0.147,7.37,5.94,0.067,1.14
55.0,2.0,1.5,2.5,4.5,0.6,1200,0.2,89,70.8,13.06,0.55,1.32,0.147,7.37,5.94,0.067,1.14
55.0,4.0,0.7,1.5,3.0,0.6,2400,0.2,69,85.5,10.13,0.24,1.42,0.147,10.0,4.61,0.067,1.18
55.0,4.0,0.7,1.5,3.0,0.6,3600,0.4,79,74.7,11.58,0.52,1.54,0.147,6.77,5.26,0.067,1.23
55.0,4.0,0.7,1.5,3.0,0.8,3600,0.4,79,74.7,11.62,0.52,1.54,0.147,6.77,5.3,0.067,1.23
55.0,4.0,0.7,1.5,4.5,0.6,2400,0.2,69,85.5,10.13,0.24,1.42,0.147,10.0,4.61,0.067,1.18
55.0,4.0,0.7,1.5,4.5,0.6,3600,0.4,79,74.7,11.58,0.52,1.54,0.147,6.77,5.26,0.067,1.23
55.0,4.0,0.7,1.5,4.5,0.8,3600,0.4,79,74.7,11.62,0.52,1.54,0.147,6.77,5.3,0.067,1.23
55.0,4.0,0.7,2.5,3.0,0.6,3600,0.4,79,74.7,11.6,0.52,1.54,0.147,6.77,5.28,0.067,1.23
55.0,4.0,0.7,2.5,3.0,0.8,3600,0.4,79,74.7,11.63,0.52,1.54,0.147,6.77,5.31,0.067,1.23
55.0,4.0,0.7,2.5,4.5,0.6,3600,0.4,79,74.7,11.6,0.52,1.54,0.147,6.77,5.28,0.067,1.23
55.0,4.0,0.7,2.5,4.5,0.8,3600,0.4,79,74.7,11.63,0.52,1.54,0.147,6.77,5.31,0.067,1.23
40.0,2.0,0.7,2.5,3.0,0.8,14400,0.2,196,78.1,28.62,0.38,1.34,0.146,10.97,12.94,0.066,1.15
40.0,2.0,0.7,2.5,3.0,0.8,14400,0.4,203,78.8,29.63,0.36,1.36,0.146,10.97,13.39,0.066,1.15
40.0,2.0,0.7,2.5,4.5,0.8,14400,0.2,196,78.1,28.53,0.38,1.34,0.146,10.97,12.85,0.066,1.15
40.0,2.0,0.7,2.5,4.5,0.8,14400,0.4,203,78.8,29.54,0.36,1.36,0.146,10.97,13.3,0.066,1.15
40.0,3.0,0.7,2.5,3.0,0.6,7200,0.2,161,83.9,23.53,0.25,1.31,0.146,11.25,10.65,0.066,1.14
40.0,3.0,0.7,2.5,4.5,0.6,7200,0.2,161,83.9,23.53,0.25,1.31,0.146,11.25,10.65,0.066,1.14
40.0,3.0,1.0,1.5,3.0,0.6,14400,0.8,160,66.9,23.39,0.66,1.33,0.146,9.49,10.59,0.066,1.14
40.0,3.0,1.0,1.5,4.5,0.6,14400,0.8,160,66.9,23.35,0.66,1.33,0.146,9.49,10.55,0.066,1.14
40.0,4.0,1.0,1.5,4.5,0.8,2400,0.4,155,76.1,22.64,0.43,1.38,0.146,9.89,10.24,0.066,1.16
40.0,5.0,0.7,1.5,3.0,0.4,3600,0.8,327,68.8,47.68,0.97,2.14,0.146,5.44,21.52,0.066,1.42
40.0,5.0,0.7,1.5,4.5,0.4,3600,0.8,327,68.8,47.68,0.97,2.14,0.146,5.44,21.52,0.066,1.42
40.0,5.0,0.7,2.5,3.0,0.4,3600,0.8,327,68.8,47.81,0.97,2.14,0.146,5.44,21.65,0.066,1.42
40.0,5.0,0.7,2.5,4.5,0.4,3600,0.8,327,68.8,47.81,0.97,2.14,0.146,5.44,21.65,0.066,1.42
40.0,5.0,1.0,2.5,3.0,0.4,1200,0.4,179,74.3,26.19,0.57,1.66,0.146,8.24,11.87,0.066,1.27
40.0,5.0,1.0,2.5,4.5,0.4,1200,0.4,179,74.3,26.19,0.57,1.66,0.146,8.24,11.87,0.066,1.27
45.0,2.0,0.7,2.5,3.0,0.8,7200,0.4,179,76.5,26.05,0.43,1.4,0.146,9.15,11.73,0.066,1.17
45.0,2.0,0.7,2.5,4.5,0.8,7200,0.4,179,76.5,26.05,0.43,1.4,0.146,9.15,11.73,0.066,1.17
45.0,3.0,1.0,1.5,3.0,0.4,14400,0.8,144,72.2,21.0,0.51,1.32,0.146,8.31,9.48,0.066,1.14
45.0,3.0,1.0,1.5,4.5,0.4,14400,0.8,144,72.2,21.0,0.51,1.32,0.146,8.31,9.48,0.066,1.14
45.0,5.0,1.0,2.5,3.0,0.6,1200,0.2,83,78.3,12.11,0.35,1.27,0.146,17.19,5.47,0.066,1.12
45.0,5.0,1.0,2.5,4.5,0.6,1200,0.2,83,78.3,12.11,0.35,1.27,0.146,17.19,5.47,0.066,1.12
50.0,2.0,1.0,1.5,3.0,0.6,2400,0.4,153,71.2,22.35,0.61,1.51,0.146,5.94,10.11,0.066,1.21
50.0,2.0,1.0,1.5,4.5,0.8,2400,0.4,153,71.2,22.32,0.61,1.5,0.146,5.77,10.08,0.066,1.21
50.0,3.0,0.7,2.5,3.0,0.4,2400,0.2,116,84.5,16.93,0.25,1.37,0.146,9.6,7.65,0.066,1.16
50.0,3.0,0.7,2.5,4.5,0.4,2400,0.2,116,84.5,16.93,0.25,1.37,0.146,9.6,7.65,0.066,1.16
50.0,3.0,1.0,2.5,3.0,0.4,2400,0.4,138,73.2,20.21,0.52,1.43,0.146,10.35,9.17,0.066,1.18
50.0,3.0,1.0,2.5,4.5,0.4,2400,0.4,138,73.2,20.12,0.52,1.43,0.146,10.35,9.09,0.066,1.18
50.0,4.0,0.7,2.5,3.0,0.4,7200,0.4,95,83.2,13.92,0.28,1.38,0.147,14.23,6.32,0.066,1.17
50.0,4.0,0.7,2.5,3.0,0.8,7200,0.4,95,83.2,13.9,0.28,1.38,0.146,14.41,6.3,0.066,1.17
50.0,4.0,0.7,2.5,4.5,0.4,7200,0.4,95,83.2,13.92,0.28,1.38,0.147,14.23,6.32,0.066,1.17
50.0,4.0,0.7,2.5,4.5,0.8,7200,0.4,95,83.2,13.9,0.28,1.38,0.146,14.41,6.3,0.066,1.17
50.0,4.0,1.5,2.5,3.0,0.4,2400,0.2,74,79.7,10.83,0.31,1.22,0.146,14.45,4.91,0.066,1.1
50.0,4.0,1.5,2.5,3.0,0.6,7200,0.4,84,78.6,12.23,0.34,1.25,0.146,14.77,5.51,0.066,1.11
50.0,4.0,1.5,2.5,4.5,0.4,2400,0.2,74,79.7,10.83,0.31,1.22,0.146,14.45,4.91,0.066,1.1
50.0,4.0,1.5,2.5,4.5,0.6,7200,0.4,84,78.6,12.23,0.34,1.25,0.146,14.77,5.51,0.066,1.11
55.0,2.0,0.7,2.5,3.0,0.6,14400,0.2,86,77.9,12.59,0.38,1.33,0.146,7.99,5.71,0.066,1.14
55.0,2.0,0.7,2.5,3.0,0.6,14400,0.4,88,77.3,12.81,0.39,1.34,0.146,7.99,5.77,0.066,1.15
55.0,2.0,0.7,2.5,4.5,0.6,14400,0.2,86,77.9,12.57,0.38,1.33,0.146,7.99,5.69,0.066,1.14
55.0,2.0,1.0,2.5,3.0,0.4,1200,0.2,89,70.8,12.99,0.55,1.32,0.146,7.27,5.87,0.066,1.14
55.0,2.0,1.0,2.5,4.5,0.4,1200,0.2,89,70.8,12.99,0.55,1.32,0.146,7.27,5.87,0.066,1.14
55.0,3.0,0.7,1.5,3.0,0.8,7200,0.4,79,81.0,11.56,0.32,1.38,0.146,9.78,5.24,0.066,1.16
55.0,3.0,0.7,1.5,4.5,0.8,7200,0.4,79,81.0,11.56,0.32,1.38,0.146,9.78,5.24,0.066,1.16
40.0,4.0,1.0,1.5,3.0,0.8,3600,0.2,92,81.5,13.32,0.28,1.22,0.145,12.91,5.96,0.065,1.1
40.0,4.0,1.0,1.5,4.5,0.8,3600,0.2,92,81.5,13.32,0.28,1.22,0.145,12.91,5.96,0.065,1.1
40.0,4.0,1.0,2.5,3.0,0.6,3600,0.4,120,78.3,17.42,0.36,1.3,0.145,12.98,7.82,0.065,1.13
40.0,4.0,1.0,2.5,4.5,0.6,3600,0.4,120,78.3,17.42,0.36,1.3,0.145,12.98,7.82,0.065,1.13
45.0,2.0,0.7,2.5,3.0,0.4,7200,0.4,179,76.5,26.02,0.43,1.4,0.145,8.73,11.7,0.065,1.17
45.0,2.0,0.7,2.5,4.5,0.4,7200,0.4,179,76.5,26.02,0.43,1.4,0.145,8.73,11.7,0.065,1.17
45.0,2.0,1.5,2.5,3.0,0.6,1200,0.2,148,68.9,21.43,0.6,1.32,0.145,11.24,9.59,0.065,1.13
45.0,2.0,1.5,2.5,4.5,0.6,1200,0.2,148,68.9,21.43,0.6,1.32,0.145,11.24,9.59,0.065,1.13
45.0,3.0,0.7,2.5,3.0,0.4,1200,0.2,152,81.6,22.08,0.32,1.4,0.145,8.27,9.92,0.065,1.17
45.0,3.0,0.7,2.5,4.5,0.4,1200,0.2,152,81.6,22.08,0.32,1.4,0.145,8.27,9.92,0.065,1.17
45.0,5.0,0.7,2.5,3.0,0.4,7200,0.4,95,86.3,13.74,0.21,1.34,0.145,10.37,6.14,0.065,1.15
45.0,5.0,0.7,2.5,4.5,0.4,7200,0.4,95,86.3,13.74,0.21,1.34,0.145,10.37,6.14,0.065,1.15
45.0,5.0,1.0,2.5,3.0,0.8,1200,0.2,83,78.3,12.06,0.35,1.26,0.145,17.09,5.42,0.065,1.11
45.0,5.0,1.0,2.5,4.5,0.8,1200,0.2,83,78.3,12.06,0.35,1.26,0.145,17.09,5.42,0.065,1.11
45.0,5.0,1.5,2.5,3.0,0.6,3600,0.8,228,64.5,32.99,1.02,1.86,0.145,5.74,14.75,0.065,1.32
45.0,5.0,1.5,2.5,4.5,0.6,3600,0.8,228,64.5,32.99,1.02,1.86,0.145,5.74,14.75,0.065,1.32
50.0,2.0,0.7,2.5,3.0,0.4,14400,0.8,135,74.1,19.6,0.51,1.44,0.145,8.99,8.8,0.065,1.19
50.0,2.0,0.7,2.5,4.5,0.4,14400,0.8,135,74.1,19.6,0.51,1.44,0.145,8.99,8.8,0.065,1.19
50.0,2.0,1.0,1.5,4.5,0.6,2400,0.4,153,71.2,22.21,0.61,1.5,0.145,5.94,9.97,0.065,1.21
50.0,3.0,1.0,1.5,3.0,0.4,2400,0.4,138,73.2,20.0,0.52,1.43,0.145,10.35,8.96,0.065,1.18
55.0,2.0,0.7,2.5,4.5,0.6,14400,0.4,88,77.3,12.79,0.39,1.34,0.145,7.99,5.75,0.065,1.14
55.0,3.0,0.7,2.5,3.0,0.6,14400,0.8,82,74.4,11.86,0.48,1.4,0.145,6.45,5.3,0.065,1.17
40.0,3.0,0.7,1.5,3.0,0.4,3600,0.2,163,82.8,23.46,0.27,1.31,0.144,10.88,10.42,0.064,1.13
40.0,3.0,0.7,1.5,4.5,0.4,3600,0.2,163,82.8,23.46,0.27,1.31,0.144,10.88,10.42,0.064,1.13
40.0,4.0,1.5,2.5,3.0,0.6,3600,0.8,340,64.7,48.97,0.98,1.81,0.144,8.0,21.77,0.064,1.3
40.0,4.0,1.5,2.5,4.5,0.6,3600,0.8,340,64.7,48.97,0.98,1.81,0.144,8.0,21.77,0.064,1.3
45.0,2.0,1.0,2.5,3.0,0.4,14400,0.2,129,71.3,18.51,0.5,1.25,0.143,9.55,8.19,0.064,1.11
45.0,2.0,1.0,2.5,4.5,0.4,14400,0.2,129,71.3,18.51,0.5,1.25,0.143,9.55,8.19,0.064,1.11
45.0,3.0,0.7,1.5,3.0,0.4,1200,0.2,152,81.6,21.96,0.32,1.4,0.144,8.27,9.8,0.064,1.17
45.0,3.0,0.7,1.5,4.5,0.4,1200,0.2,152,81.6,21.96,0.32,1.4,0.144,8.27,9.8,0.064,1.17
45.0,3.0,0.7,2.5,3.0,0.8,1200,0.2,152,81.6,21.82,0.32,1.4,0.144,8.27,9.66,0.064,1.17
45.0,3.0,0.7,2.5,4.5,0.8,1200,0.2,152,81.6,21.82,0.32,1.4,0.144,8.27,9.66,0.064,1.17
50.0,2.0,1.5,2.5,3.0,0.6,1200,0.4,196,68.9,28.26,0.83,1.83,0.144,5.67,12.58,0.064,1.31
50.0,3.0,1.0,1.5,4.5,0.4,2400,0.4,138,73.2,19.91,0.52,1.42,0.144,10.35,8.87,0.064,1.18
50.0,3.0,1.0,2.5,3.0,0.8,2400,0.4,138,73.2,19.82,0.52,1.42,0.144,10.3,8.78,0.064,1.17
50.0,4.0,0.7,2.5,3.0,0.4,14400,0.8,103,81.6,14.85,0.32,1.39,0.144,14.58,6.61,0.064,1.17
50.0,4.0,0.7,2.5,3.0,0.6,14400,0.8,103,81.6,14.86,0.32,1.39,0.144,14.7,6.62,0.064,1.17
50.0,4.0,0.7,2.5,4.5,0.4,14400,0.8,103,81.6,14.85,0.32,1.39,0.144,14.58,6.61,0.064,1.17
50.0,4.0,0.7,2.5,4.5,0.6,14400,0.8,103,81.6,14.84,0.32,1.39,0.144,14.7,6.6,0.064,1.17
50.0,4.0,1.5,2.5,3.0,0.8,14400,0.8,88,73.9,12.69,0.45,1.28,0.144,15.47,5.65,0.064,1.12
55.0,3.0,0.7,1.5,3.0,0.6,7200,0.4,79,81.0,11.38,0.32,1.37,0.144,9.73,5.06,0.064,1.16
55.0,3.0,0.7,1.5,4.5,0.6,7200,0.4,79,81.0,11.38,0.32,1.37,0.144,9.73,5.06,0.064,1.16
55.0,3.0,0.7,2.5,4.5,0.6,14400,0.8,82,74.4,11.84,0.48,1.4,0.144,6.45,5.28,0.064,1.17
55.0,3.0,1.0,1.5,3.0,0.6,7200,0.8,94,71.3,13.55,0.61,1.5,0.144,6.6,6.03,0.064,1.21
55.0,3.0,1.0,1.5,4.5,0.6,7200,0.8,94,71.3,13.55,0.61,1.5,0.144,6.6,6.03,0.064,1.21
40.0,3.0,0.7,2.5,3.0,0.8,7200,0.2,161,83.9,23.06,0.25,1.31,0.143,11.25,10.18,0.063,1.13
40.0,3.0,0.7,2.5,4.5,0.8,7200,0.2,161,83.9,23.06,0.25,1.31,0.143,11.25,10.18,0.063,1.13
40.0,3.0,1.0,2.5,3.0,0.4,1200,0.2,141,75.2,20.19,0.42,1.28,0.143,13.99,8.91,0.063,1.12
40.0,3.0,1.0,2.5,4.5,0.4,1200,0.2,141,75.2,20.19,0.42,1.28,0.143,13.99,8.91,0.063,1.12
40.0,5.0,0.7,1.5,3.0,0.4,1200,0.4,251,74.5,35.87,0.67,1.96,0.143,8.02,15.79,0.063,1.37
40.0,5.0,0.7,1.5,3.0,0.6,3600,0.8,327,68.8,46.85,0.96,2.12,0.143,5.44,20.7,0.063,1.4
40.0,5.0,0.7,1.5,4.5,0.4,1200,0.4,251,74.5,35.87,0.67,1.96,0.143,8.02,15.79,0.063,1.37
40.0,5.0,0.7,1.5,4.5,0.6,3600,0.8,327,68.8,46.85,0.96,2.12,0.143,5.44,20.7,0.063,1.4
40.0,5.0,0.7,2.5,3.0,0.6,3600,0.8,327,68.8,46.84,0.96,2.12,0.143,5.44,20.68,0.063,1.4
40.0,5.0,0.7,2.5,4.5,0.6,3600,0.8,327,68.8,46.84,0.96,2.12,0.143,5.44,20.68,0.063,1.4
40.0,5.0,1.0,1.5,3.0,0.6,1200,0.4,179,74.3,25.61,0.57,1.65,0.143,8.48,11.29,0.063,1.26
40.0,5.0,1.0,1.5,4.5,0.6,1200,0.4,179,74.3,25.61,0.57,1.65,0.143,8.48,11.29,0.063,1.26
40.0,5.0,1.0,2.5,3.0,0.6,1200,0.4,179,74.3,25.58,0.57,1.64,0.143,8.48,11.26,0.063,1.26
40.0,5.0,1.0,2.5,4.5,0.6,1200,0.4,179,74.3,25.58,0.57,1.64,0.143,8.48,11.26,0.063,1.26
45.0,2.0,0.7,1.5,3.0,0.8,7200,0.4,179,76.5,25.59,0.43,1.39,0.143,9.15,11.27,0.063,1.16
45.0,2.0,0.7,1.5,4.5,0.8,7200,0.4,179,76.5,25.59,0.43,1.39,0.143,9.15,11.27,0.063,1.16
45.0,3.0,0.7,1.5,3.0,0.8,1200,0.2,152,81.6,21.71,0.32,1.4,0.143,8.27,9.55,0.063,1.17
45.0,3.0,0.7,1.5,4.5,0.8,1200,0.2,152,81.6,21.71,0.32,1.4,0.143,8.27,9.55,0.063,1.17
45.0,3.0,0.7,2.5,3.0,0.6,1200,0.2,152,81.6,21.73,0.32,1.4,0.143,8.27,9.57,0.063,1.17
45.0,3.0,0.7,2.5,4.5,0.6,1200,0.2,152,81.6,21.73,0.32,1.4,0.143,8.27,9.57,0.063,1.17
45.0,4.0,1.0,1.5,3.0,0.4,3600,0.2,77,83.1,11.04,0.25,1.21,0.143,13.07,4.88,0.063,1.09
45.0,4.0,1.0,1.5,4.5,0.4,3600,0.2,77,83.1,11.04,0.25,1.21,0.143,13.07,4.88,0.063,1.09
50.0,2.0,0.7,2.5,3.0,0.6,14400,0.8,135,74.1,19.37,0.5,1.44,0.143,9.11,8.57,0.063,1.18
50.0,2.0,0.7,2.5,4.5,0.6,14400,0.8,135,74.1,19.35,0.5,1.44,0.143,9.11,8.55,0.063,1.18
50.0,2.0,1.5,2.5,4.5,0.6,1200,0.4,196,68.9,28.13,0.83,1.83,0.144,5.67,12.45,0.063,1.31
50.0,3.0,0.7,1.5,3.0,0.4,2400,0.2,116,84.5,16.57,0.25,1.37,0.143,9.6,7.29,0.063,1.16
50.0,3.0,0.7,1.5,4.5,0.4,2400,0.2,116,84.5,16.57,0.25,1.37,0.143,9.6,7.29,0.063,1.16
50.0,3.0,0.7,2.5,3.0,0.8,2400,0.2,116,84.5,16.56,0.25,1.37,0.143,9.55,7.28,0.063,1.16
50.0,3.0,0.7,2.5,4.5,0.8,2400,0.2,116,84.5,16.56,0.25,1.37,0.143,9.55,7.28,0.063,1.16
50.0,3.0,1.0,2.5,3.0,0.6,2400,0.4,138,73.2,19.67,0.52,1.42,0.143,10.47,8.63,0.063,1.17
50.0,4.0,1.5,2.5,4.5,0.8,14400,0.8,88,73.9,12.62,0.45,1.27,0.143,15.47,5.58,0.063,1.12
55.0,5.0,1.5,2.5,3.0,0.6,3600,0.8,110,61.8,15.76,1.15,1.86,0.143,6.26,6.96,0.063,1.32
55.0,5.0,1.5,2.5,4.5,0.6,3600,0.8,110,61.8,15.76,1.15,1.86,0.143,6.26,6.96,0.063,1.32
40.0,2.0,0.7,2.5,3.0,0.4,14400,0.2,198,77.8,28.08,0.38,1.32,0.142,10.32,12.24,0.062,1.14
40.0,2.0,0.7,2.5,3.0,0.4,14400,0.4,205,78.5,29.09,0.37,1.34,0.142,10.32,12.69,0.062,1.14
40.0,2.0,0.7,2.5,4.5,0.4,14400,0.2,198,77.8,28.08,0.38,1.32,0.142,10.32,12.24,0.062,1.14
40.0,2.0,0.7,2.5,4.5,0.4,14400,0.4,205,78.5,29.09,0.37,1.34,0.142,10.32,12.69,0.062,1.14
40.0,3.0,0.7,1.5,3.0,0.6,7200,0.2,161,83.9,22.88,0.25,1.3,0.142,11.25,10.0,0.062,1.13
40.0,3.0,0.7,1.5,4.5,0.6,7200,0.2,161,83.9,22.88,0.25,1.3,0.142,11.25,10.0,0.062,1.13
40.0,3.0,0.7,2.5,3.0,0.6,3600,0.2,163,82.8,23.22,0.27,1.31,0.142,10.88,10.18,0.062,1.13
40.0,3.0,0.7,2.5,4.5,0.6,3600,0.2,163,82.8,23.22,0.27,1.31,0.142,10.88,10.18,0.062,1.13
40.0,4.0,0.7,2.5,3.0,0.4,7200,0.2,125,87.2,17.69,0.19,1.28,0.142,11.23,7.69,0.062,1.12
40.0,4.0,0.7,2.5,4.5,0.4,7200,0.2,125,87.2,17.69,0.19,1.28,0.142,11.23,7.69,0.062,1.12
40.0,4.0,1.0,1.5,3.0,0.6,3600,0.4,120,78.3,17.05,0.36,1.3,0.142,13.04,7.45,0.062,1.12
40.0,4.0,1.0,1.5,4.5,0.6,3600,0.4,120,78.3,17.05,0.36,1.3,0.142,13.04,7.45,0.062,1.12
40.0,4.0,1.0,2.5,3.0,0.8,3600,0.4,120,78.3,17.02,0.36,1.3,0.142,12.98,7.42,0.062,1.12
40.0,4.0,1.0,2.5,4.5,0.8,3600,0.4,120,78.3,17.02,0.36,1.3,0.142,12.98,7.42,0.062,1.12
40.0,4.0,1.5,2.5,3.0,0.8,3600,0.8,335,64.8,47.5,0.98,1.79,0.142,8.0,20.7,0.062,1.29
40.0,4.0,1.5,2.5,4.5,0.8,3600,0.8,335,64.8,47.5,0.98,1.79,0.142,8.0,20.7,0.062,1.29
40.0,5.0,0.7,1.5,3.0,0.8,3600,0.8,327,68.8,46.51,0.96,2.11,0.142,5.44,20.35,0.062,1.4
40.0,5.0,0.7,1.5,4.5,0.8,3600,0.8,327,68.8,46.51,0.96,2.11,0.142,5.44,20.35,0.062,1.4
40.0,5.0,0.7,2.5,3.0,0.4,1200,0.4,251,74.5,35.76,0.67,1.96,0.142,8.02,15.68,0.062,1.36
40.0,5.0,0.7,2.5,3.0,0.8,3600,0.8,327,68.8,46.36,0.96,2.11,0.142,5.44,20.2,0.062,1.39
40.0,5.0,0.7,2.5,4.5,0.4,1200,0.4,251,74.5,35.76,0.67,1.96,0.142,8.02,15.68,0.062,1.36
40.0,5.0,0.7,2.5,4.5,0.8,3600,0.8,327,68.8,46.36,0.96,2.11,0.142,5.44,20.2,0.062,1.39
40.0,5.0,1.0,1.5,3.0,0.8,1200,0.4,179,74.3,25.49,0.57,1.64,0.142,8.49,11.17,0.062,1.25
40.0,5.0,1.0,1.5,4.5,0.8,1200,0.4,179,74.3,25.49,0.57,1.64,0.142,8.49,11.17,0.062,1.25
40.0,5.0,1.0,2.5,3.0,0.8,1200,0.4,179,74.3,25.46,0.57,1.64,0.142,8.49,11.14,0.062,1.25
40.0,5.0,1.0,2.5,4.5,0.8,1200,0.4,179,74.3,25.46,0.57,1.64,0.142,8.49,11.14,0.062,1.25
45.0,2.0,0.7,1.5,3.0,0.4,7200,0.4,179,76.5,25.49,0.43,1.39,0.142,8.73,11.17,0.062,1.16
45.0,2.0,0.7,1.5,4.5,0.4,7200,0.4,179,76.5,25.49,0.43,1.39,0.142,8.73,11.17,0.062,1.16
45.0,2.0,0.7,2.5,3.0,0.6,7200,0.4,179,76.5,25.38,0.43,1.39,0.142,8.97,11.06,0.062,1.16
45.0,2.0,0.7,2.5,4.5,0.6,7200,0.4,179,76.5,25.38,0.43,1.39,0.142,8.97,11.06,0.062,1.16
45.0,3.0,0.7,1.5,3.0,0.6,1200,0.2,152,81.6,21.61,0.32,1.4,0.142,8.27,9.45,0.062,1.16
45.0,3.0,0.7,1.5,4.5,0.6,1200,0.2,152,81.6,21.61,0.32,1.4,0.142,8.27,9.45,0.062,1.16
45.0,4.0,1.0,2.5,3.0,0.4,1200,0.4,183,71.0,26.05,0.67,1.64,0.142,8.0,11.41,0.062,1.25
45.0,4.0,1.0,2.5,4.5,0.4,1200,0.4,183,71.0,25.96,0.67,1.64,0.142,8.0,11.32,0.062,1.25
45.0,5.0,0.7,1.5,3.0,0.4,1200,0.4,226,73.9,32.07,0.79,2.23,0.142,5.43,13.99,0.062,1.43
45.0,5.0,0.7,1.5,3.0,0.8,1200,0.4,226,73.9,32.01,0.79,2.23,0.142,5.43,13.93,0.062,1.43
45.0,5.0,0.7,1.5,4.5,0.4,1200,0.4,226,73.9,32.07,0.79,2.23,0.142,5.43,13.99,0.062,1.43
45.0,5.0,0.7,1.5,4.5,0.8,1200,0.4,226,73.9,32.01,0.79,2.23,0.142,5.43,13.93,0.062,1.43
45.0,5.0,0.7,2.5,3.0,0.4,1200,0.4,226,73.9,32.09,0.79,2.23,0.142,5.43,14.01,0.062,1.44
45.0,5.0,0.7,2.5,3.0,0.6,7200,0.4,95,86.3,13.5,0.21,1.33,0.142,10.49,5.9,0.062,1.14
45.0,5.0,0.7,2.5,4.5,0.4,1200,0.4,226,73.9,32.09,0.79,2.23,0.142,5.43,14.01,0.062,1.44
45.0,5.0,0.7,2.5,4.5,0.6,7200,0.4,95,86.3,13.5,0.21,1.33,0.142,10.49,5.9,0.062,1.14
45.0,5.0,1.0,1.5,3.0,0.6,1200,0.2,83,78.3,11.77,0.35,1.26,0.142,17.19,5.13,0.062,1.11
45.0,5.0,1.0,1.5,4.5,0.6,1200,0.2,83,78.3,11.77,0.35,1.26,0.142,17.19,5.13,0.062,1.11
50.0,2.0,0.7,2.5,3.0,0.8,14400,0.8,135,74.1,19.13,0.5,1.43,0.142,9.17,8.33,0.062,1.18
50.0,2.0,0.7,2.5,4.5,0.8,14400,0.8,135,74.1,19.11,0.5,1.43,0.142,9.17,8.31,0.062,1.18
50.0,3.0,0.7,2.5,3.0,0.6,2400,0.2,116,84.5,16.45,0.25,1.36,0.142,9.72,7.17,0.062,1.15
50.0,3.0,0.7,2.5,4.5,0.6,2400,0.2,116,84.5,16.45,0.25,1.36,0.142,9.72,7.17,0.062,1.15
50.0,3.0,1.0,1.5,3.0,0.8,2400,0.4,138,73.2,19.61,0.52,1.42,0.142,10.3,8.57,0.062,1.17
50.0,3.0,1.0,2.5,4.5,0.6,2400,0.4,138,73.2,19.53,0.52,1.42,0.142,10.47,8.49,0.062,1.17
50.0,3.0,1.0,2.5,4.5,0.8,2400,0.4,138,73.2,19.64,0.52,1.42,0.142,10.3,8.6,0.062,1.17
50.0,4.0,0.7,1.5,3.0,0.8,14400,0.8,103,81.6,14.67,0.31,1.39,0.142,14.76,6.43,0.062,1.16
50.0,4.0,0.7,1.5,4.5,0.8,14400,0.8,103,81.6,14.65,0.31,1.39,0.142,14.76,6.41,0.062,1.16
50.0,4.0,0.7,2.5,3.0,0.6,7200,0.4,95,83.2,13.47,0.28,1.37,0.142,14.35,5.87,0.062,1.15
50.0,4.0,0.7,2.5,4.5,0.6,7200,0.4,95,83.2,13.47,0.28,1.37,0.142,14.35,5.87,0.062,1.15
55.0,2.0,1.0,1.5,3.0,0.4,1200,0.2,89,70.8,12.62,0.54,1.31,0.142,7.27,5.5,0.062,1.13
55.0,2.0,1.0,1.5,4.5,0.4,1200,0.2,89,70.8,12.62,0.54,1.31,0.142,7.27,5.5,0.062,1.13
40.0,2.0,0.7,1.5,3.0,0.4,14400,0.2,198,77.8,27.97,0.38,1.32,0.141,10.32,12.13,0.061,1.13
40.0,2.0,0.7,1.5,3.0,0.4,14400,0.4,205,78.5,28.98,0.37,1.34,0.141,10.32,12.58,0.061,1.14
40.0,2.0,0.7,1.5,4.5,0.4,14400,0.2,198,77.8,27.97,0.38,1.32,0.141,10.32,12.13,0.061,1.13
40.0,2.0,0.7,1.5,4.5,0.4,14400,0.4,205,78.5,28.98,0.37,1.34,0.141,10.32,12.58,0.061,1.14
40.0,3.0,0.7,1.5,3.0,0.8,7200,0.2,161,83.9,22.73,0.25,1.3,0.141,11.25,9.85,0.061,1.13
40.0,3.0,0.7,1.5,4.5,0.8,7200,0.2,161,83.9,22.73,0.25,1.3,0.141,11.25,9.85,0.061,1.13
40.0,3.0,1.0,1.5,3.0,0.4,1200,0.2,141,75.2,19.86,0.42,1.27,0.141,13.99,8.58,0.061,1.11
40.0,3.0,1.0,1.5,4.5,0.4,1200,0.2,141,75.2,19.86,0.42,1.27,0.141,13.99,8.58,0.061,1.11
40.0,4.0,0.7,2.5,3.0,0.4,1200,0.2,172,83.1,24.2,0.28,1.4,0.141,10.46,10.44,0.061,1.16
40.0,4.0,0.7,2.5,3.0,0.4,7200,0.8,232,73.7,32.64,0.55,1.55,0.141,8.0,14.08,0.061,1.22
40.0,4.0,0.7,2.5,4.5,0.4,1200,0.2,172,83.1,24.2,0.28,1.4,0.141,10.46,10.44,0.061,1.16
40.0,5.0,0.7,1.5,3.0,0.6,1200,0.4,251,74.5,35.44,0.67,1.95,0.141,8.26,15.36,0.061,1.36
40.0,5.0,0.7,1.5,3.0,0.8,1200,0.4,251,74.5,35.43,0.67,1.95,0.141,8.27,15.35,0.061,1.36
40.0,5.0,0.7,1.5,4.5,0.6,1200,0.4,251,74.5,35.44,0.67,1.95,0.141,8.26,15.36,0.061,1.36
40.0,5.0,0.7,1.5,4.5,0.8,1200,0.4,251,74.5,35.43,0.67,1.95,0.141,8.27,15.35,0.061,1.36
40.0,5.0,0.7,2.5,3.0,0.6,1200,0.4,251,74.5,35.27,0.67,1.95,0.141,8.26,15.19,0.061,1.35
40.0,5.0,0.7,2.5,4.5,0.6,1200,0.4,251,74.5,35.27,0.67,1.95,0.141,8.26,15.19,0.061,1.35
45.0,2.0,1.5,2.5,3.0,0.8,2400,0.2,128,71.1,18.09,0.51,1.26,0.141,12.3,7.85,0.061,1.11
45.0,2.0,1.5,2.5,4.5,0.8,2400,0.2,128,71.1,18.09,0.51,1.26,0.141,12.3,7.85,0.061,1.11
45.0,5.0,0.7,1.5,3.0,0.4,7200,0.4,95,86.3,13.43,0.21,1.33,0.141,10.37,5.83,0.061,1.14
45.0,5.0,0.7,1.5,3.0,0.6,1200,0.4,226,73.9,31.9,0.79,2.22,0.141,5.43,13.82,0.061,1.43
45.0,5.0,0.7,1.5,4.5,0.4,7200,0.4,95,86.3,13.43,0.21,1.33,0.141,10.37,5.83,0.061,1.14
45.0,5.0,0.7,1.5,4.5,0.6,1200,0.4,226,73.9,31.9,0.79,2.22,0.141,5.43,13.82,0.061,1.43
45.0,5.0,0.7,2.5,3.0,0.6,1200,0.4,226,73.9,31.85,0.78,2.22,0.141,5.43,13.77,0.061,1.43
45.0,5.0,0.7,2.5,3.0,0.8,1200,0.4,226,73.9,31.95,0.79,2.23,0.141,5.43,13.87,0.061,1.43
45.0,5.0,0.7,2.5,4.5,0.6,1200,0.4,226,73.9,31.85,0.78,2.22,0.141,5.43,13.77,0.061,1.43
45.0,5.0,0.7,2.5,4.5,0.8,1200,0.4,226,73.9,31.95,0.79,2.23,0.141,5.43,13.87,0.061,1.43
45.0,5.0,1.0,1.5,3.0,0.8,1200,0.2,83,78.3,11.71,0.35,1.26,0.141,17.09,5.08,0.061,1.11
45.0,5.0,1.0,1.5,4.5,0.8,1200,0.2,83,78.3,11.71,0.35,1.26,0.141,17.09,5.08,0.061,1.11
45.0,5.0,1.0,2.5,3.0,0.4,2400,0.4,116,75.9,16.38,0.44,1.39,0.141,10.4,7.1,0.061,1.16
50.0,2.0,0.7,1.5,3.0,0.4,14400,0.8,135,74.1,19.05,0.5,1.43,0.141,8.99,8.25,0.061,1.18
50.0,2.0,0.7,1.5,3.0,0.6,14400,0.8,135,74.1,18.97,0.5,1.43,0.141,9.11,8.17,0.061,1.17
50.0,2.0,0.7,1.5,4.5,0.4,14400,0.8,135,74.1,19.05,0.5,1.43,0.141,8.99,8.25,0.061,1.18
50.0,3.0,1.0,1.5,3.0,0.6,2400,0.4,138,73.2,19.46,0.52,1.41,0.141,10.47,8.42,0.061,1.17
50.0,3.0,1.0,1.5,4.5,0.8,2400,0.4,138,73.2,19.43,0.52,1.41,0.141,10.3,8.39,0.061,1.17
50.0,4.0,0.7,1.5,3.0,0.4,7200,0.4,95,83.2,13.43,0.28,1.37,0.141,14.23,5.82,0.061,1.15
50.0,4.0,0.7,1.5,3.0,0.6,14400,0.8,103,81.6,14.54,0.31,1.39,0.141,14.7,6.3,0.061,1.16
50.0,4.0,0.7,1.5,4.5,0.4,7200,0.4,95,83.2,13.43,0.28,1.37,0.141,14.23,5.82,0.061,1.15
50.0,4.0,0.7,1.5,4.5,0.6,14400,0.8,103,81.6,14.51,0.31,1.39,0.141,14.7,6.27,0.061,1.16
50.0,4.0,1.5,2.5,3.0,0.8,3600,0.8,156,65.4,21.96,0.91,1.72,0.141,8.0,9.48,0.061,1.27
40.0,2.0,0.7,1.5,3.0,0.8,14400,0.2,196,78.1,27.45,0.37,1.32,0.14,10.97,11.77,0.06,1.13
40.0,2.0,0.7,1.5,3.0,0.8,14400,0.4,203,78.8,28.46,0.36,1.34,0.14,10.97,12.22,0.06,1.14
40.0,2.0,0.7,1.5,4.5,0.8,14400,0.2,196,78.1,27.37,0.37,1.32,0.14,10.97,11.68,0.06,1.13
40.0,2.0,0.7,1.5,4.5,0.8,14400,0.4,203,78.8,28.37,0.36,1.34,0.14,10.97,12.13,0.06,1.14
40.0,2.0,0.7,2.5,3.0,0.6,,0.4,148,70.3,20.67,0.54,1.28,0.14,9.77,8.83,0.06,1.11
40.0,2.0,0.7,2.5,4.5,0.6,,0.4,148,70.3,20.72,0.54,1.28,0.14,9.77,8.88,0.06,1.11
40.0,3.0,0.7,1.5,3.0,0.6,3600,0.2,163,82.8,22.84,0.27,1.3,0.14,10.88,9.8,0.06,1.13
40.0,3.0,0.7,1.5,4.5,0.6,3600,0.2,163,82.8,22.84,0.27,1.3,0.14,10.88,9.8,0.06,1.13
40.0,3.0,0.7,2.5,3.0,0.8,3600,0.2,163,82.8,22.85,0.27,1.3,0.14,10.88,9.81,0.06,1.13
40.0,3.0,0.7,2.5,4.5,0.8,3600,0.2,163,82.8,22.85,0.27,1.3,0.14,10.88,9.81,0.06,1.13
40.0,3.0,1.0,2.5,3.0,0.6,1200,0.2,141,75.2,19.72,0.42,1.27,0.14,13.99,8.45,0.06,1.11
40.0,3.0,1.0,2.5,4.5,0.6,1200,0.2,141,75.2,19.72,0.42,1.27,0.14,13.99,8.45,0.06,1.11
40.0,3.0,1.5,2.5,3.0,0.8,3600,0.2,123,77.2,17.16,0.36,1.22,0.14,13.52,7.32,0.06,1.09
40.0,3.0,1.5,2.5,4.5,0.8,3600,0.2,123,77.2,17.16,0.36,1.22,0.14,13.52,7.32,0.06,1.09
40.0,4.0,0.7,1.5,3.0,0.4,1200,0.2,172,83.1,24.14,0.28,1.4,0.14,10.46,10.38,0.06,1.16
40.0,4.0,0.7,1.5,4.5,0.4,1200,0.2,172,83.1,24.14,0.28,1.4,0.14,10.46,10.38,0.06,1.16
40.0,4.0,0.7,2.5,3.0,0.4,3600,0.4,189,79.4,26.39,0.37,1.42,0.14,8.0,11.28,0.06,1.17
40.0,4.0,0.7,2.5,4.5,0.4,3600,0.4,189,79.4,26.39,0.37,1.42,0.14,8.0,11.28,0.06,1.17
40.0,4.0,0.7,2.5,4.5,0.4,7200,0.8,232,73.7,32.59,0.55,1.55,0.14,8.0,14.03,0.06,1.22
40.0,5.0,0.7,2.5,3.0,0.8,1200,0.4,251,74.5,35.26,0.67,1.95,0.14,8.27,15.18,0.06,1.35
40.0,5.0,0.7,2.5,4.5,0.8,1200,0.4,251,74.5,35.26,0.67,1.95,0.14,8.27,15.18,0.06,1.35
45.0,3.0,1.5,2.5,3.0,0.4,2400,0.4,164,72.0,23.01,0.54,1.38,0.14,8.39,9.89,0.06,1.15
45.0,3.0,1.5,2.5,4.5,0.4,2400,0.4,164,72.0,22.92,0.54,1.38,0.14,8.39,9.8,0.06,1.15
45.0,4.0,1.0,1.5,3.0,0.4,1200,0.4,183,71.0,25.61,0.66,1.63,0.14,8.0,10.97,0.06,1.24
45.0,5.0,0.7,2.5,3.0,0.4,3600,0.4,120,79.2,16.76,0.38,1.45,0.14,11.46,7.16,0.06,1.18
45.0,5.0,0.7,2.5,4.5,0.4,3600,0.4,120,79.2,16.76,0.38,1.45,0.14,11.46,7.16,0.06,1.18
45.0,5.0,1.0,2.5,4.5,0.4,2400,0.4,116,75.9,16.29,0.44,1.39,0.14,10.4,7.01,0.06,1.16
50.0,2.0,0.7,1.5,4.5,0.6,14400,0.8,135,74.1,18.95,0.5,1.43,0.14,9.11,8.15,0.06,1.17
50.0,2.0,0.7,2.5,3.0,0.4,7200,0.4,131,75.6,18.34,0.45,1.39,0.14,10.44,7.86,0.06,1.16
50.0,2.0,0.7,2.5,4.5,0.4,7200,0.4,131,75.6,18.34,0.45,1.39,0.14,10.44,7.86,0.06,1.16
50.0,3.0,0.7,1.5,3.0,0.8,2400,0.2,116,84.5,16.19,0.25,1.36,0.14,9.55,6.91,0.06,1.15
50.0,3.0,0.7,1.5,4.5,0.8,2400,0.2,116,84.5,16.19,0.25,1.36,0.14,9.55,6.91,0.06,1.15
50.0,3.0,1.0,1.5,4.5,0.6,2400,0.4,138,73.2,19.32,0.52,1.41,0.14,10.47,8.28,0.06,1.16
50.0,4.0,0.7,1.5,3.0,0.4,14400,0.8,103,81.6,14.39,0.31,1.38,0.14,14.58,6.15,0.06,1.16
50.0,4.0,0.7,1.5,3.0,0.8,7200,0.4,95,83.2,13.26,0.28,1.36,0.14,14.41,5.66,0.06,1.15
50.0,4.0,0.7,1.5,4.5,0.4,14400,0.8,103,81.6,14.39,0.31,1.38,0.14,14.58,6.15,0.06,1.16
50.0,4.0,0.7,1.5,4.5,0.8,7200,0.4,95,83.2,13.26,0.28,1.36,0.14,14.41,5.66,0.06,1.15
50.0,4.0,1.5,2.5,4.5,0.8,3600,0.8,156,65.4,21.91,0.91,1.72,0.14,8.0,9.43,0.06,1.27
55.0,2.0,1.0,2.5,3.0,0.6,1200,0.2,89,70.8,12.48,0.54,1.31,0.14,7.39,5.36,0.06,1.13
55.0,2.0,1.0,2.5,4.5,0.6,1200,0.2,89,70.8,12.48,0.54,1.31,0.14,7.39,5.36,0.06,1.13
55.0,2.0,1.5,2.5,3.0,0.4,1200,0.4,139,71.9,19.44,0.68,1.74,0.14,5.12,8.32,0.06,1.28
55.0,4.0,1.5,2.5,3.0,0.8,2400,0.8,128,67.2,17.89,1.06,2.17,0.14,4.57,7.65,0.06,1.4
40.0,3.0,0.7,1.5,3.0,0.8,3600,0.2,163,82.8,22.61,0.27,1.3,0.139,10.88,9.57,0.059,1.12
40.0,3.0,0.7,1.5,4.5,0.8,3600,0.2,163,82.8,22.61,0.27,1.3,0.139,10.88,9.57,0.059,1.12
40.0,3.0,0.7,2.5,3.0,0.4,3600,0.4,231,77.9,32.21,0.41,1.44,0.139,8.45,13.73,0.059,1.18
40.0,3.0,0.7,2.5,4.5,0.4,3600,0.4,231,77.9,32.21,0.41,1.44,0.139,8.45,13.73,0.059,1.18
40.0,3.0,1.0,2.5,3.0,0.8,1200,0.2,141,75.2,19.59,0.42,1.27,0.139,13.99,8.31,0.059,1.11
40.0,3.0,1.0,2.5,4.5,0.8,1200,0.2,141,75.2,19.59,0.42,1.27,0.139,13.99,8.31,0.059,1.11
40.0,4.0,1.0,1.5,3.0,0.8,3600,0.4,120,78.3,16.72,0.36,1.29,0.139,13.04,7.12,0.059,1.12
40.0,4.0,1.0,1.5,4.5,0.8,3600,0.4,120,78.3,16.72,0.36,1.29,0.139,13.04,7.12,0.059,1.12
45.0,2.0,0.7,1.5,3.0,0.6,7200,0.4,179,76.5,24.84,0.42,1.38,0.139,8.97,10.52,0.059,1.15
45.0,2.0,0.7,1.5,4.5,0.6,7200,0.4,179,76.5,24.84,0.42,1.38,0.139,8.97,10.52,0.059,1.15
45.0,4.0,0.7,2.5,3.0,0.8,14400,0.4,100,85.0,13.85,0.22,1.27,0.138,13.02,5.86,0.059,1.11
45.0,4.0,0.7,2.5,4.5,0.8,14400,0.4,100,85.0,13.85,0.22,1.27,0.138,13.02,5.86,0.059,1.11
45.0,4.0,1.0,1.5,4.5,0.4,1200,0.4,183,71.0,25.52,0.66,1.63,0.139,8.0,10.88,0.059,1.24
45.0,4.0,1.0,2.5,3.0,0.6,1200,0.4,183,71.0,25.41,0.66,1.62,0.139,8.0,10.77,0.059,1.24
45.0,4.0,1.0,2.5,3.0,0.6,3600,0.2,77,83.1,10.7,0.24,1.21,0.139,13.19,4.54,0.059,1.09
45.0,4.0,1.0,2.5,3.0,0.8,3600,0.2,77,83.1,10.72,0.24,1.21,0.139,13.16,4.56,0.059,1.09
45.0,4.0,1.0,2.5,4.5,0.6,3600,0.2,77,83.1,10.7,0.24,1.21,0.139,13.19,4.54,0.059,1.09
45.0,4.0,1.0,2.5,4.5,0.8,3600,0.2,77,83.1,10.72,0.24,1.21,0.139,13.16,4.56,0.059,1.09
45.0,5.0,0.7,1.5,3.0,0.4,3600,0.4,120,79.2,16.74,0.38,1.45,0.139,11.46,7.14,0.059,1.18
45.0,5.0,0.7,1.5,4.5,0.4,3600,0.4,120,79.2,16.74,0.38,1.45,0.139,11.46,7.14,0.059,1.18
45.0,5.0,0.7,2.5,3.0,0.4,3600,0.2,78,88.5,10.84,0.17,1.27,0.139,9.52,4.6,0.059,1.11
45.0,5.0,0.7,2.5,4.5,0.4,3600,0.2,78,88.5,10.84,0.17,1.27,0.139,9.52,4.6,0.059,1.11
50.0,3.0,0.7,1.5,3.0,0.6,2400,0.2,116,84.5,16.08,0.25,1.36,0.139,9.72,6.8,0.059,1.15
50.0,3.0,0.7,1.5,4.5,0.6,2400,0.2,116,84.5,16.08,0.25,1.36,0.139,9.72,6.8,0.059,1.15
50.0,5.0,1.5,2.5,3.0,0.6,3600,0.8,150,66.0,20.84,0.87,1.68,0.139,5.44,8.84,0.059,1.25
50.0,5.0,1.5,2.5,4.5,0.6,3600,0.8,150,66.0,20.84,0.87,1.68,0.139,5.44,8.84,0.059,1.25
55.0,2.0,1.0,2.5,3.0,0.8,1200,0.2,89,70.8,12.39,0.54,1.31,0.139,7.28,5.27,0.059,1.12
55.0,2.0,1.0,2.5,4.5,0.8,1200,0.2,89,70.8,12.39,0.54,1.31,0.139,7.28,5.27,0.059,1.12
55.0,2.0,1.5,2.5,3.0,0.8,1200,0.4,137,71.5,18.98,0.69,1.73,0.139,5.41,8.02,0.059,1.27
55.0,2.0,1.5,2.5,4.5,0.4,1200,0.4,139,71.9,19.36,0.68,1.74,0.139,5.12,8.24,0.059,1.27
55.0,4.0,1.5,2.5,4.5,0.8,2400,0.8,128,67.2,17.83,1.06,2.17,0.139,4.57,7.59,0.059,1.4
40.0,2.0,0.7,2.5,4.5,0.6,14400,0.2,197,77.7,27.1,0.38,1.31,0.138,10.68,11.34,0.058,1.13
40.0,2.0,0.7,2.5,4.5,0.6,14400,0.4,204,78.4,28.1,0.37,1.33,0.138,10.68,11.78,0.058,1.13
40.0,2.0,1.5,2.5,4.5,0.6,,0.4,148,70.3,20.37,0.52,1.23,0.138,10.24,8.53,0.058,1.09
40.0,3.0,0.7,1.5,3.0,0.4,3600,0.4,231,77.9,31.8,0.41,1.44,0.138,8.45,13.33,0.058,1.17
40.0,3.0,0.7,1.5,4.5,0.4,3600,0.4,231,77.9,31.8,0.41,1.44,0.138,8.45,13.33,0.058,1.17
40.0,3.0,1.0,1.5,3.0,0.6,1200,0.2,141,75.2,19.47,0.42,1.27,0.138,13.99,8.19,0.058,1.11
40.0,3.0,1.0,1.5,3.0,0.8,1200,0.2,141,75.2,19.4,0.42,1.27,0.138,13.99,8.12,0.058,1.11
40.0,3.0,1.0,1.5,4.5,0.6,1200,0.2,141,75.2,19.47,0.42,1.27,0.138,13.99,8.19,0.058,1.11
40.0,3.0,1.0,1.5,4.5,0.8,1200,0.2,141,75.2,19.4,0.42,1.27,0.138,13.99,8.12,0.058,1.11
40.0,3.0,1.0,2.5,3.0,0.4,14400,0.8,159,67.3,21.96,0.64,1.31,0.138,9.39,9.24,0.058,1.12
40.0,3.0,1.0,2.5,4.5,0.4,14400,0.8,159,67.3,21.9,0.64,1.31,0.138,9.39,9.18,0.058,1.12
40.0,4.0,0.7,1.5,3.0,0.4,3600,0.4,189,79.4,26.1,0.37,1.41,0.138,8.0,10.98,0.058,1.16
40.0,4.0,0.7,1.5,3.0,0.6,1200,0.2,172,83.1,23.71,0.28,1.39,0.138,10.46,9.95,0.058,1.16
40.0,4.0,0.7,1.5,3.0,0.8,1200,0.2,172,83.1,23.7,0.28,1.39,0.138,10.46,9.94,0.058,1.16
40.0,4.0,0.7,1.5,4.5,0.4,3600,0.4,189,79.4,26.1,0.37,1.41,0.138,8.0,10.98,0.058,1.16
40.0,4.0,0.7,1.5,4.5,0.6,1200,0.2,172,83.1,23.71,0.28,1.39,0.138,10.46,9.95,0.058,1.16
40.0,4.0,0.7,1.5,4.5,0.8,1200,0.2,172,83.1,23.7,0.28,1.39,0.138,10.46,9.94,0.058,1.16
40.0,4.0,0.7,2.5,3.0,0.6,1200,0.2,172,83.1,23.72,0.28,1.39,0.138,10.46,9.96,0.058,1.16
40.0,4.0,0.7,2.5,3.0,0.6,14400,0.4,126,85.7,17.35,0.21,1.28,0.138,11.93,7.27,0.058,1.11
40.0,4.0,0.7,2.5,3.0,0.8,1200,0.2,172,83.1,23.7,0.28,1.39,0.138,10.46,9.94,0.058,1.16
40.0,4.0,0.7,2.5,4.5,0.6,1200,0.2,172,83.1,23.72,0.28,1.39,0.138,10.46,9.96,0.058,1.16
40.0,4.0,0.7,2.5,4.5,0.6,14400,0.4,126,85.7,17.41,0.21,1.28,0.138,11.93,7.33,0.058,1.11
40.0,4.0,0.7,2.5,4.5,0.8,1200,0.2,172,83.1,23.7,0.28,1.39,0.138,10.46,9.94,0.058,1.16
45.0,4.0,1.0,2.5,3.0,0.8,1200,0.4,183,71.0,25.29,0.66,1.62,0.138,8.0,10.65,0.058,1.23
45.0,4.0,1.0,2.5,4.5,0.6,1200,0.4,183,71.0,25.28,0.66,1.62,0.138,8.0,10.64,0.058,1.23
45.0,5.0,0.7,1.5,3.0,0.6,7200,0.4,95,86.3,13.06,0.21,1.32,0.137,10.49,5.46,0.058,1.13
45.0,5.0,0.7,1.5,4.5,0.6,7200,0.4,95,86.3,13.06,0.21,1.32,0.137,10.49,5.46,0.058,1.13
45.0,5.0,1.0,1.5,3.0,0.4,2400,0.4,116,75.9,16.01,0.44,1.38,0.138,10.4,6.73,0.058,1.15
45.0,5.0,1.5,2.5,3.0,0.4,2400,0.8,285,68.1,39.26,1.07,2.29,0.138,5.54,16.46,0.058,1.42
45.0,5.0,1.5,2.5,3.0,0.6,2400,0.8,281,68.3,38.79,1.06,2.28,0.138,5.54,16.31,0.058,1.42
45.0,5.0,1.5,2.5,4.5,0.4,2400,0.8,285,68.1,39.26,1.07,2.29,0.138,5.54,16.46,0.058,1.42
45.0,5.0,1.5,2.5,4.5,0.6,2400,0.8,281,68.3,38.79,1.06,2.28,0.138,5.54,16.31,0.058,1.42
50.0,2.0,0.7,2.5,3.0,0.8,7200,0.4,131,75.6,18.06,0.45,1.38,0.138,10.62,7.57,0.058,1.15
50.0,2.0,0.7,2.5,4.5,0.8,7200,0.4,131,75.6,18.06,0.45,1.38,0.138,10.62,7.57,0.058,1.15
55.0,2.0,0.7,1.5,3.0,0.8,14400,0.2,86,77.9,11.83,0.37,1.31,0.138,7.97,4.95,0.058,1.13
40.0,2.0,0.7,2.5,3.0,0.6,14400,0.2,197,77.7,27.04,0.38,1.31,0.137,10.68,11.27,0.057,1.12
40.0,2.0,0.7,2.5,3.0,0.6,14400,0.4,204,78.4,28.04,0.37,1.33,0.137,10.68,11.72,0.057,1.13
40.0,2.0,1.5,2.5,3.0,0.6,,0.4,148,70.3,20.32,0.52,1.23,0.137,10.24,8.48,0.057,1.09
40.0,3.0,0.7,1.5,3.0,0.8,14400,0.2,151,83.4,20.72,0.25,1.28,0.137,10.18,8.64,0.057,1.11
40.0,3.0,0.7,1.5,4.5,0.8,14400,0.2,151,83.4,20.75,0.25,1.28,0.137,10.18,8.67,0.057,1.11
40.0,3.0,0.7,2.5,3.0,0.4,14400,0.4,152,83.6,20.88,0.25,1.3,0.137,9.92,8.72,0.057,1.12
40.0,3.0,0.7,2.5,4.5,0.4,14400,0.4,152,83.6,20.88,0.25,1.3,0.137,9.92,8.72,0.057,1.12
40.0,3.0,0.7,2.5,4.5,0.6,14400,0.4,152,83.6,20.87,0.25,1.3,0.137,10.04,8.71,0.057,1.12
40.0,3.0,1.0,2.5,3.0,0.8,14400,0.8,160,67.5,21.94,0.63,1.31,0.137,9.88,9.14,0.057,1.12
40.0,4.0,0.7,2.5,3.0,0.4,3600,0.2,127,85.8,17.43,0.21,1.27,0.137,11.82,7.27,0.057,1.11
40.0,4.0,0.7,2.5,4.5,0.4,3600,0.2,127,85.8,17.43,0.21,1.27,0.137,11.82,7.27,0.057,1.11
40.0,4.0,1.5,2.5,3.0,0.6,3600,0.4,128,75.0,17.59,0.43,1.29,0.137,12.32,7.35,0.057,1.11
40.0,4.0,1.5,2.5,4.5,0.6,3600,0.4,128,75.0,17.59,0.43,1.29,0.137,12.32,7.35,0.057,1.11
45.0,2.0,1.5,2.5,3.0,0.6,7200,0.8,231,66.7,31.54,0.73,1.45,0.137,8.67,13.06,0.057,1.17
45.0,4.0,1.0,1.5,3.0,0.6,1200,0.4,183,71.0,25.04,0.66,1.61,0.137,8.0,10.4,0.057,1.23
45.0,4.0,1.0,2.5,4.5,0.8,1200,0.4,183,71.0,25.1,0.66,1.62,0.137,8.0,10.46,0.057,1.23
45.0,5.0,0.7,1.5,3.0,0.8,3600,0.4,120,79.2,16.41,0.38,1.44,0.137,11.46,6.81,0.057,1.17
45.0,5.0,0.7,1.5,4.5,0.8,3600,0.4,120,79.2,16.41,0.38,1.44,0.137,11.46,6.81,0.057,1.17
45.0,5.0,1.0,1.5,3.0,0.4,3600,0.8,234,65.4,32.15,0.97,1.84,0.137,5.74,13.43,0.057,1.29
45.0,5.0,1.0,1.5,4.5,0.4,2400,0.4,116,75.9,15.92,0.44,1.38,0.137,10.4,6.64,0.057,1.15
45.0,5.0,1.0,1.5,4.5,0.4,3600,0.8,234,65.4,32.15,0.97,1.84,0.137,5.74,13.43,0.057,1.29
45.0,5.0,1.0,2.5,3.0,0.4,3600,0.8,234,65.4,32.06,0.97,1.83,0.137,5.74,13.34,0.057,1.29
45.0,5.0,1.0,2.5,4.5,0.4,3600,0.8,234,65.4,32.06,0.97,1.83,0.137,5.74,13.34,0.057,1.29
45.0,5.0,1.5,2.5,3.0,0.8,2400,0.8,277,68.6,38.08,1.04,2.28,0.137,5.54,15.92,0.057,1.42
45.0,5.0,1.5,2.5,4.5,0.8,2400,0.8,277,68.6,38.08,1.04,2.28,0.137,5.54,15.92,0.057,1.42
50.0,2.0,0.7,1.5,3.0,0.8,14400,0.8,135,74.1,18.5,0.5,1.42,0.137,9.17,7.7,0.057,1.16
50.0,2.0,0.7,1.5,4.5,0.8,14400,0.8,135,74.1,18.48,0.5,1.42,0.137,9.17,7.68,0.057,1.16
50.0,2.0,1.0,2.5,3.0,0.4,7200,0.8,155,62.6,21.28,0.91,1.52,0.137,6.01,8.88,0.057,1.19
50.0,2.0,1.0,2.5,4.5,0.4,7200,0.8,155,62.6,21.28,0.91,1.52,0.137,6.01,8.88,0.057,1.19
55.0,2.0,0.7,1.5,3.0,0.6,14400,0.2,86,77.9,11.78,0.37,1.31,0.137,7.92,4.9,0.057,1.12
55.0,2.0,0.7,1.5,3.0,0.8,14400,0.4,88,77.3,12.05,0.39,1.32,0.137,7.97,5.01,0.057,1.13
55.0,2.0,0.7,1.5,4.5,0.6,14400,0.2,86,77.9,11.76,0.37,1.31,0.137,7.92,4.88,0.057,1.12
55.0,2.0,0.7,1.5,4.5,0.8,14400,0.2,86,77.9,11.8,0.37,1.31,0.137,7.97,4.92,0.057,1.12
55.0,2.0,0.7,1.5,4.5,0.8,14400,0.4,88,77.3,12.03,0.39,1.32,0.137,7.97,4.99,0.057,1.13
55.0,2.0,0.7,2.5,3.0,0.4,7200,0.2,87,77.0,11.96,0.39,1.31,0.137,8.41,5.0,0.057,1.13
55.0,2.0,0.7,2.5,4.5,0.4,7200,0.2,87,77.0,11.96,0.39,1.31,0.137,8.41,5.0,0.057,1.13
55.0,2.0,1.5,2.5,4.5,0.8,1200,0.4,137,71.5,18.74,0.68,1.72,0.137,5.41,7.78,0.057,1.26
40.0,2.0,0.7,1.5,3.0,0.6,,0.4,148,70.3,20.08,0.54,1.27,0.136,9.44,8.24,0.056,1.11
40.0,2.0,0.7,1.5,4.5,0.6,,0.4,148,70.3,20.13,0.54,1.27,0.136,9.44,8.29,0.056,1.11
40.0,3.0,0.7,2.5,3.0,0.6,3600,0.4,231,77.9,31.43,0.41,1.43,0.136,8.45,12.95,0.056,1.17
40.0,3.0,0.7,2.5,3.0,0.6,14400,0.4,152,83.6,20.74,0.25,1.29,0.136,10.04,8.58,0.056,1.12
40.0,3.0,0.7,2.5,4.5,0.6,3600,0.4,231,77.9,31.43,0.41,1.43,0.136,8.45,12.95,0.056,1.17
40.0,3.0,1.0,2.5,4.5,0.8,14400,0.8,160,67.5,21.74,0.63,1.31,0.136,9.88,8.94,0.056,1.12
40.0,4.0,0.7,1.5,3.0,0.4,7200,0.8,232,73.7,31.44,0.55,1.53,0.136,8.0,12.88,0.056,1.2
40.0,4.0,0.7,2.5,3.0,0.4,2400,0.2,137,84.7,18.66,0.23,1.29,0.136,11.93,7.7,0.056,1.12
40.0,4.0,0.7,2.5,4.5,0.4,2400,0.2,137,84.7,18.66,0.23,1.29,0.136,11.93,7.7,0.056,1.12
40.0,5.0,0.7,2.5,3.0,0.4,3600,0.4,162,79.6,22.04,0.36,1.42,0.136,8.21,9.08,0.056,1.16
40.0,5.0,0.7,2.5,4.5,0.4,3600,0.4,162,79.6,22.04,0.36,1.42,0.136,8.21,9.08,0.056,1.16
45.0,2.0,1.5,2.5,4.5,0.6,7200,0.8,231,66.7,31.45,0.73,1.45,0.136,8.67,12.97,0.056,1.17
45.0,4.0,0.7,1.5,3.0,0.8,14400,0.4,100,85.0,13.56,0.22,1.27,0.136,13.02,5.56,0.056,1.11
45.0,4.0,0.7,1.5,4.5,0.8,14400,0.4,100,85.0,13.56,0.22,1.27,0.136,13.02,5.56,0.056,1.11
45.0,4.0,0.7,2.5,3.0,0.8,7200,0.8,168,73.8,22.8,0.54,1.53,0.136,11.9,9.36,0.056,1.2
45.0,4.0,0.7,2.5,4.5,0.8,7200,0.8,168,73.8,22.8,0.54,1.53,0.136,11.9,9.36,0.056,1.2
45.0,4.0,1.0,1.5,3.0,0.8,1200,0.4,183,71.0,24.92,0.66,1.61,0.136,8.0,10.28,0.056,1.23
45.0,4.0,1.0,1.5,4.5,0.6,1200,0.4,183,71.0,24.9,0.66,1.61,0.136,8.0,10.26,0.056,1.23
45.0,4.0,1.5,2.5,3.0,0.4,3600,0.8,254,63.4,34.43,1.02,1.77,0.136,8.75,14.11,0.056,1.27
45.0,4.0,1.5,2.5,4.5,0.4,3600,0.8,254,63.4,34.43,1.02,1.77,0.136,8.75,14.11,0.056,1.27
45.0,5.0,0.7,1.5,3.0,0.6,3600,0.4,120,79.2,16.3,0.38,1.44,0.136,11.46,6.7,0.056,1.17
45.0,5.0,0.7,1.5,4.5,0.6,3600,0.4,120,79.2,16.3,0.38,1.44,0.136,11.46,6.7,0.056,1.17
45.0,5.0,0.7,2.5,3.0,0.8,3600,0.4,120,79.2,16.36,0.38,1.44,0.136,11.46,6.76,0.056,1.17
45.0,5.0,0.7,2.5,4.5,0.8,3600,0.4,120,79.2,16.36,0.38,1.44,0.136,11.46,6.76,0.056,1.17
45.0,5.0,1.0,1.5,3.0,0.8,3600,0.8,234,65.4,31.74,0.97,1.83,0.136,5.74,13.02,0.056,1.28
45.0,5.0,1.0,1.5,4.5,0.8,3600,0.8,234,65.4,31.74,0.97,1.83,0.136,5.74,13.02,0.056,1.28
45.0,5.0,1.0,2.5,3.0,0.6,2400,0.4,116,75.9,15.78,0.44,1.37,0.136,10.4,6.5,0.056,1.15
50.0,2.0,0.7,1.5,3.0,0.4,7200,0.4,131,75.6,17.8,0.45,1.38,0.136,10.44,7.31,0.056,1.15
50.0,2.0,0.7,1.5,4.5,0.4,7200,0.4,131,75.6,17.8,0.45,1.38,0.136,10.44,7.31,0.056,1.15
50.0,4.0,0.7,2.5,3.0,0.4,7200,0.8,125,72.8,17.02,0.58,1.54,0.136,8.18,7.02,0.056,1.2
50.0,4.0,0.7,2.5,4.5,0.4,7200,0.8,125,72.8,16.97,0.58,1.54,0.136,8.18,6.97,0.056,1.2
55.0,2.0,0.7,1.5,3.0,0.6,14400,0.4,88,77.3,12.0,0.39,1.31,0.136,7.92,4.97,0.056,1.12
55.0,2.0,0.7,1.5,4.5,0.6,14400,0.4,88,77.3,11.98,0.39,1.31,0.136,7.92,4.94,0.056,1.12
55.0,2.0,1.0,1.5,3.0,0.6,1200,0.2,89,70.8,12.11,0.54,1.3,0.136,7.39,4.99,0.056,1.12
55.0,2.0,1.0,1.5,4.5,0.6,1200,0.2,89,70.8,12.11,0.54,1.3,0.136,7.39,4.99,0.056,1.12
55.0,3.0,0.7,1.5,3.0,0.4,14400,0.8,82,74.4,11.12,0.47,1.38,0.136,6.26,4.56,0.056,1.15
55.0,3.0,0.7,1.5,3.0,0.8,14400,0.8,82,74.4,11.18,0.48,1.38,0.136,6.44,4.62,0.056,1.15
55.0,3.0,0.7,1.5,4.5,0.4,14400,0.8,82,74.4,11.12,0.47,1.38,0.136,6.26,4.56,0.056,1.15
55.0,3.0,0.7,1.5,4.5,0.8,14400,0.8,82,74.4,11.16,0.48,1.38,0.136,6.44,4.6,0.056,1.15
40.0,3.0,0.7,1.5,3.0,0.4,1200,0.2,202,80.2,27.23,0.35,1.4,0.135,10.58,11.07,0.055,1.16
40.0,3.0,0.7,1.5,3.0,0.6,3600,0.4,231,77.9,31.1,0.4,1.43,0.135,8.45,12.62,0.055,1.16
40.0,3.0,0.7,1.5,4.5,0.4,1200,0.2,202,80.2,27.23,0.35,1.4,0.135,10.58,11.07,0.055,1.16
40.0,3.0,0.7,1.5,4.5,0.6,3600,0.4,231,77.9,31.1,0.4,1.43,0.135,8.45,12.62,0.055,1.16
40.0,3.0,0.7,2.5,3.0,0.8,3600,0.4,231,77.9,31.1,0.4,1.43,0.135,8.45,12.62,0.055,1.16
40.0,3.0,0.7,2.5,4.5,0.8,3600,0.4,231,77.9,31.1,0.4,1.43,0.135,8.45,12.62,0.055,1.16
40.0,4.0,0.7,1.5,3.0,0.4,7200,0.2,125,87.2,16.83,0.19,1.26,0.135,11.25,6.84,0.055,1.1
40.0,4.0,0.7,1.5,4.5,0.4,7200,0.2,125,87.2,16.83,0.19,1.26,0.135,11.25,6.84,0.055,1.1
40.0,4.0,0.7,1.5,4.5,0.4,7200,0.8,232,73.7,31.39,0.55,1.53,0.135,8.0,12.83,0.055,1.2
40.0,4.0,0.7,2.5,3.0,0.6,3600,0.4,189,79.4,25.51,0.37,1.4,0.135,8.0,10.39,0.055,1.16
40.0,4.0,0.7,2.5,4.5,0.6,3600,0.4,189,79.4,25.51,0.37,1.4,0.135,8.0,10.39,0.055,1.16
40.0,4.0,1.0,2.5,3.0,0.4,3600,0.8,347,66.3,46.73,0.91,1.78,0.135,8.0,18.97,0.055,1.27
40.0,4.0,1.0,2.5,4.5,0.4,3600,0.8,347,66.3,46.73,0.91,1.78,0.135,8.0,18.97,0.055,1.27
40.0,5.0,0.7,1.5,3.0,0.4,3600,0.4,162,79.6,21.8,0.36,1.41,0.135,8.21,8.85,0.055,1.16
40.0,5.0,0.7,1.5,4.5,0.4,3600,0.4,162,79.6,21.8,0.36,1.41,0.135,8.21,8.85,0.055,1.16
45.0,2.0,1.5,2.5,3.0,0.8,2400,0.4,210,67.1,28.36,0.72,1.47,0.135,5.82,11.56,0.055,1.17
45.0,4.0,0.7,1.5,3.0,0.8,7200,0.8,168,73.8,22.6,0.54,1.53,0.135,11.9,9.16,0.055,1.19
45.0,4.0,0.7,1.5,4.5,0.8,7200,0.8,168,73.8,22.6,0.54,1.53,0.135,11.9,9.16,0.055,1.19
45.0,4.0,1.0,1.5,4.5,0.8,1200,0.4,183,71.0,24.73,0.66,1.61,0.135,8.0,10.09,0.055,1.22
45.0,4.0,1.5,2.5,3.0,0.6,3600,0.4,107,73.8,14.41,0.45,1.27,0.135,11.82,5.85,0.055,1.1
45.0,5.0,0.7,2.5,3.0,0.6,3600,0.4,120,79.2,16.25,0.38,1.43,0.135,11.46,6.65,0.055,1.17
45.0,5.0,0.7,2.5,4.5,0.6,3600,0.4,120,79.2,16.25,0.38,1.43,0.135,11.46,6.65,0.055,1.17
45.0,5.0,1.0,1.5,3.0,0.6,3600,0.8,234,65.4,31.61,0.96,1.82,0.135,5.74,12.89,0.055,1.28
45.0,5.0,1.0,1.5,4.5,0.6,3600,0.8,234,65.4,31.61,0.96,1.82,0.135,5.74,12.89,0.055,1.28
45.0,5.0,1.0,2.5,3.0,0.8,2400,0.4,116,75.9,15.66,0.44,1.37,0.135,10.4,6.38,0.055,1.14
45.0,5.0,1.0,2.5,3.0,0.8,3600,0.8,234,65.4,31.58,0.96,1.82,0.135,5.74,12.86,0.055,1.28
45.0,5.0,1.0,2.5,4.5,0.6,2400,0.4,116,75.9,15.64,0.44,1.37,0.135,10.4,6.36,0.055,1.14
45.0,5.0,1.0,2.5,4.5,0.8,3600,0.8,234,65.4,31.58,0.96,1.82,0.135,5.74,12.86,0.055,1.28
50.0,2.0,0.7,2.5,3.0,0.4,3600,0.4,152,73.0,20.51,0.56,1.51,0.135,6.71,8.35,0.055,1.19
50.0,2.0,0.7,2.5,3.0,0.6,7200,0.4,131,75.6,17.74,0.45,1.38,0.135,10.56,7.26,0.055,1.15
50.0,2.0,0.7,2.5,4.5,0.4,3600,0.4,152,73.0,20.51,0.56,1.51,0.135,6.71,8.35,0.055,1.19
50.0,2.0,0.7,2.5,4.5,0.6,7200,0.4,131,75.6,17.74,0.45,1.38,0.135,10.56,7.26,0.055,1.15
50.0,3.0,1.5,2.5,3.0,0.4,1200,0.4,189,71.4,25.56,0.66,1.64,0.135,10.34,10.44,0.055,1.23
50.0,3.0,1.5,2.5,4.5,0.4,1200,0.4,189,71.4,25.47,0.66,1.64,0.135,10.34,10.35,0.055,1.23
50.0,4.0,0.7,2.5,3.0,0.8,7200,0.8,125,72.8,16.87,0.57,1.54,0.135,8.18,6.87,0.055,1.2
55.0,2.0,1.0,1.5,3.0,0.8,1200,0.2,89,70.8,12.03,0.54,1.3,0.135,7.28,4.91,0.055,1.12
55.0,2.0,1.0,1.5,4.5,0.8,1200,0.2,89,70.8,12.03,0.54,1.3,0.135,7.28,4.91,0.055,1.12
40.0,2.0,0.7,1.5,4.5,0.6,14400,0.4,204,78.4,27.25,0.36,1.32,0.134,10.68,10.93,0.054,1.12
40.0,3.0,0.7,2.5,3.0,0.4,1200,0.2,202,80.2,27.14,0.35,1.4,0.134,10.58,10.98,0.054,1.15
40.0,3.0,0.7,2.5,3.0,0.4,7200,0.8,272,70.6,36.4,0.65,1.57,0.134,6.17,14.63,0.054,1.2
40.0,3.0,0.7,2.5,4.5,0.4,1200,0.2,202,80.2,27.14,0.35,1.4,0.134,10.58,10.98,0.054,1.15
40.0,3.0,0.7,2.5,4.5,0.4,7200,0.8,272,70.6,36.34,0.65,1.57,0.134,6.17,14.58,0.054,1.2
40.0,4.0,0.7,1.5,3.0,0.6,3600,0.4,189,79.4,25.28,0.36,1.4,0.134,8.0,10.16,0.054,1.15
40.0,4.0,0.7,1.5,4.5,0.6,3600,0.4,189,79.4,25.28,0.36,1.4,0.134,8.0,10.16,0.054,1.15
40.0,4.0,0.7,2.5,3.0,0.6,7200,0.8,232,73.7,31.09,0.54,1.53,0.134,8.0,12.53,0.054,1.19
40.0,4.0,0.7,2.5,4.5,0.6,7200,0.8,232,73.7,30.98,0.54,1.52,0.134,8.0,12.43,0.054,1.19
40.0,4.0,1.0,1.5,3.0,0.4,3600,0.8,347,66.3,46.47,0.9,1.78,0.134,8.0,18.71,0.054,1.26
40.0,4.0,1.0,1.5,4.5,0.4,3600,0.8,347,66.3,46.47,0.9,1.78,0.134,8.0,18.71,0.054,1.26
45.0,2.0,1.0,1.5,3.0,0.6,14400,0.2,129,71.3,17.25,0.5,1.23,0.134,10.03,6.93,0.054,1.09
45.0,2.0,1.0,1.5,4.5,0.6,14400,0.2,129,71.3,17.25,0.5,1.23,0.134,10.03,6.93,0.054,1.09
45.0,2.0,1.5,2.5,3.0,0.4,2400,0.4,203,67.0,27.3,0.71,1.44,0.134,5.22,11.06,0.054,1.16
45.0,2.0,1.5,2.5,4.5,0.4,2400,0.4,203,67.0,27.22,0.71,1.44,0.134,5.22,10.97,0.054,1.16
45.0,2.0,1.5,2.5,4.5,0.8,2400,0.4,210,67.1,28.17,0.72,1.46,0.134,5.82,11.37,0.054,1.17
45.0,3.0,1.0,2.5,3.0,0.4,2400,0.4,161,72.0,21.53,0.53,1.38,0.134,8.18,8.65,0.054,1.14
45.0,4.0,0.7,2.5,3.0,0.4,7200,0.8,168,73.8,22.58,0.54,1.53,0.134,11.9,9.14,0.054,1.19
45.0,4.0,0.7,2.5,4.5,0.4,7200,0.8,168,73.8,22.58,0.54,1.53,0.134,11.9,9.14,0.054,1.19
45.0,4.0,1.0,1.5,3.0,0.6,3600,0.2,77,83.1,10.3,0.24,1.2,0.134,13.19,4.14,0.054,1.08
45.0,4.0,1.0,1.5,3.0,0.8,3600,0.2,77,83.1,10.32,0.24,1.2,0.134,13.16,4.16,0.054,1.08
45.0,4.0,1.0,1.5,4.5,0.6,3600,0.2,77,83.1,10.3,0.24,1.2,0.134,13.19,4.14,0.054,1.08
45.0,4.0,1.0,1.5,4.5,0.8,3600,0.2,77,83.1,10.32,0.24,1.2,0.134,13.16,4.16,0.054,1.08
45.0,5.0,0.7,1.5,3.0,0.4,3600,0.2,78,88.5,10.47,0.16,1.26,0.134,9.52,4.23,0.054,1.1
45.0,5.0,0.7,1.5,4.5,0.4,3600,0.2,78,88.5,10.47,0.16,1.26,0.134,9.52,4.23,0.054,1.1
45.0,5.0,1.0,2.5,3.0,0.6,3600,0.8,234,65.4,31.38,0.96,1.82,0.134,5.74,12.66,0.054,1.28
45.0,5.0,1.0,2.5,4.5,0.6,3600,0.8,234,65.4,31.38,0.96,1.82,0.134,5.74,12.66,0.054,1.28
50.0,2.0,0.7,1.5,3.0,0.4,3600,0.4,152,73.0,20.42,0.56,1.5,0.134,6.71,8.26,0.054,1.19
50.0,2.0,0.7,1.5,4.5,0.4,3600,0.4,152,73.0,20.42,0.56,1.5,0.134,6.71,8.26,0.054,1.19
50.0,2.0,0.7,2.5,3.0,0.8,3600,0.4,152,73.0,20.35,0.56,1.5,0.134,6.8,8.2,0.054,1.19
50.0,2.0,0.7,2.5,4.5,0.8,3600,0.4,152,73.0,20.35,0.56,1.5,0.134,6.8,8.2,0.054,1.19
50.0,2.0,1.0,1.5,3.0,0.4,7200,0.8,155,62.6,20.83,0.9,1.51,0.134,5.99,8.42,0.054,1.18
50.0,2.0,1.0,1.5,4.5,0.4,7200,0.8,155,62.6,20.83,0.9,1.51,0.134,5.99,8.42,0.054,1.18
50.0,2.0,1.0,2.5,3.0,0.4,3600,0.4,124,67.7,16.66,0.64,1.35,0.134,6.02,6.74,0.054,1.13
50.0,2.0,1.0,2.5,4.5,0.4,3600,0.4,124,67.7,16.57,0.64,1.34,0.134,6.02,6.65,0.054,1.13
50.0,4.0,0.7,1.5,3.0,0.6,7200,0.4,95,83.2,12.74,0.27,1.35,0.134,14.35,5.14,0.054,1.13
50.0,4.0,0.7,1.5,4.5,0.6,7200,0.4,95,83.2,12.74,0.27,1.35,0.134,14.35,5.14,0.054,1.13
50.0,4.0,0.7,2.5,4.5,0.8,7200,0.8,125,72.8,16.72,0.57,1.53,0.134,8.18,6.72,0.054,1.2
50.0,4.0,1.5,2.5,3.0,0.6,2400,0.2,75,80.0,10.03,0.3,1.21,0.134,14.85,4.03,0.054,1.08
50.0,4.0,1.5,2.5,4.5,0.6,2400,0.2,75,80.0,10.03,0.3,1.21,0.134,14.85,4.03,0.054,1.08
40.0,2.0,0.7,1.5,3.0,0.6,14400,0.2,197,77.7,26.18,0.37,1.3,0.133,10.68,10.42,0.053,1.12
40.0,2.0,0.7,1.5,3.0,0.6,14400,0.4,204,78.4,27.19,0.36,1.32,0.133,10.68,10.87,0.053,1.12
40.0,2.0,0.7,1.5,4.5,0.6,14400,0.2,197,77.7,26.24,0.37,1.3,0.133,10.68,10.48,0.053,1.12
40.0,3.0,0.7,1.5,3.0,0.6,1200,0.2,202,80.2,26.92,0.35,1.4,0.133,10.58,10.76,0.053,1.15
40.0,3.0,0.7,1.5,3.0,0.8,1200,0.2,202,80.2,26.91,0.35,1.4,0.133,10.58,10.75,0.053,1.15
40.0,3.0,0.7,1.5,3.0,0.8,3600,0.4,231,77.9,30.83,0.4,1.43,0.133,8.45,12.35,0.053,1.16
40.0,3.0,0.7,1.5,4.5,0.6,1200,0.2,202,80.2,26.92,0.35,1.4,0.133,10.58,10.76,0.053,1.15
40.0,3.0,0.7,1.5,4.5,0.8,1200,0.2,202,80.2,26.91,0.35,1.4,0.133,10.58,10.75,0.053,1.15
40.0,3.0,0.7,1.5,4.5,0.8,3600,0.4,231,77.9,30.83,0.4,1.43,0.133,8.45,12.35,0.053,1.16
40.0,3.0,0.7,2.5,3.0,0.6,1200,0.2,202,80.2,26.77,0.35,1.4,0.133,10.58,10.61,0.053,1.15
40.0,3.0,0.7,2.5,4.5,0.6,1200,0.2,202,80.2,26.77,0.35,1.4,0.133,10.58,10.61,0.053,1.15
40.0,4.0,0.7,2.5,3.0,0.4,2400,0.4,233,74.7,30.97,0.52,1.53,0.133,8.0,12.33,0.053,1.19
40.0,4.0,0.7,2.5,3.0,0.8,3600,0.4,189,79.4,25.17,0.36,1.4,0.133,8.0,10.05,0.053,1.15
40.0,4.0,0.7,2.5,4.5,0.4,2400,0.4,233,74.7,30.97,0.52,1.53,0.133,8.0,12.33,0.053,1.19
40.0,4.0,0.7,2.5,4.5,0.8,3600,0.4,189,79.4,25.17,0.36,1.4,0.133,8.0,10.05,0.053,1.15
40.0,4.0,1.0,2.5,3.0,0.4,7200,0.8,191,68.6,25.5,0.64,1.41,0.134,8.0,10.22,0.053,1.15
40.0,4.0,1.0,2.5,4.5,0.4,7200,0.8,191,68.6,25.5,0.64,1.41,0.134,8.0,10.22,0.053,1.15
40.0,5.0,1.5,2.5,3.0,0.6,1200,0.4,221,72.9,29.33,0.64,1.72,0.133,8.3,11.65,0.053,1.25
40.0,5.0,1.5,2.5,4.5,0.6,1200,0.4,221,72.9,29.33,0.64,1.72,0.133,8.3,11.65,0.053,1.25
45.0,2.0,1.0,2.5,3.0,0.4,3600,0.2,135,71.1,17.9,0.5,1.24,0.133,9.44,7.1,0.053,1.09
45.0,2.0,1.0,2.5,4.5,0.4,3600,0.2,135,71.1,17.9,0.5,1.24,0.133,9.44,7.1,0.053,1.09
45.0,2.0,1.5,2.5,3.0,0.4,2400,0.2,132,69.7,17.54,0.54,1.24,0.133,10.64,6.98,0.053,1.09
45.0,2.0,1.5,2.5,3.0,0.4,7200,0.8,234,66.7,31.07,0.72,1.45,0.133,8.47,12.34,0.053,1.16
45.0,2.0,1.5,2.5,4.5,0.4,2400,0.2,132,69.7,17.54,0.54,1.24,0.133,10.64,6.98,0.053,1.09
45.0,2.0,1.5,2.5,4.5,0.4,7200,0.8,234,66.7,31.02,0.72,1.45,0.133,8.47,12.3,0.053,1.16
45.0,3.0,0.7,2.5,3.0,0.4,3600,0.2,126,83.3,16.76,0.26,1.28,0.133,8.35,6.68,0.053,1.11
45.0,3.0,0.7,2.5,4.5,0.4,3600,0.2,126,83.3,16.76,0.26,1.28,0.133,8.35,6.68,0.053,1.11
45.0,3.0,1.0,2.5,4.5,0.4,2400,0.4,161,72.0,21.44,0.53,1.37,0.133,8.18,8.56,0.053,1.14
45.0,4.0,1.5,2.5,3.0,0.8,1200,0.4,194,72.2,25.85,0.63,1.63,0.133,8.0,10.33,0.053,1.23
45.0,4.0,1.5,2.5,4.5,0.6,3600,0.4,107,73.8,14.27,0.45,1.27,0.133,11.82,5.71,0.053,1.1
45.0,5.0,0.7,2.5,3.0,0.4,2400,0.2,83,89.2,11.02,0.16,1.27,0.133,9.52,4.38,0.053,1.11
45.0,5.0,0.7,2.5,4.5,0.4,2400,0.2,83,89.2,11.02,0.16,1.27,0.133,9.52,4.38,0.053,1.11
45.0,5.0,1.0,1.5,3.0,0.6,2400,0.4,116,75.9,15.49,0.44,1.37,0.134,10.4,6.21,0.053,1.14
45.0,5.0,1.0,2.5,3.0,0.4,2400,0.2,66,83.3,8.79,0.24,1.19,0.133,17.07,3.51,0.053,1.08
45.0,5.0,1.0,2.5,4.5,0.4,2400,0.2,66,83.3,8.79,0.24,1.19,0.133,17.07,3.51,0.053,1.08
45.0,5.0,1.0,2.5,4.5,0.8,2400,0.4,116,75.9,15.47,0.44,1.37,0.133,10.4,6.19,0.053,1.14
50.0,2.0,0.7,1.5,3.0,0.8,3600,0.4,152,73.0,20.26,0.55,1.5,0.133,6.8,8.1,0.053,1.18
50.0,2.0,0.7,1.5,4.5,0.8,3600,0.4,152,73.0,20.26,0.55,1.5,0.133,6.8,8.1,0.053,1.18
50.0,2.0,0.7,2.5,3.0,0.4,1200,0.2,151,76.8,20.08,0.43,1.43,0.133,9.13,8.0,0.053,1.16
50.0,2.0,0.7,2.5,4.5,0.4,1200,0.2,151,76.8,20.08,0.43,1.43,0.133,9.13,8.0,0.053,1.16
50.0,4.0,1.5,2.5,3.0,0.6,3600,0.8,158,65.2,21.08,0.9,1.68,0.133,8.0,8.44,0.053,1.24
50.0,4.0,1.5,2.5,4.5,0.6,3600,0.8,158,65.2,21.08,0.9,1.68,0.133,8.0,8.44,0.053,1.24
55.0,2.0,1.0,2.5,3.0,0.4,1200,0.4,139,71.9,18.5,0.67,1.71,0.133,5.06,7.38,0.053,1.24
55.0,5.0,1.5,2.5,3.0,0.8,2400,0.8,123,67.5,16.37,0.94,1.95,0.133,6.09,6.53,0.053,1.31
55.0,5.0,1.5,2.5,4.5,0.8,2400,0.8,123,67.5,16.31,0.94,1.95,0.133,6.09,6.47,0.053,1.31
40.0,3.0,0.7,1.5,3.0,0.4,14400,0.4,152,83.6,20.08,0.25,1.28,0.132,9.92,7.92,0.052,1.11
40.0,3.0,0.7,1.5,4.5,0.4,14400,0.4,152,83.6,20.08,0.25,1.28,0.132,9.92,7.92,0.052,1.11
40.0,3.0,0.7,2.5,3.0,0.8,1200,0.2,202,80.2,26.76,0.35,1.4,0.132,10.58,10.6,0.052,1.15
40.0,3.0,0.7,2.5,4.5,0.8,1200,0.2,202,80.2,26.76,0.35,1.4,0.132,10.58,10.6,0.052,1.15
40.0,3.0,1.0,1.5,3.0,0.4,14400,0.8,159,67.3,20.99,0.63,1.3,0.132,9.39,8.27,0.052,1.11
40.0,3.0,1.0,1.5,4.5,0.4,14400,0.8,159,67.3,20.94,0.63,1.3,0.132,9.39,8.22,0.052,1.11
40.0,4.0,0.7,1.5,3.0,0.4,2400,0.4,233,74.7,30.66,0.52,1.53,0.132,8.0,12.02,0.052,1.19
40.0,4.0,0.7,1.5,3.0,0.4,3600,0.2,127,85.8,16.74,0.21,1.26,0.132,11.84,6.59,0.052,1.1
40.0,4.0,0.7,1.5,3.0,0.8,3600,0.4,189,79.4,25.02,0.36,1.4,0.132,8.0,9.9,0.052,1.15
40.0,4.0,0.7,1.5,4.5,0.4,2400,0.4,233,74.7,30.66,0.52,1.53,0.132,8.0,12.02,0.052,1.19
40.0,4.0,0.7,1.5,4.5,0.4,3600,0.2,127,85.8,16.74,0.21,1.26,0.132,11.84,6.59,0.052,1.1
40.0,4.0,0.7,1.5,4.5,0.8,3600,0.4,189,79.4,25.02,0.36,1.4,0.132,8.0,9.9,0.052,1.15
40.0,4.0,0.7,2.5,3.0,0.4,14400,0.4,126,85.7,16.68,0.21,1.27,0.132,12.01,6.6,0.052,1.1
40.0,4.0,0.7,2.5,3.0,0.6,7200,0.2,125,87.2,16.55,0.18,1.26,0.132,11.45,6.55,0.052,1.1
40.0,4.0,0.7,2.5,3.0,0.8,7200,0.8,232,73.7,30.69,0.54,1.52,0.132,8.0,12.13,0.052,1.19
40.0,4.0,0.7,2.5,4.5,0.4,14400,0.4,126,85.7,16.68,0.21,1.27,0.132,12.01,6.6,0.052,1.1
40.0,4.0,0.7,2.5,4.5,0.6,7200,0.2,125,87.2,16.55,0.18,1.26,0.132,11.45,6.55,0.052,1.1
40.0,4.0,0.7,2.5,4.5,0.8,7200,0.8,232,73.7,30.54,0.54,1.52,0.132,8.0,11.98,0.052,1.19
40.0,4.0,1.0,1.5,3.0,0.6,3600,0.8,347,66.3,45.68,0.9,1.76,0.132,8.0,17.92,0.052,1.25
40.0,4.0,1.0,1.5,4.5,0.6,3600,0.8,347,66.3,45.68,0.9,1.76,0.132,8.0,17.92,0.052,1.25
40.0,4.0,1.0,2.5,3.0,0.6,3600,0.8,347,66.3,45.8,0.9,1.76,0.132,8.0,18.04,0.052,1.25
40.0,4.0,1.0,2.5,4.5,0.6,3600,0.8,347,66.3,45.8,0.9,1.76,0.132,8.0,18.04,0.052,1.25
40.0,4.0,1.5,2.5,3.0,0.6,7200,0.8,192,68.2,25.28,0.64,1.38,0.132,8.0,9.92,0.052,1.14
40.0,4.0,1.5,2.5,4.5,0.6,7200,0.8,192,68.2,25.28,0.64,1.38,0.132,8.0,9.92,0.052,1.14
45.0,2.0,1.5,2.5,3.0,0.6,2400,0.4,223,66.4,29.46,0.74,1.46,0.132,5.42,11.62,0.052,1.16
45.0,2.0,1.5,2.5,4.5,0.6,2400,0.4,223,66.4,29.33,0.74,1.46,0.132,5.42,11.49,0.052,1.16
45.0,4.0,1.5,2.5,4.5,0.8,1200,0.4,194,72.2,25.66,0.63,1.63,0.132,8.0,10.14,0.052,1.22
45.0,5.0,0.7,2.5,3.0,0.6,3600,0.2,78,88.5,10.29,0.16,1.26,0.132,9.64,4.05,0.052,1.1
45.0,5.0,0.7,2.5,3.0,0.8,3600,0.2,78,88.5,10.32,0.16,1.26,0.132,9.61,4.09,0.052,1.1
45.0,5.0,0.7,2.5,4.5,0.6,3600,0.2,78,88.5,10.29,0.16,1.26,0.132,9.64,4.05,0.052,1.1
45.0,5.0,0.7,2.5,4.5,0.8,3600,0.2,78,88.5,10.32,0.16,1.26,0.132,9.61,4.09,0.052,1.1
45.0,5.0,1.0,1.5,3.0,0.8,2400,0.4,116,75.9,15.36,0.43,1.37,0.132,10.4,6.08,0.052,1.14
45.0,5.0,1.0,1.5,4.5,0.6,2400,0.4,116,75.9,15.35,0.43,1.36,0.132,10.4,6.07,0.052,1.14
50.0,2.0,0.7,1.5,3.0,0.8,7200,0.4,131,75.6,17.35,0.44,1.37,0.132,10.62,6.87,0.052,1.14
50.0,2.0,0.7,1.5,4.5,0.8,7200,0.4,131,75.6,17.35,0.44,1.37,0.132,10.62,6.87,0.052,1.14
50.0,2.0,0.7,2.5,3.0,0.6,3600,0.4,152,73.0,20.03,0.55,1.5,0.132,6.83,7.87,0.052,1.18
50.0,2.0,0.7,2.5,3.0,0.8,1200,0.2,151,76.8,19.86,0.43,1.43,0.132,9.15,7.78,0.052,1.16
50.0,2.0,0.7,2.5,4.5,0.6,3600,0.4,152,73.0,20.03,0.55,1.5,0.132,6.83,7.87,0.052,1.18
50.0,2.0,0.7,2.5,4.5,0.8,1200,0.2,151,76.8,19.86,0.43,1.43,0.132,9.15,7.78,0.052,1.16
50.0,2.0,1.0,2.5,3.0,0.6,7200,0.8,155,62.6,20.43,0.9,1.5,0.132,6.13,8.03,0.052,1.18
50.0,2.0,1.0,2.5,3.0,0.8,3600,0.4,124,67.7,16.4,0.64,1.34,0.132,6.11,6.48,0.052,1.13
50.0,2.0,1.0,2.5,3.0,0.8,7200,0.8,155,62.6,20.51,0.9,1.5,0.132,6.18,8.11,0.052,1.18
50.0,2.0,1.0,2.5,4.5,0.6,7200,0.8,155,62.6,20.43,0.9,1.5,0.132,6.13,8.03,0.052,1.18
50.0,2.0,1.0,2.5,4.5,0.8,7200,0.8,155,62.6,20.51,0.9,1.5,0.132,6.18,8.11,0.052,1.18
50.0,4.0,0.7,2.5,3.0,0.6,7200,0.8,125,72.8,16.56,0.57,1.53,0.132,8.18,6.55,0.052,1.19
50.0,4.0,0.7,2.5,4.5,0.6,7200,0.8,125,72.8,16.45,0.57,1.52,0.132,8.18,6.45,0.052,1.19
50.0,4.0,1.5,2.5,3.0,0.6,14400,0.8,90,73.3,11.92,0.46,1.26,0.132,15.38,4.71,0.052,1.1
50.0,4.0,1.5,2.5,4.5,0.6,14400,0.8,90,73.3,11.89,0.46,1.26,0.132,15.38,4.69,0.052,1.1
50.0,5.0,1.0,1.5,3.0,0.4,3600,0.8,148,67.6,19.47,0.79,1.64,0.132,5.44,7.63,0.052,1.22
50.0,5.0,1.0,1.5,4.5,0.4,3600,0.8,148,67.6,19.47,0.79,1.64,0.132,5.44,7.63,0.052,1.22
55.0,2.0,1.0,2.5,4.5,0.4,1200,0.4,139,71.9,18.41,0.66,1.7,0.132,5.06,7.29,0.052,1.24
55.0,4.0,1.5,2.5,3.0,0.8,1200,0.8,160,70.0,21.08,1.26,2.93,0.132,4.82,8.28,0.052,1.53
40.0,4.0,0.7,1.5,3.0,0.4,2400,0.2,137,84.7,17.97,0.23,1.28,0.131,11.94,7.01,0.051,1.11
40.0,4.0,0.7,1.5,4.5,0.4,2400,0.2,137,84.7,17.97,0.23,1.28,0.131,11.94,7.01,0.051,1.11
40.0,4.0,0.7,2.5,3.0,0.6,2400,0.2,137,84.7,18.0,0.23,1.28,0.131,12.15,7.04,0.051,1.11
40.0,4.0,0.7,2.5,3.0,0.6,2400,0.4,233,74.7,30.41,0.52,1.52,0.131,8.0,11.77,0.051,1.18
40.0,4.0,0.7,2.5,3.0,0.6,3600,0.2,127,85.8,16.63,0.21,1.26,0.131,12.04,6.47,0.051,1.1
40.0,4.0,0.7,2.5,4.5,0.6,2400,0.2,137,84.7,18.0,0.23,1.28,0.131,12.15,7.04,0.051,1.11
40.0,4.0,0.7,2.5,4.5,0.6,2400,0.4,233,74.7,30.41,0.52,1.52,0.131,8.0,11.77,0.051,1.18
40.0,4.0,0.7,2.5,4.5,0.6,3600,0.2,127,85.8,16.63,0.21,1.26,0.131,12.04,6.47,0.051,1.1
40.0,4.0,1.0,1.5,3.0,0.8,3600,0.8,347,66.3,45.36,0.89,1.76,0.131,8.0,17.6,0.051,1.25
40.0,4.0,1.0,1.5,4.5,0.8,3600,0.8,347,66.3,45.36,0.89,1.76,0.131,8.0,17.6,0.051,1.25
40.0,4.0,1.0,2.5,3.0,0.8,3600,0.8,347,66.3,45.34,0.89,1.76,0.131,8.0,17.58,0.051,1.25
40.0,4.0,1.0,2.5,4.5,0.8,3600,0.8,347,66.3,45.34,0.89,1.76,0.131,8.0,17.58,0.051,1.25
40.0,5.0,0.7,2.5,3.0,0.4,7200,0.4,122,87.7,15.96,0.18,1.29,0.131,10.0,6.2,0.051,1.11
40.0,5.0,0.7,2.5,3.0,0.6,3600,0.4,162,79.6,21.19,0.36,1.4,0.131,8.21,8.23,0.051,1.15
40.0,5.0,0.7,2.5,4.5,0.4,7200,0.4,122,87.7,15.96,0.18,1.29,0.131,10.0,6.2,0.051,1.11
40.0,5.0,0.7,2.5,4.5,0.6,3600,0.4,162,79.6,21.19,0.36,1.4,0.131,8.21,8.23,0.051,1.15
40.0,5.0,1.5,2.5,3.0,0.6,2400,0.8,304,63.8,39.68,1.15,2.02,0.131,6.8,15.36,0.051,1.31
40.0,5.0,1.5,2.5,3.0,0.8,1200,0.4,187,73.8,24.55,0.57,1.62,0.131,8.59,9.59,0.051,1.21
40.0,5.0,1.5,2.5,4.5,0.6,2400,0.8,304,63.8,39.68,1.15,2.02,0.131,6.8,15.36,0.051,1.31
40.0,5.0,1.5,2.5,4.5,0.8,1200,0.4,187,73.8,24.55,0.57,1.62,0.131,8.59,9.59,0.051,1.21
45.0,2.0,1.0,1.5,3.0,0.4,3600,0.2,135,71.1,17.7,0.5,1.23,0.131,9.44,6.9,0.051,1.09
45.0,2.0,1.0,1.5,4.5,0.4,3600,0.2,135,71.1,17.7,0.5,1.23,0.131,9.44,6.9,0.051,1.09
45.0,2.0,1.0,2.5,3.0,0.6,14400,0.2,129,71.3,16.91,0.49,1.23,0.131,10.03,6.59,0.051,1.09
45.0,2.0,1.0,2.5,4.5,0.6,14400,0.2,129,71.3,16.91,0.49,1.23,0.131,10.03,6.59,0.051,1.09
45.0,3.0,1.0,1.5,3.0,0.4,2400,0.4,161,72.0,21.13,0.53,1.37,0.131,8.18,8.25,0.051,1.13
45.0,3.0,1.0,1.5,4.5,0.4,2400,0.4,161,72.0,21.04,0.53,1.37,0.131,8.18,8.16,0.051,1.13
45.0,4.0,0.7,1.5,3.0,0.4,7200,0.8,168,73.8,22.09,0.54,1.51,0.131,11.9,8.65,0.051,1.18
45.0,4.0,0.7,1.5,4.5,0.4,7200,0.8,168,73.8,22.09,0.54,1.51,0.131,11.9,8.65,0.051,1.18
45.0,4.0,0.7,2.5,3.0,0.6,7200,0.8,168,73.8,22.0,0.54,1.51,0.131,11.9,8.56,0.051,1.18
45.0,4.0,0.7,2.5,4.5,0.6,7200,0.8,168,73.8,22.0,0.54,1.51,0.131,11.9,8.56,0.051,1.18
45.0,5.0,1.0,1.5,4.5,0.8,2400,0.4,116,75.9,15.17,0.43,1.36,0.131,10.4,5.89,0.051,1.13
50.0,2.0,0.7,1.5,3.0,0.6,3600,0.4,152,73.0,19.94,0.55,1.49,0.131,6.83,7.78,0.051,1.18
50.0,2.0,0.7,1.5,4.5,0.6,3600,0.4,152,73.0,19.94,0.55,1.49,0.131,6.83,7.78,0.051,1.18
50.0,2.0,0.7,2.5,3.0,0.6,1200,0.2,151,76.8,19.81,0.43,1.42,0.131,9.25,7.73,0.051,1.15
50.0,2.0,0.7,2.5,4.5,0.6,1200,0.2,151,76.8,19.81,0.43,1.42,0.131,9.25,7.73,0.051,1.15
50.0,2.0,1.0,1.5,3.0,0.4,3600,0.4,124,67.7,16.27,0.64,1.34,0.131,6.02,6.35,0.051,1.12
50.0,2.0,1.0,2.5,4.5,0.8,3600,0.4,124,67.7,16.21,0.64,1.34,0.131,6.11,6.29,0.051,1.12
50.0,5.0,1.0,1.5,3.0,0.8,3600,0.8,148,67.6,19.41,0.79,1.64,0.131,5.44,7.57,0.051,1.22
50.0,5.0,1.0,1.5,4.5,0.8,3600,0.8,148,67.6,19.41,0.79,1.64,0.131,5.44,7.57,0.051,1.22
50.0,5.0,1.0,2.5,3.0,0.4,3600,0.8,148,67.6,19.32,0.78,1.63,0.131,5.44,7.48,0.051,1.22
50.0,5.0,1.0,2.5,4.5,0.4,3600,0.8,148,67.6,19.32,0.78,1.63,0.131,5.44,7.48,0.051,1.22
55.0,2.0,0.7,2.5,3.0,0.6,7200,0.2,87,77.0,11.42,0.39,1.3,0.131,8.53,4.46,0.051,1.11
55.0,2.0,0.7,2.5,3.0,0.8,7200,0.2,87,77.0,11.39,0.39,1.3,0.131,8.59,4.43,0.051,1.11
55.0,2.0,0.7,2.5,4.5,0.6,7200,0.2,87,77.0,11.42,0.39,1.3,0.131,8.53,4.46,0.051,1.11
55.0,2.0,0.7,2.5,4.5,0.8,7200,0.2,87,77.0,11.39,0.39,1.3,0.131,8.59,4.43,0.051,1.11
55.0,2.0,1.0,2.5,3.0,0.6,1200,0.4,139,71.9,18.15,0.66,1.69,0.131,5.18,7.04,0.051,1.23
55.0,2.0,1.0,2.5,3.0,0.8,1200,0.4,139,71.9,18.23,0.66,1.7,0.131,5.08,7.11,0.051,1.24
55.0,4.0,1.5,2.5,4.5,0.8,1200,0.8,160,70.0,21.02,1.25,2.93,0.131,4.82,8.22,0.051,1.52
40.0,2.0,0.7,2.5,3.0,0.4,2400,0.2,220,77.3,28.61,0.39,1.32,0.13,13.1,11.01,0.05,1.12
40.0,2.0,0.7,2.5,4.5,0.4,2400,0.2,220,77.3,28.61,0.39,1.32,0.13,13.1,11.01,0.05,1.12
40.0,3.0,0.7,2.5,3.0,0.6,7200,0.8,272,70.6,35.49,0.65,1.55,0.13,6.31,13.73,0.05,1.19
40.0,3.0,0.7,2.5,4.5,0.6,7200,0.8,272,70.6,35.38,0.65,1.55,0.13,6.31,13.62,0.05,1.19
40.0,4.0,0.7,1.5,3.0,0.6,7200,0.8,232,73.7,30.25,0.54,1.51,0.13,8.0,11.7,0.05,1.18
40.0,4.0,0.7,1.5,3.0,0.6,14400,0.4,126,85.7,16.33,0.21,1.26,0.13,11.66,6.25,0.05,1.1
40.0,4.0,0.7,1.5,3.0,0.8,7200,0.8,232,73.7,30.24,0.54,1.51,0.13,8.0,11.68,0.05,1.18
40.0,4.0,0.7,1.5,4.5,0.6,7200,0.8,232,73.7,30.15,0.54,1.51,0.13,8.0,11.59,0.05,1.18
40.0,4.0,0.7,1.5,4.5,0.6,14400,0.4,126,85.7,16.39,0.21,1.26,0.13,11.66,6.31,0.05,1.1
40.0,4.0,0.7,1.5,4.5,0.8,7200,0.8,232,73.7,30.08,0.54,1.51,0.13,8.0,11.52,0.05,1.18
40.0,5.0,0.7,1.5,3.0,0.6,3600,0.4,162,79.6,21.02,0.36,1.4,0.13,8.21,8.06,0.05,1.14
40.0,5.0,0.7,1.5,4.5,0.6,3600,0.4,162,79.6,21.02,0.36,1.4,0.13,8.21,8.06,0.05,1.14
45.0,2.0,1.5,2.5,3.0,0.8,7200,0.8,226,66.8,29.44,0.71,1.44,0.13,8.87,11.36,0.05,1.15
45.0,2.0,1.5,2.5,4.5,0.8,7200,0.8,226,66.8,29.37,0.71,1.43,0.13,8.87,11.29,0.05,1.15
50.0,2.0,0.7,1.5,3.0,0.4,1200,0.2,151,76.8,19.63,0.43,1.42,0.13,9.13,7.55,0.05,1.15
50.0,2.0,0.7,1.5,4.5,0.4,1200,0.2,151,76.8,19.63,0.43,1.42,0.13,9.13,7.55,0.05,1.15
50.0,2.0,1.0,1.5,4.5,0.4,3600,0.4,124,67.7,16.18,0.64,1.34,0.13,6.02,6.26,0.05,1.12
50.0,2.0,1.0,2.5,3.0,0.6,3600,0.4,124,67.7,16.08,0.64,1.33,0.13,6.14,6.16,0.05,1.12
50.0,3.0,1.0,2.5,3.0,0.4,3600,0.4,113,74.3,14.73,0.45,1.3,0.13,10.02,5.69,0.05,1.11
50.0,3.0,1.0,2.5,3.0,0.4,7200,0.8,137,66.4,17.77,0.71,1.41,0.13,10.93,6.8,0.05,1.14
50.0,3.0,1.0,2.5,4.5,0.4,3600,0.4,113,74.3,14.64,0.45,1.29,0.13,10.02,5.6,0.05,1.11
50.0,3.0,1.0,2.5,4.5,0.4,7200,0.8,137,66.4,17.77,0.71,1.41,0.13,10.93,6.8,0.05,1.14
50.0,5.0,1.0,2.5,3.0,0.8,3600,0.8,148,67.6,19.26,0.78,1.63,0.13,5.44,7.42,0.05,1.21
50.0,5.0,1.0,2.5,4.5,0.8,3600,0.8,148,67.6,19.26,0.78,1.63,0.13,5.44,7.42,0.05,1.21
55.0,2.0,1.0,1.5,3.0,0.4,1200,0.4,139,71.9,18.13,0.66,1.69,0.13,5.06,7.01,0.05,1.23
55.0,2.0,1.0,1.5,4.5,0.4,1200,0.4,139,71.9,18.05,0.66,1.69,0.13,5.06,6.93,0.05,1.23
55.0,2.0,1.0,2.5,4.5,0.6,1200,0.4,139,71.9,18.02,0.66,1.69,0.13,5.18,6.9,0.05,1.23
55.0,2.0,1.0,2.5,4.5,0.8,1200,0.4,139,71.9,18.04,0.66,1.69,0.13,5.08,6.92,0.05,1.23
40.0,2.0,1.0,2.5,3.0,0.6,,0.4,148,70.3,19.11,0.51,1.22,0.129,10.37,7.27,0.049,1.08
40.0,2.0,1.0,2.5,4.5,0.6,,0.4,148,70.3,19.16,0.52,1.22,0.129,10.37,7.32,0.049,1.08
40.0,3.0,0.7,1.5,3.0,0.4,7200,0.8,272,70.6,34.98,0.64,1.54,0.129,6.17,13.22,0.049,1.18
40.0,3.0,0.7,1.5,4.5,0.6,14400,0.4,152,83.6,19.65,0.25,1.28,0.129,10.04,7.49,0.049,1.1
40.0,3.0,0.7,2.5,3.0,0.4,2400,0.4,276,73.2,35.53,0.57,1.56,0.129,8.91,13.45,0.049,1.19
40.0,3.0,0.7,2.5,3.0,0.8,7200,0.8,272,70.6,35.19,0.64,1.55,0.129,6.15,13.43,0.049,1.19
40.0,3.0,0.7,2.5,4.5,0.4,2400,0.4,276,73.2,35.53,0.57,1.56,0.129,8.91,13.45,0.049,1.19
40.0,3.0,0.7,2.5,4.5,0.8,7200,0.8,272,70.6,35.04,0.64,1.54,0.129,6.15,13.28,0.049,1.19
40.0,3.0,1.0,1.5,3.0,0.8,14400,0.8,160,67.5,20.58,0.62,1.29,0.129,9.76,7.78,0.049,1.1
40.0,4.0,0.7,1.5,3.0,0.6,2400,0.4,233,74.7,30.17,0.51,1.52,0.129,8.0,11.53,0.049,1.18
40.0,4.0,0.7,1.5,4.5,0.6,2400,0.4,233,74.7,30.17,0.51,1.52,0.129,8.0,11.53,0.049,1.18
40.0,4.0,0.7,2.5,3.0,0.8,2400,0.2,137,84.7,17.63,0.23,1.27,0.129,12.16,6.67,0.049,1.1
40.0,4.0,0.7,2.5,3.0,0.8,2400,0.4,233,74.7,30.07,0.51,1.52,0.129,8.0,11.43,0.049,1.18
40.0,4.0,0.7,2.5,3.0,0.8,3600,0.2,127,85.8,16.33,0.21,1.25,0.129,11.99,6.17,0.049,1.09
40.0,4.0,0.7,2.5,3.0,0.8,7200,0.2,125,87.2,16.15,0.18,1.25,0.129,11.37,6.15,0.049,1.09
40.0,4.0,0.7,2.5,4.5,0.8,2400,0.2,137,84.7,17.63,0.23,1.27,0.129,12.16,6.67,0.049,1.1
40.0,4.0,0.7,2.5,4.5,0.8,2400,0.4,233,74.7,30.07,0.51,1.52,0.129,8.0,11.43,0.049,1.18
40.0,4.0,0.7,2.5,4.5,0.8,3600,0.2,127,85.8,16.33,0.21,1.25,0.129,11.99,6.17,0.049,1.09
40.0,4.0,0.7,2.5,4.5,0.8,7200,0.2,125,87.2,16.15,0.18,1.25,0.129,11.37,6.15,0.049,1.09
40.0,4.0,1.5,2.5,3.0,0.6,2400,0.8,379,64.1,48.91,1.13,2.02,0.129,8.0,18.59,0.049,1.31
40.0,4.0,1.5,2.5,4.5,0.6,2400,0.8,379,64.1,48.91,1.13,2.02,0.129,8.0,18.59,0.049,1.31
40.0,5.0,0.7,2.5,3.0,0.8,3600,0.4,162,79.6,20.85,0.36,1.39,0.129,8.21,7.89,0.049,1.14
40.0,5.0,0.7,2.5,4.5,0.8,3600,0.4,162,79.6,20.85,0.36,1.39,0.129,8.21,7.89,0.049,1.14
45.0,2.0,0.7,1.5,3.0,0.4,1200,0.2,207,77.3,26.71,0.41,1.39,0.129,8.73,10.15,0.049,1.14
45.0,2.0,0.7,1.5,4.5,0.4,1200,0.2,207,77.3,26.71,0.41,1.39,0.129,8.73,10.15,0.049,1.14
45.0,2.0,0.7,2.5,3.0,0.4,1200,0.2,207,77.3,26.74,0.41,1.39,0.129,8.73,10.18,0.049,1.14
45.0,2.0,0.7,2.5,4.5,0.4,1200,0.2,207,77.3,26.74,0.41,1.39,0.129,8.73,10.18,0.049,1.14
45.0,2.0,1.0,2.5,3.0,0.4,2400,0.2,140,70.7,18.06,0.51,1.24,0.129,10.25,6.86,0.049,1.09
45.0,2.0,1.0,2.5,4.5,0.4,2400,0.2,140,70.7,18.06,0.51,1.24,0.129,10.25,6.86,0.049,1.09
45.0,3.0,0.7,1.5,3.0,0.4,3600,0.2,126,83.3,16.29,0.25,1.27,0.129,8.35,6.21,0.049,1.1
45.0,3.0,0.7,1.5,4.5,0.4,3600,0.2,126,83.3,16.29,0.25,1.27,0.129,8.35,6.21,0.049,1.1
45.0,3.0,0.7,2.5,3.0,0.6,3600,0.2,126,83.3,16.22,0.25,1.27,0.129,8.46,6.14,0.049,1.1
45.0,3.0,0.7,2.5,3.0,0.8,3600,0.2,126,83.3,16.25,0.25,1.27,0.129,8.46,6.17,0.049,1.1
45.0,3.0,0.7,2.5,3.0,0.8,7200,0.4,144,81.2,18.61,0.3,1.31,0.129,8.37,7.09,0.049,1.11
45.0,3.0,0.7,2.5,4.5,0.6,3600,0.2,126,83.3,16.22,0.25,1.27,0.129,8.46,6.14,0.049,1.1
45.0,3.0,0.7,2.5,4.5,0.8,3600,0.2,126,83.3,16.25,0.25,1.27,0.129,8.46,6.17,0.049,1.1
45.0,3.0,0.7,2.5,4.5,0.8,7200,0.4,144,81.2,18.61,0.3,1.31,0.129,8.37,7.09,0.049,1.11
45.0,3.0,1.0,2.5,3.0,0.6,2400,0.4,161,72.0,20.81,0.53,1.36,0.129,8.18,7.93,0.049,1.13
45.0,3.0,1.0,2.5,3.0,0.8,2400,0.4,161,72.0,20.85,0.53,1.36,0.13,8.18,7.97,0.049,1.13
45.0,4.0,0.7,1.5,3.0,0.6,7200,0.8,168,73.8,21.65,0.53,1.5,0.129,11.9,8.21,0.049,1.17
45.0,4.0,0.7,1.5,4.5,0.6,7200,0.8,168,73.8,21.65,0.53,1.5,0.129,11.9,8.21,0.049,1.17
45.0,4.0,1.5,2.5,3.0,0.6,3600,0.8,251,63.3,32.44,1.01,1.74,0.129,8.74,12.36,0.049,1.24
45.0,4.0,1.5,2.5,3.0,0.8,3600,0.8,249,63.9,32.24,0.99,1.75,0.129,8.74,12.32,0.049,1.24
45.0,4.0,1.5,2.5,4.5,0.6,3600,0.8,251,63.3,32.44,1.01,1.74,0.129,8.74,12.36,0.049,1.24
45.0,4.0,1.5,2.5,4.5,0.8,3600,0.8,249,63.9,32.24,0.99,1.75,0.129,8.74,12.32,0.049,1.24
45.0,5.0,0.7,1.5,3.0,0.8,3600,0.2,78,88.5,10.03,0.16,1.25,0.129,9.61,3.79,0.049,1.09
45.0,5.0,0.7,1.5,4.5,0.8,3600,0.2,78,88.5,10.03,0.16,1.25,0.129,9.61,3.79,0.049,1.09
50.0,2.0,0.7,1.5,3.0,0.6,7200,0.4,131,75.6,16.96,0.44,1.36,0.129,10.56,6.48,0.049,1.13
50.0,2.0,0.7,1.5,3.0,0.8,1200,0.2,151,76.8,19.42,0.43,1.42,0.129,9.15,7.34,0.049,1.15
50.0,2.0,0.7,1.5,4.5,0.6,7200,0.4,131,75.6,16.96,0.44,1.36,0.129,10.56,6.48,0.049,1.13
50.0,2.0,0.7,1.5,4.5,0.8,1200,0.2,151,76.8,19.42,0.43,1.42,0.129,9.15,7.34,0.049,1.15
50.0,2.0,1.0,1.5,3.0,0.8,3600,0.4,124,67.7,16.01,0.63,1.33,0.129,6.11,6.09,0.049,1.12
50.0,2.0,1.0,1.5,3.0,0.8,7200,0.8,155,62.6,20.04,0.89,1.49,0.129,6.16,7.64,0.049,1.17
50.0,2.0,1.0,1.5,4.5,0.8,7200,0.8,155,62.6,20.04,0.89,1.49,0.129,6.16,7.64,0.049,1.17
50.0,2.0,1.0,2.5,4.5,0.6,3600,0.4,124,67.7,15.94,0.63,1.33,0.129,6.14,6.02,0.049,1.12
50.0,4.0,0.7,1.5,3.0,0.4,7200,0.8,125,72.8,16.18,0.57,1.52,0.129,8.18,6.18,0.049,1.18
50.0,4.0,0.7,1.5,4.5,0.4,7200,0.8,125,72.8,16.13,0.57,1.51,0.129,8.18,6.13,0.049,1.18
50.0,4.0,1.0,1.5,3.0,0.4,3600,0.8,156,66.7,20.13,0.83,1.65,0.129,8.0,7.65,0.049,1.22
50.0,4.0,1.0,1.5,3.0,0.8,3600,0.8,156,66.7,20.07,0.83,1.65,0.129,8.0,7.58,0.049,1.21
50.0,4.0,1.0,1.5,4.5,0.4,3600,0.8,156,66.7,20.13,0.83,1.65,0.129,8.0,7.65,0.049,1.22
50.0,4.0,1.0,1.5,4.5,0.8,3600,0.8,156,66.7,20.07,0.83,1.65,0.129,8.0,7.58,0.049,1.21
50.0,4.0,1.0,2.5,3.0,0.4,3600,0.8,156,66.7,20.09,0.83,1.65,0.129,8.0,7.61,0.049,1.21
50.0,4.0,1.0,2.5,4.5,0.4,3600,0.8,156,66.7,20.09,0.83,1.65,0.129,8.0,7.61,0.049,1.21
50.0,5.0,1.0,1.5,3.0,0.6,3600,0.8,148,67.6,19.06,0.78,1.63,0.129,5.44,7.22,0.049,1.21
50.0,5.0,1.0,1.5,4.5,0.6,3600,0.8,148,67.6,19.06,0.78,1.63,0.129,5.44,7.22,0.049,1.21
55.0,2.0,0.7,1.5,3.0,0.4,7200,0.2,87,77.0,11.26,0.39,1.3,0.129,8.41,4.31,0.049,1.11
55.0,2.0,0.7,1.5,4.5,0.4,7200,0.2,87,77.0,11.26,0.39,1.3,0.129,8.41,4.31,0.049,1.11
55.0,2.0,1.0,1.5,3.0,0.8,1200,0.4,139,71.9,17.86,0.66,1.68,0.128,5.08,6.74,0.049,1.22
55.0,3.0,0.7,1.5,3.0,0.6,14400,0.8,82,74.4,10.58,0.47,1.36,0.129,6.38,4.02,0.049,1.13
55.0,3.0,0.7,1.5,4.5,0.6,14400,0.8,82,74.4,10.56,0.47,1.36,0.129,6.38,4.0,0.049,1.13
55.0,3.0,0.7,2.5,3.0,0.4,7200,0.8,101,72.3,13.03,0.59,1.53,0.129,6.03,4.95,0.049,1.18
55.0,3.0,0.7,2.5,4.5,0.4,7200,0.8,101,72.3,13.03,0.59,1.53,0.129,6.03,4.95,0.049,1.18
40.0,2.0,0.7,1.5,3.0,0.4,2400,0.2,220,77.3,28.26,0.39,1.31,0.128,13.1,10.66,0.048,1.11
40.0,2.0,0.7,1.5,4.5,0.4,2400,0.2,220,77.3,28.26,0.39,1.31,0.128,13.1,10.66,0.048,1.11
40.0,3.0,0.7,1.5,3.0,0.4,2400,0.4,276,73.2,35.29,0.57,1.55,0.128,8.91,13.21,0.048,1.19
40.0,3.0,0.7,1.5,3.0,0.6,14400,0.4,152,83.6,19.51,0.25,1.28,0.128,10.04,7.35,0.048,1.1
40.0,3.0,0.7,1.5,4.5,0.4,2400,0.4,276,73.2,35.29,0.57,1.55,0.128,8.91,13.21,0.048,1.19
40.0,3.0,0.7,1.5,4.5,0.4,7200,0.8,272,70.6,34.93,0.64,1.54,0.128,6.17,13.17,0.048,1.18
40.0,3.0,0.7,2.5,3.0,0.8,14400,0.4,157,82.8,20.08,0.26,1.27,0.128,10.16,7.52,0.048,1.1
40.0,3.0,0.7,2.5,4.5,0.8,14400,0.4,157,82.8,20.12,0.26,1.27,0.128,10.16,7.56,0.048,1.1
40.0,3.0,1.5,2.5,3.0,0.4,3600,0.4,160,71.9,20.44,0.5,1.27,0.128,13.61,7.64,0.048,1.09
40.0,3.0,1.5,2.5,4.5,0.4,3600,0.4,160,71.9,20.44,0.5,1.27,0.128,13.61,7.64,0.048,1.09
40.0,4.0,0.7,1.5,3.0,0.4,14400,0.4,126,85.7,16.16,0.21,1.26,0.128,11.81,6.08,0.048,1.1
40.0,4.0,0.7,1.5,3.0,0.8,2400,0.4,233,74.7,29.89,0.51,1.51,0.128,8.0,11.25,0.048,1.18
40.0,4.0,0.7,1.5,4.5,0.4,14400,0.4,126,85.7,16.16,0.21,1.26,0.128,11.81,6.08,0.048,1.1
40.0,4.0,0.7,1.5,4.5,0.8,2400,0.4,233,74.7,29.89,0.51,1.51,0.128,8.0,11.25,0.048,1.18
40.0,4.0,1.0,1.5,3.0,0.4,7200,0.8,191,68.6,24.39,0.64,1.39,0.128,8.0,9.11,0.048,1.13
40.0,4.0,1.0,1.5,4.5,0.4,7200,0.8,191,68.6,24.39,0.64,1.39,0.128,8.0,9.11,0.048,1.13
40.0,5.0,0.7,1.5,3.0,0.8,3600,0.4,162,79.6,20.75,0.36,1.39,0.128,8.21,7.79,0.048,1.14
40.0,5.0,0.7,1.5,4.5,0.8,3600,0.4,162,79.6,20.75,0.36,1.39,0.128,8.21,7.79,0.048,1.14
45.0,2.0,0.7,1.5,3.0,0.8,1200,0.2,207,77.3,26.45,0.41,1.38,0.128,8.74,9.89,0.048,1.13
45.0,2.0,0.7,1.5,4.5,0.8,1200,0.2,207,77.3,26.45,0.41,1.38,0.128,8.74,9.89,0.048,1.13
45.0,2.0,0.7,2.5,3.0,0.8,1200,0.2,207,77.3,26.48,0.41,1.38,0.128,8.74,9.92,0.048,1.13
45.0,2.0,0.7,2.5,4.5,0.8,1200,0.2,207,77.3,26.48,0.41,1.38,0.128,8.74,9.92,0.048,1.13
45.0,2.0,1.0,1.5,3.0,0.4,2400,0.2,140,70.7,17.86,0.51,1.23,0.128,10.25,6.66,0.048,1.08
45.0,2.0,1.0,1.5,4.5,0.4,2400,0.2,140,70.7,17.86,0.51,1.23,0.128,10.25,6.66,0.048,1.08
45.0,3.0,0.7,2.5,3.0,0.4,7200,0.4,144,81.2,18.5,0.3,1.3,0.128,8.45,6.98,0.048,1.11
45.0,3.0,0.7,2.5,4.5,0.4,7200,0.4,144,81.2,18.5,0.3,1.3,0.128,8.45,6.98,0.048,1.11
45.0,3.0,1.0,2.5,4.5,0.6,2400,0.4,161,72.0,20.68,0.53,1.36,0.128,8.18,7.8,0.048,1.13
45.0,3.0,1.0,2.5,4.5,0.8,2400,0.4,161,72.0,20.66,0.53,1.36,0.128,8.18,7.78,0.048,1.13
45.0,5.0,0.7,1.5,3.0,0.4,2400,0.2,83,89.2,10.66,0.15,1.27,0.128,9.52,4.02,0.048,1.1
45.0,5.0,0.7,1.5,3.0,0.6,3600,0.2,78,88.5,9.99,0.16,1.25,0.128,9.64,3.75,0.048,1.09
45.0,5.0,0.7,1.5,4.5,0.4,2400,0.2,83,89.2,10.66,0.15,1.27,0.128,9.52,4.02,0.048,1.1
45.0,5.0,0.7,1.5,4.5,0.6,3600,0.2,78,88.5,9.99,0.16,1.25,0.128,9.64,3.75,0.048,1.09
45.0,5.0,0.7,2.5,3.0,0.8,2400,0.2,83,89.2,10.61,0.15,1.26,0.128,9.47,3.97,0.048,1.1
45.0,5.0,0.7,2.5,4.5,0.8,2400,0.2,83,89.2,10.61,0.15,1.26,0.128,9.47,3.97,0.048,1.1
50.0,2.0,0.7,1.5,3.0,0.6,1200,0.2,151,76.8,19.36,0.43,1.41,0.128,9.25,7.28,0.048,1.15
50.0,2.0,0.7,1.5,4.5,0.6,1200,0.2,151,76.8,19.36,0.43,1.41,0.128,9.25,7.28,0.048,1.15
50.0,2.0,1.0,1.5,3.0,0.6,7200,0.8,155,62.6,19.82,0.89,1.49,0.128,6.11,7.42,0.048,1.16
50.0,2.0,1.0,1.5,4.5,0.6,7200,0.8,155,62.6,19.82,0.89,1.49,0.128,6.11,7.42,0.048,1.16
50.0,2.0,1.0,1.5,4.5,0.8,3600,0.4,124,67.7,15.82,0.63,1.33,0.128,6.11,5.9,0.048,1.11
50.0,3.0,0.7,2.5,3.0,0.8,14400,0.8,124,75.0,15.81,0.45,1.35,0.128,11.17,5.89,0.048,1.12
50.0,3.0,1.0,1.5,3.0,0.4,3600,0.4,113,74.3,14.41,0.45,1.29,0.128,10.02,5.37,0.048,1.1
50.0,3.0,1.0,2.5,3.0,0.8,3600,0.4,113,74.3,14.48,0.45,1.29,0.128,10.11,5.44,0.048,1.1
50.0,4.0,1.0,2.5,3.0,0.8,3600,0.8,156,66.7,20.02,0.83,1.65,0.128,8.0,7.54,0.048,1.21
50.0,4.0,1.0,2.5,4.5,0.8,3600,0.8,156,66.7,20.02,0.83,1.65,0.128,8.0,7.54,0.048,1.21
55.0,2.0,1.0,1.5,3.0,0.6,1200,0.4,139,71.9,17.79,0.66,1.68,0.128,5.18,6.67,0.048,1.22
55.0,3.0,0.7,2.5,3.0,0.8,7200,0.8,101,72.3,12.97,0.58,1.52,0.128,6.3,4.89,0.048,1.18
55.0,3.0,0.7,2.5,4.5,0.8,7200,0.8,101,72.3,12.97,0.58,1.52,0.128,6.3,4.89,0.048,1.18
40.0,2.0,0.7,2.5,3.0,0.6,2400,0.2,220,77.3,27.99,0.39,1.31,0.127,13.22,10.39,0.047,1.11
40.0,2.0,0.7,2.5,3.0,0.8,2400,0.2,220,77.3,27.85,0.38,1.31,0.127,13.05,10.25,0.047,1.11
40.0,2.0,0.7,2.5,4.5,0.6,2400,0.2,220,77.3,27.99,0.39,1.31,0.127,13.22,10.39,0.047,1.11
40.0,2.0,0.7,2.5,4.5,0.8,2400,0.2,220,77.3,27.85,0.38,1.31,0.127,13.05,10.25,0.047,1.11
40.0,3.0,0.7,1.5,3.0,0.6,2400,0.4,276,73.2,34.92,0.57,1.55,0.127,8.91,12.84,0.047,1.18
40.0,3.0,0.7,1.5,4.5,0.6,2400,0.4,276,73.2,34.92,0.57,1.55,0.127,8.91,12.84,0.047,1.18
40.0,3.0,0.7,2.5,3.0,0.6,2400,0.4,276,73.2,35.09,0.57,1.55,0.127,8.91,13.01,0.047,1.18
40.0,3.0,0.7,2.5,4.5,0.6,2400,0.4,276,73.2,35.09,0.57,1.55,0.127,8.91,13.01,0.047,1.18
40.0,3.0,1.0,1.5,4.5,0.8,14400,0.8,160,67.5,20.39,0.62,1.29,0.127,9.76,7.59,0.047,1.1
40.0,4.0,0.7,1.5,3.0,0.6,2400,0.2,137,84.7,17.38,0.23,1.27,0.127,12.17,6.42,0.047,1.1
40.0,4.0,0.7,1.5,4.5,0.6,2400,0.2,137,84.7,17.38,0.23,1.27,0.127,12.17,6.42,0.047,1.1
40.0,5.0,0.7,1.5,3.0,0.4,7200,0.4,122,87.7,15.47,0.18,1.28,0.127,10.0,5.71,0.047,1.1
40.0,5.0,0.7,1.5,4.5,0.4,7200,0.4,122,87.7,15.47,0.18,1.28,0.127,10.0,5.71,0.047,1.1
40.0,5.0,1.5,2.5,3.0,0.8,2400,0.8,303,64.0,38.63,1.13,2.01,0.127,6.8,14.39,0.047,1.3
40.0,5.0,1.5,2.5,4.5,0.8,2400,0.8,303,64.0,38.63,1.13,2.01,0.127,6.8,14.39,0.047,1.3
45.0,2.0,0.7,1.5,3.0,0.6,1200,0.2,207,77.3,26.36,0.41,1.38,0.127,8.85,9.8,0.047,1.13
45.0,2.0,0.7,1.5,4.5,0.6,1200,0.2,207,77.3,26.36,0.41,1.38,0.127,8.85,9.8,0.047,1.13
45.0,2.0,0.7,2.5,3.0,0.6,1200,0.2,207,77.3,26.39,0.41,1.38,0.127,8.85,9.82,0.047,1.13
45.0,2.0,0.7,2.5,4.5,0.6,1200,0.2,207,77.3,26.39,0.41,1.38,0.127,8.85,9.82,0.047,1.13
45.0,3.0,1.0,1.5,3.0,0.6,2400,0.4,161,72.0,20.41,0.53,1.36,0.127,8.18,7.54,0.047,1.12
45.0,3.0,1.0,1.5,3.0,0.8,2400,0.4,161,72.0,20.45,0.53,1.36,0.127,8.18,7.57,0.047,1.12
45.0,4.0,0.7,2.5,3.0,0.4,14400,0.2,95,86.3,12.03,0.2,1.24,0.127,12.84,4.43,0.047,1.09
45.0,4.0,0.7,2.5,4.5,0.4,14400,0.2,95,86.3,12.03,0.2,1.24,0.127,12.84,4.43,0.047,1.09
45.0,5.0,0.7,2.5,3.0,0.6,2400,0.2,83,89.2,10.5,0.15,1.26,0.127,9.64,3.86,0.047,1.09
45.0,5.0,0.7,2.5,4.5,0.6,2400,0.2,83,89.2,10.5,0.15,1.26,0.127,9.64,3.86,0.047,1.09
45.0,5.0,1.0,1.5,3.0,0.4,2400,0.2,66,83.3,8.37,0.24,1.18,0.127,17.07,3.09,0.047,1.07
45.0,5.0,1.0,1.5,4.5,0.4,2400,0.2,66,83.3,8.37,0.24,1.18,0.127,17.07,3.09,0.047,1.07
50.0,3.0,0.7,2.5,3.0,0.6,14400,0.8,124,75.0,15.69,0.45,1.35,0.127,11.11,5.77,0.047,1.12
50.0,3.0,0.7,2.5,4.5,0.8,14400,0.8,124,75.0,15.79,0.45,1.35,0.127,11.17,5.87,0.047,1.12
50.0,3.0,1.0,1.5,3.0,0.4,7200,0.8,137,66.4,17.4,0.71,1.4,0.127,10.91,6.44,0.047,1.14
50.0,3.0,1.0,1.5,4.5,0.4,3600,0.4,113,74.3,14.32,0.44,1.29,0.127,10.02,5.28,0.047,1.1
50.0,3.0,1.0,1.5,4.5,0.4,7200,0.8,137,66.4,17.4,0.71,1.4,0.127,10.91,6.44,0.047,1.14
50.0,3.0,1.0,2.5,3.0,0.8,7200,0.8,137,66.4,17.41,0.71,1.4,0.127,10.93,6.45,0.047,1.14
50.0,3.0,1.0,2.5,4.5,0.8,7200,0.8,137,66.4,17.41,0.71,1.4,0.127,10.93,6.45,0.047,1.14
50.0,4.0,0.7,1.5,3.0,0.8,7200,0.8,125,72.8,15.88,0.56,1.51,0.127,8.18,5.88,0.047,1.17
50.0,4.0,1.0,1.5,3.0,0.6,3600,0.8,156,66.7,19.77,0.82,1.64,0.127,8.0,7.29,0.047,1.21
50.0,4.0,1.0,1.5,4.5,0.6,3600,0.8,156,66.7,19.77,0.82,1.64,0.127,8.0,7.29,0.047,1.21
50.0,5.0,1.0,2.5,3.0,0.6,3600,0.8,148,67.6,18.84,0.78,1.62,0.127,5.44,7.0,0.047,1.2
50.0,5.0,1.0,2.5,4.5,0.6,3600,0.8,148,67.6,18.84,0.78,1.62,0.127,5.44,7.0,0.047,1.2
55.0,2.0,1.0,1.5,4.5,0.6,1200,0.4,139,71.9,17.65,0.65,1.67,0.127,5.18,6.53,0.047,1.22
55.0,2.0,1.0,1.5,4.5,0.8,1200,0.4,139,71.9,17.68,0.65,1.68,0.127,5.08,6.56,0.047,1.22
55.0,4.0,1.0,2.5,3.0,0.4,1200,0.8,160,70.0,20.26,1.22,2.86,0.127,4.82,7.46,0.047,1.48
55.0,4.0,1.0,2.5,3.0,0.8,1200,0.8,160,70.0,20.25,1.22,2.86,0.127,4.82,7.45,0.047,1.47
55.0,4.0,1.0,2.5,4.5,0.4,1200,0.8,160,70.0,20.26,1.22,2.86,0.127,4.82,7.46,0.047,1.48
55.0,4.0,1.0,2.5,4.5,0.8,1200,0.8,160,70.0,20.25,1.22,2.86,0.127,4.82,7.45,0.047,1.47
55.0,4.0,1.5,2.5,3.0,0.4,1200,0.8,160,70.0,20.32,1.23,2.86,0.127,4.82,7.52,0.047,1.48
55.0,4.0,1.5,2.5,4.5,0.4,1200,0.8,160,70.0,20.32,1.23,2.86,0.127,4.82,7.52,0.047,1.48
55.0,5.0,1.5,2.5,3.0,0.8,1200,0.8,158,69.6,20.0,1.17,2.68,0.127,5.89,7.36,0.047,1.44
40.0,2.0,0.7,1.5,3.0,0.6,2400,0.2,220,77.3,27.71,0.38,1.31,0.126,13.22,10.11,0.046,1.11
40.0,2.0,0.7,1.5,3.0,0.8,2400,0.2,220,77.3,27.64,0.38,1.31,0.126,13.05,10.04,0.046,1.11
40.0,2.0,0.7,1.5,4.5,0.6,2400,0.2,220,77.3,27.71,0.38,1.31,0.126,13.22,10.11,0.046,1.11
40.0,2.0,0.7,1.5,4.5,0.8,2400,0.2,220,77.3,27.64,0.38,1.31,0.126,13.05,10.04,0.046,1.11
40.0,3.0,0.7,1.5,3.0,0.6,7200,0.8,272,70.6,34.26,0.64,1.53,0.126,6.31,12.5,0.046,1.17
40.0,3.0,0.7,1.5,3.0,0.8,2400,0.4,276,73.2,34.65,0.56,1.54,0.126,8.91,12.57,0.046,1.18
40.0,3.0,0.7,1.5,3.0,0.8,7200,0.8,272,70.6,34.29,0.64,1.53,0.126,6.06,12.53,0.046,1.18
40.0,3.0,0.7,1.5,4.5,0.6,7200,0.8,272,70.6,34.16,0.64,1.53,0.126,6.31,12.4,0.046,1.17
40.0,3.0,0.7,1.5,4.5,0.8,2400,0.4,276,73.2,34.65,0.56,1.54,0.126,8.91,12.57,0.046,1.18
40.0,3.0,0.7,2.5,3.0,0.4,2400,0.2,162,80.9,20.41,0.3,1.28,0.126,11.21,7.44,0.046,1.1
40.0,3.0,0.7,2.5,3.0,0.8,2400,0.4,276,73.2,34.75,0.57,1.54,0.126,8.91,12.67,0.046,1.18
40.0,3.0,0.7,2.5,4.5,0.4,2400,0.2,162,80.9,20.41,0.3,1.28,0.126,11.21,7.44,0.046,1.1
40.0,3.0,0.7,2.5,4.5,0.8,2400,0.4,276,73.2,34.75,0.57,1.54,0.126,8.91,12.67,0.046,1.18
40.0,3.0,1.0,2.5,3.0,0.4,7200,0.4,136,77.2,17.13,0.36,1.22,0.126,13.99,6.25,0.046,1.08
40.0,3.0,1.0,2.5,3.0,0.4,7200,0.8,224,66.5,28.28,0.71,1.4,0.126,8.91,10.36,0.046,1.13
40.0,3.0,1.0,2.5,4.5,0.4,7200,0.4,136,77.2,17.13,0.36,1.22,0.126,13.99,6.25,0.046,1.08
40.0,3.0,1.0,2.5,4.5,0.4,7200,0.8,224,66.5,28.23,0.7,1.4,0.126,8.91,10.31,0.046,1.13
40.0,3.0,1.5,2.5,3.0,0.8,2400,0.2,125,77.6,15.77,0.35,1.2,0.126,13.52,5.77,0.046,1.07
40.0,3.0,1.5,2.5,4.5,0.8,2400,0.2,125,77.6,15.77,0.35,1.2,0.126,13.52,5.77,0.046,1.07
40.0,4.0,0.7,1.5,3.0,0.6,3600,0.2,127,85.8,16.01,0.21,1.25,0.126,12.06,5.85,0.046,1.09
40.0,4.0,0.7,1.5,3.0,0.6,7200,0.2,125,87.2,15.77,0.18,1.25,0.126,11.47,5.77,0.046,1.09
40.0,4.0,0.7,1.5,4.5,0.6,3600,0.2,127,85.8,16.01,0.21,1.25,0.126,12.06,5.85,0.046,1.09
40.0,4.0,0.7,1.5,4.5,0.6,7200,0.2,125,87.2,15.77,0.18,1.25,0.126,11.47,5.77,0.046,1.09
40.0,4.0,0.7,2.5,3.0,0.4,7200,0.4,143,85.3,18.02,0.22,1.28,0.126,12.16,6.58,0.046,1.1
40.0,4.0,0.7,2.5,4.5,0.4,7200,0.4,143,85.3,18.02,0.22,1.28,0.126,12.16,6.58,0.046,1.1
40.0,4.0,1.5,2.5,3.0,0.8,3600,0.4,127,71.7,16.0,0.5,1.26,0.126,12.54,5.84,0.046,1.09
40.0,4.0,1.5,2.5,4.5,0.8,3600,0.4,127,71.7,16.0,0.5,1.26,0.126,12.54,5.84,0.046,1.09
45.0,2.0,1.0,2.5,3.0,0.4,7200,0.4,141,71.6,17.83,0.49,1.25,0.126,10.26,6.55,0.046,1.09
45.0,2.0,1.0,2.5,3.0,0.6,3600,0.2,135,71.1,16.95,0.5,1.22,0.126,9.64,6.15,0.046,1.08
45.0,2.0,1.0,2.5,4.5,0.4,7200,0.4,141,71.6,17.83,0.49,1.25,0.126,10.26,6.55,0.046,1.09
45.0,2.0,1.0,2.5,4.5,0.6,3600,0.2,135,71.1,16.95,0.5,1.22,0.126,9.64,6.15,0.046,1.08
45.0,3.0,1.0,1.5,4.5,0.6,2400,0.4,161,72.0,20.28,0.53,1.35,0.126,8.18,7.4,0.046,1.12
45.0,3.0,1.0,1.5,4.5,0.8,2400,0.4,161,72.0,20.26,0.53,1.35,0.126,8.18,7.38,0.046,1.12
45.0,4.0,0.7,1.5,3.0,0.4,14400,0.2,95,86.3,11.94,0.2,1.24,0.126,12.84,4.34,0.046,1.08
45.0,4.0,0.7,1.5,4.5,0.4,14400,0.2,95,86.3,11.94,0.2,1.24,0.126,12.84,4.34,0.046,1.08
50.0,2.0,1.0,1.5,3.0,0.6,3600,0.4,124,67.7,15.68,0.63,1.33,0.126,6.14,5.76,0.046,1.11
50.0,3.0,0.7,2.5,3.0,0.4,14400,0.8,124,75.0,15.57,0.45,1.35,0.126,10.99,5.65,0.046,1.12
50.0,3.0,0.7,2.5,4.5,0.4,14400,0.8,124,75.0,15.57,0.45,1.35,0.126,10.99,5.65,0.046,1.12
50.0,3.0,0.7,2.5,4.5,0.6,14400,0.8,124,75.0,15.67,0.45,1.35,0.126,11.11,5.75,0.046,1.12
50.0,3.0,1.0,2.5,4.5,0.8,3600,0.4,113,74.3,14.29,0.44,1.29,0.126,10.11,5.25,0.046,1.1
50.0,4.0,0.7,1.5,4.5,0.8,7200,0.8,125,72.8,15.72,0.56,1.5,0.126,8.18,5.72,0.046,1.17
50.0,4.0,1.0,2.5,3.0,0.6,3600,0.8,156,66.7,19.73,0.82,1.64,0.126,8.0,7.25,0.046,1.2
50.0,4.0,1.0,2.5,4.5,0.6,3600,0.8,156,66.7,19.73,0.82,1.64,0.126,8.0,7.25,0.046,1.2
50.0,5.0,1.5,2.5,3.0,0.4,3600,0.8,152,66.4,19.21,0.82,1.62,0.126,5.44,7.05,0.046,1.2
50.0,5.0,1.5,2.5,4.5,0.4,3600,0.8,152,66.4,19.21,0.82,1.62,0.126,5.44,7.05,0.046,1.2
55.0,3.0,1.5,2.5,3.0,0.8,2400,0.4,105,74.3,13.19,0.48,1.38,0.126,10.77,4.79,0.046,1.13
55.0,4.0,1.0,1.5,3.0,0.4,1200,0.8,160,70.0,20.21,1.22,2.85,0.126,4.82,7.41,0.046,1.47
55.0,4.0,1.0,1.5,3.0,0.6,1200,0.8,160,70.0,20.09,1.22,2.84,0.126,4.82,7.29,0.046,1.47
55.0,4.0,1.0,1.5,3.0,0.8,1200,0.8,160,70.0,20.2,1.22,2.85,0.126,4.82,7.4,0.046,1.47
55.0,4.0,1.0,1.5,4.5,0.4,1200,0.8,160,70.0,20.21,1.22,2.85,0.126,4.82,7.41,0.046,1.47
55.0,4.0,1.0,1.5,4.5,0.6,1200,0.8,160,70.0,20.09,1.22,2.84,0.126,4.82,7.29,0.046,1.47
55.0,4.0,1.0,1.5,4.5,0.8,1200,0.8,160,70.0,20.2,1.22,2.85,0.126,4.82,7.4,0.046,1.47
55.0,4.0,1.0,2.5,3.0,0.6,1200,0.8,160,70.0,20.14,1.22,2.85,0.126,4.82,7.34,0.046,1.47
55.0,4.0,1.0,2.5,4.5,0.6,1200,0.8,160,70.0,20.14,1.22,2.85,0.126,4.82,7.34,0.046,1.47
55.0,5.0,1.5,2.5,4.5,0.8,1200,0.8,158,69.6,19.95,1.17,2.68,0.126,5.89,7.31,0.046,1.44
40.0,2.0,1.0,1.5,3.0,0.6,,0.4,148,70.3,18.52,0.51,1.21,0.125,10.04,6.68,0.045,1.07
40.0,2.0,1.0,1.5,4.5,0.6,,0.4,148,70.3,18.57,0.51,1.21,0.125,10.04,6.73,0.045,1.07
40.0,3.0,0.7,1.5,4.5,0.8,7200,0.8,272,70.6,34.14,0.64,1.53,0.126,6.06,12.38,0.045,1.17
40.0,4.0,0.7,1.5,3.0,0.8,2400,0.2,137,84.7,17.08,0.23,1.26,0.125,12.18,6.12,0.045,1.09
40.0,4.0,0.7,1.5,3.0,0.8,7200,0.2,125,87.2,15.62,0.18,1.24,0.125,11.39,5.62,0.045,1.09
40.0,4.0,0.7,1.5,4.5,0.8,2400,0.2,137,84.7,17.08,0.23,1.26,0.125,12.18,6.12,0.045,1.09
40.0,4.0,0.7,1.5,4.5,0.8,7200,0.2,125,87.2,15.62,0.18,1.24,0.125,11.39,5.62,0.045,1.09
45.0,2.0,1.0,1.5,3.0,0.6,3600,0.2,135,71.1,16.82,0.5,1.22,0.125,9.64,6.02,0.045,1.08
45.0,2.0,1.0,1.5,4.5,0.6,3600,0.2,135,71.1,16.82,0.5,1.22,0.125,9.64,6.02,0.045,1.08
45.0,2.0,1.0,2.5,3.0,0.8,3600,0.2,135,71.1,16.85,0.5,1.22,0.125,9.6,6.06,0.045,1.08
45.0,2.0,1.0,2.5,4.5,0.8,3600,0.2,135,71.1,16.85,0.5,1.22,0.125,9.6,6.06,0.045,1.08
45.0,3.0,0.7,1.5,3.0,0.4,7200,0.4,144,81.2,17.98,0.3,1.3,0.125,8.45,6.46,0.045,1.1
45.0,3.0,0.7,1.5,3.0,0.6,3600,0.2,126,83.3,15.76,0.25,1.26,0.125,8.46,5.68,0.045,1.09
45.0,3.0,0.7,1.5,3.0,0.8,3600,0.2,126,83.3,15.78,0.25,1.26,0.125,8.46,5.7,0.045,1.09
45.0,3.0,0.7,1.5,3.0,0.8,7200,0.4,144,81.2,18.02,0.3,1.3,0.125,8.35,6.5,0.045,1.1
45.0,3.0,0.7,1.5,4.5,0.4,7200,0.4,144,81.2,17.98,0.3,1.3,0.125,8.45,6.46,0.045,1.1
45.0,3.0,0.7,1.5,4.5,0.6,3600,0.2,126,83.3,15.76,0.25,1.26,0.125,8.46,5.68,0.045,1.09
45.0,3.0,0.7,1.5,4.5,0.8,3600,0.2,126,83.3,15.78,0.25,1.26,0.125,8.46,5.7,0.045,1.09
45.0,3.0,0.7,1.5,4.5,0.8,7200,0.4,144,81.2,18.02,0.3,1.3,0.125,8.35,6.5,0.045,1.1
45.0,3.0,0.7,2.5,3.0,0.6,7200,0.4,144,81.2,17.94,0.3,1.3,0.125,8.59,6.42,0.045,1.1
45.0,3.0,0.7,2.5,4.5,0.6,7200,0.4,144,81.2,17.94,0.3,1.3,0.125,8.59,6.42,0.045,1.1
45.0,4.0,1.0,1.5,3.0,0.4,3600,0.8,259,64.5,32.42,0.96,1.74,0.125,8.74,11.7,0.045,1.22
45.0,4.0,1.0,1.5,4.5,0.4,3600,0.8,259,64.5,32.42,0.96,1.74,0.125,8.74,11.7,0.045,1.22
45.0,4.0,1.0,2.5,3.0,0.4,3600,0.8,259,64.5,32.44,0.96,1.74,0.125,8.74,11.72,0.045,1.22
45.0,4.0,1.0,2.5,4.5,0.4,3600,0.8,259,64.5,32.44,0.96,1.74,0.125,8.74,11.72,0.045,1.22
45.0,5.0,1.0,2.5,3.0,0.4,2400,0.8,287,67.6,35.78,1.03,2.16,0.125,5.54,12.82,0.045,1.32
45.0,5.0,1.0,2.5,4.5,0.4,2400,0.8,287,67.6,35.78,1.03,2.16,0.125,5.54,12.82,0.045,1.32
50.0,2.0,1.0,1.5,4.5,0.6,3600,0.4,124,67.7,15.54,0.63,1.32,0.125,6.14,5.62,0.045,1.11
50.0,3.0,1.0,1.5,3.0,0.8,3600,0.4,113,74.3,14.16,0.44,1.28,0.125,10.11,5.12,0.045,1.1
50.0,3.0,1.0,2.5,3.0,0.6,3600,0.4,113,74.3,14.15,0.44,1.28,0.125,10.14,5.11,0.045,1.1
50.0,3.0,1.0,2.5,3.0,0.6,7200,0.8,137,66.4,17.16,0.71,1.4,0.125,10.93,6.2,0.045,1.13
50.0,3.0,1.0,2.5,4.5,0.6,7200,0.8,137,66.4,17.16,0.71,1.4,0.125,10.93,6.2,0.045,1.13
40.0,4.0,0.7,1.5,3.0,0.8,3600,0.2,127,85.8,15.78,0.21,1.25,0.124,12.01,5.62,0.044,1.09
40.0,4.0,0.7,1.5,4.5,0.8,3600,0.2,127,85.8,15.78,0.21,1.25,0.124,12.01,5.62,0.044,1.09
40.0,4.0,1.0,2.5,3.0,0.6,7200,0.8,191,68.6,23.76,0.63,1.38,0.124,8.0,8.48,0.044,1.12
40.0,4.0,1.0,2.5,4.5,0.6,7200,0.8,191,68.6,23.76,0.63,1.38,0.124,8.0,8.48,0.044,1.12
40.0,4.0,1.5,2.5,3.0,0.8,2400,0.8,374,64.2,46.41,1.11,1.98,0.124,8.0,16.49,0.044,1.28
40.0,4.0,1.5,2.5,4.5,0.8,2400,0.8,374,64.2,46.41,1.11,1.98,0.124,8.0,16.49,0.044,1.28
40.0,5.0,0.7,1.5,3.0,0.4,1200,0.2,149,82.6,18.44,0.28,1.33,0.124,10.0,6.52,0.044,1.11
40.0,5.0,0.7,1.5,4.5,0.4,1200,0.2,149,82.6,18.44,0.28,1.33,0.124,10.0,6.52,0.044,1.11
40.0,5.0,0.7,2.5,3.0,0.4,1200,0.2,149,82.6,18.41,0.28,1.33,0.124,10.0,6.49,0.044,1.11
40.0,5.0,0.7,2.5,3.0,0.6,7200,0.4,122,87.7,15.11,0.18,1.27,0.124,10.0,5.35,0.044,1.09
40.0,5.0,0.7,2.5,3.0,0.8,7200,0.4,122,87.7,15.07,0.18,1.27,0.124,10.0,5.31,0.044,1.09
40.0,5.0,0.7,2.5,4.5,0.4,1200,0.2,149,82.6,18.41,0.28,1.33,0.124,10.0,6.49,0.044,1.11
40.0,5.0,0.7,2.5,4.5,0.6,7200,0.4,122,87.7,15.11,0.18,1.27,0.124,10.0,5.35,0.044,1.09
40.0,5.0,0.7,2.5,4.5,0.8,7200,0.4,122,87.7,15.07,0.18,1.27,0.124,10.0,5.31,0.044,1.09
45.0,2.0,1.0,1.5,3.0,0.4,7200,0.4,141,71.6,17.48,0.49,1.24,0.124,10.26,6.2,0.044,1.08
45.0,2.0,1.0,1.5,3.0,0.8,3600,0.2,135,71.1,16.79,0.5,1.22,0.124,9.6,5.99,0.044,1.08
45.0,2.0,1.0,1.5,4.5,0.4,7200,0.4,141,71.6,17.48,0.49,1.24,0.124,10.26,6.2,0.044,1.08
45.0,2.0,1.0,1.5,4.5,0.8,3600,0.2,135,71.1,16.79,0.5,1.22,0.124,9.6,5.99,0.044,1.08
45.0,3.0,0.7,2.5,3.0,0.4,3600,0.4,180,77.8,22.34,0.4,1.39,0.124,10.67,7.94,0.044,1.13
45.0,3.0,0.7,2.5,4.5,0.4,3600,0.4,180,77.8,22.34,0.4,1.39,0.124,10.67,7.94,0.044,1.13
45.0,4.0,1.0,1.5,3.0,0.8,3600,0.8,259,64.5,32.01,0.95,1.73,0.124,8.74,11.29,0.044,1.22
45.0,4.0,1.0,1.5,4.5,0.8,3600,0.8,259,64.5,32.01,0.95,1.73,0.124,8.74,11.29,0.044,1.22
45.0,5.0,0.7,1.5,3.0,0.8,2400,0.2,83,89.2,10.31,0.15,1.26,0.124,9.47,3.67,0.044,1.09
45.0,5.0,0.7,1.5,4.5,0.8,2400,0.2,83,89.2,10.31,0.15,1.26,0.124,9.47,3.67,0.044,1.09
45.0,5.0,1.0,1.5,3.0,0.4,2400,0.8,287,67.6,35.62,1.03,2.15,0.124,5.54,12.66,0.044,1.32
45.0,5.0,1.0,1.5,4.5,0.4,2400,0.8,287,67.6,35.62,1.03,2.15,0.124,5.54,12.66,0.044,1.32
50.0,3.0,0.7,1.5,3.0,0.6,14400,0.8,124,75.0,15.37,0.45,1.34,0.124,11.11,5.45,0.044,1.11
50.0,3.0,0.7,1.5,4.5,0.6,14400,0.8,124,75.0,15.35,0.45,1.34,0.124,11.11,5.43,0.044,1.11
50.0,3.0,1.0,1.5,3.0,0.8,7200,0.8,137,66.4,17.04,0.7,1.39,0.124,10.91,6.07,0.044,1.13
50.0,3.0,1.0,1.5,4.5,0.8,3600,0.4,113,74.3,13.97,0.44,1.28,0.124,10.11,4.93,0.044,1.09
50.0,3.0,1.0,1.5,4.5,0.8,7200,0.8,137,66.4,17.04,0.7,1.39,0.124,10.91,6.07,0.044,1.13
50.0,3.0,1.0,2.5,4.5,0.6,3600,0.4,113,74.3,14.02,0.44,1.28,0.124,10.14,4.98,0.044,1.1
50.0,4.0,0.7,1.5,3.0,0.6,7200,0.8,125,72.8,15.48,0.56,1.49,0.124,8.18,5.48,0.044,1.16
55.0,3.0,0.7,2.5,3.0,0.6,7200,0.8,101,72.3,12.53,0.58,1.51,0.124,6.18,4.45,0.044,1.16
55.0,3.0,0.7,2.5,4.5,0.6,7200,0.8,101,72.3,12.53,0.58,1.51,0.124,6.18,4.45,0.044,1.16
55.0,4.0,1.0,1.5,3.0,0.4,2400,0.8,130,67.7,16.05,0.98,2.05,0.123,5.09,5.66,0.044,1.3
55.0,4.0,1.0,1.5,3.0,0.8,2400,0.8,130,67.7,16.08,0.98,2.05,0.124,5.09,5.68,0.044,1.3
55.0,4.0,1.0,1.5,4.5,0.4,2400,0.8,130,67.7,16.05,0.98,2.05,0.123,5.09,5.66,0.044,1.3
55.0,4.0,1.0,1.5,4.5,0.8,2400,0.8,130,67.7,16.08,0.98,2.05,0.124,5.09,5.68,0.044,1.3
55.0,4.0,1.0,2.5,3.0,0.4,2400,0.8,130,67.7,16.1,0.98,2.05,0.124,5.09,5.7,0.044,1.3
55.0,4.0,1.0,2.5,3.0,0.8,2400,0.8,130,67.7,16.13,0.98,2.06,0.124,5.09,5.73,0.044,1.3
55.0,4.0,1.0,2.5,4.5,0.4,2400,0.8,130,67.7,16.1,0.98,2.05,0.124,5.09,5.7,0.044,1.3
55.0,4.0,1.0,2.5,4.5,0.8,2400,0.8,130,67.7,16.13,0.98,2.06,0.124,5.09,5.73,0.044,1.3
40.0,2.0,0.7,2.5,3.0,0.4,7200,0.4,227,77.1,27.89,0.39,1.32,0.123,12.98,9.73,0.043,1.11
40.0,2.0,0.7,2.5,4.5,0.4,7200,0.4,227,77.1,27.89,0.39,1.32,0.123,12.98,9.73,0.043,1.11
40.0,3.0,0.7,2.5,3.0,0.6,2400,0.2,162,80.9,19.86,0.3,1.27,0.123,11.31,6.9,0.043,1.09
40.0,3.0,0.7,2.5,4.5,0.6,2400,0.2,162,80.9,19.86,0.3,1.27,0.123,11.31,6.9,0.043,1.09
45.0,2.0,1.0,2.5,3.0,0.8,7200,0.4,141,71.6,17.36,0.49,1.24,0.123,10.68,6.08,0.043,1.08
45.0,2.0,1.0,2.5,4.5,0.8,7200,0.4,141,71.6,17.36,0.49,1.24,0.123,10.68,6.08,0.043,1.08
45.0,3.0,0.7,1.5,3.0,0.4,3600,0.4,180,77.8,22.19,0.4,1.39,0.123,10.67,7.79,0.043,1.13
45.0,3.0,0.7,1.5,4.5,0.4,3600,0.4,180,77.8,22.19,0.4,1.39,0.123,10.67,7.79,0.043,1.13
45.0,4.0,0.7,2.5,3.0,0.4,14400,0.4,97,86.6,11.9,0.19,1.24,0.123,12.84,4.14,0.043,1.08
45.0,4.0,0.7,2.5,4.5,0.4,14400,0.4,97,86.6,11.9,0.19,1.24,0.123,12.84,4.14,0.043,1.08
45.0,4.0,1.0,1.5,3.0,0.6,3600,0.8,259,64.5,31.93,0.95,1.73,0.123,8.74,11.21,0.043,1.21
45.0,4.0,1.0,1.5,4.5,0.6,3600,0.8,259,64.5,31.93,0.95,1.73,0.123,8.74,11.21,0.043,1.21
45.0,4.0,1.0,2.5,3.0,0.6,3600,0.8,259,64.5,31.88,0.95,1.73,0.123,8.74,11.16,0.043,1.21
45.0,4.0,1.0,2.5,3.0,0.8,3600,0.8,259,64.5,31.95,0.95,1.73,0.123,8.74,11.23,0.043,1.21
45.0,4.0,1.0,2.5,4.5,0.6,3600,0.8,259,64.5,31.88,0.95,1.73,0.123,8.74,11.16,0.043,1.21
45.0,4.0,1.0,2.5,4.5,0.8,3600,0.8,259,64.5,31.95,0.95,1.73,0.123,8.74,11.23,0.043,1.21
45.0,4.0,1.5,2.5,3.0,0.4,14400,0.8,121,75.2,14.84,0.41,1.25,0.123,13.62,5.15,0.043,1.08
45.0,4.0,1.5,2.5,4.5,0.4,14400,0.8,121,75.2,14.84,0.41,1.25,0.123,13.62,5.15,0.043,1.08
45.0,5.0,0.7,1.5,3.0,0.6,2400,0.2,83,89.2,10.2,0.15,1.25,0.123,9.64,3.56,0.043,1.09
45.0,5.0,0.7,1.5,4.5,0.6,2400,0.2,83,89.2,10.2,0.15,1.25,0.123,9.64,3.56,0.043,1.09
45.0,5.0,1.0,1.5,3.0,0.6,2400,0.8,287,67.6,35.2,1.02,2.14,0.123,5.54,12.24,0.043,1.31
45.0,5.0,1.0,1.5,3.0,0.8,2400,0.8,287,67.6,35.35,1.03,2.14,0.123,5.54,12.4,0.043,1.31
45.0,5.0,1.0,1.5,4.5,0.6,2400,0.8,287,67.6,35.2,1.02,2.14,0.123,5.54,12.24,0.043,1.31
45.0,5.0,1.0,1.5,4.5,0.8,2400,0.8,287,67.6,35.35,1.03,2.14,0.123,5.54,12.4,0.043,1.31
45.0,5.0,1.0,2.5,3.0,0.6,2400,0.8,287,67.6,35.29,1.03,2.14,0.123,5.54,12.33,0.043,1.31
45.0,5.0,1.0,2.5,3.0,0.8,2400,0.2,66,83.3,8.14,0.24,1.18,0.123,17.02,2.86,0.043,1.06
45.0,5.0,1.0,2.5,3.0,0.8,2400,0.8,287,67.6,35.44,1.03,2.15,0.123,5.54,12.48,0.043,1.31
45.0,5.0,1.0,2.5,4.5,0.6,2400,0.8,287,67.6,35.29,1.03,2.14,0.123,5.54,12.33,0.043,1.31
45.0,5.0,1.0,2.5,4.5,0.8,2400,0.2,66,83.3,8.14,0.24,1.18,0.123,17.02,2.86,0.043,1.06
45.0,5.0,1.0,2.5,4.5,0.8,2400,0.8,287,67.6,35.44,1.03,2.15,0.123,5.54,12.48,0.043,1.31
50.0,3.0,0.7,1.5,3.0,0.8,14400,0.8,124,75.0,15.26,0.45,1.34,0.123,11.17,5.34,0.043,1.11
50.0,3.0,0.7,1.5,4.5,0.8,14400,0.8,124,75.0,15.24,0.45,1.34,0.123,11.17,5.32,0.043,1.11
50.0,4.0,0.7,1.5,4.5,0.6,7200,0.8,125,72.8,15.38,0.56,1.49,0.123,8.18,5.38,0.043,1.16
55.0,2.0,0.7,1.5,3.0,0.8,7200,0.2,87,77.0,10.68,0.38,1.28,0.123,8.59,3.72,0.043,1.09
55.0,2.0,0.7,1.5,4.5,0.8,7200,0.2,87,77.0,10.68,0.38,1.28,0.123,8.59,3.72,0.043,1.09
55.0,3.0,0.7,1.5,3.0,0.4,7200,0.8,101,72.3,12.42,0.58,1.5,0.123,6.03,4.34,0.043,1.16
55.0,3.0,0.7,1.5,4.5,0.4,7200,0.8,101,72.3,12.42,0.58,1.5,0.123,6.03,4.34,0.043,1.16
55.0,3.0,1.5,2.5,4.5,0.8,2400,0.4,105,74.3,12.95,0.48,1.37,0.123,10.77,4.55,0.043,1.12
55.0,4.0,1.0,2.5,3.0,0.6,2400,0.8,130,67.7,15.96,0.98,2.05,0.123,5.09,5.56,0.043,1.29
55.0,4.0,1.0,2.5,4.5,0.6,2400,0.8,130,67.7,15.96,0.98,2.05,0.123,5.09,5.56,0.043,1.29
55.0,4.0,1.5,2.5,3.0,0.6,1200,0.8,160,70.0,19.61,1.2,2.8,0.123,4.82,6.81,0.043,1.43
55.0,4.0,1.5,2.5,4.5,0.6,1200,0.8,160,70.0,19.61,1.2,2.8,0.123,4.82,6.81,0.043,1.43
40.0,2.0,1.5,2.5,3.0,0.8,14400,0.2,153,70.6,18.66,0.5,1.21,0.122,10.1,6.42,0.042,1.07
40.0,2.0,1.5,2.5,4.5,0.8,14400,0.2,153,70.6,18.63,0.5,1.21,0.122,10.1,6.39,0.042,1.07
40.0,3.0,0.7,1.5,3.0,0.4,2400,0.2,162,80.9,19.69,0.3,1.27,0.122,11.21,6.73,0.042,1.09
40.0,3.0,0.7,1.5,4.5,0.4,2400,0.2,162,80.9,19.69,0.3,1.27,0.122,11.21,6.73,0.042,1.09
40.0,4.0,1.0,2.5,3.0,0.8,7200,0.8,191,68.6,23.24,0.63,1.37,0.122,8.0,7.96,0.042,1.12
40.0,4.0,1.0,2.5,4.5,0.8,7200,0.8,191,68.6,23.24,0.63,1.37,0.122,8.0,7.96,0.042,1.12
45.0,2.0,0.7,2.5,3.0,0.4,3600,0.4,212,74.5,25.79,0.49,1.42,0.122,6.7,8.83,0.042,1.13
45.0,2.0,0.7,2.5,4.5,0.4,3600,0.4,212,74.5,25.79,0.49,1.42,0.122,6.7,8.83,0.042,1.13
45.0,2.0,1.0,1.5,3.0,0.8,2400,0.2,140,70.7,17.05,0.51,1.22,0.122,10.27,5.85,0.042,1.07
45.0,2.0,1.0,1.5,3.0,0.8,7200,0.4,141,71.6,17.22,0.49,1.24,0.122,10.68,5.94,0.042,1.08
45.0,2.0,1.0,1.5,4.5,0.8,2400,0.2,140,70.7,17.05,0.51,1.22,0.122,10.27,5.85,0.042,1.07
45.0,2.0,1.0,1.5,4.5,0.8,7200,0.4,141,71.6,17.22,0.49,1.24,0.122,10.68,5.94,0.042,1.08
45.0,2.0,1.0,2.5,3.0,0.6,2400,0.2,140,70.7,17.13,0.51,1.22,0.122,10.44,5.94,0.042,1.07
45.0,2.0,1.0,2.5,3.0,0.8,2400,0.2,140,70.7,17.11,0.51,1.22,0.122,10.27,5.91,0.042,1.07
45.0,2.0,1.0,2.5,4.5,0.6,2400,0.2,140,70.7,17.13,0.51,1.22,0.122,10.44,5.94,0.042,1.07
45.0,2.0,1.0,2.5,4.5,0.8,2400,0.2,140,70.7,17.11,0.51,1.22,0.122,10.27,5.91,0.042,1.07
45.0,3.0,0.7,2.5,3.0,0.8,3600,0.4,180,77.8,21.99,0.4,1.39,0.122,10.77,7.59,0.042,1.13
45.0,3.0,0.7,2.5,4.5,0.8,3600,0.4,180,77.8,21.99,0.4,1.39,0.122,10.77,7.59,0.042,1.13
45.0,4.0,0.7,1.5,3.0,0.4,14400,0.4,97,86.6,11.81,0.19,1.24,0.122,12.84,4.05,0.042,1.08
45.0,4.0,0.7,1.5,4.5,0.4,14400,0.4,97,86.6,11.81,0.19,1.24,0.122,12.84,4.05,0.042,1.08
45.0,5.0,1.0,2.5,3.0,0.6,2400,0.2,66,83.3,8.05,0.24,1.18,0.122,17.19,2.77,0.042,1.06
45.0,5.0,1.0,2.5,4.5,0.6,2400,0.2,66,83.3,8.05,0.24,1.18,0.122,17.19,2.77,0.042,1.06
50.0,3.0,0.7,1.5,3.0,0.4,14400,0.8,124,75.0,15.09,0.44,1.33,0.122,10.99,5.17,0.042,1.11
50.0,3.0,0.7,1.5,4.5,0.4,14400,0.8,124,75.0,15.09,0.44,1.33,0.122,10.99,5.17,0.042,1.11
50.0,3.0,1.0,1.5,3.0,0.6,3600,0.4,113,74.3,13.84,0.44,1.28,0.122,10.14,4.8,0.042,1.09
50.0,3.0,1.0,2.5,3.0,0.4,1200,0.4,190,71.6,23.27,0.63,1.59,0.122,10.82,8.07,0.042,1.18
50.0,3.0,1.0,2.5,4.5,0.4,1200,0.4,190,71.6,23.19,0.63,1.58,0.122,10.82,7.99,0.042,1.18
50.0,4.0,1.5,2.5,3.0,0.4,3600,0.8,160,65.6,19.54,0.85,1.62,0.122,8.0,6.74,0.042,1.19
50.0,4.0,1.5,2.5,4.5,0.4,3600,0.8,160,65.6,19.54,0.85,1.62,0.122,8.0,6.74,0.042,1.19
55.0,2.0,0.7,1.5,3.0,0.6,7200,0.2,87,77.0,10.64,0.38,1.28,0.122,8.53,3.68,0.042,1.09
55.0,2.0,0.7,1.5,4.5,0.6,7200,0.2,87,77.0,10.64,0.38,1.28,0.122,8.53,3.68,0.042,1.09
55.0,3.0,0.7,1.5,3.0,0.8,7200,0.8,101,72.3,12.37,0.58,1.5,0.122,6.3,4.29,0.042,1.16
55.0,3.0,0.7,1.5,4.5,0.8,7200,0.8,101,72.3,12.37,0.58,1.5,0.122,6.3,4.29,0.042,1.16
55.0,4.0,1.0,1.5,3.0,0.6,2400,0.8,130,67.7,15.91,0.97,2.04,0.122,5.09,5.51,0.042,1.29
55.0,4.0,1.0,1.5,4.5,0.6,2400,0.8,130,67.7,15.91,0.97,2.04,0.122,5.09,5.51,0.042,1.29
55.0,5.0,1.5,2.5,3.0,0.4,1200,0.8,158,69.6,19.24,1.14,2.62,0.122,5.89,6.6,0.042,1.4
55.0,5.0,1.5,2.5,4.5,0.4,1200,0.8,158,69.6,19.24,1.14,2.62,0.122,5.89,6.6,0.042,1.4
40.0,2.0,1.5,2.5,3.0,0.4,,0.4,148,68.9,17.91,0.54,1.19,0.121,11.6,6.07,0.041,1.06
40.0,2.0,1.5,2.5,4.5,0.4,,0.4,148,68.9,17.9,0.54,1.19,0.121,11.6,6.06,0.041,1.06
40.0,3.0,0.7,2.5,3.0,0.4,7200,0.4,177,81.9,21.44,0.28,1.28,0.121,11.25,7.28,0.041,1.09
40.0,3.0,0.7,2.5,4.5,0.4,7200,0.4,177,81.9,21.44,0.28,1.28,0.121,11.25,7.28,0.041,1.09
40.0,3.0,1.0,1.5,3.0,0.4,7200,0.8,224,66.5,27.21,0.7,1.39,0.121,8.91,9.29,0.041,1.12
40.0,3.0,1.0,1.5,4.5,0.4,7200,0.8,224,66.5,27.17,0.7,1.39,0.121,8.91,9.25,0.041,1.12
40.0,3.0,1.0,2.5,3.0,0.6,7200,0.8,224,66.5,27.16,0.7,1.39,0.121,9.03,9.24,0.041,1.12
40.0,3.0,1.0,2.5,4.5,0.6,7200,0.8,224,66.5,27.06,0.7,1.38,0.121,9.03,9.15,0.041,1.12
40.0,5.0,0.7,1.5,3.0,0.6,1200,0.2,149,82.6,18.01,0.28,1.32,0.121,10.0,6.1,0.041,1.1
40.0,5.0,0.7,1.5,3.0,0.6,7200,0.4,122,87.7,14.7,0.18,1.27,0.12,10.0,4.94,0.041,1.09
40.0,5.0,0.7,1.5,3.0,0.8,1200,0.2,149,82.6,18.0,0.28,1.32,0.121,10.0,6.08,0.041,1.1
40.0,5.0,0.7,1.5,3.0,0.8,7200,0.4,122,87.7,14.82,0.18,1.27,0.121,10.0,5.06,0.041,1.09
40.0,5.0,0.7,1.5,4.5,0.6,1200,0.2,149,82.6,18.01,0.28,1.32,0.121,10.0,6.1,0.041,1.1
40.0,5.0,0.7,1.5,4.5,0.6,7200,0.4,122,87.7,14.7,0.18,1.27,0.12,10.0,4.94,0.041,1.09
40.0,5.0,0.7,1.5,4.5,0.8,1200,0.2,149,82.6,18.0,0.28,1.32,0.121,10.0,6.08,0.041,1.1
40.0,5.0,0.7,1.5,4.5,0.8,7200,0.4,122,87.7,14.82,0.18,1.27,0.121,10.0,5.06,0.041,1.09
45.0,2.0,0.7,1.5,3.0,0.4,3600,0.4,212,74.5,25.72,0.49,1.42,0.121,6.7,8.76,0.041,1.13
45.0,2.0,0.7,1.5,4.5,0.4,3600,0.4,212,74.5,25.72,0.49,1.42,0.121,6.7,8.76,0.041,1.13
45.0,2.0,1.0,1.5,3.0,0.6,2400,0.2,140,70.7,17.0,0.51,1.22,0.121,10.44,5.8,0.041,1.07
45.0,2.0,1.0,1.5,3.0,0.8,14400,0.8,171,67.3,20.73,0.63,1.3,0.121,10.74,7.05,0.041,1.1
45.0,2.0,1.0,1.5,4.5,0.6,2400,0.2,140,70.7,17.0,0.51,1.22,0.121,10.44,5.8,0.041,1.07
45.0,2.0,1.0,1.5,4.5,0.8,14400,0.8,171,67.3,20.73,0.63,1.3,0.121,10.74,7.05,0.041,1.1
45.0,3.0,0.7,1.5,3.0,0.6,3600,0.4,180,77.8,21.69,0.4,1.38,0.121,10.8,7.29,0.041,1.12
45.0,3.0,0.7,1.5,3.0,0.8,3600,0.4,180,77.8,21.84,0.4,1.39,0.121,10.77,7.44,0.041,1.12
45.0,3.0,0.7,1.5,4.5,0.6,3600,0.4,180,77.8,21.69,0.4,1.38,0.121,10.8,7.29,0.041,1.12
45.0,3.0,0.7,1.5,4.5,0.8,3600,0.4,180,77.8,21.84,0.4,1.39,0.121,10.77,7.44,0.041,1.12
45.0,3.0,0.7,2.5,3.0,0.6,3600,0.4,180,77.8,21.84,0.4,1.39,0.121,10.8,7.44,0.041,1.12
45.0,3.0,0.7,2.5,4.5,0.6,3600,0.4,180,77.8,21.84,0.4,1.39,0.121,10.8,7.44,0.041,1.12
45.0,4.0,0.7,1.5,3.0,0.6,14400,0.2,95,86.3,11.54,0.2,1.23,0.121,12.96,3.94,0.041,1.08
45.0,4.0,0.7,1.5,4.5,0.6,14400,0.2,95,86.3,11.54,0.2,1.23,0.121,12.96,3.94,0.041,1.08
50.0,3.0,1.0,1.5,3.0,0.4,1200,0.4,190,71.6,22.96,0.63,1.58,0.121,10.82,7.76,0.041,1.17
50.0,3.0,1.0,1.5,3.0,0.6,7200,0.8,137,66.4,16.63,0.7,1.38,0.121,10.91,5.67,0.041,1.12
50.0,3.0,1.0,1.5,4.5,0.6,3600,0.4,113,74.3,13.7,0.44,1.28,0.121,10.14,4.66,0.041,1.09
50.0,3.0,1.0,1.5,4.5,0.6,7200,0.8,137,66.4,16.63,0.7,1.38,0.121,10.91,5.67,0.041,1.12
50.0,3.0,1.0,2.5,3.0,0.6,1200,0.4,190,71.6,23.08,0.63,1.58,0.121,10.82,7.88,0.041,1.18
50.0,3.0,1.0,2.5,3.0,0.8,1200,0.4,190,71.6,23.08,0.63,1.58,0.121,10.82,7.88,0.041,1.18
50.0,3.0,1.0,2.5,4.5,0.6,1200,0.4,190,71.6,22.95,0.63,1.58,0.121,10.82,7.75,0.041,1.17
50.0,3.0,1.0,2.5,4.5,0.8,1200,0.4,190,71.6,22.9,0.63,1.58,0.121,10.82,7.7,0.041,1.17
50.0,3.0,1.5,2.5,3.0,0.8,1200,0.4,192,70.3,23.25,0.67,1.58,0.121,10.34,7.89,0.041,1.17
55.0,5.0,1.0,1.5,3.0,0.4,1200,0.8,158,69.6,19.14,1.14,2.61,0.121,5.89,6.5,0.041,1.39
55.0,5.0,1.0,1.5,3.0,0.8,1200,0.8,158,69.6,19.13,1.14,2.61,0.121,5.89,6.49,0.041,1.39
55.0,5.0,1.0,1.5,4.5,0.4,1200,0.8,158,69.6,19.14,1.14,2.61,0.121,5.89,6.5,0.041,1.39
55.0,5.0,1.0,1.5,4.5,0.8,1200,0.8,158,69.6,19.13,1.14,2.61,0.121,5.89,6.49,0.041,1.39
55.0,5.0,1.0,2.5,3.0,0.4,1200,0.8,158,69.6,19.18,1.14,2.61,0.121,5.89,6.54,0.041,1.39
55.0,5.0,1.0,2.5,3.0,0.6,1200,0.8,158,69.6,19.06,1.14,2.6,0.121,5.89,6.42,0.041,1.39
55.0,5.0,1.0,2.5,3.0,0.8,1200,0.8,158,69.6,19.17,1.14,2.61,0.121,5.89,6.53,0.041,1.39
55.0,5.0,1.0,2.5,4.5,0.4,1200,0.8,158,69.6,19.18,1.14,2.61,0.121,5.89,6.54,0.041,1.39
55.0,5.0,1.0,2.5,4.5,0.6,1200,0.8,158,69.6,19.06,1.14,2.6,0.121,5.89,6.42,0.041,1.39
55.0,5.0,1.0,2.5,4.5,0.8,1200,0.8,158,69.6,19.17,1.14,2.61,0.121,5.89,6.53,0.041,1.39
40.0,3.0,0.7,2.5,3.0,0.8,2400,0.2,162,80.9,19.5,0.3,1.27,0.12,11.31,6.53,0.04,1.09
40.0,3.0,0.7,2.5,4.5,0.8,2400,0.2,162,80.9,19.5,0.3,1.27,0.12,11.31,6.53,0.04,1.09
40.0,3.0,1.0,2.5,3.0,0.8,7200,0.8,224,66.5,26.8,0.69,1.38,0.12,9.15,8.88,0.04,1.12
40.0,4.0,0.7,1.5,3.0,0.4,3600,0.8,378,67.5,45.25,0.87,1.8,0.12,8.0,15.01,0.04,1.22
40.0,4.0,0.7,1.5,3.0,0.4,7200,0.4,143,85.3,17.18,0.22,1.27,0.12,12.16,5.74,0.04,1.09
40.0,4.0,0.7,1.5,4.5,0.4,3600,0.8,378,67.5,45.25,0.87,1.8,0.12,8.0,15.01,0.04,1.22
40.0,4.0,0.7,1.5,4.5,0.4,7200,0.4,143,85.3,17.18,0.22,1.27,0.12,12.16,5.74,0.04,1.09
40.0,4.0,0.7,2.5,3.0,0.4,3600,0.8,378,67.5,45.46,0.87,1.8,0.12,8.0,15.22,0.04,1.22
40.0,4.0,0.7,2.5,4.5,0.4,3600,0.8,378,67.5,45.46,0.87,1.8,0.12,8.0,15.22,0.04,1.22
40.0,4.0,1.0,1.5,3.0,0.6,7200,0.8,191,68.6,22.94,0.63,1.37,0.12,8.0,7.66,0.04,1.11
40.0,4.0,1.0,1.5,4.5,0.6,7200,0.8,191,68.6,22.94,0.63,1.37,0.12,8.0,7.66,0.04,1.11
40.0,4.0,1.5,2.5,3.0,0.4,2400,0.8,387,64.1,46.48,1.1,1.96,0.12,8.0,15.52,0.04,1.25
40.0,4.0,1.5,2.5,3.0,0.6,2400,0.4,156,69.2,18.78,0.58,1.31,0.12,9.77,6.3,0.04,1.1
40.0,4.0,1.5,2.5,4.5,0.4,2400,0.8,387,64.1,46.48,1.1,1.96,0.12,8.0,15.52,0.04,1.25
40.0,4.0,1.5,2.5,4.5,0.6,14400,0.8,136,71.3,16.3,0.5,1.24,0.12,11.96,5.42,0.04,1.08
40.0,5.0,0.7,2.5,3.0,0.6,1200,0.2,149,82.6,17.93,0.28,1.32,0.12,10.0,6.01,0.04,1.1
40.0,5.0,0.7,2.5,3.0,0.8,1200,0.2,149,82.6,17.91,0.28,1.32,0.12,10.0,5.99,0.04,1.1
40.0,5.0,0.7,2.5,4.5,0.6,1200,0.2,149,82.6,17.93,0.28,1.32,0.12,10.0,6.01,0.04,1.1
40.0,5.0,0.7,2.5,4.5,0.8,1200,0.2,149,82.6,17.91,0.28,1.32,0.12,10.0,5.99,0.04,1.1
40.0,5.0,1.5,2.5,3.0,0.4,2400,0.8,309,63.8,37.08,1.11,1.95,0.12,6.8,12.36,0.04,1.25
40.0,5.0,1.5,2.5,4.5,0.4,2400,0.8,309,63.8,37.08,1.11,1.95,0.12,6.8,12.36,0.04,1.25
45.0,2.0,0.7,1.5,3.0,0.8,3600,0.4,212,74.5,25.36,0.48,1.42,0.12,6.78,8.4,0.04,1.13
45.0,2.0,0.7,1.5,4.5,0.8,3600,0.4,212,74.5,25.36,0.48,1.42,0.12,6.78,8.4,0.04,1.13
45.0,2.0,0.7,2.5,3.0,0.8,3600,0.4,212,74.5,25.43,0.48,1.42,0.12,6.78,8.47,0.04,1.13
45.0,2.0,0.7,2.5,4.5,0.8,3600,0.4,212,74.5,25.43,0.48,1.42,0.12,6.78,8.47,0.04,1.13
45.0,2.0,1.0,2.5,3.0,0.8,14400,0.8,171,67.3,20.59,0.63,1.3,0.12,10.74,6.91,0.04,1.09
45.0,2.0,1.0,2.5,4.5,0.8,14400,0.8,171,67.3,20.59,0.63,1.3,0.12,10.74,6.91,0.04,1.09
45.0,3.0,0.7,1.5,3.0,0.6,7200,0.4,144,81.2,17.27,0.3,1.28,0.12,8.59,5.75,0.04,1.09
45.0,3.0,0.7,1.5,4.5,0.6,7200,0.4,144,81.2,17.27,0.3,1.28,0.12,8.59,5.75,0.04,1.09
45.0,3.0,1.0,2.5,3.0,0.4,7200,0.8,180,68.3,21.54,0.64,1.38,0.12,11.61,7.14,0.04,1.12
45.0,4.0,1.0,2.5,3.0,0.8,7200,0.4,97,78.4,11.69,0.33,1.21,0.121,13.25,3.93,0.04,1.07
45.0,4.0,1.0,2.5,4.5,0.8,7200,0.4,97,78.4,11.69,0.33,1.21,0.121,13.25,3.93,0.04,1.07
45.0,4.0,1.5,2.5,3.0,0.4,2400,0.8,310,66.1,37.17,1.01,1.97,0.12,8.43,12.37,0.04,1.26
45.0,4.0,1.5,2.5,4.5,0.4,2400,0.8,310,66.1,37.17,1.01,1.97,0.12,8.43,12.37,0.04,1.26
50.0,3.0,1.0,1.5,3.0,0.6,1200,0.4,190,71.6,22.77,0.63,1.57,0.12,10.82,7.57,0.04,1.17
50.0,3.0,1.0,1.5,3.0,0.8,1200,0.4,190,71.6,22.77,0.63,1.57,0.12,10.82,7.57,0.04,1.17
50.0,3.0,1.0,1.5,4.5,0.4,1200,0.4,190,71.6,22.87,0.63,1.58,0.12,10.82,7.67,0.04,1.17
50.0,3.0,1.5,2.5,4.5,0.8,1200,0.4,192,70.3,23.01,0.66,1.57,0.12,10.34,7.65,0.04,1.17
50.0,5.0,1.5,2.5,3.0,0.8,2400,0.8,173,68.2,20.77,0.85,1.83,0.12,5.24,6.93,0.04,1.23
50.0,5.0,1.5,2.5,4.5,0.8,2400,0.8,173,68.2,20.72,0.85,1.83,0.12,5.24,6.88,0.04,1.23
55.0,4.0,0.7,1.5,3.0,0.4,3600,0.8,116,62.9,13.88,1.11,1.88,0.12,5.15,4.6,0.04,1.23
55.0,4.0,0.7,1.5,4.5,0.4,3600,0.8,116,62.9,13.88,1.11,1.88,0.12,5.15,4.6,0.04,1.23
55.0,5.0,1.0,1.5,3.0,0.6,1200,0.8,158,69.6,19.02,1.13,2.6,0.12,5.89,6.38,0.04,1.38
55.0,5.0,1.0,1.5,4.5,0.6,1200,0.8,158,69.6,19.02,1.13,2.6,0.12,5.89,6.38,0.04,1.38
40.0,2.0,0.7,1.5,3.0,0.4,7200,0.4,227,77.1,27.08,0.39,1.31,0.119,12.98,8.92,0.039,1.1
40.0,2.0,0.7,1.5,4.5,0.4,7200,0.4,227,77.1,27.08,0.39,1.31,0.119,12.98,8.92,0.039,1.1
40.0,3.0,0.7,1.5,3.0,0.6,2400,0.2,162,80.9,19.22,0.3,1.26,0.119,11.31,6.26,0.039,1.08
40.0,3.0,0.7,1.5,4.5,0.6,2400,0.2,162,80.9,19.22,0.3,1.26,0.119,11.31,6.26,0.039,1.08
40.0,3.0,1.0,1.5,3.0,0.4,7200,0.4,136,77.2,16.12,0.36,1.21,0.119,13.99,5.24,0.039,1.06
40.0,3.0,1.0,1.5,4.5,0.4,7200,0.4,136,77.2,16.12,0.36,1.21,0.119,13.99,5.24,0.039,1.06
40.0,3.0,1.0,2.5,4.5,0.8,7200,0.8,224,66.5,26.73,0.69,1.38,0.119,9.15,8.81,0.039,1.11
40.0,4.0,1.0,1.5,3.0,0.8,7200,0.8,191,68.6,22.74,0.62,1.36,0.119,8.0,7.46,0.039,1.11
40.0,4.0,1.0,1.5,4.5,0.8,7200,0.8,191,68.6,22.74,0.62,1.36,0.119,8.0,7.46,0.039,1.11
40.0,4.0,1.5,2.5,3.0,0.6,14400,0.8,136,71.3,16.17,0.5,1.24,0.119,11.96,5.29,0.039,1.07
40.0,4.0,1.5,2.5,4.5,0.6,2400,0.4,156,69.2,18.64,0.58,1.31,0.119,9.77,6.16,0.039,1.1
45.0,2.0,0.7,1.5,3.0,0.6,3600,0.4,212,74.5,25.21,0.48,1.41,0.119,6.82,8.25,0.039,1.13
45.0,2.0,0.7,1.5,4.5,0.6,3600,0.4,212,74.5,25.21,0.48,1.41,0.119,6.82,8.25,0.039,1.13
45.0,2.0,0.7,2.5,3.0,0.6,3600,0.4,212,74.5,25.28,0.48,1.41,0.119,6.82,8.32,0.039,1.13
45.0,2.0,0.7,2.5,4.5,0.6,3600,0.4,212,74.5,25.28,0.48,1.41,0.119,6.82,8.32,0.039,1.13
45.0,2.0,1.0,2.5,3.0,0.4,1200,0.2,155,67.7,18.49,0.6,1.26,0.119,10.28,6.09,0.039,1.08
45.0,2.0,1.0,2.5,3.0,0.6,7200,0.4,141,71.6,16.81,0.49,1.23,0.119,10.5,5.53,0.039,1.07
45.0,2.0,1.0,2.5,4.5,0.4,1200,0.2,155,67.7,18.49,0.6,1.26,0.119,10.28,6.09,0.039,1.08
45.0,2.0,1.0,2.5,4.5,0.6,7200,0.4,141,71.6,16.81,0.49,1.23,0.119,10.5,5.53,0.039,1.07
45.0,3.0,1.0,2.5,4.5,0.4,7200,0.8,180,68.3,21.5,0.64,1.38,0.119,11.61,7.1,0.039,1.12
45.0,4.0,1.0,2.5,3.0,0.4,7200,0.4,97,78.4,11.54,0.33,1.2,0.119,13.07,3.78,0.039,1.06
45.0,4.0,1.0,2.5,4.5,0.4,7200,0.4,97,78.4,11.54,0.33,1.2,0.119,13.07,3.78,0.039,1.06
45.0,4.0,1.5,2.5,3.0,0.6,2400,0.8,306,66.3,36.5,0.99,1.96,0.119,8.43,12.02,0.039,1.25
45.0,4.0,1.5,2.5,4.5,0.6,2400,0.8,306,66.3,36.5,0.99,1.96,0.119,8.43,12.02,0.039,1.25
50.0,3.0,1.0,1.5,4.5,0.6,1200,0.4,190,71.6,22.63,0.62,1.57,0.119,10.82,7.43,0.039,1.16
50.0,3.0,1.0,1.5,4.5,0.8,1200,0.4,190,71.6,22.58,0.62,1.57,0.119,10.82,7.38,0.039,1.16
55.0,2.0,1.5,2.5,3.0,0.6,1200,0.4,139,71.9,16.48,0.64,1.63,0.119,5.32,5.36,0.039,1.18
55.0,3.0,1.5,2.5,3.0,0.8,1200,0.4,136,72.8,16.12,0.58,1.55,0.119,8.98,5.24,0.039,1.16
55.0,4.0,0.7,2.5,3.0,0.4,3600,0.8,116,62.9,13.84,1.1,1.87,0.119,5.19,4.56,0.039,1.23
55.0,4.0,0.7,2.5,4.5,0.4,3600,0.8,116,62.9,13.84,1.1,1.87,0.119,5.19,4.56,0.039,1.23
40.0,2.0,1.5,2.5,3.0,0.4,14400,0.8,199,64.8,23.56,0.7,1.28,0.118,9.68,7.64,0.038,1.09
40.0,2.0,1.5,2.5,4.5,0.4,14400,0.8,199,64.8,23.5,0.7,1.28,0.118,9.68,7.58,0.038,1.09
40.0,3.0,0.7,1.5,3.0,0.8,14400,0.4,157,82.8,18.47,0.26,1.25,0.118,10.16,5.91,0.038,1.08
40.0,3.0,0.7,1.5,4.5,0.8,14400,0.4,157,82.8,18.5,0.26,1.25,0.118,10.16,5.94,0.038,1.08
40.0,3.0,1.5,2.5,3.0,0.8,3600,0.8,366,63.1,43.09,0.96,1.64,0.118,6.56,13.81,0.038,1.17
40.0,3.0,1.5,2.5,4.5,0.8,3600,0.8,366,63.1,43.09,0.96,1.64,0.118,6.56,13.81,0.038,1.17
40.0,4.0,0.7,1.5,3.0,0.6,3600,0.8,378,67.5,44.45,0.86,1.78,0.118,8.0,14.21,0.038,1.21
40.0,4.0,0.7,1.5,4.5,0.6,3600,0.8,378,67.5,44.45,0.86,1.78,0.118,8.0,14.21,0.038,1.21
40.0,4.0,0.7,2.5,3.0,0.6,3600,0.8,378,67.5,44.53,0.86,1.79,0.118,8.0,14.29,0.038,1.21
40.0,4.0,0.7,2.5,4.5,0.6,3600,0.8,378,67.5,44.53,0.86,1.79,0.118,8.0,14.29,0.038,1.21
45.0,2.0,1.0,1.5,3.0,0.4,1200,0.2,155,67.7,18.23,0.6,1.26,0.118,10.28,5.83,0.038,1.08
45.0,2.0,1.0,1.5,4.5,0.4,1200,0.2,155,67.7,18.23,0.6,1.26,0.118,10.28,5.83,0.038,1.08
45.0,3.0,1.0,2.5,3.0,0.8,7200,0.8,180,68.3,21.24,0.64,1.38,0.118,11.57,6.84,0.038,1.11
45.0,3.0,1.0,2.5,4.5,0.8,7200,0.8,180,68.3,21.17,0.64,1.38,0.118,11.57,6.77,0.038,1.11
45.0,4.0,0.7,1.5,3.0,0.6,14400,0.4,97,86.6,11.41,0.19,1.23,0.118,12.96,3.65,0.038,1.07
45.0,4.0,0.7,1.5,4.5,0.6,14400,0.4,97,86.6,11.41,0.19,1.23,0.118,12.96,3.65,0.038,1.07
45.0,4.0,0.7,2.5,3.0,0.6,14400,0.2,95,86.3,11.23,0.19,1.22,0.118,12.96,3.64,0.038,1.07
45.0,4.0,0.7,2.5,4.5,0.6,14400,0.2,95,86.3,11.23,0.19,1.22,0.118,12.96,3.64,0.038,1.07
45.0,5.0,1.0,1.5,3.0,0.8,2400,0.2,66,83.3,7.79,0.23,1.17,0.118,17.02,2.52,0.038,1.05
45.0,5.0,1.0,1.5,4.5,0.8,2400,0.2,66,83.3,7.79,0.23,1.17,0.118,17.02,2.52,0.038,1.05
55.0,2.0,1.5,2.5,4.5,0.6,1200,0.4,139,71.9,16.34,0.63,1.62,0.118,5.32,5.22,0.038,1.17
55.0,3.0,0.7,2.5,3.0,0.4,2400,0.2,85,83.5,10.01,0.26,1.3,0.118,8.58,3.21,0.038,1.09
55.0,3.0,0.7,2.5,4.5,0.4,2400,0.2,85,83.5,10.01,0.26,1.3,0.118,8.58,3.21,0.038,1.09
55.0,4.0,0.7,1.5,3.0,0.6,3600,0.8,116,62.9,13.64,1.1,1.86,0.118,5.15,4.36,0.038,1.22
55.0,4.0,0.7,1.5,3.0,0.8,3600,0.8,116,62.9,13.74,1.1,1.87,0.118,5.15,4.46,0.038,1.23
55.0,4.0,0.7,1.5,4.5,0.6,3600,0.8,116,62.9,13.64,1.1,1.86,0.118,5.15,4.36,0.038,1.22
55.0,4.0,0.7,1.5,4.5,0.8,3600,0.8,116,62.9,13.74,1.1,1.87,0.118,5.15,4.46,0.038,1.23
55.0,4.0,0.7,2.5,3.0,0.8,3600,0.8,116,62.9,13.7,1.1,1.87,0.118,5.19,4.42,0.038,1.23
55.0,4.0,0.7,2.5,4.5,0.8,3600,0.8,116,62.9,13.7,1.1,1.87,0.118,5.19,4.42,0.038,1.23
40.0,2.0,1.5,2.5,3.0,0.6,7200,0.2,150,69.3,17.54,0.53,1.19,0.117,9.81,5.54,0.037,1.06
40.0,2.0,1.5,2.5,4.5,0.6,7200,0.2,150,69.3,17.54,0.53,1.19,0.117,9.81,5.54,0.037,1.06
40.0,3.0,0.7,1.5,3.0,0.8,2400,0.2,162,80.9,18.92,0.3,1.26,0.117,11.31,5.96,0.037,1.08
40.0,3.0,0.7,1.5,4.5,0.8,2400,0.2,162,80.9,18.92,0.3,1.26,0.117,11.31,5.96,0.037,1.08
40.0,3.0,1.0,1.5,3.0,0.6,7200,0.8,224,66.5,26.21,0.69,1.37,0.117,9.03,8.29,0.037,1.11
40.0,3.0,1.0,1.5,3.0,0.8,7200,0.8,224,66.5,26.1,0.69,1.37,0.117,9.15,8.18,0.037,1.11
40.0,3.0,1.0,1.5,4.5,0.6,7200,0.8,224,66.5,26.12,0.69,1.37,0.117,9.03,8.2,0.037,1.11
40.0,3.0,1.0,2.5,3.0,0.6,7200,0.4,136,77.2,15.87,0.35,1.2,0.117,13.99,4.99,0.037,1.06
40.0,3.0,1.0,2.5,4.5,0.6,7200,0.4,136,77.2,15.87,0.35,1.2,0.117,13.99,4.99,0.037,1.06
40.0,3.0,1.5,2.5,3.0,0.6,3600,0.8,373,63.0,43.7,0.96,1.63,0.117,6.36,13.86,0.037,1.17
40.0,3.0,1.5,2.5,4.5,0.6,3600,0.8,373,63.0,43.7,0.96,1.63,0.117,6.36,13.86,0.037,1.17
40.0,4.0,0.7,1.5,3.0,0.8,3600,0.8,378,67.5,44.14,0.86,1.78,0.117,8.0,13.9,0.037,1.2
40.0,4.0,0.7,1.5,4.5,0.8,3600,0.8,378,67.5,44.14,0.86,1.78,0.117,8.0,13.9,0.037,1.2
40.0,4.0,0.7,2.5,3.0,0.8,3600,0.8,378,67.5,44.07,0.86,1.78,0.117,8.0,13.83,0.037,1.2
40.0,4.0,0.7,2.5,4.5,0.8,3600,0.8,378,67.5,44.07,0.86,1.78,0.117,8.0,13.83,0.037,1.2
45.0,2.0,1.0,1.5,3.0,0.6,7200,0.4,141,71.6,16.53,0.49,1.23,0.117,10.5,5.25,0.037,1.07
45.0,2.0,1.0,1.5,4.5,0.6,7200,0.4,141,71.6,16.53,0.49,1.23,0.117,10.5,5.25,0.037,1.07
45.0,2.0,1.5,2.5,3.0,0.8,1200,0.2,145,69.0,16.99,0.56,1.25,0.117,12.33,5.39,0.037,1.08
45.0,2.0,1.5,2.5,4.5,0.8,1200,0.2,145,69.0,16.99,0.56,1.25,0.117,12.33,5.39,0.037,1.08
45.0,4.0,1.5,2.5,3.0,0.6,1200,0.4,210,72.9,24.67,0.6,1.61,0.117,8.0,7.87,0.037,1.17
45.0,4.0,1.5,2.5,3.0,0.8,2400,0.8,302,66.6,35.32,0.98,1.94,0.117,8.43,11.15,0.037,1.24
45.0,4.0,1.5,2.5,4.5,0.6,1200,0.4,210,72.9,24.53,0.6,1.6,0.117,8.0,7.73,0.037,1.17
45.0,4.0,1.5,2.5,4.5,0.8,2400,0.8,302,66.6,35.32,0.98,1.94,0.117,8.43,11.15,0.037,1.24
45.0,5.0,1.0,1.5,3.0,0.6,2400,0.2,66,83.3,7.7,0.23,1.17,0.117,17.19,2.42,0.037,1.05
45.0,5.0,1.0,1.5,4.5,0.6,2400,0.2,66,83.3,7.7,0.23,1.17,0.117,17.19,2.42,0.037,1.05
55.0,2.0,0.7,2.5,3.0,0.4,14400,0.8,98,72.4,11.42,0.5,1.32,0.117,5.64,3.58,0.037,1.09
55.0,2.0,0.7,2.5,4.5,0.4,14400,0.8,98,72.4,11.42,0.5,1.32,0.117,5.64,3.58,0.037,1.09
55.0,3.0,0.7,1.5,3.0,0.6,7200,0.8,101,72.3,11.83,0.57,1.48,0.117,6.18,3.75,0.037,1.14
55.0,3.0,0.7,1.5,4.5,0.6,7200,0.8,101,72.3,11.83,0.57,1.48,0.117,6.18,3.75,0.037,1.14
55.0,3.0,0.7,2.5,3.0,0.8,2400,0.2,85,83.5,9.96,0.26,1.3,0.117,8.53,3.16,0.037,1.09
55.0,3.0,0.7,2.5,4.5,0.8,2400,0.2,85,83.5,9.96,0.26,1.3,0.117,8.53,3.16,0.037,1.09
55.0,3.0,1.5,2.5,4.5,0.8,1200,0.4,136,72.8,15.88,0.58,1.54,0.117,8.98,5.0,0.037,1.15
55.0,4.0,0.7,2.5,3.0,0.6,3600,0.8,116,62.9,13.6,1.1,1.86,0.117,5.19,4.32,0.037,1.22
55.0,4.0,0.7,2.5,4.5,0.6,3600,0.8,116,62.9,13.6,1.1,1.86,0.117,5.19,4.32,0.037,1.22
55.0,5.0,1.5,2.5,3.0,0.6,1200,0.8,158,69.6,18.54,1.12,2.56,0.117,5.89,5.9,0.037,1.36
55.0,5.0,1.5,2.5,4.5,0.6,1200,0.8,158,69.6,18.54,1.12,2.56,0.117,5.89,5.9,0.037,1.36
40.0,2.0,0.7,2.5,3.0,0.6,7200,0.4,227,77.1,26.41,0.39,1.3,0.116,13.1,8.25,0.036,1.09
40.0,2.0,0.7,2.5,3.0,0.8,7200,0.4,227,77.1,26.33,0.39,1.3,0.116,13.16,8.17,0.036,1.09
40.0,2.0,0.7,2.5,4.5,0.6,7200,0.4,227,77.1,26.41,0.39,1.3,0.116,13.1,8.25,0.036,1.09
40.0,2.0,0.7,2.5,4.5,0.8,7200,0.4,227,77.1,26.33,0.39,1.3,0.116,13.16,8.17,0.036,1.09
40.0,3.0,1.0,1.5,4.5,0.8,7200,0.8,224,66.5,26.03,0.69,1.37,0.116,9.15,8.11,0.036,1.11
40.0,4.0,0.7,2.5,3.0,0.6,7200,0.4,143,85.3,16.64,0.22,1.26,0.116,12.28,5.2,0.036,1.08
40.0,4.0,0.7,2.5,3.0,0.8,7200,0.4,143,85.3,16.57,0.22,1.26,0.116,12.2,5.13,0.036,1.08
40.0,4.0,0.7,2.5,4.5,0.6,7200,0.4,143,85.3,16.64,0.22,1.26,0.116,12.28,5.2,0.036,1.08
40.0,4.0,0.7,2.5,4.5,0.8,7200,0.4,143,85.3,16.57,0.22,1.26,0.116,12.2,5.13,0.036,1.08
45.0,2.0,1.0,1.5,3.0,0.4,14400,0.8,171,66.7,19.91,0.64,1.28,0.116,9.61,6.23,0.036,1.08
45.0,2.0,1.0,1.5,4.5,0.4,14400,0.8,171,66.7,19.91,0.64,1.28,0.116,9.61,6.23,0.036,1.08
50.0,4.0,0.7,1.5,3.0,0.4,1200,0.4,192,75.5,22.2,0.59,1.81,0.116,8.0,6.84,0.036,1.21
50.0,4.0,0.7,1.5,3.0,0.8,1200,0.4,192,75.5,22.19,0.59,1.81,0.116,8.0,6.83,0.036,1.21
50.0,4.0,0.7,1.5,4.5,0.4,1200,0.4,192,75.5,22.2,0.59,1.81,0.116,8.0,6.84,0.036,1.21
50.0,4.0,0.7,1.5,4.5,0.8,1200,0.4,192,75.5,22.19,0.59,1.81,0.116,8.0,6.83,0.036,1.21
50.0,4.0,0.7,2.5,3.0,0.4,1200,0.4,192,75.5,22.2,0.59,1.81,0.116,8.0,6.84,0.036,1.21
50.0,4.0,0.7,2.5,3.0,0.8,1200,0.4,192,75.5,22.19,0.59,1.81,0.116,8.0,6.83,0.036,1.21
50.0,4.0,0.7,2.5,4.5,0.4,1200,0.4,192,75.5,22.2,0.59,1.81,0.116,8.0,6.84,0.036,1.21
50.0,4.0,0.7,2.5,4.5,0.8,1200,0.4,192,75.5,22.19,0.59,1.81,0.116,8.0,6.83,0.036,1.21
55.0,3.0,0.7,2.5,3.0,0.6,2400,0.2,85,83.5,9.84,0.26,1.3,0.116,8.7,3.04,0.036,1.09
55.0,3.0,0.7,2.5,4.5,0.6,2400,0.2,85,83.5,9.84,0.26,1.3,0.116,8.7,3.04,0.036,1.09
55.0,4.0,1.5,2.5,3.0,0.4,2400,0.8,130,67.7,15.04,0.95,1.99,0.116,4.68,4.65,0.036,1.24
55.0,4.0,1.5,2.5,3.0,0.6,2400,0.8,130,67.7,15.04,0.95,1.99,0.116,4.68,4.64,0.036,1.24
55.0,4.0,1.5,2.5,4.5,0.4,2400,0.8,130,67.7,15.04,0.95,1.99,0.116,4.68,4.65,0.036,1.24
55.0,4.0,1.5,2.5,4.5,0.6,2400,0.8,130,67.7,15.04,0.95,1.99,0.116,4.68,4.64,0.036,1.24
40.0,2.0,1.5,2.5,3.0,0.4,7200,0.4,167,69.5,19.15,0.53,1.21,0.115,11.89,5.79,0.035,1.06
40.0,2.0,1.5,2.5,3.0,0.8,14400,0.8,195,65.6,22.44,0.67,1.28,0.115,10.69,6.84,0.035,1.08
40.0,2.0,1.5,2.5,4.5,0.4,7200,0.4,167,69.5,19.15,0.53,1.21,0.115,11.89,5.79,0.035,1.06
40.0,3.0,0.7,1.5,3.0,0.4,7200,0.4,177,81.9,20.42,0.28,1.27,0.115,11.25,6.25,0.035,1.08
40.0,3.0,0.7,1.5,4.5,0.4,7200,0.4,177,81.9,20.42,0.28,1.27,0.115,11.25,6.25,0.035,1.08
40.0,3.0,0.7,2.5,3.0,0.6,7200,0.4,177,81.9,20.32,0.28,1.27,0.115,11.25,6.16,0.035,1.08
40.0,3.0,0.7,2.5,4.5,0.6,7200,0.4,177,81.9,20.32,0.28,1.27,0.115,11.25,6.16,0.035,1.08
40.0,3.0,1.0,2.5,3.0,0.8,7200,0.4,136,77.2,15.67,0.35,1.2,0.115,13.99,4.79,0.035,1.06
40.0,3.0,1.0,2.5,4.5,0.8,7200,0.4,136,77.2,15.67,0.35,1.2,0.115,13.99,4.79,0.035,1.06
40.0,3.0,1.5,2.5,3.0,0.4,3600,0.8,376,63.6,43.17,0.93,1.63,0.115,6.97,13.09,0.035,1.16
40.0,3.0,1.5,2.5,4.5,0.4,3600,0.8,376,63.6,43.17,0.93,1.63,0.115,6.97,13.09,0.035,1.16
45.0,2.0,1.0,2.5,3.0,0.4,14400,0.8,171,66.7,19.72,0.64,1.27,0.115,9.61,6.04,0.035,1.08
45.0,2.0,1.0,2.5,4.5,0.4,14400,0.8,171,66.7,19.72,0.64,1.27,0.115,9.61,6.04,0.035,1.08
45.0,3.0,1.0,2.5,3.0,0.6,7200,0.8,180,68.3,20.76,0.63,1.37,0.115,11.78,6.36,0.035,1.1
45.0,3.0,1.0,2.5,4.5,0.6,7200,0.8,180,68.3,20.66,0.63,1.37,0.115,11.78,6.26,0.035,1.1
50.0,3.0,1.5,2.5,3.0,0.6,1200,0.4,196,70.9,22.62,0.64,1.57,0.115,10.34,6.94,0.035,1.15
50.0,3.0,1.5,2.5,4.5,0.6,1200,0.4,196,70.9,22.48,0.64,1.56,0.115,10.34,6.8,0.035,1.15
50.0,4.0,0.7,1.5,3.0,0.6,1200,0.4,192,75.5,22.08,0.59,1.81,0.115,8.0,6.72,0.035,1.21
50.0,4.0,0.7,1.5,4.5,0.6,1200,0.4,192,75.5,22.08,0.59,1.81,0.115,8.0,6.72,0.035,1.21
50.0,4.0,0.7,2.5,3.0,0.6,1200,0.4,192,75.5,22.08,0.59,1.81,0.115,8.0,6.72,0.035,1.21
50.0,4.0,0.7,2.5,4.5,0.6,1200,0.4,192,75.5,22.08,0.59,1.81,0.115,8.0,6.72,0.035,1.21
55.0,2.0,0.7,2.5,3.0,0.4,3600,0.2,89,75.3,10.23,0.42,1.27,0.115,8.41,3.11,0.035,1.08
55.0,2.0,0.7,2.5,4.5,0.4,3600,0.2,89,75.3,10.23,0.42,1.27,0.115,8.41,3.11,0.035,1.08
40.0,2.0,0.7,1.5,3.0,0.8,7200,0.4,227,77.1,25.9,0.38,1.3,0.114,13.16,7.74,0.034,1.08
40.0,2.0,0.7,1.5,4.5,0.8,7200,0.4,227,77.1,25.9,0.38,1.3,0.114,13.16,7.74,0.034,1.08
40.0,2.0,1.5,2.5,4.5,0.8,14400,0.8,195,65.6,22.21,0.67,1.27,0.114,10.69,6.61,0.034,1.08
40.0,3.0,0.7,2.5,3.0,0.8,7200,0.4,177,81.9,20.26,0.28,1.27,0.114,11.25,6.1,0.034,1.08
40.0,3.0,0.7,2.5,4.5,0.8,7200,0.4,177,81.9,20.26,0.28,1.27,0.114,11.25,6.1,0.034,1.08
40.0,3.0,1.5,2.5,3.0,0.6,3600,0.4,159,72.3,18.1,0.47,1.24,0.114,13.52,5.38,0.034,1.07
40.0,3.0,1.5,2.5,4.5,0.6,3600,0.4,159,72.3,18.1,0.47,1.24,0.114,13.52,5.38,0.034,1.07
45.0,2.0,0.7,2.5,3.0,0.8,14400,0.8,192,71.4,21.95,0.54,1.34,0.114,11.11,6.59,0.034,1.09
45.0,2.0,0.7,2.5,4.5,0.8,14400,0.8,192,71.4,21.95,0.54,1.34,0.114,11.11,6.59,0.034,1.09
45.0,3.0,1.0,1.5,3.0,0.4,7200,0.8,180,68.3,20.59,0.63,1.37,0.114,11.94,6.19,0.034,1.1
45.0,3.0,1.0,1.5,3.0,0.8,7200,0.8,180,68.3,20.5,0.63,1.36,0.114,11.86,6.1,0.034,1.1
45.0,3.0,1.0,1.5,4.5,0.4,7200,0.8,180,68.3,20.55,0.63,1.37,0.114,11.94,6.15,0.034,1.1
45.0,3.0,1.0,1.5,4.5,0.8,7200,0.8,180,68.3,20.43,0.63,1.36,0.114,11.86,6.03,0.034,1.1
45.0,4.0,0.7,2.5,3.0,0.6,14400,0.4,97,86.6,11.11,0.19,1.22,0.115,12.96,3.35,0.034,1.07
45.0,4.0,0.7,2.5,4.5,0.6,14400,0.4,97,86.6,11.11,0.19,1.22,0.115,12.96,3.35,0.034,1.07
45.0,4.0,1.0,1.5,3.0,0.8,7200,0.4,97,78.4,11.03,0.33,1.19,0.114,13.25,3.27,0.034,1.06
45.0,4.0,1.0,1.5,4.5,0.8,7200,0.4,97,78.4,11.03,0.33,1.19,0.114,13.25,3.27,0.034,1.06
45.0,4.0,1.0,2.5,3.0,0.6,7200,0.4,97,78.4,11.02,0.33,1.19,0.114,13.19,3.27,0.034,1.06
45.0,4.0,1.0,2.5,4.5,0.6,7200,0.4,97,78.4,11.02,0.33,1.19,0.114,13.19,3.27,0.034,1.06
55.0,3.0,0.7,1.5,3.0,0.4,2400,0.2,85,83.5,9.66,0.25,1.29,0.114,8.58,2.86,0.034,1.08
55.0,3.0,0.7,1.5,4.5,0.4,2400,0.2,85,83.5,9.66,0.25,1.29,0.114,8.58,2.86,0.034,1.08
55.0,3.0,1.0,2.5,3.0,0.4,2400,0.4,106,73.6,12.05,0.48,1.35,0.114,10.3,3.57,0.034,1.1
55.0,3.0,1.5,2.5,3.0,0.4,1200,0.4,138,73.2,15.67,0.56,1.53,0.114,8.98,4.63,0.034,1.14
40.0,2.0,0.7,1.5,3.0,0.6,7200,0.4,227,77.1,25.72,0.38,1.29,0.113,13.1,7.56,0.033,1.08
40.0,2.0,0.7,1.5,4.5,0.6,7200,0.4,227,77.1,25.72,0.38,1.29,0.113,13.1,7.56,0.033,1.08
45.0,2.0,0.7,1.5,3.0,0.8,14400,0.8,192,71.4,21.76,0.54,1.33,0.113,11.11,6.4,0.033,1.09
45.0,2.0,0.7,1.5,4.5,0.8,14400,0.8,192,71.4,21.76,0.54,1.33,0.113,11.11,6.4,0.033,1.09
45.0,2.0,1.0,2.5,3.0,0.6,1200,0.2,155,67.7,17.59,0.59,1.25,0.113,10.47,5.19,0.033,1.07
45.0,2.0,1.0,2.5,4.5,0.6,1200,0.2,155,67.7,17.59,0.59,1.25,0.113,10.47,5.19,0.033,1.07
45.0,4.0,1.0,1.5,3.0,0.4,7200,0.4,97,78.4,11.01,0.33,1.19,0.114,13.07,3.25,0.033,1.06
45.0,4.0,1.0,1.5,4.5,0.4,7200,0.4,97,78.4,11.01,0.33,1.19,0.114,13.07,3.25,0.033,1.06
50.0,4.0,1.5,2.5,3.0,0.4,14400,0.4,69,81.2,7.83,0.27,1.16,0.113,14.45,2.31,0.033,1.05
50.0,4.0,1.5,2.5,4.5,0.4,14400,0.4,69,81.2,7.83,0.27,1.16,0.113,14.45,2.31,0.033,1.05
55.0,3.0,0.7,1.5,3.0,0.4,3600,0.4,92,75.0,10.41,0.46,1.37,0.113,5.89,3.05,0.033,1.1
55.0,3.0,0.7,1.5,3.0,0.8,2400,0.2,85,83.5,9.61,0.25,1.29,0.113,8.53,2.81,0.033,1.08
55.0,3.0,0.7,1.5,4.5,0.4,3600,0.4,92,75.0,10.41,0.46,1.37,0.113,5.89,3.05,0.033,1.1
55.0,3.0,0.7,1.5,4.5,0.8,2400,0.2,85,83.5,9.61,0.25,1.29,0.113,8.53,2.81,0.033,1.08
55.0,3.0,0.7,2.5,3.0,0.4,3600,0.4,92,75.0,10.42,0.46,1.37,0.113,5.89,3.06,0.033,1.1
55.0,3.0,0.7,2.5,4.5,0.4,3600,0.4,92,75.0,10.42,0.46,1.37,0.113,5.89,3.06,0.033,1.1
55.0,3.0,1.0,2.5,3.0,0.4,1200,0.4,138,73.2,15.57,0.56,1.53,0.113,8.98,4.53,0.033,1.14
55.0,3.0,1.0,2.5,4.5,0.4,2400,0.4,106,73.6,11.96,0.48,1.34,0.113,10.3,3.48,0.033,1.09
55.0,3.0,1.5,2.5,4.5,0.4,1200,0.4,138,73.2,15.59,0.56,1.53,0.113,8.98,4.55,0.033,1.14
55.0,4.0,0.7,1.5,3.0,0.4,1200,0.4,126,77.8,14.27,0.51,1.8,0.113,4.1,4.19,0.033,1.2
55.0,4.0,0.7,1.5,3.0,0.8,1200,0.4,126,77.8,14.26,0.51,1.8,0.113,4.1,4.18,0.033,1.2
55.0,4.0,0.7,1.5,4.5,0.4,1200,0.4,126,77.8,14.27,0.51,1.8,0.113,4.1,4.19,0.033,1.2
55.0,4.0,0.7,1.5,4.5,0.8,1200,0.4,126,77.8,14.26,0.51,1.8,0.113,4.1,4.18,0.033,1.2
55.0,4.0,0.7,2.5,3.0,0.4,1200,0.4,126,77.8,14.27,0.51,1.8,0.113,4.1,4.19,0.033,1.2
55.0,4.0,0.7,2.5,3.0,0.8,1200,0.4,126,77.8,14.26,0.51,1.8,0.113,4.1,4.18,0.033,1.2
55.0,4.0,0.7,2.5,4.5,0.4,1200,0.4,126,77.8,14.27,0.51,1.8,0.113,4.1,4.19,0.033,1.2
55.0,4.0,0.7,2.5,4.5,0.8,1200,0.4,126,77.8,14.26,0.51,1.8,0.113,4.1,4.18,0.033,1.2
40.0,2.0,0.7,1.5,3.0,0.4,,0.4,148,68.9,16.64,0.55,1.21,0.112,11.1,4.81,0.032,1.06
40.0,2.0,0.7,1.5,4.5,0.4,,0.4,148,68.9,16.64,0.55,1.21,0.112,11.1,4.8,0.032,1.06
40.0,4.0,0.7,1.5,3.0,0.8,7200,0.4,143,85.3,16.06,0.21,1.25,0.112,12.2,4.62,0.032,1.07
40.0,4.0,0.7,1.5,4.5,0.8,7200,0.4,143,85.3,16.06,0.21,1.25,0.112,12.2,4.62,0.032,1.07
40.0,4.0,1.5,2.5,3.0,0.4,1200,0.4,222,73.0,24.96,0.53,1.44,0.112,9.61,7.2,0.032,1.12
40.0,4.0,1.5,2.5,4.5,0.4,1200,0.4,222,73.0,24.96,0.53,1.44,0.112,9.61,7.2,0.032,1.12
45.0,2.0,0.7,1.5,3.0,0.4,14400,0.8,194,71.1,21.64,0.54,1.32,0.112,9.98,6.12,0.032,1.09
45.0,2.0,0.7,1.5,4.5,0.4,14400,0.8,194,71.1,21.64,0.54,1.32,0.112,9.98,6.12,0.032,1.09
45.0,2.0,1.0,1.5,3.0,0.6,1200,0.2,155,67.7,17.4,0.59,1.25,0.112,10.47,5.0,0.032,1.07
45.0,2.0,1.0,1.5,3.0,0.8,1200,0.2,155,67.7,17.29,0.59,1.24,0.112,10.37,4.89,0.032,1.06
45.0,2.0,1.0,1.5,4.5,0.6,1200,0.2,155,67.7,17.4,0.59,1.25,0.112,10.47,5.0,0.032,1.07
45.0,2.0,1.0,1.5,4.5,0.8,1200,0.2,155,67.7,17.29,0.59,1.24,0.112,10.37,4.89,0.032,1.06
45.0,2.0,1.0,2.5,3.0,0.8,1200,0.2,155,67.7,17.4,0.59,1.25,0.112,10.37,5.0,0.032,1.07
45.0,2.0,1.0,2.5,4.5,0.8,1200,0.2,155,67.7,17.4,0.59,1.25,0.112,10.37,5.0,0.032,1.07
45.0,4.0,1.0,2.5,3.0,0.4,2400,0.4,132,73.5,14.75,0.47,1.29,0.112,9.89,4.19,0.032,1.08
55.0,2.0,0.7,2.5,3.0,0.6,3600,0.2,89,75.3,9.94,0.41,1.26,0.112,8.53,2.82,0.032,1.07
55.0,2.0,0.7,2.5,4.5,0.6,3600,0.2,89,75.3,9.94,0.41,1.26,0.112,8.53,2.82,0.032,1.07
55.0,3.0,0.7,1.5,3.0,0.6,2400,0.2,85,83.5,9.49,0.25,1.29,0.112,8.7,2.69,0.032,1.08
55.0,3.0,0.7,1.5,3.0,0.6,3600,0.4,92,75.0,10.29,0.45,1.36,0.112,6.01,2.93,0.032,1.1
55.0,3.0,0.7,1.5,3.0,0.8,3600,0.4,92,75.0,10.32,0.45,1.36,0.112,5.98,2.96,0.032,1.1
55.0,3.0,0.7,1.5,4.5,0.6,2400,0.2,85,83.5,9.49,0.25,1.29,0.112,8.7,2.69,0.032,1.08
55.0,3.0,0.7,1.5,4.5,0.6,3600,0.4,92,75.0,10.29,0.45,1.36,0.112,6.01,2.93,0.032,1.1
55.0,3.0,0.7,1.5,4.5,0.8,3600,0.4,92,75.0,10.32,0.45,1.36,0.112,5.98,2.96,0.032,1.1
55.0,3.0,0.7,2.5,3.0,0.6,3600,0.4,92,75.0,10.3,0.45,1.36,0.112,6.01,2.94,0.032,1.1
55.0,3.0,0.7,2.5,3.0,0.8,3600,0.4,92,75.0,10.33,0.45,1.36,0.112,5.98,2.97,0.032,1.1
55.0,3.0,0.7,2.5,4.5,0.6,3600,0.4,92,75.0,10.3,0.45,1.36,0.112,6.01,2.94,0.032,1.1
55.0,3.0,0.7,2.5,4.5,0.8,3600,0.4,92,75.0,10.33,0.45,1.36,0.112,5.98,2.97,0.032,1.1
55.0,3.0,1.0,2.5,3.0,0.6,2400,0.4,106,73.6,11.92,0.48,1.34,0.112,10.3,3.44,0.032,1.09
55.0,3.0,1.0,2.5,3.0,0.8,2400,0.4,106,73.6,11.92,0.48,1.34,0.112,10.3,3.44,0.032,1.09
55.0,3.0,1.0,2.5,4.5,0.4,1200,0.4,138,73.2,15.48,0.56,1.53,0.112,8.98,4.45,0.032,1.13
55.0,4.0,0.7,1.5,3.0,0.6,1200,0.4,126,77.8,14.15,0.51,1.79,0.112,4.1,4.07,0.032,1.19
55.0,4.0,0.7,1.5,4.5,0.6,1200,0.4,126,77.8,14.15,0.51,1.79,0.112,4.1,4.07,0.032,1.19
55.0,4.0,0.7,2.5,3.0,0.6,1200,0.4,126,77.8,14.15,0.51,1.79,0.112,4.1,4.07,0.032,1.19
55.0,4.0,0.7,2.5,4.5,0.6,1200,0.4,126,77.8,14.15,0.51,1.79,0.112,4.1,4.07,0.032,1.19
40.0,2.0,0.7,2.5,3.0,0.8,14400,0.8,239,71.1,26.57,0.54,1.33,0.111,8.51,7.45,0.031,1.09
40.0,2.0,1.5,2.5,3.0,0.4,7200,0.2,148,68.2,16.38,0.55,1.17,0.111,11.41,4.54,0.031,1.05
40.0,2.0,1.5,2.5,4.5,0.4,7200,0.2,148,68.2,16.38,0.55,1.17,0.111,11.41,4.54,0.031,1.05
40.0,3.0,0.7,1.5,3.0,0.8,7200,0.4,177,81.9,19.61,0.28,1.26,0.111,11.25,5.45,0.031,1.07
40.0,3.0,0.7,1.5,4.5,0.8,7200,0.4,177,81.9,19.61,0.28,1.26,0.111,11.25,5.45,0.031,1.07
40.0,3.0,1.0,1.5,3.0,0.6,7200,0.4,136,77.2,15.11,0.35,1.19,0.111,13.99,4.23,0.031,1.05
40.0,3.0,1.0,1.5,3.0,0.8,7200,0.4,136,77.2,15.16,0.35,1.19,0.111,13.99,4.28,0.031,1.05
40.0,3.0,1.0,1.5,4.5,0.6,7200,0.4,136,77.2,15.11,0.35,1.19,0.111,13.99,4.23,0.031,1.05
40.0,3.0,1.0,1.5,4.5,0.8,7200,0.4,136,77.2,15.16,0.35,1.19,0.111,13.99,4.28,0.031,1.05
40.0,3.0,1.5,2.5,3.0,0.6,1200,0.2,148,71.6,16.44,0.48,1.21,0.111,13.52,4.6,0.031,1.06
40.0,3.0,1.5,2.5,4.5,0.6,1200,0.2,148,71.6,16.44,0.48,1.21,0.111,13.52,4.6,0.031,1.06
40.0,4.0,0.7,1.5,3.0,0.6,7200,0.4,143,85.3,15.88,0.21,1.25,0.111,12.28,4.44,0.031,1.07
40.0,4.0,0.7,1.5,4.5,0.6,7200,0.4,143,85.3,15.88,0.21,1.25,0.111,12.28,4.44,0.031,1.07
40.0,4.0,1.5,2.5,3.0,0.8,2400,0.4,149,71.1,16.5,0.52,1.27,0.111,9.97,4.58,0.031,1.07
40.0,5.0,1.0,2.5,3.0,0.4,2400,0.8,312,64.1,34.62,1.06,1.89,0.111,6.8,9.66,0.031,1.2
40.0,5.0,1.0,2.5,4.5,0.4,2400,0.8,312,64.1,34.62,1.06,1.89,0.111,6.8,9.66,0.031,1.2
45.0,2.0,0.7,2.5,3.0,0.4,14400,0.8,194,71.1,21.52,0.54,1.32,0.111,9.98,6.0,0.031,1.08
45.0,2.0,0.7,2.5,4.5,0.4,14400,0.8,194,71.1,21.52,0.54,1.32,0.111,9.98,6.0,0.031,1.08
45.0,4.0,1.0,2.5,4.5,0.4,2400,0.4,132,73.5,14.66,0.47,1.29,0.111,9.89,4.1,0.031,1.08
55.0,2.0,0.7,2.5,3.0,0.8,3600,0.2,89,75.3,9.89,0.41,1.26,0.111,8.5,2.77,0.031,1.07
55.0,2.0,0.7,2.5,4.5,0.8,3600,0.2,89,75.3,9.89,0.41,1.26,0.111,8.5,2.77,0.031,1.07
55.0,3.0,1.0,1.5,3.0,0.4,1200,0.4,138,73.2,15.28,0.56,1.52,0.111,8.98,4.24,0.031,1.13
55.0,3.0,1.0,1.5,3.0,0.4,2400,0.4,106,73.6,11.76,0.48,1.34,0.111,10.3,3.28,0.031,1.09
55.0,3.0,1.0,2.5,3.0,0.6,1200,0.4,138,73.2,15.35,0.56,1.52,0.111,8.98,4.31,0.031,1.13
55.0,3.0,1.0,2.5,3.0,0.8,1200,0.4,138,73.2,15.32,0.56,1.52,0.111,8.98,4.28,0.031,1.13
55.0,3.0,1.0,2.5,4.5,0.6,2400,0.4,106,73.6,11.78,0.48,1.34,0.111,10.3,3.3,0.031,1.09
55.0,3.0,1.0,2.5,4.5,0.8,2400,0.4,106,73.6,11.73,0.48,1.34,0.111,10.3,3.25,0.031,1.09
55.0,3.0,1.5,2.5,3.0,0.4,2400,0.4,106,73.6,11.72,0.48,1.34,0.111,10.37,3.24,0.031,1.09
40.0,2.0,0.7,2.5,3.0,0.4,3600,0.2,205,76.6,22.48,0.38,1.24,0.11,13.4,6.08,0.03,1.06
40.0,2.0,0.7,2.5,3.0,0.4,,0.4,148,68.9,16.29,0.55,1.21,0.11,11.29,4.45,0.03,1.05
40.0,2.0,0.7,2.5,4.5,0.4,3600,0.2,205,76.6,22.48,0.38,1.24,0.11,13.4,6.08,0.03,1.06
40.0,2.0,0.7,2.5,4.5,0.4,,0.4,148,68.9,16.28,0.55,1.21,0.11,11.29,4.44,0.03,1.05
40.0,2.0,1.5,2.5,3.0,0.4,14400,0.4,151,68.9,16.66,0.53,1.18,0.11,11.41,4.58,0.03,1.05
40.0,2.0,1.5,2.5,3.0,0.6,14400,0.8,193,64.8,21.2,0.68,1.25,0.11,10.19,5.76,0.03,1.06
40.0,2.0,1.5,2.5,4.5,0.4,14400,0.4,151,68.9,16.66,0.53,1.18,0.11,11.41,4.58,0.03,1.05
40.0,3.0,0.7,1.5,3.0,0.6,7200,0.4,177,81.9,19.42,0.28,1.26,0.11,11.25,5.26,0.03,1.07
40.0,3.0,0.7,1.5,4.5,0.6,7200,0.4,177,81.9,19.42,0.28,1.26,0.11,11.25,5.26,0.03,1.07
40.0,4.0,1.0,2.5,3.0,0.4,2400,0.8,392,64.0,42.96,1.06,1.88,0.11,8.0,11.6,0.03,1.19
40.0,4.0,1.0,2.5,4.5,0.4,2400,0.8,392,64.0,42.96,1.06,1.88,0.11,8.0,11.6,0.03,1.19
40.0,5.0,1.0,1.5,3.0,0.4,2400,0.8,312,64.1,34.29,1.05,1.88,0.11,6.8,9.33,0.03,1.19
40.0,5.0,1.0,1.5,4.5,0.4,2400,0.8,312,64.1,34.29,1.05,1.88,0.11,6.8,9.33,0.03,1.19
45.0,3.0,1.0,1.5,3.0,0.6,7200,0.8,180,68.3,19.87,0.63,1.35,0.11,12.11,5.47,0.03,1.09
45.0,3.0,1.0,1.5,4.5,0.6,7200,0.8,180,68.3,19.78,0.63,1.35,0.11,12.11,5.38,0.03,1.09
50.0,5.0,1.0,1.5,3.0,0.4,1200,0.8,236,69.5,25.86,1.01,2.3,0.11,5.94,6.98,0.03,1.26
50.0,5.0,1.0,1.5,3.0,0.8,1200,0.8,236,69.5,25.84,1.01,2.3,0.109,5.94,6.97,0.03,1.26
50.0,5.0,1.0,1.5,4.5,0.4,1200,0.8,236,69.5,25.86,1.01,2.3,0.11,5.94,6.98,0.03,1.26
50.0,5.0,1.0,1.5,4.5,0.8,1200,0.8,236,69.5,25.84,1.01,2.3,0.109,5.94,6.97,0.03,1.26
50.0,5.0,1.0,2.5,3.0,0.4,1200,0.8,236,69.5,25.9,1.01,2.3,0.11,5.94,7.02,0.03,1.26
50.0,5.0,1.0,2.5,3.0,0.8,1200,0.8,236,69.5,25.89,1.01,2.3,0.11,5.94,7.01,0.03,1.26
50.0,5.0,1.0,2.5,4.5,0.4,1200,0.8,236,69.5,25.9,1.01,2.3,0.11,5.94,7.02,0.03,1.26
50.0,5.0,1.0,2.5,4.5,0.8,1200,0.8,236,69.5,25.89,1.01,2.3,0.11,5.94,7.01,0.03,1.26
55.0,2.0,0.7,1.5,3.0,0.4,3600,0.2,89,75.3,9.79,0.41,1.26,0.11,8.41,2.67,0.03,1.07
55.0,2.0,0.7,1.5,4.5,0.4,3600,0.2,89,75.3,9.79,0.41,1.26,0.11,8.41,2.67,0.03,1.07
55.0,3.0,1.0,1.5,3.0,0.6,2400,0.4,106,73.6,11.63,0.48,1.33,0.11,10.3,3.15,0.03,1.08
55.0,3.0,1.0,1.5,3.0,0.8,2400,0.4,106,73.6,11.63,0.48,1.33,0.11,10.3,3.15,0.03,1.08
55.0,3.0,1.0,1.5,4.5,0.4,1200,0.4,138,73.2,15.2,0.56,1.52,0.11,8.98,4.16,0.03,1.13
55.0,3.0,1.0,1.5,4.5,0.4,2400,0.4,106,73.6,11.67,0.48,1.34,0.11,10.3,3.19,0.03,1.09
55.0,3.0,1.0,2.5,4.5,0.6,1200,0.4,138,73.2,15.21,0.56,1.52,0.11,8.98,4.17,0.03,1.13
55.0,3.0,1.0,2.5,4.5,0.8,1200,0.4,138,73.2,15.13,0.56,1.52,0.11,8.98,4.09,0.03,1.12
55.0,3.0,1.5,2.5,4.5,0.4,2400,0.4,106,73.6,11.64,0.48,1.33,0.11,10.37,3.16,0.03,1.08
40.0,2.0,0.7,2.5,4.5,0.8,14400,0.8,239,71.1,26.14,0.54,1.33,0.109,8.51,7.02,0.029,1.08
40.0,2.0,1.5,2.5,3.0,0.6,3600,0.8,401,63.1,43.82,0.91,1.56,0.109,5.74,11.74,0.029,1.13
40.0,2.0,1.5,2.5,4.5,0.6,3600,0.8,401,63.1,43.82,0.91,1.56,0.109,5.74,11.74,0.029,1.13
40.0,2.0,1.5,2.5,4.5,0.6,14400,0.8,193,64.8,21.12,0.68,1.25,0.109,10.19,5.68,0.029,1.06
40.0,4.0,1.0,1.5,3.0,0.4,2400,0.8,392,64.0,42.63,1.05,1.87,0.109,8.0,11.27,0.029,1.18
40.0,4.0,1.0,1.5,4.5,0.4,2400,0.8,392,64.0,42.63,1.05,1.87,0.109,8.0,11.27,0.029,1.18
40.0,4.0,1.5,2.5,4.5,0.8,2400,0.4,149,71.1,16.31,0.52,1.27,0.109,9.97,4.39,0.029,1.07
40.0,5.0,1.0,1.5,3.0,0.6,2400,0.8,312,64.1,33.88,1.05,1.87,0.109,6.8,8.92,0.029,1.18
40.0,5.0,1.0,1.5,4.5,0.6,2400,0.8,312,64.1,33.88,1.05,1.87,0.109,6.8,8.92,0.029,1.18
40.0,5.0,1.0,2.5,3.0,0.6,2400,0.8,312,64.1,34.07,1.05,1.87,0.109,6.8,9.11,0.029,1.18
40.0,5.0,1.0,2.5,4.5,0.6,2400,0.8,312,64.1,34.07,1.05,1.87,0.109,6.8,9.11,0.029,1.18
45.0,2.0,0.7,1.5,3.0,0.6,14400,0.8,194,71.1,21.11,0.53,1.31,0.109,10.58,5.59,0.029,1.08
45.0,2.0,0.7,1.5,4.5,0.6,14400,0.8,194,71.1,21.11,0.53,1.31,0.109,10.58,5.59,0.029,1.08
45.0,4.0,1.0,1.5,3.0,0.4,2400,0.4,132,73.5,14.38,0.46,1.28,0.109,9.89,3.82,0.029,1.07
45.0,5.0,0.7,1.5,3.0,0.4,1200,0.2,93,84.9,10.13,0.22,1.25,0.109,9.52,2.69,0.029,1.06
45.0,5.0,0.7,1.5,4.5,0.4,1200,0.2,93,84.9,10.13,0.22,1.25,0.109,9.52,2.69,0.029,1.06
45.0,5.0,0.7,2.5,3.0,0.4,1200,0.2,93,84.9,10.15,0.22,1.25,0.109,9.52,2.71,0.029,1.06
45.0,5.0,0.7,2.5,4.5,0.4,1200,0.2,93,84.9,10.15,0.22,1.25,0.109,9.52,2.71,0.029,1.06
50.0,2.0,0.7,1.5,3.0,0.4,1200,0.4,216,72.2,23.46,0.69,1.78,0.109,4.75,6.18,0.029,1.17
50.0,2.0,0.7,1.5,3.0,0.8,1200,0.4,216,72.2,23.44,0.69,1.78,0.109,4.75,6.17,0.029,1.17
50.0,2.0,0.7,1.5,4.5,0.4,1200,0.4,216,72.2,23.46,0.69,1.78,0.109,4.75,6.18,0.029,1.17
50.0,2.0,0.7,1.5,4.5,0.8,1200,0.4,216,72.2,23.44,0.69,1.78,0.109,4.75,6.17,0.029,1.17
50.0,2.0,0.7,2.5,3.0,0.4,1200,0.4,216,72.2,23.53,0.69,1.79,0.109,4.75,6.26,0.029,1.17
50.0,2.0,0.7,2.5,3.0,0.8,1200,0.4,216,72.2,23.52,0.69,1.79,0.109,4.75,6.24,0.029,1.17
50.0,2.0,0.7,2.5,4.5,0.4,1200,0.4,216,72.2,23.53,0.69,1.79,0.109,4.75,6.26,0.029,1.17
50.0,2.0,0.7,2.5,4.5,0.8,1200,0.4,216,72.2,23.52,0.69,1.79,0.109,4.75,6.24,0.029,1.17
50.0,5.0,1.0,1.5,3.0,0.4,2400,0.8,181,69.1,19.65,0.8,1.78,0.109,5.69,5.17,0.029,1.17
50.0,5.0,1.0,1.5,3.0,0.6,1200,0.8,236,69.5,25.74,1.01,2.29,0.109,5.94,6.86,0.029,1.25
50.0,5.0,1.0,1.5,4.5,0.4,2400,0.8,181,69.1,19.65,0.8,1.78,0.109,5.69,5.17,0.029,1.17
50.0,5.0,1.0,1.5,4.5,0.6,1200,0.8,236,69.5,25.74,1.01,2.29,0.109,5.94,6.86,0.029,1.25
50.0,5.0,1.0,2.5,3.0,0.4,2400,0.8,181,69.1,19.69,0.8,1.78,0.109,5.69,5.21,0.029,1.17
50.0,5.0,1.0,2.5,3.0,0.6,1200,0.8,236,69.5,25.78,1.01,2.29,0.109,5.94,6.9,0.029,1.26
50.0,5.0,1.0,2.5,4.5,0.4,2400,0.8,181,69.1,19.69,0.8,1.78,0.109,5.69,5.21,0.029,1.17
50.0,5.0,1.0,2.5,4.5,0.6,1200,0.8,236,69.5,25.78,1.01,2.29,0.109,5.94,6.9,0.029,1.26
50.0,5.0,1.5,2.5,3.0,0.4,1200,0.8,235,69.4,25.58,1.01,2.28,0.109,5.94,6.78,0.029,1.25
50.0,5.0,1.5,2.5,4.5,0.4,1200,0.8,235,69.4,25.58,1.01,2.28,0.109,5.94,6.78,0.029,1.25
55.0,2.0,0.7,2.5,3.0,0.8,14400,0.8,98,72.4,10.69,0.49,1.3,0.109,5.64,2.85,0.029,1.07
55.0,2.0,0.7,2.5,4.5,0.8,14400,0.8,98,72.4,10.67,0.49,1.3,0.109,5.64,2.83,0.029,1.07
55.0,3.0,1.0,1.5,3.0,0.6,1200,0.4,138,73.2,15.06,0.55,1.51,0.109,8.98,4.02,0.029,1.12
55.0,3.0,1.0,1.5,3.0,0.8,1200,0.4,138,73.2,15.03,0.55,1.51,0.109,8.98,3.99,0.029,1.12
40.0,2.0,0.7,1.5,3.0,0.4,3600,0.2,205,76.6,22.13,0.38,1.24,0.108,13.4,5.73,0.028,1.06
40.0,2.0,0.7,1.5,4.5,0.4,3600,0.2,205,76.6,22.13,0.38,1.24,0.108,13.4,5.73,0.028,1.06
40.0,4.0,1.0,2.5,3.0,0.6,2400,0.8,392,64.0,42.3,1.05,1.87,0.108,8.0,10.94,0.028,1.18
40.0,4.0,1.0,2.5,4.5,0.6,2400,0.8,392,64.0,42.3,1.05,1.87,0.108,8.0,10.94,0.028,1.18
40.0,4.0,1.5,2.5,3.0,0.8,7200,0.8,190,68.4,20.59,0.6,1.31,0.108,8.0,5.39,0.028,1.07
40.0,4.0,1.5,2.5,4.5,0.8,7200,0.8,190,68.4,20.59,0.6,1.31,0.108,8.0,5.39,0.028,1.07
40.0,5.0,1.0,1.5,3.0,0.8,2400,0.8,312,64.1,33.6,1.04,1.86,0.108,6.8,8.64,0.028,1.17
40.0,5.0,1.0,1.5,4.5,0.8,2400,0.8,312,64.1,33.6,1.04,1.86,0.108,6.8,8.64,0.028,1.17
40.0,5.0,1.0,2.5,3.0,0.8,2400,0.8,312,64.1,33.65,1.04,1.86,0.108,6.8,8.69,0.028,1.18
40.0,5.0,1.0,2.5,4.5,0.8,2400,0.8,312,64.1,33.65,1.04,1.86,0.108,6.8,8.69,0.028,1.18
45.0,2.0,1.0,2.5,3.0,0.4,3600,0.4,164,67.1,17.64,0.62,1.26,0.108,6.0,4.52,0.028,1.06
45.0,2.0,1.5,2.5,3.0,0.4,1200,0.2,145,66.9,15.7,0.6,1.22,0.108,10.67,4.1,0.028,1.05
45.0,2.0,1.5,2.5,3.0,0.4,1200,0.4,258,67.8,27.74,0.71,1.49,0.108,6.78,7.1,0.028,1.11
45.0,2.0,1.5,2.5,4.5,0.4,1200,0.2,145,66.9,15.7,0.6,1.22,0.108,10.67,4.1,0.028,1.05
45.0,4.0,1.0,1.5,4.5,0.4,2400,0.4,132,73.5,14.3,0.46,1.28,0.108,9.89,3.74,0.028,1.07
45.0,4.0,1.5,2.5,3.0,0.4,3600,0.4,108,75.0,11.69,0.4,1.2,0.108,11.82,3.05,0.028,1.05
45.0,5.0,0.7,1.5,3.0,0.4,3600,0.8,252,66.3,27.1,0.86,1.7,0.108,5.74,6.94,0.028,1.15
45.0,5.0,0.7,1.5,4.5,0.4,3600,0.8,252,66.3,27.1,0.86,1.7,0.108,5.74,6.94,0.028,1.15
50.0,2.0,0.7,1.5,3.0,0.6,1200,0.4,216,72.2,23.34,0.68,1.78,0.108,4.75,6.06,0.028,1.17
50.0,2.0,0.7,1.5,4.5,0.6,1200,0.4,216,72.2,23.34,0.68,1.78,0.108,4.75,6.06,0.028,1.17
50.0,2.0,0.7,2.5,3.0,0.6,1200,0.4,216,72.2,23.41,0.69,1.78,0.108,4.75,6.14,0.028,1.17
50.0,2.0,0.7,2.5,4.5,0.6,1200,0.4,216,72.2,23.41,0.69,1.78,0.108,4.75,6.14,0.028,1.17
50.0,4.0,1.0,2.5,3.0,0.4,7200,0.4,78,80.8,8.45,0.28,1.19,0.108,14.25,2.21,0.028,1.05
50.0,4.0,1.0,2.5,4.5,0.4,7200,0.4,78,80.8,8.45,0.28,1.19,0.108,14.25,2.21,0.028,1.05
50.0,5.0,1.0,2.5,3.0,0.8,2400,0.8,181,69.1,19.49,0.79,1.77,0.108,5.69,5.01,0.028,1.17
50.0,5.0,1.0,2.5,4.5,0.8,2400,0.8,181,69.1,19.49,0.79,1.77,0.108,5.69,5.01,0.028,1.17
50.0,5.0,1.5,2.5,3.0,0.6,2400,0.8,175,68.6,18.94,0.81,1.76,0.108,5.24,4.93,0.028,1.16
50.0,5.0,1.5,2.5,4.5,0.6,2400,0.8,175,68.6,18.94,0.81,1.76,0.108,5.24,4.93,0.028,1.16
55.0,3.0,1.0,1.5,4.5,0.6,1200,0.4,138,73.2,14.92,0.55,1.51,0.108,8.98,3.88,0.028,1.12
55.0,3.0,1.0,1.5,4.5,0.6,2400,0.4,106,73.6,11.5,0.48,1.33,0.108,10.3,3.02,0.028,1.08
55.0,3.0,1.0,1.5,4.5,0.8,1200,0.4,138,73.2,14.84,0.55,1.51,0.108,8.98,3.8,0.028,1.11
55.0,3.0,1.0,1.5,4.5,0.8,2400,0.4,106,73.6,11.45,0.48,1.33,0.108,10.3,2.97,0.028,1.08
55.0,5.0,1.0,1.5,3.0,0.8,2400,0.8,125,68.0,13.45,0.84,1.78,0.108,7.72,3.45,0.028,1.17
55.0,5.0,1.0,1.5,4.5,0.8,2400,0.8,125,68.0,13.45,0.84,1.78,0.108,7.72,3.45,0.028,1.17
55.0,5.0,1.0,2.5,3.0,0.4,2400,0.8,125,68.0,13.47,0.84,1.79,0.108,7.72,3.47,0.028,1.17
55.0,5.0,1.0,2.5,3.0,0.8,2400,0.8,125,68.0,13.5,0.84,1.79,0.108,7.72,3.5,0.028,1.17
55.0,5.0,1.0,2.5,4.5,0.4,2400,0.8,125,68.0,13.47,0.84,1.79,0.108,7.72,3.47,0.028,1.17
55.0,5.0,1.0,2.5,4.5,0.8,2400,0.8,125,68.0,13.5,0.84,1.79,0.108,7.72,3.5,0.028,1.17
40.0,2.0,0.7,2.5,3.0,0.4,7200,0.2,199,76.9,21.29,0.37,1.23,0.107,13.77,5.37,0.027,1.06
40.0,2.0,0.7,2.5,4.5,0.4,7200,0.2,199,76.9,21.29,0.37,1.23,0.107,13.77,5.37,0.027,1.06
40.0,2.0,1.5,2.5,3.0,0.4,7200,0.8,257,63.4,27.43,0.77,1.34,0.107,9.2,6.87,0.027,1.08
40.0,3.0,1.0,2.5,3.0,0.4,3600,0.8,385,64.4,41.02,0.88,1.6,0.107,6.54,10.22,0.027,1.13
40.0,3.0,1.0,2.5,4.5,0.4,3600,0.8,385,64.4,41.02,0.88,1.6,0.107,6.54,10.22,0.027,1.13
40.0,4.0,1.0,1.5,3.0,0.6,2400,0.8,392,64.0,42.1,1.05,1.86,0.107,8.0,10.74,0.027,1.17
40.0,4.0,1.0,1.5,3.0,0.8,2400,0.8,392,64.0,41.82,1.04,1.86,0.107,8.0,10.46,0.027,1.17
40.0,4.0,1.0,1.5,4.5,0.6,2400,0.8,392,64.0,42.1,1.05,1.86,0.107,8.0,10.74,0.027,1.17
40.0,4.0,1.0,1.5,4.5,0.8,2400,0.8,392,64.0,41.82,1.04,1.86,0.107,8.0,10.46,0.027,1.17
40.0,4.0,1.0,2.5,3.0,0.8,2400,0.8,392,64.0,41.87,1.04,1.86,0.107,8.0,10.51,0.027,1.17
40.0,4.0,1.0,2.5,4.5,0.8,2400,0.8,392,64.0,41.87,1.04,1.86,0.107,8.0,10.51,0.027,1.17
45.0,2.0,0.7,2.5,3.0,0.6,14400,0.8,194,71.1,20.71,0.53,1.31,0.107,10.58,5.19,0.027,1.07
45.0,2.0,0.7,2.5,4.5,0.6,14400,0.8,194,71.1,20.71,0.53,1.31,0.107,10.58,5.19,0.027,1.07
45.0,2.0,1.0,2.5,4.5,0.4,3600,0.4,164,67.1,17.55,0.62,1.26,0.107,6.0,4.43,0.027,1.06
45.0,2.0,1.5,2.5,4.5,0.4,1200,0.4,258,67.8,27.65,0.71,1.49,0.107,6.78,7.01,0.027,1.11
45.0,4.0,1.5,2.5,4.5,0.4,3600,0.4,108,75.0,11.6,0.4,1.2,0.107,11.82,2.96,0.027,1.05
45.0,5.0,0.7,1.5,3.0,0.8,1200,0.2,93,84.9,9.96,0.22,1.25,0.107,9.53,2.52,0.027,1.06
45.0,5.0,0.7,1.5,4.5,0.8,1200,0.2,93,84.9,9.96,0.22,1.25,0.107,9.53,2.52,0.027,1.06
45.0,5.0,0.7,2.5,3.0,0.4,3600,0.8,252,66.3,26.88,0.86,1.69,0.107,5.74,6.72,0.027,1.14
45.0,5.0,0.7,2.5,4.5,0.4,3600,0.8,252,66.3,26.88,0.86,1.69,0.107,5.74,6.72,0.027,1.14
50.0,4.0,1.5,2.5,3.0,0.8,2400,0.8,181,68.0,19.42,0.82,1.74,0.107,8.0,4.94,0.027,1.16
50.0,4.0,1.5,2.5,4.5,0.8,2400,0.8,181,68.0,19.37,0.82,1.74,0.107,8.0,4.89,0.027,1.15
50.0,5.0,1.0,1.5,3.0,0.6,2400,0.8,181,69.1,19.29,0.79,1.76,0.107,5.69,4.81,0.027,1.16
50.0,5.0,1.0,1.5,3.0,0.8,2400,0.8,181,69.1,19.45,0.79,1.77,0.107,5.69,4.97,0.027,1.16
50.0,5.0,1.0,1.5,4.5,0.6,2400,0.8,181,69.1,19.29,0.79,1.76,0.107,5.69,4.81,0.027,1.16
50.0,5.0,1.0,1.5,4.5,0.8,2400,0.8,181,69.1,19.45,0.79,1.77,0.107,5.69,4.97,0.027,1.16
50.0,5.0,1.0,2.5,3.0,0.6,2400,0.8,181,69.1,19.34,0.79,1.77,0.107,5.69,4.85,0.027,1.16
50.0,5.0,1.0,2.5,4.5,0.6,2400,0.8,181,69.1,19.34,0.79,1.77,0.107,5.69,4.85,0.027,1.16
55.0,2.0,0.7,1.5,3.0,0.6,3600,0.2,89,75.3,9.5,0.41,1.25,0.107,8.53,2.38,0.027,1.06
55.0,2.0,0.7,1.5,4.5,0.6,3600,0.2,89,75.3,9.5,0.41,1.25,0.107,8.53,2.38,0.027,1.06
55.0,2.0,1.5,2.5,3.0,0.4,2400,0.4,119,70.6,12.76,0.56,1.36,0.107,7.78,3.24,0.027,1.08
55.0,2.0,1.5,2.5,4.5,0.4,2400,0.4,119,70.6,12.68,0.56,1.35,0.107,7.78,3.16,0.027,1.08
55.0,5.0,1.0,1.5,3.0,0.4,2400,0.8,125,68.0,13.42,0.84,1.78,0.107,7.72,3.42,0.027,1.16
55.0,5.0,1.0,1.5,4.5,0.4,2400,0.8,125,68.0,13.42,0.84,1.78,0.107,7.72,3.42,0.027,1.16
55.0,5.0,1.0,2.5,3.0,0.6,2400,0.8,125,68.0,13.33,0.84,1.78,0.107,7.72,3.33,0.027,1.16
55.0,5.0,1.0,2.5,4.5,0.6,2400,0.8,125,68.0,13.33,0.84,1.78,0.107,7.72,3.33,0.027,1.16
40.0,2.0,0.7,2.5,3.0,0.4,14400,0.8,241,70.5,25.51,0.55,1.31,0.106,7.85,6.23,0.026,1.07
40.0,2.0,0.7,2.5,4.5,0.4,14400,0.8,241,70.5,25.45,0.55,1.31,0.106,7.85,6.18,0.026,1.07
40.0,2.0,1.5,2.5,4.5,0.4,7200,0.8,257,63.4,27.33,0.77,1.34,0.106,9.2,6.77,0.026,1.08
40.0,3.0,1.0,1.5,3.0,0.4,3600,0.8,385,64.4,40.99,0.88,1.6,0.106,6.54,10.19,0.026,1.13
40.0,3.0,1.0,1.5,4.5,0.4,3600,0.8,385,64.4,40.99,0.88,1.6,0.106,6.54,10.19,0.026,1.13
40.0,4.0,1.5,2.5,3.0,0.4,14400,0.8,134,68.7,14.22,0.56,1.22,0.106,11.72,3.5,0.026,1.05
40.0,4.0,1.5,2.5,4.5,0.4,14400,0.8,134,68.7,14.16,0.56,1.22,0.106,11.72,3.44,0.026,1.05
45.0,2.0,1.0,1.5,3.0,0.4,3600,0.4,164,67.1,17.36,0.62,1.25,0.106,6.0,4.24,0.026,1.06
45.0,3.0,0.7,2.5,3.0,0.4,2400,0.2,132,81.8,14.03,0.27,1.23,0.106,8.5,3.47,0.026,1.06
45.0,3.0,0.7,2.5,4.5,0.4,2400,0.2,132,81.8,14.03,0.27,1.23,0.106,8.5,3.47,0.026,1.06
45.0,4.0,1.0,1.5,3.0,0.6,7200,0.4,97,78.4,10.29,0.33,1.18,0.106,13.19,2.53,0.026,1.04
45.0,4.0,1.0,1.5,4.5,0.6,7200,0.4,97,78.4,10.29,0.33,1.18,0.106,13.19,2.53,0.026,1.04
45.0,4.0,1.0,2.5,3.0,0.4,2400,0.8,314,65.9,33.25,0.96,1.86,0.106,8.43,8.13,0.026,1.17
45.0,4.0,1.0,2.5,4.5,0.4,2400,0.8,314,65.9,33.25,0.96,1.86,0.106,8.43,8.13,0.026,1.17
45.0,5.0,0.7,1.5,3.0,0.6,1200,0.2,93,84.9,9.85,0.22,1.24,0.106,9.64,2.41,0.026,1.06
45.0,5.0,0.7,1.5,3.0,0.8,3600,0.8,252,66.3,26.6,0.86,1.68,0.106,5.74,6.44,0.026,1.14
45.0,5.0,0.7,1.5,4.5,0.6,1200,0.2,93,84.9,9.85,0.22,1.24,0.106,9.64,2.41,0.026,1.06
45.0,5.0,0.7,1.5,4.5,0.8,3600,0.8,252,66.3,26.6,0.86,1.68,0.106,5.74,6.44,0.026,1.14
45.0,5.0,0.7,2.5,3.0,0.8,1200,0.2,93,84.9,9.9,0.22,1.25,0.106,9.53,2.46,0.026,1.06
45.0,5.0,0.7,2.5,4.5,0.8,1200,0.2,93,84.9,9.9,0.22,1.25,0.106,9.53,2.46,0.026,1.06
55.0,2.0,0.7,1.5,3.0,0.4,14400,0.8,98,72.4,10.35,0.49,1.29,0.106,5.64,2.51,0.026,1.07
55.0,2.0,0.7,1.5,3.0,0.8,3600,0.2,89,75.3,9.45,0.41,1.25,0.106,8.5,2.33,0.026,1.06
55.0,2.0,0.7,1.5,4.5,0.4,14400,0.8,98,72.4,10.35,0.49,1.29,0.106,5.64,2.51,0.026,1.07
55.0,2.0,0.7,1.5,4.5,0.8,3600,0.2,89,75.3,9.45,0.41,1.25,0.106,8.5,2.33,0.026,1.06
55.0,2.0,1.5,2.5,3.0,0.8,2400,0.4,118,71.2,12.54,0.55,1.35,0.106,8.98,3.09,0.026,1.08
55.0,5.0,1.0,1.5,3.0,0.6,2400,0.8,125,68.0,13.28,0.83,1.77,0.106,7.72,3.28,0.026,1.16
55.0,5.0,1.0,1.5,4.5,0.6,2400,0.8,125,68.0,13.28,0.83,1.77,0.106,7.72,3.28,0.026,1.16
40.0,2.0,0.7,2.5,3.0,0.6,3600,0.2,205,76.6,21.48,0.38,1.23,0.105,13.52,5.08,0.025,1.05
40.0,2.0,0.7,2.5,3.0,0.6,14400,0.8,240,70.0,25.18,0.56,1.31,0.105,8.21,5.98,0.025,1.07
40.0,2.0,0.7,2.5,4.5,0.6,3600,0.2,205,76.6,21.48,0.38,1.23,0.105,13.52,5.08,0.025,1.05
40.0,2.0,1.5,2.5,3.0,0.4,3600,0.8,405,63.5,42.48,0.89,1.54,0.105,5.99,10.08,0.025,1.11
40.0,2.0,1.5,2.5,3.0,0.8,3600,0.8,395,63.0,41.53,0.9,1.54,0.105,5.56,9.93,0.025,1.11
40.0,2.0,1.5,2.5,3.0,0.8,7200,0.4,171,69.6,17.91,0.52,1.2,0.105,10.19,4.22,0.025,1.04
40.0,2.0,1.5,2.5,4.5,0.4,3600,0.8,405,63.5,42.48,0.89,1.54,0.105,5.99,10.08,0.025,1.11
40.0,2.0,1.5,2.5,4.5,0.8,3600,0.8,395,63.0,41.53,0.9,1.54,0.105,5.56,9.93,0.025,1.11
40.0,2.0,1.5,2.5,4.5,0.8,7200,0.4,171,69.6,17.91,0.52,1.2,0.105,10.19,4.22,0.025,1.04
40.0,3.0,1.0,1.5,3.0,0.6,3600,0.8,385,64.4,40.27,0.88,1.59,0.105,6.39,9.47,0.025,1.12
40.0,3.0,1.0,1.5,4.5,0.6,3600,0.8,385,64.4,40.27,0.88,1.59,0.105,6.39,9.47,0.025,1.12
45.0,2.0,1.0,1.5,4.5,0.4,3600,0.4,164,67.1,17.27,0.61,1.25,0.105,6.0,4.15,0.025,1.06
45.0,4.0,1.0,1.5,3.0,0.4,2400,0.8,314,65.9,33.09,0.96,1.86,0.105,8.43,7.97,0.025,1.16
45.0,4.0,1.0,1.5,3.0,0.8,2400,0.8,314,65.9,32.83,0.96,1.85,0.105,8.43,7.71,0.025,1.16
45.0,4.0,1.0,1.5,4.5,0.4,2400,0.8,314,65.9,33.09,0.96,1.86,0.105,8.43,7.97,0.025,1.16
45.0,4.0,1.0,1.5,4.5,0.8,2400,0.8,314,65.9,32.83,0.96,1.85,0.105,8.43,7.71,0.025,1.16
45.0,4.0,1.0,2.5,3.0,0.6,2400,0.4,132,73.5,13.84,0.46,1.27,0.105,9.89,3.28,0.025,1.06
45.0,4.0,1.0,2.5,3.0,0.8,2400,0.4,132,73.5,13.87,0.46,1.27,0.105,9.89,3.31,0.025,1.06
45.0,4.0,1.0,2.5,3.0,0.8,2400,0.8,314,65.9,32.91,0.96,1.85,0.105,8.43,7.79,0.025,1.16
45.0,4.0,1.0,2.5,4.5,0.8,2400,0.8,314,65.9,32.91,0.96,1.85,0.105,8.43,7.79,0.025,1.16
45.0,5.0,0.7,1.5,3.0,0.6,3600,0.8,252,66.3,26.44,0.85,1.68,0.105,5.74,6.28,0.025,1.13
45.0,5.0,0.7,1.5,4.5,0.6,3600,0.8,252,66.3,26.44,0.85,1.68,0.105,5.74,6.28,0.025,1.13
45.0,5.0,0.7,2.5,3.0,0.6,1200,0.2,93,84.9,9.8,0.22,1.24,0.105,9.64,2.36,0.025,1.06
45.0,5.0,0.7,2.5,4.5,0.6,1200,0.2,93,84.9,9.8,0.22,1.24,0.105,9.64,2.36,0.025,1.06
50.0,4.0,1.0,2.5,3.0,0.4,14400,0.2,65,81.5,6.85,0.26,1.14,0.105,14.14,1.64,0.025,1.03
50.0,4.0,1.0,2.5,4.5,0.4,14400,0.2,65,81.5,6.85,0.26,1.14,0.105,14.14,1.64,0.025,1.03
50.0,5.0,1.5,2.5,3.0,0.4,2400,0.8,179,68.7,18.72,0.79,1.74,0.105,5.24,4.4,0.025,1.14
50.0,5.0,1.5,2.5,4.5,0.4,2400,0.8,179,68.7,18.72,0.79,1.74,0.105,5.24,4.4,0.025,1.14
55.0,2.0,0.7,2.5,3.0,0.6,14400,0.8,98,72.4,10.33,0.49,1.29,0.105,5.64,2.49,0.025,1.06
55.0,2.0,0.7,2.5,4.5,0.6,14400,0.8,98,72.4,10.3,0.49,1.29,0.105,5.64,2.46,0.025,1.06
40.0,2.0,0.7,1.5,3.0,0.4,14400,0.8,241,70.5,25.15,0.55,1.31,0.104,7.85,5.87,0.024,1.07
40.0,2.0,0.7,1.5,3.0,0.8,14400,0.8,239,71.1,24.92,0.53,1.31,0.104,8.51,5.81,0.024,1.07
40.0,2.0,0.7,1.5,4.5,0.4,14400,0.8,241,70.5,25.09,0.55,1.31,0.104,7.85,5.81,0.024,1.07
40.0,2.0,0.7,2.5,4.5,0.6,14400,0.8,240,70.0,24.99,0.56,1.31,0.104,8.21,5.79,0.024,1.07
40.0,2.0,1.5,2.5,3.0,0.6,3600,0.2,151,68.2,15.65,0.55,1.17,0.104,9.81,3.57,0.024,1.04
40.0,2.0,1.5,2.5,4.5,0.6,3600,0.2,151,68.2,15.65,0.55,1.17,0.104,9.81,3.57,0.024,1.04
40.0,3.0,1.0,1.5,3.0,0.8,3600,0.8,385,64.4,39.96,0.87,1.58,0.104,6.39,9.16,0.024,1.11
40.0,3.0,1.0,1.5,4.5,0.8,3600,0.8,385,64.4,39.96,0.87,1.58,0.104,6.39,9.16,0.024,1.11
40.0,3.0,1.0,2.5,3.0,0.6,3600,0.8,385,64.4,40.16,0.88,1.59,0.104,6.39,9.36,0.024,1.12
40.0,3.0,1.0,2.5,4.5,0.6,3600,0.8,385,64.4,40.16,0.88,1.59,0.104,6.39,9.36,0.024,1.12
45.0,4.0,1.0,1.5,3.0,0.6,2400,0.8,314,65.9,32.67,0.95,1.85,0.104,8.43,7.55,0.024,1.15
45.0,4.0,1.0,1.5,4.5,0.6,2400,0.8,314,65.9,32.67,0.95,1.85,0.104,8.43,7.55,0.024,1.15
45.0,4.0,1.0,2.5,3.0,0.6,2400,0.8,314,65.9,32.76,0.95,1.85,0.104,8.43,7.64,0.024,1.16
45.0,4.0,1.0,2.5,4.5,0.6,2400,0.4,132,73.5,13.7,0.46,1.27,0.104,9.89,3.14,0.024,1.06
45.0,4.0,1.0,2.5,4.5,0.6,2400,0.8,314,65.9,32.76,0.95,1.85,0.104,8.43,7.64,0.024,1.16
45.0,4.0,1.0,2.5,4.5,0.8,2400,0.4,132,73.5,13.68,0.46,1.27,0.104,9.89,3.12,0.024,1.06
45.0,5.0,0.7,2.5,3.0,0.8,3600,0.8,252,66.3,26.31,0.85,1.68,0.104,5.74,6.15,0.024,1.13
45.0,5.0,0.7,2.5,4.5,0.8,3600,0.8,252,66.3,26.31,0.85,1.68,0.104,5.74,6.15,0.024,1.13
55.0,2.0,1.5,2.5,4.5,0.8,2400,0.4,118,71.2,12.29,0.54,1.34,0.104,8.98,2.85,0.024,1.07
40.0,2.0,0.7,1.5,3.0,0.4,7200,0.2,199,76.9,20.44,0.37,1.22,0.103,13.77,4.52,0.023,1.05
40.0,2.0,0.7,1.5,3.0,0.6,3600,0.2,205,76.6,21.2,0.38,1.23,0.103,13.52,4.8,0.023,1.05
40.0,2.0,0.7,1.5,4.5,0.4,7200,0.2,199,76.9,20.44,0.37,1.22,0.103,13.77,4.52,0.023,1.05
40.0,2.0,0.7,1.5,4.5,0.6,3600,0.2,205,76.6,21.2,0.38,1.23,0.103,13.52,4.8,0.023,1.05
40.0,2.0,0.7,2.5,3.0,0.8,3600,0.2,205,76.6,21.2,0.38,1.23,0.103,13.49,4.8,0.023,1.05
40.0,2.0,0.7,2.5,4.5,0.8,3600,0.2,205,76.6,21.2,0.38,1.23,0.103,13.49,4.8,0.023,1.05
40.0,3.0,1.0,2.5,3.0,0.8,3600,0.8,385,64.4,39.71,0.87,1.58,0.103,6.39,8.91,0.023,1.11
40.0,3.0,1.0,2.5,4.5,0.8,3600,0.8,385,64.4,39.71,0.87,1.58,0.103,6.39,8.91,0.023,1.11
45.0,2.0,1.0,1.5,3.0,0.6,14400,0.8,172,66.3,17.65,0.63,1.24,0.103,10.21,3.89,0.023,1.05
45.0,2.0,1.0,1.5,4.5,0.6,14400,0.8,172,66.3,17.65,0.63,1.24,0.103,10.21,3.89,0.023,1.05
45.0,3.0,0.7,1.5,3.0,0.4,2400,0.2,132,81.8,13.56,0.27,1.22,0.103,8.5,3.0,0.023,1.05
45.0,3.0,0.7,1.5,4.5,0.4,2400,0.2,132,81.8,13.56,0.27,1.22,0.103,8.5,3.0,0.023,1.05
45.0,3.0,0.7,2.5,3.0,0.8,2400,0.2,132,81.8,13.6,0.27,1.22,0.103,8.6,3.04,0.023,1.05
45.0,3.0,0.7,2.5,4.5,0.8,2400,0.2,132,81.8,13.6,0.27,1.22,0.103,8.6,3.04,0.023,1.05
45.0,4.0,0.7,1.5,3.0,0.4,1200,0.4,245,73.5,25.33,0.63,1.75,0.103,8.0,5.73,0.023,1.14
45.0,4.0,0.7,1.5,3.0,0.6,1200,0.4,245,73.5,25.16,0.63,1.74,0.103,8.0,5.56,0.023,1.14
45.0,4.0,0.7,1.5,3.0,0.8,1200,0.4,245,73.5,25.27,0.63,1.75,0.103,8.0,5.67,0.023,1.14
45.0,4.0,0.7,1.5,4.5,0.4,1200,0.4,245,73.5,25.33,0.63,1.75,0.103,8.0,5.73,0.023,1.14
45.0,4.0,0.7,1.5,4.5,0.6,1200,0.4,245,73.5,25.16,0.63,1.74,0.103,8.0,5.56,0.023,1.14
45.0,4.0,0.7,1.5,4.5,0.8,1200,0.4,245,73.5,25.27,0.63,1.75,0.103,8.0,5.67,0.023,1.14
45.0,4.0,0.7,2.5,3.0,0.4,1200,0.4,245,73.5,25.35,0.63,1.75,0.103,8.0,5.75,0.023,1.14
45.0,4.0,0.7,2.5,3.0,0.8,1200,0.4,245,73.5,25.21,0.63,1.74,0.103,8.0,5.61,0.023,1.14
45.0,4.0,0.7,2.5,4.5,0.4,1200,0.4,245,73.5,25.35,0.63,1.75,0.103,8.0,5.75,0.023,1.14
45.0,4.0,0.7,2.5,4.5,0.8,1200,0.4,245,73.5,25.21,0.63,1.74,0.103,8.0,5.61,0.023,1.14
45.0,4.0,1.0,1.5,3.0,0.6,2400,0.4,132,73.5,13.54,0.46,1.27,0.103,9.89,2.98,0.023,1.06
45.0,4.0,1.0,1.5,3.0,0.8,2400,0.4,132,73.5,13.58,0.46,1.27,0.103,9.89,3.02,0.023,1.06
45.0,5.0,0.7,2.5,3.0,0.6,3600,0.8,252,66.3,26.08,0.85,1.67,0.103,5.74,5.92,0.023,1.13
45.0,5.0,0.7,2.5,4.5,0.6,3600,0.8,252,66.3,26.08,0.85,1.67,0.103,5.74,5.92,0.023,1.13
50.0,4.0,1.0,1.5,3.0,0.4,2400,0.8,189,68.8,19.41,0.79,1.73,0.103,8.0,4.29,0.023,1.13
50.0,4.0,1.0,1.5,4.5,0.4,2400,0.8,189,68.8,19.41,0.79,1.73,0.103,8.0,4.29,0.023,1.13
50.0,4.0,1.0,2.5,3.0,0.4,2400,0.8,189,68.8,19.45,0.79,1.73,0.103,8.0,4.33,0.023,1.14
50.0,4.0,1.0,2.5,4.5,0.4,2400,0.8,189,68.8,19.45,0.79,1.73,0.103,8.0,4.33,0.023,1.14
55.0,5.0,0.7,1.5,3.0,0.4,3600,0.8,111,63.1,11.47,0.97,1.65,0.103,7.57,2.59,0.023,1.12
55.0,5.0,0.7,1.5,4.5,0.4,3600,0.8,111,63.1,11.47,0.97,1.65,0.103,7.57,2.59,0.023,1.12
40.0,2.0,0.7,1.5,3.0,0.8,3600,0.2,205,76.6,20.99,0.38,1.23,0.102,13.49,4.59,0.022,1.05
40.0,2.0,0.7,1.5,4.5,0.8,3600,0.2,205,76.6,20.99,0.38,1.23,0.102,13.49,4.59,0.022,1.05
40.0,2.0,0.7,1.5,4.5,0.8,14400,0.8,239,71.1,24.49,0.53,1.31,0.102,8.51,5.37,0.022,1.06
40.0,4.0,1.0,1.5,3.0,0.4,1200,0.4,224,72.8,22.79,0.52,1.4,0.102,9.74,4.87,0.022,1.08
40.0,4.0,1.0,1.5,4.5,0.4,1200,0.4,224,72.8,22.79,0.52,1.4,0.102,9.74,4.87,0.022,1.08
40.0,4.0,1.0,2.5,3.0,0.4,1200,0.4,224,72.8,22.76,0.52,1.4,0.102,9.74,4.84,0.022,1.08
40.0,4.0,1.0,2.5,4.5,0.4,1200,0.4,224,72.8,22.76,0.52,1.4,0.102,9.74,4.84,0.022,1.08
45.0,2.0,1.0,2.5,3.0,0.6,3600,0.4,164,67.1,16.66,0.61,1.24,0.102,6.0,3.54,0.022,1.05
45.0,2.0,1.0,2.5,3.0,0.8,3600,0.4,164,67.1,16.67,0.61,1.24,0.102,6.0,3.55,0.022,1.05
45.0,3.0,0.7,2.5,3.0,0.6,2400,0.2,132,81.8,13.51,0.27,1.22,0.102,8.6,2.95,0.022,1.05
45.0,3.0,0.7,2.5,4.5,0.6,2400,0.2,132,81.8,13.51,0.27,1.22,0.102,8.6,2.95,0.022,1.05
45.0,4.0,0.7,2.5,3.0,0.6,1200,0.4,245,73.5,25.11,0.63,1.74,0.102,8.0,5.51,0.022,1.14
45.0,4.0,0.7,2.5,3.0,0.8,7200,0.2,96,86.5,9.75,0.19,1.19,0.102,12.81,2.07,0.022,1.04
45.0,4.0,0.7,2.5,4.5,0.6,1200,0.4,245,73.5,25.11,0.63,1.74,0.102,8.0,5.51,0.022,1.14
45.0,4.0,0.7,2.5,4.5,0.8,7200,0.2,96,86.5,9.75,0.19,1.19,0.102,12.81,2.07,0.022,1.04
45.0,4.0,1.0,1.5,4.5,0.6,2400,0.4,132,73.5,13.41,0.46,1.26,0.102,9.89,2.85,0.022,1.05
50.0,4.0,1.0,1.5,3.0,0.4,7200,0.4,78,80.8,7.99,0.28,1.18,0.102,14.25,1.75,0.022,1.04
50.0,4.0,1.0,1.5,3.0,0.8,2400,0.8,189,68.8,19.21,0.78,1.72,0.102,8.0,4.09,0.022,1.13
50.0,4.0,1.0,1.5,4.5,0.4,7200,0.4,78,80.8,7.99,0.28,1.18,0.102,14.25,1.75,0.022,1.04
50.0,4.0,1.0,1.5,4.5,0.8,2400,0.8,189,68.8,19.21,0.78,1.72,0.102,8.0,4.09,0.022,1.13
50.0,4.0,1.0,2.5,3.0,0.8,2400,0.8,189,68.8,19.25,0.78,1.73,0.102,8.0,4.13,0.022,1.13
50.0,4.0,1.0,2.5,4.5,0.8,2400,0.8,189,68.8,19.25,0.78,1.73,0.102,8.0,4.13,0.022,1.13
50.0,4.0,1.5,2.5,3.0,0.6,2400,0.8,183,68.3,18.69,0.79,1.71,0.102,8.0,4.05,0.022,1.13
50.0,4.0,1.5,2.5,4.5,0.6,2400,0.8,183,68.3,18.69,0.79,1.71,0.102,8.0,4.05,0.022,1.13
55.0,4.0,0.7,1.5,3.0,0.4,1200,0.8,160,70.0,16.26,1.07,2.49,0.102,4.82,3.46,0.022,1.22
55.0,4.0,0.7,1.5,3.0,0.8,1200,0.8,160,70.0,16.24,1.07,2.49,0.102,4.82,3.44,0.022,1.22
55.0,4.0,0.7,1.5,4.5,0.4,1200,0.8,160,70.0,16.26,1.07,2.49,0.102,4.82,3.46,0.022,1.22
55.0,4.0,0.7,1.5,4.5,0.8,1200,0.8,160,70.0,16.24,1.07,2.49,0.102,4.82,3.44,0.022,1.22
55.0,4.0,0.7,2.5,3.0,0.4,1200,0.2,72,81.9,7.35,0.29,1.3,0.102,9.88,1.59,0.022,1.06
55.0,4.0,0.7,2.5,3.0,0.4,1200,0.8,160,70.0,16.26,1.07,2.49,0.102,4.82,3.46,0.022,1.22
55.0,4.0,0.7,2.5,3.0,0.8,1200,0.8,160,70.0,16.24,1.07,2.49,0.102,4.82,3.44,0.022,1.22
55.0,4.0,0.7,2.5,4.5,0.4,1200,0.2,72,81.9,7.35,0.29,1.3,0.102,9.88,1.59,0.022,1.06
55.0,4.0,0.7,2.5,4.5,0.4,1200,0.8,160,70.0,16.26,1.07,2.49,0.102,4.82,3.46,0.022,1.22
55.0,4.0,0.7,2.5,4.5,0.8,1200,0.8,160,70.0,16.24,1.07,2.49,0.102,4.82,3.44,0.022,1.22
55.0,5.0,0.7,1.5,3.0,0.8,3600,0.8,111,63.1,11.33,0.96,1.64,0.102,7.57,2.45,0.022,1.12
55.0,5.0,0.7,1.5,4.5,0.8,3600,0.8,111,63.1,11.33,0.96,1.64,0.102,7.57,2.45,0.022,1.12
55.0,5.0,0.7,2.5,3.0,0.4,3600,0.8,111,63.1,11.32,0.96,1.64,0.102,7.72,2.44,0.022,1.12
55.0,5.0,0.7,2.5,4.5,0.4,3600,0.8,111,63.1,11.32,0.96,1.64,0.102,7.72,2.44,0.022,1.12
40.0,2.0,0.7,2.5,3.0,0.6,7200,0.2,199,76.9,20.04,0.37,1.22,0.101,13.89,4.12,0.021,1.04
40.0,2.0,0.7,2.5,4.5,0.6,7200,0.2,199,76.9,20.04,0.37,1.22,0.101,13.89,4.12,0.021,1.04
40.0,3.0,0.7,2.5,3.0,0.4,3600,0.8,405,66.9,40.75,0.8,1.63,0.101,6.85,8.35,0.021,1.11
40.0,3.0,0.7,2.5,4.5,0.4,3600,0.8,405,66.9,40.75,0.8,1.63,0.101,6.85,8.35,0.021,1.11
40.0,3.0,1.0,2.5,3.0,0.4,2400,0.4,192,70.3,19.38,0.53,1.26,0.101,14.12,4.02,0.021,1.05
40.0,3.0,1.5,2.5,3.0,0.8,1200,0.2,144,72.2,14.6,0.46,1.19,0.101,13.52,3.08,0.021,1.04
40.0,3.0,1.5,2.5,4.5,0.8,1200,0.2,144,72.2,14.6,0.46,1.19,0.101,13.52,3.08,0.021,1.04
45.0,2.0,1.0,1.5,3.0,0.8,3600,0.4,164,67.1,16.53,0.61,1.24,0.101,6.0,3.41,0.021,1.05
45.0,2.0,1.0,2.5,3.0,0.6,14400,0.8,172,66.3,17.3,0.63,1.24,0.101,10.21,3.54,0.021,1.05
45.0,2.0,1.0,2.5,4.5,0.6,3600,0.4,164,67.1,16.52,0.61,1.24,0.101,6.0,3.4,0.021,1.05
45.0,2.0,1.0,2.5,4.5,0.6,14400,0.8,172,66.3,17.3,0.63,1.24,0.101,10.21,3.54,0.021,1.05
45.0,2.0,1.0,2.5,4.5,0.8,3600,0.4,164,67.1,16.49,0.61,1.24,0.101,6.0,3.37,0.021,1.05
45.0,4.0,1.0,1.5,4.5,0.8,2400,0.4,132,73.5,13.39,0.46,1.26,0.101,9.89,2.83,0.021,1.05
50.0,2.0,1.5,2.5,3.0,0.8,3600,0.8,182,62.1,18.38,0.92,1.51,0.101,5.3,3.82,0.021,1.09
50.0,2.0,1.5,2.5,4.5,0.8,3600,0.8,182,62.1,18.32,0.92,1.51,0.101,5.3,3.76,0.021,1.09
50.0,4.0,1.0,1.5,3.0,0.6,2400,0.8,189,68.8,19.05,0.78,1.72,0.101,8.0,3.93,0.021,1.12
50.0,4.0,1.0,1.5,4.5,0.6,2400,0.8,189,68.8,19.05,0.78,1.72,0.101,8.0,3.93,0.021,1.12
50.0,4.0,1.0,2.5,3.0,0.4,1200,0.8,241,68.9,24.26,0.95,2.1,0.101,8.0,4.98,0.021,1.17
50.0,4.0,1.0,2.5,3.0,0.6,2400,0.8,189,68.8,19.09,0.78,1.72,0.101,8.0,3.97,0.021,1.12
50.0,4.0,1.0,2.5,3.0,0.8,1200,0.8,241,68.9,24.24,0.95,2.1,0.101,8.0,4.96,0.021,1.17
50.0,4.0,1.0,2.5,3.0,0.8,7200,0.4,78,80.8,7.89,0.28,1.18,0.101,14.43,1.65,0.021,1.04
50.0,4.0,1.0,2.5,3.0,0.8,14400,0.8,89,73.0,9.02,0.44,1.19,0.101,15.3,1.9,0.021,1.04
50.0,4.0,1.0,2.5,4.5,0.4,1200,0.8,241,68.9,24.26,0.95,2.1,0.101,8.0,4.98,0.021,1.17
50.0,4.0,1.0,2.5,4.5,0.6,2400,0.8,189,68.8,19.09,0.78,1.72,0.101,8.0,3.97,0.021,1.12
50.0,4.0,1.0,2.5,4.5,0.8,1200,0.8,241,68.9,24.24,0.95,2.1,0.101,8.0,4.96,0.021,1.17
50.0,4.0,1.0,2.5,4.5,0.8,7200,0.4,78,80.8,7.89,0.28,1.18,0.101,14.43,1.65,0.021,1.04
50.0,4.0,1.0,2.5,4.5,0.8,14400,0.8,89,73.0,9.0,0.44,1.19,0.101,15.3,1.88,0.021,1.04
50.0,5.0,1.5,2.5,3.0,0.6,1200,0.8,233,69.1,23.51,0.98,2.18,0.101,5.94,4.87,0.021,1.18
50.0,5.0,1.5,2.5,3.0,0.8,1200,0.8,232,68.5,23.46,1.0,2.17,0.101,5.94,4.9,0.021,1.18
50.0,5.0,1.5,2.5,4.5,0.6,1200,0.8,233,69.1,23.51,0.98,2.18,0.101,5.94,4.87,0.021,1.18
50.0,5.0,1.5,2.5,4.5,0.8,1200,0.8,232,68.5,23.4,0.99,2.16,0.101,5.94,4.84,0.021,1.18
55.0,4.0,0.7,1.5,3.0,0.6,1200,0.8,160,70.0,16.14,1.06,2.48,0.101,4.82,3.34,0.021,1.21
55.0,4.0,0.7,1.5,4.5,0.6,1200,0.8,160,70.0,16.14,1.06,2.48,0.101,4.82,3.34,0.021,1.21
55.0,4.0,0.7,2.5,3.0,0.6,1200,0.8,160,70.0,16.14,1.06,2.48,0.101,4.82,3.34,0.021,1.21
55.0,4.0,0.7,2.5,3.0,0.8,1200,0.2,72,81.9,7.24,0.29,1.3,0.101,9.89,1.48,0.021,1.06
55.0,4.0,0.7,2.5,4.5,0.6,1200,0.8,160,70.0,16.14,1.06,2.48,0.101,4.82,3.34,0.021,1.21
55.0,4.0,0.7,2.5,4.5,0.8,1200,0.2,72,81.9,7.24,0.29,1.3,0.101,9.89,1.48,0.021,1.06
55.0,5.0,0.7,1.5,3.0,0.6,3600,0.8,111,63.1,11.18,0.96,1.63,0.101,7.62,2.3,0.021,1.11
55.0,5.0,0.7,1.5,4.5,0.6,3600,0.8,111,63.1,11.18,0.96,1.63,0.101,7.62,2.3,0.021,1.11
55.0,5.0,0.7,2.5,3.0,0.8,3600,0.8,111,63.1,11.18,0.96,1.64,0.101,7.71,2.3,0.021,1.11
55.0,5.0,0.7,2.5,4.5,0.8,3600,0.8,111,63.1,11.18,0.96,1.64,0.101,7.71,2.3,0.021,1.11
40.0,2.0,1.0,1.5,3.0,0.4,,0.4,148,68.9,14.84,0.52,1.16,0.1,11.7,3.0,0.02,1.03
40.0,2.0,1.0,1.5,4.5,0.4,,0.4,148,68.9,14.84,0.52,1.16,0.1,11.7,3.0,0.02,1.03
40.0,2.0,1.5,2.5,3.0,0.4,14400,0.2,147,68.0,14.64,0.54,1.16,0.1,11.41,2.88,0.02,1.03
40.0,2.0,1.5,2.5,3.0,0.6,7200,0.8,259,62.9,25.92,0.77,1.31,0.1,9.53,5.2,0.02,1.06
40.0,2.0,1.5,2.5,4.5,0.4,14400,0.2,147,68.0,14.64,0.54,1.16,0.1,11.41,2.88,0.02,1.03
40.0,2.0,1.5,2.5,4.5,0.6,7200,0.8,259,62.9,25.83,0.77,1.31,0.1,9.53,5.11,0.02,1.06
40.0,3.0,0.7,1.5,3.0,0.4,3600,0.8,405,66.9,40.62,0.8,1.62,0.1,6.85,8.22,0.02,1.11
40.0,3.0,0.7,1.5,4.5,0.4,3600,0.8,405,66.9,40.62,0.8,1.62,0.1,6.85,8.22,0.02,1.11
40.0,3.0,1.0,2.5,4.5,0.4,2400,0.4,192,70.3,19.29,0.53,1.26,0.1,14.12,3.93,0.02,1.05
45.0,2.0,1.0,1.5,3.0,0.6,3600,0.4,164,67.1,16.45,0.61,1.24,0.1,6.0,3.33,0.02,1.05
45.0,2.0,1.0,1.5,4.5,0.8,3600,0.4,164,67.1,16.35,0.61,1.24,0.1,6.0,3.23,0.02,1.04
45.0,2.0,1.0,2.5,3.0,0.4,7200,0.8,236,66.1,23.61,0.69,1.34,0.1,8.49,4.73,0.02,1.06
45.0,2.0,1.0,2.5,4.5,0.4,7200,0.8,236,66.1,23.57,0.69,1.34,0.1,8.49,4.69,0.02,1.06
45.0,3.0,0.7,1.5,3.0,0.8,2400,0.2,132,81.8,13.14,0.27,1.22,0.1,8.6,2.58,0.02,1.04
45.0,3.0,0.7,1.5,4.5,0.8,2400,0.2,132,81.8,13.14,0.27,1.22,0.1,8.6,2.58,0.02,1.04
45.0,4.0,1.0,2.5,3.0,0.4,14400,0.8,119,71.4,11.92,0.48,1.21,0.1,14.02,2.4,0.02,1.04
45.0,4.0,1.0,2.5,4.5,0.4,14400,0.8,119,71.4,11.92,0.48,1.21,0.1,14.02,2.4,0.02,1.04
50.0,2.0,1.5,2.5,3.0,0.6,3600,0.8,184,62.0,18.43,0.92,1.5,0.1,5.21,3.71,0.02,1.09
50.0,2.0,1.5,2.5,4.5,0.6,3600,0.8,184,62.0,18.43,0.92,1.5,0.1,5.21,3.71,0.02,1.09
50.0,3.0,0.7,2.5,3.0,0.4,3600,0.4,140,76.4,13.93,0.41,1.31,0.099,11.51,2.73,0.02,1.06
50.0,3.0,0.7,2.5,4.5,0.4,3600,0.4,140,76.4,13.93,0.41,1.31,0.099,11.51,2.73,0.02,1.06
50.0,4.0,1.0,1.5,3.0,0.4,1200,0.8,241,68.9,24.21,0.95,2.1,0.1,8.0,4.93,0.02,1.17
50.0,4.0,1.0,1.5,3.0,0.6,1200,0.8,241,68.9,24.09,0.95,2.1,0.1,8.0,4.81,0.02,1.16
50.0,4.0,1.0,1.5,3.0,0.8,1200,0.8,241,68.9,24.2,0.95,2.1,0.1,8.0,4.92,0.02,1.17
50.0,4.0,1.0,1.5,4.5,0.4,1200,0.8,241,68.9,24.21,0.95,2.1,0.1,8.0,4.93,0.02,1.17
50.0,4.0,1.0,1.5,4.5,0.6,1200,0.8,241,68.9,24.09,0.95,2.1,0.1,8.0,4.81,0.02,1.16
50.0,4.0,1.0,1.5,4.5,0.8,1200,0.8,241,68.9,24.2,0.95,2.1,0.1,8.0,4.92,0.02,1.17
50.0,4.0,1.0,2.5,3.0,0.6,1200,0.8,241,68.9,24.14,0.95,2.1,0.1,8.0,4.86,0.02,1.17
50.0,4.0,1.0,2.5,4.5,0.6,1200,0.8,241,68.9,24.14,0.95,2.1,0.1,8.0,4.86,0.02,1.17
50.0,4.0,1.5,2.5,3.0,0.4,1200,0.8,240,68.8,23.93,0.95,2.09,0.1,8.0,4.73,0.02,1.16
50.0,4.0,1.5,2.5,3.0,0.4,3600,0.2,68,77.9,6.8,0.32,1.14,0.1,14.45,1.36,0.02,1.03
50.0,4.0,1.5,2.5,4.5,0.4,1200,0.8,240,68.8,23.93,0.95,2.09,0.1,8.0,4.73,0.02,1.16
50.0,4.0,1.5,2.5,4.5,0.4,3600,0.2,68,77.9,6.8,0.32,1.14,0.1,14.45,1.36,0.02,1.03
55.0,2.0,0.7,2.5,3.0,0.4,3600,0.4,102,70.6,10.19,0.56,1.34,0.1,6.07,2.03,0.02,1.06
55.0,2.0,0.7,2.5,4.5,0.4,3600,0.4,102,70.6,10.19,0.56,1.34,0.1,6.07,2.03,0.02,1.06
55.0,2.0,1.0,2.5,3.0,0.4,2400,0.4,119,70.6,11.95,0.56,1.33,0.1,8.24,2.43,0.02,1.06
55.0,2.0,1.0,2.5,3.0,0.8,2400,0.4,119,70.6,11.87,0.55,1.33,0.1,8.24,2.35,0.02,1.06
55.0,2.0,1.0,2.5,4.5,0.4,2400,0.4,119,70.6,11.86,0.55,1.33,0.1,8.24,2.34,0.02,1.06
55.0,4.0,0.7,2.5,3.0,0.6,1200,0.2,72,81.9,7.18,0.29,1.3,0.1,10.0,1.42,0.02,1.06
55.0,4.0,0.7,2.5,4.5,0.6,1200,0.2,72,81.9,7.18,0.29,1.3,0.1,10.0,1.42,0.02,1.06
40.0,2.0,0.7,1.5,3.0,0.6,14400,0.8,240,70.0,23.7,0.55,1.29,0.099,8.21,4.5,0.019,1.05
40.0,2.0,0.7,2.5,3.0,0.8,7200,0.2,199,76.9,19.63,0.36,1.21,0.099,13.94,3.71,0.019,1.04
40.0,2.0,0.7,2.5,4.5,0.8,7200,0.2,199,76.9,19.63,0.36,1.21,0.099,13.94,3.71,0.019,1.04
40.0,2.0,1.5,2.5,3.0,0.6,7200,0.4,164,68.9,16.24,0.53,1.18,0.099,10.09,3.12,0.019,1.03
40.0,2.0,1.5,2.5,4.5,0.6,7200,0.4,164,68.9,16.24,0.53,1.18,0.099,10.09,3.12,0.019,1.03
40.0,3.0,0.7,1.5,3.0,0.6,3600,0.8,405,66.9,39.94,0.8,1.61,0.099,6.7,7.54,0.019,1.1
40.0,3.0,0.7,1.5,4.5,0.6,3600,0.8,405,66.9,39.94,0.8,1.61,0.099,6.7,7.54,0.019,1.1
40.0,3.0,0.7,2.5,3.0,0.6,3600,0.8,405,66.9,39.92,0.8,1.61,0.099,6.7,7.52,0.019,1.1
40.0,3.0,0.7,2.5,4.5,0.6,3600,0.8,405,66.9,39.92,0.8,1.61,0.099,6.7,7.52,0.019,1.1
40.0,4.0,1.0,1.5,3.0,0.6,1200,0.4,224,72.8,22.22,0.52,1.39,0.099,9.74,4.3,0.019,1.07
40.0,4.0,1.0,1.5,3.0,0.8,1200,0.4,224,72.8,22.09,0.52,1.39,0.099,9.74,4.17,0.019,1.07
40.0,4.0,1.0,1.5,4.5,0.6,1200,0.4,224,72.8,22.22,0.52,1.39,0.099,9.74,4.3,0.019,1.07
40.0,4.0,1.0,1.5,4.5,0.8,1200,0.4,224,72.8,22.09,0.52,1.39,0.099,9.74,4.17,0.019,1.07
40.0,4.0,1.0,2.5,3.0,0.6,1200,0.4,224,72.8,22.19,0.52,1.39,0.099,9.74,4.27,0.019,1.07
40.0,4.0,1.0,2.5,4.5,0.6,1200,0.4,224,72.8,22.19,0.52,1.39,0.099,9.74,4.27,0.019,1.07
45.0,2.0,1.0,1.5,4.5,0.6,3600,0.4,164,67.1,16.31,0.61,1.24,0.099,6.0,3.19,0.019,1.04
45.0,3.0,0.7,1.5,3.0,0.6,2400,0.2,132,81.8,13.04,0.27,1.22,0.099,8.6,2.48,0.019,1.04
45.0,3.0,0.7,1.5,4.5,0.6,2400,0.2,132,81.8,13.04,0.27,1.22,0.099,8.6,2.48,0.019,1.04
45.0,4.0,0.7,1.5,3.0,0.4,3600,0.8,280,65.4,27.59,0.86,1.62,0.099,8.74,5.19,0.019,1.1
45.0,4.0,0.7,1.5,4.5,0.4,3600,0.8,280,65.4,27.59,0.86,1.62,0.099,8.74,5.19,0.019,1.1
45.0,4.0,1.0,1.5,3.0,0.4,14400,0.8,119,71.4,11.77,0.48,1.21,0.099,14.02,2.25,0.019,1.04
45.0,4.0,1.0,1.5,4.5,0.4,14400,0.8,119,71.4,11.77,0.48,1.21,0.099,14.02,2.25,0.019,1.04
45.0,5.0,0.7,1.5,3.0,0.4,2400,0.4,137,78.1,13.58,0.38,1.36,0.099,11.79,2.62,0.019,1.07
45.0,5.0,0.7,1.5,4.5,0.4,2400,0.4,137,78.1,13.58,0.38,1.36,0.099,11.79,2.62,0.019,1.07
45.0,5.0,0.7,2.5,3.0,0.4,2400,0.4,137,78.1,13.6,0.38,1.36,0.099,11.79,2.64,0.019,1.07
45.0,5.0,0.7,2.5,4.5,0.4,2400,0.4,137,78.1,13.6,0.38,1.36,0.099,11.79,2.64,0.019,1.07
50.0,3.0,0.7,1.5,3.0,0.4,3600,0.4,140,76.4,13.92,0.41,1.31,0.099,11.51,2.72,0.019,1.06
50.0,3.0,0.7,1.5,4.5,0.4,3600,0.4,140,76.4,13.92,0.41,1.31,0.099,11.51,2.72,0.019,1.06
50.0,4.0,1.5,2.5,3.0,0.4,2400,0.8,187,68.4,18.48,0.78,1.7,0.099,8.0,3.52,0.019,1.11
50.0,4.0,1.5,2.5,4.5,0.4,2400,0.8,187,68.4,18.48,0.78,1.7,0.099,8.0,3.52,0.019,1.11
55.0,2.0,0.7,1.5,3.0,0.4,3600,0.4,102,70.6,10.1,0.56,1.33,0.099,6.13,1.94,0.019,1.06
55.0,2.0,0.7,1.5,4.5,0.4,3600,0.4,102,70.6,10.1,0.56,1.33,0.099,6.13,1.94,0.019,1.06
55.0,2.0,0.7,2.5,3.0,0.6,3600,0.4,102,70.6,10.07,0.55,1.33,0.099,6.07,1.91,0.019,1.06
55.0,2.0,0.7,2.5,3.0,0.8,3600,0.4,102,70.6,10.1,0.56,1.33,0.099,6.07,1.94,0.019,1.06
55.0,2.0,0.7,2.5,4.5,0.6,3600,0.4,102,70.6,10.07,0.55,1.33,0.099,6.07,1.91,0.019,1.06
55.0,2.0,0.7,2.5,4.5,0.8,3600,0.4,102,70.6,10.1,0.56,1.33,0.099,6.07,1.94,0.019,1.06
55.0,3.0,1.5,2.5,3.0,0.6,1200,0.4,138,73.2,13.72,0.54,1.47,0.099,8.98,2.68,0.019,1.08
55.0,5.0,0.7,2.5,3.0,0.6,3600,0.8,111,63.1,10.96,0.95,1.62,0.099,7.84,2.08,0.019,1.1
55.0,5.0,0.7,2.5,4.5,0.6,3600,0.8,111,63.1,10.96,0.95,1.62,0.099,7.84,2.08,0.019,1.1
55.0,5.0,1.5,2.5,3.0,0.4,2400,0.8,125,68.0,12.41,0.81,1.72,0.099,7.31,2.41,0.019,1.12
55.0,5.0,1.5,2.5,3.0,0.6,2400,0.8,125,68.0,12.41,0.81,1.72,0.099,7.31,2.41,0.019,1.12
55.0,5.0,1.5,2.5,4.5,0.4,2400,0.8,125,68.0,12.41,0.81,1.72,0.099,7.31,2.41,0.019,1.12
55.0,5.0,1.5,2.5,4.5,0.6,2400,0.8,125,68.0,12.41,0.81,1.72,0.099,7.31,2.41,0.019,1.12
40.0,2.0,0.7,1.5,4.5,0.6,14400,0.8,240,70.0,23.52,0.55,1.29,0.098,8.21,4.32,0.018,1.05
40.0,2.0,0.7,2.5,3.0,0.4,3600,0.4,283,72.4,27.68,0.51,1.33,0.098,6.36,5.04,0.018,1.06
40.0,2.0,0.7,2.5,4.5,0.4,3600,0.4,283,72.4,27.68,0.51,1.33,0.098,6.36,5.04,0.018,1.06
40.0,2.0,1.0,2.5,3.0,0.4,,0.4,148,68.9,14.49,0.52,1.16,0.098,11.89,2.65,0.018,1.03
40.0,2.0,1.0,2.5,4.5,0.4,,0.4,148,68.9,14.48,0.52,1.16,0.098,11.89,2.64,0.018,1.03
40.0,2.0,1.5,2.5,3.0,0.8,3600,0.2,159,69.8,15.64,0.51,1.17,0.098,10.1,2.92,0.018,1.03
40.0,2.0,1.5,2.5,4.5,0.8,3600,0.2,159,69.8,15.64,0.51,1.17,0.098,10.1,2.92,0.018,1.03
40.0,3.0,0.7,1.5,3.0,0.8,3600,0.8,405,66.9,39.62,0.8,1.61,0.098,6.7,7.22,0.018,1.09
40.0,3.0,0.7,1.5,4.5,0.8,3600,0.8,405,66.9,39.62,0.8,1.61,0.098,6.7,7.22,0.018,1.09
40.0,3.0,1.0,2.5,3.0,0.6,2400,0.4,192,70.3,18.72,0.53,1.25,0.097,14.12,3.36,0.018,1.04
40.0,4.0,1.0,2.5,3.0,0.8,1200,0.4,224,72.8,22.06,0.52,1.39,0.098,9.74,4.14,0.018,1.07
40.0,4.0,1.0,2.5,4.5,0.8,1200,0.4,224,72.8,22.06,0.52,1.39,0.098,9.74,4.14,0.018,1.07
45.0,2.0,1.0,2.5,3.0,0.8,7200,0.8,236,66.1,23.09,0.68,1.33,0.098,8.91,4.21,0.018,1.05
45.0,2.0,1.0,2.5,4.5,0.8,7200,0.8,236,66.1,23.02,0.68,1.33,0.098,8.91,4.14,0.018,1.05
45.0,4.0,0.7,2.5,3.0,0.4,3600,0.8,280,65.4,27.47,0.86,1.62,0.098,8.74,5.07,0.018,1.09
45.0,4.0,0.7,2.5,3.0,0.4,7200,0.2,96,86.5,9.4,0.18,1.18,0.098,12.64,1.72,0.018,1.03
45.0,4.0,0.7,2.5,4.5,0.4,3600,0.8,280,65.4,27.47,0.86,1.62,0.098,8.74,5.07,0.018,1.09
45.0,4.0,0.7,2.5,4.5,0.4,7200,0.2,96,86.5,9.4,0.18,1.18,0.098,12.64,1.72,0.018,1.03
50.0,3.0,0.7,1.5,3.0,0.8,3600,0.4,140,76.4,13.77,0.4,1.31,0.098,11.6,2.57,0.018,1.05
50.0,3.0,0.7,1.5,4.5,0.8,3600,0.4,140,76.4,13.77,0.4,1.31,0.098,11.6,2.57,0.018,1.05
50.0,3.0,0.7,2.5,3.0,0.8,3600,0.4,140,76.4,13.79,0.4,1.31,0.098,11.6,2.59,0.018,1.05
50.0,3.0,0.7,2.5,4.5,0.8,3600,0.4,140,76.4,13.79,0.4,1.31,0.098,11.6,2.59,0.018,1.05
50.0,4.0,0.7,1.5,3.0,0.4,2400,0.4,145,79.3,14.26,0.37,1.42,0.098,9.86,2.66,0.018,1.07
50.0,4.0,0.7,1.5,4.5,0.4,2400,0.4,145,79.3,14.26,0.37,1.42,0.098,9.86,2.66,0.018,1.07
50.0,4.0,0.7,2.5,3.0,0.4,2400,0.4,145,79.3,14.26,0.37,1.42,0.098,9.86,2.66,0.018,1.07
50.0,4.0,0.7,2.5,4.5,0.4,2400,0.4,145,79.3,14.26,0.37,1.42,0.098,9.86,2.66,0.018,1.07
50.0,4.0,1.0,1.5,3.0,0.4,14400,0.2,65,81.5,6.4,0.26,1.13,0.098,14.14,1.2,0.018,1.02
50.0,4.0,1.0,1.5,4.5,0.4,14400,0.2,65,81.5,6.4,0.26,1.13,0.098,14.14,1.2,0.018,1.02
50.0,4.0,1.0,2.5,3.0,0.4,7200,0.2,68,79.4,6.65,0.3,1.14,0.098,14.14,1.21,0.018,1.02
50.0,4.0,1.0,2.5,4.5,0.4,7200,0.2,68,79.4,6.65,0.3,1.14,0.098,14.14,1.21,0.018,1.02
55.0,2.0,0.7,1.5,3.0,0.6,3600,0.4,102,70.6,9.98,0.55,1.33,0.098,6.13,1.82,0.018,1.06
55.0,2.0,0.7,1.5,3.0,0.8,3600,0.4,102,70.6,10.01,0.55,1.33,0.098,6.13,1.85,0.018,1.06
55.0,2.0,0.7,1.5,4.5,0.6,3600,0.4,102,70.6,9.98,0.55,1.33,0.098,6.13,1.82,0.018,1.06
55.0,2.0,0.7,1.5,4.5,0.8,3600,0.4,102,70.6,10.01,0.55,1.33,0.098,6.13,1.85,0.018,1.06
55.0,2.0,1.0,2.5,3.0,0.6,2400,0.4,119,70.6,11.7,0.55,1.33,0.098,8.24,2.18,0.018,1.06
55.0,2.0,1.0,2.5,4.5,0.8,2400,0.4,119,70.6,11.68,0.55,1.33,0.098,8.24,2.16,0.018,1.06
55.0,3.0,1.5,2.5,4.5,0.6,1200,0.4,138,73.2,13.59,0.54,1.46,0.098,8.98,2.55,0.018,1.08
40.0,2.0,0.7,1.5,3.0,0.4,3600,0.4,283,72.4,27.38,0.51,1.33,0.097,6.36,4.74,0.017,1.05
40.0,2.0,0.7,1.5,3.0,0.6,7200,0.2,199,76.9,19.31,0.36,1.21,0.097,13.89,3.39,0.017,1.04
40.0,2.0,0.7,1.5,4.5,0.4,3600,0.4,283,72.4,27.38,0.51,1.33,0.097,6.36,4.74,0.017,1.05
40.0,2.0,0.7,1.5,4.5,0.6,7200,0.2,199,76.9,19.31,0.36,1.21,0.097,13.89,3.39,0.017,1.04
40.0,3.0,0.7,2.5,3.0,0.8,3600,0.8,405,66.9,39.47,0.79,1.61,0.097,6.7,7.07,0.017,1.09
40.0,3.0,0.7,2.5,4.5,0.8,3600,0.8,405,66.9,39.47,0.79,1.61,0.097,6.7,7.07,0.017,1.09
40.0,3.0,1.0,1.5,3.0,0.4,2400,0.4,192,70.3,18.57,0.53,1.25,0.097,14.12,3.21,0.017,1.04
40.0,3.0,1.0,2.5,4.5,0.6,2400,0.4,192,70.3,18.59,0.53,1.25,0.097,14.12,3.23,0.017,1.04
40.0,4.0,1.5,2.5,3.0,0.8,1200,0.4,231,72.3,22.5,0.54,1.42,0.097,10.01,4.02,0.017,1.07
40.0,4.0,1.5,2.5,4.5,0.8,1200,0.4,231,72.3,22.5,0.54,1.42,0.097,10.01,4.02,0.017,1.07
45.0,2.0,1.0,2.5,3.0,0.6,7200,0.8,236,66.1,22.83,0.68,1.33,0.097,8.73,3.95,0.017,1.05
45.0,4.0,0.7,1.5,3.0,0.8,3600,0.8,280,65.4,27.09,0.85,1.61,0.097,8.74,4.69,0.017,1.09
45.0,4.0,0.7,1.5,3.0,0.8,7200,0.2,96,86.5,9.34,0.18,1.18,0.097,12.81,1.66,0.017,1.03
45.0,4.0,0.7,1.5,4.5,0.8,3600,0.8,280,65.4,27.09,0.85,1.61,0.097,8.74,4.69,0.017,1.09
45.0,4.0,0.7,1.5,4.5,0.8,7200,0.2,96,86.5,9.34,0.18,1.18,0.097,12.81,1.66,0.017,1.03
45.0,5.0,0.7,1.5,3.0,0.6,2400,0.4,137,78.1,13.27,0.38,1.35,0.097,11.79,2.31,0.017,1.06
45.0,5.0,0.7,1.5,3.0,0.8,2400,0.4,137,78.1,13.26,0.38,1.35,0.097,11.79,2.3,0.017,1.06
45.0,5.0,0.7,1.5,4.5,0.6,2400,0.4,137,78.1,13.27,0.38,1.35,0.097,11.79,2.31,0.017,1.06
45.0,5.0,0.7,1.5,4.5,0.8,2400,0.4,137,78.1,13.26,0.38,1.35,0.097,11.79,2.3,0.017,1.06
45.0,5.0,0.7,2.5,3.0,0.6,2400,0.4,137,78.1,13.22,0.38,1.35,0.096,11.79,2.26,0.017,1.06
45.0,5.0,0.7,2.5,4.5,0.6,2400,0.4,137,78.1,13.22,0.38,1.35,0.096,11.79,2.26,0.017,1.06
50.0,4.0,0.7,1.5,3.0,0.8,2400,0.4,145,79.3,14.06,0.37,1.41,0.097,9.81,2.46,0.017,1.07
50.0,4.0,0.7,1.5,4.5,0.8,2400,0.4,145,79.3,14.06,0.37,1.41,0.097,9.81,2.46,0.017,1.07
50.0,4.0,0.7,2.5,3.0,0.4,1200,0.2,104,80.8,10.1,0.3,1.28,0.097,13.86,1.78,0.017,1.05
50.0,4.0,0.7,2.5,3.0,0.8,2400,0.4,145,79.3,14.06,0.37,1.41,0.097,9.81,2.46,0.017,1.07
50.0,4.0,0.7,2.5,4.5,0.4,1200,0.2,104,80.8,10.1,0.3,1.28,0.097,13.86,1.78,0.017,1.05
50.0,4.0,0.7,2.5,4.5,0.8,2400,0.4,145,79.3,14.06,0.37,1.41,0.097,9.81,2.46,0.017,1.07
50.0,4.0,1.0,2.5,3.0,0.6,7200,0.4,78,80.8,7.57,0.28,1.17,0.097,14.37,1.34,0.017,1.03
50.0,4.0,1.0,2.5,3.0,0.6,14400,0.8,89,73.0,8.66,0.44,1.19,0.097,15.25,1.54,0.017,1.03
50.0,4.0,1.0,2.5,4.5,0.6,7200,0.4,78,80.8,7.57,0.28,1.17,0.097,14.37,1.34,0.017,1.03
50.0,4.0,1.0,2.5,4.5,0.6,14400,0.8,89,73.0,8.64,0.44,1.19,0.097,15.25,1.52,0.017,1.03
55.0,2.0,1.0,1.5,3.0,0.4,2400,0.4,119,70.6,11.58,0.55,1.32,0.097,8.24,2.06,0.017,1.05
55.0,2.0,1.0,1.5,3.0,0.8,2400,0.4,119,70.6,11.51,0.55,1.32,0.097,8.24,1.99,0.017,1.05
55.0,2.0,1.0,1.5,4.5,0.4,2400,0.4,119,70.6,11.5,0.55,1.32,0.097,8.24,1.97,0.017,1.05
55.0,2.0,1.0,2.5,4.5,0.6,2400,0.4,119,70.6,11.56,0.55,1.32,0.097,8.24,2.04,0.017,1.05
55.0,3.0,1.5,2.5,3.0,0.6,2400,0.4,106,73.6,10.28,0.46,1.29,0.097,10.57,1.8,0.017,1.05
55.0,4.0,0.7,1.5,3.0,0.4,1200,0.2,72,81.9,7.0,0.28,1.29,0.097,9.88,1.24,0.017,1.05
55.0,4.0,0.7,1.5,4.5,0.4,1200,0.2,72,81.9,7.0,0.28,1.29,0.097,9.88,1.24,0.017,1.05
40.0,2.0,0.7,1.5,3.0,0.8,7200,0.2,199,76.9,19.16,0.36,1.21,0.096,13.94,3.24,0.016,1.03
40.0,2.0,0.7,1.5,4.5,0.8,7200,0.2,199,76.9,19.16,0.36,1.21,0.096,13.94,3.24,0.016,1.03
40.0,2.0,1.5,2.5,3.0,0.4,3600,0.4,189,67.2,18.11,0.59,1.21,0.096,11.17,2.99,0.016,1.03
40.0,2.0,1.5,2.5,4.5,0.4,3600,0.4,189,67.2,18.11,0.59,1.21,0.096,11.17,2.99,0.016,1.03
40.0,3.0,1.0,1.5,4.5,0.4,2400,0.4,192,70.3,18.48,0.53,1.25,0.096,14.12,3.12,0.016,1.04
40.0,3.0,1.0,2.5,3.0,0.8,2400,0.4,192,70.3,18.39,0.53,1.25,0.096,14.12,3.03,0.016,1.04
40.0,4.0,1.5,2.5,4.5,0.8,14400,0.8,131,69.5,12.56,0.52,1.19,0.096,12.36,2.08,0.016,1.03
45.0,2.0,1.0,1.5,3.0,0.4,7200,0.8,236,66.1,22.73,0.68,1.33,0.096,8.49,3.85,0.016,1.05
45.0,2.0,1.0,1.5,4.5,0.4,7200,0.8,236,66.1,22.69,0.68,1.33,0.096,8.49,3.81,0.016,1.05
45.0,2.0,1.0,2.5,4.5,0.6,7200,0.8,236,66.1,22.74,0.68,1.33,0.096,8.73,3.86,0.016,1.05
45.0,4.0,0.7,1.5,3.0,0.6,3600,0.8,280,65.4,26.98,0.85,1.61,0.096,8.74,4.58,0.016,1.09
45.0,4.0,0.7,1.5,4.5,0.6,3600,0.8,280,65.4,26.98,0.85,1.61,0.096,8.74,4.58,0.016,1.09
45.0,4.0,0.7,2.5,3.0,0.6,3600,0.8,280,65.4,26.79,0.85,1.6,0.096,8.74,4.39,0.016,1.08
45.0,4.0,0.7,2.5,3.0,0.8,3600,0.8,280,65.4,26.9,0.85,1.6,0.096,8.74,4.5,0.016,1.08
45.0,4.0,0.7,2.5,4.5,0.6,3600,0.8,280,65.4,26.79,0.85,1.6,0.096,8.74,4.39,0.016,1.08
45.0,4.0,0.7,2.5,4.5,0.8,3600,0.8,280,65.4,26.9,0.85,1.6,0.096,8.74,4.5,0.016,1.08
45.0,5.0,0.7,2.5,3.0,0.8,2400,0.4,137,78.1,13.21,0.38,1.35,0.096,11.79,2.25,0.016,1.06
45.0,5.0,0.7,2.5,4.5,0.8,2400,0.4,137,78.1,13.21,0.38,1.35,0.096,11.79,2.25,0.016,1.06
50.0,3.0,0.7,1.5,3.0,0.6,3600,0.4,140,76.4,13.45,0.4,1.3,0.096,11.63,2.25,0.016,1.05
50.0,3.0,0.7,1.5,4.5,0.6,3600,0.4,140,76.4,13.45,0.4,1.3,0.096,11.63,2.25,0.016,1.05
50.0,3.0,0.7,2.5,3.0,0.6,3600,0.4,140,76.4,13.46,0.4,1.3,0.096,11.63,2.26,0.016,1.05
50.0,3.0,0.7,2.5,4.5,0.6,3600,0.4,140,76.4,13.46,0.4,1.3,0.096,11.63,2.26,0.016,1.05
50.0,4.0,0.7,1.5,3.0,0.6,2400,0.4,145,79.3,13.9,0.37,1.41,0.096,9.98,2.3,0.016,1.06
50.0,4.0,0.7,1.5,4.5,0.6,2400,0.4,145,79.3,13.9,0.37,1.41,0.096,9.98,2.3,0.016,1.06
50.0,4.0,0.7,2.5,3.0,0.6,2400,0.4,145,79.3,13.9,0.37,1.41,0.096,9.98,2.3,0.016,1.06
50.0,4.0,0.7,2.5,4.5,0.6,2400,0.4,145,79.3,13.9,0.37,1.41,0.096,9.98,2.3,0.016,1.06
50.0,4.0,1.0,1.5,3.0,0.8,7200,0.4,78,80.8,7.5,0.28,1.17,0.096,14.43,1.26,0.016,1.03
50.0,4.0,1.0,1.5,4.5,0.8,7200,0.4,78,80.8,7.5,0.28,1.17,0.096,14.43,1.26,0.016,1.03
55.0,3.0,1.5,2.5,4.5,0.6,2400,0.4,106,73.6,10.14,0.46,1.29,0.096,10.57,1.66,0.016,1.04
55.0,4.0,0.7,1.5,3.0,0.8,1200,0.2,72,81.9,6.89,0.28,1.28,0.096,9.89,1.13,0.016,1.04
55.0,4.0,0.7,1.5,4.5,0.8,1200,0.2,72,81.9,6.89,0.28,1.28,0.096,9.89,1.13,0.016,1.04
55.0,5.0,0.7,1.5,3.0,0.4,1200,0.8,158,69.6,15.18,0.99,2.28,0.096,5.89,2.54,0.016,1.15
55.0,5.0,0.7,1.5,3.0,0.8,1200,0.8,158,69.6,15.17,0.99,2.27,0.096,5.89,2.53,0.016,1.15
55.0,5.0,0.7,1.5,4.5,0.4,1200,0.8,158,69.6,15.18,0.99,2.28,0.096,5.89,2.54,0.016,1.15
55.0,5.0,0.7,1.5,4.5,0.8,1200,0.8,158,69.6,15.17,0.99,2.27,0.096,5.89,2.53,0.016,1.15
55.0,5.0,0.7,2.5,3.0,0.4,1200,0.8,158,69.6,15.18,0.99,2.28,0.096,5.89,2.54,0.016,1.15
55.0,5.0,0.7,2.5,3.0,0.8,1200,0.8,158,69.6,15.17,0.99,2.27,0.096,5.89,2.53,0.016,1.15
55.0,5.0,0.7,2.5,4.5,0.4,1200,0.8,158,69.6,15.18,0.99,2.28,0.096,5.89,2.54,0.016,1.15
55.0,5.0,0.7,2.5,4.5,0.8,1200,0.8,158,69.6,15.17,0.99,2.27,0.096,5.89,2.53,0.016,1.15
40.0,2.0,0.7,2.5,3.0,0.6,3600,0.4,283,72.4,26.79,0.5,1.32,0.095,6.48,4.15,0.015,1.05
40.0,2.0,0.7,2.5,4.5,0.6,3600,0.4,283,72.4,26.79,0.5,1.32,0.095,6.48,4.15,0.015,1.05
40.0,3.0,1.0,2.5,4.5,0.8,2400,0.4,192,70.3,18.21,0.53,1.25,0.095,14.12,2.85,0.015,1.04
40.0,3.0,1.5,2.5,3.0,0.4,2400,0.4,195,68.7,18.5,0.57,1.24,0.095,15.18,2.9,0.015,1.04
40.0,3.0,1.5,2.5,4.5,0.4,2400,0.4,195,68.7,18.5,0.57,1.24,0.095,15.18,2.9,0.015,1.04
40.0,4.0,1.0,2.5,3.0,0.6,14400,0.8,130,68.5,12.32,0.55,1.19,0.095,12.16,1.92,0.015,1.03
40.0,4.0,1.0,2.5,4.5,0.6,14400,0.8,130,68.5,12.35,0.55,1.19,0.095,12.16,1.95,0.015,1.03
40.0,4.0,1.5,2.5,3.0,0.8,14400,0.8,131,69.5,12.47,0.52,1.19,0.095,12.36,1.99,0.015,1.03
45.0,2.0,1.0,1.5,3.0,0.8,7200,0.8,236,66.1,22.42,0.68,1.32,0.095,8.91,3.54,0.015,1.05
45.0,2.0,1.0,1.5,4.5,0.8,7200,0.8,236,66.1,22.35,0.68,1.32,0.095,8.91,3.47,0.015,1.05
45.0,2.0,1.5,2.5,3.0,0.8,1200,0.4,260,68.1,24.69,0.68,1.45,0.095,6.74,3.89,0.015,1.06
45.0,4.0,0.7,2.5,3.0,0.6,7200,0.2,96,86.5,9.16,0.18,1.18,0.095,12.76,1.48,0.015,1.03
45.0,4.0,0.7,2.5,4.5,0.6,7200,0.2,96,86.5,9.16,0.18,1.18,0.095,12.76,1.48,0.015,1.03
50.0,4.0,0.7,2.5,3.0,0.6,1200,0.2,104,80.8,9.83,0.3,1.27,0.095,13.98,1.51,0.015,1.04
50.0,4.0,0.7,2.5,3.0,0.8,1200,0.2,104,80.8,9.89,0.3,1.27,0.095,13.87,1.57,0.015,1.04
50.0,4.0,0.7,2.5,4.5,0.6,1200,0.2,104,80.8,9.83,0.3,1.27,0.095,13.98,1.51,0.015,1.04
50.0,4.0,0.7,2.5,4.5,0.8,1200,0.2,104,80.8,9.89,0.3,1.27,0.095,13.87,1.57,0.015,1.04
55.0,2.0,1.0,1.5,3.0,0.6,2400,0.4,119,70.6,11.34,0.55,1.32,0.095,8.24,1.82,0.015,1.05
55.0,2.0,1.0,1.5,4.5,0.8,2400,0.4,119,70.6,11.32,0.55,1.32,0.095,8.24,1.8,0.015,1.05
55.0,4.0,0.7,1.5,3.0,0.6,1200,0.2,72,81.9,6.83,0.28,1.28,0.095,10.0,1.07,0.015,1.04
55.0,4.0,0.7,1.5,3.0,0.8,2400,0.4,93,77.4,8.81,0.41,1.41,0.095,7.16,1.37,0.015,1.06
55.0,4.0,0.7,1.5,4.5,0.6,1200,0.2,72,81.9,6.83,0.28,1.28,0.095,10.0,1.07,0.015,1.04
55.0,4.0,0.7,1.5,4.5,0.8,2400,0.4,93,77.4,8.81,0.41,1.41,0.095,7.16,1.37,0.015,1.06
55.0,4.0,0.7,2.5,3.0,0.8,2400,0.4,93,77.4,8.81,0.41,1.41,0.095,7.16,1.37,0.015,1.06
55.0,4.0,0.7,2.5,4.5,0.8,2400,0.4,93,77.4,8.81,0.41,1.41,0.095,7.16,1.37,0.015,1.06
55.0,5.0,0.7,1.5,3.0,0.6,1200,0.8,158,69.6,15.06,0.99,2.27,0.095,5.89,2.42,0.015,1.15
55.0,5.0,0.7,1.5,4.5,0.6,1200,0.8,158,69.6,15.06,0.99,2.27,0.095,5.89,2.42,0.015,1.15
55.0,5.0,0.7,2.5,3.0,0.6,1200,0.8,158,69.6,15.06,0.99,2.27,0.095,5.89,2.42,0.015,1.15
55.0,5.0,0.7,2.5,4.5,0.6,1200,0.8,158,69.6,15.06,0.99,2.27,0.095,5.89,2.42,0.015,1.15
40.0,2.0,0.7,1.5,3.0,0.6,3600,0.4,283,72.4,26.55,0.5,1.32,0.094,6.48,3.91,0.014,1.04
40.0,2.0,0.7,1.5,4.5,0.6,3600,0.4,283,72.4,26.55,0.5,1.32,0.094,6.48,3.91,0.014,1.04
40.0,2.0,0.7,2.5,3.0,0.8,3600,0.4,283,72.4,26.48,0.5,1.32,0.094,6.44,3.84,0.014,1.04
40.0,2.0,0.7,2.5,4.5,0.8,3600,0.4,283,72.4,26.48,0.5,1.32,0.094,6.44,3.84,0.014,1.04
40.0,2.0,1.0,2.5,3.0,0.4,3600,0.8,411,65.0,38.6,0.8,1.49,0.094,6.05,5.72,0.014,1.06
40.0,2.0,1.0,2.5,3.0,0.6,14400,0.4,159,69.8,14.87,0.5,1.15,0.094,12.3,2.15,0.014,1.02
40.0,2.0,1.0,2.5,4.5,0.4,3600,0.8,411,65.0,38.6,0.8,1.49,0.094,6.05,5.72,0.014,1.06
40.0,2.0,1.0,2.5,4.5,0.6,14400,0.4,159,69.8,14.93,0.5,1.16,0.094,12.3,2.21,0.014,1.02
40.0,3.0,1.0,2.5,3.0,0.4,3600,0.4,163,73.6,15.36,0.43,1.2,0.094,14.08,2.32,0.014,1.03
40.0,3.0,1.0,2.5,4.5,0.4,3600,0.4,163,73.6,15.36,0.43,1.2,0.094,14.08,2.32,0.014,1.03
40.0,4.0,0.7,1.5,3.0,0.4,1200,0.4,337,71.5,31.6,0.64,1.6,0.094,8.36,4.64,0.014,1.07
40.0,4.0,0.7,1.5,4.5,0.4,1200,0.4,337,71.5,31.6,0.64,1.6,0.094,8.36,4.64,0.014,1.07
40.0,4.0,0.7,2.5,3.0,0.4,1200,0.4,337,71.5,31.56,0.64,1.6,0.094,8.36,4.61,0.014,1.07
40.0,4.0,0.7,2.5,4.5,0.4,1200,0.4,337,71.5,31.56,0.64,1.6,0.094,8.36,4.61,0.014,1.07
45.0,2.0,1.5,2.5,4.5,0.8,1200,0.4,260,68.1,24.5,0.68,1.45,0.094,6.74,3.7,0.014,1.06
45.0,4.0,0.7,1.5,3.0,0.4,7200,0.2,96,86.5,9.07,0.18,1.17,0.094,12.64,1.39,0.014,1.03
45.0,4.0,0.7,1.5,4.5,0.4,7200,0.2,96,86.5,9.07,0.18,1.17,0.094,12.64,1.39,0.014,1.03
45.0,4.0,1.0,2.5,3.0,0.8,14400,0.8,119,71.4,11.15,0.48,1.19,0.094,14.43,1.63,0.014,1.03
45.0,4.0,1.0,2.5,4.5,0.8,14400,0.8,119,71.4,11.15,0.48,1.19,0.094,14.43,1.63,0.014,1.03
45.0,5.0,0.7,1.5,3.0,0.4,2400,0.8,297,66.7,27.98,0.93,1.87,0.094,5.54,4.22,0.014,1.1
45.0,5.0,0.7,1.5,4.5,0.4,2400,0.8,297,66.7,27.98,0.93,1.87,0.094,5.54,4.22,0.014,1.1
45.0,5.0,0.7,2.5,3.0,0.4,2400,0.8,297,66.7,27.93,0.93,1.87,0.094,5.54,4.17,0.014,1.1
45.0,5.0,0.7,2.5,4.5,0.4,2400,0.8,297,66.7,27.93,0.93,1.87,0.094,5.54,4.17,0.014,1.1
50.0,4.0,0.7,1.5,3.0,0.4,1200,0.2,104,80.8,9.73,0.3,1.27,0.094,13.86,1.42,0.014,1.04
50.0,4.0,0.7,1.5,4.5,0.4,1200,0.2,104,80.8,9.73,0.3,1.27,0.094,13.86,1.42,0.014,1.04
55.0,2.0,0.7,1.5,3.0,0.6,14400,0.8,98,72.4,9.17,0.48,1.25,0.094,5.64,1.33,0.014,1.03
55.0,2.0,1.0,1.5,4.5,0.6,2400,0.4,119,70.6,11.2,0.55,1.31,0.094,8.24,1.68,0.014,1.04
55.0,4.0,0.7,1.5,3.0,0.4,2400,0.4,93,77.4,8.78,0.41,1.41,0.094,7.16,1.34,0.014,1.06
55.0,4.0,0.7,1.5,4.5,0.4,2400,0.4,93,77.4,8.78,0.41,1.41,0.094,7.16,1.34,0.014,1.06
55.0,4.0,0.7,2.5,3.0,0.4,2400,0.4,93,77.4,8.78,0.41,1.41,0.094,7.16,1.34,0.014,1.06
55.0,4.0,0.7,2.5,4.5,0.4,2400,0.4,93,77.4,8.78,0.41,1.41,0.094,7.16,1.34,0.014,1.06
40.0,2.0,0.7,1.5,3.0,0.8,3600,0.4,283,72.4,26.32,0.5,1.32,0.093,6.44,3.68,0.013,1.04
40.0,2.0,0.7,1.5,4.5,0.8,3600,0.4,283,72.4,26.32,0.5,1.32,0.093,6.44,3.68,0.013,1.04
40.0,2.0,1.0,1.5,3.0,0.4,3600,0.8,411,65.0,38.39,0.8,1.49,0.093,6.05,5.51,0.013,1.06
40.0,2.0,1.0,1.5,4.5,0.4,3600,0.8,411,65.0,38.39,0.8,1.49,0.093,6.05,5.51,0.013,1.06
40.0,3.0,1.0,1.5,3.0,0.6,2400,0.4,192,70.3,17.92,0.53,1.24,0.093,14.12,2.56,0.013,1.03
40.0,3.0,1.0,1.5,4.5,0.6,2400,0.4,192,70.3,17.78,0.52,1.24,0.093,14.12,2.42,0.013,1.03
40.0,4.0,0.7,1.5,3.0,0.6,1200,0.4,337,71.5,31.41,0.64,1.6,0.093,8.36,4.45,0.013,1.07
40.0,4.0,0.7,1.5,3.0,0.8,1200,0.4,337,71.5,31.4,0.64,1.6,0.093,8.36,4.44,0.013,1.07
40.0,4.0,0.7,1.5,4.5,0.6,1200,0.4,337,71.5,31.41,0.64,1.6,0.093,8.36,4.45,0.013,1.07
40.0,4.0,0.7,1.5,4.5,0.8,1200,0.4,337,71.5,31.4,0.64,1.6,0.093,8.36,4.44,0.013,1.07
40.0,4.0,0.7,2.5,3.0,0.6,1200,0.4,337,71.5,31.31,0.64,1.6,0.093,8.36,4.35,0.013,1.07
40.0,4.0,0.7,2.5,3.0,0.8,1200,0.4,337,71.5,31.31,0.64,1.6,0.093,8.36,4.35,0.013,1.07
40.0,4.0,0.7,2.5,4.5,0.6,1200,0.4,337,71.5,31.31,0.64,1.6,0.093,8.36,4.35,0.013,1.07
40.0,4.0,0.7,2.5,4.5,0.8,1200,0.4,337,71.5,31.31,0.64,1.6,0.093,8.36,4.35,0.013,1.07
45.0,2.0,1.0,1.5,3.0,0.6,7200,0.8,236,66.1,22.02,0.67,1.32,0.093,8.73,3.14,0.013,1.04
45.0,2.0,1.0,1.5,4.5,0.6,7200,0.8,236,66.1,21.93,0.67,1.31,0.093,8.73,3.04,0.013,1.04
45.0,4.0,1.0,2.5,3.0,0.6,14400,0.8,119,71.4,11.04,0.48,1.19,0.093,14.26,1.52,0.013,1.03
45.0,4.0,1.0,2.5,4.5,0.6,14400,0.8,119,71.4,11.04,0.48,1.19,0.093,14.26,1.52,0.013,1.03
45.0,5.0,0.7,1.5,3.0,0.6,2400,0.8,297,66.7,27.56,0.93,1.86,0.093,5.54,3.8,0.013,1.09
45.0,5.0,0.7,1.5,3.0,0.8,2400,0.8,297,66.7,27.72,0.93,1.86,0.093,5.54,3.96,0.013,1.09
45.0,5.0,0.7,1.5,4.5,0.6,2400,0.8,297,66.7,27.56,0.93,1.86,0.093,5.54,3.8,0.013,1.09
45.0,5.0,0.7,1.5,4.5,0.8,2400,0.8,297,66.7,27.72,0.93,1.86,0.093,5.54,3.96,0.013,1.09
45.0,5.0,0.7,2.5,3.0,0.8,2400,0.8,297,66.7,27.6,0.93,1.86,0.093,5.54,3.84,0.013,1.09
45.0,5.0,0.7,2.5,4.5,0.8,2400,0.8,297,66.7,27.6,0.93,1.86,0.093,5.54,3.84,0.013,1.09
50.0,2.0,1.0,1.5,3.0,0.4,3600,0.8,182,63.2,16.89,0.85,1.46,0.093,4.95,2.33,0.013,1.06
50.0,2.0,1.0,1.5,4.5,0.4,3600,0.8,182,63.2,16.89,0.85,1.46,0.093,4.95,2.33,0.013,1.06
55.0,2.0,0.7,1.5,3.0,0.8,14400,0.8,98,72.4,9.16,0.48,1.25,0.093,5.64,1.32,0.013,1.03
55.0,2.0,0.7,1.5,4.5,0.6,14400,0.8,98,72.4,9.14,0.48,1.25,0.093,5.64,1.3,0.013,1.03
55.0,2.0,0.7,1.5,4.5,0.8,14400,0.8,98,72.4,9.14,0.48,1.25,0.093,5.64,1.3,0.013,1.03
55.0,4.0,0.7,1.5,3.0,0.6,2400,0.4,93,77.4,8.64,0.41,1.4,0.093,7.16,1.2,0.013,1.05
55.0,4.0,0.7,1.5,4.5,0.6,2400,0.4,93,77.4,8.64,0.41,1.4,0.093,7.16,1.2,0.013,1.05
55.0,4.0,0.7,2.5,3.0,0.6,2400,0.4,93,77.4,8.64,0.41,1.4,0.093,7.16,1.2,0.013,1.05
55.0,4.0,0.7,2.5,4.5,0.6,2400,0.4,93,77.4,8.64,0.41,1.4,0.093,7.16,1.2,0.013,1.05
40.0,2.0,1.0,2.5,4.5,0.6,14400,0.2,156,69.2,14.31,0.51,1.15,0.092,12.3,1.83,0.012,1.02
40.0,3.0,1.0,1.5,3.0,0.8,2400,0.4,192,70.3,17.59,0.52,1.24,0.092,14.12,2.23,0.012,1.03
45.0,2.0,1.5,2.5,3.0,0.6,3600,0.8,297,62.6,27.46,0.87,1.46,0.092,5.97,3.7,0.012,1.05
45.0,2.0,1.5,2.5,4.5,0.6,3600,0.8,297,62.6,27.46,0.87,1.46,0.092,5.97,3.7,0.012,1.05
45.0,4.0,1.0,1.5,3.0,0.6,14400,0.8,119,71.4,10.98,0.48,1.19,0.092,14.26,1.45,0.012,1.02
45.0,4.0,1.0,1.5,3.0,0.8,14400,0.8,119,71.4,10.93,0.48,1.19,0.092,14.43,1.41,0.012,1.02
45.0,4.0,1.0,1.5,4.5,0.6,14400,0.8,119,71.4,10.98,0.48,1.19,0.092,14.26,1.45,0.012,1.02
45.0,4.0,1.0,1.5,4.5,0.8,14400,0.8,119,71.4,10.93,0.48,1.19,0.092,14.43,1.41,0.012,1.02
45.0,5.0,0.7,2.5,3.0,0.6,2400,0.8,297,66.7,27.44,0.93,1.85,0.092,5.54,3.68,0.012,1.09
45.0,5.0,0.7,2.5,4.5,0.6,2400,0.8,297,66.7,27.44,0.93,1.85,0.092,5.54,3.68,0.012,1.09
50.0,2.0,1.0,1.5,3.0,0.8,3600,0.8,182,63.2,16.74,0.85,1.46,0.092,5.04,2.18,0.012,1.05
50.0,2.0,1.0,1.5,4.5,0.8,3600,0.8,182,63.2,16.74,0.85,1.46,0.092,5.04,2.18,0.012,1.05
50.0,2.0,1.0,2.5,3.0,0.4,3600,0.8,182,63.2,16.8,0.85,1.46,0.092,4.95,2.24,0.012,1.05
50.0,2.0,1.0,2.5,4.5,0.4,3600,0.8,182,63.2,16.8,0.85,1.46,0.092,4.95,2.24,0.012,1.05
50.0,2.0,1.5,2.5,3.0,0.4,3600,0.8,186,62.4,17.09,0.88,1.46,0.092,5.01,2.21,0.012,1.05
50.0,2.0,1.5,2.5,4.5,0.4,3600,0.8,186,62.4,17.09,0.88,1.46,0.092,5.01,2.21,0.012,1.05
50.0,4.0,0.7,1.5,3.0,0.8,1200,0.2,104,80.8,9.52,0.3,1.26,0.092,13.87,1.2,0.012,1.03
50.0,4.0,0.7,1.5,4.5,0.8,1200,0.2,104,80.8,9.52,0.3,1.26,0.092,13.87,1.2,0.012,1.03
50.0,4.0,1.0,1.5,3.0,0.6,14400,0.8,89,73.0,8.14,0.43,1.18,0.091,15.25,1.02,0.012,1.02
50.0,4.0,1.0,1.5,3.0,0.8,14400,0.8,89,73.0,8.2,0.43,1.18,0.092,15.3,1.08,0.012,1.02
50.0,4.0,1.0,1.5,4.5,0.8,14400,0.8,89,73.0,8.17,0.43,1.18,0.092,15.3,1.05,0.012,1.02
50.0,4.0,1.5,2.5,3.0,0.6,1200,0.8,238,68.5,21.87,0.92,2.0,0.092,8.0,2.83,0.012,1.1
50.0,4.0,1.5,2.5,3.0,0.8,1200,0.8,237,67.9,21.81,0.94,1.98,0.092,8.0,2.85,0.012,1.1
50.0,4.0,1.5,2.5,4.5,0.6,1200,0.8,238,68.5,21.87,0.92,2.0,0.092,8.0,2.83,0.012,1.1
50.0,4.0,1.5,2.5,4.5,0.8,1200,0.8,237,67.9,21.76,0.94,1.98,0.092,8.0,2.8,0.012,1.09
55.0,2.0,0.7,2.5,3.0,0.4,1200,0.4,145,73.8,13.28,0.57,1.6,0.092,4.0,1.68,0.012,1.06
55.0,2.0,0.7,2.5,4.5,0.4,1200,0.4,145,73.8,13.28,0.57,1.6,0.092,4.0,1.68,0.012,1.06
55.0,2.0,1.5,2.5,3.0,0.8,3600,0.8,131,58.8,12.05,1.03,1.47,0.092,4.78,1.57,0.012,1.05
55.0,2.0,1.5,2.5,4.5,0.8,3600,0.8,131,58.8,12.0,1.03,1.47,0.092,4.78,1.51,0.012,1.05
55.0,3.0,1.5,2.5,3.0,0.8,2400,0.8,141,63.1,12.92,0.94,1.61,0.092,7.15,1.64,0.012,1.06
40.0,2.0,1.0,1.5,3.0,0.6,3600,0.8,411,65.0,37.46,0.8,1.47,0.091,6.09,4.58,0.011,1.05
40.0,2.0,1.0,1.5,4.5,0.6,3600,0.8,411,65.0,37.46,0.8,1.47,0.091,6.09,4.58,0.011,1.05
40.0,2.0,1.0,2.5,3.0,0.6,3600,0.8,411,65.0,37.54,0.8,1.48,0.091,6.09,4.66,0.011,1.05
40.0,2.0,1.0,2.5,3.0,0.6,14400,0.2,156,69.2,14.24,0.51,1.15,0.091,12.3,1.76,0.011,1.02
40.0,2.0,1.0,2.5,4.5,0.6,3600,0.8,411,65.0,37.54,0.8,1.48,0.091,6.09,4.66,0.011,1.05
40.0,2.0,1.5,2.5,3.0,0.4,1200,0.4,351,70.1,31.8,0.6,1.42,0.091,13.76,3.72,0.011,1.04
40.0,2.0,1.5,2.5,4.5,0.4,1200,0.4,351,70.1,31.8,0.6,1.42,0.091,13.76,3.72,0.011,1.04
40.0,3.0,1.0,1.5,3.0,0.4,3600,0.4,163,73.6,14.78,0.43,1.19,0.091,14.08,1.74,0.011,1.02
40.0,3.0,1.0,1.5,4.5,0.4,3600,0.4,163,73.6,14.78,0.43,1.19,0.091,14.08,1.74,0.011,1.02
40.0,3.0,1.0,1.5,4.5,0.8,2400,0.4,192,70.3,17.4,0.52,1.24,0.091,14.12,2.04,0.011,1.03
45.0,2.0,1.5,2.5,3.0,0.4,3600,0.8,301,63.1,27.27,0.85,1.45,0.091,5.98,3.19,0.011,1.05
45.0,2.0,1.5,2.5,4.5,0.4,3600,0.8,301,63.1,27.27,0.85,1.45,0.091,5.98,3.19,0.011,1.05
45.0,3.0,0.7,2.5,3.0,0.4,2400,0.4,204,75.0,18.53,0.45,1.34,0.091,10.55,2.21,0.011,1.04
45.0,3.0,0.7,2.5,4.5,0.4,2400,0.4,204,75.0,18.53,0.45,1.34,0.091,10.55,2.21,0.011,1.04
45.0,4.0,0.7,1.5,3.0,0.6,7200,0.2,96,86.5,8.71,0.18,1.17,0.091,12.76,1.03,0.011,1.02
45.0,4.0,0.7,1.5,4.5,0.6,7200,0.2,96,86.5,8.71,0.18,1.17,0.091,12.76,1.03,0.011,1.02
45.0,4.0,0.7,2.5,3.0,0.8,7200,0.4,109,83.5,9.91,0.24,1.19,0.091,12.81,1.2,0.011,1.02
45.0,4.0,0.7,2.5,4.5,0.8,7200,0.4,109,83.5,9.91,0.24,1.19,0.091,12.81,1.2,0.011,1.02
50.0,2.0,0.7,2.5,3.0,0.4,2400,0.4,186,74.7,16.91,0.48,1.42,0.091,6.56,2.03,0.011,1.04
50.0,2.0,0.7,2.5,4.5,0.4,2400,0.4,186,74.7,16.91,0.48,1.42,0.091,6.56,2.03,0.011,1.04
50.0,2.0,1.0,2.5,3.0,0.8,3600,0.8,182,63.2,16.65,0.85,1.46,0.091,5.04,2.09,0.011,1.05
50.0,2.0,1.0,2.5,4.5,0.8,3600,0.8,182,63.2,16.65,0.85,1.46,0.091,5.04,2.09,0.011,1.05
50.0,4.0,0.7,1.5,3.0,0.6,1200,0.2,104,80.8,9.46,0.3,1.26,0.091,13.98,1.14,0.011,1.03
50.0,4.0,0.7,1.5,4.5,0.6,1200,0.2,104,80.8,9.46,0.3,1.26,0.091,13.98,1.14,0.011,1.03
50.0,4.0,1.0,1.5,3.0,0.4,7200,0.2,68,79.4,6.17,0.29,1.13,0.091,14.14,0.73,0.011,1.01
50.0,4.0,1.0,1.5,4.5,0.4,7200,0.2,68,79.4,6.17,0.29,1.13,0.091,14.14,0.73,0.011,1.01
50.0,4.0,1.0,1.5,4.5,0.6,14400,0.8,89,73.0,8.12,0.43,1.18,0.091,15.25,1.0,0.011,1.02
55.0,2.0,0.7,1.5,3.0,0.4,1200,0.4,145,73.8,13.2,0.57,1.59,0.091,4.0,1.6,0.011,1.06
55.0,2.0,0.7,1.5,3.0,0.8,1200,0.4,145,73.8,13.19,0.57,1.59,0.091,4.0,1.59,0.011,1.06
55.0,2.0,0.7,1.5,4.5,0.4,1200,0.4,145,73.8,13.2,0.57,1.59,0.091,4.0,1.6,0.011,1.06
55.0,2.0,0.7,1.5,4.5,0.8,1200,0.4,145,73.8,13.19,0.57,1.59,0.091,4.0,1.59,0.011,1.06
55.0,2.0,0.7,2.5,3.0,0.6,1200,0.4,145,73.8,13.16,0.56,1.59,0.091,4.0,1.56,0.011,1.06
55.0,2.0,0.7,2.5,3.0,0.8,1200,0.4,145,73.8,13.27,0.57,1.6,0.092,4.0,1.67,0.011,1.06
55.0,2.0,0.7,2.5,4.5,0.6,1200,0.4,145,73.8,13.16,0.56,1.59,0.091,4.0,1.56,0.011,1.06
55.0,2.0,0.7,2.5,4.5,0.8,1200,0.4,145,73.8,13.27,0.57,1.6,0.092,4.0,1.67,0.011,1.06
55.0,3.0,1.5,2.5,4.5,0.8,2400,0.8,141,63.1,12.86,0.94,1.61,0.091,7.15,1.58,0.011,1.06
40.0,2.0,0.7,2.5,3.0,0.4,2400,0.4,323,70.3,29.03,0.58,1.37,0.09,6.69,3.19,0.01,1.04
40.0,2.0,0.7,2.5,4.5,0.4,2400,0.4,323,70.3,29.03,0.58,1.37,0.09,6.69,3.19,0.01,1.04
40.0,2.0,1.0,1.5,3.0,0.8,3600,0.8,411,65.0,37.06,0.79,1.47,0.09,6.09,4.18,0.01,1.05
40.0,2.0,1.0,1.5,4.5,0.8,3600,0.8,411,65.0,37.06,0.79,1.47,0.09,6.09,4.18,0.01,1.05
40.0,2.0,1.0,2.5,3.0,0.8,3600,0.8,411,65.0,36.99,0.79,1.47,0.09,6.09,4.11,0.01,1.04
40.0,2.0,1.0,2.5,3.0,0.8,14400,0.2,154,69.5,13.82,0.5,1.15,0.09,12.48,1.5,0.01,1.02
40.0,2.0,1.0,2.5,3.0,0.8,14400,0.4,157,70.1,14.05,0.49,1.15,0.089,12.48,1.49,0.01,1.02
40.0,2.0,1.0,2.5,4.5,0.8,3600,0.8,411,65.0,36.99,0.79,1.47,0.09,6.09,4.11,0.01,1.04
40.0,2.0,1.0,2.5,4.5,0.8,14400,0.2,154,69.5,13.78,0.5,1.15,0.089,12.48,1.46,0.01,1.01
40.0,4.0,1.0,2.5,3.0,0.8,14400,0.8,130,70.0,11.73,0.51,1.18,0.09,12.28,1.33,0.01,1.02
40.0,4.0,1.0,2.5,4.5,0.8,14400,0.8,130,70.0,11.66,0.51,1.18,0.09,12.28,1.26,0.01,1.02
45.0,3.0,0.7,1.5,3.0,0.4,2400,0.4,204,75.0,18.43,0.45,1.34,0.09,10.55,2.11,0.01,1.04
45.0,3.0,0.7,1.5,4.5,0.4,2400,0.4,204,75.0,18.43,0.45,1.34,0.09,10.55,2.11,0.01,1.04
45.0,3.0,0.7,2.5,3.0,0.8,2400,0.4,204,75.0,18.31,0.44,1.33,0.09,10.61,1.99,0.01,1.03
45.0,3.0,0.7,2.5,4.5,0.8,2400,0.4,204,75.0,18.31,0.44,1.33,0.09,10.61,1.99,0.01,1.03
50.0,2.0,0.7,1.5,3.0,0.4,2400,0.4,186,74.7,16.83,0.48,1.42,0.09,6.56,1.95,0.01,1.04
50.0,2.0,0.7,1.5,4.5,0.4,2400,0.4,186,74.7,16.83,0.48,1.42,0.09,6.56,1.95,0.01,1.04
50.0,2.0,0.7,2.5,3.0,0.8,2400,0.4,186,74.7,16.71,0.48,1.41,0.09,6.51,1.83,0.01,1.04
50.0,2.0,0.7,2.5,4.5,0.8,2400,0.4,186,74.7,16.71,0.48,1.41,0.09,6.51,1.83,0.01,1.04
50.0,2.0,1.0,1.5,3.0,0.6,3600,0.8,182,63.2,16.41,0.85,1.45,0.09,5.07,1.85,0.01,1.04
50.0,2.0,1.0,1.5,4.5,0.6,3600,0.8,182,63.2,16.41,0.85,1.45,0.09,5.07,1.85,0.01,1.04
50.0,2.0,1.0,2.5,3.0,0.6,3600,0.8,182,63.2,16.32,0.84,1.45,0.09,5.07,1.76,0.01,1.04
50.0,2.0,1.0,2.5,4.5,0.6,3600,0.8,182,63.2,16.32,0.84,1.45,0.09,5.07,1.76,0.01,1.04
50.0,4.0,0.7,1.5,3.0,0.4,3600,0.4,118,77.1,10.65,0.38,1.28,0.09,14.49,1.21,0.01,1.03
50.0,4.0,0.7,1.5,4.5,0.4,3600,0.4,118,77.1,10.65,0.38,1.28,0.09,14.49,1.21,0.01,1.03
50.0,4.0,0.7,2.5,3.0,0.4,3600,0.4,118,77.1,10.67,0.38,1.28,0.09,14.49,1.23,0.01,1.03
50.0,4.0,0.7,2.5,4.5,0.4,3600,0.4,118,77.1,10.67,0.38,1.28,0.09,14.49,1.23,0.01,1.03
50.0,4.0,1.0,1.5,3.0,0.6,7200,0.4,78,80.8,7.04,0.28,1.16,0.09,14.37,0.8,0.01,1.02
50.0,4.0,1.0,1.5,4.5,0.6,7200,0.4,78,80.8,7.04,0.28,1.16,0.09,14.37,0.8,0.01,1.02
50.0,5.0,0.7,1.5,3.0,0.4,1200,0.8,236,69.5,21.32,0.91,2.07,0.09,5.94,2.45,0.01,1.09
50.0,5.0,0.7,1.5,3.0,0.6,1200,0.8,236,69.5,21.2,0.91,2.07,0.09,5.94,2.33,0.01,1.09
50.0,5.0,0.7,1.5,3.0,0.8,1200,0.8,236,69.5,21.31,0.91,2.07,0.09,5.94,2.43,0.01,1.09
50.0,5.0,0.7,1.5,4.5,0.4,1200,0.8,236,69.5,21.32,0.91,2.07,0.09,5.94,2.45,0.01,1.09
50.0,5.0,0.7,1.5,4.5,0.6,1200,0.8,236,69.5,21.2,0.91,2.07,0.09,5.94,2.33,0.01,1.09
50.0,5.0,0.7,1.5,4.5,0.8,1200,0.8,236,69.5,21.31,0.91,2.07,0.09,5.94,2.43,0.01,1.09
50.0,5.0,0.7,2.5,3.0,0.4,1200,0.8,236,69.5,21.32,0.91,2.07,0.09,5.94,2.45,0.01,1.09
50.0,5.0,0.7,2.5,3.0,0.6,1200,0.8,236,69.5,21.2,0.91,2.07,0.09,5.94,2.33,0.01,1.09
50.0,5.0,0.7,2.5,3.0,0.8,1200,0.8,236,69.5,21.31,0.91,2.07,0.09,5.94,2.43,0.01,1.09
50.0,5.0,0.7,2.5,4.5,0.4,1200,0.8,236,69.5,21.32,0.91,2.07,0.09,5.94,2.45,0.01,1.09
50.0,5.0,0.7,2.5,4.5,0.6,1200,0.8,236,69.5,21.2,0.91,2.07,0.09,5.94,2.33,0.01,1.09
50.0,5.0,0.7,2.5,4.5,0.8,1200,0.8,236,69.5,21.31,0.91,2.07,0.09,5.94,2.43,0.01,1.09
55.0,2.0,0.7,1.5,3.0,0.6,1200,0.4,145,73.8,13.08,0.56,1.59,0.09,4.0,1.48,0.01,1.06
55.0,2.0,0.7,1.5,4.5,0.6,1200,0.4,145,73.8,13.08,0.56,1.59,0.09,4.0,1.48,0.01,1.06
40.0,2.0,0.7,1.5,3.0,0.4,2400,0.4,323,70.3,28.71,0.58,1.36,0.089,6.69,2.87,0.009,1.03
40.0,2.0,0.7,1.5,4.5,0.4,2400,0.4,323,70.3,28.71,0.58,1.36,0.089,6.69,2.87,0.009,1.03
40.0,2.0,1.0,2.5,4.5,0.8,14400,0.4,157,70.1,14.01,0.49,1.15,0.089,12.48,1.45,0.009,1.01
40.0,2.0,1.5,2.5,3.0,0.4,2400,0.4,241,64.3,21.42,0.7,1.26,0.089,12.73,2.14,0.009,1.02
40.0,2.0,1.5,2.5,4.5,0.4,2400,0.4,241,64.3,21.42,0.7,1.26,0.089,12.73,2.14,0.009,1.02
40.0,3.0,1.5,2.5,3.0,0.8,3600,0.4,157,69.4,13.91,0.52,1.18,0.089,13.52,1.35,0.009,1.02
40.0,3.0,1.5,2.5,4.5,0.8,3600,0.4,157,69.4,13.91,0.52,1.18,0.089,13.52,1.35,0.009,1.02
45.0,2.0,1.5,2.5,3.0,0.8,3600,0.8,293,62.8,26.14,0.86,1.45,0.089,5.97,2.7,0.009,1.04
45.0,2.0,1.5,2.5,4.5,0.8,3600,0.8,293,62.8,26.14,0.86,1.45,0.089,5.97,2.7,0.009,1.04
45.0,3.0,0.7,1.5,3.0,0.6,2400,0.4,204,75.0,18.05,0.44,1.33,0.088,10.78,1.73,0.009,1.03
45.0,3.0,0.7,1.5,3.0,0.8,2400,0.4,204,75.0,18.21,0.44,1.33,0.089,10.61,1.89,0.009,1.03
45.0,3.0,0.7,1.5,4.5,0.6,2400,0.4,204,75.0,18.05,0.44,1.33,0.088,10.78,1.73,0.009,1.03
45.0,3.0,0.7,1.5,4.5,0.8,2400,0.4,204,75.0,18.21,0.44,1.33,0.089,10.61,1.89,0.009,1.03
45.0,3.0,0.7,2.5,3.0,0.6,2400,0.4,204,75.0,18.15,0.44,1.33,0.089,10.78,1.83,0.009,1.03
45.0,3.0,0.7,2.5,4.5,0.6,2400,0.4,204,75.0,18.15,0.44,1.33,0.089,10.78,1.83,0.009,1.03
45.0,3.0,1.5,2.5,3.0,0.4,1200,0.4,221,68.8,19.67,0.61,1.35,0.089,10.52,1.99,0.009,1.03
45.0,3.0,1.5,2.5,4.5,0.4,1200,0.4,221,68.8,19.58,0.61,1.35,0.089,10.52,1.9,0.009,1.03
50.0,2.0,0.7,1.5,3.0,0.6,2400,0.4,186,74.7,16.47,0.48,1.41,0.089,6.68,1.59,0.009,1.04
50.0,2.0,0.7,1.5,3.0,0.8,2400,0.4,186,74.7,16.63,0.48,1.41,0.089,6.51,1.75,0.009,1.04
50.0,2.0,0.7,1.5,4.5,0.6,2400,0.4,186,74.7,16.47,0.48,1.41,0.089,6.68,1.59,0.009,1.04
50.0,2.0,0.7,1.5,4.5,0.8,2400,0.4,186,74.7,16.63,0.48,1.41,0.089,6.51,1.75,0.009,1.04
50.0,2.0,0.7,2.5,3.0,0.6,2400,0.4,186,74.7,16.55,0.48,1.41,0.089,6.68,1.67,0.009,1.04
50.0,2.0,0.7,2.5,4.5,0.6,2400,0.4,186,74.7,16.55,0.48,1.41,0.089,6.68,1.67,0.009,1.04
50.0,4.0,0.7,1.5,3.0,0.8,3600,0.4,118,77.1,10.5,0.38,1.27,0.089,14.58,1.06,0.009,1.03
50.0,4.0,0.7,1.5,4.5,0.8,3600,0.4,118,77.1,10.5,0.38,1.27,0.089,14.58,1.06,0.009,1.03
50.0,4.0,0.7,2.5,3.0,0.8,3600,0.4,118,77.1,10.51,0.38,1.27,0.089,14.58,1.07,0.009,1.03
50.0,4.0,0.7,2.5,4.5,0.8,3600,0.4,118,77.1,10.51,0.38,1.27,0.089,14.58,1.07,0.009,1.03
55.0,2.0,1.0,1.5,3.0,0.4,3600,0.8,128,59.4,11.35,0.99,1.45,0.089,5.32,1.11,0.009,1.04
55.0,2.0,1.0,1.5,4.5,0.4,3600,0.8,128,59.4,11.35,0.99,1.45,0.089,5.32,1.11,0.009,1.04
55.0,4.0,0.7,1.5,3.0,0.4,2400,0.8,132,67.4,11.75,0.85,1.77,0.089,5.58,1.19,0.009,1.06
55.0,4.0,0.7,1.5,3.0,0.8,2400,0.8,132,67.4,11.78,0.86,1.77,0.089,5.58,1.22,0.009,1.06
55.0,4.0,0.7,1.5,4.5,0.4,2400,0.8,132,67.4,11.75,0.85,1.77,0.089,5.58,1.19,0.009,1.06
55.0,4.0,0.7,1.5,4.5,0.8,2400,0.8,132,67.4,11.78,0.86,1.77,0.089,5.58,1.22,0.009,1.06
55.0,4.0,0.7,2.5,3.0,0.4,2400,0.8,132,67.4,11.75,0.85,1.77,0.089,5.58,1.19,0.009,1.06
55.0,4.0,0.7,2.5,3.0,0.8,2400,0.8,132,67.4,11.78,0.86,1.77,0.089,5.58,1.22,0.009,1.06
55.0,4.0,0.7,2.5,4.5,0.4,2400,0.8,132,67.4,11.75,0.85,1.77,0.089,5.58,1.19,0.009,1.06
55.0,4.0,0.7,2.5,4.5,0.8,2400,0.8,132,67.4,11.78,0.86,1.77,0.089,5.58,1.22,0.009,1.06
40.0,2.0,0.7,2.5,3.0,0.6,2400,0.4,323,70.3,28.47,0.57,1.36,0.088,6.69,2.63,0.008,1.03
40.0,2.0,0.7,2.5,3.0,0.8,2400,0.4,323,70.3,28.3,0.57,1.36,0.088,6.69,2.46,0.008,1.03
40.0,2.0,0.7,2.5,4.5,0.6,2400,0.4,323,70.3,28.47,0.57,1.36,0.088,6.69,2.63,0.008,1.03
40.0,2.0,0.7,2.5,4.5,0.8,2400,0.4,323,70.3,28.3,0.57,1.36,0.088,6.69,2.46,0.008,1.03
40.0,2.0,1.0,1.5,3.0,0.6,14400,0.4,159,69.8,13.96,0.5,1.15,0.088,12.3,1.23,0.008,1.01
40.0,2.0,1.0,1.5,4.5,0.6,14400,0.4,159,69.8,14.02,0.5,1.15,0.088,12.3,1.3,0.008,1.01
40.0,2.0,1.0,2.5,3.0,0.6,14400,0.8,199,63.3,17.55,0.7,1.21,0.088,10.4,1.63,0.008,1.02
40.0,2.0,1.0,2.5,3.0,0.8,14400,0.8,197,64.5,17.28,0.67,1.21,0.088,11.68,1.52,0.008,1.02
40.0,3.0,1.0,2.5,3.0,0.4,1200,0.4,317,71.3,27.94,0.56,1.4,0.088,12.55,2.58,0.008,1.03
40.0,3.0,1.0,2.5,3.0,0.6,3600,0.4,163,73.6,14.36,0.42,1.19,0.088,14.08,1.32,0.008,1.02
40.0,3.0,1.0,2.5,4.5,0.4,1200,0.4,317,71.3,27.85,0.56,1.4,0.088,12.55,2.49,0.008,1.03
40.0,3.0,1.0,2.5,4.5,0.6,3600,0.4,163,73.6,14.36,0.42,1.19,0.088,14.08,1.32,0.008,1.02
45.0,4.0,0.7,1.5,3.0,0.8,7200,0.4,109,83.5,9.56,0.23,1.18,0.088,12.81,0.84,0.008,1.02
45.0,4.0,0.7,1.5,4.5,0.8,7200,0.4,109,83.5,9.56,0.23,1.18,0.088,12.81,0.84,0.008,1.02
55.0,2.0,1.0,1.5,3.0,0.8,3600,0.8,128,59.4,11.21,0.99,1.44,0.088,5.32,0.97,0.008,1.03
55.0,2.0,1.0,1.5,4.5,0.8,3600,0.8,128,59.4,11.21,0.99,1.44,0.088,5.32,0.97,0.008,1.03
55.0,2.0,1.0,2.5,3.0,0.4,3600,0.8,128,59.4,11.26,0.99,1.44,0.088,5.36,1.02,0.008,1.03
55.0,2.0,1.0,2.5,4.5,0.4,3600,0.8,128,59.4,11.26,0.99,1.44,0.088,5.36,1.02,0.008,1.03
55.0,3.0,1.5,2.5,3.0,0.8,1200,0.8,177,67.8,15.61,0.91,1.92,0.088,6.11,1.45,0.008,1.06
55.0,3.0,1.5,2.5,4.5,0.8,1200,0.8,177,67.8,15.56,0.91,1.91,0.088,6.11,1.4,0.008,1.06
55.0,4.0,0.7,1.5,3.0,0.6,2400,0.8,132,67.4,11.61,0.85,1.76,0.088,5.58,1.05,0.008,1.05
55.0,4.0,0.7,1.5,4.5,0.6,2400,0.8,132,67.4,11.61,0.85,1.76,0.088,5.58,1.05,0.008,1.05
55.0,4.0,0.7,2.5,3.0,0.6,2400,0.8,132,67.4,11.61,0.85,1.76,0.088,5.58,1.05,0.008,1.05
55.0,4.0,0.7,2.5,4.5,0.6,2400,0.8,132,67.4,11.61,0.85,1.76,0.088,5.58,1.05,0.008,1.05
40.0,2.0,0.7,1.5,3.0,0.6,2400,0.4,323,70.3,28.22,0.57,1.36,0.087,6.69,2.38,0.007,1.03
40.0,2.0,0.7,1.5,3.0,0.8,2400,0.4,323,70.3,28.12,0.57,1.35,0.087,6.69,2.28,0.007,1.03
40.0,2.0,0.7,1.5,4.5,0.6,2400,0.4,323,70.3,28.22,0.57,1.36,0.087,6.69,2.38,0.007,1.03
40.0,2.0,0.7,1.5,4.5,0.8,2400,0.4,323,70.3,28.12,0.57,1.35,0.087,6.69,2.28,0.007,1.03
40.0,2.0,1.0,2.5,3.0,0.4,2400,0.2,168,69.0,14.57,0.52,1.15,0.087,12.06,1.13,0.007,1.01
40.0,2.0,1.0,2.5,3.0,0.4,7200,0.4,168,70.2,14.67,0.49,1.16,0.087,12.6,1.23,0.007,1.01
40.0,2.0,1.0,2.5,4.5,0.4,2400,0.2,168,69.0,14.57,0.52,1.15,0.087,12.06,1.13,0.007,1.01
40.0,2.0,1.0,2.5,4.5,0.4,7200,0.4,168,70.2,14.67,0.49,1.16,0.087,12.6,1.23,0.007,1.01
40.0,2.0,1.0,2.5,4.5,0.6,14400,0.8,199,63.3,17.37,0.7,1.2,0.087,10.4,1.45,0.007,1.02
40.0,3.0,1.0,1.5,3.0,0.4,1200,0.4,317,71.3,27.51,0.56,1.39,0.087,12.73,2.15,0.007,1.03
40.0,3.0,1.0,1.5,4.5,0.4,1200,0.4,317,71.3,27.43,0.56,1.39,0.087,12.82,2.07,0.007,1.03
40.0,3.0,1.0,2.5,3.0,0.6,1200,0.4,317,71.3,27.57,0.56,1.39,0.087,12.55,2.21,0.007,1.03
40.0,3.0,1.0,2.5,3.0,0.8,1200,0.4,317,71.3,27.44,0.56,1.39,0.087,12.55,2.08,0.007,1.03
40.0,3.0,1.0,2.5,4.5,0.6,1200,0.4,317,71.3,27.43,0.56,1.39,0.087,12.55,2.07,0.007,1.03
50.0,3.0,0.7,2.5,3.0,0.4,1200,0.2,129,79.1,11.18,0.33,1.23,0.087,10.18,0.86,0.007,1.02
50.0,3.0,0.7,2.5,4.5,0.4,1200,0.2,129,79.1,11.18,0.33,1.23,0.087,10.18,0.86,0.007,1.02
50.0,4.0,1.5,2.5,3.0,0.4,1200,0.2,87,75.9,7.61,0.37,1.16,0.087,14.45,0.65,0.007,1.01
50.0,4.0,1.5,2.5,4.5,0.4,1200,0.2,87,75.9,7.61,0.37,1.16,0.087,14.45,0.65,0.007,1.01
55.0,2.0,0.7,2.5,3.0,0.4,7200,0.4,93,74.2,8.14,0.42,1.21,0.088,9.44,0.7,0.007,1.02
55.0,2.0,0.7,2.5,4.5,0.4,7200,0.4,93,74.2,8.14,0.42,1.21,0.088,9.44,0.7,0.007,1.02
55.0,2.0,1.0,1.5,3.0,0.6,3600,0.8,128,59.4,11.11,0.98,1.44,0.087,5.32,0.87,0.007,1.03
55.0,2.0,1.0,1.5,4.5,0.6,3600,0.8,128,59.4,11.11,0.98,1.44,0.087,5.32,0.87,0.007,1.03
55.0,2.0,1.0,2.5,3.0,0.8,3600,0.8,128,59.4,11.12,0.98,1.44,0.087,5.36,0.88,0.007,1.03
55.0,2.0,1.0,2.5,4.5,0.8,3600,0.8,128,59.4,11.12,0.98,1.44,0.087,5.36,0.88,0.007,1.03
55.0,2.0,1.5,2.5,3.0,0.6,2400,0.4,119,70.6,10.34,0.54,1.29,0.087,8.38,0.82,0.007,1.02
40.0,2.0,1.0,1.5,3.0,0.8,14400,0.2,154,69.5,13.21,0.5,1.14,0.086,12.48,0.88,0.006,1.01
40.0,2.0,1.0,1.5,3.0,0.8,14400,0.4,157,70.1,13.43,0.49,1.14,0.086,12.48,0.87,0.006,1.01
40.0,2.0,1.0,1.5,4.5,0.6,14400,0.2,156,69.2,13.39,0.51,1.14,0.086,12.3,0.91,0.006,1.01
40.0,2.0,1.0,2.5,4.5,0.8,14400,0.8,197,64.5,16.9,0.66,1.2,0.086,11.68,1.14,0.006,1.01
40.0,3.0,1.0,1.5,3.0,0.6,1200,0.4,317,71.3,27.14,0.56,1.39,0.086,12.73,1.78,0.006,1.02
40.0,3.0,1.0,2.5,4.5,0.8,1200,0.4,317,71.3,27.26,0.56,1.39,0.086,12.57,1.9,0.006,1.02
40.0,3.0,1.5,2.5,3.0,0.4,1200,0.4,308,71.1,26.54,0.56,1.38,0.086,15.65,1.9,0.006,1.02
40.0,3.0,1.5,2.5,4.5,0.4,1200,0.4,308,71.1,26.54,0.56,1.38,0.086,15.65,1.9,0.006,1.02
45.0,2.0,1.0,2.5,3.0,0.4,1200,0.4,263,66.5,22.57,0.7,1.4,0.086,6.61,1.52,0.006,1.02
45.0,2.0,1.0,2.5,3.0,0.4,2400,0.4,196,66.3,16.92,0.64,1.26,0.086,5.18,1.24,0.006,1.02
45.0,2.0,1.0,2.5,4.5,0.4,2400,0.4,196,66.3,16.83,0.64,1.25,0.086,5.18,1.16,0.006,1.02
45.0,4.0,0.7,2.5,3.0,0.4,7200,0.4,109,83.5,9.37,0.23,1.18,0.086,12.64,0.65,0.006,1.01
45.0,4.0,0.7,2.5,4.5,0.4,7200,0.4,109,83.5,9.37,0.23,1.18,0.086,12.64,0.65,0.006,1.01
45.0,5.0,1.5,2.5,3.0,0.4,1200,0.8,377,61.8,32.26,1.17,1.89,0.086,6.07,2.1,0.006,1.04
45.0,5.0,1.5,2.5,4.5,0.4,1200,0.8,377,61.8,32.26,1.17,1.89,0.086,6.07,2.1,0.006,1.04
50.0,3.0,0.7,2.5,3.0,0.4,7200,0.8,156,67.3,13.41,0.64,1.32,0.086,6.95,0.93,0.006,1.02
50.0,3.0,0.7,2.5,4.5,0.4,7200,0.8,156,67.3,13.35,0.64,1.32,0.086,6.95,0.87,0.006,1.02
50.0,4.0,0.7,1.5,3.0,0.6,3600,0.4,118,77.1,10.17,0.38,1.27,0.086,14.61,0.73,0.006,1.02
50.0,4.0,0.7,1.5,4.5,0.6,3600,0.4,118,77.1,10.17,0.38,1.27,0.086,14.61,0.73,0.006,1.02
50.0,4.0,0.7,2.5,3.0,0.6,3600,0.4,118,77.1,10.19,0.38,1.27,0.086,14.61,0.75,0.006,1.02
50.0,4.0,0.7,2.5,4.5,0.6,3600,0.4,118,77.1,10.19,0.38,1.27,0.086,14.61,0.75,0.006,1.02
50.0,4.0,1.0,2.5,3.0,0.4,14400,0.4,69,81.2,5.96,0.26,1.12,0.086,14.14,0.44,0.006,1.01
50.0,4.0,1.0,2.5,3.0,0.6,7200,0.2,68,79.4,5.87,0.29,1.12,0.086,14.26,0.43,0.006,1.01
50.0,4.0,1.0,2.5,3.0,0.8,7200,0.2,68,79.4,5.87,0.29,1.12,0.086,14.32,0.43,0.006,1.01
50.0,4.0,1.0,2.5,4.5,0.4,14400,0.4,69,81.2,5.96,0.26,1.12,0.086,14.14,0.44,0.006,1.01
50.0,4.0,1.0,2.5,4.5,0.6,7200,0.2,68,79.4,5.87,0.29,1.12,0.086,14.26,0.43,0.006,1.01
50.0,4.0,1.0,2.5,4.5,0.8,7200,0.2,68,79.4,5.87,0.29,1.12,0.086,14.32,0.43,0.006,1.01
50.0,4.0,1.5,2.5,3.0,0.6,3600,0.2,69,78.3,5.96,0.31,1.12,0.086,14.85,0.44,0.006,1.01
50.0,4.0,1.5,2.5,4.5,0.6,3600,0.2,69,78.3,5.96,0.31,1.12,0.086,14.85,0.44,0.006,1.01
55.0,2.0,1.0,2.5,3.0,0.6,3600,0.8,128,59.4,11.02,0.98,1.43,0.086,5.36,0.78,0.006,1.03
55.0,2.0,1.0,2.5,4.5,0.6,3600,0.8,128,59.4,11.02,0.98,1.43,0.086,5.36,0.78,0.006,1.03
55.0,2.0,1.5,2.5,4.5,0.6,2400,0.4,119,70.6,10.21,0.54,1.28,0.086,8.38,0.69,0.006,1.02
40.0,2.0,0.7,1.5,3.0,0.4,1200,0.2,267,74.5,22.63,0.43,1.25,0.085,13.1,1.27,0.005,1.01
40.0,2.0,0.7,1.5,4.5,0.4,1200,0.2,267,74.5,22.63,0.43,1.25,0.085,13.1,1.27,0.005,1.01
40.0,2.0,0.7,2.5,3.0,0.4,1200,0.2,267,74.5,22.63,0.43,1.25,0.085,13.1,1.27,0.005,1.01
40.0,2.0,0.7,2.5,4.5,0.4,1200,0.2,267,74.5,22.63,0.43,1.25,0.085,13.1,1.27,0.005,1.01
40.0,2.0,1.0,1.5,3.0,0.4,2400,0.2,168,69.0,14.24,0.51,1.15,0.085,12.06,0.8,0.005,1.01
40.0,2.0,1.0,1.5,3.0,0.6,14400,0.2,156,69.2,13.33,0.51,1.14,0.085,12.3,0.85,0.005,1.01
40.0,2.0,1.0,1.5,4.5,0.4,2400,0.2,168,69.0,14.24,0.51,1.15,0.085,12.06,0.8,0.005,1.01
40.0,2.0,1.0,1.5,4.5,0.8,14400,0.2,154,69.5,13.17,0.5,1.14,0.086,12.48,0.85,0.005,1.01
40.0,2.0,1.0,1.5,4.5,0.8,14400,0.4,157,70.1,13.4,0.49,1.14,0.085,12.48,0.83,0.005,1.01
40.0,2.0,1.5,2.5,3.0,0.8,7200,0.2,154,69.5,13.13,0.5,1.14,0.085,10.1,0.81,0.005,1.01
40.0,2.0,1.5,2.5,4.5,0.8,7200,0.2,154,69.5,13.13,0.5,1.14,0.085,10.1,0.81,0.005,1.01
40.0,3.0,1.0,1.5,3.0,0.6,3600,0.4,163,73.6,13.85,0.42,1.18,0.085,14.08,0.81,0.005,1.01
40.0,3.0,1.0,1.5,3.0,0.8,1200,0.4,317,71.3,27.02,0.56,1.38,0.085,12.73,1.66,0.005,1.02
40.0,3.0,1.0,1.5,4.5,0.6,1200,0.4,317,71.3,27.0,0.56,1.38,0.085,12.87,1.64,0.005,1.02
40.0,3.0,1.0,1.5,4.5,0.6,3600,0.4,163,73.6,13.85,0.42,1.18,0.085,14.08,0.81,0.005,1.01
40.0,3.0,1.0,1.5,4.5,0.8,1200,0.4,317,71.3,26.83,0.56,1.38,0.085,12.92,1.47,0.005,1.02
40.0,3.0,1.0,2.5,3.0,0.8,3600,0.4,163,73.6,13.85,0.42,1.18,0.085,14.08,0.81,0.005,1.01
40.0,3.0,1.0,2.5,4.5,0.8,3600,0.4,163,73.6,13.85,0.42,1.18,0.085,14.08,0.81,0.005,1.01
40.0,3.0,1.5,2.5,3.0,0.6,2400,0.4,197,67.0,16.7,0.6,1.22,0.085,13.52,0.94,0.005,1.01
40.0,3.0,1.5,2.5,3.0,0.6,2400,0.8,413,62.5,35.06,0.93,1.54,0.085,7.6,2.02,0.005,1.03
40.0,3.0,1.5,2.5,4.5,0.6,2400,0.4,197,67.0,16.7,0.6,1.22,0.085,13.52,0.94,0.005,1.01
40.0,3.0,1.5,2.5,4.5,0.6,2400,0.8,413,62.5,35.06,0.93,1.54,0.085,7.6,2.02,0.005,1.03
40.0,5.0,0.7,2.5,3.0,0.4,7200,0.2,104,88.5,8.83,0.15,1.15,0.085,10.96,0.51,0.005,1.01
40.0,5.0,0.7,2.5,4.5,0.4,7200,0.2,104,88.5,8.83,0.15,1.15,0.085,10.96,0.51,0.005,1.01
45.0,2.0,1.0,2.5,4.5,0.4,1200,0.4,263,66.5,22.48,0.7,1.4,0.085,6.61,1.44,0.005,1.02
50.0,3.0,0.7,2.5,3.0,0.6,1200,0.2,129,79.1,10.91,0.32,1.22,0.085,10.3,0.59,0.005,1.01
50.0,3.0,0.7,2.5,3.0,0.8,1200,0.2,129,79.1,10.97,0.32,1.23,0.085,10.19,0.65,0.005,1.01
50.0,3.0,0.7,2.5,4.5,0.6,1200,0.2,129,79.1,10.91,0.32,1.22,0.085,10.3,0.59,0.005,1.01
50.0,3.0,0.7,2.5,4.5,0.8,1200,0.2,129,79.1,10.97,0.32,1.23,0.085,10.19,0.65,0.005,1.01
40.0,2.0,0.7,1.5,3.0,0.8,1200,0.2,267,74.5,22.3,0.42,1.24,0.084,13.11,0.94,0.004,1.01
40.0,2.0,0.7,1.5,4.5,0.8,1200,0.2,267,74.5,22.3,0.42,1.24,0.084,13.11,0.94,0.004,1.01
40.0,2.0,1.0,2.5,3.0,0.4,7200,0.2,155,69.0,13.04,0.51,1.14,0.084,12.06,0.64,0.004,1.01
40.0,2.0,1.0,2.5,4.5,0.4,7200,0.2,155,69.0,13.04,0.51,1.14,0.084,12.06,0.64,0.004,1.01
40.0,2.0,1.5,2.5,3.0,0.6,2400,0.2,152,69.1,12.76,0.51,1.14,0.084,9.81,0.6,0.004,1.01
40.0,2.0,1.5,2.5,4.5,0.6,2400,0.2,152,69.1,12.76,0.51,1.14,0.084,9.81,0.6,0.004,1.01
40.0,4.0,0.7,1.5,3.0,0.4,2400,0.8,415,64.1,34.85,0.95,1.7,0.084,8.0,1.65,0.004,1.03
40.0,4.0,0.7,1.5,4.5,0.4,2400,0.8,415,64.1,34.85,0.95,1.7,0.084,8.0,1.65,0.004,1.03
40.0,4.0,0.7,2.5,3.0,0.4,2400,0.8,415,64.1,34.97,0.95,1.7,0.084,8.0,1.77,0.004,1.03
40.0,4.0,0.7,2.5,4.5,0.4,2400,0.8,415,64.1,34.97,0.95,1.7,0.084,8.0,1.77,0.004,1.03
45.0,2.0,1.0,1.5,3.0,0.4,1200,0.4,263,66.5,22.12,0.7,1.39,0.084,6.61,1.08,0.004,1.02
45.0,2.0,1.0,1.5,3.0,0.4,2400,0.4,196,66.3,16.54,0.63,1.25,0.084,5.18,0.86,0.004,1.01
45.0,2.0,1.0,1.5,4.5,0.4,1200,0.4,263,66.5,22.04,0.7,1.39,0.084,6.61,0.99,0.004,1.02
45.0,2.0,1.0,1.5,4.5,0.4,2400,0.4,196,66.3,16.45,0.63,1.25,0.084,5.18,0.78,0.004,1.01
45.0,2.0,1.0,2.5,3.0,0.6,1200,0.4,263,66.5,22.0,0.7,1.39,0.084,6.73,0.96,0.004,1.01
45.0,2.0,1.0,2.5,3.0,0.8,1200,0.4,263,66.5,21.99,0.7,1.39,0.084,6.62,0.95,0.004,1.01
50.0,2.0,1.0,1.5,3.0,0.4,1200,0.8,269,66.5,22.68,0.94,1.88,0.084,4.57,1.16,0.004,1.03
50.0,2.0,1.0,1.5,3.0,0.6,1200,0.8,269,66.5,22.56,0.94,1.87,0.084,4.57,1.04,0.004,1.03
50.0,2.0,1.0,1.5,3.0,0.8,1200,0.8,269,66.5,22.67,0.94,1.87,0.084,4.57,1.15,0.004,1.03
50.0,2.0,1.0,1.5,4.5,0.4,1200,0.8,269,66.5,22.68,0.94,1.88,0.084,4.57,1.16,0.004,1.03
50.0,2.0,1.0,1.5,4.5,0.6,1200,0.8,269,66.5,22.56,0.94,1.87,0.084,4.57,1.04,0.004,1.03
50.0,2.0,1.0,1.5,4.5,0.8,1200,0.8,269,66.5,22.67,0.94,1.87,0.084,4.57,1.15,0.004,1.03
50.0,2.0,1.0,2.5,3.0,0.4,1200,0.8,269,66.5,22.68,0.94,1.88,0.084,4.57,1.16,0.004,1.03
50.0,2.0,1.0,2.5,3.0,0.6,1200,0.8,269,66.5,22.56,0.94,1.87,0.084,4.57,1.04,0.004,1.03
50.0,2.0,1.0,2.5,3.0,0.8,1200,0.8,269,66.5,22.67,0.94,1.87,0.084,4.57,1.15,0.004,1.03
50.0,2.0,1.0,2.5,4.5,0.4,1200,0.8,269,66.5,22.68,0.94,1.88,0.084,4.57,1.16,0.004,1.03
50.0,2.0,1.0,2.5,4.5,0.6,1200,0.8,269,66.5,22.56,0.94,1.87,0.084,4.57,1.04,0.004,1.03
50.0,2.0,1.0,2.5,4.5,0.8,1200,0.8,269,66.5,22.67,0.94,1.87,0.084,4.57,1.15,0.004,1.03
50.0,3.0,0.7,1.5,3.0,0.4,1200,0.2,129,79.1,10.81,0.32,1.22,0.084,10.18,0.5,0.004,1.01
50.0,3.0,0.7,1.5,4.5,0.4,1200,0.2,129,79.1,10.81,0.32,1.22,0.084,10.18,0.5,0.004,1.01
50.0,4.0,0.7,1.5,3.0,0.4,3600,0.8,166,66.9,13.96,0.72,1.45,0.084,8.0,0.68,0.004,1.02
50.0,4.0,0.7,1.5,4.5,0.4,3600,0.8,166,66.9,13.96,0.72,1.45,0.084,8.0,0.68,0.004,1.02
50.0,4.0,0.7,2.5,3.0,0.4,3600,0.8,166,66.9,13.92,0.72,1.45,0.084,8.0,0.64,0.004,1.02
50.0,4.0,0.7,2.5,4.5,0.4,3600,0.8,166,66.9,13.92,0.72,1.45,0.084,8.0,0.64,0.004,1.02
50.0,5.0,0.7,1.5,3.0,0.4,3600,0.8,158,67.7,13.3,0.68,1.43,0.084,5.44,0.66,0.004,1.02
50.0,5.0,0.7,1.5,4.5,0.4,3600,0.8,158,67.7,13.3,0.68,1.43,0.084,5.44,0.66,0.004,1.02
55.0,3.0,1.0,1.5,3.0,0.4,1200,0.8,177,67.8,14.8,0.89,1.87,0.084,6.11,0.64,0.004,1.03
55.0,3.0,1.0,1.5,3.0,0.8,1200,0.8,177,67.8,14.78,0.89,1.87,0.084,6.11,0.62,0.004,1.03
55.0,3.0,1.0,1.5,4.5,0.4,1200,0.8,177,67.8,14.8,0.89,1.87,0.084,6.11,0.64,0.004,1.03
55.0,3.0,1.0,1.5,4.5,0.8,1200,0.8,177,67.8,14.78,0.89,1.87,0.084,6.11,0.62,0.004,1.03
55.0,3.0,1.0,2.5,3.0,0.4,1200,0.8,177,67.8,14.8,0.89,1.87,0.084,6.11,0.64,0.004,1.03
55.0,3.0,1.0,2.5,3.0,0.8,1200,0.8,177,67.8,14.78,0.89,1.87,0.084,6.11,0.62,0.004,1.03
55.0,3.0,1.0,2.5,4.5,0.4,1200,0.8,177,67.8,14.8,0.89,1.87,0.084,6.11,0.64,0.004,1.03
55.0,3.0,1.0,2.5,4.5,0.8,1200,0.8,177,67.8,14.78,0.89,1.87,0.084,6.11,0.62,0.004,1.03
40.0,2.0,0.7,1.5,3.0,0.6,1200,0.2,267,74.5,22.21,0.42,1.24,0.083,13.22,0.85,0.003,1.01
40.0,2.0,0.7,1.5,4.5,0.6,1200,0.2,267,74.5,22.21,0.42,1.24,0.083,13.22,0.85,0.003,1.01
40.0,2.0,0.7,2.5,3.0,0.6,1200,0.2,267,74.5,22.15,0.42,1.24,0.083,13.22,0.79,0.003,1.01
40.0,2.0,0.7,2.5,3.0,0.8,1200,0.2,267,74.5,22.24,0.42,1.24,0.083,13.11,0.88,0.003,1.01
40.0,2.0,0.7,2.5,4.5,0.6,1200,0.2,267,74.5,22.15,0.42,1.24,0.083,13.22,0.79,0.003,1.01
40.0,2.0,0.7,2.5,4.5,0.8,1200,0.2,267,74.5,22.24,0.42,1.24,0.083,13.11,0.88,0.003,1.01
40.0,2.0,1.0,1.5,3.0,0.4,1200,0.4,355,69.9,29.6,0.6,1.39,0.083,11.4,1.2,0.003,1.01
40.0,2.0,1.0,1.5,3.0,0.4,7200,0.4,168,70.2,13.89,0.49,1.15,0.083,12.6,0.45,0.003,1.0
40.0,2.0,1.0,1.5,4.5,0.4,1200,0.4,355,69.9,29.6,0.6,1.39,0.083,11.4,1.2,0.003,1.01
40.0,2.0,1.0,1.5,4.5,0.4,7200,0.4,168,70.2,13.89,0.49,1.15,0.083,12.6,0.45,0.003,1.0
40.0,2.0,1.0,2.5,3.0,0.4,1200,0.4,355,69.9,29.63,0.6,1.39,0.083,11.4,1.23,0.003,1.01
40.0,2.0,1.0,2.5,4.5,0.4,1200,0.4,355,69.9,29.63,0.6,1.39,0.083,11.4,1.23,0.003,1.01
40.0,4.0,0.7,1.5,3.0,0.6,2400,0.8,415,64.1,34.32,0.95,1.69,0.083,8.0,1.13,0.003,1.02
40.0,4.0,0.7,1.5,4.5,0.6,2400,0.8,415,64.1,34.32,0.95,1.69,0.083,8.0,1.13,0.003,1.02
40.0,4.0,0.7,2.5,3.0,0.6,2400,0.8,415,64.1,34.31,0.95,1.69,0.083,8.0,1.11,0.003,1.02
40.0,4.0,0.7,2.5,4.5,0.6,2400,0.8,415,64.1,34.31,0.95,1.69,0.083,8.0,1.11,0.003,1.02
40.0,4.0,1.0,1.5,3.0,0.6,14400,0.8,130,68.5,10.73,0.54,1.16,0.083,12.68,0.33,0.003,1.0
40.0,4.0,1.0,1.5,4.5,0.6,14400,0.8,130,68.5,10.76,0.54,1.17,0.083,12.68,0.36,0.003,1.01
40.0,4.0,1.5,2.5,3.0,0.6,1200,0.4,261,71.6,21.62,0.54,1.37,0.083,10.33,0.74,0.003,1.01
40.0,4.0,1.5,2.5,4.5,0.6,1200,0.4,261,71.6,21.62,0.54,1.37,0.083,10.33,0.74,0.003,1.01
40.0,5.0,0.7,1.5,3.0,0.4,2400,0.8,330,63.9,27.24,0.95,1.68,0.083,6.25,0.84,0.003,1.02
40.0,5.0,0.7,1.5,4.5,0.4,2400,0.8,330,63.9,27.24,0.95,1.68,0.083,6.25,0.84,0.003,1.02
40.0,5.0,0.7,2.5,3.0,0.4,2400,0.8,330,63.9,27.37,0.95,1.68,0.083,6.25,0.97,0.003,1.02
40.0,5.0,0.7,2.5,4.5,0.4,2400,0.8,330,63.9,27.37,0.95,1.68,0.083,6.25,0.97,0.003,1.02
45.0,2.0,1.0,2.5,3.0,0.6,2400,0.4,196,66.3,16.21,0.63,1.25,0.083,5.18,0.53,0.003,1.01
45.0,2.0,1.0,2.5,3.0,0.8,2400,0.4,196,66.3,16.24,0.63,1.25,0.083,5.18,0.56,0.003,1.01
45.0,2.0,1.0,2.5,4.5,0.6,1200,0.4,263,66.5,21.87,0.7,1.39,0.083,6.73,0.82,0.003,1.01
45.0,2.0,1.0,2.5,4.5,0.8,1200,0.4,263,66.5,21.8,0.7,1.38,0.083,6.62,0.76,0.003,1.01
45.0,4.0,0.7,1.5,3.0,0.4,7200,0.4,109,83.5,9.05,0.23,1.17,0.083,12.64,0.33,0.003,1.01
45.0,4.0,0.7,1.5,4.5,0.4,7200,0.4,109,83.5,9.05,0.23,1.17,0.083,12.64,0.33,0.003,1.01
45.0,4.0,0.7,2.5,3.0,0.6,7200,0.4,109,83.5,9.01,0.23,1.17,0.083,12.76,0.29,0.003,1.01
45.0,4.0,0.7,2.5,4.5,0.6,7200,0.4,109,83.5,9.01,0.23,1.17,0.083,12.76,0.29,0.003,1.01
50.0,2.0,1.5,2.5,3.0,0.4,1200,0.8,268,66.4,22.34,0.94,1.86,0.083,4.36,0.9,0.003,1.03
50.0,2.0,1.5,2.5,4.5,0.4,1200,0.8,268,66.4,22.34,0.94,1.86,0.083,4.36,0.9,0.003,1.03
50.0,3.0,0.7,2.5,3.0,0.8,7200,0.8,156,67.3,12.98,0.64,1.31,0.083,7.26,0.5,0.003,1.01
50.0,4.0,0.7,1.5,3.0,0.8,3600,0.8,166,66.9,13.81,0.72,1.45,0.083,8.0,0.53,0.003,1.01
50.0,4.0,0.7,1.5,4.5,0.8,3600,0.8,166,66.9,13.81,0.72,1.45,0.083,8.0,0.53,0.003,1.01
50.0,4.0,0.7,2.5,3.0,0.8,3600,0.8,166,66.9,13.76,0.72,1.44,0.083,8.0,0.49,0.003,1.01
50.0,4.0,0.7,2.5,4.5,0.8,3600,0.8,166,66.9,13.76,0.72,1.44,0.083,8.0,0.49,0.003,1.01
50.0,5.0,0.7,1.5,3.0,0.8,3600,0.8,158,67.7,13.15,0.68,1.43,0.083,5.44,0.51,0.003,1.01
50.0,5.0,0.7,1.5,4.5,0.8,3600,0.8,158,67.7,13.15,0.68,1.43,0.083,5.44,0.51,0.003,1.01
50.0,5.0,0.7,2.5,3.0,0.4,3600,0.8,158,67.7,13.15,0.68,1.43,0.083,5.44,0.51,0.003,1.01
50.0,5.0,0.7,2.5,4.5,0.4,3600,0.8,158,67.7,13.15,0.68,1.43,0.083,5.44,0.51,0.003,1.01
55.0,2.0,0.7,2.5,3.0,0.4,2400,0.2,99,76.8,8.23,0.37,1.22,0.083,8.41,0.31,0.003,1.01
55.0,2.0,0.7,2.5,4.5,0.4,2400,0.2,99,76.8,8.23,0.37,1.22,0.083,8.41,0.31,0.003,1.01
55.0,2.0,1.5,2.5,3.0,0.4,3600,0.8,133,58.6,11.1,1.01,1.43,0.083,4.9,0.46,0.003,1.02
55.0,2.0,1.5,2.5,4.5,0.4,3600,0.8,133,58.6,11.1,1.01,1.43,0.083,4.9,0.46,0.003,1.02
55.0,3.0,1.0,1.5,3.0,0.6,1200,0.8,177,67.8,14.68,0.88,1.86,0.083,6.11,0.52,0.003,1.02
55.0,3.0,1.0,1.5,4.5,0.6,1200,0.8,177,67.8,14.68,0.88,1.86,0.083,6.11,0.52,0.003,1.02
55.0,3.0,1.0,2.5,3.0,0.6,1200,0.8,177,67.8,14.68,0.88,1.86,0.083,6.11,0.52,0.003,1.02
55.0,3.0,1.0,2.5,4.5,0.6,1200,0.8,177,67.8,14.68,0.88,1.86,0.083,6.11,0.52,0.003,1.02
40.0,2.0,1.0,1.5,3.0,0.6,1200,0.4,355,69.9,29.1,0.6,1.38,0.082,11.52,0.7,0.002,1.01
40.0,2.0,1.0,1.5,3.0,0.8,1200,0.4,355,69.9,29.09,0.6,1.38,0.082,11.41,0.69,0.002,1.01
40.0,2.0,1.0,1.5,3.0,0.8,14400,0.8,197,64.5,16.11,0.66,1.19,0.082,11.71,0.35,0.002,1.0
40.0,2.0,1.0,1.5,4.5,0.6,1200,0.4,355,69.9,29.1,0.6,1.38,0.082,11.52,0.7,0.002,1.01
40.0,2.0,1.0,1.5,4.5,0.8,1200,0.4,355,69.9,29.09,0.6,1.38,0.082,11.41,0.69,0.002,1.01
40.0,2.0,1.0,2.5,3.0,0.6,1200,0.4,355,69.9,29.14,0.6,1.38,0.082,11.52,0.74,0.002,1.01
40.0,2.0,1.0,2.5,3.0,0.8,1200,0.4,355,69.9,29.12,0.6,1.38,0.082,11.41,0.72,0.002,1.01
40.0,2.0,1.0,2.5,4.5,0.6,1200,0.4,355,69.9,29.14,0.6,1.38,0.082,11.52,0.74,0.002,1.01
40.0,2.0,1.0,2.5,4.5,0.8,1200,0.4,355,69.9,29.12,0.6,1.38,0.082,11.41,0.72,0.002,1.01
40.0,2.0,1.5,2.5,3.0,0.4,2400,0.2,159,67.9,13.06,0.54,1.14,0.082,12.57,0.34,0.002,1.0
40.0,2.0,1.5,2.5,4.5,0.4,2400,0.2,159,67.9,13.06,0.54,1.14,0.082,12.57,0.34,0.002,1.0
40.0,3.0,1.0,1.5,3.0,0.8,3600,0.4,163,73.6,13.41,0.42,1.17,0.082,14.08,0.37,0.002,1.0
40.0,3.0,1.0,1.5,4.5,0.8,3600,0.4,163,73.6,13.41,0.42,1.17,0.082,14.08,0.37,0.002,1.0
40.0,4.0,0.7,1.5,3.0,0.8,2400,0.8,415,64.1,34.04,0.94,1.68,0.082,8.0,0.84,0.002,1.01
40.0,4.0,0.7,1.5,4.5,0.8,2400,0.8,415,64.1,34.04,0.94,1.68,0.082,8.0,0.84,0.002,1.01
40.0,4.0,0.7,2.5,3.0,0.8,2400,0.8,415,64.1,33.89,0.94,1.68,0.082,8.0,0.69,0.002,1.01
40.0,4.0,0.7,2.5,4.5,0.8,2400,0.8,415,64.1,33.89,0.94,1.68,0.082,8.0,0.69,0.002,1.01
45.0,2.0,1.0,1.5,3.0,0.6,1200,0.4,263,66.5,21.56,0.69,1.38,0.082,6.73,0.52,0.002,1.01
45.0,2.0,1.0,1.5,3.0,0.8,1200,0.4,263,66.5,21.54,0.69,1.38,0.082,6.62,0.5,0.002,1.01
45.0,2.0,1.0,2.5,3.0,0.4,3600,0.8,306,64.1,24.97,0.8,1.42,0.082,5.97,0.49,0.002,1.01
45.0,2.0,1.0,2.5,4.5,0.4,3600,0.8,306,64.1,24.97,0.8,1.42,0.082,5.97,0.49,0.002,1.01
45.0,2.0,1.0,2.5,4.5,0.6,2400,0.4,196,66.3,16.07,0.63,1.24,0.082,5.18,0.39,0.002,1.01
45.0,2.0,1.0,2.5,4.5,0.8,2400,0.4,196,66.3,16.05,0.63,1.24,0.082,5.18,0.38,0.002,1.01
45.0,2.0,1.5,2.5,3.0,0.6,1200,0.4,268,67.2,21.89,0.67,1.37,0.082,6.25,0.45,0.002,1.01
45.0,5.0,1.5,2.5,3.0,0.6,1200,0.8,375,61.9,30.79,1.14,1.85,0.082,6.07,0.79,0.002,1.02
45.0,5.0,1.5,2.5,4.5,0.6,1200,0.8,375,61.9,30.79,1.14,1.85,0.082,6.07,0.79,0.002,1.02
50.0,2.0,0.7,2.5,3.0,0.4,7200,0.8,166,64.5,13.59,0.73,1.32,0.082,5.17,0.31,0.002,1.01
50.0,2.0,0.7,2.5,4.5,0.4,7200,0.8,166,64.5,13.53,0.73,1.32,0.082,5.17,0.25,0.002,1.01
50.0,3.0,0.7,1.5,3.0,0.6,1200,0.2,129,79.1,10.54,0.32,1.22,0.082,10.3,0.22,0.002,1.0
50.0,3.0,0.7,1.5,3.0,0.8,1200,0.2,129,79.1,10.6,0.32,1.22,0.082,10.19,0.28,0.002,1.01
50.0,3.0,0.7,1.5,4.5,0.6,1200,0.2,129,79.1,10.54,0.32,1.22,0.082,10.3,0.22,0.002,1.0
50.0,3.0,0.7,1.5,4.5,0.8,1200,0.2,129,79.1,10.6,0.32,1.22,0.082,10.19,0.28,0.002,1.01
50.0,3.0,0.7,2.5,3.0,0.6,7200,0.8,156,67.3,12.78,0.63,1.3,0.082,7.3,0.3,0.002,1.01
50.0,3.0,0.7,2.5,4.5,0.8,7200,0.8,156,67.3,12.83,0.63,1.31,0.082,7.26,0.35,0.002,1.01
50.0,4.0,0.7,1.5,3.0,0.4,1200,0.8,241,68.9,19.68,0.86,1.9,0.082,8.0,0.4,0.002,1.01
50.0,4.0,0.7,1.5,3.0,0.8,1200,0.8,241,68.9,19.67,0.86,1.9,0.082,8.0,0.39,0.002,1.01
50.0,4.0,0.7,1.5,4.5,0.4,1200,0.8,241,68.9,19.68,0.86,1.9,0.082,8.0,0.4,0.002,1.01
50.0,4.0,0.7,1.5,4.5,0.8,1200,0.8,241,68.9,19.67,0.86,1.9,0.082,8.0,0.39,0.002,1.01
50.0,4.0,0.7,2.5,3.0,0.4,1200,0.8,241,68.9,19.68,0.86,1.9,0.082,8.0,0.4,0.002,1.01
50.0,4.0,0.7,2.5,3.0,0.8,1200,0.8,241,68.9,19.67,0.86,1.9,0.082,8.0,0.39,0.002,1.01
50.0,4.0,0.7,2.5,4.5,0.4,1200,0.8,241,68.9,19.68,0.86,1.9,0.082,8.0,0.4,0.002,1.01
50.0,4.0,0.7,2.5,4.5,0.8,1200,0.8,241,68.9,19.67,0.86,1.9,0.082,8.0,0.39,0.002,1.01
50.0,5.0,0.7,2.5,3.0,0.8,3600,0.8,158,67.7,13.0,0.68,1.42,0.082,5.44,0.36,0.002,1.01
50.0,5.0,0.7,2.5,4.5,0.8,3600,0.8,158,67.7,13.0,0.68,1.42,0.082,5.44,0.36,0.002,1.01
55.0,2.0,0.7,2.5,3.0,0.6,7200,0.4,93,74.2,7.59,0.42,1.2,0.082,9.56,0.15,0.002,1.0
55.0,2.0,0.7,2.5,4.5,0.6,7200,0.4,93,74.2,7.59,0.42,1.2,0.082,9.56,0.15,0.002,1.0
40.0,2.0,1.0,1.5,3.0,0.6,14400,0.8,199,63.3,16.08,0.69,1.19,0.081,10.6,0.16,0.001,1.0
40.0,2.0,1.0,2.5,3.0,0.4,14400,0.4,158,69.6,12.75,0.49,1.13,0.081,12.06,0.11,0.001,1.0
40.0,2.0,1.0,2.5,3.0,0.6,2400,0.2,168,69.0,13.69,0.51,1.14,0.081,12.26,0.25,0.001,1.0
40.0,2.0,1.0,2.5,4.5,0.4,14400,0.4,158,69.6,12.75,0.49,1.13,0.081,12.06,0.11,0.001,1.0
40.0,2.0,1.0,2.5,4.5,0.6,2400,0.2,168,69.0,13.69,0.51,1.14,0.081,12.26,0.25,0.001,1.0
40.0,2.0,1.5,2.5,3.0,0.4,3600,0.2,150,66.7,12.2,0.56,1.13,0.081,12.07,0.2,0.001,1.0
40.0,2.0,1.5,2.5,4.5,0.4,3600,0.2,150,66.7,12.2,0.56,1.13,0.081,12.07,0.2,0.001,1.0
40.0,5.0,0.7,1.5,3.0,0.6,2400,0.8,330,63.9,26.83,0.94,1.67,0.081,6.25,0.43,0.001,1.01
40.0,5.0,0.7,1.5,4.5,0.6,2400,0.8,330,63.9,26.83,0.94,1.67,0.081,6.25,0.43,0.001,1.01
40.0,5.0,0.7,2.5,3.0,0.6,2400,0.8,330,63.9,26.81,0.94,1.67,0.081,6.25,0.41,0.001,1.01
40.0,5.0,0.7,2.5,4.5,0.6,2400,0.8,330,63.9,26.81,0.94,1.67,0.081,6.25,0.41,0.001,1.01
45.0,2.0,1.0,1.5,3.0,0.4,3600,0.8,306,64.1,24.86,0.8,1.42,0.081,5.97,0.38,0.001,1.01
45.0,2.0,1.0,1.5,3.0,0.6,2400,0.4,196,66.3,15.83,0.63,1.24,0.081,5.18,0.15,0.001,1.0
45.0,2.0,1.0,1.5,3.0,0.8,2400,0.4,196,66.3,15.86,0.63,1.24,0.081,5.18,0.18,0.001,1.0
45.0,2.0,1.0,1.5,4.5,0.4,3600,0.8,306,64.1,24.86,0.8,1.42,0.081,5.97,0.38,0.001,1.01
45.0,2.0,1.0,1.5,4.5,0.6,1200,0.4,263,66.5,21.42,0.69,1.38,0.081,6.73,0.38,0.001,1.01
45.0,2.0,1.0,1.5,4.5,0.8,1200,0.4,263,66.5,21.36,0.69,1.38,0.081,6.62,0.32,0.001,1.0
45.0,2.0,1.5,2.5,4.5,0.6,1200,0.4,268,67.2,21.75,0.67,1.37,0.081,6.25,0.31,0.001,1.0
45.0,5.0,1.0,1.5,3.0,0.4,1200,0.8,378,62.2,30.56,1.12,1.85,0.081,6.07,0.32,0.001,1.01
45.0,5.0,1.0,1.5,3.0,0.8,1200,0.8,378,62.2,30.5,1.12,1.84,0.081,6.07,0.26,0.001,1.01
45.0,5.0,1.0,1.5,4.5,0.4,1200,0.8,378,62.2,30.56,1.12,1.85,0.081,6.07,0.32,0.001,1.01
45.0,5.0,1.0,1.5,4.5,0.8,1200,0.8,378,62.2,30.5,1.12,1.84,0.081,6.07,0.26,0.001,1.01
45.0,5.0,1.0,2.5,3.0,0.4,1200,0.8,378,62.2,30.7,1.13,1.85,0.081,6.07,0.46,0.001,1.01
45.0,5.0,1.0,2.5,3.0,0.6,1200,0.8,378,62.2,30.46,1.12,1.84,0.081,6.07,0.22,0.001,1.0
45.0,5.0,1.0,2.5,3.0,0.8,1200,0.8,378,62.2,30.57,1.12,1.85,0.081,6.07,0.33,0.001,1.01
45.0,5.0,1.0,2.5,4.5,0.4,1200,0.8,378,62.2,30.7,1.13,1.85,0.081,6.07,0.46,0.001,1.01
45.0,5.0,1.0,2.5,4.5,0.6,1200,0.8,378,62.2,30.46,1.12,1.84,0.081,6.07,0.22,0.001,1.0
45.0,5.0,1.0,2.5,4.5,0.8,1200,0.8,378,62.2,30.57,1.12,1.85,0.081,6.07,0.33,0.001,1.01
50.0,3.0,0.7,1.5,3.0,0.4,7200,0.8,156,67.3,12.57,0.63,1.3,0.081,7.19,0.09,0.001,1.0
50.0,3.0,0.7,2.5,4.5,0.6,7200,0.8,156,67.3,12.68,0.63,1.3,0.081,7.3,0.2,0.001,1.0
50.0,4.0,0.7,1.5,3.0,0.6,1200,0.8,241,68.9,19.56,0.85,1.89,0.081,8.0,0.28,0.001,1.01
50.0,4.0,0.7,1.5,3.0,0.6,3600,0.8,166,66.9,13.48,0.71,1.44,0.081,8.0,0.2,0.001,1.01
50.0,4.0,0.7,1.5,4.5,0.6,1200,0.8,241,68.9,19.56,0.85,1.89,0.081,8.0,0.28,0.001,1.01
50.0,4.0,0.7,1.5,4.5,0.6,3600,0.8,166,66.9,13.48,0.71,1.44,0.081,8.0,0.2,0.001,1.01
50.0,4.0,0.7,2.5,3.0,0.6,1200,0.8,241,68.9,19.56,0.85,1.89,0.081,8.0,0.28,0.001,1.01
50.0,4.0,0.7,2.5,3.0,0.6,3600,0.8,166,66.9,13.44,0.71,1.43,0.081,8.0,0.16,0.001,1.0
50.0,4.0,0.7,2.5,4.5,0.6,1200,0.8,241,68.9,19.56,0.85,1.89,0.081,8.0,0.28,0.001,1.01
50.0,4.0,0.7,2.5,4.5,0.6,3600,0.8,166,66.9,13.44,0.71,1.43,0.081,8.0,0.16,0.001,1.0
50.0,4.0,1.5,2.5,3.0,0.8,1200,0.2,89,74.2,7.25,0.4,1.15,0.081,15.15,0.13,0.001,1.0
50.0,4.0,1.5,2.5,4.5,0.8,1200,0.2,89,74.2,7.2,0.4,1.15,0.081,15.15,0.08,0.001,1.0
50.0,5.0,0.7,1.5,3.0,0.6,3600,0.8,158,67.7,12.77,0.68,1.42,0.081,5.44,0.13,0.001,1.0
50.0,5.0,0.7,1.5,4.5,0.6,3600,0.8,158,67.7,12.77,0.68,1.42,0.081,5.44,0.13,0.001,1.0
55.0,2.0,0.7,2.5,3.0,0.8,2400,0.2,99,76.8,8.03,0.37,1.21,0.081,8.36,0.11,0.001,1.0
55.0,2.0,0.7,2.5,3.0,0.8,7200,0.4,93,74.2,7.56,0.42,1.2,0.081,9.61,0.12,0.001,1.0
55.0,2.0,0.7,2.5,4.5,0.8,2400,0.2,99,76.8,8.03,0.37,1.21,0.081,8.36,0.11,0.001,1.0
55.0,2.0,0.7,2.5,4.5,0.8,7200,0.4,93,74.2,7.56,0.42,1.2,0.081,9.61,0.12,0.001,1.0
40.0,2.0,1.0,1.5,3.0,0.4,14400,0.4,158,69.6,12.68,0.49,1.13,0.08,12.06,0.04,0.0,1.0
40.0,2.0,1.0,1.5,3.0,0.6,2400,0.2,168,69.0,13.43,0.51,1.14,0.08,12.26,-0.01,-0.0,1.0
40.0,2.0,1.0,1.5,4.5,0.4,14400,0.4,158,69.6,12.68,0.49,1.13,0.08,12.06,0.04,0.0,1.0
40.0,2.0,1.0,1.5,4.5,0.6,2400,0.2,168,69.0,13.43,0.51,1.14,0.08,12.26,-0.01,-0.0,1.0
40.0,2.0,1.0,1.5,4.5,0.6,14400,0.8,199,63.3,15.9,0.69,1.19,0.08,10.6,-0.02,-0.0,1.0
40.0,2.0,1.0,1.5,4.5,0.8,14400,0.8,197,64.5,15.73,0.66,1.19,0.08,11.71,-0.03,-0.0,1.0
40.0,2.0,1.0,2.5,3.0,0.8,2400,0.2,168,69.0,13.42,0.51,1.14,0.08,12.09,-0.02,-0.0,1.0
40.0,2.0,1.0,2.5,4.5,0.8,2400,0.2,168,69.0,13.42,0.51,1.14,0.08,12.09,-0.02,-0.0,1.0
40.0,4.0,1.0,1.5,3.0,0.8,14400,0.8,130,70.0,10.42,0.5,1.16,0.08,12.44,0.02,0.0,1.0
40.0,4.0,1.0,1.5,4.5,0.8,14400,0.8,130,70.0,10.35,0.5,1.16,0.08,12.44,-0.05,-0.0,1.0
40.0,5.0,0.7,1.5,3.0,0.4,7200,0.2,104,88.5,8.34,0.15,1.14,0.08,10.96,0.02,0.0,1.0
40.0,5.0,0.7,1.5,3.0,0.8,2400,0.8,330,63.9,26.54,0.94,1.66,0.08,6.25,0.15,0.0,1.0
40.0,5.0,0.7,1.5,4.5,0.4,7200,0.2,104,88.5,8.34,0.15,1.14,0.08,10.96,0.02,0.0,1.0
40.0,5.0,0.7,1.5,4.5,0.8,2400,0.8,330,63.9,26.54,0.94,1.66,0.08,6.25,0.15,0.0,1.0
40.0,5.0,0.7,2.5,3.0,0.8,2400,0.8,330,63.9,26.39,0.93,1.66,0.08,6.25,-0.01,-0.0,1.0
40.0,5.0,0.7,2.5,4.5,0.8,2400,0.8,330,63.9,26.39,0.93,1.66,0.08,6.25,-0.01,-0.0,1.0
45.0,2.0,1.0,1.5,4.5,0.6,2400,0.4,196,66.3,15.69,0.63,1.24,0.08,5.18,0.01,0.0,1.0
45.0,2.0,1.0,1.5,4.5,0.8,2400,0.4,196,66.3,15.67,0.63,1.24,0.08,5.18,-0.01,-0.0,1.0
45.0,2.0,1.0,2.5,3.0,0.8,3600,0.8,306,64.1,24.36,0.79,1.41,0.08,5.97,-0.12,-0.0,1.0
45.0,2.0,1.0,2.5,4.5,0.8,3600,0.8,306,64.1,24.36,0.79,1.41,0.08,5.97,-0.12,-0.0,1.0
45.0,5.0,1.0,1.5,3.0,0.6,1200,0.8,378,62.2,30.39,1.12,1.84,0.08,6.07,0.15,0.0,1.0
45.0,5.0,1.0,1.5,4.5,0.6,1200,0.8,378,62.2,30.39,1.12,1.84,0.08,6.07,0.15,0.0,1.0
45.0,5.0,1.5,2.5,3.0,0.8,1200,0.8,372,61.8,29.63,1.13,1.82,0.08,6.07,-0.13,-0.0,1.0
45.0,5.0,1.5,2.5,4.5,0.8,1200,0.8,372,61.8,29.63,1.13,1.82,0.08,6.07,-0.13,-0.0,1.0
50.0,3.0,0.7,1.5,4.5,0.4,7200,0.8,156,67.3,12.52,0.63,1.3,0.08,7.19,0.04,0.0,1.0
50.0,4.0,1.0,1.5,3.0,0.4,14400,0.4,69,81.2,5.5,0.26,1.11,0.08,14.14,-0.02,-0.0,1.0
50.0,4.0,1.0,1.5,3.0,0.8,7200,0.2,68,79.4,5.42,0.29,1.11,0.08,14.32,-0.02,-0.0,1.0
50.0,4.0,1.0,1.5,4.5,0.4,14400,0.4,69,81.2,5.5,0.26,1.11,0.08,14.14,-0.02,-0.0,1.0
50.0,4.0,1.0,1.5,4.5,0.8,7200,0.2,68,79.4,5.42,0.29,1.11,0.08,14.32,-0.02,-0.0,1.0
50.0,5.0,0.7,1.5,3.0,0.4,2400,0.8,183,68.9,14.57,0.71,1.58,0.08,6.19,-0.07,-0.0,1.0
50.0,5.0,0.7,1.5,4.5,0.4,2400,0.8,183,68.9,14.57,0.71,1.58,0.08,6.19,-0.07,-0.0,1.0
50.0,5.0,0.7,2.5,3.0,0.4,2400,0.8,183,68.9,14.57,0.71,1.58,0.08,6.19,-0.07,-0.0,1.0
50.0,5.0,0.7,2.5,4.5,0.4,2400,0.8,183,68.9,14.57,0.71,1.58,0.08,6.19,-0.07,-0.0,1.0
55.0,2.0,0.7,1.5,3.0,0.4,7200,0.4,93,74.2,7.44,0.41,1.19,0.08,9.44,-0.0,-0.0,1.0
55.0,2.0,0.7,1.5,4.5,0.4,7200,0.4,93,74.2,7.44,0.41,1.19,0.08,9.44,-0.0,-0.0,1.0
55.0,2.0,0.7,2.5,3.0,0.6,2400,0.2,99,76.8,7.94,0.37,1.21,0.08,8.53,0.02,0.0,1.0
55.0,2.0,0.7,2.5,4.5,0.6,2400,0.2,99,76.8,7.94,0.37,1.21,0.08,8.53,0.02,0.0,1.0
55.0,3.0,1.5,2.5,3.0,0.4,1200,0.8,177,67.8,14.08,0.87,1.82,0.08,6.11,-0.09,-0.0,1.0
55.0,3.0,1.5,2.5,4.5,0.4,1200,0.8,177,67.8,14.08,0.87,1.82,0.08,6.11,-0.09,-0.0,1.0
40.0,2.0,1.0,1.5,3.0,0.4,7200,0.2,155,69.0,12.24,0.51,1.13,0.079,12.06,-0.16,-0.001,1.0
40.0,2.0,1.0,1.5,3.0,0.8,2400,0.2,168,69.0,13.23,0.51,1.14,0.079,12.09,-0.21,-0.001,1.0
40.0,2.0,1.0,1.5,4.5,0.4,7200,0.2,155,69.0,12.24,0.51,1.13,0.079,12.06,-0.16,-0.001,1.0
40.0,2.0,1.0,1.5,4.5,0.8,2400,0.2,168,69.0,13.23,0.51,1.14,0.079,12.09,-0.21,-0.001,1.0
40.0,5.0,0.7,2.5,3.0,0.4,2400,0.2,115,86.1,9.11,0.19,1.15,0.079,10.75,-0.09,-0.001,1.0
40.0,5.0,0.7,2.5,3.0,0.6,7200,0.2,104,88.5,8.22,0.15,1.14,0.079,11.19,-0.1,-0.001,1.0
40.0,5.0,0.7,2.5,4.5,0.4,2400,0.2,115,86.1,9.11,0.19,1.15,0.079,10.75,-0.09,-0.001,1.0
40.0,5.0,0.7,2.5,4.5,0.6,7200,0.2,104,88.5,8.22,0.15,1.14,0.079,11.19,-0.1,-0.001,1.0
45.0,2.0,1.0,1.5,3.0,0.6,3600,0.8,306,64.1,24.18,0.79,1.41,0.079,5.97,-0.3,-0.001,1.0
45.0,2.0,1.0,1.5,3.0,0.8,3600,0.8,306,64.1,24.24,0.79,1.41,0.079,5.97,-0.24,-0.001,1.0
45.0,2.0,1.0,1.5,4.5,0.6,3600,0.8,306,64.1,24.18,0.79,1.41,0.079,5.97,-0.3,-0.001,1.0
45.0,2.0,1.0,1.5,4.5,0.8,3600,0.8,306,64.1,24.24,0.79,1.41,0.079,5.97,-0.24,-0.001,1.0
45.0,2.0,1.0,2.5,3.0,0.6,3600,0.8,306,64.1,24.29,0.79,1.41,0.079,5.97,-0.19,-0.001,1.0
45.0,2.0,1.0,2.5,4.5,0.6,3600,0.8,306,64.1,24.29,0.79,1.41,0.079,5.97,-0.19,-0.001,1.0
45.0,4.0,0.7,1.5,3.0,0.4,2400,0.8,327,65.1,25.68,0.88,1.64,0.079,8.43,-0.48,-0.001,0.99
45.0,4.0,0.7,1.5,3.0,0.4,3600,0.4,136,77.2,10.7,0.36,1.21,0.079,12.88,-0.18,-0.001,1.0
45.0,4.0,0.7,1.5,3.0,0.6,7200,0.4,109,83.5,8.57,0.23,1.16,0.079,12.76,-0.15,-0.001,1.0
45.0,4.0,0.7,1.5,4.5,0.4,2400,0.8,327,65.1,25.68,0.88,1.64,0.079,8.43,-0.48,-0.001,0.99
45.0,4.0,0.7,1.5,4.5,0.4,3600,0.4,136,77.2,10.7,0.36,1.21,0.079,12.88,-0.18,-0.001,1.0
45.0,4.0,0.7,1.5,4.5,0.6,7200,0.4,109,83.5,8.57,0.23,1.16,0.079,12.76,-0.15,-0.001,1.0
45.0,4.0,0.7,2.5,3.0,0.4,3600,0.4,136,77.2,10.77,0.36,1.21,0.079,12.88,-0.11,-0.001,1.0
45.0,4.0,0.7,2.5,4.5,0.4,3600,0.4,136,77.2,10.77,0.36,1.21,0.079,12.88,-0.11,-0.001,1.0
50.0,5.0,0.7,1.5,3.0,0.8,2400,0.8,183,68.9,14.37,0.71,1.57,0.079,6.19,-0.27,-0.001,0.99
50.0,5.0,0.7,1.5,4.5,0.8,2400,0.8,183,68.9,14.37,0.71,1.57,0.079,6.19,-0.27,-0.001,0.99
50.0,5.0,0.7,2.5,3.0,0.6,3600,0.8,158,67.7,12.55,0.67,1.41,0.079,5.44,-0.09,-0.001,1.0
50.0,5.0,0.7,2.5,3.0,0.8,2400,0.8,183,68.9,14.37,0.71,1.57,0.079,6.19,-0.27,-0.001,0.99
50.0,5.0,0.7,2.5,4.5,0.6,3600,0.8,158,67.7,12.55,0.67,1.41,0.079,5.44,-0.09,-0.001,1.0
50.0,5.0,0.7,2.5,4.5,0.8,2400,0.8,183,68.9,14.37,0.71,1.57,0.079,6.19,-0.27,-0.001,0.99
55.0,2.0,0.7,1.5,3.0,0.4,2400,0.2,99,76.8,7.8,0.36,1.2,0.079,8.41,-0.12,-0.001,1.0
55.0,2.0,0.7,1.5,4.5,0.4,2400,0.2,99,76.8,7.8,0.36,1.2,0.079,8.41,-0.12,-0.001,1.0
55.0,2.0,0.7,2.5,3.0,0.4,7200,0.8,112,66.1,8.87,0.66,1.29,0.079,4.06,-0.09,-0.001,1.0
55.0,2.0,0.7,2.5,4.5,0.4,7200,0.8,112,66.1,8.87,0.66,1.29,0.079,4.06,-0.09,-0.001,1.0
55.0,2.0,1.5,2.5,3.0,0.8,1200,0.8,181,65.7,14.35,0.92,1.77,0.079,4.67,-0.13,-0.001,0.99
55.0,2.0,1.5,2.5,4.5,0.8,1200,0.8,181,65.7,14.3,0.92,1.77,0.079,4.67,-0.18,-0.001,0.99
40.0,2.0,1.0,1.5,3.0,0.4,14400,0.2,155,69.0,12.09,0.51,1.13,0.078,12.06,-0.31,-0.002,1.0
40.0,2.0,1.0,1.5,4.5,0.4,14400,0.2,155,69.0,12.09,0.51,1.13,0.078,12.06,-0.31,-0.002,1.0
40.0,2.0,1.0,2.5,3.0,0.4,7200,0.8,265,62.6,20.63,0.74,1.24,0.078,9.59,-0.57,-0.002,0.99
40.0,2.0,1.0,2.5,3.0,0.4,14400,0.2,155,69.0,12.16,0.51,1.13,0.078,12.06,-0.24,-0.002,1.0
40.0,2.0,1.0,2.5,3.0,0.6,7200,0.4,168,70.2,13.19,0.48,1.14,0.079,12.72,-0.25,-0.002,1.0
40.0,2.0,1.0,2.5,3.0,0.8,7200,0.4,168,70.2,13.02,0.48,1.14,0.078,12.78,-0.42,-0.002,1.0
40.0,2.0,1.0,2.5,4.5,0.4,7200,0.8,265,62.6,20.59,0.74,1.24,0.078,9.59,-0.61,-0.002,0.99
40.0,2.0,1.0,2.5,4.5,0.4,14400,0.2,155,69.0,12.16,0.51,1.13,0.078,12.06,-0.24,-0.002,1.0
40.0,2.0,1.0,2.5,4.5,0.6,7200,0.4,168,70.2,13.19,0.48,1.14,0.079,12.72,-0.25,-0.002,1.0
40.0,2.0,1.0,2.5,4.5,0.8,7200,0.4,168,70.2,13.02,0.48,1.14,0.078,12.78,-0.42,-0.002,1.0
40.0,3.0,1.5,2.5,3.0,0.4,2400,0.8,422,62.3,32.79,0.91,1.5,0.078,7.47,-0.97,-0.002,0.99
40.0,3.0,1.5,2.5,3.0,0.8,2400,0.4,182,68.7,14.11,0.54,1.19,0.078,13.52,-0.45,-0.002,0.99
40.0,3.0,1.5,2.5,4.5,0.4,2400,0.8,422,62.3,32.79,0.91,1.5,0.078,7.47,-0.97,-0.002,0.99
40.0,3.0,1.5,2.5,4.5,0.8,2400,0.4,182,68.7,14.11,0.54,1.19,0.078,13.52,-0.45,-0.002,0.99
40.0,5.0,1.5,2.5,3.0,0.8,1200,0.8,458,64.6,35.91,1.0,1.83,0.078,6.2,-0.73,-0.002,0.99
40.0,5.0,1.5,2.5,4.5,0.8,1200,0.8,458,64.6,35.91,1.0,1.83,0.078,6.2,-0.73,-0.002,0.99
45.0,4.0,0.7,1.5,3.0,0.8,2400,0.8,327,65.1,25.41,0.88,1.64,0.078,8.43,-0.75,-0.002,0.99
45.0,4.0,0.7,1.5,4.5,0.8,2400,0.8,327,65.1,25.41,0.88,1.64,0.078,8.43,-0.75,-0.002,0.99
45.0,4.0,0.7,2.5,3.0,0.4,2400,0.8,327,65.1,25.63,0.88,1.64,0.078,8.43,-0.53,-0.002,0.99
45.0,4.0,0.7,2.5,4.5,0.4,2400,0.8,327,65.1,25.63,0.88,1.64,0.078,8.43,-0.53,-0.002,0.99
45.0,4.0,1.5,2.5,3.0,0.4,1200,0.8,416,61.3,32.3,1.13,1.8,0.078,8.0,-0.98,-0.002,0.98
45.0,4.0,1.5,2.5,4.5,0.4,1200,0.8,416,61.3,32.3,1.13,1.8,0.078,8.0,-0.98,-0.002,0.98
50.0,2.0,0.7,2.5,3.0,0.8,7200,0.8,166,64.5,12.92,0.72,1.31,0.078,5.34,-0.36,-0.002,0.99
50.0,3.0,0.7,1.5,3.0,0.8,7200,0.8,156,67.3,12.13,0.63,1.29,0.078,7.55,-0.35,-0.002,0.99
50.0,4.0,1.0,1.5,3.0,0.6,7200,0.2,68,79.4,5.31,0.29,1.11,0.078,14.26,-0.13,-0.002,1.0
50.0,4.0,1.0,1.5,4.5,0.6,7200,0.2,68,79.4,5.31,0.29,1.11,0.078,14.26,-0.13,-0.002,1.0
50.0,5.0,0.7,1.5,3.0,0.6,2400,0.8,183,68.9,14.21,0.71,1.56,0.078,6.19,-0.43,-0.002,0.99
50.0,5.0,0.7,1.5,4.5,0.6,2400,0.8,183,68.9,14.21,0.71,1.56,0.078,6.19,-0.43,-0.002,0.99
50.0,5.0,0.7,2.5,3.0,0.6,2400,0.8,183,68.9,14.21,0.71,1.56,0.078,6.19,-0.43,-0.002,0.99
50.0,5.0,0.7,2.5,4.5,0.6,2400,0.8,183,68.9,14.21,0.71,1.56,0.078,6.19,-0.43,-0.002,0.99
40.0,2.0,1.0,2.5,3.0,0.4,2400,0.4,237,67.1,18.32,0.6,1.22,0.077,8.82,-0.64,-0.003,0.99
40.0,2.0,1.0,2.5,4.5,0.4,2400,0.4,237,67.1,18.32,0.6,1.22,0.077,8.82,-0.64,-0.003,0.99
40.0,3.0,1.5,2.5,3.0,0.6,1200,0.4,321,69.5,24.71,0.6,1.37,0.077,14.82,-0.97,-0.003,0.99
40.0,3.0,1.5,2.5,3.0,0.8,2400,0.8,404,62.1,31.26,0.91,1.49,0.077,7.8,-1.06,-0.003,0.99
40.0,3.0,1.5,2.5,4.5,0.6,1200,0.4,321,69.5,24.71,0.6,1.37,0.077,14.82,-0.97,-0.003,0.99
40.0,3.0,1.5,2.5,4.5,0.8,2400,0.8,404,62.1,31.26,0.91,1.49,0.077,7.8,-1.06,-0.003,0.99
40.0,4.0,1.0,2.5,3.0,0.4,14400,0.8,129,69.0,9.99,0.52,1.15,0.077,12.04,-0.33,-0.003,1.0
40.0,4.0,1.0,2.5,4.5,0.4,14400,0.8,129,69.0,9.94,0.52,1.15,0.077,12.04,-0.38,-0.003,0.99
40.0,5.0,1.5,2.5,3.0,0.6,1200,0.8,460,64.3,35.28,1.0,1.8,0.077,6.2,-1.52,-0.003,0.97
40.0,5.0,1.5,2.5,4.5,0.6,1200,0.8,460,64.3,35.28,1.0,1.8,0.077,6.2,-1.52,-0.003,0.97
45.0,2.0,1.5,2.5,3.0,0.6,2400,0.8,354,65.0,27.35,0.82,1.52,0.077,6.19,-0.97,-0.003,0.98
45.0,2.0,1.5,2.5,3.0,0.8,2400,0.8,349,65.0,26.76,0.81,1.52,0.077,6.19,-1.16,-0.003,0.98
45.0,2.0,1.5,2.5,4.5,0.6,2400,0.8,354,65.0,27.35,0.82,1.52,0.077,6.19,-0.97,-0.003,0.98
45.0,2.0,1.5,2.5,4.5,0.8,2400,0.8,349,65.0,26.76,0.81,1.52,0.077,6.19,-1.16,-0.003,0.98
45.0,4.0,0.7,1.5,3.0,0.6,2400,0.8,327,65.1,25.26,0.87,1.63,0.077,8.43,-0.9,-0.003,0.98
45.0,4.0,0.7,1.5,4.5,0.6,2400,0.8,327,65.1,25.26,0.87,1.63,0.077,8.43,-0.9,-0.003,0.98
45.0,4.0,0.7,2.5,3.0,0.6,2400,0.8,327,65.1,25.14,0.87,1.63,0.077,8.43,-1.02,-0.003,0.98
45.0,4.0,0.7,2.5,3.0,0.8,2400,0.8,327,65.1,25.29,0.87,1.63,0.077,8.43,-0.87,-0.003,0.98
45.0,4.0,0.7,2.5,4.5,0.6,2400,0.8,327,65.1,25.14,0.87,1.63,0.077,8.43,-1.02,-0.003,0.98
45.0,4.0,0.7,2.5,4.5,0.8,2400,0.8,327,65.1,25.29,0.87,1.63,0.077,8.43,-0.87,-0.003,0.98
50.0,2.0,0.7,1.5,3.0,0.4,7200,0.8,166,64.5,12.75,0.72,1.3,0.077,5.18,-0.53,-0.003,0.99
50.0,2.0,0.7,2.5,3.0,0.6,7200,0.8,166,64.5,12.84,0.72,1.3,0.077,5.29,-0.44,-0.003,0.99
50.0,2.0,0.7,2.5,4.5,0.6,7200,0.8,166,64.5,12.74,0.72,1.3,0.077,5.29,-0.54,-0.003,0.99
50.0,2.0,0.7,2.5,4.5,0.8,7200,0.8,166,64.5,12.77,0.72,1.3,0.077,5.34,-0.51,-0.003,0.99
50.0,3.0,0.7,1.5,4.5,0.8,7200,0.8,156,67.3,11.98,0.62,1.29,0.077,7.55,-0.5,-0.003,0.99
55.0,2.0,0.7,1.5,3.0,0.8,2400,0.2,99,76.8,7.6,0.36,1.2,0.077,8.36,-0.32,-0.003,0.99
55.0,2.0,0.7,1.5,4.5,0.8,2400,0.2,99,76.8,7.6,0.36,1.2,0.077,8.36,-0.32,-0.003,0.99
55.0,2.0,1.5,2.5,3.0,0.8,2400,0.8,143,62.2,11.08,0.9,1.48,0.077,6.08,-0.36,-0.003,0.99
55.0,2.0,1.5,2.5,4.5,0.8,2400,0.8,143,62.2,11.03,0.9,1.48,0.077,6.08,-0.41,-0.003,0.99
55.0,3.0,1.0,1.5,3.0,0.4,2400,0.8,143,63.6,11.01,0.87,1.52,0.077,7.39,-0.43,-0.003,0.98
55.0,3.0,1.0,1.5,3.0,0.8,2400,0.8,143,63.6,11.03,0.87,1.52,0.077,7.39,-0.41,-0.003,0.98
55.0,3.0,1.0,1.5,4.5,0.4,2400,0.8,143,63.6,11.01,0.87,1.52,0.077,7.39,-0.43,-0.003,0.98
55.0,3.0,1.0,1.5,4.5,0.8,2400,0.8,143,63.6,11.03,0.87,1.52,0.077,7.39,-0.41,-0.003,0.98
55.0,3.0,1.0,2.5,3.0,0.4,2400,0.8,143,63.6,11.01,0.87,1.52,0.077,7.39,-0.43,-0.003,0.98
55.0,3.0,1.0,2.5,3.0,0.8,2400,0.8,143,63.6,11.03,0.87,1.52,0.077,7.39,-0.41,-0.003,0.98
55.0,3.0,1.0,2.5,4.5,0.4,2400,0.8,143,63.6,11.01,0.87,1.52,0.077,7.39,-0.43,-0.003,0.98
55.0,3.0,1.0,2.5,4.5,0.8,2400,0.8,143,63.6,11.03,0.87,1.52,0.077,7.39,-0.41,-0.003,0.98
40.0,2.0,1.0,1.5,3.0,0.4,2400,0.4,237,67.1,17.9,0.6,1.22,0.076,8.82,-1.06,-0.004,0.99
40.0,2.0,1.0,1.5,4.5,0.4,2400,0.4,237,67.1,17.9,0.6,1.22,0.076,8.82,-1.06,-0.004,0.99
40.0,5.0,0.7,1.5,3.0,0.4,2400,0.2,115,86.1,8.79,0.19,1.15,0.076,10.75,-0.41,-0.004,0.99
40.0,5.0,0.7,1.5,4.5,0.4,2400,0.2,115,86.1,8.79,0.19,1.15,0.076,10.75,-0.41,-0.004,0.99
45.0,2.0,1.5,2.5,3.0,0.4,2400,0.8,358,64.8,27.21,0.82,1.52,0.076,6.19,-1.43,-0.004,0.98
45.0,2.0,1.5,2.5,4.5,0.4,2400,0.8,358,64.8,27.21,0.82,1.52,0.076,6.19,-1.43,-0.004,0.98
45.0,4.0,0.7,1.5,3.0,0.8,3600,0.4,136,77.2,10.29,0.36,1.2,0.076,12.97,-0.59,-0.004,0.99
45.0,4.0,0.7,1.5,4.5,0.8,3600,0.4,136,77.2,10.29,0.36,1.2,0.076,12.97,-0.59,-0.004,0.99
45.0,4.0,0.7,2.5,3.0,0.8,3600,0.4,136,77.2,10.29,0.36,1.2,0.076,12.97,-0.59,-0.004,0.99
45.0,4.0,0.7,2.5,4.5,0.8,3600,0.4,136,77.2,10.29,0.36,1.2,0.076,12.97,-0.59,-0.004,0.99
50.0,2.0,0.7,1.5,3.0,0.4,3600,0.8,194,63.4,14.76,0.83,1.43,0.076,4.0,-0.76,-0.004,0.98
50.0,2.0,0.7,1.5,4.5,0.4,3600,0.8,194,63.4,14.76,0.83,1.43,0.076,4.0,-0.76,-0.004,0.98
50.0,2.0,0.7,1.5,4.5,0.4,7200,0.8,166,64.5,12.7,0.72,1.3,0.077,5.18,-0.58,-0.004,0.99
50.0,2.0,0.7,2.5,3.0,0.4,3600,0.8,194,63.4,14.72,0.83,1.43,0.076,4.0,-0.8,-0.004,0.98
50.0,2.0,0.7,2.5,4.5,0.4,3600,0.8,194,63.4,14.72,0.83,1.43,0.076,4.0,-0.8,-0.004,0.98
50.0,2.0,1.5,2.5,3.0,0.6,1200,0.8,266,66.2,20.27,0.91,1.78,0.076,4.36,-1.01,-0.004,0.97
50.0,2.0,1.5,2.5,3.0,0.8,1200,0.8,265,65.7,20.22,0.93,1.77,0.076,4.36,-0.98,-0.004,0.97
50.0,2.0,1.5,2.5,4.5,0.6,1200,0.8,266,66.2,20.27,0.91,1.78,0.076,4.36,-1.01,-0.004,0.97
50.0,2.0,1.5,2.5,4.5,0.8,1200,0.8,265,65.7,20.16,0.93,1.77,0.076,4.36,-1.04,-0.004,0.97
50.0,3.0,0.7,1.5,3.0,0.6,7200,0.8,156,67.3,11.79,0.62,1.28,0.076,7.63,-0.69,-0.004,0.99
55.0,2.0,0.7,1.5,3.0,0.6,2400,0.2,99,76.8,7.51,0.36,1.2,0.076,8.53,-0.41,-0.004,0.99
55.0,2.0,0.7,1.5,4.5,0.6,2400,0.2,99,76.8,7.51,0.36,1.2,0.076,8.53,-0.41,-0.004,0.99
55.0,3.0,1.0,1.5,3.0,0.6,2400,0.8,143,63.6,10.86,0.87,1.52,0.076,7.39,-0.58,-0.004,0.98
55.0,3.0,1.0,1.5,4.5,0.6,2400,0.8,143,63.6,10.86,0.87,1.52,0.076,7.39,-0.58,-0.004,0.98
55.0,3.0,1.0,2.5,3.0,0.6,2400,0.8,143,63.6,10.86,0.87,1.52,0.076,7.39,-0.58,-0.004,0.98
55.0,3.0,1.0,2.5,4.5,0.6,2400,0.8,143,63.6,10.86,0.87,1.52,0.076,7.39,-0.58,-0.004,0.98
40.0,2.0,1.0,1.5,3.0,0.4,7200,0.8,265,62.6,19.74,0.73,1.23,0.074,9.57,-1.46,-0.005,0.98
40.0,2.0,1.0,1.5,3.0,0.6,7200,0.4,168,70.2,12.58,0.48,1.14,0.075,12.72,-0.86,-0.005,0.99
40.0,2.0,1.0,1.5,3.0,0.8,7200,0.4,168,70.2,12.6,0.48,1.14,0.075,12.78,-0.84,-0.005,0.99
40.0,2.0,1.0,1.5,4.5,0.6,7200,0.4,168,70.2,12.58,0.48,1.14,0.075,12.72,-0.86,-0.005,0.99
40.0,2.0,1.0,1.5,4.5,0.8,7200,0.4,168,70.2,12.6,0.48,1.14,0.075,12.78,-0.84,-0.005,0.99
40.0,2.0,1.0,2.5,3.0,0.6,7200,0.2,155,69.0,11.66,0.5,1.12,0.075,12.26,-0.74,-0.005,0.99
40.0,2.0,1.0,2.5,4.5,0.6,7200,0.2,155,69.0,11.66,0.5,1.12,0.075,12.26,-0.74,-0.005,0.99
40.0,5.0,0.7,1.5,3.0,0.6,7200,0.2,104,88.5,7.81,0.15,1.13,0.075,11.19,-0.51,-0.005,0.99
40.0,5.0,0.7,1.5,4.5,0.6,7200,0.2,104,88.5,7.81,0.15,1.13,0.075,11.19,-0.51,-0.005,0.99
40.0,5.0,0.7,2.5,3.0,0.6,2400,0.2,115,86.1,8.62,0.18,1.14,0.075,10.85,-0.58,-0.005,0.99
40.0,5.0,0.7,2.5,3.0,0.8,7200,0.2,104,88.5,7.84,0.15,1.13,0.075,10.94,-0.48,-0.005,0.99
40.0,5.0,0.7,2.5,4.5,0.6,2400,0.2,115,86.1,8.62,0.18,1.14,0.075,10.85,-0.58,-0.005,0.99
40.0,5.0,0.7,2.5,4.5,0.8,7200,0.2,104,88.5,7.84,0.15,1.13,0.075,10.94,-0.48,-0.005,0.99
45.0,3.0,0.7,2.5,3.0,0.8,7200,0.8,202,70.3,15.22,0.54,1.27,0.075,14.86,-0.94,-0.005,0.98
45.0,3.0,0.7,2.5,4.5,0.8,7200,0.8,202,70.3,15.22,0.54,1.27,0.075,14.86,-0.94,-0.005,0.98
45.0,4.0,0.7,1.5,3.0,0.6,3600,0.4,136,77.2,10.14,0.35,1.2,0.075,13.0,-0.74,-0.005,0.99
45.0,4.0,0.7,1.5,4.5,0.6,3600,0.4,136,77.2,10.14,0.35,1.2,0.075,13.0,-0.74,-0.005,0.99
45.0,4.0,0.7,2.5,3.0,0.6,3600,0.4,136,77.2,10.14,0.35,1.2,0.075,13.0,-0.74,-0.005,0.99
45.0,4.0,0.7,2.5,4.5,0.6,3600,0.4,136,77.2,10.14,0.35,1.2,0.075,13.0,-0.74,-0.005,0.99
45.0,4.0,1.0,2.5,3.0,0.4,3600,0.4,112,72.3,8.46,0.44,1.15,0.076,11.83,-0.5,-0.005,0.99
45.0,4.0,1.0,2.5,4.5,0.4,3600,0.4,112,72.3,8.37,0.44,1.14,0.075,11.83,-0.59,-0.005,0.99
50.0,2.0,0.7,1.5,3.0,0.8,3600,0.8,194,63.4,14.6,0.83,1.43,0.075,4.03,-0.92,-0.005,0.98
50.0,2.0,0.7,1.5,4.5,0.8,3600,0.8,194,63.4,14.6,0.83,1.43,0.075,4.03,-0.92,-0.005,0.98
50.0,2.0,0.7,2.5,3.0,0.8,3600,0.8,194,63.4,14.56,0.82,1.43,0.075,4.03,-0.96,-0.005,0.98
50.0,2.0,0.7,2.5,4.5,0.8,3600,0.8,194,63.4,14.56,0.82,1.43,0.075,4.03,-0.96,-0.005,0.98
50.0,3.0,0.7,1.5,4.5,0.6,7200,0.8,156,67.3,11.68,0.62,1.28,0.075,7.63,-0.8,-0.005,0.98
50.0,4.0,0.7,1.5,3.0,0.4,2400,0.8,191,68.6,14.33,0.71,1.54,0.075,8.0,-0.95,-0.005,0.97
50.0,4.0,0.7,1.5,4.5,0.4,2400,0.8,191,68.6,14.33,0.71,1.54,0.075,8.0,-0.95,-0.005,0.97
50.0,4.0,0.7,2.5,3.0,0.4,2400,0.8,191,68.6,14.33,0.71,1.54,0.075,8.0,-0.95,-0.005,0.97
50.0,4.0,0.7,2.5,4.5,0.4,2400,0.8,191,68.6,14.33,0.71,1.54,0.075,8.0,-0.95,-0.005,0.97
50.0,4.0,1.5,2.5,3.0,0.6,1200,0.2,91,74.7,6.79,0.39,1.14,0.075,14.85,-0.49,-0.005,0.99
50.0,4.0,1.5,2.5,4.5,0.6,1200,0.2,91,74.7,6.79,0.39,1.14,0.075,14.85,-0.49,-0.005,0.99
55.0,2.0,0.7,2.5,3.0,0.8,7200,0.8,112,66.1,8.4,0.66,1.28,0.075,4.06,-0.56,-0.005,0.98
55.0,2.0,0.7,2.5,4.5,0.8,7200,0.8,112,66.1,8.4,0.66,1.28,0.075,4.06,-0.56,-0.005,0.98
40.0,2.0,1.0,1.5,4.5,0.4,7200,0.8,265,62.6,19.7,0.73,1.23,0.074,9.57,-1.5,-0.006,0.98
40.0,2.0,1.0,2.5,3.0,0.4,3600,0.4,197,67.0,14.57,0.57,1.16,0.074,10.65,-1.19,-0.006,0.99
40.0,2.0,1.0,2.5,3.0,0.6,2400,0.4,237,67.1,17.55,0.59,1.21,0.074,8.94,-1.41,-0.006,0.98
40.0,2.0,1.0,2.5,4.5,0.4,3600,0.4,197,67.0,14.57,0.57,1.16,0.074,10.65,-1.19,-0.006,0.99
40.0,2.0,1.0,2.5,4.5,0.6,2400,0.4,237,67.1,17.55,0.59,1.21,0.074,8.94,-1.41,-0.006,0.98
40.0,4.0,1.5,2.5,3.0,0.6,1200,0.8,584,63.5,43.18,1.06,1.84,0.074,8.0,-3.54,-0.006,0.95
40.0,4.0,1.5,2.5,4.5,0.6,1200,0.8,584,63.5,43.18,1.06,1.84,0.074,8.0,-3.54,-0.006,0.95
45.0,3.0,0.7,2.5,3.0,0.4,7200,0.8,202,70.3,15.0,0.54,1.27,0.074,15.04,-1.16,-0.006,0.98
45.0,3.0,0.7,2.5,4.5,0.4,7200,0.8,202,70.3,15.0,0.54,1.27,0.074,15.04,-1.16,-0.006,0.98
45.0,3.0,1.0,2.5,3.0,0.4,1200,0.4,226,67.3,16.81,0.63,1.3,0.074,11.33,-1.27,-0.006,0.98
45.0,3.0,1.0,2.5,4.5,0.4,1200,0.4,226,67.3,16.72,0.63,1.29,0.074,11.42,-1.36,-0.006,0.98
45.0,4.0,1.0,2.5,3.0,0.4,1200,0.8,417,61.6,30.74,1.1,1.76,0.074,8.0,-2.62,-0.006,0.95
45.0,4.0,1.0,2.5,4.5,0.4,1200,0.8,417,61.6,30.74,1.1,1.76,0.074,8.0,-2.62,-0.006,0.95
45.0,4.0,1.5,2.5,3.0,0.6,1200,0.8,414,61.4,30.83,1.11,1.76,0.074,8.0,-2.29,-0.006,0.96
45.0,4.0,1.5,2.5,4.5,0.6,1200,0.8,414,61.4,30.83,1.11,1.76,0.074,8.0,-2.29,-0.006,0.96
50.0,2.0,0.7,1.5,3.0,0.6,3600,0.8,194,63.4,14.28,0.82,1.42,0.074,4.07,-1.24,-0.006,0.97
50.0,2.0,0.7,1.5,4.5,0.6,3600,0.8,194,63.4,14.28,0.82,1.42,0.074,4.07,-1.24,-0.006,0.97
50.0,2.0,1.5,2.5,3.0,0.6,2400,0.8,206,64.1,15.17,0.82,1.47,0.074,4.72,-1.31,-0.006,0.97
50.0,2.0,1.5,2.5,3.0,0.8,2400,0.8,204,63.7,15.14,0.84,1.47,0.074,4.72,-1.18,-0.006,0.97
50.0,2.0,1.5,2.5,4.5,0.6,2400,0.8,206,64.1,15.17,0.82,1.47,0.074,4.72,-1.31,-0.006,0.97
50.0,2.0,1.5,2.5,4.5,0.8,2400,0.8,204,63.7,15.09,0.84,1.47,0.074,4.72,-1.23,-0.006,0.97
50.0,4.0,0.7,1.5,3.0,0.8,2400,0.8,191,68.6,14.13,0.7,1.53,0.074,8.0,-1.15,-0.006,0.96
50.0,4.0,0.7,1.5,4.5,0.8,2400,0.8,191,68.6,14.13,0.7,1.53,0.074,8.0,-1.15,-0.006,0.96
50.0,4.0,0.7,2.5,3.0,0.8,2400,0.8,191,68.6,14.13,0.7,1.53,0.074,8.0,-1.15,-0.006,0.96
50.0,4.0,0.7,2.5,4.5,0.8,2400,0.8,191,68.6,14.13,0.7,1.53,0.074,8.0,-1.15,-0.006,0.96
55.0,2.0,0.7,1.5,3.0,0.4,3600,0.8,135,60.0,10.0,0.96,1.44,0.074,3.68,-0.8,-0.006,0.97
55.0,2.0,0.7,1.5,3.0,0.4,7200,0.8,112,66.1,8.25,0.65,1.27,0.074,4.06,-0.71,-0.006,0.98
55.0,2.0,0.7,1.5,3.0,0.8,7200,0.4,93,74.2,6.85,0.41,1.18,0.074,9.61,-0.59,-0.006,0.99
55.0,2.0,0.7,1.5,4.5,0.4,3600,0.8,135,60.0,10.0,0.96,1.44,0.074,3.68,-0.8,-0.006,0.97
55.0,2.0,0.7,1.5,4.5,0.4,7200,0.8,112,66.1,8.25,0.65,1.27,0.074,4.06,-0.71,-0.006,0.98
55.0,2.0,0.7,1.5,4.5,0.8,7200,0.4,93,74.2,6.85,0.41,1.18,0.074,9.61,-0.59,-0.006,0.99
55.0,2.0,0.7,2.5,3.0,0.4,3600,0.8,135,60.0,9.95,0.96,1.44,0.074,3.69,-0.85,-0.006,0.97
55.0,2.0,0.7,2.5,4.5,0.4,3600,0.8,135,60.0,9.95,0.96,1.44,0.074,3.69,-0.85,-0.006,0.97
55.0,3.0,1.5,2.5,3.0,0.6,1200,0.8,177,67.8,13.17,0.84,1.77,0.074,6.11,-0.99,-0.006,0.96
55.0,3.0,1.5,2.5,4.5,0.6,1200,0.8,177,67.8,13.17,0.84,1.77,0.074,6.11,-0.99,-0.006,0.96
40.0,2.0,0.7,2.5,3.0,0.4,7200,0.8,315,66.7,23.09,0.64,1.27,0.073,9.19,-2.11,-0.007,0.98
40.0,2.0,0.7,2.5,4.5,0.4,7200,0.8,315,66.7,22.99,0.64,1.27,0.073,9.19,-2.21,-0.007,0.98
40.0,2.0,1.0,2.5,3.0,0.8,2400,0.4,237,67.1,17.39,0.59,1.21,0.073,8.77,-1.57,-0.007,0.98
40.0,2.0,1.0,2.5,3.0,0.8,7200,0.2,155,69.0,11.29,0.5,1.12,0.073,12.31,-1.11,-0.007,0.99
40.0,2.0,1.0,2.5,4.5,0.8,2400,0.4,237,67.1,17.39,0.59,1.21,0.073,8.77,-1.57,-0.007,0.98
40.0,2.0,1.0,2.5,4.5,0.8,7200,0.2,155,69.0,11.29,0.5,1.12,0.073,12.31,-1.11,-0.007,0.99
40.0,2.0,1.5,2.5,3.0,0.6,1200,0.4,372,67.7,26.99,0.64,1.34,0.073,13.45,-2.77,-0.007,0.97
40.0,2.0,1.5,2.5,4.5,0.6,1200,0.4,372,67.7,26.99,0.64,1.34,0.073,13.45,-2.77,-0.007,0.97
40.0,4.0,1.5,2.5,3.0,0.8,1200,0.8,581,63.5,42.64,1.05,1.83,0.073,8.0,-3.84,-0.007,0.95
40.0,4.0,1.5,2.5,4.5,0.8,1200,0.8,581,63.5,42.64,1.05,1.83,0.073,8.0,-3.84,-0.007,0.95
40.0,5.0,0.7,1.5,3.0,0.6,2400,0.2,115,86.1,8.36,0.18,1.14,0.073,10.85,-0.83,-0.007,0.99
40.0,5.0,0.7,1.5,3.0,0.8,7200,0.2,104,88.5,7.59,0.15,1.13,0.073,10.94,-0.73,-0.007,0.99
40.0,5.0,0.7,1.5,4.5,0.6,2400,0.2,115,86.1,8.36,0.18,1.14,0.073,10.85,-0.83,-0.007,0.99
40.0,5.0,0.7,1.5,4.5,0.8,7200,0.2,104,88.5,7.59,0.15,1.13,0.073,10.94,-0.73,-0.007,0.99
40.0,5.0,1.5,2.5,3.0,0.4,1200,0.8,461,64.0,33.52,0.99,1.75,0.073,6.2,-3.36,-0.007,0.94
40.0,5.0,1.5,2.5,4.5,0.4,1200,0.8,461,64.0,33.52,0.99,1.75,0.073,6.2,-3.36,-0.007,0.94
45.0,2.0,0.7,2.5,3.0,0.4,1200,0.4,319,69.9,23.22,0.62,1.43,0.073,6.25,-2.31,-0.007,0.96
45.0,2.0,0.7,2.5,3.0,0.8,1200,0.4,319,69.9,23.2,0.62,1.43,0.073,6.25,-2.32,-0.007,0.96
45.0,2.0,0.7,2.5,4.5,0.4,1200,0.4,319,69.9,23.22,0.62,1.43,0.073,6.25,-2.31,-0.007,0.96
45.0,2.0,0.7,2.5,4.5,0.8,1200,0.4,319,69.9,23.2,0.62,1.43,0.073,6.25,-2.32,-0.007,0.96
45.0,3.0,0.7,1.5,3.0,0.8,7200,0.8,202,70.3,14.82,0.54,1.27,0.073,15.15,-1.34,-0.007,0.98
45.0,3.0,0.7,1.5,4.5,0.8,7200,0.8,202,70.3,14.82,0.54,1.27,0.073,15.15,-1.34,-0.007,0.98
45.0,3.0,1.5,2.5,3.0,0.8,3600,0.8,282,62.1,20.47,0.82,1.34,0.073,9.62,-2.09,-0.007,0.97
45.0,3.0,1.5,2.5,4.5,0.8,3600,0.8,282,62.1,20.47,0.82,1.34,0.073,9.62,-2.09,-0.007,0.97
45.0,4.0,1.0,1.5,3.0,0.4,1200,0.8,417,61.6,30.6,1.09,1.76,0.073,8.0,-2.76,-0.007,0.95
45.0,4.0,1.0,1.5,3.0,0.6,1200,0.8,417,61.6,30.43,1.09,1.75,0.073,8.0,-2.93,-0.007,0.95
45.0,4.0,1.0,1.5,3.0,0.8,1200,0.8,417,61.6,30.54,1.09,1.76,0.073,8.0,-2.82,-0.007,0.95
45.0,4.0,1.0,1.5,4.5,0.4,1200,0.8,417,61.6,30.6,1.09,1.76,0.073,8.0,-2.76,-0.007,0.95
45.0,4.0,1.0,1.5,4.5,0.6,1200,0.8,417,61.6,30.43,1.09,1.75,0.073,8.0,-2.93,-0.007,0.95
45.0,4.0,1.0,1.5,4.5,0.8,1200,0.8,417,61.6,30.54,1.09,1.76,0.073,8.0,-2.82,-0.007,0.95
45.0,4.0,1.0,2.5,3.0,0.6,1200,0.8,417,61.6,30.5,1.09,1.75,0.073,8.0,-2.86,-0.007,0.95
45.0,4.0,1.0,2.5,3.0,0.8,1200,0.8,417,61.6,30.61,1.09,1.76,0.073,8.0,-2.75,-0.007,0.95
45.0,4.0,1.0,2.5,4.5,0.6,1200,0.8,417,61.6,30.5,1.09,1.75,0.073,8.0,-2.86,-0.007,0.95
45.0,4.0,1.0,2.5,4.5,0.8,1200,0.8,417,61.6,30.61,1.09,1.76,0.073,8.0,-2.75,-0.007,0.95
50.0,2.0,0.7,1.5,3.0,0.8,7200,0.8,166,64.5,12.07,0.71,1.29,0.073,5.54,-1.21,-0.007,0.97
50.0,2.0,0.7,2.5,3.0,0.6,3600,0.8,194,63.4,14.24,0.82,1.42,0.073,4.07,-1.28,-0.007,0.97
50.0,2.0,0.7,2.5,4.5,0.6,3600,0.8,194,63.4,14.24,0.82,1.42,0.073,4.07,-1.28,-0.007,0.97
50.0,3.0,1.5,2.5,3.0,0.8,2400,0.8,198,64.1,14.49,0.8,1.44,0.073,6.41,-1.35,-0.007,0.97
50.0,3.0,1.5,2.5,4.5,0.8,2400,0.8,198,64.1,14.44,0.8,1.43,0.073,6.41,-1.4,-0.007,0.96
50.0,4.0,0.7,1.5,3.0,0.6,2400,0.8,191,68.6,13.97,0.7,1.53,0.073,8.0,-1.31,-0.007,0.96
50.0,4.0,0.7,1.5,4.5,0.6,2400,0.8,191,68.6,13.97,0.7,1.53,0.073,8.0,-1.31,-0.007,0.96
50.0,4.0,0.7,2.5,3.0,0.6,2400,0.8,191,68.6,13.97,0.7,1.53,0.073,8.0,-1.31,-0.007,0.96
50.0,4.0,0.7,2.5,4.5,0.6,2400,0.8,191,68.6,13.97,0.7,1.53,0.073,8.0,-1.31,-0.007,0.96
55.0,2.0,0.7,1.5,3.0,0.6,7200,0.4,93,74.2,6.82,0.41,1.18,0.073,9.56,-0.62,-0.007,0.98
55.0,2.0,0.7,1.5,3.0,0.8,3600,0.8,135,60.0,9.85,0.96,1.44,0.073,3.68,-0.95,-0.007,0.97
55.0,2.0,0.7,1.5,4.5,0.6,7200,0.4,93,74.2,6.82,0.41,1.18,0.073,9.56,-0.62,-0.007,0.98
55.0,2.0,0.7,1.5,4.5,0.8,3600,0.8,135,60.0,9.85,0.96,1.44,0.073,3.68,-0.95,-0.007,0.97
55.0,2.0,0.7,2.5,3.0,0.6,7200,0.8,112,66.1,8.2,0.65,1.27,0.073,4.06,-0.76,-0.007,0.98
55.0,2.0,0.7,2.5,3.0,0.8,3600,0.8,135,60.0,9.81,0.96,1.43,0.073,3.69,-0.99,-0.007,0.96
55.0,2.0,0.7,2.5,4.5,0.6,7200,0.8,112,66.1,8.2,0.65,1.27,0.073,4.06,-0.76,-0.007,0.98
55.0,2.0,0.7,2.5,4.5,0.8,3600,0.8,135,60.0,9.81,0.96,1.43,0.073,3.69,-0.99,-0.007,0.96
55.0,2.0,1.5,2.5,3.0,0.4,1200,0.8,181,65.7,13.2,0.89,1.71,0.073,4.67,-1.28,-0.007,0.95
55.0,2.0,1.5,2.5,4.5,0.4,1200,0.8,181,65.7,13.2,0.89,1.71,0.073,4.67,-1.28,-0.007,0.95
40.0,2.0,0.7,1.5,3.0,0.4,3600,0.8,435,65.3,31.23,0.75,1.41,0.072,7.27,-3.57,-0.008,0.96
40.0,2.0,0.7,1.5,4.5,0.4,3600,0.8,435,65.3,31.23,0.75,1.41,0.072,7.27,-3.57,-0.008,0.96
40.0,2.0,0.7,2.5,3.0,0.4,3600,0.8,435,65.3,31.44,0.75,1.41,0.072,7.27,-3.36,-0.008,0.96
40.0,2.0,0.7,2.5,4.5,0.4,3600,0.8,435,65.3,31.44,0.75,1.41,0.072,7.27,-3.36,-0.008,0.96
40.0,2.0,1.0,1.5,3.0,0.4,3600,0.4,197,67.0,14.21,0.57,1.16,0.072,10.65,-1.55,-0.008,0.98
40.0,2.0,1.0,1.5,3.0,0.6,2400,0.4,237,67.1,17.13,0.59,1.21,0.072,8.94,-1.83,-0.008,0.98
40.0,2.0,1.0,1.5,3.0,0.8,2400,0.4,237,67.1,16.97,0.59,1.2,0.072,8.77,-1.99,-0.008,0.98
40.0,2.0,1.0,1.5,4.5,0.4,3600,0.4,197,67.0,14.21,0.57,1.16,0.072,10.65,-1.55,-0.008,0.98
40.0,2.0,1.0,1.5,4.5,0.6,2400,0.4,237,67.1,17.13,0.59,1.21,0.072,8.94,-1.83,-0.008,0.98
40.0,2.0,1.0,1.5,4.5,0.8,2400,0.4,237,67.1,16.97,0.59,1.2,0.072,8.77,-1.99,-0.008,0.98
40.0,2.0,1.0,2.5,3.0,0.4,14400,0.8,198,63.6,14.33,0.67,1.17,0.072,10.08,-1.51,-0.008,0.98
40.0,2.0,1.0,2.5,3.0,0.6,7200,0.8,265,62.6,19.13,0.73,1.22,0.072,9.71,-2.07,-0.008,0.98
40.0,2.0,1.0,2.5,4.5,0.4,14400,0.8,198,63.6,14.28,0.67,1.17,0.072,10.08,-1.56,-0.008,0.98
40.0,2.0,1.0,2.5,4.5,0.6,7200,0.8,265,62.6,19.04,0.73,1.22,0.072,9.71,-2.16,-0.008,0.98
40.0,4.0,1.5,2.5,3.0,0.4,1200,0.8,585,63.2,41.9,1.05,1.8,0.072,8.0,-4.9,-0.008,0.93
40.0,4.0,1.5,2.5,4.5,0.4,1200,0.8,585,63.2,41.9,1.05,1.8,0.072,8.0,-4.9,-0.008,0.93
40.0,5.0,0.7,2.5,3.0,0.8,2400,0.2,115,86.1,8.31,0.18,1.14,0.072,10.85,-0.89,-0.008,0.99
40.0,5.0,0.7,2.5,4.5,0.8,2400,0.2,115,86.1,8.31,0.18,1.14,0.072,10.85,-0.89,-0.008,0.99
45.0,2.0,0.7,1.5,3.0,0.4,1200,0.4,319,69.9,23.1,0.62,1.43,0.072,6.25,-2.42,-0.008,0.96
45.0,2.0,0.7,1.5,3.0,0.6,1200,0.4,319,69.9,22.98,0.61,1.43,0.072,6.25,-2.54,-0.008,0.96
45.0,2.0,0.7,1.5,3.0,0.8,1200,0.4,319,69.9,23.08,0.61,1.43,0.072,6.25,-2.44,-0.008,0.96
45.0,2.0,0.7,1.5,4.5,0.4,1200,0.4,319,69.9,23.1,0.62,1.43,0.072,6.25,-2.42,-0.008,0.96
45.0,2.0,0.7,1.5,4.5,0.6,1200,0.4,319,69.9,22.98,0.61,1.43,0.072,6.25,-2.54,-0.008,0.96
45.0,2.0,0.7,1.5,4.5,0.8,1200,0.4,319,69.9,23.08,0.61,1.43,0.072,6.25,-2.44,-0.008,0.96
45.0,2.0,0.7,2.5,3.0,0.6,1200,0.4,319,69.9,23.1,0.61,1.43,0.072,6.25,-2.43,-0.008,0.96
45.0,2.0,0.7,2.5,4.5,0.6,1200,0.4,319,69.9,23.1,0.61,1.43,0.072,6.25,-2.43,-0.008,0.96
45.0,3.0,0.7,2.5,3.0,0.6,7200,0.8,202,70.3,14.54,0.53,1.26,0.072,15.01,-1.62,-0.008,0.97
45.0,3.0,0.7,2.5,4.5,0.6,7200,0.8,202,70.3,14.54,0.53,1.26,0.072,15.01,-1.62,-0.008,0.97
45.0,3.0,1.0,1.5,3.0,0.4,1200,0.4,226,67.3,16.34,0.63,1.29,0.072,11.68,-1.75,-0.008,0.97
45.0,3.0,1.0,1.5,4.5,0.4,1200,0.4,226,67.3,16.25,0.63,1.29,0.072,11.77,-1.83,-0.008,0.97
45.0,3.0,1.0,2.5,3.0,0.6,1200,0.4,226,67.3,16.37,0.63,1.29,0.072,11.43,-1.71,-0.008,0.97
45.0,3.0,1.0,2.5,3.0,0.8,1200,0.4,226,67.3,16.25,0.63,1.29,0.072,11.43,-1.84,-0.008,0.97
45.0,3.0,1.0,2.5,4.5,0.6,1200,0.4,226,67.3,16.23,0.63,1.29,0.072,11.57,-1.85,-0.008,0.97
45.0,3.0,1.5,2.5,3.0,0.4,3600,0.8,287,61.7,20.65,0.83,1.33,0.072,10.09,-2.31,-0.008,0.97
45.0,3.0,1.5,2.5,3.0,0.6,3600,0.8,284,61.6,20.48,0.83,1.33,0.072,9.53,-2.24,-0.008,0.97
45.0,3.0,1.5,2.5,4.5,0.4,3600,0.8,287,61.7,20.65,0.83,1.33,0.072,10.09,-2.31,-0.008,0.97
45.0,3.0,1.5,2.5,4.5,0.6,3600,0.8,284,61.6,20.48,0.83,1.33,0.072,9.53,-2.24,-0.008,0.97
45.0,4.0,1.5,2.5,3.0,0.8,1200,0.8,411,61.3,29.67,1.1,1.74,0.072,8.0,-3.21,-0.008,0.94
45.0,4.0,1.5,2.5,4.5,0.8,1200,0.8,411,61.3,29.67,1.1,1.74,0.072,8.0,-3.21,-0.008,0.94
50.0,2.0,0.7,1.5,4.5,0.8,7200,0.8,166,64.5,11.92,0.71,1.28,0.072,5.54,-1.36,-0.008,0.97
50.0,3.0,1.5,2.5,3.0,0.8,3600,0.8,176,60.8,12.72,0.85,1.32,0.072,10.18,-1.36,-0.008,0.97
50.0,3.0,1.5,2.5,4.5,0.8,3600,0.8,176,60.8,12.67,0.85,1.32,0.072,10.23,-1.41,-0.008,0.97
55.0,2.0,0.7,1.5,3.0,0.6,3600,0.8,135,60.0,9.76,0.95,1.43,0.072,3.68,-1.04,-0.008,0.96
55.0,2.0,0.7,1.5,4.5,0.6,3600,0.8,135,60.0,9.76,0.95,1.43,0.072,3.68,-1.04,-0.008,0.96
55.0,2.0,0.7,2.5,3.0,0.6,3600,0.8,135,60.0,9.71,0.95,1.43,0.072,3.69,-1.09,-0.008,0.96
55.0,2.0,0.7,2.5,4.5,0.6,3600,0.8,135,60.0,9.71,0.95,1.43,0.072,3.69,-1.09,-0.008,0.96
55.0,2.0,1.0,1.5,3.0,0.4,1200,0.8,181,65.7,13.03,0.88,1.7,0.072,5.04,-1.45,-0.008,0.94
55.0,2.0,1.0,1.5,3.0,0.8,1200,0.8,181,65.7,13.02,0.88,1.7,0.072,5.04,-1.46,-0.008,0.94
55.0,2.0,1.0,1.5,4.5,0.4,1200,0.8,181,65.7,13.03,0.88,1.7,0.072,5.04,-1.45,-0.008,0.94
55.0,2.0,1.0,1.5,4.5,0.8,1200,0.8,181,65.7,13.02,0.88,1.7,0.072,5.04,-1.46,-0.008,0.94
55.0,2.0,1.0,2.5,3.0,0.4,1200,0.8,181,65.7,13.03,0.88,1.7,0.072,5.04,-1.45,-0.008,0.94
55.0,2.0,1.0,2.5,3.0,0.8,1200,0.8,181,65.7,13.02,0.88,1.7,0.072,5.04,-1.46,-0.008,0.94
55.0,2.0,1.0,2.5,4.5,0.4,1200,0.8,181,65.7,13.03,0.88,1.7,0.072,5.04,-1.45,-0.008,0.94
55.0,2.0,1.0,2.5,4.5,0.8,1200,0.8,181,65.7,13.02,0.88,1.7,0.072,5.04,-1.46,-0.008,0.94
55.0,2.0,1.5,2.5,3.0,0.6,3600,0.8,133,58.6,9.6,0.97,1.37,0.072,4.9,-1.04,-0.008,0.97
55.0,2.0,1.5,2.5,4.5,0.6,3600,0.8,133,58.6,9.6,0.97,1.37,0.072,4.9,-1.04,-0.008,0.97
55.0,5.0,0.7,1.5,3.0,0.4,2400,0.8,127,67.7,9.12,0.73,1.53,0.072,8.21,-1.04,-0.008,0.95
55.0,5.0,0.7,1.5,3.0,0.8,2400,0.8,127,67.7,9.15,0.73,1.53,0.072,8.21,-1.01,-0.008,0.95
55.0,5.0,0.7,1.5,4.5,0.4,2400,0.8,127,67.7,9.12,0.73,1.53,0.072,8.21,-1.04,-0.008,0.95
55.0,5.0,0.7,1.5,4.5,0.8,2400,0.8,127,67.7,9.15,0.73,1.53,0.072,8.21,-1.01,-0.008,0.95
55.0,5.0,0.7,2.5,3.0,0.4,2400,0.8,127,67.7,9.12,0.73,1.53,0.072,8.21,-1.04,-0.008,0.95
55.0,5.0,0.7,2.5,3.0,0.8,2400,0.8,127,67.7,9.15,0.73,1.53,0.072,8.21,-1.01,-0.008,0.95
55.0,5.0,0.7,2.5,4.5,0.4,2400,0.8,127,67.7,9.12,0.73,1.53,0.072,8.21,-1.04,-0.008,0.95
55.0,5.0,0.7,2.5,4.5,0.8,2400,0.8,127,67.7,9.15,0.73,1.53,0.072,8.21,-1.01,-0.008,0.95
40.0,2.0,1.0,1.5,3.0,0.4,14400,0.8,198,63.6,14.06,0.67,1.17,0.071,10.08,-1.78,-0.009,0.98
40.0,2.0,1.0,1.5,3.0,0.6,7200,0.2,155,69.0,11.04,0.5,1.11,0.071,12.26,-1.36,-0.009,0.99
40.0,2.0,1.0,1.5,4.5,0.4,14400,0.8,198,63.6,14.0,0.67,1.16,0.071,10.08,-1.84,-0.009,0.98
40.0,2.0,1.0,1.5,4.5,0.6,7200,0.2,155,69.0,11.04,0.5,1.11,0.071,12.26,-1.36,-0.009,0.99
40.0,3.0,1.0,2.5,3.0,0.4,2400,0.8,429,62.5,30.46,0.88,1.46,0.071,8.02,-3.86,-0.009,0.95
40.0,3.0,1.0,2.5,4.5,0.4,2400,0.8,429,62.5,30.46,0.88,1.46,0.071,8.02,-3.86,-0.009,0.95
40.0,4.0,1.0,1.5,3.0,0.4,1200,0.8,579,63.2,41.25,1.04,1.79,0.071,8.0,-5.07,-0.009,0.93
40.0,4.0,1.0,1.5,3.0,0.6,1200,0.8,579,63.2,41.05,1.04,1.79,0.071,8.0,-5.27,-0.009,0.93
40.0,4.0,1.0,1.5,3.0,0.8,1200,0.8,579,63.2,41.0,1.04,1.79,0.071,8.0,-5.32,-0.009,0.93
40.0,4.0,1.0,1.5,4.5,0.4,1200,0.8,579,63.2,41.25,1.04,1.79,0.071,8.0,-5.07,-0.009,0.93
40.0,4.0,1.0,1.5,4.5,0.6,1200,0.8,579,63.2,41.05,1.04,1.79,0.071,8.0,-5.27,-0.009,0.93
40.0,4.0,1.0,1.5,4.5,0.8,1200,0.8,579,63.2,41.0,1.04,1.79,0.071,8.0,-5.32,-0.009,0.93
40.0,4.0,1.0,2.5,3.0,0.4,1200,0.8,579,63.2,41.34,1.05,1.8,0.071,8.0,-4.98,-0.009,0.93
40.0,4.0,1.0,2.5,3.0,0.6,1200,0.8,579,63.2,41.07,1.04,1.79,0.071,8.0,-5.25,-0.009,0.93
40.0,4.0,1.0,2.5,3.0,0.8,1200,0.8,579,63.2,40.95,1.04,1.79,0.071,8.0,-5.37,-0.009,0.93
40.0,4.0,1.0,2.5,4.5,0.4,1200,0.8,579,63.2,41.34,1.05,1.8,0.071,8.0,-4.98,-0.009,0.93
40.0,4.0,1.0,2.5,4.5,0.6,1200,0.8,579,63.2,41.07,1.04,1.79,0.071,8.0,-5.25,-0.009,0.93
40.0,4.0,1.0,2.5,4.5,0.8,1200,0.8,579,63.2,40.95,1.04,1.79,0.071,8.0,-5.37,-0.009,0.93
40.0,5.0,0.7,1.5,3.0,0.8,2400,0.2,115,86.1,8.13,0.18,1.13,0.071,10.85,-1.07,-0.009,0.98
40.0,5.0,0.7,1.5,4.5,0.8,2400,0.2,115,86.1,8.13,0.18,1.13,0.071,10.85,-1.07,-0.009,0.98
45.0,3.0,0.7,1.5,3.0,0.4,7200,0.8,202,70.3,14.38,0.53,1.26,0.071,15.37,-1.78,-0.009,0.97
45.0,3.0,0.7,1.5,4.5,0.4,7200,0.8,202,70.3,14.38,0.53,1.26,0.071,15.37,-1.78,-0.009,0.97
45.0,3.0,1.0,2.5,4.5,0.8,1200,0.4,226,67.3,16.06,0.62,1.28,0.071,11.62,-2.02,-0.009,0.97
45.0,4.0,1.0,1.5,3.0,0.4,3600,0.4,112,72.3,7.94,0.44,1.14,0.071,11.83,-1.02,-0.009,0.98
45.0,4.0,1.0,2.5,3.0,0.4,2400,0.2,88,79.5,6.23,0.28,1.1,0.071,13.07,-0.81,-0.009,0.99
45.0,4.0,1.0,2.5,4.5,0.4,2400,0.2,88,79.5,6.23,0.28,1.1,0.071,13.07,-0.81,-0.009,0.99
50.0,2.0,0.7,1.5,3.0,0.4,1200,0.8,269,66.5,19.2,0.88,1.74,0.071,4.92,-2.32,-0.009,0.93
50.0,2.0,0.7,1.5,3.0,0.6,1200,0.8,269,66.5,19.08,0.87,1.74,0.071,4.92,-2.44,-0.009,0.93
50.0,2.0,0.7,1.5,3.0,0.6,7200,0.8,166,64.5,11.85,0.71,1.28,0.071,5.62,-1.43,-0.009,0.97
50.0,2.0,0.7,1.5,3.0,0.8,1200,0.8,269,66.5,19.18,0.88,1.74,0.071,4.92,-2.33,-0.009,0.93
50.0,2.0,0.7,1.5,4.5,0.4,1200,0.8,269,66.5,19.2,0.88,1.74,0.071,4.92,-2.32,-0.009,0.93
50.0,2.0,0.7,1.5,4.5,0.6,1200,0.8,269,66.5,19.08,0.87,1.74,0.071,4.92,-2.44,-0.009,0.93
50.0,2.0,0.7,1.5,4.5,0.6,7200,0.8,166,64.5,11.74,0.7,1.28,0.071,5.62,-1.54,-0.009,0.97
50.0,2.0,0.7,1.5,4.5,0.8,1200,0.8,269,66.5,19.18,0.88,1.74,0.071,4.92,-2.33,-0.009,0.93
50.0,2.0,0.7,2.5,3.0,0.4,1200,0.8,269,66.5,19.2,0.88,1.74,0.071,4.92,-2.32,-0.009,0.93
50.0,2.0,0.7,2.5,3.0,0.6,1200,0.8,269,66.5,19.08,0.87,1.74,0.071,4.92,-2.44,-0.009,0.93
50.0,2.0,0.7,2.5,3.0,0.8,1200,0.8,269,66.5,19.18,0.88,1.74,0.071,4.92,-2.33,-0.009,0.93
50.0,2.0,0.7,2.5,4.5,0.4,1200,0.8,269,66.5,19.2,0.88,1.74,0.071,4.92,-2.32,-0.009,0.93
50.0,2.0,0.7,2.5,4.5,0.6,1200,0.8,269,66.5,19.08,0.87,1.74,0.071,4.92,-2.44,-0.009,0.93
50.0,2.0,0.7,2.5,4.5,0.8,1200,0.8,269,66.5,19.18,0.88,1.74,0.071,4.92,-2.33,-0.009,0.93
50.0,3.0,0.7,1.5,3.0,0.4,1200,0.4,215,73.0,15.29,0.52,1.41,0.071,7.04,-1.91,-0.009,0.96
50.0,3.0,0.7,1.5,3.0,0.6,1200,0.4,215,73.0,15.17,0.52,1.41,0.071,7.16,-2.03,-0.009,0.95
50.0,3.0,0.7,1.5,3.0,0.8,1200,0.4,215,73.0,15.28,0.52,1.41,0.071,7.05,-1.92,-0.009,0.96
50.0,3.0,0.7,1.5,4.5,0.4,1200,0.4,215,73.0,15.29,0.52,1.41,0.071,7.04,-1.91,-0.009,0.96
50.0,3.0,0.7,1.5,4.5,0.6,1200,0.4,215,73.0,15.17,0.52,1.41,0.071,7.16,-2.03,-0.009,0.95
50.0,3.0,0.7,1.5,4.5,0.8,1200,0.4,215,73.0,15.28,0.52,1.41,0.071,7.05,-1.92,-0.009,0.96
50.0,3.0,0.7,2.5,3.0,0.4,1200,0.4,215,73.0,15.29,0.52,1.41,0.071,7.04,-1.91,-0.009,0.96
50.0,3.0,0.7,2.5,3.0,0.6,1200,0.4,215,73.0,15.17,0.52,1.41,0.071,7.16,-2.03,-0.009,0.95
50.0,3.0,0.7,2.5,3.0,0.8,1200,0.4,215,73.0,15.28,0.52,1.41,0.071,7.05,-1.92,-0.009,0.96
50.0,3.0,0.7,2.5,4.5,0.4,1200,0.4,215,73.0,15.29,0.52,1.41,0.071,7.04,-1.91,-0.009,0.96
50.0,3.0,0.7,2.5,4.5,0.6,1200,0.4,215,73.0,15.17,0.52,1.41,0.071,7.16,-2.03,-0.009,0.95
50.0,3.0,0.7,2.5,4.5,0.8,1200,0.4,215,73.0,15.28,0.52,1.41,0.071,7.05,-1.92,-0.009,0.96
55.0,2.0,1.0,1.5,3.0,0.6,1200,0.8,181,65.7,12.91,0.88,1.69,0.071,5.04,-1.57,-0.009,0.94
55.0,2.0,1.0,1.5,4.5,0.6,1200,0.8,181,65.7,12.91,0.88,1.69,0.071,5.04,-1.57,-0.009,0.94
55.0,2.0,1.0,2.5,3.0,0.6,1200,0.8,181,65.7,12.91,0.88,1.69,0.071,5.04,-1.57,-0.009,0.94
55.0,2.0,1.0,2.5,4.5,0.6,1200,0.8,181,65.7,12.91,0.88,1.69,0.071,5.04,-1.57,-0.009,0.94
55.0,5.0,0.7,1.5,3.0,0.6,2400,0.8,127,67.7,8.98,0.73,1.52,0.071,8.21,-1.18,-0.009,0.94
55.0,5.0,0.7,1.5,4.5,0.6,2400,0.8,127,67.7,8.98,0.73,1.52,0.071,8.21,-1.18,-0.009,0.94
55.0,5.0,0.7,2.5,3.0,0.6,2400,0.8,127,67.7,8.98,0.73,1.52,0.071,8.21,-1.18,-0.009,0.94
55.0,5.0,0.7,2.5,4.5,0.6,2400,0.8,127,67.7,8.98,0.73,1.52,0.071,8.21,-1.18,-0.009,0.94
40.0,2.0,0.7,1.5,3.0,0.4,7200,0.8,315,66.7,21.96,0.63,1.26,0.07,9.16,-3.24,-0.01,0.97
40.0,2.0,0.7,1.5,3.0,0.6,3600,0.8,435,65.3,30.3,0.74,1.39,0.07,7.32,-4.5,-0.01,0.95
40.0,2.0,0.7,1.5,4.5,0.6,3600,0.8,435,65.3,30.3,0.74,1.39,0.07,7.32,-4.5,-0.01,0.95
40.0,2.0,0.7,2.5,3.0,0.6,3600,0.8,435,65.3,30.38,0.74,1.39,0.07,7.32,-4.42,-0.01,0.95
40.0,2.0,0.7,2.5,4.5,0.6,3600,0.8,435,65.3,30.38,0.74,1.39,0.07,7.32,-4.42,-0.01,0.95
40.0,2.0,1.0,1.5,3.0,0.6,7200,0.8,265,62.6,18.43,0.73,1.22,0.07,9.71,-2.77,-0.01,0.97
40.0,2.0,1.0,1.5,3.0,0.8,7200,0.2,155,69.0,10.85,0.5,1.11,0.07,12.31,-1.55,-0.01,0.98
40.0,2.0,1.0,1.5,4.5,0.8,7200,0.2,155,69.0,10.85,0.5,1.11,0.07,12.31,-1.55,-0.01,0.98
40.0,2.0,1.0,2.5,3.0,0.8,7200,0.8,265,62.6,18.49,0.73,1.22,0.07,9.88,-2.71,-0.01,0.97
40.0,2.0,1.0,2.5,4.5,0.8,7200,0.8,265,62.6,18.42,0.73,1.22,0.07,9.88,-2.78,-0.01,0.97
40.0,2.0,1.5,2.5,3.0,0.8,1200,0.4,365,68.8,25.67,0.61,1.34,0.07,14.03,-3.53,-0.01,0.96
40.0,2.0,1.5,2.5,4.5,0.8,1200,0.4,365,68.8,25.67,0.61,1.34,0.07,14.03,-3.53,-0.01,0.96
40.0,3.0,1.0,1.5,3.0,0.4,2400,0.8,429,62.5,29.95,0.87,1.46,0.07,8.02,-4.37,-0.01,0.95
40.0,3.0,1.0,1.5,4.5,0.4,2400,0.8,429,62.5,29.95,0.87,1.46,0.07,8.02,-4.37,-0.01,0.95
40.0,3.0,1.0,2.5,3.0,0.6,2400,0.8,429,62.5,30.04,0.88,1.46,0.07,8.02,-4.28,-0.01,0.95
40.0,3.0,1.0,2.5,4.5,0.6,2400,0.8,429,62.5,30.04,0.88,1.46,0.07,8.02,-4.28,-0.01,0.95
40.0,4.0,1.0,1.5,3.0,0.4,14400,0.8,129,69.0,9.05,0.51,1.14,0.07,12.04,-1.27,-0.01,0.98
40.0,4.0,1.0,1.5,4.5,0.4,14400,0.8,129,69.0,8.99,0.51,1.14,0.07,12.04,-1.33,-0.01,0.98
45.0,3.0,1.0,1.5,3.0,0.6,1200,0.4,226,67.3,15.89,0.62,1.28,0.07,11.78,-2.19,-0.01,0.97
45.0,3.0,1.0,1.5,3.0,0.8,1200,0.4,226,67.3,15.77,0.62,1.28,0.07,11.78,-2.31,-0.01,0.96
45.0,3.0,1.0,1.5,4.5,0.6,1200,0.4,226,67.3,15.76,0.62,1.28,0.07,11.92,-2.32,-0.01,0.96
45.0,4.0,1.0,1.5,4.5,0.4,3600,0.4,112,72.3,7.85,0.43,1.14,0.07,11.83,-1.11,-0.01,0.98
50.0,2.0,1.5,2.5,3.0,0.4,2400,0.8,210,64.3,14.75,0.81,1.45,0.07,4.72,-2.05,-0.01,0.95
50.0,2.0,1.5,2.5,4.5,0.4,2400,0.8,210,64.3,14.75,0.81,1.45,0.07,4.72,-2.05,-0.01,0.95
50.0,3.0,1.0,1.5,3.0,0.4,2400,0.8,207,65.2,14.58,0.77,1.43,0.07,6.41,-1.98,-0.01,0.95
50.0,3.0,1.0,1.5,4.5,0.4,2400,0.8,207,65.2,14.58,0.77,1.43,0.07,6.41,-1.98,-0.01,0.95
50.0,3.0,1.0,2.5,3.0,0.4,2400,0.8,207,65.2,14.58,0.77,1.43,0.07,6.41,-1.98,-0.01,0.95
50.0,3.0,1.0,2.5,4.5,0.4,2400,0.8,207,65.2,14.58,0.77,1.43,0.07,6.41,-1.98,-0.01,0.95
55.0,2.0,0.7,1.5,3.0,0.8,7200,0.8,112,66.1,7.81,0.65,1.26,0.07,4.06,-1.15,-0.01,0.97
55.0,2.0,0.7,1.5,4.5,0.8,7200,0.8,112,66.1,7.81,0.65,1.26,0.07,4.06,-1.15,-0.01,0.97
55.0,2.0,1.5,2.5,3.0,0.6,1200,0.8,181,65.7,12.69,0.88,1.68,0.07,4.67,-1.79,-0.01,0.93
55.0,2.0,1.5,2.5,4.5,0.6,1200,0.8,181,65.7,12.69,0.88,1.68,0.07,4.67,-1.79,-0.01,0.93
40.0,2.0,0.7,1.5,3.0,0.8,3600,0.8,435,65.3,29.9,0.74,1.39,0.069,7.32,-4.9,-0.011,0.95
40.0,2.0,0.7,1.5,4.5,0.4,7200,0.8,315,66.7,21.86,0.63,1.26,0.069,9.16,-3.34,-0.011,0.96
40.0,2.0,0.7,1.5,4.5,0.8,3600,0.8,435,65.3,29.9,0.74,1.39,0.069,7.32,-4.9,-0.011,0.95
40.0,2.0,0.7,2.5,3.0,0.6,7200,0.8,315,66.7,21.77,0.63,1.26,0.069,9.3,-3.43,-0.011,0.96
40.0,2.0,0.7,2.5,3.0,0.8,3600,0.8,435,65.3,29.84,0.74,1.39,0.069,7.32,-4.96,-0.011,0.95
40.0,2.0,0.7,2.5,4.5,0.8,3600,0.8,435,65.3,29.84,0.74,1.39,0.069,7.32,-4.96,-0.011,0.95
40.0,2.0,1.0,1.5,4.5,0.6,7200,0.8,265,62.6,18.34,0.72,1.22,0.069,9.71,-2.86,-0.011,0.97
40.0,2.0,1.5,2.5,3.0,0.8,2400,0.4,229,65.9,15.91,0.62,1.19,0.069,9.08,-2.41,-0.011,0.97
40.0,2.0,1.5,2.5,4.5,0.8,2400,0.4,229,65.9,15.91,0.62,1.19,0.069,9.08,-2.41,-0.011,0.97
40.0,3.0,1.0,1.5,3.0,0.6,2400,0.8,429,62.5,29.6,0.87,1.45,0.069,8.02,-4.72,-0.011,0.94
40.0,3.0,1.0,1.5,4.5,0.6,2400,0.8,429,62.5,29.6,0.87,1.45,0.069,8.02,-4.72,-0.011,0.94
40.0,3.0,1.0,2.5,3.0,0.8,2400,0.8,429,62.5,29.74,0.87,1.45,0.069,8.05,-4.58,-0.011,0.94
40.0,3.0,1.0,2.5,4.5,0.8,2400,0.8,429,62.5,29.74,0.87,1.45,0.069,8.05,-4.58,-0.011,0.94
45.0,2.0,0.7,2.5,3.0,0.8,7200,0.8,247,66.8,17.0,0.62,1.26,0.069,8.34,-2.76,-0.011,0.96
45.0,2.0,0.7,2.5,4.5,0.8,7200,0.8,247,66.8,16.93,0.62,1.26,0.069,8.34,-2.83,-0.011,0.96
45.0,3.0,0.7,1.5,3.0,0.6,7200,0.8,202,70.3,13.99,0.53,1.25,0.069,15.34,-2.17,-0.011,0.96
45.0,3.0,0.7,1.5,4.5,0.6,7200,0.8,202,70.3,13.99,0.53,1.25,0.069,15.34,-2.17,-0.011,0.96
45.0,3.0,1.0,1.5,4.5,0.8,1200,0.4,226,67.3,15.58,0.62,1.27,0.069,11.97,-2.5,-0.011,0.96
45.0,4.0,0.7,1.5,3.0,0.4,2400,0.4,164,75.6,11.33,0.4,1.24,0.069,8.16,-1.79,-0.011,0.96
45.0,4.0,0.7,1.5,4.5,0.4,2400,0.4,164,75.6,11.33,0.4,1.24,0.069,8.16,-1.79,-0.011,0.96
45.0,4.0,0.7,2.5,3.0,0.4,2400,0.4,164,75.6,11.34,0.4,1.24,0.069,8.16,-1.77,-0.011,0.97
45.0,4.0,0.7,2.5,4.5,0.4,2400,0.4,164,75.6,11.34,0.4,1.24,0.069,8.16,-1.77,-0.011,0.97
50.0,3.0,1.0,1.5,3.0,0.6,2400,0.8,207,65.2,14.22,0.76,1.42,0.069,6.41,-2.34,-0.011,0.94
50.0,3.0,1.0,1.5,3.0,0.8,2400,0.8,207,65.2,14.38,0.76,1.43,0.069,6.41,-2.18,-0.011,0.95
50.0,3.0,1.0,1.5,4.5,0.6,2400,0.8,207,65.2,14.22,0.76,1.42,0.069,6.41,-2.34,-0.011,0.94
50.0,3.0,1.0,1.5,4.5,0.8,2400,0.8,207,65.2,14.38,0.76,1.43,0.069,6.41,-2.18,-0.011,0.95
50.0,3.0,1.0,2.5,3.0,0.6,2400,0.8,207,65.2,14.22,0.76,1.42,0.069,6.41,-2.34,-0.011,0.94
50.0,3.0,1.0,2.5,3.0,0.8,2400,0.8,207,65.2,14.38,0.76,1.43,0.069,6.41,-2.18,-0.011,0.95
50.0,3.0,1.0,2.5,4.5,0.6,2400,0.8,207,65.2,14.22,0.76,1.42,0.069,6.41,-2.34,-0.011,0.94
50.0,3.0,1.0,2.5,4.5,0.8,2400,0.8,207,65.2,14.38,0.76,1.43,0.069,6.41,-2.18,-0.011,0.95
50.0,3.0,1.5,2.5,3.0,0.6,2400,0.8,200,64.5,13.88,0.78,1.42,0.069,7.07,-2.12,-0.011,0.95
50.0,3.0,1.5,2.5,4.5,0.6,2400,0.8,200,64.5,13.88,0.78,1.42,0.069,7.07,-2.12,-0.011,0.95
40.0,2.0,0.7,2.5,4.5,0.6,7200,0.8,315,66.7,21.57,0.63,1.26,0.068,9.3,-3.62,-0.012,0.96
40.0,2.0,1.0,1.5,3.0,0.8,7200,0.8,265,62.6,18.1,0.72,1.21,0.068,9.88,-3.1,-0.012,0.97
40.0,2.0,1.0,1.5,4.5,0.8,7200,0.8,265,62.6,18.04,0.72,1.21,0.068,9.88,-3.16,-0.012,0.97
40.0,2.0,1.0,2.5,3.0,0.6,3600,0.4,197,67.0,13.46,0.57,1.15,0.068,10.77,-2.3,-0.012,0.98
40.0,2.0,1.0,2.5,4.5,0.6,3600,0.4,197,67.0,13.46,0.57,1.15,0.068,10.77,-2.3,-0.012,0.98
40.0,2.0,1.5,2.5,3.0,0.6,2400,0.8,469,61.4,31.84,0.9,1.44,0.068,6.36,-5.68,-0.012,0.94
40.0,2.0,1.5,2.5,3.0,0.6,3600,0.4,187,66.8,12.77,0.57,1.14,0.068,10.25,-2.19,-0.012,0.98
40.0,2.0,1.5,2.5,4.5,0.6,2400,0.8,469,61.4,31.84,0.9,1.44,0.068,6.36,-5.68,-0.012,0.94
40.0,2.0,1.5,2.5,4.5,0.6,3600,0.4,187,66.8,12.77,0.57,1.14,0.068,10.25,-2.19,-0.012,0.98
40.0,3.0,1.0,1.5,3.0,0.8,2400,0.8,429,62.5,29.37,0.87,1.45,0.068,8.02,-4.95,-0.012,0.94
40.0,3.0,1.0,1.5,4.5,0.8,2400,0.8,429,62.5,29.37,0.87,1.45,0.068,8.02,-4.95,-0.012,0.94
40.0,5.0,1.0,2.5,3.0,0.4,1200,0.8,462,64.1,31.25,0.95,1.7,0.068,6.2,-5.71,-0.012,0.91
40.0,5.0,1.0,2.5,4.5,0.4,1200,0.8,462,64.1,31.25,0.95,1.7,0.068,6.2,-5.71,-0.012,0.91
45.0,2.0,0.7,2.5,3.0,0.4,7200,0.8,247,66.8,16.86,0.62,1.25,0.068,8.1,-2.9,-0.012,0.96
45.0,2.0,0.7,2.5,4.5,0.4,7200,0.8,247,66.8,16.82,0.62,1.25,0.068,8.1,-2.94,-0.012,0.96
45.0,4.0,1.0,2.5,3.0,0.8,3600,0.4,112,72.3,7.65,0.43,1.13,0.068,11.92,-1.31,-0.012,0.98
50.0,2.0,1.0,1.5,3.0,0.4,2400,0.8,212,64.6,14.52,0.79,1.45,0.068,4.72,-2.44,-0.012,0.94
50.0,2.0,1.0,1.5,3.0,0.8,2400,0.8,212,64.6,14.32,0.79,1.44,0.068,4.72,-2.64,-0.012,0.93
50.0,2.0,1.0,1.5,4.5,0.4,2400,0.8,212,64.6,14.52,0.79,1.45,0.068,4.72,-2.44,-0.012,0.94
50.0,2.0,1.0,1.5,4.5,0.8,2400,0.8,212,64.6,14.32,0.79,1.44,0.068,4.72,-2.64,-0.012,0.93
50.0,2.0,1.0,2.5,3.0,0.4,2400,0.8,212,64.6,14.52,0.79,1.45,0.068,4.72,-2.44,-0.012,0.94
50.0,2.0,1.0,2.5,3.0,0.8,2400,0.8,212,64.6,14.32,0.79,1.44,0.068,4.72,-2.64,-0.012,0.93
50.0,2.0,1.0,2.5,4.5,0.4,2400,0.8,212,64.6,14.52,0.79,1.45,0.068,4.72,-2.44,-0.012,0.94
50.0,2.0,1.0,2.5,4.5,0.8,2400,0.8,212,64.6,14.32,0.79,1.44,0.068,4.72,-2.64,-0.012,0.93
50.0,3.0,1.5,2.5,3.0,0.6,3600,0.8,178,60.7,12.04,0.84,1.3,0.068,11.93,-2.2,-0.012,0.95
50.0,3.0,1.5,2.5,4.5,0.6,3600,0.8,178,60.7,12.04,0.84,1.3,0.068,11.93,-2.2,-0.012,0.95
50.0,4.0,1.0,2.5,3.0,0.4,1200,0.2,88,75.0,6.01,0.37,1.12,0.068,14.14,-1.03,-0.012,0.98
50.0,4.0,1.0,2.5,4.5,0.4,1200,0.2,88,75.0,6.01,0.37,1.12,0.068,14.14,-1.03,-0.012,0.98
55.0,3.0,0.7,2.5,3.0,0.4,1200,0.2,86,79.1,5.88,0.31,1.18,0.068,8.58,-1.0,-0.012,0.97
55.0,3.0,0.7,2.5,4.5,0.4,1200,0.2,86,79.1,5.88,0.31,1.18,0.068,8.58,-1.0,-0.012,0.97
40.0,2.0,0.7,2.5,3.0,0.8,7200,0.8,315,66.7,21.25,0.63,1.25,0.067,9.48,-3.95,-0.013,0.96
40.0,2.0,0.7,2.5,4.5,0.8,7200,0.8,315,66.7,21.02,0.63,1.25,0.067,9.48,-4.17,-0.013,0.96
40.0,2.0,1.0,1.5,3.0,0.6,3600,0.4,197,67.0,13.11,0.57,1.15,0.067,10.77,-2.65,-0.013,0.97
40.0,2.0,1.0,1.5,4.5,0.6,3600,0.4,197,67.0,13.11,0.57,1.15,0.067,10.77,-2.65,-0.013,0.97
40.0,2.0,1.5,2.5,3.0,0.8,2400,0.2,157,69.4,10.54,0.49,1.11,0.067,10.1,-2.02,-0.013,0.98
40.0,2.0,1.5,2.5,4.5,0.8,2400,0.2,157,69.4,10.54,0.49,1.11,0.067,10.1,-2.02,-0.013,0.98
40.0,5.0,1.0,1.5,3.0,0.4,1200,0.8,462,64.1,31.13,0.95,1.7,0.067,6.2,-5.83,-0.013,0.9
40.0,5.0,1.0,1.5,3.0,0.6,1200,0.8,462,64.1,30.86,0.95,1.69,0.067,6.2,-6.1,-0.013,0.9
40.0,5.0,1.0,1.5,3.0,0.8,1200,0.8,462,64.1,30.74,0.95,1.69,0.067,6.2,-6.22,-0.013,0.9
40.0,5.0,1.0,1.5,4.5,0.4,1200,0.8,462,64.1,31.13,0.95,1.7,0.067,6.2,-5.83,-0.013,0.9
40.0,5.0,1.0,1.5,4.5,0.6,1200,0.8,462,64.1,30.86,0.95,1.69,0.067,6.2,-6.1,-0.013,0.9
40.0,5.0,1.0,1.5,4.5,0.8,1200,0.8,462,64.1,30.74,0.95,1.69,0.067,6.2,-6.22,-0.013,0.9
40.0,5.0,1.0,2.5,3.0,0.6,1200,0.8,462,64.1,30.98,0.95,1.69,0.067,6.2,-5.98,-0.013,0.9
40.0,5.0,1.0,2.5,3.0,0.8,1200,0.8,462,64.1,30.86,0.95,1.69,0.067,6.2,-6.1,-0.013,0.9
40.0,5.0,1.0,2.5,4.5,0.6,1200,0.8,462,64.1,30.98,0.95,1.69,0.067,6.2,-5.98,-0.013,0.9
40.0,5.0,1.0,2.5,4.5,0.8,1200,0.8,462,64.1,30.86,0.95,1.69,0.067,6.2,-6.1,-0.013,0.9
45.0,2.0,0.7,2.5,3.0,0.6,7200,0.8,247,66.8,16.43,0.62,1.25,0.067,8.22,-3.33,-0.013,0.95
45.0,4.0,0.7,1.5,3.0,0.8,2400,0.4,164,75.6,11.05,0.4,1.23,0.067,8.16,-2.07,-0.013,0.96
45.0,4.0,0.7,1.5,4.5,0.8,2400,0.4,164,75.6,11.05,0.4,1.23,0.067,8.16,-2.07,-0.013,0.96
45.0,4.0,0.7,2.5,3.0,0.4,3600,0.2,92,84.8,6.13,0.2,1.12,0.067,12.35,-1.23,-0.013,0.98
45.0,4.0,0.7,2.5,3.0,0.8,2400,0.4,164,75.6,11.0,0.4,1.23,0.067,8.16,-2.12,-0.013,0.96
45.0,4.0,0.7,2.5,4.5,0.4,3600,0.2,92,84.8,6.13,0.2,1.12,0.067,12.35,-1.23,-0.013,0.98
45.0,4.0,0.7,2.5,4.5,0.8,2400,0.4,164,75.6,11.0,0.4,1.23,0.067,8.16,-2.12,-0.013,0.96
45.0,4.0,1.0,2.5,3.0,0.6,3600,0.4,112,72.3,7.51,0.43,1.13,0.067,11.95,-1.45,-0.013,0.98
45.0,4.0,1.0,2.5,4.5,0.8,3600,0.4,112,72.3,7.46,0.43,1.13,0.067,11.92,-1.5,-0.013,0.98
45.0,5.0,0.7,1.5,3.0,0.4,1200,0.8,385,62.3,25.8,1.03,1.71,0.067,5.95,-5.0,-0.013,0.9
45.0,5.0,0.7,1.5,3.0,0.6,1200,0.8,385,62.3,25.63,1.03,1.7,0.067,5.95,-5.17,-0.013,0.9
45.0,5.0,0.7,1.5,3.0,0.8,1200,0.8,385,62.3,25.74,1.03,1.71,0.067,5.95,-5.06,-0.013,0.9
45.0,5.0,0.7,1.5,4.5,0.4,1200,0.8,385,62.3,25.8,1.03,1.71,0.067,5.95,-5.0,-0.013,0.9
45.0,5.0,0.7,1.5,4.5,0.6,1200,0.8,385,62.3,25.63,1.03,1.7,0.067,5.95,-5.17,-0.013,0.9
45.0,5.0,0.7,1.5,4.5,0.8,1200,0.8,385,62.3,25.74,1.03,1.71,0.067,5.95,-5.06,-0.013,0.9
45.0,5.0,0.7,2.5,3.0,0.4,1200,0.8,385,62.3,25.81,1.03,1.71,0.067,5.95,-4.99,-0.013,0.9
45.0,5.0,0.7,2.5,3.0,0.8,1200,0.8,385,62.3,25.67,1.03,1.7,0.067,5.95,-5.13,-0.013,0.9
45.0,5.0,0.7,2.5,4.5,0.4,1200,0.8,385,62.3,25.81,1.03,1.71,0.067,5.95,-4.99,-0.013,0.9
45.0,5.0,0.7,2.5,4.5,0.8,1200,0.8,385,62.3,25.67,1.03,1.7,0.067,5.95,-5.13,-0.013,0.9
50.0,2.0,0.7,1.5,3.0,0.4,2400,0.8,218,65.1,14.51,0.79,1.47,0.067,4.0,-2.93,-0.013,0.92
50.0,2.0,0.7,1.5,4.5,0.4,2400,0.8,218,65.1,14.51,0.79,1.47,0.067,4.0,-2.93,-0.013,0.92
50.0,2.0,0.7,2.5,3.0,0.4,2400,0.8,218,65.1,14.51,0.79,1.47,0.067,4.0,-2.93,-0.013,0.92
50.0,2.0,0.7,2.5,4.5,0.4,2400,0.8,218,65.1,14.51,0.79,1.47,0.067,4.0,-2.93,-0.013,0.92
50.0,2.0,1.0,1.5,3.0,0.6,2400,0.8,212,64.6,14.16,0.79,1.44,0.067,4.72,-2.8,-0.013,0.93
50.0,2.0,1.0,1.5,4.5,0.6,2400,0.8,212,64.6,14.16,0.79,1.44,0.067,4.72,-2.8,-0.013,0.93
50.0,2.0,1.0,2.5,3.0,0.6,2400,0.8,212,64.6,14.16,0.79,1.44,0.067,4.72,-2.8,-0.013,0.93
50.0,2.0,1.0,2.5,4.5,0.6,2400,0.8,212,64.6,14.16,0.79,1.44,0.067,4.72,-2.8,-0.013,0.93
50.0,3.0,1.0,1.5,3.0,0.4,3600,0.8,177,62.1,11.83,0.79,1.3,0.067,10.22,-2.33,-0.013,0.95
50.0,3.0,1.0,1.5,4.5,0.4,3600,0.8,177,62.1,11.83,0.79,1.3,0.067,10.22,-2.33,-0.013,0.95
50.0,3.0,1.5,2.5,3.0,0.4,2400,0.8,204,64.7,13.7,0.77,1.41,0.067,6.47,-2.62,-0.013,0.93
50.0,3.0,1.5,2.5,4.5,0.4,2400,0.8,204,64.7,13.7,0.77,1.41,0.067,6.47,-2.62,-0.013,0.93
55.0,2.0,0.7,1.5,3.0,0.6,7200,0.8,112,66.1,7.51,0.64,1.25,0.067,4.06,-1.45,-0.013,0.96
55.0,2.0,0.7,1.5,4.5,0.6,7200,0.8,112,66.1,7.51,0.64,1.25,0.067,4.06,-1.45,-0.013,0.96
55.0,3.0,0.7,2.5,3.0,0.8,1200,0.2,86,79.1,5.76,0.31,1.17,0.067,8.6,-1.12,-0.013,0.97
55.0,3.0,0.7,2.5,4.5,0.8,1200,0.2,86,79.1,5.76,0.31,1.17,0.067,8.6,-1.12,-0.013,0.97
40.0,2.0,0.7,1.5,3.0,0.6,7200,0.8,315,66.7,20.9,0.62,1.25,0.066,9.28,-4.3,-0.014,0.95
40.0,2.0,0.7,1.5,3.0,0.8,7200,0.8,315,66.7,20.76,0.62,1.25,0.066,9.46,-4.44,-0.014,0.95
40.0,2.0,0.7,1.5,4.5,0.6,7200,0.8,315,66.7,20.71,0.62,1.25,0.066,9.28,-4.49,-0.014,0.95
40.0,2.0,1.0,2.5,3.0,0.8,3600,0.4,197,67.0,13.04,0.56,1.15,0.066,10.74,-2.72,-0.014,0.97
40.0,2.0,1.0,2.5,4.5,0.8,3600,0.4,197,67.0,13.04,0.56,1.15,0.066,10.74,-2.72,-0.014,0.97
45.0,2.0,0.7,1.5,3.0,0.4,3600,0.8,325,64.6,21.5,0.75,1.37,0.066,6.0,-4.5,-0.014,0.93
45.0,2.0,0.7,1.5,3.0,0.8,7200,0.8,247,66.8,16.41,0.62,1.25,0.066,8.34,-3.35,-0.014,0.95
45.0,2.0,0.7,1.5,4.5,0.4,3600,0.8,325,64.6,21.5,0.75,1.37,0.066,6.0,-4.5,-0.014,0.93
45.0,2.0,0.7,1.5,4.5,0.8,7200,0.8,247,66.8,16.35,0.62,1.25,0.066,8.34,-3.41,-0.014,0.95
45.0,2.0,0.7,2.5,3.0,0.4,3600,0.8,325,64.6,21.53,0.75,1.37,0.066,6.0,-4.47,-0.014,0.93
45.0,2.0,0.7,2.5,4.5,0.4,3600,0.8,325,64.6,21.53,0.75,1.37,0.066,6.0,-4.47,-0.014,0.93
45.0,2.0,0.7,2.5,4.5,0.6,7200,0.8,247,66.8,16.34,0.62,1.25,0.066,8.22,-3.42,-0.014,0.95
45.0,4.0,0.7,1.5,3.0,0.6,2400,0.4,164,75.6,10.9,0.4,1.23,0.066,8.16,-2.22,-0.014,0.96
45.0,4.0,0.7,1.5,4.5,0.6,2400,0.4,164,75.6,10.9,0.4,1.23,0.066,8.16,-2.22,-0.014,0.96
45.0,4.0,0.7,2.5,3.0,0.6,2400,0.4,164,75.6,10.84,0.4,1.23,0.066,8.16,-2.27,-0.014,0.96
45.0,4.0,0.7,2.5,4.5,0.6,2400,0.4,164,75.6,10.84,0.4,1.23,0.066,8.16,-2.27,-0.014,0.96
45.0,4.0,1.0,2.5,3.0,0.4,1200,0.2,104,76.0,6.9,0.35,1.11,0.066,13.07,-1.42,-0.014,0.98
45.0,4.0,1.0,2.5,4.5,0.4,1200,0.2,104,76.0,6.9,0.35,1.11,0.066,13.07,-1.42,-0.014,0.98
45.0,4.0,1.0,2.5,4.5,0.6,3600,0.4,112,72.3,7.38,0.43,1.13,0.066,11.95,-1.58,-0.014,0.97
45.0,5.0,0.7,2.5,3.0,0.6,1200,0.8,385,62.3,25.57,1.03,1.7,0.066,5.95,-5.23,-0.014,0.9
45.0,5.0,0.7,2.5,4.5,0.6,1200,0.8,385,62.3,25.57,1.03,1.7,0.066,5.95,-5.23,-0.014,0.9
50.0,2.0,0.7,1.5,3.0,0.8,2400,0.8,218,65.1,14.32,0.78,1.47,0.066,4.0,-3.12,-0.014,0.92
50.0,2.0,0.7,1.5,4.5,0.8,2400,0.8,218,65.1,14.32,0.78,1.47,0.066,4.0,-3.12,-0.014,0.92
50.0,2.0,0.7,2.5,3.0,0.8,2400,0.8,218,65.1,14.32,0.78,1.47,0.066,4.0,-3.12,-0.014,0.92
50.0,2.0,0.7,2.5,4.5,0.8,2400,0.8,218,65.1,14.32,0.78,1.47,0.066,4.0,-3.12,-0.014,0.92
50.0,3.0,1.0,1.5,3.0,0.4,1200,0.8,268,66.8,17.81,0.8,1.6,0.066,6.05,-3.62,-0.014,0.9
50.0,3.0,1.0,1.5,3.0,0.6,1200,0.8,268,66.8,17.69,0.79,1.6,0.066,6.05,-3.74,-0.014,0.9
50.0,3.0,1.0,1.5,3.0,0.8,1200,0.8,268,66.8,17.8,0.8,1.6,0.066,6.05,-3.64,-0.014,0.9
50.0,3.0,1.0,1.5,3.0,0.8,3600,0.8,177,62.1,11.77,0.79,1.29,0.066,10.16,-2.39,-0.014,0.95
50.0,3.0,1.0,1.5,4.5,0.4,1200,0.8,268,66.8,17.81,0.8,1.6,0.066,6.05,-3.62,-0.014,0.9
50.0,3.0,1.0,1.5,4.5,0.6,1200,0.8,268,66.8,17.69,0.79,1.6,0.066,6.05,-3.74,-0.014,0.9
50.0,3.0,1.0,1.5,4.5,0.8,1200,0.8,268,66.8,17.8,0.8,1.6,0.066,6.05,-3.64,-0.014,0.9
50.0,3.0,1.0,1.5,4.5,0.8,3600,0.8,177,62.1,11.77,0.79,1.29,0.066,10.16,-2.39,-0.014,0.95
50.0,3.0,1.0,2.5,3.0,0.4,1200,0.8,268,66.8,17.81,0.8,1.6,0.066,6.05,-3.62,-0.014,0.9
50.0,3.0,1.0,2.5,3.0,0.4,3600,0.8,177,62.1,11.74,0.79,1.29,0.066,10.22,-2.42,-0.014,0.95
50.0,3.0,1.0,2.5,3.0,0.6,1200,0.8,268,66.8,17.69,0.79,1.6,0.066,6.05,-3.74,-0.014,0.9
50.0,3.0,1.0,2.5,3.0,0.8,1200,0.8,268,66.8,17.8,0.8,1.6,0.066,6.05,-3.64,-0.014,0.9
50.0,3.0,1.0,2.5,3.0,0.8,3600,0.8,177,62.1,11.68,0.79,1.29,0.066,10.16,-2.48,-0.014,0.95
50.0,3.0,1.0,2.5,4.5,0.4,1200,0.8,268,66.8,17.81,0.8,1.6,0.066,6.05,-3.62,-0.014,0.9
50.0,3.0,1.0,2.5,4.5,0.4,3600,0.8,177,62.1,11.74,0.79,1.29,0.066,10.22,-2.42,-0.014,0.95
50.0,3.0,1.0,2.5,4.5,0.6,1200,0.8,268,66.8,17.69,0.79,1.6,0.066,6.05,-3.74,-0.014,0.9
50.0,3.0,1.0,2.5,4.5,0.8,1200,0.8,268,66.8,17.8,0.8,1.6,0.066,6.05,-3.64,-0.014,0.9
50.0,3.0,1.0,2.5,4.5,0.8,3600,0.8,177,62.1,11.68,0.79,1.29,0.066,10.16,-2.48,-0.014,0.95
50.0,4.0,1.0,1.5,3.0,0.4,1200,0.2,88,75.0,5.78,0.37,1.12,0.066,14.14,-1.26,-0.014,0.98
50.0,4.0,1.0,1.5,4.5,0.4,1200,0.2,88,75.0,5.78,0.37,1.12,0.066,14.14,-1.26,-0.014,0.98
50.0,4.0,1.5,2.5,3.0,0.4,14400,0.8,91,72.5,6.03,0.42,1.12,0.066,15.18,-1.25,-0.014,0.98
50.0,4.0,1.5,2.5,4.5,0.4,14400,0.8,91,72.5,6.03,0.42,1.12,0.066,15.18,-1.25,-0.014,0.98
55.0,3.0,0.7,1.5,3.0,0.4,1200,0.8,177,67.8,11.75,0.8,1.69,0.066,6.11,-2.41,-0.014,0.89
55.0,3.0,0.7,1.5,3.0,0.6,1200,0.8,177,67.8,11.63,0.8,1.68,0.066,6.11,-2.53,-0.014,0.89
55.0,3.0,0.7,1.5,3.0,0.8,1200,0.8,177,67.8,11.73,0.8,1.69,0.066,6.11,-2.43,-0.014,0.89
55.0,3.0,0.7,1.5,4.5,0.4,1200,0.8,177,67.8,11.75,0.8,1.69,0.066,6.11,-2.41,-0.014,0.89
55.0,3.0,0.7,1.5,4.5,0.6,1200,0.8,177,67.8,11.63,0.8,1.68,0.066,6.11,-2.53,-0.014,0.89
55.0,3.0,0.7,1.5,4.5,0.8,1200,0.8,177,67.8,11.73,0.8,1.69,0.066,6.11,-2.43,-0.014,0.89
55.0,3.0,0.7,2.5,3.0,0.4,1200,0.8,177,67.8,11.75,0.8,1.69,0.066,6.11,-2.41,-0.014,0.89
55.0,3.0,0.7,2.5,3.0,0.6,1200,0.2,86,79.1,5.71,0.31,1.17,0.066,8.7,-1.17,-0.014,0.97
55.0,3.0,0.7,2.5,3.0,0.6,1200,0.8,177,67.8,11.63,0.8,1.68,0.066,6.11,-2.53,-0.014,0.89
55.0,3.0,0.7,2.5,3.0,0.8,1200,0.8,177,67.8,11.73,0.8,1.69,0.066,6.11,-2.43,-0.014,0.89
55.0,3.0,0.7,2.5,4.5,0.4,1200,0.8,177,67.8,11.75,0.8,1.69,0.066,6.11,-2.41,-0.014,0.89
55.0,3.0,0.7,2.5,4.5,0.6,1200,0.2,86,79.1,5.71,0.31,1.17,0.066,8.7,-1.17,-0.014,0.97
55.0,3.0,0.7,2.5,4.5,0.6,1200,0.8,177,67.8,11.63,0.8,1.68,0.066,6.11,-2.53,-0.014,0.89
55.0,3.0,0.7,2.5,4.5,0.8,1200,0.8,177,67.8,11.73,0.8,1.69,0.066,6.11,-2.43,-0.014,0.89
55.0,3.0,1.5,2.5,3.0,0.4,2400,0.8,143,63.6,9.44,0.83,1.45,0.066,7.11,-2.0,-0.014,0.92
55.0,3.0,1.5,2.5,4.5,0.4,2400,0.8,143,63.6,9.44,0.83,1.45,0.066,7.11,-2.0,-0.014,0.92
40.0,2.0,0.7,1.5,4.5,0.8,7200,0.8,315,66.7,20.54,0.62,1.24,0.065,9.46,-4.66,-0.015,0.95
40.0,2.0,1.5,2.5,3.0,0.8,7200,0.8,258,62.4,16.72,0.72,1.2,0.065,9.82,-3.93,-0.015,0.96
40.0,2.0,1.5,2.5,4.5,0.8,7200,0.8,258,62.4,16.65,0.72,1.2,0.065,9.82,-3.99,-0.015,0.96
45.0,2.0,0.7,1.5,3.0,0.4,7200,0.8,247,66.8,16.06,0.62,1.24,0.065,8.1,-3.7,-0.015,0.95
45.0,2.0,0.7,1.5,3.0,0.8,3600,0.8,325,64.6,21.05,0.75,1.37,0.065,6.0,-4.94,-0.015,0.93
45.0,2.0,0.7,1.5,4.5,0.4,7200,0.8,247,66.8,16.02,0.62,1.24,0.065,8.1,-3.74,-0.015,0.95
45.0,2.0,0.7,1.5,4.5,0.8,3600,0.8,325,64.6,21.05,0.75,1.37,0.065,6.0,-4.94,-0.015,0.93
45.0,2.0,0.7,2.5,3.0,0.4,2400,0.4,256,71.5,16.53,0.5,1.25,0.065,6.62,-3.95,-0.015,0.95
45.0,2.0,0.7,2.5,3.0,0.6,3600,0.8,325,64.6,20.97,0.75,1.36,0.065,6.0,-5.03,-0.015,0.93
45.0,2.0,0.7,2.5,3.0,0.8,3600,0.8,325,64.6,21.08,0.75,1.37,0.065,6.0,-4.92,-0.015,0.93
45.0,2.0,0.7,2.5,4.5,0.4,2400,0.4,256,71.5,16.53,0.5,1.25,0.065,6.62,-3.95,-0.015,0.95
45.0,2.0,0.7,2.5,4.5,0.6,3600,0.8,325,64.6,20.97,0.75,1.36,0.065,6.0,-5.03,-0.015,0.93
45.0,2.0,0.7,2.5,4.5,0.8,3600,0.8,325,64.6,21.08,0.75,1.37,0.065,6.0,-4.92,-0.015,0.93
45.0,2.0,1.0,2.5,3.0,0.4,2400,0.8,361,64.5,23.39,0.79,1.44,0.065,6.19,-5.49,-0.015,0.92
45.0,2.0,1.0,2.5,4.5,0.4,2400,0.8,361,64.5,23.39,0.79,1.44,0.065,6.19,-5.49,-0.015,0.92
45.0,3.0,1.5,2.5,3.0,0.8,1200,0.4,226,67.7,14.75,0.6,1.26,0.065,10.77,-3.33,-0.015,0.95
45.0,4.0,1.0,1.5,3.0,0.4,2400,0.2,88,79.5,5.76,0.28,1.1,0.065,13.07,-1.28,-0.015,0.98
45.0,4.0,1.0,1.5,4.5,0.4,2400,0.2,88,79.5,5.76,0.28,1.1,0.065,13.07,-1.28,-0.015,0.98
50.0,2.0,0.7,1.5,3.0,0.6,2400,0.8,218,65.1,14.16,0.78,1.46,0.065,4.0,-3.28,-0.015,0.91
50.0,2.0,0.7,1.5,4.5,0.6,2400,0.8,218,65.1,14.16,0.78,1.46,0.065,4.0,-3.28,-0.015,0.91
50.0,2.0,0.7,2.5,3.0,0.6,2400,0.8,218,65.1,14.16,0.78,1.46,0.065,4.0,-3.28,-0.015,0.91
50.0,2.0,0.7,2.5,4.5,0.6,2400,0.8,218,65.1,14.16,0.78,1.46,0.065,4.0,-3.28,-0.015,0.91
50.0,3.0,1.0,1.5,3.0,0.6,3600,0.8,177,62.1,11.48,0.78,1.29,0.065,10.34,-2.68,-0.015,0.94
50.0,3.0,1.0,1.5,4.5,0.6,3600,0.8,177,62.1,11.48,0.78,1.29,0.065,10.34,-2.68,-0.015,0.94
40.0,2.0,1.0,1.5,3.0,0.8,3600,0.4,197,67.0,12.68,0.56,1.14,0.064,10.74,-3.08,-0.016,0.97
40.0,2.0,1.0,1.5,4.5,0.8,3600,0.4,197,67.0,12.68,0.56,1.14,0.064,10.74,-3.08,-0.016,0.97
40.0,2.0,1.5,2.5,3.0,0.6,2400,0.4,233,63.1,14.9,0.68,1.17,0.064,9.85,-3.74,-0.016,0.96
40.0,2.0,1.5,2.5,4.5,0.6,2400,0.4,233,63.1,14.9,0.68,1.17,0.064,9.85,-3.74,-0.016,0.96
45.0,2.0,0.7,1.5,3.0,0.4,2400,0.4,256,71.5,16.46,0.5,1.25,0.064,6.62,-4.02,-0.016,0.95
45.0,2.0,0.7,1.5,3.0,0.6,3600,0.8,325,64.6,20.94,0.75,1.36,0.064,6.0,-5.06,-0.016,0.93
45.0,2.0,0.7,1.5,3.0,0.6,7200,0.8,247,66.8,15.7,0.61,1.24,0.064,8.22,-4.06,-0.016,0.94
45.0,2.0,0.7,1.5,4.5,0.4,2400,0.4,256,71.5,16.46,0.5,1.25,0.064,6.62,-4.02,-0.016,0.95
45.0,2.0,0.7,1.5,4.5,0.6,3600,0.8,325,64.6,20.94,0.75,1.36,0.064,6.0,-5.06,-0.016,0.93
45.0,2.0,0.7,2.5,3.0,0.8,2400,0.4,256,71.5,16.31,0.5,1.24,0.064,6.57,-4.17,-0.016,0.94
45.0,2.0,0.7,2.5,4.5,0.8,2400,0.4,256,71.5,16.31,0.5,1.24,0.064,6.57,-4.17,-0.016,0.94
45.0,2.0,1.0,1.5,3.0,0.4,2400,0.8,361,64.5,23.13,0.79,1.44,0.064,6.19,-5.75,-0.016,0.91
45.0,2.0,1.0,1.5,4.5,0.4,2400,0.8,361,64.5,23.13,0.79,1.44,0.064,6.19,-5.75,-0.016,0.91
45.0,2.0,1.0,2.5,3.0,0.6,2400,0.8,361,64.5,23.02,0.79,1.43,0.064,6.19,-5.86,-0.016,0.91
45.0,2.0,1.0,2.5,3.0,0.8,2400,0.8,361,64.5,23.17,0.79,1.44,0.064,6.19,-5.71,-0.016,0.91
45.0,2.0,1.0,2.5,4.5,0.6,2400,0.8,361,64.5,23.02,0.79,1.43,0.064,6.19,-5.86,-0.016,0.91
45.0,2.0,1.0,2.5,4.5,0.8,2400,0.8,361,64.5,23.17,0.79,1.44,0.064,6.19,-5.71,-0.016,0.91
45.0,3.0,1.0,1.5,3.0,0.4,3600,0.8,292,62.7,18.8,0.78,1.31,0.064,11.25,-4.56,-0.016,0.94
45.0,3.0,1.0,1.5,4.5,0.4,3600,0.8,292,62.7,18.8,0.78,1.31,0.064,11.25,-4.56,-0.016,0.94
45.0,3.0,1.0,2.5,3.0,0.4,3600,0.8,292,62.7,18.81,0.78,1.31,0.064,11.25,-4.55,-0.016,0.94
45.0,3.0,1.0,2.5,4.5,0.4,3600,0.8,292,62.7,18.81,0.78,1.31,0.064,11.25,-4.55,-0.016,0.94
45.0,3.0,1.5,2.5,4.5,0.8,1200,0.4,226,67.7,14.57,0.6,1.26,0.064,10.77,-3.51,-0.016,0.94
45.0,4.0,0.7,1.5,3.0,0.4,1200,0.8,398,62.1,25.41,1.02,1.67,0.064,8.0,-6.43,-0.016,0.88
45.0,4.0,0.7,1.5,3.0,0.8,1200,0.8,398,62.1,25.35,1.02,1.67,0.064,8.0,-6.5,-0.016,0.88
45.0,4.0,0.7,1.5,4.5,0.4,1200,0.8,398,62.1,25.41,1.02,1.67,0.064,8.0,-6.43,-0.016,0.88
45.0,4.0,0.7,1.5,4.5,0.8,1200,0.8,398,62.1,25.35,1.02,1.67,0.064,8.0,-6.5,-0.016,0.88
45.0,4.0,0.7,2.5,3.0,0.4,1200,0.8,398,62.1,25.42,1.02,1.67,0.064,8.0,-6.43,-0.016,0.88
45.0,4.0,0.7,2.5,3.0,0.8,1200,0.8,398,62.1,25.28,1.02,1.67,0.064,8.0,-6.56,-0.016,0.87
45.0,4.0,0.7,2.5,4.5,0.4,1200,0.8,398,62.1,25.42,1.02,1.67,0.064,8.0,-6.43,-0.016,0.88
45.0,4.0,0.7,2.5,4.5,0.8,1200,0.8,398,62.1,25.28,1.02,1.67,0.064,8.0,-6.56,-0.016,0.87
45.0,4.0,1.0,1.5,3.0,0.8,3600,0.4,112,72.3,7.2,0.43,1.12,0.064,11.92,-1.76,-0.016,0.97
50.0,3.0,1.0,2.5,3.0,0.6,3600,0.8,177,62.1,11.39,0.78,1.29,0.064,10.34,-2.77,-0.016,0.94
50.0,3.0,1.0,2.5,4.5,0.6,3600,0.8,177,62.1,11.39,0.78,1.29,0.064,10.34,-2.77,-0.016,0.94
50.0,3.0,1.5,2.5,3.0,0.4,1200,0.8,266,66.9,17.11,0.78,1.58,0.064,6.05,-4.17,-0.016,0.89
50.0,3.0,1.5,2.5,4.5,0.4,1200,0.8,266,66.9,17.11,0.78,1.58,0.064,6.05,-4.17,-0.016,0.89
55.0,3.0,0.7,1.5,3.0,0.4,1200,0.2,86,79.1,5.53,0.31,1.17,0.064,8.58,-1.35,-0.016,0.96
55.0,3.0,0.7,1.5,4.5,0.4,1200,0.2,86,79.1,5.53,0.31,1.17,0.064,8.58,-1.35,-0.016,0.96
55.0,3.0,1.5,2.5,3.0,0.6,2400,0.8,143,63.6,9.21,0.82,1.44,0.064,7.15,-2.23,-0.016,0.91
55.0,3.0,1.5,2.5,4.5,0.6,2400,0.8,143,63.6,9.21,0.82,1.44,0.064,7.15,-2.23,-0.016,0.91
40.0,2.0,1.5,2.5,3.0,0.8,2400,0.8,461,61.2,28.87,0.89,1.4,0.063,6.49,-8.01,-0.017,0.91
40.0,2.0,1.5,2.5,4.5,0.8,2400,0.8,461,61.2,28.87,0.89,1.4,0.063,6.49,-8.01,-0.017,0.91
45.0,2.0,0.7,1.5,3.0,0.6,2400,0.4,256,71.5,16.08,0.5,1.24,0.063,6.74,-4.4,-0.017,0.94
45.0,2.0,0.7,1.5,3.0,0.8,2400,0.4,256,71.5,16.23,0.5,1.24,0.063,6.57,-4.25,-0.017,0.94
45.0,2.0,0.7,1.5,4.5,0.6,2400,0.4,256,71.5,16.08,0.5,1.24,0.063,6.74,-4.4,-0.017,0.94
45.0,2.0,0.7,1.5,4.5,0.6,7200,0.8,247,66.8,15.61,0.61,1.24,0.063,8.22,-4.15,-0.017,0.94
45.0,2.0,0.7,1.5,4.5,0.8,2400,0.4,256,71.5,16.23,0.5,1.24,0.063,6.57,-4.25,-0.017,0.94
45.0,2.0,0.7,2.5,3.0,0.6,2400,0.4,256,71.5,16.15,0.5,1.24,0.063,6.74,-4.33,-0.017,0.94
45.0,2.0,0.7,2.5,4.5,0.6,2400,0.4,256,71.5,16.15,0.5,1.24,0.063,6.74,-4.33,-0.017,0.94
45.0,2.0,1.0,1.5,3.0,0.6,2400,0.8,361,64.5,22.76,0.79,1.43,0.063,6.19,-6.12,-0.017,0.91
45.0,2.0,1.0,1.5,3.0,0.8,2400,0.8,361,64.5,22.92,0.79,1.43,0.063,6.19,-5.96,-0.017,0.91
45.0,2.0,1.0,1.5,4.5,0.6,2400,0.8,361,64.5,22.76,0.79,1.43,0.063,6.19,-6.12,-0.017,0.91
45.0,2.0,1.0,1.5,4.5,0.8,2400,0.8,361,64.5,22.92,0.79,1.43,0.063,6.19,-5.96,-0.017,0.91
45.0,3.0,1.0,1.5,3.0,0.6,3600,0.8,292,62.7,18.37,0.77,1.3,0.063,11.32,-4.99,-0.017,0.93
45.0,3.0,1.0,1.5,3.0,0.8,3600,0.8,292,62.7,18.45,0.77,1.3,0.063,11.36,-4.91,-0.017,0.93
45.0,3.0,1.0,1.5,4.5,0.6,3600,0.8,292,62.7,18.37,0.77,1.3,0.063,11.32,-4.99,-0.017,0.93
45.0,3.0,1.0,1.5,4.5,0.8,3600,0.8,292,62.7,18.45,0.77,1.3,0.063,11.36,-4.91,-0.017,0.93
45.0,3.0,1.0,2.5,3.0,0.6,3600,0.8,292,62.7,18.38,0.77,1.3,0.063,11.32,-4.98,-0.017,0.93
45.0,3.0,1.0,2.5,3.0,0.8,3600,0.8,292,62.7,18.46,0.77,1.3,0.063,11.36,-4.9,-0.017,0.93
45.0,3.0,1.0,2.5,4.5,0.6,3600,0.8,292,62.7,18.38,0.77,1.3,0.063,11.32,-4.98,-0.017,0.93
45.0,3.0,1.0,2.5,4.5,0.8,3600,0.8,292,62.7,18.46,0.77,1.3,0.063,11.36,-4.9,-0.017,0.93
45.0,3.0,1.5,2.5,3.0,0.6,2400,0.8,325,64.3,20.49,0.76,1.37,0.063,10.86,-5.51,-0.017,0.92
45.0,3.0,1.5,2.5,4.5,0.6,2400,0.8,325,64.3,20.49,0.76,1.37,0.063,10.86,-5.51,-0.017,0.92
45.0,4.0,0.7,1.5,3.0,0.6,1200,0.8,398,62.1,25.24,1.02,1.67,0.063,8.0,-6.6,-0.017,0.87
45.0,4.0,0.7,1.5,4.5,0.6,1200,0.8,398,62.1,25.24,1.02,1.67,0.063,8.0,-6.6,-0.017,0.87
45.0,4.0,0.7,2.5,3.0,0.6,1200,0.8,398,62.1,25.18,1.02,1.67,0.063,8.0,-6.67,-0.017,0.87
45.0,4.0,0.7,2.5,4.5,0.6,1200,0.8,398,62.1,25.18,1.02,1.67,0.063,8.0,-6.67,-0.017,0.87
45.0,4.0,1.0,1.5,3.0,0.6,3600,0.4,112,72.3,7.07,0.43,1.12,0.063,11.95,-1.89,-0.017,0.97
45.0,4.0,1.0,1.5,4.5,0.8,3600,0.4,112,72.3,7.02,0.43,1.12,0.063,11.92,-1.94,-0.017,0.97
50.0,3.0,0.7,1.5,3.0,0.4,2400,0.4,169,75.7,10.72,0.4,1.24,0.063,11.56,-2.8,-0.017,0.94
50.0,3.0,0.7,1.5,4.5,0.4,2400,0.4,169,75.7,10.72,0.4,1.24,0.063,11.56,-2.8,-0.017,0.94
50.0,3.0,0.7,2.5,3.0,0.4,2400,0.4,169,75.7,10.72,0.4,1.24,0.063,11.56,-2.8,-0.017,0.94
50.0,3.0,0.7,2.5,4.5,0.4,2400,0.4,169,75.7,10.72,0.4,1.24,0.063,11.56,-2.8,-0.017,0.94
50.0,4.0,1.0,2.5,3.0,0.4,3600,0.2,68,77.9,4.25,0.31,1.09,0.062,14.14,-1.19,-0.017,0.98
50.0,4.0,1.0,2.5,4.5,0.4,3600,0.2,68,77.9,4.25,0.31,1.09,0.062,14.14,-1.19,-0.017,0.98
55.0,3.0,0.7,1.5,3.0,0.8,1200,0.2,86,79.1,5.41,0.31,1.16,0.063,8.6,-1.47,-0.017,0.96
55.0,3.0,0.7,1.5,4.5,0.8,1200,0.2,86,79.1,5.41,0.31,1.16,0.063,8.6,-1.47,-0.017,0.96
55.0,3.0,1.5,2.5,3.0,0.8,3600,0.8,127,57.5,8.02,0.95,1.29,0.063,6.69,-2.14,-0.017,0.93
55.0,3.0,1.5,2.5,4.5,0.8,3600,0.8,127,57.5,7.97,0.95,1.29,0.063,6.69,-2.19,-0.017,0.93
40.0,2.0,1.5,2.5,3.0,0.4,2400,0.8,477,61.2,29.4,0.89,1.4,0.062,7.15,-8.76,-0.018,0.9
40.0,2.0,1.5,2.5,4.5,0.4,2400,0.8,477,61.2,29.4,0.89,1.4,0.062,7.15,-8.76,-0.018,0.9
45.0,3.0,1.5,2.5,3.0,0.4,2400,0.8,329,64.1,20.35,0.77,1.37,0.062,10.66,-5.97,-0.018,0.91
45.0,3.0,1.5,2.5,4.5,0.4,2400,0.8,329,64.1,20.35,0.77,1.37,0.062,10.66,-5.97,-0.018,0.91
45.0,4.0,0.7,1.5,3.0,0.4,3600,0.2,92,84.8,5.74,0.2,1.11,0.062,12.35,-1.62,-0.018,0.97
45.0,4.0,0.7,1.5,4.5,0.4,3600,0.2,92,84.8,5.74,0.2,1.11,0.062,12.35,-1.62,-0.018,0.97
45.0,4.0,1.0,1.5,3.0,0.4,1200,0.2,104,76.0,6.46,0.35,1.11,0.062,13.07,-1.86,-0.018,0.97
45.0,4.0,1.0,1.5,4.5,0.4,1200,0.2,104,76.0,6.46,0.35,1.11,0.062,13.07,-1.86,-0.018,0.97
45.0,4.0,1.0,1.5,4.5,0.6,3600,0.4,112,72.3,6.93,0.43,1.12,0.062,11.95,-2.03,-0.018,0.97
45.0,4.0,1.0,2.5,3.0,0.8,2400,0.2,88,79.5,5.48,0.28,1.09,0.062,13.02,-1.56,-0.018,0.97
45.0,4.0,1.0,2.5,4.5,0.8,2400,0.2,88,79.5,5.48,0.28,1.09,0.062,13.02,-1.56,-0.018,0.97
50.0,3.0,0.7,1.5,3.0,0.8,2400,0.4,169,75.7,10.52,0.4,1.24,0.062,11.51,-3.0,-0.018,0.94
50.0,3.0,0.7,1.5,4.5,0.8,2400,0.4,169,75.7,10.52,0.4,1.24,0.062,11.51,-3.0,-0.018,0.94
50.0,3.0,0.7,2.5,3.0,0.8,2400,0.4,169,75.7,10.52,0.4,1.24,0.062,11.51,-3.0,-0.018,0.94
50.0,3.0,0.7,2.5,4.5,0.8,2400,0.4,169,75.7,10.52,0.4,1.24,0.062,11.51,-3.0,-0.018,0.94
50.0,4.0,1.0,2.5,3.0,0.6,1200,0.2,88,75.0,5.46,0.37,1.11,0.062,14.26,-1.58,-0.018,0.97
50.0,4.0,1.0,2.5,4.5,0.6,1200,0.2,88,75.0,5.46,0.37,1.11,0.062,14.26,-1.58,-0.018,0.97
55.0,3.0,0.7,1.5,3.0,0.6,1200,0.2,86,79.1,5.36,0.31,1.16,0.062,8.7,-1.52,-0.018,0.96
55.0,3.0,0.7,1.5,4.5,0.6,1200,0.2,86,79.1,5.36,0.31,1.16,0.062,8.7,-1.52,-0.018,0.96
45.0,3.0,1.5,2.5,3.0,0.6,1200,0.4,251,68.9,15.38,0.57,1.27,0.061,10.57,-4.7,-0.019,0.93
45.0,3.0,1.5,2.5,4.5,0.6,1200,0.4,251,68.9,15.24,0.57,1.27,0.061,10.57,-4.84,-0.019,0.92
45.0,4.0,1.0,2.5,3.0,0.6,2400,0.2,88,79.5,5.39,0.28,1.09,0.061,13.19,-1.65,-0.019,0.97
45.0,4.0,1.0,2.5,4.5,0.6,2400,0.2,88,79.5,5.39,0.28,1.09,0.061,13.19,-1.65,-0.019,0.97
50.0,3.0,0.7,1.5,3.0,0.6,2400,0.4,169,75.7,10.36,0.4,1.23,0.061,11.68,-3.16,-0.019,0.93
50.0,3.0,0.7,1.5,4.5,0.6,2400,0.4,169,75.7,10.36,0.4,1.23,0.061,11.68,-3.16,-0.019,0.93
50.0,3.0,0.7,2.5,3.0,0.6,2400,0.4,169,75.7,10.36,0.4,1.23,0.061,11.68,-3.16,-0.019,0.93
50.0,3.0,0.7,2.5,4.5,0.6,2400,0.4,169,75.7,10.36,0.4,1.23,0.061,11.68,-3.16,-0.019,0.93
50.0,4.0,1.0,2.5,3.0,0.8,1200,0.2,88,75.0,5.4,0.37,1.11,0.061,14.16,-1.64,-0.019,0.97
50.0,4.0,1.0,2.5,4.5,0.8,1200,0.2,88,75.0,5.4,0.37,1.11,0.061,14.16,-1.64,-0.019,0.97
40.0,5.0,0.7,2.5,3.0,0.4,3600,0.2,104,86.5,6.19,0.17,1.1,0.06,11.5,-2.13,-0.02,0.97
40.0,5.0,0.7,2.5,4.5,0.4,3600,0.2,104,86.5,6.19,0.17,1.1,0.06,11.5,-2.13,-0.02,0.97
45.0,3.0,1.5,2.5,3.0,0.8,2400,0.8,318,64.2,18.97,0.75,1.35,0.06,11.06,-6.47,-0.02,0.9
45.0,3.0,1.5,2.5,4.5,0.8,2400,0.8,318,64.2,18.97,0.75,1.35,0.06,11.06,-6.47,-0.02,0.9
45.0,4.0,0.7,2.5,3.0,0.4,2400,0.2,98,84.7,5.85,0.2,1.11,0.06,12.35,-1.99,-0.02,0.96
45.0,4.0,0.7,2.5,3.0,0.8,3600,0.2,92,84.8,5.49,0.2,1.11,0.06,12.44,-1.87,-0.02,0.96
45.0,4.0,0.7,2.5,4.5,0.4,2400,0.2,98,84.7,5.85,0.2,1.11,0.06,12.35,-1.99,-0.02,0.96
45.0,4.0,0.7,2.5,4.5,0.8,3600,0.2,92,84.8,5.49,0.2,1.11,0.06,12.44,-1.87,-0.02,0.96
50.0,3.0,1.5,2.5,3.0,0.4,3600,0.8,180,61.1,10.74,0.81,1.27,0.06,10.93,-3.66,-0.02,0.92
50.0,3.0,1.5,2.5,4.5,0.4,3600,0.8,180,61.1,10.74,0.81,1.27,0.06,10.93,-3.66,-0.02,0.92
50.0,4.0,1.0,1.5,3.0,0.4,3600,0.2,68,77.9,4.06,0.31,1.08,0.06,14.14,-1.38,-0.02,0.97
50.0,4.0,1.0,1.5,3.0,0.6,1200,0.2,88,75.0,5.3,0.37,1.11,0.06,14.26,-1.74,-0.02,0.97
50.0,4.0,1.0,1.5,3.0,0.8,1200,0.2,88,75.0,5.31,0.37,1.11,0.06,14.16,-1.73,-0.02,0.97
50.0,4.0,1.0,1.5,4.5,0.4,3600,0.2,68,77.9,4.06,0.31,1.08,0.06,14.14,-1.38,-0.02,0.97
50.0,4.0,1.0,1.5,4.5,0.6,1200,0.2,88,75.0,5.3,0.37,1.11,0.06,14.26,-1.74,-0.02,0.97
50.0,4.0,1.0,1.5,4.5,0.8,1200,0.2,88,75.0,5.31,0.37,1.11,0.06,14.16,-1.73,-0.02,0.97
50.0,4.0,1.5,2.5,3.0,0.8,3600,0.4,91,70.3,5.44,0.47,1.11,0.06,14.6,-1.84,-0.02,0.96
40.0,3.0,0.7,1.5,3.0,0.4,1200,0.4,397,70.3,23.25,0.56,1.33,0.059,12.88,-8.51,-0.021,0.9
40.0,3.0,0.7,1.5,4.5,0.4,1200,0.4,397,70.3,23.25,0.56,1.33,0.059,12.88,-8.51,-0.021,0.9
45.0,3.0,0.7,1.5,3.0,0.4,3600,0.8,307,65.1,18.14,0.7,1.31,0.059,12.14,-6.42,-0.021,0.91
45.0,3.0,0.7,1.5,4.5,0.4,3600,0.8,307,65.1,18.14,0.7,1.31,0.059,12.14,-6.42,-0.021,0.91
45.0,3.0,0.7,2.5,3.0,0.4,3600,0.8,307,65.1,18.16,0.7,1.31,0.059,12.14,-6.4,-0.021,0.91
45.0,3.0,0.7,2.5,4.5,0.4,3600,0.8,307,65.1,18.16,0.7,1.31,0.059,12.14,-6.4,-0.021,0.91
45.0,4.0,0.7,2.5,3.0,0.6,3600,0.2,92,84.8,5.47,0.2,1.1,0.059,12.47,-1.89,-0.021,0.96
45.0,4.0,0.7,2.5,4.5,0.6,3600,0.2,92,84.8,5.47,0.2,1.1,0.059,12.47,-1.89,-0.021,0.96
55.0,2.0,0.7,1.5,3.0,0.4,2400,0.8,149,63.1,8.75,0.83,1.41,0.059,4.26,-3.17,-0.021,0.88
55.0,2.0,0.7,1.5,3.0,0.8,2400,0.8,149,63.1,8.78,0.83,1.42,0.059,4.26,-3.14,-0.021,0.88
55.0,2.0,0.7,1.5,4.5,0.4,2400,0.8,149,63.1,8.75,0.83,1.41,0.059,4.26,-3.17,-0.021,0.88
55.0,2.0,0.7,1.5,4.5,0.8,2400,0.8,149,63.1,8.78,0.83,1.42,0.059,4.26,-3.14,-0.021,0.88
55.0,2.0,0.7,2.5,3.0,0.4,2400,0.8,149,63.1,8.75,0.83,1.41,0.059,4.26,-3.17,-0.021,0.88
55.0,2.0,0.7,2.5,3.0,0.8,2400,0.8,149,63.1,8.78,0.83,1.42,0.059,4.26,-3.14,-0.021,0.88
55.0,2.0,0.7,2.5,4.5,0.4,2400,0.8,149,63.1,8.75,0.83,1.41,0.059,4.26,-3.17,-0.021,0.88
55.0,2.0,0.7,2.5,4.5,0.8,2400,0.8,149,63.1,8.78,0.83,1.42,0.059,4.26,-3.14,-0.021,0.88
55.0,3.0,0.7,1.5,3.0,0.4,1200,0.4,144,74.3,8.48,0.46,1.32,0.059,5.5,-3.04,-0.021,0.9
55.0,3.0,0.7,1.5,3.0,0.8,1200,0.4,144,74.3,8.47,0.46,1.32,0.059,5.5,-3.05,-0.021,0.9
55.0,3.0,0.7,1.5,4.5,0.4,1200,0.4,144,74.3,8.48,0.46,1.32,0.059,5.5,-3.04,-0.021,0.9
55.0,3.0,0.7,1.5,4.5,0.8,1200,0.4,144,74.3,8.47,0.46,1.32,0.059,5.5,-3.05,-0.021,0.9
55.0,3.0,0.7,2.5,3.0,0.4,1200,0.4,144,74.3,8.48,0.46,1.32,0.059,5.5,-3.04,-0.021,0.9
55.0,3.0,0.7,2.5,3.0,0.8,1200,0.4,144,74.3,8.47,0.46,1.32,0.059,5.5,-3.05,-0.021,0.9
55.0,3.0,0.7,2.5,4.5,0.4,1200,0.4,144,74.3,8.48,0.46,1.32,0.059,5.5,-3.04,-0.021,0.9
55.0,3.0,0.7,2.5,4.5,0.8,1200,0.4,144,74.3,8.47,0.46,1.32,0.059,5.5,-3.05,-0.021,0.9
40.0,3.0,0.7,1.5,3.0,0.6,1200,0.4,397,70.3,23.18,0.56,1.33,0.058,12.88,-8.58,-0.022,0.9
40.0,3.0,0.7,1.5,3.0,0.8,1200,0.4,397,70.3,23.18,0.56,1.33,0.058,12.88,-8.58,-0.022,0.9
40.0,3.0,0.7,1.5,4.5,0.6,1200,0.4,397,70.3,23.18,0.56,1.33,0.058,12.88,-8.58,-0.022,0.9
40.0,3.0,0.7,1.5,4.5,0.8,1200,0.4,397,70.3,23.18,0.56,1.33,0.058,12.88,-8.58,-0.022,0.9
40.0,3.0,0.7,2.5,3.0,0.4,1200,0.4,397,70.3,23.14,0.56,1.33,0.058,12.88,-8.62,-0.022,0.89
40.0,3.0,0.7,2.5,3.0,0.6,1200,0.4,397,70.3,23.01,0.56,1.33,0.058,12.88,-8.75,-0.022,0.89
40.0,3.0,0.7,2.5,3.0,0.8,1200,0.4,397,70.3,23.01,0.56,1.33,0.058,12.88,-8.75,-0.022,0.89
40.0,3.0,0.7,2.5,4.5,0.4,1200,0.4,397,70.3,23.14,0.56,1.33,0.058,12.88,-8.62,-0.022,0.89
40.0,3.0,0.7,2.5,4.5,0.6,1200,0.4,397,70.3,23.01,0.56,1.33,0.058,12.88,-8.75,-0.022,0.89
40.0,3.0,0.7,2.5,4.5,0.8,1200,0.4,397,70.3,23.01,0.56,1.33,0.058,12.88,-8.75,-0.022,0.89
45.0,2.0,1.5,2.5,3.0,0.4,1200,0.8,469,61.4,27.14,0.99,1.57,0.058,5.77,-10.38,-0.022,0.84
45.0,2.0,1.5,2.5,4.5,0.4,1200,0.8,469,61.4,27.14,0.99,1.57,0.058,5.77,-10.38,-0.022,0.84
45.0,3.0,0.7,1.5,3.0,0.8,3600,0.8,307,65.1,17.7,0.7,1.31,0.058,12.13,-6.86,-0.022,0.9
45.0,3.0,0.7,1.5,4.5,0.8,3600,0.8,307,65.1,17.7,0.7,1.31,0.058,12.13,-6.86,-0.022,0.9
45.0,3.0,0.7,2.5,3.0,0.8,3600,0.8,307,65.1,17.73,0.7,1.31,0.058,12.13,-6.83,-0.022,0.9
45.0,3.0,0.7,2.5,4.5,0.8,3600,0.8,307,65.1,17.73,0.7,1.31,0.058,12.13,-6.83,-0.022,0.9
45.0,4.0,1.0,1.5,3.0,0.8,2400,0.2,88,79.5,5.07,0.28,1.08,0.058,13.02,-1.97,-0.022,0.97
45.0,4.0,1.0,1.5,4.5,0.8,2400,0.2,88,79.5,5.07,0.28,1.08,0.058,13.02,-1.97,-0.022,0.97
45.0,4.0,1.0,2.5,3.0,0.6,1200,0.2,104,76.0,6.08,0.35,1.1,0.058,13.19,-2.24,-0.022,0.96
45.0,4.0,1.0,2.5,3.0,0.8,1200,0.2,104,76.0,6.01,0.35,1.1,0.058,13.09,-2.31,-0.022,0.96
45.0,4.0,1.0,2.5,4.5,0.6,1200,0.2,104,76.0,6.08,0.35,1.1,0.058,13.19,-2.24,-0.022,0.96
45.0,4.0,1.0,2.5,4.5,0.8,1200,0.2,104,76.0,6.01,0.35,1.1,0.058,13.09,-2.31,-0.022,0.96
50.0,4.0,1.5,2.5,3.0,0.4,3600,0.4,90,72.2,5.19,0.43,1.11,0.058,13.91,-2.01,-0.022,0.96
55.0,2.0,0.7,1.5,3.0,0.4,1200,0.8,181,65.7,10.42,0.81,1.56,0.058,5.38,-4.06,-0.022,0.83
55.0,2.0,0.7,1.5,3.0,0.6,2400,0.8,149,63.1,8.61,0.82,1.41,0.058,4.26,-3.31,-0.022,0.87
55.0,2.0,0.7,1.5,4.5,0.4,1200,0.8,181,65.7,10.42,0.81,1.56,0.058,5.38,-4.06,-0.022,0.83
55.0,2.0,0.7,1.5,4.5,0.6,2400,0.8,149,63.1,8.61,0.82,1.41,0.058,4.26,-3.31,-0.022,0.87
55.0,2.0,0.7,2.5,3.0,0.4,1200,0.8,181,65.7,10.42,0.81,1.56,0.058,5.38,-4.06,-0.022,0.83
55.0,2.0,0.7,2.5,3.0,0.6,2400,0.8,149,63.1,8.61,0.82,1.41,0.058,4.26,-3.31,-0.022,0.87
55.0,2.0,0.7,2.5,4.5,0.4,1200,0.8,181,65.7,10.42,0.81,1.56,0.058,5.38,-4.06,-0.022,0.83
55.0,2.0,0.7,2.5,4.5,0.6,2400,0.8,149,63.1,8.61,0.82,1.41,0.058,4.26,-3.31,-0.022,0.87
55.0,3.0,0.7,1.5,3.0,0.6,1200,0.4,144,74.3,8.36,0.46,1.32,0.058,5.5,-3.16,-0.022,0.9
55.0,3.0,0.7,1.5,4.5,0.6,1200,0.4,144,74.3,8.36,0.46,1.32,0.058,5.5,-3.16,-0.022,0.9
55.0,3.0,0.7,2.5,3.0,0.6,1200,0.4,144,74.3,8.36,0.46,1.32,0.058,5.5,-3.16,-0.022,0.9
55.0,3.0,0.7,2.5,4.5,0.6,1200,0.4,144,74.3,8.36,0.46,1.32,0.058,5.5,-3.16,-0.022,0.9
40.0,2.0,1.0,2.5,3.0,0.4,3600,0.2,160,67.5,9.13,0.53,1.09,0.057,12.06,-3.67,-0.023,0.96
40.0,2.0,1.0,2.5,4.5,0.4,3600,0.2,160,67.5,9.13,0.53,1.09,0.057,12.06,-3.67,-0.023,0.96
45.0,2.0,1.0,2.5,3.0,0.4,1200,0.8,470,61.7,26.63,0.97,1.56,0.057,5.77,-10.97,-0.023,0.83
45.0,2.0,1.0,2.5,3.0,0.8,1200,0.8,470,61.7,26.62,0.97,1.56,0.057,5.77,-10.98,-0.023,0.83
45.0,2.0,1.0,2.5,4.5,0.4,1200,0.8,470,61.7,26.63,0.97,1.56,0.057,5.77,-10.97,-0.023,0.83
45.0,2.0,1.0,2.5,4.5,0.8,1200,0.8,470,61.7,26.62,0.97,1.56,0.057,5.77,-10.98,-0.023,0.83
45.0,3.0,0.7,1.5,3.0,0.6,3600,0.8,307,65.1,17.59,0.7,1.3,0.057,12.13,-6.97,-0.023,0.9
45.0,3.0,0.7,1.5,4.5,0.6,3600,0.8,307,65.1,17.59,0.7,1.3,0.057,12.13,-6.97,-0.023,0.9
45.0,3.0,0.7,2.5,3.0,0.6,3600,0.8,307,65.1,17.61,0.7,1.3,0.057,12.13,-6.95,-0.023,0.9
45.0,3.0,0.7,2.5,4.5,0.6,3600,0.8,307,65.1,17.61,0.7,1.3,0.057,12.13,-6.95,-0.023,0.9
45.0,4.0,0.7,1.5,3.0,0.4,1200,0.2,112,83.0,6.33,0.23,1.12,0.057,12.35,-2.63,-0.023,0.95
45.0,4.0,0.7,1.5,4.5,0.4,1200,0.2,112,83.0,6.33,0.23,1.12,0.057,12.35,-2.63,-0.023,0.95
45.0,4.0,0.7,2.5,3.0,0.4,1200,0.2,112,83.0,6.37,0.23,1.12,0.057,12.35,-2.59,-0.023,0.95
45.0,4.0,0.7,2.5,4.5,0.4,1200,0.2,112,83.0,6.37,0.23,1.12,0.057,12.35,-2.59,-0.023,0.95
45.0,4.0,1.0,1.5,3.0,0.6,2400,0.2,88,79.5,4.98,0.28,1.08,0.057,13.19,-2.06,-0.023,0.97
45.0,4.0,1.0,1.5,4.5,0.6,2400,0.2,88,79.5,4.98,0.28,1.08,0.057,13.19,-2.06,-0.023,0.97
50.0,3.0,1.5,2.5,3.0,0.6,1200,0.8,264,66.7,15.05,0.75,1.51,0.057,6.66,-6.07,-0.023,0.84
50.0,3.0,1.5,2.5,3.0,0.8,1200,0.8,263,66.2,14.99,0.77,1.5,0.057,6.05,-6.05,-0.023,0.84
50.0,3.0,1.5,2.5,4.5,0.6,1200,0.8,264,66.7,15.05,0.75,1.51,0.057,6.66,-6.07,-0.023,0.84
50.0,3.0,1.5,2.5,4.5,0.8,1200,0.8,263,66.2,14.94,0.77,1.5,0.057,6.05,-6.1,-0.023,0.84
50.0,4.0,1.5,2.5,4.5,0.4,3600,0.4,90,72.2,5.1,0.43,1.11,0.057,13.91,-2.1,-0.023,0.96
50.0,4.0,1.5,2.5,4.5,0.8,3600,0.4,91,70.3,5.2,0.47,1.1,0.057,14.6,-2.08,-0.023,0.96
55.0,2.0,0.7,1.5,3.0,0.6,1200,0.8,181,65.7,10.3,0.81,1.55,0.057,5.38,-4.18,-0.023,0.83
55.0,2.0,0.7,1.5,3.0,0.8,1200,0.8,181,65.7,10.41,0.81,1.56,0.058,5.38,-4.08,-0.023,0.83
55.0,2.0,0.7,1.5,4.5,0.6,1200,0.8,181,65.7,10.3,0.81,1.55,0.057,5.38,-4.18,-0.023,0.83
55.0,2.0,0.7,1.5,4.5,0.8,1200,0.8,181,65.7,10.41,0.81,1.56,0.058,5.38,-4.08,-0.023,0.83
55.0,2.0,0.7,2.5,3.0,0.6,1200,0.8,181,65.7,10.3,0.81,1.55,0.057,5.38,-4.18,-0.023,0.83
55.0,2.0,0.7,2.5,3.0,0.8,1200,0.8,181,65.7,10.41,0.81,1.56,0.058,5.38,-4.08,-0.023,0.83
55.0,2.0,0.7,2.5,4.5,0.6,1200,0.8,181,65.7,10.3,0.81,1.55,0.057,5.38,-4.18,-0.023,0.83
55.0,2.0,0.7,2.5,4.5,0.8,1200,0.8,181,65.7,10.41,0.81,1.56,0.058,5.38,-4.08,-0.023,0.83
40.0,2.0,0.7,1.5,3.0,0.4,1200,0.4,473,68.1,26.42,0.63,1.33,0.056,8.28,-11.42,-0.024,0.88
40.0,2.0,0.7,1.5,3.0,0.8,1200,0.4,473,68.1,26.33,0.63,1.33,0.056,8.29,-11.51,-0.024,0.88
40.0,2.0,0.7,1.5,4.5,0.4,1200,0.4,473,68.1,26.42,0.63,1.33,0.056,8.28,-11.42,-0.024,0.88
40.0,2.0,0.7,1.5,4.5,0.8,1200,0.4,473,68.1,26.33,0.63,1.33,0.056,8.29,-11.51,-0.024,0.88
40.0,2.0,0.7,2.5,3.0,0.4,1200,0.4,473,68.1,26.43,0.63,1.33,0.056,8.28,-11.41,-0.024,0.88
40.0,2.0,0.7,2.5,3.0,0.8,1200,0.4,473,68.1,26.28,0.62,1.33,0.056,8.29,-11.56,-0.024,0.88
40.0,2.0,0.7,2.5,4.5,0.4,1200,0.4,473,68.1,26.43,0.63,1.33,0.056,8.28,-11.41,-0.024,0.88
40.0,2.0,0.7,2.5,4.5,0.8,1200,0.4,473,68.1,26.28,0.62,1.33,0.056,8.29,-11.56,-0.024,0.88
40.0,2.0,1.0,2.5,3.0,0.4,2400,0.8,483,61.3,27.06,0.86,1.37,0.056,6.38,-11.58,-0.024,0.87
40.0,2.0,1.0,2.5,4.5,0.4,2400,0.8,483,61.3,27.06,0.86,1.37,0.056,6.38,-11.58,-0.024,0.87
40.0,2.0,1.5,2.5,3.0,0.6,1200,0.8,664,63.0,36.98,0.92,1.57,0.056,5.54,-16.14,-0.024,0.82
40.0,2.0,1.5,2.5,4.5,0.6,1200,0.8,664,63.0,36.98,0.92,1.57,0.056,5.54,-16.14,-0.024,0.82
40.0,5.0,0.7,1.5,3.0,0.4,3600,0.2,104,86.5,5.87,0.17,1.1,0.056,11.5,-2.45,-0.024,0.96
40.0,5.0,0.7,1.5,4.5,0.4,3600,0.2,104,86.5,5.87,0.17,1.1,0.056,11.5,-2.45,-0.024,0.96
45.0,2.0,1.0,1.5,3.0,0.4,1200,0.8,470,61.7,26.55,0.97,1.56,0.056,5.77,-11.05,-0.024,0.83
45.0,2.0,1.0,1.5,3.0,0.6,1200,0.8,470,61.7,26.43,0.97,1.56,0.056,5.77,-11.17,-0.024,0.83
45.0,2.0,1.0,1.5,3.0,0.8,1200,0.8,470,61.7,26.54,0.97,1.56,0.056,5.77,-11.06,-0.024,0.83
45.0,2.0,1.0,1.5,4.5,0.4,1200,0.8,470,61.7,26.55,0.97,1.56,0.056,5.77,-11.05,-0.024,0.83
45.0,2.0,1.0,1.5,4.5,0.6,1200,0.8,470,61.7,26.43,0.97,1.56,0.056,5.77,-11.17,-0.024,0.83
45.0,2.0,1.0,1.5,4.5,0.8,1200,0.8,470,61.7,26.54,0.97,1.56,0.056,5.77,-11.06,-0.024,0.83
45.0,2.0,1.0,2.5,3.0,0.6,1200,0.8,470,61.7,26.51,0.97,1.56,0.056,5.77,-11.09,-0.024,0.83
45.0,2.0,1.0,2.5,4.5,0.6,1200,0.8,470,61.7,26.51,0.97,1.56,0.056,5.77,-11.09,-0.024,0.83
45.0,4.0,0.7,1.5,3.0,0.4,2400,0.2,98,84.7,5.46,0.2,1.1,0.056,12.35,-2.38,-0.024,0.96
45.0,4.0,0.7,1.5,3.0,0.6,3600,0.2,92,84.8,5.15,0.2,1.1,0.056,12.47,-2.21,-0.024,0.96
45.0,4.0,0.7,1.5,3.0,0.8,3600,0.2,92,84.8,5.17,0.2,1.1,0.056,12.44,-2.19,-0.024,0.96
45.0,4.0,0.7,1.5,4.5,0.4,2400,0.2,98,84.7,5.46,0.2,1.1,0.056,12.35,-2.38,-0.024,0.96
45.0,4.0,0.7,1.5,4.5,0.6,3600,0.2,92,84.8,5.15,0.2,1.1,0.056,12.47,-2.21,-0.024,0.96
45.0,4.0,0.7,1.5,4.5,0.8,3600,0.2,92,84.8,5.17,0.2,1.1,0.056,12.44,-2.19,-0.024,0.96
55.0,2.0,1.0,1.5,3.0,0.4,2400,0.8,145,62.8,8.12,0.8,1.35,0.056,7.22,-3.48,-0.024,0.87
55.0,2.0,1.0,1.5,3.0,0.8,2400,0.8,145,62.8,8.14,0.8,1.36,0.056,7.22,-3.46,-0.024,0.88
55.0,2.0,1.0,1.5,4.5,0.4,2400,0.8,145,62.8,8.12,0.8,1.35,0.056,7.22,-3.48,-0.024,0.87
55.0,2.0,1.0,1.5,4.5,0.8,2400,0.8,145,62.8,8.14,0.8,1.36,0.056,7.22,-3.46,-0.024,0.88
55.0,2.0,1.0,2.5,3.0,0.4,2400,0.8,145,62.8,8.12,0.8,1.35,0.056,7.22,-3.48,-0.024,0.87
55.0,2.0,1.0,2.5,3.0,0.8,2400,0.8,145,62.8,8.14,0.8,1.36,0.056,7.22,-3.46,-0.024,0.88
55.0,2.0,1.0,2.5,4.5,0.4,2400,0.8,145,62.8,8.12,0.8,1.35,0.056,7.22,-3.48,-0.024,0.87
55.0,2.0,1.0,2.5,4.5,0.8,2400,0.8,145,62.8,8.14,0.8,1.36,0.056,7.22,-3.46,-0.024,0.88
55.0,2.0,1.5,2.5,3.0,0.6,2400,0.8,145,62.8,8.15,0.8,1.36,0.056,6.08,-3.45,-0.024,0.88
55.0,2.0,1.5,2.5,4.5,0.6,2400,0.8,145,62.8,8.15,0.8,1.36,0.056,6.08,-3.45,-0.024,0.88
40.0,2.0,0.7,1.5,3.0,0.6,1200,0.4,473,68.1,26.23,0.62,1.33,0.055,8.4,-11.61,-0.025,0.88
40.0,2.0,0.7,1.5,4.5,0.6,1200,0.4,473,68.1,26.23,0.62,1.33,0.055,8.4,-11.61,-0.025,0.88
40.0,2.0,0.7,2.5,3.0,0.6,1200,0.4,473,68.1,26.18,0.62,1.33,0.055,8.4,-11.66,-0.025,0.88
40.0,2.0,0.7,2.5,4.5,0.6,1200,0.4,473,68.1,26.18,0.62,1.33,0.055,8.4,-11.66,-0.025,0.88
40.0,2.0,1.0,1.5,3.0,0.4,2400,0.8,483,61.3,26.66,0.86,1.36,0.055,6.38,-11.98,-0.025,0.87
40.0,2.0,1.0,1.5,3.0,0.4,3600,0.2,160,67.5,8.73,0.52,1.09,0.055,12.06,-4.07,-0.025,0.96
40.0,2.0,1.0,1.5,4.5,0.4,2400,0.8,483,61.3,26.66,0.86,1.36,0.055,6.38,-11.98,-0.025,0.87
40.0,2.0,1.0,1.5,4.5,0.4,3600,0.2,160,67.5,8.73,0.52,1.09,0.055,12.06,-4.07,-0.025,0.96
40.0,2.0,1.0,2.5,3.0,0.6,2400,0.8,483,61.3,26.52,0.86,1.36,0.055,6.23,-12.12,-0.025,0.87
40.0,2.0,1.0,2.5,4.5,0.6,2400,0.8,483,61.3,26.52,0.86,1.36,0.055,6.23,-12.12,-0.025,0.87
40.0,2.0,1.5,2.5,3.0,0.8,1200,0.8,661,62.9,36.64,0.92,1.57,0.055,5.74,-16.24,-0.025,0.82
40.0,2.0,1.5,2.5,4.5,0.8,1200,0.8,661,62.9,36.64,0.92,1.57,0.055,5.74,-16.24,-0.025,0.82
45.0,2.0,1.5,2.5,3.0,0.6,1200,0.8,467,61.5,25.79,0.97,1.54,0.055,5.77,-11.57,-0.025,0.82
45.0,2.0,1.5,2.5,4.5,0.6,1200,0.8,467,61.5,25.79,0.97,1.54,0.055,5.77,-11.57,-0.025,0.82
45.0,4.0,1.0,1.5,3.0,0.6,1200,0.2,104,76.0,5.72,0.35,1.09,0.055,13.19,-2.6,-0.025,0.96
45.0,4.0,1.0,1.5,4.5,0.6,1200,0.2,104,76.0,5.72,0.35,1.09,0.055,13.19,-2.6,-0.025,0.96
50.0,4.0,1.0,2.5,3.0,0.4,2400,0.2,70,80.0,3.87,0.27,1.08,0.055,14.14,-1.73,-0.025,0.96
50.0,4.0,1.0,2.5,4.5,0.4,2400,0.2,70,80.0,3.87,0.27,1.08,0.055,14.14,-1.73,-0.025,0.96
55.0,2.0,1.0,1.5,3.0,0.6,2400,0.8,145,62.8,7.97,0.8,1.35,0.055,7.22,-3.63,-0.025,0.87
55.0,2.0,1.0,1.5,4.5,0.6,2400,0.8,145,62.8,7.97,0.8,1.35,0.055,7.22,-3.63,-0.025,0.87
55.0,2.0,1.0,2.5,3.0,0.6,2400,0.8,145,62.8,7.97,0.8,1.35,0.055,7.22,-3.63,-0.025,0.87
55.0,2.0,1.0,2.5,4.5,0.6,2400,0.8,145,62.8,7.97,0.8,1.35,0.055,7.22,-3.63,-0.025,0.87
55.0,2.0,1.5,2.5,3.0,0.4,2400,0.8,145,62.8,7.95,0.8,1.35,0.055,6.08,-3.65,-0.025,0.87
55.0,2.0,1.5,2.5,4.5,0.4,2400,0.8,145,62.8,7.95,0.8,1.35,0.055,6.08,-3.65,-0.025,0.87
40.0,2.0,1.0,1.5,3.0,0.6,2400,0.8,483,61.3,26.19,0.86,1.36,0.054,6.23,-12.45,-0.026,0.86
40.0,2.0,1.0,1.5,3.0,0.8,2400,0.8,483,61.3,25.94,0.85,1.35,0.054,6.23,-12.7,-0.026,0.86
40.0,2.0,1.0,1.5,4.5,0.6,2400,0.8,483,61.3,26.19,0.86,1.36,0.054,6.23,-12.45,-0.026,0.86
40.0,2.0,1.0,1.5,4.5,0.8,2400,0.8,483,61.3,25.94,0.85,1.35,0.054,6.23,-12.7,-0.026,0.86
40.0,2.0,1.0,2.5,3.0,0.8,2400,0.8,483,61.3,26.2,0.86,1.36,0.054,6.23,-12.44,-0.026,0.86
40.0,2.0,1.0,2.5,4.5,0.8,2400,0.8,483,61.3,26.2,0.86,1.36,0.054,6.23,-12.44,-0.026,0.86
40.0,5.0,0.7,2.5,3.0,0.6,3600,0.2,104,86.5,5.59,0.17,1.09,0.054,11.64,-2.73,-0.026,0.96
40.0,5.0,0.7,2.5,4.5,0.6,3600,0.2,104,86.5,5.59,0.17,1.09,0.054,11.64,-2.73,-0.026,0.96
45.0,2.0,0.7,1.5,3.0,0.4,2400,0.8,379,64.4,20.52,0.77,1.39,0.054,6.19,-9.8,-0.026,0.85
45.0,2.0,0.7,1.5,3.0,0.8,2400,0.8,379,64.4,20.3,0.77,1.39,0.054,6.19,-10.02,-0.026,0.85
45.0,2.0,0.7,1.5,4.5,0.4,2400,0.8,379,64.4,20.52,0.77,1.39,0.054,6.19,-9.8,-0.026,0.85
45.0,2.0,0.7,1.5,4.5,0.8,2400,0.8,379,64.4,20.3,0.77,1.39,0.054,6.19,-10.02,-0.026,0.85
45.0,2.0,0.7,2.5,3.0,0.4,2400,0.8,379,64.4,20.61,0.77,1.39,0.054,6.19,-9.71,-0.026,0.85
45.0,2.0,0.7,2.5,3.0,0.8,2400,0.8,379,64.4,20.4,0.77,1.39,0.054,6.19,-9.92,-0.026,0.85
45.0,2.0,0.7,2.5,4.5,0.4,2400,0.8,379,64.4,20.61,0.77,1.39,0.054,6.19,-9.71,-0.026,0.85
45.0,2.0,0.7,2.5,4.5,0.8,2400,0.8,379,64.4,20.4,0.77,1.39,0.054,6.19,-9.92,-0.026,0.85
45.0,4.0,0.7,1.5,3.0,0.8,1200,0.2,112,83.0,6.02,0.23,1.12,0.054,12.36,-2.94,-0.026,0.95
45.0,4.0,0.7,1.5,4.5,0.8,1200,0.2,112,83.0,6.02,0.23,1.12,0.054,12.36,-2.94,-0.026,0.95
45.0,4.0,0.7,2.5,3.0,0.8,2400,0.2,98,84.7,5.3,0.2,1.1,0.054,12.3,-2.54,-0.026,0.95
45.0,4.0,0.7,2.5,4.5,0.8,2400,0.2,98,84.7,5.3,0.2,1.1,0.054,12.3,-2.54,-0.026,0.95
45.0,4.0,1.0,1.5,3.0,0.8,1200,0.2,104,76.0,5.65,0.35,1.09,0.054,13.09,-2.67,-0.026,0.96
45.0,4.0,1.0,1.5,4.5,0.8,1200,0.2,104,76.0,5.65,0.35,1.09,0.054,13.09,-2.67,-0.026,0.96
50.0,3.0,0.7,1.5,3.0,0.4,1200,0.8,268,66.8,14.36,0.74,1.48,0.054,6.56,-7.07,-0.026,0.81
50.0,3.0,0.7,1.5,3.0,0.8,1200,0.8,268,66.8,14.35,0.74,1.48,0.054,6.56,-7.09,-0.026,0.81
50.0,3.0,0.7,1.5,4.5,0.4,1200,0.8,268,66.8,14.36,0.74,1.48,0.054,6.56,-7.07,-0.026,0.81
50.0,3.0,0.7,1.5,4.5,0.8,1200,0.8,268,66.8,14.35,0.74,1.48,0.054,6.56,-7.09,-0.026,0.81
50.0,3.0,0.7,2.5,3.0,0.4,1200,0.8,268,66.8,14.36,0.74,1.48,0.054,6.56,-7.07,-0.026,0.81
50.0,3.0,0.7,2.5,3.0,0.8,1200,0.8,268,66.8,14.35,0.74,1.48,0.054,6.56,-7.09,-0.026,0.81
50.0,3.0,0.7,2.5,4.5,0.4,1200,0.8,268,66.8,14.36,0.74,1.48,0.054,6.56,-7.07,-0.026,0.81
50.0,3.0,0.7,2.5,4.5,0.8,1200,0.8,268,66.8,14.35,0.74,1.48,0.054,6.56,-7.09,-0.026,0.81
40.0,3.0,1.5,2.5,3.0,0.8,1200,0.4,310,69.4,16.53,0.55,1.23,0.053,15.71,-8.27,-0.027,0.9
40.0,3.0,1.5,2.5,4.5,0.8,1200,0.4,310,69.4,16.53,0.55,1.23,0.053,15.71,-8.27,-0.027,0.9
40.0,5.0,0.7,1.5,3.0,0.4,1200,0.8,501,63.7,26.56,0.9,1.58,0.053,6.04,-13.52,-0.027,0.79
40.0,5.0,0.7,1.5,4.5,0.4,1200,0.8,501,63.7,26.56,0.9,1.58,0.053,6.04,-13.52,-0.027,0.79
40.0,5.0,0.7,2.5,3.0,0.4,1200,0.8,501,63.7,26.55,0.9,1.58,0.053,6.04,-13.53,-0.027,0.79
40.0,5.0,0.7,2.5,4.5,0.4,1200,0.8,501,63.7,26.55,0.9,1.58,0.053,6.04,-13.53,-0.027,0.79
45.0,2.0,0.7,1.5,3.0,0.6,2400,0.8,379,64.4,20.14,0.77,1.38,0.053,6.19,-10.17,-0.027,0.84
45.0,2.0,0.7,1.5,4.5,0.6,2400,0.8,379,64.4,20.14,0.77,1.38,0.053,6.19,-10.17,-0.027,0.84
45.0,2.0,0.7,2.5,3.0,0.6,2400,0.8,379,64.4,20.24,0.77,1.39,0.053,6.19,-10.08,-0.027,0.85
45.0,2.0,0.7,2.5,4.5,0.6,2400,0.8,379,64.4,20.24,0.77,1.39,0.053,6.19,-10.08,-0.027,0.85
45.0,2.0,1.5,2.5,3.0,0.8,1200,0.8,464,61.4,24.63,0.95,1.52,0.053,5.77,-12.49,-0.027,0.81
45.0,2.0,1.5,2.5,4.5,0.8,1200,0.8,464,61.4,24.63,0.95,1.52,0.053,5.77,-12.49,-0.027,0.81
45.0,4.0,0.7,1.5,3.0,0.6,1200,0.2,112,83.0,5.93,0.23,1.11,0.053,12.47,-3.03,-0.027,0.94
45.0,4.0,0.7,1.5,4.5,0.6,1200,0.2,112,83.0,5.93,0.23,1.11,0.053,12.47,-3.03,-0.027,0.94
45.0,4.0,0.7,2.5,3.0,0.6,1200,0.2,112,83.0,5.9,0.23,1.11,0.053,12.47,-3.06,-0.027,0.94
45.0,4.0,0.7,2.5,3.0,0.6,2400,0.2,98,84.7,5.21,0.2,1.1,0.053,12.47,-2.63,-0.027,0.95
45.0,4.0,0.7,2.5,3.0,0.8,1200,0.2,112,83.0,5.99,0.23,1.11,0.053,12.36,-2.97,-0.027,0.95
45.0,4.0,0.7,2.5,4.5,0.6,1200,0.2,112,83.0,5.9,0.23,1.11,0.053,12.47,-3.06,-0.027,0.94
45.0,4.0,0.7,2.5,4.5,0.6,2400,0.2,98,84.7,5.21,0.2,1.1,0.053,12.47,-2.63,-0.027,0.95
45.0,4.0,0.7,2.5,4.5,0.8,1200,0.2,112,83.0,5.99,0.23,1.11,0.053,12.36,-2.97,-0.027,0.95
50.0,3.0,0.7,1.5,3.0,0.6,1200,0.8,268,66.8,14.24,0.74,1.48,0.053,6.56,-7.19,-0.027,0.81
50.0,3.0,0.7,1.5,4.5,0.6,1200,0.8,268,66.8,14.24,0.74,1.48,0.053,6.56,-7.19,-0.027,0.81
50.0,3.0,0.7,2.5,3.0,0.6,1200,0.8,268,66.8,14.24,0.74,1.48,0.053,6.56,-7.19,-0.027,0.81
50.0,3.0,0.7,2.5,4.5,0.6,1200,0.8,268,66.8,14.24,0.74,1.48,0.053,6.56,-7.19,-0.027,0.81
50.0,4.0,1.0,1.5,3.0,0.4,2400,0.2,70,80.0,3.7,0.27,1.08,0.053,14.14,-1.9,-0.027,0.96
50.0,4.0,1.0,1.5,4.5,0.4,2400,0.2,70,80.0,3.7,0.27,1.08,0.053,14.14,-1.9,-0.027,0.96
40.0,3.0,0.7,2.5,3.0,0.4,2400,0.8,459,63.0,23.66,0.8,1.35,0.052,8.92,-13.06,-0.028,0.84
40.0,3.0,0.7,2.5,4.5,0.4,2400,0.8,459,63.0,23.66,0.8,1.35,0.052,8.92,-13.06,-0.028,0.84
40.0,5.0,0.7,1.5,3.0,0.6,1200,0.8,501,63.7,26.29,0.9,1.57,0.052,6.04,-13.79,-0.028,0.78
40.0,5.0,0.7,1.5,3.0,0.8,1200,0.8,501,63.7,26.17,0.89,1.57,0.052,6.04,-13.91,-0.028,0.78
40.0,5.0,0.7,1.5,4.5,0.6,1200,0.8,501,63.7,26.29,0.9,1.57,0.052,6.04,-13.79,-0.028,0.78
40.0,5.0,0.7,1.5,4.5,0.8,1200,0.8,501,63.7,26.17,0.89,1.57,0.052,6.04,-13.91,-0.028,0.78
40.0,5.0,0.7,2.5,3.0,0.6,1200,0.8,501,63.7,26.28,0.9,1.57,0.052,6.04,-13.8,-0.028,0.78
40.0,5.0,0.7,2.5,3.0,0.8,1200,0.8,501,63.7,26.16,0.89,1.57,0.052,6.04,-13.92,-0.028,0.78
40.0,5.0,0.7,2.5,4.5,0.6,1200,0.8,501,63.7,26.28,0.9,1.57,0.052,6.04,-13.8,-0.028,0.78
40.0,5.0,0.7,2.5,4.5,0.8,1200,0.8,501,63.7,26.16,0.89,1.57,0.052,6.04,-13.92,-0.028,0.78
50.0,3.0,0.7,1.5,3.0,0.4,3600,0.8,189,62.4,9.76,0.76,1.26,0.052,7.47,-5.36,-0.028,0.88
50.0,3.0,0.7,1.5,4.5,0.4,3600,0.8,189,62.4,9.76,0.76,1.26,0.052,7.47,-5.36,-0.028,0.88
50.0,4.0,1.0,2.5,3.0,0.8,3600,0.2,68,77.9,3.52,0.3,1.07,0.052,14.23,-1.92,-0.028,0.96
50.0,4.0,1.0,2.5,4.5,0.8,3600,0.2,68,77.9,3.52,0.3,1.07,0.052,14.23,-1.92,-0.028,0.96
40.0,2.0,0.7,2.5,3.0,0.4,2400,0.8,509,61.9,25.91,0.84,1.36,0.051,7.41,-14.81,-0.029,0.83
40.0,2.0,0.7,2.5,4.5,0.4,2400,0.8,509,61.9,25.91,0.84,1.36,0.051,7.41,-14.81,-0.029,0.83
40.0,2.0,1.0,2.5,3.0,0.6,3600,0.2,160,67.5,8.1,0.52,1.08,0.051,12.26,-4.69,-0.029,0.95
40.0,2.0,1.0,2.5,4.5,0.6,3600,0.2,160,67.5,8.1,0.52,1.08,0.051,12.26,-4.69,-0.029,0.95
40.0,2.0,1.5,2.5,3.0,0.4,1200,0.8,668,62.6,33.81,0.9,1.51,0.051,6.15,-19.63,-0.029,0.78
40.0,2.0,1.5,2.5,4.5,0.4,1200,0.8,668,62.6,33.81,0.9,1.51,0.051,6.15,-19.63,-0.029,0.78
40.0,3.0,0.7,1.5,3.0,0.4,2400,0.8,459,63.0,23.31,0.79,1.35,0.051,8.92,-13.41,-0.029,0.84
40.0,3.0,0.7,1.5,4.5,0.4,2400,0.8,459,63.0,23.31,0.79,1.35,0.051,8.92,-13.41,-0.029,0.84
40.0,3.0,0.7,2.5,3.0,0.6,2400,0.8,459,63.0,23.23,0.79,1.35,0.051,8.92,-13.48,-0.029,0.84
40.0,3.0,0.7,2.5,4.5,0.6,2400,0.8,459,63.0,23.23,0.79,1.35,0.051,8.92,-13.48,-0.029,0.84
40.0,5.0,0.7,1.5,3.0,0.6,3600,0.2,104,86.5,5.34,0.17,1.09,0.051,11.64,-2.98,-0.029,0.95
40.0,5.0,0.7,1.5,4.5,0.6,3600,0.2,104,86.5,5.34,0.17,1.09,0.051,11.64,-2.98,-0.029,0.95
40.0,5.0,0.7,2.5,3.0,0.8,3600,0.2,104,86.5,5.35,0.17,1.09,0.051,11.6,-2.97,-0.029,0.95
40.0,5.0,0.7,2.5,4.5,0.8,3600,0.2,104,86.5,5.35,0.17,1.09,0.051,11.6,-2.97,-0.029,0.95
45.0,4.0,0.7,1.5,3.0,0.8,2400,0.2,98,84.7,4.98,0.2,1.1,0.051,12.3,-2.86,-0.029,0.95
45.0,4.0,0.7,1.5,4.5,0.8,2400,0.2,98,84.7,4.98,0.2,1.1,0.051,12.3,-2.86,-0.029,0.95
50.0,3.0,0.7,1.5,3.0,0.8,3600,0.8,189,62.4,9.61,0.76,1.26,0.051,7.5,-5.51,-0.029,0.87
50.0,3.0,0.7,1.5,4.5,0.8,3600,0.8,189,62.4,9.61,0.76,1.26,0.051,7.5,-5.51,-0.029,0.87
50.0,3.0,0.7,2.5,3.0,0.4,3600,0.8,189,62.4,9.71,0.76,1.26,0.051,7.47,-5.4,-0.029,0.88
50.0,3.0,0.7,2.5,3.0,0.8,3600,0.8,189,62.4,9.57,0.76,1.26,0.051,7.5,-5.55,-0.029,0.87
50.0,3.0,0.7,2.5,4.5,0.4,3600,0.8,189,62.4,9.71,0.76,1.26,0.051,7.47,-5.4,-0.029,0.88
50.0,3.0,0.7,2.5,4.5,0.8,3600,0.8,189,62.4,9.57,0.76,1.26,0.051,7.5,-5.55,-0.029,0.87
50.0,4.0,1.0,1.5,3.0,0.8,3600,0.2,68,77.9,3.46,0.3,1.07,0.051,14.23,-1.98,-0.029,0.96
50.0,4.0,1.0,1.5,4.5,0.8,3600,0.2,68,77.9,3.46,0.3,1.07,0.051,14.23,-1.98,-0.029,0.96
40.0,2.0,0.7,1.5,3.0,0.4,2400,0.8,509,61.9,25.68,0.84,1.36,0.05,7.41,-15.05,-0.03,0.83
40.0,2.0,0.7,1.5,3.0,0.6,2400,0.8,509,61.9,25.2,0.83,1.35,0.05,7.27,-15.52,-0.03,0.83
40.0,2.0,0.7,1.5,4.5,0.4,2400,0.8,509,61.9,25.68,0.84,1.36,0.05,7.41,-15.05,-0.03,0.83
40.0,2.0,0.7,1.5,4.5,0.6,2400,0.8,509,61.9,25.2,0.83,1.35,0.05,7.27,-15.52,-0.03,0.83
40.0,2.0,0.7,2.5,3.0,0.6,2400,0.8,509,61.9,25.37,0.84,1.36,0.05,7.27,-15.35,-0.03,0.83
40.0,2.0,0.7,2.5,4.5,0.6,2400,0.8,509,61.9,25.37,0.84,1.36,0.05,7.27,-15.35,-0.03,0.83
40.0,2.0,1.0,1.5,3.0,0.4,1200,0.8,669,62.6,33.67,0.9,1.51,0.05,5.72,-19.85,-0.03,0.78
40.0,2.0,1.0,1.5,3.0,0.6,1200,0.8,669,62.6,33.64,0.9,1.51,0.05,5.71,-19.88,-0.03,0.78
40.0,2.0,1.0,1.5,3.0,0.8,1200,0.8,669,62.6,33.64,0.9,1.51,0.05,5.71,-19.88,-0.03,0.78
40.0,2.0,1.0,1.5,4.5,0.4,1200,0.8,669,62.6,33.67,0.9,1.51,0.05,5.72,-19.85,-0.03,0.78
40.0,2.0,1.0,1.5,4.5,0.6,1200,0.8,669,62.6,33.64,0.9,1.51,0.05,5.71,-19.88,-0.03,0.78
40.0,2.0,1.0,1.5,4.5,0.8,1200,0.8,669,62.6,33.64,0.9,1.51,0.05,5.71,-19.88,-0.03,0.78
40.0,2.0,1.0,2.5,3.0,0.4,1200,0.8,669,62.6,33.75,0.9,1.51,0.05,5.72,-19.77,-0.03,0.78
40.0,2.0,1.0,2.5,3.0,0.6,1200,0.8,669,62.6,33.72,0.9,1.51,0.05,5.71,-19.8,-0.03,0.78
40.0,2.0,1.0,2.5,3.0,0.8,1200,0.8,669,62.6,33.72,0.9,1.51,0.05,5.71,-19.8,-0.03,0.78
40.0,2.0,1.0,2.5,4.5,0.4,1200,0.8,669,62.6,33.75,0.9,1.51,0.05,5.72,-19.77,-0.03,0.78
40.0,2.0,1.0,2.5,4.5,0.6,1200,0.8,669,62.6,33.72,0.9,1.51,0.05,5.71,-19.8,-0.03,0.78
40.0,2.0,1.0,2.5,4.5,0.8,1200,0.8,669,62.6,33.72,0.9,1.51,0.05,5.71,-19.8,-0.03,0.78
40.0,3.0,0.7,1.5,3.0,0.6,2400,0.8,459,63.0,22.96,0.79,1.34,0.05,8.92,-13.76,-0.03,0.83
40.0,3.0,0.7,1.5,3.0,0.8,2400,0.8,459,63.0,22.73,0.79,1.34,0.05,8.92,-13.99,-0.03,0.83
40.0,3.0,0.7,1.5,4.5,0.6,2400,0.8,459,63.0,22.96,0.79,1.34,0.05,8.92,-13.76,-0.03,0.83
40.0,3.0,0.7,1.5,4.5,0.8,2400,0.8,459,63.0,22.73,0.79,1.34,0.05,8.92,-13.99,-0.03,0.83
40.0,3.0,0.7,2.5,3.0,0.8,2400,0.8,459,63.0,22.93,0.79,1.34,0.05,8.92,-13.79,-0.03,0.83
40.0,3.0,0.7,2.5,4.5,0.8,2400,0.8,459,63.0,22.93,0.79,1.34,0.05,8.92,-13.79,-0.03,0.83
40.0,5.0,0.7,1.5,3.0,0.8,3600,0.2,104,86.5,5.17,0.17,1.09,0.05,11.6,-3.15,-0.03,0.95
40.0,5.0,0.7,1.5,4.5,0.8,3600,0.2,104,86.5,5.17,0.17,1.09,0.05,11.6,-3.15,-0.03,0.95
45.0,2.0,0.7,1.5,3.0,0.4,1200,0.8,477,61.8,23.71,0.92,1.5,0.05,5.77,-14.45,-0.03,0.78
45.0,2.0,0.7,1.5,3.0,0.8,1200,0.8,477,61.8,23.7,0.92,1.49,0.05,5.77,-14.46,-0.03,0.78
45.0,2.0,0.7,1.5,4.5,0.4,1200,0.8,477,61.8,23.71,0.92,1.5,0.05,5.77,-14.45,-0.03,0.78
45.0,2.0,0.7,1.5,4.5,0.8,1200,0.8,477,61.8,23.7,0.92,1.49,0.05,5.77,-14.46,-0.03,0.78
45.0,2.0,0.7,2.5,3.0,0.4,1200,0.8,477,61.8,23.7,0.92,1.49,0.05,5.77,-14.46,-0.03,0.78
45.0,2.0,0.7,2.5,3.0,0.8,1200,0.8,477,61.8,23.68,0.92,1.49,0.05,5.77,-14.48,-0.03,0.78
45.0,2.0,0.7,2.5,4.5,0.4,1200,0.8,477,61.8,23.7,0.92,1.49,0.05,5.77,-14.46,-0.03,0.78
45.0,2.0,0.7,2.5,4.5,0.8,1200,0.8,477,61.8,23.68,0.92,1.49,0.05,5.77,-14.48,-0.03,0.78
45.0,3.0,1.0,2.5,3.0,0.4,2400,0.8,333,64.0,16.69,0.73,1.3,0.05,11.84,-9.95,-0.03,0.85
45.0,3.0,1.0,2.5,4.5,0.4,2400,0.8,333,64.0,16.69,0.73,1.3,0.05,11.84,-9.95,-0.03,0.85
45.0,4.0,0.7,1.5,3.0,0.6,2400,0.2,98,84.7,4.89,0.2,1.09,0.05,12.47,-2.95,-0.03,0.94
45.0,4.0,0.7,1.5,4.5,0.6,2400,0.2,98,84.7,4.89,0.2,1.09,0.05,12.47,-2.95,-0.03,0.94
50.0,4.0,1.0,2.5,3.0,0.6,3600,0.2,68,77.9,3.43,0.3,1.07,0.05,14.26,-2.01,-0.03,0.96
50.0,4.0,1.0,2.5,4.5,0.6,3600,0.2,68,77.9,3.43,0.3,1.07,0.05,14.26,-2.01,-0.03,0.96
55.0,3.0,0.7,1.5,3.0,0.4,2400,0.8,145,63.4,7.26,0.77,1.34,0.05,7.7,-4.34,-0.03,0.83
55.0,3.0,0.7,1.5,3.0,0.8,2400,0.8,145,63.4,7.29,0.78,1.35,0.05,7.7,-4.31,-0.03,0.83
55.0,3.0,0.7,1.5,4.5,0.4,2400,0.8,145,63.4,7.26,0.77,1.34,0.05,7.7,-4.34,-0.03,0.83
55.0,3.0,0.7,1.5,4.5,0.8,2400,0.8,145,63.4,7.29,0.78,1.35,0.05,7.7,-4.31,-0.03,0.83
55.0,3.0,0.7,2.5,3.0,0.4,2400,0.8,145,63.4,7.26,0.77,1.34,0.05,7.7,-4.34,-0.03,0.83
55.0,3.0,0.7,2.5,3.0,0.8,2400,0.8,145,63.4,7.29,0.78,1.35,0.05,7.7,-4.31,-0.03,0.83
55.0,3.0,0.7,2.5,4.5,0.4,2400,0.8,145,63.4,7.26,0.77,1.34,0.05,7.7,-4.34,-0.03,0.83
55.0,3.0,0.7,2.5,4.5,0.8,2400,0.8,145,63.4,7.29,0.78,1.35,0.05,7.7,-4.31,-0.03,0.83
55.0,3.0,1.0,1.5,3.0,0.4,3600,0.8,124,58.1,6.19,0.88,1.22,0.05,7.2,-3.73,-0.03,0.88
55.0,3.0,1.0,1.5,4.5,0.4,3600,0.8,124,58.1,6.19,0.88,1.22,0.05,7.2,-3.73,-0.03,0.88
40.0,2.0,0.7,1.5,3.0,0.8,2400,0.8,509,61.9,24.96,0.83,1.35,0.049,7.27,-15.76,-0.031,0.82
40.0,2.0,0.7,1.5,4.5,0.8,2400,0.8,509,61.9,24.96,0.83,1.35,0.049,7.27,-15.76,-0.031,0.82
40.0,2.0,0.7,2.5,3.0,0.8,2400,0.8,509,61.9,25.06,0.83,1.35,0.049,7.27,-15.66,-0.031,0.82
40.0,2.0,0.7,2.5,4.5,0.8,2400,0.8,509,61.9,25.06,0.83,1.35,0.049,7.27,-15.66,-0.031,0.82
40.0,4.0,0.7,1.5,3.0,0.4,1200,0.8,580,63.3,28.51,0.89,1.53,0.049,8.0,-17.89,-0.031,0.76
40.0,4.0,0.7,1.5,3.0,0.6,1200,0.8,580,63.3,28.36,0.89,1.53,0.049,8.0,-18.04,-0.031,0.76
40.0,4.0,0.7,1.5,3.0,0.8,1200,0.8,580,63.3,28.36,0.89,1.53,0.049,8.0,-18.04,-0.031,0.76
40.0,4.0,0.7,1.5,4.5,0.4,1200,0.8,580,63.3,28.51,0.89,1.53,0.049,8.0,-17.89,-0.031,0.76
40.0,4.0,0.7,1.5,4.5,0.6,1200,0.8,580,63.3,28.36,0.89,1.53,0.049,8.0,-18.04,-0.031,0.76
40.0,4.0,0.7,1.5,4.5,0.8,1200,0.8,580,63.3,28.36,0.89,1.53,0.049,8.0,-18.04,-0.031,0.76
40.0,4.0,0.7,2.5,3.0,0.4,1200,0.8,580,63.3,28.49,0.89,1.53,0.049,8.0,-17.91,-0.031,0.76
40.0,4.0,0.7,2.5,3.0,0.6,1200,0.8,580,63.3,28.34,0.89,1.53,0.049,8.0,-18.06,-0.031,0.76
40.0,4.0,0.7,2.5,3.0,0.8,1200,0.8,580,63.3,28.34,0.89,1.53,0.049,8.0,-18.06,-0.031,0.76
40.0,4.0,0.7,2.5,4.5,0.4,1200,0.8,580,63.3,28.49,0.89,1.53,0.049,8.0,-17.91,-0.031,0.76
40.0,4.0,0.7,2.5,4.5,0.6,1200,0.8,580,63.3,28.34,0.89,1.53,0.049,8.0,-18.06,-0.031,0.76
40.0,4.0,0.7,2.5,4.5,0.8,1200,0.8,580,63.3,28.34,0.89,1.53,0.049,8.0,-18.06,-0.031,0.76
45.0,2.0,0.7,1.5,3.0,0.6,1200,0.8,477,61.8,23.59,0.92,1.49,0.049,5.77,-14.57,-0.031,0.78
45.0,2.0,0.7,1.5,4.5,0.6,1200,0.8,477,61.8,23.59,0.92,1.49,0.049,5.77,-14.57,-0.031,0.78
45.0,2.0,0.7,2.5,3.0,0.6,1200,0.8,477,61.8,23.58,0.92,1.49,0.049,5.77,-14.58,-0.031,0.78
45.0,2.0,0.7,2.5,4.5,0.6,1200,0.8,477,61.8,23.58,0.92,1.49,0.049,5.77,-14.58,-0.031,0.78
45.0,3.0,1.0,1.5,3.0,0.4,2400,0.8,333,64.0,16.44,0.73,1.3,0.049,11.84,-10.2,-0.031,0.85
45.0,3.0,1.0,1.5,3.0,0.8,2400,0.8,333,64.0,16.22,0.73,1.29,0.049,11.84,-10.42,-0.031,0.84
45.0,3.0,1.0,1.5,4.5,0.4,2400,0.8,333,64.0,16.44,0.73,1.3,0.049,11.84,-10.2,-0.031,0.85
45.0,3.0,1.0,1.5,4.5,0.8,2400,0.8,333,64.0,16.22,0.73,1.29,0.049,11.84,-10.42,-0.031,0.84
45.0,3.0,1.0,2.5,3.0,0.6,2400,0.8,333,64.0,16.32,0.73,1.29,0.049,11.84,-10.32,-0.031,0.85
45.0,3.0,1.0,2.5,3.0,0.8,2400,0.8,333,64.0,16.48,0.73,1.3,0.049,11.84,-10.16,-0.031,0.85
45.0,3.0,1.0,2.5,4.5,0.6,2400,0.8,333,64.0,16.32,0.73,1.29,0.049,11.84,-10.32,-0.031,0.85
45.0,3.0,1.0,2.5,4.5,0.8,2400,0.8,333,64.0,16.48,0.73,1.3,0.049,11.84,-10.16,-0.031,0.85
50.0,3.0,0.7,1.5,3.0,0.4,2400,0.8,213,65.7,10.51,0.68,1.31,0.049,6.91,-6.53,-0.031,0.84
50.0,3.0,0.7,1.5,3.0,0.6,3600,0.8,189,62.4,9.29,0.75,1.25,0.049,7.71,-5.83,-0.031,0.87
50.0,3.0,0.7,1.5,4.5,0.4,2400,0.8,213,65.7,10.51,0.68,1.31,0.049,6.91,-6.53,-0.031,0.84
50.0,3.0,0.7,1.5,4.5,0.6,3600,0.8,189,62.4,9.29,0.75,1.25,0.049,7.71,-5.83,-0.031,0.87
50.0,3.0,0.7,2.5,3.0,0.4,2400,0.8,213,65.7,10.51,0.68,1.31,0.049,6.91,-6.53,-0.031,0.84
50.0,3.0,0.7,2.5,3.0,0.6,3600,0.8,189,62.4,9.24,0.75,1.25,0.049,7.71,-5.88,-0.031,0.87
50.0,3.0,0.7,2.5,4.5,0.4,2400,0.8,213,65.7,10.51,0.68,1.31,0.049,6.91,-6.53,-0.031,0.84
50.0,3.0,0.7,2.5,4.5,0.6,3600,0.8,189,62.4,9.24,0.75,1.25,0.049,7.71,-5.88,-0.031,0.87
50.0,4.0,1.0,1.5,3.0,0.6,3600,0.2,68,77.9,3.31,0.3,1.07,0.049,14.26,-2.13,-0.031,0.96
50.0,4.0,1.0,1.5,4.5,0.6,3600,0.2,68,77.9,3.31,0.3,1.07,0.049,14.26,-2.13,-0.031,0.96
55.0,2.0,0.7,1.5,3.0,0.4,2400,0.4,128,71.9,6.22,0.47,1.19,0.049,8.56,-4.02,-0.031,0.89
55.0,2.0,0.7,1.5,3.0,0.8,2400,0.4,128,71.9,6.24,0.47,1.19,0.049,8.56,-3.99,-0.031,0.89
55.0,2.0,0.7,1.5,4.5,0.4,2400,0.4,128,71.9,6.22,0.47,1.19,0.049,8.56,-4.02,-0.031,0.89
55.0,2.0,0.7,1.5,4.5,0.8,2400,0.4,128,71.9,6.24,0.47,1.19,0.049,8.56,-3.99,-0.031,0.89
55.0,2.0,0.7,2.5,3.0,0.4,2400,0.4,128,71.9,6.29,0.47,1.2,0.049,8.56,-3.94,-0.031,0.89
55.0,2.0,0.7,2.5,3.0,0.8,2400,0.4,128,71.9,6.32,0.47,1.2,0.049,8.56,-3.92,-0.031,0.89
55.0,2.0,0.7,2.5,4.5,0.4,2400,0.4,128,71.9,6.29,0.47,1.2,0.049,8.56,-3.94,-0.031,0.89
55.0,2.0,0.7,2.5,4.5,0.8,2400,0.4,128,71.9,6.32,0.47,1.2,0.049,8.56,-3.92,-0.031,0.89
55.0,3.0,0.7,1.5,3.0,0.6,2400,0.8,145,63.4,7.12,0.77,1.34,0.049,7.7,-4.48,-0.031,0.83
55.0,3.0,0.7,1.5,4.5,0.6,2400,0.8,145,63.4,7.12,0.77,1.34,0.049,7.7,-4.48,-0.031,0.83
55.0,3.0,0.7,2.5,3.0,0.6,2400,0.8,145,63.4,7.12,0.77,1.34,0.049,7.7,-4.48,-0.031,0.83
55.0,3.0,0.7,2.5,4.5,0.6,2400,0.8,145,63.4,7.12,0.77,1.34,0.049,7.7,-4.48,-0.031,0.83
55.0,3.0,1.0,1.5,3.0,0.6,3600,0.8,124,58.1,6.07,0.88,1.22,0.049,7.2,-3.85,-0.031,0.88
55.0,3.0,1.0,1.5,3.0,0.8,3600,0.8,124,58.1,6.13,0.88,1.22,0.049,7.2,-3.79,-0.031,0.88
55.0,3.0,1.0,1.5,4.5,0.6,3600,0.8,124,58.1,6.07,0.88,1.22,0.049,7.2,-3.85,-0.031,0.88
55.0,3.0,1.0,1.5,4.5,0.8,3600,0.8,124,58.1,6.13,0.88,1.22,0.049,7.2,-3.79,-0.031,0.88
55.0,3.0,1.0,2.5,3.0,0.4,3600,0.8,124,58.1,6.1,0.88,1.22,0.049,7.24,-3.82,-0.031,0.88
55.0,3.0,1.0,2.5,3.0,0.8,3600,0.8,124,58.1,6.04,0.88,1.22,0.049,7.24,-3.88,-0.031,0.88
55.0,3.0,1.0,2.5,4.5,0.4,3600,0.8,124,58.1,6.1,0.88,1.22,0.049,7.24,-3.82,-0.031,0.88
55.0,3.0,1.0,2.5,4.5,0.8,3600,0.8,124,58.1,6.04,0.88,1.22,0.049,7.24,-3.88,-0.031,0.88
40.0,2.0,1.0,1.5,3.0,0.6,3600,0.2,160,67.5,7.7,0.52,1.08,0.048,12.26,-5.1,-0.032,0.95
40.0,2.0,1.0,1.5,4.5,0.6,3600,0.2,160,67.5,7.7,0.52,1.08,0.048,12.26,-5.1,-0.032,0.95
40.0,2.0,1.0,2.5,3.0,0.8,3600,0.2,160,67.5,7.74,0.52,1.08,0.048,12.22,-5.06,-0.032,0.95
40.0,2.0,1.0,2.5,4.5,0.8,3600,0.2,160,67.5,7.74,0.52,1.08,0.048,12.22,-5.06,-0.032,0.95
40.0,2.0,1.5,2.5,3.0,0.8,3600,0.4,200,64.5,9.59,0.61,1.11,0.048,10.14,-6.41,-0.032,0.93
40.0,2.0,1.5,2.5,4.5,0.8,3600,0.4,200,64.5,9.59,0.61,1.11,0.048,10.14,-6.41,-0.032,0.93
45.0,3.0,1.0,1.5,3.0,0.6,2400,0.8,333,64.0,16.07,0.73,1.29,0.048,11.84,-10.57,-0.032,0.84
45.0,3.0,1.0,1.5,4.5,0.6,2400,0.8,333,64.0,16.07,0.73,1.29,0.048,11.84,-10.57,-0.032,0.84
50.0,3.0,0.7,1.5,3.0,0.6,2400,0.8,213,65.7,10.16,0.68,1.3,0.048,7.0,-6.88,-0.032,0.83
50.0,3.0,0.7,1.5,3.0,0.8,2400,0.8,213,65.7,10.31,0.68,1.31,0.048,7.0,-6.73,-0.032,0.83
50.0,3.0,0.7,1.5,4.5,0.6,2400,0.8,213,65.7,10.16,0.68,1.3,0.048,7.0,-6.88,-0.032,0.83
50.0,3.0,0.7,1.5,4.5,0.8,2400,0.8,213,65.7,10.31,0.68,1.31,0.048,7.0,-6.73,-0.032,0.83
50.0,3.0,0.7,2.5,3.0,0.6,2400,0.8,213,65.7,10.16,0.68,1.3,0.048,7.0,-6.88,-0.032,0.83
50.0,3.0,0.7,2.5,3.0,0.8,2400,0.8,213,65.7,10.31,0.68,1.31,0.048,7.0,-6.73,-0.032,0.83
50.0,3.0,0.7,2.5,4.5,0.6,2400,0.8,213,65.7,10.16,0.68,1.3,0.048,7.0,-6.88,-0.032,0.83
50.0,3.0,0.7,2.5,4.5,0.8,2400,0.8,213,65.7,10.31,0.68,1.31,0.048,7.0,-6.73,-0.032,0.83
55.0,2.0,0.7,2.5,3.0,0.6,2400,0.4,128,71.9,6.15,0.47,1.19,0.048,8.56,-4.09,-0.032,0.88
55.0,2.0,0.7,2.5,4.5,0.6,2400,0.4,128,71.9,6.15,0.47,1.19,0.048,8.56,-4.09,-0.032,0.88
55.0,3.0,1.0,2.5,3.0,0.6,3600,0.8,124,58.1,5.98,0.88,1.22,0.048,7.24,-3.94,-0.032,0.88
55.0,3.0,1.0,2.5,4.5,0.6,3600,0.8,124,58.1,5.98,0.88,1.22,0.048,7.24,-3.94,-0.032,0.88
40.0,3.0,1.0,1.5,3.0,0.4,1200,0.8,633,62.9,29.83,0.86,1.45,0.047,7.32,-20.81,-0.033,0.77
40.0,3.0,1.0,1.5,3.0,0.6,1200,0.8,633,62.9,29.75,0.86,1.45,0.047,7.35,-20.89,-0.033,0.76
40.0,3.0,1.0,1.5,3.0,0.8,1200,0.8,633,62.9,29.7,0.86,1.45,0.047,7.35,-20.94,-0.033,0.76
40.0,3.0,1.0,1.5,4.5,0.4,1200,0.8,633,62.9,29.83,0.86,1.45,0.047,7.32,-20.81,-0.033,0.77
40.0,3.0,1.0,1.5,4.5,0.6,1200,0.8,633,62.9,29.75,0.86,1.45,0.047,7.35,-20.89,-0.033,0.76
40.0,3.0,1.0,1.5,4.5,0.8,1200,0.8,633,62.9,29.7,0.86,1.45,0.047,7.35,-20.94,-0.033,0.76
40.0,3.0,1.0,2.5,3.0,0.4,1200,0.8,633,62.9,29.87,0.86,1.45,0.047,7.32,-20.77,-0.033,0.77
40.0,3.0,1.0,2.5,3.0,0.6,1200,0.8,633,62.9,29.72,0.86,1.45,0.047,7.35,-20.92,-0.033,0.76
40.0,3.0,1.0,2.5,3.0,0.8,1200,0.8,633,62.9,29.6,0.85,1.45,0.047,7.35,-21.04,-0.033,0.76
40.0,3.0,1.0,2.5,4.5,0.4,1200,0.8,633,62.9,29.87,0.86,1.45,0.047,7.32,-20.77,-0.033,0.77
40.0,3.0,1.0,2.5,4.5,0.6,1200,0.8,633,62.9,29.72,0.86,1.45,0.047,7.35,-20.92,-0.033,0.76
40.0,3.0,1.0,2.5,4.5,0.8,1200,0.8,633,62.9,29.6,0.85,1.45,0.047,7.35,-21.04,-0.033,0.76
40.0,3.0,1.5,2.5,3.0,0.6,1200,0.8,627,63.2,29.18,0.83,1.43,0.047,6.93,-20.98,-0.033,0.77
40.0,3.0,1.5,2.5,4.5,0.6,1200,0.8,627,63.2,29.18,0.83,1.43,0.047,6.93,-20.98,-0.033,0.77
55.0,2.0,0.7,1.5,3.0,0.6,2400,0.4,128,71.9,6.07,0.47,1.19,0.047,8.56,-4.16,-0.033,0.88
55.0,2.0,0.7,1.5,4.5,0.6,2400,0.4,128,71.9,6.07,0.47,1.19,0.047,8.56,-4.16,-0.033,0.88
40.0,2.0,1.0,1.5,3.0,0.8,3600,0.2,160,67.5,7.33,0.52,1.07,0.046,12.23,-5.47,-0.034,0.95
40.0,2.0,1.0,1.5,4.5,0.8,3600,0.2,160,67.5,7.33,0.52,1.07,0.046,12.23,-5.47,-0.034,0.95
40.0,3.0,1.5,2.5,3.0,0.8,1200,0.8,624,63.1,28.84,0.83,1.43,0.046,7.33,-21.08,-0.034,0.77
40.0,3.0,1.5,2.5,4.5,0.8,1200,0.8,624,63.1,28.84,0.83,1.43,0.046,7.33,-21.08,-0.034,0.77
45.0,3.0,0.7,1.5,3.0,0.4,1200,0.4,292,71.2,13.25,0.5,1.24,0.045,11.5,-10.11,-0.035,0.84
45.0,3.0,0.7,1.5,3.0,0.6,1200,0.4,292,71.2,13.13,0.5,1.24,0.045,11.5,-10.23,-0.035,0.84
45.0,3.0,0.7,1.5,3.0,0.8,1200,0.4,292,71.2,13.23,0.5,1.24,0.045,11.5,-10.13,-0.035,0.84
45.0,3.0,0.7,1.5,4.5,0.4,1200,0.4,292,71.2,13.25,0.5,1.24,0.045,11.5,-10.11,-0.035,0.84
45.0,3.0,0.7,1.5,4.5,0.6,1200,0.4,292,71.2,13.13,0.5,1.24,0.045,11.5,-10.23,-0.035,0.84
45.0,3.0,0.7,1.5,4.5,0.8,1200,0.4,292,71.2,13.23,0.5,1.24,0.045,11.5,-10.13,-0.035,0.84
45.0,3.0,0.7,2.5,3.0,0.4,1200,0.4,292,71.2,13.25,0.5,1.24,0.045,11.5,-10.11,-0.035,0.84
45.0,3.0,0.7,2.5,3.0,0.6,1200,0.4,292,71.2,13.13,0.5,1.24,0.045,11.5,-10.23,-0.035,0.84
45.0,3.0,0.7,2.5,3.0,0.8,1200,0.4,292,71.2,13.23,0.5,1.24,0.045,11.5,-10.13,-0.035,0.84
45.0,3.0,0.7,2.5,4.5,0.4,1200,0.4,292,71.2,13.25,0.5,1.24,0.045,11.5,-10.11,-0.035,0.84
45.0,3.0,0.7,2.5,4.5,0.6,1200,0.4,292,71.2,13.13,0.5,1.24,0.045,11.5,-10.23,-0.035,0.84
45.0,3.0,0.7,2.5,4.5,0.8,1200,0.4,292,71.2,13.23,0.5,1.24,0.045,11.5,-10.13,-0.035,0.84
50.0,4.0,1.5,2.5,3.0,0.6,3600,0.4,93,69.9,4.14,0.47,1.08,0.045,14.31,-3.3,-0.035,0.94
55.0,2.0,0.7,2.5,3.0,0.4,1200,0.2,104,74.0,4.64,0.39,1.12,0.045,8.41,-3.68,-0.035,0.91
55.0,2.0,0.7,2.5,4.5,0.4,1200,0.2,104,74.0,4.64,0.39,1.12,0.045,8.41,-3.68,-0.035,0.91
50.0,4.0,1.0,2.5,3.0,0.6,2400,0.2,70,80.0,3.08,0.27,1.06,0.044,14.26,-2.52,-0.036,0.95
50.0,4.0,1.0,2.5,3.0,0.8,2400,0.2,70,80.0,3.06,0.27,1.06,0.044,14.09,-2.54,-0.036,0.95
50.0,4.0,1.0,2.5,4.5,0.6,2400,0.2,70,80.0,3.08,0.27,1.06,0.044,14.26,-2.52,-0.036,0.95
50.0,4.0,1.0,2.5,4.5,0.8,2400,0.2,70,80.0,3.06,0.27,1.06,0.044,14.09,-2.54,-0.036,0.95
50.0,4.0,1.0,1.5,3.0,0.8,2400,0.2,70,80.0,3.03,0.27,1.06,0.043,14.09,-2.57,-0.037,0.95
50.0,4.0,1.0,1.5,4.5,0.8,2400,0.2,70,80.0,3.03,0.27,1.06,0.043,14.09,-2.57,-0.037,0.95
50.0,4.0,1.0,2.5,3.0,0.4,3600,0.4,92,70.7,3.91,0.45,1.08,0.042,13.8,-3.45,-0.037,0.93
50.0,4.0,1.5,2.5,4.5,0.6,3600,0.4,93,69.9,4.0,0.47,1.08,0.043,14.31,-3.44,-0.037,0.93
55.0,3.0,0.7,1.5,3.0,0.4,3600,0.8,130,59.2,5.54,0.84,1.23,0.043,7.68,-4.86,-0.037,0.83
55.0,3.0,0.7,1.5,4.5,0.4,3600,0.8,130,59.2,5.54,0.84,1.23,0.043,7.68,-4.86,-0.037,0.83
40.0,2.0,0.7,1.5,3.0,0.4,1200,0.8,710,62.5,29.59,0.86,1.44,0.042,6.08,-27.21,-0.038,0.71
40.0,2.0,0.7,1.5,3.0,0.6,1200,0.8,710,62.5,29.56,0.86,1.44,0.042,6.07,-27.24,-0.038,0.71
40.0,2.0,0.7,1.5,3.0,0.8,1200,0.8,710,62.5,29.56,0.86,1.44,0.042,6.07,-27.24,-0.038,0.71
40.0,2.0,0.7,1.5,4.5,0.4,1200,0.8,710,62.5,29.59,0.86,1.44,0.042,6.08,-27.21,-0.038,0.71
40.0,2.0,0.7,1.5,4.5,0.6,1200,0.8,710,62.5,29.56,0.86,1.44,0.042,6.07,-27.24,-0.038,0.71
40.0,2.0,0.7,1.5,4.5,0.8,1200,0.8,710,62.5,29.56,0.86,1.44,0.042,6.07,-27.24,-0.038,0.71
40.0,2.0,0.7,2.5,3.0,0.4,1200,0.8,710,62.5,29.58,0.86,1.44,0.042,6.08,-27.22,-0.038,0.71
40.0,2.0,0.7,2.5,3.0,0.6,1200,0.8,710,62.5,29.54,0.86,1.44,0.042,6.07,-27.26,-0.038,0.71
40.0,2.0,0.7,2.5,3.0,0.8,1200,0.8,710,62.5,29.54,0.86,1.44,0.042,6.07,-27.26,-0.038,0.71
40.0,2.0,0.7,2.5,4.5,0.4,1200,0.8,710,62.5,29.58,0.86,1.44,0.042,6.08,-27.22,-0.038,0.71
40.0,2.0,0.7,2.5,4.5,0.6,1200,0.8,710,62.5,29.54,0.86,1.44,0.042,6.07,-27.26,-0.038,0.71
40.0,2.0,0.7,2.5,4.5,0.8,1200,0.8,710,62.5,29.54,0.86,1.44,0.042,6.07,-27.26,-0.038,0.71
40.0,3.0,1.5,2.5,3.0,0.4,1200,0.8,631,62.8,26.66,0.82,1.39,0.042,7.34,-23.82,-0.038,0.74
40.0,3.0,1.5,2.5,4.5,0.4,1200,0.8,631,62.8,26.66,0.82,1.39,0.042,7.34,-23.82,-0.038,0.74
50.0,4.0,1.0,1.5,3.0,0.6,2400,0.2,70,80.0,2.97,0.27,1.06,0.042,14.26,-2.63,-0.038,0.95
50.0,4.0,1.0,1.5,4.5,0.6,2400,0.2,70,80.0,2.97,0.27,1.06,0.042,14.26,-2.63,-0.038,0.95
50.0,4.0,1.0,2.5,3.0,0.4,14400,0.8,89,71.9,3.72,0.42,1.07,0.042,15.13,-3.4,-0.038,0.94
50.0,4.0,1.0,2.5,4.5,0.4,3600,0.4,92,70.7,3.83,0.45,1.08,0.042,13.8,-3.53,-0.038,0.93
50.0,4.0,1.0,2.5,4.5,0.4,14400,0.8,89,71.9,3.72,0.42,1.07,0.042,15.13,-3.4,-0.038,0.94
55.0,2.0,0.7,2.5,3.0,0.6,1200,0.2,104,74.0,4.35,0.39,1.11,0.042,8.53,-3.97,-0.038,0.9
55.0,2.0,0.7,2.5,3.0,0.8,1200,0.2,104,74.0,4.37,0.39,1.11,0.042,8.42,-3.95,-0.038,0.9
55.0,2.0,0.7,2.5,4.5,0.6,1200,0.2,104,74.0,4.35,0.39,1.11,0.042,8.53,-3.97,-0.038,0.9
55.0,2.0,0.7,2.5,4.5,0.8,1200,0.2,104,74.0,4.37,0.39,1.11,0.042,8.42,-3.95,-0.038,0.9
55.0,3.0,0.7,1.5,3.0,0.8,3600,0.8,130,59.2,5.4,0.84,1.22,0.042,7.68,-5.0,-0.038,0.83
55.0,3.0,0.7,1.5,4.5,0.8,3600,0.8,130,59.2,5.4,0.84,1.22,0.042,7.68,-5.0,-0.038,0.83
55.0,3.0,0.7,2.5,3.0,0.4,3600,0.8,130,59.2,5.5,0.84,1.22,0.042,7.72,-4.9,-0.038,0.83
55.0,3.0,0.7,2.5,4.5,0.4,3600,0.8,130,59.2,5.5,0.84,1.22,0.042,7.72,-4.9,-0.038,0.83
55.0,3.0,0.7,1.5,3.0,0.6,3600,0.8,130,59.2,5.3,0.84,1.22,0.041,7.68,-5.1,-0.039,0.82
55.0,3.0,0.7,1.5,4.5,0.6,3600,0.8,130,59.2,5.3,0.84,1.22,0.041,7.68,-5.1,-0.039,0.82
55.0,3.0,0.7,2.5,3.0,0.8,3600,0.8,130,59.2,5.35,0.84,1.22,0.041,7.72,-5.05,-0.039,0.83
55.0,3.0,0.7,2.5,4.5,0.8,3600,0.8,130,59.2,5.35,0.84,1.22,0.041,7.72,-5.05,-0.039,0.83
55.0,3.0,1.5,2.5,3.0,0.4,3600,0.8,129,57.4,5.23,0.88,1.19,0.041,7.17,-5.09,-0.039,0.85
55.0,3.0,1.5,2.5,4.5,0.4,3600,0.8,129,57.4,5.23,0.88,1.19,0.041,7.17,-5.09,-0.039,0.85
55.0,2.0,0.7,1.5,3.0,0.4,1200,0.2,104,74.0,4.21,0.39,1.11,0.04,8.41,-4.11,-0.04,0.9
55.0,2.0,0.7,1.5,4.5,0.4,1200,0.2,104,74.0,4.21,0.39,1.11,0.04,8.41,-4.11,-0.04,0.9
55.0,3.0,0.7,2.5,3.0,0.6,3600,0.8,130,59.2,5.26,0.84,1.21,0.04,7.72,-5.14,-0.04,0.82
55.0,3.0,0.7,2.5,4.5,0.6,3600,0.8,130,59.2,5.26,0.84,1.21,0.04,7.72,-5.14,-0.04,0.82
50.0,4.0,1.0,1.5,3.0,0.4,3600,0.4,92,70.7,3.55,0.45,1.08,0.039,13.8,-3.81,-0.041,0.92
50.0,4.0,1.0,1.5,4.5,0.4,3600,0.4,92,70.7,3.46,0.45,1.08,0.038,13.8,-3.9,-0.042,0.92
50.0,4.0,1.0,2.5,3.0,0.8,3600,0.4,92,70.7,3.5,0.45,1.08,0.038,13.88,-3.86,-0.042,0.92
55.0,2.0,0.7,1.5,3.0,0.6,1200,0.2,104,74.0,3.92,0.39,1.1,0.038,8.53,-4.4,-0.042,0.89
55.0,2.0,0.7,1.5,3.0,0.8,1200,0.2,104,74.0,3.95,0.39,1.1,0.038,8.42,-4.37,-0.042,0.89
55.0,2.0,0.7,1.5,4.5,0.6,1200,0.2,104,74.0,3.92,0.39,1.1,0.038,8.53,-4.4,-0.042,0.89
55.0,2.0,0.7,1.5,4.5,0.8,1200,0.2,104,74.0,3.95,0.39,1.1,0.038,8.42,-4.37,-0.042,0.89
50.0,4.0,1.0,2.5,4.5,0.8,3600,0.4,92,70.7,3.31,0.45,1.07,0.036,13.88,-4.05,-0.044,0.92
50.0,4.0,1.0,1.5,3.0,0.4,14400,0.8,89,71.9,3.13,0.41,1.06,0.035,15.13,-3.99,-0.045,0.92
50.0,4.0,1.0,1.5,4.5,0.4,14400,0.8,89,71.9,3.13,0.41,1.06,0.035,15.13,-3.99,-0.045,0.92
50.0,4.0,1.0,2.5,3.0,0.6,3600,0.4,92,70.7,3.18,0.44,1.07,0.035,13.92,-4.18,-0.045,0.91
55.0,3.0,0.7,1.5,3.0,0.4,2400,0.4,115,73.0,4.04,0.42,1.13,0.035,6.59,-5.16,-0.045,0.85
55.0,3.0,0.7,1.5,3.0,0.8,2400,0.4,115,73.0,4.07,0.42,1.13,0.035,6.54,-5.13,-0.045,0.85
55.0,3.0,0.7,1.5,4.5,0.4,2400,0.4,115,73.0,4.04,0.42,1.13,0.035,6.59,-5.16,-0.045,0.85
55.0,3.0,0.7,1.5,4.5,0.8,2400,0.4,115,73.0,4.07,0.42,1.13,0.035,6.54,-5.13,-0.045,0.85
55.0,3.0,0.7,2.5,3.0,0.4,2400,0.4,115,73.0,4.04,0.42,1.13,0.035,6.59,-5.16,-0.045,0.85
55.0,3.0,0.7,2.5,3.0,0.8,2400,0.4,115,73.0,4.07,0.42,1.13,0.035,6.54,-5.13,-0.045,0.85
55.0,3.0,0.7,2.5,4.5,0.4,2400,0.4,115,73.0,4.04,0.42,1.13,0.035,6.59,-5.16,-0.045,0.85
55.0,3.0,0.7,2.5,4.5,0.8,2400,0.4,115,73.0,4.07,0.42,1.13,0.035,6.54,-5.13,-0.045,0.85
40.0,3.0,0.7,1.5,3.0,0.4,1200,0.8,677,62.9,23.07,0.78,1.33,0.034,7.92,-31.09,-0.046,0.67
40.0,3.0,0.7,1.5,3.0,0.6,1200,0.8,677,62.9,23.04,0.78,1.33,0.034,7.95,-31.12,-0.046,0.67
40.0,3.0,0.7,1.5,3.0,0.8,1200,0.8,677,62.9,23.04,0.78,1.33,0.034,7.95,-31.12,-0.046,0.67
40.0,3.0,0.7,1.5,4.5,0.4,1200,0.8,677,62.9,23.07,0.78,1.33,0.034,7.92,-31.09,-0.046,0.67
40.0,3.0,0.7,1.5,4.5,0.6,1200,0.8,677,62.9,23.04,0.78,1.33,0.034,7.95,-31.12,-0.046,0.67
40.0,3.0,0.7,1.5,4.5,0.8,1200,0.8,677,62.9,23.04,0.78,1.33,0.034,7.95,-31.12,-0.046,0.67
40.0,3.0,0.7,2.5,3.0,0.4,1200,0.8,677,62.9,23.06,0.78,1.33,0.034,7.92,-31.1,-0.046,0.67
40.0,3.0,0.7,2.5,3.0,0.6,1200,0.8,677,62.9,23.03,0.78,1.33,0.034,7.95,-31.13,-0.046,0.67
40.0,3.0,0.7,2.5,3.0,0.8,1200,0.8,677,62.9,23.03,0.78,1.33,0.034,7.95,-31.13,-0.046,0.67
40.0,3.0,0.7,2.5,4.5,0.4,1200,0.8,677,62.9,23.06,0.78,1.33,0.034,7.92,-31.1,-0.046,0.67
40.0,3.0,0.7,2.5,4.5,0.6,1200,0.8,677,62.9,23.03,0.78,1.33,0.034,7.95,-31.13,-0.046,0.67
40.0,3.0,0.7,2.5,4.5,0.8,1200,0.8,677,62.9,23.03,0.78,1.33,0.034,7.95,-31.13,-0.046,0.67
50.0,4.0,1.0,1.5,3.0,0.8,3600,0.4,92,70.7,3.14,0.44,1.07,0.034,13.88,-4.22,-0.046,0.91
55.0,3.0,0.7,1.5,3.0,0.6,2400,0.4,115,73.0,3.9,0.41,1.12,0.034,6.71,-5.3,-0.046,0.85
55.0,3.0,0.7,1.5,4.5,0.6,2400,0.4,115,73.0,3.9,0.41,1.12,0.034,6.71,-5.3,-0.046,0.85
55.0,3.0,0.7,2.5,3.0,0.6,2400,0.4,115,73.0,3.9,0.41,1.12,0.034,6.71,-5.3,-0.046,0.85
55.0,3.0,0.7,2.5,4.5,0.6,2400,0.4,115,73.0,3.9,0.41,1.12,0.034,6.71,-5.3,-0.046,0.85
50.0,4.0,1.0,2.5,4.5,0.6,3600,0.4,92,70.7,3.04,0.44,1.07,0.033,13.92,-4.32,-0.047,0.91
45.0,3.0,1.5,2.5,3.0,0.4,1200,0.8,453,61.1,14.54,0.8,1.26,0.032,9.14,-21.7,-0.048,0.7
45.0,3.0,1.5,2.5,4.5,0.4,1200,0.8,453,61.1,14.54,0.8,1.26,0.032,9.14,-21.7,-0.048,0.7
50.0,4.0,1.0,1.5,4.5,0.8,3600,0.4,92,70.7,2.95,0.44,1.06,0.032,13.88,-4.41,-0.048,0.91
55.0,3.0,1.5,2.5,3.0,0.6,3600,0.8,129,57.4,4.1,0.85,1.15,0.032,7.37,-6.22,-0.048,0.81
55.0,3.0,1.5,2.5,4.5,0.6,3600,0.8,129,57.4,4.1,0.85,1.15,0.032,7.37,-6.22,-0.048,0.81
50.0,4.0,1.0,1.5,3.0,0.6,3600,0.4,92,70.7,2.81,0.44,1.06,0.031,13.92,-4.55,-0.049,0.91
45.0,3.0,0.7,2.5,3.0,0.4,2400,0.8,355,63.9,10.53,0.67,1.18,0.03,12.35,-17.87,-0.05,0.74
45.0,3.0,0.7,2.5,4.5,0.4,2400,0.8,355,63.9,10.53,0.67,1.18,0.03,12.35,-17.87,-0.05,0.74
45.0,3.0,1.0,1.5,3.0,0.4,1200,0.8,454,61.5,13.71,0.78,1.24,0.03,9.8,-22.61,-0.05,0.69
45.0,3.0,1.0,1.5,3.0,0.6,1200,0.8,454,61.5,13.59,0.78,1.24,0.03,9.8,-22.73,-0.05,0.69
45.0,3.0,1.0,1.5,3.0,0.8,1200,0.8,454,61.5,13.69,0.78,1.24,0.03,9.8,-22.62,-0.05,0.69
45.0,3.0,1.0,1.5,4.5,0.4,1200,0.8,454,61.5,13.71,0.78,1.24,0.03,9.8,-22.61,-0.05,0.69
45.0,3.0,1.0,1.5,4.5,0.6,1200,0.8,454,61.5,13.59,0.78,1.24,0.03,9.8,-22.73,-0.05,0.69
45.0,3.0,1.0,1.5,4.5,0.8,1200,0.8,454,61.5,13.69,0.78,1.24,0.03,9.8,-22.62,-0.05,0.69
45.0,3.0,1.0,2.5,3.0,0.4,1200,0.8,454,61.5,13.78,0.78,1.24,0.03,9.8,-22.54,-0.05,0.69
45.0,3.0,1.0,2.5,3.0,0.6,1200,0.8,454,61.5,13.66,0.78,1.24,0.03,9.8,-22.66,-0.05,0.69
45.0,3.0,1.0,2.5,3.0,0.8,1200,0.8,454,61.5,13.77,0.78,1.24,0.03,9.8,-22.55,-0.05,0.69
45.0,3.0,1.0,2.5,4.5,0.4,1200,0.8,454,61.5,13.78,0.78,1.24,0.03,9.8,-22.54,-0.05,0.69
45.0,3.0,1.0,2.5,4.5,0.6,1200,0.8,454,61.5,13.66,0.78,1.24,0.03,9.8,-22.66,-0.05,0.69
45.0,3.0,1.0,2.5,4.5,0.8,1200,0.8,454,61.5,13.77,0.78,1.24,0.03,9.8,-22.55,-0.05,0.69
45.0,3.0,1.5,2.5,3.0,0.6,1200,0.8,451,61.2,13.39,0.78,1.24,0.03,9.34,-22.69,-0.05,0.69
45.0,3.0,1.5,2.5,4.5,0.6,1200,0.8,451,61.2,13.39,0.78,1.24,0.03,9.34,-22.69,-0.05,0.69
45.0,3.0,0.7,1.5,3.0,0.4,2400,0.8,355,63.9,10.43,0.67,1.18,0.029,12.35,-17.97,-0.051,0.74
45.0,3.0,0.7,1.5,3.0,0.8,2400,0.8,355,63.9,10.22,0.66,1.18,0.029,12.35,-18.18,-0.051,0.74
45.0,3.0,0.7,1.5,4.5,0.4,2400,0.8,355,63.9,10.43,0.67,1.18,0.029,12.35,-17.97,-0.051,0.74
45.0,3.0,0.7,1.5,4.5,0.8,2400,0.8,355,63.9,10.22,0.66,1.18,0.029,12.35,-18.18,-0.051,0.74
45.0,3.0,0.7,2.5,3.0,0.6,2400,0.8,355,63.9,10.16,0.66,1.18,0.029,12.35,-18.24,-0.051,0.74
45.0,3.0,0.7,2.5,3.0,0.8,2400,0.8,355,63.9,10.31,0.67,1.18,0.029,12.35,-18.09,-0.051,0.74
45.0,3.0,0.7,2.5,4.5,0.6,2400,0.8,355,63.9,10.16,0.66,1.18,0.029,12.35,-18.24,-0.051,0.74
45.0,3.0,0.7,2.5,4.5,0.8,2400,0.8,355,63.9,10.31,0.67,1.18,0.029,12.35,-18.09,-0.051,0.74
50.0,4.0,1.0,1.5,4.5,0.6,3600,0.4,92,70.7,2.68,0.44,1.06,0.029,13.92,-4.68,-0.051,0.9
45.0,3.0,0.7,1.5,3.0,0.6,2400,0.8,355,63.9,10.06,0.66,1.18,0.028,12.35,-18.34,-0.052,0.74
45.0,3.0,0.7,1.5,4.5,0.6,2400,0.8,355,63.9,10.06,0.66,1.18,0.028,12.35,-18.34,-0.052,0.74
45.0,3.0,1.5,2.5,3.0,0.8,1200,0.8,448,61.2,12.43,0.78,1.22,0.028,9.48,-23.41,-0.052,0.68
45.0,3.0,1.5,2.5,4.5,0.8,1200,0.8,448,61.2,12.43,0.78,1.22,0.028,9.48,-23.41,-0.052,0.68
40.0,2.0,1.0,1.5,3.0,0.4,1200,0.2,188,67.0,4.77,0.52,1.05,0.025,16.82,-10.27,-0.055,0.9
40.0,2.0,1.0,1.5,4.5,0.4,1200,0.2,188,67.0,4.77,0.52,1.05,0.025,16.82,-10.27,-0.055,0.9
40.0,2.0,1.0,2.5,3.0,0.4,1200,0.2,188,67.0,4.75,0.52,1.05,0.025,16.82,-10.29,-0.055,0.9
40.0,2.0,1.0,2.5,4.5,0.4,1200,0.2,188,67.0,4.75,0.52,1.05,0.025,16.82,-10.29,-0.055,0.9
45.0,3.0,0.7,1.5,3.0,0.4,1200,0.8,459,61.7,11.43,0.75,1.2,0.025,10.28,-25.29,-0.055,0.65
45.0,3.0,0.7,1.5,3.0,0.6,1200,0.8,459,61.7,11.31,0.75,1.2,0.025,10.28,-25.41,-0.055,0.65
45.0,3.0,0.7,1.5,3.0,0.8,1200,0.8,459,61.7,11.41,0.75,1.2,0.025,10.28,-25.31,-0.055,0.65
45.0,3.0,0.7,1.5,4.5,0.4,1200,0.8,459,61.7,11.43,0.75,1.2,0.025,10.28,-25.29,-0.055,0.65
45.0,3.0,0.7,1.5,4.5,0.6,1200,0.8,459,61.7,11.31,0.75,1.2,0.025,10.28,-25.41,-0.055,0.65
45.0,3.0,0.7,1.5,4.5,0.8,1200,0.8,459,61.7,11.41,0.75,1.2,0.025,10.28,-25.31,-0.055,0.65
45.0,3.0,0.7,2.5,3.0,0.4,1200,0.8,459,61.7,11.41,0.75,1.2,0.025,10.28,-25.31,-0.055,0.65
45.0,3.0,0.7,2.5,3.0,0.6,1200,0.8,459,61.7,11.29,0.75,1.2,0.025,10.28,-25.43,-0.055,0.65
45.0,3.0,0.7,2.5,3.0,0.8,1200,0.8,459,61.7,11.4,0.75,1.2,0.025,10.28,-25.32,-0.055,0.65
45.0,3.0,0.7,2.5,4.5,0.4,1200,0.8,459,61.7,11.41,0.75,1.2,0.025,10.28,-25.31,-0.055,0.65
45.0,3.0,0.7,2.5,4.5,0.6,1200,0.8,459,61.7,11.29,0.75,1.2,0.025,10.28,-25.43,-0.055,0.65
45.0,3.0,0.7,2.5,4.5,0.8,1200,0.8,459,61.7,11.4,0.75,1.2,0.025,10.28,-25.32,-0.055,0.65
40.0,2.0,1.0,1.5,3.0,0.6,1200,0.2,188,67.0,4.07,0.51,1.04,0.022,17.06,-10.97,-0.058,0.89
40.0,2.0,1.0,1.5,3.0,0.8,1200,0.2,188,67.0,4.08,0.51,1.04,0.022,17.01,-10.96,-0.058,0.89
40.0,2.0,1.0,1.5,4.5,0.6,1200,0.2,188,67.0,4.07,0.51,1.04,0.022,17.06,-10.97,-0.058,0.89
40.0,2.0,1.0,1.5,4.5,0.8,1200,0.2,188,67.0,4.08,0.51,1.04,0.022,17.01,-10.96,-0.058,0.89
40.0,2.0,1.0,2.5,3.0,0.6,1200,0.2,188,67.0,3.98,0.51,1.04,0.021,17.13,-11.06,-0.059,0.89
40.0,2.0,1.0,2.5,3.0,0.8,1200,0.2,188,67.0,3.92,0.51,1.04,0.021,17.14,-11.12,-0.059,0.89
40.0,2.0,1.0,2.5,4.5,0.6,1200,0.2,188,67.0,3.98,0.51,1.04,0.021,17.13,-11.06,-0.059,0.89
40.0,2.0,1.0,2.5,4.5,0.8,1200,0.2,188,67.0,3.92,0.51,1.04,0.021,17.14,-11.12,-0.059,0.89
40.0,2.0,1.5,2.5,3.0,0.6,1200,0.2,176,63.1,3.02,0.6,1.03,0.017,18.62,-11.06,-0.063,0.89
40.0,2.0,1.5,2.5,4.5,0.6,1200,0.2,176,63.1,3.02,0.6,1.03,0.017,18.62,-11.06,-0.063,0.89
40.0,2.0,1.5,2.5,3.0,0.4,1200,0.2,176,63.6,2.33,0.58,1.02,0.013,19.96,-11.75,-0.067,0.89
40.0,2.0,1.5,2.5,4.5,0.4,1200,0.2,176,63.6,2.33,0.58,1.02,0.013,19.96,-11.75,-0.067,0.89
40.0,2.0,1.5,2.5,3.0,0.8,1200,0.2,174,63.8,-4.07,0.54,0.96,-0.023,17.3,-18.0,-0.103,0.82
40.0,2.0,1.5,2.5,4.5,0.8,1200,0.2,174,63.8,-4.07,0.54,0.96,-0.023,17.3,-18.0,-0.103,0.82
