signal_threshold,stop_loss_pct,level_1_pct,level_2_pct,level_3_pct,trail_callback,time_stop_seconds,time_stop_no_movement_pct,trades,win_rate,total_pnl_pct,payoff,profit_factor,expectancy_pct,max_dd_pct,net_pnl_pct,net_expectancy_pct,net_profit_factor
40.0,5.0,1.5,2.5,4.5,0.4,,0.4,223,85.7,80.82,0.25,1.51,0.362,17.99,62.98,0.282,1.39
40.0,5.0,1.5,2.5,4.5,0.4,14400,0.2,223,85.7,79.85,0.25,1.5,0.358,18.94,62.01,0.278,1.38
40.0,5.0,1.5,2.5,4.5,0.4,14400,0.4,223,85.7,79.85,0.25,1.5,0.358,18.94,62.01,0.278,1.38
40.0,5.0,1.5,2.5,4.5,0.4,14400,0.8,224,85.3,79.74,0.26,1.5,0.356,18.94,61.82,0.276,1.38
40.0,5.0,1.5,2.5,3.0,0.4,,0.4,224,85.7,79.54,0.25,1.5,0.355,17.51,61.62,0.275,1.38
40.0,5.0,1.5,2.5,4.5,0.4,7200,0.2,223,85.7,78.6,0.25,1.49,0.352,19.9,60.76,0.272,1.37
40.0,5.0,1.5,2.5,4.5,0.4,7200,0.4,223,85.7,78.6,0.25,1.49,0.352,19.9,60.76,0.272,1.37
45.0,5.0,1.5,2.5,4.5,0.4,,0.4,169,85.2,59.56,0.26,1.48,0.352,22.88,46.04,0.272,1.36
45.0,5.0,1.5,2.5,3.0,0.4,,0.4,170,85.3,59.71,0.25,1.48,0.351,22.02,46.11,0.271,1.36
40.0,5.0,1.5,2.5,3.0,0.4,14400,0.2,223,85.7,77.71,0.25,1.49,0.348,19.32,59.87,0.268,1.37
40.0,5.0,1.5,2.5,3.0,0.4,14400,0.4,223,85.7,77.71,0.25,1.49,0.348,19.32,59.87,0.268,1.37
40.0,5.0,1.5,2.5,3.0,0.4,14400,0.8,224,85.3,77.6,0.26,1.48,0.346,19.32,59.68,0.266,1.37
40.0,5.0,1.5,2.5,3.0,0.4,7200,0.2,223,85.7,76.92,0.25,1.48,0.345,19.9,59.08,0.265,1.36
40.0,5.0,1.5,2.5,3.0,0.4,7200,0.4,223,85.7,76.92,0.25,1.48,0.345,19.9,59.08,0.265,1.36
45.0,5.0,1.5,2.5,4.5,0.4,7200,0.2,170,85.3,58.36,0.25,1.47,0.343,23.8,44.77,0.263,1.35
45.0,5.0,1.5,2.5,4.5,0.4,7200,0.4,170,85.3,58.36,0.25,1.47,0.343,23.8,44.77,0.263,1.35
45.0,5.0,1.5,2.5,4.5,0.4,14400,0.2,170,85.3,58.38,0.25,1.47,0.343,23.89,44.78,0.263,1.35
45.0,5.0,1.5,2.5,4.5,0.4,14400,0.4,170,85.3,58.38,0.25,1.47,0.343,23.89,44.78,0.263,1.35
45.0,5.0,1.5,2.5,4.5,0.4,14400,0.8,171,84.8,58.27,0.26,1.47,0.341,23.89,44.59,0.261,1.35
45.0,5.0,1.5,2.5,3.0,0.4,7200,0.2,170,85.3,57.81,0.25,1.46,0.34,23.8,44.21,0.26,1.35
45.0,5.0,1.5,2.5,3.0,0.4,7200,0.4,170,85.3,57.81,0.25,1.46,0.34,23.8,44.21,0.26,1.35
45.0,5.0,1.5,2.5,3.0,0.4,14400,0.2,170,85.3,57.67,0.25,1.46,0.339,23.89,44.07,0.259,1.35
45.0,5.0,1.5,2.5,3.0,0.4,14400,0.4,170,85.3,57.67,0.25,1.46,0.339,23.89,44.07,0.259,1.35
40.0,5.0,1.5,2.5,4.5,0.4,3600,0.2,223,85.7,75.36,0.25,1.47,0.338,19.9,57.52,0.258,1.35
45.0,5.0,1.5,2.5,3.0,0.4,14400,0.8,171,84.8,57.55,0.26,1.46,0.337,23.89,43.88,0.257,1.34
40.0,5.0,1.5,2.5,4.5,0.4,3600,0.4,224,85.7,75.37,0.25,1.47,0.336,19.89,57.45,0.256,1.35
40.0,5.0,1.5,2.5,4.5,0.4,7200,0.8,229,83.8,76.4,0.28,1.47,0.334,21.2,58.08,0.254,1.35
40.0,5.0,1.5,2.5,4.5,0.6,14400,0.2,223,85.7,74.46,0.25,1.47,0.334,18.12,56.62,0.254,1.35
40.0,5.0,1.5,2.5,4.5,0.6,14400,0.4,223,85.7,74.46,0.25,1.47,0.334,18.12,56.62,0.254,1.35
40.0,5.0,1.5,2.5,3.0,0.4,3600,0.2,223,85.7,74.27,0.25,1.46,0.333,19.9,56.43,0.253,1.35
40.0,5.0,1.5,2.5,3.0,0.4,3600,0.4,224,85.7,74.28,0.24,1.46,0.332,19.89,56.36,0.252,1.35
40.0,5.0,1.5,2.5,4.5,0.4,2400,0.2,223,85.7,73.86,0.24,1.46,0.331,19.9,56.02,0.251,1.34
40.0,5.0,1.5,2.5,4.5,0.6,,0.4,223,85.7,73.79,0.24,1.46,0.331,17.16,55.95,0.251,1.34
40.0,5.0,1.5,2.5,3.0,0.6,,0.4,224,85.7,73.88,0.24,1.46,0.33,16.6,55.96,0.25,1.34
40.0,5.0,1.5,2.5,4.5,0.6,14400,0.8,224,85.3,73.63,0.25,1.46,0.329,18.12,55.71,0.249,1.34
40.0,5.0,1.5,2.5,3.0,0.4,2400,0.2,223,85.7,73.13,0.24,1.46,0.328,19.9,55.29,0.248,1.34
40.0,5.0,1.5,2.5,3.0,0.6,14400,0.2,223,85.7,72.82,0.24,1.46,0.327,18.6,54.98,0.247,1.34
40.0,5.0,1.5,2.5,3.0,0.6,14400,0.4,223,85.7,72.82,0.24,1.46,0.327,18.6,54.98,0.247,1.34
40.0,5.0,1.5,2.5,3.0,0.4,7200,0.8,229,83.8,74.72,0.28,1.46,0.326,21.2,56.4,0.246,1.34
45.0,5.0,1.5,2.5,4.5,0.4,2400,0.2,170,85.3,55.46,0.25,1.44,0.326,23.8,41.86,0.246,1.33
45.0,5.0,1.5,2.5,4.5,0.4,3600,0.2,170,85.3,55.34,0.25,1.44,0.326,23.8,41.75,0.246,1.33
50.0,4.0,1.5,2.5,4.5,0.4,7200,0.2,97,81.4,31.56,0.33,1.44,0.325,15.19,23.8,0.245,1.32
50.0,4.0,1.5,2.5,4.5,0.4,7200,0.4,97,81.4,31.56,0.33,1.44,0.325,15.19,23.8,0.245,1.32
45.0,5.0,1.5,2.5,3.0,0.4,2400,0.2,170,85.3,55.11,0.25,1.44,0.324,23.8,41.51,0.244,1.33
45.0,5.0,1.5,2.5,3.0,0.4,3600,0.2,170,85.3,55.07,0.25,1.44,0.324,23.8,41.47,0.244,1.33
50.0,4.0,1.5,2.5,4.5,0.4,14400,0.2,97,81.4,31.42,0.33,1.44,0.324,15.19,23.66,0.244,1.32
50.0,4.0,1.5,2.5,4.5,0.4,14400,0.4,97,81.4,31.42,0.33,1.44,0.324,15.19,23.66,0.244,1.32
40.0,5.0,1.5,2.5,4.5,0.6,7200,0.2,223,85.7,71.98,0.24,1.45,0.323,19.94,54.14,0.243,1.33
40.0,5.0,1.5,2.5,4.5,0.6,7200,0.4,223,85.7,71.98,0.24,1.45,0.323,19.94,54.14,0.243,1.33
50.0,4.0,1.5,2.5,3.0,0.4,7200,0.2,97,81.4,31.33,0.33,1.44,0.323,15.56,23.57,0.243,1.32
50.0,4.0,1.5,2.5,3.0,0.4,7200,0.4,97,81.4,31.33,0.33,1.44,0.323,15.56,23.57,0.243,1.32
50.0,4.0,1.5,2.5,3.0,0.4,,0.4,97,81.4,31.37,0.33,1.44,0.323,15.56,23.61,0.243,1.32
50.0,4.0,1.5,2.5,3.0,0.4,14400,0.2,97,81.4,31.19,0.33,1.43,0.322,15.56,23.43,0.242,1.32
50.0,4.0,1.5,2.5,3.0,0.4,14400,0.4,97,81.4,31.19,0.33,1.43,0.322,15.56,23.43,0.242,1.32
40.0,5.0,1.5,2.5,3.0,0.6,14400,0.8,224,85.3,71.99,0.25,1.45,0.321,18.6,54.07,0.241,1.33
50.0,4.0,1.5,2.5,4.5,0.4,,0.4,96,81.2,30.74,0.33,1.43,0.32,15.19,23.06,0.24,1.31
45.0,5.0,1.5,2.5,3.0,0.6,,0.4,169,85.2,53.84,0.25,1.43,0.319,20.25,40.32,0.239,1.32
45.0,5.0,1.5,2.5,4.5,0.4,1200,0.2,171,84.8,54.55,0.26,1.44,0.319,23.8,40.87,0.239,1.32
40.0,5.0,1.5,2.5,3.0,0.6,7200,0.2,223,85.7,70.67,0.24,1.44,0.317,19.94,52.83,0.237,1.32
40.0,5.0,1.5,2.5,3.0,0.6,7200,0.4,223,85.7,70.67,0.24,1.44,0.317,19.94,52.83,0.237,1.32
45.0,5.0,1.5,2.5,3.0,0.4,1200,0.2,171,84.8,54.24,0.26,1.43,0.317,23.8,40.56,0.237,1.32
45.0,5.0,1.5,2.5,4.5,0.4,3600,0.4,171,85.4,54.27,0.25,1.43,0.317,25.21,40.6,0.237,1.32
45.0,5.0,1.5,2.5,3.0,0.4,3600,0.4,171,85.4,54.0,0.25,1.43,0.316,25.21,40.32,0.236,1.32
45.0,5.0,1.5,2.5,4.5,0.4,2400,0.4,173,84.4,54.51,0.27,1.43,0.315,25.78,40.67,0.235,1.32
45.0,5.0,1.5,2.5,4.5,0.4,7200,0.8,176,83.0,55.29,0.3,1.44,0.314,23.75,41.21,0.234,1.32
45.0,5.0,1.5,2.5,4.5,0.6,14400,0.2,169,85.2,53.03,0.25,1.42,0.314,22.27,39.51,0.234,1.31
45.0,5.0,1.5,2.5,4.5,0.6,14400,0.4,169,85.2,53.03,0.25,1.42,0.314,22.27,39.51,0.234,1.31
45.0,5.0,1.5,2.5,3.0,0.4,2400,0.4,173,84.4,54.16,0.26,1.43,0.313,25.78,40.32,0.233,1.32
45.0,5.0,1.5,2.5,4.5,0.6,,0.4,168,85.1,52.64,0.25,1.42,0.313,21.76,39.2,0.233,1.31
45.0,4.0,1.5,2.5,4.5,0.4,,0.4,174,81.6,54.13,0.32,1.42,0.311,18.71,40.21,0.231,1.31
45.0,5.0,1.5,2.5,3.0,0.4,7200,0.8,176,83.0,54.74,0.29,1.43,0.311,23.75,40.66,0.231,1.32
45.0,5.0,1.5,2.5,3.0,0.6,14400,0.2,169,85.2,52.5,0.25,1.42,0.311,22.37,38.98,0.231,1.31
45.0,5.0,1.5,2.5,3.0,0.6,14400,0.4,169,85.2,52.5,0.25,1.42,0.311,22.37,38.98,0.231,1.31
45.0,4.0,1.5,2.5,3.0,0.4,,0.4,175,81.7,54.28,0.32,1.42,0.31,18.71,40.28,0.23,1.31
40.0,5.0,1.5,2.5,4.5,0.6,3600,0.2,223,85.7,68.95,0.24,1.43,0.309,19.89,51.11,0.229,1.31
45.0,4.0,1.5,2.5,4.5,0.4,14400,0.2,175,81.7,54.01,0.32,1.42,0.309,18.71,40.01,0.229,1.31
45.0,4.0,1.5,2.5,4.5,0.4,14400,0.4,175,81.7,54.01,0.32,1.42,0.309,18.71,40.01,0.229,1.31
45.0,5.0,1.5,2.5,4.5,0.6,7200,0.2,169,85.2,52.29,0.25,1.42,0.309,23.05,38.77,0.229,1.31
45.0,5.0,1.5,2.5,4.5,0.6,7200,0.4,169,85.2,52.29,0.25,1.42,0.309,23.05,38.77,0.229,1.31
40.0,5.0,1.5,2.5,4.5,0.6,3600,0.4,224,85.7,68.96,0.24,1.43,0.308,19.89,51.04,0.228,1.31
45.0,4.0,1.5,2.5,4.5,0.4,7200,0.2,175,81.7,53.98,0.32,1.42,0.308,18.71,39.98,0.228,1.31
45.0,4.0,1.5,2.5,4.5,0.4,7200,0.4,175,81.7,53.98,0.32,1.42,0.308,18.71,39.98,0.228,1.31
50.0,4.0,1.5,2.5,4.5,0.8,14400,0.2,96,81.2,29.53,0.33,1.41,0.308,13.83,21.85,0.228,1.3
50.0,4.0,1.5,2.5,4.5,0.8,14400,0.4,96,81.2,29.53,0.33,1.41,0.308,13.83,21.85,0.228,1.3
40.0,5.0,1.5,2.5,4.5,0.4,2400,0.4,226,84.1,69.28,0.27,1.43,0.307,21.46,51.2,0.227,1.31
40.0,5.0,1.5,2.5,4.5,0.8,14400,0.2,220,85.5,67.64,0.24,1.42,0.307,17.78,50.04,0.227,1.31
40.0,5.0,1.5,2.5,4.5,0.8,14400,0.4,220,85.5,67.64,0.24,1.42,0.307,17.78,50.04,0.227,1.31
45.0,5.0,1.5,2.5,3.0,0.6,7200,0.2,169,85.2,51.85,0.25,1.41,0.307,23.05,38.33,0.227,1.3
45.0,5.0,1.5,2.5,3.0,0.6,7200,0.4,169,85.2,51.85,0.25,1.41,0.307,23.05,38.33,0.227,1.3
45.0,5.0,1.5,2.5,4.5,0.6,14400,0.8,170,84.7,52.2,0.26,1.42,0.307,22.27,38.6,0.227,1.3
50.0,4.0,1.5,2.5,4.5,0.4,2400,0.2,97,81.4,29.76,0.32,1.41,0.307,15.19,22.0,0.227,1.3
50.0,4.0,1.5,2.5,4.5,0.4,3600,0.2,97,81.4,29.8,0.32,1.41,0.307,15.19,22.04,0.227,1.3
40.0,5.0,1.5,2.5,3.0,0.6,3600,0.2,223,85.7,68.1,0.24,1.43,0.305,19.89,50.26,0.225,1.31
45.0,4.0,1.5,2.5,3.0,0.4,7200,0.2,175,81.7,53.43,0.32,1.42,0.305,18.71,39.44,0.225,1.3
45.0,4.0,1.5,2.5,3.0,0.4,7200,0.4,175,81.7,53.43,0.32,1.42,0.305,18.71,39.44,0.225,1.3
45.0,4.0,1.5,2.5,3.0,0.4,14400,0.2,175,81.7,53.3,0.32,1.42,0.305,18.71,39.3,0.225,1.3
45.0,4.0,1.5,2.5,3.0,0.4,14400,0.4,175,81.7,53.3,0.32,1.42,0.305,18.71,39.3,0.225,1.3
40.0,5.0,1.5,2.5,3.0,0.6,3600,0.4,224,85.7,68.1,0.24,1.43,0.304,19.89,50.18,0.224,1.31
40.0,5.0,1.5,2.5,4.5,0.6,7200,0.8,229,83.8,69.51,0.28,1.43,0.304,20.79,51.19,0.224,1.31
45.0,5.0,1.5,2.5,3.0,0.6,14400,0.8,170,84.7,51.67,0.26,1.41,0.304,22.37,38.07,0.224,1.3
50.0,4.0,1.5,2.5,3.0,0.4,3600,0.2,97,81.4,29.48,0.32,1.41,0.304,15.56,21.73,0.224,1.3
40.0,5.0,1.0,2.5,4.5,0.4,,0.4,223,85.7,67.47,0.24,1.42,0.303,19.27,49.63,0.223,1.31
40.0,5.0,1.5,2.5,3.0,0.4,2400,0.4,226,84.1,68.55,0.27,1.43,0.303,21.46,50.47,0.223,1.31
45.0,4.0,1.5,2.5,4.5,0.4,14400,0.8,176,81.2,53.38,0.33,1.42,0.303,18.71,39.3,0.223,1.3
50.0,4.0,1.5,2.5,3.0,0.4,2400,0.2,97,81.4,29.36,0.32,1.41,0.303,15.56,21.61,0.223,1.29
40.0,5.0,1.5,2.5,4.5,0.8,14400,0.8,221,85.1,66.6,0.25,1.42,0.301,17.78,48.92,0.221,1.3
40.0,5.0,1.5,2.5,4.5,0.4,3600,0.8,256,79.7,76.68,0.38,1.49,0.3,15.88,56.2,0.22,1.35
40.0,5.0,1.5,2.5,4.5,0.8,,0.4,220,85.5,66.1,0.24,1.41,0.3,17.13,48.5,0.22,1.3
45.0,4.0,1.5,2.5,3.0,0.4,14400,0.8,176,81.2,52.67,0.33,1.41,0.299,18.71,38.59,0.219,1.29
50.0,4.0,1.5,2.5,4.5,0.8,7200,0.2,96,81.2,28.72,0.32,1.4,0.299,14.61,21.03,0.219,1.29
50.0,4.0,1.5,2.5,4.5,0.8,7200,0.4,96,81.2,28.72,0.32,1.4,0.299,14.61,21.03,0.219,1.29
40.0,5.0,1.5,2.5,3.0,0.6,7200,0.8,229,83.8,68.19,0.27,1.42,0.298,20.79,49.87,0.218,1.3
45.0,5.0,1.5,2.5,4.5,0.6,3600,0.2,169,85.2,50.38,0.24,1.4,0.298,23.0,36.86,0.218,1.29
40.0,5.0,1.0,2.5,4.5,0.4,14400,0.2,226,85.8,67.23,0.23,1.42,0.297,17.57,49.15,0.217,1.3
40.0,5.0,1.0,2.5,4.5,0.4,14400,0.4,226,85.8,67.23,0.23,1.42,0.297,17.57,49.15,0.217,1.3
40.0,5.0,1.5,2.5,4.5,0.6,2400,0.2,223,85.7,66.29,0.24,1.41,0.297,19.89,48.45,0.217,1.3
50.0,4.0,1.5,2.5,3.0,0.8,14400,0.2,96,81.2,28.52,0.32,1.4,0.297,14.2,20.84,0.217,1.28
50.0,4.0,1.5,2.5,3.0,0.8,14400,0.4,96,81.2,28.52,0.32,1.4,0.297,14.2,20.84,0.217,1.28
50.0,5.0,1.5,2.5,3.0,0.4,,0.4,91,83.5,27.04,0.27,1.36,0.297,16.56,19.76,0.217,1.26
50.0,5.0,1.5,2.5,4.5,0.4,7200,0.2,91,83.5,27.05,0.27,1.36,0.297,16.19,19.77,0.217,1.26
50.0,5.0,1.5,2.5,4.5,0.4,7200,0.4,91,83.5,27.05,0.27,1.36,0.297,16.19,19.77,0.217,1.26
40.0,5.0,1.0,2.5,3.0,0.4,,0.4,224,85.7,66.27,0.24,1.41,0.296,18.71,48.35,0.216,1.3
45.0,5.0,1.5,2.5,4.5,0.6,2400,0.2,169,85.2,50.02,0.24,1.4,0.296,23.0,36.5,0.216,1.29
50.0,5.0,1.5,2.5,4.5,0.4,14400,0.2,91,83.5,26.91,0.27,1.36,0.296,16.19,19.63,0.216,1.26
50.0,5.0,1.5,2.5,4.5,0.4,14400,0.4,91,83.5,26.91,0.27,1.36,0.296,16.19,19.63,0.216,1.26
40.0,5.0,1.5,2.5,3.0,0.4,3600,0.8,256,79.7,75.59,0.38,1.48,0.295,15.88,55.11,0.215,1.34
40.0,5.0,1.5,2.5,3.0,0.6,2400,0.2,223,85.7,65.74,0.24,1.41,0.295,19.89,47.9,0.215,1.29
45.0,5.0,1.5,2.5,3.0,0.6,3600,0.2,169,85.2,49.92,0.24,1.4,0.295,23.0,36.4,0.215,1.29
50.0,4.0,1.5,2.5,4.5,0.4,1200,0.2,99,80.8,29.2,0.33,1.41,0.295,15.19,21.28,0.215,1.29
50.0,5.0,1.5,2.5,3.0,0.4,7200,0.2,91,83.5,26.82,0.27,1.36,0.295,16.56,19.54,0.215,1.26
50.0,5.0,1.5,2.5,3.0,0.4,7200,0.4,91,83.5,26.82,0.27,1.36,0.295,16.56,19.54,0.215,1.26
40.0,5.0,1.0,2.5,4.5,0.4,14400,0.8,226,85.8,66.47,0.23,1.42,0.294,18.32,48.4,0.214,1.3
40.0,5.0,1.5,2.5,3.0,0.8,14400,0.2,221,85.5,64.85,0.24,1.41,0.293,18.75,47.17,0.213,1.29
40.0,5.0,1.5,2.5,3.0,0.8,14400,0.4,221,85.5,64.85,0.24,1.41,0.293,18.75,47.17,0.213,1.29
45.0,5.0,1.5,2.5,4.5,0.8,14400,0.2,169,85.2,49.48,0.24,1.4,0.293,23.02,35.96,0.213,1.28
45.0,5.0,1.5,2.5,4.5,0.8,14400,0.4,169,85.2,49.48,0.24,1.4,0.293,23.02,35.96,0.213,1.28
50.0,5.0,1.5,2.5,3.0,0.4,14400,0.2,91,83.5,26.67,0.27,1.36,0.293,16.56,19.39,0.213,1.25
50.0,5.0,1.5,2.5,3.0,0.4,14400,0.4,91,83.5,26.67,0.27,1.36,0.293,16.56,19.39,0.213,1.25
50.0,5.0,1.5,2.5,4.5,0.4,,0.4,90,83.3,26.34,0.27,1.35,0.293,16.19,19.14,0.213,1.25
40.0,5.0,1.5,2.5,3.0,0.8,,0.4,221,85.5,64.58,0.24,1.4,0.292,16.76,46.9,0.212,1.29
45.0,5.0,1.5,2.5,3.0,0.6,2400,0.2,169,85.2,49.43,0.24,1.4,0.292,23.0,35.91,0.212,1.28
45.0,5.0,1.5,2.5,4.5,0.4,1200,0.8,249,73.5,72.83,0.66,1.84,0.292,10.29,52.91,0.212,1.57
50.0,4.0,1.5,2.5,4.5,0.4,3600,0.4,97,81.4,28.35,0.32,1.39,0.292,15.19,20.59,0.212,1.28
50.0,4.0,1.5,2.5,4.5,0.4,14400,0.8,98,79.6,28.66,0.36,1.4,0.292,15.19,20.82,0.212,1.28
40.0,4.0,1.5,2.5,4.5,0.8,14400,0.2,235,81.7,68.47,0.31,1.4,0.291,15.89,49.67,0.211,1.28
40.0,4.0,1.5,2.5,4.5,0.8,14400,0.4,235,81.7,68.47,0.31,1.4,0.291,15.89,49.67,0.211,1.28
45.0,5.0,1.5,2.5,3.0,0.4,1200,0.8,249,73.5,72.55,0.66,1.84,0.291,10.29,52.63,0.211,1.57
50.0,4.0,1.5,2.5,3.0,0.4,1200,0.2,99,80.8,28.8,0.33,1.4,0.291,15.56,20.88,0.211,1.28
50.0,4.0,1.5,2.5,3.0,0.8,,0.4,96,81.2,27.96,0.32,1.39,0.291,13.73,20.28,0.211,1.28
50.0,4.0,1.5,2.5,4.5,0.6,7200,0.2,96,81.2,27.91,0.32,1.39,0.291,14.78,20.23,0.211,1.28
50.0,4.0,1.5,2.5,4.5,0.6,7200,0.4,96,81.2,27.91,0.32,1.39,0.291,14.78,20.23,0.211,1.28
45.0,5.0,1.5,2.5,4.5,0.6,3600,0.4,170,85.3,49.31,0.24,1.39,0.29,24.41,35.71,0.21,1.28
50.0,4.0,1.5,2.5,3.0,0.4,14400,0.8,98,79.6,28.43,0.36,1.39,0.29,15.56,20.59,0.21,1.28
50.0,4.0,1.5,2.5,4.5,0.6,14400,0.2,96,81.2,27.88,0.32,1.39,0.29,14.78,20.2,0.21,1.28
50.0,4.0,1.5,2.5,4.5,0.6,14400,0.4,96,81.2,27.88,0.32,1.39,0.29,14.78,20.2,0.21,1.28
40.0,5.0,1.0,2.5,4.5,0.4,7200,0.2,226,85.8,65.26,0.23,1.41,0.289,19.01,47.18,0.209,1.29
40.0,5.0,1.0,2.5,4.5,0.4,7200,0.4,226,85.8,65.26,0.23,1.41,0.289,19.01,47.18,0.209,1.29
40.0,5.0,1.5,2.5,4.5,0.8,7200,0.2,221,85.5,63.89,0.24,1.4,0.289,19.6,46.21,0.209,1.28
40.0,5.0,1.5,2.5,4.5,0.8,7200,0.4,221,85.5,63.89,0.24,1.4,0.289,19.6,46.21,0.209,1.28
45.0,5.0,1.0,2.5,3.0,0.4,,0.4,170,85.3,49.14,0.24,1.39,0.289,22.88,35.54,0.209,1.28
45.0,5.0,1.0,2.5,4.5,0.4,,0.4,169,85.2,48.92,0.24,1.39,0.289,23.82,35.4,0.209,1.28
45.0,5.0,1.5,2.5,4.5,0.4,3600,0.8,197,79.7,56.92,0.37,1.45,0.289,15.94,41.16,0.209,1.32
50.0,4.0,1.5,2.5,3.0,0.4,3600,0.4,97,81.4,28.03,0.32,1.39,0.289,15.56,20.27,0.209,1.28
50.0,4.0,1.5,2.5,4.5,0.8,,0.4,95,81.1,27.43,0.32,1.38,0.289,13.45,19.83,0.209,1.27
40.0,5.0,1.0,2.5,3.0,0.4,14400,0.2,226,85.8,65.09,0.23,1.41,0.288,17.94,47.01,0.208,1.29
40.0,5.0,1.0,2.5,3.0,0.4,14400,0.4,226,85.8,65.09,0.23,1.41,0.288,17.94,47.01,0.208,1.29
40.0,5.0,1.5,2.5,4.5,0.4,1200,0.2,223,85.2,64.26,0.24,1.39,0.288,20.0,46.42,0.208,1.28
45.0,5.0,1.5,2.5,3.0,0.4,3600,0.8,197,79.7,56.65,0.37,1.45,0.288,15.94,40.89,0.208,1.32
40.0,5.0,1.5,2.5,3.0,0.4,1200,0.2,223,85.2,63.94,0.24,1.39,0.287,20.0,46.1,0.207,1.28
40.0,5.0,1.5,2.5,3.0,0.8,14400,0.8,222,85.1,63.82,0.24,1.4,0.287,18.75,46.06,0.207,1.28
45.0,4.0,1.5,2.5,4.5,0.4,2400,0.2,175,81.7,50.31,0.31,1.39,0.287,18.71,36.31,0.207,1.28
45.0,4.0,1.5,2.5,4.5,0.4,3600,0.2,175,81.7,50.2,0.31,1.39,0.287,18.71,36.2,0.207,1.28
45.0,5.0,1.5,2.5,3.0,0.6,3600,0.4,170,85.3,48.85,0.24,1.39,0.287,24.41,35.25,0.207,1.28
45.0,5.0,1.5,2.5,4.5,0.6,1200,0.2,170,84.7,48.78,0.25,1.39,0.287,23.0,35.18,0.207,1.28
45.0,4.0,1.5,2.5,3.0,0.4,2400,0.2,175,81.7,49.97,0.31,1.39,0.286,18.71,35.97,0.206,1.28
45.0,5.0,1.5,2.5,4.5,0.6,2400,0.4,172,84.3,49.27,0.26,1.39,0.286,24.98,35.51,0.206,1.28
50.0,4.0,1.5,2.5,3.0,0.6,7200,0.2,96,81.2,27.42,0.32,1.38,0.286,15.15,19.74,0.206,1.27
50.0,4.0,1.5,2.5,3.0,0.6,7200,0.4,96,81.2,27.42,0.32,1.38,0.286,15.15,19.74,0.206,1.27
50.0,4.0,1.5,2.5,3.0,0.6,14400,0.2,96,81.2,27.41,0.32,1.38,0.286,15.15,19.73,0.206,1.27
50.0,4.0,1.5,2.5,3.0,0.6,14400,0.4,96,81.2,27.41,0.32,1.38,0.286,15.15,19.73,0.206,1.27
50.0,4.0,1.5,2.5,3.0,0.8,7200,0.2,96,81.2,27.45,0.32,1.38,0.286,14.99,19.77,0.206,1.27
50.0,4.0,1.5,2.5,3.0,0.8,7200,0.4,96,81.2,27.45,0.32,1.38,0.286,14.99,19.77,0.206,1.27
40.0,4.0,1.5,2.5,4.5,0.8,14400,0.8,236,81.4,67.32,0.32,1.39,0.285,15.89,48.44,0.205,1.28
40.0,5.0,1.0,2.5,3.0,0.4,14400,0.8,226,85.8,64.34,0.23,1.4,0.285,18.69,46.26,0.205,1.28
45.0,4.0,1.5,2.5,3.0,0.4,3600,0.2,175,81.7,49.93,0.31,1.39,0.285,18.71,35.93,0.205,1.28
45.0,5.0,1.5,2.5,4.5,0.8,14400,0.8,170,84.7,48.45,0.25,1.39,0.285,23.02,34.85,0.205,1.27
50.0,4.0,1.5,2.5,4.5,0.6,2400,0.2,96,81.2,27.34,0.32,1.38,0.285,14.76,19.66,0.205,1.27
45.0,5.0,1.5,2.5,3.0,0.6,1200,0.2,170,84.7,48.33,0.25,1.39,0.284,23.0,34.73,0.204,1.27
45.0,5.0,1.5,2.5,3.0,0.8,14400,0.2,169,85.2,47.95,0.24,1.38,0.284,23.07,34.43,0.204,1.27
45.0,5.0,1.5,2.5,3.0,0.8,14400,0.4,169,85.2,47.95,0.24,1.38,0.284,23.07,34.43,0.204,1.27
45.0,5.0,1.5,2.5,3.0,0.8,,0.4,169,85.2,47.96,0.24,1.38,0.284,21.64,34.44,0.204,1.27
45.0,5.0,1.5,2.5,4.5,0.4,1200,0.4,182,81.9,51.69,0.32,1.43,0.284,21.77,37.13,0.204,1.3
50.0,5.0,1.5,2.5,4.5,0.4,2400,0.2,91,83.5,25.84,0.27,1.34,0.284,16.19,18.56,0.204,1.24
50.0,5.0,1.5,2.5,4.5,0.4,3600,0.2,91,83.5,25.88,0.27,1.35,0.284,16.19,18.6,0.204,1.24
45.0,4.0,1.5,2.5,4.5,0.6,14400,0.2,174,81.6,49.3,0.31,1.39,0.283,18.28,35.38,0.203,1.27
45.0,4.0,1.5,2.5,4.5,0.6,14400,0.4,174,81.6,49.3,0.31,1.39,0.283,18.28,35.38,0.203,1.27
45.0,5.0,1.5,2.5,3.0,0.6,2400,0.4,172,84.3,48.68,0.26,1.39,0.283,24.98,34.93,0.203,1.27
45.0,5.0,1.5,2.5,4.5,0.8,,0.4,168,85.1,47.6,0.24,1.38,0.283,23.31,34.16,0.203,1.27
50.0,4.0,1.5,2.5,3.0,0.6,,0.4,96,81.2,27.17,0.32,1.38,0.283,15.15,19.49,0.203,1.27
45.0,4.0,1.5,2.5,3.0,0.6,,0.4,174,81.6,49.03,0.31,1.38,0.282,18.28,35.11,0.202,1.27
45.0,5.0,0.7,2.5,4.5,0.4,,0.4,169,85.2,47.6,0.25,1.44,0.282,18.06,34.08,0.202,1.31
45.0,5.0,1.5,2.5,3.0,0.4,1200,0.4,182,81.9,51.38,0.32,1.42,0.282,21.77,36.83,0.202,1.3
50.0,5.0,1.5,2.5,4.5,0.8,14400,0.2,90,83.3,25.42,0.27,1.34,0.282,14.83,18.22,0.202,1.24
50.0,5.0,1.5,2.5,4.5,0.8,14400,0.4,90,83.3,25.42,0.27,1.34,0.282,14.83,18.22,0.202,1.24
40.0,5.0,1.0,2.5,3.0,0.4,7200,0.2,226,85.8,63.58,0.23,1.4,0.281,19.01,45.5,0.201,1.28
40.0,5.0,1.0,2.5,3.0,0.4,7200,0.4,226,85.8,63.58,0.23,1.4,0.281,19.01,45.5,0.201,1.28
40.0,5.0,1.5,2.5,3.0,0.8,7200,0.2,222,85.6,62.33,0.23,1.39,0.281,19.97,44.57,0.201,1.27
40.0,5.0,1.5,2.5,3.0,0.8,7200,0.4,222,85.6,62.33,0.23,1.39,0.281,19.97,44.57,0.201,1.27
45.0,4.0,1.5,2.5,3.0,0.6,14400,0.2,174,81.6,48.83,0.31,1.38,0.281,18.28,34.91,0.201,1.27
45.0,4.0,1.5,2.5,3.0,0.6,14400,0.4,174,81.6,48.83,0.31,1.38,0.281,18.28,34.91,0.201,1.27
45.0,4.0,1.5,2.5,4.5,0.4,1200,0.2,176,81.2,49.4,0.32,1.39,0.281,18.71,35.32,0.201,1.27
45.0,5.0,0.7,2.5,3.0,0.4,,0.4,170,85.3,47.7,0.25,1.44,0.281,17.24,34.1,0.201,1.31
45.0,5.0,1.0,2.5,4.5,0.4,14400,0.2,174,85.6,48.95,0.23,1.39,0.281,22.19,35.03,0.201,1.28
45.0,5.0,1.0,2.5,4.5,0.4,14400,0.4,174,85.6,48.95,0.23,1.39,0.281,22.19,35.03,0.201,1.28
45.0,5.0,1.5,2.5,4.5,0.6,7200,0.8,175,82.9,49.14,0.29,1.39,0.281,23.0,35.14,0.201,1.27
45.0,5.0,1.5,2.5,4.5,0.8,7200,0.2,169,85.2,47.42,0.24,1.38,0.281,23.8,33.9,0.201,1.27
45.0,5.0,1.5,2.5,4.5,0.8,7200,0.4,169,85.2,47.42,0.24,1.38,0.281,23.8,33.9,0.201,1.27
50.0,4.0,1.5,2.5,4.5,0.6,3600,0.2,96,81.2,26.96,0.32,1.37,0.281,14.76,19.28,0.201,1.26
50.0,5.0,1.5,2.5,3.0,0.4,3600,0.2,91,83.5,25.57,0.26,1.34,0.281,16.56,18.29,0.201,1.24
40.0,5.0,1.0,2.5,4.5,0.6,14400,0.2,226,85.8,63.2,0.23,1.39,0.28,16.9,45.12,0.2,1.28
40.0,5.0,1.0,2.5,4.5,0.6,14400,0.4,226,85.8,63.2,0.23,1.39,0.28,16.9,45.12,0.2,1.28
45.0,2.0,1.5,2.5,4.5,0.4,2400,0.4,235,71.1,65.71,0.61,1.5,0.28,9.39,46.91,0.2,1.34
45.0,4.0,1.5,2.5,4.5,0.6,7200,0.2,174,81.6,48.74,0.31,1.38,0.28,18.28,34.82,0.2,1.27
45.0,4.0,1.5,2.5,4.5,0.6,7200,0.4,174,81.6,48.74,0.31,1.38,0.28,18.28,34.82,0.2,1.27
50.0,5.0,1.5,2.5,3.0,0.4,2400,0.2,91,83.5,25.45,0.26,1.34,0.28,16.56,18.17,0.2,1.24
40.0,4.0,1.5,2.5,3.0,0.8,14400,0.2,236,81.8,65.92,0.31,1.38,0.279,16.26,47.04,0.199,1.27
40.0,4.0,1.5,2.5,3.0,0.8,14400,0.4,236,81.8,65.92,0.31,1.38,0.279,16.26,47.04,0.199,1.27
45.0,4.0,1.5,2.5,3.0,0.4,1200,0.2,176,81.2,49.1,0.32,1.38,0.279,18.71,35.02,0.199,1.27
45.0,4.0,1.5,2.5,3.0,0.6,7200,0.2,174,81.6,48.35,0.31,1.38,0.278,18.28,34.43,0.198,1.26
45.0,4.0,1.5,2.5,3.0,0.6,7200,0.4,174,81.6,48.35,0.31,1.38,0.278,18.28,34.43,0.198,1.26
45.0,4.0,1.5,2.5,4.5,0.8,14400,0.2,174,81.6,48.3,0.31,1.38,0.278,19.27,34.38,0.198,1.26
45.0,4.0,1.5,2.5,4.5,0.8,14400,0.4,174,81.6,48.3,0.31,1.38,0.278,19.27,34.38,0.198,1.26
45.0,5.0,1.5,2.5,3.0,0.6,7200,0.8,175,82.9,48.69,0.29,1.39,0.278,23.0,34.69,0.198,1.27
40.0,4.0,1.5,2.5,4.5,0.4,,0.4,238,81.1,65.95,0.32,1.37,0.277,18.17,46.91,0.197,1.26
40.0,5.0,1.0,2.5,4.5,0.6,,0.4,223,85.7,61.86,0.23,1.39,0.277,18.79,44.02,0.197,1.27
45.0,2.0,1.5,2.5,3.0,0.4,2400,0.4,235,71.1,65.12,0.61,1.49,0.277,9.39,46.32,0.197,1.34
45.0,4.0,1.5,2.5,4.5,0.4,7200,0.8,182,79.7,50.35,0.35,1.39,0.277,18.71,35.79,0.197,1.27
45.0,5.0,1.0,2.5,3.0,0.4,14400,0.2,174,85.6,48.23,0.23,1.39,0.277,22.19,34.31,0.197,1.27
45.0,5.0,1.0,2.5,3.0,0.4,14400,0.4,174,85.6,48.23,0.23,1.39,0.277,22.19,34.31,0.197,1.27
45.0,5.0,1.0,2.5,4.5,0.4,14400,0.8,174,85.6,48.19,0.23,1.39,0.277,22.94,34.27,0.197,1.27
50.0,4.0,1.5,2.5,3.0,0.6,2400,0.2,96,81.2,26.58,0.32,1.37,0.277,15.14,18.9,0.197,1.26
40.0,5.0,1.0,2.5,3.0,0.6,,0.4,224,85.7,61.75,0.23,1.39,0.276,17.85,43.83,0.196,1.27
40.0,5.0,1.0,2.5,4.5,0.6,14400,0.8,226,85.8,62.45,0.23,1.39,0.276,17.65,44.37,0.196,1.27
40.0,5.0,1.5,2.5,4.5,0.8,3600,0.2,222,85.6,61.32,0.23,1.38,0.276,20.52,43.57,0.196,1.27
45.0,4.0,1.5,2.5,4.5,0.6,,0.4,173,81.5,47.77,0.31,1.37,0.276,18.28,33.93,0.196,1.26
45.0,5.0,1.0,2.5,4.5,0.4,7200,0.2,174,85.6,48.03,0.23,1.38,0.276,22.2,34.11,0.196,1.27
45.0,5.0,1.0,2.5,4.5,0.4,7200,0.4,174,85.6,48.03,0.23,1.38,0.276,22.2,34.11,0.196,1.27
45.0,5.0,1.5,2.5,3.0,0.8,14400,0.8,170,84.7,46.91,0.25,1.37,0.276,23.07,33.31,0.196,1.26
50.0,4.0,1.5,2.5,4.5,0.6,1200,0.2,98,80.6,27.09,0.33,1.38,0.276,14.76,19.25,0.196,1.26
40.0,5.0,1.5,2.5,4.5,0.8,3600,0.4,223,85.7,61.33,0.23,1.38,0.275,20.51,43.49,0.195,1.27
45.0,4.0,1.5,2.5,4.5,0.6,14400,0.8,175,81.1,48.14,0.32,1.38,0.275,18.28,34.15,0.195,1.26
50.0,5.0,1.5,2.5,3.0,0.8,14400,0.2,90,83.3,24.78,0.27,1.33,0.275,15.2,17.58,0.195,1.23
50.0,5.0,1.5,2.5,3.0,0.8,14400,0.4,90,83.3,24.78,0.27,1.33,0.275,15.2,17.58,0.195,1.23
45.0,2.0,1.5,2.5,4.5,0.4,,0.4,231,70.1,63.35,0.62,1.46,0.274,10.63,44.87,0.194,1.31
45.0,4.0,0.7,2.5,4.5,0.4,7200,0.2,191,84.8,52.41,0.27,1.5,0.274,12.8,37.13,0.194,1.35
45.0,4.0,0.7,2.5,4.5,0.4,7200,0.4,191,84.8,52.41,0.27,1.5,0.274,12.8,37.13,0.194,1.35
45.0,4.0,1.5,2.5,3.0,0.4,7200,0.8,182,79.7,49.81,0.35,1.39,0.274,18.71,35.25,0.194,1.27
50.0,4.0,1.5,2.5,3.0,0.6,3600,0.2,96,81.2,26.33,0.32,1.37,0.274,15.14,18.65,0.194,1.25
50.0,4.0,1.5,2.5,4.5,0.6,,0.4,95,81.1,26.02,0.32,1.36,0.274,14.78,18.42,0.194,1.25
50.0,4.0,1.5,2.5,4.5,0.8,3600,0.2,96,81.2,26.29,0.32,1.37,0.274,14.64,18.61,0.194,1.25
40.0,4.0,1.5,2.5,3.0,0.8,14400,0.8,237,81.4,64.77,0.31,1.38,0.273,16.26,45.81,0.193,1.26
40.0,4.0,1.5,2.5,4.5,0.4,14400,0.2,238,81.1,65.07,0.32,1.36,0.273,18.17,46.03,0.193,1.25
40.0,4.0,1.5,2.5,4.5,0.4,14400,0.4,238,81.1,65.07,0.32,1.36,0.273,18.17,46.03,0.193,1.25
40.0,5.0,1.5,2.5,4.5,0.6,2400,0.4,226,84.1,61.63,0.26,1.38,0.273,21.66,43.55,0.193,1.27
45.0,2.0,1.5,2.5,3.0,0.4,,0.4,232,70.3,63.3,0.62,1.46,0.273,10.52,44.74,0.193,1.31
45.0,5.0,1.0,2.5,3.0,0.4,7200,0.2,174,85.6,47.47,0.23,1.38,0.273,22.2,33.55,0.193,1.26
45.0,5.0,1.0,2.5,3.0,0.4,7200,0.4,174,85.6,47.47,0.23,1.38,0.273,22.2,33.55,0.193,1.26
45.0,5.0,1.0,2.5,3.0,0.4,14400,0.8,174,85.6,47.48,0.23,1.38,0.273,22.94,33.56,0.193,1.26
45.0,5.0,1.5,2.5,3.0,0.8,7200,0.2,169,85.2,46.14,0.24,1.37,0.273,23.62,32.62,0.193,1.26
45.0,5.0,1.5,2.5,3.0,0.8,7200,0.4,169,85.2,46.14,0.24,1.37,0.273,23.62,32.62,0.193,1.26
50.0,5.0,1.5,2.5,4.5,0.8,7200,0.2,90,83.3,24.61,0.27,1.33,0.273,15.61,17.41,0.193,1.23
50.0,5.0,1.5,2.5,4.5,0.8,7200,0.4,90,83.3,24.61,0.27,1.33,0.273,15.61,17.41,0.193,1.23
40.0,4.0,1.5,2.5,4.5,0.8,7200,0.2,236,81.8,64.25,0.31,1.37,0.272,16.6,45.37,0.192,1.26
40.0,4.0,1.5,2.5,4.5,0.8,7200,0.4,236,81.8,64.25,0.31,1.37,0.272,16.6,45.37,0.192,1.26
40.0,5.0,1.0,2.5,3.0,0.6,14400,0.2,226,85.8,61.56,0.23,1.38,0.272,17.37,43.48,0.192,1.27
40.0,5.0,1.0,2.5,3.0,0.6,14400,0.4,226,85.8,61.56,0.23,1.38,0.272,17.37,43.48,0.192,1.27
45.0,4.0,0.7,2.5,3.0,0.4,7200,0.2,191,84.8,51.86,0.27,1.5,0.272,12.8,36.58,0.192,1.34
45.0,4.0,0.7,2.5,3.0,0.4,7200,0.4,191,84.8,51.86,0.27,1.5,0.272,12.8,36.58,0.192,1.34
45.0,4.0,1.5,2.5,3.0,0.6,14400,0.8,175,81.1,47.68,0.32,1.37,0.272,18.28,33.68,0.192,1.26
50.0,4.0,0.7,2.5,3.0,0.4,,0.4,97,81.4,26.42,0.33,1.44,0.272,13.11,18.66,0.192,1.3
50.0,5.0,1.5,2.5,4.5,0.4,14400,0.8,92,81.5,25.03,0.3,1.33,0.272,16.19,17.67,0.192,1.23
40.0,4.0,1.5,2.5,3.0,0.4,,0.4,239,81.2,64.67,0.32,1.36,0.271,18.17,45.55,0.191,1.25
40.0,5.0,1.5,2.5,4.5,0.8,7200,0.8,227,83.7,61.62,0.27,1.38,0.271,19.55,43.46,0.191,1.26
45.0,2.0,1.5,2.5,4.5,0.4,7200,0.2,231,70.1,62.54,0.62,1.45,0.271,11.51,44.06,0.191,1.31
45.0,2.0,1.5,2.5,4.5,0.4,7200,0.4,231,70.1,62.54,0.62,1.45,0.271,11.51,44.06,0.191,1.31
45.0,4.0,0.7,2.5,4.5,0.4,7200,0.8,196,82.7,53.09,0.32,1.52,0.271,12.8,37.41,0.191,1.36
45.0,4.0,0.7,2.5,4.5,0.4,,0.4,174,81.6,47.08,0.32,1.44,0.271,14.07,33.16,0.191,1.3
45.0,4.0,1.5,2.5,4.5,0.4,3600,0.4,176,81.2,47.68,0.32,1.37,0.271,18.71,33.6,0.191,1.26
50.0,4.0,1.5,2.5,3.0,0.6,1200,0.2,98,80.6,26.56,0.33,1.37,0.271,15.14,18.72,0.191,1.25
50.0,5.0,1.5,2.5,3.0,0.8,,0.4,90,83.3,24.42,0.27,1.33,0.271,14.73,17.22,0.191,1.23
40.0,4.0,1.5,2.5,4.5,0.4,14400,0.8,239,80.8,64.44,0.32,1.36,0.27,18.17,45.32,0.19,1.25
40.0,5.0,1.0,1.5,4.5,0.4,14400,0.2,226,85.8,61.1,0.23,1.38,0.27,18.08,43.02,0.19,1.26
40.0,5.0,1.0,1.5,4.5,0.4,14400,0.4,226,85.8,61.1,0.23,1.38,0.27,18.08,43.02,0.19,1.26
40.0,5.0,1.5,2.5,3.0,0.6,2400,0.4,226,84.1,61.08,0.26,1.38,0.27,21.66,43.0,0.19,1.26
40.0,5.0,1.5,2.5,3.0,0.8,3600,0.2,222,85.6,59.93,0.23,1.37,0.27,20.52,42.17,0.19,1.26
45.0,2.0,1.5,2.5,4.5,0.4,14400,0.2,231,70.1,62.32,0.62,1.45,0.27,11.65,43.84,0.19,1.31
45.0,2.0,1.5,2.5,4.5,0.4,14400,0.4,231,70.1,62.32,0.62,1.45,0.27,11.65,43.84,0.19,1.31
45.0,2.0,1.5,2.5,4.5,0.8,14400,0.2,230,70.0,62.04,0.62,1.45,0.27,11.25,43.64,0.19,1.3
45.0,2.0,1.5,2.5,4.5,0.8,14400,0.4,230,70.0,62.04,0.62,1.45,0.27,11.25,43.64,0.19,1.3
45.0,4.0,0.7,2.5,3.0,0.4,,0.4,175,81.7,47.2,0.32,1.44,0.27,14.07,33.2,0.19,1.3
45.0,5.0,1.5,2.5,4.5,0.4,2400,0.8,209,77.0,56.39,0.44,1.48,0.27,10.76,39.68,0.19,1.33
50.0,5.0,1.5,2.5,3.0,0.4,14400,0.8,92,81.5,24.8,0.3,1.33,0.27,16.56,17.44,0.19,1.23
40.0,4.0,1.5,2.5,4.5,0.4,7200,0.2,238,81.1,64.0,0.32,1.36,0.269,18.34,44.96,0.189,1.24
40.0,4.0,1.5,2.5,4.5,0.4,7200,0.4,238,81.1,64.0,0.32,1.36,0.269,18.34,44.96,0.189,1.24
40.0,5.0,1.0,2.5,3.0,0.6,14400,0.8,226,85.8,60.8,0.23,1.38,0.269,18.12,42.72,0.189,1.26
40.0,5.0,1.5,2.5,3.0,0.8,3600,0.4,223,85.7,59.94,0.23,1.37,0.269,20.51,42.1,0.189,1.26
45.0,4.0,1.5,2.5,3.0,0.4,3600,0.4,176,81.2,47.41,0.32,1.37,0.269,18.71,33.33,0.189,1.26
45.0,4.0,1.5,2.5,4.5,0.8,14400,0.8,175,81.1,47.15,0.32,1.37,0.269,19.27,33.15,0.189,1.25
50.0,4.0,0.7,2.5,4.5,0.4,,0.4,96,81.2,25.83,0.33,1.43,0.269,12.74,18.15,0.189,1.29
50.0,5.0,1.5,2.5,4.5,0.6,2400,0.2,90,83.3,24.18,0.26,1.32,0.269,15.76,16.98,0.189,1.22
40.0,5.0,1.0,1.5,4.5,0.4,,0.4,223,85.7,59.86,0.23,1.37,0.268,20.62,42.02,0.188,1.26
40.0,5.0,1.0,2.5,4.5,0.4,7200,0.8,231,84.4,61.86,0.26,1.38,0.268,21.31,43.38,0.188,1.26
45.0,4.0,0.7,2.5,3.0,0.4,7200,0.8,196,82.7,52.54,0.32,1.51,0.268,12.8,36.87,0.188,1.35
45.0,5.0,1.5,2.5,3.0,0.4,2400,0.8,209,77.0,56.05,0.44,1.48,0.268,10.76,39.33,0.188,1.32
50.0,4.0,1.5,2.5,4.5,0.8,2400,0.2,96,81.2,25.75,0.31,1.36,0.268,14.64,18.07,0.188,1.25
50.0,5.0,1.5,2.5,4.5,0.4,3600,0.4,91,83.5,24.43,0.26,1.33,0.268,16.19,17.15,0.188,1.23
50.0,5.0,1.5,2.5,4.5,0.6,7200,0.2,90,83.3,24.13,0.26,1.32,0.268,15.78,16.93,0.188,1.22
50.0,5.0,1.5,2.5,4.5,0.6,7200,0.4,90,83.3,24.13,0.26,1.32,0.268,15.78,16.93,0.188,1.22
50.0,5.0,1.5,2.5,4.5,0.6,14400,0.2,90,83.3,24.09,0.26,1.32,0.268,15.78,16.9,0.188,1.22
50.0,5.0,1.5,2.5,4.5,0.6,14400,0.4,90,83.3,24.09,0.26,1.32,0.268,15.78,16.9,0.188,1.22
40.0,5.0,1.0,1.5,4.5,0.4,14400,0.8,226,85.8,60.35,0.23,1.38,0.267,18.83,42.27,0.187,1.26
45.0,2.0,1.5,2.5,3.0,0.4,7200,0.2,231,70.1,61.79,0.62,1.45,0.267,11.51,43.31,0.187,1.3
45.0,2.0,1.5,2.5,3.0,0.4,7200,0.4,231,70.1,61.79,0.62,1.45,0.267,11.51,43.31,0.187,1.3
45.0,2.0,1.5,2.5,4.5,0.4,3600,0.4,232,70.7,61.98,0.6,1.46,0.267,10.48,43.42,0.187,1.31
45.0,2.0,1.5,2.5,4.5,0.8,,0.4,230,70.0,61.46,0.62,1.45,0.267,11.26,43.06,0.187,1.3
45.0,4.0,0.7,2.5,4.5,0.4,14400,0.2,186,83.3,49.59,0.29,1.46,0.267,14.07,34.71,0.187,1.32
45.0,4.0,0.7,2.5,4.5,0.4,14400,0.4,186,83.3,49.59,0.29,1.46,0.267,14.07,34.71,0.187,1.32
50.0,4.0,1.5,2.5,3.0,0.8,3600,0.2,96,81.2,25.64,0.31,1.36,0.267,15.02,17.96,0.187,1.24
40.0,5.0,1.0,2.5,4.5,0.4,3600,0.2,226,85.8,60.14,0.23,1.38,0.266,19.33,42.06,0.186,1.26
45.0,2.0,1.5,2.5,3.0,0.4,14400,0.2,231,70.1,61.41,0.62,1.45,0.266,11.65,42.93,0.186,1.3
45.0,2.0,1.5,2.5,3.0,0.4,14400,0.4,231,70.1,61.41,0.62,1.45,0.266,11.65,42.93,0.186,1.3
45.0,2.0,1.5,2.5,4.5,0.4,14400,0.8,232,69.8,61.7,0.62,1.45,0.266,12.17,43.14,0.186,1.3
45.0,2.0,1.5,2.5,4.5,0.6,2400,0.4,234,70.9,62.23,0.6,1.47,0.266,9.59,43.52,0.186,1.32
45.0,4.0,1.5,2.5,3.0,0.8,14400,0.2,174,81.6,46.23,0.31,1.36,0.266,19.27,32.31,0.186,1.25
45.0,4.0,1.5,2.5,3.0,0.8,14400,0.4,174,81.6,46.23,0.31,1.36,0.266,19.27,32.31,0.186,1.25
50.0,4.0,1.5,2.5,4.5,0.6,3600,0.4,96,81.2,25.51,0.31,1.35,0.266,14.76,17.83,0.186,1.24
50.0,4.0,1.5,2.5,4.5,0.8,14400,0.8,97,79.4,25.85,0.35,1.36,0.266,13.83,18.09,0.186,1.24
50.0,5.0,1.5,2.5,4.5,0.4,1200,0.2,91,83.5,24.19,0.26,1.32,0.266,16.19,16.91,0.186,1.22
40.0,5.0,1.0,2.5,4.5,0.4,3600,0.4,227,85.9,60.19,0.23,1.38,0.265,19.27,42.03,0.185,1.26
40.0,5.0,1.5,2.5,4.5,0.4,2400,0.8,276,76.8,73.13,0.45,1.49,0.265,14.09,51.05,0.185,1.33
40.0,5.0,1.5,2.5,4.5,0.6,3600,0.8,256,79.7,67.74,0.36,1.43,0.265,16.35,47.27,0.185,1.29
45.0,2.0,1.5,2.5,3.0,0.4,3600,0.4,232,70.7,61.51,0.6,1.45,0.265,10.48,42.95,0.185,1.3
45.0,4.0,0.7,2.5,4.5,0.4,14400,0.8,186,83.3,49.35,0.29,1.46,0.265,14.07,34.47,0.185,1.31
50.0,5.0,1.5,2.5,3.0,0.4,3600,0.4,91,83.5,24.11,0.26,1.32,0.265,16.56,16.83,0.185,1.22
40.0,4.0,1.5,2.5,3.0,0.4,14400,0.2,238,81.1,62.93,0.31,1.35,0.264,18.17,43.89,0.184,1.24
40.0,4.0,1.5,2.5,3.0,0.4,14400,0.4,238,81.1,62.93,0.31,1.35,0.264,18.17,43.89,0.184,1.24
40.0,4.0,1.5,2.5,3.0,0.8,7200,0.2,237,81.9,62.62,0.3,1.36,0.264,16.6,43.66,0.184,1.25
40.0,4.0,1.5,2.5,3.0,0.8,7200,0.4,237,81.9,62.62,0.3,1.36,0.264,16.6,43.66,0.184,1.25
40.0,5.0,1.0,1.5,4.5,0.4,7200,0.2,226,85.8,59.6,0.23,1.37,0.264,19.23,41.52,0.184,1.26
40.0,5.0,1.0,1.5,4.5,0.4,7200,0.4,226,85.8,59.6,0.23,1.37,0.264,19.23,41.52,0.184,1.26
45.0,2.0,1.5,2.5,3.0,0.6,,0.4,231,70.1,61.05,0.61,1.44,0.264,11.52,42.57,0.184,1.3
45.0,2.0,1.5,2.5,4.5,0.4,2400,0.2,231,70.6,60.95,0.6,1.45,0.264,9.39,42.47,0.184,1.3
45.0,2.0,1.5,2.5,4.5,0.8,14400,0.8,231,69.7,60.89,0.63,1.44,0.264,11.25,42.41,0.184,1.29
45.0,5.0,1.5,2.5,4.5,0.8,3600,0.2,169,85.2,44.55,0.24,1.36,0.264,23.44,31.03,0.184,1.24
50.0,5.0,1.5,2.5,3.0,0.8,7200,0.2,90,83.3,23.72,0.26,1.32,0.264,15.99,16.52,0.184,1.22
50.0,5.0,1.5,2.5,3.0,0.8,7200,0.4,90,83.3,23.72,0.26,1.32,0.264,15.99,16.52,0.184,1.22
50.0,5.0,1.5,2.5,4.5,0.6,3600,0.2,90,83.3,23.8,0.26,1.32,0.264,15.76,16.6,0.184,1.22
40.0,5.0,1.0,2.5,4.5,0.8,14400,0.2,223,85.7,58.69,0.23,1.37,0.263,16.74,40.85,0.183,1.25
40.0,5.0,1.0,2.5,4.5,0.8,14400,0.4,223,85.7,58.69,0.23,1.37,0.263,16.74,40.85,0.183,1.25
40.0,5.0,1.5,2.5,3.0,0.8,7200,0.8,228,83.8,60.06,0.27,1.37,0.263,19.92,41.82,0.183,1.25
45.0,4.0,0.7,2.5,3.0,0.4,14400,0.2,186,83.3,48.89,0.29,1.46,0.263,14.07,34.01,0.183,1.31
45.0,4.0,0.7,2.5,3.0,0.4,14400,0.4,186,83.3,48.89,0.29,1.46,0.263,14.07,34.01,0.183,1.31
45.0,4.0,1.5,2.5,4.5,0.6,3600,0.2,174,81.6,45.75,0.31,1.36,0.263,18.28,31.83,0.183,1.24
45.0,5.0,1.5,2.5,4.5,0.6,1200,0.8,248,73.4,65.22,0.64,1.75,0.263,10.25,45.38,0.183,1.49
45.0,5.0,1.5,2.5,4.5,0.8,2400,0.2,169,85.2,44.51,0.24,1.36,0.263,23.4,30.99,0.183,1.24
50.0,5.0,1.5,2.5,3.0,0.6,7200,0.2,90,83.3,23.63,0.26,1.32,0.263,16.15,16.43,0.183,1.22
50.0,5.0,1.5,2.5,3.0,0.6,7200,0.4,90,83.3,23.63,0.26,1.32,0.263,16.15,16.43,0.183,1.22
50.0,5.0,1.5,2.5,3.0,0.6,14400,0.2,90,83.3,23.63,0.26,1.32,0.263,16.15,16.43,0.183,1.22
50.0,5.0,1.5,2.5,3.0,0.6,14400,0.4,90,83.3,23.63,0.26,1.32,0.263,16.15,16.43,0.183,1.22
50.0,5.0,1.5,2.5,4.5,0.8,,0.4,89,83.1,23.37,0.27,1.31,0.263,14.36,16.25,0.183,1.21
40.0,4.0,1.5,2.5,3.0,0.4,7200,0.2,238,81.1,62.31,0.31,1.35,0.262,18.34,43.27,0.182,1.24
40.0,4.0,1.5,2.5,3.0,0.4,7200,0.4,238,81.1,62.31,0.31,1.35,0.262,18.34,43.27,0.182,1.24
40.0,5.0,1.0,1.5,3.0,0.4,,0.4,224,85.7,58.66,0.23,1.37,0.262,20.06,40.74,0.182,1.25
40.0,5.0,1.5,2.5,3.0,0.4,2400,0.8,276,76.8,72.4,0.45,1.48,0.262,14.09,50.32,0.182,1.32
45.0,2.0,1.5,2.5,3.0,0.4,14400,0.8,232,69.8,60.79,0.62,1.44,0.262,12.17,42.23,0.182,1.29
45.0,2.0,1.5,2.5,4.5,0.6,,0.4,230,70.0,60.36,0.62,1.44,0.262,11.52,41.96,0.182,1.29
45.0,4.0,0.7,2.5,3.0,0.4,14400,0.8,186,83.3,48.64,0.29,1.45,0.262,14.07,33.76,0.182,1.31
45.0,4.0,1.5,2.5,4.5,0.8,7200,0.2,174,81.6,45.67,0.31,1.36,0.262,19.27,31.75,0.182,1.24
45.0,4.0,1.5,2.5,4.5,0.8,7200,0.4,174,81.6,45.67,0.31,1.36,0.262,19.27,31.75,0.182,1.24
50.0,5.0,1.5,2.5,3.0,0.4,1200,0.2,91,83.5,23.8,0.26,1.32,0.262,16.56,16.52,0.182,1.22
50.0,5.0,1.5,2.5,3.0,0.6,,0.4,90,83.3,23.57,0.26,1.31,0.262,16.15,16.37,0.182,1.21
50.0,5.0,1.5,2.5,4.5,0.8,3600,0.2,90,83.3,23.56,0.26,1.31,0.262,15.64,16.36,0.182,1.21
40.0,4.0,1.5,2.5,3.0,0.4,14400,0.8,239,80.8,62.3,0.32,1.35,0.261,18.17,43.18,0.181,1.23
40.0,5.0,1.0,1.5,3.0,0.4,14400,0.2,226,85.8,58.96,0.23,1.37,0.261,18.45,40.88,0.181,1.25
40.0,5.0,1.0,1.5,3.0,0.4,14400,0.4,226,85.8,58.96,0.23,1.37,0.261,18.45,40.88,0.181,1.25
40.0,5.0,1.0,2.5,3.0,0.4,3600,0.2,226,85.8,59.05,0.23,1.37,0.261,19.33,40.97,0.181,1.25
40.0,5.0,1.0,2.5,3.0,0.4,7200,0.8,231,84.4,60.18,0.25,1.37,0.261,21.31,41.7,0.181,1.25
40.0,5.0,1.5,2.5,3.0,0.6,3600,0.8,256,79.7,66.89,0.36,1.43,0.261,16.35,46.41,0.181,1.29
45.0,2.0,1.5,2.5,3.0,0.4,2400,0.2,231,70.6,60.36,0.6,1.44,0.261,9.39,41.88,0.181,1.3
45.0,2.0,1.5,2.5,3.0,0.6,2400,0.4,234,70.9,61.09,0.6,1.46,0.261,9.59,42.37,0.181,1.31
45.0,2.0,1.5,2.5,3.0,0.8,,0.4,231,70.1,60.38,0.61,1.44,0.261,11.13,41.9,0.181,1.29
45.0,2.0,1.5,2.5,4.5,0.6,14400,0.2,230,70.0,60.06,0.62,1.44,0.261,11.36,41.66,0.181,1.29
45.0,2.0,1.5,2.5,4.5,0.6,14400,0.4,230,70.0,60.06,0.62,1.44,0.261,11.36,41.66,0.181,1.29
45.0,4.0,1.5,2.5,3.0,0.6,3600,0.2,174,81.6,45.35,0.31,1.35,0.261,18.28,31.43,0.181,1.24
45.0,4.0,1.5,2.5,4.5,0.6,2400,0.2,174,81.6,45.39,0.31,1.35,0.261,18.28,31.47,0.181,1.24
45.0,5.0,1.5,2.5,3.0,0.6,1200,0.8,248,73.4,64.76,0.63,1.75,0.261,10.25,44.92,0.181,1.49
40.0,5.0,1.0,2.5,3.0,0.4,3600,0.4,227,85.9,59.1,0.22,1.37,0.26,19.27,40.94,0.18,1.25
40.0,5.0,1.0,2.5,4.5,0.8,14400,0.8,223,85.7,57.93,0.23,1.36,0.26,16.94,40.09,0.18,1.25
45.0,5.0,1.5,2.5,3.0,0.8,3600,0.2,169,85.2,44.02,0.23,1.35,0.26,23.32,30.5,0.18,1.24
50.0,4.0,0.7,2.5,4.5,0.4,7200,0.8,107,82.2,27.87,0.32,1.49,0.26,12.29,19.31,0.18,1.33
50.0,4.0,1.5,2.5,3.0,0.8,2400,0.2,96,81.2,24.96,0.31,1.35,0.26,15.02,17.28,0.18,1.24
50.0,4.0,1.5,2.5,4.5,0.8,1200,0.2,97,80.4,25.23,0.33,1.35,0.26,14.64,17.47,0.18,1.24
50.0,5.0,1.5,2.5,3.0,0.6,2400,0.2,90,83.3,23.42,0.26,1.31,0.26,16.14,16.22,0.18,1.21
40.0,3.0,1.5,2.5,4.5,0.4,,0.4,275,76.4,71.19,0.42,1.37,0.259,16.75,49.19,0.179,1.25
40.0,5.0,1.0,2.5,4.5,0.6,7200,0.2,226,85.8,58.6,0.23,1.37,0.259,19.78,40.52,0.179,1.25
40.0,5.0,1.0,2.5,4.5,0.6,7200,0.4,226,85.8,58.6,0.23,1.37,0.259,19.78,40.52,0.179,1.25
45.0,5.0,1.5,2.5,3.0,0.8,2400,0.2,169,85.2,43.79,0.23,1.35,0.259,23.4,30.27,0.179,1.24
50.0,4.0,1.5,2.5,3.0,0.6,3600,0.4,96,81.2,24.88,0.31,1.35,0.259,15.14,17.2,0.179,1.23
50.0,4.0,1.5,2.5,4.5,0.8,3600,0.4,96,81.2,24.84,0.31,1.34,0.259,14.64,17.16,0.179,1.23
40.0,5.0,1.0,1.5,3.0,0.4,14400,0.8,226,85.8,58.21,0.22,1.36,0.258,19.21,40.13,0.178,1.25
45.0,2.0,1.5,2.5,4.5,0.4,3600,0.2,231,70.1,59.54,0.61,1.43,0.258,11.46,41.06,0.178,1.29
45.0,4.0,0.7,2.5,4.5,0.4,3600,0.2,204,86.8,52.7,0.23,1.51,0.258,15.46,36.38,0.178,1.35
45.0,4.0,1.5,2.5,3.0,0.6,2400,0.2,174,81.6,44.86,0.3,1.35,0.258,18.28,30.94,0.178,1.24
45.0,4.0,1.5,2.5,3.0,0.8,14400,0.8,175,81.1,45.08,0.31,1.35,0.258,19.27,31.08,0.178,1.24
45.0,5.0,1.0,2.5,3.0,0.6,,0.4,169,85.2,43.6,0.23,1.35,0.258,22.04,30.09,0.178,1.24
50.0,4.0,0.7,2.5,3.0,0.4,7200,0.8,107,82.2,27.64,0.32,1.48,0.258,12.41,19.08,0.178,1.32
40.0,5.0,1.0,1.5,4.5,0.6,14400,0.2,226,85.8,58.13,0.22,1.36,0.257,17.19,40.05,0.177,1.25
40.0,5.0,1.0,1.5,4.5,0.6,14400,0.4,226,85.8,58.13,0.22,1.36,0.257,17.19,40.05,0.177,1.25
40.0,5.0,1.0,2.5,4.5,0.4,2400,0.2,226,85.8,58.16,0.22,1.36,0.257,19.07,40.08,0.177,1.25
40.0,5.0,1.0,2.5,4.5,0.8,,0.4,220,85.5,56.64,0.23,1.35,0.257,18.64,39.04,0.177,1.24
45.0,2.0,1.5,2.5,3.0,0.6,14400,0.2,230,70.0,59.02,0.61,1.43,0.257,11.36,40.62,0.177,1.28
45.0,2.0,1.5,2.5,3.0,0.6,14400,0.4,230,70.0,59.02,0.61,1.43,0.257,11.36,40.62,0.177,1.28
45.0,2.0,1.5,2.5,3.0,0.8,14400,0.2,230,70.0,59.07,0.61,1.43,0.257,11.34,40.67,0.177,1.28
45.0,2.0,1.5,2.5,3.0,0.8,14400,0.4,230,70.0,59.07,0.61,1.43,0.257,11.34,40.67,0.177,1.28
45.0,4.0,0.7,2.5,3.0,0.4,3600,0.2,204,86.8,52.43,0.23,1.51,0.257,15.46,36.11,0.177,1.35
50.0,4.0,1.5,2.5,4.5,0.4,7200,0.8,101,78.2,25.93,0.38,1.35,0.257,15.19,17.85,0.177,1.24
50.0,5.0,1.5,2.5,3.0,0.6,3600,0.2,90,83.3,23.17,0.26,1.31,0.257,16.14,15.97,0.177,1.21
40.0,5.0,1.0,1.5,3.0,0.4,7200,0.2,226,85.8,57.91,0.22,1.36,0.256,19.23,39.83,0.176,1.25
40.0,5.0,1.0,1.5,3.0,0.4,7200,0.4,226,85.8,57.91,0.22,1.36,0.256,19.23,39.83,0.176,1.25
40.0,5.0,1.5,2.5,4.5,0.6,1200,0.2,223,85.2,57.05,0.23,1.35,0.256,21.02,39.21,0.176,1.23
40.0,5.0,1.5,2.5,4.5,0.8,2400,0.2,222,85.6,56.9,0.23,1.36,0.256,20.63,39.15,0.176,1.24
45.0,2.0,1.5,2.5,3.0,0.4,3600,0.2,231,70.1,59.07,0.61,1.43,0.256,11.46,40.59,0.176,1.28
45.0,4.0,1.5,2.5,4.5,0.4,2400,0.4,178,80.3,45.52,0.33,1.35,0.256,18.71,31.28,0.176,1.24
45.0,5.0,1.5,2.5,4.5,0.8,2400,0.4,172,84.3,43.96,0.25,1.35,0.256,25.38,30.2,0.176,1.24
45.0,5.0,1.5,2.5,4.5,0.8,3600,0.4,170,85.3,43.48,0.23,1.35,0.256,24.84,29.88,0.176,1.24
50.0,4.0,1.5,2.5,3.0,0.8,14400,0.8,97,79.4,24.84,0.35,1.34,0.256,14.2,17.07,0.176,1.23
50.0,5.0,1.5,2.5,4.5,0.8,2400,0.2,90,83.3,23.02,0.26,1.31,0.256,15.64,15.82,0.176,1.21
40.0,5.0,1.5,2.5,3.0,0.6,1200,0.2,223,85.2,56.79,0.23,1.34,0.255,21.02,38.95,0.175,1.23
45.0,2.0,0.7,2.5,4.5,0.8,14400,0.2,238,72.3,60.66,0.58,1.51,0.255,11.26,41.62,0.175,1.34
45.0,2.0,0.7,2.5,4.5,0.8,14400,0.4,238,72.3,60.66,0.58,1.51,0.255,11.26,41.62,0.175,1.34
45.0,2.0,1.5,2.5,4.5,0.6,3600,0.4,231,70.6,58.86,0.6,1.43,0.255,11.36,40.39,0.175,1.29
45.0,2.0,1.5,2.5,4.5,0.6,14400,0.8,231,69.7,58.91,0.62,1.43,0.255,11.36,40.43,0.175,1.28
45.0,5.0,1.5,2.5,4.5,0.8,7200,0.8,175,82.9,44.66,0.28,1.35,0.255,23.75,30.66,0.175,1.24
50.0,5.0,1.5,2.5,3.0,0.8,3600,0.2,90,83.3,22.91,0.26,1.31,0.255,16.02,15.71,0.175,1.21
40.0,5.0,1.0,1.5,4.5,0.6,14400,0.8,226,85.8,57.38,0.22,1.36,0.254,17.94,39.3,0.174,1.24
40.0,5.0,1.0,2.5,3.0,0.4,2400,0.2,226,85.8,57.43,0.22,1.36,0.254,19.07,39.35,0.174,1.24
40.0,5.0,1.5,2.5,3.0,0.8,2400,0.2,222,85.6,56.32,0.23,1.35,0.254,20.63,38.56,0.174,1.24
45.0,2.0,1.5,2.5,4.5,0.8,2400,0.4,234,70.9,59.34,0.59,1.45,0.254,9.79,40.62,0.174,1.29
45.0,4.0,1.5,2.5,3.0,0.4,2400,0.4,178,80.3,45.18,0.33,1.35,0.254,18.71,30.94,0.174,1.24
45.0,4.0,1.5,2.5,3.0,0.8,7200,0.2,174,81.6,44.24,0.3,1.35,0.254,19.27,30.32,0.174,1.23
45.0,4.0,1.5,2.5,3.0,0.8,7200,0.4,174,81.6,44.24,0.3,1.35,0.254,19.27,30.32,0.174,1.23
45.0,5.0,1.0,2.5,4.5,0.6,,0.4,168,85.1,42.6,0.23,1.34,0.254,23.48,29.16,0.174,1.23
50.0,4.0,1.0,2.5,3.0,0.4,,0.4,97,81.4,24.62,0.31,1.34,0.254,16.03,16.86,0.174,1.23
50.0,4.0,1.5,2.5,3.0,0.4,7200,0.8,101,78.2,25.7,0.38,1.35,0.254,15.56,17.62,0.174,1.23
40.0,5.0,1.0,2.5,3.0,0.6,7200,0.2,226,85.8,57.29,0.22,1.36,0.253,19.78,39.21,0.173,1.24
40.0,5.0,1.0,2.5,3.0,0.6,7200,0.4,226,85.8,57.29,0.22,1.36,0.253,19.78,39.21,0.173,1.24
45.0,2.0,0.7,2.5,4.5,0.8,14400,0.8,238,72.3,60.23,0.58,1.51,0.253,11.51,41.19,0.173,1.33
45.0,2.0,1.5,2.5,4.5,0.4,1200,0.2,232,69.8,58.68,0.62,1.43,0.253,9.9,40.12,0.173,1.28
45.0,5.0,1.0,1.5,4.5,0.4,14400,0.2,174,85.6,43.98,0.23,1.35,0.253,22.22,30.06,0.173,1.24
45.0,5.0,1.0,1.5,4.5,0.4,14400,0.4,174,85.6,43.98,0.23,1.35,0.253,22.22,30.06,0.173,1.24
45.0,5.0,1.5,2.5,3.0,0.8,3600,0.4,170,85.3,42.95,0.23,1.34,0.253,24.73,29.35,0.173,1.23
50.0,4.0,1.5,2.5,3.0,0.8,1200,0.2,97,80.4,24.57,0.33,1.34,0.253,15.02,16.81,0.173,1.23
40.0,3.0,1.5,2.5,3.0,0.4,,0.4,276,76.4,69.63,0.42,1.36,0.252,16.75,47.55,0.172,1.24
40.0,4.0,1.5,2.5,4.5,0.4,3600,0.2,238,81.1,60.0,0.31,1.33,0.252,18.94,40.96,0.172,1.22
45.0,2.0,1.5,2.5,4.5,0.8,7200,0.2,230,70.0,57.92,0.61,1.42,0.252,11.84,39.52,0.172,1.28
45.0,2.0,1.5,2.5,4.5,0.8,7200,0.4,230,70.0,57.92,0.61,1.42,0.252,11.84,39.52,0.172,1.28
45.0,4.0,1.5,2.5,4.5,0.6,1200,0.2,175,81.1,44.17,0.31,1.34,0.252,18.28,30.17,0.172,1.23
45.0,5.0,1.5,2.5,4.5,0.6,1200,0.4,181,81.8,45.64,0.31,1.38,0.252,22.12,31.16,0.172,1.25
45.0,5.0,1.5,2.5,4.5,0.6,3600,0.8,196,79.6,49.36,0.36,1.39,0.252,15.82,33.68,0.172,1.26
45.0,5.0,1.5,2.5,4.5,0.8,1200,0.2,170,84.7,42.86,0.24,1.34,0.252,23.97,29.26,0.172,1.23
50.0,4.0,1.5,2.5,3.0,0.8,3600,0.4,96,81.2,24.18,0.31,1.34,0.252,15.02,16.5,0.172,1.22
50.0,4.0,1.5,2.5,4.5,0.6,14400,0.8,97,79.4,24.4,0.35,1.34,0.252,14.78,16.64,0.172,1.22
50.0,5.0,1.5,2.5,4.5,0.6,1200,0.2,90,83.3,22.64,0.26,1.3,0.252,15.76,15.44,0.172,1.2
40.0,3.0,1.5,2.5,4.5,0.4,14400,0.2,274,76.3,68.79,0.42,1.35,0.251,16.75,46.87,0.171,1.23
40.0,3.0,1.5,2.5,4.5,0.4,14400,0.4,274,76.3,68.79,0.42,1.35,0.251,16.75,46.87,0.171,1.23
40.0,4.0,1.5,2.5,4.5,0.6,14400,0.2,237,81.0,59.6,0.31,1.33,0.251,18.44,40.64,0.171,1.22
40.0,4.0,1.5,2.5,4.5,0.6,14400,0.4,237,81.0,59.6,0.31,1.33,0.251,18.44,40.64,0.171,1.22
40.0,5.0,0.7,2.5,4.5,0.4,,0.4,223,85.7,55.95,0.23,1.38,0.251,17.68,38.11,0.171,1.25
45.0,2.0,1.5,2.5,3.0,0.4,1200,0.2,232,69.8,58.3,0.62,1.43,0.251,9.9,39.74,0.171,1.28
45.0,2.0,1.5,2.5,3.0,0.6,3600,0.4,231,70.6,57.9,0.59,1.43,0.251,11.36,39.42,0.171,1.28
45.0,2.0,1.5,2.5,3.0,0.6,14400,0.8,231,69.7,57.87,0.62,1.42,0.251,11.36,39.39,0.171,1.27
45.0,2.0,1.5,2.5,3.0,0.8,14400,0.8,231,69.7,57.92,0.62,1.42,0.251,11.34,39.44,0.171,1.27
45.0,5.0,1.0,2.5,4.5,0.6,14400,0.2,173,85.5,43.43,0.23,1.35,0.251,22.01,29.59,0.171,1.23
45.0,5.0,1.0,2.5,4.5,0.6,14400,0.4,173,85.5,43.43,0.23,1.35,0.251,22.01,29.59,0.171,1.23
45.0,5.0,1.5,2.5,3.0,0.8,1200,0.2,170,84.7,42.61,0.24,1.34,0.251,23.97,29.01,0.171,1.23
45.0,5.0,1.5,2.5,3.0,0.8,2400,0.4,172,84.3,43.24,0.25,1.34,0.251,25.38,29.48,0.171,1.23
50.0,5.0,1.5,2.5,4.5,0.6,,0.4,89,83.1,22.33,0.26,1.3,0.251,15.78,15.21,0.171,1.2
40.0,3.0,1.5,2.5,4.5,0.4,3600,0.4,275,76.7,68.83,0.41,1.36,0.25,16.75,46.83,0.17,1.24
40.0,4.0,1.5,2.5,4.5,0.8,,0.4,233,81.1,58.2,0.31,1.33,0.25,18.37,39.57,0.17,1.22
40.0,5.0,1.0,1.5,3.0,0.6,14400,0.2,226,85.8,56.49,0.22,1.35,0.25,17.66,38.41,0.17,1.24
40.0,5.0,1.0,1.5,3.0,0.6,14400,0.4,226,85.8,56.49,0.22,1.35,0.25,17.66,38.41,0.17,1.24
40.0,5.0,1.0,1.5,4.5,0.6,,0.4,223,85.7,55.78,0.23,1.35,0.25,20.07,37.94,0.17,1.23
45.0,2.0,1.5,2.5,4.5,0.6,7200,0.2,230,70.0,57.59,0.61,1.42,0.25,11.65,39.19,0.17,1.27
45.0,2.0,1.5,2.5,4.5,0.6,7200,0.4,230,70.0,57.59,0.61,1.42,0.25,11.65,39.19,0.17,1.27
45.0,4.0,1.0,2.5,3.0,0.4,,0.4,175,81.7,43.68,0.3,1.34,0.25,18.75,29.68,0.17,1.23
45.0,4.0,1.0,2.5,4.5,0.4,,0.4,174,81.6,43.44,0.3,1.34,0.25,18.75,29.52,0.17,1.23
45.0,4.0,1.5,2.5,3.0,0.6,1200,0.2,175,81.1,43.76,0.31,1.34,0.25,18.28,29.76,0.17,1.23
45.0,5.0,0.7,2.5,3.0,0.6,,0.4,169,85.2,42.29,0.24,1.39,0.25,16.18,28.77,0.17,1.26
45.0,5.0,1.0,1.5,4.5,0.4,7200,0.2,174,85.6,43.43,0.23,1.35,0.25,22.35,29.51,0.17,1.23
45.0,5.0,1.0,1.5,4.5,0.4,7200,0.4,174,85.6,43.43,0.23,1.35,0.25,22.35,29.51,0.17,1.23
45.0,5.0,1.5,2.5,3.0,0.6,1200,0.4,181,81.8,45.19,0.31,1.37,0.25,22.12,30.71,0.17,1.25
45.0,5.0,1.5,2.5,3.0,0.6,3600,0.8,196,79.6,48.9,0.36,1.39,0.249,15.82,33.22,0.17,1.26
50.0,4.0,0.7,2.5,4.5,0.4,7200,0.2,105,84.8,26.3,0.26,1.44,0.25,12.29,17.9,0.17,1.29
50.0,4.0,0.7,2.5,4.5,0.4,7200,0.4,105,84.8,26.3,0.26,1.44,0.25,12.29,17.9,0.17,1.29
40.0,3.0,1.5,2.5,4.5,0.4,14400,0.8,274,76.3,68.28,0.42,1.35,0.249,16.75,46.36,0.169,1.23
40.0,4.0,1.5,2.5,4.5,0.8,7200,0.8,243,80.2,60.41,0.33,1.35,0.249,16.6,40.98,0.169,1.23
45.0,2.0,1.5,2.5,4.5,0.6,2400,0.2,230,70.4,57.28,0.6,1.42,0.249,9.59,38.88,0.169,1.27
45.0,4.0,0.7,2.5,4.5,0.4,3600,0.4,205,86.3,51.02,0.24,1.5,0.249,15.46,34.62,0.169,1.33
45.0,5.0,1.0,1.5,3.0,0.4,14400,0.2,174,85.6,43.26,0.23,1.35,0.249,22.14,29.34,0.169,1.23
45.0,5.0,1.0,1.5,3.0,0.4,14400,0.4,174,85.6,43.26,0.23,1.35,0.249,22.14,29.34,0.169,1.23
50.0,4.0,1.0,2.5,4.5,0.4,,0.4,96,81.2,23.91,0.31,1.33,0.249,15.66,16.23,0.169,1.22
50.0,5.0,1.5,2.5,4.5,0.4,2400,0.8,108,72.2,26.92,0.54,1.42,0.249,17.79,18.28,0.169,1.27
50.0,5.0,1.5,2.5,4.5,0.8,14400,0.8,91,81.3,22.62,0.3,1.3,0.249,14.83,15.34,0.169,1.2
40.0,4.0,1.5,2.5,3.0,0.6,,0.4,238,81.1,58.91,0.31,1.33,0.248,18.02,39.87,0.168,1.22
40.0,4.0,1.5,2.5,4.5,0.6,,0.4,237,81.0,58.68,0.31,1.33,0.248,18.14,39.72,0.168,1.22
40.0,5.0,1.0,1.5,3.0,0.6,,0.4,224,85.7,55.66,0.22,1.35,0.248,19.13,37.74,0.168,1.23
40.0,5.0,1.0,2.5,3.0,0.8,14400,0.2,224,85.7,55.52,0.22,1.35,0.248,17.16,37.6,0.168,1.23
40.0,5.0,1.0,2.5,3.0,0.8,14400,0.4,224,85.7,55.52,0.22,1.35,0.248,17.16,37.6,0.168,1.23
45.0,2.0,1.5,2.5,4.5,0.4,7200,0.8,241,69.3,59.84,0.63,1.43,0.248,11.6,40.57,0.168,1.28
45.0,4.0,0.7,2.5,3.0,0.4,3600,0.4,205,86.3,50.76,0.24,1.5,0.248,15.46,34.36,0.168,1.33
45.0,5.0,0.7,2.5,4.5,0.4,14400,0.2,181,86.2,44.82,0.22,1.4,0.248,19.4,30.34,0.168,1.27
45.0,5.0,0.7,2.5,4.5,0.4,14400,0.4,181,86.2,44.82,0.22,1.4,0.248,19.4,30.34,0.168,1.27
45.0,5.0,1.0,1.5,4.5,0.4,14400,0.8,174,85.6,43.22,0.23,1.35,0.248,22.97,29.3,0.168,1.23
45.0,5.0,1.0,2.5,3.0,0.6,14400,0.2,173,85.5,42.91,0.23,1.34,0.248,21.98,29.07,0.168,1.23
45.0,5.0,1.0,2.5,3.0,0.6,14400,0.4,173,85.5,42.91,0.23,1.34,0.248,21.98,29.07,0.168,1.23
45.0,5.0,1.5,2.5,3.0,0.8,7200,0.8,175,82.9,43.39,0.28,1.34,0.248,23.57,29.39,0.168,1.23
50.0,4.0,0.7,2.5,3.0,0.4,7200,0.2,105,84.8,26.07,0.26,1.43,0.248,12.41,17.67,0.168,1.29
50.0,4.0,0.7,2.5,3.0,0.4,7200,0.4,105,84.8,26.07,0.26,1.43,0.248,12.41,17.67,0.168,1.29
50.0,4.0,1.5,2.5,4.5,0.4,2400,0.4,99,78.8,24.58,0.36,1.34,0.248,15.19,16.66,0.168,1.22
50.0,5.0,1.5,2.5,4.5,0.6,3600,0.4,90,83.3,22.35,0.26,1.3,0.248,15.76,15.15,0.168,1.2
40.0,3.0,1.5,2.5,4.5,0.4,7200,0.2,274,76.3,67.76,0.42,1.35,0.247,16.75,45.84,0.167,1.23
40.0,3.0,1.5,2.5,4.5,0.4,7200,0.4,274,76.3,67.76,0.42,1.35,0.247,16.75,45.84,0.167,1.23
40.0,4.0,1.5,2.5,3.0,0.4,3600,0.2,238,81.1,58.9,0.31,1.33,0.247,18.94,39.86,0.167,1.22
40.0,5.0,1.0,1.5,3.0,0.6,14400,0.8,226,85.8,55.74,0.22,1.35,0.247,18.41,37.66,0.167,1.23
45.0,4.0,0.7,1.5,4.5,0.4,7200,0.2,191,84.8,47.19,0.26,1.45,0.247,12.76,31.91,0.167,1.3
45.0,4.0,0.7,1.5,4.5,0.4,7200,0.4,191,84.8,47.19,0.26,1.45,0.247,12.76,31.91,0.167,1.3
45.0,4.0,1.5,2.5,3.0,0.8,,0.4,173,81.5,42.76,0.3,1.33,0.247,19.34,28.92,0.167,1.22
45.0,4.0,1.5,2.5,4.5,0.6,3600,0.4,175,81.1,43.23,0.31,1.34,0.247,18.28,29.23,0.167,1.22
45.0,4.0,1.5,2.5,4.5,0.8,,0.4,172,81.4,42.57,0.3,1.33,0.248,19.34,28.81,0.167,1.22
45.0,5.0,1.0,1.5,4.5,0.4,,0.4,169,85.2,41.67,0.23,1.33,0.247,24.29,28.15,0.167,1.22
45.0,5.0,1.0,2.5,4.5,0.6,14400,0.8,173,85.5,42.68,0.23,1.34,0.247,22.76,28.84,0.167,1.23
50.0,4.0,1.5,2.5,3.0,0.6,14400,0.8,97,79.4,23.93,0.35,1.33,0.247,15.15,16.17,0.167,1.22
50.0,5.0,1.5,2.5,3.0,0.8,2400,0.2,90,83.3,22.24,0.26,1.3,0.247,16.02,15.03,0.167,1.2
50.0,5.0,1.5,2.5,4.5,0.4,2400,0.4,91,82.4,22.47,0.28,1.3,0.247,16.19,15.19,0.167,1.2
40.0,4.0,1.5,2.5,4.5,0.4,2400,0.2,238,81.1,58.47,0.31,1.32,0.246,18.94,39.43,0.166,1.21
40.0,4.0,1.5,2.5,4.5,0.6,7200,0.2,237,81.0,58.34,0.31,1.32,0.246,18.6,39.38,0.166,1.21
40.0,4.0,1.5,2.5,4.5,0.6,7200,0.4,237,81.0,58.34,0.31,1.32,0.246,18.6,39.38,0.166,1.21
40.0,4.0,1.5,2.5,4.5,0.6,14400,0.8,238,80.7,58.45,0.32,1.32,0.246,18.44,39.41,0.166,1.21
40.0,5.0,1.0,2.5,3.0,0.8,,0.4,221,85.5,54.41,0.23,1.34,0.246,19.02,36.73,0.166,1.23
45.0,2.0,1.5,2.5,3.0,0.6,7200,0.2,230,70.0,56.63,0.6,1.41,0.246,11.65,38.23,0.166,1.27
45.0,2.0,1.5,2.5,3.0,0.6,7200,0.4,230,70.0,56.63,0.6,1.41,0.246,11.65,38.23,0.166,1.27
45.0,2.0,1.5,2.5,3.0,0.8,2400,0.4,234,70.9,57.62,0.59,1.43,0.246,9.79,38.9,0.166,1.28
45.0,5.0,0.7,2.5,4.5,0.4,14400,0.8,181,86.2,44.57,0.22,1.4,0.246,19.65,30.09,0.166,1.27
45.0,5.0,0.7,2.5,4.5,0.6,,0.4,168,85.1,41.4,0.24,1.38,0.246,17.38,27.96,0.166,1.25
45.0,5.0,1.0,1.5,3.0,0.4,7200,0.2,174,85.6,42.87,0.23,1.34,0.246,22.27,28.96,0.166,1.23
45.0,5.0,1.0,1.5,3.0,0.4,7200,0.4,174,85.6,42.87,0.23,1.34,0.246,22.27,28.96,0.166,1.23
45.0,5.0,1.0,1.5,3.0,0.4,,0.4,170,85.3,41.89,0.23,1.34,0.246,23.28,28.29,0.166,1.22
50.0,5.0,1.5,2.5,3.0,0.4,2400,0.8,108,72.2,26.53,0.54,1.41,0.246,18.16,17.89,0.166,1.27
50.0,5.0,1.5,2.5,3.0,0.6,1200,0.2,90,83.3,22.11,0.26,1.29,0.246,16.14,14.91,0.166,1.2
50.0,5.0,1.5,2.5,4.5,0.8,3600,0.4,90,83.3,22.11,0.26,1.29,0.246,15.64,14.91,0.166,1.2
40.0,3.0,1.5,2.5,3.0,0.4,3600,0.4,275,76.7,67.42,0.41,1.35,0.245,16.75,45.42,0.165,1.23
40.0,4.0,1.5,2.5,3.0,0.6,14400,0.2,237,81.0,58.1,0.31,1.32,0.245,18.44,39.14,0.165,1.21
40.0,4.0,1.5,2.5,3.0,0.6,14400,0.4,237,81.0,58.1,0.31,1.32,0.245,18.44,39.14,0.165,1.21
40.0,4.0,1.5,2.5,4.5,0.4,3600,0.4,239,80.8,58.56,0.32,1.33,0.245,20.39,39.44,0.165,1.21
40.0,4.0,1.5,2.5,4.5,0.4,7200,0.8,245,79.6,60.08,0.34,1.33,0.245,20.07,40.48,0.165,1.22
40.0,5.0,1.0,1.5,4.5,0.4,3600,0.2,226,85.8,55.43,0.22,1.35,0.245,19.58,37.35,0.165,1.23
40.0,5.0,1.0,2.5,3.0,0.8,14400,0.8,224,85.7,54.77,0.22,1.34,0.245,17.92,36.85,0.165,1.23
45.0,2.0,0.7,2.5,4.5,0.4,14400,0.2,239,72.4,58.48,0.57,1.5,0.245,11.74,39.36,0.165,1.32
45.0,2.0,0.7,2.5,4.5,0.4,14400,0.4,239,72.4,58.48,0.57,1.5,0.245,11.74,39.36,0.165,1.32
45.0,2.0,1.5,2.5,3.0,0.4,7200,0.8,241,69.3,59.1,0.63,1.43,0.245,11.6,39.82,0.165,1.27
45.0,2.0,1.5,2.5,4.5,0.6,3600,0.2,230,70.0,56.43,0.6,1.41,0.245,11.38,38.03,0.165,1.26
45.0,2.0,1.5,2.5,4.5,0.8,3600,0.4,231,70.6,56.61,0.59,1.42,0.245,10.55,38.13,0.165,1.27
45.0,4.0,0.7,2.5,4.5,0.8,14400,0.2,185,83.2,45.29,0.29,1.42,0.245,15.06,30.49,0.165,1.28
45.0,4.0,0.7,2.5,4.5,0.8,14400,0.4,185,83.2,45.29,0.29,1.42,0.245,15.06,30.49,0.165,1.28
45.0,4.0,1.5,2.5,3.0,0.6,3600,0.4,175,81.1,42.83,0.31,1.33,0.245,18.28,28.83,0.165,1.22
40.0,5.0,0.7,2.5,3.0,0.4,,0.4,224,85.7,54.63,0.23,1.37,0.244,17.24,36.71,0.164,1.24
40.0,5.0,1.0,1.5,4.5,0.4,3600,0.4,227,85.9,55.48,0.22,1.35,0.244,19.53,37.32,0.164,1.23
40.0,5.0,1.0,1.5,4.5,0.8,14400,0.2,223,85.7,54.3,0.22,1.34,0.243,16.83,36.46,0.164,1.22
40.0,5.0,1.0,1.5,4.5,0.8,14400,0.4,223,85.7,54.3,0.22,1.34,0.243,16.83,36.46,0.164,1.22
40.0,5.0,1.0,2.5,4.5,0.6,3600,0.2,226,85.8,55.05,0.22,1.34,0.244,20.3,36.97,0.164,1.23
40.0,5.0,1.5,2.5,3.0,0.8,1200,0.2,222,85.6,54.14,0.23,1.34,0.244,20.43,36.39,0.164,1.22
40.0,5.0,1.5,2.5,4.5,0.8,1200,0.2,222,85.6,54.18,0.23,1.34,0.244,20.43,36.42,0.164,1.22
45.0,2.0,1.5,2.5,3.0,0.6,2400,0.2,230,70.4,56.13,0.59,1.41,0.244,9.59,37.73,0.164,1.27
45.0,4.0,0.7,1.5,3.0,0.4,7200,0.2,191,84.8,46.64,0.26,1.45,0.244,12.76,31.36,0.164,1.29
45.0,4.0,0.7,1.5,3.0,0.4,7200,0.4,191,84.8,46.64,0.26,1.45,0.244,12.76,31.36,0.164,1.29
45.0,4.0,1.5,2.5,4.5,0.6,7200,0.8,181,79.6,44.19,0.34,1.34,0.244,18.28,29.71,0.164,1.23
45.0,5.0,0.7,2.5,3.0,0.4,14400,0.2,181,86.2,44.1,0.22,1.4,0.244,19.4,29.62,0.164,1.26
45.0,5.0,0.7,2.5,3.0,0.4,14400,0.4,181,86.2,44.1,0.22,1.4,0.244,19.4,29.62,0.164,1.26
45.0,5.0,1.0,1.5,3.0,0.4,14400,0.8,174,85.6,42.51,0.22,1.34,0.244,22.9,28.59,0.164,1.23
45.0,5.0,1.0,2.5,3.0,0.6,14400,0.8,173,85.5,42.15,0.23,1.34,0.244,22.73,28.31,0.164,1.22
45.0,5.0,1.0,2.5,4.5,0.4,1200,0.8,250,73.6,61.02,0.61,1.71,0.244,11.12,41.02,0.164,1.45
45.0,5.0,1.0,2.5,4.5,0.4,3600,0.2,174,85.6,42.45,0.22,1.34,0.244,22.42,28.53,0.164,1.22
50.0,4.0,1.5,2.5,3.0,0.4,2400,0.4,99,78.8,24.19,0.36,1.33,0.244,15.56,16.27,0.164,1.22
40.0,4.0,1.5,2.5,3.0,0.4,2400,0.2,238,81.1,57.72,0.31,1.32,0.243,18.94,38.68,0.163,1.21
40.0,5.0,1.0,1.5,4.5,0.4,7200,0.8,231,84.4,56.07,0.25,1.35,0.243,21.32,37.59,0.163,1.23
40.0,5.0,1.0,2.5,4.5,0.6,3600,0.4,227,85.9,55.1,0.22,1.34,0.243,20.25,36.94,0.163,1.23
45.0,2.0,0.7,2.5,4.5,0.4,14400,0.8,239,72.4,58.05,0.57,1.49,0.243,11.98,38.93,0.163,1.32
45.0,4.0,0.7,1.5,4.5,0.4,7200,0.8,196,82.7,47.54,0.31,1.46,0.243,12.76,31.86,0.163,1.3
45.0,4.0,0.7,2.5,4.5,0.8,14400,0.8,185,83.2,45.05,0.29,1.42,0.244,15.06,30.25,0.163,1.28
45.0,5.0,1.0,2.5,3.0,0.4,1200,0.8,250,73.6,60.74,0.61,1.7,0.243,11.12,40.74,0.163,1.44
45.0,5.0,1.0,2.5,4.5,0.4,7200,0.8,179,83.8,43.51,0.26,1.35,0.243,23.25,29.19,0.163,1.23
50.0,4.0,0.7,2.5,3.0,0.8,,0.4,96,81.2,23.3,0.32,1.38,0.243,12.21,15.62,0.163,1.25
50.0,4.0,0.7,2.5,4.5,0.8,,0.4,95,81.1,23.09,0.32,1.38,0.243,12.21,15.49,0.163,1.25
50.0,5.0,1.5,2.5,3.0,0.4,2400,0.4,91,82.4,22.07,0.28,1.29,0.243,16.56,14.79,0.163,1.19
40.0,3.0,1.5,2.5,3.0,0.4,14400,0.2,274,76.3,66.34,0.42,1.34,0.242,16.75,44.42,0.162,1.22
40.0,3.0,1.5,2.5,3.0,0.4,14400,0.4,274,76.3,66.34,0.42,1.34,0.242,16.75,44.42,0.162,1.22
40.0,3.0,1.5,2.5,4.5,0.4,2400,0.2,275,76.7,66.55,0.41,1.35,0.242,17.04,44.55,0.162,1.23
40.0,4.0,1.5,2.5,3.0,0.8,,0.4,234,81.2,56.65,0.31,1.32,0.242,18.37,37.93,0.162,1.21
40.0,5.0,1.0,1.5,4.5,0.4,2400,0.2,226,85.8,54.7,0.22,1.34,0.242,19.18,36.62,0.162,1.23
40.0,5.0,1.0,1.5,4.5,0.6,7200,0.2,226,85.8,54.68,0.22,1.34,0.242,19.65,36.61,0.162,1.23
40.0,5.0,1.0,1.5,4.5,0.6,7200,0.4,226,85.8,54.68,0.22,1.34,0.242,19.65,36.61,0.162,1.23
45.0,4.0,0.7,2.5,3.0,0.6,,0.4,174,81.6,42.18,0.31,1.39,0.242,14.1,28.26,0.162,1.26
45.0,4.0,0.7,2.5,4.5,0.6,7200,0.2,190,84.7,45.94,0.26,1.44,0.242,12.95,30.74,0.162,1.29
45.0,4.0,0.7,2.5,4.5,0.6,7200,0.4,190,84.7,45.94,0.26,1.44,0.242,12.95,30.74,0.162,1.29
45.0,4.0,1.5,2.5,3.0,0.6,7200,0.8,181,79.6,43.81,0.34,1.34,0.242,18.28,29.33,0.162,1.22
45.0,5.0,0.7,2.5,3.0,0.4,14400,0.8,181,86.2,43.86,0.22,1.39,0.242,19.65,29.38,0.162,1.26
45.0,5.0,1.0,2.5,3.0,0.4,3600,0.2,174,85.6,42.18,0.22,1.34,0.242,22.42,28.26,0.162,1.22
50.0,5.0,1.5,2.5,3.0,0.8,14400,0.8,91,81.3,21.99,0.3,1.29,0.242,15.2,14.71,0.162,1.19
40.0,4.0,1.5,2.5,3.0,0.6,7200,0.2,237,81.0,57.17,0.31,1.32,0.241,18.6,38.21,0.161,1.21
40.0,4.0,1.5,2.5,3.0,0.6,7200,0.4,237,81.0,57.17,0.31,1.32,0.241,18.6,38.21,0.161,1.21
40.0,4.0,1.5,2.5,3.0,0.8,7200,0.8,244,80.3,58.79,0.33,1.34,0.241,16.6,39.27,0.161,1.22
45.0,2.0,0.7,2.5,3.0,0.4,14400,0.2,239,72.4,57.57,0.57,1.49,0.241,11.74,38.45,0.161,1.31
45.0,2.0,0.7,2.5,3.0,0.4,14400,0.4,239,72.4,57.57,0.57,1.49,0.241,11.74,38.45,0.161,1.31
45.0,2.0,1.5,2.5,3.0,0.6,3600,0.2,230,70.0,55.46,0.6,1.4,0.241,11.38,37.06,0.161,1.26
45.0,2.0,1.5,2.5,3.0,0.8,7200,0.2,230,70.0,55.32,0.6,1.4,0.241,11.93,36.92,0.161,1.26
45.0,2.0,1.5,2.5,3.0,0.8,7200,0.4,230,70.0,55.32,0.6,1.4,0.241,11.93,36.92,0.161,1.26
45.0,5.0,0.7,2.5,4.5,0.4,7200,0.8,191,84.8,45.99,0.26,1.43,0.241,12.51,30.71,0.161,1.28
45.0,5.0,1.0,2.5,4.5,0.6,7200,0.2,173,85.5,41.68,0.23,1.33,0.241,22.81,27.84,0.161,1.22
45.0,5.0,1.0,2.5,4.5,0.6,7200,0.4,173,85.5,41.68,0.23,1.33,0.241,22.81,27.84,0.161,1.22
50.0,5.0,1.5,2.5,3.0,0.6,3600,0.4,90,83.3,21.72,0.26,1.29,0.241,16.14,14.52,0.161,1.19
40.0,3.0,1.5,2.5,3.0,0.4,7200,0.2,274,76.3,65.76,0.42,1.34,0.24,16.75,43.84,0.16,1.22
40.0,3.0,1.5,2.5,3.0,0.4,7200,0.4,274,76.3,65.76,0.42,1.34,0.24,16.75,43.84,0.16,1.22
40.0,3.0,1.5,2.5,3.0,0.4,14400,0.8,274,76.3,65.82,0.42,1.34,0.24,16.75,43.9,0.16,1.22
40.0,4.0,1.5,2.5,3.0,0.4,3600,0.4,239,80.8,57.46,0.31,1.32,0.24,20.39,38.34,0.16,1.21
40.0,5.0,1.0,1.5,3.0,0.4,3600,0.2,226,85.8,54.33,0.22,1.34,0.24,19.58,36.25,0.16,1.22
40.0,5.0,1.0,1.5,3.0,0.4,3600,0.4,227,85.9,54.39,0.22,1.34,0.24,19.53,36.23,0.16,1.22
40.0,5.0,1.0,1.5,4.5,0.8,14400,0.8,223,85.7,53.55,0.22,1.33,0.24,17.41,35.71,0.16,1.22
40.0,5.0,1.0,2.5,3.0,0.6,3600,0.2,226,85.8,54.19,0.22,1.34,0.24,20.3,36.11,0.16,1.22
45.0,2.0,0.7,2.5,3.0,0.8,14400,0.2,238,72.3,57.16,0.57,1.48,0.24,11.58,38.12,0.16,1.31
45.0,2.0,0.7,2.5,3.0,0.8,14400,0.4,238,72.3,57.16,0.57,1.48,0.24,11.58,38.12,0.16,1.31
45.0,4.0,0.7,1.5,3.0,0.4,7200,0.8,196,82.7,46.99,0.31,1.46,0.24,12.76,31.31,0.16,1.3
45.0,4.0,0.7,1.5,4.5,0.4,3600,0.2,204,86.8,48.88,0.23,1.48,0.24,15.41,32.56,0.16,1.31
45.0,4.0,0.7,2.5,3.0,0.6,7200,0.2,190,84.7,45.56,0.26,1.44,0.24,12.95,30.36,0.16,1.28
45.0,4.0,0.7,2.5,3.0,0.6,7200,0.4,190,84.7,45.56,0.26,1.44,0.24,12.95,30.36,0.16,1.28
45.0,5.0,1.0,2.5,3.0,0.4,7200,0.8,179,83.8,42.96,0.26,1.34,0.24,23.25,28.64,0.16,1.22
45.0,5.0,1.0,2.5,4.5,0.8,14400,0.2,173,85.5,41.46,0.22,1.33,0.24,23.25,27.62,0.16,1.22
45.0,5.0,1.0,2.5,4.5,0.8,14400,0.4,173,85.5,41.46,0.22,1.33,0.24,23.25,27.62,0.16,1.22
40.0,3.0,1.5,2.5,4.5,0.4,2400,0.4,281,75.8,67.17,0.43,1.35,0.239,17.04,44.69,0.159,1.23
40.0,3.0,1.5,2.5,4.5,0.4,3600,0.2,275,76.4,65.72,0.41,1.34,0.239,16.75,43.72,0.159,1.22
40.0,4.0,1.5,2.5,3.0,0.6,14400,0.8,238,80.7,56.95,0.32,1.32,0.239,18.44,37.91,0.159,1.21
40.0,5.0,1.0,1.5,3.0,0.4,2400,0.2,226,85.8,53.98,0.22,1.34,0.239,19.18,35.9,0.159,1.22
40.0,5.0,1.0,2.5,3.0,0.6,3600,0.4,227,85.9,54.25,0.22,1.34,0.239,20.25,36.09,0.159,1.22
40.0,5.0,1.0,2.5,4.5,0.6,7200,0.8,231,84.4,55.21,0.25,1.34,0.239,22.2,36.73,0.159,1.22
45.0,2.0,0.7,2.5,3.0,0.4,14400,0.8,239,72.4,57.14,0.57,1.48,0.239,11.98,38.02,0.159,1.31
45.0,4.0,0.7,2.5,4.5,0.6,7200,0.8,195,82.6,46.55,0.31,1.45,0.239,12.95,30.95,0.159,1.29
45.0,4.0,0.7,2.5,4.5,0.6,14400,0.2,185,83.2,44.27,0.28,1.41,0.239,14.36,29.47,0.159,1.27
45.0,4.0,0.7,2.5,4.5,0.6,14400,0.4,185,83.2,44.27,0.28,1.41,0.239,14.36,29.47,0.159,1.27
45.0,5.0,0.7,1.5,4.5,0.4,,0.4,169,85.2,40.35,0.24,1.37,0.239,18.46,26.83,0.159,1.24
50.0,5.0,1.5,2.5,4.5,0.8,1200,0.2,90,83.3,21.47,0.26,1.29,0.239,15.64,14.27,0.159,1.19
40.0,3.0,1.5,2.5,3.0,0.4,2400,0.2,275,76.7,65.47,0.41,1.34,0.238,17.04,43.47,0.158,1.22
40.0,4.0,1.5,2.5,3.0,0.4,7200,0.8,245,79.6,58.39,0.34,1.32,0.238,20.07,38.79,0.158,1.21
40.0,5.0,1.0,2.5,4.5,0.4,2400,0.4,228,85.1,54.36,0.23,1.34,0.238,19.92,36.12,0.158,1.22
45.0,2.0,0.7,2.5,3.0,0.8,14400,0.8,238,72.3,56.73,0.57,1.48,0.238,11.83,37.69,0.158,1.31
45.0,2.0,1.5,2.5,3.0,0.8,3600,0.4,231,70.6,55.04,0.59,1.4,0.238,10.65,36.56,0.158,1.26
45.0,4.0,0.7,1.5,3.0,0.4,3600,0.2,204,86.8,48.62,0.22,1.47,0.238,15.41,32.3,0.158,1.31
45.0,4.0,0.7,2.5,4.5,0.6,14400,0.8,185,83.2,44.03,0.28,1.41,0.238,14.36,29.23,0.158,1.27
45.0,4.0,0.7,2.5,4.5,0.6,,0.4,173,81.5,41.24,0.31,1.38,0.238,14.1,27.4,0.158,1.25
45.0,4.0,1.5,2.5,4.5,0.8,3600,0.2,174,81.6,41.42,0.3,1.32,0.238,19.27,27.5,0.158,1.21
45.0,5.0,0.7,1.5,3.0,0.4,,0.4,170,85.3,40.45,0.24,1.37,0.238,17.64,26.85,0.158,1.24
45.0,5.0,0.7,2.5,3.0,0.4,7200,0.8,191,84.8,45.43,0.25,1.42,0.238,12.51,30.15,0.158,1.27
45.0,5.0,0.7,2.5,4.5,0.4,7200,0.2,186,87.1,44.31,0.21,1.4,0.238,16.55,29.43,0.158,1.26
45.0,5.0,0.7,2.5,4.5,0.4,7200,0.4,186,87.1,44.31,0.21,1.4,0.238,16.55,29.43,0.158,1.26
45.0,5.0,1.0,1.5,4.5,0.4,1200,0.8,250,73.6,59.42,0.61,1.69,0.238,11.08,39.42,0.158,1.43
45.0,5.0,1.0,2.5,3.0,0.6,7200,0.2,173,85.5,41.23,0.22,1.33,0.238,22.68,27.39,0.158,1.22
45.0,5.0,1.0,2.5,3.0,0.6,7200,0.4,173,85.5,41.23,0.22,1.33,0.238,22.68,27.39,0.158,1.22
45.0,5.0,1.0,2.5,4.5,0.4,3600,0.4,175,85.7,41.68,0.22,1.33,0.238,23.35,27.68,0.158,1.22
50.0,5.0,1.5,2.5,3.0,0.8,3600,0.4,90,83.3,21.46,0.26,1.29,0.238,16.02,14.25,0.158,1.19
50.0,5.0,1.5,2.5,4.5,0.4,7200,0.8,95,80.0,22.57,0.32,1.3,0.238,16.19,14.97,0.158,1.19
40.0,5.0,1.5,2.5,4.5,0.8,2400,0.4,225,84.0,53.27,0.25,1.33,0.237,22.6,35.27,0.157,1.22
45.0,4.0,0.7,2.5,3.0,0.6,7200,0.8,195,82.6,46.16,0.31,1.45,0.237,12.95,30.56,0.157,1.29
45.0,4.0,0.7,2.5,3.0,0.6,14400,0.2,185,83.2,43.8,0.28,1.41,0.237,14.36,29.0,0.157,1.26
45.0,4.0,0.7,2.5,3.0,0.6,14400,0.4,185,83.2,43.8,0.28,1.41,0.237,14.36,29.0,0.157,1.26
45.0,4.0,0.7,2.5,4.5,0.4,2400,0.2,205,86.8,48.68,0.22,1.48,0.237,15.46,32.28,0.157,1.31
45.0,4.0,1.0,2.5,4.5,0.4,14400,0.2,175,81.7,41.49,0.3,1.32,0.237,18.75,27.49,0.157,1.21
45.0,4.0,1.0,2.5,4.5,0.4,14400,0.4,175,81.7,41.49,0.3,1.32,0.237,18.75,27.49,0.157,1.21
45.0,5.0,1.0,1.5,3.0,0.4,1200,0.8,250,73.6,59.14,0.6,1.68,0.237,11.08,39.14,0.157,1.43
45.0,5.0,1.0,2.5,3.0,0.4,3600,0.4,175,85.7,41.41,0.22,1.33,0.237,23.35,27.41,0.157,1.22
55.0,5.0,1.5,2.5,4.5,0.4,2400,0.8,70,78.6,16.62,0.38,1.4,0.237,6.83,11.02,0.157,1.26
40.0,5.0,1.0,1.5,3.0,0.6,7200,0.2,226,85.8,53.37,0.22,1.33,0.236,19.65,35.29,0.156,1.22
40.0,5.0,1.0,1.5,3.0,0.6,7200,0.4,226,85.8,53.37,0.22,1.33,0.236,19.65,35.29,0.156,1.22
45.0,2.0,1.5,2.5,4.5,0.8,2400,0.2,230,70.4,54.18,0.59,1.4,0.236,9.79,35.78,0.156,1.25
45.0,2.0,1.5,2.5,4.5,0.8,3600,0.2,230,70.0,54.17,0.6,1.39,0.236,11.45,35.77,0.156,1.25
45.0,4.0,0.7,1.5,4.5,0.4,14400,0.2,186,83.3,43.81,0.28,1.41,0.236,14.73,28.94,0.156,1.26
45.0,4.0,0.7,1.5,4.5,0.4,14400,0.4,186,83.3,43.81,0.28,1.41,0.236,14.73,28.94,0.156,1.26
45.0,4.0,0.7,2.5,3.0,0.4,2400,0.2,205,86.8,48.37,0.22,1.47,0.236,15.46,31.97,0.156,1.31
45.0,4.0,0.7,2.5,4.5,0.8,7200,0.2,190,84.7,44.89,0.26,1.43,0.236,13.31,29.69,0.156,1.28
45.0,4.0,0.7,2.5,4.5,0.8,7200,0.4,190,84.7,44.89,0.26,1.43,0.236,13.31,29.69,0.156,1.28
45.0,5.0,1.0,2.5,4.5,0.4,2400,0.2,174,85.6,41.12,0.22,1.33,0.236,22.24,27.2,0.156,1.21
50.0,5.0,0.7,2.5,4.5,0.4,7200,0.8,102,84.3,24.02,0.26,1.41,0.235,13.92,15.86,0.156,1.26
50.0,5.0,1.5,2.5,4.5,0.6,14400,0.8,91,81.3,21.5,0.3,1.29,0.236,15.78,14.22,0.156,1.19
55.0,5.0,1.5,2.5,3.0,0.4,2400,0.8,70,78.6,16.51,0.38,1.4,0.236,6.83,10.91,0.156,1.25
40.0,3.0,1.5,2.5,3.0,0.4,2400,0.4,281,75.8,66.09,0.43,1.35,0.235,17.04,43.61,0.155,1.22
40.0,5.0,1.0,1.5,3.0,0.4,7200,0.8,231,84.4,54.39,0.25,1.34,0.235,21.32,35.91,0.155,1.22
40.0,5.0,1.0,2.5,3.0,0.4,2400,0.4,228,85.1,53.64,0.23,1.33,0.235,19.92,35.4,0.155,1.22
45.0,2.0,0.7,2.5,4.5,0.4,7200,0.2,242,74.0,56.93,0.52,1.49,0.235,10.65,37.57,0.155,1.31
45.0,2.0,0.7,2.5,4.5,0.4,7200,0.4,242,74.0,56.93,0.52,1.49,0.235,10.65,37.57,0.155,1.31
45.0,4.0,0.7,2.5,3.0,0.6,14400,0.8,185,83.2,43.56,0.28,1.41,0.235,14.36,28.76,0.155,1.26
45.0,4.0,0.7,2.5,4.5,0.8,7200,0.8,195,82.6,45.89,0.31,1.45,0.235,13.31,30.29,0.155,1.29
45.0,4.0,1.5,2.5,4.5,0.8,7200,0.8,181,79.6,42.51,0.34,1.33,0.235,19.27,28.03,0.155,1.21
45.0,5.0,0.7,2.5,3.0,0.4,7200,0.2,186,87.1,43.75,0.21,1.39,0.235,16.55,28.87,0.155,1.26
45.0,5.0,0.7,2.5,3.0,0.4,7200,0.4,186,87.1,43.75,0.21,1.39,0.235,16.55,28.87,0.155,1.26
45.0,5.0,1.0,2.5,3.0,0.4,2400,0.2,174,85.6,40.8,0.22,1.33,0.234,22.24,26.88,0.155,1.21
45.0,5.0,1.0,2.5,4.5,0.8,14400,0.8,173,85.5,40.7,0.22,1.33,0.235,24.0,26.86,0.155,1.21
45.0,5.0,1.0,2.5,4.5,0.8,,0.4,168,85.1,39.46,0.23,1.32,0.235,25.24,26.02,0.155,1.2
45.0,5.0,1.5,2.5,4.5,0.8,1200,0.8,248,73.4,58.16,0.61,1.67,0.235,10.69,38.32,0.155,1.42
50.0,5.0,1.5,2.5,3.0,0.4,7200,0.8,95,80.0,22.34,0.32,1.29,0.235,16.56,14.74,0.155,1.19
40.0,3.0,1.5,2.5,3.0,0.4,3600,0.2,275,76.4,64.31,0.41,1.33,0.234,16.75,42.31,0.154,1.21
40.0,4.0,1.5,2.5,4.5,0.8,3600,0.2,237,81.4,55.36,0.3,1.31,0.234,16.89,36.4,0.154,1.2
40.0,5.0,1.5,2.5,3.0,0.8,2400,0.4,225,84.0,52.69,0.25,1.33,0.234,22.6,34.69,0.154,1.21
40.0,5.0,1.5,2.5,4.5,0.6,2400,0.8,276,76.8,64.66,0.43,1.43,0.234,15.59,42.58,0.154,1.27
45.0,2.0,0.7,2.5,4.5,0.6,14400,0.2,238,72.3,55.78,0.57,1.47,0.234,10.84,36.74,0.154,1.3
45.0,2.0,0.7,2.5,4.5,0.6,14400,0.4,238,72.3,55.78,0.57,1.47,0.234,10.84,36.74,0.154,1.3
45.0,4.0,0.7,1.5,4.5,0.4,14400,0.8,186,83.3,43.57,0.28,1.41,0.234,14.73,28.69,0.154,1.26
45.0,4.0,1.5,2.5,3.0,0.8,3600,0.2,174,81.6,40.77,0.3,1.32,0.234,19.27,26.85,0.154,1.21
45.0,5.0,1.0,1.5,4.5,0.6,14400,0.2,173,85.5,40.52,0.22,1.32,0.234,22.04,26.68,0.154,1.21
45.0,5.0,1.0,1.5,4.5,0.6,14400,0.4,173,85.5,40.52,0.22,1.32,0.234,22.04,26.68,0.154,1.21
45.0,5.0,1.0,2.5,3.0,0.8,,0.4,169,85.2,39.62,0.23,1.32,0.234,23.77,26.1,0.154,1.21
50.0,4.0,1.5,2.5,4.5,0.8,7200,0.8,101,77.2,23.63,0.39,1.32,0.234,14.61,15.55,0.154,1.21
40.0,5.0,1.0,1.5,4.5,0.8,,0.4,220,85.5,51.25,0.22,1.32,0.233,20.01,33.65,0.153,1.21
40.0,5.0,1.0,2.5,3.0,0.6,7200,0.8,231,84.4,53.89,0.25,1.33,0.233,22.2,35.42,0.153,1.22
40.0,5.0,1.0,2.5,4.5,0.6,2400,0.2,226,85.8,52.76,0.22,1.33,0.233,19.86,34.68,0.153,1.21
45.0,2.0,0.7,2.5,4.5,0.6,14400,0.8,238,72.3,55.34,0.56,1.47,0.233,11.08,36.31,0.153,1.29
45.0,2.0,1.5,2.5,4.5,0.8,7200,0.8,240,69.2,55.91,0.63,1.4,0.233,11.79,36.71,0.153,1.25
45.0,4.0,0.7,2.5,3.0,0.8,14400,0.2,185,83.2,43.07,0.28,1.4,0.233,15.06,28.27,0.153,1.26
45.0,4.0,0.7,2.5,3.0,0.8,14400,0.4,185,83.2,43.07,0.28,1.4,0.233,15.06,28.27,0.153,1.26
45.0,4.0,1.0,2.5,3.0,0.4,14400,0.2,175,81.7,40.79,0.3,1.32,0.233,18.75,26.79,0.153,1.21
45.0,4.0,1.0,2.5,3.0,0.4,14400,0.4,175,81.7,40.79,0.3,1.32,0.233,18.75,26.79,0.153,1.21
45.0,4.0,1.0,2.5,4.5,0.4,14400,0.8,175,81.7,40.74,0.3,1.32,0.233,18.75,26.74,0.153,1.2
50.0,4.0,0.7,1.5,4.5,0.4,7200,0.8,107,82.2,24.96,0.31,1.43,0.233,12.25,16.4,0.153,1.28
50.0,5.0,0.7,2.5,3.0,0.4,7200,0.8,102,84.3,23.79,0.26,1.4,0.233,14.29,15.63,0.153,1.26
40.0,5.0,1.5,2.5,3.0,0.6,2400,0.8,276,76.8,64.11,0.43,1.43,0.232,15.59,42.03,0.152,1.27
45.0,2.0,0.7,2.5,3.0,0.4,7200,0.2,242,74.0,56.18,0.52,1.48,0.232,10.65,36.82,0.152,1.3
45.0,2.0,0.7,2.5,3.0,0.4,7200,0.4,242,74.0,56.18,0.52,1.48,0.232,10.65,36.82,0.152,1.3
45.0,2.0,1.5,2.5,4.5,0.6,1200,0.2,231,69.7,53.66,0.61,1.39,0.232,9.84,35.18,0.152,1.25
45.0,4.0,0.7,1.5,3.0,0.4,14400,0.2,186,83.3,43.11,0.28,1.4,0.232,14.73,28.23,0.152,1.26
45.0,4.0,0.7,1.5,3.0,0.4,14400,0.4,186,83.3,43.11,0.28,1.4,0.232,14.73,28.23,0.152,1.26
45.0,4.0,1.0,2.5,4.5,0.4,7200,0.2,175,81.7,40.57,0.29,1.32,0.232,18.72,26.57,0.152,1.2
45.0,4.0,1.0,2.5,4.5,0.4,7200,0.4,175,81.7,40.57,0.29,1.32,0.232,18.72,26.57,0.152,1.2
45.0,4.0,1.5,2.5,4.5,0.8,2400,0.2,174,81.6,40.41,0.3,1.32,0.232,19.25,26.49,0.152,1.2
45.0,5.0,1.5,2.5,3.0,0.8,1200,0.8,248,73.4,57.47,0.6,1.66,0.232,10.69,37.64,0.152,1.41
45.0,5.0,1.5,2.5,4.5,0.6,2400,0.8,208,76.9,48.2,0.42,1.41,0.232,10.73,31.56,0.152,1.26
40.0,4.0,1.5,2.5,4.5,0.6,3600,0.2,238,81.1,54.99,0.3,1.31,0.231,19.16,35.95,0.151,1.2
40.0,5.0,1.0,2.5,3.0,0.6,2400,0.2,226,85.8,52.21,0.22,1.33,0.231,19.86,34.13,0.151,1.21
40.0,5.0,1.5,2.5,4.5,0.8,3600,0.8,256,79.7,59.25,0.35,1.38,0.231,16.58,38.77,0.151,1.24
45.0,4.0,0.7,1.5,3.0,0.4,,0.4,175,81.7,40.34,0.31,1.38,0.231,14.73,26.34,0.151,1.24
45.0,4.0,0.7,1.5,4.5,0.4,,0.4,174,81.6,40.23,0.31,1.37,0.231,14.73,26.31,0.151,1.24
45.0,4.0,0.7,2.5,3.0,0.8,14400,0.8,185,83.2,42.82,0.28,1.4,0.231,15.06,28.02,0.151,1.26
45.0,4.0,0.7,2.5,4.5,0.6,3600,0.2,203,86.7,46.95,0.22,1.46,0.231,15.7,30.71,0.151,1.29
45.0,5.0,1.0,1.5,3.0,0.6,14400,0.2,173,85.5,39.99,0.22,1.32,0.231,22.02,26.15,0.151,1.21
45.0,5.0,1.0,1.5,3.0,0.6,14400,0.4,173,85.5,39.99,0.22,1.32,0.231,22.02,26.15,0.151,1.21
45.0,5.0,1.0,2.5,4.5,0.4,2400,0.4,176,85.8,40.67,0.22,1.33,0.231,23.24,26.59,0.151,1.21
50.0,4.0,0.7,1.5,3.0,0.4,7200,0.8,107,82.2,24.73,0.31,1.43,0.231,12.49,16.17,0.151,1.27
50.0,4.0,0.7,2.5,4.5,0.8,7200,0.8,107,81.3,24.67,0.33,1.43,0.231,12.59,16.11,0.151,1.27
50.0,5.0,1.5,2.5,3.0,0.6,14400,0.8,91,81.3,21.03,0.29,1.28,0.231,16.15,13.75,0.151,1.18
50.0,5.0,1.5,2.5,3.0,0.8,1200,0.2,90,83.3,20.8,0.26,1.28,0.231,16.02,13.6,0.151,1.18
50.0,5.0,1.5,2.5,4.5,0.6,2400,0.4,90,82.2,20.8,0.28,1.28,0.231,15.76,13.6,0.151,1.18
40.0,4.0,1.0,2.5,4.5,0.8,14400,0.2,235,81.7,54.06,0.29,1.31,0.23,16.07,35.26,0.15,1.2
40.0,4.0,1.0,2.5,4.5,0.8,14400,0.4,235,81.7,54.06,0.29,1.31,0.23,16.07,35.26,0.15,1.2
40.0,5.0,1.0,2.5,4.5,0.8,3600,0.2,226,85.8,51.9,0.22,1.32,0.23,19.83,33.82,0.15,1.21
40.0,5.0,1.5,2.5,4.5,0.4,1200,0.4,239,79.9,54.97,0.34,1.34,0.23,25.39,35.85,0.15,1.22
45.0,2.0,0.7,2.5,3.0,0.6,14400,0.2,238,72.3,54.74,0.56,1.46,0.23,10.93,35.7,0.15,1.29
45.0,2.0,0.7,2.5,3.0,0.6,14400,0.4,238,72.3,54.74,0.56,1.46,0.23,10.93,35.7,0.15,1.29
45.0,2.0,0.7,2.5,4.5,0.4,,0.4,231,70.1,53.01,0.62,1.45,0.229,9.35,34.54,0.15,1.28
45.0,2.0,0.7,2.5,4.5,0.8,,0.4,230,70.0,52.94,0.62,1.45,0.23,9.59,34.54,0.15,1.28
45.0,2.0,1.0,2.5,4.5,0.4,,0.4,231,70.1,53.02,0.59,1.38,0.23,12.33,34.54,0.15,1.24
45.0,2.0,1.0,2.5,4.5,0.8,,0.4,230,70.0,52.82,0.59,1.38,0.23,13.17,34.42,0.15,1.24
45.0,2.0,1.5,2.5,3.0,0.6,1200,0.2,231,69.7,53.14,0.6,1.39,0.23,9.84,34.66,0.15,1.24
45.0,4.0,0.7,1.5,3.0,0.4,14400,0.8,186,83.3,42.86,0.28,1.4,0.23,14.73,27.98,0.15,1.26
45.0,4.0,0.7,1.5,4.5,0.4,3600,0.4,205,86.3,47.15,0.23,1.46,0.23,15.41,30.75,0.15,1.29
45.0,5.0,1.0,1.5,3.0,0.6,,0.4,169,85.2,38.83,0.23,1.31,0.23,22.66,25.31,0.15,1.2
45.0,5.0,1.0,1.5,4.5,0.6,14400,0.8,173,85.5,39.76,0.22,1.32,0.23,22.8,25.92,0.15,1.2
45.0,5.0,1.0,2.5,3.0,0.8,14400,0.2,173,85.5,39.74,0.22,1.32,0.23,23.3,25.9,0.15,1.2
45.0,5.0,1.0,2.5,3.0,0.8,14400,0.4,173,85.5,39.74,0.22,1.32,0.23,23.3,25.9,0.15,1.2
50.0,4.0,0.7,1.5,3.0,0.4,,0.4,97,81.4,22.31,0.31,1.37,0.23,13.19,14.55,0.15,1.23
40.0,5.0,1.0,1.5,3.0,0.8,14400,0.2,224,85.7,51.39,0.22,1.32,0.229,18.01,33.47,0.149,1.21
40.0,5.0,1.0,1.5,3.0,0.8,14400,0.4,224,85.7,51.39,0.22,1.32,0.229,18.01,33.47,0.149,1.21
40.0,5.0,1.0,2.5,4.5,0.8,3600,0.4,227,85.9,51.95,0.22,1.32,0.229,19.78,33.79,0.149,1.21
40.0,5.0,1.0,2.5,4.5,0.8,7200,0.2,224,85.7,51.31,0.22,1.32,0.229,20.39,33.39,0.149,1.21
40.0,5.0,1.0,2.5,4.5,0.8,7200,0.4,224,85.7,51.31,0.22,1.32,0.229,20.39,33.39,0.149,1.21
40.0,5.0,1.5,2.5,3.0,0.4,1200,0.4,239,79.9,54.66,0.34,1.34,0.229,25.39,35.54,0.149,1.21
45.0,2.0,1.0,2.5,3.0,0.4,,0.4,232,70.3,53.04,0.59,1.38,0.229,11.44,34.48,0.149,1.24
45.0,2.0,1.5,2.5,3.0,0.8,3600,0.2,230,70.0,52.6,0.59,1.38,0.229,11.54,34.2,0.149,1.24
45.0,4.0,0.7,1.5,3.0,0.4,3600,0.4,205,86.3,46.89,0.23,1.46,0.229,15.41,30.49,0.149,1.29
45.0,4.0,0.7,1.5,4.5,0.6,7200,0.2,190,84.7,43.49,0.25,1.42,0.229,12.65,28.29,0.149,1.26
45.0,4.0,0.7,1.5,4.5,0.6,7200,0.4,190,84.7,43.49,0.25,1.42,0.229,12.65,28.29,0.149,1.26
45.0,4.0,0.7,2.5,3.0,0.6,3600,0.2,203,86.7,46.55,0.22,1.45,0.229,15.7,30.31,0.149,1.29
45.0,4.0,1.0,2.5,3.0,0.4,7200,0.2,175,81.7,40.02,0.29,1.31,0.229,18.72,26.02,0.149,1.2
45.0,4.0,1.0,2.5,3.0,0.4,7200,0.4,175,81.7,40.02,0.29,1.31,0.229,18.72,26.02,0.149,1.2
45.0,4.0,1.0,2.5,3.0,0.4,14400,0.8,175,81.7,40.03,0.29,1.31,0.229,18.75,26.03,0.149,1.2
45.0,5.0,1.0,2.5,3.0,0.4,2400,0.4,176,85.8,40.35,0.22,1.32,0.229,23.24,26.28,0.149,1.21
45.0,5.0,1.5,2.5,3.0,0.6,2400,0.8,208,76.9,47.62,0.42,1.4,0.229,10.73,30.98,0.149,1.25
50.0,4.0,0.7,2.5,3.0,0.6,,0.4,96,81.2,22.01,0.31,1.36,0.229,13.02,14.33,0.149,1.23
40.0,4.0,1.5,2.5,3.0,0.6,3600,0.2,238,81.1,54.28,0.3,1.3,0.228,19.16,35.24,0.148,1.19
40.0,4.0,1.5,2.5,3.0,0.8,3600,0.2,237,81.4,53.98,0.3,1.31,0.228,16.88,35.02,0.148,1.2
40.0,4.0,1.5,2.5,4.5,0.4,2400,0.4,246,79.7,56.03,0.33,1.31,0.228,20.35,36.35,0.148,1.2
40.0,5.0,1.0,1.5,4.5,0.6,3600,0.2,226,85.8,51.53,0.22,1.32,0.228,20.33,33.45,0.148,1.21
45.0,2.0,0.7,2.5,3.0,0.4,,0.4,232,70.3,52.92,0.61,1.45,0.228,9.35,34.36,0.148,1.28
45.0,2.0,0.7,2.5,3.0,0.6,14400,0.8,238,72.3,54.31,0.56,1.46,0.228,11.18,35.27,0.148,1.29
45.0,2.0,1.5,2.5,3.0,0.8,2400,0.2,230,70.4,52.46,0.58,1.39,0.228,9.79,34.06,0.148,1.24
45.0,4.0,0.7,2.5,3.0,0.8,7200,0.2,190,84.7,43.3,0.25,1.41,0.228,13.31,28.1,0.148,1.26
45.0,4.0,0.7,2.5,3.0,0.8,7200,0.4,190,84.7,43.3,0.25,1.41,0.228,13.31,28.1,0.148,1.26
45.0,4.0,0.7,2.5,4.5,0.4,1200,0.2,207,87.0,47.21,0.22,1.48,0.228,15.51,30.65,0.148,1.31
45.0,4.0,1.5,2.5,3.0,0.8,2400,0.2,174,81.6,39.64,0.3,1.31,0.228,19.25,25.72,0.148,1.2
45.0,5.0,0.7,2.5,4.5,0.8,,0.4,168,85.1,38.26,0.24,1.35,0.228,18.25,24.82,0.148,1.22
45.0,5.0,1.0,1.5,4.5,0.6,7200,0.2,173,85.5,39.5,0.22,1.32,0.228,22.63,25.66,0.148,1.2
45.0,5.0,1.0,1.5,4.5,0.6,7200,0.4,173,85.5,39.5,0.22,1.32,0.228,22.63,25.66,0.148,1.2
50.0,4.0,1.5,2.5,4.5,0.6,2400,0.4,98,78.6,22.36,0.36,1.31,0.228,14.76,14.52,0.148,1.2
40.0,3.0,1.5,2.5,4.5,0.4,7200,0.8,279,75.3,63.3,0.43,1.32,0.227,16.75,40.98,0.147,1.2
40.0,4.0,1.0,2.5,4.5,0.8,14400,0.8,235,81.7,53.31,0.29,1.31,0.227,16.07,34.51,0.147,1.2
40.0,4.0,1.5,2.5,4.5,0.8,3600,0.4,238,81.1,53.92,0.3,1.31,0.227,18.33,34.88,0.147,1.19
40.0,5.0,1.0,1.5,4.5,0.6,3600,0.4,227,85.9,51.58,0.22,1.32,0.227,20.28,33.42,0.147,1.21
45.0,4.0,0.7,1.5,3.0,0.6,7200,0.2,190,84.7,43.1,0.25,1.41,0.227,12.65,27.91,0.147,1.26
45.0,4.0,0.7,1.5,3.0,0.6,7200,0.4,190,84.7,43.1,0.25,1.41,0.227,12.65,27.91,0.147,1.26
45.0,4.0,0.7,2.5,3.0,0.4,1200,0.2,207,87.0,46.94,0.22,1.48,0.227,15.51,30.38,0.147,1.3
45.0,4.0,0.7,2.5,3.0,0.8,7200,0.8,195,82.6,44.31,0.3,1.43,0.227,13.31,28.71,0.147,1.27
45.0,4.0,1.5,2.5,3.0,0.8,7200,0.8,181,79.6,41.08,0.34,1.32,0.227,19.27,26.6,0.147,1.2
45.0,5.0,0.7,2.5,3.0,0.8,,0.4,169,85.2,38.3,0.23,1.35,0.227,17.07,24.78,0.147,1.22
45.0,5.0,0.7,2.5,4.5,0.4,1200,0.8,262,74.8,59.53,0.62,1.85,0.227,12.97,38.57,0.147,1.51
45.0,5.0,1.0,1.5,3.0,0.6,14400,0.8,173,85.5,39.24,0.22,1.31,0.227,22.77,25.4,0.147,1.2
45.0,5.0,1.0,2.5,4.5,0.4,1200,0.2,176,85.2,40.03,0.23,1.32,0.227,22.84,25.95,0.147,1.2
40.0,5.0,0.7,2.5,4.5,0.6,,0.4,223,85.7,50.34,0.22,1.34,0.226,17.36,32.5,0.146,1.22
40.0,5.0,1.0,1.5,3.0,0.8,14400,0.8,224,85.7,50.64,0.22,1.32,0.226,18.76,32.72,0.146,1.2
40.0,5.0,1.0,1.5,4.5,0.6,2400,0.2,226,85.8,51.14,0.22,1.32,0.226,19.9,33.06,0.146,1.2
40.0,5.0,1.0,2.5,4.5,0.4,3600,0.8,255,80.4,57.74,0.33,1.37,0.226,17.3,37.34,0.146,1.23
40.0,5.0,1.5,2.5,3.0,0.8,3600,0.8,256,79.7,57.85,0.35,1.37,0.226,16.58,37.37,0.146,1.23
45.0,4.0,1.5,2.5,4.5,0.6,2400,0.4,177,80.2,39.96,0.32,1.31,0.226,18.28,25.8,0.146,1.2
45.0,5.0,0.7,2.5,3.0,0.4,1200,0.8,262,74.8,59.25,0.62,1.84,0.226,12.97,38.29,0.146,1.5
45.0,5.0,1.0,1.5,3.0,0.6,7200,0.2,173,85.5,39.06,0.22,1.31,0.226,22.51,25.22,0.146,1.2
45.0,5.0,1.0,1.5,3.0,0.6,7200,0.4,173,85.5,39.06,0.22,1.31,0.226,22.51,25.22,0.146,1.2
45.0,5.0,1.0,2.5,3.0,0.4,1200,0.2,176,85.2,39.75,0.23,1.32,0.226,22.84,25.67,0.146,1.2
45.0,5.0,1.5,2.5,4.5,0.8,1200,0.4,181,81.8,40.96,0.3,1.34,0.226,23.08,26.48,0.146,1.21
50.0,4.0,0.7,1.5,4.5,0.4,,0.4,96,81.2,21.73,0.31,1.36,0.226,12.82,14.05,0.146,1.23
40.0,4.0,1.5,2.5,3.0,0.4,2400,0.4,246,79.7,55.28,0.33,1.31,0.225,20.35,35.6,0.145,1.19
45.0,2.0,0.7,2.5,4.5,0.4,7200,0.8,248,72.2,55.73,0.57,1.48,0.225,9.61,35.89,0.145,1.29
45.0,2.0,1.5,2.5,4.5,0.6,7200,0.8,240,69.2,54.12,0.62,1.39,0.225,12.59,34.92,0.145,1.24
45.0,4.0,0.7,1.5,4.5,0.4,2400,0.2,205,86.8,46.09,0.22,1.45,0.225,15.41,29.69,0.145,1.28
45.0,4.0,0.7,1.5,4.5,0.8,7200,0.2,190,84.7,42.7,0.25,1.41,0.225,12.87,27.5,0.145,1.26
45.0,4.0,0.7,1.5,4.5,0.8,7200,0.4,190,84.7,42.7,0.25,1.41,0.225,12.87,27.5,0.145,1.26
45.0,5.0,1.0,1.5,4.5,0.4,3600,0.2,174,85.6,39.08,0.22,1.31,0.225,22.6,25.16,0.145,1.2
45.0,5.0,1.0,1.5,4.5,0.6,,0.4,168,85.1,37.83,0.23,1.3,0.225,24.1,24.39,0.145,1.19
45.0,5.0,1.0,1.5,4.5,0.8,14400,0.2,173,85.5,38.85,0.22,1.31,0.225,22.72,25.01,0.145,1.2
45.0,5.0,1.0,1.5,4.5,0.8,14400,0.4,173,85.5,38.85,0.22,1.31,0.225,22.72,25.01,0.145,1.2
45.0,5.0,1.0,2.5,3.0,0.8,14400,0.8,173,85.5,38.99,0.22,1.31,0.225,24.05,25.15,0.145,1.2
45.0,5.0,1.5,2.5,3.0,0.8,1200,0.4,181,81.8,40.71,0.3,1.34,0.225,23.08,26.23,0.145,1.21
40.0,4.0,1.5,2.5,4.5,0.6,3600,0.4,239,80.8,53.55,0.31,1.3,0.224,20.6,34.43,0.144,1.19
40.0,5.0,0.7,2.5,3.0,0.6,,0.4,224,85.7,50.11,0.22,1.34,0.224,17.24,32.19,0.144,1.21
40.0,5.0,1.0,1.5,3.0,0.6,2400,0.2,226,85.8,50.59,0.22,1.32,0.224,19.9,32.51,0.144,1.2
40.0,5.0,1.0,1.5,3.0,0.6,3600,0.2,226,85.8,50.67,0.22,1.32,0.224,20.33,32.6,0.144,1.2
45.0,4.0,0.7,1.5,4.5,0.6,7200,0.8,195,82.6,43.77,0.3,1.43,0.224,12.65,28.17,0.144,1.27
45.0,4.0,0.7,2.5,4.5,0.4,2400,0.4,208,86.5,46.49,0.23,1.45,0.224,15.46,29.85,0.144,1.28
45.0,5.0,1.0,2.5,4.5,0.6,1200,0.8,249,73.5,55.84,0.59,1.65,0.224,11.25,35.92,0.144,1.39
40.0,5.0,0.7,2.5,4.5,0.4,14400,0.2,234,86.3,52.21,0.21,1.35,0.223,19.74,33.49,0.143,1.22
40.0,5.0,0.7,2.5,4.5,0.4,14400,0.4,234,86.3,52.21,0.21,1.35,0.223,19.74,33.49,0.143,1.22
40.0,5.0,1.0,1.5,3.0,0.6,3600,0.4,227,85.9,50.73,0.22,1.32,0.223,20.28,32.57,0.143,1.2
40.0,5.0,1.0,1.5,3.0,0.8,,0.4,221,85.5,49.35,0.22,1.31,0.223,20.33,31.67,0.143,1.19
40.0,5.0,1.0,1.5,4.5,0.4,2400,0.4,228,85.1,50.96,0.23,1.32,0.224,20.04,32.72,0.143,1.2
45.0,2.0,0.7,1.5,4.5,0.8,14400,0.2,238,72.3,53.18,0.56,1.45,0.223,10.86,34.14,0.143,1.28
45.0,2.0,0.7,1.5,4.5,0.8,14400,0.4,238,72.3,53.18,0.56,1.45,0.223,10.86,34.14,0.143,1.28
45.0,2.0,0.7,2.5,3.0,0.8,,0.4,231,70.1,51.54,0.61,1.43,0.223,9.59,33.06,0.143,1.27
45.0,2.0,1.0,2.5,3.0,0.8,,0.4,231,70.1,51.54,0.58,1.37,0.223,11.96,33.06,0.143,1.23
45.0,2.0,1.0,2.5,4.5,0.8,14400,0.2,232,69.8,51.77,0.59,1.37,0.223,14.82,33.21,0.143,1.23
45.0,2.0,1.0,2.5,4.5,0.8,14400,0.4,232,69.8,51.77,0.59,1.37,0.223,14.82,33.21,0.143,1.23
45.0,2.0,1.5,2.5,4.5,0.4,1200,0.4,244,68.0,54.51,0.66,1.41,0.223,9.39,34.99,0.143,1.25
45.0,4.0,0.7,1.5,3.0,0.4,2400,0.2,205,86.8,45.78,0.22,1.45,0.223,15.41,29.38,0.143,1.28
45.0,4.0,1.5,2.5,3.0,0.6,2400,0.4,177,80.2,39.44,0.32,1.31,0.223,18.28,25.28,0.143,1.19
45.0,5.0,0.7,1.5,4.5,0.4,1200,0.8,262,74.8,58.38,0.62,1.83,0.223,12.93,37.42,0.143,1.49
45.0,5.0,1.0,1.5,3.0,0.4,3600,0.2,174,85.6,38.81,0.22,1.31,0.223,22.53,24.89,0.143,1.2
45.0,5.0,1.0,1.5,4.5,0.6,1200,0.8,249,73.5,55.59,0.59,1.64,0.223,11.14,35.67,0.143,1.39
45.0,5.0,1.0,2.5,4.5,0.8,7200,0.2,173,85.5,38.56,0.22,1.31,0.223,23.94,24.72,0.143,1.19
45.0,5.0,1.0,2.5,4.5,0.8,7200,0.4,173,85.5,38.56,0.22,1.31,0.223,23.94,24.72,0.143,1.19
50.0,4.0,0.7,1.5,4.5,0.4,7200,0.2,105,84.8,23.45,0.25,1.39,0.223,12.25,15.05,0.143,1.24
50.0,4.0,0.7,1.5,4.5,0.4,7200,0.4,105,84.8,23.45,0.25,1.39,0.223,12.25,15.05,0.143,1.24
50.0,4.0,0.7,2.5,4.5,0.6,,0.4,95,81.1,21.18,0.32,1.35,0.223,12.64,13.58,0.143,1.22
50.0,4.0,1.0,2.5,3.0,0.8,,0.4,96,81.2,21.38,0.3,1.3,0.223,14.72,13.7,0.143,1.19
50.0,5.0,1.5,2.5,3.0,0.6,2400,0.4,90,82.2,20.05,0.27,1.27,0.223,16.14,12.85,0.143,1.17
40.0,3.0,1.5,2.5,3.0,0.6,,0.4,276,76.1,61.18,0.41,1.31,0.222,16.82,39.1,0.142,1.19
40.0,3.0,1.5,2.5,4.5,0.6,,0.4,275,76.0,61.18,0.41,1.31,0.222,16.82,39.18,0.142,1.19
40.0,5.0,0.7,2.5,4.5,0.4,14400,0.8,234,86.3,51.96,0.21,1.34,0.222,19.99,33.24,0.142,1.22
40.0,5.0,1.0,2.5,3.0,0.4,3600,0.8,255,80.4,56.64,0.33,1.36,0.222,17.3,36.24,0.142,1.23
45.0,2.0,0.7,1.5,4.5,0.8,14400,0.8,238,72.3,52.75,0.56,1.45,0.222,11.11,33.71,0.142,1.27
45.0,2.0,0.7,2.5,3.0,0.4,7200,0.8,248,72.2,54.98,0.57,1.47,0.222,9.61,35.14,0.142,1.29
45.0,2.0,1.5,2.5,3.0,0.4,1200,0.4,244,68.0,54.13,0.66,1.41,0.222,9.39,34.62,0.142,1.25
45.0,2.0,1.5,2.5,3.0,0.6,7200,0.8,240,69.2,53.16,0.62,1.38,0.221,12.59,33.96,0.142,1.23
45.0,2.0,1.5,2.5,3.0,0.8,7200,0.8,240,69.2,53.32,0.62,1.38,0.222,11.88,34.12,0.142,1.24
45.0,4.0,0.7,1.5,3.0,0.6,7200,0.8,195,82.6,43.38,0.3,1.42,0.222,12.65,27.78,0.142,1.26
45.0,4.0,0.7,1.5,4.5,0.8,7200,0.8,195,82.6,43.37,0.3,1.42,0.222,12.87,27.77,0.142,1.26
45.0,4.0,0.7,2.5,3.0,0.4,2400,0.4,208,86.5,46.19,0.23,1.45,0.222,15.46,29.55,0.142,1.28
45.0,4.0,0.7,2.5,4.5,0.6,3600,0.4,204,86.3,45.28,0.23,1.44,0.222,15.7,28.96,0.142,1.28
45.0,4.0,1.5,2.5,4.5,0.4,1200,0.4,187,77.5,41.51,0.39,1.33,0.222,18.71,26.55,0.142,1.21
45.0,4.0,1.5,2.5,4.5,0.8,3600,0.4,175,81.1,38.9,0.3,1.3,0.222,19.27,24.9,0.142,1.19
45.0,5.0,0.7,1.5,3.0,0.4,1200,0.8,262,74.8,58.1,0.62,1.83,0.222,12.93,37.14,0.142,1.49
45.0,5.0,0.7,1.5,3.0,0.6,,0.4,169,85.2,37.51,0.23,1.34,0.222,16.54,23.99,0.142,1.22
45.0,5.0,1.0,2.5,3.0,0.6,1200,0.8,249,73.5,55.37,0.59,1.64,0.222,11.25,35.46,0.142,1.39
50.0,4.0,1.0,2.5,4.5,0.4,14400,0.2,96,81.2,21.32,0.3,1.3,0.222,15.66,13.64,0.142,1.19
50.0,4.0,1.0,2.5,4.5,0.4,14400,0.4,96,81.2,21.32,0.3,1.3,0.222,15.66,13.64,0.142,1.19
50.0,4.0,1.0,2.5,4.5,0.8,,0.4,95,81.1,21.05,0.3,1.29,0.222,14.35,13.45,0.142,1.18
50.0,4.0,1.5,2.5,4.5,0.4,1200,0.4,105,75.2,23.27,0.45,1.36,0.222,15.19,14.87,0.142,1.22
40.0,4.0,1.5,2.5,3.0,0.6,3600,0.4,239,80.8,52.84,0.31,1.29,0.221,20.6,33.72,0.141,1.18
40.0,4.0,1.5,2.5,3.0,0.8,3600,0.4,238,81.1,52.54,0.3,1.3,0.221,18.33,33.5,0.141,1.19
40.0,4.0,1.5,2.5,4.5,0.6,2400,0.2,238,81.1,52.48,0.3,1.29,0.221,19.16,33.44,0.141,1.18
40.0,5.0,1.0,1.5,4.5,0.6,7200,0.8,231,84.4,51.17,0.24,1.32,0.222,21.87,32.69,0.141,1.2
40.0,5.0,1.0,1.5,4.5,0.8,3600,0.2,226,85.8,49.95,0.22,1.31,0.221,19.73,31.87,0.141,1.2
40.0,5.0,1.0,1.5,4.5,0.8,7200,0.2,224,85.7,49.5,0.22,1.31,0.221,20.29,31.58,0.141,1.19
40.0,5.0,1.0,1.5,4.5,0.8,7200,0.4,224,85.7,49.5,0.22,1.31,0.221,20.29,31.58,0.141,1.19
40.0,5.0,1.0,2.5,3.0,0.8,3600,0.2,226,85.8,49.95,0.22,1.31,0.221,19.84,31.87,0.141,1.2
45.0,4.0,0.7,1.5,4.5,0.6,3600,0.2,203,86.7,44.91,0.22,1.44,0.221,15.58,28.67,0.141,1.27
45.0,4.0,0.7,1.5,4.5,0.8,14400,0.2,185,83.2,40.87,0.28,1.38,0.221,15.32,26.07,0.141,1.24
45.0,4.0,0.7,1.5,4.5,0.8,14400,0.4,185,83.2,40.87,0.28,1.38,0.221,15.32,26.07,0.141,1.24
45.0,4.0,0.7,2.5,4.5,0.8,,0.4,172,81.4,38.1,0.31,1.35,0.222,14.92,24.34,0.141,1.22
45.0,4.0,1.0,2.5,3.0,0.6,,0.4,174,81.6,38.54,0.29,1.3,0.221,18.78,24.62,0.141,1.19
45.0,4.0,1.5,2.5,4.5,0.8,1200,0.2,175,81.1,38.67,0.3,1.3,0.221,19.25,24.67,0.141,1.19
45.0,5.0,0.7,2.5,4.5,0.6,14400,0.2,180,86.1,39.83,0.22,1.36,0.221,18.46,25.43,0.141,1.22
45.0,5.0,0.7,2.5,4.5,0.6,14400,0.4,180,86.1,39.83,0.22,1.36,0.221,18.46,25.43,0.141,1.22
45.0,5.0,1.0,1.5,3.0,0.6,1200,0.8,249,73.5,55.12,0.59,1.64,0.221,11.14,35.21,0.141,1.38
50.0,4.0,0.7,1.5,3.0,0.4,7200,0.2,105,84.8,23.21,0.25,1.39,0.221,12.49,14.81,0.141,1.24
50.0,4.0,0.7,1.5,3.0,0.4,7200,0.4,105,84.8,23.21,0.25,1.39,0.221,12.49,14.81,0.141,1.24
50.0,4.0,1.5,2.5,3.0,0.8,7200,0.8,101,77.2,22.36,0.38,1.3,0.221,14.99,14.28,0.141,1.19
40.0,3.0,1.5,2.5,3.0,0.4,7200,0.8,279,75.3,61.3,0.43,1.31,0.22,16.75,38.98,0.14,1.19
40.0,4.0,1.0,2.5,4.5,0.4,,0.4,238,81.1,52.35,0.3,1.29,0.22,18.69,33.31,0.14,1.18
40.0,5.0,1.0,1.5,3.0,0.4,2400,0.4,228,85.1,50.23,0.23,1.31,0.22,20.04,31.99,0.14,1.2
40.0,5.0,1.0,1.5,4.5,0.8,3600,0.4,227,85.9,50.01,0.22,1.31,0.22,19.67,31.85,0.14,1.2
40.0,5.0,1.0,2.5,3.0,0.8,3600,0.4,227,85.9,50.0,0.22,1.31,0.22,19.79,31.85,0.14,1.2
45.0,2.0,0.7,2.5,3.0,0.6,,0.4,231,70.1,50.79,0.61,1.43,0.22,9.47,32.31,0.14,1.26
45.0,2.0,1.0,2.5,3.0,0.6,,0.4,231,70.1,50.79,0.58,1.37,0.22,12.28,32.31,0.14,1.23
45.0,4.0,0.7,1.5,4.5,0.8,14400,0.8,185,83.2,40.63,0.28,1.38,0.22,15.32,25.83,0.14,1.24
45.0,4.0,0.7,2.5,3.0,0.6,3600,0.4,204,86.3,44.88,0.23,1.44,0.22,15.7,28.56,0.14,1.27
45.0,4.0,1.5,2.5,3.0,0.4,1200,0.4,187,77.5,41.21,0.38,1.33,0.22,18.71,26.25,0.14,1.2
45.0,5.0,0.7,2.5,4.5,0.6,14400,0.8,180,86.1,39.59,0.22,1.36,0.22,18.71,25.19,0.14,1.22
45.0,5.0,1.0,1.5,4.5,0.4,2400,0.2,174,85.6,38.32,0.22,1.31,0.22,22.48,24.4,0.14,1.19
45.0,5.0,1.0,1.5,4.5,0.8,14400,0.8,173,85.5,38.09,0.22,1.3,0.22,23.48,24.25,0.14,1.19
50.0,4.0,0.7,2.5,4.5,0.6,7200,0.8,106,82.1,23.32,0.31,1.41,0.22,12.41,14.84,0.14,1.25
50.0,4.0,1.0,2.5,3.0,0.4,14400,0.2,96,81.2,21.09,0.3,1.29,0.22,16.03,13.41,0.14,1.18
50.0,4.0,1.0,2.5,3.0,0.4,14400,0.4,96,81.2,21.09,0.3,1.29,0.22,16.03,13.41,0.14,1.18
50.0,4.0,1.5,2.5,3.0,0.6,2400,0.4,98,78.6,21.61,0.35,1.3,0.221,15.14,13.77,0.14,1.19
40.0,3.0,1.5,2.5,4.5,0.4,1200,0.2,276,76.4,60.38,0.4,1.31,0.219,16.79,38.3,0.139,1.19
40.0,4.0,1.5,2.5,3.0,0.6,2400,0.2,238,81.1,52.01,0.3,1.29,0.219,19.16,32.97,0.139,1.18
40.0,5.0,1.0,2.5,3.0,0.8,7200,0.2,225,85.8,49.37,0.22,1.31,0.219,20.77,31.37,0.139,1.19
40.0,5.0,1.0,2.5,3.0,0.8,7200,0.4,225,85.8,49.37,0.22,1.31,0.219,20.77,31.37,0.139,1.19
45.0,2.0,0.7,2.5,4.5,0.6,,0.4,230,70.0,50.42,0.61,1.43,0.219,9.47,32.02,0.139,1.26
45.0,2.0,1.0,2.5,4.5,0.4,14400,0.2,233,70.0,51.13,0.59,1.37,0.219,14.68,32.49,0.139,1.22
45.0,2.0,1.0,2.5,4.5,0.4,14400,0.4,233,70.0,51.13,0.59,1.37,0.219,14.68,32.49,0.139,1.22
45.0,2.0,1.0,2.5,4.5,0.6,,0.4,230,70.0,50.3,0.58,1.36,0.219,12.38,31.9,0.139,1.22
45.0,2.0,1.5,2.5,4.5,0.8,1200,0.2,231,69.7,50.59,0.6,1.37,0.219,9.79,32.12,0.139,1.23
45.0,4.0,0.7,1.5,3.0,0.6,3600,0.2,203,86.7,44.51,0.22,1.43,0.219,15.58,28.27,0.139,1.27
45.0,4.0,0.7,1.5,4.5,0.4,1200,0.2,207,87.0,45.29,0.22,1.46,0.219,15.47,28.73,0.139,1.29
45.0,4.0,0.7,1.5,4.5,0.6,14400,0.2,185,83.2,40.52,0.28,1.38,0.219,14.76,25.72,0.139,1.23
45.0,4.0,0.7,1.5,4.5,0.6,14400,0.4,185,83.2,40.52,0.28,1.38,0.219,14.76,25.72,0.139,1.23
45.0,4.0,0.7,2.5,3.0,0.8,,0.4,173,81.5,37.97,0.31,1.35,0.219,14.92,24.13,0.139,1.22
45.0,4.0,1.5,2.5,3.0,0.8,1200,0.2,175,81.1,38.3,0.3,1.3,0.219,19.25,24.3,0.139,1.19
45.0,4.0,1.5,2.5,3.0,0.8,3600,0.4,175,81.1,38.26,0.3,1.3,0.219,19.27,24.26,0.139,1.19
45.0,5.0,0.7,2.5,4.5,0.4,3600,0.8,217,81.6,47.45,0.33,1.47,0.219,13.16,30.09,0.139,1.29
45.0,5.0,0.7,2.5,4.5,0.8,14400,0.2,180,86.1,39.37,0.22,1.35,0.219,19.56,24.97,0.139,1.22
45.0,5.0,0.7,2.5,4.5,0.8,14400,0.4,180,86.1,39.37,0.22,1.35,0.219,19.56,24.97,0.139,1.22
45.0,5.0,1.0,1.5,4.5,0.4,3600,0.4,175,85.7,38.31,0.22,1.31,0.219,23.54,24.31,0.139,1.19
50.0,4.0,0.7,2.5,3.0,0.8,7200,0.8,107,81.3,23.4,0.32,1.41,0.219,12.97,14.84,0.139,1.25
40.0,3.0,1.5,2.5,4.5,0.6,14400,0.2,274,75.9,59.6,0.41,1.3,0.218,16.73,37.68,0.138,1.19
40.0,3.0,1.5,2.5,4.5,0.6,14400,0.4,274,75.9,59.6,0.41,1.3,0.218,16.73,37.68,0.138,1.19
40.0,4.0,1.5,2.5,4.5,0.6,7200,0.8,244,79.5,53.31,0.33,1.29,0.218,20.07,33.79,0.138,1.18
45.0,2.0,0.7,1.5,4.5,0.4,14400,0.2,239,72.4,52.18,0.55,1.44,0.218,11.6,33.06,0.138,1.27
45.0,2.0,0.7,1.5,4.5,0.4,14400,0.4,239,72.4,52.18,0.55,1.44,0.218,11.6,33.06,0.138,1.27
45.0,2.0,0.7,2.5,4.5,0.8,7200,0.2,241,73.9,52.64,0.51,1.45,0.218,11.09,33.36,0.138,1.27
45.0,2.0,0.7,2.5,4.5,0.8,7200,0.4,241,73.9,52.64,0.51,1.45,0.218,11.09,33.36,0.138,1.27
45.0,4.0,0.7,1.5,4.5,0.6,14400,0.8,185,83.2,40.27,0.28,1.38,0.218,14.76,25.47,0.138,1.23
45.0,5.0,0.7,1.5,4.5,0.4,14400,0.2,181,86.2,39.38,0.22,1.35,0.218,19.09,24.91,0.138,1.22
45.0,5.0,0.7,1.5,4.5,0.4,14400,0.4,181,86.2,39.38,0.22,1.35,0.218,19.09,24.91,0.138,1.22
45.0,5.0,0.7,1.5,4.5,0.6,,0.4,168,85.1,36.63,0.23,1.34,0.218,17.73,23.19,0.138,1.21
45.0,5.0,0.7,2.5,3.0,0.6,14400,0.2,180,86.1,39.31,0.22,1.35,0.218,18.56,24.91,0.138,1.22
45.0,5.0,0.7,2.5,3.0,0.6,14400,0.4,180,86.1,39.31,0.22,1.35,0.218,18.56,24.91,0.138,1.22
45.0,5.0,1.0,1.5,3.0,0.4,2400,0.2,174,85.6,38.01,0.22,1.3,0.218,22.48,24.09,0.138,1.19
50.0,4.0,0.7,2.5,4.5,0.8,7200,0.2,104,84.6,22.66,0.25,1.38,0.218,12.59,14.34,0.138,1.23
50.0,4.0,0.7,2.5,4.5,0.8,7200,0.4,104,84.6,22.66,0.25,1.38,0.218,12.59,14.34,0.138,1.23
50.0,4.0,1.5,2.5,3.0,0.4,1200,0.4,105,75.2,22.87,0.44,1.35,0.218,15.56,14.47,0.138,1.21
50.0,4.0,1.5,2.5,4.5,0.4,2400,0.8,114,70.2,24.9,0.59,1.38,0.218,16.79,15.78,0.138,1.23
50.0,5.0,1.5,2.5,4.5,0.8,2400,0.4,90,82.2,19.65,0.27,1.26,0.218,15.64,12.45,0.138,1.16
40.0,5.0,0.7,1.5,4.5,0.4,,0.4,223,85.7,48.34,0.22,1.33,0.217,18.58,30.5,0.137,1.2
45.0,2.0,0.7,1.5,4.5,0.4,14400,0.8,239,72.4,51.75,0.55,1.44,0.217,11.85,32.63,0.137,1.26
45.0,2.0,1.0,2.5,4.5,0.8,14400,0.8,233,69.5,50.46,0.6,1.36,0.217,15.57,31.83,0.137,1.22
45.0,4.0,0.7,1.5,3.0,0.4,1200,0.2,207,87.0,45.02,0.22,1.46,0.217,15.47,28.46,0.137,1.28
45.0,4.0,0.7,1.5,3.0,0.6,,0.4,174,81.6,37.78,0.3,1.35,0.217,14.49,23.86,0.137,1.22
45.0,4.0,1.0,2.5,4.5,0.6,,0.4,173,81.5,37.48,0.29,1.29,0.217,18.78,23.64,0.137,1.18
45.0,5.0,0.7,2.5,3.0,0.4,3600,0.8,217,81.6,47.18,0.33,1.47,0.217,13.53,29.82,0.137,1.29
45.0,5.0,0.7,2.5,3.0,0.6,14400,0.8,180,86.1,39.06,0.22,1.35,0.217,18.8,24.66,0.137,1.22
45.0,5.0,0.7,2.5,4.5,0.8,14400,0.8,180,86.1,39.12,0.22,1.35,0.217,19.8,24.72,0.137,1.22
45.0,5.0,1.0,1.5,3.0,0.4,3600,0.4,175,85.7,38.04,0.22,1.3,0.217,23.46,24.04,0.137,1.19
50.0,5.0,0.7,2.5,3.0,0.4,,0.4,91,83.5,19.72,0.26,1.3,0.217,15.59,12.44,0.137,1.19
50.0,5.0,1.0,2.5,3.0,0.4,,0.4,91,83.5,19.72,0.25,1.26,0.217,17.03,12.44,0.137,1.16
40.0,3.0,1.5,2.5,3.0,0.4,1200,0.2,276,76.4,59.67,0.4,1.31,0.216,16.79,37.59,0.136,1.19
40.0,3.0,1.5,2.5,4.5,0.6,14400,0.8,274,75.9,59.29,0.41,1.3,0.216,16.73,37.37,0.136,1.19
40.0,4.0,1.0,2.5,3.0,0.8,14400,0.2,236,81.8,50.94,0.29,1.3,0.216,16.44,32.06,0.136,1.18
40.0,4.0,1.0,2.5,3.0,0.8,14400,0.4,236,81.8,50.94,0.29,1.3,0.216,16.44,32.06,0.136,1.18
40.0,4.0,1.5,2.5,4.5,0.8,2400,0.2,237,81.4,51.19,0.29,1.29,0.216,16.88,32.23,0.136,1.18
40.0,5.0,0.7,2.5,4.5,0.4,7200,0.8,243,85.2,52.43,0.24,1.36,0.216,18.21,32.99,0.136,1.22
40.0,5.0,1.0,1.5,3.0,0.6,7200,0.8,231,84.4,49.85,0.24,1.31,0.216,21.87,31.37,0.136,1.19
45.0,2.0,0.7,2.5,4.5,0.4,3600,0.4,250,76.4,54.02,0.46,1.48,0.216,10.32,34.02,0.136,1.29
45.0,2.0,1.0,2.5,3.0,0.4,14400,0.2,233,70.0,50.22,0.58,1.36,0.216,14.63,31.58,0.136,1.22
45.0,2.0,1.0,2.5,3.0,0.4,14400,0.4,233,70.0,50.22,0.58,1.36,0.216,14.63,31.58,0.136,1.22
45.0,4.0,0.7,1.5,3.0,0.6,14400,0.2,185,83.2,40.05,0.28,1.37,0.216,14.76,25.25,0.136,1.23
45.0,4.0,0.7,1.5,3.0,0.6,14400,0.4,185,83.2,40.05,0.28,1.37,0.216,14.76,25.25,0.136,1.23
45.0,4.0,0.7,1.5,3.0,0.8,7200,0.2,190,84.7,41.12,0.25,1.39,0.216,12.87,25.92,0.136,1.24
45.0,4.0,0.7,1.5,3.0,0.8,7200,0.4,190,84.7,41.12,0.25,1.39,0.216,12.87,25.92,0.136,1.24
45.0,4.0,0.7,2.5,4.5,0.4,3600,0.8,221,79.2,47.77,0.39,1.48,0.216,15.74,30.1,0.136,1.29
45.0,5.0,0.7,1.5,4.5,0.4,14400,0.8,181,86.2,39.14,0.22,1.35,0.216,19.33,24.66,0.136,1.22
45.0,5.0,1.0,1.5,4.5,0.4,1200,0.2,176,85.2,37.93,0.23,1.3,0.216,22.84,23.85,0.136,1.19
45.0,5.0,1.0,1.5,4.5,0.4,7200,0.8,179,83.8,38.6,0.25,1.31,0.216,23.4,24.27,0.136,1.19
45.0,5.0,1.0,1.5,4.5,0.8,7200,0.2,173,85.5,37.35,0.22,1.3,0.216,23.34,23.51,0.136,1.19
45.0,5.0,1.0,1.5,4.5,0.8,7200,0.4,173,85.5,37.35,0.22,1.3,0.216,23.34,23.51,0.136,1.19
50.0,4.0,0.7,1.5,4.5,0.8,7200,0.8,107,81.3,23.1,0.32,1.4,0.216,12.35,14.54,0.136,1.25
50.0,4.0,1.5,2.5,4.5,0.6,7200,0.8,100,78.0,21.64,0.37,1.3,0.216,14.78,13.64,0.136,1.18
40.0,3.0,0.7,2.5,4.5,0.8,14400,0.2,279,77.8,60.12,0.39,1.36,0.215,16.88,37.8,0.135,1.22
40.0,3.0,0.7,2.5,4.5,0.8,14400,0.4,279,77.8,60.12,0.39,1.36,0.215,16.88,37.8,0.135,1.22
40.0,3.0,0.7,2.5,4.5,0.8,14400,0.8,279,77.8,59.87,0.39,1.36,0.215,16.88,37.55,0.135,1.22
40.0,5.0,1.0,2.5,4.5,0.4,1200,0.2,228,85.5,49.04,0.22,1.3,0.215,22.67,30.8,0.135,1.18
40.0,5.0,1.0,2.5,4.5,0.6,2400,0.4,228,85.1,49.07,0.23,1.31,0.215,20.71,30.83,0.135,1.19
45.0,2.0,0.7,1.5,3.0,0.4,14400,0.2,239,72.4,51.27,0.55,1.43,0.215,11.61,32.15,0.135,1.26
45.0,2.0,0.7,1.5,3.0,0.4,14400,0.4,239,72.4,51.27,0.55,1.43,0.215,11.61,32.15,0.135,1.26
45.0,2.0,1.0,2.5,4.5,0.4,7200,0.2,233,70.0,50.15,0.58,1.36,0.215,14.78,31.51,0.135,1.22
45.0,2.0,1.0,2.5,4.5,0.4,7200,0.4,233,70.0,50.15,0.58,1.36,0.215,14.78,31.51,0.135,1.22
45.0,2.0,1.5,2.5,3.0,0.8,1200,0.2,231,69.7,49.69,0.59,1.36,0.215,9.98,31.21,0.135,1.22
45.0,4.0,0.7,1.5,3.0,0.6,14400,0.8,185,83.2,39.8,0.28,1.37,0.215,14.76,25.0,0.135,1.23
45.0,4.0,0.7,2.5,3.0,0.4,3600,0.8,221,79.2,47.51,0.39,1.47,0.215,15.74,29.83,0.135,1.29
45.0,4.0,0.7,2.5,4.5,0.6,2400,0.2,204,86.8,43.84,0.22,1.43,0.215,15.7,27.52,0.135,1.26
45.0,5.0,1.0,1.5,3.0,0.8,14400,0.2,173,85.5,37.13,0.22,1.3,0.215,22.78,23.29,0.135,1.18
45.0,5.0,1.0,1.5,3.0,0.8,14400,0.4,173,85.5,37.13,0.22,1.3,0.215,22.78,23.29,0.135,1.18
45.0,5.0,1.0,1.5,4.5,0.4,2400,0.4,176,85.8,37.89,0.22,1.3,0.215,23.48,23.81,0.135,1.19
45.0,5.0,1.0,2.5,3.0,0.8,7200,0.2,173,85.5,37.11,0.22,1.3,0.215,23.76,23.27,0.135,1.18
45.0,5.0,1.0,2.5,3.0,0.8,7200,0.4,173,85.5,37.11,0.22,1.3,0.215,23.76,23.27,0.135,1.18
45.0,5.0,1.5,2.5,4.5,0.8,3600,0.8,196,79.6,42.07,0.34,1.34,0.215,16.25,26.39,0.135,1.21
50.0,4.0,0.7,2.5,3.0,0.6,7200,0.8,106,82.1,22.82,0.31,1.4,0.215,12.77,14.34,0.135,1.24
50.0,4.0,1.0,2.5,4.5,0.4,7200,0.2,96,81.2,20.66,0.3,1.29,0.215,15.63,12.98,0.135,1.18
50.0,4.0,1.0,2.5,4.5,0.4,7200,0.4,96,81.2,20.66,0.3,1.29,0.215,15.63,12.98,0.135,1.18
50.0,4.0,1.5,2.5,3.0,0.4,2400,0.8,114,70.2,24.51,0.59,1.38,0.215,17.16,15.39,0.135,1.23
50.0,5.0,0.7,2.5,4.5,0.4,7200,0.2,100,87.0,21.45,0.2,1.34,0.214,13.92,13.45,0.135,1.21
50.0,5.0,0.7,2.5,4.5,0.4,7200,0.4,100,87.0,21.45,0.2,1.34,0.214,13.92,13.45,0.135,1.21
40.0,3.0,1.5,2.5,4.5,0.6,3600,0.4,275,76.4,58.96,0.4,1.31,0.214,16.37,36.96,0.134,1.19
40.0,4.0,1.0,2.5,3.0,0.4,,0.4,239,81.2,51.14,0.3,1.28,0.214,18.69,32.02,0.134,1.17
40.0,4.0,1.5,2.5,3.0,0.6,7200,0.8,244,79.5,52.14,0.33,1.29,0.214,20.07,32.62,0.134,1.18
40.0,4.0,1.5,2.5,4.5,0.4,1200,0.2,239,80.8,51.18,0.3,1.28,0.214,18.94,32.06,0.134,1.17
40.0,5.0,0.7,2.5,3.0,0.4,14400,0.2,234,86.3,50.07,0.21,1.33,0.214,20.12,31.35,0.134,1.2
40.0,5.0,0.7,2.5,3.0,0.4,14400,0.4,234,86.3,50.07,0.21,1.33,0.214,20.12,31.35,0.134,1.2
40.0,5.0,1.0,1.5,4.5,0.8,2400,0.2,226,85.8,48.4,0.21,1.3,0.214,20.09,30.32,0.134,1.19
40.0,5.0,1.0,2.5,3.0,0.4,1200,0.2,228,85.5,48.72,0.22,1.3,0.214,22.67,30.49,0.134,1.18
40.0,5.0,1.0,2.5,4.5,0.8,2400,0.2,226,85.8,48.31,0.21,1.3,0.214,20.21,30.23,0.134,1.19
45.0,2.0,0.7,2.5,3.0,0.4,3600,0.4,250,76.4,53.55,0.46,1.47,0.214,10.32,33.55,0.134,1.29
45.0,2.0,1.0,2.5,4.5,0.4,14400,0.8,234,69.7,50.06,0.59,1.36,0.214,15.43,31.34,0.134,1.21
45.0,3.0,0.7,2.5,4.5,0.4,7200,0.2,214,79.4,45.79,0.36,1.39,0.214,14.51,28.67,0.134,1.23
45.0,3.0,0.7,2.5,4.5,0.4,7200,0.4,214,79.4,45.79,0.36,1.39,0.214,14.51,28.67,0.134,1.23
45.0,4.0,0.7,1.5,3.0,0.8,7200,0.8,195,82.6,41.79,0.3,1.41,0.214,12.87,26.19,0.134,1.25
45.0,5.0,0.7,1.5,3.0,0.4,14400,0.2,181,86.2,38.67,0.22,1.35,0.214,19.09,24.19,0.134,1.21
45.0,5.0,0.7,1.5,3.0,0.4,14400,0.4,181,86.2,38.67,0.22,1.35,0.214,19.09,24.19,0.134,1.21
45.0,5.0,0.7,1.5,4.5,0.4,7200,0.8,191,84.8,40.85,0.25,1.38,0.214,12.31,25.57,0.134,1.23
45.0,5.0,1.0,1.5,3.0,0.4,1200,0.2,176,85.2,37.65,0.23,1.3,0.214,22.84,23.57,0.134,1.19
45.0,5.0,1.0,1.5,3.0,0.4,2400,0.4,176,85.8,37.58,0.22,1.3,0.214,23.48,23.5,0.134,1.18
50.0,4.0,1.5,2.5,4.5,0.8,2400,0.4,97,79.4,20.77,0.33,1.29,0.214,14.64,13.01,0.134,1.18
40.0,3.0,1.5,2.5,4.5,0.6,7200,0.2,274,75.9,58.23,0.41,1.3,0.213,16.36,36.31,0.133,1.18
40.0,3.0,1.5,2.5,4.5,0.6,7200,0.4,274,75.9,58.23,0.41,1.3,0.213,16.36,36.31,0.133,1.18
40.0,4.0,1.0,2.5,3.0,0.8,14400,0.8,236,81.8,50.19,0.29,1.29,0.213,16.44,31.31,0.133,1.18
40.0,4.0,1.5,2.5,3.0,0.4,1200,0.2,239,80.8,50.84,0.3,1.28,0.213,18.94,31.72,0.133,1.17
40.0,4.0,1.5,2.5,3.0,0.8,2400,0.2,237,81.4,50.59,0.29,1.29,0.213,16.88,31.63,0.133,1.18
40.0,5.0,0.7,2.5,3.0,0.4,14400,0.8,234,86.3,49.83,0.21,1.33,0.213,20.37,31.11,0.133,1.2
40.0,5.0,1.0,1.5,3.0,0.8,7200,0.2,225,85.8,47.82,0.22,1.3,0.213,20.67,29.82,0.133,1.18
40.0,5.0,1.0,1.5,3.0,0.8,7200,0.4,225,85.8,47.82,0.22,1.3,0.213,20.67,29.82,0.133,1.18
40.0,5.0,1.0,2.5,3.0,0.6,2400,0.4,228,85.1,48.52,0.23,1.3,0.213,20.71,30.28,0.133,1.19
45.0,2.0,0.7,1.5,3.0,0.4,14400,0.8,239,72.4,50.84,0.55,1.43,0.213,11.85,31.72,0.133,1.26
45.0,3.0,0.7,2.5,4.5,0.4,3600,0.4,224,82.1,47.78,0.31,1.44,0.213,13.15,29.86,0.133,1.26
45.0,4.0,0.7,1.5,4.5,0.6,,0.4,173,81.5,36.84,0.3,1.34,0.213,14.49,23.0,0.133,1.21
45.0,4.0,0.7,2.5,4.5,0.8,3600,0.2,203,86.7,43.25,0.22,1.42,0.213,15.94,27.01,0.133,1.26
45.0,4.0,1.0,2.5,4.5,0.8,14400,0.2,174,81.6,37.11,0.29,1.29,0.213,19.74,23.19,0.133,1.18
45.0,4.0,1.0,2.5,4.5,0.8,14400,0.4,174,81.6,37.11,0.29,1.29,0.213,19.74,23.19,0.133,1.18
45.0,4.0,1.5,2.5,4.5,0.4,3600,0.8,197,75.6,41.92,0.43,1.32,0.213,19.02,26.16,0.133,1.2
45.0,5.0,0.7,1.5,4.5,0.6,1200,0.8,261,74.7,55.51,0.61,1.79,0.213,12.98,34.63,0.133,1.46
45.0,5.0,1.0,1.5,3.0,0.4,7200,0.8,179,83.8,38.04,0.25,1.3,0.213,23.33,23.72,0.133,1.18
45.0,5.0,1.0,2.5,4.5,0.6,3600,0.2,173,85.5,36.84,0.22,1.29,0.213,23.26,23.0,0.133,1.18
50.0,4.0,0.7,1.5,4.5,0.6,7200,0.8,106,82.1,22.62,0.3,1.39,0.213,12.3,14.14,0.133,1.24
50.0,4.0,1.0,2.5,3.0,0.4,7200,0.2,96,81.2,20.42,0.3,1.28,0.213,16.0,12.74,0.133,1.17
50.0,4.0,1.0,2.5,3.0,0.4,7200,0.4,96,81.2,20.42,0.3,1.28,0.213,16.0,12.74,0.133,1.17
50.0,5.0,1.5,2.5,4.5,0.8,7200,0.8,94,79.8,20.01,0.32,1.26,0.213,15.61,12.49,0.133,1.16
40.0,3.0,0.7,2.5,4.5,0.4,14400,0.2,282,78.0,59.73,0.38,1.36,0.212,14.56,37.17,0.132,1.21
40.0,3.0,0.7,2.5,4.5,0.4,14400,0.4,282,78.0,59.73,0.38,1.36,0.212,14.56,37.17,0.132,1.21
40.0,5.0,1.0,1.5,3.0,0.8,3600,0.2,226,85.8,48.01,0.21,1.3,0.212,20.1,29.93,0.132,1.18
40.0,5.0,1.0,1.5,3.0,0.8,3600,0.4,227,85.9,48.06,0.21,1.3,0.212,20.05,29.9,0.132,1.18
45.0,2.0,0.7,1.5,4.5,0.4,7200,0.2,242,74.0,51.4,0.51,1.44,0.212,10.53,32.04,0.132,1.26
45.0,2.0,0.7,1.5,4.5,0.4,7200,0.4,242,74.0,51.4,0.51,1.44,0.212,10.53,32.04,0.132,1.26
45.0,2.0,0.7,2.5,4.5,0.4,3600,0.2,249,76.3,52.9,0.45,1.46,0.212,12.42,32.98,0.132,1.28
45.0,2.0,0.7,2.5,4.5,0.6,7200,0.2,241,73.9,51.16,0.51,1.44,0.212,11.07,31.88,0.132,1.26
45.0,2.0,0.7,2.5,4.5,0.6,7200,0.4,241,73.9,51.16,0.51,1.44,0.212,11.07,31.88,0.132,1.26
45.0,2.0,1.0,2.5,3.0,0.4,7200,0.2,233,70.0,49.4,0.58,1.35,0.212,14.73,30.76,0.132,1.21
45.0,2.0,1.0,2.5,3.0,0.4,7200,0.4,233,70.0,49.4,0.58,1.35,0.212,14.73,30.76,0.132,1.21
45.0,3.0,0.7,2.5,3.0,0.4,3600,0.4,224,82.1,47.51,0.31,1.43,0.212,13.15,29.6,0.132,1.26
45.0,4.0,0.7,1.5,4.5,0.6,3600,0.4,204,86.3,43.18,0.23,1.42,0.212,15.58,26.86,0.132,1.26
45.0,4.0,0.7,2.5,3.0,0.6,2400,0.2,204,86.8,43.3,0.22,1.42,0.212,15.7,26.98,0.132,1.26
45.0,5.0,0.7,1.5,3.0,0.4,14400,0.8,181,86.2,38.42,0.22,1.35,0.212,19.33,23.94,0.132,1.21
45.0,5.0,0.7,1.5,4.5,0.4,7200,0.2,186,87.1,39.5,0.2,1.36,0.212,16.35,24.62,0.132,1.22
45.0,5.0,0.7,1.5,4.5,0.4,7200,0.4,186,87.1,39.5,0.2,1.36,0.212,16.35,24.62,0.132,1.22
45.0,5.0,0.7,2.5,4.5,0.6,1200,0.8,261,74.7,55.31,0.61,1.79,0.212,13.09,34.43,0.132,1.45
45.0,5.0,1.0,1.5,4.5,0.8,1200,0.8,249,73.5,52.68,0.58,1.61,0.212,11.19,32.76,0.132,1.36
45.0,5.0,1.5,2.5,3.0,0.8,3600,0.8,196,79.6,41.54,0.34,1.33,0.212,16.14,25.86,0.132,1.2
50.0,5.0,0.7,2.5,3.0,0.4,7200,0.2,100,87.0,21.22,0.2,1.34,0.212,14.29,13.22,0.132,1.21
50.0,5.0,0.7,2.5,3.0,0.4,7200,0.4,100,87.0,21.22,0.2,1.34,0.212,14.29,13.22,0.132,1.21
50.0,5.0,0.7,2.5,4.5,0.4,,0.4,90,83.3,19.06,0.26,1.29,0.212,15.22,11.86,0.132,1.18
50.0,5.0,1.5,2.5,4.5,0.6,2400,0.8,107,72.0,22.68,0.53,1.35,0.212,18.51,14.12,0.132,1.21
55.0,4.0,1.5,2.5,4.5,0.4,2400,0.8,72,76.4,15.3,0.42,1.37,0.213,8.83,9.54,0.132,1.22
40.0,3.0,0.7,2.5,4.5,0.4,14400,0.8,282,78.0,59.48,0.38,1.35,0.211,14.8,36.92,0.131,1.21
40.0,3.0,1.5,2.5,3.0,0.6,3600,0.4,275,76.4,57.95,0.4,1.3,0.211,16.37,35.95,0.131,1.18
40.0,3.0,1.5,2.5,3.0,0.6,14400,0.2,274,75.9,57.78,0.41,1.29,0.211,16.73,35.87,0.131,1.18
40.0,3.0,1.5,2.5,3.0,0.6,14400,0.4,274,75.9,57.78,0.41,1.29,0.211,16.73,35.87,0.131,1.18
40.0,3.0,1.5,2.5,4.5,0.8,14400,0.2,272,75.7,57.44,0.41,1.29,0.211,17.12,35.68,0.131,1.18
40.0,3.0,1.5,2.5,4.5,0.8,14400,0.4,272,75.7,57.44,0.41,1.29,0.211,17.12,35.68,0.131,1.18
40.0,3.0,1.5,2.5,4.5,0.8,14400,0.8,272,75.7,57.33,0.41,1.29,0.211,17.12,35.57,0.131,1.18
40.0,5.0,1.0,1.5,3.0,0.8,2400,0.2,226,85.8,47.64,0.21,1.3,0.211,20.09,29.56,0.131,1.18
40.0,5.0,1.0,2.5,4.5,0.8,7200,0.8,229,84.3,48.32,0.24,1.3,0.211,22.41,30.0,0.131,1.18
45.0,2.0,0.7,1.5,4.5,0.6,14400,0.2,238,72.3,50.31,0.55,1.43,0.211,10.79,31.27,0.131,1.25
45.0,2.0,0.7,1.5,4.5,0.6,14400,0.4,238,72.3,50.31,0.55,1.43,0.211,10.79,31.27,0.131,1.25
45.0,2.0,0.7,2.5,3.0,0.4,3600,0.2,249,76.3,52.43,0.45,1.46,0.211,12.42,32.51,0.131,1.27
45.0,3.0,0.7,2.5,3.0,0.4,7200,0.2,214,79.4,45.25,0.36,1.38,0.211,14.51,28.13,0.131,1.23
45.0,3.0,0.7,2.5,3.0,0.4,7200,0.4,214,79.4,45.25,0.36,1.38,0.211,14.51,28.13,0.131,1.23
45.0,4.0,0.7,1.5,4.5,0.4,2400,0.4,208,86.5,43.84,0.22,1.43,0.211,15.41,27.21,0.131,1.26
45.0,4.0,0.7,1.5,4.5,0.6,2400,0.2,204,86.8,42.98,0.22,1.42,0.211,15.66,26.66,0.131,1.26
45.0,4.0,1.5,2.5,3.0,0.4,3600,0.8,197,75.6,41.66,0.43,1.32,0.211,19.02,25.9,0.131,1.19
45.0,5.0,0.7,1.5,3.0,0.4,7200,0.8,191,84.8,40.3,0.25,1.37,0.211,12.31,25.02,0.131,1.23
45.0,5.0,0.7,1.5,3.0,0.6,1200,0.8,261,74.7,55.04,0.6,1.78,0.211,12.98,34.17,0.131,1.45
50.0,4.0,0.7,1.5,3.0,0.8,,0.4,96,81.2,20.24,0.31,1.33,0.211,12.34,12.56,0.131,1.2
50.0,4.0,1.0,1.5,3.0,0.4,,0.4,97,81.4,20.51,0.29,1.28,0.211,16.11,12.75,0.131,1.17
50.0,4.0,1.5,2.5,3.0,0.6,7200,0.8,100,78.0,21.14,0.36,1.29,0.211,15.15,13.14,0.131,1.18
55.0,4.0,1.5,2.5,3.0,0.4,2400,0.8,72,76.4,15.18,0.42,1.36,0.211,8.83,9.42,0.131,1.22
40.0,3.0,1.5,2.5,3.0,0.6,14400,0.8,274,75.9,57.47,0.41,1.29,0.21,16.73,35.55,0.13,1.18
40.0,5.0,0.7,1.5,3.0,0.4,,0.4,224,85.7,47.02,0.22,1.32,0.21,18.14,29.1,0.13,1.19
40.0,5.0,0.7,2.5,4.5,0.6,14400,0.2,234,86.3,49.2,0.21,1.33,0.21,18.93,30.48,0.13,1.2
40.0,5.0,0.7,2.5,4.5,0.6,14400,0.4,234,86.3,49.2,0.21,1.33,0.21,18.93,30.48,0.13,1.2
40.0,5.0,1.0,1.5,4.5,0.4,3600,0.8,255,80.4,53.52,0.33,1.34,0.21,17.12,33.12,0.13,1.21
40.0,5.0,1.0,2.5,3.0,0.8,2400,0.2,226,85.8,47.54,0.21,1.3,0.21,20.21,29.46,0.13,1.18
45.0,2.0,0.7,1.5,4.5,0.6,14400,0.8,238,72.3,49.88,0.55,1.42,0.21,11.03,30.84,0.13,1.25
45.0,2.0,1.0,2.5,3.0,0.4,14400,0.8,234,69.7,49.15,0.59,1.35,0.21,15.38,30.43,0.13,1.21
45.0,2.0,1.0,2.5,3.0,0.8,14400,0.2,232,69.8,48.8,0.58,1.35,0.21,14.99,30.24,0.13,1.21
45.0,2.0,1.0,2.5,3.0,0.8,14400,0.4,232,69.8,48.8,0.58,1.35,0.21,14.99,30.24,0.13,1.21
45.0,4.0,0.7,1.5,3.0,0.6,3600,0.4,204,86.3,42.78,0.23,1.42,0.21,15.58,26.46,0.13,1.25
45.0,4.0,0.7,2.5,4.5,0.6,1200,0.2,206,86.9,43.32,0.22,1.44,0.21,15.7,26.84,0.13,1.27
45.0,4.0,1.0,1.5,3.0,0.4,,0.4,175,81.7,36.82,0.29,1.29,0.21,19.41,22.82,0.13,1.17
45.0,4.0,1.0,1.5,4.5,0.4,,0.4,174,81.6,36.59,0.29,1.29,0.21,19.41,22.67,0.13,1.17
45.0,5.0,0.7,2.5,3.0,0.6,1200,0.8,261,74.7,54.85,0.6,1.78,0.21,13.09,33.97,0.13,1.45
45.0,5.0,1.0,1.5,3.0,0.8,1200,0.8,249,73.5,52.23,0.58,1.6,0.21,11.19,32.31,0.13,1.35
45.0,5.0,1.0,1.5,3.0,0.8,14400,0.8,173,85.5,36.38,0.22,1.29,0.21,23.53,22.54,0.13,1.18
45.0,5.0,1.0,2.5,3.0,0.6,3600,0.2,173,85.5,36.38,0.22,1.29,0.21,23.14,22.54,0.13,1.18
50.0,4.0,0.7,1.5,3.0,0.6,,0.4,96,81.2,20.11,0.31,1.33,0.209,12.88,12.43,0.13,1.2
50.0,4.0,0.7,1.5,4.5,0.8,,0.4,95,81.1,19.96,0.31,1.33,0.21,11.97,12.36,0.13,1.2
50.0,4.0,0.7,2.5,4.5,0.6,7200,0.2,104,84.6,21.83,0.25,1.36,0.21,12.41,13.51,0.13,1.22
50.0,4.0,0.7,2.5,4.5,0.6,7200,0.4,104,84.6,21.83,0.25,1.36,0.21,12.41,13.51,0.13,1.22
50.0,5.0,0.7,1.5,4.5,0.4,7200,0.8,102,84.3,21.38,0.25,1.36,0.21,14.0,13.22,0.13,1.22
50.0,5.0,1.0,2.5,4.5,0.4,,0.4,90,83.3,18.94,0.25,1.25,0.21,16.66,11.74,0.13,1.15
50.0,5.0,1.5,2.5,3.0,0.8,2400,0.4,90,82.2,18.86,0.27,1.25,0.21,16.02,11.66,0.13,1.15
40.0,2.0,1.5,2.5,4.5,0.4,,0.4,316,68.4,66.19,0.62,1.33,0.209,13.08,40.91,0.129,1.2
40.0,3.0,1.5,2.5,4.5,0.8,,0.4,273,75.8,57.14,0.41,1.29,0.209,17.91,35.3,0.129,1.18
40.0,4.0,0.7,2.5,4.5,0.8,14400,0.2,247,83.0,51.64,0.27,1.33,0.209,16.43,31.88,0.129,1.2
40.0,4.0,0.7,2.5,4.5,0.8,14400,0.4,247,83.0,51.64,0.27,1.33,0.209,16.43,31.88,0.129,1.2
40.0,5.0,0.7,2.5,3.0,0.4,7200,0.8,243,85.2,50.75,0.23,1.35,0.209,18.21,31.31,0.129,1.21
40.0,5.0,0.7,2.5,4.5,0.6,14400,0.8,234,86.3,48.95,0.21,1.32,0.209,19.17,30.23,0.129,1.2
40.0,5.0,1.0,2.5,4.5,0.6,3600,0.8,255,80.4,53.32,0.33,1.34,0.209,17.81,32.92,0.129,1.21
45.0,2.0,0.7,1.5,3.0,0.4,7200,0.2,242,74.0,50.65,0.5,1.43,0.209,10.53,31.29,0.129,1.26
45.0,2.0,0.7,1.5,3.0,0.4,7200,0.4,242,74.0,50.65,0.5,1.43,0.209,10.53,31.29,0.129,1.26
45.0,2.0,0.7,1.5,3.0,0.8,14400,0.2,238,72.3,49.68,0.55,1.42,0.209,11.18,30.64,0.129,1.25
45.0,2.0,0.7,1.5,3.0,0.8,14400,0.4,238,72.3,49.68,0.55,1.42,0.209,11.18,30.64,0.129,1.25
45.0,2.0,0.7,2.5,4.5,0.8,7200,0.8,247,72.1,51.61,0.56,1.44,0.209,10.31,31.85,0.129,1.26
45.0,4.0,0.7,1.5,3.0,0.4,2400,0.4,208,86.5,43.54,0.22,1.43,0.209,15.41,26.9,0.129,1.26
45.0,4.0,0.7,1.5,3.0,0.8,14400,0.2,185,83.2,38.65,0.27,1.36,0.209,15.32,23.85,0.129,1.22
45.0,4.0,0.7,1.5,3.0,0.8,14400,0.4,185,83.2,38.65,0.27,1.36,0.209,15.32,23.85,0.129,1.22
45.0,4.0,1.0,2.5,4.5,0.8,14400,0.8,174,81.6,36.36,0.29,1.28,0.209,19.74,22.44,0.129,1.17
45.0,5.0,0.7,1.5,3.0,0.4,7200,0.2,186,87.1,38.95,0.2,1.35,0.209,16.35,24.07,0.129,1.21
45.0,5.0,0.7,1.5,3.0,0.4,7200,0.4,186,87.1,38.95,0.2,1.35,0.209,16.35,24.07,0.129,1.21
45.0,5.0,0.7,2.5,3.0,0.8,14400,0.2,180,86.1,37.58,0.22,1.34,0.209,19.7,23.18,0.129,1.2
45.0,5.0,0.7,2.5,3.0,0.8,14400,0.4,180,86.1,37.58,0.22,1.34,0.209,19.7,23.18,0.129,1.2
45.0,5.0,0.7,2.5,4.5,0.4,3600,0.2,197,88.3,41.19,0.18,1.37,0.209,17.32,25.43,0.129,1.23
45.0,5.0,0.7,2.5,4.5,0.6,7200,0.8,190,84.7,39.7,0.25,1.37,0.209,12.48,24.5,0.129,1.22
45.0,5.0,1.0,1.5,3.0,0.8,,0.4,169,85.2,35.3,0.22,1.28,0.209,23.62,21.78,0.129,1.17
45.0,5.0,1.0,1.5,4.5,0.8,,0.4,168,85.1,35.08,0.22,1.28,0.209,25.16,21.64,0.129,1.17
45.0,5.0,1.0,2.5,4.5,0.6,7200,0.8,178,83.7,37.16,0.25,1.3,0.209,23.98,22.92,0.129,1.18
50.0,4.0,0.7,1.5,3.0,0.6,7200,0.8,106,82.1,22.12,0.3,1.39,0.209,12.64,13.64,0.129,1.23
50.0,4.0,1.0,2.5,3.0,0.6,,0.4,96,81.2,20.09,0.3,1.28,0.209,15.94,12.41,0.129,1.17
50.0,5.0,1.5,2.5,4.5,0.4,3600,0.8,102,75.5,21.32,0.42,1.29,0.209,17.65,13.16,0.129,1.18
40.0,3.0,0.7,2.5,4.5,0.4,,0.4,275,76.4,57.09,0.41,1.34,0.208,13.54,35.09,0.128,1.2
40.0,3.0,1.0,2.5,4.5,0.4,,0.4,275,76.4,57.13,0.4,1.29,0.208,16.9,35.13,0.128,1.18
40.0,4.0,0.7,2.5,4.5,0.8,14400,0.8,247,83.0,51.4,0.27,1.33,0.208,16.43,31.64,0.128,1.2
40.0,4.0,1.0,2.5,4.5,0.4,14400,0.2,238,81.1,49.46,0.3,1.27,0.208,18.62,30.42,0.128,1.17
40.0,4.0,1.0,2.5,4.5,0.4,14400,0.4,238,81.1,49.46,0.3,1.27,0.208,18.62,30.42,0.128,1.17
40.0,5.0,0.7,2.5,4.5,0.4,7200,0.2,237,86.9,49.37,0.2,1.33,0.208,21.51,30.41,0.128,1.2
40.0,5.0,0.7,2.5,4.5,0.4,7200,0.4,237,86.9,49.37,0.2,1.33,0.208,21.51,30.41,0.128,1.2
40.0,5.0,1.0,1.5,4.5,0.6,2400,0.4,228,85.1,47.42,0.23,1.3,0.208,21.1,29.18,0.128,1.18
45.0,2.0,0.7,2.5,3.0,0.6,7200,0.2,241,73.9,50.21,0.51,1.43,0.208,11.07,30.93,0.128,1.25
45.0,2.0,0.7,2.5,3.0,0.6,7200,0.4,241,73.9,50.21,0.51,1.43,0.208,11.07,30.93,0.128,1.25
45.0,2.0,0.7,2.5,3.0,0.8,7200,0.2,241,73.9,50.12,0.51,1.43,0.208,11.19,30.84,0.128,1.25
45.0,2.0,0.7,2.5,3.0,0.8,7200,0.4,241,73.9,50.12,0.51,1.43,0.208,11.19,30.84,0.128,1.25
45.0,2.0,1.0,2.5,4.5,0.4,2400,0.4,235,71.1,48.9,0.56,1.36,0.208,9.94,30.1,0.128,1.22
45.0,4.0,0.7,1.5,3.0,0.6,2400,0.2,204,86.8,42.44,0.22,1.41,0.208,15.66,26.12,0.128,1.25
45.0,4.0,0.7,1.5,3.0,0.8,14400,0.8,185,83.2,38.4,0.27,1.36,0.208,15.32,23.61,0.128,1.22
45.0,4.0,0.7,2.5,3.0,0.6,1200,0.2,206,86.9,42.9,0.22,1.44,0.208,15.7,26.42,0.128,1.26
45.0,4.0,0.7,2.5,3.0,0.8,3600,0.2,203,86.7,42.32,0.22,1.41,0.208,15.94,26.08,0.128,1.25
45.0,4.0,1.0,2.5,4.5,0.6,14400,0.2,174,81.6,36.25,0.29,1.28,0.208,19.04,22.33,0.128,1.17
45.0,4.0,1.0,2.5,4.5,0.6,14400,0.4,174,81.6,36.25,0.29,1.28,0.208,19.04,22.33,0.128,1.17
45.0,5.0,0.7,2.5,3.0,0.4,3600,0.2,197,88.3,40.91,0.18,1.37,0.208,17.32,25.16,0.128,1.22
45.0,5.0,1.0,1.5,3.0,0.8,7200,0.2,173,85.5,35.9,0.22,1.29,0.208,23.17,22.06,0.128,1.17
45.0,5.0,1.0,1.5,3.0,0.8,7200,0.4,173,85.5,35.9,0.22,1.29,0.208,23.17,22.06,0.128,1.17
45.0,5.0,1.0,2.5,4.5,0.8,1200,0.8,249,73.5,51.84,0.58,1.6,0.208,11.37,31.92,0.128,1.35
50.0,4.0,1.0,2.5,4.5,0.8,14400,0.2,95,81.1,19.76,0.3,1.27,0.208,15.5,12.16,0.128,1.17
50.0,4.0,1.0,2.5,4.5,0.8,14400,0.4,95,81.1,19.76,0.3,1.27,0.208,15.5,12.16,0.128,1.17
40.0,3.0,1.5,2.5,3.0,0.6,7200,0.2,274,75.9,56.73,0.41,1.29,0.207,16.36,34.81,0.127,1.17
40.0,3.0,1.5,2.5,3.0,0.6,7200,0.4,274,75.9,56.73,0.41,1.29,0.207,16.36,34.81,0.127,1.17
40.0,5.0,0.7,2.5,4.5,0.8,,0.4,220,85.5,45.48,0.22,1.31,0.207,17.29,27.88,0.127,1.18
40.0,5.0,1.0,1.5,4.5,0.4,1200,0.2,228,85.5,47.23,0.22,1.29,0.207,23.07,28.99,0.127,1.17
40.0,5.0,1.0,2.5,4.5,0.4,2400,0.8,276,77.5,57.07,0.4,1.38,0.207,15.71,34.99,0.127,1.23
45.0,2.0,0.7,1.5,3.0,0.6,14400,0.2,238,72.3,49.27,0.54,1.42,0.207,10.88,30.23,0.127,1.25
45.0,2.0,0.7,1.5,3.0,0.6,14400,0.4,238,72.3,49.27,0.54,1.42,0.207,10.88,30.23,0.127,1.25
45.0,2.0,0.7,1.5,3.0,0.8,14400,0.8,238,72.3,49.25,0.54,1.42,0.207,11.43,30.21,0.127,1.25
45.0,2.0,1.0,2.5,4.5,0.6,14400,0.2,232,69.8,48.08,0.58,1.34,0.207,14.46,29.52,0.127,1.2
45.0,2.0,1.0,2.5,4.5,0.6,14400,0.4,232,69.8,48.08,0.58,1.34,0.207,14.46,29.52,0.127,1.2
45.0,2.0,1.5,2.5,4.5,0.4,3600,0.8,250,66.0,51.83,0.71,1.39,0.207,12.0,31.84,0.127,1.22
45.0,5.0,0.7,2.5,3.0,0.6,7200,0.8,190,84.7,39.26,0.25,1.36,0.207,12.48,24.06,0.127,1.22
45.0,5.0,0.7,2.5,3.0,0.8,14400,0.8,180,86.1,37.33,0.22,1.34,0.207,19.95,22.93,0.127,1.2
45.0,5.0,1.0,2.5,4.5,0.6,3600,0.4,174,85.6,36.07,0.22,1.29,0.207,24.2,22.15,0.127,1.17
50.0,2.0,1.5,2.5,4.5,0.8,14400,0.2,112,67.0,23.2,0.65,1.31,0.207,11.8,14.24,0.127,1.19
50.0,2.0,1.5,2.5,4.5,0.8,14400,0.4,112,67.0,23.2,0.65,1.31,0.207,11.8,14.24,0.127,1.19
50.0,5.0,0.7,1.5,3.0,0.4,7200,0.8,102,84.3,21.15,0.25,1.36,0.207,14.37,12.99,0.127,1.22
40.0,5.0,1.0,1.5,3.0,0.4,1200,0.2,228,85.5,46.92,0.22,1.28,0.206,23.07,28.68,0.126,1.17
40.0,5.0,1.0,1.5,3.0,0.4,3600,0.8,255,80.4,52.42,0.33,1.34,0.206,17.12,32.02,0.126,1.2
40.0,5.0,1.0,1.5,3.0,0.6,2400,0.4,228,85.1,46.88,0.23,1.29,0.206,21.1,28.64,0.126,1.18
40.0,5.0,1.0,2.5,3.0,0.6,3600,0.8,255,80.4,52.47,0.33,1.34,0.206,17.81,32.07,0.126,1.2
45.0,2.0,1.0,2.5,3.0,0.4,2400,0.4,235,71.1,48.34,0.55,1.36,0.206,9.94,29.54,0.126,1.21
45.0,4.0,0.7,1.5,4.5,0.6,1200,0.2,206,86.9,42.42,0.22,1.43,0.206,15.93,25.94,0.126,1.26
45.0,4.0,1.0,2.5,3.0,0.6,14400,0.2,174,81.6,35.78,0.29,1.28,0.206,19.04,21.86,0.126,1.17
45.0,4.0,1.0,2.5,3.0,0.6,14400,0.4,174,81.6,35.78,0.29,1.28,0.206,19.04,21.86,0.126,1.17
45.0,5.0,0.7,2.5,4.5,0.6,7200,0.2,185,87.0,38.1,0.2,1.34,0.206,16.4,23.3,0.126,1.21
45.0,5.0,0.7,2.5,4.5,0.6,7200,0.4,185,87.0,38.1,0.2,1.34,0.206,16.4,23.3,0.126,1.21
45.0,5.0,1.0,2.5,3.0,0.6,7200,0.8,178,83.7,36.72,0.25,1.29,0.206,23.86,22.48,0.126,1.18
45.0,5.0,1.0,2.5,3.0,0.8,1200,0.8,249,73.5,51.39,0.58,1.59,0.206,11.37,31.47,0.126,1.34
45.0,5.0,1.0,2.5,4.5,0.6,2400,0.2,173,85.5,35.64,0.22,1.29,0.206,22.97,21.8,0.126,1.17
50.0,4.0,0.7,1.5,4.5,0.8,7200,0.2,104,84.6,21.43,0.25,1.36,0.206,12.35,13.11,0.126,1.21
50.0,4.0,0.7,1.5,4.5,0.8,7200,0.4,104,84.6,21.43,0.25,1.36,0.206,12.35,13.11,0.126,1.21
50.0,4.0,0.7,2.5,3.0,0.8,7200,0.2,104,84.6,21.4,0.25,1.36,0.206,12.97,13.07,0.126,1.21
50.0,4.0,0.7,2.5,3.0,0.8,7200,0.4,104,84.6,21.4,0.25,1.36,0.206,12.97,13.07,0.126,1.21
50.0,4.0,1.0,1.5,4.5,0.4,,0.4,96,81.2,19.81,0.29,1.28,0.206,15.74,12.13,0.126,1.17
50.0,4.0,1.5,2.5,3.0,0.8,2400,0.4,97,79.4,19.98,0.33,1.28,0.206,15.02,12.22,0.126,1.17
50.0,4.0,1.5,2.5,4.5,0.4,3600,0.8,108,73.1,22.22,0.48,1.31,0.206,16.65,13.58,0.126,1.18
50.0,5.0,1.0,2.5,4.5,0.4,14400,0.2,92,83.7,18.96,0.24,1.25,0.206,16.66,11.6,0.126,1.15
50.0,5.0,1.0,2.5,4.5,0.4,14400,0.4,92,83.7,18.96,0.24,1.25,0.206,16.66,11.6,0.126,1.15
50.0,5.0,1.5,2.5,3.0,0.4,3600,0.8,102,75.5,21.0,0.42,1.29,0.206,18.02,12.84,0.126,1.17
55.0,4.0,1.5,2.5,4.5,0.4,1200,0.4,68,75.0,14.04,0.45,1.34,0.206,8.0,8.6,0.126,1.2
40.0,4.0,1.0,2.5,4.5,0.4,14400,0.8,238,81.1,48.71,0.3,1.27,0.205,18.62,29.67,0.125,1.16
40.0,5.0,0.7,2.5,3.0,0.8,,0.4,221,85.5,45.41,0.22,1.31,0.205,17.36,27.73,0.125,1.19
45.0,2.0,0.7,1.5,3.0,0.6,14400,0.8,238,72.3,48.84,0.54,1.41,0.205,11.13,29.8,0.125,1.24
45.0,2.0,1.5,2.5,3.0,0.4,3600,0.8,250,66.0,51.37,0.71,1.38,0.205,12.0,31.37,0.125,1.22
45.0,3.0,0.7,2.5,4.5,0.4,3600,0.2,223,82.1,45.66,0.31,1.41,0.205,15.68,27.82,0.125,1.24
45.0,4.0,1.5,2.5,4.5,0.4,1200,0.8,245,70.6,50.32,0.63,1.51,0.205,16.94,30.72,0.125,1.29
45.0,5.0,0.7,2.5,4.5,0.4,3600,0.4,198,88.4,40.64,0.18,1.37,0.205,18.02,24.8,0.125,1.22
45.0,5.0,1.0,2.5,3.0,0.6,3600,0.4,174,85.6,35.61,0.22,1.28,0.205,24.07,21.69,0.125,1.17
45.0,5.0,1.0,2.5,4.5,0.4,3600,0.8,198,80.3,40.65,0.33,1.33,0.205,17.28,24.81,0.125,1.19
50.0,2.0,1.5,2.5,4.5,0.8,14400,0.8,113,66.4,23.11,0.67,1.32,0.205,10.86,14.07,0.125,1.19
50.0,4.0,0.7,2.5,3.0,0.6,7200,0.2,104,84.6,21.34,0.25,1.35,0.205,12.77,13.02,0.125,1.21
50.0,4.0,0.7,2.5,3.0,0.6,7200,0.4,104,84.6,21.34,0.25,1.35,0.205,12.77,13.02,0.125,1.21
50.0,5.0,1.5,2.5,3.0,0.6,2400,0.8,107,72.0,21.93,0.52,1.34,0.205,18.89,13.37,0.125,1.2
55.0,4.0,1.5,2.5,3.0,0.4,1200,0.4,68,75.0,13.93,0.45,1.34,0.205,8.0,8.49,0.125,1.2
40.0,3.0,1.5,2.5,3.0,0.8,,0.4,274,75.9,55.89,0.41,1.28,0.204,17.91,33.97,0.124,1.17
40.0,4.0,1.5,2.5,4.5,0.8,1200,0.2,237,81.4,48.28,0.29,1.27,0.204,16.88,29.32,0.124,1.16
40.0,5.0,1.0,2.5,3.0,0.4,2400,0.8,276,77.5,56.34,0.4,1.38,0.204,15.71,34.26,0.124,1.22
40.0,5.0,1.5,2.5,4.5,0.8,2400,0.8,276,76.8,56.24,0.42,1.38,0.204,14.25,34.16,0.124,1.22
45.0,2.0,1.0,2.5,3.0,0.8,14400,0.8,233,69.5,47.49,0.59,1.34,0.204,15.74,28.85,0.124,1.2
45.0,2.0,1.5,2.5,4.5,0.6,1200,0.4,243,67.9,49.52,0.65,1.38,0.204,9.84,30.08,0.124,1.22
45.0,3.0,0.7,2.5,3.0,0.4,3600,0.2,223,82.1,45.39,0.31,1.4,0.204,15.68,27.55,0.124,1.24
45.0,4.0,0.7,1.5,3.0,0.6,1200,0.2,206,86.9,42.0,0.22,1.43,0.204,15.93,25.52,0.124,1.25
45.0,4.0,0.7,1.5,4.5,0.8,3600,0.2,203,86.7,41.48,0.22,1.41,0.204,15.96,25.24,0.124,1.24
45.0,4.0,0.7,2.5,4.5,0.8,3600,0.4,204,86.3,41.58,0.22,1.41,0.204,15.94,25.26,0.124,1.24
45.0,4.0,1.0,1.5,4.5,0.4,14400,0.2,175,81.7,35.79,0.29,1.28,0.205,19.41,21.79,0.124,1.17
45.0,4.0,1.0,1.5,4.5,0.4,14400,0.4,175,81.7,35.79,0.29,1.28,0.205,19.41,21.79,0.124,1.17
45.0,4.0,1.0,2.5,4.5,0.6,14400,0.8,174,81.6,35.49,0.29,1.28,0.204,19.04,21.57,0.124,1.17
45.0,4.0,1.5,2.5,3.0,0.4,1200,0.8,245,70.6,50.05,0.63,1.5,0.204,16.94,30.46,0.124,1.29
45.0,5.0,0.7,2.5,3.0,0.4,3600,0.4,198,88.4,40.37,0.18,1.37,0.204,18.02,24.53,0.124,1.22
45.0,5.0,0.7,2.5,3.0,0.6,7200,0.2,185,87.0,37.65,0.2,1.34,0.204,16.4,22.85,0.124,1.2
45.0,5.0,0.7,2.5,3.0,0.6,7200,0.4,185,87.0,37.65,0.2,1.34,0.204,16.4,22.85,0.124,1.2
45.0,5.0,1.0,2.5,3.0,0.4,3600,0.8,198,80.3,40.38,0.32,1.32,0.204,17.28,24.54,0.124,1.19
50.0,4.0,0.7,1.5,3.0,0.8,7200,0.8,107,81.3,21.84,0.32,1.38,0.204,12.72,13.27,0.124,1.22
50.0,5.0,1.0,2.5,3.0,0.4,14400,0.2,92,83.7,18.72,0.24,1.25,0.203,17.03,11.36,0.124,1.15
50.0,5.0,1.0,2.5,3.0,0.4,14400,0.4,92,83.7,18.72,0.24,1.25,0.203,17.03,11.36,0.124,1.15
40.0,2.0,1.5,2.5,3.0,0.4,,0.4,317,68.5,64.24,0.61,1.32,0.203,13.46,38.88,0.123,1.19
40.0,3.0,0.7,2.5,3.0,0.4,14400,0.2,282,78.0,57.27,0.38,1.34,0.203,14.56,34.72,0.123,1.2
40.0,3.0,0.7,2.5,3.0,0.4,14400,0.4,282,78.0,57.27,0.38,1.34,0.203,14.56,34.72,0.123,1.2
40.0,3.0,1.5,2.5,4.5,0.6,2400,0.2,275,76.4,55.75,0.4,1.29,0.203,16.82,33.75,0.123,1.17
40.0,3.0,1.5,2.5,4.5,0.6,3600,0.2,275,76.0,55.86,0.41,1.28,0.203,16.37,33.86,0.123,1.17
40.0,4.0,1.5,2.5,3.0,0.8,1200,0.2,237,81.4,48.16,0.29,1.27,0.203,16.88,29.2,0.123,1.16
40.0,4.0,1.5,2.5,4.5,0.6,2400,0.4,246,79.7,49.83,0.33,1.28,0.203,20.56,30.15,0.123,1.16
40.0,5.0,0.7,2.5,3.0,0.6,14400,0.2,234,86.3,47.55,0.21,1.32,0.203,19.4,28.83,0.123,1.19
40.0,5.0,0.7,2.5,3.0,0.6,14400,0.4,234,86.3,47.55,0.21,1.32,0.203,19.4,28.83,0.123,1.19
40.0,5.0,1.0,1.5,4.5,0.8,7200,0.8,229,84.3,46.38,0.24,1.29,0.203,22.1,28.06,0.123,1.17
45.0,2.0,1.0,2.5,3.0,0.6,14400,0.2,232,69.8,47.04,0.58,1.34,0.203,14.46,28.48,0.123,1.2
45.0,2.0,1.0,2.5,3.0,0.6,14400,0.4,232,69.8,47.04,0.58,1.34,0.203,14.46,28.48,0.123,1.2
45.0,4.0,0.7,2.5,4.5,0.4,1200,0.4,215,83.3,43.54,0.29,1.46,0.203,15.51,26.34,0.123,1.27
45.0,5.0,0.7,1.5,4.5,0.8,1200,0.8,261,74.7,52.96,0.59,1.75,0.203,13.03,32.08,0.123,1.42
45.0,5.0,1.0,2.5,3.0,0.6,2400,0.2,173,85.5,35.04,0.22,1.28,0.203,22.97,21.2,0.123,1.17
50.0,3.0,0.7,2.5,4.5,0.8,14400,0.8,109,76.1,22.08,0.42,1.33,0.203,10.31,13.36,0.123,1.2
50.0,4.0,0.7,1.5,4.5,0.6,7200,0.2,104,84.6,21.11,0.25,1.35,0.203,12.3,12.79,0.123,1.21
50.0,4.0,0.7,1.5,4.5,0.6,7200,0.4,104,84.6,21.11,0.25,1.35,0.203,12.3,12.79,0.123,1.21
50.0,4.0,0.7,1.5,4.5,0.6,,0.4,95,81.1,19.29,0.31,1.32,0.203,12.5,11.69,0.123,1.19
50.0,4.0,1.0,2.5,4.5,0.4,14400,0.8,96,80.2,19.47,0.31,1.27,0.203,15.66,11.79,0.123,1.16
50.0,4.0,1.5,2.5,3.0,0.4,3600,0.8,108,73.1,21.9,0.48,1.31,0.203,17.02,13.26,0.123,1.18
50.0,5.0,1.5,2.5,3.0,0.8,7200,0.8,94,79.8,19.12,0.32,1.25,0.203,15.99,11.6,0.123,1.15
40.0,2.0,1.5,2.5,4.5,0.4,14400,0.2,315,68.3,63.77,0.61,1.32,0.202,13.41,38.57,0.122,1.19
40.0,2.0,1.5,2.5,4.5,0.4,14400,0.4,315,68.3,63.77,0.61,1.32,0.202,13.41,38.57,0.122,1.19
40.0,3.0,0.7,2.5,3.0,0.4,14400,0.8,282,78.0,57.03,0.38,1.34,0.202,14.8,34.47,0.122,1.2
40.0,3.0,0.7,2.5,3.0,0.8,14400,0.2,280,77.9,56.51,0.38,1.34,0.202,16.88,34.11,0.122,1.2
40.0,3.0,0.7,2.5,3.0,0.8,14400,0.4,280,77.9,56.51,0.38,1.34,0.202,16.88,34.11,0.122,1.2
40.0,3.0,1.0,2.5,3.0,0.4,,0.4,276,76.4,55.65,0.4,1.29,0.202,16.9,33.57,0.122,1.17
40.0,3.0,1.5,2.5,4.5,0.6,2400,0.4,281,75.4,56.77,0.42,1.3,0.202,16.82,34.29,0.122,1.17
40.0,4.0,0.7,2.5,4.5,0.4,,0.4,238,81.1,47.99,0.3,1.3,0.202,15.95,28.95,0.122,1.18
40.0,4.0,1.0,1.5,4.5,0.8,14400,0.2,235,81.7,47.56,0.29,1.28,0.202,16.16,28.76,0.122,1.16
40.0,4.0,1.0,1.5,4.5,0.8,14400,0.4,235,81.7,47.56,0.29,1.28,0.202,16.16,28.76,0.122,1.16
40.0,4.0,1.5,2.5,4.5,0.8,2400,0.4,245,80.0,49.6,0.32,1.28,0.202,18.29,30.0,0.122,1.17
40.0,5.0,0.7,2.5,3.0,0.6,14400,0.8,234,86.3,47.31,0.21,1.31,0.202,19.64,28.59,0.122,1.19
40.0,5.0,1.0,2.5,3.0,0.8,7200,0.8,230,84.3,46.38,0.24,1.29,0.202,22.79,27.98,0.122,1.17
45.0,2.0,1.5,2.5,3.0,0.6,1200,0.4,243,67.9,49.0,0.65,1.37,0.202,9.84,29.56,0.122,1.21
45.0,4.0,0.7,2.5,4.5,0.4,1200,0.8,262,73.3,52.98,0.62,1.69,0.202,16.35,32.02,0.122,1.39
45.0,5.0,0.7,1.5,4.5,0.4,3600,0.8,217,81.6,43.92,0.32,1.43,0.202,14.09,26.56,0.122,1.25
45.0,5.0,0.7,1.5,4.5,0.6,14400,0.2,180,86.1,36.4,0.21,1.33,0.202,18.08,22.0,0.122,1.19
45.0,5.0,0.7,1.5,4.5,0.6,14400,0.4,180,86.1,36.4,0.21,1.33,0.202,18.08,22.0,0.122,1.19
45.0,5.0,0.7,1.5,4.5,0.8,,0.4,168,85.1,33.88,0.23,1.31,0.202,18.25,20.44,0.122,1.18
45.0,5.0,1.0,1.5,4.5,0.6,3600,0.2,173,85.5,34.94,0.22,1.28,0.202,23.29,21.1,0.122,1.17
50.0,4.0,1.0,2.5,4.5,0.6,,0.4,95,81.1,19.14,0.3,1.27,0.201,15.56,11.54,0.122,1.16
50.0,5.0,0.7,2.5,4.5,0.8,7200,0.8,101,84.2,20.4,0.25,1.35,0.202,14.47,12.32,0.122,1.2
50.0,5.0,1.5,2.5,4.5,0.6,7200,0.8,94,79.8,19.01,0.32,1.25,0.202,15.78,11.49,0.122,1.15
40.0,2.0,1.5,2.5,4.5,0.8,14400,0.2,310,68.1,62.23,0.62,1.31,0.201,16.77,37.43,0.121,1.18
40.0,2.0,1.5,2.5,4.5,0.8,14400,0.4,310,68.1,62.23,0.62,1.31,0.201,16.77,37.43,0.121,1.18
40.0,3.0,0.7,2.5,3.0,0.4,,0.4,276,76.4,55.49,0.41,1.33,0.201,13.54,33.41,0.121,1.19
40.0,3.0,0.7,2.5,3.0,0.8,14400,0.8,280,77.9,56.27,0.38,1.34,0.201,16.88,33.87,0.121,1.2
40.0,4.0,1.0,2.5,4.5,0.8,,0.4,233,81.1,46.92,0.29,1.27,0.201,18.33,28.28,0.121,1.16
40.0,4.0,1.5,2.5,3.0,0.6,2400,0.4,246,79.7,49.36,0.32,1.27,0.201,20.56,29.68,0.121,1.16
40.0,5.0,0.7,2.5,3.0,0.4,7200,0.2,237,86.9,47.69,0.2,1.32,0.201,21.51,28.73,0.121,1.19
40.0,5.0,0.7,2.5,3.0,0.4,7200,0.4,237,86.9,47.69,0.2,1.32,0.201,21.51,28.73,0.121,1.19
40.0,5.0,1.5,2.5,3.0,0.8,2400,0.8,276,76.8,55.52,0.41,1.37,0.201,14.08,33.44,0.121,1.22
45.0,2.0,0.7,1.5,4.5,0.4,7200,0.8,248,72.2,49.86,0.55,1.43,0.201,9.49,30.02,0.121,1.24
45.0,2.0,0.7,1.5,4.5,0.4,,0.4,231,70.1,46.46,0.59,1.39,0.201,9.35,27.98,0.121,1.23
45.0,2.0,0.7,2.5,4.5,0.6,7200,0.8,247,72.1,49.76,0.55,1.42,0.201,10.4,30.01,0.121,1.24
45.0,2.0,1.0,1.5,4.5,0.4,,0.4,231,70.1,46.46,0.57,1.34,0.201,13.36,27.98,0.121,1.19
45.0,2.0,1.0,2.5,4.5,0.6,14400,0.8,233,69.5,46.9,0.58,1.33,0.201,15.21,28.26,0.121,1.19
45.0,4.0,0.7,2.5,3.0,0.4,1200,0.4,215,83.3,43.27,0.29,1.45,0.201,15.51,26.07,0.121,1.27
45.0,4.0,0.7,2.5,3.0,0.4,1200,0.8,262,73.3,52.71,0.62,1.69,0.201,16.35,31.75,0.121,1.38
45.0,4.0,0.7,2.5,4.5,0.6,2400,0.4,207,86.5,41.66,0.22,1.41,0.201,15.7,25.1,0.121,1.24
45.0,4.0,1.0,1.5,4.5,0.4,7200,0.2,175,81.7,35.23,0.29,1.28,0.201,19.38,21.23,0.121,1.16
45.0,4.0,1.0,1.5,4.5,0.4,7200,0.4,175,81.7,35.23,0.29,1.28,0.201,19.38,21.23,0.121,1.16
45.0,4.0,1.0,2.5,3.0,0.6,14400,0.8,174,81.6,35.02,0.29,1.27,0.201,19.04,21.11,0.121,1.16
45.0,4.0,1.0,2.5,3.0,0.8,14400,0.2,174,81.6,35.04,0.29,1.27,0.201,19.74,21.12,0.121,1.16
45.0,4.0,1.0,2.5,3.0,0.8,14400,0.4,174,81.6,35.04,0.29,1.27,0.201,19.74,21.12,0.121,1.16
45.0,5.0,0.7,1.5,3.0,0.4,3600,0.8,217,81.6,43.65,0.32,1.43,0.201,14.47,26.29,0.121,1.25
45.0,5.0,0.7,1.5,3.0,0.8,1200,0.8,261,74.7,52.51,0.59,1.75,0.201,13.03,31.63,0.121,1.42
45.0,5.0,0.7,1.5,3.0,0.8,,0.4,169,85.2,33.98,0.23,1.31,0.201,17.01,20.46,0.121,1.18
45.0,5.0,0.7,1.5,4.5,0.6,14400,0.8,180,86.1,36.15,0.21,1.32,0.201,18.32,21.75,0.121,1.19
45.0,5.0,1.0,2.5,4.5,0.6,2400,0.4,175,85.7,35.2,0.21,1.28,0.201,23.98,21.2,0.121,1.17
50.0,2.0,1.5,2.5,4.5,0.6,3600,0.4,113,68.1,22.75,0.62,1.32,0.201,9.71,13.71,0.121,1.18
55.0,5.0,1.5,2.5,4.5,0.6,2400,0.8,70,78.6,14.08,0.36,1.34,0.201,7.27,8.48,0.121,1.2
40.0,2.0,1.5,2.5,4.5,0.4,14400,0.8,316,68.0,63.14,0.62,1.32,0.2,13.92,37.86,0.12,1.18
40.0,3.0,1.5,2.5,3.0,0.6,2400,0.2,275,76.4,54.99,0.4,1.28,0.2,16.82,32.99,0.12,1.17
40.0,4.0,1.0,2.5,4.5,0.4,7200,0.2,238,81.1,47.52,0.29,1.26,0.2,18.93,28.48,0.12,1.16
40.0,4.0,1.0,2.5,4.5,0.4,7200,0.4,238,81.1,47.52,0.29,1.26,0.2,18.93,28.48,0.12,1.16
40.0,4.0,1.5,2.5,3.0,0.8,2400,0.4,245,80.0,49.0,0.32,1.28,0.2,18.29,29.4,0.12,1.16
45.0,2.0,0.7,1.5,3.0,0.4,,0.4,232,70.3,46.37,0.59,1.39,0.2,9.35,27.81,0.12,1.22
45.0,2.0,0.7,1.5,4.5,0.8,7200,0.2,241,73.9,48.3,0.5,1.41,0.2,10.27,29.02,0.12,1.24
45.0,2.0,0.7,1.5,4.5,0.8,7200,0.4,241,73.9,48.3,0.5,1.41,0.2,10.27,29.02,0.12,1.24
45.0,2.0,0.7,2.5,4.5,0.6,3600,0.4,249,76.3,49.68,0.45,1.44,0.2,10.81,29.76,0.12,1.25
45.0,2.0,1.0,1.5,3.0,0.4,,0.4,232,70.3,46.49,0.57,1.34,0.2,12.34,27.93,0.12,1.19
45.0,4.0,0.7,1.5,3.0,0.8,3600,0.2,203,86.7,40.54,0.21,1.4,0.2,15.96,24.3,0.12,1.23
45.0,4.0,1.0,1.5,3.0,0.4,14400,0.2,175,81.7,35.08,0.29,1.27,0.2,19.41,21.08,0.12,1.16
45.0,4.0,1.0,1.5,3.0,0.4,14400,0.4,175,81.7,35.08,0.29,1.27,0.2,19.41,21.08,0.12,1.16
45.0,4.0,1.0,1.5,4.5,0.4,14400,0.8,175,81.7,35.03,0.29,1.27,0.2,19.41,21.03,0.12,1.16
45.0,4.0,1.0,2.5,4.5,0.4,7200,0.8,180,80.0,36.05,0.32,1.28,0.2,18.72,21.65,0.12,1.16
50.0,2.0,1.5,2.5,4.5,0.8,2400,0.4,113,68.1,22.65,0.62,1.32,0.2,9.7,13.61,0.12,1.19
50.0,4.0,0.7,2.5,4.5,0.4,14400,0.2,102,82.4,20.42,0.28,1.32,0.2,12.71,12.26,0.12,1.19
50.0,4.0,0.7,2.5,4.5,0.4,14400,0.4,102,82.4,20.42,0.28,1.32,0.2,12.71,12.26,0.12,1.19
50.0,4.0,1.0,2.5,3.0,0.4,14400,0.8,96,80.2,19.23,0.31,1.27,0.2,16.03,11.55,0.12,1.16
50.0,4.0,1.5,2.5,4.5,0.6,1200,0.4,104,75.0,20.84,0.44,1.32,0.2,14.76,12.52,0.12,1.19
55.0,5.0,1.5,2.5,3.0,0.6,2400,0.8,70,78.6,14.01,0.36,1.34,0.2,7.27,8.41,0.12,1.2
40.0,2.0,1.5,2.5,4.5,0.4,7200,0.2,315,68.3,62.68,0.61,1.31,0.199,14.21,37.48,0.119,1.18
40.0,2.0,1.5,2.5,4.5,0.4,7200,0.4,315,68.3,62.68,0.61,1.31,0.199,14.21,37.48,0.119,1.18
40.0,3.0,1.5,2.5,3.0,0.6,2400,0.4,281,75.4,56.01,0.42,1.29,0.199,16.82,33.53,0.119,1.17
40.0,3.0,1.5,2.5,3.0,0.6,3600,0.2,275,76.0,54.85,0.4,1.28,0.199,16.37,32.85,0.119,1.16
40.0,3.0,1.5,2.5,3.0,0.8,14400,0.2,273,75.8,54.42,0.41,1.28,0.199,17.12,32.58,0.119,1.16
40.0,3.0,1.5,2.5,3.0,0.8,14400,0.4,273,75.8,54.42,0.41,1.28,0.199,17.12,32.58,0.119,1.16
40.0,3.0,1.5,2.5,3.0,0.8,14400,0.8,273,75.8,54.31,0.41,1.28,0.199,17.12,32.47,0.119,1.16
40.0,3.0,1.5,2.5,4.5,0.8,7200,0.2,273,75.8,54.22,0.41,1.28,0.199,17.08,32.38,0.119,1.16
40.0,3.0,1.5,2.5,4.5,0.8,7200,0.4,273,75.8,54.22,0.41,1.28,0.199,17.08,32.38,0.119,1.16
40.0,4.0,1.0,1.5,4.5,0.8,14400,0.8,235,81.7,46.81,0.28,1.27,0.199,16.16,28.01,0.119,1.16
40.0,4.0,1.0,2.5,3.0,0.4,14400,0.2,238,81.1,47.32,0.29,1.26,0.199,18.62,28.28,0.119,1.15
40.0,4.0,1.0,2.5,3.0,0.4,14400,0.4,238,81.1,47.32,0.29,1.26,0.199,18.62,28.28,0.119,1.15
45.0,2.0,0.7,1.5,4.5,0.4,3600,0.4,250,76.4,49.85,0.45,1.44,0.199,10.32,29.86,0.119,1.25
45.0,2.0,0.7,1.5,4.5,0.8,,0.4,230,70.0,45.76,0.59,1.39,0.199,9.59,27.36,0.119,1.22
45.0,2.0,0.7,2.5,3.0,0.8,7200,0.8,247,72.1,49.09,0.55,1.42,0.199,10.4,29.33,0.119,1.24
45.0,3.0,0.7,2.5,4.5,0.4,14400,0.2,211,77.3,41.91,0.39,1.34,0.199,14.11,25.03,0.119,1.2
45.0,3.0,0.7,2.5,4.5,0.4,14400,0.4,211,77.3,41.91,0.39,1.34,0.199,14.11,25.03,0.119,1.2
45.0,3.0,0.7,2.5,4.5,0.8,14400,0.2,210,76.7,41.69,0.41,1.33,0.199,17.42,24.89,0.119,1.19
45.0,3.0,0.7,2.5,4.5,0.8,14400,0.4,210,76.7,41.69,0.41,1.33,0.199,17.42,24.89,0.119,1.19
45.0,4.0,0.7,1.5,4.5,0.4,3600,0.8,221,79.2,44.06,0.38,1.44,0.199,15.7,26.38,0.119,1.25
45.0,4.0,0.7,2.5,3.0,0.6,2400,0.4,207,86.5,41.11,0.22,1.4,0.199,15.7,24.55,0.119,1.23
45.0,4.0,0.7,2.5,3.0,0.8,3600,0.4,204,86.3,40.64,0.22,1.4,0.199,15.94,24.32,0.119,1.23
45.0,4.0,0.7,2.5,4.5,0.8,2400,0.2,204,86.8,40.52,0.21,1.4,0.199,16.16,24.2,0.119,1.23
45.0,4.0,1.0,2.5,4.5,0.6,7200,0.2,174,81.6,34.6,0.29,1.27,0.199,19.21,20.68,0.119,1.16
45.0,4.0,1.0,2.5,4.5,0.6,7200,0.4,174,81.6,34.6,0.29,1.27,0.199,19.21,20.68,0.119,1.16
45.0,4.0,1.0,2.5,4.5,0.8,,0.4,172,81.4,34.21,0.29,1.27,0.199,19.6,20.46,0.119,1.16
45.0,4.0,1.5,2.5,4.5,0.8,2400,0.4,177,80.2,35.19,0.31,1.27,0.199,19.25,21.03,0.119,1.16
45.0,5.0,0.7,1.5,3.0,0.6,14400,0.2,180,86.1,35.87,0.21,1.32,0.199,18.17,21.47,0.119,1.19
45.0,5.0,0.7,1.5,3.0,0.6,14400,0.4,180,86.1,35.87,0.21,1.32,0.199,18.17,21.47,0.119,1.19
45.0,5.0,1.0,1.5,3.0,0.6,3600,0.2,173,85.5,34.49,0.22,1.28,0.199,23.16,20.65,0.119,1.16
45.0,5.0,1.0,1.5,4.5,0.6,2400,0.2,173,85.5,34.48,0.22,1.28,0.199,22.99,20.64,0.119,1.16
45.0,5.0,1.5,2.5,4.5,0.8,2400,0.8,208,76.9,41.46,0.41,1.35,0.199,11.52,24.82,0.119,1.2
50.0,5.0,1.0,2.5,4.5,0.4,7200,0.2,92,83.7,18.29,0.24,1.24,0.199,16.63,10.93,0.119,1.14
50.0,5.0,1.0,2.5,4.5,0.4,7200,0.4,92,83.7,18.29,0.24,1.24,0.199,16.63,10.93,0.119,1.14
50.0,5.0,1.5,2.5,4.5,0.8,2400,0.8,106,72.6,21.14,0.5,1.33,0.199,19.15,12.66,0.119,1.19
40.0,2.0,1.5,2.5,4.5,0.6,,0.4,314,68.2,62.17,0.61,1.31,0.198,15.48,37.05,0.118,1.18
40.0,3.0,1.5,2.5,4.5,0.8,3600,0.4,275,76.4,54.54,0.4,1.28,0.198,17.11,32.55,0.118,1.16
40.0,5.0,0.7,1.5,4.5,0.6,,0.4,223,85.7,44.26,0.22,1.3,0.198,18.19,26.42,0.118,1.17
40.0,5.0,0.7,2.5,4.5,0.8,14400,0.2,231,86.1,45.8,0.21,1.3,0.198,18.34,27.32,0.118,1.18
40.0,5.0,0.7,2.5,4.5,0.8,14400,0.4,231,86.1,45.8,0.21,1.3,0.198,18.34,27.32,0.118,1.18
45.0,2.0,0.7,1.5,3.0,0.4,3600,0.4,250,76.4,49.39,0.44,1.44,0.198,10.32,29.39,0.118,1.25
45.0,2.0,0.7,1.5,3.0,0.4,7200,0.8,248,72.2,49.12,0.55,1.42,0.198,9.49,29.28,0.118,1.24
45.0,2.0,0.7,1.5,4.5,0.6,7200,0.2,241,73.9,47.82,0.5,1.41,0.198,10.32,28.54,0.118,1.23
45.0,2.0,0.7,1.5,4.5,0.6,7200,0.4,241,73.9,47.82,0.5,1.41,0.198,10.32,28.54,0.118,1.23
45.0,2.0,0.7,2.5,3.0,0.6,7200,0.8,247,72.1,48.81,0.55,1.42,0.198,10.4,29.05,0.118,1.24
45.0,2.0,1.0,1.5,4.5,0.8,,0.4,230,70.0,45.64,0.57,1.33,0.198,13.66,27.24,0.118,1.19
45.0,2.0,1.0,2.5,4.5,0.4,3600,0.4,234,70.5,46.36,0.56,1.34,0.198,13.41,27.64,0.118,1.19
45.0,2.0,1.5,2.5,4.5,0.8,1200,0.4,243,67.9,48.01,0.65,1.37,0.198,9.79,28.57,0.118,1.21
45.0,4.0,0.7,1.5,3.0,0.4,3600,0.8,221,79.2,43.79,0.38,1.44,0.198,15.7,26.11,0.118,1.25
45.0,4.0,0.7,1.5,4.5,0.8,2400,0.2,204,86.8,40.37,0.21,1.39,0.198,16.21,24.05,0.118,1.23
45.0,4.0,1.0,1.5,3.0,0.4,7200,0.2,175,81.7,34.69,0.28,1.27,0.198,19.38,20.69,0.118,1.16
45.0,4.0,1.0,1.5,3.0,0.4,7200,0.4,175,81.7,34.69,0.28,1.27,0.198,19.38,20.69,0.118,1.16
45.0,4.0,1.0,2.5,3.0,0.8,,0.4,173,81.5,34.21,0.29,1.27,0.198,19.6,20.37,0.118,1.16
45.0,5.0,0.7,1.5,3.0,0.6,14400,0.8,180,86.1,35.63,0.21,1.32,0.198,18.42,21.23,0.118,1.19
45.0,5.0,0.7,1.5,4.5,0.8,14400,0.2,180,86.1,35.7,0.21,1.32,0.198,18.77,21.3,0.118,1.19
45.0,5.0,0.7,1.5,4.5,0.8,14400,0.4,180,86.1,35.7,0.21,1.32,0.198,18.77,21.3,0.118,1.19
45.0,5.0,0.7,2.5,4.5,0.8,1200,0.8,261,74.7,51.64,0.59,1.74,0.198,13.21,30.76,0.118,1.41
45.0,5.0,0.7,2.5,4.5,0.8,7200,0.8,190,84.7,37.69,0.24,1.35,0.198,12.8,22.49,0.118,1.2
45.0,5.0,1.0,2.5,3.0,0.6,2400,0.4,175,85.7,34.59,0.21,1.28,0.198,23.98,20.59,0.118,1.16
45.0,5.0,1.0,2.5,4.5,0.4,1200,0.4,186,82.3,36.79,0.28,1.3,0.198,21.89,21.91,0.118,1.18
50.0,2.0,1.5,2.5,3.0,0.8,,0.4,112,67.0,22.19,0.64,1.3,0.198,11.06,13.23,0.118,1.17
50.0,2.0,1.5,2.5,4.5,0.6,2400,0.4,115,67.0,22.83,0.65,1.32,0.199,9.01,13.63,0.118,1.19
50.0,2.0,1.5,2.5,4.5,0.8,,0.4,111,66.7,21.99,0.65,1.3,0.198,12.6,13.11,0.118,1.17
50.0,4.0,0.7,1.5,3.0,0.6,7200,0.2,104,84.6,20.62,0.24,1.34,0.198,12.64,12.3,0.118,1.2
50.0,4.0,0.7,1.5,3.0,0.6,7200,0.4,104,84.6,20.62,0.24,1.34,0.198,12.64,12.3,0.118,1.2
50.0,4.0,0.7,2.5,3.0,0.4,14400,0.2,102,82.4,20.19,0.28,1.31,0.198,13.08,12.03,0.118,1.18
50.0,4.0,0.7,2.5,3.0,0.4,14400,0.4,102,82.4,20.19,0.28,1.31,0.198,13.08,12.03,0.118,1.18
40.0,3.0,1.0,2.5,4.5,0.4,14400,0.2,274,76.3,53.9,0.4,1.28,0.197,16.9,31.98,0.117,1.16
40.0,3.0,1.0,2.5,4.5,0.4,14400,0.4,274,76.3,53.9,0.4,1.28,0.197,16.9,31.98,0.117,1.16
40.0,5.0,0.7,1.5,3.0,0.6,,0.4,224,85.7,44.02,0.22,1.3,0.197,17.4,26.1,0.117,1.17
40.0,5.0,0.7,2.5,4.5,0.6,7200,0.8,243,85.2,47.92,0.23,1.33,0.197,18.21,28.48,0.117,1.19
40.0,5.0,0.7,2.5,4.5,0.8,14400,0.8,231,86.1,45.55,0.21,1.3,0.197,18.58,27.07,0.117,1.18
45.0,2.0,1.0,2.5,3.0,0.6,14400,0.8,233,69.5,45.86,0.58,1.33,0.197,15.21,27.22,0.117,1.19
45.0,3.0,0.7,1.5,4.5,0.4,3600,0.4,224,82.1,44.03,0.3,1.4,0.197,13.7,26.12,0.117,1.23
45.0,3.0,0.7,2.5,4.5,0.4,7200,0.8,221,77.4,43.63,0.4,1.36,0.197,15.6,25.96,0.117,1.21
45.0,3.0,0.7,2.5,4.5,0.4,14400,0.8,211,77.3,41.66,0.39,1.34,0.197,14.11,24.78,0.117,1.19
45.0,3.0,0.7,2.5,4.5,0.8,14400,0.8,210,76.7,41.44,0.41,1.33,0.197,17.42,24.64,0.117,1.19
45.0,4.0,0.7,1.5,4.5,0.6,2400,0.4,207,86.5,40.74,0.22,1.4,0.197,15.66,24.18,0.117,1.23
45.0,4.0,1.0,2.5,3.0,0.4,7200,0.8,180,80.0,35.5,0.32,1.28,0.197,18.72,21.1,0.117,1.16
45.0,4.0,1.0,2.5,3.0,0.6,7200,0.2,174,81.6,34.21,0.29,1.27,0.197,19.21,20.29,0.117,1.16
45.0,4.0,1.0,2.5,3.0,0.6,7200,0.4,174,81.6,34.21,0.29,1.27,0.197,19.21,20.29,0.117,1.16
45.0,4.0,1.0,2.5,3.0,0.8,14400,0.8,174,81.6,34.29,0.29,1.27,0.197,19.74,20.37,0.117,1.16
45.0,5.0,0.7,1.5,4.5,0.6,7200,0.8,190,84.7,37.36,0.24,1.35,0.197,11.88,22.16,0.117,1.2
45.0,5.0,0.7,1.5,4.5,0.8,14400,0.8,180,86.1,35.45,0.21,1.32,0.197,19.02,21.05,0.117,1.19
45.0,5.0,1.0,2.5,4.5,0.6,1200,0.2,175,85.1,34.52,0.22,1.28,0.197,23.68,20.52,0.117,1.16
50.0,2.0,1.5,2.5,3.0,0.6,,0.4,113,67.3,22.21,0.63,1.3,0.197,11.05,13.17,0.117,1.17
50.0,2.0,1.5,2.5,4.5,0.4,3600,0.4,114,68.4,22.46,0.61,1.31,0.197,9.08,13.34,0.117,1.18
50.0,2.0,1.5,2.5,4.5,0.4,14400,0.8,115,67.0,22.6,0.65,1.31,0.197,10.1,13.4,0.117,1.18
50.0,2.0,1.5,2.5,4.5,0.8,3600,0.4,112,67.9,22.02,0.62,1.31,0.197,9.7,13.06,0.117,1.17
50.0,4.0,1.0,2.5,3.0,0.8,14400,0.2,95,81.1,18.75,0.29,1.26,0.197,15.88,11.15,0.117,1.15
50.0,4.0,1.0,2.5,3.0,0.8,14400,0.4,95,81.1,18.75,0.29,1.26,0.197,15.88,11.15,0.117,1.15
50.0,5.0,1.5,2.5,3.0,0.6,7200,0.8,94,79.8,18.51,0.31,1.24,0.197,16.15,10.99,0.117,1.14
40.0,2.0,1.5,2.5,4.5,0.8,14400,0.8,311,67.8,61.08,0.62,1.31,0.196,16.77,36.2,0.116,1.18
40.0,4.0,0.7,2.5,3.0,0.8,14400,0.2,248,83.1,48.56,0.27,1.31,0.196,16.8,28.72,0.116,1.18
40.0,4.0,0.7,2.5,3.0,0.8,14400,0.4,248,83.1,48.56,0.27,1.31,0.196,16.8,28.72,0.116,1.18
40.0,4.0,1.0,2.5,3.0,0.4,14400,0.8,238,81.1,46.56,0.29,1.26,0.196,18.62,27.52,0.116,1.15
40.0,5.0,0.7,1.5,4.5,0.4,14400,0.2,234,86.3,45.94,0.21,1.3,0.196,19.8,27.22,0.116,1.18
40.0,5.0,0.7,1.5,4.5,0.4,14400,0.4,234,86.3,45.94,0.21,1.3,0.196,19.8,27.22,0.116,1.18
40.0,5.0,1.0,1.5,4.5,0.6,3600,0.8,255,80.4,50.07,0.32,1.32,0.196,17.47,29.68,0.116,1.19
40.0,5.0,1.0,1.5,4.5,0.8,2400,0.4,228,85.1,44.67,0.22,1.28,0.196,21.51,26.43,0.116,1.16
40.0,5.0,1.0,2.5,4.5,0.8,2400,0.4,228,85.1,44.58,0.22,1.28,0.196,21.22,26.34,0.116,1.16
40.0,5.0,1.5,2.5,4.5,0.6,1200,0.4,239,79.9,46.73,0.32,1.29,0.196,26.09,27.61,0.116,1.17
40.0,5.0,1.5,2.5,4.5,0.8,1200,0.4,238,80.3,46.54,0.32,1.3,0.196,20.89,27.5,0.116,1.17
45.0,2.0,0.7,1.5,4.5,0.4,3600,0.2,249,76.3,48.79,0.44,1.43,0.196,12.43,28.87,0.116,1.24
45.0,2.0,0.7,2.5,3.0,0.6,3600,0.4,249,76.3,48.72,0.44,1.43,0.196,10.81,28.8,0.116,1.25
45.0,2.0,0.7,2.5,4.5,0.6,3600,0.2,248,76.2,48.56,0.44,1.42,0.196,12.92,28.72,0.116,1.24
45.0,2.0,1.0,2.5,3.0,0.4,3600,0.4,234,70.5,45.89,0.56,1.33,0.196,13.36,27.17,0.116,1.19
45.0,4.0,0.7,1.5,4.5,0.4,1200,0.8,262,73.3,51.48,0.61,1.67,0.196,16.3,30.52,0.116,1.37
45.0,4.0,0.7,1.5,4.5,0.8,,0.4,172,81.4,33.73,0.3,1.31,0.196,15.1,19.97,0.116,1.18
45.0,4.0,1.0,1.5,3.0,0.4,14400,0.8,175,81.7,34.33,0.28,1.27,0.196,19.41,20.33,0.116,1.16
45.0,4.0,1.0,1.5,3.0,0.6,,0.4,174,81.6,34.14,0.29,1.27,0.196,19.17,20.22,0.116,1.15
45.0,5.0,0.7,2.5,3.0,0.8,1200,0.8,261,74.7,51.19,0.59,1.73,0.196,13.21,30.31,0.116,1.4
45.0,5.0,1.0,1.5,3.0,0.6,2400,0.2,173,85.5,33.87,0.21,1.27,0.196,22.99,20.03,0.116,1.16
45.0,5.0,1.0,1.5,4.5,0.6,3600,0.4,174,85.6,34.18,0.21,1.27,0.196,24.22,20.25,0.116,1.16
45.0,5.0,1.0,2.5,3.0,0.4,1200,0.4,186,82.3,36.51,0.28,1.3,0.196,21.89,21.63,0.116,1.17
50.0,2.0,1.5,2.5,3.0,0.6,3600,0.4,113,68.1,22.11,0.61,1.31,0.196,9.71,13.07,0.116,1.17
50.0,4.0,1.0,2.5,4.5,0.4,2400,0.2,96,81.2,18.84,0.29,1.26,0.196,15.45,11.16,0.116,1.15
50.0,5.0,1.0,2.5,3.0,0.4,7200,0.2,92,83.7,18.06,0.24,1.24,0.196,17.0,10.7,0.116,1.14
50.0,5.0,1.0,2.5,3.0,0.4,7200,0.4,92,83.7,18.06,0.24,1.24,0.196,17.0,10.7,0.116,1.14
40.0,2.0,1.5,2.5,3.0,0.6,,0.4,315,68.3,61.28,0.61,1.31,0.195,16.1,36.08,0.115,1.17
40.0,4.0,0.7,2.5,3.0,0.4,,0.4,239,81.2,46.66,0.3,1.29,0.195,16.32,27.54,0.115,1.17
40.0,4.0,0.7,2.5,3.0,0.8,14400,0.8,248,83.1,48.32,0.27,1.31,0.195,16.8,28.48,0.115,1.18
40.0,5.0,0.7,1.5,4.5,0.4,14400,0.8,234,86.3,45.69,0.21,1.3,0.195,20.05,26.97,0.115,1.18
40.0,5.0,1.0,1.5,4.5,0.4,2400,0.8,276,77.5,53.84,0.39,1.36,0.195,15.91,31.76,0.115,1.21
40.0,5.0,1.5,2.5,3.0,0.8,1200,0.4,238,80.3,46.51,0.32,1.3,0.195,20.89,27.47,0.115,1.17
45.0,2.0,0.7,1.5,3.0,0.6,,0.4,231,70.1,45.12,0.59,1.38,0.195,9.47,26.64,0.115,1.21
45.0,2.0,0.7,1.5,4.5,0.6,,0.4,230,70.0,44.75,0.59,1.38,0.195,9.47,26.35,0.115,1.21
45.0,2.0,1.0,1.5,3.0,0.6,,0.4,231,70.1,45.12,0.57,1.33,0.195,12.36,26.64,0.115,1.19
45.0,2.0,1.0,1.5,4.5,0.4,14400,0.2,233,70.0,45.43,0.57,1.32,0.195,14.85,26.79,0.115,1.18
45.0,2.0,1.0,1.5,4.5,0.4,14400,0.4,233,70.0,45.43,0.57,1.32,0.195,14.85,26.79,0.115,1.18
45.0,3.0,0.7,1.5,3.0,0.4,3600,0.4,224,82.1,43.77,0.3,1.4,0.195,13.7,25.85,0.115,1.23
45.0,3.0,0.7,2.5,3.0,0.4,7200,0.8,221,77.4,43.09,0.4,1.36,0.195,15.6,25.41,0.115,1.2
45.0,3.0,0.7,2.5,3.0,0.4,14400,0.2,211,77.3,41.2,0.39,1.33,0.195,14.21,24.32,0.115,1.19
45.0,3.0,0.7,2.5,3.0,0.4,14400,0.4,211,77.3,41.2,0.39,1.33,0.195,14.21,24.32,0.115,1.19
45.0,4.0,0.7,1.5,3.0,0.4,1200,0.8,262,73.3,51.21,0.61,1.67,0.195,16.3,30.25,0.115,1.37
45.0,4.0,0.7,1.5,3.0,0.8,,0.4,173,81.5,33.67,0.3,1.31,0.195,15.1,19.83,0.115,1.18
45.0,4.0,0.7,1.5,4.5,0.8,1200,0.2,206,86.9,40.15,0.21,1.41,0.195,16.35,23.67,0.115,1.24
45.0,4.0,0.7,1.5,4.5,0.8,3600,0.4,204,86.3,39.75,0.22,1.39,0.195,15.96,23.43,0.115,1.22
45.0,4.0,0.7,2.5,4.5,0.8,1200,0.2,206,86.9,40.21,0.21,1.41,0.195,16.19,23.73,0.115,1.24
45.0,4.0,1.0,2.5,4.5,0.4,3600,0.2,175,81.7,34.07,0.28,1.27,0.195,18.72,20.07,0.115,1.15
45.0,5.0,0.7,1.5,4.5,0.6,7200,0.2,185,87.0,36.09,0.2,1.33,0.195,15.8,21.29,0.115,1.19
45.0,5.0,0.7,1.5,4.5,0.6,7200,0.4,185,87.0,36.09,0.2,1.33,0.195,15.8,21.29,0.115,1.19
45.0,5.0,1.0,1.5,4.5,0.6,2400,0.4,175,85.7,34.05,0.21,1.27,0.195,24.0,20.05,0.115,1.16
45.0,5.0,1.0,1.5,4.5,0.6,7200,0.8,178,83.7,34.67,0.25,1.28,0.195,23.81,20.43,0.115,1.16
45.0,5.0,1.0,2.5,3.0,0.6,1200,0.2,175,85.1,34.06,0.22,1.27,0.195,23.68,20.06,0.115,1.16
45.0,5.0,1.0,2.5,4.5,0.4,2400,0.8,211,77.7,41.24,0.39,1.35,0.195,11.54,24.36,0.115,1.2
45.0,5.0,1.5,2.5,3.0,0.8,2400,0.8,208,76.9,40.6,0.4,1.35,0.195,11.66,23.96,0.115,1.2
50.0,2.0,1.5,2.5,3.0,0.4,14400,0.8,115,67.0,22.37,0.65,1.31,0.195,10.1,13.17,0.115,1.17
50.0,2.0,1.5,2.5,3.0,0.8,14400,0.2,112,67.0,21.86,0.64,1.3,0.195,11.8,12.9,0.115,1.17
50.0,2.0,1.5,2.5,3.0,0.8,14400,0.4,112,67.0,21.86,0.64,1.3,0.195,11.8,12.9,0.115,1.17
50.0,2.0,1.5,2.5,4.5,0.6,14400,0.2,113,67.3,21.99,0.63,1.3,0.195,11.96,12.95,0.115,1.17
50.0,2.0,1.5,2.5,4.5,0.6,14400,0.4,113,67.3,21.99,0.63,1.3,0.195,11.96,12.95,0.115,1.17
50.0,4.0,1.5,2.5,3.0,0.6,1200,0.4,104,75.0,20.31,0.44,1.31,0.195,15.14,11.99,0.115,1.18
50.0,5.0,0.7,2.5,4.5,0.6,7200,0.8,101,84.2,19.7,0.25,1.33,0.195,14.28,11.62,0.115,1.19
40.0,2.0,1.5,2.5,4.5,0.6,14400,0.2,313,68.1,60.81,0.61,1.3,0.194,15.19,35.77,0.114,1.17
40.0,2.0,1.5,2.5,4.5,0.6,14400,0.4,313,68.1,60.81,0.61,1.3,0.194,15.19,35.77,0.114,1.17
40.0,3.0,1.0,2.5,4.5,0.4,14400,0.8,274,76.3,53.15,0.4,1.27,0.194,16.9,31.23,0.114,1.16
40.0,4.0,1.0,2.5,4.5,0.6,,0.4,237,81.0,45.96,0.29,1.26,0.194,18.58,27.0,0.114,1.15
40.0,5.0,1.0,1.5,3.0,0.8,7200,0.8,230,84.3,44.7,0.24,1.28,0.194,22.48,26.3,0.114,1.16
40.0,5.0,1.5,2.5,3.0,0.6,1200,0.4,239,79.9,46.47,0.32,1.29,0.194,26.09,27.35,0.114,1.17
45.0,2.0,0.7,1.5,3.0,0.4,3600,0.2,249,76.3,48.32,0.44,1.42,0.194,12.43,28.4,0.114,1.24
45.0,2.0,0.7,1.5,3.0,0.6,7200,0.2,241,73.9,46.87,0.5,1.4,0.194,10.32,27.59,0.114,1.23
45.0,2.0,0.7,1.5,3.0,0.6,7200,0.4,241,73.9,46.87,0.5,1.4,0.194,10.32,27.59,0.114,1.23
45.0,2.0,1.0,1.5,4.5,0.4,2400,0.4,235,71.1,45.57,0.55,1.34,0.194,10.28,26.77,0.114,1.19
45.0,2.0,1.0,1.5,4.5,0.6,,0.4,230,70.0,44.63,0.57,1.32,0.194,13.09,26.23,0.114,1.18
45.0,2.0,1.5,2.5,3.0,0.8,1200,0.4,243,67.9,47.1,0.64,1.36,0.194,9.79,27.66,0.114,1.2
45.0,3.0,0.7,2.5,3.0,0.4,14400,0.8,211,77.3,40.95,0.39,1.33,0.194,14.21,24.07,0.114,1.19
45.0,4.0,0.7,1.5,3.0,0.6,2400,0.4,207,86.5,40.2,0.22,1.39,0.194,15.66,23.64,0.114,1.23
45.0,4.0,0.7,2.5,3.0,0.8,2400,0.2,204,86.8,39.57,0.21,1.39,0.194,16.16,23.25,0.114,1.22
45.0,4.0,1.5,2.5,3.0,0.8,2400,0.4,177,80.2,34.41,0.31,1.27,0.194,19.25,20.25,0.114,1.15
45.0,5.0,0.7,1.5,3.0,0.6,7200,0.8,190,84.7,36.91,0.24,1.34,0.194,11.88,21.71,0.114,1.2
45.0,5.0,1.0,1.5,3.0,0.6,3600,0.4,174,85.6,33.72,0.21,1.27,0.194,24.1,19.8,0.114,1.16
45.0,5.0,1.0,2.5,3.0,0.4,2400,0.8,211,77.7,40.92,0.39,1.35,0.194,11.54,24.04,0.114,1.2
45.0,5.0,1.0,2.5,4.5,0.8,7200,0.8,178,83.7,34.45,0.25,1.27,0.194,24.71,20.21,0.114,1.16
50.0,2.0,1.5,2.5,3.0,0.4,3600,0.4,114,68.4,22.14,0.6,1.31,0.194,9.46,13.02,0.114,1.17
50.0,2.0,1.5,2.5,4.5,0.6,14400,0.8,114,66.7,22.1,0.65,1.31,0.194,11.02,12.98,0.114,1.17
50.0,4.0,0.7,1.5,3.0,0.8,7200,0.2,104,84.6,20.16,0.24,1.33,0.194,12.72,11.84,0.114,1.19
50.0,4.0,0.7,1.5,3.0,0.8,7200,0.4,104,84.6,20.16,0.24,1.33,0.194,12.72,11.84,0.114,1.19
40.0,2.0,1.5,2.5,3.0,0.4,14400,0.2,315,68.3,60.92,0.61,1.3,0.193,13.78,35.73,0.113,1.17
40.0,2.0,1.5,2.5,3.0,0.4,14400,0.4,315,68.3,60.92,0.61,1.3,0.193,13.78,35.73,0.113,1.17
40.0,4.0,1.0,2.5,3.0,0.4,7200,0.2,238,81.1,45.83,0.29,1.25,0.193,18.93,26.79,0.113,1.15
40.0,4.0,1.0,2.5,3.0,0.4,7200,0.4,238,81.1,45.83,0.29,1.25,0.193,18.93,26.79,0.113,1.15
40.0,4.0,1.0,2.5,3.0,0.6,,0.4,238,81.1,45.99,0.29,1.26,0.193,18.46,26.95,0.113,1.15
40.0,4.0,1.0,2.5,4.5,0.8,7200,0.2,236,81.8,45.5,0.28,1.26,0.193,18.65,26.62,0.113,1.15
40.0,4.0,1.0,2.5,4.5,0.8,7200,0.4,236,81.8,45.5,0.28,1.26,0.193,18.65,26.62,0.113,1.15
40.0,5.0,0.7,1.5,4.5,0.4,7200,0.8,243,85.2,46.96,0.23,1.32,0.193,18.21,27.53,0.113,1.19
40.0,5.0,1.0,1.5,3.0,0.6,3600,0.8,255,80.4,49.22,0.32,1.32,0.193,17.47,28.82,0.113,1.18
40.0,5.0,1.0,1.5,3.0,0.8,2400,0.4,228,85.1,43.9,0.22,1.27,0.193,21.51,25.66,0.113,1.16
40.0,5.0,1.0,2.5,4.5,0.8,3600,0.8,255,80.4,49.23,0.32,1.32,0.193,17.98,28.83,0.113,1.18
45.0,2.0,1.0,1.5,4.5,0.8,14400,0.2,232,69.8,44.82,0.57,1.32,0.193,14.95,26.26,0.113,1.18
45.0,2.0,1.0,1.5,4.5,0.8,14400,0.4,232,69.8,44.82,0.57,1.32,0.193,14.95,26.26,0.113,1.18
45.0,2.0,1.0,2.5,4.5,0.4,2400,0.2,233,70.4,45.04,0.56,1.33,0.193,13.13,26.4,0.113,1.18
45.0,2.0,1.0,2.5,4.5,0.6,2400,0.4,234,70.9,45.17,0.55,1.34,0.193,10.66,26.45,0.113,1.19
45.0,2.0,1.0,2.5,4.5,0.8,7200,0.2,232,69.8,44.78,0.57,1.32,0.193,15.8,26.22,0.113,1.18
45.0,2.0,1.0,2.5,4.5,0.8,7200,0.4,232,69.8,44.78,0.57,1.32,0.193,15.8,26.22,0.113,1.18
45.0,4.0,0.7,1.5,3.0,0.8,1200,0.2,206,86.9,39.74,0.21,1.4,0.193,16.35,23.26,0.113,1.23
45.0,4.0,0.7,1.5,3.0,0.8,2400,0.2,204,86.8,39.42,0.21,1.39,0.193,16.21,23.1,0.113,1.22
45.0,4.0,0.7,1.5,4.5,0.4,1200,0.4,215,83.3,41.56,0.29,1.44,0.193,15.47,24.36,0.113,1.25
45.0,4.0,0.7,2.5,3.0,0.8,1200,0.2,206,86.9,39.8,0.21,1.41,0.193,16.19,23.32,0.113,1.23
45.0,4.0,1.0,2.5,3.0,0.4,3600,0.2,175,81.7,33.81,0.28,1.26,0.193,18.72,19.81,0.113,1.15
45.0,5.0,0.7,1.5,3.0,0.6,7200,0.2,185,87.0,35.64,0.2,1.32,0.193,15.8,20.84,0.113,1.18
45.0,5.0,0.7,1.5,3.0,0.6,7200,0.4,185,87.0,35.64,0.2,1.32,0.193,15.8,20.84,0.113,1.18
45.0,5.0,0.7,2.5,4.5,0.6,3600,0.8,216,81.5,41.6,0.32,1.41,0.193,14.12,24.32,0.113,1.23
45.0,5.0,0.7,2.5,4.5,0.8,7200,0.2,185,87.0,35.68,0.2,1.32,0.193,17.12,20.88,0.113,1.19
45.0,5.0,0.7,2.5,4.5,0.8,7200,0.4,185,87.0,35.68,0.2,1.32,0.193,17.12,20.88,0.113,1.19
45.0,5.0,1.0,1.5,4.5,0.6,1200,0.2,175,85.1,33.76,0.22,1.27,0.193,23.35,19.76,0.113,1.16
50.0,2.0,1.5,2.5,3.0,0.8,2400,0.4,113,68.1,21.87,0.61,1.31,0.194,10.08,12.82,0.113,1.18
50.0,2.0,1.5,2.5,3.0,0.8,14400,0.8,113,66.4,21.77,0.66,1.3,0.193,10.86,12.73,0.113,1.17
50.0,4.0,1.5,2.5,4.5,0.4,1200,0.8,134,65.7,25.81,0.78,1.5,0.193,10.72,15.09,0.113,1.27
50.0,5.0,0.7,2.5,3.0,0.8,7200,0.8,101,84.2,19.51,0.25,1.33,0.193,14.85,11.43,0.113,1.19
50.0,5.0,1.5,2.5,4.5,0.4,1200,0.8,129,66.7,24.89,0.74,1.47,0.193,8.72,14.57,0.113,1.26
40.0,3.0,1.5,2.5,3.0,0.8,3600,0.4,275,76.4,52.72,0.39,1.27,0.192,17.11,30.72,0.112,1.15
40.0,3.0,1.5,2.5,4.5,0.6,7200,0.8,279,74.9,53.57,0.43,1.27,0.192,16.43,31.25,0.112,1.15
40.0,4.0,0.7,2.5,4.5,0.4,14400,0.2,249,82.3,47.76,0.28,1.3,0.192,16.93,27.84,0.112,1.17
40.0,4.0,0.7,2.5,4.5,0.4,14400,0.4,249,82.3,47.76,0.28,1.3,0.192,16.93,27.84,0.112,1.17
40.0,5.0,0.7,2.5,3.0,0.6,7200,0.8,243,85.2,46.74,0.23,1.32,0.192,18.21,27.3,0.112,1.18
40.0,5.0,1.0,1.5,3.0,0.4,2400,0.8,276,77.5,53.12,0.39,1.36,0.192,15.91,31.04,0.112,1.2
40.0,5.0,1.0,2.5,3.0,0.8,2400,0.4,228,85.1,43.81,0.22,1.27,0.192,21.22,25.57,0.112,1.16
45.0,2.0,0.7,1.5,3.0,0.8,,0.4,231,70.1,44.43,0.59,1.37,0.192,9.59,25.95,0.112,1.21
45.0,2.0,0.7,2.5,3.0,0.6,3600,0.2,248,76.2,47.59,0.44,1.41,0.192,12.92,27.75,0.112,1.23
45.0,2.0,0.7,2.5,4.5,0.4,2400,0.4,254,76.8,48.85,0.44,1.44,0.192,9.35,28.53,0.112,1.25
45.0,2.0,1.0,1.5,3.0,0.4,2400,0.4,235,71.1,45.02,0.54,1.34,0.192,10.28,26.22,0.112,1.19
45.0,2.0,1.0,1.5,3.0,0.8,,0.4,231,70.1,44.43,0.56,1.32,0.192,12.22,25.95,0.112,1.18
45.0,2.0,1.0,1.5,4.5,0.4,7200,0.2,233,70.0,44.82,0.57,1.32,0.192,14.97,26.18,0.112,1.18
45.0,2.0,1.0,1.5,4.5,0.4,7200,0.4,233,70.0,44.82,0.57,1.32,0.192,14.97,26.18,0.112,1.18
45.0,4.0,0.7,1.5,3.0,0.4,1200,0.4,215,83.3,41.29,0.29,1.43,0.192,15.47,24.09,0.112,1.24
45.0,4.0,1.0,2.5,4.5,0.8,7200,0.2,174,81.6,33.46,0.28,1.26,0.192,19.91,19.54,0.112,1.15
45.0,4.0,1.0,2.5,4.5,0.8,7200,0.4,174,81.6,33.46,0.28,1.26,0.192,19.91,19.54,0.112,1.15
45.0,5.0,1.0,1.5,3.0,0.6,7200,0.8,178,83.7,34.23,0.25,1.27,0.192,23.68,19.98,0.112,1.16
50.0,2.0,1.5,2.5,3.0,0.4,,0.4,114,67.5,21.86,0.62,1.3,0.192,10.72,12.74,0.112,1.17
50.0,2.0,1.5,2.5,3.0,0.6,2400,0.4,115,67.0,22.07,0.65,1.31,0.192,9.39,12.87,0.112,1.18
50.0,4.0,1.0,2.5,3.0,0.4,2400,0.2,96,81.2,18.45,0.29,1.26,0.192,15.82,10.77,0.112,1.15
50.0,4.0,1.0,2.5,4.5,0.4,3600,0.2,96,81.2,18.46,0.29,1.26,0.192,15.45,10.78,0.112,1.15
50.0,5.0,0.7,1.5,4.5,0.6,7200,0.8,101,84.2,19.37,0.25,1.33,0.192,14.15,11.29,0.112,1.19
50.0,5.0,1.5,2.5,3.0,0.8,2400,0.8,106,72.6,20.36,0.5,1.31,0.192,19.52,11.88,0.112,1.18
40.0,2.0,1.5,2.5,3.0,0.4,7200,0.2,315,68.3,60.29,0.61,1.3,0.191,14.21,35.09,0.111,1.17
40.0,2.0,1.5,2.5,3.0,0.4,7200,0.4,315,68.3,60.29,0.61,1.3,0.191,14.21,35.09,0.111,1.17
40.0,2.0,1.5,2.5,3.0,0.4,14400,0.8,316,68.0,60.3,0.61,1.3,0.191,14.3,35.02,0.111,1.17
40.0,3.0,1.5,2.5,3.0,0.8,7200,0.2,274,75.9,52.22,0.4,1.27,0.191,17.12,30.3,0.111,1.15
40.0,3.0,1.5,2.5,3.0,0.8,7200,0.4,274,75.9,52.22,0.4,1.27,0.191,17.12,30.3,0.111,1.15
40.0,4.0,0.7,2.5,4.5,0.4,14400,0.8,249,82.3,47.51,0.28,1.3,0.191,17.18,27.59,0.111,1.17
40.0,4.0,1.0,2.5,3.0,0.8,,0.4,234,81.2,44.67,0.29,1.25,0.191,18.33,25.96,0.111,1.14
40.0,4.0,1.5,2.5,4.5,0.6,1200,0.2,239,80.8,45.56,0.3,1.25,0.191,19.16,26.45,0.111,1.14
40.0,5.0,1.0,2.5,4.5,0.6,2400,0.8,276,77.5,52.75,0.39,1.36,0.191,16.61,30.67,0.111,1.2
45.0,2.0,1.0,1.5,3.0,0.4,14400,0.2,233,70.0,44.52,0.57,1.32,0.191,14.78,25.88,0.111,1.18
45.0,2.0,1.0,1.5,3.0,0.4,14400,0.4,233,70.0,44.52,0.57,1.32,0.191,14.78,25.88,0.111,1.18
45.0,2.0,1.0,2.5,3.0,0.4,2400,0.2,233,70.4,44.49,0.56,1.32,0.191,13.13,25.85,0.111,1.18
45.0,4.0,1.0,1.5,4.5,0.6,,0.4,173,81.5,33.08,0.29,1.26,0.191,19.17,19.24,0.111,1.15
45.0,5.0,0.7,1.5,4.5,0.8,7200,0.8,190,84.7,36.23,0.24,1.34,0.191,11.94,21.03,0.111,1.19
45.0,5.0,1.0,1.5,3.0,0.6,2400,0.4,175,85.7,33.44,0.21,1.27,0.191,24.0,19.44,0.111,1.15
50.0,2.0,1.5,2.5,4.5,0.4,7200,0.2,114,67.5,21.83,0.62,1.29,0.191,11.05,12.71,0.111,1.17
50.0,2.0,1.5,2.5,4.5,0.4,7200,0.4,114,67.5,21.83,0.62,1.29,0.191,11.05,12.71,0.111,1.17
50.0,2.0,1.5,2.5,4.5,0.4,14400,0.2,114,67.5,21.77,0.62,1.29,0.191,11.05,12.65,0.111,1.16
50.0,2.0,1.5,2.5,4.5,0.4,14400,0.4,114,67.5,21.77,0.62,1.29,0.191,11.05,12.65,0.111,1.16
50.0,4.0,1.0,1.5,3.0,0.8,,0.4,96,81.2,18.32,0.29,1.25,0.191,15.26,10.64,0.111,1.14
50.0,5.0,0.7,1.5,4.5,0.8,7200,0.8,101,84.2,19.27,0.25,1.33,0.191,14.23,11.18,0.111,1.19
55.0,5.0,1.0,2.5,4.5,0.4,2400,0.8,70,78.6,13.39,0.36,1.32,0.191,7.2,7.79,0.111,1.18
55.0,5.0,1.5,2.5,4.5,0.8,2400,0.8,69,79.7,13.18,0.34,1.32,0.191,7.71,7.66,0.111,1.18
40.0,2.0,1.5,2.5,4.5,0.6,14400,0.8,314,67.8,59.65,0.62,1.3,0.19,15.19,34.53,0.11,1.17
40.0,3.0,0.7,2.5,4.5,0.6,14400,0.2,282,77.7,53.63,0.38,1.32,0.19,15.99,31.07,0.11,1.18
40.0,3.0,0.7,2.5,4.5,0.6,14400,0.4,282,77.7,53.63,0.38,1.32,0.19,15.99,31.07,0.11,1.18
40.0,3.0,1.0,2.5,4.5,0.4,7200,0.2,274,76.3,52.14,0.39,1.27,0.19,16.73,30.22,0.11,1.15
40.0,3.0,1.0,2.5,4.5,0.4,7200,0.4,274,76.3,52.14,0.39,1.27,0.19,16.73,30.22,0.11,1.15
40.0,4.0,1.0,1.5,3.0,0.8,14400,0.2,236,81.8,44.86,0.28,1.26,0.19,16.54,25.98,0.11,1.15
40.0,4.0,1.0,1.5,3.0,0.8,14400,0.4,236,81.8,44.86,0.28,1.26,0.19,16.54,25.98,0.11,1.15
40.0,4.0,1.5,2.5,3.0,0.6,1200,0.2,239,80.8,45.36,0.3,1.25,0.19,19.16,26.24,0.11,1.14
40.0,5.0,0.7,2.5,4.5,0.6,7200,0.2,237,86.9,44.94,0.2,1.3,0.19,21.48,25.98,0.11,1.17
40.0,5.0,0.7,2.5,4.5,0.6,7200,0.4,237,86.9,44.94,0.2,1.3,0.19,21.48,25.98,0.11,1.17
40.0,5.0,1.0,2.5,4.5,0.6,1200,0.2,228,85.5,43.4,0.21,1.26,0.19,24.11,25.16,0.11,1.15
45.0,2.0,0.7,1.5,3.0,0.8,7200,0.2,241,73.9,45.78,0.49,1.39,0.19,10.37,26.5,0.11,1.22
45.0,2.0,0.7,1.5,3.0,0.8,7200,0.4,241,73.9,45.78,0.49,1.39,0.19,10.37,26.5,0.11,1.22
45.0,2.0,0.7,1.5,4.5,0.8,7200,0.8,247,72.1,46.94,0.54,1.4,0.19,9.59,27.18,0.11,1.22
45.0,2.0,0.7,2.5,3.0,0.4,2400,0.4,254,76.8,48.3,0.43,1.44,0.19,9.35,27.98,0.11,1.24
45.0,2.0,1.0,1.5,4.5,0.4,14400,0.8,234,69.7,44.36,0.57,1.32,0.19,15.61,25.64,0.11,1.18
45.0,2.0,1.0,2.5,4.5,0.6,7200,0.2,232,69.8,44.1,0.57,1.31,0.19,15.84,25.54,0.11,1.18
45.0,2.0,1.0,2.5,4.5,0.6,7200,0.4,232,69.8,44.1,0.57,1.31,0.19,15.84,25.54,0.11,1.18
45.0,4.0,0.7,1.5,3.0,0.8,3600,0.4,204,86.3,38.81,0.22,1.38,0.19,15.96,22.49,0.11,1.21
45.0,4.0,0.7,2.5,4.5,0.6,3600,0.8,220,79.1,41.88,0.37,1.42,0.19,15.99,24.28,0.11,1.23
45.0,5.0,0.7,1.5,4.5,0.4,3600,0.2,197,88.3,37.5,0.18,1.34,0.19,17.32,21.74,0.11,1.19
45.0,5.0,0.7,2.5,3.0,0.6,3600,0.8,216,81.5,41.14,0.32,1.41,0.19,14.12,23.86,0.11,1.23
45.0,5.0,0.7,2.5,3.0,0.8,7200,0.8,190,84.7,36.08,0.24,1.34,0.19,12.72,20.88,0.11,1.19
45.0,5.0,1.0,1.5,3.0,0.6,1200,0.2,175,85.1,33.3,0.22,1.27,0.19,23.35,19.3,0.11,1.15
50.0,2.0,1.5,2.5,3.0,0.6,14400,0.2,113,67.3,21.52,0.63,1.29,0.19,11.96,12.48,0.11,1.16
50.0,2.0,1.5,2.5,3.0,0.6,14400,0.4,113,67.3,21.52,0.63,1.29,0.19,11.96,12.48,0.11,1.16
50.0,2.0,1.5,2.5,3.0,0.6,14400,0.8,114,66.7,21.63,0.65,1.3,0.19,11.02,12.51,0.11,1.17
50.0,2.0,1.5,2.5,3.0,0.8,3600,0.4,112,67.9,21.31,0.61,1.3,0.19,10.08,12.34,0.11,1.16
50.0,4.0,0.7,2.5,4.5,0.4,14400,0.8,102,81.4,19.42,0.3,1.3,0.19,12.71,11.26,0.11,1.17
50.0,4.0,1.0,1.5,3.0,0.6,,0.4,96,81.2,18.19,0.29,1.25,0.189,15.8,10.51,0.11,1.14
50.0,4.0,1.5,2.5,3.0,0.4,1200,0.8,134,65.7,25.42,0.78,1.49,0.19,10.72,14.7,0.11,1.26
50.0,5.0,0.7,2.5,3.0,0.6,7200,0.8,101,84.2,19.2,0.25,1.33,0.19,14.65,11.12,0.11,1.18
50.0,5.0,1.5,2.5,3.0,0.4,1200,0.8,129,66.7,24.5,0.73,1.46,0.19,8.72,14.18,0.11,1.25
55.0,5.0,1.0,2.5,3.0,0.4,2400,0.8,70,78.6,13.28,0.36,1.32,0.19,7.2,7.67,0.11,1.18
40.0,3.0,0.7,2.5,4.5,0.6,14400,0.8,282,77.7,53.38,0.38,1.31,0.189,15.99,30.82,0.109,1.18
40.0,5.0,1.0,2.5,3.0,0.6,1200,0.2,228,85.5,43.13,0.21,1.26,0.189,24.11,24.89,0.109,1.15
40.0,5.0,1.0,2.5,3.0,0.6,2400,0.8,276,77.5,52.2,0.39,1.35,0.189,16.61,30.13,0.109,1.2
45.0,2.0,0.7,2.5,4.5,0.4,3600,0.8,263,71.1,49.63,0.59,1.45,0.189,9.35,28.59,0.109,1.25
45.0,2.0,1.0,1.5,3.0,0.4,7200,0.2,233,70.0,44.07,0.56,1.31,0.189,14.89,25.43,0.109,1.17
45.0,2.0,1.0,1.5,3.0,0.4,7200,0.4,233,70.0,44.07,0.56,1.31,0.189,14.89,25.43,0.109,1.17
45.0,2.0,1.0,2.5,4.5,0.4,3600,0.2,233,70.0,44.09,0.56,1.31,0.189,15.51,25.45,0.109,1.17
45.0,2.0,1.0,2.5,4.5,0.4,7200,0.8,242,69.0,45.8,0.59,1.32,0.189,15.83,26.44,0.109,1.18
45.0,4.0,0.7,2.5,3.0,0.6,3600,0.8,220,79.1,41.48,0.37,1.41,0.189,15.99,23.88,0.109,1.23
45.0,4.0,1.5,2.5,4.5,0.6,1200,0.4,186,77.4,35.15,0.37,1.28,0.189,18.28,20.27,0.109,1.16
45.0,5.0,0.7,1.5,3.0,0.4,3600,0.2,197,88.3,37.23,0.18,1.34,0.189,17.24,21.47,0.109,1.19
45.0,5.0,0.7,2.5,4.5,0.4,1200,0.2,202,88.6,38.2,0.18,1.36,0.189,15.72,22.04,0.109,1.21
45.0,5.0,1.0,1.5,4.5,0.4,3600,0.8,198,80.3,37.37,0.32,1.3,0.189,17.43,21.53,0.109,1.17
50.0,2.0,1.5,2.5,3.0,0.4,7200,0.2,114,67.5,21.59,0.62,1.29,0.189,11.05,12.47,0.109,1.16
50.0,2.0,1.5,2.5,3.0,0.4,7200,0.4,114,67.5,21.59,0.62,1.29,0.189,11.05,12.47,0.109,1.16
50.0,2.0,1.5,2.5,3.0,0.4,14400,0.2,114,67.5,21.54,0.62,1.29,0.189,11.05,12.42,0.109,1.16
50.0,2.0,1.5,2.5,3.0,0.4,14400,0.4,114,67.5,21.54,0.62,1.29,0.189,11.05,12.42,0.109,1.16
50.0,3.0,0.7,2.5,3.0,0.8,14400,0.8,109,76.1,20.63,0.41,1.31,0.189,10.69,11.91,0.109,1.17
50.0,4.0,1.0,1.5,4.5,0.8,,0.4,95,81.1,17.92,0.29,1.25,0.189,14.89,10.32,0.109,1.14
50.0,4.0,1.0,2.5,3.0,0.4,3600,0.2,96,81.2,18.15,0.29,1.25,0.189,15.82,10.47,0.109,1.14
50.0,5.0,0.7,1.5,4.5,0.4,7200,0.2,100,87.0,18.87,0.19,1.3,0.189,14.0,10.87,0.109,1.17
50.0,5.0,0.7,1.5,4.5,0.4,7200,0.4,100,87.0,18.87,0.19,1.3,0.189,14.0,10.87,0.109,1.17
55.0,5.0,1.5,2.5,3.0,0.8,2400,0.8,69,79.7,13.07,0.33,1.31,0.189,7.71,7.55,0.109,1.18
40.0,2.0,1.5,2.5,4.5,0.4,3600,0.4,315,68.3,59.08,0.6,1.3,0.188,13.88,33.88,0.108,1.16
40.0,3.0,1.0,2.5,3.0,0.4,14400,0.2,274,76.3,51.44,0.39,1.26,0.188,16.9,29.53,0.108,1.15
40.0,3.0,1.0,2.5,3.0,0.4,14400,0.4,274,76.3,51.44,0.39,1.26,0.188,16.9,29.53,0.108,1.15
40.0,3.0,1.5,2.5,4.5,0.4,1200,0.4,299,71.6,56.16,0.52,1.3,0.188,17.76,32.24,0.108,1.17
40.0,3.0,1.5,2.5,4.5,0.6,1200,0.2,276,76.4,51.88,0.39,1.27,0.188,16.45,29.8,0.108,1.15
40.0,4.0,1.5,2.5,4.5,0.4,3600,0.8,269,74.7,50.6,0.43,1.28,0.188,22.59,29.08,0.108,1.16
40.0,5.0,1.0,1.5,4.5,0.6,1200,0.2,228,85.5,42.89,0.21,1.26,0.188,24.18,24.65,0.108,1.15
45.0,2.0,0.7,2.5,4.5,0.8,3600,0.4,249,76.3,46.88,0.44,1.42,0.188,10.38,26.96,0.108,1.23
45.0,2.0,1.0,2.5,3.0,0.6,2400,0.4,234,70.9,44.01,0.54,1.33,0.188,10.66,25.29,0.108,1.18
45.0,3.0,0.7,1.5,4.5,0.4,3600,0.2,223,82.1,41.97,0.3,1.37,0.188,15.68,24.13,0.108,1.21
45.0,3.0,0.7,1.5,4.5,0.4,7200,0.2,214,79.4,40.23,0.35,1.34,0.188,14.5,23.11,0.108,1.19
45.0,3.0,0.7,1.5,4.5,0.4,7200,0.4,214,79.4,40.23,0.35,1.34,0.188,14.5,23.11,0.108,1.19
45.0,3.0,0.7,2.5,4.5,0.4,2400,0.2,225,82.2,42.28,0.3,1.38,0.188,15.4,24.28,0.108,1.21
45.0,5.0,0.7,1.5,3.0,0.8,14400,0.2,180,86.1,33.91,0.21,1.3,0.188,18.82,19.51,0.108,1.17
45.0,5.0,0.7,1.5,3.0,0.8,14400,0.4,180,86.1,33.91,0.21,1.3,0.188,18.82,19.51,0.108,1.17
45.0,5.0,0.7,2.5,3.0,0.4,1200,0.2,202,88.6,37.93,0.17,1.36,0.188,15.72,21.77,0.108,1.2
45.0,5.0,1.0,1.5,4.5,0.4,1200,0.4,186,82.3,34.94,0.28,1.29,0.188,21.88,20.06,0.108,1.16
50.0,2.0,1.5,2.5,4.5,0.4,,0.4,113,67.3,21.24,0.63,1.29,0.188,11.58,12.2,0.108,1.16
50.0,2.0,1.5,2.5,4.5,0.6,,0.4,112,67.0,21.06,0.63,1.28,0.188,12.66,12.1,0.108,1.16
50.0,4.0,0.7,2.5,3.0,0.4,14400,0.8,102,81.4,19.18,0.3,1.3,0.188,13.08,11.02,0.108,1.17
50.0,4.0,1.0,1.5,4.5,0.4,14400,0.2,96,81.2,18.02,0.29,1.25,0.188,15.74,10.34,0.108,1.14
50.0,4.0,1.0,1.5,4.5,0.4,14400,0.4,96,81.2,18.02,0.29,1.25,0.188,15.74,10.34,0.108,1.14
50.0,4.0,1.0,2.5,4.5,0.8,14400,0.8,95,80.0,17.91,0.31,1.25,0.189,15.5,10.31,0.108,1.14
50.0,5.0,0.7,2.5,3.0,0.8,,0.4,90,83.3,16.89,0.25,1.26,0.188,14.28,9.69,0.108,1.14
40.0,2.0,1.5,2.5,4.5,0.4,2400,0.2,315,68.6,59.05,0.6,1.3,0.187,12.09,33.85,0.107,1.16
40.0,3.0,1.5,2.5,3.0,0.6,7200,0.8,279,74.9,52.08,0.42,1.26,0.187,16.43,29.76,0.107,1.15
40.0,3.0,1.5,2.5,4.5,0.8,3600,0.2,275,76.0,51.44,0.4,1.26,0.187,17.11,29.44,0.107,1.15
40.0,4.0,1.0,1.5,3.0,0.8,14400,0.8,236,81.8,44.11,0.28,1.26,0.187,17.02,25.23,0.107,1.14
40.0,5.0,0.7,1.5,3.0,0.4,14400,0.2,234,86.3,43.8,0.2,1.29,0.187,20.18,25.08,0.107,1.16
40.0,5.0,0.7,1.5,3.0,0.4,14400,0.4,234,86.3,43.8,0.2,1.29,0.187,20.18,25.08,0.107,1.16
40.0,5.0,0.7,1.5,4.5,0.4,7200,0.2,237,86.9,44.24,0.2,1.3,0.187,21.34,25.28,0.107,1.17
40.0,5.0,0.7,1.5,4.5,0.4,7200,0.4,237,86.9,44.24,0.2,1.3,0.187,21.34,25.28,0.107,1.17
40.0,5.0,0.7,1.5,4.5,0.6,14400,0.2,234,86.3,43.86,0.2,1.29,0.187,18.85,25.14,0.107,1.16
40.0,5.0,0.7,1.5,4.5,0.6,14400,0.4,234,86.3,43.86,0.2,1.29,0.187,18.85,25.14,0.107,1.16
40.0,5.0,1.0,1.5,3.0,0.6,1200,0.2,228,85.5,42.62,0.21,1.26,0.187,24.18,24.38,0.107,1.15
40.0,5.0,1.0,1.5,4.5,0.8,3600,0.8,255,80.4,47.74,0.32,1.31,0.187,17.63,27.34,0.107,1.17
40.0,5.0,1.0,2.5,3.0,0.8,3600,0.8,255,80.4,47.66,0.32,1.31,0.187,17.98,27.26,0.107,1.17
45.0,2.0,0.7,1.5,4.5,0.6,3600,0.4,249,76.3,46.55,0.44,1.41,0.187,10.61,26.63,0.107,1.23
45.0,2.0,0.7,1.5,4.5,0.6,7200,0.8,247,72.1,46.09,0.54,1.39,0.187,9.47,26.33,0.107,1.21
45.0,2.0,0.7,2.5,3.0,0.4,3600,0.8,263,71.1,49.16,0.59,1.45,0.187,9.35,28.12,0.107,1.24
45.0,2.0,1.0,1.5,4.5,0.8,14400,0.8,233,69.5,43.51,0.57,1.31,0.187,15.7,24.87,0.107,1.17
45.0,2.0,1.0,2.5,3.0,0.4,3600,0.2,233,70.0,43.62,0.56,1.31,0.187,15.46,24.98,0.107,1.17
45.0,3.0,0.7,1.5,3.0,0.4,3600,0.2,223,82.1,41.7,0.3,1.37,0.187,15.68,23.86,0.107,1.21
45.0,3.0,0.7,2.5,3.0,0.4,2400,0.2,225,82.2,41.97,0.3,1.37,0.187,15.4,23.97,0.107,1.21
45.0,4.0,0.7,2.5,4.5,0.6,1200,0.8,261,73.2,48.69,0.6,1.63,0.187,16.47,27.81,0.107,1.34
45.0,4.0,1.0,2.5,4.5,0.4,2400,0.2,175,81.7,32.65,0.28,1.26,0.187,19.77,18.65,0.107,1.14
45.0,4.0,1.5,2.5,3.0,0.6,1200,0.4,186,77.4,34.75,0.37,1.28,0.187,18.28,19.87,0.107,1.15
45.0,5.0,0.7,1.5,3.0,0.8,14400,0.8,180,86.1,33.66,0.21,1.3,0.187,19.07,19.26,0.107,1.17
45.0,5.0,0.7,1.5,4.5,0.4,3600,0.4,198,88.4,36.96,0.18,1.33,0.187,18.01,21.12,0.107,1.19
45.0,5.0,0.7,1.5,4.5,0.8,7200,0.2,185,87.0,34.56,0.2,1.31,0.187,16.25,19.76,0.107,1.18
45.0,5.0,0.7,1.5,4.5,0.8,7200,0.4,185,87.0,34.56,0.2,1.31,0.187,16.25,19.76,0.107,1.18
45.0,5.0,1.0,1.5,3.0,0.4,3600,0.8,198,80.3,37.1,0.32,1.3,0.187,17.35,21.26,0.107,1.17
50.0,2.0,1.5,2.5,4.5,0.4,2400,0.4,116,67.2,21.72,0.64,1.31,0.187,9.08,12.44,0.107,1.17
50.0,2.0,1.5,2.5,4.5,0.6,7200,0.2,113,67.3,21.1,0.63,1.29,0.187,11.86,12.06,0.107,1.16
50.0,2.0,1.5,2.5,4.5,0.6,7200,0.4,113,67.3,21.1,0.63,1.29,0.187,11.86,12.06,0.107,1.16
50.0,2.0,1.5,2.5,4.5,0.8,7200,0.2,112,67.0,20.89,0.63,1.28,0.187,11.58,11.93,0.107,1.16
50.0,2.0,1.5,2.5,4.5,0.8,7200,0.4,112,67.0,20.89,0.63,1.28,0.187,11.58,11.93,0.107,1.16
50.0,5.0,0.7,1.5,3.0,0.6,7200,0.8,101,84.2,18.87,0.25,1.32,0.187,14.52,10.79,0.107,1.18
55.0,4.0,1.5,2.5,4.5,0.4,1200,0.8,83,66.3,15.56,0.75,1.47,0.187,8.25,8.92,0.107,1.25
40.0,2.0,1.5,2.5,3.0,0.6,14400,0.2,313,68.1,58.1,0.61,1.29,0.186,15.81,33.06,0.106,1.16
40.0,2.0,1.5,2.5,3.0,0.6,14400,0.4,313,68.1,58.1,0.61,1.29,0.186,15.81,33.06,0.106,1.16
40.0,2.0,1.5,2.5,3.0,0.8,14400,0.2,311,68.2,57.84,0.6,1.29,0.186,16.75,32.96,0.106,1.16
40.0,2.0,1.5,2.5,3.0,0.8,14400,0.4,311,68.2,57.84,0.6,1.29,0.186,16.75,32.96,0.106,1.16
40.0,3.0,0.7,1.5,4.5,0.8,14400,0.2,279,78.1,51.87,0.37,1.32,0.186,15.39,29.55,0.106,1.18
40.0,3.0,0.7,1.5,4.5,0.8,14400,0.4,279,78.1,51.87,0.37,1.32,0.186,15.39,29.55,0.106,1.18
40.0,3.0,0.7,2.5,4.5,0.4,7200,0.2,286,78.7,53.2,0.36,1.31,0.186,15.38,30.32,0.106,1.17
40.0,3.0,0.7,2.5,4.5,0.4,7200,0.4,286,78.7,53.2,0.36,1.31,0.186,15.38,30.32,0.106,1.17
40.0,3.0,1.5,2.5,3.0,0.6,1200,0.2,276,76.4,51.3,0.39,1.26,0.186,16.45,29.22,0.106,1.15
40.0,4.0,1.0,2.5,4.5,0.6,14400,0.2,237,81.0,44.16,0.29,1.25,0.186,18.68,25.2,0.106,1.14
40.0,4.0,1.0,2.5,4.5,0.6,14400,0.4,237,81.0,44.16,0.29,1.25,0.186,18.68,25.2,0.106,1.14
40.0,5.0,0.7,1.5,3.0,0.4,7200,0.8,243,85.2,45.28,0.23,1.31,0.186,18.21,25.84,0.106,1.17
40.0,5.0,0.7,1.5,3.0,0.4,14400,0.8,234,86.3,43.55,0.2,1.29,0.186,20.42,24.83,0.106,1.16
40.0,5.0,0.7,1.5,4.5,0.6,14400,0.8,234,86.3,43.62,0.2,1.29,0.186,19.09,24.9,0.106,1.16
40.0,5.0,0.7,2.5,4.5,0.4,3600,0.8,274,81.4,50.87,0.31,1.37,0.186,13.52,28.95,0.106,1.2
45.0,2.0,0.7,2.5,4.5,0.4,2400,0.2,251,76.5,46.63,0.43,1.41,0.186,12.92,26.55,0.106,1.22
45.0,2.0,1.0,1.5,3.0,0.4,14400,0.8,234,69.7,43.45,0.57,1.31,0.186,15.53,24.73,0.106,1.17
45.0,2.0,1.0,2.5,3.0,0.4,7200,0.8,242,69.0,45.05,0.59,1.32,0.186,15.78,25.69,0.106,1.17
45.0,2.0,1.0,2.5,3.0,0.6,7200,0.2,232,69.8,43.14,0.57,1.31,0.186,15.74,24.58,0.106,1.17
45.0,2.0,1.0,2.5,3.0,0.6,7200,0.4,232,69.8,43.14,0.57,1.31,0.186,15.74,24.58,0.106,1.17
45.0,3.0,0.7,2.5,4.5,0.8,7200,0.2,213,78.9,39.59,0.36,1.33,0.186,15.56,22.55,0.106,1.18
45.0,3.0,0.7,2.5,4.5,0.8,7200,0.4,213,78.9,39.59,0.36,1.33,0.186,15.56,22.55,0.106,1.18
45.0,4.0,0.7,1.5,4.5,0.6,1200,0.8,261,73.2,48.54,0.6,1.63,0.186,16.35,27.66,0.106,1.33
45.0,4.0,1.0,1.5,4.5,0.6,14400,0.2,174,81.6,32.29,0.28,1.25,0.186,19.44,18.37,0.106,1.14
45.0,4.0,1.0,1.5,4.5,0.6,14400,0.4,174,81.6,32.29,0.28,1.25,0.186,19.44,18.37,0.106,1.14
45.0,4.0,1.0,1.5,4.5,0.8,14400,0.2,174,81.6,32.41,0.28,1.25,0.186,20.0,18.49,0.106,1.14
45.0,4.0,1.0,1.5,4.5,0.8,14400,0.4,174,81.6,32.41,0.28,1.25,0.186,20.0,18.49,0.106,1.14
45.0,5.0,1.0,1.5,3.0,0.4,1200,0.4,186,82.3,34.67,0.28,1.29,0.186,21.88,19.79,0.106,1.16
50.0,2.0,1.5,2.5,4.5,0.6,2400,0.2,113,67.3,20.98,0.62,1.28,0.186,11.85,11.94,0.106,1.16
50.0,4.0,0.7,2.5,4.5,0.4,3600,0.2,106,84.9,19.69,0.24,1.33,0.186,12.75,11.21,0.106,1.18
50.0,5.0,0.7,1.5,3.0,0.4,7200,0.2,100,87.0,18.63,0.19,1.3,0.186,14.37,10.63,0.106,1.17
50.0,5.0,0.7,1.5,3.0,0.4,7200,0.4,100,87.0,18.63,0.19,1.3,0.186,14.37,10.63,0.106,1.17
50.0,5.0,1.0,2.5,3.0,0.8,,0.4,90,83.3,16.77,0.24,1.22,0.186,15.72,9.57,0.106,1.13
50.0,5.0,1.0,2.5,4.5,0.4,14400,0.8,92,82.6,17.1,0.26,1.23,0.186,16.66,9.74,0.106,1.13
55.0,4.0,1.5,2.5,3.0,0.4,1200,0.8,83,66.3,15.44,0.75,1.47,0.186,8.25,8.8,0.106,1.25
40.0,2.0,1.5,2.5,4.5,0.4,3600,0.2,315,68.3,58.43,0.6,1.29,0.185,14.21,33.23,0.105,1.16
40.0,3.0,0.7,1.5,4.5,0.8,14400,0.8,279,78.1,51.62,0.37,1.32,0.185,15.39,29.3,0.105,1.17
40.0,3.0,1.0,2.5,3.0,0.4,14400,0.8,274,76.3,50.69,0.39,1.26,0.185,16.9,28.77,0.105,1.14
40.0,3.0,1.5,2.5,3.0,0.4,1200,0.4,299,71.6,55.45,0.51,1.29,0.185,17.76,31.53,0.105,1.16
40.0,4.0,0.7,2.5,4.5,0.8,,0.4,233,81.1,43.04,0.3,1.27,0.185,16.43,24.4,0.105,1.15
40.0,5.0,0.7,2.5,3.0,0.6,7200,0.2,237,86.9,43.76,0.19,1.3,0.185,21.48,24.8,0.105,1.16
40.0,5.0,0.7,2.5,3.0,0.6,7200,0.4,237,86.9,43.76,0.19,1.3,0.185,21.48,24.8,0.105,1.16
40.0,5.0,1.0,1.5,4.5,0.6,2400,0.8,276,77.5,51.17,0.39,1.34,0.185,16.6,29.09,0.105,1.19
45.0,2.0,1.0,1.5,4.5,0.6,14400,0.2,232,69.8,42.91,0.56,1.31,0.185,14.88,24.35,0.105,1.17
45.0,2.0,1.0,1.5,4.5,0.6,14400,0.4,232,69.8,42.91,0.56,1.31,0.185,14.88,24.35,0.105,1.17
45.0,3.0,0.7,1.5,3.0,0.4,7200,0.2,214,79.4,39.69,0.35,1.33,0.185,14.5,22.57,0.105,1.18
45.0,3.0,0.7,1.5,3.0,0.4,7200,0.4,214,79.4,39.69,0.35,1.33,0.185,14.5,22.57,0.105,1.18
45.0,4.0,0.7,2.5,3.0,0.6,1200,0.8,261,73.2,48.26,0.6,1.63,0.185,16.47,27.38,0.105,1.33
45.0,4.0,0.7,2.5,4.5,0.6,1200,0.4,214,83.2,39.65,0.29,1.42,0.185,15.7,22.53,0.105,1.23
45.0,4.0,0.7,2.5,4.5,0.8,2400,0.4,207,86.5,38.33,0.21,1.37,0.185,16.16,21.78,0.105,1.21
45.0,4.0,1.0,2.5,3.0,0.4,2400,0.2,175,81.7,32.35,0.28,1.25,0.185,19.77,18.35,0.105,1.14
45.0,5.0,0.7,1.5,3.0,0.4,3600,0.4,198,88.4,36.68,0.18,1.33,0.185,17.93,20.84,0.105,1.19
45.0,5.0,0.7,1.5,4.5,0.6,3600,0.8,216,81.5,39.89,0.32,1.39,0.185,14.64,22.61,0.105,1.22
45.0,5.0,0.7,2.5,4.5,0.4,2400,0.2,198,88.4,36.56,0.17,1.33,0.185,17.34,20.72,0.105,1.18
45.0,5.0,1.0,1.5,4.5,0.8,7200,0.8,178,83.7,32.92,0.25,1.26,0.185,24.12,18.68,0.105,1.15
45.0,5.0,1.0,2.5,3.0,0.8,7200,0.8,178,83.7,33.0,0.25,1.26,0.185,24.54,18.76,0.105,1.15
50.0,4.0,1.0,1.5,3.0,0.4,14400,0.2,96,81.2,17.79,0.29,1.25,0.185,16.11,10.11,0.105,1.14
50.0,4.0,1.0,1.5,3.0,0.4,14400,0.4,96,81.2,17.79,0.29,1.25,0.185,16.11,10.11,0.105,1.14
40.0,2.0,1.5,2.5,4.5,0.6,7200,0.2,313,68.1,57.47,0.6,1.29,0.184,15.73,32.43,0.104,1.16
40.0,2.0,1.5,2.5,4.5,0.6,7200,0.4,313,68.1,57.47,0.6,1.29,0.184,15.73,32.43,0.104,1.16
40.0,3.0,0.7,2.5,3.0,0.6,14400,0.2,282,77.7,51.81,0.38,1.31,0.184,16.05,29.25,0.104,1.17
40.0,3.0,0.7,2.5,3.0,0.6,14400,0.4,282,77.7,51.81,0.38,1.31,0.184,16.05,29.25,0.104,1.17
40.0,3.0,1.5,2.5,4.5,0.8,2400,0.4,281,75.4,51.61,0.41,1.27,0.184,17.08,29.13,0.104,1.15
40.0,3.0,1.5,2.5,4.5,0.8,7200,0.8,278,74.8,51.16,0.42,1.26,0.184,17.08,28.92,0.104,1.14
40.0,4.0,1.0,2.5,3.0,0.8,7200,0.2,237,81.9,43.67,0.28,1.25,0.184,19.02,24.71,0.104,1.14
40.0,4.0,1.0,2.5,3.0,0.8,7200,0.4,237,81.9,43.67,0.28,1.25,0.184,19.02,24.71,0.104,1.14
40.0,4.0,1.5,2.5,3.0,0.4,3600,0.8,269,74.7,49.5,0.43,1.28,0.184,22.59,27.98,0.104,1.15
45.0,2.0,0.7,2.5,3.0,0.4,2400,0.2,251,76.5,46.08,0.43,1.4,0.184,12.92,26.0,0.104,1.22
45.0,2.0,0.7,2.5,4.5,0.8,3600,0.2,248,76.2,45.76,0.44,1.4,0.185,12.49,25.92,0.104,1.22
45.0,3.0,0.7,2.5,3.0,0.8,14400,0.2,210,76.7,38.58,0.4,1.31,0.184,17.24,21.78,0.104,1.17
45.0,3.0,0.7,2.5,3.0,0.8,14400,0.4,210,76.7,38.58,0.4,1.31,0.184,17.24,21.78,0.104,1.17
45.0,4.0,0.7,1.5,3.0,0.6,1200,0.8,261,73.2,48.11,0.6,1.63,0.184,16.35,27.23,0.104,1.33
45.0,4.0,0.7,1.5,4.5,0.8,2400,0.4,207,86.5,38.13,0.21,1.37,0.184,16.21,21.57,0.104,1.21
45.0,4.0,1.0,2.5,3.0,0.8,7200,0.2,174,81.6,32.03,0.28,1.25,0.184,19.91,18.11,0.104,1.14
45.0,4.0,1.0,2.5,3.0,0.8,7200,0.4,174,81.6,32.03,0.28,1.25,0.184,19.91,18.11,0.104,1.14
45.0,5.0,0.7,2.5,3.0,0.8,7200,0.2,185,87.0,34.08,0.19,1.31,0.184,17.03,19.28,0.104,1.17
45.0,5.0,0.7,2.5,3.0,0.8,7200,0.4,185,87.0,34.08,0.19,1.31,0.184,17.03,19.28,0.104,1.17
50.0,2.0,1.5,2.5,3.0,0.4,2400,0.4,116,67.2,21.33,0.63,1.3,0.184,9.46,12.05,0.104,1.16
50.0,4.0,0.7,2.5,4.5,0.8,14400,0.2,101,82.2,18.58,0.28,1.29,0.184,12.52,10.49,0.104,1.16
50.0,4.0,0.7,2.5,4.5,0.8,14400,0.4,101,82.2,18.58,0.28,1.29,0.184,12.52,10.49,0.104,1.16
50.0,4.0,1.0,1.5,4.5,0.4,7200,0.2,96,81.2,17.63,0.29,1.24,0.184,15.71,9.95,0.104,1.14
50.0,4.0,1.0,1.5,4.5,0.4,7200,0.4,96,81.2,17.63,0.29,1.24,0.184,15.71,9.95,0.104,1.14
50.0,5.0,1.0,2.5,4.5,0.8,14400,0.2,91,83.5,16.78,0.24,1.22,0.184,16.5,9.5,0.104,1.12
50.0,5.0,1.0,2.5,4.5,0.8,14400,0.4,91,83.5,16.78,0.24,1.22,0.184,16.5,9.5,0.104,1.12
40.0,2.0,1.5,2.5,3.0,0.4,2400,0.2,315,68.6,57.61,0.59,1.29,0.183,12.13,32.41,0.103,1.16
40.0,2.0,1.5,2.5,4.5,0.8,,0.4,311,67.8,56.94,0.61,1.28,0.183,17.14,32.06,0.103,1.15
40.0,3.0,0.7,2.5,3.0,0.6,14400,0.8,282,77.7,51.57,0.38,1.3,0.183,16.05,29.01,0.103,1.17
40.0,3.0,1.0,2.5,3.0,0.4,7200,0.2,274,76.3,50.14,0.39,1.26,0.183,16.73,28.22,0.103,1.14
40.0,3.0,1.0,2.5,3.0,0.4,7200,0.4,274,76.3,50.14,0.39,1.26,0.183,16.73,28.22,0.103,1.14
40.0,4.0,0.7,1.5,4.5,0.8,14400,0.2,247,83.0,45.29,0.26,1.29,0.183,16.52,25.53,0.103,1.16
40.0,4.0,0.7,1.5,4.5,0.8,14400,0.4,247,83.0,45.29,0.26,1.29,0.183,16.52,25.53,0.103,1.16
40.0,4.0,0.7,2.5,3.0,0.4,14400,0.2,249,82.3,45.61,0.28,1.28,0.183,17.31,25.69,0.103,1.16
40.0,4.0,0.7,2.5,3.0,0.4,14400,0.4,249,82.3,45.61,0.28,1.28,0.183,17.31,25.69,0.103,1.16
40.0,4.0,1.0,1.5,4.5,0.4,,0.4,238,81.1,43.51,0.29,1.24,0.183,19.06,24.47,0.103,1.13
40.0,4.0,1.0,2.5,4.5,0.6,14400,0.8,237,81.0,43.41,0.29,1.24,0.183,18.68,24.45,0.103,1.13
40.0,5.0,0.7,1.5,3.0,0.8,,0.4,221,85.5,40.35,0.22,1.28,0.183,17.45,22.67,0.103,1.15
40.0,5.0,0.7,2.5,3.0,0.8,14400,0.2,232,86.2,42.36,0.2,1.28,0.183,19.31,23.8,0.103,1.16
40.0,5.0,0.7,2.5,3.0,0.8,14400,0.4,232,86.2,42.36,0.2,1.28,0.183,19.31,23.8,0.103,1.16
40.0,5.0,1.0,1.5,3.0,0.6,2400,0.8,276,77.5,50.62,0.39,1.34,0.183,16.6,28.54,0.103,1.19
45.0,2.0,0.7,1.5,3.0,0.6,3600,0.4,249,76.3,45.58,0.44,1.4,0.183,10.61,25.66,0.103,1.22
45.0,2.0,0.7,1.5,3.0,0.6,7200,0.8,247,72.1,45.14,0.54,1.39,0.183,9.47,25.38,0.103,1.21
45.0,2.0,0.7,1.5,4.5,0.6,3600,0.2,248,76.2,45.48,0.44,1.4,0.183,12.71,25.64,0.103,1.21
45.0,2.0,1.0,1.5,4.5,0.6,2400,0.4,234,70.9,42.9,0.54,1.32,0.183,10.72,24.18,0.103,1.17
45.0,2.0,1.0,2.5,3.0,0.8,7200,0.2,232,69.8,42.41,0.56,1.3,0.183,15.74,23.85,0.103,1.16
45.0,2.0,1.0,2.5,3.0,0.8,7200,0.4,232,69.8,42.41,0.56,1.3,0.183,15.74,23.85,0.103,1.16
45.0,3.0,0.7,2.5,3.0,0.8,14400,0.8,210,76.7,38.34,0.4,1.31,0.183,17.24,21.54,0.103,1.17
45.0,3.0,0.7,2.5,4.5,0.4,2400,0.4,231,82.3,42.17,0.3,1.37,0.183,14.47,23.69,0.103,1.2
45.0,4.0,0.7,2.5,3.0,0.6,1200,0.4,214,83.2,39.23,0.29,1.41,0.183,15.7,22.11,0.103,1.22
45.0,4.0,1.0,1.5,3.0,0.6,14400,0.2,174,81.6,31.82,0.28,1.25,0.183,19.44,17.9,0.103,1.14
45.0,4.0,1.0,1.5,3.0,0.6,14400,0.4,174,81.6,31.82,0.28,1.25,0.183,19.44,17.9,0.103,1.14
45.0,5.0,0.7,1.5,3.0,0.6,3600,0.8,216,81.5,39.43,0.32,1.39,0.183,14.94,22.15,0.103,1.21
45.0,5.0,0.7,2.5,3.0,0.4,2400,0.2,198,88.4,36.24,0.17,1.33,0.183,17.34,20.4,0.103,1.18
45.0,5.0,1.0,1.5,4.5,0.8,2400,0.2,173,85.5,31.65,0.21,1.25,0.183,23.38,17.81,0.103,1.14
45.0,5.0,1.0,2.5,4.5,0.8,2400,0.2,173,85.5,31.67,0.21,1.25,0.183,23.64,17.83,0.103,1.14
50.0,4.0,0.7,2.5,3.0,0.4,3600,0.2,106,84.9,19.37,0.23,1.32,0.183,13.13,10.89,0.103,1.18
50.0,4.0,1.0,2.5,4.5,0.4,3600,0.4,96,81.2,17.6,0.29,1.24,0.183,15.45,9.92,0.103,1.14
50.0,5.0,1.0,2.5,3.0,0.4,14400,0.8,92,82.6,16.87,0.26,1.22,0.183,17.03,9.51,0.103,1.12
40.0,2.0,1.5,2.5,3.0,0.4,3600,0.4,315,68.3,57.28,0.6,1.29,0.182,13.88,32.08,0.102,1.16
40.0,2.0,1.5,2.5,3.0,0.8,14400,0.8,312,67.9,56.69,0.61,1.29,0.182,16.75,31.73,0.102,1.15
40.0,2.0,1.5,2.5,4.5,0.4,2400,0.4,322,68.0,58.61,0.61,1.3,0.182,10.55,32.85,0.102,1.16
40.0,2.0,1.5,2.5,4.5,0.4,7200,0.8,326,67.5,59.3,0.62,1.29,0.182,15.19,33.23,0.102,1.16
40.0,4.0,0.7,1.5,4.5,0.8,14400,0.8,247,83.0,45.05,0.26,1.29,0.182,16.52,25.29,0.102,1.16
40.0,4.0,0.7,2.5,3.0,0.4,14400,0.8,249,82.3,45.36,0.28,1.28,0.182,17.55,25.44,0.102,1.15
40.0,4.0,0.7,2.5,3.0,0.8,,0.4,234,81.2,42.56,0.3,1.27,0.182,16.8,23.84,0.102,1.15
40.0,5.0,0.7,1.5,4.5,0.8,,0.4,220,85.5,40.09,0.22,1.27,0.182,18.23,22.49,0.102,1.15
40.0,5.0,0.7,2.5,3.0,0.4,3600,0.8,274,81.4,49.78,0.31,1.36,0.182,13.52,27.86,0.102,1.2
40.0,5.0,0.7,2.5,3.0,0.8,14400,0.8,232,86.2,42.12,0.2,1.28,0.182,19.56,23.56,0.102,1.15
40.0,5.0,0.7,2.5,4.5,0.4,3600,0.2,245,87.8,44.62,0.18,1.31,0.182,22.47,25.03,0.102,1.17
45.0,2.0,0.7,1.5,4.5,0.4,2400,0.4,254,76.8,46.19,0.43,1.42,0.182,9.35,25.87,0.102,1.22
45.0,2.0,0.7,2.5,3.0,0.8,3600,0.4,249,76.3,45.24,0.44,1.4,0.182,10.48,25.32,0.102,1.22
45.0,4.0,0.7,1.5,4.5,0.6,3600,0.8,220,79.1,40.02,0.37,1.4,0.182,15.87,22.42,0.102,1.22
45.0,4.0,1.0,1.5,4.5,0.8,14400,0.8,174,81.6,31.66,0.28,1.25,0.182,20.0,17.74,0.102,1.14
45.0,4.0,1.0,2.5,4.5,0.4,3600,0.4,176,81.2,32.05,0.29,1.25,0.182,18.72,17.97,0.102,1.14
45.0,5.0,0.7,1.5,3.0,0.8,7200,0.8,190,84.7,34.63,0.24,1.32,0.182,11.78,19.43,0.102,1.18
45.0,5.0,0.7,2.5,4.5,0.6,3600,0.2,196,88.3,35.59,0.18,1.32,0.182,17.63,19.91,0.102,1.18
45.0,5.0,1.0,1.5,4.5,0.4,2400,0.8,211,77.7,38.46,0.38,1.33,0.182,11.5,21.58,0.102,1.18
50.0,2.0,1.5,2.5,3.0,0.6,7200,0.2,113,67.3,20.6,0.62,1.28,0.182,11.86,11.56,0.102,1.15
50.0,2.0,1.5,2.5,3.0,0.6,7200,0.4,113,67.3,20.6,0.62,1.28,0.182,11.86,11.56,0.102,1.15
50.0,2.0,1.5,2.5,4.5,0.6,3600,0.2,113,67.3,20.61,0.62,1.28,0.182,11.85,11.57,0.102,1.15
50.0,4.0,1.0,1.5,4.5,0.6,,0.4,95,81.1,17.25,0.29,1.24,0.182,15.42,9.65,0.102,1.13
50.0,5.0,0.7,1.5,3.0,0.8,7200,0.8,101,84.2,18.38,0.25,1.31,0.182,14.6,10.29,0.102,1.17
50.0,5.0,0.7,2.5,4.5,0.8,,0.4,89,83.1,16.16,0.25,1.25,0.182,13.9,9.04,0.102,1.13
40.0,2.0,1.5,2.5,3.0,0.6,14400,0.8,314,67.8,56.95,0.61,1.28,0.181,15.81,31.83,0.101,1.15
40.0,5.0,0.7,1.5,4.5,0.6,7200,0.8,243,85.2,44.04,0.23,1.3,0.181,18.21,24.6,0.101,1.17
40.0,5.0,0.7,2.5,4.5,0.4,3600,0.4,246,87.8,44.6,0.18,1.31,0.181,22.5,24.92,0.101,1.17
40.0,5.0,1.0,1.5,3.0,0.8,3600,0.8,255,80.4,46.16,0.32,1.3,0.181,17.63,25.76,0.101,1.16
45.0,2.0,1.0,1.5,4.5,0.4,3600,0.4,234,70.5,42.24,0.55,1.31,0.181,13.59,23.52,0.101,1.16
45.0,3.0,0.7,2.5,3.0,0.4,2400,0.4,231,82.3,41.86,0.3,1.37,0.181,14.47,23.38,0.101,1.2
45.0,4.0,0.7,1.5,4.5,0.6,1200,0.4,214,83.2,38.7,0.28,1.41,0.181,15.93,21.58,0.101,1.22
45.0,4.0,0.7,2.5,3.0,0.8,2400,0.4,207,86.5,37.38,0.21,1.37,0.181,16.16,20.82,0.101,1.2
45.0,4.0,1.0,1.5,4.5,0.6,14400,0.8,174,81.6,31.53,0.28,1.25,0.181,19.44,17.62,0.101,1.13
45.0,4.0,1.0,2.5,3.0,0.4,3600,0.4,176,81.2,31.79,0.29,1.25,0.181,18.72,17.71,0.101,1.14
45.0,5.0,0.7,1.5,4.5,0.4,1200,0.2,202,88.6,36.47,0.17,1.35,0.181,15.6,20.31,0.101,1.19
45.0,5.0,1.0,1.5,3.0,0.4,2400,0.8,211,77.7,38.14,0.38,1.33,0.181,11.5,21.26,0.101,1.18
45.0,5.0,1.0,2.5,4.5,0.8,3600,0.2,173,85.5,31.39,0.21,1.25,0.181,24.1,17.55,0.101,1.14
50.0,4.0,0.7,2.5,4.5,0.4,3600,0.4,106,84.9,19.16,0.23,1.32,0.181,12.75,10.68,0.101,1.17
50.0,4.0,1.0,1.5,3.0,0.4,7200,0.2,96,81.2,17.4,0.29,1.24,0.181,16.08,9.72,0.101,1.13
50.0,4.0,1.0,1.5,3.0,0.4,7200,0.4,96,81.2,17.4,0.29,1.24,0.181,16.08,9.72,0.101,1.13
50.0,4.0,1.0,2.5,4.5,0.6,14400,0.2,95,81.1,17.22,0.29,1.24,0.181,15.97,9.62,0.101,1.13
50.0,4.0,1.0,2.5,4.5,0.6,14400,0.4,95,81.1,17.22,0.29,1.24,0.181,15.97,9.62,0.101,1.13
50.0,4.0,1.0,2.5,4.5,0.8,7200,0.2,95,81.1,17.23,0.29,1.24,0.181,16.46,9.63,0.101,1.13
50.0,4.0,1.0,2.5,4.5,0.8,7200,0.4,95,81.1,17.23,0.29,1.24,0.181,16.46,9.63,0.101,1.13
50.0,4.0,1.5,2.5,4.5,0.8,1200,0.4,103,74.8,18.66,0.43,1.29,0.181,14.64,10.42,0.101,1.15
40.0,2.0,1.5,2.5,3.0,0.4,3600,0.2,315,68.3,56.63,0.6,1.28,0.18,14.21,31.43,0.1,1.15
40.0,3.0,0.7,1.5,4.5,0.4,14400,0.2,282,78.0,50.67,0.37,1.3,0.18,14.54,28.11,0.1,1.16
40.0,3.0,0.7,1.5,4.5,0.4,14400,0.4,282,78.0,50.67,0.37,1.3,0.18,14.54,28.11,0.1,1.16
40.0,3.0,1.5,2.5,3.0,0.8,2400,0.4,281,75.4,50.55,0.41,1.26,0.18,17.08,28.07,0.1,1.14
40.0,3.0,1.5,2.5,3.0,0.8,3600,0.2,275,76.0,49.61,0.4,1.25,0.18,17.11,27.61,0.1,1.14
40.0,3.0,1.5,2.5,4.5,0.4,3600,0.8,304,70.7,54.69,0.53,1.28,0.18,19.24,30.37,0.1,1.15
40.0,4.0,1.0,2.5,3.0,0.6,14400,0.2,237,81.0,42.66,0.29,1.24,0.18,18.68,23.7,0.1,1.13
40.0,4.0,1.0,2.5,3.0,0.6,14400,0.4,237,81.0,42.66,0.29,1.24,0.18,18.68,23.7,0.1,1.13
40.0,5.0,0.7,1.5,3.0,0.4,7200,0.2,237,86.9,42.55,0.19,1.29,0.18,21.34,23.6,0.1,1.16
40.0,5.0,0.7,1.5,3.0,0.4,7200,0.4,237,86.9,42.55,0.19,1.29,0.18,21.34,23.6,0.1,1.16
40.0,5.0,0.7,1.5,3.0,0.6,14400,0.2,234,86.3,42.22,0.2,1.28,0.18,19.32,23.5,0.1,1.15
40.0,5.0,0.7,1.5,3.0,0.6,14400,0.4,234,86.3,42.22,0.2,1.28,0.18,19.32,23.5,0.1,1.15
40.0,5.0,1.0,2.5,4.5,0.8,2400,0.8,276,77.5,49.8,0.39,1.34,0.18,16.92,27.72,0.1,1.18
45.0,2.0,0.7,1.5,3.0,0.4,2400,0.4,254,76.8,45.63,0.43,1.41,0.18,9.35,25.31,0.1,1.22
45.0,2.0,0.7,1.5,3.0,0.8,7200,0.8,247,72.1,44.42,0.53,1.38,0.18,9.59,24.66,0.1,1.2
45.0,2.0,0.7,2.5,4.5,0.6,2400,0.4,253,76.7,45.64,0.43,1.41,0.18,9.99,25.4,0.1,1.22
45.0,2.0,1.0,1.5,3.0,0.6,14400,0.2,232,69.8,41.87,0.56,1.3,0.18,14.85,23.31,0.1,1.16
45.0,2.0,1.0,1.5,3.0,0.6,14400,0.4,232,69.8,41.87,0.56,1.3,0.18,14.85,23.31,0.1,1.16
45.0,2.0,1.0,1.5,3.0,0.8,14400,0.2,232,69.8,41.85,0.56,1.3,0.18,15.1,23.29,0.1,1.16
45.0,2.0,1.0,1.5,3.0,0.8,14400,0.4,232,69.8,41.85,0.56,1.3,0.18,15.1,23.29,0.1,1.16
45.0,2.0,1.0,2.5,4.5,0.8,2400,0.4,234,70.9,42.12,0.54,1.31,0.18,10.05,23.4,0.1,1.17
45.0,4.0,0.7,1.5,3.0,0.6,3600,0.8,220,79.1,39.62,0.37,1.4,0.18,15.87,22.02,0.1,1.21
45.0,4.0,0.7,1.5,3.0,0.8,2400,0.4,207,86.5,37.17,0.21,1.36,0.18,16.21,20.61,0.1,1.2
45.0,4.0,1.0,1.5,4.5,0.6,7200,0.2,174,81.6,31.32,0.28,1.24,0.18,19.61,17.4,0.1,1.13
45.0,4.0,1.0,1.5,4.5,0.6,7200,0.4,174,81.6,31.32,0.28,1.24,0.18,19.61,17.4,0.1,1.13
50.0,4.0,1.0,2.5,3.0,0.4,3600,0.4,96,81.2,17.29,0.29,1.24,0.18,15.82,9.61,0.1,1.13
50.0,5.0,1.0,2.5,4.5,0.4,2400,0.2,92,83.7,16.54,0.24,1.22,0.18,16.45,9.18,0.1,1.12
40.0,2.0,1.5,2.5,4.5,0.6,3600,0.4,314,68.2,56.21,0.6,1.28,0.179,15.73,31.09,0.099,1.15
40.0,3.0,0.7,1.5,4.5,0.4,14400,0.8,282,78.0,50.43,0.37,1.3,0.179,14.79,27.87,0.099,1.16
40.0,3.0,0.7,2.5,3.0,0.4,7200,0.2,286,78.7,51.2,0.35,1.3,0.179,15.38,28.32,0.099,1.16
40.0,3.0,0.7,2.5,3.0,0.4,7200,0.4,286,78.7,51.2,0.35,1.3,0.179,15.38,28.32,0.099,1.16
40.0,3.0,0.7,2.5,4.5,0.8,,0.4,273,75.8,48.78,0.41,1.29,0.179,16.8,26.94,0.099,1.15
40.0,5.0,0.7,1.5,3.0,0.6,14400,0.8,234,86.3,41.97,0.2,1.28,0.179,19.56,23.25,0.099,1.15
40.0,5.0,0.7,2.5,4.5,0.8,7200,0.8,242,85.1,43.3,0.23,1.3,0.179,18.21,23.94,0.099,1.16
40.0,5.0,1.0,1.5,4.5,0.8,2400,0.8,276,77.5,49.49,0.39,1.33,0.179,16.79,27.41,0.099,1.18
45.0,2.0,0.7,1.5,3.0,0.6,3600,0.2,248,76.2,44.51,0.43,1.39,0.179,12.71,24.67,0.099,1.21
45.0,2.0,1.0,1.5,3.0,0.4,3600,0.4,234,70.5,41.77,0.54,1.3,0.179,13.51,23.05,0.099,1.16
45.0,2.0,1.0,1.5,4.5,0.4,2400,0.2,233,70.4,41.7,0.55,1.3,0.179,13.34,23.06,0.099,1.16
45.0,2.0,1.0,1.5,4.5,0.6,14400,0.8,233,69.5,41.73,0.57,1.3,0.179,15.63,23.09,0.099,1.16
45.0,2.0,1.0,2.5,4.5,0.6,3600,0.4,233,70.4,41.78,0.55,1.3,0.179,14.62,23.14,0.099,1.16
45.0,2.0,1.5,2.5,4.5,0.6,3600,0.8,249,65.9,44.45,0.69,1.33,0.179,13.28,24.53,0.099,1.17
45.0,3.0,1.5,2.5,4.5,0.4,2400,0.4,209,75.1,37.52,0.41,1.25,0.18,16.98,20.8,0.099,1.13
45.0,4.0,0.7,1.5,3.0,0.6,1200,0.4,214,83.2,38.27,0.28,1.4,0.179,15.93,21.15,0.099,1.22
45.0,4.0,1.0,1.5,3.0,0.6,14400,0.8,174,81.6,31.07,0.28,1.24,0.179,19.44,17.15,0.099,1.13
45.0,5.0,0.7,1.5,3.0,0.4,1200,0.2,202,88.6,36.2,0.17,1.34,0.179,15.6,20.04,0.099,1.19
45.0,5.0,0.7,2.5,3.0,0.6,3600,0.2,196,88.3,35.13,0.18,1.32,0.179,17.52,19.46,0.099,1.17
45.0,5.0,1.0,1.5,4.5,0.8,1200,0.2,175,85.1,31.28,0.22,1.25,0.179,23.74,17.28,0.099,1.14
50.0,2.0,1.5,2.5,3.0,0.6,2400,0.2,113,67.3,20.23,0.62,1.27,0.179,11.85,11.19,0.099,1.15
50.0,4.0,1.0,1.5,4.5,0.8,14400,0.2,95,81.1,17.01,0.29,1.24,0.179,15.77,9.41,0.099,1.13
50.0,4.0,1.0,1.5,4.5,0.8,14400,0.4,95,81.1,17.01,0.29,1.24,0.179,15.77,9.41,0.099,1.13
50.0,5.0,1.0,2.5,4.5,0.8,,0.4,89,83.1,15.92,0.25,1.21,0.179,15.35,8.8,0.099,1.12
55.0,4.0,1.5,2.5,4.5,0.6,1200,0.4,68,75.0,12.15,0.43,1.3,0.179,8.0,6.71,0.099,1.16
40.0,2.0,1.5,2.5,3.0,0.4,2400,0.4,322,68.0,57.17,0.61,1.29,0.178,10.58,31.41,0.098,1.15
40.0,3.0,0.7,2.5,4.5,0.6,,0.4,275,76.0,48.9,0.41,1.29,0.178,15.31,26.9,0.098,1.15
40.0,3.0,1.0,2.5,4.5,0.6,,0.4,275,76.0,48.94,0.39,1.25,0.178,17.54,26.94,0.098,1.13
40.0,3.0,1.5,2.5,4.5,0.8,2400,0.2,275,76.4,48.93,0.39,1.25,0.178,17.08,26.93,0.098,1.14
40.0,4.0,1.0,2.5,4.5,0.4,7200,0.8,243,79.8,43.3,0.31,1.24,0.178,20.47,23.86,0.098,1.13
40.0,5.0,0.7,1.5,4.5,0.8,14400,0.2,231,86.1,41.01,0.2,1.27,0.178,18.3,22.53,0.098,1.15
40.0,5.0,0.7,1.5,4.5,0.8,14400,0.4,231,86.1,41.01,0.2,1.27,0.178,18.3,22.53,0.098,1.15
40.0,5.0,0.7,2.5,3.0,0.4,3600,0.2,245,87.8,43.53,0.18,1.3,0.178,22.47,23.93,0.098,1.16
45.0,2.0,0.7,2.5,3.0,0.8,3600,0.2,248,76.2,44.12,0.43,1.38,0.178,12.58,24.28,0.098,1.2
45.0,2.0,1.0,1.5,3.0,0.6,2400,0.4,234,70.9,41.73,0.54,1.31,0.178,10.72,23.01,0.098,1.16
45.0,2.0,1.0,2.5,4.5,0.6,2400,0.2,232,70.3,41.31,0.55,1.3,0.178,14.04,22.75,0.098,1.16
45.0,3.0,0.7,2.5,3.0,0.8,7200,0.2,213,78.9,37.88,0.35,1.32,0.178,15.6,20.84,0.098,1.17
45.0,3.0,0.7,2.5,3.0,0.8,7200,0.4,213,78.9,37.88,0.35,1.32,0.178,15.6,20.84,0.098,1.17
45.0,3.0,0.7,2.5,4.5,0.6,3600,0.4,223,81.6,39.7,0.31,1.36,0.178,15.64,21.86,0.098,1.19
45.0,3.0,1.5,2.5,3.0,0.4,2400,0.4,209,75.1,37.17,0.41,1.25,0.178,16.98,20.46,0.098,1.13
45.0,4.0,1.0,1.5,3.0,0.6,7200,0.2,174,81.6,30.93,0.28,1.24,0.178,19.61,17.01,0.098,1.13
45.0,4.0,1.0,1.5,3.0,0.6,7200,0.4,174,81.6,30.93,0.28,1.24,0.178,19.61,17.01,0.098,1.13
45.0,5.0,0.7,1.5,3.0,0.8,7200,0.2,185,87.0,32.96,0.19,1.3,0.178,16.08,18.16,0.098,1.16
45.0,5.0,0.7,1.5,3.0,0.8,7200,0.4,185,87.0,32.96,0.19,1.3,0.178,16.08,18.16,0.098,1.16
45.0,5.0,0.7,2.5,4.5,0.4,2400,0.8,224,79.9,39.87,0.35,1.41,0.178,14.97,21.95,0.098,1.22
45.0,5.0,0.7,2.5,4.5,0.6,3600,0.4,197,88.3,35.05,0.17,1.32,0.178,18.33,19.29,0.098,1.17
45.0,5.0,1.0,1.5,3.0,0.8,2400,0.2,173,85.5,30.72,0.21,1.25,0.178,23.38,16.88,0.098,1.13
45.0,5.0,1.0,1.5,4.5,0.8,2400,0.4,175,85.7,31.22,0.21,1.25,0.178,24.39,17.22,0.098,1.14
45.0,5.0,1.0,2.5,3.0,0.8,2400,0.2,173,85.5,30.75,0.21,1.25,0.178,23.64,16.91,0.098,1.13
45.0,5.0,1.0,2.5,4.5,0.6,3600,0.8,197,80.2,35.02,0.32,1.28,0.178,18.2,19.26,0.098,1.15
45.0,5.0,1.0,2.5,4.5,0.8,2400,0.4,175,85.7,31.22,0.21,1.25,0.178,24.65,17.22,0.098,1.14
50.0,2.0,0.7,2.5,4.5,0.8,14400,0.8,117,69.2,20.86,0.59,1.32,0.178,12.66,11.5,0.098,1.17
50.0,2.0,1.5,2.5,4.5,0.4,2400,0.2,114,67.5,20.28,0.61,1.27,0.178,10.99,11.16,0.098,1.14
50.0,2.0,1.5,2.5,4.5,0.4,3600,0.2,114,67.5,20.32,0.61,1.27,0.178,10.99,11.2,0.098,1.15
50.0,2.0,1.5,2.5,4.5,0.8,3600,0.2,112,67.0,19.88,0.63,1.27,0.178,11.45,10.92,0.098,1.14
50.0,3.0,0.7,2.5,4.5,0.8,14400,0.2,109,76.1,19.41,0.4,1.28,0.178,12.98,10.69,0.098,1.15
50.0,3.0,0.7,2.5,4.5,0.8,14400,0.4,109,76.1,19.41,0.4,1.28,0.178,12.98,10.69,0.098,1.15
50.0,4.0,0.7,2.5,3.0,0.4,3600,0.4,106,84.9,18.84,0.23,1.31,0.178,13.13,10.36,0.098,1.17
50.0,4.0,1.0,2.5,3.0,0.8,14400,0.8,95,80.0,16.9,0.31,1.23,0.178,15.88,9.3,0.098,1.13
50.0,4.0,1.5,2.5,4.5,0.6,2400,0.8,113,69.9,20.1,0.56,1.31,0.178,17.51,11.06,0.098,1.16
55.0,4.0,1.5,2.5,3.0,0.6,1200,0.4,68,75.0,12.09,0.43,1.3,0.178,8.0,6.65,0.098,1.16
40.0,2.0,1.5,2.5,4.5,0.6,3600,0.2,314,68.2,55.55,0.6,1.28,0.177,15.73,30.43,0.097,1.15
40.0,3.0,0.7,2.5,4.5,0.4,7200,0.8,294,77.2,52.16,0.38,1.3,0.177,15.44,28.64,0.097,1.16
40.0,3.0,1.0,2.5,3.0,0.6,,0.4,276,76.1,48.74,0.39,1.25,0.177,17.61,26.66,0.097,1.13
40.0,4.0,1.0,1.5,3.0,0.4,,0.4,239,81.2,42.3,0.29,1.24,0.177,19.06,23.18,0.097,1.13
40.0,4.0,1.0,2.5,3.0,0.6,14400,0.8,237,81.0,41.91,0.29,1.23,0.177,18.68,22.95,0.097,1.12
40.0,5.0,0.7,2.5,3.0,0.4,3600,0.4,246,87.8,43.51,0.18,1.3,0.177,22.5,23.83,0.097,1.16
40.0,5.0,1.0,2.5,3.0,0.8,2400,0.8,276,77.5,48.89,0.39,1.33,0.177,16.92,26.81,0.097,1.17
40.0,5.0,1.5,2.5,4.5,0.4,1200,0.8,329,69.3,58.33,0.63,1.42,0.177,16.65,32.01,0.097,1.22
45.0,2.0,1.0,1.5,3.0,0.4,2400,0.2,233,70.4,41.14,0.55,1.3,0.177,13.34,22.5,0.097,1.16
45.0,3.0,0.7,1.5,4.5,0.4,2400,0.2,225,82.2,39.74,0.29,1.35,0.177,15.4,21.74,0.097,1.19
45.0,3.0,0.7,2.5,4.5,0.6,7200,0.2,213,78.9,37.8,0.35,1.31,0.177,14.8,20.76,0.097,1.17
45.0,3.0,0.7,2.5,4.5,0.6,7200,0.4,213,78.9,37.8,0.35,1.31,0.177,14.8,20.76,0.097,1.17
45.0,5.0,0.7,2.5,3.0,0.4,2400,0.8,224,79.9,39.55,0.35,1.4,0.177,14.97,21.63,0.097,1.21
45.0,5.0,0.7,2.5,4.5,0.4,2400,0.4,200,88.5,35.46,0.17,1.32,0.177,18.1,19.46,0.097,1.17
45.0,5.0,1.0,1.5,3.0,0.8,7200,0.8,178,83.7,31.47,0.24,1.25,0.177,23.94,17.23,0.097,1.13
45.0,5.0,1.0,1.5,4.5,0.8,3600,0.2,173,85.5,30.69,0.21,1.25,0.177,23.85,16.85,0.097,1.13
45.0,5.0,1.0,2.5,3.0,0.8,3600,0.2,173,85.5,30.68,0.21,1.25,0.177,23.93,16.84,0.097,1.13
45.0,5.0,1.0,2.5,4.5,0.8,1200,0.2,175,85.1,31.02,0.22,1.25,0.177,24.34,17.02,0.097,1.13
50.0,2.0,1.5,2.5,3.0,0.6,3600,0.2,113,67.3,19.98,0.62,1.27,0.177,11.85,10.94,0.097,1.14
50.0,5.0,1.0,2.5,3.0,0.8,14400,0.2,91,83.5,16.14,0.24,1.22,0.177,16.88,8.86,0.097,1.12
50.0,5.0,1.0,2.5,3.0,0.8,14400,0.4,91,83.5,16.14,0.24,1.22,0.177,16.88,8.86,0.097,1.12
50.0,5.0,1.0,2.5,4.5,0.4,3600,0.2,92,83.7,16.3,0.24,1.22,0.177,16.45,8.94,0.097,1.12
40.0,2.0,1.5,2.5,3.0,0.6,7200,0.2,313,68.1,55.1,0.6,1.28,0.176,15.98,30.06,0.096,1.14
40.0,2.0,1.5,2.5,3.0,0.6,7200,0.4,313,68.1,55.1,0.6,1.28,0.176,15.98,30.06,0.096,1.14
40.0,3.0,0.7,2.5,3.0,0.6,,0.4,276,76.1,48.58,0.4,1.28,0.176,15.36,26.5,0.096,1.15
40.0,3.0,0.7,2.5,3.0,0.8,,0.4,274,75.9,48.19,0.41,1.29,0.176,16.8,26.27,0.096,1.15
40.0,3.0,1.0,2.5,4.5,0.4,3600,0.4,274,76.6,48.21,0.38,1.25,0.176,16.73,26.29,0.096,1.13
40.0,3.0,1.5,2.5,3.0,0.8,7200,0.8,279,74.9,49.15,0.42,1.25,0.176,17.12,26.83,0.096,1.13
40.0,4.0,0.7,2.5,4.5,0.6,,0.4,237,81.0,41.72,0.3,1.26,0.176,16.19,22.76,0.096,1.14
40.0,4.0,1.0,2.5,4.5,0.4,3600,0.2,238,81.1,41.83,0.29,1.23,0.176,19.53,22.79,0.096,1.12
40.0,5.0,0.7,1.5,3.0,0.6,7200,0.8,243,85.2,42.86,0.23,1.3,0.176,18.21,23.42,0.096,1.16
40.0,5.0,0.7,1.5,4.5,0.8,14400,0.8,231,86.1,40.77,0.2,1.27,0.176,18.55,22.29,0.096,1.15
40.0,5.0,1.0,1.5,3.0,0.8,2400,0.8,276,77.5,48.58,0.38,1.33,0.176,16.79,26.5,0.096,1.17
40.0,5.0,1.5,2.5,3.0,0.4,1200,0.8,329,69.3,58.02,0.63,1.42,0.176,16.65,31.7,0.096,1.22
45.0,2.0,0.7,2.5,3.0,0.6,2400,0.4,253,76.7,44.48,0.43,1.4,0.176,9.99,24.24,0.096,1.21
45.0,2.0,1.0,1.5,4.5,0.6,7200,0.2,232,69.8,40.74,0.56,1.29,0.176,15.58,22.18,0.096,1.15
45.0,2.0,1.0,1.5,4.5,0.6,7200,0.4,232,69.8,40.74,0.56,1.29,0.176,15.58,22.18,0.096,1.15
45.0,2.0,1.0,2.5,4.5,0.4,1200,0.2,235,69.8,41.3,0.56,1.3,0.176,14.12,22.5,0.096,1.16
45.0,3.0,0.7,2.5,3.0,0.6,3600,0.4,223,81.6,39.3,0.3,1.35,0.176,15.64,21.46,0.096,1.19
45.0,3.0,0.7,2.5,3.0,0.6,7200,0.2,213,78.9,37.39,0.35,1.31,0.176,14.8,20.35,0.096,1.16
45.0,3.0,0.7,2.5,3.0,0.6,7200,0.4,213,78.9,37.39,0.35,1.31,0.176,14.8,20.35,0.096,1.16
45.0,4.0,0.7,1.5,4.5,0.8,1200,0.8,261,73.2,45.99,0.59,1.6,0.176,16.4,25.11,0.096,1.3
45.0,4.0,1.0,2.5,4.5,0.4,1200,0.2,177,81.4,31.2,0.28,1.24,0.176,19.67,17.04,0.096,1.13
45.0,5.0,0.7,2.5,3.0,0.4,2400,0.4,200,88.5,35.14,0.17,1.32,0.176,18.1,19.14,0.096,1.17
45.0,5.0,0.7,2.5,3.0,0.6,3600,0.4,197,88.3,34.59,0.17,1.31,0.176,18.21,18.83,0.096,1.17
45.0,5.0,1.0,1.5,3.0,0.8,1200,0.2,175,85.1,30.83,0.22,1.25,0.176,23.74,16.83,0.096,1.13
45.0,5.0,1.0,2.5,4.5,0.8,3600,0.4,174,85.6,30.62,0.21,1.24,0.176,25.04,16.7,0.096,1.13
50.0,4.0,1.0,2.5,3.0,0.6,14400,0.2,95,81.1,16.75,0.29,1.23,0.176,16.34,9.16,0.096,1.12
50.0,4.0,1.0,2.5,3.0,0.6,14400,0.4,95,81.1,16.75,0.29,1.23,0.176,16.34,9.16,0.096,1.12
50.0,5.0,0.7,2.5,4.5,0.8,7200,0.2,99,86.9,17.39,0.19,1.28,0.176,14.47,9.47,0.096,1.15
50.0,5.0,0.7,2.5,4.5,0.8,7200,0.4,99,86.9,17.39,0.19,1.28,0.176,14.47,9.47,0.096,1.15
40.0,2.0,1.5,2.5,3.0,0.4,7200,0.8,326,67.5,56.92,0.62,1.28,0.175,15.19,30.84,0.095,1.15
40.0,2.0,1.5,2.5,4.5,0.6,2400,0.2,314,68.5,54.92,0.59,1.28,0.175,13.62,29.8,0.095,1.14
40.0,2.0,1.5,2.5,4.5,0.8,7200,0.2,312,67.9,54.51,0.6,1.27,0.175,16.61,29.55,0.095,1.14
40.0,2.0,1.5,2.5,4.5,0.8,7200,0.4,312,67.9,54.51,0.6,1.27,0.175,16.61,29.55,0.095,1.14
40.0,3.0,1.5,2.5,3.0,0.4,3600,0.8,304,70.7,53.28,0.53,1.27,0.175,19.24,28.96,0.095,1.14
40.0,4.0,0.7,2.5,3.0,0.6,,0.4,238,81.1,41.63,0.29,1.26,0.175,16.57,22.59,0.095,1.14
40.0,4.0,0.7,2.5,4.5,0.4,7200,0.8,259,81.5,45.43,0.29,1.29,0.175,17.42,24.71,0.095,1.15
40.0,4.0,1.0,1.5,4.5,0.4,14400,0.2,238,81.1,41.71,0.29,1.23,0.175,18.98,22.67,0.095,1.12
40.0,4.0,1.0,1.5,4.5,0.4,14400,0.4,238,81.1,41.71,0.29,1.23,0.175,18.98,22.67,0.095,1.12
40.0,4.0,1.0,1.5,4.5,0.8,7200,0.2,236,81.8,41.4,0.28,1.24,0.175,18.55,22.52,0.095,1.13
40.0,4.0,1.0,1.5,4.5,0.8,7200,0.4,236,81.8,41.4,0.28,1.24,0.175,18.55,22.52,0.095,1.13
40.0,5.0,0.7,1.5,4.5,0.6,7200,0.2,237,86.9,41.39,0.19,1.28,0.175,20.84,22.43,0.095,1.15
40.0,5.0,0.7,1.5,4.5,0.6,7200,0.4,237,86.9,41.39,0.19,1.28,0.175,20.84,22.43,0.095,1.15
40.0,5.0,0.7,2.5,4.5,0.6,3600,0.8,274,81.4,47.97,0.31,1.35,0.175,14.5,26.05,0.095,1.18
45.0,2.0,0.7,1.5,4.5,0.4,2400,0.2,251,76.5,44.02,0.43,1.38,0.175,12.92,23.94,0.095,1.2
45.0,2.0,0.7,1.5,4.5,0.8,3600,0.4,249,76.3,43.68,0.43,1.39,0.175,10.25,23.76,0.095,1.2
45.0,2.0,1.0,1.5,3.0,0.6,14400,0.8,233,69.5,40.69,0.57,1.29,0.175,15.6,22.05,0.095,1.15
45.0,2.0,1.0,1.5,4.5,0.8,7200,0.2,232,69.8,40.65,0.56,1.29,0.175,15.54,22.1,0.095,1.15
45.0,2.0,1.0,1.5,4.5,0.8,7200,0.4,232,69.8,40.65,0.56,1.29,0.175,15.54,22.1,0.095,1.15
45.0,2.0,1.0,2.5,3.0,0.6,3600,0.4,233,70.4,40.81,0.55,1.3,0.175,14.52,22.17,0.095,1.15
45.0,2.0,1.5,2.5,3.0,0.6,3600,0.8,249,65.9,43.48,0.69,1.32,0.175,13.28,23.56,0.095,1.17
45.0,3.0,0.7,1.5,3.0,0.4,2400,0.2,225,82.2,39.43,0.29,1.35,0.175,15.4,21.43,0.095,1.19
45.0,3.0,0.7,1.5,4.5,0.6,3600,0.4,223,82.1,38.94,0.3,1.36,0.175,14.47,21.1,0.095,1.19
45.0,4.0,0.7,1.5,3.0,0.8,1200,0.8,261,73.2,45.58,0.58,1.59,0.175,16.4,24.7,0.095,1.3
45.0,4.0,1.0,2.5,3.0,0.4,1200,0.2,177,81.4,30.93,0.28,1.24,0.175,19.67,16.77,0.095,1.13
45.0,4.0,1.5,2.5,4.5,0.6,1200,0.8,244,70.5,42.65,0.6,1.43,0.175,16.91,23.13,0.095,1.22
45.0,4.0,1.5,2.5,4.5,0.6,3600,0.8,196,75.5,34.24,0.41,1.26,0.175,19.35,18.56,0.095,1.14
45.0,5.0,0.7,2.5,4.5,0.4,1200,0.4,209,85.2,36.57,0.24,1.36,0.175,14.12,19.85,0.095,1.19
45.0,5.0,1.0,2.5,3.0,0.6,3600,0.8,197,80.2,34.56,0.32,1.28,0.175,18.08,18.8,0.095,1.15
45.0,5.0,1.0,2.5,3.0,0.8,1200,0.2,175,85.1,30.57,0.22,1.24,0.175,24.34,16.57,0.095,1.13
50.0,2.0,1.5,2.5,3.0,0.4,3600,0.2,114,67.5,20.01,0.61,1.27,0.176,10.99,10.89,0.095,1.14
50.0,2.0,1.5,2.5,3.0,0.8,7200,0.2,112,67.0,19.63,0.62,1.27,0.175,11.58,10.67,0.095,1.14
50.0,2.0,1.5,2.5,3.0,0.8,7200,0.4,112,67.0,19.63,0.62,1.27,0.175,11.58,10.67,0.095,1.14
50.0,3.0,0.7,2.5,4.5,0.4,14400,0.8,110,76.4,19.3,0.4,1.29,0.175,10.67,10.5,0.095,1.15
50.0,4.0,1.5,2.5,3.0,0.8,1200,0.4,103,74.8,18.0,0.43,1.27,0.175,15.02,9.76,0.095,1.14
50.0,5.0,0.7,2.5,3.0,0.6,,0.4,90,83.3,15.72,0.25,1.24,0.175,15.5,8.52,0.095,1.13
50.0,5.0,1.0,2.5,3.0,0.4,2400,0.2,92,83.7,16.15,0.24,1.22,0.176,16.82,8.78,0.095,1.12
55.0,3.0,1.5,2.5,4.5,0.4,1200,0.8,83,63.9,14.52,0.82,1.46,0.175,6.25,7.88,0.095,1.23
55.0,4.0,1.5,2.5,4.5,0.6,2400,0.8,72,76.4,12.6,0.4,1.3,0.175,9.27,6.84,0.095,1.16
40.0,3.0,0.7,1.5,3.0,0.8,14400,0.2,280,78.2,48.69,0.36,1.3,0.174,15.39,26.29,0.094,1.16
40.0,3.0,0.7,1.5,3.0,0.8,14400,0.4,280,78.2,48.69,0.36,1.3,0.174,15.39,26.29,0.094,1.16
40.0,3.0,1.5,2.5,3.0,0.8,2400,0.2,275,76.4,47.87,0.39,1.25,0.174,17.08,25.87,0.094,1.13
40.0,5.0,1.0,1.5,3.0,0.8,1200,0.2,228,85.5,39.56,0.21,1.24,0.174,24.71,21.32,0.094,1.13
40.0,5.0,1.0,1.5,4.5,0.8,1200,0.2,228,85.5,39.78,0.21,1.24,0.174,24.71,21.54,0.094,1.13
45.0,2.0,0.7,1.5,4.5,0.6,2400,0.4,253,76.7,44.08,0.42,1.4,0.174,9.71,23.84,0.094,1.21
45.0,2.0,0.7,2.5,4.5,0.6,2400,0.2,250,76.4,43.42,0.43,1.38,0.174,13.64,23.42,0.094,1.2
45.0,2.0,1.0,1.5,3.0,0.8,14400,0.8,233,69.5,40.54,0.56,1.29,0.174,15.85,21.9,0.094,1.15
45.0,2.0,1.0,2.5,3.0,0.4,1200,0.2,235,69.8,40.96,0.56,1.3,0.174,14.12,22.16,0.094,1.15
45.0,4.0,1.0,1.5,3.0,0.8,14400,0.2,174,81.6,30.34,0.28,1.24,0.174,20.0,16.42,0.094,1.13
45.0,4.0,1.0,1.5,3.0,0.8,14400,0.4,174,81.6,30.34,0.28,1.24,0.174,20.0,16.42,0.094,1.13
45.0,4.0,1.0,1.5,4.5,0.4,3600,0.2,175,81.7,30.37,0.28,1.24,0.174,19.38,16.37,0.094,1.13
45.0,4.0,1.0,1.5,4.5,0.8,7200,0.2,174,81.6,30.3,0.28,1.24,0.174,20.17,16.38,0.094,1.13
45.0,4.0,1.0,1.5,4.5,0.8,7200,0.4,174,81.6,30.3,0.28,1.24,0.174,20.17,16.38,0.094,1.13
45.0,4.0,1.0,1.5,4.5,0.8,,0.4,172,81.4,29.85,0.28,1.23,0.174,19.78,16.09,0.094,1.12
45.0,4.0,1.0,2.5,4.5,0.4,2400,0.4,178,81.5,31.0,0.28,1.24,0.174,19.77,16.76,0.094,1.13
45.0,5.0,0.7,2.5,3.0,0.4,1200,0.4,209,85.2,36.29,0.24,1.36,0.174,14.12,19.57,0.094,1.19
50.0,2.0,1.5,2.5,3.0,0.4,2400,0.2,114,67.5,19.89,0.61,1.27,0.174,10.99,10.77,0.094,1.14
50.0,4.0,0.7,2.5,3.0,0.8,14400,0.2,101,82.2,17.56,0.28,1.27,0.174,12.89,9.48,0.094,1.14
50.0,4.0,0.7,2.5,3.0,0.8,14400,0.4,101,82.2,17.56,0.28,1.27,0.174,12.89,9.48,0.094,1.14
50.0,4.0,0.7,2.5,4.5,0.8,14400,0.8,101,81.2,17.57,0.29,1.27,0.174,12.52,9.49,0.094,1.14
50.0,5.0,0.7,2.5,4.5,0.6,7200,0.2,99,86.9,17.21,0.19,1.27,0.174,14.28,9.29,0.094,1.15
50.0,5.0,0.7,2.5,4.5,0.6,7200,0.4,99,86.9,17.21,0.19,1.27,0.174,14.28,9.29,0.094,1.15
50.0,5.0,1.0,2.5,3.0,0.4,3600,0.2,92,83.7,15.98,0.24,1.21,0.174,16.82,8.62,0.094,1.11
55.0,3.0,1.5,2.5,3.0,0.4,1200,0.8,83,63.9,14.4,0.82,1.45,0.173,6.25,7.76,0.094,1.23
55.0,4.0,1.5,2.5,3.0,0.6,2400,0.8,72,76.4,12.53,0.4,1.3,0.174,9.27,6.77,0.094,1.16
40.0,2.0,1.5,2.5,3.0,0.6,3600,0.4,314,68.2,54.3,0.6,1.27,0.173,15.98,29.18,0.093,1.14
40.0,2.0,1.5,2.5,3.0,0.8,,0.4,312,67.9,54.06,0.6,1.27,0.173,16.81,29.1,0.093,1.14
40.0,3.0,0.7,1.5,3.0,0.8,14400,0.8,280,78.2,48.44,0.36,1.3,0.173,15.39,26.04,0.093,1.15
40.0,3.0,0.7,1.5,4.5,0.4,,0.4,275,76.4,47.56,0.4,1.28,0.173,14.11,25.57,0.093,1.15
40.0,3.0,1.0,1.5,4.5,0.4,,0.4,275,76.4,47.6,0.39,1.24,0.173,17.53,25.61,0.093,1.13
40.0,3.0,1.0,2.5,4.5,0.8,14400,0.2,272,75.7,47.02,0.4,1.24,0.173,18.17,25.26,0.093,1.13
40.0,3.0,1.0,2.5,4.5,0.8,14400,0.4,272,75.7,47.02,0.4,1.24,0.173,18.17,25.26,0.093,1.13
40.0,3.0,1.0,2.5,4.5,0.8,,0.4,273,75.8,47.1,0.4,1.24,0.173,18.96,25.26,0.093,1.13
40.0,3.0,1.5,2.5,4.5,0.8,1200,0.2,275,76.7,47.62,0.38,1.25,0.173,16.61,25.62,0.093,1.13
40.0,4.0,1.0,1.5,4.5,0.8,,0.4,233,81.1,40.3,0.29,1.23,0.173,18.17,21.66,0.093,1.12
40.0,4.0,1.0,2.5,4.5,0.8,7200,0.8,241,80.5,41.68,0.3,1.24,0.173,20.67,22.4,0.093,1.13
45.0,2.0,0.7,1.5,3.0,0.4,2400,0.2,251,76.5,43.46,0.42,1.38,0.173,12.92,23.38,0.093,1.2
45.0,2.0,0.7,1.5,4.5,0.4,3600,0.8,263,71.1,45.44,0.58,1.42,0.173,9.35,24.4,0.093,1.21
45.0,2.0,1.0,1.5,4.5,0.8,2400,0.4,234,70.9,40.55,0.53,1.3,0.173,10.18,21.83,0.093,1.16
45.0,2.0,1.0,2.5,3.0,0.6,2400,0.2,232,70.3,40.15,0.55,1.29,0.173,14.04,21.59,0.093,1.15
45.0,2.0,1.0,2.5,3.0,0.8,2400,0.4,234,70.9,40.59,0.53,1.3,0.173,10.14,21.87,0.093,1.16
45.0,3.0,0.7,1.5,3.0,0.6,3600,0.4,223,82.1,38.54,0.3,1.35,0.173,14.47,20.7,0.093,1.18
45.0,4.0,1.0,1.5,3.0,0.8,,0.4,173,81.5,29.91,0.28,1.23,0.173,19.78,16.07,0.093,1.12
45.0,4.0,1.5,2.5,3.0,0.6,1200,0.8,244,70.5,42.22,0.6,1.42,0.173,16.91,22.7,0.093,1.21
45.0,4.0,1.5,2.5,3.0,0.6,3600,0.8,196,75.5,33.84,0.41,1.26,0.173,19.35,18.16,0.093,1.14
45.0,5.0,1.0,1.5,3.0,0.8,2400,0.4,175,85.7,30.29,0.21,1.24,0.173,24.39,16.29,0.093,1.13
45.0,5.0,1.0,1.5,3.0,0.8,3600,0.2,173,85.5,29.98,0.21,1.24,0.173,23.67,16.14,0.093,1.13
45.0,5.0,1.0,2.5,3.0,0.8,2400,0.4,175,85.7,30.3,0.21,1.24,0.173,24.65,16.3,0.093,1.13
50.0,3.0,0.7,2.5,3.0,0.4,14400,0.8,110,76.4,19.07,0.4,1.29,0.173,10.67,10.27,0.093,1.15
50.0,3.0,1.5,2.5,4.5,0.4,1200,0.8,138,63.0,23.83,0.85,1.45,0.173,8.67,12.79,0.093,1.22
50.0,5.0,1.0,2.5,3.0,0.6,,0.4,90,83.3,15.6,0.24,1.21,0.173,16.94,8.4,0.093,1.11
40.0,4.0,0.7,1.5,3.0,0.8,14400,0.2,248,83.1,42.64,0.26,1.28,0.172,16.9,22.8,0.092,1.14
40.0,4.0,0.7,1.5,3.0,0.8,14400,0.4,248,83.1,42.64,0.26,1.28,0.172,16.9,22.8,0.092,1.14
40.0,4.0,0.7,2.5,4.5,0.6,14400,0.2,248,82.3,42.55,0.27,1.26,0.172,16.19,22.71,0.092,1.14
40.0,4.0,0.7,2.5,4.5,0.6,14400,0.4,248,82.3,42.55,0.27,1.26,0.172,16.19,22.71,0.092,1.14
40.0,4.0,1.0,1.5,4.5,0.4,14400,0.8,238,81.1,40.96,0.29,1.23,0.172,18.98,21.92,0.092,1.12
40.0,4.0,1.0,2.5,4.5,0.6,7200,0.2,237,81.0,40.79,0.29,1.23,0.172,18.98,21.83,0.092,1.12
40.0,4.0,1.0,2.5,4.5,0.6,7200,0.4,237,81.0,40.79,0.29,1.23,0.172,18.98,21.83,0.092,1.12
40.0,5.0,0.7,2.5,3.0,0.6,3600,0.8,274,81.4,47.11,0.31,1.34,0.172,14.5,25.2,0.092,1.18
45.0,2.0,0.7,1.5,4.5,0.8,3600,0.2,248,76.2,42.62,0.43,1.37,0.172,12.35,22.78,0.092,1.19
45.0,2.0,0.7,2.5,4.5,0.6,3600,0.8,262,71.0,45.19,0.58,1.41,0.172,9.82,24.23,0.092,1.21
45.0,2.0,1.0,1.5,4.5,0.4,3600,0.2,233,70.0,39.97,0.55,1.29,0.172,15.69,21.33,0.092,1.15
45.0,3.0,0.7,2.5,4.5,0.8,3600,0.4,223,81.6,38.27,0.3,1.34,0.172,16.58,20.43,0.092,1.18
45.0,4.0,0.7,2.5,4.5,0.8,1200,0.8,261,73.2,45.02,0.58,1.59,0.172,16.59,24.14,0.092,1.29
45.0,4.0,0.7,2.5,4.5,0.8,3600,0.8,220,79.1,37.93,0.36,1.38,0.172,16.23,20.33,0.092,1.2
45.0,4.0,1.0,1.5,3.0,0.4,3600,0.2,175,81.7,30.11,0.28,1.24,0.172,19.38,16.11,0.092,1.12
45.0,4.0,1.0,2.5,3.0,0.4,2400,0.4,178,81.5,30.69,0.28,1.24,0.172,19.77,16.45,0.092,1.13
45.0,5.0,0.7,1.5,4.5,0.4,2400,0.2,198,88.4,34.02,0.17,1.31,0.172,17.39,18.18,0.092,1.16
45.0,5.0,0.7,1.5,4.5,0.6,3600,0.2,196,88.3,33.64,0.17,1.3,0.172,17.76,17.96,0.092,1.16
45.0,5.0,1.0,1.5,4.5,0.8,3600,0.4,174,85.6,29.92,0.21,1.24,0.172,24.78,16.0,0.092,1.13
45.0,5.0,1.0,2.5,3.0,0.8,3600,0.4,174,85.6,29.91,0.21,1.24,0.172,24.86,15.99,0.092,1.13
50.0,2.0,1.5,2.5,4.5,0.6,1200,0.2,115,66.1,19.78,0.65,1.27,0.172,10.6,10.58,0.092,1.14
50.0,4.0,1.0,1.5,4.5,0.4,2400,0.2,96,81.2,16.49,0.28,1.23,0.172,15.75,8.81,0.092,1.12
55.0,3.0,1.5,2.5,4.5,0.4,1200,0.4,71,71.8,12.18,0.51,1.31,0.172,9.16,6.5,0.092,1.16
40.0,2.0,1.5,2.5,3.0,0.6,3600,0.2,314,68.2,53.64,0.59,1.27,0.171,15.98,28.52,0.091,1.14
40.0,2.0,1.5,2.5,4.5,0.4,1200,0.2,316,68.4,54.08,0.59,1.27,0.171,14.67,28.8,0.091,1.14
40.0,3.0,0.7,1.5,3.0,0.4,14400,0.2,282,78.0,48.22,0.36,1.29,0.171,14.54,25.66,0.091,1.15
40.0,3.0,0.7,1.5,3.0,0.4,14400,0.4,282,78.0,48.22,0.36,1.29,0.171,14.54,25.66,0.091,1.15
40.0,3.0,0.7,2.5,3.0,0.4,7200,0.8,294,77.2,50.16,0.38,1.29,0.171,15.44,26.64,0.091,1.15
40.0,3.0,0.7,2.5,4.5,0.8,7200,0.2,283,78.4,48.44,0.35,1.29,0.171,14.61,25.8,0.091,1.15
40.0,3.0,0.7,2.5,4.5,0.8,7200,0.4,283,78.4,48.44,0.35,1.29,0.171,14.61,25.8,0.091,1.15
40.0,3.0,1.0,2.5,3.0,0.4,3600,0.4,274,76.6,46.8,0.38,1.24,0.171,16.73,24.88,0.091,1.13
40.0,3.0,1.5,2.5,3.0,0.8,1200,0.2,275,76.7,46.9,0.38,1.24,0.171,16.61,24.9,0.091,1.13
40.0,4.0,0.7,1.5,3.0,0.8,14400,0.8,248,83.1,42.39,0.26,1.27,0.171,16.9,22.55,0.091,1.14
40.0,4.0,0.7,2.5,4.5,0.4,7200,0.2,253,83.0,43.37,0.26,1.27,0.171,18.7,23.13,0.091,1.14
40.0,4.0,0.7,2.5,4.5,0.4,7200,0.4,253,83.0,43.37,0.26,1.27,0.171,18.7,23.13,0.091,1.14
40.0,4.0,0.7,2.5,4.5,0.6,14400,0.8,248,82.3,42.31,0.27,1.26,0.171,16.36,22.47,0.091,1.14
40.0,4.0,1.0,2.5,3.0,0.4,3600,0.2,238,81.1,40.73,0.29,1.23,0.171,19.53,21.69,0.091,1.12
40.0,4.0,1.0,2.5,3.0,0.4,7200,0.8,243,79.8,41.61,0.31,1.23,0.171,20.47,22.17,0.091,1.12
40.0,5.0,0.7,1.5,4.5,0.8,7200,0.8,242,85.1,41.38,0.22,1.29,0.171,18.24,22.02,0.091,1.15
40.0,5.0,1.0,2.5,4.5,0.8,1200,0.2,228,85.5,38.97,0.21,1.24,0.171,24.91,20.73,0.091,1.12
45.0,2.0,0.7,1.5,3.0,0.4,3600,0.8,263,71.1,44.97,0.57,1.41,0.171,9.35,23.93,0.091,1.21
45.0,2.0,0.7,2.5,4.5,0.8,2400,0.4,253,76.7,43.32,0.42,1.39,0.171,9.59,23.08,0.091,1.2
45.0,2.0,1.0,1.5,3.0,0.6,7200,0.2,232,69.8,39.79,0.55,1.28,0.172,15.46,21.23,0.091,1.15
45.0,2.0,1.0,1.5,3.0,0.6,7200,0.4,232,69.8,39.79,0.55,1.28,0.172,15.46,21.23,0.091,1.15
45.0,2.0,1.5,2.5,4.5,0.4,2400,0.8,266,65.0,45.58,0.73,1.35,0.171,13.14,24.3,0.091,1.18
45.0,2.0,1.5,2.5,4.5,0.8,3600,0.8,249,65.9,42.66,0.68,1.32,0.171,12.75,22.74,0.091,1.16
45.0,3.0,0.7,1.5,4.5,0.4,2400,0.4,231,82.3,39.57,0.29,1.35,0.171,14.61,21.09,0.091,1.18
45.0,3.0,0.7,1.5,4.5,0.4,7200,0.8,221,77.4,37.78,0.38,1.31,0.171,15.55,20.1,0.091,1.16
45.0,3.0,0.7,1.5,4.5,0.8,7200,0.2,213,79.3,36.52,0.34,1.31,0.171,14.2,19.47,0.091,1.16
45.0,3.0,0.7,1.5,4.5,0.8,7200,0.4,213,79.3,36.52,0.34,1.31,0.171,14.2,19.47,0.091,1.16
45.0,3.0,0.7,1.5,4.5,0.8,14400,0.2,210,77.1,35.9,0.38,1.29,0.171,16.39,19.1,0.091,1.15
45.0,3.0,0.7,1.5,4.5,0.8,14400,0.4,210,77.1,35.9,0.38,1.29,0.171,16.39,19.1,0.091,1.15
45.0,3.0,0.7,2.5,4.5,0.8,7200,0.8,220,76.8,37.71,0.4,1.31,0.171,15.9,20.11,0.091,1.16
45.0,4.0,0.7,2.5,3.0,0.8,1200,0.8,261,73.2,44.61,0.58,1.58,0.171,16.59,23.73,0.091,1.29
45.0,4.0,0.7,2.5,4.5,0.8,1200,0.4,214,83.2,36.53,0.28,1.38,0.171,16.19,19.42,0.091,1.2
45.0,5.0,1.0,2.5,4.5,0.6,2400,0.8,210,77.6,35.98,0.38,1.31,0.171,11.8,19.18,0.091,1.16
50.0,2.0,1.5,2.5,3.0,0.8,3600,0.2,112,67.0,19.17,0.62,1.26,0.171,11.45,10.21,0.091,1.13
50.0,3.0,1.5,2.5,4.5,0.4,3600,0.4,107,74.8,18.26,0.41,1.23,0.171,11.48,9.7,0.091,1.12
50.0,3.0,1.5,2.5,4.5,0.4,14400,0.8,107,73.8,18.28,0.43,1.23,0.171,12.88,9.72,0.091,1.12
50.0,4.0,1.5,2.5,3.0,0.6,2400,0.8,113,69.9,19.35,0.56,1.3,0.171,17.89,10.31,0.091,1.15
50.0,5.0,0.7,1.5,3.0,0.4,,0.4,91,83.5,15.6,0.24,1.24,0.171,15.67,8.32,0.091,1.12
50.0,5.0,1.0,1.5,3.0,0.4,,0.4,91,83.5,15.6,0.24,1.21,0.171,17.11,8.32,0.091,1.11
40.0,2.0,1.5,2.5,3.0,0.6,2400,0.2,314,68.5,53.32,0.58,1.27,0.17,13.99,28.2,0.09,1.14
40.0,2.0,1.5,2.5,4.5,0.6,2400,0.4,321,67.9,54.68,0.6,1.28,0.17,11.84,29.0,0.09,1.14
40.0,3.0,0.7,1.5,3.0,0.4,14400,0.8,282,78.0,47.97,0.36,1.29,0.17,14.79,25.41,0.09,1.15
40.0,3.0,1.0,2.5,4.5,0.4,7200,0.8,279,75.3,47.46,0.41,1.24,0.17,17.16,25.14,0.09,1.12
40.0,3.0,1.0,2.5,4.5,0.6,14400,0.2,274,75.9,46.52,0.39,1.24,0.17,17.62,24.61,0.09,1.12
40.0,3.0,1.0,2.5,4.5,0.6,14400,0.4,274,75.9,46.52,0.39,1.24,0.17,17.62,24.61,0.09,1.12
40.0,3.0,1.0,2.5,4.5,0.8,14400,0.8,272,75.7,46.26,0.4,1.24,0.17,18.17,24.5,0.09,1.12
40.0,4.0,1.0,2.5,4.5,0.4,3600,0.4,239,80.8,40.64,0.29,1.23,0.17,20.78,21.52,0.09,1.12
40.0,5.0,0.7,1.5,3.0,0.6,7200,0.2,237,86.9,40.21,0.19,1.27,0.17,20.84,21.25,0.09,1.14
40.0,5.0,0.7,1.5,3.0,0.6,7200,0.4,237,86.9,40.21,0.19,1.27,0.17,20.84,21.25,0.09,1.14
40.0,5.0,0.7,1.5,4.5,0.4,3600,0.8,274,81.4,46.45,0.31,1.34,0.17,14.22,24.53,0.09,1.17
40.0,5.0,0.7,2.5,3.0,0.8,7200,0.8,243,85.2,41.28,0.22,1.28,0.17,18.21,21.84,0.09,1.15
40.0,5.0,0.7,2.5,4.5,0.6,3600,0.2,245,87.8,41.59,0.18,1.29,0.17,22.79,21.99,0.09,1.15
40.0,5.0,1.0,2.5,3.0,0.8,1200,0.2,228,85.5,38.76,0.21,1.23,0.17,24.91,20.52,0.09,1.12
45.0,2.0,0.7,1.5,3.0,0.6,2400,0.4,253,76.7,42.91,0.42,1.39,0.17,9.71,22.67,0.09,1.2
45.0,2.0,1.0,1.5,3.0,0.4,3600,0.2,233,70.0,39.5,0.55,1.28,0.17,15.62,20.86,0.09,1.14
45.0,2.0,1.0,2.5,4.5,0.6,3600,0.2,232,69.8,39.51,0.55,1.28,0.17,16.72,20.94,0.09,1.14
45.0,3.0,0.7,1.5,3.0,0.4,2400,0.4,231,82.3,39.27,0.29,1.35,0.17,14.61,20.79,0.09,1.18
45.0,3.0,0.7,1.5,4.5,0.8,14400,0.8,210,77.1,35.66,0.38,1.29,0.17,16.39,18.85,0.09,1.15
45.0,3.0,0.7,2.5,4.5,0.6,14400,0.2,210,76.7,35.61,0.39,1.29,0.17,17.04,18.81,0.09,1.15
45.0,3.0,0.7,2.5,4.5,0.6,14400,0.4,210,76.7,35.61,0.39,1.29,0.17,17.04,18.81,0.09,1.15
45.0,4.0,0.7,1.5,4.5,0.8,1200,0.4,214,83.2,36.43,0.28,1.38,0.17,16.35,19.31,0.09,1.2
45.0,4.0,1.0,1.5,3.0,0.8,14400,0.8,174,81.6,29.59,0.28,1.23,0.17,20.0,15.67,0.09,1.12
45.0,5.0,0.7,1.5,3.0,0.4,2400,0.2,198,88.4,33.71,0.17,1.31,0.17,17.39,17.87,0.09,1.16
45.0,5.0,0.7,2.5,4.5,0.6,1200,0.2,201,88.6,34.15,0.17,1.32,0.17,15.84,18.07,0.09,1.17
50.0,2.0,1.5,2.5,4.5,0.8,2400,0.2,112,67.0,19.06,0.62,1.26,0.17,11.45,10.1,0.09,1.13
50.0,3.0,1.5,2.5,3.0,0.4,1200,0.8,138,63.0,23.44,0.85,1.44,0.17,8.67,12.39,0.09,1.22
50.0,4.0,1.0,2.5,4.5,0.6,7200,0.2,95,81.1,16.18,0.29,1.22,0.17,16.14,8.58,0.09,1.12
50.0,4.0,1.0,2.5,4.5,0.6,7200,0.4,95,81.1,16.18,0.29,1.22,0.17,16.14,8.58,0.09,1.12
50.0,5.0,0.7,1.5,4.5,0.6,7200,0.2,99,86.9,16.87,0.19,1.27,0.17,14.15,8.95,0.09,1.14
50.0,5.0,0.7,1.5,4.5,0.6,7200,0.4,99,86.9,16.87,0.19,1.27,0.17,14.15,8.95,0.09,1.14
55.0,3.0,1.5,2.5,3.0,0.4,1200,0.4,71,71.8,12.06,0.51,1.3,0.17,9.16,6.38,0.09,1.15
40.0,2.0,1.0,2.5,4.5,0.4,,0.4,316,68.4,53.45,0.59,1.27,0.169,15.04,28.17,0.089,1.14
40.0,4.0,0.7,2.5,3.0,0.4,7200,0.8,259,81.5,43.74,0.29,1.28,0.169,17.42,23.02,0.089,1.14
40.0,5.0,0.7,2.5,4.5,0.6,3600,0.4,246,87.8,41.56,0.18,1.29,0.169,22.81,21.88,0.089,1.15
40.0,5.0,0.7,2.5,4.5,0.8,7200,0.2,236,86.9,39.91,0.19,1.27,0.169,20.78,21.03,0.089,1.14
40.0,5.0,0.7,2.5,4.5,0.8,7200,0.4,236,86.9,39.91,0.19,1.27,0.169,20.78,21.03,0.089,1.14
45.0,2.0,0.7,1.5,3.0,0.8,3600,0.4,249,76.3,42.05,0.43,1.37,0.169,10.34,22.13,0.089,1.19
45.0,2.0,0.7,2.5,3.0,0.6,2400,0.2,250,76.4,42.25,0.42,1.37,0.169,13.64,22.25,0.089,1.19
45.0,2.0,0.7,2.5,3.0,0.6,3600,0.8,262,71.0,44.22,0.57,1.4,0.169,9.82,23.26,0.089,1.2
45.0,2.0,1.5,2.5,3.0,0.4,2400,0.8,266,65.0,44.99,0.72,1.35,0.169,13.14,23.71,0.089,1.17
45.0,3.0,0.7,1.5,4.5,0.4,14400,0.2,211,77.3,35.72,0.38,1.29,0.169,14.9,18.84,0.089,1.15
45.0,3.0,0.7,1.5,4.5,0.4,14400,0.4,211,77.3,35.72,0.38,1.29,0.169,14.9,18.84,0.089,1.15
45.0,3.0,0.7,2.5,4.5,0.6,3600,0.2,222,81.5,37.58,0.3,1.33,0.169,15.88,19.82,0.089,1.17
45.0,4.0,0.7,2.5,3.0,0.8,1200,0.4,214,83.2,36.12,0.28,1.38,0.169,16.19,19.0,0.089,1.19
45.0,4.0,1.0,1.5,4.5,0.4,2400,0.2,175,81.7,29.53,0.28,1.23,0.169,20.07,15.53,0.089,1.12
45.0,4.0,1.0,1.5,4.5,0.4,7200,0.8,180,80.0,30.4,0.31,1.24,0.169,19.38,16.0,0.089,1.12
45.0,5.0,0.7,1.5,3.0,0.6,3600,0.2,196,88.3,33.18,0.17,1.3,0.169,17.63,17.5,0.089,1.16
45.0,5.0,0.7,2.5,4.5,0.8,3600,0.8,216,81.5,36.44,0.31,1.36,0.169,15.41,19.16,0.089,1.18
45.0,5.0,1.0,1.5,4.5,0.6,3600,0.8,197,80.2,33.2,0.31,1.27,0.169,18.18,17.45,0.089,1.14
45.0,5.0,1.0,2.5,4.5,0.6,1200,0.4,185,82.2,31.32,0.27,1.26,0.169,22.68,16.52,0.089,1.13
50.0,3.0,1.5,2.5,3.0,0.4,14400,0.8,107,73.8,18.04,0.43,1.22,0.169,12.88,9.48,0.089,1.11
50.0,4.0,0.7,1.5,4.5,0.4,14400,0.2,102,82.4,17.28,0.27,1.27,0.169,12.79,9.12,0.089,1.14
50.0,4.0,0.7,1.5,4.5,0.4,14400,0.4,102,82.4,17.28,0.27,1.27,0.169,12.79,9.12,0.089,1.14
50.0,5.0,0.7,2.5,3.0,0.6,7200,0.2,99,86.9,16.71,0.19,1.27,0.169,14.65,8.79,0.089,1.14
50.0,5.0,0.7,2.5,3.0,0.6,7200,0.4,99,86.9,16.71,0.19,1.27,0.169,14.65,8.79,0.089,1.14
55.0,4.0,1.0,2.5,4.5,0.4,2400,0.8,72,76.4,12.16,0.4,1.29,0.169,9.2,6.4,0.089,1.15
55.0,5.0,1.0,1.5,4.5,0.4,2400,0.8,70,78.6,11.85,0.35,1.28,0.169,7.15,6.25,0.089,1.15
40.0,2.0,1.5,2.5,3.0,0.4,1200,0.2,316,68.4,53.23,0.59,1.27,0.168,15.04,27.95,0.088,1.13
40.0,4.0,0.7,2.5,4.5,0.8,7200,0.8,258,82.2,43.41,0.28,1.28,0.168,17.66,22.77,0.088,1.15
40.0,4.0,1.0,1.5,3.0,0.8,7200,0.2,237,81.9,39.83,0.27,1.23,0.168,18.92,20.87,0.088,1.12
40.0,4.0,1.0,1.5,3.0,0.8,7200,0.4,237,81.9,39.83,0.27,1.23,0.168,18.92,20.87,0.088,1.12
40.0,4.0,1.0,1.5,4.5,0.4,7200,0.2,238,81.1,40.03,0.29,1.22,0.168,19.3,20.99,0.088,1.11
40.0,4.0,1.0,1.5,4.5,0.4,7200,0.4,238,81.1,40.03,0.29,1.22,0.168,19.3,20.99,0.088,1.11
45.0,2.0,0.7,1.5,4.5,0.6,2400,0.2,250,76.4,41.91,0.42,1.37,0.168,13.36,21.91,0.088,1.18
45.0,2.0,1.0,1.5,4.5,0.6,2400,0.2,232,70.3,39.02,0.54,1.28,0.168,13.96,20.46,0.088,1.14
45.0,2.0,1.0,2.5,4.5,0.8,7200,0.8,241,68.9,40.5,0.58,1.29,0.168,16.57,21.22,0.088,1.14
45.0,3.0,0.7,1.5,3.0,0.4,7200,0.8,221,77.4,37.24,0.38,1.31,0.169,15.55,19.56,0.088,1.16
45.0,3.0,0.7,1.5,4.5,0.4,14400,0.8,211,77.3,35.47,0.38,1.29,0.168,14.9,18.59,0.088,1.15
45.0,3.0,0.7,1.5,4.5,0.6,7200,0.2,213,79.3,35.84,0.34,1.3,0.168,14.34,18.8,0.088,1.15
45.0,3.0,0.7,1.5,4.5,0.6,7200,0.4,213,79.3,35.84,0.34,1.3,0.168,14.34,18.8,0.088,1.15
45.0,3.0,0.7,2.5,4.5,0.6,14400,0.8,210,76.7,35.37,0.39,1.28,0.168,17.04,18.56,0.088,1.14
45.0,4.0,0.7,1.5,3.0,0.8,1200,0.4,214,83.2,36.02,0.28,1.38,0.168,16.35,18.9,0.088,1.19
45.0,4.0,0.7,2.5,3.0,0.8,3600,0.8,220,79.1,36.99,0.36,1.37,0.168,16.23,19.39,0.088,1.19
45.0,4.0,1.0,2.5,4.5,0.6,7200,0.8,179,79.9,30.09,0.31,1.23,0.168,19.21,15.77,0.088,1.12
45.0,4.0,1.5,2.5,4.5,0.4,2400,0.8,207,72.9,34.7,0.47,1.27,0.168,19.99,18.14,0.088,1.14
45.0,5.0,0.7,1.5,4.5,0.6,3600,0.4,197,88.3,33.1,0.17,1.3,0.168,18.45,17.34,0.088,1.15
45.0,5.0,0.7,2.5,3.0,0.6,1200,0.2,201,88.6,33.68,0.17,1.32,0.168,15.84,17.6,0.088,1.16
45.0,5.0,1.0,1.5,3.0,0.8,3600,0.4,174,85.6,29.21,0.21,1.23,0.168,24.61,15.29,0.088,1.12
45.0,5.0,1.0,2.5,3.0,0.6,2400,0.8,210,77.6,35.38,0.38,1.3,0.168,11.8,18.58,0.088,1.15
50.0,3.0,0.7,2.5,4.5,0.4,7200,0.8,115,76.5,19.33,0.4,1.29,0.168,11.9,10.13,0.088,1.15
50.0,3.0,1.5,2.5,3.0,0.4,3600,0.4,107,74.8,17.94,0.41,1.22,0.168,11.48,9.38,0.088,1.11
50.0,4.0,1.0,1.5,3.0,0.4,2400,0.2,96,81.2,16.1,0.28,1.22,0.168,16.12,8.42,0.088,1.11
50.0,4.0,1.0,1.5,3.0,0.8,14400,0.2,95,81.1,16.0,0.29,1.22,0.168,16.14,8.4,0.088,1.11
50.0,4.0,1.0,1.5,3.0,0.8,14400,0.4,95,81.1,16.0,0.29,1.22,0.168,16.14,8.4,0.088,1.11
50.0,4.0,1.0,1.5,4.5,0.4,3600,0.2,96,81.2,16.13,0.28,1.22,0.168,15.75,8.45,0.088,1.12
50.0,4.0,1.0,1.5,4.5,0.4,14400,0.8,96,80.2,16.16,0.3,1.22,0.168,15.74,8.48,0.088,1.12
50.0,4.0,1.0,2.5,3.0,0.8,7200,0.2,95,81.1,15.96,0.29,1.22,0.168,16.83,8.36,0.088,1.11
50.0,4.0,1.0,2.5,3.0,0.8,7200,0.4,95,81.1,15.96,0.29,1.22,0.168,16.83,8.36,0.088,1.11
50.0,5.0,0.7,1.5,4.5,0.8,7200,0.2,99,86.9,16.61,0.19,1.26,0.168,14.23,8.69,0.088,1.14
50.0,5.0,0.7,1.5,4.5,0.8,7200,0.4,99,86.9,16.61,0.19,1.26,0.168,14.23,8.69,0.088,1.14
50.0,5.0,1.0,1.5,4.5,0.4,14400,0.2,92,83.7,15.49,0.24,1.21,0.168,16.74,8.13,0.088,1.11
50.0,5.0,1.0,1.5,4.5,0.4,14400,0.4,92,83.7,15.49,0.24,1.21,0.168,16.74,8.13,0.088,1.11
50.0,5.0,1.0,2.5,4.5,0.4,3600,0.4,92,83.7,15.44,0.23,1.21,0.168,16.45,8.08,0.088,1.11
55.0,5.0,1.0,1.5,3.0,0.4,2400,0.8,70,78.6,11.73,0.35,1.28,0.168,7.15,6.13,0.088,1.14
40.0,3.0,0.7,1.5,3.0,0.4,,0.4,276,76.4,45.97,0.39,1.27,0.167,14.11,23.89,0.087,1.14
40.0,3.0,0.7,1.5,4.5,0.6,14400,0.2,282,78.0,47.05,0.36,1.28,0.167,14.75,24.49,0.087,1.14
40.0,3.0,0.7,1.5,4.5,0.6,14400,0.4,282,78.0,47.05,0.36,1.28,0.167,14.75,24.49,0.087,1.14
40.0,3.0,1.0,1.5,3.0,0.4,,0.4,276,76.4,46.13,0.38,1.24,0.167,17.51,24.05,0.087,1.12
40.0,3.0,1.0,2.5,4.5,0.6,14400,0.8,274,75.9,45.77,0.39,1.23,0.167,17.62,23.85,0.087,1.12
40.0,4.0,1.0,2.5,3.0,0.6,7200,0.2,237,81.0,39.61,0.29,1.22,0.167,18.98,20.65,0.087,1.11
40.0,4.0,1.0,2.5,3.0,0.6,7200,0.4,237,81.0,39.61,0.29,1.22,0.167,18.98,20.65,0.087,1.11
45.0,2.0,1.0,1.5,3.0,0.8,2400,0.4,234,70.9,39.02,0.53,1.29,0.167,10.28,20.3,0.087,1.15
45.0,2.0,1.0,1.5,4.5,0.4,7200,0.8,242,69.0,40.47,0.58,1.29,0.167,16.02,21.11,0.087,1.14
45.0,3.0,0.7,2.5,3.0,0.6,3600,0.2,222,81.5,37.18,0.3,1.33,0.167,15.88,19.42,0.087,1.17
45.0,3.0,0.7,2.5,3.0,0.6,14400,0.2,210,76.7,35.12,0.39,1.28,0.167,17.09,18.32,0.087,1.14
45.0,3.0,0.7,2.5,3.0,0.6,14400,0.4,210,76.7,35.12,0.39,1.28,0.167,17.09,18.32,0.087,1.14
45.0,3.0,0.7,2.5,3.0,0.8,3600,0.4,223,81.6,37.22,0.3,1.33,0.167,16.58,19.38,0.087,1.17
45.0,4.0,1.0,1.5,3.0,0.4,2400,0.2,175,81.7,29.22,0.27,1.23,0.167,20.07,15.22,0.087,1.12
45.0,4.0,1.0,2.5,4.5,0.4,1200,0.8,246,70.7,41.04,0.58,1.41,0.167,17.09,21.36,0.087,1.2
45.0,5.0,0.7,1.5,4.5,0.4,1200,0.4,209,85.2,34.84,0.23,1.34,0.167,14.43,18.12,0.087,1.17
45.0,5.0,0.7,1.5,4.5,0.4,2400,0.8,224,79.9,37.39,0.35,1.38,0.167,15.3,19.47,0.087,1.19
45.0,5.0,0.7,1.5,4.5,0.6,1200,0.2,201,88.6,33.51,0.17,1.32,0.167,15.65,17.43,0.087,1.16
45.0,5.0,1.0,2.5,3.0,0.6,1200,0.4,185,82.2,30.85,0.27,1.25,0.167,22.68,16.05,0.087,1.13
50.0,2.0,1.5,2.5,3.0,0.6,1200,0.2,115,66.1,19.25,0.65,1.26,0.167,10.6,10.05,0.087,1.13
50.0,4.0,0.7,1.5,3.0,0.4,14400,0.2,102,82.4,17.04,0.27,1.26,0.167,13.17,8.88,0.087,1.13
50.0,4.0,0.7,1.5,3.0,0.4,14400,0.4,102,82.4,17.04,0.27,1.26,0.167,13.17,8.88,0.087,1.13
50.0,5.0,0.7,2.5,3.0,0.8,7200,0.2,99,86.9,16.5,0.19,1.26,0.167,14.85,8.58,0.087,1.13
50.0,5.0,0.7,2.5,3.0,0.8,7200,0.4,99,86.9,16.5,0.19,1.26,0.167,14.85,8.58,0.087,1.13
55.0,4.0,1.0,2.5,3.0,0.4,2400,0.8,72,76.4,12.04,0.4,1.29,0.167,9.2,6.28,0.087,1.15
40.0,2.0,0.7,2.5,4.5,0.8,14400,0.2,318,69.5,52.78,0.57,1.3,0.166,16.52,27.34,0.086,1.15
40.0,2.0,0.7,2.5,4.5,0.8,14400,0.4,318,69.5,52.78,0.57,1.3,0.166,16.52,27.34,0.086,1.15
40.0,3.0,0.7,1.5,4.5,0.6,14400,0.8,282,78.0,46.8,0.36,1.28,0.166,14.75,24.24,0.086,1.14
40.0,4.0,0.7,2.5,3.0,0.6,14400,0.2,248,82.3,41.05,0.27,1.26,0.166,16.59,21.21,0.086,1.13
40.0,4.0,0.7,2.5,3.0,0.6,14400,0.4,248,82.3,41.05,0.27,1.26,0.166,16.59,21.21,0.086,1.13
40.0,4.0,1.0,1.5,3.0,0.4,14400,0.2,238,81.1,39.57,0.28,1.22,0.166,18.98,20.53,0.086,1.11
40.0,4.0,1.0,1.5,3.0,0.4,14400,0.4,238,81.1,39.57,0.28,1.22,0.166,18.98,20.53,0.086,1.11
40.0,5.0,0.7,1.5,3.0,0.4,3600,0.8,274,81.4,45.35,0.3,1.33,0.166,14.22,23.44,0.086,1.17
40.0,5.0,0.7,2.5,3.0,0.6,3600,0.2,245,87.8,40.73,0.18,1.28,0.166,22.79,21.14,0.086,1.14
45.0,2.0,0.7,1.5,4.5,0.8,2400,0.4,253,76.7,42.12,0.42,1.38,0.166,9.59,21.88,0.086,1.19
45.0,2.0,1.0,2.5,3.0,0.6,3600,0.2,232,69.8,38.54,0.55,1.28,0.166,16.62,19.98,0.086,1.14
45.0,3.0,0.7,1.5,3.0,0.4,14400,0.2,211,77.3,35.01,0.38,1.28,0.166,15.0,18.13,0.086,1.14
45.0,3.0,0.7,1.5,3.0,0.4,14400,0.4,211,77.3,35.01,0.38,1.28,0.166,15.0,18.13,0.086,1.14
45.0,3.0,0.7,1.5,3.0,0.6,7200,0.2,213,79.3,35.44,0.34,1.3,0.166,14.34,18.4,0.086,1.15
45.0,3.0,0.7,1.5,3.0,0.6,7200,0.4,213,79.3,35.44,0.34,1.3,0.166,14.34,18.4,0.086,1.15
45.0,3.0,0.7,1.5,4.5,0.6,3600,0.2,222,82.0,36.87,0.29,1.33,0.166,15.89,19.11,0.086,1.17
45.0,3.0,0.7,2.5,3.0,0.6,14400,0.8,210,76.7,34.88,0.39,1.28,0.166,17.09,18.08,0.086,1.14
45.0,3.0,1.5,2.5,4.5,0.4,,0.4,204,74.5,33.76,0.42,1.22,0.165,17.88,17.44,0.086,1.11
45.0,4.0,0.7,1.5,4.5,0.8,3600,0.8,220,79.1,36.49,0.36,1.36,0.166,16.25,18.89,0.086,1.18
45.0,4.0,1.0,1.5,3.0,0.4,7200,0.8,180,80.0,29.86,0.31,1.23,0.166,19.38,15.46,0.086,1.12
45.0,4.0,1.0,1.5,3.0,0.8,7200,0.2,174,81.6,28.87,0.28,1.23,0.166,20.17,14.95,0.086,1.11
45.0,4.0,1.0,1.5,3.0,0.8,7200,0.4,174,81.6,28.87,0.28,1.23,0.166,20.17,14.95,0.086,1.11
45.0,4.0,1.0,2.5,3.0,0.4,1200,0.8,246,70.7,40.77,0.58,1.41,0.166,17.09,21.09,0.086,1.2
45.0,4.0,1.0,2.5,3.0,0.6,7200,0.8,179,79.9,29.7,0.31,1.23,0.166,19.21,15.38,0.086,1.12
45.0,4.0,1.5,2.5,3.0,0.4,2400,0.8,207,72.9,34.36,0.47,1.27,0.166,19.99,17.8,0.086,1.13
45.0,4.0,1.5,2.5,4.5,0.8,1200,0.4,186,77.4,30.9,0.36,1.25,0.166,19.25,16.02,0.086,1.12
45.0,5.0,0.7,1.5,3.0,0.4,2400,0.8,224,79.9,37.08,0.35,1.38,0.166,15.3,19.16,0.086,1.19
45.0,5.0,0.7,1.5,3.0,0.6,3600,0.4,197,88.3,32.64,0.17,1.3,0.166,18.33,16.88,0.086,1.15
45.0,5.0,0.7,1.5,4.5,0.8,3600,0.8,216,81.5,35.76,0.31,1.35,0.166,16.0,18.48,0.086,1.18
45.0,5.0,1.0,1.5,3.0,0.6,3600,0.8,197,80.2,32.75,0.31,1.26,0.166,18.06,16.99,0.086,1.13
45.0,5.0,1.0,1.5,4.5,0.6,1200,0.4,185,82.2,30.77,0.27,1.25,0.166,22.35,15.97,0.086,1.13
45.0,5.0,1.0,1.5,4.5,0.6,2400,0.8,210,77.6,34.79,0.37,1.3,0.166,11.9,17.99,0.086,1.15
50.0,2.0,0.7,2.5,4.5,0.8,14400,0.2,117,69.2,19.37,0.57,1.29,0.166,14.33,10.01,0.086,1.14
50.0,2.0,0.7,2.5,4.5,0.8,14400,0.4,117,69.2,19.37,0.57,1.29,0.166,14.33,10.01,0.086,1.14
50.0,2.0,1.5,2.5,4.5,0.4,1200,0.2,116,66.4,19.25,0.64,1.26,0.166,9.94,9.97,0.086,1.13
50.0,3.0,0.7,1.5,4.5,0.8,14400,0.8,109,76.1,18.06,0.4,1.27,0.166,10.41,9.34,0.086,1.14
50.0,3.0,0.7,2.5,3.0,0.4,7200,0.8,115,76.5,19.1,0.4,1.29,0.166,12.28,9.9,0.086,1.15
50.0,4.0,0.7,1.5,4.5,0.4,3600,0.2,106,84.9,17.61,0.23,1.29,0.166,13.06,9.13,0.086,1.15
50.0,4.0,0.7,2.5,4.5,0.4,1200,0.4,113,77.9,18.72,0.39,1.36,0.166,12.75,9.68,0.086,1.18
50.0,4.0,1.0,1.5,3.0,0.4,14400,0.8,96,80.2,15.93,0.3,1.22,0.166,16.11,8.25,0.086,1.11
50.0,4.0,1.0,1.5,4.5,0.6,14400,0.2,95,81.1,15.77,0.28,1.22,0.166,15.84,8.17,0.086,1.11
50.0,4.0,1.0,1.5,4.5,0.6,14400,0.4,95,81.1,15.77,0.28,1.22,0.166,15.84,8.17,0.086,1.11
50.0,4.0,1.0,2.5,4.5,0.4,1200,0.2,98,80.6,16.25,0.29,1.23,0.166,15.45,8.41,0.086,1.11
50.0,5.0,0.7,1.5,4.5,0.4,,0.4,90,83.3,14.94,0.25,1.23,0.166,15.3,7.74,0.086,1.12
50.0,5.0,0.7,2.5,4.5,0.6,,0.4,89,83.1,14.8,0.25,1.22,0.166,15.12,7.68,0.086,1.11
50.0,5.0,1.0,1.5,3.0,0.4,14400,0.2,92,83.7,15.26,0.23,1.2,0.166,17.11,7.9,0.086,1.1
50.0,5.0,1.0,1.5,3.0,0.4,14400,0.4,92,83.7,15.26,0.23,1.2,0.166,17.11,7.9,0.086,1.1
50.0,5.0,1.0,2.5,4.5,0.6,14400,0.2,91,83.5,15.1,0.24,1.2,0.166,16.97,7.82,0.086,1.1
50.0,5.0,1.0,2.5,4.5,0.6,14400,0.4,91,83.5,15.1,0.24,1.2,0.166,16.97,7.82,0.086,1.1
50.0,5.0,1.5,2.5,4.5,0.4,1200,0.4,97,78.4,16.06,0.34,1.22,0.166,16.19,8.3,0.086,1.11
50.0,5.0,1.5,2.5,4.5,0.6,3600,0.8,101,75.2,16.72,0.4,1.23,0.166,18.37,8.64,0.086,1.11
55.0,2.0,1.5,2.5,4.5,0.8,1200,0.4,74,64.9,12.27,0.71,1.32,0.166,6.16,6.35,0.086,1.16
55.0,2.0,1.5,2.5,4.5,0.8,2400,0.8,80,65.0,13.25,0.72,1.34,0.166,6.71,6.85,0.086,1.17
55.0,3.0,1.5,2.5,4.5,0.4,2400,0.8,75,72.0,12.46,0.51,1.3,0.166,6.87,6.46,0.086,1.15
55.0,5.0,1.0,2.5,4.5,0.6,2400,0.8,70,78.6,11.59,0.35,1.28,0.166,7.44,5.99,0.086,1.14
40.0,2.0,0.7,2.5,4.5,0.8,14400,0.8,318,69.5,52.35,0.57,1.3,0.165,16.77,26.91,0.085,1.15
40.0,2.0,1.5,2.5,3.0,0.6,2400,0.4,321,67.9,53.08,0.6,1.27,0.165,12.22,27.4,0.085,1.13
40.0,3.0,1.0,1.5,4.5,0.4,14400,0.2,274,76.3,45.33,0.38,1.23,0.165,17.53,23.41,0.085,1.12
40.0,3.0,1.0,1.5,4.5,0.4,14400,0.4,274,76.3,45.33,0.38,1.23,0.165,17.53,23.41,0.085,1.12
40.0,3.0,1.0,2.5,3.0,0.8,,0.4,274,75.9,45.15,0.39,1.23,0.165,18.96,23.23,0.085,1.12
40.0,3.0,1.0,2.5,4.5,0.4,3600,0.2,274,76.3,45.1,0.38,1.23,0.165,16.73,23.18,0.085,1.12
40.0,4.0,0.7,2.5,3.0,0.4,7200,0.2,253,83.0,41.68,0.26,1.26,0.165,18.7,21.44,0.085,1.13
40.0,4.0,0.7,2.5,3.0,0.4,7200,0.4,253,83.0,41.68,0.26,1.26,0.165,18.7,21.44,0.085,1.13
40.0,4.0,0.7,2.5,3.0,0.6,14400,0.8,248,82.3,40.81,0.27,1.25,0.165,16.83,20.97,0.085,1.13
40.0,4.0,1.0,2.5,3.0,0.4,3600,0.4,239,80.8,39.54,0.29,1.22,0.165,20.78,20.42,0.085,1.11
40.0,4.0,1.0,2.5,3.0,0.8,7200,0.8,242,80.6,39.85,0.3,1.23,0.165,21.04,20.49,0.085,1.12
40.0,5.0,0.7,1.5,4.5,0.4,3600,0.2,245,87.8,40.4,0.18,1.28,0.165,22.38,20.8,0.085,1.14
40.0,5.0,0.7,2.5,3.0,0.6,3600,0.4,246,87.8,40.71,0.18,1.28,0.165,22.81,21.03,0.085,1.14
40.0,5.0,1.0,2.5,4.5,0.4,1200,0.4,242,81.0,39.83,0.29,1.25,0.165,27.8,20.47,0.085,1.12
45.0,2.0,0.7,1.5,3.0,0.8,3600,0.2,248,76.2,40.98,0.42,1.36,0.165,12.44,21.14,0.085,1.18
45.0,2.0,0.7,2.5,3.0,0.8,2400,0.4,253,76.7,41.66,0.42,1.38,0.165,9.59,21.42,0.085,1.18
45.0,2.0,1.0,1.5,3.0,0.8,7200,0.2,232,69.8,38.29,0.55,1.27,0.165,15.46,19.73,0.085,1.14
45.0,2.0,1.0,1.5,3.0,0.8,7200,0.4,232,69.8,38.29,0.55,1.27,0.165,15.46,19.73,0.085,1.14
45.0,2.0,1.0,1.5,4.5,0.4,1200,0.2,235,69.8,38.8,0.55,1.28,0.165,14.06,20.0,0.085,1.14
45.0,2.0,1.0,1.5,4.5,0.6,3600,0.4,233,70.4,38.52,0.54,1.28,0.165,14.49,19.88,0.085,1.14
45.0,2.0,1.0,2.5,4.5,0.8,2400,0.2,232,70.3,38.26,0.54,1.28,0.165,13.47,19.7,0.085,1.14
45.0,2.0,1.5,2.5,3.0,0.8,3600,0.8,249,65.9,41.09,0.68,1.31,0.165,12.84,21.17,0.085,1.15
45.0,3.0,0.7,1.5,3.0,0.4,14400,0.8,211,77.3,34.76,0.38,1.28,0.165,15.0,17.89,0.085,1.14
45.0,3.0,0.7,1.5,4.5,0.8,3600,0.4,223,82.1,36.9,0.29,1.34,0.165,15.2,19.06,0.085,1.17
45.0,3.0,0.7,2.5,3.0,0.4,,0.4,205,74.6,33.76,0.43,1.26,0.165,14.21,17.36,0.085,1.13
45.0,3.0,0.7,2.5,4.5,0.4,,0.4,204,74.5,33.65,0.43,1.26,0.165,14.11,17.33,0.085,1.13
45.0,3.0,1.5,2.5,3.0,0.4,,0.4,205,74.6,33.92,0.41,1.22,0.165,16.98,17.52,0.085,1.11
45.0,3.0,1.5,2.5,4.5,0.4,2400,0.2,204,75.0,33.75,0.41,1.22,0.165,16.98,17.44,0.085,1.11
45.0,3.0,1.5,2.5,4.5,0.4,3600,0.4,205,75.1,33.91,0.4,1.22,0.165,16.98,17.51,0.085,1.11
45.0,5.0,0.7,1.5,3.0,0.4,1200,0.4,209,85.2,34.56,0.23,1.34,0.165,14.43,17.84,0.085,1.17
45.0,5.0,0.7,1.5,4.5,0.4,2400,0.4,200,88.5,32.92,0.17,1.3,0.165,18.15,16.92,0.085,1.15
50.0,3.0,0.7,2.5,3.0,0.8,14400,0.2,109,76.1,17.96,0.39,1.26,0.165,13.36,9.24,0.085,1.13
50.0,3.0,0.7,2.5,3.0,0.8,14400,0.4,109,76.1,17.96,0.39,1.26,0.165,13.36,9.24,0.085,1.13
50.0,4.0,1.0,1.5,3.0,0.4,3600,0.2,96,81.2,15.81,0.28,1.22,0.165,16.12,8.13,0.085,1.11
50.0,4.0,1.0,1.5,4.5,0.8,7200,0.2,95,81.1,15.65,0.28,1.22,0.165,16.21,8.05,0.085,1.11
50.0,4.0,1.0,1.5,4.5,0.8,7200,0.4,95,81.1,15.65,0.28,1.22,0.165,16.21,8.05,0.085,1.11
50.0,4.0,1.0,2.5,3.0,0.6,7200,0.2,95,81.1,15.68,0.28,1.22,0.165,16.52,8.08,0.085,1.11
50.0,4.0,1.0,2.5,3.0,0.6,7200,0.4,95,81.1,15.68,0.28,1.22,0.165,16.52,8.08,0.085,1.11
50.0,5.0,0.7,1.5,3.0,0.6,7200,0.2,99,86.9,16.37,0.19,1.26,0.165,14.52,8.45,0.085,1.13
50.0,5.0,0.7,1.5,3.0,0.6,7200,0.4,99,86.9,16.37,0.19,1.26,0.165,14.52,8.45,0.085,1.13
50.0,5.0,1.0,1.5,4.5,0.4,,0.4,90,83.3,14.82,0.24,1.2,0.165,16.74,7.62,0.085,1.1
55.0,3.0,1.5,2.5,3.0,0.4,2400,0.8,75,72.0,12.34,0.5,1.3,0.165,6.87,6.34,0.085,1.15
55.0,5.0,1.0,2.5,3.0,0.6,2400,0.8,70,78.6,11.53,0.35,1.28,0.165,7.44,5.93,0.085,1.14
40.0,2.0,1.5,2.5,4.5,0.6,7200,0.8,324,67.3,53.05,0.61,1.26,0.164,17.28,27.13,0.084,1.13
40.0,3.0,0.7,2.5,4.5,0.4,3600,0.4,296,80.1,48.66,0.32,1.29,0.164,13.61,24.98,0.084,1.15
40.0,3.0,0.7,2.5,4.5,0.8,7200,0.8,291,77.0,47.67,0.38,1.28,0.164,14.56,24.39,0.084,1.14
40.0,3.0,1.0,2.5,4.5,0.4,2400,0.2,274,76.6,44.95,0.38,1.23,0.164,18.44,23.03,0.084,1.12
40.0,4.0,0.7,1.5,4.5,0.4,,0.4,238,81.1,39.15,0.29,1.24,0.164,16.18,20.11,0.084,1.12
40.0,4.0,1.0,1.5,3.0,0.6,,0.4,238,81.1,39.01,0.28,1.22,0.164,19.26,19.97,0.084,1.11
40.0,4.0,1.0,1.5,3.0,0.8,,0.4,234,81.2,38.38,0.28,1.22,0.164,18.17,19.66,0.084,1.11
40.0,4.0,1.0,1.5,4.5,0.6,,0.4,237,81.0,38.98,0.29,1.22,0.164,19.13,20.02,0.084,1.11
40.0,5.0,0.7,1.5,4.5,0.4,3600,0.4,246,87.8,40.37,0.18,1.28,0.164,22.4,20.69,0.084,1.14
45.0,2.0,0.7,2.5,4.5,0.8,2400,0.2,250,76.4,41.1,0.42,1.36,0.164,13.06,21.1,0.084,1.18
45.0,2.0,1.0,1.5,3.0,0.4,1200,0.2,235,69.8,38.45,0.55,1.28,0.164,14.06,19.65,0.084,1.14
45.0,2.0,1.0,1.5,3.0,0.4,7200,0.8,242,69.0,39.72,0.58,1.28,0.164,15.94,20.36,0.084,1.14
45.0,2.0,1.0,2.5,4.5,0.6,7200,0.8,241,68.9,39.57,0.58,1.28,0.164,17.01,20.29,0.084,1.14
45.0,3.0,0.7,1.5,3.0,0.6,3600,0.2,222,82.0,36.47,0.29,1.32,0.164,15.88,18.71,0.084,1.16
45.0,3.0,0.7,2.5,3.0,0.8,7200,0.8,220,76.8,36.0,0.39,1.3,0.164,15.9,18.39,0.084,1.15
45.0,3.0,1.5,2.5,3.0,0.4,2400,0.2,204,75.0,33.41,0.41,1.22,0.164,16.98,17.1,0.084,1.11
45.0,3.0,1.5,2.5,3.0,0.4,3600,0.4,205,75.1,33.65,0.4,1.22,0.164,16.98,17.25,0.084,1.11
45.0,4.0,1.0,2.5,4.5,0.8,7200,0.8,179,79.9,29.35,0.31,1.23,0.164,19.91,15.03,0.084,1.11
45.0,4.0,1.5,2.5,3.0,0.8,1200,0.4,186,77.4,30.53,0.36,1.24,0.164,19.25,15.65,0.084,1.12
45.0,5.0,0.7,1.5,3.0,0.6,1200,0.2,201,88.6,33.04,0.17,1.31,0.164,15.65,16.96,0.084,1.16
45.0,5.0,0.7,2.5,3.0,0.8,3600,0.8,216,81.5,35.44,0.31,1.35,0.164,15.66,18.15,0.084,1.17
45.0,5.0,1.0,1.5,3.0,0.6,1200,0.4,185,82.2,30.31,0.27,1.25,0.164,22.35,15.51,0.084,1.13
50.0,2.0,0.7,2.5,3.0,0.8,14400,0.8,117,69.2,19.14,0.58,1.3,0.164,12.76,9.78,0.084,1.14
50.0,4.0,0.7,2.5,3.0,0.8,14400,0.8,101,81.2,16.56,0.29,1.26,0.164,12.89,8.48,0.084,1.13
50.0,4.0,0.7,2.5,4.5,0.4,1200,0.2,109,84.4,17.87,0.24,1.31,0.164,12.75,9.15,0.084,1.15
50.0,4.0,0.7,2.5,4.5,0.6,14400,0.2,101,82.2,16.53,0.27,1.26,0.164,12.98,8.45,0.084,1.13
50.0,4.0,0.7,2.5,4.5,0.6,14400,0.4,101,82.2,16.53,0.27,1.26,0.164,12.98,8.45,0.084,1.13
50.0,4.0,1.0,2.5,4.5,0.4,7200,0.8,98,78.6,16.11,0.33,1.22,0.164,15.63,8.27,0.084,1.11
50.0,4.0,1.0,2.5,4.5,0.6,2400,0.2,95,81.1,15.6,0.28,1.22,0.164,15.72,8.0,0.084,1.11
50.0,5.0,1.0,1.5,4.5,0.4,7200,0.2,92,83.7,15.1,0.23,1.2,0.164,16.71,7.74,0.084,1.1
50.0,5.0,1.0,1.5,4.5,0.4,7200,0.4,92,83.7,15.1,0.23,1.2,0.164,16.71,7.74,0.084,1.1
50.0,5.0,1.0,2.5,3.0,0.4,3600,0.4,92,83.7,15.12,0.23,1.2,0.164,16.82,7.76,0.084,1.1
50.0,5.0,1.0,2.5,4.5,0.6,,0.4,89,83.1,14.56,0.24,1.19,0.164,16.56,7.44,0.084,1.1
50.0,5.0,1.0,2.5,4.5,0.8,14400,0.8,91,82.4,14.93,0.26,1.2,0.164,16.5,7.65,0.084,1.1
55.0,2.0,1.5,2.5,3.0,0.6,2400,0.8,81,64.2,13.25,0.75,1.34,0.164,6.51,6.77,0.084,1.17
55.0,2.0,1.5,2.5,3.0,0.8,2400,0.8,80,65.0,13.14,0.72,1.34,0.164,6.71,6.74,0.084,1.17
55.0,2.0,1.5,2.5,4.5,0.6,2400,0.8,81,64.2,13.31,0.75,1.34,0.164,6.51,6.83,0.084,1.17
40.0,2.0,1.0,2.5,3.0,0.4,,0.4,317,68.5,51.58,0.58,1.26,0.163,15.72,26.22,0.083,1.13
40.0,3.0,0.7,2.5,3.0,0.8,7200,0.2,284,78.5,46.38,0.35,1.28,0.163,14.98,23.66,0.083,1.14
40.0,3.0,0.7,2.5,3.0,0.8,7200,0.4,284,78.5,46.38,0.35,1.28,0.163,14.98,23.66,0.083,1.14
40.0,3.0,1.0,1.5,4.5,0.4,14400,0.8,274,76.3,44.58,0.38,1.23,0.163,17.53,22.66,0.083,1.11
40.0,3.0,1.0,2.5,3.0,0.4,7200,0.8,279,75.3,45.46,0.4,1.23,0.163,17.16,23.14,0.083,1.11
40.0,3.0,1.0,2.5,3.0,0.6,14400,0.2,274,75.9,44.71,0.39,1.23,0.163,17.69,22.79,0.083,1.11
40.0,3.0,1.0,2.5,3.0,0.6,14400,0.4,274,75.9,44.71,0.39,1.23,0.163,17.69,22.79,0.083,1.11
40.0,4.0,0.7,2.5,4.5,0.8,7200,0.2,252,83.7,41.02,0.25,1.27,0.163,18.84,20.86,0.083,1.13
40.0,4.0,0.7,2.5,4.5,0.8,7200,0.4,252,83.7,41.02,0.25,1.27,0.163,18.84,20.86,0.083,1.13
40.0,4.0,1.0,1.5,3.0,0.4,14400,0.8,238,81.1,38.81,0.28,1.22,0.163,18.98,19.77,0.083,1.11
40.0,5.0,0.7,1.5,3.0,0.8,7200,0.8,243,85.2,39.61,0.22,1.27,0.163,18.21,20.17,0.083,1.14
40.0,5.0,0.7,1.5,3.0,0.8,14400,0.2,232,86.2,37.83,0.2,1.25,0.163,19.28,19.27,0.083,1.13
40.0,5.0,0.7,1.5,3.0,0.8,14400,0.4,232,86.2,37.83,0.2,1.25,0.163,19.28,19.27,0.083,1.13
40.0,5.0,0.7,1.5,4.5,0.6,3600,0.8,274,81.4,44.59,0.3,1.32,0.163,14.96,22.67,0.083,1.16
40.0,5.0,0.7,2.5,4.5,0.8,3600,0.8,274,81.4,44.77,0.3,1.33,0.163,15.25,22.85,0.083,1.16
40.0,5.0,1.0,2.5,3.0,0.4,1200,0.4,242,81.0,39.52,0.29,1.24,0.163,27.8,20.16,0.083,1.12
45.0,2.0,0.7,1.5,3.0,0.6,2400,0.2,250,76.4,40.75,0.42,1.36,0.163,13.36,20.74,0.083,1.17
45.0,2.0,1.0,1.5,3.0,0.6,2400,0.2,232,70.3,37.86,0.54,1.27,0.163,13.96,19.3,0.083,1.13
45.0,2.0,1.0,2.5,4.5,0.8,3600,0.4,233,70.4,38.04,0.54,1.28,0.163,14.24,19.4,0.083,1.14
45.0,2.0,1.5,2.5,4.5,0.4,1200,0.8,299,64.2,48.79,0.81,1.45,0.163,10.73,24.87,0.083,1.21
45.0,3.0,0.7,1.5,3.0,0.8,7200,0.2,213,79.3,34.8,0.34,1.29,0.163,14.2,17.76,0.083,1.15
45.0,3.0,0.7,1.5,3.0,0.8,7200,0.4,213,79.3,34.8,0.34,1.29,0.163,14.2,17.76,0.083,1.15
45.0,3.0,0.7,2.5,4.5,0.8,3600,0.2,222,81.5,36.15,0.3,1.32,0.163,16.58,18.39,0.083,1.16
45.0,4.0,1.0,2.5,4.5,0.6,3600,0.2,174,81.6,28.32,0.28,1.22,0.163,19.31,14.4,0.083,1.11
45.0,5.0,0.7,1.5,3.0,0.4,2400,0.4,200,88.5,32.6,0.17,1.3,0.163,18.15,16.6,0.083,1.15
45.0,5.0,1.0,1.5,3.0,0.6,2400,0.8,210,77.6,34.18,0.37,1.29,0.163,11.9,17.38,0.083,1.14
50.0,2.0,1.5,2.5,3.0,0.4,1200,0.2,116,66.4,18.86,0.64,1.25,0.163,9.94,9.58,0.083,1.12
50.0,2.0,1.5,2.5,3.0,0.8,2400,0.2,112,67.0,18.28,0.62,1.25,0.163,11.45,9.32,0.083,1.12
50.0,4.0,0.7,1.5,3.0,0.4,3600,0.2,106,84.9,17.29,0.23,1.29,0.163,13.43,8.81,0.083,1.14
50.0,4.0,0.7,1.5,4.5,0.8,14400,0.2,101,82.2,16.43,0.27,1.25,0.163,12.79,8.35,0.083,1.13
50.0,4.0,0.7,1.5,4.5,0.8,14400,0.4,101,82.2,16.43,0.27,1.25,0.163,12.79,8.35,0.083,1.13
50.0,4.0,1.5,2.5,4.5,0.8,2400,0.8,111,71.2,18.12,0.52,1.28,0.163,18.15,9.24,0.083,1.14
55.0,2.0,1.5,2.5,3.0,0.8,1200,0.4,74,64.9,12.05,0.71,1.31,0.163,6.16,6.13,0.083,1.15
55.0,5.0,1.0,2.5,4.5,0.8,2400,0.8,70,78.6,11.43,0.35,1.27,0.163,7.68,5.83,0.083,1.14
40.0,2.0,1.0,2.5,4.5,0.8,14400,0.2,312,67.9,50.56,0.59,1.25,0.162,19.28,25.6,0.082,1.12
40.0,2.0,1.0,2.5,4.5,0.8,14400,0.4,312,67.9,50.56,0.59,1.25,0.162,19.28,25.6,0.082,1.12
40.0,2.0,1.5,2.5,3.0,0.8,7200,0.2,313,68.1,50.74,0.59,1.25,0.162,16.22,25.69,0.082,1.12
40.0,2.0,1.5,2.5,3.0,0.8,7200,0.4,313,68.1,50.74,0.59,1.25,0.162,16.22,25.69,0.082,1.12
40.0,3.0,1.0,2.5,4.5,0.4,2400,0.4,277,76.2,45.0,0.39,1.24,0.162,18.44,22.84,0.082,1.12
40.0,3.0,1.5,2.5,4.5,0.4,2400,0.8,329,69.3,53.15,0.57,1.29,0.162,19.3,26.83,0.082,1.14
40.0,4.0,0.7,1.5,4.5,0.4,14400,0.2,249,82.3,40.27,0.27,1.25,0.162,17.03,20.35,0.082,1.12
40.0,4.0,0.7,1.5,4.5,0.4,14400,0.4,249,82.3,40.27,0.27,1.25,0.162,17.03,20.35,0.082,1.12
40.0,4.0,1.0,2.5,4.5,0.4,2400,0.2,238,81.1,38.52,0.28,1.21,0.162,19.53,19.48,0.082,1.11
40.0,4.0,1.5,2.5,4.5,0.4,1200,0.4,259,75.3,42.06,0.41,1.24,0.162,20.99,21.34,0.082,1.12
40.0,5.0,0.7,1.5,3.0,0.8,14400,0.8,232,86.2,37.58,0.2,1.25,0.162,19.52,19.03,0.082,1.12
40.0,5.0,0.7,1.5,4.5,0.8,7200,0.2,236,86.9,38.33,0.19,1.26,0.162,20.36,19.45,0.082,1.13
40.0,5.0,0.7,1.5,4.5,0.8,7200,0.4,236,86.9,38.33,0.19,1.26,0.162,20.36,19.45,0.082,1.13
45.0,2.0,1.5,2.5,3.0,0.4,1200,0.8,299,64.2,48.44,0.81,1.45,0.162,10.73,24.52,0.082,1.21
45.0,3.0,1.5,2.5,4.5,0.4,7200,0.2,204,74.5,33.04,0.41,1.21,0.162,18.84,16.72,0.082,1.1
45.0,3.0,1.5,2.5,4.5,0.4,7200,0.4,204,74.5,33.04,0.41,1.21,0.162,18.84,16.72,0.082,1.1
45.0,4.0,0.7,1.5,3.0,0.8,3600,0.8,220,79.1,35.55,0.36,1.35,0.162,16.25,17.95,0.082,1.17
45.0,4.0,1.0,1.5,4.5,0.4,1200,0.2,177,81.4,28.64,0.28,1.22,0.162,19.98,14.48,0.082,1.11
50.0,4.0,0.7,2.5,3.0,0.4,1200,0.4,113,77.9,18.33,0.38,1.35,0.162,13.13,9.29,0.082,1.17
50.0,4.0,1.0,2.5,3.0,0.4,1200,0.2,98,80.6,15.86,0.29,1.22,0.162,15.82,8.02,0.082,1.11
50.0,4.0,1.0,2.5,3.0,0.4,7200,0.8,98,78.6,15.88,0.33,1.22,0.162,16.0,8.04,0.082,1.11
50.0,4.0,1.0,2.5,4.5,0.6,14400,0.8,95,80.0,15.37,0.3,1.21,0.162,15.97,7.77,0.082,1.11
50.0,5.0,1.0,1.5,3.0,0.4,7200,0.2,92,83.7,14.87,0.23,1.2,0.162,17.08,7.51,0.082,1.1
50.0,5.0,1.0,1.5,3.0,0.4,7200,0.4,92,83.7,14.87,0.23,1.2,0.162,17.08,7.51,0.082,1.1
50.0,5.0,1.5,2.5,3.0,0.4,1200,0.4,97,78.4,15.67,0.34,1.22,0.162,16.56,7.91,0.082,1.11
55.0,4.0,1.5,2.5,4.5,0.8,2400,0.8,71,77.5,11.5,0.37,1.28,0.162,9.71,5.82,0.082,1.14
55.0,5.0,1.0,2.5,3.0,0.8,2400,0.8,70,78.6,11.32,0.35,1.27,0.162,7.68,5.72,0.082,1.13
40.0,2.0,1.0,2.5,4.5,0.4,14400,0.2,318,68.2,51.17,0.58,1.25,0.161,16.22,25.73,0.081,1.12
40.0,2.0,1.0,2.5,4.5,0.4,14400,0.4,318,68.2,51.17,0.58,1.25,0.161,16.22,25.73,0.081,1.12
40.0,3.0,0.7,2.5,4.5,0.6,7200,0.2,286,78.3,46.09,0.35,1.27,0.161,15.3,23.21,0.081,1.13
40.0,3.0,0.7,2.5,4.5,0.6,7200,0.4,286,78.3,46.09,0.35,1.27,0.161,15.3,23.21,0.081,1.13
40.0,4.0,0.7,1.5,4.5,0.4,14400,0.8,249,82.3,40.03,0.27,1.25,0.161,17.28,20.11,0.081,1.12
40.0,4.0,1.0,1.5,3.0,0.4,7200,0.2,238,81.1,38.35,0.28,1.21,0.161,19.3,19.31,0.081,1.11
40.0,4.0,1.0,1.5,3.0,0.4,7200,0.4,238,81.1,38.35,0.28,1.21,0.161,19.3,19.31,0.081,1.11
40.0,4.0,1.5,2.5,3.0,0.4,1200,0.4,259,75.3,41.73,0.41,1.23,0.161,20.98,21.01,0.081,1.11
40.0,5.0,1.5,2.5,4.5,0.6,1200,0.8,329,69.3,52.82,0.61,1.38,0.161,16.11,26.5,0.081,1.18
45.0,2.0,0.7,1.5,4.5,0.6,3600,0.8,262,71.0,42.14,0.57,1.39,0.161,9.51,21.18,0.081,1.18
45.0,2.0,0.7,2.5,4.5,0.4,1200,0.2,255,76.5,40.95,0.42,1.36,0.161,11.69,20.55,0.081,1.17
45.0,2.0,0.7,2.5,4.5,0.8,3600,0.8,262,71.0,42.25,0.57,1.39,0.161,9.66,21.29,0.081,1.18
45.0,2.0,1.0,1.5,3.0,0.6,3600,0.4,233,70.4,37.56,0.54,1.27,0.161,14.37,18.92,0.081,1.13
45.0,3.0,0.7,1.5,3.0,0.8,3600,0.4,223,82.1,35.85,0.29,1.33,0.161,15.2,18.0,0.081,1.16
45.0,3.0,0.7,2.5,4.5,0.6,7200,0.8,220,76.8,35.51,0.39,1.29,0.161,16.06,17.91,0.081,1.14
45.0,4.0,1.0,1.5,4.5,0.4,3600,0.4,176,81.2,28.3,0.28,1.22,0.161,19.38,14.22,0.081,1.11
45.0,5.0,0.7,1.5,3.0,0.8,3600,0.8,216,81.5,34.76,0.31,1.34,0.161,16.25,17.48,0.081,1.17
45.0,5.0,0.7,2.5,4.5,0.6,2400,0.2,197,88.3,31.81,0.17,1.29,0.161,17.59,16.06,0.081,1.14
50.0,4.0,0.7,1.5,4.5,0.4,3600,0.4,106,84.9,17.07,0.23,1.28,0.161,13.06,8.59,0.081,1.14
50.0,4.0,0.7,2.5,4.5,0.4,2400,0.2,106,84.9,17.08,0.23,1.28,0.161,12.75,8.6,0.081,1.14
50.0,4.0,1.0,1.5,3.0,0.6,14400,0.2,95,81.1,15.31,0.28,1.21,0.161,16.21,7.71,0.081,1.1
50.0,4.0,1.0,1.5,3.0,0.6,14400,0.4,95,81.1,15.31,0.28,1.21,0.161,16.21,7.71,0.081,1.1
50.0,5.0,1.0,2.5,3.0,0.6,14400,0.2,91,83.5,14.63,0.24,1.2,0.161,17.34,7.35,0.081,1.1
50.0,5.0,1.0,2.5,3.0,0.6,14400,0.4,91,83.5,14.63,0.24,1.2,0.161,17.34,7.35,0.081,1.1
40.0,2.0,1.5,2.5,4.5,0.8,3600,0.4,314,68.2,50.22,0.59,1.25,0.16,15.85,25.1,0.08,1.12
40.0,3.0,0.7,1.5,3.0,0.6,14400,0.2,282,78.0,45.23,0.36,1.27,0.16,14.8,22.67,0.08,1.13
40.0,3.0,0.7,1.5,3.0,0.6,14400,0.4,282,78.0,45.23,0.36,1.27,0.16,14.8,22.67,0.08,1.13
40.0,3.0,0.7,1.5,3.0,0.6,14400,0.8,282,78.0,44.98,0.36,1.27,0.16,14.8,22.42,0.08,1.13
40.0,3.0,0.7,2.5,3.0,0.4,3600,0.4,296,80.1,47.25,0.32,1.29,0.16,13.61,23.57,0.08,1.14
40.0,3.0,1.0,1.5,4.5,0.4,7200,0.2,274,76.3,43.97,0.38,1.23,0.16,17.3,22.05,0.08,1.11
40.0,3.0,1.0,1.5,4.5,0.4,7200,0.4,274,76.3,43.97,0.38,1.23,0.16,17.3,22.05,0.08,1.11
40.0,3.0,1.0,2.5,3.0,0.4,2400,0.2,274,76.6,43.9,0.37,1.23,0.16,18.44,21.98,0.08,1.11
40.0,3.0,1.0,2.5,3.0,0.6,14400,0.8,274,75.9,43.96,0.39,1.22,0.16,17.69,22.04,0.08,1.11
40.0,3.0,1.0,2.5,3.0,0.8,14400,0.2,273,75.8,43.8,0.39,1.22,0.16,18.17,21.96,0.08,1.11
40.0,3.0,1.0,2.5,3.0,0.8,14400,0.4,273,75.8,43.8,0.39,1.22,0.16,18.17,21.96,0.08,1.11
40.0,4.0,0.7,2.5,3.0,0.8,7200,0.8,259,82.2,41.5,0.27,1.27,0.16,17.66,20.78,0.08,1.13
40.0,4.0,1.5,2.5,4.5,0.8,3600,0.8,269,75.1,43.07,0.41,1.25,0.16,20.57,21.55,0.08,1.12
40.0,5.0,0.7,1.5,3.0,0.4,3600,0.2,245,87.8,39.31,0.18,1.27,0.16,22.38,19.71,0.08,1.13
40.0,5.0,0.7,1.5,3.0,0.4,3600,0.4,246,87.8,39.28,0.18,1.27,0.16,22.4,19.6,0.08,1.13
40.0,5.0,0.7,1.5,3.0,0.6,3600,0.8,274,81.4,43.74,0.3,1.32,0.16,14.96,21.82,0.08,1.15
40.0,5.0,0.7,2.5,3.0,0.8,7200,0.2,237,86.9,37.89,0.19,1.26,0.16,21.16,18.93,0.08,1.13
40.0,5.0,0.7,2.5,3.0,0.8,7200,0.4,237,86.9,37.89,0.19,1.26,0.16,21.16,18.93,0.08,1.13
40.0,5.0,1.5,2.5,3.0,0.6,1200,0.8,329,69.3,52.56,0.61,1.38,0.16,16.11,26.24,0.08,1.18
45.0,2.0,0.7,1.5,3.0,0.8,2400,0.4,253,76.7,40.45,0.41,1.36,0.16,9.59,20.21,0.08,1.17
45.0,2.0,0.7,1.5,4.5,0.8,2400,0.2,250,76.4,39.95,0.42,1.35,0.16,12.85,19.95,0.08,1.17
45.0,2.0,1.0,2.5,3.0,0.6,7200,0.8,241,68.9,38.61,0.58,1.27,0.16,16.91,19.33,0.08,1.13
45.0,3.0,0.7,2.5,3.0,0.6,7200,0.8,220,76.8,35.11,0.39,1.29,0.16,16.06,17.51,0.08,1.14
45.0,3.0,1.5,2.5,4.5,0.4,14400,0.2,204,74.5,32.74,0.41,1.21,0.16,18.91,16.42,0.08,1.1
45.0,3.0,1.5,2.5,4.5,0.4,14400,0.4,204,74.5,32.74,0.41,1.21,0.16,18.91,16.42,0.08,1.1
45.0,4.0,1.0,1.5,3.0,0.4,1200,0.2,177,81.4,28.37,0.28,1.22,0.16,19.98,14.21,0.08,1.11
45.0,4.0,1.0,2.5,3.0,0.6,3600,0.2,174,81.6,27.92,0.27,1.22,0.16,19.31,14.0,0.08,1.11
50.0,2.0,1.5,2.5,4.5,0.8,7200,0.8,117,65.0,18.71,0.68,1.25,0.16,12.19,9.35,0.08,1.12
50.0,4.0,0.7,1.5,4.5,0.4,14400,0.8,102,81.4,16.27,0.29,1.25,0.16,12.79,8.12,0.08,1.12
50.0,4.0,0.7,2.5,3.0,0.4,1200,0.2,109,84.4,17.48,0.24,1.3,0.16,13.13,8.76,0.08,1.15
50.0,4.0,1.0,1.5,4.5,0.6,7200,0.2,95,81.1,15.17,0.28,1.21,0.16,16.01,7.57,0.08,1.1
50.0,4.0,1.0,1.5,4.5,0.6,7200,0.4,95,81.1,15.17,0.28,1.21,0.16,16.01,7.57,0.08,1.1
55.0,2.0,1.5,2.5,4.5,0.4,2400,0.8,81,64.2,12.93,0.74,1.33,0.16,6.42,6.45,0.08,1.16
55.0,2.0,1.5,2.5,4.5,0.6,1200,0.4,75,65.3,12.01,0.69,1.31,0.16,7.38,6.01,0.08,1.15
55.0,4.0,1.5,2.5,3.0,0.8,2400,0.8,71,77.5,11.39,0.37,1.27,0.16,9.71,5.71,0.08,1.13
40.0,2.0,1.0,2.5,4.5,0.6,,0.4,314,68.2,49.88,0.58,1.25,0.159,17.66,24.76,0.079,1.12
40.0,2.0,1.5,2.5,4.5,0.4,1200,0.4,337,65.3,53.66,0.68,1.28,0.159,11.84,26.7,0.079,1.13
40.0,2.0,1.5,2.5,4.5,0.8,7200,0.8,323,67.2,51.36,0.61,1.26,0.159,16.75,25.52,0.079,1.12
40.0,3.0,1.0,2.5,3.0,0.4,2400,0.4,277,76.2,43.95,0.39,1.23,0.159,18.44,21.79,0.079,1.11
40.0,3.0,1.0,2.5,3.0,0.4,3600,0.2,274,76.3,43.69,0.38,1.22,0.159,16.73,21.78,0.079,1.11
40.0,4.0,1.0,1.5,4.5,0.6,14400,0.2,237,81.0,37.6,0.28,1.21,0.159,19.25,18.64,0.079,1.1
40.0,4.0,1.0,1.5,4.5,0.6,14400,0.4,237,81.0,37.6,0.28,1.21,0.159,19.25,18.64,0.079,1.1
40.0,4.0,1.0,2.5,3.0,0.4,2400,0.2,238,81.1,37.8,0.28,1.21,0.159,19.53,18.76,0.079,1.1
40.0,5.0,1.0,1.5,4.5,0.4,1200,0.4,242,81.0,38.4,0.29,1.24,0.159,28.04,19.05,0.079,1.12
45.0,2.0,0.7,2.5,3.0,0.4,1200,0.2,255,76.5,40.61,0.42,1.35,0.159,11.69,20.21,0.079,1.17
45.0,3.0,0.7,1.5,4.5,0.6,2400,0.2,224,82.1,35.61,0.29,1.32,0.159,15.52,17.69,0.079,1.15
45.0,3.0,1.5,2.5,3.0,0.4,7200,0.2,204,74.5,32.49,0.41,1.21,0.159,18.76,16.17,0.079,1.1
45.0,3.0,1.5,2.5,3.0,0.4,7200,0.4,204,74.5,32.49,0.41,1.21,0.159,18.76,16.17,0.079,1.1
45.0,4.0,1.0,1.5,3.0,0.4,3600,0.4,176,81.2,28.03,0.28,1.22,0.159,19.38,13.95,0.079,1.11
50.0,3.0,0.7,2.5,4.5,0.6,14400,0.8,109,76.1,17.3,0.39,1.26,0.159,11.18,8.58,0.079,1.13
50.0,4.0,0.7,2.5,3.0,0.6,14400,0.2,101,82.2,16.06,0.27,1.25,0.159,13.36,7.98,0.079,1.12
50.0,4.0,0.7,2.5,3.0,0.6,14400,0.4,101,82.2,16.06,0.27,1.25,0.159,13.36,7.98,0.079,1.12
50.0,4.0,1.0,1.5,4.5,0.4,3600,0.4,96,81.2,15.27,0.28,1.21,0.159,15.75,7.59,0.079,1.1
50.0,4.0,1.0,1.5,4.5,0.8,14400,0.8,95,80.0,15.15,0.3,1.21,0.159,15.77,7.55,0.079,1.1
50.0,4.0,1.0,2.5,4.5,0.4,2400,0.4,98,79.6,15.55,0.31,1.22,0.159,15.45,7.71,0.079,1.1
50.0,4.0,1.5,2.5,4.5,0.6,3600,0.8,107,72.9,17.06,0.46,1.24,0.159,17.37,8.5,0.079,1.11
50.0,5.0,0.7,1.5,3.0,0.8,7200,0.2,99,86.9,15.72,0.19,1.25,0.159,14.6,7.8,0.079,1.12
50.0,5.0,0.7,1.5,3.0,0.8,7200,0.4,99,86.9,15.72,0.19,1.25,0.159,14.6,7.8,0.079,1.12
50.0,5.0,1.5,2.5,3.0,0.6,3600,0.8,101,75.2,16.09,0.4,1.22,0.159,18.74,8.01,0.079,1.11
55.0,2.0,1.5,2.5,3.0,0.6,1200,0.4,75,65.3,11.94,0.69,1.31,0.159,7.38,5.94,0.079,1.15
55.0,2.0,1.5,2.5,4.5,0.8,14400,0.2,69,66.7,10.96,0.62,1.24,0.159,9.31,5.44,0.079,1.11
55.0,2.0,1.5,2.5,4.5,0.8,14400,0.4,69,66.7,10.96,0.62,1.24,0.159,9.31,5.44,0.079,1.11
40.0,2.0,1.5,2.5,4.5,0.8,3600,0.2,314,68.2,49.57,0.58,1.25,0.158,15.97,24.45,0.078,1.12
40.0,3.0,0.7,1.5,4.5,0.4,7200,0.2,286,78.7,45.22,0.34,1.27,0.158,15.52,22.34,0.078,1.13
40.0,3.0,0.7,1.5,4.5,0.4,7200,0.4,286,78.7,45.22,0.34,1.27,0.158,15.52,22.34,0.078,1.13
40.0,3.0,0.7,2.5,4.5,0.4,3600,0.2,296,80.1,46.68,0.32,1.28,0.158,15.56,23.0,0.078,1.13
40.0,3.0,1.0,2.5,3.0,0.8,14400,0.8,273,75.8,43.04,0.39,1.22,0.158,18.17,21.2,0.078,1.11
40.0,3.0,1.5,2.5,3.0,0.4,2400,0.8,329,69.3,52.07,0.57,1.28,0.158,19.3,25.75,0.078,1.13
40.0,3.0,1.5,2.5,4.5,0.6,1200,0.4,299,71.6,47.21,0.5,1.25,0.158,18.18,23.29,0.078,1.12
40.0,4.0,0.7,1.5,3.0,0.4,,0.4,239,81.2,37.82,0.29,1.23,0.158,16.56,18.7,0.078,1.11
45.0,2.0,0.7,2.5,3.0,0.8,2400,0.2,250,76.4,39.43,0.42,1.34,0.158,13.15,19.43,0.078,1.16
45.0,2.0,1.0,1.5,4.5,0.8,2400,0.2,232,70.3,36.67,0.54,1.27,0.158,13.46,18.11,0.078,1.13
45.0,2.0,1.0,2.5,3.0,0.8,2400,0.2,232,70.3,36.73,0.54,1.27,0.158,13.56,18.17,0.078,1.13
45.0,2.0,1.0,2.5,3.0,0.8,7200,0.8,241,68.9,38.13,0.57,1.27,0.158,16.51,18.85,0.078,1.13
45.0,2.0,1.0,2.5,4.5,0.6,1200,0.2,234,69.7,36.94,0.55,1.27,0.158,14.79,18.22,0.078,1.13
45.0,3.0,0.7,2.5,3.0,0.8,3600,0.2,222,81.5,35.09,0.3,1.31,0.158,16.58,17.33,0.078,1.15
45.0,3.0,0.7,2.5,4.5,0.4,1200,0.2,228,82.0,36.02,0.29,1.32,0.158,16.21,17.78,0.078,1.15
45.0,3.0,1.5,2.5,4.5,0.4,14400,0.8,204,74.5,32.22,0.41,1.21,0.158,19.42,15.9,0.078,1.1
45.0,4.0,0.7,2.5,4.5,0.4,2400,0.8,226,77.9,35.74,0.38,1.35,0.158,16.77,17.66,0.078,1.17
45.0,4.0,1.0,1.5,4.5,0.4,1200,0.8,246,70.7,38.97,0.58,1.39,0.158,17.05,19.29,0.078,1.18
45.0,5.0,0.7,2.5,3.0,0.6,2400,0.2,197,88.3,31.21,0.17,1.28,0.158,17.59,15.45,0.078,1.14
45.0,5.0,0.7,2.5,4.5,0.6,2400,0.8,223,79.8,35.3,0.34,1.36,0.158,15.86,17.46,0.078,1.17
45.0,5.0,1.0,2.5,4.5,0.8,2400,0.8,210,77.6,33.25,0.37,1.29,0.158,12.12,16.45,0.078,1.14
50.0,2.0,1.5,2.5,4.5,0.4,3600,0.8,125,61.6,19.78,0.81,1.29,0.158,8.65,9.78,0.078,1.14
50.0,2.0,1.5,2.5,4.5,0.4,7200,0.8,118,66.1,18.7,0.64,1.26,0.158,12.62,9.26,0.078,1.12
50.0,3.0,1.5,2.5,4.5,0.8,14400,0.8,105,73.3,16.58,0.44,1.2,0.158,14.45,8.18,0.078,1.1
50.0,4.0,0.7,1.5,3.0,0.4,3600,0.4,106,84.9,16.75,0.23,1.28,0.158,13.43,8.27,0.078,1.13
50.0,4.0,1.0,2.5,4.5,0.8,2400,0.2,95,81.1,14.98,0.28,1.21,0.158,15.96,7.38,0.078,1.1
50.0,5.0,1.0,2.5,4.5,0.8,7200,0.2,91,83.5,14.41,0.24,1.19,0.158,17.46,7.13,0.078,1.09
50.0,5.0,1.0,2.5,4.5,0.8,7200,0.4,91,83.5,14.41,0.24,1.19,0.158,17.46,7.13,0.078,1.09
50.0,5.0,1.5,2.5,4.5,0.6,1200,0.8,128,66.4,20.22,0.7,1.38,0.158,8.84,9.98,0.078,1.18
55.0,2.0,1.5,2.5,3.0,0.4,2400,0.8,81,64.2,12.81,0.74,1.33,0.158,6.42,6.33,0.078,1.15
55.0,4.0,0.7,2.5,4.5,0.4,2400,0.8,74,78.4,11.7,0.37,1.33,0.158,8.06,5.78,0.078,1.16
55.0,5.0,1.0,1.5,4.5,0.6,2400,0.8,70,78.6,11.05,0.34,1.26,0.158,7.32,5.44,0.078,1.13
40.0,2.0,1.0,2.5,4.5,0.4,14400,0.8,319,68.0,50.1,0.59,1.25,0.157,16.98,24.58,0.077,1.12
40.0,2.0,1.0,2.5,4.5,0.8,14400,0.8,313,67.7,49.25,0.59,1.25,0.157,20.03,24.21,0.077,1.12
40.0,2.0,1.5,2.5,3.0,0.4,1200,0.4,337,65.3,52.8,0.68,1.28,0.157,12.21,25.85,0.077,1.13
40.0,3.0,1.0,2.5,4.5,0.6,7200,0.2,274,75.9,43.1,0.39,1.22,0.157,17.78,21.18,0.077,1.11
40.0,3.0,1.0,2.5,4.5,0.6,7200,0.4,274,75.9,43.1,0.39,1.22,0.157,17.78,21.18,0.077,1.11
40.0,4.0,1.5,2.5,4.5,0.4,2400,0.8,288,72.2,45.11,0.48,1.26,0.157,16.95,22.07,0.077,1.12
40.0,5.0,0.7,1.5,4.5,0.8,3600,0.8,274,81.4,42.96,0.3,1.31,0.157,15.67,21.04,0.077,1.15
40.0,5.0,0.7,2.5,3.0,0.8,3600,0.8,274,81.4,42.9,0.3,1.31,0.157,15.25,20.98,0.077,1.15
40.0,5.0,0.7,2.5,4.5,0.8,3600,0.2,245,87.8,38.53,0.18,1.26,0.157,22.93,18.93,0.077,1.13
40.0,5.0,0.7,2.5,4.5,0.8,3600,0.4,246,87.8,38.5,0.18,1.26,0.157,22.96,18.82,0.077,1.13
40.0,5.0,1.0,1.5,3.0,0.4,1200,0.4,242,81.0,38.09,0.29,1.24,0.157,28.04,18.73,0.077,1.11
45.0,2.0,0.7,1.5,3.0,0.6,3600,0.8,262,71.0,41.18,0.56,1.38,0.157,9.51,20.22,0.077,1.17
45.0,2.0,1.0,2.5,3.0,0.8,3600,0.4,233,70.4,36.69,0.53,1.27,0.157,14.18,18.05,0.077,1.13
45.0,3.0,0.7,1.5,3.0,0.6,2400,0.2,224,82.1,35.06,0.29,1.31,0.157,15.52,17.14,0.077,1.15
45.0,3.0,0.7,1.5,4.5,0.8,3600,0.2,222,82.0,34.83,0.29,1.31,0.157,16.12,17.07,0.077,1.15
45.0,3.0,0.7,2.5,3.0,0.4,1200,0.2,228,82.0,35.75,0.29,1.32,0.157,16.21,17.51,0.077,1.15
45.0,3.0,0.7,2.5,4.5,0.4,3600,0.8,239,74.9,37.47,0.45,1.33,0.157,15.53,18.35,0.077,1.16
45.0,3.0,0.7,2.5,4.5,0.6,2400,0.2,224,81.7,35.15,0.29,1.31,0.157,16.57,17.23,0.077,1.15
45.0,3.0,1.5,2.5,3.0,0.4,14400,0.2,204,74.5,32.03,0.41,1.21,0.157,18.83,15.71,0.077,1.1
45.0,3.0,1.5,2.5,3.0,0.4,14400,0.4,204,74.5,32.03,0.41,1.21,0.157,18.83,15.71,0.077,1.1
45.0,4.0,0.7,2.5,3.0,0.4,2400,0.8,226,77.9,35.43,0.38,1.35,0.157,16.77,17.35,0.077,1.16
45.0,4.0,1.0,1.5,3.0,0.4,1200,0.8,246,70.7,38.7,0.57,1.39,0.157,17.05,19.02,0.077,1.18
45.0,5.0,0.7,1.5,4.5,0.6,2400,0.2,197,88.3,31.01,0.17,1.28,0.157,17.71,15.25,0.077,1.14
45.0,5.0,0.7,2.5,4.5,0.8,3600,0.2,196,88.3,30.7,0.17,1.28,0.157,18.35,15.02,0.077,1.13
50.0,4.0,0.7,1.5,3.0,0.4,14400,0.8,102,81.4,16.04,0.29,1.25,0.157,13.17,7.88,0.077,1.12
50.0,4.0,0.7,2.5,3.0,0.4,2400,0.2,106,84.9,16.69,0.23,1.28,0.157,13.13,8.21,0.077,1.13
50.0,4.0,1.0,2.5,3.0,0.6,14400,0.8,95,80.0,14.9,0.3,1.21,0.157,16.34,7.3,0.077,1.1
50.0,4.0,1.5,2.5,4.5,0.6,1200,0.8,133,65.4,20.93,0.74,1.4,0.157,10.84,10.29,0.077,1.18
50.0,5.0,1.0,2.5,3.0,0.8,14400,0.8,91,82.4,14.29,0.25,1.19,0.157,16.88,7.01,0.077,1.09
55.0,4.0,0.7,2.5,3.0,0.4,2400,0.8,74,78.4,11.58,0.37,1.32,0.156,8.06,5.66,0.077,1.15
55.0,4.0,1.5,2.5,4.5,0.6,1200,0.8,83,66.3,13.02,0.71,1.4,0.157,8.25,6.38,0.077,1.18
55.0,5.0,1.0,1.5,3.0,0.6,2400,0.8,70,78.6,10.98,0.34,1.26,0.157,7.32,5.38,0.077,1.13
40.0,2.0,0.7,2.5,4.5,0.4,14400,0.2,323,69.7,50.26,0.56,1.28,0.156,15.0,24.42,0.076,1.13
40.0,2.0,0.7,2.5,4.5,0.4,14400,0.4,323,69.7,50.26,0.56,1.28,0.156,15.0,24.42,0.076,1.13
40.0,2.0,1.5,2.5,3.0,0.6,7200,0.8,324,67.3,50.68,0.61,1.25,0.156,17.53,24.76,0.076,1.12
40.0,2.0,1.5,2.5,4.5,0.6,1200,0.2,315,68.3,49.11,0.58,1.25,0.156,16.43,23.91,0.076,1.11
40.0,3.0,0.7,2.5,3.0,0.6,7200,0.2,286,78.3,44.74,0.35,1.26,0.156,15.3,21.86,0.076,1.12
40.0,3.0,0.7,2.5,3.0,0.6,7200,0.4,286,78.3,44.74,0.35,1.26,0.156,15.3,21.86,0.076,1.12
40.0,3.0,0.7,2.5,3.0,0.8,7200,0.8,292,77.1,45.61,0.38,1.27,0.156,14.81,22.25,0.076,1.13
40.0,3.0,1.0,1.5,3.0,0.4,14400,0.2,274,76.3,42.88,0.38,1.22,0.156,17.51,20.96,0.076,1.1
40.0,3.0,1.0,1.5,3.0,0.4,14400,0.4,274,76.3,42.88,0.38,1.22,0.156,17.51,20.96,0.076,1.1
40.0,3.0,1.5,2.5,3.0,0.6,1200,0.4,299,71.6,46.63,0.5,1.25,0.156,18.18,22.71,0.076,1.12
40.0,4.0,0.7,1.5,4.5,0.8,,0.4,233,81.1,36.42,0.29,1.23,0.156,16.52,17.78,0.076,1.11
40.0,4.0,1.5,2.5,4.5,0.6,3600,0.8,269,74.7,42.09,0.42,1.24,0.156,24.13,20.57,0.076,1.11
40.0,5.0,0.7,1.5,4.5,0.6,3600,0.2,245,87.8,38.32,0.18,1.26,0.156,22.55,18.72,0.076,1.13
40.0,5.0,0.7,1.5,4.5,0.6,3600,0.4,246,87.8,38.3,0.18,1.26,0.156,22.58,18.61,0.076,1.13
45.0,2.0,1.0,1.5,4.5,0.6,3600,0.2,232,69.8,36.25,0.54,1.26,0.156,16.6,17.69,0.076,1.12
45.0,2.0,1.0,2.5,3.0,0.6,1200,0.2,234,69.7,36.41,0.55,1.26,0.156,14.79,17.69,0.076,1.12
45.0,3.0,0.7,1.5,3.0,0.8,14400,0.2,210,77.1,32.79,0.38,1.27,0.156,16.22,15.99,0.076,1.13
45.0,3.0,0.7,1.5,3.0,0.8,14400,0.4,210,77.1,32.79,0.38,1.27,0.156,16.22,15.99,0.076,1.13
45.0,3.0,0.7,1.5,4.5,0.8,7200,0.8,220,77.3,34.36,0.38,1.29,0.156,14.99,16.76,0.076,1.13
45.0,3.0,0.7,2.5,3.0,0.4,3600,0.8,239,74.9,37.2,0.45,1.33,0.156,15.53,18.08,0.076,1.15
45.0,3.0,1.5,2.5,4.5,0.4,1200,0.2,205,74.1,31.96,0.42,1.21,0.156,16.98,15.57,0.076,1.1
45.0,4.0,1.0,1.5,4.5,0.4,2400,0.4,178,81.5,27.84,0.28,1.22,0.156,20.07,13.6,0.076,1.1
45.0,4.0,1.0,2.5,3.0,0.8,7200,0.8,179,79.9,27.92,0.31,1.22,0.156,19.91,13.6,0.076,1.1
45.0,4.0,1.0,2.5,4.5,0.6,2400,0.2,174,81.6,27.21,0.27,1.21,0.156,20.31,13.29,0.076,1.1
45.0,5.0,0.7,2.5,3.0,0.6,2400,0.8,223,79.8,34.7,0.34,1.36,0.156,15.86,16.86,0.076,1.17
45.0,5.0,0.7,2.5,4.5,0.6,1200,0.4,208,85.1,32.51,0.23,1.32,0.156,14.77,15.87,0.076,1.15
45.0,5.0,1.0,1.5,4.5,0.8,2400,0.8,210,77.6,32.81,0.37,1.28,0.156,12.28,16.01,0.076,1.13
50.0,2.0,1.5,2.5,3.0,0.4,3600,0.8,125,61.6,19.46,0.8,1.29,0.156,9.02,9.46,0.076,1.13
50.0,2.0,1.5,2.5,3.0,0.4,7200,0.8,118,66.1,18.47,0.64,1.25,0.157,12.62,9.03,0.076,1.12
50.0,2.0,1.5,2.5,4.5,0.8,1200,0.2,113,65.5,17.68,0.65,1.24,0.156,10.44,8.64,0.076,1.11
50.0,3.0,0.7,2.5,4.5,0.8,7200,0.8,115,75.7,17.97,0.41,1.27,0.156,12.7,8.77,0.076,1.13
50.0,4.0,1.0,1.5,3.0,0.4,3600,0.4,96,81.2,14.95,0.28,1.21,0.156,16.12,7.27,0.076,1.1
50.0,4.0,1.0,2.5,3.0,0.6,2400,0.2,95,81.1,14.85,0.28,1.21,0.156,16.1,7.25,0.076,1.1
50.0,4.0,1.5,2.5,3.0,0.8,2400,0.8,111,71.2,17.33,0.51,1.27,0.156,18.52,8.45,0.076,1.13
50.0,5.0,1.0,2.5,4.5,0.4,2400,0.4,92,83.7,14.4,0.23,1.19,0.157,16.45,7.04,0.076,1.09
50.0,5.0,1.5,2.5,4.5,0.8,3600,0.8,101,75.2,15.72,0.4,1.21,0.156,19.01,7.64,0.076,1.1
55.0,4.0,1.5,2.5,3.0,0.6,1200,0.8,83,66.3,12.95,0.71,1.4,0.156,8.25,6.32,0.076,1.18
55.0,5.0,1.0,1.5,4.5,0.8,2400,0.8,70,78.6,10.89,0.34,1.26,0.156,7.49,5.29,0.076,1.12
40.0,2.0,0.7,2.5,4.5,0.4,,0.4,316,68.4,49.13,0.59,1.28,0.155,13.24,23.85,0.075,1.13
40.0,2.0,1.0,2.5,3.0,0.6,,0.4,315,68.3,48.8,0.58,1.24,0.155,18.29,23.6,0.075,1.11
40.0,2.0,1.0,2.5,4.5,0.4,7200,0.2,318,68.2,49.14,0.58,1.24,0.155,17.68,23.7,0.075,1.11
40.0,2.0,1.0,2.5,4.5,0.4,7200,0.4,318,68.2,49.14,0.58,1.24,0.155,17.68,23.7,0.075,1.11
40.0,2.0,1.5,2.5,4.5,0.4,3600,0.8,349,64.5,54.11,0.71,1.28,0.155,11.79,26.19,0.075,1.13
40.0,4.0,0.7,1.5,3.0,0.8,,0.4,234,81.2,36.26,0.29,1.23,0.155,16.9,17.54,0.075,1.11
40.0,4.0,0.7,2.5,3.0,0.8,7200,0.2,253,83.8,39.11,0.24,1.25,0.155,19.21,18.87,0.075,1.12
40.0,4.0,0.7,2.5,3.0,0.8,7200,0.4,253,83.8,39.11,0.24,1.25,0.155,19.21,18.87,0.075,1.12
40.0,4.0,1.0,1.5,4.5,0.6,14400,0.8,237,81.0,36.85,0.28,1.2,0.155,19.25,17.89,0.075,1.1
40.0,4.0,1.0,1.5,4.5,0.8,7200,0.8,241,80.5,37.46,0.29,1.22,0.155,20.36,18.18,0.075,1.1
40.0,4.0,1.5,2.5,4.5,0.8,1200,0.4,257,75.9,39.71,0.39,1.23,0.155,19.19,19.15,0.075,1.11
45.0,2.0,0.7,2.5,3.0,0.8,3600,0.8,262,71.0,40.62,0.56,1.37,0.155,9.76,19.66,0.075,1.17
45.0,3.0,0.7,1.5,3.0,0.8,14400,0.8,210,77.1,32.55,0.37,1.26,0.155,16.22,15.75,0.075,1.12
45.0,4.0,1.0,1.5,3.0,0.4,2400,0.4,178,81.5,27.53,0.28,1.22,0.155,20.07,13.29,0.075,1.1
45.0,5.0,0.7,1.5,4.5,0.6,2400,0.8,223,79.8,34.56,0.34,1.35,0.155,16.05,16.72,0.075,1.16
45.0,5.0,0.7,1.5,4.5,0.8,1200,0.2,201,88.6,31.07,0.17,1.3,0.155,15.7,14.99,0.075,1.14
50.0,2.0,1.0,2.5,4.5,0.8,14400,0.8,114,65.8,17.62,0.64,1.24,0.155,14.63,8.5,0.075,1.11
50.0,4.0,1.0,2.5,3.0,0.4,2400,0.4,98,79.6,15.16,0.31,1.21,0.155,15.82,7.32,0.075,1.1
50.0,4.0,1.0,2.5,4.5,0.4,1200,0.4,104,75.0,16.15,0.42,1.25,0.155,15.45,7.83,0.075,1.12
50.0,5.0,0.7,1.5,3.0,0.8,,0.4,90,83.3,13.95,0.24,1.21,0.155,14.82,6.75,0.075,1.1
50.0,5.0,1.0,1.5,4.5,0.8,14400,0.2,91,83.5,14.13,0.23,1.19,0.155,16.77,6.85,0.075,1.09
50.0,5.0,1.0,1.5,4.5,0.8,14400,0.4,91,83.5,14.13,0.23,1.19,0.155,16.77,6.85,0.075,1.09
50.0,5.0,1.0,2.5,4.5,0.4,1200,0.8,130,66.9,20.21,0.68,1.38,0.155,8.92,9.81,0.075,1.17
50.0,5.0,1.0,2.5,4.5,0.6,7200,0.2,91,83.5,14.1,0.23,1.19,0.155,17.14,6.82,0.075,1.09
50.0,5.0,1.0,2.5,4.5,0.6,7200,0.4,91,83.5,14.1,0.23,1.19,0.155,17.14,6.82,0.075,1.09
55.0,5.0,1.5,2.5,4.5,0.4,1200,0.8,82,65.9,12.74,0.71,1.37,0.155,5.32,6.18,0.075,1.17
40.0,2.0,0.7,2.5,4.5,0.4,14400,0.8,323,69.7,49.83,0.56,1.28,0.154,15.25,23.99,0.074,1.13
40.0,2.0,1.5,2.5,4.5,0.4,2400,0.8,371,64.7,56.99,0.72,1.32,0.154,10.19,27.31,0.074,1.14
40.0,3.0,1.0,1.5,3.0,0.4,14400,0.8,274,76.3,42.13,0.38,1.22,0.154,17.51,20.21,0.074,1.1
40.0,4.0,0.7,1.5,4.5,0.8,7200,0.8,258,82.2,39.75,0.27,1.26,0.154,17.66,19.11,0.074,1.12
40.0,4.0,1.0,2.5,4.5,0.6,3600,0.2,238,81.1,36.69,0.28,1.2,0.154,19.92,17.65,0.074,1.1
40.0,4.0,1.5,2.5,3.0,0.4,2400,0.8,288,72.2,44.36,0.48,1.25,0.154,16.95,21.32,0.074,1.12
40.0,4.0,1.5,2.5,3.0,0.6,3600,0.8,269,74.7,41.37,0.42,1.23,0.154,24.01,19.86,0.074,1.11
40.0,4.0,1.5,2.5,3.0,0.8,1200,0.4,257,75.9,39.6,0.39,1.23,0.154,19.15,19.04,0.074,1.11
40.0,4.0,1.5,2.5,3.0,0.8,3600,0.8,269,75.1,41.46,0.41,1.24,0.154,20.45,19.94,0.074,1.11
40.0,5.0,0.7,1.5,3.0,0.8,7200,0.2,237,86.9,36.56,0.19,1.25,0.154,20.7,17.6,0.074,1.12
40.0,5.0,0.7,1.5,3.0,0.8,7200,0.4,237,86.9,36.56,0.19,1.25,0.154,20.7,17.6,0.074,1.12
45.0,2.0,0.7,1.5,4.5,0.4,1200,0.2,255,76.5,39.29,0.41,1.34,0.154,11.76,18.89,0.074,1.16
45.0,2.0,1.0,2.5,4.5,0.8,3600,0.2,232,69.8,35.76,0.54,1.26,0.154,16.34,17.2,0.074,1.12
45.0,3.0,0.7,1.5,4.5,0.6,2400,0.4,230,82.2,35.44,0.29,1.31,0.154,15.24,17.04,0.074,1.15
45.0,3.0,0.7,1.5,4.5,0.6,14400,0.2,210,77.1,32.35,0.37,1.26,0.154,16.01,15.55,0.074,1.12
45.0,3.0,0.7,1.5,4.5,0.6,14400,0.4,210,77.1,32.35,0.37,1.26,0.154,16.01,15.55,0.074,1.12
45.0,3.0,0.7,2.5,3.0,0.6,2400,0.2,224,81.7,34.61,0.29,1.3,0.155,16.57,16.69,0.074,1.14
45.0,3.0,1.5,2.5,3.0,0.4,1200,0.2,205,74.1,31.66,0.42,1.21,0.154,16.98,15.26,0.074,1.1
45.0,3.0,1.5,2.5,3.0,0.4,14400,0.8,204,74.5,31.52,0.41,1.2,0.155,19.35,15.2,0.074,1.09
45.0,5.0,0.7,1.5,3.0,0.6,2400,0.2,197,88.3,30.41,0.17,1.28,0.154,17.71,14.65,0.074,1.13
45.0,5.0,0.7,2.5,3.0,0.6,1200,0.4,208,85.1,32.05,0.23,1.32,0.154,14.77,15.41,0.074,1.15
45.0,5.0,0.7,2.5,4.5,0.6,2400,0.4,199,88.4,30.71,0.17,1.28,0.154,18.35,14.79,0.074,1.13
50.0,3.0,0.7,2.5,3.0,0.6,14400,0.8,109,76.1,16.81,0.39,1.25,0.154,11.18,8.09,0.074,1.12
50.0,3.0,1.5,2.5,3.0,0.4,,0.4,107,73.8,16.43,0.42,1.2,0.154,14.5,7.87,0.074,1.09
50.0,3.0,1.5,2.5,4.5,0.4,7200,0.2,107,73.8,16.48,0.42,1.2,0.154,14.9,7.92,0.074,1.09
50.0,3.0,1.5,2.5,4.5,0.4,7200,0.4,107,73.8,16.48,0.42,1.2,0.154,14.9,7.92,0.074,1.09
50.0,4.0,0.7,2.5,4.5,0.6,1200,0.4,113,77.9,17.4,0.38,1.34,0.154,12.87,8.36,0.074,1.16
50.0,4.0,0.7,2.5,4.5,0.6,14400,0.8,101,81.2,15.53,0.29,1.24,0.154,12.98,7.45,0.074,1.11
50.0,4.0,0.7,2.5,4.5,0.8,1200,0.4,113,77.9,17.39,0.38,1.34,0.154,12.99,8.35,0.074,1.16
50.0,4.0,1.0,1.5,3.0,0.6,7200,0.2,95,81.1,14.67,0.28,1.2,0.154,16.39,7.07,0.074,1.1
50.0,4.0,1.0,1.5,3.0,0.6,7200,0.4,95,81.1,14.67,0.28,1.2,0.154,16.39,7.07,0.074,1.1
50.0,4.0,1.5,2.5,3.0,0.6,3600,0.8,107,72.9,16.43,0.46,1.23,0.154,17.74,7.87,0.074,1.11
50.0,5.0,0.7,1.5,3.0,0.6,,0.4,90,83.3,13.88,0.24,1.21,0.154,15.36,6.68,0.074,1.1
50.0,5.0,1.0,1.5,3.0,0.8,,0.4,90,83.3,13.83,0.24,1.18,0.154,16.26,6.63,0.074,1.09
50.0,5.0,1.5,2.5,3.0,0.6,1200,0.8,128,66.4,19.69,0.69,1.37,0.154,8.84,9.45,0.074,1.17
55.0,2.0,1.5,2.5,3.0,0.8,14400,0.2,69,66.7,10.63,0.62,1.23,0.154,9.68,5.11,0.074,1.11
55.0,2.0,1.5,2.5,3.0,0.8,14400,0.4,69,66.7,10.63,0.62,1.23,0.154,9.68,5.11,0.074,1.11
55.0,5.0,1.0,1.5,3.0,0.8,2400,0.8,70,78.6,10.78,0.34,1.26,0.154,7.49,5.18,0.074,1.12
55.0,5.0,1.5,2.5,3.0,0.4,1200,0.8,82,65.9,12.62,0.71,1.36,0.154,5.32,6.06,0.074,1.16
40.0,2.0,1.5,2.5,3.0,0.6,1200,0.2,315,68.3,48.27,0.58,1.24,0.153,16.81,23.07,0.073,1.11
40.0,3.0,0.7,1.5,4.5,0.6,,0.4,275,76.4,42.08,0.39,1.25,0.153,14.11,20.08,0.073,1.11
40.0,3.0,0.7,2.5,3.0,0.4,3600,0.2,296,80.1,45.27,0.32,1.27,0.153,15.56,21.59,0.073,1.12
40.0,3.0,0.7,2.5,4.5,0.6,7200,0.8,294,76.9,44.93,0.38,1.26,0.153,15.58,21.41,0.073,1.12
40.0,3.0,1.0,1.5,3.0,0.4,7200,0.2,274,76.3,41.97,0.38,1.22,0.153,17.3,20.05,0.073,1.1
40.0,3.0,1.0,1.5,3.0,0.4,7200,0.4,274,76.3,41.97,0.38,1.22,0.153,17.3,20.05,0.073,1.1
40.0,3.0,1.0,1.5,4.5,0.6,,0.4,275,76.4,42.12,0.38,1.22,0.153,17.53,20.12,0.073,1.1
40.0,4.0,0.7,1.5,3.0,0.4,14400,0.2,249,82.3,38.13,0.27,1.24,0.153,17.4,18.21,0.073,1.11
40.0,4.0,0.7,1.5,3.0,0.4,14400,0.4,249,82.3,38.13,0.27,1.24,0.153,17.4,18.21,0.073,1.11
40.0,4.0,0.7,2.5,4.5,0.6,7200,0.8,258,81.4,39.44,0.29,1.25,0.153,17.54,18.8,0.073,1.12
40.0,5.0,0.7,1.5,3.0,0.6,3600,0.2,245,87.8,37.47,0.18,1.26,0.153,22.55,17.86,0.073,1.12
40.0,5.0,0.7,2.5,4.5,0.4,2400,0.2,245,87.8,37.41,0.18,1.26,0.153,23.05,17.81,0.073,1.12
45.0,2.0,0.7,1.5,3.0,0.4,1200,0.2,255,76.5,38.94,0.41,1.34,0.153,11.76,18.54,0.073,1.15
45.0,2.0,0.7,1.5,3.0,0.8,2400,0.2,250,76.4,38.28,0.41,1.33,0.153,12.95,18.28,0.073,1.15
45.0,3.0,0.7,1.5,4.5,0.6,14400,0.8,210,77.1,32.11,0.37,1.26,0.153,16.01,15.31,0.073,1.12
45.0,4.0,1.0,2.5,3.0,0.6,2400,0.2,174,81.6,26.66,0.27,1.21,0.153,20.31,12.74,0.073,1.1
45.0,5.0,0.7,1.5,4.5,0.6,1200,0.4,208,85.1,31.88,0.23,1.31,0.153,15.01,15.24,0.073,1.15
45.0,5.0,0.7,2.5,4.5,0.8,1200,0.2,201,88.6,30.79,0.17,1.29,0.153,15.96,14.71,0.073,1.14
45.0,5.0,0.7,2.5,4.5,0.8,3600,0.4,197,88.3,30.16,0.17,1.27,0.153,19.04,14.4,0.073,1.13
45.0,5.0,1.0,1.5,4.5,0.8,1200,0.4,185,82.2,28.29,0.27,1.23,0.153,22.74,13.49,0.073,1.11
45.0,5.0,1.0,2.5,3.0,0.8,2400,0.8,210,77.6,32.19,0.37,1.28,0.153,12.12,15.39,0.073,1.13
50.0,3.0,1.5,2.5,4.5,0.4,14400,0.2,107,73.8,16.33,0.42,1.19,0.153,14.83,7.77,0.073,1.09
50.0,3.0,1.5,2.5,4.5,0.4,14400,0.4,107,73.8,16.33,0.42,1.19,0.153,14.83,7.77,0.073,1.09
50.0,4.0,0.7,1.5,3.0,0.8,14400,0.2,101,82.2,15.42,0.27,1.24,0.153,13.16,7.34,0.073,1.11
50.0,4.0,0.7,1.5,3.0,0.8,14400,0.4,101,82.2,15.42,0.27,1.24,0.153,13.16,7.34,0.073,1.11
50.0,4.0,0.7,1.5,4.5,0.4,1200,0.4,113,77.9,17.3,0.38,1.33,0.153,13.06,8.26,0.073,1.15
50.0,4.0,0.7,1.5,4.5,0.6,14400,0.2,101,82.2,15.48,0.27,1.24,0.153,12.86,7.4,0.073,1.11
50.0,4.0,0.7,1.5,4.5,0.6,14400,0.4,101,82.2,15.48,0.27,1.24,0.153,12.86,7.4,0.073,1.11
50.0,4.0,0.7,1.5,4.5,0.8,14400,0.8,101,81.2,15.43,0.29,1.24,0.153,12.79,7.35,0.073,1.11
50.0,4.0,1.0,2.5,4.5,0.4,1200,0.8,134,65.7,20.56,0.73,1.4,0.153,10.92,9.84,0.073,1.18
50.0,4.0,1.5,2.5,3.0,0.6,1200,0.8,133,65.4,20.4,0.74,1.39,0.153,10.84,9.76,0.073,1.18
50.0,5.0,1.0,1.5,3.0,0.6,,0.4,90,83.3,13.76,0.24,1.18,0.153,16.8,6.56,0.073,1.09
55.0,2.0,1.5,2.5,4.5,0.8,,0.4,69,66.7,10.54,0.61,1.23,0.153,9.65,5.02,0.073,1.1
40.0,2.0,1.0,2.5,3.0,0.4,14400,0.2,318,68.2,48.32,0.58,1.24,0.152,16.9,22.88,0.072,1.11
40.0,2.0,1.0,2.5,3.0,0.4,14400,0.4,318,68.2,48.32,0.58,1.24,0.152,16.9,22.88,0.072,1.11
40.0,3.0,0.7,1.5,4.5,0.8,7200,0.2,283,78.8,43.16,0.34,1.26,0.153,14.63,20.52,0.072,1.12
40.0,3.0,0.7,1.5,4.5,0.8,7200,0.4,283,78.8,43.16,0.34,1.26,0.153,14.63,20.52,0.072,1.12
40.0,3.0,0.7,1.5,4.5,0.8,,0.4,273,76.2,41.54,0.39,1.25,0.152,14.89,19.7,0.072,1.11
40.0,3.0,1.0,1.5,3.0,0.6,,0.4,276,76.4,41.91,0.37,1.21,0.152,17.54,19.83,0.072,1.1
40.0,3.0,1.0,2.5,3.0,0.6,7200,0.2,274,75.9,41.61,0.38,1.21,0.152,17.8,19.69,0.072,1.1
40.0,3.0,1.0,2.5,3.0,0.6,7200,0.4,274,75.9,41.61,0.38,1.21,0.152,17.8,19.69,0.072,1.1
40.0,4.0,0.7,1.5,3.0,0.4,14400,0.8,249,82.3,37.88,0.27,1.24,0.152,17.65,17.96,0.072,1.11
40.0,4.0,1.0,1.5,3.0,0.6,14400,0.2,237,81.0,36.1,0.28,1.2,0.152,19.5,17.14,0.072,1.09
40.0,4.0,1.0,1.5,3.0,0.6,14400,0.4,237,81.0,36.1,0.28,1.2,0.152,19.5,17.14,0.072,1.09
40.0,5.0,0.7,1.5,3.0,0.6,3600,0.4,246,87.8,37.44,0.17,1.26,0.152,22.58,17.76,0.072,1.12
45.0,2.0,1.0,1.5,3.0,0.6,3600,0.2,232,69.8,35.29,0.54,1.25,0.152,16.47,16.73,0.072,1.11
45.0,2.0,1.0,1.5,4.5,0.6,1200,0.2,234,69.7,35.52,0.55,1.26,0.152,14.51,16.8,0.072,1.12
45.0,2.0,1.0,2.5,4.5,0.4,1200,0.4,245,68.2,37.15,0.6,1.28,0.152,11.3,17.55,0.072,1.13
45.0,3.0,0.7,1.5,3.0,0.6,2400,0.4,230,82.2,34.9,0.28,1.31,0.152,15.24,16.5,0.072,1.14
45.0,3.0,0.7,1.5,3.0,0.6,14400,0.2,210,77.1,31.87,0.37,1.26,0.152,16.06,15.07,0.072,1.12
45.0,3.0,0.7,1.5,3.0,0.6,14400,0.4,210,77.1,31.87,0.37,1.26,0.152,16.06,15.07,0.072,1.12
45.0,3.0,0.7,1.5,3.0,0.8,3600,0.2,222,82.0,33.78,0.29,1.3,0.152,16.12,16.02,0.072,1.14
45.0,3.0,0.7,2.5,4.5,0.6,2400,0.4,230,81.7,35.04,0.29,1.31,0.152,16.57,16.64,0.072,1.14
45.0,5.0,0.7,1.5,3.0,0.6,2400,0.8,223,79.8,33.96,0.34,1.35,0.152,16.05,16.12,0.072,1.16
45.0,5.0,0.7,1.5,3.0,0.8,1200,0.2,201,88.6,30.62,0.17,1.29,0.152,15.7,14.54,0.072,1.14
45.0,5.0,0.7,2.5,3.0,0.8,3600,0.2,196,88.3,29.7,0.17,1.27,0.152,18.18,14.02,0.072,1.12
50.0,3.0,0.7,1.5,3.0,0.8,14400,0.8,109,76.1,16.62,0.39,1.25,0.152,10.79,7.9,0.072,1.12
50.0,3.0,1.5,2.5,3.0,0.4,7200,0.2,107,73.8,16.24,0.42,1.19,0.152,14.9,7.68,0.072,1.09
50.0,3.0,1.5,2.5,3.0,0.4,7200,0.4,107,73.8,16.24,0.42,1.19,0.152,14.9,7.68,0.072,1.09
50.0,4.0,0.7,2.5,4.5,0.6,1200,0.2,109,84.4,16.55,0.24,1.28,0.152,12.87,7.83,0.072,1.13
50.0,4.0,0.7,2.5,4.5,0.6,3600,0.2,105,84.8,15.95,0.23,1.26,0.152,12.87,7.55,0.072,1.12
50.0,4.0,0.7,2.5,4.5,0.8,1200,0.2,109,84.4,16.54,0.24,1.28,0.152,12.99,7.82,0.072,1.13
50.0,4.0,1.5,2.5,4.5,0.8,3600,0.8,107,73.8,16.26,0.44,1.23,0.152,18.01,7.7,0.072,1.1
50.0,5.0,1.0,2.5,3.0,0.4,1200,0.8,130,66.9,19.81,0.68,1.38,0.152,8.92,9.41,0.072,1.17
50.0,5.0,1.0,2.5,3.0,0.4,2400,0.4,92,83.7,14.0,0.23,1.19,0.152,16.82,6.64,0.072,1.09
55.0,4.0,1.0,1.5,4.5,0.4,2400,0.8,72,76.4,10.95,0.39,1.26,0.152,9.15,5.19,0.072,1.12
55.0,4.0,1.0,2.5,4.5,0.4,1200,0.4,68,75.0,10.31,0.42,1.25,0.152,8.0,4.87,0.072,1.12
55.0,4.0,1.0,2.5,4.5,0.4,1200,0.8,83,66.3,12.61,0.71,1.38,0.152,8.25,5.97,0.072,1.17
40.0,2.0,1.0,2.5,4.5,0.8,,0.4,311,67.8,46.99,0.59,1.23,0.151,19.43,22.11,0.071,1.11
40.0,2.0,1.5,2.5,3.0,0.8,3600,0.4,314,68.2,47.54,0.58,1.24,0.151,16.22,22.42,0.071,1.11
40.0,3.0,0.7,1.5,3.0,0.4,7200,0.2,286,78.7,43.22,0.34,1.25,0.151,15.52,20.34,0.071,1.12
40.0,3.0,0.7,1.5,3.0,0.4,7200,0.4,286,78.7,43.22,0.34,1.25,0.151,15.52,20.34,0.071,1.12
40.0,3.0,0.7,1.5,3.0,0.6,,0.4,276,76.4,41.75,0.38,1.25,0.151,14.11,19.67,0.071,1.11
40.0,3.0,0.7,1.5,3.0,0.8,,0.4,274,76.3,41.27,0.39,1.25,0.151,14.9,19.35,0.071,1.11
40.0,3.0,1.0,1.5,4.5,0.4,3600,0.4,274,76.6,41.35,0.37,1.22,0.151,17.3,19.43,0.071,1.1
40.0,4.0,1.0,1.5,4.5,0.4,3600,0.2,238,81.1,35.83,0.28,1.2,0.151,19.49,16.79,0.071,1.09
40.0,4.0,1.0,2.5,3.0,0.6,3600,0.2,238,81.1,35.98,0.28,1.2,0.151,19.79,16.94,0.071,1.09
40.0,4.0,1.0,2.5,4.5,0.6,7200,0.8,242,79.8,36.57,0.31,1.2,0.151,20.47,17.21,0.071,1.09
45.0,2.0,1.0,1.5,3.0,0.8,2400,0.2,232,70.3,35.14,0.53,1.25,0.151,13.55,16.58,0.071,1.12
45.0,2.0,1.0,1.5,4.5,0.8,3600,0.4,233,70.4,35.1,0.53,1.25,0.151,14.18,16.46,0.071,1.11
45.0,2.0,1.0,1.5,4.5,0.8,7200,0.8,241,68.9,36.48,0.57,1.26,0.151,16.31,17.2,0.071,1.12
45.0,2.0,1.0,2.5,4.5,0.8,1200,0.2,234,69.7,35.37,0.55,1.26,0.151,13.87,16.65,0.071,1.12
45.0,3.0,0.7,1.5,3.0,0.6,14400,0.8,210,77.1,31.62,0.37,1.26,0.151,16.06,14.82,0.071,1.12
45.0,3.0,0.7,1.5,4.5,0.4,1200,0.2,228,82.0,34.47,0.29,1.31,0.151,16.21,16.23,0.071,1.14
45.0,3.0,0.7,1.5,4.5,0.6,7200,0.8,220,77.3,33.29,0.38,1.28,0.151,15.53,15.69,0.071,1.13
45.0,3.0,0.7,1.5,4.5,0.8,2400,0.2,224,82.1,33.92,0.28,1.3,0.151,15.79,16.0,0.071,1.14
45.0,5.0,0.7,1.5,3.0,0.6,1200,0.4,208,85.1,31.41,0.23,1.31,0.151,15.01,14.77,0.071,1.14
45.0,5.0,0.7,1.5,4.5,0.8,3600,0.2,196,88.3,29.64,0.17,1.27,0.151,18.2,13.96,0.071,1.12
45.0,5.0,0.7,2.5,3.0,0.6,2400,0.4,199,88.4,30.11,0.17,1.27,0.151,18.35,14.19,0.071,1.13
45.0,5.0,0.7,2.5,3.0,0.8,1200,0.2,201,88.6,30.34,0.17,1.29,0.151,15.96,14.26,0.071,1.13
45.0,5.0,1.0,1.5,3.0,0.8,1200,0.4,185,82.2,27.84,0.27,1.23,0.15,22.74,13.04,0.071,1.11
45.0,5.0,1.0,1.5,3.0,0.8,2400,0.8,210,77.6,31.75,0.37,1.27,0.151,12.28,14.94,0.071,1.12
50.0,2.0,0.7,2.5,3.0,0.8,14400,0.2,117,69.2,17.66,0.56,1.27,0.151,14.42,8.3,0.071,1.12
50.0,2.0,0.7,2.5,3.0,0.8,14400,0.4,117,69.2,17.66,0.56,1.27,0.151,14.42,8.3,0.071,1.12
50.0,2.0,1.0,2.5,3.0,0.4,,0.4,114,67.5,17.23,0.59,1.23,0.151,11.41,8.11,0.071,1.11
50.0,2.0,1.0,2.5,4.5,0.8,14400,0.2,113,66.4,17.03,0.62,1.22,0.151,15.77,7.99,0.071,1.1
50.0,2.0,1.0,2.5,4.5,0.8,14400,0.4,113,66.4,17.03,0.62,1.22,0.151,15.77,7.99,0.071,1.1
50.0,2.0,1.5,2.5,3.0,0.8,1200,0.2,113,65.5,17.02,0.65,1.23,0.151,10.44,7.98,0.071,1.1
50.0,3.0,0.7,2.5,4.5,0.4,14400,0.2,110,76.4,16.63,0.38,1.24,0.151,13.34,7.83,0.071,1.11
50.0,3.0,0.7,2.5,4.5,0.4,14400,0.4,110,76.4,16.63,0.38,1.24,0.151,13.34,7.83,0.071,1.11
50.0,3.0,1.5,2.5,4.5,0.6,3600,0.4,106,74.5,15.97,0.41,1.2,0.151,12.37,7.48,0.071,1.09
50.0,4.0,0.7,1.5,4.5,0.4,1200,0.2,109,84.4,16.5,0.24,1.28,0.151,13.06,7.78,0.071,1.13
50.0,4.0,0.7,2.5,4.5,0.8,3600,0.2,105,84.8,15.88,0.23,1.26,0.151,12.99,7.48,0.071,1.12
50.0,4.0,1.0,1.5,3.0,0.8,7200,0.2,95,81.1,14.38,0.28,1.2,0.151,16.59,6.78,0.071,1.09
50.0,4.0,1.0,1.5,3.0,0.8,7200,0.4,95,81.1,14.38,0.28,1.2,0.151,16.59,6.78,0.071,1.09
50.0,4.0,1.0,1.5,4.5,0.6,2400,0.2,95,81.1,14.36,0.28,1.2,0.151,15.95,6.76,0.071,1.09
50.0,4.0,1.0,2.5,3.0,0.4,1200,0.4,104,75.0,15.75,0.41,1.24,0.151,15.82,7.43,0.071,1.11
40.0,2.0,1.0,2.5,4.5,0.6,14400,0.2,316,68.0,47.36,0.58,1.23,0.15,17.88,22.08,0.07,1.11
40.0,2.0,1.0,2.5,4.5,0.6,14400,0.4,316,68.0,47.36,0.58,1.23,0.15,17.88,22.08,0.07,1.11
40.0,2.0,1.5,2.5,3.0,0.4,2400,0.8,371,64.7,55.55,0.71,1.31,0.15,10.22,25.87,0.07,1.14
40.0,2.0,1.5,2.5,3.0,0.4,3600,0.8,349,64.5,52.31,0.7,1.27,0.15,11.79,24.39,0.07,1.12
40.0,2.0,1.5,2.5,4.5,0.8,2400,0.2,314,68.5,47.05,0.57,1.24,0.15,14.75,21.93,0.07,1.11
40.0,2.0,1.5,2.5,4.5,0.8,2400,0.4,321,67.9,48.27,0.59,1.25,0.15,13.61,22.59,0.07,1.11
40.0,4.0,0.7,1.5,4.5,0.8,7200,0.2,252,83.7,37.69,0.24,1.24,0.15,17.77,17.53,0.07,1.11
40.0,4.0,0.7,1.5,4.5,0.8,7200,0.4,252,83.7,37.69,0.24,1.24,0.15,17.77,17.53,0.07,1.11
40.0,5.0,0.7,1.5,3.0,0.8,3600,0.8,274,81.4,41.1,0.3,1.3,0.15,15.67,19.18,0.07,1.14
40.0,5.0,0.7,1.5,4.5,0.8,3600,0.2,245,87.8,36.68,0.17,1.25,0.15,22.68,17.08,0.07,1.12
40.0,5.0,0.7,2.5,3.0,0.4,2400,0.2,245,87.8,36.68,0.17,1.25,0.15,23.05,17.09,0.07,1.12
40.0,5.0,0.7,2.5,3.0,0.8,3600,0.2,245,87.8,36.66,0.17,1.25,0.15,22.93,17.06,0.07,1.12
45.0,2.0,0.7,1.5,4.5,0.8,3600,0.8,262,71.0,39.23,0.56,1.36,0.15,9.59,18.27,0.07,1.16
45.0,2.0,1.0,1.5,3.0,0.6,1200,0.2,234,69.7,34.99,0.55,1.25,0.15,14.51,16.27,0.07,1.11
45.0,2.0,1.0,1.5,4.5,0.6,7200,0.8,241,68.9,36.25,0.57,1.26,0.15,16.75,16.97,0.07,1.12
45.0,2.0,1.0,2.5,3.0,0.4,1200,0.4,245,68.2,36.81,0.6,1.28,0.15,11.3,17.21,0.07,1.12
45.0,3.0,0.7,1.5,3.0,0.4,1200,0.2,228,82.0,34.2,0.29,1.3,0.15,16.21,15.96,0.07,1.14
45.0,3.0,0.7,2.5,3.0,0.6,2400,0.4,230,81.7,34.5,0.29,1.3,0.15,16.57,16.1,0.07,1.14
45.0,4.0,1.0,2.5,4.5,0.6,3600,0.4,175,81.1,26.3,0.28,1.21,0.15,19.31,12.3,0.07,1.09
45.0,5.0,0.7,1.5,4.5,0.6,2400,0.4,199,88.4,29.91,0.17,1.27,0.15,18.47,13.99,0.07,1.12
45.0,5.0,1.0,2.5,4.5,0.8,1200,0.4,185,82.2,27.81,0.27,1.23,0.15,23.35,13.01,0.07,1.11
50.0,2.0,1.5,2.5,4.5,0.6,7200,0.8,117,65.8,17.53,0.64,1.24,0.15,13.7,8.17,0.07,1.11
50.0,3.0,1.5,2.5,3.0,0.4,14400,0.2,107,73.8,16.1,0.42,1.19,0.15,14.83,7.54,0.07,1.09
50.0,3.0,1.5,2.5,3.0,0.4,14400,0.4,107,73.8,16.1,0.42,1.19,0.15,14.83,7.54,0.07,1.09
50.0,4.0,0.7,1.5,3.0,0.4,1200,0.4,113,77.9,16.91,0.38,1.33,0.15,13.43,7.87,0.07,1.15
50.0,4.0,1.0,2.5,3.0,0.4,1200,0.8,134,65.7,20.17,0.73,1.39,0.151,10.92,9.45,0.07,1.17
50.0,4.0,1.0,2.5,4.5,0.6,3600,0.2,95,81.1,14.29,0.28,1.2,0.15,15.72,6.69,0.07,1.09
50.0,5.0,1.0,1.5,4.5,0.4,2400,0.2,92,83.7,13.81,0.23,1.18,0.15,16.75,6.45,0.07,1.08
50.0,5.0,1.0,1.5,4.5,0.6,14400,0.2,91,83.5,13.61,0.23,1.18,0.15,16.84,6.33,0.07,1.08
50.0,5.0,1.0,1.5,4.5,0.6,14400,0.4,91,83.5,13.61,0.23,1.18,0.15,16.84,6.33,0.07,1.08
55.0,4.0,1.0,1.5,3.0,0.4,2400,0.8,72,76.4,10.83,0.39,1.26,0.15,9.15,5.07,0.07,1.12
55.0,4.0,1.0,2.5,3.0,0.4,1200,0.4,68,75.0,10.2,0.42,1.25,0.15,8.0,4.75,0.07,1.11
55.0,4.0,1.0,2.5,3.0,0.4,1200,0.8,83,66.3,12.49,0.7,1.38,0.15,8.25,5.85,0.07,1.17
55.0,4.0,1.5,2.5,4.5,0.8,1200,0.4,67,74.6,10.02,0.42,1.25,0.15,8.0,4.66,0.07,1.11
40.0,2.0,0.7,2.5,3.0,0.4,,0.4,317,68.5,47.14,0.58,1.26,0.149,13.92,21.78,0.069,1.12
40.0,2.0,0.7,2.5,3.0,0.8,14400,0.2,319,69.6,47.55,0.56,1.27,0.149,17.0,22.03,0.069,1.12
40.0,2.0,0.7,2.5,3.0,0.8,14400,0.4,319,69.6,47.55,0.56,1.27,0.149,17.0,22.03,0.069,1.12
40.0,2.0,1.5,2.5,3.0,0.8,3600,0.2,314,68.2,46.88,0.58,1.23,0.149,16.34,21.76,0.069,1.1
40.0,3.0,0.7,1.5,4.5,0.4,7200,0.8,294,77.2,43.89,0.37,1.26,0.149,15.55,20.37,0.069,1.12
40.0,3.0,1.5,2.5,4.5,0.8,1200,0.4,298,71.8,44.48,0.49,1.24,0.149,18.34,20.65,0.069,1.11
40.0,4.0,0.7,2.5,3.0,0.6,7200,0.8,258,81.4,38.41,0.28,1.24,0.149,17.54,17.77,0.069,1.11
40.0,4.0,0.7,2.5,4.5,0.6,7200,0.2,252,82.9,37.46,0.25,1.23,0.149,18.85,17.3,0.069,1.11
40.0,4.0,0.7,2.5,4.5,0.6,7200,0.4,252,82.9,37.46,0.25,1.23,0.149,18.85,17.3,0.069,1.11
40.0,4.0,1.0,1.5,3.0,0.6,14400,0.8,237,81.0,35.35,0.28,1.2,0.149,19.5,16.39,0.069,1.09
40.0,4.0,1.0,2.5,4.5,0.4,2400,0.4,243,80.2,36.23,0.3,1.2,0.149,20.74,16.8,0.069,1.09
40.0,4.0,1.0,2.5,4.5,0.6,3600,0.4,239,80.8,35.5,0.29,1.2,0.149,21.17,16.38,0.069,1.09
40.0,5.0,0.7,1.5,4.5,0.8,3600,0.4,246,87.8,36.66,0.17,1.25,0.149,22.71,16.98,0.069,1.11
40.0,5.0,0.7,2.5,3.0,0.8,3600,0.4,246,87.8,36.64,0.17,1.25,0.149,22.96,16.95,0.069,1.11
45.0,3.0,0.7,1.5,3.0,0.6,7200,0.8,220,77.3,32.89,0.37,1.27,0.15,15.53,15.29,0.069,1.12
45.0,3.0,0.7,2.5,4.5,0.8,2400,0.2,224,81.7,33.33,0.29,1.29,0.149,17.26,15.41,0.069,1.13
45.0,3.0,1.5,2.5,4.5,0.4,3600,0.2,204,74.5,30.47,0.41,1.2,0.149,18.39,14.15,0.069,1.09
45.0,4.0,1.0,1.5,4.5,0.6,3600,0.2,174,81.6,25.97,0.27,1.2,0.149,19.9,12.05,0.069,1.09
45.0,5.0,1.0,2.5,4.5,0.8,3600,0.8,197,80.2,29.3,0.3,1.23,0.149,19.07,13.54,0.069,1.11
50.0,2.0,1.0,2.5,4.5,0.8,,0.4,111,66.7,16.59,0.61,1.22,0.149,13.0,7.71,0.069,1.1
50.0,2.0,1.5,2.5,3.0,0.8,7200,0.8,117,65.0,17.45,0.67,1.24,0.149,12.19,8.09,0.069,1.11
50.0,3.0,0.7,2.5,3.0,0.4,14400,0.2,110,76.4,16.4,0.38,1.24,0.149,13.34,7.6,0.069,1.11
50.0,3.0,0.7,2.5,3.0,0.4,14400,0.4,110,76.4,16.4,0.38,1.24,0.149,13.34,7.6,0.069,1.11
50.0,3.0,1.5,2.5,4.5,0.4,,0.4,106,73.6,15.8,0.43,1.19,0.149,15.36,7.32,0.069,1.08
50.0,4.0,0.7,1.5,3.0,0.6,14400,0.2,101,82.2,15.01,0.27,1.23,0.149,13.23,6.93,0.069,1.11
50.0,4.0,0.7,1.5,3.0,0.6,14400,0.4,101,82.2,15.01,0.27,1.23,0.149,13.23,6.93,0.069,1.11
50.0,4.0,0.7,2.5,3.0,0.6,1200,0.4,113,77.9,16.87,0.38,1.33,0.149,13.25,7.83,0.069,1.15
50.0,4.0,0.7,2.5,3.0,0.6,14400,0.8,101,81.2,15.06,0.29,1.23,0.149,13.36,6.98,0.069,1.11
50.0,4.0,0.7,2.5,4.5,0.4,3600,0.8,116,74.1,17.27,0.45,1.3,0.149,13.72,7.99,0.069,1.13
50.0,4.0,1.0,1.5,3.0,0.8,14400,0.8,95,80.0,14.14,0.3,1.2,0.149,16.14,6.54,0.069,1.09
50.0,4.0,1.0,2.5,3.0,0.8,2400,0.2,95,81.1,14.19,0.28,1.2,0.149,16.34,6.59,0.069,1.09
50.0,4.0,1.0,2.5,4.5,0.6,1200,0.2,98,80.6,14.62,0.29,1.2,0.149,15.72,6.78,0.069,1.09
50.0,4.0,1.0,2.5,4.5,0.8,3600,0.2,95,81.1,14.16,0.28,1.2,0.149,15.96,6.56,0.069,1.09
50.0,5.0,1.0,2.5,3.0,0.6,7200,0.2,91,83.5,13.6,0.23,1.18,0.149,17.52,6.32,0.069,1.08
50.0,5.0,1.0,2.5,3.0,0.6,7200,0.4,91,83.5,13.6,0.23,1.18,0.149,17.52,6.32,0.069,1.08
50.0,5.0,1.0,2.5,3.0,0.8,7200,0.2,91,83.5,13.52,0.23,1.18,0.149,17.83,6.24,0.069,1.08
50.0,5.0,1.0,2.5,3.0,0.8,7200,0.4,91,83.5,13.52,0.23,1.18,0.149,17.83,6.24,0.069,1.08
50.0,5.0,1.5,2.5,3.0,0.8,3600,0.8,101,75.2,15.06,0.4,1.21,0.149,19.38,6.98,0.069,1.09
55.0,2.0,1.5,2.5,3.0,0.8,3600,0.8,78,64.1,11.6,0.71,1.27,0.149,9.06,5.36,0.069,1.12
55.0,2.0,1.5,2.5,4.5,0.8,2400,0.4,70,67.1,10.43,0.6,1.24,0.149,8.07,4.83,0.069,1.1
55.0,2.0,1.5,2.5,4.5,0.8,3600,0.8,78,64.1,11.6,0.71,1.27,0.149,9.06,5.36,0.069,1.12
55.0,4.0,1.0,1.5,4.5,0.4,1200,0.8,83,66.3,12.34,0.7,1.38,0.149,8.25,5.7,0.069,1.16
40.0,2.0,0.7,2.5,3.0,0.8,14400,0.8,319,69.6,47.12,0.55,1.27,0.148,17.24,21.6,0.068,1.12
40.0,2.0,1.0,2.5,3.0,0.4,14400,0.8,319,68.0,47.25,0.58,1.23,0.148,17.65,21.74,0.068,1.1
40.0,3.0,0.7,2.5,3.0,0.6,7200,0.8,294,76.9,43.58,0.38,1.25,0.148,15.58,20.06,0.068,1.11
40.0,3.0,1.0,2.5,4.5,0.6,3600,0.4,274,76.3,40.57,0.38,1.21,0.148,18.9,18.65,0.068,1.09
40.0,4.0,0.7,1.5,4.5,0.4,7200,0.8,259,81.5,38.32,0.28,1.24,0.148,17.42,17.6,0.068,1.11
40.0,4.0,1.0,1.5,3.0,0.8,7200,0.8,242,80.6,35.88,0.29,1.21,0.148,20.74,16.52,0.068,1.09
45.0,2.0,1.0,2.5,3.0,0.8,1200,0.2,234,69.7,34.65,0.54,1.25,0.148,14.07,15.93,0.068,1.11
45.0,2.0,1.0,2.5,3.0,0.8,3600,0.2,232,69.8,34.42,0.54,1.25,0.148,16.28,15.86,0.068,1.11
45.0,3.0,0.7,1.5,3.0,0.8,7200,0.8,220,77.3,32.65,0.37,1.27,0.148,14.99,15.05,0.068,1.12
45.0,3.0,1.5,2.5,3.0,0.4,3600,0.2,204,74.5,30.21,0.41,1.19,0.148,18.32,13.89,0.068,1.09
45.0,4.0,1.0,1.5,4.5,0.6,7200,0.8,179,79.9,26.49,0.3,1.21,0.148,19.61,12.17,0.068,1.09
45.0,4.0,1.0,2.5,3.0,0.6,3600,0.4,175,81.1,25.9,0.28,1.2,0.148,19.31,11.9,0.068,1.09
45.0,5.0,0.7,1.5,4.5,0.8,3600,0.4,197,88.3,29.1,0.17,1.26,0.148,18.89,13.34,0.068,1.12
45.0,5.0,0.7,2.5,3.0,0.8,3600,0.4,197,88.3,29.16,0.17,1.26,0.148,18.87,13.4,0.068,1.12
45.0,5.0,1.0,2.5,3.0,0.8,1200,0.4,185,82.2,27.36,0.27,1.23,0.148,23.35,12.56,0.068,1.1
50.0,2.0,1.0,2.5,3.0,0.8,,0.4,112,67.0,16.6,0.6,1.22,0.148,11.73,7.64,0.068,1.1
50.0,3.0,1.5,2.5,3.0,0.8,14400,0.8,105,73.3,15.51,0.43,1.19,0.148,14.82,7.11,0.068,1.09
50.0,4.0,0.7,1.5,3.0,0.4,1200,0.2,109,84.4,16.11,0.24,1.28,0.148,13.43,7.39,0.068,1.12
50.0,4.0,0.7,1.5,4.5,0.8,1200,0.4,113,77.9,16.77,0.38,1.32,0.148,13.16,7.73,0.068,1.14
50.0,4.0,0.7,2.5,3.0,0.8,1200,0.4,113,77.9,16.73,0.38,1.32,0.148,13.37,7.69,0.068,1.14
50.0,4.0,1.0,2.5,4.5,0.8,1200,0.2,98,80.6,14.53,0.29,1.2,0.148,15.96,6.69,0.068,1.09
50.0,5.0,0.7,1.5,4.5,0.8,,0.4,89,83.1,13.15,0.24,1.2,0.148,14.45,6.03,0.068,1.09
50.0,5.0,0.7,2.5,4.5,0.4,14400,0.2,97,84.5,14.37,0.22,1.21,0.148,15.19,6.61,0.068,1.1
50.0,5.0,0.7,2.5,4.5,0.4,14400,0.4,97,84.5,14.37,0.22,1.21,0.148,15.19,6.61,0.068,1.1
50.0,5.0,1.0,1.5,3.0,0.8,14400,0.2,91,83.5,13.49,0.23,1.18,0.148,17.14,6.21,0.068,1.08
50.0,5.0,1.0,1.5,3.0,0.8,14400,0.4,91,83.5,13.49,0.23,1.18,0.148,17.14,6.21,0.068,1.08
50.0,5.0,1.0,1.5,4.5,0.4,3600,0.2,92,83.7,13.63,0.23,1.18,0.148,16.75,6.27,0.068,1.08
50.0,5.0,1.0,1.5,4.5,0.4,14400,0.8,92,82.6,13.63,0.25,1.18,0.148,16.74,6.27,0.068,1.08
50.0,5.0,1.0,2.5,4.5,0.6,2400,0.2,91,83.5,13.46,0.23,1.18,0.148,16.72,6.18,0.068,1.08
50.0,5.0,1.5,2.5,4.5,0.6,1200,0.4,96,78.1,14.19,0.34,1.2,0.148,15.76,6.51,0.068,1.09
50.0,5.0,1.5,2.5,4.5,0.8,1200,0.8,128,66.4,18.94,0.69,1.36,0.148,8.96,8.7,0.068,1.15
55.0,2.0,1.5,2.5,3.0,0.8,,0.4,69,66.7,10.21,0.61,1.22,0.148,10.02,4.69,0.068,1.1
55.0,2.0,1.5,2.5,4.5,0.4,1200,0.4,75,65.3,11.09,0.68,1.29,0.148,7.8,5.09,0.068,1.12
55.0,3.0,1.5,2.5,4.5,0.6,1200,0.8,83,63.9,12.3,0.79,1.39,0.148,6.25,5.66,0.068,1.17
40.0,2.0,0.7,2.5,3.0,0.4,14400,0.2,323,69.7,47.41,0.55,1.27,0.147,15.68,21.57,0.067,1.12
40.0,2.0,0.7,2.5,3.0,0.4,14400,0.4,323,69.7,47.41,0.55,1.27,0.147,15.68,21.57,0.067,1.12
40.0,2.0,1.0,2.5,3.0,0.4,7200,0.2,318,68.2,46.75,0.57,1.23,0.147,17.98,21.31,0.067,1.1
40.0,2.0,1.0,2.5,3.0,0.4,7200,0.4,318,68.2,46.75,0.57,1.23,0.147,17.98,21.31,0.067,1.1
40.0,2.0,1.5,2.5,3.0,0.8,7200,0.8,324,67.3,47.59,0.6,1.24,0.147,16.74,21.66,0.067,1.1
40.0,3.0,1.0,1.5,4.5,0.6,14400,0.2,274,76.3,40.27,0.38,1.21,0.147,17.77,18.35,0.067,1.09
40.0,3.0,1.0,1.5,4.5,0.6,14400,0.4,274,76.3,40.27,0.38,1.21,0.147,17.77,18.35,0.067,1.09
40.0,3.0,1.5,2.5,3.0,0.8,1200,0.4,298,71.8,43.76,0.49,1.24,0.147,18.34,19.93,0.067,1.1
40.0,4.0,0.7,1.5,3.0,0.8,7200,0.8,259,82.2,38.09,0.27,1.25,0.147,17.66,17.37,0.067,1.11
40.0,4.0,0.7,1.5,4.5,0.6,,0.4,237,81.0,34.74,0.28,1.22,0.147,16.35,15.78,0.067,1.1
40.0,4.0,1.0,1.5,4.5,0.4,7200,0.8,243,79.8,35.69,0.3,1.2,0.147,21.17,16.25,0.067,1.09
45.0,2.0,0.7,2.5,4.5,0.6,1200,0.2,254,76.4,37.32,0.41,1.32,0.147,12.29,17.0,0.067,1.14
45.0,2.0,1.0,1.5,4.5,0.8,1200,0.2,234,69.7,34.41,0.54,1.25,0.147,13.72,15.69,0.067,1.11
45.0,3.0,0.7,1.5,3.0,0.8,2400,0.2,224,82.1,32.88,0.28,1.29,0.147,15.79,14.96,0.067,1.13
45.0,3.0,0.7,1.5,4.5,0.8,2400,0.4,230,82.2,33.76,0.28,1.3,0.147,15.79,15.36,0.067,1.13
45.0,4.0,0.7,1.5,4.5,0.4,2400,0.8,226,77.9,33.15,0.38,1.33,0.147,16.72,15.07,0.067,1.14
45.0,4.0,1.0,1.5,3.0,0.6,3600,0.2,174,81.6,25.56,0.27,1.2,0.147,19.9,11.65,0.067,1.09
45.0,4.0,1.0,1.5,4.5,0.6,2400,0.2,174,81.6,25.59,0.27,1.2,0.147,20.55,11.67,0.067,1.09
45.0,4.0,1.0,2.5,4.5,0.6,1200,0.2,176,81.2,25.83,0.28,1.2,0.147,20.09,11.75,0.067,1.09
45.0,4.0,1.5,2.5,4.5,0.8,1200,0.8,244,70.5,35.9,0.57,1.36,0.147,17.35,16.38,0.067,1.15
45.0,5.0,0.7,1.5,3.0,0.6,2400,0.4,199,88.4,29.31,0.17,1.27,0.147,18.47,13.39,0.067,1.12
50.0,2.0,0.7,2.5,4.5,0.4,14400,0.8,118,69.5,17.32,0.56,1.27,0.147,13.04,7.88,0.067,1.12
50.0,2.0,0.7,2.5,4.5,0.8,,0.4,111,66.7,16.35,0.63,1.25,0.147,11.06,7.47,0.067,1.11
50.0,3.0,1.5,2.5,4.5,0.8,3600,0.4,105,74.3,15.43,0.41,1.19,0.147,12.25,7.03,0.067,1.08
50.0,4.0,0.7,1.5,4.5,0.6,1200,0.4,113,77.9,16.63,0.38,1.32,0.147,13.11,7.59,0.067,1.14
50.0,4.0,0.7,1.5,4.5,0.8,1200,0.2,109,84.4,15.97,0.24,1.27,0.147,13.16,7.25,0.067,1.12
50.0,4.0,0.7,2.5,3.0,0.6,1200,0.2,109,84.4,16.02,0.24,1.28,0.147,13.25,7.3,0.067,1.12
50.0,4.0,0.7,2.5,4.5,0.6,3600,0.4,105,84.8,15.42,0.23,1.26,0.147,12.87,7.02,0.067,1.11
55.0,2.0,1.5,2.5,3.0,0.8,2400,0.4,70,67.1,10.32,0.6,1.23,0.147,8.07,4.72,0.067,1.1
55.0,3.0,1.5,2.5,3.0,0.6,1200,0.8,83,63.9,12.24,0.78,1.39,0.147,6.25,5.6,0.067,1.16
55.0,4.0,1.0,1.5,3.0,0.4,1200,0.8,83,66.3,12.22,0.7,1.37,0.147,8.25,5.58,0.067,1.16
55.0,4.0,1.0,1.5,4.5,0.4,1200,0.4,68,75.0,9.97,0.41,1.24,0.147,8.0,4.53,0.067,1.11
40.0,2.0,0.7,2.5,4.5,0.6,14400,0.2,321,69.5,47.0,0.56,1.26,0.146,15.83,21.32,0.066,1.11
40.0,2.0,0.7,2.5,4.5,0.6,14400,0.4,321,69.5,47.0,0.56,1.26,0.146,15.83,21.32,0.066,1.11
40.0,2.0,0.7,2.5,4.5,0.6,,0.4,314,68.2,45.8,0.59,1.26,0.146,15.74,20.68,0.066,1.11
40.0,2.0,1.0,2.5,3.0,0.8,14400,0.2,313,68.1,45.6,0.58,1.23,0.146,19.63,20.56,0.066,1.1
40.0,2.0,1.0,2.5,3.0,0.8,14400,0.4,313,68.1,45.6,0.58,1.23,0.146,19.63,20.56,0.066,1.1
40.0,2.0,1.0,2.5,4.5,0.6,14400,0.8,317,67.8,46.18,0.58,1.23,0.146,18.63,20.82,0.066,1.1
40.0,3.0,0.7,1.5,3.0,0.8,7200,0.2,284,78.9,41.35,0.33,1.25,0.146,15.0,18.63,0.066,1.11
40.0,3.0,0.7,1.5,3.0,0.8,7200,0.4,284,78.9,41.35,0.33,1.25,0.146,15.0,18.63,0.066,1.11
40.0,3.0,1.0,1.5,3.0,0.4,3600,0.4,274,76.6,39.94,0.37,1.21,0.146,17.3,18.02,0.066,1.09
40.0,3.0,1.0,1.5,4.5,0.4,2400,0.2,274,76.6,39.93,0.37,1.21,0.146,18.41,18.01,0.066,1.09
40.0,3.0,1.0,1.5,4.5,0.8,,0.4,273,76.2,39.86,0.38,1.2,0.146,17.7,18.02,0.066,1.09
40.0,3.0,1.0,2.5,4.5,0.8,7200,0.2,273,75.8,39.9,0.38,1.2,0.146,19.11,18.06,0.066,1.09
40.0,3.0,1.0,2.5,4.5,0.8,7200,0.4,273,75.8,39.9,0.38,1.2,0.146,19.11,18.06,0.066,1.09
40.0,4.0,0.7,1.5,3.0,0.6,,0.4,238,81.1,34.65,0.28,1.21,0.146,16.73,15.61,0.066,1.09
40.0,4.0,0.7,1.5,4.5,0.6,14400,0.2,248,82.3,36.32,0.26,1.23,0.146,16.35,16.48,0.066,1.1
40.0,4.0,0.7,1.5,4.5,0.6,14400,0.4,248,82.3,36.32,0.26,1.23,0.146,16.35,16.48,0.066,1.1
40.0,4.0,1.0,1.5,3.0,0.4,3600,0.2,238,81.1,34.73,0.28,1.19,0.146,19.49,15.69,0.066,1.09
40.0,4.0,1.0,1.5,4.5,0.6,7200,0.2,237,81.0,34.68,0.28,1.19,0.146,19.54,15.72,0.066,1.09
40.0,4.0,1.0,1.5,4.5,0.6,7200,0.4,237,81.0,34.68,0.28,1.19,0.146,19.54,15.72,0.066,1.09
40.0,4.0,1.0,2.5,3.0,0.4,2400,0.4,243,80.2,35.52,0.29,1.2,0.146,20.74,16.08,0.066,1.09
40.0,4.0,1.0,2.5,3.0,0.6,3600,0.4,239,80.8,34.78,0.28,1.19,0.146,21.04,15.67,0.066,1.09
40.0,4.0,1.0,2.5,3.0,0.6,7200,0.8,242,79.8,35.39,0.3,1.2,0.146,20.47,16.03,0.066,1.09
45.0,2.0,1.0,1.5,3.0,0.6,7200,0.8,241,68.9,35.3,0.56,1.25,0.146,16.63,16.02,0.066,1.11
45.0,3.0,0.7,2.5,4.5,0.8,,0.4,203,73.9,29.61,0.43,1.23,0.146,17.27,13.37,0.066,1.1
45.0,4.0,1.0,1.5,3.0,0.6,7200,0.8,179,79.9,26.1,0.3,1.2,0.146,19.61,11.78,0.066,1.09
45.0,4.0,1.0,2.5,4.5,0.6,1200,0.8,245,70.6,35.84,0.57,1.36,0.146,17.23,16.24,0.066,1.15
45.0,4.0,1.5,2.5,4.5,0.8,3600,0.8,196,75.5,28.65,0.4,1.22,0.146,20.28,12.97,0.066,1.1
45.0,5.0,0.7,1.5,3.0,0.8,3600,0.2,196,88.3,28.64,0.17,1.26,0.146,18.02,12.96,0.066,1.12
45.0,5.0,1.0,1.5,4.5,0.8,3600,0.8,197,80.2,28.75,0.3,1.23,0.146,18.77,12.99,0.066,1.1
50.0,2.0,0.7,1.5,4.5,0.8,14400,0.8,117,69.2,17.06,0.56,1.26,0.146,12.42,7.7,0.066,1.11
50.0,2.0,0.7,2.5,3.0,0.4,,0.4,114,67.5,16.63,0.6,1.25,0.146,9.73,7.51,0.066,1.11
50.0,2.0,1.0,2.5,4.5,0.4,,0.4,113,67.3,16.53,0.6,1.22,0.146,12.35,7.49,0.066,1.1
50.0,2.0,1.5,2.5,3.0,0.6,7200,0.8,117,65.8,17.03,0.64,1.23,0.146,13.7,7.67,0.066,1.1
50.0,2.0,1.5,2.5,4.5,0.4,2400,0.8,129,60.5,18.9,0.85,1.3,0.147,9.11,8.58,0.066,1.13
50.0,4.0,0.7,1.5,4.5,0.6,3600,0.2,105,84.8,15.35,0.23,1.25,0.146,13.11,6.95,0.066,1.11
50.0,4.0,0.7,2.5,3.0,0.4,3600,0.8,116,74.1,16.95,0.45,1.3,0.146,14.09,7.67,0.066,1.13
50.0,4.0,0.7,2.5,3.0,0.6,3600,0.2,105,84.8,15.32,0.23,1.25,0.146,13.25,6.92,0.066,1.11
50.0,4.0,0.7,2.5,3.0,0.8,1200,0.2,109,84.4,15.88,0.24,1.27,0.146,13.37,7.16,0.066,1.12
50.0,4.0,0.7,2.5,4.5,0.8,3600,0.4,105,84.8,15.35,0.23,1.25,0.146,12.99,6.95,0.066,1.11
50.0,4.0,1.0,1.5,4.5,0.6,14400,0.8,95,80.0,13.91,0.3,1.19,0.146,15.84,6.32,0.066,1.09
50.0,4.0,1.5,2.5,3.0,0.8,3600,0.8,107,73.8,15.6,0.43,1.22,0.146,18.38,7.04,0.066,1.1
50.0,4.0,1.5,2.5,4.5,0.8,1200,0.8,133,65.4,19.45,0.73,1.37,0.146,10.96,8.81,0.066,1.16
50.0,5.0,0.7,1.5,4.5,0.6,,0.4,89,83.1,12.96,0.24,1.2,0.146,14.98,5.84,0.066,1.09
50.0,5.0,0.7,2.5,3.0,0.4,14400,0.2,97,84.5,14.14,0.22,1.21,0.146,15.56,6.38,0.066,1.09
50.0,5.0,0.7,2.5,3.0,0.4,14400,0.4,97,84.5,14.14,0.22,1.21,0.146,15.56,6.38,0.066,1.09
50.0,5.0,0.7,2.5,4.5,0.4,3600,0.2,101,87.1,14.75,0.18,1.24,0.146,14.63,6.67,0.066,1.1
50.0,5.0,1.0,1.5,3.0,0.4,2400,0.2,92,83.7,13.41,0.23,1.18,0.146,17.12,6.05,0.066,1.08
50.0,5.0,1.0,1.5,3.0,0.4,14400,0.8,92,82.6,13.4,0.25,1.18,0.146,17.11,6.04,0.066,1.08
50.0,5.0,1.0,2.5,4.5,0.4,1200,0.2,92,83.7,13.47,0.23,1.18,0.146,16.45,6.11,0.066,1.08
50.0,5.0,1.0,2.5,4.5,0.4,7200,0.8,94,80.9,13.74,0.28,1.18,0.146,16.63,6.22,0.066,1.08
50.0,5.0,1.0,2.5,4.5,0.6,14400,0.8,91,82.4,13.24,0.25,1.18,0.145,16.97,5.96,0.066,1.08
55.0,2.0,1.5,2.5,3.0,0.4,1200,0.4,75,65.3,10.98,0.68,1.28,0.146,7.8,4.98,0.066,1.12
55.0,4.0,1.5,2.5,3.0,0.8,1200,0.4,67,74.6,9.8,0.42,1.24,0.146,8.0,4.44,0.066,1.11
40.0,2.0,0.7,2.5,3.0,0.4,14400,0.8,323,69.7,46.98,0.55,1.26,0.145,15.92,21.14,0.065,1.11
40.0,2.0,0.7,2.5,4.5,0.6,14400,0.8,321,69.5,46.56,0.55,1.26,0.145,16.07,20.88,0.065,1.11
40.0,3.0,0.7,1.5,4.5,0.8,7200,0.8,291,77.3,42.13,0.37,1.25,0.145,14.39,18.85,0.065,1.11
40.0,3.0,1.0,1.5,4.5,0.4,2400,0.4,277,76.2,40.06,0.38,1.21,0.145,18.41,17.9,0.065,1.09
40.0,3.0,1.0,1.5,4.5,0.8,14400,0.2,272,76.1,39.51,0.38,1.2,0.145,17.46,17.75,0.065,1.09
40.0,3.0,1.0,1.5,4.5,0.8,14400,0.4,272,76.1,39.51,0.38,1.2,0.145,17.46,17.75,0.065,1.09
40.0,4.0,0.7,1.5,4.5,0.4,7200,0.2,253,83.0,36.59,0.25,1.23,0.145,18.56,16.35,0.065,1.1
40.0,4.0,0.7,1.5,4.5,0.4,7200,0.4,253,83.0,36.59,0.25,1.23,0.145,18.56,16.35,0.065,1.1
40.0,4.0,0.7,1.5,4.5,0.6,14400,0.8,248,82.3,36.07,0.26,1.22,0.145,16.39,16.23,0.065,1.1
40.0,4.0,0.7,2.5,3.0,0.6,7200,0.2,252,82.9,36.42,0.25,1.23,0.145,18.85,16.26,0.065,1.1
40.0,4.0,0.7,2.5,3.0,0.6,7200,0.4,252,82.9,36.42,0.25,1.23,0.145,18.85,16.26,0.065,1.1
40.0,4.0,0.7,2.5,4.5,0.4,3600,0.2,261,84.3,37.74,0.23,1.24,0.145,19.45,16.86,0.065,1.1
40.0,4.0,1.0,1.5,4.5,0.4,3600,0.4,239,80.8,34.57,0.28,1.19,0.145,20.8,15.45,0.065,1.08
40.0,5.0,1.5,2.5,4.5,0.8,1200,0.8,329,69.3,47.54,0.6,1.35,0.144,16.99,21.22,0.065,1.15
45.0,2.0,0.7,2.5,3.0,0.6,1200,0.2,254,76.4,36.78,0.41,1.32,0.145,12.29,16.46,0.065,1.14
45.0,2.0,1.0,1.5,3.0,0.8,3600,0.4,233,70.4,33.76,0.52,1.24,0.145,14.1,15.12,0.065,1.11
45.0,2.0,1.5,2.5,4.5,0.6,1200,0.8,298,64.1,43.26,0.79,1.4,0.145,11.62,19.41,0.065,1.17
45.0,3.0,1.5,2.5,4.5,0.6,2400,0.4,208,74.5,30.15,0.41,1.2,0.145,18.87,13.51,0.065,1.09
45.0,4.0,0.7,1.5,3.0,0.4,2400,0.8,226,77.9,32.85,0.38,1.32,0.145,16.72,14.77,0.065,1.14
45.0,4.0,1.0,1.5,4.5,0.8,7200,0.8,179,79.9,25.87,0.3,1.2,0.145,20.17,11.55,0.065,1.09
45.0,4.0,1.0,2.5,3.0,0.6,1200,0.8,245,70.6,35.41,0.56,1.36,0.145,17.23,15.81,0.065,1.15
45.0,5.0,1.0,2.5,3.0,0.8,3600,0.8,197,80.2,28.59,0.3,1.23,0.145,18.89,12.83,0.065,1.1
50.0,2.0,0.7,2.5,3.0,0.4,14400,0.8,118,69.5,17.09,0.55,1.26,0.145,13.04,7.65,0.065,1.11
50.0,2.0,0.7,2.5,3.0,0.8,,0.4,112,67.0,16.24,0.62,1.25,0.145,9.98,7.28,0.065,1.11
50.0,3.0,0.7,2.5,3.0,0.8,7200,0.8,115,75.7,16.67,0.4,1.25,0.145,13.08,7.47,0.065,1.11
50.0,3.0,1.5,2.5,3.0,0.6,3600,0.4,106,74.5,15.33,0.41,1.19,0.145,12.37,6.85,0.065,1.08
50.0,3.0,1.5,2.5,4.5,0.6,14400,0.8,106,73.6,15.36,0.43,1.19,0.145,14.43,6.88,0.065,1.08
50.0,4.0,0.7,1.5,4.5,0.4,2400,0.2,106,84.9,15.33,0.22,1.25,0.145,13.06,6.85,0.065,1.11
50.0,4.0,0.7,1.5,4.5,0.6,1200,0.2,109,84.4,15.82,0.24,1.27,0.145,13.11,7.1,0.065,1.12
50.0,4.0,0.7,2.5,3.0,0.8,3600,0.2,105,84.8,15.23,0.23,1.25,0.145,13.37,6.83,0.065,1.11
50.0,4.0,0.7,2.5,4.5,0.4,1200,0.8,136,66.9,19.68,0.72,1.46,0.145,9.16,8.8,0.065,1.19
50.0,4.0,1.0,1.5,4.5,0.4,1200,0.2,98,80.6,14.26,0.29,1.2,0.146,15.75,6.42,0.065,1.09
50.0,4.0,1.0,1.5,4.5,0.8,2400,0.2,95,81.1,13.79,0.28,1.19,0.145,16.12,6.19,0.065,1.08
50.0,5.0,1.0,1.5,3.0,0.4,3600,0.2,92,83.7,13.32,0.23,1.18,0.145,17.12,5.96,0.065,1.08
50.0,5.0,1.0,1.5,4.5,0.8,,0.4,89,83.1,12.91,0.24,1.17,0.145,15.89,5.79,0.065,1.08
55.0,4.0,1.0,1.5,3.0,0.4,1200,0.4,68,75.0,9.85,0.41,1.24,0.145,8.0,4.41,0.065,1.1
55.0,4.0,1.0,1.5,4.5,0.8,1200,0.8,83,66.3,12.05,0.7,1.37,0.145,8.25,5.41,0.065,1.15
40.0,2.0,1.0,1.5,4.5,0.4,,0.4,316,68.4,45.4,0.57,1.23,0.144,16.94,20.11,0.064,1.1
40.0,2.0,1.5,2.5,3.0,0.8,2400,0.2,314,68.5,45.08,0.57,1.23,0.144,15.13,19.96,0.064,1.1
40.0,2.0,1.5,2.5,3.0,0.8,2400,0.4,321,67.9,46.29,0.58,1.24,0.144,13.98,20.61,0.064,1.1
40.0,3.0,0.7,2.5,4.5,0.6,3600,0.4,296,79.7,42.57,0.32,1.26,0.144,16.11,18.89,0.064,1.11
40.0,3.0,1.0,1.5,4.5,0.6,14400,0.8,274,76.3,39.51,0.37,1.2,0.144,17.77,17.59,0.064,1.09
40.0,3.0,1.0,2.5,3.0,0.6,3600,0.4,274,76.3,39.56,0.37,1.2,0.144,18.91,17.64,0.064,1.09
45.0,2.0,0.7,1.5,4.5,0.6,1200,0.2,254,76.4,36.58,0.41,1.32,0.144,12.15,16.26,0.064,1.14
45.0,2.0,1.0,1.5,3.0,0.8,1200,0.2,234,69.7,33.69,0.54,1.24,0.144,13.93,14.97,0.064,1.1
45.0,2.0,1.5,2.5,4.5,0.6,2400,0.8,265,64.9,38.15,0.7,1.3,0.144,14.42,16.95,0.064,1.12
45.0,3.0,0.7,2.5,3.0,0.8,2400,0.2,224,81.7,32.28,0.29,1.28,0.144,17.26,14.36,0.064,1.12
45.0,3.0,0.7,2.5,4.5,0.8,2400,0.4,230,81.7,33.22,0.29,1.29,0.144,17.26,14.82,0.064,1.13
45.0,4.0,1.0,1.5,3.0,0.6,2400,0.2,174,81.6,25.04,0.27,1.2,0.144,20.55,11.12,0.064,1.09
45.0,4.0,1.0,2.5,3.0,0.6,1200,0.2,176,81.2,25.41,0.28,1.2,0.144,20.09,11.33,0.064,1.09
45.0,4.0,1.0,2.5,4.5,0.6,2400,0.4,177,81.4,25.56,0.27,1.2,0.144,20.31,11.4,0.064,1.09
45.0,4.0,1.5,2.5,3.0,0.8,1200,0.8,244,70.5,35.25,0.57,1.35,0.144,17.35,15.73,0.064,1.15
45.0,5.0,0.7,1.5,4.5,0.8,2400,0.2,197,88.3,28.33,0.17,1.26,0.144,17.98,12.57,0.064,1.11
50.0,3.0,0.7,1.5,4.5,0.4,14400,0.8,110,76.4,15.8,0.38,1.24,0.144,10.86,7.0,0.064,1.1
50.0,4.0,1.0,2.5,3.0,0.6,1200,0.2,98,80.6,14.09,0.29,1.2,0.144,16.1,6.25,0.064,1.09
50.0,4.0,1.0,2.5,3.0,0.6,3600,0.2,95,81.1,13.66,0.28,1.19,0.144,16.1,6.06,0.064,1.08
50.0,5.0,1.0,1.5,3.0,0.6,14400,0.2,91,83.5,13.14,0.23,1.18,0.144,17.21,5.86,0.064,1.08
50.0,5.0,1.0,1.5,3.0,0.6,14400,0.4,91,83.5,13.14,0.23,1.18,0.144,17.21,5.86,0.064,1.08
50.0,5.0,1.0,2.5,3.0,0.4,7200,0.8,94,80.9,13.51,0.28,1.18,0.144,17.0,5.99,0.064,1.08
55.0,4.0,0.7,1.5,4.5,0.4,2400,0.8,74,78.4,10.62,0.36,1.3,0.144,8.02,4.7,0.064,1.13
55.0,4.0,1.0,2.5,4.5,0.6,2400,0.8,72,76.4,10.36,0.39,1.25,0.144,9.44,4.6,0.064,1.11
40.0,2.0,0.7,2.5,4.5,0.8,,0.4,311,67.8,44.35,0.59,1.25,0.143,17.27,19.47,0.063,1.11
40.0,2.0,1.5,2.5,4.5,0.6,1200,0.4,336,65.2,48.21,0.67,1.26,0.143,13.87,21.33,0.063,1.11
40.0,4.0,1.0,1.5,4.5,0.4,2400,0.2,238,81.1,34.09,0.28,1.19,0.143,19.54,15.05,0.063,1.08
40.0,5.0,1.5,2.5,3.0,0.8,1200,0.8,329,69.3,47.11,0.59,1.34,0.143,16.99,20.79,0.063,1.14
45.0,2.0,0.7,1.5,3.0,0.8,3600,0.8,262,71.0,37.59,0.55,1.34,0.143,9.59,16.63,0.063,1.14
45.0,2.0,1.5,2.5,3.0,0.6,1200,0.8,298,64.1,42.72,0.78,1.4,0.143,11.62,18.88,0.063,1.16
45.0,4.0,1.0,1.5,4.5,0.6,1200,0.8,245,70.6,35.09,0.56,1.35,0.143,17.11,15.49,0.063,1.15
45.0,4.0,1.5,2.5,3.0,0.8,3600,0.8,196,75.5,28.01,0.39,1.22,0.143,20.28,12.33,0.063,1.09
45.0,5.0,0.7,1.5,3.0,0.8,3600,0.4,197,88.3,28.09,0.17,1.25,0.143,18.72,12.33,0.063,1.11
45.0,5.0,0.7,1.5,4.5,0.8,2400,0.8,223,79.8,31.88,0.34,1.33,0.143,16.72,14.04,0.063,1.14
45.0,5.0,0.7,2.5,4.5,0.8,2400,0.2,197,88.3,28.27,0.17,1.26,0.144,18.14,12.51,0.063,1.11
50.0,2.0,0.7,2.5,4.5,0.4,7200,0.8,123,69.1,17.59,0.57,1.27,0.143,10.72,7.75,0.063,1.12
50.0,2.0,1.5,2.5,3.0,0.4,2400,0.8,129,60.5,18.51,0.84,1.29,0.143,9.16,8.18,0.063,1.12
50.0,4.0,0.7,1.5,3.0,0.8,1200,0.4,113,77.9,16.11,0.37,1.31,0.143,13.53,7.07,0.063,1.13
50.0,4.0,0.7,1.5,3.0,0.8,14400,0.8,101,81.2,14.42,0.28,1.22,0.143,13.16,6.34,0.063,1.1
50.0,4.0,0.7,1.5,4.5,0.6,14400,0.8,101,81.2,14.48,0.28,1.22,0.143,12.86,6.4,0.063,1.1
50.0,4.0,0.7,2.5,4.5,0.4,2400,0.8,118,73.7,16.89,0.47,1.32,0.143,14.01,7.45,0.063,1.13
50.0,4.0,1.0,1.5,3.0,0.6,2400,0.2,95,81.1,13.6,0.28,1.19,0.143,16.33,6.0,0.063,1.08
50.0,5.0,0.7,2.5,3.0,0.4,3600,0.2,101,87.1,14.43,0.18,1.23,0.143,15.01,6.35,0.063,1.1
50.0,5.0,1.0,1.5,4.5,0.4,1200,0.8,130,66.9,18.62,0.67,1.35,0.143,8.87,8.22,0.063,1.15
50.0,5.0,1.0,1.5,4.5,0.6,7200,0.2,91,83.5,13.02,0.23,1.17,0.143,17.01,5.74,0.063,1.08
50.0,5.0,1.0,1.5,4.5,0.6,7200,0.4,91,83.5,13.02,0.23,1.17,0.143,17.01,5.74,0.063,1.08
50.0,5.0,1.0,1.5,4.5,0.6,,0.4,89,83.1,12.72,0.24,1.17,0.143,16.42,5.6,0.063,1.07
50.0,5.0,1.5,2.5,3.0,0.8,1200,0.8,128,66.4,18.27,0.68,1.35,0.143,8.96,8.03,0.063,1.14
55.0,4.0,1.0,1.5,3.0,0.8,1200,0.8,83,66.3,11.83,0.69,1.36,0.143,8.25,5.19,0.063,1.15
55.0,4.0,1.0,2.5,3.0,0.6,2400,0.8,72,76.4,10.3,0.39,1.25,0.143,9.44,4.54,0.063,1.11
55.0,4.0,1.5,2.5,4.5,0.8,1200,0.8,83,66.3,11.85,0.69,1.36,0.143,8.25,5.21,0.063,1.15
40.0,2.0,0.7,2.5,3.0,0.6,,0.4,315,68.3,44.6,0.58,1.25,0.142,16.37,19.4,0.062,1.1
40.0,3.0,0.7,1.5,3.0,0.4,7200,0.8,294,77.2,41.89,0.37,1.24,0.142,15.55,18.37,0.062,1.1
40.0,3.0,0.7,1.5,4.5,0.6,7200,0.2,286,78.7,40.58,0.34,1.24,0.142,15.07,17.7,0.062,1.1
40.0,3.0,0.7,1.5,4.5,0.6,7200,0.4,286,78.7,40.58,0.34,1.24,0.142,15.07,17.7,0.062,1.1
40.0,3.0,1.0,1.5,3.0,0.4,2400,0.2,274,76.6,38.87,0.37,1.2,0.142,18.41,16.95,0.062,1.09
40.0,3.0,1.0,1.5,4.5,0.8,14400,0.8,272,76.1,38.76,0.38,1.2,0.142,17.46,17.0,0.062,1.08
40.0,4.0,0.7,1.5,3.0,0.8,7200,0.2,253,83.8,36.04,0.24,1.23,0.142,18.14,15.8,0.062,1.1
40.0,4.0,0.7,1.5,3.0,0.8,7200,0.4,253,83.8,36.04,0.24,1.23,0.142,18.14,15.8,0.062,1.1
40.0,4.0,1.0,2.5,4.5,0.8,3600,0.2,238,81.1,33.77,0.28,1.19,0.142,20.0,14.73,0.062,1.08
40.0,5.0,0.7,1.5,3.0,0.8,3600,0.2,245,87.8,34.82,0.17,1.24,0.142,22.68,15.22,0.062,1.1
40.0,5.0,0.7,1.5,4.5,0.4,2400,0.2,245,87.8,34.85,0.17,1.24,0.142,23.47,15.25,0.062,1.1
40.0,5.0,1.0,1.5,4.5,0.6,1200,0.4,242,81.0,34.26,0.28,1.21,0.142,28.98,14.9,0.062,1.09
40.0,5.0,1.0,2.5,4.5,0.6,1200,0.4,242,81.0,34.44,0.28,1.21,0.142,29.06,15.08,0.062,1.09
45.0,2.0,0.7,1.5,3.0,0.6,1200,0.2,254,76.4,36.05,0.41,1.31,0.142,12.15,15.73,0.062,1.13
45.0,2.0,0.7,2.5,4.5,0.4,1200,0.4,266,74.1,37.65,0.47,1.34,0.142,9.35,16.37,0.062,1.14
45.0,2.0,1.0,1.5,3.0,0.8,7200,0.8,241,68.9,34.11,0.56,1.24,0.142,16.23,14.84,0.062,1.1
45.0,2.0,1.0,1.5,4.5,0.4,1200,0.4,245,68.2,34.89,0.59,1.26,0.142,11.38,15.29,0.062,1.11
45.0,2.0,1.0,1.5,4.5,0.8,3600,0.2,232,69.8,32.83,0.53,1.23,0.142,16.29,14.27,0.062,1.1
45.0,3.0,0.7,1.5,3.0,0.8,2400,0.4,230,82.2,32.71,0.28,1.29,0.142,15.79,14.31,0.062,1.12
45.0,3.0,1.5,2.5,3.0,0.6,2400,0.4,208,74.5,29.62,0.41,1.2,0.142,18.87,12.98,0.062,1.08
45.0,5.0,0.7,1.5,4.5,0.8,1200,0.4,208,85.1,29.44,0.23,1.29,0.142,15.55,12.8,0.062,1.12
45.0,5.0,0.7,2.5,4.5,0.8,2400,0.8,223,79.8,31.75,0.33,1.32,0.142,16.67,13.91,0.062,1.14
45.0,5.0,1.0,1.5,3.0,0.8,3600,0.8,197,80.2,28.04,0.3,1.22,0.142,18.59,12.28,0.062,1.1
50.0,2.0,0.7,2.5,4.5,0.4,,0.4,113,67.3,16.05,0.61,1.25,0.142,10.43,7.01,0.062,1.1
50.0,2.0,1.0,2.5,3.0,0.6,,0.4,113,67.3,16.08,0.59,1.22,0.142,12.02,7.04,0.062,1.09
50.0,3.0,0.7,1.5,4.5,0.4,7200,0.8,115,76.5,16.35,0.38,1.25,0.142,11.98,7.15,0.062,1.11
50.0,3.0,1.5,2.5,4.5,0.6,1200,0.8,137,62.8,19.51,0.81,1.37,0.142,8.67,8.55,0.062,1.15
50.0,4.0,0.7,1.5,3.0,0.6,1200,0.4,113,77.9,16.1,0.37,1.31,0.142,13.48,7.06,0.062,1.13
50.0,4.0,0.7,2.5,3.0,0.4,1200,0.8,136,66.9,19.28,0.72,1.45,0.142,9.16,8.4,0.062,1.18
50.0,4.0,0.7,2.5,4.5,0.6,2400,0.2,105,84.8,14.87,0.22,1.25,0.142,12.87,6.47,0.062,1.11
50.0,4.0,1.0,1.5,3.0,0.6,14400,0.8,95,80.0,13.45,0.3,1.19,0.142,16.21,5.85,0.062,1.08
50.0,4.0,1.0,1.5,4.5,0.4,1200,0.8,134,65.7,18.97,0.71,1.37,0.142,10.87,8.25,0.062,1.15
50.0,4.0,1.0,1.5,4.5,0.6,3600,0.2,95,81.1,13.46,0.28,1.19,0.142,15.95,5.86,0.062,1.08
50.0,4.0,1.0,2.5,3.0,0.8,3600,0.2,95,81.1,13.5,0.28,1.19,0.142,16.34,5.9,0.062,1.08
50.0,5.0,1.0,2.5,3.0,0.4,1200,0.2,92,83.7,13.08,0.23,1.17,0.142,16.82,5.72,0.062,1.08
50.0,5.0,1.0,2.5,4.5,0.6,1200,0.8,130,66.9,18.42,0.67,1.35,0.142,9.04,8.02,0.062,1.14
50.0,5.0,1.0,2.5,4.5,0.8,2400,0.2,91,83.5,12.96,0.23,1.17,0.142,16.96,5.68,0.062,1.07
50.0,5.0,1.5,2.5,3.0,0.6,1200,0.4,96,78.1,13.66,0.33,1.19,0.142,16.14,5.98,0.062,1.08
55.0,2.0,1.5,2.5,4.5,0.4,1200,0.8,88,58.0,12.47,1.01,1.4,0.142,4.63,5.43,0.062,1.16
55.0,2.0,1.5,2.5,4.5,0.8,14400,0.8,70,65.7,9.92,0.63,1.21,0.142,10.33,4.32,0.062,1.09
55.0,4.0,0.7,1.5,3.0,0.4,2400,0.8,74,78.4,10.51,0.36,1.29,0.142,8.02,4.59,0.062,1.12
55.0,4.0,1.0,2.5,4.5,0.8,2400,0.8,72,76.4,10.2,0.38,1.24,0.142,9.68,4.44,0.062,1.1
40.0,2.0,1.0,2.5,3.0,0.6,14400,0.2,316,68.0,44.66,0.57,1.22,0.141,18.6,19.38,0.061,1.09
40.0,2.0,1.0,2.5,3.0,0.6,14400,0.4,316,68.0,44.66,0.57,1.22,0.141,18.6,19.38,0.061,1.09
40.0,2.0,1.0,2.5,3.0,0.8,14400,0.8,314,67.8,44.29,0.58,1.22,0.141,20.38,19.17,0.061,1.09
40.0,2.0,1.5,2.5,3.0,0.6,1200,0.4,336,65.2,47.38,0.67,1.25,0.141,14.25,20.5,0.061,1.1
40.0,3.0,0.7,1.5,4.5,0.4,3600,0.4,296,80.1,41.81,0.31,1.25,0.141,14.08,18.13,0.061,1.11
40.0,3.0,1.0,1.5,3.0,0.4,2400,0.4,277,76.2,39.01,0.38,1.21,0.141,18.41,16.85,0.061,1.09
40.0,4.0,0.7,1.5,3.0,0.4,7200,0.8,259,81.5,36.63,0.28,1.23,0.141,17.42,15.91,0.061,1.1
40.0,4.0,1.0,1.5,3.0,0.6,7200,0.2,237,81.0,33.51,0.28,1.19,0.141,19.69,14.55,0.061,1.08
40.0,4.0,1.0,1.5,3.0,0.6,7200,0.4,237,81.0,33.51,0.28,1.19,0.141,19.69,14.55,0.061,1.08
40.0,5.0,0.7,1.5,3.0,0.8,3600,0.4,246,87.8,34.79,0.17,1.24,0.141,22.71,15.11,0.061,1.1
40.0,5.0,1.0,2.5,3.0,0.6,1200,0.4,242,81.0,34.18,0.28,1.21,0.141,29.06,14.82,0.061,1.09
45.0,2.0,0.7,2.5,4.5,0.8,1200,0.2,254,76.4,35.8,0.41,1.31,0.141,11.45,15.48,0.061,1.13
45.0,2.0,1.0,1.5,3.0,0.4,1200,0.4,245,68.2,34.55,0.59,1.26,0.141,11.38,14.95,0.061,1.11
45.0,3.0,0.7,1.5,4.5,0.4,3600,0.8,239,74.9,33.63,0.44,1.3,0.141,15.46,14.51,0.061,1.12
45.0,3.0,0.7,2.5,4.5,0.6,1200,0.2,227,81.9,32.04,0.28,1.28,0.141,16.3,13.88,0.061,1.12
45.0,4.0,1.0,1.5,3.0,0.6,1200,0.8,245,70.6,34.66,0.56,1.35,0.141,17.11,15.06,0.061,1.14
45.0,4.0,1.0,2.5,3.0,0.6,2400,0.4,177,81.4,25.01,0.27,1.2,0.141,20.31,10.85,0.061,1.08
50.0,2.0,0.7,2.5,3.0,0.4,7200,0.8,123,69.1,17.36,0.57,1.27,0.141,10.72,7.52,0.061,1.11
50.0,2.0,0.7,2.5,4.5,0.6,14400,0.8,117,69.2,16.54,0.56,1.26,0.141,13.36,7.18,0.061,1.11
50.0,3.0,0.7,1.5,3.0,0.4,14400,0.8,110,76.4,15.56,0.38,1.23,0.141,10.86,6.76,0.061,1.1
50.0,3.0,0.7,1.5,4.5,0.8,14400,0.2,109,76.1,15.39,0.38,1.22,0.141,13.08,6.67,0.061,1.09
50.0,3.0,0.7,1.5,4.5,0.8,14400,0.4,109,76.1,15.39,0.38,1.22,0.141,13.08,6.67,0.061,1.09
50.0,3.0,1.5,2.5,3.0,0.8,3600,0.4,105,74.3,14.76,0.41,1.18,0.141,12.25,6.36,0.061,1.08
50.0,3.0,1.5,2.5,4.5,0.4,2400,0.2,107,73.8,15.07,0.42,1.18,0.141,14.62,6.51,0.061,1.08
50.0,3.0,1.5,2.5,4.5,0.4,2400,0.4,110,72.7,15.52,0.45,1.19,0.141,11.04,6.72,0.061,1.08
50.0,3.0,1.5,2.5,4.5,0.4,2400,0.8,124,65.3,17.45,0.66,1.25,0.141,11.11,7.53,0.061,1.1
50.0,3.0,1.5,2.5,4.5,0.4,3600,0.2,107,73.8,15.12,0.42,1.18,0.141,14.62,6.56,0.061,1.08
50.0,4.0,0.7,1.5,3.0,0.4,2400,0.2,106,84.9,14.93,0.22,1.25,0.141,13.43,6.45,0.061,1.1
50.0,4.0,0.7,1.5,4.5,0.6,3600,0.4,105,84.8,14.82,0.22,1.25,0.141,13.11,6.42,0.061,1.1
50.0,4.0,0.7,1.5,4.5,0.8,3600,0.2,105,84.8,14.8,0.22,1.25,0.141,13.16,6.4,0.061,1.1
50.0,4.0,0.7,2.5,3.0,0.6,3600,0.4,105,84.8,14.79,0.22,1.25,0.141,13.25,6.39,0.061,1.1
50.0,4.0,1.0,1.5,3.0,0.4,1200,0.2,98,80.6,13.86,0.29,1.19,0.141,16.12,6.02,0.061,1.08
50.0,4.0,1.0,1.5,4.5,0.4,1200,0.4,104,75.0,14.66,0.41,1.22,0.141,15.75,6.34,0.061,1.09
50.0,4.0,1.0,2.5,3.0,0.8,1200,0.2,98,80.6,13.86,0.29,1.19,0.141,16.34,6.02,0.061,1.08
50.0,4.0,1.0,2.5,4.5,0.6,3600,0.4,95,81.1,13.43,0.28,1.19,0.141,15.72,5.83,0.061,1.08
50.0,4.0,1.5,2.5,3.0,0.8,1200,0.8,133,65.4,18.79,0.72,1.36,0.141,10.96,8.14,0.061,1.15
50.0,5.0,0.7,2.5,4.5,0.4,3600,0.4,101,87.1,14.22,0.18,1.23,0.141,14.63,6.14,0.061,1.1
50.0,5.0,1.0,1.5,4.5,0.8,7200,0.2,91,83.5,12.84,0.23,1.17,0.141,17.21,5.55,0.061,1.07
50.0,5.0,1.0,1.5,4.5,0.8,7200,0.4,91,83.5,12.84,0.23,1.17,0.141,17.21,5.55,0.061,1.07
55.0,3.0,1.0,2.5,4.5,0.4,1200,0.8,83,63.9,11.7,0.77,1.37,0.141,6.25,5.06,0.061,1.15
55.0,3.0,1.5,2.5,4.5,0.6,1200,0.4,71,71.8,10.01,0.49,1.25,0.141,9.78,4.33,0.061,1.1
55.0,4.0,1.0,1.5,3.0,0.6,1200,0.8,83,66.3,11.66,0.69,1.36,0.14,8.25,5.02,0.061,1.14
55.0,4.0,1.0,1.5,4.5,0.6,1200,0.8,83,66.3,11.73,0.69,1.36,0.141,8.25,5.09,0.061,1.15
55.0,4.0,1.0,1.5,4.5,0.6,2400,0.8,72,76.4,10.12,0.38,1.24,0.141,9.32,4.36,0.061,1.1
55.0,4.0,1.0,1.5,4.5,0.8,1200,0.4,68,75.0,9.58,0.41,1.23,0.141,8.0,4.14,0.061,1.1
40.0,3.0,0.7,2.5,3.0,0.6,3600,0.4,296,79.7,41.56,0.32,1.25,0.14,16.11,17.88,0.06,1.1
40.0,3.0,1.0,1.5,3.0,0.6,14400,0.2,274,76.3,38.45,0.37,1.2,0.14,17.78,16.53,0.06,1.08
40.0,3.0,1.0,1.5,3.0,0.6,14400,0.4,274,76.3,38.45,0.37,1.2,0.14,17.78,16.53,0.06,1.08
40.0,3.0,1.0,1.5,3.0,0.8,,0.4,274,76.3,38.23,0.37,1.2,0.14,17.7,16.31,0.06,1.08
40.0,3.0,1.0,1.5,4.5,0.4,3600,0.2,274,76.3,38.25,0.37,1.2,0.14,17.3,16.33,0.06,1.08
40.0,3.0,1.0,1.5,4.5,0.4,7200,0.8,279,75.3,39.16,0.39,1.2,0.14,17.3,16.84,0.06,1.08
40.0,4.0,0.7,1.5,3.0,0.6,14400,0.2,248,82.3,34.81,0.26,1.22,0.14,16.73,14.98,0.06,1.09
40.0,4.0,0.7,1.5,3.0,0.6,14400,0.4,248,82.3,34.81,0.26,1.22,0.14,16.73,14.98,0.06,1.09
40.0,4.0,0.7,2.5,3.0,0.4,3600,0.2,261,84.3,36.62,0.23,1.23,0.14,19.45,15.74,0.06,1.1
40.0,4.0,0.7,2.5,4.5,0.4,3600,0.4,262,84.0,36.58,0.23,1.23,0.14,19.47,15.62,0.06,1.1
40.0,4.0,1.0,1.5,3.0,0.4,2400,0.2,238,81.1,33.38,0.28,1.19,0.14,19.53,14.34,0.06,1.08
40.0,4.0,1.0,1.5,3.0,0.4,3600,0.4,239,80.8,33.47,0.28,1.19,0.14,20.8,14.35,0.06,1.08
40.0,4.0,1.0,1.5,3.0,0.4,7200,0.8,243,79.8,34.0,0.3,1.19,0.14,21.17,14.56,0.06,1.08
40.0,4.0,1.0,2.5,4.5,0.6,2400,0.2,238,81.1,33.41,0.28,1.19,0.14,19.8,14.37,0.06,1.08
40.0,5.0,1.0,1.5,3.0,0.6,1200,0.4,242,81.0,34.0,0.28,1.21,0.14,28.98,14.64,0.06,1.09
45.0,2.0,0.7,1.5,4.5,0.8,1200,0.2,254,76.4,35.5,0.4,1.31,0.14,11.46,15.18,0.06,1.13
45.0,2.0,0.7,2.5,3.0,0.4,1200,0.4,266,74.1,37.31,0.47,1.34,0.14,9.35,16.03,0.06,1.14
45.0,2.0,1.5,2.5,3.0,0.6,2400,0.8,265,64.9,37.01,0.7,1.29,0.14,14.42,15.8,0.06,1.12
45.0,3.0,0.7,1.5,3.0,0.4,3600,0.8,239,74.9,33.36,0.43,1.3,0.14,15.46,14.24,0.06,1.12
45.0,3.0,0.7,2.5,3.0,0.8,2400,0.4,230,81.7,32.18,0.29,1.28,0.14,17.26,13.77,0.06,1.12
45.0,3.0,0.7,2.5,3.0,0.8,,0.4,204,74.0,28.6,0.43,1.22,0.14,17.1,12.28,0.06,1.09
45.0,4.0,1.0,2.5,4.5,0.8,3600,0.2,174,81.6,24.28,0.27,1.19,0.14,19.89,10.36,0.06,1.08
45.0,5.0,0.7,2.5,4.5,0.8,1200,0.4,208,85.1,29.16,0.23,1.29,0.14,15.38,12.52,0.06,1.12
50.0,2.0,1.0,2.5,3.0,0.8,14400,0.8,114,65.8,15.91,0.63,1.21,0.14,14.7,6.79,0.06,1.09
50.0,3.0,0.7,1.5,3.0,0.4,7200,0.8,115,76.5,16.11,0.38,1.25,0.14,12.36,6.91,0.06,1.1
50.0,3.0,1.5,2.5,3.0,0.6,14400,0.8,106,73.6,14.88,0.42,1.18,0.14,14.43,6.4,0.06,1.08
50.0,4.0,0.7,1.5,3.0,0.6,1200,0.2,109,84.4,15.29,0.23,1.26,0.14,13.48,6.57,0.06,1.11
50.0,4.0,0.7,1.5,3.0,0.6,3600,0.2,105,84.8,14.72,0.22,1.24,0.14,13.48,6.32,0.06,1.1
50.0,4.0,0.7,1.5,3.0,0.8,1200,0.2,109,84.4,15.3,0.23,1.26,0.14,13.53,6.58,0.06,1.11
50.0,4.0,0.7,2.5,3.0,0.4,2400,0.8,118,73.7,16.5,0.47,1.31,0.14,14.38,7.06,0.06,1.13
50.0,4.0,0.7,2.5,3.0,0.8,3600,0.4,105,84.8,14.7,0.22,1.24,0.14,13.37,6.29,0.06,1.1
50.0,4.0,1.0,2.5,4.5,0.6,1200,0.8,134,65.7,18.73,0.71,1.36,0.14,11.04,8.01,0.06,1.14
50.0,4.0,1.0,2.5,4.5,0.8,3600,0.4,95,81.1,13.3,0.28,1.18,0.14,15.96,5.7,0.06,1.08
50.0,5.0,1.0,1.5,3.0,0.4,1200,0.8,130,66.9,18.23,0.66,1.35,0.14,8.87,7.83,0.06,1.14
50.0,5.0,1.0,2.5,3.0,0.6,2400,0.2,91,83.5,12.71,0.23,1.17,0.14,17.1,5.43,0.06,1.07
50.0,5.0,1.0,2.5,3.0,0.6,14400,0.8,91,82.4,12.78,0.25,1.17,0.14,17.34,5.5,0.06,1.07
55.0,2.0,1.5,2.5,3.0,0.4,1200,0.8,88,58.0,12.35,1.01,1.39,0.14,4.63,5.31,0.06,1.15
55.0,3.0,1.0,2.5,3.0,0.4,1200,0.8,83,63.9,11.58,0.77,1.36,0.14,6.25,4.94,0.06,1.14
55.0,3.0,1.5,2.5,3.0,0.6,1200,0.4,71,71.8,9.94,0.49,1.25,0.14,9.78,4.26,0.06,1.1
55.0,4.0,1.0,1.5,3.0,0.6,2400,0.8,72,76.4,10.05,0.38,1.24,0.14,9.32,4.3,0.06,1.1
55.0,4.0,1.0,2.5,3.0,0.8,2400,0.8,72,76.4,10.09,0.38,1.24,0.14,9.68,4.33,0.06,1.1
55.0,4.0,1.5,2.5,3.0,0.8,1200,0.8,83,66.3,11.63,0.69,1.36,0.14,8.25,4.99,0.06,1.14
40.0,2.0,0.7,1.5,4.5,0.8,14400,0.2,318,69.5,44.28,0.55,1.25,0.139,18.35,18.84,0.059,1.1
40.0,2.0,0.7,1.5,4.5,0.8,14400,0.4,318,69.5,44.28,0.55,1.25,0.139,18.35,18.84,0.059,1.1
40.0,2.0,1.0,1.5,4.5,0.4,14400,0.2,318,68.2,44.07,0.57,1.22,0.139,18.15,18.63,0.059,1.09
40.0,2.0,1.0,1.5,4.5,0.4,14400,0.4,318,68.2,44.07,0.57,1.22,0.139,18.15,18.63,0.059,1.09
40.0,2.0,1.0,2.5,3.0,0.8,,0.4,312,67.9,43.41,0.57,1.22,0.139,19.18,18.45,0.059,1.09
40.0,2.0,1.5,2.5,4.5,0.8,1200,0.2,314,68.5,43.75,0.56,1.22,0.139,15.13,18.63,0.059,1.09
40.0,3.0,0.7,2.5,4.5,0.8,3600,0.4,296,79.7,41.18,0.32,1.25,0.139,16.4,17.5,0.059,1.1
40.0,4.0,0.7,1.5,3.0,0.6,14400,0.8,248,82.3,34.57,0.26,1.21,0.139,16.86,14.73,0.059,1.09
40.0,5.0,0.7,1.5,3.0,0.4,2400,0.2,245,87.8,34.13,0.17,1.23,0.139,23.47,14.53,0.059,1.1
45.0,3.0,0.7,2.5,3.0,0.6,1200,0.2,227,81.9,31.62,0.28,1.28,0.139,16.3,13.46,0.059,1.12
45.0,4.0,1.0,1.5,4.5,0.6,1200,0.2,176,81.2,24.42,0.27,1.19,0.139,20.33,10.34,0.059,1.08
45.0,5.0,0.7,1.5,3.0,0.8,1200,0.4,208,85.1,28.99,0.23,1.29,0.139,15.55,12.35,0.059,1.12
50.0,3.0,0.7,1.5,4.5,0.6,14400,0.8,109,76.1,15.19,0.39,1.23,0.139,11.21,6.47,0.059,1.09
50.0,3.0,1.5,2.5,3.0,0.6,1200,0.8,137,62.8,18.98,0.81,1.36,0.139,8.67,8.02,0.059,1.14
50.0,3.0,1.5,2.5,4.5,0.8,14400,0.2,105,73.3,14.64,0.43,1.17,0.139,16.39,6.24,0.059,1.07
50.0,3.0,1.5,2.5,4.5,0.8,14400,0.4,105,73.3,14.64,0.43,1.17,0.139,16.39,6.24,0.059,1.07
50.0,4.0,0.7,1.5,3.0,0.6,14400,0.8,101,81.2,14.01,0.28,1.22,0.139,13.23,5.93,0.059,1.09
50.0,4.0,1.0,1.5,3.0,0.4,1200,0.8,134,65.7,18.58,0.71,1.36,0.139,10.87,7.86,0.059,1.14
50.0,5.0,1.0,1.5,4.5,0.4,3600,0.4,92,83.7,12.77,0.23,1.17,0.139,16.75,5.41,0.059,1.07
40.0,2.0,0.7,1.5,4.5,0.8,14400,0.8,318,69.5,43.85,0.55,1.25,0.138,18.6,18.41,0.058,1.1
40.0,2.0,0.7,2.5,3.0,0.6,14400,0.2,321,69.5,44.29,0.55,1.25,0.138,16.55,18.61,0.058,1.1
40.0,2.0,0.7,2.5,3.0,0.6,14400,0.4,321,69.5,44.29,0.55,1.25,0.138,16.55,18.61,0.058,1.1
40.0,3.0,0.7,1.5,3.0,0.8,7200,0.8,292,77.4,40.32,0.36,1.24,0.138,14.77,16.96,0.058,1.1
40.0,3.0,0.7,2.5,4.5,0.4,2400,0.2,300,80.3,41.25,0.3,1.25,0.138,15.74,17.25,0.058,1.1
40.0,3.0,1.0,1.5,3.0,0.6,14400,0.8,274,76.3,37.7,0.37,1.19,0.138,17.78,15.78,0.058,1.08
40.0,3.0,1.0,2.5,3.0,0.8,7200,0.2,274,75.9,37.93,0.38,1.19,0.138,19.11,16.01,0.058,1.08
40.0,3.0,1.0,2.5,3.0,0.8,7200,0.4,274,75.9,37.93,0.38,1.19,0.138,19.11,16.01,0.058,1.08
40.0,3.0,1.0,2.5,4.5,0.6,7200,0.8,279,74.9,38.43,0.4,1.19,0.138,18.67,16.11,0.058,1.08
40.0,3.0,1.0,2.5,4.5,0.8,3600,0.4,274,76.3,37.68,0.37,1.19,0.138,19.7,15.76,0.058,1.08
40.0,3.0,1.5,2.5,4.5,0.6,3600,0.8,304,70.4,42.05,0.51,1.22,0.138,23.14,17.73,0.058,1.09
40.0,4.0,0.7,1.5,3.0,0.4,7200,0.2,253,83.0,34.9,0.25,1.22,0.138,18.56,14.67,0.058,1.09
40.0,4.0,0.7,1.5,3.0,0.4,7200,0.4,253,83.0,34.9,0.25,1.22,0.138,18.56,14.67,0.058,1.09
40.0,4.0,1.0,2.5,3.0,0.6,2400,0.2,238,81.1,32.92,0.28,1.18,0.138,19.74,13.88,0.058,1.08
40.0,5.0,0.7,2.5,4.5,0.6,2400,0.2,245,87.8,33.89,0.17,1.23,0.138,23.89,14.29,0.058,1.1
45.0,2.0,0.7,2.5,3.0,0.8,1200,0.2,254,76.4,35.08,0.4,1.3,0.138,11.66,14.76,0.058,1.12
45.0,3.0,0.7,1.5,4.5,0.6,1200,0.2,227,81.9,31.41,0.28,1.28,0.138,16.3,13.25,0.058,1.11
45.0,3.0,1.5,2.5,4.5,0.8,14400,0.2,203,73.9,27.93,0.42,1.18,0.138,19.48,11.69,0.058,1.07
45.0,3.0,1.5,2.5,4.5,0.8,14400,0.4,203,73.9,27.93,0.42,1.18,0.138,19.48,11.69,0.058,1.07
45.0,4.0,0.7,2.5,4.5,0.6,2400,0.8,225,77.8,31.08,0.37,1.31,0.138,17.01,13.08,0.058,1.12
45.0,5.0,0.7,1.5,3.0,0.8,2400,0.2,197,88.3,27.27,0.16,1.25,0.138,17.98,11.51,0.058,1.1
45.0,5.0,0.7,1.5,3.0,0.8,2400,0.8,223,79.8,30.82,0.33,1.32,0.138,16.72,12.98,0.058,1.13
45.0,5.0,0.7,2.5,3.0,0.8,1200,0.4,208,85.1,28.71,0.22,1.28,0.138,15.38,12.07,0.058,1.12
45.0,5.0,0.7,2.5,3.0,0.8,2400,0.2,197,88.3,27.2,0.16,1.25,0.138,18.14,11.44,0.058,1.1
45.0,5.0,0.7,2.5,3.0,0.8,2400,0.8,223,79.8,30.68,0.33,1.31,0.138,16.67,12.85,0.058,1.13
50.0,2.0,0.7,2.5,3.0,0.6,,0.4,113,67.3,15.6,0.6,1.24,0.138,10.39,6.56,0.058,1.1
50.0,2.0,1.5,2.5,4.5,0.4,1200,0.4,122,63.9,16.88,0.71,1.26,0.138,9.08,7.12,0.058,1.1
50.0,2.0,1.5,2.5,4.5,0.6,1200,0.4,121,63.6,16.67,0.72,1.25,0.138,9.01,6.99,0.058,1.1
50.0,3.0,0.7,2.5,3.0,0.4,,0.4,107,73.8,14.74,0.43,1.21,0.138,9.88,6.18,0.058,1.08
50.0,3.0,0.7,2.5,4.5,0.6,7200,0.8,114,76.3,15.77,0.38,1.24,0.138,12.38,6.65,0.058,1.1
50.0,3.0,1.5,2.5,3.0,0.4,2400,0.8,124,65.3,17.06,0.66,1.24,0.138,11.11,7.14,0.058,1.1
50.0,3.0,1.5,2.5,3.0,0.4,3600,0.2,107,73.8,14.8,0.42,1.18,0.138,14.62,6.24,0.058,1.07
50.0,4.0,1.0,2.5,4.5,0.6,1200,0.4,104,75.0,14.4,0.41,1.22,0.138,15.72,6.08,0.058,1.09
50.0,5.0,0.7,2.5,3.0,0.4,3600,0.4,101,87.1,13.9,0.18,1.22,0.138,15.01,5.82,0.058,1.09
50.0,5.0,0.7,2.5,4.5,0.4,1200,0.2,103,87.4,14.21,0.18,1.24,0.138,14.63,5.97,0.058,1.1
50.0,5.0,0.7,2.5,4.5,0.4,14400,0.8,97,83.5,13.37,0.24,1.2,0.138,15.19,5.61,0.058,1.08
50.0,5.0,1.0,1.5,3.0,0.6,7200,0.2,91,83.5,12.53,0.23,1.17,0.138,17.39,5.24,0.058,1.07
50.0,5.0,1.0,1.5,3.0,0.6,7200,0.4,91,83.5,12.53,0.23,1.17,0.138,17.39,5.24,0.058,1.07
50.0,5.0,1.0,2.5,3.0,0.6,1200,0.8,130,66.9,17.89,0.66,1.34,0.138,9.04,7.49,0.058,1.13
50.0,5.0,1.0,2.5,4.5,0.8,1200,0.8,130,66.9,17.99,0.66,1.34,0.138,9.16,7.59,0.058,1.13
55.0,3.0,1.0,1.5,4.5,0.4,1200,0.8,83,63.9,11.43,0.77,1.36,0.138,6.25,4.79,0.058,1.14
55.0,3.0,1.5,2.5,4.5,0.8,1200,0.8,83,63.9,11.45,0.77,1.36,0.138,6.25,4.81,0.058,1.14
55.0,4.0,1.0,1.5,3.0,0.8,1200,0.4,68,75.0,9.36,0.41,1.23,0.138,8.0,3.92,0.058,1.09
55.0,4.0,1.0,1.5,4.5,0.8,2400,0.8,72,76.4,9.97,0.38,1.24,0.138,9.49,4.21,0.058,1.1
40.0,2.0,0.7,2.5,3.0,0.6,14400,0.8,321,69.5,43.86,0.55,1.25,0.137,16.79,18.18,0.057,1.1
40.0,2.0,1.0,1.5,3.0,0.4,,0.4,317,68.5,43.52,0.56,1.22,0.137,17.61,18.16,0.057,1.09
40.0,2.0,1.0,2.5,3.0,0.6,14400,0.8,317,67.8,43.48,0.58,1.21,0.137,19.35,18.12,0.057,1.09
40.0,2.0,1.0,2.5,4.5,0.4,3600,0.2,318,68.2,43.45,0.57,1.22,0.137,18.0,18.01,0.057,1.09
40.0,2.0,1.0,2.5,4.5,0.4,3600,0.4,318,67.9,43.47,0.57,1.22,0.137,16.72,18.03,0.057,1.09
40.0,2.0,1.0,2.5,4.5,0.4,7200,0.8,328,67.4,44.95,0.59,1.22,0.137,19.32,18.71,0.057,1.09
40.0,2.0,1.5,2.5,4.5,0.6,2400,0.8,370,64.6,50.62,0.7,1.28,0.137,11.05,21.02,0.057,1.11
40.0,3.0,0.7,1.5,3.0,0.4,3600,0.4,296,80.1,40.4,0.31,1.24,0.136,14.08,16.73,0.057,1.1
40.0,3.0,0.7,1.5,3.0,0.6,7200,0.2,286,78.7,39.23,0.33,1.23,0.137,15.07,16.35,0.057,1.09
40.0,3.0,0.7,1.5,3.0,0.6,7200,0.4,286,78.7,39.23,0.33,1.23,0.137,15.07,16.35,0.057,1.09
40.0,3.0,0.7,2.5,4.5,0.6,3600,0.2,296,79.7,40.59,0.32,1.24,0.137,16.11,16.92,0.057,1.1
40.0,3.0,1.0,1.5,4.5,0.6,7200,0.2,274,76.3,37.62,0.37,1.19,0.137,18.27,15.7,0.057,1.08
40.0,3.0,1.0,1.5,4.5,0.6,7200,0.4,274,76.3,37.62,0.37,1.19,0.137,18.27,15.7,0.057,1.08
40.0,3.0,1.0,2.5,4.5,0.6,2400,0.2,274,76.3,37.62,0.37,1.19,0.137,19.8,15.71,0.057,1.08
40.0,3.0,1.0,2.5,4.5,0.6,3600,0.2,274,75.9,37.47,0.38,1.19,0.137,18.9,15.55,0.057,1.08
40.0,5.0,0.7,2.5,4.5,0.4,2400,0.4,248,86.7,33.99,0.19,1.23,0.137,25.16,14.15,0.057,1.1
45.0,2.0,0.7,1.5,3.0,0.8,1200,0.2,254,76.4,34.78,0.4,1.3,0.137,11.66,14.46,0.057,1.12
45.0,3.0,1.5,2.5,4.5,0.8,14400,0.8,203,73.9,27.81,0.42,1.18,0.137,19.6,11.57,0.057,1.07
45.0,4.0,1.0,1.5,3.0,0.8,7200,0.8,179,79.9,24.44,0.3,1.19,0.137,20.17,10.11,0.057,1.08
45.0,4.0,1.0,1.5,4.5,0.6,3600,0.4,175,81.1,23.89,0.28,1.19,0.137,19.9,9.89,0.057,1.08
45.0,4.0,1.0,2.5,4.5,0.4,1200,0.4,188,78.2,25.81,0.34,1.21,0.137,19.67,10.77,0.057,1.08
45.0,5.0,0.7,1.5,4.5,0.8,2400,0.4,199,88.4,27.23,0.16,1.25,0.137,18.74,11.31,0.057,1.1
45.0,5.0,0.7,2.5,4.5,0.8,2400,0.4,199,88.4,27.16,0.16,1.25,0.136,18.9,11.24,0.057,1.1
50.0,2.0,0.7,2.5,3.0,0.6,14400,0.8,117,69.2,16.07,0.55,1.25,0.137,13.36,6.71,0.057,1.1
50.0,2.0,0.7,2.5,4.5,0.8,7200,0.8,123,68.3,16.82,0.59,1.26,0.137,11.02,6.98,0.057,1.1
50.0,2.0,1.5,2.5,4.5,0.6,2400,0.8,128,60.2,17.48,0.84,1.27,0.137,9.75,7.24,0.057,1.11
50.0,2.0,1.5,2.5,4.5,0.6,3600,0.8,124,61.3,17.02,0.79,1.25,0.137,9.37,7.1,0.057,1.1
50.0,3.0,1.5,2.5,3.0,0.4,2400,0.2,107,73.8,14.68,0.42,1.17,0.137,14.62,6.12,0.057,1.07
50.0,3.0,1.5,2.5,3.0,0.4,2400,0.4,110,72.7,15.12,0.44,1.19,0.137,11.04,6.32,0.057,1.08
50.0,4.0,1.0,1.5,3.0,0.4,1200,0.4,104,75.0,14.27,0.41,1.22,0.137,16.12,5.95,0.057,1.09
50.0,4.0,1.0,1.5,3.0,0.8,2400,0.2,95,81.1,13.01,0.28,1.18,0.137,16.5,5.41,0.057,1.07
50.0,4.0,1.0,2.5,4.5,0.8,1200,0.8,134,65.7,18.3,0.71,1.35,0.137,11.16,7.58,0.057,1.14
55.0,2.0,1.5,2.5,3.0,0.8,14400,0.8,70,65.7,9.59,0.63,1.21,0.137,10.71,3.99,0.057,1.08
55.0,3.0,1.0,1.5,4.5,0.8,1200,0.8,83,63.9,11.34,0.77,1.36,0.137,6.25,4.7,0.057,1.14
55.0,4.0,1.0,1.5,3.0,0.8,2400,0.8,72,76.4,9.86,0.38,1.24,0.137,9.49,4.1,0.057,1.1
55.0,4.0,1.0,2.5,4.5,0.8,1200,0.8,83,66.3,11.39,0.69,1.35,0.137,8.25,4.75,0.057,1.14
55.0,5.0,1.5,2.5,3.0,0.4,7200,0.2,59,83.1,8.06,0.24,1.16,0.137,11.23,3.34,0.057,1.07
55.0,5.0,1.5,2.5,3.0,0.4,7200,0.4,59,83.1,8.06,0.24,1.16,0.137,11.23,3.34,0.057,1.07
55.0,5.0,1.5,2.5,3.0,0.4,14400,0.2,59,83.1,8.06,0.24,1.16,0.137,11.23,3.34,0.057,1.07
55.0,5.0,1.5,2.5,3.0,0.4,14400,0.4,59,83.1,8.06,0.24,1.16,0.137,11.23,3.34,0.057,1.07
55.0,5.0,1.5,2.5,3.0,0.4,14400,0.8,59,83.1,8.06,0.24,1.16,0.137,11.23,3.34,0.057,1.07
55.0,5.0,1.5,2.5,4.5,0.4,2400,0.2,59,83.1,8.06,0.24,1.16,0.137,11.23,3.34,0.057,1.07
55.0,5.0,1.5,2.5,4.5,0.4,3600,0.2,59,83.1,8.05,0.24,1.16,0.136,11.23,3.33,0.057,1.07
55.0,5.0,1.5,2.5,4.5,0.4,3600,0.4,59,83.1,8.05,0.24,1.16,0.136,11.23,3.33,0.057,1.07
55.0,5.0,1.5,2.5,4.5,0.4,7200,0.2,59,83.1,8.1,0.24,1.16,0.137,11.23,3.38,0.057,1.07
55.0,5.0,1.5,2.5,4.5,0.4,7200,0.4,59,83.1,8.1,0.24,1.16,0.137,11.23,3.38,0.057,1.07
55.0,5.0,1.5,2.5,4.5,0.4,14400,0.2,59,83.1,8.1,0.24,1.16,0.137,11.23,3.38,0.057,1.07
55.0,5.0,1.5,2.5,4.5,0.4,14400,0.4,59,83.1,8.1,0.24,1.16,0.137,11.23,3.38,0.057,1.07
55.0,5.0,1.5,2.5,4.5,0.4,14400,0.8,59,83.1,8.1,0.24,1.16,0.137,11.23,3.38,0.057,1.07
40.0,2.0,1.0,2.5,4.5,0.4,2400,0.2,318,68.6,43.12,0.56,1.22,0.136,16.7,17.68,0.056,1.08
40.0,2.0,1.5,2.5,3.0,0.8,1200,0.2,314,68.5,42.71,0.56,1.22,0.136,15.5,17.59,0.056,1.09
40.0,3.0,1.0,2.5,4.5,0.6,2400,0.4,277,75.8,37.77,0.38,1.2,0.136,19.8,15.61,0.056,1.08
40.0,4.0,1.0,2.5,4.5,0.8,3600,0.4,239,80.8,32.57,0.28,1.18,0.136,21.25,13.45,0.056,1.07
40.0,5.0,0.7,2.5,3.0,0.6,2400,0.2,245,87.8,33.34,0.17,1.23,0.136,23.89,13.74,0.056,1.09
45.0,2.0,1.0,1.5,3.0,0.8,3600,0.2,232,69.8,31.49,0.53,1.22,0.136,16.21,12.92,0.056,1.09
45.0,2.0,1.0,2.5,4.5,0.4,3600,0.8,250,66.0,34.09,0.64,1.25,0.136,15.6,14.09,0.056,1.1
45.0,3.0,0.7,1.5,3.0,0.6,1200,0.2,227,81.9,30.98,0.28,1.27,0.136,16.3,12.82,0.056,1.11
45.0,3.0,1.5,2.5,4.5,0.8,,0.4,203,73.9,27.69,0.42,1.18,0.136,19.9,11.45,0.056,1.07
45.0,4.0,0.7,2.5,3.0,0.6,2400,0.8,225,77.8,30.54,0.37,1.3,0.136,17.01,12.54,0.056,1.12
45.0,4.0,1.0,1.5,3.0,0.6,1200,0.2,176,81.2,23.99,0.27,1.19,0.136,20.33,9.91,0.056,1.08
45.0,4.0,1.0,2.5,3.0,0.4,1200,0.4,188,78.2,25.54,0.34,1.2,0.136,19.67,10.5,0.056,1.08
45.0,4.0,1.0,2.5,3.0,0.8,3600,0.2,174,81.6,23.63,0.27,1.18,0.136,19.89,9.71,0.056,1.07
45.0,4.0,1.0,2.5,4.5,0.8,2400,0.2,174,81.6,23.58,0.27,1.18,0.136,20.77,9.66,0.056,1.07
50.0,2.0,1.0,2.5,3.0,0.8,14400,0.2,113,66.4,15.32,0.61,1.2,0.136,15.84,6.28,0.056,1.08
50.0,2.0,1.0,2.5,3.0,0.8,14400,0.4,113,66.4,15.32,0.61,1.2,0.136,15.84,6.28,0.056,1.08
50.0,2.0,1.5,2.5,4.5,0.8,3600,0.8,123,61.8,16.72,0.77,1.25,0.136,10.01,6.88,0.056,1.1
50.0,3.0,1.5,2.5,3.0,0.8,,0.4,105,73.3,14.24,0.43,1.17,0.136,16.02,5.84,0.056,1.07
50.0,3.0,1.5,2.5,4.5,0.8,1200,0.8,137,62.8,18.59,0.8,1.35,0.136,8.67,7.63,0.056,1.13
50.0,4.0,0.7,1.5,4.5,0.4,1200,0.8,136,66.9,18.54,0.71,1.43,0.136,9.11,7.66,0.056,1.16
50.0,4.0,0.7,1.5,4.5,0.8,3600,0.4,105,84.8,14.27,0.22,1.24,0.136,13.16,5.87,0.056,1.1
50.0,4.0,0.7,2.5,4.5,0.8,2400,0.2,105,84.8,14.33,0.22,1.24,0.136,12.99,5.93,0.056,1.1
50.0,4.0,1.0,1.5,4.5,0.4,2400,0.4,98,79.6,13.29,0.3,1.18,0.136,15.75,5.45,0.056,1.07
50.0,4.0,1.0,1.5,4.5,0.6,1200,0.2,98,80.6,13.29,0.28,1.18,0.136,15.95,5.45,0.056,1.07
50.0,4.0,1.0,1.5,4.5,0.8,1200,0.2,98,80.6,13.35,0.29,1.19,0.136,16.12,5.51,0.056,1.07
50.0,4.0,1.0,2.5,3.0,0.6,1200,0.8,134,65.7,18.2,0.71,1.35,0.136,11.04,7.48,0.056,1.13
50.0,4.0,1.0,2.5,4.5,0.8,1200,0.4,104,75.0,14.19,0.41,1.22,0.136,15.96,5.87,0.056,1.09
50.0,5.0,1.0,2.5,4.5,0.6,3600,0.2,91,83.5,12.39,0.23,1.17,0.136,16.72,5.11,0.056,1.07
50.0,5.0,1.0,2.5,4.5,0.8,3600,0.2,91,83.5,12.37,0.23,1.16,0.136,16.96,5.09,0.056,1.07
55.0,3.0,1.0,1.5,3.0,0.4,1200,0.8,83,63.9,11.31,0.77,1.36,0.136,6.25,4.67,0.056,1.14
55.0,4.0,0.7,2.5,3.0,0.6,2400,0.8,74,78.4,10.03,0.35,1.28,0.136,8.3,4.11,0.056,1.11
55.0,4.0,0.7,2.5,4.5,0.4,7200,0.8,67,80.6,9.09,0.29,1.21,0.136,8.0,3.73,0.056,1.09
55.0,4.0,0.7,2.5,4.5,0.6,2400,0.8,74,78.4,10.09,0.35,1.28,0.136,8.3,4.17,0.056,1.11
55.0,4.0,1.0,1.5,4.5,0.6,1200,0.4,68,75.0,9.25,0.41,1.23,0.136,8.0,3.81,0.056,1.09
55.0,5.0,1.5,2.5,3.0,0.4,3600,0.2,59,83.1,8.01,0.24,1.16,0.136,11.23,3.29,0.056,1.06
55.0,5.0,1.5,2.5,3.0,0.4,3600,0.4,59,83.1,8.01,0.24,1.16,0.136,11.23,3.29,0.056,1.06
40.0,2.0,1.0,1.5,4.5,0.4,14400,0.8,319,68.0,43.01,0.57,1.21,0.135,18.9,17.49,0.055,1.08
40.0,2.0,1.0,1.5,4.5,0.8,14400,0.2,312,67.9,42.24,0.57,1.21,0.135,21.29,17.28,0.055,1.08
40.0,2.0,1.0,1.5,4.5,0.8,14400,0.4,312,67.9,42.24,0.57,1.21,0.135,21.29,17.28,0.055,1.08
40.0,2.0,1.5,2.5,4.5,0.6,3600,0.8,348,64.4,46.86,0.69,1.24,0.135,13.85,19.02,0.055,1.09
40.0,3.0,0.7,1.5,4.5,0.4,3600,0.2,296,80.1,39.9,0.31,1.24,0.135,15.59,16.22,0.055,1.09
40.0,3.0,1.5,2.5,3.0,0.6,3600,0.8,304,70.4,41.04,0.51,1.21,0.135,23.03,16.72,0.055,1.08
40.0,4.0,0.7,2.5,3.0,0.4,3600,0.4,262,84.0,35.46,0.23,1.22,0.135,19.47,14.51,0.055,1.09
40.0,5.0,0.7,1.5,4.5,0.6,2400,0.2,245,87.8,33.19,0.17,1.23,0.135,23.96,13.59,0.055,1.09
45.0,2.0,0.7,1.5,4.5,0.4,1200,0.4,266,74.1,35.8,0.46,1.32,0.135,9.35,14.52,0.055,1.12
45.0,2.0,1.0,2.5,4.5,0.6,1200,0.4,244,68.0,32.82,0.59,1.25,0.135,11.9,13.3,0.055,1.1
45.0,3.0,1.5,2.5,4.5,0.4,7200,0.8,209,73.2,28.22,0.43,1.18,0.135,22.37,11.5,0.055,1.07
45.0,4.0,1.0,1.5,4.5,0.6,2400,0.4,177,81.4,23.9,0.27,1.19,0.135,20.55,9.74,0.055,1.07
45.0,4.0,1.0,2.5,4.5,0.4,3600,0.8,196,76.0,26.48,0.38,1.21,0.135,19.49,10.8,0.055,1.08
50.0,2.0,1.0,2.5,4.5,0.6,,0.4,112,67.0,15.13,0.59,1.2,0.135,13.43,6.18,0.055,1.08
50.0,2.0,1.5,2.5,3.0,0.4,1200,0.4,122,63.9,16.48,0.71,1.25,0.135,9.46,6.72,0.055,1.1
50.0,3.0,0.7,1.5,3.0,0.6,14400,0.8,109,76.1,14.7,0.38,1.22,0.135,11.21,5.98,0.055,1.09
50.0,3.0,0.7,1.5,4.5,0.8,7200,0.8,115,75.7,15.51,0.4,1.24,0.135,12.46,6.31,0.055,1.09
50.0,4.0,0.7,1.5,3.0,0.6,3600,0.4,105,84.8,14.18,0.22,1.24,0.135,13.48,5.78,0.055,1.09
50.0,4.0,0.7,1.5,3.0,0.8,3600,0.2,105,84.8,14.15,0.22,1.23,0.135,13.53,5.75,0.055,1.09
50.0,4.0,0.7,1.5,4.5,0.6,2400,0.2,105,84.8,14.17,0.22,1.24,0.135,13.11,5.77,0.055,1.09
50.0,4.0,0.7,2.5,4.5,0.6,1200,0.8,136,66.9,18.32,0.71,1.43,0.135,9.28,7.44,0.055,1.16
50.0,4.0,1.0,1.5,3.0,0.6,3600,0.2,95,81.1,12.83,0.28,1.18,0.135,16.33,5.23,0.055,1.07
50.0,4.0,1.0,1.5,4.5,0.8,3600,0.2,95,81.1,12.85,0.28,1.18,0.135,16.12,5.25,0.055,1.07
50.0,4.0,1.0,2.5,3.0,0.6,3600,0.4,95,81.1,12.8,0.28,1.18,0.135,16.1,5.2,0.055,1.07
50.0,5.0,0.7,2.5,3.0,0.4,14400,0.8,97,83.5,13.14,0.24,1.19,0.135,15.56,5.37,0.055,1.08
50.0,5.0,0.7,2.5,4.5,0.4,1200,0.8,132,67.4,17.87,0.68,1.41,0.135,9.04,7.31,0.055,1.15
50.0,5.0,1.0,1.5,3.0,0.4,3600,0.4,92,83.7,12.46,0.23,1.17,0.135,17.12,5.1,0.055,1.07
50.0,5.0,1.0,1.5,4.5,0.6,1200,0.8,130,66.9,17.55,0.66,1.33,0.135,8.92,7.15,0.055,1.13
50.0,5.0,1.0,1.5,4.5,0.8,14400,0.8,91,82.4,12.27,0.25,1.16,0.135,16.77,4.99,0.055,1.07
55.0,3.0,1.5,2.5,3.0,0.8,1200,0.8,83,63.9,11.24,0.77,1.35,0.135,6.25,4.6,0.055,1.13
55.0,4.0,0.7,1.5,4.5,0.6,2400,0.8,74,78.4,9.99,0.35,1.28,0.135,8.19,4.07,0.055,1.11
55.0,4.0,0.7,2.5,3.0,0.4,7200,0.8,67,80.6,9.05,0.29,1.21,0.135,8.0,3.69,0.055,1.08
55.0,4.0,0.7,2.5,4.5,0.8,2400,0.8,74,78.4,10.01,0.35,1.28,0.135,8.54,4.09,0.055,1.11
55.0,4.0,1.0,1.5,3.0,0.6,1200,0.4,68,75.0,9.19,0.41,1.22,0.135,8.0,3.75,0.055,1.09
55.0,4.0,1.0,2.5,3.0,0.8,1200,0.8,83,66.3,11.18,0.68,1.34,0.135,8.25,4.54,0.055,1.13
55.0,4.0,1.0,2.5,4.5,0.6,1200,0.8,83,66.3,11.23,0.68,1.34,0.135,8.25,4.59,0.055,1.13
55.0,5.0,1.5,2.5,3.0,0.4,2400,0.2,59,83.1,7.94,0.24,1.16,0.135,11.23,3.22,0.055,1.06
55.0,5.0,1.5,2.5,3.0,0.4,,0.4,59,83.1,7.99,0.24,1.16,0.135,11.39,3.27,0.055,1.06
55.0,5.0,1.5,2.5,4.5,0.4,,0.4,59,83.1,7.96,0.24,1.16,0.135,11.39,3.24,0.055,1.06
40.0,2.0,0.7,2.5,3.0,0.8,,0.4,312,67.9,41.73,0.58,1.24,0.134,17.14,16.77,0.054,1.09
40.0,2.0,1.0,1.5,4.5,0.6,,0.4,314,68.2,42.17,0.57,1.21,0.134,18.94,17.05,0.054,1.08
40.0,3.0,0.7,2.5,3.0,0.4,2400,0.2,300,80.3,40.2,0.3,1.24,0.134,15.74,16.2,0.054,1.09
40.0,3.0,0.7,2.5,3.0,0.6,3600,0.2,296,79.7,39.58,0.31,1.23,0.134,16.11,15.9,0.054,1.09
40.0,3.0,1.0,1.5,3.0,0.4,3600,0.2,274,76.3,36.84,0.37,1.19,0.134,17.3,14.92,0.054,1.07
40.0,3.0,1.0,1.5,3.0,0.8,14400,0.2,273,76.2,36.54,0.37,1.19,0.134,17.46,14.71,0.054,1.07
40.0,3.0,1.0,1.5,3.0,0.8,14400,0.4,273,76.2,36.54,0.37,1.19,0.134,17.46,14.71,0.054,1.07
40.0,3.0,1.0,2.5,3.0,0.6,2400,0.2,274,76.3,36.85,0.37,1.19,0.134,19.8,14.93,0.054,1.08
40.0,3.0,1.0,2.5,3.0,0.6,2400,0.4,277,75.8,37.0,0.38,1.19,0.134,19.8,14.84,0.054,1.08
40.0,3.0,1.0,2.5,4.5,0.4,1200,0.2,277,76.5,37.14,0.36,1.19,0.134,18.24,14.98,0.054,1.07
40.0,4.0,0.7,2.5,4.5,0.4,3600,0.8,288,78.1,38.65,0.35,1.25,0.134,15.69,15.62,0.054,1.1
40.0,4.0,1.0,2.5,3.0,0.8,3600,0.2,238,81.1,32.01,0.27,1.18,0.134,19.87,12.97,0.054,1.07
40.0,5.0,0.7,2.5,3.0,0.4,2400,0.4,248,86.7,33.26,0.19,1.23,0.134,25.16,13.42,0.054,1.09
45.0,2.0,1.0,2.5,3.0,0.4,3600,0.8,250,66.0,33.62,0.64,1.25,0.134,15.55,13.62,0.054,1.1
45.0,2.0,1.5,2.5,4.5,0.8,1200,0.8,298,64.1,39.81,0.77,1.37,0.134,10.58,15.97,0.054,1.14
45.0,3.0,0.7,1.5,3.0,0.4,,0.4,205,74.6,27.37,0.41,1.21,0.134,15.0,10.97,0.054,1.08
45.0,3.0,0.7,1.5,4.5,0.4,,0.4,204,74.5,27.26,0.42,1.21,0.134,14.9,10.94,0.054,1.08
45.0,3.0,0.7,2.5,3.0,0.6,,0.4,204,74.0,27.24,0.42,1.21,0.134,16.82,10.92,0.054,1.08
45.0,3.0,0.7,2.5,4.5,0.8,1200,0.2,227,81.9,30.45,0.28,1.27,0.134,16.3,12.29,0.054,1.11
45.0,4.0,0.7,1.5,4.5,0.6,2400,0.8,225,77.8,30.23,0.37,1.3,0.134,17.09,12.23,0.054,1.12
45.0,4.0,1.0,1.5,3.0,0.6,3600,0.4,175,81.1,23.49,0.28,1.18,0.134,19.9,9.49,0.054,1.07
45.0,4.0,1.0,2.5,3.0,0.4,3600,0.8,196,76.0,26.22,0.38,1.2,0.134,19.49,10.54,0.054,1.08
50.0,2.0,0.7,2.5,4.5,0.4,14400,0.2,118,69.5,15.84,0.54,1.24,0.134,14.71,6.4,0.054,1.09
50.0,2.0,0.7,2.5,4.5,0.4,14400,0.4,118,69.5,15.84,0.54,1.24,0.134,14.71,6.4,0.054,1.09
50.0,3.0,0.7,2.5,3.0,0.6,7200,0.8,114,76.3,15.25,0.38,1.23,0.134,12.76,6.13,0.054,1.09
50.0,3.0,0.7,2.5,4.5,0.6,14400,0.2,109,76.1,14.63,0.38,1.21,0.134,13.85,5.91,0.054,1.08
50.0,3.0,0.7,2.5,4.5,0.6,14400,0.4,109,76.1,14.63,0.38,1.21,0.134,13.85,5.91,0.054,1.08
50.0,4.0,0.7,2.5,3.0,0.6,2400,0.2,105,84.8,14.12,0.22,1.23,0.134,13.25,5.72,0.054,1.09
50.0,4.0,0.7,2.5,4.5,0.4,2400,0.4,108,83.3,14.51,0.25,1.24,0.134,12.75,5.87,0.054,1.09
50.0,4.0,0.7,2.5,4.5,0.8,1200,0.8,136,66.9,18.21,0.7,1.43,0.134,9.4,7.33,0.054,1.16
50.0,4.0,1.0,2.5,4.5,0.8,7200,0.8,98,77.6,13.11,0.34,1.18,0.134,16.46,5.27,0.054,1.07
50.0,5.0,0.7,2.5,3.0,0.4,1200,0.2,103,87.4,13.82,0.18,1.23,0.134,15.01,5.58,0.054,1.09
50.0,5.0,1.0,2.5,3.0,0.8,2400,0.2,91,83.5,12.17,0.23,1.16,0.134,17.34,4.89,0.054,1.06
55.0,3.0,1.0,1.5,3.0,0.8,1200,0.8,83,63.9,11.12,0.76,1.35,0.134,6.25,4.48,0.054,1.13
55.0,3.0,1.5,2.5,3.0,0.6,2400,0.8,75,72.0,10.01,0.48,1.24,0.133,7.27,4.01,0.054,1.09
55.0,3.0,1.5,2.5,4.5,0.6,2400,0.8,75,72.0,10.08,0.48,1.24,0.134,7.27,4.08,0.054,1.09
55.0,3.0,1.5,2.5,4.5,0.8,1200,0.4,70,71.4,9.4,0.49,1.24,0.134,9.48,3.8,0.054,1.09
55.0,4.0,0.7,1.5,3.0,0.6,2400,0.8,74,78.4,9.92,0.35,1.28,0.134,8.19,4.0,0.054,1.11
55.0,4.0,0.7,1.5,4.5,0.8,2400,0.8,74,78.4,9.92,0.35,1.28,0.134,8.36,4.0,0.054,1.11
55.0,4.0,0.7,2.5,3.0,0.8,2400,0.8,74,78.4,9.9,0.35,1.28,0.134,8.54,3.98,0.054,1.11
55.0,4.0,1.0,2.5,3.0,0.6,1200,0.8,83,66.3,11.16,0.68,1.34,0.134,8.25,4.52,0.054,1.13
40.0,2.0,0.7,1.5,4.5,0.4,14400,0.2,323,69.7,42.91,0.54,1.24,0.133,16.91,17.07,0.053,1.09
40.0,2.0,0.7,1.5,4.5,0.4,14400,0.4,323,69.7,42.91,0.54,1.24,0.133,16.91,17.07,0.053,1.09
40.0,2.0,1.0,1.5,4.5,0.4,7200,0.2,318,68.2,42.44,0.56,1.21,0.133,19.35,17.0,0.053,1.08
40.0,2.0,1.0,1.5,4.5,0.4,7200,0.4,318,68.2,42.44,0.56,1.21,0.133,19.35,17.0,0.053,1.08
40.0,3.0,0.7,1.5,4.5,0.6,7200,0.8,294,77.2,39.15,0.36,1.23,0.133,15.24,15.63,0.053,1.09
40.0,3.0,0.7,2.5,3.0,0.8,3600,0.4,296,79.7,39.29,0.31,1.24,0.133,16.4,15.61,0.053,1.09
40.0,3.0,1.0,1.5,3.0,0.4,7200,0.8,279,75.3,37.16,0.39,1.19,0.133,17.3,14.84,0.053,1.07
40.0,3.0,1.0,2.5,3.0,0.6,3600,0.2,274,75.9,36.46,0.38,1.19,0.133,18.91,14.54,0.053,1.07
40.0,4.0,1.0,1.5,4.5,0.6,3600,0.2,238,81.1,31.76,0.27,1.18,0.133,20.33,12.72,0.053,1.07
40.0,4.0,1.5,2.5,3.0,0.6,1200,0.4,259,75.3,34.36,0.39,1.19,0.133,22.47,13.64,0.053,1.07
40.0,4.0,1.5,2.5,4.5,0.6,1200,0.4,259,75.3,34.57,0.39,1.19,0.133,22.51,13.85,0.053,1.08
40.0,5.0,0.7,1.5,3.0,0.6,2400,0.2,245,87.8,32.64,0.17,1.22,0.133,23.96,13.04,0.053,1.09
40.0,5.0,0.7,2.5,4.5,0.4,2400,0.8,289,78.5,38.47,0.35,1.29,0.133,16.89,15.35,0.053,1.11
45.0,2.0,0.7,1.5,3.0,0.4,1200,0.4,266,74.1,35.46,0.46,1.32,0.133,9.35,14.18,0.053,1.12
45.0,3.0,0.7,1.5,4.5,0.8,1200,0.2,227,81.9,30.17,0.28,1.27,0.133,16.3,12.01,0.053,1.1
45.0,3.0,0.7,2.5,4.5,0.4,1200,0.4,242,78.5,32.15,0.35,1.29,0.133,14.75,12.79,0.053,1.11
45.0,3.0,1.5,2.5,3.0,0.6,,0.4,204,74.0,27.06,0.41,1.17,0.133,18.55,10.74,0.053,1.07
50.0,2.0,0.7,1.5,4.5,0.8,14400,0.2,117,69.2,15.58,0.55,1.23,0.133,14.09,6.22,0.053,1.09
50.0,2.0,0.7,1.5,4.5,0.8,14400,0.4,117,69.2,15.58,0.55,1.23,0.133,14.09,6.22,0.053,1.09
50.0,2.0,1.5,2.5,3.0,0.6,1200,0.4,121,63.6,16.14,0.71,1.25,0.133,9.39,6.46,0.053,1.09
50.0,3.0,0.7,2.5,4.5,0.4,,0.4,106,73.6,14.15,0.43,1.2,0.133,10.7,5.67,0.053,1.08
50.0,3.0,1.0,2.5,4.5,0.4,1200,0.8,138,63.0,18.38,0.79,1.35,0.133,8.97,7.34,0.053,1.13
50.0,4.0,0.7,1.5,3.0,0.4,1200,0.8,136,66.9,18.15,0.7,1.42,0.133,9.11,7.27,0.053,1.16
50.0,4.0,1.0,1.5,4.5,0.4,7200,0.8,98,78.6,13.04,0.32,1.18,0.133,15.71,5.2,0.053,1.07
50.0,4.0,1.0,1.5,4.5,0.6,1200,0.8,134,65.7,17.86,0.7,1.34,0.133,10.92,7.14,0.053,1.13
50.0,4.0,1.0,1.5,4.5,0.6,3600,0.4,95,81.1,12.6,0.27,1.17,0.133,15.95,5.0,0.053,1.07
50.0,4.0,1.0,2.5,3.0,0.6,1200,0.4,104,75.0,13.87,0.4,1.21,0.133,16.1,5.55,0.053,1.08
50.0,4.0,1.0,2.5,3.0,0.8,3600,0.4,95,81.1,12.64,0.27,1.18,0.133,16.34,5.04,0.053,1.07
50.0,5.0,1.0,1.5,4.5,0.8,1200,0.8,130,66.9,17.34,0.66,1.33,0.133,8.97,6.94,0.053,1.12
50.0,5.0,1.0,2.5,3.0,0.8,1200,0.8,130,66.9,17.32,0.66,1.33,0.133,9.16,6.92,0.053,1.12
55.0,3.0,1.0,2.5,4.5,0.4,1200,0.4,71,71.8,9.45,0.49,1.24,0.133,7.92,3.77,0.053,1.09
55.0,4.0,0.7,1.5,3.0,0.8,2400,0.8,74,78.4,9.81,0.35,1.27,0.133,8.36,3.89,0.053,1.1
40.0,2.0,0.7,1.5,4.5,0.4,14400,0.8,323,69.7,42.48,0.54,1.24,0.132,17.16,16.64,0.052,1.09
40.0,2.0,1.0,2.5,4.5,0.6,7200,0.2,316,68.0,41.76,0.57,1.21,0.132,19.84,16.48,0.052,1.08
40.0,2.0,1.0,2.5,4.5,0.6,7200,0.4,316,68.0,41.76,0.57,1.21,0.132,19.84,16.48,0.052,1.08
40.0,2.0,1.5,2.5,3.0,0.6,2400,0.8,370,64.6,49.01,0.7,1.27,0.132,11.42,19.41,0.052,1.1
40.0,3.0,0.7,2.5,4.5,0.8,3600,0.2,296,79.7,39.21,0.31,1.23,0.132,16.4,15.53,0.052,1.09
40.0,3.0,1.0,1.5,3.0,0.6,7200,0.2,274,76.3,36.13,0.37,1.19,0.132,18.28,14.21,0.052,1.07
40.0,3.0,1.0,1.5,3.0,0.6,7200,0.4,274,76.3,36.13,0.37,1.19,0.132,18.28,14.21,0.052,1.07
40.0,3.0,1.0,1.5,4.5,0.6,3600,0.4,274,76.6,36.12,0.36,1.19,0.132,18.25,14.2,0.052,1.07
40.0,3.0,1.0,2.5,3.0,0.4,1200,0.2,277,76.5,36.46,0.36,1.19,0.132,18.24,14.3,0.052,1.07
40.0,3.0,1.0,2.5,3.0,0.6,7200,0.8,279,74.9,36.94,0.4,1.19,0.132,18.67,14.62,0.052,1.07
40.0,3.0,1.0,2.5,3.0,0.8,3600,0.4,274,76.3,36.07,0.37,1.19,0.132,19.66,14.15,0.052,1.07
45.0,2.0,1.0,2.5,3.0,0.6,1200,0.4,244,68.0,32.29,0.58,1.24,0.132,11.9,12.77,0.052,1.09
45.0,3.0,0.7,2.5,3.0,0.4,1200,0.4,242,78.5,31.88,0.35,1.29,0.132,14.75,12.52,0.052,1.11
45.0,3.0,1.5,2.5,3.0,0.4,7200,0.8,209,73.2,27.68,0.43,1.18,0.132,22.29,10.96,0.052,1.07
45.0,3.0,1.5,2.5,3.0,0.8,,0.4,204,74.0,27.0,0.41,1.17,0.132,18.95,10.68,0.052,1.07
45.0,4.0,0.7,1.5,3.0,0.6,2400,0.8,225,77.8,29.69,0.37,1.29,0.132,17.09,11.69,0.052,1.11
45.0,4.0,1.0,1.5,3.0,0.6,2400,0.4,177,81.4,23.35,0.27,1.18,0.132,20.55,9.19,0.052,1.07
45.0,4.0,1.0,1.5,4.5,0.8,1200,0.8,245,70.6,32.22,0.55,1.32,0.132,17.16,12.62,0.052,1.12
50.0,2.0,0.7,2.5,3.0,0.4,14400,0.2,118,69.5,15.6,0.54,1.23,0.132,14.71,6.16,0.052,1.09
50.0,2.0,0.7,2.5,3.0,0.4,14400,0.4,118,69.5,15.6,0.54,1.23,0.132,14.71,6.16,0.052,1.09
50.0,2.0,0.7,2.5,4.5,0.6,,0.4,112,67.0,14.78,0.6,1.23,0.132,11.51,5.81,0.052,1.09
50.0,2.0,1.5,2.5,3.0,0.6,3600,0.8,124,61.3,16.39,0.78,1.24,0.132,9.74,6.47,0.052,1.09
50.0,2.0,1.5,2.5,4.5,0.4,1200,0.8,142,57.7,18.79,1.0,1.37,0.132,10.33,7.43,0.052,1.13
50.0,3.0,1.5,2.5,4.5,0.8,,0.4,104,73.1,13.77,0.43,1.16,0.132,17.19,5.45,0.052,1.06
50.0,4.0,1.0,1.5,3.0,0.4,2400,0.4,98,79.6,12.9,0.3,1.18,0.132,16.12,5.06,0.052,1.07
50.0,4.0,1.0,1.5,4.5,0.8,1200,0.8,134,65.7,17.66,0.7,1.34,0.132,10.97,6.94,0.052,1.12
50.0,4.0,1.0,2.5,3.0,0.8,1200,0.8,134,65.7,17.64,0.7,1.34,0.132,11.16,6.92,0.052,1.12
50.0,5.0,0.7,2.5,3.0,0.4,1200,0.8,132,67.4,17.47,0.68,1.4,0.132,9.04,6.91,0.052,1.15
50.0,5.0,1.5,2.5,4.5,0.8,1200,0.4,96,78.1,12.7,0.33,1.18,0.132,15.64,5.02,0.052,1.07
55.0,2.0,1.5,2.5,3.0,0.8,3600,0.2,69,66.7,9.11,0.6,1.2,0.132,9.8,3.59,0.052,1.08
55.0,2.0,1.5,2.5,3.0,0.8,3600,0.4,69,66.7,9.11,0.6,1.2,0.132,9.8,3.59,0.052,1.08
55.0,2.0,1.5,2.5,4.5,0.8,2400,0.2,69,66.7,9.09,0.6,1.2,0.132,9.8,3.57,0.052,1.07
55.0,2.0,1.5,2.5,4.5,0.8,3600,0.2,69,66.7,9.11,0.6,1.2,0.132,9.8,3.59,0.052,1.08
55.0,2.0,1.5,2.5,4.5,0.8,3600,0.4,69,66.7,9.11,0.6,1.2,0.132,9.8,3.59,0.052,1.08
55.0,3.0,1.0,1.5,4.5,0.6,1200,0.8,83,63.9,10.94,0.76,1.34,0.132,6.25,4.3,0.052,1.13
55.0,4.0,1.0,2.5,4.5,0.8,1200,0.4,68,75.0,9.0,0.41,1.22,0.132,8.05,3.56,0.052,1.08
40.0,2.0,1.0,1.5,4.5,0.8,14400,0.8,313,67.7,40.93,0.57,1.2,0.131,22.04,15.89,0.051,1.08
40.0,2.0,1.0,2.5,3.0,0.4,2400,0.2,318,68.6,41.72,0.55,1.21,0.131,17.07,16.28,0.051,1.08
40.0,2.0,1.0,2.5,3.0,0.4,3600,0.2,318,68.2,41.65,0.56,1.21,0.131,18.3,16.21,0.051,1.08
40.0,2.0,1.0,2.5,3.0,0.4,3600,0.4,318,67.9,41.67,0.57,1.21,0.131,17.02,16.23,0.051,1.08
40.0,3.0,1.0,1.5,3.0,0.8,14400,0.8,273,76.2,35.79,0.37,1.18,0.131,17.46,13.95,0.051,1.07
40.0,4.0,0.7,1.5,4.5,0.6,7200,0.8,258,81.4,33.78,0.28,1.21,0.131,17.54,13.14,0.051,1.08
40.0,4.0,1.0,1.5,4.5,0.4,2400,0.4,243,80.2,31.84,0.29,1.18,0.131,20.8,12.4,0.051,1.07
40.0,5.0,0.7,2.5,3.0,0.4,2400,0.8,289,78.5,37.74,0.35,1.28,0.131,16.89,14.62,0.051,1.1
45.0,2.0,0.7,2.5,4.5,0.4,2400,0.8,274,69.0,35.99,0.6,1.33,0.131,13.85,14.07,0.051,1.12
45.0,3.0,0.7,2.5,3.0,0.8,1200,0.2,227,81.9,29.83,0.28,1.26,0.131,16.3,11.67,0.051,1.1
45.0,3.0,1.5,2.5,4.5,0.6,3600,0.4,204,74.5,26.7,0.4,1.17,0.131,19.21,10.38,0.051,1.07
45.0,3.0,1.5,2.5,4.5,0.8,2400,0.4,208,74.5,27.15,0.4,1.18,0.131,19.48,10.51,0.051,1.07
45.0,4.0,1.0,1.5,4.5,0.8,2400,0.2,174,81.6,22.8,0.27,1.18,0.131,20.93,8.88,0.051,1.07
45.0,4.0,1.0,2.5,3.0,0.8,2400,0.2,174,81.6,22.76,0.27,1.18,0.131,20.77,8.84,0.051,1.07
45.0,5.0,0.7,1.5,3.0,0.8,2400,0.4,199,88.4,26.17,0.16,1.24,0.132,18.74,10.25,0.051,1.09
45.0,5.0,0.7,2.5,3.0,0.8,2400,0.4,199,88.4,26.1,0.16,1.24,0.131,18.9,10.18,0.051,1.09
50.0,2.0,0.7,1.5,3.0,0.8,14400,0.8,117,69.2,15.35,0.55,1.24,0.131,12.51,5.99,0.051,1.09
50.0,2.0,1.5,2.5,3.0,0.6,2400,0.8,128,60.2,16.73,0.84,1.26,0.131,9.89,6.49,0.051,1.1
50.0,3.0,1.5,2.5,3.0,0.6,,0.4,106,73.6,13.85,0.42,1.16,0.131,15.46,5.37,0.051,1.06
50.0,3.0,1.5,2.5,3.0,0.8,1200,0.8,137,62.8,17.92,0.79,1.34,0.131,8.67,6.96,0.051,1.12
50.0,3.0,1.5,2.5,4.5,0.4,7200,0.8,109,72.5,14.25,0.45,1.17,0.131,17.14,5.53,0.051,1.07
50.0,4.0,0.7,1.5,4.5,0.6,1200,0.8,136,66.9,17.83,0.7,1.42,0.131,9.16,6.95,0.051,1.15
50.0,4.0,0.7,1.5,4.5,0.8,1200,0.8,136,66.9,17.87,0.7,1.42,0.131,9.21,6.99,0.051,1.15
50.0,4.0,0.7,2.5,3.0,0.4,2400,0.4,108,83.3,14.12,0.25,1.23,0.131,13.13,5.48,0.051,1.09
50.0,4.0,0.7,2.5,3.0,0.6,1200,0.8,136,66.9,17.79,0.7,1.42,0.131,9.28,6.91,0.051,1.15
50.0,4.0,1.0,1.5,3.0,0.4,7200,0.8,98,78.6,12.8,0.32,1.18,0.131,16.08,4.96,0.051,1.07
50.0,4.0,1.0,1.5,4.5,0.6,1200,0.4,104,75.0,13.64,0.4,1.21,0.131,15.95,5.32,0.051,1.08
50.0,4.0,1.0,1.5,4.5,0.8,1200,0.4,104,75.0,13.65,0.4,1.21,0.131,16.12,5.33,0.051,1.08
50.0,5.0,1.0,1.5,3.0,0.6,1200,0.8,130,66.9,17.02,0.65,1.32,0.131,8.92,6.62,0.051,1.12
50.0,5.0,1.0,1.5,3.0,0.8,7200,0.2,91,83.5,11.94,0.23,1.16,0.131,17.59,4.66,0.051,1.06
50.0,5.0,1.0,1.5,3.0,0.8,7200,0.4,91,83.5,11.94,0.23,1.16,0.131,17.59,4.66,0.051,1.06
55.0,2.0,1.5,2.5,4.5,0.6,1200,0.8,88,58.0,11.51,0.99,1.37,0.131,4.63,4.47,0.051,1.13
55.0,3.0,0.7,2.5,4.5,0.4,7200,0.8,70,77.1,9.14,0.36,1.22,0.131,9.92,3.54,0.051,1.08
55.0,3.0,1.0,1.5,3.0,0.6,1200,0.8,83,63.9,10.87,0.76,1.34,0.131,6.25,4.23,0.051,1.12
55.0,3.0,1.0,2.5,3.0,0.4,1200,0.4,71,71.8,9.34,0.48,1.23,0.132,7.92,3.66,0.051,1.09
55.0,3.0,1.5,2.5,3.0,0.8,1200,0.4,70,71.4,9.18,0.49,1.23,0.131,9.48,3.58,0.051,1.09
40.0,2.0,0.7,1.5,4.5,0.4,,0.4,316,68.4,41.07,0.57,1.23,0.13,15.14,15.79,0.05,1.08
40.0,2.0,1.0,1.5,3.0,0.4,14400,0.2,318,68.2,41.23,0.56,1.2,0.13,18.83,15.79,0.05,1.08
40.0,2.0,1.0,1.5,3.0,0.4,14400,0.4,318,68.2,41.23,0.56,1.2,0.13,18.83,15.79,0.05,1.08
40.0,2.0,1.0,1.5,3.0,0.6,,0.4,315,68.3,41.09,0.56,1.21,0.13,19.57,15.88,0.05,1.08
40.0,2.0,1.0,2.5,3.0,0.4,7200,0.8,328,67.4,42.56,0.59,1.21,0.13,19.62,16.32,0.05,1.08
40.0,3.0,0.7,1.5,3.0,0.4,3600,0.2,296,80.1,38.49,0.31,1.23,0.13,15.59,14.81,0.05,1.09
40.0,3.0,1.0,1.5,4.5,0.6,2400,0.2,274,76.6,35.5,0.36,1.18,0.13,19.37,13.58,0.05,1.07
40.0,4.0,0.7,2.5,3.0,0.4,3600,0.8,288,78.1,37.54,0.35,1.25,0.13,15.69,14.5,0.05,1.09
40.0,4.0,0.7,2.5,4.5,0.6,3600,0.2,261,84.3,34.0,0.23,1.21,0.13,19.9,13.12,0.05,1.08
40.0,4.0,1.0,1.5,3.0,0.6,3600,0.2,238,81.1,31.05,0.27,1.17,0.13,20.21,12.01,0.05,1.07
45.0,2.0,1.0,1.5,4.5,0.6,1200,0.4,244,68.0,31.62,0.58,1.24,0.13,11.77,12.1,0.05,1.09
45.0,2.0,1.5,2.5,3.0,0.8,1200,0.8,298,64.1,38.85,0.76,1.36,0.13,10.78,15.01,0.05,1.13
45.0,3.0,0.7,1.5,3.0,0.8,1200,0.2,227,81.9,29.56,0.28,1.26,0.13,16.3,11.4,0.05,1.1
45.0,3.0,0.7,2.5,4.5,0.6,,0.4,203,73.9,26.32,0.43,1.2,0.13,16.77,10.08,0.05,1.08
45.0,3.0,1.5,2.5,4.5,0.4,1200,0.8,269,66.2,35.07,0.67,1.31,0.13,15.57,13.55,0.05,1.11
45.0,4.0,1.0,1.5,3.0,0.8,1200,0.8,245,70.6,31.81,0.55,1.32,0.13,17.16,12.21,0.05,1.12
45.0,4.0,1.0,2.5,4.5,0.8,1200,0.8,245,70.6,31.96,0.55,1.32,0.13,17.35,12.36,0.05,1.12
50.0,2.0,1.5,2.5,3.0,0.4,1200,0.8,142,57.7,18.4,1.0,1.36,0.13,10.33,7.04,0.05,1.13
50.0,2.0,1.5,2.5,3.0,0.8,3600,0.8,123,61.8,16.0,0.77,1.24,0.13,10.38,6.16,0.05,1.09
50.0,2.0,1.5,2.5,4.5,0.8,1200,0.4,119,63.9,15.5,0.7,1.24,0.13,9.71,5.97,0.05,1.09
50.0,3.0,0.7,2.5,3.0,0.6,14400,0.2,109,76.1,14.14,0.38,1.2,0.13,13.85,5.42,0.05,1.08
50.0,3.0,0.7,2.5,3.0,0.6,14400,0.4,109,76.1,14.14,0.38,1.2,0.13,13.85,5.42,0.05,1.08
50.0,3.0,1.0,2.5,3.0,0.4,1200,0.8,138,63.0,17.98,0.79,1.34,0.13,8.97,6.94,0.05,1.12
50.0,3.0,1.0,2.5,4.5,0.8,14400,0.8,106,73.6,13.8,0.42,1.17,0.13,14.24,5.32,0.05,1.06
50.0,3.0,1.5,2.5,4.5,0.4,3600,0.8,120,66.7,15.62,0.6,1.2,0.13,11.15,6.03,0.05,1.08
50.0,3.0,1.5,2.5,4.5,0.6,7200,0.2,106,73.6,13.8,0.42,1.16,0.13,16.01,5.32,0.05,1.06
50.0,3.0,1.5,2.5,4.5,0.6,7200,0.4,106,73.6,13.8,0.42,1.16,0.13,16.01,5.32,0.05,1.06
50.0,4.0,0.7,1.5,3.0,0.8,3600,0.4,105,84.8,13.62,0.22,1.23,0.13,13.53,5.22,0.05,1.08
50.0,4.0,0.7,1.5,4.5,0.4,3600,0.8,116,74.1,15.08,0.44,1.26,0.13,14.02,5.8,0.05,1.1
50.0,4.0,0.7,1.5,4.5,0.8,2400,0.2,105,84.8,13.69,0.22,1.23,0.13,13.16,5.29,0.05,1.09
50.0,4.0,1.0,1.5,3.0,0.6,1200,0.2,98,80.6,12.76,0.28,1.18,0.13,16.33,4.92,0.05,1.07
50.0,4.0,1.0,2.5,3.0,0.8,1200,0.4,104,75.0,13.52,0.4,1.21,0.13,16.33,5.2,0.05,1.08
50.0,5.0,1.0,1.5,4.5,0.6,2400,0.2,91,83.5,11.86,0.23,1.16,0.13,16.95,4.58,0.05,1.06
50.0,5.0,1.0,2.5,4.5,0.6,1200,0.2,92,83.7,11.96,0.23,1.16,0.13,16.72,4.6,0.05,1.06
50.0,5.0,1.0,2.5,4.5,0.8,1200,0.2,92,83.7,11.99,0.23,1.16,0.13,16.96,4.63,0.05,1.06
55.0,2.0,1.5,2.5,3.0,0.6,1200,0.8,88,58.0,11.44,0.99,1.36,0.13,4.63,4.4,0.05,1.13
55.0,2.0,1.5,2.5,3.0,0.8,2400,0.2,69,66.7,8.98,0.6,1.2,0.13,9.8,3.46,0.05,1.07
55.0,3.0,0.7,2.5,3.0,0.4,7200,0.8,70,77.1,9.1,0.36,1.22,0.13,9.92,3.5,0.05,1.08
55.0,3.0,1.0,1.5,4.5,0.4,1200,0.4,71,71.8,9.2,0.48,1.23,0.13,7.92,3.52,0.05,1.08
55.0,4.0,1.0,2.5,4.5,0.6,1200,0.4,68,75.0,8.83,0.41,1.22,0.13,8.0,3.39,0.05,1.08
55.0,5.0,1.5,2.5,4.5,0.4,7200,0.8,61,82.0,7.92,0.25,1.16,0.13,11.53,3.04,0.05,1.06
40.0,2.0,0.7,2.5,4.5,0.4,7200,0.2,327,70.3,42.21,0.52,1.23,0.129,20.04,16.05,0.049,1.09
40.0,2.0,0.7,2.5,4.5,0.4,7200,0.4,327,70.3,42.21,0.52,1.23,0.129,20.04,16.05,0.049,1.09
40.0,2.0,1.0,2.5,4.5,0.4,2400,0.4,323,67.8,41.83,0.58,1.21,0.13,15.48,15.99,0.049,1.08
40.0,2.0,1.5,2.5,3.0,0.6,3600,0.8,348,64.4,44.95,0.68,1.23,0.129,14.23,17.11,0.049,1.08
40.0,2.0,1.5,2.5,4.5,0.8,1200,0.4,335,65.4,43.3,0.65,1.23,0.129,12.37,16.5,0.049,1.08
40.0,3.0,0.7,1.5,3.0,0.6,7200,0.8,294,77.2,37.8,0.36,1.22,0.129,15.24,14.28,0.049,1.08
40.0,3.0,1.0,1.5,4.5,0.6,2400,0.4,277,76.2,35.74,0.37,1.19,0.129,19.37,13.58,0.049,1.07
40.0,4.0,1.0,1.5,4.5,0.6,2400,0.2,238,81.1,30.65,0.27,1.17,0.129,20.24,11.61,0.049,1.06
40.0,4.0,1.0,2.5,3.0,0.8,3600,0.4,239,80.8,30.81,0.28,1.17,0.129,21.12,11.69,0.049,1.06
40.0,5.0,1.0,1.5,4.5,0.8,1200,0.4,242,81.0,31.21,0.28,1.19,0.129,29.44,11.85,0.049,1.07
45.0,2.0,0.7,2.5,3.0,0.4,2400,0.8,274,69.0,35.44,0.59,1.32,0.129,13.85,13.52,0.049,1.12
45.0,2.0,0.7,2.5,4.5,0.6,1200,0.4,265,74.0,34.15,0.46,1.31,0.129,9.45,12.95,0.049,1.11
45.0,3.0,1.5,2.5,3.0,0.4,1200,0.8,269,66.2,34.81,0.67,1.3,0.129,15.57,13.28,0.049,1.11
45.0,3.0,1.5,2.5,3.0,0.6,3600,0.4,204,74.5,26.3,0.4,1.17,0.129,19.21,9.98,0.049,1.06
45.0,3.0,1.5,2.5,4.5,0.6,2400,0.2,203,74.4,26.19,0.4,1.17,0.129,18.87,9.95,0.049,1.06
45.0,4.0,1.0,2.5,3.0,0.8,1200,0.8,245,70.6,31.55,0.55,1.32,0.129,17.35,11.95,0.049,1.11
50.0,2.0,0.7,2.5,4.5,0.6,14400,0.2,117,69.2,15.06,0.54,1.23,0.129,15.03,5.7,0.049,1.08
50.0,2.0,0.7,2.5,4.5,0.6,14400,0.4,117,69.2,15.06,0.54,1.23,0.129,15.03,5.7,0.049,1.08
50.0,3.0,1.5,2.5,3.0,0.4,7200,0.8,109,72.5,14.01,0.44,1.17,0.129,17.14,5.29,0.049,1.06
50.0,3.0,1.5,2.5,3.0,0.8,14400,0.2,105,73.3,13.56,0.42,1.16,0.129,16.77,5.16,0.049,1.06
50.0,3.0,1.5,2.5,3.0,0.8,14400,0.4,105,73.3,13.56,0.42,1.16,0.129,16.77,5.16,0.049,1.06
50.0,3.0,1.5,2.5,4.5,0.6,2400,0.4,109,72.5,14.05,0.45,1.17,0.129,11.53,5.32,0.049,1.06
50.0,4.0,0.7,2.5,3.0,0.8,1200,0.8,136,66.9,17.54,0.7,1.41,0.129,9.4,6.66,0.049,1.14
50.0,4.0,0.7,2.5,3.0,0.8,2400,0.2,105,84.8,13.55,0.22,1.22,0.129,13.37,5.15,0.049,1.08
50.0,4.0,1.0,1.5,3.0,0.6,1200,0.8,134,65.7,17.33,0.7,1.33,0.129,10.92,6.61,0.049,1.12
50.0,4.0,1.0,1.5,3.0,0.8,1200,0.2,98,80.6,12.68,0.28,1.18,0.129,16.5,4.84,0.049,1.07
50.0,5.0,1.0,1.5,4.5,0.6,14400,0.8,91,82.4,11.75,0.25,1.16,0.129,16.84,4.47,0.049,1.06
50.0,5.0,1.0,2.5,3.0,0.6,3600,0.2,91,83.5,11.76,0.23,1.16,0.129,17.1,4.48,0.049,1.06
50.0,5.0,1.0,2.5,3.0,0.8,3600,0.2,91,83.5,11.72,0.23,1.16,0.129,17.34,4.44,0.049,1.06
55.0,2.0,1.5,2.5,4.5,0.8,7200,0.8,73,65.8,9.39,0.63,1.2,0.129,10.05,3.55,0.049,1.07
55.0,3.0,1.0,2.5,4.5,0.4,2400,0.8,75,72.0,9.65,0.48,1.23,0.129,6.53,3.65,0.049,1.08
55.0,3.0,1.0,2.5,4.5,0.8,1200,0.8,83,63.9,10.69,0.76,1.34,0.129,6.25,4.05,0.049,1.12
55.0,4.0,1.0,2.5,3.0,0.6,1200,0.4,68,75.0,8.76,0.4,1.21,0.129,8.0,3.32,0.049,1.08
55.0,4.0,1.0,2.5,3.0,0.8,1200,0.4,68,75.0,8.78,0.4,1.21,0.129,8.05,3.34,0.049,1.08
55.0,5.0,1.5,2.5,3.0,0.4,7200,0.8,61,82.0,7.88,0.25,1.16,0.129,11.53,3.0,0.049,1.06
40.0,3.0,0.7,1.5,4.5,0.6,3600,0.4,296,80.1,37.93,0.31,1.23,0.128,14.85,14.25,0.048,1.08
40.0,3.0,1.0,1.5,3.0,0.6,3600,0.4,274,76.6,35.1,0.36,1.18,0.128,18.27,13.18,0.048,1.07
40.0,3.0,1.0,1.5,4.5,0.8,7200,0.2,273,76.2,35.08,0.37,1.18,0.128,18.79,13.24,0.048,1.07
40.0,3.0,1.0,1.5,4.5,0.8,7200,0.4,273,76.2,35.08,0.37,1.18,0.128,18.79,13.24,0.048,1.07
40.0,3.0,1.0,2.5,4.5,0.8,7200,0.8,278,74.8,35.63,0.4,1.18,0.128,19.11,13.39,0.048,1.07
40.0,4.0,0.7,1.5,4.5,0.6,7200,0.2,252,82.9,32.13,0.25,1.2,0.128,18.16,11.97,0.048,1.07
40.0,4.0,0.7,1.5,4.5,0.6,7200,0.4,252,82.9,32.13,0.25,1.2,0.128,18.16,11.97,0.048,1.07
40.0,4.0,1.0,1.5,3.0,0.4,2400,0.4,243,80.2,31.12,0.29,1.17,0.128,20.79,11.68,0.048,1.06
40.0,4.0,1.0,1.5,4.5,0.6,3600,0.4,239,80.8,30.51,0.28,1.17,0.128,21.64,11.39,0.048,1.06
40.0,4.0,1.0,2.5,4.5,0.6,2400,0.4,243,80.2,31.11,0.29,1.17,0.128,21.0,11.67,0.048,1.06
40.0,5.0,0.7,2.5,4.5,0.4,1200,0.2,250,88.4,32.09,0.16,1.22,0.128,23.1,12.09,0.048,1.08
40.0,5.0,1.0,1.5,3.0,0.8,1200,0.4,242,81.0,30.99,0.28,1.19,0.128,29.44,11.63,0.048,1.07
45.0,2.0,1.0,2.5,4.5,0.4,1200,0.8,300,64.3,38.36,0.75,1.36,0.128,12.96,14.36,0.048,1.12
45.0,2.0,1.0,2.5,4.5,0.8,1200,0.4,244,68.0,31.25,0.58,1.23,0.128,10.98,11.73,0.048,1.08
45.0,3.0,1.5,2.5,4.5,0.6,1200,0.2,204,74.0,26.03,0.41,1.17,0.128,17.67,9.71,0.048,1.06
45.0,4.0,1.0,1.5,4.5,0.8,3600,0.2,174,81.6,22.35,0.26,1.17,0.128,20.41,8.43,0.048,1.06
45.0,4.0,1.0,2.5,4.5,0.8,1200,0.2,176,81.2,22.57,0.27,1.18,0.128,20.46,8.49,0.048,1.06
45.0,4.0,1.5,2.5,4.5,0.6,2400,0.8,206,72.8,26.39,0.45,1.21,0.128,20.61,9.91,0.048,1.07
50.0,2.0,1.5,2.5,4.5,0.8,2400,0.8,126,61.1,16.13,0.8,1.25,0.128,10.15,6.05,0.048,1.09
50.0,3.0,0.7,1.5,3.0,0.8,14400,0.2,109,76.1,13.95,0.38,1.2,0.128,13.46,5.23,0.048,1.07
50.0,3.0,0.7,1.5,3.0,0.8,14400,0.4,109,76.1,13.95,0.38,1.2,0.128,13.46,5.23,0.048,1.07
50.0,3.0,0.7,1.5,4.5,0.6,7200,0.8,114,76.3,14.63,0.38,1.22,0.128,12.25,5.51,0.048,1.08
50.0,3.0,0.7,2.5,4.5,0.4,7200,0.2,112,77.7,14.32,0.35,1.2,0.128,14.89,5.36,0.048,1.07
50.0,3.0,0.7,2.5,4.5,0.4,7200,0.4,112,77.7,14.32,0.35,1.2,0.128,14.89,5.36,0.048,1.07
50.0,3.0,1.5,2.5,3.0,0.4,3600,0.8,120,66.7,15.31,0.6,1.2,0.128,11.15,5.71,0.048,1.07
50.0,3.0,1.5,2.5,4.5,0.8,2400,0.4,107,73.8,13.67,0.41,1.17,0.128,11.21,5.11,0.048,1.06
50.0,4.0,0.7,1.5,3.0,0.6,2400,0.2,105,84.8,13.41,0.22,1.22,0.128,13.48,5.01,0.048,1.08
50.0,4.0,0.7,1.5,4.5,0.4,2400,0.8,118,73.7,15.09,0.46,1.28,0.128,14.31,5.65,0.048,1.1
50.0,4.0,1.0,1.5,3.0,0.8,3600,0.2,95,81.1,12.19,0.27,1.17,0.128,16.5,4.59,0.048,1.06
50.0,5.0,1.0,1.5,3.0,0.8,1200,0.8,130,66.9,16.68,0.65,1.32,0.128,8.97,6.28,0.048,1.11
50.0,5.0,1.0,1.5,3.0,0.8,14400,0.8,91,82.4,11.63,0.25,1.15,0.128,17.14,4.35,0.048,1.06
50.0,5.0,1.0,1.5,4.5,0.4,2400,0.4,92,83.7,11.81,0.23,1.16,0.128,16.75,4.45,0.048,1.06
55.0,2.0,1.5,2.5,4.5,0.8,1200,0.8,88,58.0,11.26,0.99,1.36,0.128,4.63,4.22,0.048,1.12
55.0,3.0,1.0,1.5,3.0,0.4,1200,0.4,71,71.8,9.09,0.48,1.23,0.128,7.92,3.41,0.048,1.08
40.0,2.0,0.7,2.5,4.5,0.4,7200,0.8,335,69.0,42.6,0.56,1.24,0.127,18.79,15.8,0.047,1.08
40.0,2.0,1.0,1.5,4.5,0.6,14400,0.2,316,68.0,40.24,0.56,1.2,0.127,19.48,14.96,0.047,1.07
40.0,2.0,1.0,1.5,4.5,0.6,14400,0.4,316,68.0,40.24,0.56,1.2,0.127,19.48,14.96,0.047,1.07
40.0,3.0,0.7,2.5,4.5,0.4,2400,0.4,307,79.5,38.97,0.32,1.23,0.127,14.92,14.41,0.047,1.08
40.0,3.0,1.0,1.5,3.0,0.6,2400,0.2,274,76.6,34.73,0.36,1.18,0.127,19.37,12.81,0.047,1.06
40.0,3.0,1.5,2.5,4.5,0.6,2400,0.8,329,69.0,41.82,0.55,1.22,0.127,21.21,15.5,0.047,1.08
40.0,4.0,0.7,1.5,3.0,0.6,7200,0.8,258,81.4,32.75,0.28,1.21,0.127,17.54,12.11,0.047,1.07
40.0,4.0,0.7,2.5,3.0,0.6,3600,0.2,261,84.3,33.22,0.23,1.21,0.127,19.9,12.34,0.047,1.08
40.0,4.0,1.0,1.5,3.0,0.6,2400,0.2,238,81.1,30.16,0.27,1.17,0.127,20.18,11.12,0.047,1.06
40.0,4.0,1.0,1.5,4.5,0.8,3600,0.2,238,81.1,30.2,0.27,1.17,0.127,20.59,11.16,0.047,1.06
40.0,5.0,0.7,1.5,4.5,0.4,2400,0.4,248,86.7,31.43,0.19,1.22,0.127,25.59,11.59,0.047,1.08
40.0,5.0,0.7,1.5,4.5,0.8,2400,0.2,245,87.8,31.03,0.17,1.21,0.127,24.36,11.44,0.047,1.08
40.0,5.0,0.7,2.5,3.0,0.4,1200,0.2,250,88.4,31.78,0.16,1.22,0.127,23.1,11.78,0.047,1.08
45.0,2.0,0.7,2.5,3.0,0.6,1200,0.4,265,74.0,33.62,0.46,1.3,0.127,9.45,12.42,0.047,1.11
45.0,2.0,1.0,1.5,3.0,0.6,1200,0.4,244,68.0,31.08,0.58,1.23,0.127,11.77,11.56,0.047,1.08
45.0,2.0,1.0,2.5,3.0,0.4,1200,0.8,300,64.3,38.01,0.75,1.35,0.127,12.96,14.01,0.047,1.12
45.0,3.0,1.5,2.5,4.5,0.6,,0.4,203,73.9,25.82,0.41,1.16,0.127,19.48,9.58,0.047,1.06
45.0,4.0,1.0,2.5,4.5,0.8,3600,0.4,175,81.1,22.26,0.27,1.17,0.127,19.89,8.26,0.047,1.06
50.0,2.0,0.7,2.5,4.5,0.4,7200,0.2,120,70.8,15.23,0.51,1.23,0.127,13.16,5.63,0.047,1.08
50.0,2.0,0.7,2.5,4.5,0.4,7200,0.4,120,70.8,15.23,0.51,1.23,0.127,13.16,5.63,0.047,1.08
50.0,3.0,1.5,2.5,4.5,0.6,14400,0.2,106,73.6,13.42,0.42,1.16,0.127,16.38,4.94,0.047,1.06
50.0,3.0,1.5,2.5,4.5,0.6,14400,0.4,106,73.6,13.42,0.42,1.16,0.127,16.38,4.94,0.047,1.06
50.0,3.0,1.5,2.5,4.5,0.8,7200,0.2,105,73.3,13.35,0.42,1.16,0.127,16.08,4.95,0.047,1.06
50.0,3.0,1.5,2.5,4.5,0.8,7200,0.4,105,73.3,13.35,0.42,1.16,0.127,16.08,4.95,0.047,1.06
50.0,4.0,0.7,1.5,3.0,0.4,3600,0.8,116,74.1,14.76,0.44,1.26,0.127,14.39,5.48,0.047,1.09
50.0,4.0,0.7,1.5,3.0,0.6,1200,0.8,136,66.9,17.3,0.69,1.4,0.127,9.16,6.42,0.047,1.14
50.0,4.0,0.7,1.5,3.0,0.8,1200,0.8,136,66.9,17.21,0.69,1.4,0.127,9.21,6.33,0.047,1.14
50.0,4.0,1.0,1.5,3.0,0.8,1200,0.8,134,65.7,16.99,0.69,1.33,0.127,10.97,6.27,0.047,1.11
50.0,4.0,1.0,2.5,4.5,0.6,2400,0.4,97,79.4,12.36,0.3,1.17,0.127,15.72,4.59,0.047,1.06
50.0,5.0,0.7,1.5,4.5,0.4,1200,0.8,132,67.4,16.73,0.67,1.38,0.127,8.99,6.17,0.047,1.13
50.0,5.0,0.7,2.5,4.5,0.8,14400,0.2,96,84.4,12.2,0.22,1.18,0.127,15.0,4.52,0.047,1.07
50.0,5.0,0.7,2.5,4.5,0.8,14400,0.4,96,84.4,12.2,0.22,1.18,0.127,15.0,4.52,0.047,1.07
50.0,5.0,1.0,2.5,4.5,0.6,3600,0.4,91,83.5,11.53,0.23,1.15,0.127,16.72,4.25,0.047,1.06
50.0,5.0,1.0,2.5,4.5,0.8,3600,0.4,91,83.5,11.51,0.23,1.15,0.126,16.96,4.23,0.047,1.06
55.0,2.0,1.5,2.5,4.5,0.8,7200,0.2,69,66.7,8.75,0.6,1.19,0.127,9.82,3.23,0.047,1.07
55.0,2.0,1.5,2.5,4.5,0.8,7200,0.4,69,66.7,8.75,0.6,1.19,0.127,9.82,3.23,0.047,1.07
55.0,3.0,1.0,2.5,3.0,0.4,2400,0.8,75,72.0,9.53,0.48,1.23,0.127,6.53,3.53,0.047,1.08
55.0,5.0,1.5,2.5,4.5,0.6,1200,0.8,82,65.9,10.4,0.67,1.3,0.127,5.32,3.84,0.047,1.1
40.0,2.0,1.0,1.5,3.0,0.4,7200,0.2,318,68.2,40.06,0.56,1.2,0.126,19.65,14.61,0.046,1.07
40.0,2.0,1.0,1.5,3.0,0.4,7200,0.4,318,68.2,40.06,0.56,1.2,0.126,19.65,14.61,0.046,1.07
40.0,2.0,1.0,1.5,3.0,0.4,14400,0.8,319,68.0,40.16,0.56,1.2,0.126,19.58,14.64,0.046,1.07
40.0,2.0,1.0,1.5,4.5,0.8,,0.4,311,67.8,39.16,0.57,1.2,0.126,20.8,14.28,0.046,1.07
40.0,2.0,1.5,2.5,3.0,0.8,1200,0.4,335,65.4,42.26,0.65,1.23,0.126,12.75,15.46,0.046,1.08
40.0,3.0,0.7,2.5,3.0,0.8,3600,0.2,296,79.7,37.32,0.31,1.22,0.126,16.4,13.63,0.046,1.08
40.0,3.0,1.0,1.5,3.0,0.6,2400,0.4,277,76.2,34.96,0.37,1.18,0.126,19.37,12.8,0.046,1.07
40.0,3.0,1.0,2.5,4.5,0.8,3600,0.2,274,75.9,34.57,0.37,1.18,0.126,19.7,12.65,0.046,1.06
40.0,3.0,1.5,2.5,4.5,0.8,3600,0.8,304,70.4,38.41,0.5,1.2,0.126,26.33,14.09,0.046,1.07
40.0,4.0,0.7,1.5,4.5,0.4,3600,0.2,261,84.3,32.79,0.22,1.21,0.126,19.35,11.91,0.046,1.07
40.0,4.0,0.7,2.5,4.5,0.4,2400,0.2,264,84.5,33.31,0.22,1.21,0.126,19.33,12.19,0.046,1.08
40.0,4.0,1.0,2.5,3.0,0.6,2400,0.4,243,80.2,30.62,0.29,1.17,0.126,20.94,11.18,0.046,1.06
40.0,4.0,1.0,2.5,4.5,0.4,1200,0.2,241,80.9,30.43,0.27,1.17,0.126,19.75,11.15,0.046,1.06
40.0,4.0,1.5,2.5,4.5,0.6,2400,0.8,288,72.2,36.24,0.46,1.21,0.126,20.63,13.19,0.046,1.07
45.0,2.0,1.5,2.5,4.5,0.8,2400,0.8,265,64.9,33.3,0.68,1.26,0.126,14.28,12.1,0.046,1.09
45.0,3.0,0.7,1.5,4.5,0.4,1200,0.4,242,78.5,30.42,0.35,1.27,0.126,15.05,11.06,0.046,1.1
45.0,3.0,1.5,2.5,3.0,0.6,1200,0.2,204,74.0,25.62,0.41,1.17,0.126,17.67,9.3,0.046,1.06
45.0,3.0,1.5,2.5,3.0,0.6,2400,0.2,203,74.4,25.66,0.4,1.17,0.126,18.87,9.42,0.046,1.06
45.0,3.0,1.5,2.5,3.0,0.8,2400,0.4,208,74.5,26.28,0.4,1.17,0.126,19.48,9.64,0.046,1.06
45.0,4.0,1.0,1.5,3.0,0.8,2400,0.2,174,81.6,21.99,0.26,1.17,0.126,20.93,8.07,0.046,1.06
45.0,4.0,1.0,2.5,3.0,0.8,1200,0.2,176,81.2,22.16,0.27,1.17,0.126,20.46,8.08,0.046,1.06
45.0,4.0,1.5,2.5,3.0,0.6,2400,0.8,206,72.8,25.87,0.45,1.2,0.126,20.56,9.39,0.046,1.07
50.0,3.0,0.7,2.5,3.0,0.4,7200,0.2,112,77.7,14.08,0.34,1.2,0.126,14.89,5.12,0.046,1.07
50.0,3.0,0.7,2.5,3.0,0.4,7200,0.4,112,77.7,14.08,0.34,1.2,0.126,14.89,5.12,0.046,1.07
50.0,3.0,1.5,2.5,4.5,0.4,1200,0.2,109,72.5,13.76,0.44,1.16,0.126,15.08,5.04,0.046,1.06
50.0,4.0,0.7,2.5,4.5,0.6,2400,0.8,117,73.5,14.72,0.46,1.28,0.126,14.13,5.36,0.046,1.1
50.0,4.0,1.0,1.5,3.0,0.6,1200,0.4,104,75.0,13.11,0.4,1.2,0.126,16.33,4.79,0.046,1.07
50.0,4.0,1.0,1.5,3.0,0.6,3600,0.4,95,81.1,11.97,0.27,1.17,0.126,16.33,4.37,0.046,1.06
50.0,4.0,1.0,1.5,4.5,0.8,3600,0.4,95,81.1,11.99,0.27,1.17,0.126,16.12,4.39,0.046,1.06
50.0,5.0,0.7,2.5,4.5,0.6,1200,0.2,103,87.4,12.93,0.18,1.22,0.126,14.75,4.69,0.046,1.08
55.0,2.0,1.5,2.5,3.0,0.8,1200,0.8,88,58.0,11.04,0.98,1.35,0.125,4.63,4.0,0.046,1.12
55.0,3.0,1.0,2.5,3.0,0.8,1200,0.8,83,63.9,10.47,0.75,1.33,0.126,6.25,3.83,0.046,1.11
55.0,3.0,1.0,2.5,4.5,0.6,1200,0.8,83,63.9,10.44,0.75,1.33,0.126,6.25,3.8,0.046,1.11
55.0,3.0,1.5,2.5,4.5,0.8,2400,0.8,74,73.0,9.3,0.45,1.23,0.126,7.67,3.38,0.046,1.08
55.0,5.0,1.5,2.5,3.0,0.6,1200,0.8,82,65.9,10.33,0.67,1.3,0.126,5.32,3.77,0.046,1.1
40.0,2.0,1.0,2.5,3.0,0.4,2400,0.4,323,67.8,40.42,0.57,1.21,0.125,15.85,14.58,0.045,1.07
40.0,2.0,1.0,2.5,3.0,0.6,7200,0.2,316,68.0,39.39,0.56,1.2,0.125,20.09,14.11,0.045,1.07
40.0,2.0,1.0,2.5,3.0,0.6,7200,0.4,316,68.0,39.39,0.56,1.2,0.125,20.09,14.11,0.045,1.07
40.0,2.0,1.0,2.5,4.5,0.6,2400,0.2,317,68.5,39.72,0.55,1.2,0.125,18.8,14.36,0.045,1.07
40.0,2.0,1.0,2.5,4.5,0.6,3600,0.4,317,67.8,39.49,0.57,1.2,0.125,19.21,14.13,0.045,1.07
40.0,2.0,1.0,2.5,4.5,0.8,7200,0.2,315,67.9,39.41,0.56,1.2,0.125,19.94,14.21,0.045,1.07
40.0,2.0,1.0,2.5,4.5,0.8,7200,0.4,315,67.9,39.41,0.56,1.2,0.125,19.94,14.21,0.045,1.07
40.0,3.0,0.7,1.5,3.0,0.6,3600,0.4,296,80.1,36.92,0.3,1.22,0.125,14.85,13.24,0.045,1.08
40.0,3.0,0.7,1.5,4.5,0.8,3600,0.4,296,80.1,36.99,0.3,1.22,0.125,15.0,13.31,0.045,1.08
40.0,3.0,1.5,2.5,3.0,0.6,2400,0.8,329,69.0,41.06,0.55,1.22,0.125,21.21,14.74,0.045,1.08
40.0,4.0,0.7,2.5,4.5,0.6,3600,0.4,262,84.0,32.84,0.23,1.21,0.125,19.92,11.88,0.045,1.07
40.0,4.0,1.0,1.5,3.0,0.6,3600,0.4,239,80.8,29.8,0.28,1.17,0.125,21.51,10.68,0.045,1.06
40.0,4.0,1.0,1.5,4.5,0.6,7200,0.8,242,79.8,30.33,0.3,1.17,0.125,21.36,10.98,0.045,1.06
40.0,4.0,1.0,2.5,3.0,0.4,1200,0.2,241,80.9,30.13,0.27,1.16,0.125,19.74,10.85,0.045,1.06
45.0,2.0,0.7,1.5,4.5,0.6,1200,0.4,265,74.0,33.2,0.46,1.3,0.125,9.35,12.0,0.045,1.1
45.0,2.0,1.0,1.5,4.5,0.8,1200,0.4,244,68.0,30.51,0.58,1.23,0.125,10.98,10.99,0.045,1.08
45.0,2.0,1.0,2.5,3.0,0.8,1200,0.4,244,68.0,30.53,0.58,1.23,0.125,11.18,11.01,0.045,1.08
45.0,3.0,0.7,1.5,3.0,0.4,1200,0.4,242,78.5,30.15,0.35,1.27,0.125,15.05,10.79,0.045,1.09
45.0,3.0,1.5,2.5,3.0,0.8,14400,0.2,203,73.9,25.35,0.41,1.16,0.125,20.0,9.11,0.045,1.06
45.0,3.0,1.5,2.5,3.0,0.8,14400,0.4,203,73.9,25.35,0.41,1.16,0.125,20.0,9.11,0.045,1.06
45.0,3.0,1.5,2.5,4.5,0.6,14400,0.2,203,73.9,25.29,0.41,1.16,0.125,19.71,9.05,0.045,1.06
45.0,3.0,1.5,2.5,4.5,0.6,14400,0.4,203,73.9,25.29,0.41,1.16,0.125,19.71,9.05,0.045,1.06
45.0,4.0,1.0,1.5,3.0,0.8,3600,0.2,174,81.6,21.71,0.26,1.17,0.125,20.41,7.79,0.045,1.06
45.0,4.0,1.0,1.5,4.5,0.4,1200,0.4,188,78.2,23.44,0.33,1.19,0.125,19.98,8.4,0.045,1.07
45.0,4.0,1.0,1.5,4.5,0.8,1200,0.2,176,81.2,21.97,0.27,1.17,0.125,20.63,7.89,0.045,1.06
50.0,2.0,0.7,2.5,3.0,0.4,7200,0.2,120,70.8,15.0,0.5,1.22,0.125,13.16,5.39,0.045,1.08
50.0,2.0,0.7,2.5,3.0,0.4,7200,0.4,120,70.8,15.0,0.5,1.22,0.125,13.16,5.39,0.045,1.08
50.0,2.0,0.7,2.5,3.0,0.6,14400,0.2,117,69.2,14.59,0.54,1.22,0.125,15.03,5.23,0.045,1.08
50.0,2.0,0.7,2.5,3.0,0.6,14400,0.4,117,69.2,14.59,0.54,1.22,0.125,15.03,5.23,0.045,1.08
50.0,2.0,1.5,2.5,3.0,0.8,1200,0.4,119,63.9,14.83,0.69,1.23,0.125,10.08,5.31,0.045,1.08
50.0,3.0,1.5,2.5,3.0,0.6,7200,0.2,106,73.6,13.28,0.42,1.16,0.125,16.01,4.8,0.045,1.06
50.0,3.0,1.5,2.5,3.0,0.6,7200,0.4,106,73.6,13.28,0.42,1.16,0.125,16.01,4.8,0.045,1.06
50.0,3.0,1.5,2.5,4.5,0.6,2400,0.2,106,73.6,13.2,0.42,1.16,0.125,15.51,4.72,0.045,1.05
50.0,4.0,0.7,1.5,3.0,0.4,2400,0.8,118,73.7,14.69,0.46,1.28,0.124,14.69,5.25,0.045,1.09
50.0,4.0,1.0,1.5,3.0,0.8,1200,0.4,104,75.0,12.99,0.4,1.2,0.125,16.5,4.67,0.045,1.07
50.0,5.0,0.7,1.5,4.5,0.4,3600,0.2,101,87.1,12.62,0.18,1.2,0.125,14.94,4.54,0.045,1.07
50.0,5.0,0.7,2.5,4.5,0.6,1200,0.8,132,67.4,16.55,0.67,1.38,0.125,9.16,5.99,0.045,1.13
50.0,5.0,0.7,2.5,4.5,0.8,1200,0.2,103,87.4,12.93,0.18,1.22,0.126,14.87,4.69,0.045,1.08
50.0,5.0,0.7,2.5,4.5,0.8,1200,0.8,132,67.4,16.44,0.66,1.38,0.125,9.28,5.88,0.045,1.12
50.0,5.0,1.0,1.5,4.5,0.8,2400,0.2,91,83.5,11.42,0.23,1.15,0.125,17.12,4.14,0.045,1.05
50.0,5.0,1.0,2.5,4.5,0.4,2400,0.8,104,74.0,12.98,0.42,1.19,0.125,18.09,4.65,0.045,1.07
50.0,5.0,1.5,2.5,3.0,0.8,1200,0.4,96,78.1,12.03,0.33,1.17,0.125,16.02,4.35,0.045,1.06
55.0,2.0,1.5,2.5,3.0,0.4,3600,0.8,78,62.8,9.74,0.73,1.23,0.125,8.65,3.5,0.045,1.08
55.0,2.0,1.5,2.5,3.0,0.6,3600,0.8,78,62.8,9.75,0.73,1.23,0.125,8.86,3.51,0.045,1.08
55.0,2.0,1.5,2.5,4.5,0.4,3600,0.8,78,62.8,9.79,0.73,1.23,0.126,8.65,3.55,0.045,1.08
55.0,3.0,1.0,2.5,3.0,0.6,1200,0.8,83,63.9,10.37,0.75,1.33,0.125,6.25,3.73,0.045,1.11
55.0,5.0,1.5,2.5,4.5,0.4,1200,0.4,66,75.8,8.23,0.38,1.18,0.125,10.0,2.95,0.045,1.06
40.0,2.0,0.7,1.5,3.0,0.4,14400,0.2,323,69.7,40.07,0.53,1.22,0.124,17.58,14.23,0.044,1.08
40.0,2.0,0.7,1.5,3.0,0.4,14400,0.4,323,69.7,40.07,0.53,1.22,0.124,17.58,14.23,0.044,1.08
40.0,2.0,0.7,1.5,3.0,0.8,14400,0.2,319,69.6,39.47,0.54,1.22,0.124,18.57,13.95,0.044,1.08
40.0,2.0,0.7,1.5,3.0,0.8,14400,0.4,319,69.6,39.47,0.54,1.22,0.124,18.57,13.95,0.044,1.08
40.0,2.0,0.7,1.5,4.5,0.6,14400,0.2,321,69.5,39.92,0.54,1.22,0.124,17.31,14.24,0.044,1.08
40.0,2.0,0.7,1.5,4.5,0.6,14400,0.4,321,69.5,39.92,0.54,1.22,0.124,17.31,14.24,0.044,1.08
40.0,2.0,1.0,1.5,4.5,0.4,2400,0.2,318,68.6,39.39,0.55,1.2,0.124,18.06,13.95,0.044,1.07
40.0,2.0,1.0,2.5,4.5,0.6,3600,0.2,317,68.1,39.38,0.56,1.19,0.124,20.56,14.02,0.044,1.07
40.0,3.0,0.7,2.5,3.0,0.4,2400,0.4,307,79.5,37.92,0.32,1.22,0.124,14.92,13.36,0.044,1.08
40.0,3.0,1.0,1.5,4.5,0.8,3600,0.4,274,76.6,34.1,0.36,1.18,0.124,18.62,12.18,0.044,1.06
40.0,3.0,1.0,2.5,4.5,0.8,2400,0.2,274,76.3,33.92,0.37,1.18,0.124,20.35,12.0,0.044,1.06
40.0,4.0,1.5,2.5,3.0,0.6,2400,0.8,288,72.2,35.76,0.46,1.2,0.124,20.57,12.72,0.044,1.07
40.0,4.0,1.5,2.5,4.5,0.8,2400,0.8,288,72.6,35.58,0.46,1.21,0.124,17.98,12.54,0.044,1.07
40.0,5.0,0.7,1.5,3.0,0.4,2400,0.4,248,86.7,30.7,0.19,1.21,0.124,25.59,10.87,0.044,1.07
40.0,5.0,0.7,1.5,4.5,0.4,2400,0.8,289,78.5,35.85,0.35,1.27,0.124,17.55,12.73,0.044,1.09
40.0,5.0,0.7,2.5,4.5,0.4,1200,0.8,348,70.1,43.25,0.59,1.38,0.124,17.17,15.41,0.044,1.13
40.0,5.0,0.7,2.5,4.5,0.8,2400,0.2,245,87.8,30.49,0.17,1.21,0.124,24.57,10.89,0.044,1.07
40.0,5.0,1.0,2.5,4.5,0.8,1200,0.4,242,81.0,30.08,0.28,1.19,0.124,29.8,10.72,0.044,1.06
45.0,3.0,0.7,2.5,4.5,0.4,2400,0.8,249,73.9,30.78,0.45,1.28,0.124,17.27,10.86,0.044,1.09
45.0,3.0,1.5,2.5,3.0,0.8,14400,0.8,203,73.9,25.23,0.41,1.16,0.124,20.12,8.99,0.044,1.06
45.0,3.0,1.5,2.5,4.5,0.6,7200,0.2,203,73.9,25.14,0.41,1.16,0.124,19.94,8.9,0.044,1.06
45.0,3.0,1.5,2.5,4.5,0.6,7200,0.4,203,73.9,25.14,0.41,1.16,0.124,19.94,8.9,0.044,1.06
45.0,4.0,1.0,2.5,3.0,0.8,3600,0.4,175,81.1,21.62,0.27,1.17,0.124,19.89,7.62,0.044,1.06
45.0,4.0,1.0,2.5,4.5,0.8,2400,0.4,177,81.4,21.93,0.27,1.17,0.124,20.77,7.77,0.044,1.06
50.0,2.0,1.0,2.5,4.5,0.4,14400,0.8,115,66.1,14.22,0.61,1.19,0.124,14.73,5.02,0.044,1.06
50.0,3.0,0.7,1.5,3.0,0.6,7200,0.8,114,76.3,14.12,0.38,1.21,0.124,12.63,4.99,0.044,1.07
50.0,3.0,0.7,1.5,3.0,0.8,7200,0.8,115,75.7,14.21,0.39,1.22,0.124,12.83,5.01,0.044,1.07
50.0,5.0,0.7,1.5,3.0,0.4,1200,0.8,132,67.4,16.34,0.66,1.37,0.124,8.99,5.78,0.044,1.12
50.0,5.0,0.7,1.5,4.5,0.4,1200,0.2,103,87.4,12.79,0.18,1.21,0.124,14.94,4.55,0.044,1.07
50.0,5.0,1.0,1.5,3.0,0.4,2400,0.4,92,83.7,11.41,0.22,1.15,0.124,17.12,4.05,0.044,1.05
50.0,5.0,1.0,1.5,3.0,0.6,14400,0.8,91,82.4,11.28,0.25,1.15,0.124,17.21,4.0,0.044,1.05
50.0,5.0,1.0,1.5,4.5,0.6,3600,0.2,91,83.5,11.24,0.23,1.15,0.124,16.95,3.96,0.044,1.05
50.0,5.0,1.0,2.5,3.0,0.6,1200,0.2,92,83.7,11.43,0.22,1.15,0.124,17.1,4.07,0.044,1.05
50.0,5.0,1.0,2.5,4.5,0.6,2400,0.4,91,83.5,11.32,0.23,1.15,0.124,16.72,4.04,0.044,1.05
55.0,2.0,1.0,2.5,4.5,0.4,2400,0.8,81,64.2,10.04,0.7,1.26,0.124,6.0,3.56,0.044,1.09
55.0,2.0,1.5,2.5,3.0,0.8,7200,0.8,73,65.8,9.08,0.62,1.19,0.124,10.05,3.24,0.044,1.07
55.0,2.0,1.5,2.5,4.5,0.6,3600,0.8,78,62.8,9.69,0.73,1.23,0.124,8.86,3.45,0.044,1.08
55.0,3.0,1.5,2.5,3.0,0.8,2400,0.8,74,73.0,9.19,0.45,1.22,0.124,7.67,3.27,0.044,1.08
40.0,2.0,0.7,1.5,3.0,0.4,14400,0.8,323,69.7,39.64,0.53,1.22,0.123,17.83,13.8,0.043,1.07
40.0,2.0,0.7,1.5,3.0,0.4,,0.4,317,68.5,39.08,0.56,1.22,0.123,15.81,13.72,0.043,1.07
40.0,2.0,0.7,1.5,4.5,0.6,14400,0.8,321,69.5,39.49,0.54,1.22,0.123,17.56,13.81,0.043,1.07
40.0,2.0,1.0,1.5,4.5,0.6,14400,0.8,317,67.8,39.06,0.57,1.19,0.123,20.23,13.7,0.043,1.07
40.0,3.0,0.7,1.5,4.5,0.4,2400,0.2,300,80.3,36.88,0.3,1.22,0.123,15.77,12.88,0.043,1.07
40.0,3.0,1.0,1.5,4.5,0.4,1200,0.2,277,76.5,34.16,0.36,1.18,0.123,18.38,12.0,0.043,1.06
40.0,3.0,1.0,2.5,4.5,0.8,2400,0.4,277,75.8,34.19,0.38,1.18,0.123,20.35,12.03,0.043,1.06
40.0,4.0,0.7,1.5,3.0,0.6,7200,0.2,252,82.9,31.1,0.25,1.19,0.123,18.16,10.94,0.043,1.07
40.0,4.0,0.7,1.5,3.0,0.6,7200,0.4,252,82.9,31.1,0.25,1.19,0.123,18.16,10.94,0.043,1.07
40.0,4.0,0.7,2.5,3.0,0.4,2400,0.2,264,84.5,32.6,0.22,1.21,0.123,19.33,11.48,0.043,1.07
40.0,4.0,1.0,2.5,4.5,0.4,3600,0.8,267,75.3,32.83,0.39,1.18,0.123,24.6,11.47,0.043,1.06
40.0,5.0,0.7,1.5,3.0,0.8,2400,0.2,245,87.8,30.13,0.17,1.21,0.123,24.36,10.53,0.043,1.07
40.0,5.0,0.7,1.5,4.5,0.4,1200,0.2,250,88.4,30.8,0.16,1.22,0.123,22.98,10.8,0.043,1.07
40.0,5.0,0.7,2.5,3.0,0.4,1200,0.8,348,70.1,42.94,0.59,1.38,0.123,17.17,15.1,0.043,1.12
40.0,5.0,0.7,2.5,4.5,0.6,2400,0.4,248,86.7,30.59,0.19,1.21,0.123,25.88,10.75,0.043,1.07
40.0,5.0,0.7,2.5,4.5,0.6,2400,0.8,289,78.5,35.54,0.35,1.26,0.123,17.59,12.42,0.043,1.09
40.0,5.0,1.0,2.5,3.0,0.8,1200,0.4,242,81.0,29.86,0.28,1.19,0.123,29.8,10.5,0.043,1.06
45.0,2.0,0.7,1.5,3.0,0.6,1200,0.4,265,74.0,32.67,0.46,1.3,0.123,9.35,11.47,0.043,1.1
45.0,2.0,0.7,2.5,4.5,0.8,1200,0.4,265,74.0,32.64,0.46,1.3,0.123,9.35,11.44,0.043,1.1
45.0,3.0,0.7,2.5,4.5,0.6,3600,0.8,238,74.4,29.38,0.43,1.26,0.123,15.93,10.34,0.043,1.09
45.0,3.0,1.5,2.5,4.5,0.6,14400,0.8,203,73.9,24.98,0.41,1.16,0.123,20.02,8.74,0.043,1.05
45.0,4.0,0.7,1.5,4.5,0.8,2400,0.8,225,77.8,27.61,0.36,1.27,0.123,17.9,9.61,0.043,1.09
45.0,4.0,0.7,2.5,4.5,0.8,2400,0.8,225,77.8,27.75,0.36,1.27,0.123,17.48,9.75,0.043,1.09
45.0,4.0,1.0,1.5,3.0,0.4,1200,0.4,188,78.2,23.17,0.33,1.19,0.123,19.98,8.13,0.043,1.06
50.0,2.0,0.7,1.5,4.5,0.6,14400,0.8,117,69.2,14.33,0.54,1.22,0.122,13.11,4.97,0.043,1.07
50.0,2.0,0.7,2.5,3.0,0.8,7200,0.8,123,68.3,15.18,0.57,1.24,0.123,11.12,5.34,0.043,1.08
50.0,3.0,1.5,2.5,3.0,0.4,1200,0.2,109,72.5,13.37,0.44,1.16,0.123,15.08,4.65,0.043,1.05
50.0,4.0,0.7,1.5,3.0,0.8,2400,0.2,105,84.8,12.9,0.22,1.21,0.123,13.53,4.5,0.043,1.07
50.0,5.0,1.0,2.5,3.0,0.8,1200,0.2,92,83.7,11.32,0.22,1.15,0.123,17.34,3.96,0.043,1.05
55.0,2.0,1.0,2.5,3.0,0.4,2400,0.8,81,64.2,9.92,0.7,1.26,0.122,6.0,3.44,0.043,1.08
55.0,3.0,1.0,1.5,4.5,0.8,1200,0.4,71,71.8,8.73,0.48,1.22,0.123,8.12,3.05,0.043,1.07
55.0,5.0,1.5,2.5,3.0,0.4,1200,0.4,66,75.8,8.11,0.38,1.18,0.123,10.0,2.83,0.043,1.06
40.0,2.0,0.7,1.5,3.0,0.8,14400,0.8,319,69.6,39.04,0.53,1.22,0.122,18.82,13.52,0.042,1.07
40.0,2.0,0.7,2.5,3.0,0.4,7200,0.2,327,70.3,39.83,0.52,1.22,0.122,20.34,13.67,0.042,1.07
40.0,2.0,0.7,2.5,3.0,0.4,7200,0.4,327,70.3,39.83,0.52,1.22,0.122,20.34,13.67,0.042,1.07
40.0,3.0,0.7,1.5,4.5,0.6,3600,0.2,296,80.1,36.02,0.3,1.21,0.122,15.83,12.34,0.042,1.07
40.0,3.0,1.0,1.5,3.0,0.8,7200,0.2,274,76.3,33.36,0.36,1.17,0.122,18.75,11.44,0.042,1.06
40.0,3.0,1.0,1.5,3.0,0.8,7200,0.4,274,76.3,33.36,0.36,1.17,0.122,18.75,11.44,0.042,1.06
40.0,4.0,0.7,2.5,3.0,0.6,3600,0.4,262,84.0,32.06,0.23,1.2,0.122,19.92,11.1,0.042,1.07
40.0,4.0,0.7,2.5,4.5,0.6,3600,0.8,288,78.1,35.04,0.34,1.23,0.122,16.12,12.0,0.042,1.08
40.0,4.0,1.0,2.5,4.5,0.8,2400,0.2,238,81.1,29.03,0.27,1.16,0.122,20.02,9.99,0.042,1.05
40.0,5.0,0.7,1.5,3.0,0.4,1200,0.2,250,88.4,30.49,0.16,1.21,0.122,22.98,10.49,0.042,1.07
40.0,5.0,0.7,1.5,3.0,0.4,2400,0.8,289,78.5,35.12,0.34,1.26,0.122,17.55,12.0,0.042,1.09
45.0,2.0,0.7,2.5,4.5,0.6,2400,0.8,273,68.9,33.22,0.59,1.3,0.122,14.39,11.38,0.042,1.1
45.0,2.0,1.0,1.5,3.0,0.8,1200,0.4,244,68.0,29.79,0.57,1.22,0.122,11.19,10.27,0.042,1.07
45.0,3.0,0.7,2.5,3.0,0.4,2400,0.8,249,73.9,30.47,0.45,1.27,0.122,17.27,10.55,0.042,1.09
45.0,3.0,0.7,2.5,3.0,0.6,3600,0.8,238,74.4,28.98,0.43,1.25,0.122,15.93,9.93,0.042,1.08
45.0,3.0,1.5,2.5,3.0,0.6,7200,0.2,203,73.9,24.73,0.41,1.16,0.122,19.82,8.49,0.042,1.05
45.0,3.0,1.5,2.5,3.0,0.6,7200,0.4,203,73.9,24.73,0.41,1.16,0.122,19.82,8.49,0.042,1.05
45.0,3.0,1.5,2.5,3.0,0.6,14400,0.2,203,73.9,24.8,0.41,1.16,0.122,19.68,8.56,0.042,1.05
45.0,3.0,1.5,2.5,3.0,0.6,14400,0.4,203,73.9,24.8,0.41,1.16,0.122,19.68,8.56,0.042,1.05
45.0,3.0,1.5,2.5,4.5,0.4,1200,0.4,218,71.6,26.66,0.47,1.18,0.122,16.98,9.22,0.042,1.06
45.0,3.0,1.5,2.5,4.5,0.8,7200,0.2,203,73.9,24.84,0.41,1.16,0.122,19.54,8.6,0.042,1.05
45.0,3.0,1.5,2.5,4.5,0.8,7200,0.4,203,73.9,24.84,0.41,1.16,0.122,19.54,8.6,0.042,1.05
45.0,4.0,1.0,1.5,3.0,0.8,1200,0.2,176,81.2,21.56,0.27,1.17,0.122,20.63,7.48,0.042,1.06
50.0,2.0,0.7,2.5,4.5,0.6,7200,0.8,122,68.9,14.86,0.56,1.23,0.122,11.42,5.1,0.042,1.08
50.0,2.0,1.0,2.5,3.0,0.4,14400,0.8,115,66.1,13.98,0.61,1.19,0.122,14.73,4.79,0.042,1.06
50.0,2.0,1.5,2.5,3.0,0.8,2400,0.8,126,61.1,15.35,0.79,1.24,0.122,10.53,5.26,0.042,1.08
50.0,3.0,0.7,2.5,3.0,0.8,,0.4,105,73.3,12.86,0.43,1.18,0.122,11.12,4.46,0.042,1.06
50.0,3.0,0.7,2.5,4.5,0.8,,0.4,104,73.1,12.71,0.43,1.18,0.122,11.97,4.39,0.042,1.06
50.0,3.0,1.0,2.5,4.5,0.6,1200,0.8,138,63.0,16.79,0.77,1.32,0.122,8.97,5.75,0.042,1.1
50.0,3.0,1.5,2.5,3.0,0.6,2400,0.4,109,72.5,13.29,0.44,1.16,0.122,11.53,4.57,0.042,1.05
50.0,3.0,1.5,2.5,3.0,0.6,14400,0.2,106,73.6,12.93,0.41,1.15,0.122,16.38,4.45,0.042,1.05
50.0,3.0,1.5,2.5,3.0,0.6,14400,0.4,106,73.6,12.93,0.41,1.15,0.122,16.38,4.45,0.042,1.05
50.0,3.0,1.5,2.5,4.5,0.4,1200,0.4,117,69.2,14.32,0.53,1.19,0.122,11.29,4.96,0.042,1.06
50.0,5.0,0.7,1.5,3.0,0.4,3600,0.2,101,87.1,12.3,0.18,1.2,0.122,15.31,4.22,0.042,1.07
50.0,5.0,0.7,1.5,4.5,0.6,1200,0.8,132,67.4,16.06,0.66,1.37,0.122,9.04,5.5,0.042,1.12
50.0,5.0,0.7,1.5,4.5,0.8,1200,0.8,132,67.4,16.11,0.66,1.37,0.122,9.09,5.55,0.042,1.12
50.0,5.0,1.0,1.5,3.0,0.6,2400,0.2,91,83.5,11.11,0.23,1.15,0.122,17.33,3.83,0.042,1.05
55.0,2.0,1.5,2.5,3.0,0.8,7200,0.2,69,66.7,8.44,0.59,1.18,0.122,9.82,2.92,0.042,1.06
55.0,2.0,1.5,2.5,3.0,0.8,7200,0.4,69,66.7,8.44,0.59,1.18,0.122,9.82,2.92,0.042,1.06
40.0,2.0,0.7,1.5,4.5,0.6,,0.4,314,68.2,38.09,0.57,1.21,0.121,17.03,12.97,0.041,1.07
40.0,3.0,0.7,2.5,4.5,0.4,3600,0.8,317,74.1,38.34,0.43,1.23,0.121,14.95,12.98,0.041,1.08
40.0,3.0,1.0,1.5,3.0,0.4,1200,0.2,277,76.5,33.48,0.36,1.17,0.121,18.38,11.32,0.041,1.06
40.0,3.0,1.0,2.5,3.0,0.8,2400,0.2,274,76.3,33.03,0.36,1.17,0.121,20.35,11.11,0.041,1.06
40.0,3.0,1.0,2.5,3.0,0.8,7200,0.8,279,74.9,33.65,0.39,1.17,0.121,19.11,11.33,0.041,1.06
40.0,4.0,0.7,1.5,3.0,0.4,3600,0.2,261,84.3,31.68,0.22,1.2,0.121,19.35,10.79,0.041,1.07
40.0,4.0,0.7,1.5,4.5,0.4,3600,0.4,262,84.0,31.58,0.23,1.2,0.121,19.38,10.62,0.041,1.07
40.0,4.0,1.0,1.5,3.0,0.6,7200,0.8,242,79.8,29.16,0.29,1.16,0.12,21.51,9.8,0.041,1.05
40.0,4.0,1.0,1.5,4.5,0.8,3600,0.4,239,80.8,28.95,0.28,1.16,0.121,21.9,9.83,0.041,1.05
40.0,4.0,1.5,2.5,3.0,0.8,2400,0.8,288,72.6,34.84,0.46,1.2,0.121,17.98,11.79,0.041,1.07
40.0,5.0,0.7,1.5,4.5,0.4,1200,0.8,348,70.1,42.08,0.58,1.37,0.121,17.46,14.24,0.041,1.12
40.0,5.0,0.7,1.5,4.5,0.6,2400,0.4,248,86.7,29.89,0.18,1.2,0.121,25.96,10.04,0.041,1.07
40.0,5.0,0.7,2.5,3.0,0.6,2400,0.4,248,86.7,30.04,0.19,1.21,0.121,25.88,10.2,0.041,1.07
40.0,5.0,0.7,2.5,3.0,0.6,2400,0.8,289,78.5,34.99,0.34,1.26,0.121,17.59,11.87,0.041,1.09
40.0,5.0,0.7,2.5,3.0,0.8,2400,0.2,245,87.8,29.59,0.17,1.2,0.121,24.57,9.99,0.041,1.07
45.0,2.0,0.7,1.5,4.5,0.4,2400,0.8,274,69.0,33.26,0.59,1.3,0.121,13.85,11.34,0.041,1.1
45.0,2.0,0.7,1.5,4.5,0.8,1200,0.4,265,74.0,32.12,0.45,1.29,0.121,9.35,10.92,0.041,1.09
45.0,2.0,1.0,1.5,4.5,0.4,1200,0.8,300,64.3,36.3,0.74,1.34,0.121,13.03,12.3,0.041,1.11
45.0,3.0,0.7,1.5,4.5,0.8,,0.4,203,74.4,24.64,0.41,1.19,0.121,16.17,8.4,0.041,1.06
45.0,3.0,1.5,2.5,3.0,0.4,1200,0.4,218,71.6,26.36,0.47,1.18,0.121,16.98,8.92,0.041,1.06
45.0,3.0,1.5,2.5,3.0,0.6,14400,0.8,203,73.9,24.49,0.41,1.16,0.121,19.99,8.25,0.041,1.05
45.0,3.0,1.5,2.5,4.5,0.8,3600,0.4,204,74.5,24.69,0.4,1.16,0.121,19.95,8.37,0.041,1.05
50.0,3.0,1.5,2.5,4.5,0.6,3600,0.2,106,73.6,12.83,0.41,1.15,0.121,15.51,4.35,0.041,1.05
50.0,3.0,1.5,2.5,4.5,0.6,,0.4,105,73.3,12.72,0.42,1.15,0.121,17.07,4.32,0.041,1.05
50.0,4.0,0.7,2.5,4.5,0.8,2400,0.8,117,73.5,14.18,0.46,1.27,0.121,14.25,4.82,0.041,1.09
50.0,4.0,1.0,2.5,3.0,0.8,7200,0.8,98,77.6,11.85,0.34,1.16,0.121,16.83,4.01,0.041,1.05
50.0,4.0,1.0,2.5,4.5,0.8,2400,0.4,97,79.4,11.73,0.3,1.16,0.121,15.96,3.97,0.041,1.05
50.0,5.0,0.7,2.5,3.0,0.6,1200,0.8,132,67.4,16.02,0.66,1.37,0.121,9.16,5.46,0.041,1.12
50.0,5.0,1.0,1.5,4.5,0.4,1200,0.2,92,83.7,11.1,0.22,1.15,0.121,16.75,3.74,0.041,1.05
50.0,5.0,1.0,2.5,3.0,0.4,2400,0.8,104,74.0,12.58,0.41,1.18,0.121,18.47,4.26,0.041,1.06
40.0,2.0,0.7,2.5,3.0,0.4,7200,0.8,335,69.0,40.22,0.55,1.22,0.12,19.09,13.42,0.04,1.07
40.0,2.0,1.0,1.5,3.0,0.8,14400,0.2,313,68.1,37.7,0.56,1.19,0.12,21.39,12.66,0.04,1.06
40.0,2.0,1.0,1.5,3.0,0.8,14400,0.4,313,68.1,37.7,0.56,1.19,0.12,21.39,12.66,0.04,1.06
40.0,2.0,1.0,1.5,4.5,0.4,3600,0.2,318,68.2,38.22,0.55,1.19,0.12,19.71,12.78,0.04,1.06
40.0,2.0,1.0,1.5,4.5,0.4,3600,0.4,318,67.9,38.19,0.56,1.19,0.12,18.46,12.75,0.04,1.06
40.0,2.0,1.0,2.5,3.0,0.6,2400,0.2,317,68.5,38.1,0.55,1.19,0.12,19.17,12.74,0.04,1.06
40.0,2.0,1.0,2.5,4.5,0.6,2400,0.4,322,67.7,38.48,0.57,1.2,0.12,17.5,12.72,0.04,1.06
40.0,3.0,1.0,1.5,4.5,0.6,3600,0.2,274,76.3,33.01,0.36,1.17,0.12,18.25,11.09,0.04,1.06
40.0,3.0,1.0,1.5,4.5,0.8,2400,0.2,274,76.6,32.89,0.36,1.17,0.12,19.72,10.97,0.04,1.06
40.0,3.0,1.0,1.5,4.5,0.8,2400,0.4,277,76.2,33.25,0.37,1.18,0.12,19.72,11.09,0.04,1.06
40.0,3.0,1.0,2.5,3.0,0.8,2400,0.4,277,75.8,33.3,0.37,1.17,0.12,20.35,11.14,0.04,1.06
40.0,3.0,1.0,2.5,3.0,0.8,3600,0.2,274,75.9,32.97,0.37,1.17,0.12,19.66,11.05,0.04,1.05
40.0,3.0,1.5,2.5,3.0,0.8,3600,0.8,304,70.4,36.58,0.5,1.19,0.12,26.17,12.27,0.04,1.06
40.0,4.0,1.0,1.5,3.0,0.8,3600,0.2,238,81.1,28.44,0.27,1.16,0.119,20.47,9.4,0.04,1.05
40.0,5.0,0.7,1.5,3.0,0.4,1200,0.8,348,70.1,41.77,0.58,1.37,0.12,17.46,13.93,0.04,1.11
40.0,5.0,0.7,1.5,4.5,0.6,2400,0.8,289,78.5,34.7,0.34,1.26,0.12,17.75,11.58,0.04,1.08
45.0,2.0,0.7,2.5,3.0,0.8,1200,0.4,265,74.0,31.92,0.45,1.29,0.12,9.35,10.72,0.04,1.09
45.0,2.0,1.0,1.5,3.0,0.4,1200,0.8,300,64.3,35.95,0.74,1.33,0.12,13.03,11.95,0.04,1.1
45.0,2.0,1.0,1.5,4.5,0.4,3600,0.8,250,66.0,30.07,0.63,1.22,0.12,15.87,10.07,0.04,1.07
45.0,2.0,1.5,2.5,3.0,0.8,2400,0.8,265,64.9,31.67,0.67,1.24,0.12,14.38,10.47,0.04,1.08
45.0,3.0,0.7,1.5,4.5,0.6,3600,0.8,238,74.8,28.5,0.42,1.25,0.12,15.77,9.46,0.04,1.08
50.0,2.0,0.7,1.5,4.5,0.4,7200,0.8,123,69.1,14.8,0.55,1.23,0.12,10.7,4.96,0.04,1.07
50.0,3.0,1.0,1.5,4.5,0.4,1200,0.8,138,63.0,16.56,0.77,1.31,0.12,8.97,5.52,0.04,1.1
50.0,3.0,1.0,2.5,4.5,0.8,1200,0.8,138,63.0,16.57,0.77,1.31,0.12,8.97,5.53,0.04,1.1
50.0,3.0,1.5,2.5,3.0,0.8,2400,0.4,107,73.8,12.88,0.41,1.16,0.12,11.21,4.32,0.04,1.05
50.0,3.0,1.5,2.5,4.5,0.8,7200,0.8,108,71.3,12.99,0.47,1.16,0.12,16.45,4.35,0.04,1.05
50.0,4.0,1.0,2.5,3.0,0.6,2400,0.4,97,79.4,11.6,0.3,1.16,0.12,16.1,3.84,0.04,1.05
50.0,5.0,0.7,1.5,3.0,0.4,1200,0.2,103,87.4,12.4,0.17,1.21,0.12,15.31,4.16,0.04,1.07
50.0,5.0,0.7,1.5,4.5,0.4,3600,0.4,101,87.1,12.08,0.18,1.19,0.12,14.94,4.0,0.04,1.06
50.0,5.0,0.7,2.5,3.0,0.6,1200,0.2,103,87.4,12.4,0.17,1.21,0.12,15.13,4.16,0.04,1.07
50.0,5.0,0.7,2.5,3.0,0.8,1200,0.8,132,67.4,15.78,0.66,1.36,0.12,9.28,5.22,0.04,1.11
50.0,5.0,0.7,2.5,3.0,0.8,14400,0.2,96,84.4,11.56,0.22,1.17,0.12,15.37,3.88,0.04,1.06
50.0,5.0,0.7,2.5,3.0,0.8,14400,0.4,96,84.4,11.56,0.22,1.17,0.12,15.37,3.88,0.04,1.06
50.0,5.0,0.7,2.5,4.5,0.4,1200,0.4,107,80.4,12.83,0.3,1.23,0.12,14.64,4.27,0.04,1.07
50.0,5.0,0.7,2.5,4.5,0.4,2400,0.2,101,87.1,12.09,0.18,1.19,0.12,14.63,4.01,0.04,1.06
50.0,5.0,1.0,2.5,3.0,0.6,3600,0.4,91,83.5,10.9,0.23,1.15,0.12,17.1,3.62,0.04,1.05
55.0,2.0,1.0,2.5,4.5,0.4,1200,0.4,75,65.3,8.97,0.65,1.23,0.12,7.04,2.97,0.04,1.07
55.0,2.0,1.0,2.5,4.5,0.8,2400,0.8,81,64.2,9.69,0.7,1.25,0.12,6.0,3.22,0.04,1.08
55.0,2.0,1.0,2.5,4.5,0.8,14400,0.2,69,66.7,8.27,0.59,1.18,0.12,8.82,2.75,0.04,1.06
55.0,2.0,1.0,2.5,4.5,0.8,14400,0.4,69,66.7,8.27,0.59,1.18,0.12,8.82,2.75,0.04,1.06
55.0,3.0,1.0,1.5,3.0,0.8,1200,0.4,71,71.8,8.51,0.48,1.21,0.12,8.12,2.83,0.04,1.07
40.0,2.0,1.0,1.5,3.0,0.4,2400,0.2,318,68.6,37.99,0.55,1.19,0.119,18.43,12.55,0.039,1.06
40.0,2.0,1.0,1.5,3.0,0.6,14400,0.2,316,68.0,37.54,0.56,1.19,0.119,20.2,12.26,0.039,1.06
40.0,2.0,1.0,1.5,3.0,0.6,14400,0.4,316,68.0,37.54,0.56,1.19,0.119,20.2,12.26,0.039,1.06
40.0,2.0,1.0,2.5,3.0,0.6,3600,0.4,317,67.8,37.57,0.56,1.19,0.119,19.46,12.22,0.039,1.06
40.0,2.0,1.0,2.5,4.5,0.4,1200,0.2,321,68.5,38.29,0.55,1.19,0.119,19.58,12.61,0.039,1.06
40.0,3.0,0.7,1.5,3.0,0.4,2400,0.2,300,80.3,35.82,0.3,1.21,0.119,15.77,11.82,0.039,1.07
40.0,3.0,0.7,1.5,3.0,0.8,3600,0.4,296,80.1,35.1,0.3,1.21,0.119,15.0,11.42,0.039,1.07
40.0,3.0,1.0,1.5,3.0,0.8,3600,0.4,274,76.6,32.5,0.36,1.17,0.119,18.58,10.58,0.039,1.05
40.0,4.0,0.7,2.5,3.0,0.6,3600,0.8,288,78.1,34.26,0.34,1.22,0.119,16.12,11.22,0.039,1.07
40.0,4.0,1.0,2.5,3.0,0.4,3600,0.8,267,75.3,31.73,0.39,1.18,0.119,24.57,10.37,0.039,1.06
40.0,4.0,1.0,2.5,3.0,0.8,2400,0.2,238,81.1,28.37,0.27,1.16,0.119,19.91,9.33,0.039,1.05
45.0,2.0,0.7,1.5,3.0,0.4,2400,0.8,274,69.0,32.71,0.58,1.3,0.119,13.85,10.79,0.039,1.09
45.0,4.0,0.7,2.5,3.0,0.8,2400,0.8,225,77.8,26.8,0.36,1.26,0.119,17.48,8.8,0.039,1.08
45.0,4.0,1.0,1.5,4.5,0.8,2400,0.4,177,81.4,21.11,0.27,1.16,0.119,20.93,6.95,0.039,1.05
45.0,4.0,1.0,2.5,3.0,0.8,2400,0.4,177,81.4,21.11,0.27,1.16,0.119,20.77,6.95,0.039,1.05
50.0,2.0,0.7,1.5,3.0,0.6,14400,0.8,117,69.2,13.86,0.54,1.21,0.118,13.11,4.5,0.039,1.07
50.0,2.0,0.7,1.5,3.0,0.8,14400,0.2,117,69.2,13.87,0.54,1.21,0.119,14.18,4.51,0.039,1.06
50.0,2.0,0.7,1.5,3.0,0.8,14400,0.4,117,69.2,13.87,0.54,1.21,0.119,14.18,4.51,0.039,1.06
50.0,2.0,0.7,1.5,4.5,0.4,14400,0.8,118,69.5,14.0,0.53,1.22,0.119,13.01,4.56,0.039,1.07
50.0,2.0,0.7,1.5,4.5,0.8,7200,0.8,123,68.3,14.68,0.57,1.23,0.119,10.75,4.84,0.039,1.07
50.0,2.0,0.7,2.5,4.5,0.8,7200,0.2,119,70.6,14.17,0.51,1.21,0.119,13.36,4.65,0.039,1.07
50.0,2.0,0.7,2.5,4.5,0.8,7200,0.4,119,70.6,14.17,0.51,1.21,0.119,13.36,4.65,0.039,1.07
50.0,2.0,1.0,1.5,3.0,0.6,,0.4,113,67.3,13.42,0.58,1.18,0.119,12.27,4.38,0.039,1.06
50.0,2.0,1.0,1.5,4.5,0.8,14400,0.8,114,65.8,13.57,0.61,1.18,0.119,14.51,4.45,0.039,1.06
50.0,3.0,0.7,1.5,4.5,0.4,14400,0.2,110,76.4,13.13,0.37,1.19,0.119,13.53,4.33,0.039,1.06
50.0,3.0,0.7,1.5,4.5,0.4,14400,0.4,110,76.4,13.13,0.37,1.19,0.119,13.53,4.33,0.039,1.06
50.0,3.0,1.5,2.5,3.0,0.4,1200,0.4,117,69.2,13.93,0.53,1.19,0.119,11.29,4.57,0.039,1.06
50.0,4.0,0.7,1.5,4.5,0.6,2400,0.8,117,73.5,13.96,0.46,1.26,0.119,14.36,4.6,0.039,1.08
50.0,4.0,0.7,2.5,3.0,0.6,2400,0.8,117,73.5,13.96,0.46,1.26,0.119,14.5,4.6,0.039,1.08
50.0,4.0,0.7,2.5,4.5,0.6,3600,0.8,115,73.9,13.63,0.44,1.24,0.119,13.83,4.43,0.039,1.07
50.0,4.0,1.0,1.5,3.0,0.8,3600,0.4,95,81.1,11.33,0.27,1.16,0.119,16.5,3.73,0.039,1.05
50.0,4.0,1.0,2.5,4.5,0.6,7200,0.8,97,78.4,11.55,0.32,1.16,0.119,16.14,3.79,0.039,1.05
50.0,5.0,0.7,1.5,4.5,0.4,14400,0.2,97,84.5,11.5,0.21,1.17,0.119,15.27,3.74,0.039,1.05
50.0,5.0,0.7,1.5,4.5,0.4,14400,0.4,97,84.5,11.5,0.21,1.17,0.119,15.27,3.74,0.039,1.05
50.0,5.0,0.7,1.5,4.5,0.8,1200,0.2,103,87.4,12.31,0.17,1.2,0.12,15.04,4.07,0.039,1.07
50.0,5.0,0.7,2.5,3.0,0.8,1200,0.2,103,87.4,12.26,0.17,1.2,0.119,15.25,4.02,0.039,1.07
50.0,5.0,1.0,2.5,3.0,0.8,3600,0.4,91,83.5,10.86,0.23,1.14,0.119,17.34,3.58,0.039,1.05
50.0,5.0,1.0,2.5,4.5,0.8,2400,0.4,91,83.5,10.81,0.23,1.14,0.119,16.96,3.53,0.039,1.05
55.0,2.0,1.0,2.5,3.0,0.6,2400,0.8,81,64.2,9.6,0.7,1.25,0.119,6.0,3.12,0.039,1.08
55.0,2.0,1.0,2.5,4.5,0.6,2400,0.8,81,64.2,9.67,0.7,1.25,0.119,6.0,3.19,0.039,1.08
55.0,3.0,1.0,1.5,4.5,0.6,1200,0.4,71,71.8,8.45,0.48,1.21,0.119,8.12,2.77,0.039,1.07
55.0,4.0,0.7,1.5,3.0,0.4,7200,0.8,67,80.6,7.94,0.29,1.19,0.119,8.0,2.58,0.039,1.06
55.0,4.0,0.7,1.5,4.5,0.4,7200,0.8,67,80.6,7.99,0.29,1.19,0.119,8.0,2.63,0.039,1.06
55.0,5.0,1.5,2.5,4.5,0.4,1200,0.2,61,80.3,7.27,0.28,1.15,0.119,12.12,2.39,0.039,1.05
40.0,2.0,1.0,1.5,4.5,0.4,2400,0.4,323,67.8,38.13,0.57,1.19,0.118,16.84,12.29,0.038,1.06
40.0,2.0,1.0,2.5,3.0,0.6,3600,0.2,317,68.1,37.47,0.55,1.19,0.118,20.81,12.11,0.038,1.06
40.0,2.0,1.5,2.5,4.5,0.8,3600,0.8,348,64.4,40.99,0.67,1.21,0.118,13.71,13.15,0.038,1.06
40.0,3.0,0.7,1.5,3.0,0.6,3600,0.2,296,80.1,35.0,0.3,1.21,0.118,15.83,11.32,0.038,1.07
40.0,3.0,0.7,1.5,4.5,0.8,3600,0.2,296,80.1,35.07,0.3,1.21,0.118,15.94,11.39,0.038,1.07
40.0,3.0,1.0,1.5,4.5,0.6,7200,0.8,279,75.3,32.82,0.38,1.17,0.118,18.27,10.5,0.038,1.05
40.0,5.0,0.7,1.5,3.0,0.6,2400,0.4,248,86.7,29.34,0.18,1.2,0.118,25.96,9.5,0.038,1.06
40.0,5.0,0.7,1.5,3.0,0.6,2400,0.8,289,78.5,34.15,0.34,1.25,0.118,17.75,11.03,0.038,1.08
45.0,2.0,0.7,1.5,3.0,0.8,1200,0.4,265,74.0,31.4,0.45,1.28,0.118,9.35,10.2,0.038,1.09
45.0,2.0,1.0,1.5,3.0,0.4,3600,0.8,250,66.0,29.6,0.63,1.22,0.118,15.79,9.6,0.038,1.07
45.0,3.0,0.7,1.5,3.0,0.6,3600,0.8,238,74.8,28.1,0.42,1.25,0.118,15.77,9.06,0.038,1.08
45.0,3.0,0.7,1.5,3.0,0.6,,0.4,204,74.5,24.15,0.41,1.19,0.118,15.79,7.83,0.038,1.06
45.0,4.0,0.7,1.5,3.0,0.8,2400,0.8,225,77.8,26.66,0.36,1.26,0.118,17.9,8.66,0.038,1.08
50.0,2.0,0.7,1.5,3.0,0.4,7200,0.8,123,69.1,14.57,0.55,1.23,0.118,10.7,4.73,0.038,1.07
50.0,2.0,0.7,2.5,3.0,0.6,7200,0.8,122,68.9,14.36,0.55,1.22,0.118,11.42,4.6,0.038,1.07
50.0,3.0,1.0,2.5,3.0,0.6,1200,0.8,138,63.0,16.26,0.77,1.31,0.118,8.97,5.22,0.038,1.09
50.0,3.0,1.5,2.5,3.0,0.8,7200,0.2,105,73.3,12.42,0.42,1.15,0.118,16.08,4.02,0.038,1.05
50.0,3.0,1.5,2.5,3.0,0.8,7200,0.4,105,73.3,12.42,0.42,1.15,0.118,16.08,4.02,0.038,1.05
50.0,4.0,0.7,1.5,4.5,0.4,2400,0.4,108,83.3,12.71,0.24,1.21,0.118,13.06,4.07,0.038,1.07
50.0,4.0,0.7,2.5,4.5,0.8,3600,0.8,115,73.9,13.57,0.44,1.24,0.118,13.95,4.37,0.038,1.07
50.0,5.0,0.7,1.5,3.0,0.6,1200,0.8,132,67.4,15.53,0.65,1.35,0.118,9.04,4.97,0.038,1.11
50.0,5.0,0.7,1.5,4.5,0.6,1200,0.2,103,87.4,12.16,0.17,1.2,0.118,14.99,3.92,0.038,1.06
50.0,5.0,1.0,1.5,4.5,0.8,3600,0.2,91,83.5,10.76,0.23,1.14,0.118,17.12,3.47,0.038,1.05
55.0,2.0,0.7,2.5,4.5,0.8,14400,0.2,72,69.4,8.47,0.53,1.2,0.118,8.44,2.71,0.038,1.06
55.0,2.0,0.7,2.5,4.5,0.8,14400,0.4,72,69.4,8.47,0.53,1.2,0.118,8.44,2.71,0.038,1.06
55.0,2.0,1.0,2.5,3.0,0.4,1200,0.4,75,65.3,8.85,0.65,1.23,0.118,7.04,2.85,0.038,1.07
55.0,2.0,1.0,2.5,3.0,0.8,2400,0.8,81,64.2,9.58,0.7,1.25,0.118,6.0,3.11,0.038,1.08
55.0,3.0,1.0,1.5,3.0,0.6,1200,0.4,71,71.8,8.38,0.47,1.21,0.118,8.12,2.7,0.038,1.07
55.0,5.0,1.0,2.5,4.5,0.4,1200,0.8,82,65.9,9.68,0.66,1.28,0.118,5.32,3.12,0.038,1.08
40.0,2.0,0.7,1.5,3.0,0.6,,0.4,315,68.3,36.88,0.56,1.21,0.117,17.66,11.68,0.037,1.06
40.0,2.0,0.7,1.5,4.5,0.8,,0.4,311,67.8,36.52,0.57,1.21,0.117,18.82,11.64,0.037,1.06
40.0,2.0,1.0,2.5,3.0,0.4,1200,0.2,321,68.5,37.47,0.54,1.19,0.117,19.95,11.79,0.037,1.06
40.0,3.0,0.7,2.5,4.5,0.6,2400,0.2,300,80.0,35.12,0.3,1.21,0.117,17.02,11.12,0.037,1.06
40.0,3.0,1.0,1.5,3.0,0.6,3600,0.2,274,76.3,32.0,0.36,1.16,0.117,18.27,10.08,0.037,1.05
40.0,3.0,1.0,1.5,3.0,0.8,2400,0.2,274,76.6,32.0,0.36,1.17,0.117,19.72,10.08,0.037,1.05
40.0,3.0,1.0,1.5,3.0,0.8,2400,0.4,277,76.2,32.36,0.37,1.17,0.117,19.72,10.2,0.037,1.05
40.0,4.0,1.0,1.5,4.5,0.6,2400,0.4,243,80.2,28.37,0.28,1.16,0.117,21.5,8.93,0.037,1.05
45.0,2.0,0.7,2.5,3.0,0.6,2400,0.8,273,68.9,32.05,0.58,1.29,0.117,14.39,10.21,0.037,1.09
45.0,2.0,1.0,2.5,4.5,0.6,3600,0.8,249,65.9,29.14,0.63,1.21,0.117,16.64,9.22,0.037,1.06
45.0,3.0,0.7,2.5,4.5,0.6,1200,0.4,241,78.4,28.31,0.35,1.25,0.117,15.28,9.03,0.037,1.08
45.0,3.0,1.0,2.5,3.0,0.4,,0.4,205,74.6,24.0,0.39,1.15,0.117,18.29,7.6,0.037,1.05
45.0,3.0,1.0,2.5,4.5,0.4,,0.4,204,74.5,23.77,0.39,1.15,0.117,19.3,7.45,0.037,1.05
45.0,3.0,1.5,2.5,3.0,0.8,3600,0.4,204,74.5,23.93,0.4,1.16,0.117,19.95,7.61,0.037,1.05
50.0,2.0,0.7,1.5,3.0,0.4,14400,0.8,118,69.5,13.76,0.53,1.21,0.117,13.01,4.32,0.037,1.06
50.0,2.0,1.0,1.5,3.0,0.4,,0.4,114,67.5,13.29,0.57,1.18,0.117,11.95,4.17,0.037,1.05
50.0,2.0,1.0,2.5,4.5,0.4,14400,0.2,114,66.7,13.39,0.59,1.18,0.117,15.87,4.27,0.037,1.05
50.0,2.0,1.0,2.5,4.5,0.4,14400,0.4,114,66.7,13.39,0.59,1.18,0.117,15.87,4.27,0.037,1.05
50.0,3.0,0.7,1.5,3.0,0.4,14400,0.2,110,76.4,12.9,0.37,1.19,0.117,13.53,4.09,0.037,1.06
50.0,3.0,0.7,1.5,3.0,0.4,14400,0.4,110,76.4,12.9,0.37,1.19,0.117,13.53,4.09,0.037,1.06
50.0,3.0,1.0,1.5,3.0,0.4,1200,0.8,138,63.0,16.17,0.77,1.31,0.117,8.97,5.13,0.037,1.09
50.0,3.0,1.0,2.5,3.0,0.8,14400,0.8,106,73.6,12.35,0.41,1.15,0.117,14.62,3.87,0.037,1.05
50.0,3.0,1.5,2.5,3.0,0.6,2400,0.2,106,73.6,12.45,0.41,1.15,0.117,15.51,3.97,0.037,1.05
50.0,3.0,1.5,2.5,4.5,0.8,3600,0.2,105,73.3,12.29,0.42,1.15,0.117,15.39,3.89,0.037,1.05
50.0,5.0,0.7,1.5,3.0,0.4,3600,0.4,101,87.1,11.77,0.18,1.19,0.117,15.31,3.69,0.037,1.06
50.0,5.0,0.7,1.5,3.0,0.8,1200,0.8,132,67.4,15.44,0.65,1.35,0.117,9.09,4.88,0.037,1.1
50.0,5.0,0.7,2.5,4.5,0.8,14400,0.8,96,83.3,11.2,0.23,1.16,0.117,15.0,3.52,0.037,1.05
50.0,5.0,1.0,1.5,3.0,0.6,3600,0.2,91,83.5,10.61,0.23,1.14,0.117,17.33,3.33,0.037,1.04
50.0,5.0,1.0,1.5,3.0,0.8,2400,0.2,91,83.5,10.64,0.23,1.14,0.117,17.5,3.35,0.037,1.04
55.0,2.0,1.0,1.5,4.5,0.6,2400,0.8,81,64.2,9.46,0.69,1.24,0.117,6.0,2.98,0.037,1.07
55.0,5.0,1.0,2.5,3.0,0.4,1200,0.8,82,65.9,9.57,0.66,1.27,0.117,5.32,3.01,0.037,1.08
55.0,5.0,1.5,2.5,3.0,0.4,1200,0.2,61,80.3,7.15,0.28,1.14,0.117,12.12,2.27,0.037,1.04
40.0,2.0,0.7,1.5,3.0,0.6,14400,0.2,321,69.5,37.22,0.53,1.21,0.116,18.03,11.54,0.036,1.06
40.0,2.0,0.7,1.5,3.0,0.6,14400,0.4,321,69.5,37.22,0.53,1.21,0.116,18.03,11.54,0.036,1.06
40.0,2.0,1.0,1.5,3.0,0.8,14400,0.8,314,67.8,36.39,0.56,1.18,0.116,22.14,11.27,0.036,1.05
40.0,2.0,1.0,1.5,4.5,0.4,7200,0.8,328,67.4,38.18,0.58,1.19,0.116,21.07,11.94,0.036,1.06
40.0,2.0,1.0,1.5,4.5,0.6,2400,0.2,317,68.5,36.86,0.55,1.18,0.116,19.79,11.5,0.036,1.06
40.0,3.0,0.7,2.5,3.0,0.4,3600,0.8,317,74.1,36.93,0.43,1.22,0.116,14.95,11.57,0.036,1.07
40.0,3.0,1.0,2.5,4.5,0.6,1200,0.2,277,76.5,32.0,0.36,1.16,0.116,19.24,9.84,0.036,1.05
40.0,4.0,0.7,1.5,3.0,0.4,3600,0.4,262,84.0,30.46,0.23,1.19,0.116,19.38,9.5,0.036,1.06
40.0,4.0,0.7,1.5,4.5,0.4,3600,0.8,288,78.1,33.46,0.34,1.22,0.116,15.59,10.42,0.036,1.07
40.0,4.0,0.7,2.5,4.5,0.8,3600,0.2,261,84.3,30.4,0.22,1.19,0.116,20.95,9.52,0.036,1.06
40.0,4.0,1.0,1.5,4.5,0.4,1200,0.2,241,80.9,27.93,0.27,1.15,0.116,20.02,8.65,0.036,1.05
40.0,4.0,1.0,1.5,4.5,0.8,2400,0.2,238,81.1,27.7,0.27,1.15,0.116,20.51,8.65,0.036,1.05
45.0,2.0,0.7,1.5,4.5,0.6,2400,0.8,273,68.9,31.56,0.58,1.29,0.116,14.11,9.72,0.036,1.08
45.0,3.0,0.7,1.5,3.0,0.8,,0.4,204,74.5,23.7,0.41,1.19,0.116,16.0,7.38,0.036,1.06
45.0,3.0,0.7,2.5,3.0,0.6,1200,0.4,241,78.4,27.88,0.34,1.25,0.116,15.28,8.6,0.036,1.07
45.0,3.0,0.7,2.5,4.5,0.8,3600,0.8,238,74.4,27.7,0.43,1.24,0.116,16.87,8.66,0.036,1.07
45.0,4.0,1.0,1.5,4.5,0.4,3600,0.8,196,76.0,22.78,0.37,1.18,0.116,19.81,7.1,0.036,1.05
45.0,4.0,1.0,1.5,4.5,0.8,3600,0.4,175,81.1,20.28,0.27,1.16,0.116,20.41,6.28,0.036,1.05
50.0,3.0,1.5,2.5,4.5,0.6,1200,0.2,108,72.2,12.52,0.44,1.15,0.116,15.37,3.88,0.036,1.04
50.0,4.0,1.0,1.5,4.5,0.6,2400,0.4,97,79.4,11.2,0.3,1.15,0.115,15.95,3.44,0.036,1.05
50.0,5.0,0.7,1.5,3.0,0.4,14400,0.2,97,84.5,11.26,0.21,1.17,0.116,15.64,3.5,0.036,1.05
50.0,5.0,0.7,1.5,3.0,0.4,14400,0.4,97,84.5,11.26,0.21,1.17,0.116,15.64,3.5,0.036,1.05
50.0,5.0,0.7,2.5,3.0,0.4,1200,0.4,107,80.4,12.44,0.3,1.22,0.116,15.02,3.87,0.036,1.07
50.0,5.0,0.7,2.5,3.0,0.4,2400,0.2,101,87.1,11.7,0.18,1.19,0.116,15.01,3.62,0.036,1.06
50.0,5.0,1.0,1.5,3.0,0.4,1200,0.2,92,83.7,10.71,0.22,1.14,0.116,17.12,3.34,0.036,1.04
50.0,5.0,1.0,2.5,3.0,0.6,2400,0.4,91,83.5,10.56,0.23,1.14,0.116,17.1,3.28,0.036,1.04
55.0,2.0,1.0,1.5,3.0,0.6,2400,0.8,81,64.2,9.39,0.69,1.24,0.116,6.0,2.91,0.036,1.07
55.0,2.0,1.0,1.5,4.5,0.4,1200,0.4,75,65.3,8.72,0.65,1.22,0.116,7.04,2.72,0.036,1.07
55.0,2.0,1.0,1.5,4.5,0.8,1200,0.4,75,65.3,8.67,0.65,1.22,0.116,7.07,2.67,0.036,1.07
55.0,2.0,1.0,1.5,4.5,0.8,2400,0.8,81,64.2,9.43,0.69,1.24,0.116,6.0,2.95,0.036,1.07
55.0,2.0,1.5,2.5,4.5,0.8,1200,0.2,70,64.3,8.12,0.65,1.18,0.116,10.29,2.52,0.036,1.05
55.0,3.0,0.7,1.5,4.5,0.4,7200,0.8,70,77.1,8.11,0.35,1.2,0.116,9.92,2.51,0.036,1.06
55.0,3.0,1.0,1.5,4.5,0.4,2400,0.8,75,72.0,8.72,0.47,1.21,0.116,6.53,2.72,0.036,1.06
40.0,2.0,0.7,1.5,3.0,0.6,14400,0.8,321,69.5,36.79,0.53,1.21,0.115,18.28,11.11,0.035,1.06
40.0,2.0,0.7,2.5,4.5,0.6,7200,0.2,325,70.2,37.22,0.51,1.21,0.115,21.17,11.22,0.035,1.06
40.0,2.0,0.7,2.5,4.5,0.6,7200,0.4,325,70.2,37.22,0.51,1.21,0.115,21.17,11.22,0.035,1.06
40.0,2.0,1.0,1.5,3.0,0.4,3600,0.2,318,68.2,36.42,0.55,1.18,0.115,20.01,10.98,0.035,1.05
40.0,2.0,1.0,1.5,3.0,0.6,14400,0.8,317,67.8,36.36,0.56,1.18,0.115,20.95,11.0,0.035,1.05
40.0,2.0,1.0,1.5,3.0,0.8,,0.4,312,67.9,35.91,0.56,1.18,0.115,20.3,10.95,0.035,1.05
40.0,2.0,1.0,1.5,4.5,0.6,7200,0.2,316,68.0,36.31,0.55,1.18,0.115,21.01,11.03,0.035,1.05
40.0,2.0,1.0,1.5,4.5,0.6,7200,0.4,316,68.0,36.31,0.55,1.18,0.115,21.01,11.03,0.035,1.05
40.0,2.0,1.0,2.5,4.5,0.6,7200,0.8,326,67.2,37.39,0.58,1.18,0.115,21.6,11.31,0.035,1.05
40.0,4.0,0.7,1.5,4.5,0.6,3600,0.2,261,84.3,30.14,0.22,1.19,0.115,19.64,9.26,0.035,1.06
40.0,4.0,1.0,1.5,3.0,0.4,1200,0.2,241,80.9,27.63,0.27,1.15,0.115,20.01,8.35,0.035,1.04
40.0,4.0,1.0,1.5,3.0,0.6,2400,0.4,243,80.2,27.88,0.28,1.15,0.115,21.44,8.44,0.035,1.05
45.0,2.0,0.7,2.5,4.5,0.8,2400,0.8,273,68.9,31.48,0.58,1.29,0.115,13.81,9.64,0.035,1.08
45.0,3.0,1.5,2.5,3.0,0.8,7200,0.2,203,73.9,23.28,0.41,1.15,0.115,19.58,7.03,0.035,1.04
45.0,3.0,1.5,2.5,3.0,0.8,7200,0.4,203,73.9,23.28,0.41,1.15,0.115,19.58,7.03,0.035,1.04
45.0,3.0,1.5,2.5,4.5,0.6,3600,0.2,203,73.9,23.27,0.41,1.15,0.115,19.21,7.02,0.035,1.04
45.0,4.0,1.0,1.5,3.0,0.4,3600,0.8,196,76.0,22.51,0.37,1.17,0.115,19.81,6.83,0.035,1.05
45.0,4.0,1.0,1.5,3.0,0.8,2400,0.4,177,81.4,20.3,0.27,1.16,0.115,20.93,6.14,0.035,1.05
50.0,2.0,1.0,1.5,3.0,0.8,,0.4,112,67.0,12.84,0.58,1.17,0.115,11.91,3.88,0.035,1.05
50.0,2.0,1.0,1.5,4.5,0.8,14400,0.2,113,66.4,12.98,0.59,1.17,0.115,15.65,3.94,0.035,1.05
50.0,2.0,1.0,1.5,4.5,0.8,14400,0.4,113,66.4,12.98,0.59,1.17,0.115,15.65,3.94,0.035,1.05
50.0,2.0,1.0,1.5,4.5,0.8,,0.4,111,66.7,12.77,0.59,1.17,0.115,13.3,3.89,0.035,1.05
50.0,2.0,1.0,2.5,3.0,0.4,14400,0.2,114,66.7,13.15,0.59,1.17,0.115,15.87,4.03,0.035,1.05
50.0,2.0,1.0,2.5,3.0,0.4,14400,0.4,114,66.7,13.15,0.59,1.17,0.115,15.87,4.03,0.035,1.05
50.0,3.0,0.7,1.5,4.5,0.6,14400,0.2,109,76.1,12.52,0.37,1.18,0.115,13.88,3.8,0.035,1.05
50.0,3.0,0.7,1.5,4.5,0.6,14400,0.4,109,76.1,12.52,0.37,1.18,0.115,13.88,3.8,0.035,1.05
50.0,3.0,0.7,2.5,4.5,0.8,7200,0.2,111,77.5,12.76,0.34,1.18,0.115,15.25,3.88,0.035,1.05
50.0,3.0,0.7,2.5,4.5,0.8,7200,0.4,111,77.5,12.76,0.34,1.18,0.115,15.25,3.88,0.035,1.05
50.0,3.0,1.0,2.5,3.0,0.8,1200,0.8,138,63.0,15.9,0.76,1.3,0.115,8.97,4.86,0.035,1.09
50.0,3.0,1.5,2.5,3.0,0.6,3600,0.2,106,73.6,12.2,0.41,1.15,0.115,15.51,3.72,0.035,1.04
50.0,4.0,0.7,1.5,4.5,0.8,2400,0.8,117,73.5,13.49,0.45,1.25,0.115,14.41,4.12,0.035,1.07
50.0,4.0,0.7,2.5,4.5,0.6,2400,0.4,107,83.2,12.31,0.24,1.2,0.115,12.87,3.75,0.035,1.06
55.0,2.0,0.7,2.5,4.5,0.8,14400,0.8,72,69.4,8.28,0.53,1.2,0.115,8.44,2.52,0.035,1.06
55.0,2.0,1.0,1.5,3.0,0.4,1200,0.4,75,65.3,8.6,0.65,1.22,0.115,7.04,2.6,0.035,1.06
55.0,2.0,1.0,1.5,3.0,0.8,2400,0.8,81,64.2,9.32,0.69,1.24,0.115,6.0,2.84,0.035,1.07
55.0,2.0,1.0,1.5,4.5,0.4,2400,0.8,81,64.2,9.28,0.69,1.24,0.115,6.0,2.8,0.035,1.07
55.0,2.0,1.0,2.5,3.0,0.8,14400,0.2,69,66.7,7.93,0.59,1.17,0.115,9.09,2.41,0.035,1.05
55.0,2.0,1.0,2.5,3.0,0.8,14400,0.4,69,66.7,7.93,0.59,1.17,0.115,9.09,2.41,0.035,1.05
55.0,2.0,1.5,2.5,4.5,0.6,2400,0.4,71,66.2,8.19,0.6,1.18,0.115,9.3,2.51,0.035,1.05
55.0,3.0,0.7,1.5,3.0,0.4,7200,0.8,70,77.1,8.07,0.35,1.2,0.115,9.92,2.47,0.035,1.06
55.0,3.0,1.0,1.5,3.0,0.4,2400,0.8,75,72.0,8.6,0.47,1.21,0.115,6.53,2.6,0.035,1.06
55.0,5.0,1.0,1.5,4.5,0.4,1200,0.8,82,65.9,9.42,0.66,1.27,0.115,5.32,2.86,0.035,1.08
55.0,5.0,1.5,2.5,4.5,0.4,2400,0.4,61,82.0,7.01,0.25,1.14,0.115,11.7,2.13,0.035,1.04
55.0,5.0,1.5,2.5,4.5,0.8,1200,0.8,82,65.9,9.43,0.66,1.27,0.115,5.68,2.87,0.035,1.08
40.0,2.0,1.0,1.5,3.0,0.4,2400,0.4,323,67.8,36.73,0.56,1.19,0.114,17.21,10.89,0.034,1.05
40.0,2.0,1.0,1.5,3.0,0.4,3600,0.4,318,67.9,36.39,0.56,1.18,0.114,18.76,10.95,0.034,1.05
40.0,2.0,1.0,2.5,3.0,0.6,2400,0.4,322,67.7,36.86,0.57,1.19,0.114,17.87,11.1,0.034,1.05
40.0,3.0,0.7,2.5,3.0,0.6,2400,0.2,300,80.0,34.35,0.3,1.2,0.114,17.02,10.35,0.034,1.06
40.0,4.0,0.7,1.5,4.5,0.4,2400,0.2,264,84.5,29.99,0.22,1.19,0.114,19.24,8.87,0.034,1.05
40.0,4.0,1.0,1.5,3.0,0.8,2400,0.2,238,81.1,27.04,0.27,1.15,0.114,20.4,8.0,0.034,1.04
40.0,4.0,1.0,1.5,3.0,0.8,3600,0.4,239,80.8,27.19,0.27,1.15,0.114,21.78,8.07,0.034,1.04
40.0,5.0,0.7,1.5,4.5,0.6,1200,0.8,348,70.1,39.75,0.58,1.35,0.114,18.18,11.91,0.034,1.1
40.0,5.0,0.7,2.5,4.5,0.6,1200,0.8,348,70.1,39.6,0.58,1.35,0.114,18.1,11.76,0.034,1.1
45.0,2.0,1.0,2.5,4.5,0.6,1200,0.8,299,64.2,34.07,0.73,1.32,0.114,13.58,10.16,0.034,1.09
45.0,3.0,0.7,1.5,4.5,0.6,1200,0.4,241,78.4,27.45,0.34,1.25,0.114,15.51,8.17,0.034,1.07
45.0,3.0,0.7,1.5,4.5,0.6,,0.4,203,74.4,23.23,0.41,1.18,0.114,15.74,6.99,0.034,1.05
50.0,2.0,0.7,1.5,3.0,0.6,,0.4,113,67.3,12.94,0.58,1.2,0.115,10.47,3.9,0.034,1.06
50.0,2.0,1.0,2.5,4.5,0.4,7200,0.2,114,66.7,12.95,0.59,1.17,0.114,15.87,3.83,0.034,1.05
50.0,2.0,1.0,2.5,4.5,0.4,7200,0.4,114,66.7,12.95,0.59,1.17,0.114,15.87,3.83,0.034,1.05
50.0,2.0,1.0,2.5,4.5,0.6,14400,0.8,114,65.8,12.97,0.61,1.17,0.114,15.52,3.85,0.034,1.05
50.0,4.0,0.7,1.5,3.0,0.4,2400,0.4,108,83.3,12.32,0.24,1.2,0.114,13.43,3.68,0.034,1.06
50.0,4.0,0.7,2.5,3.0,0.8,2400,0.8,117,73.5,13.39,0.45,1.25,0.114,14.62,4.03,0.034,1.07
50.0,4.0,1.0,1.5,4.5,0.8,7200,0.8,98,77.6,11.21,0.33,1.15,0.114,16.21,3.37,0.034,1.04
50.0,4.0,1.0,2.5,3.0,0.6,7200,0.8,97,78.4,11.05,0.32,1.15,0.114,16.52,3.29,0.034,1.04
50.0,5.0,1.0,1.5,4.5,0.6,3600,0.4,91,83.5,10.39,0.22,1.14,0.114,16.95,3.1,0.034,1.04
50.0,5.0,1.0,1.5,4.5,0.8,1200,0.2,92,83.7,10.46,0.22,1.14,0.114,17.12,3.1,0.034,1.04
55.0,2.0,1.5,2.5,3.0,0.6,2400,0.4,71,66.2,8.12,0.6,1.18,0.114,9.3,2.44,0.034,1.05
40.0,2.0,0.7,2.5,4.5,0.4,3600,0.4,340,71.8,38.37,0.48,1.22,0.113,17.82,11.17,0.033,1.06
40.0,2.0,1.0,2.5,3.0,0.8,7200,0.2,316,68.0,35.67,0.55,1.18,0.113,19.69,10.39,0.033,1.05
40.0,2.0,1.0,2.5,3.0,0.8,7200,0.4,316,68.0,35.67,0.55,1.18,0.113,19.69,10.39,0.033,1.05
40.0,3.0,0.7,1.5,4.5,0.6,2400,0.2,300,80.3,33.91,0.29,1.2,0.113,15.82,9.91,0.033,1.06
40.0,3.0,1.0,1.5,4.5,0.8,3600,0.2,274,76.3,31.0,0.36,1.16,0.113,18.62,9.08,0.033,1.05
40.0,3.0,1.0,2.5,3.0,0.6,1200,0.2,277,76.5,31.4,0.36,1.16,0.113,19.24,9.24,0.033,1.05
40.0,5.0,0.7,1.5,3.0,0.6,1200,0.8,348,70.1,39.49,0.57,1.35,0.113,18.18,11.65,0.033,1.1
40.0,5.0,0.7,1.5,4.5,0.8,2400,0.8,289,78.5,32.78,0.34,1.24,0.113,18.38,9.66,0.033,1.07
40.0,5.0,0.7,2.5,3.0,0.6,1200,0.8,348,70.1,39.34,0.57,1.35,0.113,18.1,11.5,0.033,1.09
45.0,2.0,1.0,2.5,3.0,0.6,3600,0.8,249,65.9,28.17,0.63,1.21,0.113,16.54,8.25,0.033,1.06
45.0,2.0,1.0,2.5,4.5,0.4,2400,0.8,266,65.0,30.05,0.66,1.23,0.113,16.3,8.77,0.033,1.06
45.0,3.0,0.7,1.5,4.5,0.4,2400,0.8,249,73.9,28.12,0.44,1.25,0.113,17.22,8.2,0.033,1.07
45.0,3.0,1.5,2.5,3.0,0.6,3600,0.2,203,73.9,22.86,0.4,1.15,0.113,19.21,6.62,0.033,1.04
45.0,3.0,1.5,2.5,4.5,0.8,2400,0.2,203,74.4,22.99,0.4,1.15,0.113,19.48,6.75,0.033,1.04
50.0,2.0,0.7,1.5,4.5,0.8,,0.4,111,66.7,12.53,0.6,1.19,0.113,11.31,3.65,0.033,1.05
50.0,2.0,1.0,2.5,4.5,0.4,3600,0.4,114,67.5,12.91,0.56,1.17,0.113,13.74,3.79,0.033,1.05
50.0,3.0,1.0,1.5,4.5,0.6,1200,0.8,138,63.0,15.62,0.76,1.29,0.113,8.97,4.58,0.033,1.08
50.0,3.0,1.0,1.5,4.5,0.8,1200,0.8,138,63.0,15.55,0.76,1.29,0.113,8.97,4.5,0.033,1.08
50.0,4.0,0.7,1.5,3.0,0.6,2400,0.8,117,73.5,13.21,0.45,1.25,0.113,14.74,3.85,0.033,1.07
50.0,4.0,0.7,2.5,3.0,0.6,3600,0.8,115,73.9,13.0,0.43,1.23,0.113,14.21,3.8,0.033,1.06
50.0,4.0,1.0,2.5,3.0,0.8,2400,0.4,97,79.4,10.95,0.3,1.15,0.113,16.34,3.18,0.033,1.04
50.0,5.0,0.7,1.5,3.0,0.6,1200,0.2,103,87.4,11.63,0.17,1.19,0.113,15.36,3.39,0.033,1.06
50.0,5.0,0.7,1.5,3.0,0.8,1200,0.2,103,87.4,11.64,0.17,1.19,0.113,15.41,3.4,0.033,1.06
50.0,5.0,0.7,2.5,4.5,0.6,3600,0.2,100,87.0,11.27,0.18,1.18,0.113,14.75,3.27,0.033,1.05
50.0,5.0,0.7,2.5,4.5,0.8,3600,0.2,100,87.0,11.32,0.18,1.18,0.113,14.87,3.32,0.033,1.05
55.0,2.0,0.7,2.5,3.0,0.8,14400,0.2,72,69.4,8.13,0.53,1.19,0.113,8.44,2.37,0.033,1.05
55.0,2.0,0.7,2.5,3.0,0.8,14400,0.4,72,69.4,8.13,0.53,1.19,0.113,8.44,2.37,0.033,1.05
55.0,2.0,1.0,1.5,3.0,0.4,2400,0.8,81,64.2,9.16,0.69,1.24,0.113,6.0,2.68,0.033,1.07
55.0,2.0,1.0,1.5,3.0,0.8,1200,0.4,75,65.3,8.45,0.65,1.22,0.113,7.07,2.45,0.033,1.06
55.0,2.0,1.5,2.5,3.0,0.8,1200,0.2,70,64.3,7.91,0.65,1.17,0.113,10.29,2.31,0.033,1.05
55.0,3.0,1.0,2.5,4.5,0.8,1200,0.4,71,71.8,8.06,0.47,1.2,0.114,8.12,2.38,0.033,1.06
55.0,5.0,1.0,1.5,3.0,0.4,1200,0.8,82,65.9,9.3,0.66,1.27,0.113,5.32,2.74,0.033,1.07
55.0,5.0,1.5,2.5,3.0,0.4,2400,0.4,61,82.0,6.89,0.25,1.14,0.113,11.7,2.01,0.033,1.04
40.0,2.0,0.7,2.5,4.5,0.4,3600,0.2,340,72.1,38.11,0.47,1.21,0.112,19.21,10.91,0.032,1.06
40.0,2.0,0.7,2.5,4.5,0.6,7200,0.8,333,68.8,37.34,0.55,1.21,0.112,20.64,10.7,0.032,1.06
40.0,2.0,1.0,1.5,4.5,0.4,1200,0.2,321,68.5,35.94,0.54,1.18,0.112,20.45,10.25,0.032,1.05
40.0,2.0,1.0,1.5,4.5,0.8,7200,0.2,315,67.9,35.27,0.55,1.17,0.112,21.11,10.07,0.032,1.05
40.0,2.0,1.0,1.5,4.5,0.8,7200,0.4,315,67.9,35.27,0.55,1.17,0.112,21.11,10.07,0.032,1.05
40.0,2.0,1.5,2.5,4.5,0.8,2400,0.8,370,64.6,41.53,0.67,1.23,0.112,13.13,11.93,0.032,1.06
40.0,3.0,0.7,1.5,3.0,0.8,3600,0.2,296,80.1,33.18,0.3,1.2,0.112,15.94,9.5,0.032,1.05
40.0,3.0,0.7,1.5,4.5,0.4,2400,0.4,307,79.5,34.53,0.31,1.2,0.112,15.09,9.97,0.032,1.06
40.0,3.0,1.0,1.5,3.0,0.6,7200,0.8,279,75.3,31.33,0.38,1.16,0.112,18.28,9.01,0.032,1.04
40.0,4.0,0.7,1.5,3.0,0.4,3600,0.8,288,78.1,32.34,0.34,1.21,0.112,15.59,9.3,0.032,1.06
40.0,4.0,0.7,1.5,3.0,0.6,3600,0.2,261,84.3,29.36,0.22,1.19,0.112,19.64,8.48,0.032,1.05
40.0,4.0,0.7,2.5,4.5,0.4,2400,0.4,270,83.3,30.32,0.24,1.19,0.112,19.94,8.72,0.032,1.05
40.0,4.0,0.7,2.5,4.5,0.6,2400,0.2,264,84.5,29.53,0.22,1.19,0.112,19.57,8.41,0.032,1.05
40.0,4.0,0.7,2.5,4.5,0.8,3600,0.4,262,84.0,29.25,0.23,1.18,0.112,20.97,8.29,0.032,1.05
40.0,5.0,0.7,1.5,4.5,0.6,1200,0.2,250,88.4,27.93,0.16,1.2,0.112,23.03,7.93,0.032,1.05
40.0,5.0,0.7,1.5,4.5,0.8,2400,0.4,248,86.7,27.85,0.18,1.19,0.112,26.23,8.01,0.032,1.05
40.0,5.0,0.7,2.5,4.5,0.6,1200,0.2,250,88.4,28.02,0.16,1.2,0.112,23.22,8.02,0.032,1.06
40.0,5.0,0.7,2.5,4.5,0.8,2400,0.8,289,78.5,32.43,0.34,1.24,0.112,18.75,9.31,0.032,1.07
45.0,2.0,1.0,2.5,3.0,0.6,1200,0.8,299,64.2,33.54,0.73,1.31,0.112,13.58,9.62,0.032,1.08
45.0,3.0,0.7,1.5,3.0,0.4,2400,0.8,249,73.9,27.81,0.44,1.25,0.112,17.22,7.89,0.032,1.07
45.0,3.0,0.7,1.5,3.0,0.6,1200,0.4,241,78.4,27.03,0.34,1.24,0.112,15.51,7.75,0.032,1.07
45.0,3.0,0.7,2.5,3.0,0.8,3600,0.8,238,74.4,26.65,0.43,1.23,0.112,16.87,7.6,0.032,1.06
45.0,4.0,1.0,1.5,3.0,0.8,3600,0.4,175,81.1,19.63,0.27,1.15,0.112,20.41,5.63,0.032,1.04
50.0,2.0,0.7,1.5,4.5,0.6,7200,0.8,122,68.9,13.72,0.55,1.21,0.112,11.16,3.96,0.032,1.06
50.0,2.0,1.0,2.5,3.0,0.4,7200,0.2,114,66.7,12.72,0.58,1.17,0.112,15.87,3.6,0.032,1.05
50.0,2.0,1.0,2.5,3.0,0.4,7200,0.4,114,66.7,12.72,0.58,1.17,0.112,15.87,3.6,0.032,1.05
50.0,2.0,1.5,2.5,4.5,0.6,1200,0.8,141,57.4,15.73,0.97,1.31,0.112,10.53,4.45,0.032,1.08
50.0,3.0,1.0,2.5,4.5,0.4,14400,0.8,107,73.8,11.96,0.41,1.15,0.112,14.16,3.4,0.032,1.04
50.0,3.0,1.5,2.5,3.0,0.8,7200,0.8,108,71.3,12.06,0.46,1.15,0.112,16.45,3.42,0.032,1.04
50.0,4.0,0.7,1.5,4.5,0.6,3600,0.8,115,73.9,12.88,0.43,1.22,0.112,14.07,3.68,0.032,1.06
50.0,4.0,0.7,2.5,3.0,0.8,3600,0.8,115,73.9,12.91,0.43,1.23,0.112,14.33,3.71,0.032,1.06
50.0,5.0,0.7,2.5,4.5,0.6,14400,0.2,96,84.4,10.79,0.21,1.16,0.112,15.46,3.11,0.032,1.04
50.0,5.0,0.7,2.5,4.5,0.6,14400,0.4,96,84.4,10.79,0.21,1.16,0.112,15.46,3.11,0.032,1.04
50.0,5.0,1.0,1.5,4.5,0.4,7200,0.8,94,80.9,10.51,0.27,1.14,0.112,16.71,2.99,0.032,1.04
50.0,5.0,1.0,1.5,4.5,0.6,1200,0.2,92,83.7,10.27,0.22,1.14,0.112,16.95,2.91,0.032,1.04
55.0,3.0,1.0,2.5,4.5,0.6,1200,0.4,71,71.8,7.93,0.47,1.2,0.112,8.12,2.25,0.032,1.05
55.0,5.0,1.0,1.5,4.5,0.8,1200,0.8,82,65.9,9.17,0.66,1.26,0.112,5.32,2.61,0.032,1.07
55.0,5.0,1.5,2.5,3.0,0.8,1200,0.8,82,65.9,9.21,0.66,1.26,0.112,5.68,2.65,0.032,1.07
55.0,5.0,1.5,2.5,3.0,0.8,7200,0.8,62,80.6,6.91,0.27,1.14,0.111,12.33,1.96,0.032,1.04
40.0,2.0,0.7,2.5,4.5,0.8,7200,0.2,323,70.0,35.89,0.52,1.2,0.111,21.26,10.05,0.031,1.05
40.0,2.0,0.7,2.5,4.5,0.8,7200,0.4,323,70.0,35.89,0.52,1.2,0.111,21.26,10.05,0.031,1.05
40.0,2.0,1.0,1.5,3.0,0.6,2400,0.2,317,68.5,35.24,0.54,1.18,0.111,20.17,9.88,0.031,1.05
40.0,2.0,1.0,1.5,4.5,0.6,2400,0.4,322,67.7,35.66,0.56,1.18,0.111,18.49,9.9,0.031,1.05
40.0,3.0,1.0,2.5,4.5,0.4,1200,0.4,294,72.4,32.52,0.45,1.17,0.111,19.3,9.0,0.031,1.05
40.0,3.0,1.0,2.5,4.5,0.4,3600,0.8,295,71.5,32.64,0.47,1.17,0.111,20.22,9.04,0.031,1.05
40.0,4.0,0.7,1.5,3.0,0.4,2400,0.2,264,84.5,29.27,0.22,1.18,0.111,19.24,8.16,0.031,1.05
40.0,5.0,0.7,1.5,3.0,0.6,1200,0.2,250,88.4,27.67,0.16,1.19,0.111,23.03,7.67,0.031,1.05
40.0,5.0,0.7,2.5,3.0,0.6,1200,0.2,250,88.4,27.76,0.16,1.19,0.111,23.22,7.76,0.031,1.05
45.0,2.0,0.7,1.5,3.0,0.6,2400,0.8,273,68.9,30.4,0.58,1.28,0.111,14.11,8.56,0.031,1.07
45.0,2.0,0.7,1.5,4.5,0.8,2400,0.8,273,68.9,30.23,0.58,1.28,0.111,13.6,8.39,0.031,1.07
45.0,2.0,1.0,1.5,4.5,0.6,1200,0.8,299,64.2,33.21,0.73,1.31,0.111,13.43,9.29,0.031,1.08
45.0,2.0,1.0,2.5,3.0,0.4,2400,0.8,266,65.0,29.5,0.66,1.23,0.111,16.3,8.22,0.031,1.06
45.0,3.0,0.7,2.5,4.5,0.8,1200,0.4,241,78.4,26.71,0.34,1.24,0.111,15.77,7.43,0.031,1.06
50.0,2.0,0.7,1.5,3.0,0.4,,0.4,114,67.5,12.69,0.57,1.19,0.111,10.15,3.57,0.031,1.05
50.0,2.0,0.7,1.5,3.0,0.8,,0.4,112,67.0,12.48,0.59,1.19,0.111,10.11,3.52,0.031,1.05
50.0,2.0,1.0,1.5,4.5,0.4,,0.4,113,67.3,12.58,0.57,1.17,0.111,12.89,3.54,0.031,1.05
50.0,2.0,1.0,1.5,4.5,0.6,,0.4,112,67.0,12.48,0.58,1.17,0.111,13.68,3.52,0.031,1.05
50.0,3.0,1.5,2.5,3.0,0.6,1200,0.2,108,72.2,11.99,0.44,1.14,0.111,15.37,3.35,0.031,1.04
50.0,3.0,1.5,2.5,3.0,0.8,3600,0.2,105,73.3,11.62,0.41,1.14,0.111,15.39,3.22,0.031,1.04
50.0,3.0,1.5,2.5,4.5,0.6,1200,0.4,116,69.0,12.87,0.53,1.17,0.111,12.03,3.59,0.031,1.05
50.0,5.0,1.0,1.5,3.0,0.8,3600,0.2,91,83.5,10.1,0.22,1.13,0.111,17.5,2.82,0.031,1.04
50.0,5.0,1.0,2.5,4.5,0.8,7200,0.8,93,80.6,10.3,0.27,1.14,0.111,17.46,2.86,0.031,1.04
55.0,3.0,1.0,2.5,3.0,0.6,1200,0.4,71,71.8,7.86,0.47,1.2,0.111,8.12,2.18,0.031,1.05
40.0,2.0,0.7,1.5,3.0,0.8,,0.4,312,67.9,34.23,0.56,1.19,0.11,18.44,9.27,0.03,1.05
40.0,2.0,0.7,2.5,4.5,0.4,3600,0.8,366,68.0,40.38,0.58,1.24,0.11,11.86,11.1,0.03,1.06
40.0,2.0,0.7,2.5,4.5,0.8,7200,0.8,331,68.6,36.37,0.55,1.2,0.11,20.39,9.89,0.03,1.05
40.0,2.0,1.0,2.5,4.5,0.8,2400,0.2,317,68.5,34.96,0.54,1.17,0.11,18.92,9.6,0.03,1.05
40.0,2.0,1.5,2.5,3.0,0.8,3600,0.8,348,64.4,38.31,0.66,1.2,0.11,14.09,10.47,0.03,1.05
40.0,3.0,0.7,1.5,3.0,0.6,2400,0.2,300,80.3,33.14,0.29,1.2,0.11,15.82,9.14,0.03,1.05
40.0,3.0,1.0,1.5,4.5,0.8,7200,0.8,278,75.2,30.68,0.38,1.16,0.11,18.79,8.44,0.03,1.04
40.0,4.0,0.7,1.5,4.5,0.6,3600,0.4,262,84.0,28.93,0.23,1.18,0.11,19.67,7.97,0.03,1.05
40.0,4.0,0.7,2.5,3.0,0.4,2400,0.4,270,83.3,29.6,0.24,1.19,0.11,19.94,8.0,0.03,1.05
40.0,4.0,0.7,2.5,3.0,0.6,2400,0.2,264,84.5,29.04,0.22,1.18,0.11,19.57,7.92,0.03,1.05
40.0,4.0,0.7,2.5,3.0,0.8,3600,0.2,261,84.3,28.68,0.22,1.18,0.11,20.95,7.8,0.03,1.05
40.0,4.0,1.0,2.5,4.5,0.8,2400,0.4,243,80.2,26.72,0.28,1.15,0.11,21.23,7.28,0.03,1.04
40.0,5.0,0.7,1.5,3.0,0.8,2400,0.8,289,78.5,31.87,0.34,1.24,0.11,18.38,8.75,0.03,1.06
40.0,5.0,0.7,2.5,4.5,0.8,2400,0.4,248,86.7,27.31,0.18,1.19,0.11,26.45,7.47,0.03,1.05
45.0,3.0,0.7,1.5,4.5,0.8,3600,0.8,238,74.8,26.29,0.42,1.23,0.11,16.18,7.25,0.03,1.06
45.0,3.0,1.5,2.5,4.5,0.8,1200,0.2,204,74.0,22.45,0.4,1.15,0.11,18.67,6.13,0.03,1.04
50.0,2.0,0.7,1.5,4.5,0.6,14400,0.2,117,69.2,12.85,0.53,1.19,0.11,14.78,3.49,0.03,1.05
50.0,2.0,0.7,1.5,4.5,0.6,14400,0.4,117,69.2,12.85,0.53,1.19,0.11,14.78,3.49,0.03,1.05
50.0,2.0,1.0,2.5,3.0,0.4,3600,0.4,114,67.5,12.59,0.56,1.17,0.11,13.74,3.47,0.03,1.05
50.0,2.0,1.0,2.5,3.0,0.6,14400,0.8,114,65.8,12.5,0.61,1.17,0.11,15.52,3.38,0.03,1.04
50.0,3.0,0.7,1.5,3.0,0.6,14400,0.2,109,76.1,12.03,0.37,1.17,0.11,13.88,3.31,0.03,1.05
50.0,3.0,0.7,1.5,3.0,0.6,14400,0.4,109,76.1,12.03,0.37,1.17,0.11,13.88,3.31,0.03,1.05
50.0,3.0,0.7,2.5,3.0,0.6,,0.4,106,73.6,11.66,0.42,1.17,0.11,10.7,3.18,0.03,1.04
50.0,3.0,1.0,2.5,3.0,0.4,14400,0.8,107,73.8,11.73,0.41,1.14,0.11,14.16,3.17,0.03,1.04
50.0,3.0,1.0,2.5,4.5,0.8,14400,0.2,106,73.6,11.66,0.41,1.14,0.11,16.38,3.18,0.03,1.04
50.0,3.0,1.0,2.5,4.5,0.8,14400,0.4,106,73.6,11.66,0.41,1.14,0.11,16.38,3.18,0.03,1.04
50.0,3.0,1.5,2.5,4.5,0.6,2400,0.8,123,65.0,13.51,0.64,1.19,0.11,11.23,3.67,0.03,1.05
50.0,3.0,1.5,2.5,4.5,0.6,7200,0.8,108,72.2,11.85,0.44,1.14,0.11,17.96,3.21,0.03,1.04
50.0,4.0,0.7,2.5,4.5,0.8,2400,0.4,107,83.2,11.76,0.24,1.19,0.11,12.99,3.21,0.03,1.05
50.0,4.0,1.0,1.5,4.5,0.8,2400,0.4,97,79.4,10.64,0.3,1.15,0.11,16.12,2.88,0.03,1.04
50.0,5.0,0.7,2.5,3.0,0.8,14400,0.8,96,83.3,10.56,0.23,1.15,0.11,15.37,2.88,0.03,1.04
50.0,5.0,1.0,2.5,3.0,0.8,2400,0.4,91,83.5,10.03,0.22,1.13,0.11,17.34,2.75,0.03,1.04
55.0,2.0,0.7,1.5,4.5,0.8,14400,0.2,72,69.4,7.93,0.52,1.19,0.11,8.37,2.17,0.03,1.05
55.0,2.0,0.7,1.5,4.5,0.8,14400,0.4,72,69.4,7.93,0.52,1.19,0.11,8.37,2.17,0.03,1.05
55.0,2.0,0.7,2.5,3.0,0.8,14400,0.8,72,69.4,7.95,0.52,1.19,0.11,8.56,2.19,0.03,1.05
55.0,2.0,1.0,1.5,4.5,0.6,1200,0.4,75,65.3,8.27,0.64,1.21,0.11,7.07,2.27,0.03,1.06
55.0,2.0,1.0,2.5,4.5,0.4,1200,0.8,88,58.0,9.66,0.95,1.31,0.11,4.63,2.62,0.03,1.08
55.0,2.0,1.0,2.5,4.5,0.8,14400,0.8,70,65.7,7.71,0.61,1.17,0.11,9.22,2.11,0.03,1.04
55.0,3.0,1.0,2.5,3.0,0.8,1200,0.4,71,71.8,7.84,0.47,1.2,0.11,8.12,2.16,0.03,1.05
55.0,5.0,1.5,2.5,3.0,0.8,14400,0.2,59,83.1,6.5,0.23,1.13,0.11,12.43,1.78,0.03,1.03
55.0,5.0,1.5,2.5,3.0,0.8,14400,0.4,59,83.1,6.5,0.23,1.13,0.11,12.43,1.78,0.03,1.03
55.0,5.0,1.5,2.5,3.0,0.8,14400,0.8,59,83.1,6.5,0.23,1.13,0.11,12.43,1.78,0.03,1.03
55.0,5.0,1.5,2.5,4.5,0.8,7200,0.8,62,80.6,6.85,0.27,1.14,0.11,12.33,1.89,0.03,1.04
40.0,2.0,0.7,1.5,4.5,0.4,7200,0.2,327,70.3,35.78,0.51,1.2,0.109,21.74,9.62,0.029,1.05
40.0,2.0,0.7,1.5,4.5,0.4,7200,0.4,327,70.3,35.78,0.51,1.2,0.109,21.74,9.62,0.029,1.05
40.0,2.0,1.0,1.5,3.0,0.4,1200,0.2,321,68.5,35.12,0.54,1.17,0.109,20.82,9.44,0.029,1.04
40.0,2.0,1.0,1.5,3.0,0.4,7200,0.8,328,67.4,35.79,0.57,1.18,0.109,21.37,9.55,0.029,1.05
40.0,2.0,1.0,2.5,4.5,0.4,1200,0.4,339,65.8,37.0,0.62,1.19,0.109,15.02,9.88,0.029,1.05
40.0,2.0,1.0,2.5,4.5,0.8,7200,0.8,325,67.1,35.29,0.58,1.17,0.109,21.3,9.29,0.029,1.04
40.0,3.0,0.7,1.5,3.0,0.4,2400,0.4,307,79.5,33.48,0.31,1.2,0.109,15.09,8.92,0.029,1.05
40.0,5.0,0.7,1.5,3.0,0.8,2400,0.4,248,86.7,26.95,0.18,1.18,0.109,26.23,7.11,0.029,1.05
40.0,5.0,0.7,2.5,3.0,0.8,2400,0.8,289,78.5,31.53,0.34,1.23,0.109,18.75,8.41,0.029,1.06
45.0,2.0,0.7,2.5,3.0,0.8,2400,0.8,273,68.9,29.81,0.57,1.27,0.109,13.91,7.97,0.029,1.07
45.0,2.0,1.0,1.5,3.0,0.6,1200,0.8,299,64.2,32.68,0.73,1.3,0.109,13.43,8.76,0.029,1.08
45.0,3.0,0.7,1.5,4.5,0.8,1200,0.4,241,78.4,26.22,0.34,1.24,0.109,15.93,6.94,0.029,1.06
45.0,3.0,1.0,2.5,4.5,0.4,14400,0.2,204,74.5,22.14,0.39,1.14,0.109,20.95,5.82,0.029,1.04
45.0,3.0,1.0,2.5,4.5,0.4,14400,0.4,204,74.5,22.14,0.39,1.14,0.109,20.95,5.82,0.029,1.04
45.0,3.0,1.5,2.5,3.0,0.8,2400,0.2,203,74.4,22.12,0.39,1.14,0.109,19.48,5.88,0.029,1.04
45.0,4.0,1.0,2.5,4.5,0.6,1200,0.4,187,78.1,20.47,0.33,1.16,0.109,20.09,5.51,0.029,1.04
50.0,2.0,1.5,2.5,4.5,0.8,1200,0.8,141,57.4,15.41,0.97,1.3,0.109,9.78,4.13,0.029,1.07
50.0,3.0,1.0,1.5,3.0,0.6,1200,0.8,138,63.0,15.09,0.75,1.28,0.109,8.97,4.05,0.029,1.07
50.0,4.0,0.7,1.5,3.0,0.8,2400,0.8,117,73.5,12.7,0.45,1.24,0.109,14.79,3.34,0.029,1.06
50.0,4.0,1.0,1.5,4.5,0.6,7200,0.8,97,78.4,10.56,0.32,1.14,0.109,16.01,2.8,0.029,1.04
50.0,4.0,1.0,2.5,4.5,0.4,2400,0.8,109,71.6,11.89,0.47,1.17,0.109,17.09,3.17,0.029,1.04
50.0,5.0,0.7,1.5,4.5,0.8,14400,0.2,96,84.4,10.45,0.21,1.15,0.109,15.27,2.77,0.029,1.04
50.0,5.0,0.7,1.5,4.5,0.8,14400,0.4,96,84.4,10.45,0.21,1.15,0.109,15.27,2.77,0.029,1.04
50.0,5.0,1.0,1.5,3.0,0.4,7200,0.8,94,80.9,10.27,0.27,1.13,0.109,17.08,2.75,0.029,1.04
50.0,5.0,1.0,1.5,4.5,0.8,3600,0.4,91,83.5,9.9,0.22,1.13,0.109,17.12,2.61,0.029,1.03
55.0,2.0,1.0,1.5,3.0,0.6,1200,0.4,75,65.3,8.2,0.64,1.21,0.109,7.07,2.2,0.029,1.05
55.0,2.0,1.0,1.5,4.5,0.8,14400,0.2,69,66.7,7.54,0.58,1.16,0.109,8.99,2.02,0.029,1.04
55.0,2.0,1.0,1.5,4.5,0.8,14400,0.4,69,66.7,7.54,0.58,1.16,0.109,8.99,2.02,0.029,1.04
55.0,3.0,0.7,2.5,4.5,0.4,2400,0.8,77,74.0,8.41,0.43,1.23,0.109,7.14,2.25,0.029,1.06
55.0,5.0,1.0,1.5,3.0,0.8,1200,0.8,82,65.9,8.95,0.65,1.26,0.109,5.32,2.39,0.029,1.06
40.0,2.0,0.7,2.5,3.0,0.4,3600,0.4,340,71.8,36.59,0.47,1.21,0.108,18.12,9.39,0.028,1.05
40.0,2.0,0.7,2.5,3.0,0.6,7200,0.2,325,70.2,34.99,0.51,1.19,0.108,21.42,8.99,0.028,1.05
40.0,2.0,0.7,2.5,3.0,0.6,7200,0.4,325,70.2,34.99,0.51,1.19,0.108,21.42,8.99,0.028,1.05
40.0,2.0,1.0,1.5,4.5,0.6,3600,0.2,317,68.1,34.33,0.55,1.17,0.108,21.83,8.97,0.028,1.04
40.0,2.0,1.0,1.5,4.5,0.6,3600,0.4,317,67.8,34.38,0.56,1.17,0.108,20.48,9.02,0.028,1.04
40.0,3.0,0.7,2.5,4.5,0.8,2400,0.2,300,80.0,32.32,0.3,1.19,0.108,17.38,8.31,0.028,1.05
40.0,3.0,1.0,1.5,4.5,0.6,1200,0.2,277,76.5,30.02,0.35,1.15,0.108,19.18,7.86,0.028,1.04
40.0,3.0,1.0,2.5,3.0,0.4,1200,0.4,294,72.4,31.84,0.44,1.17,0.108,19.3,8.32,0.028,1.04
40.0,3.0,1.5,2.5,4.5,0.8,2400,0.8,329,69.0,35.44,0.53,1.19,0.108,21.46,9.12,0.028,1.05
40.0,4.0,0.7,1.5,4.5,0.6,3600,0.8,288,78.1,31.01,0.34,1.2,0.108,15.88,7.97,0.028,1.05
40.0,4.0,0.7,2.5,4.5,0.8,3600,0.8,288,78.1,31.21,0.34,1.2,0.108,16.5,8.17,0.028,1.05
45.0,2.0,1.0,2.5,4.5,0.8,1200,0.8,299,64.2,32.17,0.72,1.3,0.108,12.65,8.25,0.028,1.07
45.0,3.0,0.7,2.5,3.0,0.8,1200,0.4,241,78.4,26.1,0.34,1.23,0.108,15.77,6.82,0.028,1.06
50.0,2.0,0.7,1.5,3.0,0.6,7200,0.8,122,68.9,13.23,0.55,1.21,0.108,11.16,3.47,0.028,1.05
50.0,2.0,0.7,1.5,4.5,0.6,,0.4,112,67.0,12.12,0.58,1.19,0.108,11.76,3.16,0.028,1.05
50.0,2.0,1.0,2.5,4.5,0.6,14400,0.2,113,66.4,12.26,0.59,1.16,0.108,16.66,3.22,0.028,1.04
50.0,2.0,1.0,2.5,4.5,0.6,14400,0.4,113,66.4,12.26,0.59,1.16,0.108,16.66,3.22,0.028,1.04
50.0,2.0,1.5,2.5,3.0,0.6,1200,0.8,141,57.4,15.2,0.96,1.3,0.108,10.53,3.92,0.028,1.07
50.0,3.0,1.0,1.5,3.0,0.8,1200,0.8,138,63.0,14.88,0.75,1.28,0.108,8.97,3.84,0.028,1.07
50.0,4.0,0.7,1.5,4.5,0.6,2400,0.4,107,83.2,11.55,0.24,1.19,0.108,13.11,2.99,0.028,1.05
50.0,4.0,0.7,2.5,3.0,0.6,2400,0.4,107,83.2,11.55,0.24,1.19,0.108,13.25,2.99,0.028,1.05
50.0,4.0,1.0,1.5,3.0,0.6,2400,0.4,97,79.4,10.45,0.3,1.14,0.108,16.33,2.69,0.028,1.04
50.0,5.0,0.7,1.5,4.5,0.4,14400,0.8,97,83.5,10.49,0.23,1.15,0.108,15.27,2.73,0.028,1.04
50.0,5.0,0.7,2.5,3.0,0.6,14400,0.2,96,84.4,10.33,0.21,1.15,0.108,15.84,2.65,0.028,1.04
50.0,5.0,0.7,2.5,3.0,0.6,14400,0.4,96,84.4,10.33,0.21,1.15,0.108,15.84,2.65,0.028,1.04
50.0,5.0,0.7,2.5,4.5,0.6,1200,0.4,107,80.4,11.55,0.29,1.2,0.108,14.88,2.99,0.028,1.05
50.0,5.0,0.7,2.5,4.5,0.8,1200,0.4,107,80.4,11.54,0.29,1.2,0.108,15.27,2.98,0.028,1.05
50.0,5.0,0.7,2.5,4.5,0.8,3600,0.4,100,87.0,10.79,0.18,1.17,0.108,14.87,2.78,0.028,1.04
50.0,5.0,1.0,1.5,4.5,0.6,2400,0.4,91,83.5,9.86,0.22,1.13,0.108,16.95,2.58,0.028,1.03
55.0,2.0,0.7,1.5,4.5,0.8,14400,0.8,72,69.4,7.75,0.52,1.19,0.108,8.47,1.99,0.028,1.05
55.0,2.0,1.0,1.5,4.5,0.8,1200,0.8,88,58.0,9.49,0.94,1.3,0.108,4.63,2.45,0.028,1.07
55.0,2.0,1.0,2.5,3.0,0.4,1200,0.8,88,58.0,9.54,0.95,1.3,0.108,4.63,2.5,0.028,1.07
55.0,3.0,0.7,2.5,3.0,0.4,2400,0.8,77,74.0,8.29,0.43,1.22,0.108,7.14,2.13,0.028,1.06
55.0,4.0,1.5,2.5,4.5,0.4,3600,0.8,68,73.5,7.31,0.41,1.15,0.108,12.0,1.87,0.028,1.04
55.0,5.0,1.0,1.5,4.5,0.6,1200,0.8,82,65.9,8.85,0.65,1.25,0.108,5.32,2.29,0.028,1.06
40.0,2.0,0.7,1.5,4.5,0.4,7200,0.8,335,69.0,35.81,0.54,1.2,0.107,20.52,9.01,0.027,1.05
40.0,2.0,0.7,2.5,3.0,0.4,3600,0.2,340,72.1,36.33,0.47,1.2,0.107,19.51,9.13,0.027,1.05
40.0,2.0,0.7,2.5,4.5,0.6,3600,0.2,339,72.0,36.11,0.47,1.2,0.107,20.77,8.99,0.027,1.05
40.0,2.0,0.7,2.5,4.5,0.6,3600,0.4,339,71.7,36.38,0.48,1.2,0.107,19.38,9.26,0.027,1.05
40.0,2.0,1.0,1.5,3.0,0.6,7200,0.2,316,68.0,33.94,0.55,1.17,0.107,21.26,8.66,0.027,1.04
40.0,2.0,1.0,1.5,3.0,0.6,7200,0.4,316,68.0,33.94,0.55,1.17,0.107,21.26,8.66,0.027,1.04
40.0,2.0,1.0,2.5,3.0,0.4,1200,0.4,339,65.8,36.19,0.62,1.19,0.107,15.4,9.07,0.027,1.05
40.0,2.0,1.0,2.5,3.0,0.6,7200,0.8,326,67.2,35.02,0.57,1.17,0.107,21.85,8.94,0.027,1.04
40.0,2.0,1.0,2.5,4.5,0.4,2400,0.8,372,64.5,39.86,0.67,1.22,0.107,12.83,10.1,0.027,1.05
40.0,2.0,1.0,2.5,4.5,0.6,1200,0.2,321,68.5,34.39,0.54,1.17,0.107,20.36,8.71,0.027,1.04
40.0,2.0,1.5,2.5,3.0,0.8,2400,0.8,370,64.6,39.64,0.67,1.22,0.107,13.5,10.04,0.027,1.05
40.0,3.0,0.7,1.5,4.5,0.8,2400,0.2,300,80.3,32.02,0.29,1.19,0.107,15.83,8.02,0.027,1.05
40.0,3.0,0.7,2.5,4.5,0.6,2400,0.4,307,79.2,32.96,0.31,1.19,0.107,17.02,8.4,0.027,1.05
40.0,3.0,1.0,1.5,3.0,0.8,3600,0.2,274,76.3,29.4,0.36,1.15,0.107,18.58,7.48,0.027,1.04
40.0,4.0,0.7,1.5,3.0,0.6,3600,0.4,262,84.0,28.15,0.22,1.18,0.107,19.67,7.19,0.027,1.04
40.0,4.0,0.7,1.5,4.5,0.8,3600,0.2,261,84.3,27.93,0.22,1.18,0.107,20.01,7.05,0.027,1.04
40.0,4.0,1.0,2.5,3.0,0.8,2400,0.4,243,80.2,26.07,0.28,1.14,0.107,21.12,6.63,0.027,1.04
40.0,5.0,0.7,1.5,3.0,0.8,1200,0.8,348,70.1,37.1,0.57,1.33,0.107,18.71,9.27,0.027,1.08
40.0,5.0,0.7,1.5,4.5,0.8,1200,0.8,348,70.1,37.32,0.57,1.33,0.107,18.71,9.48,0.027,1.08
45.0,2.0,1.0,1.5,4.5,0.8,1200,0.8,299,64.2,31.89,0.72,1.3,0.107,12.64,7.97,0.027,1.07
45.0,3.0,1.5,2.5,3.0,0.8,1200,0.2,204,74.0,21.87,0.4,1.14,0.107,18.67,5.55,0.027,1.04
45.0,3.0,1.5,2.5,4.5,0.4,2400,0.8,237,68.4,25.4,0.55,1.18,0.107,18.92,6.44,0.027,1.04
45.0,4.0,1.0,2.5,3.0,0.6,1200,0.4,187,78.1,20.05,0.33,1.16,0.107,20.09,5.09,0.027,1.04
45.0,4.0,1.0,2.5,4.5,0.6,3600,0.8,195,75.9,20.84,0.37,1.16,0.107,19.76,5.24,0.027,1.04
50.0,2.0,0.7,1.5,4.5,0.4,,0.4,113,67.3,12.1,0.58,1.19,0.107,10.97,3.06,0.027,1.04
50.0,2.0,0.7,2.5,4.5,0.6,7200,0.2,119,70.6,12.7,0.5,1.19,0.107,13.77,3.18,0.027,1.05
50.0,2.0,0.7,2.5,4.5,0.6,7200,0.4,119,70.6,12.7,0.5,1.19,0.107,13.77,3.18,0.027,1.05
50.0,4.0,0.7,1.5,4.5,0.8,3600,0.8,115,73.9,12.33,0.43,1.22,0.107,14.12,3.13,0.027,1.05
50.0,5.0,0.7,1.5,4.5,0.4,1200,0.4,107,80.4,11.41,0.29,1.2,0.107,15.06,2.85,0.027,1.05
50.0,5.0,0.7,2.5,3.0,0.8,3600,0.2,100,87.0,10.67,0.17,1.17,0.107,15.25,2.67,0.027,1.04
50.0,5.0,0.7,2.5,4.5,0.6,3600,0.4,100,87.0,10.73,0.17,1.17,0.107,14.75,2.73,0.027,1.04
50.0,5.0,1.0,1.5,3.0,0.6,3600,0.4,91,83.5,9.75,0.22,1.13,0.107,17.33,2.47,0.027,1.03
55.0,2.0,1.0,1.5,4.5,0.4,1200,0.8,88,58.0,9.39,0.94,1.3,0.107,4.63,2.35,0.027,1.07
55.0,2.0,1.0,2.5,4.5,0.8,1200,0.4,75,65.3,8.0,0.64,1.21,0.107,7.07,2.0,0.027,1.05
55.0,3.0,1.0,1.5,4.5,0.6,2400,0.8,75,72.0,8.01,0.46,1.19,0.107,6.53,2.01,0.027,1.05
55.0,4.0,1.5,2.5,3.0,0.4,3600,0.8,68,73.5,7.27,0.41,1.15,0.107,12.0,1.83,0.027,1.04
55.0,5.0,1.0,1.5,3.0,0.6,1200,0.8,82,65.9,8.78,0.65,1.25,0.107,5.32,2.22,0.027,1.06
40.0,2.0,1.0,1.5,3.0,0.6,2400,0.4,322,67.7,34.04,0.56,1.17,0.106,18.87,8.28,0.026,1.04
40.0,2.0,1.0,1.5,4.5,0.8,2400,0.2,317,68.5,33.75,0.54,1.17,0.106,19.72,8.39,0.026,1.04
40.0,2.0,1.0,2.5,4.5,0.8,3600,0.2,317,68.1,33.47,0.55,1.17,0.106,20.84,8.11,0.026,1.04
40.0,2.0,1.0,2.5,4.5,0.8,3600,0.4,317,67.8,33.58,0.55,1.17,0.106,19.49,8.22,0.026,1.04
40.0,3.0,1.0,1.5,3.0,0.6,1200,0.2,277,76.5,29.42,0.35,1.15,0.106,19.18,7.26,0.026,1.04
40.0,3.0,1.0,2.5,3.0,0.4,3600,0.8,295,71.5,31.23,0.46,1.16,0.106,20.17,7.63,0.026,1.04
40.0,4.0,0.7,1.5,4.5,0.6,2400,0.2,264,84.5,28.07,0.22,1.18,0.106,19.34,6.95,0.026,1.04
40.0,5.0,0.7,2.5,3.0,0.8,2400,0.4,248,86.7,26.41,0.18,1.18,0.106,26.45,6.57,0.026,1.04
45.0,3.0,0.7,1.5,3.0,0.8,1200,0.4,241,78.4,25.61,0.34,1.23,0.106,15.93,6.32,0.026,1.05
45.0,3.0,0.7,1.5,3.0,0.8,3600,0.8,238,74.8,25.24,0.41,1.22,0.106,16.18,6.2,0.026,1.05
45.0,3.0,1.5,2.5,3.0,0.4,2400,0.8,237,68.4,25.06,0.54,1.17,0.106,18.92,6.1,0.026,1.04
50.0,2.0,0.7,1.5,3.0,0.6,14400,0.2,117,69.2,12.38,0.53,1.19,0.106,14.78,3.02,0.026,1.04
50.0,2.0,0.7,1.5,3.0,0.6,14400,0.4,117,69.2,12.38,0.53,1.19,0.106,14.78,3.02,0.026,1.04
50.0,2.0,0.7,1.5,3.0,0.8,7200,0.8,123,68.3,13.04,0.56,1.2,0.106,10.84,3.2,0.026,1.05
50.0,2.0,0.7,1.5,4.5,0.4,14400,0.2,118,69.5,12.51,0.52,1.19,0.106,14.68,3.07,0.026,1.04
50.0,2.0,0.7,1.5,4.5,0.4,14400,0.4,118,69.5,12.51,0.52,1.19,0.106,14.68,3.07,0.026,1.04
50.0,2.0,1.0,2.5,4.5,0.4,2400,0.4,116,66.4,12.28,0.59,1.17,0.106,11.46,3.0,0.026,1.04
50.0,3.0,1.5,2.5,3.0,0.6,1200,0.4,116,69.0,12.34,0.53,1.17,0.106,12.03,3.06,0.026,1.04
50.0,3.0,1.5,2.5,4.5,0.8,2400,0.2,105,73.3,11.08,0.41,1.13,0.106,15.39,2.68,0.026,1.03
50.0,4.0,0.7,1.5,3.0,0.6,3600,0.8,115,73.9,12.24,0.43,1.21,0.106,14.44,3.04,0.026,1.05
50.0,5.0,0.7,1.5,3.0,0.4,14400,0.8,97,83.5,10.26,0.23,1.15,0.106,15.64,2.5,0.026,1.04
50.0,5.0,0.7,1.5,4.5,0.6,3600,0.2,100,87.0,10.62,0.17,1.17,0.106,14.99,2.62,0.026,1.04
50.0,5.0,0.7,2.5,3.0,0.6,3600,0.2,100,87.0,10.64,0.17,1.17,0.106,15.13,2.64,0.026,1.04
50.0,5.0,0.7,2.5,4.5,0.4,2400,0.4,101,87.1,10.7,0.17,1.17,0.106,14.63,2.62,0.026,1.04
50.0,5.0,1.0,1.5,3.0,0.6,1200,0.2,92,83.7,9.74,0.22,1.13,0.106,17.33,2.38,0.026,1.03
50.0,5.0,1.0,1.5,3.0,0.8,1200,0.2,92,83.7,9.79,0.22,1.13,0.106,17.5,2.43,0.026,1.03
55.0,2.0,0.7,1.5,3.0,0.8,14400,0.2,72,69.4,7.6,0.52,1.18,0.106,8.66,1.84,0.026,1.04
55.0,2.0,0.7,1.5,3.0,0.8,14400,0.4,72,69.4,7.6,0.52,1.18,0.106,8.66,1.84,0.026,1.04
55.0,3.0,1.0,1.5,3.0,0.6,2400,0.8,75,72.0,7.95,0.46,1.19,0.106,6.53,1.95,0.026,1.05
55.0,3.0,1.0,1.5,4.5,0.8,2400,0.8,75,72.0,7.94,0.46,1.19,0.106,6.53,1.94,0.026,1.05
55.0,3.0,1.0,2.5,4.5,0.6,2400,0.8,75,72.0,7.97,0.46,1.19,0.106,6.53,1.97,0.026,1.05
55.0,4.0,0.7,2.5,3.0,0.4,3600,0.8,72,76.4,7.6,0.37,1.19,0.106,8.0,1.84,0.026,1.04
55.0,4.0,0.7,2.5,4.5,0.4,3600,0.8,72,76.4,7.64,0.37,1.19,0.106,8.0,1.88,0.026,1.05
55.0,5.0,1.5,2.5,4.5,0.8,2400,0.2,59,83.1,6.26,0.23,1.13,0.106,12.43,1.54,0.026,1.03
40.0,2.0,0.7,2.5,3.0,0.4,3600,0.8,366,68.0,38.59,0.58,1.23,0.105,12.16,9.31,0.025,1.05
40.0,2.0,0.7,2.5,3.0,0.6,7200,0.8,333,68.8,35.11,0.54,1.2,0.105,20.88,8.47,0.025,1.04
40.0,2.0,0.7,2.5,4.5,0.6,3600,0.8,365,67.9,38.34,0.58,1.22,0.105,13.43,9.14,0.025,1.05
40.0,2.0,1.0,2.5,3.0,0.8,2400,0.2,317,68.5,33.17,0.54,1.17,0.105,19.3,7.81,0.025,1.04
40.0,2.0,1.0,2.5,4.5,0.8,2400,0.4,322,67.7,33.72,0.56,1.17,0.105,17.62,7.96,0.025,1.04
40.0,3.0,0.7,2.5,3.0,0.6,2400,0.4,307,79.2,32.18,0.31,1.19,0.105,17.02,7.62,0.025,1.04
40.0,3.0,1.0,2.5,4.5,0.4,2400,0.8,320,70.3,33.69,0.5,1.18,0.105,21.56,8.1,0.025,1.04
40.0,3.0,1.5,2.5,3.0,0.8,2400,0.8,329,69.0,34.47,0.53,1.19,0.105,21.46,8.15,0.025,1.04
40.0,4.0,0.7,1.5,3.0,0.6,3600,0.8,288,78.1,30.23,0.34,1.2,0.105,15.88,7.19,0.025,1.05
40.0,4.0,0.7,2.5,3.0,0.8,3600,0.4,262,84.0,27.53,0.22,1.17,0.105,20.97,6.57,0.025,1.04
40.0,4.0,1.0,1.5,4.5,0.8,2400,0.4,243,80.2,25.42,0.28,1.14,0.105,21.77,5.98,0.025,1.03
40.0,4.0,1.0,2.5,4.5,0.6,1200,0.2,241,80.9,25.28,0.27,1.14,0.105,19.81,6.0,0.025,1.03
45.0,2.0,0.7,1.5,3.0,0.8,2400,0.8,273,68.9,28.56,0.57,1.26,0.105,13.7,6.72,0.025,1.06
45.0,2.0,1.0,1.5,4.5,0.6,3600,0.8,249,65.9,26.07,0.62,1.19,0.105,16.61,6.15,0.025,1.04
45.0,2.0,1.0,2.5,3.0,0.8,1200,0.8,299,64.2,31.45,0.72,1.29,0.105,12.86,7.53,0.025,1.06
45.0,3.0,1.0,2.5,3.0,0.4,14400,0.2,204,74.5,21.43,0.39,1.14,0.105,20.88,5.11,0.025,1.03
45.0,3.0,1.0,2.5,3.0,0.4,14400,0.4,204,74.5,21.43,0.39,1.14,0.105,20.88,5.11,0.025,1.03
45.0,3.0,1.0,2.5,4.5,0.4,14400,0.8,204,74.5,21.39,0.39,1.14,0.105,21.7,5.07,0.025,1.03
45.0,3.0,1.5,2.5,4.5,0.8,3600,0.2,203,73.9,21.25,0.4,1.14,0.105,19.95,5.01,0.025,1.03
45.0,3.0,1.5,2.5,4.5,0.8,7200,0.8,208,72.6,21.81,0.43,1.14,0.105,21.53,5.17,0.025,1.03
45.0,4.0,1.0,2.5,3.0,0.6,3600,0.8,195,75.9,20.44,0.37,1.16,0.105,19.76,4.84,0.025,1.04
50.0,2.0,0.7,2.5,3.0,0.8,7200,0.2,119,70.6,12.53,0.49,1.19,0.105,13.46,3.01,0.025,1.04
50.0,2.0,0.7,2.5,3.0,0.8,7200,0.4,119,70.6,12.53,0.49,1.19,0.105,13.46,3.01,0.025,1.04
50.0,2.0,1.5,2.5,3.0,0.8,1200,0.8,141,57.4,14.74,0.96,1.29,0.105,9.78,3.46,0.025,1.06
50.0,3.0,0.7,2.5,4.5,0.4,3600,0.4,112,79.5,11.73,0.3,1.18,0.105,12.68,2.77,0.025,1.04
50.0,3.0,1.5,2.5,3.0,0.6,7200,0.8,108,72.2,11.33,0.44,1.14,0.105,17.96,2.69,0.025,1.03
50.0,4.0,1.0,2.5,3.0,0.4,2400,0.8,109,71.6,11.49,0.46,1.17,0.105,17.47,2.77,0.025,1.04
50.0,5.0,0.7,1.5,4.5,0.6,14400,0.2,96,84.4,10.07,0.21,1.15,0.105,15.33,2.39,0.025,1.03
50.0,5.0,0.7,1.5,4.5,0.6,14400,0.4,96,84.4,10.07,0.21,1.15,0.105,15.33,2.39,0.025,1.03
55.0,2.0,1.0,1.5,3.0,0.4,1200,0.8,88,58.0,9.28,0.94,1.3,0.105,4.63,2.24,0.025,1.07
55.0,2.0,1.0,1.5,3.0,0.8,1200,0.8,88,58.0,9.27,0.94,1.3,0.105,4.63,2.23,0.025,1.06
55.0,2.0,1.0,2.5,3.0,0.8,14400,0.8,70,65.7,7.38,0.61,1.16,0.105,9.6,1.78,0.025,1.04
55.0,3.0,1.0,2.5,3.0,0.6,2400,0.8,75,72.0,7.91,0.46,1.19,0.105,6.53,1.91,0.025,1.04
55.0,3.0,1.0,2.5,4.5,0.8,2400,0.8,75,72.0,7.89,0.46,1.19,0.105,6.68,1.89,0.025,1.04
40.0,2.0,1.0,2.5,3.0,0.6,1200,0.2,321,68.5,33.54,0.54,1.17,0.104,20.73,7.86,0.024,1.04
40.0,3.0,0.7,2.5,3.0,0.8,2400,0.2,300,80.0,31.28,0.3,1.18,0.104,17.38,7.28,0.024,1.04
40.0,3.0,1.0,1.5,3.0,0.8,7200,0.8,279,75.3,28.95,0.38,1.15,0.104,18.75,6.63,0.024,1.03
40.0,4.0,0.7,1.5,3.0,0.6,2400,0.2,264,84.5,27.58,0.22,1.17,0.104,19.34,6.46,0.024,1.04
40.0,4.0,1.0,2.5,3.0,0.6,1200,0.2,241,80.9,25.06,0.27,1.14,0.104,19.77,5.78,0.024,1.03
40.0,4.0,1.0,2.5,4.5,0.6,3600,0.8,267,75.3,27.83,0.38,1.16,0.104,26.93,6.47,0.024,1.04
45.0,2.0,1.0,1.5,3.0,0.8,1200,0.8,299,64.2,31.17,0.72,1.29,0.104,12.85,7.25,0.024,1.06
45.0,3.0,1.0,2.5,4.5,0.4,7200,0.2,204,74.5,21.3,0.39,1.14,0.104,21.02,4.98,0.024,1.03
45.0,3.0,1.0,2.5,4.5,0.4,7200,0.4,204,74.5,21.3,0.39,1.14,0.104,21.02,4.98,0.024,1.03
50.0,2.0,0.7,1.5,3.0,0.4,14400,0.2,118,69.5,12.28,0.52,1.18,0.104,14.68,2.84,0.024,1.04
50.0,2.0,0.7,1.5,3.0,0.4,14400,0.4,118,69.5,12.28,0.52,1.18,0.104,14.68,2.84,0.024,1.04
50.0,2.0,0.7,1.5,4.5,0.4,7200,0.2,120,70.8,12.5,0.49,1.19,0.104,13.14,2.9,0.024,1.04
50.0,2.0,0.7,1.5,4.5,0.4,7200,0.4,120,70.8,12.5,0.49,1.19,0.104,13.14,2.9,0.024,1.04
50.0,2.0,0.7,1.5,4.5,0.8,7200,0.2,119,70.6,12.37,0.49,1.19,0.104,13.1,2.85,0.024,1.04
50.0,2.0,0.7,1.5,4.5,0.8,7200,0.4,119,70.6,12.37,0.49,1.19,0.104,13.1,2.85,0.024,1.04
50.0,2.0,0.7,2.5,4.5,0.4,3600,0.8,131,64.9,13.69,0.67,1.24,0.105,9.91,3.21,0.024,1.05
50.0,2.0,1.0,1.5,3.0,0.8,14400,0.8,114,65.8,11.85,0.6,1.16,0.104,14.52,2.73,0.024,1.04
50.0,2.0,1.0,2.5,3.0,0.6,14400,0.2,113,66.4,11.79,0.59,1.16,0.104,16.66,2.75,0.024,1.03
50.0,2.0,1.0,2.5,3.0,0.6,14400,0.4,113,66.4,11.79,0.59,1.16,0.104,16.66,2.75,0.024,1.03
50.0,2.0,1.0,2.5,4.5,0.8,7200,0.2,113,66.4,11.77,0.59,1.15,0.104,15.77,2.73,0.024,1.03
50.0,2.0,1.0,2.5,4.5,0.8,7200,0.4,113,66.4,11.77,0.59,1.15,0.104,15.77,2.73,0.024,1.03
50.0,3.0,1.5,2.5,3.0,0.6,2400,0.8,123,65.0,12.75,0.63,1.18,0.104,11.23,2.91,0.024,1.04
50.0,4.0,1.0,1.5,3.0,0.6,7200,0.8,97,78.4,10.06,0.31,1.14,0.104,16.39,2.3,0.024,1.03
50.0,5.0,1.0,1.5,4.5,0.8,2400,0.4,91,83.5,9.42,0.22,1.13,0.104,17.12,2.14,0.024,1.03
55.0,2.0,1.0,1.5,3.0,0.8,14400,0.2,69,66.7,7.21,0.58,1.16,0.104,9.37,1.69,0.024,1.04
55.0,2.0,1.0,1.5,3.0,0.8,14400,0.4,69,66.7,7.21,0.58,1.16,0.104,9.37,1.69,0.024,1.04
55.0,2.0,1.0,2.5,3.0,0.8,1200,0.4,75,65.3,7.78,0.64,1.2,0.104,7.07,1.78,0.024,1.04
55.0,2.0,1.0,2.5,4.5,0.8,,0.4,69,66.7,7.14,0.58,1.16,0.103,9.55,1.62,0.024,1.03
55.0,3.0,1.0,1.5,3.0,0.8,2400,0.8,75,72.0,7.83,0.46,1.19,0.104,6.53,1.83,0.024,1.04
55.0,3.0,1.0,2.5,3.0,0.8,2400,0.8,75,72.0,7.78,0.46,1.19,0.104,6.68,1.78,0.024,1.04
55.0,5.0,1.0,2.5,4.5,0.8,1200,0.8,82,65.9,8.51,0.65,1.24,0.104,5.32,1.95,0.024,1.05
55.0,5.0,1.5,2.5,3.0,0.8,2400,0.2,59,83.1,6.15,0.23,1.12,0.104,12.43,1.43,0.024,1.03
55.0,5.0,1.5,2.5,4.5,0.8,14400,0.2,59,83.1,6.12,0.23,1.12,0.104,12.43,1.4,0.024,1.03
55.0,5.0,1.5,2.5,4.5,0.8,14400,0.4,59,83.1,6.12,0.23,1.12,0.104,12.43,1.4,0.024,1.03
55.0,5.0,1.5,2.5,4.5,0.8,14400,0.8,59,83.1,6.12,0.23,1.12,0.104,12.43,1.4,0.024,1.03
40.0,2.0,1.0,2.5,3.0,0.4,2400,0.8,372,64.5,38.46,0.67,1.21,0.103,13.21,8.7,0.023,1.05
40.0,2.0,1.0,2.5,4.5,0.4,3600,0.8,349,64.5,36.02,0.65,1.18,0.103,14.86,8.1,0.023,1.04
40.0,3.0,0.7,1.5,3.0,0.8,2400,0.2,300,80.3,30.99,0.29,1.18,0.103,15.83,6.99,0.023,1.04
40.0,3.0,0.7,1.5,4.5,0.6,2400,0.4,307,79.5,31.69,0.31,1.19,0.103,15.6,7.13,0.023,1.04
40.0,3.0,0.7,2.5,4.5,0.6,3600,0.8,317,73.8,32.58,0.42,1.19,0.103,17.44,7.22,0.023,1.04
40.0,5.0,0.7,2.5,4.5,0.8,1200,0.8,348,70.1,35.87,0.56,1.32,0.103,18.84,8.03,0.023,1.07
45.0,3.0,1.5,2.5,4.5,0.4,3600,0.8,223,69.1,22.88,0.52,1.15,0.103,18.69,5.04,0.023,1.03
45.0,3.0,1.5,2.5,4.5,0.6,1200,0.8,268,66.0,27.48,0.64,1.24,0.103,16.82,6.04,0.023,1.05
45.0,4.0,1.0,1.5,4.5,0.6,1200,0.4,187,78.1,19.21,0.32,1.15,0.103,20.33,4.25,0.023,1.03
50.0,2.0,0.7,2.5,3.0,0.6,7200,0.2,119,70.6,12.2,0.49,1.18,0.103,13.77,2.68,0.023,1.04
50.0,2.0,0.7,2.5,3.0,0.6,7200,0.4,119,70.6,12.2,0.49,1.18,0.103,13.77,2.68,0.023,1.04
50.0,2.0,1.0,2.5,4.5,0.4,1200,0.8,142,57.7,14.57,0.94,1.29,0.103,10.32,3.21,0.023,1.06
50.0,3.0,0.7,2.5,3.0,0.8,7200,0.2,111,77.5,11.46,0.34,1.16,0.103,15.25,2.58,0.023,1.04
50.0,3.0,0.7,2.5,3.0,0.8,7200,0.4,111,77.5,11.46,0.34,1.16,0.103,15.25,2.58,0.023,1.04
50.0,3.0,0.7,2.5,4.5,0.6,,0.4,105,73.3,10.86,0.42,1.15,0.103,11.99,2.46,0.023,1.03
50.0,4.0,0.7,1.5,4.5,0.8,2400,0.4,107,83.2,11.07,0.24,1.18,0.103,13.16,2.51,0.023,1.04
50.0,4.0,0.7,2.5,3.0,0.8,2400,0.4,107,83.2,10.98,0.24,1.18,0.103,13.37,2.42,0.023,1.04
50.0,5.0,0.7,1.5,3.0,0.4,1200,0.4,107,80.4,11.02,0.29,1.19,0.103,15.44,2.46,0.023,1.04
50.0,5.0,0.7,2.5,3.0,0.6,1200,0.4,107,80.4,11.02,0.29,1.19,0.103,15.26,2.46,0.023,1.04
55.0,2.0,0.7,1.5,3.0,0.8,14400,0.8,72,69.4,7.41,0.52,1.18,0.103,8.84,1.65,0.023,1.04
55.0,2.0,1.0,1.5,4.5,0.6,1200,0.8,88,58.0,9.08,0.94,1.29,0.103,4.63,2.04,0.023,1.06
55.0,2.0,1.0,2.5,4.5,0.6,1200,0.4,75,65.3,7.75,0.64,1.2,0.103,7.07,1.75,0.023,1.04
55.0,5.0,1.5,2.5,3.0,0.8,3600,0.2,59,83.1,6.07,0.23,1.12,0.103,12.43,1.35,0.023,1.03
55.0,5.0,1.5,2.5,3.0,0.8,3600,0.4,59,83.1,6.07,0.23,1.12,0.103,12.43,1.35,0.023,1.03
40.0,2.0,0.7,1.5,3.0,0.4,7200,0.2,327,70.3,33.39,0.5,1.19,0.102,22.04,7.23,0.022,1.04
40.0,2.0,0.7,1.5,3.0,0.4,7200,0.4,327,70.3,33.39,0.5,1.19,0.102,22.04,7.23,0.022,1.04
40.0,2.0,0.7,2.5,3.0,0.6,3600,0.4,339,71.7,34.53,0.47,1.19,0.102,19.63,7.41,0.022,1.04
40.0,2.0,1.0,1.5,3.0,0.6,3600,0.2,317,68.1,32.42,0.54,1.16,0.102,22.08,7.06,0.022,1.03
40.0,2.0,1.0,1.5,3.0,0.6,3600,0.4,317,67.8,32.47,0.55,1.16,0.102,20.73,7.11,0.022,1.03
40.0,2.0,1.0,1.5,4.5,0.4,1200,0.4,339,65.8,34.66,0.62,1.18,0.102,15.87,7.54,0.022,1.04
40.0,2.0,1.0,1.5,4.5,0.6,1200,0.2,321,68.5,32.75,0.53,1.16,0.102,21.0,7.07,0.022,1.03
40.0,3.0,1.0,2.5,3.0,0.4,2400,0.8,320,70.3,32.64,0.5,1.18,0.102,21.56,7.04,0.022,1.04
40.0,4.0,0.7,1.5,4.5,0.8,3600,0.4,262,84.0,26.72,0.22,1.17,0.102,20.04,5.76,0.022,1.04
40.0,4.0,0.7,2.5,3.0,0.8,3600,0.8,288,78.1,29.49,0.33,1.19,0.102,16.5,6.45,0.022,1.04
40.0,4.0,1.0,1.5,3.0,0.8,2400,0.4,243,80.2,24.77,0.28,1.14,0.102,21.66,5.32,0.022,1.03
40.0,4.0,1.0,1.5,4.5,0.4,3600,0.8,267,75.3,27.33,0.38,1.15,0.102,26.3,5.97,0.022,1.03
40.0,4.0,1.0,2.5,3.0,0.6,3600,0.8,267,75.3,27.12,0.38,1.15,0.102,26.81,5.76,0.022,1.03
40.0,5.0,0.7,2.5,3.0,0.8,1200,0.8,348,70.1,35.66,0.56,1.31,0.102,18.84,7.82,0.022,1.06
45.0,3.0,1.0,2.5,3.0,0.4,7200,0.2,204,74.5,20.76,0.39,1.13,0.102,20.94,4.44,0.022,1.03
45.0,3.0,1.0,2.5,3.0,0.4,7200,0.4,204,74.5,20.76,0.39,1.13,0.102,20.94,4.44,0.022,1.03
50.0,2.0,0.7,1.5,3.0,0.4,7200,0.2,120,70.8,12.27,0.49,1.18,0.102,13.14,2.67,0.022,1.04
50.0,2.0,0.7,1.5,3.0,0.4,7200,0.4,120,70.8,12.27,0.49,1.18,0.102,13.14,2.67,0.022,1.04
50.0,2.0,0.7,2.5,3.0,0.4,3600,0.8,131,64.9,13.37,0.67,1.23,0.102,10.01,2.89,0.022,1.05
50.0,2.0,0.7,2.5,4.5,0.4,3600,0.4,121,72.7,12.31,0.45,1.19,0.102,11.92,2.63,0.022,1.04
50.0,2.0,1.0,2.5,3.0,0.4,2400,0.4,116,66.4,11.89,0.59,1.16,0.103,11.46,2.61,0.022,1.03
50.0,3.0,0.7,1.5,4.5,0.4,7200,0.2,112,77.7,11.39,0.33,1.16,0.102,14.85,2.43,0.022,1.03
50.0,3.0,0.7,1.5,4.5,0.4,7200,0.4,112,77.7,11.39,0.33,1.16,0.102,14.85,2.43,0.022,1.03
50.0,3.0,0.7,2.5,3.0,0.4,3600,0.4,112,79.5,11.41,0.3,1.17,0.102,13.0,2.45,0.022,1.04
50.0,3.0,1.0,2.5,3.0,0.4,,0.4,107,73.8,10.9,0.4,1.13,0.102,15.0,2.34,0.022,1.03
50.0,4.0,0.7,1.5,3.0,0.8,3600,0.8,115,73.9,11.68,0.42,1.2,0.102,14.49,2.48,0.022,1.04
50.0,4.0,1.0,1.5,3.0,0.8,2400,0.4,97,79.4,9.86,0.3,1.14,0.102,16.5,2.1,0.022,1.03
50.0,4.0,1.0,1.5,3.0,0.8,7200,0.8,98,77.6,9.95,0.33,1.14,0.102,16.59,2.11,0.022,1.03
50.0,5.0,0.7,1.5,3.0,0.8,14400,0.2,96,84.4,9.81,0.21,1.14,0.102,15.64,2.13,0.022,1.03
50.0,5.0,0.7,1.5,3.0,0.8,14400,0.4,96,84.4,9.81,0.21,1.14,0.102,15.64,2.13,0.022,1.03
50.0,5.0,0.7,1.5,4.5,0.4,2400,0.2,101,87.1,10.29,0.17,1.16,0.102,14.94,2.21,0.022,1.03
50.0,5.0,0.7,1.5,4.5,0.8,1200,0.4,107,80.4,10.92,0.29,1.19,0.102,15.32,2.36,0.022,1.04
50.0,5.0,0.7,1.5,4.5,0.8,3600,0.2,100,87.0,10.19,0.17,1.16,0.102,15.04,2.19,0.022,1.03
50.0,5.0,0.7,2.5,3.0,0.4,2400,0.4,101,87.1,10.31,0.17,1.16,0.102,15.01,2.23,0.022,1.03
50.0,5.0,0.7,2.5,3.0,0.8,1200,0.4,107,80.4,10.88,0.29,1.19,0.102,15.64,2.31,0.022,1.04
50.0,5.0,0.7,2.5,4.5,0.6,14400,0.8,96,83.3,9.79,0.23,1.14,0.102,15.46,2.11,0.022,1.03
50.0,5.0,1.0,1.5,3.0,0.8,3600,0.4,91,83.5,9.24,0.22,1.12,0.102,17.5,1.96,0.022,1.03
50.0,5.0,1.0,2.5,4.5,0.6,7200,0.8,93,80.6,9.47,0.27,1.12,0.102,17.14,2.03,0.022,1.03
55.0,2.0,1.0,1.5,3.0,0.6,1200,0.8,88,58.0,9.02,0.93,1.29,0.102,4.63,1.98,0.022,1.06
55.0,2.0,1.0,2.5,3.0,0.6,1200,0.4,75,65.3,7.68,0.64,1.2,0.102,7.07,1.68,0.022,1.04
55.0,2.0,1.5,2.5,4.5,0.6,2400,0.2,69,66.7,7.03,0.58,1.15,0.102,10.92,1.51,0.022,1.03
55.0,5.0,1.0,2.5,4.5,0.6,1200,0.8,82,65.9,8.35,0.64,1.24,0.102,5.32,1.79,0.022,1.05
55.0,5.0,1.5,2.5,4.5,0.8,3600,0.2,59,83.1,6.01,0.23,1.12,0.102,12.43,1.29,0.022,1.03
55.0,5.0,1.5,2.5,4.5,0.8,3600,0.4,59,83.1,6.01,0.23,1.12,0.102,12.43,1.29,0.022,1.03
40.0,2.0,0.7,2.5,3.0,0.6,3600,0.2,339,72.0,34.27,0.46,1.19,0.101,21.02,7.15,0.021,1.04
40.0,2.0,1.0,1.5,3.0,0.8,2400,0.2,317,68.5,31.96,0.53,1.16,0.101,20.09,6.6,0.021,1.03
40.0,2.0,1.0,1.5,3.0,0.8,7200,0.2,316,68.0,31.78,0.54,1.16,0.101,20.61,6.49,0.021,1.03
40.0,2.0,1.0,1.5,3.0,0.8,7200,0.4,316,68.0,31.78,0.54,1.16,0.101,20.61,6.49,0.021,1.03
40.0,2.0,1.0,1.5,4.5,0.8,2400,0.4,322,67.7,32.55,0.56,1.17,0.101,18.42,6.79,0.021,1.03
40.0,3.0,0.7,1.5,3.0,0.6,2400,0.4,307,79.5,30.92,0.31,1.18,0.101,15.6,6.36,0.021,1.04
40.0,3.0,1.0,1.5,4.5,0.4,1200,0.4,294,72.4,29.68,0.44,1.16,0.101,19.44,6.16,0.021,1.03
40.0,5.0,0.7,1.5,3.0,0.8,1200,0.2,250,88.4,25.14,0.15,1.18,0.101,23.08,5.14,0.021,1.04
40.0,5.0,0.7,1.5,4.5,0.8,1200,0.2,250,88.4,25.35,0.15,1.18,0.101,23.08,5.35,0.021,1.04
45.0,2.0,0.7,2.5,4.5,0.4,1200,0.8,304,65.8,30.76,0.68,1.31,0.101,10.09,6.44,0.021,1.06
45.0,2.0,1.0,1.5,3.0,0.6,3600,0.8,249,65.9,25.1,0.61,1.18,0.101,16.48,5.18,0.021,1.04
45.0,2.0,1.0,1.5,4.5,0.4,2400,0.8,266,65.0,26.9,0.65,1.21,0.101,16.64,5.62,0.021,1.04
45.0,2.0,1.0,2.5,4.5,0.6,2400,0.8,265,64.9,26.83,0.65,1.2,0.101,16.84,5.63,0.021,1.04
45.0,2.0,1.0,2.5,4.5,0.8,3600,0.8,249,65.9,25.17,0.61,1.18,0.101,16.14,5.25,0.021,1.04
45.0,3.0,1.0,2.5,3.0,0.4,14400,0.8,204,74.5,20.68,0.39,1.13,0.101,21.63,4.36,0.021,1.03
45.0,3.0,1.5,2.5,3.0,0.4,3600,0.8,223,69.1,22.62,0.51,1.15,0.101,18.68,4.78,0.021,1.03
45.0,3.0,1.5,2.5,3.0,0.6,1200,0.8,268,66.0,27.05,0.64,1.24,0.101,16.82,5.61,0.021,1.05
45.0,3.0,1.5,2.5,3.0,0.8,3600,0.2,203,73.9,20.49,0.4,1.13,0.101,19.95,4.25,0.021,1.03
50.0,3.0,1.5,2.5,4.5,0.8,1200,0.4,114,69.3,11.46,0.51,1.16,0.101,11.55,2.34,0.021,1.03
50.0,4.0,0.7,1.5,3.0,0.6,2400,0.4,107,83.2,10.8,0.24,1.18,0.101,13.48,2.24,0.021,1.04
50.0,5.0,0.7,1.5,4.5,0.6,1200,0.4,107,80.4,10.77,0.29,1.19,0.101,15.09,2.21,0.021,1.04
50.0,5.0,0.7,1.5,4.5,0.6,3600,0.4,100,87.0,10.09,0.17,1.16,0.101,14.99,2.08,0.021,1.03
50.0,5.0,0.7,2.5,3.0,0.6,3600,0.4,100,87.0,10.1,0.17,1.16,0.101,15.13,2.1,0.021,1.03
50.0,5.0,0.7,2.5,3.0,0.8,3600,0.4,100,87.0,10.13,0.17,1.16,0.101,15.25,2.13,0.021,1.03
50.0,5.0,1.0,1.5,4.5,0.4,2400,0.8,104,74.0,10.48,0.4,1.15,0.101,18.4,2.16,0.021,1.03
50.0,5.0,1.0,2.5,3.0,0.8,7200,0.8,93,80.6,9.41,0.27,1.12,0.101,17.83,1.97,0.021,1.03
55.0,2.0,1.5,2.5,3.0,0.6,2400,0.2,69,66.7,6.97,0.58,1.15,0.101,10.92,1.45,0.021,1.03
55.0,2.0,1.5,2.5,3.0,0.6,14400,0.2,69,66.7,6.93,0.58,1.15,0.1,11.04,1.41,0.021,1.03
55.0,2.0,1.5,2.5,3.0,0.6,14400,0.4,69,66.7,6.93,0.58,1.15,0.1,11.04,1.41,0.021,1.03
55.0,5.0,1.0,2.5,3.0,0.6,1200,0.8,82,65.9,8.28,0.64,1.24,0.101,5.32,1.72,0.021,1.05
55.0,5.0,1.0,2.5,3.0,0.8,1200,0.8,82,65.9,8.29,0.64,1.24,0.101,5.32,1.73,0.021,1.05
55.0,5.0,1.5,2.5,4.5,0.4,3600,0.8,66,75.8,6.64,0.36,1.13,0.101,11.35,1.36,0.021,1.03
40.0,2.0,0.7,1.5,3.0,0.4,7200,0.8,335,69.0,33.42,0.53,1.19,0.1,20.82,6.62,0.02,1.04
40.0,2.0,0.7,2.5,3.0,0.6,3600,0.8,365,67.9,36.49,0.57,1.21,0.1,13.68,7.29,0.02,1.04
40.0,2.0,0.7,2.5,4.5,0.4,2400,0.2,343,72.6,34.31,0.45,1.19,0.1,18.57,6.88,0.02,1.04
40.0,2.0,1.0,1.5,3.0,0.4,1200,0.4,339,65.8,33.84,0.61,1.18,0.1,16.25,6.72,0.02,1.03
40.0,2.0,1.0,2.5,4.5,0.6,2400,0.8,371,64.4,37.17,0.67,1.2,0.1,14.1,7.49,0.02,1.04
40.0,3.0,0.7,2.5,3.0,0.6,3600,0.8,317,73.8,31.57,0.42,1.19,0.1,17.44,6.21,0.02,1.04
40.0,3.0,1.0,2.5,4.5,0.8,1200,0.2,277,76.5,27.77,0.35,1.14,0.1,19.96,5.61,0.02,1.03
40.0,4.0,0.7,1.5,3.0,0.8,3600,0.2,261,84.3,26.21,0.22,1.17,0.1,20.01,5.33,0.02,1.03
40.0,4.0,0.7,1.5,4.5,0.4,2400,0.4,270,83.3,26.94,0.23,1.17,0.1,19.84,5.34,0.02,1.03
40.0,4.0,0.7,1.5,4.5,0.8,3600,0.8,288,78.1,28.71,0.33,1.19,0.1,16.13,5.67,0.02,1.04
40.0,5.0,0.7,2.5,4.5,0.4,1200,0.4,261,82.4,26.15,0.25,1.19,0.1,21.82,5.27,0.02,1.04
40.0,5.0,1.0,2.5,4.5,0.4,1200,0.8,331,68.9,33.21,0.56,1.23,0.1,19.23,6.73,0.02,1.04
45.0,2.0,0.7,2.5,3.0,0.4,1200,0.8,304,65.8,30.42,0.68,1.31,0.1,10.09,6.1,0.02,1.06
45.0,4.0,1.0,1.5,3.0,0.6,1200,0.4,187,78.1,18.79,0.32,1.15,0.1,20.33,3.83,0.02,1.03
50.0,2.0,1.0,1.5,3.0,0.8,14400,0.2,113,66.4,11.27,0.58,1.15,0.1,15.66,2.23,0.02,1.03
50.0,2.0,1.0,1.5,3.0,0.8,14400,0.4,113,66.4,11.27,0.58,1.15,0.1,15.66,2.23,0.02,1.03
50.0,2.0,1.0,2.5,3.0,0.4,1200,0.8,142,57.7,14.17,0.94,1.28,0.1,10.32,2.81,0.02,1.05
50.0,3.0,0.7,1.5,3.0,0.4,7200,0.2,112,77.7,11.15,0.33,1.16,0.1,14.85,2.19,0.02,1.03
50.0,3.0,0.7,1.5,3.0,0.4,7200,0.4,112,77.7,11.15,0.33,1.16,0.1,14.85,2.19,0.02,1.03
50.0,5.0,0.7,1.5,3.0,0.6,3600,0.2,100,87.0,9.99,0.17,1.16,0.1,15.36,1.99,0.02,1.03
50.0,5.0,0.7,1.5,3.0,0.6,14400,0.2,96,84.4,9.6,0.21,1.14,0.1,15.71,1.92,0.02,1.03
50.0,5.0,0.7,1.5,3.0,0.6,14400,0.4,96,84.4,9.6,0.21,1.14,0.1,15.71,1.92,0.02,1.03
50.0,5.0,0.7,2.5,4.5,0.6,2400,0.2,100,87.0,10.05,0.17,1.16,0.1,14.75,2.05,0.02,1.03
50.0,5.0,1.0,1.5,3.0,0.6,2400,0.4,91,83.5,9.11,0.22,1.12,0.1,17.33,1.83,0.02,1.02
55.0,2.0,1.0,1.5,4.5,0.8,14400,0.8,70,65.7,6.99,0.6,1.15,0.1,9.5,1.39,0.02,1.03
55.0,2.0,1.0,2.5,4.5,0.8,1200,0.8,88,58.0,8.83,0.93,1.28,0.1,4.63,1.79,0.02,1.05
55.0,4.0,0.7,1.5,3.0,0.6,7200,0.8,67,80.6,6.67,0.28,1.16,0.1,8.0,1.31,0.02,1.03
55.0,5.0,1.5,2.5,3.0,0.4,3600,0.8,66,75.8,6.6,0.36,1.13,0.1,11.35,1.32,0.02,1.02
40.0,2.0,0.7,2.5,3.0,0.8,7200,0.2,324,70.1,32.06,0.5,1.18,0.099,21.13,6.14,0.019,1.03
40.0,2.0,0.7,2.5,3.0,0.8,7200,0.4,324,70.1,32.06,0.5,1.18,0.099,21.13,6.14,0.019,1.03
40.0,2.0,1.0,1.5,3.0,0.6,1200,0.2,321,68.5,31.9,0.53,1.16,0.099,21.37,6.22,0.019,1.03
40.0,2.0,1.0,2.5,3.0,0.8,2400,0.4,322,67.7,31.94,0.55,1.16,0.099,18.0,6.18,0.019,1.03
40.0,2.0,1.0,2.5,4.5,0.6,1200,0.4,339,65.8,33.39,0.61,1.18,0.098,15.65,6.27,0.019,1.03
40.0,3.0,0.7,1.5,4.5,0.4,3600,0.8,317,74.1,31.4,0.41,1.19,0.099,15.42,6.04,0.019,1.03
40.0,3.0,0.7,2.5,4.5,0.8,2400,0.4,307,79.2,30.27,0.31,1.18,0.099,17.38,5.71,0.019,1.03
40.0,3.0,1.0,1.5,3.0,0.4,1200,0.4,294,72.4,29.0,0.44,1.15,0.099,19.44,5.48,0.019,1.03
40.0,4.0,1.0,1.5,4.5,0.6,1200,0.2,241,80.9,23.75,0.27,1.13,0.099,20.08,4.47,0.019,1.02
40.0,5.0,0.7,2.5,3.0,0.4,1200,0.4,261,82.4,25.84,0.25,1.19,0.099,21.82,4.96,0.019,1.03
40.0,5.0,1.0,2.5,3.0,0.4,1200,0.8,331,68.9,32.9,0.56,1.23,0.099,19.23,6.42,0.019,1.04
45.0,2.0,1.0,1.5,3.0,0.4,2400,0.8,266,65.0,26.35,0.65,1.2,0.099,16.64,5.07,0.019,1.04
45.0,3.0,0.7,2.5,4.5,0.4,1200,0.8,277,67.9,27.5,0.61,1.28,0.099,15.09,5.34,0.019,1.05
45.0,4.0,1.5,2.5,4.5,0.8,2400,0.8,206,72.8,20.39,0.43,1.16,0.099,22.14,3.91,0.019,1.03
50.0,2.0,0.7,2.5,3.0,0.4,3600,0.4,121,72.7,11.99,0.45,1.19,0.099,11.92,2.31,0.019,1.03
50.0,2.0,1.0,2.5,4.5,0.4,2400,0.2,114,66.7,11.31,0.57,1.15,0.099,15.71,2.19,0.019,1.03
50.0,3.0,0.7,1.5,3.0,0.4,,0.4,107,73.8,10.61,0.41,1.15,0.099,10.58,2.05,0.019,1.03
50.0,3.0,0.7,2.5,4.5,0.4,1200,0.8,138,63.8,13.63,0.74,1.29,0.099,8.92,2.59,0.019,1.05
50.0,3.0,0.7,2.5,4.5,0.6,7200,0.2,111,77.5,10.95,0.34,1.16,0.099,14.82,2.07,0.019,1.03
50.0,3.0,0.7,2.5,4.5,0.6,7200,0.4,111,77.5,10.95,0.34,1.16,0.099,14.82,2.07,0.019,1.03
50.0,5.0,1.0,2.5,4.5,0.4,1200,0.4,98,77.6,9.67,0.33,1.14,0.099,16.45,1.83,0.019,1.03
55.0,2.0,1.0,2.5,3.0,0.8,,0.4,69,66.7,6.81,0.57,1.15,0.099,9.93,1.29,0.019,1.03
55.0,2.0,1.5,2.5,4.5,0.6,14400,0.2,69,66.7,6.85,0.57,1.15,0.099,11.04,1.33,0.019,1.03
55.0,2.0,1.5,2.5,4.5,0.6,14400,0.4,69,66.7,6.85,0.57,1.15,0.099,11.04,1.33,0.019,1.03
55.0,3.0,0.7,1.5,4.5,0.4,2400,0.8,77,74.0,7.61,0.42,1.21,0.099,7.15,1.45,0.019,1.04
55.0,4.0,0.7,1.5,4.5,0.6,7200,0.8,67,80.6,6.61,0.28,1.15,0.099,8.0,1.25,0.019,1.03
40.0,2.0,0.7,2.5,3.0,0.8,7200,0.8,332,68.7,32.54,0.54,1.18,0.098,20.26,5.98,0.018,1.03
40.0,2.0,1.0,1.5,4.5,0.6,7200,0.8,326,67.2,31.95,0.57,1.16,0.098,22.8,5.87,0.018,1.03
40.0,2.0,1.0,2.5,3.0,0.4,3600,0.8,349,64.5,34.22,0.65,1.18,0.098,15.16,6.3,0.018,1.03
40.0,2.0,1.0,2.5,3.0,0.8,3600,0.2,317,68.1,31.01,0.54,1.15,0.098,21.0,5.65,0.018,1.03
40.0,2.0,1.0,2.5,3.0,0.8,3600,0.4,317,67.8,31.12,0.55,1.16,0.098,19.65,5.76,0.018,1.03
40.0,3.0,0.7,2.5,4.5,0.4,1200,0.2,306,81.0,29.95,0.28,1.18,0.098,16.87,5.47,0.018,1.03
40.0,3.0,0.7,2.5,4.5,0.8,3600,0.8,317,73.8,31.12,0.42,1.19,0.098,17.74,5.76,0.018,1.03
40.0,3.0,1.0,2.5,3.0,0.8,1200,0.2,277,76.5,27.22,0.35,1.14,0.098,19.96,5.06,0.018,1.03
40.0,4.0,0.7,2.5,4.5,0.6,2400,0.4,270,83.3,26.53,0.23,1.17,0.098,20.18,4.93,0.018,1.03
40.0,4.0,0.7,2.5,4.5,0.8,2400,0.2,264,84.5,25.98,0.21,1.16,0.098,19.71,4.86,0.018,1.03
40.0,4.0,1.0,1.5,3.0,0.4,3600,0.8,267,75.3,26.23,0.38,1.15,0.098,26.27,4.87,0.018,1.03
40.0,4.0,1.0,1.5,3.0,0.6,1200,0.2,241,80.9,23.53,0.27,1.13,0.098,20.04,4.25,0.018,1.02
45.0,3.0,0.7,2.5,3.0,0.4,1200,0.8,277,67.9,27.24,0.61,1.28,0.098,15.09,5.07,0.018,1.05
45.0,3.0,1.0,2.5,4.5,0.4,1200,0.8,270,66.3,26.44,0.63,1.23,0.098,16.48,4.84,0.018,1.04
45.0,3.0,1.5,2.5,4.5,0.6,7200,0.8,208,72.6,20.33,0.43,1.13,0.098,23.71,3.69,0.018,1.02
50.0,3.0,1.5,2.5,3.0,0.8,2400,0.2,105,73.3,10.3,0.41,1.12,0.098,15.38,1.9,0.018,1.02
50.0,3.0,1.5,2.5,4.5,0.8,2400,0.8,121,66.1,11.82,0.6,1.17,0.098,11.35,2.14,0.018,1.03
50.0,5.0,0.7,1.5,3.0,0.4,2400,0.2,101,87.1,9.9,0.17,1.16,0.098,15.31,1.82,0.018,1.03
50.0,5.0,0.7,1.5,4.5,0.8,14400,0.8,96,83.3,9.45,0.23,1.14,0.098,15.27,1.77,0.018,1.03
55.0,2.0,1.0,2.5,3.0,0.8,1200,0.8,88,58.0,8.61,0.92,1.27,0.098,4.63,1.58,0.018,1.05
55.0,2.0,1.0,2.5,4.5,0.6,1200,0.8,88,58.0,8.58,0.92,1.27,0.098,4.63,1.54,0.018,1.04
55.0,4.0,0.7,1.5,3.0,0.8,7200,0.8,68,79.4,6.68,0.3,1.16,0.098,8.0,1.24,0.018,1.03
55.0,5.0,1.0,2.5,4.5,0.4,7200,0.2,59,83.1,5.79,0.23,1.12,0.098,10.76,1.07,0.018,1.02
55.0,5.0,1.0,2.5,4.5,0.4,7200,0.4,59,83.1,5.79,0.23,1.12,0.098,10.76,1.07,0.018,1.02
55.0,5.0,1.5,2.5,4.5,0.6,1200,0.4,66,75.8,6.5,0.37,1.14,0.098,10.0,1.22,0.018,1.03
40.0,2.0,0.7,1.5,4.5,0.4,3600,0.4,340,71.8,32.83,0.47,1.18,0.097,19.66,5.63,0.017,1.03
40.0,2.0,0.7,1.5,4.5,0.6,7200,0.2,325,70.2,31.66,0.5,1.18,0.097,22.31,5.66,0.017,1.03
40.0,2.0,0.7,1.5,4.5,0.6,7200,0.4,325,70.2,31.66,0.5,1.18,0.097,22.31,5.66,0.017,1.03
40.0,2.0,0.7,1.5,4.5,0.8,7200,0.2,323,70.0,31.45,0.5,1.18,0.097,22.27,5.61,0.017,1.03
40.0,2.0,0.7,1.5,4.5,0.8,7200,0.4,323,70.0,31.45,0.5,1.18,0.097,22.27,5.61,0.017,1.03
40.0,2.0,0.7,2.5,4.5,0.8,3600,0.4,339,71.7,32.72,0.47,1.18,0.097,19.54,5.6,0.017,1.03
40.0,2.0,1.0,1.5,4.5,0.4,2400,0.8,372,64.5,35.91,0.66,1.2,0.097,13.59,6.15,0.017,1.03
40.0,2.0,1.0,1.5,4.5,0.8,3600,0.4,317,67.8,30.64,0.55,1.15,0.097,20.21,5.28,0.017,1.03
40.0,2.0,1.0,2.5,3.0,0.8,7200,0.8,326,67.2,31.54,0.56,1.16,0.097,21.04,5.46,0.017,1.03
40.0,3.0,0.7,1.5,4.5,0.8,2400,0.4,307,79.5,29.92,0.3,1.18,0.097,15.75,5.36,0.017,1.03
40.0,3.0,1.0,1.5,4.5,0.8,1200,0.2,277,76.5,26.84,0.35,1.14,0.097,19.69,4.68,0.017,1.02
40.0,4.0,0.7,1.5,3.0,0.4,2400,0.4,270,83.3,26.22,0.23,1.17,0.097,19.84,4.62,0.017,1.03
40.0,4.0,0.7,1.5,4.5,0.8,2400,0.2,264,84.5,25.7,0.21,1.16,0.097,19.39,4.58,0.017,1.03
40.0,4.0,1.0,2.5,4.5,0.4,2400,0.8,287,72.8,27.96,0.43,1.16,0.097,23.44,5.01,0.017,1.03
40.0,5.0,0.7,2.5,4.5,0.8,1200,0.2,250,88.4,24.23,0.15,1.17,0.097,23.34,4.23,0.017,1.03
45.0,2.0,1.0,2.5,3.0,0.6,2400,0.8,265,64.9,25.67,0.65,1.2,0.097,16.84,4.47,0.017,1.03
45.0,3.0,0.7,1.5,4.5,0.6,2400,0.8,248,73.8,24.15,0.43,1.22,0.097,17.2,4.32,0.017,1.04
45.0,3.0,1.0,2.5,3.0,0.4,1200,0.8,270,66.3,26.17,0.62,1.23,0.097,16.48,4.57,0.017,1.04
45.0,3.0,1.0,2.5,4.5,0.4,2400,0.4,206,75.7,19.9,0.36,1.13,0.097,18.46,3.41,0.017,1.02
45.0,3.0,1.0,2.5,4.5,0.8,,0.4,203,73.9,19.61,0.4,1.12,0.097,21.21,3.37,0.017,1.02
45.0,3.0,1.5,2.5,3.0,0.8,7200,0.8,208,72.6,20.25,0.43,1.13,0.097,21.45,3.61,0.017,1.02
45.0,4.0,1.0,2.5,4.5,0.4,2400,0.8,207,73.4,20.04,0.42,1.16,0.097,21.21,3.48,0.017,1.03
50.0,2.0,0.7,1.5,4.5,0.6,7200,0.2,119,70.6,11.55,0.49,1.17,0.097,13.51,2.03,0.017,1.03
50.0,2.0,0.7,1.5,4.5,0.6,7200,0.4,119,70.6,11.55,0.49,1.17,0.097,13.51,2.03,0.017,1.03
50.0,5.0,0.7,1.5,4.5,0.8,3600,0.4,100,87.0,9.66,0.17,1.15,0.097,15.04,1.66,0.017,1.03
50.0,5.0,0.7,2.5,3.0,0.6,14400,0.8,96,83.3,9.33,0.23,1.14,0.097,15.84,1.64,0.017,1.02
50.0,5.0,1.0,1.5,3.0,0.4,2400,0.8,104,74.0,10.08,0.4,1.15,0.097,18.77,1.76,0.017,1.02
50.0,5.0,1.0,2.5,4.5,0.6,2400,0.8,103,73.8,10.01,0.41,1.15,0.097,18.33,1.76,0.017,1.02
55.0,2.0,0.7,1.5,4.5,0.8,7200,0.8,77,68.8,7.45,0.53,1.18,0.097,7.8,1.29,0.017,1.03
55.0,2.0,0.7,2.5,3.0,0.4,7200,0.8,76,69.7,7.36,0.51,1.18,0.097,8.12,1.28,0.017,1.03
55.0,2.0,0.7,2.5,4.5,0.4,7200,0.8,76,69.7,7.4,0.51,1.18,0.097,8.12,1.32,0.017,1.03
55.0,2.0,1.0,1.5,4.5,0.8,,0.4,69,66.7,6.73,0.57,1.15,0.098,9.6,1.21,0.017,1.03
55.0,2.0,1.0,2.5,3.0,0.6,1200,0.8,88,58.0,8.52,0.92,1.27,0.097,4.63,1.48,0.017,1.04
55.0,2.0,1.5,2.5,3.0,0.6,3600,0.2,69,66.7,6.72,0.57,1.15,0.097,10.92,1.2,0.017,1.03
55.0,2.0,1.5,2.5,3.0,0.6,3600,0.4,69,66.7,6.72,0.57,1.15,0.097,10.92,1.2,0.017,1.03
55.0,2.0,1.5,2.5,3.0,0.6,,0.4,69,66.7,6.7,0.57,1.15,0.097,11.06,1.18,0.017,1.02
55.0,2.0,1.5,2.5,4.5,0.6,3600,0.2,69,66.7,6.66,0.57,1.14,0.097,10.92,1.14,0.017,1.02
55.0,2.0,1.5,2.5,4.5,0.6,3600,0.4,69,66.7,6.66,0.57,1.14,0.097,10.92,1.14,0.017,1.02
55.0,3.0,0.7,1.5,3.0,0.4,2400,0.8,77,74.0,7.49,0.42,1.2,0.097,7.15,1.33,0.017,1.03
55.0,4.0,0.7,1.5,4.5,0.8,7200,0.8,68,79.4,6.62,0.3,1.15,0.097,8.0,1.18,0.017,1.03
55.0,5.0,1.0,2.5,3.0,0.4,7200,0.2,59,83.1,5.75,0.23,1.11,0.097,10.76,1.03,0.017,1.02
55.0,5.0,1.0,2.5,3.0,0.4,7200,0.4,59,83.1,5.75,0.23,1.11,0.097,10.76,1.03,0.017,1.02
55.0,5.0,1.0,2.5,3.0,0.4,14400,0.2,59,83.1,5.71,0.23,1.11,0.097,10.77,0.99,0.017,1.02
55.0,5.0,1.0,2.5,3.0,0.4,14400,0.4,59,83.1,5.71,0.23,1.11,0.097,10.77,0.99,0.017,1.02
55.0,5.0,1.0,2.5,3.0,0.4,14400,0.8,59,83.1,5.71,0.23,1.11,0.097,10.77,0.99,0.017,1.02
55.0,5.0,1.0,2.5,4.5,0.4,14400,0.2,59,83.1,5.75,0.23,1.12,0.097,10.77,1.03,0.017,1.02
55.0,5.0,1.0,2.5,4.5,0.4,14400,0.4,59,83.1,5.75,0.23,1.12,0.097,10.77,1.03,0.017,1.02
55.0,5.0,1.0,2.5,4.5,0.4,14400,0.8,59,83.1,5.75,0.23,1.12,0.097,10.77,1.03,0.017,1.02
55.0,5.0,1.5,2.5,3.0,0.6,1200,0.4,66,75.8,6.43,0.36,1.14,0.097,10.0,1.15,0.017,1.02
55.0,5.0,1.5,2.5,4.5,0.6,2400,0.2,59,83.1,5.7,0.23,1.11,0.097,11.83,0.98,0.017,1.02
55.0,5.0,1.5,2.5,4.5,0.8,2400,0.4,60,83.3,5.81,0.22,1.12,0.097,12.5,1.01,0.017,1.02
40.0,2.0,0.7,1.5,4.5,0.4,3600,0.2,340,72.1,32.62,0.46,1.18,0.096,21.06,5.42,0.016,1.03
40.0,2.0,0.7,1.5,4.5,0.8,7200,0.8,331,68.6,31.62,0.54,1.18,0.096,21.38,5.14,0.016,1.03
40.0,2.0,0.7,2.5,3.0,0.4,2400,0.2,343,72.6,32.91,0.45,1.18,0.096,18.94,5.47,0.016,1.03
40.0,2.0,0.7,2.5,4.5,0.8,3600,0.2,339,72.0,32.46,0.46,1.18,0.096,20.93,5.34,0.016,1.03
40.0,2.0,1.0,1.5,3.0,0.8,2400,0.4,322,67.7,30.76,0.55,1.16,0.096,18.79,5.0,0.016,1.02
40.0,2.0,1.0,1.5,4.5,0.8,3600,0.2,317,68.1,30.59,0.54,1.15,0.096,21.56,5.23,0.016,1.02
40.0,2.0,1.0,1.5,4.5,0.8,7200,0.8,325,67.1,31.23,0.57,1.15,0.096,22.5,5.23,0.016,1.02
40.0,2.0,1.0,2.5,3.0,0.6,1200,0.4,339,65.8,32.54,0.61,1.17,0.096,16.03,5.42,0.016,1.03
40.0,2.0,1.0,2.5,3.0,0.6,2400,0.8,371,64.4,35.54,0.66,1.2,0.096,14.48,5.86,0.016,1.03
40.0,3.0,0.7,2.5,3.0,0.4,1200,0.2,306,81.0,29.27,0.27,1.17,0.096,16.87,4.79,0.016,1.03
40.0,4.0,0.7,2.5,3.0,0.6,2400,0.4,270,83.3,26.04,0.23,1.16,0.096,20.18,4.44,0.016,1.03
40.0,5.0,0.7,2.5,3.0,0.8,1200,0.2,250,88.4,24.02,0.15,1.17,0.096,23.34,4.02,0.016,1.03
40.0,5.0,1.0,1.5,4.5,0.4,1200,0.8,331,68.9,31.73,0.55,1.22,0.096,19.47,5.25,0.016,1.03
45.0,2.0,0.7,1.5,4.5,0.4,1200,0.8,304,65.8,29.09,0.67,1.3,0.096,10.16,4.77,0.016,1.04
45.0,2.0,1.0,2.5,3.0,0.8,3600,0.8,249,65.9,23.83,0.61,1.17,0.096,16.08,3.91,0.016,1.03
45.0,2.0,1.0,2.5,4.5,0.8,2400,0.8,265,64.9,25.37,0.65,1.19,0.096,16.14,4.17,0.016,1.03
45.0,3.0,0.7,2.5,4.5,0.6,2400,0.8,248,73.4,23.85,0.44,1.21,0.096,17.89,4.01,0.016,1.03
45.0,3.0,1.0,2.5,4.5,0.8,14400,0.2,203,73.9,19.53,0.4,1.12,0.096,21.5,3.29,0.016,1.02
45.0,3.0,1.0,2.5,4.5,0.8,14400,0.4,203,73.9,19.53,0.4,1.12,0.096,21.5,3.29,0.016,1.02
45.0,3.0,1.5,2.5,3.0,0.6,7200,0.8,208,72.6,19.92,0.43,1.13,0.096,23.58,3.28,0.016,1.02
50.0,2.0,1.0,2.5,3.0,0.4,2400,0.2,114,66.7,10.92,0.57,1.14,0.096,15.71,1.8,0.016,1.02
50.0,3.0,0.7,1.5,4.5,0.8,7200,0.2,111,77.5,10.63,0.33,1.15,0.096,15.08,1.75,0.016,1.02
50.0,3.0,0.7,1.5,4.5,0.8,7200,0.4,111,77.5,10.63,0.33,1.15,0.096,15.08,1.75,0.016,1.02
50.0,3.0,0.7,2.5,3.0,0.4,1200,0.8,138,63.8,13.24,0.73,1.29,0.096,8.92,2.2,0.016,1.04
50.0,3.0,1.0,2.5,3.0,0.8,14400,0.2,106,73.6,10.21,0.4,1.12,0.096,16.76,1.73,0.016,1.02
50.0,3.0,1.0,2.5,3.0,0.8,14400,0.4,106,73.6,10.21,0.4,1.12,0.096,16.76,1.73,0.016,1.02
50.0,3.0,1.0,2.5,4.5,0.4,,0.4,106,73.6,10.19,0.4,1.12,0.096,15.93,1.71,0.016,1.02
50.0,3.0,1.5,2.5,4.5,0.8,1200,0.2,106,71.7,10.2,0.44,1.12,0.096,15.09,1.72,0.016,1.02
50.0,4.0,0.7,1.5,3.0,0.8,2400,0.4,107,83.2,10.29,0.24,1.17,0.096,13.53,1.73,0.016,1.03
50.0,5.0,0.7,1.5,3.0,0.6,1200,0.4,107,80.4,10.24,0.29,1.18,0.096,15.47,1.68,0.016,1.03
50.0,5.0,0.7,1.5,3.0,0.8,1200,0.4,107,80.4,10.26,0.29,1.18,0.096,15.7,1.69,0.016,1.03
50.0,5.0,0.7,2.5,4.5,0.8,2400,0.2,100,87.0,9.63,0.17,1.15,0.096,14.87,1.62,0.016,1.03
50.0,5.0,1.0,2.5,3.0,0.6,7200,0.8,93,80.6,8.97,0.27,1.12,0.096,17.52,1.53,0.016,1.02
55.0,2.0,1.5,2.5,4.5,0.6,,0.4,69,66.7,6.62,0.57,1.14,0.096,11.06,1.1,0.016,1.02
55.0,3.0,1.5,2.5,3.0,0.4,3600,0.8,72,68.1,6.9,0.54,1.15,0.096,10.46,1.14,0.016,1.02
55.0,3.0,1.5,2.5,4.5,0.4,3600,0.8,72,68.1,6.94,0.54,1.15,0.096,10.46,1.18,0.016,1.02
55.0,5.0,1.5,2.5,3.0,0.6,2400,0.2,59,83.1,5.64,0.23,1.11,0.096,11.83,0.92,0.016,1.02
55.0,5.0,1.5,2.5,3.0,0.8,,0.4,59,83.1,5.69,0.23,1.11,0.096,12.83,0.97,0.016,1.02
40.0,2.0,0.7,1.5,4.5,0.4,3600,0.8,366,68.0,34.85,0.57,1.2,0.095,13.67,5.57,0.015,1.03
40.0,2.0,0.7,2.5,4.5,0.4,2400,0.4,347,71.8,33.06,0.47,1.19,0.095,17.43,5.3,0.015,1.03
40.0,2.0,1.0,2.5,4.5,0.8,1200,0.2,321,68.5,30.45,0.53,1.15,0.095,20.77,4.77,0.015,1.02
40.0,3.0,0.7,1.5,3.0,0.4,3600,0.8,317,74.1,29.99,0.41,1.18,0.095,15.42,4.63,0.015,1.03
40.0,3.0,0.7,2.5,3.0,0.8,2400,0.4,307,79.2,29.24,0.31,1.17,0.095,17.38,4.68,0.015,1.03
40.0,3.0,1.0,1.5,3.0,0.8,1200,0.2,277,76.5,26.29,0.35,1.13,0.095,19.69,4.13,0.015,1.02
40.0,4.0,0.7,1.5,3.0,0.8,3600,0.4,262,84.0,25.0,0.22,1.16,0.095,20.04,4.04,0.015,1.02
40.0,4.0,0.7,2.5,3.0,0.8,2400,0.2,264,84.5,25.18,0.21,1.16,0.095,19.71,4.06,0.015,1.03
40.0,4.0,1.0,2.5,3.0,0.4,2400,0.8,287,72.8,27.25,0.43,1.16,0.095,23.44,4.29,0.015,1.02
40.0,5.0,0.7,1.5,4.5,0.4,1200,0.4,261,82.4,24.86,0.25,1.18,0.095,21.7,3.98,0.015,1.03
40.0,5.0,1.0,1.5,3.0,0.4,1200,0.8,331,68.9,31.42,0.55,1.22,0.095,19.47,4.94,0.015,1.03
45.0,2.0,0.7,1.5,3.0,0.4,1200,0.8,304,65.8,28.75,0.67,1.29,0.095,10.16,4.43,0.015,1.04
45.0,3.0,0.7,1.5,3.0,0.6,2400,0.8,248,73.8,23.61,0.43,1.21,0.095,17.2,3.77,0.015,1.03
45.0,3.0,1.0,2.5,3.0,0.4,2400,0.4,206,75.7,19.59,0.36,1.13,0.095,18.46,3.11,0.015,1.02
45.0,3.0,1.5,2.5,4.5,0.6,1200,0.4,217,71.4,20.56,0.46,1.14,0.095,17.67,3.2,0.015,1.02
45.0,4.0,1.0,1.5,4.5,0.6,3600,0.8,195,75.9,18.46,0.36,1.14,0.095,20.44,2.86,0.015,1.02
45.0,4.0,1.0,2.5,3.0,0.4,2400,0.8,207,73.4,19.73,0.42,1.16,0.095,21.21,3.17,0.015,1.02
45.0,4.0,1.5,2.5,3.0,0.8,2400,0.8,206,72.8,19.47,0.43,1.15,0.095,22.17,2.99,0.015,1.02
50.0,3.0,0.7,1.5,4.5,0.4,,0.4,106,73.6,10.03,0.41,1.14,0.095,11.4,1.54,0.015,1.02
50.0,3.0,1.5,2.5,3.0,0.8,1200,0.4,114,69.3,10.8,0.51,1.15,0.095,11.55,1.68,0.015,1.02
50.0,5.0,0.7,1.5,3.0,0.6,3600,0.4,100,87.0,9.45,0.17,1.15,0.094,15.36,1.45,0.015,1.02
50.0,5.0,0.7,1.5,3.0,0.8,3600,0.2,100,87.0,9.54,0.17,1.15,0.095,15.41,1.54,0.015,1.02
50.0,5.0,0.7,2.5,4.5,0.4,2400,0.8,112,75.0,10.59,0.39,1.18,0.095,15.89,1.63,0.015,1.03
50.0,5.0,1.0,1.5,3.0,0.8,2400,0.4,91,83.5,8.64,0.22,1.12,0.095,17.5,1.35,0.015,1.02
50.0,5.0,1.0,2.5,3.0,0.4,1200,0.4,98,77.6,9.28,0.33,1.13,0.095,16.82,1.44,0.015,1.02
55.0,2.0,1.0,1.5,3.0,0.8,14400,0.8,70,65.7,6.65,0.6,1.14,0.095,9.88,1.05,0.015,1.02
55.0,5.0,1.5,2.5,3.0,0.8,2400,0.4,60,83.3,5.7,0.22,1.11,0.095,12.5,0.9,0.015,1.02
55.0,5.0,1.5,2.5,4.5,0.8,1200,0.2,60,80.0,5.68,0.28,1.11,0.095,12.92,0.88,0.015,1.02
40.0,2.0,0.7,1.5,4.5,0.6,7200,0.8,333,68.8,31.46,0.53,1.17,0.094,21.78,4.82,0.014,1.03
40.0,2.0,0.7,2.5,4.5,0.6,2400,0.2,342,72.5,32.05,0.45,1.18,0.094,19.46,4.69,0.014,1.03
40.0,2.0,0.7,2.5,4.5,0.8,3600,0.8,365,67.9,34.45,0.57,1.2,0.094,13.59,5.24,0.014,1.03
40.0,2.0,1.0,1.5,4.5,0.6,1200,0.4,339,65.8,31.73,0.61,1.17,0.094,16.28,4.61,0.014,1.02
40.0,3.0,0.7,1.5,3.0,0.8,2400,0.4,307,79.5,28.89,0.3,1.17,0.094,15.75,4.33,0.014,1.02
40.0,3.0,1.0,2.5,4.5,0.6,1200,0.4,294,72.4,27.71,0.44,1.15,0.094,20.29,4.19,0.014,1.02
40.0,4.0,0.7,1.5,3.0,0.8,2400,0.2,264,84.5,24.91,0.21,1.16,0.094,19.39,3.79,0.014,1.02
40.0,4.0,0.7,1.5,3.0,0.8,3600,0.8,288,78.1,26.99,0.33,1.18,0.094,16.13,3.95,0.014,1.02
40.0,5.0,0.7,1.5,3.0,0.4,1200,0.4,261,82.4,24.55,0.25,1.18,0.094,21.7,3.67,0.014,1.03
45.0,3.0,0.7,2.5,3.0,0.6,2400,0.8,248,73.4,23.31,0.44,1.21,0.094,17.89,3.47,0.014,1.03
50.0,2.0,1.0,1.5,4.5,0.4,3600,0.4,114,67.5,10.74,0.55,1.15,0.094,13.71,1.61,0.014,1.02
50.0,2.0,1.0,1.5,4.5,0.4,14400,0.8,115,66.1,10.84,0.59,1.15,0.094,14.71,1.64,0.014,1.02
50.0,2.0,1.0,2.5,4.5,0.4,3600,0.2,114,66.7,10.77,0.57,1.14,0.094,15.87,1.65,0.014,1.02
50.0,3.0,0.7,2.5,3.0,0.6,7200,0.2,111,77.5,10.44,0.33,1.15,0.094,14.82,1.56,0.014,1.02
50.0,3.0,0.7,2.5,3.0,0.6,7200,0.4,111,77.5,10.44,0.33,1.15,0.094,14.82,1.56,0.014,1.02
50.0,3.0,1.0,1.5,4.5,0.8,14400,0.8,106,73.6,9.95,0.4,1.12,0.094,14.14,1.47,0.014,1.02
50.0,5.0,0.7,1.5,4.5,0.6,14400,0.8,96,83.3,9.07,0.23,1.13,0.094,15.34,1.39,0.014,1.02
55.0,2.0,0.7,2.5,4.5,0.4,2400,0.8,83,66.3,7.81,0.62,1.22,0.094,6.4,1.17,0.014,1.03
55.0,2.0,0.7,2.5,4.5,0.8,7200,0.8,77,68.8,7.27,0.53,1.17,0.094,7.63,1.11,0.014,1.03
55.0,3.0,0.7,1.5,3.0,0.6,7200,0.8,70,77.1,6.61,0.34,1.16,0.094,10.16,1.01,0.014,1.02
55.0,3.0,0.7,1.5,4.5,0.6,7200,0.8,70,77.1,6.55,0.34,1.16,0.094,10.16,0.95,0.014,1.02
40.0,2.0,1.0,1.5,3.0,0.4,2400,0.8,372,64.5,34.51,0.65,1.19,0.093,13.96,4.75,0.013,1.02
40.0,2.0,1.0,1.5,4.5,0.8,1200,0.2,321,68.5,29.81,0.53,1.15,0.093,21.2,4.13,0.013,1.02
40.0,4.0,0.7,1.5,4.5,0.6,2400,0.4,270,83.3,25.02,0.23,1.16,0.093,19.94,3.42,0.013,1.02
40.0,4.0,1.0,2.5,4.5,0.4,1200,0.4,258,76.7,24.0,0.34,1.14,0.093,23.1,3.36,0.013,1.02
45.0,2.0,1.0,1.5,4.5,0.6,2400,0.8,265,64.9,24.69,0.64,1.19,0.093,16.9,3.49,0.013,1.03
45.0,3.0,0.7,1.5,4.5,0.4,1200,0.8,277,67.9,25.87,0.6,1.26,0.093,15.09,3.71,0.013,1.04
45.0,3.0,1.5,2.5,3.0,0.6,1200,0.4,217,71.4,20.15,0.45,1.14,0.093,17.67,2.79,0.013,1.02
45.0,4.0,1.0,1.5,3.0,0.6,3600,0.8,195,75.9,18.06,0.36,1.14,0.093,20.38,2.46,0.013,1.02
50.0,2.0,0.7,1.5,3.0,0.6,7200,0.2,119,70.6,11.06,0.49,1.17,0.093,13.51,1.53,0.013,1.02
50.0,2.0,0.7,1.5,3.0,0.6,7200,0.4,119,70.6,11.06,0.49,1.17,0.093,13.51,1.53,0.013,1.02
50.0,2.0,1.0,1.5,4.5,0.6,14400,0.8,114,65.8,10.64,0.59,1.14,0.093,15.27,1.52,0.013,1.02
50.0,2.0,1.0,2.5,4.5,0.6,1200,0.8,142,57.7,13.2,0.92,1.26,0.093,10.44,1.84,0.013,1.03
50.0,3.0,1.5,2.5,4.5,0.6,3600,0.8,119,66.4,11.12,0.58,1.14,0.093,11.98,1.6,0.013,1.02
50.0,5.0,0.7,1.5,4.5,0.6,2400,0.2,100,87.0,9.29,0.17,1.15,0.093,14.99,1.29,0.013,1.02
50.0,5.0,0.7,2.5,3.0,0.6,2400,0.2,100,87.0,9.29,0.17,1.15,0.093,15.13,1.29,0.013,1.02
55.0,2.0,0.7,1.5,3.0,0.8,7200,0.8,77,68.8,7.14,0.53,1.17,0.093,7.8,0.98,0.013,1.02
55.0,2.0,0.7,2.5,3.0,0.4,2400,0.8,83,66.3,7.69,0.62,1.22,0.093,6.4,1.05,0.013,1.03
55.0,2.0,1.0,1.5,3.0,0.8,,0.4,69,66.7,6.39,0.57,1.14,0.093,9.98,0.87,0.013,1.02
55.0,3.0,0.7,1.5,3.0,0.8,7200,0.8,71,76.1,6.6,0.37,1.16,0.093,9.26,0.92,0.013,1.02
40.0,2.0,1.0,1.5,4.5,0.6,2400,0.8,371,64.4,34.11,0.66,1.19,0.092,14.85,4.43,0.012,1.02
40.0,2.0,1.0,2.5,3.0,0.8,1200,0.2,321,68.5,29.6,0.53,1.15,0.092,21.15,3.92,0.012,1.02
40.0,2.0,1.0,2.5,4.5,0.6,3600,0.8,348,64.4,31.97,0.64,1.16,0.092,17.31,4.13,0.012,1.02
40.0,3.0,0.7,2.5,3.0,0.8,3600,0.8,317,73.8,29.23,0.42,1.17,0.092,17.74,3.87,0.012,1.02
40.0,3.0,1.0,2.5,3.0,0.6,1200,0.4,294,72.4,27.11,0.44,1.14,0.092,20.29,3.59,0.012,1.02
40.0,4.0,1.0,2.5,3.0,0.4,1200,0.4,258,76.7,23.69,0.34,1.13,0.092,23.09,3.06,0.012,1.02
45.0,3.0,0.7,1.5,3.0,0.4,1200,0.8,277,67.9,25.6,0.6,1.26,0.092,15.09,3.44,0.012,1.03
45.0,3.0,0.7,1.5,4.5,0.8,2400,0.8,248,73.8,22.87,0.43,1.21,0.092,17.28,3.03,0.012,1.03
45.0,3.0,1.0,2.5,3.0,0.8,,0.4,204,74.0,18.72,0.39,1.12,0.092,20.21,2.4,0.012,1.01
45.0,3.0,1.0,2.5,4.5,0.8,14400,0.8,203,73.9,18.77,0.4,1.12,0.092,22.25,2.53,0.012,1.02
45.0,4.0,1.0,2.5,4.5,0.8,1200,0.4,187,78.1,17.21,0.32,1.14,0.092,20.46,2.25,0.012,1.02
50.0,2.0,0.7,2.5,4.5,0.8,3600,0.8,130,64.6,12.01,0.66,1.21,0.092,10.14,1.61,0.012,1.03
50.0,2.0,1.0,1.5,3.0,0.4,14400,0.8,115,66.1,10.61,0.59,1.14,0.092,14.71,1.41,0.012,1.02
50.0,2.0,1.0,2.5,3.0,0.4,3600,0.2,114,66.7,10.45,0.57,1.14,0.092,15.87,1.33,0.012,1.02
50.0,2.0,1.0,2.5,4.5,0.8,1200,0.8,142,57.7,13.1,0.92,1.26,0.092,10.54,1.74,0.012,1.03
50.0,3.0,1.0,2.5,4.5,0.4,14400,0.2,107,73.8,9.82,0.4,1.12,0.092,16.31,1.26,0.012,1.01
50.0,3.0,1.0,2.5,4.5,0.4,14400,0.4,107,73.8,9.82,0.4,1.12,0.092,16.31,1.26,0.012,1.01
50.0,3.0,1.5,2.5,4.5,0.8,3600,0.8,118,66.9,10.88,0.56,1.14,0.092,11.98,1.44,0.012,1.02
50.0,5.0,0.7,1.5,3.0,0.8,14400,0.8,96,83.3,8.81,0.23,1.13,0.092,15.64,1.13,0.012,1.02
50.0,5.0,0.7,2.5,4.5,0.4,3600,0.8,110,75.5,10.09,0.38,1.16,0.092,15.6,1.29,0.012,1.02
50.0,5.0,1.0,2.5,4.5,0.8,2400,0.8,103,73.8,9.5,0.4,1.14,0.092,18.57,1.26,0.012,1.02
55.0,3.0,0.7,1.5,4.5,0.8,7200,0.8,71,76.1,6.53,0.36,1.16,0.092,9.26,0.85,0.012,1.02
55.0,5.0,1.0,2.5,4.5,0.4,2400,0.2,59,83.1,5.42,0.23,1.11,0.092,10.76,0.7,0.012,1.01
40.0,2.0,0.7,1.5,3.0,0.4,3600,0.2,340,72.1,30.84,0.45,1.17,0.091,21.36,3.64,0.011,1.02
40.0,2.0,0.7,1.5,3.0,0.4,3600,0.4,340,71.8,31.05,0.46,1.17,0.091,19.96,3.85,0.011,1.02
40.0,2.0,0.7,1.5,3.0,0.6,7200,0.2,325,70.2,29.42,0.49,1.16,0.091,22.56,3.42,0.011,1.02
40.0,2.0,0.7,1.5,3.0,0.6,7200,0.4,325,70.2,29.42,0.49,1.16,0.091,22.56,3.42,0.011,1.02
40.0,2.0,0.7,1.5,4.5,0.6,3600,0.4,339,71.7,30.77,0.46,1.17,0.091,21.02,3.65,0.011,1.02
40.0,2.0,0.7,2.5,3.0,0.4,2400,0.4,347,71.8,31.66,0.46,1.18,0.091,17.8,3.9,0.011,1.02
40.0,2.0,1.0,1.5,3.0,0.6,1200,0.4,339,65.8,30.88,0.6,1.16,0.091,16.66,3.76,0.011,1.02
40.0,2.0,1.0,1.5,3.0,0.6,7200,0.8,326,67.2,29.58,0.56,1.15,0.091,23.05,3.5,0.011,1.02
40.0,2.0,1.0,2.5,4.5,0.8,2400,0.8,371,64.4,33.93,0.66,1.19,0.091,14.48,4.25,0.011,1.02
40.0,4.0,0.7,1.5,3.0,0.6,2400,0.4,270,83.3,24.53,0.23,1.15,0.091,19.94,2.93,0.011,1.02
50.0,2.0,1.0,1.5,3.0,0.4,3600,0.4,114,67.5,10.42,0.55,1.14,0.091,13.71,1.3,0.011,1.02
50.0,2.0,1.0,1.5,4.5,0.4,1200,0.8,142,57.7,12.86,0.92,1.25,0.091,10.32,1.5,0.011,1.03
50.0,2.0,1.0,2.5,4.5,0.6,2400,0.4,115,66.1,10.44,0.59,1.14,0.091,12.09,1.24,0.011,1.02
50.0,2.0,1.0,2.5,4.5,0.8,3600,0.4,113,67.3,10.29,0.55,1.14,0.091,13.72,1.25,0.011,1.02
50.0,3.0,0.7,2.5,4.5,0.4,3600,0.8,124,69.4,11.26,0.52,1.18,0.091,12.56,1.34,0.011,1.02
50.0,3.0,1.5,2.5,3.0,0.8,2400,0.8,121,66.1,11.04,0.59,1.16,0.091,11.35,1.35,0.011,1.02
50.0,5.0,0.7,2.5,3.0,0.4,2400,0.8,112,75.0,10.2,0.39,1.18,0.091,16.26,1.24,0.011,1.02
55.0,2.0,0.7,2.5,4.5,0.8,2400,0.8,83,66.3,7.53,0.62,1.21,0.091,6.28,0.89,0.011,1.02
55.0,3.0,0.7,1.5,4.5,0.6,2400,0.8,77,74.0,6.97,0.42,1.19,0.091,7.11,0.81,0.011,1.02
55.0,4.0,0.7,1.5,4.5,0.4,3600,0.8,72,76.4,6.56,0.36,1.16,0.091,8.0,0.79,0.011,1.02
55.0,5.0,0.7,2.5,3.0,0.4,7200,0.8,65,83.1,5.88,0.23,1.13,0.09,10.0,0.68,0.011,1.01
55.0,5.0,0.7,2.5,4.5,0.4,7200,0.8,65,83.1,5.93,0.23,1.13,0.091,10.0,0.73,0.011,1.02
55.0,5.0,1.0,2.5,3.0,0.4,,0.4,59,83.1,5.35,0.23,1.11,0.091,11.24,0.63,0.011,1.01
55.0,5.0,1.5,2.5,3.0,0.6,3600,0.2,59,83.1,5.39,0.23,1.11,0.091,11.83,0.67,0.011,1.01
55.0,5.0,1.5,2.5,3.0,0.6,3600,0.4,59,83.1,5.39,0.23,1.11,0.091,11.83,0.67,0.011,1.01
55.0,5.0,1.5,2.5,3.0,0.8,1200,0.2,60,80.0,5.46,0.28,1.11,0.091,12.92,0.66,0.011,1.01
40.0,2.0,0.7,1.5,3.0,0.4,3600,0.8,366,68.0,33.06,0.56,1.19,0.09,13.97,3.78,0.01,1.02
40.0,2.0,0.7,1.5,4.5,0.6,3600,0.2,339,72.0,30.56,0.46,1.17,0.09,22.41,3.44,0.01,1.02
40.0,2.0,0.7,1.5,4.5,0.6,3600,0.8,365,67.9,32.87,0.56,1.19,0.09,15.02,3.67,0.01,1.02
40.0,2.0,1.0,1.5,3.0,0.8,1200,0.2,321,68.5,28.96,0.52,1.14,0.09,21.57,3.28,0.01,1.02
40.0,3.0,0.7,1.5,4.5,0.4,1200,0.2,306,81.0,27.53,0.27,1.16,0.09,16.87,3.05,0.01,1.02
40.0,3.0,1.0,1.5,4.5,0.4,2400,0.8,320,70.3,28.69,0.49,1.16,0.09,21.58,3.09,0.01,1.02
40.0,4.0,0.7,2.5,4.5,0.4,1200,0.2,267,85.0,23.92,0.2,1.15,0.09,20.0,2.56,0.01,1.02
45.0,2.0,0.7,2.5,4.5,0.6,1200,0.8,303,65.7,27.18,0.67,1.28,0.09,10.7,2.94,0.01,1.03
45.0,2.0,1.0,1.5,4.5,0.8,3600,0.8,249,65.9,22.49,0.6,1.17,0.09,16.18,2.57,0.01,1.02
45.0,3.0,0.7,2.5,4.5,0.8,2400,0.8,248,73.4,22.39,0.43,1.2,0.09,18.58,2.55,0.01,1.02
45.0,3.0,1.0,1.5,4.5,0.4,1200,0.8,270,66.3,24.37,0.62,1.21,0.09,16.65,2.77,0.01,1.02
45.0,4.0,1.0,1.5,4.5,0.8,1200,0.4,187,78.1,16.76,0.32,1.13,0.09,20.63,1.8,0.01,1.01
45.0,4.0,1.0,2.5,3.0,0.8,1200,0.4,187,78.1,16.8,0.32,1.13,0.09,20.46,1.84,0.01,1.01
50.0,2.0,0.7,1.5,3.0,0.8,7200,0.2,119,70.6,10.73,0.48,1.16,0.09,13.2,1.21,0.01,1.02
50.0,2.0,0.7,1.5,3.0,0.8,7200,0.4,119,70.6,10.73,0.48,1.16,0.09,13.2,1.21,0.01,1.02
50.0,2.0,0.7,1.5,4.5,0.4,3600,0.8,131,64.9,11.8,0.65,1.2,0.09,9.94,1.32,0.01,1.02
50.0,2.0,0.7,2.5,4.5,0.6,3600,0.8,130,64.6,11.7,0.66,1.2,0.09,10.3,1.3,0.01,1.02
50.0,2.0,1.0,2.5,3.0,0.8,7200,0.2,113,66.4,10.13,0.57,1.13,0.09,15.84,1.09,0.01,1.01
50.0,2.0,1.0,2.5,3.0,0.8,7200,0.4,113,66.4,10.13,0.57,1.13,0.09,15.84,1.09,0.01,1.01
50.0,3.0,0.7,1.5,4.5,0.4,1200,0.8,138,63.8,12.38,0.72,1.27,0.09,8.92,1.34,0.01,1.03
50.0,3.0,0.7,2.5,4.5,0.6,1200,0.8,138,63.8,12.39,0.72,1.27,0.09,9.24,1.36,0.01,1.03
50.0,3.0,0.7,2.5,4.5,0.8,1200,0.8,138,63.8,12.41,0.72,1.27,0.09,9.34,1.37,0.01,1.03
50.0,3.0,1.0,2.5,3.0,0.4,14400,0.2,107,73.8,9.58,0.39,1.11,0.09,16.31,1.02,0.01,1.01
50.0,3.0,1.0,2.5,3.0,0.4,14400,0.4,107,73.8,9.58,0.39,1.11,0.09,16.31,1.02,0.01,1.01
50.0,3.0,1.0,2.5,4.5,0.4,3600,0.4,107,74.8,9.66,0.38,1.12,0.09,13.65,1.1,0.01,1.01
50.0,3.0,1.5,2.5,3.0,0.8,1200,0.2,106,71.7,9.53,0.44,1.11,0.09,15.09,1.05,0.01,1.01
50.0,5.0,0.7,1.5,3.0,0.6,14400,0.8,96,83.3,8.6,0.23,1.13,0.09,15.71,0.92,0.01,1.01
50.0,5.0,0.7,1.5,3.0,0.8,3600,0.4,100,87.0,9.01,0.17,1.14,0.09,15.41,1.0,0.01,1.02
50.0,5.0,1.0,1.5,4.5,0.6,7200,0.8,93,80.6,8.42,0.27,1.11,0.091,17.01,0.97,0.01,1.01
50.0,5.0,1.0,1.5,4.5,0.8,7200,0.8,93,80.6,8.39,0.27,1.11,0.09,17.21,0.95,0.01,1.01
50.0,5.0,1.0,2.5,3.0,0.6,2400,0.8,103,73.8,9.25,0.4,1.13,0.09,18.71,1.01,0.01,1.01
55.0,2.0,0.7,1.5,4.5,0.6,2400,0.8,83,66.3,7.43,0.62,1.21,0.09,6.28,0.79,0.01,1.02
55.0,2.0,0.7,2.5,3.0,0.6,2400,0.8,83,66.3,7.44,0.62,1.21,0.09,6.33,0.8,0.01,1.02
55.0,2.0,0.7,2.5,3.0,0.8,7200,0.8,77,68.8,6.96,0.53,1.17,0.09,7.63,0.8,0.01,1.02
55.0,2.0,0.7,2.5,4.5,0.6,2400,0.8,83,66.3,7.51,0.62,1.21,0.09,6.33,0.87,0.01,1.02
55.0,2.0,1.5,2.5,4.5,0.6,1200,0.2,71,64.8,6.4,0.62,1.14,0.09,11.52,0.72,0.01,1.02
55.0,3.0,0.7,1.5,3.0,0.6,2400,0.8,77,74.0,6.91,0.42,1.19,0.09,7.11,0.75,0.01,1.02
55.0,3.0,0.7,1.5,4.5,0.8,2400,0.8,77,74.0,6.91,0.42,1.19,0.09,7.11,0.74,0.01,1.02
55.0,4.0,0.7,1.5,3.0,0.4,3600,0.8,72,76.4,6.51,0.36,1.16,0.09,8.0,0.75,0.01,1.02
55.0,5.0,1.0,2.5,3.0,0.4,2400,0.2,59,83.1,5.31,0.23,1.11,0.09,10.76,0.59,0.01,1.01
55.0,5.0,1.0,2.5,4.5,0.4,,0.4,59,83.1,5.31,0.23,1.11,0.09,11.24,0.59,0.01,1.01
55.0,5.0,1.5,2.5,4.5,0.6,3600,0.2,59,83.1,5.33,0.23,1.11,0.09,11.83,0.61,0.01,1.01
55.0,5.0,1.5,2.5,4.5,0.6,3600,0.4,59,83.1,5.33,0.23,1.11,0.09,11.83,0.61,0.01,1.01
40.0,2.0,0.7,1.5,4.5,0.4,2400,0.2,343,72.6,30.69,0.44,1.17,0.089,19.36,3.25,0.009,1.02
40.0,2.0,0.7,2.5,3.0,0.6,2400,0.2,342,72.5,30.42,0.44,1.17,0.089,19.84,3.06,0.009,1.02
40.0,2.0,0.7,2.5,3.0,0.8,3600,0.4,339,71.7,30.01,0.46,1.17,0.089,19.71,2.89,0.009,1.02
40.0,2.0,0.7,2.5,4.5,0.6,2400,0.4,346,71.7,30.8,0.46,1.18,0.089,18.32,3.12,0.009,1.02
40.0,2.0,1.0,1.5,3.0,0.8,3600,0.2,317,68.1,28.13,0.53,1.14,0.089,21.73,2.77,0.009,1.01
40.0,2.0,1.0,1.5,3.0,0.8,3600,0.4,317,67.8,28.18,0.54,1.14,0.089,20.38,2.82,0.009,1.01
40.0,2.0,1.0,1.5,4.5,0.4,3600,0.8,349,64.5,30.93,0.64,1.16,0.089,16.58,3.01,0.009,1.01
40.0,3.0,1.0,1.5,4.5,0.4,3600,0.8,295,71.5,26.12,0.45,1.14,0.089,22.01,2.52,0.009,1.01
45.0,2.0,1.0,1.5,3.0,0.6,2400,0.8,265,64.9,23.52,0.64,1.18,0.089,16.9,2.32,0.009,1.02
45.0,2.0,1.0,1.5,4.5,0.8,2400,0.8,265,64.9,23.54,0.64,1.18,0.089,16.28,2.34,0.009,1.02
45.0,2.0,1.0,2.5,3.0,0.8,2400,0.8,265,64.9,23.7,0.64,1.18,0.089,16.23,2.5,0.009,1.02
45.0,3.0,1.0,1.5,3.0,0.4,1200,0.8,270,66.3,24.1,0.62,1.21,0.089,16.65,2.5,0.009,1.02
50.0,2.0,1.0,1.5,3.0,0.6,14400,0.8,114,65.8,10.17,0.59,1.14,0.089,15.27,1.05,0.009,1.01
50.0,2.0,1.0,2.5,3.0,0.6,1200,0.8,142,57.7,12.67,0.91,1.25,0.089,10.44,1.31,0.009,1.02
50.0,4.0,1.0,1.5,4.5,0.4,2400,0.8,109,71.6,9.72,0.45,1.14,0.089,17.4,1.0,0.009,1.01
50.0,5.0,0.7,1.5,4.5,0.8,2400,0.2,100,87.0,8.93,0.17,1.14,0.089,15.04,0.93,0.009,1.01
50.0,5.0,0.7,2.5,3.0,0.4,3600,0.8,110,75.5,9.77,0.38,1.16,0.089,15.97,0.97,0.009,1.02
55.0,2.0,0.7,1.5,3.0,0.6,2400,0.8,83,66.3,7.36,0.61,1.21,0.089,6.28,0.72,0.009,1.02
55.0,2.0,0.7,1.5,3.0,0.6,7200,0.8,76,69.7,6.8,0.51,1.16,0.089,8.41,0.71,0.009,1.02
55.0,2.0,0.7,1.5,4.5,0.6,7200,0.8,76,69.7,6.74,0.5,1.16,0.089,8.41,0.66,0.009,1.02
55.0,2.0,0.7,1.5,4.5,0.8,2400,0.8,83,66.3,7.4,0.62,1.21,0.089,6.28,0.76,0.009,1.02
55.0,2.0,0.7,2.5,3.0,0.8,2400,0.8,83,66.3,7.42,0.62,1.21,0.089,6.28,0.78,0.009,1.02
55.0,2.0,1.5,2.5,3.0,0.6,1200,0.2,71,64.8,6.34,0.62,1.14,0.089,11.52,0.66,0.009,1.01
55.0,4.0,0.7,2.5,3.0,0.8,7200,0.8,68,79.4,6.05,0.3,1.14,0.089,8.0,0.61,0.009,1.01
55.0,4.0,0.7,2.5,4.5,0.4,1200,0.8,83,66.3,7.36,0.63,1.24,0.089,6.37,0.72,0.009,1.02
55.0,5.0,1.5,2.5,3.0,0.8,7200,0.2,59,83.1,5.23,0.23,1.1,0.089,12.43,0.51,0.009,1.01
55.0,5.0,1.5,2.5,3.0,0.8,7200,0.4,59,83.1,5.23,0.23,1.1,0.089,12.43,0.51,0.009,1.01
40.0,2.0,0.7,1.5,3.0,0.6,7200,0.8,333,68.8,29.23,0.53,1.16,0.088,22.03,2.59,0.008,1.01
40.0,2.0,0.7,2.5,3.0,0.8,3600,0.2,339,72.0,29.75,0.45,1.17,0.088,21.1,2.63,0.008,1.01
40.0,2.0,1.0,1.5,3.0,0.6,2400,0.8,371,64.4,32.49,0.65,1.18,0.088,15.23,2.81,0.008,1.01
40.0,3.0,0.7,1.5,3.0,0.4,1200,0.2,306,81.0,26.85,0.27,1.16,0.088,16.87,2.37,0.008,1.01
40.0,3.0,0.7,1.5,4.5,0.6,3600,0.8,317,74.1,27.83,0.41,1.17,0.088,16.19,2.47,0.008,1.01
40.0,3.0,1.0,1.5,4.5,0.6,1200,0.4,294,72.4,25.82,0.43,1.14,0.088,20.22,2.3,0.008,1.01
40.0,4.0,0.7,2.5,3.0,0.4,1200,0.2,267,85.0,23.62,0.2,1.15,0.088,20.0,2.26,0.008,1.01
40.0,4.0,1.0,1.5,4.5,0.6,3600,0.8,267,75.3,23.39,0.37,1.13,0.088,28.05,2.03,0.008,1.01
40.0,4.0,1.0,2.5,4.5,0.8,1200,0.2,241,80.9,21.19,0.26,1.12,0.088,20.14,1.91,0.008,1.01
40.0,4.0,1.0,2.5,4.5,0.8,3600,0.8,267,75.3,23.47,0.37,1.13,0.088,28.54,2.11,0.008,1.01
45.0,2.0,0.7,1.5,4.5,0.6,1200,0.8,303,65.7,26.6,0.66,1.27,0.088,10.55,2.36,0.008,1.02
45.0,2.0,0.7,2.5,3.0,0.6,1200,0.8,303,65.7,26.65,0.66,1.27,0.088,10.7,2.41,0.008,1.02
45.0,3.0,0.7,1.5,3.0,0.8,2400,0.8,248,73.8,21.82,0.42,1.2,0.088,17.28,1.98,0.008,1.02
50.0,2.0,0.7,1.5,3.0,0.4,3600,0.8,131,64.9,11.48,0.65,1.2,0.088,10.32,1.0,0.008,1.02
50.0,2.0,1.0,1.5,3.0,0.4,1200,0.8,142,57.7,12.47,0.91,1.25,0.088,10.32,1.11,0.008,1.02
50.0,2.0,1.0,1.5,4.5,0.4,2400,0.4,116,66.4,10.18,0.58,1.14,0.088,11.44,0.9,0.008,1.01
50.0,2.0,1.0,1.5,4.5,0.4,14400,0.2,114,66.7,10.01,0.57,1.13,0.088,15.85,0.89,0.008,1.01
50.0,2.0,1.0,1.5,4.5,0.4,14400,0.4,114,66.7,10.01,0.57,1.13,0.088,15.85,0.89,0.008,1.01
50.0,2.0,1.0,1.5,4.5,0.6,14400,0.2,113,66.4,9.93,0.57,1.13,0.088,16.41,0.89,0.008,1.01
50.0,2.0,1.0,1.5,4.5,0.6,14400,0.4,113,66.4,9.93,0.57,1.13,0.088,16.41,0.89,0.008,1.01
50.0,2.0,1.0,2.5,3.0,0.8,1200,0.8,142,57.7,12.43,0.91,1.25,0.088,10.54,1.07,0.008,1.02
50.0,2.0,1.0,2.5,4.5,0.6,3600,0.4,113,67.3,9.95,0.55,1.13,0.088,14.51,0.91,0.008,1.01
50.0,2.0,1.0,2.5,4.5,0.6,7200,0.2,113,66.4,9.96,0.57,1.13,0.088,16.66,0.92,0.008,1.01
50.0,2.0,1.0,2.5,4.5,0.6,7200,0.4,113,66.4,9.96,0.57,1.13,0.088,16.66,0.92,0.008,1.01
50.0,2.0,1.0,2.5,4.5,0.8,2400,0.4,115,66.1,10.13,0.58,1.14,0.088,11.3,0.93,0.008,1.01
50.0,3.0,0.7,1.5,3.0,0.6,,0.4,106,73.6,9.29,0.41,1.13,0.088,11.1,0.81,0.008,1.01
50.0,3.0,0.7,1.5,4.5,0.6,7200,0.2,111,77.5,9.81,0.33,1.14,0.088,14.78,0.92,0.008,1.01
50.0,3.0,0.7,1.5,4.5,0.6,7200,0.4,111,77.5,9.81,0.33,1.14,0.088,14.78,0.92,0.008,1.01
50.0,3.0,0.7,2.5,3.0,0.4,3600,0.8,124,69.4,10.94,0.52,1.17,0.088,12.56,1.02,0.008,1.02
50.0,3.0,1.5,2.5,3.0,0.6,3600,0.8,119,66.4,10.49,0.58,1.14,0.088,11.98,0.97,0.008,1.01
50.0,5.0,0.7,1.5,4.5,0.4,2400,0.4,101,87.1,8.9,0.17,1.14,0.088,14.94,0.82,0.008,1.01
50.0,5.0,0.7,2.5,3.0,0.8,2400,0.2,100,87.0,8.84,0.17,1.14,0.088,15.25,0.84,0.008,1.01
55.0,2.0,0.7,1.5,3.0,0.8,2400,0.8,83,66.3,7.29,0.61,1.2,0.088,6.28,0.65,0.008,1.02
55.0,2.0,1.5,2.5,3.0,0.6,7200,0.2,69,66.7,6.1,0.57,1.13,0.088,10.94,0.58,0.008,1.01
55.0,2.0,1.5,2.5,3.0,0.6,7200,0.4,69,66.7,6.1,0.57,1.13,0.088,10.94,0.58,0.008,1.01
55.0,2.0,1.5,2.5,4.5,0.6,7200,0.2,69,66.7,6.04,0.57,1.13,0.088,10.94,0.52,0.008,1.01
55.0,2.0,1.5,2.5,4.5,0.6,7200,0.4,69,66.7,6.04,0.57,1.13,0.088,10.94,0.52,0.008,1.01
55.0,3.0,0.7,1.5,3.0,0.8,2400,0.8,77,74.0,6.8,0.42,1.18,0.088,7.11,0.63,0.008,1.02
55.0,3.0,0.7,2.5,4.5,0.6,2400,0.8,77,74.0,6.8,0.42,1.18,0.088,7.11,0.64,0.008,1.02
55.0,4.0,0.7,1.5,4.5,0.8,1200,0.8,83,66.3,7.26,0.63,1.24,0.087,6.37,0.62,0.008,1.02
55.0,4.0,0.7,2.5,4.5,0.8,7200,0.8,68,79.4,5.98,0.3,1.14,0.088,8.0,0.54,0.008,1.01
55.0,5.0,1.5,2.5,4.5,0.6,1200,0.2,61,80.3,5.34,0.27,1.11,0.088,12.52,0.46,0.008,1.01
55.0,5.0,1.5,2.5,4.5,0.8,,0.4,59,83.1,5.17,0.23,1.1,0.088,12.83,0.45,0.008,1.01
40.0,2.0,0.7,2.5,3.0,0.8,3600,0.8,365,67.9,31.74,0.56,1.19,0.087,13.75,2.54,0.007,1.01
40.0,2.0,1.0,1.5,4.5,0.8,2400,0.8,371,64.4,32.21,0.65,1.18,0.087,15.03,2.53,0.007,1.01
40.0,2.0,1.0,2.5,4.5,0.8,1200,0.4,339,65.8,29.52,0.6,1.16,0.087,16.06,2.4,0.007,1.01
40.0,4.0,1.0,2.5,3.0,0.8,1200,0.2,241,80.9,21.02,0.26,1.11,0.087,20.1,1.74,0.007,1.01
40.0,5.0,1.0,1.5,4.5,0.6,1200,0.8,331,68.9,28.67,0.54,1.2,0.087,19.68,2.19,0.007,1.01
40.0,5.0,1.0,2.5,4.5,0.6,1200,0.8,331,68.9,28.84,0.54,1.2,0.087,19.41,2.36,0.007,1.02
45.0,3.0,1.0,2.5,4.5,0.4,3600,0.4,205,75.1,17.91,0.37,1.12,0.087,18.8,1.51,0.007,1.01
45.0,4.0,1.0,1.5,3.0,0.8,1200,0.4,187,78.1,16.35,0.32,1.13,0.087,20.63,1.39,0.007,1.01
50.0,2.0,0.7,1.5,4.5,0.4,3600,0.4,121,72.7,10.52,0.44,1.16,0.087,11.93,0.84,0.007,1.01
50.0,2.0,0.7,2.5,3.0,0.8,3600,0.8,130,64.6,11.3,0.65,1.19,0.087,10.52,0.9,0.007,1.01
50.0,2.0,0.7,2.5,4.5,0.8,3600,0.4,120,72.5,10.48,0.44,1.16,0.087,11.76,0.88,0.007,1.01
50.0,2.0,1.0,1.5,4.5,0.4,7200,0.2,114,66.7,9.97,0.57,1.13,0.087,15.85,0.85,0.007,1.01
50.0,2.0,1.0,1.5,4.5,0.4,7200,0.4,114,66.7,9.97,0.57,1.13,0.087,15.85,0.85,0.007,1.01
50.0,3.0,0.7,1.5,3.0,0.4,1200,0.8,138,63.8,11.98,0.72,1.26,0.087,8.92,0.94,0.007,1.02
50.0,3.0,0.7,1.5,4.5,0.4,3600,0.4,112,79.5,9.77,0.3,1.15,0.087,12.92,0.81,0.007,1.01
50.0,3.0,1.0,2.5,3.0,0.4,3600,0.4,107,74.8,9.35,0.38,1.12,0.087,13.65,0.79,0.007,1.01
50.0,3.0,1.0,2.5,4.5,0.4,7200,0.2,107,73.8,9.27,0.39,1.11,0.087,16.48,0.71,0.007,1.01
50.0,3.0,1.0,2.5,4.5,0.4,7200,0.4,107,73.8,9.27,0.39,1.11,0.087,16.48,0.71,0.007,1.01
50.0,5.0,0.7,2.5,4.5,0.6,2400,0.4,100,87.0,8.66,0.17,1.14,0.087,14.75,0.66,0.007,1.01
55.0,2.0,1.5,2.5,3.0,0.6,14400,0.8,70,65.7,6.1,0.59,1.13,0.087,11.66,0.5,0.007,1.01
55.0,3.0,0.7,2.5,3.0,0.6,2400,0.8,77,74.0,6.73,0.41,1.18,0.087,7.11,0.57,0.007,1.01
55.0,3.0,0.7,2.5,4.5,0.8,2400,0.8,77,74.0,6.72,0.41,1.18,0.087,7.11,0.56,0.007,1.01
55.0,4.0,0.7,1.5,4.5,0.4,1200,0.8,83,66.3,7.19,0.63,1.23,0.087,6.37,0.55,0.007,1.02
55.0,4.0,0.7,2.5,3.0,0.4,1200,0.8,83,66.3,7.25,0.63,1.23,0.087,6.37,0.6,0.007,1.02
55.0,5.0,1.0,2.5,3.0,0.4,7200,0.8,61,82.0,5.28,0.24,1.1,0.087,11.13,0.4,0.007,1.01
55.0,5.0,1.0,2.5,4.5,0.4,7200,0.8,61,82.0,5.33,0.24,1.11,0.087,11.13,0.45,0.007,1.01
55.0,5.0,1.5,2.5,3.0,0.6,1200,0.2,61,80.3,5.28,0.27,1.11,0.087,12.52,0.4,0.007,1.01
55.0,5.0,1.5,2.5,4.5,0.8,7200,0.2,59,83.1,5.16,0.23,1.1,0.087,12.43,0.44,0.007,1.01
55.0,5.0,1.5,2.5,4.5,0.8,7200,0.4,59,83.1,5.16,0.23,1.1,0.087,12.43,0.44,0.007,1.01
40.0,2.0,0.7,1.5,3.0,0.8,7200,0.2,324,70.1,27.87,0.49,1.16,0.086,21.89,1.95,0.006,1.01
40.0,2.0,0.7,1.5,3.0,0.8,7200,0.4,324,70.1,27.87,0.49,1.16,0.086,21.89,1.95,0.006,1.01
40.0,2.0,0.7,1.5,4.5,0.6,2400,0.2,342,72.5,29.47,0.44,1.17,0.086,20.67,2.11,0.006,1.01
40.0,2.0,1.0,2.5,3.0,0.6,3600,0.8,348,64.4,30.06,0.64,1.15,0.086,17.56,2.22,0.006,1.01
40.0,2.0,1.0,2.5,3.0,0.8,2400,0.8,371,64.4,32.01,0.65,1.18,0.086,14.85,2.33,0.006,1.01
40.0,3.0,1.0,1.5,3.0,0.4,2400,0.8,320,70.3,27.64,0.49,1.15,0.086,21.58,2.04,0.006,1.01
40.0,3.0,1.0,1.5,3.0,0.6,1200,0.4,294,72.4,25.22,0.43,1.13,0.086,20.22,1.7,0.006,1.01
40.0,4.0,1.0,1.5,4.5,0.8,1200,0.2,241,80.9,20.64,0.26,1.11,0.086,20.38,1.36,0.006,1.01
40.0,5.0,0.7,2.5,4.5,0.6,1200,0.4,261,82.4,22.32,0.25,1.16,0.086,21.94,1.44,0.006,1.01
40.0,5.0,1.0,1.5,3.0,0.6,1200,0.8,331,68.9,28.41,0.54,1.2,0.086,19.68,1.93,0.006,1.01
40.0,5.0,1.0,2.5,3.0,0.6,1200,0.8,331,68.9,28.58,0.54,1.2,0.086,19.41,2.1,0.006,1.01
45.0,2.0,0.7,1.5,3.0,0.6,1200,0.8,303,65.7,26.06,0.66,1.27,0.086,10.55,1.82,0.006,1.02
45.0,3.0,0.7,2.5,3.0,0.8,2400,0.8,248,73.4,21.34,0.43,1.19,0.086,18.58,1.5,0.006,1.01
45.0,3.0,1.0,1.5,3.0,0.4,,0.4,205,74.6,17.61,0.38,1.11,0.086,19.76,1.21,0.006,1.01
45.0,3.0,1.0,2.5,3.0,0.4,3600,0.4,205,75.1,17.64,0.37,1.12,0.086,18.72,1.24,0.006,1.01
45.0,3.0,1.5,2.5,4.5,0.8,1200,0.8,268,66.0,22.97,0.62,1.2,0.086,16.14,1.53,0.006,1.01
50.0,2.0,1.0,1.5,3.0,0.4,14400,0.2,114,66.7,9.78,0.56,1.13,0.086,15.85,0.66,0.006,1.01
50.0,2.0,1.0,1.5,3.0,0.4,14400,0.4,114,66.7,9.78,0.56,1.13,0.086,15.85,0.66,0.006,1.01
50.0,2.0,1.0,1.5,4.5,0.6,1200,0.8,142,57.7,12.14,0.91,1.24,0.085,10.44,0.78,0.006,1.01
50.0,2.0,1.0,1.5,4.5,0.8,1200,0.8,142,57.7,12.19,0.91,1.24,0.086,10.54,0.83,0.006,1.01
50.0,2.0,1.0,2.5,4.5,0.4,7200,0.8,118,65.3,10.15,0.6,1.13,0.086,16.54,0.71,0.006,1.01
50.0,3.0,0.7,1.5,3.0,0.8,,0.4,105,73.3,9.07,0.41,1.13,0.086,11.39,0.67,0.006,1.01
50.0,3.0,0.7,1.5,4.5,0.8,1200,0.8,138,63.8,11.81,0.71,1.26,0.086,9.34,0.77,0.006,1.02
50.0,3.0,0.7,2.5,3.0,0.6,1200,0.8,138,63.8,11.86,0.71,1.26,0.086,9.24,0.83,0.006,1.02
50.0,3.0,1.5,2.5,3.0,0.8,3600,0.8,118,66.9,10.21,0.56,1.13,0.087,11.98,0.77,0.006,1.01
50.0,4.0,1.0,1.5,3.0,0.4,2400,0.8,109,71.6,9.33,0.45,1.14,0.086,17.77,0.61,0.006,1.01
55.0,2.0,0.7,1.5,3.0,0.4,7200,0.8,76,69.7,6.5,0.5,1.16,0.086,8.19,0.42,0.006,1.01
55.0,2.0,0.7,1.5,4.5,0.4,2400,0.8,83,66.3,7.18,0.61,1.2,0.087,6.4,0.54,0.006,1.01
55.0,2.0,0.7,1.5,4.5,0.4,7200,0.8,76,69.7,6.54,0.5,1.16,0.086,8.19,0.46,0.006,1.01
55.0,2.0,0.7,2.5,4.5,0.8,,0.4,69,66.7,5.94,0.57,1.14,0.086,8.11,0.42,0.006,1.01
55.0,2.0,1.5,2.5,4.5,0.4,2400,0.4,71,66.2,6.08,0.58,1.14,0.086,9.83,0.4,0.006,1.01
55.0,2.0,1.5,2.5,4.5,0.6,14400,0.8,70,65.7,6.01,0.59,1.13,0.086,11.66,0.41,0.006,1.01
55.0,3.0,0.7,2.5,3.0,0.8,2400,0.8,77,74.0,6.61,0.41,1.18,0.086,7.11,0.45,0.006,1.01
55.0,4.0,0.7,2.5,3.0,0.6,7200,0.8,67,80.6,5.77,0.27,1.14,0.086,8.0,0.41,0.006,1.01
40.0,2.0,0.7,1.5,3.0,0.4,2400,0.2,343,72.6,29.29,0.44,1.16,0.085,19.74,1.85,0.005,1.01
40.0,2.0,0.7,1.5,3.0,0.6,3600,0.2,339,72.0,28.72,0.45,1.16,0.085,22.66,1.6,0.005,1.01
40.0,2.0,0.7,1.5,3.0,0.6,3600,0.4,339,71.7,28.93,0.46,1.16,0.085,21.27,1.81,0.005,1.01
40.0,2.0,0.7,1.5,3.0,0.6,3600,0.8,365,67.9,31.02,0.56,1.18,0.085,15.27,1.82,0.005,1.01
40.0,2.0,0.7,1.5,4.5,0.4,2400,0.4,347,71.8,29.38,0.46,1.17,0.085,18.22,1.62,0.005,1.01
40.0,2.0,1.0,1.5,3.0,0.8,7200,0.8,326,67.2,27.73,0.56,1.14,0.085,22.0,1.65,0.005,1.01
40.0,2.0,1.0,1.5,4.5,0.8,1200,0.4,339,65.8,28.86,0.6,1.15,0.085,16.49,1.73,0.005,1.01
40.0,2.0,1.0,2.5,3.0,0.8,1200,0.4,339,65.8,28.67,0.6,1.15,0.085,16.44,1.54,0.005,1.01
40.0,3.0,0.7,1.5,3.0,0.6,3600,0.8,317,74.1,26.82,0.41,1.16,0.085,16.19,1.46,0.005,1.01
40.0,3.0,0.7,1.5,4.5,0.8,3600,0.8,317,74.1,26.89,0.41,1.16,0.085,16.34,1.53,0.005,1.01
40.0,3.0,0.7,2.5,4.5,0.6,1200,0.2,306,81.0,26.08,0.27,1.16,0.085,16.87,1.6,0.005,1.01
40.0,3.0,1.0,2.5,4.5,0.6,3600,0.8,295,71.2,25.02,0.46,1.13,0.085,25.66,1.42,0.005,1.01
40.0,4.0,0.7,2.5,4.5,0.8,2400,0.4,270,83.3,22.98,0.23,1.14,0.085,20.58,1.38,0.005,1.01
40.0,4.0,1.0,1.5,3.0,0.6,3600,0.8,267,75.3,22.68,0.37,1.13,0.085,27.92,1.32,0.005,1.01
40.0,4.0,1.0,1.5,3.0,0.8,1200,0.2,241,80.9,20.47,0.26,1.11,0.085,20.34,1.19,0.005,1.01
40.0,4.0,1.0,1.5,4.5,0.4,1200,0.4,258,76.7,22.04,0.34,1.12,0.085,23.57,1.4,0.005,1.01
40.0,5.0,0.7,1.5,4.5,0.6,1200,0.4,261,82.4,22.23,0.25,1.16,0.085,21.75,1.35,0.005,1.01
40.0,5.0,0.7,2.5,3.0,0.6,1200,0.4,261,82.4,22.06,0.25,1.16,0.085,21.94,1.18,0.005,1.01
45.0,2.0,1.0,1.5,3.0,0.8,3600,0.8,249,65.9,21.15,0.6,1.16,0.085,16.1,1.23,0.005,1.01
45.0,3.0,0.7,2.5,4.5,0.6,1200,0.8,276,67.8,23.38,0.59,1.24,0.085,15.81,1.3,0.005,1.01
45.0,3.0,1.0,1.5,4.5,0.4,,0.4,204,74.5,17.38,0.38,1.11,0.085,20.78,1.06,0.005,1.01
45.0,3.0,1.0,2.5,3.0,0.6,,0.4,204,74.0,17.36,0.39,1.11,0.085,19.31,1.04,0.005,1.01
45.0,4.0,1.0,2.5,4.5,0.8,3600,0.8,195,75.9,16.55,0.36,1.13,0.085,21.95,0.95,0.005,1.01
50.0,2.0,0.7,2.5,3.0,0.6,3600,0.8,130,64.6,11.06,0.65,1.19,0.085,10.3,0.66,0.005,1.01
50.0,2.0,0.7,2.5,4.5,0.6,3600,0.4,120,72.5,10.16,0.44,1.16,0.085,12.34,0.56,0.005,1.01
50.0,2.0,1.0,1.5,3.0,0.4,7200,0.2,114,66.7,9.74,0.56,1.13,0.085,15.85,0.61,0.005,1.01
50.0,2.0,1.0,1.5,3.0,0.4,7200,0.4,114,66.7,9.74,0.56,1.13,0.085,15.85,0.61,0.005,1.01
50.0,2.0,1.0,1.5,4.5,0.8,7200,0.2,113,66.4,9.63,0.57,1.13,0.085,15.65,0.59,0.005,1.01
50.0,2.0,1.0,1.5,4.5,0.8,7200,0.4,113,66.4,9.63,0.57,1.13,0.085,15.65,0.59,0.005,1.01
50.0,2.0,1.0,2.5,3.0,0.8,3600,0.4,113,67.3,9.57,0.55,1.13,0.085,13.78,0.53,0.005,1.01
50.0,3.0,0.7,1.5,4.5,0.6,1200,0.8,138,63.8,11.71,0.71,1.25,0.085,9.24,0.67,0.005,1.01
50.0,3.0,0.7,1.5,4.5,0.8,,0.4,104,73.1,8.86,0.41,1.13,0.085,12.3,0.53,0.005,1.01
50.0,3.0,0.7,2.5,3.0,0.8,1200,0.8,138,63.8,11.74,0.71,1.25,0.085,9.34,0.7,0.005,1.01
50.0,5.0,0.7,1.5,3.0,0.6,2400,0.2,100,87.0,8.54,0.17,1.14,0.085,15.36,0.54,0.005,1.01
50.0,5.0,1.0,1.5,3.0,0.6,7200,0.8,93,80.6,7.92,0.26,1.1,0.085,17.39,0.48,0.005,1.01
50.0,5.0,1.0,2.5,3.0,0.8,2400,0.8,103,73.8,8.72,0.4,1.13,0.085,18.95,0.47,0.005,1.01
55.0,2.0,0.7,1.5,3.0,0.4,2400,0.8,83,66.3,7.06,0.61,1.2,0.085,6.4,0.42,0.005,1.01
55.0,3.0,0.7,2.5,3.0,0.8,7200,0.8,71,76.1,6.04,0.36,1.15,0.085,8.82,0.36,0.005,1.01
55.0,4.0,0.7,1.5,3.0,0.4,1200,0.8,83,66.3,7.08,0.63,1.23,0.085,6.37,0.44,0.005,1.01
55.0,4.0,0.7,1.5,3.0,0.8,1200,0.8,83,66.3,7.04,0.63,1.23,0.085,6.37,0.41,0.005,1.01
55.0,4.0,0.7,2.5,4.5,0.6,7200,0.8,67,80.6,5.72,0.27,1.13,0.085,8.0,0.36,0.005,1.01
40.0,2.0,0.7,1.5,3.0,0.8,7200,0.8,332,68.7,28.05,0.53,1.16,0.084,21.0,1.49,0.004,1.01
40.0,2.0,0.7,2.5,3.0,0.6,2400,0.4,346,71.7,29.17,0.46,1.17,0.084,18.7,1.49,0.004,1.01
40.0,2.0,0.7,2.5,4.5,0.4,1200,0.2,349,73.9,29.44,0.41,1.17,0.084,19.63,1.52,0.004,1.01
40.0,2.0,0.7,2.5,4.5,0.8,2400,0.2,342,72.5,28.75,0.44,1.16,0.084,20.12,1.39,0.004,1.01
40.0,3.0,1.0,1.5,3.0,0.4,3600,0.8,295,71.5,24.71,0.45,1.13,0.084,21.96,1.11,0.004,1.01
40.0,3.0,1.0,2.5,4.5,0.6,2400,0.8,320,70.0,26.95,0.49,1.15,0.084,24.08,1.35,0.004,1.01
40.0,4.0,0.7,1.5,4.5,0.4,1200,0.2,267,85.0,22.34,0.2,1.14,0.084,19.88,0.97,0.004,1.01
40.0,4.0,0.7,1.5,4.5,0.8,2400,0.4,270,83.3,22.65,0.23,1.14,0.084,20.13,1.05,0.004,1.01
40.0,4.0,1.0,1.5,3.0,0.4,1200,0.4,258,76.7,21.74,0.34,1.12,0.084,23.56,1.1,0.004,1.01
40.0,5.0,0.7,1.5,3.0,0.6,1200,0.4,261,82.4,21.96,0.25,1.16,0.084,21.75,1.08,0.004,1.01
45.0,2.0,0.7,1.5,4.5,0.8,1200,0.8,303,65.7,25.32,0.66,1.26,0.084,10.0,1.08,0.004,1.01
45.0,2.0,0.7,2.5,4.5,0.8,1200,0.8,303,65.7,25.35,0.66,1.26,0.084,9.97,1.11,0.004,1.01
45.0,3.0,1.5,2.5,4.5,0.8,1200,0.4,217,71.4,18.33,0.45,1.12,0.084,18.67,0.97,0.004,1.01
50.0,2.0,0.7,1.5,3.0,0.4,3600,0.4,121,72.7,10.21,0.43,1.16,0.084,11.93,0.53,0.004,1.01
50.0,2.0,0.7,2.5,4.5,0.4,3600,0.2,121,71.9,10.17,0.45,1.15,0.084,14.05,0.49,0.004,1.01
50.0,2.0,1.0,1.5,3.0,0.4,2400,0.4,116,66.4,9.79,0.57,1.13,0.084,11.44,0.51,0.004,1.01
50.0,2.0,1.0,1.5,3.0,0.6,14400,0.2,113,66.4,9.47,0.57,1.12,0.084,16.41,0.42,0.004,1.01
50.0,2.0,1.0,1.5,3.0,0.6,14400,0.4,113,66.4,9.47,0.57,1.12,0.084,16.41,0.42,0.004,1.01
50.0,2.0,1.0,2.5,3.0,0.4,7200,0.8,118,65.3,9.92,0.6,1.13,0.084,16.54,0.48,0.004,1.01
50.0,2.0,1.0,2.5,3.0,0.6,2400,0.4,115,66.1,9.69,0.58,1.13,0.084,12.09,0.49,0.004,1.01
50.0,2.0,1.0,2.5,3.0,0.6,7200,0.2,113,66.4,9.46,0.57,1.12,0.084,16.66,0.42,0.004,1.01
50.0,2.0,1.0,2.5,3.0,0.6,7200,0.4,113,66.4,9.46,0.57,1.12,0.084,16.66,0.42,0.004,1.01
50.0,2.0,1.0,2.5,4.5,0.4,1200,0.4,122,63.1,10.24,0.67,1.15,0.084,11.14,0.48,0.004,1.01
50.0,3.0,0.7,1.5,3.0,0.4,3600,0.4,112,79.5,9.46,0.3,1.14,0.084,13.3,0.5,0.004,1.01
50.0,3.0,0.7,1.5,3.0,0.6,7200,0.2,111,77.5,9.29,0.33,1.13,0.084,14.78,0.41,0.004,1.01
50.0,3.0,0.7,1.5,3.0,0.6,7200,0.4,111,77.5,9.29,0.33,1.13,0.084,14.78,0.41,0.004,1.01
50.0,3.0,0.7,1.5,3.0,0.8,7200,0.2,111,77.5,9.33,0.33,1.13,0.084,15.08,0.45,0.004,1.01
50.0,3.0,0.7,1.5,3.0,0.8,7200,0.4,111,77.5,9.33,0.33,1.13,0.084,15.08,0.45,0.004,1.01
50.0,3.0,1.0,2.5,3.0,0.4,7200,0.2,107,73.8,9.03,0.39,1.11,0.084,16.48,0.47,0.004,1.01
50.0,3.0,1.0,2.5,3.0,0.4,7200,0.4,107,73.8,9.03,0.39,1.11,0.084,16.48,0.47,0.004,1.01
50.0,3.0,1.0,2.5,3.0,0.8,,0.4,105,73.3,8.78,0.4,1.1,0.084,16.24,0.38,0.004,1.0
50.0,3.0,1.0,2.5,4.5,0.6,14400,0.8,106,73.6,8.88,0.4,1.11,0.084,14.96,0.4,0.004,1.0
50.0,5.0,0.7,1.5,3.0,0.4,2400,0.4,101,87.1,8.51,0.17,1.14,0.084,15.31,0.43,0.004,1.01
50.0,5.0,1.0,1.5,4.5,0.4,1200,0.4,98,77.6,8.2,0.32,1.11,0.084,16.75,0.36,0.004,1.0
50.0,5.0,1.0,1.5,4.5,0.6,2400,0.8,103,73.8,8.62,0.4,1.13,0.084,18.57,0.38,0.004,1.01
55.0,2.0,1.5,2.5,3.0,0.4,2400,0.4,71,66.2,5.96,0.58,1.13,0.084,9.83,0.28,0.004,1.01
55.0,3.0,0.7,2.5,4.5,0.8,7200,0.8,71,76.1,5.97,0.36,1.14,0.084,8.82,0.29,0.004,1.01
55.0,5.0,1.0,2.5,4.5,0.4,3600,0.2,59,83.1,4.96,0.22,1.1,0.084,10.76,0.24,0.004,1.0
55.0,5.0,1.0,2.5,4.5,0.4,3600,0.4,59,83.1,4.96,0.22,1.1,0.084,10.76,0.24,0.004,1.0
40.0,2.0,0.7,1.5,4.5,0.8,3600,0.2,339,72.0,28.07,0.45,1.16,0.083,22.16,0.95,0.003,1.01
40.0,2.0,0.7,1.5,4.5,0.8,3600,0.4,339,71.7,28.28,0.46,1.16,0.083,20.77,1.16,0.003,1.01
40.0,2.0,0.7,1.5,4.5,0.8,3600,0.8,365,67.9,30.21,0.56,1.18,0.083,14.77,1.01,0.003,1.01
40.0,2.0,0.7,2.5,4.5,0.4,2400,0.8,383,67.1,31.92,0.59,1.19,0.083,13.52,1.28,0.003,1.01
40.0,2.0,1.0,1.5,3.0,0.4,3600,0.8,349,64.5,29.13,0.63,1.15,0.083,16.88,1.21,0.003,1.01
40.0,2.0,1.0,1.5,3.0,0.8,1200,0.4,339,65.8,28.0,0.6,1.15,0.083,16.86,0.88,0.003,1.0
40.0,3.0,0.7,2.5,3.0,0.6,1200,0.2,306,81.0,25.48,0.27,1.15,0.083,16.87,1.0,0.003,1.01
40.0,4.0,0.7,1.5,3.0,0.4,1200,0.2,267,85.0,22.03,0.2,1.14,0.083,19.88,0.67,0.003,1.0
40.0,4.0,1.0,1.5,4.5,0.4,2400,0.8,287,72.8,23.72,0.42,1.14,0.083,24.54,0.76,0.003,1.0
40.0,4.0,1.0,2.5,3.0,0.8,3600,0.8,267,75.3,22.09,0.37,1.12,0.083,28.41,0.73,0.003,1.0
45.0,2.0,1.0,1.5,3.0,0.8,2400,0.8,265,64.9,21.87,0.63,1.17,0.083,16.37,0.67,0.003,1.0
45.0,3.0,0.7,1.5,4.5,0.6,1200,0.8,276,67.8,22.81,0.59,1.23,0.083,15.84,0.73,0.003,1.01
45.0,3.0,0.7,2.5,3.0,0.6,1200,0.8,276,67.8,22.95,0.59,1.24,0.083,15.81,0.87,0.003,1.01
45.0,3.0,1.0,2.5,3.0,0.8,14400,0.2,203,73.9,16.95,0.39,1.11,0.083,22.02,0.71,0.003,1.0
45.0,3.0,1.0,2.5,3.0,0.8,14400,0.4,203,73.9,16.95,0.39,1.11,0.083,22.02,0.71,0.003,1.0
45.0,3.0,1.0,2.5,4.5,0.4,2400,0.2,204,75.0,16.84,0.37,1.11,0.083,18.77,0.52,0.003,1.0
45.0,3.0,1.5,2.5,3.0,0.8,1200,0.8,268,66.0,22.12,0.61,1.19,0.083,16.34,0.68,0.003,1.01
50.0,2.0,1.0,2.5,4.5,0.6,2400,0.2,113,66.4,9.43,0.57,1.12,0.083,16.38,0.39,0.003,1.0
55.0,3.0,0.7,2.5,4.5,0.4,14400,0.2,65,76.9,5.37,0.34,1.13,0.083,11.94,0.17,0.003,1.0
55.0,3.0,0.7,2.5,4.5,0.4,14400,0.4,65,76.9,5.37,0.34,1.13,0.083,11.94,0.17,0.003,1.0
55.0,3.0,0.7,2.5,4.5,0.4,14400,0.8,65,76.9,5.37,0.34,1.13,0.083,11.94,0.17,0.003,1.0
55.0,5.0,1.0,2.5,3.0,0.4,3600,0.2,59,83.1,4.92,0.22,1.1,0.083,10.76,0.2,0.003,1.0
55.0,5.0,1.0,2.5,3.0,0.4,3600,0.4,59,83.1,4.92,0.22,1.1,0.083,10.76,0.2,0.003,1.0
55.0,5.0,1.5,2.5,3.0,0.6,14400,0.2,59,83.1,4.87,0.22,1.1,0.083,11.83,0.15,0.003,1.0
55.0,5.0,1.5,2.5,3.0,0.6,14400,0.4,59,83.1,4.87,0.22,1.1,0.083,11.83,0.15,0.003,1.0
55.0,5.0,1.5,2.5,3.0,0.6,14400,0.8,59,83.1,4.87,0.22,1.1,0.083,11.83,0.15,0.003,1.0
55.0,5.0,1.5,2.5,4.5,0.6,2400,0.4,61,82.0,5.06,0.24,1.1,0.083,12.1,0.18,0.003,1.0
40.0,2.0,0.7,2.5,3.0,0.4,1200,0.2,349,73.9,28.62,0.41,1.16,0.082,20.01,0.7,0.002,1.0
40.0,2.0,1.0,1.5,3.0,0.8,2400,0.8,371,64.4,30.28,0.64,1.17,0.082,15.4,0.6,0.002,1.0
40.0,3.0,0.7,2.5,4.5,0.4,2400,0.8,338,72.8,27.66,0.44,1.17,0.082,16.82,0.62,0.002,1.0
40.0,3.0,1.0,2.5,3.0,0.6,2400,0.8,320,70.0,26.17,0.49,1.14,0.082,24.08,0.57,0.002,1.0
40.0,4.0,0.7,2.5,3.0,0.8,2400,0.4,270,83.3,22.19,0.23,1.14,0.082,20.58,0.59,0.002,1.0
40.0,4.0,1.0,2.5,4.5,0.6,2400,0.8,287,72.8,23.4,0.42,1.13,0.082,25.31,0.43,0.002,1.0
45.0,3.0,1.5,2.5,3.0,0.8,1200,0.4,217,71.4,17.75,0.45,1.12,0.082,18.67,0.39,0.002,1.0
45.0,4.0,1.0,1.5,4.5,0.4,2400,0.8,207,73.4,16.88,0.41,1.13,0.082,21.63,0.32,0.002,1.0
45.0,4.0,1.0,2.5,3.0,0.8,3600,0.8,195,75.9,15.9,0.36,1.12,0.082,21.84,0.3,0.002,1.0
50.0,2.0,0.7,1.5,4.5,0.6,3600,0.8,130,64.6,10.68,0.65,1.18,0.082,10.18,0.28,0.002,1.0
50.0,2.0,1.0,1.5,3.0,0.6,1200,0.8,142,57.7,11.61,0.9,1.23,0.082,10.44,0.25,0.002,1.0
50.0,2.0,1.0,2.5,3.0,0.6,3600,0.4,113,67.3,9.32,0.55,1.13,0.082,14.51,0.28,0.002,1.0
50.0,3.0,0.7,2.5,4.5,0.8,3600,0.4,111,79.3,9.09,0.3,1.14,0.082,13.19,0.21,0.002,1.0
50.0,3.0,1.0,2.5,4.5,0.8,,0.4,104,73.1,8.51,0.41,1.1,0.082,17.21,0.19,0.002,1.0
50.0,5.0,0.7,2.5,4.5,0.8,2400,0.4,100,87.0,8.24,0.17,1.13,0.082,14.87,0.24,0.002,1.0
50.0,5.0,1.0,2.5,4.5,0.6,1200,0.4,98,77.6,8.04,0.32,1.11,0.082,16.72,0.2,0.002,1.0
55.0,2.0,0.7,2.5,3.0,0.6,7200,0.8,76,69.7,6.21,0.5,1.15,0.082,8.56,0.13,0.002,1.0
55.0,3.0,0.7,2.5,3.0,0.4,14400,0.2,65,76.9,5.33,0.34,1.13,0.082,11.94,0.13,0.002,1.0
55.0,3.0,0.7,2.5,3.0,0.4,14400,0.4,65,76.9,5.33,0.34,1.13,0.082,11.94,0.13,0.002,1.0
55.0,3.0,0.7,2.5,3.0,0.4,14400,0.8,65,76.9,5.33,0.34,1.13,0.082,11.94,0.13,0.002,1.0
55.0,3.0,0.7,2.5,3.0,0.6,7200,0.8,70,77.1,5.71,0.34,1.14,0.082,10.47,0.11,0.002,1.0
55.0,4.0,0.7,1.5,4.5,0.6,1200,0.8,83,66.3,6.81,0.62,1.22,0.082,6.37,0.17,0.002,1.01
55.0,5.0,1.5,2.5,3.0,0.6,2400,0.4,61,82.0,4.99,0.24,1.1,0.082,12.1,0.11,0.002,1.0
40.0,2.0,0.7,1.5,3.0,0.4,2400,0.4,347,71.8,27.98,0.46,1.16,0.081,18.6,0.22,0.001,1.0
40.0,2.0,0.7,1.5,3.0,0.6,2400,0.2,342,72.5,27.85,0.44,1.16,0.081,21.05,0.49,0.001,1.0
40.0,2.0,0.7,1.5,4.5,0.6,2400,0.4,346,71.7,28.17,0.46,1.16,0.081,19.53,0.49,0.001,1.0
40.0,2.0,1.5,2.5,4.5,0.4,1200,0.8,419,60.1,33.97,0.8,1.2,0.081,13.1,0.45,0.001,1.0
40.0,3.0,1.0,2.5,3.0,0.6,3600,0.8,295,71.2,24.01,0.45,1.12,0.081,25.55,0.41,0.001,1.0
40.0,4.0,0.7,1.5,3.0,0.8,2400,0.4,270,83.3,21.86,0.23,1.14,0.081,20.13,0.26,0.001,1.0
45.0,2.0,0.7,1.5,3.0,0.8,1200,0.8,303,65.7,24.6,0.65,1.25,0.081,10.0,0.36,0.001,1.0
45.0,2.0,0.7,2.5,3.0,0.8,1200,0.8,303,65.7,24.63,0.65,1.25,0.081,9.98,0.39,0.001,1.0
45.0,3.0,0.7,1.5,3.0,0.6,1200,0.8,276,67.8,22.39,0.59,1.23,0.081,15.84,0.31,0.001,1.0
45.0,3.0,1.0,1.5,4.5,0.4,14400,0.2,204,74.5,16.5,0.38,1.11,0.081,21.66,0.18,0.001,1.0
45.0,3.0,1.0,1.5,4.5,0.4,14400,0.4,204,74.5,16.5,0.38,1.11,0.081,21.66,0.18,0.001,1.0
45.0,3.0,1.0,2.5,3.0,0.4,2400,0.2,204,75.0,16.53,0.37,1.11,0.081,18.77,0.21,0.001,1.0
50.0,2.0,0.7,2.5,3.0,0.4,3600,0.2,121,71.9,9.85,0.45,1.15,0.081,14.05,0.17,0.001,1.0
50.0,2.0,0.7,2.5,3.0,0.8,3600,0.4,120,72.5,9.76,0.44,1.15,0.081,11.86,0.16,0.001,1.0
50.0,2.0,1.0,1.5,3.0,0.8,1200,0.8,142,57.7,11.52,0.9,1.23,0.081,10.54,0.16,0.001,1.0
50.0,2.0,1.0,2.5,3.0,0.4,1200,0.4,122,63.1,9.84,0.67,1.15,0.081,11.14,0.08,0.001,1.0
50.0,2.0,1.0,2.5,3.0,0.8,2400,0.4,115,66.1,9.35,0.58,1.13,0.081,11.37,0.15,0.001,1.0
50.0,2.0,1.0,2.5,4.5,0.8,2400,0.2,113,66.4,9.11,0.57,1.12,0.081,15.59,0.07,0.001,1.0
50.0,3.0,0.7,1.5,3.0,0.6,1200,0.8,138,63.8,11.18,0.71,1.24,0.081,9.24,0.14,0.001,1.0
50.0,3.0,0.7,1.5,3.0,0.8,1200,0.8,138,63.8,11.14,0.7,1.24,0.081,9.34,0.1,0.001,1.0
50.0,3.0,0.7,1.5,4.5,0.6,,0.4,105,73.3,8.48,0.41,1.12,0.081,12.39,0.08,0.001,1.0
50.0,4.0,1.0,2.5,4.5,0.6,2400,0.8,108,71.3,8.8,0.45,1.13,0.081,17.33,0.16,0.001,1.0
50.0,5.0,0.7,1.5,3.0,0.8,2400,0.2,100,87.0,8.15,0.17,1.13,0.082,15.41,0.15,0.001,1.0
50.0,5.0,1.0,1.5,3.0,0.8,7200,0.8,93,80.6,7.5,0.26,1.1,0.081,17.59,0.06,0.001,1.0
50.0,5.0,1.0,2.5,4.5,0.8,1200,0.4,98,77.6,7.95,0.32,1.11,0.081,16.96,0.11,0.001,1.0
55.0,2.0,0.7,2.5,3.0,0.8,,0.4,69,66.7,5.61,0.57,1.13,0.081,8.57,0.09,0.001,1.0
55.0,2.0,0.7,2.5,4.5,0.6,7200,0.8,76,69.7,6.15,0.5,1.15,0.081,8.56,0.07,0.001,1.0
55.0,3.0,0.7,1.5,3.0,0.8,14400,0.2,65,76.9,5.29,0.34,1.13,0.081,10.59,0.09,0.001,1.0
55.0,3.0,0.7,1.5,3.0,0.8,14400,0.4,65,76.9,5.29,0.34,1.13,0.081,10.59,0.09,0.001,1.0
55.0,3.0,0.7,1.5,3.0,0.8,14400,0.8,65,76.9,5.29,0.34,1.13,0.081,10.59,0.09,0.001,1.0
55.0,3.0,0.7,1.5,4.5,0.8,14400,0.2,65,76.9,5.3,0.34,1.13,0.082,10.27,0.1,0.001,1.0
55.0,3.0,0.7,1.5,4.5,0.8,14400,0.4,65,76.9,5.3,0.34,1.13,0.082,10.27,0.1,0.001,1.0
55.0,3.0,0.7,1.5,4.5,0.8,14400,0.8,65,76.9,5.3,0.34,1.13,0.082,10.27,0.1,0.001,1.0
55.0,3.0,0.7,2.5,4.5,0.6,7200,0.8,70,77.1,5.65,0.34,1.14,0.081,10.47,0.05,0.001,1.0
55.0,4.0,0.7,1.5,3.0,0.6,1200,0.8,83,66.3,6.74,0.62,1.22,0.081,6.37,0.1,0.001,1.0
55.0,5.0,1.5,2.5,4.5,0.6,14400,0.2,59,83.1,4.78,0.22,1.1,0.081,11.83,0.06,0.001,1.0
55.0,5.0,1.5,2.5,4.5,0.6,14400,0.4,59,83.1,4.78,0.22,1.1,0.081,11.83,0.06,0.001,1.0
55.0,5.0,1.5,2.5,4.5,0.6,14400,0.8,59,83.1,4.78,0.22,1.1,0.081,11.83,0.06,0.001,1.0
40.0,2.0,0.7,1.5,4.5,0.8,2400,0.2,342,72.5,27.24,0.44,1.15,0.08,20.73,-0.12,-0.0,1.0
40.0,2.0,0.7,2.5,3.0,0.4,2400,0.8,383,67.1,30.52,0.58,1.19,0.08,13.61,-0.12,-0.0,1.0
40.0,3.0,0.7,1.5,4.5,0.6,1200,0.2,306,81.0,24.61,0.27,1.15,0.08,16.87,0.13,0.0,1.0
40.0,3.0,1.0,2.5,4.5,0.8,1200,0.4,294,72.4,23.54,0.43,1.13,0.08,21.0,0.02,0.0,1.0
40.0,4.0,1.0,1.5,3.0,0.4,2400,0.8,287,72.8,23.01,0.42,1.13,0.08,24.54,0.05,0.0,1.0
40.0,4.0,1.0,2.5,3.0,0.6,2400,0.8,287,72.8,22.9,0.42,1.13,0.08,25.25,-0.06,-0.0,1.0
45.0,3.0,1.0,1.5,4.5,0.4,2400,0.4,206,75.7,16.54,0.36,1.11,0.08,18.77,0.06,0.0,1.0
45.0,3.0,1.0,2.5,3.0,0.8,14400,0.8,203,73.9,16.19,0.39,1.1,0.08,22.77,-0.05,-0.0,1.0
45.0,3.0,1.0,2.5,4.5,0.6,1200,0.8,269,66.2,21.56,0.61,1.19,0.08,17.25,0.04,0.0,1.0
45.0,3.0,1.0,2.5,4.5,0.6,,0.4,203,73.9,16.32,0.39,1.1,0.08,20.75,0.08,0.0,1.0
45.0,4.0,1.0,1.5,3.0,0.4,2400,0.8,207,73.4,16.57,0.41,1.13,0.08,21.62,0.01,0.0,1.0
50.0,2.0,0.7,1.5,4.5,0.8,3600,0.8,130,64.6,10.38,0.65,1.18,0.08,10.31,-0.02,-0.0,1.0
50.0,2.0,1.0,1.5,4.5,0.4,2400,0.2,114,66.7,9.11,0.56,1.12,0.08,15.68,-0.01,-0.0,1.0
50.0,3.0,1.0,1.5,3.0,0.8,14400,0.8,106,73.6,8.5,0.4,1.1,0.08,14.52,0.02,0.0,1.0
50.0,5.0,1.0,1.5,3.0,0.4,1200,0.4,98,77.6,7.81,0.32,1.11,0.08,17.12,-0.03,-0.0,1.0
55.0,2.0,0.7,1.5,4.5,0.8,,0.4,69,66.7,5.53,0.57,1.13,0.08,8.16,0.01,0.0,1.0
55.0,2.0,0.7,2.5,4.5,0.4,3600,0.8,82,65.9,6.56,0.61,1.17,0.08,6.0,-0.0,-0.0,1.0
55.0,3.0,0.7,2.5,3.0,0.4,7200,0.2,67,77.6,5.33,0.32,1.12,0.08,12.92,-0.03,-0.0,1.0
55.0,3.0,0.7,2.5,3.0,0.4,7200,0.4,67,77.6,5.33,0.32,1.12,0.08,12.92,-0.03,-0.0,1.0
55.0,3.0,0.7,2.5,3.0,0.8,14400,0.2,65,76.9,5.22,0.34,1.12,0.08,10.09,0.02,0.0,1.0
55.0,3.0,0.7,2.5,3.0,0.8,14400,0.4,65,76.9,5.22,0.34,1.12,0.08,10.09,0.02,0.0,1.0
55.0,3.0,0.7,2.5,3.0,0.8,14400,0.8,65,76.9,5.22,0.34,1.12,0.08,10.09,0.02,0.0,1.0
55.0,3.0,0.7,2.5,4.5,0.4,7200,0.2,67,77.6,5.37,0.32,1.12,0.08,12.92,0.01,0.0,1.0
55.0,3.0,0.7,2.5,4.5,0.4,7200,0.4,67,77.6,5.37,0.32,1.12,0.08,12.92,0.01,0.0,1.0
55.0,3.0,0.7,2.5,4.5,0.8,14400,0.2,65,76.9,5.23,0.34,1.12,0.08,9.77,0.03,0.0,1.0
55.0,3.0,0.7,2.5,4.5,0.8,14400,0.4,65,76.9,5.23,0.34,1.12,0.08,9.77,0.03,0.0,1.0
55.0,3.0,0.7,2.5,4.5,0.8,14400,0.8,65,76.9,5.23,0.34,1.12,0.08,9.77,0.03,0.0,1.0
55.0,4.0,0.7,2.5,4.5,0.8,1200,0.8,83,66.3,6.65,0.62,1.22,0.08,6.37,0.01,0.0,1.0
55.0,5.0,1.5,2.5,3.0,0.6,7200,0.2,59,83.1,4.71,0.22,1.09,0.08,11.83,-0.01,-0.0,1.0
55.0,5.0,1.5,2.5,3.0,0.6,7200,0.4,59,83.1,4.71,0.22,1.09,0.08,11.83,-0.01,-0.0,1.0
40.0,2.0,0.7,2.5,4.5,0.6,2400,0.8,382,67.0,30.27,0.58,1.18,0.079,13.59,-0.29,-0.001,1.0
40.0,2.0,0.7,2.5,4.5,0.8,2400,0.4,346,71.7,27.5,0.46,1.16,0.079,18.99,-0.18,-0.001,1.0
40.0,2.0,1.5,2.5,3.0,0.4,1200,0.8,419,60.1,33.15,0.79,1.2,0.079,13.1,-0.37,-0.001,1.0
40.0,3.0,0.7,1.5,3.0,0.8,3600,0.8,317,74.1,25.0,0.4,1.15,0.079,16.34,-0.36,-0.001,1.0
40.0,3.0,0.7,2.5,3.0,0.4,2400,0.8,338,72.8,26.61,0.43,1.16,0.079,16.82,-0.43,-0.001,1.0
45.0,3.0,1.0,1.5,3.0,0.4,2400,0.4,206,75.7,16.23,0.36,1.11,0.079,18.77,-0.25,-0.001,1.0
45.0,3.0,1.0,2.5,3.0,0.6,1200,0.8,269,66.2,21.13,0.61,1.18,0.079,17.25,-0.39,-0.001,1.0
50.0,2.0,0.7,2.5,3.0,0.6,3600,0.4,120,72.5,9.53,0.44,1.15,0.079,12.34,-0.07,-0.001,1.0
50.0,2.0,1.0,2.5,4.5,0.4,2400,0.8,129,59.7,10.25,0.78,1.16,0.079,11.35,-0.07,-0.001,1.0
50.0,3.0,1.0,1.5,4.5,0.4,14400,0.8,107,73.8,8.4,0.39,1.1,0.079,14.3,-0.16,-0.001,1.0
50.0,3.0,1.0,2.5,3.0,0.6,14400,0.8,106,73.6,8.39,0.4,1.1,0.079,14.96,-0.09,-0.001,1.0
50.0,5.0,0.7,1.5,4.5,0.6,2400,0.4,100,87.0,7.9,0.17,1.13,0.079,14.99,-0.1,-0.001,1.0
50.0,5.0,0.7,2.5,3.0,0.6,2400,0.4,100,87.0,7.9,0.17,1.13,0.079,15.13,-0.1,-0.001,1.0
50.0,5.0,1.0,1.5,4.5,0.8,2400,0.8,103,73.8,8.18,0.4,1.12,0.079,18.74,-0.06,-0.001,1.0
55.0,2.0,0.7,2.5,3.0,0.4,3600,0.8,82,65.9,6.52,0.61,1.17,0.08,6.0,-0.04,-0.001,1.0
55.0,3.0,0.7,2.5,4.5,0.4,1200,0.8,83,63.9,6.53,0.69,1.22,0.079,5.49,-0.11,-0.001,1.0
55.0,5.0,1.5,2.5,3.0,0.6,7200,0.8,61,82.0,4.81,0.24,1.1,0.079,11.93,-0.07,-0.001,1.0
55.0,5.0,1.5,2.5,3.0,0.6,,0.4,59,83.1,4.68,0.22,1.09,0.079,12.11,-0.04,-0.001,1.0
55.0,5.0,1.5,2.5,4.5,0.6,7200,0.2,59,83.1,4.66,0.22,1.09,0.079,11.83,-0.06,-0.001,1.0
55.0,5.0,1.5,2.5,4.5,0.6,7200,0.4,59,83.1,4.66,0.22,1.09,0.079,11.83,-0.06,-0.001,1.0
40.0,2.0,0.7,1.5,4.5,0.4,1200,0.2,349,73.9,27.35,0.41,1.15,0.078,20.4,-0.57,-0.002,1.0
40.0,2.0,0.7,2.5,3.0,0.8,2400,0.2,342,72.5,26.82,0.44,1.15,0.078,20.5,-0.54,-0.002,1.0
40.0,2.0,1.0,1.5,4.5,0.6,3600,0.8,348,64.4,27.21,0.63,1.14,0.078,18.59,-0.63,-0.002,1.0
40.0,3.0,0.7,1.5,3.0,0.6,1200,0.2,306,81.0,24.01,0.27,1.14,0.078,16.87,-0.47,-0.002,1.0
40.0,3.0,1.0,1.5,4.5,0.6,2400,0.8,320,70.3,24.85,0.48,1.14,0.078,22.36,-0.75,-0.002,1.0
40.0,3.0,1.0,2.5,3.0,0.8,1200,0.4,294,72.4,22.99,0.43,1.12,0.078,21.0,-0.53,-0.002,1.0
40.0,4.0,1.0,1.5,4.5,0.8,3600,0.8,267,75.3,20.74,0.37,1.12,0.078,29.28,-0.62,-0.002,1.0
40.0,5.0,1.0,1.5,3.0,0.8,1200,0.8,331,68.9,25.69,0.53,1.18,0.078,20.02,-0.79,-0.002,0.99
40.0,5.0,1.0,1.5,4.5,0.8,1200,0.8,331,68.9,25.9,0.53,1.18,0.078,20.02,-0.58,-0.002,1.0
45.0,3.0,1.0,1.5,4.5,0.4,7200,0.2,204,74.5,15.92,0.38,1.1,0.078,21.71,-0.4,-0.002,1.0
45.0,3.0,1.0,1.5,4.5,0.4,7200,0.4,204,74.5,15.92,0.38,1.1,0.078,21.71,-0.4,-0.002,1.0
50.0,2.0,0.7,1.5,4.5,0.6,3600,0.4,120,72.5,9.3,0.43,1.15,0.078,12.22,-0.3,-0.002,1.0
50.0,2.0,0.7,2.5,4.5,0.4,2400,0.4,125,71.2,9.71,0.47,1.16,0.078,10.18,-0.29,-0.002,1.0
50.0,2.0,0.7,2.5,4.5,0.4,2400,0.8,132,63.6,10.35,0.68,1.19,0.078,9.92,-0.22,-0.002,1.0
50.0,2.0,1.0,1.5,4.5,0.6,2400,0.4,115,66.1,8.96,0.58,1.12,0.078,11.84,-0.24,-0.002,1.0
50.0,2.0,1.0,1.5,4.5,0.6,3600,0.4,113,67.3,8.78,0.54,1.12,0.078,14.25,-0.26,-0.002,1.0
50.0,2.0,1.0,2.5,4.5,0.8,7200,0.8,118,64.4,9.25,0.62,1.12,0.078,16.9,-0.19,-0.002,1.0
50.0,5.0,0.7,1.5,4.5,0.4,2400,0.8,112,75.0,8.79,0.38,1.15,0.078,16.19,-0.17,-0.002,1.0
55.0,2.0,1.5,2.5,4.5,0.4,7200,0.2,69,66.7,5.37,0.56,1.12,0.078,11.16,-0.15,-0.002,1.0
55.0,2.0,1.5,2.5,4.5,0.4,7200,0.4,69,66.7,5.37,0.56,1.12,0.078,11.16,-0.15,-0.002,1.0
55.0,2.0,1.5,2.5,4.5,0.4,14400,0.2,69,66.7,5.37,0.56,1.12,0.078,11.16,-0.15,-0.002,1.0
55.0,2.0,1.5,2.5,4.5,0.4,14400,0.4,69,66.7,5.37,0.56,1.12,0.078,11.16,-0.15,-0.002,1.0
55.0,2.0,1.5,2.5,4.5,0.4,,0.4,69,66.7,5.37,0.56,1.12,0.078,11.16,-0.15,-0.002,1.0
55.0,3.0,0.7,1.5,4.5,0.8,1200,0.8,83,63.9,6.43,0.69,1.21,0.077,5.6,-0.21,-0.002,0.99
55.0,4.0,0.7,2.5,3.0,0.4,7200,0.2,65,81.5,5.05,0.25,1.11,0.078,10.52,-0.15,-0.002,1.0
55.0,4.0,0.7,2.5,3.0,0.4,7200,0.4,65,81.5,5.05,0.25,1.11,0.078,10.52,-0.15,-0.002,1.0
55.0,4.0,0.7,2.5,4.5,0.4,7200,0.2,65,81.5,5.09,0.25,1.11,0.078,10.52,-0.11,-0.002,1.0
55.0,4.0,0.7,2.5,4.5,0.4,7200,0.4,65,81.5,5.09,0.25,1.11,0.078,10.52,-0.11,-0.002,1.0
55.0,5.0,1.5,2.5,4.5,0.6,7200,0.8,61,82.0,4.76,0.24,1.09,0.078,11.93,-0.12,-0.002,1.0
40.0,2.0,0.7,1.5,3.0,0.6,2400,0.4,346,71.7,26.54,0.46,1.15,0.077,19.91,-1.14,-0.003,0.99
40.0,3.0,1.0,1.5,4.5,0.8,1200,0.4,294,72.4,22.69,0.43,1.12,0.077,20.74,-0.83,-0.003,1.0
40.0,3.0,1.0,2.5,4.5,0.8,2400,0.8,320,70.0,24.77,0.49,1.13,0.077,24.63,-0.84,-0.003,1.0
45.0,3.0,0.7,1.5,4.5,0.8,1200,0.8,276,67.8,21.27,0.58,1.22,0.077,16.07,-0.81,-0.003,0.99
45.0,3.0,0.7,2.5,4.5,0.8,1200,0.8,276,67.8,21.35,0.58,1.22,0.077,16.12,-0.73,-0.003,0.99
45.0,3.0,1.0,1.5,3.0,0.4,14400,0.2,204,74.5,15.8,0.38,1.1,0.077,21.58,-0.52,-0.003,1.0
45.0,3.0,1.0,1.5,3.0,0.4,14400,0.4,204,74.5,15.8,0.38,1.1,0.077,21.58,-0.52,-0.003,1.0
45.0,3.0,1.0,1.5,4.5,0.4,14400,0.8,204,74.5,15.75,0.38,1.1,0.077,22.41,-0.57,-0.003,1.0
45.0,3.0,1.0,1.5,4.5,0.6,1200,0.8,269,66.2,20.63,0.6,1.18,0.077,17.27,-0.9,-0.003,0.99
50.0,2.0,0.7,1.5,3.0,0.6,3600,0.8,130,64.6,10.05,0.64,1.17,0.077,10.51,-0.35,-0.003,0.99
50.0,2.0,1.0,1.5,3.0,0.4,2400,0.2,114,66.7,8.72,0.56,1.11,0.076,15.68,-0.4,-0.003,0.99
50.0,2.0,1.0,2.5,3.0,0.6,2400,0.2,113,66.4,8.67,0.56,1.11,0.077,16.38,-0.37,-0.003,1.0
50.0,3.0,0.7,2.5,4.5,0.4,2400,0.8,125,69.6,9.62,0.51,1.16,0.077,12.7,-0.38,-0.003,0.99
50.0,3.0,0.7,2.5,4.5,0.4,3600,0.2,112,78.6,8.59,0.31,1.12,0.077,15.82,-0.37,-0.003,0.99
50.0,5.0,0.7,2.5,4.5,0.6,2400,0.8,111,74.8,8.58,0.39,1.15,0.077,16.01,-0.3,-0.003,1.0
50.0,5.0,1.0,2.5,3.0,0.6,1200,0.4,98,77.6,7.51,0.32,1.11,0.077,17.1,-0.33,-0.003,1.0
55.0,2.0,1.5,2.5,3.0,0.4,3600,0.2,69,66.7,5.28,0.56,1.11,0.077,11.16,-0.24,-0.003,1.0
55.0,2.0,1.5,2.5,3.0,0.4,3600,0.4,69,66.7,5.28,0.56,1.11,0.077,11.16,-0.24,-0.003,1.0
55.0,2.0,1.5,2.5,3.0,0.4,7200,0.2,69,66.7,5.33,0.56,1.12,0.077,11.16,-0.19,-0.003,1.0
55.0,2.0,1.5,2.5,3.0,0.4,7200,0.4,69,66.7,5.33,0.56,1.12,0.077,11.16,-0.19,-0.003,1.0
55.0,2.0,1.5,2.5,3.0,0.4,14400,0.2,69,66.7,5.33,0.56,1.12,0.077,11.16,-0.19,-0.003,1.0
55.0,2.0,1.5,2.5,3.0,0.4,14400,0.4,69,66.7,5.33,0.56,1.12,0.077,11.16,-0.19,-0.003,1.0
55.0,2.0,1.5,2.5,3.0,0.4,,0.4,69,66.7,5.33,0.56,1.12,0.077,11.16,-0.19,-0.003,1.0
55.0,2.0,1.5,2.5,4.5,0.4,2400,0.2,69,66.7,5.33,0.56,1.12,0.077,11.16,-0.19,-0.003,1.0
55.0,2.0,1.5,2.5,4.5,0.4,3600,0.2,69,66.7,5.32,0.56,1.12,0.077,11.16,-0.2,-0.003,1.0
55.0,2.0,1.5,2.5,4.5,0.4,3600,0.4,69,66.7,5.32,0.56,1.12,0.077,11.16,-0.2,-0.003,1.0
55.0,3.0,0.7,1.5,4.5,0.4,1200,0.8,83,63.9,6.36,0.68,1.21,0.077,5.49,-0.28,-0.003,0.99
55.0,3.0,0.7,2.5,3.0,0.4,1200,0.8,83,63.9,6.41,0.69,1.21,0.077,5.49,-0.23,-0.003,0.99
55.0,3.0,0.7,2.5,4.5,0.4,3600,0.8,76,71.1,5.84,0.47,1.15,0.077,7.71,-0.24,-0.003,0.99
55.0,4.0,0.7,1.5,3.0,0.6,3600,0.8,72,76.4,5.56,0.35,1.14,0.077,8.0,-0.2,-0.003,1.0
55.0,4.0,0.7,2.5,3.0,0.8,1200,0.8,83,66.3,6.43,0.62,1.21,0.077,6.37,-0.21,-0.003,0.99
55.0,5.0,1.0,1.5,3.0,0.8,14400,0.2,59,83.1,4.55,0.22,1.09,0.077,11.1,-0.17,-0.003,1.0
55.0,5.0,1.0,1.5,3.0,0.8,14400,0.4,59,83.1,4.55,0.22,1.09,0.077,11.1,-0.17,-0.003,1.0
55.0,5.0,1.0,1.5,3.0,0.8,14400,0.8,59,83.1,4.55,0.22,1.09,0.077,11.1,-0.17,-0.003,1.0
40.0,2.0,0.7,1.5,3.0,0.4,1200,0.2,349,73.9,26.53,0.41,1.15,0.076,20.78,-1.39,-0.004,0.99
40.0,2.0,0.7,2.5,4.5,0.6,1200,0.2,349,73.9,26.51,0.41,1.15,0.076,20.16,-1.41,-0.004,0.99
40.0,5.0,0.7,1.5,4.5,0.8,1200,0.4,261,82.4,19.83,0.24,1.14,0.076,21.8,-1.05,-0.004,0.99
50.0,2.0,1.0,1.5,4.5,0.6,7200,0.2,113,66.4,8.55,0.56,1.11,0.076,16.41,-0.49,-0.004,0.99
50.0,2.0,1.0,1.5,4.5,0.6,7200,0.4,113,66.4,8.55,0.56,1.11,0.076,16.41,-0.49,-0.004,0.99
50.0,2.0,1.0,2.5,3.0,0.4,2400,0.8,129,59.7,9.86,0.78,1.15,0.076,11.35,-0.46,-0.004,0.99
50.0,3.0,0.7,2.5,3.0,0.8,3600,0.4,111,79.3,8.42,0.29,1.13,0.076,13.48,-0.46,-0.004,0.99
50.0,3.0,1.0,1.5,3.0,0.4,14400,0.8,107,73.8,8.17,0.39,1.1,0.076,14.3,-0.39,-0.004,1.0
50.0,4.0,1.0,2.5,4.5,0.8,2400,0.8,108,71.3,8.17,0.45,1.12,0.076,17.57,-0.47,-0.004,0.99
50.0,5.0,1.0,1.5,3.0,0.6,2400,0.8,103,73.8,7.87,0.4,1.11,0.076,18.94,-0.37,-0.004,0.99
50.0,5.0,1.0,1.5,4.5,0.8,1200,0.4,98,77.6,7.46,0.32,1.1,0.076,17.12,-0.38,-0.004,0.99
55.0,2.0,1.5,2.5,3.0,0.4,2400,0.2,69,66.7,5.21,0.56,1.11,0.076,11.16,-0.31,-0.004,0.99
55.0,3.0,0.7,2.5,3.0,0.4,3600,0.8,76,71.1,5.8,0.47,1.15,0.076,7.71,-0.28,-0.004,0.99
55.0,4.0,0.7,1.5,4.5,0.6,3600,0.8,72,76.4,5.5,0.35,1.14,0.076,8.0,-0.26,-0.004,0.99
55.0,4.0,0.7,2.5,4.5,0.6,1200,0.8,83,66.3,6.28,0.61,1.2,0.076,6.37,-0.36,-0.004,0.99
55.0,5.0,1.0,1.5,4.5,0.4,7200,0.2,59,83.1,4.48,0.22,1.09,0.076,10.86,-0.24,-0.004,1.0
55.0,5.0,1.0,1.5,4.5,0.4,7200,0.4,59,83.1,4.48,0.22,1.09,0.076,10.86,-0.24,-0.004,1.0
55.0,5.0,1.5,2.5,4.5,0.6,,0.4,59,83.1,4.5,0.22,1.09,0.076,12.11,-0.22,-0.004,1.0
40.0,2.0,0.7,1.5,3.0,0.8,3600,0.2,339,72.0,25.36,0.44,1.14,0.075,22.33,-1.76,-0.005,0.99
40.0,2.0,0.7,1.5,3.0,0.8,3600,0.4,339,71.7,25.57,0.45,1.14,0.075,20.94,-1.55,-0.005,0.99
40.0,2.0,0.7,1.5,3.0,0.8,3600,0.8,365,67.9,27.5,0.55,1.16,0.075,14.94,-1.7,-0.005,0.99
40.0,2.0,0.7,1.5,4.5,0.8,2400,0.4,346,71.7,25.93,0.45,1.15,0.075,19.59,-1.75,-0.005,0.99
40.0,2.0,0.7,2.5,3.0,0.6,2400,0.8,382,67.0,28.65,0.58,1.17,0.075,14.06,-1.91,-0.005,0.99
40.0,2.0,0.7,2.5,4.5,0.4,1200,0.4,364,70.6,27.24,0.48,1.16,0.075,12.45,-1.88,-0.005,0.99
40.0,3.0,0.7,2.5,4.5,0.4,1200,0.4,323,76.5,24.26,0.35,1.15,0.075,14.73,-1.58,-0.005,0.99
40.0,3.0,1.0,1.5,3.0,0.6,2400,0.8,320,70.3,24.08,0.48,1.13,0.075,22.36,-1.52,-0.005,0.99
40.0,3.0,1.0,1.5,3.0,0.8,1200,0.4,294,72.4,22.14,0.43,1.12,0.075,20.74,-1.38,-0.005,0.99
40.0,4.0,0.7,2.5,4.5,0.4,1200,0.4,281,79.7,21.14,0.29,1.14,0.075,16.56,-1.34,-0.005,0.99
40.0,4.0,0.7,2.5,4.5,0.6,1200,0.2,267,85.0,20.11,0.2,1.13,0.075,20.39,-1.25,-0.005,0.99
40.0,5.0,0.7,1.5,3.0,0.8,1200,0.4,261,82.4,19.61,0.24,1.14,0.075,21.8,-1.26,-0.005,0.99
40.0,5.0,1.0,2.5,4.5,0.8,1200,0.8,331,68.9,24.81,0.53,1.17,0.075,19.95,-1.67,-0.005,0.99
45.0,3.0,0.7,1.5,3.0,0.8,1200,0.8,276,67.8,20.66,0.58,1.21,0.075,16.07,-1.42,-0.005,0.99
45.0,3.0,0.7,2.5,3.0,0.8,1200,0.8,276,67.8,20.74,0.58,1.21,0.075,16.12,-1.34,-0.005,0.99
45.0,3.0,1.0,1.5,3.0,0.4,7200,0.2,204,74.5,15.38,0.38,1.1,0.075,21.64,-0.94,-0.005,0.99
45.0,3.0,1.0,1.5,3.0,0.4,7200,0.4,204,74.5,15.38,0.38,1.1,0.075,21.64,-0.94,-0.005,0.99
45.0,3.0,1.0,1.5,3.0,0.6,1200,0.8,269,66.2,20.2,0.6,1.18,0.075,17.27,-1.32,-0.005,0.99
45.0,3.0,1.0,2.5,4.5,0.4,7200,0.8,209,73.2,15.64,0.4,1.1,0.075,25.32,-1.08,-0.005,0.99
45.0,4.0,1.0,1.5,4.5,0.8,3600,0.8,195,75.9,14.68,0.35,1.11,0.075,22.5,-0.93,-0.005,0.99
50.0,2.0,0.7,1.5,4.5,0.8,3600,0.4,120,72.5,9.0,0.43,1.14,0.075,11.78,-0.6,-0.005,0.99
50.0,2.0,0.7,2.5,3.0,0.4,2400,0.4,125,71.2,9.31,0.46,1.15,0.074,10.55,-0.69,-0.005,0.99
50.0,2.0,0.7,2.5,3.0,0.4,2400,0.8,132,63.6,9.95,0.67,1.18,0.075,10.29,-0.61,-0.005,0.99
50.0,2.0,1.0,1.5,4.5,0.4,3600,0.2,114,66.7,8.6,0.56,1.11,0.075,15.85,-0.52,-0.005,0.99
50.0,2.0,1.0,1.5,4.5,0.8,2400,0.4,115,66.1,8.57,0.57,1.12,0.075,11.24,-0.63,-0.005,0.99
50.0,2.0,1.0,1.5,4.5,0.8,3600,0.4,113,67.3,8.5,0.54,1.11,0.075,13.65,-0.54,-0.005,0.99
50.0,5.0,0.7,1.5,3.0,0.4,2400,0.8,112,75.0,8.4,0.38,1.15,0.075,16.57,-0.56,-0.005,0.99
50.0,5.0,0.7,1.5,4.5,0.8,2400,0.4,100,87.0,7.54,0.17,1.12,0.075,15.04,-0.46,-0.005,0.99
50.0,5.0,0.7,2.5,3.0,0.8,2400,0.4,100,87.0,7.45,0.17,1.12,0.074,15.25,-0.55,-0.005,0.99
50.0,5.0,1.0,1.5,4.5,0.6,1200,0.4,98,77.6,7.33,0.32,1.1,0.075,16.95,-0.51,-0.005,0.99
55.0,2.0,0.7,1.5,3.0,0.6,3600,0.8,82,65.9,6.17,0.6,1.16,0.075,6.0,-0.39,-0.005,0.99
55.0,2.0,0.7,1.5,3.0,0.8,,0.4,69,66.7,5.19,0.56,1.12,0.075,8.57,-0.33,-0.005,0.99
55.0,2.0,1.0,2.5,3.0,0.4,3600,0.8,78,62.8,5.85,0.67,1.14,0.075,8.28,-0.39,-0.005,0.99
55.0,2.0,1.0,2.5,4.5,0.4,3600,0.8,78,62.8,5.89,0.67,1.14,0.076,8.28,-0.35,-0.005,0.99
55.0,2.0,1.5,2.5,3.0,0.4,14400,0.8,70,65.7,5.22,0.58,1.11,0.075,11.28,-0.38,-0.005,0.99
55.0,2.0,1.5,2.5,4.5,0.4,14400,0.8,70,65.7,5.26,0.58,1.11,0.075,11.28,-0.34,-0.005,0.99
55.0,3.0,0.7,1.5,3.0,0.4,1200,0.8,83,63.9,6.25,0.68,1.21,0.075,5.49,-0.39,-0.005,0.99
55.0,3.0,0.7,1.5,3.0,0.8,1200,0.8,83,63.9,6.21,0.68,1.21,0.075,5.6,-0.43,-0.005,0.99
55.0,4.0,0.7,2.5,3.0,0.6,1200,0.8,83,66.3,6.21,0.61,1.2,0.075,6.37,-0.43,-0.005,0.99
55.0,5.0,1.0,1.5,3.0,0.4,7200,0.2,59,83.1,4.44,0.22,1.09,0.075,10.86,-0.28,-0.005,0.99
55.0,5.0,1.0,1.5,3.0,0.4,7200,0.4,59,83.1,4.44,0.22,1.09,0.075,10.86,-0.28,-0.005,0.99
55.0,5.0,1.0,1.5,3.0,0.4,14400,0.2,59,83.1,4.4,0.22,1.09,0.075,10.86,-0.32,-0.005,0.99
55.0,5.0,1.0,1.5,3.0,0.4,14400,0.4,59,83.1,4.4,0.22,1.09,0.075,10.86,-0.32,-0.005,0.99
55.0,5.0,1.0,1.5,3.0,0.4,14400,0.8,59,83.1,4.4,0.22,1.09,0.075,10.86,-0.32,-0.005,0.99
55.0,5.0,1.0,1.5,4.5,0.4,14400,0.2,59,83.1,4.44,0.22,1.09,0.075,10.86,-0.28,-0.005,0.99
55.0,5.0,1.0,1.5,4.5,0.4,14400,0.4,59,83.1,4.44,0.22,1.09,0.075,10.86,-0.28,-0.005,0.99
55.0,5.0,1.0,1.5,4.5,0.4,14400,0.8,59,83.1,4.44,0.22,1.09,0.075,10.86,-0.28,-0.005,0.99
40.0,2.0,0.7,1.5,3.0,0.8,2400,0.2,342,72.5,25.31,0.43,1.14,0.074,21.1,-2.05,-0.006,0.99
40.0,2.0,0.7,2.5,3.0,0.6,1200,0.2,349,73.9,25.65,0.4,1.15,0.073,20.54,-2.27,-0.006,0.99
40.0,2.0,0.7,2.5,3.0,0.8,2400,0.4,346,71.7,25.57,0.45,1.15,0.074,19.36,-2.11,-0.006,0.99
40.0,2.0,1.0,2.5,4.5,0.8,3600,0.8,348,64.4,25.58,0.63,1.13,0.074,17.94,-2.26,-0.006,0.99
40.0,3.0,0.7,2.5,4.5,0.8,1200,0.2,306,81.0,22.52,0.27,1.13,0.074,16.87,-1.96,-0.006,0.99
40.0,3.0,1.0,2.5,3.0,0.8,2400,0.8,320,70.0,23.74,0.48,1.13,0.074,24.63,-1.87,-0.006,0.99
40.0,3.0,1.0,2.5,4.5,0.8,3600,0.8,295,71.2,21.83,0.45,1.11,0.074,27.81,-1.77,-0.006,0.99
40.0,4.0,0.7,2.5,3.0,0.4,1200,0.4,281,79.7,20.83,0.29,1.14,0.074,16.56,-1.65,-0.006,0.99
40.0,4.0,0.7,2.5,3.0,0.6,1200,0.2,267,85.0,19.89,0.2,1.13,0.074,20.39,-1.47,-0.006,0.99
40.0,4.0,1.0,2.5,4.5,0.6,1200,0.4,258,76.7,19.09,0.34,1.11,0.074,24.32,-1.55,-0.006,0.99
40.0,5.0,1.0,2.5,3.0,0.8,1200,0.8,331,68.9,24.6,0.53,1.17,0.074,19.95,-1.88,-0.006,0.99
45.0,3.0,1.0,1.5,3.0,0.4,14400,0.8,204,74.5,15.04,0.38,1.1,0.074,22.34,-1.28,-0.006,0.99
50.0,2.0,0.7,1.5,3.0,0.8,3600,0.8,130,64.6,9.66,0.64,1.17,0.074,10.68,-0.74,-0.006,0.99
50.0,2.0,1.0,2.5,3.0,0.8,2400,0.2,113,66.4,8.33,0.56,1.11,0.074,15.66,-0.71,-0.006,0.99
50.0,3.0,0.7,1.5,4.5,0.4,3600,0.8,124,69.4,9.2,0.51,1.15,0.074,12.56,-0.72,-0.006,0.99
50.0,3.0,0.7,2.5,3.0,0.4,2400,0.8,125,69.6,9.23,0.5,1.16,0.074,12.7,-0.77,-0.006,0.99
50.0,3.0,0.7,2.5,3.0,0.4,3600,0.2,112,78.6,8.27,0.31,1.12,0.074,15.82,-0.69,-0.006,0.99
50.0,3.0,0.7,2.5,4.5,0.4,1200,0.4,120,73.3,8.85,0.42,1.15,0.074,12.62,-0.76,-0.006,0.99
50.0,3.0,0.7,2.5,4.5,0.6,3600,0.4,111,79.3,8.23,0.29,1.12,0.074,12.95,-0.65,-0.006,0.99
50.0,3.0,1.0,1.5,4.5,0.8,14400,0.2,106,73.6,7.81,0.39,1.09,0.074,16.28,-0.67,-0.006,0.99
50.0,3.0,1.0,1.5,4.5,0.8,14400,0.4,106,73.6,7.81,0.39,1.09,0.074,16.28,-0.67,-0.006,0.99
50.0,3.0,1.0,2.5,4.5,0.4,1200,0.4,116,69.0,8.59,0.5,1.12,0.074,12.04,-0.69,-0.006,0.99
50.0,4.0,1.0,2.5,3.0,0.6,2400,0.8,108,71.3,8.04,0.45,1.12,0.074,17.71,-0.6,-0.006,0.99
50.0,5.0,0.7,2.5,4.5,0.8,2400,0.8,111,74.8,8.16,0.39,1.14,0.074,16.13,-0.72,-0.006,0.99
50.0,5.0,1.0,2.5,3.0,0.8,1200,0.4,98,77.6,7.28,0.32,1.1,0.074,17.34,-0.56,-0.006,0.99
55.0,2.0,0.7,1.5,4.5,0.6,3600,0.8,82,65.9,6.11,0.6,1.16,0.075,6.0,-0.45,-0.006,0.99
55.0,2.0,0.7,2.5,3.0,0.8,3600,0.8,82,65.9,6.06,0.6,1.16,0.074,6.0,-0.5,-0.006,0.99
55.0,2.0,0.7,2.5,4.5,0.8,3600,0.8,82,65.9,6.05,0.6,1.16,0.074,6.0,-0.51,-0.006,0.99
55.0,2.0,1.5,2.5,3.0,0.6,7200,0.8,72,66.7,5.35,0.56,1.12,0.074,11.48,-0.41,-0.006,0.99
55.0,3.0,1.5,2.5,4.5,0.4,7200,0.8,66,74.2,4.88,0.38,1.1,0.074,13.86,-0.4,-0.006,0.99
55.0,4.0,0.7,2.5,3.0,0.6,3600,0.8,72,76.4,5.36,0.35,1.13,0.074,8.01,-0.4,-0.006,0.99
55.0,4.0,0.7,2.5,4.5,0.6,3600,0.8,72,76.4,5.3,0.35,1.13,0.074,8.01,-0.46,-0.006,0.99
40.0,2.0,0.7,1.5,4.5,0.4,2400,0.8,383,67.1,28.06,0.57,1.17,0.073,14.17,-2.58,-0.007,0.99
40.0,2.0,0.7,2.5,3.0,0.4,1200,0.4,364,70.6,26.43,0.48,1.16,0.073,12.83,-2.69,-0.007,0.98
40.0,2.0,1.0,1.5,3.0,0.6,3600,0.8,348,64.4,25.3,0.63,1.13,0.073,18.84,-2.54,-0.007,0.99
40.0,3.0,0.7,2.5,3.0,0.4,1200,0.4,323,76.5,23.58,0.35,1.14,0.073,14.73,-2.26,-0.007,0.99
40.0,3.0,1.0,1.5,4.5,0.8,2400,0.8,320,70.3,23.45,0.48,1.13,0.073,22.65,-2.15,-0.007,0.99
40.0,4.0,0.7,1.5,4.5,0.6,1200,0.2,267,85.0,19.58,0.2,1.13,0.073,20.2,-1.78,-0.007,0.99
40.0,4.0,0.7,2.5,4.5,0.4,2400,0.8,303,75.9,21.99,0.36,1.14,0.073,18.3,-2.25,-0.007,0.99
40.0,4.0,1.0,1.5,3.0,0.8,3600,0.8,267,75.3,19.36,0.36,1.11,0.073,29.16,-2.0,-0.007,0.99
40.0,4.0,1.0,2.5,3.0,0.6,1200,0.4,258,76.7,18.86,0.34,1.11,0.073,24.28,-1.78,-0.007,0.99
45.0,3.0,1.0,2.5,4.5,0.6,14400,0.2,203,73.9,14.83,0.39,1.09,0.073,22.04,-1.41,-0.007,0.99
45.0,3.0,1.0,2.5,4.5,0.6,14400,0.4,203,73.9,14.83,0.39,1.09,0.073,22.04,-1.41,-0.007,0.99
50.0,2.0,0.7,2.5,4.5,0.6,2400,0.8,131,63.4,9.52,0.68,1.17,0.073,10.52,-0.96,-0.007,0.98
50.0,2.0,1.0,1.5,3.0,0.4,3600,0.2,114,66.7,8.28,0.55,1.11,0.073,15.85,-0.84,-0.007,0.99
50.0,3.0,1.0,2.5,3.0,0.6,,0.4,106,73.6,7.7,0.39,1.09,0.073,15.82,-0.78,-0.007,0.99
55.0,2.0,0.7,1.5,3.0,0.8,3600,0.8,82,65.9,6.01,0.6,1.16,0.073,6.0,-0.55,-0.007,0.99
55.0,2.0,0.7,1.5,4.5,0.8,3600,0.8,82,65.9,6.01,0.6,1.16,0.073,6.0,-0.55,-0.007,0.99
55.0,2.0,0.7,2.5,3.0,0.6,3600,0.8,82,65.9,6.01,0.6,1.16,0.073,6.0,-0.55,-0.007,0.99
55.0,2.0,0.7,2.5,4.5,0.4,7200,0.2,74,70.3,5.4,0.48,1.13,0.073,10.21,-0.52,-0.007,0.99
55.0,2.0,0.7,2.5,4.5,0.4,7200,0.4,74,70.3,5.4,0.48,1.13,0.073,10.21,-0.52,-0.007,0.99
55.0,2.0,0.7,2.5,4.5,0.6,3600,0.8,82,65.9,5.95,0.6,1.16,0.073,6.0,-0.61,-0.007,0.98
55.0,2.0,1.5,2.5,4.5,0.6,7200,0.8,72,66.7,5.29,0.56,1.11,0.073,11.48,-0.47,-0.007,0.99
55.0,3.0,1.5,2.5,3.0,0.4,7200,0.8,66,74.2,4.84,0.38,1.1,0.073,13.86,-0.44,-0.007,0.99
55.0,4.0,1.5,2.5,3.0,0.8,3600,0.8,68,75.0,4.95,0.37,1.1,0.073,12.0,-0.49,-0.007,0.99
55.0,5.0,0.7,1.5,3.0,0.4,7200,0.8,65,83.1,4.73,0.22,1.1,0.073,10.0,-0.47,-0.007,0.99
55.0,5.0,0.7,1.5,4.5,0.4,7200,0.8,65,83.1,4.77,0.23,1.1,0.073,10.0,-0.43,-0.007,0.99
55.0,5.0,1.0,2.5,3.0,0.8,14400,0.2,59,83.1,4.33,0.22,1.09,0.073,11.01,-0.39,-0.007,0.99
55.0,5.0,1.0,2.5,3.0,0.8,14400,0.4,59,83.1,4.33,0.22,1.09,0.073,11.01,-0.39,-0.007,0.99
55.0,5.0,1.0,2.5,3.0,0.8,14400,0.8,59,83.1,4.33,0.22,1.09,0.073,11.01,-0.39,-0.007,0.99
40.0,2.0,0.7,1.5,4.5,0.6,1200,0.2,349,73.9,25.13,0.4,1.14,0.072,20.72,-2.79,-0.008,0.98
40.0,2.0,0.7,1.5,4.5,0.6,2400,0.8,382,67.0,27.36,0.57,1.17,0.072,14.28,-3.2,-0.008,0.98
40.0,2.0,0.7,2.5,4.5,0.8,2400,0.8,382,67.0,27.62,0.58,1.17,0.072,14.87,-2.94,-0.008,0.98
40.0,3.0,0.7,1.5,4.5,0.8,1200,0.2,306,81.0,21.99,0.26,1.13,0.072,16.89,-2.49,-0.008,0.99
40.0,3.0,0.7,2.5,3.0,0.8,1200,0.2,306,81.0,21.97,0.26,1.13,0.072,16.87,-2.51,-0.008,0.99
40.0,4.0,0.7,1.5,3.0,0.6,1200,0.2,267,85.0,19.35,0.2,1.12,0.072,20.2,-2.01,-0.008,0.99
40.0,4.0,1.0,1.5,4.5,0.6,2400,0.8,287,72.8,20.68,0.42,1.12,0.072,25.93,-2.28,-0.008,0.99
40.0,5.0,0.7,2.5,4.5,0.8,1200,0.4,261,82.4,18.71,0.24,1.13,0.072,22.16,-2.17,-0.008,0.98
45.0,3.0,1.0,1.5,4.5,0.8,14400,0.2,203,74.4,14.53,0.38,1.09,0.072,21.64,-1.71,-0.008,0.99
45.0,3.0,1.0,1.5,4.5,0.8,14400,0.4,203,74.4,14.53,0.38,1.09,0.072,21.64,-1.71,-0.008,0.99
45.0,3.0,1.0,1.5,4.5,0.8,,0.4,203,74.4,14.64,0.38,1.09,0.072,21.38,-1.6,-0.008,0.99
45.0,3.0,1.0,2.5,3.0,0.4,7200,0.8,209,73.2,15.09,0.4,1.1,0.072,25.24,-1.63,-0.008,0.99
45.0,3.0,1.0,2.5,4.5,0.4,3600,0.2,204,74.5,14.64,0.37,1.09,0.072,22.07,-1.68,-0.008,0.99
45.0,3.0,1.0,2.5,4.5,0.8,1200,0.8,269,66.2,19.34,0.6,1.17,0.072,16.95,-2.18,-0.008,0.98
45.0,4.0,1.0,1.5,3.0,0.8,3600,0.8,195,75.9,14.03,0.35,1.11,0.072,22.4,-1.57,-0.008,0.99
45.0,4.0,1.0,2.5,4.5,0.6,2400,0.8,206,73.3,14.82,0.41,1.12,0.072,24.18,-1.66,-0.008,0.99
50.0,2.0,0.7,1.5,3.0,0.6,3600,0.4,120,72.5,8.67,0.43,1.14,0.072,12.22,-0.93,-0.008,0.99
50.0,2.0,1.0,1.5,3.0,0.6,3600,0.4,113,67.3,8.15,0.54,1.11,0.072,14.25,-0.89,-0.008,0.99
50.0,2.0,1.0,1.5,4.5,0.4,1200,0.4,122,63.1,8.74,0.66,1.13,0.072,11.19,-1.02,-0.008,0.99
50.0,2.0,1.0,2.5,4.5,0.4,3600,0.8,125,60.8,9.04,0.73,1.13,0.072,13.05,-0.96,-0.008,0.99
50.0,2.0,1.0,2.5,4.5,0.6,1200,0.4,122,63.1,8.82,0.66,1.13,0.072,11.77,-0.94,-0.008,0.99
50.0,2.0,1.0,2.5,4.5,0.8,1200,0.4,122,63.1,8.82,0.66,1.13,0.072,10.97,-0.94,-0.008,0.99
50.0,2.0,1.0,2.5,4.5,0.8,3600,0.2,113,66.4,8.15,0.56,1.11,0.072,15.85,-0.89,-0.008,0.99
50.0,3.0,0.7,1.5,3.0,0.4,3600,0.8,124,69.4,8.88,0.5,1.14,0.072,12.56,-1.04,-0.008,0.98
50.0,5.0,0.7,1.5,4.5,0.4,3600,0.8,110,75.5,7.9,0.37,1.13,0.072,15.9,-0.9,-0.008,0.99
50.0,5.0,1.0,1.5,3.0,0.8,2400,0.8,103,73.8,7.39,0.39,1.11,0.072,19.11,-0.85,-0.008,0.99
55.0,2.0,0.7,1.5,3.0,0.4,3600,0.8,82,65.9,5.88,0.6,1.16,0.072,6.0,-0.68,-0.008,0.98
55.0,2.0,0.7,1.5,3.0,0.6,14400,0.2,72,69.4,5.21,0.49,1.12,0.072,9.93,-0.55,-0.008,0.99
55.0,2.0,0.7,1.5,3.0,0.6,14400,0.4,72,69.4,5.21,0.49,1.12,0.072,9.93,-0.55,-0.008,0.99
55.0,2.0,0.7,1.5,4.5,0.4,3600,0.8,82,65.9,5.93,0.6,1.16,0.072,6.0,-0.63,-0.008,0.98
55.0,2.0,0.7,1.5,4.5,0.8,7200,0.2,74,70.3,5.35,0.48,1.12,0.072,9.88,-0.57,-0.008,0.99
55.0,2.0,0.7,1.5,4.5,0.8,7200,0.4,74,70.3,5.35,0.48,1.12,0.072,9.88,-0.57,-0.008,0.99
55.0,2.0,0.7,2.5,3.0,0.4,7200,0.2,74,70.3,5.36,0.48,1.12,0.072,10.21,-0.56,-0.008,0.99
55.0,2.0,0.7,2.5,3.0,0.4,7200,0.4,74,70.3,5.36,0.48,1.12,0.072,10.21,-0.56,-0.008,0.99
55.0,3.0,0.7,1.5,4.5,0.6,1200,0.8,83,63.9,5.98,0.68,1.2,0.072,5.6,-0.66,-0.008,0.98
55.0,4.0,0.7,1.5,3.0,0.8,3600,0.8,72,76.4,5.15,0.35,1.13,0.072,8.06,-0.61,-0.008,0.99
55.0,4.0,1.5,2.5,4.5,0.8,3600,0.8,68,75.0,4.89,0.37,1.1,0.072,12.0,-0.55,-0.008,0.99
40.0,2.0,1.5,2.5,4.5,0.6,1200,0.8,418,60.0,29.84,0.78,1.18,0.071,13.38,-3.6,-0.009,0.98
40.0,3.0,1.0,1.5,4.5,0.6,3600,0.8,295,71.5,20.91,0.44,1.11,0.071,25.09,-2.69,-0.009,0.99
40.0,4.0,1.0,2.5,4.5,0.8,2400,0.8,287,72.8,20.3,0.42,1.12,0.071,25.61,-2.66,-0.009,0.99
40.0,5.0,0.7,2.5,3.0,0.8,1200,0.4,261,82.4,18.5,0.24,1.13,0.071,22.16,-2.38,-0.009,0.98
45.0,3.0,1.0,2.5,3.0,0.6,14400,0.2,203,73.9,14.34,0.39,1.09,0.071,22.01,-1.9,-0.009,0.99
45.0,3.0,1.0,2.5,3.0,0.6,14400,0.4,203,73.9,14.34,0.39,1.09,0.071,22.01,-1.9,-0.009,0.99
50.0,2.0,0.7,2.5,4.5,0.6,2400,0.4,124,71.0,8.82,0.47,1.14,0.071,10.42,-1.1,-0.009,0.98
50.0,2.0,1.0,1.5,3.0,0.6,2400,0.4,115,66.1,8.2,0.57,1.11,0.071,11.84,-1.0,-0.009,0.99
50.0,2.0,1.0,1.5,3.0,0.6,7200,0.2,113,66.4,8.05,0.56,1.11,0.071,16.41,-0.99,-0.009,0.99
50.0,2.0,1.0,1.5,3.0,0.6,7200,0.4,113,66.4,8.05,0.56,1.11,0.071,16.41,-0.99,-0.009,0.99
50.0,2.0,1.0,1.5,3.0,0.8,7200,0.2,113,66.4,7.99,0.56,1.11,0.071,15.66,-1.05,-0.009,0.99
50.0,2.0,1.0,1.5,3.0,0.8,7200,0.4,113,66.4,7.99,0.56,1.11,0.071,15.66,-1.05,-0.009,0.99
50.0,2.0,1.0,2.5,4.5,0.4,1200,0.2,116,65.5,8.29,0.58,1.11,0.071,15.6,-0.99,-0.009,0.99
50.0,3.0,0.7,2.5,4.5,0.8,3600,0.8,123,69.1,8.72,0.51,1.14,0.071,12.8,-1.12,-0.009,0.98
50.0,3.0,1.0,2.5,3.0,0.4,1200,0.4,116,69.0,8.2,0.5,1.11,0.071,12.04,-1.08,-0.009,0.99
50.0,4.0,1.0,1.5,4.5,0.6,2400,0.8,108,71.3,7.72,0.45,1.11,0.071,17.57,-0.92,-0.009,0.99
50.0,5.0,0.7,1.5,3.0,0.6,2400,0.4,100,87.0,7.15,0.17,1.11,0.072,15.36,-0.85,-0.009,0.99
50.0,5.0,0.7,1.5,4.5,0.6,2400,0.8,111,74.8,7.83,0.38,1.14,0.071,16.24,-1.05,-0.009,0.98
50.0,5.0,0.7,2.5,3.0,0.6,2400,0.8,111,74.8,7.83,0.38,1.14,0.071,16.38,-1.05,-0.009,0.98
55.0,2.0,0.7,1.5,4.5,0.6,14400,0.2,72,69.4,5.13,0.49,1.12,0.071,9.93,-0.64,-0.009,0.99
55.0,2.0,0.7,1.5,4.5,0.6,14400,0.4,72,69.4,5.13,0.49,1.12,0.071,9.93,-0.64,-0.009,0.99
55.0,3.0,0.7,1.5,3.0,0.6,1200,0.8,83,63.9,5.91,0.68,1.2,0.071,5.6,-0.73,-0.009,0.98
55.0,4.0,0.7,1.5,4.5,0.8,3600,0.8,72,76.4,5.09,0.35,1.13,0.071,8.06,-0.68,-0.009,0.98
55.0,4.0,0.7,2.5,3.0,0.8,3600,0.8,72,76.4,5.08,0.35,1.13,0.071,8.25,-0.68,-0.009,0.98
55.0,5.0,1.0,1.5,4.5,0.8,14400,0.2,59,83.1,4.18,0.22,1.08,0.071,11.1,-0.54,-0.009,0.99
55.0,5.0,1.0,1.5,4.5,0.8,14400,0.4,59,83.1,4.18,0.22,1.08,0.071,11.1,-0.54,-0.009,0.99
55.0,5.0,1.0,1.5,4.5,0.8,14400,0.8,59,83.1,4.18,0.22,1.08,0.071,11.1,-0.54,-0.009,0.99
40.0,2.0,0.7,1.5,3.0,0.4,2400,0.8,383,67.1,26.66,0.57,1.16,0.07,14.41,-3.98,-0.01,0.98
40.0,2.0,0.7,1.5,3.0,0.6,1200,0.2,349,73.9,24.27,0.4,1.14,0.07,21.1,-3.65,-0.01,0.98
40.0,3.0,0.7,1.5,3.0,0.8,1200,0.2,306,81.0,21.44,0.26,1.13,0.07,16.89,-3.04,-0.01,0.98
40.0,3.0,1.0,1.5,3.0,0.8,2400,0.8,320,70.3,22.42,0.47,1.12,0.07,22.65,-3.18,-0.01,0.98
40.0,4.0,0.7,2.5,3.0,0.4,2400,0.8,303,75.9,21.28,0.36,1.14,0.07,18.3,-2.97,-0.01,0.98
40.0,4.0,1.0,1.5,3.0,0.6,2400,0.8,287,72.8,20.19,0.42,1.12,0.07,25.87,-2.77,-0.01,0.98
40.0,4.0,1.0,1.5,4.5,0.6,1200,0.4,258,76.7,18.05,0.33,1.1,0.07,24.59,-2.59,-0.01,0.99
45.0,3.0,1.0,1.5,3.0,0.6,,0.4,204,74.5,14.27,0.37,1.09,0.07,20.06,-2.05,-0.01,0.99
45.0,3.0,1.0,1.5,4.5,0.8,1200,0.8,269,66.2,18.93,0.6,1.16,0.07,16.89,-2.59,-0.01,0.98
45.0,3.0,1.0,2.5,3.0,0.4,3600,0.2,204,74.5,14.37,0.37,1.09,0.07,21.99,-1.95,-0.01,0.99
45.0,3.0,1.0,2.5,3.0,0.8,1200,0.8,269,66.2,18.73,0.59,1.16,0.07,16.95,-2.79,-0.01,0.98
45.0,3.0,1.0,2.5,4.5,0.8,7200,0.2,203,73.9,14.16,0.39,1.09,0.07,22.01,-2.08,-0.01,0.99
45.0,3.0,1.0,2.5,4.5,0.8,7200,0.4,203,73.9,14.16,0.39,1.09,0.07,22.01,-2.08,-0.01,0.99
50.0,2.0,0.7,2.5,4.5,0.4,1200,0.8,142,58.5,9.89,0.86,1.21,0.07,8.44,-1.47,-0.01,0.97
50.0,2.0,0.7,2.5,4.5,0.8,2400,0.8,131,63.4,9.21,0.67,1.17,0.07,10.39,-1.27,-0.01,0.98
50.0,2.0,0.7,2.5,4.5,0.8,3600,0.2,120,71.7,8.34,0.45,1.13,0.069,13.9,-1.26,-0.01,0.98
50.0,2.0,1.0,2.5,3.0,0.4,3600,0.8,125,60.8,8.72,0.73,1.13,0.07,13.05,-1.28,-0.01,0.98
50.0,3.0,0.7,1.5,4.5,0.6,3600,0.4,111,79.3,7.76,0.29,1.12,0.07,13.1,-1.12,-0.01,0.98
50.0,3.0,0.7,2.5,3.0,0.4,1200,0.4,120,73.3,8.45,0.41,1.14,0.07,13.0,-1.15,-0.01,0.98
50.0,3.0,0.7,2.5,4.5,0.4,2400,0.4,115,78.3,8.02,0.31,1.12,0.07,12.62,-1.18,-0.01,0.98
50.0,3.0,1.0,2.5,4.5,0.8,7200,0.2,106,73.6,7.38,0.39,1.09,0.07,17.1,-1.1,-0.01,0.99
50.0,3.0,1.0,2.5,4.5,0.8,7200,0.4,106,73.6,7.38,0.39,1.09,0.07,17.1,-1.1,-0.01,0.99
55.0,2.0,0.7,1.5,3.0,0.6,14400,0.8,72,69.4,5.03,0.49,1.12,0.07,10.11,-0.73,-0.01,0.98
55.0,2.0,0.7,2.5,4.5,0.4,14400,0.2,72,69.4,5.01,0.49,1.12,0.07,9.63,-0.75,-0.01,0.98
55.0,2.0,0.7,2.5,4.5,0.4,14400,0.4,72,69.4,5.01,0.49,1.12,0.07,9.63,-0.75,-0.01,0.98
55.0,2.0,1.0,2.5,3.0,0.8,3600,0.8,78,62.8,5.45,0.67,1.13,0.07,8.28,-0.79,-0.01,0.98
55.0,2.0,1.0,2.5,4.5,0.8,3600,0.8,78,62.8,5.45,0.67,1.13,0.07,8.28,-0.79,-0.01,0.98
55.0,2.0,1.5,2.5,3.0,0.4,7200,0.8,72,66.7,5.02,0.55,1.11,0.07,11.68,-0.74,-0.01,0.98
55.0,2.0,1.5,2.5,4.5,0.4,1200,0.2,71,64.8,4.95,0.6,1.11,0.07,12.05,-0.73,-0.01,0.98
55.0,2.0,1.5,2.5,4.5,0.4,7200,0.8,72,66.7,5.06,0.55,1.11,0.07,11.68,-0.7,-0.01,0.99
55.0,3.0,0.7,2.5,4.5,0.8,1200,0.8,83,63.9,5.82,0.67,1.19,0.07,5.6,-0.82,-0.01,0.97
55.0,3.0,1.5,2.5,3.0,0.8,3600,0.8,72,69.4,5.06,0.49,1.11,0.07,11.26,-0.7,-0.01,0.99
55.0,4.0,0.7,2.5,4.5,0.8,3600,0.8,72,76.4,5.02,0.35,1.13,0.07,8.25,-0.74,-0.01,0.98
55.0,5.0,1.0,1.5,3.0,0.4,,0.4,59,83.1,4.13,0.22,1.08,0.07,11.24,-0.59,-0.01,0.99
55.0,5.0,1.0,2.5,4.5,0.4,1200,0.4,66,75.8,4.6,0.35,1.1,0.07,10.0,-0.68,-0.01,0.99
55.0,5.0,1.5,2.5,3.0,0.8,3600,0.8,66,77.3,4.63,0.32,1.09,0.07,12.15,-0.65,-0.01,0.99
55.0,5.0,1.5,2.5,4.5,0.8,1200,0.4,65,75.4,4.57,0.36,1.1,0.07,10.0,-0.63,-0.01,0.99
40.0,2.0,0.7,1.5,3.0,0.8,2400,0.4,346,71.7,24.01,0.45,1.14,0.069,19.97,-3.67,-0.011,0.98
40.0,2.0,0.7,1.5,4.5,0.4,1200,0.4,364,70.6,24.97,0.48,1.15,0.069,13.23,-4.15,-0.011,0.98
40.0,2.0,1.5,2.5,3.0,0.6,1200,0.8,418,60.0,28.99,0.78,1.17,0.069,13.39,-4.45,-0.011,0.98
40.0,3.0,1.0,2.5,3.0,0.8,3600,0.8,295,71.2,20.23,0.45,1.1,0.069,27.65,-3.37,-0.011,0.98
40.0,4.0,0.7,1.5,4.5,0.4,1200,0.4,281,79.7,19.49,0.29,1.13,0.069,16.44,-2.99,-0.011,0.98
40.0,4.0,1.0,1.5,3.0,0.6,1200,0.4,258,76.7,17.83,0.33,1.1,0.069,24.55,-2.81,-0.011,0.98
45.0,3.0,1.0,2.5,4.5,0.6,14400,0.8,203,73.9,14.08,0.38,1.09,0.069,22.8,-2.16,-0.011,0.99
45.0,4.0,1.0,2.5,3.0,0.6,2400,0.8,206,73.3,14.27,0.41,1.11,0.069,24.12,-2.2,-0.011,0.98
50.0,2.0,0.7,1.5,3.0,0.8,3600,0.4,120,72.5,8.28,0.43,1.13,0.069,11.88,-1.32,-0.011,0.98
50.0,2.0,0.7,1.5,4.5,0.4,3600,0.2,121,71.9,8.39,0.44,1.13,0.069,14.07,-1.29,-0.011,0.98
50.0,2.0,0.7,2.5,4.5,0.8,2400,0.4,124,71.0,8.5,0.46,1.14,0.069,10.66,-1.42,-0.011,0.98
50.0,2.0,1.0,1.5,3.0,0.8,3600,0.4,113,67.3,7.79,0.54,1.11,0.069,13.67,-1.25,-0.011,0.98
50.0,2.0,1.0,1.5,4.5,0.6,2400,0.2,113,66.4,7.85,0.56,1.1,0.069,16.13,-1.19,-0.011,0.98
50.0,2.0,1.0,2.5,4.5,0.6,3600,0.2,113,66.4,7.81,0.56,1.1,0.069,16.64,-1.23,-0.011,0.98
50.0,3.0,0.7,1.5,4.5,0.8,3600,0.4,111,79.3,7.68,0.29,1.12,0.069,13.26,-1.2,-0.011,0.98
50.0,3.0,1.0,2.5,4.5,0.4,7200,0.8,109,72.5,7.57,0.41,1.09,0.069,18.18,-1.15,-0.011,0.99
50.0,5.0,0.7,1.5,3.0,0.4,3600,0.8,110,75.5,7.58,0.36,1.12,0.069,16.27,-1.22,-0.011,0.98
50.0,5.0,1.0,1.5,3.0,0.6,1200,0.4,98,77.6,6.8,0.32,1.1,0.069,17.33,-1.04,-0.011,0.99
50.0,5.0,1.0,1.5,3.0,0.8,1200,0.4,98,77.6,6.79,0.32,1.1,0.069,17.5,-1.05,-0.011,0.99
55.0,2.0,0.7,1.5,4.5,0.6,14400,0.8,72,69.4,4.94,0.49,1.12,0.069,10.11,-0.82,-0.011,0.98
55.0,2.0,0.7,2.5,3.0,0.4,14400,0.2,72,69.4,4.97,0.49,1.12,0.069,9.63,-0.79,-0.011,0.98
55.0,2.0,0.7,2.5,3.0,0.4,14400,0.4,72,69.4,4.97,0.49,1.12,0.069,9.63,-0.79,-0.011,0.98
55.0,2.0,1.0,1.5,3.0,0.6,3600,0.8,78,62.8,5.39,0.67,1.13,0.069,8.28,-0.85,-0.011,0.98
55.0,2.0,1.0,1.5,4.5,0.8,7200,0.2,69,66.7,4.74,0.55,1.1,0.069,10.1,-0.78,-0.011,0.98
55.0,2.0,1.0,1.5,4.5,0.8,7200,0.4,69,66.7,4.74,0.55,1.1,0.069,10.1,-0.78,-0.011,0.98
55.0,2.0,1.0,2.5,3.0,0.6,3600,0.8,78,62.8,5.39,0.67,1.13,0.069,8.28,-0.85,-0.011,0.98
55.0,3.0,1.5,2.5,4.5,0.8,3600,0.8,72,69.4,4.99,0.49,1.11,0.069,11.26,-0.77,-0.011,0.98
55.0,5.0,1.0,1.5,4.5,0.4,,0.4,59,83.1,4.1,0.22,1.08,0.069,11.24,-0.62,-0.011,0.99
55.0,5.0,1.5,2.5,4.5,0.8,3600,0.8,66,77.3,4.57,0.32,1.09,0.069,12.15,-0.71,-0.011,0.99
40.0,3.0,0.7,1.5,4.5,0.4,2400,0.8,338,72.8,23.03,0.43,1.14,0.068,17.01,-4.01,-0.012,0.98
40.0,4.0,0.7,1.5,3.0,0.4,1200,0.4,281,79.7,19.19,0.29,1.13,0.068,16.44,-3.29,-0.012,0.98
40.0,4.0,1.0,2.5,3.0,0.8,2400,0.8,287,72.8,19.51,0.42,1.11,0.068,25.64,-3.45,-0.012,0.98
45.0,3.0,1.0,1.5,3.0,0.8,1200,0.8,269,66.2,18.32,0.59,1.16,0.068,16.89,-3.2,-0.012,0.97
45.0,3.0,1.0,1.5,3.0,0.8,,0.4,204,74.5,13.82,0.37,1.09,0.068,20.31,-2.5,-0.012,0.98
45.0,3.0,1.0,1.5,4.5,0.4,3600,0.4,205,75.1,13.99,0.36,1.09,0.068,19.36,-2.41,-0.012,0.98
45.0,3.0,1.0,1.5,4.5,0.8,14400,0.8,203,74.4,13.78,0.37,1.09,0.068,22.4,-2.46,-0.012,0.98
45.0,3.0,1.0,2.5,4.5,0.4,1200,0.2,206,74.3,14.09,0.38,1.09,0.068,20.7,-2.39,-0.012,0.98
50.0,2.0,0.7,2.5,4.5,0.4,1200,0.4,128,67.2,8.69,0.56,1.15,0.068,10.07,-1.55,-0.012,0.98
50.0,2.0,1.0,1.5,3.0,0.4,1200,0.4,122,63.1,8.34,0.66,1.12,0.068,11.19,-1.42,-0.012,0.98
50.0,2.0,1.0,1.5,3.0,0.8,2400,0.4,115,66.1,7.78,0.57,1.11,0.068,11.26,-1.42,-0.012,0.98
50.0,2.0,1.0,2.5,3.0,0.4,1200,0.2,116,65.5,7.9,0.58,1.1,0.068,15.6,-1.38,-0.012,0.98
50.0,2.0,1.0,2.5,3.0,0.6,1200,0.4,122,63.1,8.29,0.66,1.12,0.068,11.77,-1.47,-0.012,0.98
50.0,3.0,0.7,2.5,3.0,0.6,3600,0.4,111,79.3,7.6,0.29,1.12,0.068,13.24,-1.28,-0.012,0.98
50.0,3.0,1.0,1.5,4.5,0.4,3600,0.4,107,74.8,7.29,0.37,1.09,0.068,13.81,-1.27,-0.012,0.98
50.0,4.0,1.0,2.5,3.0,0.8,2400,0.8,108,71.3,7.39,0.45,1.11,0.068,17.95,-1.25,-0.012,0.98
50.0,5.0,0.7,1.5,3.0,0.8,2400,0.4,100,87.0,6.76,0.17,1.11,0.068,15.41,-1.24,-0.012,0.98
55.0,2.0,0.7,1.5,3.0,0.8,7200,0.2,74,70.3,5.04,0.47,1.12,0.068,9.88,-0.88,-0.012,0.98
55.0,2.0,0.7,1.5,3.0,0.8,7200,0.4,74,70.3,5.04,0.47,1.12,0.068,9.88,-0.88,-0.012,0.98
55.0,2.0,0.7,2.5,3.0,0.6,14400,0.2,72,69.4,4.93,0.49,1.12,0.068,10.12,-0.83,-0.012,0.98
55.0,2.0,0.7,2.5,3.0,0.6,14400,0.4,72,69.4,4.93,0.49,1.12,0.068,10.12,-0.83,-0.012,0.98
55.0,2.0,1.0,1.5,4.5,0.6,3600,0.8,78,62.8,5.33,0.67,1.12,0.068,8.28,-0.91,-0.012,0.98
55.0,2.0,1.0,2.5,4.5,0.6,3600,0.8,78,62.8,5.33,0.67,1.12,0.068,8.28,-0.91,-0.012,0.98
55.0,2.0,1.5,2.5,3.0,0.4,1200,0.2,71,64.8,4.84,0.6,1.11,0.068,12.05,-0.84,-0.012,0.98
55.0,3.0,0.7,1.5,4.5,0.4,14400,0.2,65,76.9,4.4,0.33,1.1,0.068,11.89,-0.8,-0.012,0.98
55.0,3.0,0.7,1.5,4.5,0.4,14400,0.4,65,76.9,4.4,0.33,1.1,0.068,11.89,-0.8,-0.012,0.98
55.0,3.0,0.7,1.5,4.5,0.4,14400,0.8,65,76.9,4.4,0.33,1.1,0.068,11.89,-0.8,-0.012,0.98
55.0,5.0,0.7,2.5,4.5,0.4,2400,0.8,72,79.2,4.92,0.29,1.12,0.068,7.94,-0.85,-0.012,0.98
55.0,5.0,1.0,2.5,3.0,0.4,1200,0.4,66,75.8,4.49,0.35,1.1,0.068,10.0,-0.79,-0.012,0.98
40.0,2.0,0.7,1.5,3.0,0.6,2400,0.8,382,67.0,25.74,0.57,1.16,0.067,14.84,-4.83,-0.013,0.97
40.0,2.0,0.7,1.5,4.5,0.8,2400,0.8,382,67.0,25.74,0.57,1.16,0.067,15.19,-4.82,-0.013,0.97
40.0,2.0,0.7,2.5,3.0,0.8,2400,0.8,382,67.0,25.69,0.57,1.16,0.067,15.34,-4.87,-0.013,0.97
40.0,2.0,0.7,2.5,4.5,0.6,1200,0.4,364,70.6,24.57,0.48,1.15,0.068,12.98,-4.55,-0.013,0.97
40.0,3.0,0.7,1.5,4.5,0.4,1200,0.4,323,76.5,21.66,0.35,1.13,0.067,14.78,-4.18,-0.013,0.98
40.0,3.0,1.0,1.5,3.0,0.6,3600,0.8,295,71.5,19.9,0.44,1.1,0.067,24.97,-3.7,-0.013,0.98
40.0,4.0,1.5,2.5,3.0,0.4,1200,0.8,334,64.7,22.22,0.62,1.14,0.067,20.56,-4.5,-0.013,0.97
40.0,4.0,1.5,2.5,4.5,0.4,1200,0.8,334,64.7,22.52,0.62,1.14,0.067,20.57,-4.2,-0.013,0.98
45.0,3.0,1.0,1.5,3.0,0.4,3600,0.4,205,75.1,13.72,0.36,1.09,0.067,19.28,-2.68,-0.013,0.98
45.0,3.0,1.0,2.5,3.0,0.4,1200,0.2,206,74.3,13.82,0.38,1.09,0.067,20.7,-2.66,-0.013,0.98
45.0,3.0,1.0,2.5,3.0,0.6,14400,0.8,203,73.9,13.59,0.38,1.09,0.067,22.77,-2.65,-0.013,0.98
50.0,2.0,0.7,1.5,3.0,0.4,3600,0.2,121,71.9,8.07,0.44,1.12,0.067,14.07,-1.61,-0.013,0.98
50.0,2.0,0.7,1.5,4.5,0.4,2400,0.8,132,63.6,8.87,0.66,1.16,0.067,10.22,-1.69,-0.013,0.97
50.0,2.0,0.7,2.5,3.0,0.4,1200,0.8,142,58.5,9.5,0.86,1.21,0.067,8.44,-1.86,-0.013,0.96
50.0,2.0,0.7,2.5,3.0,0.6,2400,0.8,131,63.4,8.76,0.67,1.16,0.067,10.53,-1.72,-0.013,0.97
50.0,2.0,0.7,2.5,4.5,0.6,3600,0.2,120,71.7,8.02,0.44,1.12,0.067,14.48,-1.58,-0.013,0.98
50.0,2.0,1.0,1.5,4.5,0.8,1200,0.4,122,63.1,8.13,0.65,1.12,0.067,10.91,-1.63,-0.013,0.98
50.0,2.0,1.0,2.5,3.0,0.8,1200,0.4,122,63.1,8.15,0.65,1.12,0.067,10.97,-1.61,-0.013,0.98
50.0,3.0,1.0,2.5,3.0,0.4,7200,0.8,109,72.5,7.33,0.41,1.09,0.067,18.18,-1.39,-0.013,0.98
50.0,5.0,0.7,1.5,4.5,0.8,2400,0.8,111,74.8,7.47,0.38,1.13,0.067,16.29,-1.41,-0.013,0.98
55.0,2.0,0.7,2.5,4.5,0.4,14400,0.8,72,69.4,4.82,0.49,1.12,0.067,9.73,-0.93,-0.013,0.98
55.0,2.0,0.7,2.5,4.5,0.6,14400,0.2,72,69.4,4.85,0.49,1.12,0.067,10.12,-0.92,-0.013,0.98
55.0,2.0,0.7,2.5,4.5,0.6,14400,0.4,72,69.4,4.85,0.49,1.12,0.067,10.12,-0.92,-0.013,0.98
55.0,2.0,1.0,1.5,3.0,0.8,3600,0.8,78,62.8,5.26,0.66,1.12,0.067,8.28,-0.98,-0.013,0.98
55.0,2.0,1.0,1.5,4.5,0.8,3600,0.8,78,62.8,5.26,0.66,1.12,0.067,8.28,-0.98,-0.013,0.98
55.0,3.0,0.7,1.5,3.0,0.4,14400,0.2,65,76.9,4.36,0.33,1.1,0.067,11.89,-0.84,-0.013,0.98
55.0,3.0,0.7,1.5,3.0,0.4,14400,0.4,65,76.9,4.36,0.33,1.1,0.067,11.89,-0.84,-0.013,0.98
55.0,3.0,0.7,1.5,3.0,0.4,14400,0.8,65,76.9,4.36,0.33,1.1,0.067,11.89,-0.84,-0.013,0.98
55.0,3.0,0.7,2.5,3.0,0.8,1200,0.8,83,63.9,5.6,0.67,1.18,0.067,5.6,-1.04,-0.013,0.97
55.0,5.0,0.7,2.5,3.0,0.4,2400,0.8,72,79.2,4.8,0.29,1.11,0.067,7.94,-0.96,-0.013,0.98
55.0,5.0,1.0,1.5,4.5,0.4,2400,0.2,59,83.1,3.93,0.22,1.08,0.067,10.86,-0.79,-0.013,0.98
55.0,5.0,1.0,2.5,4.5,0.8,14400,0.2,59,83.1,3.96,0.22,1.08,0.067,11.01,-0.76,-0.013,0.99
55.0,5.0,1.0,2.5,4.5,0.8,14400,0.4,59,83.1,3.96,0.22,1.08,0.067,11.01,-0.76,-0.013,0.99
55.0,5.0,1.0,2.5,4.5,0.8,14400,0.8,59,83.1,3.96,0.22,1.08,0.067,11.01,-0.76,-0.013,0.99
55.0,5.0,1.5,2.5,3.0,0.8,1200,0.4,65,75.4,4.35,0.36,1.09,0.067,10.0,-0.85,-0.013,0.98
40.0,2.0,0.7,1.5,3.0,0.4,1200,0.4,364,70.6,24.15,0.48,1.14,0.066,13.6,-4.97,-0.014,0.97
40.0,2.0,0.7,2.5,4.5,0.8,1200,0.2,349,73.9,23.0,0.4,1.13,0.066,20.69,-4.92,-0.014,0.97
40.0,2.0,1.0,1.5,4.5,0.8,3600,0.8,348,64.4,23.14,0.62,1.12,0.066,18.67,-4.7,-0.014,0.98
40.0,2.0,1.0,2.5,3.0,0.8,3600,0.8,348,64.4,23.12,0.62,1.12,0.066,18.11,-4.72,-0.014,0.98
45.0,3.0,1.0,1.5,4.5,0.4,2400,0.2,204,75.0,13.46,0.36,1.09,0.066,19.32,-2.86,-0.014,0.98
50.0,2.0,0.7,1.5,4.5,0.4,2400,0.4,125,71.2,8.24,0.46,1.13,0.066,10.48,-1.76,-0.014,0.97
50.0,2.0,0.7,1.5,4.5,0.6,2400,0.8,131,63.4,8.61,0.67,1.15,0.066,10.39,-1.87,-0.014,0.97
50.0,2.0,1.0,1.5,4.5,0.8,2400,0.2,113,66.4,7.46,0.56,1.1,0.066,15.53,-1.58,-0.014,0.98
50.0,2.0,1.0,2.5,3.0,0.8,3600,0.2,113,66.4,7.43,0.56,1.1,0.066,15.92,-1.61,-0.014,0.98
50.0,2.0,1.0,2.5,4.5,0.6,2400,0.8,128,59.4,8.51,0.77,1.13,0.066,11.95,-1.73,-0.014,0.98
50.0,3.0,0.7,2.5,3.0,0.4,2400,0.4,115,78.3,7.63,0.31,1.11,0.066,13.0,-1.57,-0.014,0.98
50.0,3.0,1.0,1.5,4.5,0.6,14400,0.8,106,73.6,7.0,0.39,1.09,0.066,14.87,-1.49,-0.014,0.98
50.0,3.0,1.0,2.5,4.5,0.4,2400,0.2,107,73.8,7.02,0.38,1.08,0.066,16.73,-1.54,-0.014,0.98
50.0,3.0,1.0,2.5,4.5,0.4,2400,0.4,109,73.4,7.19,0.39,1.09,0.066,13.82,-1.53,-0.014,0.98
50.0,4.0,1.0,1.5,4.5,0.8,2400,0.8,108,71.3,7.16,0.44,1.11,0.066,17.74,-1.48,-0.014,0.98
50.0,5.0,0.7,2.5,3.0,0.8,2400,0.8,111,74.8,7.38,0.38,1.13,0.066,16.5,-1.5,-0.014,0.97
55.0,2.0,0.7,1.5,3.0,0.6,7200,0.2,74,70.3,4.87,0.47,1.11,0.066,10.34,-1.05,-0.014,0.98
55.0,2.0,0.7,1.5,3.0,0.6,7200,0.4,74,70.3,4.87,0.47,1.11,0.066,10.34,-1.05,-0.014,0.98
55.0,2.0,0.7,2.5,3.0,0.4,14400,0.8,72,69.4,4.78,0.49,1.11,0.066,9.73,-0.98,-0.014,0.98
55.0,2.0,0.7,2.5,3.0,0.6,14400,0.8,72,69.4,4.75,0.49,1.11,0.066,10.3,-1.01,-0.014,0.98
55.0,2.0,1.0,1.5,3.0,0.6,14400,0.2,69,66.7,4.55,0.55,1.1,0.066,10.21,-0.97,-0.014,0.98
55.0,2.0,1.0,1.5,3.0,0.6,14400,0.4,69,66.7,4.55,0.55,1.1,0.066,10.21,-0.97,-0.014,0.98
55.0,3.0,0.7,1.5,3.0,0.4,3600,0.8,76,71.1,4.99,0.46,1.13,0.066,7.77,-1.08,-0.014,0.97
55.0,3.0,0.7,1.5,4.5,0.4,3600,0.8,76,71.1,5.04,0.46,1.13,0.066,7.77,-1.04,-0.014,0.97
55.0,3.0,0.7,1.5,4.5,0.4,7200,0.2,67,77.6,4.4,0.32,1.1,0.066,12.86,-0.96,-0.014,0.98
55.0,3.0,0.7,1.5,4.5,0.4,7200,0.4,67,77.6,4.4,0.32,1.1,0.066,12.86,-0.96,-0.014,0.98
55.0,3.0,0.7,2.5,4.5,0.6,1200,0.8,83,63.9,5.45,0.67,1.18,0.066,5.6,-1.19,-0.014,0.96
40.0,2.0,0.7,1.5,4.5,0.8,1200,0.2,349,73.9,22.59,0.4,1.13,0.065,21.04,-5.34,-0.015,0.97
40.0,2.0,0.7,2.5,3.0,0.6,1200,0.4,364,70.6,23.71,0.48,1.14,0.065,13.36,-5.41,-0.015,0.97
40.0,3.0,0.7,1.5,3.0,0.4,1200,0.4,323,76.5,20.98,0.35,1.13,0.065,14.78,-4.86,-0.015,0.97
40.0,3.0,0.7,1.5,3.0,0.4,2400,0.8,338,72.8,21.98,0.42,1.13,0.065,17.01,-5.06,-0.015,0.97
40.0,3.0,0.7,2.5,4.5,0.6,2400,0.8,338,72.5,22.03,0.43,1.13,0.065,20.24,-5.01,-0.015,0.97
40.0,4.0,1.0,1.5,4.5,0.8,2400,0.8,287,72.8,18.56,0.41,1.11,0.065,26.31,-4.4,-0.015,0.98
45.0,3.0,1.0,1.5,4.5,0.6,,0.4,203,74.4,13.23,0.37,1.08,0.065,21.5,-3.01,-0.015,0.98
45.0,3.0,1.0,2.5,4.5,0.6,7200,0.2,203,73.9,13.28,0.38,1.08,0.065,22.2,-2.96,-0.015,0.98
45.0,3.0,1.0,2.5,4.5,0.6,7200,0.4,203,73.9,13.28,0.38,1.08,0.065,22.2,-2.96,-0.015,0.98
50.0,2.0,0.7,2.5,3.0,0.4,1200,0.4,128,67.2,8.3,0.56,1.14,0.065,10.44,-1.94,-0.015,0.97
50.0,2.0,0.7,2.5,3.0,0.6,2400,0.4,124,71.0,8.06,0.46,1.13,0.065,10.79,-1.86,-0.015,0.97
50.0,2.0,1.0,1.5,4.5,0.4,2400,0.8,129,59.7,8.43,0.76,1.13,0.065,11.37,-1.89,-0.015,0.97
50.0,2.0,1.0,1.5,4.5,0.6,1200,0.4,122,63.1,7.98,0.65,1.12,0.065,11.66,-1.78,-0.015,0.98
50.0,2.0,1.0,2.5,3.0,0.8,7200,0.8,118,64.4,7.61,0.61,1.1,0.064,16.97,-1.83,-0.015,0.98
50.0,3.0,0.7,2.5,3.0,0.8,3600,0.8,123,69.1,8.05,0.5,1.13,0.065,12.8,-1.79,-0.015,0.97
50.0,3.0,1.0,1.5,3.0,0.4,3600,0.4,107,74.8,6.97,0.37,1.09,0.065,13.81,-1.59,-0.015,0.98
50.0,3.0,1.0,2.5,4.5,0.6,,0.4,105,73.3,6.78,0.39,1.08,0.065,17.23,-1.62,-0.015,0.98
50.0,4.0,1.0,2.5,4.5,0.4,3600,0.8,104,72.1,6.72,0.42,1.09,0.065,17.1,-1.6,-0.015,0.98
55.0,2.0,0.7,1.5,4.5,0.6,7200,0.2,74,70.3,4.81,0.47,1.11,0.065,10.34,-1.11,-0.015,0.98
55.0,2.0,0.7,1.5,4.5,0.6,7200,0.4,74,70.3,4.81,0.47,1.11,0.065,10.34,-1.11,-0.015,0.98
55.0,2.0,0.7,2.5,4.5,0.6,14400,0.8,72,69.4,4.66,0.49,1.11,0.065,10.3,-1.1,-0.015,0.97
55.0,2.0,0.7,2.5,4.5,0.8,7200,0.2,74,70.3,4.84,0.47,1.11,0.065,9.82,-1.08,-0.015,0.98
55.0,2.0,0.7,2.5,4.5,0.8,7200,0.4,74,70.3,4.84,0.47,1.11,0.065,9.82,-1.08,-0.015,0.98
55.0,2.0,1.0,1.5,3.0,0.4,3600,0.8,78,62.8,5.06,0.66,1.12,0.065,8.28,-1.18,-0.015,0.97
55.0,2.0,1.0,1.5,4.5,0.4,3600,0.8,78,62.8,5.1,0.66,1.12,0.065,8.28,-1.14,-0.015,0.97
55.0,2.0,1.0,1.5,4.5,0.6,14400,0.2,69,66.7,4.47,0.55,1.1,0.065,10.21,-1.05,-0.015,0.98
55.0,2.0,1.0,1.5,4.5,0.6,14400,0.4,69,66.7,4.47,0.55,1.1,0.065,10.21,-1.05,-0.015,0.98
55.0,3.0,0.7,1.5,3.0,0.4,7200,0.2,67,77.6,4.36,0.32,1.1,0.065,12.86,-1.0,-0.015,0.98
55.0,3.0,0.7,1.5,3.0,0.4,7200,0.4,67,77.6,4.36,0.32,1.1,0.065,12.86,-1.0,-0.015,0.98
55.0,3.0,0.7,2.5,3.0,0.6,1200,0.8,83,63.9,5.38,0.67,1.18,0.065,5.6,-1.26,-0.015,0.96
55.0,3.0,1.5,2.5,3.0,0.8,7200,0.8,67,73.1,4.34,0.4,1.09,0.065,11.98,-1.02,-0.015,0.98
55.0,4.0,1.5,2.5,3.0,0.6,3600,0.8,68,73.5,4.39,0.39,1.09,0.065,12.0,-1.05,-0.015,0.98
55.0,5.0,1.0,1.5,3.0,0.4,2400,0.2,59,83.1,3.81,0.22,1.08,0.065,10.86,-0.91,-0.015,0.98
55.0,5.0,1.0,1.5,4.5,0.4,1200,0.4,66,75.8,4.28,0.35,1.09,0.065,10.0,-1.0,-0.015,0.98
40.0,2.0,1.5,2.5,4.5,0.8,1200,0.8,418,60.0,26.79,0.77,1.16,0.064,13.22,-6.65,-0.016,0.96
40.0,3.0,0.7,2.5,4.5,0.6,1200,0.4,323,76.5,20.74,0.35,1.13,0.064,14.94,-5.1,-0.016,0.97
40.0,3.0,1.0,1.5,4.5,0.8,3600,0.8,295,71.5,18.75,0.44,1.1,0.064,26.46,-4.85,-0.016,0.98
40.0,3.0,1.5,2.5,4.5,0.4,1200,0.8,377,61.3,23.96,0.72,1.14,0.064,16.46,-6.2,-0.016,0.97
40.0,4.0,0.7,1.5,4.5,0.8,1200,0.2,267,85.0,16.98,0.2,1.11,0.064,20.48,-4.38,-0.016,0.97
45.0,3.0,1.0,1.5,3.0,0.4,2400,0.2,204,75.0,13.16,0.36,1.09,0.065,19.32,-3.16,-0.016,0.98
45.0,4.0,1.0,1.5,4.5,0.6,2400,0.8,206,73.3,13.11,0.4,1.1,0.064,24.67,-3.37,-0.016,0.97
50.0,2.0,0.7,1.5,3.0,0.4,2400,0.8,132,63.6,8.48,0.66,1.15,0.064,10.59,-2.08,-0.016,0.96
50.0,2.0,0.7,1.5,4.5,0.6,2400,0.4,124,71.0,7.9,0.46,1.13,0.064,10.65,-2.02,-0.016,0.97
50.0,2.0,0.7,2.5,3.0,0.8,2400,0.8,131,63.4,8.42,0.67,1.15,0.064,10.77,-2.06,-0.016,0.97
50.0,2.0,0.7,2.5,3.0,0.8,3600,0.2,120,71.7,7.63,0.44,1.12,0.064,14.0,-1.97,-0.016,0.97
50.0,2.0,0.7,2.5,4.5,0.4,1200,0.2,124,71.8,7.9,0.44,1.12,0.064,12.96,-2.02,-0.016,0.97
50.0,2.0,1.0,2.5,3.0,0.6,3600,0.2,113,66.4,7.18,0.55,1.09,0.064,16.64,-1.86,-0.016,0.98
50.0,2.0,1.0,2.5,4.5,0.8,2400,0.8,128,59.4,8.19,0.77,1.12,0.064,11.21,-2.05,-0.016,0.97
50.0,3.0,0.7,1.5,3.0,0.6,3600,0.4,111,79.3,7.13,0.29,1.11,0.064,13.47,-1.75,-0.016,0.97
50.0,3.0,0.7,1.5,4.5,0.4,2400,0.8,125,69.6,7.95,0.5,1.13,0.064,12.7,-2.05,-0.016,0.97
50.0,3.0,0.7,2.5,4.5,0.6,3600,0.8,123,69.1,7.86,0.5,1.13,0.064,12.68,-1.98,-0.016,0.97
50.0,3.0,1.0,2.5,4.5,0.6,14400,0.2,106,73.6,6.73,0.39,1.08,0.063,17.11,-1.75,-0.016,0.98
50.0,3.0,1.0,2.5,4.5,0.6,14400,0.4,106,73.6,6.73,0.39,1.08,0.063,17.11,-1.75,-0.016,0.98
50.0,4.0,1.0,1.5,3.0,0.6,2400,0.8,108,71.3,6.97,0.44,1.1,0.065,17.94,-1.67,-0.016,0.98
50.0,5.0,0.7,1.5,3.0,0.6,2400,0.8,111,74.8,7.07,0.38,1.12,0.064,16.62,-1.81,-0.016,0.97
55.0,2.0,1.0,1.5,3.0,0.8,7200,0.2,69,66.7,4.43,0.55,1.1,0.064,10.1,-1.09,-0.016,0.98
55.0,2.0,1.0,1.5,3.0,0.8,7200,0.4,69,66.7,4.43,0.55,1.1,0.064,10.1,-1.09,-0.016,0.98
55.0,2.0,1.0,2.5,3.0,0.6,14400,0.2,69,66.7,4.4,0.55,1.1,0.064,10.32,-1.12,-0.016,0.98
55.0,2.0,1.0,2.5,3.0,0.6,14400,0.4,69,66.7,4.4,0.55,1.1,0.064,10.32,-1.12,-0.016,0.98
55.0,2.0,1.0,2.5,4.5,0.8,7200,0.2,69,66.7,4.43,0.55,1.1,0.064,10.04,-1.09,-0.016,0.98
55.0,2.0,1.0,2.5,4.5,0.8,7200,0.4,69,66.7,4.43,0.55,1.1,0.064,10.04,-1.09,-0.016,0.98
55.0,3.0,1.5,2.5,4.5,0.8,7200,0.8,67,73.1,4.28,0.4,1.09,0.064,11.98,-1.08,-0.016,0.98
55.0,4.0,1.5,2.5,4.5,0.6,3600,0.8,68,73.5,4.33,0.39,1.09,0.064,12.0,-1.11,-0.016,0.98
40.0,2.0,0.7,1.5,4.5,0.6,1200,0.4,364,70.6,22.97,0.47,1.14,0.063,13.55,-6.15,-0.017,0.96
40.0,2.0,0.7,2.5,3.0,0.8,1200,0.2,349,73.9,22.15,0.4,1.13,0.063,21.07,-5.77,-0.017,0.97
40.0,3.0,0.7,2.5,3.0,0.6,2400,0.8,338,72.5,21.26,0.43,1.13,0.063,20.24,-5.79,-0.017,0.97
40.0,4.0,0.7,1.5,3.0,0.8,1200,0.2,267,85.0,16.8,0.2,1.11,0.063,20.48,-4.56,-0.017,0.97
40.0,4.0,0.7,2.5,4.5,0.4,1200,0.8,354,66.9,22.27,0.58,1.17,0.063,18.35,-6.05,-0.017,0.96
45.0,3.0,1.0,2.5,3.0,0.6,7200,0.2,203,73.9,12.88,0.38,1.08,0.063,22.08,-3.36,-0.017,0.98
45.0,3.0,1.0,2.5,3.0,0.6,7200,0.4,203,73.9,12.88,0.38,1.08,0.063,22.08,-3.36,-0.017,0.98
45.0,3.0,1.5,2.5,4.5,0.6,2400,0.8,236,67.8,14.79,0.52,1.1,0.063,21.74,-4.09,-0.017,0.97
50.0,2.0,0.7,1.5,3.0,0.4,2400,0.4,125,71.2,7.84,0.46,1.13,0.063,10.86,-2.16,-0.017,0.97
50.0,2.0,0.7,1.5,4.5,0.8,2400,0.8,131,63.4,8.22,0.66,1.15,0.063,10.56,-2.26,-0.017,0.96
50.0,2.0,1.0,1.5,3.0,0.6,2400,0.2,113,66.4,7.09,0.55,1.09,0.063,16.13,-1.95,-0.017,0.98
50.0,3.0,0.7,1.5,3.0,0.8,3600,0.4,111,79.3,7.01,0.29,1.11,0.063,13.64,-1.87,-0.017,0.97
50.0,3.0,0.7,1.5,4.5,0.4,1200,0.4,120,73.3,7.59,0.41,1.13,0.063,12.92,-2.01,-0.017,0.97
50.0,3.0,0.7,2.5,4.5,0.6,1200,0.4,120,73.3,7.52,0.41,1.13,0.063,12.86,-2.08,-0.017,0.97
50.0,3.0,0.7,2.5,4.5,0.8,1200,0.4,120,73.3,7.52,0.41,1.13,0.063,13.1,-2.08,-0.017,0.97
50.0,3.0,1.0,1.5,3.0,0.4,,0.4,107,73.8,6.77,0.38,1.08,0.063,15.7,-1.79,-0.017,0.98
55.0,2.0,1.0,2.5,4.5,0.4,7200,0.2,69,66.7,4.32,0.55,1.09,0.063,10.38,-1.2,-0.017,0.97
55.0,2.0,1.0,2.5,4.5,0.4,7200,0.4,69,66.7,4.32,0.55,1.09,0.063,10.38,-1.2,-0.017,0.97
55.0,4.0,1.5,2.5,4.5,0.4,2400,0.2,61,78.7,3.83,0.29,1.07,0.063,12.0,-1.05,-0.017,0.98
55.0,4.0,1.5,2.5,4.5,0.4,3600,0.2,61,78.7,3.83,0.29,1.07,0.063,12.0,-1.05,-0.017,0.98
55.0,4.0,1.5,2.5,4.5,0.4,3600,0.4,61,78.7,3.83,0.29,1.07,0.063,12.0,-1.05,-0.017,0.98
55.0,5.0,1.0,1.5,3.0,0.4,1200,0.4,66,75.8,4.17,0.35,1.09,0.063,10.0,-1.11,-0.017,0.98
40.0,2.0,0.7,1.5,3.0,0.8,1200,0.2,349,73.9,21.73,0.4,1.12,0.062,21.42,-6.19,-0.018,0.97
40.0,2.0,0.7,1.5,3.0,0.8,2400,0.8,382,67.0,23.81,0.56,1.15,0.062,15.71,-6.75,-0.018,0.96
40.0,3.0,0.7,2.5,3.0,0.6,1200,0.4,323,76.5,20.14,0.35,1.12,0.062,14.94,-5.7,-0.018,0.97
40.0,3.0,1.5,2.5,3.0,0.4,1200,0.8,377,61.3,23.28,0.72,1.13,0.062,16.46,-6.88,-0.018,0.96
40.0,4.0,0.7,2.5,3.0,0.4,1200,0.8,354,66.9,21.97,0.58,1.17,0.062,18.35,-6.35,-0.018,0.96
40.0,4.0,0.7,2.5,4.5,0.6,1200,0.4,281,79.7,17.44,0.28,1.12,0.062,16.96,-5.04,-0.018,0.97
40.0,4.0,0.7,2.5,4.5,0.6,2400,0.8,303,75.9,18.8,0.36,1.12,0.062,18.52,-5.44,-0.018,0.97
40.0,4.0,0.7,2.5,4.5,0.8,1200,0.2,267,85.0,16.43,0.19,1.11,0.062,20.74,-4.93,-0.018,0.97
40.0,4.0,1.0,1.5,3.0,0.8,2400,0.8,287,72.8,17.77,0.41,1.1,0.062,26.34,-5.19,-0.018,0.97
45.0,3.0,1.0,2.5,3.0,0.8,7200,0.2,203,73.9,12.6,0.38,1.08,0.062,21.93,-3.64,-0.018,0.98
45.0,3.0,1.0,2.5,3.0,0.8,7200,0.4,203,73.9,12.6,0.38,1.08,0.062,21.93,-3.64,-0.018,0.98
50.0,2.0,0.7,2.5,3.0,0.6,3600,0.2,120,71.7,7.39,0.44,1.11,0.062,14.48,-2.21,-0.018,0.97
50.0,2.0,0.7,2.5,3.0,0.8,2400,0.4,124,71.0,7.72,0.46,1.12,0.062,11.03,-2.2,-0.018,0.97
50.0,2.0,0.7,2.5,4.5,0.6,1200,0.8,142,58.5,8.76,0.85,1.19,0.062,8.56,-2.6,-0.018,0.95
50.0,2.0,0.7,2.5,4.5,0.8,1200,0.8,142,58.5,8.77,0.85,1.19,0.062,8.67,-2.59,-0.018,0.95
50.0,2.0,1.0,1.5,3.0,0.4,2400,0.8,129,59.7,8.04,0.76,1.12,0.062,11.37,-2.29,-0.018,0.97
50.0,2.0,1.0,1.5,4.5,0.4,7200,0.8,118,65.3,7.31,0.58,1.1,0.062,16.51,-2.13,-0.018,0.97
50.0,3.0,1.0,2.5,3.0,0.4,2400,0.2,107,73.8,6.63,0.38,1.08,0.062,16.73,-1.93,-0.018,0.98
50.0,3.0,1.0,2.5,3.0,0.4,2400,0.4,109,73.4,6.8,0.39,1.08,0.062,13.82,-1.92,-0.018,0.98
50.0,4.0,1.0,2.5,3.0,0.4,3600,0.8,104,72.1,6.4,0.42,1.09,0.062,17.47,-1.92,-0.018,0.98
50.0,5.0,0.7,2.5,4.5,0.6,3600,0.8,109,75.2,6.7,0.36,1.11,0.061,15.71,-2.01,-0.018,0.97
50.0,5.0,0.7,2.5,4.5,0.8,3600,0.8,109,75.2,6.76,0.37,1.11,0.062,15.93,-1.96,-0.018,0.97
55.0,2.0,0.7,1.5,3.0,0.4,7200,0.2,74,70.3,4.56,0.47,1.11,0.062,10.22,-1.36,-0.018,0.97
55.0,2.0,0.7,1.5,3.0,0.4,7200,0.4,74,70.3,4.56,0.47,1.11,0.062,10.22,-1.36,-0.018,0.97
55.0,2.0,0.7,1.5,4.5,0.4,7200,0.2,74,70.3,4.6,0.47,1.11,0.062,10.22,-1.32,-0.018,0.97
55.0,2.0,0.7,1.5,4.5,0.4,7200,0.4,74,70.3,4.6,0.47,1.11,0.062,10.22,-1.32,-0.018,0.97
55.0,2.0,1.0,1.5,3.0,0.6,,0.4,69,66.7,4.29,0.55,1.09,0.062,10.57,-1.23,-0.018,0.97
55.0,2.0,1.0,2.5,3.0,0.4,7200,0.2,69,66.7,4.28,0.55,1.09,0.062,10.38,-1.24,-0.018,0.97
55.0,2.0,1.0,2.5,3.0,0.4,7200,0.4,69,66.7,4.28,0.55,1.09,0.062,10.38,-1.24,-0.018,0.97
55.0,2.0,1.0,2.5,4.5,0.4,14400,0.2,69,66.7,4.28,0.55,1.09,0.062,10.39,-1.24,-0.018,0.97
55.0,2.0,1.0,2.5,4.5,0.4,14400,0.4,69,66.7,4.28,0.55,1.09,0.062,10.39,-1.24,-0.018,0.97
55.0,2.0,1.0,2.5,4.5,0.6,14400,0.2,69,66.7,4.31,0.55,1.09,0.062,10.32,-1.21,-0.018,0.97
55.0,2.0,1.0,2.5,4.5,0.6,14400,0.4,69,66.7,4.31,0.55,1.09,0.062,10.32,-1.21,-0.018,0.97
55.0,3.0,1.5,2.5,4.5,0.4,2400,0.4,66,74.2,4.09,0.38,1.08,0.062,13.74,-1.19,-0.018,0.98
55.0,4.0,0.7,1.5,3.0,0.4,7200,0.2,65,81.5,4.01,0.25,1.09,0.062,10.75,-1.2,-0.018,0.97
55.0,4.0,0.7,1.5,3.0,0.4,7200,0.4,65,81.5,4.01,0.25,1.09,0.062,10.75,-1.2,-0.018,0.97
55.0,4.0,0.7,1.5,4.5,0.4,7200,0.2,65,81.5,4.05,0.25,1.09,0.062,10.75,-1.15,-0.018,0.98
55.0,4.0,0.7,1.5,4.5,0.4,7200,0.4,65,81.5,4.05,0.25,1.09,0.062,10.75,-1.15,-0.018,0.98
55.0,4.0,1.5,2.5,3.0,0.4,3600,0.2,61,78.7,3.79,0.29,1.07,0.062,12.0,-1.09,-0.018,0.98
55.0,4.0,1.5,2.5,3.0,0.4,3600,0.4,61,78.7,3.79,0.29,1.07,0.062,12.0,-1.09,-0.018,0.98
55.0,5.0,1.0,1.5,4.5,0.4,7200,0.8,61,82.0,3.77,0.24,1.07,0.062,11.41,-1.11,-0.018,0.98
40.0,2.0,0.7,1.5,3.0,0.6,1200,0.4,364,70.6,22.11,0.47,1.13,0.061,13.92,-7.01,-0.019,0.96
40.0,2.0,1.5,2.5,3.0,0.8,1200,0.8,418,60.0,25.7,0.77,1.15,0.061,13.22,-7.74,-0.019,0.96
40.0,3.0,0.7,1.5,4.5,0.6,2400,0.8,338,72.8,20.47,0.42,1.12,0.061,18.47,-6.57,-0.019,0.96
40.0,4.0,0.7,1.5,4.5,0.4,2400,0.8,303,75.9,18.55,0.36,1.12,0.061,18.07,-5.69,-0.019,0.96
40.0,4.0,0.7,2.5,3.0,0.6,1200,0.4,281,79.7,17.22,0.28,1.11,0.061,16.96,-5.26,-0.019,0.97
40.0,4.0,0.7,2.5,3.0,0.8,1200,0.2,267,85.0,16.25,0.19,1.1,0.061,20.74,-5.11,-0.019,0.97
45.0,4.0,1.0,1.5,3.0,0.6,2400,0.8,206,73.3,12.57,0.4,1.1,0.061,24.62,-3.91,-0.019,0.97
50.0,2.0,0.7,1.5,4.5,0.4,1200,0.8,142,58.5,8.64,0.84,1.19,0.061,8.44,-2.72,-0.019,0.95
50.0,2.0,0.7,1.5,4.5,0.8,2400,0.4,124,71.0,7.51,0.46,1.12,0.061,10.82,-2.41,-0.019,0.96
50.0,2.0,0.7,2.5,3.0,0.4,1200,0.2,124,71.8,7.5,0.44,1.12,0.06,12.96,-2.42,-0.019,0.96
50.0,2.0,1.0,1.5,3.0,0.6,1200,0.4,122,63.1,7.45,0.65,1.11,0.061,11.66,-2.31,-0.019,0.97
50.0,2.0,1.0,1.5,3.0,0.8,1200,0.4,122,63.1,7.46,0.65,1.11,0.061,11.03,-2.3,-0.019,0.97
50.0,2.0,1.0,2.5,3.0,0.6,2400,0.8,128,59.4,7.75,0.76,1.12,0.061,11.95,-2.49,-0.019,0.96
50.0,2.0,1.0,2.5,4.5,0.8,1200,0.2,116,65.5,7.13,0.58,1.09,0.061,15.31,-2.15,-0.019,0.97
50.0,3.0,1.0,1.5,3.0,0.6,14400,0.8,106,73.6,6.51,0.39,1.08,0.061,14.87,-1.97,-0.019,0.98
50.0,3.0,1.0,2.5,4.5,0.4,3600,0.2,107,73.8,6.53,0.38,1.08,0.061,16.79,-2.03,-0.019,0.98
55.0,2.0,0.7,2.5,3.0,0.8,7200,0.2,74,70.3,4.53,0.47,1.11,0.061,9.82,-1.39,-0.019,0.97
55.0,2.0,0.7,2.5,3.0,0.8,7200,0.4,74,70.3,4.53,0.47,1.11,0.061,9.82,-1.39,-0.019,0.97
55.0,2.0,1.0,1.5,4.5,0.6,,0.4,69,66.7,4.21,0.55,1.09,0.061,10.57,-1.31,-0.019,0.97
55.0,2.0,1.0,2.5,3.0,0.4,14400,0.2,69,66.7,4.24,0.55,1.09,0.061,10.39,-1.28,-0.019,0.97
55.0,2.0,1.0,2.5,3.0,0.4,14400,0.4,69,66.7,4.24,0.55,1.09,0.061,10.39,-1.28,-0.019,0.97
55.0,2.0,1.0,2.5,4.5,0.4,2400,0.2,69,66.7,4.21,0.55,1.09,0.061,10.38,-1.31,-0.019,0.97
55.0,4.0,1.5,2.5,3.0,0.4,2400,0.2,61,78.7,3.72,0.29,1.07,0.061,12.0,-1.16,-0.019,0.98
55.0,4.0,1.5,2.5,4.5,0.4,7200,0.2,61,78.7,3.72,0.29,1.07,0.061,12.0,-1.16,-0.019,0.98
55.0,4.0,1.5,2.5,4.5,0.4,7200,0.4,61,78.7,3.72,0.29,1.07,0.061,12.0,-1.16,-0.019,0.98
55.0,4.0,1.5,2.5,4.5,0.4,14400,0.2,61,78.7,3.72,0.29,1.07,0.061,12.0,-1.16,-0.019,0.98
55.0,4.0,1.5,2.5,4.5,0.4,14400,0.4,61,78.7,3.72,0.29,1.07,0.061,12.0,-1.16,-0.019,0.98
55.0,4.0,1.5,2.5,4.5,0.4,14400,0.8,61,78.7,3.72,0.29,1.07,0.061,12.0,-1.16,-0.019,0.98
55.0,5.0,1.0,1.5,3.0,0.4,7200,0.8,61,82.0,3.72,0.24,1.07,0.061,11.41,-1.16,-0.019,0.98
55.0,5.0,1.0,2.5,4.5,0.4,2400,0.4,61,82.0,3.7,0.24,1.07,0.061,11.3,-1.18,-0.019,0.98
40.0,4.0,0.7,1.5,4.5,0.6,1200,0.4,281,79.7,16.85,0.28,1.11,0.06,16.77,-5.63,-0.02,0.96
40.0,4.0,0.7,2.5,3.0,0.6,2400,0.8,303,75.9,18.31,0.35,1.12,0.06,18.52,-5.93,-0.02,0.96
45.0,3.0,1.0,1.5,4.5,0.6,14400,0.2,203,74.4,12.14,0.37,1.08,0.06,22.48,-4.1,-0.02,0.97
45.0,3.0,1.0,1.5,4.5,0.6,14400,0.4,203,74.4,12.14,0.37,1.08,0.06,22.48,-4.1,-0.02,0.97
45.0,3.0,1.0,2.5,4.5,0.6,2400,0.4,205,75.1,12.28,0.36,1.08,0.06,20.65,-4.12,-0.02,0.97
45.0,3.0,1.5,2.5,3.0,0.6,2400,0.8,236,67.8,14.27,0.52,1.1,0.06,21.74,-4.61,-0.02,0.97
45.0,4.0,1.0,2.5,4.5,0.8,2400,0.8,206,73.3,12.43,0.4,1.1,0.06,23.96,-4.05,-0.02,0.97
50.0,2.0,0.7,1.5,3.0,0.6,2400,0.8,131,63.4,7.85,0.66,1.14,0.06,10.76,-2.63,-0.02,0.96
50.0,2.0,0.7,1.5,4.5,0.6,3600,0.2,120,71.7,7.16,0.44,1.11,0.06,14.36,-2.44,-0.02,0.96
50.0,2.0,0.7,2.5,4.5,0.4,2400,0.2,121,71.9,7.28,0.43,1.11,0.06,13.96,-2.4,-0.02,0.97
50.0,2.0,0.7,2.5,4.5,0.8,1200,0.4,128,67.2,7.68,0.55,1.13,0.06,10.55,-2.56,-0.02,0.96
50.0,2.0,1.0,1.5,3.0,0.4,7200,0.8,118,65.3,7.08,0.58,1.09,0.06,16.51,-2.36,-0.02,0.97
50.0,2.0,1.0,2.5,4.5,0.6,1200,0.2,116,65.5,7.02,0.57,1.09,0.061,16.11,-2.26,-0.02,0.97
50.0,3.0,0.7,1.5,3.0,0.4,1200,0.4,120,73.3,7.2,0.41,1.12,0.06,13.3,-2.4,-0.02,0.96
50.0,3.0,0.7,1.5,3.0,0.4,2400,0.8,125,69.6,7.56,0.49,1.13,0.06,12.7,-2.44,-0.02,0.96
50.0,3.0,0.7,2.5,4.5,0.6,2400,0.8,124,69.4,7.45,0.5,1.13,0.06,12.82,-2.47,-0.02,0.96
50.0,3.0,1.0,1.5,3.0,0.8,14400,0.2,106,73.6,6.36,0.39,1.08,0.06,16.66,-2.12,-0.02,0.98
50.0,3.0,1.0,1.5,3.0,0.8,14400,0.4,106,73.6,6.36,0.39,1.08,0.06,16.66,-2.12,-0.02,0.98
50.0,3.0,1.0,1.5,4.5,0.4,1200,0.4,116,69.0,6.98,0.49,1.09,0.06,11.99,-2.3,-0.02,0.97
50.0,5.0,0.7,1.5,3.0,0.8,2400,0.8,111,74.8,6.68,0.38,1.12,0.06,16.67,-2.2,-0.02,0.96
55.0,2.0,1.0,2.5,3.0,0.8,7200,0.2,69,66.7,4.12,0.54,1.09,0.06,10.04,-1.4,-0.02,0.97
55.0,2.0,1.0,2.5,3.0,0.8,7200,0.4,69,66.7,4.12,0.54,1.09,0.06,10.04,-1.4,-0.02,0.97
55.0,2.0,1.0,2.5,4.5,0.4,2400,0.4,71,66.2,4.29,0.56,1.1,0.06,9.12,-1.39,-0.02,0.97
55.0,3.0,1.5,2.5,3.0,0.4,2400,0.4,66,74.2,3.97,0.38,1.08,0.06,13.74,-1.31,-0.02,0.97
55.0,4.0,1.5,2.5,3.0,0.4,7200,0.2,61,78.7,3.68,0.29,1.07,0.06,12.0,-1.2,-0.02,0.98
55.0,4.0,1.5,2.5,3.0,0.4,7200,0.4,61,78.7,3.68,0.29,1.07,0.06,12.0,-1.2,-0.02,0.98
55.0,4.0,1.5,2.5,3.0,0.4,14400,0.2,61,78.7,3.68,0.29,1.07,0.06,12.0,-1.2,-0.02,0.98
55.0,4.0,1.5,2.5,3.0,0.4,14400,0.4,61,78.7,3.68,0.29,1.07,0.06,12.0,-1.2,-0.02,0.98
55.0,4.0,1.5,2.5,3.0,0.4,14400,0.8,61,78.7,3.68,0.29,1.07,0.06,12.0,-1.2,-0.02,0.98
55.0,5.0,1.0,1.5,3.0,0.8,,0.4,59,83.1,3.56,0.22,1.07,0.06,12.06,-1.16,-0.02,0.98
55.0,5.0,1.0,2.5,4.5,0.6,2400,0.2,59,83.1,3.55,0.22,1.07,0.06,10.76,-1.17,-0.02,0.98
40.0,2.0,1.0,1.5,3.0,0.8,3600,0.8,348,64.4,20.68,0.61,1.11,0.059,18.84,-7.16,-0.021,0.97
40.0,3.0,0.7,1.5,4.5,0.6,1200,0.4,323,76.5,19.05,0.34,1.12,0.059,14.99,-6.79,-0.021,0.96
40.0,3.0,0.7,2.5,4.5,0.8,2400,0.8,338,72.5,19.98,0.42,1.12,0.059,21.01,-7.06,-0.021,0.96
40.0,4.0,0.7,1.5,3.0,0.4,2400,0.8,303,75.9,17.84,0.35,1.11,0.059,18.07,-6.4,-0.021,0.96
40.0,4.0,0.7,1.5,3.0,0.6,1200,0.4,281,79.7,16.63,0.28,1.11,0.059,16.77,-5.85,-0.021,0.96
40.0,4.0,0.7,1.5,4.5,0.4,1200,0.8,354,66.9,20.76,0.57,1.16,0.059,18.65,-7.56,-0.021,0.95
45.0,3.0,1.0,1.5,3.0,0.8,14400,0.2,203,74.4,11.95,0.37,1.08,0.059,22.16,-4.29,-0.021,0.97
45.0,3.0,1.0,1.5,3.0,0.8,14400,0.4,203,74.4,11.95,0.37,1.08,0.059,22.16,-4.29,-0.021,0.97
50.0,2.0,0.7,2.5,4.5,0.6,1200,0.4,128,67.2,7.56,0.55,1.13,0.059,10.31,-2.68,-0.021,0.96
50.0,2.0,1.0,1.5,3.0,0.8,2400,0.2,113,66.4,6.67,0.55,1.09,0.059,15.55,-2.37,-0.021,0.97
50.0,2.0,1.0,1.5,4.5,0.6,3600,0.2,113,66.4,6.64,0.55,1.09,0.059,16.39,-2.4,-0.021,0.97
50.0,2.0,1.0,1.5,4.5,0.8,7200,0.8,118,64.4,6.98,0.6,1.09,0.059,16.61,-2.46,-0.021,0.97
50.0,2.0,1.0,2.5,4.5,0.6,7200,0.8,117,65.0,6.96,0.59,1.09,0.059,17.37,-2.4,-0.021,0.97
50.0,3.0,0.7,1.5,4.5,0.4,3600,0.2,112,78.6,6.64,0.3,1.1,0.059,15.82,-2.32,-0.021,0.97
50.0,3.0,0.7,1.5,4.5,0.6,3600,0.8,123,69.1,7.23,0.5,1.12,0.059,12.68,-2.61,-0.021,0.96
50.0,3.0,0.7,2.5,3.0,0.6,3600,0.8,123,69.1,7.23,0.5,1.12,0.059,12.68,-2.61,-0.021,0.96
50.0,3.0,1.0,1.5,4.5,0.4,14400,0.2,107,73.8,6.26,0.38,1.07,0.059,16.44,-2.3,-0.021,0.97
50.0,3.0,1.0,1.5,4.5,0.4,14400,0.4,107,73.8,6.26,0.38,1.07,0.059,16.44,-2.3,-0.021,0.97
50.0,3.0,1.0,2.5,3.0,0.6,14400,0.2,106,73.6,6.25,0.39,1.07,0.059,17.11,-2.23,-0.021,0.97
50.0,3.0,1.0,2.5,3.0,0.6,14400,0.4,106,73.6,6.25,0.39,1.07,0.059,17.11,-2.23,-0.021,0.97
50.0,3.0,1.0,2.5,4.5,0.6,1200,0.4,116,69.0,6.83,0.49,1.09,0.059,12.3,-2.45,-0.021,0.97
50.0,3.0,1.0,2.5,4.5,0.8,3600,0.4,106,74.5,6.26,0.37,1.08,0.059,14.6,-2.22,-0.021,0.97
50.0,4.0,1.0,1.5,3.0,0.8,2400,0.8,108,71.3,6.37,0.44,1.09,0.059,18.11,-2.27,-0.021,0.97
55.0,2.0,1.0,1.5,3.0,0.6,14400,0.8,70,65.7,4.12,0.57,1.09,0.059,10.6,-1.48,-0.021,0.97
55.0,2.0,1.0,2.5,3.0,0.4,2400,0.2,69,66.7,4.1,0.54,1.09,0.059,10.38,-1.42,-0.021,0.97
55.0,2.0,1.0,2.5,3.0,0.4,2400,0.4,71,66.2,4.18,0.56,1.09,0.059,9.12,-1.5,-0.021,0.97
55.0,5.0,1.0,1.5,3.0,0.4,3600,0.2,59,83.1,3.45,0.22,1.07,0.058,10.86,-1.27,-0.021,0.98
55.0,5.0,1.0,1.5,3.0,0.4,3600,0.4,59,83.1,3.45,0.22,1.07,0.058,10.86,-1.27,-0.021,0.98
55.0,5.0,1.0,1.5,4.5,0.4,3600,0.2,59,83.1,3.49,0.22,1.07,0.059,10.86,-1.23,-0.021,0.98
55.0,5.0,1.0,1.5,4.5,0.4,3600,0.4,59,83.1,3.49,0.22,1.07,0.059,10.86,-1.23,-0.021,0.98
55.0,5.0,1.0,1.5,4.5,0.8,1200,0.4,66,75.8,3.91,0.35,1.09,0.059,10.0,-1.37,-0.021,0.97
55.0,5.0,1.0,2.5,3.0,0.4,2400,0.4,61,82.0,3.59,0.24,1.07,0.059,11.3,-1.29,-0.021,0.97
55.0,5.0,1.0,2.5,3.0,0.6,2400,0.2,59,83.1,3.49,0.22,1.07,0.059,10.76,-1.23,-0.021,0.98
55.0,5.0,1.5,2.5,3.0,0.6,3600,0.8,66,75.8,3.87,0.34,1.07,0.059,11.75,-1.41,-0.021,0.97
40.0,2.0,0.7,2.5,4.5,0.8,1200,0.4,364,70.6,21.12,0.47,1.13,0.058,13.52,-8.0,-0.022,0.95
40.0,3.0,0.7,1.5,3.0,0.6,2400,0.8,338,72.8,19.7,0.42,1.12,0.058,18.47,-7.34,-0.022,0.96
40.0,3.0,1.0,1.5,3.0,0.8,3600,0.8,295,71.5,17.15,0.43,1.09,0.058,26.3,-6.45,-0.022,0.97
40.0,4.0,0.7,1.5,3.0,0.4,1200,0.8,354,66.9,20.45,0.57,1.15,0.058,18.65,-7.87,-0.022,0.94
40.0,4.0,1.0,1.5,4.5,0.8,1200,0.4,258,76.7,15.0,0.33,1.08,0.058,25.4,-5.64,-0.022,0.97
40.0,4.0,1.0,2.5,3.0,0.8,1200,0.4,258,76.7,14.88,0.33,1.08,0.058,25.28,-5.76,-0.022,0.97
40.0,4.0,1.0,2.5,4.5,0.8,1200,0.4,258,76.7,15.06,0.33,1.08,0.058,25.32,-5.58,-0.022,0.97
50.0,2.0,0.7,1.5,3.0,0.4,1200,0.8,142,58.5,8.25,0.84,1.18,0.058,8.44,-3.11,-0.022,0.94
50.0,2.0,0.7,1.5,3.0,0.6,2400,0.4,124,71.0,7.15,0.46,1.11,0.058,11.03,-2.77,-0.022,0.96
50.0,2.0,0.7,1.5,4.5,0.4,1200,0.4,128,67.2,7.43,0.55,1.13,0.058,10.37,-2.81,-0.022,0.95
50.0,2.0,0.7,1.5,4.5,0.8,1200,0.8,142,58.5,8.17,0.84,1.18,0.058,8.67,-3.19,-0.022,0.94
50.0,2.0,0.7,2.5,3.0,0.6,1200,0.8,142,58.5,8.23,0.84,1.18,0.058,8.56,-3.13,-0.022,0.94
50.0,2.0,1.0,2.5,3.0,0.8,2400,0.8,128,59.4,7.41,0.76,1.11,0.058,11.28,-2.83,-0.022,0.96
50.0,3.0,0.7,1.5,4.5,0.8,1200,0.4,120,73.3,6.92,0.41,1.12,0.058,13.26,-2.68,-0.022,0.96
50.0,3.0,0.7,1.5,4.5,0.8,3600,0.8,123,69.1,7.16,0.5,1.11,0.058,12.8,-2.68,-0.022,0.96
50.0,3.0,0.7,2.5,3.0,0.6,1200,0.4,120,73.3,6.99,0.41,1.12,0.058,13.24,-2.61,-0.022,0.96
50.0,3.0,0.7,2.5,4.5,0.8,2400,0.8,124,69.4,7.17,0.5,1.12,0.058,12.93,-2.75,-0.022,0.96
50.0,3.0,1.0,2.5,3.0,0.4,3600,0.2,107,73.8,6.21,0.38,1.07,0.058,16.79,-2.35,-0.022,0.97
50.0,5.0,1.0,2.5,4.5,0.4,3600,0.8,99,74.7,5.73,0.36,1.07,0.058,18.1,-2.19,-0.022,0.97
55.0,2.0,0.7,1.5,3.0,0.4,14400,0.2,72,69.4,4.17,0.48,1.1,0.058,9.65,-1.59,-0.022,0.96
55.0,2.0,0.7,1.5,3.0,0.4,14400,0.4,72,69.4,4.17,0.48,1.1,0.058,9.65,-1.59,-0.022,0.96
55.0,2.0,0.7,1.5,4.5,0.4,14400,0.2,72,69.4,4.21,0.48,1.1,0.058,9.65,-1.55,-0.022,0.96
55.0,2.0,0.7,1.5,4.5,0.4,14400,0.4,72,69.4,4.21,0.48,1.1,0.058,9.65,-1.55,-0.022,0.96
55.0,2.0,0.7,2.5,3.0,0.6,7200,0.2,74,70.3,4.3,0.47,1.1,0.058,10.47,-1.62,-0.022,0.96
55.0,2.0,0.7,2.5,3.0,0.6,7200,0.4,74,70.3,4.3,0.47,1.1,0.058,10.47,-1.62,-0.022,0.96
55.0,2.0,1.0,1.5,4.5,0.6,14400,0.8,70,65.7,4.03,0.57,1.09,0.058,10.6,-1.57,-0.022,0.97
55.0,4.0,1.5,2.5,3.0,0.4,,0.4,61,78.7,3.52,0.29,1.07,0.058,12.0,-1.36,-0.022,0.97
55.0,4.0,1.5,2.5,4.5,0.4,,0.4,61,78.7,3.56,0.29,1.07,0.058,12.0,-1.32,-0.022,0.98
55.0,5.0,1.0,1.5,3.0,0.6,14400,0.2,59,83.1,3.42,0.22,1.07,0.058,10.98,-1.3,-0.022,0.97
55.0,5.0,1.0,1.5,3.0,0.6,14400,0.4,59,83.1,3.42,0.22,1.07,0.058,10.98,-1.3,-0.022,0.97
55.0,5.0,1.0,1.5,3.0,0.6,14400,0.8,59,83.1,3.42,0.22,1.07,0.058,10.98,-1.3,-0.022,0.97
55.0,5.0,1.5,2.5,4.5,0.6,3600,0.8,66,75.8,3.81,0.34,1.07,0.058,11.75,-1.47,-0.022,0.97
40.0,3.0,0.7,1.5,3.0,0.6,1200,0.4,323,76.5,18.45,0.34,1.11,0.057,14.99,-7.39,-0.023,0.96
40.0,3.0,0.7,1.5,4.5,0.8,2400,0.8,338,72.8,19.31,0.42,1.12,0.057,18.69,-7.73,-0.023,0.96
40.0,4.0,0.7,1.5,4.5,0.6,2400,0.8,303,75.9,17.16,0.35,1.11,0.057,18.46,-7.08,-0.023,0.96
40.0,4.0,1.0,1.5,3.0,0.8,1200,0.4,258,76.7,14.83,0.33,1.08,0.057,25.36,-5.82,-0.023,0.97
40.0,4.0,1.5,2.5,4.5,0.8,1200,0.8,334,65.0,19.04,0.6,1.12,0.057,19.59,-7.68,-0.023,0.95
45.0,3.0,1.0,1.5,3.0,0.6,14400,0.2,203,74.4,11.66,0.37,1.07,0.057,22.45,-4.58,-0.023,0.97
45.0,3.0,1.0,1.5,3.0,0.6,14400,0.4,203,74.4,11.66,0.37,1.07,0.057,22.45,-4.58,-0.023,0.97
45.0,3.0,1.0,1.5,4.5,0.6,2400,0.4,205,75.6,11.75,0.35,1.08,0.057,19.49,-4.65,-0.023,0.97
45.0,3.0,1.0,2.5,3.0,0.6,2400,0.4,205,75.1,11.73,0.36,1.08,0.057,20.65,-4.67,-0.023,0.97
50.0,2.0,0.7,1.5,3.0,0.8,2400,0.8,131,63.4,7.43,0.66,1.13,0.057,10.93,-3.05,-0.023,0.95
50.0,2.0,0.7,1.5,4.5,0.6,1200,0.8,142,58.5,8.08,0.83,1.17,0.057,8.56,-3.28,-0.023,0.94
50.0,2.0,0.7,1.5,4.5,0.8,3600,0.2,120,71.7,6.86,0.44,1.1,0.057,13.92,-2.74,-0.023,0.96
50.0,2.0,0.7,2.5,3.0,0.4,2400,0.2,121,71.9,6.89,0.43,1.1,0.057,13.96,-2.79,-0.023,0.96
50.0,2.0,0.7,2.5,3.0,0.8,1200,0.8,142,58.5,8.1,0.84,1.17,0.057,8.67,-3.26,-0.023,0.94
50.0,2.0,1.0,1.5,4.5,0.6,2400,0.8,128,59.4,7.29,0.76,1.11,0.057,11.76,-2.95,-0.023,0.96
50.0,3.0,0.7,1.5,4.5,0.6,1200,0.4,120,73.3,6.84,0.41,1.11,0.057,13.1,-2.76,-0.023,0.96
50.0,3.0,0.7,2.5,3.0,0.8,1200,0.4,120,73.3,6.85,0.41,1.11,0.057,13.48,-2.75,-0.023,0.96
50.0,3.0,0.7,2.5,4.5,0.4,2400,0.2,112,78.6,6.35,0.3,1.09,0.057,15.43,-2.61,-0.023,0.96
50.0,3.0,1.0,1.5,3.0,0.4,1200,0.4,116,69.0,6.59,0.49,1.09,0.057,11.99,-2.69,-0.023,0.96
50.0,3.0,1.0,1.5,4.5,0.4,,0.4,106,73.6,6.06,0.38,1.07,0.057,16.64,-2.42,-0.023,0.97
50.0,3.0,1.0,2.5,3.0,0.8,7200,0.2,106,73.6,6.09,0.38,1.07,0.057,17.1,-2.4,-0.023,0.97
50.0,3.0,1.0,2.5,3.0,0.8,7200,0.4,106,73.6,6.09,0.38,1.07,0.057,17.1,-2.4,-0.023,0.97
50.0,3.0,1.0,2.5,4.5,0.8,1200,0.4,116,69.0,6.59,0.49,1.09,0.057,12.42,-2.69,-0.023,0.96
55.0,2.0,0.7,2.5,4.5,0.6,7200,0.2,74,70.3,4.24,0.46,1.1,0.057,10.47,-1.68,-0.023,0.96
55.0,2.0,0.7,2.5,4.5,0.6,7200,0.4,74,70.3,4.24,0.46,1.1,0.057,10.47,-1.68,-0.023,0.96
55.0,2.0,1.0,1.5,3.0,0.6,7200,0.2,69,66.7,3.96,0.54,1.09,0.057,10.04,-1.56,-0.023,0.97
55.0,2.0,1.0,1.5,3.0,0.6,7200,0.4,69,66.7,3.96,0.54,1.09,0.057,10.04,-1.56,-0.023,0.97
55.0,2.0,1.0,1.5,4.5,0.6,7200,0.2,69,66.7,3.9,0.54,1.08,0.057,10.04,-1.62,-0.023,0.97
55.0,2.0,1.0,1.5,4.5,0.6,7200,0.4,69,66.7,3.9,0.54,1.08,0.057,10.04,-1.62,-0.023,0.97
55.0,2.0,1.0,2.5,3.0,0.6,14400,0.8,70,65.7,3.96,0.57,1.09,0.057,10.71,-1.64,-0.023,0.97
55.0,2.0,1.0,2.5,3.0,0.6,,0.4,69,66.7,3.97,0.54,1.09,0.058,10.88,-1.55,-0.023,0.97
55.0,2.0,1.0,2.5,4.5,0.4,14400,0.8,70,65.7,3.97,0.57,1.09,0.057,10.63,-1.63,-0.023,0.97
55.0,3.0,1.5,2.5,3.0,0.6,3600,0.8,72,68.1,4.13,0.51,1.09,0.057,10.85,-1.63,-0.023,0.97
55.0,3.0,1.5,2.5,4.5,0.6,3600,0.8,72,68.1,4.07,0.51,1.09,0.057,10.85,-1.69,-0.023,0.97
55.0,5.0,1.0,1.5,3.0,0.8,7200,0.2,59,83.1,3.34,0.22,1.07,0.057,10.86,-1.38,-0.023,0.97
55.0,5.0,1.0,1.5,3.0,0.8,7200,0.4,59,83.1,3.34,0.22,1.07,0.057,10.86,-1.38,-0.023,0.97
55.0,5.0,1.0,2.5,4.5,0.8,2400,0.2,59,83.1,3.39,0.22,1.07,0.057,10.76,-1.33,-0.023,0.97
40.0,2.0,0.7,1.5,4.5,0.8,1200,0.4,364,70.6,20.48,0.47,1.12,0.056,13.87,-8.64,-0.024,0.95
40.0,2.0,0.7,2.5,3.0,0.8,1200,0.4,364,70.6,20.27,0.47,1.12,0.056,13.89,-8.85,-0.024,0.95
40.0,3.0,0.7,2.5,3.0,0.8,2400,0.8,338,72.5,18.95,0.42,1.11,0.056,21.01,-8.09,-0.024,0.95
40.0,4.0,1.5,2.5,3.0,0.8,1200,0.8,334,65.0,18.65,0.6,1.12,0.056,19.59,-8.07,-0.024,0.95
45.0,3.0,1.0,1.5,4.5,0.6,14400,0.8,203,74.4,11.39,0.37,1.07,0.056,23.23,-4.85,-0.024,0.97
45.0,3.0,1.5,2.5,4.5,0.6,3600,0.8,222,68.5,12.45,0.5,1.08,0.056,23.72,-5.31,-0.024,0.97
45.0,4.0,1.0,2.5,3.0,0.8,2400,0.8,206,73.3,11.47,0.4,1.09,0.056,23.99,-5.01,-0.024,0.96
50.0,2.0,0.7,2.5,4.5,0.8,1200,0.2,124,71.8,6.88,0.43,1.11,0.055,12.96,-3.04,-0.024,0.96
50.0,2.0,1.0,1.5,4.5,0.4,3600,0.8,125,60.8,7.04,0.71,1.1,0.056,13.03,-2.96,-0.024,0.96
50.0,2.0,1.0,1.5,4.5,0.8,3600,0.2,113,66.4,6.37,0.55,1.08,0.056,15.79,-2.67,-0.024,0.97
50.0,2.0,1.0,2.5,3.0,0.6,1200,0.2,116,65.5,6.49,0.57,1.09,0.056,16.11,-2.79,-0.024,0.96
50.0,2.0,1.0,2.5,3.0,0.8,1200,0.2,116,65.5,6.46,0.57,1.09,0.056,15.31,-2.82,-0.024,0.96
50.0,3.0,0.7,1.5,3.0,0.4,3600,0.2,112,78.6,6.32,0.3,1.09,0.056,15.82,-2.64,-0.024,0.96
50.0,3.0,1.0,1.5,3.0,0.4,14400,0.2,107,73.8,6.03,0.38,1.07,0.056,16.44,-2.53,-0.024,0.97
50.0,3.0,1.0,1.5,3.0,0.4,14400,0.4,107,73.8,6.03,0.38,1.07,0.056,16.44,-2.53,-0.024,0.97
50.0,3.0,1.0,1.5,4.5,0.4,7200,0.2,107,73.8,5.99,0.38,1.07,0.056,16.58,-2.57,-0.024,0.97
50.0,3.0,1.0,1.5,4.5,0.4,7200,0.4,107,73.8,5.99,0.38,1.07,0.056,16.58,-2.57,-0.024,0.97
50.0,3.0,1.0,2.5,4.5,0.8,7200,0.8,109,71.6,6.12,0.43,1.07,0.056,18.37,-2.6,-0.024,0.97
50.0,5.0,0.7,2.5,3.0,0.6,3600,0.8,109,75.2,6.07,0.36,1.1,0.056,16.09,-2.65,-0.024,0.96
50.0,5.0,0.7,2.5,3.0,0.8,3600,0.8,109,75.2,6.1,0.36,1.1,0.056,16.31,-2.62,-0.024,0.96
55.0,2.0,0.7,1.5,4.5,0.4,14400,0.8,72,69.4,4.02,0.48,1.1,0.056,9.74,-1.74,-0.024,0.96
55.0,2.0,1.0,2.5,3.0,0.4,14400,0.8,70,65.7,3.93,0.57,1.08,0.056,10.63,-1.67,-0.024,0.97
55.0,2.0,1.0,2.5,3.0,0.4,,0.4,69,66.7,3.85,0.54,1.08,0.056,10.7,-1.67,-0.024,0.97
55.0,2.0,1.0,2.5,4.5,0.4,,0.4,69,66.7,3.89,0.54,1.08,0.056,10.7,-1.63,-0.024,0.97
55.0,2.0,1.0,2.5,4.5,0.6,,0.4,69,66.7,3.88,0.54,1.08,0.056,10.88,-1.64,-0.024,0.97
55.0,4.0,1.5,2.5,3.0,0.4,7200,0.8,63,77.8,3.5,0.3,1.07,0.056,12.0,-1.54,-0.024,0.97
55.0,4.0,1.5,2.5,4.5,0.4,7200,0.8,63,77.8,3.54,0.3,1.07,0.056,12.0,-1.5,-0.024,0.97
55.0,5.0,1.0,1.5,3.0,0.8,1200,0.4,66,75.8,3.69,0.35,1.08,0.056,10.0,-1.59,-0.024,0.97
55.0,5.0,1.0,1.5,4.5,0.6,14400,0.2,59,83.1,3.33,0.22,1.07,0.056,10.98,-1.39,-0.024,0.97
55.0,5.0,1.0,1.5,4.5,0.6,14400,0.4,59,83.1,3.33,0.22,1.07,0.056,10.98,-1.39,-0.024,0.97
55.0,5.0,1.0,1.5,4.5,0.6,14400,0.8,59,83.1,3.33,0.22,1.07,0.056,10.98,-1.39,-0.024,0.97
55.0,5.0,1.0,1.5,4.5,0.8,7200,0.2,59,83.1,3.28,0.22,1.07,0.056,10.86,-1.44,-0.024,0.97
55.0,5.0,1.0,1.5,4.5,0.8,7200,0.4,59,83.1,3.28,0.22,1.07,0.056,10.86,-1.44,-0.024,0.97
55.0,5.0,1.0,2.5,3.0,0.8,2400,0.2,59,83.1,3.28,0.22,1.07,0.056,10.76,-1.44,-0.024,0.97
40.0,4.0,0.7,1.5,3.0,0.6,2400,0.8,303,75.9,16.66,0.35,1.11,0.055,18.46,-7.58,-0.025,0.95
45.0,3.0,1.0,1.5,3.0,0.6,2400,0.4,205,75.6,11.21,0.35,1.07,0.055,19.49,-5.19,-0.025,0.97
45.0,3.0,1.0,1.5,3.0,0.8,14400,0.8,203,74.4,11.2,0.37,1.07,0.055,22.92,-5.04,-0.025,0.97
45.0,3.0,1.0,1.5,4.5,0.4,1200,0.2,206,74.3,11.39,0.37,1.07,0.055,20.91,-5.09,-0.025,0.97
45.0,3.0,1.0,1.5,4.5,0.6,7200,0.2,203,74.4,11.21,0.37,1.07,0.055,22.51,-5.04,-0.025,0.97
45.0,3.0,1.0,1.5,4.5,0.6,7200,0.4,203,74.4,11.21,0.37,1.07,0.055,22.51,-5.04,-0.025,0.97
45.0,3.0,1.0,1.5,4.5,0.8,7200,0.2,203,74.4,11.12,0.37,1.07,0.055,22.23,-5.12,-0.025,0.97
45.0,3.0,1.0,1.5,4.5,0.8,7200,0.4,203,74.4,11.12,0.37,1.07,0.055,22.23,-5.12,-0.025,0.97
50.0,2.0,0.7,1.5,3.0,0.4,1200,0.4,128,67.2,7.04,0.55,1.12,0.055,10.75,-3.2,-0.025,0.95
50.0,2.0,0.7,1.5,4.5,0.8,1200,0.4,128,67.2,7.08,0.55,1.12,0.055,10.71,-3.16,-0.025,0.95
50.0,2.0,0.7,2.5,3.0,0.6,1200,0.4,128,67.2,7.03,0.55,1.12,0.055,10.68,-3.21,-0.025,0.95
50.0,2.0,0.7,2.5,3.0,0.8,1200,0.4,128,67.2,7.01,0.55,1.12,0.055,10.92,-3.23,-0.025,0.95
50.0,2.0,0.7,2.5,4.5,0.6,1200,0.2,124,71.8,6.77,0.43,1.1,0.055,13.09,-3.15,-0.025,0.95
50.0,2.0,1.0,2.5,3.0,0.6,7200,0.8,117,65.0,6.46,0.59,1.09,0.055,17.37,-2.9,-0.025,0.96
50.0,3.0,0.7,1.5,4.5,0.4,2400,0.4,115,78.3,6.35,0.3,1.1,0.055,12.92,-2.85,-0.025,0.96
50.0,3.0,0.7,1.5,4.5,0.6,2400,0.8,124,69.4,6.83,0.49,1.11,0.055,12.82,-3.09,-0.025,0.95
50.0,5.0,0.7,1.5,4.5,0.6,3600,0.8,109,75.2,5.95,0.36,1.1,0.055,15.95,-2.77,-0.025,0.96
50.0,5.0,1.0,2.5,3.0,0.4,3600,0.8,99,74.7,5.42,0.36,1.07,0.055,18.47,-2.51,-0.025,0.97
55.0,2.0,0.7,1.5,3.0,0.4,14400,0.8,72,69.4,3.98,0.48,1.1,0.055,9.74,-1.78,-0.025,0.96
55.0,2.0,0.7,1.5,4.5,0.8,1200,0.8,88,58.0,4.83,0.84,1.16,0.055,4.63,-2.21,-0.025,0.93
55.0,2.0,1.0,2.5,4.5,0.6,14400,0.8,70,65.7,3.88,0.57,1.08,0.055,10.71,-1.72,-0.025,0.96
55.0,2.0,1.0,2.5,4.5,0.8,2400,0.4,71,66.2,3.88,0.56,1.09,0.055,9.03,-1.8,-0.025,0.96
55.0,4.0,0.7,2.5,4.5,0.4,1200,0.4,69,75.4,3.78,0.36,1.1,0.055,8.25,-1.74,-0.025,0.96
55.0,5.0,0.7,1.5,3.0,0.8,7200,0.8,66,81.8,3.61,0.24,1.08,0.055,10.0,-1.67,-0.025,0.96
55.0,5.0,1.0,1.5,3.0,0.6,7200,0.2,59,83.1,3.25,0.22,1.07,0.055,10.86,-1.47,-0.025,0.97
55.0,5.0,1.0,1.5,3.0,0.6,7200,0.4,59,83.1,3.25,0.22,1.07,0.055,10.86,-1.47,-0.025,0.97
40.0,2.0,0.7,1.5,3.0,0.8,1200,0.4,364,70.6,19.63,0.47,1.12,0.054,14.24,-9.49,-0.026,0.95
40.0,3.0,0.7,1.5,3.0,0.8,2400,0.8,338,72.8,18.28,0.42,1.11,0.054,18.69,-8.76,-0.026,0.95
45.0,3.0,1.0,1.5,3.0,0.4,1200,0.2,206,74.3,11.12,0.37,1.07,0.054,20.91,-5.36,-0.026,0.97
45.0,3.0,1.0,1.5,3.0,0.6,14400,0.8,203,74.4,10.9,0.37,1.07,0.054,23.2,-5.34,-0.026,0.97
45.0,3.0,1.5,2.5,3.0,0.6,3600,0.8,222,68.5,12.05,0.5,1.08,0.054,23.66,-5.71,-0.026,0.96
45.0,4.0,1.0,1.5,4.5,0.8,2400,0.8,206,73.3,11.18,0.4,1.09,0.054,24.96,-5.3,-0.026,0.96
50.0,2.0,0.7,1.5,3.0,0.6,3600,0.2,120,71.7,6.53,0.43,1.1,0.054,14.36,-3.07,-0.026,0.96
50.0,2.0,0.7,1.5,3.0,0.8,2400,0.4,124,71.0,6.73,0.45,1.11,0.054,11.2,-3.19,-0.026,0.95
50.0,2.0,0.7,1.5,4.5,0.4,1200,0.2,124,71.8,6.69,0.43,1.1,0.054,12.96,-3.23,-0.026,0.95
50.0,2.0,0.7,1.5,4.5,0.6,1200,0.4,128,67.2,6.88,0.55,1.12,0.054,10.54,-3.36,-0.026,0.95
50.0,2.0,1.0,1.5,3.0,0.4,3600,0.8,125,60.8,6.72,0.71,1.1,0.054,13.03,-3.28,-0.026,0.96
50.0,2.0,1.0,1.5,4.5,0.4,1200,0.2,116,65.5,6.29,0.57,1.08,0.054,15.65,-2.99,-0.026,0.96
50.0,2.0,1.0,1.5,4.5,0.8,2400,0.8,128,59.4,6.9,0.76,1.1,0.054,11.21,-3.35,-0.026,0.95
50.0,3.0,0.7,1.5,3.0,0.6,3600,0.8,123,69.1,6.6,0.49,1.11,0.054,12.68,-3.24,-0.026,0.95
50.0,3.0,0.7,2.5,3.0,0.6,2400,0.8,124,69.4,6.7,0.49,1.11,0.054,12.82,-3.22,-0.026,0.95
50.0,3.0,0.7,2.5,4.5,0.8,3600,0.2,111,78.4,5.95,0.3,1.09,0.054,16.33,-2.93,-0.026,0.96
50.0,3.0,1.0,1.5,3.0,0.4,7200,0.2,107,73.8,5.76,0.38,1.07,0.054,16.58,-2.8,-0.026,0.97
50.0,3.0,1.0,1.5,3.0,0.4,7200,0.4,107,73.8,5.76,0.38,1.07,0.054,16.58,-2.8,-0.026,0.97
50.0,3.0,1.0,2.5,3.0,0.6,1200,0.4,116,69.0,6.3,0.49,1.09,0.054,12.3,-2.98,-0.026,0.96
50.0,3.0,1.0,2.5,4.5,0.4,2400,0.8,121,66.1,6.58,0.56,1.09,0.054,14.58,-3.1,-0.026,0.96
55.0,2.0,0.7,2.5,4.5,0.4,1200,0.8,88,58.0,4.74,0.84,1.16,0.054,4.63,-2.3,-0.026,0.93
55.0,2.0,1.0,2.5,3.0,0.4,3600,0.2,69,66.7,3.7,0.54,1.08,0.054,10.38,-1.82,-0.026,0.96
55.0,2.0,1.0,2.5,3.0,0.4,3600,0.4,69,66.7,3.7,0.54,1.08,0.054,10.38,-1.82,-0.026,0.96
55.0,2.0,1.0,2.5,4.5,0.4,3600,0.2,69,66.7,3.74,0.54,1.08,0.054,10.38,-1.78,-0.026,0.96
55.0,2.0,1.0,2.5,4.5,0.4,3600,0.4,69,66.7,3.74,0.54,1.08,0.054,10.38,-1.78,-0.026,0.96
55.0,2.0,1.0,2.5,4.5,0.6,2400,0.2,69,66.7,3.73,0.54,1.08,0.054,10.29,-1.79,-0.026,0.96
55.0,2.0,1.0,2.5,4.5,0.6,2400,0.4,71,66.2,3.86,0.56,1.09,0.054,9.03,-1.82,-0.026,0.96
55.0,2.0,1.0,2.5,4.5,0.8,2400,0.2,69,66.7,3.75,0.54,1.08,0.054,10.29,-1.77,-0.026,0.96
55.0,2.0,1.0,2.5,4.5,0.8,7200,0.8,73,65.8,3.91,0.56,1.08,0.054,10.73,-1.93,-0.026,0.96
55.0,5.0,0.7,1.5,3.0,0.6,7200,0.8,65,83.1,3.53,0.22,1.08,0.054,10.0,-1.67,-0.026,0.96
55.0,5.0,0.7,1.5,4.5,0.8,7200,0.8,66,81.8,3.54,0.24,1.08,0.054,10.0,-1.74,-0.026,0.96
55.0,5.0,1.0,1.5,4.5,0.6,1200,0.4,66,75.8,3.59,0.35,1.08,0.054,10.0,-1.69,-0.026,0.96
55.0,5.0,1.0,1.5,4.5,0.6,7200,0.2,59,83.1,3.19,0.22,1.06,0.054,10.86,-1.53,-0.026,0.97
55.0,5.0,1.0,1.5,4.5,0.6,7200,0.4,59,83.1,3.19,0.22,1.06,0.054,10.86,-1.53,-0.026,0.97
40.0,3.0,0.7,2.5,4.5,0.8,1200,0.4,323,76.5,17.23,0.34,1.11,0.053,15.04,-8.61,-0.027,0.95
40.0,4.0,0.7,2.5,4.5,0.6,1200,0.8,354,66.9,18.67,0.56,1.14,0.053,19.41,-9.65,-0.027,0.93
45.0,3.0,1.0,1.5,3.0,0.6,7200,0.2,203,74.4,10.8,0.37,1.07,0.053,22.38,-5.44,-0.027,0.97
45.0,3.0,1.0,1.5,3.0,0.6,7200,0.4,203,74.4,10.8,0.37,1.07,0.053,22.38,-5.44,-0.027,0.97
45.0,3.0,1.0,1.5,4.5,0.4,3600,0.2,204,74.5,10.72,0.37,1.07,0.053,22.63,-5.6,-0.027,0.97
50.0,2.0,0.7,1.5,3.0,0.6,1200,0.8,142,58.5,7.55,0.83,1.16,0.053,8.56,-3.81,-0.027,0.93
50.0,2.0,0.7,1.5,3.0,0.8,1200,0.8,142,58.5,7.51,0.83,1.16,0.053,8.67,-3.85,-0.027,0.92
50.0,2.0,0.7,2.5,4.5,0.6,2400,0.2,120,71.7,6.39,0.43,1.1,0.053,14.44,-3.21,-0.027,0.95
50.0,2.0,1.0,1.5,3.0,0.6,3600,0.2,113,66.4,6.01,0.55,1.08,0.053,16.39,-3.03,-0.027,0.96
50.0,2.0,1.0,2.5,4.5,0.8,3600,0.8,124,60.5,6.62,0.72,1.09,0.053,13.46,-3.3,-0.027,0.96
50.0,3.0,0.7,1.5,3.0,0.6,1200,0.4,120,73.3,6.31,0.4,1.11,0.053,13.47,-3.29,-0.027,0.95
50.0,3.0,0.7,1.5,3.0,0.8,3600,0.8,123,69.1,6.48,0.49,1.1,0.053,12.8,-3.36,-0.027,0.95
50.0,3.0,0.7,2.5,3.0,0.4,2400,0.2,112,78.6,5.95,0.3,1.09,0.053,15.43,-3.01,-0.027,0.96
50.0,3.0,1.0,2.5,3.0,0.8,3600,0.4,106,74.5,5.59,0.37,1.07,0.053,14.6,-2.89,-0.027,0.97
50.0,3.0,1.0,2.5,4.5,0.6,3600,0.4,106,74.5,5.62,0.37,1.07,0.053,14.24,-2.86,-0.027,0.97
50.0,3.0,1.0,2.5,4.5,0.6,7200,0.2,106,73.6,5.61,0.38,1.07,0.053,16.8,-2.87,-0.027,0.97
50.0,3.0,1.0,2.5,4.5,0.6,7200,0.4,106,73.6,5.61,0.38,1.07,0.053,16.8,-2.87,-0.027,0.97
55.0,2.0,0.7,2.5,3.0,0.4,1200,0.8,88,58.0,4.63,0.84,1.15,0.053,4.63,-2.41,-0.027,0.93
55.0,2.0,1.0,1.5,4.5,0.8,7200,0.8,73,65.8,3.9,0.56,1.08,0.053,10.92,-1.94,-0.027,0.96
55.0,2.0,1.0,2.5,3.0,0.6,2400,0.2,69,66.7,3.66,0.54,1.08,0.053,10.29,-1.86,-0.027,0.96
55.0,2.0,1.0,2.5,3.0,0.6,2400,0.4,71,66.2,3.79,0.55,1.09,0.053,9.03,-1.89,-0.027,0.96
55.0,2.0,1.0,2.5,3.0,0.8,2400,0.2,69,66.7,3.64,0.54,1.08,0.053,10.29,-1.88,-0.027,0.96
55.0,2.0,1.0,2.5,3.0,0.8,2400,0.4,71,66.2,3.77,0.55,1.09,0.053,9.03,-1.91,-0.027,0.96
55.0,3.0,0.7,1.5,3.0,0.6,3600,0.8,76,71.1,4.04,0.45,1.1,0.053,7.62,-2.04,-0.027,0.95
55.0,4.0,0.7,2.5,3.0,0.4,1200,0.4,69,75.4,3.67,0.36,1.09,0.053,8.25,-1.85,-0.027,0.95
55.0,5.0,0.7,1.5,4.5,0.4,2400,0.8,72,79.2,3.84,0.29,1.09,0.053,7.9,-1.92,-0.027,0.96
55.0,5.0,0.7,1.5,4.5,0.6,7200,0.8,65,83.1,3.47,0.22,1.08,0.053,10.0,-1.73,-0.027,0.96
55.0,5.0,1.0,1.5,3.0,0.6,1200,0.4,66,75.8,3.53,0.34,1.08,0.053,10.0,-1.75,-0.027,0.96
40.0,3.0,0.7,2.5,3.0,0.8,1200,0.4,323,76.5,16.69,0.34,1.1,0.052,15.04,-9.15,-0.028,0.95
40.0,4.0,0.7,1.5,3.0,0.6,1200,0.8,354,66.9,18.24,0.56,1.14,0.052,19.49,-10.08,-0.028,0.93
40.0,4.0,0.7,1.5,4.5,0.6,1200,0.8,354,66.9,18.47,0.56,1.14,0.052,19.49,-9.85,-0.028,0.93
40.0,4.0,0.7,2.5,3.0,0.6,1200,0.8,354,66.9,18.45,0.56,1.14,0.052,19.41,-9.87,-0.028,0.93
50.0,3.0,0.7,1.5,3.0,0.4,2400,0.4,115,78.3,5.96,0.3,1.09,0.052,13.3,-3.24,-0.028,0.95
50.0,3.0,0.7,1.5,3.0,0.8,1200,0.4,120,73.3,6.25,0.4,1.1,0.052,13.64,-3.35,-0.028,0.95
50.0,3.0,0.7,1.5,4.5,0.8,2400,0.8,124,69.4,6.45,0.49,1.11,0.052,12.93,-3.47,-0.028,0.94
55.0,2.0,0.7,1.5,3.0,0.8,1200,0.8,88,58.0,4.61,0.84,1.15,0.052,4.63,-2.43,-0.028,0.93
55.0,2.0,0.7,1.5,4.5,0.4,1200,0.8,88,58.0,4.58,0.84,1.15,0.052,4.63,-2.46,-0.028,0.93
55.0,3.0,0.7,1.5,4.5,0.6,3600,0.8,76,71.1,3.98,0.45,1.1,0.052,7.62,-2.1,-0.028,0.95
55.0,5.0,0.7,1.5,3.0,0.4,2400,0.8,72,79.2,3.72,0.29,1.09,0.052,7.9,-2.04,-0.028,0.95
55.0,5.0,1.0,1.5,4.5,0.6,2400,0.2,59,83.1,3.06,0.22,1.06,0.052,10.86,-1.67,-0.028,0.97
55.0,5.0,1.0,1.5,4.5,0.8,,0.4,59,83.1,3.04,0.22,1.06,0.052,12.06,-1.68,-0.028,0.97
40.0,3.0,0.7,1.5,4.5,0.8,1200,0.4,323,76.5,16.49,0.34,1.1,0.051,15.1,-9.35,-0.029,0.95
40.0,3.0,1.5,2.5,4.5,0.6,1200,0.8,377,61.3,19.4,0.7,1.11,0.051,17.84,-10.76,-0.029,0.94
40.0,4.0,0.7,1.5,4.5,0.8,1200,0.4,281,79.7,14.31,0.28,1.1,0.051,16.99,-8.17,-0.029,0.95
40.0,4.0,0.7,2.5,4.5,0.8,2400,0.8,303,75.9,15.53,0.35,1.1,0.051,19.54,-8.71,-0.029,0.95
40.0,4.0,1.5,2.5,3.0,0.6,1200,0.8,334,64.7,16.87,0.6,1.1,0.051,21.96,-9.85,-0.029,0.94
40.0,4.0,1.5,2.5,4.5,0.6,1200,0.8,334,64.7,17.1,0.6,1.11,0.051,22.0,-9.62,-0.029,0.94
45.0,3.0,1.0,1.5,3.0,0.4,3600,0.2,204,74.5,10.45,0.37,1.07,0.051,22.56,-5.87,-0.029,0.96
50.0,2.0,0.7,1.5,3.0,0.4,1200,0.2,124,71.8,6.3,0.43,1.1,0.051,12.96,-3.62,-0.029,0.95
50.0,2.0,0.7,1.5,3.0,0.8,3600,0.2,120,71.7,6.15,0.43,1.09,0.051,14.01,-3.45,-0.029,0.95
50.0,2.0,0.7,1.5,4.5,0.8,1200,0.2,124,71.8,6.33,0.43,1.1,0.051,12.96,-3.59,-0.029,0.95
50.0,2.0,0.7,2.5,4.5,0.8,2400,0.2,120,71.7,6.08,0.43,1.09,0.051,13.62,-3.52,-0.029,0.95
50.0,2.0,1.0,1.5,3.0,0.4,1200,0.2,116,65.5,5.9,0.57,1.08,0.051,15.65,-3.39,-0.029,0.96
50.0,2.0,1.0,1.5,3.0,0.6,2400,0.8,128,59.4,6.53,0.75,1.1,0.051,11.76,-3.71,-0.029,0.95
50.0,2.0,1.0,2.5,4.5,0.6,3600,0.8,124,60.5,6.28,0.71,1.09,0.051,14.01,-3.64,-0.029,0.95
50.0,3.0,0.7,2.5,3.0,0.8,2400,0.8,124,69.4,6.38,0.49,1.11,0.051,12.93,-3.54,-0.029,0.94
50.0,3.0,0.7,2.5,4.5,0.4,1200,0.2,115,78.3,5.92,0.3,1.09,0.051,16.95,-3.28,-0.029,0.95
50.0,3.0,1.0,1.5,4.5,0.6,1200,0.4,116,69.0,5.88,0.49,1.08,0.051,12.24,-3.4,-0.029,0.96
50.0,3.0,1.0,2.5,3.0,0.4,2400,0.8,121,66.1,6.19,0.56,1.08,0.051,14.58,-3.49,-0.029,0.95
50.0,3.0,1.0,2.5,3.0,0.8,1200,0.4,116,69.0,5.92,0.49,1.08,0.051,12.42,-3.36,-0.029,0.96
50.0,5.0,0.7,1.5,4.5,0.8,3600,0.8,109,75.2,5.52,0.36,1.09,0.051,16.35,-3.2,-0.029,0.95
55.0,2.0,0.7,1.5,3.0,0.4,1200,0.8,88,58.0,4.46,0.83,1.15,0.051,4.63,-2.58,-0.029,0.92
55.0,2.0,1.0,1.5,4.5,0.6,2400,0.4,71,66.2,3.65,0.55,1.08,0.051,9.03,-2.03,-0.029,0.96
55.0,2.0,1.0,1.5,4.5,0.8,2400,0.4,71,66.2,3.62,0.55,1.08,0.051,9.03,-2.06,-0.029,0.96
55.0,2.0,1.0,2.5,3.0,0.6,7200,0.2,69,66.7,3.51,0.54,1.08,0.051,10.09,-2.01,-0.029,0.96
55.0,2.0,1.0,2.5,3.0,0.6,7200,0.4,69,66.7,3.51,0.54,1.08,0.051,10.09,-2.01,-0.029,0.96
55.0,3.0,0.7,1.5,3.0,0.6,14400,0.2,65,76.9,3.33,0.32,1.08,0.051,12.23,-1.87,-0.029,0.96
55.0,3.0,0.7,1.5,3.0,0.6,14400,0.4,65,76.9,3.33,0.32,1.08,0.051,12.23,-1.87,-0.029,0.96
55.0,3.0,0.7,1.5,3.0,0.6,14400,0.8,65,76.9,3.33,0.32,1.08,0.051,12.23,-1.87,-0.029,0.96
55.0,3.0,1.0,2.5,4.5,0.4,7200,0.8,66,74.2,3.33,0.37,1.07,0.05,13.32,-1.95,-0.029,0.96
55.0,4.0,0.7,2.5,4.5,0.4,14400,0.2,63,81.0,3.21,0.25,1.07,0.051,11.4,-1.83,-0.029,0.96
55.0,4.0,0.7,2.5,4.5,0.4,14400,0.4,63,81.0,3.21,0.25,1.07,0.051,11.4,-1.83,-0.029,0.96
55.0,4.0,0.7,2.5,4.5,0.4,14400,0.8,63,81.0,3.21,0.25,1.07,0.051,11.4,-1.83,-0.029,0.96
55.0,5.0,1.0,1.5,3.0,0.6,2400,0.2,59,83.1,2.99,0.22,1.06,0.051,10.86,-1.73,-0.029,0.97
40.0,2.0,1.0,2.5,4.5,0.4,1200,0.8,421,60.1,21.24,0.75,1.13,0.05,13.64,-12.44,-0.03,0.93
40.0,3.0,1.5,2.5,3.0,0.6,1200,0.8,377,61.3,18.8,0.7,1.11,0.05,17.8,-11.36,-0.03,0.94
40.0,4.0,0.7,1.5,3.0,0.8,1200,0.4,281,79.7,14.14,0.28,1.09,0.05,16.99,-8.34,-0.03,0.95
40.0,4.0,0.7,1.5,4.5,0.8,2400,0.8,303,75.9,15.0,0.35,1.1,0.05,19.21,-9.24,-0.03,0.94
45.0,3.0,1.0,2.5,4.5,0.6,3600,0.4,204,74.5,10.14,0.36,1.07,0.05,20.34,-6.18,-0.03,0.96
45.0,4.0,1.0,1.5,3.0,0.8,2400,0.8,206,73.3,10.23,0.39,1.08,0.05,24.99,-6.25,-0.03,0.95
50.0,2.0,0.7,1.5,3.0,0.6,1200,0.4,128,67.2,6.35,0.54,1.11,0.05,10.92,-3.89,-0.03,0.94
50.0,2.0,0.7,1.5,3.0,0.8,1200,0.4,128,67.2,6.41,0.54,1.11,0.05,11.09,-3.83,-0.03,0.94
50.0,2.0,0.7,2.5,3.0,0.6,1200,0.2,124,71.8,6.24,0.43,1.1,0.05,13.09,-3.68,-0.03,0.95
50.0,2.0,0.7,2.5,3.0,0.8,1200,0.2,124,71.8,6.22,0.43,1.1,0.05,12.96,-3.71,-0.03,0.95
50.0,2.0,1.0,1.5,3.0,0.8,3600,0.2,113,66.4,5.65,0.54,1.07,0.05,15.81,-3.39,-0.03,0.96
50.0,2.0,1.0,1.5,4.5,0.8,1200,0.2,116,65.5,5.8,0.57,1.08,0.05,15.25,-3.48,-0.03,0.96
50.0,3.0,0.7,2.5,4.5,0.6,2400,0.4,114,78.1,5.69,0.31,1.09,0.05,12.86,-3.43,-0.03,0.95
50.0,3.0,1.0,1.5,3.0,0.6,,0.4,106,73.6,5.33,0.38,1.06,0.05,16.23,-3.15,-0.03,0.96
50.0,3.0,1.0,1.5,4.5,0.8,1200,0.4,116,69.0,5.79,0.49,1.08,0.05,12.36,-3.49,-0.03,0.95
55.0,2.0,0.7,1.5,4.5,0.6,1200,0.8,88,58.0,4.37,0.83,1.14,0.05,4.63,-2.67,-0.03,0.92
55.0,2.0,1.0,1.5,3.0,0.4,7200,0.2,69,66.7,3.42,0.54,1.07,0.05,10.38,-2.1,-0.03,0.96
55.0,2.0,1.0,1.5,3.0,0.4,7200,0.4,69,66.7,3.42,0.54,1.07,0.05,10.38,-2.1,-0.03,0.96
55.0,2.0,1.0,1.5,3.0,0.6,2400,0.4,71,66.2,3.58,0.55,1.08,0.05,9.03,-2.1,-0.03,0.95
55.0,2.0,1.0,1.5,4.5,0.4,2400,0.4,71,66.2,3.53,0.55,1.08,0.05,9.12,-2.15,-0.03,0.95
55.0,2.0,1.0,1.5,4.5,0.4,7200,0.2,69,66.7,3.46,0.54,1.08,0.05,10.38,-2.06,-0.03,0.96
55.0,2.0,1.0,1.5,4.5,0.4,7200,0.4,69,66.7,3.46,0.54,1.08,0.05,10.38,-2.06,-0.03,0.96
55.0,2.0,1.0,1.5,4.5,0.4,14400,0.2,69,66.7,3.43,0.54,1.07,0.05,10.39,-2.09,-0.03,0.96
55.0,2.0,1.0,1.5,4.5,0.4,14400,0.4,69,66.7,3.43,0.54,1.07,0.05,10.39,-2.09,-0.03,0.96
55.0,2.0,1.0,2.5,4.5,0.6,7200,0.2,69,66.7,3.45,0.54,1.08,0.05,10.09,-2.07,-0.03,0.96
55.0,2.0,1.0,2.5,4.5,0.6,7200,0.4,69,66.7,3.45,0.54,1.08,0.05,10.09,-2.07,-0.03,0.96
55.0,3.0,0.7,1.5,4.5,0.6,14400,0.2,65,76.9,3.24,0.32,1.08,0.05,12.23,-1.96,-0.03,0.95
55.0,3.0,0.7,1.5,4.5,0.6,14400,0.4,65,76.9,3.24,0.32,1.08,0.05,12.23,-1.96,-0.03,0.95
55.0,3.0,0.7,1.5,4.5,0.6,14400,0.8,65,76.9,3.24,0.32,1.08,0.05,12.23,-1.96,-0.03,0.95
55.0,3.0,1.0,2.5,3.0,0.4,7200,0.8,66,74.2,3.29,0.37,1.07,0.05,13.32,-1.99,-0.03,0.96
55.0,4.0,0.7,2.5,3.0,0.4,14400,0.2,63,81.0,3.17,0.25,1.07,0.05,11.4,-1.87,-0.03,0.96
55.0,4.0,0.7,2.5,3.0,0.4,14400,0.4,63,81.0,3.17,0.25,1.07,0.05,11.4,-1.87,-0.03,0.96
55.0,4.0,0.7,2.5,3.0,0.4,14400,0.8,63,81.0,3.17,0.25,1.07,0.05,11.4,-1.87,-0.03,0.96
55.0,5.0,1.0,2.5,4.5,0.8,1200,0.4,66,75.8,3.29,0.34,1.07,0.05,10.0,-1.99,-0.03,0.96
40.0,2.0,1.0,2.5,3.0,0.4,1200,0.8,421,60.1,20.43,0.75,1.12,0.049,14.01,-13.25,-0.031,0.93
40.0,3.0,0.7,1.5,3.0,0.8,1200,0.4,323,76.5,15.94,0.34,1.1,0.049,15.1,-9.9,-0.031,0.94
40.0,4.0,0.7,2.5,3.0,0.8,1200,0.4,281,79.7,13.64,0.28,1.09,0.049,17.25,-8.84,-0.031,0.94
40.0,4.0,0.7,2.5,3.0,0.8,2400,0.8,303,75.9,14.73,0.35,1.09,0.049,19.54,-9.51,-0.031,0.94
40.0,4.0,0.7,2.5,4.5,0.8,1200,0.4,281,79.7,13.82,0.28,1.09,0.049,17.25,-8.66,-0.031,0.94
50.0,2.0,0.7,1.5,4.5,0.6,1200,0.2,124,71.8,6.13,0.43,1.09,0.049,13.04,-3.79,-0.031,0.94
50.0,2.0,1.0,1.5,4.5,0.6,7200,0.8,117,65.0,5.76,0.58,1.08,0.049,17.08,-3.6,-0.031,0.95
50.0,3.0,0.7,1.5,3.0,0.6,2400,0.8,124,69.4,6.07,0.49,1.1,0.049,12.82,-3.85,-0.031,0.94
50.0,5.0,0.7,1.5,3.0,0.6,3600,0.8,109,75.2,5.32,0.36,1.09,0.049,16.32,-3.41,-0.031,0.95
55.0,2.0,0.7,1.5,3.0,0.6,1200,0.8,88,58.0,4.31,0.83,1.14,0.049,4.63,-2.73,-0.031,0.92
55.0,2.0,1.0,1.5,3.0,0.4,14400,0.2,69,66.7,3.38,0.54,1.07,0.049,10.39,-2.14,-0.031,0.96
55.0,2.0,1.0,1.5,3.0,0.4,14400,0.4,69,66.7,3.38,0.54,1.07,0.049,10.39,-2.14,-0.031,0.96
55.0,2.0,1.0,1.5,3.0,0.8,2400,0.4,71,66.2,3.51,0.55,1.08,0.049,9.03,-2.17,-0.031,0.95
55.0,2.0,1.0,1.5,3.0,0.8,7200,0.8,73,65.8,3.59,0.56,1.08,0.049,10.92,-2.25,-0.031,0.95
55.0,2.0,1.0,1.5,4.5,0.6,2400,0.2,69,66.7,3.38,0.54,1.07,0.049,10.29,-2.14,-0.031,0.96
55.0,2.0,1.0,2.5,3.0,0.8,7200,0.8,73,65.8,3.6,0.56,1.08,0.049,10.73,-2.24,-0.031,0.95
55.0,2.0,1.0,2.5,4.5,0.4,7200,0.8,72,66.7,3.52,0.54,1.08,0.049,11.1,-2.24,-0.031,0.95
55.0,3.0,1.5,2.5,4.5,0.8,2400,0.4,65,75.4,3.16,0.35,1.07,0.049,13.23,-2.04,-0.031,0.96
55.0,5.0,1.0,1.5,4.5,0.8,2400,0.2,59,83.1,2.9,0.22,1.06,0.049,10.86,-1.82,-0.031,0.96
45.0,3.0,1.0,1.5,4.5,0.4,7200,0.8,209,73.2,10.13,0.39,1.06,0.048,25.81,-6.59,-0.032,0.96
45.0,3.0,1.0,2.5,3.0,0.6,3600,0.4,204,74.5,9.74,0.36,1.06,0.048,20.31,-6.58,-0.032,0.96
50.0,2.0,0.7,1.5,4.5,0.4,2400,0.2,121,71.9,5.86,0.43,1.09,0.048,13.98,-3.82,-0.032,0.94
50.0,2.0,1.0,1.5,3.0,0.8,2400,0.8,128,59.4,6.11,0.75,1.09,0.048,11.22,-4.13,-0.032,0.94
50.0,2.0,1.0,1.5,4.5,0.6,1200,0.2,116,65.5,5.6,0.57,1.07,0.048,16.0,-3.68,-0.032,0.95
50.0,2.0,1.0,2.5,3.0,0.8,3600,0.8,124,60.5,5.9,0.71,1.08,0.048,13.53,-4.02,-0.032,0.95
50.0,3.0,0.7,2.5,3.0,0.4,1200,0.2,115,78.3,5.53,0.3,1.08,0.048,16.95,-3.67,-0.032,0.95
50.0,3.0,0.7,2.5,3.0,0.8,3600,0.2,111,78.4,5.28,0.3,1.08,0.048,16.33,-3.6,-0.032,0.95
50.0,3.0,1.0,1.5,3.0,0.8,,0.4,105,73.3,4.99,0.39,1.06,0.048,16.51,-3.41,-0.032,0.96
50.0,3.0,1.0,2.5,3.0,0.6,7200,0.2,106,73.6,5.09,0.38,1.06,0.048,16.8,-3.39,-0.032,0.96
50.0,3.0,1.0,2.5,3.0,0.6,7200,0.4,106,73.6,5.09,0.38,1.06,0.048,16.8,-3.39,-0.032,0.96
55.0,2.0,0.7,2.5,4.5,0.8,1200,0.8,88,58.0,4.21,0.83,1.14,0.048,4.63,-2.83,-0.032,0.92
55.0,2.0,1.0,1.5,3.0,0.4,2400,0.4,71,66.2,3.42,0.55,1.08,0.048,9.12,-2.26,-0.032,0.95
55.0,2.0,1.0,1.5,3.0,0.6,2400,0.2,69,66.7,3.31,0.54,1.07,0.048,10.29,-2.21,-0.032,0.95
55.0,2.0,1.0,1.5,4.5,0.4,2400,0.2,69,66.7,3.31,0.54,1.07,0.048,10.38,-2.21,-0.032,0.95
55.0,2.0,1.0,1.5,4.5,0.8,2400,0.2,69,66.7,3.35,0.54,1.07,0.049,10.29,-2.17,-0.032,0.95
55.0,2.0,1.0,2.5,3.0,0.4,7200,0.8,72,66.7,3.48,0.54,1.07,0.048,11.1,-2.28,-0.032,0.95
55.0,3.0,0.7,1.5,3.0,0.8,3600,0.8,76,71.1,3.63,0.44,1.09,0.048,7.61,-2.45,-0.032,0.94
55.0,4.0,0.7,1.5,4.5,0.4,1200,0.4,69,75.4,3.33,0.35,1.09,0.048,8.21,-2.19,-0.032,0.95
55.0,4.0,0.7,1.5,4.5,0.8,1200,0.4,69,75.4,3.32,0.35,1.09,0.048,8.23,-2.2,-0.032,0.95
55.0,4.0,1.5,2.5,4.5,0.4,1200,0.2,63,76.2,3.04,0.33,1.06,0.048,12.16,-2.0,-0.032,0.96
55.0,5.0,1.0,1.5,3.0,0.6,,0.4,59,83.1,2.86,0.22,1.06,0.048,11.64,-1.86,-0.032,0.96
55.0,5.0,1.0,2.5,3.0,0.6,14400,0.2,59,83.1,2.81,0.22,1.06,0.048,10.89,-1.91,-0.032,0.96
55.0,5.0,1.0,2.5,3.0,0.6,14400,0.4,59,83.1,2.81,0.22,1.06,0.048,10.89,-1.91,-0.032,0.96
55.0,5.0,1.0,2.5,3.0,0.6,14400,0.8,59,83.1,2.81,0.22,1.06,0.048,10.89,-1.91,-0.032,0.96
40.0,4.0,0.7,1.5,3.0,0.8,2400,0.8,303,75.9,14.21,0.35,1.09,0.047,19.21,-10.04,-0.033,0.94
45.0,3.0,1.0,1.5,3.0,0.8,7200,0.2,203,74.4,9.56,0.37,1.06,0.047,22.15,-6.68,-0.033,0.96
45.0,3.0,1.0,1.5,3.0,0.8,7200,0.4,203,74.4,9.56,0.37,1.06,0.047,22.15,-6.68,-0.033,0.96
45.0,3.0,1.0,2.5,4.5,0.8,2400,0.4,205,75.1,9.6,0.35,1.06,0.047,21.35,-6.8,-0.033,0.96
50.0,2.0,0.7,2.5,3.0,0.6,2400,0.2,120,71.7,5.64,0.43,1.09,0.047,14.44,-3.97,-0.033,0.94
50.0,3.0,1.0,2.5,3.0,0.6,3600,0.4,106,74.5,4.99,0.36,1.06,0.047,14.24,-3.49,-0.033,0.96
55.0,2.0,1.0,1.5,3.0,0.8,2400,0.2,69,66.7,3.24,0.54,1.07,0.047,10.29,-2.28,-0.033,0.95
55.0,3.0,0.7,1.5,4.5,0.8,3600,0.8,76,71.1,3.57,0.44,1.09,0.047,7.61,-2.51,-0.033,0.94
55.0,3.0,0.7,2.5,3.0,0.6,3600,0.8,76,71.1,3.56,0.44,1.09,0.047,7.69,-2.52,-0.033,0.94
55.0,3.0,1.5,2.5,3.0,0.8,2400,0.4,65,75.4,3.05,0.35,1.06,0.047,13.23,-2.15,-0.033,0.96
55.0,4.0,0.7,1.5,3.0,0.4,1200,0.4,69,75.4,3.22,0.35,1.08,0.047,8.21,-2.3,-0.033,0.94
55.0,5.0,0.7,2.5,4.5,0.6,2400,0.8,72,79.2,3.35,0.28,1.08,0.047,8.18,-2.41,-0.033,0.94
55.0,5.0,1.0,1.5,3.0,0.8,2400,0.2,59,83.1,2.79,0.22,1.06,0.047,10.86,-1.93,-0.033,0.96
55.0,5.0,1.0,2.5,3.0,0.8,1200,0.4,66,75.8,3.07,0.34,1.07,0.047,10.0,-2.21,-0.033,0.95
55.0,5.0,1.0,2.5,3.0,0.8,,0.4,59,83.1,2.78,0.22,1.06,0.047,12.2,-1.94,-0.033,0.96
55.0,5.0,1.0,2.5,4.5,0.6,1200,0.4,66,75.8,3.12,0.34,1.07,0.047,10.0,-2.16,-0.033,0.95
40.0,3.0,1.5,2.5,4.5,0.8,1200,0.8,376,61.2,17.28,0.7,1.1,0.046,18.47,-12.8,-0.034,0.93
45.0,3.0,1.0,1.5,3.0,0.4,7200,0.8,209,73.2,9.58,0.39,1.06,0.046,25.73,-7.14,-0.034,0.96
45.0,3.0,1.0,1.5,4.5,0.8,2400,0.4,205,75.6,9.49,0.34,1.06,0.046,20.12,-6.91,-0.034,0.96
50.0,2.0,0.7,1.5,3.0,0.8,1200,0.2,124,71.8,5.67,0.43,1.09,0.046,12.96,-4.26,-0.034,0.94
50.0,2.0,0.7,1.5,4.5,0.6,2400,0.2,120,71.7,5.53,0.43,1.08,0.046,14.25,-4.07,-0.034,0.94
50.0,2.0,1.0,2.5,3.0,0.6,3600,0.8,124,60.5,5.65,0.71,1.08,0.046,14.01,-4.27,-0.034,0.94
50.0,3.0,0.7,1.5,3.0,0.8,2400,0.8,124,69.4,5.67,0.48,1.1,0.046,12.94,-4.25,-0.034,0.93
50.0,3.0,0.7,2.5,4.5,0.6,3600,0.2,111,78.4,5.09,0.3,1.07,0.046,16.09,-3.79,-0.034,0.95
50.0,3.0,0.7,2.5,4.5,0.8,2400,0.4,114,78.1,5.29,0.3,1.08,0.046,13.1,-3.83,-0.034,0.94
50.0,3.0,1.0,1.5,3.0,0.6,1200,0.4,116,69.0,5.35,0.48,1.07,0.046,12.24,-3.93,-0.034,0.95
50.0,3.0,1.0,1.5,4.5,0.6,14400,0.2,106,73.6,4.86,0.38,1.06,0.046,17.01,-3.63,-0.034,0.96
50.0,3.0,1.0,1.5,4.5,0.6,14400,0.4,106,73.6,4.86,0.38,1.06,0.046,17.01,-3.63,-0.034,0.96
50.0,3.0,1.0,1.5,4.5,0.8,7200,0.2,106,73.6,4.91,0.38,1.06,0.046,17.03,-3.57,-0.034,0.96
50.0,3.0,1.0,1.5,4.5,0.8,7200,0.4,106,73.6,4.91,0.38,1.06,0.046,17.03,-3.57,-0.034,0.96
55.0,2.0,1.0,1.5,3.0,0.4,2400,0.2,69,66.7,3.19,0.53,1.07,0.046,10.38,-2.33,-0.034,0.95
55.0,3.0,0.7,2.5,4.5,0.6,3600,0.8,76,71.1,3.5,0.44,1.09,0.046,7.69,-2.58,-0.034,0.94
55.0,4.0,1.5,2.5,3.0,0.4,1200,0.2,63,76.2,2.92,0.33,1.06,0.046,12.16,-2.12,-0.034,0.96
55.0,5.0,0.7,2.5,3.0,0.6,2400,0.8,72,79.2,3.28,0.28,1.08,0.046,8.18,-2.48,-0.034,0.94
55.0,5.0,1.0,2.5,3.0,0.6,1200,0.4,66,75.8,3.06,0.34,1.07,0.046,10.0,-2.22,-0.034,0.95
55.0,5.0,1.0,2.5,4.5,0.4,1200,0.2,61,80.3,2.82,0.26,1.06,0.046,11.72,-2.06,-0.034,0.96
55.0,5.0,1.0,2.5,4.5,0.6,14400,0.2,59,83.1,2.72,0.22,1.05,0.046,10.89,-2.0,-0.034,0.96
55.0,5.0,1.0,2.5,4.5,0.6,14400,0.4,59,83.1,2.72,0.22,1.05,0.046,10.89,-2.0,-0.034,0.96
55.0,5.0,1.0,2.5,4.5,0.6,14400,0.8,59,83.1,2.72,0.22,1.05,0.046,10.89,-2.0,-0.034,0.96
40.0,2.0,1.0,1.5,4.5,0.4,1200,0.8,421,60.1,19.02,0.74,1.11,0.045,14.54,-14.66,-0.035,0.92
40.0,4.0,0.7,1.5,4.5,0.8,1200,0.8,354,66.9,15.91,0.55,1.12,0.045,20.14,-12.41,-0.035,0.91
45.0,3.0,1.0,2.5,4.5,0.6,2400,0.2,203,74.4,9.22,0.36,1.06,0.045,20.65,-7.02,-0.035,0.96
50.0,2.0,0.7,1.5,3.0,0.4,2400,0.2,121,71.9,5.47,0.42,1.08,0.045,13.98,-4.21,-0.035,0.94
50.0,2.0,0.7,1.5,3.0,0.6,1200,0.2,124,71.8,5.6,0.43,1.09,0.045,13.04,-4.32,-0.035,0.94
50.0,2.0,1.0,1.5,3.0,0.6,7200,0.8,117,65.0,5.26,0.58,1.07,0.045,17.08,-4.1,-0.035,0.95
50.0,2.0,1.0,1.5,3.0,0.8,7200,0.8,118,64.4,5.35,0.59,1.07,0.045,16.63,-4.1,-0.035,0.95
50.0,3.0,1.0,1.5,4.5,0.4,2400,0.4,109,73.4,4.88,0.38,1.06,0.045,13.98,-3.84,-0.035,0.95
50.0,3.0,1.0,1.5,4.5,0.6,3600,0.4,106,74.5,4.74,0.36,1.06,0.045,14.39,-3.74,-0.035,0.96
50.0,3.0,1.0,1.5,4.5,0.8,,0.4,104,73.1,4.65,0.39,1.06,0.045,17.54,-3.67,-0.035,0.96
50.0,5.0,0.7,1.5,3.0,0.8,3600,0.8,109,75.2,4.87,0.36,1.08,0.045,16.72,-3.85,-0.035,0.94
55.0,2.0,0.7,1.5,3.0,0.6,,0.4,69,66.7,3.09,0.54,1.07,0.045,9.8,-2.43,-0.035,0.94
55.0,2.0,0.7,2.5,3.0,0.8,1200,0.8,88,58.0,3.99,0.82,1.13,0.045,4.63,-3.05,-0.035,0.91
55.0,2.0,1.0,2.5,3.0,0.8,3600,0.2,69,66.7,3.11,0.53,1.07,0.045,9.87,-2.41,-0.035,0.95
55.0,2.0,1.0,2.5,3.0,0.8,3600,0.4,69,66.7,3.11,0.53,1.07,0.045,9.87,-2.41,-0.035,0.95
55.0,2.0,1.0,2.5,4.5,0.8,3600,0.2,69,66.7,3.11,0.53,1.07,0.045,9.87,-2.41,-0.035,0.95
55.0,2.0,1.0,2.5,4.5,0.8,3600,0.4,69,66.7,3.11,0.53,1.07,0.045,9.87,-2.41,-0.035,0.95
55.0,3.0,0.7,1.5,3.0,0.6,7200,0.2,67,77.6,3.03,0.31,1.07,0.045,13.09,-2.33,-0.035,0.95
55.0,3.0,0.7,1.5,3.0,0.6,7200,0.4,67,77.6,3.03,0.31,1.07,0.045,13.09,-2.33,-0.035,0.95
55.0,4.0,0.7,1.5,3.0,0.8,1200,0.4,69,75.4,3.1,0.35,1.08,0.045,8.23,-2.42,-0.035,0.94
55.0,4.0,1.0,2.5,3.0,0.4,3600,0.8,68,73.5,3.03,0.38,1.06,0.045,12.0,-2.41,-0.035,0.95
55.0,4.0,1.0,2.5,4.5,0.4,3600,0.8,68,73.5,3.08,0.38,1.06,0.045,12.0,-2.36,-0.035,0.95
55.0,5.0,0.7,1.5,4.5,0.6,2400,0.8,72,79.2,3.24,0.28,1.08,0.045,8.06,-2.52,-0.035,0.94
55.0,5.0,0.7,2.5,4.5,0.8,2400,0.8,72,79.2,3.27,0.28,1.08,0.045,8.42,-2.49,-0.035,0.94
55.0,5.0,1.0,1.5,3.0,0.8,7200,0.8,62,80.6,2.79,0.25,1.06,0.045,11.41,-2.17,-0.035,0.96
55.0,5.0,1.0,1.5,4.5,0.6,,0.4,59,83.1,2.67,0.21,1.05,0.045,11.64,-2.05,-0.035,0.96
55.0,5.0,1.0,2.5,3.0,0.6,7200,0.2,59,83.1,2.64,0.21,1.05,0.045,10.76,-2.08,-0.035,0.96
55.0,5.0,1.0,2.5,3.0,0.6,7200,0.4,59,83.1,2.64,0.21,1.05,0.045,10.76,-2.08,-0.035,0.96
55.0,5.0,1.0,2.5,3.0,0.8,7200,0.2,59,83.1,2.65,0.21,1.05,0.045,10.76,-2.07,-0.035,0.96
55.0,5.0,1.0,2.5,3.0,0.8,7200,0.4,59,83.1,2.65,0.21,1.05,0.045,10.76,-2.07,-0.035,0.96
40.0,2.0,1.0,2.5,4.5,0.6,1200,0.8,421,60.1,18.48,0.74,1.11,0.044,14.15,-15.2,-0.036,0.92
40.0,3.0,1.5,2.5,3.0,0.8,1200,0.8,376,61.2,16.51,0.69,1.09,0.044,18.43,-13.57,-0.036,0.93
40.0,4.0,0.7,1.5,3.0,0.8,1200,0.8,354,66.9,15.74,0.55,1.12,0.044,20.14,-12.58,-0.036,0.91
45.0,3.0,1.0,1.5,4.5,0.6,3600,0.4,204,75.0,8.98,0.35,1.06,0.044,20.71,-7.35,-0.036,0.95
45.0,3.0,1.0,2.5,4.5,0.6,1200,0.2,205,74.1,9.11,0.37,1.06,0.044,21.91,-7.29,-0.036,0.95
50.0,2.0,0.7,2.5,3.0,0.8,2400,0.2,120,71.7,5.29,0.43,1.08,0.044,13.72,-4.31,-0.036,0.94
50.0,2.0,1.0,1.5,3.0,0.6,1200,0.2,116,65.5,5.07,0.56,1.07,0.044,16.0,-4.21,-0.036,0.95
50.0,2.0,1.0,1.5,3.0,0.8,1200,0.2,116,65.5,5.13,0.56,1.07,0.044,15.37,-4.15,-0.036,0.95
50.0,3.0,0.7,1.5,4.5,0.6,2400,0.4,114,78.1,5.07,0.3,1.08,0.044,13.1,-4.05,-0.036,0.94
50.0,3.0,1.0,1.5,3.0,0.8,1200,0.4,116,69.0,5.12,0.48,1.07,0.044,12.45,-4.16,-0.036,0.95
50.0,3.0,1.0,2.5,3.0,0.8,7200,0.8,109,71.6,4.82,0.42,1.06,0.044,18.37,-3.9,-0.036,0.95
55.0,2.0,0.7,1.5,4.5,0.6,,0.4,69,66.7,3.01,0.54,1.07,0.044,9.8,-2.51,-0.036,0.94
55.0,2.0,0.7,2.5,4.5,0.6,1200,0.8,88,58.0,3.84,0.82,1.13,0.044,4.63,-3.2,-0.036,0.9
55.0,2.0,1.0,1.5,3.0,0.4,14400,0.8,70,65.7,3.07,0.56,1.07,0.044,10.63,-2.53,-0.036,0.95
55.0,2.0,1.0,1.5,3.0,0.6,3600,0.2,69,66.7,3.01,0.53,1.07,0.044,9.94,-2.51,-0.036,0.95
55.0,2.0,1.0,1.5,3.0,0.6,3600,0.4,69,66.7,3.01,0.53,1.07,0.044,9.94,-2.51,-0.036,0.95
55.0,2.0,1.0,1.5,4.5,0.4,14400,0.8,70,65.7,3.11,0.56,1.07,0.044,10.63,-2.49,-0.036,0.95
55.0,2.0,1.0,1.5,4.5,0.4,,0.4,69,66.7,3.04,0.53,1.07,0.044,10.7,-2.48,-0.036,0.95
55.0,2.0,1.0,2.5,3.0,0.6,3600,0.2,69,66.7,3.04,0.53,1.07,0.044,9.96,-2.48,-0.036,0.95
55.0,2.0,1.0,2.5,3.0,0.6,3600,0.4,69,66.7,3.04,0.53,1.07,0.044,9.96,-2.48,-0.036,0.95
55.0,3.0,0.7,1.5,3.0,0.8,7200,0.2,67,77.6,2.96,0.31,1.07,0.044,12.35,-2.4,-0.036,0.95
55.0,3.0,0.7,1.5,3.0,0.8,7200,0.4,67,77.6,2.96,0.31,1.07,0.044,12.35,-2.4,-0.036,0.95
55.0,3.0,0.7,1.5,4.5,0.6,7200,0.2,67,77.6,2.97,0.31,1.07,0.044,13.09,-2.39,-0.036,0.95
55.0,3.0,0.7,1.5,4.5,0.6,7200,0.4,67,77.6,2.97,0.31,1.07,0.044,13.09,-2.39,-0.036,0.95
55.0,4.0,1.5,2.5,4.5,0.4,2400,0.4,63,77.8,2.78,0.3,1.05,0.044,12.0,-2.26,-0.036,0.96
55.0,5.0,0.7,1.5,3.0,0.6,2400,0.8,72,79.2,3.18,0.28,1.08,0.044,8.06,-2.58,-0.036,0.94
55.0,5.0,0.7,1.5,4.5,0.8,2400,0.8,72,79.2,3.17,0.28,1.08,0.044,8.24,-2.59,-0.036,0.94
55.0,5.0,0.7,2.5,3.0,0.8,2400,0.8,72,79.2,3.16,0.28,1.08,0.044,8.42,-2.6,-0.036,0.94
55.0,5.0,0.7,2.5,3.0,0.8,7200,0.8,66,81.8,2.9,0.24,1.06,0.044,10.0,-2.38,-0.036,0.95
55.0,5.0,1.0,1.5,4.5,0.8,7200,0.8,62,80.6,2.73,0.25,1.05,0.044,11.41,-2.24,-0.036,0.96
55.0,5.0,1.0,2.5,3.0,0.4,1200,0.2,61,80.3,2.7,0.26,1.05,0.044,11.72,-2.18,-0.036,0.96
55.0,5.0,1.0,2.5,4.5,0.6,7200,0.2,59,83.1,2.58,0.21,1.05,0.044,10.76,-2.14,-0.036,0.96
55.0,5.0,1.0,2.5,4.5,0.6,7200,0.4,59,83.1,2.58,0.21,1.05,0.044,10.76,-2.14,-0.036,0.96
55.0,5.0,1.0,2.5,4.5,0.8,7200,0.2,59,83.1,2.59,0.21,1.05,0.044,10.76,-2.13,-0.036,0.96
55.0,5.0,1.0,2.5,4.5,0.8,7200,0.4,59,83.1,2.59,0.21,1.05,0.044,10.76,-2.13,-0.036,0.96
40.0,2.0,1.0,1.5,3.0,0.4,1200,0.8,421,60.1,18.21,0.74,1.11,0.043,14.91,-15.48,-0.037,0.91
45.0,3.0,1.0,1.5,4.5,0.6,2400,0.2,203,74.9,8.68,0.35,1.06,0.043,20.38,-7.56,-0.037,0.95
45.0,3.0,1.0,2.5,3.0,0.6,2400,0.2,203,74.4,8.68,0.36,1.06,0.043,20.65,-7.56,-0.037,0.95
45.0,3.0,1.0,2.5,4.5,0.8,7200,0.8,208,72.6,8.9,0.4,1.06,0.043,25.95,-7.74,-0.037,0.95
50.0,2.0,0.7,1.5,4.5,0.8,2400,0.2,120,71.7,5.14,0.43,1.08,0.043,13.57,-4.46,-0.037,0.93
50.0,3.0,0.7,2.5,3.0,0.6,2400,0.4,114,78.1,4.94,0.3,1.07,0.043,13.24,-4.18,-0.037,0.94
50.0,3.0,1.0,1.5,4.5,0.4,2400,0.2,107,73.8,4.62,0.37,1.06,0.043,16.89,-3.94,-0.037,0.95
55.0,2.0,0.7,2.5,3.0,0.6,1200,0.8,88,58.0,3.78,0.82,1.12,0.043,4.63,-3.26,-0.037,0.9
55.0,2.0,1.0,1.5,3.0,0.4,,0.4,69,66.7,3.0,0.53,1.07,0.043,10.7,-2.52,-0.037,0.95
55.0,2.0,1.0,1.5,4.5,0.6,3600,0.2,69,66.7,2.96,0.53,1.06,0.043,9.94,-2.56,-0.037,0.95
55.0,2.0,1.0,1.5,4.5,0.6,3600,0.4,69,66.7,2.96,0.53,1.06,0.043,9.94,-2.56,-0.037,0.95
55.0,2.0,1.0,2.5,4.5,0.6,3600,0.2,69,66.7,2.98,0.53,1.06,0.043,9.96,-2.54,-0.037,0.95
55.0,2.0,1.0,2.5,4.5,0.6,3600,0.4,69,66.7,2.98,0.53,1.06,0.043,9.96,-2.54,-0.037,0.95
55.0,3.0,0.7,1.5,4.5,0.8,7200,0.2,67,77.6,2.9,0.31,1.07,0.043,12.35,-2.46,-0.037,0.94
55.0,3.0,0.7,1.5,4.5,0.8,7200,0.4,67,77.6,2.9,0.31,1.07,0.043,12.35,-2.46,-0.037,0.94
55.0,3.0,0.7,2.5,3.0,0.8,3600,0.8,76,71.1,3.28,0.44,1.08,0.043,7.49,-2.8,-0.037,0.93
55.0,3.0,1.0,2.5,3.0,0.4,3600,0.8,72,68.1,3.08,0.5,1.07,0.043,9.88,-2.68,-0.037,0.95
55.0,3.0,1.0,2.5,4.5,0.4,3600,0.8,72,68.1,3.12,0.5,1.07,0.043,9.88,-2.64,-0.037,0.95
55.0,4.0,0.7,2.5,4.5,0.8,1200,0.4,69,75.4,2.99,0.35,1.08,0.043,8.63,-2.53,-0.037,0.94
55.0,5.0,0.7,1.5,3.0,0.8,2400,0.8,72,79.2,3.06,0.28,1.07,0.042,8.24,-2.7,-0.037,0.94
55.0,5.0,0.7,2.5,4.5,0.8,7200,0.8,66,81.8,2.83,0.24,1.06,0.043,10.0,-2.45,-0.037,0.95
40.0,2.0,1.0,2.5,3.0,0.6,1200,0.8,421,60.1,17.63,0.73,1.11,0.042,14.52,-16.05,-0.038,0.91
40.0,4.0,0.7,2.5,4.5,0.8,1200,0.8,354,66.9,14.82,0.55,1.11,0.042,20.27,-13.5,-0.038,0.91
45.0,3.0,1.0,1.5,3.0,0.6,3600,0.4,204,75.0,8.57,0.35,1.06,0.042,20.58,-7.75,-0.038,0.95
45.0,3.0,1.0,1.5,3.0,0.8,2400,0.4,205,75.6,8.58,0.34,1.06,0.042,20.12,-7.82,-0.038,0.95
45.0,3.0,1.0,2.5,3.0,0.6,1200,0.2,205,74.1,8.69,0.37,1.06,0.042,21.91,-7.71,-0.038,0.95
45.0,3.0,1.0,2.5,3.0,0.8,2400,0.4,205,75.1,8.69,0.35,1.06,0.042,21.35,-7.71,-0.038,0.95
45.0,3.0,1.0,2.5,4.5,0.4,1200,0.4,216,71.8,9.17,0.42,1.06,0.042,19.66,-8.11,-0.038,0.95
45.0,3.0,1.5,2.5,4.5,0.8,2400,0.8,236,67.8,9.82,0.51,1.07,0.042,22.1,-9.06,-0.038,0.94
50.0,2.0,1.0,1.5,4.5,0.6,3600,0.8,124,60.5,5.24,0.7,1.08,0.042,13.76,-4.68,-0.038,0.94
50.0,3.0,0.7,1.5,4.5,0.4,2400,0.2,112,78.6,4.72,0.29,1.07,0.042,15.43,-4.24,-0.038,0.94
50.0,3.0,0.7,1.5,4.5,0.6,3600,0.2,111,78.4,4.62,0.29,1.07,0.042,16.09,-4.26,-0.038,0.94
50.0,3.0,0.7,2.5,4.5,0.8,1200,0.2,115,78.3,4.83,0.3,1.07,0.042,17.07,-4.37,-0.038,0.94
50.0,3.0,1.0,1.5,4.5,0.6,,0.4,105,73.3,4.4,0.38,1.05,0.042,17.63,-4.0,-0.038,0.95
50.0,3.0,1.0,1.5,4.5,0.8,3600,0.4,106,74.5,4.45,0.36,1.05,0.042,14.75,-4.03,-0.038,0.95
50.0,4.0,1.0,1.5,4.5,0.4,3600,0.8,104,72.1,4.4,0.41,1.06,0.042,17.4,-3.92,-0.038,0.95
55.0,2.0,1.0,1.5,3.0,0.8,3600,0.2,69,66.7,2.88,0.53,1.06,0.042,9.94,-2.64,-0.038,0.94
55.0,2.0,1.0,1.5,3.0,0.8,3600,0.4,69,66.7,2.88,0.53,1.06,0.042,9.94,-2.64,-0.038,0.94
55.0,2.0,1.0,1.5,4.5,0.4,3600,0.2,69,66.7,2.87,0.53,1.06,0.042,10.38,-2.65,-0.038,0.94
55.0,2.0,1.0,1.5,4.5,0.4,3600,0.4,69,66.7,2.87,0.53,1.06,0.042,10.38,-2.65,-0.038,0.94
55.0,2.0,1.0,1.5,4.5,0.8,3600,0.2,69,66.7,2.88,0.53,1.06,0.042,9.94,-2.64,-0.038,0.94
55.0,2.0,1.0,1.5,4.5,0.8,3600,0.4,69,66.7,2.88,0.53,1.06,0.042,9.94,-2.64,-0.038,0.94
55.0,3.0,0.7,2.5,4.5,0.8,3600,0.8,76,71.1,3.22,0.44,1.08,0.042,7.49,-2.86,-0.038,0.93
55.0,4.0,0.7,1.5,3.0,0.6,7200,0.2,65,81.5,2.74,0.24,1.06,0.042,10.85,-2.46,-0.038,0.95
55.0,4.0,0.7,1.5,3.0,0.6,7200,0.4,65,81.5,2.74,0.24,1.06,0.042,10.85,-2.46,-0.038,0.95
55.0,4.0,0.7,1.5,4.5,0.6,1200,0.4,69,75.4,2.87,0.35,1.07,0.042,8.12,-2.65,-0.038,0.93
55.0,4.0,1.5,2.5,3.0,0.4,2400,0.4,63,77.8,2.67,0.3,1.05,0.042,12.0,-2.37,-0.038,0.96
55.0,5.0,1.0,2.5,3.0,0.8,7200,0.8,62,80.6,2.62,0.25,1.05,0.042,11.13,-2.34,-0.038,0.95
40.0,2.0,0.7,2.5,4.5,0.4,1200,0.8,428,62.1,17.38,0.68,1.12,0.041,13.75,-16.86,-0.039,0.9
40.0,4.0,0.7,2.5,3.0,0.8,1200,0.8,354,66.9,14.64,0.55,1.11,0.041,20.27,-13.68,-0.039,0.9
45.0,3.0,1.0,2.5,3.0,0.4,1200,0.4,216,71.8,8.9,0.42,1.06,0.041,19.66,-8.38,-0.039,0.95
45.0,3.0,1.5,2.5,4.5,0.8,3600,0.8,222,68.5,9.14,0.49,1.06,0.041,27.41,-8.62,-0.039,0.95
50.0,3.0,0.7,1.5,4.5,0.4,1200,0.2,115,78.3,4.71,0.3,1.07,0.041,16.95,-4.49,-0.039,0.94
50.0,3.0,0.7,1.5,4.5,0.8,3600,0.2,111,78.4,4.54,0.29,1.07,0.041,16.33,-4.34,-0.039,0.94
50.0,3.0,0.7,2.5,4.5,0.6,1200,0.2,115,78.3,4.72,0.3,1.07,0.041,17.07,-4.48,-0.039,0.94
50.0,3.0,1.0,1.5,3.0,0.4,2400,0.4,109,73.4,4.49,0.38,1.06,0.041,13.98,-4.23,-0.039,0.95
50.0,3.0,1.0,1.5,3.0,0.6,14400,0.2,106,73.6,4.37,0.38,1.05,0.041,17.01,-4.11,-0.039,0.95
50.0,3.0,1.0,1.5,3.0,0.6,14400,0.4,106,73.6,4.37,0.38,1.05,0.041,17.01,-4.11,-0.039,0.95
50.0,3.0,1.0,1.5,4.5,0.4,7200,0.8,109,72.5,4.43,0.4,1.05,0.041,18.14,-4.29,-0.039,0.95
55.0,2.0,1.0,1.5,3.0,0.4,3600,0.2,69,66.7,2.83,0.53,1.06,0.041,10.38,-2.69,-0.039,0.94
55.0,2.0,1.0,1.5,3.0,0.4,3600,0.4,69,66.7,2.83,0.53,1.06,0.041,10.38,-2.69,-0.039,0.94
55.0,2.0,1.0,1.5,3.0,0.6,7200,0.8,72,66.7,2.98,0.53,1.06,0.041,10.99,-2.78,-0.039,0.94
55.0,2.0,1.0,1.5,4.5,0.6,7200,0.8,72,66.7,2.92,0.53,1.06,0.041,10.99,-2.84,-0.039,0.94
55.0,4.0,0.7,1.5,3.0,0.6,1200,0.4,69,75.4,2.8,0.35,1.07,0.041,8.12,-2.72,-0.039,0.93
55.0,4.0,0.7,1.5,4.5,0.6,7200,0.2,65,81.5,2.69,0.24,1.06,0.041,10.85,-2.51,-0.039,0.95
55.0,4.0,0.7,1.5,4.5,0.6,7200,0.4,65,81.5,2.69,0.24,1.06,0.041,10.85,-2.51,-0.039,0.95
55.0,5.0,1.0,1.5,3.0,0.6,7200,0.8,61,82.0,2.53,0.23,1.05,0.041,11.41,-2.35,-0.039,0.95
55.0,5.0,1.0,2.5,3.0,0.6,3600,0.2,59,83.1,2.45,0.21,1.05,0.042,10.76,-2.27,-0.039,0.96
55.0,5.0,1.0,2.5,3.0,0.6,3600,0.4,59,83.1,2.45,0.21,1.05,0.042,10.76,-2.27,-0.039,0.96
55.0,5.0,1.0,2.5,4.5,0.8,7200,0.8,62,80.6,2.56,0.25,1.05,0.041,11.13,-2.4,-0.039,0.95
40.0,2.0,1.0,1.5,4.5,0.6,1200,0.8,421,60.1,16.93,0.73,1.1,0.04,14.83,-16.75,-0.04,0.91
45.0,3.0,1.0,1.5,3.0,0.6,2400,0.2,203,74.9,8.13,0.35,1.05,0.04,20.38,-8.11,-0.04,0.95
50.0,2.0,0.7,1.5,3.0,0.6,2400,0.2,120,71.7,4.77,0.42,1.07,0.04,14.25,-4.83,-0.04,0.93
50.0,2.0,1.0,1.5,4.5,0.8,3600,0.8,124,60.5,4.96,0.7,1.07,0.04,13.41,-4.96,-0.04,0.93
50.0,3.0,0.7,1.5,4.5,0.8,2400,0.4,114,78.1,4.58,0.3,1.07,0.04,13.26,-4.54,-0.04,0.93
50.0,3.0,0.7,2.5,3.0,0.6,3600,0.2,111,78.4,4.46,0.29,1.06,0.04,16.09,-4.42,-0.04,0.94
50.0,3.0,0.7,2.5,3.0,0.8,2400,0.4,114,78.1,4.51,0.3,1.07,0.04,13.48,-4.61,-0.04,0.93
50.0,3.0,1.0,1.5,3.0,0.4,2400,0.2,107,73.8,4.23,0.37,1.05,0.04,16.89,-4.33,-0.04,0.95
55.0,2.0,0.7,2.5,3.0,0.6,,0.4,69,66.7,2.77,0.53,1.07,0.04,10.16,-2.75,-0.04,0.94
55.0,4.0,0.7,1.5,3.0,0.8,7200,0.2,65,81.5,2.58,0.24,1.06,0.04,10.68,-2.62,-0.04,0.94
55.0,4.0,0.7,1.5,3.0,0.8,7200,0.4,65,81.5,2.58,0.24,1.06,0.04,10.68,-2.62,-0.04,0.94
55.0,4.0,0.7,2.5,3.0,0.8,1200,0.4,69,75.4,2.77,0.35,1.07,0.04,8.63,-2.75,-0.04,0.93
55.0,5.0,0.7,2.5,3.0,0.6,7200,0.8,65,83.1,2.62,0.22,1.06,0.04,10.0,-2.58,-0.04,0.94
55.0,5.0,1.0,1.5,3.0,0.6,3600,0.2,59,83.1,2.35,0.21,1.05,0.04,10.86,-2.38,-0.04,0.95
55.0,5.0,1.0,1.5,3.0,0.6,3600,0.4,59,83.1,2.35,0.21,1.05,0.04,10.86,-2.38,-0.04,0.95
55.0,5.0,1.0,1.5,4.5,0.6,7200,0.8,61,82.0,2.47,0.23,1.05,0.04,11.41,-2.41,-0.04,0.95
55.0,5.0,1.0,2.5,4.5,0.6,3600,0.2,59,83.1,2.39,0.21,1.05,0.041,10.76,-2.33,-0.04,0.95
55.0,5.0,1.0,2.5,4.5,0.6,3600,0.4,59,83.1,2.39,0.21,1.05,0.041,10.76,-2.33,-0.04,0.95
40.0,2.0,0.7,2.5,3.0,0.4,1200,0.8,428,62.1,16.56,0.68,1.11,0.039,13.82,-17.68,-0.041,0.89
50.0,3.0,0.7,1.5,3.0,0.4,2400,0.2,112,78.6,4.33,0.29,1.06,0.039,15.43,-4.63,-0.041,0.93
50.0,3.0,1.0,1.5,3.0,0.4,7200,0.8,109,72.5,4.2,0.4,1.05,0.039,18.14,-4.52,-0.041,0.95
50.0,3.0,1.0,1.5,3.0,0.6,3600,0.4,106,74.5,4.11,0.36,1.05,0.039,14.39,-4.37,-0.041,0.95
50.0,3.0,1.0,1.5,4.5,0.4,3600,0.2,107,73.8,4.15,0.37,1.05,0.039,16.95,-4.41,-0.041,0.95
50.0,3.0,1.0,1.5,4.5,0.6,7200,0.2,106,73.6,4.11,0.38,1.05,0.039,16.85,-4.37,-0.041,0.95
50.0,3.0,1.0,1.5,4.5,0.6,7200,0.4,106,73.6,4.11,0.38,1.05,0.039,16.85,-4.37,-0.041,0.95
50.0,4.0,1.0,1.5,3.0,0.4,3600,0.8,104,72.1,4.08,0.41,1.05,0.039,17.78,-4.24,-0.041,0.95
55.0,2.0,0.7,2.5,4.5,0.4,,0.4,69,66.7,2.69,0.53,1.06,0.039,9.44,-2.83,-0.041,0.94
55.0,2.0,0.7,2.5,4.5,0.6,,0.4,69,66.7,2.68,0.53,1.06,0.039,10.16,-2.84,-0.041,0.93
55.0,4.0,0.7,1.5,4.5,0.8,7200,0.2,65,81.5,2.52,0.24,1.05,0.039,10.68,-2.68,-0.041,0.94
55.0,4.0,0.7,1.5,4.5,0.8,7200,0.4,65,81.5,2.52,0.24,1.05,0.039,10.68,-2.68,-0.041,0.94
55.0,5.0,0.7,2.5,4.5,0.6,7200,0.8,65,83.1,2.56,0.22,1.06,0.039,10.0,-2.64,-0.041,0.94
55.0,5.0,1.0,1.5,4.5,0.4,2400,0.4,61,82.0,2.35,0.23,1.05,0.039,11.39,-2.53,-0.041,0.95
55.0,5.0,1.0,1.5,4.5,0.6,3600,0.2,59,83.1,2.29,0.21,1.05,0.039,10.86,-2.43,-0.041,0.95
55.0,5.0,1.0,1.5,4.5,0.6,3600,0.4,59,83.1,2.29,0.21,1.05,0.039,10.86,-2.43,-0.041,0.95
40.0,2.0,1.0,1.5,3.0,0.6,1200,0.8,421,60.1,16.08,0.73,1.1,0.038,15.2,-17.6,-0.042,0.9
45.0,3.0,1.5,2.5,3.0,0.8,3600,0.8,222,68.5,8.38,0.49,1.05,0.038,27.3,-9.38,-0.042,0.94
50.0,3.0,0.7,1.5,3.0,0.4,1200,0.2,115,78.3,4.32,0.3,1.06,0.038,16.95,-4.88,-0.042,0.93
50.0,3.0,0.7,1.5,3.0,0.6,2400,0.4,114,78.1,4.31,0.3,1.07,0.038,13.47,-4.81,-0.042,0.93
50.0,3.0,1.0,1.5,4.5,0.4,2400,0.8,121,66.1,4.56,0.54,1.06,0.038,14.58,-5.12,-0.042,0.93
55.0,2.0,0.7,2.5,3.0,0.4,,0.4,69,66.7,2.65,0.53,1.06,0.038,9.44,-2.87,-0.042,0.93
55.0,3.0,0.7,2.5,3.0,0.6,14400,0.2,65,76.9,2.45,0.32,1.06,0.038,12.53,-2.75,-0.042,0.94
55.0,3.0,0.7,2.5,3.0,0.6,14400,0.4,65,76.9,2.45,0.32,1.06,0.038,12.53,-2.75,-0.042,0.94
55.0,3.0,0.7,2.5,3.0,0.6,14400,0.8,65,76.9,2.45,0.32,1.06,0.038,12.53,-2.75,-0.042,0.94
55.0,3.0,0.7,2.5,4.5,0.4,1200,0.4,72,72.2,2.73,0.41,1.07,0.038,8.43,-3.03,-0.042,0.92
55.0,4.0,0.7,2.5,4.5,0.6,1200,0.4,69,75.4,2.62,0.35,1.07,0.038,8.36,-2.9,-0.042,0.93
55.0,5.0,1.0,2.5,4.5,0.8,,0.4,59,83.1,2.27,0.21,1.05,0.038,12.2,-2.45,-0.042,0.95
45.0,3.0,1.0,2.5,4.5,0.6,7200,0.8,208,72.6,7.62,0.4,1.05,0.037,26.54,-9.02,-0.043,0.94
45.0,3.0,1.5,2.5,3.0,0.8,2400,0.8,236,67.8,8.81,0.5,1.06,0.037,22.1,-10.07,-0.043,0.93
50.0,2.0,1.0,1.5,3.0,0.6,3600,0.8,124,60.5,4.61,0.7,1.07,0.037,13.76,-5.31,-0.043,0.93
50.0,3.0,0.7,1.5,4.5,0.8,1200,0.2,115,78.3,4.28,0.3,1.06,0.037,17.07,-4.92,-0.043,0.93
50.0,3.0,0.7,2.5,4.5,0.6,2400,0.2,111,78.4,4.14,0.29,1.06,0.037,15.59,-4.74,-0.043,0.93
55.0,4.0,0.7,1.5,3.0,0.4,14400,0.2,63,81.0,2.31,0.25,1.05,0.037,11.44,-2.73,-0.043,0.94
55.0,4.0,0.7,1.5,3.0,0.4,14400,0.4,63,81.0,2.31,0.25,1.05,0.037,11.44,-2.73,-0.043,0.94
55.0,4.0,0.7,1.5,3.0,0.4,14400,0.8,63,81.0,2.31,0.25,1.05,0.037,11.44,-2.73,-0.043,0.94
55.0,4.0,0.7,1.5,4.5,0.4,14400,0.2,63,81.0,2.35,0.25,1.05,0.037,11.44,-2.69,-0.043,0.94
55.0,4.0,0.7,1.5,4.5,0.4,14400,0.4,63,81.0,2.35,0.25,1.05,0.037,11.44,-2.69,-0.043,0.94
55.0,4.0,0.7,1.5,4.5,0.4,14400,0.8,63,81.0,2.35,0.25,1.05,0.037,11.44,-2.69,-0.043,0.94
55.0,4.0,0.7,2.5,3.0,0.6,1200,0.4,69,75.4,2.55,0.35,1.07,0.037,8.37,-2.97,-0.043,0.93
55.0,5.0,1.0,1.5,3.0,0.4,2400,0.4,61,82.0,2.24,0.23,1.04,0.037,11.39,-2.65,-0.043,0.95
45.0,3.0,1.0,1.5,4.5,0.6,1200,0.2,205,74.1,7.45,0.37,1.05,0.036,21.93,-8.95,-0.044,0.94
45.0,3.0,1.0,2.5,4.5,0.8,3600,0.4,204,74.5,7.39,0.36,1.05,0.036,21.25,-8.93,-0.044,0.94
50.0,2.0,0.7,1.5,3.0,0.8,2400,0.2,120,71.7,4.35,0.42,1.07,0.036,13.67,-5.25,-0.044,0.92
50.0,3.0,0.7,1.5,3.0,0.6,3600,0.2,111,78.4,3.99,0.29,1.06,0.036,16.09,-4.89,-0.044,0.93
50.0,3.0,0.7,1.5,4.5,0.6,1200,0.2,115,78.3,4.09,0.29,1.06,0.036,17.07,-5.11,-0.044,0.93
50.0,3.0,0.7,2.5,3.0,0.6,1200,0.2,115,78.3,4.19,0.3,1.06,0.036,17.07,-5.01,-0.044,0.93
50.0,3.0,0.7,2.5,3.0,0.8,1200,0.2,115,78.3,4.17,0.29,1.06,0.036,17.07,-5.03,-0.044,0.93
50.0,3.0,1.0,1.5,3.0,0.4,3600,0.2,107,73.8,3.83,0.37,1.05,0.036,16.95,-4.73,-0.044,0.95
50.0,3.0,1.0,1.5,3.0,0.8,3600,0.4,106,74.5,3.77,0.36,1.05,0.036,14.75,-4.71,-0.044,0.94
50.0,3.0,1.0,2.5,4.5,0.6,2400,0.4,108,73.1,3.89,0.38,1.05,0.036,14.16,-4.76,-0.044,0.94
55.0,2.0,1.0,1.5,3.0,0.4,7200,0.8,72,66.7,2.57,0.53,1.06,0.036,11.16,-3.19,-0.044,0.93
55.0,2.0,1.0,1.5,4.5,0.4,7200,0.8,72,66.7,2.61,0.53,1.06,0.036,11.16,-3.15,-0.044,0.94
55.0,3.0,0.7,1.5,4.5,0.4,1200,0.4,72,72.2,2.56,0.41,1.07,0.036,8.43,-3.2,-0.044,0.92
55.0,3.0,0.7,2.5,3.0,0.4,1200,0.4,72,72.2,2.61,0.41,1.07,0.036,8.43,-3.15,-0.044,0.92
55.0,3.0,0.7,2.5,4.5,0.6,14400,0.2,65,76.9,2.36,0.32,1.06,0.036,12.53,-2.84,-0.044,0.93
55.0,3.0,0.7,2.5,4.5,0.6,14400,0.4,65,76.9,2.36,0.32,1.06,0.036,12.53,-2.84,-0.044,0.93
55.0,3.0,0.7,2.5,4.5,0.6,14400,0.8,65,76.9,2.36,0.32,1.06,0.036,12.53,-2.84,-0.044,0.93
55.0,4.0,0.7,1.5,3.0,0.8,14400,0.2,63,81.0,2.28,0.25,1.05,0.036,11.57,-2.76,-0.044,0.94
55.0,4.0,0.7,1.5,3.0,0.8,14400,0.4,63,81.0,2.28,0.25,1.05,0.036,11.57,-2.76,-0.044,0.94
55.0,4.0,0.7,1.5,3.0,0.8,14400,0.8,63,81.0,2.28,0.25,1.05,0.036,11.57,-2.76,-0.044,0.94
55.0,5.0,1.0,2.5,3.0,0.8,3600,0.2,59,83.1,2.1,0.21,1.04,0.036,10.76,-2.62,-0.044,0.95
55.0,5.0,1.0,2.5,3.0,0.8,3600,0.4,59,83.1,2.1,0.21,1.04,0.036,10.76,-2.62,-0.044,0.95
40.0,2.0,0.7,1.5,4.5,0.4,1200,0.8,428,62.1,15.16,0.67,1.1,0.035,14.0,-19.08,-0.045,0.88
40.0,2.0,0.7,2.5,4.5,0.6,1200,0.8,428,62.1,15.09,0.67,1.1,0.035,14.16,-19.15,-0.045,0.88
40.0,2.0,1.0,2.5,4.5,0.8,1200,0.8,421,60.1,14.82,0.72,1.09,0.035,14.74,-18.87,-0.045,0.9
45.0,3.0,1.0,2.5,3.0,0.6,7200,0.8,208,72.6,7.21,0.39,1.05,0.035,26.42,-9.43,-0.045,0.94
45.0,3.0,1.0,2.5,3.0,0.8,7200,0.8,208,72.6,7.33,0.39,1.05,0.035,25.87,-9.31,-0.045,0.94
45.0,3.0,1.0,2.5,4.5,0.8,1200,0.2,205,74.1,7.22,0.37,1.05,0.035,21.18,-9.18,-0.045,0.94
50.0,3.0,0.7,1.5,3.0,0.8,3600,0.2,111,78.4,3.87,0.29,1.06,0.035,16.33,-5.01,-0.045,0.93
50.0,3.0,0.7,2.5,4.5,0.8,2400,0.2,111,78.4,3.86,0.29,1.06,0.035,15.71,-5.02,-0.045,0.93
50.0,3.0,1.0,2.5,4.5,0.6,2400,0.2,106,73.6,3.67,0.37,1.04,0.035,17.11,-4.81,-0.045,0.94
50.0,3.0,1.0,2.5,4.5,0.6,7200,0.8,108,72.2,3.82,0.4,1.05,0.035,18.59,-4.82,-0.045,0.94
55.0,2.0,1.0,2.5,3.0,0.6,7200,0.8,72,66.7,2.51,0.53,1.05,0.035,11.05,-3.25,-0.045,0.93
55.0,5.0,1.0,2.5,3.0,0.6,,0.4,59,83.1,2.07,0.21,1.04,0.035,11.72,-2.65,-0.045,0.95
55.0,5.0,1.0,2.5,4.5,0.4,3600,0.8,66,75.8,2.31,0.33,1.04,0.035,10.94,-2.97,-0.045,0.94
55.0,5.0,1.0,2.5,4.5,0.8,3600,0.2,59,83.1,2.04,0.21,1.04,0.035,10.76,-2.68,-0.045,0.95
55.0,5.0,1.0,2.5,4.5,0.8,3600,0.4,59,83.1,2.04,0.21,1.04,0.035,10.76,-2.68,-0.045,0.95
40.0,2.0,0.7,1.5,3.0,0.4,1200,0.8,428,62.1,14.34,0.67,1.1,0.034,14.07,-19.9,-0.046,0.88
40.0,2.0,1.0,1.5,4.5,0.8,1200,0.8,421,60.1,14.29,0.72,1.09,0.034,15.1,-19.39,-0.046,0.89
45.0,3.0,1.0,1.5,3.0,0.6,1200,0.2,205,74.1,7.02,0.36,1.05,0.034,21.93,-9.38,-0.046,0.94
45.0,3.0,1.0,2.5,4.5,0.6,3600,0.2,203,73.9,6.87,0.37,1.04,0.034,23.61,-9.37,-0.046,0.94
50.0,2.0,1.0,1.5,3.0,0.8,3600,0.8,124,60.5,4.24,0.69,1.06,0.034,13.42,-5.68,-0.046,0.92
50.0,3.0,1.0,1.5,3.0,0.4,2400,0.8,121,66.1,4.17,0.54,1.06,0.034,14.58,-5.51,-0.046,0.93
50.0,3.0,1.0,1.5,3.0,0.6,7200,0.2,106,73.6,3.59,0.37,1.04,0.034,16.85,-4.89,-0.046,0.94
50.0,3.0,1.0,1.5,3.0,0.6,7200,0.4,106,73.6,3.59,0.37,1.04,0.034,16.85,-4.89,-0.046,0.94
50.0,3.0,1.0,1.5,3.0,0.8,7200,0.2,106,73.6,3.61,0.37,1.04,0.034,17.03,-4.87,-0.046,0.94
50.0,3.0,1.0,1.5,3.0,0.8,7200,0.4,106,73.6,3.61,0.37,1.04,0.034,17.03,-4.87,-0.046,0.94
55.0,2.0,0.7,2.5,4.5,0.4,2400,0.4,78,69.2,2.69,0.47,1.07,0.034,8.57,-3.55,-0.046,0.92
55.0,2.0,1.0,2.5,4.5,0.6,7200,0.8,72,66.7,2.46,0.53,1.05,0.034,11.05,-3.3,-0.046,0.93
55.0,3.0,0.7,1.5,3.0,0.4,1200,0.4,72,72.2,2.45,0.41,1.06,0.034,8.43,-3.32,-0.046,0.92
55.0,3.0,1.0,1.5,4.5,0.4,7200,0.8,66,74.2,2.25,0.36,1.05,0.034,13.33,-3.03,-0.046,0.94
55.0,5.0,1.0,2.5,3.0,0.4,3600,0.8,66,75.8,2.27,0.33,1.04,0.034,10.94,-3.01,-0.046,0.94
55.0,5.0,1.0,2.5,3.0,0.6,7200,0.8,61,82.0,2.09,0.23,1.04,0.034,11.13,-2.79,-0.046,0.95
40.0,2.0,0.7,2.5,3.0,0.6,1200,0.8,428,62.1,14.24,0.67,1.09,0.033,14.22,-20.0,-0.047,0.88
40.0,2.0,1.0,2.5,3.0,0.8,1200,0.8,421,60.1,13.96,0.72,1.08,0.033,14.93,-19.72,-0.047,0.89
45.0,3.0,1.0,2.5,3.0,0.8,3600,0.4,204,74.5,6.63,0.36,1.04,0.032,21.25,-9.69,-0.047,0.94
45.0,3.0,1.0,2.5,4.5,0.4,2400,0.8,233,69.1,7.79,0.47,1.05,0.033,21.9,-10.85,-0.047,0.93
50.0,3.0,0.7,1.5,3.0,0.8,2400,0.4,114,78.1,3.79,0.3,1.06,0.033,13.64,-5.33,-0.047,0.92
50.0,3.0,1.0,2.5,4.5,0.4,1200,0.2,109,72.5,3.61,0.4,1.04,0.033,18.16,-5.11,-0.047,0.94
55.0,2.0,0.7,2.5,3.0,0.4,2400,0.4,78,69.2,2.57,0.47,1.06,0.033,8.57,-3.67,-0.047,0.92
55.0,2.0,1.0,2.5,4.5,0.4,1200,0.2,71,64.8,2.36,0.57,1.05,0.033,11.18,-3.32,-0.047,0.93
55.0,3.0,1.0,1.5,3.0,0.4,7200,0.8,66,74.2,2.21,0.36,1.05,0.033,13.33,-3.07,-0.047,0.94
55.0,5.0,0.7,2.5,4.5,0.4,1200,0.8,82,65.9,2.68,0.56,1.08,0.033,6.09,-3.88,-0.047,0.9
55.0,5.0,1.0,2.5,4.5,0.6,7200,0.8,61,82.0,2.03,0.23,1.04,0.033,11.13,-2.85,-0.047,0.94
40.0,2.0,0.7,1.5,4.5,0.6,1200,0.8,428,62.1,13.59,0.66,1.09,0.032,14.33,-20.65,-0.048,0.87
40.0,2.0,1.0,1.5,3.0,0.8,1200,0.8,421,60.1,13.44,0.72,1.08,0.032,15.4,-20.24,-0.048,0.89
45.0,3.0,1.0,1.5,4.5,0.4,1200,0.4,216,71.8,6.9,0.41,1.05,0.032,19.8,-10.38,-0.048,0.93
45.0,3.0,1.0,1.5,4.5,0.8,2400,0.2,203,74.9,6.42,0.35,1.04,0.032,20.12,-9.83,-0.048,0.94
45.0,3.0,1.0,2.5,3.0,0.4,2400,0.8,233,69.1,7.49,0.47,1.05,0.032,21.9,-11.15,-0.048,0.93
45.0,3.0,1.0,2.5,3.0,0.6,3600,0.2,203,73.9,6.47,0.37,1.04,0.032,23.48,-9.77,-0.048,0.94
45.0,3.0,1.0,2.5,3.0,0.8,1200,0.2,205,74.1,6.61,0.36,1.04,0.032,21.38,-9.79,-0.048,0.94
45.0,3.0,1.0,2.5,4.5,0.8,2400,0.2,203,74.4,6.54,0.36,1.04,0.032,21.35,-9.7,-0.048,0.94
50.0,3.0,0.7,1.5,4.5,0.6,2400,0.2,111,78.4,3.56,0.29,1.05,0.032,15.59,-5.32,-0.048,0.93
50.0,3.0,1.0,1.5,4.5,0.8,7200,0.8,109,71.6,3.52,0.41,1.04,0.032,18.43,-5.2,-0.048,0.94
50.0,5.0,1.0,1.5,4.5,0.4,3600,0.8,99,74.7,3.13,0.35,1.04,0.032,18.4,-4.79,-0.048,0.94
55.0,2.0,1.0,2.5,3.0,0.4,1200,0.2,71,64.8,2.24,0.57,1.05,0.032,11.18,-3.44,-0.048,0.93
55.0,3.0,0.7,1.5,4.5,0.8,1200,0.4,72,72.2,2.31,0.41,1.06,0.032,8.58,-3.45,-0.048,0.91
55.0,3.0,0.7,2.5,3.0,0.6,7200,0.2,67,77.6,2.15,0.3,1.05,0.032,13.39,-3.21,-0.048,0.93
55.0,3.0,0.7,2.5,3.0,0.6,7200,0.4,67,77.6,2.15,0.3,1.05,0.032,13.39,-3.21,-0.048,0.93
55.0,5.0,0.7,1.5,4.5,0.8,1200,0.8,82,65.9,2.62,0.56,1.08,0.032,6.02,-3.94,-0.048,0.89
55.0,5.0,1.0,1.5,3.0,0.8,3600,0.2,59,83.1,1.87,0.21,1.04,0.032,10.86,-2.85,-0.048,0.94
55.0,5.0,1.0,1.5,3.0,0.8,3600,0.4,59,83.1,1.87,0.21,1.04,0.032,10.86,-2.85,-0.048,0.94
55.0,5.0,1.0,1.5,4.5,0.4,1200,0.2,61,80.3,1.95,0.25,1.04,0.032,11.81,-2.93,-0.048,0.94
55.0,5.0,1.0,2.5,4.5,0.6,,0.4,59,83.1,1.88,0.21,1.04,0.032,11.72,-2.83,-0.048,0.94
45.0,3.0,1.0,1.5,3.0,0.4,1200,0.4,216,71.8,6.63,0.41,1.04,0.031,19.8,-10.65,-0.049,0.93
50.0,3.0,0.7,1.5,3.0,0.6,1200,0.2,115,78.3,3.56,0.29,1.05,0.031,17.07,-5.64,-0.049,0.92
50.0,3.0,0.7,1.5,3.0,0.8,1200,0.2,115,78.3,3.62,0.29,1.05,0.031,17.07,-5.58,-0.049,0.92
50.0,3.0,1.0,2.5,3.0,0.6,7200,0.8,108,72.2,3.31,0.4,1.04,0.031,18.59,-5.33,-0.049,0.94
50.0,3.0,1.0,2.5,4.5,0.8,2400,0.4,108,73.1,3.36,0.38,1.04,0.031,14.4,-5.28,-0.049,0.94
55.0,3.0,0.7,2.5,3.0,0.8,7200,0.2,67,77.6,2.07,0.3,1.05,0.031,12.25,-3.29,-0.049,0.93
55.0,3.0,0.7,2.5,3.0,0.8,7200,0.4,67,77.6,2.07,0.3,1.05,0.031,12.25,-3.29,-0.049,0.93
55.0,3.0,0.7,2.5,4.5,0.6,7200,0.2,67,77.6,2.09,0.3,1.05,0.031,13.39,-3.27,-0.049,0.93
55.0,3.0,0.7,2.5,4.5,0.6,7200,0.4,67,77.6,2.09,0.3,1.05,0.031,13.39,-3.27,-0.049,0.93
55.0,5.0,0.7,1.5,4.5,0.4,1200,0.8,82,65.9,2.51,0.56,1.07,0.031,6.1,-4.05,-0.049,0.89
55.0,5.0,0.7,2.5,3.0,0.4,1200,0.8,82,65.9,2.56,0.56,1.07,0.031,6.09,-4.0,-0.049,0.89
55.0,5.0,1.0,1.5,4.5,0.8,3600,0.2,59,83.1,1.81,0.21,1.04,0.031,10.86,-2.91,-0.049,0.94
55.0,5.0,1.0,1.5,4.5,0.8,3600,0.4,59,83.1,1.81,0.21,1.04,0.031,10.86,-2.91,-0.049,0.94
55.0,5.0,1.0,2.5,4.5,0.6,2400,0.4,61,82.0,1.88,0.23,1.04,0.031,11.3,-3.0,-0.049,0.94
40.0,2.0,0.7,1.5,3.0,0.6,1200,0.8,428,62.1,12.74,0.66,1.08,0.03,14.4,-21.5,-0.05,0.87
50.0,3.0,0.7,2.5,3.0,0.6,2400,0.2,111,78.4,3.38,0.29,1.05,0.03,15.59,-5.5,-0.05,0.92
50.0,3.0,1.0,2.5,3.0,0.4,1200,0.2,109,72.5,3.22,0.39,1.04,0.03,18.16,-5.5,-0.05,0.94
50.0,3.0,1.0,2.5,4.5,0.8,2400,0.2,106,73.6,3.14,0.37,1.04,0.03,17.35,-5.34,-0.05,0.94
55.0,2.0,0.7,2.5,4.5,0.6,2400,0.4,78,69.2,2.32,0.47,1.06,0.03,8.95,-3.92,-0.05,0.91
55.0,2.0,0.7,2.5,4.5,0.8,2400,0.4,78,69.2,2.35,0.47,1.06,0.03,8.39,-3.89,-0.05,0.91
55.0,3.0,0.7,2.5,4.5,0.8,7200,0.2,67,77.6,2.01,0.3,1.05,0.03,12.25,-3.35,-0.05,0.93
55.0,3.0,0.7,2.5,4.5,0.8,7200,0.4,67,77.6,2.01,0.3,1.05,0.03,12.25,-3.35,-0.05,0.93
55.0,3.0,1.0,1.5,4.5,0.4,3600,0.8,72,68.1,2.16,0.49,1.05,0.03,9.94,-3.6,-0.05,0.93
55.0,4.0,0.7,1.5,4.5,0.8,14400,0.2,63,81.0,1.91,0.25,1.04,0.03,11.57,-3.13,-0.05,0.93
55.0,4.0,0.7,1.5,4.5,0.8,14400,0.4,63,81.0,1.91,0.25,1.04,0.03,11.57,-3.13,-0.05,0.93
55.0,4.0,0.7,1.5,4.5,0.8,14400,0.8,63,81.0,1.91,0.25,1.04,0.03,11.57,-3.13,-0.05,0.93
55.0,5.0,0.7,2.5,3.0,0.4,,0.4,59,83.1,1.75,0.21,1.04,0.03,10.0,-2.97,-0.05,0.94
55.0,5.0,1.0,1.5,3.0,0.4,1200,0.2,61,80.3,1.84,0.25,1.04,0.03,11.81,-3.04,-0.05,0.94
55.0,5.0,1.0,2.5,3.0,0.6,2400,0.4,61,82.0,1.82,0.23,1.04,0.03,11.3,-3.07,-0.05,0.94
45.0,3.0,1.0,1.5,4.5,0.8,1200,0.2,205,74.1,5.95,0.36,1.04,0.029,21.41,-10.45,-0.051,0.93
45.0,3.0,1.0,1.5,4.5,0.8,3600,0.4,204,75.0,5.99,0.35,1.04,0.029,20.61,-10.33,-0.051,0.93
50.0,3.0,0.7,1.5,4.5,0.8,2400,0.2,111,78.4,3.19,0.29,1.05,0.029,15.71,-5.69,-0.051,0.92
50.0,3.0,1.0,2.5,3.0,0.6,2400,0.4,108,73.1,3.13,0.38,1.04,0.029,14.16,-5.51,-0.051,0.93
50.0,3.0,1.0,2.5,4.5,0.6,2400,0.8,120,65.8,3.5,0.54,1.05,0.029,14.71,-6.1,-0.051,0.92
50.0,3.0,1.0,2.5,4.5,0.8,3600,0.2,106,73.6,3.12,0.37,1.04,0.029,17.74,-5.36,-0.051,0.94
55.0,2.0,0.7,1.5,4.5,0.6,2400,0.4,78,69.2,2.25,0.47,1.05,0.029,8.76,-3.99,-0.051,0.91
55.0,2.0,0.7,2.5,3.0,0.6,2400,0.4,78,69.2,2.26,0.47,1.05,0.029,8.95,-3.98,-0.051,0.91
55.0,2.0,0.7,2.5,3.0,0.8,2400,0.4,78,69.2,2.24,0.47,1.05,0.029,8.39,-4.0,-0.051,0.91
55.0,3.0,0.7,1.5,3.0,0.8,1200,0.4,72,72.2,2.09,0.41,1.05,0.029,8.58,-3.67,-0.051,0.91
55.0,3.0,1.0,1.5,3.0,0.4,3600,0.8,72,68.1,2.12,0.49,1.04,0.029,9.94,-3.64,-0.051,0.93
55.0,3.0,1.5,2.5,4.5,0.6,2400,0.4,66,74.2,1.9,0.36,1.04,0.029,14.66,-3.38,-0.051,0.93
55.0,4.0,0.7,2.5,3.0,0.6,7200,0.2,65,81.5,1.86,0.24,1.04,0.029,10.87,-3.34,-0.051,0.93
55.0,4.0,0.7,2.5,3.0,0.6,7200,0.4,65,81.5,1.86,0.24,1.04,0.029,10.87,-3.34,-0.051,0.93
55.0,5.0,0.7,1.5,3.0,0.4,1200,0.8,82,65.9,2.4,0.55,1.07,0.029,6.1,-4.16,-0.051,0.89
55.0,5.0,0.7,1.5,3.0,0.8,1200,0.8,82,65.9,2.4,0.55,1.07,0.029,6.02,-4.16,-0.051,0.89
55.0,5.0,0.7,2.5,4.5,0.4,,0.4,59,83.1,1.71,0.21,1.04,0.029,10.0,-3.01,-0.051,0.94
55.0,5.0,1.0,2.5,4.5,0.8,1200,0.2,61,80.3,1.76,0.25,1.04,0.029,11.72,-3.12,-0.051,0.94
40.0,3.0,0.7,2.5,4.5,0.4,1200,0.8,389,63.5,10.98,0.62,1.07,0.028,15.82,-20.14,-0.052,0.88
45.0,3.0,1.0,1.5,4.5,0.6,3600,0.2,203,74.4,5.7,0.36,1.04,0.028,23.98,-10.54,-0.052,0.93
45.0,3.0,1.0,1.5,4.5,0.8,7200,0.8,208,73.1,5.73,0.38,1.04,0.028,25.96,-10.91,-0.052,0.93
45.0,3.0,1.0,2.5,3.0,0.8,2400,0.2,203,74.4,5.63,0.36,1.04,0.028,21.35,-10.61,-0.052,0.93
50.0,3.0,0.7,2.5,3.0,0.8,2400,0.2,111,78.4,3.07,0.29,1.04,0.028,15.71,-5.81,-0.052,0.92
50.0,5.0,1.0,1.5,3.0,0.4,3600,0.8,99,74.7,2.81,0.35,1.04,0.028,18.78,-5.11,-0.052,0.94
55.0,2.0,0.7,1.5,3.0,0.6,2400,0.4,78,69.2,2.18,0.47,1.05,0.028,8.76,-4.06,-0.052,0.91
55.0,2.0,0.7,1.5,4.5,0.8,2400,0.4,78,69.2,2.22,0.47,1.05,0.028,8.39,-4.02,-0.052,0.91
55.0,2.0,1.0,1.5,4.5,0.8,1200,0.2,71,64.8,1.98,0.57,1.04,0.028,11.2,-3.7,-0.052,0.92
55.0,3.0,1.0,2.5,4.5,0.4,2400,0.4,66,74.2,1.86,0.36,1.04,0.028,12.93,-3.43,-0.052,0.93
55.0,3.0,1.5,2.5,3.0,0.6,2400,0.4,66,74.2,1.83,0.36,1.04,0.028,14.66,-3.45,-0.052,0.93
55.0,4.0,0.7,2.5,4.5,0.6,7200,0.2,65,81.5,1.8,0.24,1.04,0.028,10.87,-3.4,-0.052,0.93
55.0,4.0,0.7,2.5,4.5,0.6,7200,0.4,65,81.5,1.8,0.24,1.04,0.028,10.87,-3.4,-0.052,0.93
55.0,4.0,1.0,2.5,4.5,0.4,7200,0.2,61,78.7,1.68,0.28,1.03,0.028,12.0,-3.2,-0.052,0.94
55.0,4.0,1.0,2.5,4.5,0.4,7200,0.4,61,78.7,1.68,0.28,1.03,0.028,12.0,-3.2,-0.052,0.94
55.0,5.0,1.0,1.5,4.5,0.8,1200,0.2,61,80.3,1.7,0.25,1.03,0.028,11.81,-3.18,-0.052,0.94
55.0,5.0,1.0,2.5,4.5,0.8,2400,0.4,61,82.0,1.72,0.23,1.03,0.028,11.3,-3.16,-0.052,0.94
40.0,2.0,0.7,2.5,4.5,0.8,1200,0.8,428,62.1,11.63,0.66,1.08,0.027,14.56,-22.61,-0.053,0.86
45.0,3.0,1.0,1.5,3.0,0.8,2400,0.2,203,74.9,5.51,0.35,1.04,0.027,20.17,-10.73,-0.053,0.93
50.0,3.0,1.0,2.5,3.0,0.6,2400,0.2,106,73.6,2.91,0.37,1.03,0.027,17.11,-5.57,-0.053,0.94
50.0,3.0,1.0,2.5,4.5,0.4,3600,0.8,117,66.7,3.19,0.52,1.04,0.027,17.41,-6.17,-0.053,0.93
50.0,4.0,1.0,2.5,4.5,0.6,3600,0.8,103,71.8,2.74,0.41,1.04,0.027,17.36,-5.5,-0.053,0.93
55.0,2.0,0.7,1.5,3.0,0.8,2400,0.4,78,69.2,2.11,0.47,1.05,0.027,8.39,-4.13,-0.053,0.9
55.0,2.0,0.7,1.5,4.5,0.4,,0.4,69,66.7,1.84,0.52,1.04,0.027,9.46,-3.68,-0.053,0.92
55.0,2.0,0.7,1.5,4.5,0.8,1200,0.4,78,65.4,2.08,0.56,1.05,0.027,6.6,-4.16,-0.053,0.9
55.0,2.0,0.7,2.5,4.5,0.4,1200,0.4,78,65.4,2.11,0.56,1.06,0.027,6.75,-4.13,-0.053,0.9
55.0,2.0,1.0,1.5,4.5,0.4,1200,0.2,71,64.8,1.91,0.57,1.04,0.027,11.18,-3.77,-0.053,0.92
55.0,3.0,0.7,1.5,4.5,0.6,1200,0.4,72,72.2,1.97,0.4,1.05,0.027,8.58,-3.79,-0.053,0.91
55.0,4.0,1.0,1.5,4.5,0.4,3600,0.8,68,73.5,1.84,0.37,1.04,0.027,12.07,-3.6,-0.053,0.93
55.0,4.0,1.0,2.5,3.0,0.4,7200,0.2,61,78.7,1.64,0.28,1.03,0.027,12.0,-3.24,-0.053,0.94
55.0,4.0,1.0,2.5,3.0,0.4,7200,0.4,61,78.7,1.64,0.28,1.03,0.027,12.0,-3.24,-0.053,0.94
55.0,4.0,1.0,2.5,4.5,0.4,14400,0.2,61,78.7,1.64,0.28,1.03,0.027,12.0,-3.24,-0.053,0.94
55.0,4.0,1.0,2.5,4.5,0.4,14400,0.4,61,78.7,1.64,0.28,1.03,0.027,12.0,-3.24,-0.053,0.94
55.0,4.0,1.0,2.5,4.5,0.4,14400,0.8,61,78.7,1.64,0.28,1.03,0.027,12.0,-3.24,-0.053,0.94
55.0,4.0,1.5,2.5,3.0,0.8,7200,0.8,64,76.6,1.75,0.32,1.03,0.027,12.0,-3.36,-0.053,0.94
40.0,2.0,0.7,1.5,4.5,0.8,1200,0.8,428,62.1,11.11,0.65,1.07,0.026,14.91,-23.13,-0.054,0.86
40.0,3.0,0.7,2.5,3.0,0.4,1200,0.8,389,63.5,10.3,0.61,1.07,0.026,15.81,-20.82,-0.054,0.87
45.0,3.0,1.0,1.5,3.0,0.6,3600,0.2,203,74.4,5.3,0.36,1.03,0.026,23.86,-10.94,-0.054,0.93
45.0,3.0,1.0,1.5,3.0,0.8,1200,0.2,205,74.1,5.34,0.36,1.03,0.026,21.61,-11.06,-0.054,0.93
45.0,3.0,1.0,1.5,3.0,0.8,3600,0.4,204,75.0,5.23,0.34,1.03,0.026,20.53,-11.09,-0.054,0.93
45.0,3.0,1.0,1.5,4.5,0.6,7200,0.8,208,73.1,5.41,0.38,1.03,0.026,26.64,-11.23,-0.054,0.93
50.0,3.0,1.0,2.5,4.5,0.8,2400,0.8,120,65.8,3.09,0.54,1.04,0.026,14.82,-6.51,-0.054,0.92
55.0,2.0,0.7,1.5,3.0,0.4,,0.4,69,66.7,1.8,0.52,1.04,0.026,9.46,-3.72,-0.054,0.91
55.0,2.0,0.7,1.5,4.5,0.4,2400,0.4,78,69.2,2.06,0.47,1.05,0.026,8.58,-4.18,-0.054,0.9
55.0,2.0,0.7,2.5,3.0,0.4,1200,0.4,78,65.4,1.99,0.56,1.05,0.026,6.75,-4.25,-0.054,0.89
55.0,3.0,0.7,1.5,3.0,0.6,1200,0.4,72,72.2,1.91,0.4,1.05,0.027,8.58,-3.85,-0.054,0.9
55.0,3.0,1.0,2.5,3.0,0.4,2400,0.4,66,74.2,1.74,0.36,1.04,0.026,12.93,-3.54,-0.054,0.93
55.0,4.0,1.0,1.5,3.0,0.4,3600,0.8,68,73.5,1.8,0.37,1.04,0.026,12.07,-3.64,-0.054,0.93
55.0,4.0,1.0,2.5,3.0,0.4,14400,0.2,61,78.7,1.6,0.28,1.03,0.026,12.0,-3.28,-0.054,0.94
55.0,4.0,1.0,2.5,3.0,0.4,14400,0.4,61,78.7,1.6,0.28,1.03,0.026,12.0,-3.28,-0.054,0.94
55.0,4.0,1.0,2.5,3.0,0.4,14400,0.8,61,78.7,1.6,0.28,1.03,0.026,12.0,-3.28,-0.054,0.94
55.0,4.0,1.5,2.5,4.5,0.8,7200,0.8,64,76.6,1.69,0.32,1.03,0.026,12.0,-3.43,-0.054,0.94
55.0,5.0,0.7,1.5,3.0,0.6,1200,0.8,82,65.9,2.1,0.55,1.06,0.026,5.96,-4.46,-0.054,0.88
55.0,5.0,0.7,1.5,4.5,0.6,1200,0.8,82,65.9,2.17,0.55,1.06,0.026,5.96,-4.39,-0.054,0.88
55.0,5.0,1.0,2.5,3.0,0.8,2400,0.4,61,82.0,1.61,0.23,1.03,0.026,11.3,-3.27,-0.054,0.94
40.0,2.0,0.7,2.5,3.0,0.8,1200,0.8,428,62.1,10.78,0.65,1.07,0.025,14.63,-23.46,-0.055,0.86
50.0,3.0,0.7,1.5,3.0,0.6,2400,0.2,111,78.4,2.81,0.29,1.04,0.025,15.59,-6.07,-0.055,0.91
50.0,3.0,1.0,1.5,4.5,0.6,2400,0.4,108,73.1,2.69,0.38,1.03,0.025,14.3,-5.95,-0.055,0.93
50.0,3.0,1.0,2.5,3.0,0.4,3600,0.8,117,66.7,2.87,0.52,1.04,0.025,17.41,-6.49,-0.055,0.92
50.0,4.0,1.0,2.5,4.5,0.8,3600,0.8,103,71.8,2.61,0.41,1.03,0.025,17.6,-5.63,-0.055,0.93
55.0,2.0,0.7,1.5,3.0,0.4,2400,0.4,78,69.2,1.95,0.47,1.05,0.025,8.58,-4.29,-0.055,0.9
55.0,2.0,0.7,1.5,4.5,0.4,1200,0.4,78,65.4,1.94,0.56,1.05,0.025,6.84,-4.3,-0.055,0.89
55.0,2.0,1.0,1.5,3.0,0.4,1200,0.2,71,64.8,1.8,0.56,1.04,0.025,11.18,-3.88,-0.055,0.92
55.0,2.0,1.0,1.5,3.0,0.8,1200,0.2,71,64.8,1.76,0.56,1.04,0.025,11.2,-3.92,-0.055,0.92
55.0,4.0,0.7,2.5,3.0,0.8,7200,0.2,65,81.5,1.62,0.23,1.04,0.025,10.4,-3.58,-0.055,0.92
55.0,4.0,0.7,2.5,3.0,0.8,7200,0.4,65,81.5,1.62,0.23,1.04,0.025,10.4,-3.58,-0.055,0.92
55.0,4.0,1.5,2.5,4.5,0.6,2400,0.2,61,78.7,1.52,0.28,1.03,0.025,12.08,-3.36,-0.055,0.94
55.0,5.0,0.7,2.5,4.5,0.8,1200,0.8,82,65.9,2.01,0.55,1.06,0.025,6.24,-4.55,-0.055,0.88
55.0,5.0,1.0,1.5,4.5,0.6,2400,0.4,61,82.0,1.52,0.23,1.03,0.025,11.39,-3.36,-0.055,0.93
55.0,5.0,1.0,2.5,3.0,0.8,1200,0.2,61,80.3,1.54,0.25,1.03,0.025,11.72,-3.34,-0.055,0.93
40.0,2.0,0.7,1.5,3.0,0.8,1200,0.8,428,62.1,10.26,0.65,1.07,0.024,14.98,-23.98,-0.056,0.85
40.0,4.0,1.0,2.5,4.5,0.4,1200,0.8,336,64.6,8.03,0.58,1.05,0.024,24.61,-18.85,-0.056,0.89
45.0,3.0,1.0,1.5,3.0,0.6,7200,0.8,208,73.1,5.01,0.38,1.03,0.024,26.52,-11.64,-0.056,0.93
50.0,3.0,1.0,1.5,4.5,0.6,7200,0.8,108,72.2,2.54,0.4,1.03,0.024,18.42,-6.1,-0.056,0.93
50.0,3.0,1.0,2.5,3.0,0.8,2400,0.4,108,73.1,2.58,0.38,1.03,0.024,14.4,-6.06,-0.056,0.93
55.0,2.0,0.7,1.5,3.0,0.8,1200,0.4,78,65.4,1.86,0.56,1.05,0.024,6.6,-4.38,-0.056,0.89
55.0,3.0,0.7,2.5,4.5,0.8,1200,0.4,72,72.2,1.69,0.4,1.04,0.023,8.58,-4.07,-0.056,0.9
55.0,3.0,1.5,2.5,3.0,0.6,7200,0.8,66,74.2,1.61,0.36,1.03,0.024,14.82,-3.67,-0.056,0.93
55.0,4.0,0.7,2.5,4.5,0.8,7200,0.2,65,81.5,1.55,0.23,1.03,0.024,10.4,-3.65,-0.056,0.92
55.0,4.0,0.7,2.5,4.5,0.8,7200,0.4,65,81.5,1.55,0.23,1.03,0.024,10.4,-3.65,-0.056,0.92
55.0,4.0,1.5,2.5,3.0,0.6,2400,0.2,61,78.7,1.45,0.28,1.03,0.024,12.08,-3.43,-0.056,0.94
55.0,5.0,1.0,1.5,3.0,0.6,2400,0.4,61,82.0,1.46,0.23,1.03,0.024,11.39,-3.42,-0.056,0.93
55.0,5.0,1.0,1.5,3.0,0.8,1200,0.2,61,80.3,1.48,0.25,1.03,0.024,11.81,-3.4,-0.056,0.93
55.0,5.0,1.0,2.5,4.5,0.6,1200,0.2,61,80.3,1.47,0.25,1.03,0.024,11.72,-3.41,-0.056,0.93
40.0,4.0,1.0,2.5,3.0,0.4,1200,0.8,336,64.6,7.73,0.57,1.05,0.023,24.6,-19.15,-0.057,0.89
50.0,3.0,1.0,2.5,3.0,0.6,2400,0.8,120,65.8,2.74,0.54,1.04,0.023,14.71,-6.86,-0.057,0.91
50.0,3.0,1.0,2.5,3.0,0.8,3600,0.2,106,73.6,2.45,0.37,1.03,0.023,17.74,-6.03,-0.057,0.93
50.0,3.0,1.0,2.5,4.5,0.6,3600,0.2,106,73.6,2.48,0.37,1.03,0.023,17.38,-6.0,-0.057,0.93
55.0,2.0,0.7,1.5,3.0,0.4,1200,0.4,78,65.4,1.82,0.55,1.05,0.023,6.84,-4.42,-0.057,0.89
55.0,2.0,1.0,2.5,4.5,0.8,1200,0.2,71,64.8,1.65,0.56,1.04,0.023,11.2,-4.03,-0.057,0.92
55.0,3.0,1.5,2.5,4.5,0.6,7200,0.8,66,74.2,1.55,0.36,1.03,0.023,14.82,-3.73,-0.057,0.93
55.0,4.0,0.7,2.5,3.0,0.8,14400,0.2,63,81.0,1.46,0.24,1.03,0.023,11.48,-3.58,-0.057,0.92
55.0,4.0,0.7,2.5,3.0,0.8,14400,0.4,63,81.0,1.46,0.24,1.03,0.023,11.48,-3.58,-0.057,0.92
55.0,4.0,0.7,2.5,3.0,0.8,14400,0.8,63,81.0,1.46,0.24,1.03,0.023,11.48,-3.58,-0.057,0.92
55.0,5.0,1.0,2.5,3.0,0.6,1200,0.2,61,80.3,1.41,0.25,1.03,0.023,11.72,-3.47,-0.057,0.93
40.0,3.0,0.7,1.5,4.5,0.4,1200,0.8,389,63.5,8.46,0.61,1.06,0.022,16.14,-22.66,-0.058,0.86
50.0,3.0,0.7,1.5,3.0,0.8,2400,0.2,111,78.4,2.4,0.29,1.03,0.022,15.71,-6.47,-0.058,0.91
50.0,3.0,1.0,1.5,4.5,0.6,2400,0.2,106,73.6,2.38,0.37,1.03,0.022,17.25,-6.1,-0.058,0.93
50.0,3.0,1.0,2.5,3.0,0.8,2400,0.2,106,73.6,2.36,0.37,1.03,0.022,17.35,-6.12,-0.058,0.93
55.0,2.0,1.0,1.5,4.5,0.6,1200,0.2,71,64.8,1.53,0.56,1.03,0.022,11.2,-4.15,-0.058,0.91
55.0,3.0,0.7,2.5,3.0,0.4,,0.4,63,73.0,1.37,0.38,1.03,0.022,12.48,-3.67,-0.058,0.92
55.0,3.0,0.7,2.5,4.5,0.4,,0.4,63,73.0,1.41,0.38,1.03,0.022,12.48,-3.63,-0.058,0.92
55.0,5.0,0.7,2.5,3.0,0.8,1200,0.8,82,65.9,1.79,0.55,1.05,0.022,6.24,-4.77,-0.058,0.87
55.0,5.0,1.0,1.5,4.5,0.6,1200,0.2,61,80.3,1.33,0.25,1.03,0.022,11.81,-3.55,-0.058,0.93
55.0,5.0,1.0,1.5,4.5,0.8,2400,0.4,61,82.0,1.37,0.23,1.03,0.022,11.39,-3.51,-0.058,0.93
50.0,3.0,1.0,1.5,4.5,0.6,2400,0.8,120,65.8,2.56,0.54,1.03,0.021,14.71,-7.04,-0.059,0.91
50.0,4.0,1.0,2.5,3.0,0.6,3600,0.8,103,71.8,2.11,0.4,1.03,0.02,17.74,-6.13,-0.059,0.92
55.0,2.0,0.7,1.5,4.5,0.6,1200,0.4,78,65.4,1.62,0.55,1.04,0.021,7.09,-4.62,-0.059,0.89
55.0,2.0,1.0,1.5,3.0,0.6,1200,0.2,71,64.8,1.46,0.56,1.03,0.021,11.2,-4.22,-0.059,0.91
55.0,3.0,0.7,2.5,4.5,0.4,3600,0.2,67,77.6,1.41,0.3,1.03,0.021,13.24,-3.95,-0.059,0.91
55.0,3.0,0.7,2.5,4.5,0.4,3600,0.4,67,77.6,1.41,0.3,1.03,0.021,13.24,-3.95,-0.059,0.91
55.0,4.0,0.7,1.5,3.0,0.6,14400,0.2,63,81.0,1.33,0.24,1.03,0.021,11.67,-3.71,-0.059,0.92
55.0,4.0,0.7,1.5,3.0,0.6,14400,0.4,63,81.0,1.33,0.24,1.03,0.021,11.67,-3.71,-0.059,0.92
55.0,4.0,0.7,1.5,3.0,0.6,14400,0.8,63,81.0,1.33,0.24,1.03,0.021,11.67,-3.71,-0.059,0.92
55.0,4.0,1.0,2.5,4.5,0.4,2400,0.2,61,78.7,1.27,0.28,1.02,0.021,12.0,-3.61,-0.059,0.93
55.0,5.0,1.0,1.5,3.0,0.6,1200,0.2,61,80.3,1.26,0.25,1.03,0.021,11.81,-3.62,-0.059,0.93
55.0,5.0,1.0,1.5,3.0,0.8,2400,0.4,61,82.0,1.26,0.23,1.03,0.021,11.39,-3.62,-0.059,0.93
40.0,3.0,0.7,1.5,3.0,0.4,1200,0.8,389,63.5,7.78,0.6,1.05,0.02,16.14,-23.34,-0.06,0.86
40.0,3.0,0.7,2.5,4.5,0.6,1200,0.8,389,63.5,7.67,0.6,1.05,0.02,17.02,-23.45,-0.06,0.86
45.0,3.0,1.0,1.5,3.0,0.8,7200,0.8,208,73.1,4.17,0.38,1.03,0.02,25.88,-12.47,-0.06,0.92
45.0,3.0,1.0,1.5,4.5,0.4,2400,0.8,233,69.1,4.7,0.46,1.03,0.02,22.29,-13.94,-0.06,0.91
45.0,3.0,1.0,2.5,4.5,0.6,1200,0.4,215,71.6,4.23,0.41,1.03,0.02,20.84,-12.97,-0.06,0.92
45.0,3.0,1.0,2.5,4.5,0.8,3600,0.2,203,73.9,4.12,0.36,1.03,0.02,23.3,-12.12,-0.06,0.93
50.0,3.0,1.0,1.5,3.0,0.8,7200,0.8,109,71.6,2.22,0.41,1.03,0.02,18.43,-6.5,-0.06,0.92
50.0,5.0,1.0,2.5,4.5,0.6,3600,0.8,98,74.5,1.97,0.35,1.03,0.02,18.36,-5.87,-0.06,0.93
50.0,5.0,1.0,2.5,4.5,0.8,3600,0.8,98,74.5,1.96,0.35,1.03,0.02,18.6,-5.88,-0.06,0.93
55.0,2.0,0.7,1.5,3.0,0.6,1200,0.4,78,65.4,1.56,0.55,1.04,0.02,7.09,-4.68,-0.06,0.88
55.0,2.0,1.0,2.5,3.0,0.8,1200,0.2,71,64.8,1.43,0.56,1.03,0.02,11.2,-4.25,-0.06,0.91
55.0,3.0,0.7,2.5,3.0,0.4,3600,0.2,67,77.6,1.37,0.3,1.03,0.02,13.24,-3.99,-0.06,0.91
55.0,3.0,0.7,2.5,3.0,0.4,3600,0.4,67,77.6,1.37,0.3,1.03,0.02,13.24,-3.99,-0.06,0.91
55.0,3.0,0.7,2.5,3.0,0.8,1200,0.4,72,72.2,1.47,0.4,1.04,0.02,8.58,-4.29,-0.06,0.89
55.0,3.0,0.7,2.5,4.5,0.6,1200,0.4,72,72.2,1.44,0.4,1.04,0.02,8.58,-4.32,-0.06,0.89
55.0,3.0,1.5,2.5,4.5,0.4,7200,0.2,63,73.0,1.23,0.38,1.02,0.02,16.35,-3.81,-0.06,0.93
55.0,3.0,1.5,2.5,4.5,0.4,7200,0.4,63,73.0,1.23,0.38,1.02,0.02,16.35,-3.81,-0.06,0.93
55.0,3.0,1.5,2.5,4.5,0.4,14400,0.2,63,73.0,1.23,0.38,1.02,0.02,16.35,-3.81,-0.06,0.93
55.0,3.0,1.5,2.5,4.5,0.4,14400,0.4,63,73.0,1.23,0.38,1.02,0.02,16.35,-3.81,-0.06,0.93
55.0,3.0,1.5,2.5,4.5,0.4,14400,0.8,63,73.0,1.23,0.38,1.02,0.02,16.35,-3.81,-0.06,0.93
55.0,3.0,1.5,2.5,4.5,0.4,,0.4,63,73.0,1.23,0.38,1.02,0.02,16.35,-3.81,-0.06,0.93
55.0,4.0,0.7,1.5,4.5,0.6,14400,0.2,63,81.0,1.24,0.24,1.03,0.02,11.67,-3.8,-0.06,0.92
55.0,4.0,0.7,1.5,4.5,0.6,14400,0.4,63,81.0,1.24,0.24,1.03,0.02,11.67,-3.8,-0.06,0.92
55.0,4.0,0.7,1.5,4.5,0.6,14400,0.8,63,81.0,1.24,0.24,1.03,0.02,11.67,-3.8,-0.06,0.92
55.0,4.0,1.5,2.5,3.0,0.6,3600,0.2,61,78.7,1.2,0.28,1.02,0.02,12.08,-3.68,-0.06,0.93
55.0,4.0,1.5,2.5,3.0,0.6,3600,0.4,61,78.7,1.2,0.28,1.02,0.02,12.08,-3.68,-0.06,0.93
55.0,5.0,0.7,2.5,4.5,0.6,1200,0.8,82,65.9,1.64,0.54,1.05,0.02,6.09,-4.92,-0.06,0.87
45.0,3.0,1.0,1.5,3.0,0.4,2400,0.8,233,69.1,4.39,0.46,1.03,0.019,22.29,-14.25,-0.061,0.91
50.0,3.0,1.0,1.5,3.0,0.6,7200,0.8,108,72.2,2.02,0.39,1.02,0.019,18.42,-6.62,-0.061,0.92
50.0,3.0,1.0,1.5,4.5,0.8,2400,0.4,108,73.1,2.08,0.38,1.03,0.019,14.54,-6.56,-0.061,0.92
50.0,3.0,1.0,2.5,3.0,0.8,2400,0.8,120,65.8,2.31,0.54,1.03,0.019,14.82,-7.29,-0.061,0.91
50.0,4.0,1.0,2.5,3.0,0.8,3600,0.8,103,71.8,1.96,0.4,1.03,0.019,17.98,-6.28,-0.061,0.92
55.0,2.0,0.7,2.5,4.5,0.4,3600,0.2,74,70.3,1.38,0.44,1.03,0.019,10.49,-4.54,-0.061,0.9
55.0,2.0,0.7,2.5,4.5,0.4,3600,0.4,74,70.3,1.38,0.44,1.03,0.019,10.49,-4.54,-0.061,0.9
55.0,2.0,0.7,2.5,4.5,0.8,1200,0.4,78,65.4,1.46,0.55,1.04,0.019,6.6,-4.78,-0.061,0.88
55.0,3.0,0.7,2.5,3.0,0.6,1200,0.4,72,72.2,1.38,0.4,1.04,0.019,8.58,-4.38,-0.061,0.89
55.0,3.0,0.7,2.5,4.5,0.4,2400,0.2,67,77.6,1.26,0.3,1.03,0.019,13.32,-4.1,-0.061,0.91
55.0,3.0,1.5,2.5,3.0,0.4,7200,0.2,63,73.0,1.19,0.38,1.02,0.019,16.35,-3.85,-0.061,0.93
55.0,3.0,1.5,2.5,3.0,0.4,7200,0.4,63,73.0,1.19,0.38,1.02,0.019,16.35,-3.85,-0.061,0.93
55.0,3.0,1.5,2.5,3.0,0.4,14400,0.2,63,73.0,1.19,0.38,1.02,0.019,16.35,-3.85,-0.061,0.93
55.0,3.0,1.5,2.5,3.0,0.4,14400,0.4,63,73.0,1.19,0.38,1.02,0.019,16.35,-3.85,-0.061,0.93
55.0,3.0,1.5,2.5,3.0,0.4,14400,0.8,63,73.0,1.19,0.38,1.02,0.019,16.35,-3.85,-0.061,0.93
55.0,3.0,1.5,2.5,3.0,0.4,,0.4,63,73.0,1.19,0.38,1.02,0.019,16.35,-3.85,-0.061,0.93
55.0,3.0,1.5,2.5,4.5,0.4,2400,0.2,63,73.0,1.19,0.38,1.02,0.019,16.27,-3.85,-0.061,0.93
55.0,3.0,1.5,2.5,4.5,0.4,3600,0.2,63,73.0,1.18,0.38,1.02,0.019,16.27,-3.86,-0.061,0.93
55.0,3.0,1.5,2.5,4.5,0.4,3600,0.4,63,73.0,1.18,0.38,1.02,0.019,16.27,-3.86,-0.061,0.93
55.0,4.0,1.0,2.5,3.0,0.4,2400,0.2,61,78.7,1.15,0.28,1.02,0.019,12.0,-3.73,-0.061,0.93
55.0,4.0,1.0,2.5,3.0,0.4,7200,0.8,63,77.8,1.18,0.29,1.02,0.019,12.0,-3.86,-0.061,0.93
55.0,4.0,1.0,2.5,3.0,0.4,,0.4,61,78.7,1.14,0.28,1.02,0.019,12.0,-3.74,-0.061,0.93
55.0,4.0,1.0,2.5,4.5,0.4,7200,0.8,63,77.8,1.22,0.29,1.02,0.019,12.0,-3.82,-0.061,0.93
55.0,4.0,1.0,2.5,4.5,0.4,,0.4,61,78.7,1.18,0.28,1.02,0.019,12.0,-3.7,-0.061,0.93
55.0,4.0,1.5,2.5,4.5,0.6,3600,0.2,61,78.7,1.14,0.28,1.02,0.019,12.08,-3.74,-0.061,0.93
55.0,4.0,1.5,2.5,4.5,0.6,3600,0.4,61,78.7,1.14,0.28,1.02,0.019,12.08,-3.74,-0.061,0.93
55.0,5.0,0.7,2.5,3.0,0.6,1200,0.8,82,65.9,1.57,0.54,1.05,0.019,6.09,-4.99,-0.061,0.87
40.0,3.0,0.7,2.5,3.0,0.6,1200,0.8,389,63.5,7.07,0.6,1.05,0.018,16.98,-24.05,-0.062,0.85
40.0,4.0,1.0,1.5,4.5,0.4,1200,0.8,336,64.6,6.15,0.57,1.04,0.018,25.27,-20.73,-0.062,0.88
45.0,3.0,1.0,2.5,3.0,0.6,1200,0.4,215,71.6,3.81,0.41,1.03,0.018,20.84,-13.39,-0.062,0.91
50.0,3.0,1.0,1.5,3.0,0.6,2400,0.4,108,73.1,1.93,0.38,1.02,0.018,14.3,-6.71,-0.062,0.92
50.0,3.0,1.0,2.5,4.5,0.6,1200,0.2,109,72.5,1.99,0.39,1.02,0.018,18.47,-6.73,-0.062,0.92
50.0,4.0,1.0,1.5,4.5,0.6,3600,0.8,103,71.8,1.87,0.4,1.02,0.018,17.6,-6.37,-0.062,0.92
55.0,2.0,0.7,2.5,3.0,0.4,3600,0.2,74,70.3,1.34,0.44,1.03,0.018,10.49,-4.58,-0.062,0.9
55.0,2.0,0.7,2.5,3.0,0.4,3600,0.4,74,70.3,1.34,0.44,1.03,0.018,10.49,-4.58,-0.062,0.9
55.0,2.0,1.0,2.5,4.5,0.6,1200,0.2,71,64.8,1.28,0.56,1.03,0.018,11.2,-4.4,-0.062,0.91
55.0,3.0,1.5,2.5,3.0,0.4,3600,0.2,63,73.0,1.14,0.38,1.02,0.018,16.27,-3.9,-0.062,0.93
55.0,3.0,1.5,2.5,3.0,0.4,3600,0.4,63,73.0,1.14,0.38,1.02,0.018,16.27,-3.9,-0.062,0.93
55.0,4.0,1.5,2.5,3.0,0.8,14400,0.2,61,78.7,1.1,0.28,1.02,0.018,12.88,-3.78,-0.062,0.93
55.0,4.0,1.5,2.5,3.0,0.8,14400,0.4,61,78.7,1.1,0.28,1.02,0.018,12.88,-3.78,-0.062,0.93
55.0,4.0,1.5,2.5,3.0,0.8,14400,0.8,61,78.7,1.1,0.28,1.02,0.018,12.88,-3.78,-0.062,0.93
55.0,4.0,1.5,2.5,4.5,0.6,1200,0.2,63,76.2,1.16,0.32,1.02,0.018,12.76,-3.88,-0.062,0.93
55.0,4.0,1.5,2.5,4.5,0.8,2400,0.2,61,78.7,1.07,0.28,1.02,0.018,12.88,-3.81,-0.062,0.93
40.0,4.0,1.0,1.5,3.0,0.4,1200,0.8,336,64.6,5.85,0.57,1.04,0.017,25.26,-21.03,-0.063,0.88
45.0,3.0,1.0,2.5,3.0,0.8,3600,0.2,203,73.9,3.36,0.36,1.02,0.017,23.22,-12.88,-0.063,0.92
50.0,3.0,1.0,1.5,4.5,0.8,2400,0.2,106,73.6,1.77,0.37,1.02,0.017,17.49,-6.71,-0.063,0.92
50.0,3.0,1.0,1.5,4.5,0.8,2400,0.8,120,65.8,2.07,0.53,1.03,0.017,14.82,-7.53,-0.063,0.9
50.0,3.0,1.0,2.5,3.0,0.6,3600,0.2,106,73.6,1.85,0.37,1.02,0.017,17.38,-6.63,-0.063,0.92
50.0,3.0,1.0,2.5,4.5,0.8,1200,0.2,109,72.5,1.86,0.39,1.02,0.017,18.59,-6.86,-0.063,0.92
55.0,2.0,0.7,2.5,4.5,0.4,2400,0.2,74,70.3,1.27,0.44,1.03,0.017,10.53,-4.65,-0.063,0.9
55.0,2.0,1.0,2.5,3.0,0.6,1200,0.2,71,64.8,1.21,0.56,1.03,0.017,11.2,-4.47,-0.063,0.91
55.0,3.0,0.7,2.5,3.0,0.4,2400,0.2,67,77.6,1.14,0.3,1.03,0.017,13.32,-4.22,-0.063,0.91
55.0,3.0,1.0,1.5,3.0,0.6,3600,0.8,72,68.1,1.22,0.48,1.03,0.017,9.85,-4.54,-0.063,0.91
55.0,3.0,1.0,1.5,3.0,0.8,7200,0.8,67,73.1,1.12,0.38,1.02,0.017,12.67,-4.24,-0.063,0.92
55.0,3.0,1.5,2.5,3.0,0.4,2400,0.2,63,73.0,1.07,0.38,1.02,0.017,16.27,-3.97,-0.063,0.92
55.0,4.0,0.7,2.5,3.0,0.4,,0.4,61,78.7,1.02,0.28,1.02,0.017,10.12,-3.86,-0.063,0.92
55.0,4.0,0.7,2.5,4.5,0.4,,0.4,61,78.7,1.06,0.28,1.02,0.017,10.12,-3.82,-0.063,0.92
55.0,4.0,0.7,2.5,4.5,0.8,14400,0.2,63,81.0,1.09,0.24,1.02,0.017,11.48,-3.95,-0.063,0.92
55.0,4.0,0.7,2.5,4.5,0.8,14400,0.4,63,81.0,1.09,0.24,1.02,0.017,11.48,-3.95,-0.063,0.92
55.0,4.0,0.7,2.5,4.5,0.8,14400,0.8,63,81.0,1.09,0.24,1.02,0.017,11.48,-3.95,-0.063,0.92
55.0,4.0,1.5,2.5,3.0,0.6,1200,0.2,63,76.2,1.09,0.32,1.02,0.017,12.76,-3.95,-0.063,0.93
40.0,3.0,0.7,1.5,4.5,0.6,1200,0.8,389,63.5,6.18,0.6,1.04,0.016,17.13,-24.94,-0.064,0.85
55.0,2.0,0.7,2.5,3.0,0.4,2400,0.2,74,70.3,1.16,0.43,1.03,0.016,10.53,-4.76,-0.064,0.89
55.0,2.0,0.7,2.5,3.0,0.8,1200,0.4,78,65.4,1.25,0.55,1.03,0.016,6.6,-5.0,-0.064,0.88
55.0,3.0,1.0,1.5,4.5,0.6,3600,0.8,72,68.1,1.16,0.48,1.02,0.016,9.85,-4.6,-0.064,0.91
55.0,3.0,1.0,1.5,4.5,0.8,7200,0.8,67,73.1,1.05,0.38,1.02,0.016,12.67,-4.31,-0.064,0.91
55.0,4.0,1.5,2.5,3.0,0.8,2400,0.2,61,78.7,0.96,0.28,1.02,0.016,12.88,-3.92,-0.064,0.93
45.0,3.0,1.0,2.5,4.5,0.4,3600,0.8,219,69.4,3.34,0.45,1.02,0.015,24.3,-14.18,-0.065,0.91
50.0,3.0,1.0,1.5,3.0,0.6,2400,0.2,106,73.6,1.62,0.37,1.02,0.015,17.25,-6.86,-0.065,0.92
50.0,3.0,1.0,1.5,3.0,0.6,2400,0.8,120,65.8,1.81,0.53,1.02,0.015,14.7,-7.79,-0.065,0.9
50.0,3.0,1.0,1.5,4.5,0.6,3600,0.2,106,73.6,1.61,0.37,1.02,0.015,17.53,-6.87,-0.065,0.92
55.0,4.0,0.7,2.5,4.5,0.4,3600,0.2,65,81.5,0.95,0.23,1.02,0.015,10.63,-4.25,-0.065,0.91
55.0,4.0,0.7,2.5,4.5,0.4,3600,0.4,65,81.5,0.95,0.23,1.02,0.015,10.63,-4.25,-0.065,0.91
55.0,5.0,0.7,2.5,4.5,0.4,7200,0.2,63,84.1,0.93,0.19,1.02,0.015,10.22,-4.11,-0.065,0.92
55.0,5.0,0.7,2.5,4.5,0.4,7200,0.4,63,84.1,0.93,0.19,1.02,0.015,10.22,-4.11,-0.065,0.92
40.0,3.0,0.7,1.5,3.0,0.6,1200,0.8,389,63.5,5.58,0.6,1.04,0.014,17.09,-25.54,-0.066,0.84
45.0,3.0,1.0,1.5,4.5,0.6,1200,0.4,215,71.6,2.95,0.4,1.02,0.014,20.82,-14.25,-0.066,0.91
45.0,3.0,1.0,2.5,3.0,0.4,3600,0.8,219,69.4,3.07,0.45,1.02,0.014,24.23,-14.45,-0.066,0.91
50.0,3.0,1.0,1.5,4.5,0.4,1200,0.2,109,72.5,1.49,0.39,1.02,0.014,18.32,-7.23,-0.066,0.92
50.0,5.0,1.0,2.5,3.0,0.6,3600,0.8,98,74.5,1.34,0.35,1.02,0.014,18.74,-6.5,-0.066,0.92
55.0,2.0,0.7,2.5,4.5,0.6,1200,0.4,78,65.4,1.09,0.54,1.03,0.014,7.14,-5.15,-0.066,0.87
55.0,3.0,1.0,1.5,4.5,0.4,2400,0.4,66,74.2,0.93,0.35,1.02,0.014,12.93,-4.36,-0.066,0.91
55.0,4.0,0.7,2.5,3.0,0.4,3600,0.2,65,81.5,0.91,0.23,1.02,0.014,10.63,-4.29,-0.066,0.91
55.0,4.0,0.7,2.5,3.0,0.4,3600,0.4,65,81.5,0.91,0.23,1.02,0.014,10.63,-4.29,-0.066,0.91
55.0,4.0,1.5,2.5,3.0,0.8,3600,0.2,61,78.7,0.88,0.28,1.02,0.014,12.88,-4.0,-0.066,0.92
55.0,4.0,1.5,2.5,3.0,0.8,3600,0.4,61,78.7,0.88,0.28,1.02,0.014,12.88,-4.0,-0.066,0.92
55.0,4.0,1.5,2.5,4.5,0.6,2400,0.4,63,77.8,0.87,0.29,1.02,0.014,12.34,-4.17,-0.066,0.92
55.0,5.0,0.7,2.5,3.0,0.4,7200,0.2,63,84.1,0.89,0.19,1.02,0.014,10.22,-4.15,-0.066,0.92
55.0,5.0,0.7,2.5,3.0,0.4,7200,0.4,63,84.1,0.89,0.19,1.02,0.014,10.22,-4.15,-0.066,0.92
45.0,3.0,1.0,1.5,4.5,0.8,3600,0.2,203,74.4,2.72,0.35,1.02,0.013,23.88,-13.52,-0.067,0.92
50.0,3.0,1.0,2.5,3.0,0.6,1200,0.2,109,72.5,1.46,0.39,1.02,0.013,18.47,-7.26,-0.067,0.92
50.0,5.0,1.0,2.5,3.0,0.8,3600,0.8,98,74.5,1.31,0.35,1.02,0.013,18.98,-6.53,-0.067,0.92
55.0,2.0,0.7,1.5,3.0,0.6,3600,0.2,74,70.3,0.94,0.43,1.02,0.013,10.36,-4.98,-0.067,0.89
55.0,2.0,0.7,1.5,3.0,0.6,3600,0.4,74,70.3,0.94,0.43,1.02,0.013,10.36,-4.98,-0.067,0.89
55.0,2.0,0.7,2.5,3.0,0.6,1200,0.4,78,65.4,1.03,0.54,1.03,0.013,7.14,-5.21,-0.067,0.87
55.0,2.0,0.7,2.5,4.5,0.8,2400,0.2,74,70.3,0.93,0.43,1.02,0.013,10.3,-4.99,-0.067,0.89
55.0,3.0,0.7,2.5,4.5,0.4,2400,0.4,70,77.1,0.92,0.3,1.02,0.013,13.74,-4.68,-0.067,0.9
55.0,3.0,1.0,1.5,3.0,0.6,7200,0.8,66,74.2,0.86,0.35,1.02,0.013,13.57,-4.42,-0.067,0.91
55.0,4.0,1.0,1.5,4.5,0.4,7200,0.2,61,78.7,0.77,0.27,1.01,0.013,12.0,-4.11,-0.067,0.92
55.0,4.0,1.0,1.5,4.5,0.4,7200,0.4,61,78.7,0.77,0.27,1.01,0.013,12.0,-4.11,-0.067,0.92
55.0,4.0,1.0,2.5,4.5,0.4,3600,0.2,61,78.7,0.8,0.27,1.02,0.013,12.0,-4.08,-0.067,0.92
55.0,4.0,1.0,2.5,4.5,0.4,3600,0.4,61,78.7,0.8,0.27,1.02,0.013,12.0,-4.08,-0.067,0.92
55.0,4.0,1.5,2.5,3.0,0.6,2400,0.4,63,77.8,0.8,0.29,1.02,0.013,12.34,-4.24,-0.067,0.92
55.0,4.0,1.5,2.5,4.5,0.8,3600,0.2,61,78.7,0.82,0.28,1.02,0.013,12.88,-4.06,-0.067,0.92
55.0,4.0,1.5,2.5,4.5,0.8,3600,0.4,61,78.7,0.82,0.28,1.02,0.013,12.88,-4.06,-0.067,0.92
40.0,4.0,1.0,2.5,4.5,0.6,1200,0.8,336,64.6,3.87,0.56,1.02,0.012,25.81,-23.01,-0.068,0.87
45.0,3.0,1.0,1.5,3.0,0.6,1200,0.4,215,71.6,2.53,0.4,1.02,0.012,20.82,-14.67,-0.068,0.9
50.0,3.0,1.0,1.5,3.0,0.8,2400,0.4,108,73.1,1.29,0.37,1.02,0.012,14.54,-7.35,-0.068,0.91
50.0,3.0,1.0,1.5,4.5,0.8,3600,0.2,106,73.6,1.31,0.36,1.02,0.012,17.89,-7.17,-0.068,0.92
50.0,4.0,1.0,1.5,3.0,0.6,3600,0.8,103,71.8,1.24,0.4,1.02,0.012,17.97,-7.0,-0.068,0.91
50.0,4.0,1.0,1.5,4.5,0.8,3600,0.8,103,71.8,1.26,0.4,1.02,0.012,17.77,-6.98,-0.068,0.91
55.0,2.0,0.7,1.5,4.5,0.6,3600,0.2,74,70.3,0.88,0.43,1.02,0.012,10.36,-5.04,-0.068,0.89
55.0,2.0,0.7,1.5,4.5,0.6,3600,0.4,74,70.3,0.88,0.43,1.02,0.012,10.36,-5.04,-0.068,0.89
55.0,2.0,0.7,2.5,4.5,0.6,2400,0.2,74,70.3,0.91,0.43,1.02,0.012,10.91,-5.01,-0.068,0.89
55.0,3.0,1.0,1.5,3.0,0.4,2400,0.4,66,74.2,0.81,0.35,1.02,0.012,12.93,-4.47,-0.068,0.91
55.0,3.0,1.0,1.5,3.0,0.8,3600,0.8,72,68.1,0.83,0.48,1.02,0.012,9.85,-4.93,-0.068,0.9
55.0,3.0,1.0,1.5,4.5,0.6,7200,0.8,66,74.2,0.8,0.35,1.02,0.012,13.57,-4.48,-0.068,0.91
55.0,3.0,1.0,2.5,3.0,0.6,3600,0.8,72,68.1,0.89,0.48,1.02,0.012,9.86,-4.87,-0.068,0.9
55.0,3.0,1.0,2.5,4.5,0.6,3600,0.8,72,68.1,0.83,0.48,1.02,0.012,9.86,-4.93,-0.068,0.9
55.0,3.0,1.5,2.5,3.0,0.8,14400,0.2,63,73.0,0.76,0.38,1.01,0.012,15.2,-4.28,-0.068,0.92
55.0,3.0,1.5,2.5,3.0,0.8,14400,0.4,63,73.0,0.76,0.38,1.01,0.012,15.2,-4.28,-0.068,0.92
55.0,3.0,1.5,2.5,3.0,0.8,14400,0.8,63,73.0,0.76,0.38,1.01,0.012,15.2,-4.28,-0.068,0.92
55.0,3.0,1.5,2.5,4.5,0.8,14400,0.2,63,73.0,0.76,0.38,1.01,0.012,14.88,-4.28,-0.068,0.92
55.0,3.0,1.5,2.5,4.5,0.8,14400,0.4,63,73.0,0.76,0.38,1.01,0.012,14.88,-4.28,-0.068,0.92
55.0,3.0,1.5,2.5,4.5,0.8,14400,0.8,63,73.0,0.76,0.38,1.01,0.012,14.88,-4.28,-0.068,0.92
55.0,4.0,1.0,1.5,3.0,0.4,7200,0.2,61,78.7,0.73,0.27,1.01,0.012,12.0,-4.15,-0.068,0.92
55.0,4.0,1.0,1.5,3.0,0.4,7200,0.4,61,78.7,0.73,0.27,1.01,0.012,12.0,-4.15,-0.068,0.92
55.0,4.0,1.0,1.5,3.0,0.6,3600,0.8,68,73.5,0.79,0.37,1.02,0.012,12.75,-4.65,-0.068,0.91
55.0,4.0,1.0,1.5,4.5,0.4,14400,0.2,61,78.7,0.74,0.27,1.01,0.012,12.0,-4.14,-0.068,0.92
55.0,4.0,1.0,1.5,4.5,0.4,14400,0.4,61,78.7,0.74,0.27,1.01,0.012,12.0,-4.14,-0.068,0.92
55.0,4.0,1.0,1.5,4.5,0.4,14400,0.8,61,78.7,0.74,0.27,1.01,0.012,12.0,-4.14,-0.068,0.92
55.0,4.0,1.0,2.5,3.0,0.4,3600,0.2,61,78.7,0.76,0.27,1.01,0.012,12.0,-4.12,-0.068,0.92
55.0,4.0,1.0,2.5,3.0,0.4,3600,0.4,61,78.7,0.76,0.27,1.01,0.012,12.0,-4.12,-0.068,0.92
55.0,4.0,1.5,2.5,4.5,0.8,14400,0.2,61,78.7,0.73,0.27,1.01,0.012,12.88,-4.15,-0.068,0.92
55.0,4.0,1.5,2.5,4.5,0.8,14400,0.4,61,78.7,0.73,0.27,1.01,0.012,12.88,-4.15,-0.068,0.92
55.0,4.0,1.5,2.5,4.5,0.8,14400,0.8,61,78.7,0.73,0.27,1.01,0.012,12.88,-4.15,-0.068,0.92
40.0,4.0,1.0,2.5,3.0,0.6,1200,0.8,336,64.6,3.65,0.56,1.02,0.011,25.77,-23.24,-0.069,0.87
45.0,3.0,1.0,2.5,4.5,0.8,1200,0.4,215,71.6,2.34,0.4,1.02,0.011,20.11,-14.86,-0.069,0.9
50.0,3.0,1.0,1.5,3.0,0.8,2400,0.8,120,65.8,1.29,0.53,1.02,0.011,14.82,-8.31,-0.069,0.89
50.0,3.0,1.0,2.5,3.0,0.8,1200,0.2,109,72.5,1.2,0.39,1.01,0.011,18.59,-7.52,-0.069,0.91
55.0,2.0,0.7,1.5,3.0,0.8,3600,0.2,74,70.3,0.79,0.43,1.02,0.011,9.83,-5.13,-0.069,0.89
55.0,2.0,0.7,1.5,3.0,0.8,3600,0.4,74,70.3,0.79,0.43,1.02,0.011,9.83,-5.13,-0.069,0.89
55.0,2.0,0.7,1.5,4.5,0.4,3600,0.2,74,70.3,0.81,0.43,1.02,0.011,10.51,-5.11,-0.069,0.89
55.0,2.0,0.7,1.5,4.5,0.4,3600,0.4,74,70.3,0.81,0.43,1.02,0.011,10.51,-5.11,-0.069,0.89
55.0,2.0,0.7,1.5,4.5,0.6,2400,0.2,74,70.3,0.83,0.43,1.02,0.011,10.72,-5.09,-0.069,0.89
55.0,2.0,0.7,1.5,4.5,0.8,2400,0.2,74,70.3,0.8,0.43,1.02,0.011,10.3,-5.12,-0.069,0.89
55.0,2.0,0.7,1.5,4.5,0.8,3600,0.2,74,70.3,0.79,0.43,1.02,0.011,9.83,-5.13,-0.069,0.89
55.0,2.0,0.7,1.5,4.5,0.8,3600,0.4,74,70.3,0.79,0.43,1.02,0.011,9.83,-5.13,-0.069,0.89
55.0,2.0,0.7,2.5,3.0,0.6,2400,0.2,74,70.3,0.84,0.43,1.02,0.011,10.91,-5.08,-0.069,0.89
55.0,2.0,0.7,2.5,3.0,0.8,2400,0.2,74,70.3,0.82,0.43,1.02,0.011,10.3,-5.1,-0.069,0.89
55.0,3.0,0.7,2.5,3.0,0.4,2400,0.4,70,77.1,0.81,0.3,1.02,0.012,13.74,-4.8,-0.069,0.89
55.0,3.0,1.0,1.5,4.5,0.8,3600,0.8,72,68.1,0.76,0.48,1.02,0.011,9.85,-5.0,-0.069,0.9
55.0,3.0,1.0,2.5,3.0,0.8,7200,0.8,67,73.1,0.75,0.37,1.02,0.011,12.22,-4.61,-0.069,0.91
55.0,3.0,1.5,2.5,3.0,0.8,,0.4,63,73.0,0.69,0.37,1.01,0.011,15.2,-4.35,-0.069,0.92
55.0,3.0,1.5,2.5,4.5,0.8,,0.4,63,73.0,0.69,0.37,1.01,0.011,14.88,-4.35,-0.069,0.92
55.0,4.0,1.0,1.5,3.0,0.4,14400,0.2,61,78.7,0.7,0.27,1.01,0.011,12.0,-4.18,-0.069,0.92
55.0,4.0,1.0,1.5,3.0,0.4,14400,0.4,61,78.7,0.7,0.27,1.01,0.011,12.0,-4.18,-0.069,0.92
55.0,4.0,1.0,1.5,3.0,0.4,14400,0.8,61,78.7,0.7,0.27,1.01,0.011,12.0,-4.18,-0.069,0.92
55.0,4.0,1.0,1.5,4.5,0.6,3600,0.8,68,73.5,0.73,0.37,1.01,0.011,12.75,-4.71,-0.069,0.91
55.0,4.0,1.0,2.5,3.0,0.6,3600,0.8,68,73.5,0.74,0.37,1.01,0.011,12.8,-4.7,-0.069,0.91
55.0,5.0,1.0,1.5,3.0,0.4,3600,0.8,66,75.8,0.7,0.32,1.01,0.011,11.22,-4.58,-0.069,0.91
55.0,5.0,1.0,1.5,4.5,0.4,3600,0.8,66,75.8,0.74,0.32,1.01,0.011,11.22,-4.54,-0.069,0.91
40.0,3.0,0.7,2.5,4.5,0.8,1200,0.8,389,63.5,4.06,0.59,1.03,0.01,18.24,-27.06,-0.07,0.83
45.0,3.0,1.0,1.5,3.0,0.8,3600,0.2,203,74.4,1.95,0.35,1.01,0.01,23.8,-14.29,-0.07,0.91
50.0,3.0,1.0,1.5,3.0,0.4,1200,0.2,109,72.5,1.1,0.38,1.01,0.01,18.32,-7.62,-0.07,0.91
55.0,2.0,0.7,1.5,3.0,0.4,3600,0.2,74,70.3,0.77,0.43,1.02,0.01,10.51,-5.15,-0.07,0.88
55.0,2.0,0.7,1.5,3.0,0.4,3600,0.4,74,70.3,0.77,0.43,1.02,0.01,10.51,-5.15,-0.07,0.88
55.0,2.0,0.7,1.5,3.0,0.6,2400,0.2,74,70.3,0.76,0.43,1.02,0.01,10.72,-5.16,-0.07,0.88
55.0,2.0,0.7,2.5,3.0,0.8,3600,0.2,74,70.3,0.72,0.43,1.02,0.01,9.75,-5.2,-0.07,0.88
55.0,2.0,0.7,2.5,3.0,0.8,3600,0.4,74,70.3,0.72,0.43,1.02,0.01,9.75,-5.2,-0.07,0.88
55.0,2.0,0.7,2.5,4.5,0.8,3600,0.2,74,70.3,0.72,0.43,1.02,0.01,9.75,-5.2,-0.07,0.88
55.0,2.0,0.7,2.5,4.5,0.8,3600,0.4,74,70.3,0.72,0.43,1.02,0.01,9.75,-5.2,-0.07,0.88
55.0,3.0,0.7,1.5,4.5,0.4,3600,0.2,67,77.6,0.66,0.29,1.02,0.01,13.24,-4.7,-0.07,0.89
55.0,3.0,0.7,1.5,4.5,0.4,3600,0.4,67,77.6,0.66,0.29,1.02,0.01,13.24,-4.7,-0.07,0.89
55.0,3.0,0.7,2.5,3.0,0.8,,0.4,63,73.0,0.63,0.37,1.01,0.01,11.32,-4.41,-0.07,0.9
55.0,3.0,0.7,2.5,4.5,0.8,,0.4,63,73.0,0.63,0.37,1.01,0.01,11.0,-4.41,-0.07,0.9
55.0,3.0,1.0,2.5,4.5,0.8,7200,0.8,67,73.1,0.68,0.37,1.01,0.01,12.22,-4.68,-0.07,0.91
55.0,4.0,0.7,2.5,4.5,0.4,2400,0.2,65,81.5,0.67,0.23,1.01,0.01,10.83,-4.53,-0.07,0.9
55.0,4.0,1.0,1.5,3.0,0.8,14400,0.2,61,78.7,0.61,0.27,1.01,0.01,12.0,-4.27,-0.07,0.92
55.0,4.0,1.0,1.5,3.0,0.8,14400,0.4,61,78.7,0.61,0.27,1.01,0.01,12.0,-4.27,-0.07,0.92
55.0,4.0,1.0,1.5,3.0,0.8,14400,0.8,61,78.7,0.61,0.27,1.01,0.01,12.0,-4.27,-0.07,0.92
55.0,4.0,1.0,2.5,4.5,0.6,3600,0.8,68,73.5,0.68,0.36,1.01,0.01,12.8,-4.76,-0.07,0.91
55.0,4.0,1.5,2.5,3.0,0.8,,0.4,61,78.7,0.63,0.27,1.01,0.01,13.28,-4.24,-0.07,0.92
55.0,4.0,1.5,2.5,4.5,0.8,2400,0.4,62,79.0,0.62,0.27,1.01,0.01,12.94,-4.34,-0.07,0.92
40.0,3.0,0.7,1.5,4.5,0.8,1200,0.8,389,63.5,3.59,0.59,1.02,0.009,17.9,-27.54,-0.071,0.83
40.0,3.0,0.7,2.5,3.0,0.8,1200,0.8,389,63.5,3.51,0.59,1.02,0.009,18.2,-27.61,-0.071,0.83
40.0,4.0,1.0,1.5,4.5,0.6,1200,0.8,336,64.6,3.04,0.56,1.02,0.009,26.24,-23.84,-0.071,0.86
50.0,3.0,1.0,1.5,3.0,0.6,3600,0.2,106,73.6,0.97,0.36,1.01,0.009,17.53,-7.51,-0.071,0.91
50.0,3.0,1.0,1.5,3.0,0.8,2400,0.2,106,73.6,0.98,0.36,1.01,0.009,17.49,-7.5,-0.071,0.91
50.0,3.0,1.0,1.5,4.5,0.4,3600,0.8,117,66.7,1.02,0.51,1.01,0.009,17.37,-8.34,-0.071,0.9
50.0,5.0,1.0,1.5,4.5,0.6,3600,0.8,98,74.5,0.84,0.35,1.01,0.009,18.6,-7.0,-0.071,0.91
55.0,2.0,0.7,1.5,3.0,0.8,2400,0.2,74,70.3,0.69,0.43,1.02,0.009,10.3,-5.23,-0.071,0.88
55.0,2.0,0.7,1.5,4.5,0.4,2400,0.2,74,70.3,0.65,0.43,1.02,0.009,10.54,-5.27,-0.071,0.88
55.0,2.0,0.7,2.5,3.0,0.6,3600,0.2,74,70.3,0.68,0.43,1.02,0.009,10.66,-5.24,-0.071,0.88
55.0,2.0,0.7,2.5,3.0,0.6,3600,0.4,74,70.3,0.68,0.43,1.02,0.009,10.66,-5.24,-0.071,0.88
55.0,3.0,0.7,1.5,3.0,0.4,3600,0.2,67,77.6,0.62,0.29,1.01,0.009,13.24,-4.74,-0.071,0.89
55.0,3.0,0.7,1.5,3.0,0.4,3600,0.4,67,77.6,0.62,0.29,1.01,0.009,13.24,-4.74,-0.071,0.89
55.0,3.0,0.7,1.5,3.0,0.8,,0.4,63,73.0,0.58,0.37,1.01,0.009,11.82,-4.46,-0.071,0.9
55.0,3.0,0.7,1.5,4.5,0.8,,0.4,63,73.0,0.58,0.37,1.01,0.009,11.5,-4.46,-0.071,0.9
55.0,3.0,1.0,2.5,3.0,0.8,3600,0.8,72,68.1,0.63,0.48,1.01,0.009,9.85,-5.13,-0.071,0.9
55.0,4.0,0.7,2.5,3.0,0.4,2400,0.2,65,81.5,0.55,0.23,1.01,0.008,10.83,-4.65,-0.071,0.9
55.0,4.0,1.5,2.5,3.0,0.6,7200,0.8,63,77.8,0.54,0.29,1.01,0.009,12.0,-4.5,-0.071,0.92
55.0,5.0,0.7,1.5,3.0,0.4,,0.4,59,83.1,0.53,0.21,1.01,0.009,10.0,-4.19,-0.071,0.91
40.0,3.0,0.7,1.5,3.0,0.8,1200,0.8,389,63.5,3.04,0.59,1.02,0.008,17.86,-28.08,-0.072,0.83
40.0,4.0,1.0,1.5,3.0,0.6,1200,0.8,336,64.6,2.82,0.56,1.02,0.008,26.21,-24.06,-0.072,0.86
45.0,3.0,1.0,2.5,3.0,0.8,1200,0.4,215,71.6,1.73,0.4,1.01,0.008,20.31,-15.48,-0.072,0.9
55.0,2.0,0.7,2.5,4.5,0.6,3600,0.2,74,70.3,0.62,0.43,1.01,0.008,10.66,-5.3,-0.072,0.88
55.0,2.0,0.7,2.5,4.5,0.6,3600,0.4,74,70.3,0.62,0.43,1.01,0.008,10.66,-5.3,-0.072,0.88
55.0,3.0,1.0,2.5,4.5,0.8,3600,0.8,72,68.1,0.57,0.48,1.01,0.008,9.85,-5.19,-0.072,0.89
55.0,4.0,1.5,2.5,3.0,0.6,14400,0.2,61,78.7,0.49,0.27,1.01,0.008,12.08,-4.39,-0.072,0.92
55.0,4.0,1.5,2.5,3.0,0.6,14400,0.4,61,78.7,0.49,0.27,1.01,0.008,12.08,-4.39,-0.072,0.92
55.0,4.0,1.5,2.5,3.0,0.6,14400,0.8,61,78.7,0.49,0.27,1.01,0.008,12.08,-4.39,-0.072,0.92
55.0,4.0,1.5,2.5,3.0,0.8,2400,0.4,62,79.0,0.51,0.27,1.01,0.008,12.94,-4.45,-0.072,0.92
55.0,4.0,1.5,2.5,4.5,0.6,7200,0.8,63,77.8,0.48,0.29,1.01,0.008,12.0,-4.56,-0.072,0.92
55.0,4.0,1.5,2.5,4.5,0.8,1200,0.2,62,75.8,0.49,0.32,1.01,0.008,13.36,-4.47,-0.072,0.92
55.0,5.0,0.7,1.5,4.5,0.4,,0.4,59,83.1,0.5,0.21,1.01,0.008,10.0,-4.22,-0.072,0.91
45.0,3.0,1.0,1.5,4.5,0.8,1200,0.4,215,71.6,1.45,0.4,1.01,0.007,20.3,-15.75,-0.073,0.9
55.0,2.0,0.7,1.5,3.0,0.4,2400,0.2,74,70.3,0.53,0.43,1.01,0.007,10.54,-5.39,-0.073,0.88
55.0,3.0,0.7,1.5,4.5,0.4,2400,0.2,67,77.6,0.46,0.29,1.01,0.007,13.32,-4.9,-0.073,0.89
55.0,4.0,1.5,2.5,3.0,0.6,7200,0.2,61,78.7,0.44,0.27,1.01,0.007,12.08,-4.44,-0.073,0.92
55.0,4.0,1.5,2.5,3.0,0.6,7200,0.4,61,78.7,0.44,0.27,1.01,0.007,12.08,-4.44,-0.073,0.92
55.0,4.0,1.5,2.5,4.5,0.6,14400,0.2,61,78.7,0.4,0.27,1.01,0.007,12.08,-4.48,-0.073,0.92
55.0,4.0,1.5,2.5,4.5,0.6,14400,0.4,61,78.7,0.4,0.27,1.01,0.007,12.08,-4.48,-0.073,0.92
55.0,4.0,1.5,2.5,4.5,0.6,14400,0.8,61,78.7,0.4,0.27,1.01,0.007,12.08,-4.48,-0.073,0.92
50.0,3.0,1.0,1.5,3.0,0.4,3600,0.8,117,66.7,0.7,0.5,1.01,0.006,17.37,-8.66,-0.074,0.89
50.0,3.0,1.0,1.5,3.0,0.8,3600,0.2,106,73.6,0.64,0.36,1.01,0.006,17.89,-7.84,-0.074,0.91
50.0,4.0,1.0,1.5,3.0,0.8,3600,0.8,103,71.8,0.61,0.4,1.01,0.006,18.14,-7.63,-0.074,0.9
55.0,3.0,0.7,1.5,4.5,0.4,,0.4,63,73.0,0.38,0.37,1.01,0.006,12.43,-4.66,-0.074,0.9
55.0,3.0,1.5,2.5,4.5,0.4,1200,0.2,65,70.8,0.39,0.42,1.01,0.006,17.16,-4.81,-0.074,0.91
55.0,4.0,1.0,1.5,4.5,0.4,,0.4,61,78.7,0.37,0.27,1.01,0.006,12.0,-4.51,-0.074,0.91
55.0,4.0,1.0,2.5,3.0,0.8,3600,0.8,68,73.5,0.4,0.36,1.01,0.006,13.28,-5.04,-0.074,0.9
55.0,4.0,1.5,2.5,4.5,0.6,7200,0.2,61,78.7,0.38,0.27,1.01,0.006,12.08,-4.5,-0.074,0.92
55.0,4.0,1.5,2.5,4.5,0.6,7200,0.4,61,78.7,0.38,0.27,1.01,0.006,12.08,-4.5,-0.074,0.92
55.0,3.0,0.7,1.5,3.0,0.4,2400,0.2,67,77.6,0.34,0.29,1.01,0.005,13.32,-5.02,-0.075,0.89
55.0,3.0,0.7,1.5,3.0,0.4,,0.4,63,73.0,0.34,0.37,1.01,0.005,12.43,-4.7,-0.075,0.9
55.0,4.0,1.0,1.5,3.0,0.4,,0.4,61,78.7,0.32,0.27,1.01,0.005,12.0,-4.56,-0.075,0.91
55.0,4.0,1.0,1.5,3.0,0.8,3600,0.8,68,73.5,0.31,0.36,1.01,0.005,13.23,-5.13,-0.075,0.9
55.0,4.0,1.0,2.5,4.5,0.8,3600,0.8,68,73.5,0.33,0.36,1.01,0.005,13.28,-5.11,-0.075,0.9
45.0,3.0,1.0,1.5,3.0,0.8,1200,0.4,215,71.6,0.84,0.4,1.01,0.004,20.5,-16.36,-0.076,0.89
50.0,3.0,1.0,1.5,4.5,0.6,1200,0.2,109,72.5,0.46,0.38,1.01,0.004,18.61,-8.26,-0.076,0.9
50.0,3.0,1.0,1.5,4.5,0.8,1200,0.2,109,72.5,0.42,0.38,1.0,0.004,18.73,-8.3,-0.076,0.9
50.0,5.0,1.0,1.5,4.5,0.8,3600,0.8,98,74.5,0.35,0.34,1.0,0.004,18.77,-7.49,-0.076,0.91
55.0,3.0,1.5,2.5,3.0,0.4,1200,0.2,65,70.8,0.28,0.42,1.01,0.004,17.16,-4.92,-0.076,0.91
55.0,4.0,0.7,1.5,4.5,0.4,,0.4,61,78.7,0.25,0.27,1.01,0.004,10.12,-4.63,-0.076,0.9
55.0,4.0,1.0,1.5,4.5,0.8,3600,0.8,68,73.5,0.25,0.36,1.0,0.004,13.23,-5.19,-0.076,0.9
55.0,4.0,1.0,1.5,4.5,0.8,14400,0.2,61,78.7,0.24,0.27,1.0,0.004,12.0,-4.64,-0.076,0.91
55.0,4.0,1.0,1.5,4.5,0.8,14400,0.4,61,78.7,0.24,0.27,1.0,0.004,12.0,-4.64,-0.076,0.91
55.0,4.0,1.0,1.5,4.5,0.8,14400,0.8,61,78.7,0.24,0.27,1.0,0.004,12.0,-4.64,-0.076,0.91
55.0,4.0,1.5,2.5,3.0,0.8,1200,0.2,62,75.8,0.27,0.32,1.01,0.004,13.36,-4.69,-0.076,0.91
55.0,4.0,1.5,2.5,4.5,0.8,,0.4,61,78.7,0.26,0.27,1.01,0.004,13.28,-4.62,-0.076,0.91
40.0,3.0,1.0,2.5,4.5,0.4,1200,0.8,378,60.8,1.07,0.65,1.01,0.003,21.51,-29.17,-0.077,0.85
45.0,3.0,1.0,2.5,4.5,0.6,2400,0.8,232,68.5,0.66,0.46,1.0,0.003,22.96,-17.9,-0.077,0.88
55.0,4.0,0.7,1.5,3.0,0.4,,0.4,61,78.7,0.21,0.27,1.0,0.003,10.12,-4.67,-0.077,0.9
55.0,4.0,0.7,2.5,3.0,0.6,14400,0.2,63,81.0,0.19,0.24,1.0,0.003,11.88,-4.85,-0.077,0.9
55.0,4.0,0.7,2.5,3.0,0.6,14400,0.4,63,81.0,0.19,0.24,1.0,0.003,11.88,-4.85,-0.077,0.9
55.0,4.0,0.7,2.5,3.0,0.6,14400,0.8,63,81.0,0.19,0.24,1.0,0.003,11.88,-4.85,-0.077,0.9
55.0,4.0,1.5,2.5,3.0,0.6,,0.4,61,78.7,0.21,0.27,1.0,0.003,12.36,-4.67,-0.077,0.91
50.0,3.0,1.0,2.5,4.5,0.8,3600,0.8,116,66.4,0.21,0.51,1.0,0.002,17.77,-9.07,-0.078,0.89
50.0,5.0,1.0,1.5,3.0,0.6,3600,0.8,98,74.5,0.21,0.34,1.0,0.002,18.97,-7.63,-0.078,0.9
55.0,3.0,0.7,1.5,4.5,0.4,2400,0.4,70,77.1,0.12,0.3,1.0,0.002,13.74,-5.48,-0.078,0.88
55.0,4.0,0.7,2.5,4.5,0.6,14400,0.2,63,81.0,0.1,0.24,1.0,0.002,11.88,-4.94,-0.078,0.9
55.0,4.0,0.7,2.5,4.5,0.6,14400,0.4,63,81.0,0.1,0.24,1.0,0.002,11.88,-4.94,-0.078,0.9
55.0,4.0,0.7,2.5,4.5,0.6,14400,0.8,63,81.0,0.1,0.24,1.0,0.002,11.88,-4.94,-0.078,0.9
55.0,4.0,1.0,1.5,4.5,0.4,2400,0.2,61,78.7,0.1,0.27,1.0,0.002,12.0,-4.78,-0.078,0.91
55.0,4.0,1.5,2.5,4.5,0.6,,0.4,61,78.7,0.12,0.27,1.0,0.002,12.36,-4.76,-0.078,0.91
40.0,3.0,1.0,2.5,3.0,0.4,1200,0.8,378,60.8,0.39,0.64,1.0,0.001,21.5,-29.85,-0.079,0.84
45.0,3.0,1.0,1.5,4.5,0.6,2400,0.8,232,69.0,0.35,0.45,1.0,0.002,22.97,-18.21,-0.079,0.88
45.0,3.0,1.0,2.5,3.0,0.6,2400,0.8,232,68.5,0.12,0.46,1.0,0.001,22.96,-18.44,-0.079,0.88
55.0,3.0,1.0,2.5,3.0,0.6,7200,0.8,66,74.2,0.09,0.35,1.0,0.001,13.88,-5.19,-0.079,0.9
55.0,3.0,1.5,2.5,4.5,0.8,2400,0.2,63,73.0,0.07,0.37,1.0,0.001,16.16,-4.97,-0.079,0.91
55.0,4.0,1.0,1.5,4.5,0.4,7200,0.8,63,77.8,0.06,0.29,1.0,0.001,12.0,-4.98,-0.079,0.91
55.0,4.0,1.5,2.5,3.0,0.8,7200,0.2,61,78.7,0.07,0.27,1.0,0.001,12.88,-4.81,-0.079,0.91
55.0,4.0,1.5,2.5,3.0,0.8,7200,0.4,61,78.7,0.07,0.27,1.0,0.001,12.88,-4.81,-0.079,0.91
40.0,4.0,1.0,1.5,3.0,0.8,1200,0.8,336,64.6,-0.08,0.55,1.0,-0.0,26.92,-26.96,-0.08,0.84
40.0,4.0,1.0,1.5,4.5,0.8,1200,0.8,336,64.6,0.1,0.55,1.0,0.0,26.96,-26.79,-0.08,0.84
55.0,3.0,0.7,1.5,3.0,0.4,2400,0.4,70,77.1,0.01,0.3,1.0,0.0,13.74,-5.59,-0.08,0.88
55.0,3.0,1.0,1.5,4.5,0.6,2400,0.4,66,74.2,0.03,0.35,1.0,0.0,12.96,-5.25,-0.08,0.89
55.0,3.0,1.0,2.5,3.0,0.8,14400,0.2,63,73.0,-0.03,0.37,1.0,-0.0,13.69,-5.07,-0.08,0.9
55.0,3.0,1.0,2.5,3.0,0.8,14400,0.4,63,73.0,-0.03,0.37,1.0,-0.0,13.69,-5.07,-0.08,0.9
55.0,3.0,1.0,2.5,3.0,0.8,14400,0.8,63,73.0,-0.03,0.37,1.0,-0.0,13.69,-5.07,-0.08,0.9
55.0,3.0,1.0,2.5,4.5,0.6,2400,0.4,66,74.2,-0.01,0.35,1.0,-0.0,12.96,-5.29,-0.08,0.89
55.0,3.0,1.0,2.5,4.5,0.6,7200,0.8,66,74.2,0.03,0.35,1.0,0.0,13.88,-5.25,-0.08,0.89
55.0,3.0,1.0,2.5,4.5,0.8,14400,0.2,63,73.0,-0.02,0.37,1.0,-0.0,13.37,-5.07,-0.08,0.9
55.0,3.0,1.0,2.5,4.5,0.8,14400,0.4,63,73.0,-0.02,0.37,1.0,-0.0,13.37,-5.07,-0.08,0.9
55.0,3.0,1.0,2.5,4.5,0.8,14400,0.8,63,73.0,-0.02,0.37,1.0,-0.0,13.37,-5.07,-0.08,0.9
55.0,4.0,1.0,1.5,3.0,0.4,2400,0.2,61,78.7,-0.01,0.27,1.0,-0.0,12.0,-4.89,-0.08,0.91
55.0,4.0,1.0,1.5,3.0,0.4,7200,0.8,63,77.8,0.02,0.29,1.0,0.0,12.0,-5.02,-0.08,0.91
55.0,4.0,1.0,2.5,3.0,0.8,14400,0.2,61,78.7,-0.02,0.27,1.0,-0.0,12.0,-4.9,-0.08,0.91
55.0,4.0,1.0,2.5,3.0,0.8,14400,0.4,61,78.7,-0.02,0.27,1.0,-0.0,12.0,-4.9,-0.08,0.91
55.0,4.0,1.0,2.5,3.0,0.8,14400,0.8,61,78.7,-0.02,0.27,1.0,-0.0,12.0,-4.9,-0.08,0.91
55.0,4.0,1.5,2.5,4.5,0.8,7200,0.2,61,78.7,0.0,0.27,1.0,0.0,12.88,-4.88,-0.08,0.91
55.0,4.0,1.5,2.5,4.5,0.8,7200,0.4,61,78.7,0.0,0.27,1.0,0.0,12.88,-4.88,-0.08,0.91
55.0,5.0,1.0,2.5,3.0,0.6,3600,0.8,66,75.8,-0.03,0.32,1.0,-0.0,10.94,-5.31,-0.08,0.9
40.0,4.0,1.0,2.5,3.0,0.8,1200,0.8,336,64.6,-0.37,0.55,1.0,-0.001,26.69,-27.25,-0.081,0.84
40.0,4.0,1.0,2.5,4.5,0.8,1200,0.8,336,64.6,-0.2,0.55,1.0,-0.001,26.73,-27.08,-0.081,0.84
45.0,3.0,1.0,1.5,3.0,0.6,2400,0.8,232,69.0,-0.2,0.45,1.0,-0.001,22.97,-18.76,-0.081,0.88
50.0,3.0,1.0,1.5,3.0,0.6,1200,0.2,109,72.5,-0.07,0.38,1.0,-0.001,18.61,-8.79,-0.081,0.9
55.0,3.0,1.0,1.5,3.0,0.6,2400,0.4,66,74.2,-0.03,0.35,1.0,-0.0,12.96,-5.31,-0.081,0.89
55.0,3.0,1.0,2.5,3.0,0.6,2400,0.4,66,74.2,-0.08,0.35,1.0,-0.001,12.96,-5.35,-0.081,0.89
55.0,3.0,1.5,2.5,3.0,0.8,2400,0.2,63,73.0,-0.04,0.37,1.0,-0.001,16.16,-5.08,-0.081,0.9
55.0,4.0,0.7,1.5,4.5,0.4,3600,0.2,65,81.5,-0.08,0.23,1.0,-0.001,10.91,-5.28,-0.081,0.89
55.0,4.0,0.7,1.5,4.5,0.4,3600,0.4,65,81.5,-0.08,0.23,1.0,-0.001,10.91,-5.28,-0.081,0.89
55.0,5.0,0.7,1.5,3.0,0.8,,0.4,59,83.1,-0.04,0.2,1.0,-0.001,10.26,-4.76,-0.081,0.9
55.0,5.0,1.0,2.5,4.5,0.6,3600,0.8,66,75.8,-0.09,0.32,1.0,-0.001,10.94,-5.37,-0.081,0.9
45.0,3.0,1.0,1.5,4.5,0.4,3600,0.8,219,69.4,-0.43,0.44,1.0,-0.002,24.72,-17.95,-0.082,0.89
45.0,3.0,1.0,2.5,4.5,0.8,2400,0.8,232,68.5,-0.54,0.46,1.0,-0.002,23.53,-19.1,-0.082,0.87
50.0,3.0,1.0,1.5,3.0,0.8,1200,0.2,109,72.5,-0.25,0.38,1.0,-0.002,18.73,-8.97,-0.082,0.9
55.0,3.0,1.0,1.5,3.0,0.8,14400,0.2,63,73.0,-0.15,0.37,1.0,-0.002,14.19,-5.19,-0.082,0.9
55.0,3.0,1.0,1.5,3.0,0.8,14400,0.4,63,73.0,-0.15,0.37,1.0,-0.002,14.19,-5.19,-0.082,0.9
55.0,3.0,1.0,1.5,3.0,0.8,14400,0.8,63,73.0,-0.15,0.37,1.0,-0.002,14.19,-5.19,-0.082,0.9
55.0,3.0,1.0,1.5,4.5,0.8,2400,0.4,66,74.2,-0.16,0.35,1.0,-0.002,12.96,-5.44,-0.082,0.89
55.0,3.0,1.0,1.5,4.5,0.8,14400,0.2,63,73.0,-0.15,0.37,1.0,-0.002,13.87,-5.19,-0.082,0.9
55.0,3.0,1.0,1.5,4.5,0.8,14400,0.4,63,73.0,-0.15,0.37,1.0,-0.002,13.87,-5.19,-0.082,0.9
55.0,3.0,1.0,1.5,4.5,0.8,14400,0.8,63,73.0,-0.15,0.37,1.0,-0.002,13.87,-5.19,-0.082,0.9
55.0,3.0,1.0,2.5,4.5,0.4,7200,0.2,63,73.0,-0.13,0.37,1.0,-0.002,15.53,-5.17,-0.082,0.9
55.0,3.0,1.0,2.5,4.5,0.4,7200,0.4,63,73.0,-0.13,0.37,1.0,-0.002,15.53,-5.17,-0.082,0.9
55.0,3.0,1.5,2.5,3.0,0.8,3600,0.2,63,73.0,-0.12,0.37,1.0,-0.002,15.78,-5.16,-0.082,0.9
55.0,3.0,1.5,2.5,3.0,0.8,3600,0.4,63,73.0,-0.12,0.37,1.0,-0.002,15.78,-5.16,-0.082,0.9
55.0,4.0,0.7,1.5,3.0,0.4,3600,0.2,65,81.5,-0.12,0.23,1.0,-0.002,10.91,-5.32,-0.082,0.89
55.0,4.0,0.7,1.5,3.0,0.4,3600,0.4,65,81.5,-0.12,0.23,1.0,-0.002,10.91,-5.32,-0.082,0.89
55.0,5.0,0.7,2.5,4.5,0.4,3600,0.8,70,77.1,-0.15,0.3,1.0,-0.002,10.0,-5.75,-0.082,0.88
45.0,3.0,1.0,1.5,3.0,0.4,3600,0.8,219,69.4,-0.7,0.44,1.0,-0.003,24.64,-18.22,-0.083,0.89
50.0,5.0,1.0,1.5,3.0,0.8,3600,0.8,98,74.5,-0.3,0.34,1.0,-0.003,19.14,-8.14,-0.083,0.9
55.0,3.0,0.7,1.5,4.5,0.6,2400,0.2,67,77.6,-0.21,0.29,1.0,-0.003,13.32,-5.57,-0.083,0.88
55.0,3.0,1.0,2.5,3.0,0.4,7200,0.2,63,73.0,-0.17,0.37,1.0,-0.003,15.53,-5.21,-0.083,0.9
55.0,3.0,1.0,2.5,3.0,0.4,7200,0.4,63,73.0,-0.17,0.37,1.0,-0.003,15.53,-5.21,-0.083,0.9
55.0,3.0,1.0,2.5,3.0,0.4,14400,0.2,63,73.0,-0.21,0.37,1.0,-0.003,15.54,-5.25,-0.083,0.9
55.0,3.0,1.0,2.5,3.0,0.4,14400,0.4,63,73.0,-0.21,0.37,1.0,-0.003,15.54,-5.25,-0.083,0.9
55.0,3.0,1.0,2.5,3.0,0.4,14400,0.8,63,73.0,-0.21,0.37,1.0,-0.003,15.54,-5.25,-0.083,0.9
55.0,3.0,1.0,2.5,4.5,0.4,14400,0.2,63,73.0,-0.17,0.37,1.0,-0.003,15.54,-5.21,-0.083,0.9
55.0,3.0,1.0,2.5,4.5,0.4,14400,0.4,63,73.0,-0.17,0.37,1.0,-0.003,15.54,-5.21,-0.083,0.9
55.0,3.0,1.0,2.5,4.5,0.4,14400,0.8,63,73.0,-0.17,0.37,1.0,-0.003,15.54,-5.21,-0.083,0.9
55.0,3.0,1.0,2.5,4.5,0.8,2400,0.4,66,74.2,-0.21,0.35,1.0,-0.003,12.96,-5.49,-0.083,0.89
55.0,3.0,1.5,2.5,4.5,0.8,3600,0.2,63,73.0,-0.19,0.37,1.0,-0.003,15.78,-5.23,-0.083,0.9
55.0,3.0,1.5,2.5,4.5,0.8,3600,0.4,63,73.0,-0.19,0.37,1.0,-0.003,15.78,-5.23,-0.083,0.9
55.0,4.0,0.7,2.5,4.5,0.4,2400,0.4,67,80.6,-0.23,0.24,0.99,-0.003,11.25,-5.59,-0.083,0.88
55.0,5.0,0.7,1.5,3.0,0.4,7200,0.2,63,84.1,-0.21,0.19,1.0,-0.003,10.5,-5.25,-0.083,0.9
55.0,5.0,0.7,1.5,3.0,0.4,7200,0.4,63,84.1,-0.21,0.19,1.0,-0.003,10.5,-5.25,-0.083,0.9
55.0,5.0,0.7,1.5,4.5,0.4,7200,0.2,63,84.1,-0.17,0.19,1.0,-0.003,10.5,-5.21,-0.083,0.9
55.0,5.0,0.7,1.5,4.5,0.4,7200,0.4,63,84.1,-0.17,0.19,1.0,-0.003,10.5,-5.21,-0.083,0.9
55.0,5.0,0.7,2.5,3.0,0.4,3600,0.8,70,77.1,-0.19,0.3,1.0,-0.003,10.0,-5.79,-0.083,0.88
40.0,3.0,1.0,1.5,4.5,0.4,1200,0.8,378,60.8,-1.58,0.64,0.99,-0.004,21.87,-31.82,-0.084,0.83
45.0,3.0,1.0,1.5,4.5,0.8,2400,0.8,232,69.0,-0.83,0.45,0.99,-0.004,22.3,-19.39,-0.084,0.87
50.0,3.0,1.0,2.5,3.0,0.8,3600,0.8,116,66.4,-0.47,0.5,0.99,-0.004,17.77,-9.75,-0.084,0.88
55.0,3.0,0.7,1.5,3.0,0.6,2400,0.2,67,77.6,-0.28,0.29,0.99,-0.004,13.32,-5.64,-0.084,0.87
55.0,3.0,0.7,1.5,4.5,0.8,2400,0.2,67,77.6,-0.28,0.29,0.99,-0.004,13.32,-5.64,-0.084,0.87
55.0,3.0,1.0,1.5,3.0,0.8,2400,0.4,66,74.2,-0.27,0.35,0.99,-0.004,12.96,-5.55,-0.084,0.89
55.0,5.0,1.0,1.5,3.0,0.6,3600,0.8,66,75.8,-0.29,0.32,0.99,-0.004,11.22,-5.57,-0.084,0.89
50.0,3.0,1.0,2.5,4.5,0.6,3600,0.8,116,66.4,-0.55,0.5,0.99,-0.005,17.65,-9.83,-0.085,0.88
55.0,3.0,1.0,2.5,3.0,0.8,2400,0.4,66,74.2,-0.32,0.34,0.99,-0.005,12.96,-5.6,-0.085,0.89
55.0,4.0,0.7,2.5,3.0,0.4,2400,0.4,67,80.6,-0.35,0.24,0.99,-0.005,11.25,-5.71,-0.085,0.88
55.0,4.0,1.0,1.5,4.5,0.4,3600,0.2,61,78.7,-0.33,0.27,0.99,-0.005,12.0,-5.21,-0.085,0.9
55.0,4.0,1.0,1.5,4.5,0.4,3600,0.4,61,78.7,-0.33,0.27,0.99,-0.005,12.0,-5.21,-0.085,0.9
55.0,5.0,1.0,1.5,4.5,0.6,3600,0.8,66,75.8,-0.35,0.32,0.99,-0.005,11.22,-5.63,-0.085,0.89
40.0,3.0,1.0,1.5,3.0,0.4,1200,0.8,378,60.8,-2.26,0.64,0.99,-0.006,21.86,-32.5,-0.086,0.83
55.0,3.0,0.7,1.5,3.0,0.6,3600,0.2,67,77.6,-0.4,0.29,0.99,-0.006,13.18,-5.76,-0.086,0.87
55.0,3.0,0.7,1.5,3.0,0.6,3600,0.4,67,77.6,-0.4,0.29,0.99,-0.006,13.18,-5.76,-0.086,0.87
55.0,3.0,0.7,1.5,3.0,0.8,2400,0.2,67,77.6,-0.39,0.29,0.99,-0.006,13.32,-5.75,-0.086,0.87
55.0,3.0,0.7,2.5,4.5,0.6,2400,0.2,67,77.6,-0.39,0.29,0.99,-0.006,13.32,-5.75,-0.086,0.87
55.0,4.0,0.7,1.5,4.5,0.4,2400,0.2,65,81.5,-0.41,0.22,0.99,-0.006,11.11,-5.61,-0.086,0.88
55.0,4.0,1.0,1.5,3.0,0.4,3600,0.2,61,78.7,-0.37,0.27,0.99,-0.006,12.0,-5.25,-0.086,0.9
55.0,4.0,1.0,1.5,3.0,0.4,3600,0.4,61,78.7,-0.37,0.27,0.99,-0.006,12.0,-5.25,-0.086,0.9
55.0,4.0,1.0,2.5,4.5,0.8,14400,0.2,61,78.7,-0.39,0.27,0.99,-0.006,12.0,-5.27,-0.086,0.9
55.0,4.0,1.0,2.5,4.5,0.8,14400,0.4,61,78.7,-0.39,0.27,0.99,-0.006,12.0,-5.27,-0.086,0.9
55.0,4.0,1.0,2.5,4.5,0.8,14400,0.8,61,78.7,-0.39,0.27,0.99,-0.006,12.0,-5.27,-0.086,0.9
55.0,5.0,1.0,2.5,3.0,0.8,3600,0.8,66,75.8,-0.37,0.32,0.99,-0.006,10.94,-5.65,-0.086,0.89
45.0,3.0,1.0,2.5,3.0,0.8,2400,0.8,232,68.5,-1.58,0.45,0.99,-0.007,23.53,-20.14,-0.087,0.87
55.0,3.0,0.7,1.5,4.5,0.6,3600,0.2,67,77.6,-0.46,0.29,0.99,-0.007,13.18,-5.82,-0.087,0.87
55.0,3.0,0.7,1.5,4.5,0.6,3600,0.4,67,77.6,-0.46,0.29,0.99,-0.007,13.18,-5.82,-0.087,0.87
55.0,3.0,0.7,2.5,3.0,0.6,2400,0.2,67,77.6,-0.45,0.29,0.99,-0.007,13.32,-5.82,-0.087,0.87
55.0,3.0,0.7,2.5,4.5,0.8,2400,0.2,67,77.6,-0.47,0.29,0.99,-0.007,13.32,-5.83,-0.087,0.87
55.0,3.0,1.0,2.5,4.5,0.4,,0.4,63,73.0,-0.47,0.37,0.99,-0.007,15.84,-5.51,-0.087,0.89
55.0,4.0,1.0,1.5,3.0,0.6,14400,0.2,61,78.7,-0.4,0.27,0.99,-0.007,12.0,-5.28,-0.087,0.9
55.0,4.0,1.0,1.5,3.0,0.6,14400,0.4,61,78.7,-0.4,0.27,0.99,-0.007,12.0,-5.28,-0.087,0.9
55.0,4.0,1.0,1.5,3.0,0.6,14400,0.8,61,78.7,-0.4,0.27,0.99,-0.007,12.0,-5.28,-0.087,0.9
55.0,4.0,1.0,2.5,4.5,0.4,2400,0.4,63,77.8,-0.45,0.28,0.99,-0.007,12.0,-5.49,-0.087,0.9
55.0,5.0,1.0,2.5,4.5,0.8,3600,0.8,66,75.8,-0.44,0.32,0.99,-0.007,10.94,-5.72,-0.087,0.89
40.0,3.0,1.0,2.5,4.5,0.6,1200,0.8,378,60.8,-2.86,0.63,0.98,-0.008,22.99,-33.1,-0.088,0.83
45.0,3.0,1.0,1.5,3.0,0.8,2400,0.8,232,69.0,-1.87,0.44,0.99,-0.008,22.3,-20.43,-0.088,0.86
55.0,3.0,1.0,2.5,3.0,0.4,,0.4,63,73.0,-0.51,0.37,0.99,-0.008,15.84,-5.55,-0.088,0.89
55.0,3.0,1.0,2.5,4.5,0.4,2400,0.2,63,73.0,-0.48,0.37,0.99,-0.008,15.39,-5.52,-0.088,0.89
55.0,3.0,1.5,2.5,4.5,0.8,1200,0.2,64,70.3,-0.51,0.42,0.99,-0.008,16.65,-5.64,-0.088,0.89
55.0,4.0,0.7,1.5,3.0,0.4,2400,0.2,65,81.5,-0.52,0.22,0.99,-0.008,11.11,-5.72,-0.088,0.88
55.0,4.0,1.0,1.5,3.0,0.8,7200,0.2,61,78.7,-0.5,0.27,0.99,-0.008,12.0,-5.38,-0.088,0.9
55.0,4.0,1.0,1.5,3.0,0.8,7200,0.4,61,78.7,-0.5,0.27,0.99,-0.008,12.0,-5.38,-0.088,0.9
55.0,4.0,1.0,1.5,4.5,0.6,14400,0.2,61,78.7,-0.49,0.27,0.99,-0.008,12.0,-5.37,-0.088,0.9
55.0,4.0,1.0,1.5,4.5,0.6,14400,0.4,61,78.7,-0.49,0.27,0.99,-0.008,12.0,-5.37,-0.088,0.9
55.0,4.0,1.0,1.5,4.5,0.6,14400,0.8,61,78.7,-0.49,0.27,0.99,-0.008,12.0,-5.37,-0.088,0.9
40.0,3.0,1.0,2.5,3.0,0.6,1200,0.8,378,60.8,-3.46,0.63,0.98,-0.009,22.95,-33.7,-0.089,0.82
55.0,3.0,0.7,2.5,3.0,0.8,2400,0.2,67,77.6,-0.58,0.28,0.99,-0.009,13.32,-5.94,-0.089,0.87
55.0,3.0,1.0,2.5,3.0,0.4,2400,0.2,63,73.0,-0.59,0.37,0.99,-0.009,15.39,-5.63,-0.089,0.89
55.0,4.0,1.0,1.5,3.0,0.6,7200,0.2,61,78.7,-0.52,0.27,0.99,-0.009,12.0,-5.4,-0.089,0.9
55.0,4.0,1.0,1.5,3.0,0.6,7200,0.4,61,78.7,-0.52,0.27,0.99,-0.009,12.0,-5.4,-0.089,0.9
55.0,4.0,1.0,1.5,4.5,0.8,7200,0.2,61,78.7,-0.57,0.27,0.99,-0.009,12.0,-5.45,-0.089,0.9
55.0,4.0,1.0,1.5,4.5,0.8,7200,0.4,61,78.7,-0.57,0.27,0.99,-0.009,12.0,-5.45,-0.089,0.9
55.0,4.0,1.0,2.5,3.0,0.4,2400,0.4,63,77.8,-0.57,0.28,0.99,-0.009,12.0,-5.61,-0.089,0.89
50.0,3.0,1.0,2.5,3.0,0.6,3600,0.8,116,66.4,-1.18,0.5,0.99,-0.01,17.65,-10.46,-0.09,0.87
55.0,3.0,0.7,1.5,3.0,0.6,2400,0.4,70,77.1,-0.73,0.29,0.98,-0.01,13.74,-6.33,-0.09,0.86
55.0,3.0,0.7,1.5,4.5,0.6,2400,0.4,70,77.1,-0.67,0.29,0.98,-0.01,13.74,-6.27,-0.09,0.86
55.0,4.0,1.0,1.5,4.5,0.6,7200,0.2,61,78.7,-0.58,0.27,0.99,-0.01,12.0,-5.46,-0.09,0.9
55.0,4.0,1.0,1.5,4.5,0.6,7200,0.4,61,78.7,-0.58,0.27,0.99,-0.01,12.0,-5.46,-0.09,0.9
55.0,4.0,1.0,2.5,4.5,0.6,2400,0.2,61,78.7,-0.6,0.27,0.99,-0.01,12.0,-5.48,-0.09,0.9
55.0,5.0,0.7,1.5,4.5,0.8,,0.4,59,83.1,-0.56,0.2,0.99,-0.009,10.26,-5.28,-0.09,0.89
50.0,3.0,1.0,1.5,4.5,0.6,3600,0.8,116,66.4,-1.28,0.5,0.98,-0.011,17.6,-10.56,-0.091,0.87
55.0,3.0,1.5,2.5,3.0,0.8,1200,0.2,64,70.3,-0.73,0.42,0.99,-0.011,16.65,-5.85,-0.091,0.89
55.0,4.0,1.0,1.5,3.0,0.8,,0.4,61,78.7,-0.67,0.27,0.99,-0.011,12.32,-5.55,-0.091,0.9
55.0,4.0,1.0,2.5,3.0,0.6,2400,0.2,61,78.7,-0.67,0.27,0.99,-0.011,12.0,-5.55,-0.091,0.9
40.0,3.0,1.0,1.5,4.5,0.6,1200,0.8,378,60.8,-4.41,0.63,0.98,-0.012,22.99,-34.65,-0.092,0.82
55.0,3.0,0.7,1.5,3.0,0.8,3600,0.2,67,77.6,-0.82,0.28,0.98,-0.012,13.16,-6.18,-0.092,0.86
55.0,3.0,0.7,1.5,3.0,0.8,3600,0.4,67,77.6,-0.82,0.28,0.98,-0.012,13.16,-6.18,-0.092,0.86
55.0,3.0,0.7,1.5,4.5,0.8,2400,0.4,70,77.1,-0.86,0.29,0.98,-0.012,13.74,-6.46,-0.092,0.86
55.0,3.0,0.7,2.5,4.5,0.6,2400,0.4,70,77.1,-0.84,0.29,0.98,-0.012,13.74,-6.44,-0.092,0.86
55.0,3.0,1.5,2.5,3.0,0.8,7200,0.2,63,73.0,-0.77,0.36,0.98,-0.012,15.68,-5.81,-0.092,0.89
55.0,3.0,1.5,2.5,3.0,0.8,7200,0.4,63,73.0,-0.77,0.36,0.98,-0.012,15.68,-5.81,-0.092,0.89
55.0,5.0,1.0,1.5,3.0,0.8,3600,0.8,66,75.8,-0.76,0.32,0.99,-0.012,11.22,-6.04,-0.092,0.89
40.0,3.0,1.0,1.5,3.0,0.6,1200,0.8,378,60.8,-5.0,0.63,0.97,-0.013,22.95,-35.24,-0.093,0.81
50.0,3.0,1.0,1.5,4.5,0.8,3600,0.8,116,66.4,-1.45,0.5,0.98,-0.012,17.72,-10.73,-0.093,0.87
55.0,2.0,0.7,1.5,4.5,0.8,1200,0.2,76,68.4,-1.01,0.45,0.98,-0.013,11.39,-7.09,-0.093,0.84
55.0,2.0,0.7,2.5,4.5,0.4,1200,0.2,76,68.4,-0.98,0.45,0.98,-0.013,11.4,-7.06,-0.093,0.84
55.0,3.0,0.7,1.5,4.5,0.8,3600,0.2,67,77.6,-0.88,0.28,0.98,-0.013,13.16,-6.24,-0.093,0.86
55.0,3.0,0.7,1.5,4.5,0.8,3600,0.4,67,77.6,-0.88,0.28,0.98,-0.013,13.16,-6.24,-0.093,0.86
55.0,3.0,0.7,2.5,3.0,0.6,2400,0.4,70,77.1,-0.91,0.29,0.98,-0.013,13.74,-6.51,-0.093,0.86
55.0,3.0,1.5,2.5,4.5,0.8,7200,0.2,63,73.0,-0.83,0.36,0.98,-0.013,15.68,-5.88,-0.093,0.89
55.0,3.0,1.5,2.5,4.5,0.8,7200,0.4,63,73.0,-0.83,0.36,0.98,-0.013,15.68,-5.88,-0.093,0.89
55.0,4.0,0.7,1.5,3.0,0.8,,0.4,61,78.7,-0.79,0.27,0.98,-0.013,11.04,-5.67,-0.093,0.88
55.0,4.0,1.0,1.5,4.5,0.6,2400,0.2,61,78.7,-0.8,0.27,0.98,-0.013,12.0,-5.68,-0.093,0.89
55.0,4.0,1.0,2.5,4.5,0.8,2400,0.2,61,78.7,-0.77,0.27,0.99,-0.013,12.0,-5.65,-0.093,0.89
55.0,5.0,0.7,1.5,3.0,0.6,,0.4,59,83.1,-0.74,0.2,0.98,-0.013,10.0,-5.46,-0.093,0.89
55.0,5.0,1.0,1.5,4.5,0.8,3600,0.8,66,75.8,-0.83,0.31,0.98,-0.013,11.22,-6.11,-0.093,0.88
55.0,2.0,0.7,2.5,3.0,0.4,1200,0.2,76,68.4,-1.1,0.45,0.97,-0.014,11.4,-7.18,-0.094,0.84
55.0,3.0,0.7,1.5,3.0,0.6,,0.4,63,73.0,-0.9,0.36,0.98,-0.014,13.1,-5.94,-0.094,0.87
55.0,3.0,0.7,1.5,3.0,0.8,2400,0.4,70,77.1,-0.97,0.29,0.98,-0.014,13.74,-6.57,-0.094,0.85
55.0,4.0,1.0,1.5,3.0,0.6,2400,0.2,61,78.7,-0.86,0.27,0.98,-0.014,12.0,-5.74,-0.094,0.89
55.0,4.0,1.0,2.5,3.0,0.8,2400,0.2,61,78.7,-0.88,0.27,0.98,-0.014,12.0,-5.76,-0.094,0.89
55.0,5.0,0.7,2.5,3.0,0.8,,0.4,59,83.1,-0.82,0.2,0.98,-0.014,10.4,-5.54,-0.094,0.89
55.0,2.0,0.7,1.5,4.5,0.4,1200,0.2,76,68.4,-1.15,0.45,0.97,-0.015,11.48,-7.23,-0.095,0.84
55.0,3.0,0.7,2.5,3.0,0.6,3600,0.2,67,77.6,-0.99,0.28,0.98,-0.015,13.35,-6.36,-0.095,0.86
55.0,3.0,0.7,2.5,3.0,0.6,3600,0.4,67,77.6,-0.99,0.28,0.98,-0.015,13.35,-6.36,-0.095,0.86
55.0,3.0,0.7,2.5,4.5,0.8,2400,0.4,70,77.1,-1.04,0.29,0.98,-0.015,13.74,-6.65,-0.095,0.85
55.0,3.0,1.0,2.5,4.5,0.4,3600,0.2,63,73.0,-0.94,0.36,0.98,-0.015,15.49,-5.98,-0.095,0.89
55.0,3.0,1.0,2.5,4.5,0.4,3600,0.4,63,73.0,-0.94,0.36,0.98,-0.015,15.49,-5.98,-0.095,0.89
55.0,4.0,0.7,2.5,4.5,0.6,2400,0.2,65,81.5,-0.97,0.22,0.98,-0.015,10.83,-6.17,-0.095,0.87
50.0,3.0,1.0,1.5,3.0,0.6,3600,0.8,116,66.4,-1.91,0.49,0.98,-0.016,17.6,-11.19,-0.096,0.86
55.0,2.0,0.7,1.5,3.0,0.8,1200,0.2,76,68.4,-1.23,0.45,0.97,-0.016,11.39,-7.31,-0.096,0.84
55.0,3.0,0.7,1.5,4.5,0.6,,0.4,63,73.0,-0.99,0.36,0.98,-0.016,13.1,-6.03,-0.096,0.87
55.0,3.0,0.7,2.5,4.5,0.6,3600,0.2,67,77.6,-1.05,0.28,0.98,-0.016,13.35,-6.41,-0.096,0.86
55.0,3.0,0.7,2.5,4.5,0.6,3600,0.4,67,77.6,-1.05,0.28,0.98,-0.016,13.35,-6.41,-0.096,0.86
55.0,3.0,1.0,2.5,3.0,0.4,3600,0.2,63,73.0,-0.98,0.36,0.98,-0.016,15.49,-6.02,-0.096,0.88
55.0,3.0,1.0,2.5,3.0,0.4,3600,0.4,63,73.0,-0.98,0.36,0.98,-0.016,15.49,-6.02,-0.096,0.88
55.0,4.0,0.7,2.5,3.0,0.6,2400,0.2,65,81.5,-1.04,0.22,0.98,-0.016,10.83,-6.24,-0.096,0.87
55.0,4.0,0.7,2.5,4.5,0.8,2400,0.2,65,81.5,-1.06,0.22,0.98,-0.016,10.83,-6.26,-0.096,0.87
55.0,4.0,1.0,1.5,3.0,0.6,,0.4,61,78.7,-0.95,0.27,0.98,-0.016,12.0,-5.83,-0.096,0.89
55.0,4.0,1.0,1.5,4.5,0.8,2400,0.2,61,78.7,-0.95,0.27,0.98,-0.016,12.0,-5.83,-0.096,0.89
55.0,5.0,0.7,1.5,4.5,0.6,,0.4,59,83.1,-0.93,0.2,0.98,-0.016,10.0,-5.65,-0.096,0.88
55.0,5.0,0.7,2.5,3.0,0.4,14400,0.2,61,83.6,-1.0,0.19,0.98,-0.016,11.05,-5.87,-0.096,0.88
55.0,5.0,0.7,2.5,3.0,0.4,14400,0.4,61,83.6,-1.0,0.19,0.98,-0.016,11.05,-5.87,-0.096,0.88
55.0,5.0,0.7,2.5,3.0,0.4,14400,0.8,61,83.6,-1.0,0.19,0.98,-0.016,11.05,-5.87,-0.096,0.88
55.0,5.0,0.7,2.5,4.5,0.4,14400,0.2,61,83.6,-0.95,0.19,0.98,-0.016,11.05,-5.83,-0.096,0.89
55.0,5.0,0.7,2.5,4.5,0.4,14400,0.4,61,83.6,-0.95,0.19,0.98,-0.016,11.05,-5.83,-0.096,0.89
55.0,5.0,0.7,2.5,4.5,0.4,14400,0.8,61,83.6,-0.95,0.19,0.98,-0.016,11.05,-5.83,-0.096,0.89
40.0,3.0,1.0,2.5,4.5,0.8,1200,0.8,378,60.8,-6.6,0.62,0.96,-0.017,24.22,-36.83,-0.097,0.81
55.0,2.0,0.7,1.5,3.0,0.4,1200,0.2,76,68.4,-1.26,0.45,0.97,-0.017,11.48,-7.34,-0.097,0.84
55.0,3.0,0.7,2.5,3.0,0.8,2400,0.4,70,77.1,-1.15,0.29,0.97,-0.016,13.74,-6.76,-0.097,0.85
55.0,4.0,0.7,1.5,4.5,0.6,2400,0.2,65,81.5,-1.08,0.22,0.98,-0.017,11.11,-6.28,-0.097,0.87
55.0,4.0,1.0,1.5,3.0,0.8,2400,0.2,61,78.7,-1.06,0.27,0.98,-0.017,12.0,-5.94,-0.097,0.89
55.0,4.0,1.0,1.5,3.0,0.8,7200,0.8,64,76.6,-1.06,0.3,0.98,-0.017,12.0,-6.18,-0.097,0.89
55.0,4.0,1.0,1.5,4.5,0.6,,0.4,61,78.7,-1.04,0.27,0.98,-0.017,12.0,-5.92,-0.097,0.89
55.0,4.0,1.0,1.5,4.5,0.8,,0.4,61,78.7,-1.04,0.27,0.98,-0.017,12.32,-5.93,-0.097,0.89
50.0,3.0,1.0,1.5,3.0,0.8,3600,0.8,116,66.4,-2.13,0.49,0.97,-0.018,17.72,-11.41,-0.098,0.86
55.0,3.0,1.0,1.5,4.5,0.4,7200,0.2,63,73.0,-1.15,0.36,0.98,-0.018,15.48,-6.19,-0.098,0.88
55.0,3.0,1.0,1.5,4.5,0.4,7200,0.4,63,73.0,-1.15,0.36,0.98,-0.018,15.48,-6.19,-0.098,0.88
55.0,4.0,0.7,1.5,3.0,0.6,2400,0.2,65,81.5,-1.15,0.22,0.98,-0.018,11.11,-6.35,-0.098,0.87
55.0,4.0,0.7,1.5,3.0,0.6,3600,0.2,65,81.5,-1.15,0.22,0.98,-0.018,10.84,-6.35,-0.098,0.87
55.0,4.0,0.7,1.5,3.0,0.6,3600,0.4,65,81.5,-1.15,0.22,0.98,-0.018,10.84,-6.35,-0.098,0.87
55.0,4.0,0.7,1.5,3.0,0.6,,0.4,61,78.7,-1.07,0.26,0.98,-0.018,10.56,-5.95,-0.098,0.87
55.0,4.0,0.7,1.5,4.5,0.8,2400,0.2,65,81.5,-1.15,0.22,0.98,-0.018,11.11,-6.35,-0.098,0.87
55.0,4.0,0.7,2.5,3.0,0.8,2400,0.2,65,81.5,-1.17,0.22,0.97,-0.018,10.83,-6.37,-0.098,0.86
55.0,4.0,1.0,1.5,4.5,0.8,7200,0.8,64,76.6,-1.12,0.3,0.98,-0.018,12.0,-6.24,-0.098,0.88
55.0,5.0,0.7,1.5,3.0,0.4,3600,0.8,70,77.1,-1.27,0.29,0.97,-0.018,10.0,-6.87,-0.098,0.86
55.0,5.0,0.7,1.5,4.5,0.4,3600,0.8,70,77.1,-1.23,0.29,0.97,-0.018,10.0,-6.83,-0.098,0.86
40.0,3.0,1.0,1.5,4.5,0.8,1200,0.8,378,60.8,-7.09,0.62,0.96,-0.019,23.87,-37.33,-0.099,0.8
40.0,3.0,1.0,2.5,3.0,0.8,1200,0.8,378,60.8,-7.14,0.62,0.96,-0.019,24.18,-37.38,-0.099,0.8
55.0,2.0,0.7,1.5,4.5,0.6,1200,0.2,76,68.4,-1.46,0.45,0.97,-0.019,11.88,-7.54,-0.099,0.83
55.0,3.0,0.7,2.5,3.0,0.8,3600,0.2,67,77.6,-1.27,0.28,0.97,-0.019,13.15,-6.63,-0.099,0.85
55.0,3.0,0.7,2.5,3.0,0.8,3600,0.4,67,77.6,-1.27,0.28,0.97,-0.019,13.15,-6.63,-0.099,0.85
55.0,3.0,1.0,1.5,3.0,0.4,7200,0.2,63,73.0,-1.19,0.36,0.98,-0.019,15.48,-6.23,-0.099,0.88
55.0,3.0,1.0,1.5,3.0,0.4,7200,0.4,63,73.0,-1.19,0.36,0.98,-0.019,15.48,-6.23,-0.099,0.88
55.0,3.0,1.0,1.5,4.5,0.4,14400,0.2,63,73.0,-1.19,0.36,0.98,-0.019,15.49,-6.23,-0.099,0.88
55.0,3.0,1.0,1.5,4.5,0.4,14400,0.4,63,73.0,-1.19,0.36,0.98,-0.019,15.49,-6.23,-0.099,0.88
55.0,3.0,1.0,1.5,4.5,0.4,14400,0.8,63,73.0,-1.19,0.36,0.98,-0.019,15.49,-6.23,-0.099,0.88
55.0,3.0,1.5,2.5,4.5,0.6,2400,0.2,63,73.0,-1.21,0.36,0.98,-0.019,17.39,-6.25,-0.099,0.88
55.0,4.0,0.7,1.5,3.0,0.8,2400,0.2,65,81.5,-1.26,0.22,0.97,-0.019,11.11,-6.46,-0.099,0.86
55.0,4.0,0.7,1.5,4.5,0.6,3600,0.2,65,81.5,-1.21,0.22,0.97,-0.019,10.84,-6.41,-0.099,0.86
55.0,4.0,0.7,1.5,4.5,0.6,3600,0.4,65,81.5,-1.21,0.22,0.97,-0.019,10.84,-6.41,-0.099,0.86
55.0,4.0,0.7,1.5,4.5,0.6,,0.4,61,78.7,-1.16,0.26,0.98,-0.019,10.56,-6.04,-0.099,0.87
55.0,4.0,0.7,1.5,4.5,0.8,,0.4,61,78.7,-1.16,0.26,0.97,-0.019,11.04,-6.05,-0.099,0.87
40.0,3.0,1.0,1.5,3.0,0.8,1200,0.8,378,60.8,-7.64,0.62,0.96,-0.02,23.84,-37.88,-0.1,0.8
45.0,3.0,1.0,2.5,4.5,0.6,3600,0.8,218,68.8,-4.36,0.44,0.97,-0.02,26.04,-21.8,-0.1,0.87
55.0,2.0,0.7,1.5,3.0,0.6,1200,0.2,76,68.4,-1.53,0.45,0.96,-0.02,11.88,-7.61,-0.1,0.83
55.0,3.0,0.7,2.5,4.5,0.8,3600,0.2,67,77.6,-1.34,0.28,0.97,-0.02,13.15,-6.7,-0.1,0.85
55.0,3.0,0.7,2.5,4.5,0.8,3600,0.4,67,77.6,-1.34,0.28,0.97,-0.02,13.15,-6.7,-0.1,0.85
55.0,3.0,1.0,1.5,3.0,0.4,14400,0.2,63,73.0,-1.23,0.36,0.98,-0.02,15.49,-6.27,-0.1,0.88
55.0,3.0,1.0,1.5,3.0,0.4,14400,0.4,63,73.0,-1.23,0.36,0.98,-0.02,15.49,-6.27,-0.1,0.88
55.0,3.0,1.0,1.5,3.0,0.4,14400,0.8,63,73.0,-1.23,0.36,0.98,-0.02,15.49,-6.27,-0.1,0.88
55.0,3.0,1.0,2.5,3.0,0.8,,0.4,63,73.0,-1.26,0.36,0.98,-0.02,14.68,-6.3,-0.1,0.88
55.0,3.0,1.0,2.5,4.5,0.8,,0.4,63,73.0,-1.25,0.36,0.98,-0.02,14.36,-6.29,-0.1,0.88
55.0,3.0,1.5,2.5,3.0,0.6,2400,0.2,63,73.0,-1.27,0.36,0.98,-0.02,17.39,-6.31,-0.1,0.88
55.0,4.0,0.7,1.5,4.5,0.4,2400,0.4,67,80.6,-1.31,0.23,0.97,-0.02,11.53,-6.67,-0.1,0.86
55.0,4.0,1.0,1.5,3.0,0.6,7200,0.8,63,77.8,-1.25,0.28,0.98,-0.02,12.0,-6.29,-0.1,0.88
55.0,2.0,0.7,2.5,4.5,0.8,1200,0.2,76,68.4,-1.62,0.44,0.96,-0.021,11.39,-7.7,-0.101,0.83
55.0,3.0,1.0,1.5,3.0,0.8,,0.4,63,73.0,-1.3,0.36,0.97,-0.021,15.18,-6.34,-0.101,0.88
55.0,3.0,1.0,1.5,4.5,0.8,,0.4,63,73.0,-1.3,0.36,0.97,-0.021,14.86,-6.34,-0.101,0.88
55.0,4.0,0.7,1.5,3.0,0.4,2400,0.4,67,80.6,-1.43,0.23,0.97,-0.021,11.53,-6.79,-0.101,0.86
55.0,4.0,1.0,1.5,4.5,0.6,7200,0.8,63,77.8,-1.31,0.28,0.98,-0.021,12.0,-6.35,-0.101,0.88
55.0,4.0,1.0,2.5,4.5,0.4,1200,0.2,63,76.2,-1.34,0.3,0.97,-0.021,12.0,-6.38,-0.101,0.88
45.0,3.0,1.0,2.5,3.0,0.6,3600,0.8,218,68.8,-4.76,0.44,0.97,-0.022,25.98,-22.2,-0.102,0.86
55.0,4.0,0.7,2.5,3.0,0.6,3600,0.2,65,81.5,-1.46,0.22,0.97,-0.022,10.74,-6.66,-0.102,0.86
55.0,4.0,0.7,2.5,3.0,0.6,3600,0.4,65,81.5,-1.46,0.22,0.97,-0.022,10.74,-6.66,-0.102,0.86
55.0,5.0,0.7,1.5,3.0,0.6,7200,0.2,63,84.1,-1.4,0.18,0.97,-0.022,10.5,-6.44,-0.102,0.87
55.0,5.0,0.7,1.5,3.0,0.6,7200,0.4,63,84.1,-1.4,0.18,0.97,-0.022,10.5,-6.44,-0.102,0.87
55.0,4.0,0.7,2.5,4.5,0.6,3600,0.2,65,81.5,-1.52,0.22,0.97,-0.023,10.74,-6.72,-0.103,0.86
55.0,4.0,0.7,2.5,4.5,0.6,3600,0.4,65,81.5,-1.52,0.22,0.97,-0.023,10.74,-6.72,-0.103,0.86
55.0,4.0,1.0,1.5,4.5,0.4,2400,0.4,63,77.8,-1.48,0.28,0.97,-0.023,12.0,-6.52,-0.103,0.88
55.0,4.0,1.0,2.5,3.0,0.4,1200,0.2,63,76.2,-1.46,0.3,0.97,-0.023,12.0,-6.5,-0.103,0.88
55.0,4.0,1.0,2.5,3.0,0.6,14400,0.2,61,78.7,-1.42,0.26,0.97,-0.023,12.0,-6.3,-0.103,0.88
55.0,4.0,1.0,2.5,3.0,0.6,14400,0.4,61,78.7,-1.42,0.26,0.97,-0.023,12.0,-6.3,-0.103,0.88
55.0,4.0,1.0,2.5,3.0,0.6,14400,0.8,61,78.7,-1.42,0.26,0.97,-0.023,12.0,-6.3,-0.103,0.88
55.0,4.0,1.0,2.5,3.0,0.8,7200,0.8,64,76.6,-1.5,0.3,0.97,-0.023,12.0,-6.62,-0.103,0.88
55.0,5.0,0.7,1.5,4.5,0.6,7200,0.2,63,84.1,-1.46,0.18,0.97,-0.023,10.5,-6.5,-0.103,0.87
55.0,5.0,0.7,1.5,4.5,0.6,7200,0.4,63,84.1,-1.46,0.18,0.97,-0.023,10.5,-6.5,-0.103,0.87
55.0,5.0,0.7,2.5,4.5,0.8,,0.4,59,83.1,-1.33,0.2,0.97,-0.023,10.4,-6.05,-0.103,0.88
55.0,2.0,0.7,2.5,3.0,0.8,1200,0.2,76,68.4,-1.84,0.44,0.96,-0.024,11.39,-7.92,-0.104,0.82
55.0,3.0,0.7,2.5,4.5,0.4,1200,0.2,69,75.4,-1.66,0.31,0.96,-0.024,14.22,-7.18,-0.104,0.84
55.0,3.0,1.0,1.5,3.0,0.4,,0.4,63,73.0,-1.54,0.36,0.97,-0.024,15.79,-6.58,-0.104,0.87
55.0,3.0,1.0,1.5,4.5,0.4,,0.4,63,73.0,-1.5,0.36,0.97,-0.024,15.79,-6.54,-0.104,0.88
55.0,3.0,1.5,2.5,3.0,0.6,3600,0.2,63,73.0,-1.52,0.36,0.97,-0.024,17.39,-6.56,-0.104,0.87
55.0,3.0,1.5,2.5,3.0,0.6,3600,0.4,63,73.0,-1.52,0.36,0.97,-0.024,17.39,-6.56,-0.104,0.87
55.0,3.0,1.5,2.5,4.5,0.6,1200,0.2,65,70.8,-1.57,0.4,0.97,-0.024,18.08,-6.77,-0.104,0.87
55.0,4.0,0.7,1.5,3.0,0.8,3600,0.2,65,81.5,-1.56,0.22,0.97,-0.024,10.83,-6.76,-0.104,0.86
55.0,4.0,0.7,1.5,3.0,0.8,3600,0.4,65,81.5,-1.56,0.22,0.97,-0.024,10.83,-6.76,-0.104,0.86
55.0,4.0,1.0,2.5,3.0,0.6,7200,0.2,61,78.7,-1.48,0.26,0.97,-0.024,12.0,-6.36,-0.104,0.88
55.0,4.0,1.0,2.5,3.0,0.6,7200,0.4,61,78.7,-1.48,0.26,0.97,-0.024,12.0,-6.36,-0.104,0.88
55.0,4.0,1.0,2.5,3.0,0.8,7200,0.2,61,78.7,-1.47,0.26,0.97,-0.024,12.0,-6.35,-0.104,0.88
55.0,4.0,1.0,2.5,3.0,0.8,7200,0.4,61,78.7,-1.47,0.26,0.97,-0.024,12.0,-6.35,-0.104,0.88
55.0,4.0,1.0,2.5,4.5,0.8,7200,0.8,64,76.6,-1.56,0.3,0.97,-0.024,12.0,-6.68,-0.104,0.88
55.0,5.0,0.7,1.5,3.0,0.8,7200,0.2,63,84.1,-1.49,0.18,0.97,-0.024,10.5,-6.53,-0.104,0.87
55.0,5.0,0.7,1.5,3.0,0.8,7200,0.4,63,84.1,-1.49,0.18,0.97,-0.024,10.5,-6.53,-0.104,0.87
45.0,3.0,1.0,1.5,4.5,0.6,3600,0.8,218,69.3,-5.43,0.43,0.96,-0.025,25.88,-22.87,-0.105,0.86
55.0,3.0,1.0,1.5,4.5,0.4,2400,0.2,63,73.0,-1.55,0.36,0.97,-0.025,15.39,-6.59,-0.105,0.87
55.0,3.0,1.5,2.5,3.0,0.6,1200,0.2,65,70.8,-1.63,0.4,0.97,-0.025,18.08,-6.83,-0.105,0.87
55.0,3.0,1.5,2.5,4.5,0.6,3600,0.2,63,73.0,-1.58,0.36,0.97,-0.025,17.39,-6.62,-0.105,0.87
55.0,3.0,1.5,2.5,4.5,0.6,3600,0.4,63,73.0,-1.58,0.36,0.97,-0.025,17.39,-6.62,-0.105,0.87
55.0,4.0,0.7,1.5,4.5,0.8,3600,0.2,65,81.5,-1.62,0.22,0.96,-0.025,10.83,-6.82,-0.105,0.86
55.0,4.0,0.7,1.5,4.5,0.8,3600,0.4,65,81.5,-1.62,0.22,0.96,-0.025,10.83,-6.82,-0.105,0.86
55.0,4.0,1.0,1.5,3.0,0.4,2400,0.4,63,77.8,-1.59,0.28,0.97,-0.025,12.0,-6.63,-0.105,0.88
55.0,4.0,1.0,1.5,3.0,0.6,3600,0.2,61,78.7,-1.51,0.26,0.97,-0.025,12.0,-6.39,-0.105,0.88
55.0,4.0,1.0,1.5,3.0,0.6,3600,0.4,61,78.7,-1.51,0.26,0.97,-0.025,12.0,-6.39,-0.105,0.88
55.0,4.0,1.0,2.5,4.5,0.6,7200,0.2,61,78.7,-1.54,0.26,0.97,-0.025,12.0,-6.42,-0.105,0.88
55.0,4.0,1.0,2.5,4.5,0.6,7200,0.4,61,78.7,-1.54,0.26,0.97,-0.025,12.0,-6.42,-0.105,0.88
55.0,4.0,1.0,2.5,4.5,0.6,14400,0.2,61,78.7,-1.51,0.26,0.97,-0.025,12.0,-6.39,-0.105,0.88
55.0,4.0,1.0,2.5,4.5,0.6,14400,0.4,61,78.7,-1.51,0.26,0.97,-0.025,12.0,-6.39,-0.105,0.88
55.0,4.0,1.0,2.5,4.5,0.6,14400,0.8,61,78.7,-1.51,0.26,0.97,-0.025,12.0,-6.39,-0.105,0.88
55.0,4.0,1.0,2.5,4.5,0.8,7200,0.2,61,78.7,-1.53,0.26,0.97,-0.025,12.0,-6.41,-0.105,0.88
55.0,4.0,1.0,2.5,4.5,0.8,7200,0.4,61,78.7,-1.53,0.26,0.97,-0.025,12.0,-6.41,-0.105,0.88
55.0,5.0,0.7,1.5,4.5,0.8,7200,0.2,63,84.1,-1.56,0.18,0.97,-0.025,10.5,-6.6,-0.105,0.87
55.0,5.0,0.7,1.5,4.5,0.8,7200,0.4,63,84.1,-1.56,0.18,0.97,-0.025,10.5,-6.6,-0.105,0.87
55.0,2.0,0.7,2.5,4.5,0.6,1200,0.2,76,68.4,-1.99,0.44,0.95,-0.026,11.93,-8.07,-0.106,0.82
55.0,3.0,0.7,1.5,4.5,0.4,1200,0.2,69,75.4,-1.82,0.31,0.96,-0.026,14.22,-7.34,-0.106,0.84
55.0,3.0,0.7,2.5,3.0,0.4,1200,0.2,69,75.4,-1.77,0.31,0.96,-0.026,14.22,-7.29,-0.106,0.84
55.0,3.0,1.0,1.5,3.0,0.4,2400,0.2,63,73.0,-1.66,0.36,0.97,-0.026,15.39,-6.7,-0.106,0.87
55.0,4.0,1.0,1.5,4.5,0.6,3600,0.2,61,78.7,-1.56,0.26,0.97,-0.026,12.0,-6.45,-0.106,0.88
55.0,4.0,1.0,1.5,4.5,0.6,3600,0.4,61,78.7,-1.56,0.26,0.97,-0.026,12.0,-6.45,-0.106,0.88
55.0,4.0,1.0,2.5,3.0,0.8,,0.4,61,78.7,-1.61,0.26,0.97,-0.026,12.46,-6.49,-0.106,0.88
55.0,5.0,0.7,2.5,3.0,0.6,,0.4,59,83.1,-1.53,0.2,0.97,-0.026,10.0,-6.25,-0.106,0.87
45.0,3.0,1.0,1.5,3.0,0.6,3600,0.8,218,69.3,-5.83,0.43,0.96,-0.027,25.75,-23.27,-0.107,0.85
55.0,2.0,0.7,2.5,3.0,0.6,1200,0.2,76,68.4,-2.06,0.44,0.95,-0.027,11.93,-8.14,-0.107,0.82
55.0,3.0,0.7,1.5,4.5,0.8,1200,0.2,69,75.4,-1.84,0.31,0.96,-0.027,14.36,-7.36,-0.107,0.84
55.0,3.0,0.7,2.5,3.0,0.6,,0.4,63,73.0,-1.67,0.36,0.96,-0.027,13.4,-6.71,-0.107,0.85
55.0,4.0,0.7,2.5,3.0,0.8,3600,0.2,65,81.5,-1.74,0.22,0.96,-0.027,10.54,-6.93,-0.107,0.85
55.0,4.0,0.7,2.5,3.0,0.8,3600,0.4,65,81.5,-1.74,0.22,0.96,-0.027,10.54,-6.93,-0.107,0.85
55.0,3.0,0.7,1.5,3.0,0.4,1200,0.2,69,75.4,-1.94,0.31,0.96,-0.028,14.22,-7.46,-0.108,0.83
55.0,3.0,0.7,2.5,4.5,0.6,,0.4,63,73.0,-1.76,0.35,0.96,-0.028,13.4,-6.8,-0.108,0.85
55.0,4.0,0.7,2.5,3.0,0.8,,0.4,61,78.7,-1.73,0.26,0.96,-0.028,11.18,-6.61,-0.108,0.86
55.0,4.0,0.7,2.5,4.5,0.6,2400,0.4,67,80.6,-1.88,0.23,0.96,-0.028,11.25,-7.24,-0.108,0.85
55.0,4.0,0.7,2.5,4.5,0.8,3600,0.2,65,81.5,-1.8,0.22,0.96,-0.028,10.54,-7.0,-0.108,0.85
55.0,4.0,0.7,2.5,4.5,0.8,3600,0.4,65,81.5,-1.8,0.22,0.96,-0.028,10.54,-7.0,-0.108,0.85
55.0,4.0,1.0,2.5,3.0,0.6,3600,0.2,61,78.7,-1.71,0.26,0.97,-0.028,12.0,-6.59,-0.108,0.88
55.0,4.0,1.0,2.5,3.0,0.6,3600,0.4,61,78.7,-1.71,0.26,0.97,-0.028,12.0,-6.59,-0.108,0.88
55.0,5.0,0.7,1.5,3.0,0.8,14400,0.2,61,83.6,-1.7,0.19,0.97,-0.028,11.39,-6.58,-0.108,0.87
55.0,5.0,0.7,1.5,3.0,0.8,14400,0.4,61,83.6,-1.7,0.19,0.97,-0.028,11.39,-6.58,-0.108,0.87
55.0,5.0,0.7,1.5,3.0,0.8,14400,0.8,61,83.6,-1.7,0.19,0.97,-0.028,11.39,-6.58,-0.108,0.87
55.0,4.0,0.7,2.5,3.0,0.6,2400,0.4,67,80.6,-1.94,0.23,0.96,-0.029,11.25,-7.3,-0.109,0.85
55.0,4.0,0.7,2.5,4.5,0.8,2400,0.4,67,80.6,-1.96,0.23,0.96,-0.029,11.25,-7.32,-0.109,0.85
55.0,4.0,1.0,2.5,4.5,0.6,3600,0.2,61,78.7,-1.77,0.26,0.97,-0.029,12.0,-6.65,-0.109,0.87
55.0,4.0,1.0,2.5,4.5,0.6,3600,0.4,61,78.7,-1.77,0.26,0.97,-0.029,12.0,-6.65,-0.109,0.87
55.0,5.0,0.7,2.5,4.5,0.6,,0.4,59,83.1,-1.72,0.2,0.96,-0.029,10.0,-6.44,-0.109,0.87
55.0,3.0,0.7,1.5,3.0,0.8,1200,0.2,69,75.4,-2.06,0.31,0.95,-0.03,14.36,-7.58,-0.11,0.83
55.0,4.0,0.7,1.5,4.5,0.6,2400,0.4,67,80.6,-1.99,0.23,0.96,-0.03,11.53,-7.35,-0.11,0.84
55.0,4.0,1.0,1.5,4.5,0.4,1200,0.2,63,76.2,-1.87,0.3,0.96,-0.03,12.0,-6.91,-0.11,0.87
55.0,3.0,1.0,1.5,4.5,0.4,3600,0.2,63,73.0,-1.98,0.36,0.96,-0.031,15.49,-7.02,-0.111,0.87
55.0,3.0,1.0,1.5,4.5,0.4,3600,0.4,63,73.0,-1.98,0.36,0.96,-0.031,15.49,-7.02,-0.111,0.87
55.0,3.0,1.5,2.5,3.0,0.6,14400,0.2,63,73.0,-1.96,0.36,0.96,-0.031,17.59,-7.0,-0.111,0.87
55.0,3.0,1.5,2.5,3.0,0.6,14400,0.4,63,73.0,-1.96,0.36,0.96,-0.031,17.59,-7.0,-0.111,0.87
55.0,3.0,1.5,2.5,3.0,0.6,14400,0.8,63,73.0,-1.96,0.36,0.96,-0.031,17.59,-7.0,-0.111,0.87
55.0,3.0,1.5,2.5,3.0,0.6,,0.4,63,73.0,-1.96,0.36,0.96,-0.031,17.59,-7.0,-0.111,0.87
55.0,4.0,0.7,1.5,3.0,0.6,2400,0.4,67,80.6,-2.05,0.23,0.96,-0.031,11.53,-7.41,-0.111,0.84
55.0,4.0,0.7,1.5,4.5,0.8,2400,0.4,67,80.6,-2.05,0.23,0.96,-0.031,11.53,-7.41,-0.111,0.84
55.0,4.0,0.7,2.5,3.0,0.8,2400,0.4,67,80.6,-2.07,0.23,0.96,-0.031,11.25,-7.43,-0.111,0.84
55.0,5.0,0.7,1.5,3.0,0.4,14400,0.2,61,83.6,-1.9,0.19,0.96,-0.031,11.15,-6.78,-0.111,0.87
55.0,5.0,0.7,1.5,3.0,0.4,14400,0.4,61,83.6,-1.9,0.19,0.96,-0.031,11.15,-6.78,-0.111,0.87
55.0,5.0,0.7,1.5,3.0,0.4,14400,0.8,61,83.6,-1.9,0.19,0.96,-0.031,11.15,-6.78,-0.111,0.87
55.0,5.0,0.7,1.5,3.0,0.6,3600,0.8,70,77.1,-2.18,0.28,0.95,-0.031,10.25,-7.78,-0.111,0.84
55.0,5.0,0.7,1.5,4.5,0.4,14400,0.2,61,83.6,-1.86,0.19,0.96,-0.03,11.15,-6.74,-0.111,0.87
55.0,5.0,0.7,1.5,4.5,0.4,14400,0.4,61,83.6,-1.86,0.19,0.96,-0.03,11.15,-6.74,-0.111,0.87
55.0,5.0,0.7,1.5,4.5,0.4,14400,0.8,61,83.6,-1.86,0.19,0.96,-0.03,11.15,-6.74,-0.111,0.87
55.0,3.0,1.0,1.5,3.0,0.4,3600,0.2,63,73.0,-2.02,0.35,0.96,-0.032,15.49,-7.06,-0.112,0.87
55.0,3.0,1.0,1.5,3.0,0.4,3600,0.4,63,73.0,-2.02,0.35,0.96,-0.032,15.49,-7.06,-0.112,0.87
55.0,3.0,1.5,2.5,4.5,0.6,14400,0.2,63,73.0,-2.05,0.35,0.96,-0.033,17.59,-7.09,-0.112,0.86
55.0,3.0,1.5,2.5,4.5,0.6,14400,0.4,63,73.0,-2.05,0.35,0.96,-0.033,17.59,-7.09,-0.112,0.86
55.0,3.0,1.5,2.5,4.5,0.6,14400,0.8,63,73.0,-2.05,0.35,0.96,-0.033,17.59,-7.09,-0.112,0.86
55.0,3.0,1.5,2.5,4.5,0.6,,0.4,63,73.0,-2.05,0.35,0.96,-0.033,17.59,-7.09,-0.112,0.86
55.0,4.0,0.7,1.5,3.0,0.8,2400,0.4,67,80.6,-2.16,0.23,0.95,-0.032,11.53,-7.52,-0.112,0.84
55.0,4.0,1.0,1.5,3.0,0.4,1200,0.2,63,76.2,-1.99,0.3,0.96,-0.032,12.0,-7.03,-0.112,0.87
55.0,4.0,1.0,1.5,3.0,0.8,3600,0.2,61,78.7,-1.98,0.26,0.96,-0.032,12.0,-6.86,-0.112,0.87
55.0,4.0,1.0,1.5,3.0,0.8,3600,0.4,61,78.7,-1.98,0.26,0.96,-0.032,12.0,-6.86,-0.112,0.87
55.0,4.0,1.0,2.5,3.0,0.6,7200,0.8,63,77.8,-2.02,0.27,0.96,-0.032,12.0,-7.06,-0.112,0.87
55.0,4.0,1.0,2.5,4.5,0.8,,0.4,61,78.7,-1.98,0.26,0.96,-0.032,12.46,-6.86,-0.112,0.87
55.0,5.0,0.7,1.5,4.5,0.6,3600,0.8,70,77.1,-2.24,0.28,0.95,-0.032,10.25,-7.84,-0.112,0.84
45.0,3.0,1.0,2.5,4.5,0.8,3600,0.8,218,68.8,-7.26,0.43,0.95,-0.033,28.6,-24.7,-0.113,0.85
55.0,3.0,0.7,1.5,4.5,0.6,1200,0.2,69,75.4,-2.29,0.31,0.95,-0.033,14.36,-7.81,-0.113,0.83
55.0,4.0,0.7,2.5,4.5,0.4,1200,0.2,67,79.1,-2.2,0.25,0.95,-0.033,11.68,-7.56,-0.113,0.84
55.0,4.0,1.0,2.5,4.5,0.6,7200,0.8,63,77.8,-2.08,0.27,0.96,-0.033,12.0,-7.12,-0.113,0.87
55.0,3.0,0.7,1.5,3.0,0.6,1200,0.2,69,75.4,-2.36,0.31,0.95,-0.034,14.36,-7.88,-0.114,0.82
55.0,3.0,1.5,2.5,3.0,0.6,7200,0.2,63,73.0,-2.12,0.35,0.96,-0.034,17.59,-7.16,-0.114,0.86
55.0,3.0,1.5,2.5,3.0,0.6,7200,0.4,63,73.0,-2.12,0.35,0.96,-0.034,17.59,-7.16,-0.114,0.86
55.0,4.0,0.7,2.5,4.5,0.8,,0.4,61,78.7,-2.1,0.26,0.95,-0.034,11.18,-6.98,-0.114,0.85
55.0,4.0,1.0,1.5,4.5,0.8,1200,0.2,63,76.2,-2.15,0.3,0.96,-0.034,12.0,-7.19,-0.114,0.86
55.0,4.0,1.0,1.5,4.5,0.8,3600,0.2,61,78.7,-2.04,0.26,0.96,-0.033,12.0,-6.93,-0.114,0.87
55.0,4.0,1.0,1.5,4.5,0.8,3600,0.4,61,78.7,-2.04,0.26,0.96,-0.033,12.0,-6.93,-0.114,0.87
55.0,4.0,1.0,2.5,3.0,0.8,3600,0.2,61,78.7,-2.05,0.26,0.96,-0.034,12.0,-6.93,-0.114,0.87
55.0,4.0,1.0,2.5,3.0,0.8,3600,0.4,61,78.7,-2.05,0.26,0.96,-0.034,12.0,-6.93,-0.114,0.87
55.0,5.0,0.7,1.5,4.5,0.8,14400,0.2,61,83.6,-2.07,0.19,0.96,-0.034,11.39,-6.95,-0.114,0.86
55.0,5.0,0.7,1.5,4.5,0.8,14400,0.4,61,83.6,-2.07,0.19,0.96,-0.034,11.39,-6.95,-0.114,0.86
55.0,5.0,0.7,1.5,4.5,0.8,14400,0.8,61,83.6,-2.07,0.19,0.96,-0.034,11.39,-6.95,-0.114,0.86
55.0,5.0,0.7,2.5,3.0,0.6,3600,0.8,70,77.1,-2.38,0.28,0.95,-0.034,10.45,-7.98,-0.114,0.83
55.0,3.0,1.0,1.5,3.0,0.8,7200,0.2,63,73.0,-2.21,0.35,0.96,-0.035,14.97,-7.25,-0.115,0.86
55.0,3.0,1.0,1.5,3.0,0.8,7200,0.4,63,73.0,-2.21,0.35,0.96,-0.035,14.97,-7.25,-0.115,0.86
55.0,3.0,1.5,2.5,4.5,0.6,7200,0.2,63,73.0,-2.18,0.35,0.96,-0.035,17.59,-7.22,-0.115,0.86
55.0,3.0,1.5,2.5,4.5,0.6,7200,0.4,63,73.0,-2.18,0.35,0.96,-0.035,17.59,-7.22,-0.115,0.86
55.0,4.0,0.7,2.5,3.0,0.4,1200,0.2,67,79.1,-2.32,0.25,0.95,-0.035,11.68,-7.68,-0.115,0.84
55.0,4.0,1.0,2.5,3.0,0.6,,0.4,61,78.7,-2.14,0.26,0.96,-0.035,12.0,-7.02,-0.115,0.87
55.0,4.0,1.0,2.5,4.5,0.8,3600,0.2,61,78.7,-2.12,0.26,0.96,-0.035,12.0,-7.0,-0.115,0.87
55.0,4.0,1.0,2.5,4.5,0.8,3600,0.4,61,78.7,-2.12,0.26,0.96,-0.035,12.0,-7.0,-0.115,0.87
55.0,5.0,0.7,2.5,4.5,0.6,3600,0.8,70,77.1,-2.44,0.28,0.95,-0.035,10.45,-8.04,-0.115,0.83
55.0,3.0,0.7,2.5,4.5,0.8,1200,0.2,69,75.4,-2.45,0.31,0.94,-0.036,14.36,-7.97,-0.116,0.82
55.0,3.0,1.0,1.5,3.0,0.6,14400,0.2,63,73.0,-2.26,0.35,0.96,-0.036,15.83,-7.3,-0.116,0.86
55.0,3.0,1.0,1.5,3.0,0.6,14400,0.4,63,73.0,-2.26,0.35,0.96,-0.036,15.83,-7.3,-0.116,0.86
55.0,3.0,1.0,1.5,3.0,0.6,14400,0.8,63,73.0,-2.26,0.35,0.96,-0.036,15.83,-7.3,-0.116,0.86
55.0,3.0,1.0,1.5,4.5,0.8,7200,0.2,63,73.0,-2.27,0.35,0.96,-0.036,14.97,-7.31,-0.116,0.86
55.0,3.0,1.0,1.5,4.5,0.8,7200,0.4,63,73.0,-2.27,0.35,0.96,-0.036,14.97,-7.31,-0.116,0.86
55.0,3.0,1.0,2.5,4.5,0.6,2400,0.2,63,73.0,-2.27,0.35,0.96,-0.036,15.42,-7.31,-0.116,0.86
55.0,4.0,1.0,2.5,4.5,0.6,2400,0.4,63,77.8,-2.28,0.27,0.96,-0.036,12.0,-7.32,-0.116,0.86
55.0,5.0,0.7,2.5,3.0,0.6,7200,0.2,63,84.1,-2.3,0.18,0.95,-0.037,10.51,-7.34,-0.116,0.86
55.0,5.0,0.7,2.5,3.0,0.6,7200,0.4,63,84.1,-2.3,0.18,0.95,-0.037,10.51,-7.34,-0.116,0.86
45.0,3.0,1.0,2.5,3.0,0.8,3600,0.8,218,68.8,-8.02,0.43,0.95,-0.037,28.49,-25.46,-0.117,0.84
55.0,3.0,1.0,1.5,4.5,0.6,14400,0.2,63,73.0,-2.35,0.35,0.95,-0.037,15.83,-7.39,-0.117,0.86
55.0,3.0,1.0,1.5,4.5,0.6,14400,0.4,63,73.0,-2.35,0.35,0.95,-0.037,15.83,-7.39,-0.117,0.86
55.0,3.0,1.0,1.5,4.5,0.6,14400,0.8,63,73.0,-2.35,0.35,0.95,-0.037,15.83,-7.39,-0.117,0.86
55.0,3.0,1.0,2.5,3.0,0.6,2400,0.2,63,73.0,-2.33,0.35,0.95,-0.037,15.42,-7.37,-0.117,0.86
55.0,3.0,1.0,2.5,4.5,0.8,2400,0.2,63,73.0,-2.35,0.35,0.95,-0.037,15.42,-7.39,-0.117,0.86
55.0,4.0,0.7,2.5,3.0,0.6,,0.4,61,78.7,-2.26,0.26,0.95,-0.037,10.93,-7.14,-0.117,0.85
55.0,4.0,1.0,1.5,4.5,0.6,2400,0.4,63,77.8,-2.33,0.27,0.96,-0.037,12.0,-7.37,-0.117,0.86
55.0,4.0,1.0,2.5,3.0,0.6,2400,0.4,63,77.8,-2.34,0.27,0.96,-0.037,12.0,-7.38,-0.117,0.86
55.0,4.0,1.0,2.5,4.5,0.6,,0.4,61,78.7,-2.23,0.26,0.96,-0.037,12.0,-7.11,-0.117,0.87
55.0,5.0,0.7,1.5,3.0,0.8,3600,0.8,70,77.1,-2.6,0.28,0.94,-0.037,10.75,-8.2,-0.117,0.83
55.0,5.0,0.7,2.5,4.5,0.6,7200,0.2,63,84.1,-2.35,0.18,0.95,-0.037,10.51,-7.39,-0.117,0.85
55.0,5.0,0.7,2.5,4.5,0.6,7200,0.4,63,84.1,-2.35,0.18,0.95,-0.037,10.51,-7.39,-0.117,0.85
55.0,3.0,1.0,1.5,3.0,0.6,7200,0.2,63,73.0,-2.41,0.35,0.95,-0.038,15.7,-7.45,-0.118,0.86
55.0,3.0,1.0,1.5,3.0,0.6,7200,0.4,63,73.0,-2.41,0.35,0.95,-0.038,15.7,-7.45,-0.118,0.86
55.0,3.0,1.0,1.5,4.5,0.6,2400,0.2,63,73.0,-2.37,0.35,0.95,-0.038,15.42,-7.41,-0.118,0.86
55.0,4.0,1.0,1.5,3.0,0.6,2400,0.4,63,77.8,-2.39,0.27,0.95,-0.038,12.0,-7.43,-0.118,0.86
55.0,4.0,1.0,1.5,3.0,0.8,1200,0.2,63,76.2,-2.37,0.3,0.95,-0.038,12.0,-7.41,-0.118,0.86
55.0,4.0,1.0,2.5,4.5,0.8,1200,0.2,63,76.2,-2.4,0.3,0.95,-0.038,12.0,-7.44,-0.118,0.86
55.0,5.0,0.7,1.5,4.5,0.8,3600,0.8,70,77.1,-2.66,0.28,0.94,-0.038,10.75,-8.26,-0.118,0.83
55.0,5.0,0.7,2.5,3.0,0.8,3600,0.8,70,77.1,-2.66,0.28,0.94,-0.038,10.95,-8.26,-0.118,0.83
45.0,3.0,1.0,1.5,4.5,0.8,3600,0.8,218,69.3,-8.5,0.42,0.95,-0.039,27.29,-25.94,-0.119,0.84
55.0,3.0,0.7,2.5,3.0,0.8,1200,0.2,69,75.4,-2.67,0.31,0.94,-0.039,14.36,-8.19,-0.119,0.82
55.0,3.0,1.0,1.5,3.0,0.6,2400,0.2,63,73.0,-2.43,0.35,0.95,-0.039,15.42,-7.47,-0.119,0.86
55.0,3.0,1.0,1.5,4.5,0.6,7200,0.2,63,73.0,-2.47,0.35,0.95,-0.039,15.7,-7.51,-0.119,0.86
55.0,3.0,1.0,1.5,4.5,0.6,7200,0.4,63,73.0,-2.47,0.35,0.95,-0.039,15.7,-7.51,-0.119,0.86
55.0,3.0,1.0,1.5,4.5,0.8,2400,0.2,63,73.0,-2.44,0.35,0.95,-0.039,15.42,-7.48,-0.119,0.86
55.0,3.0,1.0,2.5,3.0,0.8,2400,0.2,63,73.0,-2.46,0.35,0.95,-0.039,15.42,-7.5,-0.119,0.86
55.0,4.0,0.7,2.5,4.5,0.6,,0.4,61,78.7,-2.35,0.26,0.95,-0.039,10.93,-7.23,-0.119,0.85
55.0,4.0,1.0,1.5,4.5,0.8,2400,0.4,63,77.8,-2.48,0.27,0.95,-0.039,12.0,-7.52,-0.119,0.86
55.0,4.0,1.0,2.5,4.5,0.8,2400,0.4,63,77.8,-2.44,0.27,0.95,-0.039,12.0,-7.48,-0.119,0.86
55.0,5.0,0.7,2.5,4.5,0.8,3600,0.8,70,77.1,-2.73,0.28,0.94,-0.039,10.95,-8.33,-0.119,0.83
55.0,3.0,1.0,1.5,3.0,0.8,2400,0.2,63,73.0,-2.55,0.35,0.95,-0.04,15.42,-7.59,-0.12,0.86
55.0,4.0,0.7,1.5,4.5,0.4,1200,0.2,67,79.1,-2.65,0.25,0.94,-0.04,11.97,-8.01,-0.12,0.83
55.0,4.0,0.7,1.5,4.5,0.8,1200,0.2,67,79.1,-2.66,0.25,0.94,-0.04,12.11,-8.02,-0.12,0.83
55.0,4.0,1.0,1.5,4.5,0.6,1200,0.2,63,76.2,-2.52,0.3,0.95,-0.04,12.0,-7.56,-0.12,0.86
55.0,4.0,1.0,2.5,3.0,0.8,2400,0.4,63,77.8,-2.55,0.27,0.95,-0.04,12.0,-7.59,-0.12,0.86
55.0,5.0,0.7,2.5,3.0,0.8,7200,0.2,63,84.1,-2.54,0.18,0.95,-0.04,10.22,-7.58,-0.12,0.85
55.0,5.0,0.7,2.5,3.0,0.8,7200,0.4,63,84.1,-2.54,0.18,0.95,-0.04,10.22,-7.58,-0.12,0.85
55.0,5.0,0.7,2.5,3.0,0.8,14400,0.2,61,83.6,-2.46,0.19,0.95,-0.04,11.29,-7.34,-0.12,0.86
55.0,5.0,0.7,2.5,3.0,0.8,14400,0.4,61,83.6,-2.46,0.19,0.95,-0.04,11.29,-7.34,-0.12,0.86
55.0,5.0,0.7,2.5,3.0,0.8,14400,0.8,61,83.6,-2.46,0.19,0.95,-0.04,11.29,-7.34,-0.12,0.86
55.0,3.0,0.7,2.5,4.5,0.6,1200,0.2,69,75.4,-2.82,0.31,0.94,-0.041,14.36,-8.34,-0.121,0.81
55.0,4.0,0.7,1.5,3.0,0.4,1200,0.2,67,79.1,-2.76,0.25,0.94,-0.041,11.97,-8.12,-0.121,0.83
55.0,4.0,1.0,1.5,3.0,0.6,1200,0.2,63,76.2,-2.59,0.3,0.95,-0.041,12.0,-7.63,-0.121,0.86
55.0,4.0,1.0,1.5,3.0,0.8,2400,0.4,63,77.8,-2.59,0.27,0.95,-0.041,12.0,-7.63,-0.121,0.86
55.0,4.0,1.0,2.5,3.0,0.8,1200,0.2,63,76.2,-2.61,0.3,0.95,-0.041,12.0,-7.65,-0.121,0.86
55.0,5.0,0.7,2.5,4.5,0.8,7200,0.2,63,84.1,-2.6,0.18,0.95,-0.041,10.22,-7.64,-0.121,0.85
55.0,5.0,0.7,2.5,4.5,0.8,7200,0.4,63,84.1,-2.6,0.18,0.95,-0.041,10.22,-7.64,-0.121,0.85
45.0,3.0,1.0,1.5,3.0,0.8,3600,0.8,218,69.3,-9.26,0.42,0.94,-0.042,27.18,-26.7,-0.122,0.83
55.0,3.0,0.7,2.5,3.0,0.6,1200,0.2,69,75.4,-2.89,0.31,0.93,-0.042,14.36,-8.41,-0.122,0.81
55.0,4.0,0.7,1.5,3.0,0.8,1200,0.2,67,79.1,-2.88,0.25,0.94,-0.043,12.11,-8.24,-0.123,0.83
55.0,4.0,1.0,2.5,4.5,0.6,1200,0.2,63,76.2,-2.68,0.3,0.95,-0.043,12.0,-7.72,-0.123,0.85
55.0,3.0,1.0,1.5,3.0,0.6,,0.4,63,73.0,-2.78,0.35,0.95,-0.044,16.46,-7.82,-0.124,0.85
55.0,4.0,1.0,2.5,3.0,0.6,1200,0.2,63,76.2,-2.75,0.3,0.95,-0.044,12.0,-7.79,-0.124,0.85
55.0,4.0,0.7,2.5,4.5,0.8,1200,0.2,67,79.1,-2.99,0.25,0.94,-0.045,11.83,-8.35,-0.125,0.82
55.0,5.0,0.7,1.5,3.0,0.6,14400,0.2,61,83.6,-2.77,0.19,0.94,-0.045,11.32,-7.65,-0.125,0.85
55.0,5.0,0.7,1.5,3.0,0.6,14400,0.4,61,83.6,-2.77,0.19,0.94,-0.045,11.32,-7.65,-0.125,0.85
55.0,5.0,0.7,1.5,3.0,0.6,14400,0.8,61,83.6,-2.77,0.19,0.94,-0.045,11.32,-7.65,-0.125,0.85
55.0,3.0,1.0,1.5,4.5,0.6,,0.4,63,73.0,-2.87,0.35,0.94,-0.046,16.46,-7.91,-0.126,0.85
55.0,3.0,1.0,2.5,3.0,0.8,7200,0.2,63,73.0,-2.91,0.35,0.94,-0.046,14.87,-7.95,-0.126,0.85
55.0,3.0,1.0,2.5,3.0,0.8,7200,0.4,63,73.0,-2.91,0.35,0.94,-0.046,14.87,-7.95,-0.126,0.85
55.0,5.0,0.7,2.5,4.5,0.8,14400,0.2,61,83.6,-2.83,0.18,0.94,-0.046,11.29,-7.71,-0.126,0.85
55.0,5.0,0.7,2.5,4.5,0.8,14400,0.4,61,83.6,-2.83,0.18,0.94,-0.046,11.29,-7.71,-0.126,0.85
55.0,5.0,0.7,2.5,4.5,0.8,14400,0.8,61,83.6,-2.83,0.18,0.94,-0.046,11.29,-7.71,-0.126,0.85
55.0,3.0,1.0,2.5,4.5,0.4,1200,0.2,65,70.8,-3.08,0.39,0.94,-0.047,16.35,-8.28,-0.127,0.84
55.0,3.0,1.0,2.5,4.5,0.8,7200,0.2,63,73.0,-2.97,0.35,0.94,-0.047,14.87,-8.01,-0.127,0.85
55.0,3.0,1.0,2.5,4.5,0.8,7200,0.4,63,73.0,-2.97,0.35,0.94,-0.047,14.87,-8.01,-0.127,0.85
55.0,4.0,0.7,1.5,3.0,0.6,1200,0.2,67,79.1,-3.18,0.25,0.93,-0.047,12.11,-8.54,-0.127,0.82
55.0,4.0,0.7,1.5,4.5,0.6,1200,0.2,67,79.1,-3.12,0.25,0.93,-0.047,12.11,-8.48,-0.127,0.82
55.0,5.0,0.7,1.5,4.5,0.6,14400,0.2,61,83.6,-2.86,0.18,0.94,-0.047,11.32,-7.74,-0.127,0.85
55.0,5.0,0.7,1.5,4.5,0.6,14400,0.4,61,83.6,-2.86,0.18,0.94,-0.047,11.32,-7.74,-0.127,0.85
55.0,5.0,0.7,1.5,4.5,0.6,14400,0.8,61,83.6,-2.86,0.18,0.94,-0.047,11.32,-7.74,-0.127,0.85
55.0,3.0,1.0,2.5,3.0,0.6,14400,0.2,63,73.0,-3.02,0.35,0.94,-0.048,16.13,-8.06,-0.128,0.85
55.0,3.0,1.0,2.5,3.0,0.6,14400,0.4,63,73.0,-3.02,0.35,0.94,-0.048,16.13,-8.06,-0.128,0.85
55.0,3.0,1.0,2.5,3.0,0.6,14400,0.8,63,73.0,-3.02,0.35,0.94,-0.048,16.13,-8.06,-0.128,0.85
55.0,4.0,0.7,2.5,3.0,0.8,1200,0.2,67,79.1,-3.21,0.25,0.93,-0.048,11.83,-8.57,-0.128,0.82
55.0,3.0,1.0,1.5,3.0,0.6,3600,0.2,63,73.0,-3.08,0.35,0.94,-0.049,15.45,-8.12,-0.129,0.84
55.0,3.0,1.0,1.5,3.0,0.6,3600,0.4,63,73.0,-3.08,0.35,0.94,-0.049,15.45,-8.12,-0.129,0.84
55.0,3.0,1.0,2.5,3.0,0.4,1200,0.2,65,70.8,-3.2,0.39,0.94,-0.049,16.35,-8.4,-0.129,0.84
55.0,3.0,1.0,2.5,4.5,0.6,14400,0.2,63,73.0,-3.11,0.35,0.94,-0.049,16.13,-8.15,-0.129,0.84
55.0,3.0,1.0,2.5,4.5,0.6,14400,0.4,63,73.0,-3.11,0.35,0.94,-0.049,16.13,-8.15,-0.129,0.84
55.0,3.0,1.0,2.5,4.5,0.6,14400,0.8,63,73.0,-3.11,0.35,0.94,-0.049,16.13,-8.15,-0.129,0.84
55.0,3.0,1.0,1.5,4.5,0.6,3600,0.2,63,73.0,-3.14,0.35,0.94,-0.05,15.45,-8.18,-0.13,0.84
55.0,3.0,1.0,1.5,4.5,0.6,3600,0.4,63,73.0,-3.14,0.35,0.94,-0.05,15.45,-8.18,-0.13,0.84
55.0,3.0,1.0,2.5,3.0,0.6,7200,0.2,63,73.0,-3.17,0.35,0.94,-0.05,16.0,-8.21,-0.13,0.84
55.0,3.0,1.0,2.5,3.0,0.6,7200,0.4,63,73.0,-3.17,0.35,0.94,-0.05,16.0,-8.21,-0.13,0.84
55.0,4.0,0.7,2.5,4.5,0.6,1200,0.2,67,79.1,-3.36,0.24,0.93,-0.05,11.83,-8.72,-0.13,0.82
55.0,3.0,1.0,2.5,4.5,0.6,7200,0.2,63,73.0,-3.23,0.35,0.94,-0.051,16.0,-8.27,-0.131,0.84
55.0,3.0,1.0,2.5,4.5,0.6,7200,0.4,63,73.0,-3.23,0.35,0.94,-0.051,16.0,-8.27,-0.131,0.84
55.0,4.0,0.7,2.5,3.0,0.6,1200,0.2,67,79.1,-3.43,0.24,0.93,-0.051,11.83,-8.79,-0.131,0.81
55.0,3.0,1.0,1.5,4.5,0.4,1200,0.2,65,70.8,-3.52,0.38,0.93,-0.054,16.35,-8.72,-0.134,0.83
55.0,3.0,1.0,2.5,3.0,0.6,3600,0.2,63,73.0,-3.37,0.35,0.93,-0.053,15.63,-8.41,-0.134,0.84
55.0,3.0,1.0,2.5,3.0,0.6,3600,0.4,63,73.0,-3.37,0.35,0.93,-0.053,15.63,-8.41,-0.134,0.84
55.0,3.0,1.0,2.5,4.5,0.6,3600,0.2,63,73.0,-3.43,0.34,0.93,-0.054,15.63,-8.47,-0.134,0.84
55.0,3.0,1.0,2.5,4.5,0.6,3600,0.4,63,73.0,-3.43,0.34,0.93,-0.054,15.63,-8.47,-0.134,0.84
55.0,3.0,1.0,1.5,3.0,0.8,3600,0.2,63,73.0,-3.47,0.34,0.93,-0.055,15.44,-8.51,-0.135,0.84
55.0,3.0,1.0,1.5,3.0,0.8,3600,0.4,63,73.0,-3.47,0.34,0.93,-0.055,15.44,-8.51,-0.135,0.84
55.0,5.0,0.7,2.5,4.5,0.4,3600,0.2,63,84.1,-3.49,0.18,0.93,-0.055,10.27,-8.52,-0.135,0.83
55.0,5.0,0.7,2.5,4.5,0.4,3600,0.4,63,84.1,-3.49,0.18,0.93,-0.055,10.27,-8.52,-0.135,0.83
55.0,3.0,1.0,1.5,3.0,0.4,1200,0.2,65,70.8,-3.64,0.38,0.93,-0.056,16.35,-8.84,-0.136,0.83
55.0,3.0,1.0,1.5,4.5,0.8,1200,0.2,65,70.8,-3.64,0.38,0.93,-0.056,16.52,-8.84,-0.136,0.83
55.0,3.0,1.0,1.5,4.5,0.8,3600,0.2,63,73.0,-3.53,0.34,0.93,-0.056,15.44,-8.57,-0.136,0.84
55.0,3.0,1.0,1.5,4.5,0.8,3600,0.4,63,73.0,-3.53,0.34,0.93,-0.056,15.44,-8.57,-0.136,0.84
55.0,3.0,1.0,2.5,3.0,0.6,,0.4,63,73.0,-3.55,0.34,0.93,-0.056,16.76,-8.59,-0.136,0.84
55.0,5.0,0.7,2.5,3.0,0.4,3600,0.2,63,84.1,-3.53,0.18,0.93,-0.056,10.27,-8.57,-0.136,0.83
55.0,5.0,0.7,2.5,3.0,0.4,3600,0.4,63,84.1,-3.53,0.18,0.93,-0.056,10.27,-8.57,-0.136,0.83
55.0,3.0,1.0,2.5,3.0,0.8,3600,0.2,63,73.0,-3.63,0.34,0.93,-0.058,15.43,-8.67,-0.138,0.83
55.0,3.0,1.0,2.5,3.0,0.8,3600,0.4,63,73.0,-3.63,0.34,0.93,-0.058,15.43,-8.67,-0.138,0.83
55.0,3.0,1.0,2.5,4.5,0.6,,0.4,63,73.0,-3.64,0.34,0.93,-0.058,16.76,-8.68,-0.138,0.83
55.0,3.0,1.0,1.5,3.0,0.8,1200,0.2,65,70.8,-3.86,0.38,0.92,-0.059,16.52,-9.06,-0.139,0.83
55.0,3.0,1.0,2.5,4.5,0.8,3600,0.2,63,73.0,-3.7,0.34,0.93,-0.059,15.43,-8.74,-0.139,0.83
55.0,3.0,1.0,2.5,4.5,0.8,3600,0.4,63,73.0,-3.7,0.34,0.93,-0.059,15.43,-8.74,-0.139,0.83
55.0,5.0,0.7,2.5,4.5,0.4,1200,0.4,67,76.1,-4.0,0.29,0.91,-0.06,11.12,-9.36,-0.14,0.8
55.0,5.0,0.7,2.5,4.5,0.4,2400,0.2,63,84.1,-3.76,0.17,0.92,-0.06,10.48,-8.8,-0.14,0.83
55.0,3.0,1.0,2.5,4.5,0.8,1200,0.2,65,70.8,-3.98,0.38,0.92,-0.061,16.52,-9.18,-0.141,0.83
55.0,5.0,0.7,2.5,3.0,0.4,1200,0.4,67,76.1,-4.12,0.29,0.91,-0.061,11.12,-9.48,-0.141,0.8
55.0,5.0,0.7,2.5,3.0,0.4,2400,0.2,63,84.1,-3.88,0.17,0.92,-0.062,10.48,-8.92,-0.142,0.82
55.0,3.0,1.0,1.5,4.5,0.6,1200,0.2,65,70.8,-4.09,0.38,0.92,-0.063,16.52,-9.29,-0.143,0.82
55.0,5.0,0.7,2.5,3.0,0.6,14400,0.2,61,83.6,-3.85,0.18,0.92,-0.063,11.52,-8.73,-0.143,0.83
55.0,5.0,0.7,2.5,3.0,0.6,14400,0.4,61,83.6,-3.85,0.18,0.92,-0.063,11.52,-8.73,-0.143,0.83
55.0,5.0,0.7,2.5,3.0,0.6,14400,0.8,61,83.6,-3.85,0.18,0.92,-0.063,11.52,-8.73,-0.143,0.83
55.0,3.0,1.0,1.5,3.0,0.6,1200,0.2,65,70.8,-4.16,0.38,0.92,-0.064,16.52,-9.36,-0.144,0.82
55.0,3.0,1.0,2.5,3.0,0.8,1200,0.2,65,70.8,-4.2,0.38,0.92,-0.065,16.52,-9.4,-0.145,0.82
55.0,5.0,0.7,2.5,4.5,0.6,14400,0.2,61,83.6,-3.94,0.18,0.92,-0.065,11.52,-8.82,-0.145,0.83
55.0,5.0,0.7,2.5,4.5,0.6,14400,0.4,61,83.6,-3.94,0.18,0.92,-0.065,11.52,-8.82,-0.145,0.83
55.0,5.0,0.7,2.5,4.5,0.6,14400,0.8,61,83.6,-3.94,0.18,0.92,-0.065,11.52,-8.82,-0.145,0.83
55.0,5.0,0.7,1.5,4.5,0.4,1200,0.4,67,76.1,-4.45,0.28,0.9,-0.066,11.09,-9.81,-0.146,0.79
55.0,5.0,0.7,1.5,4.5,0.8,1200,0.4,67,76.1,-4.42,0.28,0.9,-0.066,11.11,-9.79,-0.146,0.79
55.0,3.0,1.0,2.5,4.5,0.6,1200,0.2,65,70.8,-4.35,0.38,0.91,-0.067,16.52,-9.55,-0.147,0.82
55.0,3.0,1.0,2.5,3.0,0.6,1200,0.2,65,70.8,-4.41,0.38,0.91,-0.068,16.52,-9.61,-0.148,0.82
55.0,5.0,0.7,1.5,3.0,0.4,1200,0.4,67,76.1,-4.57,0.28,0.9,-0.068,11.09,-9.93,-0.148,0.79
55.0,5.0,0.7,1.5,3.0,0.8,1200,0.4,67,76.1,-4.64,0.28,0.9,-0.069,11.11,-10.0,-0.149,0.79
55.0,5.0,0.7,2.5,4.5,0.8,1200,0.4,67,76.1,-4.76,0.28,0.9,-0.071,11.51,-10.12,-0.151,0.79
55.0,5.0,0.7,1.5,3.0,0.4,3600,0.2,63,84.1,-4.55,0.17,0.91,-0.072,10.56,-9.59,-0.152,0.81
55.0,5.0,0.7,1.5,3.0,0.4,3600,0.4,63,84.1,-4.55,0.17,0.91,-0.072,10.56,-9.59,-0.152,0.81
55.0,5.0,0.7,1.5,4.5,0.4,3600,0.2,63,84.1,-4.51,0.17,0.91,-0.072,10.56,-9.55,-0.152,0.81
55.0,5.0,0.7,1.5,4.5,0.4,3600,0.4,63,84.1,-4.51,0.17,0.91,-0.072,10.56,-9.55,-0.152,0.81
55.0,5.0,0.7,2.5,4.5,0.4,2400,0.4,65,83.1,-4.67,0.18,0.91,-0.072,10.89,-9.87,-0.152,0.81
55.0,5.0,0.7,1.5,4.5,0.6,1200,0.4,67,76.1,-4.88,0.28,0.89,-0.073,11.0,-10.24,-0.153,0.78
55.0,5.0,0.7,1.5,3.0,0.6,1200,0.4,67,76.1,-4.94,0.28,0.89,-0.074,11.0,-10.31,-0.154,0.78
55.0,5.0,0.7,2.5,3.0,0.4,2400,0.4,65,83.1,-4.78,0.18,0.9,-0.074,10.89,-9.98,-0.154,0.8
55.0,5.0,0.7,2.5,3.0,0.8,1200,0.4,67,76.1,-4.98,0.28,0.89,-0.074,11.51,-10.34,-0.154,0.78
55.0,5.0,0.7,1.5,4.5,0.4,2400,0.2,63,84.1,-4.84,0.17,0.9,-0.077,10.76,-9.88,-0.157,0.81
55.0,5.0,0.7,2.5,4.5,0.6,1200,0.4,67,76.1,-5.13,0.28,0.89,-0.077,11.24,-10.49,-0.157,0.78
55.0,5.0,0.7,2.5,3.0,0.6,1200,0.4,67,76.1,-5.19,0.28,0.89,-0.077,11.24,-10.55,-0.158,0.78
55.0,5.0,0.7,1.5,3.0,0.4,2400,0.2,63,84.1,-4.96,0.17,0.9,-0.079,10.76,-10.0,-0.159,0.8
55.0,5.0,0.7,2.5,4.5,0.6,2400,0.2,63,84.1,-5.37,0.17,0.89,-0.085,10.48,-10.41,-0.165,0.8
55.0,5.0,0.7,2.5,3.0,0.6,2400,0.2,63,84.1,-5.43,0.17,0.89,-0.086,10.48,-10.47,-0.166,0.79
55.0,5.0,0.7,2.5,4.5,0.8,2400,0.2,63,84.1,-5.45,0.17,0.89,-0.087,10.48,-10.49,-0.166,0.79
55.0,5.0,0.7,1.5,4.5,0.6,2400,0.2,63,84.1,-5.47,0.17,0.89,-0.087,10.76,-10.51,-0.167,0.79
55.0,5.0,0.7,1.5,3.0,0.6,2400,0.2,63,84.1,-5.54,0.17,0.89,-0.088,10.76,-10.58,-0.168,0.79
55.0,5.0,0.7,1.5,3.0,0.6,3600,0.2,63,84.1,-5.54,0.17,0.89,-0.088,10.49,-10.58,-0.168,0.79
55.0,5.0,0.7,1.5,3.0,0.6,3600,0.4,63,84.1,-5.54,0.17,0.89,-0.088,10.49,-10.58,-0.168,0.79
55.0,5.0,0.7,1.5,4.5,0.4,2400,0.4,65,83.1,-5.74,0.18,0.89,-0.088,11.18,-10.94,-0.168,0.79
55.0,5.0,0.7,1.5,4.5,0.8,2400,0.2,63,84.1,-5.54,0.17,0.89,-0.088,10.76,-10.58,-0.168,0.79
55.0,5.0,0.7,2.5,3.0,0.8,2400,0.2,63,84.1,-5.56,0.17,0.89,-0.088,10.48,-10.6,-0.168,0.79
55.0,5.0,0.7,1.5,4.5,0.6,3600,0.2,63,84.1,-5.6,0.17,0.89,-0.089,10.49,-10.64,-0.169,0.79
55.0,5.0,0.7,1.5,4.5,0.6,3600,0.4,63,84.1,-5.6,0.17,0.89,-0.089,10.49,-10.64,-0.169,0.79
55.0,5.0,0.7,1.5,3.0,0.4,2400,0.4,65,83.1,-5.86,0.18,0.88,-0.09,11.18,-11.06,-0.17,0.78
55.0,5.0,0.7,1.5,3.0,0.8,2400,0.2,63,84.1,-5.65,0.17,0.89,-0.09,10.76,-10.69,-0.17,0.79
55.0,5.0,0.7,2.5,3.0,0.6,3600,0.2,63,84.1,-5.85,0.17,0.88,-0.093,10.38,-10.89,-0.173,0.79
55.0,5.0,0.7,2.5,3.0,0.6,3600,0.4,63,84.1,-5.85,0.17,0.88,-0.093,10.38,-10.89,-0.173,0.79
55.0,5.0,0.7,1.5,3.0,0.8,3600,0.2,63,84.1,-5.95,0.17,0.88,-0.094,10.48,-10.99,-0.174,0.78
55.0,5.0,0.7,1.5,3.0,0.8,3600,0.4,63,84.1,-5.95,0.17,0.88,-0.094,10.48,-10.99,-0.174,0.78
55.0,5.0,0.7,2.5,4.5,0.6,3600,0.2,63,84.1,-5.91,0.17,0.88,-0.094,10.38,-10.95,-0.174,0.78
55.0,5.0,0.7,2.5,4.5,0.6,3600,0.4,63,84.1,-5.91,0.17,0.88,-0.094,10.38,-10.95,-0.174,0.78
55.0,5.0,0.7,1.5,4.5,0.8,3600,0.2,63,84.1,-6.02,0.17,0.88,-0.096,10.48,-11.06,-0.175,0.78
55.0,5.0,0.7,1.5,4.5,0.8,3600,0.4,63,84.1,-6.02,0.17,0.88,-0.096,10.48,-11.06,-0.175,0.78
55.0,5.0,0.7,2.5,4.5,0.6,2400,0.4,65,83.1,-6.27,0.18,0.87,-0.096,10.89,-11.47,-0.176,0.78
55.0,5.0,0.7,2.5,3.0,0.6,2400,0.4,65,83.1,-6.34,0.18,0.87,-0.098,10.89,-11.54,-0.177,0.77
55.0,5.0,0.7,2.5,3.0,0.8,3600,0.2,63,84.1,-6.13,0.17,0.88,-0.097,10.18,-11.17,-0.177,0.78
55.0,5.0,0.7,2.5,3.0,0.8,3600,0.4,63,84.1,-6.13,0.17,0.88,-0.097,10.18,-11.17,-0.177,0.78
55.0,5.0,0.7,1.5,4.5,0.6,2400,0.4,65,83.1,-6.38,0.18,0.87,-0.098,11.18,-11.58,-0.178,0.77
55.0,5.0,0.7,2.5,4.5,0.8,2400,0.4,65,83.1,-6.35,0.18,0.87,-0.098,10.89,-11.55,-0.178,0.77
55.0,5.0,0.7,2.5,4.5,0.8,3600,0.2,63,84.1,-6.19,0.17,0.88,-0.098,10.18,-11.23,-0.178,0.78
55.0,5.0,0.7,2.5,4.5,0.8,3600,0.4,63,84.1,-6.19,0.17,0.88,-0.098,10.18,-11.23,-0.178,0.78
55.0,5.0,0.7,1.5,3.0,0.6,2400,0.4,65,83.1,-6.44,0.18,0.87,-0.099,11.18,-11.64,-0.179,0.77
55.0,5.0,0.7,1.5,4.5,0.8,2400,0.4,65,83.1,-6.45,0.18,0.87,-0.099,11.18,-11.65,-0.179,0.77
55.0,5.0,0.7,2.5,3.0,0.8,2400,0.4,65,83.1,-6.46,0.18,0.87,-0.099,10.89,-11.66,-0.179,0.77
55.0,5.0,0.7,1.5,3.0,0.8,2400,0.4,65,83.1,-6.56,0.18,0.87,-0.101,11.18,-11.76,-0.181,0.77
55.0,5.0,0.7,2.5,4.5,0.4,1200,0.2,65,81.5,-6.63,0.2,0.87,-0.102,11.33,-11.83,-0.182,0.77
55.0,5.0,0.7,2.5,3.0,0.4,1200,0.2,65,81.5,-6.75,0.2,0.87,-0.104,11.33,-11.95,-0.184,0.77
55.0,5.0,0.7,1.5,4.5,0.4,1200,0.2,65,81.5,-7.08,0.19,0.86,-0.109,11.61,-12.28,-0.189,0.76
55.0,5.0,0.7,1.5,4.5,0.8,1200,0.2,65,81.5,-7.05,0.19,0.86,-0.108,11.76,-12.25,-0.189,0.76
55.0,5.0,0.7,1.5,3.0,0.4,1200,0.2,65,81.5,-7.2,0.19,0.86,-0.111,11.61,-12.4,-0.191,0.76
55.0,5.0,0.7,1.5,3.0,0.8,1200,0.2,65,81.5,-7.27,0.19,0.85,-0.112,11.76,-12.47,-0.192,0.76
55.0,5.0,0.7,2.5,4.5,0.8,1200,0.2,65,81.5,-7.39,0.19,0.85,-0.114,11.48,-12.59,-0.194,0.75
55.0,5.0,0.7,1.5,4.5,0.6,1200,0.2,65,81.5,-7.51,0.19,0.85,-0.116,11.76,-12.71,-0.196,0.75
55.0,5.0,0.7,1.5,3.0,0.6,1200,0.2,65,81.5,-7.57,0.19,0.85,-0.116,11.76,-12.77,-0.197,0.75
55.0,5.0,0.7,2.5,3.0,0.8,1200,0.2,65,81.5,-7.6,0.19,0.85,-0.117,11.48,-12.81,-0.197,0.75
55.0,5.0,0.7,2.5,4.5,0.6,1200,0.2,65,81.5,-7.76,0.19,0.84,-0.119,11.48,-12.96,-0.199,0.75
55.0,5.0,0.7,2.5,3.0,0.6,1200,0.2,65,81.5,-7.82,0.19,0.84,-0.12,11.48,-13.02,-0.2,0.74
